// Auto-generated from pet_eat.png
// 240x320 RGB565, little-endian bytes as stored by esp_lcd.
#ifndef PET_EAT_H
#define PET_EAT_H

#include <stdint.h>

#define PET_EAT_WIDTH  240
#define PET_EAT_HEIGHT 320
#define PET_EAT_PIXELS (240*320)

const uint16_t g_pet_eat[PET_EAT_PIXELS] = {
    0x79A0, 0x7180, 0x5921, 0x5921, 0x5901, 0x38A0, 0x2860, 0x2860, 0x2860, 0x2860, 0x2860, 0x2860, 0x3080, 0x3080, 0x3080, 0x3080,
    0x3080, 0x3080, 0x3060, 0x3080, 0x3080, 0x38C0, 0x38E0, 0x38E0, 0x38E0, 0x4101, 0x4100, 0x4100, 0x4100, 0x4100, 0x4100, 0x4100,
    0x4100, 0x4100, 0x4100, 0x4100, 0x4100, 0x4100, 0x4100, 0x4901, 0x4900, 0x4900, 0x4941, 0x4921, 0x59C2, 0x7286, 0x6A65, 0x7286,
    0x7286, 0x72A6, 0x7AA7, 0x7AA6, 0x7AC7, 0x8308, 0x8328, 0x8328, 0x8B48, 0x8B69, 0x8B69, 0x9328, 0x9307, 0x9307, 0x9327, 0x9328,
    0x9348, 0x9348, 0x9348, 0x9B48, 0x9B67, 0x9B68, 0xA388, 0xABC9, 0xBC09, 0xBBE9, 0xBC09, 0xBC09, 0xBC09, 0xBC4A, 0xC4AD, 0xC50E,
    0xC50F, 0xBD0F, 0xC52F, 0xC52F, 0xC530, 0xC530, 0xC52F, 0xC54F, 0xC550, 0xC530, 0xC52F, 0xC52F, 0xC52F, 0xCD4F, 0xCD4F, 0xCD4F,
    0xCCCC, 0xC48B, 0xC46B, 0xC46B, 0xC48B, 0xC46B, 0xCC8B, 0xCC6B, 0xCCAB, 0xD4AC, 0xD50C, 0xE54E, 0xDD4D, 0xDD4E, 0xE54E, 0xE54E,
    0xE54E, 0xE56E, 0xDD4E, 0xE5AF, 0xEE53, 0xEE53, 0xEE53, 0xEE73, 0xF6F6, 0xFF16, 0xF716, 0xF716, 0xF6F6, 0xF6F6, 0xF6F6, 0xF6F6,
    0xF6F6, 0xF6F6, 0xF6F5, 0xF6D5, 0xF6D5, 0xF693, 0xEE51, 0xF694, 0xF674, 0xF694, 0xF694, 0xF694, 0xF694, 0xF6B5, 0xFEF7, 0xF6F7,
    0xF6F7, 0xF6F7, 0xF6F7, 0xF6F7, 0xF6F7, 0xF6F7, 0xFF17, 0xFF17, 0xF652, 0xEDEF, 0xEDAF, 0xEDCF, 0xEDAF, 0xEDAF, 0xEDAF, 0xEDAF,
    0xEDAF, 0xEDAF, 0xEDAF, 0xEDAF, 0xEDAF, 0xEDAF, 0xEDAF, 0xEDAF, 0xEDAF, 0xEDF0, 0xF672, 0xF695, 0xF6D7, 0xF6D6, 0xF6D6, 0xF6D6,
    0xF6D6, 0xF6D6, 0xF6D7, 0xF6F7, 0xF6D6, 0xF6D6, 0xF6D6, 0xF6D6, 0xF6D6, 0xF6F6, 0xF6D6, 0xF6F7, 0xF695, 0xEDF1, 0xEDD0, 0xEDAF,
    0xEDAF, 0xED8F, 0xED8F, 0xED8F, 0xED8F, 0xEDAF, 0xEDAF, 0xE5AF, 0xEDAF, 0xEDAF, 0xEDB0, 0xEDD0, 0xEDD0, 0xEE12, 0xF6F6, 0xF6F7,
    0xF6F7, 0xF6F7, 0xF6F6, 0xF6D6, 0xF6B5, 0xEEB5, 0xEE95, 0xEE73, 0xEE53, 0xEE53, 0xE653, 0xE612, 0xE58F, 0xE58F, 0xE58F, 0xE612,
    0xEE94, 0xE672, 0xDE0F, 0xDE0D, 0xD5EC, 0xD5EA, 0xD5EA, 0xD62B, 0xDE6C, 0xDE6C, 0xDE6D, 0xEEB0, 0xEEB1, 0xEEB0, 0xDE4F, 0xDE2E,
    0x6960, 0x5921, 0x2840, 0x2840, 0x2860, 0x2860, 0x3080, 0x3080, 0x3080, 0x3080, 0x3080, 0x3080, 0x3080, 0x3080, 0x3080, 0x3080,
    0x2880, 0x2880, 0x30A0, 0x30A0, 0x30A0, 0x38E0, 0x38E0, 0x38E0, 0x3900, 0x4100, 0x4100, 0x4100, 0x4100, 0x4100, 0x4100, 0x4100,
    0x4100, 0x4100, 0x4100, 0x4100, 0x4100, 0x4100, 0x4100, 0x4100, 0x4961, 0x5182, 0x59E3, 0x6204, 0x6A45, 0x7AC7, 0x72A6, 0x72A6,
    0x72A6, 0x72A6, 0x72A6, 0x8307, 0x8328, 0x9389, 0x93AA, 0x93AA, 0x93AA, 0x93AA, 0x93AA, 0x9389, 0x9307, 0x9328, 0x9348, 0x9348,
    0x9348, 0x9348, 0x9347, 0x9B47, 0xABA8, 0xABA8, 0xABC8, 0xB3E9, 0xBC09, 0xBC09, 0xBC09, 0xBC29, 0xBC29, 0xBC09, 0xBC4A, 0xC4CD,
    0xC50F, 0xBD2F, 0xC52F, 0xC52F, 0xC52F, 0xC530, 0xC52F, 0xC54F, 0xCD50, 0xCD50, 0xCD2F, 0xC52F, 0xC52F, 0xCD4F, 0xC52F, 0xCD4F,
    0xCD4F, 0xCD0E, 0xC4AB, 0xC46B, 0xC48B, 0xC48B, 0xC46B, 0xC44A, 0xCCAB, 0xDD2D, 0xDD2D, 0xDD2D, 0xDD2D, 0xDD6E, 0xDD6E, 0xE56E,
    0xE56E, 0xDD6E, 0xE58F, 0xE5D0, 0xE632, 0xE632, 0xEE32, 0xEE32, 0xEE52, 0xF652, 0xEE32, 0xEE31, 0xEE31, 0xEE31, 0xEE31, 0xEE31,
    0xEE11, 0xEE11, 0xEE11, 0xEE11, 0xEE11, 0xEDF0, 0xEE11, 0xF6D5, 0xF6F7, 0xF717, 0xFEF7, 0xF717, 0xF717, 0xF717, 0xF6F7, 0xF6F7,
    0xF6F7, 0xF6F7, 0xF6F7, 0xF6F7, 0xF6F7, 0xFEF7, 0xFF17, 0xFEF7, 0xFF17, 0xF694, 0xEDB0, 0xEDCF, 0xEDCF, 0xEDAF, 0xEDAF, 0xEDAF,
    0xEDAF, 0xEDAF, 0xEDAF, 0xEDAF, 0xEDAF, 0xEDAF, 0xEDAF, 0xEDCF, 0xEDCF, 0xEDCF, 0xEDAF, 0xEE11, 0xF6D6, 0xF6D6, 0xF6D6, 0xF6F7,
    0xF6D7, 0xF6D6, 0xF6F7, 0xF6F7, 0xF6D6, 0xF6D7, 0xF6F7, 0xF6F7, 0xF6F6, 0xF6D6, 0xF6D6, 0xF6D6, 0xF6D6, 0xF6B5, 0xEE11, 0xEDD0,
    0xEDF1, 0xEE12, 0xEE11, 0xEE12, 0xEE12, 0xEE12, 0xEE12, 0xEE12, 0xEE12, 0xEE12, 0xEE12, 0xF674, 0xF695, 0xF674, 0xEE94, 0xEE53,
    0xEE53, 0xEE12, 0xEE11, 0xE5D0, 0xE58F, 0xE5AF, 0xE5AF, 0xE58F, 0xE56F, 0xE58F, 0xE58F, 0xE58F, 0xE58F, 0xE58F, 0xE58F, 0xE5F1,
    0xEE53, 0xEE74, 0xEEB5, 0xEEB4, 0xDE71, 0xDE2E, 0xDE2F, 0xD62D, 0xD62A, 0xD62A, 0xD64B, 0xDE6D, 0xDE8D, 0xE66E, 0xE68E, 0xE68F,
    0x2840, 0x3060, 0x3060, 0x3080, 0x3080, 0x3080, 0x3080, 0x3080, 0x3080, 0x3080, 0x3080, 0x3080, 0x3080, 0x3060, 0x3080, 0x38C0,
    0x38C0, 0x30C0, 0x3901, 0x3901, 0x3900, 0x4100, 0x3900, 0x38E0, 0x3900, 0x3900, 0x4100, 0x3900, 0x4100, 0x4100, 0x4100, 0x4100,
    0x3900, 0x4100, 0x4100, 0x4100, 0x4100, 0x4121, 0x4941, 0x4921, 0x59E4, 0x7286, 0x7286, 0x7AA7, 0x7AA7, 0x72A7, 0x72A6, 0x72A6,
    0x7AC7, 0x7B08, 0x7B08, 0x8B69, 0x9389, 0x9389, 0x938A, 0x93AA, 0x93AA, 0x93AA, 0x9BCA, 0x9BCA, 0x9BA9, 0x9368, 0x9348, 0x9368,
    0x9B48, 0x9B68, 0x9B68, 0xA388, 0xB3E9, 0xB409, 0xB409, 0xBC09, 0xBC09, 0xBC09, 0xBC29, 0xBC29, 0xBC29, 0xBC2A, 0xBC29, 0xBC4A,
    0xC50E, 0xC530, 0xC52F, 0xC52F, 0xC530, 0xC550, 0xC550, 0xC550, 0xCD50, 0xCD50, 0xCD50, 0xCD50, 0xCD4F, 0xCD2F, 0xC52F, 0xCD4F,
    0xCD4F, 0xCD4F, 0xCCED, 0xCCAC, 0xCCAC, 0xC4AC, 0xD54F, 0xDDB0, 0xDDB0, 0xE5D1, 0xE5F1, 0xE5F1, 0xE5F1, 0xE632, 0xE653, 0xE653,
    0xE653, 0xE654, 0xEE54, 0xEE54, 0xEE54, 0xEE32, 0xEDD0, 0xEDF0, 0xEDF0, 0xEDF0, 0xF5F0, 0xEDF0, 0xEDF0, 0xEDF0, 0xEDF0, 0xEDF0,
    0xEDF0, 0xEDF0, 0xEDEF, 0xEDF0, 0xEDF0, 0xEDF0, 0xEDEF, 0xEDF0, 0xF694, 0xF6F7, 0xF6F7, 0xF6F6, 0xF6F7, 0xF6F6, 0xFEF7, 0xF717,
    0xF6F7, 0xF6F7, 0xF6F7, 0xF6F7, 0xFF17, 0xFF17, 0xFEF7, 0xFF17, 0xFF17, 0xFEF7, 0xF6D5, 0xEDF0, 0xEDAF, 0xEDCF, 0xEDAF, 0xEDAF,
    0xEDAF, 0xEDCF, 0xEDAF, 0xEDAF, 0xEDAF, 0xEDAF, 0xEDCF, 0xEDCF, 0xEDB0, 0xEDCF, 0xEDB0, 0xEDCF, 0xEDD0, 0xF674, 0xF6F7, 0xF6F7,
    0xF6F7, 0xF6F7, 0xF6F7, 0xF6F7, 0xF6F7, 0xFEF7, 0xF695, 0xF694, 0xF673, 0xEDF1, 0xEDF1, 0xEDF1, 0xEDF1, 0xEDF1, 0xEDF0, 0xEDD0,
    0xF653, 0xF6F7, 0xF6F7, 0xF6F7, 0xF6F7, 0xF6F7, 0xF6F7, 0xFEF8, 0xFEF8, 0xFEF8, 0xFEF8, 0xF6F7, 0xF6F7, 0xF6F8, 0xF6D7, 0xF6B6,
    0xF695, 0xEDAF, 0xED8E, 0xE58F, 0xE58F, 0xE58F, 0xE58F, 0xE58F, 0xE58F, 0xE58F, 0xE58F, 0xE58F, 0xE58F, 0xE58E, 0xE58F, 0xE58E,
    0xE56E, 0xEE12, 0xEE95, 0xEE95, 0xEEB6, 0xEE95, 0xEEB6, 0xE693, 0xDE50, 0xDE6F, 0xDE4D, 0xD62A, 0xD62A, 0xD629, 0xD629, 0xD62A,
    0x2860, 0x3060, 0x3060, 0x3080, 0x3080, 0x3080, 0x3080, 0x3080, 0x3080, 0x3080, 0x3080, 0x30A0, 0x30A0, 0x30A0, 0x38E0, 0x4121,
    0x4121, 0x4121, 0x4121, 0x4121, 0x4141, 0x4121, 0x4100, 0x4100, 0x3900, 0x3900, 0x4100, 0x4100, 0x4100, 0x3900, 0x4100, 0x4100,
    0x40E0, 0x40E0, 0x4101, 0x4941, 0x4941, 0x59C3, 0x6A24, 0x6224, 0x6A44, 0x6A65, 0x7286, 0x72A6, 0x72A6, 0x7AA6, 0x7AC7, 0x7AE7,
    0x8328, 0x938A, 0x9389, 0x9389, 0x9389, 0x93AA, 0x93AA, 0x93AA, 0x9BAA, 0x9BCA, 0x9BCA, 0x9BEA, 0x9BEB, 0x9B89, 0x9B47, 0x9B47,
    0x9B47, 0xABC8, 0xB409, 0xB3E8, 0xB3E8, 0xB3E9, 0xBBE9, 0xBC09, 0xBC09, 0xBC29, 0xBC29, 0xBC29, 0xBC29, 0xBC29, 0xBC29, 0xBC2A,
    0xBC6B, 0xC50F, 0xC52F, 0xC52F, 0xC52F, 0xC52F, 0xC52F, 0xC52F, 0xC52F, 0xC52F, 0xC52F, 0xCD2F, 0xC4CC, 0xC48B, 0xC4AC, 0xC4AC,
    0xC4AC, 0xCCAC, 0xCCCB, 0xD54E, 0xDDD1, 0xDDD1, 0xE653, 0xEE74, 0xE674, 0xE674, 0xE674, 0xE695, 0xE695, 0xE675, 0xE674, 0xE675,
    0xEE75, 0xEE95, 0xEE95, 0xEE95, 0xEEB6, 0xEE95, 0xEE31, 0xF610, 0xF5F0, 0xF610, 0xF610, 0xF610, 0xF610, 0xF610, 0xF610, 0xF610,
    0xEDF0, 0xEDF0, 0xEDF0, 0xEDF0, 0xEDF0, 0xEDF0, 0xEDF0, 0xEDF0, 0xEDF0, 0xF673, 0xF6F6, 0xF6F7, 0xFEF7, 0xFF17, 0xFF17, 0xFF17,
    0xFEF7, 0xFEF7, 0xFF17, 0xFF17, 0xFF17, 0xFF17, 0xFF17, 0xFF17, 0xFF17, 0xFF17, 0xFF17, 0xF6B5, 0xEE11, 0xEDD0, 0xEDAF, 0xEDCF,
    0xEDD0, 0xEDD0, 0xEDCF, 0xEDCF, 0xEDCF, 0xEDAF, 0xEDAF, 0xEDAF, 0xEDAF, 0xEDCF, 0xEDD0, 0xEDF0, 0xEDD0, 0xF633, 0xF6B5, 0xF653,
    0xEE12, 0xF632, 0xF632, 0xF632, 0xF632, 0xF632, 0xEDD0, 0xEDB0, 0xEDB0, 0xEDB0, 0xEDB0, 0xEDB0, 0xEDD0, 0xEDD0, 0xEDD0, 0xEDD0,
    0xEDF1, 0xF6B5, 0xF6F7, 0xF6D7, 0xF6F7, 0xF6F7, 0xF6F7, 0xF6F7, 0xF6F7, 0xF6F7, 0xF6F7, 0xF6F7, 0xF6F7, 0xF6F7, 0xF6F7, 0xF718,
    0xF6F7, 0xEE33, 0xEE12, 0xEDAF, 0xED8F, 0xE5AF, 0xE58F, 0xE58F, 0xE58F, 0xE58F, 0xE58F, 0xE58F, 0xE58F, 0xE58F, 0xE58F, 0xE58F,
    0xE58F, 0xE58F, 0xE5AF, 0xEDF1, 0xEE95, 0xEE96, 0xEE96, 0xEE96, 0xEEB6, 0xEEB6, 0xEEB5, 0xEE93, 0xE692, 0xDE6F, 0xDE4E, 0xDE6E,
    0x3060, 0x3060, 0x3080, 0x3080, 0x3080, 0x3080, 0x3080, 0x3080, 0x3080, 0x3080, 0x3080, 0x3900, 0x4100, 0x4101, 0x4121, 0x4100,
    0x4121, 0x4121, 0x4121, 0x4141, 0x4141, 0x4141, 0x3900, 0x4100, 0x4100, 0x4100, 0x4100, 0x4100, 0x4100, 0x4100, 0x4100, 0x4100,
    0x4100, 0x40E0, 0x5182, 0x6224, 0x6204, 0x6A24, 0x6A24, 0x6A44, 0x6A45, 0x6A64, 0x7265, 0x7AE7, 0x82E7, 0x7B07, 0x8B69, 0x8B8A,
    0x8B89, 0x8B8A, 0x9389, 0x938A, 0x93AA, 0x93AA, 0x93AA, 0x9BCA, 0x9BCA, 0x9BCA, 0x9BEB, 0x9BEB, 0xA3EB, 0xA3EA, 0xA388, 0xA388,
    0xABC9, 0xB3E9, 0xB409, 0xB3E9, 0xB3E9, 0xB409, 0xB409, 0xBC2A, 0xBC29, 0xBC2A, 0xBC4B, 0xBC6B, 0xBC6B, 0xC4AC, 0xC4CD, 0xC4CD,
    0xC4ED, 0xC50E, 0xC48B, 0xC48B, 0xC48B, 0xC48B, 0xC46B, 0xC46B, 0xC46B, 0xC46B, 0xC46B, 0xC46B, 0xC46A, 0xC46A, 0xC46A, 0xC46A,
    0xC48B, 0xCCCB, 0xD4EC, 0xDD2D, 0xEE53, 0xE674, 0xE654, 0xE654, 0xE654, 0xEE54, 0xE674, 0xE674, 0xE674, 0xE674, 0xE674, 0xEE74,
    0xEE75, 0xEE75, 0xEE75, 0xEEB5, 0xF6F6, 0xFF37, 0xFF17, 0xF693, 0xEE31, 0xF5F0, 0xF610, 0xF610, 0xF610, 0xF610, 0xF610, 0xF610,
    0xEDF0, 0xEDF0, 0xEDF0, 0xEDF0, 0xEDF0, 0xEDF0, 0xEDF0, 0xEDF0, 0xEDF0, 0xEDF0, 0xEE11, 0xF6F5, 0xF717, 0xFF17, 0xFF17, 0xFF17,
    0xFF17, 0xFF17, 0xFF17, 0xFF17, 0xFF17, 0xFF17, 0xFF18, 0xFF17, 0xFF37, 0xFF37, 0xFF17, 0xFF17, 0xFF37, 0xF652, 0xEDCF, 0xEDF0,
    0xEDF0, 0xEDF0, 0xEDF0, 0xEDF0, 0xEE32, 0xF674, 0xF674, 0xF694, 0xF694, 0xF6D6, 0xFEF7, 0xFEF7, 0xFEF7, 0xFF17, 0xFF17, 0xF6B5,
    0xEE32, 0xEDB0, 0xEDB0, 0xEDD0, 0xEDD0, 0xEDAF, 0xEDCF, 0xEDD0, 0xEDD0, 0xEDD0, 0xEDD0, 0xEDD0, 0xEDD0, 0xEDD0, 0xEDD0, 0xEDD0,
    0xEDD0, 0xEE11, 0xF674, 0xFEF7, 0xF6F7, 0xF6F7, 0xFEF7, 0xFEF8, 0xF6F7, 0xF6F7, 0xF6F7, 0xF6F7, 0xF6F7, 0xF6F7, 0xF6F7, 0xF6F7,
    0xF6F7, 0xF6F7, 0xF6D7, 0xEE74, 0xEE12, 0xE58F, 0xE58E, 0xE58F, 0xE58F, 0xE58F, 0xE58F, 0xE58F, 0xE58F, 0xE58F, 0xE58F, 0xE58F,
    0xE56F, 0xE56E, 0xED6F, 0xE56E, 0xE612, 0xEE95, 0xEE75, 0xEE75, 0xEE95, 0xEE96, 0xEE96, 0xEE96, 0xEEB6, 0xEEB6, 0xEE96, 0xEE96,
    0x3060, 0x3060, 0x3080, 0x3080, 0x3080, 0x3060, 0x30A0, 0x3900, 0x38E0, 0x38E1, 0x4101, 0x4100, 0x4100, 0x4100, 0x4121, 0x4141,
    0x4162, 0x4161, 0x4141, 0x4961, 0x4961, 0x4962, 0x4141, 0x4100, 0x4100, 0x4100, 0x4100, 0x4100, 0x4100, 0x4100, 0x40E0, 0x4941,
    0x6A24, 0x6A24, 0x6A24, 0x6A45, 0x6A24, 0x6A24, 0x6A24, 0x6A44, 0x6A44, 0x6A44, 0x7265, 0x8B28, 0x8B49, 0x8B69, 0x938A, 0x938A,
    0x938A, 0x93AA, 0x938A, 0x9389, 0x938A, 0x93AA, 0x9BAA, 0x9BAA, 0x9B89, 0x9B89, 0x9B89, 0x9B89, 0xA3C9, 0xA3C9, 0xB40A, 0xBC6C,
    0xBC8C, 0xBCAD, 0xC4CE, 0xC4EE, 0xC4EE, 0xC4EE, 0xC50E, 0xC50F, 0xC52F, 0xC52F, 0xC52F, 0xC54F, 0xCD4F, 0xCD50, 0xCD70, 0xCD70,
    0xCD70, 0xCD4F, 0xC4ED, 0xC46B, 0xC44A, 0xC46A, 0xC46A, 0xC46A, 0xCC6A, 0xC46A, 0xCC6A, 0xCC6A, 0xC46A, 0xCC8A, 0xCC8A, 0xCC8A,
    0xD4CB, 0xE54D, 0xE56D, 0xE56D, 0xE5AF, 0xE612, 0xE674, 0xE674, 0xE674, 0xEE74, 0xEE74, 0xEE74, 0xEE74, 0xEE74, 0xEE74, 0xE674,
    0xEE95, 0xEEB6, 0xEEB6, 0xF717, 0xFF37, 0xFF37, 0xFF38, 0xFF37, 0xFEF5, 0xF632, 0xF610, 0xF610, 0xF610, 0xF610, 0xF610, 0xF610,
    0xF5F0, 0xF5F0, 0xF610, 0xEDF0, 0xEDF0, 0xEDF0, 0xEDF0, 0xEDD0, 0xEDF0, 0xEDD0, 0xEDD0, 0xEDF1, 0xF6D6, 0xFF17, 0xFEF6, 0xFEF6,
    0xFED6, 0xFED6, 0xFED5, 0xFED5, 0xF6B4, 0xFEB4, 0xFEB4, 0xF6B4, 0xF693, 0xF693, 0xF673, 0xF673, 0xF673, 0xF632, 0xF610, 0xF673,
    0xF6F7, 0xF6F7, 0xF6F6, 0xFEF7, 0xFF17, 0xFF38, 0xFF38, 0xFF38, 0xFF38, 0xFF38, 0xFF38, 0xFF38, 0xFF38, 0xFF38, 0xFF38, 0xFF38,
    0xFF17, 0xF674, 0xF612, 0xF5D0, 0xF5D0, 0xEDD0, 0xEDD0, 0xEDD0, 0xEDD0, 0xEDCF, 0xEDCF, 0xEDD0, 0xEDD0, 0xEDD0, 0xEDD0, 0xEDD0,
    0xEDD0, 0xEDAF, 0xEDF1, 0xF633, 0xEE74, 0xF6F7, 0xFEF8, 0xF6F8, 0xF6F7, 0xF6F7, 0xF6F7, 0xF6F7, 0xF6F7, 0xF6F7, 0xF6F7, 0xF6F7,
    0xF6F7, 0xF6F7, 0xF6D7, 0xF6F8, 0xF6D7, 0xEE54, 0xEE32, 0xE58F, 0xE58F, 0xE58F, 0xE56F, 0xE56F, 0xE56F, 0xE56F, 0xE56F, 0xE58F,
    0xEDD1, 0xEDF1, 0xEDF1, 0xEDD1, 0xEE13, 0xE654, 0xE654, 0xE654, 0xEE54, 0xEE12, 0xE613, 0xE612, 0xE612, 0xE612, 0xE612, 0xE612,
    0x3080, 0x3080, 0x30A0, 0x30A0, 0x38A0, 0x30A0, 0x38C0, 0x3900, 0x4100, 0x4100, 0x4121, 0x4121, 0x4121, 0x4121, 0x4121, 0x4962,
    0x4962, 0x4962, 0x4962, 0x4962, 0x4962, 0x4962, 0x4962, 0x4121, 0x4100, 0x40E0, 0x4100, 0x38E0, 0x4941, 0x61E3, 0x59E3, 0x61E3,
    0x6A45, 0x6A45, 0x6A45, 0x6A45, 0x7265, 0x7265, 0x7285, 0x72A6, 0x7AE6, 0x7AE7, 0x82E7, 0x8B28, 0x8B27, 0x8B28, 0x9348, 0x9348,
    0x9347, 0x9327, 0x9327, 0x9327, 0x9327, 0x9327, 0x9B47, 0x9B47, 0x9B47, 0x9B47, 0x9B47, 0x9B67, 0xB409, 0xBC29, 0xBC09, 0xC4CD,
    0xC50F, 0xC50F, 0xC50F, 0xC52F, 0xC52F, 0xC52F, 0xC54F, 0xC550, 0xCD50, 0xCD70, 0xCD70, 0xCD70, 0xCD70, 0xCD50, 0xCD50, 0xCD50,
    0xCD50, 0xCD70, 0xCD70, 0xC4CD, 0xC48B, 0xC46A, 0xCC6A, 0xCC6A, 0xCC6A, 0xCC6A, 0xCC6A, 0xCC8A, 0xCC8A, 0xC46A, 0xD4CB, 0xE54D,
    0xDD4D, 0xE54D, 0xE54D, 0xE56D, 0xDD4D, 0xE5D0, 0xEE53, 0xE674, 0xE674, 0xEE74, 0xEE74, 0xEE74, 0xEE74, 0xEE74, 0xEE75, 0xEE95,
    0xF6D6, 0xFF37, 0xFF38, 0xFF18, 0xFF38, 0xFF38, 0xFF37, 0xFF38, 0xFF38, 0xFEF5, 0xF652, 0xF611, 0xF610, 0xF610, 0xF610, 0xF610,
    0xF610, 0xF610, 0xF610, 0xF610, 0xEE31, 0xF631, 0xF631, 0xF631, 0xEE31, 0xEE31, 0xF632, 0xEE32, 0xF6D5, 0xF6B5, 0xF631, 0xF631,
    0xF631, 0xF610, 0xEE10, 0xF610, 0xF610, 0xF610, 0xF5F0, 0xF5F0, 0xF5F0, 0xF5F0, 0xF5F0, 0xF5F0, 0xF5F0, 0xF5F0, 0xF5F0, 0xEE31,
    0xF6D6, 0xF6F7, 0xFF18, 0xFF18, 0xFF18, 0xFF17, 0xFF38, 0xFF18, 0xFF18, 0xFF18, 0xFF18, 0xFF38, 0xFF38, 0xFF38, 0xFF38, 0xFF38,
    0xFF38, 0xFF58, 0xF6D6, 0xF611, 0xF5F0, 0xF5D0, 0xEDD0, 0xEDD0, 0xEDD0, 0xEDD0, 0xEDCF, 0xEDD0, 0xEDD0, 0xEDD0, 0xEDB0, 0xEDD0,
    0xEDD0, 0xEDD0, 0xEDD0, 0xE5AF, 0xEDF1, 0xF6B5, 0xF6D7, 0xF6F8, 0xF6F8, 0xF6F8, 0xFF18, 0xFF18, 0xFF18, 0xFEF8, 0xF6F8, 0xF6F8,
    0xF6F7, 0xF6B6, 0xF6D6, 0xF6D6, 0xF6D6, 0xF6F7, 0xF6B5, 0xEDB0, 0xEDAF, 0xEDB0, 0xEDD1, 0xEDD1, 0xEDD1, 0xE5D1, 0xEDF1, 0xEDF2,
    0xF6B6, 0xF6F7, 0xF6F7, 0xF6F7, 0xF6F7, 0xF6D7, 0xF6D7, 0xF6F7, 0xF6B6, 0xE5D1, 0xE5D0, 0xE590, 0xE5B0, 0xE58F, 0xE58F, 0xE58F,
    0x3080, 0x30A0, 0x38E0, 0x40E0, 0x4100, 0x4100, 0x4100, 0x4100, 0x4100, 0x4100, 0x4121, 0x4121, 0x4121, 0x4121, 0x4962, 0x4962,
    0x4962, 0x4962, 0x4962, 0x4962, 0x4962, 0x4962, 0x4962, 0x4941, 0x4941, 0x51A2, 0x59E4, 0x59E3, 0x6204, 0x6A65, 0x6A45, 0x6A45,
    0x6A45, 0x6A45, 0x6A45, 0x7286, 0x8328, 0x8348, 0x8B68, 0x8B89, 0x93CA, 0x93CA, 0x9BCA, 0x93A9, 0x8B27, 0x8B07, 0x9307, 0x9306,
    0x9306, 0x9306, 0x9306, 0x9326, 0x9306, 0x9326, 0x9B27, 0x9346, 0xA387, 0xB3E8, 0xB3E8, 0xB3E8, 0xBC09, 0xBC29, 0xBC29, 0xBC4A,
    0xC4AC, 0xC52F, 0xC52F, 0xC52F, 0xC52F, 0xC52F, 0xC54F, 0xC54F, 0xCD50, 0xCD70, 0xCD70, 0xCD70, 0xCD70, 0xCD50, 0xCD70, 0xCD50,
    0xCD70, 0xCD70, 0xCD70, 0xCD70, 0xCCED, 0xCC6A, 0xCC6A, 0xCC6A, 0xCC6A, 0xCC6A, 0xCC6A, 0xD4AB, 0xDD0C, 0xDD0C, 0xDD2C, 0xE54D,
    0xE54D, 0xE54D, 0xE54D, 0xE56D, 0xE56D, 0xE56D, 0xE5AF, 0xEE53, 0xE674, 0xEE94, 0xEE95, 0xEE75, 0xEE95, 0xEE95, 0xEED6, 0xFF37,
    0xFF17, 0xFF37, 0xFF37, 0xFF17, 0xFF17, 0xFF17, 0xFF17, 0xFF37, 0xFF17, 0xFF17, 0xFF36, 0xF652, 0xF610, 0xF611, 0xF611, 0xF631,
    0xF631, 0xF631, 0xF611, 0xF6B4, 0xFF37, 0xFF37, 0xFF37, 0xFF37, 0xFF37, 0xFF38, 0xFF38, 0xFF38, 0xFF38, 0xFF38, 0xF6D5, 0xF610,
    0xF630, 0xF631, 0xF631, 0xF631, 0xF631, 0xF611, 0xF611, 0xF611, 0xF610, 0xF610, 0xF610, 0xF610, 0xF610, 0xF610, 0xF610, 0xF610,
    0xEDF1, 0xF693, 0xFF17, 0xFF17, 0xFF18, 0xFF37, 0xFF38, 0xFF38, 0xFF38, 0xFF38, 0xFF38, 0xFF38, 0xFF38, 0xFF38, 0xFF38, 0xFF38,
    0xFF38, 0xFF38, 0xFF38, 0xFF58, 0xF6B4, 0xEDD0, 0xEDD0, 0xEDD0, 0xEDD0, 0xEDD0, 0xEDD0, 0xEDD0, 0xEDD0, 0xEDD0, 0xEDB0, 0xEDD0,
    0xEDD0, 0xEDB0, 0xEDAF, 0xEDAF, 0xEDB0, 0xEDD0, 0xF694, 0xFEF8, 0xF6D7, 0xF6B6, 0xF6B5, 0xF6B5, 0xF6B5, 0xF6B5, 0xF6B5, 0xF6B5,
    0xF653, 0xEDD0, 0xEDF1, 0xEDF1, 0xEDF1, 0xEDF1, 0xEDD1, 0xEDD0, 0xEDB0, 0xF653, 0xFF17, 0xF6F7, 0xF6F7, 0xF6F7, 0xF6F7, 0xF6F7,
    0xF6F7, 0xF6F7, 0xF6F7, 0xF6F7, 0xF6F7, 0xF6F7, 0xF6D7, 0xF6F7, 0xF6D7, 0xF6D7, 0xF6B5, 0xEE12, 0xE58F, 0xE58F, 0xE58F, 0xE58F,
    0x3080, 0x30A0, 0x40E0, 0x4100, 0x4100, 0x4100, 0x4100, 0x4100, 0x4100, 0x4100, 0x4100, 0x4100, 0x4100, 0x4100, 0x4121, 0x4121,
    0x4120, 0x4100, 0x4100, 0x4100, 0x4901, 0x4921, 0x4921, 0x4100, 0x59A2, 0x6245, 0x6A45, 0x6A65, 0x6A65, 0x6A45, 0x7AC7, 0x7B08,
    0x8308, 0x8328, 0x8328, 0x8348, 0x8B69, 0x9389, 0x9389, 0x93AA, 0x93AA, 0x93AA, 0x93CA, 0x9BCA, 0x9368, 0x8B07, 0x9327, 0x9326,
    0x9326, 0x9B26, 0x9B27, 0x9326, 0x9B47, 0xA367, 0xA387, 0xA367, 0xABC8, 0xC429, 0xBC29, 0xBC29, 0xBC29, 0xBC29, 0xBC29, 0xBC29,
    0xC46B, 0xC50E, 0xC52F, 0xC52F, 0xC52F, 0xC54F, 0xCD4F, 0xCD50, 0xCD70, 0xCD70, 0xCD70, 0xCD70, 0xCD70, 0xCD70, 0xCD70, 0xCD70,
    0xCD70, 0xCD70, 0xCD70, 0xCD70, 0xCD70, 0xCCED, 0xCC6A, 0xCC8A, 0xCC8B, 0xD4AB, 0xCC8A, 0xD4CB, 0xDD2C, 0xDD2C, 0xDD2C, 0xE54D,
    0xDD2C, 0xDD4C, 0xE54D, 0xE54D, 0xE54D, 0xE54D, 0xE54D, 0xE5D0, 0xEE53, 0xEE53, 0xEE32, 0xEE32, 0xF673, 0xF673, 0xF693, 0xF693,
    0xF693, 0xF693, 0xF673, 0xF652, 0xF652, 0xF652, 0xF652, 0xF652, 0xF652, 0xF652, 0xF652, 0xF693, 0xFEF5, 0xF716, 0xFF17, 0xFF16,
    0xFF37, 0xFF37, 0xFF37, 0xFF38, 0xFF38, 0xFF38, 0xFF38, 0xFF38, 0xFF38, 0xFF38, 0xFF38, 0xFF38, 0xFF38, 0xFF38, 0xFF37, 0xFEF6,
    0xF652, 0xF610, 0xF631, 0xF631, 0xF631, 0xF631, 0xF631, 0xF611, 0xF611, 0xF610, 0xF610, 0xF610, 0xF610, 0xF610, 0xF611, 0xF611,
    0xF5F0, 0xF611, 0xF652, 0xFF17, 0xFF38, 0xFF38, 0xFF38, 0xFF38, 0xFF38, 0xFF38, 0xFF38, 0xFF38, 0xFF38, 0xFF38, 0xFF58, 0xFF38,
    0xFF58, 0xFF58, 0xFF58, 0xFF58, 0xFF38, 0xF6F5, 0xEDF0, 0xEDAF, 0xEDAF, 0xEDAF, 0xEDAF, 0xEDAF, 0xEDAF, 0xEDAF, 0xEDD0, 0xEDD0,
    0xEDB0, 0xEDF1, 0xF653, 0xF653, 0xF694, 0xF6B5, 0xF6B5, 0xF6D7, 0xF6B5, 0xEDD0, 0xEDAF, 0xEDD0, 0xEDD0, 0xEDD0, 0xEDD0, 0xEDD0,
    0xEDD0, 0xEDD0, 0xEDD0, 0xEDD0, 0xEDD0, 0xEDD0, 0xEDD0, 0xEDD0, 0xEDB0, 0xEE12, 0xF695, 0xF6F7, 0xF6F7, 0xF6F7, 0xF6F7, 0xF6F7,
    0xF6F7, 0xF6F7, 0xF6F7, 0xF6F7, 0xF6F7, 0xF6F7, 0xF6F7, 0xF6D7, 0xF6F7, 0xF6D7, 0xF6F7, 0xF6D7, 0xEE54, 0xEE12, 0xE58F, 0xE58F,
    0x38A0, 0x38C0, 0x40E0, 0x4100, 0x4100, 0x4100, 0x4100, 0x4100, 0x4100, 0x4100, 0x4100, 0x40E0, 0x4100, 0x40E0, 0x40E0, 0x40E0,
    0x4100, 0x40E0, 0x40E0, 0x40E0, 0x4900, 0x4900, 0x4900, 0x48E0, 0x59C3, 0x6225, 0x6225, 0x72A6, 0x72C7, 0x72C7, 0x8349, 0x8B69,
    0x8B69, 0x8B6A, 0x8B6A, 0x8B89, 0x93AA, 0x93AA, 0x93AA, 0x93AA, 0x93CA, 0x93CA, 0x9BCA, 0x9BCA, 0x9BCA, 0x9B88, 0x9327, 0x9327,
    0x9B27, 0x9B26, 0x9B06, 0x9B26, 0xABA7, 0xB3E8, 0xC429, 0xBC29, 0xBC29, 0xBC29, 0xBC29, 0xBC29, 0xBC29, 0xBC29, 0xC449, 0xC44A,
    0xBC29, 0xC48B, 0xC52F, 0xC52F, 0xC54F, 0xCD4F, 0xCD50, 0xCD50, 0xCD50, 0xCD70, 0xCD70, 0xCD70, 0xCD70, 0xCD70, 0xCD70, 0xCD70,
    0xCD70, 0xCD70, 0xCD70, 0xCD70, 0xCD90, 0xD56F, 0xCCAB, 0xCC69, 0xD4AB, 0xDD2C, 0xDD2C, 0xDD2C, 0xDD4D, 0xDD4D, 0xE56E, 0xDD6E,
    0xEDF0, 0xEE32, 0xEE32, 0xEE32, 0xEE32, 0xEE32, 0xEE32, 0xEE53, 0xEE74, 0xEE94, 0xEDF0, 0xEDEF, 0xF610, 0xF610, 0xF610, 0xF610,
    0xF610, 0xF610, 0xF610, 0xF610, 0xF610, 0xF630, 0xF630, 0xF630, 0xF630, 0xF630, 0xF631, 0xF651, 0xF651, 0xFF36, 0xFF78, 0xFF58,
    0xFF58, 0xFF58, 0xFF58, 0xFF59, 0xFF58, 0xFF58, 0xFF58, 0xFF39, 0xFF38, 0xFF38, 0xFF38, 0xFF38, 0xFF38, 0xFF38, 0xFF38, 0xFF38,
    0xF6D5, 0xF693, 0xF651, 0xF631, 0xF631, 0xF631, 0xF631, 0xF631, 0xF611, 0xF611, 0xF610, 0xF610, 0xF610, 0xF611, 0xF5F1, 0xF611,
    0xF611, 0xF611, 0xF611, 0xF652, 0xF693, 0xFF17, 0xFF38, 0xFF38, 0xFF38, 0xFF38, 0xFF38, 0xFF38, 0xFF38, 0xFF38, 0xFF37, 0xFF37,
    0xFF37, 0xFF37, 0xFF37, 0xFF17, 0xFF17, 0xFF36, 0xF632, 0xF5F0, 0xEE32, 0xF673, 0xF673, 0xF673, 0xF673, 0xF673, 0xF6B5, 0xF6F6,
    0xF6D6, 0xF6F7, 0xFF38, 0xFF38, 0xFF38, 0xFF38, 0xFF38, 0xF738, 0xFF17, 0xEE12, 0xEDF1, 0xEDD0, 0xEDD0, 0xEDD0, 0xEDD0, 0xEDD0,
    0xEDD1, 0xEDD0, 0xEDD0, 0xEDD0, 0xEDD0, 0xEDD0, 0xEDD0, 0xEDD0, 0xEDD0, 0xEDD0, 0xEDD1, 0xF695, 0xF6B6, 0xF6F7, 0xF6F7, 0xF6F7,
    0xF6F7, 0xF6F7, 0xF6F7, 0xF6F7, 0xF6F7, 0xF6F7, 0xF6F7, 0xF6D7, 0xF6F7, 0xF6F7, 0xF6D7, 0xF6D7, 0xF6F8, 0xF6D7, 0xEE54, 0xEDF2,
    0x4100, 0x4100, 0x4100, 0x4120, 0x4100, 0x4100, 0x4100, 0x4100, 0x40E0, 0x40E0, 0x40E0, 0x40E0, 0x40E0, 0x4100, 0x4100, 0x40E0,
    0x4100, 0x4100, 0x4100, 0x4100, 0x4921, 0x5161, 0x5161, 0x5141, 0x59C3, 0x6A65, 0x7286, 0x8349, 0x8B69, 0x8B49, 0x8B49, 0x8B49,
    0x8B69, 0x8B69, 0x8B69, 0x938A, 0x93AA, 0x93AA, 0x93CA, 0x9BCA, 0x9BCA, 0x9BCA, 0x9BEA, 0x9BEB, 0xA40B, 0xA3CA, 0x9347, 0x9B27,
    0x9B27, 0xAB87, 0xABA8, 0xABA7, 0xB3C8, 0xBC08, 0xBC29, 0xBC29, 0xBC29, 0xBC29, 0xBC29, 0xBC29, 0xBC29, 0xC449, 0xC44A, 0xC44A,
    0xC44A, 0xC46A, 0xC46B, 0xC50E, 0xCD70, 0xCD50, 0xCD70, 0xCD70, 0xCD70, 0xCD70, 0xCD70, 0xCD70, 0xCD70, 0xCD70, 0xCD6F, 0xCD0E,
    0xCCED, 0xCCED, 0xCCED, 0xCCCC, 0xCCCC, 0xCCCC, 0xCCAB, 0xD54E, 0xE5D1, 0xE612, 0xE612, 0xE632, 0xEE73, 0xEE74, 0xEE74, 0xEE74,
    0xEEB5, 0xEEB6, 0xEEB6, 0xEEB6, 0xEEB6, 0xEEB5, 0xEEB6, 0xEED6, 0xF6F6, 0xF6F7, 0xF6D5, 0xF673, 0xF5F0, 0xF631, 0xF630, 0xF630,
    0xF630, 0xF630, 0xF630, 0xF630, 0xF630, 0xF631, 0xF631, 0xF631, 0xF631, 0xF631, 0xF631, 0xF631, 0xF630, 0xF651, 0xF6B3, 0xFF58,
    0xFF58, 0xFF58, 0xFF58, 0xFF58, 0xFF58, 0xFF59, 0xFF59, 0xFF59, 0xFF59, 0xFF59, 0xFF59, 0xFF38, 0xFF38, 0xFF38, 0xFF38, 0xFF38,
    0xFF58, 0xFF37, 0xF6D4, 0xF651, 0xF631, 0xF631, 0xF631, 0xF631, 0xF611, 0xF611, 0xF611, 0xF611, 0xF610, 0xF610, 0xF5F0, 0xF5F0,
    0xF610, 0xF5F0, 0xF5F0, 0xF5F0, 0xF5F0, 0xF631, 0xF6F6, 0xFF59, 0xFF58, 0xFF58, 0xFF58, 0xFF58, 0xFF58, 0xFF37, 0xF632, 0xF611,
    0xF632, 0xF611, 0xF611, 0xEE11, 0xEE11, 0xEDF1, 0xF611, 0xEDF0, 0xF673, 0xFF58, 0xFF38, 0xFF38, 0xFF58, 0xFF58, 0xFF38, 0xFF38,
    0xFF58, 0xFF38, 0xFF38, 0xFF38, 0xFF38, 0xFF38, 0xFF38, 0xF738, 0xF738, 0xFF38, 0xF6F6, 0xEDF2, 0xEDD0, 0xEDD0, 0xEDD0, 0xEDD0,
    0xEDD0, 0xEDD0, 0xEDD0, 0xEDD0, 0xEDD0, 0xEDD0, 0xEDD0, 0xEDD0, 0xEDD0, 0xEDD0, 0xEDD0, 0xEDD0, 0xEDD1, 0xF695, 0xF6F7, 0xF6F8,
    0xF6F8, 0xF6F7, 0xF6F7, 0xF6F7, 0xF6F7, 0xF6F7, 0xF6F7, 0xF6D7, 0xF6F7, 0xF6F7, 0xF6D7, 0xF6D7, 0xF6D7, 0xF6D7, 0xF6F8, 0xF6D7,
    0x51A2, 0x51A2, 0x5182, 0x5182, 0x4961, 0x4120, 0x4100, 0x4100, 0x40E0, 0x4100, 0x4100, 0x4100, 0x4100, 0x4100, 0x4921, 0x4941,
    0x4941, 0x4941, 0x4941, 0x4941, 0x5161, 0x59A2, 0x59A2, 0x59A2, 0x61E3, 0x7AE7, 0x8B49, 0x8B49, 0x8B49, 0x8B69, 0x8B49, 0x8B69,
    0x8B89, 0x9389, 0x9389, 0x93AA, 0x93CA, 0x93CA, 0x9BCA, 0x9BCA, 0x9BCB, 0x9BEB, 0x9BEB, 0x9BEB, 0xA3EB, 0xA40B, 0xA3A8, 0xA367,
    0xAB87, 0xB3C8, 0xBBE8, 0xBC08, 0xBC09, 0xBC29, 0xBC29, 0xBC29, 0xC429, 0xC429, 0xBC29, 0xBC29, 0xBC29, 0xBC29, 0xBC29, 0xBC49,
    0xC44A, 0xC44A, 0xC44A, 0xC4ED, 0xCD2E, 0xCD2E, 0xCD2E, 0xCD2E, 0xCD2E, 0xCCED, 0xCCAC, 0xCCAC, 0xCCCC, 0xCCCC, 0xCCCC, 0xCCAB,
    0xCCAB, 0xCCAB, 0xCCAB, 0xCCAB, 0xCC8A, 0xCC8A, 0xCC8A, 0xE5D0, 0xEE74, 0xEEB5, 0xEEB5, 0xEEB5, 0xEEB5, 0xEEB5, 0xEEB5, 0xEEB5,
    0xEEB5, 0xEEB5, 0xEEB5, 0xEEB5, 0xEEB5, 0xEEB5, 0xEED5, 0xF6F6, 0xFF78, 0xFF78, 0xFF98, 0xFF37, 0xF693, 0xF610, 0xF610, 0xF630,
    0xF630, 0xF630, 0xF630, 0xF630, 0xF630, 0xF630, 0xF631, 0xF631, 0xF631, 0xF631, 0xF631, 0xF631, 0xF631, 0xF630, 0xF651, 0xF6D4,
    0xFF37, 0xFF59, 0xFF58, 0xFF58, 0xFF58, 0xFF59, 0xFF59, 0xFF58, 0xFF58, 0xFF58, 0xFF38, 0xFF58, 0xFF59, 0xFF58, 0xFF58, 0xFF58,
    0xFF58, 0xFF58, 0xFF58, 0xFF16, 0xF6B3, 0xF631, 0xF631, 0xF631, 0xF631, 0xF611, 0xF611, 0xF610, 0xEE10, 0xF611, 0xF611, 0xF611,
    0xF611, 0xF611, 0xF631, 0xF652, 0xF652, 0xF632, 0xFEF6, 0xF6D6, 0xF673, 0xF673, 0xF673, 0xF673, 0xF693, 0xF673, 0xF611, 0xF611,
    0xF611, 0xF611, 0xF610, 0xF610, 0xF5F0, 0xF5F0, 0xF5F0, 0xF5F0, 0xF611, 0xEE31, 0xF653, 0xFF38, 0xFF38, 0xFF38, 0xFF37, 0xFF38,
    0xFF38, 0xFF38, 0xFF38, 0xFF38, 0xFF38, 0xFF38, 0xFF38, 0xFF37, 0xF717, 0xF717, 0xF717, 0xF717, 0xF694, 0xEDB0, 0xEDD0, 0xEDD0,
    0xEDD0, 0xEDD0, 0xEDD0, 0xEDD0, 0xEDD0, 0xEDD0, 0xEDD0, 0xEDD0, 0xEDD0, 0xEDD1, 0xEDD0, 0xEDD0, 0xEDD1, 0xEDF1, 0xEE32, 0xF695,
    0xF6F7, 0xF6F8, 0xF6F7, 0xF6F8, 0xF6F8, 0xF6F8, 0xF6F8, 0xF6F8, 0xF6F8, 0xF6F8, 0xF6D7, 0xF6D7, 0xF6D7, 0xF6B6, 0xF6B6, 0xF6B6,
    0x51A2, 0x51A2, 0x51A2, 0x5182, 0x5181, 0x4120, 0x40E0, 0x4100, 0x4100, 0x4100, 0x4100, 0x4100, 0x4100, 0x4100, 0x5141, 0x5181,
    0x5181, 0x5181, 0x51A1, 0x5181, 0x5981, 0x59A2, 0x59C2, 0x61C2, 0x6A03, 0x82E7, 0x8B69, 0x8B49, 0x8B69, 0x8B69, 0x8B69, 0x8B69,
    0x9389, 0x9BAA, 0x9BCA, 0x9BCA, 0x9BCA, 0x9BCA, 0x9BEA, 0x9BCA, 0x9BEA, 0x9BEA, 0x9BEA, 0xA3EA, 0xA40B, 0xA40B, 0xAC0B, 0xB3E9,
    0xB409, 0xBC09, 0xBC29, 0xBC2A, 0xBC4A, 0xBC4A, 0xBC4A, 0xC44A, 0xBC6A, 0xC48B, 0xCCED, 0xC4ED, 0xC4ED, 0xC4ED, 0xC4ED, 0xCCED,
    0xCCEE, 0xCD0E, 0xCD0E, 0xCD2E, 0xC4AB, 0xC48A, 0xC48B, 0xC48B, 0xCC8B, 0xCC8B, 0xCC8B, 0xCC8B, 0xCC8B, 0xCCAB, 0xCCAB, 0xCCAB,
    0xCCAB, 0xCCAB, 0xCCAB, 0xCC8B, 0xCCCB, 0xE54D, 0xE54D, 0xE58E, 0xEE10, 0xEE73, 0xEE95, 0xEEB5, 0xEEB5, 0xEE95, 0xEEB5, 0xEEB5,
    0xEEB5, 0xEED5, 0xEED5, 0xEEB5, 0xEEB5, 0xF6D6, 0xFF58, 0xFF78, 0xFF78, 0xFF78, 0xFF78, 0xFF78, 0xFF78, 0xF693, 0xF631, 0xF631,
    0xF630, 0xF630, 0xF630, 0xF630, 0xF630, 0xF630, 0xF631, 0xF631, 0xF631, 0xF631, 0xF651, 0xF651, 0xF631, 0xF651, 0xF651, 0xF631,
    0xF6B3, 0xFF17, 0xFF59, 0xFF58, 0xFF59, 0xFF59, 0xFF59, 0xFF59, 0xFF58, 0xFF58, 0xFF58, 0xFF58, 0xFF17, 0xFF16, 0xFF16, 0xFF16,
    0xFF16, 0xFEF6, 0xFED5, 0xF6F5, 0xF693, 0xF652, 0xF693, 0xF694, 0xF693, 0xF693, 0xF673, 0xF652, 0xF6B4, 0xFF37, 0xFF37, 0xFF37,
    0xFF36, 0xFF36, 0xFF37, 0xFF57, 0xFF57, 0xFF58, 0xFF78, 0xF6F6, 0xF632, 0xF631, 0xF611, 0xF611, 0xF611, 0xF611, 0xF611, 0xF611,
    0xF611, 0xF611, 0xF611, 0xF611, 0xF5F0, 0xF5F0, 0xF5F0, 0xEDF0, 0xF5F0, 0xF5F0, 0xF5F1, 0xF694, 0xFED5, 0xFF38, 0xFF38, 0xFF38,
    0xFF38, 0xFF38, 0xFF38, 0xFF38, 0xFF38, 0xFF38, 0xFF38, 0xFF37, 0xFF37, 0xFF37, 0xFF37, 0xFF38, 0xFF17, 0xF6B5, 0xF674, 0xEDB0,
    0xEDD0, 0xEDD0, 0xEDD0, 0xEDD1, 0xEDD0, 0xEDD0, 0xEDD0, 0xEDD0, 0xEDD0, 0xEDD0, 0xEDD0, 0xEDD0, 0xEDD0, 0xEDD0, 0xEDD0, 0xEE11,
    0xF6D6, 0xF6F7, 0xF6F7, 0xF6D7, 0xF6D6, 0xF6D6, 0xF6D6, 0xF6B6, 0xF6B6, 0xF6B5, 0xEE32, 0xEDD0, 0xEDD0, 0xEDD0, 0xEDD0, 0xEDD0,
    0x51A1, 0x51A2, 0x51A2, 0x51A2, 0x51A2, 0x4941, 0x4100, 0x4100, 0x4100, 0x4100, 0x40E0, 0x4920, 0x5161, 0x5161, 0x51A1, 0x59A2,
    0x59A1, 0x59A1, 0x6203, 0x7265, 0x7264, 0x7264, 0x7265, 0x7264, 0x7265, 0x7285, 0x8308, 0x8B69, 0x8B69, 0x8B69, 0x9369, 0x9369,
    0x9389, 0x9BA9, 0x9BA9, 0x9BA9, 0x9BA9, 0x9BA9, 0x9BA9, 0x9B89, 0xA388, 0xA388, 0xA388, 0xA388, 0xA3A8, 0xABA9, 0xA3A9, 0xB42A,
    0xCD2E, 0xCD4F, 0xCD4F, 0xCD4F, 0xCD6F, 0xCD6F, 0xCD6F, 0xCD6F, 0xCD6F, 0xCD70, 0xCD90, 0xCD91, 0xCD90, 0xCD91, 0xD591, 0xD591,
    0xD591, 0xD591, 0xD591, 0xD591, 0xCD2E, 0xCCAB, 0xCC8B, 0xCCAB, 0xCC8B, 0xCCAB, 0xCCAB, 0xCCAB, 0xCCAB, 0xCCAB, 0xCCAB, 0xCCAB,
    0xCCAB, 0xCCAB, 0xDD0C, 0xDD4D, 0xDD4D, 0xEDCF, 0xEDCF, 0xEDCF, 0xEDCE, 0xEE10, 0xEEB5, 0xEEB5, 0xEEB5, 0xEEB5, 0xEEB5, 0xEEB5,
    0xEEB5, 0xEEB5, 0xF716, 0xFF78, 0xFF58, 0xFF58, 0xFF78, 0xFF78, 0xFF78, 0xFF78, 0xFF78, 0xFF78, 0xFF78, 0xFF78, 0xF672, 0xF630,
    0xFE31, 0xFE31, 0xF630, 0xF630, 0xF630, 0xF631, 0xF631, 0xF631, 0xFE51, 0xF651, 0xF631, 0xF651, 0xF630, 0xF630, 0xF631, 0xF631,
    0xF631, 0xF6D5, 0xFF58, 0xFF58, 0xFF58, 0xFF58, 0xFF37, 0xFF37, 0xFF37, 0xFF37, 0xFF37, 0xFF36, 0xF673, 0xF631, 0xF652, 0xF652,
    0xF652, 0xF632, 0xF652, 0xF651, 0xF651, 0xF673, 0xF6D5, 0xFF58, 0xFF58, 0xFF58, 0xFF78, 0xFF58, 0xFF58, 0xFF78, 0xFF78, 0xFF78,
    0xFF79, 0xFF79, 0xFF58, 0xFF58, 0xFF58, 0xFF58, 0xFF58, 0xFF58, 0xFF58, 0xFF16, 0xF631, 0xF631, 0xF631, 0xF631, 0xF631, 0xF611,
    0xF611, 0xF611, 0xF611, 0xF5F1, 0xF5F1, 0xF5F0, 0xF5F0, 0xF5F0, 0xF5F0, 0xF5F0, 0xF5F0, 0xF5D0, 0xF652, 0xF6F6, 0xF717, 0xFF38,
    0xFF38, 0xFF38, 0xFF38, 0xFF38, 0xFF38, 0xFF38, 0xFF38, 0xFF38, 0xFF37, 0xFF37, 0xFF37, 0xFF17, 0xFF38, 0xFF58, 0xFF37, 0xF6B4,
    0xEE11, 0xEDD0, 0xEDD0, 0xEDAF, 0xEDF1, 0xEE12, 0xEE12, 0xEE12, 0xEE12, 0xEDF2, 0xF674, 0xF6B5, 0xF695, 0xF695, 0xF695, 0xF6F7,
    0xF6F7, 0xF718, 0xF6F7, 0xEDF1, 0xEDB0, 0xEDD0, 0xEDD0, 0xEDB0, 0xEDB0, 0xEDB0, 0xEDAF, 0xED8F, 0xEDAF, 0xEDAF, 0xEDAF, 0xEDAF,
    0x51A1, 0x51A1, 0x51A2, 0x51A2, 0x59A2, 0x5182, 0x40E0, 0x40E0, 0x40E0, 0x4900, 0x5161, 0x5981, 0x59A1, 0x5982, 0x6A45, 0x7285,
    0x7285, 0x7285, 0x7285, 0x7285, 0x7285, 0x7285, 0x7285, 0x7AC6, 0x82E7, 0x82E7, 0x8B28, 0x8B48, 0x9327, 0x9307, 0x9307, 0x9307,
    0x9327, 0x9327, 0x9B27, 0x9B27, 0x9B27, 0x9B47, 0x9B47, 0xA367, 0xA367, 0xA367, 0xA367, 0xA387, 0xBC08, 0xBC29, 0xBC29, 0xBC4A,
    0xC4AC, 0xCD2F, 0xCD70, 0xCD70, 0xCD70, 0xCD70, 0xCD70, 0xCD70, 0xCD70, 0xCD70, 0xCD70, 0xCD70, 0xCD70, 0xCD70, 0xCD70, 0xCD70,
    0xCD70, 0xD590, 0xCD90, 0xD590, 0xD5B1, 0xCD0D, 0xCC8A, 0xCCAB, 0xCCAB, 0xCCAB, 0xCCAB, 0xCCAB, 0xCCAB, 0xCCAB, 0xCCAB, 0xCCAB,
    0xD50C, 0xDD4D, 0xE58E, 0xEDEF, 0xEDCF, 0xEDCF, 0xEDCF, 0xEDCF, 0xEDCF, 0xEDCF, 0xEE11, 0xEED5, 0xEEB5, 0xEEB5, 0xEEB5, 0xF6D6,
    0xF6F6, 0xF6F6, 0xF737, 0xFF98, 0xFF78, 0xFF78, 0xFF79, 0xFF98, 0xFF98, 0xFF98, 0xFF99, 0xFF99, 0xFF98, 0xFF78, 0xFF78, 0xFED3,
    0xF630, 0xF630, 0xF630, 0xF630, 0xF630, 0xF630, 0xF630, 0xF630, 0xF630, 0xF671, 0xFEB3, 0xFEB3, 0xFEF5, 0xFF15, 0xFEF6, 0xFEF5,
    0xFEF6, 0xFF37, 0xFF58, 0xFF16, 0xF652, 0xFE52, 0xF672, 0xF672, 0xF672, 0xF672, 0xF672, 0xF652, 0xFE52, 0xF652, 0xF652, 0xF651,
    0xF652, 0xF652, 0xF652, 0xF652, 0xF652, 0xF652, 0xF672, 0xFEF5, 0xFF58, 0xFF79, 0xFF79, 0xFF79, 0xFF78, 0xFF78, 0xFF78, 0xFF78,
    0xFF78, 0xFF78, 0xFF78, 0xFF58, 0xFF58, 0xFF58, 0xFF58, 0xFF58, 0xFF78, 0xFF58, 0xFF37, 0xF693, 0xF610, 0xF631, 0xF631, 0xF611,
    0xF611, 0xF611, 0xF5F1, 0xF5F1, 0xF5F1, 0xF5F0, 0xF5F0, 0xF5F0, 0xF5F0, 0xF5F0, 0xEE10, 0xF5F0, 0xF611, 0xF611, 0xF6D4, 0xFF37,
    0xFF38, 0xFF38, 0xFF58, 0xFF38, 0xFF38, 0xFF38, 0xFF38, 0xFF17, 0xFF17, 0xFF37, 0xFF37, 0xFEF6, 0xF694, 0xF6B4, 0xF6B5, 0xF6D5,
    0xEE11, 0xF5F0, 0xF673, 0xF6D6, 0xFEF6, 0xFF17, 0xFF17, 0xFF17, 0xFF17, 0xFF17, 0xFF38, 0xFF38, 0xFF38, 0xFF38, 0xFF38, 0xF718,
    0xFF38, 0xF718, 0xFF18, 0xF6D6, 0xF674, 0xED8F, 0xEDB0, 0xEDB0, 0xEDB0, 0xEDB0, 0xEDB0, 0xEDB0, 0xEDB0, 0xEDB0, 0xEDB0, 0xEDAF,
    0x5181, 0x5181, 0x5161, 0x5161, 0x5161, 0x59A2, 0x6204, 0x6225, 0x6A24, 0x6A45, 0x7286, 0x7286, 0x7286, 0x7286, 0x7AC7, 0x82E7,
    0x7AE7, 0x7AE7, 0x7AE7, 0x7AC7, 0x8308, 0x8B48, 0x8B48, 0x9389, 0x9BCA, 0x9BCA, 0x9BCA, 0x9347, 0x9306, 0x9326, 0x9326, 0x9326,
    0x9B26, 0x9B26, 0x9B27, 0x9B47, 0x9B47, 0xA347, 0xA367, 0xA367, 0xABA8, 0xBC09, 0xBC09, 0xBC09, 0xC429, 0xC449, 0xC44A, 0xC44A,
    0xBC6A, 0xCD2E, 0xCD70, 0xCD70, 0xCD70, 0xCD70, 0xCD70, 0xCD70, 0xCD70, 0xCD70, 0xCD70, 0xCD90, 0xCD90, 0xCD90, 0xCD90, 0xD590,
    0xD591, 0xD591, 0xD590, 0xD590, 0xD5B1, 0xD570, 0xCD0D, 0xCCAB, 0xCCAB, 0xCCAB, 0xCCAB, 0xCCAB, 0xCC8B, 0xCCAB, 0xDD2C, 0xDD4D,
    0xEDAE, 0xF5EF, 0xEDCF, 0xEDCF, 0xEDCF, 0xEDCF, 0xEDCF, 0xEDCF, 0xEDCF, 0xEDCF, 0xEDCF, 0xEE31, 0xEEB5, 0xF6D6, 0xF6D6, 0xF737,
    0xFF99, 0xFF99, 0xFF99, 0xFF99, 0xFF99, 0xFF99, 0xFF98, 0xFF36, 0xFF15, 0xFF15, 0xFEF5, 0xFEF5, 0xFEF5, 0xFEF5, 0xFF15, 0xFEB3,
    0xFE92, 0xFEF4, 0xFEF5, 0xFF16, 0xFF15, 0xFF16, 0xFF16, 0xFF16, 0xFF16, 0xFF37, 0xFF77, 0xFF78, 0xFF99, 0xFF99, 0xFF99, 0xFF99,
    0xFF99, 0xFF99, 0xFF99, 0xFF58, 0xFEF5, 0xF672, 0xF631, 0xF651, 0xF672, 0xF672, 0xFE72, 0xFE72, 0xF652, 0xF652, 0xF652, 0xF651,
    0xF651, 0xF652, 0xF652, 0xF652, 0xF652, 0xF652, 0xFE72, 0xFE72, 0xF6D4, 0xFF58, 0xFF79, 0xFF78, 0xFF78, 0xFF78, 0xFF78, 0xFF78,
    0xFF78, 0xFF78, 0xFF78, 0xFF78, 0xFF78, 0xFF78, 0xFF78, 0xFF78, 0xFF58, 0xFF78, 0xFF79, 0xFF37, 0xF6D4, 0xF631, 0xF611, 0xF611,
    0xF611, 0xF611, 0xF611, 0xF611, 0xF5F1, 0xF610, 0xF5F0, 0xF5F0, 0xF5F0, 0xF5F0, 0xF5F0, 0xEDF0, 0xF5F0, 0xF610, 0xF631, 0xF652,
    0xFF37, 0xFF38, 0xFF38, 0xFF38, 0xFF38, 0xFF37, 0xFF37, 0xF653, 0xEE12, 0xF632, 0xF632, 0xF632, 0xEDF0, 0xF5F0, 0xF5F0, 0xF5F0,
    0xF5F0, 0xF5D0, 0xF652, 0xFF16, 0xFF38, 0xFF58, 0xFF38, 0xFF58, 0xFF38, 0xFF38, 0xFF38, 0xFF38, 0xFF38, 0xFF38, 0xFF18, 0xFF18,
    0xFF38, 0xFF38, 0xFF38, 0xFF38, 0xFF18, 0xF6B5, 0xEE52, 0xE58F, 0xEDB0, 0xEDD0, 0xEDB0, 0xEDB0, 0xEDB0, 0xEDB0, 0xEDB0, 0xEDB0,
    0x5140, 0x5140, 0x5140, 0x5140, 0x5161, 0x61C3, 0x7AC7, 0x7AE7, 0x7AE7, 0x7AE7, 0x7AE7, 0x8308, 0x8308, 0x8308, 0x8308, 0x8308,
    0x8308, 0x8308, 0x8308, 0x8308, 0x9369, 0x9BEB, 0x9BEB, 0x9BEB, 0x9BEA, 0x9BEA, 0x9BEB, 0x9B68, 0x9306, 0x9B27, 0x9B27, 0x9B26,
    0x9B26, 0x9B26, 0x9B26, 0x9B27, 0x9B27, 0xA367, 0xB3A8, 0xABA8, 0xB3E8, 0xC44A, 0xC44A, 0xC449, 0xC449, 0xC44A, 0xC44A, 0xC46A,
    0xC46A, 0xC4AB, 0xCD4F, 0xCD90, 0xCD70, 0xCD90, 0xCD90, 0xCD90, 0xCD90, 0xCD70, 0xCD90, 0xCD90, 0xCD90, 0xCD90, 0xD5B1, 0xD5B1,
    0xD5B1, 0xD5B1, 0xD5B1, 0xD5B1, 0xD5B1, 0xD5B1, 0xD56F, 0xCCCC, 0xCCAB, 0xCCAB, 0xCCCB, 0xCCAB, 0xD4EC, 0xDD2C, 0xEDCE, 0xEDEF,
    0xEDCF, 0xEDCF, 0xEDAE, 0xEDAE, 0xEDAE, 0xEDAE, 0xEDAF, 0xEDAE, 0xEDAE, 0xEDAE, 0xEDAE, 0xEDAE, 0xEE52, 0xF6D5, 0xFF36, 0xFF37,
    0xFF57, 0xFF37, 0xFF36, 0xFF36, 0xFF36, 0xFF36, 0xFF36, 0xFEB3, 0xFE71, 0xFE71, 0xFE71, 0xFE71, 0xFE71, 0xFE51, 0xFE51, 0xFE51,
    0xFE92, 0xFF36, 0xFFB9, 0xFF98, 0xFF98, 0xFF99, 0xFF99, 0xFF99, 0xFF99, 0xFF99, 0xFF99, 0xFF99, 0xFF99, 0xFF99, 0xFF79, 0xFF99,
    0xFF79, 0xFF99, 0xFF79, 0xFF79, 0xFF99, 0xF6F5, 0xF6B3, 0xFE71, 0xF671, 0xF672, 0xF671, 0xF672, 0xF672, 0xF651, 0xF651, 0xF651,
    0xF651, 0xF651, 0xF651, 0xF652, 0xFE52, 0xFE72, 0xFE72, 0xFE72, 0xFE72, 0xF6D4, 0xFF58, 0xFF79, 0xFF79, 0xFF79, 0xFF79, 0xFF78,
    0xFF78, 0xFF78, 0xFF78, 0xFF78, 0xFF78, 0xFF79, 0xFF78, 0xFF78, 0xFF78, 0xFF58, 0xFF58, 0xFF78, 0xFF57, 0xF6D4, 0xF673, 0xF611,
    0xF611, 0xF610, 0xF5F0, 0xF5F0, 0xF5F0, 0xF5F0, 0xF5F0, 0xF632, 0xF631, 0xF631, 0xF631, 0xF673, 0xF6B4, 0xF6B4, 0xF6B4, 0xFED5,
    0xFF37, 0xFF37, 0xF652, 0xF611, 0xF632, 0xF652, 0xF632, 0xF611, 0xF5F0, 0xF5F0, 0xF5F0, 0xF5F0, 0xF5F0, 0xF5F0, 0xF5F0, 0xF5F0,
    0xF5F0, 0xF5F0, 0xF5F0, 0xEDCF, 0xF694, 0xFF17, 0xFF38, 0xFF58, 0xFF37, 0xFF38, 0xFF38, 0xFF38, 0xFF38, 0xFF38, 0xFF38, 0xFF38,
    0xFF38, 0xFF38, 0xFF38, 0xFF18, 0xFF38, 0xFF59, 0xFF17, 0xF694, 0xEDF1, 0xEDAF, 0xEDB0, 0xEDD0, 0xEDD0, 0xEDB0, 0xEDB0, 0xEDB0,
    0x5140, 0x5140, 0x5140, 0x5140, 0x5141, 0x61C2, 0x7AA6, 0x7AC6, 0x7AC7, 0x7AE7, 0x7AE7, 0x82E7, 0x8307, 0x8308, 0x8308, 0x8308,
    0x8307, 0x8B49, 0x9BCB, 0x9BCA, 0x9BCA, 0x9BEA, 0x9BEA, 0x9BEA, 0x9BEB, 0x9BEB, 0xA3EB, 0x9BCA, 0x9B68, 0x9B27, 0x9B27, 0x9B47,
    0x9B27, 0x9B47, 0xA367, 0xA367, 0xA367, 0xABA8, 0xC449, 0xBC29, 0xBC29, 0xBC2A, 0xC44A, 0xC449, 0xC44A, 0xC46A, 0xC46A, 0xC46A,
    0xC46A, 0xC46A, 0xCD2E, 0xD590, 0xCD90, 0xCD90, 0xCD90, 0xCD90, 0xCD90, 0xCD90, 0xCD90, 0xCD90, 0xCD90, 0xD591, 0xD5B1, 0xD5B1,
    0xD5B1, 0xD5B1, 0xD5D1, 0xD5D1, 0xD5D1, 0xD5B1, 0xD5B1, 0xD56F, 0xCCCB, 0xCCCB, 0xD4EB, 0xD4EB, 0xE5AE, 0xEDEF, 0xEDCF, 0xEDEF,
    0xEDCF, 0xEDEF, 0xEE31, 0xEE52, 0xEE31, 0xEE52, 0xEE52, 0xEE52, 0xEE52, 0xEE52, 0xF653, 0xF673, 0xF674, 0xF6D5, 0xFE92, 0xFE71,
    0xFE71, 0xFE71, 0xFE71, 0xFE71, 0xFE71, 0xFE71, 0xFE72, 0xFE92, 0xFE92, 0xFE92, 0xFE71, 0xF671, 0xF671, 0xFE71, 0xFE71, 0xFE71,
    0xFE71, 0xFED4, 0xFF57, 0xFF98, 0xFF78, 0xFF78, 0xFF99, 0xFF99, 0xFF99, 0xFF79, 0xFF79, 0xFF99, 0xFF99, 0xFF99, 0xFF79, 0xFF99,
    0xFF99, 0xFF99, 0xFF99, 0xFF99, 0xFF79, 0xFF9A, 0xFF58, 0xF692, 0xFE72, 0xFE72, 0xF672, 0xF672, 0xF672, 0xF651, 0xF651, 0xF651,
    0xF651, 0xF651, 0xF651, 0xF651, 0xF651, 0xFE71, 0xFE71, 0xFE71, 0xFE72, 0xFE72, 0xF692, 0xFF37, 0xFF79, 0xFF79, 0xFF79, 0xFF78,
    0xFF78, 0xFF78, 0xFF78, 0xFF78, 0xFF78, 0xFF79, 0xFF79, 0xFF79, 0xFF79, 0xFF79, 0xFF78, 0xFF37, 0xFF37, 0xFF57, 0xF6D4, 0xF611,
    0xF632, 0xF673, 0xF653, 0xF653, 0xF673, 0xF653, 0xF694, 0xFF57, 0xFF57, 0xFF57, 0xFF58, 0xFF78, 0xFF99, 0xFF99, 0xFF99, 0xFF99,
    0xFF79, 0xFF78, 0xF694, 0xF673, 0xF632, 0xF5F0, 0xF611, 0xF611, 0xF610, 0xF610, 0xF610, 0xF5F0, 0xF5F0, 0xF5F0, 0xF5F0, 0xF5F0,
    0xF5F0, 0xF5F0, 0xF5F0, 0xF5F0, 0xEDF0, 0xEDF1, 0xF6D4, 0xFF37, 0xFF38, 0xFF38, 0xFF38, 0xFF38, 0xFF38, 0xFF38, 0xFF38, 0xFF38,
    0xFF38, 0xFF38, 0xFF38, 0xFF38, 0xFF38, 0xFF38, 0xFF58, 0xFF59, 0xF6F6, 0xF653, 0xEDB0, 0xEDB0, 0xEDD0, 0xEDB0, 0xEDB0, 0xEDD0,
    0x5140, 0x5140, 0x5140, 0x5140, 0x5161, 0x59A2, 0x7285, 0x72A6, 0x7AE7, 0x82E8, 0x8308, 0x8308, 0x8308, 0x8308, 0x8308, 0x9369,
    0x9389, 0x93AA, 0xA40B, 0x9BEB, 0x9BEB, 0x9BEB, 0x9BEB, 0x9BEB, 0x9C0B, 0xA40B, 0xA3EB, 0xA40B, 0xA3CA, 0x9B47, 0x9B47, 0x9B47,
    0x9B26, 0xA367, 0xBC09, 0xBC29, 0xBC29, 0xBC29, 0xBC2A, 0xBC29, 0xBC4A, 0xC44A, 0xC44A, 0xC44A, 0xC44A, 0xC46A, 0xC46A, 0xC46A,
    0xC46A, 0xC46A, 0xC4AB, 0xCD4F, 0xD5B1, 0xCDB1, 0xCDB1, 0xCDB1, 0xCDB1, 0xD5B1, 0xD5B1, 0xD5B0, 0xD5B1, 0xD590, 0xD590, 0xD590,
    0xD590, 0xD590, 0xD590, 0xD590, 0xD56F, 0xCD2E, 0xCD2E, 0xCCED, 0xDD8E, 0xEE32, 0xEE74, 0xEE53, 0xF694, 0xF694, 0xF694, 0xF694,
    0xF694, 0xEEB4, 0xF6F6, 0xF6F7, 0xF6F7, 0xF6F6, 0xF6F7, 0xF6F7, 0xF6F6, 0xF6F6, 0xF6F6, 0xF6F6, 0xFF37, 0xFF77, 0xFED4, 0xFE92,
    0xFE71, 0xFE71, 0xFE72, 0xFE91, 0xFE91, 0xFE92, 0xFE92, 0xFE92, 0xFE92, 0xFE71, 0xFE71, 0xFE71, 0xF671, 0xF671, 0xF671, 0xF671,
    0xFE72, 0xF671, 0xFEB3, 0xFF57, 0xFF78, 0xFF98, 0xFF99, 0xFF99, 0xFF99, 0xFF99, 0xFF99, 0xFF99, 0xFF99, 0xFF99, 0xFF99, 0xFF99,
    0xFF99, 0xFF99, 0xFF99, 0xFF99, 0xFF99, 0xFF79, 0xFF79, 0xFF78, 0xF6B3, 0xFE51, 0xFE72, 0xFE72, 0xF672, 0xF672, 0xF651, 0xF672,
    0xF651, 0xF651, 0xF671, 0xF651, 0xF651, 0xFE51, 0xFE51, 0xFE71, 0xFE71, 0xFE71, 0xFE71, 0xFE71, 0xFF15, 0xFF78, 0xFF78, 0xFF78,
    0xFF78, 0xFF78, 0xFF78, 0xFF78, 0xFF37, 0xFED5, 0xFED5, 0xFED5, 0xFED5, 0xFEF5, 0xFED4, 0xF652, 0xF632, 0xF632, 0xF631, 0xF631,
    0xF672, 0xFF37, 0xFF79, 0xFF79, 0xFF79, 0xFF99, 0xFF99, 0xFF78, 0xFF78, 0xFF78, 0xFF79, 0xFF78, 0xFF78, 0xFF78, 0xFF79, 0xFF79,
    0xFF79, 0xFF79, 0xFF78, 0xFF99, 0xF6D5, 0xF652, 0xF610, 0xF610, 0xF611, 0xF611, 0xF610, 0xF610, 0xF610, 0xF5F0, 0xF5F0, 0xF5F0,
    0xF5F0, 0xF5F0, 0xF5F0, 0xF5F0, 0xF5F0, 0xF5F0, 0xF5F1, 0xF632, 0xFF37, 0xFF58, 0xFF38, 0xFF38, 0xFF38, 0xFF38, 0xFF38, 0xFF38,
    0xFF38, 0xFF38, 0xFF38, 0xFF38, 0xFF38, 0xFF38, 0xFF38, 0xFF38, 0xFF59, 0xFF38, 0xF717, 0xF6D5, 0xEDF1, 0xEDB0, 0xEDB0, 0xEDAF,
    0x5140, 0x61A2, 0x69E3, 0x69E3, 0x6A03, 0x7224, 0x7AA5, 0x82E7, 0x8308, 0x8308, 0x8308, 0x8308, 0x8308, 0x8B49, 0x9369, 0x9BEB,
    0xA40B, 0xA40B, 0x9BEB, 0x9BEB, 0x9BEB, 0xA3EB, 0xA3EB, 0xA3EB, 0xA40B, 0xA40C, 0xA40C, 0xA42C, 0xAC2C, 0xA389, 0xA347, 0xABA8,
    0xABA7, 0xB3C8, 0xBBE9, 0xBC09, 0xBC09, 0xBC29, 0xBC29, 0xBC29, 0xBC29, 0xBC29, 0xBC29, 0xBC49, 0xBC4A, 0xBC4A, 0xC48A, 0xC48B,
    0xC48B, 0xC4AC, 0xC4AB, 0xCD4F, 0xD570, 0xCD4F, 0xD54F, 0xCD4F, 0xCD4E, 0xCD4E, 0xCD2E, 0xCD2E, 0xD54F, 0xCCED, 0xC48B, 0xCC8B,
    0xCC8B, 0xCC8B, 0xCC8B, 0xCCAB, 0xCCAB, 0xCC8B, 0xD4EC, 0xDD2D, 0xE5AE, 0xF6B5, 0xF6F7, 0xF6F6, 0xF6D6, 0xF6F6, 0xF6F6, 0xF6F6,
    0xF6D6, 0xF6F6, 0xF6D6, 0xF6D6, 0xF6D6, 0xF6D6, 0xF6D6, 0xF6D6, 0xF6D6, 0xF6F6, 0xFF57, 0xFF57, 0xFF98, 0xFF98, 0xFF99, 0xF6F4,
    0xFE72, 0xFE92, 0xFE92, 0xFE92, 0xFE91, 0xFE92, 0xFE92, 0xFE91, 0xFE92, 0xFE71, 0xFE71, 0xF671, 0xF671, 0xF671, 0xF671, 0xF671,
    0xF672, 0xFE72, 0xFE72, 0xF692, 0xFF57, 0xFF98, 0xFF99, 0xFF99, 0xFF99, 0xFF99, 0xFF99, 0xFF99, 0xFF99, 0xFF99, 0xFF99, 0xFF99,
    0xFF99, 0xFF99, 0xFF99, 0xFF99, 0xFF99, 0xFF99, 0xFF99, 0xFF9A, 0xFF78, 0xF6F5, 0xF651, 0xF671, 0xF651, 0xF651, 0xF651, 0xF651,
    0xF651, 0xF651, 0xF651, 0xF692, 0xFED4, 0xFED4, 0xFED4, 0xFEF4, 0xFF35, 0xFF35, 0xFF36, 0xFF36, 0xFF36, 0xFF57, 0xFEB4, 0xFE93,
    0xFE93, 0xFE93, 0xFE93, 0xFE93, 0xFE93, 0xFE51, 0xF651, 0xF631, 0xFE31, 0xFE31, 0xF631, 0xF651, 0xF631, 0xF631, 0xF631, 0xF631,
    0xF631, 0xF652, 0xFEF5, 0xFF79, 0xFF7A, 0xFF79, 0xFF79, 0xFF78, 0xFF78, 0xFF78, 0xFF78, 0xFF78, 0xFF98, 0xFF78, 0xFF78, 0xFF78,
    0xFF78, 0xFF78, 0xFF78, 0xFF78, 0xFF79, 0xF737, 0xEE52, 0xF611, 0xF5F0, 0xF611, 0xF611, 0xF610, 0xF610, 0xF611, 0xF610, 0xF610,
    0xF5F0, 0xF5F0, 0xF5F0, 0xF5F0, 0xF5F0, 0xF5F1, 0xF5F1, 0xF611, 0xF632, 0xF674, 0xFF58, 0xFF58, 0xFF38, 0xFF38, 0xFF38, 0xFF38,
    0xFF38, 0xFF59, 0xFF58, 0xFF59, 0xFF58, 0xFF59, 0xFF58, 0xFF59, 0xFF18, 0xFEF6, 0xFF17, 0xFF17, 0xF652, 0xEDD0, 0xF673, 0xF694,
    0x61A2, 0x69E3, 0x7224, 0x7223, 0x7224, 0x7244, 0x82A6, 0x82E7, 0x82E7, 0x82E7, 0x8B28, 0x93AA, 0x93AA, 0x9BEB, 0xA40B, 0xA40B,
    0xA3EB, 0xA40B, 0xA40B, 0xA40B, 0xA40B, 0xA40B, 0xA40B, 0xA40B, 0xA40B, 0xABEB, 0xAC0B, 0xAC0B, 0xAC2B, 0xABEA, 0xB40A, 0xBC4B,
    0xBC6A, 0xBC6B, 0xC4AC, 0xC4AC, 0xC4AC, 0xC4AC, 0xC4CC, 0xC4CC, 0xC4CC, 0xC4CD, 0xC4ED, 0xC4ED, 0xC4ED, 0xC4ED, 0xD56F, 0xD590,
    0xD590, 0xD590, 0xD5B0, 0xD5B0, 0xCCAC, 0xC48B, 0xCC8B, 0xCC8A, 0xC48A, 0xC48A, 0xCC8A, 0xCC8A, 0xCC8A, 0xCC8A, 0xCC8A, 0xCC8B,
    0xCC8B, 0xCCAB, 0xCCAB, 0xCCAB, 0xD50C, 0xD50C, 0xE58E, 0xF630, 0xEE0F, 0xF652, 0xEE94, 0xF6D6, 0xF6D6, 0xF6D6, 0xF6D6, 0xF6D6,
    0xF6D6, 0xF6D6, 0xF6D6, 0xF6D6, 0xF6D6, 0xF6D6, 0xF6D6, 0xF6F7, 0xF737, 0xF757, 0xFFB8, 0xFFB9, 0xFFB9, 0xFF99, 0xFFB9, 0xFF98,
    0xFF15, 0xFE71, 0xFE92, 0xFE92, 0xFE92, 0xFE92, 0xFE91, 0xFE91, 0xFE91, 0xFE71, 0xFE71, 0xF671, 0xFE71, 0xF671, 0xF671, 0xF671,
    0xF672, 0xF672, 0xFE72, 0xFE92, 0xF6D4, 0xFF57, 0xFF99, 0xFF99, 0xFF99, 0xFF99, 0xFF99, 0xFF99, 0xFF99, 0xFF99, 0xFF99, 0xFF99,
    0xFF99, 0xFF99, 0xFF99, 0xFF99, 0xFF99, 0xFF79, 0xFF99, 0xFF79, 0xFF9A, 0xFF57, 0xFE92, 0xFEB3, 0xFEF4, 0xFED4, 0xFED4, 0xFED4,
    0xFED4, 0xFEF4, 0xFED4, 0xFF37, 0xFF99, 0xFF99, 0xFF99, 0xFF99, 0xFFB9, 0xFFBA, 0xFFB9, 0xFFDA, 0xFFD9, 0xFFB9, 0xFF57, 0xF693,
    0xFE51, 0xFE71, 0xFE51, 0xFE71, 0xFE51, 0xFE72, 0xF651, 0xF651, 0xFE51, 0xFE51, 0xF651, 0xF651, 0xF631, 0xF631, 0xF631, 0xF631,
    0xF631, 0xF631, 0xF610, 0xF6D4, 0xFF58, 0xFF79, 0xFF79, 0xFF78, 0xFF79, 0xFF79, 0xFF79, 0xFF78, 0xFF79, 0xFF78, 0xFF78, 0xFF78,
    0xFF78, 0xFF78, 0xFF78, 0xFF79, 0xFF79, 0xFF79, 0xFF78, 0xF694, 0xF631, 0xF610, 0xF611, 0xF610, 0xF610, 0xF610, 0xF610, 0xF610,
    0xF5F0, 0xF5F0, 0xF5F0, 0xF5F0, 0xF5F0, 0xF5F0, 0xF5F0, 0xF5F0, 0xF5F0, 0xF611, 0xF6B4, 0xFEF6, 0xFF59, 0xFF58, 0xFF58, 0xFF58,
    0xF737, 0xFEF6, 0xFF16, 0xFEF6, 0xFEF6, 0xF6D5, 0xF6B5, 0xF6D5, 0xF673, 0xEDF1, 0xEDF1, 0xF5F1, 0xF5F0, 0xEDF0, 0xF653, 0xF694,
    0x7223, 0x7224, 0x7224, 0x7224, 0x7223, 0x7244, 0x82A5, 0x8307, 0x8B49, 0x9369, 0x9BCA, 0xA42C, 0xA40C, 0xA40B, 0xA40B, 0xA40C,
    0xA40C, 0xA3EB, 0xA3CA, 0xA3EA, 0xA3EA, 0xA3EA, 0xA3EA, 0xA3EA, 0xA3C9, 0xA388, 0xA388, 0xABA8, 0xABC8, 0xB409, 0xC4ED, 0xCD4F,
    0xC52F, 0xCD4F, 0xCD6F, 0xCD70, 0xCD70, 0xCD70, 0xCD90, 0xCD70, 0xCD90, 0xD5B0, 0xD5B1, 0xD5B1, 0xD5B1, 0xD5B1, 0xD5B1, 0xD5B1,
    0xD5B1, 0xD5B1, 0xD5B1, 0xD5B1, 0xD52E, 0xCC8A, 0xCC8A, 0xCC8A, 0xCC8A, 0xCC8A, 0xCC8A, 0xCC8A, 0xCC8A, 0xCC8A, 0xCCAB, 0xCCAB,
    0xCCAA, 0xCCAA, 0xCCAB, 0xD4CB, 0xEDCE, 0xF60F, 0xEDEF, 0xEDEF, 0xF60F, 0xEDEF, 0xF631, 0xEEB5, 0xEED5, 0xF6D5, 0xF6D6, 0xF6D6,
    0xF6D6, 0xF6D6, 0xF6F6, 0xF6D6, 0xF6F6, 0xF6F7, 0xF6F7, 0xFF38, 0xFF99, 0xFF99, 0xFF99, 0xFFB9, 0xFF99, 0xFFB9, 0xFF99, 0xFFB9,
    0xFF77, 0xFEB3, 0xFE92, 0xFE92, 0xFE92, 0xFE92, 0xFE92, 0xFE92, 0xFE92, 0xFE92, 0xFE92, 0xFE72, 0xFE92, 0xF672, 0xF672, 0xF671,
    0xF672, 0xFE71, 0xFE71, 0xFE71, 0xFE71, 0xFEF4, 0xFF58, 0xFF99, 0xFF98, 0xFF78, 0xFF78, 0xFF78, 0xFF78, 0xFF78, 0xFF78, 0xFF78,
    0xFF78, 0xFF78, 0xFF78, 0xFF78, 0xFEF5, 0xFEB4, 0xFED4, 0xFEB4, 0xFEB4, 0xFEB4, 0xFEB3, 0xFED4, 0xFFB9, 0xFFB9, 0xFFB9, 0xFFB9,
    0xFFB9, 0xFFB9, 0xFFB9, 0xFFB9, 0xFFB9, 0xFFB9, 0xFFB9, 0xFFB9, 0xFFB9, 0xFF99, 0xFF99, 0xFF99, 0xFF99, 0xFF99, 0xFFB9, 0xFF77,
    0xFED4, 0xF652, 0xFE72, 0xFE72, 0xFE72, 0xFE72, 0xFE71, 0xFE51, 0xFE51, 0xFE51, 0xFE51, 0xF651, 0xF631, 0xF631, 0xF631, 0xF631,
    0xF631, 0xF631, 0xF631, 0xF630, 0xF652, 0xFF57, 0xFF79, 0xFF79, 0xFF79, 0xFF99, 0xFF98, 0xFF98, 0xFF98, 0xFF78, 0xFF78, 0xFF78,
    0xFF78, 0xFF78, 0xFF78, 0xFF79, 0xFF79, 0xFF99, 0xFF79, 0xFF79, 0xFF16, 0xF631, 0xF611, 0xF611, 0xF611, 0xF611, 0xF611, 0xF611,
    0xF610, 0xF611, 0xF611, 0xF611, 0xF611, 0xF611, 0xF611, 0xF611, 0xF631, 0xF631, 0xF611, 0xF6D5, 0xFF37, 0xF6D5, 0xF6B4, 0xFED5,
    0xF673, 0xF5F0, 0xF611, 0xF5F1, 0xF5F0, 0xF5F0, 0xF5F0, 0xF5F0, 0xEDF0, 0xF5F0, 0xF5F0, 0xF5F1, 0xEDF1, 0xEDD0, 0xEDD0, 0xEDD0,
    0x7223, 0x7224, 0x7244, 0x7244, 0x7A65, 0x7A85, 0x82A6, 0x9368, 0x9B89, 0x9B88, 0x9B89, 0x9B89, 0x9B89, 0x9B89, 0x9B88, 0x9B88,
    0xA3A9, 0xA388, 0x9B47, 0xA347, 0xA347, 0xA347, 0xA347, 0xA367, 0xA367, 0xAB87, 0xAB88, 0xB409, 0xBC2A, 0xBC29, 0xC4AC, 0xC52E,
    0xC52F, 0xC54F, 0xCD4F, 0xCD4F, 0xCD4F, 0xCD70, 0xCD70, 0xCD70, 0xCD70, 0xD590, 0xD590, 0xD590, 0xD590, 0xD5B0, 0xD5B1, 0xD5B1,
    0xD5B1, 0xD5B1, 0xD5B1, 0xD5D1, 0xDDB0, 0xCCCC, 0xCC8A, 0xCC8B, 0xCC8A, 0xCC8A, 0xCC8A, 0xCC8A, 0xCC8A, 0xCC8B, 0xCCAA, 0xCC8A,
    0xD4CB, 0xE56D, 0xE58E, 0xE58E, 0xEDEF, 0xEE0F, 0xEDEF, 0xEDEF, 0xF60F, 0xEDF0, 0xEDEF, 0xEE31, 0xF6D6, 0xF6D6, 0xF6D6, 0xF6D6,
    0xF6D6, 0xF6D6, 0xF6F6, 0xF6F7, 0xF6D6, 0xFF78, 0xFFB9, 0xFF98, 0xFF99, 0xFF99, 0xFFB9, 0xFFB9, 0xFFB9, 0xFFB9, 0xFFB9, 0xFF99,
    0xFFB9, 0xFF56, 0xFE71, 0xFE91, 0xFE91, 0xFE92, 0xFE92, 0xFE91, 0xFE92, 0xFE71, 0xF671, 0xF671, 0xF651, 0xF651, 0xF651, 0xF651,
    0xF651, 0xF671, 0xF692, 0xFEB3, 0xFED4, 0xFEB4, 0xF756, 0xFF16, 0xFEB4, 0xFEB4, 0xFEB4, 0xFEB4, 0xFEB4, 0xFEB4, 0xFEB4, 0xFEB4,
    0xFEB4, 0xFEB4, 0xFEB3, 0xFEB3, 0xFE93, 0xFE93, 0xFE93, 0xFE93, 0xFE92, 0xFE92, 0xFE92, 0xFE93, 0xFF77, 0xFF99, 0xFFB9, 0xFF98,
    0xFF99, 0xFFB9, 0xFF99, 0xFF99, 0xFFB9, 0xFFB9, 0xFFB9, 0xFFB9, 0xFFB9, 0xFFB9, 0xFFB9, 0xFFB9, 0xFF99, 0xFFB8, 0xFF98, 0xFFB9,
    0xFF98, 0xFF15, 0xFE72, 0xFE72, 0xFE72, 0xFE72, 0xFE72, 0xFE72, 0xFE51, 0xF651, 0xF651, 0xFE51, 0xF631, 0xF631, 0xF631, 0xF631,
    0xF631, 0xF631, 0xF631, 0xFE30, 0xF630, 0xF630, 0xF6F4, 0xFF99, 0xFF79, 0xFF99, 0xFF99, 0xFF98, 0xFF98, 0xFF99, 0xFF99, 0xFF99,
    0xFF99, 0xFF99, 0xFF99, 0xFF78, 0xFF78, 0xFF58, 0xFF58, 0xFF58, 0xFF58, 0xF716, 0xF611, 0xF611, 0xF611, 0xF611, 0xF610, 0xF673,
    0xFF36, 0xFF37, 0xFF37, 0xFF57, 0xFF57, 0xFF57, 0xFF57, 0xFF57, 0xFF58, 0xFF58, 0xFF58, 0xFF78, 0xFF57, 0xF716, 0xF6D5, 0xEDD0,
    0xF5F0, 0xF610, 0xF5F0, 0xF610, 0xF5F0, 0xF5F0, 0xF5F0, 0xF5F0, 0xF5F0, 0xF5F0, 0xF5F1, 0xF5F1, 0xF5F1, 0xEDF0, 0xEDD0, 0xEDD0,
    0x82A5, 0x7A85, 0x7A85, 0x82A6, 0x9B89, 0x9BAA, 0x9BAA, 0xA3EA, 0x9B48, 0x9326, 0x9B26, 0x9B26, 0x9B26, 0x9B26, 0x9B26, 0x9B26,
    0x9B47, 0x9B67, 0xA367, 0xA367, 0xA367, 0xA367, 0xA367, 0xA367, 0xB3C8, 0xBC29, 0xBC29, 0xBC49, 0xBC49, 0xBC4A, 0xBC4A, 0xC4CD,
    0xCD4F, 0xC54F, 0xCD4F, 0xCD4F, 0xCD70, 0xCD70, 0xD591, 0xD591, 0xD591, 0xD590, 0xD590, 0xD590, 0xD590, 0xD5B1, 0xD5B1, 0xD5B1,
    0xD5B1, 0xD5B1, 0xD5B1, 0xD5B1, 0xDDD1, 0xD54F, 0xC48A, 0xCC8B, 0xCC8A, 0xCC8A, 0xCC8A, 0xCC8A, 0xCC8A, 0xCC8A, 0xCCAB, 0xDD0C,
    0xDD4D, 0xEDCF, 0xF5EF, 0xEDEF, 0xEDEF, 0xEDEF, 0xEDEF, 0xF60F, 0xF60F, 0xF610, 0xEDF0, 0xEE10, 0xEE73, 0xF6D6, 0xF6D6, 0xF6D6,
    0xF6D6, 0xF757, 0xFF78, 0xFF58, 0xFF78, 0xFF99, 0xFFB9, 0xFFB9, 0xFFB9, 0xFFB9, 0xFFB9, 0xFFB9, 0xFFB9, 0xFFB9, 0xFFB9, 0xFFB9,
    0xFF98, 0xFF77, 0xFEF3, 0xFE92, 0xFEB2, 0xFE92, 0xFE92, 0xFE92, 0xFE92, 0xFED4, 0xFF16, 0xFF15, 0xFEF5, 0xFEF5, 0xFF15, 0xFEF5,
    0xFF15, 0xFF16, 0xFF57, 0xFF99, 0xFF99, 0xFF99, 0xFF99, 0xFF16, 0xF6B3, 0xFE72, 0xFE73, 0xFE73, 0xFE93, 0xFE93, 0xFE93, 0xFE93,
    0xFE93, 0xFE92, 0xFE92, 0xFE92, 0xFE92, 0xFE92, 0xFE92, 0xFE92, 0xFE92, 0xFE92, 0xFE92, 0xFE92, 0xFEB3, 0xFF15, 0xFFB9, 0xFF99,
    0xFF99, 0xFFB9, 0xFFB9, 0xFFB9, 0xFFB9, 0xFFB9, 0xFFB9, 0xFFB9, 0xFFB9, 0xFFB9, 0xFFB9, 0xFFB9, 0xFFB9, 0xFFB9, 0xFFB9, 0xFFB8,
    0xFFB9, 0xFFB9, 0xFF57, 0xF6B3, 0xFE71, 0xFE71, 0xFE72, 0xFE52, 0xFE51, 0xFE51, 0xFE51, 0xFE51, 0xF631, 0xF631, 0xF631, 0xF631,
    0xF631, 0xF631, 0xF631, 0xF631, 0xF610, 0xF610, 0xF630, 0xF6B3, 0xFF98, 0xFF98, 0xFFB9, 0xFF99, 0xFF99, 0xFF98, 0xFF57, 0xFF36,
    0xFF36, 0xFF36, 0xFF37, 0xF673, 0xF632, 0xF652, 0xF652, 0xF632, 0xF632, 0xF632, 0xF611, 0xF5F0, 0xF6B4, 0xFF57, 0xFF16, 0xFF36,
    0xFF78, 0xFF79, 0xFF99, 0xFF99, 0xFF79, 0xFF99, 0xFF78, 0xFF78, 0xFF98, 0xFF78, 0xFF78, 0xFF78, 0xFF78, 0xFF99, 0xFF78, 0xF6D5,
    0xF673, 0xF5F0, 0xF610, 0xF610, 0xF5F0, 0xF5F0, 0xF5F0, 0xF5F0, 0xF5F0, 0xF5F0, 0xF5F0, 0xF5F1, 0xF5F1, 0xEDF0, 0xEDD0, 0xEDD0,
    0x82C6, 0x9348, 0x9369, 0x9B89, 0xA3EB, 0xA3EB, 0xA40B, 0xA40B, 0x9B89, 0x9B47, 0x9B47, 0x9B47, 0x9B47, 0x9B47, 0x9B47, 0x9B47,
    0x9B47, 0xA367, 0xA367, 0xA367, 0xA367, 0xA387, 0xB3E9, 0xB409, 0xBC29, 0xC44A, 0xC44A, 0xBC4A, 0xBC4A, 0xBC4A, 0xC449, 0xC4AC,
    0xCD2F, 0xCD4F, 0xCD70, 0xCD70, 0xCD70, 0xD591, 0xD591, 0xD591, 0xD591, 0xD591, 0xD591, 0xD591, 0xD5B0, 0xD5B1, 0xD5B1, 0xD5B1,
    0xD5B1, 0xD5B1, 0xD5B1, 0xD5D1, 0xDDD2, 0xDDB0, 0xCCEC, 0xCC8A, 0xCCAA, 0xCC8A, 0xCC8A, 0xCCAB, 0xD4EB, 0xD4EB, 0xD50C, 0xEDF0,
    0xEDF0, 0xEDF0, 0xEDEF, 0xEDEF, 0xEDEF, 0xEDEF, 0xEDF0, 0xF5F0, 0xEE10, 0xEE10, 0xEE10, 0xF5EF, 0xEE10, 0xEE74, 0xF6D6, 0xF6F7,
    0xF6F6, 0xFF98, 0xFFD9, 0xFFB9, 0xFFB9, 0xFFB9, 0xFF98, 0xFF77, 0xFF77, 0xFF77, 0xFF77, 0xFF77, 0xFF56, 0xFF36, 0xFF36, 0xFF15,
    0xFEF4, 0xFEF4, 0xFED3, 0xFF14, 0xFF77, 0xFF78, 0xFF78, 0xFF78, 0xFF78, 0xFF99, 0xFFB9, 0xFFB9, 0xFFB9, 0xFFB9, 0xFFBA, 0xFFBA,
    0xFFBA, 0xFFBA, 0xFFB9, 0xFFB9, 0xFFB9, 0xFF99, 0xFF99, 0xFFBA, 0xFF78, 0xF672, 0xFE72, 0xFE93, 0xFE93, 0xFE93, 0xFE93, 0xFE93,
    0xFE92, 0xFE92, 0xFE92, 0xFE92, 0xFE92, 0xFE92, 0xFE92, 0xFE92, 0xFE92, 0xFE92, 0xFE92, 0xFE92, 0xFE92, 0xFEB3, 0xFEF4, 0xFF98,
    0xFFB9, 0xFF99, 0xFFB9, 0xFFB9, 0xFFB8, 0xFFB8, 0xFFB9, 0xFFB9, 0xFFB9, 0xFFBA, 0xFFB9, 0xFFB9, 0xFFB9, 0xFFB9, 0xFFB9, 0xFFB9,
    0xFFB9, 0xFFB9, 0xFFB9, 0xFF78, 0xF6D4, 0xFE51, 0xFE71, 0xFE71, 0xFE71, 0xFE51, 0xFE51, 0xFE51, 0xF630, 0xF630, 0xF630, 0xF610,
    0xF610, 0xF610, 0xF610, 0xF610, 0xF692, 0xF693, 0xF672, 0xF6B4, 0xF757, 0xF736, 0xF673, 0xF693, 0xF693, 0xF673, 0xF652, 0xF631,
    0xF631, 0xF631, 0xF631, 0xF631, 0xF611, 0xF611, 0xF611, 0xF611, 0xF611, 0xF611, 0xF611, 0xF610, 0xF672, 0xF716, 0xFF98, 0xFF78,
    0xFF57, 0xFF78, 0xFF78, 0xFF78, 0xFF78, 0xFF78, 0xFF78, 0xFF78, 0xFF78, 0xFF78, 0xFF78, 0xFF78, 0xFF78, 0xFF78, 0xFF78, 0xFF99,
    0xFF37, 0xF694, 0xF631, 0xF5D0, 0xF5F0, 0xF5F0, 0xF5F0, 0xF5F0, 0xF5F0, 0xF5F0, 0xF5F1, 0xF5F1, 0xF5F1, 0xEDF1, 0xEDD0, 0xEDD0,
    0x9369, 0xA3EB, 0xA40B, 0xA40B, 0xA3EB, 0xA3EB, 0xA40B, 0xA40B, 0xA3C9, 0x9B27, 0x9B47, 0x9B47, 0x9B47, 0x9B47, 0xA367, 0xA367,
    0x9B47, 0xA367, 0xA367, 0xB3C8, 0xB3E8, 0xB3E8, 0xBC49, 0xC44A, 0xC44A, 0xC44A, 0xBC4A, 0xBC4A, 0xBC4A, 0xBC4A, 0xC46A, 0xBC6A,
    0xC4CC, 0xCD70, 0xCD70, 0xCD70, 0xCD90, 0xD591, 0xD591, 0xD591, 0xD591, 0xD591, 0xD591, 0xD591, 0xD5B0, 0xD5B1, 0xD5B1, 0xD5B1,
    0xD5B1, 0xD5B1, 0xD5D1, 0xDDD2, 0xDDD2, 0xDDF2, 0xDD6F, 0xCCAA, 0xCCAA, 0xCC8A, 0xCC8A, 0xD4AA, 0xED8E, 0xEDAE, 0xEDCF, 0xEDEF,
    0xEDEF, 0xEDEF, 0xEDEF, 0xEDEF, 0xEDEF, 0xEDF0, 0xEDF0, 0xEDF0, 0xEDF0, 0xEDF0, 0xEDF0, 0xEDF0, 0xEDF0, 0xEDF1, 0xF6D4, 0xF6F5,
    0xFF15, 0xFF36, 0xFF56, 0xFF36, 0xFF56, 0xFF56, 0xFEF4, 0xFE93, 0xFEB3, 0xFEB3, 0xFE93, 0xFEB2, 0xFEB2, 0xFEB3, 0xFE92, 0xFE92,
    0xFE92, 0xFEB2, 0xFE92, 0xFEB3, 0xFF57, 0xFF99, 0xFF99, 0xFF99, 0xFF99, 0xFF99, 0xFF99, 0xFF99, 0xFF99, 0xFF99, 0xFFB9, 0xFFB9,
    0xFFB9, 0xFFB9, 0xFFB9, 0xFFB9, 0xFFB9, 0xFFB9, 0xFFBA, 0xFFB9, 0xFFB9, 0xFF57, 0xFE92, 0xFE92, 0xFE92, 0xFE92, 0xFE92, 0xFE92,
    0xFE92, 0xFE92, 0xFE92, 0xFE92, 0xFE92, 0xFE92, 0xFE92, 0xFE92, 0xFE92, 0xFE92, 0xFE92, 0xFE92, 0xFE92, 0xFE92, 0xFEB2, 0xFEF4,
    0xFF98, 0xFFB9, 0xFFB9, 0xFFB9, 0xFFB9, 0xFFB8, 0xFFB8, 0xFFB8, 0xFFB9, 0xFFB9, 0xFFB9, 0xFFB9, 0xFFB9, 0xFFB9, 0xFFB8, 0xFFB9,
    0xFFB9, 0xFFB9, 0xFFB9, 0xFFDA, 0xFF98, 0xFF36, 0xFE92, 0xFE51, 0xFE51, 0xFE51, 0xFE51, 0xFE50, 0xF692, 0xFED4, 0xFED4, 0xFED4,
    0xF6F4, 0xF6D4, 0xF6D4, 0xF6D4, 0xFF97, 0xFFD9, 0xFFD9, 0xFFD9, 0xFFD9, 0xFF78, 0xF652, 0xF631, 0xF610, 0xF631, 0xF631, 0xF631,
    0xF631, 0xF631, 0xF631, 0xF631, 0xF631, 0xF631, 0xF631, 0xF611, 0xF611, 0xF611, 0xF611, 0xF631, 0xF5F0, 0xF652, 0xF6F5, 0xFF37,
    0xFF78, 0xFF78, 0xFF78, 0xFF78, 0xFF78, 0xFF78, 0xFF78, 0xFF78, 0xFF78, 0xFF78, 0xFF78, 0xFF78, 0xFF78, 0xFF78, 0xFF78, 0xFF78,
    0xFF78, 0xFF99, 0xF6D5, 0xF693, 0xF611, 0xF5F0, 0xF5F0, 0xF5F1, 0xF5F0, 0xF5F0, 0xF5F1, 0xF5F1, 0xF5F1, 0xEDF1, 0xEDF0, 0xEDF0,
    0xA40B, 0xA40B, 0xA40B, 0xA40B, 0xA40B, 0xA40B, 0xA40B, 0xA42B, 0xA3EA, 0x9B68, 0x9B47, 0x9B67, 0x9B67, 0xA367, 0xA367, 0xA367,
    0xABA7, 0xABC8, 0xABC8, 0xBC29, 0xC46A, 0xC449, 0xBC49, 0xC44A, 0xC44A, 0xC44A, 0xBC4A, 0xBC49, 0xBC4A, 0xC44A, 0xC46A, 0xC46A,
    0xC48B, 0xD550, 0xCD70, 0xCD70, 0xD571, 0xD591, 0xD591, 0xD591, 0xD591, 0xD591, 0xD591, 0xD5B1, 0xD5B0, 0xD5B1, 0xD5B1, 0xD5B0,
    0xD5B1, 0xDDB1, 0xDDB1, 0xDDD1, 0xDDD1, 0xDDD1, 0xDDB0, 0xDDAF, 0xE5D0, 0xE632, 0xEE52, 0xEE32, 0xEE73, 0xEE73, 0xEE73, 0xEE94,
    0xEE74, 0xEE94, 0xEE94, 0xF694, 0xF694, 0xF694, 0xF6B4, 0xF6B5, 0xF6B5, 0xF6B5, 0xF6B5, 0xF6B5, 0xF6D6, 0xF6F6, 0xFEB4, 0xF672,
    0xFE92, 0xFE92, 0xFE92, 0xFEB2, 0xFE92, 0xFE92, 0xFEB2, 0xFEB3, 0xFEB2, 0xFEB2, 0xFEB3, 0xFEB2, 0xFEB3, 0xFEB2, 0xFEB2, 0xFEB3,
    0xFEB2, 0xFEB2, 0xFEB2, 0xFEB3, 0xFED4, 0xFF78, 0xFF99, 0xFF99, 0xFF99, 0xFF99, 0xFF99, 0xFF99, 0xFF99, 0xFFB9, 0xFFB9, 0xFFB9,
    0xFFB9, 0xFFB9, 0xFFB9, 0xFFB9, 0xFFB9, 0xFFB9, 0xFFBA, 0xFFB9, 0xFFBA, 0xFFB9, 0xFF57, 0xFED4, 0xFE72, 0xFE92, 0xFE92, 0xFE92,
    0xFE92, 0xFE92, 0xFE92, 0xFE92, 0xFE92, 0xFE92, 0xFE92, 0xFE92, 0xFE92, 0xFEB2, 0xFE92, 0xFE92, 0xFE92, 0xFEB2, 0xFEB2, 0xFE92,
    0xFF15, 0xFF77, 0xFF98, 0xFFB9, 0xFFB9, 0xFFB9, 0xFFB9, 0xFFB8, 0xFFB9, 0xFFB9, 0xFFB9, 0xFFB9, 0xFFB9, 0xFFB8, 0xFFB8, 0xFFB8,
    0xFFB8, 0xFF77, 0xFF36, 0xFF36, 0xFF56, 0xFF36, 0xFE92, 0xFE92, 0xFF15, 0xFF15, 0xFF15, 0xFEF5, 0xFF77, 0xFFD9, 0xFFB9, 0xFFB9,
    0xFFD9, 0xFFB9, 0xFFBA, 0xFFB9, 0xFFB9, 0xFF99, 0xFFB9, 0xFFB9, 0xFFB9, 0xFFB9, 0xFFB9, 0xF6F5, 0xF652, 0xFE31, 0xF631, 0xF631,
    0xF631, 0xF631, 0xF631, 0xF631, 0xF631, 0xF631, 0xF611, 0xF611, 0xF611, 0xF611, 0xF611, 0xF611, 0xF611, 0xF611, 0xF5F0, 0xF693,
    0xF6F5, 0xFF78, 0xFF99, 0xFF78, 0xFF78, 0xFF78, 0xFF78, 0xFF78, 0xFF77, 0xFF77, 0xFF78, 0xFF78, 0xFF78, 0xFF79, 0xFF79, 0xFF79,
    0xFF79, 0xFF78, 0xFF79, 0xFF99, 0xF694, 0xF632, 0xF611, 0xF5F0, 0xF5F0, 0xF5F1, 0xF5F1, 0xF611, 0xF611, 0xF5F1, 0xEDF1, 0xEDD0,
    0xA40B, 0xA40B, 0xA40B, 0xA40B, 0xA42B, 0xA42B, 0xAC2B, 0xAC2C, 0xAC4C, 0xAC0B, 0x9B47, 0xA347, 0xA367, 0xA367, 0xA387, 0xA387,
    0xBC29, 0xC46A, 0xC46A, 0xC46A, 0xC44A, 0xC44A, 0xC44A, 0xC44A, 0xBC4A, 0xBC4A, 0xC46A, 0xC46A, 0xC46A, 0xC46A, 0xC46A, 0xC46A,
    0xC48A, 0xCD2E, 0xD591, 0xD591, 0xD591, 0xD590, 0xD590, 0xD5B1, 0xD5B1, 0xD5B1, 0xD5B1, 0xD5B1, 0xD5B1, 0xD5B1, 0xD54F, 0xCCCC,
    0xCCCC, 0xCCCC, 0xCCCC, 0xCCCC, 0xCCEC, 0xD4EC, 0xD50C, 0xE56E, 0xF652, 0xF6D6, 0xF6F7, 0xF6F7, 0xF6F6, 0xF6F7, 0xF6F6, 0xF6F6,
    0xF6F6, 0xF6F6, 0xF6F6, 0xF6F6, 0xF6F6, 0xF6F7, 0xF6F7, 0xF6F7, 0xF6F7, 0xF6F7, 0xF6F7, 0xF6F7, 0xF6F7, 0xF6F7, 0xFF16, 0xFEF5,
    0xFEB2, 0xFEB2, 0xFEB2, 0xFEB3, 0xFEB3, 0xFEB3, 0xFEB2, 0xFEB2, 0xFEB2, 0xFEB2, 0xFEB2, 0xFEB2, 0xFEB2, 0xFEB2, 0xFEB2, 0xFEB2,
    0xFEB2, 0xFEB2, 0xFEB2, 0xFEB2, 0xFEB3, 0xFEF4, 0xFF78, 0xFF99, 0xFF99, 0xFF99, 0xFF99, 0xFFB9, 0xFF99, 0xFF99, 0xFF99, 0xFFB9,
    0xFFB9, 0xFFB9, 0xFFB9, 0xFFBA, 0xFFBA, 0xFFBA, 0xFFBA, 0xFFBA, 0xFFB9, 0xFF99, 0xFFBA, 0xFF16, 0xF6B3, 0xFE92, 0xFE93, 0xFE92,
    0xFE92, 0xFE92, 0xFE92, 0xFE92, 0xFE92, 0xFE92, 0xFE92, 0xFE92, 0xFE92, 0xFE92, 0xFE92, 0xFEB2, 0xFE92, 0xFE92, 0xFE92, 0xFE92,
    0xFED3, 0xFEF4, 0xFF56, 0xFFB9, 0xFF98, 0xFF78, 0xFF77, 0xFF77, 0xFF77, 0xFF15, 0xFED4, 0xFEF4, 0xFED3, 0xFEB3, 0xFED3, 0xFED3,
    0xFED3, 0xFEB2, 0xFE72, 0xFE92, 0xFE71, 0xFE72, 0xFE71, 0xFEB3, 0xFF78, 0xFF99, 0xFFBA, 0xFFBA, 0xFFB9, 0xFFB9, 0xFFB9, 0xFFB9,
    0xFF99, 0xFF99, 0xFF99, 0xFF99, 0xFF99, 0xFF99, 0xFF99, 0xFF99, 0xFFB9, 0xFFB9, 0xFFB9, 0xFFB9, 0xFF57, 0xF652, 0xF631, 0xF631,
    0xF631, 0xF631, 0xF631, 0xF631, 0xF631, 0xF631, 0xF610, 0xF631, 0xF631, 0xF631, 0xF631, 0xF631, 0xF611, 0xF611, 0xF631, 0xF611,
    0xF611, 0xF6D5, 0xFF58, 0xFF99, 0xFF79, 0xFF78, 0xFF78, 0xFF78, 0xFF78, 0xFF78, 0xFF99, 0xFF99, 0xFF99, 0xFF79, 0xFF79, 0xFF99,
    0xFF99, 0xFF99, 0xFF99, 0xFF99, 0xFF79, 0xFF99, 0xFF16, 0xF611, 0xF5F0, 0xEDF0, 0xEDF0, 0xF5F0, 0xF5F0, 0xF5F1, 0xF632, 0xF694,
    0xA40B, 0xA40B, 0xAC2B, 0xAC2B, 0xAC2C, 0xAC2C, 0xAC2C, 0xAC4C, 0xAC4C, 0xAC2B, 0xA388, 0xA387, 0xB3C8, 0xBC29, 0xBC29, 0xC44A,
    0xC44A, 0xC46A, 0xC46A, 0xC46A, 0xC46A, 0xC46A, 0xC46A, 0xC44A, 0xBC4A, 0xBC4A, 0xC44A, 0xC44A, 0xBC4A, 0xC48B, 0xC4AB, 0xC4AB,
    0xC4AC, 0xCD0E, 0xD570, 0xD54F, 0xD54E, 0xCCEC, 0xCCCC, 0xCCCC, 0xCCCC, 0xCCCC, 0xCCCC, 0xCCCC, 0xCCCC, 0xCCCC, 0xCCCB, 0xCCAA,
    0xCCAA, 0xCCAA, 0xCCAA, 0xCC8A, 0xCC8A, 0xD4EB, 0xEDEF, 0xEDCF, 0xEE31, 0xF6D6, 0xF6D6, 0xF6D6, 0xF6D6, 0xF6D6, 0xF6D6, 0xF6D6,
    0xF6D6, 0xF6D6, 0xF6D6, 0xF6D6, 0xF6D6, 0xF6D6, 0xF6D6, 0xF6F6, 0xF6D6, 0xF6D6, 0xF6D6, 0xF737, 0xFF98, 0xFF78, 0xFFB9, 0xFF77,
    0xFE92, 0xFEB2, 0xFEB2, 0xFEB2, 0xFEB3, 0xFEB2, 0xFEB2, 0xFEB2, 0xFEB3, 0xFEB2, 0xFEB2, 0xFEB2, 0xFEB2, 0xFEB2, 0xFEB2, 0xFEB2,
    0xFEB2, 0xFEB2, 0xFEB2, 0xFEB2, 0xFEB3, 0xFEB2, 0xFF15, 0xFF98, 0xFF99, 0xFF99, 0xFF99, 0xFFB9, 0xFFB9, 0xFF99, 0xFFB9, 0xFFB9,
    0xFFB9, 0xFFB9, 0xFFB9, 0xFFB9, 0xFFB9, 0xFFB9, 0xFFB9, 0xFFB9, 0xFFB9, 0xFFB9, 0xFF99, 0xFFB9, 0xFF77, 0xFE93, 0xFE93, 0xFE72,
    0xFE92, 0xFE92, 0xFE72, 0xFE92, 0xFE92, 0xFE72, 0xFE92, 0xFEB3, 0xFED3, 0xFED3, 0xFEB3, 0xFEB4, 0xFF36, 0xFF76, 0xFF57, 0xFF56,
    0xFF77, 0xFF98, 0xFFB9, 0xFF77, 0xFEB2, 0xFE92, 0xFEB2, 0xFE92, 0xFE92, 0xFE72, 0xFE71, 0xFE72, 0xFE72, 0xFE72, 0xFE72, 0xFE92,
    0xFE91, 0xFE72, 0xFE92, 0xFE71, 0xFE71, 0xFE71, 0xFE71, 0xFE92, 0xFE92, 0xFF15, 0xFF99, 0xFF99, 0xFF99, 0xFFB9, 0xFFB9, 0xFF99,
    0xFF99, 0xFF99, 0xFF99, 0xFF99, 0xFFB9, 0xFF99, 0xFF99, 0xFF99, 0xFFB9, 0xFFB9, 0xFFB9, 0xFFB9, 0xFFB9, 0xFF98, 0xF673, 0xF631,
    0xF631, 0xF631, 0xF631, 0xF631, 0xF631, 0xF631, 0xF631, 0xF631, 0xF631, 0xF631, 0xF631, 0xF631, 0xF611, 0xF631, 0xF631, 0xF631,
    0xF631, 0xF631, 0xF6B4, 0xFF57, 0xFF99, 0xFF99, 0xFF99, 0xFF99, 0xFF9A, 0xFFBA, 0xFFBA, 0xFF99, 0xFF99, 0xFF99, 0xFF9A, 0xF737,
    0xF6B5, 0xF6D5, 0xF6D5, 0xF6B5, 0xF6B5, 0xF6B5, 0xF6B4, 0xF611, 0xEE11, 0xF6F5, 0xF6F6, 0xF6F6, 0xF6F6, 0xF6D6, 0xFF17, 0xFF79,
    0xA40B, 0xAC2C, 0xAC2C, 0xAC4C, 0xAC4C, 0xAC4C, 0xB46C, 0xB46C, 0xAC6C, 0xB46C, 0xBC4A, 0xBC09, 0xBC29, 0xC449, 0xC449, 0xC44A,
    0xC46A, 0xC46A, 0xC46A, 0xC46A, 0xC46A, 0xC46A, 0xBC6A, 0xC4AC, 0xCD0E, 0xCD0E, 0xCD0D, 0xCD0D, 0xCD0D, 0xD54F, 0xD591, 0xD590,
    0xD591, 0xDDB1, 0xCCED, 0xCCAA, 0xCCAB, 0xCCAA, 0xCCAA, 0xCC8A, 0xCC8A, 0xCCAA, 0xCCAA, 0xCCAA, 0xCCAA, 0xCCAA, 0xCCAA, 0xCCAB,
    0xCCAA, 0xCCAA, 0xCC8A, 0xE54D, 0xE56D, 0xE5AE, 0xEE10, 0xEE10, 0xF610, 0xEE51, 0xF6B5, 0xF6F7, 0xF6F6, 0xF6F6, 0xF6F6, 0xF6F6,
    0xF6F6, 0xF6F6, 0xF6F6, 0xF6D6, 0xF6F6, 0xF6F6, 0xF6F6, 0xF6F6, 0xF6F6, 0xF757, 0xF757, 0xFF98, 0xFFD9, 0xFFD9, 0xFFD9, 0xFF98,
    0xFF15, 0xFEB2, 0xFEB2, 0xFEB2, 0xFEB2, 0xFEB2, 0xFEB2, 0xFEB2, 0xFEB3, 0xFEB3, 0xFEB2, 0xFEB2, 0xFEB2, 0xFEB2, 0xFEB2, 0xFEB2,
    0xFEB2, 0xFEB2, 0xFEB2, 0xFEB2, 0xFEB2, 0xFEB3, 0xFEB2, 0xFF56, 0xFFB9, 0xFF99, 0xFFB9, 0xFFB9, 0xFFB9, 0xFFB9, 0xFFB9, 0xFFB9,
    0xFFD9, 0xFFD9, 0xFFD9, 0xFFBA, 0xFFBA, 0xFFBA, 0xFFB9, 0xFFB9, 0xFFB9, 0xFF99, 0xFF99, 0xFF99, 0xFF98, 0xFF35, 0xFEB2, 0xFED4,
    0xFED4, 0xFED3, 0xFEB4, 0xFED3, 0xFED3, 0xFED3, 0xF6F5, 0xFF98, 0xFFB9, 0xFFB9, 0xFFB9, 0xFFB8, 0xFFB9, 0xFFB9, 0xFFB9, 0xFFD9,
    0xFFB9, 0xFFB9, 0xFFB9, 0xFFB9, 0xF736, 0xF6B2, 0xFE92, 0xFE92, 0xFE92, 0xFE92, 0xFE92, 0xFE72, 0xFE72, 0xFE72, 0xFE91, 0xFE92,
    0xFE91, 0xFE91, 0xFE91, 0xFE92, 0xFE71, 0xFE71, 0xFE71, 0xFE91, 0xFE71, 0xFE92, 0xFED4, 0xFF98, 0xFFB9, 0xFF99, 0xFF99, 0xFF99,
    0xFFB9, 0xFF99, 0xFF99, 0xFF99, 0xFF99, 0xFF99, 0xFF99, 0xFFB9, 0xFFB9, 0xFFB9, 0xFFB9, 0xFFB9, 0xFFB9, 0xFFB9, 0xFF78, 0xF715,
    0xF631, 0xFE31, 0xF631, 0xF631, 0xF631, 0xFE31, 0xF631, 0xF631, 0xF631, 0xF631, 0xF631, 0xF631, 0xF631, 0xF631, 0xF631, 0xF631,
    0xF651, 0xF632, 0xF651, 0xF652, 0xFF37, 0xFF78, 0xFF98, 0xFF77, 0xFF57, 0xFF37, 0xFF37, 0xFF37, 0xFF37, 0xFF37, 0xFF37, 0xF693,
    0xF5F1, 0xF611, 0xF611, 0xF611, 0xF611, 0xF611, 0xF5F1, 0xF611, 0xF611, 0xF6B5, 0xFF38, 0xFF99, 0xFF99, 0xFF99, 0xFF79, 0xFF79,
    0xAC0B, 0xAC2B, 0xAC2B, 0xAC0A, 0xABEA, 0xABEA, 0xABEA, 0xABEA, 0xABEA, 0xBC4B, 0xC46B, 0xC4AC, 0xC4EC, 0xCD2E, 0xCD2E, 0xCD2E,
    0xCD4E, 0xCD4E, 0xCD4E, 0xCD4F, 0xCD4F, 0xCD4F, 0xCD4E, 0xD570, 0xD5B1, 0xD5B1, 0xD5B1, 0xD5B1, 0xD5B1, 0xD5B1, 0xD5B1, 0xD5B1,
    0xD5B1, 0xD5B1, 0xD56F, 0xD4EC, 0xCCAA, 0xCCAA, 0xCCAB, 0xCCAB, 0xCCAA, 0xCCAA, 0xCCAA, 0xCCAA, 0xCCAA, 0xCCCB, 0xCCCB, 0xD4CB,
    0xCCCA, 0xDD2C, 0xDD4C, 0xEDAE, 0xF610, 0xF610, 0xEDEF, 0xEE0F, 0xEE10, 0xEE10, 0xF694, 0xF6F7, 0xF6F7, 0xF6F6, 0xF6F6, 0xF6F6,
    0xF6F6, 0xF6F6, 0xF6F6, 0xF6F6, 0xF6F6, 0xF6F6, 0xF6F6, 0xF6F7, 0xF717, 0xFFB9, 0xFFD9, 0xFFD8, 0xFFB9, 0xFFB9, 0xFFB8, 0xFFD9,
    0xFFB9, 0xFEF4, 0xFEB2, 0xFEB3, 0xFEB2, 0xFEB3, 0xFEB2, 0xFEB2, 0xFEB3, 0xFEB2, 0xFEB2, 0xFEB2, 0xFEB2, 0xFEB2, 0xFEB2, 0xFEB2,
    0xFEB2, 0xFE92, 0xFE92, 0xFEB2, 0xFEB2, 0xFEB2, 0xFEB3, 0xFEB3, 0xFF35, 0xFFB9, 0xFFB9, 0xFFB9, 0xFFB9, 0xFFB9, 0xFF98, 0xFF77,
    0xFF77, 0xFF77, 0xFF77, 0xFF77, 0xFF57, 0xFF57, 0xFF77, 0xFF36, 0xFEF4, 0xFEF4, 0xFEF4, 0xFEF5, 0xFEF4, 0xFED3, 0xFEF4, 0xFFBA,
    0xFFBA, 0xFFB9, 0xFFB9, 0xFFB9, 0xFFB9, 0xFFB9, 0xFFB9, 0xFFD9, 0xFFB9, 0xFFB9, 0xFFB9, 0xFFB9, 0xFFB9, 0xFFB9, 0xFFB9, 0xFFB8,
    0xFFB9, 0xFFB9, 0xFF98, 0xFFB9, 0xFFFA, 0xFF97, 0xFEB2, 0xFEB2, 0xFE92, 0xF672, 0xFE92, 0xFEF3, 0xFEF3, 0xFEF3, 0xFED2, 0xFE92,
    0xFE91, 0xFE91, 0xFE91, 0xFE92, 0xFE71, 0xFE91, 0xFE91, 0xFE91, 0xFE91, 0xFE71, 0xFE92, 0xFEB3, 0xFF57, 0xFFDA, 0xFFB9, 0xFFB9,
    0xFFB9, 0xFF99, 0xFFB9, 0xFFB9, 0xFFB9, 0xFFB9, 0xFFB9, 0xFFB9, 0xFF99, 0xFF99, 0xFF99, 0xFF99, 0xFF99, 0xFFB9, 0xFFDA, 0xFF98,
    0xFF16, 0xF672, 0xF631, 0xF631, 0xF651, 0xFE31, 0xF631, 0xF631, 0xF631, 0xF611, 0xF631, 0xF610, 0xF611, 0xF631, 0xF631, 0xF631,
    0xF693, 0xF736, 0xFF16, 0xFF16, 0xFF37, 0xF757, 0xFF57, 0xF673, 0xF611, 0xF631, 0xF611, 0xF611, 0xF611, 0xF611, 0xF631, 0xF631,
    0xF631, 0xF631, 0xF631, 0xF631, 0xF631, 0xF631, 0xF631, 0xF631, 0xF631, 0xEE11, 0xF673, 0xF6B4, 0xFF58, 0xFF99, 0xFF58, 0xFF78,
    0xAB88, 0xABA8, 0xABA8, 0xABA8, 0xABA8, 0xB3C8, 0xB3C8, 0xB3C8, 0xB3E9, 0xBC49, 0xBC6B, 0xD56F, 0xD590, 0xD590, 0xD591, 0xD5B1,
    0xD5B1, 0xD5B1, 0xD5B1, 0xD5B1, 0xD5B1, 0xD5B1, 0xD5B1, 0xD591, 0xD591, 0xD591, 0xD591, 0xD591, 0xD591, 0xD591, 0xD5B1, 0xD5B1,
    0xD5B1, 0xD5B1, 0xDDD2, 0xCD0C, 0xCC8A, 0xCCCB, 0xCCAA, 0xCCAA, 0xCCAA, 0xCCAA, 0xCCAA, 0xCCCB, 0xD4CB, 0xCCCB, 0xCCAA, 0xDD0C,
    0xEDAE, 0xEDEF, 0xF610, 0xF610, 0xF610, 0xF610, 0xEE10, 0xEE0F, 0xEE10, 0xEE10, 0xF631, 0xF6B5, 0xF6F7, 0xF6F6, 0xF6F6, 0xF6F6,
    0xF6F6, 0xF6F6, 0xF6F6, 0xF6F6, 0xF6F6, 0xF6F6, 0xFF58, 0xFFB9, 0xFFB9, 0xFFB9, 0xFFB9, 0xFFB8, 0xFFB9, 0xFFB9, 0xFFB9, 0xFFB9,
    0xFFBA, 0xFF98, 0xFEB2, 0xFEB2, 0xFEB2, 0xFEB3, 0xFEB2, 0xFEB2, 0xFEB2, 0xFEB2, 0xFEB2, 0xFEB2, 0xFEB2, 0xFEB2, 0xFE92, 0xFE92,
    0xFED3, 0xFED4, 0xFED4, 0xFED3, 0xFED4, 0xFEF4, 0xFF15, 0xFF15, 0xFF36, 0xFF77, 0xFF35, 0xFF35, 0xFF56, 0xFEF4, 0xFEF3, 0xFED3,
    0xFED3, 0xFED3, 0xFED3, 0xFED3, 0xFED3, 0xFED3, 0xFED3, 0xFEB3, 0xFEB3, 0xFEB3, 0xFEB2, 0xFEB3, 0xFEB3, 0xFEB3, 0xFED4, 0xFF56,
    0xFF99, 0xFFBA, 0xFFB9, 0xFFB9, 0xFFB9, 0xFFB9, 0xFFB9, 0xFFB9, 0xFFB9, 0xFFB9, 0xFFB9, 0xFFB9, 0xFFB9, 0xFFB9, 0xFFB9, 0xFFB9,
    0xFF99, 0xFFD9, 0xFFFC, 0xEF38, 0x6B09, 0x62A8, 0x49A4, 0x4184, 0x4184, 0x4163, 0x49C4, 0xB4CE, 0xC52F, 0xB4CD, 0xD58F, 0xFED2,
    0xFE91, 0xFE91, 0xFE91, 0xFE92, 0xFE91, 0xFE91, 0xFE91, 0xFE91, 0xFE91, 0xFE91, 0xFE91, 0xFE71, 0xFED3, 0xFF36, 0xFFB8, 0xFFB9,
    0xFFB9, 0xFFB9, 0xFFB9, 0xFFB9, 0xFFB9, 0xFFB9, 0xFFB9, 0xFFB9, 0xFFB9, 0xFFB9, 0xFFB9, 0xFFB9, 0xFFB9, 0xFFBA, 0xFFBA, 0xFFBA,
    0xFFDA, 0xFF57, 0xF673, 0xF631, 0xF631, 0xF631, 0xF651, 0xF631, 0xF631, 0xF631, 0xF6D5, 0xFF16, 0xFF16, 0xFF16, 0xFF16, 0xFF16,
    0xFF58, 0xFF9A, 0xFF9A, 0xFFBA, 0xFF9A, 0xFFBA, 0xFF99, 0xFEF6, 0xF632, 0xF631, 0xF631, 0xF631, 0xF631, 0xF631, 0xF631, 0xF631,
    0xF631, 0xF631, 0xF631, 0xF631, 0xF631, 0xF631, 0xF632, 0xF632, 0xF632, 0xF632, 0xF612, 0xF612, 0xF6B4, 0xF716, 0xFF59, 0xFF79,
    0xAB87, 0xAB87, 0xB3A8, 0xB3C8, 0xB3E8, 0xC46A, 0xC48A, 0xC46A, 0xC46A, 0xC46A, 0xC48A, 0xCD4F, 0xD590, 0xD590, 0xD590, 0xD590,
    0xD590, 0xD590, 0xD590, 0xD590, 0xD591, 0xD591, 0xD591, 0xD591, 0xD591, 0xD591, 0xD591, 0xD5B1, 0xD591, 0xD5B1, 0xD5B1, 0xD5B1,
    0xD5B1, 0xD5B1, 0xDDB1, 0xDD8F, 0xD4EC, 0xCCAA, 0xCCAA, 0xCCAA, 0xCCAA, 0xCCCB, 0xD4CB, 0xCCAA, 0xCCAA, 0xE56D, 0xEDCE, 0xEDCE,
    0xF5EF, 0xF60F, 0xF610, 0xF610, 0xF610, 0xEE10, 0xEE10, 0xEE10, 0xEE10, 0xEE10, 0xEE10, 0xF6B4, 0xF6F6, 0xF6F7, 0xF6F6, 0xF6F7,
    0xF717, 0xF717, 0xF717, 0xFF58, 0xFF58, 0xFF58, 0xFF98, 0xFFD9, 0xFFD9, 0xFFD9, 0xFFB8, 0xFFD9, 0xFFD9, 0xFFD9, 0xFFD9, 0xFFD9,
    0xFFD9, 0xFFB9, 0xFF35, 0xFEB2, 0xFEB2, 0xFEB2, 0xFEB3, 0xFEF4, 0xFEF4, 0xFEF4, 0xFED3, 0xFF35, 0xFF76, 0xFF56, 0xFF56, 0xFF56,
    0xFF97, 0xFF98, 0xFF98, 0xFF98, 0xFF98, 0xFF98, 0xFFB8, 0xFFD9, 0xFFD9, 0xFFB8, 0xFF14, 0xFED3, 0xFED3, 0xFED3, 0xFED3, 0xFED3,
    0xFED3, 0xFED3, 0xFED3, 0xFED3, 0xFED3, 0xFED3, 0xFED3, 0xFEB3, 0xFEB3, 0xFEB3, 0xFEB3, 0xFEB3, 0xFEB3, 0xFEB3, 0xFEB3, 0xFEB2,
    0xFF36, 0xFFB9, 0xFFB9, 0xFFB9, 0xFFB9, 0xFFB9, 0xFFB9, 0xFFB9, 0xFFB9, 0xFFB9, 0xFFB9, 0xFFB9, 0xFFB9, 0xFFB9, 0xFFB9, 0xFFB9,
    0xFFFA, 0xDEB6, 0x9CCF, 0x83EC, 0x20C2, 0x28E3, 0x2903, 0x2903, 0x2903, 0x2923, 0x2903, 0x2081, 0x20A2, 0x1020, 0x8B8A, 0xF6D2,
    0xFE91, 0xFEB2, 0xFE92, 0xFE91, 0xFE91, 0xFE91, 0xFE91, 0xFE91, 0xFE91, 0xFE91, 0xFE71, 0xFE71, 0xFE71, 0xFE91, 0xFF56, 0xFF98,
    0xFFB9, 0xFFBA, 0xFFB9, 0xFFB9, 0xFFB9, 0xFFB9, 0xFFB9, 0xFFB9, 0xFFB9, 0xFFB9, 0xFFB9, 0xFFB9, 0xFF57, 0xFF57, 0xFF57, 0xFF57,
    0xFF57, 0xFF57, 0xFEB3, 0xF651, 0xF6B3, 0xF6F5, 0xFF57, 0xFF57, 0xFF57, 0xFF57, 0xFF98, 0xFFB9, 0xFF99, 0xFF99, 0xFF99, 0xFF9A,
    0xFF9A, 0xFF99, 0xFF99, 0xFF99, 0xFF9A, 0xFF9A, 0xFF9A, 0xFF9A, 0xFF58, 0xF693, 0xF611, 0xF631, 0xF631, 0xF631, 0xF631, 0xF631,
    0xF631, 0xF631, 0xF631, 0xF631, 0xF632, 0xF632, 0xF632, 0xF632, 0xF632, 0xF632, 0xF632, 0xF632, 0xF612, 0xF653, 0xFF16, 0xFF58,
    0xB3A7, 0xB3C8, 0xBC29, 0xC46A, 0xC46A, 0xC46A, 0xC46A, 0xC46A, 0xC48A, 0xC48A, 0xC48A, 0xCD4E, 0xCD90, 0xD590, 0xD590, 0xD590,
    0xD5B0, 0xD5B1, 0xD591, 0xD5B1, 0xD5B1, 0xD5B1, 0xD591, 0xD591, 0xD5B1, 0xD5B1, 0xD5B1, 0xD5B1, 0xD5B1, 0xD5B1, 0xD5B1, 0xDDB1,
    0xD5B1, 0xDDB1, 0xDDB1, 0xDDD1, 0xD50C, 0xCCAA, 0xD4CB, 0xCCCB, 0xCCAA, 0xCCAA, 0xCCAA, 0xE56D, 0xE56D, 0xEDEF, 0xF630, 0xF60F,
    0xF610, 0xF610, 0xF630, 0xF610, 0xF610, 0xF610, 0xF610, 0xF610, 0xF610, 0xF610, 0xF611, 0xF630, 0xF6D4, 0xF6F7, 0xF716, 0xF716,
    0xF716, 0xF716, 0xF757, 0xFFD9, 0xFFD9, 0xFFD9, 0xFFD9, 0xFFD9, 0xFFD9, 0xFFD9, 0xFFD9, 0xFF56, 0xFEF4, 0xFF14, 0xFF14, 0xFF14,
    0xFF14, 0xFF15, 0xFEF4, 0xFED4, 0xFF15, 0xFF15, 0xFF36, 0xFFB8, 0xFFB8, 0xFFB8, 0xFF98, 0xFFB8, 0xFFB9, 0xFFB9, 0xFFB8, 0xFFB8,
    0xFFB8, 0xFFB8, 0xFFB8, 0xFFB8, 0xFFB9, 0xFFB9, 0xFFB9, 0xFFB9, 0xFFB8, 0xFFB9, 0xFFB8, 0xFEF4, 0xFED2, 0xFED3, 0xFED3, 0xFED3,
    0xFED3, 0xFED3, 0xFED3, 0xFED3, 0xFED3, 0xFED3, 0xFED3, 0xFED3, 0xFED3, 0xFEB3, 0xFEB2, 0xFEB3, 0xFEB3, 0xFEB3, 0xFED3, 0xFEB3,
    0xFEB3, 0xFF35, 0xFFB9, 0xFFB9, 0xFFB9, 0xFFB9, 0xFFB9, 0xFFB9, 0xFFB9, 0xFFB9, 0xFFD9, 0xFFFA, 0xFFFA, 0xFFB9, 0xFFB9, 0xF778,
    0xE737, 0xA4CF, 0x1840, 0x28E2, 0x39A5, 0x39C5, 0x39C5, 0x39C5, 0x39A5, 0x41C5, 0x3985, 0x20E2, 0x20E2, 0x20E2, 0x20C2, 0x9C2B,
    0xFF13, 0xFE91, 0xFEB2, 0xFE91, 0xFE91, 0xFE91, 0xFE91, 0xFE91, 0xFE71, 0xFE71, 0xFE71, 0xFE51, 0xFE50, 0xFE91, 0xFEB2, 0xFF15,
    0xFFB9, 0xFF99, 0xFFB9, 0xFF99, 0xFF99, 0xFF99, 0xFF98, 0xFF57, 0xFF36, 0xFF36, 0xFF56, 0xFF36, 0xF672, 0xFE51, 0xFE51, 0xFE51,
    0xFE51, 0xF651, 0xFE51, 0xFE71, 0xFE93, 0xFF57, 0xFF99, 0xFF99, 0xFF99, 0xFF99, 0xFF99, 0xFF99, 0xFF99, 0xFF99, 0xFF99, 0xFF99,
    0xFF99, 0xFF99, 0xFF9A, 0xFF9A, 0xFF9A, 0xFF9A, 0xFF99, 0xFF99, 0xFF9A, 0xFF79, 0xF6B5, 0xF610, 0xF631, 0xF631, 0xF631, 0xF631,
    0xF631, 0xF631, 0xF631, 0xF631, 0xF632, 0xF632, 0xF632, 0xF632, 0xF631, 0xF632, 0xF632, 0xF632, 0xF632, 0xF632, 0xF631, 0xF6B4,
    0xC449, 0xC449, 0xC46A, 0xC48A, 0xCC8A, 0xC48A, 0xC48A, 0xC48A, 0xC48A, 0xC48A, 0xC48A, 0xC4AB, 0xD56F, 0xD590, 0xD590, 0xD590,
    0xD5B0, 0xD591, 0xD591, 0xD5B1, 0xD5B1, 0xD5B1, 0xD5B1, 0xD5B1, 0xD5B1, 0xD5B1, 0xD5B1, 0xD5B1, 0xD5B1, 0xD5B1, 0xD5B1, 0xD5B2,
    0xDDB2, 0xDDB1, 0xDDB1, 0xDDD1, 0xDD4E, 0xD4EB, 0xCCAB, 0xCCAA, 0xDD0C, 0xE54D, 0xDD4D, 0xF610, 0xF610, 0xF60F, 0xF5EF, 0xF60F,
    0xF610, 0xF610, 0xF630, 0xF610, 0xF610, 0xF610, 0xEE10, 0xEE10, 0xEDEF, 0xEDEF, 0xF610, 0xEDEF, 0xF652, 0xF6F6, 0xFEF5, 0xFF15,
    0xFF15, 0xFF15, 0xFF15, 0xFF15, 0xFF15, 0xFF14, 0xFEF4, 0xFEF3, 0xFEF3, 0xFEF3, 0xFEF4, 0xFEB2, 0xFE91, 0xFE91, 0xFE91, 0xFE91,
    0xFE91, 0xFE91, 0xFE91, 0xFEF4, 0xFFD9, 0xFFB9, 0xFFD9, 0xFFB9, 0xFFB9, 0xFFB9, 0xFFB9, 0xFFB8, 0xFFB8, 0xFFB8, 0xFFB8, 0xFFB8,
    0xFFB8, 0xFFB8, 0xFFB8, 0xFFB8, 0xFFB9, 0xFFB9, 0xFFB9, 0xFFB9, 0xFFB9, 0xFFB9, 0xFFB9, 0xFF97, 0xFEF3, 0xFED3, 0xFED3, 0xFED3,
    0xFED3, 0xFED3, 0xFED3, 0xFED3, 0xFED3, 0xFED3, 0xFED3, 0xFED3, 0xFED3, 0xFED3, 0xFEB3, 0xFEB3, 0xFED3, 0xFED3, 0xFED3, 0xFED3,
    0xFEB2, 0xFED3, 0xFF15, 0xFF98, 0xFFBA, 0xFFB9, 0xFFB9, 0xFFB9, 0xFFD9, 0xFFDA, 0xFFDA, 0xE6F6, 0xE6D7, 0xFFFA, 0xFFFB, 0xF799,
    0x41A5, 0x3144, 0x41E5, 0x39C5, 0x39A5, 0x39A5, 0x3985, 0x3985, 0x3985, 0x3985, 0x3184, 0x3144, 0x3144, 0x3144, 0x1081, 0x49E5,
    0xEE92, 0xFEF3, 0xFE71, 0xFE91, 0xFE91, 0xFE91, 0xFE91, 0xFEB2, 0xFEB2, 0xFE92, 0xFF15, 0xFF56, 0xFF56, 0xFF57, 0xFF78, 0xFF98,
    0xFFB9, 0xF6F5, 0xFE92, 0xFE92, 0xFE92, 0xFE92, 0xFE92, 0xFE72, 0xFE72, 0xFE72, 0xFE91, 0xFE91, 0xFE71, 0xFE71, 0xFE71, 0xFE71,
    0xFE51, 0xFE51, 0xFE51, 0xFE51, 0xFE51, 0xFE92, 0xFF15, 0xFF99, 0xFF99, 0xFF98, 0xFF99, 0xFF99, 0xFF99, 0xFF99, 0xFF99, 0xFF99,
    0xFF99, 0xFF99, 0xFF9A, 0xFF9A, 0xFF9A, 0xFF9A, 0xFF9A, 0xFF99, 0xFF99, 0xFFBA, 0xFF79, 0xF737, 0xF673, 0xF611, 0xF632, 0xF632,
    0xF631, 0xF631, 0xF631, 0xF631, 0xF632, 0xF632, 0xF632, 0xF632, 0xF632, 0xF632, 0xF632, 0xF632, 0xF632, 0xF632, 0xF632, 0xF632,
    0xC46A, 0xCC8A, 0xC48A, 0xC48A, 0xC48A, 0xC48A, 0xC48A, 0xC48A, 0xC48A, 0xC48A, 0xC48A, 0xCC8B, 0xD56F, 0xD590, 0xD590, 0xD5B1,
    0xD5B1, 0xD5B1, 0xD5B1, 0xD5B1, 0xD5B1, 0xD5B1, 0xD5B1, 0xD5B1, 0xD5B1, 0xD5B1, 0xD5B1, 0xD5B1, 0xD5B1, 0xD5B1, 0xD5B1, 0xD5B1,
    0xDDD1, 0xDDD2, 0xDDD2, 0xDDD2, 0xE5F1, 0xD54D, 0xDCEB, 0xDD0C, 0xEDAE, 0xF610, 0xF60F, 0xF5EF, 0xF610, 0xF631, 0xF631, 0xF651,
    0xF651, 0xF652, 0xF652, 0xF652, 0xF652, 0xF673, 0xF693, 0xF6B4, 0xF6B4, 0xF6B4, 0xF6B5, 0xF6B5, 0xF6D5, 0xFF57, 0xFEB3, 0xFEB2,
    0xFEB2, 0xFEB2, 0xFEB2, 0xFEB2, 0xFEB1, 0xFEB1, 0xFE91, 0xFE91, 0xFE91, 0xFE91, 0xFE71, 0xFE91, 0xFE91, 0xFE91, 0xFE92, 0xFE91,
    0xFE92, 0xFE92, 0xFE91, 0xFEB3, 0xFF36, 0xFFB8, 0xFFB9, 0xFFB9, 0xFFB9, 0xFFB9, 0xFFB8, 0xFFB9, 0xFFB9, 0xFFB9, 0xFFB9, 0xFFB9,
    0xFFB9, 0xFFB9, 0xFFB9, 0xFFB9, 0xFFB9, 0xFFD9, 0xFFD9, 0xFFD9, 0xFFD9, 0xFFD9, 0xFFD9, 0xFFD9, 0xFF77, 0xFEF3, 0xFED2, 0xFED3,
    0xFED3, 0xFED3, 0xFED3, 0xFED3, 0xFED3, 0xFED3, 0xFED3, 0xFED3, 0xFED3, 0xFED3, 0xFEB3, 0xFED3, 0xFED3, 0xFED3, 0xFED3, 0xFED3,
    0xFEB3, 0xFED3, 0xFED3, 0xFF15, 0xFF98, 0xFFB9, 0xFFB9, 0xFFB9, 0xFFDA, 0xFFFA, 0xFF9A, 0x5A47, 0x3103, 0x6AE9, 0x6B0A, 0x5AA8,
    0x3985, 0x3964, 0x39A5, 0x3984, 0x3184, 0x3184, 0x3164, 0x3164, 0x3185, 0x3185, 0x3164, 0x3185, 0x3185, 0x3164, 0x2923, 0x1881,
    0x7B49, 0xD5F1, 0xFF56, 0xFF15, 0xFF15, 0xFF15, 0xFF14, 0xFF77, 0xFFB8, 0xFF99, 0xFFB9, 0xFFDA, 0xFFDA, 0xFFDA, 0xFFDA, 0xFFDA,
    0xFFDA, 0xFF99, 0xFED4, 0xFE92, 0xFE71, 0xFE72, 0xFE71, 0xFE71, 0xFE71, 0xFE71, 0xFE71, 0xFE71, 0xFE71, 0xFE71, 0xFE71, 0xFE71,
    0xFE51, 0xFE51, 0xFE51, 0xFE51, 0xFE71, 0xFE51, 0xF672, 0xF6B3, 0xFF37, 0xFFBA, 0xFF99, 0xFF99, 0xFF99, 0xFF99, 0xFF99, 0xFF99,
    0xFF99, 0xFF99, 0xFF99, 0xFF99, 0xFF99, 0xFF99, 0xFF99, 0xFF99, 0xFF99, 0xFF99, 0xFF9A, 0xFFBA, 0xFF37, 0xF6F5, 0xF652, 0xF611,
    0xF632, 0xF631, 0xF631, 0xF631, 0xF632, 0xF632, 0xF632, 0xF632, 0xF632, 0xF632, 0xF632, 0xF632, 0xF632, 0xF631, 0xF631, 0xF611,
    0xC46A, 0xCC8A, 0xCC8A, 0xC48A, 0xC48A, 0xC48A, 0xC48A, 0xC48A, 0xC48A, 0xC48A, 0xC48A, 0xCCAB, 0xCD2E, 0xD590, 0xD5B1, 0xD5B1,
    0xD5B1, 0xD5B1, 0xD5B1, 0xD5B1, 0xD5B1, 0xD5B1, 0xD5B1, 0xD5B1, 0xD5B1, 0xDDB1, 0xDDB1, 0xDDB1, 0xDDB1, 0xDDB1, 0xDDB1, 0xDDB1,
    0xD590, 0xDD90, 0xDD8F, 0xDD90, 0xE5D0, 0xEDCF, 0xEDEF, 0xEE11, 0xF652, 0xF672, 0xF672, 0xF673, 0xF6D6, 0xF6F6, 0xF6F6, 0xF6F6,
    0xF717, 0xF717, 0xF6F7, 0xFF17, 0xFF17, 0xFF17, 0xF717, 0xF718, 0xF718, 0xFF18, 0xFF18, 0xF738, 0xFF38, 0xFF99, 0xFF55, 0xFEB2,
    0xFEB2, 0xFEB2, 0xFEB2, 0xFEB2, 0xFE91, 0xFE91, 0xFEB1, 0xFE91, 0xFE91, 0xFE91, 0xFE91, 0xFE91, 0xFE91, 0xFE91, 0xFE91, 0xFE91,
    0xFE91, 0xFE91, 0xFEB1, 0xFE92, 0xFEB3, 0xFF76, 0xFFB8, 0xFFB9, 0xFFB9, 0xFFB9, 0xFFB9, 0xFFB8, 0xFF98, 0xFFB8, 0xFFB9, 0xFFBA,
    0xFFD9, 0xFFB9, 0xFFBA, 0xFFDA, 0xFFDA, 0xFFBA, 0xFFDA, 0xFFD9, 0xFFD9, 0xFFD9, 0xFFD9, 0xFFB9, 0xFFD9, 0xFF56, 0xFEF3, 0xFED3,
    0xFED3, 0xFED3, 0xFED3, 0xFED3, 0xFED3, 0xFED3, 0xFED3, 0xFEB3, 0xFED3, 0xFED3, 0xFED3, 0xFED2, 0xFED2, 0xFED3, 0xFED3, 0xFEB2,
    0xFEB2, 0xFEB2, 0xFEB3, 0xFEB3, 0xFF14, 0xFF77, 0xFFB9, 0xFFB9, 0xF778, 0xFFBB, 0x9C6F, 0x28E2, 0x3164, 0x28E2, 0x20C2, 0x2903,
    0x39A5, 0x39A5, 0x39A5, 0x3144, 0x2102, 0x2103, 0x2102, 0x2103, 0x2923, 0x3164, 0x3164, 0x3164, 0x3164, 0x3164, 0x3985, 0x3143,
    0x0000, 0x736B, 0xFFFC, 0xF799, 0xFFB9, 0xFFBA, 0xFFB9, 0xFFD9, 0xFFB9, 0xFFB9, 0xFFB9, 0xFFB9, 0xFFBA, 0xFFBA, 0xFFDA, 0xFFDA,
    0xFFDA, 0xFFDA, 0xFFB9, 0xFEF5, 0xFE93, 0xFE92, 0xFE72, 0xFE72, 0xFE72, 0xFE71, 0xFE71, 0xFE71, 0xFE71, 0xFE71, 0xFE71, 0xFE71,
    0xFE51, 0xFE51, 0xFE71, 0xFE51, 0xFE51, 0xFE71, 0xFE51, 0xFE30, 0xF6B3, 0xF716, 0xFF98, 0xFFB9, 0xFF99, 0xFFB9, 0xFFB9, 0xFF99,
    0xFF99, 0xFF99, 0xFF9A, 0xFF99, 0xFF99, 0xFF99, 0xFF99, 0xFF99, 0xFFB9, 0xFFB9, 0xFF99, 0xFF99, 0xFF99, 0xFFBA, 0xF6F6, 0xF673,
    0xF631, 0xF632, 0xF632, 0xF631, 0xF632, 0xF632, 0xF632, 0xF632, 0xF632, 0xF632, 0xF632, 0xF632, 0xF694, 0xF6B4, 0xF694, 0xF694,
    0xCC8A, 0xCC8A, 0xCC8A, 0xCC8A, 0xCC8B, 0xCC8A, 0xC48A, 0xC48A, 0xC48A, 0xC48A, 0xC4AA, 0xC48B, 0xC48B, 0xD54F, 0xD5B1, 0xD5B1,
    0xDDD1, 0xDDD1, 0xDDD1, 0xDDB1, 0xDDB1, 0xDD90, 0xD590, 0xD590, 0xD590, 0xD590, 0xDD90, 0xD52E, 0xD4ED, 0xD50D, 0xD50D, 0xD50C,
    0xD4EC, 0xD4EC, 0xD50C, 0xDCEC, 0xEDAE, 0xF610, 0xF610, 0xF6B5, 0xF6F7, 0xF6F7, 0xF6F7, 0xF717, 0xF6F7, 0xF6F7, 0xF6F7, 0xF6F7,
    0xF717, 0xF717, 0xF717, 0xF717, 0xF717, 0xFF17, 0xF717, 0xF717, 0xF717, 0xF717, 0xF737, 0xFFB9, 0xFFB9, 0xFFD9, 0xFF98, 0xFEB2,
    0xFEB1, 0xFE91, 0xFE91, 0xFE91, 0xFE70, 0xFE91, 0xFE91, 0xFE91, 0xFE91, 0xFE91, 0xFE91, 0xFE91, 0xFE91, 0xFE91, 0xFE91, 0xFE91,
    0xFE91, 0xFE91, 0xFE91, 0xFE91, 0xFEB2, 0xFEB2, 0xFF98, 0xFFD9, 0xFFB8, 0xFFB8, 0xFFB9, 0xFFB8, 0xFFB8, 0xFFB9, 0xFFB9, 0xFFB9,
    0xFFD9, 0xFFDA, 0xFFDA, 0xFFDA, 0xFFDA, 0xFFDA, 0xFFDA, 0xFFDA, 0xFFD9, 0xFFD9, 0xFFD9, 0xFFD9, 0xFFB9, 0xFFBA, 0xFF55, 0xFED2,
    0xFED3, 0xFED3, 0xFED3, 0xFED3, 0xFED3, 0xFED3, 0xFED3, 0xFED3, 0xFEB2, 0xFEB2, 0xFEB2, 0xFEB2, 0xFEB2, 0xFEB2, 0xFEB2, 0xFF14,
    0xFF36, 0xFF36, 0xFF36, 0xFF36, 0xFF36, 0xFF56, 0xFF56, 0xFFFB, 0x83CB, 0x3943, 0x3964, 0x20E2, 0x2923, 0x2923, 0x3144, 0x39A5,
    0x39A5, 0x3985, 0x3985, 0x3144, 0x2903, 0x2923, 0x2923, 0x2923, 0x2103, 0x2944, 0x3185, 0x3164, 0x3185, 0x3164, 0x3164, 0x3985,
    0x2923, 0x2923, 0x6B09, 0xFFDA, 0xFFDA, 0xFFB9, 0xFFB9, 0xFFB9, 0xFFBA, 0xFFB9, 0xFFBA, 0xFFDA, 0xFFBA, 0xFFDA, 0xFFDA, 0xFFDA,
    0xFFDA, 0xFFDA, 0xFFBA, 0xFFBA, 0xFF56, 0xF692, 0xFE92, 0xFE72, 0xFE71, 0xFE71, 0xFE71, 0xFE71, 0xFE71, 0xFE71, 0xFE71, 0xFE71,
    0xFE51, 0xFE71, 0xFE71, 0xFE71, 0xFE71, 0xFE51, 0xFE51, 0xFE71, 0xFE51, 0xF631, 0xF6F4, 0xFF78, 0xFFB9, 0xFF99, 0xFF99, 0xFFBA,
    0xFF9A, 0xFF9A, 0xFF9A, 0xFF99, 0xFF99, 0xFF99, 0xFF99, 0xFF99, 0xFF99, 0xFF99, 0xFF99, 0xFFBA, 0xFF99, 0xFF9A, 0xFFBA, 0xF778,
    0xF6B4, 0xF632, 0xF631, 0xF611, 0xF631, 0xF632, 0xF652, 0xF673, 0xF673, 0xF673, 0xF673, 0xF673, 0xFF58, 0xFFBA, 0xFF9A, 0xFF9A,
    0xCC8A, 0xCC8A, 0xCC8A, 0xCC8A, 0xC48A, 0xC48A, 0xC46A, 0xC48A, 0xC46A, 0xC46A, 0xC48A, 0xC48A, 0xCC8A, 0xD54E, 0xD5B0, 0xD590,
    0xD54F, 0xD54F, 0xD56F, 0xD56F, 0xD56F, 0xD50D, 0xD4CB, 0xD4CC, 0xD4CB, 0xD4EC, 0xD4EC, 0xD4CB, 0xD4CB, 0xD4CB, 0xD4CB, 0xD4CB,
    0xD4CB, 0xDD2C, 0xEDEF, 0xF5CF, 0xF60F, 0xF60F, 0xF631, 0xF6B6, 0xF6F7, 0xF6F6, 0xF6F7, 0xF6F7, 0xF6F7, 0xF6F7, 0xF717, 0xF717,
    0xF717, 0xF717, 0xF717, 0xF717, 0xF717, 0xFF17, 0xF717, 0xF717, 0xFF58, 0xFF99, 0xFF99, 0xFFB9, 0xFFD9, 0xFFD9, 0xFFB9, 0xFF76,
    0xFEB2, 0xFE91, 0xFE91, 0xFE91, 0xFE91, 0xFE91, 0xFE91, 0xFE91, 0xFE91, 0xFE91, 0xFE91, 0xFE91, 0xFE91, 0xFE91, 0xFE91, 0xFE91,
    0xFE91, 0xFE91, 0xFE91, 0xFE91, 0xFEB1, 0xFEB1, 0xFEF3, 0xFF76, 0xFFB9, 0xFFB8, 0xFFB8, 0xFFB8, 0xFFB8, 0xFFB9, 0xFFB8, 0xFF98,
    0xFFB9, 0xFFDA, 0xFFDA, 0xFFDA, 0xFFDA, 0xFFDA, 0xFFDA, 0xFFDA, 0xFFDA, 0xFFFA, 0xFFDA, 0xFFD9, 0xFFD9, 0xFFD9, 0xFFD9, 0xFF35,
    0xFED2, 0xFED2, 0xFEB2, 0xFEB2, 0xFEB2, 0xFEB2, 0xFEB2, 0xFEF4, 0xFF56, 0xFF56, 0xFF56, 0xFF56, 0xFF56, 0xFF56, 0xFF56, 0xFFB8,
    0xFFDA, 0xFFDA, 0xFFDA, 0xFFDA, 0xFFDA, 0xFFFA, 0xEF57, 0x8BEC, 0x41E5, 0x2923, 0x3184, 0x39A5, 0x39A5, 0x39A5, 0x39A5, 0x39A5,
    0x39A5, 0x39A5, 0x39A5, 0x3984, 0x3184, 0x3185, 0x3185, 0x3185, 0x2923, 0x2943, 0x3185, 0x3184, 0x3184, 0x3184, 0x3164, 0x3165,
    0x3984, 0x2923, 0x3123, 0x736B, 0xDEB6, 0xFFDA, 0xFFB9, 0xFFB9, 0xFFB9, 0xFFD9, 0xFFDA, 0xFFDA, 0xFFDA, 0xFFDA, 0xFFDA, 0xFFDA,
    0xFFDA, 0xFFDA, 0xFFBA, 0xFFDA, 0xFFB9, 0xFFB8, 0xF6B3, 0xFE71, 0xFE91, 0xFE71, 0xFE71, 0xFE71, 0xFE71, 0xFE71, 0xFE72, 0xFE71,
    0xFE71, 0xFE71, 0xFE71, 0xFE71, 0xFE71, 0xFE71, 0xFE51, 0xFE51, 0xFE51, 0xFE52, 0xF651, 0xFED4, 0xFF99, 0xFFBA, 0xFFBA, 0xFF9A,
    0xFF9A, 0xFF9A, 0xFF99, 0xFF99, 0xFFBA, 0xFFBA, 0xFFBA, 0xFFBA, 0xFFBA, 0xFFB9, 0xFF78, 0xFF37, 0xFF37, 0xFF37, 0xFF38, 0xFF58,
    0xFF16, 0xF632, 0xF672, 0xF716, 0xFF37, 0xFF37, 0xFF78, 0xFF79, 0xFF99, 0xFF99, 0xFF99, 0xFF99, 0xFF99, 0xFF99, 0xFF99, 0xFF99,
    0xCC8A, 0xCC8A, 0xCCAA, 0xCCCB, 0xCCEC, 0xCCEC, 0xCCED, 0xCCED, 0xCCED, 0xCCED, 0xCCED, 0xCCED, 0xD52E, 0xD54F, 0xCCEC, 0xD4EC,
    0xD4CC, 0xD4CB, 0xD4CB, 0xD4CB, 0xD4CB, 0xD4CB, 0xD4CB, 0xD4CB, 0xD4CB, 0xD4CB, 0xD4CB, 0xD4CB, 0xD4CB, 0xD4EB, 0xD50B, 0xE58D,
    0xE58E, 0xEDAE, 0xF610, 0xF610, 0xF610, 0xF610, 0xF630, 0xF6D6, 0xF6F7, 0xF6F7, 0xF6F7, 0xF6F7, 0xF6F7, 0xF717, 0xF717, 0xF717,
    0xF717, 0xF717, 0xF717, 0xFF17, 0xFF17, 0xFF17, 0xFF58, 0xFF99, 0xFFB9, 0xFFD9, 0xFFD9, 0xFFD9, 0xFFB9, 0xFFB8, 0xFFD9, 0xFF97,
    0xFEB1, 0xFE91, 0xFE91, 0xFE91, 0xFE91, 0xFE91, 0xFE91, 0xFE91, 0xFE91, 0xFE91, 0xFE91, 0xFE91, 0xFE91, 0xFE91, 0xFE91, 0xFE91,
    0xFE91, 0xFE91, 0xFE91, 0xFE91, 0xFE91, 0xFE91, 0xFE91, 0xFEF4, 0xFF98, 0xFFB9, 0xFFD9, 0xFFD9, 0xFFD9, 0xFFD9, 0xFFDA, 0xFFD9,
    0xFFD9, 0xFFFA, 0xFFD9, 0xFFD9, 0xFFD9, 0xFFB9, 0xFFB9, 0xFFB9, 0xFFB9, 0xFFD9, 0xFFB8, 0xFF35, 0xFF35, 0xFF35, 0xFF35, 0xFF14,
    0xFF14, 0xFF56, 0xFF57, 0xFF57, 0xFF57, 0xFF57, 0xFF56, 0xFF98, 0xFFFA, 0xFFFA, 0xFFFA, 0xFFFA, 0xFFFA, 0xFFFA, 0xFFFA, 0xFFDA,
    0xFFDA, 0xFFD9, 0xFFD9, 0xFFD9, 0xFFB9, 0xFFFB, 0xEF38, 0x20C1, 0x2923, 0x39C5, 0x39C5, 0x39A5, 0x39A5, 0x39A5, 0x39A5, 0x3144,
    0x2944, 0x2923, 0x2103, 0x2943, 0x2944, 0x2923, 0x2923, 0x2944, 0x2123, 0x2923, 0x2944, 0x2944, 0x2103, 0x20E2, 0x2944, 0x3144,
    0x3144, 0x3964, 0x3164, 0x0800, 0xCE54, 0xFFFB, 0xFF99, 0xFFBA, 0xFFDA, 0xFFB9, 0xFFDA, 0xFFDA, 0xFFDA, 0xFFDA, 0xFFDA, 0xFFDA,
    0xFFDA, 0xFFDA, 0xFFDA, 0xFFDA, 0xFFDA, 0xFFDA, 0xFF98, 0xFF14, 0xFE71, 0xFE71, 0xFE71, 0xFE71, 0xFE71, 0xFE71, 0xFE71, 0xFE71,
    0xFE71, 0xFE71, 0xFE71, 0xFE72, 0xFE72, 0xFE72, 0xFE72, 0xFE71, 0xFE71, 0xFE51, 0xFE71, 0xFE51, 0xF6D4, 0xF737, 0xFF78, 0xFFBA,
    0xFFBA, 0xFFBA, 0xFFBA, 0xFFB9, 0xFF37, 0xFF16, 0xFF16, 0xFF36, 0xFF37, 0xFF37, 0xF6B4, 0xF632, 0xF632, 0xF632, 0xF632, 0xF632,
    0xF632, 0xF652, 0xF672, 0xFED5, 0xFF99, 0xFFB9, 0xFF99, 0xFF99, 0xFF99, 0xFF99, 0xFF99, 0xFF99, 0xFF99, 0xFF99, 0xFF99, 0xFF99,
    0xCCEC, 0xD56F, 0xDD91, 0xDDD1, 0xDDF2, 0xDDF2, 0xDDF3, 0xDDF3, 0xDDF2, 0xDDF2, 0xDDF2, 0xDDF2, 0xDDF2, 0xDDB1, 0xD4CC, 0xD4CB,
    0xD4EB, 0xD4EB, 0xD4EB, 0xD4EB, 0xD4EB, 0xD4EB, 0xD4EB, 0xD4EB, 0xD4CB, 0xD4CB, 0xD4CB, 0xD4CB, 0xDD0C, 0xE54D, 0xE56D, 0xF610,
    0xF630, 0xF610, 0xF60F, 0xF60F, 0xF610, 0xF610, 0xF630, 0xF672, 0xF6D5, 0xF6F7, 0xF6F6, 0xF6F7, 0xF717, 0xF717, 0xFF17, 0xFF17,
    0xFF17, 0xF717, 0xFEF7, 0xFF17, 0xFF98, 0xFFB9, 0xFFB9, 0xFFD9, 0xFFD9, 0xFFD9, 0xFFD9, 0xFFD9, 0xFFD9, 0xFFB9, 0xFFB9, 0xFF76,
    0xFED2, 0xFE91, 0xFE91, 0xFE91, 0xFE91, 0xFE91, 0xFE91, 0xFE91, 0xFE91, 0xFE91, 0xFE91, 0xFE91, 0xFE91, 0xFE91, 0xFEB1, 0xFE91,
    0xFE71, 0xFE91, 0xFE91, 0xFE91, 0xFE91, 0xFE91, 0xFEB2, 0xFEB2, 0xFF14, 0xFFB8, 0xFFB8, 0xFFB8, 0xFFB8, 0xFFB8, 0xFFB8, 0xFFB8,
    0xFFB8, 0xFFB8, 0xFFB8, 0xFFB7, 0xFFB8, 0xFF15, 0xFED3, 0xFEF3, 0xFEF3, 0xFEF3, 0xFEF3, 0xFED2, 0xFED2, 0xFED2, 0xFED2, 0xFED2,
    0xFF56, 0xFFB9, 0xFFFA, 0xFFDA, 0xFFDA, 0xFFFA, 0xFFFA, 0xFFFA, 0xFFD9, 0xFFD9, 0xFFD9, 0xFFD9, 0xFFD9, 0xFFD9, 0xFFD9, 0xFFB9,
    0xFFD9, 0xFFD9, 0xFFD9, 0xFFD9, 0xFFFA, 0xDED6, 0x83CD, 0x3164, 0x3164, 0x3164, 0x3164, 0x2944, 0x2944, 0x2923, 0x2943, 0x2923,
    0x2923, 0x18A1, 0x0860, 0x18A1, 0x18C2, 0x18A1, 0x18E2, 0x20E2, 0x2103, 0x2103, 0x2103, 0x2103, 0x18C2, 0x1081, 0x1081, 0x2103,
    0x2923, 0x2923, 0x3144, 0x2903, 0x41C5, 0xBD92, 0xFFFC, 0xFFDA, 0xFFDA, 0xFFFA, 0xFFDA, 0xFFDA, 0xFFDA, 0xFFDA, 0xFFDA, 0xFFDA,
    0xFFDA, 0xFFDA, 0xFFDA, 0xFFDA, 0xFFDA, 0xFFBA, 0xFFDB, 0xFF99, 0xFF15, 0xFE92, 0xFE71, 0xFE71, 0xFE71, 0xFE71, 0xFE71, 0xFE71,
    0xFE72, 0xFE72, 0xFE72, 0xFE71, 0xFE71, 0xFE71, 0xFE71, 0xFE51, 0xFE51, 0xF671, 0xF671, 0xF651, 0xFE93, 0xF6D4, 0xFF57, 0xFF58,
    0xFF57, 0xFF36, 0xFF16, 0xFF16, 0xF672, 0xFE31, 0xFE51, 0xFE51, 0xFE52, 0xFE52, 0xFE52, 0xFE52, 0xFE52, 0xF652, 0xF652, 0xF632,
    0xF632, 0xF652, 0xFE32, 0xF652, 0xFEF6, 0xFF37, 0xFF78, 0xFF9A, 0xFF99, 0xFF99, 0xFF99, 0xFF99, 0xFF99, 0xFF99, 0xFF99, 0xFF99,
    0xDDB1, 0xDDD2, 0xDDD2, 0xDDD2, 0xDDD2, 0xDDD2, 0xDDF2, 0xDDF2, 0xDDF2, 0xDDF2, 0xDDF2, 0xDDF2, 0xDDF2, 0xDDD1, 0xCCCC, 0xD4CB,
    0xD4EB, 0xD4EB, 0xD4EB, 0xD4EB, 0xD4EB, 0xD4EB, 0xD4EB, 0xD4EB, 0xD4EB, 0xD4EB, 0xD4EB, 0xD4CB, 0xE58D, 0xF630, 0xF610, 0xF610,
    0xF610, 0xF610, 0xF610, 0xF610, 0xF610, 0xF630, 0xF630, 0xF630, 0xF6B3, 0xF6F7, 0xF6F7, 0xF717, 0xF717, 0xF717, 0xFF17, 0xF717,
    0xFF17, 0xFF38, 0xFF99, 0xFF99, 0xFFD9, 0xFFD9, 0xFFD9, 0xFFD9, 0xFFD9, 0xFFB9, 0xFFD9, 0xFFB9, 0xFFD8, 0xFFB9, 0xFFB8, 0xFFB8,
    0xFF76, 0xFEB1, 0xFE91, 0xFE91, 0xFE91, 0xFE91, 0xFE91, 0xFE91, 0xFE91, 0xFE91, 0xFE91, 0xFE91, 0xFE91, 0xFE91, 0xFEB1, 0xFE91,
    0xFE71, 0xFE91, 0xFE91, 0xFE92, 0xFED4, 0xFED4, 0xFEF4, 0xFEF4, 0xFF15, 0xFF35, 0xFED2, 0xFED3, 0xFED2, 0xFED2, 0xFED2, 0xFED2,
    0xFED2, 0xFED2, 0xFED2, 0xFED2, 0xFED2, 0xFED2, 0xFED2, 0xFED2, 0xFED2, 0xFED2, 0xFED2, 0xFED2, 0xFED2, 0xFED2, 0xFED2, 0xFED2,
    0xFED2, 0xFF55, 0xFFD9, 0xFFD9, 0xFFD9, 0xFFD9, 0xFFD9, 0xFFD9, 0xFFDA, 0xFFDA, 0xFFD9, 0xFFD9, 0xFFD9, 0xFFD9, 0xFFD9, 0xFFD9,
    0xFFD9, 0xFFD9, 0xFFD9, 0xFFB9, 0xFFFB, 0xAD31, 0x0800, 0x2943, 0x2923, 0x2103, 0x2102, 0x2103, 0x18E2, 0x20E3, 0x2123, 0x2123,
    0x2923, 0x18A1, 0x0840, 0x0840, 0x1081, 0x18C2, 0x20E2, 0x2103, 0x2103, 0x2103, 0x2103, 0x2103, 0x18C2, 0x0881, 0x1081, 0x20E3,
    0x2923, 0x2923, 0x2923, 0x2923, 0x1881, 0x3143, 0x4A47, 0x41E5, 0xCE34, 0xF799, 0xFFB9, 0xFFDA, 0xFFDA, 0xFFDA, 0xFFD9, 0xFFD9,
    0xFFDA, 0xFFDA, 0xFFDA, 0xFFDA, 0xFFDA, 0xFFBA, 0xFFBA, 0xFFDA, 0xFFDA, 0xFED4, 0xFE91, 0xFE71, 0xFE71, 0xFE71, 0xFE71, 0xFE71,
    0xFE72, 0xFE72, 0xFF15, 0xFF57, 0xFF56, 0xFF56, 0xFF36, 0xFF36, 0xFF57, 0xFF77, 0xFF77, 0xFF78, 0xFF78, 0xFFB9, 0xFF99, 0xFF78,
    0xF715, 0xF611, 0xFE51, 0xFE52, 0xFE72, 0xFE72, 0xFE52, 0xFE52, 0xFE52, 0xFE52, 0xFE52, 0xFE52, 0xFE52, 0xFE52, 0xFE52, 0xF652,
    0xF632, 0xF652, 0xFE52, 0xFE52, 0xF652, 0xF632, 0xF715, 0xFF79, 0xFF99, 0xFF99, 0xFF99, 0xFF9A, 0xFF9A, 0xFF99, 0xFF99, 0xFF99,
    0xD5D2, 0xDDD2, 0xDDD2, 0xDDF2, 0xDDF2, 0xDDF2, 0xDDF2, 0xDDF2, 0xDDD1, 0xDDD2, 0xDDF2, 0xDDF2, 0xDDF2, 0xDDF2, 0xDD8F, 0xD4EC,
    0xD4EB, 0xD4EB, 0xD4EB, 0xD4EB, 0xD4EB, 0xD4EB, 0xD4EB, 0xD4CB, 0xD4CB, 0xE54C, 0xEDEF, 0xEDCF, 0xF5EF, 0xF610, 0xF610, 0xF610,
    0xF610, 0xF610, 0xF610, 0xF610, 0xF630, 0xF630, 0xF630, 0xF650, 0xF650, 0xF6D5, 0xF717, 0xF717, 0xF717, 0xF717, 0xFF17, 0xFF78,
    0xFF78, 0xFF99, 0xFFFA, 0xFFFA, 0xFFDA, 0xFFD9, 0xFFD9, 0xFFD9, 0xFFD9, 0xFFF9, 0xFFD9, 0xFFD9, 0xFFF9, 0xFFD9, 0xFFD8, 0xFFD9,
    0xFFB8, 0xFEF3, 0xFE91, 0xFE90, 0xFE91, 0xFE91, 0xFE71, 0xFE71, 0xFE70, 0xFE70, 0xFE70, 0xFE70, 0xFE70, 0xFE70, 0xFE91, 0xFF35,
    0xFF77, 0xFF77, 0xFF77, 0xFF97, 0xFFB9, 0xFFB9, 0xFFB9, 0xFFB9, 0xFFDA, 0xFF77, 0xFED3, 0xFED1, 0xFED2, 0xFED2, 0xFED2, 0xFED2,
    0xFED2, 0xFED2, 0xFED2, 0xFED2, 0xFED2, 0xFEF2, 0xFEF2, 0xFEF2, 0xFEF2, 0xFEF2, 0xFEF2, 0xFEF2, 0xFEF2, 0xFEF2, 0xFEF2, 0xFED2,
    0xFED2, 0xFEF2, 0xFF56, 0xFFDA, 0xFFD9, 0xFFD9, 0xFFD9, 0xFFD9, 0xFFD9, 0xFFD9, 0xFFD9, 0xFFD9, 0xFFD9, 0xFFD9, 0xFFD9, 0xFFD9,
    0xFFD9, 0xFFD9, 0xFFD9, 0xFFB8, 0xFFFC, 0xCE14, 0x1060, 0x18C1, 0x1081, 0x1060, 0x1080, 0x18E2, 0x2103, 0x2123, 0x2923, 0x2123,
    0x2923, 0x18C2, 0x10A1, 0x18A1, 0x18C2, 0x2103, 0x20E3, 0x20E3, 0x20E2, 0x18E2, 0x2103, 0x2103, 0x18A2, 0x0860, 0x0881, 0x10A1,
    0x2103, 0x2923, 0x2123, 0x2903, 0x2923, 0x20E2, 0x18A2, 0x18C2, 0x3123, 0x5AA8, 0xFFFB, 0xFFDA, 0xFFBA, 0xFFDA, 0xFFDA, 0xFFDA,
    0xFFDA, 0xFFDA, 0xFFD9, 0xFFD9, 0xFFD9, 0xFFDA, 0xFFDA, 0xFFD9, 0xFFB9, 0xFF99, 0xFEB3, 0xFE92, 0xFF57, 0xFF77, 0xFF57, 0xFF57,
    0xFF57, 0xFF57, 0xFFB9, 0xFFDA, 0xFFDA, 0xFFDA, 0xFFDA, 0xFFDA, 0xFFDA, 0xFFDA, 0xFFDA, 0xFFDA, 0xFFDA, 0xFFBA, 0xFFBA, 0xFFDA,
    0xFF99, 0xFF15, 0xF672, 0xFE72, 0xFE72, 0xFE72, 0xFE72, 0xFE72, 0xFE72, 0xFE52, 0xFE52, 0xFE52, 0xFE52, 0xFE52, 0xFE52, 0xFE52,
    0xF652, 0xF652, 0xFE52, 0xF632, 0xF652, 0xF652, 0xF652, 0xF673, 0xFF78, 0xFF99, 0xFF9A, 0xFF99, 0xFF9A, 0xFF99, 0xFF99, 0xFF99,
    0xDDD2, 0xDDF2, 0xDDF2, 0xDDF2, 0xDDF2, 0xDDF2, 0xDDF2, 0xDDF2, 0xDDD2, 0xDDF2, 0xDDF2, 0xDDF2, 0xDDF2, 0xDE12, 0xE5F1, 0xD4EC,
    0xD4CB, 0xD4EB, 0xD4EB, 0xD4EB, 0xD4CB, 0xD4CB, 0xD4EB, 0xE5AE, 0xEDAE, 0xEDCF, 0xF630, 0xF610, 0xF610, 0xF610, 0xF630, 0xF630,
    0xF610, 0xF630, 0xF610, 0xF610, 0xF630, 0xF630, 0xF630, 0xF630, 0xF630, 0xF6D4, 0xF717, 0xF6F7, 0xF6F7, 0xFF58, 0xFF78, 0xFFD9,
    0xFFD9, 0xFFFA, 0xFFDA, 0xFFDA, 0xFFDA, 0xFFFA, 0xFFFA, 0xFFFA, 0xFFB8, 0xFF36, 0xFF56, 0xFF56, 0xFF56, 0xFF36, 0xFF35, 0xFF35,
    0xFF35, 0xFEF3, 0xFEF3, 0xFF35, 0xFF35, 0xFF35, 0xFF35, 0xFF35, 0xFF35, 0xFF56, 0xFF56, 0xFF56, 0xFF56, 0xFF56, 0xFF56, 0xFFB9,
    0xFFDA, 0xFFDA, 0xFFDA, 0xFFDA, 0xFFD9, 0xFFD9, 0xFFD9, 0xFFD9, 0xFFDA, 0xFFD9, 0xFF77, 0xFED2, 0xFED2, 0xFED2, 0xFEF2, 0xFED2,
    0xFED2, 0xFEF2, 0xFEF2, 0xFEF2, 0xFEF2, 0xFEF2, 0xFEF2, 0xFEF2, 0xFEF2, 0xFEF2, 0xFEF2, 0xFEF2, 0xFEF2, 0xFEF2, 0xFEF2, 0xFEF2,
    0xFED2, 0xFED2, 0xFEF3, 0xFF55, 0xFFB9, 0xFFDA, 0xFFDA, 0xFFDA, 0xFFDA, 0xFFD9, 0xFFD9, 0xFFD9, 0xFFD9, 0xFFD9, 0xFFD9, 0xFFD9,
    0xFFD9, 0xFFD9, 0xFFB9, 0xFFFB, 0xB592, 0x62E9, 0x2902, 0x2923, 0x20E2, 0x18A2, 0x18A1, 0x2102, 0x2103, 0x20E2, 0x2103, 0x2923,
    0x2924, 0x2944, 0x2944, 0x3144, 0x2923, 0x20E3, 0x20E3, 0x20E3, 0x18C2, 0x18C2, 0x10A1, 0x10A1, 0x1081, 0x0860, 0x0880, 0x0860,
    0x10A1, 0x20E2, 0x2103, 0x2103, 0x2903, 0x2923, 0x2924, 0x2944, 0x20E2, 0x3984, 0x6B2A, 0xD675, 0xFFFB, 0xFF98, 0xFF98, 0xFF98,
    0xFF98, 0xFFB8, 0xFF36, 0xFED4, 0xFED4, 0xFED4, 0xFED4, 0xFED3, 0xFEB4, 0xF6B3, 0xFE72, 0xFE93, 0xFF16, 0xFF99, 0xFFDA, 0xFFDA,
    0xFFDA, 0xFFDA, 0xFFDA, 0xFFBA, 0xFFBA, 0xFFBA, 0xFFBA, 0xFFBA, 0xFFDA, 0xFFBA, 0xFFDA, 0xFFBA, 0xFFBA, 0xFFBA, 0xFFBA, 0xFFBA,
    0xFFDA, 0xFFDA, 0xFF36, 0xFEB3, 0xFE52, 0xFE72, 0xFE72, 0xFE72, 0xFE72, 0xFE72, 0xFE72, 0xFE52, 0xFE72, 0xFE52, 0xFE52, 0xFE52,
    0xFE52, 0xFE52, 0xFE52, 0xF652, 0xF652, 0xF652, 0xF652, 0xF652, 0xFE72, 0xFED4, 0xFF99, 0xFF9A, 0xFF9A, 0xFF99, 0xFF99, 0xFF9A,
    0xDDF2, 0xDDF2, 0xDDF2, 0xDDF2, 0xDDF2, 0xDDF3, 0xDDF3, 0xDDF3, 0xDDF3, 0xDDF2, 0xDDF2, 0xDDF2, 0xDDF2, 0xDDF2, 0xDDF1, 0xDD6F,
    0xD4EC, 0xD4EB, 0xD4EB, 0xD4EB, 0xDD0C, 0xDD2C, 0xDD4D, 0xF630, 0xF630, 0xF630, 0xF610, 0xF610, 0xF630, 0xF630, 0xF630, 0xF630,
    0xF630, 0xF630, 0xF630, 0xF630, 0xF630, 0xF630, 0xF630, 0xF630, 0xF630, 0xF651, 0xF6F5, 0xFF58, 0xFF37, 0xFFB9, 0xFFD9, 0xFFB9,
    0xFFD9, 0xFFB9, 0xFFB9, 0xFFB8, 0xFF77, 0xFF77, 0xFF77, 0xFF77, 0xFF35, 0xFE92, 0xFE92, 0xFE92, 0xFEB2, 0xFE92, 0xFE92, 0xFE91,
    0xFE92, 0xFE91, 0xFF56, 0xFFD9, 0xFFB9, 0xFFD9, 0xFFD9, 0xFFD9, 0xFFDA, 0xFFFA, 0xFFDA, 0xFFDA, 0xFFDA, 0xFFDA, 0xFFDA, 0xFFD9,
    0xFFD9, 0xFFD9, 0xFFD9, 0xFFD9, 0xFFD9, 0xFFD9, 0xFFD9, 0xFFD9, 0xFFD9, 0xFFDA, 0xFFD9, 0xFF78, 0xFF13, 0xFED2, 0xFED2, 0xFED2,
    0xFEF3, 0xFEF3, 0xFEF2, 0xFEF2, 0xFEF2, 0xFEF2, 0xFEF2, 0xFEF2, 0xFEF2, 0xFEF2, 0xFEF2, 0xFEF2, 0xFEF2, 0xFEF2, 0xFEF2, 0xFED2,
    0xFED2, 0xFEF2, 0xFED2, 0xFED2, 0xFF76, 0xFFD9, 0xFFDA, 0xFFDA, 0xFFD9, 0xFFD9, 0xFFD9, 0xFFD9, 0xFFD9, 0xFFDA, 0xFFDA, 0xFFDA,
    0xFFD9, 0xFFD9, 0xFFB9, 0xE718, 0x5A87, 0x1040, 0x3144, 0x2923, 0x2943, 0x2943, 0x2102, 0x2123, 0x1081, 0x1081, 0x10A1, 0x18E2,
    0x18E2, 0x20E2, 0x20E2, 0x20E2, 0x18E2, 0x18E2, 0x18E2, 0x18E2, 0x18C2, 0x18C2, 0x1081, 0x0860, 0x0860, 0x0860, 0x0860, 0x0881,
    0x0860, 0x10A1, 0x20E3, 0x20E3, 0x2103, 0x2903, 0x2903, 0x2923, 0x2944, 0x3164, 0x28E3, 0x732A, 0xCD91, 0xFED3, 0xFE92, 0xFEB2,
    0xFEB2, 0xFEB3, 0xFEB2, 0xFE92, 0xFE92, 0xFE92, 0xFE72, 0xFE72, 0xFE72, 0xFE72, 0xFE72, 0xFE92, 0xFE51, 0xFEF5, 0xFFB9, 0xFFBA,
    0xFFB9, 0xFFB9, 0xFFB9, 0xFFDA, 0xFFDA, 0xFFDA, 0xFFDA, 0xFFDA, 0xFFDA, 0xFFDA, 0xFFDA, 0xFFBA, 0xFFDA, 0xFFDA, 0xFFDA, 0xFFDA,
    0xFFBA, 0xFFBA, 0xFFDA, 0xFF78, 0xFED5, 0xFE72, 0xFE72, 0xFE72, 0xFE72, 0xFE72, 0xFE72, 0xFE72, 0xFE72, 0xFE72, 0xFE52, 0xFE52,
    0xFE52, 0xFE52, 0xFE52, 0xFE51, 0xF651, 0xF651, 0xF651, 0xF651, 0xF651, 0xFE72, 0xFEB4, 0xFF36, 0xFFBA, 0xFF9A, 0xFF99, 0xFF99,
    0xDDF2, 0xDDF2, 0xDDF2, 0xDDF3, 0xDDF3, 0xE5F3, 0xDDF3, 0xDDF3, 0xDDF2, 0xDDF3, 0xDDF2, 0xE5F2, 0xDDF2, 0xE5F2, 0xE612, 0xE5D1,
    0xD4EC, 0xD4CB, 0xD50C, 0xD4EB, 0xE56D, 0xF630, 0xF610, 0xF60F, 0xF610, 0xF630, 0xF630, 0xF630, 0xF630, 0xF630, 0xF630, 0xF630,
    0xF610, 0xF610, 0xF630, 0xF610, 0xF630, 0xF631, 0xF631, 0xF651, 0xF651, 0xF631, 0xF6D4, 0xFFB8, 0xFF98, 0xFF77, 0xFEF4, 0xFEF4,
    0xFEF4, 0xFED4, 0xFEF4, 0xFEF4, 0xFEF4, 0xFEF4, 0xFEF3, 0xFEF4, 0xFEF4, 0xFED3, 0xFED3, 0xFED3, 0xFEB3, 0xFEB3, 0xFEB2, 0xFEB2,
    0xFEB3, 0xFEB2, 0xFF14, 0xFF98, 0xFFB9, 0xFFB8, 0xFFB9, 0xFFB9, 0xFFB9, 0xFFD9, 0xFFD9, 0xFFD9, 0xFFD9, 0xFFDA, 0xFFBA, 0xFFD9,
    0xFFD9, 0xFFD9, 0xFFD9, 0xFFD9, 0xFFD9, 0xFFD9, 0xFFDA, 0xFFD9, 0xFFDA, 0xFFB9, 0xFFDA, 0xFFDA, 0xFF35, 0xFED2, 0xFEF2, 0xFED2,
    0xFEF2, 0xFEF3, 0xFEF3, 0xFEF2, 0xFEF3, 0xFEF2, 0xFEF3, 0xFEF3, 0xFEF2, 0xFEF2, 0xFEF2, 0xFEF2, 0xFEF2, 0xFEF2, 0xFEF2, 0xFEF2,
    0xFED2, 0xFED2, 0xFED1, 0xFED1, 0xFED1, 0xFF55, 0xFFFA, 0xFFDA, 0xFFD9, 0xFFDA, 0xFFD9, 0xFFDA, 0xFFDA, 0xFFDA, 0xFFDA, 0xFFB9,
    0xFFB9, 0xFFDA, 0xFFBA, 0x3985, 0x20E2, 0x39A5, 0x2944, 0x2923, 0x18C2, 0x18C2, 0x10A1, 0x10A1, 0x1081, 0x0881, 0x0861, 0x0881,
    0x10A1, 0x10A2, 0x18C2, 0x18A2, 0x18C2, 0x18C2, 0x18C2, 0x18E2, 0x18C2, 0x18C2, 0x0860, 0x0860, 0x0860, 0x0860, 0x0860, 0x0860,
    0x0881, 0x1081, 0x1081, 0x18C2, 0x2103, 0x2103, 0x2923, 0x2903, 0x18A1, 0x18C2, 0x2102, 0x0820, 0x8369, 0xFEF3, 0xFE72, 0xFE92,
    0xFEB2, 0xFEB2, 0xFEB3, 0xFEB2, 0xFE92, 0xFE92, 0xFE92, 0xFE92, 0xFE92, 0xFE92, 0xFE92, 0xFE72, 0xFE92, 0xFE72, 0xF693, 0xFF57,
    0xFFD9, 0xFFB9, 0xFFBA, 0xFFBA, 0xFFBA, 0xFFBA, 0xFFDA, 0xFFDA, 0xFFDA, 0xFFDA, 0xFFDA, 0xFFBA, 0xFFDA, 0xFFDA, 0xFFDA, 0xFFDA,
    0xFFDA, 0xFFDA, 0xFFBA, 0xFFDA, 0xFFB9, 0xFF16, 0xFED4, 0xFE72, 0xFE72, 0xFE72, 0xFE72, 0xFE72, 0xFE72, 0xFE72, 0xFE72, 0xFE72,
    0xFE72, 0xFE52, 0xFE52, 0xFE52, 0xFE52, 0xFE52, 0xF651, 0xF652, 0xFE52, 0xFE52, 0xFE31, 0xFE72, 0xFEF4, 0xFF79, 0xFFBA, 0xFFBA,
    0xDDF2, 0xDDF2, 0xDDF2, 0xDDF3, 0xDDF3, 0xDDF3, 0xDDF3, 0xDE13, 0xDE13, 0xDE13, 0xDE13, 0xE613, 0xE613, 0xE613, 0xE612, 0xE5F2,
    0xDD4D, 0xDD2C, 0xEDAE, 0xEDCF, 0xEDCF, 0xF5EF, 0xF5EF, 0xF60F, 0xF610, 0xF630, 0xF630, 0xF630, 0xF630, 0xF610, 0xF631, 0xF6B4,
    0xF6D4, 0xF6D4, 0xF6D5, 0xF6D5, 0xF6F5, 0xF6F6, 0xF716, 0xF716, 0xFF16, 0xFF36, 0xFF56, 0xFEF4, 0xFED3, 0xFEF3, 0xFED3, 0xFED3,
    0xFED3, 0xFED3, 0xFEF3, 0xFEF3, 0xFEF4, 0xFEF4, 0xFEF4, 0xFEF4, 0xFEF4, 0xFEF4, 0xFEF4, 0xFEF3, 0xFEF3, 0xFEF3, 0xFEF3, 0xFEF3,
    0xFED3, 0xFEF3, 0xFED3, 0xFF56, 0xFFDA, 0xFFB9, 0xFFB9, 0xFFD9, 0xFFB9, 0xFFD9, 0xFFD9, 0xFFD9, 0xFFD9, 0xFFD9, 0xFFB9, 0xFFB9,
    0xFFD9, 0xFFD9, 0xFFD9, 0xFFD9, 0xFFD9, 0xFFDA, 0xFFDA, 0xFFDA, 0xFFDA, 0xFFDA, 0xFFD9, 0xFFD9, 0xFFDA, 0xFF55, 0xFED2, 0xFEF2,
    0xFEF2, 0xFEF3, 0xFEF3, 0xFEF3, 0xFEF3, 0xFEF3, 0xFEF3, 0xFEF3, 0xFEF3, 0xFEF2, 0xFEF2, 0xFEF2, 0xFEF2, 0xFEF2, 0xFEF2, 0xFEF2,
    0xFED2, 0xFED2, 0xFED1, 0xFED1, 0xFED1, 0xFEF2, 0xFF35, 0xFFB9, 0xFFDA, 0xFFDA, 0xFFFA, 0xFFFA, 0xFFFA, 0xFFFA, 0xFFFA, 0xFFFA,
    0xFFFD, 0xB551, 0x41C5, 0x3984, 0x3164, 0x3184, 0x2944, 0x18A1, 0x1081, 0x1081, 0x1081, 0x1081, 0x10A1, 0x0860, 0x0840, 0x0860,
    0x18C2, 0x18C2, 0x18C2, 0x18C2, 0x18C2, 0x18C2, 0x18C2, 0x1081, 0x0860, 0x0860, 0x0860, 0x0860, 0x0860, 0x0860, 0x0860, 0x0860,
    0x0860, 0x0860, 0x0881, 0x1081, 0x1881, 0x2903, 0x2903, 0x2903, 0x20C2, 0x18A1, 0x18A2, 0x20C2, 0x20C1, 0xB4AC, 0xFF55, 0xFE92,
    0xFEB3, 0xFEB3, 0xFEB3, 0xFEB2, 0xFE92, 0xFE92, 0xFE92, 0xFE92, 0xFE92, 0xFE92, 0xFE92, 0xFE92, 0xFE92, 0xFE92, 0xFE72, 0xFE92,
    0xF6F4, 0xFFDA, 0xFFDA, 0xFFB9, 0xFFBA, 0xFFDA, 0xFFDA, 0xFFDA, 0xFFDA, 0xFFDA, 0xFFDA, 0xFFDA, 0xFFDA, 0xFFBA, 0xFFDA, 0xFFDA,
    0xFFDA, 0xFFDA, 0xFFDA, 0xFFDA, 0xFFBA, 0xFFFA, 0xFF77, 0xFE94, 0xFE72, 0xFE72, 0xFE72, 0xFE72, 0xFE72, 0xFE72, 0xFE72, 0xFE52,
    0xFE52, 0xFE52, 0xFE52, 0xFE51, 0xFE52, 0xFE51, 0xFE31, 0xFE31, 0xFE31, 0xFE51, 0xFE92, 0xFE93, 0xF6B3, 0xFF78, 0xFF78, 0xF736,
    0xDDF3, 0xDDF3, 0xDE13, 0xDE13, 0xDDF3, 0xDE13, 0xDDF3, 0xDDF2, 0xDDF1, 0xDDF2, 0xDDF2, 0xE5F2, 0xE5F2, 0xE5F2, 0xE5F2, 0xEE12,
    0xF610, 0xF631, 0xF632, 0xF652, 0xF653, 0xF652, 0xF673, 0xF693, 0xF6B5, 0xF6D5, 0xF6D5, 0xF6D5, 0xF6D5, 0xF6D5, 0xF6F5, 0xFF17,
    0xFF37, 0xFF37, 0xFF37, 0xFF17, 0xFF17, 0xFF17, 0xFF17, 0xFF37, 0xFF78, 0xFF78, 0xFFB9, 0xFEF4, 0xFED2, 0xFED3, 0xFEF3, 0xFEF3,
    0xFEF3, 0xFEF3, 0xFEF3, 0xFEF4, 0xFEF4, 0xFEF4, 0xFEF4, 0xFEF4, 0xFF14, 0xFF14, 0xFF14, 0xFF14, 0xFEF4, 0xFEF4, 0xFEF4, 0xFEF4,
    0xFEF3, 0xFEF3, 0xFEF3, 0xFF14, 0xFF77, 0xFFD9, 0xFFD9, 0xFFD9, 0xFFD9, 0xFFD9, 0xFFD9, 0xFFD9, 0xFFD9, 0xFFD9, 0xFFDA, 0xFFD9,
    0xFFD9, 0xFFD9, 0xFFD9, 0xFFD9, 0xFFD9, 0xFFDA, 0xFFDA, 0xFFDA, 0xFFDA, 0xFFDA, 0xFFDA, 0xFFDA, 0xFFDA, 0xFFB9, 0xFF35, 0xFED2,
    0xFEF2, 0xFEF3, 0xFEF3, 0xFEF3, 0xFEF3, 0xFEF3, 0xFEF3, 0xFEF3, 0xFEF3, 0xFEF3, 0xFEF2, 0xFEF2, 0xFEF2, 0xFEF2, 0xFEF2, 0xFED2,
    0xFED1, 0xFED1, 0xFED1, 0xFEB1, 0xFEB1, 0xFEB1, 0xFED2, 0xFF76, 0xFFB9, 0xFFB8, 0xFF56, 0xFF56, 0xFF56, 0xFF56, 0xFF97, 0xDE74,
    0xBDB3, 0x7B8C, 0x1040, 0x3184, 0x3184, 0x3164, 0x2944, 0x10A1, 0x10A1, 0x10A1, 0x1081, 0x1081, 0x1081, 0x1081, 0x0860, 0x0840,
    0x1081, 0x1081, 0x1081, 0x10A1, 0x10A1, 0x10A1, 0x1081, 0x0840, 0x0840, 0x0860, 0x0860, 0x0860, 0x0860, 0x0860, 0x0860, 0x0860,
    0x0880, 0x0860, 0x0860, 0x0860, 0x1061, 0x20C2, 0x2903, 0x2903, 0x2903, 0x20C2, 0x18A1, 0x20C2, 0x1040, 0x6287, 0xBCEE, 0xFEB3,
    0xFED3, 0xFED3, 0xFEB3, 0xFEB2, 0xFE92, 0xFE92, 0xFE92, 0xFE92, 0xFE92, 0xFE92, 0xFE92, 0xFE92, 0xFE92, 0xFE92, 0xFE72, 0xFE72,
    0xFE92, 0xFEF4, 0xFF98, 0xFFDA, 0xFFB9, 0xFFBA, 0xFFDA, 0xFFDA, 0xFFDA, 0xFFDA, 0xFFDA, 0xFFDA, 0xFFDA, 0xFFDA, 0xFFB9, 0xFFB9,
    0xFFBA, 0xFFBA, 0xFFDA, 0xFFBA, 0xFFDA, 0xFFDA, 0xFFDA, 0xFFD9, 0xF6F5, 0xFE72, 0xFE72, 0xFE72, 0xFE52, 0xFE51, 0xFE31, 0xFE31,
    0xFE51, 0xF672, 0xF672, 0xFE72, 0xFE52, 0xFED4, 0xFEF5, 0xFEF5, 0xFEF5, 0xF6F5, 0xFF98, 0xFFB9, 0xFFB9, 0xFFBA, 0xFF98, 0xFF36,
    0xDDD1, 0xDDB1, 0xDDB1, 0xDDB0, 0xDDB0, 0xDDB1, 0xDD90, 0xD52D, 0xD50D, 0xD50D, 0xDD2D, 0xDD2D, 0xDD2D, 0xDD4E, 0xDD6E, 0xEDCF,
    0xEDCF, 0xFED5, 0xFF17, 0xF717, 0xF717, 0xF717, 0xF717, 0xF717, 0xF717, 0xF738, 0xF738, 0xF718, 0xF738, 0xF738, 0xFF38, 0xFF17,
    0xFF17, 0xFF17, 0xFF17, 0xFF17, 0xFF17, 0xFF37, 0xF737, 0xF758, 0xFFD9, 0xFFFA, 0xFFD9, 0xFF15, 0xFED3, 0xFEF3, 0xFEF3, 0xFEF3,
    0xFEF3, 0xFEF3, 0xFEF3, 0xFEF4, 0xFEF4, 0xFEF4, 0xFF14, 0xFF14, 0xFF14, 0xFF14, 0xFEF4, 0xFEF4, 0xFEF4, 0xFEF4, 0xFEF4, 0xFEF4,
    0xFEF3, 0xFEF3, 0xFEF3, 0xFED3, 0xFF35, 0xFFB8, 0xFFD9, 0xFFD9, 0xFFD9, 0xFFD9, 0xFFDA, 0xFFD9, 0xFFD9, 0xFFB9, 0xFFBA, 0xFFBA,
    0xFFDA, 0xFFDA, 0xFFDA, 0xFFDA, 0xFFDA, 0xFFDA, 0xFFDA, 0xFFDA, 0xFFDA, 0xFFDA, 0xFFDA, 0xFFDA, 0xFFB9, 0xFFDA, 0xFF97, 0xFF13,
    0xFEF2, 0xFEF3, 0xFEF3, 0xFEF2, 0xFEF3, 0xFEF3, 0xFEF3, 0xFEF2, 0xFEF3, 0xFEF2, 0xFEF2, 0xFED2, 0xFED2, 0xFED2, 0xFED2, 0xFF13,
    0xFF14, 0xFF14, 0xFF14, 0xFF56, 0xFF76, 0xFF77, 0xFF97, 0xFF35, 0xFEF4, 0xFF14, 0xFED2, 0xFEB2, 0xFEB2, 0xFEB2, 0xFF54, 0x93CA,
    0x1000, 0x2902, 0x3984, 0x3164, 0x3184, 0x20E2, 0x1081, 0x1081, 0x1081, 0x1081, 0x10A1, 0x10A1, 0x10A1, 0x10A1, 0x1081, 0x0881,
    0x0840, 0x0840, 0x0840, 0x0040, 0x0040, 0x0040, 0x0040, 0x0840, 0x0840, 0x0840, 0x0840, 0x0860, 0x1081, 0x1081, 0x0860, 0x0860,
    0x0860, 0x0860, 0x0860, 0x0860, 0x0860, 0x1081, 0x18A2, 0x20E2, 0x20E3, 0x20E3, 0x20C2, 0x18A1, 0x18C2, 0x0000, 0x5205, 0xFEF4,
    0xFEB3, 0xFED3, 0xFEB3, 0xFE92, 0xFE92, 0xFE92, 0xFE92, 0xFE92, 0xFE92, 0xFE92, 0xFE92, 0xFE92, 0xFE72, 0xFE72, 0xFE72, 0xFE72,
    0xFE72, 0xFE72, 0xFEF4, 0xFF98, 0xFFB9, 0xFFBA, 0xFFBA, 0xFFDA, 0xFFDA, 0xFFDA, 0xFFDA, 0xFFB9, 0xFFB9, 0xFFBA, 0xFFD9, 0xFFDA,
    0xFFDA, 0xFFDA, 0xFFDA, 0xFFDA, 0xFFDA, 0xFFDA, 0xFFDA, 0xFFDA, 0xFFDA, 0xFF77, 0xFE73, 0xFE72, 0xF6B4, 0xF6D5, 0xF6D4, 0xFED4,
    0xFEF5, 0xFF78, 0xFF78, 0xFF78, 0xFF78, 0xFFB9, 0xFFDA, 0xFFDA, 0xFFDA, 0xFFBA, 0xFFBA, 0xFFBA, 0xFFBA, 0xFFBA, 0xFFBA, 0xFFDA,
    0xDD0C, 0xDD0C, 0xDD0C, 0xDD0C, 0xDD0C, 0xDD0C, 0xDD0C, 0xDD0C, 0xDD0C, 0xDD0C, 0xDD0C, 0xDD0C, 0xDD0C, 0xE56D, 0xF610, 0xF610,
    0xF610, 0xF6B4, 0xF717, 0xF6F7, 0xF717, 0xF717, 0xF717, 0xF717, 0xF717, 0xF717, 0xF717, 0xF717, 0xF717, 0xF717, 0xF717, 0xF717,
    0xFF37, 0xFF37, 0xFF37, 0xFF17, 0xFF37, 0xFF58, 0xFFD9, 0xFFD9, 0xFFD9, 0xFFD9, 0xFFD9, 0xFF98, 0xFEF4, 0xFEF3, 0xFEF3, 0xFEF3,
    0xFEF4, 0xFEF4, 0xFEF4, 0xFEF4, 0xFEF4, 0xFEF4, 0xFF14, 0xFF14, 0xFEF4, 0xFEF4, 0xFEF4, 0xFEF4, 0xFEF4, 0xFEF4, 0xFEF4, 0xFEF4,
    0xFEF4, 0xFEF4, 0xFEF4, 0xFEF4, 0xFEF4, 0xFF77, 0xFFD9, 0xFFD9, 0xFFD9, 0xFFD9, 0xFFDA, 0xFFD9, 0xFFDA, 0xFFDA, 0xFFDA, 0xFFDA,
    0xFFDA, 0xFFDA, 0xFFDA, 0xFFDA, 0xFFDA, 0xFFDA, 0xFFBA, 0xFFBA, 0xFFDA, 0xFFDA, 0xFFDA, 0xFFD9, 0xFFD9, 0xFFD9, 0xFFB9, 0xFF97,
    0xFED2, 0xFED2, 0xFEF3, 0xFEF3, 0xFEF3, 0xFEF4, 0xFF35, 0xFF35, 0xFF35, 0xFF35, 0xFF77, 0xFF77, 0xFF77, 0xFF77, 0xFF77, 0xFFB8,
    0xFFD9, 0xFFD9, 0xFFD9, 0xFFDA, 0xFFDA, 0xFFDA, 0xFFDA, 0xFFB8, 0xFF56, 0xFED3, 0xFED2, 0xFED2, 0xFED2, 0xFED2, 0xFF54, 0x93EB,
    0x1840, 0x3123, 0x3164, 0x3143, 0x3164, 0x18E2, 0x1080, 0x1081, 0x1081, 0x0860, 0x0860, 0x0861, 0x1081, 0x10A1, 0x10A1, 0x10A1,
    0x0881, 0x0840, 0x0840, 0x0040, 0x0860, 0x0860, 0x0860, 0x0840, 0x0860, 0x0860, 0x0860, 0x10A1, 0x10A2, 0x1081, 0x0860, 0x0860,
    0x0860, 0x0860, 0x0860, 0x0860, 0x0860, 0x1081, 0x1061, 0x18C2, 0x28E3, 0x20E2, 0x28E3, 0x20C2, 0x18C1, 0x0840, 0x6AA8, 0xFF14,
    0xFEB3, 0xFED3, 0xFEB3, 0xFE92, 0xFE92, 0xFE92, 0xFE92, 0xFE92, 0xFE92, 0xFE92, 0xFE92, 0xFE92, 0xFE92, 0xFE72, 0xFE72, 0xFE72,
    0xFE72, 0xFE72, 0xFE92, 0xFEB2, 0xFF57, 0xFFDA, 0xFFDA, 0xFFDA, 0xFFDA, 0xFFDA, 0xFFDA, 0xFFDA, 0xFFDA, 0xFFDA, 0xFFDA, 0xFFDA,
    0xFFB9, 0xFFB9, 0xFFB9, 0xFFB9, 0xFFB9, 0xFF77, 0xF6F5, 0xFED5, 0xF6F5, 0xFED4, 0xFE73, 0xFE72, 0xFF57, 0xFFFB, 0xFFDB, 0xFFDA,
    0xFFDA, 0xFFDA, 0xFFDA, 0xFFDA, 0xFFDA, 0xFFDA, 0xFFB9, 0xFFB9, 0xFFB9, 0xFFB9, 0xFFB9, 0xFFBA, 0xFFB9, 0xFFBA, 0xFFB9, 0xFFB9,
    0xDD2C, 0xDD2C, 0xDD2C, 0xDD2C, 0xDD2C, 0xDD0C, 0xDD0C, 0xDD0C, 0xD50C, 0xDD0C, 0xE58E, 0xEDAF, 0xE5AE, 0xEDCF, 0xF630, 0xF631,
    0xF630, 0xF6B4, 0xF717, 0xF717, 0xF717, 0xF717, 0xF717, 0xF717, 0xF717, 0xF717, 0xF717, 0xF717, 0xF717, 0xF717, 0xF737, 0xFF37,
    0xF737, 0xF717, 0xFF38, 0xFFB9, 0xFFB9, 0xFFD9, 0xFFFA, 0xFFDA, 0xFFFA, 0xFFFA, 0xFFFA, 0xFFD9, 0xFF35, 0xFEF3, 0xFEF3, 0xFEF3,
    0xFEF4, 0xFEF4, 0xFEF4, 0xFEF4, 0xFEF4, 0xFEF4, 0xFF14, 0xFF14, 0xFEF4, 0xFEF4, 0xFEF4, 0xFEF4, 0xFEF4, 0xFEF4, 0xFEF4, 0xFEF4,
    0xFEF4, 0xFEF4, 0xFEF4, 0xFEF4, 0xFEF4, 0xFF35, 0xFF98, 0xFFD9, 0xFFD9, 0xFFD9, 0xFFDA, 0xFFDA, 0xFFD9, 0xFFDA, 0xFFDA, 0xFFDA,
    0xFFDA, 0xFFFA, 0xFFFA, 0xFFDA, 0xFFFA, 0xFFDA, 0xFFDA, 0xFFDA, 0xFFDA, 0xFFDA, 0xFFD9, 0xFFD9, 0xFFB9, 0xFFD9, 0xFFFA, 0xFFF9,
    0xFFB7, 0xFFB7, 0xFFB8, 0xFF98, 0xFF99, 0xFF99, 0xFFDA, 0xFFDA, 0xFFB9, 0xFFDA, 0xFFDA, 0xFFFA, 0xFFFA, 0xFFFA, 0xFFDA, 0xFFD9,
    0xFFD9, 0xFFD9, 0xFFD9, 0xFFD9, 0xFFD9, 0xFFD9, 0xFFD9, 0xFFDA, 0xFFD9, 0xFF56, 0xFED2, 0xFED2, 0xFED2, 0xFED3, 0xFF54, 0x93EA,
    0x1840, 0x2923, 0x3164, 0x3164, 0x3164, 0x18E2, 0x1081, 0x10A1, 0x1081, 0x0860, 0x0840, 0x0860, 0x0881, 0x10A1, 0x10A1, 0x10A1,
    0x1081, 0x0840, 0x0860, 0x0840, 0x0860, 0x0840, 0x0840, 0x0840, 0x10A1, 0x10A2, 0x10A2, 0x10A2, 0x18A2, 0x10A1, 0x1081, 0x1081,
    0x10A1, 0x10A1, 0x10A1, 0x1081, 0x0860, 0x1081, 0x1081, 0x10A1, 0x20C2, 0x28E3, 0x20E3, 0x28E3, 0x18C2, 0x1080, 0x20E2, 0x6267,
    0xF672, 0xFED3, 0xFEB2, 0xFE92, 0xFE92, 0xFE92, 0xFE92, 0xFE92, 0xFE92, 0xFE92, 0xFE92, 0xFE92, 0xFE92, 0xFE72, 0xFE72, 0xFE72,
    0xFE72, 0xFE92, 0xFE92, 0xFE92, 0xFEB3, 0xFF15, 0xFFB9, 0xFFDA, 0xFFB9, 0xFFB9, 0xFFB9, 0xFF99, 0xFF99, 0xFF99, 0xFFB9, 0xF716,
    0xF693, 0xF693, 0xFE93, 0xFE93, 0xFE93, 0xFE93, 0xFE73, 0xFE73, 0xFE72, 0xFE72, 0xFE73, 0xFE72, 0xF6B3, 0xF736, 0xFFB9, 0xFFDA,
    0xFFBA, 0xFFBA, 0xFFB9, 0xFFBA, 0xFFB9, 0xFFDA, 0xFFDA, 0xFFB9, 0xFFB9, 0xFFB9, 0xFFB9, 0xFFBA, 0xFFBA, 0xFFBA, 0xFFB9, 0xFFBA,
    0xDD2C, 0xDD2C, 0xDD2C, 0xDD2C, 0xDD2C, 0xDD0C, 0xDD0C, 0xDD4D, 0xDD4D, 0xE54D, 0xF610, 0xF630, 0xF630, 0xF630, 0xF630, 0xF630,
    0xF630, 0xF673, 0xF6D6, 0xF717, 0xF717, 0xF717, 0xF717, 0xF717, 0xF717, 0xF717, 0xF717, 0xF717, 0xF717, 0xFF17, 0xFF17, 0xFF17,
    0xFF58, 0xFF99, 0xFF99, 0xFFD9, 0xFFFA, 0xFFFA, 0xFFFA, 0xFFFA, 0xFFFA, 0xFFFA, 0xFFFA, 0xFFFA, 0xFF76, 0xFEF3, 0xFEF4, 0xFEF4,
    0xFEF4, 0xFEF4, 0xFEF4, 0xFEF4, 0xFEF4, 0xFEF4, 0xFEF4, 0xFF14, 0xFF14, 0xFF14, 0xFF14, 0xFEF4, 0xFEF4, 0xFEF4, 0xFEF4, 0xFEF4,
    0xFEF4, 0xFEF4, 0xFEF4, 0xFEF4, 0xFEF4, 0xFEF4, 0xFF36, 0xFFD9, 0xFFB9, 0xFFDA, 0xFFDA, 0xFFDA, 0xFFD9, 0xFFD9, 0xFFDA, 0xFFDA,
    0xFFDA, 0xFF98, 0xFF57, 0xFF77, 0xFF77, 0xFF77, 0xFF77, 0xFF77, 0xFF56, 0xFF35, 0xFF35, 0xFF35, 0xFF76, 0xEED4, 0xCDB1, 0xCDF2,
    0xD612, 0xD633, 0xF779, 0xFFFC, 0xFFFB, 0xFFFB, 0xFFFB, 0xFFFB, 0xFFFA, 0xFFFA, 0xFFDA, 0xFFDA, 0xFFDA, 0xFFDA, 0xFFD9, 0xFFD9,
    0xFFD9, 0xFFD9, 0xFFD9, 0xFFD9, 0xFFD9, 0xFFD9, 0xFFD9, 0xFFD9, 0xFFDA, 0xFFD9, 0xFF14, 0xFED3, 0xFED3, 0xFED3, 0xFF74, 0x93CA,
    0x1840, 0x3164, 0x3164, 0x2943, 0x2943, 0x18C2, 0x0860, 0x1081, 0x1081, 0x10A1, 0x10A1, 0x1081, 0x1081, 0x1081, 0x1081, 0x1081,
    0x0881, 0x0860, 0x0860, 0x0860, 0x0860, 0x0840, 0x0840, 0x0840, 0x0861, 0x0881, 0x1081, 0x10A2, 0x10A2, 0x10A1, 0x10A1, 0x10A1,
    0x18C2, 0x1081, 0x0860, 0x10A1, 0x0861, 0x1081, 0x1081, 0x1081, 0x1081, 0x20C2, 0x20E2, 0x20E3, 0x18A2, 0x10A1, 0x0840, 0x28E2,
    0xF693, 0xFEB3, 0xFE92, 0xFE92, 0xFEB2, 0xFEB2, 0xFE92, 0xFE92, 0xFE92, 0xFE72, 0xFE72, 0xFE71, 0xFE71, 0xFE72, 0xFE72, 0xFE72,
    0xFE92, 0xFE93, 0xFE93, 0xFED4, 0xFEF5, 0xFF36, 0xFF99, 0xFED4, 0xFEB3, 0xFEB3, 0xF693, 0xF673, 0xFE73, 0xFE73, 0xF693, 0xFE73,
    0xFE72, 0xFE72, 0xFE72, 0xFE72, 0xFE72, 0xFE72, 0xFE93, 0xFE93, 0xFE93, 0xFE93, 0xFE73, 0xF672, 0xF652, 0xF672, 0xFF16, 0xFF78,
    0xFFB9, 0xFFDA, 0xFFDA, 0xFFDA, 0xFFB9, 0xFFDA, 0xFFDA, 0xFFBA, 0xFFB9, 0xFFB9, 0xFFB9, 0xFFB9, 0xFFBA, 0xFFBA, 0xFFBA, 0xFFBA,
    0xDD2C, 0xDD2C, 0xDD2C, 0xDD2C, 0xDD2C, 0xDD2C, 0xDD2C, 0xF5EF, 0xF630, 0xF630, 0xF630, 0xF630, 0xF630, 0xF630, 0xF630, 0xF630,
    0xF630, 0xF610, 0xF673, 0xFF17, 0xFF17, 0xF717, 0xF717, 0xF717, 0xF717, 0xF717, 0xF717, 0xF717, 0xF717, 0xFF37, 0xFF58, 0xFF78,
    0xFFB9, 0xFFFA, 0xFFDA, 0xFFDA, 0xFFDA, 0xFFD9, 0xFFFA, 0xFFD9, 0xFFFA, 0xFFFA, 0xFFFA, 0xFFFA, 0xFF56, 0xFEF3, 0xFEF4, 0xFEF4,
    0xFEF4, 0xFEF4, 0xFEF4, 0xFEF4, 0xFEF4, 0xFF14, 0xFF14, 0xFF15, 0xFF14, 0xFF14, 0xFEF4, 0xFEF4, 0xFEF4, 0xFEF4, 0xFEF4, 0xFEF4,
    0xFEF4, 0xFEF4, 0xFEF4, 0xFEF4, 0xFF14, 0xFF14, 0xFF36, 0xFF55, 0xFF35, 0xFF97, 0xFFB8, 0xFFB8, 0xFFB9, 0xFFB8, 0xFF56, 0xFF56,
    0xFF56, 0xFF35, 0xFED3, 0xFED3, 0xFEF3, 0xFEF3, 0xFEF3, 0xFEF3, 0xFEF3, 0xFF13, 0xFF14, 0xFF13, 0xF735, 0xC571, 0x59C5, 0x6206,
    0x6A26, 0x61E5, 0xB4F0, 0xE6F8, 0xE6D7, 0xE6D7, 0xE6D7, 0xE6D7, 0xDEB6, 0xEF58, 0xFFFB, 0xFFBA, 0xFFBA, 0xFFBA, 0xFFB9, 0xFFD9,
    0xFFDA, 0xFFD9, 0xFFD9, 0xFFD9, 0xFFD9, 0xFFD9, 0xFFD9, 0xFFD9, 0xFFD9, 0xFFD9, 0xFFD9, 0xFF35, 0xFEF2, 0xFEF3, 0xFF75, 0x8BAA,
    0x1861, 0x3984, 0x3164, 0x18C1, 0x0860, 0x0840, 0x0840, 0x0840, 0x0860, 0x10A1, 0x10A1, 0x10A1, 0x10A1, 0x0861, 0x0840, 0x0860,
    0x0860, 0x0860, 0x0860, 0x0860, 0x0840, 0x0840, 0x0840, 0x0840, 0x0040, 0x0040, 0x1081, 0x10A2, 0x10A2, 0x10A1, 0x10A1, 0x10A1,
    0x10A1, 0x10A1, 0x0860, 0x0860, 0x0861, 0x1081, 0x1081, 0x1081, 0x0860, 0x1081, 0x20C2, 0x28E3, 0x18A2, 0x1081, 0x0860, 0x3964,
    0xF693, 0xFEB2, 0xFEB2, 0xFE92, 0xFE92, 0xFE92, 0xFE92, 0xFE72, 0xFE72, 0xFED3, 0xFED4, 0xFED4, 0xFED4, 0xFED4, 0xFED4, 0xFEF5,
    0xFF78, 0xFF98, 0xFF78, 0xFFBA, 0xFFFB, 0xFFFB, 0xFFB9, 0xFEF5, 0xFED4, 0xFE72, 0xFE73, 0xFE72, 0xFE72, 0xFE72, 0xFE72, 0xFE72,
    0xFE92, 0xFE72, 0xFE72, 0xFE72, 0xFE72, 0xFE72, 0xFE72, 0xFE72, 0xFE93, 0xFE93, 0xFE73, 0xF672, 0xFE72, 0xFE72, 0xF652, 0xF673,
    0xFF98, 0xFFDA, 0xFFBA, 0xFFB9, 0xFFDA, 0xFFDA, 0xFFB9, 0xFFB9, 0xFFB9, 0xFFB9, 0xFFB9, 0xFFB9, 0xFFBA, 0xFFBA, 0xFFBA, 0xFFBA,
    0xDD2C, 0xDD2C, 0xDD2C, 0xDD0C, 0xE56D, 0xF60F, 0xEDEF, 0xF610, 0xF630, 0xF630, 0xF630, 0xF630, 0xF630, 0xF630, 0xF630, 0xF630,
    0xF630, 0xF610, 0xF693, 0xFF17, 0xFF17, 0xFF17, 0xF737, 0xF737, 0xF717, 0xF717, 0xF717, 0xF737, 0xFF37, 0xFF58, 0xFFD9, 0xFFD9,
    0xFFDA, 0xFFDA, 0xFFD9, 0xFFD9, 0xFFDA, 0xFFFA, 0xFFFA, 0xFFFA, 0xFFFA, 0xFFFA, 0xFFFA, 0xFFFA, 0xFFD9, 0xFF56, 0xFEF3, 0xFEF4,
    0xFEF4, 0xFEF4, 0xFEF4, 0xFEF4, 0xFEF4, 0xFEF4, 0xFEF4, 0xFEF4, 0xFF14, 0xFF36, 0xFF36, 0xFF36, 0xFF36, 0xFF36, 0xFF36, 0xFF57,
    0xFFB9, 0xFFB9, 0xFFB9, 0xFFB9, 0xFFB9, 0xFFB9, 0xFFDA, 0xFF35, 0xFED3, 0xFF14, 0xFEF3, 0xFF13, 0xFF14, 0xFF14, 0xFEF3, 0xFEF3,
    0xFEF3, 0xFEF3, 0xFEF3, 0xFEF3, 0xFEF3, 0xFEF3, 0xFEF3, 0xFEF3, 0xFF13, 0xFF95, 0xFF95, 0xFFF8, 0x72E7, 0x7B4B, 0xFFFF, 0xFFBD,
    0xF7DD, 0xFFDE, 0x7B4B, 0x4984, 0x5A06, 0x5A06, 0x5A06, 0x5A06, 0x51C5, 0x72E8, 0xEF38, 0xFFFD, 0xFFFC, 0xFFFC, 0xFFFC, 0xFFFA,
    0xFFD9, 0xFFD9, 0xFFD9, 0xFFD9, 0xFFD9, 0xFFD9, 0xFFD9, 0xFFD9, 0xFFD9, 0xFFB9, 0xFFB9, 0xFFB9, 0xFF35, 0xFEF3, 0xFF95, 0x8BAA,
    0x1860, 0x3964, 0x3164, 0x2123, 0x10A1, 0x0861, 0x0840, 0x0040, 0x0840, 0x0840, 0x0840, 0x0860, 0x0861, 0x0861, 0x0860, 0x0860,
    0x0860, 0x0860, 0x0860, 0x0860, 0x0840, 0x0840, 0x0840, 0x0840, 0x0040, 0x0840, 0x0881, 0x10A1, 0x10A2, 0x10A1, 0x10A1, 0x10A2,
    0x10A2, 0x10A2, 0x0861, 0x0840, 0x0840, 0x0840, 0x0840, 0x0840, 0x0860, 0x10A1, 0x18C2, 0x20C2, 0x18A1, 0x1081, 0x0860, 0x3984,
    0xFF35, 0xFF75, 0xFF35, 0xFF14, 0xFF35, 0xFF15, 0xFF15, 0xFF15, 0xFF15, 0xFFB8, 0xFFDA, 0xFFDA, 0xFFDA, 0xFFDA, 0xFFDA, 0xFFDA,
    0xFFDA, 0xFFDA, 0xFFDA, 0xFFDA, 0xFFDA, 0xFFDA, 0xFFDA, 0xFFDA, 0xFF98, 0xF6B3, 0xFE93, 0xFE72, 0xFE72, 0xFE92, 0xFE72, 0xFE72,
    0xFE92, 0xFE92, 0xFE72, 0xFE92, 0xFE72, 0xFE72, 0xFE72, 0xFE72, 0xFE93, 0xFE93, 0xFE73, 0xF672, 0xFE72, 0xF672, 0xF672, 0xF672,
    0xF6B3, 0xFF57, 0xFFFA, 0xFFDA, 0xFFD9, 0xFFB9, 0xFFB9, 0xFFB9, 0xFFB9, 0xFFB9, 0xFFB9, 0xFFB9, 0xFFB9, 0xFFBA, 0xFFB9, 0xFFB9,
    0xDD2C, 0xDD2C, 0xDD2C, 0xE58E, 0xEDEF, 0xF630, 0xF630, 0xF630, 0xF630, 0xF630, 0xF630, 0xF630, 0xF630, 0xF630, 0xF630, 0xF630,
    0xF630, 0xFE92, 0xFF15, 0xFF17, 0xFF17, 0xFF37, 0xFF37, 0xFF37, 0xFF37, 0xF738, 0xF737, 0xFF98, 0xFFB9, 0xFFD9, 0xFFFA, 0xFFDA,
    0xFFD9, 0xFFDA, 0xFFFA, 0xFFFA, 0xFFFA, 0xFFFA, 0xFFFA, 0xFFFA, 0xFFFA, 0xFFFA, 0xFFFA, 0xFFFA, 0xFFFB, 0xFFB8, 0xFEF4, 0xFEF4,
    0xFEF3, 0xFEF3, 0xFEF4, 0xFF56, 0xFF98, 0xFF78, 0xFF78, 0xFF78, 0xFF98, 0xFFDA, 0xFFFB, 0xFFFA, 0xFFFB, 0xFFDB, 0xFFDB, 0xFFFB,
    0xFFDA, 0xFFDA, 0xFFDA, 0xFFDA, 0xFFDA, 0xFFDA, 0xFFDA, 0xFF98, 0xFF14, 0xFEF3, 0xFEF3, 0xFEF3, 0xFF13, 0xFF14, 0xFF54, 0xFF34,
    0xFF34, 0xFF34, 0xFF33, 0xFF33, 0xFF33, 0xFF54, 0xFF74, 0xFFB6, 0xE652, 0x6A26, 0x7286, 0x72A7, 0x8BED, 0xCE38, 0xFFFE, 0xFFFE,
    0xFFFE, 0xFFDD, 0xDE97, 0xEF5B, 0xEF7C, 0xEF7C, 0xEF7C, 0xEF5C, 0xF79D, 0x8B8C, 0x6AA8, 0xA4F1, 0xA4CF, 0xA4D0, 0xA4D0, 0xF798,
    0xFFFC, 0xFFFB, 0xFFFB, 0xFFDA, 0xFFD9, 0xFFD9, 0xFFD9, 0xFFD9, 0xFFD9, 0xFFD9, 0xFFD9, 0xFFD9, 0xFFB9, 0xFF35, 0xFFB6, 0x8BCA,
    0x1840, 0x3984, 0x3164, 0x3164, 0x2944, 0x20E2, 0x1081, 0x0840, 0x0840, 0x0040, 0x0020, 0x0040, 0x0840, 0x0860, 0x0860, 0x0860,
    0x0860, 0x0840, 0x0040, 0x0840, 0x0840, 0x0840, 0x0040, 0x0840, 0x0840, 0x0040, 0x0040, 0x0861, 0x1081, 0x1081, 0x1081, 0x1081,
    0x10A1, 0x10A2, 0x1081, 0x0840, 0x0840, 0x0840, 0x0840, 0x0840, 0x0860, 0x10A1, 0x18A2, 0x18A2, 0x18A2, 0x18A2, 0x0860, 0x3964,
    0xD612, 0xD632, 0xFF96, 0xFFB8, 0xFFD9, 0xFFDA, 0xFFDA, 0xFFDA, 0xFFD9, 0xFFD9, 0xFFD9, 0xFFD9, 0xFFB9, 0xFFDA, 0xFFDA, 0xFFDA,
    0xFFDA, 0xFFDA, 0xFFDA, 0xFFDA, 0xFFDA, 0xFFDA, 0xFFDA, 0xFFDA, 0xFFDA, 0xFFD9, 0xF6D5, 0xFE73, 0xFE93, 0xFE72, 0xFE72, 0xFE72,
    0xFE92, 0xFE92, 0xFE92, 0xFE93, 0xFE93, 0xFE92, 0xFE72, 0xFE93, 0xFE93, 0xFE93, 0xFE73, 0xFE72, 0xFE72, 0xF672, 0xF672, 0xF672,
    0xFE52, 0xFEB3, 0xF715, 0xF736, 0xFFDA, 0xFFDA, 0xFFB9, 0xFFB9, 0xFFB9, 0xFFB9, 0xFFB9, 0xFFB9, 0xFFB9, 0xFFB9, 0xFFB9, 0xFFB9,
    0xDD0C, 0xEDAE, 0xF60F, 0xF630, 0xF630, 0xF610, 0xF610, 0xF630, 0xF631, 0xF631, 0xF631, 0xF630, 0xF630, 0xF630, 0xF630, 0xF631,
    0xF631, 0xFE92, 0xF6D4, 0xF716, 0xF717, 0xFF17, 0xFF37, 0xFF37, 0xFF58, 0xFFD9, 0xFFD9, 0xFFD9, 0xFFD9, 0xFFFA, 0xFFDA, 0xFFDA,
    0xFFDA, 0xFFFA, 0xFFFA, 0xFFF9, 0xFFF9, 0xFFF9, 0xFFFA, 0xFFFA, 0xFFD9, 0xFF77, 0xFF77, 0xFF76, 0xFF77, 0xFF76, 0xFF55, 0xFF97,
    0xFF98, 0xFF98, 0xFFB8, 0xFFD9, 0xFFFA, 0xFFFB, 0xFFFB, 0xFFFB, 0xFFFB, 0xFFDB, 0xFFDA, 0xFFFA, 0xFFDA, 0xFFDA, 0xFFDA, 0xFFDA,
    0xFFDA, 0xFFDA, 0xFFDA, 0xFFDA, 0xFFDA, 0xFFDA, 0xFFDA, 0xFFFA, 0xFF76, 0xFF14, 0xFF13, 0xFF13, 0xFF14, 0xF6D3, 0xE631, 0xE631,
    0xE631, 0xE631, 0xE610, 0xDE10, 0xDDF0, 0xC4ED, 0xAC2A, 0xAC6B, 0x8BAA, 0x9C2F, 0xA4B1, 0x9C50, 0xDEDA, 0xFFFF, 0xFFFE, 0xFFFE,
    0xFFFE, 0xFFDD, 0xF79C, 0xFFFE, 0xFFFE, 0xFFFE, 0xFFFF, 0xFFFF, 0xFFFF, 0xD698, 0x9C4F, 0x6AEA, 0x6AEA, 0x6AEA, 0x6AA9, 0x9C6E,
    0xBD92, 0xBD72, 0xCE34, 0xFFFA, 0xFFFA, 0xFFD9, 0xFFD9, 0xFFDA, 0xFFD9, 0xFFD9, 0xFFD9, 0xFFD9, 0xFFD9, 0xFF98, 0xFFF9, 0x8BCB,
    0x1040, 0x3984, 0x3164, 0x3164, 0x3164, 0x20E2, 0x18A1, 0x1081, 0x10A1, 0x1081, 0x0840, 0x0040, 0x0840, 0x0040, 0x0040, 0x0040,
    0x0840, 0x0040, 0x0040, 0x0860, 0x0840, 0x0840, 0x0840, 0x0840, 0x0040, 0x0040, 0x0040, 0x0860, 0x0860, 0x0840, 0x0840, 0x0840,
    0x0861, 0x10A1, 0x1081, 0x0840, 0x0840, 0x0840, 0x0840, 0x0840, 0x0860, 0x10A1, 0x18A2, 0x18A2, 0x18A2, 0x18A2, 0x18A1, 0x18A1,
    0x1060, 0x41A4, 0xEEF6, 0xF735, 0xFFB8, 0xFFDA, 0xFFB9, 0xFFB9, 0xFFB9, 0xFFD9, 0xFFD9, 0xFFB9, 0xFFB9, 0xFFB9, 0xFFD9, 0xFFDA,
    0xFFDA, 0xFFDA, 0xFFDA, 0xFFDA, 0xFFDA, 0xFFDA, 0xFFDA, 0xFFDA, 0xFFDA, 0xFFDA, 0xFFB9, 0xFF57, 0xFE73, 0xFE72, 0xFE73, 0xFE73,
    0xFE92, 0xFE92, 0xFE92, 0xFE92, 0xFE92, 0xFE92, 0xFE93, 0xFE72, 0xFE72, 0xFE72, 0xFE72, 0xFE72, 0xFE72, 0xF672, 0xF672, 0xF672,
    0xF672, 0xFE72, 0xFE31, 0xFE72, 0xFF56, 0xFF98, 0xFFB9, 0xFFB9, 0xFFB9, 0xFFB9, 0xFFB9, 0xFFB9, 0xFFB9, 0xFFBA, 0xFFBA, 0xFFBA,
    0xEDAE, 0xF610, 0xF630, 0xF630, 0xF630, 0xF630, 0xF610, 0xF630, 0xF630, 0xF630, 0xF630, 0xF630, 0xF630, 0xF630, 0xF630, 0xF630,
    0xF631, 0xF630, 0xF672, 0xF716, 0xF717, 0xFF37, 0xFF78, 0xFFB9, 0xFFD9, 0xFFF9, 0xFFF9, 0xFFD9, 0xFFD9, 0xFFD9, 0xFFD9, 0xFFD9,
    0xFFD9, 0xFFD9, 0xFF35, 0xFF14, 0xFF14, 0xFF14, 0xFF14, 0xFF14, 0xFF14, 0xFED3, 0xFED2, 0xFED2, 0xFED2, 0xFED2, 0xFF76, 0xFFD9,
    0xFFDA, 0xFFFA, 0xFFFA, 0xFFFA, 0xFFDA, 0xFFDA, 0xFFDA, 0xFFFA, 0xFFDA, 0xFFDA, 0xFFDA, 0xFFDA, 0xFFDA, 0xFFDA, 0xFFDA, 0xFFDA,
    0xFFDA, 0xFFDA, 0xFFDA, 0xFFDA, 0xFFDA, 0xFFDA, 0xFFDA, 0xFFDA, 0xFFDA, 0xFF97, 0xFEF3, 0xFED3, 0xFF74, 0xCD4F, 0x5122, 0x59A4,
    0x59C4, 0x59C4, 0x61E5, 0x59C5, 0x6A66, 0x8B09, 0x6247, 0x6247, 0x7B4B, 0xFFFF, 0xFFFF, 0xFFFF, 0xFFFF, 0xFFFE, 0xFFFE, 0xFFFE,
    0xFFFE, 0xFFFD, 0xFFFD, 0xFFFD, 0xFFFD, 0xFFFD, 0xFFFE, 0xFFFE, 0xFFFD, 0xFFFF, 0xFFFF, 0xFFFF, 0xFFFF, 0xFFFF, 0xFFFF, 0x6AC9,
    0x51A5, 0x4965, 0x6AA8, 0xF799, 0xF799, 0xFFD9, 0xFFDA, 0xFFDA, 0xFFF9, 0xFFD9, 0xFFD9, 0xFFD9, 0xFFD9, 0xFFB9, 0xFFFB, 0x940C,
    0x1020, 0x3984, 0x3164, 0x3164, 0x2944, 0x18C2, 0x18A1, 0x1081, 0x10A1, 0x10A1, 0x1081, 0x0840, 0x0840, 0x0040, 0x0040, 0x0040,
    0x0840, 0x0860, 0x0840, 0x0840, 0x0840, 0x0040, 0x0840, 0x0840, 0x0040, 0x0040, 0x0040, 0x0040, 0x0860, 0x0881, 0x1081, 0x1081,
    0x1081, 0x10A1, 0x1081, 0x0840, 0x0840, 0x0840, 0x0860, 0x0860, 0x0860, 0x1081, 0x18A2, 0x18A2, 0x18C2, 0x18C2, 0x18A2, 0x18A1,
    0x18A2, 0x20E2, 0x28C2, 0x944C, 0xFFF8, 0xFFB9, 0xFFDA, 0xFFB9, 0xFFD9, 0xFFD9, 0xFFD9, 0xFFD9, 0xFFD9, 0xFFD9, 0xFFD9, 0xFFD9,
    0xFFDA, 0xFFDA, 0xFFDA, 0xFFDA, 0xFFDA, 0xFFDA, 0xFFDA, 0xFFDA, 0xFFD9, 0xFFB9, 0xFFDA, 0xFFB9, 0xFF57, 0xFEB3, 0xFE72, 0xFE93,
    0xFE92, 0xFE72, 0xFE92, 0xFE93, 0xFE93, 0xFE92, 0xFE93, 0xFE93, 0xFE93, 0xFE92, 0xFE72, 0xFE72, 0xFE72, 0xFE72, 0xF672, 0xF672,
    0xFE72, 0xFE72, 0xFE72, 0xFE72, 0xF631, 0xF715, 0xFFDA, 0xFFBA, 0xFFB9, 0xFFB9, 0xFFB9, 0xFFB9, 0xFFB9, 0xFFB9, 0xFF99, 0xFFB9,
    0xF630, 0xF630, 0xF630, 0xF630, 0xF630, 0xF630, 0xF630, 0xF630, 0xF630, 0xF630, 0xF630, 0xF630, 0xF630, 0xF630, 0xF630, 0xF630,
    0xF630, 0xF630, 0xF651, 0xF694, 0xFF16, 0xFF78, 0xFF98, 0xFF97, 0xFF77, 0xFF77, 0xFF56, 0xFF56, 0xFF55, 0xFF14, 0xFF14, 0xFF14,
    0xFF14, 0xFEF4, 0xFED3, 0xFED2, 0xFED3, 0xFED3, 0xFED3, 0xFED3, 0xFED3, 0xFEF3, 0xFEF3, 0xFEF3, 0xFEF3, 0xFEF3, 0xFF14, 0xFFB8,
    0xFFDA, 0xFFDA, 0xFFDA, 0xFFFA, 0xFFFA, 0xFFDA, 0xFFDA, 0xFFDA, 0xFFDA, 0xFFDA, 0xFFDA, 0xFFFA, 0xFFFA, 0xFFDA, 0xFFDA, 0xFFDA,
    0xFFDA, 0xFFDA, 0xFFDA, 0xFFDA, 0xFFDA, 0xFFDA, 0xFFDA, 0xFFDA, 0xFFBA, 0xFFD8, 0xFFD6, 0xFFF7, 0xDE52, 0x8BAC, 0xE71B, 0xE73B,
    0xEF3C, 0xEF5C, 0xEF5C, 0xF77D, 0xE6FA, 0xBD72, 0xFFFD, 0xFFFE, 0xFFFF, 0xFFDE, 0xFFDE, 0xFFFE, 0xFFFE, 0xFFFF, 0xFFFE, 0xFFFE,
    0xFFFD, 0xFFFD, 0xFFFC, 0xFFFC, 0xFFFD, 0xFFFE, 0xFFFE, 0xFFFE, 0xFFFD, 0xFFFC, 0xFFDD, 0xFFFE, 0xFFFE, 0xFFFE, 0xFFFE, 0xFFFF,
    0xFFFE, 0xFFFE, 0xBD52, 0x4943, 0x734A, 0xFFFB, 0xFFFA, 0xFFFA, 0xFFFA, 0xFFFA, 0xFFFA, 0xFFFA, 0xFFDA, 0xFFFB, 0xC613, 0x3964,
    0x1881, 0x3164, 0x3164, 0x3164, 0x2944, 0x18C2, 0x1081, 0x1081, 0x1081, 0x1081, 0x1081, 0x0860, 0x0840, 0x0040, 0x0040, 0x0040,
    0x0840, 0x0860, 0x0860, 0x0840, 0x0040, 0x0040, 0x0040, 0x0040, 0x0040, 0x0040, 0x0040, 0x0040, 0x0860, 0x1081, 0x1081, 0x1081,
    0x1081, 0x1081, 0x1081, 0x0840, 0x0840, 0x0840, 0x0860, 0x0860, 0x0860, 0x1081, 0x18A2, 0x18A2, 0x18C2, 0x18C2, 0x18A2, 0x18A1,
    0x18A1, 0x20E1, 0x1880, 0x20A1, 0x9C2B, 0xFF76, 0xFF78, 0xFFD9, 0xFFB9, 0xFFD9, 0xFFD9, 0xFFD9, 0xFFD9, 0xFFD9, 0xFFD9, 0xFFFA,
    0xFFFA, 0xFFDA, 0xFFDA, 0xFFDA, 0xFFDA, 0xFFDA, 0xFFDA, 0xFFD9, 0xFFD9, 0xFFB9, 0xFFB9, 0xFFBA, 0xFFD9, 0xFF78, 0xFEF5, 0xFE72,
    0xFE93, 0xFE92, 0xFE92, 0xFE92, 0xFE93, 0xFE92, 0xFE93, 0xFE92, 0xFE92, 0xFE93, 0xFE92, 0xFE72, 0xFE72, 0xFE72, 0xFE72, 0xFE72,
    0xFE72, 0xFE72, 0xFE52, 0xFE51, 0xFE51, 0xF672, 0xF6F5, 0xFFB9, 0xFFB9, 0xFFB9, 0xFFB9, 0xFFB9, 0xFFB9, 0xFF57, 0xF694, 0xF6B4,
    0xF610, 0xF630, 0xF630, 0xF630, 0xF610, 0xF610, 0xF610, 0xF610, 0xF610, 0xF610, 0xF610, 0xF630, 0xF630, 0xF693, 0xF6D3, 0xFEB3,
    0xF6B4, 0xFEF5, 0xFF16, 0xF6B3, 0xFE93, 0xFED3, 0xFED3, 0xFEB2, 0xFEB2, 0xFEB2, 0xFEB2, 0xFED2, 0xFEF2, 0xFED2, 0xFED2, 0xFED2,
    0xFED2, 0xFED2, 0xFED3, 0xFEF3, 0xFEF3, 0xFEF3, 0xFEF3, 0xFEF3, 0xFEF3, 0xFEF3, 0xFEF3, 0xFEF3, 0xFEF3, 0xFEF3, 0xFEF3, 0xFFB9,
    0xFFDA, 0xFFDA, 0xFFDA, 0xFFDA, 0xFFFA, 0xFFDA, 0xFFDA, 0xFFDA, 0xFFDA, 0xFFDA, 0xFFDA, 0xFFDA, 0xFFDA, 0xFFDA, 0xFFDA, 0xFFDA,
    0xFFDA, 0xFFDA, 0xFFDA, 0xFFDA, 0xFFDA, 0xFFDA, 0xFFDA, 0xFFFA, 0xFFFC, 0xE6F6, 0x8349, 0x83AA, 0x7B09, 0xB554, 0xFFFF, 0xFFFF,
    0xFFFF, 0xFFFF, 0xFFFF, 0xFFFF, 0xFFFF, 0xF7BC, 0xFFBC, 0xFFBC, 0xFFFE, 0xFFFE, 0xFFFE, 0xFFFE, 0xFFFE, 0xFFFE, 0xFFFE, 0xFFFE,
    0xFFFD, 0xFFFC, 0xFFFC, 0xFFFD, 0xFFFE, 0xFFFF, 0xFFFF, 0xFFFE, 0xFFFE, 0xFFFD, 0xFFFE, 0xFFFF, 0xFFFF, 0xFFFE, 0xFFFE, 0xFFFD,
    0xFFDD, 0xFFDD, 0xEF39, 0xCE36, 0xAD32, 0x51E5, 0x5A06, 0x5A06, 0x51E5, 0xCE14, 0xF799, 0xF758, 0xEF58, 0xF79A, 0x9C6E, 0x0800,
    0x3164, 0x3164, 0x3164, 0x2944, 0x2103, 0x18C2, 0x1081, 0x1081, 0x1081, 0x1081, 0x0860, 0x0840, 0x10A1, 0x10A1, 0x0860, 0x0860,
    0x0861, 0x0860, 0x0840, 0x0040, 0x0040, 0x0040, 0x0040, 0x0040, 0x0040, 0x0040, 0x0040, 0x0040, 0x0881, 0x10A1, 0x1081, 0x0860,
    0x0860, 0x1081, 0x1081, 0x1081, 0x0861, 0x0860, 0x0840, 0x0840, 0x0840, 0x1081, 0x1081, 0x1081, 0x10A1, 0x18C2, 0x18A2, 0x18A1,
    0x1060, 0xBD71, 0xD612, 0x6AC7, 0xAC8D, 0xFF14, 0xFF15, 0xFF98, 0xFFD9, 0xFFD9, 0xFFD9, 0xFFD9, 0xFFD9, 0xFFD9, 0xFFD9, 0xFFDA,
    0xFFDA, 0xFFDA, 0xFFDA, 0xFFDA, 0xFFDA, 0xFFDA, 0xFFDA, 0xFFBA, 0xFFDA, 0xFFBA, 0xFFBA, 0xFFB9, 0xFFB9, 0xFFDA, 0xFF99, 0xFF36,
    0xFEB2, 0xFE72, 0xFE93, 0xFE92, 0xFE93, 0xFE93, 0xFE93, 0xFE92, 0xFE93, 0xFE92, 0xFE72, 0xFE72, 0xFE52, 0xFE52, 0xFE51, 0xFE51,
    0xFE71, 0xFE71, 0xFEB3, 0xFF16, 0xFF16, 0xFEF5, 0xF716, 0xFF77, 0xFF98, 0xFEF5, 0xFEB4, 0xF6B4, 0xF6B4, 0xF693, 0xF652, 0xF652,
    0xF610, 0xF610, 0xF610, 0xF610, 0xF672, 0xF693, 0xF694, 0xF6B4, 0xF6B4, 0xF6B4, 0xF6B4, 0xFEB4, 0xF6B4, 0xFF16, 0xFF37, 0xFF37,
    0xFF37, 0xFF58, 0xFF58, 0xFED4, 0xFE92, 0xFEB2, 0xFEB1, 0xFEB1, 0xFEB1, 0xFEB1, 0xFEB1, 0xFED2, 0xFF13, 0xFF13, 0xFEF3, 0xFEF3,
    0xFEF3, 0xFEF3, 0xFEF3, 0xFEF3, 0xFEF3, 0xFEF3, 0xFEF3, 0xFEF3, 0xFEF3, 0xFEF3, 0xFEF3, 0xFEF3, 0xFEF3, 0xFEF3, 0xFEF3, 0xFF97,
    0xFFDA, 0xFFDA, 0xFFFA, 0xFFDA, 0xFFDA, 0xFFDA, 0xFFDA, 0xFFDA, 0xFFDA, 0xFFDA, 0xFFDA, 0xFFDA, 0xFFDA, 0xFFDA, 0xFFDA, 0xFFDA,
    0xFFDA, 0xFFDA, 0xFFDA, 0xFFD9, 0xFFD9, 0xFFB9, 0xFFB9, 0xDEB6, 0xCE55, 0xBD72, 0x730B, 0x730B, 0x838D, 0xF7BD, 0xFFFF, 0xFFFE,
    0xFFFF, 0xFFFF, 0xFFFD, 0xFFFD, 0xFFFD, 0xFFFE, 0xFFFE, 0xFFFE, 0xFFFF, 0xFFFE, 0xFFFE, 0xFFFE, 0xFFFE, 0xFFFE, 0xFFFE, 0xFFFE,
    0xFFFD, 0xFFFD, 0xFFFE, 0xFFFE, 0xFFFF, 0xFFFF, 0xFFFF, 0xFFFF, 0xFFFF, 0xFFFE, 0xFFFE, 0xFFFE, 0xFFFE, 0xFFDD, 0xFFDD, 0xFFBC,
    0xFF9B, 0xFF9B, 0xFFBC, 0xFFFE, 0xF79C, 0xB554, 0xBD74, 0xBD95, 0xAD13, 0x4164, 0x3923, 0x3944, 0x3944, 0x3944, 0x3123, 0x18A1,
    0x2903, 0x2923, 0x3164, 0x3144, 0x20C2, 0x20C2, 0x1081, 0x1081, 0x10A1, 0x0861, 0x0840, 0x0860, 0x1081, 0x1081, 0x0861, 0x0861,
    0x0861, 0x0860, 0x0840, 0x0840, 0x0040, 0x0040, 0x0040, 0x0840, 0x0040, 0x0040, 0x0040, 0x0040, 0x0861, 0x0881, 0x0861, 0x0040,
    0x0040, 0x0881, 0x1081, 0x1081, 0x1081, 0x0860, 0x0840, 0x0860, 0x0861, 0x0881, 0x0881, 0x0861, 0x10A1, 0x18C2, 0x18A2, 0x10A1,
    0x18A1, 0x62A8, 0x93EB, 0xFF34, 0xFF13, 0xFED2, 0xFEB2, 0xFEF4, 0xFFB8, 0xFFD9, 0xFFD9, 0xFFD9, 0xFFDA, 0xFFD9, 0xFFDA, 0xFFDA,
    0xFFFA, 0xFFFA, 0xFFDA, 0xFFDA, 0xFFDA, 0xFFDA, 0xFFDA, 0xFFDA, 0xFFBA, 0xFFDA, 0xFFDA, 0xFFBA, 0xFFBA, 0xFFB9, 0xFFDA, 0xFFDA,
    0xFF15, 0xFEB3, 0xFE72, 0xFE73, 0xFE72, 0xFE72, 0xFE72, 0xFE72, 0xFE72, 0xFEB3, 0xFED5, 0xFED4, 0xFED4, 0xFED4, 0xF6D4, 0xF6D4,
    0xFED4, 0xFEF4, 0xFF36, 0xFFDA, 0xFFDA, 0xFFDA, 0xFFDA, 0xFFDA, 0xFFDA, 0xF716, 0xFEB4, 0xFE73, 0xFE73, 0xFE73, 0xFE73, 0xFE72,
    0xF6B4, 0xF6B4, 0xF6B4, 0xF6B4, 0xF6F6, 0xFF17, 0xFF17, 0xFF37, 0xF738, 0xF737, 0xF737, 0xF737, 0xFF38, 0xFF37, 0xFF37, 0xFF37,
    0xFF37, 0xF717, 0xF6F7, 0xFEF6, 0xFEB3, 0xFEB2, 0xFEB2, 0xFEB1, 0xFEB1, 0xFEB1, 0xFEB1, 0xFEF2, 0xFF13, 0xFF13, 0xFF13, 0xFF13,
    0xFF13, 0xFF13, 0xFEF3, 0xFEF3, 0xFEF3, 0xFEF3, 0xFEF3, 0xFEF3, 0xFED3, 0xFEF3, 0xFEF3, 0xFEF2, 0xFEF2, 0xFEF2, 0xFEF2, 0xFEF3,
    0xFFB8, 0xFFDA, 0xFFDA, 0xFFDA, 0xFFDA, 0xFFDA, 0xFFD9, 0xFFD9, 0xFFD9, 0xFFD9, 0xFFDA, 0xFFDA, 0xFFDA, 0xFFDA, 0xFFDA, 0xFFDA,
    0xFFDA, 0xFFDA, 0xFFDA, 0xFFDA, 0xFFD9, 0xFFFA, 0xFFFD, 0x7B2A, 0x2860, 0x730A, 0xFFFF, 0xFFFF, 0xFFFF, 0xFFFE, 0xFFFE, 0xFFFE,
    0xFFFF, 0xFFFE, 0xFFFC, 0xFFFC, 0xFFFC, 0xFFFC, 0xFFFE, 0xFFFF, 0xFFFF, 0xFFFE, 0xFFFE, 0xFFFE, 0xFFFF, 0xFFFF, 0xFFFF, 0xFFFF,
    0xFFFE, 0xFFFE, 0xFFFE, 0xFFFF, 0xFFFE, 0xFFFF, 0xFFFF, 0xFFFE, 0xFFFE, 0xFFDD, 0xFFBC, 0xFFBC, 0xFFBC, 0xFFBB, 0xFF9B, 0xFFBB,
    0xFF9B, 0xFFBB, 0xFF9B, 0xFFBC, 0xFFFE, 0xFFFF, 0xFFFF, 0xFFFF, 0xFFFE, 0xD698, 0xCE57, 0xD657, 0xD657, 0xDEB9, 0x9470, 0x0000,
    0x18A1, 0x2102, 0x3164, 0x3164, 0x18C2, 0x18C2, 0x18C2, 0x10C1, 0x10A2, 0x0861, 0x0840, 0x0860, 0x0860, 0x0861, 0x0861, 0x0861,
    0x0861, 0x0861, 0x0840, 0x0040, 0x0040, 0x0040, 0x0040, 0x0840, 0x0040, 0x0040, 0x0040, 0x0040, 0x0040, 0x0860, 0x0860, 0x0040,
    0x0840, 0x0881, 0x1081, 0x1081, 0x1081, 0x0860, 0x0840, 0x0881, 0x1081, 0x1081, 0x1081, 0x0881, 0x10A1, 0x18C2, 0x18A2, 0x18A1,
    0x18C2, 0x0820, 0x3122, 0xF692, 0xFEB2, 0xFEB2, 0xFED2, 0xFEB2, 0xFED3, 0xFF98, 0xFFD9, 0xFFDA, 0xFFDA, 0xFFDA, 0xFFDA, 0xFFDA,
    0xFFFA, 0xFFDA, 0xFFDA, 0xFFDA, 0xFFDA, 0xFFDA, 0xFFDA, 0xFFDA, 0xFFDA, 0xFFDA, 0xFFDA, 0xFFDA, 0xFFDA, 0xFFDA, 0xFFDA, 0xFFDA,
    0xFFFB, 0xFF57, 0xFE93, 0xFEB3, 0xFED4, 0xFED4, 0xFED4, 0xFED4, 0xFEB4, 0xFF36, 0xFFDA, 0xFFB9, 0xFFD9, 0xFFDA, 0xFFDA, 0xFFDA,
    0xFFDA, 0xFFDA, 0xFFBA, 0xFFBA, 0xFFDA, 0xFFDA, 0xFFBA, 0xFFDA, 0xFFDA, 0xFFD9, 0xFF98, 0xF6D5, 0xFE72, 0xFE72, 0xFE73, 0xFE73,
    0xFF37, 0xFF37, 0xFF37, 0xFF37, 0xFF17, 0xFF16, 0xFF17, 0xFF17, 0xFF17, 0xFF17, 0xF717, 0xF717, 0xFF37, 0xFF37, 0xFF37, 0xFF38,
    0xFF37, 0xFF58, 0xFF99, 0xFF98, 0xFED4, 0xFEB2, 0xFED2, 0xFEB2, 0xFEB2, 0xFEB2, 0xFEB2, 0xFED2, 0xFF13, 0xFF13, 0xFF13, 0xFF13,
    0xFF13, 0xFF13, 0xFF13, 0xFF13, 0xFEF2, 0xFED2, 0xFEF3, 0xFEF3, 0xFEF3, 0xFED2, 0xFED2, 0xFEB2, 0xFED2, 0xFEF2, 0xFEF2, 0xFF13,
    0xFFB8, 0xFFDA, 0xFFD9, 0xFFD9, 0xFFD9, 0xFFD9, 0xFFD9, 0xFFD9, 0xFFD9, 0xFFD9, 0xFFDA, 0xFFDA, 0xFFDA, 0xFFDA, 0xFFDA, 0xFFDA,
    0xFFD9, 0xFFDA, 0xFFDA, 0xFFD9, 0xFFFB, 0xC5B2, 0x8BEC, 0xDEB8, 0xE71A, 0xEF5B, 0xFFFE, 0xFFFE, 0xFFFE, 0xFFFE, 0xFFFE, 0xFFFE,
    0xFFFD, 0xFFFD, 0xFFFD, 0xFFFD, 0xFFFD, 0xFFFD, 0xFFFE, 0xFFFE, 0xFFFF, 0xFFFF, 0xFFFE, 0xFFFF, 0xFFFE, 0xFFFD, 0xFFFE, 0xFFFE,
    0xFFFE, 0xFFFE, 0xFFFE, 0xFFFC, 0xFFFC, 0xFFFD, 0xFFDD, 0xFFDC, 0xFFDC, 0xFFDC, 0xFFBC, 0xFFDD, 0xFFDD, 0xFFDD, 0xFFDC, 0xFFBC,
    0xFFBC, 0xFFBC, 0xFFBC, 0xFFBC, 0xFFDD, 0xFFDD, 0xFFDC, 0xFFDC, 0xFFDC, 0xFFFD, 0xFFFD, 0xFFFE, 0xFFFD, 0xFFFE, 0xD677, 0x62CA,
    0x3143, 0x0820, 0x18C2, 0x18C2, 0x1081, 0x1061, 0x1081, 0x1080, 0x1081, 0x0860, 0x0840, 0x0840, 0x0860, 0x0861, 0x0881, 0x0861,
    0x0881, 0x0861, 0x0860, 0x0040, 0x0040, 0x0040, 0x0040, 0x0840, 0x0040, 0x0040, 0x0040, 0x0040, 0x0840, 0x0861, 0x0861, 0x0860,
    0x0881, 0x1081, 0x1081, 0x1081, 0x1081, 0x0860, 0x0840, 0x0881, 0x1081, 0x0881, 0x0881, 0x0881, 0x10A2, 0x18C2, 0x18C2, 0x18A2,
    0x18C2, 0x18A1, 0x1040, 0xA46B, 0xFF13, 0xFEB2, 0xFED2, 0xFEB2, 0xFEB2, 0xFED3, 0xFF77, 0xFFDA, 0xFFDA, 0xFFDA, 0xFFDA, 0xFFDA,
    0xFFDA, 0xFFDA, 0xFFDA, 0xFFDA, 0xFFDA, 0xFFDA, 0xFFDA, 0xFFDA, 0xFFDA, 0xFFFA, 0xFFDA, 0xFFFA, 0xFFDA, 0xFF98, 0xFF98, 0xFF98,
    0xFF98, 0xFF77, 0xFF15, 0xFF16, 0xFFDA, 0xFFDB, 0xFFDA, 0xFFDA, 0xFFDA, 0xFFD9, 0xFFD9, 0xFFBA, 0xFFDA, 0xFFBA, 0xFFBA, 0xFFBA,
    0xFFDA, 0xFFDA, 0xFFDA, 0xFFDA, 0xFFDA, 0xFFDA, 0xFFDA, 0xFFDA, 0xFFDA, 0xFFBA, 0xFFDA, 0xFF99, 0xF715, 0xF6B3, 0xF672, 0xFE73,
    0xFF17, 0xFF17, 0xFF17, 0xFF17, 0xFF17, 0xFF17, 0xFF17, 0xFF17, 0xFF17, 0xFF17, 0xF717, 0xF737, 0xFF37, 0xFF37, 0xFF38, 0xFF38,
    0xFF58, 0xFF99, 0xFFDA, 0xFFD9, 0xFF14, 0xFED2, 0xFED2, 0xFEB2, 0xFED2, 0xFED2, 0xFED2, 0xFEF2, 0xFF13, 0xFF13, 0xFF13, 0xFF13,
    0xFF13, 0xFF13, 0xFEF3, 0xFEF2, 0xFED2, 0xFEB2, 0xFEB2, 0xFEB2, 0xFEB2, 0xFEB2, 0xFEB1, 0xFEB1, 0xFEB2, 0xFEB2, 0xFEB2, 0xFEF3,
    0xFFB8, 0xFFDA, 0xFFDA, 0xFFD9, 0xFFD9, 0xFFD9, 0xFFD9, 0xFFD9, 0xFFD9, 0xFFD9, 0xFFD9, 0xFFD9, 0xFFD9, 0xFFD9, 0xFFD9, 0xFFF9,
    0xFFD9, 0xFFD9, 0xFFD9, 0xFFB9, 0xF79B, 0xAD11, 0x6268, 0xEF3B, 0xFFFF, 0xFFFE, 0xFFFD, 0xFFFE, 0xFFFE, 0xFFFE, 0xFFFD, 0xFFFD,
    0xFFFE, 0xFFFD, 0xFFFE, 0xFFFE, 0xFFFE, 0xFFFE, 0xFFFE, 0xFFFF, 0xFFFE, 0xFFFE, 0xFFFE, 0xFFFF, 0xFFFD, 0xFFDC, 0xFFDB, 0xFFFD,
    0xFFFF, 0xFFFD, 0xFFFC, 0xFFDC, 0xFFDC, 0xFFDB, 0xFFDB, 0xFFDC, 0xFFDC, 0xFFDC, 0xFFDD, 0xFFFE, 0xFFFF, 0xFFFF, 0xFFFE, 0xFFFE,
    0xFFFE, 0xFFFE, 0xFFFE, 0xFFFE, 0xFFFE, 0xFFFD, 0xFFFD, 0xFFFD, 0xFFDC, 0xFFBC, 0xFFBC, 0xFFBC, 0xFFBC, 0xFFBC, 0xFFDC, 0xFFFF,
    0x946F, 0x4207, 0x0860, 0x0860, 0x1081, 0x1081, 0x1081, 0x0860, 0x0860, 0x0860, 0x0860, 0x0860, 0x0840, 0x0840, 0x0860, 0x0860,
    0x0860, 0x0860, 0x0860, 0x0840, 0x0040, 0x0040, 0x0040, 0x0040, 0x0040, 0x0040, 0x0040, 0x0040, 0x0840, 0x0861, 0x0881, 0x1081,
    0x1081, 0x1081, 0x1081, 0x1081, 0x1081, 0x0861, 0x0861, 0x1081, 0x1081, 0x1081, 0x1081, 0x1081, 0x1081, 0x10A1, 0x18C2, 0x18C2,
    0x10A1, 0x3123, 0x7B28, 0xDDF0, 0xFED3, 0xFEB3, 0xFEB2, 0xFEB2, 0xFEB2, 0xFEB2, 0xFEB3, 0xFF15, 0xFFD9, 0xFFDA, 0xFFDA, 0xFFFA,
    0xFFFB, 0xFFFA, 0xFFFB, 0xFFFB, 0xFFFB, 0xFFFB, 0xFFFB, 0xFFFB, 0xFF78, 0xFF37, 0xFF37, 0xFF57, 0xFF15, 0xF693, 0xFE93, 0xFE93,
    0xFE93, 0xFE93, 0xFE93, 0xFED4, 0xFFB9, 0xFFDA, 0xFFDA, 0xFFDA, 0xFFDA, 0xFFBA, 0xFFBA, 0xFFDA, 0xFFDA, 0xFFDA, 0xFFDA, 0xFFDA,
    0xFFDA, 0xFFDA, 0xFFDA, 0xFFDA, 0xFFDA, 0xFFDA, 0xFFDA, 0xFFDA, 0xFFDA, 0xFFDA, 0xFFDA, 0xFFBA, 0xFFDB, 0xFF78, 0xF6F5, 0xFE93,
    0xF717, 0xF717, 0xF717, 0xFF17, 0xFF17, 0xFF17, 0xFF17, 0xFF17, 0xFF17, 0xFF17, 0xF717, 0xF737, 0xFF37, 0xFF17, 0xFF58, 0xFFDA,
    0xFFDA, 0xFFFA, 0xFFDA, 0xFFD9, 0xFFB8, 0xFF14, 0xFED2, 0xFED1, 0xFED2, 0xFED2, 0xFED2, 0xFED2, 0xFF13, 0xFF13, 0xFF13, 0xFF13,
    0xFEB2, 0xFEB2, 0xFEB1, 0xFEB1, 0xFEB2, 0xFEB2, 0xFEB1, 0xFEB2, 0xFEB1, 0xFEB1, 0xFEB1, 0xFEB1, 0xFEB1, 0xFEB2, 0xFEB1, 0xFED2,
    0xFF14, 0xFF77, 0xFFDA, 0xFFD9, 0xFFD9, 0xFFD9, 0xFFD9, 0xFFD9, 0xFFD9, 0xFFD9, 0xFFD9, 0xFFD9, 0xFFF9, 0xFFF9, 0xFFF9, 0xFFF9,
    0xFFF9, 0xFFD9, 0xFFFA, 0xEF37, 0x4983, 0xBD94, 0xFFFF, 0xF7DC, 0xFFFD, 0xFFFD, 0xFFFD, 0xFFFD, 0xFFFD, 0xFFFD, 0xFFFD, 0xFFFE,
    0xFFFE, 0xFFFE, 0xFFFE, 0xFFFF, 0xFFFF, 0xFFFE, 0xFFFE, 0xFFFF, 0xFFFD, 0xFFDC, 0xFFFE, 0xFFFF, 0xFFFF, 0xFFFE, 0xFFFC, 0xFFFD,
    0xFFFE, 0xFFFE, 0xFFFD, 0xFFDD, 0xFFFD, 0xFFDC, 0xFFDB, 0xFFFD, 0xFFFE, 0xFFFE, 0xFFFE, 0xFFFE, 0xFFFE, 0xFFFE, 0xFFFE, 0xFFFE,
    0xFFFE, 0xFFFE, 0xFFFE, 0xFFFE, 0xFFFE, 0xFFFE, 0xFFFE, 0xFFFE, 0xFFFE, 0xFFFE, 0xFFFE, 0xFFFD, 0xFFDD, 0xFFBC, 0xFFBC, 0xFF9C,
    0xFFFD, 0xEF1A, 0x4A27, 0x2923, 0x1081, 0x1081, 0x1081, 0x1081, 0x0860, 0x0860, 0x0860, 0x0860, 0x0840, 0x0840, 0x0840, 0x0040,
    0x0040, 0x0040, 0x0040, 0x0040, 0x0040, 0x0040, 0x0040, 0x0040, 0x0040, 0x0040, 0x0040, 0x0040, 0x0840, 0x0881, 0x1081, 0x1081,
    0x1081, 0x1081, 0x1081, 0x1081, 0x1081, 0x1081, 0x1081, 0x1081, 0x1081, 0x0881, 0x0881, 0x1081, 0x1081, 0x1081, 0x18C2, 0x18E2,
    0x0840, 0x6287, 0xFF75, 0xFED3, 0xFEB2, 0xFEB2, 0xFEB2, 0xFEB2, 0xFEB2, 0xFEB2, 0xFE92, 0xFE91, 0xFF36, 0xFFDA, 0xFFB9, 0xFF98,
    0xFF98, 0xFF98, 0xFF98, 0xFF78, 0xFF78, 0xFF78, 0xFF77, 0xFF77, 0xFED4, 0xFE92, 0xFE92, 0xFE72, 0xFE93, 0xFE92, 0xFE72, 0xFE72,
    0xFE93, 0xFE93, 0xFE93, 0xFE93, 0xFEB4, 0xFF57, 0xFFDA, 0xFFDA, 0xFFDA, 0xFFDA, 0xFFDA, 0xFFDA, 0xFFDA, 0xFFDA, 0xFFDA, 0xFFDA,
    0xFFDA, 0xFFDA, 0xFFDA, 0xFFDA, 0xFFDA, 0xFFDA, 0xFFDA, 0xFFDA, 0xFFDA, 0xFFDA, 0xFFDA, 0xFFBA, 0xFFBA, 0xFFDA, 0xFFB9, 0xFF16,
    0xF717, 0xF717, 0xF717, 0xFF17, 0xFF17, 0xFF17, 0xFF17, 0xF717, 0xF717, 0xFF17, 0xF717, 0xFF17, 0xFF58, 0xFF79, 0xFF99, 0xFFFA,
    0xFFFA, 0xFFFA, 0xFFFA, 0xFFDA, 0xFFFA, 0xFF35, 0xFEB1, 0xFED2, 0xFED2, 0xFED2, 0xFED2, 0xFEB2, 0xFED2, 0xFF13, 0xFF13, 0xFEF3,
    0xFEB1, 0xFEB1, 0xFEB1, 0xFEB1, 0xFEB1, 0xFEB1, 0xFEB1, 0xFEB1, 0xFEB2, 0xFEB2, 0xFEB1, 0xFEB1, 0xFEB1, 0xFEB2, 0xFEB2, 0xFEB2,
    0xFEB2, 0xFF35, 0xFFDA, 0xFFD9, 0xFFD9, 0xFFD9, 0xFFDA, 0xFFDA, 0xFFDA, 0xFFDA, 0xFFD9, 0xFFB8, 0xFFB8, 0xFFB8, 0xFFB8, 0xFFB8,
    0xFFB8, 0xF798, 0xF799, 0xCDF2, 0x6246, 0xE71A, 0xFFDD, 0xFFFD, 0xFFFE, 0xFFFD, 0xFFFE, 0xFFFE, 0xFFFE, 0xFFFE, 0xFFFE, 0xFFFE,
    0xFFFF, 0xFFFF, 0xFFFF, 0xFFFF, 0xFFFF, 0xFFFE, 0xFFFD, 0xFFFD, 0xFFDC, 0xFFDC, 0xFFDC, 0xFFFD, 0xFFFE, 0xFFFE, 0xFFFE, 0xFFFE,
    0xFFFF, 0xFFFF, 0xFFFF, 0xFFFE, 0xFFFE, 0xFFFE, 0xFFFD, 0xFFFE, 0xFFFF, 0xFFFF, 0xFFFE, 0xFFFE, 0xFFFE, 0xFFFE, 0xFFFE, 0xFFFE,
    0xFFFE, 0xFFFE, 0xFFFE, 0xFFFD, 0xFFFD, 0xFFFD, 0xFFFD, 0xFFFE, 0xFFFE, 0xFFFE, 0xFFFE, 0xFFFE, 0xFFDD, 0xFFBC, 0xFF9B, 0xFF9C,
    0xFF9B, 0xF75A, 0xFFFD, 0x83ED, 0x0820, 0x10A1, 0x1061, 0x0020, 0x1060, 0x1081, 0x0860, 0x0860, 0x0860, 0x0860, 0x0840, 0x0840,
    0x0040, 0x0040, 0x0040, 0x0040, 0x0040, 0x0040, 0x0040, 0x0040, 0x0040, 0x0040, 0x0040, 0x0040, 0x0040, 0x0860, 0x1081, 0x1081,
    0x1081, 0x1081, 0x1081, 0x1081, 0x1081, 0x1081, 0x0881, 0x0860, 0x0040, 0x0840, 0x0881, 0x1081, 0x1081, 0x10A1, 0x18C2, 0x18E2,
    0x0840, 0x5A67, 0xFF14, 0xFEB1, 0xFEB2, 0xFEB2, 0xFEB2, 0xFEB2, 0xFF36, 0xFF98, 0xFF78, 0xFF78, 0xFFB9, 0xFF98, 0xFF36, 0xFED3,
    0xFE92, 0xFE92, 0xFE92, 0xFE92, 0xFE92, 0xFE92, 0xFE92, 0xFE92, 0xFE93, 0xFEB3, 0xFEB3, 0xFE92, 0xFEB2, 0xFE92, 0xFE93, 0xFE93,
    0xFE93, 0xFE72, 0xFE93, 0xFE93, 0xFE93, 0xFE93, 0xF716, 0xFFFA, 0xFFBA, 0xFFBA, 0xFFDA, 0xFFDA, 0xFFDA, 0xFFDA, 0xFFDA, 0xFFDA,
    0xFFDA, 0xFFDA, 0xFFDA, 0xFFDA, 0xFFDA, 0xFFDA, 0xFFDA, 0xFFDA, 0xFFDA, 0xFFDA, 0xFFDA, 0xFFDA, 0xFFB9, 0xFFBA, 0xFFBA, 0xFFDA,
    0xF717, 0xF716, 0xFF17, 0xFF17, 0xFF17, 0xFF17, 0xFF17, 0xFF17, 0xFF17, 0xFF17, 0xF757, 0xFF58, 0xFFB9, 0xFFFA, 0xFFFA, 0xFFFA,
    0xFFFA, 0xFFFA, 0xFFFA, 0xFFFA, 0xFFFA, 0xFF15, 0xFEB2, 0xFED2, 0xFED2, 0xFED2, 0xFED2, 0xFEB2, 0xFED2, 0xFEF3, 0xFEF3, 0xFEF3,
    0xFEF2, 0xFED2, 0xFEB1, 0xFE91, 0xFEB1, 0xFEB1, 0xFEB1, 0xFEB1, 0xFEB2, 0xFEB2, 0xFEB2, 0xFEB1, 0xFEB1, 0xFEB2, 0xFEB2, 0xFEB2,
    0xFEB2, 0xFF14, 0xFFB9, 0xFFD9, 0xFFD9, 0xFFD9, 0xFF98, 0xFF98, 0xFFB8, 0xFFB8, 0xFF97, 0xFEF4, 0xFEF3, 0xFEF3, 0xFEF3, 0xFEF3,
    0xFF34, 0xF6D4, 0x61C3, 0x72A7, 0xDEB8, 0xFFFD, 0xFFDB, 0xFFFD, 0xFFFE, 0xFFFE, 0xFFFE, 0xFFFE, 0xFFFF, 0xFFFF, 0xFFFF, 0xFFFF,
    0xFFFF, 0xFFFF, 0xFFFF, 0xFFFE, 0xFFFD, 0xFFFD, 0xFFFE, 0xFFFD, 0xFFDC, 0xFFDC, 0xFFDC, 0xFFDC, 0xFFFD, 0xFFFE, 0xFFFE, 0xFFFE,
    0xFFFF, 0xFFFF, 0xFFFF, 0xFFFF, 0xFFFE, 0xFFFE, 0xFFFE, 0xFFFE, 0xFFFE, 0xFFFE, 0xFFFE, 0xFFFE, 0xFFFE, 0xFFFE, 0xFFFE, 0xFFFE,
    0xFFFE, 0xFFFE, 0xFFFE, 0xFFFE, 0xFFFD, 0xFFFE, 0xFFFE, 0xFFFE, 0xFFFE, 0xFFFE, 0xFFFE, 0xFFFE, 0xFFFD, 0xFFDC, 0xFF7B, 0xFF7B,
    0xFF7B, 0xFF7B, 0xF77B, 0xF77B, 0x7BAC, 0x0840, 0x18A2, 0x83ED, 0x39C5, 0x0000, 0x1081, 0x0860, 0x0860, 0x0860, 0x0840, 0x0840,
    0x0840, 0x0040, 0x0040, 0x0040, 0x0040, 0x0040, 0x0040, 0x0040, 0x0040, 0x0040, 0x0040, 0x0040, 0x0040, 0x0040, 0x0840, 0x0860,
    0x0860, 0x0860, 0x0860, 0x0860, 0x0860, 0x0860, 0x0860, 0x0040, 0x0040, 0x0040, 0x0881, 0x1081, 0x1081, 0x10A1, 0x18C2, 0x20C2,
    0x0820, 0x6AC8, 0xFFF9, 0xFF98, 0xFFB9, 0xFFB9, 0xFFB9, 0xFFB9, 0xFFDA, 0xFFFB, 0xFFFB, 0xFFFB, 0xFFDB, 0xFFDA, 0xFF98, 0xFED3,
    0xFEB3, 0xFEB3, 0xFE93, 0xFEB3, 0xFE92, 0xFE92, 0xFE92, 0xFE92, 0xFE92, 0xFEB2, 0xFE92, 0xFE92, 0xFE92, 0xFE92, 0xFE93, 0xFE92,
    0xFE92, 0xFE92, 0xFE92, 0xFE92, 0xFE92, 0xFE92, 0xFEB3, 0xFEF4, 0xFF98, 0xFFBA, 0xFFBA, 0xFFDA, 0xFFDA, 0xFFDA, 0xFFDA, 0xFFDA,
    0xFFDA, 0xFFDA, 0xFFDA, 0xFFDA, 0xFFDA, 0xFFDA, 0xFFDA, 0xFFDA, 0xFFDA, 0xFFDA, 0xFFDA, 0xFFDA, 0xFFBA, 0xFFBA, 0xFFBA, 0xFFBA,
    0xF717, 0xF717, 0xFF17, 0xFF17, 0xFF17, 0xFF17, 0xFF17, 0xFF17, 0xFF37, 0xFF17, 0xFF99, 0xFFFB, 0xFFFA, 0xFFFA, 0xFFFA, 0xFFFA,
    0xFFFA, 0xFFFA, 0xFFFA, 0xFFFA, 0xFFFA, 0xFF76, 0xFED2, 0xFEB1, 0xFED2, 0xFEB2, 0xFEB1, 0xFEB1, 0xFEB1, 0xFEB1, 0xFEB1, 0xFEB1,
    0xFEB2, 0xFEB2, 0xFE91, 0xFEB1, 0xFEB2, 0xFEB2, 0xFEB1, 0xFEB1, 0xFEB1, 0xFEB1, 0xFEB1, 0xFEB1, 0xFE91, 0xFE91, 0xFE91, 0xFEB2,
    0xFEB2, 0xFED3, 0xFF56, 0xFFB8, 0xFF98, 0xFF77, 0xFEF3, 0xFEF3, 0xFEF3, 0xFEF3, 0xFEF3, 0xFEF3, 0xFEF3, 0xFEF3, 0xFEF3, 0xFEF3,
    0xF6D2, 0xCD90, 0x6A66, 0x940E, 0xFFFF, 0xFFDC, 0xFFDB, 0xFFDB, 0xFFDC, 0xFFFE, 0xFFFE, 0xFFFF, 0xFFFF, 0xFFFF, 0xFFFF, 0xFFFF,
    0xFFFF, 0xFFFF, 0xFFFE, 0xFFFD, 0xFFFD, 0xFFFE, 0xFFFE, 0xFFFE, 0xFFFD, 0xFFFE, 0xFFFE, 0xFFFE, 0xFFFE, 0xFFFE, 0xFFFE, 0xFFFE,
    0xFFFF, 0xFFFF, 0xFFFF, 0xFFFF, 0xFFFF, 0xFFFE, 0xFFFD, 0xFFFD, 0xFFFE, 0xFFFE, 0xFFFE, 0xFFFE, 0xFFFE, 0xFFFE, 0xFFFE, 0xFFFE,
    0xFFFE, 0xFFFE, 0xFFFE, 0xFFFE, 0xFFFE, 0xFFFE, 0xFFFE, 0xFFFE, 0xFFFE, 0xFFFE, 0xFFFE, 0xFFFE, 0xFFFE, 0xFFDC, 0xFF7B, 0xFF7B,
    0xFF7B, 0xFF7B, 0xF75B, 0xFFBC, 0xEF19, 0xD657, 0xDE98, 0xFFDC, 0xBD94, 0x20E3, 0x0020, 0x0860, 0x0040, 0x0020, 0x0020, 0x0020,
    0x0040, 0x0040, 0x0040, 0x0040, 0x0040, 0x0040, 0x0040, 0x0040, 0x0040, 0x0040, 0x0040, 0x0040, 0x0040, 0x0040, 0x0040, 0x0040,
    0x0040, 0x0040, 0x0040, 0x0040, 0x0040, 0x0040, 0x0040, 0x0040, 0x0040, 0x0040, 0x0860, 0x1081, 0x1081, 0x10A2, 0x18C2, 0x18C2,
    0x1081, 0x3143, 0xD695, 0xFFFB, 0xFFDA, 0xFFDA, 0xFFDB, 0xFFDB, 0xFFDB, 0xFFDA, 0xFFDB, 0xFFDA, 0xFFDB, 0xFFDB, 0xFFDA, 0xFF15,
    0xFE92, 0xFEB3, 0xFEB2, 0xFE92, 0xFE92, 0xFE92, 0xFE92, 0xFE92, 0xFEB2, 0xFEB2, 0xFEB2, 0xFE92, 0xFE92, 0xFE92, 0xFE92, 0xFE92,
    0xFE92, 0xFE92, 0xFE92, 0xFE92, 0xFE92, 0xFE92, 0xFE92, 0xFE92, 0xFED4, 0xFF78, 0xFFDA, 0xFFBA, 0xFFDA, 0xFFDA, 0xFFDA, 0xFFDA,
    0xFFDA, 0xFFDA, 0xFFDA, 0xFFDA, 0xFFDA, 0xFFDA, 0xFFDA, 0xFFDA, 0xFFDA, 0xFFDA, 0xFFBA, 0xFFDA, 0xFFBA, 0xFFBA, 0xFFBA, 0xFFBA,
    0xFF17, 0xFF17, 0xFF17, 0xFF17, 0xFF17, 0xFF17, 0xFF17, 0xFF17, 0xFFB9, 0xFFDA, 0xFFFA, 0xFFFA, 0xFFFA, 0xFFFA, 0xFFFA, 0xFFFA,
    0xFFFA, 0xFFFA, 0xFFFA, 0xFFFA, 0xFFFA, 0xFFD9, 0xFEF3, 0xFEB1, 0xFEB2, 0xFEB2, 0xFEB1, 0xFEB1, 0xFEB1, 0xFE91, 0xFEB1, 0xFE91,
    0xFE71, 0xFE71, 0xFE71, 0xFE91, 0xFE91, 0xFE91, 0xFE91, 0xFED3, 0xFEF4, 0xFEF4, 0xFEF4, 0xFEF4, 0xFF56, 0xFF97, 0xFF98, 0xFF98,
    0xFF98, 0xFFB9, 0xFF14, 0xFEF2, 0xFEF2, 0xFEF3, 0xFF13, 0xFF13, 0xFF13, 0xFF13, 0xFEF3, 0xFEF3, 0xFEF3, 0xFEF3, 0xFED2, 0xFF74,
    0xE693, 0x4122, 0xCE16, 0xFFFF, 0xFFDC, 0xFFFC, 0xFFDB, 0xFFDB, 0xFFFD, 0xFFFE, 0xFFFE, 0xFFFF, 0xFFFF, 0xFFFF, 0xFFFF, 0xFFFE,
    0xFFFE, 0xFFFF, 0xFFFF, 0xFFFE, 0xFFFF, 0xFFFF, 0xFFFF, 0xFFFE, 0xFFFD, 0xFFFE, 0xFFFF, 0xFFFE, 0xFFFE, 0xFFFE, 0xFFFE, 0xFFFE,
    0xFFFF, 0xFFFF, 0xFFFF, 0xFFFE, 0xFFFF, 0xFFFE, 0xFFFD, 0xFFFE, 0xFFFE, 0xFFFE, 0xFFFE, 0xFFFE, 0xFFFE, 0xFFFE, 0xFFFE, 0xFFFE,
    0xFFFE, 0xFFFE, 0xFFFF, 0xFFFF, 0xFFFF, 0xFFFF, 0xFFFE, 0xFFFE, 0xFFFE, 0xFFFE, 0xFFFD, 0xFFFE, 0xFFFD, 0xF79C, 0xFF9B, 0xF79C,
    0xFFDD, 0xFFDD, 0xFFDD, 0xFF9B, 0xFFBC, 0xFFDC, 0xFFDC, 0xEF3A, 0xFFFD, 0x736B, 0x18A2, 0x18C2, 0x2103, 0x18E2, 0x18E2, 0x18E2,
    0x0860, 0x0040, 0x0040, 0x0040, 0x0040, 0x0040, 0x0040, 0x0040, 0x0040, 0x0040, 0x0040, 0x0040, 0x0040, 0x0040, 0x0040, 0x0040,
    0x0040, 0x0040, 0x0040, 0x0840, 0x0840, 0x0840, 0x0840, 0x0840, 0x0040, 0x0860, 0x0881, 0x1081, 0x10A1, 0x18C2, 0x18C2, 0x18C2,
    0x18C2, 0x0000, 0xA4F0, 0xFFFC, 0xFFB9, 0xFFDA, 0xFFDA, 0xFFDA, 0xFFDB, 0xFFDB, 0xFFDB, 0xFFDB, 0xFFDB, 0xFFDA, 0xFFDB, 0xFFB9,
    0xFF57, 0xFEB3, 0xFEB3, 0xFEB3, 0xFEB2, 0xFEB3, 0xFE92, 0xFE92, 0xFE92, 0xFEB3, 0xFE92, 0xFE92, 0xFE92, 0xFE92, 0xFE92, 0xFE92,
    0xFE92, 0xFE92, 0xFE92, 0xFE92, 0xFE92, 0xFE92, 0xFE92, 0xFE92, 0xFE92, 0xFEB3, 0xFF36, 0xFFDA, 0xFFBA, 0xFFDA, 0xFFDA, 0xFFDA,
    0xFFDA, 0xFFDA, 0xFFDA, 0xFFDA, 0xFFDA, 0xFFDA, 0xFFDA, 0xFFDA, 0xFFDA, 0xFFDA, 0xFFDA, 0xFFDA, 0xFFDA, 0xFFBA, 0xFFBA, 0xFFBA,
    0xFF17, 0xFF17, 0xF717, 0xFF17, 0xFF17, 0xFF78, 0xFF98, 0xFF98, 0xFFDA, 0xFFFA, 0xFFFA, 0xFFFA, 0xFFFA, 0xFFFA, 0xFFFA, 0xFFFA,
    0xFFFA, 0xFFDA, 0xFFDA, 0xFFFA, 0xFFFA, 0xFFD8, 0xFEF3, 0xFEB1, 0xFEB2, 0xFEB1, 0xFEB1, 0xFEB1, 0xFEB1, 0xFE91, 0xFE70, 0xFE91,
    0xFEF4, 0xFF14, 0xFF14, 0xFF15, 0xFF15, 0xFF15, 0xFF15, 0xFF56, 0xFFB9, 0xFFB9, 0xFFD9, 0xFFD9, 0xFFDA, 0xFFDA, 0xFFDA, 0xFFDA,
    0xFFDA, 0xFFFA, 0xFFB8, 0xFEF3, 0xFED1, 0xFEF2, 0xFF13, 0xFF13, 0xFF13, 0xFF13, 0xFF13, 0xFF13, 0xFEF3, 0xFF54, 0xFFB6, 0x8B47,
    0x6245, 0xCE15, 0xF79C, 0xFFFE, 0xFFFC, 0xFFDB, 0xFFDB, 0xFFFC, 0xFFFE, 0xFFFE, 0xFFFE, 0xFFFD, 0xFFFE, 0xFFFF, 0xFFFF, 0xFFFE,
    0xFFFE, 0xFFFF, 0xFFFF, 0xFFFF, 0xFFFF, 0xFFFF, 0xFFFF, 0xFFFE, 0xFFFE, 0xFFFE, 0xFFFE, 0xFFFE, 0xFFFE, 0xFFFE, 0xFFFD, 0xFFFD,
    0xFFFE, 0xFFFE, 0xFFFF, 0xFFFE, 0xFFFE, 0xFFFF, 0xFFFE, 0xFFFE, 0xFFFE, 0xFFFE, 0xFFFE, 0xFFFE, 0xFFFE, 0xFFFE, 0xFFFE, 0xFFFE,
    0xFFFE, 0xFFFE, 0xFFFE, 0xFFFE, 0xFFFE, 0xFFFE, 0xFFFE, 0xFFFE, 0xFFFE, 0xFFFE, 0xFFFE, 0xFFFE, 0xFFFD, 0xFF9B, 0xFFDD, 0xFFFE,
    0xFFFE, 0xFFFE, 0xFFFD, 0xFFDC, 0xFFDC, 0xFFDC, 0xFFFC, 0xF77B, 0xEF1A, 0xFF7B, 0xB532, 0x20E3, 0x39A6, 0x31A6, 0x39A6, 0x39A6,
    0x1081, 0x0020, 0x0840, 0x0040, 0x0040, 0x0040, 0x0040, 0x0040, 0x0040, 0x0040, 0x0040, 0x0040, 0x0040, 0x0040, 0x0040, 0x0840,
    0x0040, 0x0040, 0x0040, 0x0840, 0x0040, 0x0840, 0x0840, 0x0040, 0x0040, 0x0860, 0x1081, 0x1081, 0x10A2, 0x18C2, 0x18C2, 0x18C2,
    0x18A1, 0x0000, 0xACF0, 0xFFFC, 0xFFBA, 0xFFDA, 0xFFDA, 0xFFDB, 0xFFDB, 0xFFDB, 0xFFDB, 0xFFDB, 0xFFDB, 0xFFDB, 0xFFDA, 0xFFDB,
    0xFFDA, 0xFF56, 0xFEF4, 0xFE92, 0xFEB3, 0xFE92, 0xFEB3, 0xFEB2, 0xFEB2, 0xFE92, 0xFE92, 0xFE92, 0xFE72, 0xFE92, 0xFE92, 0xFE92,
    0xFE92, 0xFE72, 0xFE92, 0xFE92, 0xFE92, 0xFE92, 0xFE92, 0xFE92, 0xFE92, 0xFEB2, 0xFEB3, 0xF715, 0xFFBA, 0xFFDA, 0xFFDA, 0xFFDA,
    0xFFBA, 0xFFBA, 0xFFBA, 0xFFBA, 0xFFBA, 0xFFDA, 0xFFDA, 0xFFDA, 0xFFDA, 0xFFDA, 0xFFBA, 0xFFBA, 0xFFDA, 0xFFBA, 0xFFBA, 0xFFB9,
    0xFF17, 0xFF17, 0xFF37, 0xFF58, 0xFF78, 0xFFFA, 0xFFFB, 0xFFFA, 0xFFFA, 0xFFFA, 0xFFFA, 0xFFFA, 0xFFFA, 0xFFFA, 0xFFFA, 0xFFFB,
    0xFFFB, 0xFFFB, 0xFFFB, 0xFFFB, 0xFFFB, 0xFFD9, 0xFF13, 0xFEB1, 0xFEB2, 0xFEB1, 0xFEB1, 0xFEB1, 0xFE91, 0xFED3, 0xFF35, 0xFF35,
    0xFFD9, 0xFFD9, 0xFFFA, 0xFFDA, 0xFFFA, 0xFFDA, 0xFFDA, 0xFFD9, 0xFFD9, 0xFFD9, 0xFFD9, 0xFFD9, 0xFFD9, 0xFFD9, 0xFFDA, 0xFFDA,
    0xFFDA, 0xFFDA, 0xFFDA, 0xFF55, 0xFEF2, 0xFED2, 0xFEF2, 0xFF13, 0xFF13, 0xFF13, 0xFF13, 0xFEF3, 0xFF74, 0xC54F, 0x9C0B, 0xB532,
    0xB574, 0xFFFD, 0xFFFE, 0xFFFD, 0xFFFD, 0xFFDB, 0xFFDB, 0xFFFC, 0xFFFD, 0xFFFE, 0xFFFD, 0xFFFD, 0xFFFE, 0xFFFF, 0xFFFF, 0xFFFF,
    0xFFFE, 0xFFFF, 0xFFFF, 0xFFFE, 0xFFFF, 0xFFFF, 0xFFFE, 0xFFFD, 0xFFFD, 0xFFFE, 0xFFFE, 0xFFFE, 0xFFFE, 0xFFFE, 0xFFFD, 0xFFFD,
    0xFFFD, 0xFFFE, 0xFFFE, 0xFFFF, 0xFFFF, 0xFFFE, 0xFFFE, 0xFFFE, 0xFFFE, 0xFFFE, 0xFFFE, 0xFFFE, 0xFFFE, 0xFFFE, 0xFFFE, 0xFFFE,
    0xFFFE, 0xFFFE, 0xFFFE, 0xFFFE, 0xFFFE, 0xFFFE, 0xFFFE, 0xFFFE, 0xFFFD, 0xFFFD, 0xFFFD, 0xFFFE, 0xFFDC, 0xFFBC, 0xFFFD, 0xFFFE,
    0xFFFE, 0xFFFE, 0xFFFD, 0xFFBC, 0xFFBC, 0xFFDC, 0xFFFD, 0xF75B, 0xF71A, 0xF75B, 0xE6D9, 0xCDD5, 0xAD32, 0x1060, 0x0000, 0x0020,
    0x0860, 0x1081, 0x1081, 0x0860, 0x0040, 0x0040, 0x0040, 0x0040, 0x0040, 0x0040, 0x0040, 0x0040, 0x0040, 0x0040, 0x0040, 0x0040,
    0x0040, 0x0040, 0x0840, 0x0840, 0x0040, 0x0840, 0x1081, 0x1081, 0x0881, 0x1081, 0x1081, 0x1081, 0x1081, 0x10A1, 0x18A2, 0x1081,
    0x18A1, 0x2923, 0xB572, 0xFFFC, 0xFFDA, 0xFFDA, 0xFFDA, 0xFFDB, 0xFFDB, 0xFFDB, 0xFFDB, 0xFFDB, 0xFFDB, 0xFFDB, 0xFFDB, 0xFFDA,
    0xFFBA, 0xFFFB, 0xF757, 0xFED4, 0xFEB3, 0xFE93, 0xFEB3, 0xFE93, 0xFEB2, 0xFE92, 0xFE92, 0xFE92, 0xFE72, 0xFE72, 0xFE92, 0xFE93,
    0xFE92, 0xFE72, 0xFE92, 0xFE92, 0xFE92, 0xFE92, 0xFE92, 0xFE92, 0xFE92, 0xFEB2, 0xFEB3, 0xFEB3, 0xFF36, 0xFF98, 0xFFDA, 0xFFDA,
    0xFFDA, 0xFFD9, 0xFFD9, 0xFFBA, 0xFFDA, 0xFFDA, 0xFFDA, 0xFFDA, 0xFFDA, 0xFFDA, 0xFFDA, 0xFFDB, 0xFFDA, 0xFFDA, 0xFFDA, 0xFFDA,
    0xFF37, 0xFF37, 0xFF78, 0xFFDA, 0xFFDA, 0xFFFA, 0xFFFA, 0xFFFA, 0xFFFA, 0xFFFA, 0xFFFB, 0xFFFB, 0xFFFB, 0xFFFB, 0xFFFA, 0xFF97,
    0xFF77, 0xFF77, 0xFF77, 0xFF77, 0xFF77, 0xFF76, 0xFF13, 0xFEF3, 0xFF56, 0xFF77, 0xFF77, 0xFF76, 0xFF76, 0xFF98, 0xFFD9, 0xFFD9,
    0xFFB9, 0xFFB9, 0xFFD9, 0xFFD9, 0xFFD9, 0xFFD9, 0xFFD9, 0xFFD9, 0xFFD9, 0xFFD9, 0xFFD9, 0xFFD9, 0xFFD9, 0xFFDA, 0xFFDA, 0xFFDA,
    0xFFDA, 0xFFDA, 0xFFDA, 0xFFB9, 0xFF13, 0xFEF2, 0xFEF2, 0xFEF2, 0xFF13, 0xFF13, 0xFF13, 0xFED3, 0xEED3, 0x93AA, 0x6287, 0xF79C,
    0xFFFF, 0xFFFD, 0xFFFE, 0xFFFE, 0xFFFD, 0xFFDB, 0xFFDB, 0xFFDC, 0xFFFD, 0xFFFE, 0xFFFE, 0xFFFD, 0xFFFE, 0xFFFF, 0xFFFF, 0xFFFF,
    0xFFFE, 0xFFFE, 0xFFFF, 0xFFFF, 0xFFFF, 0xFFFE, 0xFFFE, 0xFFFD, 0xFFFC, 0xFFFD, 0xFFFE, 0xFFFE, 0xFFFE, 0xFFFE, 0xFFFE, 0xFFFE,
    0xFFFD, 0xFFFD, 0xFFFD, 0xFFFE, 0xFFFF, 0xFFFE, 0xFFFE, 0xFFFE, 0xFFFE, 0xFFFE, 0xFFFE, 0xFFFD, 0xFFFD, 0xFFFD, 0xFFFE, 0xFFFE,
    0xFFFE, 0xFFFE, 0xFFFE, 0xFFFE, 0xFFFE, 0xFFFE, 0xFFFE, 0xFFFD, 0xFFFD, 0xFFFD, 0xFFFD, 0xFFFD, 0xFFFD, 0xFFFD, 0xFFFE, 0xFFFE,
    0xFFFD, 0xFFDD, 0xFFDC, 0xFFBB, 0xFFBB, 0xFFDC, 0xFFFD, 0xF79B, 0xF79B, 0xF77B, 0xF75B, 0xFF7B, 0xF73A, 0xCE16, 0x5AA9, 0x0000,
    0x0860, 0x1081, 0x0861, 0x0860, 0x0040, 0x0040, 0x0040, 0x0040, 0x0040, 0x0040, 0x0040, 0x0040, 0x0040, 0x0860, 0x0040, 0x0040,
    0x0040, 0x0040, 0x0860, 0x0881, 0x0861, 0x1061, 0x1081, 0x1081, 0x10A1, 0x10A1, 0x1081, 0x0881, 0x0860, 0x1081, 0x18A2, 0x0840,
    0x2903, 0xE718, 0xFFFA, 0xFFDA, 0xFFDA, 0xFFDA, 0xFFDA, 0xFFDB, 0xFFDB, 0xFFDB, 0xFFDB, 0xFFDB, 0xFFDB, 0xFFDB, 0xFFDB, 0xFFDA,
    0xFFDA, 0xFFDA, 0xFFDB, 0xFF99, 0xF6B3, 0xFEB3, 0xFEB3, 0xFE93, 0xFEB2, 0xFE92, 0xFE92, 0xFE92, 0xFE92, 0xFE72, 0xFE92, 0xFE92,
    0xFE92, 0xFE72, 0xFE72, 0xFE72, 0xFE72, 0xFE92, 0xFE92, 0xFE92, 0xFE92, 0xFE92, 0xFE92, 0xFEB3, 0xFE93, 0xFEF4, 0xFFB8, 0xFFBA,
    0xFFBA, 0xFFDA, 0xFFDA, 0xFFDA, 0xFFDA, 0xFFB9, 0xFFB9, 0xFFB9, 0xFFB9, 0xFF78, 0xFF37, 0xFF37, 0xFF37, 0xFF37, 0xFF37, 0xFF37,
    0xFFB9, 0xFFFA, 0xFFFA, 0xFFFA, 0xFFDA, 0xFFFB, 0xFFFB, 0xFFFA, 0xFFFB, 0xFFD9, 0xFF97, 0xFF97, 0xFF97, 0xFF97, 0xFF77, 0xFED2,
    0xFEB2, 0xFEB1, 0xFEB1, 0xFEB1, 0xFEB1, 0xFEB1, 0xFEB1, 0xFF56, 0xFFF9, 0xFFD9, 0xFFF9, 0xFFF9, 0xFFF9, 0xFFD9, 0xFFB8, 0xFFB8,
    0xFFB9, 0xFFB9, 0xFFB9, 0xFFB9, 0xFFD9, 0xFFD9, 0xFFD9, 0xFFD9, 0xFFD9, 0xFFD9, 0xFFD9, 0xFFD9, 0xFFD9, 0xFFD9, 0xFFD9, 0xFFD9,
    0xFFDA, 0xFFDA, 0xFFDA, 0xFFB9, 0xFF97, 0xFF13, 0xFEF2, 0xFEF2, 0xFF13, 0xFEF2, 0xFF13, 0xFF75, 0x51A4, 0x5A26, 0xFFFE, 0xFFFD,
    0xFFDC, 0xFFFC, 0xFFFE, 0xFFFE, 0xFFFD, 0xFFDB, 0xFFDC, 0xFFDC, 0xFFFD, 0xFFFE, 0xFFFE, 0xFFFE, 0xFFFF, 0xFFFF, 0xFFFF, 0xFFFF,
    0xFFFF, 0xFFFE, 0xFFFE, 0xFFFF, 0xFFFE, 0xFFFE, 0xFFFE, 0xFFFC, 0xFFFD, 0xFFFE, 0xFFFE, 0xFFFE, 0xFFFE, 0xFFFE, 0xFFFE, 0xFFFE,
    0xFFFE, 0xFFFD, 0xFFFD, 0xFFFE, 0xFFFE, 0xFFFD, 0xFFFD, 0xFFFE, 0xFFFE, 0xFFFE, 0xFFFE, 0xFFFD, 0xFFFD, 0xFFFD, 0xFFFE, 0xFFFE,
    0xFFFE, 0xFFFE, 0xFFFE, 0xFFFE, 0xFFFE, 0xFFFD, 0xFFFD, 0xFFFD, 0xFFFD, 0xFFFD, 0xFFFD, 0xFFFD, 0xFFFD, 0xFFFD, 0xFFFD, 0xFFDC,
    0xFFBC, 0xFF9B, 0xFF9B, 0xFFDC, 0xFFDC, 0xFFDC, 0xFFFD, 0xFFFD, 0xFFFD, 0xFFFD, 0xFFDD, 0xFFBC, 0xEF1A, 0xFF7B, 0xD636, 0xB533,
    0x83CD, 0x0040, 0x0020, 0x0840, 0x0840, 0x0040, 0x0040, 0x0020, 0x0040, 0x0040, 0x0040, 0x0040, 0x0040, 0x0040, 0x0040, 0x0040,
    0x0040, 0x0040, 0x0860, 0x1081, 0x1081, 0x1081, 0x1081, 0x0860, 0x0840, 0x0860, 0x0860, 0x0840, 0x0840, 0x1081, 0x18C2, 0x0000,
    0x1060, 0xEF39, 0xFFFB, 0xFFDA, 0xFFDA, 0xFFDA, 0xFFDA, 0xFFDB, 0xFFDB, 0xFFDB, 0xFFDB, 0xFFDB, 0xFFDB, 0xFFDB, 0xFFDB, 0xFFDB,
    0xFFDA, 0xFFDA, 0xFFDA, 0xFFDA, 0xFFD9, 0xFEF4, 0xFEB3, 0xFEB3, 0xFEB3, 0xFE92, 0xFE92, 0xFE92, 0xFE92, 0xFE92, 0xFE92, 0xFE92,
    0xFE92, 0xFE92, 0xFE72, 0xFE92, 0xFE92, 0xFE72, 0xFE92, 0xFE92, 0xFE92, 0xFE92, 0xFE92, 0xFE92, 0xFE93, 0xFE93, 0xF693, 0xFF78,
    0xFFDA, 0xFFB9, 0xFFB9, 0xFFB9, 0xFFB9, 0xFF77, 0xFF56, 0xFF56, 0xFF76, 0xFEB4, 0xFE52, 0xFE72, 0xFE72, 0xFE72, 0xFE72, 0xFE52,
    0xFF97, 0xFF97, 0xFF97, 0xFF76, 0xFF35, 0xFF35, 0xFF35, 0xFF55, 0xFF55, 0xFF14, 0xFEF3, 0xFEF2, 0xFEF3, 0xFEF2, 0xFED2, 0xFEF2,
    0xFEF2, 0xFED1, 0xFED1, 0xFED1, 0xFED1, 0xFED1, 0xFEB1, 0xFF13, 0xFF97, 0xFFD9, 0xFFD9, 0xFFD9, 0xFFD9, 0xFFD9, 0xFFB9, 0xFFFA,
    0xFFF9, 0xFFD9, 0xFFFA, 0xFFFA, 0xFFFA, 0xFFFA, 0xFFFA, 0xFFFA, 0xFFD9, 0xFFD9, 0xFFD9, 0xFFD9, 0xFFD9, 0xFFDA, 0xFFDA, 0xFFD9,
    0xFFDA, 0xFFDA, 0xFFBA, 0xFFDA, 0xFFD9, 0xFF14, 0xFEF2, 0xFF12, 0xFEF2, 0xFF94, 0xEE91, 0x7266, 0xB553, 0xD678, 0xFFDC, 0xFFDC,
    0xFFFC, 0xFFFC, 0xFFFE, 0xFFFE, 0xFFFE, 0xFFFE, 0xFFFC, 0xFFDC, 0xFFFD, 0xFFFD, 0xFFFE, 0xFFFE, 0xFFFF, 0xFFFF, 0xFFFF, 0xFFFF,
    0xFFFE, 0xFFFE, 0xFFFE, 0xFFFE, 0xFFFE, 0xFFFD, 0xFFFD, 0xFFFC, 0xFFFD, 0xFFFE, 0xFFFE, 0xFFFE, 0xFFFD, 0xFFFD, 0xFFFC, 0xFFFD,
    0xFFFE, 0xFFFE, 0xFFFD, 0xFFFD, 0xFFFD, 0xFFDD, 0xFFDC, 0xFFFE, 0xFFFE, 0xFFFE, 0xFFFE, 0xFFFE, 0xFFFE, 0xFFFE, 0xFFFE, 0xFFFE,
    0xFFFE, 0xFFFE, 0xFFFE, 0xFFFE, 0xFFFE, 0xFFFD, 0xFFFD, 0xFFFD, 0xFFFD, 0xFFDC, 0xFFDC, 0xFFFD, 0xFFFD, 0xFFFD, 0xFFFD, 0xFFDD,
    0xFFFD, 0xFFDD, 0xFFDC, 0xFFFD, 0xFFFE, 0xFFFD, 0xFFFD, 0xFFFD, 0xFFFD, 0xFFFD, 0xFFFD, 0xFFDC, 0xF73A, 0xEEF9, 0xF71A, 0xFF9C,
    0xB553, 0x0000, 0x0840, 0x0040, 0x0840, 0x0840, 0x0040, 0x0040, 0x0040, 0x0040, 0x0040, 0x0040, 0x0040, 0x0040, 0x0040, 0x0040,
    0x0040, 0x0040, 0x0040, 0x0040, 0x0840, 0x0840, 0x0040, 0x0040, 0x0840, 0x0881, 0x1081, 0x1081, 0x1081, 0x1081, 0x1061, 0x39A5,
    0x7BAC, 0xEF58, 0xFFFA, 0xFFB9, 0xFFDA, 0xFFDA, 0xFFDA, 0xFFDA, 0xFFDA, 0xFFDB, 0xFFDB, 0xFFDB, 0xFFDB, 0xFFDB, 0xFFDB, 0xFFDB,
    0xFFDA, 0xFFDA, 0xFFDA, 0xFFDA, 0xFFDA, 0xFFB9, 0xFF36, 0xFE93, 0xFEB3, 0xFEB3, 0xFE92, 0xFE92, 0xFE92, 0xFE92, 0xFE92, 0xFE92,
    0xFE72, 0xFE92, 0xFE72, 0xFE72, 0xFE72, 0xFE72, 0xFE72, 0xFE72, 0xFE92, 0xFE72, 0xFED4, 0xFF36, 0xFF16, 0xFF16, 0xFF16, 0xFF78,
    0xFF98, 0xFE73, 0xFE93, 0xFEB4, 0xFE93, 0xFE92, 0xF672, 0xFE72, 0xFE73, 0xFE73, 0xFE72, 0xFE72, 0xFE92, 0xFE92, 0xFE92, 0xFE72,
    0xFEB1, 0xFED1, 0xFEF2, 0xFEF3, 0xFEF2, 0xFEF2, 0xFEF2, 0xFEF2, 0xFEF2, 0xFEF2, 0xFEF3, 0xFEF2, 0xFEF2, 0xFEF3, 0xFEF2, 0xFED2,
    0xFED2, 0xFED1, 0xFED1, 0xFED1, 0xFED1, 0xFED1, 0xFEB1, 0xFEB1, 0xFF55, 0xFFF9, 0xFFD9, 0xFFD9, 0xFFF9, 0xFFD9, 0xFFF9, 0xD655,
    0xEEF7, 0xFFD9, 0xD695, 0xDEB6, 0xDEB6, 0xDEB6, 0xDEB6, 0xEF38, 0xFFD9, 0xFFB9, 0xFFD9, 0xFFDA, 0xFFDA, 0xFFDA, 0xFFDA, 0xFFDA,
    0xFFDA, 0xFFDA, 0xFFDA, 0xFFDA, 0xFFD9, 0xFF97, 0xFF13, 0xFEF2, 0xFF54, 0xCDAF, 0xA42B, 0x7B0B, 0xEF5B, 0xFFFE, 0xFFDC, 0xFFFD,
    0xFFFE, 0xFFFE, 0xFFFE, 0xFFFE, 0xFFFE, 0xFFFF, 0xFFFD, 0xFFFC, 0xFFFD, 0xFFFD, 0xFFFE, 0xFFFE, 0xFFFF, 0xFFFF, 0xFFFF, 0xFFFE,
    0xFFFD, 0xFFFE, 0xFFFE, 0xFFFE, 0xFFFE, 0xFFFE, 0xFFFE, 0xFFFD, 0xFFFE, 0xFFFE, 0xFFFE, 0xFFFE, 0xFFFD, 0xFFDC, 0xFFDC, 0xFFDC,
    0xFFFE, 0xFFFE, 0xFFFD, 0xFFFD, 0xFFFD, 0xFFDC, 0xFFDC, 0xFFFE, 0xFFFE, 0xFFFE, 0xFFFE, 0xFFFE, 0xFFFE, 0xFFFE, 0xFFFE, 0xFFFE,
    0xFFFE, 0xFFFE, 0xFFFE, 0xFFFE, 0xFFFE, 0xFFFE, 0xFFFD, 0xFFFD, 0xFFFD, 0xFFBC, 0xFF9B, 0xFFDC, 0xFFFD, 0xFFFD, 0xFFFE, 0xFFFE,
    0xFFFE, 0xFFFE, 0xFFFE, 0xFFFD, 0xFFFE, 0xFFFF, 0xFFFE, 0xFFFD, 0xFFFD, 0xFFFD, 0xFFFD, 0xFFFD, 0xF73A, 0xEF19, 0xEEF9, 0xEEF9,
    0xDE56, 0xA490, 0x1081, 0x0840, 0x0840, 0x0040, 0x0040, 0x0040, 0x0040, 0x0040, 0x0040, 0x0040, 0x0040, 0x0040, 0x0040, 0x0040,
    0x0040, 0x0040, 0x0040, 0x0040, 0x0840, 0x0040, 0x0040, 0x0040, 0x0840, 0x1081, 0x1081, 0x1081, 0x1081, 0x10A1, 0x0000, 0x7BAC,
    0xFFFD, 0xFFB9, 0xFFDA, 0xFFDA, 0xFFDA, 0xFFDA, 0xFFDA, 0xFFDA, 0xFFDA, 0xFFDA, 0xFFDB, 0xFFDA, 0xFFDA, 0xFFDA, 0xFFDA, 0xFFDA,
    0xFFDA, 0xFFDA, 0xFFDA, 0xFFDA, 0xFFDA, 0xFFFB, 0xFF99, 0xFEF4, 0xFE92, 0xFE92, 0xFE93, 0xFE72, 0xFE72, 0xFE72, 0xFE72, 0xFE72,
    0xFE72, 0xFE71, 0xFE92, 0xFED3, 0xFEF4, 0xFF36, 0xFF36, 0xFF36, 0xFF36, 0xFF16, 0xFF98, 0xFFFB, 0xFFFA, 0xFFFB, 0xFFDB, 0xFFDA,
    0xFFB9, 0xFF16, 0xFEB3, 0xFE52, 0xFE72, 0xFE72, 0xFE72, 0xFE72, 0xFE72, 0xFE72, 0xFE72, 0xFE92, 0xFE92, 0xFE72, 0xFE72, 0xFE72,
    0xFED2, 0xFED2, 0xFEF2, 0xFF13, 0xFEF3, 0xFEF3, 0xFEF3, 0xFEF3, 0xFEF3, 0xFEF3, 0xFEF3, 0xFEF3, 0xFEF3, 0xFEF2, 0xFEF2, 0xFEF2,
    0xFEF2, 0xFED2, 0xFED1, 0xFED1, 0xFED1, 0xFEB1, 0xFEB1, 0xFEB1, 0xFF35, 0xFFD9, 0xFFB8, 0xFFD9, 0xFFB9, 0xFFF9, 0xFFFB, 0x41C5,
    0x6AC8, 0xACCF, 0x20C2, 0x28E2, 0x28E2, 0x2903, 0x1861, 0xA4D0, 0xFFFD, 0xFFFB, 0xFFDA, 0xFFD9, 0xFFDA, 0xFFDA, 0xFFDA, 0xFFDA,
    0xFFDA, 0xFFDA, 0xFFDA, 0xFFDA, 0xFFDA, 0xFFDA, 0xFF34, 0xFEF2, 0xE671, 0x8B8A, 0x7B4B, 0xFFFF, 0xFFFD, 0xFFBC, 0xFFFD, 0xFFFE,
    0xFFFE, 0xFFFE, 0xFFFE, 0xFFFE, 0xFFFE, 0xFFFF, 0xFFFE, 0xFFFE, 0xFFFD, 0xFFFD, 0xFFFE, 0xFFFE, 0xFFFF, 0xFFFE, 0xFFFF, 0xFFFE,
    0xFFFD, 0xFFFE, 0xFFFF, 0xFFFE, 0xFFFE, 0xFFFE, 0xFFFE, 0xFFFE, 0xFFFE, 0xFFFE, 0xFFFD, 0xFFFD, 0xFFDC, 0xFFDC, 0xFFDC, 0xFFFD,
    0xFFFE, 0xFFFE, 0xFFFD, 0xFFFD, 0xFFFD, 0xFFDC, 0xFFDD, 0xFFFE, 0xFFFD, 0xFFFD, 0xFFFD, 0xFFFE, 0xFFFE, 0xFFFE, 0xFFFE, 0xFFFE,
    0xFFFE, 0xFFFE, 0xFFFE, 0xFFFD, 0xFFDD, 0xFFDD, 0xFFFC, 0xFFDC, 0xFFDC, 0xFFBC, 0xFF9B, 0xFFFD, 0xFFFD, 0xFFFD, 0xFFFD, 0xFFFD,
    0xFFFD, 0xFFFD, 0xFFFE, 0xFFFD, 0xFFFE, 0xFFFE, 0xFFFD, 0xFFFD, 0xFFFD, 0xFFFD, 0xFFFD, 0xFFDC, 0xF73A, 0xEF19, 0xEEF9, 0xEEF9,
    0xF73A, 0xE697, 0xACD0, 0xC594, 0x2103, 0x0040, 0x0860, 0x0840, 0x0040, 0x0040, 0x0040, 0x0040, 0x0040, 0x0040, 0x0040, 0x0040,
    0x0040, 0x0040, 0x0040, 0x0040, 0x0840, 0x0040, 0x0861, 0x0881, 0x0881, 0x1081, 0x1081, 0x1081, 0x1081, 0x1081, 0x2944, 0x948F,
    0xFFDB, 0xFFB9, 0xFFDA, 0xFFDA, 0xFFDA, 0xFFDA, 0xFFDA, 0xFFDA, 0xFFDA, 0xFFDA, 0xFFDA, 0xFFDA, 0xFFDA, 0xFFDA, 0xFFDA, 0xFFDA,
    0xFFDA, 0xFFDA, 0xFFDA, 0xFFDA, 0xFFDA, 0xFFDA, 0xFFFB, 0xFFD9, 0xFF36, 0xFE92, 0xFEB3, 0xFEB3, 0xFED3, 0xFED4, 0xFED4, 0xFED4,
    0xFED4, 0xFED4, 0xFF36, 0xFFB9, 0xFFBA, 0xFFDB, 0xFFDB, 0xFFDB, 0xFFFB, 0xFFDB, 0xFFDA, 0xFFDA, 0xFFDA, 0xFFDA, 0xFFBA, 0xFFDA,
    0xFFDA, 0xFFFB, 0xFF57, 0xFEB4, 0xFE93, 0xFE92, 0xFE92, 0xFE92, 0xFE92, 0xFE92, 0xFE72, 0xFE72, 0xFE72, 0xFE72, 0xFE92, 0xFE72,
    0xFED2, 0xFED2, 0xFED2, 0xFF13, 0xFEF2, 0xFEF2, 0xFEF2, 0xFEF2, 0xFEF2, 0xFEF3, 0xFEF3, 0xFF13, 0xFEF3, 0xFEF2, 0xFEF2, 0xFED2,
    0xFEB2, 0xFEB2, 0xFEB1, 0xFEB1, 0xFEB1, 0xFEB1, 0xFEB1, 0xFE90, 0xFF35, 0xFFFA, 0xFFFA, 0xFFFC, 0xD675, 0x41A5, 0x5206, 0x28E3,
    0x28E2, 0x20E1, 0x20E3, 0x2103, 0x2103, 0x2103, 0x1881, 0x5268, 0x7BCD, 0x6B4A, 0xE6F8, 0xFFFC, 0xFFFB, 0xFFFB, 0xFFDA, 0xFFD9,
    0xFFDA, 0xFFDA, 0xFFDA, 0xFFB9, 0xFFBA, 0xFFBA, 0xFFB7, 0xFFB7, 0x4962, 0xAD33, 0xFFFF, 0xF7DD, 0xFFFD, 0xFFFD, 0xFFFD, 0xFFFE,
    0xFFFE, 0xFFFE, 0xFFFE, 0xFFFE, 0xFFFE, 0xFFFE, 0xFFFE, 0xFFFD, 0xFFFD, 0xFFFD, 0xFFFD, 0xFFFE, 0xFFFE, 0xFFFE, 0xFFFF, 0xFFFE,
    0xFFFD, 0xFFFE, 0xFFFF, 0xFFFE, 0xFFFE, 0xFFFE, 0xFFFE, 0xFFFE, 0xFFFE, 0xFFFE, 0xFFFD, 0xFFDC, 0xFFDC, 0xFFDC, 0xFFFD, 0xFFFE,
    0xFFFE, 0xFFFE, 0xFFFE, 0xFFFD, 0xFFDC, 0xFFDC, 0xFFDC, 0xFFFD, 0xFFFC, 0xFFFD, 0xFFFE, 0xFFFE, 0xFFFE, 0xFFFE, 0xFFFE, 0xFFFE,
    0xFFFE, 0xFFFE, 0xFFFE, 0xFFDC, 0xFFBB, 0xFFBB, 0xFFBB, 0xFFBB, 0xFF9B, 0xFF9B, 0xFFBC, 0xFFFD, 0xFFFD, 0xFFFD, 0xFFFD, 0xFFFD,
    0xFFFE, 0xFFFD, 0xFFFD, 0xFFFD, 0xFFFD, 0xFFFD, 0xFFFC, 0xFFDC, 0xFFBC, 0xFFDC, 0xFF9C, 0xF73A, 0xF739, 0xF719, 0xEEF9, 0xEEF9,
    0xEED9, 0xEED9, 0xF719, 0xEED9, 0xCDD5, 0xC5B4, 0xBD53, 0xB512, 0x3985, 0x0000, 0x0840, 0x0040, 0x0040, 0x0040, 0x0040, 0x0040,
    0x0040, 0x0040, 0x0040, 0x0040, 0x0860, 0x0861, 0x0881, 0x1081, 0x1081, 0x1081, 0x1081, 0x1081, 0x1081, 0x0000, 0xAD51, 0xFFFC,
    0xFFB9, 0xFFD9, 0xFFDA, 0xFFD9, 0xFFD9, 0xFFDA, 0xFFDA, 0xFFD9, 0xFFDA, 0xFFDA, 0xFFDA, 0xFFFB, 0xFFFB, 0xFFFB, 0xFFDB, 0xFFDB,
    0xFFDB, 0xFFFB, 0xFFDA, 0xFFD9, 0xFFDA, 0xFFDA, 0xFFBA, 0xFFBA, 0xFF78, 0xFEF4, 0xFF35, 0xFF78, 0xFFDB, 0xFFDB, 0xFFDB, 0xFFDB,
    0xFFFB, 0xFFFB, 0xFFDB, 0xFFDB, 0xFFDB, 0xFFDB, 0xFFBB, 0xFFDB, 0xFFDA, 0xFFDA, 0xFFDA, 0xFFDA, 0xFFDA, 0xFFDA, 0xFFDA, 0xFFDA,
    0xFFDA, 0xFFDA, 0xFFDA, 0xFFDA, 0xF6D4, 0xFE92, 0xFE92, 0xFE92, 0xFE92, 0xFE92, 0xFE92, 0xFE92, 0xFE92, 0xFE72, 0xFE72, 0xFE72,
    0xFED2, 0xFEB2, 0xFED2, 0xFEF3, 0xFEF3, 0xFEF2, 0xFEF2, 0xFEF2, 0xFEF3, 0xFEF3, 0xFF13, 0xFF13, 0xFEF3, 0xFED2, 0xFED2, 0xFEB2,
    0xFEB1, 0xFE91, 0xFE91, 0xFEB1, 0xFEB1, 0xFEB1, 0xFEF2, 0xFF12, 0xFF14, 0xBD91, 0xB531, 0xB592, 0x83ED, 0x1881, 0x2923, 0x3143,
    0x3985, 0x20E2, 0x18A2, 0x18C2, 0x18A2, 0x18A2, 0x18A2, 0x1060, 0x1061, 0x1060, 0x62C9, 0x7B8C, 0x734B, 0x62E9, 0xDEB6, 0xFFFC,
    0xFFB9, 0xFFDA, 0xFFDA, 0xFF99, 0xFF78, 0xFFFB, 0xFF77, 0x836A, 0x944F, 0xDEFA, 0xFFFE, 0xFFDC, 0xFFDC, 0xFFDC, 0xFFFD, 0xFFFE,
    0xFFFE, 0xFFFE, 0xFFFE, 0xFFFE, 0xFFFE, 0xFFFE, 0xFFFE, 0xFFFE, 0xFFFD, 0xFFFC, 0xFFBB, 0xFFFD, 0xFFFE, 0xFFFE, 0xFFFF, 0xFFFE,
    0xFFFD, 0xFFFD, 0xFFFE, 0xFFFE, 0xFFFE, 0xFFFE, 0xFFFE, 0xFFFD, 0xFFFD, 0xFFFD, 0xFFFD, 0xFFBC, 0xFFBB, 0xFFFD, 0xFFFD, 0xFFDC,
    0xFFFD, 0xFFFD, 0xFFDC, 0xFFDC, 0xFFDC, 0xFFDC, 0xFFDC, 0xFFDC, 0xFFDC, 0xFFFD, 0xFFFD, 0xFFFD, 0xFFFD, 0xFFFE, 0xFFDD, 0xF79B,
    0xFFFD, 0xFFDD, 0xFFBC, 0xFF9B, 0xFF7B, 0xF77B, 0xFF9A, 0xFF9B, 0xF75A, 0xFF7B, 0xFFFD, 0xFFFD, 0xFFFD, 0xFFFD, 0xFFFD, 0xFFFD,
    0xFFFD, 0xFFFD, 0xFFFD, 0xFFFD, 0xFFFE, 0xFFBB, 0xF77A, 0xF77A, 0xF739, 0xF73A, 0xF73A, 0xF73A, 0xF739, 0xF719, 0xEEF9, 0xEEF9,
    0xEEF9, 0xEEF9, 0xEF19, 0xEF19, 0xF73A, 0xEEF9, 0xEED9, 0xFF3A, 0x62E9, 0x0861, 0x0861, 0x0040, 0x0040, 0x0040, 0x0840, 0x0840,
    0x0040, 0x0040, 0x0040, 0x0840, 0x0860, 0x0861, 0x0861, 0x0881, 0x1081, 0x1081, 0x1081, 0x0000, 0x5206, 0xC54F, 0xDE31, 0xFF34,
    0xFF57, 0xFFDA, 0xFFBA, 0xFFD9, 0xFFD9, 0xFFD9, 0xFFDA, 0xFFDA, 0xFFDA, 0xFFDA, 0xFFDA, 0xFFBA, 0xFFBA, 0xFFB9, 0xFFB9, 0xFFB9,
    0xFFB9, 0xFFB9, 0xFF57, 0xFED4, 0xFED4, 0xFED4, 0xFED4, 0xFEB4, 0xFEB3, 0xFEB3, 0xFEB3, 0xFF36, 0xFFDB, 0xFFDB, 0xFFDA, 0xFFDA,
    0xFFDA, 0xFFDB, 0xFFDB, 0xFFDB, 0xFFDB, 0xFFDB, 0xFFDB, 0xFFDB, 0xFFDB, 0xFFDB, 0xFFDB, 0xFFDA, 0xFFDA, 0xFFDA, 0xFFDA, 0xFFDA,
    0xFFDA, 0xFFDA, 0xFFDA, 0xFFDA, 0xFFDA, 0xF736, 0xF693, 0xFE93, 0xFE92, 0xFE92, 0xFE92, 0xFE93, 0xFE93, 0xFE93, 0xFE92, 0xFE92,
    0xFED2, 0xFED2, 0xFED2, 0xFEF3, 0xFEF3, 0xFEF3, 0xFEF3, 0xFEF3, 0xFF13, 0xFF13, 0xFF13, 0xFF13, 0xFEF3, 0xFEF3, 0xFED2, 0xFEB2,
    0xFEB1, 0xFEB1, 0xFE91, 0xFE91, 0xFE91, 0xFEB2, 0xD56E, 0xC52E, 0xB4ED, 0x28A2, 0x1840, 0x1861, 0x1861, 0x3164, 0x39A5, 0x3184,
    0x3164, 0x20E2, 0x1881, 0x10A1, 0x1081, 0x10A1, 0x10A1, 0x10A1, 0x2103, 0x2924, 0x20C2, 0x18A2, 0x18C2, 0x18A2, 0x734B, 0xD676,
    0xFFFB, 0xFFDA, 0xFFBA, 0xFFB9, 0xF757, 0xCDB1, 0x838A, 0x3102, 0xEF5C, 0xFFFF, 0xFFDE, 0xFFDB, 0xFFDB, 0xFFDB, 0xFFDC, 0xFFFD,
    0xFFFE, 0xFFFE, 0xFFFE, 0xFFFE, 0xFFFE, 0xFFFE, 0xFFFE, 0xFFFE, 0xFFFD, 0xFFBB, 0xFFBB, 0xFFDD, 0xFFFD, 0xFFFD, 0xFFFE, 0xFFFE,
    0xFFFC, 0xFFFC, 0xFFFD, 0xFFFE, 0xFFFE, 0xFFFD, 0xFFDD, 0xFFDC, 0xFFFC, 0xFFFC, 0xFFDC, 0xFFBC, 0xFFBB, 0xFFDC, 0xFFDC, 0xFFBB,
    0xFFBB, 0xFFBB, 0xFFBB, 0xFFBB, 0xFFDC, 0xFFDC, 0xFFDC, 0xFFDC, 0xFFDC, 0xFFFC, 0xFFFD, 0xFFFD, 0xFFFD, 0xFFDC, 0xFFDC, 0xF77A,
    0xFFBC, 0xFF9B, 0xF75A, 0xFF5A, 0xF75A, 0xF75A, 0xFF5A, 0xF75A, 0xF77A, 0xFF9B, 0xFFFD, 0xFFFD, 0xFFFD, 0xFFFD, 0xFFFD, 0xFFFD,
    0xFFFD, 0xFFFD, 0xFFFD, 0xFF9B, 0xFFBC, 0xF77B, 0xF75A, 0xF739, 0xF739, 0xF739, 0xF73A, 0xF739, 0xF739, 0xF719, 0xEEF9, 0xEEF9,
    0xEED9, 0xF71A, 0xFFDC, 0xFFDC, 0xF79C, 0xEF19, 0xEF1A, 0xEED9, 0xEEF9, 0xA4D1, 0x0000, 0x0840, 0x0840, 0x0840, 0x0840, 0x0860,
    0x0860, 0x0860, 0x0860, 0x0860, 0x0860, 0x0860, 0x0860, 0x0860, 0x0860, 0x1081, 0x1081, 0x4A26, 0xACAD, 0xFF95, 0xFEF3, 0xFED2,
    0xFF14, 0xFF77, 0xFFB9, 0xFFD9, 0xFFD9, 0xFFD9, 0xFFB9, 0xFFB9, 0xFFB9, 0xFFD9, 0xFF16, 0xFED3, 0xFED4, 0xFED4, 0xFED4, 0xFED4,
    0xFED4, 0xFED4, 0xFED3, 0xFEB3, 0xFEB3, 0xFEB3, 0xFE93, 0xFE92, 0xFE92, 0xFE92, 0xFE93, 0xFED3, 0xFF15, 0xFFDA, 0xFFFB, 0xFFDA,
    0xFFDA, 0xFFDB, 0xFFDB, 0xFFDB, 0xFFDB, 0xFFDB, 0xFFDB, 0xFFDB, 0xFFDB, 0xFFDB, 0xFFDB, 0xFFDB, 0xFFDA, 0xFFDA, 0xFFDA, 0xFFDA,
    0xFFDA, 0xFFDA, 0xFFDA, 0xFFDA, 0xFFDA, 0xFFBA, 0xFFB9, 0xFED4, 0xFE71, 0xFE92, 0xFE93, 0xFE93, 0xFE93, 0xFE93, 0xFE92, 0xFE73,
    0xFED2, 0xFED2, 0xFED2, 0xFEF3, 0xFF13, 0xFEF3, 0xFEF3, 0xFEF3, 0xFEF3, 0xFF13, 0xFF13, 0xFF13, 0xFEF3, 0xFEF3, 0xFEF2, 0xFEB2,
    0xFEB1, 0xFEB1, 0xFE91, 0xFE91, 0xFEB2, 0xFF33, 0x6A66, 0x1000, 0x20A2, 0x39A4, 0x41A5, 0x39A5, 0x39A5, 0x3984, 0x3164, 0x3164,
    0x3164, 0x3164, 0x20C2, 0x18C2, 0x18C2, 0x1081, 0x1081, 0x1081, 0x18C2, 0x2923, 0x2923, 0x2923, 0x2103, 0x2924, 0x0800, 0x7BAC,
    0xDED8, 0xEF38, 0xFFFC, 0xFFDA, 0xF738, 0x6A86, 0x9C6F, 0xE71C, 0xF7BD, 0xFFFF, 0xFFFE, 0xFFDC, 0xFFDC, 0xFFDB, 0xFFDB, 0xFFDC,
    0xFFFE, 0xFFFE, 0xFFFE, 0xFFFE, 0xFFFE, 0xFFFE, 0xFFFE, 0xFFFD, 0xFFDC, 0xFFBB, 0xFFBB, 0xFFDC, 0xFFDC, 0xFFDD, 0xFFFE, 0xFFFE,
    0xFFFD, 0xFFFD, 0xFFFD, 0xFFFE, 0xFFFE, 0xFFFD, 0xFFFC, 0xFFFC, 0xFFFC, 0xFFFC, 0xFFDC, 0xFFBB, 0xFFBB, 0xFFDC, 0xFFBC, 0xFFBB,
    0xFFBB, 0xFFBB, 0xFFBB, 0xFFBB, 0xFFBB, 0xFFDC, 0xFFDC, 0xFFDC, 0xFFDC, 0xFFFC, 0xFFFD, 0xFFDC, 0xFFBC, 0xF77A, 0xF75A, 0xFF5A,
    0xF75A, 0xFF5A, 0xFF5A, 0xF75A, 0xF75A, 0xF75A, 0xFF3A, 0xF73A, 0xFF9B, 0xFFFD, 0xFFFD, 0xFFFD, 0xFFFD, 0xFFFD, 0xFFFD, 0xFFFD,
    0xFFFD, 0xFFDC, 0xFFBC, 0xF719, 0xF6F9, 0xF6F9, 0xF6F9, 0xF719, 0xF739, 0xF73A, 0xF739, 0xF75A, 0xF73A, 0xF73A, 0xEEF9, 0xEEF9,
    0xEEF9, 0xEEF9, 0xFFBC, 0xFFDC, 0xFFDC, 0xFFFD, 0xFFBC, 0xEED9, 0xF73A, 0xDE57, 0x7BCE, 0x1081, 0x0020, 0x0860, 0x0840, 0x0860,
    0x0860, 0x0860, 0x0860, 0x0860, 0x0860, 0x0860, 0x0860, 0x0860, 0x0860, 0x0820, 0x0000, 0xD5D1, 0xFF94, 0xFEB2, 0xFED2, 0xFED2,
    0xFED2, 0xFEF4, 0xFFB8, 0xFF98, 0xFF98, 0xFF77, 0xFEF5, 0xFEF4, 0xFEF4, 0xFEF5, 0xFED3, 0xFEB3, 0xFEB3, 0xFEB3, 0xFEB3, 0xFEB3,
    0xFEB3, 0xFEB3, 0xFEB3, 0xFEB3, 0xFEB3, 0xFEB3, 0xFEB3, 0xFEB2, 0xFEB3, 0xFEB3, 0xFEB3, 0xFEB2, 0xFEB3, 0xFF56, 0xFFB9, 0xFFDB,
    0xFFDA, 0xFFDB, 0xFFDB, 0xFFDB, 0xFFDB, 0xFFDB, 0xFFDB, 0xFFDB, 0xFFDB, 0xFFDB, 0xFFDB, 0xFFDB, 0xFFDB, 0xFFDB, 0xFFDB, 0xFFDB,
    0xFFDB, 0xFFDB, 0xFFDB, 0xFFDA, 0xFFDA, 0xFFDA, 0xFFDB, 0xFF78, 0xFF36, 0xFEB4, 0xFE92, 0xFE93, 0xFE93, 0xFE92, 0xFE92, 0xFE73,
    0xFED2, 0xFED2, 0xFED2, 0xFED2, 0xFED2, 0xFED2, 0xFED2, 0xFEF3, 0xFEF3, 0xFF13, 0xFF13, 0xFF13, 0xFEF3, 0xFEF3, 0xFED2, 0xFED2,
    0xFEB2, 0xFE91, 0xFF53, 0xDDB0, 0x4983, 0x49A4, 0x41A4, 0x49E6, 0x41A5, 0x3184, 0x3984, 0x3984, 0x3164, 0x3164, 0x3163, 0x3163,
    0x3164, 0x3164, 0x2944, 0x2944, 0x2943, 0x18C2, 0x1081, 0x1061, 0x18C2, 0x2103, 0x2923, 0x2102, 0x18A1, 0x18A1, 0x18C2, 0x20E2,
    0x1060, 0x7BAC, 0xDEB7, 0xFFFB, 0xFF79, 0x4982, 0xB573, 0xFFFF, 0xFFFE, 0xFFFE, 0xFFFE, 0xFFFE, 0xFFDC, 0xFFDB, 0xFFDB, 0xFFDC,
    0xFFFE, 0xFFFE, 0xFFFE, 0xFFFE, 0xFFFE, 0xFFFE, 0xFFFD, 0xFFBB, 0xFFBB, 0xFFBB, 0xFFBB, 0xFFDC, 0xFFDC, 0xFFDD, 0xFFFE, 0xFFFD,
    0xFFFC, 0xFFFC, 0xFFFD, 0xFFFE, 0xFFFE, 0xFFFE, 0xFFFE, 0xFFFE, 0xFFFD, 0xFFFD, 0xFFFD, 0xFFDD, 0xFFBC, 0xFFDC, 0xFFBB, 0xFFBB,
    0xFFBB, 0xFFDC, 0xFFDC, 0xFFDC, 0xFFDC, 0xFFBC, 0xFFDC, 0xFFDC, 0xFFDC, 0xFFDC, 0xFFFC, 0xFF9B, 0xF73A, 0xF75A, 0xF75A, 0xF75A,
    0xFF3A, 0xF73A, 0xF73A, 0xF739, 0xF739, 0xF719, 0xFF9B, 0xFFDC, 0xFFDC, 0xFFFC, 0xFFDD, 0xFFDD, 0xFFDD, 0xFFFD, 0xFFFD, 0xFFFD,
    0xFFDC, 0xFF7A, 0xF719, 0xF719, 0xF719, 0xF719, 0xF719, 0xF719, 0xF719, 0xF739, 0xF739, 0xF739, 0xF739, 0xF739, 0xEEF9, 0xEED8,
    0xEEF9, 0xEEF9, 0xFFBB, 0xFFFC, 0xFFFD, 0xFFFD, 0xFFDC, 0xF79B, 0xF75A, 0xFF5A, 0xEF1A, 0x2944, 0x0860, 0x0860, 0x0860, 0x0860,
    0x0860, 0x0860, 0x0860, 0x0860, 0x0860, 0x0860, 0x0860, 0x0860, 0x0820, 0x5247, 0x7BAC, 0xDE74, 0xFF76, 0xFF56, 0xFF56, 0xFF56,
    0xFF77, 0xFFD9, 0xFF37, 0xFED4, 0xFEF4, 0xFEF4, 0xFED3, 0xFED3, 0xFED3, 0xFEB3, 0xFEB3, 0xFED3, 0xFEB3, 0xFEB3, 0xFEB3, 0xFEB3,
    0xFED3, 0xFED3, 0xFEB3, 0xFEB3, 0xFEB3, 0xFEB3, 0xFEB3, 0xFEB3, 0xFE92, 0xFEB3, 0xFEB3, 0xFEB3, 0xFEB3, 0xFEB3, 0xFF36, 0xFFB9,
    0xFFDB, 0xFFDA, 0xFFDA, 0xFFDB, 0xFFDB, 0xFFDB, 0xFFDB, 0xFFDB, 0xFFDB, 0xFFDB, 0xFFDB, 0xFFDB, 0xFFDB, 0xFFDB, 0xFFDB, 0xFFDB,
    0xFFDB, 0xFFDB, 0xFFDB, 0xFFDB, 0xFFDB, 0xFFDB, 0xFFDB, 0xFFDB, 0xFFFB, 0xFF58, 0xFED4, 0xFE72, 0xFE92, 0xFE93, 0xFE93, 0xFE93,
    0xFED2, 0xFED2, 0xFED2, 0xFED2, 0xFED2, 0xFED1, 0xFED2, 0xFEF3, 0xFEF3, 0xFF13, 0xFF13, 0xFF13, 0xFEF3, 0xFED2, 0xFED2, 0xFED2,
    0xFEB1, 0xFED2, 0xB4CD, 0x6AC8, 0x28E2, 0x3144, 0x3985, 0x41E6, 0x41C5, 0x3985, 0x3984, 0x3985, 0x3164, 0x2923, 0x2923, 0x2923,
    0x2902, 0x2103, 0x2103, 0x2103, 0x2103, 0x20E2, 0x18A1, 0x1060, 0x1081, 0x20E2, 0x2103, 0x20E2, 0x18C2, 0x18A2, 0x18A2, 0x18A1,
    0x20C2, 0x3144, 0x3143, 0x7B8B, 0xCE14, 0xBD73, 0xDEB8, 0xFFFF, 0xFFFE, 0xFFFE, 0xFFFF, 0xFFFE, 0xFFFE, 0xFFFD, 0xFFDB, 0xFFDB,
    0xFFFC, 0xFFFE, 0xFFFE, 0xFFFE, 0xFFFE, 0xFFFE, 0xFFFE, 0xFF9B, 0xFFBB, 0xFFBB, 0xFFBB, 0xFFDC, 0xFFFD, 0xFFFD, 0xFFFE, 0xFFFD,
    0xFFFC, 0xFFFC, 0xFFFC, 0xFFFE, 0xFFFE, 0xFFFE, 0xFFFE, 0xFFFD, 0xFFFD, 0xFFFE, 0xFFFF, 0xFFFE, 0xFFDC, 0xFFDC, 0xFFBC, 0xFFBB,
    0xFFBB, 0xFFFD, 0xFFFD, 0xFFFD, 0xFFFD, 0xFFFC, 0xFFDC, 0xFFFC, 0xFFFD, 0xFFDC, 0xFFFC, 0xFF9B, 0xF75A, 0xF75A, 0xF75A, 0xF75A,
    0xF77A, 0xFF7B, 0xFF9C, 0xFF9C, 0xFF9C, 0xF79C, 0xFFDD, 0xFFFE, 0xFFFD, 0xFFBC, 0xFFBC, 0xFF9B, 0xFF9B, 0xFFBC, 0xFFDC, 0xFFDC,
    0xFFDC, 0xF719, 0xF6F8, 0xF719, 0xF6F9, 0xF6F9, 0xF719, 0xF719, 0xFF7A, 0xFF9B, 0xF77A, 0xEEF8, 0xEED8, 0xEED8, 0xEED8, 0xEED9,
    0xEED9, 0xEEF9, 0xF719, 0xF79B, 0xFFBC, 0xFFBC, 0xFFBC, 0xFFBC, 0xF75A, 0xEF19, 0xEED9, 0xF71A, 0x5288, 0x0000, 0x1081, 0x0860,
    0x0860, 0x0860, 0x0860, 0x0860, 0x0860, 0x0860, 0x0860, 0x0880, 0x0000, 0x9CAF, 0xFFFE, 0xFFDA, 0xFFFB, 0xFFFA, 0xFFFA, 0xFFFA,
    0xFFDA, 0xFFDA, 0xFFDA, 0xFF56, 0xFED3, 0xFED3, 0xFED3, 0xFED3, 0xFEB3, 0xFEB3, 0xFEB3, 0xFED3, 0xFEB3, 0xFEB3, 0xFEB3, 0xFEB3,
    0xFED3, 0xFED3, 0xFEB3, 0xFEB4, 0xFEB4, 0xFEB3, 0xFEB3, 0xFEB3, 0xFEB3, 0xFEB3, 0xFEB3, 0xFEB3, 0xFEB3, 0xFEB3, 0xFEB3, 0xFF16,
    0xFFDA, 0xFFDA, 0xFFDA, 0xFFDB, 0xFFDB, 0xFFDB, 0xFFDB, 0xFFDB, 0xFFDB, 0xFFDB, 0xFFDB, 0xFFDB, 0xFFDB, 0xFFDB, 0xFFDB, 0xFFDB,
    0xFFDB, 0xFFDB, 0xFFDB, 0xFFDB, 0xFFDB, 0xFFDB, 0xFFDB, 0xFFDB, 0xFFDB, 0xFFFC, 0xFF99, 0xFEF4, 0xFEB3, 0xFE92, 0xFE93, 0xFE93,
    0xFED2, 0xFED2, 0xFED2, 0xFED2, 0xFED2, 0xFED2, 0xFED2, 0xFED2, 0xFED2, 0xFEF3, 0xFEF3, 0xFEF3, 0xFEB2, 0xFEB2, 0xFEB2, 0xFE91,
    0xFEF2, 0xEE30, 0x4164, 0x1881, 0x41C5, 0x41E6, 0x41C5, 0x39A5, 0x3164, 0x2923, 0x2923, 0x2923, 0x2923, 0x2103, 0x2103, 0x2102,
    0x18A1, 0x0860, 0x0860, 0x0860, 0x18A2, 0x20E2, 0x1081, 0x0860, 0x0881, 0x10A1, 0x18A1, 0x2103, 0x2103, 0x2103, 0x2103, 0x18A1,
    0x20E2, 0x3164, 0x3164, 0x0000, 0xA4D1, 0xFFFE, 0xFFBB, 0xFFFD, 0xFFFE, 0xFFFF, 0xFFFE, 0xFFFE, 0xFFFE, 0xFFFE, 0xFFFC, 0xFFDC,
    0xFFFD, 0xFFFE, 0xFFFE, 0xFFFE, 0xFFFE, 0xFFFE, 0xFFDC, 0xFFBB, 0xFFBB, 0xFFBB, 0xFFBB, 0xFFDC, 0xFFFD, 0xFFFD, 0xFFFD, 0xFFFD,
    0xFFFC, 0xFFFC, 0xFFFC, 0xFFFD, 0xFFFE, 0xFFFD, 0xFFFD, 0xFFFD, 0xFFFE, 0xFFFE, 0xFFDD, 0xFFDC, 0xFFDC, 0xFFFD, 0xFFFD, 0xFFFC,
    0xFFDC, 0xFFFD, 0xFFFD, 0xFFFD, 0xFFFD, 0xFFFD, 0xFFFD, 0xFFFD, 0xFFFD, 0xFFBB, 0xFFBB, 0xFF7B, 0xF75A, 0xF75A, 0xFF5A, 0xFF5A,
    0xFFDB, 0xFFFC, 0xFFFE, 0xFFFE, 0xFFFE, 0xFFFE, 0xFFFE, 0xFFFE, 0xFFFE, 0xFFFE, 0xFFFE, 0xFFDD, 0xFFBC, 0xFFDC, 0xFFDC, 0xFFDC,
    0xF75A, 0xF6F9, 0xF6F8, 0xF6F9, 0xF6F9, 0xF719, 0xF73A, 0xF77A, 0xFFBC, 0xFFDC, 0xFF7B, 0xEEF8, 0xEED7, 0xEED8, 0xEED8, 0xEED8,
    0xEED9, 0xEEF9, 0xF719, 0xF719, 0xF71A, 0xF71A, 0xF73A, 0xF73A, 0xF719, 0xEEF9, 0xEEF9, 0xF73A, 0xC5B5, 0x6B2B, 0x0000, 0x0860,
    0x0881, 0x0860, 0x0860, 0x0860, 0x0860, 0x0860, 0x0860, 0x0880, 0x0000, 0x944E, 0xFFFC, 0xFFB9, 0xFFDA, 0xFFDA, 0xFFDA, 0xFFDA,
    0xFFB9, 0xFFB9, 0xFFDA, 0xFFDA, 0xFF77, 0xFED3, 0xFED3, 0xFED3, 0xFED3, 0xFED3, 0xFED3, 0xFED3, 0xFEB3, 0xFEB3, 0xFEB3, 0xFEB3,
    0xFEB3, 0xFED3, 0xFED3, 0xFEB4, 0xFEB4, 0xFEB4, 0xFEB3, 0xFEB3, 0xFEB3, 0xFEB3, 0xFEB3, 0xFEB3, 0xFEB3, 0xFEB3, 0xFEB3, 0xFED4,
    0xFEF5, 0xFF78, 0xFFDB, 0xFFBA, 0xFFDA, 0xFFDB, 0xFFDB, 0xFFDB, 0xFFDB, 0xFFDB, 0xFFDB, 0xFFDB, 0xFFDB, 0xFFDB, 0xFFDB, 0xFFDB,
    0xFFDB, 0xFFDB, 0xFFDB, 0xFFDB, 0xFFDB, 0xFFDB, 0xFFDB, 0xFFDB, 0xFFDB, 0xFFDB, 0xFFDB, 0xFFFB, 0xFF16, 0xFE93, 0xFE93, 0xFE93,
    0xFED2, 0xFED2, 0xFED2, 0xFED2, 0xFED2, 0xFED2, 0xFED1, 0xFEB1, 0xFEB2, 0xFEB2, 0xFEB2, 0xFEB2, 0xFEB2, 0xFED2, 0xFED2, 0xFED2,
    0xEE51, 0x6A87, 0x3164, 0x4A26, 0x41C5, 0x39A5, 0x39A5, 0x39A5, 0x20E2, 0x18A1, 0x18A1, 0x18A1, 0x18C1, 0x18C2, 0x18C2, 0x18E2,
    0x18C1, 0x1080, 0x0860, 0x0840, 0x0860, 0x1081, 0x0860, 0x0860, 0x0881, 0x1081, 0x0860, 0x18C2, 0x18E2, 0x2123, 0x2123, 0x10A1,
    0x18E2, 0x2923, 0x2944, 0x1060, 0xAD12, 0xFFDC, 0xF77A, 0xFF9A, 0xFFFD, 0xFFFF, 0xFFFE, 0xFFFE, 0xFFFE, 0xFFFE, 0xFFFC, 0xFFFC,
    0xFFFD, 0xFFFE, 0xFFFE, 0xFFFE, 0xFFFE, 0xFFDC, 0xFF9B, 0xFF9B, 0xFF9B, 0xFFBB, 0xFFBC, 0xFFFD, 0xFFFD, 0xFFFD, 0xFFFD, 0xFFFD,
    0xFFFC, 0xFFFC, 0xFFFC, 0xFFFC, 0xFFFC, 0xFFFC, 0xFFFD, 0xFFFE, 0xFFFE, 0xFFDD, 0xFFBB, 0xFFBB, 0xFFBB, 0xFFDC, 0xFFFD, 0xFFFD,
    0xFFFD, 0xFFFD, 0xFFFD, 0xFFDC, 0xFFDC, 0xFFDC, 0xFFDC, 0xFFBC, 0xFF9B, 0xFF9B, 0xFF9B, 0xF75A, 0xF75A, 0xF75A, 0xF739, 0xF719,
    0xF719, 0xF75A, 0xFFBC, 0xFFBC, 0xFFBC, 0xFFBC, 0xFFDD, 0xFFFD, 0xFFFD, 0xFFDD, 0xFFDD, 0xFFFC, 0xFFFC, 0xFFFD, 0xFFFD, 0xFFFC,
    0xEEF8, 0xEED8, 0xEEF8, 0xEEF8, 0xEED8, 0xF719, 0xFF5A, 0xFF9A, 0xFF9B, 0xF75A, 0xFF7A, 0xF759, 0xEED7, 0xEED8, 0xEED7, 0xEED8,
    0xEED9, 0xEEF9, 0xF719, 0xF75A, 0xFF5B, 0xF77B, 0xF77A, 0xFF7A, 0xF739, 0xEED8, 0xEEF9, 0xEED8, 0xFF7B, 0xD616, 0x4A28, 0x0840,
    0x0000, 0x0860, 0x0860, 0x0860, 0x0860, 0x0860, 0x0860, 0x0860, 0x0840, 0x41C5, 0xDED7, 0xFFFB, 0xFFDA, 0xFFDA, 0xFFDA, 0xFFDA,
    0xFFDA, 0xFFDA, 0xFFB9, 0xFFDA, 0xFFDA, 0xFF57, 0xFED3, 0xFED3, 0xFED3, 0xFED3, 0xFED3, 0xFED3, 0xFED3, 0xFEB3, 0xFEB3, 0xFEB3,
    0xFED3, 0xFED3, 0xFED3, 0xFEB3, 0xFEB3, 0xFEB3, 0xFEB3, 0xFEB3, 0xFEB3, 0xFEB3, 0xFEB3, 0xFEB3, 0xFEB3, 0xFEB3, 0xFEB3, 0xFEB2,
    0xFEB2, 0xFF15, 0xFF78, 0xFFDA, 0xFFBA, 0xFFBA, 0xFFDB, 0xFFDB, 0xFFDB, 0xFFDB, 0xFFDB, 0xFFDB, 0xFFDB, 0xFFDB, 0xFFDB, 0xFFDB,
    0xFFDB, 0xFFDB, 0xFFDB, 0xFFDB, 0xFFDB, 0xFFDB, 0xFFDB, 0xFFDB, 0xFFDA, 0xFFDA, 0xFFDB, 0xFFDA, 0xFFDB, 0xFF57, 0xF693, 0xFE92,
    0xFED1, 0xFED1, 0xFED2, 0xFED2, 0xFED2, 0xFED2, 0xFED2, 0xFEB2, 0xFEB2, 0xFEB2, 0xFED2, 0xFEB2, 0xFEB2, 0xF692, 0xEE51, 0xF6B2,
    0x9BEA, 0x1840, 0x39A5, 0x39C5, 0x39A5, 0x39A5, 0x39A5, 0x39A5, 0x2102, 0x18A1, 0x18C1, 0x18C2, 0x18C2, 0x18A2, 0x18A1, 0x18C2,
    0x18E2, 0x18E2, 0x1081, 0x0020, 0x0840, 0x0040, 0x0040, 0x0881, 0x1081, 0x1081, 0x1081, 0x0881, 0x0860, 0x18E2, 0x2103, 0x1081,
    0x18C2, 0x18E2, 0x18C2, 0x1040, 0xA511, 0xFFFC, 0xF77A, 0xFF9A, 0xFFDC, 0xFFFE, 0xFFFE, 0xFFFE, 0xFFFE, 0xFFFE, 0xFFFD, 0xFFFE,
    0xFFFE, 0xFFFE, 0xFFFE, 0xFFFE, 0xFFFD, 0xFFBC, 0xFF9B, 0xFF9B, 0xFF9B, 0xFF9B, 0xFFFD, 0xFFFD, 0xFFFD, 0xFFFE, 0xFFFD, 0xFFDC,
    0xFFDC, 0xFFFC, 0xFFFC, 0xFFFC, 0xFFFC, 0xFFFD, 0xFFFE, 0xFFFE, 0xFFFE, 0xFFDC, 0xFFDC, 0xFF9B, 0xFF7A, 0xFFDC, 0xFFFC, 0xFFFD,
    0xFFFD, 0xFFFD, 0xFFFD, 0xFFBC, 0xFFBB, 0xFFBB, 0xFFBB, 0xFF9B, 0xFF9B, 0xFFBB, 0xFF9B, 0xF75A, 0xFF7A, 0xF719, 0xEED8, 0xEED8,
    0xEED8, 0xF739, 0xF739, 0xF739, 0xF739, 0xF739, 0xF77B, 0xFFBC, 0xFFBC, 0xFFDC, 0xFFDC, 0xFFFD, 0xFFFC, 0xFFFC, 0xFFDC, 0xFFBB,
    0xEF18, 0xEEB8, 0xEED8, 0xEED8, 0xEED8, 0xF6F8, 0xFF5A, 0xFF59, 0xFF5A, 0xF739, 0xEEF8, 0xF718, 0xEED8, 0xEED8, 0xEED7, 0xEED7,
    0xEED8, 0xEED8, 0xF739, 0xFFFC, 0xFFFD, 0xFFFD, 0xFFDC, 0xEEF8, 0xEEF8, 0xEED8, 0xEEF8, 0xEEF9, 0xEED8, 0xF71A, 0xE6B8, 0x5268,
    0x4A27, 0x0840, 0x0020, 0x0880, 0x0860, 0x0880, 0x1080, 0x0860, 0x0000, 0x9CB0, 0xF79A, 0xFFDA, 0xFFDA, 0xFFDA, 0xFFDA, 0xFFDA,
    0xFFDA, 0xFFDA, 0xFFDA, 0xFFDA, 0xFFDA, 0xFFBA, 0xFF36, 0xFED3, 0xFEB3, 0xFED3, 0xFED3, 0xFED3, 0xFED3, 0xFED3, 0xFED3, 0xFED3,
    0xFED4, 0xFED4, 0xFED4, 0xFED3, 0xFED3, 0xFEB3, 0xFEB3, 0xFEB3, 0xFEB3, 0xFEB3, 0xFEB3, 0xFEB3, 0xFEB3, 0xFEB3, 0xFEB3, 0xFEB3,
    0xFEB3, 0xFEB3, 0xFEF4, 0xFF98, 0xFFB9, 0xFFBA, 0xFFDA, 0xFFDA, 0xFFDB, 0xFFDB, 0xFFDA, 0xFFDB, 0xFFDB, 0xFFDB, 0xFFDB, 0xFFDB,
    0xFFDB, 0xFFDB, 0xFFDB, 0xFFDB, 0xFFDB, 0xFFDB, 0xFFDA, 0xFFDB, 0xFFDA, 0xFFDA, 0xFFDA, 0xFFDA, 0xFFDB, 0xFFDB, 0xFF98, 0xFEB3,
    0xFED1, 0xFED1, 0xFED2, 0xFED2, 0xFED2, 0xFEB2, 0xFEB1, 0xFEB2, 0xFEB2, 0xFEB2, 0xFE91, 0xFEB2, 0xFF74, 0xB4CD, 0x28C2, 0x3923,
    0x3102, 0x3123, 0x39C5, 0x39C5, 0x39C5, 0x3184, 0x2923, 0x2923, 0x20E2, 0x18C1, 0x18C1, 0x18C2, 0x18C2, 0x1081, 0x0861, 0x1081,
    0x18C2, 0x18E2, 0x18C2, 0x10A1, 0x0040, 0x0840, 0x0840, 0x0860, 0x1081, 0x1061, 0x1081, 0x0881, 0x1081, 0x10A1, 0x1081, 0x0860,
    0x18C2, 0x18C1, 0x0840, 0x0000, 0x9CD0, 0xFFFC, 0xF77A, 0xFF9A, 0xFFDD, 0xFFFF, 0xFFFE, 0xFFFE, 0xFFFE, 0xFFFE, 0xFFFF, 0xFFFF,
    0xFFFE, 0xFFFE, 0xFFFE, 0xFFFE, 0xFFFE, 0xFFBC, 0xFF9B, 0xFFBB, 0xFFDC, 0xFFDC, 0xFFFD, 0xFFFD, 0xFFFD, 0xFFFD, 0xFFFD, 0xFFFC,
    0xFFDC, 0xFFDC, 0xFFDC, 0xFFFD, 0xFFFD, 0xFFFD, 0xFFFE, 0xFFFE, 0xFFFD, 0xFFBB, 0xFFBB, 0xF77A, 0xF759, 0xFF9B, 0xFFFD, 0xFFFC,
    0xFFFC, 0xFFFC, 0xFFDD, 0xFFDC, 0xF77A, 0xF719, 0xF719, 0xFF5A, 0xFF7A, 0xFF7A, 0xF75A, 0xFF5A, 0xFF5A, 0xF6F8, 0xEED8, 0xEED8,
    0xEED8, 0xF6F8, 0xF6F8, 0xF719, 0xF739, 0xF739, 0xFF5A, 0xFF7B, 0xF73A, 0xEF19, 0xF77A, 0xFFFD, 0xFFFD, 0xFFFD, 0xFFFD, 0xEEF8,
    0xEEB7, 0xEEB8, 0xEED8, 0xEED8, 0xEED7, 0xF6F8, 0xFF5A, 0xFF5A, 0xFF9B, 0xF759, 0xEED8, 0xEEF8, 0xEED7, 0xEED7, 0xEED7, 0xEED7,
    0xEED8, 0xEED8, 0xEEF9, 0xF77A, 0xFF7B, 0xF77B, 0xF77A, 0xF739, 0xF719, 0xF6F9, 0xF6F9, 0xF719, 0xF719, 0xEEF9, 0xEEF9, 0xFF3A,
    0xEED9, 0x62A9, 0x3985, 0x0020, 0x0860, 0x0000, 0x0000, 0x3143, 0xA511, 0xEF59, 0xFFFB, 0xFFDA, 0xFFFA, 0xFFDA, 0xFFDA, 0xFFFA,
    0xFFDA, 0xFFDA, 0xFFDA, 0xFFDA, 0xFFDA, 0xFFDA, 0xFFDA, 0xFF36, 0xFEF4, 0xFEB3, 0xFED3, 0xFED3, 0xFED3, 0xFED3, 0xFED3, 0xFED3,
    0xFED4, 0xFED4, 0xFED4, 0xFED3, 0xFED3, 0xFEB3, 0xFEB3, 0xFEB3, 0xFEB3, 0xFEB3, 0xFEB3, 0xFEB3, 0xFEB3, 0xFEB3, 0xFEB3, 0xFEB3,
    0xFEB3, 0xFEB3, 0xFEB3, 0xFED3, 0xFF77, 0xFFDA, 0xFFB9, 0xFFB9, 0xFFD9, 0xFFDA, 0xFFDA, 0xFFDA, 0xFFFB, 0xFFDB, 0xFFDB, 0xFFFB,
    0xFFDB, 0xFFDB, 0xFFDB, 0xFFDB, 0xFFDA, 0xFFDA, 0xFFDA, 0xFFDB, 0xFFFB, 0xFFFB, 0xFFDB, 0xFFDB, 0xFFDA, 0xFFDB, 0xFFDA, 0xFFB9,
    0xFEB1, 0xFEB1, 0xFED2, 0xFED2, 0xFED2, 0xFED2, 0xFEF3, 0xFEF3, 0xFEF3, 0xFED3, 0xFF75, 0xD5D0, 0x5A25, 0x49C4, 0x3143, 0x3164,
    0x3164, 0x39A5, 0x3985, 0x3164, 0x3144, 0x2923, 0x2102, 0x2102, 0x20E2, 0x18C2, 0x18C2, 0x18C2, 0x18C2, 0x18A2, 0x1081, 0x0861,
    0x10A1, 0x18C2, 0x18E2, 0x18C2, 0x0860, 0x0840, 0x0840, 0x0840, 0x0861, 0x1081, 0x1081, 0x0880, 0x1081, 0x10A1, 0x1081, 0x1060,
    0x0860, 0x2102, 0xAD32, 0xAD32, 0xD676, 0xFFDC, 0xFFFD, 0xFFFD, 0xFFFE, 0xFFFF, 0xFFFE, 0xFFFE, 0xFFFE, 0xFFFF, 0xFFFF, 0xFFFE,
    0xFFFD, 0xFFFD, 0xFFFD, 0xFFFD, 0xFFFD, 0xFFBC, 0xFF9B, 0xFFBC, 0xFFFD, 0xFFFD, 0xFFFD, 0xFFFD, 0xFFFC, 0xFFFD, 0xFFFC, 0xFFFC,
    0xFFFC, 0xFFFC, 0xFFFC, 0xFFFD, 0xFFFD, 0xFFFE, 0xFFDD, 0xFFBC, 0xFFBC, 0xFFBB, 0xFFBC, 0xF759, 0xF719, 0xF75A, 0xFFFD, 0xF77B,
    0xF73A, 0xF73A, 0xFF7B, 0xFFDC, 0xF75A, 0xEED8, 0xEED8, 0xF739, 0xFF5A, 0xF75A, 0xF75A, 0xF739, 0xEEF8, 0xEED8, 0xEEB7, 0xEEB7,
    0xEED7, 0xEEB7, 0xEEB7, 0xEED8, 0xEED8, 0xEED8, 0xF719, 0xFF7A, 0xF719, 0xEED8, 0xF719, 0xF77B, 0xF77A, 0xF77A, 0xF75A, 0xEED8,
    0xEEB7, 0xEEB7, 0xEEB7, 0xEEB7, 0xEED7, 0xEEF8, 0xF719, 0xF739, 0xFF7A, 0xF719, 0xEED8, 0xEED8, 0xEEB7, 0xEEB7, 0xEED7, 0xEEB7,
    0xEEB7, 0xEED8, 0xEED8, 0xEED8, 0xEED8, 0xEED8, 0xF6F9, 0xFF5A, 0xFF7B, 0xF73A, 0xF71A, 0xF71A, 0xEED8, 0xEED8, 0xEEF9, 0xEED9,
    0xEEB8, 0xFF5A, 0xB4F1, 0x20C3, 0x2902, 0xBD72, 0xB531, 0xC5F3, 0xFFFC, 0xFFFA, 0xFFDA, 0xFFFA, 0xFFFA, 0xFFDA, 0xFFDA, 0xFFDA,
    0xFFDA, 0xFFDA, 0xFFDA, 0xFFDA, 0xFFDA, 0xFFDA, 0xFFDA, 0xFFFB, 0xFF57, 0xFED3, 0xFED3, 0xFED3, 0xFED3, 0xFED3, 0xFED3, 0xFED3,
    0xFED3, 0xFED3, 0xFED3, 0xFEB3, 0xFEB3, 0xFEB3, 0xFEB3, 0xFED3, 0xFEB3, 0xFEB3, 0xFEB3, 0xFEB3, 0xFEB3, 0xFEB3, 0xFEB3, 0xFEB2,
    0xFEB3, 0xFEB3, 0xFEB3, 0xFEB2, 0xFEF4, 0xFF98, 0xFFB9, 0xFFB9, 0xFFB9, 0xFFD9, 0xFFD9, 0xFFDA, 0xFFDA, 0xFFDB, 0xFFFB, 0xFFFB,
    0xFFFB, 0xFFFB, 0xFFFB, 0xFFDB, 0xFFDB, 0xFFDB, 0xFFDB, 0xFFDB, 0xFFBA, 0xFFB9, 0xFFBA, 0xFFB9, 0xFF16, 0xFEF5, 0xFEF5, 0xFF15,
    0xFEF2, 0xFEF3, 0xFF55, 0xFF56, 0xFF55, 0xFF97, 0xFFD8, 0xFFB8, 0xFFB9, 0xFFB9, 0xE6F6, 0x944E, 0x0820, 0x3144, 0x49E6, 0x41E5,
    0x41C5, 0x39A5, 0x3144, 0x2903, 0x2923, 0x2103, 0x2102, 0x20E2, 0x18C1, 0x10A1, 0x18C2, 0x18C2, 0x18C2, 0x18C2, 0x1081, 0x1081,
    0x10A1, 0x18C2, 0x10A1, 0x10A1, 0x10A1, 0x0860, 0x0840, 0x0040, 0x0860, 0x0860, 0x0860, 0x0860, 0x1081, 0x10A1, 0x0880, 0x0860,
    0x0840, 0x2102, 0xF739, 0xFFFD, 0xFFFC, 0xFFDD, 0xFFFE, 0xFFFE, 0xFFFE, 0xFFFE, 0xFFFE, 0xFFFE, 0xFFFE, 0xFFFE, 0xFFFE, 0xFFFE,
    0xFFFD, 0xFFFD, 0xFFFD, 0xFFFD, 0xFFFD, 0xFFDC, 0xFF9B, 0xFFBC, 0xFFFD, 0xFFFD, 0xFFFD, 0xFFFD, 0xFFFC, 0xFFFD, 0xFFFC, 0xFFFC,
    0xFFFD, 0xFFFD, 0xFFDD, 0xFFBC, 0xFFDC, 0xFFDD, 0xFFDD, 0xFF9B, 0xFF9B, 0xFF9B, 0xFFBB, 0xF739, 0xF6F8, 0xF739, 0xF75A, 0xF739,
    0xF719, 0xF719, 0xF77A, 0xFFBC, 0xF75A, 0xEEF8, 0xEED7, 0xEEF8, 0xF719, 0xF719, 0xF719, 0xF6F8, 0xEEB7, 0xEEB7, 0xEEB7, 0xEEB7,
    0xEEB7, 0xEEB7, 0xEEB7, 0xEED7, 0xF6D8, 0xEED8, 0xEED8, 0xEED8, 0xEED8, 0xEED8, 0xEED7, 0xEEB7, 0xEEB7, 0xEEB7, 0xEEB7, 0xEEB7,
    0xEEB7, 0xEEB7, 0xEEB7, 0xEEB7, 0xEED7, 0xEEB7, 0xEEB7, 0xEEB7, 0xEED8, 0xEEB7, 0xEEB7, 0xEEB7, 0xEEB7, 0xEEB7, 0xEED7, 0xEEB7,
    0xEEB7, 0xEEB7, 0xEEB8, 0xEED8, 0xEED8, 0xEED8, 0xEED8, 0xEEF9, 0xF719, 0xEEF9, 0xEEF9, 0xF6F9, 0xEEB8, 0xEEB7, 0xEED8, 0xEED9,
    0xEED8, 0xEEB8, 0xEED8, 0xC573, 0x49E5, 0xACCF, 0xEF17, 0xFFFD, 0xF799, 0xFFDA, 0xFFFA, 0xFFDA, 0xFFFA, 0xFFFA, 0xFFFA, 0xFFDA,
    0xFFDA, 0xFFDA, 0xFFDA, 0xFFDA, 0xFFDA, 0xFFDA, 0xFFDA, 0xFFDB, 0xFFDA, 0xFF98, 0xFED3, 0xFEB3, 0xFED3, 0xFED3, 0xFED3, 0xFED3,
    0xFEB3, 0xFEB3, 0xFEB3, 0xFED3, 0xFEB3, 0xFE92, 0xFEB3, 0xFED3, 0xFEB3, 0xFEB3, 0xFEB3, 0xFEB3, 0xFEB3, 0xFEB3, 0xFEB3, 0xFEB2,
    0xFEB3, 0xFEB3, 0xFEB3, 0xFEB2, 0xFEB2, 0xFEB3, 0xFF78, 0xFFDA, 0xFFB9, 0xFFDA, 0xFFDA, 0xFFFA, 0xFFFB, 0xFFFB, 0xFFFB, 0xFFFB,
    0xFFBA, 0xFF99, 0xFFB9, 0xFFB9, 0xFFB9, 0xFFB9, 0xFFB9, 0xFFB9, 0xFED5, 0xFEB4, 0xFEB4, 0xFEB4, 0xFEB3, 0xFE93, 0xFE92, 0xFE93,
    0xFFF9, 0xFFD9, 0xFFF9, 0xFFFA, 0xFFFA, 0xFFD9, 0xFFD9, 0xFFD9, 0xFFD9, 0xFFFB, 0x7B4A, 0x1040, 0x4A06, 0x41E6, 0x41C5, 0x41C5,
    0x3184, 0x2923, 0x2923, 0x2123, 0x2923, 0x2103, 0x18C1, 0x18C2, 0x10A1, 0x0840, 0x10A1, 0x18C2, 0x18C2, 0x18A2, 0x1081, 0x10A1,
    0x10A1, 0x10A1, 0x10A1, 0x10A1, 0x10A1, 0x10A1, 0x0040, 0x0040, 0x0040, 0x0040, 0x0860, 0x0860, 0x0860, 0x0860, 0x0860, 0x0860,
    0x0840, 0x20E2, 0xE6B7, 0xFF9B, 0xFFDC, 0xFFFD, 0xFFFE, 0xFFFE, 0xFFFE, 0xFFFE, 0xFFFE, 0xFFFE, 0xFFFE, 0xFFFE, 0xFFFE, 0xFFFE,
    0xFFFD, 0xFFFD, 0xFFFD, 0xFFFD, 0xFFFC, 0xFFDC, 0xFFDC, 0xFFDD, 0xFFFD, 0xFFFD, 0xFFFD, 0xFFFD, 0xFFFD, 0xFFFD, 0xFFFC, 0xFFDC,
    0xFFDC, 0xFFFE, 0xFFBC, 0xF759, 0xF75A, 0xFF7A, 0xFF9B, 0xFFBB, 0xFF7A, 0xF719, 0xF739, 0xF719, 0xF718, 0xF719, 0xF718, 0xF719,
    0xF719, 0xF719, 0xF739, 0xF739, 0xF719, 0xF719, 0xE696, 0xE655, 0xEE97, 0xEEB7, 0xEEB7, 0xEEB7, 0xEEB7, 0xEE97, 0xE676, 0xE655,
    0xE676, 0xEE97, 0xEE96, 0xEEB7, 0xF6D7, 0xEED8, 0xEED7, 0xEED7, 0xEEB7, 0xEEB7, 0xEEB7, 0xEEB7, 0xEEB7, 0xEEB7, 0xEEB7, 0xEEB7,
    0xEEB7, 0xEEB7, 0xEEB7, 0xEEB7, 0xEEB7, 0xEE96, 0xEE97, 0xEEB7, 0xEEB7, 0xEEB7, 0xEEB7, 0xEED7, 0xEED7, 0xEEB7, 0xEEB7, 0xEEB7,
    0xEEB7, 0xEEB7, 0xEEB8, 0xEED8, 0xEED8, 0xEED8, 0xEED8, 0xEEF8, 0xEEF8, 0xEEB8, 0xEEB7, 0xE6B7, 0xEEB7, 0xEEB7, 0xEED8, 0xEED8,
    0xEED8, 0xEED8, 0xE6B7, 0xEED8, 0xCDD4, 0x5227, 0x942E, 0xD6B7, 0xFFFB, 0xFFFA, 0xFFDA, 0xFFDA, 0xFFFA, 0xFFFA, 0xFFFA, 0xFFDA,
    0xFFDA, 0xFFDA, 0xFFDA, 0xFFDA, 0xFFDA, 0xFFDA, 0xFFDA, 0xFFDA, 0xFFDA, 0xFFDA, 0xFF36, 0xFEF4, 0xFED4, 0xFED3, 0xFED3, 0xFED3,
    0xFED3, 0xFED3, 0xFED3, 0xFED3, 0xFEB3, 0xFE92, 0xFEB3, 0xFEB3, 0xFEB3, 0xFEB3, 0xFEB3, 0xFEB3, 0xFEB2, 0xFEB2, 0xFEB2, 0xFEB2,
    0xFEB3, 0xFEB3, 0xFEB3, 0xFEB3, 0xFEB3, 0xFEB3, 0xFED4, 0xFF56, 0xFFD9, 0xFFB9, 0xFFB9, 0xFFD9, 0xFFBA, 0xFFBA, 0xFFBA, 0xFFDA,
    0xFF15, 0xFE92, 0xFEB3, 0xFEB3, 0xFEB3, 0xFEB3, 0xFEB3, 0xFEB3, 0xFEB4, 0xFEB3, 0xFEB3, 0xFEB3, 0xFEB4, 0xFE93, 0xFE93, 0xFE93,
    0xFFF9, 0xFFF9, 0xFFF9, 0xFFF9, 0xFFD9, 0xFFD9, 0xFFD9, 0xFFD9, 0xFFD9, 0xFFFC, 0x83CB, 0x1040, 0x41E6, 0x39A5, 0x39A5, 0x39A5,
    0x2923, 0x1081, 0x1081, 0x20E2, 0x2923, 0x2102, 0x18C2, 0x18C2, 0x10A1, 0x0860, 0x10A2, 0x18C2, 0x18C2, 0x18C2, 0x10A1, 0x10A1,
    0x10A1, 0x10A1, 0x10A1, 0x10A2, 0x10A1, 0x10A1, 0x1081, 0x0840, 0x0040, 0x0040, 0x0840, 0x0860, 0x0860, 0x0880, 0x0000, 0x7B8C,
    0xCE15, 0xC5D4, 0xEEF8, 0xFFBB, 0xFFFE, 0xFFFD, 0xFFFE, 0xFFFE, 0xFFFE, 0xFFFE, 0xFFFE, 0xFFFD, 0xFFFD, 0xFFFE, 0xFFFE, 0xFFFE,
    0xFFFD, 0xFFFD, 0xFFBB, 0xFFBB, 0xFFBB, 0xFFBB, 0xFFFD, 0xFFFD, 0xFFFD, 0xFFFD, 0xFFFD, 0xFFBC, 0xFFBB, 0xFFDC, 0xFFFD, 0xFFBB,
    0xF75A, 0xF77A, 0xF75A, 0xF75A, 0xF75A, 0xF75A, 0xF75A, 0xFFBB, 0xF75A, 0xF718, 0xF719, 0xF6F8, 0xEED8, 0xEED8, 0xF719, 0xF739,
    0xF719, 0xEEB7, 0xF6F8, 0xF719, 0xF719, 0xF718, 0xEE97, 0xE656, 0xE635, 0xE635, 0xE655, 0xE655, 0xEE96, 0xEEB7, 0xEE96, 0xE635,
    0xDE14, 0xE655, 0xEE76, 0xEE97, 0xEEB7, 0xE696, 0xEE97, 0xEE97, 0xEEB7, 0xEEB7, 0xEEB7, 0xEEB7, 0xEEB7, 0xEEB7, 0xEEB7, 0xEE97,
    0xEE97, 0xEE97, 0xEEB7, 0xEE97, 0xDE15, 0xDDF4, 0xE656, 0xEED7, 0xEEB7, 0xF6B7, 0xF6B7, 0xE676, 0xE676, 0xF6D7, 0xEEB7, 0xEEB7,
    0xEEB7, 0xEED8, 0xEED8, 0xEED8, 0xEED8, 0xEED8, 0xF719, 0xFFDC, 0xFFBC, 0xEEF8, 0xEEB7, 0xEEB7, 0xEEB7, 0xE6B7, 0xEED8, 0xFF5A,
    0xFF7A, 0xF739, 0xEEB7, 0xE6B7, 0xEEB8, 0xFF9B, 0x9C4F, 0x6AE9, 0xDEB7, 0xF799, 0xFFFA, 0xFFDA, 0xFFFA, 0xFFFA, 0xFFFA, 0xFFFA,
    0xFFFA, 0xFFDA, 0xFFDA, 0xFFDA, 0xFFDA, 0xFFDA, 0xFFDA, 0xFFDA, 0xFFDA, 0xFFDA, 0xFFFA, 0xFF56, 0xFEB3, 0xFED3, 0xFED3, 0xFED3,
    0xFED3, 0xFED3, 0xFED3, 0xFED3, 0xFED3, 0xFEB3, 0xFEB3, 0xFEB3, 0xFEB2, 0xFEB3, 0xFEB3, 0xFEB2, 0xFEB2, 0xFEB2, 0xFE92, 0xFE92,
    0xFE91, 0xFE92, 0xFE92, 0xFE92, 0xFED3, 0xFF36, 0xFF35, 0xFF56, 0xFF98, 0xFF36, 0xFED4, 0xFEB4, 0xFEB3, 0xFEB3, 0xFEB3, 0xFEB3,
    0xFEB3, 0xFEB3, 0xFEB3, 0xFEB3, 0xFEB3, 0xFEB3, 0xFEB3, 0xFEB3, 0xFEB3, 0xFEB3, 0xFEB3, 0xFEB3, 0xFEB3, 0xFEB3, 0xFEB4, 0xFEB4,
    0xFFF9, 0xFFF9, 0xFFD9, 0xFFD9, 0xFFD9, 0xFFD9, 0xFFD9, 0xFFD9, 0xFFFA, 0xDED7, 0x62A8, 0x1881, 0x3984, 0x3984, 0x3984, 0x3984,
    0x18C1, 0x1060, 0x1061, 0x1081, 0x1081, 0x18C1, 0x18C2, 0x18C2, 0x10A1, 0x0040, 0x1081, 0x18C2, 0x18C2, 0x18C2, 0x10A1, 0x10A1,
    0x0860, 0x0860, 0x10A1, 0x1081, 0x0881, 0x10A2, 0x1081, 0x0840, 0x0840, 0x0040, 0x0840, 0x0860, 0x0860, 0x0881, 0x0000, 0x944F,
    0xF739, 0xEED8, 0xF77B, 0xFFDC, 0xFFFE, 0xFFFE, 0xFFFE, 0xFFFE, 0xFFFE, 0xFFFE, 0xFFFE, 0xFFFD, 0xFFDC, 0xFFFC, 0xFFFD, 0xFFFD,
    0xFFFE, 0xFFFE, 0xFFBB, 0xFF9B, 0xFF9A, 0xFFBB, 0xFFFD, 0xFFFC, 0xFFFD, 0xFFFD, 0xFFFD, 0xFFBB, 0xFFBB, 0xFFBB, 0xFFDC, 0xFF9B,
    0xF739, 0xF739, 0xF739, 0xF739, 0xF739, 0xF719, 0xF739, 0xFF7A, 0xF77A, 0xEEF8, 0xF719, 0xDE14, 0xC531, 0xD5B3, 0xEE96, 0xEE96,
    0xEED7, 0xF6F8, 0xEED7, 0xEED7, 0xEED8, 0xEED7, 0xD5D3, 0xD5B3, 0xD5B2, 0xD5D3, 0xDDF3, 0xDE14, 0xDE35, 0xDE35, 0xDE14, 0xDE14,
    0xDDF4, 0x938B, 0x8309, 0xBCF1, 0xDE14, 0xEE96, 0xEE96, 0xEE96, 0xE696, 0xE676, 0xEE76, 0xEE76, 0xEE96, 0xEE76, 0xEE96, 0xE676,
    0xE656, 0xE656, 0xEE97, 0xEE97, 0xE635, 0xD5D3, 0xDE14, 0xEE96, 0xEE76, 0xEE96, 0xF6D7, 0xE655, 0xD5F4, 0xF6D7, 0xF6B7, 0xEE96,
    0xEEB7, 0xEED8, 0xEED8, 0xEED8, 0xEED8, 0xEED8, 0xF6F9, 0xFFBC, 0xFFBC, 0xF75A, 0xE6B7, 0xEEB7, 0xEEB7, 0xEED8, 0xEED8, 0xF739,
    0xF739, 0xF6F8, 0xEEB8, 0xEEB8, 0xEEB8, 0xE6B8, 0xFF59, 0x9C4F, 0x28C2, 0xCE15, 0xFFDB, 0xFFDA, 0xFFFA, 0xFFFA, 0xFFFA, 0xFFFA,
    0xFFFA, 0xFFDA, 0xFFDA, 0xFFDA, 0xFFDA, 0xFFDA, 0xFFDA, 0xFFDA, 0xFFDA, 0xFFDA, 0xFFDA, 0xFFB9, 0xFF77, 0xFED3, 0xFEB3, 0xFED3,
    0xFED3, 0xFED3, 0xFED3, 0xFED3, 0xFED3, 0xFEB3, 0xFEB3, 0xFEB3, 0xFEB2, 0xFE92, 0xFE92, 0xFE92, 0xFE91, 0xFE91, 0xFEF4, 0xFF36,
    0xFF36, 0xFF16, 0xFF36, 0xFF16, 0xFF36, 0xFFDA, 0xFFDA, 0xFFBA, 0xFFB9, 0xFF36, 0xFE92, 0xFEB3, 0xFEB3, 0xFE92, 0xFE92, 0xFEB2,
    0xFEB3, 0xFEB3, 0xFEB3, 0xFEB3, 0xFEB3, 0xFEB3, 0xFEB4, 0xFEB4, 0xFEB3, 0xFEB3, 0xFEB3, 0xFEB3, 0xFEB4, 0xFEB4, 0xFEB4, 0xFEB4,
    0xFFF9, 0xFFF9, 0xFFF9, 0xFFD9, 0xFFD9, 0xFFD9, 0xFFD9, 0xFFB9, 0xFFDB, 0x7B6B, 0x1040, 0x41C5, 0x3984, 0x3984, 0x39A5, 0x3984,
    0x18C2, 0x1061, 0x1061, 0x1081, 0x1081, 0x18C2, 0x18C2, 0x18C2, 0x10C1, 0x0881, 0x1081, 0x18A2, 0x18C2, 0x18C2, 0x18C2, 0x18A1,
    0x0860, 0x0840, 0x1081, 0x0860, 0x0840, 0x1081, 0x0861, 0x0840, 0x0040, 0x0040, 0x0860, 0x0860, 0x0860, 0x0860, 0x0860, 0x1081,
    0xA4D1, 0xE6F9, 0xFFDD, 0xFFFE, 0xFFFD, 0xFFFE, 0xFFFE, 0xFFFE, 0xFFFE, 0xFFFE, 0xFFFE, 0xFFFD, 0xFFDC, 0xFFDC, 0xFFFC, 0xFFFD,
    0xFFFD, 0xFFDD, 0xFFBB, 0xFF9A, 0xFF9A, 0xFFDC, 0xFFFD, 0xFFFD, 0xFFFD, 0xFFFC, 0xFFFC, 0xFFBB, 0xFFBB, 0xFF9B, 0xFF7A, 0xFF59,
    0xF719, 0xF719, 0xF718, 0xF719, 0xF718, 0xEE97, 0xEEB7, 0xEEB7, 0xEED7, 0xEEB7, 0xF6F8, 0xD5B3, 0xBCF0, 0xCD71, 0xE655, 0xE635,
    0xE676, 0xEED7, 0xEEB7, 0xF6D7, 0xEE96, 0xDE35, 0x93AB, 0x5122, 0xA40C, 0xE655, 0xD5D3, 0xD5D3, 0xD5D3, 0xD5D3, 0xDDF4, 0xDDF4,
    0xBD10, 0x4902, 0x48C0, 0x5942, 0x82E9, 0xB4D0, 0xB48F, 0xAC8F, 0xCD51, 0xE614, 0xE5F4, 0xE614, 0xE614, 0xDDF4, 0xDDF4, 0xD5D3,
    0xD5B3, 0xE615, 0xEE97, 0xEE96, 0xEE97, 0xE635, 0xDDD3, 0xD5B3, 0xDDF4, 0xEE76, 0xF6D7, 0xE655, 0xD5F3, 0xEEB7, 0xF6D7, 0xEEB7,
    0xEEB7, 0xEED7, 0xEEB7, 0xEEB7, 0xEED8, 0xF6F8, 0xF6F9, 0xFF7B, 0xFFBC, 0xF75A, 0xE6B7, 0xEEB7, 0xEEF8, 0xF719, 0xF6F9, 0xF6F9,
    0xEED8, 0xEEB8, 0xEED8, 0xEED8, 0xEED8, 0xEED8, 0xEEF9, 0xE6B8, 0xC593, 0x5A26, 0xEF59, 0xFFFB, 0xFFDA, 0xFFFA, 0xFFFA, 0xFFFA,
    0xFFFA, 0xFFDA, 0xFFDA, 0xFFDA, 0xFFFA, 0xFFDA, 0xFFDA, 0xFFDA, 0xFFDA, 0xFFDA, 0xFFDA, 0xFFDA, 0xFFB9, 0xFEF5, 0xFEF4, 0xFEB3,
    0xFEB3, 0xFEB3, 0xFEB3, 0xFEB3, 0xFED3, 0xFED3, 0xFEB3, 0xFEB3, 0xFED3, 0xFF15, 0xFF16, 0xFF16, 0xFF35, 0xFF15, 0xFF98, 0xFFFA,
    0xFFDB, 0xFFDB, 0xFFDB, 0xFFDB, 0xFFDA, 0xFFDB, 0xFFDB, 0xFFBB, 0xFFDB, 0xFFBA, 0xFF57, 0xFEB3, 0xFE93, 0xFEB3, 0xFEB2, 0xFEB3,
    0xFEB3, 0xFEB3, 0xFEB3, 0xFEB3, 0xFEB3, 0xFEB3, 0xFEB4, 0xFEB4, 0xFEB4, 0xFEB4, 0xFEB4, 0xFEB3, 0xFEB4, 0xFEB4, 0xFEB4, 0xFEB4,
    0xFFF9, 0xFFF9, 0xFFF9, 0xFFF9, 0xFFF9, 0xFFD9, 0xFFD9, 0xFFFB, 0x944E, 0x20A1, 0x3143, 0x39A5, 0x3984, 0x3984, 0x3164, 0x3164,
    0x3164, 0x18C2, 0x10A1, 0x10A1, 0x18C2, 0x18C2, 0x18C2, 0x18C2, 0x18C2, 0x18C2, 0x18C2, 0x18C2, 0x18C2, 0x18C2, 0x18A2, 0x18A2,
    0x1081, 0x0840, 0x0881, 0x0840, 0x0040, 0x0840, 0x0840, 0x0840, 0x0040, 0x0040, 0x0860, 0x0860, 0x0860, 0x0860, 0x0860, 0x0000,
    0x9C90, 0xEEF9, 0xFFDD, 0xFFFE, 0xFFFD, 0xFFFE, 0xFFFE, 0xFFFE, 0xFFFE, 0xFFFD, 0xFFFD, 0xFFFD, 0xFFDC, 0xFFDC, 0xFFDC, 0xFFBC,
    0xFFDC, 0xFFDC, 0xFFBB, 0xFF9A, 0xFF9B, 0xFFFC, 0xFFFD, 0xFFFD, 0xFFDD, 0xFFDB, 0xFFDB, 0xFFBB, 0xFFBB, 0xFFBB, 0xFF7A, 0xF719,
    0xF718, 0xF718, 0xF718, 0xF6F8, 0xEEB7, 0xEE97, 0xEE97, 0xEEB7, 0xEEB7, 0xEE96, 0xE676, 0xCD72, 0xA40D, 0xBCF0, 0xEE55, 0xE614,
    0xDE35, 0xDE35, 0xDE35, 0xDE35, 0xDE14, 0xE655, 0xCD92, 0x38A0, 0x6A46, 0x9BCC, 0xCD72, 0xDDF4, 0xD5D3, 0xDDF3, 0xD5D3, 0xC530,
    0x6225, 0x71C2, 0xA2C4, 0x8A43, 0x50C1, 0x48A0, 0x50C1, 0x3860, 0x8B09, 0xCD51, 0xCD10, 0xCD31, 0xCD10, 0xC4F0, 0xBCAF, 0xB46E,
    0xB48E, 0xE614, 0xE635, 0xE635, 0xE655, 0xEE76, 0xE655, 0xC510, 0xDDD3, 0xEEB7, 0xF6B7, 0xE635, 0xD5D3, 0xEEB7, 0xF6D7, 0xF6D7,
    0xEEB7, 0xEEB7, 0xE676, 0xEE97, 0xF6F8, 0xF739, 0xF719, 0xF75A, 0xFFBB, 0xF739, 0xEEB7, 0xF6F8, 0xF6F9, 0xF6F9, 0xF719, 0xF719,
    0xF6F9, 0xEED8, 0xEED8, 0xEEF8, 0xF6F9, 0xF719, 0xF719, 0xF719, 0xF719, 0xACF0, 0x83AB, 0xEF58, 0xFFFB, 0xFFDA, 0xFFFA, 0xFFFA,
    0xFFFA, 0xFFFA, 0xFFDA, 0xFFDA, 0xFFDB, 0xFFDA, 0xFFDA, 0xFFDA, 0xFFFA, 0xFFFB, 0xFFFB, 0xFFDB, 0xFFDA, 0xFFFA, 0xFF36, 0xFED3,
    0xFEF4, 0xFEF4, 0xFEF4, 0xFEF4, 0xFEF4, 0xFF78, 0xFF98, 0xFF78, 0xFF78, 0xFFDA, 0xFFFA, 0xFFFB, 0xFFFB, 0xFFFB, 0xFFDA, 0xFFDA,
    0xFFDA, 0xFFDA, 0xFFDA, 0xFFDA, 0xFFDB, 0xFFDB, 0xFFDB, 0xFFDB, 0xFFDB, 0xFFDB, 0xFFDB, 0xFF77, 0xFED3, 0xFE92, 0xFEB3, 0xFEB3,
    0xFEB3, 0xFEB3, 0xFEB3, 0xFEB3, 0xFEB3, 0xFEB3, 0xFEB4, 0xFEB4, 0xFEB4, 0xFEB4, 0xFEB4, 0xFEB4, 0xFEB4, 0xFEB4, 0xFEB4, 0xFEB4,
    0xFFF9, 0xFFF9, 0xFFF9, 0xFFF9, 0xFFF9, 0xFFF9, 0xFFD9, 0xFFFB, 0x7BAB, 0x1881, 0x39C5, 0x3184, 0x3984, 0x2923, 0x18A1, 0x2923,
    0x3164, 0x2923, 0x2103, 0x18C2, 0x18C2, 0x18C2, 0x1081, 0x1081, 0x10A1, 0x18A2, 0x18C2, 0x18C2, 0x18C2, 0x18A2, 0x18A2, 0x18C2,
    0x1081, 0x0840, 0x1081, 0x0840, 0x0040, 0x0840, 0x0840, 0x0840, 0x0040, 0x0860, 0x0860, 0x0860, 0x0860, 0x0860, 0x0860, 0x0000,
    0xA4F1, 0xFFBC, 0xFFDD, 0xFFFE, 0xFFFE, 0xFFFE, 0xFFFE, 0xFFFE, 0xFFFE, 0xFFFC, 0xFFDC, 0xFFDC, 0xFFDB, 0xFFDC, 0xFFDB, 0xF75A,
    0xF77B, 0xFFDC, 0xFFBB, 0xFF9A, 0xFF9A, 0xFFFC, 0xFFFD, 0xFFFD, 0xFFDC, 0xF75A, 0xF77A, 0xFFBB, 0xFFBB, 0xFF9B, 0xFF5A, 0xF718,
    0xF6F8, 0xF6F8, 0xF6F8, 0xEEB7, 0xEE96, 0xEE97, 0xE676, 0xE655, 0xE676, 0xDE15, 0xA42D, 0x6A67, 0x2020, 0x5A06, 0xD5D4, 0xEE96,
    0xEE76, 0xEE76, 0xEE75, 0xEE76, 0xDE14, 0xDDF3, 0xC551, 0x4922, 0x40C0, 0x3880, 0xA42D, 0xBCF0, 0xBCF0, 0xAC8E, 0x61A4, 0x5943,
    0x5942, 0x9263, 0x9A83, 0x9AA3, 0x9AA3, 0x9AA3, 0xA2C4, 0x8A63, 0x6162, 0x5942, 0x7A45, 0x8A86, 0x48C1, 0x5102, 0x5122, 0x48C1,
    0x5122, 0xC4F0, 0xEE54, 0xEE55, 0xF675, 0xEE75, 0xEE55, 0xCD31, 0xE614, 0xEE96, 0xEE97, 0xE655, 0xD5B3, 0xE614, 0xE635, 0xEE96,
    0xF6B7, 0xF6B7, 0xEE76, 0xEEB7, 0xF6F8, 0xF719, 0xF719, 0xF719, 0xF6F9, 0xF6F8, 0xF6F8, 0xF719, 0xF719, 0xF719, 0xF719, 0xF719,
    0xF6F9, 0xEED8, 0xF6D8, 0xF6F8, 0xF6F9, 0xF719, 0xF73A, 0xEEF9, 0xFF9B, 0xBD52, 0x7B09, 0xFFDB, 0xF799, 0xFFDA, 0xFFFA, 0xFFFA,
    0xFFFA, 0xFFFA, 0xFFDA, 0xFFDA, 0xFFFB, 0xFFFB, 0xFFFB, 0xFFFB, 0xFFFA, 0xFF78, 0xFF78, 0xFF78, 0xFF77, 0xFF98, 0xFF15, 0xFF14,
    0xFFB9, 0xFFBA, 0xFFB9, 0xFFD9, 0xFFBA, 0xFFDA, 0xFFDA, 0xFFFA, 0xFFFB, 0xFFDA, 0xFFDA, 0xFFDB, 0xFFDB, 0xFFDA, 0xFFDA, 0xFFDB,
    0xFFDB, 0xFFDB, 0xFFDB, 0xFFDB, 0xFFDB, 0xFFDB, 0xFFDB, 0xFFDA, 0xFFDB, 0xFFDB, 0xFFDB, 0xFFFB, 0xFF57, 0xFED4, 0xFE92, 0xFEB3,
    0xFEB3, 0xFEB3, 0xFEB3, 0xFEB3, 0xFEB3, 0xFEB4, 0xFEB4, 0xFEB4, 0xFEB4, 0xFEB4, 0xFEB4, 0xFEB4, 0xFEB4, 0xFEB4, 0xFEB4, 0xFEB4,
    0xFFF9, 0xFFD9, 0xFFD9, 0xFFD9, 0xFFD9, 0xFFD9, 0xFFD9, 0xFFFE, 0x8C0D, 0x18A1, 0x39A5, 0x3184, 0x3184, 0x2102, 0x18A1, 0x2923,
    0x3144, 0x2923, 0x2103, 0x18C2, 0x18C2, 0x1081, 0x0020, 0x0020, 0x0020, 0x0861, 0x10A2, 0x18A2, 0x18C2, 0x18C2, 0x1081, 0x0860,
    0x0860, 0x0860, 0x1081, 0x1081, 0x0861, 0x0861, 0x0840, 0x0840, 0x0840, 0x0860, 0x0860, 0x0860, 0x0860, 0x0860, 0x0861, 0x0840,
    0xAD32, 0xFFFE, 0xFFDC, 0xFFFE, 0xFFFE, 0xFFFD, 0xFFFE, 0xFFFE, 0xFFFD, 0xFFDC, 0xFFDC, 0xFFDC, 0xFFDC, 0xFF9B, 0xFF7A, 0xF75A,
    0xF75A, 0xFFDC, 0xFFDC, 0xFFDC, 0xFFDC, 0xFFFD, 0xFFFD, 0xFFFD, 0xFFBC, 0xF739, 0xF75A, 0xFFDB, 0xFFBB, 0xFFBB, 0xFFBB, 0xF719,
    0xF6D8, 0xEEB7, 0xEE97, 0xEE96, 0xEE76, 0xEE97, 0xE635, 0xCD92, 0xD5B3, 0xCD72, 0x4102, 0x38A0, 0x5142, 0x38C1, 0x6A67, 0xA44E,
    0x9BEC, 0x9BEC, 0x9BCC, 0x9BED, 0x6247, 0x3902, 0x3902, 0x7A03, 0x8A43, 0x8243, 0x5102, 0x40C1, 0x40E1, 0x40A1, 0x5941, 0x92A4,
    0xAB46, 0x9A83, 0x9A83, 0x9A83, 0xA2A3, 0xA2C4, 0xA2C3, 0xAAE4, 0xA2A3, 0xAB25, 0xD46A, 0xA2A3, 0x9AA4, 0x9AA4, 0x9263, 0xB387,
    0xA367, 0x48C1, 0x7A67, 0x7A87, 0x7A47, 0x9B8B, 0xF695, 0xB48E, 0xAC4D, 0xEE96, 0xEE96, 0xEE96, 0xDE14, 0xDDB3, 0xD5B3, 0xE635,
    0xEE76, 0xE656, 0xE635, 0xEE97, 0xF6F8, 0xF6F8, 0xF6F8, 0xF6F8, 0xF6F9, 0xF6F8, 0xF6F9, 0xEED8, 0xF6D8, 0xF719, 0xF719, 0xF71A,
    0xEEF8, 0xE697, 0xE697, 0xEEF8, 0xF719, 0xF6F9, 0xF6F9, 0xF6F9, 0xF719, 0xE676, 0x6267, 0x51E5, 0xE6F7, 0xFFFC, 0xFFDA, 0xFFFA,
    0xFFFA, 0xFFFA, 0xFFFB, 0xFFB9, 0xFF56, 0xFF57, 0xFF77, 0xFF77, 0xFF56, 0xFED4, 0xFED3, 0xFED3, 0xFED3, 0xFED3, 0xFED3, 0xFEF3,
    0xFF77, 0xFFB9, 0xFFDA, 0xFFDA, 0xFFDA, 0xFFDA, 0xFFDA, 0xFFDA, 0xFFDA, 0xFFDA, 0xFFDA, 0xFFDB, 0xFFDB, 0xFFDB, 0xFFDB, 0xFFDB,
    0xFFDB, 0xFFDB, 0xFFDB, 0xFFDB, 0xFFDB, 0xFFDB, 0xFFDB, 0xFFDB, 0xFFDB, 0xFFDB, 0xFFDB, 0xFFDA, 0xFFFB, 0xFF99, 0xFF35, 0xFEB3,
    0xFEB3, 0xFEB3, 0xFEB3, 0xFEB4, 0xFEB4, 0xFEB4, 0xFEB3, 0xFEB3, 0xFEB4, 0xFEB3, 0xFEB3, 0xFEB4, 0xFEB4, 0xFEB4, 0xFEB4, 0xFEB4,
    0xFFF9, 0xFFD9, 0xFFD9, 0xFFD9, 0xFFD9, 0xFFD9, 0xF7B9, 0xAD51, 0x5247, 0x20C2, 0x3985, 0x3184, 0x3184, 0x2102, 0x18A1, 0x2923,
    0x3164, 0x2923, 0x2103, 0x18C2, 0x18E2, 0x10A2, 0x0881, 0x0861, 0x0861, 0x0861, 0x0860, 0x0881, 0x18E2, 0x10A1, 0x0840, 0x0840,
    0x0840, 0x0840, 0x1081, 0x10A2, 0x10A2, 0x10A1, 0x0860, 0x0840, 0x0840, 0x0840, 0x0860, 0x0860, 0x0860, 0x0860, 0x0000, 0x630A,
    0xFFBC, 0xFFBB, 0xFFBB, 0xFFFD, 0xFFFE, 0xFFFD, 0xFFFD, 0xFFFD, 0xFFDC, 0xFFDC, 0xFFDB, 0xFFDB, 0xFFDB, 0xF77A, 0xF739, 0xF75A,
    0xF75A, 0xF77A, 0xFFDC, 0xFFFD, 0xFFFD, 0xFFFD, 0xFFFC, 0xFFFD, 0xFFDC, 0xF75A, 0xF739, 0xF739, 0xFF9B, 0xFFDC, 0xF77A, 0xF6F8,
    0xEEB7, 0xEEB7, 0xEE96, 0xE676, 0xDDF4, 0xDE14, 0xDDF4, 0xD5F3, 0xDDF4, 0xD5B2, 0x4123, 0x5962, 0x8223, 0x8223, 0x5942, 0x4080,
    0x40A0, 0x4080, 0x40A0, 0x4080, 0x40A0, 0x6982, 0x6982, 0x8222, 0x9243, 0x8A43, 0x8223, 0x8223, 0x8A23, 0x8A43, 0x8A23, 0xA2E5,
    0xC3C8, 0x9242, 0x9262, 0xA2E4, 0xAB04, 0xA283, 0xA2A4, 0xA2C3, 0xAB25, 0xC3C7, 0xB366, 0xAAC4, 0xAAE4, 0xB305, 0xB366, 0xC408,
    0xBBA7, 0x79C2, 0x7181, 0x7181, 0x71A1, 0x6982, 0x7A46, 0x5142, 0x5983, 0xCD51, 0xE615, 0xEEB7, 0xEE76, 0xEE76, 0xE655, 0xE635,
    0xE635, 0xDDF4, 0xD5D3, 0xDE14, 0xE635, 0xE656, 0xEE96, 0xF6F8, 0xF719, 0xF6F9, 0xF6F8, 0xE696, 0xEE96, 0xEEB7, 0xEEB7, 0xEED8,
    0xEEB7, 0xE696, 0xE676, 0xEEB7, 0xEEF8, 0xEEB7, 0xEE97, 0xEEB7, 0xEEB7, 0xEED8, 0xDE35, 0xB4F1, 0x72E9, 0xD654, 0xFFFA, 0xFF97,
    0xFF77, 0xFF77, 0xFF77, 0xFF35, 0xFED3, 0xFED3, 0xFED3, 0xFED3, 0xFED3, 0xFED3, 0xFED3, 0xFED3, 0xFED3, 0xFED3, 0xFED3, 0xFED3,
    0xFED3, 0xFF76, 0xFFD9, 0xFFBA, 0xFFDA, 0xFFDA, 0xFFDA, 0xFFDA, 0xFFDA, 0xFFDA, 0xFFDA, 0xFFDA, 0xFFDB, 0xFFDB, 0xFFDB, 0xFFDA,
    0xFFDB, 0xFFDB, 0xFFDB, 0xFFDB, 0xFFDB, 0xFFDB, 0xFFDB, 0xFFDB, 0xFFDB, 0xFFDB, 0xFFDB, 0xFFDB, 0xFFDB, 0xFFDB, 0xFFDA, 0xFF15,
    0xFED3, 0xFEB3, 0xFEB3, 0xFED4, 0xFED4, 0xFEB4, 0xFEB3, 0xFEB3, 0xFEB3, 0xFEB3, 0xFEB3, 0xFEB3, 0xFEB3, 0xFEB3, 0xFEB3, 0xFEB3,
    0xFFF9, 0xFFD9, 0xFFD9, 0xFFD9, 0xFFD9, 0xFFD9, 0xF779, 0x3103, 0x20A1, 0x3164, 0x3184, 0x3184, 0x3164, 0x2102, 0x18A1, 0x18C1,
    0x2923, 0x2923, 0x2103, 0x18C2, 0x18C2, 0x18E2, 0x18C2, 0x18C2, 0x18C2, 0x18C2, 0x10A2, 0x0860, 0x0860, 0x0840, 0x0860, 0x0860,
    0x0860, 0x0860, 0x1081, 0x10A1, 0x10A1, 0x10A1, 0x10A1, 0x1081, 0x0840, 0x0840, 0x0860, 0x0860, 0x0860, 0x1081, 0x0020, 0x736C,
    0xFFFE, 0xFF9B, 0xFFBB, 0xFFFD, 0xFFFE, 0xFFFD, 0xFFFD, 0xFFDC, 0xFF9B, 0xFFBB, 0xFFBB, 0xFF9B, 0xF77A, 0xF75A, 0xF75A, 0xF739,
    0xF739, 0xF739, 0xFF9B, 0xFFDC, 0xFFBB, 0xFFBC, 0xFFDC, 0xFFDC, 0xFFBB, 0xF739, 0xF719, 0xF6F9, 0xF75A, 0xF77B, 0xEED8, 0xEED7,
    0xEEB7, 0xEE97, 0xE655, 0xDE15, 0xD5D3, 0xD5D4, 0xD5B3, 0xBCF0, 0xBCD0, 0xB46F, 0x40E2, 0x5942, 0x8223, 0x7A03, 0x8223, 0x8243,
    0x7A24, 0x7A44, 0x7A24, 0x8243, 0x8244, 0x8243, 0x8A43, 0x9263, 0x9264, 0x9284, 0x8A22, 0x8A22, 0x8A42, 0x9AA3, 0x9242, 0xA2C4,
    0xCC08, 0xA2C4, 0xA2C3, 0xC3A6, 0xC3C6, 0x9A83, 0xA2C4, 0xA2A3, 0xC3E7, 0xBBC7, 0xAAC4, 0xB325, 0xAAE4, 0xC3C7, 0xD4CB, 0xA2C3,
    0xA2C3, 0xB325, 0xB324, 0xB324, 0xB345, 0x9A83, 0x6941, 0x71A2, 0x79E3, 0x5941, 0xB44E, 0xEE56, 0xDDF4, 0xDDF4, 0xDDF4, 0xDDB3,
    0xD592, 0xD572, 0xDDD3, 0xD5D3, 0xD5D3, 0xE635, 0xEE76, 0xEE76, 0xEE96, 0xE676, 0xE655, 0xE655, 0xE655, 0xE676, 0xEE96, 0xEE96,
    0xE696, 0xEE96, 0xEE96, 0xEE97, 0xE697, 0xEE97, 0xEE97, 0xEE97, 0xEEB7, 0xEE97, 0xFF39, 0xDE15, 0x4102, 0xBD10, 0xF797, 0xFF14,
    0xFEF3, 0xFEF3, 0xFEF3, 0xFEF3, 0xFEF3, 0xFEF3, 0xFEF3, 0xFED3, 0xFED3, 0xFED3, 0xFED3, 0xFED3, 0xFED3, 0xFED3, 0xFED3, 0xFED3,
    0xFED3, 0xFED3, 0xFF56, 0xFFBA, 0xFFDA, 0xFFDA, 0xFFDA, 0xFFDA, 0xFFDA, 0xFFDA, 0xFFDA, 0xFFDA, 0xFFDB, 0xFFDB, 0xFFDB, 0xFFDB,
    0xFFDB, 0xFFDB, 0xFFDB, 0xFFDB, 0xFFDB, 0xFFDB, 0xFFDB, 0xFFDB, 0xFFDB, 0xFFDB, 0xFFDB, 0xFFDB, 0xFFDB, 0xFFDB, 0xFFDB, 0xFFFB,
    0xFF16, 0xFEB3, 0xFED4, 0xFED4, 0xFED4, 0xFEB4, 0xFEB4, 0xFEB3, 0xFEB3, 0xFEB3, 0xFEB3, 0xFEB3, 0xFEB3, 0xFEB3, 0xFEB3, 0xFE93,
    0xFFFA, 0xFFFA, 0xFFD9, 0xFFD9, 0xFFD9, 0xFFFB, 0xFFD9, 0x39A5, 0x3164, 0x3985, 0x3164, 0x3164, 0x3164, 0x2102, 0x18C2, 0x10A2,
    0x10A2, 0x18A2, 0x18C2, 0x18C2, 0x18C2, 0x18C2, 0x18C2, 0x18C2, 0x18C2, 0x18C2, 0x18C2, 0x10A1, 0x0840, 0x0040, 0x0860, 0x0860,
    0x0860, 0x0881, 0x10A1, 0x10A1, 0x10A1, 0x10A1, 0x0881, 0x0840, 0x0840, 0x0840, 0x0860, 0x0840, 0x1060, 0xBDB5, 0xDEB9, 0xE6F9,
    0xFF7B, 0xFF7A, 0xFF9B, 0xFFDC, 0xFFDC, 0xFFDC, 0xFFDC, 0xFF9B, 0xFF5A, 0xFF7A, 0xFF7A, 0xFF7A, 0xF75A, 0xF739, 0xF73A, 0xF739,
    0xF75A, 0xF739, 0xF73A, 0xF75A, 0xFF9B, 0xFF7A, 0xF739, 0xF739, 0xF719, 0xF719, 0xF6F9, 0xF6F9, 0xF6D9, 0xEED8, 0xEED8, 0xEEB8,
    0xF6D8, 0xE635, 0xD5D3, 0xE635, 0xE635, 0xE635, 0xDE14, 0x5984, 0x3840, 0x4080, 0x71C3, 0x8223, 0x8223, 0x8223, 0x8222, 0x7A23,
    0x7A03, 0x7A23, 0x8223, 0x8A43, 0x8223, 0x8A43, 0x9AC5, 0xA2E4, 0xA2E5, 0xA2E5, 0x9AC4, 0x8A63, 0x8202, 0xA2E5, 0x9AA3, 0x9AC4,
    0xDCAA, 0xC3E7, 0xC3E7, 0xCC28, 0xCBE7, 0xB325, 0xB325, 0xB325, 0xCC48, 0xB325, 0xB325, 0xAAC3, 0xC3E7, 0xCC28, 0xAB24, 0xBB65,
    0xB365, 0xB325, 0xAB04, 0xA2C3, 0xA283, 0xAB25, 0xBB86, 0xC3E7, 0xBBC7, 0x71A2, 0x5922, 0x5963, 0x5942, 0x5942, 0x5142, 0x5122,
    0x48E2, 0x61C4, 0xD571, 0xD5B3, 0xDDD4, 0xDDD4, 0xD5F3, 0xDE14, 0xE676, 0xE655, 0xE634, 0xE635, 0xE635, 0xE655, 0xE676, 0xEE96,
    0xEE96, 0xEE96, 0xEE96, 0xEE97, 0xEE97, 0xEE97, 0xEEB7, 0xEE97, 0xEEB7, 0xEEB7, 0xEEB7, 0xE697, 0xFF39, 0x834B, 0x8B48, 0xFF75,
    0xFEF3, 0xFEF3, 0xFEF3, 0xFEF3, 0xFEF3, 0xFEF3, 0xFED3, 0xFED3, 0xFED3, 0xFED3, 0xFED3, 0xFED3, 0xFED3, 0xFED3, 0xFED3, 0xFED3,
    0xFED3, 0xFED3, 0xFED3, 0xFF56, 0xFFB9, 0xFFDA, 0xFFDA, 0xFFDA, 0xFFDA, 0xFFDA, 0xFFDA, 0xFFDA, 0xFFDB, 0xFFDB, 0xFFDB, 0xFFDB,
    0xFFDB, 0xFFDB, 0xFFDB, 0xFFDB, 0xFFDB, 0xFFDB, 0xFFDB, 0xFFFB, 0xFFFB, 0xFFDB, 0xFFDB, 0xFFDB, 0xFFDB, 0xFFDB, 0xFFDB, 0xFFDB,
    0xFFDA, 0xFF57, 0xFEB3, 0xFED4, 0xFED3, 0xFEB3, 0xFEB3, 0xFEB3, 0xFEB3, 0xFEB3, 0xFEB3, 0xFEB3, 0xFEB3, 0xFEB3, 0xFEB3, 0xFEB3,
    0xFFFA, 0xFFDA, 0xFFD9, 0xFFFB, 0xEF58, 0x6B29, 0x5A87, 0x20C2, 0x3164, 0x3985, 0x3164, 0x20E2, 0x2103, 0x20E2, 0x18C2, 0x10A2,
    0x10A2, 0x10A1, 0x10A2, 0x18C2, 0x18C2, 0x18C2, 0x18C2, 0x18C2, 0x18C2, 0x18C2, 0x18C2, 0x10A2, 0x0840, 0x0840, 0x0840, 0x0860,
    0x0860, 0x0860, 0x0860, 0x0861, 0x0860, 0x0881, 0x0860, 0x0840, 0x0840, 0x0840, 0x0020, 0x0840, 0x9CB0, 0xFFDD, 0xFFFD, 0xFFFD,
    0xFFBC, 0xFFDD, 0xF75A, 0xF73A, 0xF73A, 0xFF5A, 0xFF5A, 0xFF5A, 0xFF5A, 0xFF5A, 0xFF3A, 0xFF39, 0xFF39, 0xF739, 0xF73A, 0xF739,
    0xF719, 0xF719, 0xF719, 0xF719, 0xF719, 0xF719, 0xF719, 0xF719, 0xF6F8, 0xF6F8, 0xF6F8, 0xEED8, 0xEE97, 0xEEB7, 0xEE97, 0xEE76,
    0xEE76, 0xE655, 0xCD92, 0x8309, 0x7AA8, 0x7AA8, 0x7287, 0x69A3, 0x8A43, 0x8223, 0x8A63, 0x8A43, 0x8223, 0x8223, 0x8223, 0x8223,
    0x7A03, 0x7203, 0x8A64, 0x9AE5, 0x9284, 0x92A4, 0x9AE5, 0x9AC4, 0x9AC4, 0x9AC4, 0xAB46, 0xA305, 0x8A22, 0xAB25, 0xB386, 0xAB46,
    0xDCAA, 0xC3C7, 0xC3C7, 0xCC28, 0xCC48, 0xCBE7, 0xBB25, 0xD469, 0xCC48, 0xBB45, 0xBB66, 0xD4AA, 0xC3E7, 0xBBC6, 0xBB86, 0xB365,
    0xBB65, 0xB345, 0xAAC3, 0xB387, 0xBC09, 0xD4AB, 0xCC6A, 0x9243, 0x9223, 0xAB26, 0xB366, 0xB346, 0xB346, 0xB346, 0xB366, 0xB366,
    0xB367, 0x7183, 0x5943, 0xB46F, 0xD5B3, 0xCD51, 0xCD72, 0xCD72, 0xD592, 0xD5D3, 0xE635, 0xE634, 0xE635, 0xE635, 0xE655, 0xE676,
    0xEE96, 0xEE96, 0xEE96, 0xEE97, 0xEE97, 0xEE97, 0xEEB7, 0xEEB7, 0xEEB7, 0xEEB7, 0xEEB7, 0xEE97, 0xFF5A, 0x7B2B, 0x7AE7, 0xFF75,
    0xFED3, 0xFEF3, 0xFEF3, 0xFEF3, 0xFEF3, 0xFEF3, 0xFEF3, 0xFED3, 0xFED3, 0xFED3, 0xFED3, 0xFED3, 0xFED3, 0xFED3, 0xFED3, 0xFED3,
    0xFED3, 0xFED3, 0xFED3, 0xFED3, 0xFF77, 0xFFB9, 0xFFDA, 0xFFDA, 0xFFDA, 0xFFDA, 0xFFDA, 0xFFDB, 0xFFDB, 0xFFDB, 0xFFDB, 0xFFDB,
    0xFFDB, 0xFFDB, 0xFFDB, 0xFFDB, 0xFFDB, 0xFFDB, 0xFFFB, 0xFFFB, 0xFFFB, 0xFFDB, 0xFFDB, 0xFFFB, 0xFFDB, 0xFFDB, 0xFFDB, 0xFFDB,
    0xFFFB, 0xFF99, 0xFF15, 0xFED4, 0xFEB3, 0xFED3, 0xFEB3, 0xFEB3, 0xFEB3, 0xFEB3, 0xFEB3, 0xFEB3, 0xFEB3, 0xFEB3, 0xFEB3, 0xFE93,
    0xFFDA, 0xFFFA, 0xFFB9, 0xD696, 0x83EC, 0x20C1, 0x20C2, 0x2903, 0x3984, 0x3164, 0x2903, 0x18A1, 0x18A1, 0x20E2, 0x18C2, 0x1081,
    0x0881, 0x0861, 0x1081, 0x18C2, 0x18C2, 0x18C2, 0x18C2, 0x18C2, 0x18C2, 0x18C2, 0x10A2, 0x1081, 0x0840, 0x0840, 0x0840, 0x0860,
    0x0860, 0x0860, 0x0860, 0x0840, 0x0840, 0x0860, 0x0840, 0x0840, 0x0840, 0x10A1, 0x10A1, 0x2103, 0xDEB8, 0xF73A, 0xEF19, 0xFFFD,
    0xFFFE, 0xFFFE, 0xFF9C, 0xFF9B, 0xFF7A, 0xFF3A, 0xFF3A, 0xFF5A, 0xF739, 0xF739, 0xF739, 0xF739, 0xF739, 0xF739, 0xF73A, 0xF719,
    0xEEF8, 0xEEF8, 0xF6F8, 0xF6F8, 0xEED8, 0xEED8, 0xEED8, 0xEED8, 0xEED7, 0xEEB7, 0xEEB7, 0xEEB7, 0xEE96, 0xE656, 0xE635, 0xE615,
    0xDE14, 0xEE96, 0xB48E, 0x3020, 0x50E0, 0x6121, 0x5900, 0x79C2, 0xA2C3, 0x9AA3, 0x9283, 0x9263, 0x8A63, 0x8A63, 0xA306, 0x8A84,
    0x7A23, 0x7A23, 0x8A84, 0x9AE5, 0x9AE5, 0x9AE5, 0x9AE5, 0xA305, 0xA305, 0xA305, 0xAB46, 0xB387, 0xB346, 0xC3C7, 0xC3E8, 0xB386,
    0xDCCA, 0xC3E7, 0xC3C7, 0xCC28, 0xD489, 0xD468, 0xBB66, 0xCC28, 0xC3C7, 0xC386, 0xCC07, 0xE56C, 0xC3C6, 0xC3E7, 0xBBC6, 0xBB85,
    0xBB45, 0xBB66, 0xC408, 0xCC8B, 0xD4EC, 0xBB86, 0xBB65, 0xBB66, 0xBB66, 0xC3A7, 0xCBC7, 0xC3C7, 0xC3C7, 0xC3E7, 0xCBC7, 0xCBE7,
    0xC3C7, 0x8203, 0x71A2, 0x8245, 0x7A25, 0x7A25, 0xABEC, 0xCD31, 0xD593, 0xDDB3, 0xDE14, 0xE614, 0xDDF4, 0xE635, 0xE635, 0xE676,
    0xEE96, 0xEE96, 0xEE96, 0xEE97, 0xEE97, 0xEEB7, 0xEEB7, 0xEEB7, 0xEEB7, 0xEEB7, 0xEEB7, 0xEEB7, 0xFF39, 0x836B, 0x8328, 0xFF55,
    0xFED3, 0xFEF3, 0xFEF3, 0xFEF3, 0xFEF3, 0xFEF3, 0xFEF3, 0xFED3, 0xFED3, 0xFED3, 0xFED3, 0xFED3, 0xFED3, 0xFED3, 0xFED3, 0xFED3,
    0xFED3, 0xFED3, 0xFED3, 0xFED3, 0xFED3, 0xFF36, 0xFFDB, 0xFFDB, 0xFFDA, 0xFFDA, 0xFFDA, 0xFFDB, 0xFFDB, 0xFFDB, 0xFFDB, 0xFFDB,
    0xFFDB, 0xFFDB, 0xFFDB, 0xFFFB, 0xFFDB, 0xFFFB, 0xFFFB, 0xFFFB, 0xFFFB, 0xFFDB, 0xFFDB, 0xFFFB, 0xFFDB, 0xFFDB, 0xFFDB, 0xFFDB,
    0xFFDA, 0xFFDA, 0xFFDA, 0xFF36, 0xFED4, 0xFEB3, 0xFEB3, 0xFEB3, 0xFEB3, 0xFEB3, 0xFEB3, 0xFEB3, 0xFEB3, 0xFEB3, 0xFEB3, 0xFE93,
    0xFFD9, 0xFFF9, 0xF778, 0x3984, 0x2923, 0x4206, 0x41C5, 0x39A5, 0x3985, 0x2903, 0x1081, 0x18A1, 0x10A1, 0x18C2, 0x18A1, 0x0861,
    0x0861, 0x0860, 0x1081, 0x18C2, 0x18C2, 0x18C2, 0x18C2, 0x18C2, 0x18C2, 0x18C2, 0x10A2, 0x0040, 0x0040, 0x0840, 0x0840, 0x0860,
    0x0840, 0x0840, 0x0860, 0x0860, 0x0840, 0x0860, 0x0860, 0x0840, 0x0860, 0x4206, 0x4207, 0x4227, 0x5AA8, 0xCDD4, 0xEED8, 0xFF9B,
    0xFFBC, 0xFFBC, 0xFFBC, 0xFFBB, 0xFF9B, 0xF739, 0xF73A, 0xF73A, 0xF73A, 0xF739, 0xF739, 0xF739, 0xF739, 0xF739, 0xF739, 0xF6F8,
    0xF6F9, 0xEEF8, 0xEEF8, 0xEEF8, 0xEED8, 0xEEB7, 0xEEB7, 0xEEB7, 0xEEB7, 0xEEB7, 0xEE97, 0xEE97, 0xE656, 0xE635, 0xE635, 0xE655,
    0xD5B3, 0xD592, 0xA3CB, 0x5901, 0x8A63, 0xA2C4, 0xA2C4, 0x9AA3, 0x9283, 0x9283, 0x9263, 0xAB46, 0xAB26, 0x9AC4, 0xA326, 0x92A5,
    0x8244, 0x7A43, 0x8A84, 0x9AE5, 0x9AC5, 0x9AE5, 0x9AE4, 0xB386, 0xC408, 0xC408, 0xB387, 0xBBA7, 0xCC08, 0xD449, 0xC3E7, 0xBBA7,
    0xDCAA, 0xC3E7, 0xCC08, 0xD468, 0xD489, 0xD468, 0xC3C7, 0xCC28, 0xBB86, 0xD469, 0xE54C, 0xBBA6, 0xC3E7, 0xCC28, 0xC3E7, 0xC3A6,
    0xC408, 0xD4AA, 0xED6D, 0xBBC8, 0xB345, 0xBB86, 0xBB86, 0xC386, 0xC386, 0xC386, 0xC3A7, 0xC3A7, 0xC3A6, 0xC3A7, 0xC3A7, 0xC3A6,
    0xC3A7, 0xC3E8, 0xD469, 0x9A84, 0x6942, 0x79A2, 0x8265, 0x9329, 0xA3AB, 0x9BAB, 0xC510, 0xCD31, 0xCD51, 0xE635, 0xE635, 0xE655,
    0xEE76, 0xEE97, 0xEE97, 0xEE96, 0xEE97, 0xEE97, 0xEEB7, 0xEEB7, 0xEEB7, 0xEEB7, 0xEEB7, 0xEE97, 0xFF5A, 0x7B0A, 0x8307, 0xFFD7,
    0xFED3, 0xFED3, 0xFEF3, 0xFEF3, 0xFEF3, 0xFEF3, 0xFEF4, 0xFEF3, 0xFED3, 0xFED3, 0xFED3, 0xFED3, 0xFED3, 0xFED3, 0xFED3, 0xFED3,
    0xFED3, 0xFED3, 0xFED3, 0xFED3, 0xFED2, 0xFED3, 0xFF56, 0xFFDA, 0xFFDB, 0xFFDA, 0xFFDB, 0xFFDB, 0xFFDB, 0xFFDB, 0xFFDB, 0xFFDB,
    0xFFDB, 0xFFDB, 0xFFDB, 0xFFFB, 0xFFFB, 0xFFFB, 0xFFFB, 0xFFFB, 0xFFDB, 0xFFDB, 0xFFDB, 0xFFDB, 0xFFDB, 0xFFDB, 0xFFDB, 0xFFDB,
    0xFFDA, 0xFFDA, 0xFFDA, 0xFFDA, 0xFF56, 0xFE92, 0xFEB3, 0xFEB3, 0xFEB3, 0xFEB3, 0xFEB2, 0xFEB2, 0xFE92, 0xFEB3, 0xFEB3, 0xFE93,
    0xFFD9, 0xFFF9, 0xF778, 0x41C5, 0x2944, 0x39C5, 0x3984, 0x3984, 0x3164, 0x18C2, 0x18A1, 0x18A1, 0x10A1, 0x18C2, 0x10A1, 0x0860,
    0x0861, 0x1081, 0x18A2, 0x18C2, 0x1081, 0x10A1, 0x18C2, 0x18C2, 0x18C2, 0x18C2, 0x10A2, 0x0840, 0x0840, 0x0840, 0x0040, 0x0040,
    0x0840, 0x0840, 0x0860, 0x0840, 0x2103, 0x2964, 0x2944, 0x2944, 0x18E2, 0x0020, 0x0040, 0x0000, 0x1060, 0xD5F5, 0xEEB7, 0xF719,
    0xF739, 0xF739, 0xF739, 0xF739, 0xF739, 0xF739, 0xF739, 0xF739, 0xF73A, 0xF73A, 0xF739, 0xF739, 0xF739, 0xF73A, 0xF739, 0xF6F9,
    0xF6F9, 0xEEF9, 0xF6F8, 0xEEF8, 0xEED7, 0xE655, 0xDE35, 0xDE35, 0xE676, 0xEE96, 0xE655, 0xDE35, 0xDE14, 0xDE14, 0xDDF4, 0xE655,
    0x936A, 0x3060, 0x4902, 0x9AA4, 0x9AA3, 0x9A83, 0x9A83, 0x9A83, 0x9283, 0x9283, 0xAB25, 0xB386, 0xB386, 0xA326, 0xA305, 0x92A4,
    0x8243, 0x8243, 0x8A64, 0xA305, 0xBBC7, 0xA305, 0xB386, 0xBBC7, 0xCC28, 0xD449, 0xBBC7, 0xC3C7, 0xCC08, 0xDCCA, 0xDCCA, 0xD469,
    0xC408, 0xC3E7, 0xCC48, 0xD489, 0xD489, 0xD4A9, 0xD469, 0xC3C7, 0xCC08, 0xDD0B, 0xD4AA, 0xC3E7, 0xC408, 0xCC28, 0xC3E7, 0xC408,
    0xE52C, 0xED4C, 0xC3C7, 0xBBA7, 0xCC08, 0xCC28, 0xC3C7, 0xBB86, 0xC3C6, 0xC3C7, 0xC3A6, 0xC3A6, 0xC3A6, 0xBB86, 0xBB86, 0xBB86,
    0xC3A7, 0xCBE7, 0xD428, 0xC408, 0xBBE8, 0xCC2A, 0x8245, 0x5921, 0x69A3, 0x69E4, 0xC4CF, 0xCD10, 0xC510, 0xD5D3, 0xEE76, 0xE655,
    0xE655, 0xE656, 0xE676, 0xEE97, 0xEE97, 0xEE97, 0xEE97, 0xEE97, 0xEE97, 0xEEB7, 0xEEB7, 0xEE97, 0xF719, 0xA48F, 0x93AB, 0xB4CE,
    0xF6B3, 0xFEF3, 0xFED3, 0xFEF3, 0xFEF3, 0xFEF4, 0xFEF4, 0xFEF4, 0xFEF3, 0xFEF3, 0xFED3, 0xFED3, 0xFED3, 0xFED3, 0xFED3, 0xFED3,
    0xFED3, 0xFED3, 0xFED3, 0xFED3, 0xFED3, 0xFEB2, 0xFED2, 0xFF56, 0xFFBA, 0xFFDB, 0xFFDB, 0xFFDB, 0xFFDB, 0xFFDB, 0xFFDB, 0xFFDB,
    0xFFDA, 0xFFDA, 0xFFDA, 0xFFDB, 0xFFDB, 0xFFFB, 0xFFFB, 0xFFFB, 0xFFDB, 0xFFDB, 0xFFDB, 0xFFDB, 0xFFDB, 0xFFDB, 0xFFDB, 0xFFDB,
    0xFFDA, 0xFFDA, 0xFFDA, 0xFFDB, 0xFF99, 0xFF36, 0xFEF4, 0xFEB3, 0xFEB3, 0xFEB3, 0xFEB3, 0xFEB2, 0xFEB2, 0xFE93, 0xFEB3, 0xFEB3,
    0xFF96, 0xFFB7, 0xF777, 0x39A4, 0x20C2, 0x3143, 0x3143, 0x3985, 0x2103, 0x10A1, 0x18A2, 0x10A1, 0x1081, 0x18C2, 0x18A2, 0x0861,
    0x0860, 0x1081, 0x18C2, 0x18C2, 0x1081, 0x1081, 0x1081, 0x1081, 0x0881, 0x0881, 0x0861, 0x0840, 0x0840, 0x0840, 0x0040, 0x0040,
    0x0040, 0x0040, 0x0840, 0x0840, 0x0860, 0x0860, 0x0840, 0x0840, 0x0840, 0x0860, 0x0000, 0x18C2, 0xA48F, 0xDE35, 0xE676, 0xE697,
    0xF6F8, 0xF739, 0xF739, 0xF739, 0xF759, 0xF75A, 0xF75A, 0xF75A, 0xF75A, 0xF75A, 0xF73A, 0xF739, 0xF739, 0xF73A, 0xFF3A, 0xF6F8,
    0xEED8, 0xEED8, 0xEED7, 0xEED7, 0xEED8, 0xE676, 0xDE14, 0xD5F4, 0xDDF4, 0xDE14, 0xE634, 0xDDF4, 0xDDF4, 0xE634, 0xE634, 0x61C5,
    0x6963, 0x8A43, 0x8A43, 0x9A83, 0xAB05, 0xB346, 0xAB45, 0xA2C4, 0xA2C4, 0xA2C4, 0xB386, 0xB386, 0xBBC7, 0xBBC7, 0xAB66, 0x92A4,
    0x8243, 0x8263, 0x8264, 0xA305, 0xC407, 0xAB25, 0xBBC7, 0xC3E7, 0xCC28, 0xD48A, 0xCC28, 0xC3E7, 0xCC28, 0xDCCA, 0xED2B, 0xD48A,
    0xC3E8, 0xC3C7, 0xCC28, 0xD489, 0xD489, 0xD489, 0xCC48, 0xCBE8, 0xDCCA, 0xDCEA, 0xC3C7, 0xCC08, 0xCC08, 0xCC49, 0xD4AA, 0xED6C,
    0xD469, 0xD469, 0xD449, 0xC3C7, 0xCC48, 0xD448, 0xC3C7, 0xC3A6, 0xCC08, 0xCC07, 0xC3A6, 0xC3C6, 0xC3A7, 0xB345, 0xAB25, 0xBBA6,
    0xC3E7, 0xC3E7, 0xC3E7, 0xCC29, 0xCC6A, 0xD4AA, 0xAB88, 0x92E7, 0x9B48, 0x9307, 0x7A66, 0x9BAA, 0xCD51, 0xC530, 0xD592, 0xE655,
    0xE655, 0xE635, 0xE655, 0xDE35, 0xDE15, 0xE676, 0xEE97, 0xEE97, 0xEE97, 0xEEB7, 0xEEB7, 0xEEB7, 0xEE97, 0xFF7A, 0xC552, 0x30A0,
    0xFF35, 0xFF14, 0xFED3, 0xFEF3, 0xFEF3, 0xFEF3, 0xFED3, 0xFED3, 0xFEF3, 0xFED3, 0xFED3, 0xFED3, 0xFED3, 0xFED3, 0xFED3, 0xFED3,
    0xFED3, 0xFED3, 0xFED3, 0xFED3, 0xFEB3, 0xFED3, 0xFED2, 0xFEB2, 0xFF56, 0xFFB9, 0xFFDB, 0xFFDB, 0xFFDB, 0xFFDB, 0xFFDB, 0xFFDB,
    0xFFDA, 0xFFDA, 0xFFDA, 0xFFDA, 0xFFDA, 0xFFDB, 0xFFFB, 0xFFFB, 0xFFDB, 0xFFDB, 0xFFDB, 0xFFFB, 0xFFDA, 0xFFDA, 0xFFDA, 0xFFDA,
    0xFFDA, 0xFFDA, 0xFFDA, 0xFFDA, 0xFFDA, 0xFFFA, 0xFF36, 0xFEB3, 0xFEB3, 0xFEB3, 0xFEB3, 0xFEB3, 0xFEB3, 0xFEB3, 0xFEB2, 0xFE92,
    0xFEF2, 0xFF14, 0xF755, 0xACF0, 0x5246, 0x18A1, 0x3164, 0x39A5, 0x2103, 0x18A1, 0x18A1, 0x0860, 0x0860, 0x10A2, 0x10A2, 0x0860,
    0x0860, 0x10A2, 0x18C2, 0x18C2, 0x10A1, 0x0881, 0x0860, 0x0860, 0x0860, 0x0860, 0x0860, 0x0860, 0x0840, 0x0040, 0x0040, 0x0040,
    0x0040, 0x0040, 0x0040, 0x0040, 0x0040, 0x0040, 0x0040, 0x0040, 0x0860, 0x0020, 0x2924, 0x9C6F, 0xEEB7, 0xDE76, 0xF739, 0xF719,
    0xF739, 0xF739, 0xF739, 0xF739, 0xFF9B, 0xFFFD, 0xFFFD, 0xFFFD, 0xFFFD, 0xFFBC, 0xF739, 0xF739, 0xF739, 0xF739, 0xF719, 0xEED8,
    0xEEB7, 0xEE97, 0xEE97, 0xEEB7, 0xF6F8, 0xEE96, 0xDE14, 0xDE14, 0xDE35, 0xD5D3, 0xC530, 0xE634, 0xEE96, 0xCD52, 0x6A26, 0x5122,
    0x79C2, 0xAAE4, 0xAAC4, 0xA2A3, 0xB366, 0xCC08, 0xC408, 0xB366, 0xB386, 0xAB25, 0xC3C7, 0xC408, 0xCC08, 0xD469, 0xBBC7, 0x92A4,
    0x8A84, 0x8A84, 0x8264, 0xA305, 0xC407, 0xBBC7, 0xC3E7, 0xC3C7, 0xCC28, 0xDCAA, 0xD449, 0xC3E7, 0xCC28, 0xDCCA, 0xE50B, 0xD48A,
    0xC3E7, 0xBB86, 0xCC08, 0xD489, 0xDCA9, 0xDCA9, 0xCBE8, 0xCC49, 0xE58D, 0xCC28, 0xCC28, 0xCC28, 0xC3E7, 0xE5AE, 0xE5AE, 0xD448,
    0xD469, 0xDC8A, 0xD449, 0xCBE8, 0xD469, 0xD428, 0xBB86, 0xC3A6, 0xCC27, 0xC3C7, 0xC3A7, 0xD448, 0xC3A7, 0xB345, 0xB366, 0xC407,
    0xB366, 0x8A22, 0x8A22, 0x9AA5, 0xAB47, 0xAB68, 0xBBEA, 0xBC2B, 0xBC4B, 0xBC0B, 0x71E4, 0x7205, 0x9B4A, 0xBCCF, 0xBCCF, 0xE614,
    0xE656, 0xE655, 0xE635, 0xDDF4, 0xD5F4, 0xE655, 0xEE97, 0xEE97, 0xEE97, 0xEE97, 0xEEB7, 0xEEB7, 0xEEB8, 0xF6D8, 0xDE15, 0x9C0D,
    0x834A, 0xCD90, 0xFF34, 0xFED3, 0xFED3, 0xFED3, 0xFED3, 0xFED3, 0xFED3, 0xFED3, 0xFED3, 0xFED3, 0xFED3, 0xFED3, 0xFEB3, 0xFEB3,
    0xFED3, 0xFED3, 0xFED3, 0xFED3, 0xFED3, 0xFEB3, 0xFED3, 0xFED3, 0xFEB2, 0xFF36, 0xFFDA, 0xFFDB, 0xFFDB, 0xFFDA, 0xFFDA, 0xFFDA,
    0xFFDA, 0xFFDA, 0xFFDA, 0xFFDA, 0xFFDA, 0xFFDB, 0xFFDB, 0xFFDB, 0xFFDB, 0xFFDB, 0xFFDB, 0xFFFB, 0xFFDA, 0xFFDA, 0xFFDA, 0xFFDA,
    0xFFDA, 0xFFDA, 0xFFDA, 0xFFDA, 0xFFDA, 0xFFDA, 0xFFDA, 0xFF77, 0xFEB3, 0xFEB3, 0xFED3, 0xFED3, 0xFED3, 0xFEB3, 0xFEF4, 0xFF57,
    0xFF13, 0xFF14, 0xEEB3, 0x49C4, 0x20C1, 0x3143, 0x39A5, 0x3985, 0x20E2, 0x10A1, 0x10A1, 0x0860, 0x0860, 0x0861, 0x0861, 0x1061,
    0x0861, 0x18A2, 0x18A2, 0x10A1, 0x10A1, 0x1081, 0x0860, 0x0860, 0x0860, 0x0860, 0x0860, 0x0860, 0x0860, 0x0040, 0x0040, 0x0040,
    0x0040, 0x0040, 0x0040, 0x0040, 0x0040, 0x0040, 0x0040, 0x0040, 0x0860, 0x0000, 0x5248, 0xEEF8, 0xE6B7, 0xEF19, 0xFFFC, 0xFFDD,
    0xFFDC, 0xFFBC, 0xFF9B, 0xFFBB, 0xFFFD, 0xFFFD, 0xFFFD, 0xFFDD, 0xFF9B, 0xF77A, 0xF739, 0xF719, 0xF739, 0xF719, 0xEEB7, 0xEEB7,
    0xEEB7, 0xEE96, 0xEE96, 0xEEB7, 0xEEB7, 0xEE96, 0xDE14, 0xD5B3, 0xDDF3, 0xDDD2, 0x82E7, 0x7287, 0x8B29, 0x7A67, 0x7A04, 0x9AA4,
    0xA2A4, 0xA2C4, 0xA2C4, 0xA2E4, 0xBBA7, 0xD449, 0xCC29, 0xCC49, 0xD449, 0xBBA7, 0xC3C7, 0xD469, 0xD489, 0xD4AA, 0xCC69, 0xB387,
    0xAB66, 0xAB67, 0x92C4, 0xA325, 0xBBC7, 0xC408, 0xC3E7, 0xC407, 0xD469, 0xDCAA, 0xD469, 0xC3E7, 0xDC89, 0xE50A, 0xE50B, 0xD489,
    0xCC28, 0xBBC7, 0xCC08, 0xD469, 0xDC89, 0xCC28, 0xCC69, 0xD4CB, 0xDD0B, 0xCC49, 0xCC28, 0xC408, 0xE58D, 0xE58D, 0xD469, 0xD489,
    0xD489, 0xDCAA, 0xD469, 0xCC08, 0xDC89, 0xD428, 0xC3A6, 0xD428, 0xCBE7, 0xC3A7, 0xCC28, 0xC3E7, 0xB366, 0xBB66, 0xC3E7, 0xCC08,
    0xAB46, 0x8A22, 0x9A84, 0x8A43, 0x79C2, 0x81E3, 0x7A02, 0x7A03, 0x8A85, 0x8AC6, 0x7A45, 0x6183, 0x69C4, 0xBCAF, 0xBCCF, 0xC4F0,
    0xCD51, 0xCD92, 0xD5F3, 0xDDF3, 0xD5F3, 0xD5F3, 0xDE15, 0xEE97, 0xEE97, 0xEE97, 0xEE97, 0xEEB7, 0xEEB8, 0xEEB7, 0xF6F8, 0xFF5A,
    0x4964, 0xB4AD, 0xFF55, 0xFED4, 0xFEF4, 0xFED3, 0xFED3, 0xFED3, 0xFED3, 0xFED3, 0xFED3, 0xFED3, 0xFED3, 0xFED3, 0xFED3, 0xFED3,
    0xFED3, 0xFED3, 0xFED3, 0xFED3, 0xFED3, 0xFED3, 0xFED3, 0xFED3, 0xFED3, 0xFEB3, 0xFF35, 0xFFDA, 0xFFDB, 0xFFDA, 0xFFDA, 0xFFDA,
    0xFFDA, 0xFFDA, 0xFFDA, 0xFFDA, 0xFFDA, 0xFFDB, 0xFFDB, 0xFFDB, 0xFFDB, 0xFFDB, 0xFFDB, 0xFFDA, 0xFFDA, 0xFFDA, 0xFFDA, 0xFFDA,
    0xFFDA, 0xFFDA, 0xFFDA, 0xFFDA, 0xFFB9, 0xFFB9, 0xFFB9, 0xFF77, 0xFEF4, 0xFF56, 0xFF98, 0xFFB9, 0xFF99, 0xFF99, 0xFFB9, 0xFFDA,
    0xFEF3, 0xFF13, 0xEEB2, 0x3102, 0x20A1, 0x39A5, 0x3984, 0x1902, 0x10A1, 0x0861, 0x0860, 0x0860, 0x0860, 0x0861, 0x18A2, 0x18A2,
    0x18A2, 0x18A2, 0x18C2, 0x1081, 0x10A1, 0x10A1, 0x0860, 0x0860, 0x0860, 0x0860, 0x0860, 0x0860, 0x0860, 0x0860, 0x0840, 0x0040,
    0x0040, 0x0040, 0x0040, 0x0040, 0x0040, 0x0040, 0x0040, 0x0040, 0x0840, 0x0000, 0x39A5, 0xE676, 0xF75A, 0xFF9B, 0xF75A, 0xF73A,
    0xFFDD, 0xFFFD, 0xFFFD, 0xFFFD, 0xFFFD, 0xFFFD, 0xFFBB, 0xFFDC, 0xFFBC, 0xF6F9, 0xF6F9, 0xF6F8, 0xE6B7, 0xE696, 0xEEB7, 0xEEB7,
    0xEE97, 0xEEB7, 0xF718, 0xF718, 0xE675, 0xEE96, 0xDDF4, 0x6205, 0x69C3, 0x7A03, 0x92C6, 0x69E3, 0x5941, 0x7181, 0xC409, 0xC429,
    0xA2C4, 0xA2C4, 0xA2A4, 0xB366, 0xCC29, 0xCC28, 0xCC28, 0xCC29, 0xCC28, 0xCC28, 0xC408, 0xD4AA, 0xDCEA, 0xDCEA, 0xDCCA, 0xBBE7,
    0xB387, 0xB3A7, 0xAB46, 0xAB26, 0xAB26, 0xC3E7, 0xC3E7, 0xCC28, 0xDCCA, 0xDCCA, 0xD469, 0xC3E7, 0xDCAA, 0xE52B, 0xE50B, 0xE4EB,
    0xE50B, 0xCC08, 0xC3C7, 0xD448, 0xD489, 0xBBA6, 0xDD4D, 0xE58E, 0xD449, 0xD469, 0xD469, 0xEDAE, 0xE58E, 0xD469, 0xD489, 0xD48A,
    0xD489, 0xDCAA, 0xD489, 0xD469, 0xDC89, 0xD428, 0xD428, 0xD428, 0xC3C7, 0xCC28, 0xCC07, 0xBB86, 0xBB86, 0xC3E7, 0xC3E7, 0xC3E7,
    0xBBC7, 0xBBC7, 0xCC08, 0x9284, 0x6120, 0x79C2, 0x79A1, 0x79A2, 0x8265, 0x8286, 0x8AE8, 0x8B09, 0x8B29, 0x936A, 0xA40C, 0xC4CF,
    0xBCAE, 0xC4EF, 0xD5D2, 0xD5D3, 0xD5D3, 0xD5D3, 0xDE14, 0xE655, 0xE675, 0xE676, 0xEE97, 0xEE97, 0xEE97, 0xEE97, 0xEEB7, 0xEED8,
    0x59C5, 0xBCED, 0xFF55, 0xFED3, 0xFEF3, 0xFED3, 0xFED3, 0xFED3, 0xFED3, 0xFED3, 0xFED3, 0xFED3, 0xFED3, 0xFED3, 0xFED3, 0xFED3,
    0xFED3, 0xFED3, 0xFED3, 0xFED3, 0xFED3, 0xFED3, 0xFED3, 0xFED3, 0xFED3, 0xFED3, 0xFEB2, 0xFF56, 0xFFBA, 0xFFDA, 0xFFDA, 0xFFDA,
    0xFFDA, 0xFFDA, 0xFFDA, 0xFFDA, 0xFFDA, 0xFFDA, 0xFFDA, 0xFFDB, 0xFFFB, 0xFFFB, 0xFFFB, 0xFFFB, 0xFFFB, 0xFFFB, 0xFFFB, 0xFFFB,
    0xFFB9, 0xFF98, 0xFFB9, 0xFF56, 0xF693, 0xFEB3, 0xFEB3, 0xFEB3, 0xFEB3, 0xFF56, 0xFFDA, 0xFFDA, 0xFFDA, 0xFFDA, 0xFFDA, 0xFFDA,
    0xFEF3, 0xFF13, 0xEE92, 0x28A1, 0x20C1, 0x41C5, 0x3164, 0x1081, 0x1081, 0x1081, 0x0881, 0x0860, 0x0860, 0x1081, 0x18C2, 0x18A2,
    0x10A1, 0x10A1, 0x10A2, 0x1081, 0x0881, 0x0840, 0x0860, 0x0860, 0x0860, 0x0860, 0x0860, 0x0860, 0x0860, 0x0860, 0x0040, 0x0040,
    0x0040, 0x0040, 0x0040, 0x0040, 0x0040, 0x0040, 0x0040, 0x0040, 0x0861, 0x62C9, 0x8BED, 0xE6B7, 0xFF9B, 0xFF7A, 0xF75A, 0xF75A,
    0xFFFD, 0xFFFD, 0xFFFD, 0xFFDC, 0xFFBA, 0xFFBB, 0xFFFD, 0xFFDD, 0xF73A, 0xEEF9, 0xEEF8, 0xF6F9, 0xDE55, 0xDE35, 0xF6F8, 0xEEF8,
    0xEED7, 0xF739, 0xFF59, 0xEED7, 0xE676, 0xEE96, 0xDE14, 0x59A3, 0x71A1, 0x89E1, 0x8A22, 0xA326, 0xAB26, 0xA2C4, 0xAB05, 0xCC6A,
    0xBBC7, 0xAB25, 0xBB66, 0xBBA7, 0xCC08, 0xCC48, 0xDCA9, 0xD448, 0xCC28, 0xCC28, 0xCC28, 0xD489, 0xDCCA, 0xDCCA, 0xDCAA, 0xD48A,
    0xC408, 0xBBA7, 0xAB46, 0xAB26, 0xAB46, 0xC3E7, 0xC407, 0xC408, 0xDCCA, 0xDCCA, 0xD469, 0xC3E7, 0xDCCA, 0xE52B, 0xE50B, 0xE50B,
    0xE52B, 0xCC28, 0xC3C7, 0xD448, 0xD489, 0xBB65, 0xDD2D, 0xE58E, 0xD4A9, 0xD48A, 0xDD0B, 0xF630, 0xDD0B, 0xDD0B, 0xDCAA, 0xD48A,
    0xD489, 0xD48A, 0xDCAA, 0xDCAA, 0xDC89, 0xD449, 0xCC08, 0xCC08, 0xD449, 0xD469, 0xCC28, 0xC3E7, 0xC408, 0xC3E8, 0xC3E7, 0xC3E7,
    0xC3C7, 0xC3E7, 0xC3C7, 0xA2C4, 0x8A43, 0x71A1, 0x79A1, 0x79C2, 0x8285, 0x82A6, 0x9349, 0x938B, 0x938B, 0x936A, 0xA3CB, 0xC4CE,
    0xBCAE, 0xC4EF, 0xD5D3, 0xDDF3, 0xD5D3, 0xDE14, 0xE655, 0xE655, 0xE675, 0xE676, 0xEE97, 0xEE77, 0xEE97, 0xEE77, 0xEE97, 0xEED8,
    0x59C5, 0xBCCE, 0xFF55, 0xFED3, 0xFEF3, 0xFED3, 0xFED3, 0xFED3, 0xFED3, 0xFED3, 0xFED3, 0xFED3, 0xFED3, 0xFED3, 0xFED3, 0xFED3,
    0xFED3, 0xFED3, 0xFED3, 0xFED3, 0xFED3, 0xFED3, 0xFED3, 0xFED3, 0xFED3, 0xFED3, 0xFED3, 0xFEB2, 0xFF35, 0xFFFB, 0xFFDA, 0xFFFA,
    0xFFDA, 0xFFDA, 0xFFDA, 0xFFFA, 0xFFDA, 0xFFDA, 0xFFDA, 0xFFDA, 0xFF36, 0xFF16, 0xFF16, 0xFF16, 0xFF16, 0xFF16, 0xFF16, 0xFF36,
    0xFED4, 0xFEB3, 0xFEB3, 0xFEB2, 0xFE92, 0xFE92, 0xFE92, 0xFE92, 0xFEB2, 0xFED3, 0xFF16, 0xFFDA, 0xFFDA, 0xFFDA, 0xFFDA, 0xFFFA,
    0xFEF3, 0xFEF3, 0xF6B3, 0x7B29, 0x20C2, 0x3164, 0x3144, 0x1081, 0x0881, 0x0881, 0x0881, 0x0860, 0x0860, 0x0861, 0x18C2, 0x18C2,
    0x0861, 0x0840, 0x0840, 0x0860, 0x0861, 0x0860, 0x0860, 0x0860, 0x0860, 0x0860, 0x0860, 0x0860, 0x0860, 0x0860, 0x0840, 0x0040,
    0x0040, 0x0040, 0x0040, 0x0040, 0x0040, 0x0040, 0x0040, 0x0000, 0x0860, 0xCDD4, 0xE656, 0xE6D8, 0xFFBB, 0xFF7A, 0xF73A, 0xF719,
    0xF77A, 0xF77A, 0xFF7A, 0xF75A, 0xFFDC, 0xFFFD, 0xFF9B, 0xF739, 0xEED8, 0xEED8, 0xEED8, 0xF6F8, 0xDE14, 0xDE14, 0xF718, 0xFF5A,
    0xF759, 0xFF5A, 0xF718, 0xEE96, 0xE676, 0xE676, 0xE655, 0x7204, 0x79A1, 0x9A42, 0x8A02, 0x9A63, 0xC3E7, 0xC3E7, 0xBB66, 0xBB86,
    0xD469, 0xCC49, 0xBBA7, 0xC3C7, 0xC408, 0xD469, 0xE50A, 0xDCA9, 0xD489, 0xCC28, 0xCC28, 0xCC28, 0xD489, 0xDCCA, 0xDCCA, 0xDCEA,
    0xCC48, 0xBBE7, 0xC3E8, 0xB366, 0xAB46, 0xC3E7, 0xC408, 0xC408, 0xDCCA, 0xDCEA, 0xD489, 0xCBE7, 0xDCCA, 0xED2B, 0xE52B, 0xED2B,
    0xED4C, 0xD469, 0xC3C7, 0xCC48, 0xD469, 0xD4CB, 0xDD4D, 0xDD4D, 0xDCAB, 0xE5AE, 0xF671, 0xE56D, 0xDD2C, 0xEDEF, 0xDCEB, 0xDCAA,
    0xDCCA, 0xDCEB, 0xDCAA, 0xDCAA, 0xDC89, 0xD448, 0xCC28, 0xDC89, 0xD489, 0xD489, 0xD448, 0xD448, 0xCC28, 0xC407, 0xC3E7, 0xC3E7,
    0xC3E7, 0xCC08, 0xB366, 0xAB05, 0xAB05, 0x9263, 0x8202, 0x79C2, 0x8244, 0x8265, 0x8B08, 0x936A, 0x936A, 0x936A, 0xA3EC, 0xBCAE,
    0xBCCE, 0xCD51, 0xE634, 0xE634, 0xE634, 0xE655, 0xE655, 0xE655, 0xE675, 0xE676, 0xEE97, 0xEE97, 0xEE97, 0xEE77, 0xEE97, 0xEED8,
    0x4943, 0xBD0E, 0xFF96, 0xFED3, 0xFEF3, 0xFED3, 0xFED3, 0xFED3, 0xFED3, 0xFED3, 0xFED3, 0xFED3, 0xFED3, 0xFED3, 0xFED3, 0xFED3,
    0xFED3, 0xFED3, 0xFED3, 0xFED3, 0xFED3, 0xFED3, 0xFED3, 0xFED3, 0xFED3, 0xFED3, 0xFED3, 0xFEB2, 0xFEF3, 0xFF57, 0xFFDA, 0xFFDB,
    0xFFFA, 0xFFDA, 0xFFDA, 0xFFDA, 0xFFDA, 0xFF99, 0xFF57, 0xFF36, 0xFEB3, 0xFE92, 0xFE92, 0xFE92, 0xFE92, 0xFE92, 0xFE92, 0xFE92,
    0xFE92, 0xFE92, 0xFE92, 0xFEB2, 0xFEB2, 0xFEB2, 0xFEB2, 0xFEB2, 0xFEB2, 0xFEB2, 0xFEB2, 0xFF16, 0xFFDA, 0xFFDB, 0xFFDA, 0xFFFB,
    0xFEF2, 0xFEF3, 0xFF13, 0xFF76, 0x5A46, 0x1040, 0x28E2, 0x18A1, 0x18A1, 0x1081, 0x0860, 0x0860, 0x0860, 0x0840, 0x18C2, 0x18E2,
    0x0861, 0x0040, 0x0840, 0x0840, 0x0840, 0x0860, 0x0860, 0x0860, 0x0860, 0x0860, 0x0860, 0x0860, 0x0860, 0x0860, 0x0860, 0x0040,
    0x0040, 0x0040, 0x0040, 0x0040, 0x0040, 0x0040, 0x0840, 0x18A2, 0x20E2, 0xBD52, 0xDE15, 0xEED8, 0xFFBB, 0xFF9B, 0xF75A, 0xF719,
    0xF6F9, 0xF6F9, 0xF6F9, 0xF73A, 0xFFDC, 0xFFDC, 0xF719, 0xEEB8, 0xEED8, 0xEED8, 0xEED8, 0xEED8, 0xDE14, 0xCD92, 0xCD92, 0xEEB6,
    0xEE76, 0xDE14, 0xDE34, 0xE635, 0xEE76, 0xF6B7, 0xF6D7, 0xC4AD, 0x8A43, 0x9222, 0x9A63, 0xAAC4, 0xC3A6, 0xDCAA, 0xC408, 0xBB86,
    0xCC49, 0xE56D, 0xBBA7, 0xBBA7, 0xC408, 0xD469, 0xE4EA, 0xE50A, 0xE4EA, 0xCC48, 0xCC28, 0xCC28, 0xD489, 0xDCCA, 0xDCCA, 0xDCCA,
    0xDCCA, 0xCC49, 0xC408, 0xBB87, 0xB346, 0xBB86, 0xC3E7, 0xCC08, 0xDCCA, 0xDCEA, 0xDC89, 0xD428, 0xD469, 0xE4CA, 0xED6B, 0xF5CD,
    0xED6C, 0xDCEA, 0xC3E7, 0xCC48, 0xD448, 0xEE30, 0xEDCF, 0xDD2C, 0xDD0C, 0xF692, 0xF651, 0xE56D, 0xEDEF, 0xEDCE, 0xDCEB, 0xDCCA,
    0xE4EB, 0xE50B, 0xDD0B, 0xDD0B, 0xD469, 0xD449, 0xD489, 0xDCA9, 0xDC89, 0xDCA9, 0xDC89, 0xDCAA, 0xD469, 0xD448, 0xD448, 0xCC08,
    0xCC28, 0xC3E7, 0xB345, 0xBBA7, 0xBBA6, 0xC3C7, 0x9283, 0x71A1, 0x79C2, 0x79E2, 0x8AC7, 0x936A, 0x938A, 0x936A, 0xA3EC, 0xBC8E,
    0xBCCE, 0xDDF3, 0xE634, 0xE634, 0xE655, 0xE655, 0xE635, 0xE655, 0xE655, 0xE676, 0xEE76, 0xEE77, 0xEE97, 0xEE97, 0xEE97, 0xEEB7,
    0x7B2A, 0xA44D, 0xDE52, 0xFEF4, 0xFED3, 0xFED3, 0xFED3, 0xFED3, 0xFED3, 0xFED3, 0xFED3, 0xFED3, 0xFED3, 0xFED3, 0xFED3, 0xFED4,
    0xFED3, 0xFED3, 0xFED3, 0xFEB3, 0xFED3, 0xFED3, 0xFED3, 0xFED3, 0xFED3, 0xFED2, 0xFED2, 0xFEF3, 0xFEF4, 0xFF15, 0xFFB9, 0xFFB9,
    0xFF78, 0xFEF5, 0xFEF5, 0xFEF5, 0xFEF5, 0xFED4, 0xFEB3, 0xFEB2, 0xFEB3, 0xFEB3, 0xFEB2, 0xFE93, 0xFE93, 0xFE92, 0xFE92, 0xFE92,
    0xFEB2, 0xFE92, 0xFE92, 0xFEB2, 0xFEB2, 0xFEB2, 0xFEB3, 0xFEB2, 0xFEB3, 0xFEB3, 0xFEB3, 0xFEB3, 0xFF14, 0xFF77, 0xFFFB, 0xFFDB,
    0xFEF2, 0xFEF3, 0xFED3, 0xFF14, 0xDE12, 0x20A1, 0x20C2, 0x28E2, 0x28E2, 0x1081, 0x0860, 0x0860, 0x0860, 0x0860, 0x18C2, 0x18E2,
    0x1081, 0x1081, 0x0860, 0x0840, 0x0840, 0x0860, 0x0860, 0x0860, 0x0860, 0x0860, 0x0860, 0x0860, 0x0860, 0x0860, 0x0860, 0x0040,
    0x0040, 0x0040, 0x0040, 0x0040, 0x0040, 0x0040, 0x0000, 0x8C0E, 0xD5F5, 0xD5F5, 0xDE36, 0xE677, 0xF739, 0xFFBB, 0xFFBB, 0xFFBB,
    0xF77A, 0xF739, 0xF719, 0xF719, 0xF739, 0xF719, 0xEEF8, 0xEED8, 0xEED8, 0xEED8, 0xEED8, 0xEEB7, 0xEE97, 0xDE34, 0xCD71, 0x936A,
    0x7AA7, 0xCD71, 0xDDF3, 0xE634, 0xB46E, 0x82C8, 0x9349, 0xD530, 0xB367, 0x9222, 0xBB46, 0xBB86, 0xBB65, 0xC408, 0xDD2C, 0xCC08,
    0xC3C7, 0xCC8A, 0xDD0C, 0xC3E7, 0xCC28, 0xD469, 0xE50A, 0xE50A, 0xE50A, 0xE50B, 0xD469, 0xCC28, 0xCC28, 0xD448, 0xDCCA, 0xDCCA,
    0xE4EA, 0xD489, 0xC3E8, 0xBBA7, 0xB366, 0xB366, 0xBBA6, 0xCC07, 0xDCCA, 0xE4EA, 0xDCA9, 0xD448, 0xD428, 0xDC89, 0xED8C, 0xF5ED,
    0xF5EE, 0xED8D, 0xCC89, 0xD4AA, 0xCC28, 0xEDEF, 0xEDCF, 0xE56D, 0xF630, 0xF650, 0xF630, 0xFE92, 0xF630, 0xEDAE, 0xDD0B, 0xDCEB,
    0xE4EB, 0xE54C, 0xF60F, 0xEDCF, 0xE5AE, 0xEDCF, 0xEDEF, 0xDCCA, 0xDC89, 0xDCAA, 0xDCAA, 0xDC89, 0xD489, 0xDC89, 0xDCA9, 0xCC28,
    0xCC28, 0xCC28, 0xCC28, 0xD489, 0xBBC6, 0xB345, 0xAB25, 0xAAE5, 0xAB25, 0x9283, 0x6961, 0x8245, 0x9329, 0x938B, 0x9BCB, 0xB44D,
    0xAC2C, 0xDDD3, 0xE634, 0xE655, 0xE655, 0xE655, 0xD5B2, 0xDDD3, 0xDDF3, 0xE655, 0xEE76, 0xEE76, 0xEE77, 0xEE97, 0xEE97, 0xEE97,
    0xFF7A, 0x6A88, 0x8B49, 0xFF95, 0xFED3, 0xFEF3, 0xFED3, 0xFED3, 0xFED3, 0xFED3, 0xFED3, 0xFED3, 0xFED3, 0xFED3, 0xFED3, 0xFED3,
    0xFED3, 0xFED3, 0xFED3, 0xFED3, 0xFED3, 0xFED3, 0xFED3, 0xFEF4, 0xFF36, 0xFF35, 0xFF35, 0xFF98, 0xFFBA, 0xFFDA, 0xFF77, 0xFEF5,
    0xFEF4, 0xFED3, 0xFEB3, 0xFEB3, 0xFEB3, 0xFEB3, 0xFEB3, 0xFEB3, 0xFEB3, 0xFEB3, 0xFEB2, 0xFEB3, 0xFEB2, 0xFE92, 0xFE92, 0xFEB2,
    0xFEB2, 0xFEB2, 0xFEB2, 0xFEB2, 0xFEB2, 0xFEB2, 0xFEB3, 0xFEB2, 0xFEB2, 0xFEB2, 0xFEB3, 0xFEB3, 0xFE92, 0xFF14, 0xFFB9, 0xFFDA,
    0xFED2, 0xFED3, 0xFED3, 0xFF34, 0xE631, 0x28C1, 0x20C2, 0x20E2, 0x20E2, 0x1081, 0x0840, 0x0860, 0x0860, 0x0860, 0x18C2, 0x20E2,
    0x18C2, 0x10A1, 0x0860, 0x0840, 0x0860, 0x0860, 0x0860, 0x0860, 0x0840, 0x0860, 0x0840, 0x0840, 0x0860, 0x0860, 0x0860, 0x0840,
    0x0040, 0x0040, 0x0040, 0x0040, 0x0040, 0x0040, 0x2144, 0x9C4F, 0xE656, 0xDE15, 0xDE36, 0xDE56, 0xEF19, 0xFFBB, 0xFFBB, 0xFFBB,
    0xFFBB, 0xFF7A, 0xF719, 0xF6F9, 0xF6F8, 0xEEF8, 0xEED8, 0xEED8, 0xEED8, 0xEEB7, 0xE696, 0xE676, 0xEE96, 0xE655, 0xD5B2, 0x7205,
    0x48E1, 0xBCAF, 0xD571, 0xD5B1, 0x9B69, 0x6121, 0x7162, 0x81E3, 0x9A84, 0xB305, 0xBB45, 0xBB65, 0xC3A6, 0xC3A6, 0xD469, 0xEE10,
    0xC3C7, 0xCC08, 0xE58D, 0xCC49, 0xCC08, 0xD469, 0xED2B, 0xE50A, 0xE50A, 0xE50B, 0xD468, 0xCC27, 0xCC28, 0xD448, 0xDCCA, 0xDCA9,
    0xE4EA, 0xE50A, 0xCC48, 0xBBA7, 0xB366, 0xB366, 0xB365, 0xD468, 0xDCEA, 0xE4EA, 0xDCAA, 0xD448, 0xD428, 0xDCA9, 0xED8C, 0xF5ED,
    0xFE2F, 0xF60E, 0xF5EE, 0xDCEB, 0xCBE7, 0xEDCE, 0xEDCF, 0xEDAE, 0xF650, 0xF671, 0xFE92, 0xFEB2, 0xF631, 0xED6D, 0xDCEB, 0xE56C,
    0xE5AD, 0xEDCE, 0xEDCE, 0xF5CE, 0xEDEE, 0xED6D, 0xE56D, 0xEDCE, 0xE52C, 0xDCCB, 0xDCAA, 0xDCEB, 0xE52B, 0xDCEB, 0xCC28, 0xCC28,
    0xCC28, 0xD448, 0xD448, 0xC408, 0xBBA6, 0xBBA7, 0xC3E7, 0xC3E7, 0xC407, 0xBBA7, 0xA2C4, 0x7161, 0x8286, 0x936A, 0x9BCB, 0xAC0C,
    0xAC0C, 0xBCAE, 0xDDD3, 0xE634, 0xE634, 0xE634, 0xD5B2, 0xD5D3, 0xDDF3, 0xE655, 0xE676, 0xEE76, 0xEE76, 0xEE97, 0xEE97, 0xEE97,
    0xFF19, 0x6A27, 0x93AA, 0xFFB6, 0xFED3, 0xFEF3, 0xFED3, 0xFED3, 0xFED3, 0xFED3, 0xFEB3, 0xFEB3, 0xFEB3, 0xFED3, 0xFEF4, 0xFEF4,
    0xFEF4, 0xFED4, 0xFF15, 0xFFB8, 0xFFB9, 0xFFB9, 0xFFB9, 0xFFB9, 0xFFDA, 0xFFB9, 0xFFB9, 0xFFBA, 0xFFDA, 0xFFBB, 0xFFBA, 0xFF56,
    0xFED3, 0xFED4, 0xFEB3, 0xFEB3, 0xFED3, 0xFED3, 0xFEB3, 0xFEB3, 0xFEB3, 0xFEB3, 0xFEB3, 0xFEB3, 0xFEB3, 0xFEB2, 0xFEB2, 0xFEB3,
    0xFE92, 0xFE92, 0xFE92, 0xFEB2, 0xFEB2, 0xFEB3, 0xFEB3, 0xFEB3, 0xFEB2, 0xFEB2, 0xFEB2, 0xFEB2, 0xFEB2, 0xFEB3, 0xFEB3, 0xFF78,
    0xFED2, 0xFEF3, 0xFED3, 0xFF34, 0xDDF1, 0x1860, 0x20E3, 0x28E2, 0x28E2, 0x18C2, 0x1080, 0x1080, 0x0860, 0x0860, 0x1081, 0x18A1,
    0x18C2, 0x0840, 0x0840, 0x0840, 0x0860, 0x0860, 0x0860, 0x0860, 0x0840, 0x0860, 0x0860, 0x0040, 0x0860, 0x0860, 0x0860, 0x0840,
    0x0040, 0x0040, 0x0040, 0x0040, 0x0040, 0x0040, 0x0000, 0x6B0B, 0xE656, 0xDE35, 0xDE15, 0xE677, 0xFF9B, 0xFFDB, 0xFFBB, 0xFFDB,
    0xFFBB, 0xF719, 0xF6F8, 0xF6F8, 0xEED8, 0xEED8, 0xEEF8, 0xEED8, 0xEED8, 0xEEB7, 0xE696, 0xE696, 0xE656, 0xEE96, 0xD5B3, 0x6184,
    0x6162, 0x69C4, 0xBC8C, 0xD54E, 0xCCCD, 0xC48C, 0xCCAC, 0xCCAB, 0xD4AB, 0xD4AB, 0xCC49, 0xC3A7, 0xBB65, 0xCBC7, 0xCC08, 0xD4AA,
    0xE54D, 0xCC28, 0xD489, 0xDCEB, 0xC3E8, 0xD469, 0xDCCA, 0xE50B, 0xE52B, 0xE50A, 0xD4A9, 0xCC48, 0xCC27, 0xCC48, 0xD468, 0xD468,
    0xE50A, 0xF5AD, 0xDCAA, 0xCC48, 0xBB86, 0xB345, 0xB345, 0xD4A9, 0xDD0A, 0xE4EA, 0xDCAA, 0xD448, 0xD428, 0xE4EA, 0xF5AC, 0xF5EE,
    0xF62F, 0xF60E, 0xF60E, 0xDCCA, 0xCC07, 0xDCCA, 0xE52B, 0xF60F, 0xF650, 0xF691, 0xFEB3, 0xFEB2, 0xF630, 0xEDAE, 0xEDAD, 0xEDCE,
    0xED8D, 0xED8D, 0xF60E, 0xF5EE, 0xE54C, 0xDCCA, 0xE4AA, 0xE52C, 0xE58D, 0xEDCE, 0xEDCE, 0xE52B, 0xE52B, 0xDCEA, 0xD489, 0xDCA9,
    0xDC89, 0xCC28, 0xCC28, 0xC407, 0xCC08, 0xD469, 0xD489, 0xD469, 0xD469, 0xD469, 0xC408, 0x9AC4, 0x9264, 0x7A44, 0x9B6A, 0xA3EB,
    0xA40C, 0xAC2C, 0xDDB2, 0xDDF3, 0xE613, 0xE613, 0xD5D2, 0xD5D3, 0xDDF3, 0xDE34, 0xE676, 0xE676, 0xEE76, 0xEE97, 0xEE97, 0xEE97,
    0xF6D8, 0xB4D0, 0x6A88, 0x93EB, 0xFF55, 0xFEF3, 0xFEF3, 0xFED3, 0xFED3, 0xFEF4, 0xFEF4, 0xFED4, 0xFED3, 0xFED4, 0xFF98, 0xFFDA,
    0xFFBA, 0xFFBA, 0xFFBA, 0xFFDA, 0xFFDA, 0xFFFA, 0xFFDA, 0xFFFA, 0xFFDA, 0xFFDA, 0xFFDA, 0xFFDA, 0xFFDA, 0xFFDA, 0xFFDB, 0xFFBA,
    0xFF57, 0xFEB2, 0xFEB2, 0xFED3, 0xFEB3, 0xFEB3, 0xFEB3, 0xFED3, 0xFEB3, 0xFEB3, 0xFEB3, 0xFEB3, 0xFEB3, 0xFEB2, 0xFEB2, 0xFEB3,
    0xFE92, 0xFE72, 0xFE72, 0xFE92, 0xFEB2, 0xFEB3, 0xFEB3, 0xFEB3, 0xFEB2, 0xFEB3, 0xFEB3, 0xFEB2, 0xFEB2, 0xFEB3, 0xFEB3, 0xFEF4,
    0xFF56, 0xFEF3, 0xFEF3, 0xFF14, 0xEE92, 0x6246, 0x1861, 0x28E2, 0x20E2, 0x20E2, 0x20E2, 0x20E2, 0x1081, 0x0860, 0x0840, 0x1081,
    0x18C2, 0x0860, 0x0840, 0x0860, 0x0860, 0x0860, 0x0860, 0x0840, 0x0860, 0x0860, 0x0860, 0x0860, 0x0860, 0x0840, 0x0040, 0x0040,
    0x0040, 0x0040, 0x0020, 0x0040, 0x0020, 0x10A1, 0x41E7, 0x7B6C, 0xD5F5, 0xE677, 0xEEF8, 0xEEF9, 0xFF9B, 0xFF9B, 0xFF7A, 0xFF7A,
    0xF75A, 0xEED8, 0xF6D8, 0xEED8, 0xEED8, 0xEEB7, 0xEEB7, 0xEEB7, 0xEEB7, 0xEEB7, 0xEEB7, 0xE696, 0xEE96, 0xD5D3, 0x9BAA, 0x9348,
    0x8AE7, 0x92E7, 0x9AA4, 0x9A63, 0x9A83, 0x9A63, 0xA2A4, 0xBB86, 0xBBA6, 0xBB86, 0xCCAB, 0xE58E, 0xDCEC, 0xCC29, 0xCC08, 0xD449,
    0xE50C, 0xDD0B, 0xBBC6, 0xCC48, 0xCC48, 0xCC08, 0xC3E7, 0xE50B, 0xED6C, 0xE52B, 0xE54B, 0xDCC9, 0xD448, 0xD448, 0xD468, 0xD448,
    0xE52B, 0xF5CD, 0xDCAA, 0xD489, 0xBB85, 0xB345, 0xB345, 0xD468, 0xDCEA, 0xE4EA, 0xDCA9, 0xD448, 0xD428, 0xE4EA, 0xF5CC, 0xF5EE,
    0xFE4F, 0xF62F, 0xF62F, 0xDCC9, 0xCC07, 0xD427, 0xE52B, 0xF62F, 0xF650, 0xFEB2, 0xFED3, 0xFED3, 0xF631, 0xF650, 0xF5CE, 0xED4C,
    0xED8D, 0xF5EE, 0xF62F, 0xE54C, 0xE54C, 0xE52B, 0xE52B, 0xE54B, 0xE54B, 0xE56C, 0xEDAE, 0xDD0B, 0xDCA9, 0xDCA9, 0xDCCA, 0xDCA9,
    0xCC48, 0xC408, 0xCC28, 0xD468, 0xDCC9, 0xDCA9, 0xCC68, 0xCC48, 0xCC48, 0xCC48, 0xCC48, 0xCC28, 0xC3C7, 0x8A24, 0x6962, 0xA3AA,
    0xAC2C, 0xAC2C, 0xBCAE, 0xC530, 0xCD30, 0xDDF3, 0xDDF3, 0xD5D3, 0xDDD3, 0xD5F3, 0xE655, 0xE676, 0xEE96, 0xEE97, 0xEE97, 0xEEB7,
    0xEE96, 0xFF7A, 0x8B6C, 0x6266, 0xFF97, 0xFEF4, 0xFF14, 0xFF14, 0xFF14, 0xFF97, 0xFFB9, 0xFFB8, 0xFFB8, 0xFFB8, 0xFFB9, 0xFFDA,
    0xFFDA, 0xFFDA, 0xFFDA, 0xFFDA, 0xFFDA, 0xFFDA, 0xFFDA, 0xFFDA, 0xFFDA, 0xFFDA, 0xFFDA, 0xFFDA, 0xFFDA, 0xFFDA, 0xFFBA, 0xFFDB,
    0xFFB9, 0xFF57, 0xFEF4, 0xFEB2, 0xFED3, 0xFEB3, 0xFEB3, 0xFED3, 0xFEB3, 0xFEB3, 0xFEB3, 0xFEB3, 0xFEB3, 0xFEB3, 0xFEB3, 0xFE92,
    0xFE92, 0xFE72, 0xFE92, 0xFEB2, 0xFEB3, 0xFEB3, 0xFEB3, 0xFEB3, 0xFEB3, 0xFEB3, 0xFEB3, 0xFEB2, 0xFEB2, 0xFEB2, 0xFE92, 0xFE92,
    0xFF98, 0xFF13, 0xFEF3, 0xFED3, 0xFF75, 0xBCEE, 0x28E2, 0x20E2, 0x20C2, 0x20E2, 0x20E2, 0x20E2, 0x18C2, 0x0860, 0x0860, 0x1081,
    0x20E2, 0x20E2, 0x1081, 0x0840, 0x0860, 0x0860, 0x0860, 0x0860, 0x0860, 0x0860, 0x0860, 0x0840, 0x0040, 0x0040, 0x0040, 0x0040,
    0x0040, 0x0040, 0x0040, 0x0040, 0x0000, 0x2923, 0xD5D4, 0xDE15, 0xD5D4, 0xE677, 0xFF9B, 0xFF7B, 0xFF7A, 0xF75A, 0xEED8, 0xEED8,
    0xEED8, 0xEED8, 0xEED8, 0xEED8, 0xF6D8, 0xE655, 0xDE14, 0xDE14, 0xDE34, 0xDE14, 0xDE14, 0xDDF3, 0xD593, 0xCD71, 0xB46D, 0x92E7,
    0x50E1, 0x6962, 0x9A63, 0x9A63, 0xA283, 0xA283, 0xAAE4, 0xB345, 0xC386, 0xBB86, 0xBB66, 0xD4AB, 0xE52D, 0xDD4D, 0xDCEB, 0xD449,
    0xD46A, 0xE52C, 0xD4AA, 0xC3E7, 0xD469, 0xCC08, 0xC407, 0xE52B, 0xED6C, 0xED6C, 0xF60E, 0xFE0E, 0xDCCA, 0xDC89, 0xE4C9, 0xDC68,
    0xDCC9, 0xF58C, 0xED8C, 0xED4B, 0xC3C7, 0xBB65, 0xB345, 0xC3E7, 0xD468, 0xE50A, 0xE4CA, 0xD448, 0xD448, 0xE4EA, 0xF5CC, 0xF60E,
    0xFE4F, 0xF62F, 0xF62F, 0xDCAA, 0xCC07, 0xD428, 0xED6C, 0xF62F, 0xF671, 0xFED3, 0xFED3, 0xFED3, 0xF692, 0xEDAD, 0xED6C, 0xED6C,
    0xF64F, 0xFE90, 0xEDAD, 0xE54C, 0xED8D, 0xED8D, 0xED8D, 0xE54B, 0xE54B, 0xDCEA, 0xDCEA, 0xE56C, 0xEDAC, 0xE4EA, 0xD489, 0xD469,
    0xD469, 0xD469, 0xD489, 0xDCC9, 0xDCA9, 0xDCA9, 0xD489, 0xCC48, 0xD468, 0xD468, 0xD469, 0xD489, 0xD4A9, 0xC428, 0xA346, 0x5942,
    0x82E8, 0xBCAE, 0xB46D, 0xB48E, 0xBCAE, 0xDDD3, 0xDDF3, 0xD5D3, 0xDDD3, 0xD5F3, 0xDDF3, 0xE655, 0xE676, 0xEE96, 0xEE96, 0xEEB7,
    0xEE97, 0xFF39, 0x8B8C, 0x72C7, 0xFFF9, 0xFF98, 0xFFD8, 0xFFB8, 0xFFB8, 0xFFD9, 0xFFD9, 0xFFD9, 0xFFD9, 0xFFD9, 0xFFD9, 0xFFDA,
    0xFFDA, 0xFFDA, 0xFFDA, 0xFFDA, 0xFFDA, 0xFFFA, 0xFFFA, 0xFFDA, 0xFFDA, 0xFFDA, 0xFFDA, 0xFFDA, 0xFFDA, 0xFFDA, 0xFFDA, 0xFFDA,
    0xFFDB, 0xFFFB, 0xFF37, 0xFED3, 0xFED3, 0xFED3, 0xFED3, 0xFED3, 0xFEB3, 0xFEB3, 0xFEB3, 0xFEB3, 0xFEB3, 0xFEB3, 0xFEB3, 0xFE72,
    0xFE72, 0xFE92, 0xFEB2, 0xFEB2, 0xFEB2, 0xFEB2, 0xFEB2, 0xFEB3, 0xFEB3, 0xFEB2, 0xFEB2, 0xFEB2, 0xFEB2, 0xFE92, 0xFE92, 0xFE92,
    0xFFB8, 0xFF14, 0xFEF3, 0xFEF3, 0xFEF3, 0xF6F3, 0xE652, 0x3122, 0x1060, 0x20C1, 0x20E2, 0x20E2, 0x18C2, 0x18A1, 0x0860, 0x1080,
    0x20E2, 0x20E2, 0x18A1, 0x0840, 0x0840, 0x0860, 0x0860, 0x0840, 0x0040, 0x0840, 0x0040, 0x0040, 0x0040, 0x0040, 0x0040, 0x0040,
    0x0040, 0x0040, 0x0040, 0x0040, 0x0000, 0x2923, 0xC553, 0xD5D4, 0xDDF5, 0xD615, 0xE697, 0xEED8, 0xF719, 0xFF7A, 0xEED8, 0xEEB8,
    0xEEB8, 0xEEB8, 0xEED8, 0xEED8, 0xEE97, 0xDE35, 0xE655, 0xE655, 0xDE14, 0xDDF3, 0xCD51, 0xE5F3, 0x6A67, 0x4922, 0x69A3, 0x8A02,
    0x9222, 0x9222, 0x9242, 0xA2A3, 0xBB86, 0xBB86, 0xBB65, 0xB325, 0xCC07, 0xCC28, 0xCC08, 0xCC07, 0xC3E7, 0xDD0B, 0xE5AE, 0xE58E,
    0xD4AA, 0xDCEB, 0xE54C, 0xCC69, 0xCC08, 0xCC28, 0xC407, 0xE52A, 0xED6C, 0xED6C, 0xF60E, 0xFE2E, 0xED6B, 0xED6B, 0xE4C9, 0xDC88,
    0xDC68, 0xED4B, 0xFDED, 0xED6C, 0xC3E7, 0xBB65, 0xB325, 0xC3C6, 0xD448, 0xE50A, 0xDCC9, 0xD448, 0xD448, 0xE50A, 0xF5AC, 0xFE4F,
    0xFE70, 0xFE4F, 0xFE4F, 0xDCAA, 0xCC07, 0xD428, 0xD448, 0xEDEE, 0xF691, 0xFED3, 0xFED3, 0xFED3, 0xF650, 0xF5AD, 0xEDCD, 0xFE50,
    0xFE91, 0xF670, 0xF630, 0xFE70, 0xF670, 0xF670, 0xF5EE, 0xE52B, 0xE52B, 0xDCEA, 0xDCEA, 0xDCE9, 0xE50A, 0xE52A, 0xE50A, 0xDCEA,
    0xDCC9, 0xDCC9, 0xDCA9, 0xDCA9, 0xDCA9, 0xDCA9, 0xDCA9, 0xDCA9, 0xDCA9, 0xDCA9, 0xDCA9, 0xDCCA, 0xDCCA, 0xDCEA, 0xD4AA, 0x92C5,
    0x7205, 0x8287, 0xC4EF, 0xB4AE, 0xBCCE, 0xDDF3, 0xDDF3, 0xD5D3, 0xDDD3, 0xD5F3, 0xD5F3, 0xDE14, 0xEE76, 0xEE95, 0xEE96, 0xEEB7,
    0xEE97, 0xFF39, 0x8B8C, 0x6A87, 0xFFB8, 0xF756, 0xEEF5, 0xF736, 0xFFB8, 0xFFB8, 0xFFB8, 0xFFB8, 0xFFB8, 0xFFD9, 0xFFB9, 0xFFBA,
    0xFFBA, 0xFFDA, 0xFFDA, 0xFFDA, 0xFFDA, 0xFFFA, 0xFFFA, 0xFFFA, 0xFFFA, 0xFFFA, 0xFFDA, 0xFFDA, 0xFFDA, 0xFFDA, 0xFFDA, 0xFFDA,
    0xFFBA, 0xFFDA, 0xFFDA, 0xFF98, 0xFED3, 0xFED3, 0xFED3, 0xFEB3, 0xFEB3, 0xFEB3, 0xFEB3, 0xFEB3, 0xFEB3, 0xFEB3, 0xFEB3, 0xFEB2,
    0xFE92, 0xFEB2, 0xFEB2, 0xFEB2, 0xFEB2, 0xFEB3, 0xFEB3, 0xFEB2, 0xFEB3, 0xFEB2, 0xFE92, 0xFE92, 0xFE92, 0xFE92, 0xFE92, 0xFE92,
    0xFF77, 0xFF15, 0xFEF3, 0xFED3, 0xFEF3, 0xFEF3, 0xFEF3, 0xE672, 0x7B29, 0x20A1, 0x1881, 0x18C1, 0x20E2, 0x18C2, 0x18C1, 0x18C2,
    0x20C2, 0x20C2, 0x20C2, 0x1060, 0x0840, 0x0840, 0x0840, 0x0840, 0x0040, 0x0040, 0x0040, 0x0040, 0x0040, 0x0040, 0x0040, 0x0040,
    0x0040, 0x0040, 0x0040, 0x0840, 0x0000, 0x2923, 0xCD93, 0xD5F4, 0xDE15, 0xD615, 0xE677, 0xEED8, 0xEEF8, 0xF739, 0xF6F8, 0xEED8,
    0xEEB8, 0xF718, 0xF719, 0xEEB7, 0xDE14, 0xDE14, 0xC511, 0xC510, 0xDDF4, 0xDDD3, 0xBCAE, 0x936B, 0x5983, 0x6121, 0x79A1, 0x8A02,
    0x8A02, 0x9A63, 0xA2A4, 0xA2C4, 0xBB66, 0xC3C7, 0xBBA6, 0xBB86, 0xCC07, 0xCC28, 0xCC28, 0xCC28, 0xCC07, 0xD469, 0xE52C, 0xE58E,
    0xE54D, 0xDCEB, 0xE52C, 0xE52C, 0xCBE7, 0xCC28, 0xCC08, 0xE52B, 0xED6B, 0xF5AD, 0xFE2E, 0xFE2E, 0xF60E, 0xF5AC, 0xE4E9, 0xE488,
    0xDC88, 0xED2B, 0xF5CD, 0xF58C, 0xC3E6, 0xBB86, 0xBB65, 0xC3C6, 0xD448, 0xED2B, 0xE4EA, 0xD448, 0xDC68, 0xED2B, 0xEDAC, 0xFE6F,
    0xFE70, 0xFE6F, 0xFE90, 0xDCA9, 0xCBE7, 0xD427, 0xD448, 0xEDEE, 0xF692, 0xFEF4, 0xFEF4, 0xF671, 0xF60E, 0xF650, 0xFE91, 0xFEB1,
    0xFE91, 0xFE91, 0xFE91, 0xFE91, 0xF670, 0xEE0E, 0xE5AD, 0xEDAD, 0xEDCD, 0xEDCD, 0xEDCD, 0xF5EE, 0xEDCD, 0xEDAD, 0xDCEA, 0xDCCA,
    0xDCA9, 0xDCC9, 0xDCC9, 0xDCA9, 0xDCA9, 0xDCA9, 0xDCA9, 0xDCEA, 0xDCEA, 0xDCEA, 0xDCEA, 0xDCEA, 0xDCCA, 0xDCEA, 0xDCEA, 0xE54C,
    0xB387, 0x8A86, 0x936A, 0xBCAE, 0xBCCF, 0xD571, 0xD5B2, 0xD5D3, 0xDDF3, 0xD5D3, 0xD5D3, 0xDDF4, 0xEE76, 0xEE95, 0xEE96, 0xEEB7,
    0xEE97, 0xFF39, 0x93AD, 0x5163, 0xA3A9, 0x9328, 0x6A04, 0xE6D5, 0xEF16, 0x7226, 0x7267, 0x7A66, 0x7A67, 0x7246, 0x93AB, 0xFFFB,
    0xFFFB, 0xFFDA, 0xFFBA, 0xFFDA, 0xFFBA, 0xFFDA, 0xFFFA, 0xFFDA, 0xFFFA, 0xFFFA, 0xFFDA, 0xFFDA, 0xFFDA, 0xFFDA, 0xFFDA, 0xFFDA,
    0xFFDA, 0xFFDA, 0xFFDA, 0xFFDA, 0xFF78, 0xFED3, 0xFEB2, 0xFEB3, 0xFEB3, 0xFEB3, 0xFEB3, 0xFEB3, 0xFEB3, 0xFEB3, 0xFEB3, 0xFEB2,
    0xFEB2, 0xFEB2, 0xFEB2, 0xFEB2, 0xFEB2, 0xFEB3, 0xFEB3, 0xFEB2, 0xFEB3, 0xFEB3, 0xFEB2, 0xFE92, 0xFE92, 0xFE92, 0xFE92, 0xFE92,
    0xFF98, 0xFF55, 0xFEF3, 0xFED3, 0xFED3, 0xFED3, 0xFEF3, 0xFF34, 0xF6F3, 0xE693, 0x6AC7, 0x20A1, 0x0840, 0x18A1, 0x20E2, 0x3123,
    0x20C1, 0x18A1, 0x18C1, 0x18A1, 0x18A1, 0x0860, 0x0840, 0x0840, 0x0040, 0x0840, 0x0840, 0x0040, 0x0040, 0x0040, 0x0040, 0x0040,
    0x0040, 0x0040, 0x0040, 0x0040, 0x0000, 0x2903, 0xCD93, 0xD5F5, 0xDE15, 0xDE36, 0xE697, 0xEED8, 0xEEB8, 0xEEB8, 0xEED8, 0xEED8,
    0xEED8, 0xFF59, 0xF739, 0xE676, 0xE656, 0xE676, 0xAC4D, 0xAC2D, 0xD5D3, 0xDDD3, 0xBCAF, 0x48C1, 0x5901, 0x79A1, 0x8A22, 0x9263,
    0x9263, 0xAAE4, 0xB325, 0xB345, 0xB366, 0xC3A7, 0xCC07, 0xCC08, 0xCC08, 0xCC28, 0xCC28, 0xD489, 0xDCAA, 0xDCEA, 0xE50B, 0xE50B,
    0xF650, 0xEDCF, 0xDD0C, 0xED8E, 0xD4AA, 0xCC28, 0xCC28, 0xE50B, 0xED6B, 0xF5EE, 0xFE2F, 0xFE70, 0xFEB0, 0xF60E, 0xE50A, 0xE488,
    0xDC88, 0xED2B, 0xFDED, 0xF58C, 0xCC28, 0xC3C6, 0xBB85, 0xC3C6, 0xCC28, 0xED4B, 0xE50A, 0xD448, 0xD468, 0xE52B, 0xEDCC, 0xFE6F,
    0xFE70, 0xFE6F, 0xFE90, 0xDCEA, 0xD427, 0xCC07, 0xD428, 0xF5EE, 0xFEB2, 0xFEF3, 0xFED3, 0xF671, 0xF64F, 0xFE91, 0xFE91, 0xFE91,
    0xFE91, 0xFE91, 0xFEB1, 0xFEB1, 0xFEB1, 0xF691, 0xFE90, 0xF670, 0xF670, 0xF650, 0xF60E, 0xEDAD, 0xE56C, 0xE52B, 0xDC89, 0xD489,
    0xDCA9, 0xDCCA, 0xDCC9, 0xDCC9, 0xDCEA, 0xE50A, 0xE50A, 0xED4B, 0xED6C, 0xED6C, 0xED6C, 0xED8C, 0xED6C, 0xDD0B, 0xD4CA, 0xD4CB,
    0xE54C, 0xB409, 0x48E1, 0xA3CB, 0xBC8E, 0xC4CF, 0xCD31, 0xD5D3, 0xDDD3, 0xDE14, 0xDE35, 0xE635, 0xEE96, 0xEE96, 0xEEB7, 0xEEB7,
    0xEE97, 0xFF39, 0x836C, 0x5161, 0xD4AA, 0xB3C8, 0xABA8, 0xB44B, 0x9BCA, 0x9306, 0xB409, 0xB429, 0xBC2A, 0xBC4A, 0x8286, 0x8B6A,
    0x7AE8, 0xC5D3, 0xFFFD, 0xFFFC, 0xFFFC, 0xFFFB, 0xFFDA, 0xFFDA, 0xFFDA, 0xFFDB, 0xFFDB, 0xFFDA, 0xFFDA, 0xFFDA, 0xFFDA, 0xFFDA,
    0xFFDA, 0xFFDA, 0xFFDA, 0xFFDA, 0xFFDA, 0xFF98, 0xFEB3, 0xFEB3, 0xFED3, 0xFEB3, 0xFEB2, 0xFEB2, 0xFEB2, 0xFEB3, 0xFEB3, 0xFEB3,
    0xFE92, 0xFE92, 0xFE92, 0xFE92, 0xFEB2, 0xFEB2, 0xFEB2, 0xFEB3, 0xFEB3, 0xFEB3, 0xFEB3, 0xFEB3, 0xFEB2, 0xFEB2, 0xFE92, 0xFEB2,
    0xFFFA, 0xFF56, 0xFEF3, 0xFED3, 0xFED3, 0xFED3, 0xFED3, 0xFED3, 0xFEF3, 0xFF14, 0xFF76, 0x9C4C, 0x5A87, 0x3123, 0x1880, 0x3164,
    0x20C2, 0x20C1, 0x20C1, 0x20C1, 0x18C1, 0x0840, 0x0840, 0x0840, 0x0040, 0x0840, 0x0040, 0x0040, 0x0040, 0x0040, 0x0040, 0x0040,
    0x0840, 0x0840, 0x0040, 0x0000, 0x2923, 0x41A5, 0xC573, 0xD5F5, 0xDE15, 0xE677, 0xEED8, 0xEEB8, 0xEEB8, 0xEED8, 0xEED8, 0xEEB8,
    0xEED8, 0xFF59, 0xF739, 0xEEF8, 0xEED7, 0xEE76, 0xAC4E, 0xA40C, 0xDDF3, 0xF6F7, 0x82C8, 0x79C2, 0x9263, 0x8A42, 0x9A83, 0xA2C4,
    0xA2C4, 0xA2E4, 0xB345, 0xBBA6, 0xBB87, 0xBBA6, 0xCC07, 0xCC08, 0xCC28, 0xCC28, 0xCC28, 0xD469, 0xED2B, 0xED6C, 0xE56C, 0xE56D,
    0xEDCE, 0xF671, 0xF630, 0xEDAD, 0xEDCE, 0xCC69, 0xCC28, 0xDCC9, 0xE4EA, 0xF60E, 0xFE4F, 0xFEB0, 0xFED1, 0xFEF1, 0xE54B, 0xDC88,
    0xE4A9, 0xE4C9, 0xED4B, 0xF5AD, 0xF5CD, 0xD488, 0xBB65, 0xC3C7, 0xCC27, 0xED2B, 0xE4EA, 0xDC89, 0xE52B, 0xED4B, 0xEDAC, 0xFE6F,
    0xFE70, 0xFE6F, 0xFE70, 0xF60E, 0xDCA9, 0xC3E6, 0xCC48, 0xEDCD, 0xF650, 0xFEF3, 0xFEB2, 0xFE71, 0xFE91, 0xFE91, 0xFE91, 0xFEB2,
    0xFEB2, 0xF691, 0xF671, 0xEE50, 0xF650, 0xF651, 0xF650, 0xEE2F, 0xEE0E, 0xEDEE, 0xEDAD, 0xE58C, 0xDCEA, 0xD469, 0xD489, 0xD468,
    0xDCA9, 0xDCC9, 0xDCC9, 0xDCC9, 0xE50A, 0xE52B, 0xE52B, 0xE54B, 0xED6B, 0xE56B, 0xED6C, 0xED8C, 0xED6C, 0xE52B, 0xDCEB, 0xD4EB,
    0xD4EB, 0xDD0C, 0xABA8, 0x50E1, 0x7AA7, 0xCD30, 0xC510, 0xDDD3, 0xD5D3, 0xE655, 0xEE97, 0xEE97, 0xEEB7, 0xEEB7, 0xEEB7, 0xEEB7,
    0xEEB7, 0xFF18, 0xACB0, 0x5A06, 0xBC4A, 0xEDAC, 0xE56C, 0x8AA5, 0x92C6, 0xE58C, 0xEDCD, 0xEDAD, 0xEDAD, 0xEDCD, 0x9B47, 0x8285,
    0x9305, 0x9369, 0xA48E, 0xA46E, 0x9C0D, 0xCDF4, 0xFFFC, 0xFFFB, 0xFFFB, 0xFFDB, 0xFFDB, 0xFFDA, 0xFFDA, 0xFFDA, 0xFFDA, 0xFFDA,
    0xFFDA, 0xFFDA, 0xFFDA, 0xFFDA, 0xFFDA, 0xFFDA, 0xFF98, 0xFEF4, 0xFEB2, 0xFEB3, 0xFEB2, 0xFEB3, 0xFEB3, 0xFEB3, 0xFEB3, 0xFEB2,
    0xFEB2, 0xFE92, 0xFE92, 0xFE92, 0xFEB2, 0xFEB2, 0xFEB3, 0xFEB3, 0xFEB3, 0xFEB3, 0xFEB3, 0xFEB3, 0xFEB2, 0xFEB2, 0xFE92, 0xFE92,
    0xFFDA, 0xFFB8, 0xFF55, 0xFED3, 0xFED3, 0xFED3, 0xFED3, 0xFED3, 0xFED3, 0xFED2, 0xFED3, 0xFF96, 0xFFF8, 0xC612, 0x3143, 0x0800,
    0x20C2, 0x20C2, 0x20C2, 0x20C1, 0x18C1, 0x1081, 0x1081, 0x1081, 0x0840, 0x0840, 0x0840, 0x0840, 0x0840, 0x0040, 0x0040, 0x0040,
    0x0840, 0x0000, 0x39A5, 0xA470, 0xACB0, 0xB4F1, 0xCD93, 0xD5F5, 0xDE35, 0xE676, 0xEEB8, 0xEEB8, 0xEEB8, 0xEED8, 0xEED8, 0xEEB8,
    0xEED8, 0xFF59, 0xFF59, 0xFF7A, 0xEED7, 0xE655, 0xD5B3, 0xC510, 0xC510, 0x9BCD, 0x8245, 0x8A02, 0x9242, 0x9242, 0xA2C4, 0xAB05,
    0xAAE4, 0xA2E4, 0xAB25, 0xC3E7, 0xC3C7, 0xC3C7, 0xCC07, 0xCC08, 0xCC08, 0xD469, 0xDC89, 0xD469, 0xDC89, 0xED6C, 0xEDCE, 0xEE0F,
    0xF650, 0xF691, 0xF671, 0xEDCE, 0xEDEE, 0xDD2C, 0xCC28, 0xD468, 0xD4A9, 0xF60E, 0xFE4F, 0xFEB0, 0xFED1, 0xFEF1, 0xF66F, 0xED6B,
    0xE488, 0xE4A8, 0xE4E9, 0xF5CD, 0xFDED, 0xDCA9, 0xBB65, 0xC3E7, 0xD428, 0xE50B, 0xED2B, 0xE52B, 0xED8C, 0xED8C, 0xEDAC, 0xFE70,
    0xFE70, 0xFE70, 0xFE70, 0xFE6F, 0xDCEA, 0xC3C6, 0xCC48, 0xE56B, 0xEDCD, 0xFEF3, 0xFED2, 0xFE91, 0xF671, 0xF671, 0xF692, 0xFED2,
    0xFEB2, 0xFF13, 0xD56F, 0x5122, 0x6183, 0x69A3, 0x69A3, 0x8A64, 0xD468, 0xD448, 0xD448, 0xD468, 0xCC27, 0xCC07, 0xCC27, 0xDC89,
    0xDCCA, 0xDCCA, 0xDCCA, 0xDCCA, 0xE50A, 0xE52B, 0xE52B, 0xE54B, 0xED6C, 0xE56C, 0xED6C, 0xED6C, 0xE56C, 0xE58C, 0xE56C, 0xD4EA,
    0xDCEB, 0xDCEB, 0xDD4C, 0x9B47, 0x7246, 0xCD10, 0xC510, 0xDDF3, 0xDDD3, 0xE655, 0xEE97, 0xEE97, 0xEEB7, 0xEEB7, 0xEEB7, 0xEEB7,
    0xEEB7, 0xEEB7, 0xFF9B, 0x9C4F, 0x6204, 0xEDAD, 0xDD2B, 0xD50B, 0xDD2B, 0xDD2B, 0xDD2B, 0xD52B, 0xD4EB, 0xCCCB, 0xD50B, 0xDD6C,
    0xE5AD, 0x92E6, 0x71C3, 0x7A24, 0x69A2, 0x9BCB, 0xF77A, 0xEF59, 0xF759, 0xFFBA, 0xFFDB, 0xFFDA, 0xFFDB, 0xFFDB, 0xFFDA, 0xFFDA,
    0xFFDA, 0xFFDA, 0xFFDA, 0xFFDA, 0xFFDA, 0xFFDA, 0xFFFB, 0xFF57, 0xFF15, 0xFEB3, 0xFEB2, 0xFEB3, 0xFEB3, 0xFEB3, 0xFEB3, 0xFEB3,
    0xFEB2, 0xFEB2, 0xFEB2, 0xFEB2, 0xFEB2, 0xFEB2, 0xFEB3, 0xFEB3, 0xFEB3, 0xFEB2, 0xFE92, 0xFEB2, 0xFEB2, 0xFEB2, 0xFEB2, 0xFE92,
    0xFFDA, 0xFFFA, 0xFF77, 0xFED2, 0xFED2, 0xFED2, 0xFED2, 0xFED3, 0xFEF3, 0xFF14, 0xFF35, 0xFFB8, 0xFFB9, 0xFFFB, 0xC614, 0xA4D0,
    0x20C1, 0x1040, 0x20E2, 0x20C2, 0x20C2, 0x18C2, 0x18C1, 0x18A1, 0x0860, 0x0040, 0x0040, 0x0840, 0x0840, 0x0040, 0x0840, 0x0860,
    0x0860, 0x0000, 0x4A07, 0xDE35, 0xCDB4, 0xD5D4, 0xCDB3, 0xCDD4, 0xDE56, 0xE677, 0xEEB8, 0xEEB8, 0xEEB8, 0xEEB8, 0xEED8, 0xEEB8,
    0xEED8, 0xFF59, 0xFF5A, 0xF718, 0xE676, 0xE635, 0xE675, 0xDDD3, 0xAC2D, 0x3000, 0x79E3, 0x9A83, 0x9242, 0x9242, 0x9A83, 0xBB66,
    0xBBA7, 0xB386, 0xB345, 0xC3C7, 0xC3E7, 0xC3E8, 0xCC08, 0xCC08, 0xCBE7, 0xD4AA, 0xEDEF, 0xEE30, 0xEDF0, 0xEE30, 0xEDEE, 0xF5EF,
    0xF671, 0xF692, 0xF691, 0xF650, 0xEDAE, 0xEDCE, 0xDD0B, 0xD489, 0xD4A9, 0xF60E, 0xFE6F, 0xFED0, 0xFEF1, 0xFEF1, 0xFF12, 0xEDCD,
    0xDC88, 0xE4A9, 0xE50A, 0xF5CD, 0xFDED, 0xDCA9, 0xBB65, 0xC3E7, 0xD448, 0xE50A, 0xED4B, 0xED6C, 0xF5EE, 0xED8C, 0xEDAD, 0xF60E,
    0xFE6F, 0xFE70, 0xF60E, 0xFE4F, 0xDCEA, 0xC3C6, 0xCC47, 0xE52A, 0xEDCE, 0xFEB2, 0xF692, 0xF671, 0xFEF3, 0xFF34, 0x82E8, 0x4963,
    0x4984, 0x4984, 0x4123, 0x2020, 0x2020, 0x2840, 0x2860, 0x6141, 0x9264, 0xB324, 0xCBC5, 0xC3A5, 0xC3C6, 0xCBE7, 0xCC07, 0xD489,
    0xDC89, 0xDC89, 0xD489, 0xE4CA, 0xED2B, 0xE52B, 0xE52B, 0xE52B, 0xE54C, 0xED6C, 0xE56C, 0xE56C, 0xE56C, 0xE58C, 0xE56C, 0xDD2C,
    0xDD0B, 0xD4EB, 0xE56C, 0x9B28, 0x7226, 0xD591, 0xC510, 0xCD71, 0xD5B3, 0xE656, 0xEEB7, 0xEEB6, 0xEEB7, 0xEEB7, 0xEEB7, 0xEEB7,
    0xEEB7, 0xEEB7, 0xFFDC, 0xACB0, 0x6A44, 0xE58C, 0xDD0B, 0xDD2B, 0xDD2B, 0xDD2B, 0xDD2B, 0xD52B, 0xD4EB, 0xD4EB, 0xD4EB, 0xD4EB,
    0xD50B, 0xDD6C, 0xE5AC, 0xE5AD, 0xEDED, 0x8AC6, 0x59A4, 0x61E5, 0x61E4, 0xE6D7, 0xFFFC, 0xFFDA, 0xFFBA, 0xFFBA, 0xFFBA, 0xFFDA,
    0xFFDA, 0xFFDA, 0xFFDA, 0xFFDA, 0xFFDA, 0xFFDA, 0xFFDB, 0xFFFB, 0xFFB9, 0xFED3, 0xFEB3, 0xFEB3, 0xFEB3, 0xFEB3, 0xFEB3, 0xFEB3,
    0xFEB2, 0xFEB2, 0xFEB2, 0xFEB2, 0xFEB2, 0xFEB2, 0xFEB3, 0xFEB3, 0xFEB3, 0xFE92, 0xFE91, 0xFEB2, 0xFEB2, 0xFEB2, 0xFEB2, 0xFE92,
    0xFFB8, 0xFFB9, 0xFF76, 0xFF14, 0xFF35, 0xFF36, 0xFF35, 0xFF14, 0xFF57, 0xFFFA, 0xFFFA, 0xFFFA, 0xFFFA, 0xFFDA, 0xFFFC, 0xFFFB,
    0x6B2A, 0x5267, 0x1881, 0x1881, 0x1080, 0x1080, 0x18A1, 0x18A1, 0x1081, 0x1060, 0x1060, 0x1080, 0x1080, 0x1060, 0x0000, 0x0000,
    0x0840, 0x0000, 0x41E6, 0xD5D4, 0xCD93, 0xCDB4, 0xD5F4, 0xD615, 0xDE56, 0xE676, 0xEEB7, 0xEED8, 0xEEF8, 0xF6F8, 0xEEB8, 0xEEB8,
    0xEEB8, 0xFF59, 0xFF7A, 0xEEB7, 0xDE35, 0xDE14, 0xDE14, 0xC530, 0x7246, 0x6162, 0x8203, 0x9A62, 0x9242, 0x9242, 0x9262, 0xA2A3,
    0xBBA6, 0xC3C7, 0xC3C7, 0xC3C7, 0xC3E8, 0xCC08, 0xCC49, 0xD4AA, 0xE56D, 0xE5CE, 0xE58D, 0xE58D, 0xE5AE, 0xF60F, 0xF630, 0xF62F,
    0xF651, 0xF692, 0xF692, 0xF692, 0xEE0F, 0xEDAD, 0xEDAD, 0xDCA9, 0xD488, 0xDCEA, 0xFE6F, 0xFED0, 0xFEF1, 0xFEF1, 0xFF11, 0xEDAD,
    0xDC88, 0xE4C9, 0xE50A, 0xF5CD, 0xFE0D, 0xDCA9, 0xBB65, 0xC3E6, 0xD448, 0xE50A, 0xED4B, 0xED8D, 0xF5CD, 0xEDAD, 0xF5AD, 0xF5CD,
    0xFE6F, 0xF62F, 0xEDAD, 0xF5EE, 0xDCEA, 0xC3C6, 0xD468, 0xEDAD, 0xF630, 0xF672, 0xF692, 0xFEF3, 0xA40B, 0x8B8A, 0x3923, 0x1800,
    0x30C1, 0x3922, 0x3922, 0x4163, 0x20A1, 0x0800, 0x1020, 0x2880, 0x38A0, 0x71C3, 0x9AA4, 0xA2C4, 0xBB65, 0xCBC6, 0xCC07, 0xD468,
    0xD488, 0xD488, 0xD468, 0xE4EA, 0xED2B, 0xE52B, 0xE52A, 0xE52A, 0xE52A, 0xE56B, 0xE56C, 0xE56C, 0xED6C, 0xE58C, 0xE58C, 0xE58D,
    0xDD4C, 0xDD0B, 0xDD0C, 0xC48B, 0x8AE8, 0x8AE9, 0xC510, 0xCD51, 0xD592, 0xE676, 0xEEB7, 0xEE96, 0xEEB7, 0xEEB7, 0xEEB7, 0xEEB7,
    0xEEB7, 0xEED7, 0xD615, 0x7AEA, 0x7245, 0xE56C, 0xDD0B, 0xDD0B, 0xDD2B, 0xDD2B, 0xDD2B, 0xD50B, 0xD4EB, 0xD4EB, 0xD4EB, 0xD4EB,
    0xD4CB, 0xD50B, 0xE54C, 0xDD4C, 0xE56C, 0xD50C, 0xCCCB, 0xCCEB, 0xC4AB, 0x8308, 0x72A7, 0xD655, 0xFFFD, 0xFFFC, 0xFFFC, 0xFFDA,
    0xFFDA, 0xFFDA, 0xFFDA, 0xFFDA, 0xFFDA, 0xFFDA, 0xFFDA, 0xFFDA, 0xFFDA, 0xFF78, 0xFEB3, 0xFED3, 0xFEB3, 0xFEB2, 0xFEB2, 0xFEB3,
    0xFEB3, 0xFEB2, 0xFEB2, 0xFEB2, 0xFEB2, 0xFEB2, 0xFEB2, 0xFEB2, 0xFEB3, 0xFE92, 0xFE92, 0xFE92, 0xFEB2, 0xFEB2, 0xFE92, 0xFEB2,
    0xFED3, 0xFED3, 0xFEF4, 0xFF97, 0xFFFA, 0xFFFB, 0xFFFA, 0xFFFA, 0xFFDA, 0xFFFA, 0xFFDA, 0xFFFA, 0xFFFA, 0xFFFA, 0xFFDA, 0xFFDA,
    0xFFFD, 0xDEB7, 0x39A4, 0x39A4, 0x39C4, 0x3184, 0x1060, 0x1881, 0x18A1, 0x1881, 0x18A1, 0x18A1, 0x18A1, 0x1081, 0x39A4, 0x62EA,
    0x3143, 0x0000, 0x5227, 0xD5F5, 0xCDB4, 0xCDB4, 0xDE56, 0xE676, 0xE656, 0xE676, 0xE656, 0xEF39, 0xFFDC, 0xFF9B, 0xF6F9, 0xF6F9,
    0xF719, 0xE676, 0xE655, 0xE655, 0xDE14, 0xD5D3, 0xD5D3, 0xC531, 0x5122, 0x9A63, 0x9A63, 0x9262, 0xA2E4, 0xA2C4, 0x9AA3, 0x9AA3,
    0xAB25, 0xBBA6, 0xC3E7, 0xC408, 0xC408, 0xCC08, 0xD48A, 0xF5EE, 0xDD2B, 0xDD0A, 0xE4EA, 0xE50A, 0xE54B, 0xF5AD, 0xF60F, 0xF692,
    0xFF14, 0xFED3, 0xFEB2, 0xFED3, 0xFEB1, 0xE5AD, 0xED6C, 0xDCA9, 0xD488, 0xDCA9, 0xFE4F, 0xFED1, 0xFEF1, 0xFED1, 0xFEF1, 0xFE8F,
    0xF5CC, 0xE4A9, 0xE4E9, 0xF5CD, 0xF5ED, 0xDCEA, 0xCC07, 0xC3E7, 0xCC27, 0xED8C, 0xF5CD, 0xF5CE, 0xF5CE, 0xF5CD, 0xF5CD, 0xF5CD,
    0xFE4F, 0xF60E, 0xEDAD, 0xEDCE, 0xDCCA, 0xC3A6, 0xD4AA, 0xF650, 0xF651, 0xFE92, 0xEE71, 0xACAD, 0x2881, 0x0800, 0x1860, 0x1860,
    0x49C4, 0x6AC6, 0x6285, 0x62A5, 0x6AE6, 0x5A44, 0x28A1, 0x1820, 0x30A1, 0x40C1, 0x6122, 0x81A2, 0xA2A4, 0xBB65, 0xBB65, 0xCBE7,
    0xD468, 0xDC89, 0xDC88, 0xD488, 0xD468, 0xD448, 0xDCA9, 0xE52A, 0xE50A, 0xE50A, 0xE54B, 0xED8C, 0xE58C, 0xED8C, 0xE58C, 0xE58D,
    0xE58D, 0xE58D, 0xDD2C, 0xF5EF, 0xA389, 0x3880, 0xCD51, 0xD592, 0xD5B3, 0xE635, 0xEE96, 0xEE97, 0xEEB7, 0xEEB7, 0xEEB7, 0xEEB7,
    0xEEB7, 0xF718, 0x4985, 0x82C6, 0xCCCC, 0xD50B, 0xDD2C, 0xDD2B, 0xDD2B, 0xDD2B, 0xDD2B, 0xD52B, 0xD4EB, 0xD50B, 0xDD2C, 0xCCAB,
    0xC46A, 0xCCCA, 0xE54C, 0xDD6C, 0xE56C, 0xE58C, 0xED8D, 0xEDAD, 0xE58D, 0xABC8, 0xABA8, 0x9369, 0x8B8B, 0x8B8B, 0x93CC, 0xF779,
    0xFFFB, 0xFFDB, 0xFFDA, 0xFFDA, 0xFFDA, 0xFFDA, 0xFFDA, 0xFFDA, 0xFFDA, 0xFFBA, 0xFF77, 0xFEB3, 0xFED3, 0xFEB3, 0xFEB3, 0xFEB3,
    0xFEB3, 0xFEB3, 0xFEB2, 0xFEB2, 0xFEB2, 0xFEB2, 0xFEB2, 0xFEB2, 0xFEB2, 0xFEB2, 0xFE92, 0xFE92, 0xFE92, 0xFEB2, 0xFEB2, 0xFEB2,
    0xFED3, 0xFED3, 0xFEF4, 0xFF98, 0xFFFA, 0xFFFA, 0xFFFA, 0xFFFA, 0xFFFA, 0xFFFA, 0xFFFA, 0xFFFA, 0xFFFA, 0xFFFA, 0xFFFA, 0xFFFA,
    0xFFDA, 0xFFDA, 0xFFBA, 0xF79A, 0xFFDB, 0xD696, 0x2943, 0x20C2, 0x1881, 0x18A1, 0x1881, 0x0820, 0x0820, 0x0000, 0x946F, 0xFFFF,
    0x5A67, 0x7B6C, 0xB532, 0xCDB4, 0xCDB4, 0xCDB3, 0xD615, 0xE676, 0xE676, 0xE676, 0xE656, 0xE697, 0xE6D8, 0xFF9B, 0xFF9B, 0xF718,
    0xEED7, 0xE635, 0xDE14, 0xDE14, 0xDE14, 0xE675, 0xBCEF, 0x5143, 0x5902, 0x9263, 0x9A62, 0x9242, 0x9263, 0xAB25, 0xB366, 0xB366,
    0xB345, 0xB386, 0xC3E7, 0xCC08, 0xC408, 0xDCCA, 0xE56D, 0xDCCA, 0xD4A9, 0xDCC9, 0xE50A, 0xE50A, 0xE50A, 0xE54B, 0xF5CD, 0xF60E,
    0xF691, 0xFEF3, 0xFEF3, 0xFEF3, 0xFED2, 0xF6B1, 0xE5AD, 0xD468, 0xD488, 0xDCA9, 0xFE6F, 0xFED1, 0xFEF1, 0xFED1, 0xFEF1, 0xFEAF,
    0xF5ED, 0xE4C9, 0xE52A, 0xF5CD, 0xF5CD, 0xED6B, 0xE4EA, 0xCC07, 0xCC07, 0xF5AD, 0xFE0E, 0xF5CE, 0xF5CE, 0xF5EE, 0xED8C, 0xE54B,
    0xEDAD, 0xEDCD, 0xEDAD, 0xEDAD, 0xEDAE, 0xDD2C, 0xDD4D, 0xF672, 0xF651, 0xE5D0, 0xACAD, 0x1000, 0x20A1, 0x2942, 0x2902, 0x2101,
    0x2901, 0x2921, 0x2921, 0x5A65, 0x8366, 0x8BC7, 0x7326, 0x2061, 0x1840, 0x2040, 0x6962, 0x89E3, 0x9A23, 0xA263, 0xA283, 0xA2A3,
    0xBB65, 0xC3A6, 0xC386, 0xC3C6, 0xD407, 0xD407, 0xD427, 0xD448, 0xDCC9, 0xE50A, 0xE54A, 0xE56C, 0xE56C, 0xE56C, 0xE58C, 0xE58D,
    0xE58D, 0xE58D, 0xE5AE, 0xEDAE, 0xD50C, 0xABEA, 0x6205, 0xB48E, 0xDDF3, 0xD5D3, 0xE675, 0xEEB7, 0xEEB7, 0xEEB7, 0xEEB7, 0xEED7,
    0xEED7, 0xF6F8, 0x7B4A, 0x6A25, 0xCCEC, 0xD4EB, 0xD4EB, 0xD50B, 0xDD2B, 0xDD4B, 0xDD6B, 0xDD6C, 0xDD4C, 0xE56C, 0xD4EB, 0xCC8A,
    0xD4EB, 0xDD4C, 0xDD6C, 0xDD4C, 0xDD2C, 0xDD2C, 0xE56D, 0xE56D, 0xE56C, 0xEDAD, 0xEDAD, 0x92E6, 0x7204, 0x7A64, 0x7224, 0xD654,
    0xEF58, 0xF779, 0xFFDA, 0xFFDA, 0xFFDA, 0xFFDA, 0xFFDA, 0xFFDA, 0xFFDA, 0xFFDA, 0xFFBA, 0xFF36, 0xFED3, 0xFEB3, 0xFEB3, 0xFEB3,
    0xFEB3, 0xFEB3, 0xFEB2, 0xFEB2, 0xFEB2, 0xFEB2, 0xFEB2, 0xFEB2, 0xFEB2, 0xFEB2, 0xFE92, 0xFE91, 0xFE92, 0xFE91, 0xFE92, 0xFEF4,
    0xFED3, 0xFED3, 0xFEF4, 0xFFB8, 0xFFDA, 0xFFFB, 0xFFFB, 0xFFFB, 0xFFFB, 0xFFFA, 0xFFFA, 0xFFFA, 0xFFFA, 0xFFFA, 0xFFFA, 0xFFFA,
    0xFFFA, 0xFFFA, 0xFFFB, 0xFFFB, 0xFFFB, 0xFFBA, 0xF77B, 0x946F, 0x0820, 0x1060, 0x0800, 0x4A06, 0x62C8, 0x5AA8, 0x7B6B, 0x49C5,
    0x4163, 0xB511, 0xD5F5, 0xCDB3, 0xD615, 0xDE36, 0xDE36, 0xE676, 0xE676, 0xE676, 0xE676, 0xDE56, 0xDE56, 0xF719, 0xF739, 0xDE35,
    0xD5F4, 0xDE14, 0xD5B3, 0xD5B2, 0xBCAF, 0x9B8B, 0x7A87, 0x4080, 0x8203, 0x8A22, 0xA2C4, 0xB365, 0xAAE4, 0xAB04, 0xB345, 0xBB86,
    0xC3C7, 0xC3C7, 0xC3E7, 0xC3E8, 0xDD2C, 0xDCCA, 0xD469, 0xD4A9, 0xE54B, 0xE56B, 0xE56B, 0xE54B, 0xED4B, 0xED6B, 0xEDAC, 0xEDAC,
    0xF64F, 0xFEF3, 0xFEF3, 0xFEF3, 0xFEF3, 0xFF13, 0xEE2F, 0xDCC9, 0xD468, 0xDCA9, 0xF62E, 0xFE90, 0xFEB0, 0xFED0, 0xFED0, 0xFEAF,
    0xF5EC, 0xE4C9, 0xED6B, 0xF5AC, 0xF5AC, 0xED4B, 0xDCCA, 0xCC07, 0xCC27, 0xE52B, 0xEDAD, 0xF5EE, 0xF5EE, 0xF5EE, 0xE56C, 0xE50B,
    0xDCCA, 0xDCEA, 0xE58D, 0xEDCE, 0xF631, 0xEE52, 0xEE32, 0xEE53, 0xFEF4, 0x8B69, 0x1000, 0x3122, 0x2921, 0x18C0, 0x10A0, 0x10A0,
    0x1080, 0x1080, 0x18A1, 0x41E5, 0x5A85, 0x8BE7, 0x8BC7, 0x8387, 0x28C2, 0x1000, 0x6142, 0x89C2, 0x9202, 0x9A43, 0xA283, 0xA283,
    0xB304, 0xB325, 0xB345, 0xC3C6, 0xCC07, 0xCC07, 0xD407, 0xD408, 0xDC69, 0xDC89, 0xDC89, 0xDC89, 0xD4A9, 0xD4CA, 0xE56C, 0xE56C,
    0xE58D, 0xE58D, 0xE5AE, 0xE58E, 0xEDCF, 0xE5CF, 0x4942, 0xAC6E, 0xDDF3, 0xDDF3, 0xEE76, 0xEE76, 0xEE96, 0xEE96, 0xEEB7, 0xEED7,
    0xEED7, 0xF6F8, 0xEED7, 0x4124, 0xBC2A, 0xD4EB, 0xCCCB, 0xD4CB, 0xDD4B, 0xE56C, 0xE56C, 0xE56C, 0xDD6C, 0xD4EB, 0xCCAB, 0xD50B,
    0xDD6C, 0xDD6C, 0xDD4C, 0xD4EC, 0xC46A, 0xCC8B, 0xD4CB, 0xD4CB, 0xD4CB, 0xDD4C, 0xDD4C, 0xE58D, 0xEDAD, 0xF5ED, 0xD52C, 0x5963,
    0x50E1, 0xD614, 0xFFFE, 0xFFDA, 0xFFDA, 0xFFDA, 0xFFDA, 0xFFDA, 0xFFDA, 0xFFDA, 0xFFDA, 0xFFDA, 0xFEF4, 0xFEB3, 0xFEB3, 0xFEB3,
    0xFEB3, 0xFEB3, 0xFEB2, 0xFEB2, 0xFEB2, 0xFEB2, 0xFE92, 0xFE92, 0xFE92, 0xFE71, 0xFED3, 0xFF56, 0xFF56, 0xFF57, 0xFF57, 0xFF98,
    0xFED3, 0xFED3, 0xFEF3, 0xFF56, 0xFFDA, 0xFFFB, 0xFFFB, 0xFFFB, 0xFFFA, 0xFFFA, 0xFFFB, 0xFFFA, 0xFFFA, 0xFFFA, 0xFFFA, 0xFFFA,
    0xFFFA, 0xFFDA, 0xFFDA, 0xFFDA, 0xFFDA, 0xFFFB, 0xFFFB, 0xF7BB, 0x9CAF, 0x2922, 0x3984, 0xD675, 0xFFFC, 0xFFFD, 0xEF78, 0x6AE8,
    0x4964, 0xACB0, 0xD5F4, 0xCDB3, 0xDE35, 0xE676, 0xE677, 0xE676, 0xE677, 0xE677, 0xE676, 0xDE55, 0xDE14, 0xDDF4, 0xDDF4, 0xDE14,
    0xDE14, 0xDE14, 0xCD92, 0xD5B2, 0xAC0C, 0x3020, 0x5101, 0x71A2, 0x8A42, 0x8222, 0x8A42, 0x9AC4, 0xBBA7, 0xC3C7, 0xBB86, 0xBBA6,
    0xC3C7, 0xC3C7, 0xC3C7, 0xD469, 0xD48A, 0xD489, 0xD489, 0xD489, 0xE4EA, 0xED6B, 0xED8B, 0xEDAC, 0xEDAC, 0xEDAC, 0xEDAC, 0xF5CD,
    0xF62E, 0xF670, 0xFED2, 0xFEF3, 0xFED3, 0xFED2, 0xFED1, 0xE58C, 0xD468, 0xDCA8, 0xD4C9, 0xEDED, 0xFE90, 0xF64E, 0xF66F, 0xFE6F,
    0xF5ED, 0xE4C9, 0xED6B, 0xF5AC, 0xF5AC, 0xED4B, 0xDCCA, 0xCC07, 0xD427, 0xDCA9, 0xED6C, 0xF60E, 0xF5EE, 0xF5EE, 0xE56C, 0xE52B,
    0xDCEB, 0xD489, 0xE54C, 0xEDEF, 0xF673, 0xF694, 0xF694, 0xF6B4, 0xCD70, 0x51E5, 0x1860, 0x3142, 0x2922, 0x1080, 0x1080, 0x1080,
    0x10A0, 0x10A0, 0x10A0, 0x0860, 0x39C3, 0x7B67, 0x8BC7, 0x9427, 0x6A65, 0x1840, 0x48C1, 0x9AE6, 0xDD0C, 0xB366, 0xA283, 0xAB04,
    0xBB86, 0xC3A6, 0xC3A6, 0xCBE7, 0xCC07, 0xCBE7, 0xCBE7, 0xD407, 0xD469, 0xD448, 0xD449, 0xDCCA, 0xE52B, 0xE52B, 0xE56C, 0xE58C,
    0xE58D, 0xE58D, 0xE5AE, 0xE5AE, 0xE5AE, 0xDD6E, 0x5142, 0xBCCF, 0xEE34, 0xDDD3, 0xDDF3, 0xDDF4, 0xE676, 0xEE76, 0xEEB7, 0xEED7,
    0xEED7, 0xF6F8, 0xE6B7, 0x5164, 0xBC4A, 0xD4EC, 0xD4AB, 0xD4EB, 0xE56C, 0xE56C, 0xE56C, 0xE56C, 0xE56C, 0xDD4C, 0xDD4C, 0xDD6C,
    0xDD6C, 0xDD6D, 0xD4EB, 0xC46A, 0xC46B, 0xC46B, 0xC46A, 0xC46A, 0xC46A, 0xD52C, 0xDD2B, 0xDD2B, 0xDD2B, 0xDD2B, 0xDD2B, 0xC48A,
    0xC46A, 0xB4EF, 0xB531, 0xF778, 0xFFDA, 0xFFB9, 0xFFBA, 0xFFBA, 0xFFDA, 0xFFDA, 0xFFDA, 0xFFDA, 0xFFB9, 0xFF35, 0xFEB2, 0xFED2,
    0xFEB2, 0xFEB2, 0xFEB2, 0xFE92, 0xFE92, 0xFE91, 0xFEF4, 0xFF77, 0xFF77, 0xFF57, 0xFF98, 0xFFFA, 0xFFDB, 0xFFDB, 0xFFDA, 0xFFDB,
    0xFED3, 0xFEF4, 0xFF14, 0xFF55, 0xFFD9, 0xFFFB, 0xFFFB, 0xFFFB, 0xFFFA, 0xFFFA, 0xFFFB, 0xFFFA, 0xFFFA, 0xFFFA, 0xFFFA, 0xFFFA,
    0xFFFA, 0xFFDA, 0xFFFA, 0xFFFA, 0xFFFA, 0xFFFA, 0xFFDA, 0xFFFB, 0xFFDA, 0xF779, 0xFFDA, 0xFFDA, 0xFFDA, 0xDE96, 0xEF38, 0xFFFD,
    0x6A87, 0xA46F, 0xD615, 0xCDB4, 0xDE15, 0xE656, 0xE656, 0xE676, 0xE656, 0xE636, 0xDE36, 0xDE35, 0xDE14, 0xDE14, 0xDDF4, 0xDE14,
    0xDE14, 0xDE14, 0xDDF4, 0xD592, 0xB44D, 0x38A1, 0x71A2, 0x8A42, 0x8202, 0x8202, 0x8201, 0x8201, 0x9283, 0xAB04, 0xBBC7, 0xBBC7,
    0xC3C7, 0xC3E7, 0xCC49, 0xD4AA, 0xD469, 0xD469, 0xD489, 0xD489, 0xD489, 0xD489, 0xDCAA, 0xED6B, 0xED8B, 0xED8B, 0xED8C, 0xF5AC,
    0xF64F, 0xF670, 0xFEB1, 0xFEB1, 0xFEB2, 0xFED2, 0xF690, 0xF62F, 0xDD2A, 0xD468, 0xD4A8, 0xED8C, 0xFE90, 0xF62E, 0xFE2E, 0xF5CD,
    0xED4B, 0xDCA9, 0xE52B, 0xF5AD, 0xED6B, 0xED4B, 0xDCCA, 0xCC27, 0xCC28, 0xDCA9, 0xE52B, 0xF5CE, 0xF5EF, 0xF60E, 0xE56C, 0xD4CA,
    0xDCEA, 0xD4AA, 0xE56C, 0xE5CF, 0xF673, 0xF694, 0xEE73, 0xFF16, 0x72E9, 0x0800, 0x3962, 0x2901, 0x1080, 0x10A1, 0x10A1, 0x10A0,
    0x10A0, 0x10A0, 0x10A0, 0x10A0, 0x0860, 0x41C3, 0x8BE8, 0x8BC7, 0xB4A9, 0x28C2, 0x2840, 0x9306, 0xFE70, 0xD469, 0xB303, 0xCBE7,
    0xD448, 0xD448, 0xD469, 0xDC89, 0xD469, 0xDCA9, 0xE50A, 0xE4EA, 0xDC69, 0xDC69, 0xD469, 0xDCAA, 0xE54C, 0xED6C, 0xE56C, 0xE58C,
    0xE58D, 0xE58D, 0xE58E, 0xE5AE, 0xE5AE, 0xE58E, 0x82A6, 0x9B8A, 0xBC8F, 0xDDF3, 0xDDF3, 0xE655, 0xEE76, 0xE676, 0xEE96, 0xEEB7,
    0xEED7, 0xF6F8, 0xE6B7, 0x5164, 0xBC4A, 0xD4EB, 0xD4CB, 0xE54C, 0xE58C, 0xE56C, 0xE56C, 0xE56C, 0xE56C, 0xE58C, 0xE58C, 0xE56C,
    0xDD4C, 0xCCCB, 0xC48A, 0xC46A, 0xC46A, 0xC46B, 0xC48B, 0xC48B, 0xC46A, 0xC46A, 0xC46A, 0xD50B, 0xDD4B, 0xE54B, 0xE54B, 0xEDAD,
    0xF62F, 0x9327, 0x6182, 0xA44C, 0xFFFB, 0xFFFC, 0xFFFC, 0xFFFC, 0xFFDA, 0xFFBA, 0xFFDA, 0xFFDA, 0xFFDB, 0xFF57, 0xFED3, 0xFEB2,
    0xFEB2, 0xFEB2, 0xFF15, 0xFF36, 0xFF16, 0xFF15, 0xFF98, 0xFFFB, 0xFFDA, 0xFFDA, 0xFFDA, 0xFFBA, 0xFFBA, 0xFFBA, 0xFFDA, 0xFFDB,
    0xFEF3, 0xFEF4, 0xFEF3, 0xFEF4, 0xFF77, 0xFFFB, 0xFFFB, 0xFFFB, 0xFFFA, 0xFFFA, 0xFFFB, 0xFFFA, 0xFFFA, 0xFFFA, 0xFFFA, 0xFFFA,
    0xFFFA, 0xFFFA, 0xFFFA, 0xFFFA, 0xFFDA, 0xFFDA, 0xFFFA, 0xFFDA, 0xFFFB, 0xFFFB, 0xFFFA, 0xFFDA, 0xFFFC, 0x838A, 0x8C0D, 0xCE57,
    0x4984, 0x9C2E, 0xDE15, 0xD5D4, 0xD5F4, 0xD5F5, 0xE656, 0xE636, 0xDE36, 0xDE35, 0xDE35, 0xDE15, 0xDE14, 0xDE14, 0xDE14, 0xDE14,
    0xDE14, 0xDE34, 0xD5D3, 0xCD51, 0xAC2D, 0x3040, 0x6962, 0x8A22, 0x8202, 0x9263, 0x9262, 0x9242, 0xA2C4, 0xA2C3, 0xA2C4, 0xA2E4,
    0xBBA6, 0xC408, 0xE4EB, 0xDCAA, 0xD469, 0xD489, 0xDCCA, 0xDCCA, 0xDCC9, 0xDCCA, 0xDCEA, 0xE52A, 0xF5CD, 0xF62E, 0xF62E, 0xF62F,
    0xFE91, 0xFED2, 0xFEB2, 0xFEB2, 0xFEB2, 0xFED2, 0xF691, 0xF62F, 0xE56C, 0xDCA9, 0xD4A9, 0xE52B, 0xEDED, 0xEDAC, 0xEDCD, 0xE52B,
    0xDCA9, 0xD468, 0xE50A, 0xF5AD, 0xE54B, 0xED4B, 0xDCCA, 0xD469, 0xD469, 0xD489, 0xE50A, 0xEDAD, 0xF60F, 0xEDAD, 0xED8C, 0xD489,
    0xD4A9, 0xD4EA, 0xE56D, 0xE5EF, 0xEE73, 0xF674, 0xFED5, 0xD5B2, 0x4163, 0x41A2, 0x4182, 0x3121, 0x2102, 0x73CE, 0x840F, 0x2943,
    0x10A1, 0x10A1, 0x1080, 0x10A0, 0x0860, 0x3162, 0x7346, 0x7B46, 0xB489, 0x28E2, 0x2020, 0x7245, 0xF610, 0xE54D, 0xD489, 0xD427,
    0xCC28, 0xCC27, 0xD468, 0xDCC9, 0xDCC9, 0xE4EA, 0xE54B, 0xDCC9, 0xD468, 0xD469, 0xDC69, 0xD469, 0xD489, 0xD4A9, 0xED6C, 0xE58C,
    0xE58C, 0xE58D, 0xE5AE, 0xE58E, 0xE58E, 0xE58E, 0xF610, 0x7A44, 0x7266, 0xE634, 0xDDF3, 0xEE96, 0xE676, 0xE676, 0xE676, 0xEEB6,
    0xEED7, 0xF6D7, 0xEEB7, 0x51A5, 0xBC4A, 0xD4CC, 0xD4EB, 0xEDAD, 0xE58C, 0xE58C, 0xD4EB, 0xD50B, 0xE56C, 0xDD6C, 0xE56C, 0xDD6C,
    0xDD4C, 0xD4EB, 0xD4EB, 0xD4EB, 0xD4EB, 0xC48B, 0xC46B, 0xC46B, 0xCCAB, 0xDD2B, 0xDD2B, 0xDD2B, 0xDD2B, 0xDD2C, 0xDD2B, 0xE54C,
    0xE56C, 0xE56D, 0xE58D, 0x8AE6, 0x93CC, 0x9C4D, 0x9C2D, 0x9C4D, 0xF799, 0xFFFB, 0xFF99, 0xFFB9, 0xFFB9, 0xFF97, 0xFF34, 0xFF35,
    0xFF77, 0xFF78, 0xFFB9, 0xFFDA, 0xFFDA, 0xFFDA, 0xFFDA, 0xFFBA, 0xFFDA, 0xFFDA, 0xFFDA, 0xFFDA, 0xFFDA, 0xFFDA, 0xFFDA, 0xFFDB,
    0xFEF3, 0xFEF4, 0xFEF3, 0xFEF4, 0xFFB8, 0xFFDA, 0xFFDA, 0xFFDA, 0xFFFA, 0xFFFB, 0xFFFB, 0xFFFB, 0xFFFB, 0xFFFB, 0xFFFA, 0xFFDA,
    0xFFFB, 0xFFFB, 0xFFFA, 0xFFFA, 0xFFDA, 0xFFDA, 0xFFFA, 0xFFFA, 0xFFDA, 0xFFDA, 0xFFDA, 0xFFDA, 0xFFDA, 0xF79A, 0xAD10, 0x4123,
    0xACB0, 0xC573, 0xD5F4, 0xD5F4, 0xD5F4, 0xD5F4, 0xE636, 0xE636, 0xDE36, 0xDE35, 0xDE35, 0xDE15, 0xDE35, 0xDE35, 0xDE34, 0xDE34,
    0xDE14, 0xDDF4, 0xD591, 0x9BCB, 0x61C4, 0x6162, 0x71C2, 0x8202, 0x8202, 0x9AC3, 0xBBC6, 0xBBA6, 0xC3E7, 0xC3E7, 0xC3C7, 0xC3C7,
    0xC3E7, 0xCC28, 0xCC28, 0xD449, 0xD469, 0xD468, 0xED6B, 0xF5ED, 0xF5CC, 0xF5CC, 0xF62E, 0xFEB0, 0xFE90, 0xFEB1, 0xFEB1, 0xFEB1,
    0xF691, 0xFEB2, 0xF6B2, 0xF6B2, 0xF6B2, 0xF6B2, 0xFEB2, 0xF691, 0xEDEE, 0xE54B, 0xE54B, 0xEDEE, 0xEDAD, 0xE52B, 0xE52B, 0xDCA9,
    0xD468, 0xD468, 0xE50A, 0xE52B, 0xE50A, 0xE54B, 0xDCEA, 0xDCAA, 0xDCAA, 0xD489, 0xE50A, 0xEDCD, 0xFE2F, 0xE56C, 0xDD0B, 0xD4A9,
    0xD489, 0xD4CA, 0xE5CF, 0xEE73, 0xEE94, 0xF695, 0xF6B5, 0x7AE9, 0x4141, 0x5A43, 0x41A2, 0x3962, 0x2102, 0x8C50, 0xA513, 0x2964,
    0x10A1, 0x18C1, 0x1080, 0x1080, 0x1080, 0x18A1, 0x4A24, 0x5A64, 0xCD29, 0x8B88, 0x1000, 0x59A3, 0xF610, 0xF671, 0xE56C, 0xCC07,
    0xCC07, 0xD428, 0xDCA9, 0xDCA9, 0xDCA9, 0xDCCA, 0xE52B, 0xE4EA, 0xE4EA, 0xDC89, 0xD448, 0xD468, 0xD448, 0xD469, 0xED6C, 0xED8C,
    0xE58C, 0xE58D, 0xE5AE, 0xE58E, 0xE58E, 0xDD6E, 0xEDCF, 0x8285, 0x82E8, 0xE634, 0xDDF4, 0xEE76, 0xE676, 0xE675, 0xE676, 0xEEB7,
    0xEEB7, 0xF6F8, 0xA44E, 0x38E2, 0xC48B, 0xD4CB, 0xD50B, 0xE56C, 0xE56C, 0xE54C, 0xCCCB, 0xD4EB, 0xE56C, 0xE58D, 0xDD2C, 0xD4EB,
    0xD50B, 0xD50B, 0xD50C, 0xD50B, 0xD4EB, 0xC46A, 0xC46B, 0xC44A, 0xCCCB, 0xDD2C, 0xDD2B, 0xDD2B, 0xDD2B, 0xDD2B, 0xDD2C, 0xD4EB,
    0xCCAB, 0xCCCB, 0xE54C, 0xB3E9, 0x61A3, 0x69C3, 0x69C3, 0x69E4, 0xACCF, 0xDE53, 0xFF13, 0xFED2, 0xFEF3, 0xFED2, 0xFEB2, 0xFF35,
    0xFFB9, 0xFFDA, 0xFFBA, 0xFFDA, 0xFFDA, 0xFFBA, 0xFFDA, 0xFFBA, 0xFFDA, 0xFFDA, 0xFFDA, 0xFFDA, 0xFFDA, 0xFFDA, 0xFFDB, 0xFFDA,
    0xFEF3, 0xFEF4, 0xFEF3, 0xFEF4, 0xFFB8, 0xFFDA, 0xFFB9, 0xFFB9, 0xFFFB, 0xFFFB, 0xFFFB, 0xFFFB, 0xFFFB, 0xFFFB, 0xFFFA, 0xFFFB,
    0xFFFB, 0xFFFB, 0xFFFB, 0xFFFA, 0xFFDA, 0xFFFA, 0xFFFA, 0xFFDA, 0xFFDA, 0xFFDA, 0xFFDA, 0xFFDA, 0xFFD9, 0xFFFC, 0xBD72, 0x4984,
    0xE656, 0xD615, 0xD5F4, 0xD5F4, 0xD5F4, 0xDE35, 0xE636, 0xE636, 0xE636, 0xE636, 0xE635, 0xE635, 0xE635, 0xDE35, 0xDE34, 0xE635,
    0xDE14, 0xC551, 0xD571, 0x9BCB, 0x48C0, 0x8223, 0x79E2, 0x79E1, 0x8201, 0x8201, 0x9AC3, 0xC3E7, 0xC407, 0xCC08, 0xCC08, 0xCC08,
    0xCC28, 0xCC28, 0xD448, 0xDCA9, 0xDCA9, 0xDCCA, 0xE54B, 0xE54B, 0xEDAC, 0xF60D, 0xF62E, 0xFE90, 0xFE90, 0xF670, 0xF6B1, 0xFED2,
    0xFF13, 0xFF14, 0xFF14, 0xFF14, 0xFF14, 0xFF14, 0xFED3, 0xFED3, 0xFE92, 0xF672, 0xEE10, 0xF631, 0xEDEF, 0xE52C, 0xE52B, 0xDCCA,
    0xD469, 0xD469, 0xD469, 0xD468, 0xE50A, 0xE54B, 0xDCEA, 0xD489, 0xD4A9, 0xD4A9, 0xE50B, 0xEDAD, 0xFE2F, 0xED8D, 0xD4CA, 0xD4AA,
    0xD489, 0xDCEB, 0xEE10, 0xF694, 0xF6B5, 0xF6B5, 0xEE95, 0x3902, 0x4162, 0x5A43, 0x41A3, 0x3982, 0x20E1, 0x4227, 0x39E7, 0x20E3,
    0x2103, 0x18C1, 0x1080, 0x1080, 0x1080, 0x18A1, 0x5265, 0x6285, 0xD56A, 0xA449, 0x1000, 0x5183, 0xF610, 0xF651, 0xE54C, 0xCC07,
    0xCC28, 0xD448, 0xD468, 0xD468, 0xDC89, 0xE4EA, 0xE52B, 0xE52B, 0xE52B, 0xE4EA, 0xDC89, 0xD448, 0xD448, 0xD469, 0xD4A9, 0xDD0B,
    0xEDAD, 0xE58D, 0xE58E, 0xE58E, 0xE56E, 0xDD6E, 0xEDCF, 0x8265, 0x8B09, 0xEE54, 0xDDD3, 0xE635, 0xEE96, 0xEE96, 0xEE96, 0xEEB7,
    0xE696, 0xFF7A, 0x8BAB, 0x2820, 0xC4AB, 0xCCCB, 0xCCAB, 0xCCAA, 0xCCAA, 0xD4CB, 0xD4EB, 0xDD2C, 0xDD2C, 0xD4EB, 0xD4EB, 0xCCCB,
    0xD4EB, 0xD4EB, 0xCCCB, 0xCCAB, 0xCC8B, 0xC46A, 0xCCAA, 0xD4EB, 0xD50B, 0xDD2B, 0xDD2B, 0xDD2B, 0xDD2B, 0xDD0B, 0xCCAA, 0xCC8A,
    0xC46A, 0xCC8A, 0xDD2B, 0xE56C, 0xEDAD, 0xEDAD, 0xEDCE, 0xF5EE, 0x7204, 0xA3C9, 0xFF74, 0xFED2, 0xFE91, 0xFEB1, 0xFED2, 0xFED2,
    0xFF35, 0xFFB9, 0xFFDA, 0xFFDA, 0xFFDA, 0xFFDA, 0xFFDA, 0xFFDA, 0xFFDA, 0xFFDA, 0xFFDA, 0xFFDB, 0xFFDB, 0xFFDB, 0xFFDA, 0xFFDA,
    0xFEF3, 0xFEF4, 0xFEF3, 0xFF14, 0xFFB8, 0xFFDA, 0xFFDA, 0xFFDA, 0xFFFB, 0xFFFB, 0xFFFB, 0xFFFB, 0xFFFB, 0xFFFB, 0xFFFA, 0xFFFA,
    0xFFFB, 0xFFFB, 0xFFFB, 0xFFFB, 0xFFFA, 0xFFFA, 0xFFFA, 0xFFDA, 0xFFDA, 0xFFDA, 0xFFFA, 0xFFDA, 0xFFD9, 0xFFFB, 0xBD72, 0x4964,
    0xD5F4, 0xD5F4, 0xD5F4, 0xD5F4, 0xD5F4, 0xDE35, 0xDE36, 0xE636, 0xE636, 0xE656, 0xE656, 0xE656, 0xE656, 0xE655, 0xE655, 0xDDF4,
    0xD592, 0xCD91, 0xAC4D, 0x5983, 0x5922, 0x8A64, 0x92A4, 0x9AE4, 0xA2E4, 0xA2E4, 0xAB04, 0xBB86, 0xB365, 0xC3C7, 0xC408, 0xC3E8,
    0xCC28, 0xCC48, 0xD469, 0xE52B, 0xE52B, 0xE54B, 0xE52B, 0xED8C, 0xF64F, 0xFEB0, 0xFEB0, 0xFEB0, 0xFEF2, 0xFF53, 0xFEF2, 0xBCCD,
    0x6A87, 0x6AA7, 0x6A87, 0x6287, 0x6267, 0x6AA8, 0xDDD2, 0xEE53, 0xE612, 0xF694, 0xF6B4, 0xF694, 0xF693, 0xEE31, 0xDD0B, 0xDCCA,
    0xD468, 0xD469, 0xD448, 0xD448, 0xDCEB, 0xE54C, 0xE50B, 0xDCEA, 0xDCCA, 0xD4A9, 0xE52B, 0xED8C, 0xEDAD, 0xED6C, 0xDCEA, 0xD4AA,
    0xD489, 0xD4EA, 0xEE30, 0xF694, 0xF6B5, 0xF6B6, 0xF6B6, 0x4163, 0x4962, 0x5A63, 0x41C2, 0x41C2, 0x2122, 0x10C1, 0x0020, 0x1081,
    0x20E3, 0x18C1, 0x1080, 0x1080, 0x1080, 0x18A1, 0x5265, 0x5A84, 0xD569, 0xA408, 0x1000, 0x4942, 0xF610, 0xF651, 0xE52C, 0xD448,
    0xD448, 0xD448, 0xD448, 0xD468, 0xE50B, 0xED4B, 0xE52B, 0xE50B, 0xE50B, 0xE52B, 0xDCA9, 0xD428, 0xD468, 0xD469, 0xD4A9, 0xDCCA,
    0xE52B, 0xE58D, 0xE5AE, 0xE5AE, 0xE5AE, 0xE58E, 0xEDEF, 0x8285, 0x82C8, 0xDDD3, 0xDE14, 0xDE34, 0xEE96, 0xEE96, 0xEE96, 0xEE96,
    0xEEB7, 0xBD11, 0x7AE8, 0x61E4, 0xCCAB, 0xCCCB, 0xCCAB, 0xCCAB, 0xCCAB, 0xD4CB, 0xD50B, 0xDD4C, 0xDD2C, 0xCCAA, 0xCCCB, 0xD50C,
    0xDD2C, 0xDD2C, 0xD4EB, 0xCCCB, 0xCCCB, 0xCCCB, 0xD4EB, 0xDD2B, 0xD52B, 0xD52B, 0xDD2B, 0xD50B, 0xCCCA, 0xD4EB, 0xD50B, 0xDD0B,
    0xDD0B, 0xD4EB, 0xD50B, 0xDD2B, 0xDD2C, 0xDD2C, 0xDD2C, 0xDD2B, 0xEDAD, 0xBC4A, 0x7225, 0x9B88, 0xFF12, 0xFEB1, 0xFE91, 0xFEB1,
    0xFED2, 0xFF14, 0xFFBA, 0xFFDB, 0xFFDA, 0xFFDA, 0xFFDA, 0xFFDB, 0xFFDB, 0xFFDB, 0xFFDB, 0xFFDA, 0xFFDA, 0xFFDA, 0xFFDA, 0xFFDA,
    0xFEF3, 0xFEF3, 0xFEF4, 0xFEF3, 0xFF36, 0xFF99, 0xFFFB, 0xFFDB, 0xFFFB, 0xFFFB, 0xFFFB, 0xFFFB, 0xFFFB, 0xFFFB, 0xFFFB, 0xFFFB,
    0xFFFA, 0xFFFB, 0xFFFB, 0xFFFB, 0xFFFA, 0xFFFA, 0xFFFA, 0xFFDA, 0xFFDA, 0xFFDA, 0xFFDA, 0xFFDA, 0xFFD9, 0xFFFB, 0xBD72, 0x4984,
    0xD5F5, 0xD5F4, 0xD5F4, 0xD5F4, 0xD615, 0xD5F4, 0xDE15, 0xE656, 0xE656, 0xE656, 0xE656, 0xE636, 0xDE35, 0xDDF4, 0xD5D3, 0xCD51,
    0xC510, 0xBCEF, 0x7AA8, 0x3860, 0x5101, 0x9284, 0xA2E4, 0xBB86, 0xB386, 0xC3E7, 0xC3E7, 0xBBC7, 0xBBA6, 0xC3E7, 0xCC28, 0xCC28,
    0xCC28, 0xCC49, 0xD489, 0xE52B, 0xE52B, 0xE56C, 0xEDCD, 0xF66F, 0xFEB0, 0xFE90, 0xFED1, 0xFEF2, 0xEE0F, 0xBCCD, 0xB4AC, 0x7287,
    0x0800, 0x1000, 0x1000, 0x1000, 0x1000, 0x1000, 0x3102, 0x28C2, 0x4984, 0xF6B4, 0xFEF5, 0xEEB4, 0xF6B5, 0xF6B5, 0xF653, 0xE58E,
    0xCC49, 0xD449, 0xD449, 0xD449, 0xD469, 0xDCEA, 0xE56C, 0xE56C, 0xE50B, 0xD489, 0xE52B, 0xED8D, 0xED8C, 0xE56C, 0xDCEA, 0xD4AA,
    0xD4CA, 0xE58E, 0xEE31, 0xF6B5, 0xF6D6, 0xF6D6, 0xF6D6, 0x4163, 0x4981, 0x9408, 0x5223, 0x4A23, 0x3142, 0x0860, 0x1080, 0x0860,
    0x10A1, 0x18C2, 0x1080, 0x1080, 0x1060, 0x18C1, 0x62E5, 0x8365, 0xDDAA, 0xA428, 0x0800, 0x7AA6, 0xFE50, 0xFE71, 0xE54C, 0xCBE7,
    0xD448, 0xD448, 0xD448, 0xD469, 0xDCCA, 0xDCCA, 0xDCEA, 0xE52B, 0xE50B, 0xE52B, 0xE50B, 0xDCCA, 0xD448, 0xD469, 0xDCCA, 0xD4CA,
    0xDD0B, 0xE58D, 0xE58D, 0xE58D, 0xE5AE, 0xE5AE, 0xE5AE, 0xDD8F, 0x9308, 0x82E8, 0xEE75, 0xEE76, 0xEE96, 0xEE96, 0xEE96, 0xEE96,
    0xF6F8, 0x6246, 0x5162, 0xD4EB, 0xC48A, 0xC46A, 0xC46A, 0xCCAA, 0xD4CB, 0xCCAA, 0xCCAA, 0xD4EB, 0xD4EB, 0xCCAB, 0xCCAA, 0xD50C,
    0xD50C, 0xD52C, 0xDD4C, 0xDD6C, 0xDD6C, 0xDD6C, 0xDD4C, 0xDD4C, 0xCCCB, 0xCCAA, 0xCCAB, 0xCCAB, 0xD4CB, 0xD4EB, 0xDD0B, 0xDD2C,
    0xDD0C, 0xD4EB, 0xD4EB, 0xD4EB, 0xD4EB, 0xDD2C, 0xDD2C, 0xDD2C, 0xE58D, 0xC46A, 0x9B27, 0xB409, 0xABEA, 0xEE50, 0xFF12, 0xFEB1,
    0xFEB1, 0xFEB1, 0xFF35, 0xFFB9, 0xFFDC, 0xFFDB, 0xFFDA, 0xFFDB, 0xFFDB, 0xFFDB, 0xFFDB, 0xFFDB, 0xFFDB, 0xFFDB, 0xFFDA, 0xFFDA,
    0xFF14, 0xFEF3, 0xFEF4, 0xFED3, 0xFF36, 0xFFDA, 0xFFDB, 0xFFFB, 0xFFFB, 0xFFFB, 0xFFFB, 0xFFFB, 0xFFFB, 0xFFFB, 0xFFFB, 0xFFFB,
    0xFFFB, 0xFFFB, 0xFFFB, 0xFFFB, 0xFFFA, 0xFFFA, 0xFFFA, 0xFFFA, 0xFFDA, 0xFFDA, 0xFFDA, 0xFFDA, 0xFFD9, 0xFFFB, 0xC5D4, 0x4943,
    0xD5F5, 0xD5F4, 0xD5F4, 0xD615, 0xD615, 0xD614, 0xDE15, 0xDE36, 0xE656, 0xE656, 0xE656, 0xE656, 0xD5B3, 0xC551, 0xC510, 0xBCEF,
    0xC530, 0x934A, 0x3880, 0x8A64, 0x8A64, 0x9AC4, 0xAB05, 0xB345, 0xB345, 0xCC08, 0xD469, 0xCC69, 0xD469, 0xCC48, 0xCC48, 0xCC48,
    0xD469, 0xE50B, 0xE52B, 0xE52B, 0xE52B, 0xE54B, 0xEDCD, 0xFE4F, 0xFE90, 0xFE90, 0xEDEF, 0xE5F0, 0xA3EA, 0x1800, 0x1000, 0x1840,
    0x20A1, 0x20E2, 0x20E1, 0x20E1, 0x2901, 0x2902, 0x20C1, 0x20C1, 0x28C2, 0x4185, 0x5A26, 0xF6D5, 0xFED5, 0xF6B5, 0xF6D6, 0xF6B5,
    0xE5D0, 0xDCEA, 0xD489, 0xD469, 0xD448, 0xDCAA, 0xE56C, 0xE56C, 0xE52C, 0xDD0B, 0xDCEA, 0xE54C, 0xEDAD, 0xED8D, 0xE52B, 0xD4A9,
    0xD4CA, 0xEE10, 0xEE72, 0xF6B5, 0xF6D6, 0xF6D6, 0xF6D6, 0x4164, 0x4182, 0xA448, 0x5243, 0x4A23, 0x3182, 0x0860, 0x1080, 0x1060,
    0x1080, 0x1080, 0x1080, 0x1080, 0x1060, 0x18C1, 0x6B25, 0xAC47, 0xAC27, 0x51E4, 0x0800, 0x9BA9, 0xFE91, 0xE54C, 0xD4A9, 0xCC07,
    0xD448, 0xD448, 0xD469, 0xD489, 0xDC89, 0xDCAA, 0xE50B, 0xE50B, 0xE50B, 0xDCEA, 0xE4EA, 0xD489, 0xD448, 0xD448, 0xCC49, 0xD4AA,
    0xDCCA, 0xDD0B, 0xDD2B, 0xE54C, 0xE56D, 0xE58E, 0xDD6E, 0xF60F, 0x9B68, 0x82E8, 0xEE96, 0xEE76, 0xEE96, 0xEE96, 0xEE96, 0xEE96,
    0xFF18, 0x72C8, 0x5182, 0xCC8A, 0xBC29, 0xBC29, 0xBC29, 0xCC8B, 0xC46A, 0xC46A, 0xCCAA, 0xCCAA, 0xCCAA, 0xCCAA, 0xCCAA, 0xCC8A,
    0xC48A, 0xCCAA, 0xCCCA, 0xCCEB, 0xCCEB, 0xCC8A, 0xCC8A, 0xCC8A, 0xC48A, 0xC48B, 0xC48A, 0xCC8A, 0xD50B, 0xD4EB, 0xD4EB, 0xD4EB,
    0xD4EB, 0xD4EB, 0xD4EB, 0xD4EB, 0xD4EB, 0xD50B, 0xDD2C, 0xDD2C, 0xDD4C, 0xE58C, 0xF5ED, 0xDD6D, 0x69C4, 0xABE9, 0xD54D, 0xFEB2,
    0xFEB1, 0xFED2, 0xFEB1, 0xFF35, 0xFFB9, 0xFFDA, 0xFFDA, 0xFFDB, 0xFFDB, 0xFFDB, 0xFFDB, 0xFFDB, 0xFFDB, 0xFFDB, 0xFFDA, 0xFFDA,
    0xFF14, 0xFF14, 0xFF14, 0xFF14, 0xFF35, 0xFFB9, 0xFFFB, 0xFFFB, 0xFFFB, 0xFFFB, 0xFFFB, 0xFFFB, 0xFFFB, 0xFFFB, 0xFFFA, 0xFFFB,
    0xFFFB, 0xFFFA, 0xFFFA, 0xFFDA, 0xFFFA, 0xFFFA, 0xFFFA, 0xFFFA, 0xFFD9, 0xFFDA, 0xFFDA, 0xFFDA, 0xFFFA, 0xF799, 0x72E9, 0x7AEA,
    0xDE35, 0xD5F4, 0xDE15, 0xDE15, 0xDE14, 0xDE14, 0xD5F4, 0xDE15, 0xE636, 0xE636, 0xE636, 0xE636, 0xDE14, 0xDDF3, 0xDDD3, 0xCD51,
    0xCD50, 0x9BAB, 0x4080, 0xA2C5, 0xAB25, 0xAB05, 0xAB05, 0xBB86, 0xBBA6, 0xCC28, 0xD469, 0xCC48, 0xCC48, 0xCC48, 0xCC48, 0xD469,
    0xD489, 0xE50B, 0xE52B, 0xE52B, 0xDD0B, 0xEDAD, 0xFE4F, 0xF64F, 0xF64F, 0xFEF1, 0xC469, 0x48C1, 0x2881, 0x2081, 0x28E1, 0x3983,
    0x3142, 0x2922, 0x2902, 0x2102, 0x2902, 0x2902, 0x2922, 0x3142, 0x2922, 0x1040, 0x28A1, 0x834A, 0xE633, 0xFEF6, 0xF6B6, 0xF6F7,
    0xEE74, 0xE58E, 0xD4AA, 0xD469, 0xD469, 0xD489, 0xE54C, 0xE56C, 0xED6D, 0xEDAD, 0xDCCA, 0xE54C, 0xEDAD, 0xE54C, 0xED6D, 0xE54C,
    0xE54C, 0xEDF0, 0xEE72, 0xF6D5, 0xF6F6, 0xF6F6, 0xF6F6, 0x49A4, 0x30C1, 0x9C28, 0x5223, 0x5223, 0x3982, 0x0840, 0x0880, 0x1080,
    0x1080, 0x1080, 0x1080, 0x1080, 0x0840, 0x20E1, 0x5AA3, 0xB4A8, 0x8B46, 0x0800, 0x7AE8, 0xD58F, 0xFE50, 0xD469, 0xCC07, 0xCC28,
    0xD448, 0xD469, 0xDCA9, 0xDCAA, 0xDCCA, 0xDCEA, 0xE50B, 0xE52C, 0xE56C, 0xDD2B, 0xE52B, 0xDCAA, 0xD489, 0xD4A9, 0xDCCA, 0xDCAA,
    0xDCCA, 0xDCAA, 0xDD0B, 0xE56D, 0xE56D, 0xE56E, 0xDD6E, 0xEDEF, 0x9B68, 0x9329, 0xEE96, 0xE676, 0xEE96, 0xEE96, 0xEE96, 0xE676,
    0xEED7, 0x6A88, 0x5162, 0xC46A, 0xB409, 0xCC8B, 0xCCAB, 0xC48A, 0xBC09, 0xC449, 0xCCAA, 0xCCAA, 0xCCAA, 0xCCAA, 0xCCAA, 0xCC8A,
    0xCCAA, 0xCCCB, 0xD4EB, 0xD50B, 0xCCAA, 0xC46A, 0xC46A, 0xCC8A, 0xD4EB, 0xD4EB, 0xD4EB, 0xD4EB, 0xD4EB, 0xCCCA, 0xD4CB, 0xCCCB,
    0xCCAA, 0xCC8A, 0xCCAB, 0xD4EB, 0xD4EB, 0xCCAB, 0xC48A, 0xCCAA, 0xDD2C, 0xE54C, 0xE56C, 0xE56C, 0xEDEE, 0x71E3, 0x8265, 0xFF53,
    0xFE91, 0xFEB1, 0xFEB1, 0xFEB1, 0xFEF3, 0xFFBA, 0xFFDB, 0xFFDB, 0xFFBA, 0xFFBA, 0xFFDB, 0xFFDB, 0xFFDB, 0xFFDB, 0xFFDA, 0xFFDA,
    0xFF14, 0xFF14, 0xFF14, 0xFF14, 0xFF34, 0xFF98, 0xFFFB, 0xFFFB, 0xFFFB, 0xFFFB, 0xFFFB, 0xFFFB, 0xFFFB, 0xFFFA, 0xFFFA, 0xFFFA,
    0xFFFA, 0xFFFA, 0xFFFA, 0xFFFA, 0xFFFA, 0xFFD9, 0xFFD9, 0xFFD9, 0xFFDA, 0xFFD9, 0xFFD9, 0xFFDA, 0xFFFA, 0xEF17, 0x4123, 0xCDB3,
    0xE656, 0xDE15, 0xDE15, 0xDE15, 0xDE14, 0xDE14, 0xDE14, 0xDE15, 0xE636, 0xE636, 0xE656, 0xE636, 0xE635, 0xE635, 0xE635, 0xD591,
    0xB48E, 0x7A87, 0x3860, 0x9AA4, 0xAB05, 0xA304, 0xAB25, 0xCC48, 0xD469, 0xD449, 0xCC48, 0xCC48, 0xCC48, 0xCC48, 0xCC48, 0xD469,
    0xD469, 0xD469, 0xDD0A, 0xED8C, 0xED8C, 0xEDAD, 0xEDAD, 0xEDCD, 0xDD0B, 0xAB66, 0x8A84, 0x40C1, 0x1020, 0x2902, 0x5244, 0x41C3,
    0x2101, 0x1060, 0x1080, 0x1080, 0x1080, 0x10A0, 0x1080, 0x2921, 0x3162, 0x39A3, 0x3142, 0x0800, 0x93EC, 0xF6D6, 0xFEF7, 0xF6F7,
    0xF6F7, 0xF6D6, 0xE56E, 0xD489, 0xD469, 0xD489, 0xE54C, 0xE56D, 0xED6D, 0xE5AD, 0xDCEA, 0xDD0B, 0xED8D, 0xEDAD, 0xE56D, 0xE58D,
    0xE58D, 0xEE10, 0xF693, 0xF6F6, 0xF6F7, 0xF6F7, 0xF6D6, 0x51C4, 0x1020, 0x7B46, 0x83A7, 0x62A4, 0x4A03, 0x41C3, 0x10A1, 0x0860,
    0x1080, 0x1080, 0x1080, 0x1080, 0x2101, 0x5243, 0x9427, 0xAC67, 0x8326, 0x0000, 0xBCCE, 0xFF55, 0xEDCF, 0xD448, 0xCC27, 0xCC48,
    0xDC89, 0xDCAA, 0xDCAA, 0xDCCA, 0xDCEA, 0xE4EB, 0xE54C, 0xEDCE, 0xEDCE, 0xEDCE, 0xE56C, 0xD4CA, 0xDCCA, 0xDCCA, 0xDCCA, 0xDCCA,
    0xDCCA, 0xDCCA, 0xDCEA, 0xDCEB, 0xDD2C, 0xE58E, 0xDD6E, 0xEDEF, 0x9B27, 0x7A67, 0xE655, 0xE676, 0xE656, 0xDE35, 0xFF5A, 0xD615,
    0x4143, 0x7A85, 0xA388, 0xBC09, 0xC46A, 0xC44A, 0xBC29, 0xBC29, 0xBC09, 0xC46A, 0xCCAA, 0xC469, 0xCC8A, 0xCCCB, 0xCCCB, 0xCCCB,
    0xCCCA, 0xCCCB, 0xCCAA, 0xCC8A, 0xC48A, 0xC46A, 0xC46A, 0xCC8A, 0xD4EB, 0xD4EB, 0xD4EB, 0xD4EB, 0xD4EB, 0xD4CB, 0xD4CB, 0xCCAB,
    0xC46A, 0xC44A, 0xC44A, 0xC46A, 0xC44A, 0xBC29, 0xBC29, 0xBC29, 0xCCCA, 0xDD2C, 0xDD4C, 0xDD4C, 0xE56D, 0xC44A, 0x9B68, 0x8AE7,
    0xF670, 0xFEF2, 0xFE91, 0xFEB1, 0xFEB2, 0xFEF3, 0xFF98, 0xFFDB, 0xFFBA, 0xFFDB, 0xFFDB, 0xFFDB, 0xFFDB, 0xFFDB, 0xFFDA, 0xFFDA,
    0xFF14, 0xFF14, 0xFF14, 0xFF35, 0xFF35, 0xFF98, 0xFFFB, 0xFFFA, 0xFFFA, 0xFFFA, 0xFFFB, 0xFFFB, 0xFFFB, 0xFFFB, 0xFFFA, 0xFFFB,
    0xFFFA, 0xFFFA, 0xFFFA, 0xFFFA, 0xFFFA, 0xFFD9, 0xFFD9, 0xFFF9, 0xFFF9, 0xFFF9, 0xFFD9, 0xFFD9, 0xFFFA, 0xEF38, 0x4963, 0xC573,
    0xE677, 0xDE15, 0xDE35, 0xDE35, 0xDE15, 0xDE15, 0xDE15, 0xDE35, 0xE636, 0xE635, 0xD5F4, 0xD5B3, 0xD5B3, 0xD572, 0xD571, 0xBCAE,
    0x6A05, 0x3860, 0x79E4, 0xA2E5, 0xAB05, 0xB366, 0xCC28, 0xCC49, 0xD469, 0xCC48, 0xCC48, 0xD489, 0xD489, 0xD469, 0xD448, 0xD448,
    0xD469, 0xCC28, 0xDCEA, 0xEDAD, 0xEDAD, 0xEDAD, 0xE52B, 0xDCAA, 0xC428, 0x8203, 0x3860, 0x1840, 0x2902, 0x5224, 0x5244, 0x3983,
    0x39A4, 0x39C5, 0x18C2, 0x0860, 0x1080, 0x1080, 0x1080, 0x18C1, 0x2922, 0x3982, 0x41C3, 0x41C3, 0x1000, 0xACAF, 0xF6F6, 0xF6F7,
    0xF717, 0xF717, 0xEE32, 0xD48A, 0xD489, 0xD489, 0xE54C, 0xE58D, 0xED8D, 0xEDCE, 0xDD2B, 0xDD0B, 0xE52C, 0xEDAD, 0xE58D, 0xE5AE,
    0xE58D, 0xEDCF, 0xEE72, 0xF6F6, 0xF6F7, 0xFF18, 0xE613, 0x51C4, 0x0800, 0x3943, 0xACCB, 0x7326, 0x5A63, 0x5A84, 0x2902, 0x1080,
    0x1080, 0x1080, 0x1080, 0x0840, 0x39A2, 0x83C7, 0xDE2D, 0x59E3, 0x1820, 0x5A46, 0xDDD1, 0xF672, 0xE52C, 0xCC48, 0xD468, 0xD489,
    0xD489, 0xD4A9, 0xDCCA, 0xDCEB, 0xE4EB, 0xE52C, 0xED8D, 0xEDCE, 0xEDCE, 0xEDCE, 0xE56D, 0xDD2B, 0xDCEA, 0xDCCA, 0xDCCA, 0xDCEB,
    0xDCEB, 0xDD0B, 0xDD0B, 0xDCEB, 0xDD0B, 0xDD4D, 0xDD6D, 0xEE10, 0xBCCD, 0x9B8B, 0xDE14, 0xEEB7, 0xEE97, 0xEED7, 0xD615, 0x9C2E,
    0x5982, 0x8AE6, 0xABA8, 0xABA7, 0xB3C8, 0xABC8, 0xB409, 0xBC29, 0xBC29, 0xC469, 0xC46A, 0xBC28, 0xC469, 0xD4CB, 0xCCCA, 0xCCCA,
    0xCCCB, 0xCCAA, 0xC44A, 0xC44A, 0xC44A, 0xC46A, 0xC46A, 0xCC8A, 0xCCAB, 0xCCAB, 0xC46A, 0xC46A, 0xC48A, 0xCCAB, 0xCCAB, 0xCCCB,
    0xCCAB, 0xC48A, 0xC46A, 0xC46A, 0xC46A, 0xC46A, 0xBC4A, 0xBC4A, 0xBC2A, 0xBC49, 0xBC4A, 0xBC4A, 0xBC29, 0xCCCB, 0xB3E9, 0x7224,
    0xBC6B, 0xE5EF, 0xFED2, 0xFEB2, 0xFEB2, 0xFEB2, 0xFF14, 0xFF98, 0xFFDB, 0xFFBA, 0xFFDA, 0xFFDB, 0xFFDB, 0xFFDA, 0xFFDA, 0xFFDB,
    0xFF14, 0xFF14, 0xFF14, 0xFF14, 0xFF35, 0xFF98, 0xFFFB, 0xFFFA, 0xFFFA, 0xFFFA, 0xFFFA, 0xFFFA, 0xFFFA, 0xFFFA, 0xFFFA, 0xFFFB,
    0xFFFA, 0xFFFA, 0xFFFA, 0xFFFA, 0xFFFA, 0xFFF9, 0xFFD9, 0xFFF9, 0xFFF9, 0xFFFA, 0xFFFA, 0xFFDA, 0xFFFA, 0xEF38, 0x4963, 0xD615,
    0xFF39, 0xDE15, 0xDE35, 0xDE35, 0xDE35, 0xDE35, 0xDE35, 0xDE35, 0xE656, 0xE635, 0xD5B3, 0xCD92, 0xCD31, 0xB48E, 0xB48E, 0x9349,
    0x5122, 0x40A1, 0xAB26, 0xAB25, 0xAB05, 0xBBC7, 0xCC68, 0xCC48, 0xCC48, 0xDCA9, 0xDCC9, 0xDCEA, 0xDCEA, 0xDCCA, 0xD489, 0xD469,
    0xD468, 0xD448, 0xD489, 0xDCA9, 0xDC89, 0xDCA9, 0xD489, 0xCBE7, 0xA2C4, 0x6162, 0x1840, 0x1861, 0x49C4, 0x7325, 0x5244, 0x39A4,
    0xCE77, 0xF77C, 0x39E6, 0x0000, 0x10A0, 0x1081, 0x10A1, 0x0880, 0x18A1, 0x4204, 0x4A03, 0x5224, 0x4163, 0x2060, 0xD5D2, 0xFF59,
    0xF718, 0xFF38, 0xEEB5, 0xEE11, 0xD4CB, 0xD469, 0xE52C, 0xE52C, 0xEDAE, 0xEDAE, 0xEDAD, 0xED8D, 0xE56C, 0xE58D, 0xF5EF, 0xF630,
    0xEDEF, 0xEDCF, 0xEE52, 0xFF16, 0xF717, 0xFF38, 0xDDF2, 0x6225, 0x1020, 0x1881, 0x3963, 0x7B88, 0x7BA7, 0x5243, 0x5243, 0x3982,
    0x0860, 0x1060, 0x1080, 0x5285, 0x6B46, 0x8BE7, 0xA449, 0x4162, 0x30E2, 0xD5B1, 0xFEF4, 0xC408, 0xCC08, 0xDCAA, 0xE4EB, 0xDCA9,
    0xE54B, 0xE54C, 0xDCCA, 0xE52B, 0xEDAD, 0xEDCE, 0xEDCE, 0xEDCE, 0xEDCE, 0xEDCE, 0xEDCE, 0xEDEE, 0xE52C, 0xDCEB, 0xDD2B, 0xE56D,
    0xE56D, 0xE56D, 0xE56D, 0xE58D, 0xEE31, 0xEE52, 0xE5CF, 0xE5F0, 0xE5D1, 0xBC8E, 0xDDF3, 0xEE96, 0xEE97, 0xFF59, 0x72E9, 0x38A0,
    0xA368, 0x9B47, 0xA367, 0xA367, 0x9B47, 0x9B47, 0xB3E9, 0xBC2A, 0xBC29, 0xBC29, 0xB3E9, 0xC44A, 0xCCAA, 0xCCAA, 0xD4CB, 0xCCAA,
    0xCC8A, 0xC46A, 0xC46A, 0xC46A, 0xC46A, 0xC46A, 0xCC6A, 0xC46A, 0xC44A, 0xC44A, 0xC429, 0xC42A, 0xC46A, 0xCC8A, 0xCCAA, 0xD4EC,
    0xD50C, 0xD50C, 0xD52C, 0xDD2C, 0xD52C, 0xD50C, 0xC48A, 0xBC49, 0xBC4A, 0xBC4A, 0xBC4A, 0xBC4A, 0xBC4A, 0xBC49, 0xCC8A, 0xD4EC,
    0x6183, 0xABEA, 0xFED2, 0xFE91, 0xFEB2, 0xFED2, 0xFEB1, 0xFF14, 0xFFB9, 0xFFBA, 0xFFDA, 0xFFDA, 0xFFDA, 0xFFDB, 0xFFDB, 0xFFDB,
    0xFEF4, 0xFEF4, 0xFEF4, 0xFEF4, 0xFEF4, 0xFF98, 0xFFFB, 0xFFFA, 0xFFFA, 0xFFFA, 0xFFFA, 0xFFFA, 0xFFFA, 0xFFFA, 0xFFFA, 0xFFFA,
    0xFFFA, 0xFFFA, 0xFFFA, 0xFFFA, 0xFFFA, 0xFFF9, 0xFFF9, 0xFFF9, 0xFFF9, 0xFFFA, 0xFFFA, 0xFFD9, 0xFFFA, 0xEF58, 0x5184, 0xD635,
    0xF75A, 0xDDF4, 0xDE35, 0xDE35, 0xDE35, 0xDE36, 0xDE35, 0xDE36, 0xDE15, 0xDDF4, 0xD5D3, 0xD592, 0xC510, 0xB48E, 0xBCAE, 0x9B8A,
    0x4902, 0x5101, 0xA305, 0xAB05, 0xAB25, 0xC427, 0xCC48, 0xCC69, 0xD4A9, 0xDCEA, 0xDCEA, 0xDCEA, 0xDCEA, 0xDCEA, 0xDCEA, 0xD489,
    0xD468, 0xD468, 0xCC07, 0xCBC7, 0xCBC6, 0xCBC6, 0xCBC6, 0xA2C4, 0x9202, 0x6962, 0x1000, 0x41C3, 0x7305, 0x6B05, 0x5244, 0x3164,
    0xD699, 0xDEFA, 0x39C6, 0x2124, 0x18A2, 0x1081, 0x1081, 0x10A1, 0x1060, 0x3142, 0x4A04, 0x5A84, 0x62A4, 0x1840, 0xB4EF, 0xEEB6,
    0xFF38, 0xFF18, 0xFF38, 0xF6F6, 0xDD2C, 0xDD0B, 0xE56C, 0xDD2B, 0xEDCE, 0xEDAD, 0xEDAD, 0xEDAD, 0xEDAD, 0xF5EF, 0xF630, 0xF610,
    0xF630, 0xF610, 0xF673, 0xFF37, 0xFF38, 0xFF38, 0xEE95, 0x9B69, 0x7225, 0x4943, 0x0000, 0x41C4, 0x62A6, 0x8BE8, 0x8BC8, 0x7346,
    0x62C5, 0x62C5, 0x6AE6, 0x83A7, 0x83C8, 0x6AE6, 0x1820, 0x30C1, 0xE5F0, 0xEDEF, 0xE54C, 0xDCCA, 0xDCCA, 0xE52B, 0xE52B, 0xEDAD,
    0xF5EE, 0xF5EE, 0xEDCE, 0xF60F, 0xF62F, 0xEDEE, 0xEDCE, 0xEDCE, 0xEDCE, 0xEDCE, 0xEDCE, 0xEDCE, 0xEDCE, 0xEDAE, 0xE58E, 0xE54D,
    0xDD6D, 0xEE72, 0xF6B3, 0xEE51, 0xE5EF, 0xE5F0, 0xE58E, 0xE5AE, 0xD50D, 0x92E6, 0xD592, 0xEE97, 0xE656, 0xFF18, 0x7B0A, 0x4901,
    0x9307, 0x9B27, 0xA367, 0xA367, 0xA367, 0xA347, 0xA367, 0xA367, 0xA347, 0xAB88, 0xBC09, 0xC44A, 0xC48A, 0xC46A, 0xCC8A, 0xC46A,
    0xC44A, 0xC44A, 0xC46A, 0xCC6A, 0xC44A, 0xC429, 0xC429, 0xBC09, 0xC409, 0xC429, 0xC429, 0xC429, 0xCCAA, 0xD4EB, 0xD4EB, 0xD4EB,
    0xD50C, 0xD50C, 0xD50C, 0xD50C, 0xCCEB, 0xC46A, 0xBC4A, 0xBC4A, 0xBC4A, 0xBC4A, 0xBC4A, 0xBC4A, 0xBC4A, 0xC44A, 0xC46A, 0xC449,
    0xC46A, 0x8AC6, 0x9327, 0xFF54, 0xFEB2, 0xFEB2, 0xFED2, 0xFEB1, 0xFEF3, 0xFFBA, 0xFFDA, 0xFFDA, 0xFFDA, 0xFFDB, 0xFFDB, 0xFFDB,
    0xFEF3, 0xFF14, 0xFF14, 0xFEF3, 0xFEF3, 0xFF14, 0xFF77, 0xFFFB, 0xFFFA, 0xFFFA, 0xFFFA, 0xFFFA, 0xFFFA, 0xFFFA, 0xFFFA, 0xFFD9,
    0xFFD9, 0xFFFA, 0xFFFA, 0xFFFA, 0xFFFA, 0xFFF9, 0xFFD9, 0xFFD9, 0xFFFA, 0xFFB8, 0xFF14, 0xFF14, 0xFF54, 0xEEB3, 0x4943, 0xE6B8,
    0xFFBB, 0xDE35, 0xDE15, 0xDE36, 0xE635, 0xE636, 0xDE35, 0xDE15, 0xD5D3, 0xD5B3, 0xD5B3, 0xD5B2, 0xC530, 0xB48E, 0xBCAE, 0xA3EB,
    0x48E1, 0x8A65, 0xB346, 0xAB25, 0xC3E8, 0xCC28, 0xCC28, 0xD489, 0xE50A, 0xDCEA, 0xDCEA, 0xDCEA, 0xDCEA, 0xDCEA, 0xDCEA, 0xD489,
    0xD469, 0xD468, 0xCC07, 0xCBE7, 0xCBC6, 0xCBC6, 0xCBC6, 0x9A84, 0x9203, 0x6983, 0x1000, 0x41A2, 0x6B05, 0x6B05, 0x5244, 0x18A1,
    0x2944, 0x3184, 0x4228, 0x52CA, 0x2123, 0x2103, 0x10A1, 0x1080, 0x0860, 0x2942, 0x4A04, 0x5A64, 0x7305, 0x28C1, 0x28C1, 0xCDB2,
    0xFF79, 0xF718, 0xFF38, 0xF6F6, 0xEE31, 0xF60F, 0xEDCE, 0xED8D, 0xEDAE, 0xEDAE, 0xEDAE, 0xEDAD, 0xEDAD, 0xF5EF, 0xF630, 0xF630,
    0xF630, 0xEE10, 0xF693, 0xFF16, 0xFF17, 0xFF58, 0xEE95, 0xABCA, 0x9B28, 0xB42B, 0x936A, 0x30E2, 0x28C2, 0x6285, 0x6AC6, 0x72E6,
    0x7B47, 0x7B67, 0x8368, 0x3901, 0x2040, 0x2020, 0x8B69, 0xDE11, 0xEDEF, 0xED4C, 0xE50B, 0xED4B, 0xE54C, 0xEDCD, 0xF62F, 0xF62F,
    0xF60E, 0xF5EE, 0xF60F, 0xF650, 0xF650, 0xF630, 0xF630, 0xF651, 0xF651, 0xF651, 0xF630, 0xEDEF, 0xEDAF, 0xE5AE, 0xE610, 0xF6F6,
    0xEEF5, 0xE5CF, 0xE5AE, 0xE5AF, 0xE58E, 0xE58E, 0xE5AE, 0xEDEE, 0xDD2D, 0x9B07, 0xD592, 0xEE97, 0xE656, 0xFEF8, 0x7B0A, 0x4901,
    0x9306, 0x9B47, 0xA367, 0xA367, 0xA367, 0xA367, 0xA367, 0xA367, 0xA368, 0xAB88, 0xABA8, 0xABA8, 0xABA8, 0xABA8, 0xABA7, 0xB3E8,
    0xC46A, 0xC44A, 0xC44A, 0xC44A, 0xC409, 0xBBE9, 0xBBE9, 0xBC09, 0xC429, 0xC429, 0xC429, 0xC429, 0xD4AB, 0xD4EB, 0xD4CB, 0xD4CB,
    0xD4AB, 0xC46A, 0xC46A, 0xC46A, 0xC46A, 0xC44A, 0xC44A, 0xC44A, 0xBC4A, 0xBC4A, 0xBC4A, 0xBC4A, 0xBC4A, 0xBC4A, 0xC44A, 0xBC29,
    0xC46A, 0xABC8, 0x8266, 0x82E7, 0xF691, 0xFEF2, 0xFEB1, 0xFEB1, 0xFEB1, 0xFED3, 0xFF99, 0xFFFB, 0xFFDA, 0xFFDA, 0xFFFB, 0xFFDB,
    0xFED3, 0xFED3, 0xFED3, 0xFED3, 0xFEF3, 0xFED2, 0xFF35, 0xFFFA, 0xFFFA, 0xFFFA, 0xFFF9, 0xFFF9, 0xFFFA, 0xFFF9, 0xFFF9, 0xFFD9,
    0xFFB8, 0xFFB8, 0xFF97, 0xFF77, 0xFF77, 0xFF14, 0xFEF3, 0xFF14, 0xFF34, 0xFF14, 0xFED2, 0xFED2, 0xFF13, 0xEE71, 0x6A66, 0x9C2E,
    0xEF19, 0xFF7B, 0xDE36, 0xDE36, 0xE636, 0xDE15, 0xDDF4, 0xD5D4, 0xD5D4, 0xD5D3, 0xD5D3, 0xD5B3, 0xC510, 0xB46D, 0xB48E, 0xAC0C,
    0x48E1, 0x8A64, 0xB366, 0xAB45, 0xC408, 0xCC48, 0xCC48, 0xD4A9, 0xDCEA, 0xDCEA, 0xDCEA, 0xDCEA, 0xDCEA, 0xDCEA, 0xDD0A, 0xDCC9,
    0xD489, 0xD469, 0xD468, 0xD468, 0xC3C7, 0xB324, 0xB304, 0x9A63, 0x9202, 0x6982, 0x1000, 0x49A2, 0x9C27, 0x8386, 0x5A65, 0x18C1,
    0x18C1, 0x2103, 0x2944, 0x2123, 0x2103, 0x39E7, 0x18C2, 0x1080, 0x1060, 0x2942, 0x4A03, 0x4A03, 0xB4A8, 0x6AA6, 0x0000, 0xA48E,
    0xFF99, 0xF718, 0xFF17, 0xFF17, 0xFF57, 0xEE51, 0xF60F, 0xF60F, 0xF5EF, 0xF651, 0xFEB2, 0xEDAD, 0xED8C, 0xEDAD, 0xEDEE, 0xF631,
    0xF630, 0xF610, 0xEE31, 0xF694, 0xFF17, 0xF737, 0xF694, 0xC4AD, 0xBC6C, 0xF5D1, 0xF5D1, 0xE5D1, 0xD613, 0x7B29, 0x6AC8, 0x5A26,
    0x30E1, 0x30E1, 0x30E2, 0x3922, 0xB48D, 0xD5D2, 0xEE74, 0xFED3, 0xED8C, 0xED6C, 0xED4C, 0xED6C, 0xFE2F, 0xF62F, 0xF62F, 0xF60F,
    0xF62F, 0xF62F, 0xF630, 0xF651, 0xF671, 0xF692, 0xF692, 0xF672, 0xF672, 0xF672, 0xF672, 0xEE31, 0xF6B4, 0xF6F5, 0xF6B3, 0xE611,
    0xE611, 0xE58E, 0xE56D, 0xE56D, 0xEDAE, 0xEDAE, 0xEDAE, 0xEDEE, 0xDD2D, 0x9B48, 0xD5B2, 0xEE96, 0xE656, 0xFF18, 0x7B0A, 0x4901,
    0x9306, 0x8AC5, 0x92E5, 0x9B26, 0xA388, 0xA367, 0xA368, 0xA367, 0xA367, 0xA347, 0x9B47, 0x9B47, 0xAB88, 0xB3E8, 0xB3C8, 0xBBC8,
    0xBC09, 0xC3E9, 0xC3E9, 0xBBE8, 0xBBE9, 0xBBE9, 0xBBE9, 0xBBE9, 0xC409, 0xC409, 0xC429, 0xC429, 0xCC4A, 0xCC6A, 0xCC8A, 0xCC8A,
    0xCC6A, 0xC449, 0xBC2A, 0xC42A, 0xC42A, 0xC44A, 0xC44A, 0xC46A, 0xC46A, 0xBC4A, 0xC46A, 0xC48B, 0xC44A, 0xBC4A, 0xBC4A, 0xBC29,
    0xBC29, 0xC46A, 0xABA8, 0x7204, 0xCD0E, 0xEE50, 0xFEB2, 0xFEB1, 0xFE91, 0xFE91, 0xFEF4, 0xFF99, 0xFFFB, 0xFFDA, 0xFFFB, 0xFFFB,
    0xFED3, 0xFED3, 0xFED3, 0xFED3, 0xFED3, 0xFED3, 0xFF76, 0xFFFA, 0xFFFB, 0xFFFB, 0xFFFA, 0xFFFB, 0xFFD9, 0xFF55, 0xFF55, 0xFF35,
    0xFF14, 0xFF14, 0xFEF3, 0xFED2, 0xFEB2, 0xFEB1, 0xFE91, 0xFEB1, 0xFEB2, 0xFEB2, 0xFEF2, 0xFEF2, 0xFEF2, 0xFF13, 0xF6D3, 0x4942,
    0xC5D4, 0xFFDC, 0xDE36, 0xE636, 0xE656, 0xDE15, 0xD5F4, 0xD5F4, 0xDDF4, 0xDDF4, 0xDDF4, 0xDDF4, 0xCD50, 0xC4EF, 0xB44D, 0xAC0C,
    0x4902, 0x8A64, 0xBB86, 0xB346, 0xCC28, 0xCC48, 0xD489, 0xDCEA, 0xDCEA, 0xDCEA, 0xDCEA, 0xE50A, 0xE50B, 0xDCEA, 0xD488, 0xD469,
    0xD468, 0xD448, 0xD448, 0xD448, 0xBB65, 0xAAA3, 0xAAA3, 0xA2C4, 0xC428, 0x7A24, 0x0800, 0x51C2, 0xE60A, 0xACA8, 0x5A85, 0x18C2,
    0x20E2, 0x2944, 0x18C2, 0x0020, 0x18C1, 0x3186, 0x18C2, 0x1080, 0x0860, 0x3162, 0x5A85, 0x4A23, 0xACA8, 0x72E6, 0x0000, 0x72C8,
    0xEEB6, 0xF738, 0xF717, 0xFF17, 0xFF58, 0xEE72, 0xF60F, 0xF670, 0xFED2, 0xFED2, 0xFED2, 0xEDEE, 0xED6C, 0xE58C, 0xEDAD, 0xEE10,
    0xEDEF, 0xEE10, 0xEE10, 0xEE10, 0xF6B5, 0xF6D5, 0xF652, 0xEE31, 0xEE11, 0xE54F, 0xE54F, 0xF632, 0xFF77, 0xFFB9, 0xFFD9, 0xFF57,
    0xE674, 0xE674, 0xE673, 0xEE94, 0xFF15, 0xFF35, 0xFEF4, 0xF630, 0xF5EE, 0xF60F, 0xF60E, 0xF60E, 0xF62F, 0xF62F, 0xF62F, 0xF62F,
    0xF650, 0xFEB2, 0xFEB3, 0xFE92, 0xFE92, 0xF693, 0xF693, 0xF672, 0xF672, 0xF693, 0xFEF5, 0xF757, 0xF6D5, 0xEE52, 0xEE31, 0xE5CF,
    0xE5CF, 0xEDEF, 0xE5CE, 0xE58D, 0xE5AE, 0xEDCF, 0xEDCE, 0xEDCF, 0xE5AF, 0xD550, 0xE635, 0xEE76, 0xE656, 0xEEB7, 0x7B0A, 0x4922,
    0x9327, 0x8AC5, 0x8AA5, 0x9326, 0xA368, 0xA367, 0x9B47, 0x9B47, 0x9B26, 0x9B27, 0x9306, 0x9B27, 0xB3C8, 0xB3C8, 0xB3C8, 0xB3A8,
    0xB3C9, 0xBBC9, 0xBBE8, 0xBBE8, 0xBBE9, 0xBBE9, 0xC3E9, 0xC3E9, 0xC3E9, 0xD4AB, 0xD4EC, 0xD4CB, 0xD4AB, 0xCC6A, 0xCC6A, 0xCC6A,
    0xCC6A, 0xCC6A, 0xC46A, 0xBC2A, 0xBC09, 0xBC09, 0xBC09, 0xBC09, 0xB408, 0xC48B, 0xD50D, 0xCC8B, 0xC44A, 0xBC4A, 0xBC4A, 0xBC4A,
    0xC44A, 0xBC2A, 0xC48A, 0xBC4A, 0x5122, 0x9369, 0xFF13, 0xF671, 0xFE91, 0xFE91, 0xFE71, 0xFF15, 0xFFDA, 0xFFDA, 0xFFDB, 0xFFFB,
    0xFED3, 0xFED3, 0xFED2, 0xFEB3, 0xFEB3, 0xFEB2, 0xFF15, 0xFFF9, 0xFFD9, 0xFFD9, 0xFF97, 0xFF77, 0xFF76, 0xFED2, 0xFEB2, 0xFE92,
    0xFE91, 0xFE91, 0xFEB2, 0xFEB2, 0xFEB2, 0xFEB2, 0xFE91, 0xFED2, 0xFEF2, 0xFED2, 0xFEF2, 0xFEF2, 0xFEF2, 0xFEF2, 0xF6D2, 0x59C4,
    0xCDF5, 0xFFDC, 0xEEB8, 0xE656, 0xE656, 0xE656, 0xE655, 0xE655, 0xE656, 0xE635, 0xDDF4, 0xDDF4, 0xCD71, 0xC530, 0xB44D, 0xABEC,
    0x4902, 0x8A64, 0xBB86, 0xB346, 0xCC28, 0xCC69, 0xD489, 0xDCEA, 0xDCEA, 0xDCEA, 0xE50A, 0xDCEA, 0xDCCA, 0xDCC9, 0xDCA9, 0xCC27,
    0xBB85, 0xBB85, 0xB324, 0xAAC3, 0xAAA3, 0xA283, 0xB365, 0xD489, 0xE56C, 0x7A86, 0x0800, 0x49A2, 0xDDCA, 0xAC88, 0x5A85, 0x20C1,
    0x10A1, 0x1080, 0x1080, 0x0880, 0x0860, 0x0860, 0x10A1, 0x10A0, 0x0860, 0x3983, 0x6B26, 0x5A84, 0xAC88, 0x72E6, 0x0800, 0x38C1,
    0x9BAB, 0xFF58, 0xFF37, 0xFF58, 0xFF58, 0xF693, 0xF630, 0xFE70, 0xFE91, 0xFE71, 0xF650, 0xF5EE, 0xF5EE, 0xF60E, 0xF5EE, 0xE58D,
    0xEDAE, 0xEDCF, 0xEE10, 0xEE11, 0xE611, 0xEE11, 0xEE31, 0xF652, 0xF672, 0xEE32, 0xF652, 0xF693, 0xF693, 0xF6B4, 0xFF36, 0xFF57,
    0xFF98, 0xFFB8, 0xFFB8, 0xFFB8, 0xFF14, 0xF62F, 0xF60E, 0xF650, 0xF650, 0xF62F, 0xF62F, 0xF62F, 0xF62F, 0xF62F, 0xF62F, 0xF671,
    0xFE92, 0xFE92, 0xFE92, 0xFE92, 0xF693, 0xFE93, 0xF693, 0xF693, 0xF6D5, 0xF736, 0xF694, 0xEE73, 0xEE31, 0xEE31, 0xEE31, 0xEE31,
    0xEE11, 0xE5CF, 0xE5AF, 0xE5CF, 0xE5CF, 0xEDCF, 0xEDD0, 0xEDF0, 0xE5D0, 0xCD50, 0xE655, 0xEE77, 0xEE96, 0x6247, 0x51A3, 0x8AA6,
    0x8AE6, 0x8AC5, 0x8AC5, 0x8AC5, 0x8AA5, 0x8AA5, 0x9306, 0xA367, 0xA367, 0xA367, 0xA367, 0xA387, 0xAB87, 0xAB67, 0xAB67, 0xAB67,
    0xAB67, 0xAB87, 0xBBC8, 0xBBE9, 0xBBC8, 0xBBC8, 0xBBA8, 0xBBC8, 0xBBE8, 0xC44A, 0xCC6A, 0xD48B, 0xD48B, 0xCC8B, 0xCC8B, 0xC44A,
    0xB3C8, 0xB3E9, 0xB3E8, 0xBC09, 0xB3E9, 0xB409, 0xB3E9, 0xB3E8, 0xB408, 0xBC49, 0xC46A, 0xBC29, 0xBC49, 0xBC4A, 0xBC4A, 0xBC4A,
    0xBC4A, 0xBC29, 0xBC09, 0xBC09, 0xC46A, 0x9307, 0x7246, 0xFED2, 0xFEB1, 0xFE91, 0xFE92, 0xFEB2, 0xFED4, 0xFFDA, 0xFFDB, 0xFFDB,
    0xFEB2, 0xFF13, 0xFF56, 0xFF35, 0xFF35, 0xFF35, 0xFF57, 0xFF97, 0xFF76, 0xFF96, 0xFF13, 0xFE91, 0xFEB2, 0xFEB2, 0xFE91, 0xFE91,
    0xFE91, 0xFED2, 0xFED2, 0xFED2, 0xFED2, 0xFED2, 0xFED2, 0xFED2, 0xFED2, 0xFEF2, 0xFEF2, 0xFEF2, 0xFEF2, 0xFEF2, 0xF6B2, 0x51A3,
    0xCE15, 0xFFFC, 0xFF7A, 0xF718, 0xE676, 0xE656, 0xE676, 0xE676, 0xE656, 0xDE35, 0xDDF4, 0xE614, 0xCD51, 0xC50F, 0xB42C, 0xAC0C,
    0x4902, 0x8244, 0xBBA6, 0xC408, 0xCC69, 0xCC89, 0xCC68, 0xDCCA, 0xE50A, 0xE50A, 0xE50B, 0xDCCA, 0xD4A9, 0xD448, 0xCC28, 0xCBC6,
    0xBB65, 0xBB65, 0xAB04, 0xA2C3, 0xA2A3, 0xB2E4, 0xCC48, 0xE56C, 0xEDAD, 0x7225, 0x0800, 0x51C3, 0xE5EA, 0xC529, 0x83A7, 0x18A1,
    0x1060, 0x1080, 0x1060, 0x1080, 0x0880, 0x18C1, 0x18E3, 0x10C1, 0x0840, 0x3182, 0x6AE6, 0x4A43, 0xAC67, 0x8347, 0x0800, 0x38E2,
    0x9349, 0xEE33, 0xF6B5, 0xFF78, 0xFF58, 0xFF37, 0xF671, 0xFE50, 0xF670, 0xF62F, 0xF60E, 0xF60E, 0xF60E, 0xF60E, 0xF60E, 0xEDCE,
    0xF5EF, 0xEDCF, 0xE5AF, 0xEE10, 0xEDF0, 0xEDF0, 0xEDF0, 0xEE11, 0xF693, 0xF6D4, 0xF6D4, 0xF6F5, 0xFF16, 0xFF37, 0xFF78, 0xFF99,
    0xFF56, 0xFF35, 0xFF55, 0xFF35, 0xFEF2, 0xFED2, 0xFF35, 0xFF35, 0xF6D2, 0xF650, 0xF670, 0xF671, 0xF671, 0xF691, 0xFE92, 0xFE92,
    0xF692, 0xF692, 0xF692, 0xF692, 0xF693, 0xF693, 0xF6D4, 0xFF57, 0xF6F5, 0xF6B4, 0xF653, 0xEE52, 0xEE51, 0xEE51, 0xEE31, 0xEE51,
    0xEE32, 0xEE32, 0xEE52, 0xEE52, 0xEDF1, 0xEDD0, 0xEDD0, 0xEDF0, 0xE5D0, 0xCD50, 0xE635, 0xEE76, 0xFF18, 0x6206, 0x5983, 0x9B47,
    0x92E6, 0x8AC5, 0x8AA5, 0x8AA5, 0x8AA5, 0x8AA5, 0x92E6, 0x9326, 0xA367, 0xA367, 0xA367, 0x9306, 0x9B26, 0xAB88, 0xAB88, 0xAB68,
    0xAB87, 0xAB87, 0xBBC8, 0xBBC8, 0xBBC8, 0xBBA8, 0xB3A7, 0xBBA8, 0xBBC8, 0xC409, 0xCC49, 0xCC4A, 0xC429, 0xC429, 0xBBE9, 0xB388,
    0xAB87, 0xAB87, 0xAB87, 0xABA8, 0xB3A8, 0xB3C8, 0xB3E9, 0xBC4A, 0xBC4A, 0xBC4A, 0xBC4A, 0xBC4A, 0xBC4A, 0xBC4A, 0xBC4A, 0xBC29,
    0xB3C8, 0xABC8, 0xB3E9, 0xB409, 0xC46A, 0xA368, 0x7A66, 0xA3EA, 0xF671, 0xFEB2, 0xFE91, 0xFE92, 0xFEB2, 0xFF36, 0xFF98, 0xFFDB,
    0xFF76, 0xFF97, 0xFFFA, 0xFFD9, 0xFFD9, 0xFFFA, 0xFFF9, 0xFEF3, 0xFED2, 0xFED2, 0xFED2, 0xFEB2, 0xFEB2, 0xFEB1, 0xFEB2, 0xFEB2,
    0xFED2, 0xFED2, 0xFED2, 0xFED2, 0xFED2, 0xFED2, 0xFED2, 0xFED2, 0xFED2, 0xFED2, 0xFED2, 0xFED2, 0xFED2, 0xFEF2, 0xF6B3, 0x59C4,
    0xCDD4, 0xFFBB, 0xFF7A, 0xFF9A, 0xEEB7, 0xE656, 0xE676, 0xE676, 0xE656, 0xDE15, 0xDDF4, 0xDDD3, 0xCD50, 0xC50F, 0xB44D, 0xAC0C,
    0x5102, 0x8264, 0xC407, 0xD469, 0xCC89, 0xCC69, 0xD488, 0xDCEA, 0xE50A, 0xE50A, 0xE50B, 0xDCA9, 0xDCA9, 0xCC07, 0xC3C6, 0xC3A6,
    0xBBA6, 0xC3A6, 0xBBA6, 0xC3C7, 0xC3E7, 0xC3C7, 0xCC27, 0xE56C, 0xED8D, 0xD4EC, 0x30C2, 0x38E1, 0xBCE9, 0xC58A, 0x9C89, 0x5245,
    0x1080, 0x1060, 0x1060, 0x1060, 0x1060, 0x10A1, 0x10C1, 0x10A0, 0x1080, 0x39C3, 0x62C5, 0x83A6, 0x93C7, 0x3943, 0x1020, 0x4102,
    0x4922, 0xABC9, 0xF693, 0xFF78, 0xFF58, 0xFF77, 0xFE71, 0xFE50, 0xFE50, 0xF62F, 0xF60E, 0xF60E, 0xF60E, 0xFE2F, 0xFE70, 0xF671,
    0xF691, 0xF610, 0xE58E, 0xE58E, 0xE5CF, 0xEE31, 0xE5D0, 0xE5AF, 0xF693, 0xF6B3, 0xFED4, 0xFF36, 0xFF99, 0xFFDB, 0xFFDB, 0xFFDB,
    0xFF36, 0xFEF3, 0xFF14, 0xFF14, 0xFF55, 0xFF77, 0xFF77, 0xFF97, 0xFF56, 0xFF76, 0xFF14, 0xFEB2, 0xFED2, 0xFED3, 0xFEB2, 0xFE92,
    0xF692, 0xF692, 0xF692, 0xF693, 0xF6B4, 0xF737, 0xF6F5, 0xF6B5, 0xF694, 0xF653, 0xEE53, 0xEE53, 0xEE32, 0xEE31, 0xEE31, 0xEE31,
    0xEE32, 0xEE53, 0xEE53, 0xEE53, 0xEE53, 0xEE53, 0xEE53, 0xEE32, 0xE612, 0xCD30, 0xE635, 0xF6D8, 0xB4D0, 0x4923, 0x7246, 0xA389,
    0x9327, 0x9B47, 0x9B27, 0x8AC6, 0x82A4, 0x82A5, 0x8AC5, 0x8AC5, 0x9326, 0x9306, 0x9B47, 0x9B26, 0x9B26, 0xAB88, 0xAB88, 0xAB88,
    0xAB88, 0xAB88, 0xAB87, 0xAB67, 0xB387, 0xB387, 0xB3A8, 0xBBA8, 0xBBC8, 0xBBE8, 0xBBE8, 0xBBE8, 0xBBE8, 0xBBE8, 0xBBE8, 0xB3A8,
    0xAB88, 0xAB87, 0xAB87, 0xAB87, 0xAB87, 0xAB87, 0xABA8, 0xB3C8, 0xB3C8, 0xB3C8, 0xB3E9, 0xB409, 0xBC4A, 0xBC4A, 0xBC4A, 0xBC49,
    0xB3E9, 0xABC8, 0xB3C8, 0xABC8, 0xABA8, 0xC46A, 0xA388, 0x5101, 0xC4CC, 0xFE92, 0xFE91, 0xFEB2, 0xFEB1, 0xFE91, 0xFF36, 0xFFDA,
    0xFFFB, 0xFFFB, 0xFFFA, 0xFFFA, 0xFFFA, 0xFFFA, 0xFFF9, 0xFEF3, 0xFEB1, 0xFEB2, 0xFEB2, 0xFEB2, 0xFEB2, 0xFEB2, 0xFED2, 0xFED2,
    0xFEB1, 0xFE91, 0xFE91, 0xFE91, 0xFE91, 0xFE91, 0xFE91, 0xFE91, 0xFED2, 0xFED2, 0xFED2, 0xFED2, 0xFED2, 0xFED2, 0xFED2, 0xEEB2,
    0xAC8C, 0x6268, 0xFFBB, 0xFF7A, 0xEE97, 0xE676, 0xE676, 0xE676, 0xE676, 0xDE35, 0xD5B3, 0xC530, 0xC530, 0xC530, 0xBC8E, 0xB42C,
    0x5102, 0x8A85, 0xD468, 0xCC48, 0xCC69, 0xD489, 0xDCEA, 0xDD0A, 0xDD0A, 0xDCCA, 0xD468, 0xD468, 0xCC07, 0xC3E7, 0xC3C6, 0xC3A6,
    0xD448, 0xDC89, 0xDCA9, 0xDCC9, 0xD489, 0xD468, 0xD489, 0xED8D, 0xEDCE, 0xEDEF, 0x6A46, 0x2860, 0x4122, 0xBD4A, 0xACE9, 0x9C69,
    0x20E1, 0x1060, 0x1080, 0x1060, 0x1060, 0x1060, 0x0860, 0x0000, 0x3162, 0x5A84, 0x5AA4, 0xB50A, 0x7B67, 0x0000, 0x59C4, 0xABAA,
    0x7246, 0xABEA, 0xEE72, 0xFF58, 0xFF37, 0xFF15, 0xF671, 0xFE50, 0xFE4F, 0xFE2F, 0xF60E, 0xF60E, 0xF60E, 0xFE2F, 0xFE91, 0xFED3,
    0xFEF3, 0xEE31, 0xE5CF, 0xE58E, 0xE58E, 0xEDF1, 0xF652, 0xEE32, 0xF693, 0xF6B4, 0xF716, 0xFF98, 0xFFBA, 0xFFDB, 0xFFDB, 0xFFDB,
    0xFFDA, 0xFFDA, 0xFFDB, 0xFFDB, 0xFFDB, 0xFF99, 0xFF78, 0xFF77, 0xFF97, 0xFF77, 0xFF36, 0xFF15, 0xFF14, 0xFEB3, 0xF6B2, 0xF6B2,
    0xF6B3, 0xFE93, 0xF6B3, 0xF757, 0xFF58, 0xF717, 0xF694, 0xF653, 0xF673, 0xF673, 0xF653, 0xF653, 0xEE11, 0xE5D0, 0xE5CF, 0xE5CF,
    0xEE32, 0xEE53, 0xEE33, 0xEE54, 0xEE54, 0xEE54, 0xEE54, 0xF674, 0xEE54, 0xC50F, 0xEE76, 0xFF59, 0x8B29, 0x5122, 0x82A5, 0x7A64,
    0x7A64, 0x9307, 0x9B48, 0x9B68, 0x9B47, 0x9B47, 0x8AA5, 0x8285, 0x8285, 0x8AC5, 0x9B47, 0xA367, 0xA347, 0xA367, 0xA367, 0xA367,
    0xAB67, 0xAB88, 0xAB67, 0xB387, 0xB387, 0xB387, 0xB3A8, 0xBBC8, 0xBBC8, 0xBBC8, 0xBBE8, 0xBBC8, 0xBBE8, 0xBBC8, 0xB3A8, 0xB3C8,
    0xAB88, 0xAB87, 0xAB87, 0xAB87, 0xAB87, 0xAB87, 0xAB67, 0xA367, 0xAB87, 0xAB87, 0xABA8, 0xB3C8, 0xBC29, 0xBC2A, 0xBC2A, 0xBC29,
    0xBC49, 0xBC49, 0xBC49, 0xBC29, 0xBC29, 0xBC09, 0xBC49, 0xA369, 0x5963, 0xFE91, 0xFEB2, 0xFEB1, 0xFEB2, 0xFEB2, 0xFED3, 0xFF15,
    0xFFFB, 0xFFFA, 0xFFFA, 0xFFFA, 0xFFFA, 0xFFFA, 0xFFD9, 0xFEF3, 0xFEB1, 0xFEB2, 0xFEB2, 0xFED2, 0xFED2, 0xFE91, 0xFE91, 0xFE91,
    0xFE91, 0xFE91, 0xFE91, 0xFEB2, 0xFEB2, 0xFEB1, 0xFE91, 0xFE91, 0xFED2, 0xFEF2, 0xFEF2, 0xFED2, 0xFED2, 0xFED2, 0xFED1, 0xFF94,
    0xB48C, 0x4964, 0xFFBB, 0xEEF8, 0xE677, 0xE676, 0xE676, 0xE676, 0xE676, 0xE635, 0xD592, 0xD571, 0xC530, 0xC530, 0xC4CF, 0xBC8E,
    0x5122, 0x8A65, 0xD448, 0xCC68, 0xD489, 0xD4A9, 0xDD0A, 0xDD0A, 0xE50B, 0xDCC9, 0xCC27, 0xCBE7, 0xCBC7, 0xC3C7, 0xCC28, 0xD468,
    0xD488, 0xD489, 0xD489, 0xD468, 0xD468, 0xD468, 0xDCCA, 0xF62F, 0xF630, 0xFE71, 0xD54D, 0x4102, 0x2881, 0x7B47, 0xA4A9, 0x9C69,
    0x83C7, 0x41C4, 0x0020, 0x1080, 0x1060, 0x0860, 0x1080, 0x39A3, 0x39A2, 0x83A7, 0xCDAD, 0x72E7, 0x0800, 0x3103, 0xBC6C, 0xDD0E,
    0xDD4E, 0xE56E, 0xEE30, 0xF693, 0xFF16, 0xF672, 0xF650, 0xF650, 0xF5EE, 0xED8C, 0xF60E, 0xF62F, 0xF60E, 0xF6B2, 0xFF15, 0xFEF3,
    0xFEF3, 0xFF15, 0xFEF5, 0xE5AF, 0xDD6E, 0xE5AF, 0xEE11, 0xEE73, 0xF694, 0xFF57, 0xFFBA, 0xFFDB, 0xFFDB, 0xFFDB, 0xFFDB, 0xFFDB,
    0xFFDB, 0xFFDB, 0xFFDB, 0xFFDB, 0xFFDB, 0xFFDB, 0xFFDA, 0xFF98, 0xFF98, 0xFF78, 0xFF78, 0xFF78, 0xFF57, 0xF6F5, 0xF6D4, 0xFEB3,
    0xF693, 0xF6F5, 0xFF99, 0xF738, 0xF694, 0xF674, 0xF673, 0xF673, 0xF673, 0xF673, 0xF673, 0xF653, 0xEE31, 0xEE10, 0xEE11, 0xEE31,
    0xF652, 0xEE52, 0xEE52, 0xEE52, 0xEE53, 0xEE53, 0xEE54, 0xEE74, 0xE633, 0xD571, 0xE655, 0xF6D7, 0x9BCC, 0x48C0, 0x8285, 0x8285,
    0x8265, 0x7A44, 0x7A44, 0x8AE6, 0x9B48, 0x9B68, 0xA388, 0xA388, 0xA368, 0x92E6, 0x9306, 0x9B26, 0x9B26, 0x9B46, 0x9B26, 0xA326,
    0xAB88, 0xAB88, 0xAB67, 0xB388, 0xB3A8, 0xB3A8, 0xB3A8, 0xBBC8, 0xBBE8, 0xBBC8, 0xB3A8, 0xB3A7, 0xBBA8, 0xB3A8, 0xAB87, 0xAB67,
    0xAB87, 0xAB88, 0xAB87, 0xAB87, 0xAB87, 0xA347, 0xA347, 0xA347, 0xABA8, 0xABC9, 0xABC9, 0xABC8, 0xABA8, 0xABA8, 0xABA7, 0xB3E8,
    0xBC29, 0xBC29, 0xBC29, 0xBC49, 0xBC49, 0xBC2A, 0xBC2A, 0xABC9, 0x9327, 0x7A66, 0xDDAF, 0xFEF2, 0xFEB2, 0xFEB2, 0xFEB2, 0xFEB2,
    0xFFFA, 0xFFFA, 0xFFFA, 0xFFFA, 0xFFFA, 0xFFFA, 0xFFD9, 0xFF34, 0xFED2, 0xFED2, 0xFEB1, 0xFE91, 0xFE91, 0xFE71, 0xFE91, 0xFE91,
    0xFEB1, 0xFED2, 0xFED2, 0xFED2, 0xFED2, 0xFED2, 0xFEB1, 0xFE91, 0xFED2, 0xFEF2, 0xFEF2, 0xFED2, 0xFED2, 0xFED2, 0xFED2, 0xFF53,
    0xB4AC, 0x51A5, 0xFFBB, 0xEEF8, 0xEE97, 0xE676, 0xE676, 0xE676, 0xE676, 0xE635, 0xD5B2, 0xD592, 0xC530, 0xC510, 0xC510, 0xCD30,
    0x5102, 0x8244, 0xD469, 0xCC69, 0xD489, 0xD4A9, 0xDCEB, 0xDCCA, 0xDCA9, 0xD489, 0xCC27, 0xC3E7, 0xC3C6, 0xC3C6, 0xD448, 0xDCC9,
    0xDCA9, 0xDC89, 0xDC89, 0xD448, 0xD448, 0xD448, 0xD469, 0xDCA9, 0xF60F, 0xFED2, 0xE5CE, 0xA3C9, 0x2020, 0x1000, 0x8BC9, 0xA4CA,
    0xA4A9, 0x83E8, 0x4A24, 0x0820, 0x0820, 0x0820, 0x0820, 0x5AA5, 0xA4AA, 0xC54C, 0x8B68, 0x1840, 0x6AA8, 0xCDF3, 0xF6F6, 0xD56F,
    0xEE32, 0xEE30, 0xEE30, 0xF672, 0xFEF6, 0xF672, 0xF671, 0xEDEE, 0xDD2B, 0xEDCE, 0xF60F, 0xF62F, 0xF60E, 0xF6B4, 0xFF78, 0xFF57,
    0xFF57, 0xFF78, 0xFF16, 0xE5AF, 0xDD6E, 0xD50D, 0xD52E, 0xDDD0, 0xF694, 0xF717, 0xFFBA, 0xFFDB, 0xFFDB, 0xFFDB, 0xFFDB, 0xFFDB,
    0xFFDB, 0xFFDB, 0xFFDB, 0xFFDB, 0xFFDB, 0xFFFB, 0xFFFB, 0xFF99, 0xFF78, 0xFF79, 0xFF79, 0xFF78, 0xFF78, 0xFF57, 0xF6F5, 0xF716,
    0xFF79, 0xF737, 0xF695, 0xF674, 0xF673, 0xF673, 0xF674, 0xF674, 0xF673, 0xF673, 0xF653, 0xEE11, 0xEE11, 0xEE11, 0xEE11, 0xEE32,
    0xEE32, 0xEE32, 0xEE52, 0xEE31, 0xEE32, 0xEE54, 0xEE54, 0xEE74, 0xE633, 0xDDD4, 0xDDD3, 0xEE76, 0xAC2D, 0x3880, 0x8285, 0x8264,
    0x7A64, 0x7A64, 0x8264, 0x7A44, 0x7A44, 0x82A5, 0x9327, 0x9327, 0x9B67, 0xB42B, 0xB42B, 0xABC9, 0x9B26, 0x9B47, 0x9B26, 0x9B26,
    0x9B26, 0xA326, 0xAB67, 0xB388, 0xB3A8, 0xB3A8, 0xB3A8, 0xB3A8, 0xB387, 0xAB67, 0xAB67, 0xAB67, 0xAB87, 0xB387, 0xAB87, 0xAB87,
    0xAB87, 0xAB87, 0xAB88, 0xAB88, 0xAB88, 0xABA8, 0xA388, 0x9B47, 0xA367, 0xABC8, 0xABC9, 0xABC8, 0xAB87, 0xAB87, 0xAB87, 0xAB87,
    0xAB87, 0xAB87, 0xB409, 0xBC4A, 0xBC4A, 0xBC2A, 0xB409, 0xB409, 0xB40A, 0x4102, 0xCD2E, 0xFF13, 0xFEB2, 0xFEB2, 0xFEB2, 0xFEB3,
    0xFFFA, 0xFFFA, 0xFFFA, 0xFFFA, 0xFFFA, 0xFFFA, 0xFFF9, 0xFF55, 0xFEF2, 0xFEB1, 0xFEB1, 0xFE91, 0xFEB1, 0xFE91, 0xFED2, 0xFED2,
    0xFED2, 0xFEB2, 0xFEB2, 0xFED2, 0xFED2, 0xFED2, 0xFEB1, 0xFE91, 0xFEB1, 0xFEB2, 0xFED2, 0xFED2, 0xFED2, 0xFED2, 0xFED2, 0xFF53,
    0xB4AC, 0x51A5, 0xFFFC, 0xF718, 0xEE97, 0xE697, 0xE676, 0xE676, 0xE676, 0xDE14, 0xD5B2, 0xD592, 0xCD71, 0xC510, 0xCD30, 0xB42D,
    0x6183, 0x9AE6, 0xCC69, 0xCC69, 0xD489, 0xD4A9, 0xD4CA, 0xD489, 0xCC28, 0xCC28, 0xCC28, 0xCC07, 0xC407, 0xC3E7, 0xD468, 0xDCC9,
    0xDCA9, 0xDCA9, 0xDCA9, 0xDC88, 0xD468, 0xD448, 0xD448, 0xCC07, 0xE54C, 0xEE30, 0xFEF3, 0xE5F0, 0x8B48, 0x3922, 0x1840, 0x6AE7,
    0x9CAB, 0xA4CA, 0x9C48, 0x6AE5, 0x6B06, 0x6B06, 0x7326, 0x8BC8, 0x93E9, 0x8347, 0x30C1, 0x6AE9, 0xDE74, 0xFFD9, 0xFF37, 0xF6D4,
    0xFEF5, 0xF671, 0xF650, 0xEE51, 0xF694, 0xF673, 0xF652, 0xEDEF, 0xEDAE, 0xEDEF, 0xF630, 0xF691, 0xFED3, 0xFF16, 0xFF58, 0xFF58,
    0xFF58, 0xFF58, 0xFF37, 0xEE31, 0xE58F, 0xC48C, 0xC48C, 0xE5D1, 0xF6F6, 0xFF79, 0xFFBA, 0xFFDB, 0xFFDB, 0xFFDB, 0xFFDB, 0xFFDB,
    0xFFDB, 0xFFDB, 0xFF9A, 0xFF99, 0xFFBA, 0xFFB9, 0xFFBA, 0xFF99, 0xFF79, 0xFF79, 0xFF78, 0xFF78, 0xFF78, 0xFF79, 0xFF79, 0xFF9A,
    0xF6F7, 0xF6B5, 0xF694, 0xF694, 0xF694, 0xF694, 0xF694, 0xF673, 0xEE31, 0xEE11, 0xEE11, 0xE5F0, 0xEE11, 0xEE11, 0xEE11, 0xEE31,
    0xEE32, 0xEE52, 0xEE53, 0xEE53, 0xEE53, 0xEE54, 0xEE74, 0xEE54, 0xE634, 0xDDF4, 0xEE55, 0x836B, 0x7266, 0x8244, 0x7A44, 0x8264,
    0x8265, 0x7A64, 0x7A64, 0x8264, 0x8285, 0x82A5, 0x8285, 0x8264, 0x8284, 0x9327, 0x9306, 0x9B48, 0xB42B, 0xB40A, 0xA388, 0xA367,
    0xA347, 0xA367, 0xABA8, 0xB3A8, 0xB3A8, 0xB3A8, 0xB3A8, 0xB3A8, 0xAB67, 0xA326, 0xAB46, 0xAB47, 0xAB67, 0xAB67, 0xAB67, 0xAB87,
    0xAB87, 0xAB87, 0xA346, 0xA346, 0xA347, 0xA347, 0x9B26, 0x9B26, 0x9B26, 0xA367, 0xA387, 0xA367, 0xA367, 0xA387, 0xA387, 0xA387,
    0xAB87, 0xAB87, 0xABA8, 0xABC8, 0xABC8, 0xB409, 0xBC2A, 0xB3E9, 0xABC9, 0x5163, 0xCD4E, 0xFEF2, 0xFEB2, 0xFEB2, 0xFEB2, 0xFED2,
    0xFFFB, 0xFFFB, 0xFFFA, 0xFFFA, 0xFFD9, 0xFFFA, 0xFFF9, 0xFF55, 0xFED2, 0xFE90, 0xFE91, 0xFEB2, 0xFED2, 0xFED2, 0xFED2, 0xFED2,
    0xFEB1, 0xFEB2, 0xFED2, 0xFED2, 0xFEB1, 0xFEB1, 0xFE91, 0xFE91, 0xFEB1, 0xFEB1, 0xFED1, 0xFED1, 0xFED1, 0xFED2, 0xFED2, 0xFF53,
    0xB4AC, 0x59E6, 0xE6F8, 0xEED8, 0xEE97, 0xE697, 0xEE96, 0xEE97, 0xE676, 0xD5D3, 0xD5B2, 0xD5B3, 0xD5D3, 0xC530, 0xCD71, 0x9329,
    0x8244, 0xC3E8, 0xC428, 0xD48A, 0xD4AA, 0xD4A9, 0xD4A9, 0xD4AA, 0xCC48, 0xCC08, 0xCC28, 0xCC27, 0xCC28, 0xCC28, 0xD468, 0xDCC9,
    0xE50A, 0xE50A, 0xE50A, 0xE52B, 0xDCC9, 0xD448, 0xD448, 0xD448, 0xCC07, 0xD4AA, 0xF6B2, 0xFEF3, 0xFF75, 0xAC6C, 0x3102, 0x1840,
    0x1840, 0x7B27, 0xACCA, 0xACAA, 0xACCB, 0xACCB, 0xB50C, 0x8BA8, 0x28A1, 0x3923, 0x8329, 0xFF57, 0xFFBA, 0xFF78, 0xFF78, 0xFF78,
    0xFF57, 0xF672, 0xEE30, 0xEDCF, 0xEE10, 0xF652, 0xEE52, 0xDD6E, 0xDD2D, 0xE5AF, 0xF5F0, 0xF693, 0xFF36, 0xFF37, 0xFF58, 0xFF58,
    0xFF58, 0xFF38, 0xFF58, 0xF6D6, 0xEE11, 0xC46B, 0xAB89, 0xDDB1, 0xF738, 0xFFFB, 0xFFBB, 0xFFDB, 0xFFDB, 0xFFDB, 0xFFDB, 0xFFDB,
    0xFFDB, 0xFFDB, 0xFF79, 0xFF57, 0xFF37, 0xFF37, 0xFF57, 0xFF78, 0xFF58, 0xFF58, 0xFF79, 0xFFBB, 0xFFDB, 0xFFDB, 0xFF5A, 0xF718,
    0xEEB5, 0xF695, 0xF6B6, 0xF6B6, 0xF6B5, 0xEE53, 0xEE32, 0xEE11, 0xE5D0, 0xE5F0, 0xEDF0, 0xEE11, 0xEE11, 0xEDF1, 0xEE11, 0xEE31,
    0xEE32, 0xEE32, 0xEE52, 0xEE53, 0xEE53, 0xEE53, 0xEE53, 0xDDD3, 0xDDD3, 0xE5F4, 0xEE55, 0x4985, 0x71C1, 0xCBA4, 0x6161, 0x71E3,
    0x7203, 0x7203, 0x7203, 0x7203, 0x7203, 0x7203, 0x7A43, 0x8284, 0x8284, 0x8264, 0x8264, 0x8AC5, 0x9306, 0x9306, 0xB3EA, 0xBC2A,
    0xABA8, 0xA367, 0xA347, 0xA347, 0xA347, 0xB388, 0xB3A8, 0xB3A8, 0xAB87, 0xAB46, 0xAB46, 0xAB67, 0xAB87, 0xAB87, 0xAB87, 0xAB87,
    0xAB88, 0xAB88, 0x9B26, 0x9306, 0x9B06, 0x9B06, 0x9B26, 0x9B26, 0x9B26, 0x9B06, 0x9B26, 0x9B26, 0xA367, 0xA367, 0xA387, 0xA387,
    0xAB87, 0xA387, 0xA367, 0xA367, 0xA367, 0xABA8, 0xB3E9, 0xABE9, 0xABC9, 0x40E2, 0xCD4E, 0xFF13, 0xFE91, 0xFEB2, 0xFED2, 0xFED3,
    0xFFFA, 0xFFFA, 0xFFFA, 0xFFD9, 0xFFB9, 0xFFFA, 0xFFD9, 0xFF56, 0xFEF3, 0xFE91, 0xFEB1, 0xFED2, 0xFEF3, 0xFED2, 0xFEB1, 0xFE91,
    0xFE91, 0xFEB1, 0xFED1, 0xFEB2, 0xFEB1, 0xFE91, 0xFE91, 0xFEB1, 0xFEB1, 0xFEB1, 0xFED1, 0xFED1, 0xFED1, 0xFED2, 0xFED2, 0xFED2,
    0xF6B1, 0xE651, 0x59E4, 0xA44E, 0xF6F8, 0xE697, 0xEE97, 0xE655, 0xDE14, 0xD5B3, 0xD5B3, 0xDDF3, 0xDDD3, 0xCD30, 0xCD51, 0xB44D,
    0x79E4, 0xB3A7, 0xCC69, 0xD48A, 0xD4AA, 0xD4AA, 0xD4AA, 0xD489, 0xCC28, 0xCC08, 0xCC07, 0xCC07, 0xCC27, 0xCC07, 0xDCA9, 0xE50A,
    0xE50A, 0xDCEA, 0xDCC9, 0xDCC9, 0xDCA9, 0xD469, 0xD448, 0xD448, 0xD428, 0xD449, 0xCC69, 0xE58D, 0xF6B3, 0xFEF4, 0xEE93, 0xB4AD,
    0x30C1, 0x2040, 0x1820, 0x1800, 0x1820, 0x1820, 0x2060, 0x30C1, 0x72C7, 0xFF15, 0xFF98, 0xFF98, 0xFFDA, 0xFFDA, 0xFFDA, 0xFFDA,
    0xFFBA, 0xF6F5, 0xF651, 0xEDCE, 0xE5CF, 0xEE31, 0xF632, 0xDD4E, 0xDD2D, 0xDD4E, 0xEDD0, 0xF694, 0xFF16, 0xFF37, 0xFF99, 0xFF78,
    0xFF79, 0xFF58, 0xF675, 0xD44D, 0xCC0B, 0xCC6C, 0xC40B, 0xDD91, 0xEEB6, 0xEED7, 0xFFDB, 0xFFDB, 0xFFDB, 0xFFBA, 0xFFBA, 0xFFBA,
    0xFFBA, 0xFFBA, 0xFFB9, 0xFF58, 0xFF37, 0xFF17, 0xF717, 0xF737, 0xFF37, 0xFF79, 0xFF9A, 0xFF9A, 0xFF79, 0xFF38, 0xF738, 0xFF37,
    0xF6D6, 0xF6B5, 0xF695, 0xEE95, 0xF694, 0xE5F0, 0xE5AF, 0xE5CF, 0xE5CF, 0xE5CF, 0xEDF1, 0xEDF1, 0xEE11, 0xEE11, 0xEE11, 0xEE32,
    0xEE53, 0xEE74, 0xEE94, 0xEE95, 0xEE95, 0xEE95, 0xEE95, 0xDE34, 0xDE14, 0xE655, 0xFEF7, 0x7B6B, 0x8B28, 0xCC69, 0x8308, 0x9368,
    0x9368, 0x9389, 0x9B89, 0x9B89, 0x9B89, 0x9B89, 0x9328, 0x7A23, 0x7A43, 0x7A44, 0x8264, 0x8284, 0x8284, 0x8AA5, 0x92E5, 0x9306,
    0x9B47, 0x9B26, 0x9B05, 0x9B06, 0xA346, 0xAB87, 0xB388, 0xB388, 0xB387, 0xB387, 0xB387, 0xB388, 0xAB67, 0xAB67, 0xAB47, 0xA346,
    0xA367, 0xAB67, 0xA326, 0x9B26, 0x9B26, 0x9B06, 0x9B06, 0x9B26, 0x9B26, 0x9B47, 0xAB88, 0xB3C8, 0xABC8, 0xB3C8, 0xB3E9, 0xB409,
    0xB409, 0xB409, 0xB409, 0xABA8, 0xAB88, 0xA388, 0xABA8, 0xABC9, 0xABC9, 0x82A7, 0x82C7, 0x8B28, 0xFEB1, 0xFEB1, 0xFEF3, 0xFF15,
    0xFFFA, 0xFFFA, 0xFFD9, 0xFFB8, 0xFFD9, 0xFFF9, 0xFFD9, 0xFF98, 0xFEF3, 0xFE91, 0xFEB1, 0xFEB1, 0xFEB1, 0xFE91, 0xFE91, 0xFE91,
    0xFE91, 0xFE91, 0xFE91, 0xFEB1, 0xFEB1, 0xFEB1, 0xFEB1, 0xFED1, 0xFED1, 0xFED1, 0xFED1, 0xFED1, 0xFED1, 0xFED1, 0xFED1, 0xFED1,
    0xFEF2, 0xFF12, 0x61A3, 0x6A05, 0xEE97, 0xEE97, 0xEE97, 0xDE15, 0xD5B3, 0xD5B3, 0xD5B3, 0xDDD3, 0xD5B2, 0xCD51, 0xCD51, 0xCD50,
    0x7204, 0xB3C8, 0xD4CA, 0xD4AA, 0xD4A9, 0xD4CA, 0xD489, 0xCC28, 0xCC28, 0xCC28, 0xCC08, 0xCC07, 0xCC28, 0xCC28, 0xD448, 0xDCA9,
    0xE50A, 0xDD0A, 0xDCEA, 0xDCA9, 0xDCA9, 0xD489, 0xD448, 0xCC48, 0xCC48, 0xCC28, 0xD428, 0xD469, 0xD48A, 0xDCEB, 0xFEF4, 0xFF35,
    0xDE52, 0xD632, 0xBCED, 0xB46C, 0xB48C, 0xB4AC, 0xBCCC, 0xDDD0, 0xEE52, 0xFF77, 0xFFDA, 0xFFDA, 0xFFDA, 0xFFDA, 0xFFDA, 0xFFDA,
    0xFFBA, 0xFF98, 0xF6B3, 0xE58E, 0xEE31, 0xEE72, 0xE5D1, 0xDD2E, 0xD50D, 0xDD4E, 0xDD4F, 0xFED5, 0xFF57, 0xFEF5, 0xF675, 0xF695,
    0xF654, 0xEDD2, 0xD3AB, 0xD2C8, 0xCAC8, 0xBAC7, 0xC389, 0xE5D2, 0xD592, 0xE676, 0xFFDB, 0xFFDB, 0xFFBA, 0xFFBA, 0xFFB9, 0xFFB9,
    0xFF99, 0xFF99, 0xFF79, 0xFF58, 0xFF37, 0xFF17, 0xF717, 0xFF99, 0xFF9A, 0xFF79, 0xF6B6, 0xF695, 0xF695, 0xF6B5, 0xF695, 0xF695,
    0xF6B5, 0xF695, 0xEE53, 0xE612, 0xE612, 0xE5F1, 0xE5F0, 0xE5F0, 0xE5F0, 0xE5F0, 0xEE11, 0xEE32, 0xFF16, 0xFF58, 0xFF58, 0xFF78,
    0xF758, 0xF718, 0xF718, 0xF718, 0xF718, 0xF718, 0xF717, 0xF718, 0xF718, 0xF739, 0xACD1, 0xC551, 0xEE74, 0xEE53, 0xD5B2, 0xB4CF,
    0xC531, 0xC530, 0xC530, 0xC530, 0xC530, 0xC551, 0xB4AE, 0x9B68, 0x9B88, 0x9B88, 0x9B68, 0xA368, 0x9B67, 0x9306, 0x8AC5, 0x92C4,
    0x9B05, 0xA346, 0x9B26, 0x9B26, 0xA347, 0xB387, 0xB387, 0xB388, 0xB388, 0xB388, 0xB388, 0xB3A7, 0xB387, 0xB387, 0xAB67, 0xA346,
    0xA347, 0xA346, 0xA346, 0xA347, 0xA346, 0xA346, 0x9B26, 0x9B26, 0x9B26, 0x9B26, 0x9B46, 0xA367, 0xA387, 0xABC8, 0xABC8, 0xB409,
    0xBC09, 0xBC09, 0xBC29, 0xBC29, 0xBC09, 0xBC2A, 0xB3E9, 0xABC9, 0xABC9, 0xBC4A, 0x8285, 0x61C3, 0xFEB2, 0xFEB1, 0xFF56, 0xFFB9,
    0xFFFA, 0xFFFA, 0xFFD9, 0xFFB8, 0xFFB8, 0xFFD9, 0xFFFA, 0xFFD9, 0xFF55, 0xFE91, 0xFE91, 0xFE91, 0xFE91, 0xFE91, 0xFE91, 0xFE70,
    0xFE70, 0xFE70, 0xFE70, 0xFE70, 0xFE91, 0xFEB1, 0xFED1, 0xFED1, 0xFED1, 0xFED1, 0xFED2, 0xFED2, 0xFED2, 0xFED2, 0xFED2, 0xFED2,
    0xFED2, 0xF6B2, 0x7266, 0x7267, 0xFF18, 0xEEB7, 0xE697, 0xDE15, 0xD5B3, 0xD5B3, 0xD5D3, 0xD592, 0xCD51, 0xCD51, 0xCD51, 0xCD50,
    0x71E4, 0xB3C7, 0xDCEA, 0xD4AA, 0xD4AA, 0xD4A9, 0xCC48, 0xCC28, 0xCC08, 0xCC08, 0xCC28, 0xCC28, 0xCC28, 0xCC28, 0xCC48, 0xDCEA,
    0xE50B, 0xE52B, 0xE52B, 0xDCEA, 0xDCA9, 0xD489, 0xD469, 0xD469, 0xD469, 0xD469, 0xD469, 0xD489, 0xD489, 0xDCAA, 0xDD2C, 0xDD2C,
    0xED8D, 0xE58D, 0xF5CE, 0xFE50, 0xFE50, 0xFE50, 0xFE71, 0xFF15, 0xFF57, 0xFF98, 0xFFDA, 0xFFDA, 0xFFDA, 0xFFDA, 0xFFDA, 0xFFDB,
    0xFFB9, 0xFF99, 0xFF37, 0xEEB3, 0xEE93, 0xEE73, 0xE5F1, 0xDD6F, 0xDD2D, 0xC40B, 0xD4AD, 0xED91, 0xE550, 0xE50F, 0xE4AE, 0xE44D,
    0xD2E8, 0xD2E8, 0xD2C8, 0xDB09, 0xDB29, 0xDAE8, 0xD349, 0xBB8A, 0x92E9, 0xFF9B, 0xFFFC, 0xFFFC, 0xFFFC, 0xFFDA, 0xFFDA, 0xFFBA,
    0xFFDA, 0xFF99, 0xFF58, 0xFF38, 0xFF58, 0xFF78, 0xFF58, 0xEE95, 0xEE95, 0xEEB6, 0xF6B5, 0xF6B5, 0xF6B5, 0xF6B5, 0xF6B5, 0xEE95,
    0xF695, 0xF695, 0xEE33, 0xE632, 0xEEB5, 0xF717, 0xF737, 0xF738, 0xF738, 0xF737, 0xF717, 0xF716, 0xF6B5, 0xEE73, 0xEE94, 0xEE95,
    0xEE54, 0xEE33, 0xEE33, 0xEE33, 0xEE33, 0xE613, 0xE5D2, 0xE634, 0xEE76, 0xEEB6, 0x3923, 0x7A23, 0xE4C9, 0xDCA9, 0xA346, 0x3860,
    0x61A2, 0x61A2, 0x61A2, 0x61C2, 0x61C2, 0x61A2, 0x7244, 0xC4AD, 0xBCAD, 0xC4AD, 0xBCAD, 0xBC8D, 0xC4CD, 0xC4ED, 0xA387, 0xAB88,
    0xA367, 0x9B06, 0x9AE6, 0x9B26, 0xAB67, 0xB388, 0xB388, 0xB388, 0xB387, 0xAB67, 0xAB67, 0xAB67, 0xB387, 0xB387, 0xB3A7, 0xB3A8,
    0xB3A8, 0xB3A8, 0xAB67, 0xAB67, 0xB3A8, 0xBBC8, 0xAB67, 0x9B26, 0x9B26, 0x9B26, 0x9B26, 0x9B26, 0xA347, 0xA367, 0xA387, 0xABC8,
    0xB3E9, 0xBC09, 0xBC29, 0xBC29, 0xBC29, 0xBC29, 0xB3E9, 0xABC9, 0xABC9, 0xB409, 0x8285, 0x7245, 0xFED1, 0xFEB1, 0xFEF3, 0xFF14,
    0xFFFA, 0xFFFA, 0xFFD9, 0xFFD9, 0xFFD9, 0xFFF9, 0xFFFA, 0xFFFA, 0xFFB8, 0xFEB2, 0xFE91, 0xFE91, 0xFE91, 0xFE91, 0xFE71, 0xFE70,
    0xFE50, 0xFE50, 0xFE50, 0xFE50, 0xFE70, 0xFE90, 0xFEB1, 0xFED1, 0xFED1, 0xFED1, 0xFED2, 0xFED2, 0xFED2, 0xFED2, 0xFED2, 0xFED2,
    0xFED2, 0xFED1, 0xF6D3, 0x7B08, 0xAC6F, 0xEEB7, 0xEED7, 0xE676, 0xE635, 0xDDF4, 0xD5B3, 0xCD92, 0xCD71, 0xCD71, 0xCD91, 0xCD71,
    0x69C4, 0xB3C7, 0xDCEA, 0xD4AA, 0xD4CA, 0xD4CA, 0xD489, 0xD489, 0xD489, 0xD489, 0xCC28, 0xCC28, 0xCC28, 0xCC28, 0xCC48, 0xDCCA,
    0xE52B, 0xE52B, 0xE52B, 0xE52B, 0xDCEA, 0xDCCA, 0xDCEA, 0xDCCA, 0xDCCA, 0xDCCA, 0xDCCA, 0xDCCA, 0xDCAA, 0xDCAA, 0xDCAA, 0xDCEB,
    0xDCEA, 0xDCEA, 0xE56C, 0xEDEE, 0xEE0F, 0xF62F, 0xEE50, 0xFF97, 0xFFD9, 0xFFDA, 0xFFDA, 0xFFDA, 0xFFDA, 0xFFDA, 0xFFDB, 0xFFDB,
    0xFFDB, 0xFF78, 0xFF78, 0xFF98, 0xF738, 0xF737, 0xE653, 0xDD8F, 0xC46C, 0xC349, 0xD3AB, 0xD329, 0xD267, 0xD287, 0xD287, 0xD287,
    0xDAA8, 0xDAC8, 0xDB29, 0xDB09, 0xCAA8, 0xCAE9, 0xC267, 0xB309, 0xDE15, 0xFFDC, 0xFFFC, 0xFFFC, 0xFFFC, 0xFFFC, 0xFFFC, 0xF759,
    0xE675, 0xEEB6, 0xF737, 0xFF99, 0xF717, 0xEE54, 0xEE54, 0xE612, 0xEE53, 0xEE95, 0xF6B5, 0xF6B6, 0xF6B5, 0xF6D5, 0xF6F7, 0xF738,
    0xF738, 0xFF79, 0xF759, 0xF77A, 0xEEB6, 0xDDF2, 0xE612, 0xE612, 0xE612, 0xE612, 0xE5D0, 0xE5F0, 0xEE11, 0xEE31, 0xEE32, 0xEE33,
    0xEE54, 0xEE54, 0xEE54, 0xEE54, 0xEE54, 0xEE33, 0xE5F2, 0xE655, 0xEE96, 0xFF18, 0x51E6, 0x8285, 0xE50A, 0xE4EA, 0xB3C8, 0x61A3,
    0x69E3, 0x6A03, 0x7223, 0x7223, 0x7203, 0x7203, 0x7203, 0x69E2, 0x69E2, 0x71E2, 0x7203, 0x7203, 0x7A23, 0xB42B, 0xC4EE, 0xCCEE,
    0xC48C, 0xA387, 0xAB88, 0x9AE5, 0xA306, 0xAB46, 0xAB46, 0xAB47, 0xAB67, 0xAB46, 0xA326, 0xA346, 0xAB67, 0xB387, 0xB387, 0xB387,
    0xAB67, 0xAB47, 0xAB46, 0xAB66, 0xB3A7, 0xBBA7, 0xBBA8, 0xB3A8, 0xB3A8, 0xB3A8, 0xB3C8, 0xB3A8, 0xAB67, 0xAB67, 0xAB67, 0xAB67,
    0xB3A8, 0xB3E9, 0xB409, 0xB3E9, 0xB3E9, 0xB409, 0xB3E9, 0xABC9, 0xABA9, 0xB409, 0x7A45, 0x7245, 0xFF53, 0xFEB1, 0xFE91, 0xFE91,
    0xFFD9, 0xFFD9, 0xFFD9, 0xFFD9, 0xFFFA, 0xFFD9, 0xFFD9, 0xFFD9, 0xFF76, 0xFE91, 0xFE91, 0xFE91, 0xFE91, 0xFE91, 0xFE91, 0xFE70,
    0xFE50, 0xFE50, 0xFE70, 0xFED1, 0xFED2, 0xFEB1, 0xFE91, 0xFEB1, 0xFED1, 0xFED2, 0xFED2, 0xFEF2, 0xFEF2, 0xFEF2, 0xFEF2, 0xFEB1,
    0xFE91, 0xFEB1, 0xFEF3, 0xB4CD, 0x8B8A, 0x6A68, 0xD615, 0xF6F9, 0xEEB7, 0xDE14, 0xD5D3, 0xD5B2, 0xD5B2, 0xD592, 0xD592, 0xCD51,
    0x69A4, 0xA367, 0xDCEB, 0xD4AA, 0xD4CA, 0xDCEA, 0xDCEA, 0xDCEA, 0xDCEB, 0xDCEA, 0xCC48, 0xCC28, 0xCC28, 0xCC28, 0xCC49, 0xD4AA,
    0xE52C, 0xE52C, 0xE54C, 0xE54C, 0xED6C, 0xE54B, 0xED6C, 0xED8C, 0xED8C, 0xED8C, 0xED8C, 0xED8C, 0xED6C, 0xE56C, 0xE58C, 0xF62F,
    0xF64F, 0xF64F, 0xF691, 0xFF33, 0xFF34, 0xFF14, 0xFF13, 0xFF34, 0xFF76, 0xFF97, 0xFF98, 0xFFDA, 0xFFDB, 0xFFFA, 0xFFFB, 0xFFDB,
    0xFFFB, 0xFFDA, 0xFFDA, 0xFF79, 0xFF79, 0xFF9A, 0xFF37, 0xE612, 0xA308, 0xD2E8, 0xD2A8, 0xDAA8, 0xDAA8, 0xDAA8, 0xDAA8, 0xDAA8,
    0xDAA8, 0xDAE8, 0xEB6B, 0x99E6, 0x4800, 0x6860, 0x91E5, 0xC44E, 0xFFFC, 0xFFFC, 0xFFDC, 0xFFFB, 0xFFFC, 0xFFFC, 0xFFFC, 0xFFDB,
    0xEED7, 0xF717, 0xFF79, 0xFF79, 0xFF79, 0xF717, 0xF738, 0xFF79, 0xF6F7, 0xE634, 0xEE74, 0xEE95, 0xF738, 0xF759, 0xF739, 0xF739,
    0xF718, 0xF6F7, 0xEEB6, 0xEE95, 0xE633, 0xE612, 0xE612, 0xE612, 0xE612, 0xE5F1, 0xE5AF, 0xE5CF, 0xE5EF, 0xEDEF, 0xEE11, 0xEE53,
    0xEE54, 0xEE54, 0xEE54, 0xEE54, 0xEE54, 0xEE54, 0xEE96, 0xF6D7, 0xCD72, 0x6A26, 0xABEA, 0xD469, 0xDCAA, 0xDCA9, 0xD4AA, 0xD4CB,
    0x71E3, 0x69C3, 0x7224, 0x7204, 0x7204, 0x7203, 0x7203, 0x7223, 0x7223, 0x7A44, 0x8AA5, 0x8AC5, 0x8AC5, 0x8285, 0x8285, 0x8264,
    0xABA9, 0xC48C, 0xCCAC, 0xB3C9, 0xAB87, 0x9AE5, 0xA306, 0xAB47, 0xB347, 0xAB67, 0xAB46, 0xA326, 0xA326, 0xAB87, 0xB387, 0xB387,
    0xAB87, 0xAB67, 0xB387, 0xBBC8, 0xBBC8, 0xBBC8, 0xBBC8, 0xBBC8, 0xBBC8, 0xBBC8, 0xBBE9, 0xBBE9, 0xAB67, 0xAB67, 0xAB67, 0xAB68,
    0xB3A8, 0xB3C8, 0xB3E8, 0xABC8, 0xA3A8, 0xA388, 0xA388, 0xA388, 0xA3A8, 0xABC9, 0x9307, 0x7A85, 0x9BA9, 0xEE50, 0xFEB2, 0xFEB1,
    0xFFD9, 0xFFB8, 0xFFB8, 0xFFD9, 0xFFFA, 0xFFD9, 0xFFB8, 0xFFB9, 0xFF36, 0xFEB2, 0xFE91, 0xFE91, 0xFE91, 0xFE91, 0xFE91, 0xFE91,
    0xFEB1, 0xFED2, 0xFEF2, 0xFF13, 0xFF13, 0xFF12, 0xFEF2, 0xFEB1, 0xFED2, 0xFEF2, 0xFEF2, 0xFEF2, 0xFED2, 0xFED2, 0xFED2, 0xFEB1,
    0xFEB1, 0xFED2, 0xFEB2, 0xFF54, 0xFF13, 0x38E1, 0xC573, 0xFF19, 0xEE97, 0xDE14, 0xDDF4, 0xDDF4, 0xDE14, 0xD5D3, 0xD592, 0xD592,
    0xC4F0, 0x7204, 0xBC2A, 0xDD0C, 0xD4AA, 0xD4AA, 0xD4CA, 0xD468, 0xD449, 0xCC49, 0xCC48, 0xCC48, 0xCC48, 0xD469, 0xD469, 0xD48A,
    0xDD0B, 0xE52C, 0xE54C, 0xE56C, 0xED8C, 0xED8C, 0xED8C, 0xED6C, 0xED6C, 0xED6C, 0xEDAD, 0xEDCD, 0xEDCD, 0xEDEE, 0xF64F, 0xF670,
    0xFE70, 0xFE70, 0xFEB1, 0xFF33, 0xFF34, 0xFF34, 0xFF56, 0xFF76, 0xFF97, 0xFFB9, 0xFFB9, 0xFFDA, 0xFFDB, 0xFFDB, 0xFFDB, 0xFFDB,
    0xFFDB, 0xFFDB, 0xFFDB, 0xFFDB, 0xFFFB, 0xF759, 0xABCC, 0xCCAE, 0xD42C, 0xD2E9, 0xDAE8, 0xDAE8, 0xE2C8, 0xEAE9, 0xDAA8, 0xDA88,
    0xDAA8, 0xE329, 0xCAC8, 0x4841, 0x58C3, 0x9A47, 0xCCD0, 0xFF9A, 0xFF9B, 0xFFFC, 0xFFFC, 0xFFFB, 0xFFFC, 0xFFFC, 0xFFFC, 0xFFFC,
    0xFFFC, 0xFFFC, 0xFFFB, 0xFFDB, 0xFFDB, 0xFFDB, 0xFFDB, 0xFFDB, 0xFFBA, 0xF739, 0xF738, 0xEEB5, 0xEED6, 0xF6B6, 0xEE95, 0xEE95,
    0xEE75, 0xEE95, 0xEE53, 0xDDB0, 0xDDB0, 0xDDB0, 0xDDB0, 0xDDAF, 0xDDAF, 0xE5CF, 0xE5CF, 0xE5CF, 0xE610, 0xEE32, 0xEE32, 0xEE54,
    0xEE54, 0xEE54, 0xEE54, 0xEE54, 0xEE54, 0xEE75, 0xEEB6, 0xFF7A, 0xC552, 0x2800, 0xBC09, 0xE4EA, 0xD4A9, 0xDCA9, 0xDCA9, 0xD48A,
    0x6182, 0x6162, 0x69E3, 0x7224, 0x7224, 0x7203, 0x7203, 0x7203, 0x7203, 0x7A44, 0x8AA5, 0x8AA5, 0x8AA5, 0x8AC5, 0x8AC5, 0x8AC5,
    0x8A84, 0x8264, 0x9B06, 0xB3E9, 0xABC8, 0xBBE9, 0xB3C8, 0xAB26, 0xAB47, 0xB367, 0xB367, 0xB387, 0xB387, 0xB3A8, 0xBBC8, 0xBBC8,
    0xBBC8, 0xBBC8, 0xBBC8, 0xBBA8, 0xB387, 0xB387, 0xBBA8, 0xBBC8, 0xBBC8, 0xBBC8, 0xB3A8, 0xB3A8, 0xAB87, 0xB3A8, 0xB3C8, 0xB3C8,
    0xB3C8, 0xBBC8, 0xB3C8, 0xABA8, 0xA387, 0xA387, 0xA388, 0xA388, 0xABA9, 0xA3A9, 0xB3E9, 0x9327, 0x4902, 0xEE30, 0xFED2, 0xFEB1,
    0xFFD9, 0xFFB8, 0xFFB8, 0xFFD9, 0xFFDA, 0xFFD9, 0xFFFA, 0xFFFA, 0xFFD8, 0xFF34, 0xFE91, 0xFE91, 0xFE91, 0xFE91, 0xFED2, 0xFEF2,
    0xFF13, 0xFF13, 0xFF13, 0xFF13, 0xFEF2, 0xFEF2, 0xFEF2, 0xFED2, 0xFEF2, 0xFEF2, 0xFEF2, 0xFEF2, 0xFED2, 0xFE91, 0xFEB1, 0xFED2,
    0xFEB2, 0xFED2, 0xFED2, 0xFED2, 0xEE71, 0x4963, 0xCD93, 0xFF19, 0xEE97, 0xDDF4, 0xDDF4, 0xDE14, 0xDE14, 0xD5F3, 0xCD92, 0xD5B2,
    0xD5B2, 0x7225, 0xBC2A, 0xDD2C, 0xD4AA, 0xD469, 0xD468, 0xD468, 0xD449, 0xD449, 0xD449, 0xD469, 0xD489, 0xD4CA, 0xDCEB, 0xDCEB,
    0xE54C, 0xE56D, 0xE58D, 0xED8D, 0xED8C, 0xED8C, 0xED8D, 0xEDCD, 0xEDAD, 0xEDAD, 0xF5EE, 0xF62F, 0xF60E, 0xF60F, 0xF670, 0xFE91,
    0xFE91, 0xFE91, 0xFEF2, 0xFF33, 0xFF34, 0xFF54, 0xFF98, 0xFF99, 0xFFB9, 0xFFBA, 0xFFDB, 0xFFDA, 0xFFDB, 0xFFDB, 0xFFDB, 0xFFDB,
    0xFFDB, 0xFFDB, 0xFFDB, 0xFFFB, 0xFFFC, 0xF79A, 0xCD93, 0xB40D, 0x8A46, 0xC2C8, 0x91C5, 0x5081, 0x6903, 0xB227, 0xE2C8, 0xE2A9,
    0xDAA8, 0xE349, 0xB287, 0x5020, 0x8164, 0xE573, 0xEE76, 0xFFBA, 0xFF9A, 0xFFDB, 0xFFDB, 0xFFFB, 0xFFFC, 0xFFFC, 0xFFDC, 0xFFDB,
    0xFFDB, 0xFFDB, 0xFFDB, 0xFFDB, 0xFFDB, 0xFFDB, 0xFFDB, 0xFFDB, 0xFFFB, 0xFFFC, 0xFFDB, 0xF779, 0xF717, 0xF6B5, 0xEE95, 0xEE95,
    0xEE95, 0xF6B5, 0xE633, 0xDD90, 0xDD8F, 0xDD8F, 0xDD8E, 0xDD6E, 0xDD8E, 0xE5CF, 0xE5D0, 0xE5F0, 0xE611, 0xEE53, 0xEE54, 0xEE54,
    0xEE54, 0xEE54, 0xEE54, 0xEE54, 0xEE54, 0xEE75, 0xF6D7, 0x9C0D, 0x9349, 0x8265, 0xC429, 0xDCCA, 0xD4A9, 0xD489, 0xD4A9, 0xD489,
    0xAB67, 0x8244, 0x7224, 0x7224, 0x7224, 0x7203, 0x7203, 0x7203, 0x7203, 0x7203, 0x82A5, 0x8AC5, 0x8AA5, 0x8AC5, 0x8AC5, 0x8AA5,
    0x8AC5, 0x8AC5, 0x8AA5, 0x8264, 0x9AE6, 0xBC09, 0xBC09, 0xBC09, 0xBBE9, 0xB367, 0xB387, 0xBBC8, 0xBBE9, 0xBBE9, 0xBBE8, 0xBBE8,
    0xBBE8, 0xBBC8, 0xBBC8, 0xBBA8, 0xB387, 0xB3A7, 0xBBC8, 0xBBC8, 0xBBC8, 0xBBC8, 0xBBA8, 0xAB67, 0xAB47, 0xAB47, 0xAB67, 0xBBC8,
    0xB3C8, 0xBBC9, 0xBBE9, 0xB3C8, 0xB3E9, 0xB3E9, 0xABA8, 0xA388, 0xA388, 0xA3A8, 0xABC9, 0x9307, 0x5983, 0xEE30, 0xFEB2, 0xFEB1,
    0xFFD9, 0xFFB8, 0xFFB8, 0xFFD9, 0xFFDA, 0xFFD9, 0xFFB8, 0xFF98, 0xFF77, 0xFEF4, 0xFE91, 0xFE91, 0xFE91, 0xFE91, 0xFF13, 0xFF33,
    0xFF33, 0xFF13, 0xFEF3, 0xFEF2, 0xFF13, 0xFF13, 0xFEF2, 0xFF12, 0xFF12, 0xFF12, 0xFEF2, 0xFED2, 0xFED2, 0xFED2, 0xFED2, 0xFED2,
    0xFEB2, 0xFED2, 0xFEB2, 0xFEF2, 0xF671, 0x4963, 0xCDB4, 0xFF19, 0xEE97, 0xE655, 0xDE35, 0xDDF4, 0xDE14, 0xD5F3, 0xCD91, 0xD592,
    0xD591, 0x7A25, 0xC48B, 0xDD2C, 0xD4AA, 0xCC68, 0xCC48, 0xD448, 0xD449, 0xD469, 0xD469, 0xD489, 0xDCAA, 0xD4AA, 0xDD2C, 0xEDAE,
    0xE5AD, 0xE5AD, 0xE5AD, 0xE5AE, 0xEDEF, 0xEDEE, 0xEE0F, 0xF671, 0xF670, 0xF670, 0xF650, 0xFE50, 0xFE70, 0xFE70, 0xFE91, 0xFEB2,
    0xFED2, 0xFEF3, 0xFEF3, 0xFF34, 0xFF55, 0xFF76, 0xFF98, 0xFF99, 0xFFB9, 0xFFB9, 0xFFDB, 0xFFDB, 0xFFDB, 0xFFDB, 0xFFDB, 0xFFDB,
    0xFFDB, 0xFFDB, 0xFFFB, 0xFFFB, 0xFFFB, 0xFFFC, 0xFFFE, 0xE6F8, 0xACAF, 0x9205, 0x6923, 0x40C2, 0x3040, 0x4061, 0xDAC9, 0xE2A9,
    0xDA88, 0xDAE9, 0xDB0A, 0xD2C9, 0xD40D, 0xEDF4, 0xF718, 0xFF9A, 0xFF7A, 0xFF7A, 0xFF9A, 0xFFFB, 0xFFDB, 0xFFDB, 0xFF79, 0xFF58,
    0xF779, 0xFFBA, 0xFFBA, 0xFFBA, 0xF779, 0xFF59, 0xF759, 0xF738, 0xF738, 0xFF58, 0xFF79, 0xFF99, 0xFF78, 0xFF37, 0xFF17, 0xEE74,
    0xEE74, 0xEE74, 0xE612, 0xD56E, 0xDD8F, 0xDD6E, 0xDD6E, 0xDD8E, 0xDDAF, 0xE5F0, 0xEE32, 0xEE52, 0xEE52, 0xEE53, 0xEE53, 0xEE54,
    0xEE54, 0xEE54, 0xEE54, 0xEE54, 0xEE75, 0xEE96, 0xF6F8, 0x59E6, 0x92C5, 0xF54B, 0xDCA9, 0xD489, 0xD489, 0xD489, 0xD489, 0xD489,
    0xDCAA, 0x8A84, 0x7203, 0x7224, 0x7224, 0x7203, 0x7203, 0x7203, 0x7203, 0x7223, 0x82A5, 0x8AA5, 0x8AC5, 0x8AC5, 0x8AC5, 0x8AC5,
    0x8AC5, 0x8AA5, 0x8AA5, 0x92A5, 0xA306, 0xA306, 0xAB67, 0xBBC9, 0xC40A, 0xC46A, 0xC46A, 0xBBE8, 0xBBC8, 0xBBC8, 0xBBC8, 0xBBC8,
    0xBBA8, 0xBBA8, 0xBBC8, 0xBBA8, 0xBBA8, 0xBBC8, 0xBBC8, 0xBBC8, 0xBBC8, 0xBBC8, 0xBBE9, 0xBBE8, 0xB387, 0xB367, 0xB387, 0xBBC8,
    0xBBC8, 0xBBC9, 0xBBE9, 0xB3E9, 0xB409, 0xB3E9, 0xA387, 0x9B47, 0x9B67, 0xA388, 0xABE9, 0x8AE6, 0x5162, 0xF671, 0xFED2, 0xFEB1,
    0xFFFA, 0xFFD9, 0xFFD9, 0xFFD9, 0xFFDA, 0xFFD9, 0xFFB9, 0xFFB8, 0xFF97, 0xFEF4, 0xFED2, 0xFEB1, 0xFEB1, 0xFE91, 0xFEB2, 0xFED2,
    0xFEF3, 0xFF33, 0xFF33, 0xFF33, 0xFF54, 0xFF75, 0xFF54, 0xFF12, 0xFF12, 0xFEF2, 0xFED2, 0xFED2, 0xFED2, 0xFED2, 0xFED2, 0xFED2,
    0xFED2, 0xFED2, 0xFEB2, 0xFEF2, 0xF671, 0x5163, 0xCD93, 0xF6D9, 0xEEB7, 0xEEB7, 0xE676, 0xDE15, 0xDE15, 0xD5D4, 0xCD51, 0xCD51,
    0xCD71, 0x7A86, 0xABC9, 0xD4EC, 0xD4CB, 0xD4AA, 0xD4CA, 0xD4AA, 0xD469, 0xCC49, 0xD489, 0xDCCA, 0xD4AA, 0xD4CB, 0xE56D, 0xE58E,
    0xDD8D, 0xE58E, 0xE58D, 0xEDEF, 0xF650, 0xF651, 0xF651, 0xF671, 0xF671, 0xF651, 0xF671, 0xF671, 0xFE71, 0xF670, 0xFEB2, 0xFEF4,
    0xFF15, 0xFF98, 0xFF98, 0xFF98, 0xFFB9, 0xFFB9, 0xFFB9, 0xFFB9, 0xFF78, 0xFF78, 0xFFBA, 0xFFBA, 0xFFDB, 0xFFDB, 0xFFDB, 0xFFFB,
    0xFFDB, 0xFFFB, 0xFFFB, 0xFFFB, 0xFFFB, 0xFFFB, 0xFFDB, 0xFFFD, 0xFFFD, 0xDE76, 0xD531, 0xDD10, 0xA2EA, 0x6903, 0xDAC9, 0xDAC8,
    0xCA27, 0xDAA9, 0xDAC9, 0xE38B, 0xEE14, 0xF6D7, 0xFF9A, 0xFF7A, 0xFF7A, 0xFF7A, 0xFF7A, 0xFF79, 0xF759, 0xFF59, 0xEED6, 0xEE95,
    0xF6B6, 0xF6B6, 0xEEB6, 0xEE95, 0xEE75, 0xEE75, 0xF695, 0xF6B6, 0xF759, 0xFF9A, 0xFF9A, 0xFF9A, 0xFFBA, 0xFFBA, 0xFF79, 0xF6F7,
    0xF6F7, 0xF717, 0xEEB6, 0xE633, 0xE632, 0xE612, 0xE5F1, 0xE5F1, 0xE5F0, 0xE5F1, 0xE5F1, 0xE5F1, 0xE612, 0xEE13, 0xEE33, 0xEE34,
    0xEE54, 0xEE54, 0xEE53, 0xEE75, 0xEE96, 0xF6B7, 0xFF59, 0x6A68, 0x92E6, 0xE4EA, 0xD489, 0xD489, 0xD489, 0xD489, 0xD469, 0xD468,
    0xD469, 0x7A24, 0x69C3, 0x7224, 0x7223, 0x7203, 0x7203, 0x7203, 0x7203, 0x7223, 0x82A5, 0x8AA5, 0x8AA5, 0x8AA5, 0x8AA5, 0x8AA5,
    0x8AC5, 0x8AA5, 0x92E6, 0xA326, 0xAB46, 0xAB47, 0xAB47, 0xAB46, 0xB387, 0xB3C8, 0xBBC9, 0xC44A, 0xC44A, 0xC429, 0xBC09, 0xBBC8,
    0xB387, 0xB387, 0xB3A7, 0xAB67, 0xAB67, 0xB367, 0xBBC8, 0xBBC8, 0xB387, 0xB387, 0xB3A7, 0xBBC8, 0xBBC8, 0xBBC8, 0xB3A8, 0xB3A8,
    0xB3C8, 0xB3C8, 0xABA8, 0xABA8, 0xA3A7, 0xA387, 0xA388, 0xA3A8, 0xA3A8, 0xA3A8, 0xABC9, 0x9B27, 0x7224, 0xC4EC, 0xE60F, 0xFED2,
    0xFFFA, 0xFFFA, 0xFFFA, 0xFFFA, 0xFFD9, 0xFFD9, 0xFFD9, 0xFFD9, 0xFFB8, 0xFF14, 0xFED2, 0xFEB1, 0xFE91, 0xFE91, 0xFEB1, 0xFE91,
    0xFED2, 0xFF13, 0xFF33, 0xFF33, 0xFEF3, 0xFEF3, 0xFEF2, 0xFED1, 0xFED1, 0xFEB1, 0xFEB1, 0xFED2, 0xFEF2, 0xFEF2, 0xFEF2, 0xFED2,
    0xFED2, 0xFED2, 0xFED2, 0xFEF2, 0xF670, 0x4942, 0xD5F5, 0xFF7A, 0xEEB7, 0xEEB7, 0xE676, 0xDE15, 0xDE35, 0xD5D3, 0xC530, 0xCD31,
    0xCD71, 0xBCAE, 0x6982, 0xBC49, 0xD4CB, 0xD4EB, 0xDD2C, 0xDD0C, 0xDCEB, 0xDCCA, 0xD4AA, 0xD4CB, 0xDD4D, 0xE58D, 0xE5AE, 0xDD8E,
    0xE5EF, 0xEDF0, 0xEDF0, 0xEE30, 0xEE30, 0xEE31, 0xF651, 0xF671, 0xF692, 0xF6B3, 0xFEB3, 0xFEB3, 0xFEB3, 0xF6B3, 0xFEF5, 0xFF36,
    0xFF57, 0xFF98, 0xFFB9, 0xFFB9, 0xFFB9, 0xFFB9, 0xFF78, 0xFF78, 0xFF78, 0xFF78, 0xFF58, 0xFF99, 0xFFBA, 0xFFBA, 0xFFBA, 0xFFDA,
    0xFFFB, 0xFFFB, 0xFFFC, 0xFFFC, 0xFFFC, 0xFFFB, 0xFFFB, 0xFFDB, 0xFFDC, 0xFFFD, 0xF6D7, 0xEE75, 0xE5B3, 0xDC0D, 0xDAC8, 0xDAC9,
    0xCA06, 0xD2A8, 0xDAA8, 0xDB2A, 0xEE34, 0xFF59, 0xFF79, 0xFF7A, 0xFF79, 0xFF79, 0xFF79, 0xFF59, 0xFF79, 0xFF58, 0xF6F7, 0xF6F7,
    0xF6F7, 0xF737, 0xF717, 0xF6D6, 0xF6F7, 0xF717, 0xF6F6, 0xF6D6, 0xF759, 0xF779, 0xF77A, 0xF79A, 0xF79A, 0xF79B, 0xFF9B, 0xFF9B,
    0xF79B, 0xFF9B, 0xF79B, 0xF75A, 0xF739, 0xF739, 0xF779, 0xFF9A, 0xFF9A, 0xFF79, 0xFF79, 0xF759, 0xFF38, 0xEEB5, 0xEE95, 0xEE74,
    0xEE74, 0xEE54, 0xEE54, 0xEE95, 0xEEB6, 0xDDF4, 0xC552, 0x59E5, 0x92E5, 0xE4CA, 0xD488, 0xD489, 0xD489, 0xD489, 0xD469, 0xD468,
    0xD469, 0xB387, 0x8284, 0x7204, 0x7223, 0x7203, 0x7203, 0x7203, 0x7203, 0x7203, 0x7A44, 0x8AA5, 0x82A5, 0x8264, 0x8264, 0x8A84,
    0x8AC5, 0x8A84, 0x9B05, 0xB367, 0xAB47, 0xAB47, 0xAB67, 0xB367, 0xB387, 0xB367, 0xB387, 0xBBC8, 0xBBE9, 0xBC09, 0xC44A, 0xC44A,
    0xC42A, 0xC42A, 0xC429, 0xBBC8, 0xB3A8, 0xBBA8, 0xBBC8, 0xBBC8, 0xBBA8, 0xBBA8, 0xB387, 0xB367, 0xB387, 0xB3A8, 0xB3A8, 0xB387,
    0x9B25, 0x9B26, 0xA347, 0xAB87, 0xABA7, 0xA387, 0xA387, 0xA388, 0xA3A8, 0xA3A8, 0xA3A8, 0xA3A8, 0xABC9, 0x38A1, 0xAC4B, 0xFF53,
    0xFFFA, 0xFFFA, 0xFFFA, 0xFFDA, 0xFFD9, 0xFFD9, 0xFFD9, 0xFFD9, 0xFFB8, 0xFF35, 0xFEF3, 0xFEB2, 0xFEB2, 0xFED2, 0xFEB2, 0xFE91,
    0xFE91, 0xFE91, 0xFEB1, 0xFEB1, 0xFEB1, 0xFED1, 0xFED1, 0xFED1, 0xFEB1, 0xFEB1, 0xFEB1, 0xFEB1, 0xFED1, 0xFED2, 0xFED2, 0xFEB1,
    0xFEB1, 0xFEB1, 0xFEB1, 0xFED2, 0xF692, 0x6A25, 0x93EC, 0xB4AF, 0xEE97, 0xF6F8, 0xEEB7, 0xE656, 0xDE14, 0xD5F4, 0xCD92, 0xCD31,
    0xCD51, 0xBCAF, 0x69A3, 0xC46A, 0xDD2C, 0xDD0B, 0xDD0B, 0xDD0C, 0xDCEB, 0xDD0B, 0xDD2C, 0xDD2C, 0xE58E, 0xE5AE, 0xDD8E, 0xE5AE,
    0xEE10, 0xEE10, 0xEDF0, 0xE5F0, 0xEE10, 0xEE31, 0xF672, 0xF673, 0xF693, 0xF6B3, 0xFEB4, 0xFED4, 0xFED4, 0xFF16, 0xFF57, 0xFF58,
    0xFF58, 0xFF78, 0xFF99, 0xFF99, 0xFFB9, 0xFFB9, 0xFF37, 0xFF37, 0xFF37, 0xFF57, 0xFF99, 0xFF99, 0xFF99, 0xFF99, 0xFFB9, 0xF737,
    0xF6F6, 0xFF9A, 0xFFFC, 0xFFFC, 0xFFFC, 0xFFFC, 0xFFFB, 0xFFFC, 0xFFDB, 0xFFDB, 0xFFBB, 0xFFFB, 0xF718, 0xDCF0, 0xDAE9, 0xDA88,
    0xC1E6, 0xD248, 0xDB4B, 0xED51, 0xEE55, 0xFF39, 0xFF79, 0xFF7A, 0xFF79, 0xFF79, 0xFF79, 0xFF79, 0xFF79, 0xFF79, 0xFF9A, 0xFF9A,
    0xFF99, 0xFF9A, 0xFF9A, 0xFF9A, 0xFFBA, 0xFFBA, 0xFFB9, 0xF738, 0xF738, 0xF738, 0xF738, 0xF6F7, 0xF6F7, 0xF6F7, 0xF6F7, 0xEED7,
    0xEE75, 0xE655, 0xE675, 0xE675, 0xEE95, 0xE695, 0xEED6, 0xF718, 0xEF18, 0xEF18, 0xF718, 0xF738, 0xF739, 0xF738, 0xF738, 0xFF38,
    0xF738, 0xF738, 0xF738, 0xF739, 0xFFFB, 0xA48F, 0x4102, 0x9B68, 0xD48A, 0xD4AA, 0xD4A9, 0xD489, 0xD468, 0xD448, 0xD448, 0xD448,
    0xD469, 0xDCCA, 0x9B05, 0x6A04, 0x7224, 0x7203, 0x7203, 0x7203, 0x7203, 0x7203, 0x7203, 0x7A44, 0x8AA5, 0x8AA5, 0x8AC5, 0x8AC5,
    0x92C5, 0x9AE6, 0xA326, 0xAB67, 0xAB47, 0xB367, 0xB367, 0xB367, 0xB367, 0xB387, 0xB387, 0xB387, 0xB387, 0xB3A7, 0xBBC8, 0xBBC8,
    0xBBC8, 0xBBC8, 0xBBC8, 0xBBC8, 0xBBC8, 0xBBC8, 0xBBC8, 0xBBC8, 0xBBC8, 0xBBC8, 0xBBA8, 0xB3A8, 0xB387, 0xAB47, 0xA346, 0xA346,
    0x9B05, 0x9B06, 0x9305, 0x9B26, 0xABA8, 0xA367, 0x9306, 0x9B26, 0x9B47, 0xA367, 0xA388, 0xA388, 0xA3A8, 0x40E1, 0xB46B, 0xFF33,
    0xFFDA, 0xFFFA, 0xFFFA, 0xFFDA, 0xFFDA, 0xFFD9, 0xFFD9, 0xFFD9, 0xFFD9, 0xFFB8, 0xFF14, 0xFED2, 0xFED2, 0xFED2, 0xFED2, 0xFEB1,
    0xFE91, 0xFE91, 0xFEB1, 0xFEB1, 0xFEB1, 0xFEB1, 0xFEB1, 0xFEB1, 0xFEB1, 0xFEB1, 0xFEB1, 0xFEB1, 0xFEB1, 0xFEB1, 0xFE91, 0xFE91,
    0xFEB1, 0xFEB1, 0xFED2, 0xFED2, 0xFF13, 0xFF76, 0xD612, 0x5163, 0xE656, 0xF719, 0xF6F8, 0xEE96, 0xDDF4, 0xDE14, 0xDE14, 0xD5B2,
    0xD592, 0xBCAE, 0x69A3, 0xC46A, 0xDD4D, 0xDD0C, 0xDD0C, 0xDD0C, 0xDD2C, 0xDD4D, 0xE56D, 0xE58D, 0xE5AE, 0xE5AF, 0xE58E, 0xE58F,
    0xEE11, 0xEE31, 0xEE73, 0xEED5, 0xF6D6, 0xF6F6, 0xF716, 0xF716, 0xF717, 0xFF58, 0xFF58, 0xFF58, 0xFF58, 0xFF78, 0xFF78, 0xFF78,
    0xFF79, 0xFF99, 0xFFB9, 0xFFB9, 0xFF99, 0xF778, 0xF6F7, 0xF717, 0xF717, 0xF737, 0xFF99, 0xFF99, 0xFF78, 0xF737, 0xFF99, 0xF758,
    0xEEF7, 0xFFBA, 0xFFFC, 0xFFFC, 0xFFFC, 0xFFFC, 0xFFFC, 0xFFDB, 0xFFDB, 0xFFBB, 0xFFBB, 0xFF9B, 0xFFBA, 0xFFBA, 0xE4F1, 0xDB6B,
    0xB9E6, 0xB985, 0xDC2E, 0xF6D7, 0xEE96, 0xFF39, 0xFF7A, 0xFF79, 0xFF79, 0xFF79, 0xFF79, 0xFF79, 0xFF79, 0xFF79, 0xFF9A, 0xFF9A,
    0xFF9A, 0xFF9A, 0xFFBA, 0xFFBA, 0xFFBA, 0xFFBA, 0xFFBA, 0xFFBA, 0xFFBA, 0xFFBA, 0xFFBA, 0xFF79, 0xFF58, 0xFF58, 0xFF79, 0xF738,
    0xEEB6, 0xD5D2, 0xD571, 0xD592, 0xD591, 0xD591, 0xE5F3, 0xEEB6, 0xEED6, 0xEED7, 0xEED7, 0xEED7, 0xEED7, 0xEED7, 0xF6F7, 0xF739,
    0xF718, 0xF6F8, 0xF718, 0xF718, 0xCDB3, 0x7AC9, 0x8308, 0xFF34, 0xF692, 0xF692, 0xF6D2, 0xF672, 0xDD0C, 0xDD0C, 0xDCEB, 0xD4CA,
    0xCC28, 0xD449, 0x8A84, 0x6182, 0x69E3, 0x7203, 0x7203, 0x7203, 0x7203, 0x7203, 0x7203, 0x7A23, 0x8285, 0x8AA5, 0x8AC5, 0x8AC5,
    0x92C5, 0xA347, 0xAB67, 0xAB67, 0xAB67, 0xB367, 0xB367, 0xB367, 0xB387, 0xB387, 0xB387, 0xB3A7, 0xB3A7, 0xBBA8, 0xBBA8, 0xBBA8,
    0xB3A8, 0xB3A8, 0xB3A8, 0xBBC8, 0xBBC8, 0xBBC8, 0xBBC8, 0xBBA8, 0xBBC8, 0xBBC8, 0xBBC8, 0xBBC8, 0xBBA8, 0xAB46, 0x9AE5, 0x9B05,
    0x9B05, 0x9B06, 0x9306, 0x9B06, 0x9B26, 0x9B46, 0x9306, 0x9B26, 0x9305, 0x9B26, 0x9B67, 0xA368, 0xA388, 0x40E0, 0xB48B, 0xFF74,
    0xFFF9, 0xFFF9, 0xFFF9, 0xFFDA, 0xFFDA, 0xFFD9, 0xFFD9, 0xFFD9, 0xFFD9, 0xFFB8, 0xFF13, 0xFED2, 0xFEB1, 0xFEB1, 0xFEB1, 0xFEB2,
    0xFE91, 0xFE91, 0xFEB1, 0xFEB1, 0xFEB1, 0xFEB1, 0xFEB1, 0xFEB1, 0xFEB1, 0xFEB1, 0xFEB1, 0xFEB1, 0xFEB1, 0xFED2, 0xFED2, 0xFEB1,
    0xFEB1, 0xFED2, 0xFEF3, 0xFED3, 0xFF56, 0xFFF9, 0xF737, 0x59E4, 0xE656, 0xFF19, 0xF6F8, 0xEE96, 0xDDF4, 0xDDF4, 0xDDF4, 0xDE14,
    0xDDD3, 0xB46D, 0x6162, 0xCCAB, 0xDD4D, 0xDD0C, 0xDD2C, 0xDD2C, 0xDD4D, 0xE56D, 0xDD6D, 0xDD8D, 0xE5AF, 0xE58F, 0xE5CF, 0xE5F1,
    0xEE94, 0xF6D5, 0xEEB4, 0xEE94, 0xF694, 0xF6B5, 0xF6F6, 0xF6F7, 0xF6F7, 0xF717, 0xF717, 0xF6F7, 0xF738, 0xFF59, 0xF779, 0xF779,
    0xF779, 0xFF79, 0xFF79, 0xFF79, 0xF778, 0xF779, 0xF758, 0xF758, 0xF758, 0xF778, 0xFFB9, 0xFFB9, 0xF758, 0xF6D6, 0xFF9A, 0xFFFC,
    0xFFFC, 0xFFFC, 0xFFFC, 0xFFFC, 0xFFFC, 0xFFFC, 0xFFFC, 0xFFBB, 0xFFBB, 0xFFBB, 0xFF9A, 0xFF9A, 0xFF9A, 0xFF9B, 0xFF9A, 0xEDB3,
    0xDCD0, 0xA9A5, 0xD42E, 0xEE75, 0xEE55, 0xF6F7, 0xF718, 0xF6F7, 0xFF59, 0xFF79, 0xFF79, 0xFF79, 0xFF79, 0xFF79, 0xFF59, 0xF739,
    0xF759, 0xF758, 0xF758, 0xF738, 0xF738, 0xFF58, 0xFF99, 0xFF99, 0xFF79, 0xFF79, 0xFF99, 0xFF9A, 0xFF79, 0xFF79, 0xF738, 0xEED6,
    0xEEB6, 0xEEF7, 0xF718, 0xF718, 0xF718, 0xEED7, 0xE655, 0xE634, 0xDE13, 0xDDF3, 0xDDF3, 0xDDF3, 0xE614, 0xE614, 0xE655, 0xF738,
    0xF759, 0xF759, 0xF75A, 0xF759, 0xC5B3, 0x9C4F, 0xAC6D, 0xEE10, 0xE5F0, 0xEE10, 0xE5CE, 0xE5AD, 0xEE10, 0xEE30, 0xF692, 0xEE72,
    0xDD6E, 0xE56E, 0xB46B, 0x9BEA, 0x9348, 0x69C2, 0x69C2, 0x69C2, 0x69C2, 0x71E3, 0x71E3, 0x71E2, 0x7A23, 0x8AC5, 0x8AC5, 0x8AC5,
    0x8AA5, 0x9AE5, 0xB367, 0xAB67, 0xB367, 0xB367, 0xB367, 0xB387, 0xBBA7, 0xBBC8, 0xBBC8, 0xBBC8, 0xBBC8, 0xBBE8, 0xBBE8, 0xBBA8,
    0xB387, 0xB387, 0xBBA8, 0xBBC8, 0xBBC8, 0xBBC8, 0xBBC8, 0xBBA8, 0xBBA8, 0xBBA8, 0xBBA8, 0xBBA8, 0xBBC8, 0xAB67, 0x9B06, 0x9B05,
    0x9B05, 0x9305, 0x9306, 0x9306, 0x9305, 0x9305, 0x9306, 0x9B26, 0x9326, 0x9B26, 0x9B67, 0xA368, 0xA388, 0x40C0, 0xAC4A, 0xF712,
    0xFFD9, 0xFFD9, 0xFFD9, 0xFFD9, 0xFFD9, 0xFFD9, 0xFFDA, 0xFFD9, 0xFFF9, 0xFF56, 0xFED2, 0xFEF2, 0xFEB1, 0xFEB1, 0xFEB1, 0xFEB1,
    0xFEB1, 0xFEB1, 0xFEB1, 0xFED2, 0xFED1, 0xFEB1, 0xFEB1, 0xFEB1, 0xFEB1, 0xFEB1, 0xFEB1, 0xFE91, 0xFED2, 0xFEF3, 0xFF13, 0xFF55,
    0xFF76, 0xFF76, 0xFF76, 0xFF97, 0xFFB8, 0xFFF9, 0xEEF6, 0x5183, 0xE697, 0xFF39, 0xF6D8, 0xEE97, 0xDE14, 0xDDF4, 0xDDF4, 0xDDF4,
    0xDDD3, 0xCD31, 0xB46D, 0x9B07, 0xC46A, 0xE56D, 0xE56D, 0xE58E, 0xE58D, 0xE56D, 0xDD6D, 0xE5AE, 0xDD6F, 0xE611, 0xF6D5, 0xEE93,
    0xE5CF, 0xE5AF, 0xE5AF, 0xEE31, 0xEE31, 0xF673, 0xF694, 0xF6B6, 0xF6B6, 0xF6D6, 0xF6D6, 0xF6D6, 0xF6F7, 0xF6F7, 0xF6F7, 0xF6F6,
    0xF6F6, 0xF6D6, 0xF6D5, 0xEE75, 0xEE74, 0xEE74, 0xEE74, 0xEE95, 0xEE95, 0xEE74, 0xE695, 0xF779, 0xFFFB, 0xFFDB, 0xFFDB, 0xFFDB,
    0xFFDC, 0xFFFC, 0xFFFB, 0xFFBA, 0xFF7A, 0xFF9A, 0xFFBB, 0xFFBA, 0xFFBA, 0xFF9A, 0xFF9A, 0xFF9A, 0xFF9A, 0xFFBB, 0xFF7A, 0xE5D3,
    0xEDF4, 0xC32B, 0xCC0D, 0xEE55, 0xEE34, 0xE634, 0xEE34, 0xE635, 0xF6D7, 0xFF38, 0xF6D7, 0xF6D7, 0xF718, 0xF718, 0xEEB7, 0xEE96,
    0xEEB6, 0xEE96, 0xEE96, 0xF696, 0xEE95, 0xEE54, 0xF6B5, 0xEEB6, 0xEEB6, 0xEEB6, 0xF717, 0xFF99, 0xFF79, 0xFF9A, 0xEED7, 0xD5D2,
    0xDDD2, 0xDDB1, 0xDDD2, 0xDE13, 0xDE13, 0xEE95, 0xF718, 0xF718, 0xF718, 0xEED6, 0xEEB6, 0xEEB6, 0xE654, 0xE634, 0xE634, 0xE614,
    0xE634, 0xE634, 0xE634, 0xF6B6, 0x7B6B, 0xBCCE, 0xFEF5, 0xEEF6, 0xF6F6, 0xF717, 0xEEB4, 0xE5CF, 0xE5AF, 0xDDAF, 0xD4CA, 0xD4A9,
    0xD50B, 0xDD4C, 0xC4ED, 0xAC6D, 0xA42C, 0xB48D, 0xB48D, 0xB46D, 0x8B07, 0x7203, 0x7223, 0x7223, 0x7A44, 0x8AC5, 0x8AC5, 0x8AC5,
    0x8AA5, 0x9AE5, 0xB367, 0xB367, 0xB367, 0xB367, 0xB367, 0xB387, 0xBBE8, 0xC3E9, 0xC3E8, 0xC3E8, 0xC3E9, 0xC3E9, 0xC3E9, 0xBBE8,
    0xBBC8, 0xB3A7, 0xB387, 0xB387, 0xB387, 0xB367, 0xB387, 0xBBC8, 0xBBC8, 0xBBA8, 0xBBA8, 0xBBA8, 0xBBC8, 0xBBC8, 0xB3A8, 0x9B05,
    0x9305, 0x9305, 0x9306, 0x9B26, 0x9B47, 0x9B26, 0x9305, 0x9326, 0x9B67, 0x9B67, 0x9B67, 0xA388, 0xA388, 0x8B07, 0x5963, 0x8285,
    0xFFB9, 0xFFB9, 0xFFD9, 0xFFD9, 0xFFD9, 0xFFD9, 0xFFDA, 0xFFD9, 0xFF97, 0xFEF4, 0xFED2, 0xFED2, 0xFEB1, 0xFE91, 0xFE91, 0xFE91,
    0xFE91, 0xFEB1, 0xFE91, 0xFE90, 0xFE90, 0xFE90, 0xFE90, 0xFE90, 0xFF13, 0xFF55, 0xFF55, 0xFF35, 0xFF56, 0xFF76, 0xFF76, 0xFFB8,
    0xFFD9, 0xFFD9, 0xFFD9, 0xFFD9, 0xFFB9, 0xFFFA, 0xEF37, 0x59E5, 0xB511, 0xF739, 0xF6D8, 0xEEB7, 0xDE14, 0xDE14, 0xDE14, 0xDDF4,
    0xDDF3, 0xDE14, 0xD5B2, 0x7A04, 0xBC4A, 0xEDAE, 0xE58E, 0xE58E, 0xE58E, 0xE58E, 0xE56D, 0xE5CF, 0xEE73, 0xEE73, 0xE610, 0xE5AE,
    0xE5AE, 0xE5AF, 0xE5CF, 0xEE31, 0xEE52, 0xEE32, 0xEE52, 0xF6D6, 0xF6D7, 0xF6D6, 0xF6D6, 0xF6D6, 0xF6F7, 0xF6B6, 0xEE94, 0xEE94,
    0xEE94, 0xEE95, 0xF6D6, 0xF6B5, 0xF6B5, 0xF6D6, 0xF6F6, 0xF695, 0xEEB5, 0xF759, 0xF759, 0xFFBA, 0xFFDB, 0xFFDB, 0xFFDC, 0xFFDB,
    0xFF99, 0xFF78, 0xFF79, 0xF758, 0xFF18, 0xFF39, 0xFFBA, 0xFFBA, 0xFFBA, 0xFF9A, 0xFF9A, 0xFF9A, 0xFFBB, 0xEED7, 0xEE56, 0xE5D3,
    0xEDF3, 0xC38C, 0xCC2E, 0xEE75, 0xE5F4, 0xE614, 0xEE34, 0xEE55, 0xEE55, 0xEE76, 0xEE75, 0xEE96, 0xF6B6, 0xEEB6, 0xEE96, 0xEE96,
    0xF6B6, 0xF6B6, 0xF6B6, 0xF6D6, 0xF6F7, 0xF6D6, 0xEE95, 0xF695, 0xF6B5, 0xF6B5, 0xF6B5, 0xEE95, 0xEEB5, 0xEED6, 0xEED6, 0xEEF7,
    0xEED6, 0xE5F3, 0xE613, 0xDDF2, 0xDDD2, 0xDDD2, 0xDDD2, 0xDDF3, 0xE675, 0xEE96, 0xEE96, 0xEED7, 0xF738, 0xF738, 0xF6F8, 0xEE96,
    0xE696, 0xE654, 0xE634, 0xCD51, 0x38C2, 0x9AC5, 0xE4EA, 0xD4AA, 0xDCCB, 0xDCEB, 0xE5D0, 0xEE52, 0xEE53, 0xEEB4, 0xE5EF, 0xDD6D,
    0xDD8E, 0xD4CA, 0x8A83, 0x50C0, 0x6161, 0x7A86, 0x7AA6, 0x7AC7, 0xC4EF, 0xCD0F, 0xC50F, 0xCD2F, 0xCCEF, 0x9306, 0x8AA5, 0x8AA5,
    0x8284, 0x92C5, 0xB346, 0xAB66, 0xB367, 0xB367, 0xB367, 0xB387, 0xC3E8, 0xC3E8, 0xC3E8, 0xC3E8, 0xC3E8, 0xC3E8, 0xC3E8, 0xC3E8,
    0xC3E9, 0xB387, 0xB387, 0xB387, 0xB387, 0xB367, 0xB367, 0xB387, 0xBBC8, 0xBBA8, 0xBBA8, 0xBBA8, 0xBBC8, 0xBBC8, 0xBBA8, 0x9AE5,
    0x92E5, 0x9305, 0x9306, 0x9B26, 0x9B47, 0x9B47, 0x9B26, 0x9326, 0x9326, 0x9B67, 0xA388, 0xA388, 0xA388, 0xB409, 0x6183, 0x7A64,
    0xFFD9, 0xFFD9, 0xFFD9, 0xFFD9, 0xFFD9, 0xFFD9, 0xFFD9, 0xFFB9, 0xFF36, 0xFEB3, 0xFEB2, 0xFEB2, 0xFEB2, 0xFE91, 0xFE71, 0xFE71,
    0xFE91, 0xFE91, 0xFE91, 0xFF13, 0xFF55, 0xFF35, 0xFF55, 0xFF35, 0xFFB8, 0xFFD9, 0xFFD9, 0xFFD9, 0xFFD9, 0xFFD9, 0xFFD9, 0xFFD9,
    0xFFD9, 0xFFD9, 0xFFD9, 0xFFB9, 0xFFD9, 0xFFB8, 0xFFFA, 0xB551, 0x6A87, 0xFFBB, 0xEED8, 0xEE96, 0xDDF4, 0xDE14, 0xDE14, 0xDDF4,
    0xDE14, 0xDE13, 0xD571, 0xA38A, 0xA3A9, 0xDD4E, 0xE5AE, 0xE58E, 0xE58E, 0xE56D, 0xE5AF, 0xF694, 0xEE52, 0xE5CF, 0xE5AE, 0xE5CF,
    0xE5CF, 0xE5CF, 0xE5CF, 0xEE10, 0xEE31, 0xEE32, 0xEE52, 0xF6B5, 0xF6D6, 0xF6F7, 0xF6F7, 0xF6F7, 0xFEF7, 0xF6B5, 0xE633, 0xEE33,
    0xE633, 0xEE54, 0xEEB5, 0xF6F6, 0xF738, 0xFF58, 0xFF38, 0xF6F6, 0xF717, 0xFFFC, 0xFFFC, 0xFFDC, 0xFFDC, 0xFFDB, 0xFFBB, 0xFF9A,
    0xF737, 0xEE74, 0xF6D6, 0xFF79, 0xFF79, 0xFF7A, 0xFFBA, 0xFFBA, 0xFF9A, 0xFFBA, 0xFF9A, 0xFF7A, 0xF739, 0xEE75, 0xE5F4, 0xE5B3,
    0xF634, 0xBB8C, 0xAB2A, 0xC4D0, 0xDDD3, 0xEE55, 0xE614, 0xE614, 0xEE35, 0xEE75, 0xEE76, 0xEE76, 0xEE76, 0xEE96, 0xEE96, 0xEE96,
    0xF6D6, 0xF6F7, 0xF6B6, 0xF6D6, 0xF6F7, 0xFF38, 0xFEF7, 0xF6D6, 0xF6B6, 0xF6B5, 0xF6F6, 0xEED6, 0xE654, 0xE614, 0xDDB2, 0xDDB2,
    0xDDF3, 0xEEF6, 0xEEF7, 0xF6F7, 0xE675, 0xEE75, 0xE654, 0xE613, 0xE614, 0xE614, 0xE634, 0xE655, 0xEE76, 0xEE76, 0xEEB7, 0xF718,
    0xF718, 0xEEB7, 0xEEB6, 0xA46E, 0x730A, 0xBCAD, 0xE50B, 0xDCA9, 0xDCC9, 0xDCCA, 0xDCCA, 0xD4AA, 0xDCAA, 0xDCCB, 0xE5F0, 0xEE11,
    0xEE32, 0xEE73, 0xC4EE, 0xA42C, 0x9BEB, 0x5921, 0x50E0, 0x5121, 0x69E3, 0x7224, 0x7A44, 0x7224, 0x82C6, 0xCD0F, 0xCD2F, 0xCD0E,
    0xC4CD, 0xBC2A, 0xBC09, 0xBBA8, 0xAB66, 0xB367, 0xB367, 0xB387, 0xB387, 0xB387, 0xB387, 0xBBA8, 0xC409, 0xC3E8, 0xC3E8, 0xC3E8,
    0xBBE8, 0xB387, 0xB387, 0xB3A7, 0xB3A7, 0xB3A7, 0xB387, 0xB387, 0xBBA8, 0xBBA8, 0xBBA8, 0xBBC8, 0xBBC8, 0xBBC8, 0xBBA8, 0xA346,
    0xA346, 0x9B26, 0x9305, 0x9305, 0x9305, 0x9B26, 0x9B46, 0x9B26, 0x9326, 0x9326, 0x9B67, 0xA388, 0xA388, 0xABC9, 0x61A3, 0x82A5,
    0xFFD9, 0xFFD8, 0xFFB8, 0xFFB9, 0xFFB8, 0xFF98, 0xFFB8, 0xFF98, 0xFF56, 0xFEF4, 0xFEB2, 0xFEB2, 0xFEB2, 0xFEB2, 0xFEF4, 0xFF14,
    0xFF14, 0xFF14, 0xFEF4, 0xFF97, 0xFFD9, 0xFFD9, 0xFFD9, 0xFFD9, 0xFFD9, 0xFFD9, 0xFFB8, 0xFFD9, 0xFFB9, 0xFFB9, 0xFFD9, 0xFFD9,
    0xFFD9, 0xFFD9, 0xFFD9, 0xFFD9, 0xFFD9, 0xFFB8, 0xFFFB, 0xBD71, 0x6A88, 0xEEF8, 0xF739, 0xF6F8, 0xDE14, 0xDE14, 0xE634, 0xE634,
    0xDDF3, 0xDDD3, 0xDDF3, 0xDDF3, 0x9349, 0xD52D, 0xEDCF, 0xE5AF, 0xE5AE, 0xE5CF, 0xEE31, 0xEE73, 0xDDAE, 0xE5AE, 0xE5CF, 0xE5CF,
    0xE5CF, 0xE5CF, 0xE5CF, 0xE5CF, 0xEE10, 0xE5F0, 0xEE11, 0xE5F0, 0xE631, 0xEE73, 0xEE73, 0xEE74, 0xEE74, 0xEE53, 0xEE33, 0xE633,
    0xE633, 0xEE54, 0xF6F7, 0xFF7A, 0xFF9A, 0xF738, 0xEED6, 0xFFB9, 0xFFFB, 0xFFDB, 0xFFDB, 0xFFFB, 0xFFDB, 0xFF58, 0xF6D5, 0xF6F7,
    0xF6F7, 0xF6B6, 0xF738, 0xFFDB, 0xFFBB, 0xFFBB, 0xFFBB, 0xFFBB, 0xFF9A, 0xFF9A, 0xFF9A, 0xF738, 0xE635, 0xEE35, 0xEE34, 0xE5D3,
    0xDD52, 0x9B0A, 0x4020, 0x4881, 0xABCD, 0xC4B0, 0xDDB3, 0xEE34, 0xF696, 0xF696, 0xEE76, 0xF696, 0xF696, 0xF6B6, 0xF6B6, 0xFEF8,
    0xB46E, 0xAC2D, 0xFEF7, 0xF6B6, 0xEE95, 0xEE54, 0xF6B6, 0xFF17, 0xF718, 0xEED6, 0xEE75, 0xEED6, 0xF717, 0xEED6, 0xDDD3, 0xDDB1,
    0xD5B1, 0xD591, 0xDDB2, 0xE675, 0xEEF8, 0xF6F7, 0xF6F7, 0xEEB6, 0xEE96, 0xEE55, 0xE635, 0xE655, 0xEE55, 0xEE55, 0xE655, 0xE635,
    0xF696, 0xC510, 0x59C5, 0xA42C, 0xFED5, 0xEE74, 0xEE11, 0xE58E, 0xE56D, 0xDD4D, 0xDCCA, 0xDCCA, 0xDD0B, 0xDD0B, 0xDCEA, 0xDCCA,
    0xCC69, 0xD50D, 0xC4EE, 0xB4AE, 0xC510, 0xAC4C, 0xA40B, 0x8B28, 0x5920, 0x5940, 0x6982, 0x69C2, 0x71E3, 0x8AC6, 0x92E6, 0x9307,
    0x9306, 0xBC4B, 0xDD6E, 0xD52D, 0xCCCC, 0xBBE8, 0xB367, 0xB367, 0xB366, 0xB366, 0xB387, 0xB387, 0xC3E8, 0xC3E9, 0xC3E8, 0xC3E8,
    0xC3E8, 0xBBA8, 0xB3A7, 0xBBA7, 0xBBE8, 0xC3E8, 0xC3E8, 0xC3E8, 0xBBC8, 0xBBA8, 0xBBA8, 0xBBA8, 0xBBC8, 0xBBC8, 0xBBC8, 0xAB87,
    0xAB87, 0xA346, 0x9B05, 0x9B26, 0x9B26, 0x9305, 0x9305, 0x9B26, 0x9B67, 0x9B46, 0x9B47, 0x9B67, 0x9B67, 0xA3C8, 0x6183, 0x82C5,
    0xFF77, 0xFF77, 0xFF76, 0xFF35, 0xFEF4, 0xFED3, 0xFED3, 0xFED3, 0xFED3, 0xFED3, 0xFF56, 0xFF77, 0xFF76, 0xFF76, 0xFF97, 0xFFB8,
    0xFFB8, 0xFFB8, 0xFFB8, 0xFFB8, 0xFFB8, 0xFFD9, 0xFFD9, 0xFFD9, 0xFFD9, 0xFFB9, 0xFFB9, 0xFFB9, 0xFFB9, 0xFFB9, 0xFFB8, 0xFFB8,
    0xFFD9, 0xFFD9, 0xFFD9, 0xFFD9, 0xFFD9, 0xFFB9, 0xFFFA, 0xC5D2, 0x4943, 0x6246, 0xD5F4, 0xDE14, 0xE675, 0xE676, 0xE635, 0xDDF3,
    0xDDD3, 0xD5D3, 0xDDD3, 0xD592, 0x9369, 0xDD6E, 0xEDEF, 0xE5CF, 0xE58E, 0xEE31, 0xF693, 0xE58E, 0xE5AF, 0xE5CF, 0xE5CF, 0xE5CF,
    0xE5CF, 0xE5CF, 0xE5CF, 0xE5AE, 0xDD6E, 0xDD6E, 0xE5CF, 0xE5AF, 0xE5CF, 0xDDAF, 0xE5B0, 0xE5B1, 0xDDB0, 0xE633, 0xF77A, 0xF77A,
    0xF77A, 0xF77A, 0xEED7, 0xE653, 0xE653, 0xE633, 0xE634, 0xFF9A, 0xFFDB, 0xFFFB, 0xFFBA, 0xFF99, 0xFF58, 0xEEB5, 0xE674, 0xF738,
    0xFFBB, 0xFFBA, 0xFFBB, 0xFFBB, 0xFFBB, 0xFFBA, 0xFF7A, 0xFF9A, 0xFF9A, 0xF718, 0xE655, 0xE675, 0xEE55, 0xEE35, 0xE5F3, 0xEE14,
    0x7A27, 0x4820, 0x5061, 0x5061, 0x5061, 0x4020, 0x8AC9, 0xABEC, 0xAC4D, 0xDDD3, 0xEE55, 0xE614, 0xDDF4, 0xDDD4, 0xD593, 0xDDF4,
    0x8288, 0x4040, 0x69E5, 0x5963, 0xCD51, 0xEE74, 0xE633, 0xEE74, 0xEE95, 0xEEB6, 0xEEB6, 0xE613, 0xE614, 0xEE95, 0xEF37, 0xE675,
    0xE634, 0xDDD2, 0xD5B1, 0xDDD2, 0xDDF3, 0xDDF3, 0xE634, 0xF6F7, 0xEEF7, 0xF738, 0xF738, 0xEED7, 0xE676, 0xEE75, 0xE655, 0xEE75,
    0xE634, 0x9BCC, 0x48E1, 0x8264, 0xDCA9, 0xD489, 0xE5D0, 0xEE32, 0xEE32, 0xF6B5, 0xE5F1, 0xE58E, 0xDCEB, 0xDCCA, 0xDCEA, 0xDCEA,
    0xC469, 0xC408, 0x92E5, 0x5961, 0x7224, 0xA42B, 0xA3EB, 0xB48C, 0xAC2B, 0xA3EA, 0x7A85, 0x5960, 0x71E2, 0x7A24, 0x7A23, 0x7A44,
    0x8223, 0xA306, 0xB3C8, 0xB3C8, 0xBBE9, 0xCC8B, 0xD4AB, 0xC44A, 0xBBC8, 0xB367, 0xB367, 0xB387, 0xB387, 0xBBA8, 0xBBE8, 0xC3E8,
    0xC3E8, 0xC3E8, 0xBBC8, 0xB387, 0xB387, 0xB387, 0xBBC8, 0xC3E9, 0xC409, 0xC3E8, 0xBBC8, 0xBBA8, 0xBBC8, 0xBBC8, 0xB3A8, 0x9AE5,
    0x9AE5, 0xA326, 0xA387, 0xA367, 0xA367, 0x9306, 0x9306, 0x9326, 0x9B67, 0x9B67, 0x9B47, 0x9B67, 0x9B67, 0xA3A8, 0x6183, 0x7245,
    0xFE72, 0xFE71, 0xFE71, 0xFE71, 0xFE71, 0xFE71, 0xFE51, 0xFE51, 0xFE50, 0xFE92, 0xFF97, 0xFF98, 0xFFB8, 0xFFB8, 0xFFB8, 0xFF98,
    0xFF98, 0xFFB8, 0xFFB8, 0xFFB8, 0xFFB9, 0xFFD9, 0xFFD9, 0xFFD9, 0xFFD9, 0xFFB9, 0xFFB9, 0xFFB9, 0xFFB8, 0xFFB8, 0xFFB8, 0xFFB9,
    0xFFD9, 0xFFD9, 0xFFD9, 0xFFD9, 0xFFD9, 0xFFD9, 0xFFDA, 0xF799, 0xF77A, 0xAD10, 0x51C4, 0x5A05, 0xEE96, 0xFF59, 0xE634, 0xDE14,
    0xD5D3, 0xD5B3, 0xDDD3, 0xD592, 0x9349, 0xBC8C, 0xDD6E, 0xE58E, 0xEE32, 0xEE31, 0xE5CF, 0xE5CF, 0xE5AF, 0xE5AF, 0xE5CF, 0xE5CF,
    0xE5EF, 0xE5CF, 0xE56E, 0xDD4D, 0xDD4D, 0xDD4D, 0xDD2D, 0xD52D, 0xDD4E, 0xD52D, 0xE633, 0xF738, 0xF6F7, 0xF717, 0xE674, 0xE5F2,
    0xDDF2, 0xDDF2, 0xDDD1, 0xE5F1, 0xDDD1, 0xEED6, 0xFFBA, 0xFFDB, 0xFFDB, 0xFF99, 0xF717, 0xF6F6, 0xFF58, 0xFF58, 0xFF79, 0xFF9A,
    0xFF9A, 0xFF9A, 0xFFBA, 0xFF9A, 0xFF9A, 0xFF9A, 0xEEB7, 0xEE96, 0xEEB6, 0xEE96, 0xEE55, 0xEE75, 0xE635, 0xF675, 0xEDF4, 0x79E6,
    0x60C3, 0x5841, 0x5881, 0x5881, 0x5862, 0x5041, 0x4800, 0x3800, 0x3000, 0x48A2, 0x5923, 0x6963, 0x6963, 0x6962, 0x7162, 0x7162,
    0x9223, 0x9A43, 0x9202, 0x81C3, 0x50E2, 0x9BAB, 0xFF17, 0xE633, 0xE613, 0xE634, 0xE695, 0xEEB6, 0xE633, 0xDDD2, 0xE5F3, 0xEEB6,
    0xEF18, 0xEEB6, 0xE675, 0xDE14, 0xDDD2, 0xDDF3, 0xE614, 0xE634, 0xE654, 0xEE96, 0xEED7, 0xF718, 0xF739, 0xF6F8, 0xEE96, 0xF6D6,
    0x8309, 0x40C1, 0xCC8A, 0xD469, 0xD4CA, 0xD4CA, 0xD489, 0xD489, 0xD489, 0xE54D, 0xE5AF, 0xEE32, 0xF694, 0xEE73, 0xEE52, 0xE5D0,
    0xC449, 0xC449, 0x9B06, 0x59A2, 0x61C2, 0x5961, 0x5121, 0x7265, 0xA3EB, 0x9BCA, 0xB44B, 0xAC4B, 0x8AE6, 0x69C2, 0x7A44, 0x8285,
    0x92A5, 0xA2E5, 0xA2E5, 0xA305, 0xAB25, 0xB387, 0xBBC8, 0xCCAB, 0xCCAB, 0xC429, 0xBBE8, 0xB367, 0xB367, 0xB387, 0xBBA7, 0xBBC8,
    0xC3E8, 0xC3E8, 0xBBC8, 0xB387, 0xB387, 0xB387, 0xB387, 0xBBA8, 0xC409, 0xC409, 0xC409, 0xC3E9, 0xBBA8, 0xBBC8, 0xB3A8, 0x9AE5,
    0x9AE5, 0x9B05, 0x9B26, 0xA367, 0xA387, 0x9326, 0x9306, 0x9306, 0x9326, 0x9B47, 0x9B67, 0x9B67, 0x9B67, 0x9B67, 0x9B47, 0x6A04,
    0xFE71, 0xFE71, 0xFE71, 0xFE71, 0xFE71, 0xFE71, 0xFE71, 0xFE71, 0xFE51, 0xFE71, 0xFEB3, 0xFF36, 0xFFB8, 0xFF97, 0xFF98, 0xFF98,
    0xFF98, 0xFF98, 0xFFB8, 0xFFB8, 0xFFB8, 0xFFB8, 0xFFB8, 0xFFB8, 0xFFB9, 0xFFB8, 0xFFB8, 0xFFB9, 0xFFB8, 0xFFB8, 0xFFD9, 0xFFD9,
    0xFFD9, 0xFFD9, 0xFFD9, 0xFFD9, 0xFFD9, 0xFFB8, 0xFFD9, 0xFFFA, 0xFFFB, 0xFFDA, 0xFFBA, 0xCDD3, 0x834B, 0xAC8F, 0xDE14, 0xE634,
    0xDDF3, 0xDDD3, 0xD5D3, 0xD5B2, 0xCD30, 0xA38A, 0xBC4B, 0xDD4D, 0xEE94, 0xEE12, 0xE58E, 0xE5CF, 0xE5AF, 0xE5CF, 0xDD8E, 0xDD6E,
    0xE58E, 0xDD6D, 0xDD4D, 0xDD4D, 0xDD0C, 0xD4EC, 0xD4EC, 0xEE94, 0xF717, 0xF6F6, 0xE674, 0xDDD1, 0xDDF1, 0xDDF1, 0xDD8F, 0xDD6F,
    0xDD8F, 0xDDB0, 0xDDB1, 0xE5F2, 0xE654, 0xF758, 0xFFFC, 0xFFBB, 0xFF9A, 0xEED6, 0xF716, 0xFF78, 0xFF99, 0xFF9A, 0xFF9A, 0xFF9A,
    0xFF79, 0xFF9A, 0xFF79, 0xF6F7, 0xEEB7, 0xF6D7, 0xEE96, 0xEE76, 0xEE76, 0xEE76, 0xEE76, 0xEE55, 0xEE55, 0xD552, 0xA36C, 0x6082,
    0x6061, 0x6082, 0x6061, 0x5862, 0x60C2, 0x68E2, 0x7122, 0x9203, 0x9223, 0x9223, 0x5081, 0x9223, 0xBB23, 0xB2E3, 0x8A02, 0x81C2,
    0xA283, 0xD405, 0xD384, 0xCB64, 0x89E2, 0x5923, 0x9B8B, 0xEE75, 0xEE95, 0xE613, 0xE5F3, 0xE654, 0xEEB6, 0xEE95, 0xDDD2, 0xDDD2,
    0xDDB2, 0xE675, 0xEF18, 0xEEF7, 0xE675, 0xE655, 0xE634, 0xE655, 0xEE55, 0xEE55, 0xEE55, 0xE655, 0xE675, 0xEE96, 0xEE96, 0xAC8F,
    0x8329, 0xBC6C, 0xD4EC, 0xDCEB, 0xD4CB, 0xD489, 0xD4AA, 0xD4EA, 0xDCEA, 0xDCCA, 0xDCCA, 0xDD0C, 0xE58F, 0xE5AF, 0xE5AF, 0xEDCF,
    0xE5F0, 0xEE31, 0xBCAC, 0x8307, 0x7265, 0x5961, 0x5982, 0x5982, 0x5961, 0x5940, 0x9307, 0xB44C, 0xAC2B, 0xBCAD, 0x9B48, 0x7A03,
    0x92A5, 0xA305, 0xA326, 0xAB25, 0xB346, 0xB346, 0xB346, 0xB346, 0xB366, 0xC44A, 0xC46A, 0xC429, 0xBBE8, 0xAB67, 0xB367, 0xB387,
    0xBBC8, 0xBBC8, 0xBBC8, 0xB387, 0xB387, 0xB3A8, 0xB3A8, 0xB387, 0xBBE8, 0xC3E8, 0xC3E9, 0xC409, 0xC3E9, 0xBBC8, 0xBBC8, 0xAB46,
    0x9B05, 0x92E5, 0x92E5, 0x9B06, 0x9B46, 0x9306, 0x9306, 0x9306, 0x8AE6, 0x9306, 0x9B47, 0x9B47, 0x9B67, 0x9B47, 0xA367, 0x7A64,
    0xFE91, 0xFE91, 0xFE71, 0xFE71, 0xFE71, 0xFE71, 0xFE71, 0xFE51, 0xFE71, 0xFE71, 0xFE50, 0xFF15, 0xFFB8, 0xFF97, 0xFF98, 0xFF98,
    0xFF97, 0xFF97, 0xFF97, 0xFF97, 0xFF98, 0xFF98, 0xFFB8, 0xFFB8, 0xFFB8, 0xFFB8, 0xFFB8, 0xFFB8, 0xFFD9, 0xFFB9, 0xFFD9, 0xFFD9,
    0xFFD9, 0xFFD9, 0xFFD9, 0xFFB8, 0xFFB8, 0xFFB9, 0xFFD9, 0xFFD9, 0xFFD9, 0xFFD9, 0xFFFB, 0xCDF3, 0x2040, 0x4143, 0xD5D3, 0xE655,
    0xE614, 0xDE14, 0xDDD3, 0xDDD3, 0xD592, 0xA3CB, 0xA369, 0xDDAF, 0xEE72, 0xDDAF, 0xE5CF, 0xE58E, 0xDD8E, 0xDD8E, 0xDD4D, 0xDD4D,
    0xDD2D, 0xDD0C, 0xDD0C, 0xDD0C, 0xE5F0, 0xEE95, 0xEE94, 0xDDF1, 0xDDB0, 0xDDD1, 0xDD8F, 0xD52D, 0xD52E, 0xD54E, 0xDD6F, 0xDD8F,
    0xDD90, 0xDDB0, 0xDD90, 0xDDF1, 0xFF99, 0xFFFC, 0xFFDB, 0xF779, 0xF738, 0xF758, 0xFF99, 0xFF9A, 0xFF99, 0xFF99, 0xFF99, 0xFF59,
    0xEE96, 0xEEB6, 0xEEB6, 0xEE96, 0xEE96, 0xEEB6, 0xEE96, 0xEE96, 0xEE76, 0xEE76, 0xEE55, 0xE614, 0xE5D3, 0xABAC, 0x4820, 0x70C3,
    0x68C2, 0x68A2, 0x68C2, 0x5861, 0x89C3, 0xD405, 0xDC25, 0xDC24, 0xDBC4, 0xE404, 0x7162, 0x9A63, 0xD3E5, 0xCBA5, 0x69A2, 0x8264,
    0x5101, 0xD446, 0xCB83, 0xCB43, 0xBB04, 0x3000, 0x5902, 0xEE54, 0xE654, 0xEE95, 0xE633, 0xE5F3, 0xE654, 0xF6D7, 0xE695, 0xDDD3,
    0xDDF3, 0xDDF3, 0xDDF2, 0xEE96, 0xF739, 0xF739, 0xEEB7, 0xE675, 0xEE55, 0xEE55, 0xEE75, 0xE655, 0xE655, 0xE674, 0xC531, 0x5963,
    0x9B28, 0xEE10, 0xEE73, 0xEE73, 0xEE53, 0xDD2C, 0xD52C, 0xD4CA, 0xDCAA, 0xDCEB, 0xDD0B, 0xDD0C, 0xDCEB, 0xDD0B, 0xDD0B, 0xDD0C,
    0xCCAB, 0xB409, 0xC4AC, 0xC4EE, 0xBCAD, 0x8B27, 0x8B28, 0x7224, 0x61C2, 0x69E2, 0x6181, 0x5920, 0x82A6, 0xBC8D, 0xBC6C, 0xB40A,
    0x9AE5, 0x9AC4, 0xA305, 0xAB26, 0xAB46, 0xB366, 0xB366, 0xB366, 0xB386, 0xB366, 0xB386, 0xC429, 0xC44A, 0xC429, 0xB3A8, 0xAB46,
    0xAB67, 0xB367, 0xB387, 0xB387, 0xB387, 0xBBA8, 0xBBE9, 0xBBC8, 0xBBC8, 0xBBC8, 0xBBC8, 0xBBC8, 0xBBC8, 0xBBC8, 0xBBA8, 0xBBA8,
    0xA346, 0x92E5, 0x92E5, 0x92E5, 0x92E5, 0x9305, 0x9306, 0x9306, 0x9306, 0x9306, 0x8AE5, 0x9326, 0x9B47, 0x9B47, 0x9B67, 0x7244,
    0xFE50, 0xFE50, 0xFE71, 0xFE51, 0xFE71, 0xFE91, 0xFE91, 0xFE91, 0xFE51, 0xFE50, 0xFEF3, 0xFF98, 0xFF98, 0xFFB8, 0xFF98, 0xFF98,
    0xFFB8, 0xFF97, 0xFF97, 0xFFB8, 0xFFB8, 0xFFB8, 0xFFB8, 0xFFB8, 0xFFB8, 0xFF97, 0xFF97, 0xFFB8, 0xFFD9, 0xFFD9, 0xFFD9, 0xFFD9,
    0xFFD9, 0xFFD9, 0xFFB8, 0xFF97, 0xFFB8, 0xFFB8, 0xFFB8, 0xFFD9, 0xFFD9, 0xFFB9, 0xFFD9, 0xF758, 0xD675, 0x6247, 0xD5D3, 0xEE75,
    0xDDF3, 0xDE14, 0xDE14, 0xD5B3, 0xD591, 0xBCAE, 0xBC8D, 0xD5D1, 0xDDB0, 0xE5AF, 0xE5AF, 0xDD6E, 0xDD6E, 0xDD6E, 0xDD6D, 0xDD2D,
    0xDD4D, 0xE5F0, 0xE652, 0xEEB5, 0xDDD0, 0xDD6F, 0xDD6F, 0xD4CB, 0xD4EB, 0xD50C, 0xD52D, 0xD54E, 0xD56E, 0xDD6F, 0xDD6F, 0xDD6F,
    0xD56F, 0xDDB0, 0xF6D5, 0xF737, 0xEED6, 0xF758, 0xFFDB, 0xFF9A, 0xFF9A, 0xFFBA, 0xFF99, 0xFF9A, 0xFF9A, 0xF737, 0xF6F6, 0xF6D6,
    0xEE75, 0xEE95, 0xF6B6, 0xF6B6, 0xF6B6, 0xEEB6, 0xEE96, 0xEE76, 0xEE76, 0xE655, 0xEE75, 0xEE75, 0x71A5, 0x5082, 0x60E3, 0x68E3,
    0x68C3, 0x6061, 0xA2A4, 0xDCA8, 0xDC67, 0xED28, 0xFE0A, 0xDC46, 0xCB63, 0xDBC4, 0x7141, 0x9A84, 0xE466, 0xE4C8, 0x79C3, 0x5901,
    0x6941, 0xD3C5, 0xCB84, 0xBAE3, 0x9222, 0x6123, 0xB42C, 0xEE54, 0xE634, 0xEE54, 0xEED6, 0xE654, 0xE613, 0xE613, 0xEEB6, 0xF6D7,
    0xE654, 0xDDF3, 0xE634, 0xE634, 0xDE14, 0xE675, 0xF75A, 0xF739, 0xEED7, 0xEE96, 0xE655, 0xF696, 0xF6D7, 0x9C0D, 0x3881, 0xABA9,
    0xDCCA, 0xD469, 0xDCAA, 0xDCA9, 0xDD4D, 0xEE94, 0xEE94, 0xDD8F, 0xDD4D, 0xDD2C, 0xDCEB, 0xDD0B, 0xE52C, 0xDD2C, 0xE52C, 0xDCEB,
    0xC408, 0xAB45, 0x9284, 0x5981, 0x82C6, 0x9BCA, 0x9BAA, 0x9389, 0x9369, 0x9348, 0x82C6, 0x7A65, 0x7244, 0x59A1, 0x9348, 0xC4CE,
    0xCCED, 0xB409, 0xA305, 0xAAE5, 0xAB46, 0xB366, 0xB366, 0xB386, 0xB366, 0xB386, 0xBB86, 0xB366, 0xB386, 0xC3E8, 0xBBC8, 0xBBC8,
    0xB367, 0xAB46, 0xAB46, 0xAB46, 0xAB46, 0xAB46, 0xB367, 0xBBC8, 0xBBE8, 0xBBE8, 0xC409, 0xC3E9, 0xBBC8, 0xBBC8, 0xBBA8, 0xB3A8,
    0xAB67, 0x9B46, 0x9B47, 0x9B46, 0x9B46, 0x9305, 0x9306, 0x9306, 0x9306, 0x9306, 0x8AE5, 0x8AE6, 0x9306, 0x9326, 0x9B47, 0x7244,
    0xFE30, 0xFE30, 0xFE51, 0xFE51, 0xFE50, 0xFE71, 0xFE91, 0xFE91, 0xFE71, 0xFE50, 0xFEF4, 0xFF77, 0xFF77, 0xFF98, 0xFF98, 0xFFB8,
    0xFFB8, 0xFFB8, 0xFFB8, 0xFFB8, 0xFFB9, 0xFFB9, 0xFFB9, 0xFFB9, 0xFFB8, 0xFFB8, 0xFFB8, 0xFFD9, 0xFFD9, 0xFFD9, 0xFFD9, 0xFFB8,
    0xFFD8, 0xFFB8, 0xFF97, 0xFF97, 0xFFB8, 0xFFB8, 0xFFB8, 0xFFB8, 0xFFB8, 0xFFD9, 0xFFD9, 0xFFFA, 0xFFD9, 0x5A26, 0xDE34, 0xF717,
    0xE655, 0xDE14, 0xDE14, 0xDDF3, 0xDE13, 0xD591, 0xD5B2, 0xC551, 0xBC8C, 0xE5F0, 0xDD8F, 0xDD8F, 0xDD8F, 0xDD6E, 0xDDB0, 0xE611,
    0xE652, 0xEED6, 0xEEB5, 0xEE73, 0xD52D, 0xCCAA, 0xD4EC, 0xD52D, 0xDD4E, 0xD54E, 0xD54E, 0xD54E, 0xD54E, 0xD56F, 0xDD4F, 0xD56F,
    0xE612, 0xF6F7, 0xEE95, 0xDE13, 0xE613, 0xEED6, 0xFFBA, 0xFF9A, 0xFF9A, 0xFF9A, 0xFFBA, 0xF737, 0xF6F6, 0xEE94, 0xEE74, 0xEE74,
    0xEE74, 0xF6D6, 0xF6F7, 0xEEB6, 0xEEB6, 0xF6B6, 0xEE76, 0xEE75, 0xE655, 0xF6D7, 0xCD51, 0xAB8B, 0x6103, 0x4881, 0x5082, 0x5862,
    0xB347, 0xD468, 0xDCC8, 0xFDAA, 0xED49, 0xE487, 0xDC46, 0xCB64, 0xCB63, 0xD3A4, 0x8162, 0x8A03, 0xE446, 0xE4C7, 0xCC26, 0xB2C3,
    0xBAE4, 0xC303, 0xCB44, 0x89C2, 0x4860, 0x8267, 0xFEF7, 0xE634, 0xE654, 0xEE34, 0xE654, 0xF6D6, 0xE654, 0xE613, 0xE613, 0xEE95,
    0xF6F7, 0xE675, 0xE634, 0xE655, 0xE655, 0xE655, 0xE655, 0xE675, 0xF739, 0xF77B, 0xF759, 0xB4CF, 0x59A4, 0x6A04, 0xABA8, 0xC429,
    0xDCCA, 0xDCCA, 0xDCAA, 0xD4CA, 0xDCC9, 0xDCCA, 0xDCEB, 0xEE73, 0xF6D6, 0xEE53, 0xE5AF, 0xE58E, 0xDD0B, 0xDD0B, 0xE52C, 0xDCEB,
    0xBBE8, 0xAB87, 0x9AE5, 0x7203, 0x61C2, 0x5981, 0x5981, 0x61C2, 0x6A03, 0x6A03, 0xB44C, 0xC4EF, 0xBCAD, 0xBCAD, 0xB44C, 0xAC2B,
    0xCD0F, 0xE5D1, 0xCCCD, 0xB3C8, 0xB3A7, 0xB366, 0xB366, 0xB366, 0xB366, 0xB366, 0xB366, 0xB367, 0xB366, 0xB346, 0xB387, 0xBBE8,
    0xBBE9, 0xAB67, 0xAB46, 0xAB46, 0xAB46, 0xAB46, 0xAB67, 0xBBC8, 0xC409, 0xC429, 0xC429, 0xC429, 0xCC4A, 0xC409, 0xBBA8, 0xB387,
    0x9AE5, 0x9B26, 0xA347, 0x9B47, 0x9B46, 0x9305, 0x9306, 0x9306, 0x9306, 0x8AE5, 0x8AE5, 0x8AE5, 0x9306, 0x9306, 0x9B47, 0x7244,
    0xFE30, 0xFE30, 0xFE51, 0xFE51, 0xFE30, 0xFE30, 0xF630, 0xFE71, 0xFE71, 0xFE71, 0xFE71, 0xFE91, 0xFF35, 0xFFB8, 0xFF98, 0xFFB8,
    0xFFB8, 0xFFB8, 0xFFB8, 0xFFB8, 0xFFB8, 0xFFB8, 0xFFB8, 0xFFB8, 0xFFB8, 0xFFB8, 0xFFB8, 0xFFB8, 0xFFB8, 0xFFB8, 0xFFB8, 0xFF97,
    0xFF97, 0xFF97, 0xFF97, 0xFFB8, 0xFFB8, 0xFFB8, 0xFFD9, 0xFFD9, 0xFFB9, 0xFFD9, 0xFFD9, 0xFFD9, 0xF778, 0x5A05, 0xCD93, 0xEF38,
    0xE6B6, 0xDDF3, 0xE614, 0xDE14, 0xE614, 0xD592, 0xD5D2, 0xC510, 0xBC8D, 0xDD8F, 0xDD8F, 0xDD8F, 0xDDB0, 0xDDB0, 0xE612, 0xFF58,
    0xF6F6, 0xDDB0, 0xDD6F, 0xDD6F, 0xD50C, 0xD52D, 0xDD4E, 0xD54E, 0xD54E, 0xD54E, 0xD54E, 0xD54E, 0xD54E, 0xDD4F, 0xD590, 0xEEB5,
    0xEEB5, 0xD5B2, 0xD591, 0xD570, 0xE675, 0xFFBB, 0xFFBA, 0xFF79, 0xFF79, 0xFF9A, 0xF738, 0xEE94, 0xE653, 0xEE74, 0xEE94, 0xEEB4,
    0xEE95, 0xF6F7, 0xF6D7, 0xEE96, 0xEE96, 0xEE75, 0xE655, 0xE634, 0xE614, 0xB44E, 0x81E6, 0x7923, 0x81C6, 0x4000, 0x92A6, 0xBBC7,
    0xE529, 0xFDEA, 0xFDAA, 0xF569, 0xCB64, 0xC2E3, 0xCB03, 0xCB23, 0xD3E5, 0xE487, 0x81A2, 0x68E1, 0xC344, 0xD3E5, 0xDC05, 0xCB63,
    0xCB24, 0xCB64, 0xA264, 0x3800, 0x82A8, 0xDDD2, 0xEE55, 0xEE75, 0xEE55, 0xEE55, 0xE654, 0xE634, 0xEEB6, 0xEE75, 0xE633, 0xE633,
    0xE634, 0xF6F7, 0xEED7, 0xE634, 0xE655, 0xE655, 0xEE75, 0xEE75, 0xE675, 0xDE35, 0xE6B7, 0xC5F5, 0x6AC9, 0x82E7, 0xE4EA, 0xDCCA,
    0xDCAA, 0xDCCA, 0xDCCA, 0xDCCA, 0xDCCA, 0xDCEA, 0xDCEA, 0xE52B, 0xE52B, 0xE5AE, 0xF693, 0xEE73, 0xE5F0, 0xE5AF, 0xDD4D, 0xDCCB,
    0xBBC7, 0xB387, 0x9AE5, 0x69E2, 0x69E2, 0x69E2, 0x69E2, 0x69C2, 0x69C2, 0x69C2, 0x71E2, 0x7203, 0x7203, 0x8264, 0x8AA5, 0x92E6,
    0xA347, 0xA327, 0xDD90, 0xF673, 0xD52E, 0xCCAC, 0xD4AC, 0xD4CC, 0xD4CC, 0xD4AC, 0xCCAC, 0xCCAB, 0xCC8B, 0xCC8B, 0xC44A, 0xB3A8,
    0xB3C8, 0xBBE8, 0xBBE9, 0xBBC8, 0xB3C8, 0xB3C8, 0xB3C8, 0xB3C8, 0xBBE8, 0xBBE8, 0xBBE8, 0xBBE8, 0xBBC8, 0xBBC8, 0xBBC8, 0xB3A7,
    0x92E5, 0x92E5, 0x92E5, 0x9B26, 0x9B26, 0x8AC5, 0x8AC5, 0x8AC5, 0x8AC5, 0x8AC5, 0x8AC5, 0x8AE6, 0x9326, 0x9306, 0x9B47, 0x7224,
    0xFE50, 0xFE50, 0xFE51, 0xFE30, 0xFE30, 0xFE30, 0xF630, 0xFE71, 0xFE71, 0xFE71, 0xFE71, 0xFE91, 0xFF35, 0xFFB8, 0xFFB8, 0xFFB8,
    0xFFB9, 0xFFB9, 0xFFB9, 0xFFB9, 0xFFB9, 0xFF98, 0xFF97, 0xFFB8, 0xFFB9, 0xFFB8, 0xFFB8, 0xFF98, 0xFF97, 0xFFB8, 0xFFB8, 0xFF97,
    0xFF97, 0xFF98, 0xFF98, 0xFFB8, 0xFFB8, 0xFFB8, 0xFFB8, 0xFFB8, 0xFFB8, 0xFFD9, 0xFFD9, 0xFFD9, 0xFFFA, 0xCE13, 0x7B49, 0x6A87,
    0xAC8E, 0xFEF7, 0xE613, 0xDE14, 0xDE14, 0xDDD3, 0xE614, 0xD592, 0xAC4C, 0xAC0B, 0xDD8F, 0xDDAF, 0xEE73, 0xF738, 0xEE95, 0xDDB0,
    0xDDB0, 0xDDB0, 0xDDB0, 0xDDB0, 0xDD6F, 0xDD6E, 0xD54E, 0xD54E, 0xD54E, 0xD54E, 0xD54E, 0xD54E, 0xD52E, 0xE632, 0xF717, 0xD5D1,
    0xD591, 0xD550, 0xD570, 0xE696, 0xF77A, 0xF759, 0xEED7, 0xEE95, 0xF759, 0xF718, 0xEE54, 0xEE54, 0xEEB5, 0xF6F6, 0xEEB5, 0xEEB5,
    0xF717, 0xEEB6, 0xEE75, 0xEE95, 0xE655, 0xE634, 0xEE55, 0xBC8E, 0x6184, 0x4060, 0x7184, 0xD530, 0xAB69, 0x6923, 0xC469, 0xFEAC,
    0xFE2B, 0xED29, 0xDBC5, 0xDC06, 0xD384, 0xCB64, 0xD385, 0xDC06, 0xD3C5, 0xD406, 0xC345, 0x8182, 0x8961, 0xBAE3, 0xCB44, 0xCB64,
    0xD3C4, 0xA284, 0x50A1, 0x9B8B, 0xCD50, 0xEE75, 0xEE75, 0xEE75, 0xEE75, 0xE655, 0xE654, 0xE614, 0xDDF3, 0xEEF7, 0xEE95, 0xE634,
    0xE654, 0xEE75, 0xF6D7, 0xF6D7, 0xE655, 0xEE75, 0xE675, 0xE655, 0xFF18, 0xE635, 0x4922, 0x7268, 0xDE96, 0xFF79, 0xDDF1, 0xD489,
    0xD4A9, 0xDCCA, 0xDCCA, 0xDCCA, 0xDCCA, 0xDCCA, 0xDCCA, 0xE52B, 0xE54C, 0xE54C, 0xE52B, 0xE56D, 0xF673, 0xF6B4, 0xEE93, 0xDD8F,
    0xC44A, 0xAB87, 0x92A4, 0x6A03, 0x6A03, 0x69E2, 0x61C2, 0x69C2, 0x69C2, 0x69E2, 0x71E2, 0x71E2, 0x71E2, 0x8223, 0x8A43, 0x8A43,
    0x9AC5, 0xAB06, 0xAB87, 0xAB67, 0xCC6B, 0xDD4E, 0xC429, 0xBBC8, 0xC3E8, 0xBBE8, 0xBBE8, 0xBC08, 0xC409, 0xC409, 0xBBE9, 0xB3A7,
    0xB3A8, 0xB3A8, 0xB3A8, 0xC429, 0xBC09, 0xB3C8, 0xB3C8, 0xB3C8, 0xBBC8, 0xBBA8, 0xB3A8, 0xBBA8, 0xBBA8, 0xBBA8, 0xBBC8, 0xB387,
    0x92C5, 0x92C5, 0x92C5, 0x92E5, 0x9306, 0x8AA4, 0x82A4, 0x82A4, 0x82A4, 0x82A4, 0x8AC5, 0x9306, 0x9326, 0x9306, 0x9347, 0x7A85,
    0xFE50, 0xFE50, 0xFE50, 0xF630, 0xF630, 0xFE30, 0xFE51, 0xFE51, 0xFE50, 0xFE71, 0xFE71, 0xFEF3, 0xFF35, 0xFF76, 0xFFB8, 0xFFB8,
    0xFFB9, 0xFFB9, 0xFFB9, 0xFFB9, 0xFFB9, 0xFFB8, 0xFFB9, 0xFFD9, 0xFFB8, 0xFFB8, 0xFFB8, 0xFFB8, 0xFFB8, 0xFF98, 0xFF97, 0xFF98,
    0xFFB8, 0xFFB8, 0xFFB8, 0xFFB8, 0xFFB8, 0xFFB8, 0xFF98, 0xFF98, 0xFFB7, 0xFFD9, 0xFFD9, 0xFFD9, 0xFFD9, 0xFFFA, 0xFFFB, 0xC5F3,
    0x6226, 0xBD31, 0xEE95, 0xE634, 0xDE34, 0xDDF3, 0xE654, 0xDDF3, 0xC50F, 0xB48E, 0xDE34, 0xF6D7, 0xE633, 0xDDD0, 0xE5D1, 0xDDB0,
    0xE5D0, 0xDDB1, 0xDDB1, 0xDDB0, 0xDDB0, 0xDDAF, 0xDD6F, 0xD56F, 0xD56E, 0xD54E, 0xD52E, 0xD54F, 0xEED5, 0xE633, 0xD591, 0xD570,
    0xD52F, 0xDDD2, 0xEED8, 0xF75A, 0xDE55, 0xDDB2, 0xDD91, 0xDE34, 0xEF18, 0xE654, 0xE633, 0xEEF7, 0xF79A, 0xF6D6, 0xF695, 0xF6D6,
    0xEED6, 0xEE75, 0xEE95, 0xEE75, 0xDE13, 0xE634, 0xBCAE, 0x9B49, 0x5943, 0x3840, 0x5081, 0x7164, 0xDD2C, 0xFEAE, 0xFE6D, 0xFE4C,
    0xED28, 0xD3C5, 0xD385, 0xDBE6, 0xE467, 0xED28, 0xE4C7, 0xDCA7, 0xD3A5, 0xCB44, 0xD3C5, 0x99C2, 0x8120, 0xBAE3, 0xD3C5, 0x91E3,
    0x8182, 0x6983, 0x9B8B, 0xEE55, 0xF6D6, 0xEE75, 0xEE75, 0xEE75, 0xEE75, 0xE654, 0xDDF3, 0xDDF3, 0xD5B2, 0xDE14, 0xF738, 0xEE75,
    0xEE75, 0xEE75, 0xEE75, 0xF6F7, 0xF718, 0xE655, 0xEE96, 0xF6F7, 0xA42D, 0x72E9, 0x7A66, 0xB3E9, 0xCC8B, 0xE632, 0xEED5, 0xEEB4,
    0xDD4D, 0xD468, 0xDCCA, 0xDCCA, 0xDCCA, 0xE52B, 0xE56C, 0xE54C, 0xE54C, 0xED6C, 0xED8D, 0xED6D, 0xE54C, 0xE54C, 0xED8D, 0xE5F0,
    0xE632, 0xD570, 0xA3A9, 0x61A1, 0x61A1, 0x69E2, 0x69E2, 0x69E2, 0x69C2, 0x69E3, 0x71E2, 0x71E2, 0x71E2, 0x8223, 0x8A63, 0x8A43,
    0x9284, 0xAB46, 0xAB25, 0xB346, 0xB366, 0xBBC8, 0xCCAB, 0xCC6A, 0xBBA7, 0xB387, 0xBBA7, 0xB3A7, 0xBBA8, 0xBBC8, 0xBBC8, 0xBBC8,
    0xB387, 0xAB46, 0xAB67, 0xB387, 0xC409, 0xC44A, 0xC429, 0xC429, 0xC429, 0xBBE8, 0xBBA8, 0xBBA8, 0xBBA8, 0xBBA8, 0xBBC8, 0xB3A8,
    0xAB67, 0x9B05, 0x92C4, 0x8AA4, 0x8AA4, 0x8AA4, 0x8AA4, 0x8AA4, 0x8AC4, 0x8AC5, 0x8AC5, 0x8AE5, 0x9306, 0x9326, 0x9326, 0x9327,
    0xFE30, 0xFE30, 0xFE50, 0xFE50, 0xFE30, 0xFE30, 0xFE30, 0xFE30, 0xFE50, 0xFE71, 0xFE71, 0xFEF3, 0xFF55, 0xFF56, 0xFFD8, 0xFFD9,
    0xFFB9, 0xFFB8, 0xFF98, 0xFFB8, 0xFFB8, 0xFFB9, 0xFFDA, 0xFFD9, 0xFFD8, 0xFFB8, 0xFFB8, 0xFFB8, 0xFFB8, 0xFFB8, 0xFFD8, 0xFFD8,
    0xFFB8, 0xFFB8, 0xFFB8, 0xFFB8, 0xFFB8, 0xFFD8, 0xFFD9, 0xFFD8, 0xFFD8, 0xFFD9, 0xFFF9, 0xFFD9, 0xFFD9, 0xFFD9, 0xFFFA, 0xE6F7,
    0x72E9, 0x7B29, 0xD5D3, 0xDE14, 0xE654, 0xDDF3, 0xE634, 0xDE34, 0xD5F4, 0xEEB7, 0xD5F3, 0xD591, 0xDDD1, 0xDDB1, 0xDDD1, 0xDDD1,
    0xDDD1, 0xDDD1, 0xDDB0, 0xDDB0, 0xDDB0, 0xDD90, 0xDD6F, 0xDD6F, 0xD52E, 0xD54E, 0xEE94, 0xE694, 0xD5B1, 0xD570, 0xD54F, 0xD570,
    0xE654, 0xF739, 0xEEF8, 0xDE13, 0xD570, 0xD591, 0xD5B1, 0xF718, 0xEEF7, 0xE674, 0xEEB6, 0xFFBB, 0xEEB6, 0xEE54, 0xEE95, 0xEEF7,
    0xE655, 0xE654, 0xEEB6, 0xE634, 0xDDD2, 0xE614, 0xC4EF, 0xA389, 0x7A05, 0x4881, 0xB469, 0xC4CA, 0xEE0C, 0xFE8C, 0xF5EC, 0xED09,
    0xDC26, 0xCB64, 0xD3C5, 0xE4E8, 0xED4A, 0xED49, 0xD406, 0xCB65, 0xC323, 0xBAA2, 0xBAC3, 0xAA62, 0xAA22, 0x9A22, 0x9243, 0x7183,
    0x6984, 0x8B09, 0xFF17, 0xEE75, 0xEE75, 0xEE75, 0xEE75, 0xEE75, 0xEE55, 0xDDF3, 0xD5D3, 0xDDD3, 0xDE13, 0xE614, 0xEE96, 0xF738,
    0xEE75, 0xEE75, 0xEE76, 0xEE75, 0xEED7, 0xFF9A, 0xCD92, 0x8B6B, 0x7246, 0x61C3, 0xABA9, 0xED8D, 0xDD0C, 0xDCEB, 0xDD2D, 0xEED5,
    0xEE94, 0xEE73, 0xD4CA, 0xDCA9, 0xDCCA, 0xE54C, 0xEDAD, 0xEDAD, 0xED8D, 0xED8D, 0xED8D, 0xED8D, 0xED8D, 0xE58D, 0xED8C, 0xDD0B,
    0xBBE8, 0xC4AD, 0xC4EE, 0xBCAD, 0xAC2B, 0x69C2, 0x5981, 0x61A1, 0x69E3, 0x69E2, 0x71E2, 0x71E2, 0x71E2, 0x8223, 0x8A43, 0x8A43,
    0x9284, 0xAB46, 0xB346, 0xB366, 0xB366, 0xB366, 0xB3A7, 0xD4CC, 0xD4ED, 0xB3A8, 0xB3A7, 0xBBA7, 0xBBC8, 0xBBC8, 0xBBC8, 0xBBE8,
    0xBBC8, 0xAB46, 0xAB46, 0xAB46, 0xB387, 0xB387, 0xCC4A, 0xCC4A, 0xCC4A, 0xCC4A, 0xCC2A, 0xBBE8, 0xBBC8, 0xBBC8, 0xBBA8, 0xB3A8,
    0xB387, 0xA346, 0x8AA4, 0x8AA4, 0x8AA4, 0x8AA4, 0x8AA4, 0x8AA5, 0x8AA4, 0x8AC5, 0x8AA5, 0x82A5, 0x8AC5, 0x9306, 0x9306, 0x9306,
    0xFE30, 0xFE50, 0xFE50, 0xFE70, 0xFE91, 0xFE91, 0xFE91, 0xFE91, 0xFE91, 0xFE91, 0xFE91, 0xFEF3, 0xFF55, 0xFF97, 0xFFD9, 0xFFD9,
    0xFFD9, 0xFFB8, 0xFF98, 0xFFB8, 0xFFB8, 0xFFB8, 0xFFB8, 0xFFB8, 0xFFD9, 0xFFD9, 0xFFD9, 0xFFD9, 0xFFD9, 0xFFD9, 0xFFD8, 0xFFB8,
    0xFFB8, 0xFFB8, 0xFFB8, 0xFFB8, 0xFFD9, 0xFFD9, 0xFFD9, 0xFFD9, 0xFFF9, 0xFFF9, 0xFFF9, 0xFFD9, 0xFFD9, 0xFFD9, 0xFFD9, 0xFFFA,
    0xFFFC, 0xE6F7, 0x4963, 0xB4F0, 0xEE95, 0xDE14, 0xEEB6, 0xF6D7, 0xEEB6, 0xC510, 0xBCAE, 0xCD50, 0xDDB1, 0xE5D1, 0xDDD1, 0xDDD1,
    0xDDD1, 0xDDD1, 0xDDD1, 0xE5B0, 0xDDB0, 0xDDB0, 0xDD6F, 0xD54E, 0xE633, 0xE633, 0xDDF1, 0xDDB1, 0xD570, 0xD570, 0xD590, 0xDE13,
    0xF738, 0xE674, 0xD56F, 0xD590, 0xD5B0, 0xD5D1, 0xF717, 0xE675, 0xDDF3, 0xE654, 0xFFBB, 0xE696, 0xDE13, 0xE635, 0xF717, 0xDE34,
    0xE614, 0xEE75, 0xEEB6, 0xDE13, 0xDDD3, 0xE5F3, 0xDDB2, 0x7206, 0x69C4, 0x8A85, 0xF64D, 0xFECC, 0xF5EA, 0xF58A, 0xE4C8, 0xCB44,
    0xCB65, 0xD406, 0xE487, 0xE4E8, 0xE508, 0xE4C8, 0xCBA5, 0xBAC3, 0xB263, 0xAA22, 0xAA42, 0xA202, 0x99E2, 0x7162, 0x3000, 0xAC0D,
    0xFEF6, 0xEE95, 0xEE75, 0xEE96, 0xEE96, 0xEE75, 0xEE95, 0xE675, 0xDDD3, 0xD5B2, 0xDDD3, 0xDE14, 0xEE75, 0xEE75, 0xEE75, 0xEEB6,
    0xF718, 0xEE75, 0xEE75, 0xEE75, 0xDE14, 0xACAF, 0xA42D, 0x2820, 0xABEA, 0xED8E, 0xDD0C, 0xDD0C, 0xDD0C, 0xDD0D, 0xDD0C, 0xD4CB,
    0xDD6D, 0xEE73, 0xEEF6, 0xEEB4, 0xDCEA, 0xE52B, 0xEDAD, 0xEDAD, 0xEDAD, 0xED8D, 0xED8D, 0xED8D, 0xED8D, 0xED6D, 0xED8C, 0xDCEB,
    0xBBE8, 0xAB46, 0x8A85, 0x8AE7, 0x9328, 0xB46C, 0xC4CD, 0x9B68, 0x5940, 0x69A2, 0x71E3, 0x71E2, 0x71E2, 0x8243, 0x8A43, 0x8A63,
    0x8A63, 0xA2C5, 0xB346, 0xB367, 0xB366, 0xB366, 0xB366, 0xB367, 0xBBE8, 0xD4EC, 0xC429, 0xB3A7, 0xB3A7, 0xBBC8, 0xBBC8, 0xBBC8,
    0xBBC8, 0xAB26, 0xAB46, 0xAB66, 0xAB87, 0xB367, 0xB3A8, 0xC409, 0xCC6A, 0xCC4A, 0xCC6A, 0xCC4A, 0xBBC8, 0xB387, 0xAB67, 0xAB67,
    0xAB67, 0xA346, 0x8AC5, 0x8AA4, 0x8AA4, 0x8AA4, 0x8AC5, 0x8AC5, 0x82C5, 0x82C5, 0x82C5, 0x8AC5, 0x82C5, 0x8AE5, 0x9326, 0x9306,
    0xFE30, 0xFE50, 0xFE91, 0xFE91, 0xFEB1, 0xFED2, 0xFED2, 0xFED2, 0xFED2, 0xFE91, 0xFE91, 0xFE91, 0xFF14, 0xFFD9, 0xFFD9, 0xFFD9,
    0xFFB9, 0xFFD9, 0xFFD9, 0xFFB8, 0xFFB8, 0xFF98, 0xFF97, 0xFFD8, 0xFFD9, 0xFFD9, 0xFFD9, 0xFFD9, 0xFFD9, 0xFFB9, 0xFFB8, 0xFFB8,
    0xFFB8, 0xFFD9, 0xFFD9, 0xFFD9, 0xFFFA, 0xFFFA, 0xFFF9, 0xFFD9, 0xFFD9, 0xFFD9, 0xFFD9, 0xFFD9, 0xFFD9, 0xFFD9, 0xFFD9, 0xFFD9,
    0xFFF9, 0xFFDA, 0x51A4, 0xB4F0, 0xFF79, 0xF6F7, 0xE675, 0xDDF3, 0xE613, 0xDDF3, 0xBCEF, 0xB4AE, 0xCD50, 0xD570, 0xDDD1, 0xDDD1,
    0xDDD1, 0xDDD1, 0xDDD1, 0xE5D0, 0xDDB0, 0xDD6F, 0xE612, 0xEE95, 0xE674, 0xE612, 0xD570, 0xDD6F, 0xD56F, 0xDDF2, 0xF738, 0xEEB6,
    0xDD90, 0xDD90, 0xDDD1, 0xDD90, 0xDDD1, 0xF717, 0xE654, 0xDDF2, 0xDDF2, 0xFF7A, 0xE696, 0xDDF3, 0xDE13, 0xEEF7, 0xE675, 0xDDF3,
    0xE675, 0xE654, 0xEEB6, 0xDE13, 0xDDD3, 0xDDF3, 0xE613, 0x48E3, 0xA3E8, 0xFF0E, 0xF62B, 0xF5A9, 0xE4A6, 0xDBC5, 0xDBE6, 0xED29,
    0xED09, 0xE4C8, 0xE4E8, 0xE4A7, 0xDC87, 0xC303, 0xBAA3, 0xA1E2, 0xAA02, 0xB263, 0xB283, 0x60E2, 0x50C2, 0x5082, 0xBCAE, 0xE614,
    0xEE96, 0xEE96, 0xEE96, 0xEE95, 0xEE75, 0xEE95, 0xEE96, 0xEE75, 0xD5B2, 0xD592, 0xE635, 0xEE75, 0xE675, 0xEE75, 0xEE96, 0xEE75,
    0xEED7, 0xF6F7, 0xE635, 0xF6B6, 0xEE75, 0x40C1, 0x6205, 0xDE13, 0xCCAC, 0xDCEB, 0xDD0C, 0xDD0C, 0xDD0C, 0xDD0C, 0xDD0C, 0xDD2C,
    0xDD0B, 0xDD2C, 0xEE10, 0xEED5, 0xF716, 0xEE30, 0xE56C, 0xED8D, 0xED8D, 0xED8D, 0xED8D, 0xED8D, 0xED8D, 0xED8D, 0xED6C, 0xD4CA,
    0xB387, 0xB3A7, 0x8264, 0x5961, 0x61A1, 0x82C6, 0x8AC6, 0x9348, 0xB48D, 0x9369, 0x6981, 0x69C2, 0x71E1, 0x79E2, 0x8A43, 0x8A63,
    0x8A63, 0x8A43, 0x9AC4, 0xB346, 0xB366, 0xB366, 0xB386, 0xB386, 0xB386, 0xB387, 0xD4CC, 0xD4AB, 0xBBC8, 0xBBA7, 0xBBC8, 0xBBE8,
    0xBBC8, 0xAB46, 0xAB26, 0xA346, 0xAB66, 0xAB67, 0xAB67, 0xB387, 0xC409, 0xCC4A, 0xCC4A, 0xCC4A, 0xC409, 0xB3A8, 0xAB46, 0xA346,
    0xA326, 0xA326, 0x92C5, 0x8AC5, 0x8AA4, 0x8A84, 0x8AA4, 0x8AA4, 0x8AC5, 0x82C5, 0x8AC5, 0x8AC5, 0x82C5, 0x8AC5, 0x9306, 0x9306,
    0xFE50, 0xFE70, 0xFE91, 0xFEB1, 0xFEB2, 0xFED2, 0xFED2, 0xFED2, 0xFED2, 0xFEB2, 0xFE91, 0xFE91, 0xFF14, 0xFFB8, 0xFFD9, 0xFFD9,
    0xFFB9, 0xFFD9, 0xFFD9, 0xFFB9, 0xFFD9, 0xFFB8, 0xFFB8, 0xFFD9, 0xFFD9, 0xFFD9, 0xFFD9, 0xFFD8, 0xFFB8, 0xFFB9, 0xFFB9, 0xFFB9,
    0xFFB9, 0xFFD9, 0xFFD9, 0xFFD9, 0xFFD9, 0xFFD9, 0xFFD9, 0xFFD9, 0xFFD9, 0xFFD9, 0xFFFA, 0xFFD9, 0xFFD9, 0xFFF9, 0xFFF9, 0xFFD9,
    0xFFFA, 0xFFB9, 0x5A05, 0xB4CF, 0xE675, 0xEE95, 0xE614, 0xE634, 0xE634, 0xDE14, 0xDDD2, 0xCD30, 0xBCAE, 0xC4EF, 0xDDB1, 0xDDB1,
    0xDDD1, 0xDDD1, 0xE5D1, 0xDDB0, 0xDDD1, 0xEE74, 0xE695, 0xEE74, 0xD5B0, 0xD58F, 0xDD90, 0xD590, 0xE675, 0xF738, 0xE613, 0xDDD0,
    0xDDD0, 0xDDD1, 0xDD90, 0xDDF2, 0xEEF6, 0xE674, 0xDDF3, 0xDDD2, 0xF717, 0xEEF8, 0xDE13, 0xDDF3, 0xEEB6, 0xEED6, 0xDDF3, 0xE654,
    0xF718, 0xE634, 0xEED6, 0xD5D2, 0xEE75, 0xBCAE, 0x5163, 0xC50C, 0xEE2D, 0xFE8D, 0xE487, 0xDC46, 0xDC05, 0xDBC5, 0xDC05, 0xF58A,
    0xF56A, 0xE4C8, 0xDC67, 0xC2E3, 0xC2C3, 0xC2A3, 0xBAA3, 0xAA02, 0x91A2, 0x91C2, 0x8162, 0x7A06, 0xC3CB, 0xA309, 0xEE34, 0xF6D6,
    0xEE96, 0xEE96, 0xEE96, 0xEE76, 0xEE96, 0xEE96, 0xD5D3, 0xD5B2, 0xDE14, 0xE635, 0xE655, 0xEE76, 0xEE75, 0xEE76, 0xEE76, 0xEE76,
    0xEE75, 0xFFDB, 0xD5F4, 0x59E5, 0x6206, 0x9328, 0xBC4A, 0xDD8F, 0xE673, 0xDD4E, 0xDD2C, 0xDD2D, 0xDD0C, 0xDD0C, 0xDD0C, 0xDD2C,
    0xDD0C, 0xE54C, 0xE52B, 0xE5AE, 0xEEB5, 0xF736, 0xF6B3, 0xEDAD, 0xED6C, 0xEDAD, 0xED8D, 0xED8D, 0xED6D, 0xE56C, 0xE56D, 0xE54C,
    0xB387, 0xB387, 0x8A84, 0x69C2, 0x69C2, 0x61A1, 0x5961, 0x69E3, 0x8AE7, 0x8B28, 0xAC4D, 0xA3EB, 0x71E2, 0x69A1, 0x8223, 0x8A43,
    0x8A63, 0x8A63, 0x9263, 0xA2C4, 0xB346, 0xB386, 0xB386, 0xB387, 0xB387, 0xB386, 0xB386, 0xCC6A, 0xDD0D, 0xC429, 0xBBA7, 0xBBC8,
    0xBBC8, 0xB3A7, 0xB387, 0xAB67, 0xAB46, 0xB367, 0xB367, 0xB367, 0xBBA8, 0xBBE9, 0xC429, 0xC44A, 0xCC6A, 0xBBE8, 0xAB66, 0xAB47,
    0x9B05, 0x92C5, 0x92C5, 0x92C5, 0x8AC5, 0x8A84, 0x8284, 0x8284, 0x8AC5, 0x82C5, 0x8AC5, 0x8AC5, 0x8AC5, 0x92E6, 0x9B26, 0x9B26,
    0xFE50, 0xFE70, 0xFE91, 0xFE91, 0xFEB2, 0xFED2, 0xFED2, 0xFED2, 0xFED2, 0xFED2, 0xFE91, 0xFE91, 0xFF35, 0xFF98, 0xFF98, 0xFFB9,
    0xFFD9, 0xFFD9, 0xFFD9, 0xFFD9, 0xFFD9, 0xFFD9, 0xFFD9, 0xFFB8, 0xFFD9, 0xFFD9, 0xFFD9, 0xFFB8, 0xFFB8, 0xFFB9, 0xFFB9, 0xFFB9,
    0xFFB9, 0xFFD9, 0xFFD9, 0xFFB9, 0xFFB8, 0xFFD8, 0xFFD9, 0xFFD9, 0xFFD9, 0xFFD9, 0xFFF9, 0xFFD9, 0xFFB8, 0xFFF9, 0xFFF9, 0xFFFA,
    0xFFFA, 0xFFDA, 0xE717, 0x836A, 0x7267, 0xD5B2, 0xEE95, 0xE634, 0xE634, 0xE614, 0xE613, 0xDDF3, 0xDDB2, 0xBCAE, 0xB48D, 0xC50F,
    0xE5F2, 0xDDD1, 0xDDB1, 0xE633, 0xEE74, 0xEEF7, 0xDE13, 0xD56F, 0xDDB1, 0xDDB0, 0xDDB1, 0xEF18, 0xEEF7, 0xDDF2, 0xDDD1, 0xDDD1,
    0xDDD1, 0xDDB0, 0xE612, 0xEEF6, 0xE674, 0xDDD2, 0xDDF3, 0xEEB6, 0xF738, 0xE654, 0xDDF3, 0xDE13, 0xF717, 0xE634, 0xDDD2, 0xE695,
    0xEF17, 0xDE13, 0xF6F6, 0xEE95, 0xAC2D, 0x82C8, 0x7265, 0xFED0, 0xFE8C, 0xE4C8, 0xD3A5, 0xD3A5, 0xDBE5, 0xE4A7, 0xECC8, 0xECE8,
    0xECC8, 0xCB84, 0xC2E3, 0xBA62, 0xBA62, 0xC2E3, 0xC2C4, 0x99A2, 0x58C1, 0x60E3, 0x6903, 0xCBCB, 0xD44C, 0xE572, 0xF696, 0xEE96,
    0xEEB6, 0xF6B7, 0xEEB6, 0xE675, 0xDE13, 0xDDD3, 0xCD71, 0xCD71, 0xE655, 0xEE96, 0xEE75, 0xEE76, 0xEE75, 0xEE76, 0xEE76, 0xEE76,
    0xEEB6, 0xBD31, 0x836B, 0x7224, 0x7A85, 0xC48C, 0xDD4D, 0xCCCB, 0xE653, 0xEE74, 0xDD4D, 0xDD2C, 0xDD4D, 0xDD2C, 0xDD0C, 0xE52C,
    0xDD2C, 0xE54C, 0xE58D, 0xE56D, 0xE54C, 0xF651, 0xF6F6, 0xF757, 0xEE30, 0xE54C, 0xED8D, 0xED8D, 0xE56D, 0xED8D, 0xCCAA, 0xC449,
    0xAB66, 0xAB66, 0x92E5, 0x7223, 0x69E2, 0x69C2, 0x69C2, 0x61A2, 0x5960, 0x61A1, 0x7224, 0x82A6, 0xC4AD, 0xBC4B, 0x8AC5, 0x8243,
    0x8A63, 0x8A63, 0x9284, 0xA2E5, 0xB366, 0xB386, 0xB366, 0xB387, 0xBB87, 0xB386, 0xB386, 0xAB46, 0xC429, 0xDD2D, 0xC44A, 0xBBE9,
    0xBBA8, 0xB387, 0xAB66, 0xAB46, 0xAB67, 0xB387, 0xB387, 0xB387, 0xB3A8, 0xB387, 0xBBE8, 0xC44A, 0xC44A, 0xC429, 0xBBE9, 0xB3A8,
    0x9B05, 0x92A4, 0x92C5, 0x92C5, 0x8AC5, 0x8284, 0x8284, 0x8284, 0x82E5, 0x82C5, 0x82C5, 0x82C5, 0x8AA4, 0x9B06, 0xA326, 0x9B26,
    0xFE30, 0xFE50, 0xFE50, 0xFE71, 0xFEB2, 0xFED2, 0xFED2, 0xFED2, 0xFED2, 0xFEB2, 0xFE92, 0xFE91, 0xFF14, 0xFF77, 0xFF77, 0xFFB8,
    0xFFF9, 0xFFFA, 0xFFD9, 0xFFB9, 0xFFD9, 0xFFD9, 0xFFD9, 0xFFB8, 0xFFB8, 0xFFB8, 0xFFB9, 0xFFB9, 0xFFB9, 0xFFB9, 0xFFB9, 0xFFB9,
    0xFFB9, 0xFFD9, 0xFFD9, 0xFFB9, 0xFFB8, 0xFFB8, 0xFFD9, 0xFFD8, 0xFFB8, 0xFFB8, 0xFFB8, 0xFFD9, 0xFFD8, 0xFFF9, 0xFFF9, 0xFFF9,
    0xFFF9, 0xFFF9, 0xFFFA, 0xFFDA, 0xA48E, 0x6A46, 0xCD92, 0xDDF3, 0xE634, 0xE614, 0xDE13, 0xDE13, 0xDDF3, 0xD5B2, 0xBCCF, 0xB48D,
    0xAC6C, 0xCD71, 0xF717, 0xF717, 0xE634, 0xD570, 0xDD90, 0xDDB1, 0xD5B0, 0xDDD2, 0xF717, 0xEE95, 0xE5F2, 0xDDD1, 0xDDD1, 0xDDF1,
    0xDDB1, 0xE632, 0xF758, 0xE6B6, 0xDDD2, 0xDDF2, 0xE695, 0xFF78, 0xE634, 0xDE13, 0xDE13, 0xEED6, 0xE695, 0xDE13, 0xE633, 0xEEF7,
    0xDE14, 0xE634, 0xDDF3, 0xC531, 0x6A46, 0x7A65, 0xFECE, 0xF62B, 0xED49, 0xD3A4, 0xDBE6, 0xDC06, 0xE426, 0xE446, 0xDBE6, 0xCB44,
    0xC2C3, 0xBA42, 0xBA22, 0xBA63, 0xAA22, 0x7101, 0x7102, 0x8984, 0x9A06, 0xDBAC, 0xD3AB, 0xD3CC, 0xE5B2, 0xF6B6, 0xEE96, 0xF6B6,
    0xEEB6, 0xEEB6, 0xE635, 0xE614, 0xD592, 0xD5B2, 0xE634, 0xE635, 0xE675, 0xEE76, 0xEE76, 0xEE76, 0xEE76, 0xEE76, 0xEE96, 0xEE75,
    0xFF18, 0x7AE8, 0x6225, 0xF6B3, 0xDD8E, 0xDD6E, 0xD50D, 0xD52D, 0xD50C, 0xEE73, 0xEE31, 0xDD0C, 0xE5AE, 0xEDCF, 0xDD4D, 0xE54D,
    0xE56D, 0xE58D, 0xE58D, 0xE58E, 0xE5AE, 0xED8D, 0xEDEF, 0xF736, 0xF6D4, 0xEE92, 0xE58D, 0xE56C, 0xE56D, 0xE56D, 0xE56C, 0xC409,
    0x8A64, 0x92A5, 0x8244, 0x7A04, 0x71E3, 0x69C2, 0x69A2, 0x61A1, 0x69A1, 0x69A1, 0x6981, 0x79E2, 0x92E5, 0x9AE6, 0xC48C, 0xCCEE,
    0x9B27, 0x8A43, 0x9283, 0xA2E5, 0xB366, 0xB3A7, 0xBBA7, 0xBB87, 0xBB87, 0xB386, 0xB386, 0xB366, 0xB346, 0xBBE8, 0xE52E, 0xD4ED,
    0xC42A, 0xAB66, 0xAB25, 0xA325, 0xAB46, 0xAB67, 0xB3A8, 0xBBA8, 0xBBA8, 0xBBA8, 0xBBA8, 0xBBC8, 0xB3A8, 0xB387, 0xB387, 0xB3A8,
    0x9B05, 0x92A4, 0x92C5, 0x92C5, 0x8AA4, 0x8284, 0x8284, 0x8284, 0x82A4, 0x82A4, 0x82A4, 0x8AC4, 0x8AC5, 0x9B06, 0xA326, 0xA346,
    0xF60F, 0xF630, 0xFE50, 0xFE71, 0xFE91, 0xFEB2, 0xFEB2, 0xFEB2, 0xFEB1, 0xFEB2, 0xFED2, 0xFED2, 0xFED3, 0xFF56, 0xFFD9, 0xFFD9,
    0xFFD9, 0xFFD9, 0xFFD9, 0xFFD9, 0xFFD9, 0xFFB8, 0xFFB9, 0xFFB8, 0xFFB8, 0xFFB8, 0xFFB9, 0xFFB9, 0xFFB9, 0xFFB9, 0xFFB9, 0xFFB9,
    0xFFB9, 0xFFB8, 0xFFB8, 0xFF98, 0xFFB8, 0xFFD9, 0xFFD9, 0xFFD9, 0xFFB8, 0xFFB8, 0xFFB8, 0xFFD9, 0xFFF9, 0xFFF9, 0xFFF9, 0xFFD9,
    0xFFF9, 0xFFF9, 0xFFD9, 0xFFF9, 0xFFBA, 0xCDD3, 0x40E1, 0xDE13, 0xE675, 0xDDF3, 0xE613, 0xE613, 0xDDF3, 0xDDF3, 0xDDD3, 0xC530,
    0xD5D3, 0xD5F4, 0xD614, 0xD591, 0xDD90, 0xDDD1, 0xDDB1, 0xD590, 0xE695, 0xF738, 0xDE12, 0xDDF2, 0xDDF2, 0xDDF1, 0xDDF2, 0xDDD1,
    0xE632, 0xEEF6, 0xEEB6, 0xDDF2, 0xDDF2, 0xE654, 0xFF78, 0xE654, 0xDE13, 0xDDF3, 0xE654, 0xF6F7, 0xDE34, 0xE613, 0xE654, 0xEEF7,
    0xD5D2, 0xE654, 0xAC4D, 0x3800, 0xA387, 0xFE0B, 0xF5CA, 0xFE4C, 0xF58A, 0xECA7, 0xECC8, 0xE4A7, 0xE446, 0xDBE6, 0xCAC3, 0xCAC3,
    0xBA62, 0xA1E2, 0x8961, 0x9142, 0x99E3, 0x6943, 0x6943, 0xD3AC, 0xE3EC, 0xD3CC, 0xD3CC, 0xE5B3, 0xEE96, 0xEE96, 0xEEB6, 0xF6B6,
    0xF6D7, 0xEE75, 0xC530, 0xCD31, 0xCD51, 0xD5D3, 0xEE96, 0xEE76, 0xEE76, 0xEE76, 0xEE76, 0xEE76, 0xEE76, 0xEE75, 0xEE95, 0xEE75,
    0xF6F7, 0x8B6A, 0x7A66, 0xFF36, 0xDE32, 0xD52D, 0xDD4E, 0xD52D, 0xDD4D, 0xDD6D, 0xEE52, 0xE610, 0xE52C, 0xE5CF, 0xF651, 0xE5AE,
    0xE56D, 0xE56D, 0xED8E, 0xEDAE, 0xEDCE, 0xEDCE, 0xEDCF, 0xEDAE, 0xEDEF, 0xF6D4, 0xF6F5, 0xEE10, 0xE54B, 0xE54C, 0xED8D, 0xC44A,
    0x8A64, 0x8264, 0x7203, 0x7203, 0x71E3, 0x69C2, 0x69A2, 0x69C2, 0x7A02, 0x7A02, 0x8222, 0x8222, 0x8201, 0x8222, 0x9AE5, 0x92C5,
    0xBC4A, 0xD50D, 0xABA8, 0x9AE4, 0xB366, 0xB386, 0xBBA7, 0xBBA7, 0xBB87, 0xB387, 0xBB86, 0xB366, 0xB366, 0xB366, 0xBBA7, 0xCC6A,
    0xD4EC, 0xCC6A, 0xB3A8, 0xB367, 0xB387, 0xB387, 0xB3A8, 0xBBA8, 0xB3A8, 0xB3A8, 0xB3A8, 0xB3A8, 0xB388, 0xA306, 0x92A4, 0x92A4,
    0x92A4, 0x92A4, 0x8AA4, 0x8A84, 0x8A84, 0x8284, 0x8284, 0x8284, 0x8283, 0x8284, 0x82A4, 0x8AA4, 0xA326, 0xA326, 0xAB46, 0xBBC8,
    0xF60F, 0xFE30, 0xFE50, 0xFE91, 0xFEB1, 0xFEB2, 0xFEB2, 0xFE91, 0xFE91, 0xFEB2, 0xFED2, 0xFED2, 0xFF14, 0xFFB8, 0xFFD9, 0xFFDA,
    0xFFDA, 0xFFD9, 0xFFD9, 0xFFD9, 0xFFD9, 0xFFB8, 0xFFB8, 0xFFD8, 0xFFD9, 0xFFD9, 0xFFB8, 0xFFB8, 0xFFB8, 0xFFB9, 0xFFB9, 0xFFB9,
    0xFFB8, 0xFFB8, 0xFFB8, 0xFFB8, 0xFFD8, 0xFFD9, 0xFFD9, 0xFFD9, 0xFFF9, 0xFFF9, 0xFFF9, 0xFFF9, 0xFFF9, 0xFFD8, 0xFFD8, 0xFFD8,
    0xFFD8, 0xFFD8, 0xFFF8, 0xFFD8, 0xFFF9, 0xF7B8, 0xBD30, 0x8B4A, 0xD592, 0xEE95, 0xE614, 0xDDF3, 0xDE13, 0xE634, 0xF6F7, 0xF6F8,
    0xDE35, 0xB4AF, 0x9BAB, 0xC4EF, 0xCD50, 0xC50F, 0xCD50, 0xF6F6, 0xEED6, 0xDE34, 0xDDF2, 0xE5F2, 0xE5F2, 0xDE12, 0xE5F2, 0xE633,
    0xEED6, 0xE675, 0xDDD2, 0xDDF3, 0xDE33, 0xFF99, 0xE674, 0xDE13, 0xDE13, 0xE634, 0xEEF7, 0xE654, 0xE614, 0xDE13, 0xF6F7, 0xEE95,
    0xEE94, 0x8B29, 0x8A84, 0xE509, 0xE508, 0xFDCA, 0xF58A, 0xED6A, 0xECE8, 0xD406, 0xECE9, 0xECE9, 0xDBC5, 0xCB03, 0xC2E4, 0xC2C4,
    0xBA84, 0x7943, 0x48A2, 0x4081, 0xA2E9, 0xE4AF, 0xD46E, 0xD48E, 0xDCAF, 0xDCCF, 0xEDD3, 0xEE75, 0xEE96, 0xEE96, 0xF6B7, 0xEE96,
    0xCD92, 0xCD71, 0xC510, 0xD5B2, 0xE634, 0xE655, 0xEE75, 0xEE76, 0xEE76, 0xEE76, 0xEE76, 0xEE76, 0xEE76, 0xEE75, 0xEE75, 0xEE96,
    0xFF79, 0x832A, 0x7245, 0xF6B3, 0xE694, 0xDDD0, 0xDD6E, 0xDD6E, 0xDD8E, 0xDD6E, 0xDDAF, 0xEE73, 0xE5AF, 0xE58D, 0xEDEF, 0xEE30,
    0xEDEF, 0xE58D, 0xED8E, 0xEDAE, 0xEDCE, 0xEDCE, 0xEDCF, 0xEDEF, 0xEDCE, 0xEDCE, 0xFEF5, 0xF6F5, 0xE610, 0xE56E, 0xE56D, 0xC429,
    0x9AC5, 0x8264, 0x7203, 0x7203, 0x71E2, 0x69C2, 0x69C2, 0x69C2, 0x8222, 0x8222, 0x8222, 0x8222, 0x8222, 0x9283, 0xA2E4, 0x9AA4,
    0xA305, 0xA325, 0xC44A, 0xD50D, 0xCC6A, 0xBBA7, 0xBBA7, 0xB386, 0xB387, 0xB387, 0xBB86, 0xBBA7, 0xBBA7, 0xC3C7, 0xC3C8, 0xBBC7,
    0xBBE8, 0xD4AC, 0xD4AC, 0xCC6B, 0xB3A8, 0xB367, 0xB387, 0xB3A8, 0xB3A8, 0xB3A8, 0xB3A8, 0xB3A8, 0xB3A8, 0xAB67, 0x9B05, 0x92A4,
    0x92A4, 0x8AA4, 0x8A84, 0x8A84, 0x8264, 0x8264, 0x8264, 0x8284, 0x8284, 0x8284, 0x8AC4, 0x9AE5, 0xA326, 0xA326, 0xAB87, 0xBBE8,
    0xFE30, 0xFE50, 0xF630, 0xFE71, 0xFE91, 0xFE91, 0xFEB1, 0xFEB1, 0xFE91, 0xFEB1, 0xFED2, 0xFED2, 0xFF13, 0xFFB8, 0xFFD9, 0xFFF9,
    0xFFDA, 0xFFD9, 0xFFD9, 0xFFB8, 0xFFB8, 0xFFB8, 0xFFB8, 0xFFB8, 0xFFB8, 0xFFD8, 0xFFB9, 0xFFB9, 0xFFB8, 0xFFD9, 0xFFB9, 0xFFB8,
    0xFFB8, 0xFFD9, 0xFFD9, 0xFFD9, 0xFFD9, 0xFFD8, 0xFFB8, 0xFFB8, 0xFFD9, 0xFFF9, 0xFFF9, 0xFFF9, 0xFFD8, 0xFFD8, 0xFFD8, 0xFFD8,
    0xFFD8, 0xFFD8, 0xFFD8, 0xFFF9, 0xFFD8, 0xFFF9, 0xFFFA, 0x6A87, 0x9BAB, 0xC530, 0xDE13, 0xEE95, 0xEEF7, 0xF718, 0xE696, 0xE655,
    0xDDF3, 0xD591, 0xCD71, 0xBCCF, 0xAC2C, 0xB4AE, 0xE654, 0xEEB6, 0xE633, 0xE5F1, 0xE612, 0xDE12, 0xE612, 0xE612, 0xE633, 0xF717,
    0xEE95, 0xDDD2, 0xDE13, 0xDDF3, 0xF737, 0xEED6, 0xE613, 0xE613, 0xDDF3, 0xE675, 0xF717, 0xE614, 0xE634, 0xDE13, 0xF717, 0xE633,
    0xBC8D, 0x6185, 0xAB66, 0xFE4A, 0xFDEA, 0xF5AA, 0xE487, 0xCB44, 0xD3A5, 0xC2E3, 0xCB85, 0xCB65, 0xC2E4, 0xC305, 0x9223, 0x58A1,
    0x4860, 0x71C5, 0xDD72, 0xD550, 0xDD51, 0xDD51, 0xDD71, 0xE592, 0xE5B3, 0xE5F3, 0xEE75, 0xEE96, 0xEE96, 0xEE96, 0xEEB6, 0xE635,
    0xC510, 0xCD30, 0xD592, 0xDE14, 0xEE96, 0xEE76, 0xEE76, 0xEE76, 0xEE76, 0xEE76, 0xEE76, 0xEE75, 0xF6B6, 0xF6B6, 0xF6D7, 0xD5D3,
    0xA42D, 0x936A, 0xA3CA, 0xDD6E, 0xEE94, 0xE653, 0xD52D, 0xDD8F, 0xDD8F, 0xDD8E, 0xE58E, 0xE5D0, 0xEE73, 0xE56D, 0xE58E, 0xEE10,
    0xEE30, 0xEDEF, 0xE58D, 0xE58E, 0xEDAE, 0xEDCE, 0xEDCE, 0xEDCF, 0xEDEF, 0xEDEF, 0xEDCE, 0xEE30, 0xF6F5, 0xEEB4, 0xEE31, 0xC48A,
    0x92A4, 0x8244, 0x7203, 0x7203, 0x69E3, 0x69A2, 0x69C2, 0x69C2, 0x7A22, 0x8222, 0x8222, 0x8222, 0x8222, 0x9263, 0xA2E4, 0xA305,
    0xAAE4, 0xA2E4, 0xB366, 0xBBA7, 0xC449, 0xE58E, 0xCC8B, 0xBBA7, 0xBBC7, 0xB386, 0xB366, 0xBBA7, 0xC3C8, 0xC3C8, 0xC3E8, 0xC3E8,
    0xC3E8, 0xBBC7, 0xCC6A, 0xD4AB, 0xCC8B, 0xC44A, 0xBBE9, 0xB387, 0xB3A8, 0xB3A8, 0xB3A8, 0xB3A8, 0xB3A8, 0xB3A8, 0xA326, 0x92A5,
    0x8AA4, 0x8A84, 0x8A84, 0x8A84, 0x8AA4, 0x8AA4, 0x8AA4, 0x8284, 0x8284, 0x8263, 0x92E5, 0xAB46, 0xAB66, 0xAB46, 0xBBC8, 0xCC29,
    0xFE30, 0xFE50, 0xFE50, 0xFE71, 0xFE71, 0xFE71, 0xFEB2, 0xFED2, 0xFEB2, 0xFED2, 0xFED1, 0xFED2, 0xFF14, 0xFF97, 0xFF98, 0xFF98,
    0xFF98, 0xFF98, 0xFFB8, 0xFFB8, 0xFFB8, 0xFFB8, 0xFFB8, 0xFFB8, 0xFFD9, 0xFFD9, 0xFFD9, 0xFFD9, 0xFFB8, 0xFFB8, 0xFFB8, 0xFFB8,
    0xFFB8, 0xFFD9, 0xFFD8, 0xFFB8, 0xFFB8, 0xFFB8, 0xFFD8, 0xFFD9, 0xFFF9, 0xFFF9, 0xFFF9, 0xFFF9, 0xFFD9, 0xFFD8, 0xFFD8, 0xFFF9,
    0xFFF8, 0xFFF8, 0xFFF8, 0xFFF9, 0xFFF9, 0xFFD8, 0xFFF9, 0xD633, 0x7266, 0x6A45, 0xBD51, 0xEEF8, 0xEEB6, 0xDE14, 0xDDD3, 0xDDF3,
    0xDE13, 0xDE13, 0xDE33, 0xC530, 0xC530, 0xDE75, 0xE675, 0xBCCF, 0xCD30, 0xDE12, 0xE612, 0xE612, 0xE612, 0xE612, 0xF759, 0xEED7,
    0xDDF2, 0xDE13, 0xDDF3, 0xEEB6, 0xF717, 0xE613, 0xE614, 0xE614, 0xE654, 0xF6F7, 0xE634, 0xE634, 0xE634, 0xE613, 0xFF38, 0xD5D2,
    0x48C1, 0x9B26, 0xE529, 0xF589, 0xDC46, 0xE466, 0xDC06, 0xC2C3, 0xBA83, 0xBAC4, 0xC2C3, 0xC2E4, 0xA243, 0x60A0, 0x79A4, 0xCD30,
    0xC510, 0xCD51, 0xEE34, 0xE614, 0xE614, 0xE614, 0xEE75, 0xEE75, 0xEE76, 0xEE76, 0xEE75, 0xEE95, 0xEE96, 0xF6B6, 0xDDF3, 0xB48E,
    0xC510, 0xE614, 0xEE96, 0xEE76, 0xEE75, 0xEE76, 0xEE76, 0xEE76, 0xEE76, 0xEE76, 0xEE75, 0xEE76, 0xC531, 0xCD92, 0xEEB6, 0xB4AE,
    0x38A0, 0xBC6C, 0xE5B0, 0xD54E, 0xE611, 0xEEB4, 0xE5F1, 0xE5AF, 0xE5CF, 0xE5AF, 0xE5AF, 0xE58E, 0xEE94, 0xEE31, 0xE56D, 0xE58E,
    0xE5AF, 0xEDEF, 0xEDAE, 0xE56D, 0xE56D, 0xEDCE, 0xEDEF, 0xEDEF, 0xEDCF, 0xEDCF, 0xEDEF, 0xEDCE, 0xEDEF, 0xEEB3, 0xE631, 0xCCAC,
    0xBC2A, 0x8A84, 0x69C2, 0x7203, 0x69E3, 0x69A2, 0x69C2, 0x69A2, 0x61A1, 0x7A02, 0x8A43, 0x8A43, 0x8A42, 0x8A43, 0x9263, 0xA2E5,
    0xAB05, 0xAB05, 0xAB25, 0xB365, 0xBB86, 0xBBC7, 0xCC49, 0xDD2D, 0xDD0C, 0xC409, 0xBBA7, 0xBBC7, 0xBBA7, 0xBBC7, 0xC3E8, 0xC3E8,
    0xC3E8, 0xC3E8, 0xBBC8, 0xBBE8, 0xCC6B, 0xD4CC, 0xD4AC, 0xC42A, 0xBBC8, 0xB387, 0xB3A8, 0xB3A8, 0xB3A8, 0x9AE5, 0x9AC5, 0x9AC5,
    0x8A84, 0x8A84, 0x8A83, 0x8A84, 0x9B06, 0xA326, 0x9B06, 0x8AA4, 0x8A84, 0x8A84, 0x92E5, 0xB3A7, 0xCC29, 0xC429, 0xC429, 0xC429,
    0xF5EF, 0xF610, 0xFE50, 0xFE50, 0xFE50, 0xFE71, 0xFE91, 0xFE91, 0xFE91, 0xFE91, 0xFEB1, 0xFEB1, 0xFED3, 0xFF56, 0xFF77, 0xFF77,
    0xFF97, 0xFF77, 0xFFB8, 0xFFB8, 0xFFB8, 0xFFB8, 0xFFD9, 0xFFD9, 0xFFD9, 0xFFD9, 0xFFD9, 0xFFD9, 0xFFD8, 0xFFB8, 0xFFB8, 0xFFD9,
    0xFFD9, 0xFFD9, 0xFFD9, 0xFFB8, 0xFFB8, 0xFFB8, 0xFFD8, 0xFFD8, 0xFFD8, 0xFFD8, 0xFFD8, 0xFFD8, 0xFFD8, 0xFFF8, 0xFFB7, 0xFF96,
    0xFF96, 0xFF75, 0xFF34, 0xFF34, 0xFF34, 0xFF76, 0xFFB8, 0xFF77, 0xFF97, 0xE6B4, 0x6A66, 0x5184, 0x8309, 0xF6D6, 0xEE75, 0xDE13,
    0xDDF3, 0xDDF3, 0xDDD3, 0xE696, 0xF739, 0xD5D3, 0xB48F, 0xBCF0, 0xC510, 0xC510, 0xC510, 0xC4EF, 0xC530, 0xF738, 0xE6B6, 0xDDF3,
    0xDE13, 0xDDF3, 0xE674, 0xF738, 0xE634, 0xDE13, 0xE614, 0xDDF3, 0xE675, 0xEED6, 0xDE13, 0xE634, 0xE614, 0xEE74, 0xB4EF, 0x6A26,
    0x8244, 0xF528, 0xF507, 0xECE7, 0xCB63, 0xCB44, 0xC303, 0xBAA3, 0xBAA3, 0xBAA3, 0x8182, 0x7941, 0x81C4, 0xAC0D, 0xBC8E, 0xF695,
    0xF696, 0xF696, 0xEE55, 0xEE55, 0xEE55, 0xEE55, 0xE655, 0xE655, 0xE655, 0xE655, 0xE655, 0xE675, 0xEE96, 0xD5D2, 0xAC2D, 0xD5D2,
    0xE655, 0xEE76, 0xEE76, 0xEE76, 0xEE76, 0xEE76, 0xEE76, 0xEE76, 0xEE76, 0xEE76, 0xF6D7, 0xFF38, 0x7287, 0x3880, 0x5984, 0xC4EE,
    0xCD0E, 0xD52E, 0xD54E, 0xDD8F, 0xDD8F, 0xEE94, 0xEE73, 0xE58F, 0xE5D0, 0xE5CF, 0xE5AF, 0xE58E, 0xE5AF, 0xEE72, 0xE56D, 0xE56D,
    0xE58E, 0xEDEF, 0xEDEF, 0xEDEF, 0xEDEF, 0xEE10, 0xEE30, 0xEE30, 0xF610, 0xEE10, 0xEE10, 0xEE0F, 0xEDEF, 0xEE10, 0xEE72, 0xB44A,
    0x9307, 0xC4AD, 0x9B68, 0x69E2, 0x69C2, 0x69A2, 0x69C2, 0x69A2, 0x69A2, 0x71C2, 0x8222, 0x8A43, 0x8A43, 0x8A63, 0x8A63, 0x9283,
    0xA304, 0xAB25, 0xB325, 0xBB86, 0xBB86, 0xBB85, 0xBBA6, 0xBBA7, 0xBBE8, 0xD4AB, 0xDD0D, 0xCCAB, 0xBBE8, 0xC408, 0xBBE8, 0xC3C8,
    0xC3E8, 0xC3E8, 0xC3E8, 0xC3E8, 0xBBC8, 0xBBE9, 0xC409, 0xC42A, 0xCC6B, 0xC44A, 0xBBE9, 0xB3A8, 0xBBA8, 0xAB46, 0xA306, 0x9AE5,
    0x8A84, 0x8A83, 0x8A83, 0x8A84, 0x92C5, 0x92C5, 0x92A5, 0x9AE5, 0xBBA7, 0xBBC8, 0xBBE8, 0xC408, 0xCC29, 0xC429, 0xC429, 0xC429,
    0xF5EF, 0xF5EF, 0xF60F, 0xF60F, 0xF60F, 0xF610, 0xFE50, 0xFE51, 0xFE71, 0xFE71, 0xFE70, 0xFE50, 0xFE70, 0xFED3, 0xFF97, 0xFF77,
    0xFF77, 0xFF98, 0xFF98, 0xFFB8, 0xFFB8, 0xFFB8, 0xFFD9, 0xFFD9, 0xFFD9, 0xFFD9, 0xFFD9, 0xFFD9, 0xFFB8, 0xFF98, 0xFFB8, 0xFFB8,
    0xFFB8, 0xFFB8, 0xFFB8, 0xFFB8, 0xFFD8, 0xFFB8, 0xFF76, 0xFF76, 0xFF75, 0xFF75, 0xFF75, 0xFF76, 0xFF76, 0xFF76, 0xFF14, 0xFEF3,
    0xFEF2, 0xFEB2, 0xFED2, 0xFF34, 0xFEF3, 0xFF14, 0xFF14, 0xFED3, 0xFEF2, 0xFEF3, 0xF714, 0xD5D0, 0xA44C, 0xA3AB, 0x936A, 0xD5D2,
    0xEE95, 0xDDD2, 0xE696, 0xF739, 0xDE55, 0xDE14, 0xDE14, 0xDE14, 0xE614, 0xCD92, 0xBCCF, 0xBCCF, 0xE6D7, 0xDE76, 0xD5D3, 0xD5D3,
    0xDDF3, 0xDE54, 0xF759, 0xE674, 0xEE54, 0xEE95, 0xEE75, 0xEE75, 0xF6B5, 0xEE95, 0xEE95, 0xE634, 0xDE13, 0xF695, 0x9BAB, 0x69A2,
    0xFD48, 0xDC03, 0xDC04, 0xD3A5, 0xC304, 0xBAA3, 0xB263, 0xC2A3, 0xAA63, 0x89C3, 0x6184, 0x4924, 0x7226, 0xEE75, 0xE654, 0xE634,
    0xEE76, 0xE655, 0xE655, 0xEE55, 0xE655, 0xE655, 0xE655, 0xF6B7, 0xF6B6, 0xF6B6, 0xF6B7, 0xB46E, 0x9B8B, 0xB48E, 0xD5B3, 0xE655,
    0xEE96, 0xEE76, 0xEE76, 0xEE76, 0xEE76, 0xEE76, 0xEE76, 0xEE76, 0xF6D7, 0xEE96, 0x9BCC, 0x938B, 0x9349, 0x9B69, 0x9B8A, 0xD54F,
    0xDD8F, 0xD56F, 0xD54F, 0xDDAF, 0xE5AF, 0xEE73, 0xEE94, 0xE5D0, 0xE5D0, 0xE5D0, 0xE5D0, 0xE58E, 0xDD8E, 0xE5F0, 0xEE31, 0xE56D,
    0xE58D, 0xE5AE, 0xEDEF, 0xEE10, 0xEE10, 0xEE10, 0xEE30, 0xEE31, 0xF630, 0xEE10, 0xEE30, 0xEE10, 0xE5AE, 0xDCEB, 0xDCEB, 0xDDAF,
    0x8B47, 0x82A5, 0xA389, 0xB44B, 0x7A64, 0x6181, 0x61A1, 0x69C2, 0x69A2, 0x69A1, 0x69A1, 0x8223, 0x8A63, 0x8A63, 0x9263, 0x9263,
    0x9A83, 0xA2C4, 0xAB45, 0xBB86, 0xBB86, 0xBBA6, 0xBB86, 0xBB86, 0xBBA6, 0xBBA6, 0xC408, 0xD4EC, 0xD4CC, 0xD4EC, 0xCC8A, 0xC429,
    0xC408, 0xC3C8, 0xC409, 0xC409, 0xBBE8, 0xBBC8, 0xBBC8, 0xBBA7, 0xBBC8, 0xBC09, 0xC409, 0xBBC8, 0xB387, 0xAB87, 0xB3A8, 0xA326,
    0x9284, 0x8A83, 0x8A83, 0x8A83, 0x92A4, 0x9AE5, 0x9AE6, 0xA306, 0xBBA7, 0xC3E8, 0xC408, 0xC428, 0xC408, 0xC429, 0xC429, 0xC429,
    0xFE0F, 0xF5EF, 0xF60F, 0xF60F, 0xF610, 0xFE10, 0xFE30, 0xFE30, 0xFE50, 0xFE50, 0xFE50, 0xFE50, 0xFE50, 0xFE92, 0xFF36, 0xFF77,
    0xFF97, 0xFF97, 0xFF98, 0xFFB8, 0xFFB8, 0xFFB9, 0xFFD9, 0xFFD9, 0xFFD9, 0xFFD9, 0xFFD9, 0xFFD8, 0xFF97, 0xFF97, 0xFF97, 0xFF97,
    0xFF97, 0xFF97, 0xFF76, 0xFF55, 0xFF55, 0xFF75, 0xFEB2, 0xFEB1, 0xFEB2, 0xFEB1, 0xFEB1, 0xFEB1, 0xFEB1, 0xFEB1, 0xFEB1, 0xFE91,
    0xFED3, 0xFEF4, 0xFEF3, 0xFF34, 0xFF14, 0xFEB1, 0xFEB2, 0xFED2, 0xFED1, 0xFED2, 0xFEF2, 0xFFB4, 0xEF35, 0x82C9, 0x72A8, 0x8309,
    0xA3EC, 0xE695, 0xF718, 0xDE35, 0xE635, 0xE655, 0xE655, 0xE655, 0xE655, 0xDE14, 0xC571, 0xEED6, 0xE6B6, 0xCDB3, 0xD5B3, 0xD5B3,
    0xDDF3, 0xF779, 0xEE96, 0xFED5, 0x8B4A, 0x69E6, 0x7247, 0x7247, 0x7247, 0x7227, 0x6A47, 0xCD51, 0xEE54, 0xD591, 0x5164, 0x8A65,
    0xF528, 0xD383, 0xCB23, 0xB262, 0xB242, 0xBA62, 0xBA83, 0xBA84, 0x91C3, 0x5903, 0xCD10, 0xCD30, 0xCD10, 0xB44D, 0xA3EC, 0xBCAF,
    0xC510, 0xEE75, 0xF6D7, 0xF6B6, 0xF696, 0xF6B6, 0xE634, 0xAC6E, 0xAC6E, 0xB48E, 0xAC4D, 0xA3EC, 0xB44E, 0xC531, 0xEE96, 0xEE76,
    0xEE76, 0xEE76, 0xEE76, 0xEE96, 0xEE76, 0xEE96, 0xEEB6, 0xEE96, 0xCD72, 0xC531, 0x6A06, 0x5122, 0xAC0B, 0xEE11, 0xDDB0, 0xD56F,
    0xD56F, 0xD56F, 0xD56F, 0xE5AF, 0xE5D0, 0xE5D0, 0xEED5, 0xEE94, 0xE5AF, 0xE5F0, 0xEDF0, 0xE5AF, 0xDD6E, 0xDD6E, 0xEE92, 0xE58E,
    0xE54D, 0xE56E, 0xEDCF, 0xEE10, 0xEE10, 0xEE31, 0xEE31, 0xEE31, 0xEE31, 0xEE30, 0xF630, 0xF630, 0xE58E, 0xD4AA, 0xC428, 0xABA7,
    0xE611, 0x82C6, 0x6161, 0x9B68, 0xB46C, 0x82A5, 0x69E3, 0x6181, 0x69A2, 0x69A1, 0x6981, 0x7A02, 0x8A43, 0x8A63, 0x9263, 0x9263,
    0x9263, 0x9263, 0xAB25, 0xBBA6, 0xBB86, 0xBBA6, 0xBBA6, 0xBBA6, 0xBBA6, 0xBBA7, 0xBBA7, 0xBBA6, 0xBBA7, 0xBBA7, 0xCC4A, 0xD4AB,
    0xDCEC, 0xD4CB, 0xCC29, 0xC429, 0xBBE8, 0xBBC8, 0xBBC8, 0xBBC8, 0xB387, 0xB387, 0xB387, 0xBBC8, 0xA326, 0x9284, 0x9AE5, 0x92A4,
    0x8A63, 0x8A83, 0x8A83, 0x8A63, 0x9283, 0xA306, 0xB367, 0xBBA7, 0xBBC7, 0xC408, 0xC408, 0xC409, 0xC429, 0xC408, 0xC408, 0xC408,
    0xF5EF, 0xF5EF, 0xF60F, 0xFE10, 0xFE30, 0xFE30, 0xF5CE, 0xF5CE, 0xF5CF, 0xF5EF, 0xF5EF, 0xFE30, 0xFE50, 0xFE71, 0xFEF3, 0xFF77,
    0xFF77, 0xFF97, 0xFFB8, 0xFFB8, 0xFFB8, 0xFFD8, 0xFFD9, 0xFFD9, 0xFFB8, 0xFF97, 0xFF77, 0xFF97, 0xFF97, 0xFF76, 0xFF14, 0xFEF3,
    0xFF14, 0xFF13, 0xFEF3, 0xFEB1, 0xFEB1, 0xFEB1, 0xFE90, 0xFE70, 0xFE70, 0xFE70, 0xFE91, 0xFE91, 0xFE91, 0xFED1, 0xFED2, 0xFED2,
    0xFEF3, 0xFF14, 0xFEF2, 0xFE90, 0xFEB1, 0xFEB1, 0xFEB1, 0xFEB1, 0xFED1, 0xFED2, 0xFED2, 0xFF33, 0xFFB7, 0xFFFB, 0xFFDA, 0xA44D,
    0x8B8B, 0x8B8B, 0x8B6A, 0xEE75, 0xE675, 0xDE15, 0xDE35, 0xDE35, 0xE635, 0xDE35, 0xEEB7, 0xEEB7, 0xD5D3, 0xD5D3, 0xD5D3, 0xCDB3,
    0xEEB7, 0xFF38, 0xCD70, 0x59C5, 0x61E5, 0xABE7, 0xABA6, 0xABA7, 0xABA7, 0xABC7, 0x92C5, 0x6163, 0x61A4, 0x5103, 0x8244, 0xF549,
    0xE4A7, 0xBA82, 0xB222, 0xBA82, 0xBA83, 0xC2C4, 0xA264, 0x6122, 0x6923, 0xAC0C, 0xCD30, 0xC50F, 0xC510, 0xBCF0, 0xBCCF, 0xB48F,
    0xAC4D, 0xA40C, 0xA3EC, 0xA3EC, 0x9BCC, 0xA40C, 0x936A, 0x8AE8, 0x936A, 0x936A, 0x8B09, 0xC510, 0xEE96, 0xE655, 0xE655, 0xEE76,
    0xEE76, 0xEE76, 0xEE76, 0xE675, 0xEEB6, 0xE655, 0xDE14, 0xE635, 0x7267, 0x5162, 0xCD0F, 0xDDB1, 0xD56F, 0xD54F, 0xD56F, 0xD56F,
    0xD56F, 0xDD8F, 0xD56F, 0xE5B0, 0xE5F0, 0xE5AF, 0xEEB4, 0xEEB5, 0xE5B0, 0xEDF0, 0xEDF1, 0xEE11, 0xE5EF, 0xE56D, 0xEDF0, 0xF672,
    0xE5CF, 0xE5AF, 0xE5AF, 0xEDF0, 0xEE11, 0xEE11, 0xEE11, 0xEE31, 0xEE31, 0xEE10, 0xE5AE, 0xE5AE, 0xE56D, 0xD4CA, 0xCC8A, 0xA326,
    0x92A4, 0xDD6F, 0xABEA, 0x6182, 0x7224, 0xABEB, 0x9328, 0x69E3, 0x6181, 0x69A1, 0x69A1, 0x69A1, 0x8A43, 0x8A63, 0x9263, 0x9263,
    0x9263, 0x9263, 0xAB25, 0xBBA6, 0xBB86, 0xBBA6, 0xBBA6, 0xBBA6, 0xBBA6, 0xBBA7, 0xBBA7, 0xBBA7, 0xBBA7, 0xBBC7, 0xBBA7, 0xC3E8,
    0xD48B, 0xD4AB, 0xCC29, 0xC429, 0xC409, 0xBBC8, 0xB387, 0xB3A8, 0xB387, 0xB387, 0xB387, 0xAB46, 0x9AC4, 0x92A4, 0x8A84, 0x8A84,
    0x8A83, 0x8A63, 0x8A83, 0x9283, 0x9283, 0x9AC5, 0xBBA7, 0xC3E8, 0xC3E8, 0xC408, 0xC408, 0xC428, 0xCC29, 0xCC69, 0xCC69, 0xCC69,
    0xF5EE, 0xF5EF, 0xFE10, 0xFE30, 0xF610, 0xF5EF, 0xF5CF, 0xF5CF, 0xF5EF, 0xF5EF, 0xF5EF, 0xF60F, 0xFE30, 0xFE91, 0xFF56, 0xFF57,
    0xFF77, 0xFF97, 0xFFB8, 0xFFB8, 0xFF98, 0xFF97, 0xFF55, 0xFF76, 0xFF77, 0xFF56, 0xFEF3, 0xFED2, 0xFED3, 0xFED2, 0xFE91, 0xFE71,
    0xFE91, 0xFE71, 0xFE91, 0xFEB1, 0xFEB1, 0xFE90, 0xFE90, 0xFE70, 0xFE70, 0xFE90, 0xFE90, 0xFE91, 0xFEB1, 0xFED1, 0xFEB1, 0xFE91,
    0xFE91, 0xFEB1, 0xFEB1, 0xFED1, 0xFEB1, 0xFEB1, 0xFEB1, 0xFEB1, 0xFEB1, 0xFED1, 0xFED2, 0xFED2, 0xFF55, 0xFFB8, 0xFFB9, 0xFFFC,
    0xEF58, 0x6AA8, 0x6A46, 0x7266, 0xC551, 0xFF18, 0xEEB6, 0xF6B7, 0xE635, 0xEEB6, 0xEEF7, 0xD5F4, 0xDDF4, 0xDDF4, 0xD5D3, 0xE675,
    0xFFDB, 0xAC6E, 0x5123, 0x8B05, 0xD4C9, 0xFEAC, 0xFE8C, 0xFEAC, 0xFE8C, 0xFEAC, 0xFE4C, 0xD487, 0xCBE6, 0xCBE6, 0xDC67, 0xD384,
    0xC2A3, 0xC262, 0xCA83, 0x99E3, 0x50A0, 0x5060, 0x6143, 0xCD30, 0xC4F0, 0xCD50, 0xCD30, 0xCD30, 0xD592, 0xD5B3, 0xD5B3, 0xD5D3,
    0xD5B3, 0x9BCC, 0x936A, 0x9B8B, 0x9BAB, 0x9BAB, 0xA3EC, 0xDDF3, 0xEE75, 0xEE75, 0xEE76, 0xE655, 0xE675, 0xE675, 0xEE75, 0xEE76,
    0xE676, 0xE675, 0xEE96, 0xF6D7, 0xDE14, 0x82C8, 0x4942, 0x5163, 0xAC2C, 0xD570, 0xD54F, 0xD570, 0xD570, 0xD56F, 0xD56F, 0xDD70,
    0xD56F, 0xE5D0, 0xE5F0, 0xE5F0, 0xE5F0, 0xE5D0, 0xEE52, 0xEE94, 0xE5F1, 0xEDF1, 0xEDF1, 0xEE11, 0xEE11, 0xEDF0, 0xE5EF, 0xF652,
    0xF651, 0xEE31, 0xEE31, 0xEE11, 0xEE31, 0xEE11, 0xEE31, 0xF631, 0xEE31, 0xEE31, 0xEDCF, 0xDD0C, 0xD4CB, 0xC449, 0xBBC8, 0xAB87,
    0xA306, 0xA347, 0xCCED, 0xA3C9, 0x6182, 0x61A2, 0x82A6, 0xAC0B, 0x69E3, 0x6181, 0x6181, 0x69A2, 0x79E2, 0x8A43, 0x9263, 0x9263,
    0x9283, 0x9262, 0xAB25, 0xBBA6, 0xBBA6, 0xBBA6, 0xBBA6, 0xC3C7, 0xBBA6, 0xBBA7, 0xBBA7, 0xBBA7, 0xBBA7, 0xBBA7, 0xBBA7, 0xC3E8,
    0xC408, 0xC409, 0xC409, 0xC409, 0xC429, 0xC42A, 0xC42A, 0xC429, 0xBBC8, 0xB3A7, 0xB367, 0xA305, 0x92A4, 0x92A4, 0x9284, 0x9284,
    0x8A83, 0x8A83, 0x9283, 0xAB46, 0xB367, 0xB367, 0xBBC8, 0xC3E8, 0xC3E8, 0xC408, 0xC428, 0xCC29, 0xDCEB, 0xDD0C, 0xDD0C, 0xDD2C,
    0xF5CE, 0xF5EF, 0xF5EF, 0xF5EF, 0xF5CF, 0xF5CF, 0xF5EF, 0xF5CF, 0xF5CF, 0xF5EF, 0xF5EF, 0xF5EF, 0xFE30, 0xFE71, 0xFF35, 0xFF56,
    0xFF76, 0xFF76, 0xFF76, 0xFF56, 0xFF76, 0xFF34, 0xFED2, 0xFEB2, 0xFED3, 0xFEF3, 0xFEB2, 0xFE91, 0xFE91, 0xFE91, 0xFE91, 0xFE91,
    0xFE91, 0xFE91, 0xFE91, 0xFE91, 0xFE70, 0xFE90, 0xFE90, 0xFE70, 0xFE70, 0xFE90, 0xFE90, 0xFE70, 0xFE70, 0xFE91, 0xFEB1, 0xFEB1,
    0xFEB1, 0xFEB1, 0xFEB1, 0xFEB1, 0xFEB1, 0xFEB1, 0xFEB1, 0xFEB1, 0xFED2, 0xFEF2, 0xFEF2, 0xFED2, 0xFF13, 0xFF97, 0xFFDA, 0xFFDA,
    0xFFB9, 0xFFFB, 0xEF37, 0xB510, 0x7AE9, 0x832A, 0x832A, 0x7AE9, 0xDE15, 0xF738, 0xDDF4, 0xDE14, 0xDE14, 0xDDF4, 0xE655, 0xF79A,
    0x9C4F, 0x7265, 0xCC48, 0xF589, 0xFDE8, 0xF5C9, 0xED07, 0xD425, 0xDC46, 0xDC45, 0xDC65, 0xECE7, 0xF507, 0xECA6, 0xDB84, 0xCAC3,
    0xBA42, 0x8141, 0x7900, 0x6901, 0x9B6A, 0x9B8B, 0x9BCB, 0xD592, 0xD591, 0xCD50, 0xCD30, 0xD571, 0xD592, 0xCD92, 0xD592, 0xD592,
    0xD592, 0xDDF3, 0xDDF3, 0xDDF4, 0xDDF4, 0xDE14, 0xDE14, 0xE614, 0xE655, 0xE655, 0xE655, 0xE675, 0xEE76, 0xEE75, 0xEE75, 0xEE76,
    0xE676, 0xEE96, 0xDE34, 0xCD92, 0x82E9, 0x8B08, 0xC4CE, 0xB46C, 0xCD2F, 0xDDB0, 0xD570, 0xD570, 0xD590, 0xDDB0, 0xDDB0, 0xDD6F,
    0xDD8F, 0xE5F0, 0xE5F0, 0xE5F0, 0xE5F0, 0xE5F0, 0xE5D0, 0xEE73, 0xEE74, 0xEDD0, 0xEDF1, 0xEDF1, 0xEE11, 0xEE11, 0xEDF0, 0xE5AF,
    0xEE31, 0xEE31, 0xEE31, 0xEE31, 0xEE31, 0xEE31, 0xEE31, 0xEDEF, 0xEDF0, 0xEE51, 0xEE0F, 0xDD2C, 0xDCEB, 0xBC08, 0xAB46, 0xB387,
    0xA326, 0x92C4, 0x9B26, 0xD52E, 0xA3C9, 0x5981, 0x61A2, 0x61A2, 0xA3CA, 0x9327, 0x69A1, 0x6161, 0x71A1, 0x8A43, 0x9243, 0x9A83,
    0xAB45, 0xAB25, 0xB365, 0xBB86, 0xBBA6, 0xC3C7, 0xBBC7, 0xCC48, 0xCC08, 0xBBA6, 0xBBA7, 0xBBA7, 0xBBA7, 0xC3E8, 0xC3E8, 0xC409,
    0xC429, 0xC409, 0xC409, 0xC409, 0xC409, 0xBBE9, 0xBBE9, 0xBBC8, 0xC409, 0xCC4B, 0xC42A, 0xB3C9, 0x92A4, 0x9284, 0x92A4, 0x9284,
    0x8A63, 0x8A63, 0x9283, 0xAB66, 0xC3C8, 0xC3E8, 0xC3E8, 0xC3E8, 0xBBE8, 0xC408, 0xC408, 0xC428, 0xDCEB, 0xDD2C, 0xDD0C, 0xDD2C,
    0xF5CE, 0xF5CF, 0xF5EF, 0xF5EF, 0xF5EF, 0xF5EF, 0xF5EF, 0xF5EF, 0xF5CF, 0xF5EF, 0xFE0F, 0xF60F, 0xFE30, 0xFE71, 0xFF14, 0xFF15,
    0xFF14, 0xFF15, 0xFEF4, 0xFED2, 0xFED2, 0xFEB2, 0xFEB1, 0xFEB1, 0xFEB1, 0xFEB1, 0xFEB1, 0xFE91, 0xFE91, 0xFE91, 0xFE91, 0xFE91,
    0xFE90, 0xFE91, 0xFE70, 0xFE50, 0xFE70, 0xFE91, 0xFE90, 0xFE90, 0xFE70, 0xFE90, 0xFE90, 0xFE70, 0xFE70, 0xFE91, 0xFEB1, 0xFEB1,
    0xFEB1, 0xFEB1, 0xFEB1, 0xFEB1, 0xFEB1, 0xFEB1, 0xFEB1, 0xFEB1, 0xFED2, 0xFED2, 0xFED2, 0xFEB2, 0xFEB2, 0xFF76, 0xFFFA, 0xFFD9,
    0xFFD9, 0xFFD9, 0xFFF9, 0xFFFB, 0x9C4E, 0x836B, 0x8B8B, 0x834A, 0x9C2D, 0xBD10, 0xE656, 0xDE35, 0xDE35, 0xDDF4, 0xEED7, 0xEEF7,
    0x7288, 0x9283, 0xFDE8, 0xED05, 0xE4C7, 0xED07, 0xDC85, 0xDC25, 0xDC45, 0xDC45, 0xDC05, 0xDC25, 0xDC46, 0xD3A4, 0xC2A2, 0xD303,
    0x91E2, 0x6122, 0x69E6, 0x7A67, 0xDDB2, 0xDE13, 0xDDD2, 0xD591, 0xD571, 0xD571, 0xD592, 0xDDD3, 0xDDF3, 0xD5D3, 0xD5B3, 0xD592,
    0xD592, 0xD592, 0xCD92, 0xCD92, 0xD5D3, 0xDDF3, 0xDE14, 0xE655, 0xEE75, 0xEE76, 0xEE76, 0xEE76, 0xEE76, 0xE675, 0xEE76, 0xE675,
    0xE655, 0xEEB6, 0xD5F3, 0x6A05, 0x7225, 0xC4CD, 0xE5D1, 0xDDB1, 0xD570, 0xD570, 0xD570, 0xD590, 0xDDB1, 0xE5F2, 0xE5F2, 0xDD6E,
    0xE5AF, 0xE5F0, 0xE5F0, 0xE5F0, 0xE5F1, 0xE5F1, 0xE5D0, 0xF694, 0xEE73, 0xE5D0, 0xEE11, 0xEE10, 0xEE10, 0xEE10, 0xEE31, 0xEE31,
    0xEE31, 0xEE31, 0xEE31, 0xEE31, 0xEE31, 0xEE31, 0xEE11, 0xE5AE, 0xE58D, 0xE5CF, 0xEDCF, 0xDD2C, 0xDCEB, 0xC428, 0xAB66, 0xAB87,
    0x9B26, 0x9B06, 0x8AA4, 0xA388, 0xD50E, 0x8B07, 0x5961, 0x61A2, 0x6182, 0x9B48, 0xA3A9, 0x8264, 0x6961, 0x8A23, 0x9243, 0x9AA3,
    0xBB86, 0xB386, 0xBB66, 0xBB86, 0xBB86, 0xC3E7, 0xCC28, 0xCC28, 0xCC48, 0xC408, 0xBBC7, 0xBBA7, 0xBBA7, 0xC3E8, 0xCC09, 0xC409,
    0xC409, 0xC409, 0xC409, 0xC409, 0xC409, 0xBBC8, 0xBBA8, 0xBBA8, 0xB3A7, 0xAB87, 0xBC09, 0xC42A, 0xB3A8, 0x9AE5, 0x9283, 0x9284,
    0xA2E5, 0xAB25, 0xAB25, 0xBBA7, 0xC3C7, 0xC3C8, 0xC3C8, 0xC3E8, 0xCC49, 0xCC49, 0xD4AA, 0xD4CA, 0xDD0B, 0xDD2C, 0xDD2C, 0xDD0C,
    0xFE0F, 0xFE0F, 0xFE10, 0xFE0F, 0xFE0F, 0xF60F, 0xFE30, 0xFE30, 0xFE30, 0xFE50, 0xFEB2, 0xFF15, 0xFEF4, 0xFED3, 0xFF35, 0xFED2,
    0xFE91, 0xFEB1, 0xFEB1, 0xFE91, 0xFEB1, 0xFEB1, 0xFEB1, 0xFEB1, 0xFED2, 0xFEB1, 0xFEB1, 0xFE91, 0xFE91, 0xFE91, 0xFE91, 0xFE91,
    0xFE91, 0xFE91, 0xFE91, 0xFE70, 0xFE91, 0xFE91, 0xFE50, 0xFE30, 0xFE50, 0xFE91, 0xFE90, 0xFE70, 0xFE90, 0xFE91, 0xFE91, 0xFE91,
    0xFEB1, 0xFED1, 0xFED1, 0xFEB1, 0xFEB1, 0xFEB1, 0xFEB1, 0xFEB1, 0xFE91, 0xFE91, 0xFE91, 0xFEB1, 0xFE91, 0xFEF3, 0xFF77, 0xFFD8,
    0xFFD9, 0xFFD9, 0xFFD9, 0xFFB9, 0xFFFB, 0xFFFC, 0xFFFB, 0xFFFC, 0x8B69, 0x61E4, 0x93CB, 0x8309, 0xC531, 0xEE96, 0xFF7A, 0xEE96,
    0x7AA8, 0x7A23, 0xB385, 0xE4A6, 0xD3E4, 0xD3E4, 0xDC25, 0xE4A6, 0xE466, 0xDC46, 0xDC45, 0xDC05, 0xD364, 0xCB03, 0xCAE3, 0xCB04,
    0x7101, 0x8287, 0xEE54, 0xDDD3, 0xD5B2, 0xD591, 0xD592, 0xD5B2, 0xD5B2, 0xD5B2, 0xDDF3, 0xDDF4, 0xE614, 0xE614, 0xD592, 0xCD72,
    0xCD92, 0xD5B2, 0xDDF3, 0xDE14, 0xE634, 0xE634, 0xE635, 0xEE75, 0xEE76, 0xEE76, 0xEE76, 0xEE76, 0xEE76, 0xE655, 0xEE96, 0xFF38,
    0x8B29, 0x61A4, 0x69E5, 0xC4EE, 0xDDB0, 0xD570, 0xD570, 0xD570, 0xD570, 0xD570, 0xDD90, 0xE5D2, 0xE5F2, 0xE5F2, 0xE5F2, 0xDD6E,
    0xDD6E, 0xE5AF, 0xE5F0, 0xE5F0, 0xE5F1, 0xEDF1, 0xE5F0, 0xEE32, 0xEE93, 0xEE11, 0xEDF0, 0xEDF0, 0xEE10, 0xEE10, 0xEE11, 0xEE11,
    0xEE31, 0xEE31, 0xEE10, 0xE5F0, 0xEE10, 0xEE30, 0xEE31, 0xEE10, 0xE56E, 0xDD4D, 0xE56D, 0xE56D, 0xDCEB, 0xCC69, 0xAB67, 0xAB87,
    0x9B26, 0x92E5, 0x9305, 0x8243, 0x92E5, 0xC4AD, 0x8B07, 0x61A2, 0x69A2, 0x6161, 0x8285, 0xABC9, 0x92E6, 0x8A22, 0x8A22, 0x9AA4,
    0xB366, 0xB366, 0xBB66, 0xBB86, 0xBBA6, 0xC3C7, 0xCC28, 0xCC28, 0xCC28, 0xCC49, 0xC3E7, 0xBBA7, 0xBBC7, 0xBBA7, 0xC408, 0xC409,
    0xC409, 0xC409, 0xC409, 0xC429, 0xC409, 0xC3E9, 0xBBC8, 0xBBA8, 0xB3A8, 0xAB47, 0xA306, 0xA306, 0xA306, 0x92C4, 0x9284, 0x9284,
    0xA305, 0xB366, 0xC3C7, 0xC3C8, 0xC3C8, 0xC3C8, 0xC3E8, 0xCC08, 0xDCCA, 0xD4CA, 0xDD0B, 0xDD2C, 0xDD2B, 0xDD2C, 0xDD0C, 0xD4CB,
    0xFE0F, 0xF5EF, 0xF60F, 0xF60F, 0xF630, 0xFE92, 0xFE92, 0xFEB2, 0xFEB3, 0xFEB3, 0xFF15, 0xFFB8, 0xFFB8, 0xFF98, 0xFF97, 0xFEB2,
    0xFE90, 0xFE91, 0xFE91, 0xFE91, 0xFE91, 0xFEB1, 0xFEB1, 0xFED1, 0xFED2, 0xFEB1, 0xFE71, 0xFE91, 0xFE91, 0xFE91, 0xFE91, 0xFE91,
    0xFE90, 0xFE91, 0xFE90, 0xFE70, 0xFE70, 0xFE50, 0xFE30, 0xFE30, 0xFE30, 0xFE50, 0xFE50, 0xFE70, 0xFE91, 0xFE91, 0xFE70, 0xFE71,
    0xFE91, 0xFEB1, 0xFEB1, 0xFEB1, 0xFEB1, 0xFEB1, 0xFEB1, 0xFEB1, 0xFEB1, 0xFEB2, 0xFEB1, 0xFEB1, 0xFF34, 0xFEF3, 0xFF35, 0xFFD9,
    0xFFD8, 0xFFD9, 0xFFD9, 0xFFD9, 0xFFD9, 0xFFD9, 0xFFD9, 0xFFFB, 0x8328, 0x8B6A, 0xE6D8, 0xD5B2, 0x936A, 0xCDD3, 0xA46E, 0xCD92,
    0xDE13, 0x9BAB, 0x3040, 0x71C3, 0xD405, 0xD3E5, 0xD3C5, 0xD3C5, 0xAA82, 0xAA83, 0xE465, 0xDC05, 0xC303, 0xC2C3, 0xCB24, 0x7901,
    0x8AA8, 0xC510, 0xDDD2, 0xD5B2, 0xD5B2, 0xD5B2, 0xD5B2, 0xD5B2, 0xD5B2, 0xD5D2, 0xDDF4, 0xDDF3, 0xCD92, 0xD592, 0xCD72, 0xDDF4,
    0xDE34, 0xDE34, 0xEE96, 0xEE96, 0xEE76, 0xE655, 0xEE76, 0xEE76, 0xEE76, 0xEE96, 0xEE76, 0xEE76, 0xEE96, 0xEE96, 0xCD92, 0x9BCC,
    0xA40C, 0xB44C, 0xAC2C, 0xD54F, 0xD570, 0xD570, 0xD570, 0xD570, 0xD570, 0xD570, 0xDDB1, 0xE5F2, 0xE5F2, 0xE5F2, 0xE5F1, 0xDD6E,
    0xDD4D, 0xDD6E, 0xE5AF, 0xEE11, 0xE5F0, 0xEDF0, 0xEE10, 0xEDD0, 0xF6D5, 0xF673, 0xEDF0, 0xEE11, 0xEDF0, 0xEDF0, 0xE5EF, 0xEE11,
    0xEE31, 0xEE31, 0xEE31, 0xEE11, 0xEE11, 0xEE30, 0xEE11, 0xEE10, 0xEE10, 0xE5AE, 0xE56D, 0xD4AB, 0xC409, 0xBBE8, 0xAB87, 0xAB87,
    0x9B26, 0x92E5, 0x92E5, 0x8AA4, 0x7A23, 0x8284, 0xD54F, 0x82A5, 0x6181, 0x69C3, 0x69A2, 0x69A2, 0xABA8, 0xAB87, 0x9AC5, 0x8A22,
    0xA2E4, 0xB386, 0xBB66, 0xBB86, 0xC3E7, 0xCC08, 0xCC08, 0xCC28, 0xCC48, 0xCC28, 0xC408, 0xBBC7, 0xC3E8, 0xC3C8, 0xC408, 0xCC09,
    0xC409, 0xC409, 0xC409, 0xC409, 0xC429, 0xC429, 0xBBC8, 0xBBA8, 0xBBA8, 0xB387, 0x9AE5, 0x92C4, 0x92A4, 0x92A4, 0x92A4, 0x92A4,
    0x8A83, 0xA305, 0xBBC7, 0xCC28, 0xCC28, 0xCC28, 0xD469, 0xD489, 0xD4AA, 0xD4AA, 0xDD0B, 0xDD2B, 0xDD0B, 0xDD2C, 0xDD2C, 0xE58D,
    0xF651, 0xF671, 0xF672, 0xF651, 0xF692, 0xFF15, 0xFF36, 0xFF97, 0xFF98, 0xFF98, 0xFF98, 0xFF98, 0xFF98, 0xFF98, 0xFF97, 0xFEB2,
    0xFE91, 0xFE91, 0xFE91, 0xFE91, 0xFEB1, 0xFEB1, 0xFE91, 0xFE70, 0xFE90, 0xFE70, 0xFE70, 0xFE70, 0xFE70, 0xFE90, 0xFE91, 0xFE91,
    0xFE91, 0xFE70, 0xFE70, 0xFE70, 0xFE70, 0xFE50, 0xFE30, 0xFE30, 0xFE30, 0xFE70, 0xFE91, 0xFE91, 0xFEB1, 0xFED1, 0xFED1, 0xFED1,
    0xFEB1, 0xFEB1, 0xFEB1, 0xFEB1, 0xFEB1, 0xFEB1, 0xFEB1, 0xFEB1, 0xFEB1, 0xFEB1, 0xFED2, 0xFF14, 0xFF34, 0xFED2, 0xFEF3, 0xFF34,
    0xFFD8, 0xFFD9, 0xFFD9, 0xFFD9, 0xFFD9, 0xFFFA, 0xFFDA, 0xFFFB, 0x72E7, 0x9C0D, 0xFFFE, 0xF6F6, 0xCDB2, 0xC572, 0x7287, 0xBCF0,
    0xDE14, 0xD591, 0xBCCE, 0x9BAB, 0x58A0, 0x58E0, 0x58C0, 0x58A0, 0x8224, 0xE4E9, 0xECE8, 0xD3A4, 0xCB64, 0xC2E3, 0xCB23, 0x70E0,
    0xA3AD, 0xF6B6, 0xDDF3, 0xDDD3, 0xDDD3, 0xDDD2, 0xD5B2, 0xDDD3, 0xE634, 0xDDF3, 0xD5B3, 0xD5B2, 0xCD92, 0xCDB2, 0xD5B2, 0xEE75,
    0xEEB6, 0xEE96, 0xEE76, 0xEE76, 0xEE96, 0xEE76, 0xEE76, 0xEE75, 0xEE96, 0xEE96, 0xEE76, 0xEE96, 0xE655, 0xF6D7, 0xAC4E, 0x5142,
    0xC4AE, 0xEDF2, 0xDDB1, 0xD590, 0xD570, 0xDDB1, 0xDDD2, 0xE5D2, 0xDD90, 0xD570, 0xDDB1, 0xE5F2, 0xE5D1, 0xE5F1, 0xE612, 0xE5F0,
    0xDD6E, 0xDD2C, 0xDD4D, 0xE5AF, 0xEDF1, 0xEDD0, 0xEDF0, 0xEDF0, 0xF6F5, 0xF673, 0xEDCF, 0xEDF0, 0xEDF0, 0xEE10, 0xE5CF, 0xE5CF,
    0xE5EF, 0xEE11, 0xEE31, 0xEE31, 0xEE31, 0xEE11, 0xEE31, 0xEE31, 0xEE10, 0xE5AE, 0xE56D, 0xC429, 0xAB87, 0xAB87, 0xAB87, 0xAB87,
    0x9B05, 0x92E5, 0x92E5, 0x8AA5, 0x8264, 0x7A24, 0x7A44, 0xCCEE, 0x82A6, 0x6181, 0x71E2, 0x71E2, 0x6981, 0x9AE5, 0xC409, 0xBBC8,
    0xA2E4, 0xB345, 0xBB86, 0xBB86, 0xC3C7, 0xCC07, 0xCC07, 0xCC07, 0xCC28, 0xCC29, 0xCC29, 0xC3E8, 0xC3C8, 0xC3E8, 0xC408, 0xC409,
    0xC409, 0xC409, 0xC409, 0xC409, 0xCC2A, 0xC429, 0xBBC8, 0xBBA8, 0xBBA8, 0xBBA8, 0xB367, 0x9AE4, 0x92A4, 0x92A4, 0x92A4, 0x9AC4,
    0xAB25, 0xB346, 0xBBA6, 0xCC48, 0xCC48, 0xD469, 0xD489, 0xD489, 0xD4AA, 0xD4AA, 0xDCCA, 0xD4CA, 0xE54C, 0xE56D, 0xE56D, 0xE58D,
    0xFEF4, 0xFF56, 0xFFB8, 0xFF97, 0xFF97, 0xFF98, 0xFF98, 0xFFB8, 0xFF98, 0xFF98, 0xFF98, 0xFFB8, 0xFF98, 0xFF98, 0xFF97, 0xFEB2,
    0xFE71, 0xFE91, 0xFEB1, 0xFEB1, 0xFEB1, 0xFEB1, 0xFE91, 0xFE70, 0xFE50, 0xFE50, 0xF62F, 0xF62F, 0xFE50, 0xFE70, 0xFE91, 0xFE91,
    0xFE91, 0xFE70, 0xFE70, 0xFE70, 0xFE70, 0xFE91, 0xFE91, 0xFE70, 0xFE70, 0xFEB1, 0xFED1, 0xFEB1, 0xFED1, 0xFED1, 0xFED1, 0xFED1,
    0xFED1, 0xFED1, 0xFEB1, 0xFEB1, 0xFEB1, 0xFEB1, 0xFEB1, 0xFEB1, 0xFEB1, 0xFED2, 0xFEF3, 0xFF35, 0xFED2, 0xFEB1, 0xFED1, 0xFF13,
    0xFFB8, 0xFFD8, 0xFFD9, 0xFFD9, 0xFFDA, 0xFFD9, 0xFFD9, 0xFFFB, 0x7AE8, 0x93EC, 0xFFFC, 0xF757, 0xFF98, 0xE696, 0xDE35, 0xAC6E,
    0xAC2D, 0xB46E, 0xC510, 0xD5D3, 0xB4AF, 0xA46E, 0xB4F0, 0x59A5, 0x8285, 0xFE6D, 0xD3E5, 0xD383, 0xD384, 0xC303, 0xC304, 0x6080,
    0x8B2A, 0xEE96, 0xDE14, 0xE634, 0xE634, 0xE614, 0xDE14, 0xE614, 0xE634, 0xDE14, 0xCD51, 0xCD92, 0xEE76, 0xEE96, 0xEE96, 0xEE96,
    0xEE96, 0xEE96, 0xEE96, 0xEE96, 0xEE96, 0xEE76, 0xEE76, 0xEE96, 0xEE55, 0xEE96, 0xEEB7, 0xEEB6, 0x7AE8, 0x4943, 0x6A46, 0xDDB1,
    0xDD90, 0xD56F, 0xD570, 0xD590, 0xD590, 0xDDD1, 0xE5F2, 0xE5F2, 0xDDB1, 0xDD91, 0xDD90, 0xDDD1, 0xDDB0, 0xDDD0, 0xE5F1, 0xEE12,
    0xE5AF, 0xDD2D, 0xDD0C, 0xDD2D, 0xE5CF, 0xE5AF, 0xDD6E, 0xE58E, 0xF693, 0xEE73, 0xEDAF, 0xEDCF, 0xEDEF, 0xEDF0, 0xEE10, 0xEDEF,
    0xE5CF, 0xEDEF, 0xEE10, 0xEE31, 0xEE31, 0xEE31, 0xEE10, 0xEDEF, 0xEDF0, 0xE5AE, 0xE56D, 0xC449, 0xB387, 0xB3A7, 0xAB87, 0xAB87,
    0xA346, 0x9305, 0x92E5, 0x8AA4, 0x7A44, 0x7A23, 0x7203, 0x7A44, 0xB42B, 0x82A5, 0x6181, 0x71E3, 0x71C2, 0x8A43, 0x9AC4, 0xC409,
    0xCC49, 0xBBA6, 0xBB65, 0xBBA6, 0xC3C7, 0xCC07, 0xCC08, 0xCC08, 0xC3E7, 0xC408, 0xCC29, 0xCC29, 0xCC29, 0xC408, 0xC3E8, 0xC3E8,
    0xC3E9, 0xC409, 0xC409, 0xBBC8, 0xBBE8, 0xC3E8, 0xBBE8, 0xBBA8, 0xB387, 0xB387, 0xBBA8, 0x9AE5, 0x92A4, 0x92A4, 0x92A4, 0x9AA4,
    0xBB86, 0xBB86, 0xBBA6, 0xCC48, 0xCC48, 0xD469, 0xD489, 0xD489, 0xD4AA, 0xD4AA, 0xDCCA, 0xD4CA, 0xE56D, 0xE58D, 0xE58D, 0xDD6D,
    0xFFB8, 0xFFB8, 0xFFB8, 0xFFB8, 0xFFB8, 0xFFB8, 0xFFB8, 0xFFB8, 0xFF98, 0xFFB8, 0xFF98, 0xFF98, 0xFF98, 0xFF98, 0xFF97, 0xFEB2,
    0xFE70, 0xFE91, 0xFE90, 0xFE91, 0xFEB1, 0xFEB1, 0xFEB1, 0xFE91, 0xFEB1, 0xFE70, 0xFE50, 0xF62F, 0xFE50, 0xFE91, 0xFE91, 0xFE91,
    0xFE90, 0xFE91, 0xFEB1, 0xFEB1, 0xFED2, 0xFF12, 0xFF12, 0xFF12, 0xFF12, 0xFEF2, 0xFEF2, 0xFED1, 0xFED2, 0xFE91, 0xFE70, 0xFE91,
    0xFEB1, 0xFEB1, 0xFEB1, 0xFED1, 0xFEB1, 0xFEB1, 0xFEB0, 0xFEB1, 0xFE90, 0xFF34, 0xFF35, 0xFE91, 0xFED1, 0xFEB2, 0xFEB1, 0xFF13,
    0xFFD8, 0xFFB8, 0xFFB8, 0xFFFA, 0xFFFA, 0xFFF9, 0xFFD9, 0xFFFB, 0x7287, 0x93EC, 0xFFFE, 0xFFDA, 0xF799, 0xEEB7, 0xEE96, 0xDDF4,
    0xDDF3, 0xDDF3, 0xCD51, 0xA42D, 0xB4AF, 0xB4AF, 0xBD10, 0x61E5, 0xABC7, 0xF56A, 0xC323, 0xDBE5, 0xD384, 0xCB03, 0x7961, 0x7A88,
    0xC551, 0xEE96, 0xE655, 0xE634, 0xE635, 0xE655, 0xE655, 0xE655, 0xDDD3, 0xCD92, 0xD5D3, 0xEE96, 0xEE96, 0xEE96, 0xEE96, 0xEE96,
    0xEE96, 0xEE96, 0xEE96, 0xEE75, 0xEE75, 0xEE76, 0xEE75, 0xE655, 0xA3EB, 0xDDF3, 0xF6B7, 0xAC4E, 0x7AC7, 0xAC0C, 0xAC2C, 0xD590,
    0xD570, 0xD570, 0xD570, 0xD590, 0xDD90, 0xE5F2, 0xE5F2, 0xE5F2, 0xE5F2, 0xE5F2, 0xE5D1, 0xDDB0, 0xDDD0, 0xDDD0, 0xE5F0, 0xE5F0,
    0xEE31, 0xDD6E, 0xDD0C, 0xDD0C, 0xDD4D, 0xDD6D, 0xD4EB, 0xD4EB, 0xD50C, 0xE631, 0xE58E, 0xEDAE, 0xE5AE, 0xE5CE, 0xEDF0, 0xEDF0,
    0xEDF0, 0xEE10, 0xEE11, 0xEE31, 0xEE31, 0xEE31, 0xEE10, 0xE58E, 0xE56D, 0xED8D, 0xEDAE, 0xC449, 0xB387, 0xB3A7, 0xB387, 0xB3A8,
    0xA367, 0x9B26, 0x92E5, 0x8A84, 0x8264, 0x7A23, 0x7203, 0x69A2, 0x82A5, 0xAC0B, 0x7A64, 0x6181, 0x71E3, 0x8A63, 0xA2C4, 0xA2E4,
    0xC408, 0xD4AA, 0xCC29, 0xBB86, 0xC3C7, 0xCC28, 0xCC08, 0xCC28, 0xCC28, 0xCC08, 0xCC29, 0xCC29, 0xCC49, 0xCC29, 0xC3E8, 0xC3E8,
    0xC409, 0xC409, 0xC429, 0xC3E8, 0xBBA7, 0xB3A7, 0xB387, 0xB3A8, 0xA305, 0x9AC4, 0x9AE5, 0x9AC4, 0x9AC4, 0x9AC4, 0x9AC4, 0xA2E4,
    0xB366, 0xBB66, 0xBBA6, 0xCC48, 0xCC48, 0xD469, 0xD489, 0xD489, 0xD489, 0xDCEB, 0xE56D, 0xE56D, 0xE58D, 0xE58D, 0xE58D, 0xE56D,
    0xFFD9, 0xFFD9, 0xFFB8, 0xFFB8, 0xFFB8, 0xFFB8, 0xFFB8, 0xFFB8, 0xFFB8, 0xFFB8, 0xFFB8, 0xFF98, 0xFF98, 0xFFB8, 0xFF98, 0xFEB2,
    0xFE91, 0xFE91, 0xFE90, 0xFE91, 0xFE91, 0xFE91, 0xFEB1, 0xFEB1, 0xFEB1, 0xFE91, 0xFE91, 0xFE70, 0xFE70, 0xFE91, 0xFE91, 0xFE90,
    0xFE70, 0xFEB1, 0xFEF2, 0xFEF2, 0xFEF2, 0xFEF2, 0xFEF2, 0xFEF2, 0xFEF2, 0xFEF2, 0xFED2, 0xFED2, 0xFED2, 0xFED1, 0xFEB1, 0xFE90,
    0xFE90, 0xFE91, 0xFEB1, 0xFEB0, 0xFEB0, 0xFEB0, 0xFEB1, 0xFE6F, 0xFED3, 0xFEF4, 0xFED2, 0xFEB1, 0xFEB1, 0xFED1, 0xFED1, 0xFF13,
    0xFF97, 0xFFB8, 0xFFDA, 0xFFFA, 0xFFF9, 0xFFF9, 0xFFD9, 0xFFFA, 0xC5D2, 0x93AB, 0x9C0D, 0xFFFC, 0xFFFC, 0xF79A, 0xE635, 0xE655,
    0xE654, 0xE654, 0xDE14, 0xCD92, 0xC530, 0xCD51, 0xB4AE, 0x4902, 0xE54B, 0xF4E7, 0xE466, 0xDC05, 0xDBA4, 0xB2A3, 0x5880, 0xB48E,
    0xE634, 0xCD51, 0xD5B3, 0xE634, 0xE614, 0xDDB3, 0xDDF3, 0xDE14, 0xD5B2, 0xE614, 0xEE75, 0xEE96, 0xEE96, 0xEE96, 0xEE96, 0xEE96,
    0xEE96, 0xEE96, 0xEE96, 0xF6D7, 0xF6D7, 0xF6D7, 0xEEB6, 0x7287, 0x61A4, 0x61E5, 0x59A4, 0x6A45, 0xD591, 0xDDD1, 0xDDB1, 0xD570,
    0xD570, 0xD570, 0xD570, 0xDD90, 0xE5F2, 0xE612, 0xE612, 0xE612, 0xE5F2, 0xE612, 0xE612, 0xE612, 0xE5D1, 0xE5F1, 0xE611, 0xE5F1,
    0xEE11, 0xE5AF, 0xDD2C, 0xDD2C, 0xDD2D, 0xDD2C, 0xDD0C, 0xD4CB, 0xD4EB, 0xE611, 0xDD0C, 0xE56D, 0xE58D, 0xE58D, 0xE5AE, 0xEDF0,
    0xEE31, 0xEE11, 0xEE31, 0xEE31, 0xEE31, 0xEE11, 0xEE11, 0xEE10, 0xE5AE, 0xE56D, 0xE56E, 0xC449, 0xB3A7, 0xB387, 0xB3A8, 0xAB67,
    0x9B46, 0x9B06, 0x9B26, 0x8AA5, 0x7A43, 0x7A23, 0x7203, 0x7203, 0x69A1, 0x8AE7, 0xABEA, 0x7A64, 0x6981, 0x8A63, 0xA2E4, 0xB366,
    0xB365, 0xBBA6, 0xD4AA, 0xD4AB, 0xCC28, 0xCC08, 0xCC28, 0xCC28, 0xCC49, 0xD449, 0xCC49, 0xCC29, 0xCC29, 0xCC49, 0xCC29, 0xC3E8,
    0xC3E9, 0xC409, 0xC409, 0xC429, 0xC409, 0xBBE8, 0xBBA7, 0xB387, 0xAB46, 0xA2E5, 0x9AC4, 0x9AC4, 0x9AA4, 0xA305, 0xB366, 0xB366,
    0xB366, 0xC3E7, 0xCC28, 0xCC48, 0xCC48, 0xD469, 0xD489, 0xD489, 0xD489, 0xDCEB, 0xE58D, 0xE58D, 0xE58D, 0xE58D, 0xE58D, 0xE58D,
    0xFFD9, 0xFFB8, 0xFFB8, 0xFFB8, 0xFF97, 0xFFB8, 0xFFB9, 0xFFB8, 0xFFB8, 0xFFB8, 0xFFB8, 0xFF98, 0xFF98, 0xFF98, 0xFF98, 0xFF76,
    0xFF55, 0xFE91, 0xFE91, 0xFE91, 0xFE50, 0xFE50, 0xFE90, 0xFEB1, 0xFE91, 0xFE91, 0xFE91, 0xFE90, 0xFEB1, 0xFEB1, 0xFE91, 0xFE70,
    0xFE50, 0xFE91, 0xFEB1, 0xFE91, 0xFE70, 0xFE70, 0xFE90, 0xFE91, 0xFED1, 0xFED1, 0xFED1, 0xFEB1, 0xFEB1, 0xFEF2, 0xFED1, 0xFE90,
    0xFE90, 0xFE90, 0xFE90, 0xFE70, 0xFE70, 0xFE70, 0xFE90, 0xFEF3, 0xFF35, 0xFEF3, 0xFE91, 0xFED1, 0xFED1, 0xFED1, 0xFEB1, 0xFED2,
    0xFF14, 0xFF99, 0xFFFC, 0xFFFA, 0xFFF9, 0xFFF9, 0xFFF9, 0xFFB8, 0xFFFC, 0xA4AD, 0x61E5, 0xFFFC, 0xFFFC, 0xFFDB, 0xEF18, 0xE675,
    0xE655, 0xE655, 0xE655, 0xE655, 0xDDF3, 0xE654, 0xD571, 0x5142, 0xDD09, 0xF507, 0xEC65, 0xDBC4, 0xCB44, 0x91C1, 0x6943, 0xBCCE,
    0xB46D, 0x8B29, 0x82E8, 0xAC0D, 0xAC4D, 0xC510, 0xD5B2, 0xDE14, 0xE655, 0xEE96, 0xEE96, 0xEE96, 0xEE96, 0xEE96, 0xEE96, 0xEE76,
    0xEE76, 0xEE95, 0xE634, 0xC531, 0xCD51, 0xCD71, 0xCD51, 0x8B08, 0xC4EF, 0xC4CE, 0xBCAE, 0xC50F, 0xD591, 0xD570, 0xD570, 0xD570,
    0xD570, 0xD570, 0xD570, 0xDDB1, 0xE5F2, 0xE612, 0xE613, 0xE612, 0xE612, 0xE612, 0xE612, 0xEE12, 0xEE12, 0xEE32, 0xEE11, 0xEE11,
    0xE5F1, 0xEDF0, 0xE58E, 0xDD4D, 0xDD4D, 0xDD4D, 0xDD4D, 0xDD0C, 0xD50C, 0xE611, 0xDD2C, 0xE56D, 0xE58D, 0xE58E, 0xE5AE, 0xEE10,
    0xEE11, 0xEE11, 0xEE11, 0xEE31, 0xEE31, 0xEE11, 0xEE11, 0xEE31, 0xEE10, 0xD4AB, 0xC429, 0xBC08, 0xBC09, 0xB3A8, 0xB3A8, 0xA347,
    0x9B26, 0x9B26, 0x9B26, 0x92C5, 0x8264, 0x7A23, 0x7203, 0x71E3, 0x7203, 0x69A1, 0x8AC5, 0xABEA, 0x7A64, 0x8223, 0xA2E5, 0xB366,
    0xBB86, 0xBB66, 0xB386, 0xCC69, 0xDCEC, 0xCC69, 0xCC49, 0xCC49, 0xCC49, 0xCC49, 0xCC49, 0xCC49, 0xCC49, 0xCC49, 0xCC49, 0xC409,
    0xC409, 0xC409, 0xC409, 0xC409, 0xC409, 0xCC29, 0xC409, 0xBBC8, 0xBBA8, 0xA305, 0x9AC4, 0x9AC4, 0x9AC4, 0xA305, 0xB365, 0xB345,
    0xBB86, 0xCC28, 0xCC48, 0xCC48, 0xCC49, 0xD489, 0xDCCA, 0xDCCA, 0xDCCA, 0xDD0B, 0xE58D, 0xE58D, 0xE58D, 0xE58D, 0xE58D, 0xE56D,
    0xFFB9, 0xFFB8, 0xFFB8, 0xFFB8, 0xFF77, 0xFFB8, 0xFFB9, 0xFFB9, 0xFFB9, 0xFFB9, 0xFFB8, 0xFFB8, 0xFF98, 0xFF98, 0xFF98, 0xFF35,
    0xFED2, 0xFE70, 0xFE70, 0xFE50, 0xF650, 0xFE4F, 0xFE50, 0xFE50, 0xFE50, 0xFE70, 0xFE91, 0xFEB1, 0xFEB1, 0xFEB2, 0xFE91, 0xFE91,
    0xFEB1, 0xFE91, 0xFE70, 0xFE50, 0xFE50, 0xFE70, 0xFE70, 0xFE90, 0xFEB1, 0xFEB1, 0xFED2, 0xFEB1, 0xFEB1, 0xFED1, 0xFEB1, 0xFEB1,
    0xFEB1, 0xFEB1, 0xFEB1, 0xFEB1, 0xFE91, 0xFE90, 0xFED2, 0xFF77, 0xFEF3, 0xFEB0, 0xFED1, 0xFEB1, 0xFE90, 0xFE91, 0xFE91, 0xFEB1,
    0xFF76, 0xFFFA, 0xFFD9, 0xFFF9, 0xFFF9, 0xFFF9, 0xFFF9, 0xFFB8, 0xFFFA, 0xACAE, 0x7267, 0xFFFD, 0xFFFB, 0xFFFC, 0xFFFC, 0xEED7,
    0xEE75, 0xEE75, 0xEE75, 0xE655, 0xDDF3, 0xE634, 0xCD50, 0x5122, 0xDD0A, 0xFD69, 0xEC65, 0xE404, 0x91C2, 0x71C5, 0xC4F0, 0xE5F3,
    0xE614, 0xCD51, 0xAC4D, 0x7AA7, 0x72A7, 0xEE76, 0xEE75, 0xEE96, 0xEE96, 0xEE96, 0xEE96, 0xEE96, 0xEE96, 0xEE76, 0xE696, 0xF6D7,
    0xFEF8, 0xFF18, 0xE634, 0x5142, 0x5102, 0x5143, 0x5123, 0xC4CF, 0xDDD2, 0xDDB1, 0xDDB1, 0xD5B1, 0xD590, 0xD591, 0xD570, 0xDDB1,
    0xE5F2, 0xDDD1, 0xDDB1, 0xDDB1, 0xE612, 0xE612, 0xE613, 0xE613, 0xE612, 0xE612, 0xE612, 0xEE12, 0xEE13, 0xEE32, 0xEE11, 0xEDF1,
    0xEDF1, 0xEDF0, 0xEDF0, 0xEDCF, 0xEDCF, 0xE56E, 0xDD4D, 0xE54D, 0xE54D, 0xEE31, 0xDD4D, 0xE58D, 0xEDEF, 0xEE10, 0xEE10, 0xEE11,
    0xEE11, 0xEE11, 0xEE31, 0xEE11, 0xEE11, 0xEE31, 0xEE11, 0xEE31, 0xEDF0, 0xD4CB, 0xCC49, 0xC409, 0xBBE8, 0xBBE9, 0xBBC8, 0xB3A8,
    0xB3A8, 0xB3A8, 0xA346, 0x9B05, 0x9B06, 0x7A23, 0x7203, 0x7203, 0x7202, 0x7203, 0x69A1, 0x8AA5, 0xC4CD, 0x8264, 0x9284, 0xB366,
    0xBB86, 0xBB86, 0xBB86, 0xB365, 0xBBC7, 0xDD0C, 0xD48A, 0xD449, 0xCC49, 0xCC49, 0xCC49, 0xCC49, 0xCC49, 0xCC49, 0xCC49, 0xCC49,
    0xCC49, 0xC429, 0xC429, 0xC409, 0xC409, 0xC3E8, 0xC3E8, 0xC409, 0xBBC8, 0xB367, 0x9AC4, 0x9AC4, 0x9AC4, 0xA304, 0xB365, 0xBB86,
    0xC3C6, 0xCC28, 0xCC28, 0xCC48, 0xD448, 0xDCCA, 0xE54C, 0xE52C, 0xE54C, 0xE54C, 0xE58D, 0xE58D, 0xE58D, 0xE58D, 0xE58D, 0xE58D,
    0xFFB8, 0xFFD8, 0xFFB8, 0xFFB8, 0xFFB8, 0xFFB9, 0xFFB9, 0xFFB9, 0xFFB9, 0xFFB8, 0xFFB8, 0xFFB8, 0xFF98, 0xFF98, 0xFF98, 0xFEF3,
    0xFE70, 0xFE50, 0xFE4F, 0xFE50, 0xFE70, 0xFE70, 0xFE50, 0xFE50, 0xFE4F, 0xFE90, 0xFEB1, 0xFEB2, 0xFEB2, 0xFED2, 0xFED2, 0xFED2,
    0xFEB1, 0xFEB1, 0xFE70, 0xFE50, 0xFE50, 0xFE50, 0xFE70, 0xFE91, 0xFEB1, 0xFE71, 0xFE71, 0xFE70, 0xFEB1, 0xFEB1, 0xFE91, 0xFEF2,
    0xFF12, 0xFEF2, 0xFEF2, 0xFF12, 0xFEF2, 0xFED1, 0xFF77, 0xFF13, 0xFED1, 0xFED1, 0xFED1, 0xFEB1, 0xFEB1, 0xFE90, 0xFE91, 0xFED2,
    0xFF35, 0xFFB8, 0xFFDA, 0xFFD9, 0xFFD9, 0xFFF9, 0xFFD8, 0xFFB8, 0xFFFA, 0x9C6D, 0x6206, 0xFFFF, 0xFFFC, 0xFFFC, 0xFFFC, 0xEEB6,
    0xEE55, 0xEE75, 0xEE75, 0xEE75, 0xE634, 0xE655, 0xCD50, 0x5122, 0xDCEA, 0xECA6, 0xDBE4, 0xE406, 0x8981, 0x69E5, 0xF6B6, 0xE634,
    0xDE14, 0xDDF3, 0xF6B6, 0xA40C, 0x7AE9, 0xFF18, 0xEE76, 0xEE96, 0xEE96, 0xEE96, 0xEE96, 0xEE96, 0xF6F7, 0xF6F8, 0xFF38, 0xB48E,
    0x82C8, 0x8B09, 0x8B29, 0xC4EF, 0xCD30, 0xCD30, 0xCD30, 0xD591, 0xD591, 0xD571, 0xD571, 0xD571, 0xD590, 0xD571, 0xDDB1, 0xE5F2,
    0xE613, 0xE633, 0xE5F2, 0xDDB1, 0xDDB1, 0xDDB0, 0xE612, 0xE612, 0xE612, 0xE612, 0xE613, 0xEE32, 0xEE32, 0xEE32, 0xEE11, 0xE5F0,
    0xEE11, 0xE5F0, 0xE5D0, 0xEDD0, 0xEDF0, 0xEDCF, 0xE56E, 0xDD4D, 0xE54D, 0xEE52, 0xEDEF, 0xE5AE, 0xEDF0, 0xEE10, 0xEE11, 0xEE11,
    0xEE11, 0xEE11, 0xEE11, 0xEE11, 0xEE11, 0xEE10, 0xE58E, 0xE56E, 0xE56E, 0xD4CB, 0xCC49, 0xCC4A, 0xBC08, 0xB387, 0xB3A8, 0xBBC8,
    0xBBC8, 0xBBE8, 0xAB87, 0x9B05, 0x9B06, 0x8AA5, 0x7A03, 0x71E3, 0x7203, 0x7202, 0x7203, 0x69A1, 0x8AC5, 0xDD4F, 0x92C4, 0xB345,
    0xBBA6, 0xBBA6, 0xC3C7, 0xBBA7, 0xBBC7, 0xC428, 0xDCCA, 0xD4CA, 0xCC69, 0xD469, 0xCC49, 0xCC49, 0xCC49, 0xCC49, 0xCC49, 0xCC49,
    0xCC49, 0xCC49, 0xC429, 0xC429, 0xC3E9, 0xBBC8, 0xBBC8, 0xBBC8, 0xBBA7, 0xBBC8, 0xB366, 0xA305, 0x9AC4, 0xAB25, 0xBBA6, 0xC3C6,
    0xCBE7, 0xCC28, 0xCC48, 0xD448, 0xD448, 0xDCCA, 0xE52C, 0xE52C, 0xE52C, 0xE54C, 0xE58D, 0xE58D, 0xE58D, 0xE58D, 0xE58D, 0xE58D,
    0xFF97, 0xFFB8, 0xFFB8, 0xFFB8, 0xFFB8, 0xFFB9, 0xFFB9, 0xFFB9, 0xFFB9, 0xFF98, 0xFF97, 0xFF97, 0xFF98, 0xFFB8, 0xFF98, 0xFF13,
    0xFE70, 0xFE2F, 0xFE50, 0xFE70, 0xFE70, 0xFE70, 0xFE2F, 0xF60F, 0xFE50, 0xFEB1, 0xFEB1, 0xFED2, 0xFED2, 0xFED2, 0xFED2, 0xFE70,
    0xF60F, 0xF60F, 0xF5CE, 0xEDCE, 0xF5EF, 0xFE2F, 0xFE70, 0xFE90, 0xFE91, 0xFE50, 0xFE50, 0xFE50, 0xFE50, 0xFE70, 0xFE70, 0xFED1,
    0xFEF2, 0xFEF2, 0xFEF2, 0xFEF1, 0xFEF3, 0xFF76, 0xFF34, 0xFEF2, 0xFED1, 0xFED1, 0xFED1, 0xFEF1, 0xFEF2, 0xFEF1, 0xFED2, 0xFF34,
    0xFED1, 0xFF34, 0xFFD9, 0xFFD8, 0xFFD9, 0xFFD9, 0xFFD8, 0xFFB8, 0xFFF9, 0xC5D2, 0x8B8B, 0xA48F, 0xEF7A, 0xFFFC, 0xFFFC, 0xF79B,
    0xEEF8, 0xEE55, 0xEE75, 0xEE75, 0xEE55, 0xEE95, 0xD591, 0x5142, 0xDD2A, 0xECA6, 0xE425, 0x6961, 0x69C5, 0xB42D, 0xE634, 0xE635,
    0xE614, 0xD5D3, 0xE634, 0xAC6D, 0x6A46, 0x8B4A, 0xE634, 0xEE96, 0xEE96, 0xEE96, 0xEEB6, 0xEE96, 0xBCAF, 0xAC6E, 0xB48F, 0x82C8,
    0x82A7, 0x7AA7, 0x82C7, 0xD591, 0xDDD2, 0xD5B2, 0xDDB1, 0xD591, 0xD591, 0xD591, 0xD591, 0xD591, 0xD591, 0xD571, 0xDDD2, 0xE633,
    0xE613, 0xE633, 0xE5F2, 0xDDD1, 0xDDB0, 0xDD8F, 0xE5F1, 0xE5F1, 0xE5F1, 0xE632, 0xE632, 0xEE32, 0xEE12, 0xEE32, 0xEE32, 0xE5F0,
    0xE610, 0xEE11, 0xEDF0, 0xEDF0, 0xEDD0, 0xEDF0, 0xEDCF, 0xE56E, 0xE54D, 0xEDCF, 0xEDF0, 0xE5EF, 0xEE10, 0xEE11, 0xEE10, 0xEE11,
    0xEE11, 0xEE11, 0xEE11, 0xEE11, 0xEE31, 0xEE11, 0xE5CF, 0xCCAB, 0xC429, 0xCC49, 0xCC29, 0xCC49, 0xC429, 0xBBE8, 0xBBE8, 0xBC08,
    0xBBC8, 0xBBC8, 0xBBC8, 0xAB87, 0x9B06, 0x8AC4, 0x7A43, 0x71E3, 0x7203, 0x71E2, 0x71E2, 0x71E2, 0x71E2, 0x9B06, 0xB3A8, 0xC3E8,
    0xB386, 0xBBC7, 0xCC48, 0xCC28, 0xCC28, 0xCC48, 0xD4AA, 0xDCCA, 0xDCCB, 0xDCEB, 0xCC69, 0xCC49, 0xCC49, 0xCC69, 0xCC69, 0xCC49,
    0xCC49, 0xCC49, 0xCC49, 0xCC29, 0xC409, 0xBBE8, 0xBBC8, 0xBBC8, 0xBBA7, 0xB366, 0xB387, 0xB366, 0xA2E4, 0xB345, 0xCBE7, 0xC3C6,
    0xC3E7, 0xCC28, 0xCC48, 0xD468, 0xD469, 0xDCCA, 0xE52C, 0xE52C, 0xE52C, 0xE54C, 0xE56C, 0xE58D, 0xE58D, 0xE58D, 0xE58D, 0xE58D,
    0xFF97, 0xFFB8, 0xFFB8, 0xFFB8, 0xFFB8, 0xFFB9, 0xFFB9, 0xFFB9, 0xFFB9, 0xFF98, 0xFF77, 0xFF97, 0xFF98, 0xFF98, 0xFF98, 0xFF56,
    0xFED2, 0xFE70, 0xFE4F, 0xFE50, 0xFE4F, 0xF62F, 0xF60E, 0xF60F, 0xFE70, 0xFEB1, 0xFEB1, 0xFED2, 0xFED2, 0xFED2, 0xFEB2, 0xFE50,
    0xF5EF, 0xF60F, 0xF60F, 0xF60F, 0xFE50, 0xFE50, 0xFE70, 0xFE91, 0xFE90, 0xFE90, 0xFEB1, 0xFE91, 0xFE71, 0xFE70, 0xFE91, 0xFED1,
    0xFEF2, 0xFEF2, 0xFEF1, 0xFED1, 0xFEF3, 0xFF76, 0xFF34, 0xFED1, 0xFED1, 0xFED1, 0xFED1, 0xFED2, 0xFED1, 0xFE91, 0xFF56, 0xFF35,
    0xFE90, 0xFEF2, 0xFFD9, 0xFFF9, 0xFFF9, 0xFFD8, 0xFFB8, 0xFFD8, 0xFFD8, 0xFFFB, 0xDE95, 0x40E0, 0xEF18, 0xFFFC, 0xFFFC, 0xFFFC,
    0xFFDB, 0xF738, 0xE675, 0xEE55, 0xEE55, 0xEE75, 0xE635, 0x59A4, 0xBBE7, 0xD427, 0xCBE6, 0x71E5, 0xA44E, 0xFED6, 0xE634, 0xE654,
    0xE614, 0xDDF3, 0xDDF3, 0xE634, 0xC510, 0x5163, 0xDE13, 0xEE96, 0xE675, 0xE676, 0xE655, 0xE655, 0x7266, 0x61C4, 0x59A3, 0x938A,
    0xEE74, 0xE613, 0xE613, 0xD5B1, 0xD591, 0xD591, 0xD591, 0xD591, 0xD591, 0xDDF2, 0xDDF3, 0xDDF3, 0xE613, 0xDDF2, 0xDDF2, 0xE633,
    0xE633, 0xE633, 0xE633, 0xE612, 0xDDB0, 0xDD6E, 0xDDB0, 0xE5D1, 0xE5D0, 0xEE32, 0xE612, 0xEE32, 0xEE32, 0xEE12, 0xEE32, 0xEE11,
    0xEDF0, 0xEE11, 0xEE11, 0xE5CF, 0xE5AF, 0xEDF0, 0xEE10, 0xEDF0, 0xE5CF, 0xEDCF, 0xEDF0, 0xE5F0, 0xEE11, 0xEE11, 0xEE11, 0xEE11,
    0xEE11, 0xEE11, 0xEE11, 0xEE11, 0xEE11, 0xEE11, 0xEE11, 0xD4CB, 0xC429, 0xCC49, 0xCC29, 0xCC49, 0xCC4A, 0xCC4A, 0xCC4A, 0xC409,
    0xBBC8, 0xBBC8, 0xBBC8, 0xAB87, 0x9B05, 0x8AC5, 0x8264, 0x71E2, 0x71E2, 0x71E2, 0x71E2, 0x71E2, 0x71E2, 0x8202, 0x92C4, 0xCC49,
    0xC408, 0xCC08, 0xCC49, 0xCC48, 0xCC28, 0xCC49, 0xD4CA, 0xD4CA, 0xD4CA, 0xDCCB, 0xD4AA, 0xCC6A, 0xCC6A, 0xCC6A, 0xCC6A, 0xCC4A,
    0xCC49, 0xCC49, 0xCC4A, 0xCC29, 0xBBE8, 0xBBC8, 0xBBE8, 0xC3E8, 0xC3E8, 0xAB66, 0xA2E4, 0xAB05, 0xAB05, 0xBB66, 0xC3E7, 0xCBE7,
    0xC407, 0xCC48, 0xD468, 0xDCEA, 0xE52B, 0xE52B, 0xE52B, 0xE52C, 0xE54C, 0xE54C, 0xDD4C, 0xE58D, 0xE5AD, 0xE5AD, 0xE5AD, 0xE5AD,
    0xFFB8, 0xFFB8, 0xFFB8, 0xFFB8, 0xFFB8, 0xFFD9, 0xFFD9, 0xFFB9, 0xFFB8, 0xFF98, 0xFF97, 0xFF77, 0xFF98, 0xFF98, 0xFF98, 0xFF77,
    0xFF13, 0xFE70, 0xFE4F, 0xFE4F, 0xF62F, 0xF62F, 0xF62F, 0xF60F, 0xF62F, 0xFE91, 0xFEB1, 0xFEB2, 0xFEB2, 0xFEB1, 0xFEB1, 0xFEB1,
    0xFE91, 0xFE70, 0xF62F, 0xFE50, 0xFE50, 0xFE50, 0xFE50, 0xFE70, 0xFE70, 0xFE90, 0xFED1, 0xFED2, 0xFEF2, 0xFEF2, 0xFED1, 0xFED1,
    0xFED2, 0xFEB1, 0xFEB1, 0xFEF2, 0xFF34, 0xFEB1, 0xFED1, 0xFED2, 0xFED1, 0xFED1, 0xFEF2, 0xFEF1, 0xFEB1, 0xFED2, 0xFEF2, 0xFEB1,
    0xFE90, 0xFEF2, 0xFF96, 0xFFF9, 0xFFF9, 0xFFB8, 0xFFB8, 0xFFF9, 0xFFD9, 0xFFFA, 0xD634, 0x4921, 0xEF38, 0xFFFC, 0xFFFB, 0xFFFB,
    0xFFFC, 0xFFFA, 0xF717, 0xEE75, 0xEE55, 0xEE75, 0xE655, 0x5984, 0x4080, 0x50E1, 0x48C1, 0xC4F0, 0xF675, 0xE614, 0xE634, 0xE654,
    0xE614, 0xDDD3, 0xDDF3, 0xE634, 0xCD51, 0x61C4, 0xDE13, 0xF6D7, 0xF6F7, 0xFF59, 0x93AB, 0x4902, 0xC50F, 0xEE54, 0xE613, 0xDDF2,
    0xDDB1, 0xD5B1, 0xD5B1, 0xD5B2, 0xD5B1, 0xD5B1, 0xD591, 0xD591, 0xDDD2, 0xE613, 0xE613, 0xE613, 0xE613, 0xE633, 0xE633, 0xE633,
    0xE633, 0xE633, 0xE633, 0xE633, 0xDDB0, 0xDD6F, 0xDDAF, 0xDDB0, 0xDD6E, 0xE5AF, 0xEE31, 0xD54D, 0xE5F0, 0xEE32, 0xEE11, 0xEE10,
    0xEDF0, 0xEDF0, 0xEE31, 0xEE31, 0xE5F0, 0xE5CF, 0xEE10, 0xEE10, 0xEE10, 0xEE10, 0xEE11, 0xE5F0, 0xEE10, 0xEE31, 0xEE11, 0xEE31,
    0xEE11, 0xEE31, 0xEE11, 0xEE31, 0xE5F0, 0xE5CF, 0xEDF0, 0xD4EC, 0xC429, 0xCC49, 0xCC49, 0xCC49, 0xC429, 0xBBE8, 0xC409, 0xC408,
    0xBBC8, 0xBBC8, 0xBBC8, 0xAB87, 0x9B05, 0x9B06, 0x9B26, 0x7A23, 0x71E2, 0x71E2, 0x71E3, 0x71E2, 0x71E2, 0x8242, 0x9AC3, 0xBBC6,
    0xCC28, 0xD469, 0xD449, 0xCC48, 0xCC28, 0xCC49, 0xD4AA, 0xD4CA, 0xD4CA, 0xD4CB, 0xD4CB, 0xD4CA, 0xCC8A, 0xCC6A, 0xCC6A, 0xCC6A,
    0xCC69, 0xCC29, 0xCC4A, 0xCC4A, 0xCC29, 0xC409, 0xBBE8, 0xBBE8, 0xAB45, 0xAB05, 0xA305, 0xAB05, 0xAB25, 0xC3C7, 0xCBE7, 0xCBE7,
    0xC407, 0xCC48, 0xD469, 0xDCEB, 0xE52B, 0xE52B, 0xE52B, 0xE52C, 0xE52C, 0xE54C, 0xE56D, 0xE58D, 0xE58D, 0xE58D, 0xE58D, 0xE58D,
    0xFFB8, 0xFFB8, 0xFFB8, 0xFFB8, 0xFFB8, 0xFFB8, 0xFFB8, 0xFFB8, 0xFFB8, 0xFFB8, 0xFFB8, 0xFF98, 0xFF98, 0xFF98, 0xFF98, 0xFF35,
    0xFEB1, 0xFE70, 0xFE4F, 0xFE4F, 0xFE2F, 0xFE2F, 0xFE2F, 0xF62F, 0xF62F, 0xFE91, 0xFED1, 0xFEB2, 0xFEB2, 0xFEB2, 0xFE71, 0xFE71,
    0xFE71, 0xFE50, 0xF630, 0xFE50, 0xFE50, 0xFE50, 0xF630, 0xF60F, 0xFE50, 0xFE50, 0xFE71, 0xFE91, 0xFE91, 0xFE91, 0xFEB1, 0xFED1,
    0xFEF2, 0xFEB1, 0xFEB2, 0xFF54, 0xFEB2, 0xFEB1, 0xFED1, 0xFED1, 0xFED1, 0xFEB1, 0xFE91, 0xFE90, 0xFED2, 0xFF76, 0xFE70, 0xFE90,
    0xFE90, 0xFE90, 0xFF34, 0xFFD9, 0xFFD9, 0xFFD9, 0xFFD8, 0xFFD9, 0xFFD9, 0xFFD9, 0xEF57, 0xC5D3, 0x834A, 0xBD72, 0xFFFD, 0xFFDC,
    0xFFFC, 0xFFFB, 0xFF99, 0xE675, 0xE655, 0xEE55, 0xE675, 0xCD92, 0xCD72, 0xCD92, 0xCD72, 0xDDF3, 0xE634, 0xE634, 0xE634, 0xE634,
    0xE614, 0xDDD3, 0xDDF3, 0xE634, 0xC530, 0x61C4, 0xF6B6, 0xBCF0, 0x9BCC, 0xA40D, 0x9BCC, 0xB46D, 0xD571, 0xDDF2, 0xDDD2, 0xDDD2,
    0xDDD2, 0xDDB2, 0xD5B2, 0xD5B2, 0xD5B2, 0xDDD2, 0xE613, 0xE5F3, 0xE613, 0xE613, 0xE613, 0xE613, 0xE613, 0xE633, 0xE633, 0xE633,
    0xE633, 0xE633, 0xE633, 0xE632, 0xDD8F, 0xDD6F, 0xDD8F, 0xDD8F, 0xD4EC, 0xD4EC, 0xE5F0, 0xCCAA, 0xDD8E, 0xEE32, 0xEE10, 0xEDF0,
    0xEDF0, 0xEDF0, 0xEDF0, 0xEE32, 0xEE31, 0xEE11, 0xEDF0, 0xEE10, 0xEE10, 0xEE11, 0xEE31, 0xEE10, 0xE5F0, 0xE610, 0xEE31, 0xEE31,
    0xEE31, 0xEE31, 0xEE11, 0xEE31, 0xEE10, 0xE58E, 0xCCAB, 0xD4AB, 0xCC6A, 0xCC49, 0xCC49, 0xCC4A, 0xC429, 0xBBC8, 0xBBC8, 0xBBC8,
    0xBBC8, 0xBBC8, 0xBBC8, 0xB387, 0xA326, 0xA346, 0xA347, 0x7A23, 0x71E2, 0x69C2, 0x69A2, 0x69A1, 0x71E2, 0x8223, 0x9AC4, 0xC3C7,
    0xCC07, 0xD469, 0xD489, 0xD489, 0xD4A9, 0xD4AA, 0xD4CA, 0xD4CA, 0xD4CA, 0xD4CA, 0xCC8A, 0xD48A, 0xD48A, 0xD48A, 0xD46A, 0xCC6A,
    0xCC6A, 0xCC49, 0xC429, 0xC409, 0xCC29, 0xC409, 0xBBE8, 0xC3E8, 0xAB25, 0xAB05, 0xA305, 0xAB25, 0xC3C6, 0xC3E7, 0xCBE7, 0xCBE7,
    0xCC48, 0xD489, 0xD489, 0xD489, 0xDCCA, 0xE52B, 0xE52B, 0xE52C, 0xE52C, 0xE54C, 0xE54C, 0xE54C, 0xE54C, 0xE54C, 0xE54C, 0xE54C,
    0xFFB8, 0xFF97, 0xFF97, 0xFFB8, 0xFFB8, 0xFFB8, 0xFFB8, 0xFF98, 0xFF98, 0xFFB8, 0xFFB8, 0xFF98, 0xFF78, 0xFF98, 0xFF98, 0xFF35,
    0xFEB2, 0xFE50, 0xFE2F, 0xFE50, 0xFE70, 0xFE70, 0xFE50, 0xFE2F, 0xF62F, 0xF650, 0xF650, 0xF650, 0xFE50, 0xFE50, 0xF650, 0xFE50,
    0xFE71, 0xFE71, 0xFE71, 0xF650, 0xFE50, 0xFE71, 0xF630, 0xF60F, 0xF630, 0xFE50, 0xFE50, 0xFE30, 0xFE50, 0xFE70, 0xFE70, 0xFE91,
    0xFED1, 0xFED2, 0xFED2, 0xFF13, 0xFE91, 0xFE91, 0xFEB1, 0xFEB0, 0xFEB0, 0xFE90, 0xFE4F, 0xFE70, 0xFF35, 0xFEF4, 0xFEB1, 0xFED1,
    0xFEB1, 0xFEB1, 0xFF34, 0xFFF9, 0xFFD9, 0xFFD8, 0xFFB8, 0xFFB8, 0xFFD8, 0xFFB8, 0xFFD9, 0xFFFB, 0x61E3, 0xB4F0, 0xFFFF, 0xFFDC,
    0xFFFC, 0xFFFC, 0xF779, 0xEE55, 0xEE75, 0xE655, 0xEE55, 0xEE95, 0xEE96, 0xEE95, 0xEE75, 0xE654, 0xE634, 0xE634, 0xE634, 0xE635,
    0xE614, 0xDDF3, 0xDDF3, 0xE654, 0xCD51, 0x5983, 0xC4F0, 0x8B29, 0x69E5, 0x61A4, 0x9BAB, 0xEE74, 0xDDD2, 0xDDD2, 0xDDD2, 0xDDD2,
    0xDDD2, 0xDDD2, 0xDDD2, 0xDDD2, 0xD5B1, 0xDDF3, 0xE634, 0xE633, 0xE633, 0xE633, 0xE633, 0xE633, 0xE612, 0xE5F2, 0xE612, 0xE633,
    0xE633, 0xE633, 0xE633, 0xE633, 0xE5B0, 0xDD8F, 0xDD8F, 0xDD8F, 0xD4EC, 0xD4CB, 0xDD4D, 0xD50C, 0xBC09, 0xD50D, 0xEE31, 0xEDF0,
    0xEDF0, 0xEDF0, 0xEDF0, 0xEE10, 0xEE31, 0xEE31, 0xEE11, 0xEE10, 0xEE10, 0xEE11, 0xEE31, 0xEE10, 0xEE10, 0xEE10, 0xEE11, 0xEE31,
    0xEE31, 0xEE31, 0xEE31, 0xEE31, 0xF631, 0xEDF0, 0xCC8A, 0xCC49, 0xCC49, 0xCC49, 0xCC49, 0xCC4A, 0xCC2A, 0xC3E9, 0xBBC8, 0xBBC8,
    0xBBC8, 0xBBC8, 0xB3C8, 0xB3C8, 0xB3A7, 0xA326, 0xA346, 0x7A23, 0x71E2, 0x71E2, 0x69C1, 0x69C1, 0x71E2, 0x8223, 0x9AC4, 0xC3C7,
    0xCC08, 0xD489, 0xD469, 0xD4A9, 0xD4CA, 0xD4CA, 0xD4CA, 0xDCCA, 0xD4CA, 0xD4CB, 0xD4AA, 0xCC49, 0xCC49, 0xD46A, 0xD48A, 0xD46A,
    0xCC69, 0xCC49, 0xCC49, 0xC409, 0xC409, 0xC409, 0xC3E8, 0xC408, 0xAB45, 0xAB05, 0xAB25, 0xAB25, 0xC3C6, 0xCBE7, 0xC3E7, 0xCC28,
    0xDC89, 0xD489, 0xD489, 0xD489, 0xD4A9, 0xE52B, 0xE52C, 0xE52C, 0xE54C, 0xE54C, 0xE54C, 0xE54C, 0xE54C, 0xE54C, 0xE54C, 0xE54C,
    0xFF97, 0xFF77, 0xFF77, 0xFFB8, 0xFFB8, 0xFFB8, 0xFFB8, 0xFF98, 0xFF97, 0xFF97, 0xFF97, 0xFF98, 0xFF98, 0xFF98, 0xFF97, 0xFF77,
    0xFED3, 0xFE2F, 0xFE2F, 0xFE50, 0xFE70, 0xFE70, 0xFE70, 0xFE70, 0xFE2F, 0xF60F, 0xF60F, 0xF60F, 0xF60F, 0xF610, 0xF630, 0xF630,
    0xF630, 0xFE71, 0xFE50, 0xFE50, 0xFE71, 0xF630, 0xFE30, 0xFE51, 0xFE50, 0xFE30, 0xFE30, 0xFE30, 0xFE50, 0xFE50, 0xFE70, 0xFE70,
    0xFE91, 0xFF14, 0xFEF3, 0xFE71, 0xFE71, 0xFE91, 0xFEB0, 0xFE90, 0xFE90, 0xFE90, 0xFE4F, 0xFEF3, 0xFF35, 0xFEB1, 0xFEF2, 0xFED2,
    0xFEB1, 0xFEB0, 0xFEF3, 0xFFB7, 0xFFD8, 0xFFD8, 0xFFB8, 0xFFB8, 0xFFD8, 0xFFD8, 0xFFB8, 0xFFD9, 0x9BEB, 0xACAF, 0xD677, 0xFFDB,
    0xFFFB, 0xFFFB, 0xFFBA, 0xFF9A, 0xF779, 0xE695, 0xE675, 0xE655, 0xE655, 0xE655, 0xE654, 0xE654, 0xE654, 0xE654, 0xE634, 0xE635,
    0xE634, 0xE634, 0xE614, 0xE634, 0xE654, 0xA40D, 0x6205, 0xC50F, 0xF695, 0xE654, 0xE633, 0xDDF2, 0xDDF2, 0xDDD2, 0xDDD2, 0xDDD2,
    0xDDD2, 0xDDD2, 0xDDD2, 0xE613, 0xE613, 0xE613, 0xE633, 0xE633, 0xE633, 0xE633, 0xE633, 0xE633, 0xE612, 0xDDB0, 0xDDB0, 0xE5F1,
    0xEE33, 0xE633, 0xE633, 0xE633, 0xE612, 0xDD8F, 0xDD8F, 0xDDAF, 0xDD4E, 0xDD4D, 0xDD6E, 0xE58E, 0xCC8A, 0xCC6A, 0xEDEF, 0xEE10,
    0xEDF0, 0xEDF0, 0xEDF0, 0xEE11, 0xEE31, 0xEE31, 0xEE31, 0xEE11, 0xEE10, 0xEE11, 0xEE31, 0xEE31, 0xEE31, 0xEE31, 0xEE31, 0xEE31,
    0xEE31, 0xEE31, 0xEE31, 0xE58F, 0xD50C, 0xDD4D, 0xD4EC, 0xCC49, 0xCC49, 0xCC49, 0xCC49, 0xCC4A, 0xCC4A, 0xCC4A, 0xC409, 0xBBC8,
    0xBBC8, 0xBBC8, 0xBBC8, 0xB3A8, 0xAB87, 0xA346, 0xA346, 0x8243, 0x7223, 0x7A23, 0x7A23, 0x7A23, 0x71E2, 0x8202, 0x9AC3, 0xC3C7,
    0xCC07, 0xD489, 0xD469, 0xD469, 0xD4A9, 0xD4CA, 0xDCCA, 0xD4CA, 0xD4CA, 0xD4CB, 0xD4CB, 0xD48A, 0xCC6A, 0xCC6A, 0xD46A, 0xD48A,
    0xD48A, 0xD48A, 0xCC6A, 0xCC29, 0xC409, 0xC409, 0xBBC7, 0xBB87, 0xAB45, 0xAB25, 0xA305, 0xAB25, 0xC3C7, 0xCBE7, 0xC3E7, 0xCC48,
    0xDC89, 0xD489, 0xD489, 0xDCCA, 0xDCEA, 0xE52B, 0xE52C, 0xE52C, 0xE58D, 0xED8D, 0xE58D, 0xE58D, 0xE58D, 0xE58D, 0xE54C, 0xE54C,
    0xFF77, 0xFF77, 0xFF98, 0xFFB8, 0xFFB8, 0xFF98, 0xFF98, 0xFF97, 0xFF77, 0xFF97, 0xFF97, 0xFF98, 0xFF77, 0xFF77, 0xFF97, 0xFF97,
    0xFED3, 0xF650, 0xFE2F, 0xFE70, 0xFE70, 0xFE70, 0xFE70, 0xFE70, 0xFE70, 0xFE50, 0xFE2F, 0xF60F, 0xF62F, 0xFE30, 0xFE50, 0xFE30,
    0xF650, 0xF630, 0xFE50, 0xFE71, 0xFE50, 0xF60F, 0xF60F, 0xFE50, 0xFE50, 0xFE30, 0xFE30, 0xFE30, 0xFE50, 0xFE70, 0xFE70, 0xFE70,
    0xFED2, 0xFF14, 0xFEF2, 0xFEB1, 0xFEB1, 0xFED1, 0xFEF1, 0xFEF1, 0xFEF2, 0xFEF1, 0xFE91, 0xFF34, 0xFE71, 0xFE91, 0xFEB1, 0xFE91,
    0xFE91, 0xFE91, 0xFEB1, 0xFF55, 0xFF97, 0xFFB7, 0xFFB8, 0xFFB8, 0xFFB8, 0xFFB8, 0xFFD8, 0xF7B8, 0xFFFC, 0xA48E, 0x8329, 0xFFFF,
    0xFFDB, 0xFFDB, 0xFFDB, 0xFFFC, 0xFF9A, 0xF6F7, 0xE675, 0xE655, 0xE655, 0xE655, 0xE655, 0xE655, 0xE654, 0xE654, 0xE655, 0xE634,
    0xE634, 0xE634, 0xE633, 0xE633, 0xE634, 0xE654, 0xEE54, 0xE634, 0xDE13, 0xDE13, 0xDE13, 0xE613, 0xDE13, 0xDDD2, 0xDDD2, 0xDDD2,
    0xE613, 0xE613, 0xE5F3, 0xE634, 0xE633, 0xE633, 0xE613, 0xE633, 0xE633, 0xE633, 0xE633, 0xE633, 0xE612, 0xDDB0, 0xDD90, 0xE5F1,
    0xEE33, 0xE632, 0xE632, 0xE633, 0xE612, 0xDDAF, 0xDD8F, 0xDDAF, 0xE5AF, 0xDD8E, 0xDD6E, 0xDD6E, 0xE58E, 0xD4AB, 0xCCAA, 0xEE10,
    0xEE10, 0xEDF0, 0xEDF0, 0xEE32, 0xEE32, 0xEE32, 0xEE31, 0xEE11, 0xEE11, 0xEE11, 0xEE11, 0xEE31, 0xEE31, 0xEE31, 0xEE31, 0xEE31,
    0xEE31, 0xEE31, 0xEE51, 0xE5AF, 0xCC49, 0xCC6A, 0xD48A, 0xCC49, 0xCC49, 0xCC49, 0xCC49, 0xCC49, 0xCC4A, 0xCC4A, 0xC429, 0xBBE8,
    0xBBC8, 0xBBC8, 0xBBC8, 0xAB87, 0x9B06, 0xA326, 0xA346, 0x8243, 0x7A22, 0x7A22, 0x7A22, 0x7203, 0x8A63, 0xA2E4, 0xAB45, 0xC3E7,
    0xC3E7, 0xCC28, 0xD469, 0xD469, 0xD469, 0xD4AA, 0xD4CA, 0xD4CA, 0xD4CA, 0xD4CA, 0xD4CB, 0xDCCB, 0xD48A, 0xCC69, 0xCC69, 0xD46A,
    0xD48A, 0xD48A, 0xD48A, 0xCC49, 0xC429, 0xC409, 0xB366, 0xAB05, 0xAB25, 0xAB25, 0xB365, 0xB385, 0xC3C7, 0xCBE7, 0xCC28, 0xD489,
    0xD489, 0xD489, 0xD489, 0xE50B, 0xE54C, 0xE52C, 0xE52C, 0xE54C, 0xE56C, 0xE56D, 0xE56D, 0xE58D, 0xE56D, 0xE58D, 0xE56D, 0xE56D,
    0xFF77, 0xFF98, 0xFFB8, 0xFFB8, 0xFFB8, 0xFF97, 0xFF77, 0xFF97, 0xFF98, 0xFF98, 0xFF98, 0xFF77, 0xFF77, 0xFF77, 0xFF77, 0xFF98,
    0xFF77, 0xFEB2, 0xFE50, 0xFE70, 0xFE70, 0xFE70, 0xFE70, 0xFE70, 0xFE50, 0xFE2F, 0xF60E, 0xF5EE, 0xFE50, 0xFE71, 0xFE71, 0xFE71,
    0xFE71, 0xF650, 0xFE50, 0xFE50, 0xF610, 0xFE50, 0xFE50, 0xF630, 0xFE30, 0xFE30, 0xFE30, 0xFE50, 0xFE50, 0xFE30, 0xF60F, 0xFE71,
    0xFF34, 0xFEF3, 0xFEF2, 0xFEB1, 0xFEB1, 0xFED1, 0xFED1, 0xFEF2, 0xFE90, 0xFE50, 0xFED3, 0xF6B2, 0xFE30, 0xFE50, 0xFE90, 0xFE70,
    0xFE70, 0xFE70, 0xFEB1, 0xFF55, 0xFF77, 0xFF77, 0xFF77, 0xFF97, 0xFF77, 0xFF97, 0xFFD8, 0xFFD8, 0xFFFA, 0xC5B1, 0x7AA8, 0xAC6F,
    0xEF39, 0xFFFC, 0xFFDB, 0xFFFB, 0xFF9A, 0xF6F7, 0xF738, 0xF77A, 0xFF7A, 0xEE96, 0xE654, 0xE655, 0xE655, 0xE655, 0xE655, 0xE655,
    0xE634, 0xE634, 0xE634, 0xE633, 0xE633, 0xE613, 0xE613, 0xE613, 0xE613, 0xE613, 0xE613, 0xE613, 0xDE13, 0xDDD2, 0xDDF3, 0xDDF3,
    0xE634, 0xEE34, 0xEE34, 0xE634, 0xE633, 0xE633, 0xE633, 0xE633, 0xE633, 0xE633, 0xE633, 0xE633, 0xDDF1, 0xDDB0, 0xDD90, 0xDDD1,
    0xE633, 0xE632, 0xE5F2, 0xE632, 0xE632, 0xE5D0, 0xE5D0, 0xE5D0, 0xE5F1, 0xE5AF, 0xE5AF, 0xE5AF, 0xE5CF, 0xDD0C, 0xD4CA, 0xE58E,
    0xEDF0, 0xEDF0, 0xEDF0, 0xEE11, 0xEE32, 0xEE32, 0xEE31, 0xEE11, 0xEE11, 0xEE11, 0xEE11, 0xEE11, 0xEE31, 0xEE31, 0xEE31, 0xEE31,
    0xEE32, 0xEDF0, 0xDD0C, 0xD4CC, 0xCC8A, 0xCC6A, 0xCC49, 0xCC49, 0xCC49, 0xCC49, 0xCC29, 0xC409, 0xC429, 0xC429, 0xC409, 0xBBE8,
    0xBBC8, 0xBBC8, 0xBBC8, 0xAB87, 0xA326, 0x92C5, 0x8263, 0x7A23, 0x7A22, 0x7A22, 0x7A22, 0x7202, 0x92A4, 0xB366, 0xBB86, 0xC3E7,
    0xC3E7, 0xC407, 0xD469, 0xD489, 0xD489, 0xD4CA, 0xD4CA, 0xD4CA, 0xD4CA, 0xD4CA, 0xD4CA, 0xD4CB, 0xD4CA, 0xD4AA, 0xD4AB, 0xD48A,
    0xC428, 0xCC49, 0xD48A, 0xD48A, 0xD46A, 0xC409, 0xB366, 0xAB25, 0xAB25, 0xAB45, 0xC3E7, 0xCC07, 0xCBE7, 0xCBE7, 0xCC48, 0xD489,
    0xD469, 0xD489, 0xD489, 0xE4EB, 0xE52C, 0xE52C, 0xE52C, 0xE54C, 0xE54C, 0xE54C, 0xE54C, 0xE56D, 0xE56D, 0xE56D, 0xE58D, 0xE58D,
    0xFF98, 0xFFB8, 0xFF98, 0xFF98, 0xFF98, 0xFF97, 0xFF97, 0xFF98, 0xFF98, 0xFF98, 0xFF97, 0xFF77, 0xFF77, 0xFF77, 0xFF77, 0xFF77,
    0xFF77, 0xFEB2, 0xFE50, 0xF62F, 0xF62F, 0xFE2F, 0xFE50, 0xFE50, 0xFE70, 0xF62F, 0xFE2F, 0xFE30, 0xFE70, 0xFE71, 0xFE71, 0xFE71,
    0xFE30, 0xEDCF, 0xF5EF, 0xF610, 0xFE50, 0xFE50, 0xFE50, 0xFE30, 0xFE30, 0xFE30, 0xF630, 0xFE30, 0xFE2F, 0xFE50, 0xF62F, 0xFEB1,
    0xFED2, 0xFEB1, 0xFEB1, 0xFE91, 0xFE70, 0xFE50, 0xFE50, 0xFEB1, 0xFE90, 0xF691, 0xFF34, 0xFE71, 0xF650, 0xF630, 0xFE50, 0xFE70,
    0xFE50, 0xFE4F, 0xFE90, 0xFEF3, 0xFF76, 0xFF97, 0xFF97, 0xFF97, 0xFFD8, 0xFFD8, 0xFFF9, 0xFFD9, 0xFFD8, 0xFFF9, 0xDEB5, 0x61A3,
    0xE6D8, 0xFFFC, 0xFFDB, 0xFFDB, 0xFFBB, 0xF779, 0xFFDB, 0xFFFC, 0xFF7A, 0xEE95, 0xE635, 0xE655, 0xE655, 0xEE55, 0xE655, 0xE655,
    0xE655, 0xE634, 0xE634, 0xE634, 0xE634, 0xE633, 0xE633, 0xE633, 0xE633, 0xE633, 0xE613, 0xE634, 0xE613, 0xE613, 0xEE54, 0xE654,
    0xEE54, 0xE634, 0xE634, 0xE634, 0xE634, 0xE633, 0xE633, 0xE634, 0xE633, 0xE633, 0xE634, 0xE633, 0xE613, 0xE5D1, 0xDD90, 0xDDB1,
    0xE633, 0xE632, 0xE612, 0xE612, 0xE612, 0xE5F1, 0xE5F0, 0xEE12, 0xEE12, 0xEE11, 0xEE11, 0xEE10, 0xEE10, 0xEDF0, 0xE58E, 0xE56E,
    0xEE10, 0xEE11, 0xEE11, 0xEDF0, 0xEE11, 0xEE11, 0xEE31, 0xEE31, 0xEE31, 0xEE31, 0xEE31, 0xEE31, 0xEE31, 0xEE32, 0xEE31, 0xEE51,
    0xEE52, 0xEE31, 0xDD4D, 0xD48A, 0xCC6A, 0xCC6A, 0xCC69, 0xCC69, 0xCC49, 0xCC69, 0xCC29, 0xC429, 0xC409, 0xC409, 0xC409, 0xC409,
    0xC429, 0xC429, 0xBBE8, 0xAB67, 0xA347, 0x8A84, 0x7202, 0x7A23, 0x7A22, 0x7A22, 0x7A22, 0x7202, 0x8AA3, 0xB365, 0xBBA6, 0xCC28,
    0xCC48, 0xD468, 0xD469, 0xD489, 0xD4A9, 0xD4CA, 0xD4CA, 0xD4CA, 0xDCCA, 0xDCCB, 0xDCEB, 0xD4CB, 0xD4AA, 0xD4CA, 0xDCCB, 0xD48A,
    0xC408, 0xCC49, 0xD4AA, 0xD48A, 0xC429, 0xC429, 0xB386, 0xAB25, 0xAB25, 0xAB25, 0xC3C6, 0xCC07, 0xCC07, 0xD469, 0xDCA9, 0xD489,
    0xD489, 0xD489, 0xD489, 0xDC89, 0xDD0B, 0xE54C, 0xE54C, 0xE54C, 0xE54C, 0xE54C, 0xE54C, 0xE56D, 0xE56D, 0xE56D, 0xE56D, 0xE58D,
    0xFF97, 0xFF77, 0xFF56, 0xFF56, 0xFF57, 0xFF57, 0xFF97, 0xFF97, 0xFF97, 0xFF77, 0xFF77, 0xFF77, 0xFF77, 0xFF57, 0xFF77, 0xFF77,
    0xFF56, 0xFE92, 0xFE30, 0xF60E, 0xF5EE, 0xF60F, 0xF5EF, 0xF5EE, 0xF5EF, 0xFE30, 0xFE70, 0xFE70, 0xFE70, 0xFE71, 0xFE70, 0xF630,
    0xF5EF, 0xEDAE, 0xEDCE, 0xF5EF, 0xFE50, 0xFE30, 0xFE50, 0xFE30, 0xF60F, 0xF62F, 0xFE30, 0xFE30, 0xFE2F, 0xFE70, 0xFEB1, 0xFEF2,
    0xF650, 0xFE70, 0xFE91, 0xFEB1, 0xFE90, 0xFE70, 0xFE70, 0xFEB1, 0xFED2, 0xFF55, 0xFED2, 0xFEF2, 0xFEF2, 0xFEF2, 0xFEF2, 0xFEF2,
    0xFEF2, 0xFED1, 0xFEB1, 0xFE70, 0xFEF3, 0xFF97, 0xFF97, 0xFFB8, 0xFFD8, 0xFFF9, 0xFFF9, 0xFFD9, 0xFFD9, 0xFFF9, 0xF798, 0x69C4,
    0xEF18, 0xFFFE, 0xFFDB, 0xFFDB, 0xFFDB, 0xFFDB, 0xFFDB, 0xFFDB, 0xEED7, 0xEE76, 0xEE96, 0xF6F7, 0xEE96, 0xE655, 0xE655, 0xE655,
    0xE655, 0xE634, 0xE634, 0xE634, 0xE634, 0xE634, 0xE634, 0xE634, 0xE633, 0xE633, 0xE633, 0xE654, 0xE654, 0xE654, 0xE654, 0xE654,
    0xE654, 0xE654, 0xE634, 0xE634, 0xE634, 0xE634, 0xE634, 0xE633, 0xE633, 0xE634, 0xE634, 0xE633, 0xE634, 0xE5F2, 0xDD8F, 0xDD90,
    0xE5F1, 0xE612, 0xE5F1, 0xE612, 0xE612, 0xE611, 0xE5F1, 0xEE12, 0xEE12, 0xEE12, 0xEE12, 0xEE11, 0xEE10, 0xEE10, 0xEDF0, 0xE5CF,
    0xEDF0, 0xEE52, 0xEE32, 0xEE10, 0xE5EF, 0xEE10, 0xEE11, 0xEE11, 0xEE31, 0xEE31, 0xEE31, 0xEE31, 0xEE32, 0xEE32, 0xEE31, 0xE5CF,
    0xEDF0, 0xEDF0, 0xE56E, 0xDCEB, 0xD4CB, 0xCC6A, 0xCC69, 0xCC6A, 0xCC6A, 0xCC6A, 0xCC49, 0xC429, 0xC429, 0xC409, 0xC409, 0xC409,
    0xC429, 0xCC29, 0xC409, 0xAB67, 0xAB47, 0x8AA4, 0x7A02, 0x7A22, 0x7A22, 0x7A22, 0x7A22, 0x7202, 0x9283, 0xB366, 0xBBA6, 0xD469,
    0xD468, 0xDCEA, 0xDCEA, 0xDCEA, 0xDCEB, 0xDCCA, 0xD4CA, 0xD4CA, 0xD4EB, 0xDCEB, 0xDCEB, 0xD4EB, 0xD4CA, 0xD4CA, 0xD4CA, 0xD4AA,
    0xCC49, 0xCC29, 0xCC49, 0xCC49, 0xC3E7, 0xB366, 0xB366, 0xB366, 0xB366, 0xB365, 0xC3E7, 0xD407, 0xCC07, 0xD489, 0xDCEA, 0xDD0A,
    0xE50B, 0xDCCA, 0xDCCA, 0xDCEA, 0xE52B, 0xE54C, 0xE54C, 0xE54C, 0xE54C, 0xE56D, 0xE56D, 0xE58D, 0xE58D, 0xE56D, 0xE56D, 0xE56D,
    0xFF77, 0xFF57, 0xFF56, 0xFF56, 0xFF77, 0xFF98, 0xFF98, 0xFF98, 0xFF98, 0xFF97, 0xFF97, 0xFF77, 0xFF77, 0xFF57, 0xFF77, 0xFF77,
    0xFF77, 0xFF35, 0xFE91, 0xF60F, 0xFE0F, 0xF5EF, 0xF5EE, 0xF5EE, 0xF5EE, 0xFE2F, 0xFE70, 0xFE70, 0xFE70, 0xFE71, 0xFE71, 0xFE50,
    0xFE30, 0xFE50, 0xF630, 0xF62F, 0xFE50, 0xFE50, 0xFE50, 0xFE30, 0xF60F, 0xF62F, 0xFE50, 0xFE30, 0xFE30, 0xFE30, 0xFE50, 0xFE50,
    0xFE50, 0xFE70, 0xFE90, 0xFED1, 0xFED1, 0xFED1, 0xFEB1, 0xFEB1, 0xFEB1, 0xFEB2, 0xFE91, 0xFEB1, 0xFED1, 0xFED1, 0xFED1, 0xFEB1,
    0xFED1, 0xFE91, 0xFE91, 0xFE91, 0xFF75, 0xFFD9, 0xFFD9, 0xFFF9, 0xFFD9, 0xFFD9, 0xFFF9, 0xFFD9, 0xFFD9, 0xFFF9, 0xF798, 0xA44E,
    0xC5D3, 0xBD93, 0xFF9A, 0xFFDB, 0xFFDB, 0xFFDB, 0xFFDB, 0xFFDB, 0xFF9A, 0xFFBA, 0xFFBA, 0xFF79, 0xEE96, 0xEE76, 0xEE95, 0xEE55,
    0xE655, 0xE654, 0xE634, 0xE634, 0xE634, 0xE634, 0xE634, 0xE634, 0xE634, 0xE634, 0xE634, 0xE654, 0xE654, 0xE654, 0xE654, 0xE654,
    0xE654, 0xE654, 0xE634, 0xE634, 0xE634, 0xE634, 0xEE54, 0xE634, 0xE633, 0xE634, 0xE634, 0xE634, 0xE633, 0xE5F1, 0xDD8F, 0xDD8F,
    0xDDD0, 0xE612, 0xE612, 0xE612, 0xE612, 0xE612, 0xEE12, 0xEE12, 0xEE32, 0xEE12, 0xEE12, 0xEE32, 0xEE31, 0xEE10, 0xEE10, 0xEE10,
    0xEE10, 0xEE32, 0xEE31, 0xEE31, 0xEDF0, 0xEE10, 0xEE10, 0xEDF0, 0xEE11, 0xEE31, 0xEE32, 0xEE32, 0xEE32, 0xEE32, 0xEE52, 0xE5AF,
    0xE54D, 0xE56D, 0xE56D, 0xE52C, 0xDD0C, 0xDCCB, 0xD4AA, 0xCC69, 0xCC6A, 0xCC4A, 0xCC49, 0xC409, 0xC409, 0xC409, 0xC409, 0xC409,
    0xC429, 0xC429, 0xC408, 0xAB67, 0xAB67, 0x8AA4, 0x7A02, 0x7A22, 0x7A22, 0x7A22, 0x7202, 0x8243, 0xB366, 0xC3A7, 0xC3C7, 0xCC48,
    0xCC48, 0xDCEA, 0xDD0A, 0xDCEA, 0xDD0B, 0xDCEB, 0xDCEB, 0xDD0C, 0xDD0B, 0xDCEB, 0xDD0B, 0xDCEB, 0xD4CA, 0xD4AA, 0xD4AA, 0xD4CA,
    0xD48A, 0xC408, 0xC408, 0xC408, 0xC3E8, 0xB366, 0xB366, 0xB366, 0xCC07, 0xCC27, 0xCC07, 0xCC07, 0xCC07, 0xDCA9, 0xDCEA, 0xDD0A,
    0xE54B, 0xE54C, 0xE56C, 0xE56D, 0xE54D, 0xE54C, 0xE54C, 0xE54C, 0xE56D, 0xE58D, 0xE58D, 0xE58D, 0xE58D, 0xE58D, 0xE56D, 0xE58D,
    0xFF97, 0xFF97, 0xFF77, 0xFF77, 0xFF97, 0xFF98, 0xFF97, 0xFF98, 0xFF77, 0xFF56, 0xFF57, 0xFF77, 0xFF77, 0xFF77, 0xFF77, 0xFF77,
    0xFF77, 0xFF76, 0xFEB2, 0xFE0F, 0xF5CE, 0xEDAE, 0xF5CE, 0xFE2F, 0xFE30, 0xFE50, 0xFE50, 0xF62F, 0xF60F, 0xFE50, 0xFE50, 0xFE70,
    0xFE71, 0xFE70, 0xFE70, 0xFE50, 0xFE30, 0xF630, 0xFE30, 0xFE2F, 0xFE0F, 0xFE30, 0xFE30, 0xFE2F, 0xFE2F, 0xF62F, 0xFE50, 0xFE50,
    0xFE50, 0xFE2F, 0xFE2F, 0xFE90, 0xFEB1, 0xFEB1, 0xFEB1, 0xFEB1, 0xFED2, 0xFE70, 0xFE2F, 0xFE50, 0xFED1, 0xFEF1, 0xFEF1, 0xFE90,
    0xFE50, 0xFE70, 0xFE50, 0xFE30, 0xFF75, 0xFFD8, 0xFFF9, 0xFFD9, 0xFFD9, 0xFFD9, 0xFFD9, 0xFFF9, 0xFFFA, 0xFFF9, 0xFFD9, 0xFFFD,
    0xACCF, 0x48C0, 0xFFFC, 0xFFFC, 0xFFDB, 0xFFDB, 0xFFDB, 0xFFDB, 0xFFDB, 0xFFDB, 0xFFDB, 0xF738, 0xE696, 0xFF9A, 0xFFBA, 0xEED7,
    0xE655, 0xE654, 0xE634, 0xE634, 0xE654, 0xE654, 0xE634, 0xE634, 0xE654, 0xE654, 0xE654, 0xE654, 0xE654, 0xE654, 0xEE54, 0xE654,
    0xE634, 0xE634, 0xE634, 0xE634, 0xE634, 0xEE54, 0xEE54, 0xEE54, 0xE633, 0xE654, 0xEE34, 0xE634, 0xE633, 0xE5F1, 0xDD90, 0xDDB0,
    0xDDB0, 0xE5D0, 0xE612, 0xE5F1, 0xE612, 0xEE32, 0xEE12, 0xEE12, 0xEE32, 0xEE32, 0xEE32, 0xEE32, 0xEE32, 0xEE32, 0xEE31, 0xEE32,
    0xEE32, 0xEE31, 0xEE10, 0xEE11, 0xEE11, 0xEDF0, 0xE5F0, 0xE5F0, 0xE610, 0xEE31, 0xEE32, 0xEE32, 0xEE32, 0xEE11, 0xEE11, 0xEDF0,
    0xE58E, 0xE56D, 0xE56D, 0xE56D, 0xDD0C, 0xDCEB, 0xDCEC, 0xD4AB, 0xCC6A, 0xCC49, 0xCC49, 0xC409, 0xC409, 0xC409, 0xC409, 0xC409,
    0xC409, 0xCC29, 0xC409, 0xAB67, 0xAB67, 0x8AA4, 0x7A02, 0x7A23, 0x7A22, 0x8243, 0x8263, 0x9283, 0xBB86, 0xC3E7, 0xCC08, 0xD448,
    0xD448, 0xDCCA, 0xDCEB, 0xDCEA, 0xDD0B, 0xDD2B, 0xDD2C, 0xDD2C, 0xDD2C, 0xDD2B, 0xDD0B, 0xDD0B, 0xDCEB, 0xCC89, 0xCC49, 0xCC69,
    0xD48A, 0xD469, 0xC408, 0xC408, 0xC3E8, 0xBB66, 0xB366, 0xBB66, 0xCBE7, 0xD407, 0xCC07, 0xCC07, 0xD469, 0xDCCA, 0xDCCA, 0xDCEA,
    0xDCEA, 0xDCEB, 0xE54C, 0xE56D, 0xE56D, 0xE56D, 0xE56D, 0xE56D, 0xE58D, 0xE58D, 0xE58D, 0xE58D, 0xE58D, 0xE58D, 0xE56D, 0xE58D,
    0xFF97, 0xFF98, 0xFFB8, 0xFF98, 0xFF77, 0xFF56, 0xFF56, 0xFF77, 0xFF77, 0xFF77, 0xFF77, 0xFF57, 0xFF56, 0xFF77, 0xFF77, 0xFF77,
    0xFF77, 0xFF35, 0xFEB2, 0xF5EF, 0xED8D, 0xED8D, 0xF5CE, 0xF60F, 0xFE2F, 0xFE30, 0xFE50, 0xFE2F, 0xFE0F, 0xFE2F, 0xFE2F, 0xF60F,
    0xF60F, 0xFE50, 0xFE50, 0xFE30, 0xF60F, 0xF60F, 0xF60F, 0xF60F, 0xF60F, 0xF60F, 0xF60F, 0xF5EF, 0xF5EE, 0xF60F, 0xFE50, 0xFE50,
    0xF60F, 0xF5CE, 0xF5EE, 0xFE4F, 0xFE70, 0xFEB1, 0xFED1, 0xFED1, 0xFEB1, 0xFE50, 0xFE2F, 0xFE2F, 0xFE4F, 0xFE4F, 0xFE50, 0xFE90,
    0xFE90, 0xFE90, 0xFE50, 0xFE2F, 0xFE50, 0xFF34, 0xFFB9, 0xFFB8, 0xFFD8, 0xFFB8, 0xFFD8, 0xFF97, 0xFF55, 0xFF76, 0xFF76, 0xFF76,
    0xE692, 0xB48C, 0xACAF, 0xCDD3, 0xFFDB, 0xFFBB, 0xFFDB, 0xFFDB, 0xFFDB, 0xFFBA, 0xFFBA, 0xFF9A, 0xF77A, 0xFFBB, 0xFFDB, 0xF718,
    0xE635, 0xEED6, 0xF738, 0xE675, 0xE635, 0xE634, 0xE634, 0xE634, 0xE655, 0xE655, 0xEE54, 0xE654, 0xE654, 0xEE54, 0xEE54, 0xEE54,
    0xEE34, 0xE634, 0xE634, 0xE634, 0xE633, 0xEE34, 0xE654, 0xE613, 0xE613, 0xE654, 0xEE34, 0xE634, 0xE654, 0xE5F1, 0xDD90, 0xDDB0,
    0xDDB0, 0xE5D0, 0xEE32, 0xE612, 0xEE32, 0xEE33, 0xE611, 0xE5F1, 0xEE32, 0xEE32, 0xEE31, 0xEE32, 0xEE32, 0xEE31, 0xEE31, 0xEE11,
    0xEE31, 0xEE31, 0xEE10, 0xEE11, 0xEE32, 0xEE31, 0xEE31, 0xEE32, 0xEE31, 0xEE32, 0xEE32, 0xEE32, 0xEE52, 0xE5F0, 0xE5CF, 0xE58D,
    0xE56D, 0xE56D, 0xE54D, 0xE54D, 0xE56D, 0xDCEC, 0xDCEB, 0xDCEC, 0xD4CB, 0xCC8A, 0xCC29, 0xC429, 0xC409, 0xC409, 0xC409, 0xC409,
    0xC409, 0xC429, 0xC409, 0xAB67, 0xB387, 0x92A4, 0x7A02, 0x7A23, 0x7A03, 0x8243, 0xAB66, 0xB366, 0xBB86, 0xC3E7, 0xCC07, 0xCC48,
    0xCC48, 0xDCCA, 0xDCEB, 0xDCEB, 0xDD0B, 0xDD2B, 0xDD2C, 0xDD2C, 0xDD2C, 0xDD2C, 0xDCEB, 0xD4CA, 0xDCEB, 0xDCCA, 0xCC69, 0xCC28,
    0xCC28, 0xCC48, 0xCC08, 0xC408, 0xC3E7, 0xC3A6, 0xBBA6, 0xBBA6, 0xCBE7, 0xCC07, 0xCC07, 0xCC07, 0xD489, 0xDCCA, 0xDCCA, 0xDCCA,
    0xDCEA, 0xDD2B, 0xE56C, 0xE56D, 0xE56D, 0xE58D, 0xE56D, 0xE58D, 0xE58D, 0xE58D, 0xE58D, 0xE58D, 0xE58D, 0xE58D, 0xE56D, 0xE58D,
    0xFF97, 0xFF98, 0xFF98, 0xFF97, 0xFF57, 0xFF56, 0xFF77, 0xFF97, 0xFF77, 0xFF77, 0xFF77, 0xFF57, 0xFF56, 0xFF56, 0xFF56, 0xFF56,
    0xFF77, 0xFF55, 0xFED3, 0xF60F, 0xF5EF, 0xF5CF, 0xED8D, 0xF5AE, 0xFE2F, 0xFE50, 0xFE50, 0xFE30, 0xFE2F, 0xF60F, 0xED8D, 0xE56D,
    0xED8D, 0xF5EF, 0xF5EE, 0xF5EE, 0xF5EF, 0xF60F, 0xF5EF, 0xF60F, 0xF5EF, 0xF60F, 0xF60F, 0xF5EF, 0xFE0F, 0xFE50, 0xFE50, 0xFE30,
    0xFE0F, 0xFE0F, 0xFE2F, 0xFE70, 0xFE70, 0xFE90, 0xFE90, 0xFEB1, 0xFE2F, 0xFE0E, 0xFE0F, 0xFE0E, 0xFDEE, 0xFDEE, 0xF5CE, 0xFE70,
    0xFEB1, 0xFEB1, 0xFE90, 0xFE90, 0xFE70, 0xFF14, 0xFFD8, 0xFF97, 0xFF97, 0xFF97, 0xFFB8, 0xFF34, 0xFED1, 0xFEF2, 0xFEF2, 0xFED2,
    0xFF33, 0xFF33, 0x8B26, 0x8B49, 0xFFFB, 0xFFBA, 0xFFDB, 0xFFDB, 0xFFDB, 0xFFBA, 0xFFBB, 0xFFBB, 0xFFDB, 0xFFBB, 0xFFDB, 0xF758,
    0xF717, 0xFF9A, 0xFFDA, 0xEE96, 0xE655, 0xEE96, 0xEE95, 0xEE76, 0xEE75, 0xE654, 0xEE54, 0xE654, 0xE654, 0xEE54, 0xEE54, 0xEE54,
    0xEE34, 0xE634, 0xE634, 0xEE34, 0xE613, 0xE634, 0xEE54, 0xDDB0, 0xDDD1, 0xEE54, 0xE634, 0xEE54, 0xEE54, 0xE612, 0xE5F1, 0xE5F1,
    0xE5B0, 0xE5D0, 0xEE32, 0xEE32, 0xEE32, 0xEE33, 0xEE32, 0xEE12, 0xEE32, 0xEE32, 0xEE32, 0xEE52, 0xEDF0, 0xEE11, 0xF632, 0xEDF0,
    0xEE10, 0xEE11, 0xEE31, 0xEE31, 0xEE31, 0xEE32, 0xEE32, 0xEE32, 0xF652, 0xF652, 0xEE32, 0xEE32, 0xF652, 0xEE32, 0xEE10, 0xE58D,
    0xE54C, 0xE56C, 0xE56D, 0xE56D, 0xE56D, 0xE52C, 0xD4CB, 0xD4CB, 0xDCEC, 0xD4AB, 0xC429, 0xC429, 0xC409, 0xC409, 0xC409, 0xC409,
    0xC409, 0xC409, 0xBC09, 0xAB67, 0x92C5, 0x8A64, 0x7A02, 0x7A02, 0x7202, 0x7A02, 0xB366, 0xC3C7, 0xC3C7, 0xC3E7, 0xCC08, 0xDCC9,
    0xDCCA, 0xDCEA, 0xDCEA, 0xDCEB, 0xDCEA, 0xDD0B, 0xDD2C, 0xDD2C, 0xDD2C, 0xDD2C, 0xE52C, 0xDCEB, 0xD48A, 0xD48A, 0xD48A, 0xCC49,
    0xCC08, 0xCC08, 0xCC08, 0xCC08, 0xC3C7, 0xC3A7, 0xC3A6, 0xC3C7, 0xCC28, 0xD448, 0xD448, 0xD428, 0xDC89, 0xDCCA, 0xDCCA, 0xDCEA,
    0xDCEB, 0xDD2B, 0xE56C, 0xE56D, 0xE56D, 0xE58D, 0xE58D, 0xE58D, 0xE58D, 0xE58E, 0xE58D, 0xE58E, 0xE58E, 0xE58D, 0xE58D, 0xE58D,
    0xFF77, 0xFF57, 0xFF57, 0xFF57, 0xFF57, 0xFF57, 0xFF77, 0xFF57, 0xFF56, 0xFF57, 0xFF77, 0xFF97, 0xFF97, 0xFF77, 0xFF56, 0xFF56,
    0xFF77, 0xFF56, 0xFED3, 0xF60F, 0xFE2F, 0xF5EF, 0xED8D, 0xED6D, 0xED8D, 0xF5CE, 0xFE0F, 0xF5EE, 0xEDCE, 0xEDAE, 0xF5EE, 0xFE50,
    0xFE50, 0xF62F, 0xF5CE, 0xF5CE, 0xF5CE, 0xF60F, 0xF5EF, 0xF5CE, 0xF5EE, 0xF5EF, 0xF60F, 0xFE2F, 0xFE30, 0xFE0F, 0xF5EE, 0xF5CE,
    0xFE2F, 0xFE90, 0xFE90, 0xFE70, 0xFE4F, 0xFE4F, 0xFE6F, 0xFE70, 0xF60E, 0xFE0F, 0xFE0F, 0xFE2F, 0xFE2F, 0xF670, 0xFE91, 0xFED2,
    0xFEF3, 0xFED3, 0xFEF3, 0xFF75, 0xFF76, 0xFF76, 0xFFD9, 0xFF55, 0xFF13, 0xFF13, 0xFF13, 0xFEF2, 0xFEF2, 0xFEF2, 0xFEF2, 0xFEF2,
    0xFED2, 0xFF73, 0xCD4D, 0x7AC8, 0xFFFD, 0xFFFC, 0xFFDB, 0xFFDB, 0xFFBA, 0xFFBA, 0xFFBA, 0xFFBA, 0xFFBA, 0xFFBA, 0xFFBB, 0xFFBA,
    0xFFBA, 0xFFBA, 0xFFBA, 0xEE96, 0xEEB6, 0xFFBA, 0xFFBA, 0xF6F7, 0xEE75, 0xEE55, 0xEE54, 0xEE55, 0xE655, 0xEE54, 0xEE34, 0xEE34,
    0xE634, 0xE633, 0xE634, 0xE633, 0xE5F2, 0xE634, 0xEE34, 0xDDB0, 0xDDD1, 0xEE54, 0xEE54, 0xEE54, 0xEE33, 0xEE33, 0xEE33, 0xE612,
    0xDDB0, 0xE5D0, 0xEE32, 0xEE32, 0xEE32, 0xEE32, 0xEE32, 0xEE32, 0xEE32, 0xEE32, 0xEE32, 0xEE52, 0xEDF0, 0xEDF0, 0xEE31, 0xEE10,
    0xEDF0, 0xEE11, 0xEE32, 0xEE32, 0xEE31, 0xEE32, 0xEE32, 0xEE52, 0xF652, 0xF652, 0xEE32, 0xE5F1, 0xEDF1, 0xEDF1, 0xEDF0, 0xE5AE,
    0xE54D, 0xE56D, 0xE56D, 0xE56D, 0xE56D, 0xE54C, 0xDD0B, 0xD4AA, 0xD4AA, 0xD48A, 0xCC29, 0xC409, 0xC409, 0xC409, 0xC409, 0xC409,
    0xC409, 0xBBE8, 0xBBE8, 0xA347, 0x7A02, 0x7A23, 0x7A02, 0x8223, 0x92C4, 0x9283, 0xB366, 0xCBE7, 0xC3E7, 0xC3E7, 0xCC28, 0xDCCA,
    0xDCEA, 0xDCEA, 0xDCEA, 0xDCEB, 0xDCEB, 0xDD0B, 0xDD2C, 0xE52C, 0xDD2C, 0xDD0B, 0xDCEB, 0xDD0B, 0xD4AA, 0xCC69, 0xD469, 0xCC48,
    0xCC08, 0xC408, 0xCC08, 0xCBE8, 0xC3C7, 0xC3A7, 0xBB86, 0xC3C7, 0xD489, 0xD489, 0xD489, 0xDCA9, 0xDCAA, 0xDCEA, 0xDCEA, 0xDD0B,
    0xE54C, 0xE56C, 0xE56D, 0xE56D, 0xE56D, 0xE56E, 0xE56E, 0xE58E, 0xE58E, 0xE58E, 0xE58E, 0xE58E, 0xE58E, 0xE58D, 0xE58D, 0xE58D,
    0xFFB8, 0xFF98, 0xFF97, 0xFF77, 0xFF77, 0xFF77, 0xFF77, 0xFF77, 0xFF77, 0xFF97, 0xFF97, 0xFF97, 0xFF97, 0xFF97, 0xFF77, 0xFF77,
    0xFF77, 0xFF56, 0xFEF3, 0xEDAE, 0xE54D, 0xED6D, 0xED8D, 0xED6D, 0xED6D, 0xF5AE, 0xF5EE, 0xF5EE, 0xF5CF, 0xFE0F, 0xFE2F, 0xFE30,
    0xFE2F, 0xF60F, 0xF60F, 0xFE2F, 0xFE30, 0xFE30, 0xFE50, 0xF60F, 0xF5EF, 0xF5EE, 0xF5EE, 0xF5EE, 0xF5CE, 0xF5AE, 0xFE0F, 0xFE2F,
    0xFE50, 0xFE4F, 0xFE2F, 0xF60E, 0xEDCE, 0xF5AE, 0xF62F, 0xFEB1, 0xFE2F, 0xFE0E, 0xFE2F, 0xFF34, 0xFF55, 0xFF75, 0xFF76, 0xFF76,
    0xFF76, 0xFF76, 0xFF96, 0xFFB8, 0xFFB8, 0xFFB8, 0xFF97, 0xFF33, 0xFEF2, 0xFEF2, 0xFEF2, 0xFEF2, 0xFEF2, 0xFED2, 0xFED2, 0xFEF2,
    0xFED2, 0xFF33, 0xDDAE, 0xAC6C, 0xB4CF, 0xAC8E, 0xFFBA, 0xFFBA, 0xFFBA, 0xFFBA, 0xFFBA, 0xFFBA, 0xFFBA, 0xFFBA, 0xFFBB, 0xFFBA,
    0xFFBA, 0xFF9A, 0xF738, 0xEEB6, 0xF718, 0xFF9A, 0xFF9A, 0xF6D7, 0xEE55, 0xEE55, 0xEE54, 0xEE55, 0xE655, 0xEE54, 0xEE34, 0xEE34,
    0xEE34, 0xE634, 0xE633, 0xE612, 0xE5F2, 0xE613, 0xDDD1, 0xD56F, 0xDDD1, 0xEE54, 0xE632, 0xEE33, 0xEE53, 0xEE33, 0xE633, 0xE612,
    0xDDAF, 0xE5D0, 0xEE32, 0xEE32, 0xEE32, 0xEE32, 0xEE32, 0xEE32, 0xEE32, 0xEE32, 0xEE11, 0xE5F0, 0xEDF0, 0xEDCF, 0xEDF0, 0xEE31,
    0xEDF0, 0xEE10, 0xEE32, 0xEE32, 0xEE32, 0xEE32, 0xEE32, 0xEE32, 0xF652, 0xEE32, 0xEE31, 0xE5F0, 0xE5D0, 0xEDF0, 0xEDD0, 0xEDAF,
    0xE56D, 0xE54D, 0xE56D, 0xE56D, 0xE56D, 0xE54C, 0xE54C, 0xDCCB, 0xD48A, 0xD48A, 0xCC49, 0xC409, 0xC429, 0xC409, 0xC409, 0xC409,
    0xC409, 0xBBE8, 0xBC09, 0xAB67, 0x8223, 0x8243, 0x71E2, 0x8243, 0xB387, 0xB366, 0xBBA7, 0xC3E7, 0xC3C7, 0xD469, 0xDCEA, 0xDCEA,
    0xDCEA, 0xDCEA, 0xDCEA, 0xDCEA, 0xDCEB, 0xDCEB, 0xDD2B, 0xDD2C, 0xDD2C, 0xDD2C, 0xDCEB, 0xDCEB, 0xDCCB, 0xD4AA, 0xD489, 0xD469,
    0xCC28, 0xCC08, 0xC3E7, 0xC3C7, 0xC3C7, 0xC3C7, 0xC3C7, 0xC3E7, 0xD469, 0xD489, 0xD489, 0xDCEB, 0xE54C, 0xE52B, 0xE52B, 0xE56C,
    0xE56C, 0xE56C, 0xE56D, 0xE56D, 0xE56E, 0xE56E, 0xE58E, 0xE58E, 0xE58E, 0xE58E, 0xE58E, 0xE58E, 0xE58E, 0xE58E, 0xE58E, 0xE58E,
    0xFFB8, 0xFF98, 0xFF77, 0xFF97, 0xFFB8, 0xFF98, 0xFFB8, 0xFFB8, 0xFFB8, 0xFF98, 0xFF98, 0xFF97, 0xFF97, 0xFF97, 0xFF77, 0xFF77,
    0xFF97, 0xFF76, 0xFED3, 0xED8D, 0xE54C, 0xED6D, 0xED8D, 0xED8D, 0xF5CE, 0xF5EF, 0xF5EF, 0xF60F, 0xFE30, 0xFE30, 0xF60F, 0xF60F,
    0xF5EF, 0xF5CE, 0xEDAE, 0xF60F, 0xFE50, 0xFE30, 0xFE2F, 0xF5CE, 0xF5CE, 0xF5CE, 0xF5CE, 0xF5AE, 0xF5AE, 0xF5AD, 0xFE0F, 0xFE70,
    0xFE4F, 0xFE4F, 0xFE70, 0xFE50, 0xFE4F, 0xFE50, 0xFEB1, 0xFEB1, 0xFEB1, 0xFED2, 0xFED2, 0xFF55, 0xFF55, 0xFF55, 0xFF97, 0xFFB8,
    0xFFB7, 0xFF97, 0xFF97, 0xFFB8, 0xFF98, 0xFFB8, 0xFF96, 0xFF13, 0xFEF2, 0xFEF2, 0xFE90, 0xFE90, 0xFEB1, 0xFED2, 0xFED2, 0xFED2,
    0xFEF2, 0xFED2, 0xFF12, 0xFF95, 0x71E2, 0x71E4, 0xFFFD, 0xFFDB, 0xFFBA, 0xFFBA, 0xFFBA, 0xFFBA, 0xFFBA, 0xFFBA, 0xFFBB, 0xFF9A,
    0xFFBA, 0xFF79, 0xEE76, 0xF718, 0xFF9A, 0xFF9A, 0xFFBA, 0xEED7, 0xEE75, 0xEE96, 0xEE75, 0xEE55, 0xE654, 0xEE54, 0xEE34, 0xE633,
    0xE634, 0xE634, 0xE613, 0xE612, 0xE5F2, 0xE5F2, 0xDD8F, 0xD54E, 0xE5F1, 0xEE53, 0xD58F, 0xE5F2, 0xEE54, 0xE633, 0xE633, 0xE612,
    0xDD6E, 0xDD8F, 0xEE32, 0xEE32, 0xEE52, 0xEE33, 0xEE32, 0xEE32, 0xEE32, 0xEE32, 0xEDF0, 0xEDCF, 0xE5CF, 0xEDCF, 0xEDF0, 0xEE31,
    0xEE32, 0xEE31, 0xEE32, 0xEE32, 0xEE32, 0xEE32, 0xEE32, 0xE610, 0xEE11, 0xEE11, 0xE5F0, 0xEDF0, 0xEDF0, 0xEDD0, 0xEDCF, 0xEDCF,
    0xEDAE, 0xE58D, 0xE56D, 0xE56D, 0xE56D, 0xE54C, 0xE54C, 0xDD2C, 0xD4AA, 0xD48A, 0xCC49, 0xC429, 0xD48B, 0xCC6A, 0xC429, 0xBC09,
    0xC409, 0xBC09, 0xBC09, 0xAB67, 0x7A23, 0x8243, 0x7A03, 0x8243, 0xB386, 0xBBA7, 0xBBC7, 0xC3E7, 0xC3C7, 0xD489, 0xE4EA, 0xDCEA,
    0xDCEA, 0xDCEA, 0xDCEA, 0xDCEA, 0xDD0B, 0xDCEB, 0xDD2C, 0xDD2C, 0xDD2C, 0xDD2C, 0xE52C, 0xDCEB, 0xD4CA, 0xDCCA, 0xDCCA, 0xD4AA,
    0xD469, 0xCC48, 0xC3E7, 0xC3C7, 0xC3C6, 0xCC07, 0xD469, 0xD448, 0xD469, 0xD489, 0xD489, 0xDCEA, 0xE54C, 0xE54C, 0xE54C, 0xE56C,
    0xE56C, 0xE56C, 0xE56D, 0xE56E, 0xE56E, 0xE56E, 0xDD4D, 0xDD4D, 0xE56D, 0xE58D, 0xE58E, 0xE58E, 0xE5AE, 0xE58E, 0xE58E, 0xE5AE,
    0xFFB8, 0xFF77, 0xFF77, 0xFF98, 0xFFB8, 0xFF98, 0xFFB8, 0xFFB8, 0xFF98, 0xFF77, 0xFF77, 0xFF77, 0xFF97, 0xFF97, 0xFF97, 0xFF97,
    0xFF97, 0xFF76, 0xFEF4, 0xF671, 0xEDAD, 0xED6D, 0xED8D, 0xED8D, 0xED8D, 0xED8D, 0xEDAE, 0xF5EF, 0xFE0F, 0xF60F, 0xF5EF, 0xF5EF,
    0xF5EE, 0xF5CE, 0xF5CE, 0xF60F, 0xFE0F, 0xF60F, 0xF5EF, 0xF5AE, 0xF5CE, 0xF5CE, 0xF5AE, 0xF5EE, 0xFE50, 0xFE2F, 0xF5EE, 0xF5EE,
    0xF5CE, 0xFE2F, 0xFE91, 0xFEB2, 0xFEB2, 0xFED2, 0xFF13, 0xFF13, 0xFF34, 0xFF96, 0xFF76, 0xFF56, 0xFF77, 0xFF97, 0xFFD8, 0xFFD9,
    0xFFD8, 0xFFD8, 0xFFD8, 0xFFB8, 0xFFB8, 0xFFB8, 0xFFB8, 0xFF13, 0xFE90, 0xFE70, 0xFE70, 0xFE70, 0xFE91, 0xFED2, 0xFED2, 0xFED2,
    0xFEF2, 0xFEF2, 0xFEF2, 0xFEF2, 0xDE10, 0xBCED, 0x93CB, 0xEED6, 0xFFFB, 0xFFBB, 0xFFBB, 0xFFBA, 0xFFBA, 0xFFBA, 0xFFBA, 0xFFBA,
    0xFF99, 0xF6F7, 0xF6D7, 0xFF59, 0xFF9A, 0xFF79, 0xF738, 0xE696, 0xEEB6, 0xFF99, 0xF6F7, 0xEE55, 0xEE55, 0xEE54, 0xE634, 0xE633,
    0xE634, 0xE654, 0xE5F2, 0xE5F2, 0xE612, 0xE5F2, 0xDD6F, 0xD54E, 0xE5F1, 0xEE53, 0xDD8F, 0xE5F2, 0xEE54, 0xEE33, 0xE633, 0xEE12,
    0xDD6E, 0xE5AF, 0xEE32, 0xEE12, 0xEE32, 0xEE53, 0xE611, 0xEE11, 0xEE32, 0xEE32, 0xEDF0, 0xEDCF, 0xEDCF, 0xE5CF, 0xEDF0, 0xEE32,
    0xEE52, 0xEE32, 0xEE32, 0xEE32, 0xEE32, 0xEE32, 0xF632, 0xEE31, 0xE5F0, 0xE5F0, 0xE5F0, 0xEDF0, 0xE5EF, 0xE5AF, 0xE5CF, 0xEDCF,
    0xEDAE, 0xEDAE, 0xE58D, 0xE56D, 0xE56D, 0xE54C, 0xE54C, 0xE54C, 0xDD0C, 0xD4AA, 0xCC4A, 0xC429, 0xD48B, 0xD4AB, 0xCC6A, 0xC449,
    0xC449, 0xBC09, 0xBC09, 0xAB67, 0x7A23, 0x8243, 0x7A02, 0x8243, 0xBBA7, 0xBBA7, 0xBBC7, 0xC3E7, 0xC3C7, 0xD469, 0xDCEB, 0xDCEA,
    0xDCEA, 0xDCEA, 0xDD0B, 0xE54C, 0xE54C, 0xE54C, 0xDD2B, 0xDD2C, 0xDD2C, 0xDD2B, 0xDD2B, 0xDD0B, 0xDCCA, 0xD4CA, 0xDCEB, 0xD48A,
    0xCC48, 0xD469, 0xC3E7, 0xC3E7, 0xC3C7, 0xCC07, 0xD469, 0xD489, 0xDCAA, 0xD489, 0xD489, 0xDD0B, 0xE54C, 0xE54C, 0xE54C, 0xE56D,
    0xE56D, 0xE56D, 0xE56D, 0xE56E, 0xE56E, 0xE56E, 0xE56E, 0xDD2D, 0xDD2C, 0xE58D, 0xE5AE, 0xE5AE, 0xE5AE, 0xE58E, 0xE58E, 0xDD2C,
    0xFFB8, 0xFFB8, 0xFF98, 0xFFB8, 0xFFB8, 0xFFB8, 0xFFB9, 0xFF98, 0xFF78, 0xFF77, 0xFF77, 0xFF77, 0xFF97, 0xFF97, 0xFF77, 0xFF77,
    0xFF97, 0xFF76, 0xFF14, 0xFEB2, 0xEDAE, 0xED8D, 0xEDAE, 0xED8D, 0xF5EE, 0xFE0F, 0xF60F, 0xF60F, 0xFE2F, 0xF5EE, 0xF5AE, 0xF5AE,
    0xF5AE, 0xFE0F, 0xFE70, 0xF60F, 0xF5AE, 0xF5AE, 0xF5AE, 0xF5CE, 0xF5EF, 0xF5EF, 0xF60F, 0xF60F, 0xFE70, 0xFE50, 0xF691, 0xFE92,
    0xFE71, 0xFE71, 0xFED2, 0xFF76, 0xFF77, 0xFF76, 0xFF76, 0xFF97, 0xFF97, 0xFF97, 0xFF77, 0xFF97, 0xFFD8, 0xFFB8, 0xFFB8, 0xFFB8,
    0xFFD8, 0xFFD8, 0xFFD8, 0xFFD8, 0xFFB8, 0xFFB8, 0xFFB8, 0xFF55, 0xFE90, 0xFE4F, 0xFE70, 0xFE70, 0xFE90, 0xFE90, 0xFEB1, 0xFEF2,
    0xFEF2, 0xFEF2, 0xFEF2, 0xFED2, 0xFF73, 0xE631, 0x7AA6, 0xAC8D, 0xDE75, 0xFFD9, 0xFF9A, 0xFFBA, 0xFFBA, 0xFFBA, 0xFFBA, 0xFF9A,
    0xF738, 0xF6B7, 0xFF59, 0xFF9A, 0xFFBA, 0xF738, 0xEE75, 0xF6F7, 0xF718, 0xFF79, 0xF6D7, 0xEE55, 0xEE75, 0xEE54, 0xEE54, 0xE634,
    0xEE54, 0xE654, 0xE5F2, 0xE5F2, 0xE612, 0xE5F1, 0xDD6F, 0xDD6E, 0xDDAF, 0xE5D1, 0xDD8F, 0xE612, 0xE612, 0xE5F1, 0xE632, 0xE611,
    0xDD8F, 0xE5AF, 0xE5F0, 0xE5D0, 0xEE11, 0xEE53, 0xEE11, 0xE5D0, 0xE5F0, 0xEE32, 0xEDF0, 0xE5D0, 0xE5D0, 0xEDF0, 0xEDF0, 0xEE32,
    0xEE32, 0xEE32, 0xEE32, 0xEE52, 0xEE32, 0xEE32, 0xEE32, 0xEE32, 0xEE11, 0xE5F0, 0xEDF0, 0xEDF1, 0xEDF0, 0xE5CF, 0xE5CF, 0xEDCF,
    0xEDAE, 0xEDAE, 0xE5AD, 0xE56D, 0xE56D, 0xE54C, 0xDD0C, 0xDD0C, 0xDCEC, 0xD4AB, 0xD48B, 0xCC49, 0xCC4A, 0xCC6A, 0xCC6A, 0xCC6A,
    0xC44A, 0xBC09, 0xBC09, 0xAB67, 0x7A23, 0x8243, 0x7A02, 0x9AE5, 0xBBA7, 0xBBA7, 0xBBC7, 0xC3C7, 0xC3E7, 0xD4AA, 0xDCEA, 0xDCEA,
    0xDCEA, 0xDCEA, 0xDCEB, 0xE54C, 0xE56D, 0xE56D, 0xDD2C, 0xDD2C, 0xDD2C, 0xDD2C, 0xDD2C, 0xDD2C, 0xDD0B, 0xD4CA, 0xDCAA, 0xD48A,
    0xCC49, 0xCC49, 0xCBE7, 0xC3C7, 0xC3C7, 0xCC07, 0xD469, 0xD489, 0xDCAA, 0xD489, 0xD489, 0xDCEB, 0xE54C, 0xE54C, 0xE56C, 0xE56D,
    0xE56D, 0xE56D, 0xE56D, 0xE56E, 0xE56E, 0xE56E, 0xE56E, 0xE56E, 0xE56D, 0xDD2D, 0xDD4D, 0xE56D, 0xE58E, 0xE58E, 0xE58E, 0xD50C,
    0xFFB8, 0xFFB8, 0xFF78, 0xFF98, 0xFFB8, 0xFFB9, 0xFFB9, 0xFF98, 0xFF98, 0xFFB8, 0xFFB8, 0xFF97, 0xFF98, 0xFF97, 0xFF77, 0xFF97,
    0xFF77, 0xFF77, 0xFF15, 0xFE92, 0xF5CE, 0xF58E, 0xF5AE, 0xED8D, 0xED8D, 0xEDAE, 0xF5AE, 0xF5AE, 0xF5AE, 0xF5CE, 0xF5EE, 0xF5CE,
    0xF5CE, 0xF5CE, 0xF5CE, 0xF5AE, 0xF5AE, 0xF5CE, 0xF5CE, 0xF650, 0xFE30, 0xF692, 0xFF35, 0xFF36, 0xFF56, 0xFF56, 0xFF97, 0xFF97,
    0xFF97, 0xFF76, 0xFF76, 0xFF97, 0xFF97, 0xFF97, 0xFF77, 0xFF97, 0xFF97, 0xFF97, 0xFF97, 0xFFB8, 0xFFB8, 0xFFB8, 0xFFB8, 0xFFD8,
    0xFFD8, 0xFFD8, 0xFFD8, 0xFFD8, 0xFFB8, 0xFFB8, 0xFFB8, 0xFFD9, 0xFF13, 0xFE90, 0xFE70, 0xFE90, 0xFE90, 0xFE70, 0xFEB1, 0xFEF2,
    0xFEF2, 0xFEF2, 0xFED2, 0xFED2, 0xFED1, 0xFF12, 0xFF74, 0x7A85, 0x82C7, 0xDE12, 0xF737, 0xFFBA, 0xFFBA, 0xFFBA, 0xFFBA, 0xFFBA,
    0xFF79, 0xF6D7, 0xFF9A, 0xFFBA, 0xFFDB, 0xF759, 0xE695, 0xFF79, 0xFF9A, 0xFF59, 0xEEB6, 0xEE75, 0xEEB6, 0xEE95, 0xEE54, 0xEE54,
    0xEE54, 0xE634, 0xE5F2, 0xE5F2, 0xE612, 0xE5F1, 0xDD6F, 0xDD8E, 0xDD8E, 0xDD8F, 0xDD8F, 0xE612, 0xE5F1, 0xE5D0, 0xE611, 0xEE11,
    0xE5CF, 0xDD8E, 0xE5CF, 0xE5CF, 0xEDF0, 0xEE32, 0xEE11, 0xE5CF, 0xE5D0, 0xE5F0, 0xEE11, 0xE5F0, 0xE5F0, 0xEE32, 0xEE32, 0xEE32,
    0xEE32, 0xEE32, 0xEE32, 0xEE53, 0xEE32, 0xEE11, 0xEE32, 0xEE32, 0xEE31, 0xE5F0, 0xEDF0, 0xEDF1, 0xEDF0, 0xEDF0, 0xEDCF, 0xEDCF,
    0xE58D, 0xE56D, 0xEDAE, 0xED8D, 0xE56D, 0xE52C, 0xD4AA, 0xD4AA, 0xD4AB, 0xD4AA, 0xD4AB, 0xD48A, 0xCC6A, 0xC44A, 0xC44A, 0xC449,
    0xCC4A, 0xC429, 0xBC09, 0xAB67, 0x7A23, 0x8243, 0xA2E5, 0xB366, 0xBBA7, 0xBB86, 0xBBC7, 0xC3E7, 0xC408, 0xDCCA, 0xDCEA, 0xDCEA,
    0xDD0B, 0xDD0B, 0xDCEA, 0xE52C, 0xE56D, 0xE56D, 0xE56C, 0xE54C, 0xE54C, 0xE52C, 0xDD0B, 0xDD0B, 0xDD2C, 0xDCEB, 0xD449, 0xCC49,
    0xCC49, 0xCC28, 0xD428, 0xCC07, 0xCC07, 0xCC28, 0xD469, 0xD469, 0xDCAA, 0xDCEB, 0xDCEB, 0xE50B, 0xE54C, 0xE56D, 0xE56D, 0xE56D,
    0xE56D, 0xE56D, 0xE56E, 0xE56E, 0xE56E, 0xE56E, 0xE56E, 0xE58E, 0xE56E, 0xE54D, 0xDD2C, 0xDD2C, 0xDD2D, 0xE54D, 0xE54D, 0xDD4D,
    0xFF77, 0xFF77, 0xFF77, 0xFF77, 0xFFB8, 0xFFB9, 0xFFB9, 0xFF98, 0xFFB8, 0xFFB8, 0xFFB8, 0xFF98, 0xFF78, 0xFF78, 0xFF98, 0xFF98,
    0xFF77, 0xFF77, 0xFF15, 0xFED2, 0xF630, 0xED8E, 0xF5AE, 0xFDEF, 0xF60F, 0xF60F, 0xF5EF, 0xED8D, 0xED8D, 0xED8E, 0xF5CE, 0xFE2F,
    0xEDCE, 0xED8D, 0xED8D, 0xF5AE, 0xF5EF, 0xF651, 0xF6B3, 0xFF55, 0xFF36, 0xFF76, 0xFF97, 0xFF98, 0xFF98, 0xFFB8, 0xFF97, 0xFF97,
    0xFF97, 0xFF97, 0xFF97, 0xFF97, 0xFF77, 0xFF77, 0xFF77, 0xFF97, 0xFF97, 0xFF97, 0xFF97, 0xFF97, 0xFFB8, 0xFFB8, 0xFFB8, 0xFFB8,
    0xFFB8, 0xFFB8, 0xFFB8, 0xFFB8, 0xFFB8, 0xFFB8, 0xFFB8, 0xFFB8, 0xFF96, 0xFED2, 0xFE70, 0xFE90, 0xFE70, 0xFE90, 0xFED1, 0xFED2,
    0xFED2, 0xFED2, 0xFED1, 0xFED2, 0xFED2, 0xFEF2, 0xFED1, 0xFF13, 0xABEA, 0x5922, 0xEF17, 0xFFBA, 0xFF7A, 0xFF9A, 0xFFBA, 0xFFBA,
    0xFF79, 0xEED7, 0xFF9A, 0xFF9A, 0xF718, 0xEED7, 0xFF38, 0xFF79, 0xFF59, 0xF738, 0xEE96, 0xEE96, 0xF6F7, 0xF6D6, 0xEE55, 0xEE54,
    0xEE54, 0xEE34, 0xE5F2, 0xE612, 0xE5F2, 0xE5F2, 0xE5F0, 0xE5F0, 0xE5D0, 0xDD8F, 0xE5D0, 0xEE32, 0xE5D0, 0xE5D0, 0xEE12, 0xEE11,
    0xE5CF, 0xE5AE, 0xE5AF, 0xE5CF, 0xE5CF, 0xE5D0, 0xE5F0, 0xE5F0, 0xE5F0, 0xE5D0, 0xEE10, 0xEE11, 0xEDF0, 0xEE52, 0xEE52, 0xEE52,
    0xEE52, 0xEE52, 0xEE52, 0xEE52, 0xEE32, 0xEE11, 0xEE11, 0xEE11, 0xEE11, 0xEE10, 0xEE10, 0xE5F0, 0xE5AF, 0xE5CF, 0xE5AF, 0xEDCF,
    0xEDAE, 0xE54C, 0xE54C, 0xE58D, 0xE56D, 0xE54C, 0xDCEB, 0xD4AB, 0xD4AA, 0xD4AB, 0xD4AB, 0xD4AB, 0xD48B, 0xC44A, 0xC449, 0xC429,
    0xC44A, 0xBBE9, 0xB3A7, 0x9B26, 0x8243, 0x8243, 0xAB46, 0xB386, 0xBB86, 0xBB86, 0xCC28, 0xD489, 0xCC07, 0xD4A9, 0xDD0B, 0xDCEB,
    0xE54B, 0xE54C, 0xDD0B, 0xE54C, 0xE56D, 0xE56C, 0xE56C, 0xE54C, 0xE54C, 0xE54C, 0xDD0B, 0xDD0B, 0xDD2C, 0xDD0B, 0xD469, 0xCC28,
    0xCC28, 0xCC08, 0xCC08, 0xD448, 0xD448, 0xD448, 0xD469, 0xD469, 0xD4AA, 0xE52C, 0xE56D, 0xE56D, 0xE54C, 0xE56D, 0xE56D, 0xE56D,
    0xE56D, 0xE56D, 0xE56E, 0xE56E, 0xE58E, 0xE56E, 0xE56E, 0xE56E, 0xE56E, 0xE58E, 0xDD6E, 0xDD4D, 0xDD2D, 0xDD4D, 0xDD4D, 0xDD4D,
    0xFF77, 0xFF98, 0xFFB8, 0xFFB8, 0xFFB9, 0xFFB9, 0xFFB9, 0xFFB8, 0xFFB8, 0xFFB8, 0xFFB8, 0xFF98, 0xFF98, 0xFF98, 0xFF98, 0xFF98,
    0xFF77, 0xF715, 0xF6B3, 0xFEB2, 0xF671, 0xF60F, 0xF60F, 0xFE2F, 0xFE30, 0xFE2F, 0xF60F, 0xF5AE, 0xED8D, 0xED8D, 0xF5CE, 0xFE30,
    0xEDAE, 0xED8D, 0xED8D, 0xF671, 0xFF35, 0xFF35, 0xFF36, 0xFF57, 0xFF77, 0xFF97, 0xFF97, 0xFF97, 0xFF77, 0xFF77, 0xFF97, 0xFF77,
    0xFF77, 0xFF97, 0xFF97, 0xFF97, 0xFF97, 0xFF77, 0xFF97, 0xFF97, 0xFF97, 0xFF97, 0xFF97, 0xFF97, 0xFFB7, 0xFFB8, 0xFFB7, 0xFF97,
    0xFFB8, 0xFFB8, 0xFFB8, 0xFFB8, 0xFFD8, 0xFFB8, 0xFFB8, 0xFFB8, 0xFF35, 0xFE71, 0xFE70, 0xFE90, 0xFE90, 0xFE4F, 0xFE70, 0xFE70,
    0xFE70, 0xFE70, 0xFEB1, 0xFED2, 0xFED2, 0xFEF2, 0xFED2, 0xFF32, 0xF713, 0xCD90, 0x8308, 0xE675, 0xFFFC, 0xFF9A, 0xFF9A, 0xFFBA,
    0xFF79, 0xEED7, 0xFFBA, 0xFF9A, 0xE675, 0xEE96, 0xFF79, 0xFF99, 0xFF38, 0xE675, 0xEE75, 0xEE96, 0xFF18, 0xF6D7, 0xEE55, 0xEE54,
    0xEE55, 0xEE34, 0xE612, 0xE612, 0xE5F2, 0xE611, 0xE611, 0xE611, 0xE5F1, 0xDD8F, 0xE5F1, 0xEE32, 0xE5D0, 0xE5D0, 0xEE11, 0xE5F0,
    0xE5AF, 0xE5AF, 0xE5AF, 0xEE10, 0xE5F0, 0xE5CF, 0xEDF0, 0xEDF0, 0xE5F0, 0xE5F0, 0xEE10, 0xEE31, 0xEE10, 0xEE52, 0xEE52, 0xEE52,
    0xEE52, 0xEE52, 0xEE52, 0xEE52, 0xEE52, 0xEE11, 0xEE11, 0xEE11, 0xEDF0, 0xEDF0, 0xEDF0, 0xE5D0, 0xE5CF, 0xE5CF, 0xEDCF, 0xEDAF,
    0xEDCF, 0xE5AE, 0xDD2C, 0xE52C, 0xE54C, 0xE56C, 0xE54C, 0xDD0C, 0xD4AA, 0xD4AA, 0xD4AB, 0xD4AB, 0xCC8B, 0xCC4A, 0xC449, 0xC449,
    0xC409, 0xAB67, 0x92C5, 0x8243, 0x8243, 0x8243, 0xAB26, 0xB386, 0xBBA7, 0xBBC7, 0xCC28, 0xDCEA, 0xDCEA, 0xDCEA, 0xDD0A, 0xDD0B,
    0xE54B, 0xE54C, 0xE54C, 0xE54C, 0xE56C, 0xE56C, 0xE56C, 0xE56C, 0xE54C, 0xE54C, 0xE52C, 0xDD0B, 0xD4CA, 0xDCEB, 0xD48A, 0xD449,
    0xD449, 0xCC08, 0xCC08, 0xD448, 0xD448, 0xD469, 0xD469, 0xD489, 0xD489, 0xDD0B, 0xE54C, 0xE56D, 0xE56C, 0xE56D, 0xE56D, 0xE56D,
    0xE56E, 0xE56E, 0xE58E, 0xE58E, 0xE58E, 0xE58E, 0xE58E, 0xE56E, 0xDD4D, 0xDD4D, 0xE56E, 0xE56D, 0xDD4D, 0xE54D, 0xDD4D, 0xDD2C,
    0xFFB8, 0xFFB8, 0xFFB8, 0xFFB8, 0xFFB9, 0xFFB9, 0xFFB8, 0xFFB9, 0xFFB9, 0xFFB9, 0xFFB8, 0xFF98, 0xFFB8, 0xFF98, 0xFF97, 0xFF97,
    0xF716, 0xFF15, 0xFF15, 0xFED4, 0xFED2, 0xFE71, 0xFE2F, 0xFE2F, 0xFE2F, 0xFE0F, 0xED8D, 0xED8D, 0xEDAD, 0xEDAD, 0xF5CE, 0xFE30,
    0xF651, 0xFEF4, 0xFEF4, 0xFF35, 0xFF76, 0xFF56, 0xFF77, 0xFF77, 0xFF77, 0xFF97, 0xFF97, 0xFF97, 0xFF77, 0xFF97, 0xFFB7, 0xFF77,
    0xFF77, 0xFF97, 0xFF97, 0xFF97, 0xFF97, 0xFF97, 0xFF97, 0xFF97, 0xFF76, 0xFF76, 0xFF77, 0xFF97, 0xFFB7, 0xFFB7, 0xFFB8, 0xFFB8,
    0xFFB8, 0xFFB8, 0xFFD8, 0xFFD8, 0xFFD8, 0xFFD8, 0xFFD8, 0xFFD8, 0xFF97, 0xFED2, 0xFE70, 0xFE90, 0xFE90, 0xFE4F, 0xFE4F, 0xFE90,
    0xFE90, 0xFE70, 0xFE91, 0xFED2, 0xFED2, 0xFED1, 0xFF53, 0xE630, 0xC54D, 0xB48C, 0x50A0, 0xAC2D, 0xC571, 0xEF17, 0xFFDB, 0xFF9A,
    0xFF59, 0xEED6, 0xF759, 0xFF9A, 0xEE96, 0xEEB6, 0xF738, 0xFF79, 0xF6D7, 0xEE75, 0xEE96, 0xF717, 0xFF38, 0xF6D7, 0xEE55, 0xEE54,
    0xEE54, 0xEE54, 0xE613, 0xE612, 0xE613, 0xE612, 0xE5F1, 0xE611, 0xE611, 0xE5F1, 0xE611, 0xEE32, 0xE5D0, 0xE5F1, 0xEE12, 0xE5CF,
    0xE5AF, 0xE5AF, 0xE5CF, 0xEDF0, 0xEE11, 0xEE10, 0xEE10, 0xE5F0, 0xEE31, 0xEE32, 0xEE32, 0xEE32, 0xEE32, 0xEE53, 0xEE53, 0xEE53,
    0xEE53, 0xEE52, 0xEE11, 0xEE11, 0xEE11, 0xEE11, 0xEE11, 0xEE11, 0xEE10, 0xE5F0, 0xEDF0, 0xEDF0, 0xE5F0, 0xE5CF, 0xEDCF, 0xEDCF,
    0xEDCF, 0xEDAE, 0xE56D, 0xE54C, 0xDCEB, 0xDCEB, 0xDD2C, 0xE52C, 0xDCEB, 0xCC8A, 0xD48B, 0xD48A, 0xD48B, 0xD48B, 0xCC6A, 0xC44A,
    0xC409, 0xAB66, 0x92C4, 0x8264, 0x8264, 0x8243, 0xAB26, 0xB386, 0xBBA7, 0xBBC7, 0xCC28, 0xDCEA, 0xDD0B, 0xDD0B, 0xDD0B, 0xDD0B,
    0xDD2B, 0xE54C, 0xE54C, 0xE56C, 0xE56C, 0xE56D, 0xE56D, 0xE56C, 0xE54C, 0xE54C, 0xE54C, 0xE52C, 0xD4AA, 0xD469, 0xD469, 0xD449,
    0xCC28, 0xCC08, 0xCC08, 0xD468, 0xD448, 0xDCA9, 0xDCA9, 0xD469, 0xD489, 0xDCEB, 0xE54C, 0xE56D, 0xE56D, 0xE56D, 0xE56D, 0xE56D,
    0xE58E, 0xE58E, 0xE58E, 0xE58E, 0xE58E, 0xE58E, 0xE58E, 0xE58E, 0xDD4D, 0xDD2C, 0xDD2C, 0xDD4D, 0xDD4D, 0xDD4D, 0xDD4C, 0xE54D,
    0xFFB9, 0xFFB9, 0xFFB9, 0xFFB9, 0xFFB9, 0xFFB9, 0xFFB9, 0xFFD9, 0xFFB9, 0xFFD9, 0xFFB9, 0xFFB8, 0xFFB8, 0xFF77, 0xFF36, 0xFF77,
    0xFF98, 0xFF98, 0xFFB8, 0xFF56, 0xFE92, 0xFE50, 0xFE0F, 0xFE2F, 0xFE30, 0xF650, 0xF610, 0xF630, 0xFE71, 0xF671, 0xFED3, 0xFEF3,
    0xFF14, 0xFF76, 0xFF56, 0xFF56, 0xFF56, 0xFF56, 0xFF97, 0xFF97, 0xFF77, 0xFF77, 0xFF77, 0xFF77, 0xFF57, 0xFFB8, 0xFFB8, 0xFF77,
    0xFF77, 0xFF97, 0xFF97, 0xFF97, 0xFF97, 0xFF76, 0xFF76, 0xFF76, 0xFF96, 0xFFB7, 0xFFB8, 0xFFB8, 0xFFD8, 0xFFD8, 0xFFD8, 0xFFD8,
    0xFFD8, 0xFFD8, 0xFFD8, 0xFFD8, 0xFFD8, 0xFFB7, 0xFFB7, 0xFF97, 0xFFB7, 0xFEF3, 0xFE50, 0xFE90, 0xFE90, 0xFEB1, 0xFEB1, 0xFED2,
    0xFED1, 0xFE90, 0xFED1, 0xFED2, 0xFEF2, 0xF6D1, 0xE692, 0xB4CD, 0x7205, 0x7A66, 0x82C7, 0x7286, 0x5983, 0xC592, 0xFFBA, 0xFF79,
    0xF6F8, 0xF6D7, 0xF6D7, 0xF6D7, 0xEEB6, 0xEE95, 0xEEB6, 0xF717, 0xEE75, 0xE675, 0xEEB6, 0xFF58, 0xFF38, 0xF6F7, 0xEE96, 0xF6B6,
    0xEE54, 0xEE54, 0xEE54, 0xEE34, 0xEE34, 0xE613, 0xE612, 0xEE33, 0xE612, 0xE5F1, 0xE612, 0xEE32, 0xEE11, 0xEE11, 0xEE11, 0xE5F0,
    0xEDF0, 0xEDF0, 0xE5CF, 0xE5D0, 0xEE11, 0xEE12, 0xEE11, 0xE5F0, 0xEE32, 0xEE33, 0xEE32, 0xEE32, 0xEE32, 0xEE52, 0xEE53, 0xEE52,
    0xEE53, 0xEE53, 0xEE11, 0xEE10, 0xEE10, 0xE5F0, 0xEE11, 0xEE11, 0xEE10, 0xE5F0, 0xE5F0, 0xEDF0, 0xEDF0, 0xE5CF, 0xE5CF, 0xE5AE,
    0xE58E, 0xE58E, 0xE58D, 0xED8D, 0xDD0B, 0xD4AA, 0xD4AA, 0xD4CA, 0xDCCB, 0xD48B, 0xD48B, 0xD48A, 0xD48A, 0xD48B, 0xCC6A, 0xC429,
    0xAB67, 0xA346, 0x92C4, 0x8263, 0x8A63, 0x9AE5, 0xAB46, 0xB386, 0xBBA7, 0xC3C7, 0xCC28, 0xDCEA, 0xDD0B, 0xDD0B, 0xDD0B, 0xDD0B,
    0xDD2B, 0xE54C, 0xE54C, 0xE56C, 0xE56D, 0xE56D, 0xE56C, 0xE56C, 0xE54C, 0xE54C, 0xE54C, 0xE52C, 0xDCEB, 0xD469, 0xCC48, 0xCC28,
    0xCC08, 0xD428, 0xD469, 0xD469, 0xD469, 0xDCCA, 0xDCEA, 0xDCAA, 0xD4A9, 0xDCEB, 0xE54C, 0xE56D, 0xE58D, 0xE56D, 0xE56D, 0xE56E,
    0xE56E, 0xE58E, 0xE58E, 0xE58E, 0xE58E, 0xE58F, 0xE58E, 0xE58E, 0xE58E, 0xDD4D, 0xDD2C, 0xDD2C, 0xDD2C, 0xDD4C, 0xE54D, 0x92E6,
    0xFFB9, 0xFFB9, 0xFFB9, 0xFFB9, 0xFFB9, 0xFFB9, 0xFFD9, 0xFFD9, 0xFFD9, 0xFFD9, 0xFFD9, 0xFFB8, 0xFFB8, 0xFF77, 0xFF56, 0xFF77,
    0xFFB8, 0xFF98, 0xFF97, 0xFF56, 0xF692, 0xFE50, 0xF60F, 0xF630, 0xF60F, 0xFED3, 0xFF77, 0xFF76, 0xFF56, 0xFF56, 0xFF56, 0xFF56,
    0xFF56, 0xFF56, 0xFF36, 0xFF56, 0xFF56, 0xFF56, 0xFF97, 0xFF97, 0xFF77, 0xFF77, 0xFF77, 0xFF98, 0xFF98, 0xFFB8, 0xFFD9, 0xFFB8,
    0xFF97, 0xFF97, 0xFF97, 0xFF97, 0xFF97, 0xFF96, 0xFF76, 0xFF76, 0xFFB7, 0xFFB8, 0xFFB8, 0xFFD8, 0xFFD9, 0xFFD8, 0xFFB8, 0xFFB8,
    0xFFB7, 0xFFB7, 0xFF97, 0xFF97, 0xFFB7, 0xFF97, 0xFF98, 0xFFB8, 0xFFB8, 0xFF55, 0xFEF2, 0xFED1, 0xFEB1, 0xFEB1, 0xFED1, 0xFED2,
    0xFEB1, 0xFEB0, 0xFEF2, 0xFEF2, 0xFF32, 0xEED3, 0x5101, 0x9BEB, 0xFFFC, 0xFFFA, 0xFFDA, 0xFFFB, 0xB4CE, 0x5941, 0xCDB2, 0xFFFC,
    0xF6D7, 0xEEB6, 0xF6D6, 0xEEB6, 0xEEB6, 0xEE96, 0xEE95, 0xEE75, 0xEE95, 0xEE75, 0xEEB6, 0xFF58, 0xFF38, 0xFF38, 0xFF38, 0xFF18,
    0xEE54, 0xEE34, 0xEE54, 0xEE54, 0xEE54, 0xEE34, 0xEE54, 0xEE54, 0xEE54, 0xE5F1, 0xEE12, 0xEE32, 0xEE12, 0xEE11, 0xEE32, 0xEE31,
    0xEE11, 0xEE11, 0xE5D0, 0xE5F0, 0xEE31, 0xEE32, 0xEE32, 0xEE32, 0xEE32, 0xEE33, 0xEE33, 0xEE32, 0xEE32, 0xEE33, 0xEE32, 0xE611,
    0xEE11, 0xEE32, 0xEE11, 0xEE11, 0xEE11, 0xE5D0, 0xE5AF, 0xE5F0, 0xEE10, 0xEDF0, 0xEDF0, 0xE5F0, 0xE5F0, 0xE5CF, 0xE56E, 0xE56D,
    0xE54D, 0xE54D, 0xE56D, 0xE56D, 0xE56D, 0xDD0C, 0xCC8A, 0xCC8A, 0xD48A, 0xD48B, 0xD48B, 0xD48A, 0xD48B, 0xD48B, 0xCC6A, 0xC409,
    0xA346, 0xA346, 0x92E5, 0x8263, 0x8A84, 0xAB46, 0xAB66, 0xB386, 0xBBA7, 0xC3E7, 0xCC28, 0xDCEA, 0xDD0B, 0xDD0B, 0xDD0B, 0xDD0B,
    0xDD0B, 0xE54C, 0xE54C, 0xDD4C, 0xE56D, 0xE56C, 0xE56C, 0xE56C, 0xE54C, 0xDD2B, 0xDD2B, 0xDD2C, 0xDCEB, 0xD4AA, 0xD489, 0xCC28,
    0xCC08, 0xD448, 0xD489, 0xD468, 0xDCEA, 0xE50B, 0xDD0B, 0xDD0B, 0xDD0B, 0xDD2B, 0xE54C, 0xE56D, 0xE58D, 0xE56D, 0xE56D, 0xE56E,
    0xE56E, 0xE58E, 0xE58E, 0xE58E, 0xE58E, 0xE58E, 0xE58E, 0xE58E, 0xE56E, 0xE58E, 0xDD4D, 0xDD4D, 0xDD2C, 0xDD2C, 0xDD4D, 0x69C3,
    0xFFB9, 0xFFB9, 0xFFB9, 0xFFB9, 0xFFB9, 0xFFB9, 0xFFB9, 0xFF98, 0xFF78, 0xFF78, 0xFF77, 0xFF77, 0xFF77, 0xFF77, 0xFF76, 0xFF35,
    0xF6B3, 0xF6B3, 0xF6B3, 0xFEF4, 0xFEF4, 0xF6B2, 0xF692, 0xFF35, 0xFF56, 0xFF56, 0xFF77, 0xFF77, 0xFF76, 0xFF56, 0xFF56, 0xFF56,
    0xFF56, 0xFF56, 0xFF56, 0xFF77, 0xFF77, 0xFF77, 0xFF77, 0xFF77, 0xFF77, 0xFF97, 0xFFB8, 0xFFD8, 0xFFD8, 0xFFD8, 0xFFD8, 0xFFB8,
    0xFF97, 0xFF97, 0xFF97, 0xFF76, 0xFF76, 0xFF77, 0xFFB8, 0xFFB8, 0xFF97, 0xFF97, 0xFFD9, 0xFFD9, 0xFFD9, 0xFFB8, 0xFF97, 0xFF98,
    0xFFD8, 0xFFD8, 0xFF97, 0xFFB8, 0xFFD8, 0xFFD8, 0xFFD8, 0xFFD8, 0xFFD9, 0xFFD8, 0xFF75, 0xFE70, 0xFE4F, 0xFE4F, 0xFE90, 0xFED1,
    0xFEF1, 0xFED1, 0xFED1, 0xFF33, 0xD56D, 0x9389, 0xD635, 0xDEB6, 0xFFFA, 0xFF33, 0xFF11, 0xFF33, 0xEF35, 0xC590, 0x7A85, 0x8B28,
    0xE696, 0xFF59, 0xEEB6, 0xEEB6, 0xEEB6, 0xEE96, 0xEE95, 0xEE75, 0xEE75, 0xEE75, 0xF6B6, 0xFF58, 0xFF38, 0xFF38, 0xFF38, 0xF718,
    0xEE96, 0xEE75, 0xEE54, 0xEE54, 0xEE54, 0xEE55, 0xEE54, 0xEE54, 0xEE54, 0xE611, 0xEE33, 0xEE32, 0xEE12, 0xEE32, 0xEE32, 0xEE32,
    0xEE31, 0xEE32, 0xEE32, 0xE611, 0xEE32, 0xEE33, 0xEE53, 0xEE53, 0xEE53, 0xEE33, 0xEE33, 0xEE32, 0xEE32, 0xEE32, 0xEE52, 0xEE31,
    0xE5F0, 0xEE11, 0xEE11, 0xEDF1, 0xEE11, 0xE5D0, 0xDDAF, 0xE5AF, 0xE5F0, 0xEDF0, 0xE5F0, 0xE5F0, 0xE5F0, 0xE5CF, 0xE54D, 0xE54D,
    0xE54D, 0xE54C, 0xE54C, 0xE54D, 0xE54D, 0xE54C, 0xD4EB, 0xD48A, 0xD48A, 0xD48B, 0xD48B, 0xD48B, 0xD48B, 0xD48B, 0xCC8A, 0xC429,
    0xAB46, 0xAB46, 0x92C5, 0x92A4, 0xA325, 0xAB46, 0xAB46, 0xBB86, 0xD469, 0xD468, 0xD468, 0xDCCA, 0xDD0B, 0xDD0B, 0xDD2B, 0xDD2B,
    0xDD2B, 0xE54C, 0xE54C, 0xDD2B, 0xDD4C, 0xE56D, 0xE56C, 0xE56C, 0xE56C, 0xE52B, 0xDD0B, 0xDD2B, 0xDD0B, 0xD4AA, 0xD4AA, 0xD469,
    0xCC08, 0xCC48, 0xD489, 0xD468, 0xDCEA, 0xDD0B, 0xDD0B, 0xDD0B, 0xDD0B, 0xE52C, 0xE54C, 0xE56D, 0xE56D, 0xE58D, 0xE58E, 0xE58E,
    0xE58E, 0xE58E, 0xE58E, 0xE58E, 0xE58E, 0xE58F, 0xE58F, 0xE58F, 0xE56E, 0xE58E, 0xE58E, 0xE56E, 0xDD4D, 0xDD2D, 0xDD4C, 0x71E4,
    0xFFB8, 0xFFB8, 0xFFB8, 0xFFB9, 0xFFB9, 0xFFB9, 0xFFB8, 0xFF57, 0xFF57, 0xFF57, 0xFF57, 0xFED4, 0xF672, 0xF672, 0xF671, 0xF651,
    0xF631, 0xF630, 0xF671, 0xF6B3, 0xFED3, 0xFF35, 0xFF77, 0xFF98, 0xFF98, 0xFF98, 0xFF98, 0xFF77, 0xFF77, 0xFF56, 0xFF56, 0xFF56,
    0xFF56, 0xFF36, 0xFF77, 0xFF77, 0xFF57, 0xFF77, 0xFF77, 0xFF77, 0xFF77, 0xFF97, 0xFFB8, 0xFFD8, 0xFFD8, 0xFFB8, 0xFFB8, 0xFFB8,
    0xFF97, 0xFF97, 0xFF77, 0xFF76, 0xFF76, 0xFF76, 0xFFB8, 0xFFB7, 0xFF97, 0xFFD8, 0xFFD9, 0xFFD9, 0xFFD9, 0xFFDA, 0xFFD9, 0xFFF9,
    0xFFF9, 0xFFF9, 0xFFD9, 0xFFD9, 0xFFD9, 0xFFD8, 0xFFD8, 0xFFD8, 0xFFB8, 0xFFD8, 0xFF35, 0xFE90, 0xFEB0, 0xFE90, 0xFE70, 0xFE90,
    0xFEB0, 0xFEB1, 0xFED1, 0xFF94, 0xBCAB, 0x61E3, 0xFFFE, 0xFFB8, 0xFED1, 0xFEAF, 0xFEAE, 0xFE8E, 0xFF11, 0xF736, 0xBD51, 0xB4CF,
    0x9BCB, 0xC50F, 0xF6F7, 0xF6F7, 0xEEB6, 0xEEB6, 0xEE95, 0xEE95, 0xEE75, 0xEE75, 0xEEB6, 0xFF38, 0xFF38, 0xFF38, 0xFF38, 0xFF18,
    0xF738, 0xF717, 0xEE55, 0xEE54, 0xEE55, 0xEE55, 0xEE54, 0xEE54, 0xEE54, 0xEE53, 0xEE33, 0xEE33, 0xEE32, 0xEE33, 0xEE33, 0xEE33,
    0xEE33, 0xEE53, 0xEE53, 0xEE32, 0xEE33, 0xEE33, 0xEE53, 0xEE53, 0xEE53, 0xEE53, 0xEE32, 0xEE52, 0xEE53, 0xEE32, 0xEE11, 0xEE31,
    0xEDF1, 0xE5F0, 0xEE11, 0xEE11, 0xEE11, 0xE5F0, 0xE5AF, 0xE5AF, 0xE5D0, 0xE5F0, 0xE5F0, 0xE5CF, 0xE5CF, 0xE5CF, 0xE56E, 0xE54C,
    0xE54D, 0xE54D, 0xE54D, 0xE54D, 0xE54C, 0xE54C, 0xE54C, 0xDD0B, 0xD48A, 0xD48B, 0xD48B, 0xD48B, 0xD48B, 0xD48B, 0xD4AB, 0xCC6A,
    0xAB66, 0xA346, 0x9B05, 0x9AE5, 0xA325, 0xAB46, 0xAB46, 0xB386, 0xD489, 0xD489, 0xDCCA, 0xDCEB, 0xDD0B, 0xDD0B, 0xDD2B, 0xDD2B,
    0xE56D, 0xE56D, 0xE56D, 0xE56C, 0xDD4C, 0xE56C, 0xE56C, 0xE54C, 0xDD2B, 0xE54B, 0xDD0B, 0xDCEB, 0xDCEB, 0xD4CA, 0xD489, 0xD489,
    0xD469, 0xD469, 0xD489, 0xD489, 0xDD0B, 0xDD0B, 0xDD0B, 0xDD0B, 0xDD0B, 0xDD2C, 0xE52C, 0xE54D, 0xE58E, 0xE58D, 0xE58E, 0xED8E,
    0xE58E, 0xE58E, 0xE58E, 0xE58E, 0xE58E, 0xE58F, 0xE58F, 0xE58E, 0xE56E, 0xE56E, 0xE56E, 0xE56E, 0xDD6D, 0xDD6D, 0xE5AE, 0x6183,
    0xFFB9, 0xFFB9, 0xFFB8, 0xFF97, 0xFF77, 0xFF77, 0xFF15, 0xF652, 0xF652, 0xF652, 0xF672, 0xF631, 0xF610, 0xF610, 0xF610, 0xF610,
    0xF630, 0xF630, 0xF610, 0xEE0F, 0xFED3, 0xFF55, 0xFF77, 0xFF98, 0xFF98, 0xFF98, 0xFF98, 0xFF98, 0xFF77, 0xFF77, 0xFF77, 0xFF77,
    0xFF56, 0xFF36, 0xFF77, 0xFF97, 0xFF98, 0xFFB8, 0xFFB8, 0xFF98, 0xFF77, 0xFF98, 0xFFD8, 0xFFD8, 0xFFD8, 0xFFD8, 0xFFD8, 0xFFB8,
    0xFF97, 0xFF97, 0xFF97, 0xFF97, 0xFF97, 0xFF97, 0xFF97, 0xFF97, 0xFFB7, 0xFFD8, 0xFFB8, 0xFFB8, 0xFFB8, 0xFFDA, 0xFFFA, 0xFFD9,
    0xFFB8, 0xFFB8, 0xFFD8, 0xFFD9, 0xFFD8, 0xFFD8, 0xFFD8, 0xFFD8, 0xFFD8, 0xFFD8, 0xFF97, 0xFEF3, 0xFEB0, 0xFE90, 0xFE70, 0xFE70,
    0xFE70, 0xFEB0, 0xFED1, 0xEE71, 0xC56F, 0xACF0, 0xFFDB, 0xFF34, 0xFE6C, 0xFE8E, 0xFE8E, 0xFE8E, 0xFE4D, 0xFF76, 0xFFFE, 0xEF39,
    0x6A05, 0x82A7, 0xDE14, 0xDE34, 0xEE96, 0xF6B6, 0xEE96, 0xEE95, 0xEE75, 0xEE95, 0xEE75, 0xEEB6, 0xF6D7, 0xF6D6, 0xF6D7, 0xFF17,
    0xFF18, 0xF6F7, 0xF6B6, 0xF695, 0xEE54, 0xEE75, 0xEE54, 0xEE54, 0xEE54, 0xEE54, 0xEE54, 0xEE33, 0xEE33, 0xEE33, 0xEE53, 0xEE33,
    0xEE53, 0xEE53, 0xEE53, 0xEE53, 0xEE33, 0xEE53, 0xEE53, 0xEE53, 0xEE53, 0xEE53, 0xEE32, 0xEE53, 0xEE53, 0xEE32, 0xE5F0, 0xEE11,
    0xEE11, 0xE5F0, 0xE5F0, 0xEDF1, 0xEDF1, 0xEE11, 0xE5D0, 0xE5AF, 0xE5AF, 0xE5D0, 0xE5D0, 0xE5CF, 0xE5CF, 0xE5AF, 0xE5AE, 0xDD4C,
    0xE54C, 0xE54C, 0xDD4C, 0xDD2C, 0xE54C, 0xDD2C, 0xDD2C, 0xDD2C, 0xD4AB, 0xD48B, 0xD48B, 0xD48B, 0xD48B, 0xD48B, 0xCC4A, 0xBBE8,
    0xAB46, 0xA346, 0xA326, 0xA325, 0xA325, 0xAB46, 0xBBC7, 0xC408, 0xD489, 0xD4A9, 0xDD0B, 0xDD0B, 0xDD0B, 0xDD0B, 0xDD2B, 0xDD2B,
    0xE56D, 0xE56D, 0xE56D, 0xE56D, 0xE56C, 0xE56D, 0xE58D, 0xE56C, 0xDCEA, 0xDD0B, 0xDD0B, 0xDCEB, 0xDCEB, 0xDCCA, 0xD489, 0xD489,
    0xD489, 0xD489, 0xD489, 0xD489, 0xDD0B, 0xDD0B, 0xDD0B, 0xDD2B, 0xE52B, 0xE52C, 0xDD2C, 0xE54D, 0xED8E, 0xE58E, 0xE58E, 0xED8E,
    0xED8F, 0xE58E, 0xE58E, 0xE58E, 0xE58E, 0xE58F, 0xE58F, 0xE58F, 0xE58E, 0xE58E, 0xE56E, 0xDD6D, 0xE58E, 0xC4AC, 0x7266, 0x7A45,
    0xFF76, 0xFF76, 0xFF35, 0xFEB3, 0xFEB3, 0xF6B2, 0xF672, 0xF611, 0xF610, 0xF610, 0xF610, 0xF610, 0xF610, 0xF630, 0xF630, 0xF630,
    0xF630, 0xF630, 0xF5EF, 0xF610, 0xFED4, 0xFF14, 0xFF56, 0xFFB8, 0xFF98, 0xFF78, 0xFF98, 0xFF98, 0xFF77, 0xFF77, 0xFF77, 0xFF97,
    0xFF77, 0xFF76, 0xFF98, 0xFFB8, 0xFFB8, 0xFFB8, 0xFFB8, 0xFFB8, 0xFFD8, 0xFFD8, 0xFFD9, 0xFFD9, 0xFFF9, 0xFFD8, 0xFFD8, 0xFFB8,
    0xFF77, 0xFF76, 0xFF97, 0xFFB7, 0xFF97, 0xFF97, 0xFF97, 0xFF97, 0xFFB7, 0xFFB7, 0xFF97, 0xFF97, 0xFFB7, 0xFFB8, 0xFFB8, 0xFF97,
    0xFF97, 0xFF97, 0xFFD8, 0xFFD8, 0xFFB8, 0xFFB8, 0xFFD9, 0xFFB8, 0xFFD8, 0xFFB8, 0xFFD8, 0xFF13, 0xFE70, 0xFE70, 0xFE70, 0xFE70,
    0xFE70, 0xFE90, 0xFED1, 0x7A23, 0xC552, 0xFFFF, 0xF714, 0xFE8F, 0xFE8E, 0xFE8E, 0xFE8E, 0xFE8E, 0xFE6D, 0xFF76, 0xFFFB, 0xF7BA,
    0xFFFD, 0xB4F0, 0x61C4, 0x7266, 0xDE34, 0xF6D7, 0xEE75, 0xEE95, 0xEE75, 0xEE95, 0xEE75, 0xEE95, 0xF6B6, 0xF6B6, 0xEE96, 0xEE96,
    0xF6F7, 0xF718, 0xF718, 0xEE96, 0xEE55, 0xEE75, 0xEE55, 0xEE54, 0xEE54, 0xEE54, 0xEE54, 0xEE54, 0xEE54, 0xEE34, 0xEE33, 0xEE33,
    0xEE53, 0xEE53, 0xEE53, 0xEE53, 0xEE53, 0xEE53, 0xEE53, 0xEE53, 0xEE53, 0xEE53, 0xEE32, 0xEE53, 0xEE53, 0xEE32, 0xEDF0, 0xE5F0,
    0xEE10, 0xEDF1, 0xE5D0, 0xE5D0, 0xE5F0, 0xEE11, 0xE5F0, 0xE5D0, 0xE5D0, 0xE5D0, 0xE5CF, 0xE5AF, 0xE5AF, 0xE58E, 0xE58E, 0xE56D,
    0xDD4C, 0xDD4C, 0xDD4C, 0xDD0B, 0xDCEB, 0xDCEB, 0xDD0B, 0xDD0C, 0xDCEC, 0xD4AB, 0xD48B, 0xCC8B, 0xCC8B, 0xD4AB, 0xC408, 0xB387,
    0xAB66, 0xA346, 0xA326, 0xA325, 0xA325, 0xAB46, 0xCC28, 0xD4AA, 0xD489, 0xD4AA, 0xE50B, 0xDD0B, 0xDD0B, 0xE54C, 0xE54C, 0xDD2C,
    0xE56D, 0xE56D, 0xE56D, 0xE56D, 0xE56D, 0xE56D, 0xE56D, 0xE56C, 0xDD0B, 0xDCEA, 0xDCEA, 0xDCEA, 0xDCEA, 0xDCEA, 0xDCCA, 0xD4AA,
    0xD489, 0xD489, 0xDCAA, 0xDCCA, 0xDD0B, 0xDCEA, 0xDD0B, 0xE56C, 0xE56D, 0xE56D, 0xE56D, 0xE56D, 0xE58E, 0xE58E, 0xE58E, 0xE56E,
    0xE58E, 0xE5AF, 0xE58F, 0xE58E, 0xE58F, 0xE58F, 0xE58F, 0xE56F, 0xE58E, 0xE58E, 0xE56E, 0xDD6D, 0xE5AE, 0xB42A, 0x3880, 0xC46B,
    0xFED3, 0xFEB2, 0xFE92, 0xFE51, 0xFE51, 0xFE51, 0xFE31, 0xF631, 0xFE51, 0xFE51, 0xFE51, 0xFE50, 0xF630, 0xF630, 0xF630, 0xF630,
    0xFE30, 0xF610, 0xF5CE, 0xEE0F, 0xFED3, 0xFF14, 0xFF76, 0xFF97, 0xFF78, 0xFF78, 0xFF98, 0xFF98, 0xFF78, 0xFF77, 0xFF77, 0xFF77,
    0xFF77, 0xFF97, 0xFF98, 0xFF97, 0xFF97, 0xFF98, 0xFFB8, 0xFFB8, 0xFFD8, 0xFFB8, 0xFFB8, 0xFFB8, 0xFFB8, 0xFF97, 0xFF76, 0xFF76,
    0xFF56, 0xFF76, 0xFFB7, 0xFFB7, 0xFFB7, 0xFF97, 0xFF97, 0xFF97, 0xFFB7, 0xFFB7, 0xFFB7, 0xFFB7, 0xFFB7, 0xFF97, 0xFF97, 0xFF97,
    0xFF97, 0xFFB7, 0xFFD8, 0xFFD8, 0xFFD8, 0xFFD9, 0xFFD9, 0xFFD9, 0xFFD8, 0xFFD8, 0xFFB7, 0xFEF3, 0xFE90, 0xFE4F, 0xFE70, 0xFE90,
    0xFE70, 0xFE90, 0xFEF1, 0x8223, 0xBCF0, 0xFFFE, 0xFF33, 0xFE6E, 0xFE2D, 0xFE4D, 0xFE8E, 0xFE8E, 0xFE6D, 0xFF76, 0xFFFB, 0xFFFB,
    0xFFFB, 0xF79A, 0xF759, 0xDE95, 0x7266, 0x8B49, 0xF6D7, 0xF6F7, 0xF6B6, 0xEE75, 0xEE75, 0xEE95, 0xF6B6, 0xF6B6, 0xEE96, 0xEE95,
    0xF6B6, 0xFF17, 0xFF18, 0xEE75, 0xEE75, 0xEE75, 0xEE54, 0xEE74, 0xEE54, 0xEE54, 0xEE54, 0xEE54, 0xEE54, 0xEE54, 0xEE54, 0xEE54,
    0xEE53, 0xEE33, 0xEE33, 0xEE33, 0xEE53, 0xEE53, 0xEE53, 0xEE53, 0xEE53, 0xEE53, 0xEE32, 0xEE32, 0xEE32, 0xEE52, 0xE5F0, 0xE5F0,
    0xE5F0, 0xEE11, 0xE5F1, 0xE5D0, 0xE5F0, 0xEDF1, 0xEE11, 0xE5F0, 0xE5CF, 0xE5CF, 0xE5CF, 0xE5AE, 0xE56E, 0xE56D, 0xE56D, 0xE58D,
    0xE54C, 0xDD4C, 0xDD4C, 0xDD2C, 0xD4AA, 0xCC89, 0xCC69, 0xCC8A, 0xD4CB, 0xD4AB, 0xD48B, 0xCC8B, 0xD48B, 0xCC4A, 0xBBE8, 0xB3A7,
    0xB3A7, 0xAB46, 0xA325, 0xA325, 0xA305, 0xAB46, 0xC408, 0xD489, 0xD489, 0xD4AA, 0xDCEA, 0xE50B, 0xDD0B, 0xE54D, 0xE56D, 0xE56D,
    0xE56D, 0xE56D, 0xE56D, 0xE58D, 0xE56D, 0xE58D, 0xE54B, 0xDD0B, 0xDD0B, 0xDCEA, 0xDCEA, 0xDCEA, 0xD4CA, 0xD4CA, 0xDCEB, 0xDD0B,
    0xDCCA, 0xD489, 0xDCCA, 0xDD0B, 0xDD0B, 0xDCEA, 0xDD0B, 0xE56D, 0xE56D, 0xE56D, 0xE58E, 0xE58E, 0xE58E, 0xE5AE, 0xEDAE, 0xE54C,
    0xE54D, 0xE56D, 0xE58E, 0xE58F, 0xE58F, 0xE58F, 0xE58F, 0xE56F, 0xE58E, 0xE56E, 0xE56E, 0xDD4D, 0xEDCF, 0xBC8B, 0x3880, 0xBC2A,
    0xFE51, 0xFE71, 0xFE91, 0xFE71, 0xFE71, 0xFE71, 0xFE51, 0xFE51, 0xFE50, 0xF5EF, 0xF5EF, 0xF610, 0xF630, 0xF630, 0xF630, 0xF630,
    0xFE30, 0xFE30, 0xF60F, 0xF60F, 0xF60F, 0xF651, 0xFF35, 0xFF78, 0xFF78, 0xFF98, 0xFF98, 0xFF98, 0xFF77, 0xFF77, 0xFF77, 0xFF77,
    0xFF77, 0xFF77, 0xFF97, 0xFF97, 0xFFB8, 0xFF98, 0xFF77, 0xFF77, 0xFF77, 0xFF97, 0xFF97, 0xFF77, 0xFF56, 0xFF56, 0xFF56, 0xFF56,
    0xFF76, 0xFF76, 0xFF97, 0xFFD8, 0xFFB8, 0xFFB7, 0xFFB7, 0xFF97, 0xFFB7, 0xFFB7, 0xFFB7, 0xFFB7, 0xFFB6, 0xFF96, 0xFF97, 0xFF96,
    0xFF97, 0xFFD8, 0xFFD8, 0xFFD9, 0xFFD9, 0xFFD9, 0xFFD9, 0xFFD9, 0xFFD9, 0xFFD8, 0xFFB7, 0xFEF2, 0xFE91, 0xFE91, 0xFEB1, 0xFEB1,
    0xFE90, 0xFE90, 0xFEF1, 0x8243, 0xBD10, 0xFFFD, 0xFF54, 0xF62D, 0xFDCB, 0xFE0C, 0xFE6D, 0xFE6E, 0xFE6D, 0xFF76, 0xFFFB, 0xFFFB,
    0xFFFA, 0xFFFB, 0xFFFB, 0xF7BA, 0xDE97, 0x938B, 0x7225, 0x7A46, 0xAC2D, 0xFF17, 0xF6B6, 0xF696, 0xF696, 0xEE96, 0xEE95, 0xEE95,
    0xEE96, 0xF6B6, 0xF6B6, 0xEE75, 0xEE75, 0xEE75, 0xEE54, 0xEE74, 0xEE54, 0xEE54, 0xEE54, 0xEE54, 0xEE54, 0xEE54, 0xEE54, 0xEE54,
    0xEE53, 0xEE53, 0xEE33, 0xEE33, 0xEE54, 0xEE53, 0xEE53, 0xEE53, 0xEE32, 0xEE32, 0xEE32, 0xEE32, 0xEE11, 0xEE11, 0xEDF0, 0xE5F0,
    0xE5D0, 0xE5F0, 0xEE11, 0xE5F0, 0xE5F1, 0xEDF1, 0xEDF1, 0xE5F0, 0xE5CF, 0xE5CF, 0xE5F0, 0xE5AE, 0xE56D, 0xDD4C, 0xDD4C, 0xE56D,
    0xDD4C, 0xDD4C, 0xE52C, 0xE52C, 0xDD0B, 0xD4CA, 0xC449, 0xC429, 0xC429, 0xCC6A, 0xD48B, 0xCC6A, 0xCC4A, 0xBBC8, 0xBBA7, 0xB3A7,
    0xBBE8, 0xBBE8, 0xBBC7, 0xAB46, 0xAB46, 0xBBA7, 0xCC28, 0xD489, 0xD489, 0xD489, 0xDCCA, 0xE52B, 0xE52C, 0xE56D, 0xE58E, 0xE58E,
    0xE58E, 0xE58E, 0xE58D, 0xE58D, 0xE58D, 0xE58D, 0xE56C, 0xDD0B, 0xDD0A, 0xDCEA, 0xDCEA, 0xDCEA, 0xD4CA, 0xD469, 0xD4AA, 0xDD0B,
    0xDCEB, 0xDCCA, 0xDCEA, 0xE52C, 0xE52C, 0xDCEA, 0xDD0B, 0xE56D, 0xE58E, 0xE58E, 0xE58E, 0xE58E, 0xE56D, 0xE58E, 0xEDAE, 0xE54D,
    0xDD2C, 0xDD4D, 0xE56D, 0xE58E, 0xE58F, 0xE58F, 0xE58F, 0xE58E, 0xE58E, 0xE58E, 0xDD6E, 0xEDEF, 0xBC4B, 0x6A25, 0x82C7, 0xC4AC,
    0xFE50, 0xFE71, 0xFE71, 0xFE71, 0xFE51, 0xFE51, 0xFE51, 0xFE51, 0xF630, 0xEDCF, 0xEDCE, 0xF610, 0xF630, 0xF630, 0xF630, 0xFE30,
    0xFE30, 0xFE30, 0xF630, 0xF630, 0xF630, 0xFEF3, 0xFF56, 0xFF77, 0xFF77, 0xFF78, 0xFF78, 0xFF77, 0xFF77, 0xFF77, 0xFF77, 0xFF77,
    0xFF77, 0xFF77, 0xFF77, 0xFF97, 0xFF97, 0xFF97, 0xFF77, 0xFF77, 0xFF77, 0xFF97, 0xFF98, 0xFF77, 0xFF56, 0xFF76, 0xFF77, 0xFFB8,
    0xFFD8, 0xFFD9, 0xFFD9, 0xFFD9, 0xFFD9, 0xFFD8, 0xFFB7, 0xFFB7, 0xFFB7, 0xFFB7, 0xFFB7, 0xFFB7, 0xFFB7, 0xFFB8, 0xFFD8, 0xFFB8,
    0xFFB8, 0xFFD9, 0xFFD9, 0xFFD9, 0xFFD9, 0xFFD9, 0xFFF9, 0xFFF9, 0xFFF9, 0xFFB8, 0xFF96, 0xFF55, 0xFF13, 0xFEF2, 0xFED1, 0xFE91,
    0xFEB1, 0xFE91, 0xFEF2, 0x8243, 0xBD10, 0xFFFD, 0xFF54, 0xF64D, 0xF5CB, 0xFDEC, 0xFE4D, 0xFE8E, 0xFE6D, 0xFF76, 0xFFFB, 0xFFFB,
    0xFFFB, 0xFFFA, 0xFFFA, 0xFFFA, 0xFFFC, 0xCDF3, 0xA42C, 0xB48E, 0x8B49, 0xB48E, 0xDDD3, 0xE655, 0xEE95, 0xEE95, 0xEE95, 0xEE95,
    0xF696, 0xEE95, 0xEE95, 0xEE75, 0xEE75, 0xEE75, 0xEE54, 0xEE74, 0xEE74, 0xEE54, 0xEE54, 0xEE54, 0xEE54, 0xEE54, 0xEE54, 0xEE54,
    0xEE54, 0xEE53, 0xEE53, 0xEE53, 0xEE53, 0xEE53, 0xEE53, 0xEE53, 0xEE11, 0xEE31, 0xEE32, 0xEE32, 0xE5F0, 0xE5D0, 0xEDF0, 0xEDF0,
    0xE5CF, 0xE5CF, 0xE5D0, 0xE5F0, 0xEDF1, 0xEDF1, 0xEE11, 0xEDF1, 0xE5D0, 0xE5D0, 0xE5CF, 0xE5CF, 0xE58E, 0xDD4D, 0xE54C, 0xE54C,
    0xDD2C, 0xDD2C, 0xE54C, 0xE54C, 0xE54C, 0xDD0B, 0xCC8A, 0xCC49, 0xC409, 0xC408, 0xCC4A, 0xC429, 0xBBA8, 0xBBC8, 0xBBA8, 0xBBA7,
    0xC3E8, 0xCC69, 0xCC29, 0xBBA7, 0xBBC7, 0xCC69, 0xD489, 0xD489, 0xD489, 0xD489, 0xD4CA, 0xE52B, 0xE54C, 0xE58E, 0xE58E, 0xE58E,
    0xE58E, 0xE58E, 0xE58E, 0xE58D, 0xE58D, 0xE58D, 0xE56D, 0xDD2B, 0xDD0B, 0xDCEB, 0xD4CA, 0xDCEB, 0xDCCA, 0xD489, 0xD48A, 0xDCEB,
    0xDD0B, 0xDD0B, 0xDD0B, 0xE54D, 0xE56D, 0xDD0B, 0xDD0C, 0xE56D, 0xE58E, 0xE58E, 0xE5AE, 0xEDAE, 0xE56D, 0xDD4C, 0xE54D, 0xDD2C,
    0xE54D, 0xE54D, 0xE54D, 0xE56D, 0xE58F, 0xE58F, 0xE58E, 0xDD8E, 0xE58E, 0xE58E, 0xE5AF, 0xB40A, 0x6A05, 0x7AA7, 0xD56F, 0xD52E,
    0xFE71, 0xFE71, 0xFE71, 0xFE71, 0xFE51, 0xFE50, 0xFE51, 0xFE71, 0xFE71, 0xFE71, 0xFE71, 0xFE71, 0xFE51, 0xFE51, 0xF630, 0xF630,
    0xF630, 0xFE50, 0xFE30, 0xF60F, 0xF610, 0xFED3, 0xFF35, 0xFF56, 0xFF56, 0xFF57, 0xFF77, 0xFF77, 0xFF77, 0xFF77, 0xFF56, 0xFF56,
    0xFF76, 0xFF76, 0xFF76, 0xFF76, 0xFF77, 0xFF77, 0xFF77, 0xFF76, 0xFF77, 0xFF97, 0xFF97, 0xFF56, 0xFF76, 0xFF97, 0xFF97, 0xFFB7,
    0xFFD8, 0xFFD8, 0xFFF9, 0xFFD9, 0xFFD9, 0xFFB8, 0xFFB7, 0xFFB7, 0xFFB7, 0xFFB7, 0xFFB7, 0xFFB7, 0xFFB7, 0xFFD8, 0xFFD9, 0xFFD9,
    0xFFF9, 0xFFD9, 0xFFD8, 0xFFD9, 0xFFD9, 0xFFD9, 0xFFF9, 0xFFF9, 0xFFF9, 0xFFD8, 0xFFD8, 0xFFF9, 0xFF75, 0xFED1, 0xFEB1, 0xFED2,
    0xFED1, 0xFE91, 0xFEF2, 0x7A03, 0xC551, 0xFFFD, 0xF670, 0xF64D, 0xFE6F, 0xFE6F, 0xFE8F, 0xFE8F, 0xFE6E, 0xFF77, 0xFFFB, 0xFFFB,
    0xFFFB, 0xFFFA, 0xFFFA, 0xFFFA, 0xFFB9, 0xFFDA, 0xFF58, 0xFF37, 0xD5B1, 0x8B07, 0x4101, 0xD5D3, 0xFF38, 0xEE75, 0xEE75, 0xEE95,
    0xF696, 0xF696, 0xF696, 0xEE95, 0xEE95, 0xEE95, 0xEE74, 0xEE74, 0xEE75, 0xEE74, 0xEE54, 0xEE54, 0xEE54, 0xEE54, 0xEE54, 0xEE54,
    0xEE53, 0xEE53, 0xEE53, 0xEE53, 0xEE53, 0xEE33, 0xEE33, 0xEE33, 0xEE32, 0xEE31, 0xEE33, 0xEE32, 0xEE11, 0xE5D0, 0xEDF0, 0xEDF0,
    0xE5CF, 0xE5CF, 0xE5F0, 0xE5F0, 0xE5F0, 0xEDF1, 0xEE11, 0xEDF1, 0xEDF1, 0xE5F0, 0xE5CF, 0xE5D0, 0xE5CF, 0xE58D, 0xDD4C, 0xDD4C,
    0xDD2C, 0xDD0B, 0xDD0B, 0xDD0B, 0xDD0B, 0xDD0B, 0xDCEB, 0xCC69, 0xC429, 0xBBE8, 0xBBC8, 0xBBC8, 0xBBA8, 0xBBA8, 0xBBA8, 0xBBA7,
    0xC3E8, 0xCC49, 0xCC49, 0x8244, 0xAB47, 0xD489, 0xD469, 0xD489, 0xD4A9, 0xDCCA, 0xDCEB, 0xDD2C, 0xE54D, 0xE58E, 0xE58E, 0xE58E,
    0xE58E, 0xE58E, 0xE58E, 0xE58E, 0xE58E, 0xE58D, 0xE56C, 0xDD2B, 0xDCEB, 0xDCEB, 0xD4AA, 0xDCCB, 0xDD0B, 0xD4AA, 0xD469, 0xD4AA,
    0xDCCB, 0xDD0B, 0xDD0B, 0xE54C, 0xE56D, 0xE56D, 0xE56D, 0xE56D, 0xE56D, 0xE58D, 0xE5AE, 0xEDAE, 0xE56D, 0xDD2C, 0xDD4C, 0xDD2C,
    0xE54D, 0xE56D, 0xE56D, 0xE56E, 0xE58F, 0xE58F, 0xE58E, 0xE58E, 0xE58E, 0xE58E, 0xEE10, 0x8286, 0x4080, 0xCD2E, 0xCD0D, 0xCD0E,
    0xFE71, 0xF650, 0xF610, 0xFE71, 0xFE71, 0xFE51, 0xFE51, 0xFE71, 0xFE71, 0xFE71, 0xFE71, 0xFE71, 0xFE71, 0xFE50, 0xFE50, 0xFE50,
    0xFE50, 0xFE50, 0xF610, 0xF5EF, 0xF5EF, 0xEDCE, 0xF631, 0xFF56, 0xFF57, 0xFF57, 0xFF56, 0xFF36, 0xFF15, 0xFF15, 0xFEF5, 0xF715,
    0xFF56, 0xFF56, 0xFF76, 0xFF77, 0xFF77, 0xFF77, 0xFF97, 0xFF77, 0xFF77, 0xFF97, 0xFFB7, 0xFF77, 0xFF77, 0xFF97, 0xFF97, 0xFF77,
    0xFF97, 0xFF97, 0xFFB8, 0xFFD8, 0xFFD8, 0xFFB8, 0xFFB7, 0xFFB8, 0xFFB8, 0xFFB7, 0xFFB8, 0xFFD8, 0xFFD8, 0xFFD8, 0xFFD8, 0xFFD8,
    0xFFB7, 0xFFB8, 0xFFB8, 0xFFB8, 0xFFB8, 0xFFD9, 0xFFF9, 0xFFF9, 0xFFF9, 0xFFF9, 0xFFF9, 0xFFF9, 0xFF34, 0xFE90, 0xFEB1, 0xFED2,
    0xFED1, 0xFEB1, 0xFED1, 0x8AA5, 0x9349, 0xD634, 0xFF55, 0xFF56, 0xFFB8, 0xFF76, 0xFEB0, 0xFE8F, 0xFE6F, 0xFF97, 0xFFFB, 0xFFFA,
    0xFFFA, 0xFFFA, 0xFFFA, 0xFFDA, 0xFFFA, 0xF758, 0xEE74, 0xEE74, 0xEE32, 0xD54F, 0xC4ED, 0x7AA7, 0x7AC8, 0xF6D6, 0xFF38, 0xF6B6,
    0xEE95, 0xEE95, 0xEE95, 0xEE95, 0xEE95, 0xEE95, 0xEE75, 0xEE74, 0xEE74, 0xEE74, 0xEE54, 0xEE54, 0xEE54, 0xEE54, 0xEE54, 0xEE54,
    0xEE53, 0xEE33, 0xEE53, 0xEE53, 0xEE53, 0xEE33, 0xEE33, 0xEE53, 0xEE33, 0xEE33, 0xEE33, 0xEE32, 0xEE32, 0xEDF1, 0xEDF0, 0xE5F0,
    0xE5F0, 0xE5F0, 0xEE11, 0xEE11, 0xEE11, 0xEE11, 0xEE11, 0xEE11, 0xEE11, 0xEDF0, 0xE5AE, 0xE5AE, 0xE5CE, 0xE5AE, 0xDD2C, 0xDD0B,
    0xDD0B, 0xDD0B, 0xDCEB, 0xD4AA, 0xD48A, 0xD48A, 0xD48A, 0xCC6A, 0xCC69, 0xC408, 0xBBC8, 0xBBC8, 0xBBC8, 0xBBC8, 0xC3E8, 0xC428,
    0xC428, 0xCC49, 0xCC6A, 0x5942, 0x9B27, 0xDCCA, 0xD489, 0xD489, 0xD4A9, 0xDD0C, 0xE52C, 0xDD2B, 0xE54C, 0xE58E, 0xE58E, 0xE58E,
    0xE58E, 0xE58E, 0xE58E, 0xE58E, 0xE58E, 0xE54C, 0xE54C, 0xE54C, 0xDD0B, 0xDCEB, 0xD4AA, 0xD4AA, 0xDCEB, 0xDD0B, 0xD4AA, 0xCC49,
    0xD4AA, 0xDD0B, 0xDD0B, 0xE54D, 0xE56E, 0xE56D, 0xE56D, 0xE56D, 0xE56D, 0xE56D, 0xE54D, 0xEDAE, 0xE56D, 0xDD2C, 0xE54C, 0xE54C,
    0xE54D, 0xE54D, 0xE56D, 0xE5AF, 0xE5B0, 0xE5AF, 0xE5AF, 0xE5AF, 0xE58F, 0xE5AF, 0x7246, 0x7A86, 0xABCA, 0xC4CD, 0xCD0E, 0xCD0E,
    0xFE71, 0xFE51, 0xFE51, 0xFE71, 0xFE71, 0xFE51, 0xFE51, 0xFE51, 0xFE71, 0xFE51, 0xFE51, 0xFE50, 0xF630, 0xF610, 0xF5EF, 0xF60F,
    0xF60F, 0xF5EF, 0xEDEF, 0xEDEF, 0xEDEF, 0xEDCE, 0xF651, 0xFF56, 0xFF57, 0xFF36, 0xFF15, 0xFEF4, 0xF6F4, 0xF6F4, 0xF6D4, 0xFF36,
    0xFF56, 0xFF76, 0xFF77, 0xFF77, 0xFF77, 0xFF97, 0xFFD8, 0xFFB8, 0xFF77, 0xFF77, 0xFF97, 0xFF97, 0xFF97, 0xFF97, 0xFF97, 0xFF97,
    0xFF97, 0xFF97, 0xFF97, 0xFF97, 0xFFB7, 0xFFB8, 0xFFB8, 0xFFB8, 0xFFB8, 0xFFB7, 0xFFB8, 0xFFD8, 0xFFB8, 0xFFB7, 0xFF97, 0xFF97,
    0xFF97, 0xFFB7, 0xFFB7, 0xFFB7, 0xFFD8, 0xFFD9, 0xFFF9, 0xFFF9, 0xFFF9, 0xFFD9, 0xFFB7, 0xFFB7, 0xFF34, 0xFE91, 0xFE91, 0xFE91,
    0xFEB1, 0xFEB1, 0xFE90, 0xF6B1, 0xABA7, 0xA3EB, 0xFFFC, 0xFFB9, 0xFFB9, 0xFF76, 0xFE90, 0xFE8F, 0xFE8F, 0xFF34, 0xFFB9, 0xFFFA,
    0xFFDA, 0xFFDA, 0xFFFA, 0xFFFB, 0xFF79, 0xF6D6, 0xEE75, 0xF695, 0xE5F1, 0xDD8F, 0xE5D0, 0xABEA, 0x82A7, 0x936B, 0xA3CC, 0xD571,
    0xFED7, 0xF6B6, 0xF696, 0xEE95, 0xEE95, 0xEE95, 0xEE95, 0xEE75, 0xEE75, 0xEE75, 0xEE75, 0xEE54, 0xEE54, 0xEE54, 0xEE54, 0xEE54,
    0xEE53, 0xEE33, 0xEE33, 0xEE53, 0xEE32, 0xEE33, 0xEE33, 0xEE33, 0xEE53, 0xEE33, 0xEE33, 0xEE32, 0xEE32, 0xEE11, 0xE5F0, 0xE5D0,
    0xEE11, 0xEE11, 0xEE11, 0xEE11, 0xEE11, 0xEE11, 0xEE11, 0xEE11, 0xEE11, 0xEE11, 0xE5CF, 0xE58D, 0xE56D, 0xE58D, 0xDD4C, 0xDD0B,
    0xDD0B, 0xDD0B, 0xDD0B, 0xDCEB, 0xD4AA, 0xD489, 0xD48A, 0xD48A, 0xCC8A, 0xCC49, 0xBBC8, 0xBBC8, 0xBBC7, 0xBBA7, 0xC408, 0xCC49,
    0xCC49, 0xCC49, 0xCC6A, 0x6162, 0xA327, 0xDCCA, 0xD489, 0xD489, 0xD4AA, 0xDD0B, 0xDD2C, 0xE54D, 0xE58D, 0xE58E, 0xE58E, 0xE58E,
    0xE58E, 0xE5AE, 0xE58E, 0xE58E, 0xE58E, 0xE54C, 0xDD0B, 0xDD0C, 0xE54C, 0xDD0B, 0xD4AA, 0xD4AA, 0xD4AA, 0xDCCB, 0xDCEB, 0xD4AA,
    0xD4AA, 0xDD0B, 0xDD0B, 0xDD4C, 0xE56D, 0xE56D, 0xE56D, 0xE56D, 0xE56D, 0xE56D, 0xE54D, 0xE56D, 0xE54D, 0xE54C, 0xE54D, 0xE54C,
    0xE56D, 0xE58F, 0xE58F, 0xE5B0, 0xE5B0, 0xE5B0, 0xE5B0, 0xE5D0, 0xDD8F, 0xE5CF, 0x5183, 0x7286, 0xDD8F, 0xCCED, 0xCCED, 0xCD0D,
    0xFE71, 0xFE71, 0xFE71, 0xFE71, 0xFE71, 0xFE51, 0xFE51, 0xFE51, 0xFE71, 0xFE51, 0xFE51, 0xFE50, 0xF630, 0xF5EF, 0xEDCE, 0xF5CF,
    0xF610, 0xF610, 0xF610, 0xF630, 0xEDEF, 0xEDAE, 0xF650, 0xFEF4, 0xFEF4, 0xFF15, 0xFF15, 0xFF15, 0xFF15, 0xFF35, 0xFF15, 0xFF56,
    0xFF76, 0xFF97, 0xFFB8, 0xFFB8, 0xFFB8, 0xFF97, 0xFFD9, 0xFFD8, 0xFF97, 0xFF77, 0xFF56, 0xFF77, 0xFF97, 0xFF77, 0xFF77, 0xFF77,
    0xFF97, 0xFF97, 0xFF97, 0xFF97, 0xFFB8, 0xFFD8, 0xFFB8, 0xFFD8, 0xFFB7, 0xFF96, 0xFFB7, 0xFFB8, 0xFFD8, 0xFFD8, 0xFF97, 0xFF97,
    0xFFB7, 0xFFD8, 0xFFB8, 0xFFD8, 0xFFF9, 0xFFF9, 0xFFF9, 0xFFF9, 0xFFF9, 0xFFD9, 0xFFB7, 0xFF56, 0xFF96, 0xFF95, 0xFF13, 0xFF13,
    0xFEB1, 0xFE91, 0xFE90, 0xFF11, 0xBC29, 0xA3EC, 0xF799, 0xFF98, 0xFFB8, 0xFF56, 0xFEB0, 0xF64F, 0xF62E, 0xF62F, 0xFF77, 0xFFDA,
    0xFFDA, 0xFFFB, 0xFFB9, 0xF758, 0xF6D6, 0xEE74, 0xEE74, 0xEE33, 0xE5D1, 0xDD6F, 0xDD6F, 0xE5F0, 0xCCEE, 0x7204, 0x69C4, 0xAC6D,
    0xE654, 0xDDF3, 0xEE95, 0xF695, 0xF695, 0xEE95, 0xEE95, 0xEE75, 0xEE75, 0xEE75, 0xEE75, 0xEE55, 0xEE54, 0xEE54, 0xEE54, 0xEE54,
    0xEE53, 0xEE33, 0xEE33, 0xEE53, 0xE632, 0xEE32, 0xEE53, 0xEE53, 0xEE53, 0xEE33, 0xEE33, 0xEE32, 0xEE32, 0xEE11, 0xE5F0, 0xEDF1,
    0xEE11, 0xEE11, 0xEE11, 0xEE11, 0xEE11, 0xEE11, 0xEE11, 0xEE11, 0xEDF1, 0xE5F0, 0xEDF0, 0xE5CE, 0xE56D, 0xE56D, 0xE56D, 0xDD2C,
    0xDD0B, 0xDD0B, 0xDD0B, 0xDD0B, 0xD4CA, 0xCC89, 0xCC69, 0xD48A, 0xCC49, 0xBBE8, 0xBBC8, 0xBBE8, 0xC408, 0xC408, 0xC408, 0xCC48,
    0xCC48, 0xCC49, 0xCC6A, 0x6162, 0x9B27, 0xDCCA, 0xD489, 0xD4AA, 0xD4AA, 0xDD0C, 0xDD2C, 0xE56D, 0xE58E, 0xE58D, 0xE58E, 0xE58E,
    0xE58E, 0xE58E, 0xE5AE, 0xE5AE, 0xEDAE, 0xE56D, 0xD4CB, 0xD4AB, 0xDD0C, 0xDD2C, 0xD4AA, 0xD48A, 0xD48A, 0xD48A, 0xD4AA, 0xDCEB,
    0xDD0B, 0xDD2C, 0xDD0B, 0xDD4C, 0xE54D, 0xE56D, 0xE56D, 0xE56D, 0xE56D, 0xE56D, 0xE54D, 0xDD4D, 0xE54D, 0xE54D, 0xE54D, 0xE52C,
    0xE56D, 0xE5D0, 0xE5D0, 0xE5D0, 0xE5D0, 0xE5D0, 0xE5D0, 0xE5D0, 0xDD8F, 0xE5F0, 0x59A4, 0x6A45, 0xD4ED, 0xC48C, 0xC4ED, 0xCD0E,
    0xFE71, 0xFE71, 0xFE71, 0xFE71, 0xFE71, 0xFE71, 0xFE71, 0xFE51, 0xFE51, 0xFE51, 0xFE51, 0xFE51, 0xF610, 0xF5EF, 0xF5EF, 0xF5EF,
    0xFE30, 0xFE30, 0xFE30, 0xFE10, 0xEDAE, 0xEDAE, 0xF5EF, 0xF610, 0xFEF4, 0xFF15, 0xFF15, 0xFF15, 0xFF35, 0xFF56, 0xFF57, 0xFF56,
    0xFF77, 0xFFD8, 0xFFB8, 0xFFD8, 0xFFD9, 0xFFD8, 0xFFD8, 0xFFD8, 0xFFB8, 0xFF97, 0xFF56, 0xFF76, 0xFF97, 0xFF76, 0xFF56, 0xFF77,
    0xFF97, 0xFFB7, 0xFFB7, 0xFFB7, 0xFFD8, 0xFFB7, 0xFF97, 0xFFB7, 0xFF97, 0xFF76, 0xFF97, 0xFFB7, 0xFFD8, 0xFFD8, 0xFFB7, 0xFFB7,
    0xFFB7, 0xFFD8, 0xFFF9, 0xFFD9, 0xFFD9, 0xFFD8, 0xFFD8, 0xFFB8, 0xFFD8, 0xFFD8, 0xFFD8, 0xFFD8, 0xFFF8, 0xFF96, 0xFEB1, 0xFEB1,
    0xFEB1, 0xFE90, 0xFE70, 0xFE90, 0xEE0F, 0x9327, 0x7266, 0xFFD7, 0xFF97, 0xFF14, 0xFED1, 0xF62E, 0xF5CC, 0xF5EE, 0xF6D4, 0xF737,
    0xFF57, 0xFF98, 0xF6F7, 0xEE54, 0xEE74, 0xF675, 0xEE74, 0xDD90, 0xD56F, 0xDD6F, 0xDD6F, 0xD54E, 0xD54E, 0xDD6F, 0xE5F1, 0x7A86,
    0x3880, 0x6205, 0xF696, 0xF695, 0xEE95, 0xEE75, 0xEE75, 0xEE55, 0xEE74, 0xEE75, 0xEE75, 0xEE55, 0xEE54, 0xEE53, 0xEE53, 0xEE53,
    0xEE33, 0xEE33, 0xEE53, 0xEE53, 0xEE32, 0xEE53, 0xEE53, 0xEE53, 0xEE53, 0xEE53, 0xEE33, 0xEE32, 0xEE32, 0xEE32, 0xEE32, 0xEE32,
    0xEE32, 0xEE11, 0xEE11, 0xEE11, 0xEDF0, 0xEE11, 0xEE12, 0xEE11, 0xE5F0, 0xE5CF, 0xEDCF, 0xEDEF, 0xE5CE, 0xE56D, 0xE56D, 0xE56C,
    0xDD0B, 0xDD0B, 0xDCCA, 0xD4CA, 0xD4CA, 0xD4AA, 0xC428, 0xC428, 0xC429, 0xC3E8, 0xBBE8, 0xC408, 0xCC49, 0xCC49, 0xC448, 0xCC48,
    0xCC49, 0xCC49, 0xCC8A, 0x6162, 0x9B27, 0xDCCA, 0xCC89, 0xD4A9, 0xD4AA, 0xDD0C, 0xDD2C, 0xE56D, 0xE58E, 0xE58E, 0xE58E, 0xE58E,
    0xE58E, 0xE58E, 0xE5AE, 0xDD2D, 0xE56D, 0xE58D, 0xD4CB, 0xD4AA, 0xD4AA, 0xDCEC, 0xDCCB, 0xD4AA, 0xD4AA, 0xD48A, 0xD48A, 0xDCEB,
    0xE52D, 0xDD4D, 0xE52C, 0xE54C, 0xE54D, 0xE56D, 0xE56D, 0xE56D, 0xE56D, 0xE56D, 0xDD4C, 0xDD4D, 0xDD4D, 0xE56D, 0xE58E, 0xE58E,
    0xE58E, 0xE5B0, 0xE5D0, 0xE5D0, 0xE5D0, 0xE5D0, 0xE5D0, 0xEE11, 0xDD6F, 0x61C4, 0x7225, 0xA347, 0xBBA8, 0xB3A8, 0xC48B, 0xCCED,
    0xFE71, 0xFE71, 0xFE71, 0xFE51, 0xFE51, 0xFE51, 0xFE51, 0xFE51, 0xFE51, 0xFE51, 0xFE51, 0xFE31, 0xFE30, 0xFE30, 0xFE51, 0xFE51,
    0xFE30, 0xFE30, 0xF60F, 0xF5EF, 0xF5EF, 0xF630, 0xF650, 0xF610, 0xFEB2, 0xFF14, 0xFF14, 0xFF15, 0xFF77, 0xFF77, 0xFF77, 0xFF77,
    0xFF98, 0xFFD9, 0xFFB8, 0xFFD8, 0xFFD9, 0xFFD9, 0xFFF9, 0xFFD9, 0xFFB8, 0xFF97, 0xFF76, 0xFF76, 0xFF97, 0xFF56, 0xFF35, 0xFF76,
    0xFF97, 0xFF97, 0xFFB7, 0xFFB8, 0xFFB7, 0xFF97, 0xFF77, 0xFF56, 0xFF77, 0xFFB8, 0xFFD8, 0xFFD8, 0xFFD8, 0xFFD8, 0xFFD8, 0xFFD8,
    0xFFD8, 0xFFD8, 0xFFD8, 0xFFD8, 0xFFD8, 0xFFB8, 0xFFB7, 0xFFB7, 0xFFB8, 0xFFD8, 0xFFD8, 0xFFD9, 0xFFD8, 0xFF75, 0xFE70, 0xFE70,
    0xFE70, 0xFE70, 0xFE70, 0xFE70, 0xFED1, 0xDD6E, 0x8AC7, 0xC52F, 0xE673, 0xFF35, 0xEDEF, 0xE54C, 0xDCEA, 0xDCEA, 0xDD2B, 0xF694,
    0xF6B5, 0xF695, 0xEE95, 0xEE94, 0xEE94, 0xEE54, 0xE612, 0xDD90, 0xD56F, 0xDD6F, 0xDD6F, 0xD54F, 0xD52E, 0xCCED, 0xBC8C, 0x69E4,
    0x8245, 0x71E4, 0x5984, 0x5984, 0x59A4, 0xDDF3, 0xFED6, 0xF695, 0xF675, 0xEE34, 0xEE34, 0xEE34, 0xEE34, 0xEE53, 0xEE53, 0xEE52,
    0xEE33, 0xEE53, 0xEE53, 0xEE53, 0xEE53, 0xEE53, 0xEE53, 0xEE53, 0xEE53, 0xEE53, 0xEE32, 0xEE32, 0xEE32, 0xEE32, 0xEE32, 0xEE32,
    0xEE32, 0xEE11, 0xEE11, 0xEDF0, 0xE5CF, 0xEDF1, 0xEE11, 0xEDF1, 0xE5D0, 0xE5CF, 0xE5CF, 0xEDEF, 0xE5AE, 0xE56D, 0xE56D, 0xE54C,
    0xDD0B, 0xDCCB, 0xD4AA, 0xD489, 0xCC69, 0xCC49, 0xC408, 0xC3E8, 0xC3E8, 0xC3E8, 0xC428, 0xCC49, 0xCC49, 0xCC49, 0xCC48, 0xCC48,
    0xCC69, 0xC449, 0xC42A, 0x6183, 0xA347, 0xDCEB, 0xD4A9, 0xD4A9, 0xD4CA, 0xDD2C, 0xDD2C, 0xE56D, 0xE58E, 0xE58E, 0xE5AE, 0xE5AE,
    0xE58E, 0xE5AE, 0xE5AE, 0xE56D, 0xDD2C, 0xDD0C, 0xDCCB, 0xD4AA, 0xD4AA, 0xD4AA, 0xD4AA, 0xE50B, 0xDCCA, 0xD48A, 0xD4AA, 0xD4AA,
    0xDD0C, 0xE54D, 0xE54D, 0xE54C, 0xE54D, 0xE54D, 0xE56D, 0xE56D, 0xE56D, 0xE58E, 0xDD4D, 0xE54D, 0xE54D, 0xE56D, 0xE5D0, 0xE5D0,
    0xE5D0, 0xE5D0, 0xE5D0, 0xE5D0, 0xE5D0, 0xE5D1, 0xE5B0, 0xD52E, 0xA3CA, 0x5102, 0x9B07, 0xC3C8, 0xB3A8, 0xBBA8, 0xB3A8, 0xC4AB,
    0xF630, 0xF630, 0xFE30, 0xF60F, 0xF5EF, 0xF610, 0xFE50, 0xF630, 0xF5EF, 0xF610, 0xFE71, 0xFE71, 0xFE71, 0xFE71, 0xFE51, 0xFE71,
    0xFE51, 0xFE50, 0xFE51, 0xFE71, 0xFE91, 0xFE71, 0xF630, 0xF610, 0xF651, 0xFEF4, 0xFF35, 0xFF35, 0xFF77, 0xFF77, 0xFF57, 0xFF57,
    0xFF97, 0xFFD9, 0xFFD9, 0xFFD8, 0xFFD9, 0xFFD9, 0xFFF9, 0xFFD9, 0xFFB8, 0xFF97, 0xFF97, 0xFF97, 0xFF56, 0xFF15, 0xFF97, 0xFFB8,
    0xFFB8, 0xFFB8, 0xFFB8, 0xFF97, 0xFF97, 0xFF97, 0xFF77, 0xFF36, 0xFF77, 0xFFB8, 0xFFB8, 0xFFB8, 0xFFD8, 0xFFD8, 0xFFD8, 0xFFD8,
    0xFFB8, 0xFFB8, 0xFFB8, 0xFFB8, 0xFFB8, 0xFFD8, 0xFFD8, 0xFFD8, 0xFFD8, 0xFFD9, 0xFFF9, 0xFFF9, 0xFFD8, 0xFF75, 0xFEB1, 0xFE70,
    0xFE70, 0xFE70, 0xFE70, 0xFE70, 0xFE50, 0xFED1, 0xCD2D, 0x48C1, 0x7A66, 0xE632, 0xE5EF, 0xDCEA, 0xD4AA, 0xD4A9, 0xDCEB, 0xEE32,
    0xEE53, 0xEE53, 0xEE33, 0xEE33, 0xEE53, 0xE5F1, 0xDD6F, 0xDD8F, 0xDD8F, 0xDD6F, 0xDD6F, 0xD52E, 0xCD2E, 0xBC8D, 0x5121, 0x5101,
    0xAB46, 0x9AE6, 0x7A04, 0x8244, 0x71E3, 0x61E5, 0x6A26, 0x6A05, 0x61A4, 0xCD30, 0xFED6, 0xF695, 0xF695, 0xEE54, 0xEE54, 0xEE53,
    0xEE53, 0xEE53, 0xEE53, 0xEE53, 0xEE53, 0xEE73, 0xEE53, 0xEE53, 0xEE53, 0xEE33, 0xEE32, 0xEE32, 0xEE32, 0xEE32, 0xEE32, 0xEE32,
    0xEE32, 0xEE12, 0xEE11, 0xEDF0, 0xE5CF, 0xE5AF, 0xE5CF, 0xE5CF, 0xE5D0, 0xEDCF, 0xEDF0, 0xEDEF, 0xE5AE, 0xDD2C, 0xDD2C, 0xDD2C,
    0xDD0B, 0xD4CA, 0xD489, 0xD4AA, 0xCC49, 0xBBE7, 0xC3E8, 0xC3E8, 0xC3E8, 0xBBE8, 0xC429, 0xCC49, 0xCC49, 0xCC49, 0xCC49, 0xCC49,
    0xCC89, 0xA367, 0x5942, 0xABC9, 0xCC8A, 0xD4AA, 0xD4AA, 0xD4CA, 0xDD2C, 0xDD2C, 0xD52C, 0xDD6D, 0xE5AE, 0xE58E, 0xE5AE, 0xE5AE,
    0xE5AF, 0xE5AF, 0xE5AF, 0xE5AE, 0xDCEB, 0xD4AA, 0xD4AA, 0xD4AA, 0xD4AA, 0xD4AA, 0xD4AA, 0xE50B, 0xDCEB, 0xDCCA, 0xD4CA, 0xD4AA,
    0xDD0C, 0xE56D, 0xE54D, 0xE54D, 0xE54D, 0xE54D, 0xE54D, 0xE54D, 0xDD4D, 0xE58E, 0xE56D, 0xDD4D, 0xE56D, 0xE56D, 0xE5AF, 0xE5D0,
    0xE5D0, 0xE5B0, 0xE5D0, 0xE5D1, 0xE5D1, 0xE5D1, 0xDD8F, 0x9328, 0x5902, 0xB387, 0xB388, 0xB388, 0xBBA8, 0xBBA8, 0xBBC8, 0xBBE8,
    0xF5EF, 0xF5EF, 0xF5EF, 0xF5CF, 0xEDAE, 0xEDCE, 0xEDCF, 0xF5EF, 0xF5CF, 0xEDCF, 0xF5EF, 0xF5EF, 0xFE51, 0xFE71, 0xFE71, 0xFE71,
    0xFE51, 0xFE51, 0xFE51, 0xFE51, 0xFE50, 0xF630, 0xF60F, 0xF650, 0xFED3, 0xFF35, 0xFF56, 0xFF56, 0xFF77, 0xFF77, 0xFF77, 0xFF77,
    0xFF98, 0xFFD8, 0xFFD8, 0xFFD9, 0xFFD9, 0xFFD9, 0xFFD9, 0xFFD9, 0xFFD8, 0xFF77, 0xFF77, 0xFF76, 0xFF56, 0xFF76, 0xFFD8, 0xFFF8,
    0xFFD8, 0xFFD8, 0xFFD8, 0xFFB7, 0xFF97, 0xFF97, 0xFF97, 0xFF97, 0xFFB8, 0xFFB8, 0xFFB8, 0xFFB8, 0xFFB8, 0xFFB8, 0xFFB8, 0xFFB8,
    0xFFB8, 0xFFD8, 0xFFD8, 0xFFD8, 0xFFD8, 0xFFD9, 0xFFF9, 0xFFF9, 0xFFF9, 0xFFF9, 0xFFD8, 0xFFB8, 0xFFD8, 0xFFB7, 0xFF96, 0xFEB1,
    0xFE70, 0xFE90, 0xFE70, 0xFE70, 0xFE70, 0xFE70, 0xFE90, 0xDD4D, 0x6142, 0x9328, 0xF692, 0xD4EB, 0xCC89, 0xD489, 0xD4EC, 0xE58F,
    0xDD6F, 0xDD6F, 0xDD6F, 0xDD8F, 0xDD8F, 0xDD8F, 0xDD8F, 0xDD6F, 0xDD6F, 0xDD6F, 0xDD90, 0xE5D0, 0x82A7, 0x48E2, 0x6142, 0x92C6,
    0xA306, 0xAB26, 0xAB67, 0xB387, 0xA306, 0x6983, 0x69A3, 0x71C3, 0x69A3, 0x9349, 0xAC2D, 0xABEC, 0xB44C, 0xCD4F, 0xEE53, 0xF674,
    0xEE53, 0xEE53, 0xEE53, 0xEE53, 0xEE53, 0xEE73, 0xEE73, 0xEE53, 0xEE33, 0xEE33, 0xEE33, 0xEE33, 0xEE33, 0xEE32, 0xEE32, 0xEE32,
    0xEE32, 0xEE11, 0xE5EF, 0xEDF0, 0xE5AF, 0xE5AF, 0xE5CF, 0xEDCF, 0xE5CF, 0xE5AE, 0xE58E, 0xE58E, 0xEDCE, 0xD4CB, 0xC428, 0xCC69,
    0xD4AA, 0xD4AA, 0xD469, 0xD469, 0xCC49, 0xC3E8, 0xC3E8, 0xC3E8, 0xC3E8, 0xC3E8, 0xC3E8, 0xCC29, 0xCC49, 0xCC49, 0xCC49, 0xCC49,
    0xD489, 0xA347, 0x50E1, 0xC449, 0xD4AB, 0xD4A9, 0xD4AA, 0xDD0B, 0xDD4D, 0xDD2C, 0xDD2C, 0xDD6D, 0xE58E, 0xE58E, 0xE5AE, 0xE5AF,
    0xE5AF, 0xE56E, 0xE56D, 0xE58E, 0xDD0B, 0xD4AA, 0xD4CA, 0xD4AA, 0xD4AA, 0xD4AA, 0xD4AA, 0xDCCB, 0xDD0B, 0xDD0B, 0xDCCB, 0xDCCB,
    0xE54D, 0xE54D, 0xE54D, 0xE54D, 0xE54D, 0xE54D, 0xE54D, 0xDD4D, 0xDD4D, 0xE58E, 0xDD6D, 0xDD4D, 0xE5AF, 0xEDAF, 0xE5B0, 0xE5D0,
    0xE5D0, 0xE5B0, 0xE5D0, 0xE5D1, 0xE5B0, 0xEE11, 0xBCCD, 0x48C1, 0xAB48, 0xBB87, 0xB387, 0xB3A8, 0xBBA8, 0xBBA8, 0xBBA8, 0xBBA8,
    0xEDCE, 0xEDCE, 0xEDCE, 0xEDAE, 0xED8E, 0xEDAE, 0xEDAE, 0xED8E, 0xED8E, 0xED8E, 0xE54D, 0xE56D, 0xF630, 0xF630, 0xF610, 0xF630,
    0xFE71, 0xFE51, 0xFE51, 0xFE50, 0xFE30, 0xF62F, 0xF62F, 0xF630, 0xFED3, 0xFF15, 0xFF15, 0xFF15, 0xFF77, 0xFFB8, 0xFFD9, 0xFFB9,
    0xFFB9, 0xFFB8, 0xFF97, 0xFFD9, 0xFFD9, 0xFFD9, 0xFFD8, 0xFFB8, 0xFFB8, 0xFF36, 0xFF36, 0xFF35, 0xFF97, 0xFFF9, 0xFFD8, 0xFFD9,
    0xFFD8, 0xFFD8, 0xFFD8, 0xFFB7, 0xFF77, 0xFF77, 0xFF97, 0xFF97, 0xFFB8, 0xFFB8, 0xFFB8, 0xFFB8, 0xFFB8, 0xFFB7, 0xFFB7, 0xFFB8,
    0xFFD8, 0xFFD9, 0xFFD9, 0xFFF9, 0xFFF9, 0xFFD8, 0xFFD8, 0xFFD8, 0xFFD9, 0xFFD9, 0xFFD9, 0xFFB8, 0xFFB7, 0xFF97, 0xFF34, 0xFE90,
    0xFE70, 0xFE90, 0xFE90, 0xFE90, 0xFE90, 0xFE70, 0xFE90, 0xFE70, 0xEE0F, 0x7265, 0x61C4, 0xB409, 0xDD0A, 0xD4AA, 0xDD4C, 0xEDF0,
    0xEDF0, 0xEDF0, 0xEDF0, 0xEE10, 0xEDF1, 0xE5F1, 0xE5F1, 0xE5D1, 0xEE11, 0xD54F, 0x7205, 0x71E5, 0x5942, 0x71C3, 0x9AC5, 0xAB26,
    0xA325, 0xA326, 0xAB26, 0xAB26, 0xAB46, 0xB387, 0xB3A7, 0xBC29, 0xB3C9, 0x5942, 0x50E1, 0x5921, 0x5101, 0x69E4, 0xDDB1, 0xE613,
    0xE5F2, 0xEE33, 0xEE53, 0xE633, 0xEE53, 0xEE74, 0xEE74, 0xEE33, 0xEE12, 0xEE33, 0xEE33, 0xEE33, 0xEE33, 0xEE32, 0xEE32, 0xEE32,
    0xEE32, 0xEDF0, 0xE5EF, 0xEDF0, 0xE5CF, 0xDD6D, 0xE56D, 0xEDAE, 0xEDEF, 0xDD4D, 0xD48A, 0xD4AA, 0xE54D, 0xDD4C, 0xCC49, 0xC3E7,
    0xC408, 0xC408, 0xC408, 0xC408, 0xC408, 0xC3E7, 0xC407, 0xC3E8, 0xC3E8, 0xC408, 0xC408, 0xC428, 0xCC69, 0xCC69, 0xCC49, 0xCC49,
    0xD489, 0xA347, 0x5901, 0xC429, 0xD4AA, 0xCCAA, 0xD48A, 0xD4EB, 0xDD4D, 0xDD2C, 0xDD2D, 0xDD6E, 0xE5AF, 0xE58F, 0xE5AE, 0xE5AF,
    0xEDAF, 0xDD0C, 0xD4AB, 0xDD0C, 0xE52C, 0xD4CB, 0xD4CA, 0xD4CA, 0xD4AA, 0xD4AA, 0xD4AA, 0xD4CA, 0xDCEB, 0xE52C, 0xDD0C, 0xDCCB,
    0xE54D, 0xE56D, 0xE54D, 0xE54D, 0xE54D, 0xE54D, 0xE56D, 0xDD6D, 0xDD4D, 0xE58F, 0xE5B0, 0xE5AF, 0xE5B0, 0xE5D0, 0xE5D0, 0xE5D0,
    0xE5D0, 0xE5D1, 0xE5D1, 0xE5D1, 0xEE11, 0x8B07, 0x61A4, 0x8A65, 0xB347, 0xBB88, 0xB387, 0xB387, 0xB3A7, 0xB3A8, 0xBBA8, 0xBBA8,
    0xFE30, 0xFE71, 0xFE71, 0xFE71, 0xFE51, 0xFE71, 0xF630, 0xEDCF, 0xF630, 0xFE71, 0xFE91, 0xEDEF, 0xEDEF, 0xF5EF, 0xEDCF, 0xF610,
    0xFE71, 0xFE51, 0xFE51, 0xFE50, 0xF630, 0xF60F, 0xFE0F, 0xF60F, 0xFED3, 0xFF35, 0xFF56, 0xFF57, 0xFFB8, 0xFFD9, 0xFFD9, 0xFFD9,
    0xFFD9, 0xFFB8, 0xFFB8, 0xFFD9, 0xFFD9, 0xFFD8, 0xFF77, 0xFF56, 0xFF36, 0xFF15, 0xFF36, 0xFFB8, 0xFFD8, 0xFFF9, 0xFFF9, 0xFFD8,
    0xFFD8, 0xFFB8, 0xFF97, 0xFF76, 0xFF56, 0xFF76, 0xFF77, 0xFF77, 0xFF97, 0xFF97, 0xFF97, 0xFFB8, 0xFFD8, 0xFFB7, 0xFF97, 0xFF97,
    0xFFB8, 0xFFB8, 0xFFB7, 0xFFB8, 0xFF97, 0xFF97, 0xFF77, 0xFF77, 0xFF97, 0xFFB8, 0xFFD9, 0xFFD8, 0xFFB7, 0xFF76, 0xFED2, 0xFE90,
    0xFE70, 0xFE90, 0xFE70, 0xFE70, 0xFE70, 0xFE70, 0xFE70, 0xFE70, 0xFE90, 0xD50C, 0xC4CC, 0x7A86, 0x5962, 0x6183, 0x61C3, 0x9348,
    0x9B89, 0x9B89, 0x9B89, 0x9B89, 0x9B89, 0x9B89, 0x9B89, 0x9B89, 0x9B89, 0x8B08, 0x5942, 0x6962, 0x8203, 0xAB46, 0xAB46, 0xA326,
    0xA326, 0xAB26, 0xAB26, 0xAB46, 0xAB46, 0xAB46, 0xAB67, 0xB3C8, 0xB3C9, 0xB3E9, 0xBC09, 0xBC09, 0xBC09, 0x8285, 0x5122, 0x5101,
    0x82A7, 0xEE33, 0xE5F2, 0xE5F2, 0xEE53, 0xEE94, 0xF674, 0xEE53, 0xEE12, 0xEE33, 0xEE33, 0xEE33, 0xEE33, 0xEE32, 0xEE32, 0xEE32,
    0xEE32, 0xEE11, 0xE5CF, 0xEDCF, 0xE5CF, 0xDD6D, 0xDD0C, 0xD4CB, 0xE58E, 0xE56D, 0xD48A, 0xCC69, 0xCC29, 0xDCEB, 0xD4AB, 0xC3E8,
    0xC408, 0xC408, 0xC408, 0xC3E8, 0xC3E8, 0xC408, 0xC428, 0xCC69, 0xCC69, 0xCC49, 0xC428, 0xC428, 0xCC49, 0xCC49, 0xCC69, 0xCC49,
    0xD4AA, 0xA347, 0x69A3, 0xCCAB, 0xCCAA, 0xD4AB, 0xCC8A, 0xD4EB, 0xDD4D, 0xDD2D, 0xDD2D, 0xE58F, 0xE5AF, 0xE5AF, 0xE56E, 0xDD4D,
    0xEDAF, 0xDD2C, 0xD4CB, 0xD4CB, 0xD4CB, 0xDCCB, 0xDCCB, 0xDCCB, 0xD4CA, 0xDCCB, 0xDCEB, 0xDCEB, 0xD4CB, 0xDD2C, 0xE54D, 0xE54D,
    0xE56D, 0xE56D, 0xE56D, 0xE54D, 0xE54D, 0xDD4D, 0xE5AF, 0xE58E, 0xDD4E, 0xE5AF, 0xE5D1, 0xE5D0, 0xE5D0, 0xE5D1, 0xE5D1, 0xE5D0,
    0xE5D1, 0xE5B0, 0xDD8F, 0xDD90, 0xEDF2, 0x7245, 0x48E1, 0xC3EA, 0xB387, 0xB387, 0xB3A7, 0xB387, 0xB387, 0xB3A8, 0xB3A8, 0xBBA8,
    0xFE51, 0xFE51, 0xFE51, 0xFE71, 0xEDEF, 0xE58E, 0xE58E, 0xE58E, 0xEDEF, 0xFED3, 0xFEF3, 0xFED2, 0xFEB2, 0xFEB2, 0xFEB2, 0xFE71,
    0xF630, 0xFE51, 0xFE71, 0xFE71, 0xFE51, 0xFE70, 0xFE50, 0xF60F, 0xF671, 0xFEF4, 0xFFB8, 0xFFD9, 0xFFB9, 0xFFB9, 0xFFB9, 0xFFB9,
    0xFFD9, 0xFFD9, 0xFFD9, 0xFFD9, 0xFFB8, 0xFF77, 0xFF56, 0xFF56, 0xFF56, 0xFF36, 0xFF77, 0xFFF9, 0xFFF9, 0xFFD9, 0xFFF9, 0xFFB8,
    0xFFB7, 0xFF76, 0xFF56, 0xFF97, 0xFF98, 0xFFB8, 0xFFB7, 0xFF97, 0xFF77, 0xFF77, 0xFF97, 0xFF97, 0xFFB7, 0xFF97, 0xFF97, 0xFFB7,
    0xFFB7, 0xFFB7, 0xFF77, 0xFF77, 0xFF77, 0xFF97, 0xFF97, 0xFF97, 0xFF97, 0xFF97, 0xFF98, 0xFFB8, 0xFF97, 0xFF76, 0xFF55, 0xFED2,
    0xFE70, 0xFE70, 0xFE70, 0xFED2, 0xFEB1, 0xFE70, 0xFE70, 0xFE70, 0xFE4F, 0xFE90, 0xFF12, 0x82C6, 0x50E1, 0x6162, 0x6182, 0x5121,
    0x48C0, 0x48C1, 0x48E0, 0x48C0, 0x48C0, 0x48C0, 0x48C0, 0x48C0, 0x48C1, 0x48A0, 0x92A5, 0xBB87, 0xAB46, 0xAB26, 0xAB26, 0xAB26,
    0xAB26, 0xA326, 0xA326, 0xA326, 0xAB46, 0xBBE9, 0xB3E9, 0xB3E9, 0xB3E9, 0xB3E9, 0xB3E9, 0xB409, 0xBC29, 0xB3C9, 0x8AA6, 0x9307,
    0x8265, 0x7A45, 0xDD92, 0xE613, 0xEE33, 0xEE74, 0xF674, 0xEE53, 0xEE32, 0xEE33, 0xEE33, 0xEE33, 0xEE33, 0xEE32, 0xEE32, 0xEE32,
    0xEE32, 0xEE31, 0xE5AF, 0xE58E, 0xE58E, 0xE58E, 0xDD2C, 0xD4AA, 0xD4AA, 0xD4CB, 0xD4AA, 0xD46A, 0xCC29, 0xCC49, 0xCC6A, 0xCC29,
    0xC3E7, 0xC408, 0xC408, 0xC408, 0xC408, 0xC407, 0xC408, 0xD469, 0xD48A, 0xD4AA, 0xD489, 0xCC49, 0xCC49, 0xCC69, 0xCC69, 0xD489,
    0xAB88, 0x69C4, 0xABA9, 0xD4AB, 0xCC8B, 0xCC8B, 0xCC8B, 0xD4CC, 0xDD4D, 0xDD2D, 0xDD2C, 0xD52D, 0xE58F, 0xE5B0, 0xE56E, 0xD4EB,
    0xE56E, 0xDD2C, 0xD4CB, 0xDCCB, 0xD4CB, 0xD4CB, 0xD4CB, 0xD4CB, 0xD4CB, 0xD4EB, 0xE54D, 0xE52D, 0xDCEB, 0xDD2C, 0xE56E, 0xE56E,
    0xE56D, 0xE56D, 0xE56D, 0xE54D, 0xE54D, 0xE54D, 0xE5AF, 0xE5D0, 0xE58E, 0xE5AF, 0xE5D0, 0xE5D0, 0xE5D1, 0xE5D1, 0xE5D1, 0xE5D1,
    0xE5D1, 0xDD6F, 0xD56E, 0xC48C, 0x5902, 0x71E4, 0x9AE6, 0xB387, 0xB387, 0xB387, 0xB387, 0xB387, 0xB387, 0xBBA8, 0xBBE9, 0xBBE9,
    0xFE51, 0xFE51, 0xFE51, 0xFE71, 0xF610, 0xF610, 0xF610, 0xF631, 0xF651, 0xFE92, 0xFE92, 0xFE92, 0xFEB2, 0xFEB2, 0xFEB2, 0xFE71,
    0xFE71, 0xFEB2, 0xFEB2, 0xFE71, 0xFE71, 0xFE70, 0xFE50, 0xF60F, 0xF60F, 0xFED3, 0xFF98, 0xFF98, 0xFFB9, 0xFFB9, 0xFFB9, 0xFFD9,
    0xFFD9, 0xFFD9, 0xFFD9, 0xFFD9, 0xFF97, 0xFF56, 0xFF56, 0xFF56, 0xFF35, 0xFF98, 0xFFD9, 0xFFD9, 0xFFD9, 0xFFD9, 0xFFD8, 0xFFB8,
    0xFF97, 0xFF97, 0xFFB7, 0xFFB8, 0xFFB8, 0xFFB8, 0xFFB7, 0xFF97, 0xFF97, 0xFF97, 0xFF97, 0xFF97, 0xFF97, 0xFF97, 0xFF97, 0xFFD8,
    0xFFD8, 0xFFD8, 0xFFB8, 0xFFB8, 0xFFB7, 0xFF97, 0xFF97, 0xFF97, 0xFF97, 0xFF97, 0xFF97, 0xFF97, 0xFF97, 0xFF77, 0xFF55, 0xFEB2,
    0xFE70, 0xFE70, 0xFE70, 0xFE91, 0xFE90, 0xFE70, 0xFE70, 0xFE70, 0xFE70, 0xFE50, 0xFE70, 0xEE0F, 0xEDEF, 0xDD2C, 0xE52C, 0xCC6A,
    0xB367, 0xB387, 0xB387, 0xB3A7, 0xB3A7, 0xB3A7, 0xB387, 0xB387, 0xB387, 0xB367, 0xAB46, 0xAB26, 0xAB26, 0xAB26, 0xAB26, 0xAB26,
    0xAB26, 0xAB87, 0xB3A7, 0xB387, 0xB3A8, 0xB3E9, 0xB3C9, 0xB3C9, 0xB3E9, 0xB3E9, 0xB3E9, 0xB409, 0xB3E9, 0xBC09, 0xBC6B, 0xCCCC,
    0x8AA6, 0x50C1, 0x7205, 0x9BAA, 0xEE54, 0xEE34, 0xF694, 0xEE53, 0xEE33, 0xEE33, 0xEE33, 0xEE32, 0xEE33, 0xEE32, 0xEE32, 0xEE32,
    0xEE31, 0xEE31, 0xE5AF, 0xE58E, 0xE58E, 0xE58E, 0xDD4D, 0xD4AA, 0xD48A, 0xD48A, 0xD4AA, 0xD48A, 0xCC49, 0xCC29, 0xCC29, 0xC408,
    0xC408, 0xC408, 0xCC28, 0xC407, 0xC407, 0xC407, 0xCC08, 0xCC28, 0xCC48, 0xD489, 0xD489, 0xD4A9, 0xD4A9, 0xD489, 0xD469, 0xDCEA,
    0xA368, 0x5102, 0xD4EC, 0xD4AB, 0xCC8B, 0xCC8B, 0xCC8B, 0xD4CC, 0xDD4D, 0xDD4D, 0xDD2D, 0xD50C, 0xDD2C, 0xE5B0, 0xE56E, 0xD4CB,
    0xD4EB, 0xD4CB, 0xD4CB, 0xD4CB, 0xD4CB, 0xD4CB, 0xD4CB, 0xD4CB, 0xD4CB, 0xD4EB, 0xE54D, 0xDD4D, 0xDD0C, 0xDD2D, 0xE56E, 0xE56D,
    0xE56D, 0xE56D, 0xE56D, 0xE54D, 0xE56D, 0xE54D, 0xE5AF, 0xE5D0, 0xE5AF, 0xE5B0, 0xE5D1, 0xE5D1, 0xE5D1, 0xE5D1, 0xE5D1, 0xE5D1,
    0xE5D1, 0xD54F, 0xC4CD, 0xAC0B, 0x50C1, 0x8A45, 0xC3C8, 0xB367, 0xB387, 0xB387, 0xB387, 0xB387, 0xB387, 0xB387, 0xBBC8, 0xC3E9,
    0xFE72, 0xFE72, 0xFE71, 0xFE71, 0xFE71, 0xFE71, 0xFE51, 0xFE51, 0xFE71, 0xFE71, 0xFE51, 0xFE51, 0xFE71, 0xFEB2, 0xFEB2, 0xFE92,
    0xFE92, 0xFE71, 0xFE71, 0xFE51, 0xFEB2, 0xFEB2, 0xFED2, 0xFEB2, 0xFE50, 0xFED3, 0xFF77, 0xFF78, 0xFFB8, 0xFFB8, 0xFF98, 0xFFB9,
    0xFFD9, 0xFFD9, 0xFFD9, 0xFF77, 0xFF77, 0xFF76, 0xF735, 0xFF15, 0xF6F4, 0xFF98, 0xFFF9, 0xFFD9, 0xFFD9, 0xFFD9, 0xFFB8, 0xFFB7,
    0xFFB7, 0xFFB7, 0xFF97, 0xFF77, 0xFFB7, 0xFFB7, 0xFF77, 0xFF97, 0xFF97, 0xFF97, 0xFF97, 0xFF97, 0xFF97, 0xFFB8, 0xFFB8, 0xFFD8,
    0xFFD8, 0xFFD8, 0xFFF8, 0xFFD8, 0xFFB7, 0xFF97, 0xFFB7, 0xFF97, 0xFF76, 0xFF77, 0xFF97, 0xFF77, 0xFF77, 0xFF97, 0xFF34, 0xFE91,
    0xFE70, 0xFE70, 0xFE70, 0xFE70, 0xFE70, 0xFE70, 0xFE70, 0xFE70, 0xFEB1, 0xFE91, 0xFE70, 0xFE91, 0xFE90, 0xE5AD, 0xEDAE, 0xD4EB,
    0xC408, 0xC449, 0xCC49, 0xC408, 0xBBA7, 0xBBA7, 0xBBA7, 0xB387, 0xB387, 0xB366, 0xB366, 0xB346, 0xAB46, 0xAB46, 0xB387, 0xB387,
    0xAB87, 0xBC29, 0xBC4A, 0xBC2A, 0xB429, 0xBC2A, 0xB42A, 0xB40A, 0xB42A, 0xB42A, 0xB42A, 0xBC09, 0xB409, 0xBC4A, 0xBC8B, 0xBC6B,
    0xABC9, 0xAC0A, 0x7A45, 0x82E8, 0xFED6, 0xEE54, 0xEE53, 0xEE33, 0xEE33, 0xEE33, 0xEE32, 0xEE32, 0xEE32, 0xEE12, 0xEE32, 0xEE32,
    0xE611, 0xEE10, 0xE5CF, 0xE58E, 0xE58E, 0xE58E, 0xE54D, 0xDCEB, 0xD4AA, 0xD4AA, 0xD4AA, 0xD4AA, 0xD48A, 0xCC28, 0xCC28, 0xC408,
    0xCC28, 0xCC28, 0xD469, 0xD469, 0xCC48, 0xC408, 0xC408, 0xCC28, 0xCC28, 0xCC28, 0xD489, 0xD4A9, 0xD4A9, 0xD489, 0xDCCA, 0xBBE9,
    0x8245, 0x7A25, 0xCC6B, 0xCC8B, 0xCC6B, 0xCC8B, 0xCC8B, 0xD4CC, 0xDD2E, 0xDD2D, 0xDD2D, 0xDD0C, 0xD4EC, 0xDD4D, 0xDD2D, 0xD4CB,
    0xD4CB, 0xD4CB, 0xD4CB, 0xD4CB, 0xD4CB, 0xD4CB, 0xD4CB, 0xD4CB, 0xD4CB, 0xDCEB, 0xE54D, 0xE56D, 0xDD4D, 0xDD4D, 0xE56E, 0xE56D,
    0xE56D, 0xE56D, 0xE56D, 0xE56E, 0xE58E, 0xE56D, 0xE5D0, 0xE5D0, 0xE5D0, 0xE5D0, 0xE5D1, 0xE5D1, 0xE5D1, 0xE5D1, 0xE5D1, 0xDD90,
    0xF632, 0xC4CD, 0x48E1, 0x5102, 0xAB68, 0xB387, 0xB367, 0xB388, 0xB388, 0xB388, 0xB387, 0xB387, 0xBBA8, 0xBBA8, 0xBBC8, 0xBBC8,
    0xF610, 0xEDCF, 0xEDCF, 0xFE51, 0xFE72, 0xF610, 0xEDCF, 0xF5F0, 0xFE71, 0xFE71, 0xEE10, 0xEDCF, 0xF630, 0xFEB2, 0xFEB2, 0xFE92,
    0xFE51, 0xF651, 0xFE71, 0xFE91, 0xFF14, 0xFF34, 0xFEF3, 0xFEF3, 0xFE71, 0xFEB3, 0xFF97, 0xFF98, 0xFF98, 0xFF98, 0xFF98, 0xFFB9,
    0xFFD9, 0xFFD9, 0xFFB8, 0xFF77, 0xFF56, 0xF735, 0xF6F4, 0xFEF4, 0xFF56, 0xFFD8, 0xFFD9, 0xFFD9, 0xFFD9, 0xFFD8, 0xFFB8, 0xFFB7,
    0xFF97, 0xFFB7, 0xFF97, 0xFF77, 0xFF97, 0xFF97, 0xFF97, 0xFF97, 0xFFB7, 0xFF97, 0xFF97, 0xFFB8, 0xFFB8, 0xFFB8, 0xFFD8, 0xFFD8,
    0xFFD8, 0xFFD9, 0xFFB8, 0xFF76, 0xFF97, 0xFF97, 0xFF97, 0xFF76, 0xFF56, 0xFF76, 0xFF76, 0xFF97, 0xFF97, 0xFF77, 0xFF56, 0xFF55,
    0xFF34, 0xFE90, 0xFE50, 0xFE70, 0xFE70, 0xFE70, 0xFE70, 0xFE70, 0xFED2, 0xFED2, 0xFE70, 0xFE70, 0xFE70, 0xFE91, 0xFEB1, 0xFE70,
    0xF60F, 0xF60F, 0xF60F, 0xD4EB, 0xBB86, 0xBBC7, 0xBBA7, 0xB387, 0xB387, 0xB367, 0xB366, 0xB366, 0xAB46, 0xB387, 0xCCAC, 0xCCCC,
    0xC4CC, 0xC4CC, 0xC4AC, 0xB42A, 0xB42A, 0xBCAC, 0xC4CC, 0xC4CC, 0xC4CC, 0xC4CC, 0xC4CC, 0xBC8B, 0xBC6B, 0xC4AC, 0xC4AC, 0xC4AC,
    0xC4AC, 0xD52D, 0x8B07, 0x6A26, 0xBCEF, 0xCD50, 0xEE54, 0xEE33, 0xEE33, 0xEE32, 0xEE32, 0xEE32, 0xEE32, 0xEE12, 0xEE32, 0xEE32,
    0xEE11, 0xE5CF, 0xE5CF, 0xE58E, 0xE58E, 0xE58E, 0xE58E, 0xE56D, 0xD4AA, 0xD48A, 0xD4AA, 0xD4AA, 0xD48A, 0xCC28, 0xCC28, 0xCC28,
    0xCC49, 0xCC69, 0xD489, 0xDCAA, 0xD4AA, 0xD469, 0xD469, 0xCC48, 0xCC28, 0xCC48, 0xD489, 0xD4A9, 0xD4A9, 0xD489, 0xED8D, 0x9308,
    0x48C1, 0xC44B, 0xBC09, 0xBC09, 0xBC2A, 0xCC8C, 0xCC8C, 0xCC8C, 0xCCAC, 0xD4AC, 0xDD2E, 0xDD0D, 0xD4EB, 0xD4CB, 0xD4CB, 0xD4CB,
    0xD4CB, 0xD4CB, 0xD4CB, 0xD4CB, 0xD4CB, 0xD4CB, 0xD4CB, 0xD4CB, 0xD4CB, 0xDCEB, 0xE56E, 0xE56E, 0xE56E, 0xE56E, 0xE56E, 0xE56E,
    0xE56E, 0xE56E, 0xE56D, 0xE58E, 0xE5D0, 0xE5D0, 0xE5D0, 0xE5D0, 0xE5D1, 0xE5D1, 0xE5D1, 0xE5D1, 0xE5D1, 0xE5D1, 0xEDF1, 0xDD6F,
    0xAC0B, 0x6A05, 0x6162, 0x9AE6, 0xB368, 0xB387, 0xB387, 0xB387, 0xB388, 0xB388, 0xB388, 0xB387, 0xBBC8, 0xBBC8, 0xBBC8, 0xBBC8,
    0xF610, 0xE56E, 0xE56E, 0xFE51, 0xF631, 0xFE51, 0xFE51, 0xFE51, 0xFE92, 0xFE92, 0xFE92, 0xF651, 0xFE71, 0xFEB2, 0xFE92, 0xFE72,
    0xFE71, 0xFE92, 0xFED2, 0xFED2, 0xFEB2, 0xFE71, 0xF650, 0xF650, 0xF610, 0xF651, 0xFF35, 0xFF77, 0xFF57, 0xFFB8, 0xFFB9, 0xFF98,
    0xFFB8, 0xFFB8, 0xFFB8, 0xFF97, 0xFF77, 0xF736, 0xFF36, 0xFF76, 0xFFD8, 0xFFD9, 0xFFD9, 0xFFD9, 0xFFD9, 0xFFD9, 0xFFD8, 0xFFB7,
    0xFF97, 0xFF97, 0xFF97, 0xFF97, 0xFF97, 0xFF77, 0xFF76, 0xFF97, 0xFFB8, 0xFFB7, 0xFFB7, 0xFFB8, 0xFFB8, 0xFFB8, 0xFFD8, 0xFFD8,
    0xFFD8, 0xFFB8, 0xFF97, 0xFF76, 0xFF76, 0xFF76, 0xFF76, 0xFF76, 0xFF97, 0xFF77, 0xFF76, 0xFF56, 0xFF77, 0xFF97, 0xFF76, 0xFF56,
    0xFE91, 0xFE70, 0xFE70, 0xFE70, 0xFE70, 0xFE70, 0xFE70, 0xFE70, 0xFE70, 0xFE91, 0xFE70, 0xFE70, 0xFE70, 0xFE91, 0xFE90, 0xFE71,
    0xFE70, 0xFE70, 0xF64F, 0xEDEE, 0xDCEB, 0xBBA7, 0xBBA7, 0xBBC7, 0xB387, 0xB387, 0xB367, 0xBC4A, 0xC48B, 0xC48B, 0xC4CC, 0xC4CD,
    0xC4ED, 0xC4ED, 0xC4CC, 0xBC6B, 0xBC8B, 0xC4CC, 0xC4CC, 0xC4CC, 0xC4CC, 0xC4CC, 0xC4CC, 0xC4CC, 0xC4CC, 0xC4CC, 0xC4AC, 0xC4AC,
    0xBCAC, 0xC4CC, 0xA389, 0x7204, 0x5962, 0x7A66, 0xF675, 0xEE33, 0xEE33, 0xEE33, 0xEE32, 0xEE32, 0xEE12, 0xEE12, 0xEE12, 0xEE32,
    0xEE11, 0xE5CF, 0xE5CF, 0xEDCF, 0xE58E, 0xE58E, 0xE58E, 0xE58E, 0xDD0B, 0xD48A, 0xD4AA, 0xD48A, 0xCC28, 0xCC28, 0xCC28, 0xCC28,
    0xD469, 0xD469, 0xD469, 0xD4AA, 0xD489, 0xD4A9, 0xD4A9, 0xD489, 0xD489, 0xD489, 0xD4A9, 0xD4AA, 0xD489, 0xDCCA, 0x9B07, 0x7205,
    0x8A86, 0xBC0A, 0xBC0A, 0xBC0A, 0xCC6B, 0xCC8B, 0xCC8B, 0xCC8B, 0xCCAC, 0xCC8C, 0xDD0D, 0xDD2D, 0xD4EB, 0xD4EB, 0xD4EC, 0xD4EC,
    0xD4CB, 0xD4CB, 0xD4CB, 0xD4CB, 0xDCCB, 0xD4CB, 0xD4CB, 0xDCCB, 0xDCCB, 0xD4EB, 0xE56E, 0xE56E, 0xE56E, 0xE56E, 0xE56E, 0xE56E,
    0xE56E, 0xE56E, 0xE58E, 0xE5AF, 0xE5D0, 0xE5D1, 0xE5D0, 0xE5D1, 0xE5D1, 0xE5D1, 0xE5F1, 0xE5D1, 0xDD4F, 0xDD6F, 0xD54F, 0xCD2F,
    0x7205, 0x3020, 0x8245, 0xBBC8, 0xB367, 0xB367, 0xB387, 0xB387, 0xB387, 0xB387, 0xB387, 0xB3A8, 0xBBC8, 0xBBC8, 0xBBC8, 0xBBC8,
    0xFE72, 0xFE51, 0xFE31, 0xF631, 0xFE51, 0xFE51, 0xFE51, 0xFE51, 0xF610, 0xF5F0, 0xFE71, 0xFEB2, 0xFEB2, 0xFEB2, 0xFE92, 0xFE92,
    0xF651, 0xF630, 0xF630, 0xFE91, 0xFE91, 0xF651, 0xF671, 0xFE91, 0xFE50, 0xF5EF, 0xF692, 0xFF98, 0xFF98, 0xFFB8, 0xFFB8, 0xFF98,
    0xFFB8, 0xFFB8, 0xFF77, 0xFF97, 0xFF98, 0xFFD9, 0xFFD9, 0xFFD9, 0xFFD9, 0xFFD9, 0xFFD9, 0xFFD9, 0xFFD9, 0xFFD9, 0xFFB8, 0xFF77,
    0xFF76, 0xFF55, 0xFF76, 0xFF97, 0xFF97, 0xFF97, 0xFF97, 0xFF97, 0xFF97, 0xFFB7, 0xFFB7, 0xFFB8, 0xFFB7, 0xFFB8, 0xFFB8, 0xFFB8,
    0xFFB8, 0xFF97, 0xFF97, 0xFF97, 0xFF76, 0xFF76, 0xFF76, 0xFF77, 0xFF97, 0xFF98, 0xFF97, 0xFF77, 0xFF77, 0xFF56, 0xFF77, 0xFF55,
    0xFE50, 0xFE70, 0xFE70, 0xFE70, 0xFE70, 0xFE70, 0xFE70, 0xFE70, 0xFE70, 0xFE50, 0xFE50, 0xFE91, 0xFE91, 0xFE91, 0xFE91, 0xFE91,
    0xFE91, 0xFE91, 0xFE70, 0xFE90, 0xF5EE, 0xE54C, 0xCC69, 0xC3E8, 0xC44A, 0xC48B, 0xC46B, 0xCCCC, 0xCCED, 0xC4EC, 0xC4CC, 0xC4CC,
    0xC4ED, 0xC4CC, 0xC4CC, 0xC4ED, 0xC4EC, 0xC4CC, 0xC4CC, 0xC4CC, 0xC4CC, 0xC4CC, 0xC4CC, 0xC4CC, 0xC4CC, 0xC4CC, 0xC4CC, 0xC4CC,
    0xC4AC, 0xC4AC, 0xC4AC, 0xD54E, 0x8AC7, 0x7A26, 0xF695, 0xEE33, 0xEE33, 0xEE33, 0xEE32, 0xEE32, 0xEE12, 0xEE12, 0xEE12, 0xEE31,
    0xEE10, 0xEE10, 0xEDF0, 0xE5CF, 0xE5AE, 0xE58E, 0xE58E, 0xE58E, 0xDD0B, 0xD489, 0xD4AA, 0xD489, 0xCC48, 0xCC28, 0xCC28, 0xCC49,
    0xD469, 0xD489, 0xD469, 0xD48A, 0xD4AA, 0xD4AA, 0xD4AA, 0xD4AA, 0xD4AA, 0xD4AA, 0xD4AA, 0xDCCA, 0xD4CA, 0xED6C, 0x7204, 0x7A25,
    0xCC8B, 0xBC0A, 0xBC0A, 0xBC0A, 0xCC8C, 0xCC8B, 0xCC8B, 0xCCAB, 0xCCAC, 0xCC8C, 0xDCED, 0xDD0D, 0xD4EC, 0xD4EC, 0xD4EB, 0xD4EC,
    0xD4EB, 0xD4CB, 0xD4CB, 0xD4CB, 0xD4CB, 0xD4CB, 0xDCCB, 0xD4CB, 0xDCEC, 0xDD2D, 0xE56E, 0xE56E, 0xE56E, 0xE56E, 0xE56E, 0xE56E,
    0xE56D, 0xE58E, 0xE5D0, 0xE5D0, 0xE5D1, 0xE5D1, 0xE5D1, 0xE5D1, 0xE5D1, 0xE5D1, 0xE5D1, 0xE5F1, 0xDD70, 0xE5B0, 0xCD0E, 0x4902,
    0x5102, 0xA306, 0xAB27, 0xB367, 0xB367, 0xB367, 0xB367, 0xB387, 0xBBC8, 0xBBC8, 0xBBC8, 0xBBE9, 0xBBC8, 0xBBC8, 0xBBC8, 0xBBC8,
    0xFE51, 0xFE51, 0xFE71, 0xFE51, 0xFE51, 0xFE51, 0xFE51, 0xFE51, 0xF610, 0xEDF0, 0xF610, 0xFE71, 0xFEB2, 0xFEB2, 0xFEB2, 0xFE92,
    0xF630, 0xEDCF, 0xEDAF, 0xF671, 0xFEB2, 0xFED2, 0xFED2, 0xFEB2, 0xFE51, 0xF5EF, 0xF692, 0xFF98, 0xFFB9, 0xFFB9, 0xFFB9, 0xFFB9,
    0xFFB9, 0xFF77, 0xFF36, 0xFF36, 0xFF56, 0xFF56, 0xFF56, 0xFFB8, 0xFFD9, 0xFFD9, 0xFFD9, 0xFFD9, 0xFFD9, 0xFFB8, 0xFF77, 0xFF76,
    0xFF56, 0xFF56, 0xFF77, 0xFF97, 0xFF97, 0xFFB8, 0xFFB8, 0xFF97, 0xFF97, 0xFF97, 0xFFB7, 0xFFB8, 0xFFB8, 0xFFB8, 0xFFB8, 0xFFB8,
    0xFFB7, 0xFF97, 0xFF77, 0xFF77, 0xFF76, 0xFF97, 0xFF76, 0xFF56, 0xFF56, 0xFF77, 0xFF97, 0xFF97, 0xFF77, 0xFF76, 0xFF56, 0xFF14,
    0xFED2, 0xFED2, 0xFEB1, 0xFE70, 0xFE70, 0xFE70, 0xFE70, 0xFE70, 0xFE90, 0xFE70, 0xFE70, 0xFE91, 0xFE91, 0xFE91, 0xFE90, 0xFE90,
    0xFE90, 0xFE50, 0xFE70, 0xFE91, 0xFE91, 0xFED2, 0xE58E, 0xD50C, 0xD54D, 0xCD0D, 0xCCEC, 0xC4CC, 0xC4CC, 0xC4CC, 0xC4CC, 0xC4CC,
    0xC4ED, 0xC4CC, 0xC4CC, 0xC4CC, 0xC4CC, 0xC4CC, 0xC4CC, 0xC4CC, 0xC4CC, 0xC4CC, 0xC4CC, 0xC4CC, 0xC4CC, 0xC4CC, 0xC4CC, 0xC4CC,
    0xC4AC, 0xC4CC, 0xBCAC, 0xCD0D, 0x8286, 0x7226, 0xF695, 0xEE33, 0xEE33, 0xEE33, 0xEE32, 0xEE32, 0xEE32, 0xEE32, 0xEE11, 0xEE11,
    0xEE11, 0xEE10, 0xEE10, 0xEDEF, 0xE5AE, 0xE58D, 0xE56D, 0xEDAE, 0xDD0B, 0xCC89, 0xD489, 0xD489, 0xD4AA, 0xCC69, 0xCC48, 0xD489,
    0xD489, 0xD489, 0xD4AA, 0xD4AA, 0xD4AA, 0xD4AA, 0xD4AA, 0xD4AA, 0xD4AA, 0xD4AA, 0xD4AA, 0xDD0A, 0xCC8A, 0x8A85, 0x5922, 0x8266,
    0xC44A, 0xBC0A, 0xBC0A, 0xBC0A, 0xC44A, 0xCC6B, 0xCC8B, 0xCC8B, 0xCC8B, 0xCCAB, 0xCCAB, 0xD4CB, 0xD4EC, 0xD4EC, 0xD4EC, 0xD4EC,
    0xD4EB, 0xDCEB, 0xDCEB, 0xDCEB, 0xDCEC, 0xDD2C, 0xDD0C, 0xDD0C, 0xDD2D, 0xDD4D, 0xDD4E, 0xE58E, 0xE56E, 0xDD6E, 0xE58E, 0xE58F,
    0xE58F, 0xE5AF, 0xE5D0, 0xE5D0, 0xE5D1, 0xE5D1, 0xE5D1, 0xE5F1, 0xE5F2, 0xE5F1, 0xDD8F, 0xD54F, 0xBC8C, 0xABEB, 0x8B08, 0x5963,
    0x9328, 0xAB67, 0xAB46, 0xAB67, 0xB367, 0xB387, 0xB387, 0xBB87, 0xBBE9, 0xC3E9, 0xBBE9, 0xBBE9, 0xC3E9, 0xC409, 0xBC09, 0xBBE8,
    0xFE31, 0xFE51, 0xFE51, 0xFE71, 0xFE71, 0xFE51, 0xFE51, 0xFE71, 0xFE71, 0xFE92, 0xFE72, 0xFE92, 0xFEB2, 0xFEB2, 0xFED3, 0xFE71,
    0xEDEF, 0xEDEF, 0xEE10, 0xFE92, 0xFF14, 0xFF34, 0xFF13, 0xFE91, 0xEDCF, 0xEDAE, 0xF671, 0xFF97, 0xFFB9, 0xFF98, 0xFFB9, 0xFFB8,
    0xFFB8, 0xFF77, 0xFF36, 0xFF56, 0xFF56, 0xFF36, 0xFF36, 0xFFB8, 0xFFD9, 0xFFD9, 0xFFD9, 0xFFD9, 0xFFB8, 0xFF77, 0xFF77, 0xFF77,
    0xFF56, 0xFF77, 0xFF77, 0xFF77, 0xFF76, 0xFF77, 0xFF97, 0xFF97, 0xFF97, 0xFF97, 0xFF97, 0xFFB8, 0xFFB8, 0xFFB8, 0xFFB8, 0xFFB8,
    0xFF97, 0xFF76, 0xFF56, 0xFF77, 0xFF97, 0xFF97, 0xFF76, 0xFF55, 0xFF55, 0xFF56, 0xFF97, 0xFF77, 0xFF77, 0xFF97, 0xFF56, 0xFF14,
    0xFED2, 0xFE71, 0xFE71, 0xFE70, 0xFE70, 0xFE70, 0xFE70, 0xFE70, 0xFE70, 0xFE91, 0xFE91, 0xFE91, 0xFE91, 0xFE91, 0xFE91, 0xFE91,
    0xFE70, 0xFE50, 0xFF14, 0xFF76, 0xFF35, 0xFF35, 0xFF55, 0xFF34, 0xE610, 0xE5D0, 0xD54E, 0xCCED, 0xCCEC, 0xC4EC, 0xC4EC, 0xC4CC,
    0xC4CC, 0xC4CC, 0xC4CC, 0xC4CC, 0xC4CC, 0xC4CC, 0xC4CC, 0xC4CC, 0xC4CC, 0xC4CC, 0xC4CC, 0xC4CC, 0xC4CC, 0xC4CC, 0xC4CC, 0xC4CC,
    0xC4CC, 0xC4CC, 0xBCAC, 0xCD0D, 0x8286, 0x7225, 0xF695, 0xEE33, 0xEE53, 0xEE53, 0xEE32, 0xEE32, 0xEE32, 0xEE32, 0xE5F0, 0xE5EF,
    0xEE11, 0xEE10, 0xEDEF, 0xEDCF, 0xE5AE, 0xE56D, 0xDD0C, 0xE54C, 0xDCEB, 0xCC69, 0xD489, 0xD489, 0xD4AA, 0xD4AA, 0xD489, 0xD489,
    0xD489, 0xD489, 0xD489, 0xD4AA, 0xD4AA, 0xD4AA, 0xD4AA, 0xD4AA, 0xD4A9, 0xD4AA, 0xD4AA, 0xE50B, 0xCC8A, 0x5901, 0x6162, 0x9B27,
    0xC42A, 0xBC0A, 0xBC0A, 0xBC0A, 0xBC0A, 0xC46B, 0xCC8B, 0xCC8B, 0xCC8B, 0xCCAB, 0xCCAB, 0xD4CC, 0xD4EC, 0xD4EC, 0xD4EC, 0xD4EC,
    0xDCEC, 0xDCEB, 0xDCEB, 0xD4CB, 0xD50C, 0xDD4E, 0xDD4D, 0xDD4D, 0xDD4D, 0xDD4D, 0xDD4D, 0xE56E, 0xE56E, 0xDD6E, 0xE58F, 0xE5B0,
    0xE5D0, 0xE5D0, 0xE5D0, 0xE5D0, 0xE5D1, 0xE5D1, 0xE5D1, 0xE5D1, 0xDD90, 0xDD90, 0xD56F, 0xE590, 0x61A3, 0x40E1, 0x4902, 0x7A86,
    0xCCED, 0xBC6B, 0xBC6B, 0xC4AB, 0xB3C8, 0xAB46, 0xB366, 0xB367, 0xBBC8, 0xBBE9, 0xBBE9, 0xC3E9, 0xC3E9, 0xC409, 0xC409, 0xC3E9,
    0xF631, 0xF631, 0xF630, 0xFE51, 0xFE71, 0xFE51, 0xFE51, 0xFE71, 0xFE71, 0xFE71, 0xF651, 0xFE92, 0xFED2, 0xF630, 0xEDF0, 0xEDCF,
    0xEDAF, 0xF610, 0xFEB2, 0xFEB2, 0xFEF3, 0xFEF3, 0xFEF3, 0xFEB2, 0xEDAE, 0xED8D, 0xF60F, 0xFF15, 0xFF98, 0xFF57, 0xFFB9, 0xFFB9,
    0xFF97, 0xFF56, 0xFF56, 0xFF77, 0xFF57, 0xFF77, 0xFFB8, 0xFFD9, 0xFFD9, 0xFFD9, 0xFFD9, 0xFFD9, 0xFFB8, 0xFF77, 0xFF77, 0xFF77,
    0xFF77, 0xFF77, 0xFF77, 0xFF77, 0xFF77, 0xFF77, 0xFF77, 0xFF77, 0xFF97, 0xFF97, 0xFF97, 0xFFB7, 0xFF97, 0xFF97, 0xFF97, 0xFFB8,
    0xFF97, 0xFF76, 0xFF56, 0xFF77, 0xFF97, 0xFF76, 0xFF56, 0xFF55, 0xFF96, 0xFFB8, 0xFF97, 0xFF97, 0xFF97, 0xFF97, 0xFF97, 0xFF76,
    0xFEB2, 0xFE50, 0xFE51, 0xFE70, 0xFE70, 0xFE70, 0xFE70, 0xFE70, 0xFE70, 0xFE91, 0xFE91, 0xFE90, 0xFE91, 0xFE90, 0xFE70, 0xFE50,
    0xFE50, 0xFF55, 0xFF97, 0xFFB7, 0xFF97, 0xFF97, 0xFF76, 0xFF76, 0xFF56, 0xFF97, 0xEEB3, 0xEE10, 0xDDAF, 0xC4CC, 0xC4EC, 0xC4ED,
    0xC4ED, 0xC4CC, 0xC4CC, 0xC4CC, 0xC4CC, 0xC4CC, 0xC4CC, 0xC4CD, 0xC4ED, 0xC4ED, 0xC4CC, 0xC4CC, 0xC4CC, 0xC4CC, 0xC4CC, 0xC4CC,
    0xC4CC, 0xC4CC, 0xBCAC, 0xCD0D, 0x8286, 0x7225, 0xF695, 0xEE33, 0xEE74, 0xEE53, 0xEE32, 0xEE32, 0xEE32, 0xEE32, 0xEDF1, 0xE5EF,
    0xEE11, 0xEE10, 0xE5AE, 0xE5AE, 0xEDCE, 0xE56D, 0xDCEB, 0xDD0B, 0xDCEB, 0xD4A9, 0xD489, 0xD489, 0xD489, 0xD489, 0xD489, 0xD489,
    0xD4A9, 0xD489, 0xD489, 0xD48A, 0xD4AA, 0xD4AA, 0xD4AA, 0xD4AA, 0xD489, 0xD4AA, 0xDCCA, 0xDD0B, 0xCCCB, 0x5101, 0xA348, 0xBC0A,
    0xBBEA, 0xBC0A, 0xBC0A, 0xBC0A, 0xBC0A, 0xCC6B, 0xCC8C, 0xCC8B, 0xCCAB, 0xCC8B, 0xD4AC, 0xD4EC, 0xD4EC, 0xD4EC, 0xD4EC, 0xD4EC,
    0xDD0D, 0xDD0C, 0xD4EC, 0xD4EC, 0xDD2D, 0xDD4D, 0xDD4D, 0xDD4D, 0xDD4D, 0xDD4E, 0xDD4D, 0xE58E, 0xDD6E, 0xDD6E, 0xE5AF, 0xE5D0,
    0xE5D0, 0xE5D0, 0xE5D0, 0xE5D0, 0xE5D1, 0xE5D1, 0xE5D1, 0xE5F1, 0xDD6F, 0xB3C9, 0xAB88, 0x8AE8, 0x38A1, 0x8B28, 0xCCED, 0xBC8C,
    0xBC8C, 0xBCCC, 0xC4CD, 0xC4ED, 0xCCED, 0xCCCC, 0xCCCD, 0xCCED, 0xCCCC, 0xBBE9, 0xBBC8, 0xBBE8, 0xC3E9, 0xC3E9, 0xC3E9, 0xC3E9,
    0xF651, 0xF631, 0xF651, 0xFE71, 0xFE72, 0xFE71, 0xFE51, 0xFE51, 0xF631, 0xF610, 0xEDCF, 0xF630, 0xFE71, 0xF610, 0xEDF0, 0xF610,
    0xF610, 0xEDCF, 0xF610, 0xF630, 0xF630, 0xF651, 0xFED2, 0xFED3, 0xEDEF, 0xE54C, 0xEDAE, 0xFF35, 0xFFB8, 0xFFB8, 0xFFB8, 0xFF97,
    0xFF56, 0xFF56, 0xFF57, 0xFF36, 0xFF36, 0xFF16, 0xFF77, 0xFFD9, 0xFFB8, 0xFFD9, 0xFFD9, 0xFFD9, 0xFFD8, 0xFF97, 0xFF77, 0xFF77,
    0xFF77, 0xFF77, 0xFF76, 0xFF76, 0xFF76, 0xFF77, 0xFF56, 0xFF56, 0xFF77, 0xFF97, 0xFF97, 0xFF97, 0xFF77, 0xFF77, 0xFF97, 0xFF77,
    0xFF77, 0xFF76, 0xFF76, 0xFF76, 0xFF56, 0xFF77, 0xFF76, 0xFF76, 0xFF97, 0xFF57, 0xFF97, 0xFF97, 0xFF97, 0xFF97, 0xFF97, 0xFF77,
    0xFF14, 0xFEB2, 0xFE71, 0xFE70, 0xFE70, 0xFE70, 0xFE70, 0xFE70, 0xFE70, 0xFE91, 0xFE90, 0xFE2F, 0xFE0F, 0xFE2F, 0xFF13, 0xFF35,
    0xFF15, 0xFFB8, 0xFFD8, 0xFFB8, 0xFF97, 0xFF97, 0xFF76, 0xFF76, 0xFF77, 0xFF97, 0xEEB3, 0xEE31, 0xEE31, 0xEDEF, 0xE5AF, 0xC4CC,
    0xC4CC, 0xC4CC, 0xC4CD, 0xC4CC, 0xC4CD, 0xC4ED, 0xC4ED, 0xC4EC, 0xC4ED, 0xC4ED, 0xC4ED, 0xC4ED, 0xC4CD, 0xC4CC, 0xC4CC, 0xC4CC,
    0xC4CC, 0xC4CC, 0xBCAC, 0xCD0D, 0x8286, 0x7225, 0xF695, 0xEE33, 0xF695, 0xEE74, 0xEE32, 0xEE32, 0xEE12, 0xEE31, 0xE5EF, 0xEDF0,
    0xEE10, 0xEE10, 0xE5AE, 0xE58D, 0xE5AE, 0xE56D, 0xDD0B, 0xDD0B, 0xDCEB, 0xDCEA, 0xD4CA, 0xD4A9, 0xD489, 0xD489, 0xD489, 0xD489,
    0xD4A9, 0xD4A9, 0xD489, 0xD4AA, 0xD4AA, 0xD4AA, 0xD4AA, 0xD48A, 0xDCCA, 0xDD0B, 0xED8C, 0xABC9, 0x5143, 0x92E7, 0xAB88, 0xABA9,
    0xABA9, 0xBC0A, 0xBC0A, 0xB3C9, 0xBC0A, 0xC42A, 0xCC6B, 0xCCAB, 0xCC8B, 0xCC8B, 0xD4CC, 0xD4ED, 0xD4EC, 0xD4EC, 0xD50C, 0xD4EC,
    0xD50D, 0xDD2D, 0xDD2D, 0xDD2D, 0xDD4E, 0xDD4D, 0xDD4E, 0xDD4E, 0xDD4E, 0xDD4E, 0xDD4E, 0xDD6E, 0xE58F, 0xDD8F, 0xDD8F, 0xDDB0,
    0xDD8F, 0xE5B0, 0xE5D0, 0xE5D1, 0xE5D1, 0xDDB0, 0xD54F, 0xD54E, 0xAC0B, 0x9B07, 0x8265, 0x3860, 0x82C7, 0xB40B, 0xC4AC, 0xBCAC,
    0xBCAC, 0xC4AC, 0xC4AC, 0xC4CD, 0xD56F, 0xD58F, 0xD58F, 0xD58F, 0xD56F, 0xCCCD, 0xCCEC, 0xCCEC, 0xC409, 0xBBC8, 0xBBC8, 0xC3E9,
    0xFE71, 0xFE72, 0xFE72, 0xFE71, 0xF651, 0xFE51, 0xFE51, 0xF630, 0xF630, 0xF631, 0xFE71, 0xFE92, 0xFE92, 0xFE92, 0xFEB2, 0xFEB2,
    0xF650, 0xEDCF, 0xEDCF, 0xEDCF, 0xF5EF, 0xFE71, 0xFEB2, 0xFE71, 0xEDEF, 0xED8D, 0xEDAE, 0xFF35, 0xFFB8, 0xFFB8, 0xFF97, 0xFF57,
    0xFF97, 0xFF77, 0xFF36, 0xFF16, 0xFF36, 0xFF36, 0xFF98, 0xFFB8, 0xFF98, 0xFFD8, 0xFFD9, 0xFFD8, 0xFFB8, 0xFF77, 0xFF97, 0xFF76,
    0xFF56, 0xFF56, 0xFF56, 0xFF56, 0xFF76, 0xFF76, 0xFF56, 0xFF56, 0xFF97, 0xFF77, 0xFF77, 0xFF97, 0xFF97, 0xFF77, 0xFF77, 0xFF77,
    0xFF77, 0xFF76, 0xFF76, 0xFF76, 0xFF77, 0xFF97, 0xFF97, 0xFF97, 0xFF77, 0xFF36, 0xFF97, 0xFF97, 0xFF98, 0xFF98, 0xFF97, 0xFF97,
    0xFF55, 0xFEB2, 0xFE71, 0xFE70, 0xFE70, 0xFE70, 0xFEB1, 0xFED1, 0xFE70, 0xFE70, 0xFE50, 0xFE91, 0xFEB2, 0xF6B2, 0xFF97, 0xFFD9,
    0xFFD8, 0xFFB8, 0xFFB8, 0xFFB8, 0xFF97, 0xFF77, 0xFF76, 0xFF76, 0xFF77, 0xFF97, 0xFF76, 0xFF97, 0xF6F4, 0xEE10, 0xEDF0, 0xCD2D,
    0xCD2D, 0xCD2D, 0xC4ED, 0xC4ED, 0xC4EC, 0xC4EC, 0xC4EC, 0xC4EC, 0xC4ED, 0xC4ED, 0xC4ED, 0xC4ED, 0xC4CD, 0xC4CC, 0xC4CC, 0xC4CC,
    0xC4CC, 0xC4CC, 0xBCAC, 0xCD2E, 0x8286, 0x7225, 0xF6B5, 0xEE74, 0xF675, 0xF674, 0xF674, 0xF673, 0xEE31, 0xF631, 0xEDEF, 0xEDEF,
    0xEDF0, 0xEDF0, 0xE5CF, 0xE58D, 0xE58D, 0xE56D, 0xE54C, 0xDD0B, 0xDD0B, 0xDCEA, 0xDCEA, 0xD4AA, 0xD489, 0xD489, 0xD489, 0xD489,
    0xD4A9, 0xDCCA, 0xDCCA, 0xDCEA, 0xDCCA, 0xDCCA, 0xDCCA, 0xDCCB, 0xDD0B, 0xE56D, 0xCCAB, 0x7A86, 0x40A1, 0xB3CA, 0xB3CA, 0xABA9,
    0xABAA, 0xABC9, 0xB3CA, 0xB3CA, 0xB3EA, 0xB3E9, 0xBBEA, 0xC46B, 0xCCAB, 0xCC8B, 0xD4CC, 0xD50D, 0xD50C, 0xD4EC, 0xD50C, 0xD50C,
    0xDD2D, 0xDD4E, 0xDD2E, 0xDD4E, 0xDD4E, 0xDD4E, 0xDD4E, 0xDD4E, 0xDD4E, 0xDD4E, 0xDD4E, 0xDD6E, 0xDD8F, 0xDD8F, 0xDD8F, 0xDD8F,
    0xDD8F, 0xDD90, 0xE5D0, 0xE5D0, 0xE5F1, 0xDD90, 0xBC6C, 0xBC6D, 0x5962, 0x8A64, 0x92A5, 0x48C1, 0xB40A, 0xC4CC, 0xBC8C, 0xBCAC,
    0xC4AC, 0xC4AC, 0xC4AC, 0xC4ED, 0xD56F, 0xD56F, 0xD56F, 0xD56F, 0xD56F, 0xD58F, 0xD58F, 0xD56F, 0xCCAC, 0xCC8B, 0xC48B, 0xC409,
    0xFE71, 0xFE72, 0xFE51, 0xF631, 0xEDF0, 0xFE31, 0xFE51, 0xF631, 0xF630, 0xF631, 0xFE51, 0xFE72, 0xFEB2, 0xFEB2, 0xFEB2, 0xFEB2,
    0xF650, 0xF5CF, 0xEDCF, 0xEDCF, 0xEDEF, 0xF630, 0xF610, 0xF630, 0xF5EF, 0xEDCE, 0xF650, 0xFF14, 0xFF77, 0xFF77, 0xFF57, 0xFF77,
    0xFF77, 0xFF57, 0xF736, 0xF757, 0xFF57, 0xFF77, 0xFF98, 0xFF77, 0xFFD8, 0xFFB8, 0xFFB8, 0xFF77, 0xFF57, 0xFF77, 0xFF77, 0xFF56,
    0xFF56, 0xFF77, 0xFF77, 0xFF77, 0xFF56, 0xFF56, 0xFF77, 0xFF77, 0xFF77, 0xFF77, 0xFF77, 0xFF77, 0xFF77, 0xFF56, 0xFF76, 0xFF76,
    0xFF76, 0xFF76, 0xFF76, 0xFF76, 0xFF77, 0xFF97, 0xFF97, 0xFF97, 0xFF97, 0xFF97, 0xFF97, 0xFF97, 0xFF97, 0xFF97, 0xFF76, 0xFF56,
    0xFF14, 0xFE50, 0xFE50, 0xFE71, 0xFE70, 0xFE50, 0xFEB1, 0xFED2, 0xFE70, 0xFE90, 0xFEB1, 0xFFB7, 0xFFD8, 0xFFD8, 0xFFD8, 0xFFB8,
    0xFFB8, 0xFFB8, 0xFFB8, 0xFFB8, 0xFF97, 0xFF76, 0xFF76, 0xFF76, 0xFF97, 0xFF97, 0xFF97, 0xFFB7, 0xFF55, 0xF714, 0xF6F4, 0xEE10,
    0xEE31, 0xE5F0, 0xC4CC, 0xC4CC, 0xC4EC, 0xCD0D, 0xCCED, 0xC4ED, 0xC4ED, 0xC4ED, 0xC4ED, 0xC4ED, 0xC4CD, 0xC4CD, 0xC4CD, 0xC4CC,
    0xC4CC, 0xC4CC, 0xC4CC, 0xCD2E, 0x7A86, 0x7A66, 0xFEF6, 0xEE75, 0xF695, 0xF674, 0xF674, 0xEE53, 0xEE31, 0xEE10, 0xEDCF, 0xEDCF,
    0xEDCF, 0xEDCF, 0xEDCF, 0xE58E, 0xE58E, 0xE56D, 0xE54C, 0xDD0B, 0xDCEA, 0xDCEA, 0xDCEA, 0xD4A9, 0xD4A9, 0xD489, 0xD489, 0xD489,
    0xD4A9, 0xDCEB, 0xDCEA, 0xDCEA, 0xDCEA, 0xDCEA, 0xDCEB, 0xDD2C, 0xDD4C, 0xEDCE, 0x7265, 0x48C1, 0x7A03, 0x7A25, 0x8AC7, 0xA369,
    0xA368, 0xA348, 0xABA9, 0xB3EA, 0xABC9, 0xB3CA, 0xABA9, 0xBC4B, 0xCCAC, 0xCC8C, 0xCCAC, 0xC46B, 0xC48C, 0xD50D, 0xD4CC, 0xCCCC,
    0xD4ED, 0xDD4E, 0xDD4F, 0xDD4F, 0xDD4F, 0xDD4F, 0xDD4F, 0xDD4E, 0xD54E, 0xDD4F, 0xDD6F, 0xDD6F, 0xDDB0, 0xDD6F, 0xDD6F, 0xDD6F,
    0xD54F, 0xD52E, 0xDDB0, 0xCD0F, 0x9328, 0x8286, 0x5121, 0x5942, 0x6983, 0xB386, 0xA306, 0x40A1, 0xABEA, 0xC4CC, 0xBCAC, 0xC4AC,
    0xC4AC, 0xC4AC, 0xC4CD, 0xCD2E, 0xD56F, 0xD56F, 0xD58F, 0xD58F, 0xD56F, 0xD56F, 0xD56F, 0xD56F, 0xDD90, 0xDDB0, 0xDD90, 0xCCAC,
    0xFE71, 0xFE72, 0xFE51, 0xFE51, 0xFE51, 0xFE51, 0xFE71, 0xF651, 0xEDEF, 0xEDCF, 0xEDCF, 0xFE51, 0xF630, 0xF630, 0xFEB2, 0xFEB2,
    0xFE51, 0xF5CF, 0xEDCF, 0xEDCF, 0xEDCF, 0xF610, 0xF630, 0xF630, 0xF5EF, 0xF5EF, 0xFE71, 0xFEF4, 0xFF57, 0xFF77, 0xFF57, 0xFF77,
    0xFF36, 0xFF57, 0xFF98, 0xFFB8, 0xFFB9, 0xFFD9, 0xFF98, 0xFF77, 0xFFB8, 0xFFB8, 0xFF77, 0xFF77, 0xFF77, 0xFF77, 0xFF77, 0xFF56,
    0xFF56, 0xFF77, 0xFF76, 0xFF56, 0xFF36, 0xFF56, 0xFF77, 0xFF56, 0xFF77, 0xFF97, 0xFF97, 0xFF97, 0xFF97, 0xFFB8, 0xFF97, 0xFF77,
    0xFF97, 0xFF77, 0xFF77, 0xFF76, 0xFF77, 0xFF77, 0xFF77, 0xFF77, 0xFF97, 0xFF97, 0xFF97, 0xFF15, 0xF692, 0xF6B3, 0xF6B2, 0xF692,
    0xFED2, 0xFEB2, 0xFEB2, 0xFED3, 0xFF13, 0xFEF3, 0xFF14, 0xFF76, 0xFF76, 0xFF76, 0xFF97, 0xFFB7, 0xFFB7, 0xFFB8, 0xFFB8, 0xFFD8,
    0xFFB8, 0xFFB8, 0xFFB8, 0xFFB8, 0xFFB7, 0xFF76, 0xFF97, 0xFF97, 0xFF97, 0xFF97, 0xFF97, 0xFF97, 0xFF97, 0xFFB8, 0xF735, 0xEE51,
    0xF672, 0xEE51, 0xE5AF, 0xD56E, 0xC4EC, 0xD54E, 0xD54E, 0xC4ED, 0xC4ED, 0xC4ED, 0xC4ED, 0xC4ED, 0xC4ED, 0xC4CD, 0xC4CD, 0xC4CD,
    0xC4CD, 0xC4CD, 0xBCCC, 0xCD2E, 0x82A7, 0x40A1, 0xC530, 0xFED6, 0xEE74, 0xF674, 0xF674, 0xF653, 0xEE31, 0xEE10, 0xEDCF, 0xE5CF,
    0xE5CF, 0xEDCE, 0xEDCE, 0xEDAE, 0xE58E, 0xE56D, 0xE54C, 0xDCEB, 0xD4A9, 0xDCEA, 0xDCEA, 0xDCCA, 0xDCCA, 0xDCCA, 0xD4A9, 0xD489,
    0xD489, 0xD4AA, 0xDCEA, 0xDCEA, 0xDCEA, 0xDCEA, 0xDCEA, 0xDD2B, 0xDD6D, 0xF60F, 0x7A65, 0x5101, 0x8223, 0x6162, 0x5901, 0x48C0,
    0x50C0, 0x48A0, 0xA369, 0xBC2B, 0xB3EA, 0xB40A, 0xB3EA, 0xBC0A, 0xC44B, 0xCC8B, 0xCCCC, 0xB3EA, 0xBC2B, 0xDD2E, 0xCCAC, 0xC46B,
    0xCCAC, 0xDD4F, 0xDD4F, 0xDD4E, 0xDD4F, 0xDD4F, 0xD54F, 0xD54E, 0xDD4F, 0xDD4F, 0xDD6F, 0xD54F, 0xD54F, 0xE5B0, 0xE5D1, 0xD54F,
    0x69C4, 0xA3A9, 0xF652, 0xCCEE, 0x50E0, 0x9B06, 0xAB87, 0xAB67, 0xAB87, 0xB387, 0x92C6, 0x40A1, 0xABEA, 0xC4CC, 0xBCAC, 0xC4AC,
    0xC4AC, 0xC4CD, 0xCD2E, 0xD58F, 0xD56F, 0xD58F, 0xD58F, 0xD58F, 0xD58F, 0xD58F, 0xD590, 0xD590, 0xDDB0, 0xDDB0, 0xDDB0, 0xDDB0,
    0xFE51, 0xFE51, 0xFE51, 0xFE51, 0xF610, 0xE58E, 0xF631, 0xFE72, 0xFE51, 0xEDCF, 0xEDAF, 0xFE31, 0xEDCF, 0xE56E, 0xFE92, 0xFEB2,
    0xEDCF, 0xE56D, 0xEDAE, 0xEDAE, 0xEDAE, 0xF630, 0xFE50, 0xF610, 0xED8D, 0xED8D, 0xED8D, 0xF651, 0xFF77, 0xFF57, 0xFF57, 0xFF77,
    0xFF36, 0xF716, 0xFF36, 0xFF36, 0xFF98, 0xFFD9, 0xFFB9, 0xFFB8, 0xFFB8, 0xFFB8, 0xFFB8, 0xFFB8, 0xFFB8, 0xFF77, 0xFF36, 0xFF36,
    0xFF35, 0xFF35, 0xFF15, 0xF715, 0xFF56, 0xFF77, 0xFF56, 0xFF56, 0xFF97, 0xFF97, 0xFF97, 0xFF97, 0xFF97, 0xFF97, 0xFF55, 0xFF35,
    0xFF35, 0xFF55, 0xFF56, 0xFF56, 0xFF77, 0xFF77, 0xFF76, 0xFF76, 0xFF76, 0xFF35, 0xFF35, 0xFED3, 0xF630, 0xEDCF, 0xEDEF, 0xF60F,
    0xFED2, 0xFEF3, 0xFEF3, 0xFF14, 0xFF76, 0xFF76, 0xFF97, 0xFFB8, 0xFFB8, 0xFFB8, 0xFFB8, 0xFFB8, 0xFFB8, 0xFFB8, 0xFFB8, 0xFFB8,
    0xFFB8, 0xFFB8, 0xFFB8, 0xFFB8, 0xFFB8, 0xFF77, 0xFF97, 0xFF97, 0xFF97, 0xFF97, 0xFF97, 0xFF97, 0xFF76, 0xFF76, 0xFF76, 0xFF55,
    0xFF96, 0xF6F3, 0xEE51, 0xE610, 0xDD8E, 0xE5CF, 0xD54E, 0xC4ED, 0xC4ED, 0xC4ED, 0xC4ED, 0xC4ED, 0xC4ED, 0xC4ED, 0xC4ED, 0xC4CD,
    0xC4CD, 0xC4CD, 0xC4CD, 0xC4ED, 0xB42B, 0x82A7, 0x5143, 0xCD71, 0xF6B5, 0xEE74, 0xEE73, 0xF653, 0xF652, 0xEE10, 0xE5CE, 0xEDEF,
    0xEDEF, 0xE5CE, 0xEDCE, 0xEDCF, 0xE56D, 0xDD2C, 0xDD4C, 0xDD0B, 0xD4A9, 0xD4AA, 0xDCCA, 0xD4AA, 0xDCCA, 0xDCEA, 0xD4A9, 0xD4A9,
    0xD489, 0xD489, 0xDCCA, 0xDD0B, 0xDCEA, 0xDCEA, 0xDCCA, 0xE56C, 0xABC9, 0x69C4, 0x7A24, 0x79E3, 0x9AA5, 0x9AC6, 0x79E3, 0x5901,
    0x6141, 0x5921, 0x8266, 0x8AE7, 0x8AC7, 0x8AC7, 0x9B28, 0xB40A, 0xB40A, 0xBC2B, 0xBC4B, 0xB3EA, 0xC48C, 0xD4ED, 0xC48C, 0xC46C,
    0xCCAC, 0xCCCD, 0xD4ED, 0xDD4F, 0xD52E, 0xDD4F, 0xBC4B, 0xB40B, 0xD56F, 0xD54F, 0xE5B0, 0xABCA, 0x7A45, 0xC4CE, 0xC4AD, 0xB44C,
    0x8244, 0x69C3, 0x6A25, 0x61C4, 0x92C6, 0xC408, 0xBBE8, 0xBBC7, 0xC428, 0x71E4, 0x5922, 0xAC0B, 0xBC8C, 0xC4AC, 0xC4AC, 0xC4AC,
    0xBCAC, 0xCD2E, 0xD56F, 0xD56F, 0xD58F, 0xD58F, 0xD58F, 0xD58F, 0xD58F, 0xDD90, 0xDDB0, 0xDDB0, 0xDDB0, 0xDDB0, 0xDDB0, 0xDDB0,
    0xF610, 0xF610, 0xF630, 0xF610, 0xEDCF, 0xE58E, 0xF630, 0xF631, 0xF610, 0xEDCF, 0xED8E, 0xEDAF, 0xF631, 0xF631, 0xFEB2, 0xFEB3,
    0xED8E, 0xE52C, 0xE54D, 0xE52C, 0xE56D, 0xF5CF, 0xF630, 0xF60F, 0xE56D, 0xED6D, 0xE56C, 0xEDCF, 0xF6B3, 0xFF77, 0xFF57, 0xFF57,
    0xFF77, 0xFF98, 0xFF98, 0xFF98, 0xFFB8, 0xFF98, 0xFF57, 0xFF98, 0xFFB8, 0xFFB8, 0xFFB8, 0xFFB8, 0xFF97, 0xFF36, 0xFF36, 0xFF36,
    0xFF36, 0xFF36, 0xFF35, 0xFF15, 0xFF56, 0xFF56, 0xFF56, 0xFF77, 0xFF97, 0xFF77, 0xFF76, 0xFF76, 0xFEF4, 0xFEB3, 0xF671, 0xF650,
    0xF651, 0xF651, 0xF692, 0xF6B2, 0xFF55, 0xFF56, 0xFF14, 0xFEF4, 0xFEF3, 0xFED3, 0xFEB2, 0xF630, 0xF5EF, 0xF5EF, 0xF5EF, 0xF5EF,
    0xF671, 0xFEF3, 0xFF35, 0xFF76, 0xFFD8, 0xFFB8, 0xFFB8, 0xFFB8, 0xFFB8, 0xFFB8, 0xFF97, 0xFFB8, 0xFFB8, 0xFFB8, 0xFFB8, 0xFFB8,
    0xFFB8, 0xFFB8, 0xFFB8, 0xFFB8, 0xFF77, 0xFF77, 0xFF77, 0xFF97, 0xFF97, 0xFF97, 0xFF97, 0xFF96, 0xFF56, 0xFF35, 0xFF76, 0xFF76,
    0xFF76, 0xFF76, 0xFF55, 0xF692, 0xF692, 0xEE51, 0xD54D, 0xCD0D, 0xCD0D, 0xC4ED, 0xC4ED, 0xCD0D, 0xCD0D, 0xC4ED, 0xC4ED, 0xC4ED,
    0xC4ED, 0xC4CD, 0xC4ED, 0xC4ED, 0xCD2E, 0xC4ED, 0x48C0, 0xBCAE, 0xFED5, 0xEE74, 0xEE73, 0xF673, 0xF672, 0xEE30, 0xEE10, 0xF651,
    0xEDEF, 0xEDCE, 0xEDCF, 0xEDCF, 0xE56D, 0xDD2B, 0xDD4C, 0xDD0B, 0xD4A9, 0xD4A9, 0xD4AA, 0xDCCA, 0xDCCA, 0xDCEA, 0xD4A9, 0xD489,
    0xDCAA, 0xDCCA, 0xDCCA, 0xDCEA, 0xDCEA, 0xDD2B, 0xDD2C, 0xF5EE, 0xA389, 0x3860, 0x9AC5, 0x9AA5, 0x9284, 0x9284, 0x92A5, 0x92A5,
    0x9AC5, 0x8A64, 0x40A0, 0x4080, 0x48A0, 0x4080, 0x5922, 0x9B28, 0x9B28, 0x8245, 0xABA9, 0xB40B, 0x8286, 0xA38A, 0xC48C, 0xC46C,
    0xC46C, 0xC46C, 0xCCAC, 0xDD4F, 0xDD6F, 0xE5D0, 0x9327, 0x8265, 0xDD6F, 0xD54E, 0xE5B0, 0xA3A9, 0x4880, 0x50E1, 0x48C0, 0x5101,
    0xBBC8, 0x9285, 0x69C3, 0x71E3, 0xB3A7, 0xC3E8, 0xBBC8, 0xBBA8, 0x71E3, 0x7A45, 0x8AE7, 0xC4ED, 0xC4AC, 0xC4AC, 0xC4AC, 0xC4AC,
    0xCD2E, 0xD56F, 0xD56F, 0xD56F, 0xD58F, 0xD58F, 0xD58F, 0xD58F, 0xDDB0, 0xDDB0, 0xDDB0, 0xDDB0, 0xDDB0, 0xDDB0, 0xDDB0, 0xDDB0,
    0xF610, 0xF610, 0xF610, 0xF610, 0xEDCF, 0xEDCF, 0xEDCF, 0xEDCF, 0xEDCF, 0xEDAF, 0xE58E, 0xEDCF, 0xFE51, 0xFE72, 0xF651, 0xF631,
    0xEDCF, 0xED4D, 0xE52C, 0xE54D, 0xED8E, 0xF5CF, 0xF610, 0xF60F, 0xEDAE, 0xE58D, 0xED8D, 0xED8D, 0xEDF0, 0xFF77, 0xFF56, 0xFF56,
    0xFF97, 0xFFB9, 0xFF78, 0xFF98, 0xFFB9, 0xFF98, 0xFF98, 0xFFB8, 0xFF98, 0xFFB8, 0xFFB8, 0xFFB8, 0xFF97, 0xFF56, 0xFF77, 0xFF56,
    0xFF36, 0xFF36, 0xFF36, 0xFF15, 0xFF36, 0xFF15, 0xFF15, 0xFF76, 0xFF96, 0xFEF4, 0xFED3, 0xFED3, 0xF60F, 0xED4D, 0xED6D, 0xED6D,
    0xED6D, 0xED6D, 0xF5EF, 0xFE71, 0xFEB2, 0xFEB2, 0xFE92, 0xFE71, 0xF671, 0xFE92, 0xF650, 0xF5EF, 0xF5EF, 0xF5EF, 0xF5EF, 0xF5EF,
    0xF62F, 0xFF34, 0xFFD9, 0xFFB8, 0xFFB8, 0xFFB8, 0xFFB8, 0xFFB8, 0xFFB7, 0xFFB7, 0xFF97, 0xFFB8, 0xFFD8, 0xFFB8, 0xFFD8, 0xFFB8,
    0xFFB8, 0xFFB8, 0xFFB8, 0xFF97, 0xFF77, 0xFF76, 0xFF76, 0xFF76, 0xFF76, 0xFF76, 0xFF36, 0xFF56, 0xFF56, 0xFF56, 0xFF96, 0xFF76,
    0xFF76, 0xFF76, 0xFF76, 0xF6F3, 0xF6F3, 0xEE51, 0xDDAF, 0xE5CF, 0xDDAF, 0xC4ED, 0xCD0D, 0xCD0D, 0xCD0D, 0xC4ED, 0xC4ED, 0xC4ED,
    0xC4ED, 0xC4ED, 0xC4ED, 0xC4ED, 0xC50D, 0xBC8C, 0x5101, 0xC4EF, 0xFED6, 0xEE74, 0xF673, 0xF673, 0xF672, 0xF652, 0xF651, 0xF651,
    0xEDEF, 0xEDAF, 0xEDCF, 0xEDCF, 0xE56D, 0xDD2B, 0xDD4C, 0xE52C, 0xDD2B, 0xDCCA, 0xD4A9, 0xD4AA, 0xD4A9, 0xDCCA, 0xDCCA, 0xDCCA,
    0xDCEA, 0xDCEB, 0xDD0B, 0xDD0B, 0xDCEB, 0xE56D, 0xE58D, 0xBC6B, 0x8AC7, 0x6183, 0x9AA5, 0x9284, 0x9284, 0x9284, 0x9284, 0x9284,
    0x9284, 0x9284, 0x9285, 0x9285, 0x9285, 0x92A5, 0x71E3, 0x4080, 0x48A1, 0x5902, 0xABEA, 0xABEB, 0x3860, 0x8AC7, 0xCCAD, 0xC46C,
    0xBC4B, 0xC46B, 0xCCED, 0x8286, 0x69C4, 0x7205, 0xA348, 0x92E7, 0x6142, 0x69A3, 0x6983, 0x7A24, 0xAB67, 0xAB46, 0xAB47, 0xAB67,
    0xC3E8, 0xC428, 0xCC49, 0xCC29, 0xC3E8, 0xBBE8, 0xC408, 0xC449, 0x5101, 0xA3A9, 0xD52E, 0xBCAC, 0xC4CC, 0xC4CC, 0xC4CD, 0xC4ED,
    0xD56F, 0xD56F, 0xD56F, 0xD56F, 0xD58F, 0xD58F, 0xD58F, 0xD56F, 0xDDB0, 0xDDD0, 0xDDB0, 0xDDB0, 0xDDB0, 0xDDB0, 0xDDB0, 0xDDD0,
    0xF610, 0xF610, 0xF610, 0xF610, 0xEDAF, 0xED8F, 0xEDAF, 0xE54D, 0xDD4D, 0xE54D, 0xE56D, 0xEDAF, 0xEDAF, 0xEDAF, 0xF5F0, 0xF610,
    0xF610, 0xEDCF, 0xEDAE, 0xF60F, 0xF60F, 0xF5CF, 0xF60F, 0xF610, 0xF5EF, 0xEDCE, 0xF5EF, 0xEDEF, 0xF671, 0xFF98, 0xFF77, 0xFF98,
    0xFFB8, 0xFF98, 0xFF78, 0xFFB9, 0xFFB9, 0xFF98, 0xFF98, 0xFF77, 0xFF78, 0xFFB8, 0xFFB9, 0xFF98, 0xFF98, 0xFF97, 0xFF98, 0xFF77,
    0xFF35, 0xFF36, 0xFF56, 0xFF35, 0xFF15, 0xFF15, 0xFF15, 0xFF15, 0xFEF4, 0xFE70, 0xF60F, 0xEDCE, 0xEDAE, 0xED8D, 0xED8D, 0xEDAD,
    0xEDAD, 0xED8D, 0xF5EE, 0xFE71, 0xFE51, 0xFE50, 0xF650, 0xF62F, 0xF630, 0xF630, 0xF630, 0xFE50, 0xF630, 0xF5EF, 0xF5EF, 0xF5EF,
    0xF630, 0xFED3, 0xFF77, 0xFF98, 0xFFB8, 0xFFB8, 0xFFB8, 0xFFB8, 0xFFB8, 0xFF97, 0xFF98, 0xFFB8, 0xFF98, 0xFF77, 0xFFB8, 0xFFD8,
    0xFFB8, 0xFFB8, 0xFF98, 0xFF56, 0xFF76, 0xFF76, 0xFF77, 0xFF77, 0xFF77, 0xFF97, 0xFF76, 0xFF97, 0xFF97, 0xFF97, 0xFFB7, 0xFF76,
    0xFF76, 0xFF76, 0xFF76, 0xFF97, 0xFF97, 0xFEF4, 0xF692, 0xE5EF, 0xDDAE, 0xC4ED, 0xC4ED, 0xCD0D, 0xCD0D, 0xCD0D, 0xC50D, 0xC4ED,
    0xC4ED, 0xC4ED, 0xC4ED, 0xC4ED, 0xC50D, 0xBC8C, 0x5101, 0xC4EF, 0xFED5, 0xEE74, 0xF673, 0xF673, 0xF672, 0xF672, 0xF651, 0xF671,
    0xEE10, 0xEDCF, 0xEDCF, 0xEDCF, 0xE56D, 0xDD4C, 0xDD2C, 0xE52C, 0xE52C, 0xDCCA, 0xD4A9, 0xD4AA, 0xD4A9, 0xD4A9, 0xD4AA, 0xD4AA,
    0xDCEA, 0xDCEA, 0xDCEB, 0xDD0B, 0xE54C, 0xE58D, 0xE56E, 0x5142, 0x6982, 0xAB06, 0x92A4, 0x92A5, 0x9284, 0x92A4, 0x92A4, 0x92A4,
    0x92A4, 0x9AA4, 0x9AA4, 0x9AA4, 0x9AA4, 0x9AA4, 0x92A5, 0x9285, 0x8A85, 0x5102, 0x5102, 0x5102, 0x3860, 0xA389, 0xCCCD, 0xC46C,
    0xBC2B, 0x8AC6, 0x92E7, 0x71C4, 0x7A04, 0x71C3, 0xA327, 0xB388, 0x8A64, 0x9285, 0x8A65, 0xA306, 0xC429, 0xC408, 0xC408, 0xC408,
    0xC3E8, 0xC3E8, 0xBBE8, 0xC3E8, 0xC3E8, 0xC408, 0xAB87, 0x82A6, 0x71C3, 0xA388, 0xC4ED, 0xC4AC, 0xC4CC, 0xC4CC, 0xC4CD, 0xD56F,
    0xD56F, 0xD56F, 0xD56F, 0xD58F, 0xD58F, 0xD58F, 0xD58F, 0xD590, 0xDDB0, 0xDDD0, 0xDDD0, 0xDDD0, 0xDDB0, 0xDDD0, 0xDDD1, 0xDDD0,
    0xF610, 0xEDF0, 0xEDCF, 0xEDEF, 0xEDAE, 0xDD4D, 0xE54D, 0xE54D, 0xE56D, 0xE56D, 0xE58E, 0xEDAF, 0xEDAF, 0xEDAF, 0xF610, 0xF630,
    0xF610, 0xF630, 0xF630, 0xF5EF, 0xF5EF, 0xF5EF, 0xF60F, 0xF630, 0xF60F, 0xEDEF, 0xF610, 0xFE51, 0xFEB2, 0xFF57, 0xFF98, 0xFFB8,
    0xFF98, 0xFF77, 0xFF98, 0xFFB9, 0xFFB8, 0xFF98, 0xFF36, 0xF6F6, 0xFF57, 0xFFB8, 0xFFB8, 0xFFB8, 0xFF98, 0xFF97, 0xF736, 0xFF36,
    0xFF35, 0xFF56, 0xFF36, 0xFF35, 0xFF76, 0xFF35, 0xFF35, 0xFF35, 0xFEB2, 0xFE51, 0xF630, 0xF5EF, 0xF5EF, 0xF60F, 0xF60F, 0xF60F,
    0xF60F, 0xF5EF, 0xF5EE, 0xF5CE, 0xF5EF, 0xF630, 0xF630, 0xF630, 0xF630, 0xF60F, 0xF60F, 0xF60F, 0xF60F, 0xF5EF, 0xF5EF, 0xF5EF,
    0xF5EF, 0xF5EF, 0xFF15, 0xFFB7, 0xFF97, 0xFF76, 0xFF97, 0xFF77, 0xFFB8, 0xFFB8, 0xFF98, 0xFFB8, 0xFF98, 0xFF97, 0xFFB8, 0xFFB8,
    0xFFB8, 0xFFB8, 0xFF98, 0xFF97, 0xFFB7, 0xFF97, 0xFF97, 0xFF97, 0xFF97, 0xFF77, 0xFF77, 0xFF77, 0xFF97, 0xFFB7, 0xFF97, 0xFF76,
    0xFF76, 0xFF76, 0xFF76, 0xFF76, 0xFF76, 0xFF34, 0xF692, 0xEE31, 0xE5F0, 0xD52D, 0xD54E, 0xCD0D, 0xCD0D, 0xCD0D, 0xCD0D, 0xC50D,
    0xC4ED, 0xC4ED, 0xC4ED, 0xC4ED, 0xC4ED, 0xBC8C, 0x5101, 0xC50F, 0xFED5, 0xEE73, 0xF673, 0xF673, 0xF673, 0xF672, 0xF652, 0xF651,
    0xEE10, 0xEDCF, 0xEDCF, 0xEDCF, 0xEDCF, 0xE56D, 0xDD2C, 0xE52C, 0xE52C, 0xDCCA, 0xD489, 0xDCAA, 0xD4AA, 0xD4A9, 0xD4AA, 0xD4AA,
    0xDCEA, 0xDCEB, 0xDCEA, 0xDD2B, 0xDD6D, 0xE58D, 0xEDAE, 0x5983, 0x6162, 0xA2E5, 0x9AA5, 0x9AA4, 0x9AA4, 0x9AA4, 0x9AA4, 0x9AA4,
    0x9AA4, 0x9284, 0x9284, 0x9284, 0x9284, 0x92A4, 0x9AA5, 0x9AA5, 0x92A4, 0x8204, 0x79E3, 0x6962, 0x48A1, 0x7205, 0x9327, 0xC46B,
    0xBC2B, 0x7A04, 0x71A3, 0x9AE6, 0xCC6A, 0xC429, 0xBBE8, 0xBBE8, 0xC429, 0xCC29, 0xCC29, 0xC429, 0xBBE8, 0xC3E8, 0xC3E8, 0xC3E8,
    0xC3E8, 0xC3E8, 0xC408, 0xC408, 0xC408, 0xCC69, 0x9B06, 0x40A1, 0xB40A, 0xC48C, 0xC4CC, 0xC4CC, 0xC4CC, 0xC4CD, 0xC50D, 0xD56F,
    0xD56F, 0xD56F, 0xD58F, 0xD58F, 0xDD90, 0xD58F, 0xD590, 0xDDD0, 0xDDD0, 0xDDD0, 0xDDD0, 0xDDD0, 0xDDD0, 0xDDD1, 0xDDD1, 0xDDD1,
    0xEDEF, 0xEDCF, 0xEDAF, 0xEDCF, 0xEDCF, 0xEDCF, 0xEDCF, 0xEDCF, 0xEDAE, 0xE54D, 0xE54D, 0xEDAF, 0xEDAF, 0xEDAF, 0xEDAF, 0xF610,
    0xF630, 0xF630, 0xEDAE, 0xEDAE, 0xF630, 0xF630, 0xF630, 0xF630, 0xF5EF, 0xF60F, 0xF630, 0xFE92, 0xFE92, 0xFEF5, 0xFF57, 0xFF57,
    0xFF78, 0xFF98, 0xFF98, 0xFF98, 0xFFB8, 0xFF97, 0xF736, 0xFF36, 0xFF37, 0xFF57, 0xFF77, 0xFF77, 0xFF78, 0xFF77, 0xF6D5, 0xFF16,
    0xFF57, 0xFF77, 0xFEF4, 0xFF15, 0xFF35, 0xF692, 0xF671, 0xF671, 0xFE91, 0xF650, 0xF60F, 0xF60F, 0xF62F, 0xF5EF, 0xF5EF, 0xF5EF,
    0xF5EF, 0xF5EF, 0xF5EF, 0xEDCE, 0xF5EF, 0xF630, 0xF630, 0xF60F, 0xF610, 0xF610, 0xF610, 0xF60F, 0xF60F, 0xF5EF, 0xF5EF, 0xF5EF,
    0xF5EF, 0xF60F, 0xFF35, 0xFFB7, 0xFF98, 0xFF97, 0xFF97, 0xFF98, 0xFF98, 0xFF97, 0xFF98, 0xFF98, 0xFF98, 0xFFB8, 0xFF98, 0xFF97,
    0xFF77, 0xFFB8, 0xFF98, 0xFF97, 0xFF56, 0xFF56, 0xFF56, 0xFF35, 0xFF76, 0xFF56, 0xFF56, 0xFF77, 0xFF97, 0xFF97, 0xFF76, 0xFF76,
    0xFF76, 0xFF35, 0xFF14, 0xFF14, 0xFF14, 0xFF14, 0xF692, 0xFE92, 0xEE31, 0xDD8E, 0xDD8E, 0xCD2D, 0xCD0D, 0xCD0D, 0xCD0D, 0xCD0D,
    0xCD0D, 0xCD0D, 0xC4CC, 0xC4CC, 0xC4ED, 0xBC8C, 0x5901, 0xC530, 0xFED5, 0xEE73, 0xF673, 0xF673, 0xF673, 0xF673, 0xF672, 0xF651,
    0xF630, 0xEDEF, 0xEDCF, 0xEDCE, 0xEDCE, 0xE58D, 0xDD2C, 0xDD4C, 0xE54C, 0xDD2B, 0xD4CA, 0xDCAA, 0xD4AA, 0xDCCA, 0xDCCA, 0xDCCA,
    0xDCCA, 0xDCEA, 0xDD2C, 0xDD4C, 0xE58D, 0xCCCC, 0x71E5, 0x71E4, 0x8244, 0x9AC5, 0x9AA5, 0x9AA4, 0x9AA4, 0x9AA4, 0x9AA4, 0x9AA4,
    0x9AC4, 0x9AC5, 0x9AC5, 0x9AC5, 0x9AC5, 0x9AC5, 0x9AA4, 0x9AA5, 0x9284, 0x9AA4, 0x9AA4, 0x92A4, 0x9AA5, 0x48C0, 0x59A4, 0xCC8B,
    0xC429, 0xC429, 0xC429, 0xBC09, 0xBBC8, 0xBBC8, 0xBBC8, 0xBBC8, 0xBBE8, 0xC3E8, 0xC3E8, 0xC3E8, 0xC408, 0xC408, 0xC408, 0xC408,
    0xC408, 0xC408, 0xC408, 0xC449, 0xC449, 0xD48A, 0xA347, 0x4902, 0xB3EA, 0xC48C, 0xC4CD, 0xC4CD, 0xC4AC, 0xCD0D, 0xD590, 0xD56F,
    0xD56F, 0xD58F, 0xD58F, 0xD590, 0xDD90, 0xD590, 0xDDB0, 0xDDD1, 0xDDD0, 0xDDD0, 0xDDD1, 0xDDD1, 0xDDD1, 0xDDD1, 0xDDD1, 0xDDD1,
    0xEDEF, 0xE58E, 0xE56E, 0xE58E, 0xE56E, 0xEDAF, 0xEDCF, 0xDD4D, 0xD4EC, 0xDD0C, 0xDD0C, 0xDD2D, 0xE56E, 0xEDAF, 0xEDAF, 0xF5F0,
    0xF610, 0xF630, 0xF610, 0xEDCF, 0xF60F, 0xF610, 0xF630, 0xF630, 0xFE30, 0xFE50, 0xFE51, 0xEDCF, 0xEDEF, 0xFF15, 0xFF36, 0xFF36,
    0xFF77, 0xFF98, 0xFFB8, 0xFF78, 0xFF57, 0xFF57, 0xFF57, 0xFF77, 0xFF57, 0xFF36, 0xFF36, 0xF716, 0xFF56, 0xFF77, 0xFF77, 0xFF77,
    0xFF36, 0xFEF4, 0xFEB3, 0xFEB2, 0xF630, 0xEDCF, 0xF5EF, 0xEDCE, 0xF60F, 0xFE50, 0xFE50, 0xFE50, 0xFE71, 0xF60F, 0xF5EF, 0xF5EF,
    0xF5EF, 0xF5EF, 0xF5EF, 0xEDCE, 0xF5EF, 0xF60F, 0xF60F, 0xF60F, 0xF610, 0xF610, 0xF610, 0xF610, 0xF610, 0xF5EF, 0xF60F, 0xF60F,
    0xF60F, 0xF60F, 0xF671, 0xFF55, 0xFFB8, 0xFF97, 0xFFB8, 0xFFB8, 0xFF56, 0xFF77, 0xFFB8, 0xFFB8, 0xFF98, 0xFF97, 0xFF77, 0xFF97,
    0xFF97, 0xFF97, 0xFF97, 0xFF97, 0xFF76, 0xFF77, 0xFF56, 0xF735, 0xFF56, 0xFF56, 0xFF97, 0xFF97, 0xFF97, 0xFF97, 0xFF76, 0xFF76,
    0xFF55, 0xFF15, 0xFEF4, 0xFEF4, 0xFEF4, 0xFEF4, 0xF6B2, 0xF6B2, 0xF692, 0xEE51, 0xEE10, 0xCD0D, 0xCD0D, 0xCD0E, 0xCD0E, 0xCD0D,
    0xC4ED, 0xC4CD, 0xC4CC, 0xC4CC, 0xC4ED, 0xBCAC, 0x48A0, 0xC510, 0xFED6, 0xEE73, 0xF673, 0xF673, 0xF673, 0xF673, 0xF672, 0xF651,
    0xF650, 0xEDEF, 0xEDCF, 0xEDCF, 0xEDCF, 0xE58D, 0xDD2C, 0xDD4C, 0xDD4C, 0xE54C, 0xDD0B, 0xD4A9, 0xD4AA, 0xDCCA, 0xDCCA, 0xDCCA,
    0xDCCA, 0xDCEA, 0xDD4C, 0xDD2C, 0xE58E, 0xBC6C, 0x3860, 0x9285, 0xA2E5, 0x9AA4, 0x9AC4, 0x9AA4, 0x9AA4, 0x9AA4, 0x9AC4, 0x9AC4,
    0x9AC5, 0xAB26, 0xAB46, 0xAB26, 0xAB46, 0xA305, 0x9284, 0x9284, 0x9284, 0x9284, 0x9284, 0x9284, 0x9AC5, 0x5101, 0x61E5, 0xCC6B,
    0xBC29, 0xBC09, 0xBBE8, 0xBBE8, 0xBBE8, 0xBBC8, 0xBBC8, 0xBBE8, 0xC3E8, 0xC3E8, 0xC3E8, 0xC3E8, 0xC408, 0xC408, 0xC408, 0xC408,
    0xC408, 0xC408, 0xC408, 0xCC8A, 0xCC8A, 0xD4CB, 0x9B27, 0x3881, 0xB388, 0xBC09, 0xC42A, 0xC46B, 0xD54F, 0xD56F, 0xD56F, 0xD56F,
    0xD56F, 0xD58F, 0xD58F, 0xDD90, 0xDD90, 0xD590, 0xDDB0, 0xDDD1, 0xDDD0, 0xDDD1, 0xDDD1, 0xDDD1, 0xDDD1, 0xDDD1, 0xDDD1, 0xDDD1,
    0xEDCF, 0xE58E, 0xDD4D, 0xE54D, 0xE54D, 0xE56E, 0xE54E, 0xDD0D, 0xDD4D, 0xEDAF, 0xEDAF, 0xED8E, 0xE58E, 0xE58E, 0xE58E, 0xEDF0,
    0xF610, 0xFE30, 0xFE30, 0xE58E, 0xDD4D, 0xEDCF, 0xF630, 0xFE30, 0xFE30, 0xFE50, 0xE58D, 0xDD2C, 0xE5EF, 0xFF35, 0xFF15, 0xFF36,
    0xFF98, 0xFFB9, 0xFFB9, 0xFF77, 0xFF57, 0xFF77, 0xFF56, 0xFF36, 0xFF56, 0xFF77, 0xFF57, 0xFF77, 0xFF77, 0xFF77, 0xFF77, 0xFF77,
    0xF692, 0xEDCF, 0xF5EF, 0xF5CF, 0xEDAE, 0xEDAE, 0xEDCE, 0xEDCE, 0xF5EF, 0xF630, 0xFE71, 0xFE71, 0xF610, 0xF60F, 0xF60F, 0xF5EF,
    0xF5EF, 0xF5EF, 0xF5CE, 0xEDAE, 0xEDAE, 0xED8E, 0xEDAE, 0xF60F, 0xF610, 0xF610, 0xF610, 0xF610, 0xF60F, 0xF60F, 0xF5EF, 0xF5EF,
    0xF610, 0xF60F, 0xF5EF, 0xFF35, 0xFFB7, 0xFF77, 0xFF97, 0xFFB8, 0xFFB8, 0xFFB8, 0xFF98, 0xFF97, 0xFF97, 0xFF98, 0xFFB8, 0xFFB8,
    0xFF97, 0xFF97, 0xFF97, 0xFF98, 0xFF76, 0xFF97, 0xFF97, 0xFF77, 0xFF76, 0xFF76, 0xFF76, 0xFF76, 0xFF76, 0xFF77, 0xFF76, 0xFF76,
    0xFF35, 0xFF15, 0xFF14, 0xFEF4, 0xFEF4, 0xFEF4, 0xF6B2, 0xFF14, 0xFF34, 0xFEF3, 0xF692, 0xD56E, 0xCD4E, 0xCD2E, 0xCD2E, 0xCD2E,
    0xCD0D, 0xCD0D, 0xC4ED, 0xC4ED, 0xBC8B, 0x8B08, 0x9BAB, 0xDE13, 0xF6B5, 0xF673, 0xF673, 0xF673, 0xF673, 0xF673, 0xF672, 0xF651,
    0xF651, 0xEDEF, 0xEDCF, 0xEDCF, 0xEDCE, 0xE58D, 0xDD2C, 0xE54C, 0xDD2C, 0xDD0B, 0xE50B, 0xD4A9, 0xD4AA, 0xDCAA, 0xDCCA, 0xDCCA,
    0xDCEB, 0xDD2C, 0xDD4C, 0xEDCE, 0xABC9, 0x6183, 0x9AA6, 0x9AC5, 0x9AC5, 0x9AC5, 0x9AA4, 0x9AA4, 0x9AC5, 0xA305, 0xA305, 0xA305,
    0xA305, 0xAB46, 0xAB46, 0xAB46, 0xAB46, 0xAB26, 0x9AC5, 0xA2E5, 0x9AA4, 0x9284, 0x9AA5, 0x9284, 0x9AC5, 0x5101, 0x61E4, 0xCC8B,
    0xBC29, 0xC44A, 0xC44A, 0xBBC8, 0xBBC8, 0xBBC8, 0xBBC8, 0xBBE8, 0xBBE8, 0xC408, 0xC408, 0xC408, 0xC428, 0xC429, 0xCC29, 0xC429,
    0xC428, 0xC408, 0xC408, 0xD4CA, 0xCCAB, 0x61A3, 0x8245, 0x92C6, 0xBBC8, 0xBBC7, 0xBBA7, 0xC409, 0xD52D, 0xCD2E, 0xD56F, 0xD590,
    0xD590, 0xD590, 0xD590, 0xD590, 0xDDB0, 0xDDB0, 0xDDB0, 0xDDD1, 0xDDF1, 0xDDD1, 0xDDD1, 0xDDD1, 0xDDD1, 0xDDD1, 0xDDD1, 0xDDD1,
    0xF5D0, 0xEDAF, 0xEDAF, 0xEDCF, 0xEDCF, 0xEDCF, 0xEDAF, 0xEDAF, 0xEDAF, 0xEDAF, 0xEDAF, 0xEDAF, 0xEDAF, 0xE58E, 0xE58E, 0xEDAF,
    0xEDAE, 0xF630, 0xF630, 0xE58E, 0xEDAF, 0xF610, 0xF610, 0xF610, 0xFE51, 0xFE51, 0xEDEF, 0xF692, 0xFF15, 0xFF15, 0xFF15, 0xFF15,
    0xFF77, 0xFF97, 0xFF98, 0xFFD9, 0xFFD9, 0xFF77, 0xF6D4, 0xF6D4, 0xFF36, 0xFF77, 0xFF57, 0xFF97, 0xFF98, 0xFF77, 0xFF78, 0xFF98,
    0xF672, 0xED8E, 0xEDAE, 0xED8E, 0xEDAE, 0xEDAE, 0xEDAE, 0xEDAE, 0xEDAE, 0xED8E, 0xEDCE, 0xF630, 0xF610, 0xF60F, 0xF610, 0xF630,
    0xF630, 0xF610, 0xEDCE, 0xED8E, 0xEDAE, 0xEDAE, 0xEDAE, 0xF5EF, 0xF610, 0xF610, 0xF610, 0xF630, 0xF60F, 0xF60F, 0xEDCF, 0xF5EF,
    0xFE30, 0xF610, 0xF630, 0xFF14, 0xFF76, 0xFF98, 0xFFB8, 0xFFD9, 0xFFD9, 0xFFB8, 0xFF97, 0xFF77, 0xFF98, 0xFFB8, 0xFF97, 0xFF97,
    0xFF98, 0xFF77, 0xFF97, 0xFF77, 0xFF56, 0xFF36, 0xFF56, 0xFF77, 0xFF96, 0xFF97, 0xFF76, 0xFF56, 0xFF56, 0xFF56, 0xFF56, 0xFF76,
    0xFF76, 0xFF35, 0xFF15, 0xFF14, 0xFF14, 0xFF14, 0xFEF4, 0xFF34, 0xFF34, 0xFEB3, 0xFEB2, 0xFED3, 0xDDAF, 0xC50D, 0xCD2E, 0xCD2E,
    0xCD2E, 0xCD2E, 0xCD0E, 0xCD4E, 0xB44B, 0x5101, 0xEED6, 0xFF16, 0xEE74, 0xF694, 0xF673, 0xF673, 0xF673, 0xF673, 0xF672, 0xF651,
    0xF651, 0xEDF0, 0xEDEF, 0xEDCE, 0xE58D, 0xE58D, 0xDD2C, 0xDD2C, 0xE54C, 0xDD0B, 0xDD0B, 0xDCEA, 0xDCEA, 0xD4AA, 0xD4CA, 0xDD2B,
    0xDD2B, 0xDD4C, 0xDD4C, 0xCCEC, 0x9307, 0x6962, 0xAB26, 0x9AE5, 0x9AC5, 0xA2E5, 0xA2E5, 0xA2E5, 0xA305, 0xAB46, 0xAB26, 0xAB26,
    0xAB46, 0xAB46, 0xAB46, 0xAB46, 0xAB46, 0xAB46, 0xAB46, 0xAB66, 0xA305, 0x9AA4, 0x9284, 0x9284, 0x9AC5, 0x5101, 0x61E4, 0xCC8B,
    0xC48B, 0xD4ED, 0xCCCC, 0xB3C7, 0xBBC8, 0xBBC8, 0xBBE8, 0xBBC8, 0xC408, 0xD4AB, 0xCC8A, 0xBBE8, 0xCC69, 0xD4CB, 0xD4AB, 0xD4CB,
    0xCC8A, 0xC408, 0xC408, 0xD4CA, 0xD50C, 0x5101, 0x8A84, 0xCC29, 0xBBC7, 0xBBC7, 0xC3E8, 0xC409, 0xC429, 0xC449, 0xD50D, 0xD52E,
    0xD52E, 0xD56F, 0xDDB0, 0xDDB0, 0xE5D1, 0xE5F1, 0xE5F1, 0xDDD1, 0xDDF1, 0xDDF1, 0xDDD1, 0xDDD1, 0xE5F1, 0xDDD1, 0xDDD1, 0xE5F1,
    0xF5F0, 0xF5F0, 0xF5CF, 0xEDCF, 0xEDAF, 0xE5AE, 0xE58E, 0xEDAF, 0xEDAF, 0xEDAF, 0xEDAF, 0xEDAF, 0xEDAF, 0xED8E, 0xE58E, 0xE58E,
    0xE58E, 0xF610, 0xFE30, 0xEDCF, 0xEDAE, 0xEDAE, 0xE58E, 0xF5F0, 0xFE51, 0xFE51, 0xFE71, 0xFF14, 0xFF35, 0xFF15, 0xFF15, 0xFF15,
    0xFF16, 0xFF16, 0xFF36, 0xFF57, 0xFF56, 0xF736, 0xFED4, 0xFED4, 0xF6B3, 0xF6B3, 0xF6B3, 0xFED4, 0xFF56, 0xFF76, 0xFF77, 0xFF77,
    0xF672, 0xED8E, 0xEDAE, 0xEDAE, 0xEDAE, 0xEDAE, 0xED8E, 0xED8E, 0xED8E, 0xED8E, 0xEDAE, 0xF60F, 0xF610, 0xF610, 0xF610, 0xF610,
    0xF630, 0xFE50, 0xF5EF, 0xEDAE, 0xF5CE, 0xF5CF, 0xEDCE, 0xEDAE, 0xEDCE, 0xF5EF, 0xF610, 0xFE30, 0xF610, 0xF5EF, 0xF630, 0xFE30,
    0xF630, 0xF630, 0xF630, 0xF630, 0xFEF3, 0xFFD8, 0xFFB8, 0xFFB8, 0xFFB8, 0xFFB8, 0xFF98, 0xFFB8, 0xFFB8, 0xFFB8, 0xFF97, 0xFF77,
    0xFF98, 0xFFB8, 0xFF97, 0xFF76, 0xFF77, 0xFF56, 0xFF36, 0xFF56, 0xFF96, 0xFF97, 0xFF56, 0xFF56, 0xFF76, 0xFF56, 0xFF56, 0xFF97,
    0xFF56, 0xFF35, 0xFF15, 0xFF15, 0xFF35, 0xFF55, 0xFF35, 0xFF35, 0xFF34, 0xFEF4, 0xF6B3, 0xFEB3, 0xE5F0, 0xDDAF, 0xD56E, 0xCD2E,
    0xCD2E, 0xCD2E, 0xCD2E, 0xD54E, 0xBC8C, 0x5922, 0xDE54, 0xF716, 0xEE74, 0xEE74, 0xF673, 0xF673, 0xF672, 0xF673, 0xF672, 0xF630,
    0xF651, 0xEDF0, 0xEDEF, 0xE5CE, 0xE56D, 0xE58E, 0xE56D, 0xE54C, 0xE56C, 0xE52C, 0xDD0B, 0xDD0B, 0xDD0B, 0xDCEA, 0xDCEB, 0xDD2B,
    0xDD2B, 0xDD4C, 0xE5CE, 0x5983, 0x7A04, 0xAB26, 0xA2E5, 0x9AE5, 0xA2E5, 0xA305, 0xAB46, 0xAB26, 0xAB26, 0xAB25, 0xAB25, 0xAB26,
    0xAB46, 0xAB46, 0xAB46, 0xAB46, 0xAB46, 0xAB46, 0xAB46, 0xAB46, 0xAB66, 0xA2E5, 0x9284, 0x9284, 0xA2C5, 0x5101, 0x69E5, 0xD4EC,
    0xD52E, 0xD54F, 0xCCED, 0xB3A7, 0xCC6A, 0xD4AB, 0xD48A, 0xCC6A, 0xD48A, 0xDD0C, 0xD4CB, 0xC44A, 0xD4CB, 0xE54C, 0xE54C, 0xE54D,
    0xDD0C, 0xCC68, 0xD4AB, 0xDD6E, 0xDD2D, 0x5962, 0x8284, 0xC3E8, 0xBBC7, 0xC3C8, 0xC3E8, 0xC429, 0xC429, 0xCC29, 0xCC6A, 0xCC6A,
    0xCC6A, 0xD52D, 0xDD8F, 0xDD6F, 0xDDD0, 0xE5F1, 0xE5F1, 0xDDF1, 0xDDF1, 0xDDF1, 0xDDF1, 0xE5F1, 0xE5F1, 0xE5D1, 0xDDD1, 0xE5F1,
    0xEDAF, 0xEDCF, 0xEDAF, 0xE58E, 0xE54D, 0xDD2D, 0xE56E, 0xED8E, 0xE58E, 0xE58E, 0xE56E, 0xE58E, 0xE58E, 0xE58E, 0xEDAF, 0xEDEF,
    0xEDF0, 0xF630, 0xEDCF, 0xE54D, 0xE54D, 0xE54D, 0xE56E, 0xEDAF, 0xEDCF, 0xEDCF, 0xFE51, 0xF671, 0xE5CF, 0xF6B3, 0xFF36, 0xFF36,
    0xFF35, 0xFF56, 0xFF78, 0xFF57, 0xFF57, 0xFF15, 0xF672, 0xEE10, 0xE56D, 0xE56D, 0xEDCF, 0xF5EF, 0xF5EF, 0xF610, 0xF651, 0xF651,
    0xEDCE, 0xEDAE, 0xED8E, 0xED8E, 0xEDAE, 0xEDAE, 0xEDAE, 0xEDAE, 0xE56D, 0xE58D, 0xFE30, 0xFE50, 0xF610, 0xF610, 0xF610, 0xF610,
    0xF60F, 0xEDAE, 0xED8E, 0xED8E, 0xF60F, 0xF5CF, 0xED8D, 0xE56D, 0xEDAE, 0xF610, 0xF5EF, 0xEDCF, 0xEDCF, 0xF5EF, 0xFE30, 0xFE30,
    0xFE30, 0xF630, 0xF630, 0xF60F, 0xFEF3, 0xFFD9, 0xFFB8, 0xFFB8, 0xFFB8, 0xFF97, 0xFFB8, 0xFFB8, 0xFFB8, 0xFFB8, 0xFFB8, 0xFFB8,
    0xFF98, 0xFF98, 0xFF97, 0xFF97, 0xFF97, 0xFF97, 0xFF77, 0xFF77, 0xFF77, 0xFF77, 0xFF56, 0xFF97, 0xFF97, 0xFF76, 0xFF56, 0xFF56,
    0xFF15, 0xFF15, 0xFF56, 0xFF76, 0xFF56, 0xFF35, 0xFF35, 0xFF15, 0xFF15, 0xFF55, 0xFF34, 0xFED3, 0xF692, 0xF692, 0xF671, 0xD56E,
    0xCD2E, 0xCD2E, 0xCD2E, 0xD54E, 0xBCAC, 0x5942, 0xDE75, 0xF6F6, 0xEE74, 0xF674, 0xF673, 0xF673, 0xF673, 0xF673, 0xEE72, 0xEE30,
    0xF631, 0xEDF0, 0xEDEF, 0xEDCF, 0xE56D, 0xE56D, 0xE56D, 0xE56D, 0xE56D, 0xE54C, 0xDD0B, 0xDD0B, 0xDD0B, 0xDD0B, 0xDD2B, 0xDD2C,
    0xDD4C, 0xDD2C, 0xB42A, 0x6183, 0x8A65, 0xAB26, 0xA305, 0xA305, 0xAB26, 0xAB26, 0xAB26, 0xAB26, 0xAB26, 0xAB46, 0xAB46, 0xAB46,
    0xAB46, 0xAB46, 0xAB46, 0xAB46, 0xAB46, 0xAB46, 0xAB46, 0xAB46, 0xAB46, 0xAB46, 0xAB46, 0xAB46, 0xB367, 0x5101, 0x5984, 0xBC4B,
    0xD54F, 0xDD6F, 0xD50E, 0xB3A8, 0xD4CB, 0xDCEC, 0xD4CB, 0xDCEC, 0xDCEC, 0xDD0C, 0xD4CB, 0xCC4A, 0xD4EC, 0xDD2D, 0xDD2C, 0xDD2D,
    0xDD4D, 0xDD0C, 0xE58F, 0xE5D1, 0xDD4E, 0x5963, 0x8264, 0xC3E8, 0xBBC7, 0xC3C8, 0xC3E8, 0xC429, 0xC429, 0xCC49, 0xD46A, 0xD46A,
    0xCC6A, 0xD48A, 0xD48A, 0xCC8B, 0xDD90, 0xE5F1, 0xE5F1, 0xE5F1, 0xDDF1, 0xDDF1, 0xE5F1, 0xE5F1, 0xE5F1, 0xE5F1, 0xE5F1, 0xE5F1,
    0xEDCF, 0xEDCF, 0xEDCF, 0xE58E, 0xE54D, 0xE56E, 0xE58E, 0xE58E, 0xEDAF, 0xEDAF, 0xE56E, 0xE56E, 0xE58E, 0xEDAE, 0xF5EF, 0xF630,
    0xFE31, 0xF630, 0xEDAE, 0xE54D, 0xE56D, 0xE58E, 0xED8E, 0xEDAE, 0xEDAE, 0xEDAE, 0xEDCF, 0xE58E, 0xDD4D, 0xF692, 0xFEF4, 0xF6D4,
    0xFED4, 0xFED4, 0xFF15, 0xFF15, 0xF693, 0xF631, 0xF631, 0xEDCF, 0xE54D, 0xE54D, 0xEDEF, 0xF5CE, 0xED6D, 0xEDAE, 0xF5CE, 0xEDAE,
    0xF5CF, 0xF630, 0xEDCF, 0xEDCE, 0xEDCE, 0xEDAE, 0xED8E, 0xE54D, 0xE56D, 0xF5EF, 0xFE30, 0xFE50, 0xF630, 0xF610, 0xF610, 0xF60F,
    0xEDAE, 0xED8E, 0xED8E, 0xEDAE, 0xF5EF, 0xF5EF, 0xEDAE, 0xED8D, 0xF5CE, 0xF5EF, 0xEDCE, 0xEDCF, 0xF5CF, 0xF5EF, 0xF60F, 0xF60F,
    0xF5EF, 0xF5EF, 0xF610, 0xF60F, 0xFEF4, 0xFFB8, 0xFF98, 0xFFB8, 0xFFB8, 0xFF98, 0xFFB8, 0xFFB8, 0xFFB8, 0xFF97, 0xFF97, 0xFF97,
    0xFF97, 0xFF97, 0xFF97, 0xFF76, 0xFF76, 0xFF97, 0xFF97, 0xFF97, 0xFF77, 0xFF36, 0xFF56, 0xFFB8, 0xFFB8, 0xFF97, 0xFF56, 0xFF56,
    0xFF56, 0xFF56, 0xFF76, 0xFF56, 0xFF35, 0xFF35, 0xFF35, 0xFF35, 0xFF15, 0xFF56, 0xFF97, 0xFF35, 0xF672, 0xF671, 0xF672, 0xDD8F,
    0xCD2E, 0xCD2E, 0xCD2E, 0xD54E, 0xC4CD, 0x4901, 0xDE34, 0xFF99, 0xEE94, 0xEE74, 0xF673, 0xF673, 0xF672, 0xF673, 0xEE52, 0xEE30,
    0xF631, 0xEDEF, 0xEDEF, 0xEDEF, 0xE5AE, 0xE58D, 0xE56D, 0xE56D, 0xE56D, 0xE56C, 0xE54C, 0xDD0B, 0xDD0B, 0xDD0B, 0xDD2B, 0xDD2C,
    0xE58D, 0xD52D, 0x48C1, 0x8A85, 0xA326, 0xA305, 0xA305, 0xA305, 0xAB26, 0xAB26, 0xAB25, 0xAB26, 0xAB26, 0xAB46, 0xAB46, 0xAB46,
    0xAB46, 0xAB46, 0xAB46, 0xAB46, 0xAB46, 0xAB46, 0xAB46, 0xAB46, 0xAB46, 0xAB46, 0xAB46, 0xAB46, 0xAB46, 0xA306, 0x5942, 0x5142,
    0xDD6F, 0xDD90, 0xD52E, 0xB3C8, 0xD4CC, 0xD4CC, 0xDD6E, 0xE5D0, 0xE5F1, 0xEE11, 0xE5D0, 0xCCAC, 0xDD4F, 0xE5D1, 0xE5D1, 0xE5D1,
    0xDD4E, 0xDD4E, 0xDD8F, 0xE5F1, 0xEDF1, 0x5983, 0x8244, 0xC408, 0xBBC7, 0xC3E8, 0xC408, 0xCC29, 0xC429, 0xCC49, 0xCC6A, 0xCC6A,
    0xCC6A, 0xCC6A, 0xCC6A, 0xD46A, 0xD4AB, 0xD4CC, 0xCCAB, 0xDD6F, 0xE612, 0xE5F1, 0xE5F1, 0xE5F1, 0xE5F1, 0xE5F1, 0xE5F1, 0xE5F1,
    0xF5F0, 0xF5F0, 0xEDCF, 0xE56E, 0xE54D, 0xE56E, 0xE56E, 0xE54E, 0xE54E, 0xE56E, 0xE58E, 0xE58E, 0xED8F, 0xE58E, 0xE54D, 0xE52C,
    0xDD2C, 0xE56D, 0xF5EF, 0xED8D, 0xED8E, 0xF5CE, 0xF5CF, 0xEDAE, 0xE56D, 0xE54D, 0xE54D, 0xEDF0, 0xEE31, 0xF6B3, 0xF692, 0xF631,
    0xEDCF, 0xEDCF, 0xEE10, 0xF692, 0xF672, 0xF610, 0xEDEF, 0xEDCE, 0xEDCE, 0xF5EF, 0xF60F, 0xEDCE, 0xED6D, 0xED8E, 0xED6E, 0xED8E,
    0xF5EF, 0xFE30, 0xF630, 0xF5EF, 0xF5CF, 0xEDAE, 0xED8E, 0xED8E, 0xED8E, 0xF5CF, 0xFE30, 0xFE50, 0xF610, 0xF60F, 0xF60F, 0xF60F,
    0xEDAE, 0xEDAE, 0xF60F, 0xF60F, 0xF5EF, 0xF60F, 0xF5CF, 0xE52C, 0xE54C, 0xE56D, 0xEDAE, 0xF5EF, 0xF5CF, 0xF5EF, 0xF5EF, 0xF5CF,
    0xF5CF, 0xF5CF, 0xF5EF, 0xF60F, 0xF671, 0xFF56, 0xFF97, 0xFFB8, 0xFFB8, 0xFFB8, 0xFFB8, 0xFF97, 0xFF97, 0xFF97, 0xFF97, 0xFF97,
    0xFF97, 0xFF97, 0xFF77, 0xFF35, 0xFF56, 0xFF56, 0xFF97, 0xFF97, 0xFF77, 0xFF56, 0xFF77, 0xFF97, 0xFF56, 0xFF56, 0xFF76, 0xFF97,
    0xFF76, 0xFF56, 0xFF76, 0xFF55, 0xFF55, 0xFF55, 0xFF35, 0xFF96, 0xFF97, 0xFF97, 0xFFB7, 0xFF55, 0xF714, 0xF6D3, 0xF672, 0xDD8F,
    0xCD2E, 0xCD2E, 0xCD2E, 0xD54E, 0x8285, 0x93AB, 0xF77A, 0xFFDA, 0xF6D5, 0xF674, 0xF673, 0xF673, 0xF673, 0xF673, 0xEE52, 0xEE30,
    0xEE31, 0xEDEF, 0xEDCF, 0xEDEF, 0xEDCF, 0xE58E, 0xDD6D, 0xE56D, 0xDD2C, 0xDD2C, 0xE54C, 0xDD0B, 0xDCEB, 0xDCEB, 0xDD0B, 0xE58E,
    0xBC6B, 0x7A86, 0x8245, 0x9AE5, 0xA306, 0xA305, 0xA305, 0xA305, 0xAB25, 0xAB25, 0xAB25, 0xAB26, 0xAB26, 0xAB46, 0xAB46, 0xAB46,
    0xAB46, 0xAB46, 0xAB46, 0xAB66, 0xAB66, 0xAB66, 0xAB46, 0xAB46, 0xB367, 0xB367, 0xAB67, 0xAB66, 0xAB46, 0xB387, 0x61A2, 0x5142,
    0xE5B0, 0xDD90, 0xD52E, 0xB3C8, 0xDD2D, 0xDD6F, 0xE5F1, 0xEE53, 0xEE53, 0xEE53, 0xEE33, 0xD570, 0xE612, 0xEE74, 0xEE53, 0xEE54,
    0xEE12, 0xDD4E, 0xE5AF, 0xDD91, 0x9BAA, 0x5963, 0x92A5, 0xC3E8, 0xBBE8, 0xC429, 0xCC49, 0xCC29, 0xCC49, 0xCC2A, 0xCC6A, 0xCC6A,
    0xD46A, 0xD46A, 0xCC6A, 0xD46A, 0xD46A, 0xCC6A, 0xCC6A, 0xD50D, 0xDD8F, 0xDD6F, 0xDDB0, 0xE5F1, 0xE5F1, 0xE5F1, 0xE5F1, 0xE5F1,
    0xDCEC, 0xDCEC, 0xDCEC, 0xDCEC, 0xDCEC, 0xDCEC, 0xE56E, 0xE56E, 0xE54E, 0xE56E, 0xE58E, 0xE58E, 0xE58E, 0xE56E, 0xE52D, 0xE52C,
    0xE52C, 0xE52C, 0xED6D, 0xEDCE, 0xF5EF, 0xEDCF, 0xED6E, 0xE54D, 0xE5AF, 0xE5AF, 0xEDF0, 0xFED3, 0xF6B3, 0xF6B3, 0xEDF0, 0xEDAF,
    0xE54D, 0xDD0C, 0xDD2C, 0xF651, 0xF631, 0xEDCF, 0xEDCF, 0xEDAE, 0xED8E, 0xED8E, 0xEDAE, 0xED8E, 0xED8D, 0xED6D, 0xE52D, 0xED6D,
    0xF5EF, 0xF5EF, 0xF610, 0xF60F, 0xF5CF, 0xEDAE, 0xF5EF, 0xEDCE, 0xF5EF, 0xFE30, 0xFE30, 0xFE30, 0xF610, 0xF60F, 0xF610, 0xF5EF,
    0xEDAE, 0xF5EF, 0xF5EF, 0xF5EF, 0xF5EF, 0xF5EF, 0xEDAE, 0xE52C, 0xE54C, 0xF5CE, 0xF60F, 0xF5EF, 0xEDCF, 0xF5EF, 0xF610, 0xF60F,
    0xF5CF, 0xF5CE, 0xF5EE, 0xF60F, 0xF5EF, 0xFF14, 0xFFB8, 0xFFB8, 0xFFD8, 0xFFB8, 0xFF97, 0xFF97, 0xFF97, 0xFF97, 0xFF97, 0xFF97,
    0xFF98, 0xFF98, 0xFF97, 0xFF77, 0xFF56, 0xFF56, 0xFF97, 0xFF77, 0xFF77, 0xFF97, 0xFF77, 0xFF77, 0xFF76, 0xFF56, 0xFF97, 0xFF97,
    0xFF56, 0xFF36, 0xFF56, 0xFF56, 0xFF76, 0xFF56, 0xFF56, 0xFF97, 0xFF97, 0xFF97, 0xFF97, 0xFF76, 0xFF97, 0xF6F4, 0xEE51, 0xE5F0,
    0xD54E, 0xCD4E, 0xCD2D, 0xD56E, 0x69A2, 0xBD31, 0xFFFD, 0xFFBB, 0xF6F6, 0xF673, 0xF674, 0xF673, 0xEE73, 0xEE73, 0xF652, 0xEE10,
    0xEE31, 0xEDEF, 0xEDCF, 0xEDD0, 0xEDD0, 0xE58E, 0xDD4D, 0xE56D, 0xDD2C, 0xDCEB, 0xDD0B, 0xDD0B, 0xDCEB, 0xDD0B, 0xDD4D, 0xEDF0,
    0xB42B, 0x40C1, 0xAB47, 0xAB26, 0xA305, 0xA325, 0xAB25, 0xAB25, 0xAB25, 0xAB25, 0xAB26, 0xAB26, 0xAB26, 0xAB46, 0xAB46, 0xAB46,
    0xAB46, 0xAB66, 0xAB66, 0xAB46, 0xAB67, 0xB367, 0xB367, 0xB367, 0xB3A7, 0xB387, 0xB3A7, 0xB3A7, 0xB387, 0xAB67, 0x5962, 0x40C1,
    0xBCAD, 0xDD90, 0xD54F, 0xB40A, 0xE5D1, 0xEE53, 0xEE32, 0xEE32, 0xEE33, 0xEE53, 0xEE33, 0xDDB1, 0xE613, 0xEE74, 0xEE74, 0xEE74,
    0xEE74, 0xE5B0, 0xEE11, 0xCD50, 0x2000, 0x8265, 0xC408, 0xBBC8, 0xCC4A, 0xCC4A, 0xCC49, 0xCC49, 0xCC2A, 0xC44A, 0xCC4A, 0xCC6A,
    0xD46A, 0xD46A, 0xD46A, 0xD46A, 0xD48A, 0xD48B, 0xD48B, 0xD46A, 0xCC8A, 0xCC6A, 0xD50D, 0xE611, 0xE5F1, 0xE5F1, 0xE5F1, 0xE5F1,
    0xDCEC, 0xDD0C, 0xDD0C, 0xDCCC, 0xE52D, 0xED8E, 0xED8E, 0xE58E, 0xEDAF, 0xEDAF, 0xE58E, 0xE58E, 0xE56E, 0xE58E, 0xEDAE, 0xEDCF,
    0xF5EF, 0xF5EF, 0xEDAE, 0xF630, 0xFED3, 0xFED3, 0xF692, 0xF672, 0xFEF4, 0xFEF4, 0xFEF4, 0xF6D3, 0xF693, 0xF692, 0xEDAF, 0xE52C,
    0xE52D, 0xE50C, 0xEDAE, 0xF651, 0xF610, 0xE58E, 0xED8E, 0xEDAE, 0xED8E, 0xEDCF, 0xF60F, 0xF60F, 0xED8E, 0xE54D, 0xEDAE, 0xF5CF,
    0xF5CF, 0xF5EF, 0xF610, 0xF60F, 0xEDCF, 0xEDAE, 0xED8E, 0xED8E, 0xF610, 0xFE51, 0xFE30, 0xFE30, 0xF610, 0xF610, 0xF5EF, 0xF5EF,
    0xF5EF, 0xF60F, 0xF5EF, 0xF5EF, 0xEDCE, 0xEDCE, 0xF5CE, 0xF5CE, 0xF5EF, 0xFE30, 0xF630, 0xF610, 0xEDEF, 0xF60F, 0xF60F, 0xF5EF,
    0xEDAE, 0xED8D, 0xEDCE, 0xF60F, 0xF5EF, 0xF692, 0xFF56, 0xFFD9, 0xFFB8, 0xFF97, 0xFF77, 0xFFB8, 0xFFB8, 0xFFB8, 0xFFB8, 0xFFB8,
    0xFF98, 0xFF97, 0xFF97, 0xFF97, 0xFF97, 0xFF97, 0xFF56, 0xFF56, 0xFF77, 0xFF97, 0xFF97, 0xFF56, 0xFF56, 0xFF76, 0xFF97, 0xFF76,
    0xFF36, 0xFF56, 0xFF77, 0xFF77, 0xFF97, 0xFF97, 0xFF97, 0xFF97, 0xFF97, 0xFF97, 0xFF97, 0xF715, 0xFF16, 0xF6B4, 0xEE52, 0xEE31,
    0xE5F0, 0xE5F0, 0xCD2E, 0xD54E, 0x71E3, 0xB4CF, 0xFFFC, 0xFFDB, 0xF6F6, 0xEE73, 0xF674, 0xEE73, 0xEE73, 0xEE74, 0xF653, 0xEE11,
    0xEE11, 0xEDCF, 0xE5CF, 0xE5F0, 0xEDCF, 0xE58E, 0xDD4D, 0xE56D, 0xDD4D, 0xDCEB, 0xDCEB, 0xDD0B, 0xDD0B, 0xDD4D, 0xE5D0, 0xD52E,
    0x9369, 0x5102, 0xA306, 0xA326, 0xA305, 0xA325, 0xA325, 0xAB25, 0xAB25, 0xAB25, 0xAB26, 0xAB26, 0xAB26, 0xAB46, 0xAB46, 0xAB46,
    0xAB46, 0xAB66, 0xAB46, 0xAB46, 0xB367, 0xBBA8, 0xBBA8, 0xB387, 0xB387, 0xB387, 0xB3A7, 0xB3A7, 0xB387, 0xAB66, 0x9B06, 0x7A24,
    0x3040, 0xAC0C, 0xCD2F, 0xBC6C, 0xE5D1, 0xEE33, 0xEE32, 0xEE33, 0xEE33, 0xEE53, 0xEE33, 0xDDD2, 0xEE54, 0xEE74, 0xEE74, 0xEE74,
    0xEE74, 0xEE33, 0xEE53, 0xDDD2, 0x2840, 0x8264, 0xCC29, 0xCC29, 0xCC4A, 0xCC49, 0xCC49, 0xCC4A, 0xCC4A, 0xCC4A, 0xCC6A, 0xCC8A,
    0xD46A, 0xD46A, 0xD46A, 0xD46A, 0xD46B, 0xD46B, 0xD46A, 0xD46A, 0xCC8A, 0xD46A, 0xD4AB, 0xD4EC, 0xCCCC, 0xD56E, 0xE612, 0xE611,
    0xE58E, 0xED8E, 0xED8E, 0xE56E, 0xEDCF, 0xEDCF, 0xE58E, 0xEDAF, 0xEDAF, 0xEDAF, 0xE5AE, 0xED8E, 0xE58E, 0xE58E, 0xE58E, 0xE5AF,
    0xF6B4, 0xFEF5, 0xF6D4, 0xFEF5, 0xFF16, 0xFF15, 0xF6F5, 0xFEF5, 0xFF15, 0xFF15, 0xFF15, 0xF6B4, 0xF693, 0xF6D4, 0xEE11, 0xE52C,
    0xE52D, 0xE54D, 0xE56D, 0xDD2D, 0xE54D, 0xEDAE, 0xEDAE, 0xEDAE, 0xEDCF, 0xF610, 0xF630, 0xF630, 0xEDAE, 0xED6D, 0xF5CF, 0xED8D,
    0xEDCE, 0xF610, 0xF60F, 0xEDAE, 0xEDAE, 0xEDCE, 0xF5EF, 0xF610, 0xFE50, 0xFE30, 0xFE30, 0xFE30, 0xFE30, 0xF630, 0xF5EF, 0xF5EF,
    0xF5EF, 0xF60F, 0xF60F, 0xF5CF, 0xF5CE, 0xF5EE, 0xF60F, 0xFE50, 0xF650, 0xF630, 0xF630, 0xEDCF, 0xF60F, 0xF610, 0xF610, 0xF5EF,
    0xF5EF, 0xF610, 0xF610, 0xF60F, 0xF60F, 0xF5EE, 0xF6F3, 0xFFF9, 0xFF77, 0xF736, 0xFF77, 0xFF97, 0xFFB8, 0xFFB8, 0xFFB8, 0xFFB8,
    0xFFB8, 0xFF97, 0xFF97, 0xFF97, 0xFF97, 0xFF77, 0xFF56, 0xFF77, 0xFF97, 0xFF97, 0xFF97, 0xFF56, 0xFF56, 0xFF97, 0xFF97, 0xFF56,
    0xFF36, 0xFF77, 0xFF97, 0xFF97, 0xFF77, 0xFF77, 0xFF77, 0xFF97, 0xFF97, 0xFF97, 0xFF97, 0xFF77, 0xFF77, 0xFF97, 0xFF97, 0xEE93,
    0xEE52, 0xEE32, 0xD54E, 0xDD6E, 0x71E3, 0xB4D0, 0xFFFD, 0xFFBA, 0xFF99, 0xF6F6, 0xF653, 0xF674, 0xEE74, 0xF673, 0xF653, 0xEE31,
    0xEE31, 0xE5D0, 0xE5CF, 0xE5D0, 0xE5F0, 0xE58E, 0xDD4C, 0xDD4D, 0xDD4D, 0xDD0B, 0xDCEB, 0xDCEB, 0xDD2C, 0xE58F, 0xF632, 0x9B89,
    0x5101, 0x9AE6, 0xAB06, 0xA325, 0xA325, 0xA325, 0xA325, 0xA325, 0xAB25, 0xAB25, 0xAB26, 0xAB26, 0xAB46, 0xAB46, 0xAB46, 0xAB66,
    0xAB46, 0xB387, 0xBBA7, 0xB3A7, 0xBBA7, 0xBBA8, 0xB3A7, 0xB3A7, 0xB3A7, 0xB3A7, 0xB3A7, 0xB3A8, 0xBBA8, 0xB387, 0xBBC8, 0xAB67,
    0x7A04, 0x40C1, 0x9329, 0xCD0F, 0xDDD1, 0xEE33, 0xEE53, 0xEE53, 0xEE33, 0xEE53, 0xEE33, 0xDDD2, 0xEE54, 0xEE74, 0xEE74, 0xEE54,
    0xEE54, 0xF6B5, 0xAC6D, 0x5184, 0x8265, 0xAB67, 0xCC29, 0xCC4A, 0xCC49, 0xCC4A, 0xCC4A, 0xCC4A, 0xCC4A, 0xCC6A, 0xCC6A, 0xCC6A,
    0xCC8A, 0xD48A, 0xD48A, 0xCC8A, 0xCC8A, 0xD48A, 0xD48A, 0xD48A, 0xD48A, 0xD48A, 0xCC6A, 0xCC6A, 0xCC6A, 0xD4EC, 0xDD6E, 0xDD6E,
    0xE56D, 0xE56D, 0xE58E, 0xEDAF, 0xEDAF, 0xEDCF, 0xE54D, 0xDD2D, 0xDD2D, 0xF631, 0xF6D4, 0xF6B3, 0xF6F5, 0xFF36, 0xFF36, 0xFF36,
    0xFF78, 0xFF77, 0xFF37, 0xFF37, 0xFF36, 0xFF36, 0xF6F5, 0xF6F5, 0xFF36, 0xFF36, 0xFF36, 0xFF36, 0xFF36, 0xF715, 0xEE11, 0xE52C,
    0xE52C, 0xE54D, 0xED8E, 0xE54D, 0xE56D, 0xEDCF, 0xEDCE, 0xEDCF, 0xED8E, 0xEDAE, 0xF5EF, 0xEDCF, 0xEDAE, 0xED8D, 0xED8D, 0xE52C,
    0xED8E, 0xED8E, 0xED8D, 0xEDAE, 0xEDAE, 0xF5CF, 0xFE30, 0xFE30, 0xFE50, 0xFE50, 0xFE30, 0xFE30, 0xF610, 0xFE30, 0xF5EF, 0xF5EF,
    0xF5EF, 0xF5EF, 0xEDCF, 0xEDCE, 0xEDAE, 0xF610, 0xFE92, 0xFE92, 0xFE91, 0xFE71, 0xF630, 0xED8E, 0xF60F, 0xF630, 0xF630, 0xEDCF,
    0xEDAE, 0xF630, 0xF610, 0xF5EF, 0xF5EF, 0xF610, 0xF6B2, 0xFF56, 0xF736, 0xFF76, 0xFFB8, 0xFF56, 0xFF97, 0xFF97, 0xFF77, 0xFF77,
    0xFF97, 0xFFB8, 0xFFB8, 0xFF76, 0xFF56, 0xFF77, 0xFF77, 0xFF97, 0xFF98, 0xFF98, 0xFF77, 0xFF56, 0xFF56, 0xFF98, 0xFF97, 0xFF56,
    0xFF56, 0xFF97, 0xFFB8, 0xFF97, 0xFF56, 0xFF56, 0xFF56, 0xFF97, 0xFF97, 0xFF77, 0xFF77, 0xFF56, 0xFF77, 0xFF97, 0xFF97, 0xEE72,
    0xEE32, 0xEE31, 0xD54E, 0xDD8E, 0x71E3, 0xB4CF, 0xFFFD, 0xFFBA, 0xFFFB, 0xF758, 0xF674, 0xF674, 0xF674, 0xEE73, 0xF673, 0xEE53,
    0xEE32, 0xEE12, 0xE5F0, 0xE5CF, 0xE5D0, 0xE5AF, 0xE56D, 0xDD4C, 0xDD4D, 0xDD4C, 0xDD2C, 0xDD2C, 0xE56E, 0xEDF1, 0xC4AD, 0x69C4,
    0x8A45, 0xAB26, 0xA306, 0xA325, 0xAB25, 0xAB25, 0xAB25, 0xAB25, 0xAB25, 0xAB26, 0xAB46, 0xAB46, 0xAB46, 0xAB46, 0xAB46, 0xAB66,
    0xAB66, 0xB387, 0xBBC8, 0xBBC8, 0xBBA7, 0xB3A7, 0xB3A7, 0xB3A7, 0xB3A7, 0xB3A7, 0xB3A7, 0xBBA8, 0xBBA8, 0xBBA8, 0xB3A7, 0xBBC8,
    0xC409, 0x5101, 0x5143, 0x9B6A, 0xEE13, 0xE633, 0xEE33, 0xEE33, 0xEE33, 0xEE53, 0xEE54, 0xE613, 0xEE54, 0xEE74, 0xEE74, 0xEE74,
    0xEE54, 0xFED6, 0xA3EC, 0x48C0, 0xCC29, 0xCC29, 0xC429, 0xCC6A, 0xCC4A, 0xCC4A, 0xCC4A, 0xCC4A, 0xCC6A, 0xD46A, 0xD46A, 0xD46A,
    0xCC8A, 0xD48A, 0xD48A, 0xD48A, 0xD48A, 0xD48A, 0xD48A, 0xD48A, 0xD48A, 0xD48A, 0xD48A, 0xD48A, 0xD48A, 0xCC6A, 0xCC6A, 0xD48A,
    0xF631, 0xF611, 0xE58E, 0xE56E, 0xE56E, 0xED8E, 0xE58E, 0xDDB0, 0xE5D0, 0xF6D4, 0xFF56, 0xFF36, 0xFF98, 0xFFD9, 0xFFB9, 0xFFB9,
    0xFFB9, 0xFF78, 0xFF37, 0xFF36, 0xFF36, 0xFF57, 0xFF57, 0xFF57, 0xFF77, 0xFF78, 0xFF78, 0xFF78, 0xFF98, 0xF716, 0xEE11, 0xE58E,
    0xED6D, 0xEDAE, 0xF5EF, 0xF60F, 0xF5EF, 0xED8E, 0xE54D, 0xED8E, 0xED8E, 0xED8D, 0xED8D, 0xED8D, 0xED8D, 0xED8D, 0xED8D, 0xED8D,
    0xF5CE, 0xEDAE, 0xEDAE, 0xF5EF, 0xF5EF, 0xF5EF, 0xFE30, 0xFE30, 0xFE50, 0xFE50, 0xFE50, 0xF630, 0xF5EF, 0xF610, 0xF5EF, 0xF5EF,
    0xF5EF, 0xEDEF, 0xEDCE, 0xF650, 0xF650, 0xFE71, 0xFE92, 0xFE92, 0xF630, 0xF610, 0xEDCF, 0xEDCF, 0xF610, 0xF630, 0xF630, 0xF610,
    0xF610, 0xFE30, 0xF610, 0xF5EF, 0xF5EF, 0xFE50, 0xF651, 0xFF15, 0xFF97, 0xFF97, 0xFFB8, 0xFF77, 0xFF77, 0xFF98, 0xFF77, 0xFF56,
    0xFF56, 0xFF77, 0xFF77, 0xFF36, 0xFF35, 0xFF97, 0xFF77, 0xFF56, 0xFF97, 0xFF98, 0xFF77, 0xFF77, 0xFF98, 0xFF77, 0xFF97, 0xFF98,
    0xFF97, 0xFF97, 0xFF97, 0xFF56, 0xFF56, 0xFF97, 0xFF97, 0xFF98, 0xFF77, 0xFF36, 0xFF36, 0xFF56, 0xFF97, 0xFF97, 0xFF97, 0xF6F5,
    0xEE73, 0xEE31, 0xD56F, 0xDDAF, 0x7203, 0xB4CF, 0xFFFD, 0xFFBA, 0xFFDB, 0xFFFB, 0xFF58, 0xEE54, 0xF674, 0xF674, 0xEE74, 0xEE74,
    0xEE33, 0xEE12, 0xE5F1, 0xE5D0, 0xE5D0, 0xE5CF, 0xE5CF, 0xDD4D, 0xDD4C, 0xDD4D, 0xDD6D, 0xDD6E, 0xE5D0, 0xEE33, 0xA3CB, 0x4080,
    0xA327, 0xAB06, 0xA306, 0xA325, 0xAB25, 0xAB25, 0xAB25, 0xAB25, 0xAB25, 0xAB26, 0xAB46, 0xB366, 0xB387, 0xB387, 0xB387, 0xB387,
    0xB366, 0xB387, 0xB387, 0xB3A7, 0xBBA7, 0xB3A7, 0xB3A7, 0xB3A7, 0xB3A7, 0xB3A7, 0xBBA8, 0xBBA8, 0xBBC8, 0xBBC8, 0xBBC8, 0xBBC7,
    0xBBC8, 0x71E4, 0x48A1, 0x5983, 0xD551, 0xE633, 0xEE53, 0xEE53, 0xEE33, 0xEE53, 0xD591, 0xB48D, 0xEE34, 0xEE75, 0xEE74, 0xEE74,
    0xF6B5, 0x8B6A, 0x40E2, 0x7A45, 0xD46A, 0xCC4A, 0xCC6A, 0xCC6A, 0xCC6A, 0xCC6A, 0xCC4A, 0xCC6A, 0xD48B, 0xD48B, 0xD48B, 0xD48A,
    0xD48A, 0xD48A, 0xD48A, 0xD48A, 0xD48A, 0xD48A, 0xD48B, 0xD48B, 0xD48B, 0xD48A, 0xD48A, 0xD48A, 0xD48A, 0xD48A, 0xD48A, 0xD48A,
    0xFEF4, 0xFF56, 0xF715, 0xF6F5, 0xF6F5, 0xEE11, 0xF6B3, 0xFFB8, 0xFF98, 0xFF57, 0xFF36, 0xFF57, 0xFF98, 0xFFB9, 0xFFB9, 0xFF98,
    0xFF98, 0xFF77, 0xFF36, 0xF716, 0xF716, 0xFF57, 0xFF98, 0xFF78, 0xFF77, 0xFF77, 0xFF77, 0xFF78, 0xFF78, 0xFF78, 0xFF77, 0xF6B3,
    0xF630, 0xF630, 0xEDEF, 0xF5EF, 0xEDCF, 0xDD0C, 0xE56D, 0xF630, 0xEDCE, 0xEDAE, 0xEDAE, 0xE54C, 0xDD0C, 0xE52C, 0xED8E, 0xEDAE,
    0xF610, 0xF60F, 0xF5EF, 0xF5EF, 0xF5EF, 0xF5EF, 0xF610, 0xFE30, 0xFE50, 0xFE30, 0xF630, 0xF630, 0xF630, 0xF610, 0xEDCE, 0xF5CF,
    0xF60F, 0xF651, 0xFE51, 0xFE91, 0xFE91, 0xF650, 0xF630, 0xF630, 0xF60F, 0xEDEF, 0xF60F, 0xFE30, 0xF630, 0xF630, 0xF630, 0xFE50,
    0xFE50, 0xF650, 0xFE51, 0xFE71, 0xFE71, 0xFE50, 0xF650, 0xFF56, 0xFFB8, 0xFF76, 0xFF77, 0xFF77, 0xFF98, 0xFFB8, 0xFF77, 0xFF77,
    0xFF77, 0xFF56, 0xF715, 0xFF36, 0xFF97, 0xFF97, 0xFF97, 0xFF77, 0xFF97, 0xFF77, 0xFF97, 0xFF97, 0xFF98, 0xF756, 0xFF98, 0xFF77,
    0xFF77, 0xFF97, 0xFF98, 0xFF77, 0xFF97, 0xFF97, 0xFF97, 0xFF56, 0xFF56, 0xFF76, 0xFF76, 0xFF56, 0xFF76, 0xFF97, 0xFF77, 0xFF97,
    0xF694, 0xEE31, 0xE631, 0xF672, 0x7224, 0xACAF, 0xFFFD, 0xFFBA, 0xFFDB, 0xFFFB, 0xF758, 0xEE53, 0xF674, 0xEE74, 0xF674, 0xEE74,
    0xEE33, 0xEE32, 0xE5F1, 0xE5D1, 0xE5D0, 0xE5D0, 0xE5CF, 0xE58E, 0xDD4D, 0xDD4C, 0xE5AF, 0xE5F2, 0xE5D1, 0xEE33, 0xAC2C, 0x48C0,
    0xA2E6, 0xAB26, 0xA305, 0xA305, 0xA325, 0xAB25, 0xAB25, 0xAB25, 0xAB25, 0xAB46, 0xB366, 0xB387, 0xBBA7, 0xBBA7, 0xBBA8, 0xB3A7,
    0xB366, 0xB367, 0xB367, 0xB387, 0xBBA7, 0xBBA7, 0xB3A7, 0xBBC8, 0xBBC8, 0xBBA8, 0xC3E9, 0xBBC8, 0xBBC8, 0xBBC8, 0xBBC8, 0xBBC8,
    0xBBC8, 0xC3E8, 0xB3A8, 0x48C1, 0x5143, 0xDDF3, 0xEE53, 0xE633, 0xE613, 0xF694, 0xA3CB, 0x5982, 0xE633, 0xEE74, 0xEE74, 0xEE74,
    0xF674, 0x7A87, 0x7204, 0xAB88, 0xCC6A, 0xCC6A, 0xCC6A, 0xCC6A, 0xCC6A, 0xCC6A, 0xCC6A, 0xD46A, 0xD48A, 0xD48B, 0xCC8B, 0xCC8B,
    0xD48A, 0xD48A, 0xD48A, 0xD48A, 0xD48A, 0xD48A, 0xD48A, 0xD48B, 0xD48A, 0xD48A, 0xD48A, 0xD48A, 0xD48A, 0xD48A, 0xD48A, 0xD48A,
    0xFF15, 0xFF36, 0xFFB8, 0xFFB8, 0xFFB8, 0xFF78, 0xFF78, 0xFF78, 0xFF98, 0xFF98, 0xFF98, 0xFF99, 0xFFB9, 0xFF99, 0xFF99, 0xFF37,
    0xFF37, 0xFF37, 0xFF16, 0xF716, 0xFF57, 0xFF57, 0xFF78, 0xFF78, 0xFF77, 0xFF77, 0xFF57, 0xFF37, 0xF736, 0xFF78, 0xFF77, 0xF692,
    0xF630, 0xF630, 0xEDEF, 0xEDCF, 0xE5AE, 0xEDAE, 0xFE51, 0xFE71, 0xEDCF, 0xE52C, 0xE52C, 0xED6D, 0xDCEB, 0xDD0C, 0xE54D, 0xEDAE,
    0xF5CF, 0xEDAE, 0xF5EF, 0xF5EF, 0xF5EF, 0xF5EF, 0xF5EF, 0xEDCF, 0xEDCF, 0xF610, 0xF610, 0xF610, 0xF610, 0xF610, 0xF610, 0xF60F,
    0xF630, 0xFE91, 0xF651, 0xF650, 0xFE71, 0xF650, 0xF630, 0xFE51, 0xFE71, 0xF630, 0xFE50, 0xFE51, 0xF630, 0xF630, 0xF630, 0xFE50,
    0xFE50, 0xFE71, 0xFE71, 0xFE30, 0xF630, 0xFE50, 0xFE50, 0xF671, 0xFF56, 0xFF97, 0xFF77, 0xFF98, 0xFF98, 0xFF97, 0xFF77, 0xFF97,
    0xFF98, 0xFF97, 0xF715, 0xFF56, 0xFFB9, 0xFFB8, 0xFFB8, 0xFFB7, 0xFF97, 0xF736, 0xFF77, 0xFF97, 0xFF98, 0xFFB8, 0xFFB8, 0xFF56,
    0xFF36, 0xFF77, 0xFF98, 0xFF97, 0xFF77, 0xFF77, 0xFF97, 0xFF77, 0xFF56, 0xFF77, 0xFF76, 0xFF15, 0xFF56, 0xFF97, 0xFF36, 0xFF77,
    0xEEB4, 0xEE52, 0xEE11, 0xEE72, 0x7224, 0xACAF, 0xFFFD, 0xFFBA, 0xFFDB, 0xFFDB, 0xFFBA, 0xFF99, 0xF695, 0xF654, 0xF674, 0xEE74,
    0xEE33, 0xE612, 0xE5F1, 0xE5F1, 0xE5D0, 0xE5D0, 0xE5D0, 0xE5AF, 0xE58E, 0xE58E, 0xE5D1, 0xE612, 0xE5F2, 0xEE53, 0xAC2C, 0x48A0,
    0xA2E6, 0xAB26, 0xA305, 0xA325, 0xA325, 0xAB05, 0xAB05, 0xAB25, 0xAB05, 0xB366, 0xB387, 0xB387, 0xB3A7, 0xB3A7, 0xB3A7, 0xB3A7,
    0xB387, 0xB387, 0xB387, 0xB387, 0xB3A7, 0xBBA7, 0xBBA7, 0xBBE8, 0xC3E9, 0xC3E9, 0xC409, 0xC3E8, 0xBBC8, 0xBBE8, 0xBBC8, 0xBBE8,
    0xBBE8, 0xC3E8, 0xC3E8, 0xB3C9, 0x9B48, 0x4902, 0x4902, 0x4922, 0x4922, 0x40E2, 0x5163, 0xCD30, 0xDDD1, 0xDDB1, 0xDDF2, 0xD571,
    0x7A46, 0x7204, 0xCC4A, 0xDCAA, 0xCC6A, 0xCC6A, 0xCC6A, 0xCC6A, 0xCC6A, 0xCC6A, 0xCC6A, 0xD48A, 0xD48A, 0xD48B, 0xCC8B, 0xCC8B,
    0xD48A, 0xD48A, 0xD48A, 0xD48A, 0xD48A, 0xD48A, 0xD48A, 0xD48B, 0xD48A, 0xD48A, 0xD48A, 0xD48A, 0xD48A, 0xD48A, 0xD48A, 0xD48A,
    0xFF98, 0xFF98, 0xFF98, 0xFF78, 0xFF57, 0xFF78, 0xFF78, 0xFF98, 0xFF98, 0xFF98, 0xFF99, 0xFF99, 0xFF99, 0xFFB9, 0xFFB9, 0xFF78,
    0xFF78, 0xFF77, 0xFF36, 0xFF57, 0xFF78, 0xFF78, 0xFF78, 0xFF78, 0xFF77, 0xFF77, 0xFF77, 0xFF57, 0xFF77, 0xFF98, 0xFF77, 0xF672,
    0xEDAF, 0xF5EF, 0xF5EF, 0xEDEF, 0xEDEF, 0xF610, 0xF630, 0xF630, 0xF5EF, 0xE56D, 0xED8E, 0xF5EF, 0xF5EF, 0xEDAE, 0xE54D, 0xEDCE,
    0xED8E, 0xED6D, 0xEDAE, 0xEDAE, 0xF5EF, 0xF60F, 0xF5CF, 0xEDAE, 0xEDCF, 0xEDCF, 0xF60F, 0xF630, 0xF630, 0xF610, 0xF630, 0xFE71,
    0xFE71, 0xFE71, 0xFE71, 0xFE92, 0xFF14, 0xFEB2, 0xFE91, 0xFE91, 0xFE51, 0xF650, 0xFE50, 0xFE50, 0xF630, 0xF630, 0xF630, 0xF60F,
    0xF630, 0xFE50, 0xFE50, 0xF610, 0xF610, 0xFE30, 0xFE30, 0xF630, 0xFF35, 0xFF97, 0xFF98, 0xFFB8, 0xFFB8, 0xFF77, 0xFF77, 0xFF98,
    0xFF97, 0xFF56, 0xFF36, 0xFFB8, 0xFFB8, 0xFF98, 0xFFB8, 0xFFB7, 0xFFB8, 0xFF56, 0xFF77, 0xFF97, 0xFFB8, 0xFF77, 0xFF77, 0xFF36,
    0xFF35, 0xFF77, 0xFF77, 0xFF36, 0xFF16, 0xFF77, 0xFF97, 0xFF97, 0xFF77, 0xFF97, 0xFF76, 0xFF15, 0xFF77, 0xFF97, 0xFF36, 0xFF56,
    0xFF97, 0xFF56, 0xE611, 0xEE72, 0x7224, 0xACAF, 0xFFFD, 0xFFBA, 0xFFDB, 0xFFDB, 0xFFFB, 0xFFFB, 0xEEB5, 0xEE54, 0xEE74, 0xEE74,
    0xEE53, 0xE612, 0xE5F1, 0xE5F1, 0xE5F1, 0xE5D0, 0xDDAF, 0xDD8E, 0xE5AF, 0xE5D0, 0xE5F2, 0xE5F2, 0xE5F2, 0xEE53, 0xAC2D, 0x40A0,
    0xA306, 0xAB26, 0xA325, 0xA325, 0xA305, 0xAB46, 0xB366, 0xB366, 0xB366, 0xB387, 0xB387, 0xB387, 0xBBA7, 0xBBA7, 0xBBA7, 0xBBA7,
    0xBBA7, 0xBBA7, 0xBBA7, 0xBBA7, 0xBBA7, 0xBBA7, 0xBBA7, 0xBBC8, 0xC3E9, 0xC3E9, 0xC409, 0xC3E9, 0xBBC8, 0xBBC8, 0xBBC7, 0xBBC7,
    0xBBE8, 0xC429, 0xC429, 0xD4CC, 0xC48B, 0x82A6, 0x82A7, 0x82C7, 0x82C7, 0x82E7, 0x6A25, 0x5983, 0x6183, 0x5963, 0x6183, 0x5102,
    0x92C6, 0xD48A, 0xCC4A, 0xD46A, 0xD46A, 0xCC6A, 0xCC6A, 0xCC6A, 0xCC6A, 0xCC6A, 0xCC6A, 0xCC6A, 0xD48A, 0xD48A, 0xD48A, 0xCC8A,
    0xD48A, 0xD48A, 0xD48A, 0xD48A, 0xD4AB, 0xD4AA, 0xD4AB, 0xD4AB, 0xD4AB, 0xD48A, 0xD48A, 0xD48A, 0xD48A, 0xD48A, 0xD48A, 0xD48A,
    0xFFB8, 0xFF98, 0xFF98, 0xFF78, 0xFF77, 0xFF77, 0xFF77, 0xFF98, 0xFF99, 0xFF99, 0xFFB9, 0xFFB9, 0xFFB9, 0xFFB9, 0xFF78, 0xFF78,
    0xFF78, 0xFF78, 0xFF37, 0xFF57, 0xFF78, 0xFF98, 0xFF98, 0xFF77, 0xFF57, 0xFF77, 0xFF77, 0xFF78, 0xFF77, 0xFF78, 0xFF78, 0xF693,
    0xEE10, 0xF610, 0xF5EF, 0xF5EF, 0xF5EF, 0xF610, 0xEDCF, 0xF5EF, 0xF5EF, 0xF5EF, 0xFE30, 0xFE10, 0xF5EF, 0xF5EF, 0xF5EF, 0xF5EF,
    0xDD2C, 0xE56D, 0xEDAE, 0xEDAE, 0xF5CF, 0xEDAE, 0xED8E, 0xEDCF, 0xF5CF, 0xED8E, 0xF60F, 0xF630, 0xF610, 0xF610, 0xF630, 0xFE71,
    0xFE71, 0xFE71, 0xFE92, 0xFE92, 0xFEB3, 0xFE92, 0xFE91, 0xFE91, 0xFE51, 0xFE50, 0xFE50, 0xFE50, 0xF630, 0xFE30, 0xF630, 0xF60F,
    0xF630, 0xF630, 0xF630, 0xF630, 0xF630, 0xF630, 0xF5EF, 0xF630, 0xFE92, 0xF692, 0xFF56, 0xFF98, 0xFFB8, 0xFFB8, 0xFF97, 0xFF98,
    0xFF77, 0xFF97, 0xFF98, 0xFFB8, 0xFFB8, 0xFF98, 0xFFB8, 0xFF97, 0xFF97, 0xFF77, 0xFF76, 0xFF97, 0xFFB8, 0xFF98, 0xFF97, 0xF736,
    0xFF56, 0xFF97, 0xFF77, 0xFF36, 0xFF36, 0xFF77, 0xFF77, 0xFF56, 0xFF56, 0xFF77, 0xFF56, 0xFF36, 0xFF97, 0xFF97, 0xFF56, 0xFF77,
    0xFF97, 0xFF76, 0xE611, 0xF652, 0x7224, 0xB4D0, 0xFFFD, 0xFFBA, 0xFFDA, 0xFFDB, 0xFFDA, 0xFFDA, 0xEEB5, 0xEE74, 0xEE74, 0xEE74,
    0xEE53, 0xEE12, 0xE5F2, 0xE5F1, 0xE5F1, 0xE5F0, 0xDDAE, 0xDD6D, 0xE5AF, 0xE5D0, 0xE5F2, 0xE5F2, 0xE5F2, 0xEE54, 0xAC2D, 0x40A0,
    0xA306, 0xAB25, 0xA325, 0xAB25, 0xAB25, 0xB366, 0xBBA7, 0xBB87, 0xBB87, 0xBB87, 0xB387, 0xBBA7, 0xBBA7, 0xBBA7, 0xBBA7, 0xBBA7,
    0xBBA7, 0xBBA7, 0xBBA7, 0xBBA7, 0xBBA7, 0xBBA7, 0xBBA7, 0xBBC8, 0xC3E8, 0xC3E8, 0xC3E8, 0xC3E8, 0xC408, 0xC44A, 0xC44A, 0xC449,
    0xCCCC, 0xDD8F, 0xDD6F, 0xCCED, 0xCD0D, 0xD56F, 0xD56F, 0xD56F, 0xD56F, 0xDD90, 0xCD0E, 0xB409, 0xB429, 0xBC49, 0xBC69, 0xBC69,
    0xD4EB, 0xDCAB, 0xD48A, 0xD46A, 0xD46A, 0xD46A, 0xD46A, 0xCC6A, 0xCC6A, 0xCC6A, 0xCC6A, 0xD46A, 0xD48A, 0xD48A, 0xD48A, 0xD48A,
    0xD48A, 0xD48A, 0xD48A, 0xD48A, 0xD4AA, 0xD4AA, 0xD4AB, 0xDCCC, 0xDCCB, 0xD4AB, 0xD48A, 0xD48A, 0xD48A, 0xCC8A, 0xCC8A, 0xD48A,
    0xFF98, 0xFF98, 0xFFB8, 0xFF98, 0xFF77, 0xFF57, 0xFF77, 0xFF98, 0xFF98, 0xFF78, 0xFF78, 0xFF58, 0xFF58, 0xFF78, 0xFF58, 0xFF78,
    0xFF77, 0xFF37, 0xFF36, 0xFF57, 0xFF98, 0xFF78, 0xFF77, 0xFF77, 0xFF57, 0xFF57, 0xFF37, 0xFF37, 0xF736, 0xFF78, 0xFF98, 0xFF36,
    0xFEF3, 0xF671, 0xF5EF, 0xF5EF, 0xF5EF, 0xF5EF, 0xF5EF, 0xF5EF, 0xF610, 0xF5CF, 0xED8E, 0xE56D, 0xDD0C, 0xF5EF, 0xF5EF, 0xEDCE,
    0xE54D, 0xED8E, 0xF5AE, 0xF5CE, 0xE56D, 0xED8D, 0xEDCE, 0xF5CF, 0xF5EF, 0xF60F, 0xF610, 0xEDAE, 0xEDAE, 0xF5EF, 0xF610, 0xFE51,
    0xFE71, 0xFE71, 0xFE71, 0xFE71, 0xFE71, 0xFE71, 0xFE91, 0xFE91, 0xFE51, 0xFE50, 0xFE50, 0xFE50, 0xF630, 0xFE30, 0xFE30, 0xF630,
    0xF630, 0xF630, 0xF630, 0xF630, 0xF630, 0xF630, 0xEDCE, 0xF5EF, 0xF630, 0xF630, 0xFF56, 0xFF98, 0xFFB8, 0xFFB8, 0xFF98, 0xFF97,
    0xFFB8, 0xFF98, 0xFF57, 0xFF98, 0xFFB8, 0xFFB8, 0xFFB8, 0xFF98, 0xFF56, 0xFF56, 0xFF77, 0xFF97, 0xFFB8, 0xFFB8, 0xFF77, 0xFF16,
    0xFF57, 0xFF97, 0xFF98, 0xFF77, 0xFF57, 0xFF97, 0xFF77, 0xFF56, 0xFF36, 0xFF56, 0xFF56, 0xFF56, 0xFF97, 0xFF97, 0xFF97, 0xFF77,
    0xFF97, 0xFF77, 0xEED4, 0xF693, 0x7A44, 0xACAF, 0xFFFD, 0xFFBA, 0xFFDA, 0xFFDA, 0xFFDA, 0xFFDA, 0xF6B5, 0xEE74, 0xEE74, 0xEE74,
    0xEE54, 0xEE33, 0xE5F1, 0xE5F1, 0xE5F1, 0xE5F0, 0xDDAE, 0xDD6D, 0xE5AF, 0xE5D0, 0xE5F2, 0xE612, 0xE5F2, 0xEE74, 0xB44D, 0x40A0,
    0xA306, 0xAB25, 0xA305, 0xB366, 0xBB87, 0xB387, 0xB387, 0xB387, 0xB387, 0xB387, 0xBB87, 0xBB87, 0xBBA7, 0xBBA7, 0xBBA7, 0xBBA7,
    0xBBA7, 0xBBA7, 0xBBA7, 0xBBA7, 0xBBA8, 0xBBA7, 0xBBC7, 0xCC6A, 0xCC8A, 0xCC49, 0xBBE8, 0xBBE8, 0xC449, 0xD52E, 0xD52E, 0xD52E,
    0xDD6F, 0xE5F1, 0xE5F1, 0xDDB0, 0xDD90, 0xDD90, 0xDD90, 0xD590, 0xDD90, 0xDDB0, 0xDDB0, 0xE5AE, 0xE56A, 0xE5AB, 0xEDCB, 0xEDCB,
    0xE56B, 0xD4CC, 0xD4AB, 0xD4AB, 0xD46A, 0xD46A, 0xD46A, 0xD46A, 0xD46A, 0xD46A, 0xD46A, 0xD46A, 0xD48A, 0xD48A, 0xD48A, 0xD48A,
    0xD48A, 0xD48A, 0xD48A, 0xD4AA, 0xD4AA, 0xD4AA, 0xD4CB, 0xDCCC, 0xDCCC, 0xD4AB, 0xD48A, 0xD48A, 0xD48A, 0xD48A, 0xCC8A, 0xCC8A,
    0xFF98, 0xFF57, 0xFF77, 0xFF98, 0xFF98, 0xFF98, 0xFFB8, 0xFF78, 0xFF57, 0xFF37, 0xF737, 0xF737, 0xF737, 0xFF78, 0xFF98, 0xFF98,
    0xFF77, 0xFF57, 0xFF57, 0xFF57, 0xFF77, 0xFF77, 0xFF77, 0xFF77, 0xFF57, 0xFF37, 0xFF57, 0xFF77, 0xFF77, 0xFF77, 0xFF78, 0xFF56,
    0xF692, 0xF610, 0xF5EF, 0xF5EF, 0xF5EF, 0xEDCF, 0xEDAE, 0xF5EF, 0xFE92, 0xFE30, 0xDD2C, 0xDD2C, 0xE54D, 0xE52D, 0xE54D, 0xED8E,
    0xED6D, 0xED6D, 0xE56D, 0xE52C, 0xE54D, 0xF5CE, 0xF5CF, 0xF5EF, 0xF60F, 0xF610, 0xF610, 0xF5EF, 0xEDEF, 0xF5EF, 0xF630, 0xF651,
    0xF630, 0xF651, 0xFE71, 0xFE71, 0xFE71, 0xFE71, 0xFE71, 0xFE91, 0xFE71, 0xFE51, 0xFE50, 0xFE30, 0xFE30, 0xF630, 0xF630, 0xFE30,
    0xFE30, 0xF630, 0xF630, 0xF630, 0xF630, 0xF610, 0xF5CF, 0xF5EF, 0xF5EF, 0xF650, 0xFF56, 0xFF98, 0xFF98, 0xFF98, 0xFF98, 0xFF98,
    0xFFB8, 0xFF97, 0xFF77, 0xFFB8, 0xFFB8, 0xFF98, 0xFFB8, 0xFFB8, 0xFF57, 0xFF57, 0xFF77, 0xFF97, 0xFFB8, 0xFF97, 0xFF56, 0xFF77,
    0xFF56, 0xFF77, 0xFF98, 0xFF98, 0xFF98, 0xFF77, 0xFF77, 0xFF56, 0xFF36, 0xFF77, 0xFF56, 0xFF77, 0xFF97, 0xFF97, 0xFF77, 0xFF77,
    0xFF77, 0xFF77, 0xFF97, 0xF6D4, 0x7A45, 0x7AA7, 0xFFBA, 0xFFDB, 0xFFDA, 0xFFDA, 0xFFDA, 0xFFDA, 0xF6B5, 0xF674, 0xF674, 0xF674,
    0xEE33, 0xEE33, 0xE611, 0xE5F1, 0xE5F1, 0xE5F0, 0xE5D0, 0xE5AF, 0xE5AF, 0xE5D0, 0xE5F2, 0xE612, 0xE5F2, 0xEE34, 0xA3EC, 0x48A0,
    0xA306, 0xAB26, 0xAB46, 0xB387, 0xBB87, 0xB387, 0xB387, 0xB387, 0xB387, 0xB387, 0xBB87, 0xBB87, 0xBBA7, 0xBBA7, 0xBBA7, 0xBBA7,
    0xBBA7, 0xBBA7, 0xB387, 0xB387, 0xBBA7, 0xBBC8, 0xBBE8, 0xD4CB, 0xDD0C, 0xD50C, 0xD54D, 0xD54E, 0xDD4E, 0xDDB0, 0xDDB0, 0xDDB0,
    0xDDD0, 0xE5D0, 0xE5D1, 0xE5F1, 0xE5F1, 0xE5F1, 0xE5F1, 0xE5F1, 0xE5F1, 0xE5F1, 0xE5F1, 0xE5AD, 0xE569, 0xE58A, 0xE56A, 0xE58A,
    0xE58D, 0xDDAF, 0xE5B0, 0xDD6E, 0xD4AB, 0xD48B, 0xD46A, 0xD46A, 0xD46A, 0xD46A, 0xD46A, 0xD48A, 0xD48A, 0xD48A, 0xD46A, 0xD48A,
    0xD48A, 0xD48A, 0xD48A, 0xD48A, 0xD4AB, 0xD4AB, 0xD4CB, 0xDCCB, 0xDCCC, 0xD4AB, 0xD48A, 0xD48A, 0xD48A, 0xD48A, 0xD48A, 0xD48A,
    0xFF98, 0xFF77, 0xFF97, 0xFF77, 0xFF77, 0xFF98, 0xFF78, 0xFF78, 0xFF98, 0xFFB9, 0xFFB9, 0xFFB8, 0xFF98, 0xFF57, 0xFF37, 0xFF37,
    0xFF37, 0xFF57, 0xFF77, 0xFF77, 0xFF77, 0xFF77, 0xFF77, 0xFF77, 0xFF77, 0xFF77, 0xFF57, 0xF736, 0xFF36, 0xF716, 0xFF56, 0xFF56,
    0xF651, 0xEDCE, 0xF5EF, 0xF5EF, 0xF5EF, 0xEDEF, 0xF5EF, 0xFE51, 0xEDCF, 0xEDAE, 0xF5EF, 0xF610, 0xF610, 0xDD2C, 0xE54D, 0xED8E,
    0xE56D, 0xE56D, 0xE54D, 0xDD0C, 0xED6D, 0xEDCE, 0xF5EF, 0xF630, 0xF630, 0xF630, 0xF610, 0xF630, 0xFE50, 0xFE51, 0xFE51, 0xFE51,
    0xF650, 0xFE51, 0xFE71, 0xFE71, 0xFE91, 0xFE91, 0xFE71, 0xFE71, 0xFE50, 0xFE50, 0xFE50, 0xFE30, 0xF630, 0xF630, 0xFE30, 0xF5EF,
    0xEDCE, 0xF610, 0xF630, 0xF630, 0xF60F, 0xF5EF, 0xF5CF, 0xEDCF, 0xF5CE, 0xFE50, 0xFEB2, 0xFF14, 0xFF97, 0xFF77, 0xFF97, 0xFF97,
    0xFF98, 0xFF98, 0xFFB8, 0xFFB8, 0xFFB8, 0xFFB8, 0xFF98, 0xFF77, 0xFF97, 0xFF77, 0xFF77, 0xFF98, 0xFF98, 0xFF98, 0xFF77, 0xFFB8,
    0xFFB8, 0xFF98, 0xFF98, 0xFF97, 0xFF98, 0xFF56, 0xFF36, 0xFF36, 0xFF56, 0xFF98, 0xFF97, 0xFF97, 0xFF77, 0xFF77, 0xFF77, 0xFF77,
    0xFF77, 0xFF77, 0xFF77, 0xF6F5, 0x6A05, 0xBCCD, 0xFFD8, 0xFFBA, 0xFFDA, 0xFFDA, 0xFFDA, 0xFFDA, 0xF6B6, 0xF674, 0xF694, 0xEE53,
    0xEE12, 0xEE32, 0xE611, 0xE5F1, 0xE5F1, 0xE5D0, 0xE5D0, 0xE5CF, 0xE5AF, 0xE5D0, 0xE5F2, 0xE5F2, 0xEE33, 0xCD70, 0x4923, 0x8A65,
    0xAB46, 0xAB25, 0xB366, 0xB387, 0xBB87, 0xB387, 0xB387, 0xB387, 0xB387, 0xB387, 0xBB87, 0xBB87, 0xBBA7, 0xBBA7, 0xBBA7, 0xBBA7,
    0xBBA7, 0xBBE8, 0xBC08, 0xBBE8, 0xC408, 0xD4EB, 0xD4EC, 0xD54E, 0xDD8F, 0xDD8F, 0xDDB0, 0xE5D0, 0xE5D0, 0xE5D0, 0xE5D0, 0xE5D0,
    0xE5D1, 0xE5D1, 0xE5D1, 0xE5D1, 0xE5D1, 0xE5D1, 0xE5D1, 0xE5D1, 0xDDD1, 0xDDD1, 0xE5F1, 0xE5AD, 0xE589, 0xE58A, 0xE56A, 0xE58A,
    0xE5AD, 0xE5D0, 0xE5F1, 0xDDD1, 0xE5D0, 0xDD4D, 0xCC4A, 0xCC6A, 0xD48A, 0xD48A, 0xD48A, 0xD48A, 0xD48A, 0xD46A, 0xD46A, 0xD46A,
    0xD48A, 0xD48A, 0xD48A, 0xD4AA, 0xDCAB, 0xDCCB, 0xDCCB, 0xDCCB, 0xDCCC, 0xD4CB, 0xD48A, 0xD48A, 0xD48A, 0xD48A, 0xCC8A, 0xCC8A,
    0xFF78, 0xFF78, 0xFF98, 0xFF78, 0xFF77, 0xFF98, 0xFF57, 0xFF77, 0xFF98, 0xFFB9, 0xFFB9, 0xFF98, 0xFF57, 0xFF37, 0xFF16, 0xFF36,
    0xFF57, 0xFF57, 0xFF77, 0xFF77, 0xFF77, 0xFF77, 0xFF77, 0xFF77, 0xFF56, 0xF736, 0xF716, 0xF716, 0xF736, 0xF716, 0xFF56, 0xFF36,
    0xF692, 0xF650, 0xF60F, 0xF5EF, 0xF5EF, 0xF5EF, 0xF610, 0xF5EF, 0xE56D, 0xEDCF, 0xF610, 0xF610, 0xF610, 0xF5CF, 0xE54D, 0xDD0C,
    0xDD0C, 0xE56D, 0xE54D, 0xDD0C, 0xE54D, 0xEDAE, 0xEDEF, 0xF630, 0xF630, 0xFE50, 0xF610, 0xF630, 0xFE50, 0xFE50, 0xFE51, 0xFE51,
    0xF651, 0xFE51, 0xFE71, 0xFE51, 0xF630, 0xFE92, 0xF630, 0xF610, 0xF610, 0xF630, 0xFE50, 0xFE30, 0xF630, 0xFE30, 0xF630, 0xEDAE,
    0xEDCF, 0xFE50, 0xF630, 0xF5EF, 0xF5EF, 0xF5CF, 0xF5CF, 0xF5CF, 0xF5EF, 0xF5EF, 0xF5EF, 0xF671, 0xFF35, 0xFF97, 0xFF56, 0xFF77,
    0xFF98, 0xFFB8, 0xFFB8, 0xFFB8, 0xFFB8, 0xFF98, 0xFF56, 0xFF77, 0xFF77, 0xFF56, 0xFF77, 0xFF98, 0xFF98, 0xFF78, 0xFF57, 0xFFB8,
    0xFFB8, 0xFF97, 0xFF36, 0xFF56, 0xFF57, 0xFF36, 0xFF36, 0xFF36, 0xFF57, 0xFF98, 0xFF77, 0xFF57, 0xFF77, 0xFF77, 0xFF77, 0xFF77,
    0xFFB8, 0xFFB9, 0xFF98, 0xFF76, 0x6A05, 0xBCEE, 0xFF97, 0xFF79, 0xFFBA, 0xFFDA, 0xFFDA, 0xFFDA, 0xF6B6, 0xF694, 0xF694, 0xEE53,
    0xEE12, 0xEE12, 0xE611, 0xE5F1, 0xE5F0, 0xE5CF, 0xE5D0, 0xE5D0, 0xE5AF, 0xE5D0, 0xE5F2, 0xE5F2, 0xE613, 0xCD70, 0x4902, 0x92A5,
    0xAB46, 0xAB25, 0xB366, 0xB387, 0xBB87, 0xB387, 0xB387, 0xB387, 0xB387, 0xB387, 0xBB87, 0xBBA7, 0xBBA7, 0xBBC7, 0xBBC8, 0xBBC8,
    0xB3A7, 0xCCCC, 0xDD8F, 0xD56E, 0xD56E, 0xDD8F, 0xDD8F, 0xDDAF, 0xDDB0, 0xE5D0, 0xDDB0, 0xDDB0, 0xE5D0, 0xDDD0, 0xDDD0, 0xE5D1,
    0xE5D1, 0xDDD1, 0xE5D1, 0xE5D1, 0xE5D1, 0xE5D1, 0xE5D1, 0xE5D1, 0xE5D1, 0xE5F1, 0xE5F1, 0xE5AD, 0xE589, 0xE58A, 0xE56A, 0xE58A,
    0xE58B, 0xE5D0, 0xE5F1, 0xE5F1, 0xE612, 0xE5D0, 0xE56F, 0xE56E, 0xD4AB, 0xCC6A, 0xD48A, 0xD48A, 0xD48A, 0xD48A, 0xD48A, 0xD48A,
    0xD48A, 0xD48A, 0xD48A, 0xD4AB, 0xDCAB, 0xDCCB, 0xDCCB, 0xDCCB, 0xDCCC, 0xD4CB, 0xD48A, 0xD48A, 0xD48A, 0xD48A, 0xCC8A, 0xCC8A,
    0xFF78, 0xFF77, 0xFF78, 0xFF78, 0xFF98, 0xFF78, 0xFF77, 0xFF57, 0xFF98, 0xFF98, 0xFF77, 0xFF57, 0xFF57, 0xFF37, 0xFF57, 0xFF57,
    0xFF77, 0xFF77, 0xFF57, 0xFF36, 0xFF57, 0xFF77, 0xFF36, 0xF716, 0xF716, 0xF715, 0xF715, 0xFF36, 0xFF78, 0xFF98, 0xFF78, 0xFF36,
    0xFF14, 0xFEB2, 0xF630, 0xF5EF, 0xEDCF, 0xEDAE, 0xEDAF, 0xEDCF, 0xF5EF, 0xF5EF, 0xF60F, 0xF5EF, 0xF5EF, 0xE56D, 0xDD2C, 0xE56D,
    0xE54D, 0xE54D, 0xDD0C, 0xE52C, 0xED8E, 0xEDCE, 0xEDAE, 0xE58E, 0xEDEF, 0xFE51, 0xF630, 0xFE30, 0xF650, 0xFE50, 0xFE50, 0xF631,
    0xFE71, 0xFE72, 0xFE71, 0xFE71, 0xFE51, 0xFE91, 0xF651, 0xFE30, 0xFE51, 0xFE51, 0xFE31, 0xFE30, 0xF630, 0xFE30, 0xF610, 0xF60F,
    0xF630, 0xF630, 0xF60F, 0xF5EF, 0xF5EF, 0xF5EF, 0xF5EF, 0xF5EF, 0xF5EF, 0xF5CF, 0xF5CF, 0xF5EF, 0xF6D3, 0xFF36, 0xF6D5, 0xFF77,
    0xFFB9, 0xFFB8, 0xFFB8, 0xFFB8, 0xFFB9, 0xFF98, 0xFF57, 0xFF77, 0xFF36, 0xFF36, 0xFF77, 0xFF98, 0xFF98, 0xFF77, 0xFF97, 0xFF98,
    0xFF36, 0xFF36, 0xFF36, 0xFF77, 0xFF57, 0xFF56, 0xFF56, 0xFF56, 0xFF97, 0xFF98, 0xFF77, 0xFF77, 0xFF97, 0xFF77, 0xFF77, 0xFF98,
    0xFFB8, 0xFFB9, 0xFF98, 0xB4CE, 0x7266, 0xCD4E, 0xFF34, 0xFF57, 0xFFBA, 0xFFBA, 0xFFBA, 0xFFBA, 0xF6D6, 0xF694, 0xF6B4, 0xEE53,
    0xEE12, 0xEE12, 0xE611, 0xE5F1, 0xE5F1, 0xE5F0, 0xE5CF, 0xE5B0, 0xE5B0, 0xE5B0, 0xE5D1, 0xE5F2, 0xE613, 0xD571, 0x4902, 0x9285,
    0xB346, 0xAB25, 0xB366, 0xB387, 0xB387, 0xB387, 0xB387, 0xB387, 0xBBA7, 0xB387, 0xB387, 0xB387, 0xB3A7, 0xD4EC, 0xD54E, 0xD54E,
    0xD52D, 0xD56F, 0xDDB0, 0xDDB0, 0xDDB0, 0xDDB0, 0xDDB0, 0xDDB0, 0xDDB0, 0xDDB0, 0xE5B0, 0xE5D0, 0xE5D0, 0xE5D0, 0xE5D0, 0xE5D0,
    0xE5F1, 0xE5D0, 0xE5D1, 0xE5D1, 0xE5D1, 0xE5D1, 0xE5D1, 0xE5F1, 0xE5F1, 0xE5F1, 0xE5AD, 0xE58B, 0xE58A, 0xE58A, 0xE58A, 0xE58A,
    0xE58B, 0xE5D0, 0xE5F1, 0xE5F1, 0xE5F1, 0xE612, 0xE632, 0xE611, 0xD4EC, 0xD4CC, 0xD4EC, 0xD4CB, 0xD48A, 0xD48A, 0xD48A, 0xD48A,
    0xD48A, 0xD48A, 0xD48A, 0xD4AB, 0xDCCB, 0xD4CB, 0xD4CC, 0xD4CC, 0xD4CB, 0xD4AB, 0xD48A, 0xD48A, 0xD48A, 0xD48A, 0xD48A, 0xD48A,
    0xFF77, 0xFF77, 0xFF77, 0xFF78, 0xFF78, 0xFF98, 0xFF98, 0xFF98, 0xFF98, 0xFF98, 0xFF57, 0xFF37, 0xFF36, 0xFF36, 0xFF77, 0xFF77,
    0xFF77, 0xFF57, 0xFF36, 0xFF57, 0xFF77, 0xFF77, 0xFF57, 0xF716, 0xF716, 0xFF77, 0xFF77, 0xFF78, 0xFF78, 0xFF98, 0xFF77, 0xFF14,
    0xFEB3, 0xFEB2, 0xF630, 0xED8E, 0xE56D, 0xED8E, 0xF5EF, 0xF5EF, 0xF5EF, 0xF5EF, 0xF5EF, 0xED6D, 0xE56D, 0xED6D, 0xF5CF, 0xF5EF,
    0xED6D, 0xE54D, 0xE54D, 0xED8D, 0xEDCF, 0xEDCF, 0xEDCE, 0xE58E, 0xF5EF, 0xFE71, 0xFE51, 0xFE50, 0xF650, 0xF651, 0xF651, 0xF651,
    0xFE51, 0xFE71, 0xFE71, 0xFE71, 0xFE71, 0xFE71, 0xF651, 0xFE71, 0xFE51, 0xF630, 0xF610, 0xF610, 0xF610, 0xF610, 0xF610, 0xF630,
    0xF60F, 0xEDCE, 0xF5EF, 0xF60F, 0xF5EF, 0xF60F, 0xF610, 0xF630, 0xF5EF, 0xEDEF, 0xF5CE, 0xF630, 0xFED3, 0xFED4, 0xFF56, 0xFFD9,
    0xFFB9, 0xFFB8, 0xFFB8, 0xFFB8, 0xFFB8, 0xFF97, 0xFF36, 0xFF36, 0xFF77, 0xFF77, 0xFF98, 0xFF98, 0xFF98, 0xFF98, 0xFF97, 0xFF77,
    0xFF16, 0xF736, 0xFF97, 0xFF97, 0xFF98, 0xFF98, 0xFF97, 0xFF77, 0xFF98, 0xFF98, 0xFF98, 0xFF98, 0xFF77, 0xFF77, 0xFF77, 0xFF98,
    0xFF97, 0xFF97, 0xFFFA, 0x5184, 0xAC4B, 0xFF53, 0xFEB2, 0xFF56, 0xFF99, 0xFFDA, 0xF778, 0xF6F6, 0xF6D5, 0xF6B5, 0xF6B5, 0xEE53,
    0xEE12, 0xEE12, 0xE611, 0xE611, 0xE5F0, 0xE5F0, 0xE5D0, 0xE5B0, 0xE5B0, 0xE5B0, 0xE5D0, 0xE5D1, 0xE5F2, 0xD570, 0x5122, 0x9285,
    0xB346, 0xAB25, 0xB366, 0xB387, 0xB387, 0xB387, 0xB387, 0xBBA7, 0xBBA7, 0xC429, 0xC46B, 0xC46A, 0xC48B, 0xD54E, 0xDD8F, 0xDDB0,
    0xDDB0, 0xDDAF, 0xDDAF, 0xDDB0, 0xDDB0, 0xDDB0, 0xDDB0, 0xDDB0, 0xDDB0, 0xDDB0, 0xDDB0, 0xE5D0, 0xE5D0, 0xE5D0, 0xE5F0, 0xE5F1,
    0xE5D0, 0xE5D0, 0xE5F1, 0xE5D1, 0xE5D1, 0xE5F1, 0xE5D1, 0xE5F1, 0xE5F1, 0xE5F1, 0xE5AC, 0xE58A, 0xE58A, 0xE58A, 0xE58A, 0xE58B,
    0xE58C, 0xE5F0, 0xE5F1, 0xE611, 0xE611, 0xE611, 0xE5F1, 0xE5F1, 0xE5F1, 0xE5F1, 0xE612, 0xDD4E, 0xCC4A, 0xD46A, 0xD46A, 0xD48A,
    0xD48A, 0xD48A, 0xD48A, 0xD48A, 0xD4AB, 0xD4AB, 0xD4AB, 0xDCCB, 0xD4AB, 0xD48A, 0xD48A, 0xD48A, 0xD48A, 0xD48A, 0xD48A, 0xD48B,
    0xFF57, 0xFF57, 0xFF77, 0xFF98, 0xFF77, 0xFF77, 0xFF77, 0xFF78, 0xFF98, 0xFF78, 0xFF36, 0xFF36, 0xFF36, 0xFF36, 0xFF57, 0xFF77,
    0xFF36, 0xFF16, 0xFF36, 0xFF98, 0xFF57, 0xFF77, 0xFF98, 0xFF78, 0xFF77, 0xFF78, 0xFF78, 0xFF77, 0xFF57, 0xFF57, 0xFF16, 0xFF56,
    0xF692, 0xE58E, 0xED6D, 0xE56D, 0xE56D, 0xEDAE, 0xF5EF, 0xEDAE, 0xEDEF, 0xF60F, 0xF60F, 0xEDAE, 0xEDAE, 0xEDCF, 0xF5EF, 0xEDCE,
    0xE56D, 0xE56D, 0xE54D, 0xE56D, 0xEDCF, 0xEDEF, 0xF5EF, 0xF5EF, 0xF60F, 0xF630, 0xFE30, 0xFE50, 0xFE50, 0xF651, 0xFE71, 0xF651,
    0xFE51, 0xFE71, 0xFE71, 0xFE71, 0xFE51, 0xFE51, 0xF651, 0xFE51, 0xFE30, 0xF630, 0xF610, 0xF610, 0xF610, 0xF610, 0xF610, 0xF610,
    0xF5EF, 0xEDCE, 0xF5CE, 0xF5EF, 0xF60F, 0xF60F, 0xF60F, 0xF630, 0xF630, 0xF60F, 0xF60F, 0xF610, 0xF610, 0xF630, 0xFF15, 0xFF57,
    0xFF98, 0xFFB8, 0xFFB8, 0xFFD9, 0xFF97, 0xF715, 0xFF15, 0xFF77, 0xFF98, 0xFF98, 0xFF98, 0xFF98, 0xFF98, 0xFF98, 0xFF97, 0xFF97,
    0xFF78, 0xFF98, 0xFF98, 0xFF98, 0xFF98, 0xFF98, 0xFF98, 0xFF98, 0xFF98, 0xFF77, 0xF756, 0xFF97, 0xFF77, 0xFF77, 0xFF77, 0xFF77,
    0xFF98, 0xF757, 0xB52F, 0x72E9, 0xC54E, 0xFF12, 0xFEB1, 0xFE91, 0xFF55, 0xFF98, 0xF736, 0xF6B5, 0xF6B5, 0xF6B5, 0xF6B5, 0xEE53,
    0xEE12, 0xEE32, 0xEE12, 0xEE11, 0xE5D0, 0xE5CF, 0xE5D0, 0xE5B0, 0xE5B0, 0xE5B0, 0xDD6F, 0xDD6F, 0xDD8F, 0xCD4F, 0x5122, 0x9285,
    0xB346, 0xAB26, 0xB366, 0xB387, 0xB387, 0xBBA7, 0xBBA7, 0xBBA7, 0xBBC8, 0xD52D, 0xDD8F, 0xDD8F, 0xDD8F, 0xDD8F, 0xDD8F, 0xDD8F,
    0xDD8F, 0xDD8F, 0xDDB0, 0xDDB0, 0xDDB0, 0xDDB0, 0xDDB0, 0xDDB0, 0xDDB0, 0xDDB0, 0xE5D0, 0xE5D0, 0xE5D0, 0xE5D1, 0xE5F1, 0xE5F1,
    0xE5D1, 0xE5D1, 0xE5F1, 0xE5D1, 0xE5D1, 0xE5D1, 0xE5F1, 0xE5F1, 0xE5F1, 0xE5F1, 0xE5AC, 0xE58A, 0xE58A, 0xE58A, 0xE5AA, 0xE5AC,
    0xE5F0, 0xE5F1, 0xE611, 0xE611, 0xE611, 0xE611, 0xE611, 0xE611, 0xE611, 0xE612, 0xE612, 0xE5D0, 0xE56F, 0xE58F, 0xE56E, 0xD4AA,
    0xD48A, 0xD48A, 0xD48A, 0xD48A, 0xD48A, 0xD48A, 0xD48A, 0xD48A, 0xD48A, 0xD48A, 0xD48A, 0xD48A, 0xD48A, 0xD48A, 0xD48B, 0xD48B,
    0xFF77, 0xFF77, 0xFF97, 0xFF57, 0xFF36, 0xFF36, 0xFF56, 0xFF57, 0xFF57, 0xFF56, 0xF716, 0xFF36, 0xFF36, 0xFF36, 0xFF57, 0xFF57,
    0xFF57, 0xFF37, 0xFF57, 0xFF78, 0xFF98, 0xF716, 0xF6F5, 0xF715, 0xFF77, 0xFF78, 0xFF78, 0xFF37, 0xF6F5, 0xF6F5, 0xF716, 0xFF77,
    0xF6B3, 0xE58E, 0xED8E, 0xE58D, 0xE56D, 0xED8E, 0xEDCF, 0xE58E, 0xEDCE, 0xF5EF, 0xF60F, 0xF610, 0xF610, 0xF5EF, 0xF5EF, 0xF5CF,
    0xE56D, 0xE56D, 0xE54D, 0xED8E, 0xEDCF, 0xEDEF, 0xF610, 0xF610, 0xF610, 0xF60F, 0xFE30, 0xFE31, 0xFE50, 0xF651, 0xFE51, 0xFE51,
    0xFE51, 0xFE71, 0xFE71, 0xFE71, 0xF651, 0xF651, 0xF650, 0xFE30, 0xF630, 0xF630, 0xF610, 0xF630, 0xF610, 0xF610, 0xEDEF, 0xEDAE,
    0xEDCE, 0xEDCE, 0xEDCE, 0xF5EF, 0xF5EF, 0xF60F, 0xF60F, 0xF610, 0xF630, 0xF610, 0xF610, 0xF610, 0xF60F, 0xF630, 0xF6F4, 0xF715,
    0xFF98, 0xFFB9, 0xFFB8, 0xFF98, 0xFF56, 0xF715, 0xFF36, 0xFF98, 0xFF98, 0xFF98, 0xFFB8, 0xFFB8, 0xFF98, 0xFF98, 0xFF77, 0xFF97,
    0xFF98, 0xFF98, 0xFF98, 0xFF98, 0xFF98, 0xFF98, 0xFF98, 0xFF98, 0xFF98, 0xFF56, 0xFF36, 0xFF98, 0xFF77, 0xFF77, 0xFF77, 0xFF97,
    0xFFB8, 0xEF16, 0x4901, 0xD655, 0xFFF9, 0xF68F, 0xF60E, 0xF60D, 0xF60E, 0xF650, 0xFED5, 0xF6D6, 0xF6D5, 0xF6D5, 0xF6D5, 0xEE53,
    0xEE12, 0xEE11, 0xEDF1, 0xEDF1, 0xE5CF, 0xE5CF, 0xE5D0, 0xE5B0, 0xE5AF, 0xE58F, 0xDD6E, 0xD52E, 0xD54E, 0xCD2E, 0x4922, 0x8A85,
    0xB366, 0xAB46, 0xB366, 0xB366, 0xB346, 0xBC08, 0xCCEC, 0xD54E, 0xD52D, 0xD56E, 0xD58F, 0xDD8F, 0xDD8F, 0xDDAF, 0xDDB0, 0xDDB0,
    0xDDAF, 0xDDAF, 0xDDAF, 0xDDB0, 0xDDB0, 0xDDB0, 0xDDB0, 0xDDB0, 0xDDB0, 0xDDB0, 0xE5D0, 0xE5D0, 0xDDD0, 0xE5D1, 0xE5D1, 0xE5D1,
    0xE5D1, 0xE5D1, 0xE5D1, 0xE5F1, 0xE5D1, 0xE5D1, 0xE5F1, 0xE5F1, 0xE5F1, 0xE5CF, 0xE5AB, 0xE58A, 0xE58A, 0xE58A, 0xE5AA, 0xE5AC,
    0xE5F1, 0xE611, 0xE611, 0xE611, 0xE611, 0xE611, 0xE611, 0xE611, 0xE611, 0xE611, 0xE611, 0xE632, 0xEE32, 0xEE32, 0xE611, 0xD4CB,
    0xD48A, 0xD4AA, 0xD4AA, 0xD4AB, 0xD4AB, 0xD4AA, 0xD4AA, 0xD4AA, 0xD4AA, 0xD48A, 0xD48A, 0xD48A, 0xD48B, 0xD48B, 0xD48B, 0xD48A,
    0xFFB9, 0xFFB8, 0xFFB8, 0xFF77, 0xFF36, 0xFF57, 0xFF77, 0xFF57, 0xFF16, 0xF716, 0xF736, 0xFF36, 0xFF37, 0xFF57, 0xFF57, 0xFF57,
    0xFF77, 0xFF78, 0xFF78, 0xFF78, 0xFF77, 0xEED5, 0xEE93, 0xEEB4, 0xF715, 0xF736, 0xFF36, 0xF736, 0xFF57, 0xFF57, 0xFF57, 0xFF77,
    0xF6D3, 0xF650, 0xF630, 0xE56D, 0xE52C, 0xEDAE, 0xF610, 0xF60F, 0xEDAE, 0xE58E, 0xF5EF, 0xF5EF, 0xF5EF, 0xF5EF, 0xEDCF, 0xED8E,
    0xE56D, 0xE54D, 0xED8E, 0xEDCF, 0xEDCE, 0xEDEF, 0xF630, 0xF630, 0xF630, 0xF630, 0xFE51, 0xFE31, 0xF630, 0xF631, 0xFE51, 0xFE51,
    0xFE51, 0xF631, 0xF630, 0xF651, 0xF651, 0xF651, 0xFE51, 0xFE51, 0xF630, 0xF630, 0xF60F, 0xF5EF, 0xF610, 0xF60F, 0xF5EF, 0xE58D,
    0xEDAE, 0xEDAE, 0xEDAE, 0xF5EF, 0xF62F, 0xF60F, 0xF610, 0xF610, 0xF610, 0xF610, 0xFE30, 0xF610, 0xF610, 0xF671, 0xFF76, 0xFFB8,
    0xFFB8, 0xFFB8, 0xFF57, 0xFF36, 0xFF56, 0xFF97, 0xFF36, 0xFF97, 0xFFB8, 0xFF98, 0xFF97, 0xFF97, 0xFF77, 0xFF97, 0xFF97, 0xFF77,
    0xFF97, 0xFF97, 0xFF98, 0xFF98, 0xFF98, 0xFF98, 0xFF98, 0xFF98, 0xFF98, 0xFF36, 0xFF77, 0xFF98, 0xFF97, 0xFF77, 0xFF97, 0xFFB8,
    0xFFB8, 0xF736, 0x5983, 0xD634, 0xFFF9, 0xF66F, 0xED8B, 0xEDAC, 0xED8C, 0xF5CD, 0xE5EF, 0xE5CF, 0xF673, 0xEE52, 0xF693, 0xF674,
    0xF653, 0xEE32, 0xEDF0, 0xEDF1, 0xE5AF, 0xE58E, 0xE58E, 0xE58F, 0xD4EC, 0xCCCB, 0xD4EC, 0xCCCB, 0xD54E, 0xCD0E, 0x5102, 0x8A65,
    0xB346, 0xB387, 0xBC29, 0xBC29, 0xC44A, 0xC4AB, 0xD52D, 0xDD8F, 0xDD8F, 0xD58F, 0xDD8F, 0xDD8F, 0xDD8F, 0xDDAF, 0xDDB0, 0xDDB0,
    0xDDB0, 0xDDB0, 0xDDB0, 0xDDB0, 0xDDB0, 0xDDB0, 0xDDB0, 0xDDB0, 0xDDB0, 0xE5D0, 0xE5D0, 0xE5D0, 0xE5D0, 0xE5D1, 0xE5D1, 0xE5D1,
    0xE5D1, 0xE5D1, 0xE5D1, 0xE5F1, 0xE5D1, 0xE5D1, 0xE5F1, 0xE5F1, 0xE5CF, 0xE58B, 0xE58A, 0xE58A, 0xED8A, 0xEDAA, 0xE5AA, 0xE5AC,
    0xE5F1, 0xE611, 0xE611, 0xE611, 0xE611, 0xE612, 0xE611, 0xE611, 0xE612, 0xE612, 0xE612, 0xE612, 0xE612, 0xE612, 0xE612, 0xE5F1,
    0xE5F1, 0xE5D1, 0xE5F1, 0xE5D0, 0xDD4E, 0xD4CB, 0xD48A, 0xD4AA, 0xD4AB, 0xD4AA, 0xD4AA, 0xD4AA, 0xD48B, 0xD48B, 0xD48B, 0xD48B,
    0xFFB9, 0xFF98, 0xFF98, 0xFF98, 0xFF98, 0xFF99, 0xFF98, 0xFF36, 0xF715, 0xF715, 0xF736, 0xFF36, 0xFF57, 0xFF57, 0xFF57, 0xFF57,
    0xFF78, 0xFF78, 0xFF98, 0xFF78, 0xFF57, 0xFF57, 0xFF57, 0xFF57, 0xFF57, 0xFF57, 0xFF98, 0xFF98, 0xFF98, 0xFF98, 0xFF77, 0xFF57,
    0xFEF4, 0xF650, 0xED8E, 0xE54D, 0xED8E, 0xF5EF, 0xF60F, 0xEDAE, 0xE58D, 0xE56D, 0xEDCF, 0xF610, 0xF610, 0xFE30, 0xE54D, 0xD4AB,
    0xDD2C, 0xED8E, 0xF5EF, 0xF5EF, 0xED8E, 0xEDF0, 0xF651, 0xF651, 0xFE51, 0xFE51, 0xFE51, 0xF651, 0xFE71, 0xF651, 0xFE51, 0xFE51,
    0xFE51, 0xF651, 0xF631, 0xFE71, 0xFE51, 0xF630, 0xF630, 0xF630, 0xF60F, 0xF5EF, 0xED8E, 0xF5CF, 0xF610, 0xF60F, 0xF60F, 0xEDAE,
    0xF5CE, 0xF5EF, 0xF5EF, 0xF630, 0xFE71, 0xF650, 0xF60F, 0xFE50, 0xFE50, 0xFE50, 0xFE50, 0xF630, 0xF630, 0xFE71, 0xFF56, 0xFF98,
    0xFFB8, 0xFFB8, 0xFF97, 0xFF97, 0xFF98, 0xFF97, 0xFF15, 0xFF36, 0xFF57, 0xFF98, 0xFF36, 0xF716, 0xFF77, 0xFF77, 0xFF97, 0xF716,
    0xEEB4, 0xEEB4, 0xF6F5, 0xFF77, 0xFF98, 0xFF98, 0xFF77, 0xFF57, 0xFF57, 0xFF36, 0xFF97, 0xFF97, 0xFF97, 0xFF77, 0xFF77, 0xFFB8,
    0xFFB8, 0xF736, 0x5162, 0xCE35, 0xFFF9, 0xFED0, 0xF5ED, 0xED6B, 0xED8C, 0xED8B, 0xCC68, 0xC408, 0xC429, 0xC428, 0xCCAA, 0xD52D,
    0xD4ED, 0xDD6E, 0xDD4E, 0xD50C, 0xD4EC, 0xD4CB, 0xD4CC, 0xD4EC, 0xCC8A, 0xCC69, 0xCC69, 0xCC8A, 0xD52D, 0xD52E, 0x4902, 0x8AA5,
    0xBBC8, 0xBC09, 0xC4CC, 0xC4CC, 0xD56E, 0xDD8F, 0xD56E, 0xD56F, 0xD56F, 0xDD8F, 0xDD8F, 0xDD8F, 0xDDAF, 0xDDAF, 0xDDAF, 0xDDAF,
    0xDDB0, 0xDDB0, 0xDDB0, 0xDDB0, 0xDDB0, 0xDDB0, 0xDDB0, 0xDDD0, 0xE5D0, 0xE5D0, 0xE5D0, 0xE5D0, 0xE5D0, 0xE5D1, 0xE5D1, 0xE5F1,
    0xE5F1, 0xE5F1, 0xE5D1, 0xE5F1, 0xE5F1, 0xE5F1, 0xE5F1, 0xE5F1, 0xE5F0, 0xE5AB, 0xE58A, 0xE58A, 0xE5AA, 0xE5AA, 0xE5CC, 0xE5CE,
    0xE611, 0xE611, 0xE612, 0xE611, 0xE611, 0xE611, 0xE611, 0xE611, 0xE611, 0xE612, 0xE612, 0xE612, 0xE612, 0xE612, 0xE612, 0xE612,
    0xE632, 0xE632, 0xE632, 0xE612, 0xEE12, 0xE5AF, 0xD4EC, 0xD4EC, 0xD4AB, 0xD4AB, 0xD48A, 0xD4AA, 0xD48B, 0xD48B, 0xD48A, 0xD48B,
    0xFFB8, 0xFF98, 0xFF98, 0xFF98, 0xFF98, 0xFFB9, 0xFF78, 0xFF37, 0xFF36, 0xFF36, 0xFF36, 0xFF57, 0xFF58, 0xFF57, 0xFF57, 0xFF57,
    0xFF78, 0xFF78, 0xFF77, 0xFF37, 0xFF77, 0xFF98, 0xFFB9, 0xFFB8, 0xFFB8, 0xFF98, 0xFF98, 0xFF98, 0xFF98, 0xFF98, 0xFF98, 0xFF36,
    0xFEF4, 0xFE92, 0xE5CF, 0xF60F, 0xF630, 0xE58E, 0xE54D, 0xE54D, 0xE56D, 0xEDCF, 0xFE51, 0xFE71, 0xFE50, 0xFE51, 0xE52D, 0xD4CB,
    0xE52D, 0xED8E, 0xF5CF, 0xF60F, 0xF630, 0xF651, 0xF651, 0xF651, 0xFE51, 0xFE51, 0xFE51, 0xF651, 0xF650, 0xF650, 0xF650, 0xF651,
    0xFE51, 0xFE71, 0xFE72, 0xFE71, 0xF610, 0xE58E, 0xF5EF, 0xF5EF, 0xED8E, 0xE52C, 0xED8E, 0xFE30, 0xF610, 0xF610, 0xFE0F, 0xF5CE,
    0xF62F, 0xFE50, 0xFE50, 0xFE71, 0xFE50, 0xFE50, 0xFE50, 0xFE70, 0xFE50, 0xF670, 0xFE91, 0xFE50, 0xFE50, 0xF630, 0xF62F, 0xF735,
    0xFFB8, 0xFF98, 0xFF97, 0xFF97, 0xFF98, 0xFF97, 0xFF36, 0xFF77, 0xFF98, 0xFFB8, 0xFF77, 0xFF77, 0xFF97, 0xFF97, 0xFF97, 0xFF56,
    0xF6D4, 0xF6D4, 0xF6D4, 0xFF76, 0xFF98, 0xFF98, 0xFF98, 0xFF76, 0xFF56, 0xFF76, 0xFF97, 0xFF97, 0xFF97, 0xFF97, 0xFF77, 0xFF98,
    0xFFB8, 0xF736, 0x5162, 0xD635, 0xFFF9, 0xFEF0, 0xF6AF, 0xF6AF, 0xEDED, 0xE50A, 0xDCCA, 0xDCC9, 0xD4A9, 0xDCCA, 0xCC69, 0xBBC8,
    0xBBC8, 0xC409, 0xC429, 0xBBE7, 0xC3E8, 0xC3E8, 0xC408, 0xC428, 0xC449, 0xCC69, 0xCC69, 0xCC69, 0xD4EC, 0xD50D, 0x4902, 0x9307,
    0xCCCC, 0xC48B, 0xC48B, 0xC4CC, 0xD54E, 0xD56E, 0xD56E, 0xD56E, 0xD58F, 0xDD8F, 0xDD8F, 0xDDAF, 0xDDAF, 0xDDAF, 0xDDAF, 0xDDAF,
    0xDDB0, 0xDDB0, 0xDDB0, 0xDDB0, 0xDDB0, 0xDDD0, 0xE5D0, 0xE5D0, 0xE5D0, 0xE5D0, 0xE5D0, 0xE5D0, 0xE5D0, 0xE5D1, 0xE5D1, 0xE5F1,
    0xE5F1, 0xE5F1, 0xE5F1, 0xE5F1, 0xE5F1, 0xE5F1, 0xDDF1, 0xE5F2, 0xE5F0, 0xE58B, 0xE58A, 0xE58A, 0xE5AA, 0xE58A, 0xEDEE, 0xE611,
    0xE611, 0xE611, 0xE611, 0xE611, 0xE611, 0xE611, 0xE611, 0xE611, 0xE611, 0xE612, 0xE612, 0xE612, 0xE611, 0xE611, 0xE611, 0xE611,
    0xE612, 0xE612, 0xE612, 0xE612, 0xE612, 0xE612, 0xE612, 0xE56E, 0xD48A, 0xD4AB, 0xD4AA, 0xD48A, 0xD48A, 0xD48B, 0xCC8A, 0xCC8A,
    0xFFB9, 0xFF98, 0xFF98, 0xFF98, 0xFF98, 0xFF98, 0xFF78, 0xFF78, 0xFF78, 0xFF78, 0xFF78, 0xFF78, 0xFF78, 0xFF57, 0xFF58, 0xFF78,
    0xFF78, 0xFF37, 0xFF36, 0xF716, 0xF716, 0xFF77, 0xFF98, 0xFF98, 0xFF98, 0xFF98, 0xFF98, 0xFF98, 0xFF98, 0xFF98, 0xFF98, 0xFF15,
    0xFEB3, 0xFEB3, 0xFEB2, 0xFEB2, 0xF610, 0xED8E, 0xE56D, 0xE56D, 0xEDAE, 0xFE51, 0xFE71, 0xFE71, 0xFE30, 0xED8E, 0xE52D, 0xED6D,
    0xED8E, 0xED8E, 0xF5CF, 0xFE51, 0xF692, 0xF671, 0xF651, 0xFE51, 0xFE51, 0xFE51, 0xF651, 0xF651, 0xF651, 0xFE31, 0xFE51, 0xFE31,
    0xFE51, 0xFE51, 0xFE51, 0xFE71, 0xF610, 0xF5EF, 0xF5EF, 0xED8E, 0xED8E, 0xF60F, 0xF650, 0xF630, 0xF610, 0xF60F, 0xEDCE, 0xEDAE,
    0xF60F, 0xFE50, 0xFE50, 0xFE50, 0xFE50, 0xF650, 0xFE50, 0xFE50, 0xFE50, 0xFE50, 0xF671, 0xF650, 0xFE30, 0xF60F, 0xF60E, 0xFF14,
    0xFF77, 0xFF77, 0xFF77, 0xFF98, 0xFF98, 0xFF98, 0xFF98, 0xFFB8, 0xFF98, 0xFF98, 0xFF98, 0xFF98, 0xFF98, 0xFF77, 0xF736, 0xFF36,
    0xFF36, 0xF715, 0xFF36, 0xFF77, 0xFF77, 0xFF77, 0xFF77, 0xFFB8, 0xFF97, 0xFF77, 0xFF97, 0xFF97, 0xFF77, 0xFFB8, 0xFF98, 0xFF98,
    0xFFB8, 0xF736, 0x5962, 0xD656, 0xFFF8, 0xFECF, 0xFF11, 0xFF31, 0xEDED, 0xDCC9, 0xDCE9, 0xDCEA, 0xDCEA, 0xDCEA, 0xDCCA, 0xD489,
    0xC408, 0xC408, 0xCC08, 0xCC08, 0xCC08, 0xC3E7, 0xC3E7, 0xCC48, 0xCC48, 0xCC49, 0xCC69, 0xCC69, 0xD4EB, 0xD52D, 0x4902, 0x8AE6,
    0xC4AB, 0xBC8B, 0xC4AB, 0xCD0D, 0xD56E, 0xD56E, 0xD56E, 0xD56F, 0xD58F, 0xD58F, 0xDD8F, 0xDD90, 0xDDB0, 0xDDAF, 0xDDAF, 0xDDB0,
    0xDDB0, 0xDDB0, 0xDDB0, 0xDDB0, 0xDDB0, 0xDDD0, 0xE5D0, 0xE5D0, 0xE5D0, 0xE5D0, 0xE5D0, 0xE5D0, 0xE5D0, 0xE5D1, 0xE5F1, 0xE5F1,
    0xE5F1, 0xE5F1, 0xE5F1, 0xE5F1, 0xE5F1, 0xE5D1, 0xE5F1, 0xE5CF, 0xE5AC, 0xE58A, 0xE58A, 0xE5AA, 0xE5AA, 0xED8A, 0xEDCF, 0xE612,
    0xE612, 0xE611, 0xE611, 0xE611, 0xE611, 0xE611, 0xE611, 0xE611, 0xE611, 0xE612, 0xE612, 0xE611, 0xE611, 0xE611, 0xE612, 0xE612,
    0xE612, 0xE612, 0xE612, 0xE612, 0xE612, 0xE612, 0xEE32, 0xE611, 0xE5D1, 0xE5F1, 0xE5AF, 0xCC8A, 0xCC6A, 0xCC8A, 0xCC8A, 0xCC8A,
    0xFF98, 0xFFB9, 0xFF98, 0xFF78, 0xFF98, 0xFF98, 0xFF57, 0xFF37, 0xFF58, 0xFF78, 0xFF78, 0xFF78, 0xFF78, 0xFF57, 0xFF78, 0xFF78,
    0xFF37, 0xF717, 0xFF57, 0xFF98, 0xFF98, 0xFF98, 0xFF98, 0xFF98, 0xFF98, 0xFF98, 0xFF98, 0xFF98, 0xFF98, 0xFF98, 0xFF78, 0xFF16,
    0xFEB3, 0xFEB2, 0xFE92, 0xFE91, 0xF650, 0xF610, 0xF5CF, 0xEDEF, 0xFE50, 0xFE51, 0xFE51, 0xFE51, 0xF610, 0xED6D, 0xE52C, 0xED6D,
    0xED8D, 0xED6D, 0xED8E, 0xFE50, 0xF610, 0xF610, 0xF630, 0xF630, 0xF631, 0xF651, 0xF651, 0xF651, 0xF651, 0xFE51, 0xFE51, 0xFE31,
    0xFE51, 0xFE51, 0xFE71, 0xFE71, 0xFE71, 0xFE51, 0xF630, 0xF610, 0xF630, 0xFE71, 0xFE51, 0xEDAE, 0xEDAE, 0xEDCE, 0xEDCE, 0xEDCE,
    0xF60F, 0xFE50, 0xF630, 0xFE50, 0xFE50, 0xF630, 0xFE71, 0xFEB1, 0xF650, 0xF60F, 0xFE91, 0xFEF3, 0xF671, 0xF60F, 0xF60F, 0xFF14,
    0xFF77, 0xFF57, 0xFF57, 0xFFB8, 0xFF98, 0xFF98, 0xFFB8, 0xFF98, 0xFFB8, 0xFFB8, 0xFF98, 0xFF77, 0xFF77, 0xFF77, 0xFF56, 0xFF56,
    0xFF36, 0xF6D4, 0xF715, 0xFF98, 0xFF98, 0xFF77, 0xFF77, 0xFFB8, 0xFF97, 0xFF77, 0xFFB8, 0xFF97, 0xFF97, 0xFF98, 0xFF98, 0xFF98,
    0xFFB8, 0xEF37, 0x5982, 0xD635, 0xFFF9, 0xFF75, 0xFFB7, 0xFF54, 0xEDCD, 0xDCC9, 0xDCE9, 0xDCC9, 0xD489, 0xD489, 0xD489, 0xD489,
    0xCC07, 0xCC27, 0xCC28, 0xCC28, 0xCC48, 0xC3E7, 0xBBC6, 0xD489, 0xD4AA, 0xD489, 0xD489, 0xCC89, 0xD50C, 0xD52D, 0x4902, 0x8AE6,
    0xCCCC, 0xBC8B, 0xCCEC, 0xD56E, 0xD54E, 0xD56E, 0xD56E, 0xD56F, 0xDD8F, 0xDDD0, 0xE5D0, 0xDDB0, 0xDDB0, 0xDDB0, 0xDDAF, 0xDDB0,
    0xE5D0, 0xDDB0, 0xE5D0, 0xE5D0, 0xE5D0, 0xE5D0, 0xE5D0, 0xE5D0, 0xE5D0, 0xE5D0, 0xE5D0, 0xE5D1, 0xE5F1, 0xE5D1, 0xE5F1, 0xE5F1,
    0xE5F1, 0xE5F1, 0xE5F1, 0xE5F1, 0xE5F1, 0xE5F1, 0xE5F1, 0xE5AD, 0xE58A, 0xE58A, 0xE58A, 0xE58A, 0xED8A, 0xEDAA, 0xEDCF, 0xEE12,
    0xE611, 0xE611, 0xE611, 0xE611, 0xE611, 0xE611, 0xE611, 0xE611, 0xE611, 0xE612, 0xE612, 0xE612, 0xE612, 0xE612, 0xE612, 0xE612,
    0xE632, 0xE632, 0xE612, 0xE612, 0xE612, 0xE632, 0xEE32, 0xE632, 0xEE32, 0xEE53, 0xE611, 0xD50D, 0xD50D, 0xD4CB, 0xD4CC, 0xD4CB,
    0xFF98, 0xFFB9, 0xFF98, 0xFF78, 0xFF98, 0xFF98, 0xFF78, 0xFF57, 0xFF57, 0xFF58, 0xFF58, 0xFF58, 0xFF58, 0xFF78, 0xFF78, 0xFF78,
    0xFF57, 0xFF57, 0xFF78, 0xFF98, 0xFF98, 0xFF78, 0xFF78, 0xFF98, 0xFF78, 0xFF78, 0xFF78, 0xFF78, 0xFF78, 0xFF78, 0xFF78, 0xFF36,
    0xFED4, 0xFEF4, 0xFEB3, 0xF630, 0xFE50, 0xF630, 0xF60F, 0xF60F, 0xF60F, 0xF630, 0xFE51, 0xF5EF, 0xED8E, 0xED8E, 0xE54D, 0xE52C,
    0xE52C, 0xE52C, 0xED8E, 0xF60F, 0xEDAE, 0xF610, 0xF610, 0xF630, 0xF651, 0xFE51, 0xF651, 0xF651, 0xF651, 0xFE51, 0xFE51, 0xFE51,
    0xF630, 0xF630, 0xFE92, 0xFE92, 0xFE51, 0xF650, 0xFE30, 0xFE50, 0xF630, 0xEDAE, 0xEDAE, 0xED6D, 0xF5EF, 0xFE30, 0xF630, 0xFE50,
    0xFE91, 0xFE50, 0xF630, 0xFE50, 0xFE71, 0xFE71, 0xFE91, 0xFEB2, 0xF650, 0xF60F, 0xFE71, 0xFE91, 0xFE71, 0xF60F, 0xF60F, 0xFF14,
    0xFF77, 0xFF77, 0xFF77, 0xFF98, 0xFF98, 0xFFB8, 0xFFB8, 0xFF97, 0xFF97, 0xFFB8, 0xFFB8, 0xFF98, 0xFF97, 0xFF97, 0xFF77, 0xFF77,
    0xFF36, 0xFF36, 0xFF77, 0xFFB8, 0xFFB8, 0xFFB8, 0xFFB8, 0xFFB8, 0xFFB8, 0xFFD8, 0xFFB8, 0xFF98, 0xFF98, 0xFF98, 0xFF98, 0xFF98,
    0xFFB8, 0xEF37, 0x5942, 0xDE96, 0xFFFB, 0xFFB7, 0xFFD9, 0xFF55, 0xEDCD, 0xDCC9, 0xE4EA, 0xD489, 0xCC27, 0xCC27, 0xCC27, 0xC3E7,
    0xCC07, 0xCC27, 0xCC27, 0xCC28, 0xCC28, 0xC3E7, 0xC3C6, 0xD4AA, 0xDCCA, 0xD4AA, 0xD4AA, 0xD4AA, 0xD50C, 0xD54E, 0x4902, 0x8AC6,
    0xCCCC, 0xBC8C, 0xCCED, 0xD56E, 0xD54E, 0xD54E, 0xD56E, 0xDDB0, 0xE5D0, 0xE5F1, 0xE5F1, 0xE5D0, 0xE5D0, 0xE5D0, 0xE5D0, 0xDDD0,
    0xE5D0, 0xE5D0, 0xE5D0, 0xE5D0, 0xE5D0, 0xE5D0, 0xE5D0, 0xE5D0, 0xE5D0, 0xE5D0, 0xE5F1, 0xE5F1, 0xE5F1, 0xE5F1, 0xE5F1, 0xE5F1,
    0xE5F1, 0xE5F1, 0xE5F1, 0xE5F1, 0xE5F1, 0xE5F1, 0xE5F1, 0xE5AD, 0xE58A, 0xE58A, 0xE58A, 0xE58A, 0xE5AA, 0xE58B, 0xE5CF, 0xE611,
    0xE611, 0xE612, 0xE612, 0xE611, 0xE611, 0xE611, 0xE611, 0xE611, 0xE611, 0xE612, 0xE612, 0xE612, 0xE612, 0xE612, 0xE632, 0xE612,
    0xE632, 0xE632, 0xE632, 0xE632, 0xE632, 0xE632, 0xE632, 0xE632, 0xE632, 0xE632, 0xE632, 0xE632, 0xEE32, 0xE5F1, 0xE5B0, 0xD52D,
    0xFFB8, 0xFF98, 0xFF78, 0xFF78, 0xFF57, 0xFF57, 0xFF57, 0xFF57, 0xFF57, 0xFF57, 0xFF57, 0xFF57, 0xFF57, 0xFF57, 0xFF78, 0xFF98,
    0xFF98, 0xFF98, 0xFF98, 0xFF98, 0xFF78, 0xFF78, 0xFF78, 0xFF98, 0xFF78, 0xFF57, 0xFF78, 0xFF78, 0xFF78, 0xFF78, 0xFF78, 0xFF36,
    0xFF57, 0xFF98, 0xFF15, 0xF630, 0xF630, 0xF5EF, 0xE56D, 0xF5CF, 0xF5EF, 0xEDEF, 0xFE71, 0xF60F, 0xED8E, 0xED8E, 0xE52D, 0xDCEC,
    0xDD0C, 0xE52D, 0xEDCE, 0xF60F, 0xEDCF, 0xFE51, 0xFE71, 0xFE71, 0xFE51, 0xFE51, 0xFE71, 0xF651, 0xFE51, 0xFE51, 0xFE51, 0xF650,
    0xFE92, 0xFEB3, 0xFEB2, 0xF671, 0xFE51, 0xF651, 0xF630, 0xF630, 0xF60F, 0xE54D, 0xE54C, 0xE54C, 0xF5EF, 0xFE50, 0xFE71, 0xFE91,
    0xFE91, 0xFE71, 0xFE71, 0xFE71, 0xFE91, 0xFE91, 0xFE51, 0xF5EF, 0xF5EF, 0xF60F, 0xFE30, 0xFE30, 0xFE50, 0xF62F, 0xF62F, 0xFEF4,
    0xFF77, 0xFFB8, 0xFF98, 0xFF98, 0xFF98, 0xFF98, 0xFF77, 0xF736, 0xF716, 0xF756, 0xFF97, 0xFF57, 0xFF56, 0xFF36, 0xF6F5, 0xF6D4,
    0xFF36, 0xFF77, 0xFF98, 0xFF98, 0xFF98, 0xFF98, 0xFFB8, 0xFFB8, 0xFF97, 0xFF97, 0xFF98, 0xFF98, 0xFF97, 0xFF98, 0xFF98, 0xFF98,
    0xFFD9, 0xEF37, 0x7266, 0xA46E, 0xE716, 0xFFD8, 0xFFB8, 0xFF55, 0xEDCD, 0xDCC9, 0xE4EA, 0xD488, 0xCC07, 0xCC07, 0xCBE7, 0xC3E7,
    0xC3E7, 0xCC07, 0xCC07, 0xCC07, 0xCC27, 0xCC28, 0xC3C6, 0xCC28, 0xD4CA, 0xD4AA, 0xD4AA, 0xD4AA, 0xDD0C, 0xD54E, 0x4102, 0x8AC7,
    0xCCCD, 0xBC8C, 0xCCED, 0xD56F, 0xD56E, 0xDD8F, 0xDDAF, 0xE5D0, 0xE5F1, 0xE5D0, 0xE5D0, 0xE5F1, 0xE5F1, 0xE5D0, 0xE5D0, 0xE5D0,
    0xE5D0, 0xE5D0, 0xE5D0, 0xE5D0, 0xE5D0, 0xE5D0, 0xE5D0, 0xE5D0, 0xE5F0, 0xE5F1, 0xE5F1, 0xE5F1, 0xE5F1, 0xE5F1, 0xE5F1, 0xE5F1,
    0xE5F1, 0xE5F1, 0xE5F1, 0xE5F1, 0xE5F1, 0xE5F1, 0xE5F1, 0xE5AD, 0xE58A, 0xE58A, 0xE58A, 0xE58A, 0xE5AC, 0xE5EF, 0xE5F1, 0xE612,
    0xE612, 0xE612, 0xE612, 0xE611, 0xE611, 0xE611, 0xE611, 0xE611, 0xE611, 0xE611, 0xE611, 0xE612, 0xE612, 0xE632, 0xE632, 0xE612,
    0xE632, 0xE632, 0xE632, 0xE632, 0xE632, 0xE632, 0xE632, 0xE632, 0xE632, 0xE632, 0xE632, 0xE632, 0xE632, 0xE632, 0xE611, 0xD54E,
    0xFF77, 0xFF77, 0xFF77, 0xFF57, 0xFF57, 0xF737, 0xFF57, 0xFF57, 0xFF57, 0xFF78, 0xFF78, 0xFF78, 0xFF78, 0xFF78, 0xFF78, 0xFF78,
    0xFF78, 0xFF78, 0xFF78, 0xFF78, 0xFF58, 0xFF78, 0xFF98, 0xFF78, 0xFF78, 0xFF78, 0xFF78, 0xFF78, 0xFF78, 0xFF98, 0xFF98, 0xFF77,
    0xFF77, 0xFF98, 0xFF15, 0xF630, 0xF610, 0xE56D, 0xE52C, 0xEDCE, 0xEDEE, 0xEDCF, 0xFE71, 0xF60F, 0xED8E, 0xED8E, 0xE52D, 0xE52C,
    0xE50C, 0xE56D, 0xF5EF, 0xF610, 0xFE71, 0xFE71, 0xFE71, 0xFE71, 0xFE71, 0xFE71, 0xF630, 0xF610, 0xFE51, 0xFE51, 0xFE51, 0xF651,
    0xFE92, 0xFE92, 0xF651, 0xF651, 0xFE51, 0xFE51, 0xF5F0, 0xEDCF, 0xEDCF, 0xE56D, 0xF5EF, 0xF5EF, 0xF60F, 0xF610, 0xFE71, 0xFE91,
    0xFE91, 0xFE91, 0xFE91, 0xFE91, 0xFE91, 0xFE50, 0xF60F, 0xF5EF, 0xF5EF, 0xF5EF, 0xF5EF, 0xF60F, 0xF610, 0xF60F, 0xF60F, 0xF692,
    0xFF76, 0xFF97, 0xFF97, 0xFF98, 0xFF98, 0xFF98, 0xFF98, 0xFF98, 0xFF98, 0xFF77, 0xFF77, 0xF6F5, 0xF6D4, 0xF6F5, 0xF715, 0xF715,
    0xFF77, 0xFF98, 0xFF98, 0xFF98, 0xFF98, 0xFF98, 0xFF98, 0xFF98, 0xFF77, 0xFF76, 0xFFB8, 0xFFB8, 0xFF97, 0xFF76, 0xFF97, 0xFF98,
    0xFF97, 0xFF77, 0xFF97, 0x61E4, 0x9C6D, 0xFFFA, 0xFFB8, 0xFF75, 0xEE0E, 0xDCCA, 0xDCEA, 0xDCC9, 0xD489, 0xDCA9, 0xCC07, 0xC3C6,
    0xC407, 0xCC68, 0xCC68, 0xCC28, 0xCC07, 0xCC28, 0xC3C7, 0xC3E7, 0xE58D, 0xE5AE, 0xD4EB, 0xD48A, 0xD50C, 0xE58F, 0x4902, 0x82A7,
    0xCCEC, 0xC4CC, 0xD56E, 0xD56E, 0xD56E, 0xE5D0, 0xE5F1, 0xE5F1, 0xE5F1, 0xE5F1, 0xE5F1, 0xE5F1, 0xE5F1, 0xDDD0, 0xDDD0, 0xDDD0,
    0xE5D0, 0xE5D0, 0xE5D0, 0xE5D0, 0xE5D0, 0xE5D0, 0xDDD0, 0xE5D0, 0xE5D0, 0xE5F1, 0xE5F1, 0xE5F1, 0xE5F1, 0xE5F1, 0xE5F1, 0xE5F1,
    0xE5F1, 0xE5F1, 0xE5F1, 0xE5F1, 0xE5F1, 0xE5F1, 0xE5F2, 0xE5AD, 0xE58A, 0xE58A, 0xE58A, 0xE58A, 0xE5AC, 0xE611, 0xE612, 0xE612,
    0xE612, 0xE612, 0xE611, 0xE612, 0xE611, 0xE611, 0xE611, 0xE611, 0xE611, 0xE611, 0xE612, 0xE612, 0xE612, 0xE612, 0xE612, 0xE632,
    0xE632, 0xE632, 0xE632, 0xE632, 0xE632, 0xE632, 0xE632, 0xE632, 0xE632, 0xE632, 0xEE32, 0xE632, 0xE632, 0xEE52, 0xDDD1, 0xABEA,
    0xFF76, 0xFF77, 0xFFB9, 0xFF98, 0xFF98, 0xFF98, 0xFF98, 0xFF99, 0xFF98, 0xFF98, 0xFF98, 0xFF98, 0xFF78, 0xFF57, 0xFF77, 0xFF77,
    0xFF78, 0xFF78, 0xFF78, 0xFF78, 0xFF58, 0xFF78, 0xFF57, 0xFF57, 0xFF78, 0xFF78, 0xFF78, 0xFF98, 0xFF78, 0xFF78, 0xFF98, 0xFF98,
    0xFF98, 0xFF77, 0xFEF4, 0xF650, 0xED8E, 0xDD0C, 0xE50C, 0xEDAE, 0xEDCF, 0xF5CF, 0xF5EF, 0xEDAE, 0xEDAE, 0xED8E, 0xDD0C, 0xDCEB,
    0xE54D, 0xEDAE, 0xE58E, 0xEDEF, 0xFE71, 0xFE71, 0xFE71, 0xFE71, 0xFE71, 0xFE71, 0xF630, 0xF630, 0xF651, 0xFE51, 0xFE51, 0xF671,
    0xFE71, 0xFE71, 0xF651, 0xFE51, 0xF651, 0xFE71, 0xEE10, 0xEDEF, 0xFE50, 0xF610, 0xF630, 0xF630, 0xF630, 0xF610, 0xFE50, 0xFE50,
    0xFE71, 0xFE91, 0xFE91, 0xFE91, 0xFE71, 0xF630, 0xF5EF, 0xF5EF, 0xF630, 0xFE50, 0xF610, 0xF60F, 0xF610, 0xF60F, 0xF60F, 0xF5EF,
    0xF6B3, 0xFF77, 0xFF57, 0xF736, 0xFF98, 0xFFB8, 0xFFB8, 0xFFB8, 0xFF98, 0xFFB8, 0xFF98, 0xFF77, 0xFF57, 0xFF77, 0xFF97, 0xFF77,
    0xFF78, 0xFF77, 0xFF77, 0xFF98, 0xFF98, 0xFF98, 0xFF98, 0xFFB8, 0xFFB9, 0xFF98, 0xFF56, 0xFF56, 0xFF35, 0xFF14, 0xFF56, 0xFF76,
    0xFEF3, 0xFED2, 0xFF54, 0x7204, 0xACCF, 0xFFFC, 0xFFB9, 0xFF55, 0xE5CD, 0xDD2B, 0xE54B, 0xE54B, 0xE56C, 0xED8C, 0xDCEA, 0xBBC6,
    0xCC68, 0xDD0B, 0xDCEA, 0xD4AA, 0xD489, 0xD489, 0xC3C7, 0xC3E7, 0xEDF0, 0xEE10, 0xDD4E, 0xD4EC, 0xDD6E, 0xB44B, 0x38C1, 0x8AE7,
    0xC4CC, 0xCCED, 0xDD8F, 0xD56E, 0xDD8F, 0xE5D0, 0xE5D0, 0xE5F1, 0xE5F1, 0xE5F1, 0xE5F1, 0xE5F1, 0xE5F1, 0xDDD0, 0xDDD0, 0xDDD0,
    0xE5D0, 0xE5D0, 0xE5D0, 0xE5D0, 0xE5D0, 0xE5D0, 0xE5D0, 0xE5F0, 0xE5F0, 0xE5F1, 0xE5F1, 0xE5F1, 0xE5F1, 0xE5F1, 0xE5F1, 0xE5F1,
    0xE5F1, 0xE5F1, 0xE5F1, 0xE5F1, 0xE5F1, 0xE5F1, 0xE5EF, 0xE5AC, 0xE58A, 0xE58A, 0xED8A, 0xE58A, 0xEDAC, 0xE611, 0xE612, 0xE612,
    0xE612, 0xE611, 0xE611, 0xE611, 0xE611, 0xE611, 0xE611, 0xE612, 0xE611, 0xE611, 0xE612, 0xE612, 0xE612, 0xE612, 0xE612, 0xE612,
    0xE632, 0xE632, 0xEE32, 0xEE32, 0xEE32, 0xEE32, 0xE632, 0xEE32, 0xE632, 0xE632, 0xE632, 0xE632, 0xE632, 0xEE53, 0xD590, 0x82E6,
    0xFF34, 0xFF75, 0xFF77, 0xFF77, 0xFF78, 0xFF77, 0xFF77, 0xFF99, 0xFF99, 0xFF99, 0xFF98, 0xFF78, 0xFF57, 0xFF57, 0xFF77, 0xFF77,
    0xFF78, 0xFF78, 0xFF78, 0xFF78, 0xFF78, 0xFF78, 0xFF78, 0xFF77, 0xFF78, 0xFF98, 0xFF98, 0xFF98, 0xFF98, 0xFF98, 0xFF98, 0xFF98,
    0xFF98, 0xFF57, 0xEE31, 0xF60F, 0xED8D, 0xE54D, 0xED4D, 0xEDCE, 0xF5CF, 0xF5CF, 0xEDCE, 0xEDCE, 0xED8E, 0xE52D, 0xDCEC, 0xD4AB,
    0xE56D, 0xEDCE, 0xEE10, 0xFE71, 0xF651, 0xFE71, 0xFE72, 0xFE71, 0xF651, 0xFE71, 0xFE71, 0xFE91, 0xF60F, 0xEDAE, 0xFE51, 0xFE71,
    0xFE71, 0xFE71, 0xFE71, 0xFE51, 0xFE71, 0xF651, 0xFE71, 0xFE91, 0xFE91, 0xF630, 0xEDCF, 0xF630, 0xF630, 0xF610, 0xF610, 0xF60F,
    0xF630, 0xFE50, 0xFE50, 0xFE91, 0xFE71, 0xF630, 0xF630, 0xF630, 0xFE71, 0xFE91, 0xF650, 0xF630, 0xFE10, 0xF60F, 0xF60F, 0xF5EE,
    0xF6B3, 0xFF57, 0xFF77, 0xFF57, 0xFF98, 0xFF98, 0xFF98, 0xFF98, 0xFF98, 0xFF98, 0xFF98, 0xFF98, 0xFF77, 0xFF78, 0xFF98, 0xFF78,
    0xFF78, 0xFF77, 0xFF77, 0xFF98, 0xFFB8, 0xFF98, 0xFFB8, 0xFF56, 0xFF97, 0xFF76, 0xFED3, 0xFED3, 0xFEB2, 0xFEB2, 0xFEB2, 0xFED2,
    0xFEB2, 0xFEB1, 0xFED2, 0x9368, 0x7AE8, 0xB50F, 0xFFFB, 0xF715, 0xE54B, 0xE56C, 0xEE0F, 0xEE0F, 0xEE0F, 0xF62F, 0xEDAE, 0xC3C7,
    0xCC89, 0xDD0B, 0xDCEB, 0xDD0B, 0xDD0B, 0xDD0C, 0xCC49, 0xC429, 0xE5F0, 0xE5F1, 0xE611, 0xE5D1, 0xFEB4, 0x7266, 0x5942, 0xC48C,
    0xC4CC, 0xCD2E, 0xD56F, 0xDDB0, 0xE5D0, 0xE5F0, 0xE5F1, 0xE5F1, 0xE5F1, 0xE5F1, 0xE5F1, 0xE5F1, 0xE5F0, 0xDDD0, 0xDDD0, 0xDDD0,
    0xE5F0, 0xE5F1, 0xE5F1, 0xE5D0, 0xDDD0, 0xE5D0, 0xE5F0, 0xE5F1, 0xE5F1, 0xE5F1, 0xE5F1, 0xE5F1, 0xE5F1, 0xE5F1, 0xE5F1, 0xE5F1,
    0xE5F1, 0xE5F1, 0xE5F1, 0xE5F1, 0xE5F2, 0xE5EF, 0xE58A, 0xE58A, 0xE58A, 0xE58A, 0xEDAA, 0xED8B, 0xEDAC, 0xE611, 0xE612, 0xE612,
    0xE612, 0xE612, 0xE612, 0xE612, 0xE612, 0xE612, 0xE612, 0xE612, 0xE612, 0xE612, 0xE612, 0xE612, 0xE612, 0xE612, 0xE612, 0xE612,
    0xE632, 0xE632, 0xEE32, 0xEE32, 0xEE32, 0xEE32, 0xEE32, 0xEE32, 0xE632, 0xE632, 0xE632, 0xE632, 0xE632, 0xEE53, 0xDDD1, 0xA3C9,
    0xFF32, 0xFF32, 0xFF32, 0xFF55, 0xFF99, 0xFF56, 0xFF57, 0xFFB9, 0xFF78, 0xFF78, 0xFF78, 0xFF78, 0xFF78, 0xFF78, 0xFF78, 0xFF78,
    0xFF78, 0xFF78, 0xFF78, 0xFF78, 0xFF37, 0xFF37, 0xFF78, 0xFF98, 0xFF77, 0xFF98, 0xFF98, 0xFF78, 0xFF98, 0xFF98, 0xFF98, 0xFF98,
    0xFF98, 0xFF56, 0xE631, 0xF630, 0xF5EF, 0xF5AE, 0xED8E, 0xF5CF, 0xEDAE, 0xE54D, 0xE54D, 0xEDAE, 0xDD0C, 0xDCEC, 0xE54D, 0xE54D,
    0xE56D, 0xED8E, 0xF651, 0xFE92, 0xF651, 0xFE92, 0xFE92, 0xFE71, 0xF630, 0xFE51, 0xF630, 0xF650, 0xFE50, 0xF630, 0xFE51, 0xFE71,
    0xFE71, 0xFE71, 0xFE72, 0xF651, 0xFE72, 0xF610, 0xEDAE, 0xEDAE, 0xEDEF, 0xEDAE, 0xEDAE, 0xFE30, 0xFE50, 0xF630, 0xF610, 0xF60F,
    0xF60F, 0xF60F, 0xF630, 0xFE91, 0xFE50, 0xF630, 0xFE50, 0xFE71, 0xFEB1, 0xFEB1, 0xFE91, 0xFE91, 0xF650, 0xFE0F, 0xF60F, 0xF5EF,
    0xF630, 0xFF35, 0xFFB8, 0xFFB8, 0xFF98, 0xFFB8, 0xFF98, 0xFFB8, 0xFF77, 0xF757, 0xFF98, 0xFF98, 0xFF98, 0xFF98, 0xFF98, 0xFF98,
    0xFF98, 0xFF98, 0xFF98, 0xFF98, 0xFF77, 0xFF77, 0xFF76, 0xFEF4, 0xFEF3, 0xFF13, 0xFEF3, 0xFEF3, 0xF670, 0xFE91, 0xFEB1, 0xFE91,
    0xFE91, 0xFE91, 0xFE70, 0xFF12, 0x8AC6, 0x6A46, 0xF779, 0xEEB4, 0xE58D, 0xEE10, 0xFEF5, 0xFF16, 0xFF16, 0xFF36, 0xFF36, 0xCC8B,
    0xD4EC, 0xEE32, 0xEE12, 0xE5AF, 0xD4CC, 0xDD0D, 0xDD0D, 0xCCED, 0xE5F1, 0xE612, 0xE612, 0xE612, 0x9BAA, 0x7205, 0xA368, 0xC48B,
    0xCD0D, 0xD56F, 0xD56F, 0xDDD0, 0xE5F1, 0xE5F1, 0xE5F1, 0xE5F1, 0xE5F1, 0xE5F1, 0xE5F1, 0xE5F1, 0xE5F1, 0xDDD0, 0xDDD0, 0xE5D0,
    0xE5F1, 0xE5F1, 0xE5F1, 0xDDD0, 0xDDD0, 0xE5F0, 0xE5F0, 0xE5F0, 0xE5F1, 0xE5F1, 0xE5F1, 0xE5F1, 0xE5F1, 0xE5F1, 0xE5F1, 0xE5F1,
    0xE5F1, 0xE5F1, 0xE5F1, 0xE5F1, 0xE5F1, 0xE5CE, 0xE58A, 0xED8A, 0xE58A, 0xED8A, 0xED8B, 0xEDAC, 0xE5CE, 0xE611, 0xE612, 0xEE12,
    0xE612, 0xE612, 0xE612, 0xE612, 0xE612, 0xE612, 0xE612, 0xE612, 0xE612, 0xE612, 0xE612, 0xE612, 0xE612, 0xE612, 0xE612, 0xE632,
    0xEE12, 0xEE32, 0xEE32, 0xEE32, 0xEE32, 0xEE32, 0xEE32, 0xEE32, 0xE632, 0xE632, 0xE632, 0xE632, 0xEE32, 0xEE32, 0xE612, 0xDDB1,
    0xFF31, 0xFF31, 0xFF32, 0xFF53, 0xFF34, 0xFF34, 0xFF55, 0xFF77, 0xFF56, 0xFF57, 0xFF77, 0xFF78, 0xFF78, 0xFF78, 0xFF78, 0xFF78,
    0xFF78, 0xFF78, 0xFF78, 0xFF78, 0xFF57, 0xF717, 0xF737, 0xFF57, 0xFF77, 0xFF77, 0xFF78, 0xFF57, 0xFF57, 0xFF77, 0xFF98, 0xFF98,
    0xFF98, 0xFF36, 0xFF15, 0xFEB3, 0xFE50, 0xEDCE, 0xED8E, 0xF5CE, 0xED8E, 0xD4CB, 0xDCCB, 0xE52C, 0xDCEC, 0xE50C, 0xE56D, 0xE54D,
    0xE54D, 0xED8E, 0xF630, 0xF631, 0xF651, 0xFED2, 0xFEB2, 0xF651, 0xF630, 0xF630, 0xF60F, 0xFE51, 0xFE71, 0xFE91, 0xFE91, 0xFE71,
    0xFE51, 0xFE71, 0xFE72, 0xF651, 0xFE71, 0xF610, 0xE58E, 0xED8D, 0xE54D, 0xE56D, 0xF5CF, 0xFE50, 0xF630, 0xF630, 0xF60F, 0xF60F,
    0xF60F, 0xF5EF, 0xEDEF, 0xEDEF, 0xF5CF, 0xF630, 0xFE50, 0xFE71, 0xFE91, 0xFE71, 0xFE71, 0xFE50, 0xF5CE, 0xF5AE, 0xF5CE, 0xF60F,
    0xF630, 0xFF35, 0xFFB9, 0xFFB8, 0xFFB8, 0xFF98, 0xFF98, 0xFF98, 0xFF98, 0xFF98, 0xFF98, 0xFF98, 0xFF98, 0xFF77, 0xF757, 0xFFB8,
    0xFF97, 0xFF56, 0xFF35, 0xFF36, 0xFF56, 0xFED3, 0xFEB1, 0xFEB2, 0xFEB2, 0xFEF3, 0xFE91, 0xFE70, 0xFE70, 0xFE91, 0xFE91, 0xFE70,
    0xFE70, 0xFE70, 0xFE50, 0xFE90, 0xCCCC, 0x92E7, 0x6962, 0xE5F1, 0xF6B3, 0xF6F5, 0xFF36, 0xFF16, 0xFF37, 0xFF37, 0xFF57, 0xD56F,
    0xE5F2, 0xF6B5, 0xEE95, 0xEE73, 0xE5F1, 0xDD6F, 0xD50D, 0xCCED, 0xE5F1, 0xE612, 0xE612, 0xF6B5, 0x5963, 0x6162, 0xCC8B, 0xC46B,
    0xCD2E, 0xD56F, 0xDD8F, 0xE5D0, 0xE5F1, 0xE5F1, 0xE5F1, 0xE5F1, 0xE5F1, 0xE5F1, 0xE5F1, 0xE5D1, 0xE5D1, 0xE5D1, 0xE5F0, 0xE5D0,
    0xE5F1, 0xE5F1, 0xE5F1, 0xE5F1, 0xE5F1, 0xE5F1, 0xE5F0, 0xE5F0, 0xE5F1, 0xE5F1, 0xE5F1, 0xE5F1, 0xE5F1, 0xE5F1, 0xE5F1, 0xE5F1,
    0xE5F1, 0xE5F1, 0xE5F1, 0xE5F0, 0xE5AC, 0xE5AB, 0xE5AA, 0xED8A, 0xED8A, 0xED8B, 0xED8B, 0xE5CC, 0xEE12, 0xE612, 0xE612, 0xEE11,
    0xE611, 0xE611, 0xE612, 0xE612, 0xE612, 0xE612, 0xE612, 0xE612, 0xE612, 0xE612, 0xE612, 0xE612, 0xEE32, 0xE612, 0xE612, 0xEE32,
    0xEE32, 0xEE32, 0xEE32, 0xEE32, 0xEE32, 0xEE32, 0xEE32, 0xEE32, 0xE632, 0xE632, 0xEE32, 0xEE32, 0xE632, 0xEE53, 0xDDD1, 0x9BA8,
    0xFECF, 0xFEF0, 0xFF31, 0xFF11, 0xFF11, 0xFF12, 0xFF12, 0xFF13, 0xFF15, 0xFF36, 0xFF78, 0xFF78, 0xFF78, 0xFF78, 0xFF78, 0xFF78,
    0xFF78, 0xFF78, 0xFF78, 0xFF78, 0xFF78, 0xF737, 0xF6F6, 0xFF36, 0xFF57, 0xFF78, 0xFF78, 0xFF37, 0xFF57, 0xFF78, 0xFF98, 0xFF98,
    0xFF98, 0xFF36, 0xFF36, 0xFE93, 0xFE50, 0xF630, 0xEDAE, 0xF5CE, 0xED8E, 0xE54D, 0xE56D, 0xED8E, 0xEDCE, 0xF5CF, 0xE56D, 0xE52D,
    0xE54D, 0xEDCF, 0xF5EF, 0xF5F0, 0xFE71, 0xFED3, 0xFEB2, 0xF671, 0xFE51, 0xF650, 0xFE51, 0xFE91, 0xF671, 0xF610, 0xF610, 0xF650,
    0xF610, 0xFE51, 0xFE71, 0xFE51, 0xFE51, 0xFE51, 0xFE50, 0xEDAE, 0xE52C, 0xE54D, 0xEDAE, 0xEDCE, 0xE56D, 0xEDAE, 0xF60F, 0xF60F,
    0xF60F, 0xF5EF, 0xF60F, 0xF60F, 0xF5EF, 0xF630, 0xFE50, 0xFE71, 0xEDCE, 0xE54D, 0xED8E, 0xED8D, 0xED8D, 0xED8D, 0xF5CE, 0xFE30,
    0xFE50, 0xFF56, 0xFFB8, 0xFFB8, 0xFF98, 0xFF98, 0xFF98, 0xFF98, 0xFF98, 0xFF98, 0xFF98, 0xFF97, 0xFF97, 0xFF77, 0xF736, 0xFF98,
    0xFF57, 0xFF15, 0xFEB3, 0xFED3, 0xFF14, 0xFEB2, 0xFE91, 0xFEB1, 0xFEB2, 0xFED2, 0xFEB2, 0xFE50, 0xFE70, 0xFE70, 0xFE70, 0xFE70,
    0xFE70, 0xFE50, 0xFE50, 0xFE2F, 0xFEB0, 0xD4CB, 0x6162, 0xB48D, 0xDDF1, 0xFF37, 0xFF17, 0xFF37, 0xFF37, 0xFF37, 0xFF37, 0xD5B1,
    0xE653, 0xF6B5, 0xEE95, 0xF695, 0xF6B5, 0xE632, 0xD52E, 0xCCED, 0xE5F2, 0xEE53, 0xCD2F, 0x8308, 0x7205, 0x92C6, 0xC44A, 0xBC6B,
    0xCD0D, 0xDD8F, 0xE5F1, 0xE5F1, 0xE5F1, 0xE5F1, 0xE5F1, 0xE5F1, 0xE5F1, 0xE5D1, 0xDDD1, 0xDDD1, 0xDDD1, 0xDDD1, 0xE5F1, 0xDDD0,
    0xDDD0, 0xE5F1, 0xE5F1, 0xE5F1, 0xE5F1, 0xE5F1, 0xE5F1, 0xE5F1, 0xE5F1, 0xE5F1, 0xE5F1, 0xE5F1, 0xE5F1, 0xE5F1, 0xE5F1, 0xE5F1,
    0xE5F1, 0xE5F1, 0xE5F1, 0xE5EF, 0xE5AB, 0xED8B, 0xED8A, 0xE58A, 0xEDAB, 0xED8B, 0xE56B, 0xDD4C, 0xDD8F, 0xE612, 0xE612, 0xE612,
    0xE612, 0xEE12, 0xEE12, 0xE612, 0xE612, 0xE612, 0xE612, 0xE612, 0xE612, 0xE612, 0xE612, 0xE612, 0xE612, 0xEE32, 0xEE32, 0xEE32,
    0xEE32, 0xEE32, 0xEE32, 0xEE32, 0xEE32, 0xEE32, 0xEE32, 0xEE32, 0xE632, 0xE632, 0xE632, 0xE632, 0xE632, 0xEE53, 0xE5F1, 0x9347,
    0xFEEF, 0xFEF0, 0xFF10, 0xFF11, 0xFF11, 0xFED0, 0xFEB0, 0xFED0, 0xFEF3, 0xFF37, 0xFF78, 0xFF78, 0xFF78, 0xFF78, 0xFF78, 0xFF78,
    0xFF78, 0xFF78, 0xFF78, 0xFF78, 0xFF78, 0xFF78, 0xFF78, 0xFF57, 0xFF57, 0xFF98, 0xFF78, 0xFF37, 0xFF98, 0xFF98, 0xFF78, 0xFF98,
    0xFF77, 0xFF77, 0xFF77, 0xFED3, 0xEDAE, 0xE54D, 0xE54D, 0xF5EF, 0xEDCE, 0xE54D, 0xED8E, 0xF5CF, 0xF5EF, 0xEDCF, 0xE54D, 0xE52D,
    0xE54D, 0xF5F0, 0xF610, 0xF610, 0xFE92, 0xFED3, 0xFEB2, 0xFED3, 0xFE71, 0xFE31, 0xFE71, 0xF671, 0xF610, 0xEDAE, 0xEDAE, 0xF630,
    0xF5EF, 0xF610, 0xFE71, 0xF630, 0xFE51, 0xFE71, 0xF60F, 0xEDAE, 0xED8E, 0xED8D, 0xE54C, 0xE52D, 0xE54D, 0xEDAE, 0xF610, 0xF60F,
    0xF60F, 0xF610, 0xFE30, 0xFE50, 0xF650, 0xFE50, 0xFE50, 0xFE50, 0xEDCF, 0xEDAE, 0xF60F, 0xF5EF, 0xF5EF, 0xFE30, 0xFE51, 0xFE51,
    0xFE50, 0xFF56, 0xFF98, 0xFF98, 0xFF98, 0xFF98, 0xFF98, 0xFF98, 0xFF98, 0xFF77, 0xFF57, 0xFF77, 0xFF56, 0xF6F4, 0xFF35, 0xFF76,
    0xFF15, 0xFED3, 0xFEB1, 0xFE91, 0xFE71, 0xFE71, 0xFE91, 0xFED2, 0xFE91, 0xFE91, 0xFE91, 0xFEB1, 0xFE70, 0xFE70, 0xFE70, 0xFE70,
    0xFE70, 0xFE50, 0xFE50, 0xFE30, 0xFE2F, 0xED8D, 0xDCEB, 0x40A0, 0xA3CB, 0xFF98, 0xFEF6, 0xFF17, 0xFF37, 0xFF37, 0xFF37, 0xD5D1,
    0xE653, 0xF6D5, 0xEE95, 0xF695, 0xF6B5, 0xEE33, 0xD52E, 0xC4AD, 0xD590, 0xE5F2, 0xB44C, 0x3880, 0x92C6, 0xCC49, 0xBBE9, 0xD50E,
    0xDD8F, 0xDDB0, 0xE5D1, 0xE5F1, 0xE5F1, 0xE5F1, 0xE5F1, 0xE5F1, 0xE5F1, 0xDDD1, 0xDDD1, 0xDDD1, 0xDDD1, 0xDDD1, 0xE5D1, 0xDDD1,
    0xDDD0, 0xE5F1, 0xE5F1, 0xE5F1, 0xE5F1, 0xE5F1, 0xE5F1, 0xE5F1, 0xE5F1, 0xE5F1, 0xE5F1, 0xE5F1, 0xE5F1, 0xE5F1, 0xE5F1, 0xE5F1,
    0xE5F1, 0xE5F1, 0xE5F1, 0xE5EF, 0xEDAB, 0xEDAB, 0xEDAB, 0xED8B, 0xE5AB, 0xEDAB, 0xDCEA, 0xD4AB, 0xD4CB, 0xDD4D, 0xDD4E, 0xE5F1,
    0xEE12, 0xEE12, 0xEE32, 0xEE32, 0xE612, 0xEE32, 0xEE32, 0xEE32, 0xEE32, 0xEE32, 0xEE32, 0xEE32, 0xE612, 0xE612, 0xEE32, 0xEE32,
    0xEE32, 0xEE32, 0xEE32, 0xEE32, 0xEE32, 0xEE32, 0xEE32, 0xEE32, 0xEE32, 0xE632, 0xE632, 0xE632, 0xEE52, 0xDDB0, 0xA3EA, 0x9347,
    0xFEEF, 0xFEEF, 0xFEEF, 0xFEEF, 0xFEF0, 0xFED0, 0xFEB0, 0xFED0, 0xFF14, 0xFF77, 0xFF78, 0xFF78, 0xFF78, 0xFF78, 0xFF78, 0xFF78,
    0xFF78, 0xFF77, 0xF737, 0xFF77, 0xFF57, 0xFF77, 0xFF98, 0xFF98, 0xFF98, 0xFF98, 0xFF78, 0xFF37, 0xFF78, 0xFF98, 0xFF98, 0xFF57,
    0xFF36, 0xFF15, 0xF6F4, 0xF692, 0xE58E, 0xE52C, 0xF5EF, 0xFE50, 0xEDAE, 0xDD0C, 0xE52C, 0xE54D, 0xE54D, 0xE54D, 0xE54D, 0xE52D,
    0xE54D, 0xF5EF, 0xF5EF, 0xF651, 0xFEF3, 0xFEB3, 0xFEB2, 0xFE92, 0xF60F, 0xEDCF, 0xEDCF, 0xF5CF, 0xF5CF, 0xEDCF, 0xEDEF, 0xF630,
    0xEDEF, 0xFE31, 0xF630, 0xF610, 0xFE51, 0xF630, 0xF610, 0xF630, 0xF610, 0xF5EF, 0xEDAE, 0xEDAE, 0xEDAE, 0xFE92, 0xFE71, 0xF60F,
    0xF60F, 0xF610, 0xF60F, 0xF610, 0xF610, 0xFE30, 0xFE30, 0xF630, 0xFE30, 0xFE30, 0xF630, 0xF60F, 0xF60F, 0xFE71, 0xFE71, 0xFE30,
    0xF650, 0xFF56, 0xFF98, 0xFF98, 0xFF98, 0xFF98, 0xFFB8, 0xFF98, 0xFFB9, 0xFFB8, 0xFF35, 0xFEF4, 0xFEF4, 0xF6B2, 0xFEB2, 0xF6D3,
    0xFED3, 0xFE92, 0xFE91, 0xFEB2, 0xFED2, 0xFED2, 0xFED2, 0xFE91, 0xF630, 0xFE70, 0xFE91, 0xFEB1, 0xFE70, 0xFE50, 0xFE70, 0xFE70,
    0xFE70, 0xFE70, 0xFE71, 0xFE30, 0xFE2F, 0xEDAD, 0xDCEB, 0x7A03, 0xB44C, 0xFF77, 0xFF37, 0xFF17, 0xFF37, 0xFF37, 0xFF37, 0xD5D2,
    0xDDF2, 0xEE74, 0xEE54, 0xEE54, 0xEE54, 0xE5F2, 0xDDB0, 0xCCEE, 0x5122, 0x4902, 0x4902, 0xAB68, 0xC3E8, 0xBBE8, 0xC409, 0xD4EC,
    0xDD8F, 0xE5F1, 0xE5D1, 0xE5F1, 0xE5F1, 0xE5F1, 0xE5F1, 0xE5F1, 0xE5F1, 0xDDD1, 0xDDD1, 0xDDD1, 0xDDD1, 0xE5F1, 0xE5D1, 0xE5D1,
    0xE5D1, 0xE5F1, 0xE5F1, 0xE5F1, 0xE5F1, 0xE5F1, 0xE5F1, 0xE5F1, 0xE5F1, 0xE5F1, 0xE5F1, 0xE5F1, 0xE5F1, 0xE5F1, 0xE5F1, 0xE5F1,
    0xE5F1, 0xE5F1, 0xE5F1, 0xE5EF, 0xEDAB, 0xEDAA, 0xEDAB, 0xEDAB, 0xEDAB, 0xEDAB, 0xDD0B, 0xD4AB, 0xDCCB, 0xDCCB, 0xDCCB, 0xE56E,
    0xE5AF, 0xE5AF, 0xEE11, 0xEE32, 0xEE32, 0xEE32, 0xEE32, 0xEE32, 0xEE32, 0xEE32, 0xEE32, 0xEE32, 0xEE32, 0xEE32, 0xEE32, 0xEE32,
    0xEE32, 0xEE32, 0xEE32, 0xEE32, 0xEE32, 0xEE32, 0xEE32, 0xEE32, 0xEE32, 0xE632, 0xE632, 0xE632, 0xEE73, 0xD5B0, 0x82C6, 0x9B68,
    0xFEEF, 0xFEEF, 0xFEEF, 0xFEEF, 0xFEEF, 0xFEF0, 0xFEF0, 0xFF11, 0xFF13, 0xFF14, 0xFF34, 0xFF57, 0xFF77, 0xFF78, 0xFF78, 0xFF78,
    0xFF57, 0xFF57, 0xFF36, 0xFF37, 0xF6F5, 0xF716, 0xFF36, 0xFF57, 0xFF37, 0xFF57, 0xFF37, 0xFF57, 0xFF77, 0xFF77, 0xFF78, 0xFF57,
    0xFF57, 0xF6D5, 0xEE31, 0xEDCF, 0xF5EF, 0xF60F, 0xF60F, 0xF630, 0xF5EF, 0xED8E, 0xDD0C, 0xDD0C, 0xE50C, 0xE52C, 0xE52D, 0xE54D,
    0xE54D, 0xEDAE, 0xEDEF, 0xF671, 0xFED3, 0xFEB2, 0xFE71, 0xF610, 0xF5CF, 0xEDCF, 0xEDCF, 0xEDCF, 0xF5CF, 0xF5EF, 0xF610, 0xF630,
    0xF610, 0xF610, 0xF610, 0xF610, 0xF610, 0xF630, 0xFE30, 0xF5EF, 0xEDCF, 0xEDCF, 0xF60F, 0xF610, 0xF630, 0xFEB2, 0xFE71, 0xF630,
    0xF610, 0xF60F, 0xF60F, 0xF610, 0xF630, 0xF610, 0xF610, 0xFE30, 0xF60F, 0xF5EF, 0xF5EF, 0xF5EE, 0xF5EE, 0xF60F, 0xF60F, 0xF60F,
    0xF651, 0xFF56, 0xFFB8, 0xFFB8, 0xFFB8, 0xFFB8, 0xFFB8, 0xFF98, 0xFF36, 0xFF36, 0xFEF3, 0xFE91, 0xFEB2, 0xFEB2, 0xF630, 0xFE50,
    0xFE71, 0xFE71, 0xFE91, 0xFEB1, 0xFEF2, 0xFED2, 0xFEB1, 0xFE71, 0xFE50, 0xFE71, 0xFE71, 0xF630, 0xF60F, 0xFE50, 0xFE70, 0xFE70,
    0xFE70, 0xFE70, 0xFE70, 0xFE2F, 0xFE30, 0xED8D, 0xE52C, 0xED6D, 0x92C7, 0x71E5, 0xAC2C, 0xFF58, 0xFF57, 0xFF58, 0xFF58, 0xE5F2,
    0xD590, 0xDDD1, 0xDDD1, 0xDDD1, 0xDDD1, 0xE612, 0xBCCE, 0x7226, 0x71C3, 0x7203, 0x92A5, 0xC409, 0xC429, 0xC429, 0xC429, 0xD46A,
    0xDD2D, 0xE5F1, 0xE5F1, 0xE5F1, 0xE5F1, 0xE5F1, 0xE5F1, 0xE5F1, 0xE5F1, 0xE5F1, 0xDDD1, 0xDDD1, 0xDDD1, 0xE5F1, 0xE5F1, 0xE5F1,
    0xE5F1, 0xE5F1, 0xE5F1, 0xE5F1, 0xE5F1, 0xE5F1, 0xE5F1, 0xE5F1, 0xE5F1, 0xE5F1, 0xE5F1, 0xE5F1, 0xE5F1, 0xE5F1, 0xE5F1, 0xE5F1,
    0xE5F1, 0xE5F1, 0xE5EF, 0xE5CD, 0xEDAA, 0xEDAA, 0xEDAB, 0xEDAB, 0xE58B, 0xE58B, 0xDD0B, 0xD4AB, 0xD4CB, 0xDCCB, 0xD4CB, 0xD4EB,
    0xDCEB, 0xD4EB, 0xE58F, 0xE5D0, 0xE5F0, 0xEE32, 0xEE32, 0xEE32, 0xEE32, 0xEE32, 0xEE32, 0xEE32, 0xEE32, 0xEE32, 0xEE32, 0xEE32,
    0xEE32, 0xEE32, 0xEE32, 0xEE32, 0xEE32, 0xEE32, 0xEE32, 0xEE32, 0xEE32, 0xEE32, 0xEE32, 0xEE32, 0xDDB0, 0xB44B, 0x9B88, 0xABE9,
    0xFECF, 0xFED0, 0xFEF0, 0xFECF, 0xFECF, 0xFECF, 0xFF11, 0xFF11, 0xFEF0, 0xFF11, 0xFF11, 0xFF14, 0xFF55, 0xFF78, 0xFF78, 0xFF77,
    0xFF57, 0xFF57, 0xFF57, 0xFF36, 0xF6F5, 0xF715, 0xF716, 0xFF57, 0xFF36, 0xFF36, 0xF736, 0xFF57, 0xFF57, 0xFF57, 0xFF78, 0xFF57,
    0xFF57, 0xF6F5, 0xEE52, 0xEDEF, 0xFE50, 0xFE51, 0xEDEF, 0xF610, 0xF610, 0xEDAE, 0xDD2C, 0xDD2C, 0xDD2C, 0xDD2C, 0xED8E, 0xF5CF,
    0xEDCF, 0xEDEF, 0xF5EF, 0xF610, 0xF610, 0xF610, 0xF610, 0xF610, 0xF5EF, 0xEDCF, 0xEDCF, 0xEDCF, 0xF5CF, 0xF610, 0xF610, 0xF610,
    0xF610, 0xF5F0, 0xF610, 0xF610, 0xF630, 0xF630, 0xFE30, 0xF60F, 0xEDCF, 0xEDEF, 0xF5EF, 0xF60F, 0xF610, 0xF630, 0xF630, 0xF630,
    0xF610, 0xF610, 0xF610, 0xF610, 0xF630, 0xF610, 0xF610, 0xF630, 0xF5CF, 0xE52C, 0xED8D, 0xF5EF, 0xEDCE, 0xED6D, 0xEDAE, 0xEDEF,
    0xF692, 0xFF56, 0xFF57, 0xFF57, 0xFF57, 0xFF56, 0xFF15, 0xFF35, 0xFEF3, 0xFEB2, 0xFEB2, 0xFE91, 0xFEB1, 0xFE91, 0xF610, 0xFE71,
    0xFE91, 0xFE91, 0xFE91, 0xFE71, 0xFEB2, 0xFEB2, 0xF650, 0xFE51, 0xFE51, 0xFE71, 0xFE70, 0xFE70, 0xFE70, 0xFE70, 0xFE70, 0xFE70,
    0xFE50, 0xFE70, 0xFE70, 0xFE70, 0xFE91, 0xEDAE, 0xE50B, 0xE52C, 0xE50C, 0x9AE6, 0x8266, 0xF6D6, 0xEE95, 0xEE95, 0xE695, 0xC50F,
    0xC4EE, 0xCD2F, 0xCD2F, 0xCD2F, 0xC50F, 0xD570, 0x9BAA, 0x3840, 0xBBC9, 0xCC69, 0xCC49, 0xC408, 0xC408, 0xC428, 0xC429, 0xD48A,
    0xDD4E, 0xE5D1, 0xE5D1, 0xE5F1, 0xE5F1, 0xE5F1, 0xE5F1, 0xE5F1, 0xE5F1, 0xE5F1, 0xE5F1, 0xE5F1, 0xE5F1, 0xE5F1, 0xE5F1, 0xE5F1,
    0xE5F1, 0xE5F1, 0xE5F1, 0xE5F1, 0xE5F1, 0xE5F1, 0xE5F1, 0xE5F1, 0xE5F1, 0xE5F1, 0xE5F1, 0xE5F1, 0xE5F1, 0xE5F1, 0xE5F1, 0xE5F1,
    0xE5F1, 0xE5F0, 0xE5CC, 0xEDAB, 0xEDAA, 0xEDAA, 0xEDAB, 0xEDAB, 0xE54B, 0xDD0B, 0xDCEB, 0xD4AB, 0xD4CB, 0xD4CB, 0xD4CB, 0xD4CB,
    0xD4AB, 0xD4CB, 0xD4CB, 0xDD0C, 0xE5AF, 0xEDCF, 0xE5CF, 0xE5CF, 0xEE11, 0xEE53, 0xEE32, 0xEE32, 0xEE32, 0xEE32, 0xEE32, 0xEE32,
    0xEE32, 0xEE32, 0xEE32, 0xEE32, 0xEE32, 0xEE32, 0xEE32, 0xEE32, 0xEE32, 0xEE32, 0xE632, 0xEE52, 0xD56F, 0x8AE5, 0x9B67, 0xAC09,
    0xFF11, 0xFF31, 0xFEF0, 0xFEAF, 0xFEAF, 0xFEF0, 0xFF31, 0xFF11, 0xFECF, 0xFED0, 0xFF11, 0xFF11, 0xFF33, 0xFF56, 0xFF57, 0xFF58,
    0xFF57, 0xFF57, 0xFF57, 0xF736, 0xF716, 0xFF78, 0xFF78, 0xFF57, 0xFF37, 0xF716, 0xF736, 0xFF57, 0xFF37, 0xFF57, 0xFF78, 0xFF78,
    0xFF77, 0xFF57, 0xF693, 0xEDF0, 0xEDCF, 0xEDAE, 0xEDAF, 0xF630, 0xF630, 0xF5EF, 0xF5EF, 0xF5CF, 0xF5CF, 0xEDCF, 0xF5EF, 0xF5EF,
    0xF5EF, 0xF5EF, 0xF5EF, 0xF5EF, 0xF5EF, 0xF60F, 0xF60F, 0xF60F, 0xF5EF, 0xF5EF, 0xF60F, 0xF60F, 0xF5EF, 0xF5EF, 0xF5EF, 0xF60F,
    0xF610, 0xF610, 0xF610, 0xF630, 0xF630, 0xFE30, 0xFE30, 0xF610, 0xEDAE, 0xEDCE, 0xF5EF, 0xF60F, 0xF60F, 0xF5EF, 0xF5EF, 0xF5EF,
    0xF5EF, 0xF60F, 0xF60F, 0xF610, 0xF610, 0xF610, 0xF630, 0xF5EF, 0xED6D, 0xED4D, 0xED8D, 0xF651, 0xFE92, 0xEE30, 0xF6F4, 0xFF14,
    0xFF14, 0xFF36, 0xFEF5, 0xFEF4, 0xFF15, 0xFF15, 0xF651, 0xF651, 0xFED2, 0xFEB2, 0xFEB2, 0xFE71, 0xFE71, 0xFE71, 0xFE70, 0xFED2,
    0xFEB1, 0xFE91, 0xFE91, 0xFE70, 0xFE91, 0xFE91, 0xF650, 0xFE50, 0xFE50, 0xFE71, 0xFEB1, 0xFEB1, 0xFE50, 0xFE70, 0xFE70, 0xFE50,
    0xF60F, 0xFE70, 0xFE70, 0xFE70, 0xF62F, 0xE56D, 0xE52C, 0xE52D, 0xED2C, 0xE54C, 0xC46B, 0x5122, 0x5122, 0x5122, 0x5122, 0x50E1,
    0x50E1, 0x50E1, 0x50E1, 0x50E1, 0x5101, 0x48E1, 0x6162, 0xAB68, 0xBBE8, 0xC408, 0xC408, 0xC408, 0xC409, 0xC408, 0xC429, 0xD48A,
    0xDD4D, 0xE5D1, 0xE5D1, 0xE5F1, 0xE5F1, 0xE5F1, 0xE5F1, 0xE5F1, 0xE5F1, 0xE5F1, 0xE5F1, 0xE5F1, 0xE5F1, 0xE5F1, 0xE5F1, 0xE5F1,
    0xE5F1, 0xE5F1, 0xE5F1, 0xE5F1, 0xE5F1, 0xE5F1, 0xE5F1, 0xE5F1, 0xE5F1, 0xE5F1, 0xE5F1, 0xE5F1, 0xE5F1, 0xE5F1, 0xE5F1, 0xE5F1,
    0xE5F1, 0xE5F0, 0xE5CC, 0xEDCB, 0xEDAB, 0xEDAB, 0xEDAB, 0xEDCB, 0xE54B, 0xD4AB, 0xD4CA, 0xD4CB, 0xD4CB, 0xD4CB, 0xDCCB, 0xDCCB,
    0xDCCB, 0xD4CB, 0xD4AB, 0xDCCB, 0xDCEB, 0xDCEB, 0xE56C, 0xE56C, 0xEDAE, 0xE5F0, 0xE5D0, 0xE5F0, 0xEE32, 0xEE33, 0xEE32, 0xEE32,
    0xEE32, 0xEE32, 0xEE33, 0xEE32, 0xEE32, 0xEE53, 0xEE32, 0xEE32, 0xEE32, 0xEE32, 0xE632, 0xE632, 0xE5D1, 0x9B67, 0x9B88, 0xAC09,
    0xFF12, 0xFF11, 0xFEAF, 0xFEAF, 0xFEAF, 0xFF10, 0xFF31, 0xFEF0, 0xFEAF, 0xFEAF, 0xFEF1, 0xFEF1, 0xFEF1, 0xFF12, 0xFF56, 0xFF56,
    0xFF35, 0xFF56, 0xFF77, 0xFF77, 0xFF78, 0xFF98, 0xFF78, 0xFF57, 0xFF37, 0xF716, 0xFF57, 0xFF78, 0xFF77, 0xFF77, 0xFF78, 0xFF77,
    0xFF78, 0xFF57, 0xFEF5, 0xEE10, 0xE56D, 0xE56D, 0xED8E, 0xF5EF, 0xEDCF, 0xF5EF, 0xF5EF, 0xF5EF, 0xF5EF, 0xF5EF, 0xF5EF, 0xF5EF,
    0xF5CF, 0xF5EF, 0xF5EF, 0xF60F, 0xF610, 0xF60F, 0xF60F, 0xF60F, 0xF60F, 0xF60F, 0xF60F, 0xF60F, 0xF60F, 0xF5EF, 0xF5EF, 0xEDEF,
    0xF5EF, 0xF5EF, 0xF5EF, 0xF5F0, 0xFE30, 0xFE30, 0xFE50, 0xF630, 0xED8E, 0xEDAE, 0xF60F, 0xF610, 0xF610, 0xF60F, 0xF610, 0xF60F,
    0xF60F, 0xF60F, 0xF60F, 0xF60F, 0xF610, 0xF610, 0xF630, 0xF610, 0xF630, 0xF651, 0xF651, 0xFED3, 0xFF35, 0xFF56, 0xFFD8, 0xFF77,
    0xFF56, 0xFF56, 0xFEF4, 0xF671, 0xFE51, 0xFE71, 0xF62F, 0xF62F, 0xFEB1, 0xFEB2, 0xFEB1, 0xFE91, 0xFE91, 0xFE91, 0xFE91, 0xFEB2,
    0xFE91, 0xFE91, 0xFEB1, 0xFE91, 0xFE71, 0xF630, 0xF650, 0xFE91, 0xFE71, 0xFE71, 0xFE91, 0xFE70, 0xFE2F, 0xFE2F, 0xFE50, 0xFE30,
    0xFE2F, 0xFE70, 0xFE70, 0xFE91, 0xF5EE, 0xE50C, 0xE52C, 0xE52C, 0xE50C, 0xE54C, 0xDCEB, 0xB3C9, 0xAB68, 0xA347, 0xAB67, 0xB388,
    0xB388, 0xB388, 0xB388, 0xB388, 0xB388, 0xB387, 0xB388, 0xCC29, 0xC408, 0xC408, 0xC429, 0xCC49, 0xCC49, 0xCC49, 0xCC49, 0xCC69,
    0xCC8A, 0xD50D, 0xE5F1, 0xE5F1, 0xE5F1, 0xE5F1, 0xE5F1, 0xE5F1, 0xE5F1, 0xE5F1, 0xE5F1, 0xE5F1, 0xE5F1, 0xE5F1, 0xE5F1, 0xE5F1,
    0xE5F1, 0xE5F1, 0xE5F1, 0xE5F1, 0xE5F1, 0xE5F1, 0xE5F1, 0xE5F1, 0xE5F1, 0xE5F1, 0xE5F1, 0xE5F1, 0xE5F1, 0xE5F1, 0xE611, 0xE5F1,
    0xE5F0, 0xE5CE, 0xEDCB, 0xEDCB, 0xEDAB, 0xEDCB, 0xEDCB, 0xEDCB, 0xE56B, 0xDCCB, 0xD4CB, 0xD4CB, 0xD4CB, 0xDCCB, 0xDCCB, 0xDCCB,
    0xDCCB, 0xDCAB, 0xDCCB, 0xD4AB, 0xD4AA, 0xD4AB, 0xE54C, 0xE54C, 0xED4C, 0xE54C, 0xE54C, 0xE56D, 0xEE11, 0xEE32, 0xEE52, 0xEE52,
    0xEE33, 0xEE33, 0xEE52, 0xEE53, 0xEE32, 0xEE53, 0xEE32, 0xEE32, 0xEE32, 0xEE32, 0xEE32, 0xEE32, 0xD56F, 0xA3C8, 0xAC0A, 0xAC09,
    0xFEB1, 0xFEF2, 0xFEF2, 0xFEF1, 0xFEF1, 0xFEF0, 0xFED0, 0xFEAF, 0xFEAF, 0xFEAF, 0xFED0, 0xFEF0, 0xFEF0, 0xFF12, 0xFF33, 0xFF11,
    0xFF12, 0xFF36, 0xFF77, 0xFF77, 0xFF77, 0xFF78, 0xFF78, 0xFF77, 0xFF57, 0xFF57, 0xFF78, 0xFF78, 0xFF57, 0xF757, 0xFF78, 0xFF78,
    0xFF78, 0xFF57, 0xF6F5, 0xEE51, 0xF610, 0xEDCF, 0xE56D, 0xE56D, 0xE56D, 0xF5CF, 0xF5EF, 0xF5EF, 0xF5EF, 0xF5EF, 0xF5EF, 0xF5EF,
    0xF5CF, 0xF5EF, 0xEDAE, 0xEDAE, 0xF5EF, 0xF60F, 0xF60F, 0xF60F, 0xF5EF, 0xF60F, 0xF60F, 0xF60F, 0xF5EF, 0xF5EF, 0xEDEF, 0xEDEF,
    0xEDEF, 0xF5EF, 0xF5EF, 0xF5EF, 0xFE30, 0xFE30, 0xFE50, 0xFE30, 0xF630, 0xF630, 0xF630, 0xF630, 0xF650, 0xFE71, 0xF650, 0xF610,
    0xF60F, 0xF60F, 0xF60F, 0xF60F, 0xF610, 0xF630, 0xF60F, 0xF60F, 0xFF14, 0xFF77, 0xFF56, 0xFF35, 0xFF35, 0xFF77, 0xFFB8, 0xFFB8,
    0xFFB8, 0xFF76, 0xFED3, 0xFE71, 0xFE50, 0xFE50, 0xFE50, 0xFE70, 0xFE91, 0xF650, 0xFE91, 0xFED2, 0xFEB1, 0xFE91, 0xFE91, 0xFEB1,
    0xFE91, 0xFEB1, 0xFEF2, 0xFE91, 0xF62F, 0xF5EF, 0xFE91, 0xFEB1, 0xFE91, 0xFE70, 0xFE70, 0xFE50, 0xFE0F, 0xF60F, 0xF60F, 0xF60F,
    0xFE50, 0xFE50, 0xF60F, 0xF60F, 0xF5EF, 0xE54D, 0xE54D, 0xE52C, 0xE52C, 0xE52C, 0xE52C, 0xE54C, 0xDCCB, 0xD4CB, 0xDCCB, 0xCC49,
    0xCC29, 0xCC29, 0xCC29, 0xCC29, 0xCC29, 0xCC29, 0xCC29, 0xC408, 0xC409, 0xCC29, 0xCC49, 0xD4AB, 0xD48A, 0xCC49, 0xCC49, 0xCC49,
    0xCC49, 0xD48A, 0xDDAF, 0xE5F1, 0xE5F1, 0xE5F1, 0xE5F1, 0xE5F1, 0xE5F1, 0xE5F1, 0xE5F1, 0xE5F1, 0xE5F1, 0xE5F1, 0xE5F1, 0xE5F1,
    0xE5F1, 0xE5F1, 0xE5F1, 0xE5F1, 0xE5F1, 0xE5F1, 0xE5F1, 0xE5F1, 0xE5F1, 0xE5F1, 0xE5F1, 0xE611, 0xE5F1, 0xE5F1, 0xE611, 0xE611,
    0xE5CE, 0xEDAB, 0xEDCB, 0xEDCB, 0xEDCB, 0xEDCB, 0xE58B, 0xE56C, 0xE52C, 0xDCCB, 0xD4CB, 0xD4CB, 0xD4CB, 0xDCCB, 0xDCCB, 0xDCCB,
    0xD4AB, 0xD4AB, 0xD4AB, 0xD4AB, 0xDCCB, 0xD4AB, 0xD4CB, 0xD4CB, 0xE56C, 0xE56D, 0xE56C, 0xED6C, 0xE56C, 0xE5AF, 0xEDF0, 0xEDF0,
    0xEE11, 0xEE33, 0xEE53, 0xEE53, 0xEE53, 0xEE53, 0xEE53, 0xEE32, 0xEE32, 0xEE32, 0xEE32, 0xEE32, 0xAC0A, 0xA3A8, 0xAC0A, 0xAC0A,
    0xFEB1, 0xFEF2, 0xFEF2, 0xFEF2, 0xFEF1, 0xFECF, 0xFEAF, 0xFEAF, 0xFEAF, 0xFED0, 0xFED0, 0xFEF0, 0xFEF0, 0xFEF0, 0xFEF0, 0xFEF0,
    0xFF13, 0xFF57, 0xF736, 0xF6F5, 0xF736, 0xFF57, 0xF716, 0xFF57, 0xFF57, 0xFF78, 0xFF78, 0xFF78, 0xFF57, 0xFF57, 0xFF77, 0xFF57,
    0xFF58, 0xFF57, 0xFF16, 0xFEF4, 0xEDF0, 0xEDAE, 0xE56E, 0xED8E, 0xED8E, 0xEDAE, 0xEDAE, 0xEDAE, 0xEDAE, 0xF5CF, 0xF5EF, 0xF5CF,
    0xF5EF, 0xF5EF, 0xEDAE, 0xEDAE, 0xF5EF, 0xF60F, 0xF5EF, 0xF5EF, 0xF5EF, 0xEDCE, 0xEDCE, 0xEDCF, 0xEDCF, 0xEDAE, 0xE58D, 0xEDEF,
    0xF5EF, 0xF5EF, 0xF5EF, 0xEDEF, 0xEDCF, 0xF60F, 0xF650, 0xFE50, 0xFE51, 0xFE50, 0xF650, 0xF650, 0xF650, 0xFE71, 0xF630, 0xF60F,
    0xF630, 0xF630, 0xF5EF, 0xF630, 0xFEF4, 0xFF35, 0xF6D3, 0xF6D3, 0xFF56, 0xFF56, 0xFF36, 0xFF77, 0xFF98, 0xFF98, 0xFFB8, 0xFF98,
    0xFF97, 0xFF97, 0xFEF4, 0xFE91, 0xFE50, 0xFE70, 0xFE91, 0xFE91, 0xFEB1, 0xFE71, 0xFE91, 0xFEB1, 0xFE91, 0xFE91, 0xFE71, 0xFE91,
    0xFEB2, 0xFED2, 0xFED2, 0xF630, 0xEDAE, 0xEDCF, 0xFEB2, 0xFEB2, 0xFE91, 0xFE71, 0xFE70, 0xF5EF, 0xF5CE, 0xF630, 0xFE30, 0xEDAE,
    0xEDAE, 0xEDCF, 0xED8D, 0xEDAE, 0xFE2F, 0xFE50, 0xF60F, 0xE52C, 0xE52C, 0xE52C, 0xE50C, 0xDD0C, 0xE50C, 0xE52C, 0xDD0C, 0xCC49,
    0xCC49, 0xCC29, 0xCC29, 0xCC29, 0xCC29, 0xCC29, 0xCC29, 0xC429, 0xCC6A, 0xD4AB, 0xD4AA, 0xD4AB, 0xD48A, 0xCC49, 0xCC49, 0xCC49,
    0xCC69, 0xCC69, 0xCC8A, 0xE5F0, 0xE5F1, 0xE5F1, 0xE5F1, 0xE611, 0xE5F1, 0xE5F1, 0xE5F1, 0xE5F1, 0xE5F1, 0xE5F1, 0xE5F1, 0xE5F1,
    0xE5F1, 0xE5F1, 0xE5F1, 0xE5F1, 0xE5F1, 0xE5F1, 0xE611, 0xE611, 0xE611, 0xE5F2, 0xE611, 0xE611, 0xE611, 0xE611, 0xE5F0, 0xE5EF,
    0xEDCD, 0xEDCB, 0xEDCB, 0xEDCB, 0xEDCA, 0xEDCB, 0xE56B, 0xE54C, 0xDD0B, 0xD4CB, 0xDCCB, 0xD4CB, 0xD4CB, 0xD4CB, 0xD4CB, 0xD4CB,
    0xD4AB, 0xD4AB, 0xD4AB, 0xD4AB, 0xD4AB, 0xD4AB, 0xD4AA, 0xD4AA, 0xE52C, 0xE54C, 0xE54C, 0xE54C, 0xE54C, 0xE54C, 0xE56C, 0xE54C,
    0xEDCF, 0xEE32, 0xEE32, 0xEE33, 0xEE53, 0xEE53, 0xEE32, 0xEE32, 0xEE32, 0xEE32, 0xEE32, 0xEE32, 0xAC0A, 0xA3A8, 0xB40A, 0xAC09,
    0xFEF3, 0xFF35, 0xFF35, 0xFF14, 0xF6F3, 0xFF13, 0xFEF1, 0xFEAF, 0xFEAF, 0xFF11, 0xFF31, 0xFF11, 0xFEF1, 0xFEF0, 0xFEF0, 0xFEF0,
    0xFF34, 0xFF56, 0xFF36, 0xFF36, 0xFF58, 0xFF77, 0xFF37, 0xFF57, 0xFF57, 0xFF78, 0xFF78, 0xFF57, 0xFF57, 0xFF57, 0xFF77, 0xF716,
    0xFF57, 0xFF78, 0xFF78, 0xFF36, 0xE5AF, 0xED8E, 0xED8E, 0xE56D, 0xE56D, 0xEDAE, 0xEDAE, 0xEDAE, 0xEDAE, 0xEDAE, 0xEDAE, 0xEDAE,
    0xF5EF, 0xF5EF, 0xF5EF, 0xF5EF, 0xF5EF, 0xF5EF, 0xF5EF, 0xF5EF, 0xF5EF, 0xEDCF, 0xEDCF, 0xEDAE, 0xED8E, 0xE58D, 0xEDAE, 0xEDCE,
    0xE5AE, 0xEDAE, 0xEDCF, 0xEDCF, 0xEDCF, 0xF630, 0xFE91, 0xF671, 0xFE71, 0xFE71, 0xFEB2, 0xF650, 0xF630, 0xF651, 0xF630, 0xF670,
    0xFED3, 0xFED3, 0xF672, 0xF692, 0xFF36, 0xFF56, 0xFF56, 0xFF56, 0xFF77, 0xFF77, 0xFF77, 0xFFB8, 0xFF98, 0xFFB8, 0xFFB8, 0xFF77,
    0xFF98, 0xFF98, 0xFF98, 0xFEF3, 0xFE50, 0xFE30, 0xF60F, 0xF630, 0xFE91, 0xFE91, 0xFE91, 0xFE91, 0xFE71, 0xFE91, 0xFE71, 0xFE71,
    0xFE91, 0xFED2, 0xFEB2, 0xFE30, 0xF650, 0xFEB2, 0xFED2, 0xFEB2, 0xF630, 0xFE50, 0xFE70, 0xF60F, 0xF5CE, 0xF630, 0xFE50, 0xF60F,
    0xF60F, 0xFE71, 0xFE91, 0xFE70, 0xFE2F, 0xFE50, 0xF62F, 0xDD0C, 0xE50C, 0xE52C, 0xE52C, 0xE50C, 0xDD0C, 0xDD0C, 0xDD0C, 0xDD0C,
    0xDD0B, 0xD4AA, 0xD46A, 0xDCCB, 0xDCEC, 0xD4AB, 0xD4AB, 0xDCCB, 0xD4CA, 0xD4AB, 0xD4AB, 0xD4AB, 0xD48A, 0xCC6A, 0xCC6A, 0xCC69,
    0xCC69, 0xCC69, 0xD48A, 0xE5F0, 0xE5F1, 0xE611, 0xE611, 0xE611, 0xE611, 0xE5F1, 0xE5F1, 0xE5F1, 0xE5F1, 0xE5F1, 0xE5F1, 0xE5F1,
    0xE611, 0xE5F1, 0xE5F1, 0xE5F1, 0xE5F1, 0xE611, 0xE611, 0xE611, 0xE611, 0xE612, 0xE611, 0xE611, 0xE611, 0xE610, 0xEDED, 0xEDEC,
    0xEDEC, 0xEDCB, 0xEDCB, 0xEDCB, 0xEDCB, 0xEDCB, 0xE56B, 0xDD0C, 0xDCEB, 0xDCEB, 0xDCCB, 0xDCCB, 0xDCCB, 0xD4CB, 0xD4CB, 0xD4CB,
    0xDCCB, 0xDCCB, 0xDCAB, 0xD4AB, 0xD4AB, 0xD4AB, 0xDCCB, 0xD4CB, 0xDCCB, 0xDCEB, 0xDCEB, 0xDCEB, 0xDCEB, 0xDD0B, 0xE50C, 0xE50C,
    0xE54D, 0xE58E, 0xE5AF, 0xEE52, 0xEE53, 0xEE32, 0xEE33, 0xEE32, 0xEE32, 0xEE32, 0xEE32, 0xEE32, 0xAC2A, 0xA3A8, 0xB40A, 0xABE9,
    0xFF36, 0xFF57, 0xFF57, 0xFF56, 0xFF36, 0xFF56, 0xFF14, 0xFED1, 0xFEF1, 0xFF31, 0xFF32, 0xFF11, 0xFEF1, 0xFEF0, 0xFEF0, 0xFEF0,
    0xFF11, 0xFF12, 0xFEF2, 0xFF56, 0xFF99, 0xFF98, 0xFF98, 0xFF98, 0xFF98, 0xFF78, 0xFF78, 0xFF57, 0xFF37, 0xFF57, 0xFF57, 0xF736,
    0xFF57, 0xFF58, 0xFF78, 0xFF36, 0xF652, 0xF630, 0xEDAE, 0xE52C, 0xE52C, 0xEDAE, 0xEDCE, 0xEDCE, 0xEDCF, 0xF5CF, 0xEDCF, 0xF5CF,
    0xF5EF, 0xF5EF, 0xF5EF, 0xF5EF, 0xF5EF, 0xF5EF, 0xF5EF, 0xF5EF, 0xEDEF, 0xEDEF, 0xF5EF, 0xEDAE, 0xE56D, 0xE56D, 0xEDAE, 0xEDCE,
    0xEDCE, 0xF5EF, 0xF5EF, 0xF5EF, 0xEDCE, 0xF630, 0xFE51, 0xF651, 0xFE71, 0xFE71, 0xFEB2, 0xF630, 0xF671, 0xFF76, 0xFF56, 0xFF56,
    0xFF56, 0xFF77, 0xFF77, 0xFF57, 0xFF77, 0xFF56, 0xFF36, 0xFF77, 0xFF98, 0xFFB8, 0xFFB8, 0xFF98, 0xFF98, 0xFFB8, 0xFFB8, 0xFF98,
    0xFF98, 0xFFB8, 0xFF97, 0xFEB2, 0xFE50, 0xF62F, 0xF62F, 0xF60F, 0xF630, 0xF630, 0xFE71, 0xFE91, 0xFE71, 0xFE71, 0xF650, 0xFE50,
    0xFE70, 0xFEB2, 0xFE92, 0xFE91, 0xFEB2, 0xFEB2, 0xFEB2, 0xFE71, 0xFE30, 0xFE30, 0xFE30, 0xFE30, 0xF5CF, 0xF60F, 0xFE70, 0xFE70,
    0xFE71, 0xFE50, 0xFE91, 0xFE50, 0xFE30, 0xFE50, 0xF60F, 0xE54D, 0xE56D, 0xE52C, 0xDD0C, 0xDD0C, 0xDD0C, 0xE50C, 0xE50C, 0xDD2C,
    0xDD2C, 0xD48A, 0xD46A, 0xDCEB, 0xDD0C, 0xD4AA, 0xD4AA, 0xDCEB, 0xDCEB, 0xD4AB, 0xD4AB, 0xD4AB, 0xD4AB, 0xDCAB, 0xD48A, 0xCC69,
    0xCC6A, 0xCC6A, 0xD48A, 0xE5AF, 0xEE31, 0xE611, 0xE611, 0xE611, 0xE611, 0xE5F1, 0xE611, 0xE611, 0xE611, 0xE5F1, 0xE5F1, 0xE5F1,
    0xE5F1, 0xE5F1, 0xE5F1, 0xE5F1, 0xE5F1, 0xE611, 0xE611, 0xE611, 0xE611, 0xE611, 0xE612, 0xE611, 0xE611, 0xE5F0, 0xEDED, 0xEDAB,
    0xEDAA, 0xEDAA, 0xED8A, 0xEDAA, 0xEDAB, 0xEDCB, 0xE54B, 0xD4CB, 0xD4CB, 0xD4AB, 0xD48A, 0xD4AA, 0xD4AA, 0xD4AA, 0xD4AB, 0xD48A,
    0xD489, 0xD489, 0xD48A, 0xD48A, 0xD4AA, 0xD4CB, 0xD4AA, 0xD489, 0xD4AA, 0xDCAA, 0xDCEB, 0xD4AA, 0xD4AA, 0xDCEA, 0xDCEB, 0xDCEB,
    0xDD0C, 0xE54D, 0xE56D, 0xEE11, 0xEE52, 0xEE32, 0xEE11, 0xEE12, 0xEE12, 0xE612, 0xDDB0, 0xA3E9, 0xA388, 0xABE9, 0xAC09, 0xABE9,
    0xFF57, 0xFF37, 0xFF37, 0xFF77, 0xF736, 0xFEF5, 0xFF15, 0xFEF4, 0xFF34, 0xFF12, 0xFEF0, 0xFEF1, 0xFF11, 0xFF11, 0xFEF0, 0xFEF0,
    0xFEF0, 0xFEF0, 0xFEEF, 0xFF13, 0xFF35, 0xFF35, 0xFF56, 0xFF37, 0xF736, 0xF716, 0xFF37, 0xFF57, 0xFF57, 0xFF58, 0xFF57, 0xFF57,
    0xFF78, 0xFF58, 0xFF58, 0xFF57, 0xFEF5, 0xF672, 0xF630, 0xF60F, 0xED6D, 0xED8E, 0xED8E, 0xEDAE, 0xEDAF, 0xF5CF, 0xF5EF, 0xF5EF,
    0xF5EF, 0xF5EF, 0xF5EF, 0xF5EF, 0xF5EF, 0xF5EF, 0xF5EF, 0xF5EF, 0xF5EF, 0xF5EF, 0xF60F, 0xF5EF, 0xF5EF, 0xEDAE, 0xED8E, 0xEDCF,
    0xEDEF, 0xF5EF, 0xF610, 0xF60F, 0xE5AE, 0xEDCF, 0xF5EF, 0xF60F, 0xFE50, 0xFE50, 0xFE71, 0xFED3, 0xFEF4, 0xFF56, 0xFF77, 0xFF98,
    0xFF98, 0xFF77, 0xFF77, 0xFF77, 0xFF57, 0xFF36, 0xFF36, 0xFF97, 0xFF98, 0xFF98, 0xFF98, 0xFF98, 0xFF98, 0xFFB8, 0xFF98, 0xFF57,
    0xFF77, 0xFF77, 0xFF77, 0xFEB3, 0xFE50, 0xF630, 0xF630, 0xFE50, 0xFE50, 0xEDEF, 0xF630, 0xFE30, 0xF630, 0xFE50, 0xFE50, 0xF630,
    0xF630, 0xFE71, 0xFE91, 0xFE91, 0xFE91, 0xFE91, 0xFE51, 0xFE30, 0xFE30, 0xFE0F, 0xFE0F, 0xF60F, 0xF5EF, 0xF630, 0xFE71, 0xFE91,
    0xFE71, 0xF630, 0xFE71, 0xFE50, 0xFE50, 0xFE50, 0xFE30, 0xFE30, 0xFE30, 0xE52C, 0xE52C, 0xE50C, 0xE50C, 0xE50C, 0xDD0C, 0xE50C,
    0xDD0C, 0xDCEB, 0xDCEB, 0xDD0C, 0xDD0C, 0xD4CB, 0xD4CB, 0xDD0B, 0xDCEB, 0xDCCB, 0xD4AB, 0xD4AB, 0xD4AB, 0xD4AB, 0xDCAB, 0xD48A,
    0xCC6A, 0xD46A, 0xD48A, 0xD4EC, 0xDD6E, 0xE5D1, 0xE612, 0xE611, 0xE611, 0xE611, 0xE611, 0xE611, 0xE611, 0xE611, 0xE611, 0xE611,
    0xE5F1, 0xE5F1, 0xE611, 0xE611, 0xE611, 0xE5F1, 0xE5F1, 0xE653, 0xE6B5, 0xE612, 0xE652, 0xEE73, 0xEE74, 0xEE10, 0xEDED, 0xEE50,
    0xF692, 0xF692, 0xF6D3, 0xF6F6, 0xEE73, 0xE54A, 0xE5D1, 0xEE96, 0xEE55, 0xEE75, 0xEEF7, 0xEEF9, 0xE655, 0xCD2E, 0xEE75, 0xE613,
    0xDDB1, 0xE5D2, 0xE634, 0xD50D, 0xDD0C, 0xCCAA, 0xD54F, 0xE676, 0xD52F, 0xDD90, 0xCC48, 0xDD6F, 0xE5F2, 0xD4AA, 0xDD4E, 0xE676,
    0xD5B2, 0xE654, 0xD4EC, 0xDD0C, 0xDD2C, 0xDD4D, 0xEED7, 0xE654, 0xDDD1, 0xEEB7, 0xDE34, 0xB48E, 0x9B47, 0xAC09, 0xABE9, 0xABE9,
    0xFF57, 0xFF78, 0xFF98, 0xFF98, 0xFF37, 0xFEF5, 0xFF15, 0xFF15, 0xFF14, 0xFF13, 0xFF34, 0xFF34, 0xFF33, 0xFF33, 0xFF11, 0xFEF0,
    0xFEF0, 0xFEF0, 0xFEF0, 0xFEF0, 0xFF34, 0xFF56, 0xFF77, 0xFF56, 0xF6F5, 0xF6F5, 0xFF77, 0xFF78, 0xFF78, 0xFF78, 0xFF77, 0xF736,
    0xFF57, 0xFF57, 0xFF58, 0xFF57, 0xFEF5, 0xF671, 0xF5CF, 0xF5CF, 0xE56D, 0xE54D, 0xE54D, 0xEDAE, 0xF5CF, 0xF5CF, 0xF5EF, 0xF5EF,
    0xF5EF, 0xF5EF, 0xF5EF, 0xF5EF, 0xF5EF, 0xF5EF, 0xF5EF, 0xEDCE, 0xED8E, 0xE58D, 0xF5EF, 0xF5EF, 0xF5CF, 0xEDAE, 0xEDAE, 0xEDAE,
    0xEDAE, 0xF631, 0xF6B3, 0xF692, 0xEE30, 0xEDEF, 0xF651, 0xFE92, 0xF671, 0xF650, 0xFEB2, 0xFF76, 0xFF36, 0xFF36, 0xFF77, 0xFF78,
    0xFF77, 0xFF77, 0xFF77, 0xFF77, 0xFF56, 0xFF36, 0xFF36, 0xFF77, 0xFF98, 0xFF98, 0xFF98, 0xFF98, 0xFF98, 0xFF98, 0xFFB8, 0xFFB8,
    0xFF98, 0xFF37, 0xFF57, 0xFED3, 0xFE71, 0xFE71, 0xFE71, 0xFE71, 0xFE50, 0xF60F, 0xF630, 0xFE50, 0xF610, 0xEDCF, 0xF630, 0xFE30,
    0xFE30, 0xFE30, 0xFE71, 0xFE91, 0xFEB2, 0xFEB2, 0xFEB2, 0xFEB1, 0xFE30, 0xFE0F, 0xFE0F, 0xFE91, 0xFEB2, 0xFEB2, 0xFE71, 0xFE91,
    0xFEB2, 0xFEB2, 0xFEB2, 0xFE91, 0xFE91, 0xFE71, 0xFE30, 0xFE30, 0xF610, 0xED6D, 0xDD0C, 0xE50C, 0xDD0C, 0xDD0C, 0xDD0C, 0xDD0C,
    0xDD0C, 0xDD0C, 0xDD0C, 0xDD0C, 0xDCCB, 0xD4AA, 0xD4CB, 0xDD0B, 0xDCEB, 0xDCEB, 0xDCCB, 0xD4AB, 0xD4AB, 0xD4AB, 0xDCAB, 0xD4AB,
    0xD46A, 0xD46A, 0xD48A, 0xD4AA, 0xD48A, 0xDD8F, 0xEE31, 0xE611, 0xE611, 0xE611, 0xE611, 0xE611, 0xE611, 0xE5F1, 0xE611, 0xE611,
    0xE611, 0xE5F1, 0xE611, 0xE611, 0xE611, 0xE611, 0xE5F1, 0xEEF7, 0xEF7B, 0xE6D8, 0xEEF7, 0xE719, 0xE6F9, 0xE694, 0xE5AD, 0xE6D6,
    0xC5B3, 0xE6F8, 0xD696, 0xCDF4, 0xCDD1, 0xDD0A, 0xDD6F, 0xDDB1, 0xDDD2, 0xDE97, 0xBD52, 0xCD92, 0xC591, 0xD634, 0xE615, 0xEEF9,
    0xDED9, 0xE6D9, 0xEF7C, 0xCE15, 0xDEB7, 0xCD70, 0xE697, 0xF7DF, 0xE697, 0xDED8, 0xD614, 0xEF1A, 0xEEB7, 0xD468, 0xE590, 0xFF7B,
    0xDE98, 0xEED7, 0xE634, 0xE5F3, 0xDD90, 0xE6B7, 0xE6FA, 0xEF5C, 0xF77C, 0xF75A, 0xF73A, 0xD5D4, 0x9B67, 0xABE9, 0xABE9, 0xABE9,
    0xFF98, 0xFF98, 0xFF98, 0xFF98, 0xFF57, 0xFF57, 0xFF57, 0xFF37, 0xFF56, 0xFF57, 0xFF77, 0xFF77, 0xFF54, 0xFEF1, 0xFEF0, 0xFEF0,
    0xFEF0, 0xFEF0, 0xFEF0, 0xFEF0, 0xFF33, 0xFF56, 0xFF14, 0xFF55, 0xFF76, 0xFF56, 0xFF76, 0xFF77, 0xFF77, 0xFF78, 0xFF77, 0xFF78,
    0xFF57, 0xFF36, 0xFF78, 0xFF36, 0xFED4, 0xF671, 0xF5EF, 0xF60F, 0xEDCF, 0xED8E, 0xED8E, 0xEDAE, 0xF5CF, 0xF5CF, 0xF5CF, 0xF5EF,
    0xEDCF, 0xEDAE, 0xEDAE, 0xEDAE, 0xF5EF, 0xF5EF, 0xF5EF, 0xED8E, 0xE58D, 0xE58E, 0xEDAE, 0xED8E, 0xEDAE, 0xEDCF, 0xEDCE, 0xF630,
    0xEE10, 0xF6B3, 0xFF15, 0xFF15, 0xFF14, 0xEE51, 0xF6D3, 0xFF56, 0xF6F5, 0xFF15, 0xFF56, 0xFF56, 0xFF56, 0xFF77, 0xFF77, 0xFF77,
    0xFF78, 0xFF77, 0xFF77, 0xFF77, 0xFF57, 0xFF57, 0xFF78, 0xFF98, 0xFF98, 0xFF98, 0xFF98, 0xFF98, 0xFF98, 0xFF98, 0xFF98, 0xFF98,
    0xFF98, 0xFFB8, 0xFFB8, 0xFEB3, 0xFE50, 0xFE71, 0xFE71, 0xFE71, 0xFE71, 0xFE50, 0xFE71, 0xFE71, 0xF60F, 0xF650, 0xFE51, 0xFE30,
    0xF630, 0xFE50, 0xFE91, 0xFE91, 0xFE91, 0xFEF2, 0xFEB2, 0xF670, 0xFE30, 0xFE30, 0xFE71, 0xFED2, 0xFED2, 0xFED3, 0xFED3, 0xFED2,
    0xF670, 0xF650, 0xF650, 0xFE91, 0xFE91, 0xFE71, 0xFE30, 0xF610, 0xF5EF, 0xED8E, 0xE54C, 0xE52C, 0xDD0C, 0xDD0C, 0xE50C, 0xE50C,
    0xDD0C, 0xDCEC, 0xDCEC, 0xDCEC, 0xDCEC, 0xDCCB, 0xDCCB, 0xDCEB, 0xDCEB, 0xDCEB, 0xDCCB, 0xD4AB, 0xD4AB, 0xD4AB, 0xDCAB, 0xD4AB,
    0xD46A, 0xD46A, 0xD48A, 0xD48A, 0xD48A, 0xE58F, 0xEE12, 0xE611, 0xE611, 0xE611, 0xE611, 0xE611, 0xE611, 0xE611, 0xE611, 0xE611,
    0xE611, 0xE611, 0xE611, 0xE611, 0xE5F1, 0xE5F1, 0xE633, 0xCDF2, 0xCDF4, 0xC591, 0xE696, 0xCDB2, 0xD5D1, 0xDE75, 0xE54A, 0xEE92,
    0xCD8F, 0xE674, 0xC5B2, 0xDE53, 0xD56D, 0xE52B, 0xDD0D, 0xE634, 0xEEF9, 0xDE98, 0xDE97, 0xEF1A, 0xD5F3, 0xCDD1, 0xD5B2, 0xE696,
    0xBD73, 0xC5F4, 0xE6D9, 0xDE55, 0xC572, 0xCD71, 0xEF1A, 0xEF3B, 0xEF1A, 0xD656, 0xCE35, 0xEF5B, 0xDE77, 0xD5F2, 0xE698, 0xEF3C,
    0xF77C, 0xEF5B, 0xE6D9, 0xE656, 0xDEB7, 0xD657, 0xE6FA, 0xD637, 0xCE16, 0xE6FB, 0xCDB4, 0xB46D, 0xA3C9, 0xABC9, 0xABE9, 0xABE9,
    0xFF98, 0xFF77, 0xFF57, 0xFF57, 0xFF57, 0xFF78, 0xFF98, 0xFF98, 0xFF98, 0xFF98, 0xFF97, 0xFF35, 0xFF13, 0xFEF2, 0xFF12, 0xFF11,
    0xFEF0, 0xFEF0, 0xFEF1, 0xFEF0, 0xFF11, 0xFEF1, 0xFEAF, 0xFF12, 0xFF55, 0xFF75, 0xFF55, 0xFF55, 0xFF56, 0xFF57, 0xFF57, 0xFF78,
    0xFF57, 0xFF36, 0xFF37, 0xFF37, 0xFF15, 0xF6B3, 0xF610, 0xF610, 0xF650, 0xFE91, 0xFE71, 0xF610, 0xEDCF, 0xF5EF, 0xF5EF, 0xF5EF,
    0xED8E, 0xE54D, 0xE54D, 0xE54D, 0xEDCF, 0xF5CF, 0xED6D, 0xED8E, 0xF630, 0xF5EF, 0xED8E, 0xEDAE, 0xEE10, 0xF630, 0xF651, 0xFF14,
    0xFF36, 0xFF35, 0xFF15, 0xFF36, 0xFF36, 0xFF15, 0xFF36, 0xFF77, 0xFF77, 0xFF78, 0xFF98, 0xFF98, 0xFF98, 0xFF98, 0xFF98, 0xFF78,
    0xFF78, 0xFF77, 0xFF77, 0xFF77, 0xFF78, 0xFF98, 0xFF98, 0xFF98, 0xFF98, 0xFF98, 0xFF98, 0xFF98, 0xFF98, 0xFF98, 0xFF77, 0xFF57,
    0xFF98, 0xFFB8, 0xFF98, 0xFF36, 0xF6F3, 0xFE71, 0xFE71, 0xFE71, 0xF60F, 0xEDAE, 0xF60F, 0xEDCF, 0xFE71, 0xFEB2, 0xFE91, 0xFE50,
    0xF650, 0xFE91, 0xFED2, 0xFE91, 0xFE70, 0xFEB2, 0xFE71, 0xFE30, 0xFE30, 0xFE71, 0xFEF2, 0xFEB2, 0xFED2, 0xFED2, 0xFEF3, 0xFED2,
    0xEDEE, 0xEDAD, 0xEDCE, 0xFE91, 0xFEB1, 0xFE91, 0xFE91, 0xFE50, 0xFE30, 0xFE0F, 0xF5CE, 0xDD2C, 0xDD0C, 0xDD0C, 0xDD0C, 0xDD0C,
    0xDD0C, 0xDD0C, 0xDCEC, 0xDD0C, 0xDD0C, 0xDCEC, 0xDCEC, 0xDCEB, 0xDCEB, 0xDCEB, 0xDCEB, 0xDCCB, 0xDCCB, 0xDCCB, 0xDCCB, 0xD4AB,
    0xD48A, 0xD48A, 0xD48A, 0xD48A, 0xD48A, 0xE5B0, 0xEE32, 0xE611, 0xE611, 0xE611, 0xE611, 0xE611, 0xE611, 0xE611, 0xE611, 0xE611,
    0xE611, 0xE611, 0xE611, 0xE611, 0xE611, 0xE611, 0xE5F1, 0xDE13, 0xEF5A, 0xDE75, 0xE6D7, 0xDDF2, 0xEE53, 0xD654, 0xE5CD, 0xEED5,
    0xDE75, 0xE6F8, 0xEF18, 0xE6F7, 0xE653, 0xDD8E, 0xDD2D, 0xF6D8, 0xDE76, 0xCD92, 0xD657, 0xEEF9, 0xBCF0, 0xC510, 0xF75B, 0xDE15,
    0xEF3A, 0xDED9, 0xE71B, 0xDE57, 0xC550, 0xCD91, 0xEED8, 0xDE97, 0xEF3B, 0xCDF4, 0xBD30, 0xE6D9, 0xDE56, 0xC46B, 0xC44A, 0xD635,
    0xDEB8, 0xDE15, 0xB42B, 0xC46B, 0xC570, 0xC5B3, 0xF77C, 0xC5F5, 0xB552, 0xD657, 0xBD11, 0x9326, 0xB40A, 0xABE9, 0xABC9, 0xABE9,
    0xFF98, 0xFF57, 0xF716, 0xFF16, 0xF716, 0xF757, 0xFF98, 0xFF98, 0xFF98, 0xFF98, 0xFF98, 0xFF56, 0xFF56, 0xFF77, 0xFF76, 0xFF12,
    0xFEF0, 0xFEF1, 0xFEF1, 0xFEF0, 0xFEF0, 0xFEF0, 0xFEAF, 0xFEAF, 0xFF12, 0xFF54, 0xFF33, 0xFF12, 0xFF12, 0xFF13, 0xFF35, 0xFF77,
    0xFF78, 0xFF57, 0xFF57, 0xFF36, 0xF693, 0xF631, 0xF5EF, 0xF5EF, 0xF630, 0xFE71, 0xFE71, 0xFE71, 0xF630, 0xF5EF, 0xEDEF, 0xF5EF,
    0xEDCF, 0xE56D, 0xED6E, 0xE56E, 0xEE0F, 0xEDCF, 0xE56D, 0xEDCF, 0xEDCF, 0xEDEF, 0xEE10, 0xEE51, 0xFF14, 0xFF15, 0xF6F4, 0xFEF5,
    0xFEF5, 0xFF15, 0xF716, 0xFF36, 0xFF57, 0xFF78, 0xFF78, 0xFF77, 0xFF77, 0xFF78, 0xFF98, 0xFF98, 0xFF98, 0xFF78, 0xFF77, 0xFF57,
    0xFF57, 0xF736, 0xFF57, 0xFF57, 0xFF77, 0xFF98, 0xFF98, 0xFF98, 0xFF98, 0xFF98, 0xFF98, 0xFFB8, 0xFFB8, 0xFFB8, 0xFF57, 0xFF36,
    0xFF77, 0xFF98, 0xFF98, 0xFFB9, 0xFF35, 0xFE51, 0xFE71, 0xFE71, 0xF60F, 0xF60F, 0xFE30, 0xFE30, 0xFE91, 0xFEB2, 0xFEB2, 0xFEB2,
    0xFEB2, 0xFEB2, 0xFEB2, 0xFE71, 0xFE50, 0xFE50, 0xFE30, 0xFE71, 0xFEB1, 0xFEB2, 0xFEF2, 0xFED2, 0xFED2, 0xFED2, 0xFED2, 0xFEB2,
    0xFEB1, 0xFE91, 0xFE91, 0xFEB2, 0xFEB2, 0xFEB2, 0xFED2, 0xFE71, 0xFE71, 0xF5EF, 0xED8D, 0xDD2C, 0xDD0C, 0xDD0C, 0xDD0C, 0xDD0C,
    0xDD0C, 0xDD0C, 0xDD0C, 0xDD0C, 0xDD0B, 0xDCEB, 0xDCEB, 0xDCEB, 0xDCEC, 0xDD0C, 0xDCEB, 0xDCEC, 0xDCEC, 0xDD0C, 0xDCEC, 0xD4AA,
    0xD4AA, 0xD4AB, 0xD4AB, 0xD4AA, 0xD48A, 0xDD2D, 0xDD6E, 0xE5F0, 0xE611, 0xE611, 0xE611, 0xE611, 0xE611, 0xE611, 0xE611, 0xE611,
    0xE611, 0xE611, 0xE611, 0xE611, 0xE611, 0xE5F1, 0xE611, 0xE5F0, 0xF77A, 0xC592, 0xDE34, 0xD5D2, 0xE632, 0xD633, 0xDDAD, 0xDE34,
    0xCDD2, 0xEF1A, 0xD656, 0xC570, 0xCDD2, 0xBCAB, 0xDD2D, 0xEE96, 0xEF19, 0xDE97, 0xE6F9, 0xF77C, 0xCDB3, 0xD635, 0xE677, 0xC48B,
    0xEED8, 0xBD94, 0xD657, 0xE6D9, 0xBD0F, 0xD591, 0xF75B, 0xDED9, 0xF75B, 0xCE15, 0xBD51, 0xD636, 0xE698, 0xD427, 0xE52D, 0xF79D,
    0xEF5B, 0xEEB8, 0xEE76, 0xE613, 0xCD91, 0xDE97, 0xF79D, 0xEF7B, 0xE71A, 0xBD10, 0xD5B4, 0xAC4D, 0xAC0A, 0xABE9, 0xABC8, 0xA3A8,
    0xFF77, 0xFF16, 0xFF37, 0xFF57, 0xFF98, 0xFF98, 0xFF98, 0xFF57, 0xFF78, 0xFF98, 0xFF98, 0xFF98, 0xFFB8, 0xFFB8, 0xFF97, 0xFF33,
    0xFF33, 0xFF12, 0xFEF1, 0xFEF0, 0xFEF1, 0xFEF1, 0xFED0, 0xFED0, 0xFF33, 0xFF12, 0xFF32, 0xFF53, 0xFF32, 0xFF10, 0xFF11, 0xFF34,
    0xFF57, 0xFF78, 0xFF78, 0xFF56, 0xF6D3, 0xF693, 0xF672, 0xF630, 0xF60F, 0xF60F, 0xFE71, 0xFE92, 0xF610, 0xEDCE, 0xEDCF, 0xF5EF,
    0xF610, 0xF610, 0xF610, 0xF610, 0xF650, 0xF671, 0xF650, 0xDD4D, 0xDD4D, 0xF652, 0xFF35, 0xF715, 0xFF36, 0xFF36, 0xF715, 0xF6F5,
    0xFF15, 0xFF77, 0xFF77, 0xF6F5, 0xFF16, 0xFF77, 0xFF77, 0xFF78, 0xFF78, 0xFF57, 0xFF78, 0xFF98, 0xFF98, 0xFF77, 0xFF57, 0xFF57,
    0xFF57, 0xF736, 0xFF36, 0xFF57, 0xFF77, 0xFF77, 0xFF78, 0xFF78, 0xFF98, 0xFF98, 0xFF98, 0xFF97, 0xFF77, 0xFF57, 0xF736, 0xFF98,
    0xFF98, 0xFF98, 0xFF98, 0xFF98, 0xFF36, 0xFEF3, 0xFEB2, 0xFE71, 0xF630, 0xFE30, 0xFE30, 0xFE30, 0xF630, 0xFE71, 0xFE91, 0xF630,
    0xF5EF, 0xF5EF, 0xF630, 0xF5CF, 0xF5CF, 0xFE30, 0xF610, 0xFE71, 0xFEB1, 0xFED2, 0xFEF2, 0xFED2, 0xFED2, 0xFED2, 0xFEB2, 0xFEB1,
    0xFE91, 0xFE91, 0xFE91, 0xFE91, 0xFE91, 0xFE91, 0xFE71, 0xFE71, 0xFE71, 0xF630, 0xF5EF, 0xE52C, 0xDD0C, 0xDD0C, 0xDD0C, 0xDD0C,
    0xDD0C, 0xDD0C, 0xDD0C, 0xDD0C, 0xDD0B, 0xDCEB, 0xDCEC, 0xDCEC, 0xDD0B, 0xDD0B, 0xDCEB, 0xDCEB, 0xDCEB, 0xDCEC, 0xDCEC, 0xDCCB,
    0xDCAB, 0xDCCB, 0xD48A, 0xD46A, 0xD48A, 0xD48A, 0xD46A, 0xE5AF, 0xE632, 0xE611, 0xE611, 0xE612, 0xE611, 0xE611, 0xE611, 0xE611,
    0xE611, 0xE611, 0xE611, 0xE611, 0xE611, 0xE5F1, 0xE5D1, 0xEE94, 0xDE97, 0xDE76, 0xE6F7, 0xEEF7, 0xEF17, 0xD654, 0xDD4A, 0xEDAB,
    0xE549, 0xF6F5, 0xCD90, 0xD4E7, 0xD4C9, 0xD4AB, 0xD4AB, 0xD50E, 0xDE35, 0xD655, 0xCD92, 0xBD31, 0xC4CD, 0xC52F, 0xE676, 0xEEB7,
    0xF77C, 0xBD52, 0xF77C, 0xD635, 0xBCEF, 0xEED8, 0xEE97, 0xF75B, 0xE6F9, 0xE6FA, 0xA42C, 0xE6D8, 0xE656, 0xDD2C, 0xE6B7, 0xB4CF,
    0xDDB2, 0xEF7C, 0xD614, 0xD4ED, 0xEE34, 0xD6B8, 0xD677, 0xB551, 0xEF3B, 0xB48E, 0xDE15, 0xD5F4, 0xABEA, 0xABC9, 0xABE9, 0x9B67,
    0xFF36, 0xF6F6, 0xFF78, 0xFF78, 0xFF78, 0xFF98, 0xFF98, 0xFF98, 0xFF98, 0xFF98, 0xFF98, 0xFF98, 0xFF57, 0xFF77, 0xFF98, 0xFF97,
    0xFF55, 0xFEF2, 0xFEF1, 0xFEF1, 0xFF12, 0xFF53, 0xFF53, 0xFF54, 0xFF74, 0xFF33, 0xFF53, 0xFF32, 0xFF11, 0xFF10, 0xFEF0, 0xFF32,
    0xFF54, 0xFF56, 0xFF56, 0xFF56, 0xFF56, 0xFF56, 0xF6D4, 0xFE71, 0xF630, 0xF5EF, 0xEDEF, 0xF630, 0xF610, 0xF610, 0xF630, 0xF610,
    0xF610, 0xF610, 0xF650, 0xF671, 0xF671, 0xFEB3, 0xF692, 0xE5F0, 0xF693, 0xFF15, 0xFF15, 0xFF35, 0xFF36, 0xFF36, 0xFF56, 0xFF56,
    0xFF77, 0xFF98, 0xFF98, 0xFF57, 0xFF57, 0xFF77, 0xFF98, 0xFF98, 0xFF78, 0xFF78, 0xFF98, 0xFF98, 0xFF98, 0xFF57, 0xFF57, 0xFF57,
    0xFF56, 0xFF77, 0xFF77, 0xFF77, 0xFF98, 0xFF77, 0xFF98, 0xFF78, 0xFF98, 0xFF98, 0xFF98, 0xFF56, 0xF6D5, 0xF6F5, 0xFF56, 0xFFB8,
    0xFF98, 0xFF98, 0xFF98, 0xFFB8, 0xFF98, 0xFF97, 0xFED3, 0xFE71, 0xF60F, 0xF610, 0xF60F, 0xF610, 0xFE50, 0xFE71, 0xF630, 0xEDCF,
    0xF5CF, 0xF60F, 0xFE30, 0xFE30, 0xFE10, 0xFE30, 0xFE30, 0xFE71, 0xFEB1, 0xFEB2, 0xFEF2, 0xFEB2, 0xFEB1, 0xFEF2, 0xFEB2, 0xFE71,
    0xFE70, 0xFE70, 0xFE50, 0xFE50, 0xFE71, 0xFE71, 0xFE71, 0xFE71, 0xFE71, 0xFE91, 0xFE50, 0xDD0C, 0xDD0C, 0xDD0C, 0xDD0C, 0xDD0C,
    0xDD0C, 0xDD0C, 0xDD0C, 0xDD0C, 0xDD0C, 0xDCEC, 0xDCEC, 0xDCEC, 0xDCEB, 0xDCEB, 0xDCEB, 0xDCEC, 0xDCEB, 0xDD0C, 0xDD0C, 0xDCCB,
    0xDCAB, 0xD4AB, 0xCC6A, 0xD46A, 0xD48A, 0xDCAB, 0xD4AB, 0xE5D0, 0xEE32, 0xEE11, 0xE611, 0xE612, 0xE611, 0xE612, 0xE611, 0xE611,
    0xE612, 0xE611, 0xE612, 0xE611, 0xE611, 0xE5F1, 0xE611, 0xE6D7, 0xB4EE, 0xDDF1, 0xD613, 0xD613, 0xD5B0, 0xCD2D, 0xE5AC, 0xEDCC,
    0xEE92, 0xE6F8, 0xC50E, 0xE5AB, 0xDD0B, 0xDCAB, 0xCCAB, 0xDDD1, 0xE635, 0xCD91, 0xE6F9, 0xDE97, 0xC570, 0xCCEE, 0xEEB7, 0xD635,
    0xB4AF, 0xBCEE, 0xC572, 0xD615, 0xD676, 0xE6D8, 0xDD70, 0xCD91, 0xCDD3, 0xDEB8, 0xC591, 0xDEB8, 0xE655, 0xDE75, 0xB511, 0xBC2A,
    0xDD4F, 0xEED9, 0xD635, 0xCCCC, 0xE5F2, 0xDEB9, 0xDE98, 0xCDF5, 0xE6FA, 0xC551, 0xDE57, 0xBCEF, 0xA3A8, 0xABC9, 0xABE9, 0x9327,
    0xFF57, 0xFF77, 0xFF78, 0xFF78, 0xFF77, 0xFF78, 0xFF78, 0xFF98, 0xFF98, 0xFF98, 0xFF78, 0xFF98, 0xFF57, 0xFF78, 0xFF77, 0xFF57,
    0xFF56, 0xFF34, 0xFEF2, 0xFEF1, 0xFF12, 0xFF13, 0xFF33, 0xFF75, 0xFF54, 0xFF54, 0xFF12, 0xFEAF, 0xFECF, 0xFECF, 0xFEF0, 0xFF31,
    0xFF31, 0xFF35, 0xFF56, 0xFF36, 0xFF36, 0xFF36, 0xFEB3, 0xF631, 0xF610, 0xF5EF, 0xEDCE, 0xF60F, 0xF610, 0xF630, 0xF610, 0xF610,
    0xF610, 0xF630, 0xF651, 0xF671, 0xF671, 0xF6B3, 0xFF35, 0xFF97, 0xFF98, 0xFF77, 0xFF57, 0xFF36, 0xFF36, 0xFF36, 0xFF56, 0xFF77,
    0xFF98, 0xFF98, 0xFF98, 0xFF98, 0xFF78, 0xFF78, 0xFF98, 0xFF98, 0xFF98, 0xFF98, 0xFF98, 0xFF98, 0xFF98, 0xFF78, 0xFF77, 0xFF57,
    0xFF36, 0xFF77, 0xFF98, 0xFF98, 0xFF98, 0xFF98, 0xFF98, 0xFF78, 0xFF77, 0xFF57, 0xFF57, 0xF715, 0xFF56, 0xFF56, 0xFF77, 0xFF77,
    0xFFB8, 0xFF77, 0xFF98, 0xFFB8, 0xFF97, 0xFF97, 0xFF56, 0xF6B2, 0xF650, 0xF630, 0xF630, 0xF630, 0xFE50, 0xFE50, 0xF5EF, 0xEDAE,
    0xF60F, 0xFE50, 0xF60F, 0xF5EF, 0xFE30, 0xFE30, 0xFE30, 0xFE50, 0xFEB1, 0xFEB2, 0xFE91, 0xFEB2, 0xFE91, 0xFEF2, 0xFEF2, 0xFEF2,
    0xFED1, 0xFE91, 0xFE71, 0xFE50, 0xFE70, 0xFE50, 0xFE71, 0xFE91, 0xFE71, 0xFE71, 0xFE70, 0xF60F, 0xE56D, 0xDD0C, 0xDD0C, 0xDD0C,
    0xDD0C, 0xDD0C, 0xDD0C, 0xDD0C, 0xDD0C, 0xDD0C, 0xDD0C, 0xDD0C, 0xDD0C, 0xDD0B, 0xDD0B, 0xDCEB, 0xDCEB, 0xDD0C, 0xDD0C, 0xD4AB,
    0xDCAB, 0xDCAB, 0xD48A, 0xD48A, 0xD4AA, 0xD4AA, 0xD4AB, 0xDD6E, 0xE5F1, 0xE612, 0xEE11, 0xE612, 0xE611, 0xE612, 0xE611, 0xE611,
    0xE611, 0xE612, 0xE611, 0xE611, 0xE611, 0xE5F1, 0xE611, 0xD58F, 0xDDB0, 0xE5EF, 0xDD8C, 0xD52A, 0xEDAB, 0xEDAB, 0xEDCB, 0xEDCB,
    0xE5AC, 0xC4EB, 0xD54A, 0xE58B, 0xDCEB, 0xD4AA, 0xDDD2, 0xEED8, 0xEEB7, 0xE676, 0xEE97, 0xEED9, 0xD5B3, 0xCCCC, 0xEE96, 0xEE97,
    0xE676, 0xEE76, 0xEE97, 0xCCEE, 0xCD0F, 0xE656, 0xCCAB, 0xCC6A, 0xCCAC, 0xEE96, 0xCD0F, 0xD571, 0xEE75, 0xBC4A, 0xDDB2, 0xF6F8,
    0xEEB8, 0xEEB7, 0xE676, 0xEEB8, 0xD52E, 0xCD50, 0xCD92, 0xD592, 0xE697, 0xA40A, 0xBCF0, 0xCDB3, 0xA3A8, 0xABE9, 0xABC9, 0x82A5,
    0xFF77, 0xFF78, 0xFF78, 0xFF78, 0xF737, 0xF737, 0xFF78, 0xFF57, 0xFF57, 0xF737, 0xF737, 0xFF98, 0xFF98, 0xFF98, 0xFF77, 0xFF36,
    0xFF77, 0xFF77, 0xFEF3, 0xFED2, 0xFED2, 0xFEF2, 0xFF33, 0xFF33, 0xFF54, 0xFF53, 0xFF12, 0xFED0, 0xFE8E, 0xFEAF, 0xFF10, 0xFF31,
    0xFF11, 0xFF32, 0xFF33, 0xFF34, 0xFF36, 0xFF16, 0xFED4, 0xEDCF, 0xEDAE, 0xF610, 0xF630, 0xF630, 0xF60F, 0xFE71, 0xF691, 0xF650,
    0xF651, 0xFEB3, 0xF6D3, 0xF6F4, 0xF6B3, 0xF6D3, 0xFF77, 0xFF97, 0xFF78, 0xFF78, 0xFF98, 0xFF77, 0xFF57, 0xFF57, 0xFF57, 0xFF57,
    0xFF57, 0xFF57, 0xFF77, 0xFF98, 0xFF98, 0xFF98, 0xFF98, 0xFF98, 0xFF98, 0xFF98, 0xFF98, 0xFF98, 0xFF98, 0xFF78, 0xFF78, 0xFF57,
    0xF736, 0xFF77, 0xFF98, 0xFF78, 0xFF98, 0xFF97, 0xFF97, 0xFF77, 0xFF57, 0xFF36, 0xFF56, 0xFF56, 0xFF97, 0xFF77, 0xFF36, 0xFF36,
    0xFF98, 0xFF98, 0xFFB9, 0xFF98, 0xFF57, 0xFF97, 0xFF77, 0xFF56, 0xFEF4, 0xF650, 0xF630, 0xF630, 0xFE50, 0xFE30, 0xF60F, 0xF5EF,
    0xF62F, 0xFE50, 0xF5EF, 0xF5EF, 0xFE30, 0xFE30, 0xFE50, 0xFE50, 0xFE50, 0xFE51, 0xFE71, 0xFEB2, 0xFEB1, 0xFED2, 0xFED2, 0xFEF2,
    0xFED1, 0xFEB1, 0xFE91, 0xFE70, 0xFE91, 0xFEB1, 0xFEB2, 0xFEB1, 0xFE71, 0xFE70, 0xFE71, 0xFEB1, 0xEDAE, 0xDCEB, 0xDD2C, 0xE52C,
    0xE52C, 0xE52C, 0xE50C, 0xDD0C, 0xDD0C, 0xDD0C, 0xDD0C, 0xDD0C, 0xDD0B, 0xDD0B, 0xDD0B, 0xDCEB, 0xDD0B, 0xDD0C, 0xDD0C, 0xDCCB,
    0xD4AA, 0xDCCB, 0xDCCB, 0xD48A, 0xD46A, 0xD4AB, 0xDCCB, 0xD4AB, 0xE58F, 0xEE32, 0xE611, 0xEE11, 0xEE11, 0xE611, 0xE612, 0xE611,
    0xE611, 0xE611, 0xE611, 0xE611, 0xE611, 0xE611, 0xE5F1, 0xEE11, 0xE611, 0xE5CD, 0xEDCC, 0xEDEB, 0xEDCB, 0xEDCB, 0xEDCB, 0xEDCB,
    0xEDCB, 0xEDCC, 0xEDAB, 0xDD2B, 0xDCCB, 0xD4CB, 0xD50D, 0xD52E, 0xD50D, 0xD52E, 0xD50E, 0xD52E, 0xDD0D, 0xD4AB, 0xD4ED, 0xDD2F,
    0xD52E, 0xD52E, 0xD52E, 0xD4CC, 0xDCEC, 0xD4ED, 0xD4CB, 0xDCEB, 0xD4CC, 0xD4ED, 0xD4CC, 0xD4EC, 0xD4EC, 0xDCCB, 0xDD2D, 0xD52E,
    0xD50E, 0xD50E, 0xDD2E, 0xD52E, 0xD4CC, 0xD4EC, 0xD4ED, 0xD4ED, 0xD52E, 0xA388, 0x9B88, 0xB46C, 0xABC9, 0xABE9, 0xA388, 0x7223,
    0xFF77, 0xFF78, 0xFF77, 0xF716, 0xFF57, 0xFF77, 0xF736, 0xF716, 0xF716, 0xF716, 0xF736, 0xFF78, 0xFF98, 0xFF98, 0xFF98, 0xFF97,
    0xFF57, 0xFF56, 0xFEF3, 0xFED3, 0xFED2, 0xFEF2, 0xFED2, 0xF691, 0xFF13, 0xFF12, 0xFF12, 0xFEF0, 0xFEAF, 0xFECF, 0xFEF0, 0xFEF0,
    0xFEF0, 0xFEEF, 0xFEF0, 0xFF12, 0xFF15, 0xFF14, 0xF6D2, 0xF650, 0xF650, 0xF691, 0xF691, 0xF691, 0xF691, 0xFEB2, 0xF6D2, 0xFEF3,
    0xF6F4, 0xFF15, 0xFF56, 0xFF56, 0xFF56, 0xFF36, 0xFF97, 0xFF77, 0xFF98, 0xFF98, 0xFF77, 0xFF57, 0xFF57, 0xFF77, 0xFF77, 0xFF77,
    0xFF57, 0xFF57, 0xFF77, 0xFF78, 0xFF78, 0xFF78, 0xFF98, 0xFF98, 0xFF98, 0xFF98, 0xFF98, 0xFF78, 0xFF98, 0xFF78, 0xFF77, 0xFF37,
    0xFF36, 0xFF77, 0xFF98, 0xFF98, 0xFF57, 0xFF77, 0xFF77, 0xFF77, 0xFF57, 0xFF36, 0xFF77, 0xFF97, 0xFF97, 0xFF77, 0xFF36, 0xFF36,
    0xFF77, 0xFFB8, 0xFF98, 0xFF57, 0xFF56, 0xFF77, 0xFF16, 0xFF97, 0xFF14, 0xF630, 0xF630, 0xFE51, 0xFE51, 0xF630, 0xF630, 0xFE30,
    0xF60F, 0xF5EF, 0xF60F, 0xFE30, 0xFE50, 0xFE30, 0xFE30, 0xFE30, 0xFE50, 0xFE71, 0xFE91, 0xFEB2, 0xFEB2, 0xFEB1, 0xFE50, 0xFE50,
    0xFE50, 0xFE71, 0xFE71, 0xFE91, 0xFEB1, 0xFEB2, 0xFED2, 0xFE91, 0xFE50, 0xFE71, 0xFE50, 0xFE0F, 0xF5EE, 0xEDAD, 0xE52C, 0xDD2C,
    0xE52C, 0xE52C, 0xE52C, 0xE50C, 0xDD0C, 0xDD0C, 0xDD0B, 0xDCEB, 0xDCEB, 0xDD0B, 0xDD0B, 0xDD0B, 0xDD0C, 0xDD0C, 0xDD0C, 0xDCEB,
    0xDCEB, 0xDCAB, 0xDCAB, 0xD4AB, 0xD4AB, 0xDCCB, 0xDCCB, 0xD4CB, 0xDD4D, 0xE5AF, 0xEE11, 0xEE11, 0xEE11, 0xE612, 0xE612, 0xE611,
    0xE611, 0xE611, 0xE611, 0xE611, 0xE611, 0xE611, 0xE611, 0xE611, 0xE5F0, 0xEDCC, 0xEDCB, 0xEDCB, 0xEDCB, 0xEDCB, 0xEDCB, 0xEDCB,
    0xEDCB, 0xE58B, 0xDD2B, 0xDCEB, 0xDCCB, 0xD4EB, 0xD4CB, 0xD4AA, 0xD4CB, 0xD4CB, 0xD4CB, 0xD4CB, 0xD4CB, 0xDCCC, 0xDCCB, 0xDCCB,
    0xDCCB, 0xD4CB, 0xDCCB, 0xD4CB, 0xD4CB, 0xDCCB, 0xDCEC, 0xDCEC, 0xD4CB, 0xDCCB, 0xD4CB, 0xDCCB, 0xDCCB, 0xDCEC, 0xDCCB, 0xDCCB,
    0xDCCB, 0xDCCB, 0xDCCB, 0xDCCB, 0xD4EB, 0xD4CB, 0xD4CB, 0xDCCB, 0xD4CB, 0xABE9, 0xA3A8, 0xABC9, 0xABC9, 0xB409, 0x8B06, 0x6A03,
    0xF715, 0xF716, 0xF6F6, 0xF716, 0xFF77, 0xFF77, 0xFF57, 0xFF36, 0xFF77, 0xFF98, 0xFF98, 0xFF77, 0xFF77, 0xFF77, 0xFF77, 0xFF57,
    0xFF56, 0xFEF5, 0xFED4, 0xFED3, 0xF650, 0xF670, 0xF670, 0xF670, 0xFED1, 0xFED1, 0xFED0, 0xFED0, 0xFEB0, 0xFF11, 0xFED0, 0xF64E,
    0xF66E, 0xFEEF, 0xFECF, 0xFF12, 0xFEF2, 0xFEF1, 0xFEF1, 0xFEB0, 0xFEB1, 0xFEF2, 0xFF12, 0xFEF3, 0xFEF2, 0xFF14, 0xFEF3, 0xFF14,
    0xF6F4, 0xFF16, 0xFF56, 0xFF56, 0xFF36, 0xFF77, 0xFF98, 0xFF77, 0xFF98, 0xFF98, 0xFF77, 0xFF36, 0xFF36, 0xFF36, 0xFF57, 0xFF98,
    0xFF98, 0xFF77, 0xFF77, 0xFF57, 0xFF57, 0xFF98, 0xFF98, 0xFF98, 0xFF98, 0xFF98, 0xFF98, 0xFF98, 0xFF98, 0xFF77, 0xFF57, 0xFF36,
    0xFF57, 0xFF77, 0xFF77, 0xFF77, 0xF737, 0xFF78, 0xFF77, 0xFF36, 0xFF97, 0xFF57, 0xFF97, 0xFF97, 0xFF77, 0xFF77, 0xFF77, 0xFF57,
    0xFF77, 0xFF98, 0xFF98, 0xFF57, 0xFF36, 0xFF97, 0xFF36, 0xFF77, 0xFF15, 0xF6F4, 0xF671, 0xF630, 0xF610, 0xF630, 0xEDCE, 0xF630,
    0xF630, 0xEDAE, 0xEDAE, 0xF60F, 0xFE50, 0xF60F, 0xF60F, 0xF60F, 0xFE50, 0xFE91, 0xFEB1, 0xFEB2, 0xFEB1, 0xFEB1, 0xFE50, 0xFE50,
    0xFE30, 0xFE50, 0xFE30, 0xFE70, 0xFE70, 0xFE91, 0xFE91, 0xFE91, 0xFE70, 0xFE91, 0xFE50, 0xF5AE, 0xFE0F, 0xF5EE, 0xDD0C, 0xE50C,
    0xE52C, 0xE52C, 0xDD0C, 0xDD0C, 0xDD0C, 0xDD0B, 0xD4CB, 0xDCEB, 0xDD0B, 0xDD0B, 0xDD0B, 0xDD0B, 0xE50C, 0xE50C, 0xDD0C, 0xE50C,
    0xDCEB, 0xDCAB, 0xDCCB, 0xDCEB, 0xDCCB, 0xDCCB, 0xDCCB, 0xDCCB, 0xDCCB, 0xDD2D, 0xEE11, 0xE611, 0xEE11, 0xE611, 0xE611, 0xE611,
    0xE611, 0xE611, 0xE611, 0xE611, 0xE611, 0xE611, 0xE611, 0xE5F1, 0xE5F0, 0xEDCC, 0xEDCB, 0xEDCB, 0xEDCB, 0xEDCB, 0xEDCB, 0xEDCB,
    0xEDCB, 0xE58B, 0xDCEB, 0xDCEB, 0xDCEB, 0xDCEB, 0xDCEB, 0xD4EB, 0xDCEB, 0xDCEC, 0xDCEC, 0xDCEC, 0xDCEC, 0xDCEC, 0xDCEC, 0xDCEC,
    0xDCEC, 0xDCEC, 0xDCEC, 0xDCEC, 0xDCEC, 0xDCEC, 0xDCEC, 0xDCEC, 0xDCEB, 0xDCEC, 0xDCEB, 0xDCEB, 0xDCEB, 0xDCEC, 0xDCEC, 0xDCEC,
    0xDCEC, 0xDCEC, 0xDCEC, 0xDCEC, 0xDCEC, 0xDCEC, 0xDCEC, 0xCCAB, 0xC44A, 0xB3E9, 0xABE9, 0xABE9, 0xABE9, 0xABE9, 0x7A64, 0x7203,
    0xF716, 0xF716, 0xF6F5, 0xF736, 0xFF57, 0xFF57, 0xFF57, 0xFF36, 0xFF98, 0xFF98, 0xFF78, 0xFF77, 0xFF77, 0xFF57, 0xFF97, 0xFF57,
    0xFF56, 0xFEF5, 0xF6B4, 0xF691, 0xEE0F, 0xF60F, 0xF60F, 0xF60F, 0xF66F, 0xF64F, 0xFE8F, 0xFE6F, 0xEE2E, 0xFEF0, 0xFED0, 0xF64E,
    0xF66E, 0xFEF0, 0xFEF0, 0xFF11, 0xFEF0, 0xFEEF, 0xFED0, 0xFED0, 0xFEAF, 0xFED1, 0xFF13, 0xFF13, 0xFF13, 0xFF34, 0xFF14, 0xFEF3,
    0xFF14, 0xFF56, 0xFF57, 0xFF56, 0xFF57, 0xFF77, 0xFF77, 0xFF98, 0xFF98, 0xFF98, 0xFF77, 0xFF57, 0xFF57, 0xFF56, 0xFF77, 0xFF78,
    0xFF77, 0xFF77, 0xFF77, 0xFF77, 0xFF78, 0xFF98, 0xFF98, 0xFF98, 0xFF98, 0xFF98, 0xFF98, 0xFF98, 0xFF78, 0xFF77, 0xFF57, 0xFF57,
    0xFF77, 0xFF77, 0xFF77, 0xFF77, 0xFF77, 0xFF98, 0xFF98, 0xFF77, 0xFF78, 0xFF98, 0xFF98, 0xFF97, 0xFF77, 0xFF77, 0xFF77, 0xFF77,
    0xFF56, 0xFF77, 0xFFD8, 0xFF77, 0xFF36, 0xFF77, 0xFF77, 0xFF77, 0xFF77, 0xFF97, 0xF692, 0xF610, 0xF630, 0xF60F, 0xE58E, 0xF60F,
    0xFE50, 0xFE30, 0xF5EF, 0xF5EF, 0xFE50, 0xFE50, 0xFE50, 0xFE50, 0xFE71, 0xFE71, 0xFE71, 0xFE91, 0xFE91, 0xFE91, 0xFE91, 0xFE71,
    0xFE71, 0xFE50, 0xFE50, 0xFE70, 0xFE50, 0xFE50, 0xFE50, 0xFE70, 0xFEB1, 0xFE90, 0xFE50, 0xF5EE, 0xF60F, 0xF5EE, 0xED8D, 0xE52C,
    0xE52C, 0xDD2C, 0xDD0B, 0xE50C, 0xE50B, 0xDD0B, 0xDCEB, 0xDD0B, 0xDD0B, 0xDD0B, 0xDD0B, 0xDD0B, 0xE50C, 0xDD0C, 0xDD0C, 0xDD0C,
    0xDCEB, 0xDCEB, 0xDCEB, 0xDCCB, 0xDCCB, 0xDCCB, 0xDCCB, 0xDCCB, 0xDCCB, 0xDD4D, 0xEE32, 0xE611, 0xEE11, 0xE611, 0xE611, 0xE611,
    0xE611, 0xE611, 0xE611, 0xE611, 0xE611, 0xE611, 0xE611, 0xE5F0, 0xEDEE, 0xEDCC, 0xEDEB, 0xEDCB, 0xEDCB, 0xEDCB, 0xEDCB, 0xEDCB,
    0xEDCC, 0xEDCD, 0xDD4C, 0xDD2C, 0xDD2C, 0xDD0C, 0xDCEB, 0xDCEB, 0xDCEB, 0xDCEB, 0xDCEB, 0xDCEB, 0xDCEB, 0xDCEB, 0xDCEC, 0xDCEC,
    0xDCEC, 0xDCEC, 0xDCEC, 0xDCEC, 0xDCEB, 0xDCEB, 0xD4EB, 0xDCEB, 0xDCEB, 0xDCEB, 0xDCEC, 0xDCEB, 0xDCEB, 0xDCEC, 0xDCEC, 0xDCEC,
    0xDCEC, 0xDCEC, 0xDCEC, 0xDCEC, 0xDCEC, 0xDCEC, 0xDD0C, 0xC449, 0x9B25, 0xABA8, 0xABE9, 0xABC9, 0xABE9, 0x9B68, 0x5961, 0x7244,
    0xFF56, 0xFF57, 0xFF57, 0xFF57, 0xFF57, 0xFF57, 0xFF77, 0xFF98, 0xFF98, 0xFF98, 0xFF57, 0xFFB9, 0xFFB9, 0xFF78, 0xFF77, 0xFF57,
    0xFF56, 0xF6B3, 0xF671, 0xF650, 0xF62F, 0xEE0F, 0xEE0F, 0xEE0F, 0xFE8F, 0xF64E, 0xFE6F, 0xFE8F, 0xFEB0, 0xFEB0, 0xFE8F, 0xFE8F,
    0xFE8F, 0xFEF0, 0xFF11, 0xFEF0, 0xFEF0, 0xFEF0, 0xFEF0, 0xFED0, 0xF6AE, 0xFECF, 0xFF12, 0xFF12, 0xFF12, 0xFF32, 0xFF13, 0xF6D2,
    0xFF14, 0xFF35, 0xFF35, 0xFF35, 0xFF36, 0xFF56, 0xFF57, 0xFF98, 0xFF98, 0xFF78, 0xFF77, 0xFF77, 0xFF77, 0xFF98, 0xFF98, 0xFF78,
    0xFF77, 0xFF78, 0xFF78, 0xFF98, 0xFFB9, 0xFF99, 0xFF98, 0xFF98, 0xFF98, 0xFF98, 0xFF98, 0xFF98, 0xFF57, 0xFF77, 0xFF98, 0xFF98,
    0xFF77, 0xFF77, 0xFF77, 0xFF97, 0xFF98, 0xFF98, 0xFF98, 0xFF77, 0xFF97, 0xFFB8, 0xFF97, 0xFF77, 0xFF77, 0xFF77, 0xFF77, 0xFF77,
    0xFF97, 0xFF98, 0xFF98, 0xFF77, 0xFF36, 0xFF77, 0xFF98, 0xFF78, 0xFF98, 0xFF15, 0xF650, 0xF630, 0xF630, 0xF630, 0xF630, 0xFE71,
    0xFE50, 0xFE50, 0xF60F, 0xF5EF, 0xFE50, 0xFE90, 0xFE70, 0xFE70, 0xFE71, 0xFE71, 0xFE91, 0xFE91, 0xFE91, 0xFE91, 0xFE91, 0xFE91,
    0xFE70, 0xFE50, 0xFE50, 0xFE50, 0xFE50, 0xFE50, 0xFE30, 0xFE70, 0xFED1, 0xFE90, 0xFE90, 0xFE70, 0xF60F, 0xF60E, 0xF60F, 0xE54C,
    0xE52C, 0xE52C, 0xDD0C, 0xE52C, 0xDD0B, 0xDD0C, 0xDD0B, 0xDD0B, 0xDD0B, 0xDD0B, 0xDD0B, 0xDD0B, 0xE50C, 0xE50C, 0xE50C, 0xE50C,
    0xE50C, 0xE50C, 0xDCEB, 0xDCCB, 0xDCCB, 0xDCCA, 0xDCCA, 0xDCCB, 0xDCEB, 0xDD0B, 0xE5D0, 0xEE32, 0xEE11, 0xE611, 0xE611, 0xE611,
    0xE611, 0xE611, 0xE611, 0xEE11, 0xEE11, 0xE611, 0xE611, 0xEE0E, 0xEDEC, 0xEDEC, 0xEDEB, 0xEDCB, 0xEDCB, 0xEDCB, 0xEDCB, 0xEDCB,
    0xEDED, 0xEE0F, 0xE58E, 0xDD6D, 0xDD6D, 0xE54D, 0xDD0C, 0xDCEB, 0xDCEC, 0xDCEC, 0xDCEC, 0xDCEB, 0xDCEB, 0xDCEB, 0xDCEB, 0xDCEB,
    0xDCEB, 0xDCEC, 0xDCEC, 0xDCEC, 0xDCEB, 0xDCEB, 0xDCEB, 0xDCEB, 0xDCEB, 0xDCEB, 0xDCEB, 0xDCEB, 0xDCEB, 0xDCEC, 0xDCEC, 0xDCEC,
    0xDD0C, 0xDD0C, 0xDCEC, 0xDCEC, 0xDCEC, 0xDCEC, 0xDD0C, 0xC44A, 0x9B45, 0xABA8, 0xABE9, 0xABE9, 0xABE9, 0x9B88, 0x5961, 0x7A64,
};

#endif // PET_EAT_H
