// Auto-generated from pet_happy.png
// 240x320 RGB565, little-endian bytes as stored by esp_lcd.
#ifndef PET_HAPPY_H
#define PET_HAPPY_H

#include <stdint.h>

#define PET_HAPPY_WIDTH  240
#define PET_HAPPY_HEIGHT 320
#define PET_HAPPY_PIXELS (240*320)

const uint16_t g_pet_happy[PET_HAPPY_PIXELS] = {
    0x71A1, 0x69A1, 0x71A1, 0x5121, 0x38C0, 0x38A0, 0x3080, 0x3080, 0x30A1, 0x30A1, 0x30A1, 0x30A0, 0x30A0, 0x3080, 0x30A0, 0x30A0,
    0x30A0, 0x30A0, 0x38A0, 0x30A0, 0x38C0, 0x38E0, 0x38E0, 0x38E0, 0x38E0, 0x4101, 0x4121, 0x4101, 0x4101, 0x4101, 0x4120, 0x4121,
    0x4121, 0x4921, 0x4921, 0x4921, 0x4921, 0x4941, 0x4941, 0x4941, 0x5141, 0x59A3, 0x59C3, 0x59E3, 0x7286, 0x7286, 0x7286, 0x72C7,
    0x7AE7, 0x7AE7, 0x7B08, 0x8308, 0x8308, 0x8308, 0x8308, 0x8329, 0x9389, 0x8B89, 0x9348, 0x9327, 0x9327, 0x9327, 0x9327, 0x9B27,
    0x9327, 0x9327, 0x9B27, 0xA347, 0xA347, 0xA367, 0xABA8, 0xB3A8, 0xB3C9, 0xB3C9, 0xB3C9, 0xB3C9, 0xB3C9, 0xBC2A, 0xC4AC, 0xBCAD,
    0xBCAD, 0xBCCD, 0xBCCD, 0xBCCE, 0xBCCE, 0xC4EE, 0xC50E, 0xC50E, 0xC50E, 0xC50F, 0xC52F, 0xC52F, 0xC52F, 0xCD2F, 0xCD2F, 0xCD2F,
    0xCD0F, 0xC4AC, 0xC48B, 0xCC8B, 0xCC8B, 0xCC8B, 0xCC8B, 0xCC8B, 0xCC8B, 0xD4CC, 0xDCEC, 0xDD0C, 0xDD0D, 0xDD0D, 0xDD0D, 0xDD0D,
    0xDD2D, 0xDD2D, 0xDD2D, 0xE58F, 0xE5F1, 0xE612, 0xE612, 0xEE32, 0xEE53, 0xEE53, 0xEE53, 0xEE53, 0xEE53, 0xEE53, 0xEE53, 0xEE32,
    0xEE32, 0xEE32, 0xEE32, 0xEE32, 0xEE32, 0xE611, 0xEE32, 0xEE74, 0xEE74, 0xEE74, 0xEE74, 0xF675, 0xF675, 0xF695, 0xF695, 0xEE95,
    0xF695, 0xF695, 0xEE95, 0xEE95, 0xEE95, 0xEE95, 0xF694, 0xEE53, 0xE5D1, 0xE58F, 0xE56E, 0xE56E, 0xE56E, 0xE56E, 0xE56E, 0xE56E,
    0xE56E, 0xE56E, 0xE56E, 0xE56E, 0xE54E, 0xE54E, 0xE54E, 0xE56E, 0xE56E, 0xE56F, 0xE5AF, 0xEE33, 0xEE74, 0xEE54, 0xEE54, 0xEE74,
    0xEE75, 0xEE55, 0xEE55, 0xEE75, 0xEE75, 0xEE75, 0xEE75, 0xEE75, 0xEE75, 0xEE75, 0xEE75, 0xEE75, 0xEE54, 0xE5F2, 0xE56F, 0xDD2E,
    0xDD0E, 0xDD0D, 0xDD0D, 0xDD0D, 0xDD0E, 0xDD2D, 0xDD2E, 0xE54F, 0xE54F, 0xDD4E, 0xDD4F, 0xDD6F, 0xE56F, 0xE570, 0xE5D2, 0xEE13,
    0xEDF3, 0xEE13, 0xEDF2, 0xE5D1, 0xE5B1, 0xE590, 0xDD6F, 0xDD6F, 0xDD6F, 0xDD4F, 0xDD2E, 0xDD2E, 0xD50D, 0xD4ED, 0xD4ED, 0xDD90,
    0xDDF1, 0xDDD1, 0xD5CF, 0xCDAC, 0xCDAB, 0xCD8B, 0xCDAA, 0xCDAA, 0xCDAA, 0xCDCB, 0xD5CB, 0xD5EC, 0xD5EC, 0xD5EC, 0xD5ED, 0xCDAC,
    0x71C1, 0x5100, 0x40C0, 0x38A0, 0x3880, 0x3080, 0x3080, 0x3080, 0x30A1, 0x30A1, 0x30A1, 0x30A0, 0x30A0, 0x30A0, 0x38C0, 0x38C0,
    0x38C0, 0x38E1, 0x38E1, 0x38E0, 0x38E0, 0x38E0, 0x38E0, 0x38E0, 0x38E0, 0x4101, 0x4121, 0x4121, 0x4121, 0x4121, 0x4121, 0x4121,
    0x4121, 0x4921, 0x4921, 0x4921, 0x4921, 0x4941, 0x5162, 0x5182, 0x51A2, 0x6A65, 0x7286, 0x7286, 0x72A6, 0x72A6, 0x72A6, 0x72C7,
    0x7AE7, 0x8308, 0x8308, 0x8308, 0x8308, 0x8329, 0x8B69, 0x8B6A, 0x938A, 0x93AA, 0x9B8A, 0x9B69, 0x9328, 0x9B47, 0x9327, 0x9B27,
    0x9B27, 0x9B47, 0xA347, 0xAB88, 0xAB88, 0xAB88, 0xB3C9, 0xB3C9, 0xB3E9, 0xBBE9, 0xB3E9, 0xB3E9, 0xBBE9, 0xBC09, 0xB40A, 0xBC8C,
    0xC4AE, 0xBCCD, 0xBCCE, 0xC4EE, 0xBCEE, 0xC50E, 0xC52F, 0xC50F, 0xC50F, 0xC52F, 0xC52F, 0xC52F, 0xC52F, 0xCD2F, 0xCD2F, 0xCD4F,
    0xCD2F, 0xCD2E, 0xCCCD, 0xC46B, 0xCC8B, 0xCC8B, 0xCCAB, 0xCCCC, 0xCCCC, 0xD50D, 0xDD4E, 0xDD6E, 0xDD6F, 0xDD6F, 0xDD6F, 0xDD6F,
    0xE590, 0xE5B0, 0xE5B1, 0xE5D1, 0xE5F2, 0xE5D1, 0xE5D0, 0xE5D0, 0xE5D0, 0xE5D1, 0xE5D0, 0xE5D0, 0xE5B0, 0xE5AF, 0xE5AF, 0xE5AF,
    0xE5AF, 0xE5AF, 0xE5AF, 0xE5AF, 0xE5AF, 0xE58F, 0xEDF0, 0xEE53, 0xEE74, 0xEE74, 0xEE75, 0xF695, 0xF695, 0xF695, 0xF695, 0xEE95,
    0xF695, 0xEE95, 0xEE95, 0xEE95, 0xEE95, 0xF695, 0xF695, 0xF695, 0xF695, 0xEDD1, 0xE56E, 0xE56E, 0xE56E, 0xE56E, 0xE56E, 0xE56E,
    0xE56E, 0xE56E, 0xE56E, 0xE56E, 0xE56E, 0xE56E, 0xE56E, 0xE56E, 0xE54E, 0xE56E, 0xE56E, 0xEDD0, 0xEE33, 0xEE54, 0xEE74, 0xEE75,
    0xEE75, 0xEE75, 0xEE75, 0xEE75, 0xEE75, 0xEE95, 0xEE75, 0xEE95, 0xEE54, 0xEE12, 0xEE13, 0xEE13, 0xE613, 0xE613, 0xE5B1, 0xE56F,
    0xE570, 0xE590, 0xE590, 0xE5B1, 0xE5B1, 0xE5B1, 0xE5B1, 0xEE13, 0xEE13, 0xEE13, 0xEE13, 0xE613, 0xE613, 0xEE13, 0xEE13, 0xE5D2,
    0xDD70, 0xDD4F, 0xDD4E, 0xDD2E, 0xDD0E, 0xDD0E, 0xDD0E, 0xDD0E, 0xDD0D, 0xDCED, 0xDD0D, 0xDD0D, 0xDD0D, 0xDD0D, 0xD4ED, 0xDD4F,
    0xDDB0, 0xDDD1, 0xDDF2, 0xDDF2, 0xDDF1, 0xD5CE, 0xCDCD, 0xCDCD, 0xCDAC, 0xC58A, 0xC589, 0xC589, 0xC5AA, 0xCDAA, 0xCDCB, 0xD5CC,
    0x40C0, 0x38A0, 0x3080, 0x38A0, 0x38A0, 0x38A0, 0x38A0, 0x38A0, 0x38A1, 0x38A1, 0x38A1, 0x38C1, 0x38C1, 0x38C1, 0x38E1, 0x38E1,
    0x38E1, 0x4101, 0x4101, 0x4101, 0x4101, 0x4101, 0x4100, 0x3900, 0x3900, 0x4101, 0x4101, 0x4121, 0x4121, 0x4121, 0x4120, 0x4120,
    0x4121, 0x4121, 0x4921, 0x4941, 0x4941, 0x5162, 0x61E4, 0x6204, 0x6204, 0x7266, 0x72A6, 0x72A6, 0x72A6, 0x72A6, 0x7AE7, 0x7AE7,
    0x8308, 0x8308, 0x8308, 0x8B28, 0x8B49, 0x8B69, 0x938A, 0x938A, 0x93AA, 0x93AA, 0x9BAA, 0x9BAA, 0xA389, 0x9B48, 0x9B47, 0x9B47,
    0xA348, 0xA367, 0xAB88, 0xB3A8, 0xB3C8, 0xB3C9, 0xB3C9, 0xB3E9, 0xBBE9, 0xBBE9, 0xBBE9, 0xBBE9, 0xBBE9, 0xBC09, 0xB40A, 0xBC4B,
    0xC4AD, 0xBCEE, 0xC4EE, 0xC50E, 0xC50F, 0xC52F, 0xC52F, 0xC52F, 0xC52F, 0xCD2F, 0xCD2F, 0xC4EE, 0xC4EE, 0xCD0E, 0xCD0E, 0xCD0E,
    0xCD0E, 0xCD0E, 0xCCCD, 0xCCCD, 0xD50E, 0xD50E, 0xD54F, 0xDD90, 0xDDB0, 0xDDD1, 0xE612, 0xE612, 0xE612, 0xE613, 0xE633, 0xE633,
    0xE634, 0xEE54, 0xE654, 0xEE54, 0xEE54, 0xE5D1, 0xE58F, 0xE58F, 0xE58F, 0xE58F, 0xE58F, 0xE58F, 0xE58F, 0xE58F, 0xE58F, 0xED8F,
    0xE5AF, 0xE5AF, 0xE5AF, 0xE5AF, 0xE5AF, 0xEDAF, 0xE5AF, 0xE5AF, 0xEE12, 0xF695, 0xF695, 0xF6B5, 0xF6B5, 0xF6B5, 0xF6B5, 0xF6B5,
    0xF6B5, 0xF695, 0xEE95, 0xF695, 0xF695, 0xF695, 0xF695, 0xF695, 0xF6B5, 0xF674, 0xEE12, 0xE58F, 0xE56E, 0xE56E, 0xE56E, 0xE56E,
    0xE56E, 0xE56E, 0xE56E, 0xE56E, 0xE56E, 0xE56E, 0xE56E, 0xE54E, 0xE54E, 0xE54E, 0xE56E, 0xE54E, 0xE56F, 0xEE33, 0xEE75, 0xEE75,
    0xEE75, 0xEE54, 0xEE33, 0xEE33, 0xEE33, 0xEE33, 0xEE13, 0xEE33, 0xEDD1, 0xE54F, 0xE54F, 0xE54F, 0xE54F, 0xDD4F, 0xE54F, 0xE54F,
    0xEDF2, 0xEE33, 0xEE34, 0xEE54, 0xEE54, 0xEE54, 0xEE55, 0xEE55, 0xEE55, 0xEE55, 0xEE55, 0xEE35, 0xEE55, 0xEE35, 0xEE35, 0xEE34,
    0xE613, 0xDD70, 0xDD2E, 0xDD2E, 0xDD2E, 0xDD2E, 0xDD0E, 0xDD0D, 0xDD0D, 0xDD0D, 0xDD0D, 0xDD0D, 0xDD0D, 0xDCED, 0xDD0D, 0xDD0D,
    0xD50D, 0xDD4F, 0xDDD1, 0xDDF2, 0xDDF2, 0xDDF2, 0xDDF2, 0xDDF2, 0xDDF1, 0xD5CF, 0xD5CE, 0xCDAC, 0xC5AB, 0xC5AA, 0xC589, 0xC589,
    0x3080, 0x3880, 0x38A0, 0x38A0, 0x38A0, 0x38A0, 0x38C1, 0x38C1, 0x38C1, 0x38C1, 0x38C1, 0x38E1, 0x38E1, 0x38E1, 0x4101, 0x4101,
    0x4101, 0x4142, 0x4942, 0x4942, 0x4942, 0x4942, 0x4121, 0x4100, 0x3900, 0x4100, 0x4100, 0x4121, 0x4100, 0x4101, 0x4101, 0x4101,
    0x4120, 0x4121, 0x4941, 0x59A2, 0x59C3, 0x61E3, 0x6204, 0x6204, 0x6203, 0x7265, 0x7AA6, 0x7AC7, 0x7AC7, 0x7AE7, 0x8308, 0x8308,
    0x8308, 0x8B28, 0x8B69, 0x9389, 0x93AA, 0x93AA, 0x93AA, 0x93AA, 0x93AA, 0x9BCA, 0xA3CA, 0xA3EB, 0xA3EA, 0xA368, 0x9B48, 0x9B47,
    0xAB68, 0xABA8, 0xB3A8, 0xB3C8, 0xB3C8, 0xB3C9, 0xB3C9, 0xB3E9, 0xB3E9, 0xBBE9, 0xB409, 0xB409, 0xB409, 0xB409, 0xBC2A, 0xBC2A,
    0xC48C, 0xC4CD, 0xC4CD, 0xC4CD, 0xC4CD, 0xC4CD, 0xC4CD, 0xC4CD, 0xC4CD, 0xC4CD, 0xC4CD, 0xC46B, 0xC46B, 0xC46B, 0xC48B, 0xCC8C,
    0xCC8B, 0xCC8B, 0xCCAC, 0xD52E, 0xDD90, 0xDDB1, 0xE5F2, 0xE632, 0xE632, 0xE613, 0xE633, 0xE613, 0xE633, 0xE633, 0xE634, 0xE634,
    0xE654, 0xE654, 0xE654, 0xEE54, 0xEE54, 0xEE53, 0xEE12, 0xE5B0, 0xED90, 0xEDB0, 0xE5AF, 0xEDAF, 0xEDCF, 0xEDAF, 0xEDAF, 0xEDAF,
    0xEDAF, 0xEDAF, 0xEDAF, 0xEDAF, 0xEDAF, 0xE5AF, 0xEDAF, 0xEDAF, 0xEDAF, 0xEE12, 0xF6B5, 0xF6B5, 0xF6B5, 0xF6B6, 0xF6B5, 0xF6B6,
    0xF6B6, 0xF6B6, 0xF6B5, 0xF6B5, 0xF6B5, 0xF695, 0xF695, 0xF695, 0xF695, 0xF6B5, 0xF695, 0xEE33, 0xEDB0, 0xE56E, 0xE56E, 0xE56E,
    0xE56E, 0xE56E, 0xE56F, 0xE58F, 0xE58F, 0xE58F, 0xE58F, 0xE58F, 0xE58F, 0xE58F, 0xEDB0, 0xEE12, 0xEE12, 0xEE34, 0xEE55, 0xEE13,
    0xE5B1, 0xE5B0, 0xE56F, 0xE58F, 0xE58F, 0xE56F, 0xE56F, 0xE56F, 0xE56F, 0xE56F, 0xE54F, 0xE54F, 0xE54F, 0xE54E, 0xE54E, 0xE54E,
    0xE56F, 0xEDF2, 0xEE34, 0xEE34, 0xEE54, 0xEE55, 0xEE55, 0xEE55, 0xEE54, 0xEE35, 0xEE35, 0xEE35, 0xEE55, 0xEE55, 0xEE55, 0xEE55,
    0xEE54, 0xEE34, 0xE5F2, 0xDD4F, 0xDD2E, 0xDD2D, 0xDD2E, 0xDD0E, 0xDD0D, 0xDD0D, 0xDD0D, 0xDD0D, 0xDD0D, 0xDD0D, 0xDD0D, 0xDD0E,
    0xDD0E, 0xD50E, 0xD52E, 0xD590, 0xDDF2, 0xDDF3, 0xDDF3, 0xDDF3, 0xDDF3, 0xDE13, 0xDE13, 0xDE13, 0xDE12, 0xDE11, 0xD5EF, 0xD5EE,
    0x38A0, 0x38A0, 0x38A0, 0x38A0, 0x38A0, 0x38A0, 0x38C1, 0x38E1, 0x38E0, 0x38E0, 0x38E0, 0x38E1, 0x38E1, 0x38E1, 0x38E1, 0x3901,
    0x4101, 0x4141, 0x4141, 0x4141, 0x4941, 0x4941, 0x4121, 0x4100, 0x4100, 0x4100, 0x4100, 0x4120, 0x4100, 0x4100, 0x4100, 0x4100,
    0x5141, 0x59C3, 0x59C3, 0x59E3, 0x61E3, 0x61E3, 0x61E3, 0x61E3, 0x61E3, 0x6A24, 0x7AC7, 0x8328, 0x8328, 0x8328, 0x8328, 0x8B48,
    0x8B69, 0x9389, 0x93AA, 0x93AA, 0x93AA, 0x9BAA, 0x9BAA, 0x9BAA, 0xA3CA, 0xA3CA, 0xA3AA, 0xA3CA, 0xA3C9, 0xA3A9, 0xABEA, 0xABEA,
    0xB40A, 0xB42A, 0xB42A, 0xB42A, 0xB42A, 0xBC4B, 0xBC6B, 0xBC8C, 0xBC8C, 0xBC8C, 0xBC8C, 0xBC8C, 0xC4AD, 0xC4CD, 0xC4EE, 0xC4EE,
    0xC4ED, 0xBC6C, 0xBC4B, 0xBC4B, 0xBC4B, 0xC46B, 0xC46B, 0xC46B, 0xC46B, 0xC46B, 0xC46B, 0xC46B, 0xC46B, 0xCC8B, 0xCC8B, 0xCC8B,
    0xCC8B, 0xD4AC, 0xCCAC, 0xD4EC, 0xDD8F, 0xE612, 0xE612, 0xE612, 0xE612, 0xE612, 0xE613, 0xE613, 0xE633, 0xE633, 0xE633, 0xE634,
    0xE654, 0xEE54, 0xEE54, 0xEE54, 0xEE74, 0xEE95, 0xEE94, 0xEE32, 0xEDD1, 0xEDB0, 0xEDCF, 0xEDCF, 0xEDCF, 0xEDAF, 0xEDAF, 0xEDAF,
    0xEDAF, 0xEDAF, 0xEDAF, 0xEDAF, 0xEDAF, 0xEDAF, 0xE5AF, 0xEDAF, 0xEDAF, 0xEDD0, 0xEDF1, 0xEE73, 0xF6D6, 0xF6D6, 0xF6F6, 0xF6D6,
    0xF6D6, 0xF6B5, 0xF6B5, 0xF6B5, 0xF6B5, 0xF6B5, 0xF6B5, 0xF6B5, 0xF694, 0xF694, 0xF694, 0xF674, 0xEE32, 0xEDAF, 0xEDAF, 0xEDF1,
    0xEDF2, 0xEDF2, 0xEE12, 0xF653, 0xF674, 0xF674, 0xF674, 0xF674, 0xF675, 0xF675, 0xF695, 0xF6B6, 0xF6B6, 0xF6B6, 0xF6B6, 0xEE54,
    0xE5D1, 0xE590, 0xE56F, 0xE590, 0xE58F, 0xE56F, 0xE56F, 0xE56F, 0xE56F, 0xE56F, 0xE54F, 0xE54F, 0xE54F, 0xE54F, 0xE54E, 0xE54E,
    0xE54E, 0xE56F, 0xE590, 0xEE33, 0xEE54, 0xEE55, 0xEE55, 0xEE55, 0xEE55, 0xEE55, 0xEE55, 0xEE55, 0xEE55, 0xEE55, 0xEE55, 0xEE55,
    0xEE55, 0xEE55, 0xEE54, 0xEE13, 0xE5B0, 0xDD2E, 0xDD2D, 0xDD0E, 0xDD0D, 0xDD0D, 0xDD0D, 0xDD0D, 0xDD0D, 0xDCED, 0xDCED, 0xDCED,
    0xDD0D, 0xDD0E, 0xD50D, 0xD4ED, 0xDD90, 0xD5D1, 0xDDB1, 0xDDD1, 0xDDD2, 0xDDF2, 0xDDF2, 0xE5F2, 0xE5F2, 0xDDF2, 0xDDF3, 0xE5F3,
    0x3080, 0x38A0, 0x38A0, 0x38A1, 0x38C1, 0x38C1, 0x38C1, 0x3901, 0x3901, 0x3901, 0x38E1, 0x3901, 0x3901, 0x4121, 0x4121, 0x4142,
    0x4942, 0x4962, 0x4942, 0x4962, 0x4962, 0x4962, 0x4961, 0x4121, 0x4100, 0x4100, 0x4101, 0x4100, 0x4120, 0x4920, 0x5161, 0x5161,
    0x5982, 0x59C2, 0x59C2, 0x61E3, 0x6A24, 0x6A24, 0x6A24, 0x6A44, 0x6A44, 0x6A44, 0x7AC7, 0x8328, 0x8307, 0x8307, 0x9369, 0x9389,
    0x9B89, 0x9B89, 0x9B89, 0x9BA9, 0x9BA9, 0x9B68, 0x9B48, 0x9B68, 0x9B68, 0x9B68, 0x9B48, 0xA388, 0xA368, 0xABA9, 0xBC6C, 0xBCAD,
    0xBCCD, 0xBCCD, 0xBCAD, 0xBCCE, 0xC4EE, 0xBCEE, 0xC50E, 0xC52F, 0xC52F, 0xC52F, 0xC52F, 0xC52F, 0xC52F, 0xC52F, 0xC52F, 0xC52F,
    0xC54F, 0xCD0E, 0xC48C, 0xC44B, 0xC46B, 0xC46B, 0xC46B, 0xC46B, 0xC46B, 0xCC8B, 0xC46B, 0xCC8B, 0xCC8B, 0xCC8B, 0xCC8B, 0xCC8B,
    0xCCAC, 0xD50D, 0xDD0D, 0xDD2D, 0xDD6E, 0xDDB0, 0xE612, 0xE613, 0xE613, 0xE613, 0xE633, 0xE633, 0xE633, 0xE634, 0xE634, 0xEE54,
    0xE654, 0xEE74, 0xEE95, 0xF6B5, 0xF695, 0xEE95, 0xEE95, 0xEEB5, 0xEE74, 0xEDD0, 0xEDAF, 0xEDAF, 0xEDAF, 0xEDAF, 0xEDAF, 0xEDCF,
    0xEDAF, 0xEDCF, 0xEDAF, 0xEDAF, 0xEDAF, 0xEDAF, 0xEDAF, 0xEDAF, 0xEDAF, 0xEDD0, 0xEDAF, 0xEE32, 0xF6B5, 0xF695, 0xF694, 0xF694,
    0xF653, 0xEE32, 0xEE12, 0xEE12, 0xEE32, 0xEE32, 0xF632, 0xF632, 0xEDF1, 0xEDF1, 0xEDF1, 0xEDD1, 0xEDD0, 0xEDB0, 0xEDD0, 0xF694,
    0xF6B6, 0xF6B6, 0xF6B6, 0xF6B6, 0xF6B6, 0xF6B6, 0xF6D6, 0xF6D6, 0xF6B6, 0xF6B6, 0xF6B6, 0xF6B6, 0xF6B6, 0xF6B6, 0xF6B6, 0xF6B6,
    0xF6B6, 0xEE33, 0xE5B0, 0xE58F, 0xED6F, 0xE56F, 0xE56F, 0xE56F, 0xE56F, 0xE56F, 0xE56F, 0xE54F, 0xE54F, 0xE54F, 0xE54F, 0xE54E,
    0xE54E, 0xE52E, 0xE54E, 0xE58F, 0xEDF2, 0xEE54, 0xEE55, 0xEE55, 0xEE55, 0xEE55, 0xEE55, 0xEE55, 0xEE55, 0xEE55, 0xEE55, 0xEE75,
    0xEE55, 0xEE55, 0xEE55, 0xEE75, 0xEE54, 0xEE13, 0xE590, 0xDD2E, 0xDD0E, 0xDD0D, 0xDD0D, 0xDD0D, 0xDD0D, 0xE56F, 0xE590, 0xDD6F,
    0xDD6F, 0xDD90, 0xE591, 0xE591, 0xDDD1, 0xDDD2, 0xDDD2, 0xDDD2, 0xDDB1, 0xD54F, 0xDD6F, 0xDD6F, 0xDD6F, 0xD54F, 0xD54F, 0xD54F,
    0x30A0, 0x38A0, 0x38C1, 0x38E0, 0x40E0, 0x38E0, 0x38E0, 0x38E0, 0x3901, 0x3900, 0x38E0, 0x38E0, 0x3900, 0x4141, 0x4142, 0x4142,
    0x4962, 0x5162, 0x4962, 0x4982, 0x5182, 0x5182, 0x5182, 0x4961, 0x4120, 0x4121, 0x4121, 0x4901, 0x4941, 0x59C3, 0x6204, 0x6203,
    0x6203, 0x6203, 0x6204, 0x7285, 0x7AC7, 0x7AC7, 0x82E7, 0x8307, 0x8308, 0x8307, 0x8328, 0x8328, 0x82E7, 0x8B07, 0x8B27, 0x9327,
    0x9327, 0x9327, 0x9328, 0x9B48, 0x9B48, 0x9B48, 0x9B47, 0x9B47, 0x9B47, 0xA367, 0xA368, 0xB3C9, 0xB3E9, 0xB3E9, 0xBC2A, 0xC4AD,
    0xC4EE, 0xC4CD, 0xBCEE, 0xC50E, 0xC50F, 0xC50F, 0xC50F, 0xC50F, 0xC50F, 0xC50F, 0xC52F, 0xC52F, 0xC52F, 0xC52F, 0xC52F, 0xC52F,
    0xCD4F, 0xCD4F, 0xCD0E, 0xC4AC, 0xC46B, 0xC48B, 0xC48B, 0xC48B, 0xCC8B, 0xCC8B, 0xCC8B, 0xCC8B, 0xCC8B, 0xCC8B, 0xCCAB, 0xD4EC,
    0xD50D, 0xDD2D, 0xDD4D, 0xDD4E, 0xDD4E, 0xDD6E, 0xE5D1, 0xE612, 0xE633, 0xE633, 0xE633, 0xE633, 0xE633, 0xE653, 0xE653, 0xEE74,
    0xEE95, 0xEE95, 0xF6B5, 0xF6B5, 0xF6B5, 0xEEB5, 0xF6B5, 0xF6B5, 0xF6B5, 0xF673, 0xEDF0, 0xEDAF, 0xEDAF, 0xEDAF, 0xEDAF, 0xEDD0,
    0xEDD0, 0xEDD0, 0xEDF0, 0xEDD0, 0xEE11, 0xF673, 0xF673, 0xF673, 0xF673, 0xF694, 0xF694, 0xF6B5, 0xF6B4, 0xF673, 0xEDF1, 0xEDD0,
    0xEDD0, 0xEDD0, 0xEDD0, 0xEDD0, 0xEDD0, 0xEDD0, 0xEDD0, 0xEDD0, 0xEDD0, 0xEDD0, 0xEDD0, 0xEDB0, 0xEDB0, 0xEDB0, 0xEDD0, 0xEE12,
    0xEE33, 0xEE95, 0xF6B6, 0xF6B6, 0xF6B6, 0xF6B6, 0xF6B6, 0xF6B6, 0xF6B6, 0xF6B6, 0xF6D6, 0xF6B6, 0xF6B6, 0xF6B6, 0xF6B6, 0xF6B7,
    0xF6B6, 0xF6D6, 0xF695, 0xE5D1, 0xE5B0, 0xE58F, 0xE58F, 0xE56F, 0xE56F, 0xE56F, 0xE56F, 0xE56F, 0xE56F, 0xE54E, 0xE54E, 0xE54E,
    0xE54E, 0xE54E, 0xE52E, 0xE50E, 0xE54E, 0xE5B0, 0xEE12, 0xEE55, 0xEE55, 0xEE54, 0xEE54, 0xEE54, 0xEE54, 0xEE34, 0xE5D3, 0xE5F2,
    0xE5F2, 0xE5F2, 0xE5D2, 0xE5D2, 0xE5D2, 0xE5D2, 0xE590, 0xE54F, 0xE570, 0xE5D2, 0xE5D2, 0xE5D2, 0xE5F2, 0xEE34, 0xEE54, 0xEE34,
    0xEE54, 0xEE34, 0xEE55, 0xEE55, 0xEE55, 0xEE55, 0xEE55, 0xEE75, 0xE613, 0xE5D2, 0xDD90, 0xDD2E, 0xDD2E, 0xDD2E, 0xDD2E, 0xD50E,
    0x30A0, 0x38A0, 0x40E1, 0x4101, 0x40E0, 0x4100, 0x4101, 0x40E1, 0x4101, 0x4121, 0x4121, 0x4121, 0x4121, 0x4942, 0x4942, 0x4942,
    0x4941, 0x5162, 0x4962, 0x4962, 0x5162, 0x5162, 0x5162, 0x5141, 0x5182, 0x59C3, 0x59E4, 0x59E3, 0x59E3, 0x6A25, 0x6A45, 0x6A65,
    0x7265, 0x7286, 0x7286, 0x8307, 0x8328, 0x8328, 0x8B49, 0x8B69, 0x8B69, 0x8B69, 0x8B69, 0x8B48, 0x8B07, 0x9307, 0x9307, 0x9327,
    0x9B27, 0x9B27, 0x9B27, 0x9B27, 0x9B27, 0x9B47, 0xA347, 0xA367, 0xA367, 0xABA8, 0xABC8, 0xB3E9, 0xBC09, 0xBC09, 0xBC09, 0xBC6C,
    0xC4CD, 0xC4EE, 0xC50E, 0xC50E, 0xC50F, 0xC50F, 0xC50F, 0xC50F, 0xC52F, 0xC52F, 0xC52F, 0xC52F, 0xC52F, 0xC52F, 0xC54F, 0xCD4F,
    0xCD4F, 0xCD4F, 0xCD6F, 0xCD0E, 0xC48C, 0xC48B, 0xC48B, 0xC48B, 0xCC8B, 0xCC8B, 0xCC8B, 0xCCAB, 0xD4EB, 0xD4EC, 0xD50C, 0xDD2D,
    0xDD2D, 0xDD2D, 0xDD2D, 0xDD4D, 0xE54E, 0xE54E, 0xDD6E, 0xE5F1, 0xE633, 0xE633, 0xE633, 0xE633, 0xEE33, 0xEE33, 0xEE53, 0xF674,
    0xF695, 0xF694, 0xEE53, 0xEE32, 0xEE32, 0xEE52, 0xEE12, 0xEE12, 0xEE12, 0xEE12, 0xEDF1, 0xEE11, 0xEE12, 0xEE32, 0xEE32, 0xF674,
    0xF694, 0xF694, 0xF694, 0xF694, 0xF6B5, 0xFEF6, 0xF6D6, 0xFEF6, 0xFEF6, 0xFEF6, 0xFEF6, 0xFEF6, 0xFED6, 0xF6D5, 0xF632, 0xEDF1,
    0xEDF0, 0xEDF0, 0xEDF0, 0xEDD0, 0xEDD0, 0xEDD0, 0xEDD0, 0xEDD0, 0xEDD0, 0xEDD0, 0xEDD0, 0xEDD0, 0xEDB0, 0xEDB0, 0xEDD0, 0xEDB0,
    0xEDD1, 0xF653, 0xEE94, 0xF6B6, 0xF6D6, 0xF6B6, 0xF6D6, 0xF6D6, 0xF6D6, 0xF6D6, 0xF6D6, 0xF6D6, 0xF6B6, 0xF6B6, 0xF6B6, 0xF6B6,
    0xF6B6, 0xF6B6, 0xF6B6, 0xF6B6, 0xF674, 0xE5D1, 0xED90, 0xED8F, 0xE56F, 0xE56F, 0xE56F, 0xE56F, 0xE56F, 0xE54E, 0xE54E, 0xE54E,
    0xE54E, 0xE54E, 0xE56F, 0xE56F, 0xE58F, 0xE56F, 0xEDF2, 0xEE34, 0xEE13, 0xE5D2, 0xE5B1, 0xE5D1, 0xE5B1, 0xE591, 0xDD50, 0xDD4F,
    0xDD4F, 0xDD4F, 0xDD4F, 0xDD2F, 0xDD2F, 0xDD2F, 0xE54F, 0xE54F, 0xE590, 0xEE13, 0xEE54, 0xEE55, 0xEE55, 0xEE55, 0xEE55, 0xEE55,
    0xEE55, 0xEE55, 0xEE55, 0xEE55, 0xE655, 0xE655, 0xEE55, 0xEE55, 0xEE55, 0xEE75, 0xE613, 0xDD90, 0xDD2F, 0xDD0E, 0xDD2E, 0xDD2E,
    0x30A0, 0x38A0, 0x38E0, 0x38E0, 0x38E0, 0x40E0, 0x40E0, 0x40E0, 0x4100, 0x4121, 0x4121, 0x4121, 0x4121, 0x4921, 0x4941, 0x4941,
    0x4921, 0x4100, 0x4100, 0x4901, 0x4921, 0x4921, 0x4921, 0x4941, 0x59E3, 0x6A24, 0x6A25, 0x6A45, 0x6A45, 0x6A45, 0x72A6, 0x7AE7,
    0x8328, 0x8328, 0x8349, 0x8B49, 0x8B49, 0x8B49, 0x8B49, 0x8B69, 0x93AA, 0x93AA, 0x9BCA, 0x9BAA, 0x9348, 0x9327, 0x9327, 0x9B27,
    0x9B27, 0x9B27, 0x9B27, 0x9B27, 0x9B47, 0xA367, 0xAB88, 0xABA8, 0xABA8, 0xB3E9, 0xB3E9, 0xBC09, 0xBC09, 0xBC09, 0xBC29, 0xBC0A,
    0xBC8C, 0xC50E, 0xC50E, 0xC50F, 0xC50F, 0xC52F, 0xC52F, 0xC52F, 0xC52F, 0xC52F, 0xC52F, 0xCD2F, 0xC54F, 0xCD4F, 0xCD4F, 0xCD4F,
    0xCD4F, 0xCD4F, 0xCD4F, 0xCD4F, 0xCD0E, 0xC48C, 0xCC8B, 0xCC8B, 0xCC8B, 0xCC8B, 0xCCAB, 0xD4CC, 0xDD0C, 0xDD2C, 0xDD2D, 0xDD2D,
    0xDD2D, 0xDD2D, 0xDD4D, 0xDD4E, 0xE56E, 0xDD6E, 0xDD6F, 0xE5B0, 0xE5F2, 0xE5F1, 0xE5B0, 0xE5D0, 0xE5B0, 0xE5D0, 0xEDD0, 0xEDD0,
    0xEDD0, 0xEDD0, 0xE5B0, 0xEDAF, 0xEDAF, 0xEDAF, 0xEDAF, 0xEDAF, 0xEDAF, 0xEDAF, 0xEDD0, 0xF612, 0xF695, 0xF6B6, 0xF6B5, 0xF6B6,
    0xF6D6, 0xF6D6, 0xF6F6, 0xFEF6, 0xFEF6, 0xF6F6, 0xF6D6, 0xF6D6, 0xF6F6, 0xF6F6, 0xF6D6, 0xFED6, 0xFED6, 0xFED6, 0xF6D5, 0xF653,
    0xEDD0, 0xEDD0, 0xEDD0, 0xEDD0, 0xEDD0, 0xEDD0, 0xEDD0, 0xEDD0, 0xEDD0, 0xEDD0, 0xEDD0, 0xEDD0, 0xEDD0, 0xEDD0, 0xEDD0, 0xEDD0,
    0xEDD0, 0xEDB0, 0xEDD1, 0xF694, 0xF6B6, 0xF6D7, 0xF6D6, 0xF6D6, 0xF6B6, 0xF6D6, 0xF6D6, 0xF6B6, 0xF6D6, 0xF6D6, 0xF6D6, 0xF6D6,
    0xF6D6, 0xF6D6, 0xF6D6, 0xF6D6, 0xF6D6, 0xF695, 0xEDD0, 0xE58F, 0xE56F, 0xE56F, 0xE56F, 0xE56F, 0xE56F, 0xE56F, 0xE5F2, 0xE5F2,
    0xE5F2, 0xEE13, 0xEE74, 0xEE74, 0xEE75, 0xEE75, 0xEE75, 0xEE34, 0xEE34, 0xE570, 0xE54F, 0xE54F, 0xE54F, 0xE54F, 0xE54F, 0xE54F,
    0xE54F, 0xE54F, 0xE54F, 0xDD4F, 0xE54F, 0xE54F, 0xE54F, 0xE54F, 0xE54F, 0xE590, 0xE5F2, 0xEE54, 0xEE55, 0xEE54, 0xEE54, 0xE655,
    0xEE55, 0xEE55, 0xEE55, 0xEE55, 0xEE55, 0xEE55, 0xEE55, 0xEE55, 0xEE55, 0xEE55, 0xEE55, 0xEE54, 0xE5D2, 0xE590, 0xD52E, 0xD50E,
    0x38A0, 0x38C0, 0x38C0, 0x38E0, 0x38E0, 0x40E0, 0x40E0, 0x40E0, 0x38E0, 0x38E0, 0x38E0, 0x40E0, 0x4100, 0x40E0, 0x4100, 0x4100,
    0x4100, 0x4900, 0x4900, 0x4921, 0x4921, 0x5141, 0x5141, 0x5141, 0x59C3, 0x6204, 0x6A25, 0x7286, 0x7AA7, 0x7AC7, 0x7AE8, 0x8308,
    0x8B49, 0x8B49, 0x8B69, 0x8B69, 0x8B49, 0x8B69, 0x938A, 0x93AA, 0x9BCB, 0x9BCB, 0x9BEB, 0x9BEB, 0xA3AA, 0x9348, 0x9327, 0x9B27,
    0x9B27, 0x9B27, 0xA347, 0xA368, 0xA388, 0xABA8, 0xB3E9, 0xB3E9, 0xBC09, 0xBC09, 0xBC09, 0xBC09, 0xBC29, 0xBC29, 0xBC2A, 0xBC2A,
    0xBC4A, 0xC4AD, 0xC4EE, 0xC50F, 0xC50F, 0xC52F, 0xC52F, 0xCD2F, 0xCD2F, 0xCD4F, 0xCD4F, 0xCD4F, 0xCD4F, 0xCD4F, 0xCD4F, 0xCD4F,
    0xCD4F, 0xCD2F, 0xCD2F, 0xCD2E, 0xCD2E, 0xCCEC, 0xCCCC, 0xCCCC, 0xD4CC, 0xD4EC, 0xE58F, 0xE5B0, 0xE58F, 0xDD6E, 0xDD8F, 0xE612,
    0xEE12, 0xE632, 0xE633, 0xEE33, 0xEE33, 0xE633, 0xEE53, 0xEE53, 0xEE53, 0xEE53, 0xE5B0, 0xEDAF, 0xEDAF, 0xEDAF, 0xEDAF, 0xEDAF,
    0xEDAF, 0xEDAF, 0xEDAF, 0xEDAF, 0xEDAF, 0xEDAF, 0xEDAF, 0xEDAF, 0xEDAF, 0xEDD0, 0xEDCF, 0xEDD0, 0xEDF1, 0xF694, 0xF6D6, 0xF6B5,
    0xF6D6, 0xF6D6, 0xF6D6, 0xFEF6, 0xF6D6, 0xF6D6, 0xF6F6, 0xFED6, 0xFEF6, 0xFEF6, 0xFEF6, 0xFEF6, 0xFED6, 0xFED6, 0xFEF6, 0xF6B5,
    0xF673, 0xEDF1, 0xEDD0, 0xEDD0, 0xEDD0, 0xEDD0, 0xEDD0, 0xEDD0, 0xEDD0, 0xEDD0, 0xEDD0, 0xEDD1, 0xEDD0, 0xEDD0, 0xEDD0, 0xEDD1,
    0xEDD0, 0xEDD0, 0xEDD0, 0xEDF1, 0xEE53, 0xF6B5, 0xF6D7, 0xF6D7, 0xF6F7, 0xF6F7, 0xF6F7, 0xF6F7, 0xF6D6, 0xF6F6, 0xF6D6, 0xF695,
    0xF694, 0xEE54, 0xEE53, 0xEE53, 0xEE33, 0xEE33, 0xEDB0, 0xEDD1, 0xF653, 0xEE54, 0xEE54, 0xEE74, 0xEE74, 0xEE74, 0xEE95, 0xEE95,
    0xEE95, 0xEE95, 0xEE96, 0xEE95, 0xEE76, 0xEE76, 0xEE76, 0xEE76, 0xF676, 0xEE33, 0xE5B0, 0xE54F, 0xE56F, 0xE56F, 0xE54F, 0xE54F,
    0xE56F, 0xE56F, 0xE56F, 0xE54F, 0xDD4F, 0xE54F, 0xE54F, 0xE54F, 0xE54F, 0xE54E, 0xE54F, 0xE5F2, 0xEE33, 0xEE55, 0xEE55, 0xEE55,
    0xEE55, 0xEE55, 0xEE55, 0xEE55, 0xEE55, 0xEE55, 0xEE55, 0xEE55, 0xEE55, 0xEE55, 0xEE55, 0xEE55, 0xEE75, 0xEE75, 0xE5F3, 0xDD90,
    0x38E0, 0x38E0, 0x38E0, 0x4100, 0x40E0, 0x40E0, 0x40E0, 0x40E0, 0x40E0, 0x40E0, 0x40E0, 0x40E0, 0x40E0, 0x40E0, 0x40E0, 0x4900,
    0x4921, 0x4921, 0x5121, 0x5141, 0x5141, 0x5141, 0x5141, 0x5161, 0x59A2, 0x7265, 0x7AC7, 0x8308, 0x8328, 0x8349, 0x8349, 0x8B49,
    0x8B49, 0x8B49, 0x8B69, 0x8B69, 0x938A, 0x93AA, 0x9BCB, 0x9BCB, 0x9BCB, 0x9BEB, 0xA3EB, 0xA3EB, 0xA40B, 0xA389, 0x9B48, 0x9B47,
    0xA347, 0xA347, 0xA368, 0xAB88, 0xABA9, 0xB3C9, 0xB3E9, 0xB3E9, 0xBC09, 0xBC0A, 0xBC2A, 0xBC29, 0xBC29, 0xBC29, 0xBC2A, 0xBC0A,
    0xBC29, 0xBC2B, 0xC4AD, 0xCD0F, 0xC50F, 0xC50F, 0xCD0F, 0xCD2F, 0xCD2F, 0xCD2F, 0xC50E, 0xC4CD, 0xC4EE, 0xC4ED, 0xCCED, 0xCCED,
    0xCCCC, 0xC4AC, 0xCCAC, 0xCCAC, 0xCCAC, 0xCC8B, 0xD54E, 0xDDD0, 0xE5D1, 0xE5F1, 0xEE32, 0xEE53, 0xEE53, 0xEE53, 0xEE53, 0xEE74,
    0xEE74, 0xEE74, 0xEE74, 0xEE74, 0xEE74, 0xEE74, 0xEE74, 0xEE94, 0xEE95, 0xF6B5, 0xEE32, 0xEDD0, 0xEDAF, 0xEDCF, 0xEDD0, 0xEDD0,
    0xEDD0, 0xEDD0, 0xEDCF, 0xEDCF, 0xEDCF, 0xEDCF, 0xEDAF, 0xEDAF, 0xEDCF, 0xEDCF, 0xEDD0, 0xEDD0, 0xEDD0, 0xEDF0, 0xF653, 0xF6D6,
    0xF6D6, 0xFEF6, 0xFEF6, 0xFEF6, 0xFEF6, 0xF6F6, 0xF6F6, 0xFEF6, 0xFF57, 0xFF98, 0xFF36, 0xFEF6, 0xFEF6, 0xFEF6, 0xFED6, 0xFEF6,
    0xF6F6, 0xF694, 0xF632, 0xEDD0, 0xEDD0, 0xEDD0, 0xEDD0, 0xEDD0, 0xEDD0, 0xEDD0, 0xEDD0, 0xEDD0, 0xEDD1, 0xEDD0, 0xEDD0, 0xEDD1,
    0xEDD1, 0xEDD1, 0xEDF1, 0xF5F1, 0xF5F1, 0xF632, 0xF6B5, 0xF6B5, 0xF695, 0xEE74, 0xF674, 0xF674, 0xEE33, 0xEE32, 0xEE12, 0xEDF1,
    0xEDD1, 0xEDB0, 0xE5B0, 0xED90, 0xED90, 0xED8F, 0xED8F, 0xEDD0, 0xEE32, 0xF694, 0xF6B6, 0xF6B6, 0xF6B6, 0xF6B5, 0xEE95, 0xEE95,
    0xEE95, 0xEE95, 0xEE95, 0xEE75, 0xEE76, 0xEE76, 0xEE75, 0xEE75, 0xEE75, 0xEE95, 0xEE54, 0xEE12, 0xE56F, 0xDD4F, 0xE56F, 0xE56F,
    0xE56F, 0xE56F, 0xE54F, 0xE54F, 0xE54F, 0xE54F, 0xE54F, 0xE54F, 0xE54F, 0xE54F, 0xE54F, 0xE54F, 0xE590, 0xEE33, 0xEE34, 0xEE55,
    0xEE55, 0xEE55, 0xEE55, 0xEE55, 0xEE55, 0xEE55, 0xEE55, 0xEE55, 0xEE55, 0xEE55, 0xEE75, 0xEE75, 0xEE75, 0xEE75, 0xEE75, 0xEE75,
    0x4941, 0x4941, 0x4961, 0x4961, 0x4941, 0x4120, 0x40E0, 0x40E0, 0x40E0, 0x40E0, 0x40E0, 0x40E1, 0x40E0, 0x4100, 0x4921, 0x4921,
    0x5121, 0x5121, 0x5121, 0x5141, 0x5141, 0x5141, 0x5141, 0x5161, 0x61C3, 0x7AA6, 0x8B28, 0x8328, 0x8328, 0x8349, 0x8B49, 0x8B49,
    0x8B49, 0x8B69, 0x8B69, 0x93AA, 0x9BCB, 0x9BEB, 0x9BEB, 0x9BEB, 0xA3EB, 0xA3EB, 0xA40B, 0xA40B, 0xAC0B, 0xAC2B, 0xABA9, 0xA367,
    0xAB88, 0xAB88, 0xABA8, 0xABA8, 0xB3A8, 0xB3E9, 0xBC09, 0xBC09, 0xBC29, 0xBC2A, 0xBC2A, 0xBC4A, 0xBC4A, 0xBC4A, 0xC48B, 0xC48C,
    0xC48C, 0xC4AC, 0xC4CD, 0xC4CD, 0xC4AD, 0xC48C, 0xC48C, 0xC48C, 0xC48C, 0xC48C, 0xC48B, 0xC46B, 0xC46B, 0xC46B, 0xC48B, 0xC48B,
    0xC48B, 0xC48B, 0xCC8B, 0xCC8B, 0xCC8B, 0xCCAB, 0xDD2D, 0xE5D0, 0xEE73, 0xE673, 0xEE73, 0xEE73, 0xEE74, 0xEE74, 0xEE74, 0xEE53,
    0xEE74, 0xEE74, 0xEE74, 0xEE74, 0xEE74, 0xEE74, 0xEE95, 0xF6D5, 0xF6F5, 0xF6F6, 0xFEF6, 0xF673, 0xEDF0, 0xEDCF, 0xEDD0, 0xEDCF,
    0xEDF0, 0xEDF0, 0xEDF0, 0xEDD0, 0xEDD0, 0xEDCF, 0xEDCF, 0xEDAF, 0xEDAF, 0xEDD0, 0xEDD0, 0xEDD0, 0xEDF0, 0xF5D0, 0xF5F1, 0xF694,
    0xF6D6, 0xFEF6, 0xF6F7, 0xFEF6, 0xFEF6, 0xFEF6, 0xFEF6, 0xFF16, 0xFFB9, 0xFFFC, 0xFF77, 0xFEF7, 0xFEF7, 0xFEF6, 0xFEF6, 0xFEF6,
    0xFEF6, 0xFF16, 0xF6B5, 0xEE33, 0xEDF1, 0xEDF1, 0xEDF1, 0xEDF1, 0xEDF1, 0xEDF1, 0xEDF1, 0xEDD1, 0xEE33, 0xF694, 0xF694, 0xF694,
    0xF694, 0xF694, 0xF695, 0xF6B5, 0xFEB5, 0xF6B5, 0xF6B5, 0xF633, 0xEDB0, 0xEDD0, 0xEDD0, 0xEDD0, 0xEDD0, 0xEDD0, 0xEDD0, 0xEDB0,
    0xEDB0, 0xEDB0, 0xEDB0, 0xEDB0, 0xEDB0, 0xEDB0, 0xEDAF, 0xED8F, 0xE58F, 0xEDF1, 0xEE74, 0xF6B5, 0xEE95, 0xEE95, 0xF695, 0xEE95,
    0xEE95, 0xEE95, 0xEE96, 0xEE75, 0xEE76, 0xEE76, 0xEE75, 0xEE75, 0xEE75, 0xEE75, 0xEE95, 0xF675, 0xEE33, 0xEDF2, 0xE58F, 0xE56F,
    0xE56F, 0xE56F, 0xE56F, 0xE54F, 0xE54F, 0xE56F, 0xE56F, 0xE54F, 0xE54F, 0xE54F, 0xE54F, 0xE54F, 0xDD4F, 0xDD4F, 0xDD70, 0xEE54,
    0xEE55, 0xEE75, 0xEE55, 0xEE75, 0xEE75, 0xEE75, 0xEE75, 0xEE75, 0xEE75, 0xEE75, 0xEE33, 0xEE13, 0xEE33, 0xE5F2, 0xE5B1, 0xE5B1,
    0x5182, 0x5182, 0x4981, 0x4961, 0x4961, 0x4120, 0x40E0, 0x40E0, 0x4100, 0x4100, 0x40E0, 0x4100, 0x4920, 0x5161, 0x59A2, 0x59A2,
    0x59A2, 0x5982, 0x5982, 0x59A2, 0x59A2, 0x59A2, 0x59A2, 0x59A2, 0x6A04, 0x7AA6, 0x8B28, 0x8B28, 0x8B48, 0x8B49, 0x8B49, 0x8B69,
    0x8B69, 0x9389, 0x9BAA, 0x9BCA, 0xA3EA, 0xA3EB, 0xA3EB, 0xA3EB, 0xA3EB, 0xA3EB, 0xA3EA, 0xABEA, 0xABEA, 0xAC0B, 0xABE9, 0xB3EA,
    0xB44B, 0xBC4B, 0xBC6B, 0xBC6B, 0xBC6B, 0xC48C, 0xC4AC, 0xC4CD, 0xCCED, 0xCCED, 0xCCEE, 0xCD0E, 0xCD0E, 0xCD0E, 0xCD2F, 0xCD4F,
    0xCD4F, 0xCD4F, 0xCD4F, 0xC4ED, 0xC48B, 0xC46B, 0xC46B, 0xC46B, 0xC46B, 0xC46B, 0xC46B, 0xC46B, 0xC46B, 0xC46B, 0xC48B, 0xCC8B,
    0xCC8B, 0xCC8B, 0xCC8B, 0xD4CC, 0xDD0C, 0xE52D, 0xE54D, 0xE58E, 0xE611, 0xEE53, 0xEE73, 0xEE73, 0xEE73, 0xEE74, 0xEE74, 0xEE74,
    0xEE74, 0xEE74, 0xEE74, 0xEE94, 0xEEB5, 0xEEB5, 0xF6D5, 0xFEF6, 0xFEF6, 0xFF16, 0xFF16, 0xFF16, 0xF6B4, 0xEDF1, 0xEDCF, 0xEDCF,
    0xEDD0, 0xEDF0, 0xEDCF, 0xEDCF, 0xEDCF, 0xEDCF, 0xEDCF, 0xEDAF, 0xEDAF, 0xEDAF, 0xEDCF, 0xEDD0, 0xEDD0, 0xF5F0, 0xF5D0, 0xEDF0,
    0xF653, 0xFED5, 0xFEF7, 0xFF16, 0xFF17, 0xFF17, 0xFF17, 0xFF17, 0xFF57, 0xFF77, 0xFF37, 0xFF17, 0xFF16, 0xFF17, 0xFEF6, 0xF694,
    0xF674, 0xF694, 0xF673, 0xF632, 0xEDF1, 0xF653, 0xF6B5, 0xF6B5, 0xFEB5, 0xFEB5, 0xFEB5, 0xF6B5, 0xF6D6, 0xFF17, 0xFF17, 0xFF17,
    0xFF17, 0xFF17, 0xFF17, 0xFF17, 0xFF17, 0xFF17, 0xFF37, 0xF694, 0xF632, 0xEDF1, 0xEDD0, 0xEDD1, 0xEDD0, 0xEDD0, 0xEDD0, 0xEDD0,
    0xEDB0, 0xEDB0, 0xEDB0, 0xEDB0, 0xEDB0, 0xEDB0, 0xEDAF, 0xEDAF, 0xEDB0, 0xED8F, 0xEDF1, 0xEE53, 0xF695, 0xF6B5, 0xF695, 0xF695,
    0xF695, 0xEE96, 0xEE96, 0xEE95, 0xEE76, 0xEE76, 0xEE76, 0xEE76, 0xEE95, 0xEE95, 0xEE95, 0xEE95, 0xF696, 0xF6B6, 0xEE54, 0xEDD1,
    0xE56F, 0xE56F, 0xE56F, 0xE54F, 0xE54F, 0xE54F, 0xE54F, 0xE56F, 0xE56F, 0xE54F, 0xE56F, 0xE570, 0xE570, 0xE570, 0xE590, 0xE5D2,
    0xEE34, 0xEE75, 0xEE54, 0xE613, 0xE613, 0xE613, 0xE612, 0xE612, 0xE5F2, 0xEDF2, 0xE56F, 0xDD4F, 0xE56F, 0xDD4F, 0xDD4E, 0xDD2E,
    0x4961, 0x4961, 0x4961, 0x5182, 0x5182, 0x4941, 0x40E1, 0x40E1, 0x4100, 0x4100, 0x4921, 0x4941, 0x5162, 0x59A2, 0x61C2, 0x61E3,
    0x61E3, 0x59A2, 0x5982, 0x61A2, 0x61C2, 0x61E3, 0x6A04, 0x6A04, 0x6A24, 0x7AA6, 0x8B48, 0x8B48, 0x8B49, 0x8B49, 0x8B49, 0x8B48,
    0x8B28, 0x9348, 0x9B68, 0x9B68, 0x9B68, 0xA388, 0xA388, 0xA389, 0xA388, 0xA3A8, 0xA388, 0xA388, 0xA388, 0xAB88, 0xABC9, 0xBC6B,
    0xC4EE, 0xC50F, 0xC50F, 0xCD2F, 0xCD2F, 0xCD2F, 0xCD4F, 0xD54F, 0xD550, 0xCD70, 0xD570, 0xCD70, 0xCD70, 0xD570, 0xCD50, 0xCD50,
    0xCD50, 0xCD70, 0xCD70, 0xCD4F, 0xC4CC, 0xC48B, 0xC48B, 0xCC8B, 0xCC8B, 0xC48B, 0xC48B, 0xC48B, 0xC46B, 0xC48B, 0xC48B, 0xC48B,
    0xCCAB, 0xD4EC, 0xDCEC, 0xDD2D, 0xE56D, 0xE56E, 0xE58E, 0xE56E, 0xE58F, 0xEE11, 0xEE53, 0xEE73, 0xEE74, 0xEE74, 0xEE74, 0xEE74,
    0xEE94, 0xEE94, 0xEE94, 0xF6D5, 0xFEF6, 0xFEF6, 0xFF16, 0xFEF6, 0xFEF6, 0xFF16, 0xFF16, 0xFF16, 0xFF16, 0xFEF5, 0xEE11, 0xEDD0,
    0xEDCF, 0xEDCF, 0xEDCF, 0xEDCF, 0xEDCF, 0xEDAF, 0xEDAF, 0xEDAF, 0xEDCF, 0xF611, 0xF611, 0xF611, 0xF611, 0xF632, 0xF652, 0xF632,
    0xF652, 0xF674, 0xFEF6, 0xFF16, 0xFEF6, 0xFED5, 0xFED5, 0xF6B5, 0xF694, 0xF673, 0xF673, 0xF653, 0xF653, 0xF653, 0xF653, 0xEE12,
    0xEE12, 0xEE12, 0xEDF2, 0xEDF2, 0xEDF1, 0xF612, 0xF6F6, 0xFF17, 0xFEF7, 0xF717, 0xF717, 0xF717, 0xFF17, 0xFF17, 0xFF17, 0xFF17,
    0xFF17, 0xFF17, 0xFF17, 0xFF17, 0xFF17, 0xFF17, 0xFF17, 0xFF17, 0xFF17, 0xF694, 0xEE11, 0xEDD1, 0xEDD1, 0xEDD0, 0xEDD0, 0xEDD0,
    0xEDB0, 0xEDAF, 0xEDAF, 0xEDAF, 0xEDAF, 0xEDAF, 0xEDAF, 0xEDAF, 0xEDAF, 0xEDAF, 0xED8F, 0xEDB0, 0xEE32, 0xEE73, 0xF6B6, 0xF6B6,
    0xF6B5, 0xF6B6, 0xF6B6, 0xF696, 0xF696, 0xEE96, 0xF696, 0xF696, 0xF696, 0xF696, 0xF695, 0xF6B5, 0xF6B5, 0xF6B6, 0xF6D6, 0xEE74,
    0xE5D1, 0xE590, 0xEDD1, 0xEDD1, 0xEDD1, 0xEDD1, 0xEDD1, 0xEE13, 0xEE13, 0xEE13, 0xEE33, 0xF695, 0xF695, 0xEE95, 0xF695, 0xF695,
    0xEE95, 0xF695, 0xEE34, 0xE5F1, 0xDD4F, 0xDD4F, 0xDD4F, 0xDD6F, 0xDD4F, 0xDD4F, 0xDD4E, 0xDD4E, 0xDD4E, 0xDD4E, 0xE54E, 0xDD2E,
    0x4961, 0x4961, 0x5182, 0x51A2, 0x59A2, 0x5161, 0x40E0, 0x4901, 0x4921, 0x4941, 0x5182, 0x5982, 0x5982, 0x61A2, 0x61E3, 0x61E3,
    0x61E3, 0x6A24, 0x7245, 0x6A44, 0x6A44, 0x7285, 0x7AE7, 0x7AC7, 0x7AE7, 0x8307, 0x8B28, 0x8B28, 0x8B28, 0x8B27, 0x8B27, 0x9327,
    0x9B27, 0x9B27, 0x9B27, 0x9B27, 0xA347, 0xA347, 0xA367, 0xA367, 0xA368, 0xA388, 0xA388, 0xAB88, 0xABA8, 0xB3E9, 0xB40A, 0xBC4B,
    0xC4CD, 0xC50E, 0xC50E, 0xC52F, 0xCD2F, 0xCD2F, 0xDD4F, 0xEE94, 0xE653, 0xD54F, 0xCD70, 0xCD70, 0xCD50, 0xCD50, 0xCD70, 0xCD70,
    0xCD70, 0xCD70, 0xCD70, 0xCD70, 0xD52F, 0xCCCC, 0xC48B, 0xCC8B, 0xCC8B, 0xCC8B, 0xCC8B, 0xC48B, 0xCC8B, 0xCC8B, 0xCCCB, 0xCCCB,
    0xD4EC, 0xE56D, 0xE56E, 0xED8E, 0xE58E, 0xED8E, 0xED8E, 0xED8E, 0xED8E, 0xE58F, 0xEE32, 0xEE94, 0xEE74, 0xEE74, 0xEE74, 0xEE94,
    0xF6D5, 0xFEF5, 0xF6F5, 0xF6F6, 0xFF16, 0xFF16, 0xFF16, 0xFF16, 0xFF17, 0xFF37, 0xFF37, 0xFF37, 0xFF37, 0xFF37, 0xF6F5, 0xF652,
    0xF5F0, 0xEDF0, 0xEDD0, 0xEDD0, 0xEDD0, 0xF632, 0xF632, 0xF632, 0xF653, 0xF6B5, 0xF6B4, 0xF6B4, 0xF6B4, 0xFEF6, 0xFF17, 0xFF17,
    0xFF17, 0xFF17, 0xFED6, 0xF694, 0xF652, 0xF612, 0xF632, 0xEE12, 0xEE11, 0xF611, 0xF611, 0xF612, 0xF612, 0xEE12, 0xEE12, 0xEE12,
    0xF612, 0xEE12, 0xF612, 0xF612, 0xF612, 0xEE12, 0xF612, 0xF694, 0xFF16, 0xF6F6, 0xFEF6, 0xF6F6, 0xF6F6, 0xFEF7, 0xFEF7, 0xFEF7,
    0xFF17, 0xFF17, 0xFF17, 0xFF17, 0xFF17, 0xFF17, 0xFF17, 0xFF17, 0xFF17, 0xFF17, 0xFEF6, 0xF612, 0xEDD0, 0xEDF0, 0xEDD0, 0xEDD0,
    0xEDB0, 0xEDAF, 0xEDAF, 0xEDAF, 0xEDAF, 0xEDAF, 0xEDAF, 0xED8F, 0xEDAF, 0xEDAF, 0xEDAF, 0xEDAF, 0xEDAF, 0xEDD0, 0xEE53, 0xF695,
    0xF6D6, 0xF6D6, 0xF6D6, 0xF6D6, 0xF6D6, 0xF6B6, 0xF675, 0xEE54, 0xEE54, 0xEE13, 0xEDF2, 0xEDF2, 0xEDF2, 0xEDF2, 0xE5F2, 0xEDF2,
    0xEDD0, 0xE5B1, 0xF695, 0xF6D6, 0xF6B6, 0xF6B6, 0xF6B6, 0xF6B6, 0xF6B6, 0xF6B6, 0xF696, 0xF696, 0xF696, 0xF696, 0xF696, 0xEE96,
    0xEE96, 0xF695, 0xF695, 0xEE74, 0xE612, 0xE5B1, 0xE56F, 0xE56F, 0xE54F, 0xE54F, 0xE54F, 0xE54F, 0xE54E, 0xDD2E, 0xDD2E, 0xDD2E,
    0x5161, 0x5182, 0x5182, 0x5182, 0x5182, 0x5982, 0x59C3, 0x6204, 0x6A25, 0x6A25, 0x6A25, 0x6A25, 0x6A24, 0x6A04, 0x6A45, 0x7245,
    0x7265, 0x7AC7, 0x8308, 0x8308, 0x8B28, 0x8B49, 0x9369, 0x9369, 0x9389, 0x9369, 0x9369, 0x8B07, 0x8B27, 0x9327, 0x9327, 0x9B47,
    0xA347, 0xA347, 0xA347, 0xA367, 0xAB67, 0xAB88, 0xAB88, 0xAB88, 0xAB88, 0xAB88, 0xABA8, 0xABA8, 0xB3E9, 0xBC2A, 0xBC4A, 0xBC2A,
    0xC4AC, 0xC50E, 0xC52F, 0xCD2F, 0xCD2F, 0xCD4F, 0xD54F, 0xEEB4, 0xEE73, 0xCD4F, 0xCD70, 0xCD70, 0xCD70, 0xD570, 0xD570, 0xCD70,
    0xD570, 0xD570, 0xD570, 0xD570, 0xD570, 0xCD2E, 0xCCCC, 0xCCAC, 0xCC8B, 0xCCAB, 0xCCAB, 0xCC8B, 0xCCAB, 0xD4CC, 0xE54D, 0xE56D,
    0xE56D, 0xE56D, 0xE56E, 0xED8E, 0xED8E, 0xED8E, 0xED8E, 0xED8E, 0xED8E, 0xED8F, 0xEDD0, 0xEE32, 0xF694, 0xEEB4, 0xF6D4, 0xF6F5,
    0xF6F5, 0xFF16, 0xFF16, 0xFF16, 0xFF16, 0xFF16, 0xFF16, 0xFEF6, 0xF6D4, 0xF6B4, 0xFEB4, 0xF6B4, 0xF6B4, 0xF6B4, 0xF6B4, 0xF652,
    0xF632, 0xF673, 0xF673, 0xF694, 0xF694, 0xFEF5, 0xFEF6, 0xFEF5, 0xFF16, 0xFF37, 0xFF17, 0xFF16, 0xFF17, 0xFF17, 0xFF17, 0xFF17,
    0xFF37, 0xFF37, 0xFF17, 0xFEF6, 0xF673, 0xF611, 0xF631, 0xF611, 0xF611, 0xF611, 0xF612, 0xF612, 0xF612, 0xF612, 0xF612, 0xF612,
    0xF612, 0xF612, 0xF612, 0xF612, 0xF612, 0xF612, 0xF612, 0xF612, 0xF694, 0xFF17, 0xF6F6, 0xFEF6, 0xFF16, 0xFF17, 0xFEF7, 0xFEF7,
    0xFF17, 0xFF17, 0xFF37, 0xFF17, 0xFF17, 0xFF17, 0xFF17, 0xFF17, 0xFF17, 0xFF17, 0xFF37, 0xF6F6, 0xF673, 0xEDF0, 0xEDD0, 0xEDD0,
    0xEDB0, 0xEDAF, 0xEDAF, 0xEDAF, 0xEDAF, 0xEDAF, 0xED8F, 0xED8F, 0xED8F, 0xED8F, 0xED8F, 0xEDAF, 0xEDB0, 0xEDB0, 0xEDD0, 0xEE33,
    0xF6B5, 0xF695, 0xF674, 0xEE53, 0xEE73, 0xEE12, 0xE5B0, 0xEDB0, 0xEDB0, 0xE58F, 0xE56F, 0xE56F, 0xE56F, 0xE56F, 0xE56F, 0xE56F,
    0xE56F, 0xE58F, 0xE5D1, 0xF654, 0xF6D7, 0xF6B6, 0xF6B6, 0xF6B6, 0xF6B6, 0xF6B6, 0xF696, 0xF696, 0xEE96, 0xEE96, 0xEE96, 0xEE96,
    0xF696, 0xF696, 0xF696, 0xF696, 0xF6B6, 0xF695, 0xE5D1, 0xE590, 0xE54F, 0xE54F, 0xE54F, 0xE54F, 0xE54F, 0xE54F, 0xE54E, 0xDD2E,
    0x5141, 0x5161, 0x5141, 0x5141, 0x5141, 0x5982, 0x6A24, 0x7286, 0x7286, 0x7286, 0x72A6, 0x7AA6, 0x7AC7, 0x7AC7, 0x7AC7, 0x7AC7,
    0x82E7, 0x8308, 0x8308, 0x8308, 0x8B49, 0x938A, 0x9389, 0x9389, 0x9389, 0x938A, 0x93A9, 0x9348, 0x9B27, 0x9B47, 0x9B47, 0xA367,
    0xA347, 0xA367, 0xA367, 0xAB67, 0xAB67, 0xAB88, 0xAB88, 0xABA8, 0xABA8, 0xB3C8, 0xBC2A, 0xBC2A, 0xBC4A, 0xC44A, 0xBC4A, 0xBC4A,
    0xC46B, 0xC4CD, 0xC52F, 0xCD2F, 0xCD2F, 0xCD4F, 0xD54F, 0xD54F, 0xD54F, 0xCD70, 0xCD70, 0xD570, 0xD570, 0xD570, 0xD590, 0xD570,
    0xD570, 0xD570, 0xD56F, 0xD58F, 0xD570, 0xD590, 0xD50E, 0xCC8B, 0xCC8B, 0xCCAB, 0xCCAB, 0xDD0C, 0xDD2D, 0xDD2D, 0xE54D, 0xE56D,
    0xE56E, 0xE56E, 0xE58E, 0xED8E, 0xED8E, 0xED8E, 0xED8E, 0xED8F, 0xED8E, 0xE58F, 0xE5B0, 0xEDF1, 0xF673, 0xF694, 0xF6B4, 0xF6D5,
    0xFEB4, 0xF6B4, 0xF6B4, 0xFEB4, 0xFEB4, 0xFEB4, 0xFEB3, 0xFEB3, 0xF652, 0xF632, 0xF631, 0xF611, 0xF611, 0xF611, 0xF611, 0xF611,
    0xF652, 0xFED5, 0xFF16, 0xFF37, 0xFF37, 0xFF36, 0xFF36, 0xFF36, 0xFF37, 0xFF37, 0xFF17, 0xFF37, 0xFF37, 0xFF17, 0xFF17, 0xFF17,
    0xFF17, 0xFF17, 0xFF37, 0xFF37, 0xFEF6, 0xF694, 0xF631, 0xF611, 0xF611, 0xF611, 0xF611, 0xF632, 0xF632, 0xF612, 0xF612, 0xF612,
    0xEE12, 0xEE12, 0xEE12, 0xF612, 0xF612, 0xF612, 0xF612, 0xF612, 0xF632, 0xF674, 0xFEF6, 0xFF17, 0xFF17, 0xFF17, 0xF717, 0xFF17,
    0xFF17, 0xFF17, 0xFF17, 0xFF37, 0xFF37, 0xFF17, 0xFF17, 0xFF17, 0xFF17, 0xFF17, 0xFF17, 0xFF37, 0xFEF6, 0xF694, 0xF611, 0xEDD0,
    0xEDD0, 0xEDB0, 0xEDB0, 0xEDB0, 0xEDB0, 0xF5F1, 0xF612, 0xF612, 0xF611, 0xF611, 0xF612, 0xF632, 0xFEB5, 0xF6B5, 0xF6B5, 0xF6B5,
    0xF6B6, 0xF695, 0xEDD1, 0xEDB0, 0xED90, 0xED8F, 0xED8F, 0xED90, 0xED8F, 0xED8F, 0xED8F, 0xED8F, 0xE58F, 0xE58F, 0xE58F, 0xE58F,
    0xED90, 0xED8F, 0xED8F, 0xEDB0, 0xEE12, 0xF695, 0xF6B6, 0xF6B6, 0xF6B6, 0xF6B6, 0xF6B6, 0xF6B6, 0xF696, 0xEE96, 0xF696, 0xEE96,
    0xEE96, 0xEE96, 0xF696, 0xF6B6, 0xF6B6, 0xF6B6, 0xF6B6, 0xF654, 0xE590, 0xE56F, 0xE54F, 0xE56F, 0xE54F, 0xE54F, 0xE54F, 0xE54F,
    0x5121, 0x5121, 0x5141, 0x5141, 0x5161, 0x5982, 0x61C3, 0x6A45, 0x7265, 0x7265, 0x7286, 0x7AC7, 0x82E7, 0x82E7, 0x7AE7, 0x7AE7,
    0x8307, 0x9369, 0x9369, 0x9369, 0x9369, 0x9369, 0x9389, 0x9389, 0x9389, 0x93AA, 0x9BAA, 0x9B89, 0x9B47, 0xA347, 0xA347, 0xA347,
    0xA367, 0xA367, 0xAB67, 0xAB67, 0xAB88, 0xAB88, 0xAB88, 0xB3C9, 0xBC29, 0xBC29, 0xC44A, 0xBC4A, 0xC44A, 0xC44A, 0xBC4A, 0xBC6A,
    0xC46B, 0xC48C, 0xCD0E, 0xCD2F, 0xCD4F, 0xCD4F, 0xCD50, 0xCD70, 0xCD70, 0xD570, 0xD570, 0xD570, 0xD570, 0xD590, 0xD590, 0xD590,
    0xD590, 0xD590, 0xD56F, 0xD56F, 0xD56F, 0xD58F, 0xD52E, 0xD50D, 0xDD0D, 0xD50D, 0xD50D, 0xDD4E, 0xE56E, 0xE58E, 0xE5AF, 0xEDD0,
    0xEDD0, 0xEDF0, 0xEDF1, 0xEDF1, 0xEDF1, 0xEDF1, 0xEE11, 0xEE12, 0xEE12, 0xEE33, 0xF633, 0xF653, 0xF6D5, 0xEE32, 0xEE11, 0xF611,
    0xF611, 0xF611, 0xF611, 0xF611, 0xF631, 0xF631, 0xF631, 0xF631, 0xF631, 0xF631, 0xF631, 0xF631, 0xF631, 0xF631, 0xF611, 0xF611,
    0xF611, 0xF653, 0xFEF6, 0xFF16, 0xFF16, 0xFF36, 0xFF16, 0xFF16, 0xFF37, 0xFF17, 0xFF37, 0xFF17, 0xFF37, 0xFF37, 0xFF37, 0xFF37,
    0xFF37, 0xFF37, 0xFF37, 0xFF37, 0xFF37, 0xFF37, 0xF694, 0xF631, 0xF611, 0xF611, 0xF611, 0xF632, 0xF632, 0xF612, 0xF611, 0xF611,
    0xF612, 0xF632, 0xF612, 0xF612, 0xF612, 0xF612, 0xF612, 0xF612, 0xF612, 0xF612, 0xF653, 0xF6D5, 0xFF37, 0xFF37, 0xFF17, 0xFF17,
    0xFF37, 0xFF37, 0xFF17, 0xFF37, 0xFF37, 0xFF37, 0xFF37, 0xFF37, 0xFF17, 0xFF17, 0xF6B5, 0xF694, 0xF694, 0xF694, 0xEE32, 0xEE11,
    0xF673, 0xF674, 0xF674, 0xF653, 0xF653, 0xFEB5, 0xFEF6, 0xFEF6, 0xFEF6, 0xFF17, 0xFF16, 0xFF16, 0xFF17, 0xF717, 0xF6F7, 0xF6F7,
    0xF6F6, 0xF6F6, 0xF694, 0xEDD0, 0xEDAF, 0xEDAF, 0xEDB0, 0xEDAF, 0xEDAF, 0xED8F, 0xED8F, 0xEDAF, 0xEDAF, 0xE58F, 0xE58F, 0xE58F,
    0xE58F, 0xE590, 0xED90, 0xED8F, 0xED90, 0xEDD0, 0xF653, 0xF6D6, 0xF6B6, 0xF6B6, 0xF6B6, 0xF6B6, 0xF6B7, 0xF6B6, 0xF6B6, 0xF6B6,
    0xF6B6, 0xEE96, 0xF696, 0xF6B6, 0xF6B6, 0xF6B6, 0xF6B6, 0xF6B6, 0xF6B6, 0xEDF2, 0xE56F, 0xE56F, 0xE56F, 0xE54E, 0xE54E, 0xE54E,
    0x5141, 0x5141, 0x5141, 0x5161, 0x5982, 0x69E3, 0x6A04, 0x7286, 0x7AA7, 0x7AA6, 0x7AC7, 0x8308, 0x82E7, 0x82E7, 0x8B28, 0x9369,
    0x9369, 0x9B8A, 0x9B8A, 0x9BAA, 0x9BAA, 0x9BAA, 0x9BAA, 0x9BAA, 0x9BAA, 0xA3AA, 0xA3CA, 0xABEB, 0xA388, 0x9B47, 0xA367, 0xA367,
    0xAB67, 0xA367, 0xA367, 0xAB67, 0xB3C9, 0xBC09, 0xBC09, 0xC429, 0xC44A, 0xC44A, 0xC44A, 0xBC4A, 0xBC4A, 0xC44A, 0xC44A, 0xC46A,
    0xC46A, 0xC46B, 0xCCEE, 0xCD4F, 0xCD50, 0xCD4F, 0xCD6F, 0xD570, 0xD590, 0xD590, 0xD590, 0xD590, 0xD591, 0xD570, 0xCD2E, 0xCD2E,
    0xD52E, 0xD52E, 0xCD0D, 0xCCED, 0xCCCD, 0xD4ED, 0xD4EC, 0xE56E, 0xEDD0, 0xEE32, 0xEE53, 0xEE53, 0xEE53, 0xEE53, 0xEE73, 0xEE74,
    0xEE74, 0xEE74, 0xEE94, 0xEE94, 0xEE75, 0xF695, 0xF695, 0xF694, 0xF6B5, 0xFEF6, 0xF6F5, 0xF6F5, 0xFF16, 0xFED5, 0xF652, 0xF631,
    0xF631, 0xF631, 0xF631, 0xF631, 0xF631, 0xF631, 0xF631, 0xF631, 0xF631, 0xF631, 0xF631, 0xF631, 0xF631, 0xF611, 0xF611, 0xF611,
    0xF631, 0xF631, 0xF673, 0xFED5, 0xFF37, 0xFF37, 0xFF37, 0xFF37, 0xFF37, 0xFF37, 0xFF37, 0xFF37, 0xFF37, 0xFF37, 0xFF37, 0xFF37,
    0xFF37, 0xFF37, 0xFF37, 0xFF37, 0xFF37, 0xFF37, 0xFF57, 0xF694, 0xF652, 0xF632, 0xF631, 0xF632, 0xF632, 0xF632, 0xF611, 0xF631,
    0xF612, 0xF612, 0xF611, 0xEE11, 0xF612, 0xF612, 0xF612, 0xF632, 0xF632, 0xF632, 0xF612, 0xF653, 0xFEF6, 0xFF37, 0xFF16, 0xFF16,
    0xFF16, 0xFEF6, 0xF6B5, 0xF6B4, 0xF6B4, 0xF6B5, 0xF694, 0xF653, 0xF673, 0xF673, 0xEE32, 0xEE11, 0xEDF1, 0xEDF1, 0xF5F1, 0xF611,
    0xF693, 0xFEF6, 0xFF17, 0xFF17, 0xFF17, 0xFF17, 0xFF17, 0xFF17, 0xFF17, 0xFF17, 0xFF17, 0xFF17, 0xFEF7, 0xF6F7, 0xF6F6, 0xF6F7,
    0xF6F6, 0xF6F6, 0xF6D6, 0xF6B5, 0xF674, 0xEDD0, 0xED8F, 0xEDAF, 0xEDAF, 0xED8F, 0xED8F, 0xED8F, 0xEDAF, 0xEDB0, 0xEDB0, 0xE590,
    0xE590, 0xE590, 0xE590, 0xEDB0, 0xEDB0, 0xE590, 0xEDD1, 0xEDF2, 0xF695, 0xF6D6, 0xF6B6, 0xF6B7, 0xF6B7, 0xF6B6, 0xF6D6, 0xF6D6,
    0xF6D6, 0xFEF6, 0xF6F6, 0xF6D6, 0xF6B6, 0xF6B6, 0xF6B6, 0xF6D6, 0xF6D6, 0xF6B5, 0xF694, 0xE5D1, 0xE56F, 0xE56F, 0xE54E, 0xE54E,
    0x5961, 0x5981, 0x61C3, 0x61E3, 0x6A03, 0x7A85, 0x7AA6, 0x7AC7, 0x82E7, 0x82E7, 0x82E7, 0x82E7, 0x8B28, 0x8B48, 0x9369, 0xA3CA,
    0x9BAA, 0x9BAA, 0x9BAA, 0x9BAA, 0xA3CA, 0xA3CB, 0xA3CA, 0xA3CA, 0xA3CB, 0xA3EB, 0xAC0B, 0xAC0B, 0xAC0B, 0xA388, 0xA367, 0xA367,
    0xAB67, 0xB3C9, 0xB3E9, 0xBBE9, 0xBC2A, 0xC44A, 0xC44A, 0xC44A, 0xC44A, 0xC44A, 0xC44A, 0xBC4A, 0xC46A, 0xC46B, 0xC46B, 0xC48B,
    0xC48B, 0xC48C, 0xC4ED, 0xCD0E, 0xCCED, 0xCCEE, 0xCD0E, 0xCD0E, 0xCD0E, 0xCD0E, 0xCCEE, 0xCCED, 0xCD0E, 0xCCED, 0xCCAC, 0xCCAB,
    0xCCAB, 0xCCAC, 0xCCAC, 0xCCAB, 0xD4CC, 0xDCEC, 0xDD0C, 0xE56D, 0xEDF1, 0xEE74, 0xEE53, 0xEE74, 0xEE74, 0xEE74, 0xEE74, 0xEE95,
    0xEE94, 0xEE95, 0xEE94, 0xEE94, 0xEE94, 0xEE95, 0xEE74, 0xEE94, 0xF6D5, 0xFF36, 0xFF36, 0xFF36, 0xFF37, 0xFF57, 0xFED4, 0xF652,
    0xF632, 0xF631, 0xF631, 0xF631, 0xF631, 0xF631, 0xF631, 0xF631, 0xF631, 0xF631, 0xF631, 0xF631, 0xF631, 0xF631, 0xF631, 0xF631,
    0xF631, 0xF651, 0xF631, 0xF693, 0xFF57, 0xFF57, 0xFF57, 0xFF57, 0xFF57, 0xFF57, 0xFF57, 0xFF37, 0xFF57, 0xFF37, 0xFF37, 0xFF37,
    0xFF37, 0xFF57, 0xFF57, 0xFF57, 0xFF57, 0xFF57, 0xFF57, 0xFF37, 0xFF16, 0xF652, 0xF631, 0xF632, 0xF632, 0xF632, 0xF632, 0xF632,
    0xF673, 0xF693, 0xF694, 0xF694, 0xF694, 0xF694, 0xF694, 0xFED4, 0xFEF5, 0xFEF5, 0xFEF5, 0xFEF5, 0xFF16, 0xFF16, 0xF633, 0xF653,
    0xF652, 0xF632, 0xF632, 0xF632, 0xF632, 0xF632, 0xF612, 0xEDF1, 0xEE11, 0xEE11, 0xF611, 0xF611, 0xF5F1, 0xF5F1, 0xF5F1, 0xF5F1,
    0xF611, 0xEE11, 0xF6B5, 0xFF17, 0xFF17, 0xFF17, 0xFF17, 0xFF17, 0xFF17, 0xFF17, 0xFF17, 0xFF17, 0xF6F7, 0xF6F7, 0xF6F6, 0xF6D6,
    0xF6F6, 0xF6F6, 0xF6F6, 0xF6F7, 0xF6F6, 0xF694, 0xF632, 0xED8F, 0xED8F, 0xED8F, 0xED8F, 0xED8F, 0xE58F, 0xE58F, 0xEDB0, 0xEDB0,
    0xEDB0, 0xEDB0, 0xEDB0, 0xE590, 0xE590, 0xEDB0, 0xE5B0, 0xE5B0, 0xEE12, 0xEE33, 0xF695, 0xF6D7, 0xF6D7, 0xF6D6, 0xF6D6, 0xF6D6,
    0xF6D6, 0xF6D6, 0xFEF6, 0xF6D6, 0xF6B6, 0xF6B6, 0xF6D6, 0xF674, 0xEE12, 0xEE13, 0xEE13, 0xEDF1, 0xE590, 0xEDD1, 0xEE33, 0xEE12,
    0x61C2, 0x69E3, 0x7244, 0x7244, 0x7A65, 0x7A86, 0x7AA6, 0x82E7, 0x8B08, 0x8B28, 0x8B28, 0x9348, 0x9BAA, 0xA3CA, 0xA3CA, 0xA3CA,
    0xA3CA, 0x9BCA, 0xA3CA, 0xA3AA, 0xA3CA, 0xA3CB, 0xA3CA, 0xA3EA, 0xA3EB, 0xABEB, 0xABEB, 0xAC0B, 0xB40B, 0xB3EA, 0xB42A, 0xB42A,
    0xBC2B, 0xC46C, 0xC48C, 0xC48C, 0xCCCD, 0xCD0E, 0xCCED, 0xCCED, 0xCCED, 0xCCEE, 0xCCEE, 0xCD0E, 0xCD0D, 0xCD0E, 0xCD2E, 0xD54F,
    0xD54F, 0xD54F, 0xD54F, 0xCCCD, 0xC48B, 0xC48B, 0xCC8B, 0xCCAC, 0xCC8B, 0xCC8B, 0xCC8B, 0xCC8B, 0xCC8B, 0xCCAB, 0xCCAB, 0xD4AB,
    0xD4AB, 0xD4CB, 0xD4CC, 0xD4CC, 0xDD0C, 0xE56E, 0xE58E, 0xED8E, 0xEDCF, 0xE611, 0xEE53, 0xEE53, 0xEE53, 0xEE53, 0xEE74, 0xEE74,
    0xEE94, 0xEE94, 0xEE94, 0xEE94, 0xEE94, 0xEEB5, 0xF6F5, 0xF6F5, 0xFF36, 0xFF36, 0xFF56, 0xFF57, 0xFF57, 0xFF57, 0xFF57, 0xF6B4,
    0xF632, 0xF632, 0xF631, 0xF631, 0xF631, 0xF631, 0xF631, 0xF631, 0xF651, 0xF631, 0xF631, 0xF631, 0xF631, 0xF631, 0xF631, 0xF631,
    0xF631, 0xF652, 0xF652, 0xF672, 0xF6B4, 0xFF37, 0xFF57, 0xFF57, 0xFF57, 0xFF57, 0xFF57, 0xFF57, 0xFF57, 0xFF57, 0xFF57, 0xFF57,
    0xFF57, 0xFF37, 0xFF37, 0xFF37, 0xFF36, 0xFF36, 0xFF36, 0xFF37, 0xFF16, 0xF693, 0xF652, 0xF673, 0xF694, 0xF694, 0xF694, 0xF694,
    0xFF16, 0xFF57, 0xFF57, 0xFF57, 0xFF57, 0xFF57, 0xFF57, 0xFF57, 0xFF57, 0xFF57, 0xFF77, 0xFF77, 0xFF78, 0xFF57, 0xFED5, 0xF653,
    0xF632, 0xF632, 0xF632, 0xF632, 0xF632, 0xF632, 0xF631, 0xF611, 0xF611, 0xF611, 0xF611, 0xF5F1, 0xF5F1, 0xF5F0, 0xF5F0, 0xF5F0,
    0xF5F0, 0xF5F0, 0xF632, 0xF694, 0xFF16, 0xFF37, 0xFF37, 0xFF37, 0xFF37, 0xFF37, 0xFF17, 0xFF17, 0xF717, 0xF717, 0xF6F7, 0xF6D6,
    0xF6F6, 0xF6F6, 0xF6F6, 0xF6F6, 0xF6F6, 0xF6F7, 0xF6D6, 0xEE53, 0xEDF1, 0xEDB0, 0xED8F, 0xED8F, 0xE58F, 0xE58F, 0xE58F, 0xED90,
    0xED90, 0xED90, 0xED90, 0xED90, 0xED90, 0xED90, 0xEDB0, 0xEDB0, 0xE58F, 0xE58F, 0xEE33, 0xF6B6, 0xF6B5, 0xF695, 0xF6B6, 0xF6B6,
    0xF674, 0xEE13, 0xEE13, 0xEDF2, 0xEDF2, 0xEDF2, 0xEE12, 0xEDB1, 0xE56F, 0xE56F, 0xE56F, 0xE58F, 0xE56F, 0xE590, 0xEDF2, 0xEE33,
    0x7244, 0x7244, 0x7244, 0x7244, 0x7244, 0x7A65, 0x7A85, 0x82E7, 0x9B69, 0xA3AA, 0xA3AA, 0xA3CA, 0xA3AA, 0xA3CA, 0xA3CA, 0xA3CA,
    0xA3CA, 0xA3AA, 0xA3AA, 0xA3CA, 0xA3AA, 0x9B89, 0x9BA9, 0xA3A9, 0xA3A9, 0xA389, 0xAB88, 0xABA8, 0xABA8, 0xB40A, 0xC4CD, 0xC50E,
    0xCD2F, 0xCD2F, 0xCD2F, 0xCD2F, 0xCD4F, 0xCD70, 0xCD70, 0xCD70, 0xCD70, 0xCD70, 0xCD70, 0xD570, 0xCD90, 0xD56F, 0xD56F, 0xCD70,
    0xD570, 0xD570, 0xD590, 0xD52F, 0xCCAC, 0xCCAB, 0xCCAB, 0xCCAB, 0xCCAB, 0xCC8C, 0xCCAB, 0xCCAB, 0xCCAB, 0xCCCB, 0xD4CB, 0xD4CB,
    0xD4EC, 0xD4EC, 0xE54D, 0xED4D, 0xED8E, 0xEDAF, 0xEDAF, 0xEDAF, 0xEDAF, 0xE5D0, 0xEE53, 0xEE53, 0xEE73, 0xEE74, 0xEE74, 0xEE94,
    0xEE94, 0xEE94, 0xEE94, 0xF6B4, 0xF6F5, 0xFF16, 0xFF57, 0xFF57, 0xFF37, 0xFF56, 0xFF57, 0xFF57, 0xFF57, 0xFF57, 0xFF57, 0xFF57,
    0xF6D4, 0xF631, 0xF631, 0xF631, 0xF631, 0xF651, 0xF651, 0xF631, 0xF651, 0xF631, 0xF631, 0xF631, 0xF651, 0xF631, 0xF651, 0xF651,
    0xF631, 0xF651, 0xF652, 0xF652, 0xF652, 0xFED5, 0xFF36, 0xFF57, 0xFF57, 0xFF37, 0xFF37, 0xFF37, 0xFF37, 0xFF37, 0xFF37, 0xFF37,
    0xFEF6, 0xFED5, 0xF694, 0xF694, 0xF674, 0xF673, 0xF673, 0xF673, 0xF673, 0xF652, 0xF652, 0xFEF5, 0xFF37, 0xFF37, 0xFF57, 0xFF57,
    0xFF57, 0xFF57, 0xFF37, 0xFF37, 0xFF37, 0xFF57, 0xFF57, 0xFF57, 0xFF57, 0xFF57, 0xFF57, 0xFF57, 0xFF57, 0xFF58, 0xFF57, 0xFED5,
    0xF673, 0xF631, 0xF631, 0xF632, 0xF632, 0xF631, 0xF631, 0xF631, 0xF611, 0xF611, 0xF611, 0xF5F1, 0xF5F0, 0xEDD0, 0xEDD0, 0xF5F0,
    0xF5F0, 0xF5F0, 0xF5F0, 0xF5F1, 0xF673, 0xF6D5, 0xFF37, 0xFF37, 0xFF37, 0xFF37, 0xFF37, 0xFF37, 0xFF17, 0xFF17, 0xFF17, 0xFF17,
    0xF717, 0xF717, 0xFEF7, 0xF6F7, 0xF716, 0xF6F7, 0xFEF7, 0xFF17, 0xF6F6, 0xEE12, 0xEDB0, 0xED8F, 0xED8F, 0xED8F, 0xED6F, 0xED8F,
    0xEDB0, 0xEDB0, 0xEDB0, 0xEDB0, 0xEDB0, 0xEDD1, 0xEDF1, 0xEDF1, 0xEDF1, 0xEDD1, 0xEE12, 0xF695, 0xEE13, 0xEDF1, 0xEDD1, 0xEDD1,
    0xEDD1, 0xEDD1, 0xEDB0, 0xE590, 0xE590, 0xE56F, 0xE56F, 0xE590, 0xE58F, 0xE58F, 0xE56F, 0xE56F, 0xE56F, 0xE56F, 0xE56F, 0xE590,
    0x7A44, 0x7A64, 0x7A64, 0x7A85, 0x7A85, 0x7A85, 0x8B07, 0x9368, 0x9B68, 0x9B48, 0x9B48, 0x9B48, 0x9B48, 0x9B68, 0x9B68, 0x9B68,
    0x9B68, 0x9B68, 0x9B68, 0x9B68, 0x9B68, 0x9B68, 0xA367, 0xA368, 0xA388, 0xAB88, 0xAB88, 0xB3C9, 0xBC09, 0xBC0A, 0xC4AC, 0xCD2F,
    0xCD2F, 0xCD2F, 0xCD4F, 0xCD50, 0xCD50, 0xCD4F, 0xCD4F, 0xCD4F, 0xCD4F, 0xCD6F, 0xCD6F, 0xCD6F, 0xCD6F, 0xD56F, 0xD56F, 0xD570,
    0xD570, 0xD570, 0xD590, 0xD570, 0xCCED, 0xCCAB, 0xCCAB, 0xCCAB, 0xCCAB, 0xCCAB, 0xCCAB, 0xCCAB, 0xD4CB, 0xD4CB, 0xCCAB, 0xD4CC,
    0xE56D, 0xED8E, 0xEDAE, 0xEDCF, 0xEDAF, 0xEDAF, 0xEDAF, 0xEDAF, 0xEDAF, 0xEDB0, 0xE5F1, 0xEE32, 0xEE94, 0xEE74, 0xEE94, 0xEE94,
    0xEEB4, 0xF6B5, 0xF6F5, 0xF715, 0xFF56, 0xFF57, 0xFF57, 0xFF57, 0xFF57, 0xFF57, 0xFF57, 0xFF57, 0xFF57, 0xFF57, 0xFF57, 0xFF57,
    0xFF57, 0xFEB4, 0xF631, 0xF651, 0xF651, 0xF651, 0xF651, 0xF652, 0xF652, 0xF652, 0xF652, 0xF651, 0xF652, 0xF652, 0xF693, 0xF693,
    0xF673, 0xF673, 0xF673, 0xFE93, 0xF694, 0xF694, 0xFED4, 0xFEB4, 0xF694, 0xF694, 0xF694, 0xF673, 0xF673, 0xF693, 0xF694, 0xF693,
    0xF673, 0xF673, 0xF653, 0xF653, 0xF653, 0xF633, 0xF632, 0xF632, 0xF652, 0xF652, 0xF652, 0xF693, 0xF6D5, 0xFF37, 0xFF57, 0xFF37,
    0xFF57, 0xFF57, 0xFF57, 0xFF57, 0xFF57, 0xFF57, 0xFF57, 0xFF57, 0xFF57, 0xFF57, 0xFF57, 0xFF57, 0xFF57, 0xFF57, 0xFF57, 0xFF78,
    0xFF37, 0xF6B4, 0xF652, 0xF611, 0xF631, 0xF631, 0xF631, 0xF631, 0xF611, 0xF611, 0xF5F1, 0xEDF0, 0xF5F0, 0xEDD0, 0xEDD0, 0xF5F0,
    0xF5F0, 0xF5F0, 0xF5F0, 0xF5F0, 0xF5D0, 0xF632, 0xF6B4, 0xFF17, 0xFF38, 0xFF38, 0xFF37, 0xFF37, 0xFF37, 0xFF37, 0xFF17, 0xFF17,
    0xFF17, 0xFF17, 0xFF17, 0xFF17, 0xF6D6, 0xF6B5, 0xF6B5, 0xF6B5, 0xF6B5, 0xF673, 0xEE11, 0xEE12, 0xEE32, 0xEE32, 0xF612, 0xEE33,
    0xF6B4, 0xF6B5, 0xF6B5, 0xF6D5, 0xF6D5, 0xF6D6, 0xFEF6, 0xFEF6, 0xF6D6, 0xF6D6, 0xF6D7, 0xFED6, 0xF6D6, 0xF6B5, 0xEDF1, 0xEDB0,
    0xE5D0, 0xEDD1, 0xEDB0, 0xEDB0, 0xEDB0, 0xEDB0, 0xEDB0, 0xEDB0, 0xE590, 0xE58F, 0xE56F, 0xE56F, 0xE56F, 0xE570, 0xE56F, 0xE56F,
    0x82A5, 0x82A5, 0x82A5, 0x8AE6, 0x9B68, 0x9B69, 0x9BA9, 0xA3CA, 0x9B48, 0x9306, 0x9B27, 0x9B27, 0x9B27, 0x9B27, 0x9B27, 0x9B27,
    0x9B27, 0xA368, 0xA388, 0xA368, 0xA368, 0xA368, 0xA368, 0xA368, 0xABA8, 0xB3E9, 0xB3C9, 0xBC2A, 0xC44A, 0xBC4A, 0xC48C, 0xCD0E,
    0xCD2F, 0xCD2F, 0xCD4F, 0xCD50, 0xCD50, 0xCD50, 0xCD4F, 0xCD6F, 0xCD70, 0xCD6F, 0xCD6F, 0xD570, 0xD570, 0xD56F, 0xD590, 0xD590,
    0xD590, 0xD590, 0xD590, 0xD590, 0xD54F, 0xCCCC, 0xCCAB, 0xCCAB, 0xCCAB, 0xCCAB, 0xCCAB, 0xCCAB, 0xD4CC, 0xD4CC, 0xE54D, 0xE56D,
    0xEDAE, 0xEDAE, 0xEDCF, 0xEDCF, 0xEDCF, 0xEDAF, 0xEDAF, 0xEDCF, 0xEDCF, 0xEDCF, 0xEDD0, 0xEE11, 0xEE73, 0xEE94, 0xEE94, 0xF6D5,
    0xFF36, 0xFF36, 0xFF36, 0xFF56, 0xFF56, 0xFF57, 0xFF57, 0xFF57, 0xFF57, 0xFF57, 0xFF57, 0xFF57, 0xFF57, 0xFF57, 0xFF56, 0xFF36,
    0xFF56, 0xFF15, 0xFE72, 0xF672, 0xF672, 0xF672, 0xF652, 0xF693, 0xFED5, 0xFED5, 0xFED5, 0xFED5, 0xFED4, 0xFEF5, 0xFF37, 0xFF37,
    0xFF37, 0xFF37, 0xFF36, 0xFF37, 0xFF57, 0xFF57, 0xFF36, 0xF6B4, 0xF673, 0xF653, 0xFE73, 0xF653, 0xF653, 0xF673, 0xF673, 0xF673,
    0xFE73, 0xF673, 0xF673, 0xF673, 0xF652, 0xF653, 0xF673, 0xF652, 0xF652, 0xF652, 0xF652, 0xF652, 0xF652, 0xFEF5, 0xFF37, 0xFF57,
    0xFF57, 0xFF57, 0xFF57, 0xFF57, 0xFF57, 0xFF57, 0xFF57, 0xFF57, 0xFF57, 0xFF57, 0xFF57, 0xFF57, 0xFF57, 0xFF57, 0xFF57, 0xFF57,
    0xFF78, 0xFF78, 0xF6D5, 0xF652, 0xF631, 0xF611, 0xF611, 0xF611, 0xF611, 0xF5F1, 0xF5F1, 0xF5F0, 0xF5F0, 0xF5F0, 0xF5F0, 0xF5F0,
    0xEDF0, 0xF5F0, 0xF5F0, 0xF5D0, 0xF5F0, 0xF5F0, 0xF5F0, 0xF673, 0xFEF6, 0xFF58, 0xFF57, 0xFF37, 0xFF37, 0xFF37, 0xFF37, 0xFF37,
    0xF6B5, 0xEE33, 0xEE53, 0xF653, 0xEDF1, 0xEDD0, 0xEDD0, 0xEDD0, 0xEDD0, 0xEDB0, 0xEDD0, 0xF673, 0xF6F6, 0xFF17, 0xFEF6, 0xF717,
    0xF717, 0xF717, 0xFF17, 0xFF17, 0xFF17, 0xFEF7, 0xFEF6, 0xFEF6, 0xF6F6, 0xF6D6, 0xF6D6, 0xF6D6, 0xF6F7, 0xF6F7, 0xF6B5, 0xF6B5,
    0xEDF1, 0xEDB0, 0xEDB0, 0xEDB0, 0xEDB0, 0xEDB0, 0xEDB0, 0xEDB0, 0xEDB0, 0xE590, 0xED8F, 0xE58F, 0xE56F, 0xE590, 0xE590, 0xE570,
    0x82A5, 0x9348, 0x9B69, 0x9B89, 0xA3CA, 0xA3EA, 0xA3EA, 0xA3EA, 0xA389, 0x9B27, 0x9B47, 0x9B47, 0x9B47, 0x9B47, 0x9B48, 0xA368,
    0xA368, 0xA388, 0xA388, 0xA388, 0xA388, 0xA388, 0xABA8, 0xABA8, 0xB3C9, 0xC44A, 0xC44A, 0xC44A, 0xC44A, 0xC44A, 0xC44B, 0xC4CD,
    0xCD4F, 0xCD4F, 0xCD4F, 0xCD50, 0xCD50, 0xCD50, 0xCD70, 0xCD70, 0xCD70, 0xCD6F, 0xD56F, 0xD570, 0xD56F, 0xD56F, 0xD590, 0xD590,
    0xD590, 0xD590, 0xD590, 0xD591, 0xDD90, 0xD52E, 0xCCCB, 0xCCAB, 0xD4AB, 0xD4CB, 0xD4CB, 0xDCEC, 0xE54D, 0xE54D, 0xF5CE, 0xF5EF,
    0xEDCF, 0xEDEF, 0xEDEF, 0xEDCF, 0xEDCF, 0xEDCF, 0xEDCF, 0xEDCF, 0xEDEF, 0xEDF0, 0xF5F0, 0xEDD0, 0xEE32, 0xF6B4, 0xFEF5, 0xFF15,
    0xFF36, 0xFF36, 0xFF56, 0xFF56, 0xFF56, 0xFF56, 0xFF56, 0xFF36, 0xFF36, 0xFF36, 0xFF36, 0xFF36, 0xFF36, 0xFF15, 0xFE93, 0xFE93,
    0xF6B3, 0xFEB3, 0xFE73, 0xFED4, 0xFF15, 0xFEF5, 0xFEF5, 0xFF16, 0xFF57, 0xFF57, 0xFF57, 0xFF57, 0xFF57, 0xFF57, 0xFF78, 0xFF78,
    0xFF78, 0xFF78, 0xFF78, 0xFF58, 0xFF58, 0xFF78, 0xFF77, 0xFF77, 0xFED4, 0xFE73, 0xFE73, 0xFE73, 0xFE73, 0xFE93, 0xFE93, 0xFE73,
    0xF673, 0xF673, 0xF673, 0xF672, 0xF672, 0xF672, 0xF673, 0xF652, 0xF652, 0xF652, 0xF652, 0xF652, 0xF652, 0xF652, 0xFEB4, 0xFF37,
    0xFF57, 0xFF57, 0xFF57, 0xFF57, 0xFF57, 0xFF57, 0xFF57, 0xFF57, 0xFF57, 0xFF57, 0xFF57, 0xFF57, 0xFF57, 0xFF57, 0xFF57, 0xFF57,
    0xFF58, 0xFF78, 0xFF78, 0xFF57, 0xF673, 0xF631, 0xF611, 0xF611, 0xF611, 0xEDF0, 0xF610, 0xF610, 0xF5F0, 0xF5F0, 0xF5F0, 0xF5F0,
    0xF5F0, 0xF5F0, 0xF5F0, 0xF652, 0xF672, 0xF672, 0xF652, 0xF693, 0xFF16, 0xF6D5, 0xF673, 0xF673, 0xF673, 0xF673, 0xF673, 0xF673,
    0xEE32, 0xEDF1, 0xEDD1, 0xEDD0, 0xEDD0, 0xEDD0, 0xEDB0, 0xEDB0, 0xEDAF, 0xEDAF, 0xEDAF, 0xEDAF, 0xEE32, 0xF6B5, 0xF6F7, 0xF6F7,
    0xF6F7, 0xF717, 0xFF17, 0xFEF7, 0xFEF7, 0xFEF6, 0xF6D6, 0xF6D6, 0xF6D6, 0xF6D6, 0xF6D6, 0xF6D6, 0xF6F7, 0xF6F7, 0xF6F7, 0xFF17,
    0xF694, 0xF633, 0xEDB1, 0xEDB0, 0xEDB0, 0xEDB0, 0xEDB0, 0xEDB0, 0xEDB0, 0xEDB0, 0xEDB0, 0xEDB0, 0xEDB0, 0xE590, 0xE590, 0xE590,
    0x9348, 0xA3AA, 0xA3EA, 0xA3CA, 0xA3CA, 0xA3CA, 0xA3EA, 0xA40B, 0xA3CA, 0xA368, 0x9B48, 0xA348, 0xA368, 0xA368, 0xA368, 0xA368,
    0xA388, 0xA368, 0xA388, 0xAB88, 0xAB88, 0xABA8, 0xBC2A, 0xC44A, 0xC44A, 0xC44A, 0xC44A, 0xC44A, 0xC44A, 0xC46A, 0xC44B, 0xC4AC,
    0xCD2E, 0xCD50, 0xCD70, 0xCD70, 0xD570, 0xCD70, 0xD570, 0xD570, 0xD590, 0xD590, 0xD590, 0xD590, 0xD58F, 0xD590, 0xD590, 0xD590,
    0xD590, 0xD590, 0xD590, 0xDD90, 0xDD90, 0xDD8F, 0xD4EC, 0xD4CC, 0xD4CC, 0xDD0C, 0xE52C, 0xE56D, 0xF5CF, 0xF5CF, 0xF5EE, 0xEDCF,
    0xEDEE, 0xEDEF, 0xEDCF, 0xEDCF, 0xEDCF, 0xEDCF, 0xEDD0, 0xEDF0, 0xEDF0, 0xEDD0, 0xF5F0, 0xF631, 0xF672, 0xF6B4, 0xF6B3, 0xFED3,
    0xFED3, 0xFED3, 0xFED4, 0xFED4, 0xFED4, 0xFEF4, 0xFEF4, 0xFEB3, 0xFE72, 0xFE72, 0xFE72, 0xFE92, 0xFE92, 0xFE92, 0xFE92, 0xFE92,
    0xFE92, 0xFE92, 0xFE72, 0xFED4, 0xFF56, 0xFF78, 0xFF77, 0xFF57, 0xFF57, 0xFF57, 0xFF57, 0xFF58, 0xFF58, 0xFF58, 0xFF58, 0xFF78,
    0xFF58, 0xFF58, 0xFF58, 0xFF58, 0xFF58, 0xFF58, 0xFF58, 0xFF58, 0xFF57, 0xFEF5, 0xFE93, 0xFE93, 0xFE93, 0xFE93, 0xFE93, 0xFE93,
    0xFE73, 0xFE72, 0xF672, 0xF672, 0xF672, 0xF652, 0xF652, 0xF652, 0xF652, 0xF652, 0xF652, 0xF652, 0xF652, 0xF652, 0xF672, 0xF693,
    0xFF36, 0xFF57, 0xFF57, 0xFF57, 0xFF57, 0xFF57, 0xFF57, 0xFF57, 0xFF77, 0xFF77, 0xFF57, 0xFF57, 0xFF77, 0xFF78, 0xFF78, 0xFF78,
    0xFF78, 0xFF78, 0xFF78, 0xFF78, 0xFF77, 0xF693, 0xF631, 0xF611, 0xF611, 0xF611, 0xF5F1, 0xF631, 0xF631, 0xF631, 0xF611, 0xF652,
    0xFEB3, 0xFE93, 0xFE93, 0xFF16, 0xFF77, 0xFF57, 0xFF78, 0xFF78, 0xFF78, 0xFF16, 0xF632, 0xF5F1, 0xF611, 0xF611, 0xF611, 0xF5F1,
    0xF5F1, 0xF611, 0xF5F1, 0xEDD0, 0xEDD0, 0xEDD0, 0xEDAF, 0xEDAF, 0xEDCF, 0xEDCF, 0xEDCF, 0xEDCF, 0xEDAF, 0xEDD0, 0xF694, 0xF6D6,
    0xFF17, 0xF6F7, 0xFF17, 0xFF17, 0xFF17, 0xFF17, 0xFF16, 0xF6F6, 0xFEF6, 0xF6B6, 0xF6D6, 0xF6F6, 0xF6F7, 0xF6F7, 0xF6F7, 0xFEF7,
    0xFF17, 0xFEF6, 0xF674, 0xEDF1, 0xEDB0, 0xEDB0, 0xEDB0, 0xEDB0, 0xEDB0, 0xEDB0, 0xEDB0, 0xEDB0, 0xEDB0, 0xED90, 0xE590, 0xE590,
    0xA3CA, 0xA3CA, 0xA3CA, 0xA3CA, 0xA3CA, 0xA3EA, 0xA3EB, 0xAC0B, 0xABEA, 0xA388, 0xA368, 0xA368, 0xA368, 0xA368, 0xA368, 0xA367,
    0xA367, 0xA367, 0xABA8, 0xBC09, 0xBC09, 0xBC09, 0xC44A, 0xC44A, 0xC44A, 0xC44A, 0xC44A, 0xC46A, 0xC46A, 0xC46A, 0xC46B, 0xC46B,
    0xC4CD, 0xD570, 0xD570, 0xD570, 0xD570, 0xD570, 0xD590, 0xD590, 0xD590, 0xD590, 0xD590, 0xDDB0, 0xDDB0, 0xDDB0, 0xDDB0, 0xD570,
    0xD570, 0xDD90, 0xDD90, 0xDD90, 0xDD90, 0xDD6F, 0xD50D, 0xDD2D, 0xDD6E, 0xE58E, 0xEDCE, 0xEDCE, 0xEDEF, 0xF5EF, 0xF60F, 0xF610,
    0xEDF0, 0xF611, 0xEE11, 0xEE11, 0xEE11, 0xEE32, 0xF652, 0xF652, 0xF653, 0xF673, 0xF673, 0xFED5, 0xFF15, 0xFF15, 0xFE93, 0xF672,
    0xFE72, 0xFE72, 0xFE72, 0xFE72, 0xFE72, 0xFE72, 0xFE72, 0xFE72, 0xFE92, 0xFE92, 0xFE92, 0xFE92, 0xFE92, 0xFE92, 0xFE92, 0xFE92,
    0xFE92, 0xFE92, 0xFE92, 0xFE72, 0xFED4, 0xFF37, 0xFF57, 0xFF77, 0xFF77, 0xFF78, 0xFF78, 0xFF78, 0xFF78, 0xFF78, 0xFF78, 0xFF58,
    0xFF78, 0xFF58, 0xFF58, 0xFF58, 0xFF58, 0xFF78, 0xFF58, 0xFF58, 0xFF77, 0xFF57, 0xFEF5, 0xFE93, 0xFE93, 0xFE93, 0xFE93, 0xFE93,
    0xFE92, 0xFE92, 0xFE72, 0xFE72, 0xF673, 0xF672, 0xF652, 0xF652, 0xF652, 0xF652, 0xF652, 0xF652, 0xF652, 0xF652, 0xF652, 0xF652,
    0xF693, 0xFF16, 0xFF57, 0xFF57, 0xFF78, 0xFF77, 0xFF77, 0xFF77, 0xFF77, 0xFF77, 0xFF77, 0xFF78, 0xFF36, 0xFF16, 0xFF16, 0xFF16,
    0xFF16, 0xFF16, 0xFEF5, 0xFEF5, 0xFEF5, 0xFE93, 0xFE52, 0xFED4, 0xFEF5, 0xFEF5, 0xFEF5, 0xFF16, 0xFF36, 0xFF36, 0xFF36, 0xFF57,
    0xFF78, 0xFF78, 0xFF78, 0xFF78, 0xFF78, 0xFF78, 0xFF78, 0xFF78, 0xFF78, 0xFF78, 0xFF16, 0xF694, 0xF612, 0xF611, 0xF612, 0xF611,
    0xF611, 0xF611, 0xF5F1, 0xEDD0, 0xEDAF, 0xEDD0, 0xEDD0, 0xF5F0, 0xEDD0, 0xEDD0, 0xEDCF, 0xEDCF, 0xEDCF, 0xEDCF, 0xEDAF, 0xF632,
    0xF6D6, 0xFF17, 0xFF17, 0xFEF7, 0xFF17, 0xFF17, 0xFF17, 0xFF17, 0xFF17, 0xFF17, 0xFF17, 0xFEF7, 0xFEF7, 0xFEF7, 0xFF17, 0xFEF7,
    0xFEF7, 0xFEF7, 0xFF17, 0xF6B5, 0xF674, 0xEDF1, 0xED90, 0xEDB0, 0xEDB0, 0xEDB0, 0xEDB0, 0xED90, 0xED90, 0xE590, 0xE58F, 0xE58F,
    0xA3CA, 0xA3CA, 0xA3CB, 0xA40B, 0xAC0B, 0xAC0B, 0xAC2B, 0xAC2C, 0xB42C, 0xABEA, 0xA388, 0xA367, 0xA367, 0xA368, 0xAB68, 0xB3C9,
    0xB3C8, 0xB3E9, 0xBC09, 0xC44A, 0xC44A, 0xC44A, 0xC44A, 0xC44A, 0xC44A, 0xC44A, 0xC44A, 0xC46A, 0xC46A, 0xC46A, 0xC46B, 0xC46B,
    0xC48B, 0xD54F, 0xD570, 0xD570, 0xD570, 0xD56F, 0xD56F, 0xD570, 0xD56F, 0xD570, 0xD590, 0xDD90, 0xDD90, 0xD590, 0xD56F, 0xD52F,
    0xD52E, 0xD52E, 0xD50E, 0xD4ED, 0xD4ED, 0xD4ED, 0xDD0D, 0xEDAF, 0xF631, 0xF652, 0xF652, 0xEE52, 0xF673, 0xF694, 0xF694, 0xF674,
    0xF674, 0xF694, 0xF6B5, 0xF6B5, 0xF6B5, 0xF6D5, 0xF6B5, 0xF6B5, 0xFED5, 0xFEF6, 0xFF16, 0xFF16, 0xFF77, 0xFF77, 0xFF56, 0xFED3,
    0xFE72, 0xFE92, 0xFE92, 0xFE92, 0xFE92, 0xFE92, 0xFE92, 0xFE92, 0xFE92, 0xFE92, 0xFE92, 0xFE92, 0xFE92, 0xFE92, 0xFE92, 0xFE92,
    0xFE92, 0xFE92, 0xFE92, 0xFE92, 0xFE92, 0xFEF4, 0xFF77, 0xFF78, 0xFF78, 0xFF78, 0xFF78, 0xFF78, 0xFF78, 0xFF78, 0xFF78, 0xFF78,
    0xFF78, 0xFF78, 0xFF78, 0xFF78, 0xFF78, 0xFF78, 0xFF78, 0xFF78, 0xFF58, 0xFF57, 0xFF37, 0xFED4, 0xFE92, 0xFE92, 0xFE92, 0xFE92,
    0xFE92, 0xFE92, 0xFE92, 0xFE72, 0xFE72, 0xFE72, 0xF652, 0xF652, 0xF652, 0xF672, 0xF673, 0xF673, 0xF673, 0xF673, 0xF693, 0xFE93,
    0xF693, 0xFEF5, 0xFEF6, 0xFF15, 0xFEF5, 0xFEF5, 0xFED4, 0xFED4, 0xFEB4, 0xF6B3, 0xF693, 0xF693, 0xF672, 0xF652, 0xF652, 0xF632,
    0xF631, 0xF631, 0xF631, 0xF631, 0xF631, 0xF631, 0xF631, 0xFED4, 0xFF57, 0xFF78, 0xFF78, 0xFF77, 0xFF77, 0xFF78, 0xFF78, 0xFF58,
    0xFF57, 0xFF58, 0xFF58, 0xFF78, 0xFF58, 0xFF78, 0xFF78, 0xFF78, 0xFF78, 0xFF57, 0xFF78, 0xFF37, 0xF694, 0xF632, 0xF5F1, 0xF611,
    0xF611, 0xF5F1, 0xF5F1, 0xF611, 0xF5F0, 0xEDD0, 0xF5F0, 0xF5F0, 0xF5F0, 0xEDD0, 0xEDD0, 0xEDD0, 0xEDD0, 0xEDCF, 0xEDD0, 0xEDB0,
    0xEDD0, 0xF653, 0xF6F7, 0xFF38, 0xFF37, 0xFF17, 0xFF17, 0xFF17, 0xFF37, 0xFF37, 0xFF37, 0xFF17, 0xFF38, 0xFF37, 0xFF17, 0xFF17,
    0xFEF7, 0xF717, 0xFEF7, 0xF717, 0xF717, 0xF674, 0xEDF1, 0xEDB0, 0xEDB0, 0xEDD0, 0xEDD1, 0xEDB0, 0xEDF2, 0xF674, 0xF674, 0xF654,
    0xABEB, 0xABEB, 0xAC0B, 0xAC2C, 0xAC2C, 0xAC2C, 0xAC4C, 0xB44C, 0xB44C, 0xB44B, 0xABA9, 0xABA8, 0xB3C8, 0xB3C8, 0xB3C9, 0xBC09,
    0xBC2A, 0xBC2A, 0xC42A, 0xC44A, 0xC44A, 0xC46A, 0xC46A, 0xC44A, 0xC46A, 0xC46A, 0xC46A, 0xC46A, 0xC46A, 0xC46B, 0xC46B, 0xC46B,
    0xC48C, 0xCD0E, 0xCD0F, 0xCD0E, 0xCD0E, 0xCCCD, 0xCCCC, 0xCCCC, 0xCCCC, 0xCCCC, 0xCCCC, 0xCCCC, 0xCCCC, 0xCCCC, 0xCCCC, 0xCCCC,
    0xCCCC, 0xD4CC, 0xD4CC, 0xD4CB, 0xD4CB, 0xD4CB, 0xE54D, 0xEDCF, 0xF631, 0xF694, 0xF6B5, 0xF695, 0xF695, 0xF695, 0xF695, 0xF6B5,
    0xF6B5, 0xF6B5, 0xF6B5, 0xF6B5, 0xF6B5, 0xF6B5, 0xF6D5, 0xFEF6, 0xFF16, 0xFF36, 0xFF77, 0xFF77, 0xFF77, 0xFF77, 0xFF97, 0xFEF5,
    0xFE92, 0xFE92, 0xFE92, 0xFE92, 0xFE92, 0xFE92, 0xFE92, 0xFE92, 0xFE92, 0xFE92, 0xFE92, 0xFE92, 0xFE92, 0xFE92, 0xFE92, 0xFE92,
    0xFE92, 0xFE92, 0xFE92, 0xFE92, 0xFE92, 0xFEB2, 0xFF14, 0xFF77, 0xFF78, 0xFF78, 0xFF78, 0xFF78, 0xFF78, 0xFF78, 0xFF78, 0xFF78,
    0xFF78, 0xFF78, 0xFF78, 0xFF78, 0xFF78, 0xFF78, 0xFF78, 0xFF78, 0xFF78, 0xFF57, 0xFF57, 0xFF57, 0xFED4, 0xFE92, 0xFE93, 0xFE92,
    0xFE92, 0xFE92, 0xFE92, 0xFE93, 0xFEB3, 0xFEB3, 0xFEB3, 0xFEB3, 0xFE93, 0xFEB5, 0xFF16, 0xFF16, 0xFF57, 0xFF77, 0xFF57, 0xFF57,
    0xFF57, 0xFF57, 0xFF36, 0xF6B4, 0xF652, 0xF672, 0xF672, 0xF651, 0xF651, 0xF631, 0xF631, 0xF631, 0xF631, 0xFE31, 0xFE31, 0xF631,
    0xF631, 0xF611, 0xF610, 0xF610, 0xF610, 0xFE31, 0xFE31, 0xFE51, 0xF652, 0xFF15, 0xFF78, 0xFF57, 0xFF57, 0xFF57, 0xFF57, 0xFF57,
    0xFF58, 0xFF58, 0xFF58, 0xFF78, 0xFF78, 0xFF58, 0xFF58, 0xFF58, 0xFF77, 0xFF57, 0xFF57, 0xFF57, 0xFF77, 0xF6D5, 0xF673, 0xF611,
    0xF611, 0xF611, 0xF611, 0xF611, 0xF5F0, 0xEDD0, 0xF5F0, 0xF5F0, 0xEDF0, 0xEDD0, 0xF5D0, 0xEDD0, 0xEDD0, 0xEDD0, 0xEDD0, 0xEDD0,
    0xF5D0, 0xEDAF, 0xF673, 0xFED5, 0xFF37, 0xFF38, 0xFF37, 0xFF37, 0xFF37, 0xFF37, 0xFF37, 0xFF17, 0xF6F6, 0xFEF6, 0xFED6, 0xFED6,
    0xF694, 0xEE53, 0xEE53, 0xEE33, 0xEE33, 0xEE33, 0xEE11, 0xEDB0, 0xF632, 0xF694, 0xF6B5, 0xF695, 0xF6B6, 0xF6F7, 0xF6F7, 0xF6F7,
    0xAC2B, 0xB42B, 0xB42C, 0xAC2C, 0xAC2B, 0xAC2C, 0xB44C, 0xB44C, 0xB44C, 0xB44C, 0xB40A, 0xB409, 0xBC2A, 0xBC29, 0xBC2A, 0xBC2A,
    0xBC4A, 0xC46B, 0xC46B, 0xC46B, 0xC46B, 0xC46B, 0xC46B, 0xCCED, 0xD50E, 0xCD0E, 0xCD0E, 0xCD0E, 0xD52F, 0xD54F, 0xD550, 0xD550,
    0xD570, 0xD570, 0xCCCC, 0xCCAB, 0xCCAB, 0xCCAB, 0xCCAB, 0xCCAB, 0xCCAB, 0xCCAB, 0xCCAB, 0xD4AB, 0xD4AB, 0xD4AB, 0xD4CB, 0xD4CC,
    0xD4CC, 0xD4CC, 0xD4EC, 0xDD2C, 0xE54D, 0xE54D, 0xEDAE, 0xEDAE, 0xEE10, 0xF694, 0xF695, 0xF695, 0xF6B5, 0xF6B5, 0xF6B5, 0xF6B5,
    0xF6B5, 0xF6B5, 0xF6B5, 0xF6B5, 0xF6D5, 0xFED5, 0xFEF5, 0xFF57, 0xFF77, 0xFF77, 0xFF77, 0xFF77, 0xFF77, 0xFF97, 0xFF77, 0xFF77,
    0xFED3, 0xFE92, 0xFE92, 0xFE92, 0xFE92, 0xFE92, 0xFEB2, 0xFEB2, 0xFEB2, 0xFEB2, 0xFE92, 0xFE92, 0xFE92, 0xFE92, 0xFE92, 0xFE92,
    0xFE92, 0xFE92, 0xFE92, 0xFE92, 0xFE92, 0xFE92, 0xFEB2, 0xFEF4, 0xFF77, 0xFF78, 0xFF78, 0xFF78, 0xFF78, 0xFF78, 0xFF78, 0xFF78,
    0xFF78, 0xFF78, 0xFF78, 0xFF78, 0xFF77, 0xFF78, 0xFF98, 0xFF98, 0xFF77, 0xFF57, 0xFF37, 0xFF57, 0xFF15, 0xFEB3, 0xFED3, 0xFED4,
    0xFED4, 0xFED4, 0xFEF4, 0xFEF5, 0xFF57, 0xFF78, 0xFF78, 0xFF78, 0xFF78, 0xFF78, 0xFF98, 0xFF98, 0xFF98, 0xFF98, 0xFF98, 0xFF98,
    0xFF98, 0xFF98, 0xFF98, 0xFF57, 0xFEF5, 0xF692, 0xFE92, 0xFE72, 0xF651, 0xF651, 0xF651, 0xF651, 0xF651, 0xF651, 0xFE51, 0xFE51,
    0xF631, 0xF631, 0xF631, 0xF630, 0xF631, 0xFE31, 0xFE31, 0xFE31, 0xFE31, 0xF672, 0xFEF5, 0xFF57, 0xFF58, 0xFF57, 0xFF78, 0xFF58,
    0xFF78, 0xFF78, 0xFF78, 0xFF78, 0xFF78, 0xFF78, 0xFF78, 0xFF78, 0xFF77, 0xFF57, 0xFF57, 0xFF77, 0xFF57, 0xFF57, 0xFF36, 0xF673,
    0xF611, 0xF611, 0xF611, 0xF611, 0xF5F0, 0xF5F0, 0xF5F0, 0xF5F0, 0xEDD0, 0xEDD0, 0xEDD0, 0xEDD0, 0xF5D0, 0xEDD0, 0xEDD0, 0xEDD0,
    0xEDD0, 0xEDF0, 0xEDF1, 0xF632, 0xFF37, 0xFF17, 0xFF17, 0xFF17, 0xFF17, 0xFEF6, 0xFEF6, 0xFEF5, 0xEE32, 0xEDF2, 0xEE12, 0xEE12,
    0xEDF1, 0xEDD0, 0xEDB0, 0xEDB0, 0xEDB0, 0xEDB0, 0xEDB0, 0xEDB0, 0xEDD0, 0xF694, 0xF6F6, 0xF6F7, 0xF6F7, 0xF6F6, 0xF6F7, 0xF6F7,
    0xABEA, 0xABEA, 0xABEA, 0xABEA, 0xABEA, 0xABEA, 0xABEA, 0xB3EA, 0xB40A, 0xB40A, 0xBC4A, 0xC4AC, 0xCCED, 0xCCED, 0xCCED, 0xCCED,
    0xCD0E, 0xD54F, 0xD52F, 0xCD2F, 0xCD2F, 0xD52F, 0xCD2F, 0xD570, 0xD590, 0xD590, 0xD590, 0xD590, 0xD590, 0xD5B1, 0xD591, 0xD591,
    0xD5B1, 0xDDB1, 0xCD0D, 0xCCAB, 0xCCCB, 0xCCCC, 0xCCCC, 0xCCCC, 0xD4CC, 0xD4CC, 0xD4CB, 0xD4CB, 0xD4CC, 0xD4CC, 0xD4EC, 0xD4EC,
    0xDD0C, 0xDD2C, 0xE52C, 0xED8D, 0xF5CE, 0xF5CE, 0xF5CF, 0xEDCF, 0xEDF0, 0xF673, 0xF6B5, 0xF6B5, 0xF6B5, 0xF6B5, 0xF6B5, 0xF6B5,
    0xF6D5, 0xF6D5, 0xF6B5, 0xF6D5, 0xFF15, 0xFF76, 0xFF77, 0xFF97, 0xFF97, 0xFF97, 0xFF97, 0xFF97, 0xFF97, 0xFF97, 0xFF77, 0xFF77,
    0xFF56, 0xFED3, 0xFE92, 0xFE92, 0xFE92, 0xFE92, 0xFEB2, 0xFEB2, 0xFEB2, 0xFEB2, 0xFEB2, 0xFE92, 0xFEB2, 0xFEB2, 0xFEB3, 0xFEB2,
    0xFEB2, 0xFE92, 0xFE92, 0xFE92, 0xFE92, 0xFE92, 0xFE92, 0xFEB3, 0xFF36, 0xFF78, 0xFF98, 0xFF98, 0xFF98, 0xFF98, 0xFF98, 0xFF78,
    0xFF36, 0xFF36, 0xFF36, 0xFF16, 0xFEF5, 0xFEF5, 0xFEF5, 0xFEF5, 0xFED4, 0xFEB4, 0xFED4, 0xFED4, 0xFEB3, 0xFE93, 0xFF14, 0xFF77,
    0xFF77, 0xFF77, 0xFF98, 0xFF98, 0xFF98, 0xFF98, 0xFF98, 0xFF98, 0xFF98, 0xFF98, 0xFF78, 0xFF98, 0xFF98, 0xFF98, 0xFF98, 0xFF98,
    0xFF98, 0xFF98, 0xFF98, 0xFFF9, 0xFF97, 0xFEB3, 0xFEB3, 0xFE93, 0xFE92, 0xFEB2, 0xFEB2, 0xFEB2, 0xFEB3, 0xFE72, 0xFE51, 0xFE51,
    0xFE51, 0xFE31, 0xFE31, 0xF631, 0xF631, 0xFE31, 0xFE31, 0xFE31, 0xFE31, 0xFE31, 0xFE52, 0xFED4, 0xFF36, 0xFF77, 0xFF58, 0xFF58,
    0xFF78, 0xFF78, 0xFF78, 0xFF78, 0xFF78, 0xFF78, 0xFF78, 0xFF78, 0xFF78, 0xFF78, 0xFF78, 0xFF57, 0xFF78, 0xFF57, 0xFF57, 0xFF58,
    0xF6B4, 0xF632, 0xF611, 0xF611, 0xF611, 0xF611, 0xF610, 0xEDF1, 0xEDF0, 0xEDF0, 0xEDD0, 0xEDD0, 0xEDCF, 0xEE31, 0xF673, 0xF673,
    0xF673, 0xFED5, 0xFF17, 0xFF17, 0xFF37, 0xF6B5, 0xF674, 0xF653, 0xF653, 0xF612, 0xF612, 0xF611, 0xF5F1, 0xEDD0, 0xEDD0, 0xEDD0,
    0xEDD0, 0xEDD0, 0xEDD0, 0xEDD0, 0xEDD0, 0xEDB0, 0xEDB0, 0xEDB0, 0xEDB0, 0xEDD1, 0xF632, 0xFED6, 0xF6D6, 0xF6F7, 0xF6F7, 0xF6F7,
    0xAB88, 0xAB88, 0xABA8, 0xABA8, 0xABA8, 0xABA8, 0xABA8, 0xB3C9, 0xB3E9, 0xB3E9, 0xC46B, 0xCD2E, 0xD54F, 0xD54F, 0xCD50, 0xD570,
    0xCD6F, 0xD590, 0xD590, 0xD590, 0xD590, 0xD590, 0xD590, 0xD570, 0xD570, 0xD570, 0xD590, 0xD590, 0xD590, 0xD591, 0xD591, 0xD591,
    0xD591, 0xDDB1, 0xD52E, 0xCCCC, 0xD4EC, 0xD50C, 0xD4EC, 0xD4EC, 0xD4EC, 0xD4EC, 0xD4EC, 0xD4EC, 0xD4EC, 0xD4EC, 0xD4EC, 0xDD0C,
    0xED6D, 0xF5CF, 0xF5CF, 0xF5CF, 0xF5EF, 0xF5EF, 0xF5F0, 0xF5F0, 0xF5EF, 0xF611, 0xF694, 0xF6B5, 0xF6B5, 0xF6B5, 0xF6D5, 0xF6D5,
    0xF6D5, 0xF6D5, 0xFF15, 0xFF56, 0xFF77, 0xFF97, 0xFF97, 0xFF97, 0xFF97, 0xFF97, 0xFF97, 0xFF97, 0xFF97, 0xFF97, 0xFF97, 0xFF98,
    0xFF97, 0xFF14, 0xFEB2, 0xFEB2, 0xFEB2, 0xFE92, 0xFEB2, 0xFEB2, 0xFE92, 0xFEB2, 0xFEB2, 0xFEB3, 0xFEB3, 0xFEB3, 0xFED3, 0xFED3,
    0xFED3, 0xFED3, 0xFEF4, 0xFF56, 0xFF56, 0xFF56, 0xFF56, 0xFF56, 0xFF57, 0xFF56, 0xFEF5, 0xFF15, 0xFEF5, 0xFF15, 0xFF15, 0xFF15,
    0xFED4, 0xFEB3, 0xFEB3, 0xFEB3, 0xFEB3, 0xFEB3, 0xFEB3, 0xFEB3, 0xFE93, 0xFE93, 0xFE92, 0xFE93, 0xFE93, 0xFE92, 0xFEB3, 0xFF36,
    0xFF77, 0xFF98, 0xFF98, 0xFF98, 0xFF98, 0xFF98, 0xFF98, 0xFF98, 0xFF98, 0xFF98, 0xFF98, 0xFF98, 0xFF98, 0xFF98, 0xFF98, 0xFF98,
    0xFF78, 0xFF98, 0xFF78, 0xD654, 0xBD0F, 0x7286, 0x7AA7, 0x7266, 0x9389, 0xBCCD, 0xB48C, 0xB46C, 0xABEB, 0xC4CD, 0xFEB3, 0xFE51,
    0xFE51, 0xFE51, 0xFE51, 0xFE31, 0xFE31, 0xFE31, 0xFE31, 0xFE31, 0xFE31, 0xFE51, 0xFE51, 0xFE31, 0xFEB3, 0xFF57, 0xFF58, 0xFF78,
    0xFF78, 0xFF78, 0xFF78, 0xFF78, 0xFF78, 0xFF78, 0xFF78, 0xFF78, 0xFF78, 0xFF78, 0xFF78, 0xFF78, 0xFF78, 0xFF78, 0xFF78, 0xFF78,
    0xFF98, 0xF6F5, 0xF672, 0xF611, 0xEDF1, 0xF5F0, 0xEDF0, 0xF652, 0xFED5, 0xFED5, 0xFED5, 0xFED5, 0xF6D5, 0xFF17, 0xFF38, 0xFF38,
    0xFF37, 0xFF38, 0xFF38, 0xFF58, 0xFF58, 0xFF38, 0xFEF6, 0xF633, 0xF632, 0xF612, 0xF611, 0xF611, 0xEDF1, 0xEDF1, 0xF5F1, 0xEDF1,
    0xEDD1, 0xEDD0, 0xEDD0, 0xEDD1, 0xEDD1, 0xEDD0, 0xEDD0, 0xEDD0, 0xEDB0, 0xEDB0, 0xEDD0, 0xEDD1, 0xF653, 0xF6F7, 0xF6F7, 0xF6F7,
    0xABA8, 0xABA8, 0xABC9, 0xB3C9, 0xB3C9, 0xB3E9, 0xBBE9, 0xBC2A, 0xC44A, 0xC46B, 0xC46B, 0xCCED, 0xCD4F, 0xCD4F, 0xCD2F, 0xCD4F,
    0xCD4F, 0xCD70, 0xD570, 0xD570, 0xD570, 0xD590, 0xD570, 0xD570, 0xD56F, 0xD570, 0xD591, 0xD590, 0xD591, 0xD5B1, 0xDDB1, 0xD5B1,
    0xD5B1, 0xDDB1, 0xDD90, 0xD52E, 0xD4EC, 0xD50C, 0xD50C, 0xD4EC, 0xD50C, 0xD4EC, 0xD4EC, 0xD4EC, 0xDD0C, 0xED8E, 0xEDAE, 0xEDAE,
    0xF5CF, 0xFE0F, 0xF60F, 0xF610, 0xF610, 0xF610, 0xF610, 0xF610, 0xF610, 0xF5F0, 0xF631, 0xF6B5, 0xF6D5, 0xFED5, 0xF6F5, 0xF6D5,
    0xF716, 0xFF56, 0xFF76, 0xFF97, 0xFF97, 0xFF97, 0xFF97, 0xFF97, 0xFF97, 0xFF97, 0xFF97, 0xFF97, 0xFF97, 0xFF97, 0xFF97, 0xFF97,
    0xFF97, 0xFF76, 0xFEB3, 0xFEB2, 0xFEB2, 0xFE92, 0xFE92, 0xFED4, 0xFED4, 0xFED4, 0xFEF4, 0xFF76, 0xFF77, 0xFF77, 0xFF77, 0xFF77,
    0xFF77, 0xFF77, 0xFF97, 0xFFB9, 0xFFB8, 0xFFD8, 0xFFD9, 0xFFD9, 0xFFD9, 0xFF56, 0xFED3, 0xFEB3, 0xFEB3, 0xFEB3, 0xFEB3, 0xFEB3,
    0xFEB3, 0xFEB3, 0xFED3, 0xFEB3, 0xFEB3, 0xFEB3, 0xFEB3, 0xFEB2, 0xFE92, 0xFE92, 0xFE92, 0xFEB3, 0xFEB3, 0xFEB2, 0xFEB3, 0xFEB3,
    0xFF15, 0xFF98, 0xFF98, 0xFF98, 0xFF98, 0xFF98, 0xFF98, 0xFF98, 0xFF98, 0xFF98, 0xFF98, 0xFF98, 0xFF98, 0xFF98, 0xFF98, 0xFF78,
    0xFFB9, 0xFFF9, 0xCDD2, 0x59E4, 0x59C5, 0x51E5, 0x51E5, 0x51C5, 0x51C5, 0x51C5, 0x51C5, 0x59C5, 0x59C5, 0x7266, 0xCD2E, 0xFEB3,
    0xFE51, 0xFE71, 0xFE51, 0xFE51, 0xFE51, 0xFE31, 0xFE31, 0xFE31, 0xFE51, 0xFE51, 0xFE51, 0xFE51, 0xFE72, 0xFE92, 0xFF15, 0xFF78,
    0xFF78, 0xFF78, 0xFF78, 0xFF78, 0xFF78, 0xFF78, 0xFF79, 0xFF78, 0xFF78, 0xFF58, 0xFF57, 0xFF57, 0xFF57, 0xFF57, 0xFF57, 0xFF36,
    0xFEF6, 0xFED5, 0xFE93, 0xF631, 0xF693, 0xF6D5, 0xF6B5, 0xFED5, 0xFF17, 0xFF37, 0xFF37, 0xFF38, 0xFF38, 0xFF38, 0xFF38, 0xFF38,
    0xFF38, 0xFF38, 0xFF38, 0xFF38, 0xFF38, 0xFF58, 0xFF38, 0xFF17, 0xF6B5, 0xF612, 0xF612, 0xF5F1, 0xEDF1, 0xEDF1, 0xF5F1, 0xF612,
    0xEDF1, 0xEDD1, 0xEDD1, 0xEDD1, 0xEDD1, 0xEDD1, 0xEDD1, 0xEDD1, 0xEDD1, 0xEDD1, 0xEDD0, 0xEDD0, 0xEDD1, 0xEE12, 0xF6F6, 0xFF17,
    0xB3A8, 0xB3C8, 0xB3C9, 0xB3E9, 0xBC09, 0xC44A, 0xC44A, 0xC46A, 0xC46A, 0xC48B, 0xC46A, 0xCCED, 0xCD4F, 0xCD2F, 0xCD2F, 0xCD4F,
    0xD590, 0xD590, 0xD590, 0xD570, 0xD590, 0xD590, 0xD590, 0xD590, 0xD590, 0xD590, 0xD591, 0xDDB1, 0xDDB1, 0xDDB1, 0xDDB1, 0xDDB1,
    0xD5B1, 0xDDB1, 0xDDB1, 0xDD90, 0xD50D, 0xD50D, 0xD50C, 0xD50C, 0xD50C, 0xD50C, 0xE54D, 0xE56D, 0xED8E, 0xF5EF, 0xF62F, 0xFE30,
    0xFE30, 0xF62F, 0xF62F, 0xF630, 0xF630, 0xF610, 0xF610, 0xF610, 0xF610, 0xF610, 0xF610, 0xF652, 0xFED5, 0xFEF6, 0xFF16, 0xFF36,
    0xFF57, 0xFF97, 0xFF97, 0xFF97, 0xFF97, 0xFF98, 0xFF98, 0xFF98, 0xFF97, 0xFF97, 0xFF97, 0xFF97, 0xFF77, 0xFF55, 0xFF14, 0xFED3,
    0xFEF3, 0xFED3, 0xFEB3, 0xFEF4, 0xFF35, 0xFF35, 0xFF35, 0xFF57, 0xFF77, 0xFF77, 0xFF77, 0xFF98, 0xFFB8, 0xFFB8, 0xFFB8, 0xFFB8,
    0xFFB8, 0xFFD8, 0xFFB8, 0xFFB8, 0xFFB8, 0xFFB8, 0xFFB8, 0xFFB9, 0xFFB9, 0xFFB8, 0xFF56, 0xFEB3, 0xFEB3, 0xFEB3, 0xFED3, 0xFED3,
    0xFED3, 0xFEB3, 0xFEB3, 0xFEB3, 0xFEB3, 0xFEB3, 0xFEB2, 0xFEB2, 0xFEB2, 0xFEB2, 0xFEB2, 0xFE92, 0xFE92, 0xFEB2, 0xFEB3, 0xFEB3,
    0xFEB3, 0xFF15, 0xFFB8, 0xFFB8, 0xFFB8, 0xFFB8, 0xFFB8, 0xFFB8, 0xFFB8, 0xFFB9, 0xFFB9, 0xFFD9, 0xFFD9, 0xFF98, 0xFFB8, 0xFFFA,
    0xE6D5, 0xACCE, 0x6205, 0x6226, 0x5A46, 0x5A46, 0x49E5, 0x41C5, 0x49C5, 0x49C5, 0x4184, 0x3984, 0x41A4, 0x3123, 0x938A, 0xF672,
    0xFE51, 0xFE72, 0xFE71, 0xFE71, 0xFE51, 0xFE51, 0xFE51, 0xFE51, 0xFE51, 0xFE51, 0xFE30, 0xFE31, 0xFE51, 0xFE51, 0xFE73, 0xFF16,
    0xFF78, 0xFF78, 0xFF78, 0xFF78, 0xFF57, 0xFEF5, 0xFEF5, 0xFED5, 0xFED5, 0xF6B4, 0xF6B4, 0xFE94, 0xFE94, 0xFE94, 0xFE94, 0xF673,
    0xF612, 0xF611, 0xF611, 0xF611, 0xF673, 0xFF37, 0xFF38, 0xFF37, 0xFF37, 0xFF37, 0xFF37, 0xFF37, 0xFF38, 0xFF38, 0xFF38, 0xFF38,
    0xFF38, 0xFF38, 0xFF38, 0xFF38, 0xFF38, 0xFF38, 0xFF38, 0xFF38, 0xF737, 0xF6D5, 0xEE12, 0xEDF1, 0xF612, 0xF5F1, 0xF5F1, 0xF5F1,
    0xF5F1, 0xEDF1, 0xEDF1, 0xEDF1, 0xEDD1, 0xEDD1, 0xEDD1, 0xEDD1, 0xF5F1, 0xF5F1, 0xEDD1, 0xEDD0, 0xEDD1, 0xEDD1, 0xEE12, 0xF673,
    0xBBE9, 0xBC09, 0xC42A, 0xC44A, 0xC44A, 0xC46A, 0xC46A, 0xC46A, 0xC46A, 0xC46A, 0xC46A, 0xCCCC, 0xCD2E, 0xCD4F, 0xCD4F, 0xD590,
    0xD590, 0xD590, 0xD590, 0xD590, 0xD590, 0xD590, 0xD5B0, 0xD5B1, 0xD5B0, 0xD5B0, 0xD5B1, 0xDDB1, 0xDDB1, 0xDDB1, 0xDDB1, 0xDDB1,
    0xDDB1, 0xDDB1, 0xDDB1, 0xDDB0, 0xD52D, 0xD50D, 0xD50D, 0xDD2D, 0xE54D, 0xE54D, 0xF5CE, 0xF60F, 0xF5EF, 0xF60F, 0xF60F, 0xFE10,
    0xF610, 0xF630, 0xF630, 0xF630, 0xF630, 0xF610, 0xF610, 0xF630, 0xF631, 0xF631, 0xF611, 0xF631, 0xFEB3, 0xFEF5, 0xFF36, 0xFF36,
    0xFF56, 0xFF76, 0xFF56, 0xFF56, 0xFF56, 0xFF76, 0xFF56, 0xFF56, 0xFF35, 0xFED4, 0xFEB3, 0xFEB2, 0xFEB2, 0xFEB2, 0xFE92, 0xFE91,
    0xFE91, 0xFE91, 0xFEB2, 0xFEF3, 0xFF56, 0xFF98, 0xFF98, 0xFFB8, 0xFFB8, 0xFFB8, 0xFF98, 0xFF98, 0xFFB8, 0xFFB8, 0xFFB8, 0xFFB8,
    0xFFB8, 0xFFB8, 0xFFB8, 0xFFB8, 0xFFB8, 0xFFB8, 0xFFB8, 0xFFB8, 0xFFB8, 0xFFB9, 0xFF97, 0xFF15, 0xFEB3, 0xFEB3, 0xFEB3, 0xFEB3,
    0xFED3, 0xFED3, 0xFED3, 0xFED3, 0xFED3, 0xFED3, 0xFEB2, 0xFEB2, 0xFEB3, 0xFEB3, 0xFEB2, 0xFEB2, 0xFEB2, 0xFE92, 0xFEB2, 0xFEB2,
    0xFEB2, 0xFED3, 0xFF35, 0xFF97, 0xFFB8, 0xFFB8, 0xFF98, 0xFFB8, 0xFFB8, 0xFFB9, 0xFFB8, 0xEEF6, 0xF737, 0xFFFA, 0xEF37, 0xDE95,
    0x9C2D, 0x4963, 0x6226, 0x5A26, 0x5A26, 0x5A06, 0x39A5, 0x3985, 0x3985, 0x39A5, 0x3164, 0x2923, 0x2903, 0x2923, 0x28E2, 0xAC4B,
    0xFF14, 0xF651, 0xFE71, 0xFE51, 0xFE51, 0xFE31, 0xFE51, 0xFE31, 0xFE52, 0xFE72, 0xFEB3, 0xFED4, 0xFED3, 0xFEB4, 0xFED5, 0xFF37,
    0xFF37, 0xF6B4, 0xFEB4, 0xFEB4, 0xFEB4, 0xFE72, 0xFE52, 0xF652, 0xF652, 0xF632, 0xF652, 0xF652, 0xF632, 0xF632, 0xF631, 0xF631,
    0xF611, 0xF611, 0xF611, 0xF611, 0xF5F0, 0xF693, 0xFEF6, 0xFF37, 0xFF37, 0xFF38, 0xFF38, 0xFF38, 0xFF38, 0xFF38, 0xFF58, 0xFF38,
    0xFF38, 0xFF38, 0xFF38, 0xFF38, 0xFF38, 0xFF38, 0xFF38, 0xFF37, 0xFF38, 0xFF38, 0xF6F6, 0xF674, 0xF5F1, 0xF5F1, 0xF611, 0xF5F1,
    0xF5F1, 0xEDF1, 0xEDF1, 0xF5F1, 0xEDF1, 0xEDD1, 0xEDD1, 0xEDD1, 0xEDD1, 0xEDD1, 0xEDD1, 0xF5D1, 0xEDD1, 0xEDF1, 0xEDD1, 0xEDD1,
    0xC44A, 0xC44A, 0xC44A, 0xC46A, 0xC46A, 0xC46A, 0xC46B, 0xC46B, 0xC46B, 0xC48B, 0xC48B, 0xC48B, 0xD52E, 0xD590, 0xD570, 0xD590,
    0xD590, 0xD590, 0xD590, 0xD590, 0xD591, 0xD5B1, 0xD5B1, 0xD5B1, 0xD5B1, 0xD5B1, 0xDDB1, 0xDDB1, 0xDDB1, 0xDDB1, 0xD5B1, 0xDDB1,
    0xDDB1, 0xDDB1, 0xDDB1, 0xE5D1, 0xDDB0, 0xD52D, 0xDD2D, 0xE52D, 0xF5AE, 0xF5CF, 0xF5EF, 0xF60F, 0xF60F, 0xF60F, 0xFE30, 0xF631,
    0xF630, 0xF631, 0xF631, 0xF651, 0xF651, 0xFE72, 0xF672, 0xFED4, 0xFEF5, 0xFEF5, 0xFEF5, 0xFEF5, 0xFF15, 0xFEF5, 0xFEB3, 0xFEB3,
    0xFE92, 0xFEB2, 0xFEB2, 0xFEB2, 0xFEB3, 0xFEB2, 0xFEB2, 0xFEB2, 0xFEB2, 0xFE92, 0xFE91, 0xFE71, 0xFE71, 0xFE91, 0xFE91, 0xFE92,
    0xFEB2, 0xFEB2, 0xFEB2, 0xFE92, 0xFF14, 0xFF77, 0xFF98, 0xFF98, 0xFFB8, 0xFFB8, 0xFF98, 0xFF97, 0xFF97, 0xFFB8, 0xFFB8, 0xFFB8,
    0xFFB8, 0xFFD8, 0xFFB8, 0xFFB8, 0xFFB8, 0xFFB8, 0xFFB8, 0xFFB8, 0xFFB8, 0xFFB8, 0xFFD9, 0xFF97, 0xFEF4, 0xFED3, 0xFED3, 0xFED2,
    0xFED3, 0xFED3, 0xFED3, 0xFED3, 0xFED3, 0xFED3, 0xFED2, 0xFEB2, 0xFEB2, 0xFEB2, 0xFEB2, 0xFEB2, 0xFEB2, 0xFEB2, 0xFEB2, 0xFEB2,
    0xFEB3, 0xFEB3, 0xFEB3, 0xFF15, 0xFF97, 0xFFB8, 0xFFB9, 0xFFB9, 0xFF98, 0xFFD9, 0xFFFA, 0x8B89, 0xAC8D, 0xEF36, 0xACCE, 0x4983,
    0x6226, 0x6246, 0x6226, 0x49E5, 0x49E5, 0x41C5, 0x39A5, 0x3985, 0x3985, 0x3985, 0x39A5, 0x39A5, 0x3184, 0x3964, 0x28E2, 0x8349,
    0xDDD0, 0xFF14, 0xFED3, 0xFED4, 0xFED4, 0xFED4, 0xFED4, 0xFED4, 0xFF16, 0xFF36, 0xFF78, 0xFF98, 0xFF98, 0xFF98, 0xFF99, 0xFF99,
    0xFF98, 0xF6D5, 0xFE52, 0xFE52, 0xFE52, 0xFE52, 0xFE72, 0xFE72, 0xFE52, 0xFE52, 0xFE52, 0xFE72, 0xFE52, 0xFE51, 0xFE31, 0xF631,
    0xFE11, 0xF611, 0xF611, 0xF611, 0xF611, 0xF5F0, 0xF632, 0xFED5, 0xFF17, 0xFF58, 0xFF38, 0xFF58, 0xFF57, 0xFF58, 0xFF58, 0xFF58,
    0xFF58, 0xFF38, 0xFF38, 0xFF38, 0xFF38, 0xFF58, 0xFF38, 0xFF38, 0xFF38, 0xFF38, 0xFF58, 0xFF17, 0xFED6, 0xF632, 0xEDD1, 0xF5F1,
    0xF5F1, 0xF5F1, 0xEDF1, 0xEDF1, 0xEDF1, 0xEDD1, 0xEDD1, 0xEDD1, 0xEDD0, 0xEDD0, 0xEDD0, 0xEDD0, 0xEDD0, 0xEDB0, 0xEDD1, 0xF612,
    0xC46A, 0xC46A, 0xC46A, 0xC46A, 0xC48A, 0xC46A, 0xC46A, 0xC46A, 0xC48B, 0xCC8B, 0xCCAB, 0xCC8B, 0xD50E, 0xD590, 0xD590, 0xD590,
    0xD590, 0xD590, 0xD590, 0xD5B1, 0xD5B1, 0xDDB1, 0xDDB1, 0xDDB1, 0xDDB1, 0xDDD1, 0xDDD1, 0xDDB1, 0xDDB1, 0xDDB1, 0xDD90, 0xDD70,
    0xDD6F, 0xDD6F, 0xDD6F, 0xE5D0, 0xEDD0, 0xE58F, 0xEDD0, 0xEDF0, 0xF5F0, 0xF631, 0xF672, 0xF692, 0xFE92, 0xFEB4, 0xFED5, 0xFED5,
    0xFED5, 0xFED5, 0xFED5, 0xFED5, 0xFED5, 0xFF16, 0xFF37, 0xFF37, 0xFF37, 0xFF37, 0xFF37, 0xFF78, 0xFF98, 0xFF36, 0xFEB3, 0xFE92,
    0xFE91, 0xFE91, 0xFE91, 0xFE91, 0xFE91, 0xFE71, 0xFE71, 0xFE71, 0xFE71, 0xFE91, 0xFE91, 0xFE91, 0xFE91, 0xFE91, 0xFE91, 0xFE91,
    0xFEB1, 0xFEB2, 0xFEB2, 0xFEB2, 0xFEB2, 0xFF35, 0xFFB8, 0xFF98, 0xFFB8, 0xFFB8, 0xFFB8, 0xFF98, 0xFF97, 0xFF97, 0xFFB8, 0xFFD8,
    0xFFD8, 0xFFD8, 0xFFD8, 0xFFD8, 0xFFD9, 0xFFD8, 0xFFD8, 0xFFD8, 0xFFB8, 0xFFB8, 0xFFB8, 0xFFB8, 0xFFB7, 0xFF14, 0xFED3, 0xFED2,
    0xFED2, 0xFED2, 0xFED3, 0xFED3, 0xFED3, 0xFED3, 0xFED2, 0xFED3, 0xFEB3, 0xFEB2, 0xFEB2, 0xFEB2, 0xFEB2, 0xFEB2, 0xFEB2, 0xFE92,
    0xFEB2, 0xFEB2, 0xFEB3, 0xFEB3, 0xFF14, 0xFF77, 0xFFD9, 0xFFB8, 0xFFFA, 0xFFB9, 0xD614, 0x6246, 0x49A4, 0x59E4, 0x59E4, 0x5A25,
    0x5A05, 0x5A26, 0x49A4, 0x2922, 0x2923, 0x2102, 0x2923, 0x3184, 0x3985, 0x3985, 0x3985, 0x39A5, 0x39A5, 0x41A5, 0x3984, 0x20A2,
    0x4184, 0xD5F2, 0xFFD8, 0xFF77, 0xFF77, 0xFF98, 0xFF99, 0xFF99, 0xFF98, 0xFF99, 0xFF99, 0xFF98, 0xFF98, 0xFF78, 0xFF79, 0xFF99,
    0xFF99, 0xFF98, 0xFF57, 0xF672, 0xFE72, 0xFE52, 0xFE52, 0xFE52, 0xFE52, 0xFE52, 0xFE52, 0xFE52, 0xFE52, 0xF631, 0xF631, 0xFE31,
    0xFE31, 0xF631, 0xF631, 0xF611, 0xF611, 0xF611, 0xF611, 0xF611, 0xFEB4, 0xFF16, 0xFF58, 0xFF58, 0xFF57, 0xFF58, 0xFF58, 0xFF58,
    0xFF58, 0xFF58, 0xFF58, 0xFF58, 0xFF58, 0xFF58, 0xFF38, 0xFF38, 0xFF38, 0xFF38, 0xFF38, 0xFF38, 0xFF58, 0xF6D6, 0xF694, 0xF5F1,
    0xEDF1, 0xEDF1, 0xEDF1, 0xEDF1, 0xEDD1, 0xEDD1, 0xEDD1, 0xEDD1, 0xEDD1, 0xEDD0, 0xEDD1, 0xF653, 0xF653, 0xF633, 0xEE53, 0xFED5,
    0xC46A, 0xC46A, 0xC46A, 0xC48B, 0xC48A, 0xC48A, 0xCC8B, 0xCC8B, 0xCC8B, 0xCCAC, 0xD4CC, 0xD4CC, 0xCCED, 0xD590, 0xD590, 0xD590,
    0xD590, 0xD590, 0xD590, 0xD590, 0xD590, 0xD590, 0xDD90, 0xD56F, 0xD54F, 0xD54F, 0xD52E, 0xD50E, 0xD50E, 0xD52E, 0xD50D, 0xD50D,
    0xDD0D, 0xDD0D, 0xDD2D, 0xE54E, 0xED8E, 0xEDAF, 0xF672, 0xF6B4, 0xFED5, 0xFEF6, 0xFEF6, 0xFEF6, 0xFEF6, 0xFEF7, 0xFF17, 0xFF17,
    0xFF17, 0xFF17, 0xFF17, 0xFF17, 0xFF37, 0xFF37, 0xFF37, 0xFF37, 0xFF57, 0xFF78, 0xFF78, 0xFF98, 0xFF97, 0xFF98, 0xFF15, 0xFE91,
    0xFE91, 0xFE91, 0xFE91, 0xFE70, 0xFE70, 0xFE70, 0xFE71, 0xFE71, 0xFE71, 0xFE71, 0xFE71, 0xFE71, 0xFE91, 0xFEB1, 0xFE91, 0xFE91,
    0xFEB1, 0xFEB2, 0xFEB1, 0xFEB2, 0xFEB2, 0xFF14, 0xFF97, 0xFF98, 0xFFB8, 0xFFB8, 0xFFB8, 0xFFB8, 0xFF97, 0xFF97, 0xFF97, 0xFFB8,
    0xFFD8, 0xFFD9, 0xFFD9, 0xFFD9, 0xFFD9, 0xFFD9, 0xFFD8, 0xFFD8, 0xFFD8, 0xFFB8, 0xFFD8, 0xFFD8, 0xFFB8, 0xFF76, 0xFF34, 0xFED2,
    0xFED2, 0xFED2, 0xFED3, 0xFED3, 0xFED3, 0xFED2, 0xFED2, 0xFED3, 0xFEB2, 0xFEB2, 0xFEB3, 0xFED3, 0xFED3, 0xFED3, 0xFED3, 0xFED3,
    0xFED3, 0xFF14, 0xFF15, 0xFF14, 0xFF14, 0xFF35, 0xFF97, 0xFFF9, 0xEF37, 0xBD30, 0x51C4, 0x49A4, 0x49A4, 0x49A4, 0x41A4, 0x41A4,
    0x41A4, 0x41A5, 0x3984, 0x2923, 0x2903, 0x20E2, 0x2102, 0x2923, 0x2903, 0x2923, 0x3985, 0x3985, 0x3985, 0x3985, 0x3964, 0x3985,
    0x20A2, 0x5205, 0xD654, 0xFF97, 0xFF77, 0xFF78, 0xFF78, 0xFF78, 0xFF98, 0xFF98, 0xFF99, 0xFF99, 0xFF99, 0xFF99, 0xFF99, 0xFF99,
    0xFF99, 0xFF99, 0xFF79, 0xFF77, 0xFEB4, 0xFE52, 0xFE52, 0xFE52, 0xFE52, 0xF631, 0xFE32, 0xFE32, 0xFE31, 0xF631, 0xFE31, 0xF631,
    0xF631, 0xF631, 0xF631, 0xF631, 0xF631, 0xF611, 0xF631, 0xF631, 0xF611, 0xF632, 0xFEF5, 0xFF37, 0xFF58, 0xFF58, 0xFF58, 0xFF58,
    0xFF58, 0xFF58, 0xFF58, 0xFF58, 0xFF58, 0xFF58, 0xFF58, 0xFF58, 0xFF58, 0xFF38, 0xFF38, 0xFF37, 0xFF37, 0xFF58, 0xFF57, 0xFED5,
    0xF612, 0xF5F1, 0xEDF1, 0xEDF1, 0xF5F1, 0xEDF1, 0xF632, 0xF694, 0xF674, 0xF674, 0xF694, 0xFF17, 0xFF38, 0xFF38, 0xFF38, 0xFF37,
    0xC46A, 0xC46A, 0xC46A, 0xC46A, 0xCC8A, 0xCC8A, 0xCC8A, 0xCC8A, 0xCC8A, 0xCCAB, 0xCCAB, 0xD4AB, 0xD4ED, 0xD56F, 0xD56F, 0xD56F,
    0xD56F, 0xD56F, 0xD56F, 0xD52E, 0xD52E, 0xD52D, 0xD52E, 0xD4ED, 0xD4CC, 0xD4EC, 0xD4CC, 0xD4AC, 0xD4CB, 0xD4CC, 0xDCEC, 0xDCEC,
    0xDD0D, 0xE52D, 0xE52C, 0xED8D, 0xEDCE, 0xEDEF, 0xF673, 0xFED5, 0xFED6, 0xFEF6, 0xFEF6, 0xFEF7, 0xFEF7, 0xFEF7, 0xFF17, 0xFEF6,
    0xFF17, 0xFF17, 0xFF16, 0xFF16, 0xFF17, 0xFF37, 0xFF57, 0xFF57, 0xFF78, 0xFF98, 0xFFB8, 0xFF98, 0xFF98, 0xFF98, 0xFF36, 0xFED3,
    0xFE91, 0xFE91, 0xFE91, 0xFE91, 0xFE91, 0xFEB1, 0xFE91, 0xFE70, 0xFE70, 0xFE70, 0xFE70, 0xFE70, 0xFE91, 0xFE91, 0xFE91, 0xFE91,
    0xFE91, 0xFE92, 0xFE92, 0xFEB1, 0xFEB2, 0xFEB2, 0xFEF4, 0xFF97, 0xFFB8, 0xFFB8, 0xFFB8, 0xFFB8, 0xFF97, 0xFF97, 0xFF97, 0xFFB7,
    0xFFB7, 0xFFD8, 0xFFD8, 0xFFD8, 0xFFD8, 0xFFD8, 0xFFD8, 0xFFD8, 0xFFD8, 0xFFD8, 0xFFD8, 0xFFD9, 0xFFB8, 0xFFD8, 0xFF76, 0xFEF3,
    0xFEF3, 0xFED2, 0xFED3, 0xFED3, 0xFED3, 0xFED3, 0xFED3, 0xFF34, 0xFF14, 0xFF14, 0xFF15, 0xFF56, 0xFF97, 0xFF98, 0xFFB8, 0xFFB8,
    0xFFB8, 0xFFB8, 0xFFB8, 0xFFB8, 0xFFB8, 0xFFB8, 0xFFB7, 0xDE74, 0x8BAA, 0x51C3, 0x6A46, 0x5A25, 0x5A05, 0x5A25, 0x49C5, 0x41A4,
    0x41A5, 0x41C5, 0x41A5, 0x39A5, 0x39A5, 0x39A5, 0x39C5, 0x3184, 0x2102, 0x2923, 0x3984, 0x3985, 0x39A5, 0x3985, 0x3144, 0x3964,
    0x4185, 0x3123, 0x49A4, 0xCDD2, 0xF716, 0xFF78, 0xFF78, 0xFF98, 0xFF98, 0xFF99, 0xFF99, 0xFF99, 0xFF99, 0xFF99, 0xFF99, 0xFF99,
    0xFF99, 0xFF99, 0xFF99, 0xFF99, 0xFF78, 0xF6F5, 0xFE52, 0xFE52, 0xFE52, 0xFE52, 0xFE52, 0xFE32, 0xFE52, 0xFE52, 0xFE52, 0xFE31,
    0xF631, 0xF631, 0xF631, 0xF631, 0xF631, 0xF631, 0xF631, 0xF631, 0xF631, 0xFE31, 0xF631, 0xFEB4, 0xFF37, 0xFF58, 0xFF78, 0xFF58,
    0xFF58, 0xFF58, 0xFF58, 0xFF58, 0xFF58, 0xFF58, 0xFF58, 0xFF58, 0xFF58, 0xFF38, 0xFF58, 0xFF58, 0xFF17, 0xF6B5, 0xF694, 0xF6B4,
    0xF632, 0xEDF1, 0xF694, 0xFED5, 0xFED6, 0xFED6, 0xFF16, 0xFF38, 0xFF37, 0xFF38, 0xFF38, 0xFF37, 0xFF37, 0xFF38, 0xFF38, 0xFF38,
    0xC46A, 0xC46A, 0xC48B, 0xCCAC, 0xC4AB, 0xCCED, 0xD50D, 0xCCED, 0xD4ED, 0xD4ED, 0xD50D, 0xD52E, 0xD56F, 0xD54F, 0xCCCC, 0xCCEC,
    0xCCCC, 0xD4EC, 0xCCEC, 0xCCCC, 0xD4CC, 0xD4CC, 0xD4CC, 0xD4CC, 0xD4CC, 0xD4CC, 0xD4CC, 0xD4CC, 0xD4EC, 0xDCEC, 0xDCEC, 0xDD0C,
    0xED6E, 0xF5CF, 0xF5AE, 0xF5CF, 0xF5EF, 0xF5F0, 0xF652, 0xF6B5, 0xFEF6, 0xFEF6, 0xFEF6, 0xFEF7, 0xFEF7, 0xFEF7, 0xFF17, 0xFF17,
    0xFF17, 0xFF36, 0xFF36, 0xFF36, 0xFF36, 0xFF36, 0xFF77, 0xFFB8, 0xFF98, 0xFF98, 0xFF98, 0xFFB8, 0xFF98, 0xFF98, 0xFF98, 0xFF34,
    0xFE91, 0xFE91, 0xFE91, 0xFE91, 0xFE91, 0xFE91, 0xFE71, 0xFE71, 0xFE70, 0xFE70, 0xFE70, 0xFE70, 0xFE90, 0xFE91, 0xFE71, 0xFE91,
    0xFE91, 0xFE91, 0xFE91, 0xFE91, 0xFEB2, 0xFEB2, 0xFEB2, 0xFF15, 0xFF97, 0xFFB8, 0xFFB8, 0xFFB8, 0xFF98, 0xFFB8, 0xFFD8, 0xFFB8,
    0xFFD8, 0xFFD8, 0xFFD8, 0xFFD8, 0xFFF8, 0xFFD9, 0xFFD8, 0xFFB7, 0xFF97, 0xFF97, 0xFF96, 0xFF76, 0xFF76, 0xFF76, 0xFF55, 0xFF14,
    0xFF35, 0xFF55, 0xFF56, 0xFF76, 0xFF76, 0xFF76, 0xFF77, 0xFFB8, 0xFFB8, 0xFFB8, 0xFFB8, 0xFFD8, 0xFFD9, 0xFFD9, 0xFFD9, 0xFFD9,
    0xFFD9, 0xFFD9, 0xFFD8, 0xFFD8, 0xFFD8, 0xFFB9, 0xFFF9, 0x7B08, 0x51A3, 0x6246, 0x6205, 0x5A05, 0x5A05, 0x5A05, 0x49E5, 0x41C5,
    0x3184, 0x2943, 0x3163, 0x3184, 0x3184, 0x2943, 0x2944, 0x2923, 0x2102, 0x2923, 0x3144, 0x3984, 0x3143, 0x3164, 0x2943, 0x2923,
    0x3964, 0x4185, 0x3944, 0x20A1, 0xD613, 0xFFB9, 0xFF58, 0xFF78, 0xFF98, 0xFF99, 0xFF99, 0xFF99, 0xFF99, 0xFF99, 0xFF99, 0xFF99,
    0xFF99, 0xFF99, 0xFF99, 0xFF79, 0xFF99, 0xFF78, 0xFF15, 0xF652, 0xF652, 0xF652, 0xF652, 0xFE31, 0xF652, 0xFE52, 0xFE52, 0xFE52,
    0xFE31, 0xF631, 0xF631, 0xF631, 0xF631, 0xF611, 0xF631, 0xF631, 0xF631, 0xF610, 0xFE11, 0xFE31, 0xF652, 0xFF37, 0xFF78, 0xFF78,
    0xFF78, 0xFF78, 0xFF78, 0xFF78, 0xF6F6, 0xFED5, 0xFED5, 0xF693, 0xF653, 0xF653, 0xF653, 0xF653, 0xF653, 0xEDD1, 0xEDD0, 0xEDD1,
    0xEDF1, 0xF5F1, 0xF653, 0xFF16, 0xFF37, 0xFF38, 0xFF38, 0xFF38, 0xFF37, 0xFF38, 0xFF38, 0xFF38, 0xFF37, 0xFF38, 0xFF38, 0xFF38,
    0xD52E, 0xD52E, 0xD54F, 0xD590, 0xD590, 0xDDB1, 0xDDB1, 0xDDB1, 0xDDB0, 0xDDB1, 0xDDD2, 0xDDD2, 0xDDD2, 0xDD90, 0xCCCC, 0xCCCC,
    0xD4CC, 0xD4CC, 0xD4CC, 0xD4EC, 0xD4EC, 0xD4EC, 0xD4EC, 0xD4EC, 0xD4EC, 0xD4EC, 0xD4EC, 0xDCEC, 0xDCEC, 0xE52D, 0xED8E, 0xED8E,
    0xF5CF, 0xF610, 0xF610, 0xF610, 0xF610, 0xF610, 0xF611, 0xFED5, 0xFEF6, 0xFEF6, 0xFEF6, 0xFEF6, 0xFF17, 0xFF17, 0xFF17, 0xFF17,
    0xFF17, 0xFF36, 0xFF16, 0xFF37, 0xFF77, 0xFF77, 0xFF98, 0xFF98, 0xFF98, 0xFF98, 0xFF98, 0xFF98, 0xFF97, 0xFF97, 0xFF77, 0xFEF4,
    0xFE91, 0xFE91, 0xFE91, 0xFE71, 0xFE70, 0xFE70, 0xFE70, 0xFE70, 0xFE70, 0xFE70, 0xFE70, 0xFE90, 0xFE90, 0xFE91, 0xFE91, 0xFE91,
    0xFE91, 0xFE91, 0xFE91, 0xFE91, 0xFE91, 0xFE92, 0xFEB2, 0xFEB2, 0xFF56, 0xFF97, 0xFF97, 0xFF97, 0xFF98, 0xFFB8, 0xFFD9, 0xFFB8,
    0xFF96, 0xFF76, 0xFF76, 0xFF76, 0xFF76, 0xFF76, 0xFF76, 0xFF35, 0xFEF3, 0xFEF3, 0xFED3, 0xFED3, 0xFED3, 0xFED3, 0xFED3, 0xFED3,
    0xFF76, 0xFFF9, 0xFFD9, 0xFFD9, 0xFFD9, 0xFFD9, 0xFFD9, 0xFFD9, 0xFFD9, 0xFFD9, 0xFFD9, 0xFFD9, 0xFFD9, 0xFFD9, 0xFFD9, 0xFFB9,
    0xFFB8, 0xFFB8, 0xFFB8, 0xFFB8, 0xFFF9, 0xF778, 0x7B08, 0x6A45, 0x6205, 0x6225, 0x49A4, 0x3963, 0x3984, 0x3984, 0x3984, 0x3984,
    0x2943, 0x18C1, 0x18C1, 0x2943, 0x2923, 0x18C1, 0x18C1, 0x18C2, 0x2903, 0x3144, 0x3164, 0x3164, 0x20E2, 0x18A1, 0x20E2, 0x2102,
    0x2902, 0x3144, 0x3964, 0x3944, 0x49A4, 0xDE54, 0xFFFB, 0xFFDA, 0xFF99, 0xFF78, 0xFF99, 0xFF99, 0xFF99, 0xFF99, 0xFF99, 0xFF99,
    0xFF99, 0xFF99, 0xFF99, 0xFF99, 0xFF99, 0xFF99, 0xFF98, 0xFF36, 0xF693, 0xFE52, 0xFE52, 0xF651, 0xF631, 0xF632, 0xF632, 0xFE32,
    0xFE32, 0xF652, 0xF631, 0xF631, 0xF631, 0xF631, 0xF631, 0xF631, 0xF631, 0xF693, 0xF6B4, 0xFEB3, 0xFEB4, 0xFF17, 0xFF57, 0xFEF6,
    0xFE94, 0xF694, 0xF6B4, 0xF6B4, 0xF652, 0xF612, 0xF632, 0xF612, 0xF5F1, 0xF5F1, 0xF5F1, 0xF5F1, 0xF5D1, 0xEDF1, 0xF5F1, 0xF5F1,
    0xF5F1, 0xF5F1, 0xF5F1, 0xF632, 0xF694, 0xFF16, 0xFF58, 0xFF37, 0xFF38, 0xFF38, 0xFF38, 0xFF38, 0xFF38, 0xFF38, 0xFF38, 0xFF38,
    0xDDB1, 0xDDB1, 0xDDB1, 0xD5B1, 0xD5B1, 0xDD91, 0xD590, 0xD590, 0xD590, 0xDDB1, 0xDDD2, 0xDDD2, 0xDDD2, 0xDD90, 0xCD0D, 0xD4EC,
    0xD50D, 0xD4ED, 0xD50D, 0xD4EC, 0xD4EC, 0xD4EC, 0xD4EC, 0xD4EC, 0xD4EC, 0xD4EC, 0xDD0C, 0xE54D, 0xE54D, 0xED8E, 0xF5EF, 0xF610,
    0xF610, 0xF610, 0xF610, 0xF610, 0xF610, 0xF610, 0xF631, 0xFE73, 0xFED5, 0xFEF7, 0xFEF6, 0xFF17, 0xFF17, 0xFF37, 0xFF37, 0xFF37,
    0xFF17, 0xFF37, 0xFF57, 0xFF77, 0xFF98, 0xFF98, 0xFF98, 0xFF98, 0xFF98, 0xFF98, 0xFF97, 0xFF76, 0xFF76, 0xFF76, 0xFF76, 0xFF14,
    0xFEB2, 0xFE91, 0xFE91, 0xFE91, 0xFE90, 0xFE90, 0xFE90, 0xFE90, 0xFE70, 0xFE70, 0xFE70, 0xFE91, 0xFE71, 0xFE91, 0xFE91, 0xFE91,
    0xFE91, 0xFEB2, 0xFEB2, 0xFED2, 0xFEF4, 0xFEF4, 0xFEF4, 0xFEF4, 0xFF15, 0xFF14, 0xFEF3, 0xFF14, 0xFF14, 0xFF14, 0xFF14, 0xFF14,
    0xFEF3, 0xFEF3, 0xFEF3, 0xFEF2, 0xFEF3, 0xFF13, 0xFEF3, 0xFEF2, 0xFEF2, 0xFED2, 0xFEF2, 0xFEF2, 0xFED2, 0xFEF3, 0xFEF3, 0xFED3,
    0xFF34, 0xFF97, 0xFFB8, 0xFFD9, 0xFFD9, 0xFFD8, 0xFFD8, 0xFFD8, 0xFFD8, 0xFFD8, 0xFFD9, 0xFFD9, 0xFFF9, 0xFFF9, 0xFFD9, 0xFFD9,
    0xFFD9, 0xFFD9, 0xFFD9, 0xFFB9, 0xFFF9, 0xF757, 0x59E4, 0x4183, 0x49A4, 0x4984, 0x3143, 0x2943, 0x3143, 0x3144, 0x3164, 0x3164,
    0x3143, 0x18A1, 0x1080, 0x18A1, 0x18C2, 0x18C2, 0x18E2, 0x2103, 0x2944, 0x3164, 0x2924, 0x2924, 0x20E2, 0x10A1, 0x18C1, 0x2102,
    0x20E2, 0x2903, 0x2923, 0x3164, 0x3103, 0x6AC9, 0x7B8B, 0x7B6B, 0xF758, 0xFFFB, 0xFF78, 0xFF99, 0xFF99, 0xFF99, 0xFF99, 0xFF99,
    0xFF99, 0xFF99, 0xFF99, 0xFF99, 0xFF99, 0xFF99, 0xFF99, 0xFF99, 0xFF57, 0xFEB4, 0xFE52, 0xFE52, 0xF631, 0xFE52, 0xFE52, 0xF652,
    0xFE52, 0xF652, 0xFEB4, 0xFF16, 0xFEF5, 0xFF16, 0xFF16, 0xFF16, 0xFF36, 0xFF78, 0xFF78, 0xFF98, 0xFF98, 0xFF78, 0xFF98, 0xFF16,
    0xF652, 0xF611, 0xFE31, 0xF611, 0xF632, 0xF632, 0xF612, 0xF632, 0xF632, 0xF612, 0xF612, 0xF611, 0xEDF1, 0xEDF1, 0xF5F1, 0xF5F1,
    0xF5F1, 0xF611, 0xF611, 0xF5F1, 0xEDF1, 0xF694, 0xF6D5, 0xFF37, 0xFF58, 0xFF38, 0xFF38, 0xFF58, 0xFF38, 0xFF38, 0xFF38, 0xFF38,
    0xDDB1, 0xD5B1, 0xDDB1, 0xDDB1, 0xDDB1, 0xDDB1, 0xDD91, 0xDDB1, 0xDDB2, 0xDDD2, 0xDDD2, 0xDDD2, 0xDDD2, 0xDDD2, 0xDD90, 0xD52E,
    0xD50D, 0xD50D, 0xD52D, 0xD50D, 0xD4EC, 0xD4EC, 0xD4EC, 0xD50C, 0xDD0C, 0xE54D, 0xE54D, 0xF5EF, 0xF60F, 0xF60F, 0xF60F, 0xF610,
    0xF610, 0xF610, 0xF610, 0xF610, 0xF610, 0xF631, 0xFE51, 0xF631, 0xFE93, 0xFF17, 0xFF16, 0xFF17, 0xFF37, 0xFF37, 0xFF37, 0xFF57,
    0xFF57, 0xFF97, 0xFF98, 0xFF98, 0xFF98, 0xFF98, 0xFFB8, 0xFF98, 0xFF98, 0xFFB8, 0xFF98, 0xFF97, 0xFF97, 0xFF97, 0xFF97, 0xFF77,
    0xFEF3, 0xFEB1, 0xFE91, 0xFE70, 0xFE70, 0xFE70, 0xFE91, 0xFE91, 0xFE90, 0xFE70, 0xFE91, 0xFE91, 0xFEB1, 0xFEF3, 0xFEF3, 0xFEF3,
    0xFF14, 0xFF55, 0xFF76, 0xFF77, 0xFFB8, 0xFFB8, 0xFFB8, 0xFFB8, 0xFFB8, 0xFF35, 0xFEF3, 0xFED2, 0xFED2, 0xFEF2, 0xFEF2, 0xFF13,
    0xFF13, 0xFF13, 0xFF13, 0xFF13, 0xFF13, 0xFF13, 0xFF12, 0xFEF2, 0xFEF2, 0xFEF2, 0xFEF3, 0xFEF3, 0xFEF3, 0xFEF3, 0xFEF3, 0xFEF2,
    0xFED2, 0xFEF3, 0xFF97, 0xFFD9, 0xFFD9, 0xFFD8, 0xFFD8, 0xFFD8, 0xFFD9, 0xFFD9, 0xFFF9, 0xFFF9, 0xFFF9, 0xFFF9, 0xFFF9, 0xFFF9,
    0xFFD9, 0xFFD9, 0xFFD9, 0xFFB8, 0xFFFA, 0xFFFA, 0x6246, 0x1880, 0x18A1, 0x18A1, 0x18C1, 0x20E1, 0x2923, 0x3164, 0x3164, 0x3164,
    0x2923, 0x18A1, 0x1081, 0x1081, 0x18A1, 0x2103, 0x2923, 0x2103, 0x20E2, 0x2103, 0x2923, 0x2903, 0x18C2, 0x10A1, 0x18A1, 0x20E2,
    0x20E2, 0x2102, 0x20E2, 0x2923, 0x3985, 0x3103, 0x28E2, 0x3103, 0x8BCC, 0xBD51, 0xFFFA, 0xFF99, 0xFF99, 0xFFB9, 0xFF99, 0xFF99,
    0xFF99, 0xFF99, 0xFF99, 0xFF99, 0xFF99, 0xFF58, 0xFF77, 0xFF57, 0xFF77, 0xFED4, 0xF652, 0xFE93, 0xFED5, 0xFF16, 0xFF36, 0xFF36,
    0xFF36, 0xFF37, 0xFF57, 0xFF78, 0xFF78, 0xFF98, 0xFF98, 0xFF78, 0xFF79, 0xFF78, 0xFF78, 0xFF78, 0xFF78, 0xFF78, 0xFF78, 0xFF99,
    0xFF37, 0xFE93, 0xF632, 0xFE31, 0xF632, 0xF632, 0xF632, 0xF632, 0xF632, 0xF632, 0xF612, 0xF611, 0xF611, 0xEDF1, 0xF5F1, 0xF5F0,
    0xF5F1, 0xF5F1, 0xF5F1, 0xF5F1, 0xF5F1, 0xF5F1, 0xEE11, 0xF6B4, 0xFF16, 0xFF57, 0xFF58, 0xFF38, 0xFF58, 0xFF58, 0xFF58, 0xFF38,
    0xDDB1, 0xDDB1, 0xDDB1, 0xDDD2, 0xDDD2, 0xDDB2, 0xDDD2, 0xDDD2, 0xDDD2, 0xDDD2, 0xDDD2, 0xDDD2, 0xDDD2, 0xDDF2, 0xDDB0, 0xD50D,
    0xD50D, 0xD50D, 0xD50D, 0xD50D, 0xD4EC, 0xD4EC, 0xDD0C, 0xDD0C, 0xED6E, 0xF5CF, 0xF5CF, 0xF5EF, 0xF5EF, 0xF60F, 0xF610, 0xF610,
    0xF610, 0xF630, 0xF630, 0xF630, 0xF631, 0xF631, 0xFE51, 0xFE51, 0xFE72, 0xFED5, 0xFF16, 0xFF37, 0xFF37, 0xFF37, 0xFF57, 0xFF97,
    0xFFB8, 0xFFB8, 0xFFB8, 0xFF98, 0xFF98, 0xFF98, 0xFF98, 0xFF97, 0xFF77, 0xFF77, 0xFF77, 0xFF76, 0xFF56, 0xFF55, 0xFF55, 0xFF55,
    0xFF34, 0xFED2, 0xFED2, 0xFED2, 0xFEB2, 0xFED2, 0xFEF3, 0xFF34, 0xFF14, 0xFF14, 0xFF14, 0xFF34, 0xFF55, 0xFFB7, 0xFFB8, 0xFFB8,
    0xFFB8, 0xFFB8, 0xFFB8, 0xFFB8, 0xFFD8, 0xFFD8, 0xFFD8, 0xFFD8, 0xFFD9, 0xFFD9, 0xFF34, 0xFED2, 0xFEF2, 0xFF13, 0xFF13, 0xFF33,
    0xFF33, 0xFF33, 0xFF33, 0xFF13, 0xFF13, 0xFF33, 0xFF13, 0xFF13, 0xFF13, 0xFEF3, 0xFF13, 0xFEF3, 0xFEF2, 0xFEF3, 0xFEF3, 0xFEF2,
    0xFEF2, 0xFED2, 0xFEF3, 0xFF97, 0xFFD9, 0xFFD9, 0xFFF9, 0xFFF9, 0xFFF9, 0xFFF9, 0xFFF9, 0xFFF9, 0xFFF9, 0xFFF9, 0xFFF9, 0xFFF9,
    0xFFD9, 0xFFD9, 0xFFD9, 0xFFFA, 0xEF58, 0xB530, 0x7287, 0x51C5, 0x3143, 0x18C1, 0x20E2, 0x2923, 0x2943, 0x3164, 0x2943, 0x3164,
    0x3164, 0x2943, 0x2943, 0x2102, 0x2103, 0x2923, 0x2123, 0x20E2, 0x18C2, 0x18C1, 0x20E2, 0x18C2, 0x18A1, 0x10A1, 0x18A1, 0x20C2,
    0x20E2, 0x2102, 0x2102, 0x2902, 0x3143, 0x3985, 0x3985, 0x3985, 0x28E2, 0x5206, 0xCE14, 0xFF58, 0xFF77, 0xFF57, 0xFF57, 0xFF57,
    0xFF57, 0xFF57, 0xFF57, 0xFF57, 0xFF16, 0xFE93, 0xFE93, 0xFE93, 0xF693, 0xF672, 0xF652, 0xFE93, 0xFF16, 0xFF78, 0xFF98, 0xFF98,
    0xFF99, 0xFF99, 0xFF99, 0xFF78, 0xFF78, 0xFF78, 0xFF78, 0xFF78, 0xFF78, 0xFF79, 0xFF98, 0xFF98, 0xFF78, 0xFF98, 0xFF98, 0xFF79,
    0xFF99, 0xFF78, 0xF694, 0xF672, 0xFE32, 0xFE32, 0xF632, 0xF632, 0xF632, 0xF632, 0xF632, 0xF612, 0xF612, 0xEDF1, 0xF5F1, 0xF5F1,
    0xF5F1, 0xF5F1, 0xF5F1, 0xF5F1, 0xF611, 0xF5F0, 0xF5F0, 0xF5F1, 0xF611, 0xFED5, 0xFF37, 0xFF58, 0xFF58, 0xFF58, 0xFF58, 0xFF58,
    0xDDB1, 0xDDD2, 0xDDD2, 0xDDD2, 0xDDD2, 0xDDD2, 0xDDB1, 0xDDB1, 0xDDD2, 0xDDD2, 0xDDF2, 0xDDD2, 0xDDD2, 0xE5F2, 0xE5B1, 0xD52E,
    0xD50D, 0xD50D, 0xD50D, 0xD4EC, 0xDD0C, 0xE54D, 0xF5AE, 0xF5AE, 0xF5CF, 0xF5EF, 0xF5EF, 0xF5EF, 0xF610, 0xF630, 0xF630, 0xF630,
    0xF630, 0xF630, 0xF630, 0xF631, 0xF631, 0xFE31, 0xFE31, 0xFE51, 0xFE52, 0xFEB4, 0xFF57, 0xFF57, 0xFF77, 0xFF77, 0xFF97, 0xFF97,
    0xFF77, 0xFF77, 0xFF77, 0xFF77, 0xFF57, 0xFF57, 0xFF56, 0xFEF4, 0xFED3, 0xFED3, 0xFEB3, 0xFEB3, 0xFEB2, 0xFEB2, 0xFE92, 0xFE92,
    0xFE92, 0xFE92, 0xFF35, 0xFF77, 0xFF77, 0xFF76, 0xFF97, 0xFFB8, 0xFFB8, 0xFFB8, 0xFFB8, 0xFFB8, 0xFFB8, 0xFFB8, 0xFFB8, 0xFFB8,
    0xFFB8, 0xFFB8, 0xFFB8, 0xFFB8, 0xFFB8, 0xFFD8, 0xFFD8, 0xFFD8, 0xFFD8, 0xFFD9, 0xFF76, 0xFF13, 0xFEF2, 0xFF12, 0xFF33, 0xFF33,
    0xFF33, 0xFF33, 0xFF33, 0xFF13, 0xFF13, 0xFF33, 0xFF33, 0xFF13, 0xFF13, 0xFF13, 0xFF13, 0xFF13, 0xFF13, 0xFEF2, 0xFEF3, 0xFEF3,
    0xFEF3, 0xFEF2, 0xFED2, 0xFF13, 0xFF96, 0xFFF9, 0xFFD9, 0xFFF9, 0xFFF9, 0xFFF9, 0xFFF9, 0xFFF9, 0xFFF9, 0xFFF9, 0xFFF9, 0xFFF9,
    0xFFD9, 0xFFD9, 0xFFFA, 0xDEB5, 0x7B08, 0x4942, 0x5A05, 0x5A26, 0x41A4, 0x2943, 0x2923, 0x3164, 0x18C2, 0x18C1, 0x18C2, 0x2102,
    0x2923, 0x2923, 0x2923, 0x2943, 0x2923, 0x2923, 0x2923, 0x20E2, 0x18E2, 0x18C1, 0x10A1, 0x10A1, 0x10A1, 0x10A1, 0x10A1, 0x10A1,
    0x10A1, 0x10C1, 0x20E2, 0x2103, 0x2903, 0x2903, 0x3144, 0x3964, 0x41A5, 0x3984, 0x3102, 0xCD91, 0xFF55, 0xFE92, 0xFEB3, 0xFEB3,
    0xFE93, 0xFE93, 0xFE93, 0xFE93, 0xFE93, 0xFE73, 0xFE72, 0xFE52, 0xFE52, 0xFE52, 0xFE72, 0xFE52, 0xFE94, 0xFF16, 0xFF78, 0xFF78,
    0xFF78, 0xFF78, 0xFF78, 0xFF78, 0xFF78, 0xFF78, 0xFF79, 0xFF78, 0xFF78, 0xFF79, 0xFF98, 0xFFB8, 0xFFB8, 0xFF98, 0xFF98, 0xFF98,
    0xFF78, 0xFF78, 0xFF99, 0xFF16, 0xF673, 0xF652, 0xF632, 0xF632, 0xF632, 0xF632, 0xF632, 0xF612, 0xF5F1, 0xF5F1, 0xF5F1, 0xF5F1,
    0xEDF0, 0xF5F0, 0xF5F1, 0xF5F1, 0xF5F1, 0xF5F0, 0xF5F0, 0xF5F0, 0xF5F0, 0xEDF0, 0xF694, 0xFF17, 0xFF58, 0xFF58, 0xFF58, 0xFF58,
    0xDDB1, 0xDDD1, 0xDDD1, 0xDDD1, 0xDDD1, 0xDDD2, 0xDDF2, 0xDDD2, 0xDDD2, 0xDDF2, 0xDDF2, 0xDDF2, 0xDDF2, 0xE5F2, 0xE5F2, 0xE5D1,
    0xD52D, 0xDD0D, 0xDD2D, 0xE54D, 0xE54D, 0xED8E, 0xF5EF, 0xF5EF, 0xF5EF, 0xF5EF, 0xF5EF, 0xF610, 0xF610, 0xF610, 0xF630, 0xF630,
    0xF630, 0xF630, 0xF630, 0xF631, 0xFE72, 0xFE72, 0xFE73, 0xFE73, 0xFE72, 0xFEB4, 0xFF16, 0xFF56, 0xFF56, 0xFF56, 0xFF56, 0xFF35,
    0xFEF4, 0xFED4, 0xFEF4, 0xFED4, 0xFED4, 0xFED4, 0xFED3, 0xFED3, 0xFED3, 0xFEB2, 0xFEB2, 0xFEB2, 0xFEB2, 0xFEB2, 0xFEB2, 0xFEB2,
    0xFE92, 0xFE92, 0xFF14, 0xFF76, 0xFF77, 0xFF77, 0xFF77, 0xFF97, 0xFFB8, 0xFFB8, 0xFFB8, 0xFFB9, 0xFFB9, 0xFFB8, 0xFFB8, 0xFFB8,
    0xFFD8, 0xFFD9, 0xFFD9, 0xFFD9, 0xFFD8, 0xFFD8, 0xFFD8, 0xFFD8, 0xFFD8, 0xFFD9, 0xFFD8, 0xFF76, 0xFF13, 0xFF33, 0xFF33, 0xFF33,
    0xFF33, 0xFF33, 0xFF33, 0xFF33, 0xFF33, 0xFF33, 0xFF13, 0xFF13, 0xFF13, 0xFF13, 0xFF13, 0xFF13, 0xFF13, 0xFF13, 0xFF13, 0xFF13,
    0xFF13, 0xFEF3, 0xFEF3, 0xFED3, 0xFF14, 0xFF97, 0xFFD9, 0xFFF9, 0xFFD8, 0xFFF9, 0xFFF8, 0xFFF9, 0xFFD9, 0xFFD9, 0xFFD9, 0xFFF9,
    0xFFD9, 0xFFB8, 0xFFFB, 0xC5B1, 0x5162, 0x6246, 0x4184, 0x3143, 0x2923, 0x2123, 0x2102, 0x18C1, 0x10A1, 0x10A1, 0x10A1, 0x18C1,
    0x18C1, 0x18A2, 0x18C2, 0x18C2, 0x18C2, 0x18C2, 0x20E2, 0x18E2, 0x20E2, 0x10A1, 0x1081, 0x1081, 0x1081, 0x10A1, 0x10A1, 0x10A1,
    0x10A1, 0x10A1, 0x18C1, 0x18E2, 0x20E2, 0x2902, 0x2923, 0x2903, 0x2902, 0x2923, 0x3123, 0x6226, 0xB44B, 0xFE92, 0xFEB3, 0xFEB3,
    0xFEB2, 0xFE92, 0xFE92, 0xFE72, 0xFE72, 0xFE73, 0xFE73, 0xFE72, 0xFE52, 0xFE52, 0xFE52, 0xFE52, 0xFE52, 0xF652, 0xFF16, 0xFF78,
    0xFF99, 0xFF99, 0xFF98, 0xFF99, 0xFF98, 0xFF98, 0xFF98, 0xFF98, 0xFF99, 0xFF99, 0xFFB8, 0xFFD9, 0xFFFC, 0xFFD8, 0xFF97, 0xFF98,
    0xFF78, 0xFF78, 0xFF79, 0xFF78, 0xFF78, 0xFED5, 0xF632, 0xF632, 0xF632, 0xF633, 0xF632, 0xF632, 0xF611, 0xF612, 0xF612, 0xF5F1,
    0xF5F0, 0xF5F0, 0xEDF0, 0xF5F1, 0xF5F0, 0xF5F0, 0xF5F0, 0xEDF0, 0xEDF0, 0xF5F0, 0xEDF1, 0xF611, 0xF6D5, 0xFF38, 0xFF59, 0xFF79,
    0xDDD1, 0xDDD1, 0xDDD1, 0xDDD1, 0xDDD1, 0xDDD2, 0xDDF2, 0xDDF2, 0xDDD2, 0xDDD2, 0xDDF2, 0xE5F2, 0xE5F2, 0xE5F2, 0xE5F2, 0xE5D1,
    0xD54E, 0xDD2D, 0xE56E, 0xEDAE, 0xEDAE, 0xF5AE, 0xF5CF, 0xF5EF, 0xF5EF, 0xF5EF, 0xF5EF, 0xF610, 0xF630, 0xF631, 0xF631, 0xF651,
    0xF652, 0xF672, 0xF672, 0xF672, 0xFED5, 0xFF36, 0xFF36, 0xFF36, 0xFF36, 0xFF36, 0xFF15, 0xFEB4, 0xFEB3, 0xFEB3, 0xFEB3, 0xFEB3,
    0xFEB3, 0xFED3, 0xFED3, 0xFEF3, 0xFEF3, 0xFEF3, 0xFEF4, 0xFEF4, 0xFEF4, 0xFF14, 0xFEF4, 0xFF14, 0xFF13, 0xFEF3, 0xFF13, 0xFEF3,
    0xFED2, 0xFED3, 0xFED3, 0xFF35, 0xFF97, 0xFFB8, 0xFFB8, 0xFFB8, 0xFFB8, 0xFFB8, 0xFFB8, 0xFFB9, 0xFFB9, 0xFFD9, 0xFFD8, 0xFFD9,
    0xFFD9, 0xFFD9, 0xFFD9, 0xFFF9, 0xFFF9, 0xFFF9, 0xFFD9, 0xFFD8, 0xFFD8, 0xFFD8, 0xFFD8, 0xFFD8, 0xFF96, 0xFF34, 0xFF33, 0xFF33,
    0xFF33, 0xFF33, 0xFF33, 0xFF33, 0xFF33, 0xFF33, 0xFF34, 0xFF33, 0xFF13, 0xFF13, 0xFF13, 0xFF13, 0xFF13, 0xFF14, 0xFF13, 0xFF77,
    0xFFD9, 0xFF33, 0xFEF3, 0xFEF3, 0xFED3, 0xFF14, 0xFF97, 0xFFD9, 0xFFD9, 0xFFF9, 0xFFF9, 0xFFF9, 0xFFF9, 0xFFF9, 0xFFF9, 0xFFB7,
    0xFFF9, 0xFFD9, 0x93EA, 0x7AC7, 0x6225, 0x6A26, 0x4163, 0x2102, 0x20E2, 0x20E2, 0x18E2, 0x10A1, 0x10C1, 0x1080, 0x0860, 0x1080,
    0x10A1, 0x18C2, 0x18C2, 0x18C2, 0x18A2, 0x10A2, 0x18C2, 0x18C2, 0x10A1, 0x1081, 0x0860, 0x0860, 0x10A1, 0x10A1, 0x10A1, 0x10A1,
    0x10A1, 0x10A1, 0x10A1, 0x10A1, 0x18E2, 0x2903, 0x2903, 0x2903, 0x20E2, 0x20C1, 0x2902, 0x2903, 0x4163, 0xD54F, 0xFEB3, 0xFEB3,
    0xFEB3, 0xFEB3, 0xFE92, 0xFE72, 0xFE72, 0xFE72, 0xFE72, 0xFE72, 0xFE52, 0xFE52, 0xFE52, 0xFE52, 0xFE52, 0xFE72, 0xFE73, 0xFED5,
    0xFF78, 0xFF98, 0xFF99, 0xFF99, 0xFF98, 0xFF98, 0xFF99, 0xFF99, 0xFF98, 0xFFB8, 0xFFD7, 0xFFFA, 0xFFFF, 0xFFD8, 0xFFB7, 0xFF98,
    0xFF78, 0xFF78, 0xFF78, 0xFF78, 0xFF78, 0xFF78, 0xFF36, 0xF653, 0xF632, 0xF632, 0xF612, 0xF612, 0xF611, 0xF5F1, 0xF5F1, 0xF611,
    0xF5F0, 0xEDF0, 0xEDF0, 0xEDD0, 0xEDD0, 0xF5D0, 0xF5D0, 0xF5D0, 0xEDCF, 0xEDF0, 0xF5F0, 0xF5F1, 0xF632, 0xF6B4, 0xFF37, 0xF717,
    0xDDD2, 0xDDF2, 0xDDF2, 0xDDF2, 0xDDD2, 0xDDD2, 0xDDF2, 0xDDF2, 0xE5F2, 0xDDF2, 0xE5F2, 0xE5F2, 0xE5F2, 0xE5F2, 0xE5D1, 0xE5F1,
    0xEDD0, 0xEDAF, 0xEDCF, 0xEDF0, 0xEE10, 0xF611, 0xF631, 0xF631, 0xF631, 0xF631, 0xF651, 0xF672, 0xFED4, 0xFEF5, 0xFEF5, 0xFEF5,
    0xFF16, 0xFF37, 0xFF37, 0xFF57, 0xFF58, 0xFF58, 0xFF58, 0xFF58, 0xFF98, 0xFFB8, 0xFF77, 0xFEF4, 0xFEB3, 0xFED3, 0xFED3, 0xFED3,
    0xFED3, 0xFED3, 0xFEF4, 0xFEF4, 0xFEF4, 0xFEF4, 0xFEF4, 0xFEF4, 0xFEF4, 0xFEF4, 0xFEF4, 0xFEF4, 0xFF14, 0xFF14, 0xFF14, 0xFEF3,
    0xFEF3, 0xFED3, 0xFED3, 0xFF35, 0xFFB8, 0xFFD8, 0xFFB8, 0xFFB8, 0xFFB8, 0xFFD8, 0xFFB8, 0xFFB8, 0xFFB8, 0xFFD9, 0xFFFB, 0xFFF9,
    0xFFD8, 0xFFD8, 0xFFD9, 0xFFF9, 0xFFF9, 0xFFF9, 0xFFD9, 0xFFD8, 0xFFD8, 0xFFD8, 0xFFD8, 0xFFF9, 0xFFB7, 0xFF54, 0xFF33, 0xFF33,
    0xFF53, 0xFF54, 0xFF54, 0xFF54, 0xFF54, 0xFF34, 0xFF33, 0xFF33, 0xFF34, 0xFF34, 0xFF33, 0xFF13, 0xFF13, 0xFF34, 0xFF13, 0xFF77,
    0xFFDA, 0xFF33, 0xFF13, 0xFEF3, 0xFEF3, 0xFEF3, 0xFF14, 0xFFB7, 0xFFB8, 0xFFB8, 0xFFB8, 0xFF96, 0xFF75, 0xFF75, 0xFF75, 0xFF75,
    0xEEF3, 0xC570, 0x6A65, 0x59C3, 0x5A05, 0x51C5, 0x3123, 0x18C1, 0x18C1, 0x18C2, 0x18C2, 0x18C1, 0x18C2, 0x10A1, 0x0860, 0x0840,
    0x1081, 0x18C2, 0x18A2, 0x18A2, 0x10A2, 0x10A1, 0x10A1, 0x1081, 0x0880, 0x0860, 0x0860, 0x0881, 0x10A1, 0x10A1, 0x10A1, 0x10A1,
    0x10A1, 0x10A1, 0x10C1, 0x10C1, 0x18C1, 0x20E2, 0x2903, 0x2903, 0x2102, 0x20E1, 0x2102, 0x2922, 0x3943, 0x61E4, 0xE5F1, 0xFEB3,
    0xFEB3, 0xFEB3, 0xFE92, 0xFE72, 0xFE92, 0xFE72, 0xFE72, 0xFE72, 0xFE72, 0xFE72, 0xFE52, 0xFE52, 0xFE52, 0xFE72, 0xFE52, 0xFE72,
    0xFE93, 0xFF57, 0xFFB9, 0xFF99, 0xFF99, 0xFF98, 0xFF99, 0xFF99, 0xFF99, 0xFFB8, 0xFFD8, 0xFFF9, 0xFFFB, 0xFFF8, 0xFFD7, 0xFFB8,
    0xFF98, 0xFF98, 0xFF98, 0xFF78, 0xFF79, 0xFF99, 0xFF99, 0xFF58, 0xF6D5, 0xF612, 0xF612, 0xF611, 0xF5F1, 0xF5F0, 0xF5F0, 0xF5F0,
    0xF5D0, 0xF5F0, 0xF631, 0xF611, 0xF611, 0xF611, 0xF652, 0xF632, 0xEE12, 0xF6B4, 0xFF16, 0xFEF6, 0xFF17, 0xFF37, 0xFF58, 0xF6B5,
    0xE5F2, 0xE5F2, 0xE5F2, 0xDDD2, 0xDDD2, 0xDDD1, 0xDDB1, 0xDD90, 0xDD90, 0xE5B1, 0xE5B1, 0xE5B1, 0xDD6F, 0xDD4E, 0xDD6F, 0xE5D0,
    0xEE11, 0xF652, 0xF673, 0xFEB4, 0xFEF5, 0xFEF6, 0xFEF6, 0xFEF6, 0xFEF6, 0xFEF6, 0xFEF6, 0xFF16, 0xFF17, 0xFF37, 0xFF37, 0xFF37,
    0xFF37, 0xFF37, 0xFF38, 0xFF58, 0xFF58, 0xFF78, 0xFF98, 0xFF98, 0xFFB9, 0xFFB8, 0xFFB8, 0xFEF4, 0xFEF3, 0xFEF4, 0xFEF4, 0xFF14,
    0xFF14, 0xFF14, 0xFF15, 0xFF14, 0xFF14, 0xFF14, 0xFF14, 0xFEF4, 0xFF14, 0xFF14, 0xFF14, 0xFEF4, 0xFF14, 0xFEF4, 0xFEF3, 0xFEF3,
    0xFEF3, 0xFEF3, 0xFEF3, 0xFF14, 0xFF76, 0xFFB8, 0xFFB8, 0xFFB8, 0xFFD8, 0xFFD8, 0xFFD8, 0xFFB8, 0xFFD8, 0xFFFA, 0xFFFD, 0xFFF9,
    0xFFF8, 0xFFF8, 0xFFD8, 0xFFD8, 0xFFF8, 0xFFD9, 0xFFD9, 0xFFD8, 0xFFD9, 0xFFD9, 0xFFD8, 0xFFD8, 0xFFD8, 0xFFB7, 0xFF34, 0xFF33,
    0xFF53, 0xFF54, 0xFF54, 0xFF54, 0xFF54, 0xFF54, 0xFF33, 0xFF34, 0xFF33, 0xFF34, 0xFF34, 0xFF34, 0xFF33, 0xFF13, 0xFF34, 0xFF54,
    0xFF54, 0xFF34, 0xFF55, 0xFF55, 0xFF55, 0xFF56, 0xFF76, 0xFF76, 0xFF34, 0xFF34, 0xFF34, 0xFF13, 0xFF13, 0xFF13, 0xFEF3, 0xFFB5,
    0xE672, 0x5162, 0x6225, 0x6205, 0x49A4, 0x3102, 0x18C2, 0x18C1, 0x18C1, 0x18C1, 0x18C1, 0x18C2, 0x18C2, 0x10A1, 0x1080, 0x0860,
    0x0860, 0x0881, 0x0860, 0x0860, 0x0860, 0x0860, 0x0860, 0x0860, 0x0860, 0x0860, 0x0860, 0x1081, 0x10A1, 0x10A1, 0x1080, 0x1081,
    0x1080, 0x1080, 0x1080, 0x0880, 0x1080, 0x18A1, 0x20E2, 0x2903, 0x2903, 0x2903, 0x2902, 0x2902, 0x2902, 0x3922, 0x51C4, 0xEE31,
    0xFED3, 0xFEB2, 0xFE92, 0xFE92, 0xFE92, 0xFE92, 0xFE72, 0xFE72, 0xFE72, 0xFE72, 0xFE72, 0xFE72, 0xFE72, 0xFE72, 0xFE72, 0xFE72,
    0xFE72, 0xFE93, 0xFEF5, 0xFF78, 0xFF99, 0xFF98, 0xFF98, 0xFF98, 0xFFB9, 0xFFD8, 0xFFF9, 0xFFFA, 0xFFFC, 0xFFFB, 0xFFFA, 0xFFF9,
    0xFF98, 0xFF98, 0xFF99, 0xFF99, 0xFF99, 0xFF99, 0xFF99, 0xFFB9, 0xFF98, 0xF6F5, 0xF632, 0xF612, 0xF632, 0xF652, 0xF652, 0xF652,
    0xF632, 0xF694, 0xFF36, 0xFF16, 0xFF16, 0xFF37, 0xFF77, 0xFF57, 0xFF57, 0xFF58, 0xFF78, 0xFF58, 0xFF58, 0xFF58, 0xFF78, 0xFF17,
    0xDD4E, 0xDD6F, 0xDD6F, 0xDD6F, 0xDD4F, 0xDD6F, 0xDD4F, 0xDD0E, 0xDD2D, 0xDD2E, 0xDD2E, 0xDD2E, 0xDD2D, 0xE54D, 0xE56E, 0xEDCF,
    0xEE11, 0xF674, 0xFED6, 0xFEF6, 0xFEF6, 0xFEF6, 0xFEF6, 0xFEF7, 0xFEF7, 0xFF17, 0xFF17, 0xFF17, 0xFF17, 0xFF17, 0xFF37, 0xFF37,
    0xFF37, 0xFF37, 0xFF57, 0xFF58, 0xFF98, 0xFFB9, 0xFFD9, 0xFFD9, 0xFFD9, 0xFFB8, 0xFFB8, 0xFEF4, 0xFEF3, 0xFF14, 0xFF14, 0xFF14,
    0xFF14, 0xFF14, 0xFF14, 0xFF14, 0xFEF4, 0xFEF4, 0xFEF4, 0xFF14, 0xFF14, 0xFF14, 0xFF14, 0xFF14, 0xFF14, 0xFEF4, 0xFEF4, 0xFEF4,
    0xFEF4, 0xFF14, 0xFF14, 0xFF13, 0xFF14, 0xFFB7, 0xFFD8, 0xFFB8, 0xFFD8, 0xFFD8, 0xFFD8, 0xFFD8, 0xFFD9, 0xFFF9, 0xFFFA, 0xFFF8,
    0xFFF9, 0xFFD9, 0xFFD9, 0xFFD8, 0xFFD8, 0xFFD8, 0xFFD8, 0xFFD8, 0xFFD9, 0xFFD9, 0xFFD9, 0xFFD8, 0xFFD8, 0xFFD8, 0xFF96, 0xFF54,
    0xFF54, 0xFF54, 0xFF54, 0xFF54, 0xFF54, 0xFF54, 0xFF54, 0xFF54, 0xFF75, 0xFF96, 0xFF96, 0xFF96, 0xFF76, 0xFF76, 0xFF97, 0xFFB7,
    0xFFB7, 0xFFB8, 0xFFD9, 0xFFD9, 0xFFD9, 0xFFD9, 0xFFD9, 0xFFB7, 0xFF13, 0xFEF2, 0xFEF3, 0xFF13, 0xFF13, 0xFF13, 0xFF54, 0xDE10,
    0x9368, 0x59C4, 0x61E4, 0x4983, 0x3943, 0x2902, 0x18A1, 0x10C1, 0x18C1, 0x18C1, 0x18C1, 0x18C2, 0x18C2, 0x10A1, 0x10A1, 0x10A1,
    0x1081, 0x0840, 0x0840, 0x0860, 0x0860, 0x0840, 0x0860, 0x0860, 0x0860, 0x0860, 0x0860, 0x10A1, 0x18E2, 0x10A1, 0x0860, 0x0860,
    0x0860, 0x0860, 0x0880, 0x0880, 0x0880, 0x10A1, 0x20C1, 0x20E2, 0x2903, 0x2923, 0x3123, 0x3123, 0x20C1, 0x18C1, 0x3122, 0xEE31,
    0xFEF3, 0xFEB3, 0xFEB2, 0xFE92, 0xFE92, 0xFE92, 0xFE72, 0xFE72, 0xFE72, 0xFE72, 0xFE72, 0xFE72, 0xFE72, 0xFE72, 0xFE52, 0xFE72,
    0xFE72, 0xFE51, 0xFE72, 0xFED4, 0xFF77, 0xFF99, 0xFF98, 0xFF98, 0xFFB9, 0xFFF9, 0xFFF9, 0xFFFB, 0xFFFF, 0xFFFC, 0xFFF9, 0xFFD8,
    0xFFB8, 0xFF98, 0xFF78, 0xFF37, 0xFF37, 0xFF37, 0xFF16, 0xFEF6, 0xFF16, 0xF6F5, 0xF652, 0xF632, 0xFF15, 0xFF78, 0xFF78, 0xFF78,
    0xFF78, 0xFF78, 0xFF99, 0xFF99, 0xFF99, 0xFF98, 0xFF78, 0xFF78, 0xFF78, 0xFF58, 0xFF58, 0xFF57, 0xFF57, 0xFF58, 0xFF78, 0xFF78,
    0xDCEC, 0xDD0C, 0xDD0D, 0xE52D, 0xDD2D, 0xDD2D, 0xDD2D, 0xDD2D, 0xDD2D, 0xDD2D, 0xE54D, 0xE52D, 0xE54E, 0xF5F0, 0xF610, 0xF610,
    0xF610, 0xF673, 0xFED6, 0xFEF6, 0xFEF6, 0xFEF6, 0xFEF6, 0xFF16, 0xFF17, 0xFF17, 0xFF17, 0xFF37, 0xFF37, 0xFF37, 0xFF37, 0xFF37,
    0xFF37, 0xFF58, 0xFF78, 0xFF98, 0xFFB9, 0xFFD9, 0xFFD9, 0xFFD9, 0xFFD9, 0xFFD9, 0xFFD9, 0xFF77, 0xFF35, 0xFF14, 0xFF14, 0xFF14,
    0xFF14, 0xFF14, 0xFEF4, 0xFEF4, 0xFEF4, 0xFEF4, 0xFEF4, 0xFEF4, 0xFF14, 0xFF14, 0xFF14, 0xFF14, 0xFF14, 0xFF14, 0xFF14, 0xFF14,
    0xFF14, 0xFF14, 0xFF14, 0xFF14, 0xFF14, 0xFF96, 0xFFB8, 0xFFB8, 0xFFD8, 0xFFD8, 0xFFD8, 0xFFF8, 0xFFF8, 0xFFF9, 0xFFF9, 0xFFF9,
    0xFFF9, 0xFFF9, 0xFFF9, 0xFFF9, 0xFFD9, 0xFFD9, 0xFFD9, 0xFFD9, 0xFFF9, 0xFFD8, 0xFFF8, 0xFFD8, 0xFFD8, 0xFFD8, 0xFFD8, 0xFFB6,
    0xFF95, 0xFFB6, 0xFFD8, 0xFFD7, 0xFFD7, 0xFFD8, 0xFFD7, 0xFFD8, 0xFFD8, 0xFFF9, 0xFFD9, 0xFFF9, 0xFFF9, 0xFFF9, 0xFFF9, 0xFFF9,
    0xFFF9, 0xFFF9, 0xFFF9, 0xFFF9, 0xFFF9, 0xFFD9, 0xFFD8, 0xFFD8, 0xFF96, 0xFF33, 0xFF13, 0xFF13, 0xFF33, 0xFF13, 0xFF74, 0xCD2D,
    0x5121, 0x51A3, 0x61E4, 0x4163, 0x2902, 0x20E2, 0x18C1, 0x18C1, 0x10C1, 0x1080, 0x1080, 0x1081, 0x10A1, 0x10A1, 0x10A1, 0x10A1,
    0x10A1, 0x0881, 0x0860, 0x0860, 0x0860, 0x0860, 0x0860, 0x1081, 0x10A1, 0x10A1, 0x10A1, 0x18C2, 0x18C2, 0x18C2, 0x10A1, 0x0860,
    0x1081, 0x18C2, 0x18C2, 0x10A1, 0x10A0, 0x10A1, 0x10A1, 0x18C1, 0x2903, 0x2903, 0x3123, 0x3123, 0x20C2, 0x18A1, 0x3123, 0xEE52,
    0xFEF3, 0xFEB2, 0xFEB2, 0xFE92, 0xFE92, 0xFE92, 0xFE72, 0xFE72, 0xFE72, 0xFE72, 0xFE51, 0xFE72, 0xFE72, 0xFE72, 0xFE51, 0xFE51,
    0xFE71, 0xFE71, 0xFE72, 0xFE52, 0xFEB4, 0xFF16, 0xFF98, 0xFF99, 0xFFB9, 0xFFB8, 0xFFF8, 0xFFFB, 0xFFFE, 0xFFF9, 0xFF96, 0xFF77,
    0xFF56, 0xFF56, 0xFF15, 0xFE93, 0xFE93, 0xFE73, 0xF652, 0xF632, 0xF632, 0xF632, 0xF632, 0xF611, 0xF6B4, 0xFF77, 0xFF98, 0xFF78,
    0xFF98, 0xFF98, 0xFF98, 0xFF98, 0xFF98, 0xFF98, 0xFF98, 0xFF78, 0xFF58, 0xFF57, 0xFF58, 0xFF58, 0xFF78, 0xFF78, 0xFF78, 0xFF78,
    0xDD0D, 0xDD0D, 0xDD0D, 0xE52D, 0xDD2D, 0xDD2D, 0xDD2D, 0xDD2D, 0xDD2D, 0xDD2D, 0xE56E, 0xF5F0, 0xF5F0, 0xF631, 0xF631, 0xF631,
    0xF611, 0xFE93, 0xFEF6, 0xFEF6, 0xFEF6, 0xFEF6, 0xFF16, 0xFF97, 0xFF98, 0xFF37, 0xFF37, 0xFF37, 0xFF37, 0xFF38, 0xFF37, 0xFF58,
    0xFF58, 0xFF98, 0xFFB8, 0xFFB8, 0xFFD9, 0xFFD9, 0xFFD9, 0xFFD9, 0xFFF9, 0xFFF9, 0xFFF9, 0xFFB8, 0xFF35, 0xFF14, 0xFF14, 0xFF13,
    0xFF13, 0xFF14, 0xFF14, 0xFF14, 0xFF14, 0xFF14, 0xFF14, 0xFEF4, 0xFF14, 0xFF14, 0xFF14, 0xFF14, 0xFF14, 0xFF14, 0xFF15, 0xFF15,
    0xFF35, 0xFF14, 0xFF14, 0xFF14, 0xFF14, 0xFF14, 0xFF96, 0xFFD8, 0xFFD8, 0xFFD9, 0xFFD9, 0xFFD8, 0xFFD8, 0xFFF9, 0xFFF9, 0xFFF9,
    0xFFD9, 0xFFD8, 0xFFD8, 0xFFD8, 0xFFD8, 0xFFD8, 0xFFD8, 0xFFD8, 0xFFB7, 0xFF76, 0xFF75, 0xFF75, 0xFF75, 0xFF75, 0xFF96, 0xFFD7,
    0xFFF7, 0xFFF9, 0xFFFA, 0xFFFA, 0xFFFA, 0xFFF9, 0xFFF9, 0xFFFA, 0xFFFA, 0xFFFA, 0xFFF9, 0xFFF9, 0xFFFA, 0xFFFA, 0xFFF9, 0xFFF9,
    0xFFF9, 0xFFF9, 0xFFF9, 0xFFF9, 0xFFD8, 0xFFD8, 0xFFD8, 0xFFD8, 0xFFD8, 0xFFB7, 0xFF54, 0xFF33, 0xFF33, 0xFF33, 0xFF95, 0xCD6E,
    0x61C3, 0x6A45, 0x6225, 0x4983, 0x2902, 0x20E2, 0x10C1, 0x10A1, 0x10C1, 0x10A1, 0x10A1, 0x10A1, 0x10A1, 0x10A1, 0x10A1, 0x10A1,
    0x10A1, 0x10A1, 0x0880, 0x0860, 0x0880, 0x0881, 0x0881, 0x0881, 0x0860, 0x10A1, 0x18C2, 0x18C2, 0x18C2, 0x18C2, 0x18A2, 0x18A2,
    0x18C2, 0x10A1, 0x10A1, 0x18E2, 0x1080, 0x10A1, 0x10A1, 0x10A1, 0x18C1, 0x2903, 0x3124, 0x3123, 0x20C2, 0x18A1, 0x3123, 0xEE32,
    0xFEF3, 0xFEB3, 0xFEB2, 0xFE92, 0xFE92, 0xFE92, 0xFE92, 0xFE72, 0xFE72, 0xFE51, 0xFE51, 0xFE51, 0xFE52, 0xFE51, 0xFE51, 0xFE71,
    0xFE52, 0xFE51, 0xFE72, 0xFEF4, 0xFEF5, 0xFF36, 0xFF98, 0xFF36, 0xFF15, 0xFF35, 0xFF96, 0xFFF7, 0xFFF8, 0xFFB5, 0xFEF3, 0xFEB3,
    0xFE92, 0xFE72, 0xFE52, 0xFE52, 0xF652, 0xF632, 0xF632, 0xF632, 0xF652, 0xF632, 0xF611, 0xF612, 0xF612, 0xF694, 0xFF36, 0xFF78,
    0xFF78, 0xFF78, 0xFF98, 0xFF98, 0xFF98, 0xFF98, 0xFF98, 0xFF78, 0xFF78, 0xFF78, 0xFF78, 0xFF78, 0xFF78, 0xFF79, 0xFF79, 0xFF99,
    0xE52D, 0xDD2D, 0xDD2D, 0xE52D, 0xE52D, 0xDD2D, 0xDD2D, 0xDD2D, 0xED8E, 0xEDAF, 0xEDEF, 0xF610, 0xF610, 0xF631, 0xF631, 0xF631,
    0xF631, 0xF651, 0xF6B3, 0xFEF6, 0xFEF6, 0xFF16, 0xFF16, 0xFF57, 0xFF77, 0xFF37, 0xFF37, 0xFF37, 0xFF57, 0xFF57, 0xFF58, 0xFF78,
    0xFFB8, 0xFFB8, 0xFFD8, 0xFFD9, 0xFFD9, 0xFFD9, 0xFFF9, 0xFFF9, 0xFFF9, 0xFFF9, 0xFFF9, 0xFFD8, 0xFF35, 0xFF14, 0xFF14, 0xFF14,
    0xFF14, 0xFF14, 0xFF14, 0xFF14, 0xFF14, 0xFF14, 0xFF14, 0xFF14, 0xFF14, 0xFF14, 0xFF14, 0xFF14, 0xFF14, 0xFF14, 0xFF15, 0xFF14,
    0xFF14, 0xFF14, 0xFF14, 0xFF14, 0xFF14, 0xFF13, 0xFF55, 0xFF97, 0xFFB7, 0xFFD7, 0xFFB7, 0xFFB7, 0xFFB7, 0xFFB7, 0xFFB7, 0xFFB7,
    0xFFB7, 0xFF75, 0xFF54, 0xFF54, 0xFF54, 0xFF54, 0xFF54, 0xFF55, 0xFF55, 0xFF54, 0xFF54, 0xFF54, 0xFF74, 0xFF94, 0xFFD6, 0xF691,
    0xEE0F, 0xF650, 0xEE2F, 0xF671, 0xFFF9, 0xFFFB, 0xFFFB, 0xFFFB, 0xFFFB, 0xFFFA, 0xFFF9, 0xFFF9, 0xFFF9, 0xFFF9, 0xFFF9, 0xFFF9,
    0xFFF9, 0xFFF9, 0xFFF8, 0xFFD8, 0xFFD8, 0xFFD8, 0xFFD8, 0xFFF8, 0xFFF9, 0xFFF9, 0xFFB7, 0xFF54, 0xFF33, 0xFF33, 0xFFB5, 0xCD6E,
    0x61A2, 0x72A7, 0x51C4, 0x28C1, 0x18A1, 0x1080, 0x0880, 0x0860, 0x10A1, 0x18E2, 0x18C2, 0x18C2, 0x10A1, 0x10A1, 0x1081, 0x1081,
    0x1080, 0x0880, 0x0860, 0x0860, 0x0860, 0x1081, 0x1081, 0x0860, 0x0860, 0x10A1, 0x10A2, 0x10A2, 0x18A2, 0x18C2, 0x18C2, 0x18C2,
    0x18C2, 0x1081, 0x10A1, 0x10C1, 0x1080, 0x10A1, 0x10A1, 0x10A1, 0x10A1, 0x18E2, 0x2902, 0x3123, 0x20C2, 0x1881, 0x3123, 0xF693,
    0xFEF3, 0xFE92, 0xFE92, 0xFE92, 0xFE92, 0xFE72, 0xFE72, 0xFE72, 0xFE71, 0xFE72, 0xFEB3, 0xFEB3, 0xFEB3, 0xFEB3, 0xFEB3, 0xFF15,
    0xFF56, 0xFF56, 0xFF56, 0xFFB9, 0xFFD9, 0xFFD9, 0xFFB9, 0xFF15, 0xFEF3, 0xFEF3, 0xFF54, 0xFF94, 0xFFB4, 0xFF73, 0xFEF3, 0xFEB2,
    0xFE92, 0xFE72, 0xFE72, 0xFE52, 0xFE52, 0xFE32, 0xF632, 0xF632, 0xF652, 0xF632, 0xF631, 0xF611, 0xF612, 0xF632, 0xF673, 0xFF36,
    0xFF57, 0xFF98, 0xFF98, 0xFF98, 0xFF98, 0xFF98, 0xFF78, 0xFF78, 0xFF78, 0xFF78, 0xFF78, 0xFF78, 0xFF98, 0xFF99, 0xFF99, 0xFF99,
    0xDD2D, 0xE52D, 0xE52D, 0xE52D, 0xE52D, 0xE54D, 0xEDAF, 0xF5CF, 0xF5F0, 0xF610, 0xF610, 0xF610, 0xF610, 0xF631, 0xFE31, 0xFE31,
    0xF631, 0xF610, 0xF672, 0xFEF6, 0xFEF6, 0xFF16, 0xFF17, 0xFF17, 0xFF17, 0xFF37, 0xFF37, 0xFF77, 0xFF98, 0xFFB8, 0xFFB8, 0xFFB9,
    0xFFD9, 0xFFD9, 0xFFD9, 0xFFF9, 0xFFF9, 0xFFF9, 0xFFFA, 0xFFFA, 0xFFF9, 0xFFF9, 0xFFF9, 0xFFF9, 0xFF97, 0xFF14, 0xFF14, 0xFF34,
    0xFF14, 0xFF14, 0xFF14, 0xFF14, 0xFF14, 0xFF14, 0xFF14, 0xFF14, 0xFF14, 0xFF35, 0xFF35, 0xFF35, 0xFF35, 0xFF35, 0xFF35, 0xFF35,
    0xFF35, 0xFF76, 0xFF97, 0xFF97, 0xFF97, 0xFF96, 0xFF96, 0xFF34, 0xFF34, 0xFF54, 0xFF54, 0xFF33, 0xFF53, 0xFF53, 0xFF33, 0xFF53,
    0xFF53, 0xFF53, 0xFF53, 0xFF53, 0xFF33, 0xFF53, 0xFF54, 0xFF54, 0xFF54, 0xFF54, 0xFF75, 0xFFB6, 0xF6B1, 0xEE0E, 0xEE50, 0xF6F5,
    0xFF38, 0xF738, 0xF738, 0xF715, 0xE630, 0xE611, 0xE631, 0xE631, 0xEE93, 0xFFFA, 0xFFFA, 0xFFFA, 0xFFF9, 0xFFF9, 0xFFF9, 0xFFD9,
    0xFFF9, 0xFFF8, 0xFFD8, 0xFFD8, 0xFFD8, 0xFFD8, 0xFFF8, 0xFFF8, 0xFFF8, 0xFFF8, 0xFFF9, 0xFF96, 0xFF53, 0xFF33, 0xFFB5, 0xCD8E,
    0x4921, 0x59E4, 0x51A4, 0x3102, 0x20C1, 0x1080, 0x0860, 0x0860, 0x0860, 0x1081, 0x1081, 0x10A1, 0x10A1, 0x10A1, 0x1081, 0x1081,
    0x0860, 0x0860, 0x1081, 0x0881, 0x0881, 0x0881, 0x0881, 0x0861, 0x0860, 0x0860, 0x1081, 0x18A2, 0x18A2, 0x18C2, 0x18C2, 0x18C2,
    0x18C2, 0x18C2, 0x1081, 0x0860, 0x0880, 0x1081, 0x10A1, 0x0880, 0x1080, 0x18C1, 0x20E2, 0x2903, 0x20C2, 0x1881, 0x3102, 0xCD6F,
    0xF6D3, 0xFF55, 0xFF14, 0xFF34, 0xFF35, 0xFF55, 0xFF56, 0xFF56, 0xFF56, 0xFF77, 0xFFB8, 0xFFB8, 0xFFB8, 0xFFB8, 0xFF98, 0xFFB9,
    0xFFB9, 0xFFB9, 0xFFD9, 0xFFB9, 0xFFB9, 0xFFB9, 0xFFB9, 0xFFB9, 0xFF77, 0xFEF4, 0xFEF3, 0xFF33, 0xFF53, 0xFF33, 0xFEF3, 0xFEB2,
    0xFE72, 0xFE72, 0xFE52, 0xFE52, 0xFE52, 0xFE52, 0xF632, 0xF632, 0xF632, 0xF632, 0xF632, 0xF632, 0xF632, 0xF632, 0xF632, 0xF632,
    0xF6F5, 0xFF57, 0xFF98, 0xFF98, 0xFF98, 0xFF98, 0xFF78, 0xFF78, 0xFF78, 0xFF78, 0xFF78, 0xFF78, 0xFF99, 0xFF99, 0xFF79, 0xFF79,
    0xDD2D, 0xDD2D, 0xDD2D, 0xE54D, 0xED8F, 0xEDAF, 0xF5F0, 0xF610, 0xF610, 0xF610, 0xF610, 0xF630, 0xF610, 0xF610, 0xF631, 0xF631,
    0xF631, 0xFE31, 0xFE93, 0xFEF6, 0xFF17, 0xFF16, 0xFF16, 0xFF37, 0xFF37, 0xFF57, 0xFF57, 0xFF98, 0xFFB8, 0xFFD8, 0xFFF9, 0xFFD9,
    0xFFF9, 0xFFF9, 0xFFF9, 0xFFF9, 0xFFF9, 0xFFF9, 0xFFF9, 0xFFF9, 0xFFF9, 0xFFF9, 0xFFF9, 0xFFF9, 0xFFD8, 0xFF55, 0xFF34, 0xFF34,
    0xFF34, 0xFF35, 0xFF35, 0xFF35, 0xFF55, 0xFF55, 0xFF56, 0xFF56, 0xFF55, 0xFF76, 0xFFB8, 0xFFD8, 0xFFD8, 0xFFB9, 0xFFD9, 0xFFD9,
    0xFFD9, 0xFFF9, 0xFFFA, 0xFFFA, 0xFFF9, 0xFFF9, 0xFFF9, 0xFF75, 0xFF33, 0xFF13, 0xFF33, 0xFF53, 0xFF53, 0xFF53, 0xFF53, 0xFF33,
    0xFF53, 0xFF53, 0xFF53, 0xFF54, 0xFF54, 0xFF54, 0xFF75, 0xFF95, 0xFF95, 0xFFB6, 0xF712, 0xF62E, 0xF715, 0xF759, 0xF738, 0xFFFC,
    0xFFFF, 0xFFFE, 0xFFFF, 0xFFFC, 0xF717, 0xF6F6, 0xF716, 0xF717, 0xE5F1, 0xF757, 0xFFB9, 0xFFD9, 0xFFFA, 0xFFFA, 0xFFFA, 0xFFFA,
    0xFFF9, 0xFFD8, 0xFFD8, 0xFFD8, 0xFFD8, 0xFFF8, 0xFFF8, 0xFFF8, 0xFFF8, 0xFFF9, 0xFFF9, 0xFFF8, 0xFFB6, 0xFF54, 0xFFB4, 0xCD8E,
    0x4901, 0x51C4, 0x6205, 0x49C4, 0x2902, 0x20E2, 0x1081, 0x1080, 0x0860, 0x0860, 0x0840, 0x0860, 0x0860, 0x1081, 0x1081, 0x10A1,
    0x0860, 0x0860, 0x0860, 0x1081, 0x1081, 0x1081, 0x1081, 0x0881, 0x0860, 0x0860, 0x0860, 0x1081, 0x10A2, 0x18C2, 0x18C2, 0x18C2,
    0x18C2, 0x18C2, 0x1081, 0x0860, 0x0860, 0x0860, 0x0880, 0x0880, 0x1081, 0x18C2, 0x20C2, 0x20C2, 0x28E2, 0x18C2, 0x20C2, 0x28C1,
    0xCDD1, 0xFFD8, 0xFFD8, 0xFFB7, 0xFFB7, 0xFFB8, 0xFFB8, 0xFFB8, 0xFFB8, 0xFFB8, 0xFFB8, 0xFFB8, 0xFFB8, 0xFFB9, 0xFFB9, 0xFFB9,
    0xFFB9, 0xFFB9, 0xFFB9, 0xFFB9, 0xFFB9, 0xFFB9, 0xFFB9, 0xFFFA, 0xFFB9, 0xFF76, 0xFF14, 0xFEF3, 0xFF13, 0xFEF3, 0xFED3, 0xFE92,
    0xFE72, 0xFE72, 0xFE72, 0xFE52, 0xFE52, 0xFE72, 0xF632, 0xF632, 0xF632, 0xF632, 0xF632, 0xF652, 0xF632, 0xF632, 0xF632, 0xF632,
    0xF631, 0xF694, 0xFF36, 0xFF78, 0xFF99, 0xFF98, 0xFF78, 0xFF58, 0xFF78, 0xFF78, 0xFF98, 0xFF99, 0xFF99, 0xFF79, 0xFF79, 0xFF99,
    0xE54D, 0xE56E, 0xED8E, 0xEDAF, 0xF5F0, 0xF610, 0xF610, 0xF610, 0xF610, 0xF630, 0xF630, 0xF630, 0xF610, 0xF610, 0xF5F0, 0xF610,
    0xFE50, 0xFE91, 0xFED3, 0xFEF6, 0xFF17, 0xFF16, 0xFF16, 0xFF37, 0xFF77, 0xFF97, 0xFFB8, 0xFFD8, 0xFFD8, 0xFFD8, 0xFFD9, 0xFFD9,
    0xFFF9, 0xFFF9, 0xFFF9, 0xFFF9, 0xFFF9, 0xFFFA, 0xFFFA, 0xFFFA, 0xFFF9, 0xFFF9, 0xFFF9, 0xFFFA, 0xFFF9, 0xFF96, 0xFF34, 0xFF54,
    0xFF76, 0xFFB8, 0xFFB8, 0xFFB8, 0xFFD8, 0xFFD9, 0xFFD9, 0xFFD9, 0xFFD9, 0xFFD9, 0xFFD9, 0xFFFA, 0xFFFA, 0xFFFA, 0xFFFA, 0xFFFA,
    0xFFFA, 0xFFFA, 0xFFF9, 0xFFF9, 0xFFF9, 0xFFF9, 0xFFD9, 0xFFD8, 0xFF74, 0xFF12, 0xFF33, 0xFF53, 0xFF53, 0xFF33, 0xFF33, 0xFF33,
    0xFF53, 0xFF53, 0xFF53, 0xFF54, 0xFF74, 0xFF74, 0xF64F, 0xEDCD, 0xEDED, 0xEDED, 0xEE51, 0xF6B4, 0xFFBB, 0xFFFF, 0xFFFE, 0xFFFD,
    0xFFFD, 0xFFFD, 0xFFFD, 0xFFFD, 0xFFFE, 0xFFFE, 0xFFFE, 0xFFFF, 0xEED6, 0xE5EF, 0xDDCF, 0xF757, 0xFFFC, 0xEE93, 0xE5CF, 0xE5EF,
    0xF735, 0xFFF9, 0xFFF9, 0xFFF9, 0xFFF9, 0xFFF8, 0xFFF8, 0xFFF8, 0xFFF8, 0xFFF8, 0xFFF8, 0xFFF9, 0xFFD7, 0xFF95, 0xFFD5, 0xCD8E,
    0x4901, 0x51C4, 0x59E4, 0x49A4, 0x2902, 0x2103, 0x2103, 0x18C2, 0x10A1, 0x1081, 0x0860, 0x0860, 0x0840, 0x0860, 0x0860, 0x1081,
    0x0881, 0x0860, 0x0860, 0x0860, 0x0861, 0x0881, 0x1081, 0x0881, 0x0860, 0x0860, 0x0860, 0x0881, 0x0881, 0x0860, 0x0881, 0x10A1,
    0x1081, 0x18C2, 0x10A1, 0x0860, 0x0860, 0x0860, 0x0880, 0x0880, 0x1081, 0x18C2, 0x20C2, 0x20E2, 0x28E3, 0x28E3, 0x28E2, 0x28E2,
    0x4163, 0x940B, 0xEF57, 0xFF97, 0xFFB7, 0xFFB8, 0xFFB8, 0xFFB8, 0xFF97, 0xFFB8, 0xFFB8, 0xFF98, 0xFF98, 0xFF98, 0xFFB8, 0xFFB9,
    0xFFD9, 0xFFD9, 0xFFB9, 0xFFB9, 0xFFB9, 0xFFB9, 0xFFD9, 0xFFD9, 0xFFDA, 0xFFD9, 0xFF77, 0xFF15, 0xFED3, 0xFEB2, 0xFEB2, 0xFE92,
    0xFE73, 0xFE72, 0xFE72, 0xFE52, 0xFE52, 0xFE52, 0xF632, 0xF652, 0xF632, 0xF632, 0xF632, 0xF632, 0xF632, 0xF632, 0xF632, 0xF632,
    0xF631, 0xF632, 0xF652, 0xFEF5, 0xFF78, 0xFF78, 0xFF78, 0xFF57, 0xFF57, 0xFF78, 0xFF98, 0xFF99, 0xFF99, 0xFF99, 0xFF99, 0xFF99,
    0xED8E, 0xF5CF, 0xF5F0, 0xF610, 0xF5F0, 0xF610, 0xF610, 0xF610, 0xF630, 0xF631, 0xF631, 0xF610, 0xF610, 0xF610, 0xF610, 0xFE50,
    0xFE71, 0xFE92, 0xFEB3, 0xFEF6, 0xFF17, 0xFF36, 0xFF57, 0xFF57, 0xFF77, 0xFFB8, 0xFFD8, 0xFFD8, 0xFFD9, 0xFFD9, 0xFFD9, 0xFFD9,
    0xFFF9, 0xFFF9, 0xFFD8, 0xFFD8, 0xFFD8, 0xFF97, 0xFF97, 0xFF96, 0xFF96, 0xFF96, 0xFF96, 0xFF76, 0xFF75, 0xFF54, 0xFF96, 0xFFD8,
    0xFFF9, 0xFFF9, 0xFFDA, 0xFFFA, 0xFFFA, 0xFFDA, 0xFFDA, 0xFFFA, 0xFFD9, 0xFFD9, 0xFFD9, 0xFFF9, 0xFFF9, 0xFFFA, 0xFFFA, 0xFFFA,
    0xFFFA, 0xFFFA, 0xFFF9, 0xFFF9, 0xFFFA, 0xFFF9, 0xFFF9, 0xFFF8, 0xFF96, 0xFF53, 0xFF53, 0xFF53, 0xFF73, 0xFF74, 0xFF74, 0xFF74,
    0xF690, 0xFE4F, 0xF64F, 0xFE4E, 0xF66F, 0xFF11, 0xF671, 0xF694, 0xF6D5, 0xEE94, 0xF779, 0xFFFF, 0xFFFE, 0xFFFD, 0xFFFE, 0xFFFE,
    0xFFFE, 0xFFFE, 0xFFFD, 0xFFFE, 0xFFFD, 0xFFFC, 0xFFFB, 0xFFFC, 0xFFFC, 0xFFFC, 0xEF17, 0xDD8E, 0xE630, 0xEE94, 0xEEF7, 0xE5F0,
    0xF715, 0xFFB8, 0xF714, 0xF714, 0xF734, 0xFFD8, 0xFFF9, 0xFFF8, 0xFFF8, 0xFFF8, 0xFFF8, 0xFFF9, 0xFFF9, 0xFFD8, 0xFFF9, 0xCDAF,
    0x40E1, 0x51E4, 0x4163, 0x3122, 0x3123, 0x2103, 0x2103, 0x18C2, 0x10A2, 0x18C2, 0x18E2, 0x0860, 0x0840, 0x0860, 0x0860, 0x0860,
    0x0860, 0x1081, 0x0881, 0x0860, 0x0860, 0x0861, 0x1081, 0x1061, 0x0860, 0x0860, 0x0860, 0x0860, 0x0860, 0x0881, 0x1081, 0x10A2,
    0x10A1, 0x18C2, 0x10A2, 0x0860, 0x0860, 0x0860, 0x0880, 0x0860, 0x1081, 0x18C2, 0x20E3, 0x28E3, 0x28E3, 0x28E3, 0x28E3, 0x3103,
    0x3103, 0x4164, 0x51E4, 0xEF15, 0xFFF9, 0xFFB7, 0xFFB8, 0xFFB8, 0xFFB8, 0xFFB7, 0xFF97, 0xFF97, 0xFFB8, 0xFFB8, 0xFFB9, 0xFFB9,
    0xFFD9, 0xFFD9, 0xFFB9, 0xFFB9, 0xFFD9, 0xFFD9, 0xFFB9, 0xFFB9, 0xFFB9, 0xFFD9, 0xFFD9, 0xFF97, 0xFED3, 0xFE92, 0xFE92, 0xFE93,
    0xFE73, 0xFE73, 0xFE53, 0xFE52, 0xF652, 0xF652, 0xFE52, 0xF652, 0xF632, 0xF632, 0xF632, 0xF632, 0xF632, 0xF632, 0xF632, 0xF632,
    0xF632, 0xF632, 0xF632, 0xF631, 0xF694, 0xFF57, 0xFF78, 0xFF77, 0xFF77, 0xFF78, 0xFF78, 0xFF78, 0xFF78, 0xFF79, 0xFF99, 0xFF99,
    0xF5F0, 0xF5F0, 0xF610, 0xF610, 0xF610, 0xF610, 0xF630, 0xF630, 0xF611, 0xF610, 0xF610, 0xF610, 0xFE50, 0xF630, 0xFE50, 0xFE50,
    0xFE70, 0xFE50, 0xFE71, 0xFE92, 0xFF36, 0xFF77, 0xFF97, 0xFF97, 0xFFB7, 0xFFB7, 0xFFB7, 0xFFB7, 0xFFB7, 0xFF75, 0xFF54, 0xFF55,
    0xFF55, 0xFF55, 0xFF55, 0xFF55, 0xFF54, 0xFF34, 0xFF34, 0xFF33, 0xFF13, 0xFF13, 0xFF13, 0xFF13, 0xFF33, 0xFF33, 0xFF76, 0xFFF9,
    0xFFF9, 0xFFD9, 0xFFD9, 0xFFD9, 0xFFD9, 0xFFD9, 0xFFD9, 0xFFD9, 0xFFD9, 0xFFD9, 0xFFD9, 0xFFF9, 0xFFF9, 0xFFFA, 0xFFFA, 0xFFFA,
    0xFFF9, 0xFFF9, 0xFFD9, 0xFFF9, 0xFFF9, 0xFFF9, 0xFFF9, 0xFFD8, 0xFFD7, 0xFF95, 0xFF53, 0xFF94, 0xFF33, 0xF68F, 0xF68F, 0xF6B1,
    0xFF78, 0xFF79, 0xFF79, 0xFF79, 0xEEB4, 0xE52C, 0xEEF5, 0xFFFF, 0xFFFF, 0xFFFF, 0xFFFE, 0xFFFD, 0xFFFE, 0xFFFE, 0xFFFE, 0xFFFD,
    0xFFFE, 0xFFFE, 0xFFFD, 0xFFFC, 0xFFFD, 0xFFFC, 0xFFFC, 0xFFFC, 0xFFFD, 0xFFFD, 0xFFDB, 0xF717, 0xF6F7, 0xFFBB, 0xFFFF, 0xFFFE,
    0xF759, 0xEE30, 0xEE50, 0xEE0F, 0xEE51, 0xF797, 0xFFF9, 0xFFF9, 0xFFF9, 0xFFF8, 0xFFD8, 0xFFD7, 0xFFD7, 0xFFD7, 0xFFF9, 0xD611,
    0x40E1, 0x51E4, 0x4163, 0x3102, 0x3964, 0x20E3, 0x18C2, 0x10A1, 0x10A1, 0x10A1, 0x10A1, 0x10A1, 0x0860, 0x0860, 0x0860, 0x0860,
    0x0860, 0x10A1, 0x10A1, 0x1081, 0x0880, 0x0860, 0x0860, 0x0860, 0x0860, 0x0860, 0x0860, 0x0860, 0x1081, 0x10A1, 0x10A2, 0x10A2,
    0x10A1, 0x10A1, 0x10A1, 0x0860, 0x0860, 0x0860, 0x0860, 0x0860, 0x0880, 0x1081, 0x20E3, 0x2103, 0x28E3, 0x2903, 0x28E3, 0x2903,
    0x3123, 0x28C1, 0x30A1, 0x5184, 0xC5B0, 0xFFF9, 0xFFB8, 0xFFB8, 0xFF97, 0xFF97, 0xFF97, 0xFF98, 0xFFB8, 0xFFB9, 0xFFD9, 0xFFFA,
    0xFFFA, 0xFFFA, 0xFFFA, 0xFFDA, 0xFFB9, 0xFFB9, 0xFFB9, 0xFFB9, 0xFFB9, 0xFFB9, 0xFFD9, 0xFFB9, 0xFF98, 0xFF36, 0xFEB3, 0xFE72,
    0xFE72, 0xFE73, 0xFE53, 0xFE52, 0xFE52, 0xFE52, 0xFE52, 0xF652, 0xFE53, 0xFE53, 0xF632, 0xF632, 0xF632, 0xF632, 0xF632, 0xF632,
    0xF631, 0xF631, 0xF632, 0xF631, 0xF631, 0xF652, 0xFF37, 0xFF98, 0xFF98, 0xFF98, 0xFF98, 0xFF78, 0xFF78, 0xFF77, 0xFF57, 0xFF57,
    0xF610, 0xF610, 0xF610, 0xF5F0, 0xF610, 0xF610, 0xF630, 0xF630, 0xF630, 0xF610, 0xF610, 0xFE30, 0xFE51, 0xFE71, 0xFE71, 0xFE92,
    0xFE92, 0xFE92, 0xFE71, 0xFE91, 0xFEF4, 0xFF35, 0xFF35, 0xFF35, 0xFF35, 0xFF14, 0xFF13, 0xFF33, 0xFF33, 0xFF33, 0xFF13, 0xFF33,
    0xFF33, 0xFF33, 0xFF33, 0xFF33, 0xFF76, 0xFF97, 0xFF33, 0xFF33, 0xFF33, 0xFF34, 0xFF33, 0xFF33, 0xFF33, 0xFF33, 0xFF76, 0xFFF9,
    0xFFF9, 0xFFF9, 0xFFD9, 0xFFD9, 0xFFD9, 0xFFF9, 0xFFF9, 0xFFD9, 0xFFD9, 0xFFD9, 0xFFF9, 0xFFD9, 0xFFD9, 0xFFF9, 0xFFF9, 0xFFF9,
    0xFFF9, 0xFFF9, 0xFFF9, 0xFFF9, 0xFFF9, 0xFFF9, 0xFFF9, 0xFFD8, 0xFFD8, 0xFFB6, 0xFF95, 0xFF74, 0xF6F1, 0xF6D4, 0xF716, 0xF717,
    0xFFFE, 0xFFFF, 0xFFFE, 0xFFFF, 0xF79A, 0xF738, 0xFFDC, 0xFFFD, 0xFFFE, 0xFFFD, 0xFFFD, 0xFFFD, 0xFFFE, 0xFFFE, 0xFFFE, 0xFFFD,
    0xFFFC, 0xFFFC, 0xFFFC, 0xFFFC, 0xFFFD, 0xFFFD, 0xFFFD, 0xFFFD, 0xFFFC, 0xFFFC, 0xFFFC, 0xFFFD, 0xFFFD, 0xFFFD, 0xFFFD, 0xFFFD,
    0xFFBB, 0xFFBA, 0xFFFC, 0xFFFD, 0xFFFD, 0xE673, 0xEE92, 0xEEB3, 0xEE91, 0xFFD6, 0xFFF7, 0xFFF6, 0xFFF6, 0xFFF6, 0xF754, 0x8327,
    0x51A4, 0x6245, 0x4163, 0x3943, 0x4184, 0x20E2, 0x18C2, 0x1081, 0x10A1, 0x10A1, 0x1081, 0x18C2, 0x18C2, 0x10A1, 0x1081, 0x0881,
    0x1081, 0x1081, 0x0860, 0x0860, 0x0860, 0x0860, 0x0860, 0x0860, 0x0860, 0x0860, 0x0860, 0x0881, 0x10A1, 0x10A1, 0x1081, 0x0861,
    0x0861, 0x1081, 0x10C2, 0x10A1, 0x0861, 0x0860, 0x0860, 0x0860, 0x0881, 0x10A1, 0x18C2, 0x18C2, 0x18C2, 0x28E3, 0x2903, 0x20C2,
    0x20A1, 0x6AC7, 0x9C2B, 0x72A6, 0xCDAF, 0xFFD8, 0xFFB7, 0xFFD8, 0xFFB8, 0xFFB8, 0xFFB8, 0xFFD8, 0xFFF9, 0xFFD9, 0xFFDA, 0xFFFA,
    0xFFFB, 0xFFFB, 0xFFFB, 0xFFFA, 0xFFDA, 0xFFB9, 0xFFB9, 0xFFB9, 0xFFB9, 0xFFB9, 0xFFB9, 0xFFB9, 0xFFB9, 0xFFD9, 0xFF57, 0xFED4,
    0xFE72, 0xFE52, 0xFE73, 0xFE53, 0xFE53, 0xFE53, 0xFE52, 0xFE52, 0xFE73, 0xFE73, 0xF652, 0xF632, 0xF632, 0xF632, 0xF632, 0xF631,
    0xF631, 0xF631, 0xF632, 0xF673, 0xF673, 0xF673, 0xF6D5, 0xFF37, 0xFF37, 0xFF15, 0xFF36, 0xFF16, 0xFEF5, 0xFEF5, 0xF693, 0xF673,
    0xF5EF, 0xF5EF, 0xF5F0, 0xF630, 0xFE51, 0xF651, 0xF651, 0xF651, 0xF651, 0xFE51, 0xFE51, 0xF672, 0xFEB3, 0xFEF5, 0xFF15, 0xFF36,
    0xFF36, 0xFF36, 0xFF36, 0xFEF4, 0xFE91, 0xFE91, 0xFEB1, 0xFED2, 0xFED2, 0xFED2, 0xFED2, 0xFF12, 0xFF33, 0xFF33, 0xFF53, 0xFF53,
    0xFF53, 0xFF53, 0xFF53, 0xFF53, 0xFF76, 0xFF96, 0xFF53, 0xFF54, 0xFF53, 0xFF53, 0xFF53, 0xFF33, 0xFF33, 0xFF33, 0xFF74, 0xFFD7,
    0xFFFA, 0xFFD9, 0xFFD9, 0xFFF9, 0xFFF9, 0xFFF9, 0xFFF9, 0xFFF9, 0xFFF9, 0xFFF9, 0xFFF9, 0xFFF9, 0xFFF9, 0xFFF9, 0xFFF9, 0xFFF9,
    0xFFF9, 0xFFF9, 0xFFF9, 0xFFF9, 0xFFF9, 0xFFF9, 0xFFF9, 0xFFD9, 0xFFD8, 0xFFD7, 0xFFD6, 0xF68F, 0xF690, 0xFFFD, 0xFFFF, 0xFFFF,
    0xFFFE, 0xFFFE, 0xFFFD, 0xFFFE, 0xFFFE, 0xFFFE, 0xFFFE, 0xFFFE, 0xFFFE, 0xFFFD, 0xFFFD, 0xFFFD, 0xFFFE, 0xFFFE, 0xFFFE, 0xFFFD,
    0xFFFC, 0xFFFC, 0xFFFD, 0xFFFD, 0xFFFE, 0xFFFE, 0xFFFE, 0xFFFE, 0xFFFD, 0xFFFD, 0xFFFD, 0xFFFD, 0xFFFC, 0xFFDB, 0xFFDC, 0xFFDC,
    0xFFDC, 0xFFBB, 0xFF9A, 0xFF9A, 0xFFBA, 0xF6D6, 0xE612, 0xE654, 0xDDB1, 0xE5EF, 0xEED1, 0xEE91, 0xEE91, 0xEED1, 0xCD6D, 0x4901,
    0x49C4, 0x5A05, 0x51E5, 0x51E5, 0x41A4, 0x20E2, 0x18C2, 0x10A1, 0x10A1, 0x10A1, 0x10A1, 0x1081, 0x18C2, 0x18C2, 0x10A1, 0x1081,
    0x1081, 0x1081, 0x0860, 0x0860, 0x0860, 0x0860, 0x0860, 0x0860, 0x0860, 0x0860, 0x0860, 0x0861, 0x0881, 0x10A1, 0x1081, 0x0860,
    0x0860, 0x1081, 0x18C2, 0x18C2, 0x10A1, 0x0860, 0x0860, 0x0860, 0x1081, 0x10A1, 0x10A1, 0x10C1, 0x18C2, 0x28E3, 0x2903, 0x20E2,
    0x28A1, 0x93CA, 0xF756, 0xFF94, 0xFF74, 0xFF53, 0xFF54, 0xFFB7, 0xFFD8, 0xFFB8, 0xFFD8, 0xFFD9, 0xFFD9, 0xFFDA, 0xFFFA, 0xFFFA,
    0xFFFB, 0xFFFB, 0xFFFA, 0xFFFA, 0xFFDA, 0xFFDA, 0xFFB9, 0xFFB9, 0xFFB9, 0xFFB9, 0xFFB9, 0xFFB9, 0xFFB9, 0xFFB9, 0xFFB9, 0xFF98,
    0xF6D4, 0xFE73, 0xFE53, 0xFE53, 0xFE53, 0xFE53, 0xFE52, 0xFE53, 0xFE53, 0xFE52, 0xF652, 0xF632, 0xF632, 0xF632, 0xF652, 0xF693,
    0xF694, 0xF693, 0xFEF5, 0xFF58, 0xFF57, 0xFF57, 0xFF57, 0xFF79, 0xFF17, 0xF652, 0xF652, 0xF652, 0xF652, 0xF652, 0xF632, 0xF632,
    0xEE31, 0xF631, 0xF652, 0xF693, 0xFEB4, 0xFED4, 0xFED4, 0xFEB4, 0xFEB4, 0xFEF5, 0xFF15, 0xFF15, 0xFF16, 0xFF36, 0xFF36, 0xFF37,
    0xFF57, 0xFF57, 0xFF57, 0xFF15, 0xFEB1, 0xFEB1, 0xFEB1, 0xFED1, 0xFED1, 0xFED1, 0xFEF2, 0xFF12, 0xFF53, 0xFF53, 0xFF73, 0xFF73,
    0xFF73, 0xFF74, 0xFF73, 0xFF53, 0xFF53, 0xFF53, 0xFF73, 0xFF53, 0xFF53, 0xFF95, 0xFF96, 0xFF33, 0xFF33, 0xFF33, 0xFF33, 0xFF95,
    0xFFD8, 0xFFD9, 0xFFD9, 0xFFD9, 0xFFF9, 0xFFF9, 0xFFF9, 0xFFF9, 0xFFF9, 0xFFF9, 0xFFF9, 0xFFF9, 0xFFF9, 0xFFF9, 0xFFF9, 0xFFF9,
    0xFFF9, 0xFFF9, 0xFFF9, 0xFFF9, 0xFFF9, 0xFFF9, 0xFFF9, 0xFFFB, 0xFF55, 0xF66F, 0xF68F, 0xF777, 0xFFFD, 0xFFFD, 0xFFFE, 0xFFFE,
    0xFFFE, 0xFFFE, 0xFFFD, 0xFFFC, 0xFFFD, 0xFFFD, 0xFFFE, 0xFFFD, 0xFFFD, 0xFFFD, 0xFFFE, 0xFFFE, 0xFFFE, 0xFFFE, 0xFFFE, 0xFFFE,
    0xFFFE, 0xFFFE, 0xFFFE, 0xFFFE, 0xFFFE, 0xFFFE, 0xFFFE, 0xFFFE, 0xFFFD, 0xFFFC, 0xFFDC, 0xFFDC, 0xFFDC, 0xFFDB, 0xFFBB, 0xFFBB,
    0xFFBB, 0xFFBA, 0xFF7A, 0xFF7A, 0xFF9A, 0xFFBB, 0xFFFC, 0xFFFD, 0xFF9A, 0xDD70, 0xDD90, 0xDD90, 0xDD90, 0xDD90, 0xC4EE, 0x51A3,
    0x4143, 0x4163, 0x5205, 0x3963, 0x3123, 0x20E2, 0x18C2, 0x18C2, 0x18C2, 0x10A1, 0x1081, 0x0860, 0x1081, 0x10A1, 0x1081, 0x1081,
    0x1081, 0x1081, 0x0860, 0x0860, 0x0860, 0x0860, 0x0881, 0x0881, 0x0860, 0x0860, 0x0860, 0x0860, 0x0860, 0x1081, 0x1081, 0x0860,
    0x0880, 0x1081, 0x10A1, 0x18C2, 0x10A1, 0x0860, 0x0860, 0x1081, 0x10A1, 0x10C2, 0x18C2, 0x18C2, 0x18C2, 0x28E3, 0x2903, 0x20C2,
    0x3943, 0x4123, 0x4102, 0xDE11, 0xFF74, 0xFF33, 0xFF33, 0xFF34, 0xFF97, 0xFFD9, 0xFFD9, 0xFFD9, 0xFFD9, 0xFFDA, 0xFFFA, 0xFFFA,
    0xFFFA, 0xFFFA, 0xFFDA, 0xFFBA, 0xFFB9, 0xFFD9, 0xFFBA, 0xFFB9, 0xFFB9, 0xFFB9, 0xFFB9, 0xFFB9, 0xFFB9, 0xFFB9, 0xFFB9, 0xFFB9,
    0xFFD9, 0xF6F5, 0xFE73, 0xFE73, 0xFE53, 0xFE52, 0xFE73, 0xFED5, 0xFEF5, 0xFEF5, 0xFEF5, 0xFED5, 0xFEF5, 0xFEF5, 0xFF16, 0xFF78,
    0xFF78, 0xFF58, 0xFF78, 0xFF99, 0xFF99, 0xFF79, 0xFF99, 0xFF99, 0xFF79, 0xFF36, 0xFEB4, 0xF652, 0xF632, 0xF652, 0xF632, 0xF632,
    0xFEF5, 0xFEF5, 0xFF15, 0xFEF5, 0xFEF5, 0xFF16, 0xFF16, 0xFF16, 0xFF16, 0xFF16, 0xFF36, 0xFF36, 0xFF37, 0xFF37, 0xFF37, 0xFF57,
    0xFF97, 0xFF97, 0xFFB8, 0xFF75, 0xFED2, 0xFED1, 0xFEF1, 0xFEF1, 0xFED1, 0xFEF2, 0xFEF2, 0xFF12, 0xFF33, 0xFF53, 0xFF73, 0xFFB7,
    0xFFB7, 0xFF93, 0xFF73, 0xFF53, 0xFF53, 0xFF53, 0xFF53, 0xFF53, 0xFF53, 0xFFB8, 0xFFDA, 0xFF53, 0xFF33, 0xFF33, 0xFF33, 0xFF74,
    0xFFB6, 0xFFD8, 0xFFD9, 0xFFD9, 0xFFD9, 0xFFF9, 0xFFF8, 0xFFF9, 0xFFF9, 0xFFF9, 0xFFF9, 0xFFF9, 0xFFD9, 0xFFD9, 0xFFF9, 0xFFF9,
    0xFFF9, 0xFFF9, 0xFFF9, 0xFFF9, 0xFFF9, 0xFFFA, 0xFFD9, 0xFF13, 0xF777, 0xFFBC, 0xFFBB, 0xFFFD, 0xFFFE, 0xFFFE, 0xFFFE, 0xFFFD,
    0xFFFD, 0xFFFC, 0xFFFB, 0xFFFB, 0xFFFC, 0xFFFD, 0xFFFE, 0xFFFE, 0xFFFE, 0xFFFE, 0xFFFE, 0xFFFE, 0xFFFD, 0xFFFD, 0xFFFE, 0xFFFE,
    0xFFFF, 0xFFFE, 0xFFFE, 0xFFFD, 0xFFFD, 0xFFFD, 0xFFFC, 0xFFFD, 0xFFFD, 0xFFDB, 0xFFBB, 0xFFDB, 0xFFDC, 0xFFDC, 0xFFDC, 0xFFDB,
    0xFFDC, 0xFFBC, 0xFFBA, 0xFFBB, 0xFFDB, 0xFFBB, 0xFF9A, 0xFF7B, 0xFF9B, 0xFFDC, 0xFFDC, 0xFFFC, 0xFFDC, 0xFFFD, 0xEF5A, 0x5A26,
    0x4984, 0x3963, 0x4184, 0x20E2, 0x20C1, 0x20C2, 0x18C1, 0x18A1, 0x18A2, 0x18C1, 0x1081, 0x0860, 0x1081, 0x10C2, 0x10A1, 0x10A1,
    0x1081, 0x1081, 0x0860, 0x0860, 0x0860, 0x0860, 0x0860, 0x1081, 0x0881, 0x0860, 0x0860, 0x0860, 0x0861, 0x1081, 0x1081, 0x0881,
    0x10A1, 0x10A1, 0x10A2, 0x18C2, 0x10A1, 0x0860, 0x0860, 0x10A1, 0x10A1, 0x10A1, 0x10A1, 0x18C2, 0x18C2, 0x28E3, 0x2903, 0x20E2,
    0x3102, 0x4143, 0x38C1, 0xDE10, 0xFF94, 0xFF33, 0xFF33, 0xFF13, 0xFF34, 0xFF76, 0xFFB8, 0xFFD9, 0xFFDA, 0xFFFA, 0xFFFA, 0xFFFA,
    0xFFFA, 0xFFDA, 0xFFD9, 0xFFDA, 0xFFB9, 0xFFB9, 0xFFB9, 0xFFB9, 0xFFB9, 0xFFB9, 0xFFB9, 0xFFB9, 0xFFB9, 0xFFB9, 0xFF98, 0xFF98,
    0xFF99, 0xFF77, 0xFEF5, 0xFEB4, 0xFF36, 0xFF57, 0xFF57, 0xFF99, 0xFFB9, 0xFFB9, 0xFFB9, 0xFFBA, 0xFF9A, 0xFFB9, 0xFFB9, 0xFF99,
    0xFF99, 0xFF79, 0xFF79, 0xFF99, 0xFF99, 0xFF79, 0xFF99, 0xFF99, 0xFF99, 0xFF99, 0xFF79, 0xF6B5, 0xF673, 0xF632, 0xF632, 0xF632,
    0xFF16, 0xFF16, 0xFF16, 0xFEF5, 0xFEF5, 0xFEF6, 0xFF16, 0xFF16, 0xFF36, 0xFF36, 0xFF36, 0xFF36, 0xFF36, 0xFF37, 0xFF57, 0xFF77,
    0xFF77, 0xFF97, 0xFFF8, 0xFFB6, 0xFEF2, 0xFED1, 0xFEF2, 0xFEF2, 0xFEF2, 0xFEF2, 0xFF12, 0xFF12, 0xFF53, 0xFF94, 0xFFB6, 0xFFDB,
    0xFFDC, 0xFFB7, 0xFF74, 0xFF53, 0xFF53, 0xFF53, 0xFF53, 0xFF32, 0xFF74, 0xFFDC, 0xFFFE, 0xFF75, 0xFF52, 0xFF53, 0xFF52, 0xFF53,
    0xFFB6, 0xFFF9, 0xFFFA, 0xFFF9, 0xFFD8, 0xFFD8, 0xFFD8, 0xFFF8, 0xFFD8, 0xFFD8, 0xFFF8, 0xFFF9, 0xFFD9, 0xFFD8, 0xFFF9, 0xFFF9,
    0xFFF9, 0xFFF9, 0xFFF9, 0xFFF9, 0xFFF9, 0xFFF9, 0xFFD7, 0xF6B0, 0xF738, 0xFFFF, 0xFFFF, 0xFFFE, 0xFFFE, 0xFFFE, 0xFFFD, 0xFFFC,
    0xFFFC, 0xFFFC, 0xFFFC, 0xFFFC, 0xFFFD, 0xFFFE, 0xFFFE, 0xFFFF, 0xFFFE, 0xFFFE, 0xFFFE, 0xFFFE, 0xFFFE, 0xFFDB, 0xFFFC, 0xFFFD,
    0xFFFE, 0xFFFD, 0xFFFC, 0xFFFC, 0xFFDB, 0xFFFB, 0xFFFB, 0xFFFC, 0xFFFC, 0xFFDB, 0xFFFD, 0xFFFD, 0xFFFD, 0xFFFE, 0xFFFD, 0xFFFD,
    0xFFFE, 0xFFFE, 0xFFFD, 0xFFFD, 0xFFFD, 0xFFDD, 0xFFBC, 0xFFBC, 0xFFBC, 0xFF9B, 0xFF7B, 0xFF7B, 0xFF5B, 0xFF5B, 0xF73A, 0xEF19,
    0xBD52, 0x3963, 0x2902, 0x20C1, 0x20E2, 0x20E2, 0x18C1, 0x1081, 0x1081, 0x1081, 0x10A1, 0x1081, 0x0880, 0x10A1, 0x10A1, 0x10A1,
    0x1081, 0x1081, 0x0860, 0x0860, 0x0860, 0x0860, 0x0860, 0x1081, 0x0880, 0x0860, 0x0860, 0x0860, 0x0860, 0x1081, 0x10A1, 0x1081,
    0x10A1, 0x10A1, 0x18C2, 0x18C2, 0x18A2, 0x1081, 0x10A1, 0x10A1, 0x10A1, 0x10A1, 0x10A1, 0x10A1, 0x18C2, 0x20E2, 0x28E2, 0x2902,
    0x3103, 0x3081, 0x8328, 0xEED3, 0xFF74, 0xFF33, 0xFF33, 0xFF33, 0xFF13, 0xFF14, 0xFF55, 0xFFB8, 0xFFDA, 0xFFFA, 0xFFFA, 0xFFFA,
    0xFFFA, 0xFFDA, 0xFFDA, 0xFFFA, 0xFFDA, 0xFFDA, 0xFFDA, 0xFFDA, 0xFF99, 0xFF78, 0xFF78, 0xFF58, 0xFF16, 0xFEF5, 0xFEB4, 0xFE94,
    0xFE94, 0xF6B4, 0xF673, 0xFEB4, 0xFF98, 0xFFB9, 0xFFB9, 0xFFB9, 0xFFB9, 0xFFB9, 0xFFBA, 0xFFBA, 0xFFBA, 0xFFB9, 0xFFB9, 0xFFB9,
    0xFF99, 0xFF79, 0xFF79, 0xFF99, 0xFF99, 0xFF99, 0xFF99, 0xFF99, 0xFF99, 0xFF99, 0xFF99, 0xFF99, 0xFF78, 0xF6B4, 0xF652, 0xF631,
    0xFF16, 0xFF16, 0xFF16, 0xFF16, 0xFEF6, 0xFF16, 0xFF16, 0xFF16, 0xFF36, 0xFF36, 0xFF36, 0xFF36, 0xFF57, 0xFF57, 0xFF77, 0xFF97,
    0xFFD8, 0xFFD9, 0xFFF9, 0xFFF9, 0xFF96, 0xFF12, 0xFEF1, 0xFEF2, 0xFEF1, 0xFF12, 0xFF12, 0xFF32, 0xFF73, 0xFFB6, 0xFFDB, 0xFFFE,
    0xFFFE, 0xFFDB, 0xFF95, 0xFF53, 0xFF53, 0xFF33, 0xFF53, 0xFF75, 0xFF97, 0xFFFE, 0xFFFE, 0xFFB8, 0xFF97, 0xFF95, 0xFF53, 0xFF53,
    0xFF96, 0xFFF9, 0xFFF9, 0xFFF9, 0xFFF9, 0xFFF9, 0xFFF8, 0xFFF9, 0xFFF9, 0xFFF9, 0xFFF8, 0xFFF9, 0xFFD9, 0xFFD9, 0xFFD9, 0xFFF9,
    0xFFF9, 0xFFF9, 0xFFF9, 0xFFF9, 0xFFF9, 0xF6B2, 0xF692, 0xFFFC, 0xFFFE, 0xFFFD, 0xFFFD, 0xFFFE, 0xFFFD, 0xFFFD, 0xFFFD, 0xFFFD,
    0xFFFD, 0xFFFE, 0xFFFD, 0xFFFD, 0xFFFE, 0xFFFE, 0xFFFE, 0xFFFD, 0xFFDC, 0xFFFD, 0xFFFE, 0xFFFF, 0xFFFE, 0xFFFC, 0xFFFC, 0xFFFD,
    0xFFFD, 0xFFFD, 0xFFFD, 0xFFFD, 0xFFFC, 0xFFFC, 0xFFFC, 0xFFFD, 0xFFFD, 0xFFFD, 0xFFFD, 0xFFFD, 0xFFFD, 0xFFFD, 0xFFFD, 0xFFFE,
    0xFFFD, 0xFFFD, 0xFFFE, 0xFFFE, 0xFFFE, 0xFFFD, 0xFFFD, 0xFFFE, 0xFFFE, 0xFFFD, 0xFFDC, 0xFFBB, 0xFF9B, 0xFF7B, 0xF77A, 0xFF7B,
    0xF739, 0xD656, 0x5226, 0x1860, 0x20C1, 0x2102, 0x2103, 0x18C2, 0x10A1, 0x10A1, 0x18A1, 0x10A1, 0x0880, 0x0860, 0x0860, 0x0860,
    0x1081, 0x1081, 0x0881, 0x0860, 0x0860, 0x0860, 0x0860, 0x1081, 0x0880, 0x0860, 0x0860, 0x0860, 0x0860, 0x0881, 0x10A1, 0x1081,
    0x10A1, 0x10A1, 0x10A1, 0x18A2, 0x18C2, 0x10A2, 0x10A1, 0x10A1, 0x10A1, 0x10A1, 0x10A1, 0x10A1, 0x18C2, 0x18A1, 0x20E2, 0x3103,
    0x30E2, 0x7B07, 0xEED2, 0xFF94, 0xFF33, 0xFF53, 0xFF33, 0xFF33, 0xFF13, 0xFEF3, 0xFEF3, 0xFF34, 0xFFB8, 0xFFFA, 0xFFFA, 0xFFD9,
    0xFFB9, 0xFFB9, 0xFFB9, 0xFF99, 0xFF57, 0xFF57, 0xFF57, 0xFF57, 0xFF15, 0xFEB4, 0xFEB4, 0xFEB4, 0xF653, 0xFE52, 0xFE52, 0xFE72,
    0xFE73, 0xFE73, 0xFE73, 0xFE73, 0xFEB4, 0xFF78, 0xFF99, 0xFF99, 0xFF99, 0xFFB9, 0xFFBA, 0xFFBA, 0xFFBA, 0xFFB9, 0xFFB9, 0xFFB9,
    0xFFBA, 0xFF9A, 0xFF9A, 0xFFBA, 0xFFBA, 0xFF99, 0xFF99, 0xFF99, 0xFF99, 0xFF99, 0xFF99, 0xFF99, 0xFF99, 0xFF99, 0xF6F6, 0xF652,
    0xFEF5, 0xFF16, 0xFF16, 0xFF16, 0xFF16, 0xFF16, 0xFF16, 0xFF16, 0xFF36, 0xFF36, 0xFF36, 0xFF56, 0xFF77, 0xFF97, 0xFFB8, 0xFFD8,
    0xFFF9, 0xFFFA, 0xFFFA, 0xFFFA, 0xFFD7, 0xFF12, 0xFF12, 0xFEF2, 0xFEF2, 0xFF12, 0xFF32, 0xFF53, 0xFF73, 0xFF93, 0xFFD7, 0xFFFD,
    0xFFDB, 0xFF94, 0xFF73, 0xFF53, 0xFF53, 0xFF32, 0xFF96, 0xFFFD, 0xFFFD, 0xFFFE, 0xFFFF, 0xFFFE, 0xFFFD, 0xFFD8, 0xFF53, 0xFF53,
    0xFF74, 0xFFB6, 0xFFB8, 0xFFF9, 0xFFF9, 0xFFF9, 0xFFF9, 0xFFF9, 0xFFF9, 0xFFF9, 0xFFF8, 0xFFF9, 0xFFF9, 0xFFF9, 0xFFF9, 0xFFF9,
    0xFFF9, 0xFFF9, 0xFFF9, 0xFF97, 0xF6D2, 0xF736, 0xFFDD, 0xFFFE, 0xFFFE, 0xFFFD, 0xFFFE, 0xFFFD, 0xFFFD, 0xFFFD, 0xFFFD, 0xFFFD,
    0xFFFD, 0xFFFE, 0xFFFE, 0xFFFE, 0xFFFE, 0xFFFE, 0xFFFD, 0xFFDB, 0xFFDB, 0xFFFC, 0xFFFC, 0xFFFD, 0xFFFD, 0xFFFD, 0xFFFE, 0xFFFE,
    0xFFFE, 0xFFFE, 0xFFFE, 0xFFFE, 0xFFFD, 0xFFFD, 0xFFFD, 0xFFFE, 0xFFFE, 0xFFFE, 0xFFFD, 0xFFFD, 0xFFFD, 0xFFFD, 0xFFFE, 0xFFFE,
    0xFFFC, 0xFFFD, 0xFFFE, 0xFFFD, 0xFFFE, 0xFFFD, 0xFFFD, 0xFFFE, 0xFFFE, 0xFFFD, 0xFFFD, 0xFFFD, 0xFF9B, 0xFF7A, 0xF75A, 0xF75A,
    0xFF5A, 0xFF7A, 0xE6B7, 0x83ED, 0x18C1, 0x1881, 0x2103, 0x1081, 0x1081, 0x18C1, 0x18A1, 0x18A1, 0x10A1, 0x10A1, 0x1081, 0x0860,
    0x0860, 0x0860, 0x0860, 0x0860, 0x0860, 0x0860, 0x0860, 0x0861, 0x0860, 0x0860, 0x0860, 0x0860, 0x0860, 0x0860, 0x1081, 0x10A1,
    0x10A1, 0x10A1, 0x10A1, 0x10A1, 0x10A2, 0x10A2, 0x10A1, 0x10A1, 0x1081, 0x1081, 0x10A1, 0x10A1, 0x18C1, 0x18C2, 0x28E2, 0x3123,
    0x30C1, 0xCDAF, 0xFFD5, 0xFF33, 0xFF53, 0xFF33, 0xFF33, 0xFF54, 0xFF54, 0xFF55, 0xFF55, 0xFF55, 0xFFB8, 0xFF98, 0xFF77, 0xFF56,
    0xFEF5, 0xFEF5, 0xFEF5, 0xFED4, 0xFEB3, 0xFE93, 0xFE73, 0xFE72, 0xFE93, 0xFE93, 0xFE73, 0xFE73, 0xFE73, 0xFE73, 0xFE73, 0xFE73,
    0xFE73, 0xFE73, 0xFE73, 0xF653, 0xF653, 0xFE94, 0xFF16, 0xFFB9, 0xFF99, 0xFF99, 0xFFB9, 0xFF9A, 0xFF9A, 0xFFBA, 0xFFBA, 0xFFBA,
    0xFF9A, 0xFF9A, 0xFF9A, 0xFF99, 0xFF9A, 0xFF99, 0xFF99, 0xFFBA, 0xFFBA, 0xFFB9, 0xFF99, 0xFF99, 0xFF99, 0xFF9A, 0xFF9A, 0xFF58,
    0xFF16, 0xFF16, 0xFF16, 0xFF16, 0xFF16, 0xFF36, 0xFF36, 0xFF36, 0xFF36, 0xFF36, 0xFF57, 0xFF77, 0xFF97, 0xFFD8, 0xFFF9, 0xFFF9,
    0xFFF9, 0xFFF9, 0xFFFA, 0xFFFA, 0xFFB7, 0xFF12, 0xFEF2, 0xFEF2, 0xFEF2, 0xFF12, 0xFF32, 0xFF53, 0xFF73, 0xFFB4, 0xFFB4, 0xFFD7,
    0xFFF9, 0xFF94, 0xFF53, 0xFF32, 0xFF32, 0xFF32, 0xFF53, 0xFF95, 0xFFD8, 0xFFFE, 0xFFFF, 0xFFDA, 0xFF73, 0xFF73, 0xFF73, 0xFF53,
    0xFF33, 0xFFB6, 0xFFF9, 0xFFF9, 0xFFF9, 0xFFF9, 0xFFF8, 0xFFF9, 0xFFF8, 0xFFD8, 0xFFD8, 0xFFB7, 0xFFB7, 0xFFD7, 0xFFD7, 0xFFD7,
    0xFFD7, 0xFFB7, 0xFFF9, 0xF713, 0xEE92, 0xFFDC, 0xFFFE, 0xFFFE, 0xFFFE, 0xFFFE, 0xFFFE, 0xFFFE, 0xFFFD, 0xFFFD, 0xFFFD, 0xFFFD,
    0xFFFD, 0xFFFD, 0xFFFE, 0xFFFD, 0xFFFD, 0xFFFD, 0xFFDC, 0xFFDB, 0xFFFC, 0xFFFC, 0xFFDC, 0xFFDB, 0xFFFD, 0xFFFD, 0xFFFE, 0xFFFE,
    0xFFFE, 0xFFFE, 0xFFFE, 0xFFFE, 0xFFFE, 0xFFFE, 0xFFFD, 0xFFFD, 0xFFFE, 0xFFFE, 0xFFFD, 0xFFFD, 0xFFFD, 0xFFFD, 0xFFFD, 0xFFFD,
    0xFFFC, 0xFFFD, 0xFFFE, 0xFFFE, 0xFFFE, 0xFFFD, 0xFFFE, 0xFFFE, 0xFFFE, 0xFFFD, 0xFFFD, 0xFFFD, 0xFFDC, 0xFF9B, 0xFF7A, 0xFF5A,
    0xF75A, 0xF77A, 0xFF9B, 0xFFBB, 0x736B, 0x2943, 0x18C1, 0x41E5, 0x3163, 0x18A1, 0x18A1, 0x18A1, 0x18A1, 0x18A1, 0x10A1, 0x0881,
    0x0860, 0x0860, 0x0860, 0x0860, 0x0860, 0x0860, 0x0860, 0x0860, 0x0860, 0x0860, 0x0860, 0x0860, 0x0860, 0x0860, 0x0861, 0x0861,
    0x1081, 0x10A1, 0x10A1, 0x10A1, 0x1081, 0x0880, 0x0860, 0x0860, 0x0860, 0x0880, 0x10A1, 0x10A1, 0x18C2, 0x18A1, 0x28E3, 0x3144,
    0x30C1, 0xC56F, 0xFFF6, 0xFF75, 0xFF95, 0xFFB7, 0xFFD7, 0xFFD8, 0xFFD8, 0xFFD9, 0xFFF9, 0xFFFA, 0xFFD9, 0xFF77, 0xFED4, 0xFEB3,
    0xFEB3, 0xFEB3, 0xFE93, 0xFE93, 0xFE93, 0xFE93, 0xFE93, 0xFE93, 0xFE73, 0xFE93, 0xFE93, 0xFE73, 0xFE73, 0xFE73, 0xFE73, 0xFE72,
    0xF653, 0xF653, 0xF653, 0xF653, 0xF673, 0xF652, 0xF673, 0xFEF5, 0xFF78, 0xFFBA, 0xFFB9, 0xFFBA, 0xFFBA, 0xFFBA, 0xFFBA, 0xFFBA,
    0xFF9A, 0xFF99, 0xFF99, 0xFF9A, 0xFF99, 0xFFBA, 0xFFBA, 0xFFBA, 0xFF99, 0xFF99, 0xFF99, 0xFF99, 0xFF99, 0xFF99, 0xFF99, 0xFF9A,
    0xFF16, 0xFF16, 0xFF16, 0xFF16, 0xFF16, 0xFF36, 0xFF36, 0xFF36, 0xFF56, 0xFF77, 0xFF97, 0xFFB8, 0xFFF9, 0xFFF9, 0xFFF9, 0xFFF9,
    0xFFF9, 0xFFF9, 0xFFF9, 0xFFF9, 0xFFF8, 0xFF75, 0xFEF2, 0xFEF2, 0xFF12, 0xFF32, 0xFF32, 0xFF53, 0xFF73, 0xFF93, 0xFF93, 0xFFB4,
    0xFFD6, 0xFF94, 0xFF53, 0xFF32, 0xFF32, 0xFF32, 0xFF52, 0xFF73, 0xFF74, 0xFFDA, 0xFFDE, 0xFF94, 0xFF72, 0xFF53, 0xFF53, 0xFF53,
    0xFF33, 0xFF95, 0xFFF9, 0xFFF9, 0xFFFA, 0xFFF9, 0xFFD7, 0xFFB6, 0xFFB6, 0xFFB6, 0xFFB6, 0xFF74, 0xFF54, 0xFF74, 0xFF73, 0xFF74,
    0xFF95, 0xFFD5, 0xF66F, 0xF6B2, 0xFFDC, 0xFFFD, 0xFFDA, 0xFFDB, 0xFFFC, 0xFFFE, 0xFFFD, 0xFFFE, 0xFFFE, 0xFFFE, 0xFFFE, 0xFFFD,
    0xFFFE, 0xFFFE, 0xFFFD, 0xFFFC, 0xFFFD, 0xFFFE, 0xFFFD, 0xFFFC, 0xFFFD, 0xFFFD, 0xFFFC, 0xFFDC, 0xFFFD, 0xFFFE, 0xFFFC, 0xFFFD,
    0xFFFE, 0xFFFE, 0xFFFE, 0xFFFE, 0xFFFD, 0xFFFD, 0xFFFD, 0xFFFE, 0xFFFE, 0xFFFE, 0xFFFD, 0xFFFD, 0xFFFD, 0xFFFD, 0xFFFC, 0xFFFC,
    0xFFFC, 0xFFFD, 0xFFFE, 0xFFFF, 0xFFFF, 0xFFFE, 0xFFFE, 0xFFFE, 0xFFFE, 0xFFFD, 0xFFFD, 0xFFFC, 0xFFFC, 0xFFBB, 0xFF5A, 0xF75A,
    0xF739, 0xF739, 0xF739, 0xF739, 0xFF9B, 0xDE97, 0xC5B4, 0xFF7A, 0xBD73, 0x1880, 0x18A2, 0x18C2, 0x18A1, 0x10A1, 0x10A1, 0x10A1,
    0x1081, 0x0860, 0x0860, 0x0860, 0x0860, 0x0860, 0x0860, 0x0860, 0x0860, 0x0860, 0x0860, 0x0860, 0x0860, 0x0860, 0x0860, 0x0860,
    0x0860, 0x0861, 0x0861, 0x0861, 0x0861, 0x0860, 0x0860, 0x0860, 0x0880, 0x1080, 0x1081, 0x10A1, 0x18C2, 0x18C2, 0x2903, 0x3144,
    0x30E1, 0xB4EE, 0xFFD8, 0xFFD8, 0xFFF9, 0xFFF9, 0xFFFA, 0xFFFA, 0xFFFA, 0xFFF9, 0xFFF9, 0xFFFA, 0xFFFA, 0xFFFA, 0xFF76, 0xFF14,
    0xFEB3, 0xFEB3, 0xFEB3, 0xFE93, 0xFE93, 0xFE93, 0xFEB3, 0xFE93, 0xFE72, 0xFE73, 0xFE93, 0xFE73, 0xFE73, 0xFE73, 0xFE72, 0xF673,
    0xF673, 0xF673, 0xF653, 0xF653, 0xF653, 0xF673, 0xF652, 0xF652, 0xFF15, 0xFF58, 0xFF99, 0xFFB9, 0xFF99, 0xFF99, 0xFF99, 0xFF99,
    0xFFBA, 0xFFBA, 0xFFBA, 0xFF9A, 0xFFBA, 0xFFBA, 0xFFBA, 0xFFBA, 0xFF9A, 0xFF99, 0xFF99, 0xFF99, 0xFF99, 0xFF99, 0xFF99, 0xFF99,
    0xFF16, 0xFF16, 0xFF16, 0xFF16, 0xFF16, 0xFF36, 0xFF37, 0xFF57, 0xFF97, 0xFFB8, 0xFFF9, 0xFFF9, 0xFFF9, 0xFFF9, 0xFFF9, 0xFFF9,
    0xFFFA, 0xFFF9, 0xFFFA, 0xFFFA, 0xFFF9, 0xFF96, 0xFEF3, 0xFEF2, 0xFF12, 0xFF32, 0xFF32, 0xFF53, 0xFF53, 0xFF73, 0xFF73, 0xFF73,
    0xFF73, 0xFF53, 0xFF52, 0xFF52, 0xFF52, 0xFF52, 0xFF53, 0xFF53, 0xFF52, 0xFFB8, 0xFFFC, 0xFF73, 0xFF73, 0xFF73, 0xFF74, 0xFF54,
    0xFF74, 0xFF94, 0xFF96, 0xFFB6, 0xFFB7, 0xFFB7, 0xFF94, 0xFF53, 0xFF53, 0xFF73, 0xFF73, 0xFF54, 0xFF74, 0xFF94, 0xFF94, 0xFFB5,
    0xFF53, 0xF6B0, 0xF6B2, 0xFFBA, 0xFFFD, 0xFFFB, 0xFFFA, 0xFFFB, 0xFFFC, 0xFFFE, 0xFFFE, 0xFFFE, 0xFFFE, 0xFFFE, 0xFFFD, 0xFFFC,
    0xFFFD, 0xFFFE, 0xFFFD, 0xFFFD, 0xFFFE, 0xFFFE, 0xFFFE, 0xFFFD, 0xFFFC, 0xFFFE, 0xFFFD, 0xFFFD, 0xFFFD, 0xFFFE, 0xFFFD, 0xFFFD,
    0xFFFE, 0xFFFE, 0xFFFE, 0xFFFE, 0xFFFE, 0xFFFD, 0xFFFD, 0xFFFD, 0xFFFE, 0xFFFD, 0xFFFD, 0xFFFD, 0xFFFD, 0xFFFD, 0xFFFD, 0xFFFC,
    0xFFFD, 0xFFFD, 0xFFFE, 0xFFFE, 0xFFFE, 0xFFFE, 0xFFFE, 0xFFFD, 0xFFFD, 0xFFFD, 0xFFFD, 0xFFFC, 0xFFFC, 0xFFBB, 0xFF3A, 0xF75A,
    0xF75A, 0xF77A, 0xF75A, 0xF75A, 0xF759, 0xFF7A, 0xFF7B, 0xF73A, 0xEF19, 0xA4D1, 0x0840, 0x0840, 0x18C1, 0x18C1, 0x10A1, 0x10A1,
    0x1080, 0x0860, 0x0860, 0x0860, 0x0860, 0x0860, 0x0860, 0x0860, 0x0860, 0x0860, 0x0860, 0x0860, 0x0860, 0x0860, 0x0860, 0x0860,
    0x0860, 0x0860, 0x0860, 0x0860, 0x0860, 0x0860, 0x0860, 0x0881, 0x1081, 0x1081, 0x10C1, 0x18C2, 0x18C2, 0x20E2, 0x2923, 0x3123,
    0x3102, 0x4983, 0xEF15, 0xFFF9, 0xFFF8, 0xFFF9, 0xFFF9, 0xFFFA, 0xFFF9, 0xFFF9, 0xFFF9, 0xFFFA, 0xFFF9, 0xFFDA, 0xFFFA, 0xFF97,
    0xFED4, 0xFEB3, 0xFEB3, 0xFEB3, 0xFEB3, 0xFEB3, 0xFEB3, 0xFE93, 0xFE93, 0xFE93, 0xFE73, 0xFE73, 0xFE73, 0xFE52, 0xF653, 0xF653,
    0xFE53, 0xF653, 0xF653, 0xF653, 0xF653, 0xFE53, 0xF652, 0xF652, 0xF652, 0xFEB4, 0xFF78, 0xFF99, 0xFF99, 0xFF99, 0xFF99, 0xFF79,
    0xFF99, 0xFF99, 0xFF99, 0xFF9A, 0xFF9A, 0xFF99, 0xFFBA, 0xFFBA, 0xFF99, 0xFF99, 0xFF99, 0xFF99, 0xFF99, 0xFF99, 0xFF99, 0xFF99,
    0xFF16, 0xFF16, 0xFF16, 0xFF16, 0xFF16, 0xFF37, 0xFF77, 0xFF97, 0xFFD8, 0xFFD9, 0xFFF9, 0xFFF9, 0xFFFA, 0xFFFA, 0xFFFA, 0xFFFA,
    0xFFFA, 0xFFFA, 0xFFFA, 0xFFFA, 0xFFD8, 0xFF95, 0xFF13, 0xFEF2, 0xFF12, 0xFF32, 0xFF32, 0xFF52, 0xFF53, 0xFF53, 0xFF52, 0xFF52,
    0xFF53, 0xFF53, 0xFF33, 0xFF52, 0xFF52, 0xFF53, 0xFF53, 0xFF73, 0xFF53, 0xFF96, 0xFFD8, 0xFFB6, 0xFFB5, 0xFFD7, 0xFFF8, 0xFFF8,
    0xFFF9, 0xFFD8, 0xFF54, 0xFF53, 0xFF53, 0xFF53, 0xFF53, 0xFF73, 0xFF73, 0xFF73, 0xFF73, 0xFF73, 0xFF74, 0xFFB5, 0xFFB5, 0xFFD6,
    0xF690, 0xEDCE, 0xFF79, 0xFFFE, 0xFFFC, 0xFFFA, 0xFFFA, 0xFFFD, 0xFFFD, 0xFFFD, 0xFFFD, 0xFFFD, 0xFFFD, 0xFFFD, 0xFFFC, 0xFFFC,
    0xFFFD, 0xFFFE, 0xFFFE, 0xFFFE, 0xFFFE, 0xFFFE, 0xFFFE, 0xFFFD, 0xFFFD, 0xFFFD, 0xFFFD, 0xFFFD, 0xFFFC, 0xFFFD, 0xFFFD, 0xFFFE,
    0xFFFE, 0xFFFD, 0xFFFD, 0xFFFD, 0xFFFE, 0xFFFE, 0xFFFD, 0xFFFD, 0xFFFD, 0xFFFD, 0xFFFD, 0xFFFD, 0xFFFD, 0xFFFC, 0xFFFD, 0xFFFD,
    0xFFFD, 0xFFFE, 0xFFFD, 0xFFFD, 0xFFFD, 0xFFFD, 0xFFFD, 0xFFFC, 0xFFFC, 0xFFFD, 0xFFFD, 0xFFFD, 0xFFFC, 0xFF9B, 0xFF3A, 0xFF9B,
    0xFFFC, 0xFFFC, 0xFFDB, 0xF77A, 0xF75A, 0xF73A, 0xF73A, 0xF739, 0xF739, 0xE6B7, 0x8C0E, 0x736B, 0x2943, 0x3184, 0x39C5, 0x39E6,
    0x2123, 0x0840, 0x0860, 0x0860, 0x0880, 0x0860, 0x0860, 0x0860, 0x0860, 0x0860, 0x0860, 0x0860, 0x0860, 0x0860, 0x0860, 0x0860,
    0x0860, 0x0860, 0x0861, 0x0860, 0x0860, 0x0860, 0x1081, 0x1081, 0x1081, 0x1081, 0x18C2, 0x18C2, 0x18E2, 0x20E2, 0x2902, 0x2902,
    0x3923, 0x51A3, 0xEF36, 0xFFF9, 0xFFF8, 0xFFF9, 0xFFF9, 0xFFF9, 0xFFF9, 0xFFF9, 0xFFFA, 0xFFFA, 0xFFFA, 0xFFFA, 0xFFDA, 0xFFD9,
    0xFF98, 0xFEF4, 0xFEB3, 0xFEB3, 0xFEB3, 0xFEB3, 0xFEB3, 0xFE93, 0xFE93, 0xFE93, 0xFE73, 0xFE52, 0xFE52, 0xF652, 0xF653, 0xF673,
    0xF673, 0xF653, 0xF653, 0xFE53, 0xFE53, 0xFE53, 0xF632, 0xF652, 0xFE52, 0xF673, 0xF673, 0xFF16, 0xFFB9, 0xFF99, 0xFF99, 0xFF99,
    0xFF78, 0xFF78, 0xFF78, 0xFF99, 0xFF99, 0xFF99, 0xFF99, 0xFF99, 0xFF99, 0xFF99, 0xFF99, 0xFF99, 0xFF99, 0xFF99, 0xFF99, 0xFF99,
    0xFF36, 0xFF16, 0xFF16, 0xFF36, 0xFF56, 0xFF77, 0xFFB8, 0xFFD9, 0xFFF9, 0xFFF9, 0xFFFA, 0xFFF9, 0xFFFA, 0xFFFA, 0xFFFA, 0xFFFA,
    0xFFFA, 0xFFFA, 0xFFFA, 0xFFFA, 0xFFD9, 0xFFB6, 0xFF33, 0xFEF2, 0xFF12, 0xFF12, 0xFF32, 0xFF32, 0xFF32, 0xFF53, 0xFF73, 0xFF74,
    0xFF74, 0xFF74, 0xFF74, 0xFF74, 0xFF74, 0xFF96, 0xFFD8, 0xFFF8, 0xFFD8, 0xFFF8, 0xFFF9, 0xFFFA, 0xFFF9, 0xFFF9, 0xFFF9, 0xFFFA,
    0xFFFA, 0xFFF9, 0xFFB6, 0xFF94, 0xFF53, 0xFF73, 0xFF74, 0xFF73, 0xFF73, 0xFF73, 0xFF93, 0xFF94, 0xFF94, 0xFFB5, 0xFFF6, 0xFFF7,
    0xF690, 0xFF98, 0xFFFD, 0xFFFD, 0xFFFC, 0xFFFA, 0xFFFB, 0xFFFC, 0xFFFD, 0xFFFD, 0xFFFD, 0xFFFD, 0xFFFE, 0xFFFE, 0xFFFD, 0xFFFD,
    0xFFFD, 0xFFFE, 0xFFFE, 0xFFFE, 0xFFFE, 0xFFFE, 0xFFFE, 0xFFFD, 0xFFFD, 0xFFFD, 0xFFFD, 0xFFFC, 0xFFFC, 0xFFFD, 0xFFFD, 0xFFFE,
    0xFFFD, 0xFFFC, 0xFFFC, 0xFFFD, 0xFFFD, 0xFFFD, 0xFFFD, 0xFFFE, 0xFFFD, 0xFFFD, 0xFFFC, 0xFFFC, 0xFFFC, 0xFFFC, 0xFFFC, 0xFFFC,
    0xFFFD, 0xFFFE, 0xFFFD, 0xFFFE, 0xFFFD, 0xFFFD, 0xFFFD, 0xFFDC, 0xFFDC, 0xFFDC, 0xFFFC, 0xFFDC, 0xFFBB, 0xF75A, 0xF77A, 0xFFDC,
    0xFFFC, 0xFFFC, 0xFFDC, 0xF77A, 0xF75A, 0xFF5A, 0xFFBC, 0xF75A, 0xEED8, 0xEEF8, 0xFF9B, 0xD635, 0x62C9, 0x3184, 0x0820, 0x1081,
    0x1081, 0x1081, 0x10A1, 0x1081, 0x1081, 0x0860, 0x0860, 0x0860, 0x0860, 0x0860, 0x0860, 0x0860, 0x0861, 0x0860, 0x0861, 0x0860,
    0x0860, 0x0860, 0x0861, 0x0881, 0x0860, 0x0860, 0x1081, 0x1081, 0x1081, 0x18C2, 0x18E2, 0x18E2, 0x18C2, 0x20E2, 0x2902, 0x3943,
    0x3902, 0x4942, 0xEF36, 0xFFF9, 0xFFF9, 0xFFF8, 0xFFF8, 0xFFF9, 0xFFF9, 0xFFFA, 0xFFFA, 0xFFFA, 0xFFFA, 0xFFFA, 0xFFD9, 0xFFD9,
    0xFFD9, 0xFFB8, 0xFF35, 0xFEB3, 0xFEB3, 0xFEB3, 0xFEB3, 0xFE93, 0xFE93, 0xFE93, 0xFE73, 0xFE73, 0xFE73, 0xF652, 0xF652, 0xF673,
    0xFE53, 0xF653, 0xFE53, 0xFE73, 0xFE53, 0xFE53, 0xFE53, 0xF652, 0xF653, 0xF652, 0xF631, 0xF651, 0xF6D4, 0xFF98, 0xFFB9, 0xFF99,
    0xFF99, 0xFF99, 0xFF99, 0xFF99, 0xFF99, 0xFF79, 0xFF99, 0xFF99, 0xFF99, 0xFF99, 0xFF99, 0xFF99, 0xFF99, 0xFF99, 0xFF99, 0xFF99,
    0xFF36, 0xFF36, 0xFF36, 0xFF77, 0xFF97, 0xFFB8, 0xFFF9, 0xFFFA, 0xFFFA, 0xFFFA, 0xFFFA, 0xFFFA, 0xFFFA, 0xFFFA, 0xFFFA, 0xFFFA,
    0xFFFA, 0xFFFA, 0xFFFA, 0xFFF9, 0xFFF9, 0xFFF8, 0xFF54, 0xFF12, 0xFF12, 0xFF33, 0xFF33, 0xFF53, 0xFF53, 0xFF95, 0xFFF7, 0xFFD7,
    0xFFF8, 0xFFF8, 0xFFF8, 0xFFF8, 0xFFF8, 0xFFF8, 0xFFF9, 0xFFF9, 0xFFF9, 0xFFF9, 0xFFF9, 0xFFF9, 0xFFF9, 0xFFF9, 0xFFFA, 0xFFFA,
    0xFFFA, 0xFFF9, 0xFFF8, 0xFFB5, 0xFF53, 0xFF74, 0xFF94, 0xFF94, 0xFF94, 0xFF94, 0xFF93, 0xFFB3, 0xFFD5, 0xFF73, 0xF66F, 0xF66F,
    0xF6B2, 0xFFDA, 0xFFFC, 0xFFFE, 0xFFFC, 0xFFFB, 0xFFFB, 0xFFFB, 0xFFFD, 0xFFFD, 0xFFFD, 0xFFFD, 0xFFFE, 0xFFFE, 0xFFFE, 0xFFFE,
    0xFFFE, 0xFFFE, 0xFFFE, 0xFFFE, 0xFFFE, 0xFFFE, 0xFFFD, 0xFFFB, 0xFFFB, 0xFFFC, 0xFFFD, 0xFFFD, 0xFFFE, 0xFFFE, 0xFFFD, 0xFFFD,
    0xFFFD, 0xFFFC, 0xFFFC, 0xFFFD, 0xFFFE, 0xFFFD, 0xFFFD, 0xFFFE, 0xFFFD, 0xFFFD, 0xFFFC, 0xFFFC, 0xFFFC, 0xFFFC, 0xFFFC, 0xFFFC,
    0xFFFC, 0xFFFD, 0xFFFD, 0xFFFD, 0xFFFD, 0xFFFD, 0xFFFD, 0xFFDC, 0xFFBB, 0xFFBB, 0xFFBB, 0xFFBB, 0xFF7A, 0xFF7A, 0xFFDC, 0xFFFC,
    0xFFDC, 0xFFDC, 0xF75A, 0xF75A, 0xF77A, 0xFF7A, 0xFFDC, 0xF77B, 0xF73A, 0xF75A, 0xEEF8, 0xEEF8, 0xFF5A, 0xC5D4, 0x5A88, 0x18A1,
    0x0820, 0x2103, 0x18C2, 0x1081, 0x1081, 0x0860, 0x0860, 0x0860, 0x0860, 0x0860, 0x0860, 0x0860, 0x0860, 0x0861, 0x0861, 0x0861,
    0x0860, 0x0860, 0x1081, 0x10A1, 0x10A1, 0x1081, 0x1081, 0x10A1, 0x18A2, 0x10A1, 0x10A1, 0x10A1, 0x10A1, 0x20E2, 0x3122, 0x3942,
    0x5A25, 0x8369, 0xEF57, 0xFFF9, 0xFFF9, 0xFFF8, 0xFFF9, 0xFFF9, 0xFFF9, 0xFFFA, 0xFFFA, 0xFFFA, 0xFFFA, 0xFFFA, 0xFFD9, 0xFFD9,
    0xFFD9, 0xFFDA, 0xFFB9, 0xFF56, 0xFEB3, 0xFEB3, 0xFEB3, 0xFE93, 0xFE93, 0xFE93, 0xFE93, 0xFE73, 0xFE73, 0xFE52, 0xFE52, 0xF673,
    0xF653, 0xF652, 0xFE73, 0xFE73, 0xFE73, 0xFE73, 0xFE53, 0xFE53, 0xFE53, 0xF652, 0xF652, 0xFE51, 0xF652, 0xF6D4, 0xFF57, 0xFFB9,
    0xFF99, 0xFF99, 0xFF99, 0xFF99, 0xFF99, 0xFF99, 0xFF99, 0xFFB9, 0xFF99, 0xFF99, 0xFF99, 0xFF78, 0xFF37, 0xFF57, 0xFF37, 0xFF57,
    0xFF36, 0xFF36, 0xFF56, 0xFFB8, 0xFFF9, 0xFFF9, 0xFFF9, 0xFFF9, 0xFFF9, 0xFFF9, 0xFFF9, 0xFFF9, 0xFFF9, 0xFFF9, 0xFF97, 0xFF75,
    0xFF75, 0xFF75, 0xFF75, 0xFF75, 0xFF75, 0xFF75, 0xFF54, 0xFF74, 0xFF95, 0xFFB7, 0xFFF8, 0xFFF8, 0xFFF8, 0xFFF8, 0xFFF9, 0xFFF9,
    0xFFF9, 0xFFF9, 0xFFF9, 0xFFF9, 0xFFF9, 0xFFF9, 0xFFF9, 0xFFF9, 0xFFF9, 0xFFF9, 0xFFF9, 0xFFF9, 0xFFFA, 0xFFFA, 0xFFFA, 0xFFF9,
    0xFFFA, 0xFFFA, 0xFFF9, 0xFFB7, 0xFF74, 0xFF94, 0xFFB4, 0xFFD8, 0xFFB5, 0xFF94, 0xFFB4, 0xFFB4, 0xFF93, 0xFF74, 0xF737, 0xF717,
    0xFFDA, 0xFFFC, 0xFFFE, 0xFFFE, 0xFFFD, 0xFFFB, 0xFFFB, 0xFFFC, 0xFFFD, 0xFFFD, 0xFFFD, 0xFFFE, 0xFFFE, 0xFFFE, 0xFFFE, 0xFFFE,
    0xFFFE, 0xFFFE, 0xFFFE, 0xFFFE, 0xFFFE, 0xFFFE, 0xFFFC, 0xFFFB, 0xFFFC, 0xFFFC, 0xFFFD, 0xFFFE, 0xFFFE, 0xFFFE, 0xFFFD, 0xFFFC,
    0xFFFD, 0xFFFD, 0xFFFC, 0xFFFD, 0xFFFD, 0xFFFC, 0xFFFC, 0xFFFE, 0xFFFD, 0xFFFC, 0xFFFC, 0xFFFC, 0xFFFC, 0xFFFC, 0xFFFC, 0xFFFC,
    0xFFFC, 0xFFFD, 0xFFFD, 0xFFFD, 0xFFFD, 0xFFFD, 0xFFBB, 0xFFBB, 0xFFBB, 0xFF9B, 0xFF9B, 0xFFBB, 0xF75A, 0xF79B, 0xFFFC, 0xFFBB,
    0xFF9A, 0xFF7A, 0xFF5A, 0xFFBB, 0xFFFC, 0xFF7A, 0xFF7A, 0xFF9B, 0xFFFC, 0xFFFD, 0xFFDC, 0xF77B, 0xEED8, 0xEEF9, 0xF73A, 0xA4B0,
    0x6B0A, 0x20E2, 0x0880, 0x1081, 0x1081, 0x0860, 0x0860, 0x0860, 0x0860, 0x0860, 0x0860, 0x0860, 0x0860, 0x0861, 0x0861, 0x0860,
    0x0860, 0x0860, 0x0860, 0x10A1, 0x10C2, 0x18C2, 0x18C2, 0x10A1, 0x1081, 0x1080, 0x0880, 0x1080, 0x1080, 0x20C1, 0x3123, 0x2060,
    0xAD10, 0xFFFC, 0xFFD9, 0xFFF9, 0xFFF9, 0xFFF9, 0xFFF9, 0xFFFA, 0xFFFA, 0xFFFB, 0xFFFB, 0xFFFA, 0xFFFA, 0xFFFA, 0xFFD9, 0xFFD9,
    0xFFD9, 0xFFD9, 0xFFFA, 0xFFD9, 0xFF56, 0xFEB4, 0xFEB3, 0xFEB4, 0xFE93, 0xFEB3, 0xFE93, 0xFE73, 0xFE73, 0xFE73, 0xFE73, 0xFE73,
    0xF673, 0xF653, 0xFE73, 0xF653, 0xF653, 0xF653, 0xF652, 0xF652, 0xF632, 0xF652, 0xF652, 0xF651, 0xF631, 0xF631, 0xF6B4, 0xFF58,
    0xFF98, 0xFF78, 0xFF78, 0xFF78, 0xFF98, 0xFF78, 0xFF78, 0xFF57, 0xFEF6, 0xFEF5, 0xFEF5, 0xF6B4, 0xF653, 0xF653, 0xF653, 0xF653,
    0xFF97, 0xFF97, 0xFF97, 0xFFB7, 0xFFB7, 0xFFD8, 0xFF76, 0xFF54, 0xFF55, 0xFF55, 0xFF55, 0xFF55, 0xFF55, 0xFF55, 0xFF34, 0xFF33,
    0xFF33, 0xFF12, 0xFEF2, 0xFEF2, 0xFEF2, 0xFF12, 0xFF12, 0xFF95, 0xFFF8, 0xFFF8, 0xFFF9, 0xFFF9, 0xFFF9, 0xFFF9, 0xFFF9, 0xFFF9,
    0xFFF9, 0xFFF9, 0xFFF9, 0xFFD9, 0xFFD9, 0xFFF9, 0xFFF9, 0xFFF9, 0xFFF9, 0xFFF9, 0xFFF9, 0xFFF9, 0xFFF9, 0xFFFA, 0xFFFA, 0xFFF9,
    0xFFFA, 0xFFFA, 0xFFFA, 0xFFF8, 0xFFB6, 0xFF74, 0xFF94, 0xFFB6, 0xFFB5, 0xFFB4, 0xFFB4, 0xFFF5, 0xEE2D, 0xEE93, 0xFFFF, 0xFFFD,
    0xFFFD, 0xFFFE, 0xFFFF, 0xFFFE, 0xFFFD, 0xFFFB, 0xFFFB, 0xFFFC, 0xFFFD, 0xFFFD, 0xFFFE, 0xFFFE, 0xFFFE, 0xFFFE, 0xFFFE, 0xFFFC,
    0xFFFD, 0xFFFE, 0xFFFE, 0xFFFE, 0xFFFD, 0xFFFC, 0xFFFC, 0xFFDB, 0xFFFD, 0xFFFD, 0xFFFD, 0xFFFE, 0xFFFD, 0xFFFD, 0xFFFC, 0xFFFB,
    0xFFFC, 0xFFFD, 0xFFFD, 0xFFFD, 0xFFFC, 0xFFDB, 0xFFDC, 0xFFFE, 0xFFFE, 0xFFFD, 0xFFFC, 0xFFFD, 0xFFFD, 0xFFFB, 0xFFFC, 0xFFFD,
    0xFFFC, 0xFFFD, 0xFFFD, 0xFFFD, 0xFFFD, 0xFFFD, 0xFFDC, 0xFFDC, 0xFFBB, 0xFF7A, 0xFF7A, 0xFF9A, 0xFFBB, 0xFFDC, 0xFFDB, 0xF77A,
    0xFFBB, 0xFFBB, 0xFF9B, 0xFFBC, 0xFFBB, 0xF75A, 0xF77A, 0xFFBB, 0xFFDB, 0xFFDC, 0xFFFD, 0xFFDC, 0xEF19, 0xEED8, 0xE6B8, 0xEEF9,
    0xEED8, 0x41A5, 0x0020, 0x1080, 0x1081, 0x0880, 0x0860, 0x0861, 0x0881, 0x0860, 0x0860, 0x0860, 0x0860, 0x0861, 0x0861, 0x0860,
    0x0860, 0x0860, 0x0860, 0x0860, 0x0881, 0x1081, 0x1081, 0x0860, 0x0880, 0x1080, 0x1080, 0x1080, 0x18A1, 0x28E2, 0x4163, 0x5A24,
    0xC5B1, 0xFFFA, 0xFFF9, 0xFFF9, 0xFFF9, 0xFFF9, 0xFFF9, 0xFFF9, 0xFFF9, 0xFFF9, 0xFFFA, 0xFFFA, 0xFFFA, 0xFFFA, 0xFFF9, 0xFFF9,
    0xFFF9, 0xFFF9, 0xFFD9, 0xFFFA, 0xFFD9, 0xFF36, 0xFEF4, 0xFE93, 0xFE93, 0xFEB3, 0xFEB3, 0xFE93, 0xFE73, 0xFE73, 0xFE73, 0xFE73,
    0xFE72, 0xFE72, 0xFE52, 0xFE53, 0xFE52, 0xFE52, 0xF652, 0xF652, 0xF652, 0xF652, 0xF652, 0xF632, 0xFE93, 0xFEF5, 0xF6B5, 0xFF37,
    0xFF78, 0xF694, 0xF694, 0xF6B4, 0xF6B4, 0xF694, 0xF673, 0xF653, 0xF632, 0xF632, 0xF632, 0xF632, 0xF652, 0xF632, 0xF632, 0xF632,
    0xFF14, 0xFF14, 0xFF34, 0xFF34, 0xFF34, 0xFF34, 0xFF13, 0xFF13, 0xFF33, 0xFF13, 0xFF33, 0xFF33, 0xFF33, 0xFF33, 0xFF33, 0xFF33,
    0xFF33, 0xFF13, 0xFF12, 0xFF12, 0xFF11, 0xFEF2, 0xFF12, 0xFF34, 0xFFD7, 0xFFF9, 0xFFF9, 0xFFF9, 0xFFF9, 0xFFF9, 0xFFFA, 0xFFFB,
    0xFFFA, 0xFFF9, 0xFFFA, 0xFFFB, 0xFFFB, 0xFFFB, 0xFFF9, 0xFFF9, 0xFFF9, 0xFFF9, 0xFFFA, 0xFFFA, 0xFFFA, 0xFFFA, 0xFFFA, 0xFFF9,
    0xFFFA, 0xFFFA, 0xFFFA, 0xFFFA, 0xFFD7, 0xFF94, 0xFF73, 0xFF93, 0xFFB4, 0xFFD5, 0xFFF5, 0xEE4E, 0xF6F5, 0xFFBB, 0xFFFD, 0xFFFD,
    0xFFFE, 0xFFFE, 0xFFFE, 0xFFFE, 0xFFFE, 0xFFFD, 0xFFFB, 0xFFFC, 0xFFFD, 0xFFFD, 0xFFFE, 0xFFFE, 0xFFFE, 0xFFFE, 0xFFFE, 0xFFFC,
    0xFFFC, 0xFFFE, 0xFFFE, 0xFFFE, 0xFFFD, 0xFFFC, 0xFFFC, 0xFFFC, 0xFFFD, 0xFFFD, 0xFFFD, 0xFFFD, 0xFFFD, 0xFFFC, 0xFFFC, 0xFFDB,
    0xFFFC, 0xFFFD, 0xFFFD, 0xFFFD, 0xFFDB, 0xFFBB, 0xFFDC, 0xFFFD, 0xFFFD, 0xFFFD, 0xFFFD, 0xFFFE, 0xFFFD, 0xFFFD, 0xFFFD, 0xFFFD,
    0xFFFC, 0xFFFE, 0xFFFE, 0xFFFE, 0xFFFE, 0xFFDD, 0xFFFC, 0xFFFC, 0xFFBB, 0xF75A, 0xF77A, 0xFFBB, 0xFFFC, 0xFFFC, 0xFFDC, 0xFFBB,
    0xFFBB, 0xFFBB, 0xFF9B, 0xFF9B, 0xFFBB, 0xFFBB, 0xFFBB, 0xFFDB, 0xFFDB, 0xFFBB, 0xFFBB, 0xEF39, 0xEEF8, 0xEED8, 0xEED8, 0xEEB8,
    0xE657, 0xC553, 0x5227, 0x0840, 0x1060, 0x1081, 0x1081, 0x1081, 0x1081, 0x0860, 0x0860, 0x0860, 0x0860, 0x0860, 0x0860, 0x0860,
    0x0860, 0x0860, 0x0860, 0x0860, 0x0860, 0x0860, 0x0880, 0x0880, 0x10A1, 0x18C1, 0x20C2, 0x20C2, 0x2902, 0x28A1, 0x5A05, 0xFFD8,
    0xFFF9, 0xFFF9, 0xFFF9, 0xFFF9, 0xFFF9, 0xFFF9, 0xFFF9, 0xFFF9, 0xFFF9, 0xFFF9, 0xFFFA, 0xFFFA, 0xFFFA, 0xFFFA, 0xFFFA, 0xFFFA,
    0xFFF9, 0xFFF9, 0xFFD9, 0xFFD9, 0xFFD9, 0xFFFA, 0xFF57, 0xFEB4, 0xFE93, 0xFE93, 0xFE93, 0xFE93, 0xFE93, 0xFE73, 0xFE73, 0xFE73,
    0xFE92, 0xFE72, 0xFE72, 0xFE72, 0xFE73, 0xFE94, 0xFE93, 0xFEB5, 0xFF57, 0xFF36, 0xFF36, 0xFF16, 0xFF57, 0xFF98, 0xFF98, 0xFFB9,
    0xFF78, 0xF6D5, 0xF672, 0xF632, 0xF652, 0xF652, 0xF652, 0xF652, 0xF652, 0xF652, 0xF652, 0xF652, 0xF652, 0xF652, 0xF652, 0xF652,
    0xFEB2, 0xFEB2, 0xFED2, 0xFF12, 0xFEF2, 0xFF12, 0xFF13, 0xFF33, 0xFF33, 0xFF33, 0xFF33, 0xFF33, 0xFF53, 0xFF54, 0xFF33, 0xFF33,
    0xFF33, 0xFF12, 0xFEF2, 0xFEF2, 0xFF12, 0xFF12, 0xFEF1, 0xFF33, 0xFFB7, 0xFFF9, 0xFFF9, 0xFFF9, 0xFFF9, 0xFFFB, 0xE6F6, 0xB4CE,
    0xE6F5, 0xFFFB, 0xD654, 0xA48D, 0xA48E, 0xBD91, 0xFFFB, 0xFFFA, 0xFFFA, 0xFFFA, 0xFFD9, 0xFFF9, 0xFFD9, 0xFFFA, 0xFFFA, 0xFFF9,
    0xFFFA, 0xFFFA, 0xFFFA, 0xFFFA, 0xFFF9, 0xFFD7, 0xFF94, 0xFF94, 0xFFD5, 0xFF73, 0xF6F2, 0xF6F4, 0xFFBB, 0xFFFD, 0xFFFC, 0xFFFE,
    0xFFFF, 0xFFFE, 0xFFFE, 0xFFFE, 0xFFFE, 0xFFFE, 0xFFFD, 0xFFFD, 0xFFFC, 0xFFFC, 0xFFFD, 0xFFFE, 0xFFFE, 0xFFFE, 0xFFFE, 0xFFFC,
    0xFFFC, 0xFFFE, 0xFFFE, 0xFFFE, 0xFFFE, 0xFFFE, 0xFFFD, 0xFFFC, 0xFFFD, 0xFFFD, 0xFFFC, 0xFFFC, 0xFFDC, 0xFFDB, 0xFFDB, 0xFFFC,
    0xFFFC, 0xFFFD, 0xFFFC, 0xFFFC, 0xFFBB, 0xFFBB, 0xFFFC, 0xFFFD, 0xFFDB, 0xFFDC, 0xFFFD, 0xFFFD, 0xFFFD, 0xFFFD, 0xFFFD, 0xFFFD,
    0xFFFD, 0xFFFD, 0xFFFE, 0xFFFD, 0xFFDC, 0xFFDC, 0xFFBB, 0xFFBB, 0xFFBB, 0xFF7A, 0xFF7A, 0xFFDC, 0xFFDC, 0xFFDC, 0xFFBB, 0xFF9B,
    0xFF9B, 0xFF9B, 0xFF7B, 0xFFBB, 0xFFFD, 0xFFDC, 0xFFDB, 0xFFDC, 0xFFDC, 0xFFDC, 0xFFDC, 0xF739, 0xEEF8, 0xEEF8, 0xEED8, 0xEEF9,
    0xDE77, 0xD5F5, 0xD5F5, 0xA490, 0x3985, 0x0820, 0x0860, 0x0840, 0x0860, 0x0860, 0x0860, 0x0860, 0x0860, 0x0860, 0x0860, 0x0860,
    0x0860, 0x0860, 0x0860, 0x0860, 0x0860, 0x0880, 0x10A1, 0x10A1, 0x18A1, 0x20C2, 0x20C2, 0x2902, 0x3102, 0x30A1, 0x72C7, 0xFFF9,
    0xFFF9, 0xFFF9, 0xFFF9, 0xFFF9, 0xFFF9, 0xFFF9, 0xFFF9, 0xFFF9, 0xFFF9, 0xFFF9, 0xFFF9, 0xFFFA, 0xFFF9, 0xFFF9, 0xFFF9, 0xFFF9,
    0xFFF9, 0xFFF9, 0xFFF9, 0xFFDA, 0xFFF9, 0xFFDA, 0xFFDA, 0xFFB8, 0xFED4, 0xFE93, 0xFE93, 0xFE93, 0xFE93, 0xFE93, 0xFE93, 0xFE93,
    0xFF15, 0xFF36, 0xFF36, 0xFF16, 0xFF16, 0xFF99, 0xFF98, 0xFF98, 0xFFB9, 0xFFB9, 0xFF99, 0xFFB9, 0xFF98, 0xFF78, 0xFF78, 0xFF99,
    0xFF99, 0xFFB9, 0xF6F5, 0xF673, 0xF653, 0xFE52, 0xF652, 0xF673, 0xF652, 0xF652, 0xF652, 0xF652, 0xF652, 0xF653, 0xF653, 0xF652,
    0xFEB2, 0xFEB2, 0xFED2, 0xFF13, 0xFF12, 0xFF12, 0xFF13, 0xFF33, 0xFF33, 0xFF33, 0xFF33, 0xFF53, 0xFF54, 0xFF74, 0xFF54, 0xFF33,
    0xFF12, 0xFEF2, 0xFEF2, 0xFEF1, 0xFF12, 0xFF12, 0xFEF2, 0xFF12, 0xFF74, 0xFFD8, 0xFFF9, 0xFFF9, 0xEF37, 0xEF58, 0xBD91, 0x5163,
    0x7AE8, 0x8BCB, 0x72A7, 0x5183, 0x4983, 0x5A05, 0x838B, 0x8349, 0xCDF3, 0xFFFA, 0xFFFB, 0xFFFB, 0xFFFB, 0xFFFA, 0xFFFA, 0xFFF9,
    0xFFF9, 0xFFF9, 0xFFFA, 0xFFFA, 0xFFFA, 0xFFF8, 0xFFB5, 0xFFB5, 0xF774, 0xF6D2, 0xEE72, 0xFFFE, 0xFFFD, 0xFFFB, 0xFFFD, 0xFFFE,
    0xFFFF, 0xFFFF, 0xFFFF, 0xFFFE, 0xFFFE, 0xFFFE, 0xFFFE, 0xFFFE, 0xFFFD, 0xFFFC, 0xFFFD, 0xFFFE, 0xFFFE, 0xFFFE, 0xFFFE, 0xFFDC,
    0xFFDC, 0xFFFE, 0xFFFE, 0xFFFE, 0xFFFE, 0xFFFE, 0xFFFD, 0xFFFC, 0xFFFD, 0xFFFC, 0xFFDB, 0xFFBB, 0xFFBB, 0xFFDB, 0xFFFD, 0xFFFD,
    0xFFFD, 0xFFFD, 0xFFFC, 0xFFDB, 0xFF9B, 0xFF9B, 0xFFBB, 0xFFBB, 0xFFDB, 0xFFDC, 0xFFFE, 0xFFFE, 0xFFFD, 0xFFFE, 0xFFFD, 0xFFFD,
    0xFFFD, 0xFFFC, 0xFFFC, 0xFFBC, 0xFF9B, 0xFF9B, 0xFF9B, 0xF77A, 0xF77A, 0xF75A, 0xF79B, 0xFFFD, 0xFFFD, 0xFF9B, 0xFF7A, 0xFF9B,
    0xFF7B, 0xFF9B, 0xF77A, 0xFFBC, 0xFFFD, 0xF79B, 0xF719, 0xF77A, 0xF77A, 0xF75A, 0xF75A, 0xEF19, 0xEEF9, 0xEEF9, 0xEEF9, 0xEED9,
    0xEED8, 0xE6B8, 0xDE36, 0xDE37, 0xB4F1, 0xA4B0, 0xAD11, 0xB552, 0x5268, 0x0020, 0x1081, 0x0860, 0x0860, 0x0860, 0x0860, 0x0860,
    0x0860, 0x0860, 0x0860, 0x10A1, 0x10A1, 0x10A1, 0x18C1, 0x18C2, 0x20C2, 0x20C2, 0x28E2, 0x3102, 0x30E2, 0x8B68, 0xF774, 0xFFD8,
    0xFFF9, 0xFFF9, 0xFFF9, 0xFFF9, 0xFFF9, 0xFFF9, 0xFFF9, 0xFFF9, 0xFFFA, 0xFFFA, 0xFFFA, 0xFFFA, 0xFFFA, 0xFFF9, 0xFFF9, 0xFFF9,
    0xFFD9, 0xFFF9, 0xFFFA, 0xFFFA, 0xFFF9, 0xFFB9, 0xFFB9, 0xFFB9, 0xFF56, 0xFF15, 0xFF36, 0xFF77, 0xFF77, 0xFF77, 0xFF77, 0xFF77,
    0xFF99, 0xFFB9, 0xFFB9, 0xFFB9, 0xFFB9, 0xFFBA, 0xFFBA, 0xFF99, 0xFF99, 0xFF99, 0xFF79, 0xFF99, 0xFF99, 0xFF99, 0xFF78, 0xFF78,
    0xFF99, 0xFF99, 0xFF99, 0xFF77, 0xF693, 0xF652, 0xF652, 0xF652, 0xFE53, 0xF652, 0xF652, 0xF652, 0xF652, 0xF652, 0xF653, 0xF653,
    0xFED2, 0xFED2, 0xFED2, 0xFF12, 0xFF13, 0xFF13, 0xFF33, 0xFF33, 0xFF33, 0xFF33, 0xFF33, 0xFF53, 0xFF54, 0xFF53, 0xFF33, 0xFF12,
    0xFF12, 0xFF12, 0xFF12, 0xFEF2, 0xFF12, 0xFF32, 0xFF12, 0xFEF2, 0xFF74, 0xFFF9, 0xFFFA, 0xFFFB, 0x8BCB, 0x6A65, 0x8349, 0x6205,
    0x5A05, 0x49A4, 0x4984, 0x49C5, 0x49C4, 0x49A4, 0x4164, 0x4984, 0x4984, 0xACEF, 0xCE13, 0xDE33, 0xBD70, 0xDEB6, 0xFFFC, 0xFFD9,
    0xFFFA, 0xFFFA, 0xFFFA, 0xFFF9, 0xFFF9, 0xFFF8, 0xFFD7, 0xFFF8, 0xEE0D, 0xE673, 0xFFFF, 0xFFFD, 0xFFFD, 0xFFFC, 0xFFFD, 0xFFFE,
    0xFFFE, 0xFFFE, 0xFFFE, 0xFFFE, 0xFFFE, 0xFFFE, 0xFFFE, 0xFFFE, 0xFFFD, 0xFFFD, 0xFFFC, 0xFFFD, 0xFFFE, 0xFFFE, 0xFFFE, 0xFFDC,
    0xFFDC, 0xFFFD, 0xFFFD, 0xFFFE, 0xFFFD, 0xFFFD, 0xFFFD, 0xFFDB, 0xFFFC, 0xFFDC, 0xFFDB, 0xFFBB, 0xFF9A, 0xFFDB, 0xFFFC, 0xFFDC,
    0xFFFC, 0xFFFC, 0xFFFC, 0xFFBB, 0xFF9A, 0xFF9A, 0xFF9B, 0xFFBB, 0xFFBB, 0xFFDC, 0xFFFD, 0xFFFD, 0xFFFD, 0xFFFD, 0xFFFD, 0xFFBB,
    0xFFDC, 0xFFFC, 0xFFBC, 0xFF7B, 0xFF7A, 0xFF7A, 0xFF7A, 0xFF5A, 0xF75A, 0xF75A, 0xFFDB, 0xFFBB, 0xFFBB, 0xFF9B, 0xFF7A, 0xFF9A,
    0xFF9B, 0xFF5A, 0xFF5A, 0xFF7A, 0xFF9B, 0xF75A, 0xF719, 0xF719, 0xF719, 0xF719, 0xF719, 0xF719, 0xF6F9, 0xF719, 0xF719, 0xEED9,
    0xF6F9, 0xF739, 0xF739, 0xEEF9, 0xEEB8, 0xEED8, 0xEEB8, 0xFF3A, 0x732A, 0x0000, 0x1080, 0x0860, 0x0860, 0x0860, 0x0880, 0x0881,
    0x0860, 0x0860, 0x0880, 0x10A1, 0x18C1, 0x18C2, 0x18C2, 0x20C2, 0x20C2, 0x20E2, 0x3103, 0x3902, 0x3922, 0xE671, 0xFFD5, 0xFF95,
    0xFFF8, 0xFFFA, 0xFFF9, 0xFFF9, 0xFFF9, 0xFFF9, 0xFFF9, 0xFFFA, 0xFFFA, 0xFFFA, 0xFFFA, 0xFFFA, 0xFFF9, 0xFFF9, 0xFFF9, 0xFFF9,
    0xFFD9, 0xFF97, 0xFF77, 0xFF97, 0xFF57, 0xFEF4, 0xFED3, 0xFED4, 0xFED4, 0xFEB3, 0xFF16, 0xFFB9, 0xFFDA, 0xFFDB, 0xFFDB, 0xFFDB,
    0xFFDA, 0xFFDB, 0xFFDB, 0xFFDA, 0xFFBA, 0xFFBA, 0xFFBA, 0xFF99, 0xFF99, 0xFF99, 0xFF99, 0xFF99, 0xFF99, 0xFFB9, 0xFFB9, 0xFF79,
    0xFF99, 0xFF79, 0xFF79, 0xFF99, 0xFF57, 0xFEF5, 0xF652, 0xF653, 0xFE53, 0xF652, 0xF652, 0xF652, 0xF652, 0xF653, 0xF653, 0xF653,
    0xFED2, 0xFED2, 0xFED2, 0xFEF2, 0xFF12, 0xFF12, 0xFF33, 0xFF53, 0xFF33, 0xFF33, 0xFF33, 0xFF53, 0xFF53, 0xFF13, 0xFEF2, 0xFEF2,
    0xFEF2, 0xFEF2, 0xFEF1, 0xFEF2, 0xFEF2, 0xFEF2, 0xFF53, 0xFFF5, 0xAC8B, 0x7AC7, 0x8328, 0x8328, 0x5A05, 0x49A3, 0x6245, 0x6226,
    0x6A66, 0x49A4, 0x2901, 0x2902, 0x2902, 0x2902, 0x3963, 0x49A4, 0x49A4, 0x3922, 0x7225, 0x9327, 0x7203, 0x9C0B, 0xDEB6, 0xFFFB,
    0xFFFA, 0xFFFA, 0xFFFA, 0xFFFA, 0xFFF9, 0xFFF8, 0xFFD8, 0xEE92, 0xEE92, 0xF738, 0xFFFE, 0xFFFC, 0xFFFB, 0xFFFC, 0xFFFD, 0xFFFE,
    0xFFFE, 0xFFFE, 0xFFFE, 0xFFFD, 0xFFFE, 0xFFFE, 0xFFFE, 0xFFFD, 0xFFFD, 0xFFFC, 0xFFFB, 0xFFFD, 0xFFFD, 0xFFFD, 0xFFFD, 0xFFFC,
    0xFFDC, 0xFFFC, 0xFFFD, 0xFFFE, 0xFFFE, 0xFFFC, 0xFFDB, 0xFFBB, 0xFFDB, 0xFFDB, 0xFFDB, 0xFF9A, 0xFF9A, 0xFFDB, 0xFFBB, 0xFF9A,
    0xFFBB, 0xFFBB, 0xFF9A, 0xFF9B, 0xFFBB, 0xFFBB, 0xFFBB, 0xFFBB, 0xFFBB, 0xFFBB, 0xFFBB, 0xFFBB, 0xFFDC, 0xFFDC, 0xFFBC, 0xF77A,
    0xFF7A, 0xFF9B, 0xF75A, 0xF75A, 0xF739, 0xF739, 0xF719, 0xF739, 0xFF5A, 0xF75A, 0xFF9B, 0xFF7A, 0xFF7A, 0xFF7A, 0xFF7A, 0xFF7A,
    0xFF9B, 0xF73A, 0xF719, 0xF739, 0xF6F9, 0xF6F9, 0xF6F9, 0xF6F9, 0xF6F9, 0xF719, 0xF739, 0xF719, 0xF6F9, 0xF719, 0xF719, 0xF6D9,
    0xF6F9, 0xF739, 0xF759, 0xFF7A, 0xF719, 0xDE77, 0xDE77, 0xE697, 0xCDF5, 0x734B, 0x1060, 0x1081, 0x0860, 0x0880, 0x10A1, 0x10A1,
    0x1081, 0x1080, 0x0880, 0x0860, 0x1081, 0x18A1, 0x18C1, 0x18C2, 0x20E2, 0x28E2, 0x28A0, 0x7B07, 0xDE91, 0xF713, 0xFF74, 0xFF74,
    0xFFB6, 0xFFD8, 0xFFF9, 0xFFFA, 0xFFF9, 0xFFF9, 0xFFF9, 0xFFF9, 0xFFD8, 0xFFD8, 0xFFD8, 0xFF97, 0xFF55, 0xFF55, 0xFF55, 0xFF55,
    0xFF35, 0xFEF4, 0xFED3, 0xFED3, 0xFED3, 0xFEB3, 0xFEB3, 0xFEB3, 0xFEB3, 0xFEB3, 0xFEB3, 0xFED4, 0xFF98, 0xFFDB, 0xFFDA, 0xFFDA,
    0xFFDA, 0xFFDA, 0xFFDA, 0xFFDA, 0xFFBA, 0xFFBA, 0xFFBA, 0xFFBA, 0xFFBA, 0xFFBA, 0xFFBA, 0xFFBA, 0xFFB9, 0xFFBA, 0xFFBA, 0xFFBA,
    0xFF99, 0xFF79, 0xFF79, 0xFF99, 0xFFBA, 0xFF79, 0xFF36, 0xFE93, 0xFE32, 0xFE52, 0xF653, 0xF652, 0xF652, 0xF653, 0xF653, 0xF653,
    0xFED2, 0xFED2, 0xFED2, 0xFF12, 0xFF12, 0xFEF2, 0xFF13, 0xFF33, 0xFF53, 0xFF33, 0xFF33, 0xFF53, 0xFF53, 0xFF33, 0xFF12, 0xFEF2,
    0xFEF1, 0xFEF1, 0xFF12, 0xFEF1, 0xFEF1, 0xFF94, 0xC54E, 0xA44B, 0x7286, 0x59C4, 0x61E4, 0x59C4, 0x4983, 0x4163, 0x3943, 0x49C4,
    0x5A05, 0x51E5, 0x2902, 0x20E1, 0x2102, 0x2902, 0x3963, 0x4184, 0x49A4, 0x6A46, 0x6A26, 0x59E5, 0x7A86, 0x8265, 0x7AE7, 0xCDF3,
    0xF7DA, 0xFFFC, 0xFFFA, 0xFFF9, 0xFFD9, 0xFFF9, 0xFFF8, 0xDD6C, 0xF758, 0xFFFE, 0xFFFE, 0xFFFB, 0xFFF9, 0xFFFA, 0xFFFB, 0xFFFD,
    0xFFFE, 0xFFFE, 0xFFFE, 0xFFFD, 0xFFFE, 0xFFFE, 0xFFFE, 0xFFFD, 0xFFDB, 0xFFDB, 0xFFDB, 0xFFFD, 0xFFFC, 0xFFFC, 0xFFFD, 0xFFFC,
    0xFFDB, 0xFFFC, 0xFFFD, 0xFFFD, 0xFFFD, 0xFFFB, 0xFFDB, 0xFFBB, 0xFFFC, 0xFFDB, 0xFF9A, 0xFF9A, 0xFF9B, 0xFFBB, 0xFF9A, 0xFF9A,
    0xFF9A, 0xFF7A, 0xFF7A, 0xFF7A, 0xFF9A, 0xFFBB, 0xFFBB, 0xFFBB, 0xFFBB, 0xFFBB, 0xFFBB, 0xFFBB, 0xFFBB, 0xFF9A, 0xFF7A, 0xF739,
    0xF739, 0xF719, 0xF739, 0xF739, 0xF719, 0xF6F9, 0xF6F9, 0xF719, 0xFF7A, 0xFFBB, 0xFFFC, 0xFFDC, 0xFFBB, 0xFF9A, 0xFF7A, 0xFF7A,
    0xF75A, 0xF739, 0xF719, 0xF719, 0xF6F8, 0xF6F8, 0xF6F8, 0xF6F8, 0xF6F8, 0xF719, 0xF739, 0xF719, 0xF719, 0xF719, 0xF719, 0xEED9,
    0xF6F9, 0xF739, 0xF759, 0xFF7A, 0xFF9B, 0xF77A, 0xF75A, 0xEEB8, 0xEED8, 0xEED8, 0x83AD, 0x0000, 0x10A0, 0x1080, 0x1081, 0x1081,
    0x10A1, 0x10A1, 0x1081, 0x1081, 0x10A1, 0x18A1, 0x18C1, 0x20C2, 0x28C2, 0x3943, 0x7AE6, 0xEE91, 0xFF94, 0xFF54, 0xFF74, 0xFF74,
    0xFF74, 0xFF95, 0xFFD8, 0xFFF9, 0xFFF8, 0xFFD8, 0xFFD7, 0xFFB6, 0xFF54, 0xFF34, 0xFF34, 0xFF14, 0xFF13, 0xFF13, 0xFF13, 0xFF13,
    0xFEF3, 0xFEF3, 0xFED3, 0xFED3, 0xFED3, 0xFED3, 0xFED3, 0xFED3, 0xFEB3, 0xFEB3, 0xFEB3, 0xFEB3, 0xFF36, 0xFFB9, 0xFFDA, 0xFFDA,
    0xFFDA, 0xFFDA, 0xFFDA, 0xFFDA, 0xFFBA, 0xFFBA, 0xFFBA, 0xFFBA, 0xFFBA, 0xFFBA, 0xFFBA, 0xFFBA, 0xFFBA, 0xFFBA, 0xFF99, 0xFFBA,
    0xFF99, 0xFF99, 0xFFBA, 0xFFBA, 0xFFBA, 0xFFBA, 0xFFBA, 0xF6F6, 0xFEB4, 0xF673, 0xF652, 0xF652, 0xF652, 0xF653, 0xF653, 0xF653,
    0xFED2, 0xFED2, 0xFED2, 0xFF12, 0xFF12, 0xFEF2, 0xFEF2, 0xFF13, 0xFF33, 0xFF33, 0xFF33, 0xFF33, 0xFF33, 0xFF33, 0xFF53, 0xFF12,
    0xFEF1, 0xFF11, 0xFEF1, 0xFF12, 0xFF73, 0xACAC, 0x59E4, 0x3902, 0x51C4, 0x6226, 0x6205, 0x6226, 0x5205, 0x4184, 0x4183, 0x49C5,
    0x51E5, 0x51E5, 0x4184, 0x3984, 0x3143, 0x20E2, 0x2902, 0x2902, 0x3943, 0x59E5, 0x5A05, 0x5A05, 0x59E5, 0x6225, 0x6225, 0x6A24,
    0xB52F, 0xD674, 0xFFFA, 0xFFFB, 0xFFB9, 0xDD4B, 0xE62E, 0xEF16, 0xF7BB, 0xFFFE, 0xFFFE, 0xFFFD, 0xFFFC, 0xFFFA, 0xFFFA, 0xFFFC,
    0xFFFE, 0xFFFE, 0xFFFE, 0xFFFE, 0xFFFD, 0xFFFE, 0xFFFE, 0xFFFC, 0xFF9A, 0xFF9A, 0xFFBA, 0xFFBB, 0xFFBB, 0xFFFC, 0xFFFD, 0xFFDC,
    0xFFDB, 0xFFFC, 0xFFFC, 0xFFFC, 0xFFFC, 0xFFFC, 0xFFFC, 0xFFFC, 0xFFFD, 0xFFFC, 0xFF9A, 0xFFBB, 0xFFBB, 0xFFBB, 0xFF9A, 0xFF7A,
    0xFF7A, 0xFF9B, 0xFFBB, 0xFFDC, 0xFFBB, 0xFF7A, 0xFF9A, 0xFF9B, 0xFF9B, 0xFFBB, 0xFFBB, 0xFFBB, 0xFF7A, 0xFF5A, 0xF759, 0xF739,
    0xF719, 0xF719, 0xF719, 0xF719, 0xF6F9, 0xF719, 0xF739, 0xF77A, 0xFF9A, 0xFFBB, 0xFFFC, 0xFFFD, 0xFFFC, 0xFF9A, 0xFF7A, 0xFF7A,
    0xF719, 0xF719, 0xF719, 0xF6F9, 0xF6D8, 0xF6D8, 0xF6D8, 0xF6D8, 0xF719, 0xF719, 0xF719, 0xF6F8, 0xEEF8, 0xF6F8, 0xF6F8, 0xF6D8,
    0xF6D9, 0xF719, 0xF719, 0xFF7A, 0xFFBB, 0xFFDB, 0xFFBB, 0xF77A, 0xEEF9, 0xF739, 0xD615, 0x41E6, 0x0840, 0x1080, 0x10A1, 0x10A1,
    0x10A1, 0x18A1, 0x18A1, 0x18A1, 0x18C1, 0x18C1, 0x20C1, 0x20E2, 0x2080, 0x8369, 0xFFD7, 0xFF75, 0xFF75, 0xFF95, 0xFF96, 0xFFB6,
    0xFFD7, 0xFFD6, 0xFFB6, 0xFF95, 0xFF95, 0xFF74, 0xFF74, 0xFF54, 0xFF54, 0xFF33, 0xFF13, 0xFF13, 0xFF33, 0xFF13, 0xFF14, 0xFF13,
    0xFF13, 0xFEF3, 0xFEF3, 0xFED3, 0xFED3, 0xFED3, 0xFED3, 0xFEB3, 0xFEB2, 0xFEB2, 0xFEB3, 0xFEB3, 0xFEB3, 0xFEF4, 0xFFB9, 0xFFDA,
    0xFFBA, 0xFFDA, 0xFFDA, 0xFFDA, 0xFFBA, 0xFFBA, 0xFFBA, 0xFFBA, 0xFFBA, 0xFFBA, 0xFFDA, 0xFFBA, 0xFFBA, 0xFFBA, 0xFFB9, 0xFFBA,
    0xFFBA, 0xFFBA, 0xFFBA, 0xFFBA, 0xFFDA, 0xFFBA, 0xFFBA, 0xFFBA, 0xFFB9, 0xF6D5, 0xF673, 0xF652, 0xF652, 0xF652, 0xF653, 0xF653,
    0xFED2, 0xFED2, 0xFED2, 0xFED1, 0xFEF1, 0xFEF2, 0xFEF2, 0xFF12, 0xFF33, 0xFF33, 0xFF33, 0xFF12, 0xFF33, 0xFF33, 0xFF33, 0xFF12,
    0xFF12, 0xFF11, 0xFF72, 0xDE2F, 0x93A9, 0x59C4, 0x59E5, 0x6A87, 0x51C4, 0x3963, 0x3963, 0x4183, 0x4184, 0x3122, 0x3943, 0x49A5,
    0x3943, 0x3984, 0x41C5, 0x41C5, 0x3143, 0x20E2, 0x18C1, 0x1080, 0x20E1, 0x3123, 0x2902, 0x3123, 0x4184, 0x4184, 0x49A4, 0x5A04,
    0x6A24, 0x7A86, 0xDE54, 0xEEF7, 0xF757, 0xEEB4, 0xEED5, 0xFFFE, 0xFFFE, 0xFFFE, 0xFFFE, 0xFFFE, 0xFFFE, 0xFFFC, 0xFFFB, 0xFFFB,
    0xFFFD, 0xFFFD, 0xFFFD, 0xFFFD, 0xFFFE, 0xFFFE, 0xFFFE, 0xFFDB, 0xFF9A, 0xFF9A, 0xFF9A, 0xFF9B, 0xFFDC, 0xFFFD, 0xFFFD, 0xFFDC,
    0xFFBB, 0xFFBB, 0xFFDC, 0xFFFC, 0xFFFC, 0xFFFC, 0xFFFC, 0xFFFC, 0xFFDC, 0xFFFC, 0xFFFC, 0xFFFD, 0xFFBB, 0xFFBB, 0xFF9A, 0xFF7A,
    0xFF7A, 0xFFBB, 0xFFFD, 0xFFFC, 0xFFFC, 0xFFDC, 0xFFBB, 0xFFBB, 0xFFBB, 0xFFBB, 0xFFBB, 0xFF9A, 0xF739, 0xF739, 0xF739, 0xF739,
    0xF739, 0xF739, 0xFF9B, 0xF79B, 0xF77A, 0xF77B, 0xFFFD, 0xFFFD, 0xFFDC, 0xFFBB, 0xFFDB, 0xFFBB, 0xFF7A, 0xFF7A, 0xFF7A, 0xFF7A,
    0xF719, 0xF719, 0xF719, 0xF6F8, 0xEED8, 0xEED8, 0xF6D8, 0xEED8, 0xFF5A, 0xF739, 0xEEF8, 0xEEB7, 0xEEB7, 0xEEB7, 0xEEB7, 0xEEB8,
    0xF6D8, 0xF6F9, 0xF719, 0xFF9A, 0xFFBB, 0xFFBB, 0xFFBB, 0xFFBB, 0xF77A, 0xF73A, 0xF739, 0xE6B8, 0x62C9, 0x1060, 0x1081, 0x10A1,
    0x1081, 0x18A1, 0x18C2, 0x18C1, 0x18C1, 0x18C1, 0x20C1, 0x28E2, 0x2080, 0x8369, 0xFFFA, 0xFFF9, 0xFFF9, 0xFFF9, 0xFFF9, 0xFFF9,
    0xFFF9, 0xFFF9, 0xFFD8, 0xFF74, 0xFF74, 0xFF74, 0xFF54, 0xFF54, 0xFF34, 0xFF34, 0xFF13, 0xFF13, 0xFF13, 0xFF33, 0xFF33, 0xFF13,
    0xFF13, 0xFEF3, 0xFEF3, 0xFEF3, 0xFEF3, 0xFED3, 0xFED3, 0xFEB3, 0xFEB2, 0xFEB3, 0xFED3, 0xFEB3, 0xFEB3, 0xFEB3, 0xFEF5, 0xFF57,
    0xFFDA, 0xFFBA, 0xFFDA, 0xFFDA, 0xFFDA, 0xFFDA, 0xFFBA, 0xFFBA, 0xFFDA, 0xFFDA, 0xFFDA, 0xFFDA, 0xFFBA, 0xFFBA, 0xFFDA, 0xFFBA,
    0xFFBA, 0xFFBA, 0xFFBA, 0xFFBA, 0xFFBA, 0xFFBA, 0xFFBA, 0xFFBA, 0xFF9A, 0xFFBA, 0xFF37, 0xF652, 0xF652, 0xF652, 0xF652, 0xF652,
    0xFED1, 0xFED2, 0xFED1, 0xFEB1, 0xFED1, 0xFED2, 0xFED2, 0xFEF2, 0xFEF2, 0xFF13, 0xFF33, 0xFF33, 0xFF13, 0xFF12, 0xFF32, 0xFF32,
    0xFF12, 0xFF73, 0xE650, 0x7286, 0x4942, 0x6A46, 0x6A67, 0x51C5, 0x3943, 0x3123, 0x3122, 0x3102, 0x3123, 0x2902, 0x2902, 0x2923,
    0x20E2, 0x18C1, 0x20C1, 0x20C2, 0x20E2, 0x20E2, 0x18C1, 0x10A1, 0x18C1, 0x2102, 0x2903, 0x3123, 0x3123, 0x3943, 0x3964, 0x3923,
    0x4984, 0x7A66, 0x7A66, 0x61A3, 0xBCEE, 0xFFFD, 0xFFFE, 0xFFFD, 0xFFFE, 0xFFFE, 0xFFFE, 0xFFFE, 0xFFFD, 0xFFFD, 0xFFFB, 0xFFFA,
    0xFFFC, 0xFFFD, 0xFFFD, 0xFFFD, 0xFFFD, 0xFFFE, 0xFFFD, 0xFFBB, 0xFF9A, 0xFF9A, 0xFF9A, 0xFFDB, 0xFFFD, 0xFFFC, 0xFFFD, 0xFFFD,
    0xFFDC, 0xFFBB, 0xFFBB, 0xFFFC, 0xFFFC, 0xFFFD, 0xFFFC, 0xFF9A, 0xFFBB, 0xFFFD, 0xFFDC, 0xFFBB, 0xFFBB, 0xFFDB, 0xFFDB, 0xFFBB,
    0xFFBB, 0xFFDC, 0xFFFC, 0xFFFC, 0xFFDC, 0xFFDB, 0xFFDB, 0xFFBB, 0xFFBB, 0xFFBB, 0xFF9A, 0xF759, 0xF739, 0xF739, 0xF739, 0xF739,
    0xFF59, 0xFF5A, 0xFFDC, 0xFFDC, 0xFFFD, 0xFFFD, 0xFFFD, 0xFFFD, 0xFFFD, 0xFFFD, 0xFFFC, 0xFFDB, 0xFF7A, 0xFF7A, 0xFF7A, 0xF739,
    0xF719, 0xF719, 0xF6F8, 0xF6D7, 0xEED7, 0xEED8, 0xF6D8, 0xF719, 0xFF7A, 0xFF7A, 0xF739, 0xEEB7, 0xEE97, 0xEEB7, 0xEEB7, 0xEEB7,
    0xF6D8, 0xF6F9, 0xF719, 0xFF7A, 0xFFBB, 0xFF9A, 0xF77A, 0xF739, 0xEEF8, 0xEEF8, 0xF6F9, 0xF739, 0xD636, 0x20A1, 0x1060, 0x10A1,
    0x18A1, 0x18A1, 0x18C1, 0x18C1, 0x18A1, 0x20C1, 0x20C2, 0x28E2, 0x28A0, 0x8389, 0xFFFA, 0xFFF9, 0xFFF9, 0xFFFA, 0xFFFA, 0xFFFA,
    0xFFF9, 0xFFF9, 0xFFF9, 0xFFF8, 0xFF95, 0xFF54, 0xFF54, 0xFF54, 0xFF54, 0xFF34, 0xFF33, 0xFF13, 0xFF54, 0xFF96, 0xFF54, 0xFF54,
    0xFF14, 0xFF14, 0xFEF3, 0xFEF3, 0xFEF3, 0xFED3, 0xFED3, 0xFED3, 0xFED3, 0xFED3, 0xFED3, 0xFEB2, 0xFED3, 0xFEB3, 0xFEB3, 0xFEF4,
    0xFF57, 0xFFBA, 0xFFBA, 0xFFB9, 0xFFB9, 0xFFB9, 0xFFBA, 0xFFBA, 0xFFBA, 0xFFBA, 0xFFBA, 0xFFDA, 0xFFDA, 0xFFDA, 0xFFDA, 0xFFBA,
    0xFFBA, 0xFFBA, 0xFFBA, 0xFFBA, 0xFFBA, 0xFFBA, 0xFFBA, 0xFFBA, 0xFFBA, 0xFFBA, 0xFF99, 0xFF58, 0xF694, 0xF632, 0xF653, 0xF652,
    0xFED1, 0xFED1, 0xFED1, 0xFEB1, 0xFED1, 0xFED2, 0xFED2, 0xFED2, 0xFEF2, 0xFF12, 0xFF12, 0xFF12, 0xFEF2, 0xFEF2, 0xFF12, 0xFEF1,
    0xFF73, 0xFF33, 0x93A9, 0x59A3, 0x6245, 0x6245, 0x5A05, 0x4163, 0x3963, 0x2902, 0x20E1, 0x20E1, 0x2902, 0x2902, 0x28E2, 0x2902,
    0x2902, 0x20E2, 0x10A1, 0x10A0, 0x18A1, 0x20E2, 0x18C1, 0x10A0, 0x18A1, 0x18A1, 0x2902, 0x3103, 0x2903, 0x3963, 0x41A4, 0x4184,
    0x4163, 0x7286, 0x82C7, 0x5984, 0xB4CD, 0xFFFC, 0xFFDA, 0xFFFA, 0xFFFD, 0xFFFE, 0xFFFE, 0xFFFE, 0xFFFE, 0xFFFD, 0xFFFB, 0xFFFB,
    0xFFFD, 0xFFFD, 0xFFFD, 0xFFFD, 0xFFFE, 0xFFFE, 0xFFBB, 0xFF9A, 0xFF9A, 0xFF7A, 0xFFBA, 0xFFFC, 0xFFFD, 0xFFDB, 0xFFDC, 0xFFFD,
    0xFFDC, 0xFFBB, 0xFFBB, 0xFFBB, 0xFFDB, 0xFFBB, 0xFFBA, 0xF7BA, 0xFFFC, 0xFFDC, 0xFF9B, 0xFF9B, 0xFFBB, 0xFFDC, 0xFFDC, 0xFFFC,
    0xFFFC, 0xFFFC, 0xFFDB, 0xFFDB, 0xFFBB, 0xFFBB, 0xFFBB, 0xFF9B, 0xFF9A, 0xFF7A, 0xF759, 0xFF39, 0xF739, 0xF719, 0xF6F8, 0xF6F8,
    0xF6F8, 0xF719, 0xF739, 0xF739, 0xFF9B, 0xFFFC, 0xFFFC, 0xFFFC, 0xFF9B, 0xFF7B, 0xFF7B, 0xFF7B, 0xFF7A, 0xFF9B, 0xFF9B, 0xF71A,
    0xF6F9, 0xF6F9, 0xEEB7, 0xEEB7, 0xEEB7, 0xEED7, 0xF6F8, 0xF719, 0xFF39, 0xF718, 0xFF59, 0xEEF8, 0xEE97, 0xEEB7, 0xEE97, 0xEEB7,
    0xF6D8, 0xF6F9, 0xF719, 0xF719, 0xF719, 0xF739, 0xF75A, 0xF75A, 0xF73A, 0xF719, 0xEED8, 0xEED8, 0xE697, 0xCDD4, 0xB511, 0x18A1,
    0x1860, 0x20C1, 0x18A1, 0x18C1, 0x20C1, 0x20C1, 0x28E2, 0x3122, 0x2880, 0x7B28, 0xFFFA, 0xFFF9, 0xFFF9, 0xFFF9, 0xFFF9, 0xFFF9,
    0xFFF9, 0xFFF9, 0xFFF9, 0xFFF9, 0xFFD7, 0xFF95, 0xFF54, 0xFF54, 0xFF54, 0xFF54, 0xFF34, 0xFF33, 0xFF98, 0xFFDB, 0xFFB8, 0xFF99,
    0xFF33, 0xFF34, 0xFF14, 0xFF14, 0xFEF3, 0xFEF3, 0xFED3, 0xFED3, 0xFED4, 0xFED3, 0xFED3, 0xFEB3, 0xFEB3, 0xFEB3, 0xFEB2, 0xFE92,
    0xFEB3, 0xFF77, 0xFF99, 0xFF99, 0xFF99, 0xFF99, 0xFFB9, 0xFFDA, 0xFFBA, 0xFFBA, 0xFFDA, 0xFFDA, 0xFFDA, 0xFFDA, 0xFFDA, 0xFFBA,
    0xFFBA, 0xFFBA, 0xFFBA, 0xFFBA, 0xFFBA, 0xFFBA, 0xFFBA, 0xFFBA, 0xFFBA, 0xFFBA, 0xFFBA, 0xFFBA, 0xFF58, 0xF6F5, 0xF673, 0xFE52,
    0xFED1, 0xFED1, 0xFED1, 0xFED1, 0xFED2, 0xFED2, 0xFED2, 0xFED2, 0xFED2, 0xFED2, 0xFEF2, 0xFEF2, 0xFED1, 0xFF33, 0xFF73, 0xFF94,
    0xDE0F, 0x9BC9, 0x61E4, 0x6A45, 0x6225, 0x5A25, 0x51E5, 0x3963, 0x3964, 0x20E1, 0x18C0, 0x20C1, 0x18C1, 0x20C1, 0x20C1, 0x20E2,
    0x2902, 0x2902, 0x10A1, 0x0860, 0x1080, 0x1080, 0x1080, 0x10A0, 0x18A1, 0x18A1, 0x18C1, 0x20C1, 0x20A1, 0x3122, 0x4184, 0x3963,
    0x4163, 0x7266, 0x7A86, 0x5183, 0xB4CE, 0xFFFE, 0xFFDA, 0xFFFA, 0xFFFD, 0xFFFE, 0xFFFE, 0xFFFE, 0xFFFE, 0xFFFD, 0xFFFC, 0xFFFD,
    0xFFFE, 0xFFFE, 0xFFFD, 0xFFFE, 0xFFFD, 0xFFFD, 0xFFBB, 0xFF9A, 0xFF9A, 0xFF9A, 0xFFBB, 0xFFFC, 0xFFFD, 0xFFBB, 0xFFBB, 0xFFDC,
    0xFFBB, 0xFFBB, 0xFFBB, 0xFFBB, 0xFFBB, 0xFFBB, 0xFFBB, 0xFFFD, 0xFFFD, 0xFFBB, 0xFF7B, 0xFF9B, 0xFF7A, 0xFF9A, 0xFFFC, 0xFFFC,
    0xFFDB, 0xFFDB, 0xFFDB, 0xFFDB, 0xFF7A, 0xF75A, 0xFF7A, 0xFF7A, 0xFF5A, 0xF759, 0xF739, 0xF739, 0xF739, 0xEED8, 0xEEB7, 0xEEB7,
    0xEEB7, 0xF6F8, 0xF6F9, 0xF6F8, 0xF719, 0xF739, 0xF739, 0xF739, 0xFF7A, 0xFF7A, 0xFF7B, 0xFF7B, 0xFF7A, 0xFF5A, 0xF73A, 0xF719,
    0xF6F9, 0xF6F9, 0xEEB7, 0xEE97, 0xEEB7, 0xEEB7, 0xF6F8, 0xF6F8, 0xF6F8, 0xF718, 0xF739, 0xF6F8, 0xEEB7, 0xEEB7, 0xEE97, 0xEE97,
    0xF6D8, 0xF6F9, 0xF6F9, 0xF6F9, 0xF75A, 0xF77A, 0xFF9A, 0xF739, 0xEEF8, 0xEEB8, 0xEEB8, 0xEEB8, 0xEED8, 0xF719, 0xEEB8, 0xBD53,
    0x5A67, 0x0820, 0x20E2, 0x20C1, 0x28E2, 0x3122, 0x3102, 0x38E1, 0x59E3, 0xC590, 0xFFFA, 0xFFFA, 0xFFFA, 0xFFFA, 0xFFFA, 0xFFFA,
    0xFFF9, 0xFFF9, 0xFFF9, 0xFFF9, 0xFFF9, 0xFFD7, 0xFF74, 0xFF54, 0xFF54, 0xFF54, 0xFF54, 0xFF53, 0xFF75, 0xFF96, 0xFF55, 0xFF55,
    0xFF34, 0xFF34, 0xFF13, 0xFF13, 0xFEF4, 0xFEF4, 0xFEF3, 0xFED3, 0xFED3, 0xFEB3, 0xFEB3, 0xFEB3, 0xFEB3, 0xFEB3, 0xFE92, 0xFE92,
    0xFE93, 0xFE72, 0xFF16, 0xFF99, 0xFF98, 0xFF98, 0xFFB9, 0xFFBA, 0xFFBA, 0xFFBA, 0xFFDA, 0xFFDA, 0xFFDA, 0xFFDA, 0xFFDA, 0xFFBA,
    0xFFBA, 0xFFDA, 0xFFBA, 0xFFBA, 0xFFBA, 0xFFBA, 0xFFBA, 0xFFBA, 0xFFBA, 0xFF9A, 0xFFBA, 0xFF9A, 0xFFBA, 0xFF99, 0xF6B5, 0xF694,
    0xFED1, 0xFED1, 0xFED1, 0xFED2, 0xFED2, 0xFED2, 0xFED2, 0xFED2, 0xFED2, 0xFED1, 0xFED1, 0xFED1, 0xFF74, 0xBCED, 0x8307, 0x9389,
    0x7245, 0x5182, 0x7286, 0x6225, 0x51E4, 0x51E5, 0x4163, 0x3143, 0x2902, 0x20E1, 0x18C0, 0x20C1, 0x20E2, 0x18C1, 0x18A1, 0x18C1,
    0x20E2, 0x20E2, 0x2102, 0x20E2, 0x0860, 0x0860, 0x0860, 0x10A1, 0x18A1, 0x18A1, 0x18C1, 0x18A1, 0x18A1, 0x20C1, 0x20E2, 0x28E2,
    0x3943, 0x49A4, 0x30E1, 0x30E1, 0x9B88, 0xE673, 0xFFDA, 0xFFDA, 0xFFFD, 0xFFFD, 0xFFFE, 0xFFFE, 0xFFFD, 0xFFFE, 0xFFFD, 0xFFFD,
    0xFFFD, 0xFFFD, 0xFFFD, 0xFFFD, 0xFFDC, 0xFFBB, 0xFFBB, 0xFF9A, 0xFF9A, 0xFF7A, 0xFFBB, 0xFFFC, 0xFFFD, 0xFFBB, 0xFF9B, 0xFFBB,
    0xFFBB, 0xFF9B, 0xFF9B, 0xFFBB, 0xFFBB, 0xFFBB, 0xFFFC, 0xFFFC, 0xFFDB, 0xFF9B, 0xFF9B, 0xFF9A, 0xF739, 0xFF7A, 0xFFDB, 0xFFDB,
    0xFF9B, 0xFF9A, 0xFFBB, 0xFFBB, 0xF75A, 0xF719, 0xFF39, 0xFF59, 0xFF5A, 0xFF5A, 0xFF5A, 0xFF59, 0xEEF8, 0xEEB7, 0xEEB7, 0xEEB7,
    0xEEB7, 0xEEB7, 0xEEB7, 0xEEB7, 0xEED8, 0xF6F8, 0xEEF8, 0xF6F8, 0xF719, 0xF719, 0xF719, 0xFF5A, 0xFF7A, 0xF73A, 0xF719, 0xFF19,
    0xF6D8, 0xEEB7, 0xEEB7, 0xEEB6, 0xEE96, 0xEEB7, 0xF6F8, 0xF719, 0xF739, 0xF6F8, 0xEEB7, 0xEEB7, 0xEE76, 0xEE76, 0xEE76, 0xEE97,
    0xF6B7, 0xF6F8, 0xF6F9, 0xF6F9, 0xFF5A, 0xFF7A, 0xF75A, 0xEED8, 0xEEB8, 0xEEB8, 0xEEF9, 0xFF3A, 0xF719, 0xE6B7, 0xEED8, 0xFF5A,
    0xCDD4, 0xACB0, 0x3943, 0x1880, 0x3102, 0x28A0, 0x49A2, 0x6A86, 0xDEB5, 0xFFFB, 0xFFF9, 0xFFFA, 0xFFFA, 0xFFFA, 0xFFFA, 0xFFFA,
    0xFFFA, 0xFFF9, 0xFFF9, 0xFFF9, 0xFFF9, 0xFFF9, 0xFFF8, 0xFF95, 0xFF74, 0xFF54, 0xFF54, 0xFF54, 0xFF54, 0xFF53, 0xFF54, 0xFF33,
    0xFF34, 0xFF34, 0xFF13, 0xFEF3, 0xFEF3, 0xFEF4, 0xFED4, 0xFED4, 0xFEB3, 0xFEB3, 0xFE92, 0xFEB2, 0xFE93, 0xFE93, 0xFE92, 0xFEB3,
    0xFE93, 0xFE72, 0xFE72, 0xFF15, 0xFF98, 0xFF78, 0xFF78, 0xFF78, 0xFF98, 0xFFB9, 0xFFB9, 0xFFB9, 0xFFB9, 0xFFB9, 0xFFBA, 0xFFBA,
    0xFFBA, 0xFFBA, 0xFFBA, 0xFFBA, 0xFFBA, 0xFFBA, 0xFFBA, 0xFFBA, 0xFF9A, 0xFF9A, 0xFF9A, 0xFFBA, 0xFFBA, 0xFFBA, 0xFFBA, 0xFF98,
    0xFEB1, 0xFEB2, 0xFED2, 0xFED2, 0xFED2, 0xFED2, 0xFEF3, 0xFEF3, 0xFEF3, 0xFEF3, 0xFF13, 0xF6D2, 0xD610, 0x7286, 0x4101, 0x5183,
    0x6224, 0x72A6, 0x6245, 0x5A05, 0x49A4, 0x41A4, 0x3963, 0x3143, 0x20E2, 0x20E2, 0x20E2, 0x20E2, 0x2903, 0x20E2, 0x18C1, 0x18A1,
    0x1080, 0x20E2, 0x20E2, 0x2903, 0x20E2, 0x1080, 0x0860, 0x1081, 0x18A1, 0x18C1, 0x18C1, 0x18A1, 0x18A1, 0x20C2, 0x20C2, 0x20C1,
    0x3123, 0x1860, 0x8BED, 0xCE13, 0xD5B2, 0xE674, 0xFFFB, 0xFFFC, 0xFFFD, 0xFFFD, 0xFFFE, 0xFFFE, 0xFFFE, 0xFFFE, 0xFFFE, 0xFFFD,
    0xFFDC, 0xFFDB, 0xFFDB, 0xFFDB, 0xFFDB, 0xFFBB, 0xFFBA, 0xFF9A, 0xFF9A, 0xFF9B, 0xFFBB, 0xFFDC, 0xFFDC, 0xFF9B, 0xFFBB, 0xFFDC,
    0xFFBC, 0xFF9B, 0xFFBB, 0xFFFB, 0xFFFC, 0xFFFC, 0xFFFC, 0xF79A, 0xF75A, 0xF77A, 0xFF9B, 0xFF7A, 0xF719, 0xFF59, 0xFF79, 0xFF79,
    0xFF5A, 0xFF59, 0xFF59, 0xFF5A, 0xF759, 0xF739, 0xF719, 0xF6F8, 0xF6F8, 0xF739, 0xF739, 0xF719, 0xEEB7, 0xEE97, 0xEE97, 0xEE97,
    0xEE97, 0xEE97, 0xEE97, 0xEE97, 0xEEF8, 0xF738, 0xF718, 0xF718, 0xF6D8, 0xF6D8, 0xF6D8, 0xF6F8, 0xF719, 0xF6F9, 0xF6F8, 0xF6F8,
    0xEEB7, 0xEE96, 0xEE96, 0xEE96, 0xEE96, 0xEE97, 0xF6D8, 0xF719, 0xF719, 0xEEB7, 0xEE96, 0xEE76, 0xE676, 0xEE76, 0xE675, 0xEE96,
    0xEE97, 0xEEB7, 0xF6B8, 0xEEB8, 0xF6D8, 0xEED8, 0xF6F9, 0xF6F9, 0xF6F9, 0xF719, 0xF719, 0xF73A, 0xEED8, 0xE6B7, 0xEED8, 0xEEB8,
    0xF6F8, 0xF6D7, 0xC531, 0x5A06, 0x28A0, 0x942C, 0xD674, 0xFFFA, 0xFFFA, 0xFFDA, 0xFFFA, 0xFFF9, 0xFFF9, 0xFFFA, 0xFFFA, 0xFFFA,
    0xFFFA, 0xFFFA, 0xFFFA, 0xFFFA, 0xFFF9, 0xFFFA, 0xFFFA, 0xFFD8, 0xFF96, 0xFF54, 0xFF54, 0xFF54, 0xFF54, 0xFF34, 0xFF34, 0xFF34,
    0xFF33, 0xFF34, 0xFF13, 0xFEF3, 0xFED3, 0xFED3, 0xFED3, 0xFED3, 0xFED3, 0xFED3, 0xFEB3, 0xFEB3, 0xFE93, 0xFE93, 0xFE92, 0xFEB3,
    0xFE92, 0xFE72, 0xFE72, 0xFE72, 0xFF36, 0xFF98, 0xFF78, 0xFF78, 0xFF98, 0xFF98, 0xFF98, 0xFFB8, 0xFFB9, 0xFF99, 0xFFB9, 0xFFBA,
    0xFFBA, 0xFFBA, 0xFFBA, 0xFFBA, 0xFFBA, 0xFFBA, 0xFFBA, 0xFFB9, 0xFF99, 0xFF99, 0xFF99, 0xFF37, 0xF6D6, 0xFEF6, 0xF6F6, 0xFEF6,
    0xFEF2, 0xFEF3, 0xFF35, 0xFF76, 0xFF76, 0xFF76, 0xFF76, 0xFF97, 0xFF97, 0xFF97, 0xFFB7, 0xEF16, 0x51A3, 0x59E4, 0x7AC7, 0x7AC7,
    0x7286, 0x6245, 0x4163, 0x3122, 0x3143, 0x3123, 0x3123, 0x2923, 0x20E2, 0x18C1, 0x18C1, 0x2903, 0x2903, 0x2102, 0x20E2, 0x18A1,
    0x1881, 0x18C2, 0x20C2, 0x18C2, 0x20E2, 0x10A1, 0x1080, 0x0880, 0x10A0, 0x10A1, 0x18C1, 0x18A1, 0x10A1, 0x20E2, 0x20C1, 0x18C1,
    0x2902, 0x1040, 0xBD72, 0xFFFC, 0xFFFF, 0xFFFE, 0xFFFD, 0xFFFD, 0xFFFD, 0xFFFE, 0xFFFE, 0xFFFE, 0xFFFE, 0xFFFE, 0xFFFE, 0xFFFE,
    0xFFDB, 0xFFDB, 0xFFDB, 0xFFDB, 0xFFDB, 0xFFDB, 0xFF9A, 0xFF9A, 0xFFBB, 0xFFDB, 0xFFDB, 0xFFBB, 0xFFBB, 0xFFBB, 0xFFDC, 0xFFDC,
    0xFFBB, 0xFF9B, 0xFFBB, 0xFFBB, 0xFF9B, 0xFFBB, 0xFFFC, 0xF77A, 0xF739, 0xF739, 0xF759, 0xF739, 0xF719, 0xFF59, 0xFF59, 0xFF59,
    0xFF39, 0xF739, 0xF739, 0xF739, 0xF739, 0xF6F8, 0xEEB7, 0xEEB7, 0xF6B7, 0xEE97, 0xEEB7, 0xEE96, 0xEE76, 0xEE97, 0xEE97, 0xEE76,
    0xEE76, 0xE676, 0xEE96, 0xEEB7, 0xEEB6, 0xEEB7, 0xEEB7, 0xEEB7, 0xEEB7, 0xEE97, 0xEE97, 0xEE97, 0xEE97, 0xEE96, 0xEE96, 0xEE96,
    0xEE96, 0xEE96, 0xEE96, 0xEE96, 0xEE96, 0xEE96, 0xEE76, 0xEE96, 0xEE96, 0xEE76, 0xEE76, 0xEE76, 0xEE76, 0xEE76, 0xEE76, 0xEE96,
    0xEE97, 0xEE97, 0xEE97, 0xEE97, 0xEEB7, 0xEEB7, 0xF6F8, 0xF719, 0xF719, 0xF719, 0xF719, 0xF719, 0xEEB7, 0xE6B7, 0xEEB7, 0xF6D8,
    0xEEB7, 0xEE97, 0xFED7, 0xB4AF, 0x8BAA, 0xE6B5, 0xFFB9, 0xFFFA, 0xFFFA, 0xFFFA, 0xFFF9, 0xFFF9, 0xFFF9, 0xFFFA, 0xFFFA, 0xFFFA,
    0xFFFA, 0xFFFA, 0xFFFA, 0xFFFA, 0xFFFA, 0xFFFA, 0xFFFA, 0xFFFA, 0xFFD8, 0xFF95, 0xFF54, 0xFF54, 0xFF54, 0xFF34, 0xFF34, 0xFF34,
    0xFF34, 0xFF34, 0xFF14, 0xFEF3, 0xFED3, 0xFEB3, 0xFEB3, 0xFED3, 0xFEF4, 0xFEF3, 0xFED3, 0xFEB3, 0xFEB3, 0xFE93, 0xFE92, 0xFE93,
    0xFE72, 0xFE72, 0xFE72, 0xFE72, 0xFE93, 0xFED4, 0xFF98, 0xFF99, 0xFF98, 0xFF98, 0xFF98, 0xFFB9, 0xFFB9, 0xFF99, 0xFFB9, 0xFF99,
    0xFF99, 0xFF99, 0xFF99, 0xFF37, 0xFF37, 0xFF37, 0xFF57, 0xFF36, 0xF6D4, 0xFED5, 0xFED5, 0xF694, 0xF673, 0xF673, 0xF673, 0xF673,
    0xFFD7, 0xFFD7, 0xFFD8, 0xFFD8, 0xFFF8, 0xFFF9, 0xFFF9, 0xFFF9, 0xFFF9, 0xFFFA, 0xCDD1, 0x72A6, 0x6A66, 0x7286, 0x72A6, 0x6225,
    0x4983, 0x3922, 0x3122, 0x3123, 0x3164, 0x2923, 0x20E2, 0x20E2, 0x18E2, 0x10A0, 0x18C1, 0x2902, 0x20E2, 0x20E2, 0x20E2, 0x20E2,
    0x18A1, 0x18C2, 0x18C2, 0x18C2, 0x18C2, 0x18E2, 0x18C1, 0x0860, 0x0880, 0x10A1, 0x10A1, 0x10A1, 0x10A1, 0x18C1, 0x18C1, 0x1060,
    0x1040, 0x0800, 0xB531, 0xFFFB, 0xFFDC, 0xFFFD, 0xFFFE, 0xFFFD, 0xFFFD, 0xFFFD, 0xFFFD, 0xFFFD, 0xFFFD, 0xFFFD, 0xFFFD, 0xFFFE,
    0xFFFC, 0xFFDB, 0xFFDB, 0xFFDB, 0xFFDB, 0xFFDB, 0xFFBB, 0xFFBB, 0xFFFC, 0xFFFC, 0xFFFC, 0xFFBB, 0xFFBB, 0xFFDC, 0xFFDD, 0xF77A,
    0xFF5A, 0xFF9A, 0xFFBB, 0xFF7A, 0xF739, 0xFF5A, 0xFFDB, 0xFF7A, 0xF739, 0xF739, 0xF739, 0xFF39, 0xF718, 0xF739, 0xF739, 0xFF39,
    0xF6F8, 0xEE97, 0xEED8, 0xFF5A, 0xFF59, 0xF6F8, 0xE676, 0xEE97, 0xEE96, 0xE675, 0xE676, 0xE655, 0xE655, 0xE655, 0xE655, 0xE655,
    0xEE76, 0xEE76, 0xEE76, 0xEE96, 0xEE96, 0xEEB6, 0xEEB6, 0xEEB6, 0xEE96, 0xEE96, 0xEE96, 0xEE76, 0xEE96, 0xEE96, 0xEE96, 0xEE76,
    0xEE76, 0xE676, 0xEE96, 0xE655, 0xEE76, 0xEE96, 0xE675, 0xEE76, 0xEE76, 0xEE76, 0xEE76, 0xEE76, 0xEE96, 0xEE76, 0xEE76, 0xEE76,
    0xEE97, 0xF697, 0xEE97, 0xEEB7, 0xEEB7, 0xEEB7, 0xEEB7, 0xEEB7, 0xEED8, 0xEED8, 0xEEB7, 0xEEB7, 0xEEB7, 0xE6B7, 0xEEB7, 0xEEB7,
    0xEEB7, 0xEE97, 0xE676, 0xF6D7, 0xEE75, 0xC46D, 0xC4EE, 0xF7B9, 0xFFDA, 0xFFFA, 0xFFFA, 0xFFF9, 0xFFF9, 0xFFFA, 0xFFFA, 0xFFFA,
    0xFFFA, 0xFFFA, 0xFFFA, 0xFFFA, 0xFFFA, 0xFFFA, 0xFFFA, 0xFFFA, 0xFFF9, 0xFFD8, 0xFF95, 0xFF54, 0xFF54, 0xFF34, 0xFF33, 0xFF33,
    0xFF33, 0xFF34, 0xFF14, 0xFEF3, 0xFED3, 0xFEB3, 0xFEB3, 0xFED3, 0xFED3, 0xFED3, 0xFEB3, 0xFEB3, 0xFE93, 0xFE93, 0xFE92, 0xFE92,
    0xFE72, 0xFE72, 0xFE72, 0xFE72, 0xFE72, 0xFE93, 0xFF36, 0xFF98, 0xFF98, 0xFF98, 0xFF97, 0xFF98, 0xFF98, 0xFF98, 0xFF16, 0xFE94,
    0xFEB4, 0xFEB4, 0xFEB4, 0xF673, 0xFE93, 0xFE93, 0xFE93, 0xFE93, 0xFE93, 0xFE93, 0xFE73, 0xF693, 0xF693, 0xFE73, 0xFE93, 0xFE93,
    0xFFF8, 0xFFF8, 0xFFF8, 0xFFF8, 0xFFF8, 0xFFF8, 0xFFF8, 0xFFF8, 0xFFD8, 0xFFF9, 0xACEE, 0x4942, 0x7AC7, 0x5A25, 0x51C4, 0x49A4,
    0x3963, 0x20E2, 0x20E1, 0x2902, 0x3143, 0x2903, 0x2102, 0x20E2, 0x18E2, 0x10A0, 0x18C1, 0x20E2, 0x20E2, 0x20C2, 0x18C2, 0x18C2,
    0x18A2, 0x10A1, 0x10A1, 0x18C2, 0x18C2, 0x18C2, 0x18C2, 0x0880, 0x0880, 0x0880, 0x0880, 0x1081, 0x10A1, 0x18C1, 0x18A1, 0x39A5,
    0x5A88, 0xACD0, 0xD613, 0xF79A, 0xFFFD, 0xFFFD, 0xFFFD, 0xFFFD, 0xFFFE, 0xFFFD, 0xFFFC, 0xFFDB, 0xFFDC, 0xFFFD, 0xFFFC, 0xFFDC,
    0xFFFC, 0xFFFB, 0xFFDB, 0xFFBB, 0xFF9A, 0xFFBA, 0xFFFC, 0xFFFD, 0xFFFD, 0xFFFD, 0xFFFC, 0xFF9B, 0xFF9A, 0xFFBB, 0xFFDC, 0xFF7A,
    0xF739, 0xF739, 0xF75A, 0xF75A, 0xF739, 0xF719, 0xF739, 0xFF5A, 0xF739, 0xF739, 0xF718, 0xEEB7, 0xEEB7, 0xEE96, 0xEE96, 0xEE97,
    0xEE97, 0xEE96, 0xEEB7, 0xF6F8, 0xF6F8, 0xEEB7, 0xE676, 0xE656, 0xE655, 0xE675, 0xE655, 0xE655, 0xE634, 0xE634, 0xE634, 0xE634,
    0xDE14, 0xDE14, 0xE676, 0xEE96, 0xE676, 0xE676, 0xEE76, 0xEE76, 0xEE96, 0xEE96, 0xEE76, 0xEE96, 0xEE96, 0xEE76, 0xEE76, 0xE675,
    0xE655, 0xE675, 0xEE96, 0xE614, 0xDDD2, 0xDDD2, 0xE634, 0xEE76, 0xEE76, 0xEE76, 0xEE76, 0xE655, 0xE635, 0xEE96, 0xEE76, 0xEE55,
    0xEE76, 0xF697, 0xF697, 0xF6B7, 0xF6B7, 0xEE97, 0xF6D8, 0xF739, 0xF739, 0xEED8, 0xEE97, 0xEE97, 0xEEB7, 0xEE97, 0xEEB7, 0xF719,
    0xF719, 0xEE97, 0xEE96, 0xEE76, 0xEE76, 0xF6B7, 0xDDB2, 0xCCED, 0xDD2D, 0xF798, 0xFFFB, 0xFFFA, 0xFFF9, 0xFFF9, 0xFFFA, 0xFFFB,
    0xFFFA, 0xFFFA, 0xFFFA, 0xFFFA, 0xFFFA, 0xFFFA, 0xFFFA, 0xFFFA, 0xFFFA, 0xFFF9, 0xFFD8, 0xFF75, 0xFF54, 0xFF54, 0xFF34, 0xFF33,
    0xFF33, 0xFF34, 0xFF14, 0xFEF3, 0xFEF3, 0xFED3, 0xFED3, 0xFED3, 0xFEB3, 0xFEB3, 0xFEB3, 0xFEB3, 0xFE93, 0xFE93, 0xFE92, 0xFE92,
    0xFE92, 0xFE93, 0xFE93, 0xFE93, 0xFEB4, 0xFEF5, 0xFEF5, 0xFF57, 0xFF57, 0xFED4, 0xFEF4, 0xFEB4, 0xFED4, 0xFED4, 0xFEB3, 0xFE73,
    0xFE73, 0xFE73, 0xFE73, 0xFE73, 0xFE73, 0xFE73, 0xFE73, 0xFE93, 0xFE93, 0xFE93, 0xFE93, 0xF693, 0xF673, 0xF673, 0xFE74, 0xFE94,
    0xFFF8, 0xFFF8, 0xFFF8, 0xFFF8, 0xFFF8, 0xFFF8, 0xFFF8, 0xFFF8, 0xFFF8, 0xFFFB, 0xACEE, 0x4942, 0x7AA7, 0x51C4, 0x4183, 0x3963,
    0x2922, 0x18A1, 0x18C1, 0x18A1, 0x18E2, 0x2102, 0x20E2, 0x20E2, 0x20E2, 0x10A1, 0x18C2, 0x20E3, 0x20E2, 0x18A2, 0x18A2, 0x18C2,
    0x18C2, 0x1081, 0x1081, 0x18C2, 0x18A2, 0x18A2, 0x18C2, 0x10A1, 0x0860, 0x0880, 0x0880, 0x1081, 0x10A1, 0x18C2, 0x0840, 0xB552,
    0xFFFD, 0xF739, 0xF79A, 0xFFDC, 0xFFFD, 0xFFFD, 0xFFFD, 0xFFFD, 0xFFFE, 0xFFFE, 0xFFFD, 0xFFBB, 0xFFBB, 0xFFFC, 0xFFBC, 0xFF9B,
    0xFFFC, 0xFFDB, 0xFF9A, 0xFF7A, 0xFF7A, 0xFF7A, 0xFF9B, 0xFFFC, 0xFFFC, 0xFFFC, 0xFFDC, 0xFF9B, 0xFF9A, 0xFF79, 0xFF9A, 0xF779,
    0xF739, 0xF739, 0xFF7A, 0xFF7A, 0xF739, 0xEED8, 0xEED7, 0xF6F8, 0xF718, 0xF739, 0xF718, 0xEE96, 0xE655, 0xE655, 0xE655, 0xEE76,
    0xEE96, 0xEE97, 0xEE97, 0xEE97, 0xEEB7, 0xEE97, 0xF6D7, 0xE655, 0xD5D3, 0xDDD3, 0xDDF4, 0xE5F4, 0xE5F4, 0xDDF4, 0xE5F4, 0xE5F4,
    0xD592, 0xCD10, 0xCCEF, 0xCD50, 0xDE14, 0xE655, 0xE655, 0xE655, 0xE655, 0xEE55, 0xEE75, 0xE675, 0xE675, 0xE675, 0xE655, 0xE634,
    0xE635, 0xE614, 0xE635, 0xEE55, 0xDDD2, 0xCD50, 0xE613, 0xEE75, 0xEE55, 0xEE55, 0xEE96, 0xDDF4, 0xD592, 0xF696, 0xEE96, 0xE635,
    0xE635, 0xF697, 0xF697, 0xF6B7, 0xF6B7, 0xEE97, 0xEE97, 0xF739, 0xFF9A, 0xEED8, 0xEE97, 0xEE97, 0xEE97, 0xF6D8, 0xFF19, 0xFF3A,
    0xFF19, 0xEE97, 0xEE96, 0xEE97, 0xEE97, 0xEE97, 0xEEB7, 0xEE55, 0xD4AC, 0xF799, 0xFFFC, 0xFFFA, 0xFFFA, 0xFFFA, 0xFFFA, 0xFFFB,
    0xFFFB, 0xFFFA, 0xFFFA, 0xFFFA, 0xFFFA, 0xFFFA, 0xFFFA, 0xFFFA, 0xFFFA, 0xFFFA, 0xFFFA, 0xFFD8, 0xFF96, 0xFF54, 0xFF54, 0xFF34,
    0xFF33, 0xFF34, 0xFF14, 0xFF14, 0xFEF3, 0xFED3, 0xFED3, 0xFEB3, 0xFEB3, 0xFED3, 0xFED3, 0xFED4, 0xFED4, 0xFED3, 0xFED3, 0xFEB3,
    0xFF15, 0xFF77, 0xFF58, 0xFF57, 0xFF58, 0xFFB9, 0xFFB9, 0xFF99, 0xFF36, 0xFEB4, 0xFE93, 0xFE93, 0xFE93, 0xFE93, 0xFEB3, 0xFEB3,
    0xFE73, 0xFE73, 0xFE73, 0xFE73, 0xFE73, 0xF653, 0xFE93, 0xFE94, 0xFE94, 0xF673, 0xF673, 0xFE94, 0xFE94, 0xF674, 0xFE74, 0xFE94,
    0xFFF8, 0xFFF8, 0xFFF8, 0xFFF8, 0xFFF8, 0xFFF8, 0xFFF8, 0xFFF9, 0xF777, 0xCE13, 0x8BAA, 0x5183, 0x7287, 0x51C4, 0x4183, 0x3963,
    0x20E1, 0x18A1, 0x18A1, 0x18A1, 0x18A1, 0x1081, 0x18A1, 0x18C2, 0x18A2, 0x1081, 0x18A1, 0x20E3, 0x2103, 0x20E2, 0x18C2, 0x18C2,
    0x18C2, 0x1081, 0x1081, 0x10A1, 0x1081, 0x10A1, 0x10A1, 0x1081, 0x0860, 0x1060, 0x1081, 0x1081, 0x1080, 0x10C1, 0x1060, 0x6AEA,
    0xDE76, 0xF738, 0xFFDB, 0xFFFD, 0xFFFD, 0xFFFD, 0xFFFE, 0xFFFD, 0xFFFD, 0xFFFD, 0xFFFE, 0xFFFC, 0xFF9B, 0xFFBB, 0xFFBB, 0xFF9B,
    0xFFDB, 0xFFDB, 0xFF7A, 0xFF7A, 0xFF7A, 0xFFBB, 0xFFBB, 0xFFDB, 0xFFFC, 0xFFFC, 0xFFDB, 0xFF9B, 0xFF9A, 0xF779, 0xF759, 0xF759,
    0xF6F8, 0xF6F8, 0xF718, 0xF719, 0xF718, 0xEED7, 0xEEB7, 0xEE97, 0xEE96, 0xEEB7, 0xEEB6, 0xE676, 0xE655, 0xD591, 0xDDD3, 0xE676,
    0xEE76, 0xEE76, 0xEE76, 0xEE76, 0xEE76, 0xE656, 0xBCEF, 0xA3EB, 0xC4EF, 0xCD51, 0xD572, 0xDDF3, 0xDDF3, 0xD571, 0xD571, 0xCD51,
    0xDDB3, 0xABEA, 0x7981, 0x8203, 0xBC8D, 0xC510, 0xC510, 0xCD51, 0xDDF3, 0xE5F4, 0xE614, 0xE614, 0xE5F4, 0xE614, 0xE614, 0xDDD2,
    0xDDD2, 0xE614, 0xE614, 0xE635, 0xE635, 0xDDD3, 0xD592, 0xDDD3, 0xDDD2, 0xE634, 0xF696, 0xDDF3, 0xD592, 0xF696, 0xEE96, 0xE655,
    0xEE55, 0xEE76, 0xEE56, 0xE656, 0xEE97, 0xEE97, 0xF6F8, 0xFF39, 0xF739, 0xEE97, 0xEE97, 0xEE97, 0xEEB7, 0xF6D8, 0xF6D8, 0xF719,
    0xEEB7, 0xEE97, 0xEE97, 0xF6D8, 0xF6D8, 0xEEB7, 0xEEB7, 0xEE96, 0xDD91, 0xDDB1, 0xD54D, 0xF777, 0xFFFA, 0xFFFA, 0xFFFA, 0xFFFA,
    0xFFFA, 0xFFFA, 0xFFFA, 0xFFFA, 0xFFFA, 0xFFFA, 0xFFFA, 0xFFFA, 0xFFFA, 0xFFF9, 0xFFFA, 0xFFFA, 0xFFD8, 0xFF75, 0xFF54, 0xFF34,
    0xFF33, 0xFF13, 0xFF14, 0xFF14, 0xFEF3, 0xFEF3, 0xFEF3, 0xFF15, 0xFF15, 0xFF15, 0xFF15, 0xFF77, 0xFFB9, 0xFF98, 0xFF98, 0xFF98,
    0xFF99, 0xFFBA, 0xFFDA, 0xFFBA, 0xFFDA, 0xFFBA, 0xFFBA, 0xFFBA, 0xFFBA, 0xFF57, 0xF6B3, 0xFE93, 0xFE93, 0xFE93, 0xFE93, 0xFE93,
    0xFE73, 0xFE73, 0xFE73, 0xFE73, 0xFE73, 0xF673, 0xFE94, 0xFEB4, 0xFE94, 0xF673, 0xF673, 0xFE94, 0xFE94, 0xFE94, 0xFE94, 0xFE94,
    0xFFF8, 0xFFF8, 0xFFF8, 0xFFF8, 0xFFF8, 0xFFF8, 0xFFD8, 0xFFF9, 0xE6D6, 0x4962, 0x6204, 0x7286, 0x7286, 0x49A4, 0x3963, 0x5226,
    0x41A4, 0x20E1, 0x18A1, 0x18A1, 0x18A1, 0x18C2, 0x18C2, 0x18C2, 0x18C2, 0x18C2, 0x18C2, 0x20E2, 0x2103, 0x20E3, 0x18A2, 0x10A1,
    0x18E2, 0x1081, 0x0880, 0x10A1, 0x0860, 0x0880, 0x10A1, 0x1080, 0x0860, 0x0860, 0x1081, 0x1081, 0x1080, 0x1080, 0x18C1, 0x0000,
    0x9C6E, 0xFF9A, 0xFF9A, 0xFFFC, 0xFFFD, 0xFFFD, 0xFFFE, 0xFFFD, 0xFFFC, 0xFFBB, 0xFFDC, 0xFFFD, 0xFF9B, 0xFF9A, 0xFF9B, 0xFF9A,
    0xFFDB, 0xFFDB, 0xFF7A, 0xFF7A, 0xFF7A, 0xFFBB, 0xFFFC, 0xFFFC, 0xFFDB, 0xFFBB, 0xFFBB, 0xFF9B, 0xFF9A, 0xF77A, 0xF779, 0xF779,
    0xEEF8, 0xEED7, 0xEEB7, 0xEED7, 0xEEB7, 0xEE97, 0xEE96, 0xEE76, 0xE676, 0xEE96, 0xE675, 0xDE14, 0xDDF3, 0xB44C, 0xCD71, 0xE676,
    0xEE76, 0xEE76, 0xEE76, 0xE655, 0xE614, 0xDDF3, 0xBCAE, 0x61A2, 0x8B08, 0xC4F0, 0xCD72, 0xD5B3, 0xDDF3, 0xD571, 0xD572, 0xDDB3,
    0xC4AE, 0x9AE6, 0x81A1, 0x89E2, 0x81E2, 0x81E2, 0x79C1, 0x92C6, 0xDD71, 0xD571, 0xD551, 0xD530, 0xDD70, 0xC4AE, 0xBC4C, 0xB40B,
    0xD550, 0xE614, 0xE635, 0xDDF4, 0xE614, 0xEE55, 0xCD51, 0xD592, 0xD591, 0xE634, 0xF696, 0xD5B2, 0xD592, 0xF6B7, 0xF697, 0xEE76,
    0xEE76, 0xEE55, 0xDDF4, 0xE655, 0xEE96, 0xF6F8, 0xFF39, 0xFF59, 0xFF59, 0xF6F8, 0xEE97, 0xEEB7, 0xF6D8, 0xF6D8, 0xF6D8, 0xF6D8,
    0xEEB7, 0xEE97, 0xEE97, 0xFF19, 0xFF3A, 0xF6D8, 0xEEB8, 0xF6B7, 0xF71A, 0xDD91, 0xDD6F, 0xF7B9, 0xFFFB, 0xFFFB, 0xFFFA, 0xFFF9,
    0xFFFA, 0xFFFA, 0xFFFA, 0xFFFA, 0xFFFA, 0xFFFA, 0xFFFA, 0xFFFA, 0xFFFA, 0xFFF9, 0xFFFA, 0xFFFA, 0xFFF9, 0xFFD8, 0xFF75, 0xFF54,
    0xFF55, 0xFF55, 0xFF55, 0xFF76, 0xFF76, 0xFF76, 0xFF76, 0xFFD9, 0xFFDA, 0xFFDA, 0xFFD9, 0xFFB9, 0xFFBA, 0xFFBA, 0xFFBA, 0xFFBA,
    0xFFBA, 0xFFBA, 0xFFBA, 0xFFBA, 0xFFBA, 0xFFBA, 0xFFBA, 0xFFBA, 0xFFBA, 0xFF99, 0xFF98, 0xF6D4, 0xFE93, 0xFE93, 0xFE73, 0xFE72,
    0xFE92, 0xFE73, 0xFE73, 0xFE73, 0xFE73, 0xFE73, 0xFEB4, 0xFEB4, 0xFE94, 0xF673, 0xFE94, 0xFE94, 0xFE94, 0xFE74, 0xFE73, 0xF673,
    0xFFF8, 0xFFF8, 0xFFF8, 0xFFF8, 0xFFF8, 0xFFF8, 0xFFF8, 0xFFF9, 0xE6F6, 0x59E4, 0x6A25, 0x7286, 0x6225, 0x3142, 0x20C1, 0x3984,
    0x49E5, 0x2923, 0x20E2, 0x18C2, 0x18C2, 0x2103, 0x18E2, 0x10A1, 0x10A1, 0x18C2, 0x20E2, 0x20E3, 0x20E2, 0x20E2, 0x18A2, 0x10A1,
    0x18C2, 0x1081, 0x0860, 0x10A1, 0x0860, 0x0860, 0x1080, 0x0880, 0x0860, 0x0860, 0x1081, 0x1080, 0x1080, 0x1080, 0x18A1, 0x1060,
    0xA4AF, 0xFFBB, 0xF7BA, 0xFFFB, 0xFFFD, 0xFFFD, 0xFFFD, 0xFFFD, 0xFFFC, 0xFF9A, 0xFF9A, 0xFFBB, 0xFF9B, 0xFF9A, 0xFF7A, 0xFF7A,
    0xFF9A, 0xFF9A, 0xFF7A, 0xFF7A, 0xF759, 0xFFBB, 0xFFFC, 0xFFBB, 0xFFBB, 0xFF7A, 0xFF7A, 0xFF9A, 0xFF9A, 0xFF9A, 0xF739, 0xEEF8,
    0xF6D8, 0xEED7, 0xEEB7, 0xEEB7, 0xEE97, 0xEE97, 0xEE76, 0xE635, 0xDE14, 0xDE14, 0xEE76, 0xAC4D, 0x6182, 0x69E3, 0xD592, 0xE635,
    0xDE14, 0xE614, 0xDE14, 0xE614, 0xE655, 0xE634, 0xE5F3, 0x7204, 0x6140, 0x8286, 0xABEB, 0xDDD3, 0xD5B3, 0xDDD3, 0xC4EF, 0x8AA6,
    0x8AA5, 0x9AE5, 0x89E2, 0x9242, 0x9243, 0x9A63, 0x9243, 0x8A22, 0x9284, 0x9284, 0x8A23, 0xAB68, 0xC44B, 0x8A23, 0x79C1, 0x8223,
    0xABA9, 0xD571, 0xE614, 0xDDF3, 0xDDF4, 0xE614, 0xDDD3, 0xCD10, 0xCD10, 0xEE35, 0xEE76, 0xE614, 0xCD51, 0xE5F4, 0xEE55, 0xEE35,
    0xEE76, 0xE655, 0xE635, 0xEE75, 0xEE96, 0xF6D7, 0xFF39, 0xFF19, 0xF6F8, 0xF6F8, 0xEEB7, 0xEE97, 0xF6B8, 0xF6D8, 0xF6D8, 0xF6D8,
    0xF6D8, 0xF6B7, 0xEE97, 0xF6D8, 0xF6F9, 0xF6D8, 0xEEB8, 0xF6B8, 0xF6D9, 0xD571, 0xEEF5, 0xFFFC, 0xFFFB, 0xFFFB, 0xFFFA, 0xFFFA,
    0xFFFA, 0xFFFA, 0xFFFA, 0xFFFA, 0xFFFA, 0xFFFA, 0xFFFA, 0xFFFA, 0xFFFA, 0xFFF9, 0xFFD7, 0xFFB7, 0xFFB7, 0xFF97, 0xFF75, 0xFFB7,
    0xFFD9, 0xFFD9, 0xFFD9, 0xFFD9, 0xFFD9, 0xFFF9, 0xFFFA, 0xFFDA, 0xFFD9, 0xFFDA, 0xFFDA, 0xFFB9, 0xFFB9, 0xFFBA, 0xFFBA, 0xFFBA,
    0xFFBA, 0xFFBA, 0xFFBA, 0xFFBA, 0xFFBA, 0xFFBA, 0xFFBA, 0xFFBA, 0xFFBA, 0xFFBA, 0xFFBA, 0xFF99, 0xFED5, 0xFE73, 0xFE93, 0xFE93,
    0xFE93, 0xFE93, 0xFE93, 0xFE72, 0xFE73, 0xFE94, 0xFE94, 0xFE94, 0xFE74, 0xFE74, 0xFE94, 0xFE94, 0xFE74, 0xF673, 0xF673, 0xFE73,
    0xFFF9, 0xFFF8, 0xFFF8, 0xFFF8, 0xFFF8, 0xFFF8, 0xFFF8, 0xFFF9, 0xF757, 0x59E4, 0x6225, 0x6A66, 0x49C4, 0x2902, 0x20C1, 0x20C1,
    0x2923, 0x2102, 0x20E2, 0x18C2, 0x18C2, 0x20E2, 0x1081, 0x0840, 0x0840, 0x0840, 0x1081, 0x18C2, 0x18C2, 0x18E2, 0x18C2, 0x0881,
    0x1081, 0x0881, 0x0860, 0x10A1, 0x1081, 0x1081, 0x1080, 0x0860, 0x0860, 0x0860, 0x1081, 0x10A1, 0x1081, 0x1060, 0x10A1, 0x1060,
    0xA48F, 0xFFFC, 0xFFFD, 0xFFFC, 0xFFFB, 0xFFFC, 0xFFFD, 0xFFFC, 0xFFDB, 0xFF9A, 0xFF7A, 0xFF7A, 0xFF7A, 0xFF7A, 0xFF7A, 0xFF5A,
    0xFF5A, 0xFF5A, 0xFFBB, 0xFFDC, 0xF79B, 0xFFDC, 0xFFFC, 0xFFDB, 0xFFBA, 0xFF7A, 0xFF7A, 0xFF9A, 0xFF9A, 0xFF9A, 0xF739, 0xEED8,
    0xEEB7, 0xEEB7, 0xEEB7, 0xEEB7, 0xE656, 0xE614, 0xE634, 0xDDD3, 0xDDD3, 0xD572, 0xA3EB, 0x7224, 0x6141, 0x6162, 0x7A86, 0xC50F,
    0xD571, 0xCD51, 0xD591, 0xBC8D, 0x92E7, 0x9328, 0x9307, 0x71E2, 0x79E2, 0x69A1, 0x7A03, 0xABCA, 0xA369, 0xA369, 0x92E6, 0x6960,
    0x9285, 0xB3A9, 0x89E2, 0x9A43, 0x9A83, 0xA2A4, 0xA2A4, 0x9A83, 0x9222, 0x8A01, 0xAAE5, 0xB387, 0xA2A4, 0x9263, 0x8A22, 0x8A22,
    0x9263, 0xAB68, 0xAB88, 0xA368, 0xDD91, 0xE5F3, 0xEE34, 0xABCB, 0xA3AA, 0xE634, 0xEE55, 0xEE55, 0xDDB3, 0xD592, 0xD592, 0xDDD3,
    0xE635, 0xE635, 0xE614, 0xE635, 0xEE96, 0xEEB7, 0xF6F8, 0xF6B7, 0xEEB7, 0xEEB7, 0xEEB7, 0xEE76, 0xEE97, 0xF6B8, 0xF6B8, 0xF6B8,
    0xF6D8, 0xEEB7, 0xEE76, 0xEEB7, 0xF6D8, 0xF6D8, 0xF6D8, 0xEE98, 0xEEB8, 0xF677, 0xCCEE, 0xE6F6, 0xF799, 0xFFDA, 0xFFFA, 0xFFFB,
    0xFFFA, 0xFFFA, 0xFFF9, 0xFFF8, 0xFFD8, 0xFFB7, 0xFFB7, 0xFFB7, 0xFFB6, 0xFFB6, 0xFF75, 0xFF74, 0xFF54, 0xFF54, 0xFF54, 0xFF76,
    0xFFD8, 0xFFF9, 0xFFF9, 0xFFF9, 0xFFF9, 0xFFD9, 0xFFDA, 0xFFD9, 0xFFD9, 0xFFDA, 0xFFDA, 0xFFDA, 0xFFDA, 0xFFDA, 0xFFBA, 0xFFBA,
    0xFFBA, 0xFFBA, 0xFFBA, 0xFFBA, 0xFFBA, 0xFFBA, 0xFFBA, 0xFFBA, 0xFFBA, 0xFFBA, 0xFFBA, 0xFFDA, 0xFF99, 0xFF16, 0xFE73, 0xFEB4,
    0xFE94, 0xFE93, 0xFE93, 0xFE72, 0xFE73, 0xFE94, 0xFE94, 0xFE94, 0xFE74, 0xFE94, 0xFE94, 0xFE73, 0xFE73, 0xFE73, 0xFE73, 0xFE73,
    0xFFF9, 0xFFF9, 0xFFF8, 0xFFF8, 0xFFF8, 0xFFF8, 0xFFF8, 0xEF36, 0xC5F2, 0x6225, 0x6225, 0x51C4, 0x3923, 0x2902, 0x20C1, 0x2923,
    0x2923, 0x20E2, 0x20E3, 0x18C2, 0x18C2, 0x20E3, 0x10A1, 0x0860, 0x0860, 0x0860, 0x0860, 0x18C2, 0x18C2, 0x18C2, 0x0860, 0x0860,
    0x0860, 0x0860, 0x0860, 0x10A1, 0x10C2, 0x18C2, 0x1081, 0x0880, 0x0860, 0x0860, 0x1081, 0x10A1, 0x10A1, 0x1081, 0x0840, 0x0000,
    0x9C4F, 0xFFFC, 0xFFFB, 0xFFFB, 0xFFFB, 0xFFFB, 0xFFDB, 0xFFBA, 0xFF9A, 0xFF7A, 0xFF7A, 0xFF7A, 0xFF7A, 0xFF5A, 0xFF59, 0xF759,
    0xF739, 0xF759, 0xFFFC, 0xFFFD, 0xFFFD, 0xFFFD, 0xFFFC, 0xFFFC, 0xFFBB, 0xFF7A, 0xFF7A, 0xF719, 0xF719, 0xF759, 0xFF59, 0xF718,
    0xEEB7, 0xEEB7, 0xEEB7, 0xEE96, 0xE635, 0xDDF4, 0xDDD3, 0xD5B2, 0xD5B2, 0xDDF3, 0x9B69, 0x5920, 0x69A2, 0x69A2, 0x5941, 0x7A24,
    0x8265, 0x7A45, 0x8265, 0x79E3, 0x6160, 0x6961, 0x6981, 0x8203, 0x8243, 0x8243, 0x8223, 0x79C1, 0x7181, 0x79C1, 0x79E1, 0x79C1,
    0x9AE6, 0xBBA9, 0x89E1, 0x9A83, 0xAAE4, 0xA2C4, 0xA2C4, 0xA2A4, 0x9A63, 0xA2C4, 0xCC09, 0xAB25, 0x9A83, 0xA2A4, 0x9A63, 0xBBA7,
    0xB386, 0x9242, 0x9A62, 0x9263, 0xA327, 0xA369, 0xB3EA, 0x8A65, 0x8224, 0xDD71, 0xEE55, 0xE614, 0xEE34, 0xEE34, 0xE614, 0xDDF3,
    0xDDD3, 0xCD51, 0xD551, 0xD592, 0xE634, 0xEE75, 0xE655, 0xE655, 0xEE76, 0xEE96, 0xE635, 0xE635, 0xE635, 0xE656, 0xEE97, 0xEE97,
    0xEE76, 0xEE76, 0xEE76, 0xF6B7, 0xF697, 0xEE76, 0xE676, 0xEE56, 0xEE77, 0xF698, 0xE5D3, 0xD550, 0xCCED, 0xFFB8, 0xFFF9, 0xFFD7,
    0xFFD7, 0xFFB7, 0xFFB6, 0xFFB6, 0xFF95, 0xFF74, 0xFF74, 0xFF74, 0xFF74, 0xFF74, 0xFF74, 0xFF74, 0xFF54, 0xFF54, 0xFF54, 0xFF34,
    0xFF96, 0xFFF9, 0xFFD9, 0xFFF9, 0xFFF9, 0xFFD9, 0xFFD9, 0xFFD9, 0xFFB9, 0xFFDA, 0xFFDA, 0xFFDA, 0xFFDA, 0xFFDB, 0xFFDA, 0xFFDA,
    0xFFDA, 0xFFDA, 0xFFBA, 0xFFBA, 0xFFDA, 0xFFDA, 0xFFBA, 0xFFBA, 0xFFBA, 0xFFBA, 0xFFBA, 0xFFDA, 0xFFDB, 0xFFB9, 0xFF36, 0xFEB4,
    0xFE94, 0xFE94, 0xFE93, 0xFE73, 0xFE93, 0xFE94, 0xFE94, 0xFE94, 0xFE94, 0xFE94, 0xFE94, 0xFE73, 0xFE73, 0xFE73, 0xFE93, 0xFE93,
    0xFFF9, 0xFFF9, 0xFFF9, 0xFFF9, 0xFFF8, 0xFFD8, 0xFFFA, 0x9C8D, 0x28A0, 0x59E4, 0x6A25, 0x49C4, 0x3123, 0x2902, 0x20C1, 0x2923,
    0x2923, 0x20E2, 0x20E2, 0x20E2, 0x20E3, 0x20E3, 0x2103, 0x2103, 0x2103, 0x2903, 0x18C2, 0x0860, 0x10A1, 0x10A1, 0x0860, 0x0860,
    0x0860, 0x0860, 0x0880, 0x10A1, 0x10C2, 0x10A1, 0x10A1, 0x18A2, 0x1081, 0x0860, 0x1081, 0x10A1, 0x1081, 0x0000, 0x3984, 0x4A27,
    0xACF0, 0xFFDB, 0xFF9A, 0xFFDB, 0xFFFC, 0xFFFC, 0xFFDB, 0xFF9A, 0xFF7A, 0xFF7A, 0xFF7A, 0xFF7A, 0xFF7A, 0xF739, 0xEEF8, 0xF719,
    0xF739, 0xF739, 0xFFBB, 0xF77A, 0xFF7A, 0xFF9A, 0xFFBB, 0xFF7A, 0xF75A, 0xF73A, 0xF6F9, 0xF6D8, 0xF6F8, 0xF719, 0xEED8, 0xEEB7,
    0xF6B7, 0xF6B7, 0xE656, 0xDDF4, 0xDDF3, 0xDDF3, 0xDDD3, 0xD592, 0xD592, 0xDDD3, 0xA3AA, 0x6141, 0x69A2, 0x69A2, 0x71C2, 0x6181,
    0x6181, 0x6981, 0x6161, 0x6961, 0x71C1, 0x8264, 0x8A84, 0x8A64, 0x8243, 0x8243, 0x8243, 0x8243, 0x79E2, 0x8223, 0x92A4, 0x81C1,
    0x9AE6, 0xBBC9, 0x8A01, 0xA2C4, 0xBB66, 0xAAE4, 0xAAE4, 0xAAC4, 0x9A83, 0xCC29, 0xBB66, 0xA2A3, 0xAAE4, 0xA2C3, 0xCC29, 0xA2E4,
    0x9A83, 0xA2E3, 0xA2E4, 0x9AA3, 0x8A01, 0x81E1, 0x79C1, 0x79C1, 0x8202, 0x9B07, 0xD550, 0xDDB2, 0xDD91, 0xDD70, 0xD530, 0xE5F3,
    0xDDB2, 0xCD30, 0xC4EF, 0xCD50, 0xD591, 0xD592, 0xDDF3, 0xE654, 0xE655, 0xE614, 0xDDF3, 0xE614, 0xE634, 0xE655, 0xE635, 0xE655,
    0xE655, 0xE675, 0xE675, 0xEE76, 0xEE76, 0xE655, 0xE655, 0xEE56, 0xEE77, 0xEE77, 0xF697, 0xEE76, 0xD54F, 0xEED4, 0xFFB6, 0xFF75,
    0xFF75, 0xFF75, 0xFF74, 0xFF74, 0xFF74, 0xFF74, 0xFF74, 0xFF74, 0xFF74, 0xFF74, 0xFF74, 0xFF54, 0xFF54, 0xFF34, 0xFF54, 0xFF54,
    0xFF54, 0xFF55, 0xFFD8, 0xFFF9, 0xFFD9, 0xFFD9, 0xFFD9, 0xFFD9, 0xFFD9, 0xFFDA, 0xFFDA, 0xFFDA, 0xFFDA, 0xFFDA, 0xFFDA, 0xFFDB,
    0xFFDA, 0xFFDA, 0xFFDA, 0xFFDA, 0xFFDA, 0xFFDB, 0xFFDB, 0xFFDB, 0xFFDB, 0xFFBA, 0xFFDB, 0xFFDB, 0xFFDA, 0xFFDA, 0xFFDA, 0xFEF5,
    0xFE94, 0xFE93, 0xFE93, 0xFE93, 0xFE93, 0xFE93, 0xFE93, 0xFE94, 0xFE94, 0xFE94, 0xFE93, 0xFE93, 0xFE93, 0xFE73, 0xFE73, 0xF673,
    0xFFF8, 0xFFF9, 0xFFF8, 0xFFF8, 0xFFF9, 0xFFFA, 0xFFFB, 0xACEF, 0x4942, 0x6225, 0x6205, 0x49A3, 0x3143, 0x3123, 0x2902, 0x20E2,
    0x20E2, 0x18C2, 0x20C2, 0x2903, 0x20E2, 0x20E2, 0x20E3, 0x20E3, 0x2103, 0x2103, 0x2103, 0x18C2, 0x0860, 0x0860, 0x0860, 0x0860,
    0x0860, 0x1081, 0x1081, 0x1081, 0x10A1, 0x10A1, 0x1081, 0x1081, 0x1081, 0x1081, 0x1081, 0x1080, 0x2943, 0x41E6, 0xC594, 0xFFBB,
    0xDE55, 0xF759, 0xFF79, 0xFFDA, 0xFFFB, 0xFFFB, 0xFFFB, 0xFF7A, 0xFF59, 0xFF5A, 0xFF5A, 0xFF5A, 0xFF5A, 0xF719, 0xEEF8, 0xF719,
    0xF739, 0xF739, 0xF739, 0xF739, 0xF739, 0xFF39, 0xF739, 0xF719, 0xF739, 0xF719, 0xEEB8, 0xF6B8, 0xF6D8, 0xEEB7, 0xEE97, 0xEE97,
    0xEE97, 0xE676, 0xE635, 0xD5B3, 0xD5B3, 0xDDD3, 0xDDF4, 0xCD31, 0x7A24, 0x7203, 0x71C2, 0x6981, 0x69A1, 0x69A2, 0x71C2, 0x71E2,
    0x69A2, 0x69A1, 0x79E2, 0x8243, 0x8223, 0x8243, 0x8A64, 0x8A64, 0x8A64, 0x8A43, 0x9284, 0x9AC4, 0x8A43, 0x8202, 0xA2E5, 0x8A22,
    0xA326, 0xC42A, 0xB325, 0xBB86, 0xBB86, 0xB346, 0xAB05, 0xA2C4, 0xBBA7, 0xCBE8, 0xB346, 0xB305, 0xAB05, 0xDCCB, 0xC3E8, 0xA2A3,
    0xA2A4, 0xA2E4, 0xA2E4, 0xA2C4, 0x9A83, 0x9242, 0x9263, 0xAB26, 0xAB47, 0x9264, 0x9AC5, 0x9AC6, 0x9AC6, 0x9AA5, 0x9265, 0x9AE7,
    0xA2C6, 0x9AC6, 0xB40B, 0xCD0F, 0xD571, 0xD591, 0xDDB2, 0xDDD3, 0xDDD2, 0xDDF3, 0xDDF3, 0xDDD3, 0xDDF3, 0xE614, 0xE635, 0xE655,
    0xE655, 0xE675, 0xE675, 0xE655, 0xE655, 0xE655, 0xE655, 0xEE76, 0xEE77, 0xEE77, 0xEE57, 0xEE77, 0xEE35, 0xC44B, 0xFF55, 0xFF95,
    0xFF95, 0xFF95, 0xFF94, 0xFF74, 0xFF94, 0xFF94, 0xFF95, 0xFFB5, 0xFFB5, 0xFF94, 0xFF74, 0xFF74, 0xFF54, 0xFF34, 0xFF34, 0xFF34,
    0xFF34, 0xFF34, 0xFF75, 0xFFD8, 0xFFF9, 0xFFD9, 0xFFD9, 0xFFD9, 0xFFD9, 0xFFFA, 0xFFDA, 0xFFDA, 0xFFDA, 0xFFDA, 0xFFDB, 0xFFDB,
    0xFFDA, 0xFFDA, 0xFFDA, 0xFFDA, 0xFFDA, 0xFFDB, 0xFFDB, 0xFFDB, 0xFFDB, 0xFFDB, 0xFFDB, 0xFFBA, 0xFFDA, 0xFFBB, 0xFFBA, 0xFFB9,
    0xFF16, 0xFE73, 0xFE93, 0xFE93, 0xFE93, 0xFE93, 0xFE93, 0xFE93, 0xFE93, 0xFE73, 0xF672, 0xFE72, 0xFE72, 0xF672, 0xF672, 0xF672,
    0xFFF8, 0xFFF8, 0xFFF8, 0xFFF9, 0xEF56, 0xA4AE, 0xACCE, 0x72E8, 0x51A3, 0x6A45, 0x4984, 0x3102, 0x3143, 0x3143, 0x3123, 0x20E2,
    0x18C1, 0x18C2, 0x18C2, 0x2903, 0x20E2, 0x20E2, 0x20E2, 0x20E2, 0x20E2, 0x20E2, 0x20E3, 0x18C2, 0x0860, 0x0860, 0x0860, 0x0860,
    0x0860, 0x10A1, 0x10A1, 0x10A1, 0x10A1, 0x10A1, 0x10A1, 0x0860, 0x1081, 0x1081, 0x10A1, 0x0000, 0x62E9, 0xFFFE, 0xFFDB, 0xF759,
    0xEF18, 0xFF9A, 0xFF59, 0xFF59, 0xFF79, 0xFF59, 0xFF79, 0xFF59, 0xFF39, 0xFF39, 0xFF39, 0xF719, 0xF719, 0xF6F9, 0xF6F8, 0xF6F8,
    0xF6F8, 0xF6F8, 0xF6F8, 0xF6F8, 0xF6F8, 0xF719, 0xF6F8, 0xF6F8, 0xF719, 0xF6F8, 0xEEB8, 0xEE97, 0xEE97, 0xEE76, 0xE635, 0xDE15,
    0xDE15, 0xDDF4, 0xDE14, 0xCD51, 0x9B28, 0x9B28, 0xA368, 0x9B07, 0x7181, 0x71A1, 0x79E2, 0x79C2, 0x71C2, 0x79E2, 0x8223, 0x7A03,
    0x71C2, 0x71C2, 0x8223, 0x92A5, 0x9284, 0x8A43, 0x8A64, 0x8A64, 0x8A63, 0x8A43, 0x9AA4, 0xAB06, 0x9AE5, 0x8A22, 0xAB25, 0x9AA4,
    0xC3E9, 0xCC4A, 0xBB87, 0xC3E8, 0xC3E8, 0xC3C7, 0xB346, 0xA2C4, 0xD449, 0xCBE8, 0xB325, 0xBB66, 0xD48A, 0xD4AA, 0xC3C7, 0xB325,
    0xB305, 0xAB04, 0xAB04, 0xAB04, 0xA2E4, 0xB3A8, 0xCC6B, 0xB347, 0x9A84, 0xA2A4, 0xAAE5, 0xAAE5, 0xAAC4, 0xAAC4, 0xAB05, 0xB326,
    0xB346, 0xA2C5, 0x9265, 0xAB89, 0xC4EE, 0xC4EF, 0xCD10, 0xD551, 0xD571, 0xDDB2, 0xDDF3, 0xE5F3, 0xE5F3, 0xDDF3, 0xE634, 0xE655,
    0xE675, 0xDE75, 0xE675, 0xEE76, 0xE655, 0xE655, 0xE655, 0xEE56, 0xEE77, 0xEE77, 0xEE77, 0xEE77, 0xEE15, 0xC44A, 0xFF95, 0xFF95,
    0xFF74, 0xFF94, 0xFF74, 0xFF94, 0xFF95, 0xFF95, 0xFFB4, 0xFFD6, 0xFFFC, 0xFFB6, 0xFF93, 0xFF74, 0xFF74, 0xFF53, 0xFF33, 0xFF33,
    0xFF33, 0xFF33, 0xFF34, 0xFF55, 0xFF97, 0xFFF9, 0xFFD9, 0xFFD9, 0xFFF9, 0xFFFA, 0xFFFB, 0xFFDA, 0xFFDA, 0xFFDA, 0xFFDA, 0xFFDA,
    0xFFDA, 0xFFDA, 0xFFDA, 0xFFDA, 0xFFDA, 0xFFDB, 0xFFDB, 0xFFBA, 0xFFDB, 0xFFDB, 0xFFDB, 0xFFBA, 0xFFBA, 0xFFDA, 0xFFDA, 0xFFDB,
    0xFF78, 0xFED5, 0xFE93, 0xFE73, 0xFE73, 0xFE73, 0xFE73, 0xFE73, 0xFE72, 0xFE72, 0xF652, 0xFE72, 0xFE72, 0xFE72, 0xF652, 0xF652,
    0xFFF8, 0xFFF8, 0xFFF8, 0xF7B8, 0xCE32, 0x4163, 0x49A4, 0x4163, 0x59C4, 0x6225, 0x4963, 0x18A1, 0x20E2, 0x2923, 0x2903, 0x18C2,
    0x18C1, 0x10A1, 0x10A1, 0x20E2, 0x2103, 0x18C2, 0x18C2, 0x18C2, 0x18C2, 0x18C2, 0x18C2, 0x18C2, 0x0860, 0x0860, 0x0860, 0x0860,
    0x0860, 0x1081, 0x1081, 0x0860, 0x0860, 0x1081, 0x10A1, 0x0860, 0x1081, 0x0860, 0x0860, 0x20E3, 0x6B2A, 0xF75A, 0xEEF8, 0xF77A,
    0xFFFC, 0xFFDC, 0xFFBB, 0xFF9A, 0xFF39, 0xFF18, 0xF718, 0xF718, 0xFF39, 0xFF39, 0xFF39, 0xF6F9, 0xF6F9, 0xF6F9, 0xF6D9, 0xF6D8,
    0xF6D8, 0xF6D8, 0xEEB7, 0xEEB7, 0xEEB7, 0xEEB7, 0xEE97, 0xEEB7, 0xEED8, 0xF6D8, 0xEEB7, 0xEE76, 0xEE76, 0xDE14, 0xDDD3, 0xD5D3,
    0xD5D3, 0xDDD3, 0xE614, 0xCD10, 0x7981, 0x81A1, 0x81C1, 0x81C2, 0x8A03, 0x8A43, 0x9284, 0x8A43, 0x79E2, 0x8A64, 0x8A84, 0x7A23,
    0x71E2, 0x79E2, 0x8223, 0x92C4, 0x92A4, 0x8A63, 0x9284, 0x92A4, 0x9AC5, 0x9AC4, 0x9AA4, 0xAB26, 0xAB46, 0xAB05, 0xC3C8, 0xAAE5,
    0xC3E8, 0xCC49, 0xBB87, 0xC3E8, 0xCC08, 0xC3C7, 0xBB66, 0xC3A7, 0xD46A, 0xC3A7, 0xBB46, 0xCC08, 0xDC8A, 0xC3C7, 0xCBC7, 0xB345,
    0xB325, 0xBB86, 0xBB86, 0xAB25, 0xD4AC, 0xDCCC, 0xB367, 0x9243, 0x9223, 0xAAE5, 0xBB86, 0xBB66, 0xB346, 0xAB05, 0xBB66, 0xC3C7,
    0xC408, 0xB346, 0x9223, 0x9265, 0xA308, 0xB3EB, 0xB42C, 0xCCEF, 0xCD0F, 0xCD30, 0xD571, 0xD592, 0xD592, 0xE5F3, 0xE614, 0xE655,
    0xE675, 0xE655, 0xE655, 0xEE76, 0xEE76, 0xEE56, 0xE656, 0xEE56, 0xEE56, 0xEE76, 0xEE77, 0xEE77, 0xEE56, 0xD530, 0xCD2E, 0xF733,
    0xFF95, 0xFF74, 0xFF74, 0xFF74, 0xFF94, 0xFF95, 0xFFD7, 0xFFFB, 0xFFFF, 0xFFFB, 0xFFB6, 0xFF74, 0xFF73, 0xFF53, 0xFF53, 0xFF33,
    0xFF33, 0xFF13, 0xFF33, 0xFF13, 0xFF55, 0xFFD8, 0xFFD9, 0xFFFB, 0xFFFB, 0xFFD9, 0xFFFA, 0xFFDA, 0xFFDA, 0xFFDA, 0xFFDA, 0xFFDA,
    0xFFDA, 0xFFDA, 0xFFDA, 0xFFDA, 0xFFDA, 0xFFDA, 0xFFDA, 0xFFBA, 0xFFDA, 0xFFDB, 0xFFDB, 0xFFBA, 0xFFBA, 0xFFDB, 0xFFDB, 0xFFDA,
    0xFFBA, 0xFFB9, 0xFED5, 0xFE53, 0xFE73, 0xFE73, 0xFE72, 0xF652, 0xFE52, 0xFE72, 0xFE72, 0xFE72, 0xFE72, 0xFE72, 0xF652, 0xF671,
    0xFFF8, 0xFFD8, 0xFFF9, 0x8BEB, 0x5A05, 0x6246, 0x5A26, 0x59E5, 0x51C4, 0x3122, 0x2902, 0x20C2, 0x20E2, 0x2103, 0x20E2, 0x18A1,
    0x10A1, 0x10A1, 0x1081, 0x18A1, 0x2903, 0x2903, 0x20C2, 0x18E2, 0x18C2, 0x18E2, 0x18E2, 0x10A1, 0x0860, 0x0860, 0x0860, 0x0860,
    0x0860, 0x0860, 0x0860, 0x0860, 0x0860, 0x0881, 0x0860, 0x0860, 0x0860, 0x10A1, 0x1081, 0x7B4B, 0xA44F, 0xB4F1, 0xCDB4, 0xEF19,
    0xFFDC, 0xFFDC, 0xFFFC, 0xFFDB, 0xF739, 0xF718, 0xF718, 0xF718, 0xF738, 0xF718, 0xF719, 0xF6F9, 0xF6F9, 0xF6F9, 0xF6F9, 0xEED8,
    0xEED8, 0xEED8, 0xEEB7, 0xEEB7, 0xEE96, 0xEE76, 0xEE76, 0xEE76, 0xE676, 0xE676, 0xE635, 0xE655, 0xE635, 0xD5D3, 0xD5B2, 0xD5B2,
    0xDDD3, 0xDDD3, 0xDDB2, 0xCCEF, 0x8202, 0x8A02, 0x8A22, 0x8A23, 0x8A23, 0x8A43, 0x9284, 0x8A43, 0x79E2, 0x8A84, 0x9AE5, 0x9284,
    0x8223, 0x7A02, 0x8A64, 0x92A4, 0x9AE5, 0x9AE5, 0x9284, 0x9AC5, 0xBB87, 0xB366, 0xA2E5, 0xB346, 0xBB67, 0xBB87, 0xCC29, 0xC3C8,
    0xCC29, 0xCC29, 0xC3A7, 0xC3E8, 0xCC49, 0xCC08, 0xBB66, 0xCC29, 0xCC29, 0xB346, 0xC3E8, 0xDCAA, 0xC3C7, 0xCBC7, 0xCBE8, 0xBB87,
    0xBB66, 0xBBA7, 0xD48A, 0xE4EC, 0xBBA7, 0xBB86, 0xBB66, 0x9A63, 0xA2A4, 0xBB87, 0xBB87, 0xBB87, 0xBB87, 0xBB46, 0xB346, 0xBBA7,
    0xC3E8, 0xC409, 0xCC29, 0xAB26, 0xA2E6, 0xA328, 0xA349, 0xA369, 0xA369, 0xABCB, 0xCD10, 0xD571, 0xCD51, 0xDDF3, 0xE614, 0xE634,
    0xE634, 0xE634, 0xE655, 0xE655, 0xEE56, 0xEE56, 0xEE56, 0xE656, 0xE656, 0xEE76, 0xEE77, 0xEE57, 0xEE97, 0xF697, 0xC42B, 0xF713,
    0xFF95, 0xFF75, 0xFF74, 0xFF94, 0xFF94, 0xFF95, 0xFFF7, 0xFFFC, 0xFFFE, 0xFFFB, 0xFFD7, 0xFF94, 0xFF74, 0xFF53, 0xFF33, 0xFF33,
    0xFF33, 0xFF33, 0xFF12, 0xFF13, 0xFF12, 0xFF34, 0xFFD8, 0xFFFA, 0xFFFA, 0xFFD9, 0xFFD9, 0xFFD9, 0xFFDA, 0xFFDA, 0xFFDA, 0xFFDA,
    0xFFDA, 0xFFBA, 0xFFB9, 0xFFB9, 0xFFDA, 0xFFDA, 0xFFDA, 0xFFBA, 0xFFDA, 0xFFDB, 0xFFDB, 0xFFDB, 0xFFDB, 0xFFDB, 0xFFBA, 0xFFBA,
    0xFFBA, 0xFFDA, 0xFF78, 0xFEF5, 0xFE73, 0xFE73, 0xFE72, 0xFE52, 0xFE52, 0xFE72, 0xFE72, 0xFE72, 0xFE72, 0xFE72, 0xF672, 0xF672,
    0xFFB7, 0xFFB7, 0xFFF8, 0x838A, 0x4984, 0x5A26, 0x49C4, 0x51C4, 0x59E5, 0x2902, 0x18C2, 0x20E2, 0x18C2, 0x20E2, 0x20E2, 0x18A1,
    0x18A1, 0x10A1, 0x18C2, 0x20E3, 0x20E2, 0x2103, 0x18A1, 0x10C2, 0x18C2, 0x18C2, 0x18C2, 0x10A1, 0x0860, 0x0860, 0x0860, 0x0860,
    0x0860, 0x0860, 0x0860, 0x1081, 0x0881, 0x1081, 0x18E2, 0x2103, 0x2103, 0x2102, 0x18C2, 0x10A1, 0x0820, 0xA490, 0xDE35, 0xE676,
    0xF6F8, 0xFF7A, 0xFF7A, 0xFF7A, 0xFF39, 0xF718, 0xF718, 0xF718, 0xF738, 0xF718, 0xF719, 0xF6F9, 0xF6F9, 0xF6F9, 0xF6F9, 0xEED8,
    0xEEB7, 0xEED8, 0xEEB7, 0xEEB7, 0xEE96, 0xDE14, 0xDE14, 0xDE34, 0xE634, 0xE614, 0xDDF4, 0xDDF4, 0xD5D3, 0xD5B2, 0xD592, 0xDDF4,
    0xB42C, 0x8224, 0x8224, 0x8244, 0x9243, 0xA2E4, 0xA2E5, 0x9243, 0x8A02, 0x8A43, 0x9284, 0x9AC5, 0x9AC4, 0x92A4, 0xAB67, 0x9AE5,
    0x8223, 0x7A02, 0x8A63, 0x9AC5, 0xA306, 0xA306, 0xA305, 0xAB05, 0xC3C8, 0xCBE8, 0xB366, 0xB366, 0xBB87, 0xC3E8, 0xD46A, 0xC3E8,
    0xCC29, 0xCC09, 0xC3A7, 0xCC29, 0xCC49, 0xCC29, 0xCBE8, 0xD48A, 0xC3A7, 0xC3C7, 0xDCCB, 0xC3C7, 0xC3A7, 0xCBE8, 0xCBE8, 0xC3A7,
    0xBB86, 0xE4EC, 0xD48A, 0xC3C7, 0xBB87, 0xBB87, 0xBB87, 0xB366, 0xBB87, 0xBB87, 0xBB87, 0xBB87, 0xBB87, 0xBB66, 0xBB87, 0xC3E8,
    0xC429, 0xCC4A, 0xCC4A, 0xD48B, 0xCC6B, 0xAB48, 0xA307, 0x9AC7, 0x9286, 0x92A6, 0xB44C, 0xD551, 0xCD31, 0xDDD3, 0xE614, 0xE614,
    0xE5F4, 0xE634, 0xE655, 0xE655, 0xE655, 0xEE56, 0xEE56, 0xEE56, 0xE656, 0xE656, 0xEE77, 0xEE77, 0xEE97, 0xEE36, 0xC44C, 0xF734,
    0xFF96, 0xFF75, 0xFF95, 0xFF74, 0xFF74, 0xFF95, 0xFFB4, 0xFFF8, 0xFFFC, 0xFFD6, 0xFF94, 0xFF74, 0xFF53, 0xFF53, 0xFF33, 0xFF33,
    0xFF12, 0xFF97, 0xFF77, 0xFEF2, 0xFF12, 0xFF13, 0xFF34, 0xFFB7, 0xFFFA, 0xFFDA, 0xFFD9, 0xFFD9, 0xFFDA, 0xFFDA, 0xFFDA, 0xFFDA,
    0xFFBA, 0xFFBA, 0xFFBA, 0xFFBA, 0xFFBA, 0xFFBA, 0xFFDA, 0xFFDA, 0xFFDA, 0xFFDB, 0xFFDB, 0xFFBA, 0xFFBA, 0xFFBA, 0xFFBA, 0xFF99,
    0xFFBA, 0xFFBA, 0xFFDA, 0xFF99, 0xF6B5, 0xF693, 0xFE73, 0xFE52, 0xFE72, 0xFE72, 0xFE93, 0xFE73, 0xFE72, 0xFE72, 0xFE72, 0xFE93,
    0xFF96, 0xFF96, 0xFFF8, 0x7B49, 0x28C1, 0x3943, 0x4183, 0x59E5, 0x4184, 0x20E2, 0x18E2, 0x18E2, 0x18C1, 0x20E2, 0x2102, 0x10A1,
    0x10A2, 0x1081, 0x20E2, 0x20E3, 0x1081, 0x18A1, 0x0860, 0x0881, 0x10A1, 0x18C2, 0x1081, 0x1081, 0x0860, 0x0860, 0x0860, 0x0860,
    0x0860, 0x0860, 0x0860, 0x10A1, 0x1081, 0x1081, 0x1081, 0x1081, 0x1081, 0x0881, 0x0840, 0x1081, 0x5268, 0xC593, 0xE676, 0xDE15,
    0xE635, 0xF6D8, 0xF719, 0xF718, 0xF6F8, 0xF6F8, 0xF6F8, 0xF6F8, 0xF6F8, 0xF718, 0xF6F9, 0xF6F9, 0xF6F9, 0xF6F9, 0xF6D9, 0xEEB7,
    0xEE97, 0xEEB7, 0xEEB7, 0xEE96, 0xEEB7, 0xE655, 0xDDD3, 0xD5D3, 0xD5B2, 0xD592, 0xD592, 0xDDD3, 0xDDF3, 0xD5B2, 0xCD50, 0xD571,
    0x9B27, 0x7160, 0x79C1, 0x81E2, 0x9263, 0xAB25, 0xB346, 0xA2C4, 0x9AA4, 0x9AA4, 0x9A84, 0xAB26, 0xAB46, 0xAB46, 0xB367, 0x9AC5,
    0x8243, 0x8243, 0x8243, 0x92C4, 0xAB47, 0xA305, 0xBB87, 0xBB87, 0xC3C8, 0xD449, 0xC3E8, 0xBB87, 0xBB87, 0xCC29, 0xDC8A, 0xCC08,
    0xCC29, 0xD48A, 0xC3C7, 0xD469, 0xD469, 0xD449, 0xCC29, 0xDCEC, 0xC3A7, 0xD48B, 0xD449, 0xC3C7, 0xC3A7, 0xCBE8, 0xC3C7, 0xD46A,
    0xE50D, 0xD46A, 0xC3C7, 0xC3A7, 0xBB87, 0xC3E8, 0xCBE8, 0xBB87, 0xBB87, 0xBBA7, 0xBB87, 0xBB87, 0xBB87, 0xBB66, 0xBB86, 0xBB86,
    0xC3C8, 0xB387, 0xB367, 0xBBC8, 0xCC6B, 0xD4AC, 0xC42B, 0xB3CA, 0xAB69, 0xAB89, 0xA349, 0x9B49, 0xBC8E, 0xD591, 0xE634, 0xE614,
    0xE614, 0xE614, 0xDDF3, 0xDE13, 0xDE14, 0xE635, 0xEE56, 0xEE57, 0xEE77, 0xEE77, 0xEE77, 0xEE77, 0xEE77, 0xEE77, 0xE614, 0xCD0E,
    0xEE92, 0xFFB6, 0xFF74, 0xFF95, 0xFF94, 0xFF94, 0xFF95, 0xFFD5, 0xFFF6, 0xFFB5, 0xFF94, 0xFF74, 0xFF53, 0xFF53, 0xFF33, 0xFF32,
    0xFF32, 0xFFBA, 0xFFDB, 0xFF33, 0xFF12, 0xFF13, 0xFF13, 0xFF75, 0xFFB8, 0xFFDA, 0xFFD9, 0xFFB9, 0xFFD9, 0xFFBA, 0xFFDA, 0xFFDA,
    0xFFBA, 0xFFDA, 0xFFDA, 0xFFDA, 0xFFDA, 0xFFDA, 0xFFDA, 0xFFDA, 0xFFDA, 0xFFDB, 0xFFDA, 0xFFBA, 0xFFBA, 0xFFBA, 0xFFBA, 0xFFBA,
    0xFFBA, 0xFFBA, 0xFFBA, 0xFFB9, 0xFF99, 0xFEF6, 0xF673, 0xFE72, 0xFE72, 0xFE72, 0xFE73, 0xFE93, 0xFE93, 0xFE72, 0xFE72, 0xFE93,
    0xFF54, 0xFF55, 0xFFF8, 0xC590, 0x3943, 0x28E2, 0x49A4, 0x5A05, 0x3923, 0x20E2, 0x20E2, 0x18E2, 0x10A1, 0x18E2, 0x2102, 0x10A1,
    0x18C2, 0x18C2, 0x20E2, 0x20E2, 0x10A1, 0x18C2, 0x1081, 0x1081, 0x1081, 0x10A1, 0x1081, 0x10A1, 0x0860, 0x0860, 0x0860, 0x0860,
    0x0860, 0x0860, 0x0860, 0x1081, 0x10A1, 0x10A1, 0x0860, 0x0860, 0x0860, 0x0860, 0x0040, 0x20E3, 0xE657, 0xEEB8, 0xDE36, 0xE656,
    0xEE97, 0xEE96, 0xF6F8, 0xF6F8, 0xEEF8, 0xF77A, 0xFFBA, 0xFFBB, 0xFFDB, 0xF719, 0xF6D9, 0xF6F9, 0xF6F8, 0xF6D8, 0xEEB7, 0xEE96,
    0xE655, 0xE676, 0xEE96, 0xEE76, 0xEEB7, 0xEE76, 0xDE14, 0xDDF3, 0xD591, 0xCD51, 0xCD51, 0xDDB2, 0xDDF3, 0xDDF3, 0xC4CE, 0x8202,
    0x8A02, 0x8A22, 0x81E2, 0x8202, 0x9AA4, 0xBB87, 0xBBC7, 0xBB87, 0xB387, 0xB346, 0x9AA4, 0xAB46, 0xB366, 0xB346, 0xB367, 0xA2E5,
    0x9AE5, 0x8A64, 0x8243, 0x92A4, 0xAB67, 0xAB46, 0xBB87, 0xBB87, 0xC3C8, 0xD46A, 0xD449, 0xBB87, 0xBB87, 0xCC08, 0xDCCA, 0xCC08,
    0xCC08, 0xDCCB, 0xC3C7, 0xCC28, 0xCC48, 0xD449, 0xD46A, 0xDCAB, 0xCC49, 0xDD0C, 0xBB87, 0xC3C8, 0xC3C7, 0xCC08, 0xCC69, 0xED6D,
    0xD4AB, 0xCC29, 0xCC29, 0xC3C8, 0xC3C8, 0xD46A, 0xC3C8, 0xBB67, 0xC3A7, 0xBBA7, 0xBB86, 0xC3C7, 0xBBA7, 0xB346, 0xBB66, 0xBB66,
    0xB367, 0xA2E5, 0xA2E5, 0xAB26, 0xB388, 0xBBA8, 0xBC0A, 0xBC0B, 0xBBEA, 0xB3EA, 0xA369, 0x9308, 0xA3CB, 0xBC8D, 0xC50F, 0xE613,
    0xE614, 0xE5F3, 0xD5B2, 0xD5B2, 0xD5B2, 0xE614, 0xE635, 0xEE56, 0xEE77, 0xEE77, 0xEE77, 0xEE77, 0xEE77, 0xEE77, 0xF6B8, 0xC42B,
    0xE671, 0xFFF6, 0xFF75, 0xFF95, 0xFF95, 0xFF94, 0xFF94, 0xFF95, 0xFFB5, 0xFF75, 0xFF74, 0xFF54, 0xFF54, 0xFF33, 0xFF33, 0xFF55,
    0xFF97, 0xFFDC, 0xFFFE, 0xFFB9, 0xFF56, 0xFF34, 0xFF33, 0xFF13, 0xFF55, 0xFFD8, 0xFFD9, 0xFFB9, 0xFFB9, 0xFFB9, 0xFFDA, 0xFFDA,
    0xFFDA, 0xFFDA, 0xFFDA, 0xFFDA, 0xFFDA, 0xFFBA, 0xFFBA, 0xFFBA, 0xFFBA, 0xFFDA, 0xFFDA, 0xFFDA, 0xFFBA, 0xFFBA, 0xFF9A, 0xFF99,
    0xFF99, 0xFF99, 0xFF99, 0xFF99, 0xFF99, 0xFF58, 0xFF37, 0xFEB4, 0xFE72, 0xFE72, 0xFE73, 0xFE92, 0xFE72, 0xFE72, 0xFE72, 0xFE72,
    0xFF13, 0xFF55, 0xE672, 0x8328, 0x4163, 0x49A4, 0x5A05, 0x49A4, 0x3123, 0x20E3, 0x20E2, 0x18C2, 0x10A1, 0x18A1, 0x18C2, 0x10A1,
    0x18C2, 0x20E2, 0x20C2, 0x1081, 0x10A1, 0x18C2, 0x1081, 0x1081, 0x1081, 0x1081, 0x1081, 0x1081, 0x0881, 0x0860, 0x0860, 0x0860,
    0x0860, 0x0860, 0x0860, 0x0881, 0x0860, 0x0860, 0x0860, 0x0860, 0x0860, 0x0860, 0x10A1, 0x9C4F, 0xDE35, 0xE676, 0xE697, 0xFFBB,
    0xFFDB, 0xF759, 0xEEF8, 0xF718, 0xFFBA, 0xFFFC, 0xFFFC, 0xFFFB, 0xFF9A, 0xF719, 0xF6F9, 0xF6F9, 0xEEB7, 0xEEB7, 0xEEB7, 0xEEB7,
    0xE676, 0xE655, 0xE656, 0xEE96, 0xE655, 0xE655, 0xD5B3, 0xD592, 0xDDF3, 0xDDF3, 0xABEB, 0xABEB, 0xCD0F, 0xCD0F, 0x9B27, 0x7981,
    0x8A02, 0xAB05, 0x9AA4, 0x8202, 0x9AC4, 0xC3C7, 0xC3E8, 0xBB87, 0xB346, 0xBBA7, 0xB366, 0xB366, 0xBBC7, 0xBBC7, 0xB366, 0xB346,
    0xAB46, 0x92A4, 0x9AC5, 0x9AE5, 0xA305, 0xB387, 0xBBA8, 0xBBA7, 0xC3E8, 0xD46A, 0xD449, 0xBB87, 0xBB87, 0xCC08, 0xDCEB, 0xD48A,
    0xCC08, 0xD48A, 0xC3A7, 0xCC08, 0xCC28, 0xCC29, 0xDCCC, 0xC3E8, 0xDCEC, 0xD46A, 0xCBE8, 0xC3E8, 0xC3E8, 0xD4CB, 0xE54E, 0xD46A,
    0xD469, 0xD46A, 0xCC49, 0xC3C7, 0xCC29, 0xD449, 0xC3C7, 0xC3C8, 0xC3C8, 0xBB87, 0xC3A7, 0xC3E8, 0xBB66, 0xB346, 0xBB66, 0xBB86,
    0xBB66, 0xBB87, 0xAB26, 0x8A02, 0x8A02, 0x81E2, 0x8A44, 0x9285, 0x8A85, 0x8265, 0x9B28, 0x9B4A, 0x8B08, 0x9B89, 0xB44C, 0xC4CE,
    0xC4EF, 0xCD2F, 0xD5B2, 0xD5B2, 0xD5B2, 0xD5D2, 0xDDF4, 0xE635, 0xE635, 0xE636, 0xEE36, 0xEE56, 0xEE56, 0xEE57, 0xF677, 0xDD71,
    0xDD8F, 0xE60F, 0xFFB6, 0xFF95, 0xFF95, 0xFF94, 0xFF94, 0xFF95, 0xFF74, 0xFF74, 0xFF74, 0xFF54, 0xFF54, 0xFF33, 0xFF33, 0xFFB9,
    0xFFDC, 0xFFFE, 0xFFFE, 0xFFDD, 0xFFDB, 0xFF54, 0xFF33, 0xFF33, 0xFF34, 0xFF55, 0xFFB8, 0xFFD9, 0xFFB9, 0xFFB9, 0xFFB9, 0xFFDA,
    0xFFDA, 0xFFDA, 0xFFBA, 0xFFBA, 0xFFB9, 0xFFBA, 0xFFBA, 0xFF99, 0xFFB9, 0xFFBA, 0xFFBA, 0xFFBA, 0xFFBA, 0xFFBA, 0xFF99, 0xFF99,
    0xFF99, 0xFF99, 0xFF99, 0xFF99, 0xFF99, 0xFF99, 0xFFBA, 0xFF16, 0xFE93, 0xFEB4, 0xFEB4, 0xFED4, 0xFF16, 0xFF16, 0xFF16, 0xFF37,
    0xFF13, 0xFF75, 0xCD8F, 0x28A0, 0x3943, 0x7286, 0x49C4, 0x2902, 0x2902, 0x2902, 0x18E2, 0x10A1, 0x10A1, 0x10A1, 0x18A1, 0x10A1,
    0x18A2, 0x20C3, 0x18C2, 0x10A1, 0x10A1, 0x10A1, 0x1081, 0x1081, 0x1081, 0x1081, 0x1081, 0x1081, 0x1081, 0x1081, 0x0860, 0x0860,
    0x0860, 0x0860, 0x0860, 0x0860, 0x0860, 0x0860, 0x0860, 0x0860, 0x0860, 0x0020, 0x0840, 0xBD32, 0xE676, 0xE677, 0xEED8, 0xFFBB,
    0xFFFC, 0xFFFC, 0xFFBB, 0xFFBB, 0xFFFC, 0xFFDB, 0xFFBA, 0xFFBA, 0xF719, 0xF6F8, 0xF6F8, 0xF6B7, 0xF6B7, 0xEEB7, 0xEE97, 0xEE97,
    0xE676, 0xE676, 0xEE96, 0xEE76, 0xDE34, 0xE635, 0xD591, 0xB44C, 0xB3EB, 0xBC6C, 0xA347, 0x79E2, 0x8A84, 0x9264, 0x9A84, 0x9AA4,
    0x81E1, 0xAB05, 0xB346, 0xA2C4, 0xAB05, 0xBBA8, 0xBBC8, 0xBBC7, 0xBBA7, 0xBBA7, 0xC3C7, 0xBBA7, 0xC408, 0xD469, 0xC408, 0xBBC7,
    0xAB26, 0xA305, 0xA305, 0x9AE5, 0x9AE5, 0xB387, 0xBBA8, 0xBBA7, 0xD46A, 0xD48A, 0xD449, 0xBB87, 0xBBA7, 0xCC49, 0xDCEB, 0xDCAA,
    0xCBE8, 0xCC28, 0xC3A7, 0xC3E8, 0xCC29, 0xCC29, 0xDCCC, 0xBBC8, 0xDCEB, 0xC3E8, 0xCC08, 0xCBE8, 0xDCEC, 0xE56D, 0xD46A, 0xD48A,
    0xD46A, 0xD48A, 0xD449, 0xD449, 0xD46A, 0xCC29, 0xCC08, 0xC3E8, 0xBB87, 0xBBA7, 0xC3E8, 0xBB87, 0xBB87, 0xBBA7, 0xC387, 0xBB66,
    0xBB66, 0xC3A7, 0xAB05, 0x9243, 0x8A23, 0x81C2, 0x8A44, 0x92A5, 0x8A85, 0x7A23, 0x92E7, 0x9B6A, 0x9B6A, 0x9308, 0x9B8A, 0xB42C,
    0xBCAD, 0xC50F, 0xD591, 0xD5B2, 0xD5B2, 0xD5B2, 0xDDD3, 0xDDD3, 0xDDF4, 0xE615, 0xE615, 0xEE36, 0xEE36, 0xEE56, 0xEE36, 0xFEB8,
    0xDD0F, 0xD4EB, 0xFFF6, 0xFF95, 0xFF95, 0xFF94, 0xFF74, 0xFF94, 0xFF74, 0xFF74, 0xFF54, 0xFF54, 0xFF34, 0xFF34, 0xFF34, 0xFF34,
    0xFF75, 0xFFFE, 0xFFFE, 0xFF96, 0xFF74, 0xFF54, 0xFF33, 0xFF33, 0xFF33, 0xFF14, 0xFF55, 0xFF97, 0xFFDA, 0xFFB9, 0xFFB9, 0xFFDA,
    0xFFDA, 0xFFDA, 0xFFDA, 0xFFB9, 0xFFB9, 0xFFBA, 0xFFB9, 0xFF99, 0xFFBA, 0xFFBA, 0xFFBA, 0xFFBA, 0xFFDA, 0xFFDA, 0xFFB9, 0xFFB9,
    0xFFB9, 0xFFB9, 0xFFB9, 0xFF57, 0xFF16, 0xFF36, 0xFF36, 0xFED5, 0xFE93, 0xFF16, 0xFF99, 0xFF79, 0xFF99, 0xFF99, 0xFF99, 0xFFB9,
    0xFF13, 0xFF54, 0xDE31, 0x3921, 0x3942, 0x6A86, 0x3943, 0x2902, 0x2903, 0x2102, 0x18C1, 0x10A1, 0x10A1, 0x18C1, 0x18C1, 0x18A1,
    0x18C2, 0x18C2, 0x18C2, 0x10A1, 0x10A1, 0x1081, 0x1081, 0x1081, 0x1081, 0x1081, 0x1081, 0x1081, 0x1081, 0x0881, 0x0860, 0x0860,
    0x0860, 0x0860, 0x0860, 0x0860, 0x0860, 0x0860, 0x0860, 0x0860, 0x0860, 0x2102, 0x3164, 0xB4F1, 0xDE36, 0xE677, 0xEEB7, 0xEEF8,
    0xFFDB, 0xFFFC, 0xFFFC, 0xFFFB, 0xF77A, 0xFF9A, 0xFFBA, 0xFF99, 0xF719, 0xF6D8, 0xF6B8, 0xEEB7, 0xE655, 0xEE76, 0xEEB7, 0xE655,
    0xEE96, 0xFF39, 0xF6F8, 0xEE96, 0xE635, 0xE635, 0xDDB3, 0xA368, 0x81A0, 0x9202, 0xA2C5, 0xA326, 0x9284, 0x9A63, 0xAAC5, 0xC409,
    0xA305, 0xAAE5, 0xBBA8, 0xBB87, 0xB366, 0xBB87, 0xC408, 0xC3E8, 0xC3C8, 0xBBC7, 0xC3A7, 0xBBA7, 0xCC29, 0xD48A, 0xD48A, 0xC408,
    0xB366, 0xB387, 0xAB46, 0xAB26, 0xA305, 0xB367, 0xBBA7, 0xC3C7, 0xD48A, 0xDC8A, 0xD469, 0xC3E8, 0xC3C7, 0xCC49, 0xDCCA, 0xDCAA,
    0xDCAA, 0xD469, 0xBBA7, 0xC3E8, 0xCC29, 0xD46A, 0xD48B, 0xBBC8, 0xDCCB, 0xD449, 0xD449, 0xD48A, 0xE58E, 0xD4AA, 0xD48A, 0xDCAB,
    0xD48A, 0xDCAB, 0xD46A, 0xDC8A, 0xD44A, 0xCC29, 0xCBE8, 0xC3C8, 0xC3E8, 0xCC08, 0xC3E8, 0xC3A7, 0xC3E8, 0xC3E8, 0xC3A7, 0xBB86,
    0xC3C7, 0xBBA7, 0xB366, 0xBB87, 0x9263, 0x81C1, 0x8A43, 0x8A64, 0x8A64, 0x8AA5, 0x9B28, 0x9B49, 0x9B4A, 0x9B6A, 0x9B6A, 0xA3CB,
    0xBCAE, 0xC50F, 0xD5B1, 0xDDB2, 0xDDB2, 0xD5B2, 0xD5D3, 0xDDD3, 0xDE14, 0xE635, 0xE635, 0xEE36, 0xEE36, 0xEE56, 0xEE56, 0xF677,
    0xDD0F, 0xD52C, 0xFFF6, 0xFFB5, 0xFFB5, 0xFF95, 0xFF94, 0xFF94, 0xFF74, 0xFF74, 0xFF54, 0xFF54, 0xFF34, 0xFF34, 0xFF34, 0xFF34,
    0xFF54, 0xFFDA, 0xFFFC, 0xFF94, 0xFF54, 0xFF54, 0xFF33, 0xFF33, 0xFF54, 0xFF34, 0xFEF4, 0xFF35, 0xFF98, 0xFFD9, 0xFFB9, 0xFFD9,
    0xFFBA, 0xFFDA, 0xFFDA, 0xFFDA, 0xFFDA, 0xFFDA, 0xFFBA, 0xFF78, 0xFF57, 0xFF57, 0xFF58, 0xFF58, 0xFF58, 0xFF78, 0xFF16, 0xFED5,
    0xFEF5, 0xFEF5, 0xFEF5, 0xFEB4, 0xFE73, 0xFE93, 0xF672, 0xFE72, 0xF672, 0xF6D4, 0xFF78, 0xFF99, 0xFFBA, 0xFF99, 0xFF99, 0xFF99,
    0xFF13, 0xFF34, 0xF713, 0xAC8C, 0x3922, 0x4183, 0x4184, 0x20C2, 0x20C2, 0x20C2, 0x18C1, 0x10A1, 0x1081, 0x18C2, 0x2102, 0x20E2,
    0x18A1, 0x1081, 0x1081, 0x1081, 0x1081, 0x1081, 0x1081, 0x1081, 0x1081, 0x1081, 0x1081, 0x1081, 0x1081, 0x0881, 0x0860, 0x0860,
    0x0860, 0x0860, 0x0860, 0x0860, 0x0860, 0x0860, 0x0860, 0x0881, 0x0840, 0x8BED, 0xCDB4, 0xCDB4, 0xDE56, 0xEEB7, 0xEED8, 0xEED8,
    0xF77A, 0xFF9A, 0xFF9A, 0xF759, 0xFF9A, 0xFFBA, 0xFFBA, 0xFF79, 0xF718, 0xEEB7, 0xEED8, 0xF6B7, 0xDDF4, 0xE675, 0xF6F7, 0xEEB6,
    0xFF19, 0xFF7A, 0xF718, 0xEE96, 0xE635, 0xE634, 0xDDF3, 0xABA9, 0x8A01, 0x9A42, 0x9242, 0xAAE5, 0xBB87, 0xAAE5, 0xAAC5, 0xB346,
    0xD48A, 0xC3E8, 0xBBA7, 0xBB87, 0xB366, 0xBBA7, 0xD46A, 0xD48A, 0xD469, 0xC3C7, 0xC3C7, 0xC3C7, 0xC408, 0xD46A, 0xD48A, 0xD469,
    0xCC49, 0xBBA7, 0xAB46, 0xB367, 0xAB05, 0xAB05, 0xBBA7, 0xBBA7, 0xD46A, 0xDC8A, 0xD469, 0xCBE8, 0xC3C8, 0xD469, 0xDCEB, 0xDCCA,
    0xDCEB, 0xDCCA, 0xBB87, 0xC3C7, 0xCBE8, 0xDCCB, 0xD4CB, 0xDD2C, 0xD46A, 0xD449, 0xD4CB, 0xF610, 0xD4CB, 0xDCCB, 0xDCCB, 0xDCCB,
    0xDCAB, 0xDCAB, 0xDC8A, 0xD48A, 0xD449, 0xCC29, 0xC3E8, 0xCC29, 0xD46A, 0xCC29, 0xC3E8, 0xC408, 0xCC08, 0xC3E8, 0xC3E7, 0xCC08,
    0xCC29, 0xBBA7, 0xBB86, 0xBB87, 0xB346, 0xB367, 0x9263, 0x8A43, 0x8A63, 0x92C5, 0x92C6, 0x92E7, 0x9349, 0x9B6A, 0x9B8A, 0xB40C,
    0xC4CE, 0xCD50, 0xDDB2, 0xDDD2, 0xDDD2, 0xDDF2, 0xD5D2, 0xDDD3, 0xDE13, 0xE635, 0xE655, 0xEE36, 0xEE36, 0xEE56, 0xEE36, 0xF697,
    0xD50F, 0xD52C, 0xFFF6, 0xFFB5, 0xFFB5, 0xFF95, 0xFF94, 0xFF95, 0xFF95, 0xFF75, 0xFF54, 0xFF54, 0xFF34, 0xFF34, 0xFF34, 0xFF34,
    0xFF54, 0xFFB7, 0xFFFB, 0xFF95, 0xFF54, 0xFF33, 0xFF34, 0xFF34, 0xFF34, 0xFF34, 0xFF14, 0xFEF4, 0xFF56, 0xFFD9, 0xFFDA, 0xFFDA,
    0xFFDA, 0xFFDA, 0xFFDA, 0xFFB9, 0xFF78, 0xFF78, 0xFF98, 0xFF36, 0xFEB3, 0xFED3, 0xFED4, 0xFEF4, 0xFED4, 0xFEB3, 0xFE93, 0xFE73,
    0xFE73, 0xFE73, 0xFE73, 0xFE73, 0xFE93, 0xFE72, 0xFE52, 0xFE72, 0xFE52, 0xFE52, 0xFE93, 0xFF57, 0xFFBA, 0xFF99, 0xFFB9, 0xFFBA,
    0xFEF3, 0xFF13, 0xFF55, 0xFF55, 0x6A65, 0x3942, 0x4163, 0x20E1, 0x20C1, 0x18C2, 0x18C1, 0x10A1, 0x1081, 0x1081, 0x2923, 0x2923,
    0x0860, 0x0880, 0x1080, 0x1080, 0x1080, 0x1081, 0x1080, 0x1080, 0x1081, 0x1081, 0x1081, 0x1081, 0x1081, 0x0881, 0x0860, 0x0860,
    0x0860, 0x0860, 0x0860, 0x0860, 0x0860, 0x0860, 0x0860, 0x0000, 0x0820, 0x836B, 0xD5B4, 0xD5F4, 0xE697, 0xFF59, 0xEED8, 0xEEB7,
    0xEEB7, 0xEEB7, 0xEEB7, 0xEED8, 0xFF9A, 0xFFBA, 0xF738, 0xF6D8, 0xEEB8, 0xEEB8, 0xF6B8, 0xF6B7, 0xDDF4, 0xDDF4, 0xF6F8, 0xFF18,
    0xFF18, 0xEEB7, 0xE635, 0xE635, 0xE655, 0xE655, 0xEE96, 0xB42B, 0x89C0, 0x9A42, 0xA263, 0x9A63, 0xB346, 0xCC4A, 0xB366, 0xB326,
    0xB346, 0xD4AB, 0xCC29, 0xBBA7, 0xBB67, 0xC3C8, 0xD46A, 0xD4AA, 0xD4AA, 0xC3E8, 0xC3C7, 0xC3C7, 0xC3E8, 0xD469, 0xD48A, 0xD489,
    0xD48A, 0xC3C7, 0xB386, 0xB387, 0xAB26, 0xAB25, 0xBB87, 0xBBA7, 0xD469, 0xDCAA, 0xD469, 0xCC08, 0xC3C7, 0xD449, 0xE4EB, 0xE50B,
    0xED8D, 0xE54C, 0xC3E8, 0xC3C7, 0xC3A7, 0xDCEC, 0xDCEC, 0xE50C, 0xDC8A, 0xDCCB, 0xE5AE, 0xE56D, 0xD4AB, 0xDD0C, 0xE52D, 0xDCAB,
    0xDCCB, 0xDCAB, 0xDCAB, 0xDC8A, 0xD44A, 0xDC8A, 0xD48A, 0xD449, 0xD449, 0xCC29, 0xCC29, 0xCC49, 0xD449, 0xCC08, 0xC3E8, 0xC408,
    0xC3E8, 0xC3E7, 0xC3C7, 0xBB87, 0xBBA7, 0xB367, 0x9263, 0x8A22, 0x8A43, 0x8AA5, 0x92A5, 0x92C6, 0x9329, 0x9B6A, 0xA38A, 0xABEB,
    0xC4CF, 0xD591, 0xD5B2, 0xD5B1, 0xDDD2, 0xDE13, 0xDDD3, 0xDDD3, 0xDDF3, 0xE614, 0xE614, 0xE635, 0xEE36, 0xEE56, 0xEE56, 0xF697,
    0xD50F, 0xD54C, 0xFFF6, 0xFFB5, 0xFFB5, 0xFFB5, 0xFFB5, 0xFFB5, 0xFF95, 0xFF95, 0xFF74, 0xFF54, 0xFF54, 0xFF54, 0xFF54, 0xFF54,
    0xFF54, 0xFF74, 0xFF96, 0xFF74, 0xFF53, 0xFF33, 0xFF33, 0xFF33, 0xFF34, 0xFF34, 0xFEF4, 0xFEF4, 0xFF14, 0xFF77, 0xFF98, 0xFFB8,
    0xFF97, 0xFF36, 0xFF56, 0xFF36, 0xFEB4, 0xFEB3, 0xFEB3, 0xFEB3, 0xFEB3, 0xFEB3, 0xFF15, 0xFFDB, 0xFF56, 0xFEB3, 0xFEB3, 0xFE93,
    0xFE93, 0xFE93, 0xFE73, 0xFE72, 0xFE72, 0xFE72, 0xFE72, 0xF652, 0xF652, 0xFE52, 0xFE52, 0xFE94, 0xFF38, 0xFFBA, 0xFF99, 0xFF9A,
    0xFEF3, 0xFEF2, 0xFF34, 0xF734, 0xF6F4, 0x5A25, 0x4142, 0x4142, 0x20C1, 0x20C1, 0x18A1, 0x10A1, 0x1081, 0x1080, 0x2902, 0x2923,
    0x10A1, 0x1080, 0x1080, 0x1080, 0x1081, 0x10A1, 0x1081, 0x1081, 0x1081, 0x1081, 0x1081, 0x1081, 0x0860, 0x0881, 0x0881, 0x1081,
    0x0860, 0x0860, 0x0860, 0x0860, 0x0860, 0x0840, 0x10A1, 0x5248, 0x7B4B, 0xACB0, 0xC573, 0xDE15, 0xE696, 0xF739, 0xFF59, 0xFF59,
    0xF739, 0xEE97, 0xEE97, 0xEE97, 0xF6F8, 0xF718, 0xEEB7, 0xF6B8, 0xEEB7, 0xF6B8, 0xF6B8, 0xF6D8, 0xE635, 0xD5B3, 0xD5B3, 0xDDD3,
    0xDDD3, 0xDDF4, 0xDDF4, 0xDDF4, 0xC4F0, 0xCD50, 0xDDB2, 0xD550, 0xBBC8, 0x9A42, 0xA2A3, 0xB305, 0xAB05, 0xCC09, 0xDCAB, 0xBB87,
    0xBB66, 0xC3A7, 0xDCCB, 0xCC29, 0xC3E8, 0xC3E8, 0xCC49, 0xD4AA, 0xDCCA, 0xDCAA, 0xC3C8, 0xC3C7, 0xC3E8, 0xCC08, 0xD449, 0xD48A,
    0xD469, 0xD469, 0xCC69, 0xBB87, 0xB346, 0xB346, 0xBB87, 0xBB87, 0xCC08, 0xDCAA, 0xD469, 0xCC28, 0xCBE8, 0xCC28, 0xE4EB, 0xE52C,
    0xEDAD, 0xED8D, 0xE50B, 0xCBE8, 0xC3A7, 0xDD0C, 0xDD0C, 0xDCAB, 0xDCCB, 0xEDCF, 0xEDCF, 0xDCEC, 0xDD2D, 0xE58E, 0xED8E, 0xDCCB,
    0xDCEC, 0xDCEC, 0xDCEC, 0xD48A, 0xD46A, 0xE50C, 0xE4CB, 0xC3C8, 0xCC09, 0xD46A, 0xD48A, 0xD46A, 0xD449, 0xD449, 0xD449, 0xC3E8,
    0xC3C7, 0xC3E8, 0xC3C7, 0xBBA7, 0xB346, 0xA2C4, 0xAB26, 0x9A84, 0x9283, 0x9AC5, 0x92C5, 0x92A5, 0x92E7, 0x9B6A, 0xA38A, 0xABCB,
    0xC4CF, 0xD571, 0xD591, 0xD591, 0xDDB2, 0xDDD2, 0xD5B2, 0xDDD3, 0xDDF3, 0xE614, 0xE614, 0xE614, 0xEE35, 0xEE56, 0xEE56, 0xF697,
    0xD50F, 0xD54C, 0xFFF7, 0xFFB5, 0xFFB5, 0xFFB5, 0xFFB5, 0xFFB5, 0xFF94, 0xFF94, 0xFF74, 0xFF54, 0xFF54, 0xFF54, 0xFF54, 0xFF34,
    0xFF34, 0xFF33, 0xFF53, 0xFF33, 0xFF33, 0xFF13, 0xFF34, 0xFF75, 0xFF55, 0xFF55, 0xFF35, 0xFF15, 0xFF56, 0xFF57, 0xFF56, 0xFEF4,
    0xFED3, 0xFEB3, 0xFEB3, 0xFEB3, 0xFEB3, 0xFE93, 0xFE93, 0xFE92, 0xFEB3, 0xFEB3, 0xFF15, 0xFFDB, 0xFF35, 0xFEB3, 0xFEB3, 0xFE93,
    0xFE93, 0xFE93, 0xFE73, 0xFE72, 0xFE72, 0xFE72, 0xFE72, 0xF672, 0xFE52, 0xFE52, 0xFE72, 0xF652, 0xF6B4, 0xFF38, 0xFFBA, 0xFF99,
    0xFEF3, 0xFED2, 0xFF14, 0xFF55, 0xFF55, 0x6245, 0x4963, 0x51A4, 0x2902, 0x18C1, 0x18A1, 0x18A1, 0x18A1, 0x1060, 0x2923, 0x3143,
    0x18A1, 0x18A1, 0x10A1, 0x0880, 0x1081, 0x10A1, 0x10A1, 0x1081, 0x1081, 0x1081, 0x1081, 0x0881, 0x0860, 0x0860, 0x1081, 0x10A1,
    0x0860, 0x0840, 0x0860, 0x0860, 0x0860, 0x0040, 0x18A1, 0xA44F, 0xBD11, 0xC532, 0xD5D4, 0xDE56, 0xDE35, 0xF718, 0xFF7A, 0xFF7A,
    0xFF7A, 0xF719, 0xEED7, 0xEEB7, 0xF6D8, 0xF6B8, 0xEEB8, 0xF6B8, 0xEEB7, 0xEE97, 0xEE96, 0xEE76, 0xE655, 0xE5F4, 0xD571, 0xAC0B,
    0xABEB, 0xDDB3, 0xE634, 0xDE14, 0xBC8E, 0x92A5, 0x9244, 0xAB06, 0xBB88, 0xA2A4, 0xAAE4, 0xB325, 0xC387, 0xC386, 0xCC08, 0xDCEB,
    0xBBA7, 0xC387, 0xD46A, 0xD48A, 0xC409, 0xC3E9, 0xCC49, 0xD4AA, 0xDCCB, 0xDCCB, 0xD48A, 0xCC08, 0xCBE8, 0xC3E8, 0xD449, 0xD48A,
    0xD489, 0xDCCA, 0xD48A, 0xBBC7, 0xBB87, 0xB326, 0xB366, 0xC3A7, 0xCC49, 0xD48A, 0xD448, 0xCC28, 0xCC08, 0xCC08, 0xDCEB, 0xE52C,
    0xEDAD, 0xEDAE, 0xED8D, 0xCC29, 0xCC29, 0xDCEB, 0xDCEC, 0xDCEB, 0xE56D, 0xEE30, 0xE58F, 0xE58E, 0xEE10, 0xF671, 0xE56E, 0xDCCB,
    0xE4EC, 0xDCEC, 0xE4EC, 0xE56E, 0xEDAF, 0xEDAF, 0xED8F, 0xED8F, 0xE54E, 0xD46A, 0xD48A, 0xD48A, 0xDCAA, 0xD469, 0xCC49, 0xCC08,
    0xCC28, 0xCC29, 0xC3E8, 0xC3C7, 0xB366, 0xBBA7, 0xC3C7, 0xBBC7, 0xC3C8, 0xAB46, 0x9285, 0x92C5, 0x92E7, 0x9B49, 0x9B6A, 0xABCB,
    0xBC6D, 0xC4CE, 0xD591, 0xDDB2, 0xD5B2, 0xD592, 0xD591, 0xD5B2, 0xDDD3, 0xDE13, 0xE614, 0xE634, 0xE635, 0xEE56, 0xEE56, 0xEE76,
    0xEE55, 0xDD4F, 0xD50C, 0xFF95, 0xFFF6, 0xFFD5, 0xFFB5, 0xFFB5, 0xFF95, 0xFF74, 0xFF74, 0xFF54, 0xFF34, 0xFF34, 0xFF34, 0xFF34,
    0xFF33, 0xFF34, 0xFF75, 0xFF75, 0xFF75, 0xFF75, 0xFF97, 0xFFD9, 0xFFD9, 0xFFDA, 0xFFB9, 0xFFB8, 0xFFD9, 0xFFDA, 0xFF99, 0xFF15,
    0xFED3, 0xFED3, 0xFED4, 0xFED3, 0xFEB3, 0xFEB3, 0xFEB3, 0xFE93, 0xFEB3, 0xFEB3, 0xFED3, 0xFED3, 0xFEF4, 0xFEF4, 0xFE92, 0xFE93,
    0xFE93, 0xFE72, 0xFE72, 0xF672, 0xF672, 0xFE73, 0xFE73, 0xFE52, 0xFE72, 0xFE52, 0xFE72, 0xF672, 0xFE52, 0xF693, 0xFF58, 0xFF99,
    0xFF14, 0xFEF2, 0xFF13, 0xFF34, 0xFF35, 0x6225, 0x4963, 0x59A3, 0x3102, 0x18C1, 0x18A1, 0x18A1, 0x18A1, 0x1060, 0x18C1, 0x2923,
    0x18C1, 0x10A0, 0x10A1, 0x1080, 0x1060, 0x1081, 0x1081, 0x1081, 0x1081, 0x1081, 0x1081, 0x0881, 0x0860, 0x0860, 0x0860, 0x1081,
    0x0860, 0x0840, 0x0840, 0x0860, 0x0860, 0x0860, 0x0000, 0x3122, 0xB4F0, 0xDE35, 0xE676, 0xDE35, 0xE6B7, 0xFF7A, 0xFF7A, 0xFF5A,
    0xF739, 0xF719, 0xF6D8, 0xEEB7, 0xEEB7, 0xEEB7, 0xF6B7, 0xEEB7, 0xEEB7, 0xEE76, 0xE655, 0xE655, 0xE655, 0xE634, 0xE5F3, 0x9B28,
    0x7A03, 0xABEA, 0xC4CD, 0xDD70, 0xDDD1, 0xBBC9, 0xB367, 0xBB87, 0xBBA8, 0xC3C8, 0xC3C7, 0xC3A7, 0xC387, 0xCBC7, 0xC387, 0xCC49,
    0xDCEC, 0xC3A7, 0xCC08, 0xD48A, 0xCC09, 0xC3C8, 0xCC09, 0xD469, 0xDCCB, 0xDCCB, 0xDCEB, 0xCC49, 0xC3E8, 0xCBE8, 0xCC29, 0xD449,
    0xD469, 0xDCAA, 0xD4AA, 0xD48A, 0xC3C8, 0xAB05, 0xB346, 0xC3A7, 0xD449, 0xDC89, 0xD469, 0xD428, 0xD428, 0xCC08, 0xE4EA, 0xE52B,
    0xF5EE, 0xF62F, 0xEDEF, 0xD449, 0xD469, 0xD46A, 0xDCAB, 0xDD0C, 0xE58E, 0xEE10, 0xE5AF, 0xEE10, 0xEE51, 0xEDCF, 0xE50C, 0xE4CB,
    0xDCAB, 0xDCAB, 0xE54E, 0xEDEF, 0xEDCF, 0xDD0C, 0xDD0C, 0xDD0C, 0xDD2D, 0xE56D, 0xDCEC, 0xDCEB, 0xDCCB, 0xD469, 0xD469, 0xD48A,
    0xD48A, 0xCC49, 0xBBA7, 0xBB86, 0xC3A7, 0xC3E8, 0xC3E8, 0xC3E7, 0xC3E7, 0xBBC7, 0xBBA8, 0xAB26, 0x9285, 0x92A5, 0xA349, 0xABEC,
    0xABEB, 0xB42C, 0xC4EF, 0xD571, 0xD571, 0xD592, 0xD591, 0xD591, 0xDDD3, 0xDDF3, 0xE634, 0xEE35, 0xEE55, 0xEE56, 0xEE56, 0xEE56,
    0xEE97, 0xF676, 0xCC4B, 0xF755, 0xFFF6, 0xFFD5, 0xFFD5, 0xFFB5, 0xFFB5, 0xFF94, 0xFF94, 0xFF95, 0xFF95, 0xFF96, 0xFFB8, 0xFFB8,
    0xFFB7, 0xFFB8, 0xFFD9, 0xFFDA, 0xFFDA, 0xFFFA, 0xFFDA, 0xFFDA, 0xFFFA, 0xFFFB, 0xFFFB, 0xFFDA, 0xFFDA, 0xFFBA, 0xFFBA, 0xFF98,
    0xFEF4, 0xFEB3, 0xFED3, 0xFED3, 0xFEB3, 0xFEB3, 0xFEB3, 0xFE93, 0xFE93, 0xFEB3, 0xFEB3, 0xFEB3, 0xFEB3, 0xFEB3, 0xFE93, 0xFE93,
    0xFE93, 0xFE72, 0xF652, 0xF652, 0xF652, 0xFE72, 0xFE72, 0xFE52, 0xFE52, 0xFE72, 0xFE72, 0xF672, 0xFE73, 0xF652, 0xF693, 0xFF16,
    0xFF76, 0xFF14, 0xFF13, 0xFF34, 0xFF35, 0x51C3, 0x4102, 0x59E4, 0x3942, 0x28E2, 0x20C1, 0x18A1, 0x10A1, 0x1080, 0x0860, 0x20E1,
    0x2902, 0x18C1, 0x1080, 0x1081, 0x0880, 0x0860, 0x0880, 0x1081, 0x1081, 0x1081, 0x1081, 0x1081, 0x1081, 0x0860, 0x0860, 0x0860,
    0x0860, 0x0860, 0x0860, 0x0860, 0x0860, 0x0840, 0x2923, 0x6AC9, 0xB4F0, 0xDE15, 0xE676, 0xDE35, 0xE6B7, 0xFF7A, 0xFF7A, 0xF739,
    0xF6F8, 0xEE77, 0xEE77, 0xEE77, 0xE676, 0xEE77, 0xEEB7, 0xEEB7, 0xEEB7, 0xEE97, 0xEE97, 0xE675, 0xE614, 0xE634, 0xCD51, 0x8AA6,
    0x79E3, 0x92A5, 0xB3A8, 0xB388, 0xB3A8, 0xAB67, 0xA306, 0xBBC8, 0xCC4A, 0xC429, 0xD48A, 0xED6E, 0xD48A, 0xBB86, 0xC3A7, 0xC3A7,
    0xDD0C, 0xDCEC, 0xC3C8, 0xCBE8, 0xCC49, 0xC3C8, 0xC3C8, 0xCC28, 0xDCCB, 0xDCCA, 0xE52C, 0xDCCA, 0xD449, 0xCC08, 0xD429, 0xD428,
    0xD449, 0xD48A, 0xD4AA, 0xDCCA, 0xC3A7, 0xB326, 0xB346, 0xC3A7, 0xCBE8, 0xD428, 0xDC89, 0xD448, 0xD428, 0xCC08, 0xE4EA, 0xE52B,
    0xF5EE, 0xF62F, 0xEDEE, 0xD449, 0xD449, 0xD449, 0xD46A, 0xDD0C, 0xEDAE, 0xEE30, 0xEE10, 0xEE30, 0xF651, 0xE54D, 0xE4CB, 0xDCAB,
    0xDCAB, 0xED8E, 0xEDCF, 0xEDCF, 0xDCEC, 0xCC69, 0xD489, 0xD489, 0xDCCA, 0xE54D, 0xE5AE, 0xE52C, 0xD469, 0xD4AA, 0xD48A, 0xD489,
    0xD469, 0xC408, 0xC3C7, 0xCC08, 0xCC48, 0xCC28, 0xC3E7, 0xCC08, 0xCC49, 0xCC49, 0xCC49, 0xBBC7, 0xB387, 0xA326, 0x92A5, 0x9B48,
    0xABCB, 0xAC0C, 0xB42C, 0xBC8E, 0xC4CF, 0xDDB2, 0xD592, 0xD591, 0xDDD3, 0xDDF3, 0xE635, 0xEE35, 0xEE55, 0xEE76, 0xEE56, 0xEE76,
    0xEE76, 0xEE76, 0xCC8C, 0xF776, 0xFFF7, 0xFFD7, 0xFFF7, 0xFFF7, 0xFFD7, 0xFFD7, 0xFFB7, 0xFFD8, 0xFFF9, 0xFFF9, 0xFFFA, 0xFFFA,
    0xFFFA, 0xFFFA, 0xFFFA, 0xFFDA, 0xFFFA, 0xFFDA, 0xFFDA, 0xFFDA, 0xFFDA, 0xFFDA, 0xFFDA, 0xFFDA, 0xFFDA, 0xFFB9, 0xFFB9, 0xFF99,
    0xFF78, 0xFED4, 0xFEB3, 0xFEB3, 0xFEB3, 0xFEB3, 0xFEB3, 0xFE93, 0xFE93, 0xFE93, 0xFEB3, 0xFEB3, 0xFE93, 0xFE93, 0xFE93, 0xFE93,
    0xFE92, 0xFE52, 0xFE72, 0xFE73, 0xFE72, 0xFE72, 0xFE72, 0xFE72, 0xFE52, 0xFE52, 0xFE72, 0xF672, 0xF672, 0xFE72, 0xFE72, 0xF673,
    0xFF98, 0xFF14, 0xFEF3, 0xFEF4, 0xFF14, 0xB4CD, 0x6A66, 0x38E1, 0x49A4, 0x4163, 0x3122, 0x20C1, 0x20C1, 0x18C1, 0x1060, 0x20C1,
    0x3943, 0x2902, 0x1080, 0x10A1, 0x10A1, 0x1080, 0x1080, 0x1081, 0x10A1, 0x10A1, 0x1081, 0x1081, 0x0860, 0x0860, 0x0860, 0x0860,
    0x0860, 0x0860, 0x0840, 0x0860, 0x0860, 0x0020, 0x7B0A, 0xD5B4, 0xCD93, 0xDE15, 0xEE97, 0xF719, 0xF719, 0xF739, 0xEEF8, 0xEED8,
    0xEED8, 0xEE97, 0xEE77, 0xEE77, 0xEE76, 0xE655, 0xE655, 0xE655, 0xEE96, 0xEE97, 0xF697, 0xE655, 0xDDD3, 0xDDD2, 0xB42C, 0x8264,
    0xA306, 0x8A24, 0x89E2, 0x8A03, 0x8A23, 0x9223, 0x9223, 0xA2A4, 0xB345, 0xAB05, 0xAB25, 0xD46A, 0xDCCB, 0xDCCB, 0xCC29, 0xC3A7,
    0xCC09, 0xE54D, 0xD44A, 0xC3A8, 0xD449, 0xCC08, 0xC3A7, 0xC3E8, 0xDCAA, 0xDCCA, 0xE50B, 0xED8C, 0xDCEB, 0xCC08, 0xDC69, 0xD428,
    0xCC08, 0xD469, 0xE52C, 0xDCCA, 0xCC09, 0xBB87, 0xBB46, 0xC387, 0xC3C7, 0xCC28, 0xE4AA, 0xD428, 0xD428, 0xD448, 0xE50B, 0xE54B,
    0xF5EE, 0xF62F, 0xF60F, 0xE56D, 0xD448, 0xD449, 0xD449, 0xDD0B, 0xEE0F, 0xEE30, 0xEE30, 0xEE30, 0xE5AE, 0xE4EC, 0xDCCB, 0xDD0C,
    0xEDAF, 0xEDEF, 0xEDCF, 0xDD0C, 0xD4CB, 0xDCEB, 0xE52C, 0xE52C, 0xDD0B, 0xD4CA, 0xDCCA, 0xDD0B, 0xDD0C, 0xDCCB, 0xCC69, 0xCC08,
    0xCC08, 0xD469, 0xD48A, 0xD489, 0xD469, 0xD449, 0xCC49, 0xCC49, 0xCC28, 0xCC49, 0xCC29, 0xCC49, 0xCC69, 0xB367, 0xA306, 0xA2E6,
    0xA327, 0xB42C, 0xB42C, 0xAC0C, 0xBC8E, 0xDDB2, 0xD591, 0xD591, 0xDDD2, 0xDDF3, 0xE635, 0xEE35, 0xEE55, 0xEE76, 0xEE76, 0xEE76,
    0xEE76, 0xEE75, 0xCC8B, 0xF777, 0xFFF9, 0xFFF9, 0xFFFA, 0xFFF9, 0xFFD9, 0xFFF9, 0xFFF9, 0xFFFA, 0xFFF9, 0xFFF9, 0xFFF9, 0xFFF9,
    0xFFF9, 0xFFD9, 0xFFD9, 0xFFD9, 0xFFFA, 0xFFFA, 0xFFFA, 0xFFDA, 0xFFDA, 0xFFDA, 0xFFDA, 0xFFDA, 0xFFDA, 0xFFBA, 0xFFBA, 0xFFB9,
    0xFFB9, 0xFF36, 0xFED4, 0xFEB3, 0xFEB3, 0xFEB3, 0xFEB3, 0xFEB3, 0xFEB3, 0xFEB3, 0xFEB3, 0xFEB3, 0xFE93, 0xFE93, 0xFE92, 0xFE92,
    0xFE72, 0xFE52, 0xFE72, 0xFE72, 0xFE72, 0xFE72, 0xFE72, 0xF672, 0xF672, 0xF672, 0xF652, 0xF652, 0xFE72, 0xF672, 0xF652, 0xF652,
    0xFF98, 0xFF55, 0xFF13, 0xFEF3, 0xFEF3, 0xFFB6, 0xCD8F, 0x51C4, 0x3902, 0x4163, 0x3942, 0x3122, 0x3102, 0x2902, 0x20C1, 0x20C1,
    0x3143, 0x3123, 0x20C1, 0x1080, 0x18C1, 0x10A1, 0x1080, 0x0881, 0x0860, 0x0881, 0x0881, 0x0860, 0x0860, 0x0860, 0x0860, 0x0840,
    0x0860, 0x0860, 0x0860, 0x0860, 0x0860, 0x0020, 0x730A, 0xCDB3, 0xCDB3, 0xD5D4, 0xE656, 0xF719, 0xF739, 0xF739, 0xEED8, 0xE698,
    0xEE97, 0xE697, 0xEE77, 0xEE97, 0xEE97, 0xDDF3, 0xDDD2, 0xDE13, 0xDE14, 0xDDF4, 0xE613, 0xDDF3, 0xDDD2, 0xBC6C, 0x92C5, 0x92A5,
    0x81A1, 0x89E2, 0x89E2, 0x89E2, 0x9264, 0xA2C4, 0x9A84, 0xA2A4, 0xB345, 0xC3C8, 0xBBA7, 0xB366, 0xC3E8, 0xD46A, 0xD4AB, 0xDCCB,
    0xCC09, 0xD46A, 0xE56E, 0xC408, 0xCC09, 0xD46A, 0xC3C8, 0xC3E8, 0xDCEB, 0xE54C, 0xE52B, 0xE56C, 0xE54C, 0xDCCA, 0xDCAA, 0xD428,
    0xD408, 0xD469, 0xED8D, 0xDCCA, 0xCC28, 0xBB86, 0xBB46, 0xC3A7, 0xCC08, 0xD448, 0xDCAA, 0xD448, 0xD448, 0xD469, 0xE50B, 0xE54C,
    0xF60E, 0xF62F, 0xF62F, 0xF60F, 0xD469, 0xD449, 0xD449, 0xDD0B, 0xEE10, 0xEE30, 0xEE30, 0xEE51, 0xEDAE, 0xDCEB, 0xE54C, 0xEDCF,
    0xEE10, 0xEDF0, 0xE58E, 0xDD4D, 0xE58D, 0xE58D, 0xED8D, 0xE52C, 0xDD0B, 0xDCEB, 0xDCCB, 0xDCCB, 0xDD2B, 0xE52C, 0xD4AA, 0xD489,
    0xDCAA, 0xD489, 0xD48A, 0xD489, 0xD469, 0xD469, 0xD469, 0xD469, 0xD4AA, 0xDCCA, 0xCC69, 0xCC29, 0xCC49, 0xD48A, 0xD4AA, 0xAB26,
    0xA306, 0xB40C, 0xAC2C, 0xB40C, 0xBCAE, 0xDDB2, 0xD591, 0xD591, 0xDDD3, 0xDDF3, 0xDE13, 0xE614, 0xE655, 0xEE55, 0xEE76, 0xEE76,
    0xEE76, 0xEE76, 0xCC6B, 0xF796, 0xFF97, 0xFF55, 0xFF76, 0xFFD8, 0xFFF9, 0xFFB8, 0xF756, 0xFF77, 0xFFF9, 0xFFF9, 0xFFF9, 0xFFF9,
    0xFFD8, 0xFFD9, 0xFFD9, 0xFFD9, 0xFFDA, 0xFFFA, 0xFFFA, 0xFFDA, 0xFFDA, 0xFFDA, 0xFFDA, 0xFFDA, 0xFFDA, 0xFFDA, 0xFFBA, 0xFFBA,
    0xFFBA, 0xFFBA, 0xFF57, 0xFEB3, 0xFEB3, 0xFEB3, 0xFEB3, 0xFEB3, 0xFED3, 0xFED3, 0xFEB3, 0xFE93, 0xFE93, 0xFE93, 0xFE93, 0xFE72,
    0xFE52, 0xFE52, 0xFE72, 0xFE72, 0xFE72, 0xF672, 0xF672, 0xF652, 0xF672, 0xF672, 0xF652, 0xF632, 0xF652, 0xF652, 0xF652, 0xF652,
    0xFF97, 0xFF76, 0xFF35, 0xFEF4, 0xFEF4, 0xFED3, 0xFF55, 0xDE31, 0x72C7, 0x3901, 0x3921, 0x3942, 0x3942, 0x3942, 0x3122, 0x2902,
    0x3122, 0x3102, 0x2902, 0x18A1, 0x18A1, 0x18A1, 0x1080, 0x0860, 0x0860, 0x0860, 0x0860, 0x0881, 0x0861, 0x0860, 0x0860, 0x0860,
    0x0860, 0x0860, 0x0860, 0x0840, 0x0860, 0x0020, 0x7B2A, 0xD5D4, 0xD5B4, 0xD5D4, 0xD5F4, 0xE676, 0xEE97, 0xE697, 0xE697, 0xE677,
    0xE677, 0xE697, 0xEE97, 0xEE97, 0xE655, 0xD5B2, 0xDDB2, 0xDDD3, 0xDE13, 0xE5F4, 0xC4EF, 0xA3A9, 0xA3A9, 0x9B07, 0x7980, 0x81A1,
    0x81E1, 0x89E2, 0x8A02, 0x8A02, 0x9A63, 0xB346, 0xB346, 0xAB05, 0xAAE5, 0xBBA7, 0xC408, 0xCC08, 0xCC49, 0xCC29, 0xCC29, 0xDCEC,
    0xDCCB, 0xD44A, 0xDCEC, 0xE54D, 0xC3C8, 0xCC29, 0xCC29, 0xCBE8, 0xE50B, 0xED8D, 0xED6C, 0xE56C, 0xED8D, 0xE52C, 0xDCEA, 0xD448,
    0xD448, 0xD448, 0xED4C, 0xE54C, 0xD489, 0xBB66, 0xBB66, 0xC3A7, 0xD429, 0xDC69, 0xDCAA, 0xD428, 0xD449, 0xD448, 0xE4EA, 0xF5EE,
    0xF62F, 0xF62F, 0xF650, 0xF60F, 0xD449, 0xD449, 0xD449, 0xE50C, 0xF610, 0xEE31, 0xF651, 0xF651, 0xEDAE, 0xE52D, 0xEDEF, 0xF672,
    0xEE30, 0xEE10, 0xEE10, 0xEE10, 0xEE0F, 0xE58D, 0xDD2C, 0xE54C, 0xE54C, 0xE56D, 0xE54C, 0xE56C, 0xE52B, 0xDCEB, 0xDCCA, 0xD489,
    0xD489, 0xD489, 0xD489, 0xD489, 0xD489, 0xD489, 0xD4AA, 0xD4A9, 0xD4CA, 0xDCEB, 0xD4CA, 0xD4AA, 0xD4CA, 0xD4CB, 0xD4CB, 0xCC6A,
    0xBBE9, 0x9285, 0xA38A, 0xB44D, 0xB46D, 0xCD30, 0xDDD2, 0xD592, 0xDDD3, 0xDDF3, 0xDDF3, 0xDE13, 0xE654, 0xE655, 0xEE76, 0xEE76,
    0xEE96, 0xEE55, 0xC46B, 0xFFB7, 0xE5CF, 0xECEA, 0xEDAD, 0xFF75, 0xFFB7, 0xF713, 0xEDAC, 0xEE0E, 0xFF96, 0xFF97, 0xFF76, 0xF6D4,
    0xFFB8, 0xFFD8, 0xFFB9, 0xFFD9, 0xFFD9, 0xFFD9, 0xFFDA, 0xFFDA, 0xFFDA, 0xFFDA, 0xFFDA, 0xFFDA, 0xFFDA, 0xFFDA, 0xFFDA, 0xFFBA,
    0xFFBA, 0xFFBA, 0xFFB9, 0xFF98, 0xFED4, 0xFE93, 0xFEB3, 0xFEB3, 0xFEB3, 0xFEB3, 0xFE92, 0xFE92, 0xFE92, 0xFE92, 0xFE93, 0xFE92,
    0xFE72, 0xFE73, 0xFE73, 0xFE72, 0xFE72, 0xFE72, 0xFE72, 0xF672, 0xF672, 0xF672, 0xF672, 0xF631, 0xF631, 0xF652, 0xF652, 0xFE52,
    0xFFB8, 0xFF97, 0xFF14, 0xFED4, 0xFEF4, 0xFF14, 0xFF14, 0xFF75, 0xFF35, 0xD611, 0xACAD, 0x28A0, 0x3901, 0x3101, 0x3101, 0x4983,
    0x3123, 0x20C1, 0x20C1, 0x18C1, 0x18A1, 0x18C1, 0x0880, 0x0860, 0x0860, 0x0860, 0x0860, 0x1081, 0x1081, 0x0860, 0x0860, 0x0860,
    0x0840, 0x0860, 0x0860, 0x0860, 0x0840, 0x0000, 0x7B4B, 0xDDD4, 0xD5B4, 0xD5D4, 0xDDF5, 0xE676, 0xE656, 0xEE77, 0xEEB7, 0xEE97,
    0xE657, 0xEEB8, 0xF6D8, 0xEE76, 0xDDF4, 0xE634, 0xC4EF, 0xC4F0, 0xE614, 0xE614, 0xBCAE, 0x9B68, 0x8A64, 0x7120, 0x81C1, 0x9AA4,
    0xA2C4, 0x9AA4, 0x9A63, 0x9A83, 0xA2C4, 0xAB25, 0xBB86, 0xB366, 0xB325, 0xB346, 0xC408, 0xCC08, 0xCC49, 0xDCEB, 0xDD0C, 0xE52C,
    0xDD0C, 0xDD0C, 0xD48A, 0xDCEC, 0xD4CB, 0xCC08, 0xCC49, 0xCC08, 0xDCCA, 0xE56C, 0xE58C, 0xED8D, 0xED8C, 0xE54C, 0xED8D, 0xCC48,
    0xD448, 0xD469, 0xE52C, 0xED6D, 0xDCCA, 0xBBA6, 0xBB66, 0xC3A7, 0xD448, 0xDC69, 0xED0B, 0xDCA9, 0xDC69, 0xD448, 0xE4CA, 0xF62F,
    0xF62F, 0xF62F, 0xF650, 0xF60F, 0xD449, 0xD428, 0xCC08, 0xD4AA, 0xE56D, 0xF651, 0xF671, 0xEE30, 0xEDEF, 0xF672, 0xF672, 0xF672,
    0xF672, 0xF672, 0xEE51, 0xEE10, 0xEDEF, 0xE5AE, 0xEDCE, 0xEDEF, 0xEDCE, 0xE5AD, 0xE58D, 0xDD2B, 0xDCCA, 0xD489, 0xD489, 0xD4A9,
    0xD489, 0xD489, 0xD489, 0xD489, 0xD4AA, 0xDCCA, 0xDCCA, 0xDCEB, 0xDD0B, 0xDD2B, 0xDD2C, 0xE54C, 0xE54C, 0xDD4C, 0xDD0C, 0xDD0C,
    0xCC8B, 0xB388, 0xAB88, 0xB40B, 0xBC8E, 0xBCAE, 0xCD50, 0xD571, 0xD5B2, 0xDDF3, 0xDE13, 0xE634, 0xE655, 0xE675, 0xEE76, 0xEE76,
    0xF6B7, 0xDD91, 0xBB88, 0xD52C, 0xF6EF, 0xF70E, 0xF6AE, 0xED0A, 0xED2B, 0xEDEC, 0xFFB0, 0xFF30, 0xED6C, 0xF56D, 0xED6C, 0xF650,
    0xFFD7, 0xFF97, 0xFFF9, 0xFFD9, 0xFFB9, 0xFFD9, 0xFFD9, 0xFFDA, 0xFFDA, 0xFFDA, 0xFFDA, 0xFFDA, 0xFFDA, 0xFFDA, 0xFFDA, 0xFFDA,
    0xFFBA, 0xFFB9, 0xFFBA, 0xFFBA, 0xFF78, 0xFF15, 0xFE93, 0xFEB3, 0xFEB3, 0xFE92, 0xFE92, 0xFE92, 0xFE72, 0xFE92, 0xFE92, 0xFE92,
    0xFE93, 0xFE93, 0xFE93, 0xFE72, 0xFE72, 0xFE72, 0xFE72, 0xFE72, 0xFE72, 0xF672, 0xFE72, 0xF672, 0xF652, 0xF652, 0xF652, 0xF652,
    0xFFFA, 0xFFD8, 0xFF35, 0xFED4, 0xFEB3, 0xFEF4, 0xFF14, 0xFF34, 0xFF35, 0xFFD7, 0xF714, 0xD611, 0x93CA, 0x2040, 0x4142, 0x5A25,
    0x3942, 0x28E2, 0x3102, 0x2902, 0x28E1, 0x20C1, 0x1080, 0x1080, 0x1080, 0x1080, 0x1081, 0x1081, 0x1081, 0x1081, 0x1081, 0x1081,
    0x0860, 0x0860, 0x0860, 0x0000, 0x1081, 0x20C2, 0x7B6B, 0xD5D4, 0xD5B4, 0xDE15, 0xE656, 0xE636, 0xE636, 0xE656, 0xEE97, 0xEE77,
    0xE677, 0xEEB7, 0xEE96, 0xEE76, 0xE655, 0xEE55, 0xC4CF, 0xAC0C, 0xD592, 0xDDD3, 0xDDD2, 0xA389, 0x7181, 0x79A1, 0x81A1, 0x8A02,
    0x9A83, 0xAAE4, 0xAB05, 0xAB05, 0xB325, 0xB346, 0xB366, 0xC3C7, 0xC3E8, 0xBB66, 0xC3C8, 0xCC29, 0xCC49, 0xD48A, 0xD4CB, 0xEDAE,
    0xE56E, 0xED8E, 0xD4CB, 0xD4CB, 0xDD2C, 0xCC49, 0xCC29, 0xCC29, 0xD469, 0xE52C, 0xEDAD, 0xEDEE, 0xEDCD, 0xEDAD, 0xEDCD, 0xDCCA,
    0xD469, 0xDC89, 0xE52B, 0xE54B, 0xED4B, 0xD448, 0xBB66, 0xC3A7, 0xD448, 0xD448, 0xE4EA, 0xDCCA, 0xD469, 0xD448, 0xDCEA, 0xF60F,
    0xF62F, 0xF62F, 0xF62F, 0xF60F, 0xE54C, 0xD428, 0xCBE7, 0xD469, 0xE52C, 0xF672, 0xEE52, 0xEE10, 0xF652, 0xF693, 0xF693, 0xEE72,
    0xEE72, 0xF672, 0xEE30, 0xEE10, 0xEE30, 0xEE30, 0xF650, 0xEE0F, 0xE58D, 0xDD2C, 0xDD2B, 0xDD0B, 0xDD0B, 0xD4A9, 0xD489, 0xD489,
    0xD489, 0xD469, 0xD489, 0xD4AA, 0xD4CA, 0xDCEA, 0xDCEA, 0xE54C, 0xE54C, 0xE56C, 0xE56C, 0xE54C, 0xE54C, 0xDD4C, 0xD50C, 0xDD0C,
    0xDD2C, 0xE56D, 0xB387, 0xA327, 0xB40B, 0xC4AE, 0xC4EF, 0xD571, 0xDDB3, 0xE634, 0xE614, 0xE635, 0xEE76, 0xEE96, 0xEE96, 0xEE96,
    0xF676, 0xF696, 0xDD70, 0xC428, 0xFFF1, 0xFFB0, 0xF70E, 0xF5AB, 0xF6CD, 0xFF4E, 0xFF6F, 0xFF6F, 0xFF0F, 0xFF0F, 0xFF2F, 0xFEEF,
    0xF64F, 0xF64F, 0xF691, 0xFF56, 0xFFF9, 0xFFF9, 0xFFFA, 0xFFDA, 0xFFDA, 0xFFDA, 0xFFDA, 0xFFDA, 0xFFBA, 0xFFDA, 0xFFDA, 0xFFDA,
    0xFFBA, 0xFFBA, 0xFFBA, 0xFFB9, 0xFFDA, 0xFF78, 0xFF14, 0xFED3, 0xFEB3, 0xFE92, 0xFE92, 0xFE92, 0xFE92, 0xFE92, 0xFE93, 0xFE93,
    0xFE93, 0xFE73, 0xFE72, 0xFE72, 0xF652, 0xFE72, 0xFE93, 0xFE72, 0xFE93, 0xFEB3, 0xFE93, 0xFE92, 0xF672, 0xF632, 0xF631, 0xF652,
    0xFFFA, 0xFFF9, 0xFFB7, 0xFEF4, 0xFED3, 0xFF14, 0xFF34, 0xFF34, 0xFF13, 0xFEF2, 0xFF13, 0xFFD5, 0xD5F0, 0x7AE7, 0x5141, 0x7244,
    0x6204, 0x3942, 0x3102, 0x3102, 0x3102, 0x20C1, 0x1080, 0x1080, 0x10A1, 0x10A1, 0x10A1, 0x1081, 0x1081, 0x1081, 0x1081, 0x1061,
    0x1080, 0x1060, 0x1060, 0x3164, 0x5A68, 0x7B2A, 0x8BAC, 0xD5D4, 0xD5D4, 0xDE15, 0xE656, 0xE636, 0xE636, 0xE636, 0xE656, 0xE677,
    0xEE77, 0xEE97, 0xEE76, 0xEE76, 0xEE76, 0xE635, 0xC4CF, 0xB42C, 0xD591, 0xE634, 0xBCAD, 0x9284, 0x9243, 0x9AA4, 0x9AA4, 0x9A83,
    0xA2A4, 0xA2C4, 0xAAC4, 0xAB25, 0xB346, 0xB346, 0xB346, 0xC3C7, 0xCC28, 0xC3C7, 0xC3E8, 0xCC29, 0xCC49, 0xD46A, 0xD48A, 0xDD0C,
    0xEDF0, 0xEE10, 0xE58E, 0xE54D, 0xE56D, 0xDD0C, 0xCC08, 0xCC49, 0xD449, 0xE52C, 0xEDAD, 0xEDEE, 0xF5EE, 0xEDEE, 0xF60E, 0xED6C,
    0xDC89, 0xDC89, 0xE52B, 0xDD0A, 0xED8C, 0xDCCA, 0xC3A6, 0xCBC7, 0xD428, 0xD469, 0xE4EA, 0xDCAA, 0xDCA9, 0xED8D, 0xED8D, 0xF5EE,
    0xF60F, 0xF5EF, 0xF60F, 0xF60F, 0xEDAD, 0xD428, 0xCBE7, 0xD469, 0xE54C, 0xEE72, 0xEE51, 0xF652, 0xF673, 0xF673, 0xF673, 0xF672,
    0xF672, 0xF651, 0xEE30, 0xEE30, 0xEE30, 0xE5CE, 0xE56D, 0xE56D, 0xE58D, 0xE5AD, 0xE5AD, 0xE58D, 0xE56C, 0xD489, 0xCC28, 0xCC28,
    0xD448, 0xD469, 0xDCA9, 0xDCEA, 0xDCCA, 0xDCCA, 0xDCEA, 0xE56C, 0xE56C, 0xE56C, 0xED8D, 0xE58D, 0xDD4C, 0xDD6D, 0xE58D, 0xE56D,
    0xDD2C, 0xD50C, 0xD50C, 0xBBE9, 0x9AC6, 0xC4AE, 0xCD0F, 0xD571, 0xDDD3, 0xE635, 0xE635, 0xE635, 0xEE76, 0xEE76, 0xEE96, 0xEE97,
    0xEE96, 0xFED7, 0xEE13, 0xC429, 0xF6EE, 0xFFAF, 0xFF6F, 0xFF8F, 0xFF8F, 0xFF6F, 0xFF6F, 0xFF4F, 0xFFD5, 0xFFB4, 0xFF4F, 0xF64D,
    0xF58B, 0xF5AB, 0xED6B, 0xEE0F, 0xF736, 0xFF16, 0xFF77, 0xFFB8, 0xFFD9, 0xFFB9, 0xFFD9, 0xFFB9, 0xFFB9, 0xFFDA, 0xFFDA, 0xFFDA,
    0xFFBA, 0xFFBA, 0xFFBA, 0xFFBA, 0xFFBA, 0xFFB9, 0xFF98, 0xFEF4, 0xFEB3, 0xFE93, 0xFE93, 0xFEB3, 0xFEB3, 0xFEB3, 0xFE93, 0xFE93,
    0xFE73, 0xFE73, 0xFE72, 0xFE73, 0xFE73, 0xFE93, 0xFE93, 0xFE72, 0xFEF4, 0xFF35, 0xFE72, 0xFE72, 0xFE72, 0xF652, 0xF652, 0xF652,
    0xFFFA, 0xFFFA, 0xFFD8, 0xFF14, 0xFED3, 0xFF14, 0xFF33, 0xFF34, 0xFF13, 0xFEF2, 0xFF13, 0xFF75, 0xFFF8, 0xF777, 0x93CA, 0x9BC9,
    0x82C6, 0x6A24, 0x6204, 0x51C3, 0x4162, 0x3122, 0x2902, 0x18C1, 0x10A1, 0x10A1, 0x1081, 0x1080, 0x1081, 0x1081, 0x1080, 0x1081,
    0x1081, 0x1080, 0x0860, 0x8BED, 0xC573, 0xB4F1, 0xB4F1, 0xCD73, 0xD5B4, 0xDE35, 0xE656, 0xEE97, 0xEEB7, 0xEEB7, 0xEEB7, 0xEE98,
    0xEE77, 0xEE97, 0xEED8, 0xEED7, 0xEE55, 0xE5F3, 0xDDB2, 0xD571, 0xABCA, 0xB42C, 0xAB68, 0x9A83, 0xAAE5, 0xA2C4, 0xA2C4, 0xA2C4,
    0xA2C4, 0xAB05, 0xAB05, 0xAB05, 0xB345, 0xB366, 0xBBA7, 0xC3C7, 0xC3C7, 0xC3C7, 0xC408, 0xCC09, 0xD46A, 0xDCCB, 0xDD2C, 0xDD0C,
    0xE58E, 0xF630, 0xF630, 0xEDAE, 0xE56D, 0xE54D, 0xD48A, 0xCC29, 0xD469, 0xE54C, 0xEDCE, 0xEDEE, 0xF60E, 0xF60E, 0xF60E, 0xE56C,
    0xDC69, 0xDCA9, 0xDCCA, 0xE54B, 0xEDAD, 0xE52B, 0xCBE7, 0xCBC7, 0xCBE7, 0xDCAA, 0xE50B, 0xDCCA, 0xE50B, 0xEDCD, 0xEDAD, 0xEDAD,
    0xEDEE, 0xEDEE, 0xEDCE, 0xEDEE, 0xEDAD, 0xD428, 0xCBE7, 0xD489, 0xE52C, 0xF672, 0xEE52, 0xF673, 0xF673, 0xF673, 0xF673, 0xF673,
    0xEE10, 0xEDEF, 0xEDEF, 0xEDEF, 0xEDEF, 0xEDEF, 0xEDEF, 0xEDEF, 0xE5AE, 0xE58D, 0xE58D, 0xDD0B, 0xD469, 0xD448, 0xD448, 0xD428,
    0xD448, 0xD489, 0xDCAA, 0xDCAA, 0xDCA9, 0xDCEA, 0xE50B, 0xE52B, 0xE52B, 0xE54C, 0xE58C, 0xED8D, 0xE58D, 0xE56D, 0xDD6D, 0xE58D,
    0xDD4D, 0xDD2C, 0xE56D, 0xBC09, 0x9AA6, 0xC4EF, 0xC50F, 0xD571, 0xDDD3, 0xE635, 0xE635, 0xE655, 0xEE76, 0xEE96, 0xEE96, 0xEE96,
    0xEE96, 0xEE96, 0xFED7, 0xDD0D, 0xE58B, 0xFFD0, 0xFF6F, 0xFF6F, 0xFF6F, 0xFF6F, 0xFF4F, 0xFF4F, 0xFFD9, 0xFFF7, 0xFECD, 0xFECE,
    0xFFD0, 0xFFB0, 0xFF70, 0xED8B, 0xED4B, 0xED6B, 0xECCA, 0xF50B, 0xED0C, 0xF736, 0xFFFB, 0xFFFA, 0xFFFA, 0xFFBA, 0xFFDA, 0xFFDA,
    0xFFBA, 0xFFBA, 0xFFBA, 0xFFB9, 0xFFB9, 0xFFB9, 0xFFB9, 0xFF78, 0xFF15, 0xFE93, 0xFEB3, 0xFE93, 0xFEB3, 0xFEB3, 0xFEB3, 0xFE93,
    0xFE93, 0xFE93, 0xFE93, 0xFE73, 0xFE93, 0xFE93, 0xFE93, 0xFE73, 0xFE92, 0xFE72, 0xF652, 0xFE72, 0xFE72, 0xFE72, 0xF652, 0xF632,
    0xFFD8, 0xFFD8, 0xFFB7, 0xFF55, 0xFF35, 0xFF55, 0xFF55, 0xFF97, 0xFFD8, 0xFFB7, 0xFFD8, 0xFFFA, 0xFFFB, 0xFFFA, 0xFFFB, 0xFFFC,
    0x8369, 0x4900, 0x61C3, 0x6A04, 0x59E4, 0x4983, 0x4162, 0x2901, 0x10A0, 0x10A0, 0x1080, 0x1080, 0x1080, 0x1080, 0x1880, 0x1040,
    0x0840, 0x18A1, 0x0000, 0x5267, 0xD5D4, 0xD5D4, 0xD5D4, 0xCD93, 0xCDB3, 0xDE15, 0xE656, 0xEE97, 0xEED7, 0xF6F8, 0xF6F8, 0xEED8,
    0xEE97, 0xEEB8, 0xEED8, 0xEEB6, 0xE614, 0xDDD3, 0xD592, 0xDD92, 0x9AE7, 0x79C2, 0x9243, 0x9AA3, 0x9A83, 0xA2E4, 0xA2E4, 0xA2C4,
    0xA2C4, 0xBB66, 0xBBA7, 0xBB66, 0xB345, 0xB366, 0xC3C7, 0xC3E8, 0xC408, 0xD48A, 0xE54D, 0xE58E, 0xEDCF, 0xE54D, 0xDD4D, 0xE56E,
    0xE5AE, 0xEDCF, 0xEDEF, 0xEE10, 0xE56D, 0xE56D, 0xDD0B, 0xD469, 0xD449, 0xD48A, 0xEDAD, 0xF60E, 0xF62F, 0xF60F, 0xF60F, 0xEDCE,
    0xE52B, 0xDC89, 0xD469, 0xED4B, 0xF5CD, 0xEDAC, 0xCBE7, 0xCBA7, 0xC3C7, 0xDCA9, 0xE52B, 0xE50B, 0xE52C, 0xEDAD, 0xEDAD, 0xEDAD,
    0xF60F, 0xF5EF, 0xE56C, 0xE52B, 0xED8D, 0xCC28, 0xC3C6, 0xDD0B, 0xEDF0, 0xEE52, 0xF673, 0xF673, 0xF673, 0xF693, 0xF673, 0xEE11,
    0xEDF0, 0xE5AF, 0xE5AF, 0xE5AF, 0xE58E, 0xABEA, 0x92E6, 0x9B06, 0xC449, 0xCC69, 0xCC28, 0xCC28, 0xD448, 0xD448, 0xD428, 0xCC07,
    0xD468, 0xDCCA, 0xDCEA, 0xE4EA, 0xE4EA, 0xDCCA, 0xDCCA, 0xDCCA, 0xE54B, 0xED8D, 0xED8D, 0xED8D, 0xE58D, 0xE58D, 0xE58D, 0xE58D,
    0xE58D, 0xE58E, 0xDD4D, 0xCCAB, 0xAB67, 0xB40B, 0xC4CE, 0xC50F, 0xD592, 0xE615, 0xE635, 0xEE55, 0xEE96, 0xEE96, 0xEE96, 0xEE96,
    0xEE97, 0xF696, 0xEE74, 0xDD0C, 0xE5CB, 0xFFB0, 0xFF6F, 0xFF4E, 0xFF0E, 0xFF0E, 0xFF6F, 0xFF91, 0xFFFC, 0xFFFA, 0xFF90, 0xFF6F,
    0xFF6F, 0xFF4F, 0xFF4F, 0xFF4F, 0xFF4E, 0xFF2E, 0xEE0C, 0xF5CC, 0xEDEC, 0xEE51, 0xEE93, 0xEE52, 0xEEB4, 0xFFBA, 0xFFBA, 0xFFBA,
    0xFFBA, 0xFFBA, 0xFFBA, 0xFFB9, 0xFFB9, 0xFFB9, 0xFFB9, 0xFFBA, 0xFF78, 0xFED4, 0xFE93, 0xFE93, 0xFEB3, 0xFE93, 0xFE93, 0xFE93,
    0xFE93, 0xFE93, 0xFE93, 0xFE73, 0xFE73, 0xFE93, 0xFE93, 0xFE93, 0xFE52, 0xFE52, 0xF632, 0xF652, 0xFE72, 0xFE72, 0xF652, 0xF652,
    0xFEF3, 0xFEF4, 0xFF14, 0xFF76, 0xFFD9, 0xFFFA, 0xFFFA, 0xFFFA, 0xFFFA, 0xFFFA, 0xFFFA, 0xFFFB, 0xFFFA, 0xFFFA, 0xFFFB, 0xFFFB,
    0xCE55, 0xBD92, 0x8369, 0x38A0, 0x4121, 0x5183, 0x4983, 0x4142, 0x3102, 0x28E1, 0x20C1, 0x20C1, 0x20C1, 0x20C1, 0x20A0, 0x41C4,
    0x39A5, 0x0840, 0x1881, 0x6AC9, 0xCD73, 0xCDB3, 0xCDB4, 0xD5D5, 0xDE15, 0xDE15, 0xE636, 0xE656, 0xF6D7, 0xF718, 0xEED7, 0xEEB7,
    0xEEB7, 0xEEB7, 0xEE76, 0xE634, 0xDDF4, 0xDDD3, 0xD571, 0xD571, 0x92C6, 0x81E2, 0x8A02, 0x8A02, 0x8A02, 0x9242, 0x9AA3, 0xAB05,
    0xA2C4, 0xB325, 0xC3A7, 0xC3C7, 0xC3A7, 0xC3C7, 0xBBA7, 0xCC69, 0xE54D, 0xDCCB, 0xD4AB, 0xD4CB, 0xDD0C, 0xDCEB, 0xD4CB, 0xEDAE,
    0xEE0F, 0xEDCF, 0xEDEF, 0xEE30, 0xEDCF, 0xDD2C, 0xE54C, 0xDCCB, 0xD449, 0xD469, 0xE58D, 0xEDEE, 0xF62F, 0xF62F, 0xF60E, 0xF60E,
    0xF5EE, 0xDCA9, 0xDC89, 0xED8C, 0xF5ED, 0xED8C, 0xD469, 0xCBE7, 0xC3A6, 0xDCA9, 0xED6C, 0xED8D, 0xED6C, 0xE58C, 0xEDAD, 0xED6C,
    0xF5EF, 0xEE0E, 0xE54C, 0xE52C, 0xE56C, 0xD469, 0xCC07, 0xDD0C, 0xEE51, 0xEE53, 0xEE73, 0xEE73, 0xEE53, 0xEE53, 0xE5F1, 0xE5D0,
    0xBCAC, 0x4122, 0x4163, 0x4142, 0x4143, 0x28A0, 0x40A0, 0x5901, 0x9285, 0xAAE5, 0xBB66, 0xC3A7, 0xBB86, 0xBB66, 0xC386, 0xD428,
    0xD448, 0xD489, 0xD489, 0xDCA9, 0xDCA9, 0xDCCA, 0xDCCA, 0xDCAA, 0xDD0B, 0xE54C, 0xE54C, 0xE54C, 0xE54C, 0xE58D, 0xE58D, 0xDD6D,
    0xE56D, 0xE58E, 0xDD6E, 0xE5AE, 0xC42A, 0xA307, 0xB40B, 0xC4CF, 0xD572, 0xE5F4, 0xE635, 0xEE55, 0xEE96, 0xEE96, 0xEE96, 0xE695,
    0xF696, 0xFEF7, 0xB3A9, 0xD4CA, 0xFF2F, 0xFECE, 0xFEEE, 0xFF0E, 0xFEEF, 0xFF0F, 0xFF91, 0xFFD5, 0xFFFE, 0xFFFD, 0xFFD4, 0xFF71,
    0xFF4F, 0xFF4F, 0xFF4F, 0xFF4E, 0xFF4E, 0xFF4F, 0xFF8F, 0xFF8F, 0xFFB0, 0xE56B, 0xDCC8, 0xDCA7, 0xE58D, 0xFFFB, 0xFFFB, 0xFFFB,
    0xFFDA, 0xFFB9, 0xFFBA, 0xFFB9, 0xFFB9, 0xFFB9, 0xFFB9, 0xFFB9, 0xFFBA, 0xFF98, 0xFED4, 0xFEB3, 0xFEB3, 0xFE93, 0xFE73, 0xFE73,
    0xFE73, 0xFE93, 0xFE93, 0xFE73, 0xFE73, 0xFE93, 0xFE93, 0xFE93, 0xFE72, 0xFE72, 0xFE52, 0xF652, 0xFE52, 0xFE72, 0xF672, 0xFE72,
    0xFED3, 0xFEF3, 0xFF34, 0xFF76, 0xFFD9, 0xFFFA, 0xFFFA, 0xFFFA, 0xFFFB, 0xFFFB, 0xFFFB, 0xFFFA, 0xFFDA, 0xFFFA, 0xFFFA, 0xFFFA,
    0xFFFB, 0xFFFD, 0xD675, 0xA48D, 0xACAE, 0x51A2, 0x4142, 0x4942, 0x4962, 0x3921, 0x30E1, 0x30E1, 0x3102, 0x30E1, 0x4183, 0xEF39,
    0xBD93, 0x3102, 0x8BAB, 0xC552, 0xC532, 0xBD32, 0xC552, 0xD5D4, 0xE636, 0xDE36, 0xDE15, 0xE656, 0xF6F8, 0xF739, 0xF719, 0xF6D8,
    0xF6D8, 0xEE76, 0xDDD3, 0xDDF3, 0xDDF3, 0xDDB2, 0xD551, 0xD551, 0x92C6, 0x8A02, 0x8A02, 0x9263, 0x9A63, 0x8A22, 0x9242, 0xAB05,
    0xB366, 0xB346, 0xBB87, 0xBB87, 0xC3E8, 0xC3C8, 0xD4AB, 0xD4CB, 0xCC49, 0xC3E7, 0xC3E8, 0xD489, 0xDCCA, 0xDCEB, 0xDCEB, 0xEDCE,
    0xEE0F, 0xEE0F, 0xEE10, 0xEE0F, 0xEE30, 0xE58E, 0xE52C, 0xDCCA, 0xD448, 0xD489, 0xEDAD, 0xEDEE, 0xF62F, 0xF62F, 0xF60F, 0xF60F,
    0xEDAD, 0xDCCA, 0xE4EA, 0xF5CD, 0xEDAC, 0xEDAC, 0xE4EA, 0xCC08, 0xBB86, 0xDC89, 0xED6C, 0xF5CE, 0xEDAD, 0xE56C, 0xEDAD, 0xE50B,
    0xED6D, 0xF60F, 0xE56C, 0xE52C, 0xE58E, 0xE58E, 0xE56E, 0xEDAF, 0xEE32, 0xEE53, 0xEE73, 0xEE53, 0xEE33, 0xFED4, 0xAC2B, 0x4923,
    0x4963, 0x2060, 0x2080, 0x2080, 0x2080, 0x28A0, 0x30C1, 0x30C1, 0x3080, 0x89C3, 0xAAA4, 0xAAE4, 0xB2E5, 0xB2E4, 0xBB25, 0xC3A7,
    0xC386, 0xBB66, 0xC3A7, 0xCBE7, 0xCBE7, 0xCC08, 0xD448, 0xDC89, 0xDCCA, 0xDCEA, 0xDD0B, 0xE54C, 0xE56D, 0xE56D, 0xE58E, 0xE5AE,
    0xE58D, 0xE58D, 0xE58E, 0xDD8D, 0xDD6E, 0xDD6E, 0xAB47, 0xC48E, 0xD592, 0xDDF4, 0xE614, 0xE634, 0xEE76, 0xEE96, 0xEE96, 0xEE96,
    0xF696, 0xFED7, 0xDD91, 0xCC29, 0xF68D, 0xFEEE, 0xFEED, 0xFF2F, 0xFFB4, 0xFFD7, 0xFFFB, 0xFFFE, 0xFFFF, 0xFFFE, 0xFFFD, 0xFFDB,
    0xFFD9, 0xFFB7, 0xFF2F, 0xFEEE, 0xFF2E, 0xFF2E, 0xFF2E, 0xFF0E, 0xFF2E, 0xFF2F, 0xFF4F, 0xFF8F, 0xDDAC, 0xD4AC, 0xD4ED, 0xCCCC,
    0xEEB4, 0xFFDA, 0xFF99, 0xFFB9, 0xFFB9, 0xFFB9, 0xFFB9, 0xFFB9, 0xFFB9, 0xFFB9, 0xFF98, 0xFF15, 0xFE93, 0xFE93, 0xFE93, 0xFE93,
    0xFE93, 0xFE93, 0xFE93, 0xFE93, 0xFE93, 0xFE93, 0xFE93, 0xFE73, 0xFE72, 0xFE72, 0xFE52, 0xFE52, 0xFE52, 0xFE52, 0xF652, 0xF652,
    0xFEF3, 0xFEF3, 0xFF34, 0xFF76, 0xFFF9, 0xFFFA, 0xFFFA, 0xFFFA, 0xFFFA, 0xFFFA, 0xFFFA, 0xFFFA, 0xFFDA, 0xFFFA, 0xFFFA, 0xFFFA,
    0xFFDA, 0xFFDA, 0xFFFB, 0xFFFC, 0xFFFB, 0xDEB6, 0xCE13, 0x4982, 0x4141, 0x4122, 0x3901, 0x3901, 0x2880, 0x0800, 0x8C0D, 0xE6D7,
    0x7B28, 0xBD10, 0xBD10, 0xBD31, 0xC532, 0xCD73, 0xCD93, 0xD5B4, 0xDE15, 0xDE36, 0xE636, 0xDE15, 0xDE35, 0xF6F8, 0xFF5A, 0xF6F8,
    0xE656, 0xE634, 0xDDD3, 0xDDF3, 0xE5F3, 0xDDD3, 0xC4AE, 0x8245, 0x8A43, 0x8A22, 0x9243, 0x9263, 0x9AA3, 0xAAE5, 0xA2C4, 0xAAE4,
    0xBB66, 0xBB86, 0xBB86, 0xBBA7, 0xBBA7, 0xD4AB, 0xCC6A, 0xCC08, 0xCC48, 0xDCCA, 0xDCCA, 0xD4AA, 0xD4AA, 0xD4AA, 0xDD0B, 0xE58C,
    0xEDEE, 0xF630, 0xEE10, 0xEE10, 0xEE30, 0xEDCF, 0xE54D, 0xDCCA, 0xD448, 0xD469, 0xEDAD, 0xEDCD, 0xEDCE, 0xF64F, 0xF62F, 0xF62F,
    0xEDCD, 0xDCEA, 0xDCEA, 0xF5CD, 0xE54B, 0xEDAD, 0xE50B, 0xD428, 0xC3C7, 0xD448, 0xE50B, 0xF5CE, 0xED8D, 0xE56C, 0xF5CE, 0xE50B,
    0xE52C, 0xE52C, 0xE54C, 0xDD0C, 0xEDAE, 0xEDF0, 0xEE32, 0xEE53, 0xEE53, 0xEE53, 0xEE33, 0xF694, 0xAC4C, 0x7286, 0x51E4, 0x1840,
    0x2080, 0x28A1, 0x28C0, 0x28C0, 0x28A0, 0x28A0, 0x28A0, 0x28C0, 0x30A0, 0x4901, 0x7162, 0x89C2, 0xA283, 0xBB25, 0xB305, 0xB305,
    0xB2E5, 0xBB25, 0xC3A7, 0xCBC7, 0xCBC7, 0xCBC7, 0xD408, 0xD449, 0xD469, 0xD489, 0xE4EB, 0xDD0B, 0xDD0B, 0xDD2C, 0xE58D, 0xEDCE,
    0xE5CE, 0xE5AE, 0xDD8D, 0xDD6E, 0xE58E, 0xE56E, 0xAB88, 0xC4AE, 0xD571, 0xE614, 0xE614, 0xE634, 0xEE96, 0xEE96, 0xEE96, 0xEE96,
    0xF6B6, 0xFEB6, 0xFF17, 0xCC8B, 0xF60C, 0xFEEE, 0xFECD, 0xFF0E, 0xFF71, 0xFFF8, 0xFFFF, 0xFFFF, 0xFFFF, 0xFFFF, 0xFFFE, 0xFFFC,
    0xFFD7, 0xFF51, 0xFEEE, 0xF60D, 0xED2B, 0xEDAC, 0xFEEE, 0xFEEE, 0xFECE, 0xFECD, 0xFEAD, 0xFEEE, 0xEE0C, 0xED8A, 0xEDEB, 0xE52A,
    0xE5CF, 0xFFFB, 0xFFDA, 0xFFDA, 0xFFB9, 0xFFB9, 0xFFB9, 0xFFB9, 0xFF99, 0xFFB9, 0xFFDA, 0xFF57, 0xFED4, 0xFE93, 0xFE93, 0xFEB3,
    0xFEB3, 0xFE93, 0xFE93, 0xFE93, 0xFE93, 0xFE93, 0xFE93, 0xFE72, 0xFE52, 0xFE52, 0xFE52, 0xF652, 0xF652, 0xF631, 0xF693, 0xFF36,
    0xFEF3, 0xFEB3, 0xFEB3, 0xFF15, 0xFFB8, 0xFFFA, 0xFFFA, 0xFFFA, 0xFFD9, 0xFFFA, 0xFFFB, 0xFFFA, 0xFFF9, 0xFFFA, 0xFFF9, 0xFFF9,
    0xFFFA, 0xFFFA, 0xFFFA, 0xFFDA, 0xFFFA, 0xFFFC, 0xFFFA, 0xDEB5, 0xDED6, 0x6AA7, 0x2860, 0x2880, 0x7B49, 0x942D, 0xACCF, 0xBCEE,
    0xB48D, 0xC511, 0xBD10, 0xC552, 0xCD93, 0xDDD5, 0xDE16, 0xDE15, 0xDE15, 0xE616, 0xE636, 0xDE15, 0xDE14, 0xE635, 0xE655, 0xE635,
    0xD5D3, 0xD5B3, 0xD5B3, 0xD572, 0xBC6D, 0xA349, 0x92C7, 0x6961, 0x8202, 0x8A22, 0x9263, 0xA2E5, 0xA2E4, 0xA2E4, 0xA2C4, 0xAAE4,
    0xAAE4, 0xB366, 0xC3C7, 0xBBA7, 0xD4AB, 0xD46A, 0xCC08, 0xCC08, 0xCC48, 0xD4A9, 0xDCEA, 0xDD0B, 0xDD0B, 0xDCCA, 0xDCCA, 0xDD0B,
    0xE58D, 0xEDEF, 0xEE0F, 0xEE30, 0xEE30, 0xEE30, 0xEDEF, 0xDCEB, 0xD469, 0xD448, 0xD489, 0xEDAD, 0xEDEE, 0xEDCE, 0xEDCE, 0xF62F,
    0xEDCD, 0xDCEA, 0xDD0A, 0xF5AD, 0xE54C, 0xEDAD, 0xDCEB, 0xCC28, 0xCBE7, 0xD448, 0xE50B, 0xEDAE, 0xEDAD, 0xE54C, 0xF5CE, 0xE52B,
    0xE50B, 0xDCCA, 0xDD2C, 0xE56D, 0xE5CF, 0xEE11, 0xEE74, 0xEE74, 0xEE53, 0xEE53, 0xEE53, 0xD590, 0x6245, 0x1840, 0x28A0, 0x28C1,
    0x28C1, 0x28C1, 0x28A0, 0x20A0, 0x20A0, 0x28A0, 0x28A0, 0x28A0, 0x28A0, 0x2080, 0x2880, 0x5921, 0xBB45, 0xBB25, 0xB304, 0xB304,
    0xBB25, 0xC366, 0xC3A6, 0xCBC7, 0xCC08, 0xCC08, 0xD408, 0xD449, 0xD448, 0xD448, 0xD469, 0xDCCA, 0xDCEB, 0xE52C, 0xE54C, 0xE56D,
    0xE5AE, 0xE5AE, 0xE5AE, 0xDD6D, 0xE58E, 0xDD6E, 0xA347, 0xBC6D, 0xD591, 0xDDD3, 0xE614, 0xE614, 0xE655, 0xE675, 0xE675, 0xEE75,
    0xF6B6, 0xFEB6, 0xF6D6, 0xD4AB, 0xF60C, 0xFECD, 0xFECE, 0xFEAD, 0xFF2F, 0xFFD6, 0xFFDB, 0xFFFD, 0xFFFF, 0xFFFF, 0xFFFE, 0xFFDA,
    0xFF94, 0xFE6D, 0xF5ED, 0xED6C, 0xF5CD, 0xFE4E, 0xE56C, 0xE50C, 0xDD0B, 0xEDAC, 0xFE8D, 0xFE6D, 0xFEAD, 0xFECD, 0xFF0E, 0xF64D,
    0xDD6D, 0xF6D5, 0xEE95, 0xEEF6, 0xFF99, 0xFF79, 0xFF79, 0xFF98, 0xFF99, 0xFF99, 0xFF99, 0xFF99, 0xFF36, 0xFE93, 0xFE93, 0xFE93,
    0xFE93, 0xFE93, 0xFE93, 0xFE93, 0xFE73, 0xFE93, 0xFE73, 0xF693, 0xFEB3, 0xF693, 0xF693, 0xFF57, 0xFF78, 0xFF57, 0xFF78, 0xFFBA,
    0xFEF3, 0xFEF3, 0xFF35, 0xFF76, 0xFFB7, 0xFFD9, 0xFFFB, 0xFFFB, 0xFFFB, 0xFFFA, 0xFFFB, 0xFFFA, 0xFFF9, 0xFFFA, 0xFFF9, 0xFFFA,
    0xFFFB, 0xFFFA, 0xFFFA, 0xFFFA, 0xFFFA, 0xFFF9, 0xFFFA, 0xFFFB, 0xFFFC, 0x83AA, 0x6AA7, 0x83AA, 0xEF57, 0xFFFC, 0xFFFB, 0xEF16,
    0xD591, 0xC511, 0xBD31, 0xCD72, 0xDDF5, 0xDDD5, 0xDE16, 0xDE16, 0xE616, 0xDE15, 0xDDF4, 0xDDF4, 0xDDF3, 0xD5D3, 0xD5B3, 0xD5B3,
    0xD5D3, 0xD5D2, 0xDDD3, 0xD551, 0x9B29, 0x58C0, 0x7140, 0x79A1, 0x79C2, 0x81E1, 0x81E1, 0x8A22, 0xA2C4, 0xAB25, 0xBB87, 0xB366,
    0xAB45, 0xBBA7, 0xBBA7, 0xCC4A, 0xD4AB, 0xCC08, 0xCC08, 0xCC48, 0xD469, 0xCC48, 0xD449, 0xD489, 0xDCEB, 0xDD0B, 0xDD0B, 0xDD0B,
    0xDD0B, 0xE54C, 0xEDCE, 0xEE30, 0xEE30, 0xEE30, 0xEE30, 0xEDCE, 0xCC28, 0xD448, 0xD448, 0xE52B, 0xE54C, 0xE56C, 0xE56D, 0xEDAD,
    0xE58C, 0xDCCA, 0xE52B, 0xE54C, 0xE52B, 0xF5CD, 0xDCEA, 0xD448, 0xCBE7, 0xD448, 0xDCCA, 0xE54C, 0xF5EF, 0xE54C, 0xE54C, 0xE50B,
    0xDD0B, 0xDCEB, 0xDD0C, 0xE5AF, 0xEE32, 0xEE73, 0xEE74, 0xEE54, 0xEE53, 0xDDF2, 0xCD4F, 0x7266, 0x2040, 0x28A0, 0x20A0, 0x28C0,
    0x20A0, 0x20A0, 0x20A0, 0x20A0, 0x20C0, 0x28C0, 0x28C0, 0x28C0, 0x28C0, 0x30C0, 0x2880, 0x4101, 0x8A85, 0xB367, 0xC3C7, 0xC386,
    0xC3C7, 0xD449, 0xD469, 0xDC69, 0xDC89, 0xD449, 0xD428, 0xD428, 0xD428, 0xD448, 0xD469, 0xDCAA, 0xDCEA, 0xE54C, 0xE56D, 0xE56D,
    0xE5AE, 0xE5AE, 0xE5AE, 0xE58E, 0xE58E, 0xE56E, 0xBC0A, 0xB40A, 0xC48D, 0xD591, 0xE614, 0xE634, 0xE634, 0xE634, 0xE634, 0xEE75,
    0xF6B6, 0xF696, 0xFEF6, 0xD4AB, 0xF5EC, 0xFEAD, 0xFE6D, 0xFE6D, 0xFF2F, 0xFF4F, 0xFF4F, 0xFFB6, 0xFFFE, 0xFFFE, 0xFFB7, 0xFECD,
    0xFECD, 0xFE0D, 0xF58D, 0xED4C, 0xEDED, 0xEDCD, 0xDCCB, 0xD4AB, 0xD48B, 0xDCEB, 0xE54B, 0xDD0B, 0xEDCC, 0xFE6D, 0xFE4C, 0xFE8D,
    0xEDAB, 0xCC28, 0xCBE7, 0xCC6B, 0xFFFA, 0xFFDA, 0xFFD9, 0xFF78, 0xFF99, 0xFF99, 0xFF99, 0xFF99, 0xFF78, 0xFEF5, 0xFE93, 0xFE92,
    0xFE72, 0xFE72, 0xFE72, 0xFEB3, 0xFEB3, 0xFE93, 0xF693, 0xFEF6, 0xFF99, 0xFF99, 0xFF99, 0xFF99, 0xFFBA, 0xFFBA, 0xFFBA, 0xFF9A,
    0xFED3, 0xFEF3, 0xFF14, 0xFF14, 0xFF56, 0xFFD8, 0xFFFA, 0xFFFB, 0xFFFB, 0xFFFA, 0xFFFA, 0xFFFA, 0xFFFA, 0xFFFB, 0xFFFA, 0xFFFA,
    0xFFFA, 0xFFFA, 0xFFFA, 0xFFF9, 0xFFF9, 0xFFF9, 0xFFF9, 0xFFFA, 0xFFFA, 0xF799, 0xFFFB, 0xFFFC, 0xFFFB, 0xFFBA, 0xD613, 0xFF98,
    0xEEF5, 0xBCF0, 0xC552, 0xCD72, 0xCD73, 0xD5B4, 0xDE16, 0xDE16, 0xE616, 0xDDF4, 0xD5D3, 0xDE14, 0xDE34, 0xDDF3, 0xD5B2, 0xD5B3,
    0xDDD3, 0xDDD3, 0xDDB2, 0xD551, 0xABAA, 0x6941, 0x71A1, 0x79C1, 0x79E1, 0x81E2, 0x8A42, 0x8A02, 0x8A22, 0x8A22, 0xAB26, 0xB387,
    0xBBA7, 0xC3C7, 0xC3E8, 0xD48A, 0xCC49, 0xCC48, 0xCC48, 0xCC48, 0xCC28, 0xCC28, 0xDC89, 0xE52B, 0xE52B, 0xDD2B, 0xE50B, 0xDD0B,
    0xE52C, 0xE56C, 0xE58D, 0xEDEE, 0xEE10, 0xEE30, 0xEE30, 0xEE10, 0xDD2C, 0xCC07, 0xCC28, 0xDCEA, 0xDCEB, 0xE52C, 0xED8D, 0xE52C,
    0xDCCA, 0xDCA9, 0xE50B, 0xE52B, 0xE50B, 0xE52B, 0xDCEA, 0xD489, 0xCC28, 0xDC89, 0xDCAA, 0xE52C, 0xF5CF, 0xE54C, 0xDD0B, 0xDCCB,
    0xDCCA, 0xDCEB, 0xE54D, 0xE5AF, 0xEE33, 0xEE95, 0xEE74, 0xEE54, 0xE5F2, 0xE611, 0x6225, 0x2080, 0x3922, 0x8BCC, 0x6AA8, 0x1860,
    0x20C1, 0x20A0, 0x28C1, 0x28E1, 0x2080, 0x1840, 0x1840, 0x1840, 0x1840, 0x1840, 0x2880, 0x30A0, 0x2840, 0xB3C9, 0xED2B, 0xDCCA,
    0xD448, 0xD469, 0xDC69, 0xD469, 0xDC89, 0xDCAA, 0xDCAA, 0xDC8A, 0xD428, 0xD428, 0xD449, 0xD449, 0xDC8A, 0xE52C, 0xE58D, 0xE5AE,
    0xE5AF, 0xE58E, 0xE58E, 0xE5AF, 0xE5AF, 0xDD8E, 0xE5AF, 0xDD2E, 0xAB69, 0xDD92, 0xE634, 0xE615, 0xE635, 0xE634, 0xE634, 0xEE55,
    0xEE75, 0xFEB5, 0xEE33, 0xCC4A, 0xF5EC, 0xFE6D, 0xFEAD, 0xFF0E, 0xFF4E, 0xFF2E, 0xFF2E, 0xFF50, 0xFFDA, 0xFFD8, 0xFF2E, 0xFE6D,
    0xFE0D, 0xFDCD, 0xF58D, 0xED4C, 0xE50C, 0xDCCC, 0xDCEC, 0xD4CC, 0xD4AB, 0xCC8B, 0xCC4A, 0xE54B, 0xFE0C, 0xFE4C, 0xFE6C, 0xFE6D,
    0xFE8D, 0xFE8D, 0xFEAD, 0xEDAC, 0xCD0E, 0xD50E, 0xD58F, 0xFFD9, 0xFFB9, 0xFF78, 0xFF78, 0xFF99, 0xFF99, 0xFF57, 0xFED4, 0xFED4,
    0xFED4, 0xFED4, 0xF6D5, 0xFF78, 0xFF78, 0xFF78, 0xFF78, 0xFF79, 0xFFB9, 0xFFB9, 0xFFB9, 0xFFBA, 0xFFBA, 0xFFBA, 0xFF99, 0xFFBA,
    0xFED3, 0xFEF3, 0xFEF3, 0xFED3, 0xFF35, 0xFFD8, 0xFFD9, 0xFFD9, 0xFFD9, 0xFFD9, 0xFFFA, 0xFFFA, 0xFFFA, 0xFFFB, 0xFFFB, 0xFFFA,
    0xFFFA, 0xFFFA, 0xFFFA, 0xFFD8, 0xFFF9, 0xFFF9, 0xFFFA, 0xFFFA, 0xFFFA, 0xFFFB, 0xFFFA, 0xFFFA, 0xFFFA, 0xFFDA, 0xD5D2, 0xD54F,
    0xD571, 0xC511, 0xCD72, 0xCD72, 0xCD93, 0xDDF5, 0xE616, 0xE616, 0xE636, 0xDDF4, 0xD5D3, 0xDE14, 0xDE14, 0xDDF3, 0xD5B3, 0xD5D3,
    0xDDD3, 0xDDB2, 0xC510, 0xCD30, 0xB40C, 0x6960, 0x79C1, 0x79E1, 0x79E2, 0x79C1, 0x9263, 0xAB05, 0x9AA3, 0x9263, 0x9283, 0x9283,
    0xAB05, 0xBBA7, 0xCC08, 0xCC49, 0xCC28, 0xCC49, 0xD449, 0xD489, 0xDCCA, 0xD4AA, 0xD489, 0xD4A9, 0xE50B, 0xED8D, 0xE56C, 0xE56D,
    0xEDAE, 0xEDEE, 0xEDCE, 0xEDCE, 0xEE0F, 0xEE31, 0xEE30, 0xEE30, 0xEE10, 0xDCEB, 0xCC28, 0xDCEA, 0xDD0B, 0xDD2B, 0xE56C, 0xDD0B,
    0xDC8A, 0xD4AA, 0xDCEB, 0xDCCA, 0xE50B, 0xDCEB, 0xE50B, 0xDCCA, 0xD489, 0xDCCA, 0xDCCB, 0xE50C, 0xEDAE, 0xEDAE, 0xE54C, 0xDCCB,
    0xD48A, 0xDCAB, 0xE56E, 0xE5B0, 0xEE33, 0xEE75, 0xEE74, 0xEE74, 0xEE53, 0x8B89, 0x30C1, 0x2060, 0xBD72, 0xC5B3, 0x3943, 0x20A1,
    0x20A0, 0x28C0, 0x28C0, 0x1820, 0x4143, 0x8B68, 0x8B47, 0x9368, 0x9368, 0x9BC9, 0x51A4, 0x1800, 0x2020, 0xB3A8, 0xED2B, 0xDCCA,
    0xDC69, 0xD448, 0xD448, 0xDC48, 0xDC69, 0xDCAA, 0xE4EA, 0xE4EB, 0xDC89, 0xD428, 0xD449, 0xD449, 0xD469, 0xDCAA, 0xE50C, 0xDD2C,
    0xE58E, 0xE58E, 0xE58E, 0xE58E, 0xE56E, 0xDD6E, 0xE5AF, 0xDD2E, 0xB389, 0xDD92, 0xE5F3, 0xE614, 0xE635, 0xEE55, 0xE635, 0xE655,
    0xEE55, 0xFED6, 0xC4AD, 0xBB66, 0xFE4D, 0xFE8D, 0xFF0E, 0xFF4F, 0xFF0E, 0xFE6D, 0xFE4D, 0xFEAD, 0xFFB8, 0xFFB6, 0xFE4C, 0xFDED,
    0xF58D, 0xF58D, 0xED4D, 0xED2C, 0xE50C, 0xD4AB, 0xD4AB, 0xD4AB, 0xD4AB, 0xD48B, 0xCC6A, 0xED6B, 0xFE0C, 0xFDCC, 0xF5EC, 0xFE4C,
    0xFE4D, 0xFE6D, 0xFE8D, 0xEDCB, 0xCC48, 0xCC48, 0xD4CA, 0xE5F1, 0xF6F6, 0xFF98, 0xFF58, 0xFF37, 0xFF15, 0xFEF5, 0xFED4, 0xFF56,
    0xFF99, 0xFF78, 0xFF98, 0xFF99, 0xFF99, 0xFF99, 0xFF99, 0xFF99, 0xFFB9, 0xFFB9, 0xFFB9, 0xFFBA, 0xFFBA, 0xFFBA, 0xFFBA, 0xFFBA,
    0xFED3, 0xFEF3, 0xFEF3, 0xFED3, 0xFF55, 0xFFD9, 0xFFD8, 0xFFB8, 0xFFD9, 0xFFFA, 0xFFFA, 0xFFFA, 0xFFFA, 0xFFFA, 0xFFFA, 0xFFFB,
    0xFFFB, 0xFFFB, 0xFFFA, 0xFFF9, 0xFFF9, 0xFFF9, 0xFFFA, 0xFFFA, 0xFFFA, 0xFFFA, 0xFFFA, 0xFFFA, 0xFFFA, 0xFFFA, 0xFFFB, 0xCD0E,
    0xC4AE, 0xD5D4, 0xD593, 0xCD92, 0xD593, 0xDDF5, 0xE636, 0xE636, 0xE636, 0xDE15, 0xDE14, 0xDDF4, 0xDDF3, 0xDDF4, 0xDDF3, 0xDDF3,
    0xDDD3, 0xD591, 0xCD50, 0xC4AE, 0x92C6, 0x7181, 0x71A1, 0x79C1, 0x8202, 0x9283, 0x9AA3, 0xB346, 0xBB86, 0xBB86, 0xBB87, 0xBBA7,
    0xBBA7, 0xC3C7, 0xCC09, 0xC3E8, 0xCC08, 0xCC49, 0xD469, 0xD489, 0xDCCA, 0xE52C, 0xE54C, 0xE54C, 0xE54C, 0xE56C, 0xE56D, 0xE56D,
    0xEDEF, 0xF652, 0xF632, 0xF652, 0xEE52, 0xEE32, 0xEE31, 0xEE10, 0xEE10, 0xE58E, 0xE54D, 0xE56D, 0xDD2C, 0xDD0B, 0xE52C, 0xDD0B,
    0xD46A, 0xD46A, 0xD469, 0xD4AA, 0xE50B, 0xDD0B, 0xDD0B, 0xDCEB, 0xDCAA, 0xDCCB, 0xDCCA, 0xE50C, 0xE56D, 0xEDCF, 0xE54D, 0xDCCB,
    0xD48A, 0xD4AA, 0xDD4E, 0xEE32, 0xEE74, 0xEE74, 0xEE74, 0xEE74, 0xEE73, 0x72A7, 0x1000, 0x6AC8, 0xBD92, 0x49E5, 0x1840, 0x28C1,
    0x28C1, 0x1860, 0x2080, 0x6204, 0xA3A9, 0xFE70, 0xFE2F, 0xF62F, 0xF62F, 0xFE50, 0xBC6B, 0x8B28, 0x9368, 0xD4CB, 0xE52B, 0xE4EA,
    0xD449, 0xD428, 0xD448, 0xDC89, 0xDCCA, 0xDCCA, 0xE4EB, 0xE50B, 0xE4EB, 0xDC8A, 0xD449, 0xD469, 0xDC69, 0xDCAA, 0xDCCB, 0xDD0B,
    0xE58D, 0xE58E, 0xE58E, 0xDD4D, 0xDD4D, 0xDD6E, 0xE5AF, 0xDD2E, 0xB389, 0xDDB2, 0xDDF3, 0xDDF3, 0xEE35, 0xEE55, 0xE655, 0xE655,
    0xEE75, 0xFEF6, 0xCCCE, 0xC3E7, 0xFF0E, 0xFECD, 0xFECD, 0xFECD, 0xFE2C, 0xFE0C, 0xFE2D, 0xFE4C, 0xFF76, 0xFF55, 0xFDEC, 0xF58C,
    0xF56C, 0xE50B, 0xDCCB, 0xDCAB, 0xD4AB, 0xCC6B, 0xCC6B, 0xD4AB, 0xD4AB, 0xD4AB, 0xD4AB, 0xFDAB, 0xFDCB, 0xFDCB, 0xD489, 0xCC4A,
    0xD48A, 0xCC6A, 0xD4AA, 0xFE4C, 0xFE8C, 0xFEAD, 0xFE6D, 0xCC48, 0xE5CF, 0xF6D4, 0xF693, 0xFED4, 0xFEB3, 0xFEB3, 0xFEB2, 0xFEF4,
    0xFF37, 0xFF9A, 0xFF99, 0xFF99, 0xFF99, 0xFF99, 0xFF99, 0xFFB9, 0xFFB9, 0xFFB9, 0xFFB9, 0xFFBA, 0xFFBA, 0xFFBA, 0xFFBA, 0xFFBA,
    0xFF14, 0xFF14, 0xFF14, 0xFF14, 0xFF55, 0xFFB8, 0xFFD8, 0xFFD9, 0xFFFA, 0xFFFA, 0xFFD9, 0xFFFA, 0xFFFA, 0xFFFA, 0xFFFA, 0xFFFA,
    0xFFFB, 0xFFFB, 0xFFFA, 0xFFFA, 0xFFFA, 0xFFF9, 0xFFFA, 0xFFFA, 0xFFFA, 0xFFFA, 0xFFFA, 0xFFF9, 0xFFF9, 0xFFF9, 0xFFFB, 0xD550,
    0xCCCF, 0xD5D4, 0xD593, 0xDDD4, 0xDDF4, 0xDDF5, 0xE616, 0xE616, 0xE616, 0xE615, 0xE615, 0xDE14, 0xE614, 0xDE14, 0xDDF3, 0xDDD3,
    0xD571, 0xCD30, 0xCD0F, 0xA389, 0x6940, 0x79C1, 0x79C1, 0x79A1, 0x79C1, 0x9A83, 0xA2E4, 0xAB04, 0xB366, 0xBBC7, 0xBBA7, 0xBBA7,
    0xBB86, 0xC408, 0xCC29, 0xC3E8, 0xC3E8, 0xCC28, 0xCC28, 0xD449, 0xDCCB, 0xE52C, 0xE52C, 0xE54C, 0xE56D, 0xE5AE, 0xEDCF, 0xE5AE,
    0xEE10, 0xF673, 0xEE73, 0xF653, 0xEE53, 0xEE53, 0xEE52, 0xEE32, 0xEE32, 0xE5D0, 0xE58E, 0xE58E, 0xE5AE, 0xDD4D, 0xE56D, 0xDD0C,
    0xD449, 0xD449, 0xCC49, 0xD489, 0xD4AA, 0xDCEB, 0xDD0B, 0xE52C, 0xE50C, 0xDCCB, 0xE50C, 0xE54D, 0xE54D, 0xEDAE, 0xE54D, 0xDCCB,
    0xD48A, 0xD4AA, 0xDD4D, 0xEE54, 0xEE74, 0xEE74, 0xEE74, 0xEE74, 0x72A7, 0x3922, 0x28A1, 0x49A4, 0x4184, 0x1860, 0x28E1, 0x20A0,
    0x1000, 0x5A05, 0xA40A, 0xEDEE, 0xF62F, 0xEDCD, 0xEDCD, 0xE5AD, 0xEDAD, 0xE58D, 0xF5EE, 0xFE0F, 0xF5EE, 0xED8D, 0xDCAA, 0xDC49,
    0xD428, 0xD428, 0xD448, 0xDCEA, 0xE50B, 0xE4EB, 0xE50B, 0xE50B, 0xE50B, 0xE50B, 0xD449, 0xD428, 0xD449, 0xD449, 0xD469, 0xDD0B,
    0xE56D, 0xE5AE, 0xE5CF, 0xE5CF, 0xE5AF, 0xE5AF, 0xE5CF, 0xDD2E, 0xAB48, 0xDD91, 0xE5F3, 0xE5F3, 0xEE35, 0xEE35, 0xE655, 0xE635,
    0xEE55, 0xFEF6, 0xD4AD, 0xCC68, 0xFEAD, 0xFE0B, 0xFE0B, 0xFE0C, 0xFE0C, 0xFE0C, 0xFDEC, 0xFDCB, 0xFF73, 0xFF32, 0xFD8C, 0xF58C,
    0xF56C, 0xED4C, 0xED4C, 0xD4AB, 0xCC8B, 0xD4AB, 0xDCEB, 0xE52B, 0xDCEB, 0xDCCB, 0xDCCB, 0xE50B, 0xE50A, 0xE50A, 0xCC6A, 0xC42A,
    0xC42A, 0xC42A, 0xCC6A, 0xDCEB, 0xE54A, 0xFE2C, 0xFE4D, 0xFECE, 0xDD4B, 0xBBC8, 0xD4CC, 0xFED3, 0xFEB2, 0xFE92, 0xFEB2, 0xFEB2,
    0xFED3, 0xFF77, 0xFF98, 0xFF99, 0xFF99, 0xFF99, 0xFF99, 0xFF99, 0xFF99, 0xFF99, 0xFFB9, 0xFFBA, 0xFFBA, 0xFFBA, 0xFFBA, 0xFFBA,
    0xFED3, 0xFED3, 0xFEF4, 0xFEF4, 0xFEF4, 0xFF76, 0xFFD8, 0xFFFB, 0xFFFC, 0xFFFB, 0xFFFA, 0xFFF9, 0xFFFA, 0xFFFB, 0xFFFA, 0xFFFA,
    0xFFFB, 0xFFFB, 0xFFFB, 0xFFFB, 0xFFFB, 0xFFFA, 0xFFFA, 0xFFFB, 0xFFFA, 0xFFF9, 0xFFF9, 0xFFF9, 0xFFF9, 0xFFF9, 0xFFFA, 0xD54F,
    0xCCEF, 0xDE15, 0xDDF5, 0xDDF5, 0xDDF5, 0xDDF5, 0xDE15, 0xDE15, 0xDE15, 0xDE15, 0xDE14, 0xDDF4, 0xDE14, 0xDE14, 0xE5F4, 0xD592,
    0xCD30, 0xDD71, 0x9B28, 0x7181, 0x79C2, 0x79C1, 0x9284, 0x9263, 0x8A43, 0x9283, 0xA2C4, 0xB366, 0xBB87, 0xBBC7, 0xC3C7, 0xBBA7,
    0xBBA7, 0xC3E7, 0xCC08, 0xCC28, 0xCC29, 0xCC49, 0xCC49, 0xD48A, 0xDD0B, 0xE54C, 0xE52C, 0xE54C, 0xE58D, 0xEDF0, 0xEE51, 0xF672,
    0xEE72, 0xEE73, 0xF673, 0xEE73, 0xEE73, 0xEE73, 0xEE73, 0xEE73, 0xEE73, 0xEE53, 0xEE11, 0xE5F1, 0xEE32, 0xF632, 0xEDF0, 0xE58E,
    0xDCEB, 0xCC29, 0xCC29, 0xCC49, 0xCC49, 0xDCEB, 0xDD0B, 0xE54C, 0xE54D, 0xDCCB, 0xE52C, 0xE54D, 0xE54D, 0xE56D, 0xE54D, 0xD4AA,
    0xD48A, 0xDCEB, 0xDD8F, 0xEE33, 0xEE75, 0xEE74, 0xEE74, 0xF695, 0x4984, 0x2080, 0x3101, 0x2880, 0x2880, 0x28C1, 0x1840, 0x4184,
    0x72E8, 0xC50E, 0xFED3, 0xEE10, 0xEE0F, 0xEDAD, 0xEDAD, 0xEDAD, 0xEDCD, 0xEDCE, 0xEDCE, 0xE58D, 0xE54C, 0xDCEB, 0xCC08, 0xD408,
    0xD408, 0xD449, 0xD469, 0xD469, 0xDCAA, 0xDCEB, 0xE52B, 0xE52C, 0xE52C, 0xE52C, 0xE50B, 0xD469, 0xD449, 0xD4AA, 0xDCCB, 0xDD0B,
    0xE54C, 0xE58E, 0xE5AF, 0xE5AF, 0xE5CF, 0xE5CF, 0xE5EF, 0xDD4E, 0xAB68, 0xB3CA, 0xDDB2, 0xE614, 0xEE35, 0xEE35, 0xE655, 0xEE56,
    0xF696, 0xD550, 0xC3E7, 0xFDCB, 0xFDCB, 0xFDEB, 0xFDEB, 0xFDEB, 0xFE0B, 0xF5AC, 0xF56C, 0xFD8C, 0xF66F, 0xF64E, 0xF56C, 0xED4C,
    0xF58C, 0xF5CD, 0xF5EE, 0xE54C, 0xE52C, 0xE52C, 0xE52B, 0xE52B, 0xDCAA, 0xD48A, 0xD46A, 0xCC4A, 0xC44A, 0xCC4A, 0xCC8B, 0xCCAB,
    0xCC8B, 0xCC8B, 0xCC6B, 0xCC6B, 0xD4AA, 0xE54B, 0xE54B, 0xE54B, 0xF60C, 0xFE6D, 0xDD2B, 0xB3A8, 0xE58E, 0xFF13, 0xFED3, 0xFEB2,
    0xFEB2, 0xFEB2, 0xFF57, 0xFFB9, 0xFF99, 0xFF99, 0xFF99, 0xFF99, 0xFF79, 0xFF79, 0xFFB9, 0xFF9A, 0xFF99, 0xFFBA, 0xFFBA, 0xFFBA,
    0xFF35, 0xFEF4, 0xFED4, 0xFED3, 0xFED3, 0xFF76, 0xFFFA, 0xFFFA, 0xFFFA, 0xFFFB, 0xFFFB, 0xFFFB, 0xFFFB, 0xFFFA, 0xFFFA, 0xFFFA,
    0xFFFB, 0xFFFB, 0xFFFB, 0xFFFA, 0xFFFB, 0xFFFB, 0xFFFB, 0xFFFA, 0xFFFA, 0xFFF8, 0xFFF9, 0xFFF9, 0xFFF9, 0xFFF9, 0xFFFB, 0xD56F,
    0xCCCE, 0xDE36, 0xDDF5, 0xDDF5, 0xDDF5, 0xDE15, 0xDE15, 0xDDF4, 0xDE15, 0xE635, 0xDE35, 0xDE15, 0xDDF3, 0xCD71, 0xCD51, 0xCD10,
    0xC4AE, 0xABEB, 0x8A84, 0x7981, 0x79A1, 0x79A1, 0x9283, 0xA305, 0xA305, 0xB366, 0xB366, 0xB346, 0xB346, 0xBB87, 0xC3C7, 0xC3C7,
    0xC408, 0xCC28, 0xCC28, 0xD449, 0xD469, 0xD4AA, 0xDD0B, 0xE54C, 0xE54D, 0xE54C, 0xDD2C, 0xE5AE, 0xF651, 0xEE31, 0xEE51, 0xEE52,
    0xEE52, 0xEE52, 0xEE73, 0xEE73, 0xEE73, 0xEE73, 0xEE73, 0xEE53, 0xF673, 0xEE33, 0xEE12, 0xEE33, 0xF694, 0xF694, 0xEE73, 0xE5F1,
    0xDD6E, 0xDD0D, 0xD4AB, 0xCC08, 0xCC49, 0xDCCB, 0xDD0B, 0xE54C, 0xE56D, 0xE52C, 0xE52C, 0xDD0C, 0xE54D, 0xDD2C, 0xE54D, 0xDCEB,
    0xD48A, 0xDCEC, 0xEDF1, 0xF674, 0xF695, 0xF695, 0xEE74, 0xF694, 0x59E5, 0x2080, 0x30C0, 0x28C0, 0x28A0, 0x30C1, 0x51C4, 0x9BCA,
    0xFEF5, 0xF672, 0xEE10, 0xF630, 0xEDEF, 0xED8D, 0xEDAD, 0xEDCD, 0xED8D, 0xE4EA, 0xE4EA, 0xDCAA, 0xD448, 0xD428, 0xD3E8, 0xD3E8,
    0xD407, 0xD428, 0xD449, 0xDC89, 0xE4CA, 0xDCEB, 0xE52C, 0xE54C, 0xE52C, 0xDD0B, 0xDCEB, 0xDC89, 0xD449, 0xDCAA, 0xDCCB, 0xDCEB,
    0xE52C, 0xE56D, 0xE58D, 0xE58E, 0xE58E, 0xE5AF, 0xE5AF, 0xE5AF, 0xE58F, 0xB3CA, 0xDDB2, 0xE614, 0xEE55, 0xEE55, 0xE655, 0xF696,
    0xFEF7, 0xC46C, 0xBBA6, 0xFDCB, 0xF54A, 0xED29, 0xFDAA, 0xFE0B, 0xED0A, 0xED0B, 0xF58C, 0xF58C, 0xF56C, 0xED2C, 0xE4EB, 0xDCCB,
    0xE4EB, 0xDCEB, 0xDCEB, 0xDCCB, 0xDCCC, 0xDCCB, 0xDCEB, 0xDCCB, 0xD46A, 0xC429, 0xC409, 0xBC09, 0xC42A, 0xC44A, 0xC44A, 0xC42A,
    0xC44A, 0xC46A, 0xC44A, 0xCC8A, 0xCCAB, 0xBC2A, 0xB3C9, 0xBBE9, 0xE56C, 0xFE0D, 0xF5EC, 0xEDAB, 0xD4EB, 0xDD8F, 0xEE10, 0xFEB2,
    0xFEB2, 0xFEB2, 0xFEB3, 0xFEF5, 0xFF99, 0xFF99, 0xFF99, 0xFF99, 0xFFB9, 0xFFB9, 0xFFBA, 0xFFB9, 0xFFB9, 0xFFBA, 0xFFBA, 0xFFBA,
    0xFF15, 0xFF14, 0xFEF4, 0xFF14, 0xFEF4, 0xFF55, 0xFFFA, 0xFFFB, 0xFFFA, 0xFFFA, 0xFFFA, 0xFFFB, 0xFFFA, 0xFFFA, 0xFFFA, 0xFFFA,
    0xFFFB, 0xFFFB, 0xFFFA, 0xFFFB, 0xFFFB, 0xFFFB, 0xFFFA, 0xFFFA, 0xFFF9, 0xFFF9, 0xFFF9, 0xFFF9, 0xFFF9, 0xFFFA, 0xEEF5, 0xCCEE,
    0xD571, 0xE636, 0xDDF5, 0xDE15, 0xDE15, 0xDE15, 0xDE15, 0xDE15, 0xDE35, 0xE636, 0xE635, 0xE635, 0xDDF4, 0xC530, 0xC4EF, 0xC4CE,
    0xBC6D, 0x92E7, 0x8203, 0x79A1, 0x8222, 0x9283, 0x9AA4, 0x9AC4, 0xA2C4, 0xBB86, 0xC3C7, 0xC3C7, 0xBBC7, 0xBBC7, 0xC3E8, 0xC3E8,
    0xC3E8, 0xCC49, 0xD469, 0xD4AA, 0xDD0B, 0xDD0B, 0xDD0B, 0xDD2C, 0xE54C, 0xE58D, 0xE5CE, 0xEDF0, 0xEE31, 0xEE31, 0xEE51, 0xEE52,
    0xEE52, 0xEE72, 0xEE73, 0xEE53, 0xEE53, 0xEE53, 0xEE53, 0xEE53, 0xF673, 0xEE32, 0xE5D1, 0xE612, 0xF674, 0xF674, 0xF674, 0xF674,
    0xEE12, 0xE5F1, 0xDD2D, 0xCC09, 0xCC49, 0xD4AA, 0xDCEB, 0xE54C, 0xE56D, 0xED8E, 0xE52D, 0xD4CB, 0xE54D, 0xE54D, 0xDD2C, 0xE52C,
    0xDD0C, 0xDD2C, 0xEE32, 0xF6B6, 0xF695, 0xF6B5, 0xEE74, 0xEE74, 0x5A05, 0x2080, 0x30C1, 0x28E1, 0x2060, 0x8308, 0xF693, 0xEE32,
    0xEE32, 0xF652, 0xEDEF, 0xED8D, 0xEDAD, 0xED8D, 0xEDAD, 0xED6C, 0xE50B, 0xDC48, 0xDC28, 0xDC28, 0xD408, 0xD3E7, 0xD408, 0xD3E8,
    0xD448, 0xD448, 0xDC89, 0xE4EB, 0xE4EB, 0xDCEB, 0xE52C, 0xE52C, 0xE50B, 0xDCCB, 0xDCCB, 0xDC8A, 0xD449, 0xD469, 0xDCCB, 0xDCCB,
    0xDD0B, 0xE56D, 0xE58D, 0xE58D, 0xE58E, 0xE5AE, 0xE5AE, 0xE5CF, 0xE5AF, 0xB3CA, 0xDDB2, 0xE614, 0xEE55, 0xEE55, 0xEE35, 0xEE76,
    0xFEF7, 0xD52F, 0xB366, 0xDC89, 0xDC89, 0xE4C9, 0xF54A, 0xE4EA, 0xDCCA, 0xE4CA, 0xE4CA, 0xDCCB, 0xE4CB, 0xE4EB, 0xE4CB, 0xE4EB,
    0xE4EB, 0xDCCB, 0xD4CB, 0xD4AB, 0xD4AB, 0xCC6A, 0xC429, 0xC44A, 0xCC4A, 0xC44A, 0xC409, 0xC409, 0xC42A, 0xC42A, 0xC44A, 0xC44A,
    0xC44A, 0xC42A, 0xBC2A, 0xBC2A, 0xBC2A, 0xBC2A, 0xBC0A, 0xBC0A, 0xB40A, 0xC46A, 0xFE0D, 0xFE4D, 0xF58B, 0xAB06, 0xC48B, 0xFED3,
    0xFE92, 0xFEB2, 0xFE92, 0xFEB3, 0xFF36, 0xFF99, 0xFFB9, 0xFFB9, 0xFFB9, 0xFFB9, 0xFFB9, 0xFFDA, 0xFFDA, 0xFFB9, 0xFFB9, 0xFFB9,
    0xFEF4, 0xFEF4, 0xFEF4, 0xFEF4, 0xFF35, 0xFF56, 0xFFD9, 0xFFFB, 0xFFFB, 0xFFFA, 0xFFFA, 0xFFFA, 0xFFFA, 0xFFFA, 0xFFFB, 0xFFFA,
    0xFFFB, 0xFFFB, 0xFFFA, 0xFFFA, 0xFFFB, 0xFFFA, 0xFFF9, 0xFFF8, 0xFFF9, 0xFFF9, 0xFFF9, 0xFFF9, 0xFFF9, 0xFFFB, 0xE5D0, 0xDD50,
    0xEE76, 0xDE15, 0xE615, 0xE615, 0xDE15, 0xDE15, 0xDDF4, 0xDDF4, 0xDDF4, 0xDE15, 0xE635, 0xDE15, 0xDDF3, 0xDDB2, 0xDDB2, 0xCD30,
    0xBC6D, 0xA369, 0x8A44, 0x79A1, 0x8A22, 0xA2E4, 0xA305, 0xB346, 0xB386, 0xBBA7, 0xC3C7, 0xCC08, 0xCC08, 0xCC08, 0xC408, 0xC3C7,
    0xC3E8, 0xD469, 0xD469, 0xD489, 0xD4CA, 0xDCEB, 0xDD0B, 0xE52C, 0xE58D, 0xEDEF, 0xEE10, 0xEE10, 0xEE31, 0xF651, 0xEE11, 0xEDD0,
    0xEE10, 0xEE11, 0xEE32, 0xF693, 0xF693, 0xF694, 0xF694, 0xF673, 0xEE33, 0xEE12, 0xEDF2, 0xE5F1, 0xEE33, 0xF674, 0xF674, 0xF695,
    0xEE73, 0xE5B0, 0xE58F, 0xDD0C, 0xD46A, 0xD48A, 0xDCCB, 0xE50C, 0xED6D, 0xED8E, 0xE54D, 0xD4CB, 0xDD0C, 0xE56D, 0xE54D, 0xDCEC,
    0xE52D, 0xE58E, 0xEE32, 0xF6B6, 0xF696, 0xF6B6, 0xF695, 0xF6B5, 0x6226, 0x2080, 0x30E1, 0x1800, 0x7287, 0xF673, 0xEE32, 0xEE32,
    0xF672, 0xEDF0, 0xE58D, 0xED8D, 0xED8D, 0xED8D, 0xE50B, 0xDC69, 0xDC69, 0xDC49, 0xDC49, 0xDC28, 0xDC28, 0xD408, 0xDC48, 0xDC89,
    0xDC89, 0xD489, 0xE4EB, 0xE4EB, 0xE4EB, 0xE50B, 0xE54C, 0xE54C, 0xE56D, 0xE58D, 0xDCEB, 0xDCCB, 0xDCCB, 0xDCEB, 0xE50B, 0xDCEB,
    0xDD0C, 0xE54C, 0xE54D, 0xE54D, 0xDD6D, 0xE5AE, 0xE5AE, 0xEDCF, 0xE56E, 0xAB89, 0xDDB2, 0xEE75, 0xEE96, 0xEE55, 0xEE76, 0xF696,
    0xBC8D, 0xAB88, 0xB388, 0xB3A8, 0xC408, 0xD469, 0xD449, 0xD449, 0xD469, 0xD48A, 0xDCAA, 0xDCAB, 0xDCAB, 0xDCAB, 0xDCCB, 0xDCCB,
    0xE4EB, 0xDCCB, 0xCC8A, 0xC429, 0xC409, 0xBC09, 0xC44A, 0xD48B, 0xD4AB, 0xD4AB, 0xCC6A, 0xCC6A, 0xCC6A, 0xCC8A, 0xCC8B, 0xCC6A,
    0xC42A, 0xBC0A, 0xBC2A, 0xBC2A, 0xBC0A, 0xB3E9, 0xB3E9, 0xB3E9, 0xBC2B, 0xC44A, 0xCC8A, 0xCC8A, 0xCCAA, 0xB3A8, 0xD4AB, 0xFF13,
    0xFE92, 0xFE92, 0xFEB2, 0xFEB2, 0xFEB2, 0xFF57, 0xFF99, 0xFF99, 0xFFB9, 0xFFB9, 0xFFB9, 0xFFDA, 0xFFFA, 0xFFB9, 0xFFB9, 0xFFB9,
    0xFF14, 0xFEF4, 0xFEF4, 0xFF14, 0xFF55, 0xFF56, 0xFFD9, 0xFFFA, 0xFFFA, 0xFFFA, 0xFFFA, 0xFFFA, 0xFFFB, 0xFFFB, 0xFFFB, 0xFFFB,
    0xFFFB, 0xFFFB, 0xFFFA, 0xFFFA, 0xFFFA, 0xFFF9, 0xFFF8, 0xFFF9, 0xFFF9, 0xFFF9, 0xFFF9, 0xFFF9, 0xFFF9, 0xFFFB, 0xE652, 0xD4CC,
    0xE5F4, 0xE615, 0xDE15, 0xDE15, 0xDE15, 0xDE15, 0xD5F4, 0xD5D4, 0xD5D4, 0xDDD4, 0xDDF4, 0xDE14, 0xDDF4, 0xDDD3, 0xD591, 0xC50F,
    0xC4AE, 0x8224, 0x79C2, 0x9223, 0x9AC4, 0xAB25, 0xBBA7, 0xBBC7, 0xC3E8, 0xC408, 0xC408, 0xC408, 0xC408, 0xC3E8, 0xCC08, 0xCC08,
    0xCC08, 0xCC49, 0xD449, 0xD449, 0xD4AA, 0xDCCA, 0xDD0B, 0xE56D, 0xEDCF, 0xEDF0, 0xEE10, 0xEE10, 0xEE30, 0xE5D0, 0xDD6E, 0xCD0D,
    0xCD0E, 0xCD0E, 0xCD0E, 0xCD4F, 0xD570, 0xD570, 0xCD70, 0xDDF1, 0xF694, 0xF653, 0xEDF2, 0xE5D1, 0xDDB0, 0xEE33, 0xF6B5, 0xF695,
    0xF694, 0xF694, 0xEE53, 0xDD6F, 0xCC49, 0xD48A, 0xDCAB, 0xDCCB, 0xED6D, 0xED8E, 0xED6D, 0xDCEB, 0xE52C, 0xE54D, 0xE56D, 0xE56D,
    0xE56E, 0xE5AF, 0xEE11, 0xF694, 0xF6B5, 0xF6B6, 0xF6B5, 0x93AA, 0x38E1, 0x28A0, 0x2860, 0x7286, 0xCD0E, 0xF692, 0xEE52, 0xF672,
    0xEE10, 0xE5AE, 0xED6D, 0xE52C, 0xE52B, 0xE4EA, 0xDC8A, 0xDC69, 0xE449, 0xE449, 0xDC49, 0xDC28, 0xD408, 0xE4CA, 0xE4EB, 0xE4CA,
    0xE4CA, 0xE4EA, 0xDCEA, 0xDCCA, 0xE56C, 0xEDCE, 0xEDAE, 0xEDAE, 0xEDCE, 0xEDCE, 0xEDCE, 0xE56D, 0xDCEB, 0xDCEB, 0xDD0B, 0xE54D,
    0xE56C, 0xE54C, 0xE52C, 0xE50C, 0xE54D, 0xE58E, 0xE5AE, 0xEDCF, 0xEDF0, 0xD52F, 0xE634, 0xEE55, 0xEE76, 0xF696, 0xC48E, 0xA348,
    0xAB68, 0xA346, 0xB3A8, 0xB387, 0xC408, 0xCC49, 0xC429, 0xC428, 0xCC08, 0xD469, 0xE4EA, 0xDCCA, 0xDCAA, 0xDCAA, 0xE50B, 0xE50B,
    0xE52B, 0xD4AA, 0xC409, 0xC409, 0xBC09, 0xBC09, 0xC409, 0xC429, 0xC429, 0xC44A, 0xCC4A, 0xCC8B, 0xCC8A, 0xC449, 0xC429, 0xBC09,
    0xBC09, 0xBBE9, 0xB3E9, 0xBBEA, 0xBC0A, 0xB3E9, 0xB3E9, 0xABC9, 0xB3E9, 0xB3EA, 0xB3E9, 0xB3E9, 0xB3E9, 0xCC8A, 0xDCEB, 0xCCCB,
    0xF631, 0xFEF3, 0xFE92, 0xFEB2, 0xFEB2, 0xFED3, 0xFF15, 0xFFB9, 0xFFB9, 0xFFBA, 0xFF99, 0xFF99, 0xFF99, 0xFFB9, 0xFFB9, 0xFFB9,
    0xFF14, 0xFEF4, 0xFEF4, 0xFF14, 0xFF34, 0xFF76, 0xFFFA, 0xFFFB, 0xFFFA, 0xFFFA, 0xFFFA, 0xFFFA, 0xFFFA, 0xFFFB, 0xFFFB, 0xFFFB,
    0xFFFB, 0xFFFB, 0xFFFA, 0xFFFA, 0xFFF9, 0xFFF9, 0xFFF9, 0xFFF9, 0xFFF9, 0xFFF9, 0xFFF9, 0xFFF9, 0xFFF9, 0xFFFA, 0xFFDA, 0xDD4E,
    0xDD50, 0xE636, 0xE615, 0xE615, 0xE615, 0xE615, 0xDDF5, 0xDDF5, 0xDDF4, 0xDDF4, 0xD5B3, 0xD571, 0xD592, 0xD571, 0xCD30, 0xABEB,
    0x92E6, 0x81E2, 0x81C2, 0x9222, 0xAB25, 0xB366, 0xBBA7, 0xC3E7, 0xC3E8, 0xC3E8, 0xC3E8, 0xC408, 0xC408, 0xCC08, 0xCC29, 0xCC49,
    0xCC28, 0xCC28, 0xCC28, 0xCC28, 0xCC49, 0xD4CB, 0xE58D, 0xEDAE, 0xE5AF, 0xE5AF, 0xE5AF, 0xE5AF, 0xE5AF, 0xD4EC, 0xDCCC, 0x69E5,
    0x2880, 0x30E1, 0x30C1, 0x30C1, 0x30C1, 0x30C1, 0x2880, 0x6A66, 0xBCEE, 0xAC4C, 0xE5D1, 0xF653, 0xEDF1, 0xDDB1, 0xEE94, 0xF6B5,
    0xF6B5, 0xF6B6, 0xF6D6, 0xEE12, 0xDD0D, 0xD4CB, 0xD48A, 0xDCEB, 0xED8E, 0xED6D, 0xE56D, 0xE54D, 0xE56D, 0xED8D, 0xE56D, 0xEDEF,
    0xEDF0, 0xEDD0, 0xEDF0, 0xEE73, 0xF6B6, 0xF6B6, 0xFED6, 0xB48D, 0x2860, 0x30C1, 0x7287, 0xE5B0, 0xF651, 0xEE31, 0xEE31, 0xEE10,
    0xE56D, 0xE54D, 0xE52C, 0xE4EB, 0xE4CA, 0xDC8A, 0xDC8A, 0xDC69, 0xDC49, 0xDC28, 0xDC29, 0xE4EB, 0xE4EB, 0xECEB, 0xE4EB, 0xE52B,
    0xED4C, 0xE52B, 0xE54C, 0xED8D, 0xEDAD, 0xE5AE, 0xEDEF, 0xEDEF, 0xEDEF, 0xEDCE, 0xEDCF, 0xEDAE, 0xE54D, 0xE52C, 0xE52C, 0xE54C,
    0xE52C, 0xE54C, 0xE58E, 0xE58E, 0xEDCF, 0xEE10, 0xEE10, 0xEE31, 0xEDF0, 0xC46C, 0xDD91, 0xE614, 0xE635, 0xF6B7, 0xABAA, 0x8A44,
    0xB3C9, 0xB3A8, 0xB3A8, 0xAB88, 0xB3A8, 0xB3A8, 0xBBC8, 0xD469, 0xD489, 0xD489, 0xD469, 0xDCA9, 0xED6B, 0xED4B, 0xF54B, 0xE4EA,
    0xDCAA, 0xD48A, 0xD46A, 0xCC6A, 0xCC6A, 0xC44A, 0xC409, 0xC42A, 0xCC4A, 0xC42A, 0xBC09, 0xBBE9, 0xBBE9, 0xBBE9, 0xBC09, 0xC44A,
    0xC44A, 0xC46A, 0xC46A, 0xC44A, 0xC44A, 0xC44A, 0xBC4A, 0xB40A, 0xABA8, 0xABA8, 0xB3C9, 0xB3E9, 0xB3E9, 0xCC8A, 0xE50B, 0xC3E8,
    0xCCAB, 0xEDEF, 0xFED3, 0xFE92, 0xFEB2, 0xFEB2, 0xFED4, 0xFF57, 0xFF99, 0xFFBA, 0xFF99, 0xFF99, 0xFF99, 0xFFB9, 0xFFB9, 0xFFB9,
    0xFF14, 0xFF34, 0xFEF4, 0xFED3, 0xFEF4, 0xFF76, 0xFFD9, 0xFFFB, 0xFFFB, 0xFFFA, 0xFFFA, 0xFFFA, 0xFFFA, 0xFFFA, 0xFFFA, 0xFFF9,
    0xFFF9, 0xFFFA, 0xFFFA, 0xFFFA, 0xFFF9, 0xFFF9, 0xFFF9, 0xFFF9, 0xFFF9, 0xFFF9, 0xFFF9, 0xFFF9, 0xFFF9, 0xFFFA, 0xFFFB, 0xE5AE,
    0xE570, 0xE656, 0xE615, 0xE615, 0xE615, 0xE615, 0xE615, 0xE615, 0xE5F5, 0xDDD4, 0xD592, 0xCD50, 0xCD30, 0xC4CE, 0xBC8D, 0xA369,
    0x8A03, 0x9223, 0x9243, 0x9AA4, 0xAB25, 0xB366, 0xBBC7, 0xC3E8, 0xC408, 0xC408, 0xC408, 0xC408, 0xCC28, 0xCC29, 0xCC29, 0xCC29,
    0xCC28, 0xCC28, 0xCC28, 0xCC49, 0xCC69, 0xD4CB, 0xDD4D, 0xDD2D, 0xDD4D, 0xDD2C, 0xCC49, 0xCC29, 0xDC8A, 0xC429, 0x8AA7, 0x4942,
    0x2060, 0x2080, 0x2080, 0x2080, 0x2080, 0x2880, 0x28A0, 0x2880, 0x2060, 0x2040, 0x7287, 0x8B29, 0xAC0B, 0xE5F1, 0xEE33, 0xF6B5,
    0xF6B5, 0xF6B5, 0xF6B6, 0xEE33, 0xE5D0, 0xDD2D, 0xD4AB, 0xE54D, 0xED8E, 0xE56D, 0xED6D, 0xE54D, 0xE56D, 0xEDAE, 0xEDAF, 0xEE10,
    0xEDF0, 0xEDF0, 0xEE11, 0xEE53, 0xF6B6, 0xF6B7, 0xF6B6, 0xC4EE, 0x4922, 0x4942, 0xDD6F, 0xEDF0, 0xEDEF, 0xEE10, 0xEDAE, 0xE54C,
    0xE4EB, 0xE4EB, 0xDCCA, 0xE4EA, 0xE4CA, 0xE4AA, 0xE489, 0xDC49, 0xDC89, 0xE4EB, 0xE4CB, 0xF5AD, 0xED8D, 0xED6D, 0xED8D, 0xF5EE,
    0xF5EE, 0xEDCD, 0xF5CE, 0xEDCE, 0xEDAE, 0xE58E, 0xF610, 0xF631, 0xF631, 0xF630, 0xEDF0, 0xEDAF, 0xEDCF, 0xEDCE, 0xEDAE, 0xE5AE,
    0xEDEF, 0xEE31, 0xEE31, 0xEE10, 0xEDF0, 0xEDCF, 0xEDCF, 0xEDF0, 0xE58F, 0xAB68, 0xD550, 0xE634, 0xE635, 0xF6B6, 0xB3EB, 0x9284,
    0xA347, 0xA347, 0xA347, 0xAB88, 0xAB88, 0xB3A8, 0xBBE9, 0xC449, 0xC409, 0xBBE8, 0xBBC9, 0xCC49, 0xED2B, 0xE4EB, 0xDCCA, 0xD46A,
    0xC3E9, 0xCC29, 0xD48A, 0xDCAA, 0xD4AA, 0xC44A, 0xBBE9, 0xBBE9, 0xC429, 0xC44A, 0xBC09, 0xBBC8, 0xC409, 0xC429, 0xC44A, 0xCC6B,
    0xCC6B, 0xCCAB, 0xCCAB, 0xBC4A, 0xB3E9, 0xBC0A, 0xB3E9, 0xB3C9, 0xB3C9, 0xB3C9, 0xABC9, 0xB3C9, 0xB3C9, 0xBC29, 0xCC6A, 0xD4CB,
    0xCC09, 0xC3E8, 0xDD6D, 0xFEF3, 0xFE92, 0xFEB3, 0xFED3, 0xFED3, 0xFF56, 0xFF99, 0xFF99, 0xFFB9, 0xFFB9, 0xFFB9, 0xFFB9, 0xFFB9,
    0xFEF4, 0xFF14, 0xFF34, 0xFEF4, 0xFEF4, 0xFEF4, 0xFF56, 0xFFFA, 0xFFFA, 0xFFF9, 0xFFF9, 0xFFFA, 0xFFFA, 0xFFF9, 0xFFF9, 0xFFF9,
    0xFFD8, 0xFFD8, 0xFFF9, 0xFFF9, 0xFFF9, 0xFFF9, 0xFFF9, 0xFFF9, 0xFFF9, 0xFFD8, 0xFFB7, 0xFFF7, 0xFFF9, 0xFFF9, 0xFFF9, 0xE5AD,
    0xED90, 0xEE56, 0xE615, 0xE615, 0xE615, 0xE615, 0xE615, 0xE615, 0xDDF5, 0xD5B3, 0xCD71, 0xCD71, 0xCD0F, 0xBC4D, 0xABEB, 0xAB89,
    0x8A43, 0x9222, 0x9AA4, 0xB387, 0xBBA7, 0xBBA7, 0xBBC7, 0xC3E7, 0xC408, 0xCC28, 0xCC29, 0xCC49, 0xCC48, 0xCC48, 0xCC28, 0xCC28,
    0xCC28, 0xCC28, 0xCC28, 0xD469, 0xDCAA, 0xDCCB, 0xDCCB, 0xD4CB, 0xD489, 0xCC28, 0xD449, 0xBBA8, 0x7A24, 0x6A04, 0x1840, 0x2080,
    0x28A0, 0x28A0, 0x28A0, 0x28A0, 0x28A0, 0x28A0, 0x28A0, 0x28A0, 0x28A0, 0x28C0, 0x2880, 0x1800, 0x59C4, 0x9BAA, 0xDDD1, 0xFED6,
    0xF6B6, 0xF6B6, 0xF6B5, 0xF695, 0xF674, 0xE5AF, 0xE54D, 0xEDAE, 0xED8E, 0xEDAE, 0xEDAE, 0xEDCE, 0xEDCE, 0xE58E, 0xEDCF, 0xEDEF,
    0xEDEF, 0xEDF0, 0xEDF0, 0xEE32, 0xEE95, 0xF6B6, 0xEE75, 0xE58F, 0xDD2E, 0xD4ED, 0xE56E, 0xEE10, 0xEDF0, 0xEDF0, 0xE5AE, 0xE50B,
    0xE4EB, 0xE4EB, 0xE4CA, 0xE4AA, 0xE4AA, 0xE4AA, 0xDCCA, 0xE4EB, 0xEDAD, 0xF60F, 0xEDAD, 0xF5AE, 0xED8D, 0xF60F, 0xF62F, 0xF62F,
    0xF62F, 0xF60F, 0xEDCE, 0xEDCE, 0xF610, 0xF651, 0xF651, 0xF651, 0xF651, 0xF652, 0xF651, 0xEDCF, 0xE58F, 0xEDF0, 0xEE93, 0xF672,
    0xEE31, 0xEE52, 0xE56E, 0xDD4D, 0xE56E, 0xE5AF, 0xEDD0, 0xEDF0, 0xE58F, 0xB3CA, 0xE5F3, 0xE634, 0xE635, 0xF6B7, 0xB40B, 0x9264,
    0x9B27, 0xA347, 0xAB88, 0xABA8, 0xB3A8, 0xB3A8, 0xB3A8, 0xB3C8, 0xB3C9, 0xBBE9, 0xBBE9, 0xBBE9, 0xC409, 0xC409, 0xC3E9, 0xC3E9,
    0xC409, 0xC429, 0xCC69, 0xD46A, 0xCC4A, 0xC3E9, 0xC3E9, 0xC3E9, 0xCC4A, 0xCC6A, 0xC42A, 0xC409, 0xC429, 0xC42A, 0xC44A, 0xC44A,
    0xC42A, 0xBBE9, 0xBC09, 0xBC2A, 0xB40A, 0xB3E9, 0xB3E9, 0xB3E9, 0xB3E9, 0xB3E9, 0xB3E9, 0xB3E9, 0xB3E9, 0xB3E9, 0xB3C9, 0xBBE9,
    0xD4AB, 0xBBA7, 0xBBC8, 0xEDEF, 0xFEF3, 0xFEB2, 0xFED3, 0xFED3, 0xFED3, 0xFF36, 0xFFBA, 0xFFBA, 0xFFB9, 0xFF99, 0xFF99, 0xFFB9,
    0xFED3, 0xFEF4, 0xFEF4, 0xFED3, 0xFED3, 0xFEF3, 0xFF56, 0xFFFA, 0xFFFA, 0xFFD9, 0xFFD9, 0xFFFA, 0xFFFA, 0xFFFA, 0xFFFA, 0xFFF9,
    0xFFB8, 0xFFB7, 0xFFF8, 0xFFF8, 0xFFB7, 0xFF75, 0xFF55, 0xFF55, 0xFF75, 0xFF95, 0xFFB5, 0xFFB5, 0xFFB5, 0xFFB5, 0xFFD7, 0xE58D,
    0xED90, 0xEE56, 0xEE35, 0xEE35, 0xE615, 0xDE15, 0xDDF4, 0xDDF4, 0xDDF4, 0xD592, 0xD571, 0xD571, 0xCD2F, 0xBCAE, 0xB3EB, 0xABAA,
    0x9264, 0x9242, 0x9AA4, 0xB366, 0xBBA7, 0xBBA7, 0xBBC7, 0xC3E8, 0xCC49, 0xCC29, 0xCC49, 0xD469, 0xD469, 0xD489, 0xD469, 0xCC49,
    0xCC49, 0xCC49, 0xCC48, 0xCC28, 0xCC28, 0xCC28, 0xCC28, 0xCC07, 0xCBE7, 0xDC68, 0xABA8, 0x6204, 0x2040, 0x2080, 0x28A0, 0x28A0,
    0x2880, 0x2060, 0x2060, 0x2060, 0x1860, 0x2060, 0x2060, 0x2060, 0x2880, 0x28A0, 0x30C1, 0x28C0, 0x28A0, 0x2060, 0x6A88, 0xC530,
    0xFF37, 0xF6B5, 0xF6B6, 0xF6B5, 0xF6B4, 0xEDD0, 0xED8E, 0xED8E, 0xF5EF, 0xF5EF, 0xF630, 0xF62F, 0xE56D, 0xE52C, 0xDD4D, 0xE5AE,
    0xEDCF, 0xEDCF, 0xE5AF, 0xEE11, 0xEE53, 0xF695, 0xF695, 0xE5D1, 0xDD2D, 0xE54D, 0xDD2D, 0xEDD0, 0xF6B4, 0xF6B5, 0xEE52, 0xE54D,
    0xE50B, 0xE50B, 0xE52C, 0xE54C, 0xED6D, 0xEDAE, 0xFE51, 0xF630, 0xF610, 0xF630, 0xF5EF, 0xF5EF, 0xF5EF, 0xF62F, 0xF62F, 0xF62F,
    0xF60F, 0xF5EF, 0xF60F, 0xFE72, 0xF672, 0xF651, 0xF651, 0xF652, 0xF652, 0xF651, 0xF652, 0xF6B4, 0xF6F5, 0xEED5, 0xEE52, 0xEDF0,
    0xE54D, 0xE56D, 0xE58E, 0xE56E, 0xE58E, 0xEDCF, 0xEDCF, 0xEDF0, 0xE58F, 0xBBEA, 0xE614, 0xE634, 0xE635, 0xEE35, 0xB3CA, 0x9284,
    0xA327, 0xA327, 0xA367, 0xAB88, 0xAB88, 0xB3A8, 0xBBE9, 0xBC09, 0xBBE8, 0xB3A8, 0xAB67, 0xAB67, 0xB3A8, 0xB3C8, 0xB3C8, 0xBBC9,
    0xCC29, 0xCC29, 0xC409, 0xC3E9, 0xC3E9, 0xC3E9, 0xC3E9, 0xC3E9, 0xBBE8, 0xBBE9, 0xBBE9, 0xBC09, 0xC409, 0xC409, 0xC42A, 0xC44A,
    0xC429, 0xB3C8, 0xB3C9, 0xB3C9, 0xB3C9, 0xABC9, 0xB3E9, 0xB3E9, 0xB3E9, 0xB3E9, 0xB3E9, 0xB3E9, 0xB3E9, 0xB3E9, 0xB3E9, 0xB3E9,
    0xBC09, 0xBBE9, 0xB3A8, 0xBBE9, 0xE5AF, 0xFEB2, 0xFEB2, 0xFEB2, 0xFEB2, 0xFEF4, 0xFF77, 0xFFB9, 0xFF99, 0xFF99, 0xFF99, 0xFFB9,
    0xFED3, 0xFEF4, 0xFED3, 0xFEB3, 0xFE93, 0xFED3, 0xFF56, 0xFFF9, 0xFFFC, 0xFFFB, 0xFFFB, 0xFFFA, 0xFFF9, 0xFFD8, 0xFF76, 0xFF75,
    0xFF55, 0xFF55, 0xFF54, 0xFF13, 0xFF13, 0xFF13, 0xFF13, 0xFF13, 0xFF33, 0xFF73, 0xFF94, 0xFF74, 0xFF74, 0xFF74, 0xFFD6, 0xE58D,
    0xED90, 0xEE56, 0xEE35, 0xEE35, 0xE615, 0xE615, 0xE5F5, 0xE5F4, 0xDDF4, 0xD5B3, 0xD5B2, 0xD592, 0xCD50, 0xBCCE, 0xB40B, 0xB3EA,
    0x9284, 0x9222, 0x9AA3, 0xB366, 0xBBA7, 0xBBC7, 0xC408, 0xCC29, 0xCC28, 0xCC28, 0xD469, 0xD489, 0xD489, 0xDCCA, 0xD489, 0xCC49,
    0xCC48, 0xCC48, 0xD449, 0xCC28, 0xCBE7, 0xC3C7, 0xC3C7, 0xCBC7, 0xC3A7, 0xAB26, 0x59E4, 0x1820, 0x30A0, 0x28A0, 0x28A0, 0x28A0,
    0x28C1, 0x3922, 0x4122, 0x3922, 0x4142, 0x4143, 0x4143, 0x4163, 0x3902, 0x1820, 0x1840, 0x2880, 0x28A0, 0x30C0, 0x1800, 0x6A88,
    0xD5D2, 0xEE95, 0xF6D6, 0xF6D6, 0xF6B5, 0xEE11, 0xE5AE, 0xEDAE, 0xF5EF, 0xF650, 0xF650, 0xEDAE, 0xE54D, 0xE54D, 0xE56D, 0xE56D,
    0xE56D, 0xE58D, 0xEDAE, 0xEDCF, 0xEDCF, 0xEE11, 0xF674, 0xF674, 0xE5B0, 0xE5B0, 0xE590, 0xEDF1, 0xF6B5, 0xF6B5, 0xF6B5, 0xF674,
    0xEDD0, 0xEE32, 0xFF36, 0xFF36, 0xFF57, 0xFEF4, 0xFE72, 0xFE92, 0xFE92, 0xF651, 0xF630, 0xF630, 0xFE30, 0xF650, 0xF630, 0xF650,
    0xF630, 0xF630, 0xF651, 0xF672, 0xF652, 0xFE52, 0xF672, 0xF652, 0xF652, 0xF6B4, 0xF6D5, 0xF6B4, 0xF6B4, 0xEE52, 0xE5AF, 0xEDD0,
    0xEDF0, 0xEDF0, 0xEDCF, 0xE58E, 0xE58F, 0xE5CF, 0xE5D0, 0xEDF0, 0xE58F, 0xB389, 0xDD92, 0xE634, 0xF696, 0xB3CA, 0x9AA5, 0xA327,
    0xA327, 0x9B27, 0x9B06, 0xAB68, 0xB3A8, 0xB3A8, 0xB3C8, 0xB3C8, 0xAB67, 0xA327, 0xA347, 0xAB88, 0xBBE9, 0xBBE9, 0xC409, 0xC409,
    0xC429, 0xC429, 0xC409, 0xC3E8, 0xBBE8, 0xC3E9, 0xBBE9, 0xBBE9, 0xC3E9, 0xC429, 0xCC2A, 0xCC4A, 0xCC6B, 0xCC4A, 0xCC4A, 0xC42A,
    0xBC09, 0xBC09, 0xBC09, 0xB3C9, 0xAB88, 0xABA8, 0xABC9, 0xB3E9, 0xB40A, 0xBC2A, 0xB409, 0xB3E9, 0xABC9, 0xABA8, 0xABA9, 0xB3E9,
    0xB3E9, 0xB3C8, 0xB409, 0xB388, 0xA326, 0xF651, 0xFE92, 0xFE92, 0xFEB2, 0xFEB2, 0xFF15, 0xFF98, 0xFF99, 0xFF99, 0xFF99, 0xFF98,
    0xFED3, 0xFF14, 0xFF14, 0xFF14, 0xFF14, 0xFEF3, 0xFF14, 0xFFD9, 0xFFFA, 0xFFD9, 0xFFB9, 0xFFD8, 0xFFD7, 0xFF95, 0xFEF2, 0xFED2,
    0xFED2, 0xFED2, 0xFEB1, 0xFE91, 0xFED1, 0xFF12, 0xFEF2, 0xFEF2, 0xFF53, 0xFF53, 0xFF73, 0xFF73, 0xFF94, 0xFF94, 0xFFD6, 0xED8D,
    0xED90, 0xE635, 0xE615, 0xE615, 0xE615, 0xDE15, 0xE615, 0xDE15, 0xE615, 0xE615, 0xDDD3, 0xD5B2, 0xD571, 0xBCCE, 0xBC6D, 0xABC9,
    0x9A85, 0x9243, 0xA305, 0xB366, 0xB387, 0xBBC8, 0xC429, 0xCC49, 0xCC49, 0xCC49, 0xD469, 0xD469, 0xD489, 0xD469, 0xD449, 0xD449,
    0xCC48, 0xCC28, 0xC3C7, 0xC3C7, 0xC3A6, 0xC386, 0xC3A6, 0xBB66, 0xBB46, 0x4901, 0x2040, 0x3080, 0x28A0, 0x2080, 0x1820, 0x1000,
    0x4963, 0xE611, 0xE5D0, 0xE5D1, 0xE5F1, 0xE5F1, 0xE5F1, 0xEE33, 0xAC2C, 0x6225, 0x7AC7, 0x3902, 0x1800, 0x28A0, 0x30C1, 0x2840,
    0x59A4, 0xF694, 0xF6B5, 0xF6D6, 0xF6D6, 0xF6B4, 0xEDCF, 0xEDCF, 0xF60F, 0xF5EF, 0xE58D, 0xE56D, 0xED8D, 0xEDAE, 0xFE2F, 0xEDCE,
    0xEDAE, 0xED8D, 0xE56D, 0xEDCF, 0xEDCF, 0xEDCF, 0xEDD0, 0xEE31, 0xF652, 0xF673, 0xF693, 0xF694, 0xF6B5, 0xFF37, 0xFF37, 0xFF37,
    0xFF57, 0xFF57, 0xFF78, 0xFF78, 0xFF57, 0xFEF5, 0xFF15, 0xFEF4, 0xFED3, 0xFEB2, 0xFE92, 0xFE71, 0xFE71, 0xF650, 0xF650, 0xF650,
    0xFE71, 0xF672, 0xF672, 0xFE72, 0xFE72, 0xF652, 0xF631, 0xF6D4, 0xFF36, 0xF694, 0xF673, 0xEE10, 0xEDF0, 0xEDF1, 0xF612, 0xF612,
    0xEE32, 0xF632, 0xEE11, 0xEDF1, 0xEE32, 0xEE52, 0xEE52, 0xF652, 0xEDF1, 0xC48C, 0xAB89, 0xE614, 0xF6B7, 0xB3CA, 0x92A5, 0xA347,
    0xA327, 0xA327, 0x9B27, 0xA327, 0xA347, 0xA368, 0xA367, 0xAB88, 0xAB88, 0xB3A8, 0xB3A8, 0xB3A8, 0xB3A8, 0xAB87, 0xB387, 0xBBC8,
    0xB3A8, 0xBBC8, 0xC3E9, 0xBBE8, 0xBBA8, 0xBBC8, 0xBBA8, 0xBBC8, 0xC3E9, 0xCC4A, 0xD48B, 0xD46A, 0xCC6A, 0xCC4A, 0xC44A, 0xBBE9,
    0xBBE9, 0xBC09, 0xB3E9, 0xB3E9, 0xABA8, 0xABA8, 0xAB88, 0xA347, 0x9B47, 0xAB88, 0xB409, 0xB409, 0xB409, 0xB3E9, 0xABA8, 0xABA8,
    0xABA8, 0xB3C9, 0xB3E9, 0xBC0A, 0xB3E9, 0xA326, 0xE5CF, 0xFEB3, 0xFE92, 0xFEB2, 0xFEB3, 0xFED4, 0xFF98, 0xFF99, 0xFF99, 0xFF98,
    0xFEB3, 0xFEF4, 0xFF35, 0xFEF4, 0xFF35, 0xFF14, 0xFF14, 0xFF76, 0xFF96, 0xFF75, 0xFF34, 0xFF33, 0xFEF2, 0xFED2, 0xFED2, 0xFEB2,
    0xFE91, 0xFEB1, 0xFF12, 0xFEF2, 0xFEF2, 0xFF32, 0xFF12, 0xFF52, 0xFF73, 0xFF73, 0xFF74, 0xFF74, 0xFF94, 0xFFB4, 0xFFF6, 0xEDAD,
    0xEE10, 0xF737, 0xEE95, 0xE615, 0xE635, 0xE635, 0xE635, 0xE615, 0xE615, 0xE615, 0xDDD3, 0xD5B2, 0xD571, 0xBCCE, 0xBCAE, 0xA307,
    0x9A84, 0xA2A5, 0xBBA8, 0xBBA7, 0xB3A7, 0xBBC8, 0xC409, 0xCC49, 0xCC69, 0xCC89, 0xD469, 0xD469, 0xD469, 0xD468, 0xCC48, 0xCC28,
    0xCC28, 0xC3E7, 0xB325, 0xB305, 0xB305, 0xB304, 0xBB45, 0x8203, 0x3040, 0x30A0, 0x2880, 0x2880, 0x1800, 0x4122, 0x9BA9, 0x9369,
    0xAC2B, 0xF630, 0xEE10, 0xEE11, 0xEE11, 0xEE31, 0xEE31, 0xEE11, 0xEE11, 0xF632, 0xFE73, 0xA40C, 0x6A87, 0x2840, 0x3080, 0x3080,
    0x5163, 0xCCEE, 0xF6B4, 0xF6D6, 0xFEF7, 0xF6B4, 0xEDEF, 0xEDEF, 0xF630, 0xEDAE, 0xED6D, 0xED8D, 0xED8D, 0xF5EE, 0xF62F, 0xF630,
    0xFE71, 0xEDCE, 0xE52C, 0xE54D, 0xE58E, 0xEE10, 0xEDAF, 0xDD4E, 0xEDF0, 0xF673, 0xF6B4, 0xF6D5, 0xF6D6, 0xFF79, 0xFFBA, 0xFFB9,
    0xFF99, 0xFF78, 0xFF78, 0xFF78, 0xFF78, 0xFF57, 0xFF37, 0xFF15, 0xFEF5, 0xFEF4, 0xFE73, 0xF672, 0xFE92, 0xFE92, 0xFE92, 0xFE92,
    0xFE72, 0xFE72, 0xFE73, 0xF672, 0xF652, 0xF6F4, 0xFF56, 0xF6D4, 0xF6B4, 0xF652, 0xF631, 0xF631, 0xF631, 0xF611, 0xEDF0, 0xEDF0,
    0xEE11, 0xEE32, 0xEE52, 0xEE53, 0xEE53, 0xEE52, 0xEE53, 0xEE73, 0xF6B3, 0xEE12, 0xABCA, 0xEE34, 0xF6B7, 0xBBEB, 0x92A5, 0xA327,
    0x9AE6, 0x9B06, 0xA327, 0xA347, 0xA347, 0xA327, 0xA327, 0xAB88, 0xAB88, 0xAB68, 0xA347, 0x9B06, 0x9B06, 0xAB67, 0xAB87, 0xB387,
    0xBBA8, 0xBBC8, 0xBBE8, 0xBBC8, 0xBBA8, 0xBBC8, 0xBBA8, 0xBBC8, 0xBBC8, 0xC3E9, 0xC409, 0xC429, 0xC409, 0xBBE9, 0xB3C8, 0xB3A8,
    0xB388, 0xB3A8, 0xABA8, 0xAB88, 0xAB88, 0xB3C9, 0xB3C9, 0xB3E9, 0xBC0A, 0xBC2A, 0xBC2A, 0xBC2A, 0xB409, 0xABC9, 0xABA8, 0xABA8,
    0xABA8, 0xB3C9, 0xB3E9, 0xB40A, 0xB3EA, 0xB3C9, 0xAB88, 0xE5AF, 0xFEF3, 0xFE92, 0xFE92, 0xFED3, 0xFF36, 0xFF78, 0xFF99, 0xFF99,
    0xFF35, 0xFF35, 0xFFB7, 0xFFB8, 0xFFB8, 0xFFB8, 0xFFD8, 0xFF55, 0xFED3, 0xFF13, 0xFF33, 0xFEF2, 0xFEB1, 0xFEB1, 0xFED1, 0xFED2,
    0xFED2, 0xFEF2, 0xFF12, 0xFF12, 0xFF12, 0xFF12, 0xFF32, 0xFF73, 0xFF94, 0xFF73, 0xFF53, 0xFF73, 0xFF74, 0xFF94, 0xFFD6, 0xEDCD,
    0xEE50, 0xFFB7, 0xFF96, 0xF6B4, 0xEE35, 0xEE35, 0xE615, 0xDDF4, 0xDDF4, 0xDDF4, 0xD5D2, 0xD5B2, 0xD571, 0xBCCE, 0xC4AE, 0xA327,
    0x9A84, 0xA2A4, 0xBBA8, 0xBBC8, 0xBBC8, 0xC408, 0xC409, 0xC429, 0xCC69, 0xCC89, 0xD489, 0xD489, 0xD469, 0xCC48, 0xC407, 0xBB86,
    0xB345, 0xB325, 0xB305, 0xB305, 0xB305, 0xBB66, 0xCC08, 0xBC08, 0x59A4, 0x2060, 0x28A0, 0x30A0, 0x6225, 0x9B89, 0xFE70, 0xF650,
    0xF630, 0xEDEF, 0xEDEF, 0xEDF0, 0xEDF0, 0xEDF0, 0xEDF0, 0xEDF0, 0xEDF0, 0xEDF0, 0xEDD0, 0xFE72, 0xE5F0, 0x7266, 0x3080, 0x2840,
    0x1800, 0x82A6, 0xF632, 0xF6B5, 0xF6F7, 0xF6B4, 0xEE10, 0xEDCE, 0xEDCE, 0xEDAE, 0xEDAD, 0xEDAD, 0xE56D, 0xF60F, 0xFE90, 0xF650,
    0xFE71, 0xF651, 0xEE0F, 0xDD0C, 0xE54D, 0xEDCF, 0xEDF0, 0xDD6E, 0xEDD0, 0xF673, 0xFF15, 0xFF36, 0xFF57, 0xFF78, 0xFF79, 0xFF79,
    0xFF79, 0xFF78, 0xFF78, 0xFF78, 0xFF78, 0xFF78, 0xFF57, 0xFF37, 0xFF36, 0xFF16, 0xFF16, 0xFF36, 0xFED4, 0xFE93, 0xFE93, 0xFE93,
    0xFE93, 0xFE72, 0xFE72, 0xF6F5, 0xFF57, 0xF6B4, 0xF693, 0xF652, 0xF631, 0xF632, 0xF632, 0xF631, 0xF631, 0xEE11, 0xEDF0, 0xEDF0,
    0xEDF0, 0xEE12, 0xEE53, 0xEE33, 0xEE53, 0xEE53, 0xEE53, 0xF673, 0xF693, 0xE611, 0xB3EB, 0xEE55, 0xF6D7, 0xB40B, 0x92A4, 0xA306,
    0x9B06, 0x9B06, 0x9B27, 0x9B27, 0x9B06, 0x92C5, 0x9AE6, 0xAB88, 0xAB88, 0xA367, 0xAB67, 0x9B26, 0x9B06, 0xA367, 0xAB87, 0xB387,
    0xB3A7, 0xBBA8, 0xB3A8, 0xB367, 0xB367, 0xBBA8, 0xBBA8, 0xBBA8, 0xBBC8, 0xC3E9, 0xC409, 0xC3E9, 0xBBE9, 0xBBE9, 0xB3A8, 0xB388,
    0xAB88, 0xAB88, 0xAB88, 0xAB68, 0xAB68, 0xAB88, 0xAB88, 0xAB88, 0xABA8, 0xABC8, 0xB3E9, 0xB3E9, 0xB3E9, 0xB3E9, 0xB3C9, 0xB3C9,
    0xB3C9, 0xABA8, 0xABC8, 0xABA9, 0xABC9, 0xB40A, 0xAB68, 0xCCCC, 0xEE31, 0xFEB2, 0xFE92, 0xFEB2, 0xFE92, 0xFF15, 0xFF78, 0xFF99,
    0xFFFA, 0xFFD9, 0xFFF9, 0xFFFA, 0xFFFA, 0xFFD9, 0xFFD8, 0xFF34, 0xFEB2, 0xFEB2, 0xFEF2, 0xFEF2, 0xFED1, 0xFEB1, 0xFF12, 0xFF33,
    0xFF12, 0xFEF2, 0xFED1, 0xFEF2, 0xFF12, 0xFEF2, 0xFF12, 0xFF33, 0xFF53, 0xFF53, 0xFF53, 0xFF53, 0xFF53, 0xFF94, 0xFFB4, 0xFF94,
    0xF6F2, 0xD4CA, 0xFFB6, 0xFF56, 0xEE34, 0xEE35, 0xE614, 0xDDD3, 0xDDD4, 0xDDD4, 0xD592, 0xD591, 0xCD50, 0xBCCE, 0xBCAE, 0xA348,
    0x9264, 0x9A84, 0xBBC8, 0xC3E8, 0xC3E8, 0xCC29, 0xCC49, 0xCC49, 0xCC69, 0xCC69, 0xCC69, 0xD469, 0xCC48, 0xCC28, 0xC3C7, 0xC3A6,
    0xC3A6, 0xC3A7, 0xC3A7, 0xBBA7, 0xC3A7, 0xCBE8, 0xD4AA, 0xED4C, 0x7225, 0x2000, 0x3080, 0x8B48, 0xEDEF, 0xF5EF, 0xE5AE, 0xE5AE,
    0xEDCF, 0xEDEF, 0xEE0F, 0xEE10, 0xEE10, 0xEE10, 0xEE10, 0xEE10, 0xEDCF, 0xEDCF, 0xEDF0, 0xEDF0, 0xEE10, 0xF651, 0xA3CA, 0x8B28,
    0x7A66, 0xABC9, 0xEDCF, 0xF673, 0xF694, 0xF673, 0xF610, 0xEDAE, 0xEDCE, 0xEDCE, 0xED8D, 0xED8D, 0xEDAD, 0xF5CE, 0xF670, 0xFF13,
    0xFEF3, 0xFEF3, 0xF672, 0xDD0C, 0xDD0C, 0xDD4D, 0xEE10, 0xEE10, 0xEE10, 0xF694, 0xFEF5, 0xFF57, 0xFF9A, 0xFFBA, 0xFF9A, 0xFF9A,
    0xFFBA, 0xFF99, 0xFF79, 0xFF78, 0xFF78, 0xFF78, 0xFF78, 0xFF78, 0xFF58, 0xFF58, 0xFF57, 0xFF57, 0xFF16, 0xFF15, 0xFF15, 0xFED4,
    0xFE93, 0xF6F5, 0xFF57, 0xF716, 0xF6D5, 0xF673, 0xF632, 0xF652, 0xF632, 0xF632, 0xF632, 0xF652, 0xF632, 0xEDF0, 0xEE11, 0xF653,
    0xEE33, 0xEE53, 0xEE53, 0xEE33, 0xEE33, 0xEE53, 0xEE53, 0xF674, 0xF674, 0xE5F2, 0xBC0B, 0xEE55, 0xEE96, 0xB3EA, 0x9284, 0x9AE6,
    0x9AE6, 0xB3E9, 0xBC4B, 0xB40A, 0xABA9, 0xABC9, 0xA368, 0x92E6, 0x9306, 0xA347, 0xA368, 0xA367, 0xA347, 0xA367, 0xAB67, 0xAB67,
    0xAB67, 0xAB67, 0xAB47, 0xAB67, 0xB387, 0xBBC8, 0xBBC8, 0xC3E9, 0xC409, 0xC3E9, 0xBBC8, 0xBBC8, 0xBBC8, 0xB3A8, 0xB388, 0xAB88,
    0xAB88, 0xAB88, 0xAB68, 0xAB88, 0xAB88, 0xAB68, 0xA368, 0xA347, 0xA347, 0xA347, 0xA367, 0xABA8, 0xB3E9, 0xB3E9, 0xB3E9, 0xB3E9,
    0xB3C9, 0xABC8, 0xABC8, 0xABA9, 0xABA8, 0xB3E9, 0xBC2B, 0x9AE6, 0xBC4A, 0xFE92, 0xFE91, 0xFE92, 0xFEB2, 0xFE92, 0xFED4, 0xFF77,
    0xFFFA, 0xFFFA, 0xFFF9, 0xFFFA, 0xFFFA, 0xFFD9, 0xFFB8, 0xFF14, 0xFEB2, 0xFE91, 0xFE91, 0xFEF2, 0xFF12, 0xFED1, 0xFEB1, 0xFED2,
    0xFEF2, 0xFEF1, 0xFEF1, 0xFEF2, 0xFF12, 0xFF12, 0xFF12, 0xFEF2, 0xFEF2, 0xFF32, 0xFF73, 0xFF73, 0xFF73, 0xFF93, 0xFFB4, 0xFFD5,
    0xF753, 0xDCA9, 0xFFB7, 0xFF76, 0xEE55, 0xEE55, 0xEE35, 0xE614, 0xDDF4, 0xDDD3, 0xD592, 0xD571, 0xC4EF, 0xBCAE, 0xBCAD, 0xB3EA,
    0x9AA5, 0x9264, 0xBBE8, 0xC409, 0xC3E8, 0xC429, 0xCC6A, 0xCC49, 0xCC49, 0xCC48, 0xCC28, 0xCC07, 0xC3C7, 0xC3A6, 0xC3A6, 0xC3C7,
    0xCBE7, 0xCC28, 0xCC29, 0xCC28, 0xCC08, 0xCC28, 0xDCEB, 0xE56C, 0xCCEC, 0xC48C, 0xC4AC, 0xEDCF, 0xE5AE, 0xEDCE, 0xEDCE, 0xE56D,
    0xE52C, 0xE52C, 0xE52C, 0xE52C, 0xE54D, 0xE54C, 0xE52C, 0xE54C, 0xE52C, 0xE56D, 0xEDAE, 0xEDAE, 0xEDCF, 0xEDF0, 0xF672, 0xFE71,
    0xEDF0, 0xEDCF, 0xEDAF, 0xEDCF, 0xEDF0, 0xF5F0, 0xEDEF, 0xEDCE, 0xED8D, 0xD4AA, 0xE52C, 0xF5CE, 0xEDCE, 0xEDEF, 0xF692, 0xFF76,
    0xFF15, 0xFEF4, 0xF6F3, 0xEE71, 0xE5AE, 0xD4CB, 0xDD4D, 0xE58F, 0xE5D0, 0xF6B5, 0xF716, 0xFF79, 0xFF7A, 0xFFBA, 0xFFBA, 0xFFBA,
    0xFFBB, 0xFF9A, 0xFF79, 0xFF79, 0xFF78, 0xFF78, 0xFF78, 0xFF78, 0xFF58, 0xFF58, 0xFF58, 0xFF37, 0xFF57, 0xFF56, 0xFF16, 0xFF37,
    0xFF58, 0xF717, 0xF6F6, 0xF694, 0xF653, 0xF673, 0xF653, 0xF652, 0xF632, 0xEE31, 0xEE11, 0xEE12, 0xEE11, 0xF632, 0xEE32, 0xEE33,
    0xEE33, 0xEE33, 0xEE33, 0xEE54, 0xEE54, 0xEE55, 0xEE54, 0xF694, 0xDDB0, 0xB40B, 0xE613, 0xEE95, 0xC46C, 0xAB47, 0xAB46, 0xA306,
    0x92C5, 0x8AA5, 0x8AA5, 0x92E6, 0x9306, 0xA347, 0xABC9, 0xABA8, 0xABA8, 0xA367, 0xA347, 0xA347, 0x9B06, 0x9B26, 0xA346, 0xA346,
    0xAB67, 0xB388, 0xB367, 0xB367, 0xB367, 0xB387, 0xBBE9, 0xC3E9, 0xBBC8, 0xBBC8, 0xBBA8, 0xBBA8, 0xBBC9, 0xBBE9, 0xB3C9, 0xB388,
    0xAB88, 0xAB88, 0xAB67, 0xAB67, 0xA367, 0xA347, 0x9B27, 0x9B26, 0xA347, 0xABC9, 0xB3E9, 0xABA8, 0xAB88, 0xABA8, 0xABA8, 0xABA8,
    0xABA8, 0xABA8, 0xABC9, 0xB3C9, 0xB3C9, 0xB3E9, 0xB3C9, 0xB3A9, 0x9B26, 0xBC4A, 0xFEF3, 0xFE92, 0xFE92, 0xFE72, 0xFE92, 0xFEB3,
    0xFFD9, 0xFFD9, 0xFFD9, 0xFFD9, 0xFFFA, 0xFFF9, 0xFFD8, 0xFF14, 0xFED2, 0xFE91, 0xFEB1, 0xFE91, 0xFEB1, 0xFE90, 0xFE91, 0xFED1,
    0xFEB1, 0xFEF2, 0xFF12, 0xFF12, 0xFF32, 0xFF53, 0xFF33, 0xFF12, 0xFEF2, 0xFF33, 0xFF93, 0xFF93, 0xFF73, 0xFF94, 0xFFB4, 0xFFD4,
    0xF753, 0xDCC9, 0xFFD6, 0xFF77, 0xEE35, 0xEE76, 0xEE56, 0xEE55, 0xE5F4, 0xDDF4, 0xD5B2, 0xD591, 0xCD0F, 0xC4CE, 0xBCAD, 0xB3EB,
    0x9AC6, 0x9AA5, 0xC3E8, 0xC409, 0xC409, 0xC429, 0xCC49, 0xCC49, 0xCC48, 0xCC48, 0xC3E7, 0xC3C7, 0xC3A7, 0xBB86, 0xC3C7, 0xCBE7,
    0xCC08, 0xCC28, 0xCBE8, 0xCBE7, 0xCBE7, 0xCC08, 0xD469, 0xD4AA, 0xE54C, 0xF5EE, 0xF5EE, 0xEDAE, 0xEDAE, 0xE58D, 0xE54C, 0xE50B,
    0xE4EB, 0xE4EB, 0xE4EB, 0xE4EB, 0xE4EB, 0xE4EB, 0xE4EB, 0xE4EB, 0xE4EB, 0xE4EB, 0xE4EB, 0xE4EB, 0xE4EB, 0xE50C, 0xEDAF, 0xEDF1,
    0xEDF0, 0xEDD0, 0xEDF0, 0xEDEF, 0xEDCF, 0xEDCF, 0xF5EF, 0xEDCF, 0xDD2C, 0xE56D, 0xE56C, 0xEDCE, 0xF692, 0xFED3, 0xFF15, 0xFF77,
    0xFF57, 0xFF57, 0xFF36, 0xFF36, 0xEE11, 0xD4AB, 0xCC6B, 0xDD4E, 0xEE32, 0xF6D6, 0xFF37, 0xFF79, 0xFF9A, 0xFFBA, 0xFFBA, 0xFFBA,
    0xFFBA, 0xFFBA, 0xFF79, 0xFF79, 0xFF79, 0xFF79, 0xFF78, 0xFF78, 0xFF78, 0xFF58, 0xFF57, 0xFF37, 0xFF37, 0xFF57, 0xFF98, 0xF758,
    0xF717, 0xF6D5, 0xF673, 0xF694, 0xF694, 0xF673, 0xF653, 0xF632, 0xEE11, 0xEE10, 0xEE10, 0xEE10, 0xEE10, 0xEE31, 0xEE33, 0xEE33,
    0xEE33, 0xEE13, 0xEE13, 0xEE54, 0xEE74, 0xEE74, 0xEE54, 0xF695, 0xDD50, 0xA349, 0xEE95, 0xF6B6, 0xB3A9, 0xAB05, 0xB367, 0xA326,
    0x92A5, 0x8A84, 0x8A84, 0x8244, 0x8244, 0x8244, 0x8AA5, 0x9306, 0x9B06, 0xABC9, 0xB3C9, 0xB3E9, 0xB3C9, 0xB3E9, 0xAB67, 0x9AE6,
    0xA2E6, 0xA326, 0xAB67, 0xB387, 0xBBA8, 0xBBC8, 0xBBE9, 0xBBE8, 0xBBA8, 0xAB67, 0xAB26, 0xAB47, 0xB388, 0xB3A8, 0xB3A8, 0xAB88,
    0xAB68, 0xAB67, 0xAB67, 0xA347, 0xA347, 0xA347, 0xA327, 0x9B26, 0xA367, 0xABA8, 0xABC9, 0xAB88, 0xA367, 0xA367, 0xA368, 0xA367,
    0xA368, 0xA388, 0xABA8, 0xABA8, 0xAB88, 0xAB88, 0xABA8, 0xABA9, 0xA347, 0xB409, 0xEDD0, 0xFE72, 0xFE72, 0xFE92, 0xFE72, 0xFE72,
    0xFFF9, 0xFFFA, 0xFFD9, 0xFFFA, 0xFFFA, 0xFFFA, 0xFFD8, 0xFF55, 0xFEF3, 0xFEB1, 0xFEB1, 0xFE71, 0xFE91, 0xFED1, 0xFEF2, 0xFEF2,
    0xFED1, 0xFEF2, 0xFF12, 0xFF12, 0xFF32, 0xFF33, 0xFF32, 0xFF12, 0xFF12, 0xFF32, 0xFF53, 0xFF93, 0xFF94, 0xFFB4, 0xFFB4, 0xFFD4,
    0xF753, 0xDCE9, 0xFFB7, 0xFFB7, 0xF6D6, 0xF676, 0xEE76, 0xEE55, 0xE614, 0xE614, 0xD5B2, 0xD591, 0xD591, 0xCD30, 0xBCAE, 0xB3EB,
    0x9AC6, 0xA2C5, 0xC3E8, 0xC449, 0xC429, 0xC449, 0xC429, 0xC408, 0xC3E7, 0xC3C7, 0xC3C7, 0xC3A7, 0xBB86, 0xBB86, 0xCC28, 0xD489,
    0xD469, 0xCC08, 0xCC08, 0xCBE8, 0xCBE8, 0xCBE8, 0xCBE7, 0xCC08, 0xD449, 0xE56C, 0xED8D, 0xED8D, 0xED6C, 0xE52B, 0xE50B, 0xE50B,
    0xE50B, 0xE50B, 0xE4EB, 0xE4EB, 0xE4EB, 0xE4EB, 0xE4EB, 0xE4EB, 0xE4EB, 0xDCEA, 0xE4EB, 0xE4CB, 0xE56E, 0xF652, 0xEE52, 0xEDF1,
    0xEE31, 0xF611, 0xF652, 0xEDCF, 0xE5AE, 0xEE10, 0xEDEF, 0xEDCF, 0xDD2C, 0xDD2C, 0xEDAE, 0xF671, 0xFF36, 0xFF15, 0xFF36, 0xFF58,
    0xFF58, 0xFF58, 0xFF58, 0xFF99, 0xEE93, 0xD50D, 0xCC8C, 0xDD4F, 0xEE94, 0xEE95, 0xF6F7, 0xFF79, 0xFF9A, 0xFF99, 0xFF99, 0xFF99,
    0xFFBA, 0xFF79, 0xFF79, 0xFF79, 0xFF38, 0xF738, 0xFF58, 0xFF58, 0xFF58, 0xFF37, 0xFF17, 0xFF37, 0xFF78, 0xFF99, 0xF717, 0xF6D6,
    0xF694, 0xF694, 0xF694, 0xF693, 0xF673, 0xF673, 0xF653, 0xEE32, 0xEE11, 0xEDF0, 0xE5EF, 0xEDF0, 0xEDF0, 0xE5F0, 0xEE11, 0xEE33,
    0xEE53, 0xEE53, 0xEE53, 0xEE53, 0xEE53, 0xEE54, 0xEE54, 0xF674, 0xE5D2, 0xCCEF, 0xF675, 0xEE95, 0xB3C9, 0xAB25, 0xB367, 0xAB26,
    0x9AC5, 0x8AA5, 0x8284, 0x7A44, 0x8264, 0x8285, 0x8285, 0x8AA5, 0x92E6, 0x9B47, 0xA347, 0xAB87, 0xBC09, 0xC44A, 0xBC09, 0xB3A8,
    0xB3A8, 0xAB67, 0xB387, 0xBBC8, 0xBBC8, 0xC3E9, 0xBBE9, 0xBBC8, 0xB367, 0xAB46, 0xAB26, 0xAB26, 0xAB46, 0xAB67, 0xAB67, 0xA346,
    0xA326, 0xA306, 0x9B06, 0x9B26, 0xA327, 0xA327, 0x9B06, 0x9306, 0x9B26, 0xA347, 0xA367, 0xA367, 0xA367, 0xA367, 0xA368, 0xA368,
    0xA368, 0xA367, 0xAB88, 0xAB88, 0xAB88, 0xAB88, 0xABA8, 0xABA8, 0xB3C9, 0xA326, 0xB3E8, 0xFE71, 0xFE71, 0xFE72, 0xFE72, 0xFE72,
    0xFFFA, 0xFFFA, 0xFFFA, 0xFFFA, 0xFFD9, 0xFFF9, 0xFFD9, 0xFF55, 0xFF13, 0xFE91, 0xFE91, 0xFED1, 0xFF12, 0xFEF2, 0xFEF2, 0xFEF2,
    0xFF12, 0xFF32, 0xFF12, 0xFF12, 0xFEF2, 0xFEF2, 0xFEF2, 0xFF12, 0xFF32, 0xFF32, 0xFF32, 0xFF73, 0xFF94, 0xFF94, 0xFF94, 0xFFD4,
    0xF732, 0xDCA8, 0xFFD8, 0xFFF9, 0xFFB8, 0xEE75, 0xEE35, 0xE614, 0xE614, 0xDDD3, 0xD591, 0xD591, 0xDDD2, 0xCD50, 0xC4AE, 0xABEB,
    0xA307, 0xA2C5, 0xC409, 0xCC69, 0xC429, 0xC449, 0xCC29, 0xC3E7, 0xC3A7, 0xC3A7, 0xC3A7, 0xC3A7, 0xC3A7, 0xC3A7, 0xCC08, 0xD489,
    0xD469, 0xD428, 0xD428, 0xCC08, 0xCBE7, 0xCBE8, 0xCBE7, 0xCBE8, 0xCBE7, 0xD448, 0xDC89, 0xDCA9, 0xDC89, 0xDC89, 0xDC89, 0xDCA9,
    0xDCA9, 0xDCCA, 0xE4EB, 0xDCEB, 0xE4EB, 0xDCCB, 0xDCCA, 0xDCCA, 0xDCA9, 0xDC8A, 0xEE93, 0xF6F6, 0xFF36, 0xFF99, 0xFF58, 0xF716,
    0xF6B4, 0xEE31, 0xF631, 0xE56E, 0xDD2E, 0xEE31, 0xF652, 0xE5AF, 0xD4AB, 0xDCEC, 0xE58E, 0xF693, 0xFF16, 0xFF16, 0xFF36, 0xFF37,
    0xFF58, 0xFF78, 0xFEF7, 0xEE55, 0xF654, 0xD4AD, 0xD46C, 0xCCEE, 0xEE74, 0xEEB6, 0xF717, 0xFF9A, 0xFF59, 0xFF79, 0xFF79, 0xFF79,
    0xFF79, 0xFF79, 0xFF79, 0xFF79, 0xFF38, 0xF6F7, 0xF6F7, 0xF6B7, 0xFF18, 0xFF58, 0xFF99, 0xFF79, 0xF717, 0xF6F6, 0xF6D5, 0xF6B5,
    0xF6B5, 0xF695, 0xF694, 0xEE94, 0xEE73, 0xEE53, 0xEE32, 0xEE11, 0xEDF1, 0xEE11, 0xEE31, 0xEE11, 0xEE11, 0xEE12, 0xEE12, 0xEE33,
    0xEE33, 0xEE33, 0xEE33, 0xEE33, 0xEE33, 0xEE33, 0xEE33, 0xEE33, 0xEE34, 0xF696, 0xCCAE, 0x9285, 0x9AC4, 0xA2E4, 0xA2E5, 0x9AC4,
    0x9284, 0x8223, 0x7A23, 0x69C2, 0x7202, 0x7A23, 0x8244, 0x8285, 0x8AA5, 0x92C5, 0x92C5, 0x9B06, 0xAB88, 0xAB67, 0xBBE9, 0xC42A,
    0xB3E9, 0xAB67, 0xAB47, 0xAB47, 0xAB47, 0xAB67, 0xBBA8, 0xBBC8, 0xB3A8, 0xB388, 0xB3A8, 0xB3A8, 0xB388, 0xAB88, 0xAB87, 0xB3A8,
    0xB3A9, 0xAB67, 0x9AE6, 0x9AE6, 0x9B06, 0x9B06, 0x9B06, 0x9306, 0x92E6, 0x92E6, 0x9306, 0x9B06, 0x9B06, 0x9B26, 0xA347, 0xA347,
    0xA388, 0xAB88, 0xA367, 0xA368, 0xA388, 0xA368, 0xA388, 0xAB88, 0xABA8, 0xA346, 0xBC29, 0xFE51, 0xF630, 0xFE71, 0xFE72, 0xFE51,
    0xFFD9, 0xFFFA, 0xFFFA, 0xFFF9, 0xFFD8, 0xFFD9, 0xFFD9, 0xFF76, 0xFF13, 0xFEB1, 0xFE91, 0xFED2, 0xFEF2, 0xFED2, 0xFED2, 0xFED2,
    0xFED2, 0xFEF2, 0xFF12, 0xFF12, 0xFEF2, 0xFED1, 0xFEF1, 0xFF12, 0xFF32, 0xFF32, 0xFF32, 0xFF53, 0xFF73, 0xFF74, 0xFF94, 0xFF94,
    0xFF73, 0xEE90, 0xE672, 0xF776, 0xF777, 0xEE75, 0xEE35, 0xE5F4, 0xE5F4, 0xDDB2, 0xD591, 0xD5B2, 0xDDD3, 0xCD50, 0xC4EE, 0xC4CE,
    0xB3CA, 0xA2E6, 0xC429, 0xC449, 0xC429, 0xCC49, 0xCC49, 0xCC29, 0xC3E8, 0xC3C8, 0xBBA7, 0xBBA6, 0xBB86, 0xC3A7, 0xCC28, 0xD469,
    0xD469, 0xD489, 0xDC89, 0xD449, 0xCC28, 0xCBE7, 0xCBE7, 0xCBE7, 0xCBC7, 0xCBC7, 0xCBC7, 0xCBE7, 0xCBE7, 0xCBE7, 0xD428, 0xD449,
    0xD428, 0xDC69, 0xE4EB, 0xDCEB, 0xDCCA, 0xDCAA, 0xDCCA, 0xF631, 0xF672, 0xEE52, 0xFF37, 0xFF78, 0xFF58, 0xFF58, 0xFF58, 0xFF78,
    0xFF17, 0xFEF5, 0xF672, 0xE58E, 0xEDF0, 0xEDF1, 0xEDD0, 0xE58F, 0xCC6B, 0xD4ED, 0xDD2E, 0xF633, 0xFF37, 0xFF17, 0xFF37, 0xFF57,
    0xF695, 0xF674, 0xE571, 0xCB2A, 0xD34A, 0xCAC8, 0xC2C8, 0xDC8E, 0xE5D2, 0xEE55, 0xFFBA, 0xFF79, 0xFF59, 0xFF59, 0xFF79, 0xFF79,
    0xFF58, 0xFF79, 0xFF99, 0xFF58, 0xFF18, 0xFEF7, 0xFEF7, 0xFEF8, 0xFF58, 0xFF99, 0xFF78, 0xF6F7, 0xF6B6, 0xF6B6, 0xF6D5, 0xF6D6,
    0xF6B5, 0xF6B5, 0xF6B5, 0xF695, 0xEE32, 0xE5D0, 0xE5B0, 0xE5B0, 0xE5D0, 0xE5D0, 0xE5F1, 0xEE53, 0xEE53, 0xEE73, 0xEE73, 0xEE74,
    0xEE94, 0xEE94, 0xEE95, 0xEE95, 0xEEB5, 0xF6B6, 0xF6D6, 0xEEB6, 0xF6B6, 0xF6D7, 0xDDD2, 0xC48C, 0xCCCD, 0xD4ED, 0xCCED, 0xCCCC,
    0xC48C, 0xBC4B, 0xABA9, 0x9B68, 0x9B48, 0x9348, 0x9327, 0x9307, 0x9306, 0x92C6, 0x92A5, 0x9AE6, 0x9B26, 0xA347, 0xA367, 0xAB47,
    0xAB67, 0xA347, 0xA327, 0xA327, 0xAB67, 0xB387, 0xAB87, 0xB3A8, 0xBBA8, 0xBBA8, 0xBBA8, 0xB3A8, 0xB388, 0xAB47, 0xA326, 0xA326,
    0xA347, 0xA347, 0xA327, 0x9AE6, 0x9B06, 0x9B06, 0x9B26, 0x9B26, 0x9B26, 0x9B26, 0xA347, 0xA347, 0xA347, 0xAB67, 0xAB88, 0xAB88,
    0xABA8, 0xABA8, 0xA347, 0xA347, 0xA367, 0xA368, 0xA368, 0xA347, 0xA368, 0x9B06, 0xBC09, 0xFE51, 0xF631, 0xFE51, 0xFE72, 0xFED4,
    0xFFF9, 0xFFDA, 0xFFD9, 0xFFB8, 0xFFB8, 0xFFD9, 0xFFD9, 0xFF76, 0xFF34, 0xFED2, 0xFED1, 0xFED1, 0xFED1, 0xFEF2, 0xFEF2, 0xFED2,
    0xFED2, 0xFED2, 0xFEF2, 0xFF12, 0xFEF1, 0xFF99, 0xFF77, 0xFEF1, 0xFF32, 0xFF32, 0xFF32, 0xFF32, 0xFF73, 0xFF73, 0xFF73, 0xFF73,
    0xFF94, 0xFFB4, 0xE62F, 0xE54D, 0xEDD2, 0xF656, 0xEE35, 0xE5F4, 0xDDD3, 0xD591, 0xCD70, 0xD5B2, 0xDDD3, 0xCD71, 0xCD0F, 0xCD0F,
    0xB3CA, 0xA2E5, 0xC429, 0xCC49, 0xCC49, 0xCC4A, 0xCC49, 0xCC29, 0xC3C8, 0xC3C8, 0xBBA7, 0xBBA6, 0xBB86, 0xC3C7, 0xCC49, 0xCC69,
    0xD468, 0xD489, 0xDCCA, 0xD4AA, 0xD489, 0xCC28, 0xCC08, 0xCBE7, 0xCBE7, 0xCBE7, 0xCBE7, 0xCBE7, 0xCBE7, 0xCBE7, 0xD428, 0xDC69,
    0xD469, 0xD469, 0xDD0B, 0xF5CE, 0xEDAE, 0xEDAE, 0xEDCE, 0xFEB3, 0xFEF4, 0xFF36, 0xFF37, 0xFF57, 0xFF58, 0xFF78, 0xFF58, 0xFF58,
    0xFF58, 0xFF78, 0xF6D4, 0xEDF0, 0xF673, 0xF673, 0xDD4F, 0xDD6E, 0xD4CC, 0xDD0E, 0xDCEE, 0xEE53, 0xF634, 0xED10, 0xED31, 0xED51,
    0xDBCC, 0xD309, 0xD329, 0xDB09, 0xD309, 0xD2E9, 0xD2E9, 0xC329, 0xA287, 0xEE76, 0xFFDB, 0xFF9A, 0xFF9A, 0xFFBA, 0xFFBA, 0xFF99,
    0xFF79, 0xFF79, 0xFF38, 0xFF38, 0xFF38, 0xFF58, 0xFF78, 0xF758, 0xF717, 0xF6D6, 0xF6D6, 0xF6D6, 0xF6D6, 0xF6D6, 0xF6D6, 0xF6B5,
    0xEE95, 0xEE95, 0xEE75, 0xF674, 0xE5F1, 0xE611, 0xE632, 0xE653, 0xEE53, 0xEE32, 0xE632, 0xF6F5, 0xF716, 0xF716, 0xF716, 0xF716,
    0xF717, 0xF737, 0xF737, 0xF717, 0xF717, 0xF6F6, 0xF716, 0xF717, 0xF6F7, 0xF738, 0xE653, 0xD54F, 0xDD6F, 0xD52F, 0xD50F, 0xD52F,
    0xCD0E, 0xC4EE, 0xBC8D, 0xB44C, 0xB44C, 0xB44C, 0xCD0E, 0xCD0E, 0xCD0E, 0xC48C, 0xA367, 0xA368, 0x9B06, 0x92C5, 0x9B06, 0xAB67,
    0xAB67, 0xAB67, 0xA347, 0xA347, 0xAB67, 0xAB87, 0xAB87, 0xB387, 0xB3A8, 0xBBA8, 0xBBA8, 0xB3A8, 0xB3A8, 0xB3A8, 0xB388, 0xAB47,
    0x9AE6, 0x9AE6, 0x9AE6, 0xA306, 0xA347, 0xA347, 0xA327, 0x9B26, 0x9B26, 0x9B26, 0x9B46, 0x9B27, 0xA367, 0xB3C9, 0xB3C9, 0xB3C9,
    0xB3C8, 0xB3C9, 0xB3C9, 0xABC8, 0xB3E9, 0xB3C9, 0xB3C9, 0xA388, 0xA368, 0xA367, 0xA367, 0xB3E9, 0xFE51, 0xFE52, 0xFE72, 0xFF35,
    0xFFFA, 0xFFDA, 0xFFD9, 0xFFB8, 0xFFB8, 0xFFB8, 0xFFD8, 0xFFD8, 0xFF96, 0xFEF3, 0xFE91, 0xFEB1, 0xFED2, 0xFEF2, 0xFEF2, 0xFEF2,
    0xFEF2, 0xFF12, 0xFED1, 0xFEB1, 0xFED1, 0xFFDC, 0xFF99, 0xFF11, 0xFF33, 0xFF32, 0xFF32, 0xFF12, 0xFF32, 0xFF53, 0xFF94, 0xFF93,
    0xFF73, 0xFF53, 0xFFF4, 0xF60E, 0xED6F, 0xEEB5, 0xEE55, 0xE5F4, 0xDDD3, 0xD591, 0xD591, 0xD592, 0xD571, 0xD571, 0xCD30, 0xCD0F,
    0xB3CA, 0xA2E5, 0xC429, 0xCC6A, 0xCC6A, 0xCC29, 0xC429, 0xC408, 0xC3C8, 0xC3C7, 0xC3E8, 0xC3E7, 0xC3C7, 0xC3E7, 0xCC28, 0xD489,
    0xD489, 0xD489, 0xD489, 0xD489, 0xD489, 0xCC28, 0xCBE8, 0xCBE7, 0xCBC7, 0xCC28, 0xD449, 0xD449, 0xD448, 0xD449, 0xDCAA, 0xED6D,
    0xED6D, 0xED8D, 0xF5EF, 0xF60F, 0xF630, 0xF650, 0xFE71, 0xFE71, 0xF650, 0xFEF4, 0xFF37, 0xFF57, 0xFF58, 0xFF78, 0xFF78, 0xFF58,
    0xFF57, 0xFF58, 0xFF37, 0xFEF6, 0xF716, 0xF6D5, 0xE611, 0xDD8F, 0xD4ED, 0xD4CD, 0xD42B, 0xE4CE, 0xE42D, 0xDB08, 0xDB29, 0xDB09,
    0xDB29, 0xDB09, 0xDB09, 0xDB2A, 0xE34A, 0xE34A, 0xDB09, 0xB266, 0xBBEC, 0xF718, 0xFFDB, 0xFFDC, 0xFFDB, 0xFFDB, 0xFFDB, 0xFF9A,
    0xF718, 0xF717, 0xFF17, 0xFF17, 0xFF17, 0xE634, 0xEE54, 0xEE54, 0xEE75, 0xF695, 0xEE75, 0xEE95, 0xEE95, 0xEE95, 0xEE95, 0xEEB6,
    0xF6D6, 0xEED6, 0xF6F6, 0xF6F6, 0xF737, 0xFF57, 0xEE94, 0xEE95, 0xEE94, 0xF6B4, 0xEE73, 0xEE11, 0xEE11, 0xEE12, 0xEE12, 0xEE12,
    0xEE32, 0xEE33, 0xEE33, 0xEE33, 0xF613, 0xEE33, 0xEE33, 0xEE54, 0xE633, 0xDD91, 0xBC0A, 0x9AA4, 0xAB05, 0x9AA4, 0xA2E5, 0xA305,
    0x9284, 0x8244, 0x69C2, 0x69A2, 0x61A1, 0x61A1, 0x7203, 0x7A44, 0x7223, 0xABEA, 0xD56F, 0xCCCD, 0xC48B, 0xC46B, 0xBC4B, 0xA327,
    0x9B06, 0xA327, 0xAB47, 0xAB88, 0xB3C9, 0xB388, 0xB387, 0xAB87, 0xAB67, 0xB367, 0xB367, 0xAB47, 0xAB47, 0xAB67, 0xB388, 0xB3A8,
    0xB388, 0xAB47, 0xAB47, 0xAB47, 0xAB67, 0xAB47, 0xA327, 0x9B26, 0x9B06, 0x9B06, 0x9B06, 0x9B06, 0x9B06, 0xA346, 0xA347, 0xB3A8,
    0xB3E9, 0xB3C9, 0xB3C8, 0xB3C9, 0xB3E9, 0xB3C9, 0xABA9, 0xAB88, 0xA388, 0xAB88, 0xA368, 0xABA8, 0xFE72, 0xFE72, 0xFE51, 0xFF15,
    0xFFFA, 0xFFF9, 0xFFD8, 0xFFB8, 0xFFB8, 0xFFD9, 0xFFF9, 0xFFF9, 0xFFD7, 0xFF33, 0xFEB1, 0xFEB1, 0xFEB1, 0xFE91, 0xFE91, 0xFEB1,
    0xFEB1, 0xFEB1, 0xFEB0, 0xFF14, 0xFF56, 0xFFDC, 0xFFDC, 0xFFB9, 0xFFB7, 0xFF53, 0xFF12, 0xFF12, 0xFF32, 0xFF53, 0xFF53, 0xFF73,
    0xFF73, 0xFF73, 0xFFB4, 0xF5CD, 0xF610, 0xFFFA, 0xF756, 0xE5F4, 0xE614, 0xE5F3, 0xDDD3, 0xD571, 0xD571, 0xD571, 0xCD50, 0xCD30,
    0xB3CA, 0xA2E5, 0xCC49, 0xCC8A, 0xCC6A, 0xC408, 0xC3E8, 0xC3E8, 0xCC29, 0xCC29, 0xCC29, 0xC3E7, 0xC3C7, 0xC3E8, 0xCC28, 0xD469,
    0xD4AA, 0xD4AA, 0xD489, 0xD4AA, 0xDCAA, 0xD489, 0xD48A, 0xDC8A, 0xD48A, 0xDCAA, 0xE4CA, 0xDCAA, 0xDCCA, 0xE54C, 0xEDAD, 0xEDAE,
    0xEDAE, 0xF5CE, 0xF610, 0xF5EF, 0xF60F, 0xF650, 0xF691, 0xFE92, 0xFEB2, 0xFF15, 0xFF16, 0xFF57, 0xFF99, 0xFFB9, 0xFF99, 0xFF99,
    0xFF99, 0xFF78, 0xFF58, 0xFF78, 0xFF99, 0xFF58, 0xFF58, 0xE612, 0xD4CD, 0xC3EA, 0xD349, 0xDB08, 0xE308, 0xE329, 0xE329, 0xE309,
    0xDB08, 0xDB09, 0xE329, 0xE34A, 0x9984, 0x9963, 0xB246, 0xBB4A, 0xFF18, 0xFF7A, 0xFFBB, 0xFFDB, 0xFFDB, 0xFFDB, 0xFFDB, 0xFFDB,
    0xEED7, 0xDDF4, 0xFF18, 0xFF38, 0xEE34, 0xD551, 0xEE75, 0xEE55, 0xE614, 0xEE55, 0xF6D6, 0xF717, 0xF737, 0xFF58, 0xF737, 0xF758,
    0xF759, 0xF717, 0xEE54, 0xEE53, 0xE653, 0xE612, 0xDD8F, 0xE58F, 0xE58F, 0xE5B0, 0xE5D0, 0xE5F0, 0xE5D1, 0xEE12, 0xEE12, 0xEE33,
    0xEE53, 0xF653, 0xEE53, 0xEE53, 0xF674, 0xF674, 0xEE54, 0xEE75, 0xF6B5, 0xABC9, 0xC3E8, 0xCC4A, 0xCC29, 0xC409, 0xAB67, 0xA346,
    0x9B06, 0x92C6, 0x8AA5, 0x7A44, 0x7203, 0x7203, 0x6A03, 0x7223, 0x7A64, 0x8285, 0x82A5, 0x8285, 0xABA9, 0xCCAC, 0xBC4B, 0xBC4B,
    0xC4AC, 0xB3E9, 0x9AE6, 0xA306, 0xAB47, 0xAB67, 0xAB67, 0xAB47, 0xAB46, 0xAB46, 0xAB26, 0xA326, 0xAB26, 0xB387, 0xB388, 0xAB68,
    0xAB68, 0xA306, 0x9B06, 0xA306, 0xA326, 0xAB47, 0xAB67, 0xAB67, 0xA347, 0x9B06, 0xA326, 0xA347, 0xA327, 0xA326, 0xA326, 0xAB67,
    0xABA8, 0xB3C9, 0xB3C8, 0xABA8, 0xABA8, 0xAB88, 0xABA9, 0xABA9, 0xA367, 0xA367, 0x9B47, 0xB3E9, 0xF610, 0xEDCF, 0xFE52, 0xFF15,
    0xFFD9, 0xFFB8, 0xFF98, 0xFFB8, 0xFFB8, 0xFFD9, 0xFFB8, 0xFF98, 0xFF76, 0xFED2, 0xFE90, 0xFE90, 0xFEB0, 0xFE90, 0xFE90, 0xFE91,
    0xFE90, 0xFE90, 0xFE90, 0xFF98, 0xFFFE, 0xFFFE, 0xFFFF, 0xFFFF, 0xFF97, 0xFF53, 0xFF32, 0xFF32, 0xFF32, 0xFF53, 0xFF53, 0xFF33,
    0xFF53, 0xFF52, 0xFF73, 0xFE90, 0xF692, 0xF757, 0xF716, 0xE614, 0xE614, 0xE614, 0xE5F4, 0xD592, 0xD571, 0xCD71, 0xCD50, 0xCD0F,
    0xABAA, 0xA2C5, 0xCC49, 0xCC6A, 0xCC69, 0xCC29, 0xCC29, 0xCC29, 0xD44A, 0xD44A, 0xCC4A, 0xCC08, 0xC3E7, 0xCC08, 0xCC08, 0xCC08,
    0xCC69, 0xD4AA, 0xD48A, 0xD4AA, 0xD48A, 0xDCEB, 0xE54C, 0xE54C, 0xE54C, 0xE54C, 0xEDCE, 0xED8D, 0xED6D, 0xEDAD, 0xEDAE, 0xEDAE,
    0xEDAE, 0xEDCE, 0xF610, 0xF651, 0xF651, 0xF692, 0xFF35, 0xFF35, 0xFF36, 0xFF56, 0xFF57, 0xFF78, 0xFFB9, 0xFF99, 0xFFBA, 0xFFBA,
    0xFFBA, 0xFFBA, 0xFFBA, 0xFF99, 0xFF58, 0xFF58, 0xDE13, 0xE612, 0xDD2F, 0xBA87, 0xDB29, 0xE369, 0xEB8A, 0xEB8A, 0xEB6A, 0xE329,
    0xDB09, 0xDAE9, 0xE34A, 0xB226, 0x70A1, 0x7880, 0xAAC8, 0xF696, 0xF718, 0xFF59, 0xFFBB, 0xFFDC, 0xFFDB, 0xFFDB, 0xFFDB, 0xFFDB,
    0xFFBA, 0xFF9A, 0xFFBA, 0xFFBA, 0xFF99, 0xFFBA, 0xFFBA, 0xFF58, 0xFF38, 0xFF38, 0xF6D7, 0xF6F7, 0xF6F7, 0xF6F7, 0xF6D6, 0xEE75,
    0xEE75, 0xEE54, 0xE5D0, 0xE5B0, 0xE58F, 0xE5AF, 0xE5AF, 0xE5B0, 0xE5B0, 0xE5B0, 0xE5D0, 0xEDD0, 0xEDF1, 0xEE12, 0xEE12, 0xEE33,
    0xF653, 0xF653, 0xF653, 0xF653, 0xEE53, 0xEE54, 0xEE54, 0xEE34, 0xCD0E, 0xCC6A, 0xD48A, 0xD48A, 0xD46A, 0xC3E8, 0xAB26, 0x9B06,
    0x9AE6, 0x92C6, 0x92C6, 0x8264, 0x7203, 0x7203, 0x69E3, 0x7203, 0x7A64, 0x8285, 0x8285, 0x8285, 0x8285, 0x8AC5, 0x92C6, 0xA388,
    0xABC9, 0xCCCD, 0xCCAC, 0xC46B, 0xA326, 0xA2C5, 0xA326, 0xAB26, 0xAB26, 0xAB46, 0xA306, 0xA305, 0xA326, 0xAB67, 0xB367, 0xAB47,
    0xAB47, 0xA347, 0xAB47, 0xAB47, 0xAB67, 0xB388, 0xB389, 0xB3A8, 0xB3A8, 0xAB88, 0xAB67, 0xAB47, 0xA327, 0xA327, 0xA327, 0xA347,
    0xAB67, 0xB3A8, 0xB3C9, 0xABA8, 0xA367, 0xA367, 0xA388, 0xABA8, 0xA367, 0x9B47, 0xA367, 0xA368, 0xBC2A, 0xEDAF, 0xF631, 0xF672,
    0xFFB8, 0xFF98, 0xFF97, 0xFFB8, 0xFFB8, 0xFFD9, 0xFFD8, 0xFFB8, 0xFF76, 0xFED2, 0xFEB1, 0xFEB1, 0xFEB1, 0xFE91, 0xFEB1, 0xFEB1,
    0xFEB0, 0xFED1, 0xFEF1, 0xFF12, 0xFF34, 0xFFDC, 0xFFDC, 0xFF75, 0xFF33, 0xFF32, 0xFF32, 0xFF32, 0xFF53, 0xFF33, 0xFF73, 0xFF53,
    0xFF33, 0xFF53, 0xFF33, 0xFF73, 0xFF73, 0xE56C, 0xEE52, 0xF6D7, 0xE5F4, 0xE615, 0xDDD3, 0xD592, 0xD592, 0xD592, 0xD571, 0xD530,
    0xCCAE, 0xBC0A, 0xCC29, 0xCC49, 0xCC49, 0xCC49, 0xD44A, 0xD46A, 0xCC4A, 0xCC2A, 0xCC29, 0xCC29, 0xCC08, 0xC3E7, 0xCC28, 0xD489,
    0xD48A, 0xD4EB, 0xDD0C, 0xD4CB, 0xDD0C, 0xE56D, 0xED8E, 0xED8D, 0xED8D, 0xED8D, 0xEDAE, 0xED8D, 0xED6D, 0xEDAE, 0xEDCE, 0xEDCE,
    0xF650, 0xF671, 0xF692, 0xFED3, 0xFEF3, 0xFEF4, 0xFEF5, 0xFF15, 0xFF56, 0xFF57, 0xFF78, 0xFF99, 0xFF99, 0xFFB9, 0xFFB9, 0xFFBA,
    0xFFBA, 0xFF9A, 0xFFBA, 0xFFBA, 0xFFBA, 0xFFDB, 0xE675, 0xC4AD, 0xC38A, 0xCB28, 0xDB8A, 0xC2A8, 0xA9A5, 0xA9E5, 0xC287, 0xEB4A,
    0xDAE9, 0xDAE9, 0xEB8B, 0x8923, 0x99A4, 0xD3AB, 0xD4CF, 0xF718, 0xFF39, 0xFF59, 0xFFBA, 0xFFBB, 0xFFBB, 0xFFBA, 0xFFBA, 0xFFBA,
    0xFFBA, 0xFFBA, 0xFFBA, 0xFF9A, 0xFF99, 0xFF99, 0xFF9A, 0xFF9A, 0xFF9A, 0xFF99, 0xF6F7, 0xE654, 0xEE55, 0xEE75, 0xEE95, 0xEE95,
    0xEE95, 0xEE75, 0xE5F2, 0xE5D1, 0xE5D0, 0xE5AF, 0xDD6E, 0xDD6E, 0xDD6E, 0xDD6E, 0xDD8E, 0xE5AF, 0xE5AF, 0xE5B0, 0xEE11, 0xF653,
    0xF653, 0xEE53, 0xF653, 0xEE53, 0xEE53, 0xEE54, 0xEE95, 0xF695, 0xAB68, 0xCC09, 0xD48A, 0xD469, 0xCC29, 0x9AC4, 0x9AC6, 0xA306,
    0x9AE6, 0x9AE6, 0x8AA5, 0x8264, 0x71E2, 0x69E2, 0x69E3, 0x6A03, 0x7203, 0x7203, 0x7A44, 0x8AA5, 0x8AA5, 0x8AA5, 0x8AA5, 0x92C5,
    0x92C5, 0xA347, 0xB3C9, 0xABA8, 0xBC0A, 0xC42A, 0xA326, 0xA2E5, 0xAB26, 0xAB47, 0xAB46, 0xAB26, 0xAB47, 0xB367, 0xB387, 0xB388,
    0xB388, 0xBBA8, 0xBBC9, 0xBBC9, 0xBBC8, 0xB3A8, 0xB3A9, 0xBBC9, 0xBBC9, 0xBBC9, 0xB388, 0xAB47, 0xA327, 0xA327, 0xA327, 0xB388,
    0xB3A8, 0xB3A8, 0xB3A8, 0xABA8, 0xABA8, 0xABA8, 0x9B47, 0x9B47, 0x9B47, 0x9B47, 0xA368, 0x9B47, 0xAB88, 0xEDCF, 0xF5F0, 0xF5EF,
    0xFFD9, 0xFFB8, 0xFF77, 0xFF97, 0xFFD9, 0xFFFA, 0xFFF9, 0xFFD8, 0xFFD7, 0xFF14, 0xFEB2, 0xFEB1, 0xFE91, 0xFE90, 0xFEB0, 0xFED1,
    0xFEF1, 0xFF32, 0xFF32, 0xFF32, 0xFF32, 0xFFDA, 0xFFBB, 0xFF12, 0xFF52, 0xFF52, 0xFF52, 0xFF32, 0xFF32, 0xFF12, 0xFEF1, 0xFEF2,
    0xFF53, 0xFF93, 0xFF73, 0xFF53, 0xFFD4, 0xEDCE, 0xEE51, 0xF6F7, 0xE614, 0xE614, 0xDDD3, 0xDDD3, 0xDDD3, 0xDDD3, 0xD592, 0xD5B2,
    0xCD51, 0xC46C, 0xC429, 0xC429, 0xCC49, 0xCC49, 0xCC49, 0xCC49, 0xCC49, 0xCC29, 0xCC29, 0xCC08, 0xCC28, 0xCC28, 0xD48A, 0xD4EB,
    0xD50B, 0xD50B, 0xDD2C, 0xDD0C, 0xDD4D, 0xE58D, 0xE58E, 0xEDAE, 0xED8E, 0xEDCF, 0xEDCF, 0xEDAE, 0xEDCE, 0xEDCE, 0xEDEF, 0xF5EF,
    0xFE92, 0xFEF3, 0xFED3, 0xFED3, 0xFEF4, 0xFEF4, 0xFED5, 0xFF15, 0xFF37, 0xFF58, 0xFF78, 0xFF98, 0xFF99, 0xFF99, 0xFF79, 0xFF79,
    0xFF9A, 0xFF9A, 0xFFBA, 0xFFBB, 0xFFBB, 0xFFBB, 0xFFFD, 0xDE35, 0xBB6A, 0xBB29, 0xB225, 0x9143, 0x6000, 0x5800, 0x7881, 0xDB09,
    0xE2E9, 0xDAE9, 0xEB8B, 0xA9C5, 0xA9A5, 0xE48F, 0xEE55, 0xFF59, 0xFF59, 0xFF59, 0xFF59, 0xFF59, 0xFF79, 0xFF7A, 0xFF79, 0xFF79,
    0xFF79, 0xFF79, 0xFFBA, 0xFFBA, 0xFFBA, 0xFF79, 0xFF18, 0xFF38, 0xFF79, 0xFF79, 0xFF99, 0xEEB6, 0xEE75, 0xEE95, 0xF696, 0xEE95,
    0xEE95, 0xEE75, 0xE5F1, 0xE5D0, 0xE5B0, 0xE5AF, 0xDD6E, 0xE58E, 0xE58E, 0xE5AF, 0xE5CF, 0xEDF0, 0xE5F0, 0xE5F1, 0xEE12, 0xEE53,
    0xEE53, 0xEE53, 0xEE53, 0xEE54, 0xEE54, 0xF695, 0xE613, 0xCCAD, 0xBBE9, 0xCC29, 0xD48A, 0xD469, 0xCC49, 0xBBA7, 0xB387, 0xA306,
    0xA306, 0xA306, 0x9B27, 0x8AA5, 0x8264, 0x69E3, 0x69C2, 0x69C2, 0x69E3, 0x7203, 0x8264, 0x92E6, 0x8AC6, 0x8AA5, 0x8AA5, 0x92C5,
    0x9AE6, 0x92C5, 0x9AA5, 0x9AC5, 0xA326, 0xAB67, 0xC42A, 0xD48B, 0xC3E9, 0xAB26, 0xB347, 0xBBA8, 0xBBA8, 0xBBC8, 0xBBA8, 0xBBA8,
    0xB388, 0xB387, 0xB3A8, 0xBBC8, 0xB387, 0xAB46, 0xB387, 0xB388, 0xB388, 0xB368, 0xAB47, 0xAB47, 0xA327, 0xAB47, 0xAB68, 0xB388,
    0xB3A8, 0xB3A8, 0xB3C8, 0xB3C8, 0xABA8, 0xABA8, 0xA388, 0xA367, 0x9B47, 0x9B47, 0x9B67, 0x9B47, 0xABC8, 0xEDAE, 0xF5EF, 0xF5EF,
    0xFFD9, 0xFFB8, 0xFF77, 0xFF97, 0xFFFA, 0xFFF9, 0xFF77, 0xFF76, 0xFFB7, 0xFF13, 0xFE91, 0xFE91, 0xFEF1, 0xFEF1, 0xFEF1, 0xFF32,
    0xFF94, 0xFF94, 0xFF73, 0xFF53, 0xFF32, 0xFF97, 0xFFB8, 0xFF52, 0xFF73, 0xFF72, 0xFF32, 0xFF12, 0xFF12, 0xFF32, 0xFF32, 0xFF32,
    0xFF73, 0xFF53, 0xFF73, 0xFF73, 0xFFB4, 0xEDCD, 0xEE51, 0xF6D7, 0xE5F4, 0xE614, 0xDDF4, 0xDDF4, 0xDDD3, 0xD5B2, 0xD592, 0xD592,
    0xD530, 0xC44B, 0xC449, 0xCCCA, 0xCC8A, 0xCC49, 0xCC49, 0xD469, 0xCC49, 0xCC29, 0xCC29, 0xCC08, 0xCC29, 0xD48A, 0xD4AA, 0xD48A,
    0xD50C, 0xE56D, 0xDD6D, 0xE58E, 0xE56D, 0xE58D, 0xE58E, 0xE58E, 0xEDCF, 0xEE10, 0xEE10, 0xF630, 0xF651, 0xF630, 0xF630, 0xF630,
    0xFEB2, 0xFED4, 0xFED4, 0xFED4, 0xFEF4, 0xFF15, 0xFF37, 0xFF57, 0xFF57, 0xFF37, 0xFF57, 0xFF99, 0xFF99, 0xFF99, 0xFF79, 0xFF79,
    0xFF99, 0xFFBA, 0xFFBB, 0xFFBB, 0xFFBB, 0xFFBB, 0xFFBB, 0xFFDB, 0xFFFD, 0xDDD4, 0xAAE8, 0xAAE9, 0x99E6, 0x99C5, 0x9143, 0xE309,
    0xE2C9, 0xDAA8, 0xE329, 0xE329, 0xD32A, 0xE511, 0xFF59, 0xFF39, 0xFF59, 0xFF59, 0xFF59, 0xFF59, 0xFF79, 0xFF79, 0xF6F7, 0xF6B6,
    0xF6F7, 0xF6F7, 0xF717, 0xF718, 0xF718, 0xF717, 0xF696, 0xF6B6, 0xF6B6, 0xF6D6, 0xF6D6, 0xF6B6, 0xF6D6, 0xF6B6, 0xEE75, 0xEE75,
    0xEE75, 0xEE54, 0xE5B0, 0xDD6F, 0xDD4E, 0xDD4D, 0xDD4D, 0xDD4E, 0xDD6E, 0xE5AF, 0xE5F0, 0xEE32, 0xEE32, 0xEE32, 0xEE32, 0xEE53,
    0xEE53, 0xEE53, 0xEE54, 0xEE75, 0xEE75, 0xF6D7, 0xE5F2, 0xAB05, 0xDC8A, 0xD48A, 0xCC49, 0xCC49, 0xCC49, 0xD46A, 0xC409, 0xA2E5,
    0x9AE6, 0x9AE6, 0x92C5, 0x8264, 0x7A64, 0x69E3, 0x69C2, 0x69C2, 0x7204, 0x7A64, 0x7A64, 0x7A23, 0x7A43, 0x8AA4, 0x8AA5, 0x8AA5,
    0x92C5, 0x9AC5, 0x9AC5, 0x9AC5, 0x9AC5, 0x9AC5, 0xB367, 0xBBA8, 0xBBE9, 0xCC2A, 0xD48C, 0xBBE9, 0xAB67, 0xB387, 0xBBA8, 0xBBC9,
    0xB388, 0xB388, 0xB3A8, 0xBBC9, 0xBBC9, 0xBBC9, 0xBBE9, 0xBBE9, 0xBBC9, 0xB3A9, 0xB3A8, 0xB3A8, 0xAB67, 0xA306, 0xAB47, 0xB388,
    0xB3A8, 0xB3A8, 0xABA8, 0xAB87, 0xA367, 0xA388, 0xA388, 0xA388, 0xA367, 0x9B47, 0x9B47, 0x9B27, 0xABC8, 0xF5CF, 0xF5EF, 0xF5EF,
    0xFFD9, 0xFFD9, 0xFFD8, 0xFFD8, 0xFFF9, 0xFFD8, 0xFF97, 0xFFB8, 0xFFD8, 0xFF55, 0xFEF2, 0xFED1, 0xFF12, 0xFEF2, 0xFEF1, 0xFF12,
    0xFF53, 0xFF94, 0xFFB5, 0xFFB5, 0xFF74, 0xFF74, 0xFF94, 0xFF52, 0xFF72, 0xFF52, 0xFF12, 0xFF12, 0xFF32, 0xFF33, 0xFF53, 0xFF53,
    0xFF73, 0xFF53, 0xFF73, 0xFF73, 0xFFB5, 0xEDCD, 0xEE72, 0xFF99, 0xF717, 0xEE75, 0xE635, 0xE655, 0xDDF4, 0xD592, 0xD592, 0xD592,
    0xD531, 0xC44C, 0xCC6A, 0xD4EB, 0xD4CB, 0xD48A, 0xD48A, 0xD46A, 0xD48A, 0xD48A, 0xD48A, 0xD46A, 0xD46A, 0xDCCB, 0xDCEB, 0xDD0B,
    0xDD4C, 0xE58E, 0xE58E, 0xE58E, 0xE58E, 0xE5AE, 0xEDF0, 0xEE10, 0xF651, 0xF672, 0xF692, 0xF693, 0xF6B3, 0xF6B4, 0xFEB4, 0xFED4,
    0xFEF5, 0xFF16, 0xFF57, 0xFF57, 0xFF57, 0xFF37, 0xFF17, 0xFF17, 0xF717, 0xF6F6, 0xFF37, 0xFF78, 0xFF78, 0xFF99, 0xFF99, 0xFF99,
    0xFF99, 0xFF9A, 0xFFBB, 0xFFBB, 0xFFBB, 0xFFBB, 0xFFBB, 0xFFBB, 0xFFBB, 0xFFBB, 0xFFBA, 0xF6F7, 0xE46F, 0xE46F, 0xD2C9, 0xDAE9,
    0xDAC9, 0xD247, 0xDAC8, 0xDB09, 0xE4F0, 0xF697, 0xFF38, 0xFF38, 0xFF58, 0xFF59, 0xFF59, 0xFF59, 0xFF58, 0xFF58, 0xF6F8, 0xFEF8,
    0xFF18, 0xFF18, 0xF6D7, 0xF6B7, 0xEEB6, 0xEEB6, 0xF6D7, 0xFF58, 0xF759, 0xFF59, 0xFF59, 0xF779, 0xFF79, 0xFF79, 0xF759, 0xF759,
    0xF739, 0xF717, 0xEEB5, 0xEE95, 0xEE73, 0xEE73, 0xEE53, 0xEE32, 0xE5F1, 0xE5B0, 0xE5D0, 0xE611, 0xE612, 0xE612, 0xEE33, 0xE633,
    0xE653, 0xEE33, 0xEE54, 0xF696, 0xF696, 0xEE76, 0xD530, 0xB367, 0xD46A, 0xD469, 0xCC49, 0xD449, 0xD449, 0xD449, 0xCC08, 0xB387,
    0xA2E6, 0xA2E6, 0x8A85, 0x7203, 0x69E2, 0x69E3, 0x69C2, 0x69E3, 0x7A24, 0x7A23, 0x7A43, 0x7A43, 0x7A43, 0x7A43, 0x8284, 0x8A84,
    0x92A5, 0x92A5, 0x92C5, 0x92C5, 0x9AE5, 0xA305, 0xA306, 0xAB26, 0xAB26, 0xB388, 0xD4AC, 0xCC8B, 0xCC4A, 0xCC4B, 0xBBC9, 0xAB67,
    0xB388, 0xB388, 0xB368, 0xAB67, 0xAB47, 0xB388, 0xB3A8, 0xBBC9, 0xB3A8, 0xB388, 0xAB67, 0xB388, 0xB388, 0xAB67, 0xAB47, 0xB388,
    0xB388, 0xAB67, 0xA387, 0xA387, 0xA367, 0xA367, 0xA367, 0xA367, 0xA367, 0xA367, 0xA368, 0x9B47, 0xA367, 0xBC2A, 0xE56E, 0xF5F0,
    0xFFD9, 0xFFFA, 0xFFF9, 0xFFF9, 0xFFD8, 0xFFD9, 0xFFF9, 0xFFF9, 0xFFB7, 0xFF34, 0xFEF3, 0xFED2, 0xFEF2, 0xFEF2, 0xFEF2, 0xFF12,
    0xFED2, 0xFF33, 0xFF94, 0xFFB4, 0xFF94, 0xFF94, 0xFF93, 0xFF52, 0xFF32, 0xFF52, 0xFF32, 0xFF12, 0xFF52, 0xFF73, 0xFF94, 0xFF94,
    0xFF73, 0xFF53, 0xFF73, 0xFF74, 0xFFB5, 0xEDCD, 0xEE71, 0xFFFB, 0xFFF9, 0xEE95, 0xE615, 0xE635, 0xDDD4, 0xD592, 0xD592, 0xCD30,
    0xCD10, 0xC48D, 0xBBEA, 0xC429, 0xD4CB, 0xD4EC, 0xD4EB, 0xD4CB, 0xD4CB, 0xD4CB, 0xD4CB, 0xD4EB, 0xD50C, 0xDD4D, 0xDD4D, 0xDD6D,
    0xDD4D, 0xDD4D, 0xDD6D, 0xDD6E, 0xE56E, 0xE58E, 0xEE10, 0xF651, 0xF652, 0xF672, 0xF672, 0xF652, 0xEE52, 0xFED5, 0xFEF6, 0xFEF6,
    0xFEF6, 0xFF17, 0xFF37, 0xFF38, 0xFF58, 0xFF58, 0xFF37, 0xFF17, 0xF6F6, 0xF6D6, 0xF6D5, 0xF716, 0xFF58, 0xFF58, 0xFF58, 0xFF79,
    0xFF58, 0xFF79, 0xFF9A, 0xFFDB, 0xFFDB, 0xFFBB, 0xFFBB, 0xFFBB, 0xFFBB, 0xFF9A, 0xFF79, 0xFF18, 0xF656, 0xEE14, 0xD2EA, 0xD247,
    0xDAA9, 0xD247, 0xDAA8, 0xDB09, 0xE552, 0xF6B7, 0xFF38, 0xFF38, 0xFF38, 0xFF38, 0xFF58, 0xFF58, 0xFF59, 0xFF58, 0xFF59, 0xFF58,
    0xFF18, 0xEEB7, 0xFF18, 0xFF38, 0xFF59, 0xFF18, 0xFEF7, 0xFF58, 0xFF59, 0xFF59, 0xFF59, 0xFF59, 0xF759, 0xF759, 0xF759, 0xFF59,
    0xFF79, 0xFF78, 0xF6F6, 0xEF16, 0xEEF7, 0xEF17, 0xEEF6, 0xF716, 0xFF98, 0xF737, 0xF716, 0xF6F6, 0xF6D5, 0xEEB5, 0xEEB5, 0xEE95,
    0xEE95, 0xEE95, 0xF696, 0xF696, 0xF6B6, 0xE5F3, 0x9AC6, 0xB305, 0xD469, 0xD449, 0xCC49, 0xD449, 0xD469, 0xD449, 0xD469, 0xC408,
    0xA2E5, 0xA2E6, 0x92C6, 0x8264, 0x7203, 0x69E3, 0x69E3, 0x69E3, 0x69E2, 0x7223, 0x8264, 0x8AA5, 0x8AA5, 0x8AA5, 0x8A84, 0x8264,
    0x8A84, 0x8284, 0x92A4, 0x9AE5, 0xA306, 0xAB26, 0xAB26, 0xAB46, 0xB367, 0xB367, 0xA326, 0xAB47, 0xBBC9, 0xBBE9, 0xC42A, 0xC40A,
    0xC40A, 0xC40A, 0xBBE9, 0xBBC9, 0xB3A8, 0xB388, 0xB3A8, 0xB3A8, 0xB3A8, 0xAB87, 0xAB47, 0xAB47, 0xAB67, 0xB368, 0xAB47, 0xA327,
    0xA347, 0x9B06, 0x9305, 0xA367, 0xABA8, 0xA388, 0xA367, 0xA367, 0xA368, 0xA368, 0xA388, 0x9B47, 0xA347, 0xB3C8, 0xE58E, 0xF60F,
    0xFFD9, 0xFFD9, 0xFFB8, 0xFFB8, 0xFFB8, 0xFFD8, 0xFFD8, 0xFFD8, 0xFF97, 0xFF34, 0xFF13, 0xFED2, 0xFEF2, 0xFF12, 0xFEF2, 0xFED1,
    0xFEB1, 0xFED1, 0xFF12, 0xFF32, 0xFF32, 0xFF33, 0xFF53, 0xFF32, 0xFF52, 0xFF52, 0xFF11, 0xFEF1, 0xFF12, 0xFF32, 0xFF53, 0xFF73,
    0xFF53, 0xFF33, 0xFF53, 0xFF53, 0xFFB4, 0xEDCD, 0xEE72, 0xFFFC, 0xFFFA, 0xEE54, 0xE615, 0xE635, 0xDDF4, 0xD592, 0xD592, 0xD571,
    0xD551, 0xCCEF, 0xBBEA, 0xC44A, 0xD4EC, 0xD4EC, 0xD4EB, 0xD4EC, 0xD4CB, 0xD4CB, 0xDD0C, 0xDD4D, 0xDD4D, 0xDD4D, 0xDD2D, 0xDD6E,
    0xE5CF, 0xEE11, 0xEE31, 0xEE32, 0xEE32, 0xF652, 0xF673, 0xF693, 0xF6B4, 0xF6B4, 0xF6D4, 0xF6D5, 0xFED5, 0xFEF6, 0xFEF6, 0xFEF6,
    0xFEF6, 0xFEF6, 0xF6F6, 0xF6D6, 0xF6D6, 0xF6F6, 0xF6F7, 0xF6D6, 0xF695, 0xF695, 0xF6D6, 0xF6F6, 0xFF17, 0xFF78, 0xFF78, 0xF6F7,
    0xE634, 0xEED6, 0xFFDB, 0xFFDB, 0xFFDB, 0xFFDB, 0xFF9A, 0xFF9A, 0xFF7A, 0xFF79, 0xFF79, 0xFF59, 0xFF79, 0xFF18, 0xEDF4, 0xE4D0,
    0xD248, 0xD1E6, 0xDA88, 0xE4AF, 0xE5D4, 0xF696, 0xFF39, 0xFF38, 0xFF39, 0xFF59, 0xFF59, 0xFF58, 0xFF59, 0xFF59, 0xFF38, 0xFF59,
    0xFF59, 0x9B08, 0xE5F3, 0xFF18, 0xF6F7, 0xF6F7, 0xF6D6, 0xF6D6, 0xF6B6, 0xF6B6, 0xF6B6, 0xF6B6, 0xF6B6, 0xF6D5, 0xF6D5, 0xF6D5,
    0xEE94, 0xE633, 0xEE33, 0xEE94, 0xEEF6, 0xEEF6, 0xEED6, 0xEED6, 0xEED5, 0xF6F6, 0xF716, 0xF716, 0xF736, 0xFF17, 0xFF17, 0xFF17,
    0xF717, 0xFF17, 0xFF18, 0xF718, 0xF738, 0xF6F6, 0xDDD0, 0xE56E, 0xDCEB, 0xCC29, 0xCC49, 0xD469, 0xD449, 0xCC28, 0xD449, 0xC3E8,
    0x9AC5, 0xA2E6, 0x9AE6, 0x92C6, 0x7223, 0x69E2, 0x69C2, 0x69E2, 0x61C2, 0x7223, 0x8264, 0x8AA5, 0x92E5, 0x92E5, 0x8AC5, 0x8A84,
    0x8AA4, 0x8AA4, 0x92A4, 0x92A5, 0xA306, 0xAB26, 0xAB26, 0xAB47, 0xB347, 0xAB47, 0xAB26, 0xA326, 0xAB26, 0xAB26, 0xB367, 0xB367,
    0xAB67, 0xAB67, 0xB3A8, 0xBBC8, 0xB3A8, 0xB3A8, 0xB3A8, 0xB3A8, 0xB3A8, 0xB388, 0xB388, 0xA327, 0xA326, 0xA326, 0xA326, 0x9AE6,
    0x9AE6, 0x9306, 0x92E5, 0x92E6, 0x9B26, 0x9B27, 0x9306, 0x9306, 0x9326, 0x9B27, 0x9B47, 0x9B47, 0x9B47, 0xABC8, 0xE54D, 0xF5CF,
    0xFFD9, 0xFFD9, 0xFFB8, 0xFFB8, 0xFFB8, 0xFFD8, 0xFFD8, 0xFFD8, 0xFFB7, 0xFF97, 0xFF75, 0xFEF2, 0xFED2, 0xFEF2, 0xFED2, 0xFED2,
    0xFED1, 0xFEB1, 0xFEB1, 0xFEF2, 0xFF12, 0xFF73, 0xFF53, 0xFF12, 0xFF32, 0xFF52, 0xFF32, 0xFF11, 0xFEF1, 0xFEF2, 0xFF32, 0xFF32,
    0xFF73, 0xFF74, 0xFF74, 0xFF53, 0xFF94, 0xEDAD, 0xEE10, 0xF778, 0xF798, 0xF778, 0xEE76, 0xE615, 0xE615, 0xDDD4, 0xDDD3, 0xDDD2,
    0xD551, 0xCCEF, 0xB3EA, 0xCC8B, 0xD50C, 0xD4EC, 0xD4AB, 0xCCAB, 0xD4EC, 0xD4CB, 0xDD0C, 0xDD6D, 0xDD4D, 0xDD4D, 0xDD4D, 0xEDF0,
    0xF693, 0xE5F0, 0xE5AF, 0xE5D0, 0xEE11, 0xEE32, 0xF694, 0xF6B4, 0xF6D5, 0xFED5, 0xFED5, 0xF6D5, 0xFEF6, 0xFEF6, 0xFEF6, 0xFEF6,
    0xF6F6, 0xF717, 0xFF37, 0xFF17, 0xF6F7, 0xF6F7, 0xF6F7, 0xF717, 0xF717, 0xF6D6, 0xF6D6, 0xF6F6, 0xF717, 0xF6F7, 0xFF37, 0xFF58,
    0xF758, 0xFF99, 0xFFBA, 0xFFBA, 0xFF9A, 0xFF9A, 0xFF79, 0xFF59, 0xFF79, 0xFF59, 0xFF59, 0xFF59, 0xFF59, 0xFF39, 0xF738, 0xEE14,
    0xDC4E, 0xD32A, 0xD2C9, 0xE592, 0xE5F4, 0xF676, 0xF6D7, 0xEEB7, 0xF6F7, 0xFF18, 0xFF18, 0xFF38, 0xFF59, 0xF6F8, 0xFF9A, 0xDDF3,
    0xA38A, 0x8A25, 0xE613, 0xF6F7, 0xF6B6, 0xF6D7, 0xF6D7, 0xF6D7, 0xF6D7, 0xF6D7, 0xF6B6, 0xF6B6, 0xF6D6, 0xF6D6, 0xF6D6, 0xF6F6,
    0xF6D5, 0xE5D2, 0xDD91, 0xDD91, 0xDD90, 0xDD90, 0xDD90, 0xE5B1, 0xE5F2, 0xEE94, 0xEEB4, 0xF6B4, 0xEE94, 0xF6D6, 0xFF58, 0xFF38,
    0xEE95, 0xEE75, 0xF696, 0xEEB6, 0xEE54, 0xB389, 0xCC8A, 0xEDAE, 0xEE51, 0xEE92, 0xEE92, 0xEEB2, 0xDD8D, 0xDCCB, 0xDCAB, 0xCC49,
    0xC3E8, 0x9AC5, 0x8A64, 0x8A64, 0x69C2, 0x69C2, 0x69E2, 0x69E2, 0x69E2, 0x7203, 0x7A23, 0x8284, 0x92C5, 0x92C5, 0x92E5, 0x92E6,
    0x92E5, 0x9AE5, 0x9AE5, 0xA326, 0xAB46, 0xAB47, 0xAB26, 0xAB47, 0xB388, 0xB3A8, 0xB388, 0xB388, 0xB388, 0xAB67, 0xAB47, 0xAB46,
    0xA326, 0xA326, 0xAB26, 0xAB67, 0xAB67, 0xB387, 0xB387, 0xB387, 0xB3A8, 0xB388, 0xB388, 0xAB68, 0xAB67, 0xAB67, 0x9B06, 0x92C5,
    0x92C5, 0x92E5, 0x92E5, 0x92E5, 0x8AC5, 0x8AC5, 0x8AE5, 0x92E6, 0x9306, 0x9B27, 0x9B47, 0x9B47, 0x9B27, 0xA367, 0xD4AB, 0xED6D,
    0xFFB8, 0xFFD9, 0xFFD8, 0xFFB8, 0xFFB8, 0xFFD8, 0xFFD9, 0xFFD8, 0xFFB8, 0xFFB7, 0xFF34, 0xFEB1, 0xFED2, 0xFED2, 0xFED2, 0xFED2,
    0xFED2, 0xFEB1, 0xFED2, 0xFEF2, 0xFEF2, 0xFF12, 0xFF12, 0xFEF2, 0xFEF1, 0xFF12, 0xFF12, 0xFF32, 0xFF32, 0xFF53, 0xFF53, 0xFF33,
    0xFF73, 0xFF74, 0xFF74, 0xFF53, 0xFF74, 0xFF54, 0xF6F4, 0xE5AE, 0xE58E, 0xFFFB, 0xEED7, 0xE615, 0xE615, 0xDDF4, 0xDDD3, 0xDDD3,
    0xD551, 0xC4AE, 0xB3CA, 0xCCAC, 0xD52D, 0xD50D, 0xD50C, 0xD50C, 0xD4EC, 0xD4EC, 0xDD2D, 0xDD4D, 0xDD2D, 0xE5D0, 0xF672, 0xE5AF,
    0xDD6E, 0xE58E, 0xE5AF, 0xE5AF, 0xEDF0, 0xEE32, 0xF673, 0xF6B4, 0xFEB5, 0xF6B5, 0xF6D5, 0xF6B4, 0xEE94, 0xF695, 0xF6B5, 0xF6B5,
    0xF6D5, 0xF6D6, 0xF6D7, 0xF6F6, 0xF6F6, 0xF6F6, 0xF6F6, 0xF717, 0xF6F7, 0xF6F6, 0xF6D5, 0xFF37, 0xFF58, 0xF717, 0xFF59, 0xFF9A,
    0xFFBA, 0xFFBA, 0xFF9A, 0xFF79, 0xFF79, 0xFF79, 0xFF79, 0xFF79, 0xFF79, 0xFF59, 0xFF59, 0xFF59, 0xFF59, 0xFF39, 0xF6F8, 0xEE35,
    0xEE75, 0xDCF0, 0xCAA8, 0xE572, 0xE5D4, 0xEE35, 0xEE55, 0xEE75, 0xEE75, 0xEE76, 0xEE75, 0xEEB6, 0xF6F7, 0xF718, 0xE655, 0xAB8A,
    0x9AA6, 0xDDB2, 0xEE75, 0xF6B6, 0xF6B6, 0xF6D7, 0xF6D7, 0xF6D7, 0xF6B6, 0xF6D7, 0xF6B6, 0xF6B6, 0xF6D6, 0xF6D6, 0xF6B5, 0xEE74,
    0xEE54, 0xEE33, 0xEE74, 0xF6D5, 0xF6D5, 0xEEB5, 0xEEB4, 0xE633, 0xE5F2, 0xE612, 0xEE12, 0xEE12, 0xEDF2, 0xEE74, 0xF6D6, 0xF6D6,
    0xF6D7, 0xF718, 0xF717, 0xFF38, 0xF716, 0xD590, 0xDD6D, 0xE56D, 0xDCAA, 0xDC69, 0xDC8A, 0xDC8A, 0xE56D, 0xEE51, 0xEE51, 0xEE51,
    0xEE51, 0xCCED, 0xB42A, 0xB40A, 0x9B48, 0x69C2, 0x6181, 0x5961, 0x5960, 0x6161, 0x69A1, 0x7A43, 0x92C5, 0x92E6, 0x92E5, 0x92E5,
    0x92E5, 0x9B06, 0xA346, 0xB388, 0xB387, 0xB387, 0xB388, 0xB387, 0xB388, 0xBBA8, 0xB3A8, 0xBBA8, 0xBBC8, 0xBBA8, 0xB3A8, 0xB387,
    0xAB47, 0xAB46, 0xAB26, 0xAB87, 0xB3A8, 0xB3C8, 0xB3A8, 0xB388, 0xB388, 0xB388, 0xB368, 0xAB68, 0xB388, 0xB388, 0xA326, 0x92C5,
    0x8AC5, 0x8AC5, 0x92E5, 0x92E5, 0x92E5, 0x92E5, 0x8AC5, 0x92E6, 0x9306, 0x9306, 0x9B27, 0x9B47, 0x9B27, 0x9B27, 0xB3A8, 0xED6D,
    0xFFB8, 0xFFD9, 0xFFD9, 0xFFD8, 0xFFD8, 0xFFD8, 0xFFD9, 0xFFD8, 0xFFD8, 0xFFB7, 0xFEF3, 0xFED1, 0xFED2, 0xFEB1, 0xFEF2, 0xFED1,
    0xFEB1, 0xFEB1, 0xFED1, 0xFF12, 0xFF32, 0xFF53, 0xFF32, 0xFEF1, 0xFEF1, 0xFEF1, 0xFF11, 0xFF32, 0xFF32, 0xFF53, 0xFF74, 0xFF53,
    0xFF74, 0xFF95, 0xFF75, 0xFF95, 0xFFB7, 0xFFF8, 0xFFFA, 0xEE71, 0xDD2C, 0xFFFA, 0xEED7, 0xE615, 0xE615, 0xDDF3, 0xDDB3, 0xDDB3,
    0xD571, 0xC4EF, 0xC48D, 0xBC0A, 0xD4EC, 0xDD6E, 0xDD4E, 0xDD0D, 0xDD2D, 0xE58E, 0xDD6E, 0xDD6E, 0xEDF0, 0xEE10, 0xDD6E, 0xDD4D,
    0xE56D, 0xE56E, 0xE5AE, 0xE5CF, 0xEE10, 0xEE11, 0xEE32, 0xEE53, 0xEE74, 0xEE53, 0xF694, 0xF6B5, 0xF694, 0xF695, 0xF6B5, 0xF6B5,
    0xF6B6, 0xF6B6, 0xEE75, 0xEE74, 0xEE54, 0xEE54, 0xEE34, 0xE613, 0xE633, 0xE633, 0xDDF2, 0xF717, 0xFFBA, 0xFFBA, 0xFFBA, 0xFFBA,
    0xFFBA, 0xFFBA, 0xFF99, 0xFF37, 0xFF38, 0xFF59, 0xFF79, 0xFF79, 0xFF59, 0xFF59, 0xFF59, 0xFF59, 0xFF59, 0xF738, 0xF6D7, 0xEE15,
    0xEE15, 0xE510, 0xCB2A, 0xED72, 0xE5B3, 0xE5B3, 0xE5D4, 0xEE55, 0xEE55, 0xEE55, 0xEE55, 0xEE96, 0xEE96, 0xE614, 0x9AE8, 0x9226,
    0xE5D2, 0xF6F6, 0xF696, 0xEE96, 0xEE96, 0xF6B6, 0xF6B6, 0xF6B6, 0xF6B6, 0xF6B6, 0xF6D7, 0xF6D6, 0xF6B6, 0xFEF7, 0xFF17, 0xF6B5,
    0xE5F3, 0xE5F2, 0xDDD1, 0xE5F2, 0xE633, 0xEE74, 0xEED5, 0xF716, 0xF6F6, 0xF6F6, 0xF6D5, 0xEE94, 0xEE54, 0xEE54, 0xE634, 0xE613,
    0xEE54, 0xEE55, 0xEE75, 0xEE13, 0xCCCE, 0xE611, 0xEE72, 0xEE92, 0xEE71, 0xEDCF, 0xEDF0, 0xEDCF, 0xDC8A, 0xD469, 0xD46A, 0xDCCB,
    0xCC8B, 0xCCED, 0xD570, 0xD590, 0xCD70, 0xB44C, 0xB46C, 0xAC2C, 0xAC0B, 0xAC0B, 0x9B89, 0x7202, 0x7A02, 0x8264, 0x92C5, 0x92E5,
    0x92E5, 0xA326, 0xAB47, 0xB387, 0xB387, 0xB387, 0xB368, 0xB3A8, 0xBBA8, 0xBBA8, 0xB3A8, 0xB3A8, 0xBBA8, 0xBBC8, 0xBBC9, 0xB3A8,
    0xB388, 0xAB67, 0xAB47, 0xA326, 0xAB47, 0xA326, 0xA327, 0xB388, 0xB3A8, 0xB3A8, 0xB3A8, 0xB3A8, 0xB3A8, 0xB368, 0xAB47, 0xA347,
    0x92E5, 0x8AA5, 0x8AC5, 0x92E5, 0x92E5, 0x8AC5, 0x8AC5, 0x9306, 0x9B47, 0x9B47, 0xA388, 0xA368, 0xA387, 0xA367, 0xB3C8, 0xED6D,
    0xFFB8, 0xFFB8, 0xFFB8, 0xFFB8, 0xFFB8, 0xFFB8, 0xFFD8, 0xFFD8, 0xFF76, 0xFF34, 0xFED2, 0xFEF2, 0xFED1, 0xFEB1, 0xFEB1, 0xFEB1,
    0xFED1, 0xFEF2, 0xFEB1, 0xFED1, 0xFEF1, 0xFF12, 0xFEF1, 0xFEF1, 0xFF11, 0xFF31, 0xFF95, 0xFF94, 0xFF53, 0xFF54, 0xFF95, 0xFF95,
    0xFFB6, 0xFFF9, 0xFFF9, 0xFFFA, 0xFFF9, 0xFFF9, 0xFFFA, 0xEE51, 0xDD2C, 0xFFFA, 0xEEB6, 0xE5F4, 0xE614, 0xDDF3, 0xDDD3, 0xD5B2,
    0xD5B2, 0xDDD3, 0xCD0F, 0xAB88, 0xD4ED, 0xE56E, 0xDD4D, 0xDD2D, 0xDD6E, 0xDD6E, 0xDD4E, 0xEE31, 0xE5F0, 0xDD4E, 0xE56E, 0xE54D,
    0xDD4D, 0xDD4D, 0xE5AE, 0xE5CF, 0xEE11, 0xEE11, 0xEE12, 0xEE53, 0xEE53, 0xEE73, 0xEE74, 0xEE74, 0xF694, 0xF694, 0xEE94, 0xEE95,
    0xEE74, 0xEE54, 0xEE74, 0xEE54, 0xEE54, 0xEE54, 0xEE74, 0xEE34, 0xEE74, 0xFF57, 0xFF78, 0xFF99, 0xFF9A, 0xFF99, 0xFF99, 0xFF58,
    0xF737, 0xF717, 0xF6F6, 0xEEB5, 0xEEB5, 0xFF38, 0xFF59, 0xFF59, 0xFF59, 0xFF59, 0xFF59, 0xFF59, 0xFF39, 0xEE96, 0xE635, 0xEE14,
    0xEE14, 0xDD31, 0xB2A7, 0xB34A, 0xE593, 0xE5D3, 0xE5D4, 0xEE35, 0xEE56, 0xEE56, 0xE655, 0xDDB3, 0xE5F3, 0x8A05, 0xA2A7, 0xE5F3,
    0xF6B6, 0xEE75, 0xEE95, 0xEE95, 0xEE95, 0xF696, 0xF696, 0xF6B6, 0xF6B6, 0xF6B6, 0xF6D7, 0xF6D6, 0xEE34, 0xE613, 0xE5F3, 0xEE34,
    0xEE54, 0xEE74, 0xEE74, 0xE5F2, 0xDD90, 0xE5B1, 0xE5D1, 0xE633, 0xEE53, 0xEE53, 0xEE94, 0xF737, 0xF717, 0xF6F7, 0xF6B6, 0xEE75,
    0xEE75, 0xEE54, 0xEE54, 0xDD70, 0xB347, 0xC3A7, 0xD3E8, 0xD46A, 0xE58E, 0xE5AF, 0xE5AF, 0xEE31, 0xEE52, 0xEE11, 0xEDF1, 0xD4AB,
    0xBBA8, 0x92C5, 0x71C2, 0x7A03, 0x7A24, 0x9348, 0x9B89, 0x9B69, 0x9B89, 0x9369, 0xA3CA, 0xBC6C, 0xB42B, 0xBC2B, 0x9B27, 0x92C5,
    0x92C5, 0x9AE5, 0xAB47, 0xB387, 0xB388, 0xB367, 0xAB47, 0xAB47, 0xBBA8, 0xBBC8, 0xBBC8, 0xB3A8, 0xB367, 0xAB67, 0xAB67, 0xB388,
    0xB388, 0xAB67, 0xAB67, 0xAB47, 0xAB47, 0xA306, 0x9AE6, 0xAB47, 0xB388, 0xB3A8, 0xB3A9, 0xBBC9, 0xB3A8, 0xB388, 0xA306, 0x92E5,
    0x92E5, 0x92C5, 0x8AC5, 0x8AC5, 0x8AE5, 0x92E5, 0x8AE5, 0x8AE5, 0x9B26, 0xA367, 0xA367, 0xA367, 0xABA8, 0xB3E9, 0xD4AB, 0xE56D,
    0xFF98, 0xFF98, 0xFFB8, 0xFFD8, 0xFFD8, 0xFFD8, 0xFFD8, 0xFFD8, 0xFF56, 0xFEF3, 0xFE92, 0xFEB1, 0xFEB1, 0xFEB1, 0xFE70, 0xFE70,
    0xFEB1, 0xFED1, 0xFEB1, 0xFEB1, 0xFED1, 0xFEF2, 0xFF53, 0xFF74, 0xFF73, 0xFFB6, 0xFFFC, 0xFFD9, 0xFFD7, 0xFFF8, 0xFFF9, 0xFFF9,
    0xFFF9, 0xFFFA, 0xFFFA, 0xFFFA, 0xFFF9, 0xFFF9, 0xFFFB, 0xEE92, 0xDD4C, 0xFFF9, 0xFF98, 0xEEB5, 0xE614, 0xE614, 0xDDD3, 0xDDB2,
    0xD5B3, 0xDDB3, 0xC4AD, 0xB3A9, 0xD50D, 0xE58E, 0xDD6E, 0xDD4E, 0xDD6E, 0xDD4E, 0xEE31, 0xE5F0, 0xDD4E, 0xE58E, 0xE56E, 0xDD6D,
    0xE56D, 0xDD4D, 0xE58E, 0xEDCF, 0xE5D0, 0xEE11, 0xEE12, 0xEE53, 0xEE74, 0xEE74, 0xF674, 0xEE74, 0xEE53, 0xE633, 0xE613, 0xE5F3,
    0xDDD2, 0xDDB2, 0xE5F2, 0xF6D5, 0xF6F6, 0xF6D5, 0xF6D5, 0xE613, 0xE654, 0xFF98, 0xFF99, 0xFF99, 0xFF99, 0xFFB9, 0xFF99, 0xFF58,
    0xEE74, 0xE633, 0xEEB6, 0xF6D6, 0xFF17, 0xFF58, 0xFF58, 0xFF59, 0xFF59, 0xFF59, 0xFF59, 0xF6D7, 0xEE76, 0xEE35, 0xEE15, 0xE5F4,
    0xEE34, 0xD4AF, 0x8902, 0x78E1, 0x9A26, 0xAB09, 0xED92, 0xE5D3, 0xE5D3, 0xE5D3, 0xE5F4, 0x9A67, 0x8102, 0xBBCB, 0xEDF3, 0xEE75,
    0xEE55, 0xEE75, 0xEE95, 0xEE95, 0xEE95, 0xEE95, 0xF696, 0xF6B6, 0xF695, 0xF695, 0xEE95, 0xEE95, 0xF6D6, 0xEE95, 0xDDD2, 0xDD91,
    0xDD91, 0xE613, 0xEEB6, 0xEE95, 0xEE94, 0xEE74, 0xE633, 0xE633, 0xEE12, 0xEE33, 0xE633, 0xEE54, 0xEE54, 0xEE74, 0xF6D6, 0xF6F7,
    0xF6F7, 0xFEF8, 0xF6F7, 0xE5D0, 0xCC6B, 0xD46A, 0xD428, 0xD3E7, 0xCBC7, 0xCBE7, 0xD3E7, 0xD449, 0xE54D, 0xE5AF, 0xE5AF, 0xE5AF,
    0xEE31, 0xD54E, 0xBCAD, 0x9327, 0x71E2, 0x6161, 0x6161, 0x6181, 0x6181, 0x6161, 0x69C2, 0x9327, 0x9B27, 0x9B47, 0xD4ED, 0xD50E,
    0xD4ED, 0xB3E9, 0xA305, 0xB367, 0xB367, 0xAB47, 0xB367, 0xB368, 0xB388, 0xB388, 0xB388, 0xBBC8, 0xBBC9, 0xB367, 0xAB47, 0xB367,
    0xB388, 0xAB67, 0xAB67, 0xAB67, 0xB3A8, 0xAB47, 0xA306, 0xAB47, 0xB388, 0xAB67, 0xAB67, 0xAB68, 0xB388, 0xB3A8, 0xA347, 0x92C5,
    0x92C5, 0x92C5, 0x92E5, 0x92E5, 0x8AC5, 0x92E5, 0x9306, 0x9306, 0x9306, 0x9B26, 0x9B47, 0x9B46, 0x9B06, 0xABA8, 0xDD2C, 0xDD2C,
    0xFFB8, 0xFF98, 0xFF97, 0xFFB7, 0xFFB7, 0xFF77, 0xFF97, 0xFF97, 0xFF76, 0xFF14, 0xFE91, 0xFE71, 0xFE91, 0xFEB2, 0xFEB1, 0xFEB2,
    0xFEB1, 0xFED2, 0xFF54, 0xFF54, 0xFF33, 0xFF75, 0xFFF7, 0xFFF8, 0xFFD8, 0xFFFA, 0xFFFD, 0xFFFA, 0xFFF8, 0xFFF8, 0xFFF9, 0xFFF8,
    0xFFF9, 0xFFF9, 0xFFFA, 0xFFF9, 0xFFF9, 0xFFF9, 0xFFFB, 0xF715, 0xDD6D, 0xFFFA, 0xFFD9, 0xEEB5, 0xE5F4, 0xE5F3, 0xDDD3, 0xDDD3,
    0xDDB3, 0xDDB3, 0xC4AE, 0xB3C9, 0xDD4E, 0xE58E, 0xDD6E, 0xDD6E, 0xDD4D, 0xE5AF, 0xEE11, 0xDD6E, 0xE58E, 0xE58E, 0xDD8E, 0xDD8D,
    0xDD6E, 0xDD4D, 0xDD4D, 0xDD4E, 0xDD6E, 0xEDF0, 0xE5F1, 0xE5F1, 0xE612, 0xE612, 0xE5F2, 0xE5F2, 0xE5F2, 0xE5B1, 0xDDB1, 0xE5F2,
    0xEED6, 0xEED6, 0xEED6, 0xF6D5, 0xEE94, 0xEE53, 0xE5B1, 0xEE53, 0xFF58, 0xFF99, 0xFF79, 0xFF98, 0xFF57, 0xF6B5, 0xEE74, 0xEE95,
    0xEE75, 0xF6D6, 0xFF58, 0xFF59, 0xFF59, 0xFF38, 0xFF58, 0xFF59, 0xFF58, 0xFF38, 0xF718, 0xEE76, 0xEE35, 0xE635, 0xEE35, 0xEDF4,
    0xE5F4, 0xCC2D, 0x99A4, 0xBAC9, 0xAA67, 0xA226, 0x91E4, 0x91E5, 0x91E5, 0x91E4, 0x89C3, 0xAAE8, 0xD4AF, 0xE5B2, 0xEE34, 0xE634,
    0xEE75, 0xEE75, 0xEE75, 0xEE75, 0xEE75, 0xEE75, 0xEE75, 0xEE95, 0xF695, 0xF695, 0xEE75, 0xE613, 0xE654, 0xEE95, 0xF6B5, 0xEE54,
    0xDDD2, 0xDDB2, 0xE5B2, 0xE613, 0xE653, 0xEE95, 0xF6F6, 0xF6F6, 0xF6B6, 0xEE95, 0xEE54, 0xEE54, 0xEE34, 0xEE54, 0xEE34, 0xEE54,
    0xEE75, 0xEE54, 0xDD50, 0xDD6F, 0xF693, 0xF6B3, 0xDD4D, 0xD4AB, 0xDCCB, 0xDCCB, 0xD48A, 0xD449, 0xD408, 0xD428, 0xD448, 0xD4AB,
    0xCCCC, 0xC48C, 0xBC6C, 0xCCEE, 0xC50F, 0x9BAA, 0x7224, 0x6161, 0x61A2, 0x71E3, 0x71E2, 0x69A1, 0x71E2, 0x7A23, 0x9B27, 0x9B47,
    0x9B47, 0xCCCC, 0xDD0D, 0xDD0D, 0xDCED, 0xBBE9, 0xAB47, 0xAB47, 0xB367, 0xB388, 0xB388, 0xB3A8, 0xBBC8, 0xBBE9, 0xBBC8, 0xB3A8,
    0xB3A8, 0xB388, 0xAB67, 0xAB67, 0xB388, 0xB3C8, 0xB3A8, 0xB388, 0xB3A8, 0xB387, 0xAB67, 0xAB67, 0xAB67, 0xB368, 0xA327, 0x9AE5,
    0x92E6, 0x92E6, 0x9306, 0x9306, 0x9306, 0x8AC5, 0x8AC5, 0x9326, 0x9326, 0x9B26, 0x9B27, 0x9B47, 0x9B47, 0xA347, 0xBC09, 0xDD2C,
    0xFF98, 0xFF97, 0xFF56, 0xFF55, 0xFF14, 0xFED3, 0xFEF4, 0xFF14, 0xFEF3, 0xFEF3, 0xFF34, 0xFF54, 0xFF54, 0xFF55, 0xFF55, 0xFF55,
    0xFF55, 0xFF75, 0xFFD7, 0xFFB7, 0xFFB7, 0xFFD8, 0xFFF9, 0xFFD8, 0xFFD8, 0xFFF9, 0xFFFA, 0xFFF9, 0xFFF8, 0xFFF8, 0xFFF8, 0xFFD8,
    0xFFF9, 0xFFF9, 0xFFF9, 0xFFF9, 0xFFF9, 0xFFF8, 0xFFFA, 0xEF15, 0xDD0C, 0xFF98, 0xF735, 0xEEB4, 0xEEB6, 0xEE74, 0xEE34, 0xDDF3,
    0xDDB2, 0xD572, 0xD571, 0xCD0F, 0xC48C, 0xD4ED, 0xDD6E, 0xDD4D, 0xDD6E, 0xEE10, 0xDD6E, 0xE58E, 0xE5AF, 0xE5AE, 0xE58E, 0xE58E,
    0xDD6E, 0xDD4D, 0xDD4D, 0xDD4D, 0xDD4D, 0xDD4E, 0xDD4E, 0xD54E, 0xDD2E, 0xD56F, 0xD590, 0xDD90, 0xDDD1, 0xEEB5, 0xF6F6, 0xEED5,
    0xE654, 0xE653, 0xE612, 0xDD90, 0xE590, 0xE590, 0xEE73, 0xF758, 0xFFB9, 0xFF99, 0xFF98, 0xEED5, 0xEE94, 0xEE74, 0xF6D6, 0xF718,
    0xFF38, 0xFF39, 0xFF59, 0xFF59, 0xFF59, 0xFF59, 0xFF18, 0xF6B6, 0xEE96, 0xEE96, 0xEE75, 0xEE55, 0xEE35, 0xEE35, 0xEE35, 0xEE55,
    0xBBCC, 0x8142, 0xA206, 0xE42E, 0xE46E, 0xDC0D, 0xBB0A, 0xBB2A, 0xBB4A, 0xBB4A, 0xBBAB, 0xD510, 0xE614, 0xE634, 0xE634, 0xE654,
    0xEE75, 0xEE75, 0xEE75, 0xEE75, 0xEE75, 0xEE75, 0xEE75, 0xEE75, 0xEE54, 0xEE95, 0xF6F7, 0xEE75, 0xE5F2, 0xE5F2, 0xE654, 0xF6B5,
    0xF716, 0xEED5, 0xE613, 0xE5F2, 0xE5F2, 0xE613, 0xE633, 0xEEB5, 0xF717, 0xF717, 0xF737, 0xF6F6, 0xEE95, 0xEE74, 0xEE54, 0xEE75,
    0xE5F3, 0xCCCC, 0xC409, 0xC408, 0xDCEB, 0xDCEB, 0xE5CF, 0xF6D4, 0xEEB3, 0xEED3, 0xEE51, 0xDD2C, 0xDD4C, 0xDCAA, 0xD469, 0xD429,
    0xBBA7, 0x9B06, 0x71C2, 0x9308, 0xAC2D, 0xA3EC, 0xAC4C, 0xAC4C, 0x9B89, 0x5940, 0x6180, 0x71E2, 0x7A43, 0x8264, 0x8263, 0x8263,
    0x8A84, 0xA367, 0xB3C8, 0xBBC8, 0xC42A, 0xCC6B, 0xCC6B, 0xC44A, 0xB3A8, 0xAB47, 0xB387, 0xB387, 0xB388, 0xB388, 0xB3A8, 0xBBC8,
    0xB3A8, 0xB3A8, 0xB388, 0xB387, 0xAB67, 0xAB47, 0xAB67, 0xB388, 0xBBC8, 0xBBC9, 0xBBE9, 0xBBC8, 0xB388, 0xAB67, 0xA346, 0x9B05,
    0x9B06, 0x9B06, 0x9306, 0x92E5, 0x92E5, 0x8AE5, 0x8AA4, 0x8AA4, 0x9306, 0x9B47, 0x9B47, 0x9B47, 0x9B47, 0x9B26, 0xBBE9, 0xDD2C,
    0xFE92, 0xFE91, 0xFE71, 0xFE71, 0xFE71, 0xFE71, 0xFE71, 0xFE70, 0xFE50, 0xFE91, 0xFF55, 0xFFB6, 0xFFB7, 0xFFB7, 0xFFB7, 0xFFB7,
    0xFFB7, 0xFFB7, 0xFFB7, 0xFFB7, 0xFFD7, 0xFFD8, 0xFFD8, 0xFFD8, 0xFFD7, 0xFFD8, 0xFFF8, 0xFFF8, 0xFFD7, 0xFFD7, 0xFFD8, 0xFFF9,
    0xFFFA, 0xFFF9, 0xFFF9, 0xFFF9, 0xFFF9, 0xFFF9, 0xFFFA, 0xF797, 0xE5CF, 0xE5F0, 0xDCCB, 0xEED3, 0xFFFC, 0xF757, 0xE613, 0xDDF3,
    0xDDD3, 0xD592, 0xD5D3, 0xD551, 0xB3CA, 0xCCCC, 0xE58E, 0xDD6E, 0xEDF0, 0xE5AF, 0xDD6E, 0xE58E, 0xE58E, 0xE5AE, 0xE58E, 0xDD6D,
    0xDD4D, 0xDD4D, 0xDD2D, 0xDD2D, 0xDD2C, 0xD50D, 0xDD4E, 0xDD6F, 0xD54E, 0xEE73, 0xF6F5, 0xF6D5, 0xEE94, 0xDDF1, 0xE5D1, 0xDDD1,
    0xDD6F, 0xD56F, 0xDD6F, 0xDD90, 0xDD90, 0xE5B1, 0xF717, 0xFFDA, 0xFF99, 0xF6F6, 0xF6F6, 0xEEB5, 0xFEF6, 0xFF37, 0xFF38, 0xFF38,
    0xFF38, 0xFF59, 0xFF38, 0xF6F7, 0xF6B6, 0xBCAE, 0xDDB3, 0xF6B7, 0xE635, 0xEE55, 0xEE55, 0xEE35, 0xEE35, 0xE614, 0xEE55, 0xA2E8,
    0x99E5, 0xDBED, 0xD3CC, 0xE42E, 0xE44F, 0xE46F, 0xECD1, 0xED93, 0xEDB3, 0xEDB3, 0xE5B3, 0xDDB3, 0xDDD3, 0xE614, 0xE634, 0xEE55,
    0xEE55, 0xEE55, 0xEE75, 0xEE75, 0xEE75, 0xEE75, 0xEE75, 0xEE75, 0xEE55, 0xE613, 0xE613, 0xF6B5, 0xEE95, 0xE613, 0xDDB2, 0xE5F3,
    0xE654, 0xEEB6, 0xF737, 0xEE75, 0xEE34, 0xEE33, 0xEE34, 0xEE34, 0xEE34, 0xEE55, 0xEE96, 0xF6F7, 0xF737, 0xF6F7, 0xF6B6, 0xF6D6,
    0xD56F, 0xBBA8, 0xC3A8, 0xCC29, 0xD46A, 0xD48A, 0xD4AA, 0xD4AA, 0xD4AA, 0xD4AA, 0xE5AE, 0xEE51, 0xEE72, 0xE5EF, 0xE56D, 0xDD2D,
    0xC44A, 0xAB47, 0x7A03, 0x71E2, 0x6181, 0x61A2, 0x8B28, 0x9389, 0xA3EA, 0xBC8C, 0xB46B, 0x7A23, 0x6980, 0x8A84, 0x92A4, 0x92A4,
    0x9AE6, 0x9AE5, 0x9AE5, 0xAB26, 0xA305, 0xAB47, 0xCC4B, 0xCC6B, 0xCC6B, 0xCC6B, 0xB388, 0xAB06, 0xAB47, 0xB367, 0xB367, 0xB3A8,
    0xBBA8, 0xB3A8, 0xB3A8, 0xB3A8, 0xBBA8, 0xB388, 0xAB67, 0xAB67, 0xAB87, 0xB388, 0xB3A8, 0xBBC8, 0xB3A8, 0xB3A8, 0xAB67, 0x9AE5,
    0x92C5, 0x92C5, 0x92E5, 0x9306, 0x9306, 0x9326, 0x92E5, 0x8AA4, 0x8AC5, 0x92E6, 0x9B47, 0x9B47, 0x9B47, 0x9B26, 0xBC09, 0xE54D,
    0xFE0F, 0xFDEF, 0xFE0F, 0xFE0F, 0xFE30, 0xFE50, 0xFE50, 0xFE50, 0xFE50, 0xFE50, 0xFE91, 0xFED2, 0xFF96, 0xFF96, 0xFF96, 0xFF97,
    0xFF97, 0xFF97, 0xFFB7, 0xFFB7, 0xFFB7, 0xFFB7, 0xFFD7, 0xFFD7, 0xFFD8, 0xFFD8, 0xFFD7, 0xFFD7, 0xFFD7, 0xFFD8, 0xFFF8, 0xFFF9,
    0xFFFA, 0xFFFA, 0xFFF9, 0xFFF9, 0xFFFA, 0xFFF9, 0xFFF9, 0xFFF9, 0xFFFA, 0xFFFA, 0xEE53, 0xEE73, 0xEEB4, 0xEE73, 0xE614, 0xDDF4,
    0xDDF3, 0xDDD3, 0xDDD3, 0xD551, 0xC48C, 0xDD4E, 0xDD8E, 0xE5B0, 0xEDF1, 0xE58E, 0xE58E, 0xDD4D, 0xDD4D, 0xDD2D, 0xDD2D, 0xDD4D,
    0xDD4D, 0xDD4D, 0xDD2D, 0xD52D, 0xD50D, 0xD52D, 0xEEB4, 0xF6F6, 0xF716, 0xDDF1, 0xD4EE, 0xD52E, 0xD50E, 0xD52E, 0xDD4F, 0xDD6F,
    0xDD8F, 0xDD90, 0xDD6F, 0xDD70, 0xDDD1, 0xF717, 0xFF99, 0xFF38, 0xFF37, 0xF6F6, 0xFF17, 0xFF37, 0xFF38, 0xFF38, 0xF717, 0xF6D7,
    0xF6F7, 0xFF18, 0xEE96, 0xEE75, 0xF675, 0xD551, 0x9B09, 0x9287, 0xDDD3, 0xF696, 0xEE55, 0xEE55, 0xF696, 0xBC6D, 0x8163, 0xA226,
    0xC34A, 0xE46F, 0xE44F, 0xE44E, 0xE4B0, 0xE4D0, 0xE4F1, 0xE5D3, 0xE5D3, 0xE5D3, 0xE5F4, 0xE614, 0xE634, 0xE634, 0xEE35, 0xEE35,
    0xEE55, 0xEE55, 0xEE55, 0xEE55, 0xEE75, 0xEE55, 0xEE54, 0xEE54, 0xEE54, 0xEE54, 0xE5F2, 0xDDD2, 0xEE75, 0xF6D6, 0xEE74, 0xDDD2,
    0xE5D2, 0xE5F3, 0xE614, 0xF6B6, 0xF717, 0xEE96, 0xEE75, 0xEE34, 0xEE54, 0xEE54, 0xEE54, 0xEE54, 0xEE54, 0xEE75, 0xEE75, 0xF695,
    0xEE54, 0xD56F, 0xCC8C, 0xCC2A, 0xC3C8, 0xD449, 0xDCAA, 0xDCCA, 0xDCAA, 0xDCAA, 0xDCAA, 0xDCAA, 0xDCAA, 0xE56D, 0xEDF0, 0xEE10,
    0xE5CF, 0xD52E, 0xA3A9, 0x8285, 0x7A65, 0x69C3, 0x5981, 0x5141, 0x69E3, 0x9BA9, 0x9BA9, 0xAC0A, 0xB44B, 0x8284, 0x8243, 0x92A5,
    0x9AE5, 0x9B05, 0x9AC5, 0xA305, 0xAB26, 0xAB26, 0xAB26, 0xA306, 0xBBC9, 0xCC8B, 0xCC6B, 0xCC8C, 0xB3A8, 0xAB27, 0xB368, 0xB368,
    0xB388, 0xB388, 0xB367, 0xB387, 0xB3A8, 0xB3A8, 0xB387, 0xB387, 0xB387, 0xB3A8, 0xBBE9, 0xBBC9, 0xB3A8, 0xB388, 0xAB67, 0xAB47,
    0x9B06, 0x92C5, 0x8AA4, 0x8AA5, 0x8AE5, 0x8AE5, 0x9306, 0x9306, 0x8A84, 0x92E6, 0x9B47, 0xA347, 0x9B47, 0x9B06, 0xABA8, 0xCCAA,
    0xFE50, 0xFE71, 0xFE70, 0xFE2F, 0xFE30, 0xFE50, 0xFE30, 0xFE30, 0xFE30, 0xFE70, 0xFE50, 0xFE71, 0xFF55, 0xFF96, 0xFF97, 0xFF97,
    0xFF97, 0xFF97, 0xFF97, 0xFF96, 0xFF96, 0xFFB6, 0xFFB7, 0xFFB7, 0xFFB7, 0xFFD7, 0xFFB7, 0xFFD7, 0xFFD7, 0xFFD8, 0xFFD9, 0xFFF9,
    0xFFF9, 0xFFF9, 0xFFF9, 0xFFF9, 0xFFF9, 0xFFF8, 0xFFF8, 0xFFF9, 0xFFF9, 0xFFF9, 0xFFFC, 0xEED5, 0xD4AA, 0xE54D, 0xEE75, 0xDDF3,
    0xDDF3, 0xDDF3, 0xDDD3, 0xDDB2, 0xDD91, 0xCCAD, 0xDD4D, 0xE5D0, 0xE5D0, 0xE56E, 0xDD4D, 0xDD2C, 0xDD4D, 0xDD2D, 0xDD2D, 0xDD4D,
    0xDD2D, 0xDD2D, 0xDD6E, 0xEE72, 0xF693, 0xEE73, 0xD50D, 0xD4CC, 0xD4ED, 0xD50D, 0xD4ED, 0xD50E, 0xD52E, 0xDD4F, 0xDD6F, 0xDD6F,
    0xDD8F, 0xDD6F, 0xDD90, 0xE633, 0xF757, 0xF757, 0xF6F6, 0xF6F6, 0xFF57, 0xFF78, 0xFF58, 0xFF58, 0xFF38, 0xF717, 0xF6F7, 0xF6D7,
    0xEE96, 0xEE75, 0xEE75, 0xEE75, 0xEE76, 0xF6B6, 0xA2E8, 0x8183, 0xA2C8, 0x9225, 0x9225, 0x9A25, 0x9A46, 0x9A46, 0xA287, 0xCBAB,
    0xECF0, 0xE48F, 0xE4D0, 0xE4F0, 0xE593, 0xEDF4, 0xEE14, 0xE5F4, 0xE5F4, 0xE5F4, 0xE634, 0xE655, 0xEE34, 0xEE34, 0xEE35, 0xEE35,
    0xEE35, 0xEE55, 0xEE55, 0xEE55, 0xEE55, 0xEE54, 0xEE54, 0xE634, 0xE613, 0xEE54, 0xE633, 0xDDF2, 0xDDF2, 0xEE54, 0xF717, 0xEEB5,
    0xE613, 0xE5F3, 0xE613, 0xE634, 0xE634, 0xF717, 0xFF58, 0xF6F7, 0xEE75, 0xEE54, 0xEE54, 0xEE54, 0xEE54, 0xEE75, 0xE5F2, 0xCCAD,
    0xB388, 0xEDF0, 0xEE72, 0xE610, 0xCCCB, 0xD4CB, 0xD4AA, 0xDC8A, 0xDCA9, 0xDCAA, 0xDCCA, 0xDCCB, 0xDCCB, 0xDCAA, 0xD469, 0xCC6A,
    0xC46B, 0xC48C, 0xC4AD, 0xCCEE, 0xCD0F, 0x7A65, 0x61E3, 0x69E3, 0x61A2, 0x5940, 0x5100, 0x9B89, 0xDD90, 0xC4CC, 0xB3EA, 0x8A64,
    0x92A4, 0x9AE5, 0x9AE6, 0x9AE5, 0xA326, 0xAB26, 0xAB46, 0xAB47, 0xAB46, 0xAB26, 0xBBE9, 0xCC8B, 0xCC8C, 0xC42A, 0xAB47, 0xAB47,
    0xB367, 0xAB47, 0xAB67, 0xB367, 0xB367, 0xAB67, 0xB387, 0xB3A8, 0xB3A8, 0xB387, 0xB387, 0xBBC9, 0xBC09, 0xBBE9, 0xAB67, 0xA346,
    0x9B05, 0x92C5, 0x8AC5, 0x8AA4, 0x8AC5, 0x8AE5, 0x92E5, 0x92E5, 0x8AA5, 0x8AC5, 0x92C5, 0x9306, 0xA367, 0xABA8, 0xBBE9, 0xBC29,
    0xFE50, 0xFE91, 0xFE91, 0xFE30, 0xFE30, 0xFE91, 0xFEB1, 0xFE71, 0xFE30, 0xFE50, 0xFEB1, 0xFEF3, 0xFF76, 0xFF97, 0xFFB7, 0xFF97,
    0xFF97, 0xFF97, 0xFF97, 0xFF97, 0xFF96, 0xFFB6, 0xFF96, 0xFFB7, 0xFFB7, 0xFFB7, 0xFFB6, 0xFFB6, 0xFFD7, 0xFFD8, 0xFFF9, 0xFFF9,
    0xFFF9, 0xFFF9, 0xFFF8, 0xFFF8, 0xFFF8, 0xFFF8, 0xFFF8, 0xFFF9, 0xFFF9, 0xFFF9, 0xFFD9, 0xFFFB, 0xF715, 0xE52D, 0xEE75, 0xE5F4,
    0xDDF3, 0xDDD3, 0xDDB3, 0xDDD3, 0xDDD2, 0xBC2C, 0xB3EA, 0xEE11, 0xE58E, 0xE58E, 0xDD6E, 0xDD6D, 0xE56E, 0xE56E, 0xDD6D, 0xDD4E,
    0xE5F0, 0xF715, 0xF6F5, 0xD56E, 0xD50D, 0xD50D, 0xD4CC, 0xD4CC, 0xD4AC, 0xD4ED, 0xD4ED, 0xD50E, 0xD52E, 0xDD2E, 0xDD4F, 0xDD6F,
    0xD54E, 0xE612, 0xEEB4, 0xF6D5, 0xE654, 0xEE94, 0xF6D6, 0xFF37, 0xFF99, 0xFF78, 0xFF58, 0xFF37, 0xF717, 0xEE95, 0xE613, 0xE613,
    0xEE75, 0xEE75, 0xEE95, 0xEE96, 0xEE96, 0xEE75, 0xEE75, 0xEE75, 0xE5F3, 0xA308, 0xA2A7, 0xA2A7, 0xA266, 0xAB09, 0xE551, 0xE4F0,
    0xE4F0, 0xE572, 0xE5B4, 0xE5B4, 0xE5B3, 0xE614, 0xEE55, 0xEE55, 0xEE55, 0xEE55, 0xEE55, 0xEE35, 0xEE35, 0xEE35, 0xEE35, 0xE634,
    0xEE35, 0xEE54, 0xEE54, 0xEE55, 0xEE54, 0xEE54, 0xE613, 0xE613, 0xE613, 0xE5F2, 0xE633, 0xEE54, 0xE5F3, 0xE5F2, 0xE613, 0xF6D6,
    0xF6F7, 0xEE74, 0xEE54, 0xEE54, 0xEE54, 0xEE54, 0xEE75, 0xF718, 0xF717, 0xF6D6, 0xEE75, 0xEE34, 0xEE54, 0xE613, 0xC48D, 0xB369,
    0xC3E8, 0xD448, 0xCC28, 0xDD0C, 0xEDEF, 0xFED2, 0xEE71, 0xE58E, 0xDCEB, 0xDCEB, 0xDCAA, 0xDCAA, 0xDCCA, 0xDCCA, 0xD48A, 0xD46A,
    0xAB68, 0x9AC6, 0x8285, 0x7224, 0x7224, 0xAC0B, 0xBCCE, 0xB48E, 0xAC2C, 0x82A6, 0x7A65, 0x7203, 0x7A23, 0xA388, 0xC4CD, 0xC4AC,
    0xAB88, 0x92A4, 0x9AC5, 0x9AE5, 0xA306, 0xAB26, 0xAB26, 0xAB47, 0xB347, 0xB387, 0xAB47, 0xA326, 0xBBE9, 0xCC8B, 0xCC8B, 0xBC09,
    0xAB26, 0xAB26, 0xAB47, 0xAB47, 0xAB46, 0xAB26, 0xB367, 0xB3A8, 0xB3A8, 0xBBC8, 0xBBA8, 0xB387, 0xAB67, 0xB388, 0xAB47, 0xA326,
    0xA306, 0x9B06, 0x9B26, 0x9B06, 0x92E5, 0x8AC5, 0x8AC5, 0x8AC5, 0x8AC5, 0x8AC5, 0x8AA5, 0x8AA5, 0x92C5, 0x9B06, 0xBC09, 0xC429,
    0xFE10, 0xFE0F, 0xFE30, 0xFE50, 0xFE30, 0xFE50, 0xFE91, 0xFE91, 0xFE50, 0xFE30, 0xFED2, 0xFF75, 0xFF75, 0xFF76, 0xFFB7, 0xFFB7,
    0xFFB7, 0xFF97, 0xFFB7, 0xFFB7, 0xFFB7, 0xFFB7, 0xFFB7, 0xFFB7, 0xFF97, 0xFFB7, 0xFFB7, 0xFFB7, 0xFFB7, 0xFFD8, 0xFFD8, 0xFFF8,
    0xFFF8, 0xFFD8, 0xFFD7, 0xFFF7, 0xFFF7, 0xFFF8, 0xFFF8, 0xFFF8, 0xFFF8, 0xFFF9, 0xFFF9, 0xFFFB, 0xF6F5, 0xE54D, 0xEE75, 0xE5F3,
    0xDDD3, 0xDDD3, 0xDDB3, 0xDDB3, 0xDDD2, 0xBC4C, 0xABCA, 0xEE31, 0xDD8E, 0xE56E, 0xE58E, 0xE56E, 0xE56E, 0xE5AF, 0xE5F0, 0xF6F5,
    0xEED4, 0xDD8F, 0xDD6E, 0xD52D, 0xD4CB, 0xCCAB, 0xD4EC, 0xD4EC, 0xD4EC, 0xD4ED, 0xD4ED, 0xD50E, 0xD52E, 0xD52E, 0xD52F, 0xDD70,
    0xEED5, 0xEED5, 0xE633, 0xE5F2, 0xE5F2, 0xEEB5, 0xFF78, 0xFF99, 0xFF59, 0xF6F6, 0xF6D6, 0xF6B5, 0xEE95, 0xE633, 0xE5F3, 0xEE55,
    0xEE95, 0xEE95, 0xF696, 0xF696, 0xEE96, 0xEE75, 0xEE75, 0xEE75, 0xEE75, 0xE634, 0xE614, 0xDDD3, 0xDD72, 0xDD51, 0xDD72, 0xE572,
    0xE5B3, 0xEE14, 0xE5F4, 0xE5F4, 0xEE14, 0xEE34, 0xEE55, 0xEE55, 0xEE55, 0xEE55, 0xEE55, 0xEE55, 0xEE55, 0xEE35, 0xEE35, 0xEE35,
    0xEE55, 0xEE55, 0xEE54, 0xEE54, 0xE633, 0xEE54, 0xE633, 0xE613, 0xE613, 0xE613, 0xE5F2, 0xEE75, 0xEE54, 0xDDF3, 0xE5D2, 0xE613,
    0xF6D6, 0xF717, 0xF6B6, 0xEE55, 0xEE75, 0xEE55, 0xEE55, 0xEE35, 0xEE55, 0xF717, 0xF758, 0xEEB6, 0xE5D2, 0xCC6C, 0xBBA8, 0xBB88,
    0xCC29, 0xD469, 0xD449, 0xCC28, 0xD4A9, 0xDD0B, 0xDD0C, 0xEE92, 0xF735, 0xF6D3, 0xE5AE, 0xE54C, 0xDCAA, 0xDCA9, 0xD469, 0xD46A,
    0xC409, 0xB368, 0x8285, 0x6A03, 0x69E3, 0x6A03, 0x6A03, 0x6A03, 0x6A03, 0xB42B, 0xBC6C, 0xB44C, 0xBC4B, 0xABC9, 0xB44B, 0xD56F,
    0xDD90, 0xC46B, 0xA347, 0xA306, 0xA2E5, 0xA306, 0xAB06, 0xAB26, 0xB367, 0xB387, 0xAB47, 0xAB27, 0xA306, 0xA306, 0xBC09, 0xC44A,
    0xC42A, 0xAB67, 0xAB26, 0xAB47, 0xAB26, 0xA306, 0xAB67, 0xB3A8, 0xBBE8, 0xC409, 0xC409, 0xBBE9, 0xB3A8, 0xB3A8, 0xAB47, 0xA306,
    0x9AE5, 0x92E5, 0x9B06, 0x9B06, 0x9306, 0x8AA5, 0x82A4, 0x8284, 0x8284, 0x8AC5, 0x92E6, 0x92C5, 0x8AC5, 0x92E5, 0xB409, 0xC44A,
    0xF5CF, 0xF5AE, 0xF5CF, 0xFE30, 0xFE30, 0xFE10, 0xFE30, 0xFE51, 0xFE71, 0xFE50, 0xFE71, 0xFEB2, 0xFF13, 0xFF55, 0xFF97, 0xFF97,
    0xFFB7, 0xFFB7, 0xFFB7, 0xFFB8, 0xFFB7, 0xFFB8, 0xFFB7, 0xFFB7, 0xFFB7, 0xFFD7, 0xFFD8, 0xFFB7, 0xFFB7, 0xFFB8, 0xFFD8, 0xFFB7,
    0xFFB7, 0xFFD7, 0xFFD7, 0xFFD7, 0xFFD7, 0xFFF8, 0xFFF8, 0xFFF8, 0xFFF8, 0xFFF9, 0xFFF9, 0xFFFA, 0xF6D4, 0xE56D, 0xFED6, 0xEE74,
    0xEEB5, 0xE613, 0xE5D3, 0xDDB3, 0xDDD3, 0xC48D, 0xABC9, 0xEE31, 0xDD8E, 0xE58E, 0xE58E, 0xE5AF, 0xE5D0, 0xF6F5, 0xF716, 0xE5D0,
    0xDD4E, 0xDD4D, 0xDD4D, 0xDD4D, 0xD4EC, 0xD50C, 0xD52D, 0xD50D, 0xD52E, 0xD50E, 0xD50E, 0xD50E, 0xD52E, 0xD52E, 0xE612, 0xEE94,
    0xE633, 0xDDD1, 0xDDB1, 0xE5D1, 0xEEB6, 0xFFBA, 0xFF58, 0xF717, 0xF6D6, 0xF6B6, 0xF6D6, 0xF695, 0xEE34, 0xEE95, 0xF6F6, 0xEEB5,
    0xEE95, 0xEE95, 0xEE75, 0xEE75, 0xEE75, 0xEE75, 0xEE75, 0xEE55, 0xEE54, 0xE614, 0xDDF3, 0xDDB3, 0xDD92, 0xDD92, 0xE5D3, 0xE614,
    0xE5F4, 0xE614, 0xE614, 0xE614, 0xEE34, 0xEE34, 0xEE35, 0xEE55, 0xEE55, 0xEE55, 0xEE55, 0xEE55, 0xEE55, 0xEE35, 0xEE35, 0xEE55,
    0xEE55, 0xEE55, 0xEE54, 0xE633, 0xE633, 0xE633, 0xEE34, 0xE613, 0xE613, 0xE613, 0xE613, 0xDDF2, 0xEE75, 0xEE75, 0xE613, 0xE633,
    0xEE75, 0xF6B6, 0xF6F7, 0xEEB6, 0xEE55, 0xEE55, 0xEE75, 0xEE55, 0xEE54, 0xE634, 0xEE54, 0xEE74, 0xDE33, 0xC48C, 0xD429, 0xD469,
    0xD469, 0xD449, 0xD469, 0xD489, 0xDCCA, 0xDCCA, 0xDCCA, 0xDCEB, 0xDD2B, 0xEDEF, 0xF6D3, 0xEE71, 0xEDEF, 0xE54D, 0xD48A, 0xCC08,
    0xBBC8, 0xB388, 0x92E6, 0x7203, 0x69E2, 0x61C2, 0x61A2, 0x61A2, 0x61A1, 0x61A2, 0x61A2, 0x61A2, 0x7A43, 0x8AA4, 0x92A5, 0x8243,
    0xA368, 0xDD6F, 0xE5D0, 0xDD6F, 0xCC8C, 0xCC6B, 0xCC6B, 0xCC6B, 0xCC8B, 0xCC6B, 0xC44A, 0xC42A, 0xC42A, 0xC40A, 0xB3A8, 0xB367,
    0xD4ED, 0xD4AC, 0xC44A, 0xBBE9, 0xBBE9, 0xBBE9, 0xBBC9, 0xBBC8, 0xB3A8, 0xB3A8, 0xBBC8, 0xB387, 0xAB67, 0xB388, 0xAB47, 0x9AC5,
    0x8A84, 0x8284, 0x8AA4, 0x8AA4, 0x8AA4, 0x8AA4, 0x8AA5, 0x8284, 0x8284, 0x8AA5, 0x9306, 0x9B27, 0x9B06, 0x92C5, 0x9306, 0xBBE9,
    0xFE0F, 0xFE10, 0xFE10, 0xFE10, 0xFE30, 0xFE30, 0xFE10, 0xF5EF, 0xFE51, 0xFE50, 0xFE50, 0xFE50, 0xFED2, 0xFF75, 0xFF96, 0xFF97,
    0xFFB7, 0xFF97, 0xFF97, 0xFFB7, 0xFFB8, 0xFFB7, 0xFF97, 0xFF97, 0xFFB7, 0xFFD8, 0xFFB8, 0xFFB7, 0xFF96, 0xFF97, 0xFFD9, 0xFFF8,
    0xFFB7, 0xFFD7, 0xFFD7, 0xFFD7, 0xFFD7, 0xFFD7, 0xFFF8, 0xFFF8, 0xFFF8, 0xFFF9, 0xFFF9, 0xFFFA, 0xEEF5, 0xDCCA, 0xEDAF, 0xF716,
    0xFFD9, 0xEE33, 0xE5D3, 0xDDB2, 0xDDD3, 0xCD10, 0xCD2E, 0xEDF1, 0xDD6E, 0xE56E, 0xE651, 0xF757, 0xF757, 0xE5F1, 0xDD90, 0xDD6F,
    0xDD4D, 0xDD4D, 0xDD4E, 0xDD4E, 0xD52E, 0xD54E, 0xD54E, 0xD54E, 0xD54E, 0xD52E, 0xD50E, 0xD50D, 0xD58F, 0xEE94, 0xE5F2, 0xDD90,
    0xDD70, 0xDD90, 0xDDB1, 0xEED6, 0xF779, 0xEE95, 0xEE34, 0xEE33, 0xEE75, 0xF6D6, 0xF695, 0xEE34, 0xF695, 0xFEF7, 0xF6B6, 0xEE96,
    0xF696, 0xEE75, 0xEE54, 0xE654, 0xEE75, 0xEE75, 0xEE75, 0xEE34, 0xE614, 0xE613, 0xE5F3, 0xE5F3, 0xE5F3, 0xE614, 0xE614, 0xE614,
    0xE614, 0xEE35, 0xE614, 0xE614, 0xE634, 0xEE55, 0xEE55, 0xEE55, 0xEE55, 0xEE55, 0xEE55, 0xEE55, 0xEE55, 0xEE55, 0xEE55, 0xEE55,
    0xEE55, 0xE634, 0xE633, 0xE633, 0xE633, 0xE633, 0xE634, 0xE634, 0xE613, 0xE613, 0xE613, 0xE613, 0xDDD2, 0xEE95, 0xF6B6, 0xEE54,
    0xF675, 0xF695, 0xEE75, 0xF6D7, 0xF6D6, 0xEE55, 0xEE75, 0xEE55, 0xEE34, 0xE5F3, 0xDD90, 0xBBC9, 0xC4CD, 0xEEB4, 0xE5F0, 0xD4CA,
    0xD428, 0xD469, 0xDCAA, 0xDCCA, 0xDCCA, 0xDCEA, 0xE50B, 0xE50B, 0xE50B, 0xE52C, 0xE50B, 0xE54C, 0xF6B3, 0xF692, 0xEE10, 0xCC6B,
    0xBBC8, 0xA306, 0x9B07, 0x7223, 0x61E2, 0x69C2, 0x61C2, 0x61A2, 0x61A2, 0x61A2, 0x61A2, 0x61A2, 0x7A23, 0x8A64, 0x8A84, 0x9284,
    0x92A4, 0x9AC5, 0xAB47, 0xD4AC, 0xD50D, 0xB3E9, 0xB3C8, 0xBBC8, 0xBBC8, 0xBBC8, 0xBBE9, 0xBC09, 0xBC0A, 0xBC09, 0xBBE9, 0xB387,
    0xAB06, 0xB367, 0xCC4B, 0xC44B, 0xB3A8, 0xAB67, 0xB3A8, 0xB3A8, 0xAB67, 0xAB47, 0xAB26, 0xAB27, 0xAB47, 0xB367, 0xAB47, 0xAB27,
    0x92C5, 0x8284, 0x8264, 0x8264, 0x8263, 0x8284, 0x8284, 0x8AA5, 0x8AA5, 0x8AA5, 0x9306, 0x9306, 0x9306, 0x92E6, 0x92C6, 0xB3C8,
    0xFE30, 0xFE30, 0xFE30, 0xFE10, 0xFDEF, 0xFE10, 0xFE30, 0xFE30, 0xFE71, 0xFE71, 0xFE71, 0xFE91, 0xFF13, 0xFF34, 0xFF76, 0xFF97,
    0xFF97, 0xFF97, 0xFFB7, 0xFFB8, 0xFFD8, 0xFFB8, 0xFF77, 0xFF77, 0xFFB7, 0xFFD8, 0xFFD8, 0xFFD8, 0xFFD7, 0xFFD8, 0xFFD8, 0xFFB8,
    0xFFB7, 0xFFD7, 0xFFD7, 0xFFD7, 0xFFF7, 0xFFF7, 0xFFD8, 0xFFD8, 0xFFD8, 0xFFF8, 0xFFF9, 0xFFF9, 0xFFD9, 0xEEB3, 0xE673, 0xFFB9,
    0xEE73, 0xEE53, 0xE633, 0xDDD3, 0xDDD3, 0xD592, 0xD551, 0xB3CA, 0xE611, 0xFF77, 0xF716, 0xE5F1, 0xE5F1, 0xE5D0, 0xE5B1, 0xDD8F,
    0xDD6E, 0xDD6E, 0xDD6F, 0xD56F, 0xDD6F, 0xD54F, 0xD54F, 0xD54F, 0xD54F, 0xD52E, 0xCD2E, 0xE633, 0xEE94, 0xDD90, 0xD550, 0xD54F,
    0xDD70, 0xE5F2, 0xF737, 0xEED6, 0xDDD2, 0xE5B1, 0xE5B2, 0xE613, 0xF6B5, 0xF6D6, 0xEE13, 0xF6B5, 0xFF57, 0xF6D6, 0xEE95, 0xEE96,
    0xEE76, 0xEE75, 0xEE75, 0xEE75, 0xEE55, 0xEE34, 0xEE55, 0xE614, 0xE5F3, 0xE613, 0xE5F3, 0xDDF3, 0xE614, 0xE634, 0xE634, 0xEE55,
    0xEE55, 0xEE55, 0xEE55, 0xEE55, 0xE654, 0xEE55, 0xEE55, 0xEE55, 0xEE55, 0xEE55, 0xEE55, 0xEE55, 0xEE55, 0xEE55, 0xEE55, 0xEE55,
    0xE634, 0xE633, 0xE613, 0xE633, 0xE633, 0xE633, 0xE634, 0xEE34, 0xE613, 0xE5F3, 0xE5F3, 0xE5F3, 0xE5F3, 0xE614, 0xF6D6, 0xEE95,
    0xEE75, 0xF695, 0xEE75, 0xEE75, 0xF6F7, 0xF6F7, 0xEE34, 0xEE55, 0xEE34, 0xE5B1, 0xC4AC, 0xC449, 0xD4AA, 0xD4AB, 0xE611, 0xEE93,
    0xE611, 0xDCAB, 0xD448, 0xDCEA, 0xE4EB, 0xE4EA, 0xE50B, 0xE52C, 0xED4C, 0xED4C, 0xED4C, 0xED2C, 0xDCEB, 0xDCEB, 0xE5EF, 0xF672,
    0xE610, 0xABA9, 0x8AA5, 0x61A1, 0x69E3, 0x69C2, 0x61A2, 0x61A2, 0x61A2, 0x61A2, 0x61A2, 0x61A2, 0x71C2, 0x8A64, 0x9284, 0x8A84,
    0x9AC5, 0xA326, 0xA306, 0xAB47, 0xC42A, 0xDCED, 0xC42A, 0xAB67, 0xAB27, 0xAB47, 0xAB47, 0xB3A8, 0xB3A8, 0xB3A8, 0xB388, 0xAB47,
    0xA305, 0xAB05, 0xAB06, 0xBBC9, 0xC42A, 0xBC09, 0xBBC8, 0xBBC8, 0xBBC8, 0xBBC8, 0xB367, 0xAB47, 0xAB67, 0xAB67, 0xAB47, 0xA326,
    0x9AE6, 0x8AC5, 0x8A84, 0x8AA4, 0x8284, 0x8264, 0x8284, 0x8AA5, 0x8AA5, 0x8AC5, 0x8AC5, 0x92E6, 0x92E6, 0x92E6, 0x9B27, 0xAB88,
    0xFE10, 0xFE30, 0xFE71, 0xFE30, 0xFE0F, 0xFE30, 0xFE50, 0xFE30, 0xFE10, 0xFE30, 0xFE70, 0xFEB1, 0xFEF3, 0xFEF3, 0xFF55, 0xFFB7,
    0xFFB7, 0xFFB8, 0xFFB8, 0xFF97, 0xFF97, 0xFF97, 0xFF97, 0xFFB8, 0xFFF9, 0xFFD8, 0xFFB8, 0xFFD8, 0xFFD8, 0xFFD8, 0xFFD7, 0xFFD7,
    0xFFD7, 0xFFB7, 0xFFB7, 0xFFD7, 0xFFD8, 0xFFD7, 0xFFD7, 0xFFD7, 0xFFF8, 0xFFF8, 0xFFF8, 0xFFF8, 0xFFFA, 0xFFFB, 0xFFFC, 0xF757,
    0xDCAC, 0xEE31, 0xEE73, 0xE614, 0xDDD3, 0xD572, 0xDD71, 0xD590, 0xF6F4, 0xEE73, 0xE5F1, 0xE5D1, 0xE5D1, 0xE5D1, 0xDDD1, 0xDDB0,
    0xDDB0, 0xE5B1, 0xDD6F, 0xD54E, 0xD54E, 0xD54E, 0xD54E, 0xD52E, 0xD52F, 0xD56F, 0xE653, 0xE612, 0xD54F, 0xD52F, 0xCD0E, 0xDD70,
    0xE653, 0xF717, 0xE634, 0xD550, 0xDD91, 0xDDB1, 0xDDB1, 0xEEB5, 0xF6D6, 0xE5D2, 0xEE75, 0xFF17, 0xF6B6, 0xEE75, 0xEE95, 0xEE54,
    0xF696, 0xEE75, 0xEE55, 0xEE75, 0xE614, 0xDDF3, 0xE613, 0xE614, 0xE613, 0xE614, 0xE614, 0xE614, 0xE634, 0xE634, 0xE635, 0xEE55,
    0xEE55, 0xEE55, 0xEE55, 0xEE55, 0xEE55, 0xEE55, 0xEE55, 0xEE55, 0xEE55, 0xEE55, 0xEE55, 0xEE55, 0xEE55, 0xEE54, 0xEE54, 0xEE54,
    0xE633, 0xE613, 0xE613, 0xE613, 0xE633, 0xE633, 0xE633, 0xEE54, 0xE613, 0xE5F3, 0xE5F3, 0xE5F3, 0xEE55, 0xEE55, 0xEE75, 0xF6D7,
    0xF695, 0xEE55, 0xEE75, 0xEE75, 0xEE34, 0xF6D6, 0xEEB6, 0xDD91, 0xD50F, 0xBC0A, 0xCC6B, 0xD48B, 0xD4AB, 0xD4AB, 0xD48A, 0xDD4E,
    0xF6F5, 0xEE72, 0xE5CF, 0xDCA9, 0xE4C9, 0xE52B, 0xE54B, 0xE54C, 0xED4C, 0xE54C, 0xE54C, 0xED2C, 0xE54C, 0xE50B, 0xD4AA, 0xCC8A,
    0xCCAC, 0xCD2F, 0xE612, 0xB44C, 0x61A2, 0x61A1, 0x61A2, 0x61A2, 0x61A2, 0x61A2, 0x61A2, 0x69A2, 0x69C2, 0x7A03, 0x8243, 0x8A64,
    0x92A4, 0xA306, 0xA326, 0xAB47, 0xB387, 0xBBE9, 0xDCED, 0xD4CC, 0xB3C8, 0xAB26, 0xAB67, 0xB3C9, 0xB3C9, 0xB3C8, 0xB3C8, 0xB3A8,
    0xAB46, 0xA306, 0xAB06, 0xAB46, 0xB3A8, 0xBBE9, 0xC44A, 0xC429, 0xC42A, 0xC409, 0xBC09, 0xC409, 0xBBC8, 0xB367, 0xAB47, 0x9AE5,
    0x92E5, 0x8AC5, 0x8AA5, 0x8284, 0x8284, 0x8284, 0x8264, 0x8284, 0x8284, 0x8284, 0x8AA5, 0x8AC5, 0x8AC5, 0x92E6, 0xABA8, 0xB3E9,
    0xFDEF, 0xFDEF, 0xFE30, 0xFE30, 0xFE30, 0xFE30, 0xFE30, 0xFE50, 0xFE50, 0xFE30, 0xFE91, 0xFEB1, 0xFED3, 0xFEF4, 0xFF56, 0xFFB7,
    0xFFD8, 0xFFB8, 0xFFB8, 0xFF77, 0xFF77, 0xFF97, 0xFF97, 0xFFB8, 0xFFB8, 0xFFD8, 0xFFB8, 0xFFD8, 0xFFD8, 0xFFD8, 0xFFF8, 0xFFD8,
    0xFFD7, 0xFFD7, 0xFFD8, 0xFFD7, 0xFFD8, 0xFFF8, 0xFFF8, 0xFFF8, 0xFFF9, 0xFFF8, 0xFFD7, 0xFFF7, 0xFFF8, 0xFFF9, 0xFFFA, 0xFFB8,
    0xEED4, 0xEE52, 0xE56F, 0xE614, 0xE5F3, 0xE634, 0xEEB5, 0xDDD2, 0xC4AE, 0xDD4E, 0xE5D0, 0xE5D1, 0xE5D1, 0xE5D1, 0xDDD1, 0xDDB1,
    0xDDB1, 0xE5B1, 0xDD6F, 0xD54F, 0xD54F, 0xD54F, 0xD54F, 0xD590, 0xE611, 0xEEB4, 0xD590, 0xCCEE, 0xCD0E, 0xCD0F, 0xD591, 0xEED6,
    0xEED7, 0xD550, 0xD54F, 0xD570, 0xDD90, 0xDD90, 0xEE94, 0xEE95, 0xDDD2, 0xE633, 0xF737, 0xF6D6, 0xF675, 0xF695, 0xEE74, 0xEE75,
    0xEE96, 0xE634, 0xEE75, 0xEE55, 0xE5F3, 0xE613, 0xE614, 0xE634, 0xE614, 0xE614, 0xE614, 0xE634, 0xE634, 0xE634, 0xE655, 0xEE55,
    0xEE55, 0xEE55, 0xEE55, 0xEE55, 0xEE55, 0xEE55, 0xEE75, 0xEE75, 0xEE55, 0xEE55, 0xEE55, 0xEE55, 0xEE54, 0xEE54, 0xE634, 0xE613,
    0xE613, 0xE613, 0xE613, 0xE633, 0xE613, 0xE613, 0xE613, 0xEE54, 0xE614, 0xDDF3, 0xEE34, 0xEE55, 0xEE55, 0xEE55, 0xEE55, 0xEE75,
    0xF6D6, 0xEE55, 0xEE54, 0xEE54, 0xEE54, 0xD570, 0xE612, 0xDDB1, 0xC44A, 0xCC6B, 0xD4AB, 0xD4AB, 0xD4AB, 0xD4AB, 0xDD0C, 0xDD2C,
    0xDD0C, 0xEE51, 0xEED4, 0xEE30, 0xE56C, 0xE50B, 0xED4C, 0xED4C, 0xED4C, 0xED4C, 0xED4C, 0xED4C, 0xE52C, 0xE50B, 0xDCEA, 0xD4AA,
    0xAB46, 0x9284, 0xA389, 0xB46C, 0xCD0F, 0xAC2B, 0x6181, 0x5961, 0x6181, 0x61A2, 0x61A2, 0x69C2, 0x71E2, 0x7A02, 0x7A02, 0x7A02,
    0x8A43, 0x9AE6, 0x9AE5, 0xA326, 0xB367, 0xB388, 0xB367, 0xC42A, 0xD4CC, 0xBC09, 0xAB67, 0xAB67, 0xB3A8, 0xB3A8, 0xB3A8, 0xB388,
    0xB367, 0xA306, 0xAB26, 0xB367, 0xB367, 0xAB67, 0xB3C8, 0xC429, 0xCC4A, 0xCC6A, 0xC42A, 0xBBA8, 0xBBC8, 0xB388, 0xAB67, 0xA306,
    0x92E5, 0x8AC5, 0x8AC5, 0x8284, 0x8284, 0x8284, 0x8284, 0x8284, 0x8284, 0x8285, 0x8AA5, 0x8AC5, 0x8AC5, 0x92C5, 0xABA8, 0xBC2A,
    0xFE0F, 0xFDEF, 0xFE0F, 0xFE30, 0xFE50, 0xFE50, 0xFE70, 0xFED2, 0xFF34, 0xFE70, 0xFE91, 0xFEB1, 0xFF13, 0xFF76, 0xFFB7, 0xFFD8,
    0xFFB8, 0xFFB8, 0xFFB8, 0xFF97, 0xFF97, 0xFF97, 0xFF97, 0xFF97, 0xFFB8, 0xFFD8, 0xFFD9, 0xFFF9, 0xFFF8, 0xFFD8, 0xFFD8, 0xFFD8,
    0xFFD8, 0xFFD8, 0xFFD8, 0xFFD8, 0xFFF8, 0xFFF9, 0xFFF9, 0xFFF9, 0xFFF9, 0xFFF8, 0xFFF8, 0xFFF8, 0xFFF8, 0xFFF9, 0xFFF9, 0xFFF9,
    0xFFFB, 0xF736, 0xE50C, 0xEEB6, 0xEED6, 0xEED6, 0xDDD3, 0xCD51, 0xCCAE, 0xD54F, 0xE611, 0xE5D1, 0xE5D1, 0xE5D1, 0xDDD1, 0xDDB0,
    0xDDB1, 0xDDB1, 0xDD91, 0xDD90, 0xDD70, 0xDD90, 0xDDB1, 0xF6B4, 0xE5F2, 0xD54F, 0xD52F, 0xD50E, 0xCD0E, 0xE5F2, 0xF737, 0xE674,
    0xD550, 0xD570, 0xD570, 0xDD70, 0xDD70, 0xEEB5, 0xEE95, 0xDDB2, 0xE5F3, 0xF717, 0xE674, 0xE613, 0xEE74, 0xF695, 0xE634, 0xF6B6,
    0xE654, 0xE614, 0xF696, 0xE634, 0xE5F3, 0xE613, 0xE613, 0xE634, 0xE614, 0xE614, 0xE634, 0xE634, 0xE634, 0xEE55, 0xEE55, 0xEE55,
    0xEE55, 0xEE55, 0xEE55, 0xEE55, 0xEE55, 0xEE55, 0xEE55, 0xEE75, 0xEE74, 0xEE74, 0xEE74, 0xEE54, 0xE633, 0xE633, 0xE633, 0xE613,
    0xE613, 0xE613, 0xE613, 0xE613, 0xE633, 0xE613, 0xDDD3, 0xE614, 0xE614, 0xE614, 0xEE55, 0xEE75, 0xEE55, 0xEE55, 0xEE55, 0xEE35,
    0xF6B6, 0xF6D6, 0xEE54, 0xEE54, 0xEE54, 0xDDB0, 0xBC09, 0xD54E, 0xDDD0, 0xCCAB, 0xCCAB, 0xD4AB, 0xD4CB, 0xE52C, 0xE56D, 0xE56D,
    0xE54D, 0xE52C, 0xDD2C, 0xEEB2, 0xF775, 0xF671, 0xED8D, 0xE52B, 0xE56C, 0xED6D, 0xED6C, 0xE54C, 0xE50B, 0xCC49, 0xC3C8, 0xC3C8,
    0xB367, 0x9AE5, 0x71E3, 0x69C2, 0x82A6, 0x82A6, 0xBCAE, 0xBCCE, 0x7224, 0x6181, 0x61A2, 0x69A2, 0x71C2, 0x7A23, 0x8223, 0x8223,
    0x8243, 0x8A64, 0xA306, 0xAB26, 0xAB26, 0xAB46, 0xAB47, 0xAB47, 0xAB87, 0xDD2D, 0xCCAB, 0xB388, 0xB387, 0xB3A8, 0xBBA8, 0xBBA8,
    0xB367, 0xA305, 0xA2E5, 0xAB26, 0xAB67, 0xB367, 0xAB67, 0xB3A8, 0xC42A, 0xCC4A, 0xCC4A, 0xC409, 0xB367, 0xB367, 0xAB67, 0xAB47,
    0x9AE6, 0x8AC5, 0x92C5, 0x8AC5, 0x82A4, 0x8263, 0x8285, 0x8AC5, 0x8A85, 0x8A85, 0x8AA5, 0x8AA5, 0x8AC5, 0x8AA5, 0x9B06, 0xAB67,
    0xF60F, 0xFE2F, 0xFE70, 0xFE50, 0xFE70, 0xFEB1, 0xFF33, 0xFFB8, 0xFFB8, 0xFF33, 0xFEF2, 0xFE91, 0xFED2, 0xFF55, 0xFFD8, 0xFFD8,
    0xFFD8, 0xFFB8, 0xFFD8, 0xFFD8, 0xFFD8, 0xFFB7, 0xFF97, 0xFF97, 0xFFD8, 0xFFF9, 0xFFF9, 0xFFF9, 0xFFD8, 0xFFD8, 0xFFD8, 0xFFF8,
    0xFFF9, 0xFFD8, 0xFFD8, 0xFFF8, 0xFFF9, 0xFFF9, 0xFFF9, 0xFFF8, 0xFFF8, 0xFFF9, 0xFFF9, 0xFFF9, 0xFFF9, 0xFFF9, 0xFFF9, 0xFFF8,
    0xFFF9, 0xF777, 0xEE52, 0xF757, 0xEEB5, 0xDDF4, 0xE5F4, 0xE5F4, 0xCD10, 0xCD0F, 0xDD90, 0xDDB0, 0xE612, 0xE5F2, 0xDDD1, 0xDDB0,
    0xDDB1, 0xDDD1, 0xDDB1, 0xDDB0, 0xDDD1, 0xE633, 0xEEB4, 0xDDB1, 0xDD70, 0xDD4F, 0xD50E, 0xD52F, 0xE653, 0xF716, 0xDDF2, 0xD570,
    0xDD70, 0xD570, 0xDD70, 0xD56F, 0xEED5, 0xEEB5, 0xDDB2, 0xDDB1, 0xEE95, 0xEED5, 0xDDD2, 0xE5F2, 0xF6B5, 0xEE34, 0xEE74, 0xEE95,
    0xD5B2, 0xEE75, 0xEE95, 0xDDD2, 0xE613, 0xE5F3, 0xE613, 0xE614, 0xE614, 0xE634, 0xE634, 0xE634, 0xE634, 0xE635, 0xEE55, 0xEE55,
    0xEE55, 0xEE55, 0xEE55, 0xEE55, 0xEE55, 0xEE54, 0xEE55, 0xEE54, 0xE634, 0xEE54, 0xE634, 0xE634, 0xE633, 0xE613, 0xE613, 0xE613,
    0xE613, 0xE613, 0xE613, 0xE613, 0xE613, 0xDDD3, 0xD592, 0xE614, 0xEE55, 0xEE76, 0xEE75, 0xEE75, 0xEE75, 0xEE55, 0xEE55, 0xEE55,
    0xEE75, 0xF6F7, 0xDDD2, 0xD4ED, 0xCCAC, 0xC46B, 0xC46A, 0xCC6A, 0xE5F0, 0xE5F0, 0xD4EB, 0xDD0C, 0xDCEC, 0xDD4D, 0xE56D, 0xE54D,
    0xE54D, 0xE56D, 0xE56D, 0xE56D, 0xEE10, 0xFFD7, 0xF714, 0xE5AE, 0xE52B, 0xED4C, 0xE56C, 0xED4C, 0xE50B, 0xCC08, 0xC3A8, 0xBBA8,
    0xAB26, 0x9AC5, 0x8A64, 0x7203, 0x69A2, 0x69C2, 0x7A65, 0x7A85, 0xB42C, 0xC4AE, 0xAC0B, 0x71E3, 0x69A1, 0x79E2, 0x8243, 0x8223,
    0x8243, 0x8A63, 0x9AC5, 0xAB46, 0xAB67, 0xAB67, 0xAB46, 0xAB67, 0xAB67, 0xAB46, 0xCC4A, 0xDD0D, 0xBBE9, 0xB3A8, 0xBBA8, 0xBBE9,
    0xB388, 0xAB26, 0xA2E5, 0xA2E5, 0xA306, 0xAB67, 0xB367, 0xB367, 0xBBC8, 0xC409, 0xCC2A, 0xCC2A, 0xBBA8, 0xAB47, 0xAB67, 0xAB47,
    0x92E5, 0x8A84, 0x8284, 0x8AE5, 0x8AE5, 0x8264, 0x8285, 0x8AC5, 0x8AA5, 0x8AA5, 0x8AA5, 0x8AA5, 0x92C5, 0x92E6, 0x9B26, 0xA347,
    0xF60F, 0xFE2F, 0xFE70, 0xFE50, 0xFE70, 0xFE90, 0xFF55, 0xFFFD, 0xFFFC, 0xFFB6, 0xFF12, 0xFE91, 0xFE92, 0xFF55, 0xFF97, 0xFFB7,
    0xFFB7, 0xFFD8, 0xFFD8, 0xFFD8, 0xFFD8, 0xFFB7, 0xFFB8, 0xFFD8, 0xFFD9, 0xFFD9, 0xFFD9, 0xFFD8, 0xFFD8, 0xFFD8, 0xFFD8, 0xFFF9,
    0xFFF9, 0xFFF8, 0xFFD8, 0xFFF8, 0xFFF8, 0xFFF8, 0xFFF8, 0xFFF8, 0xFFD8, 0xFFF8, 0xFFFA, 0xFFF9, 0xFFF9, 0xFFF9, 0xFFF9, 0xFFF9,
    0xFFF8, 0xFFFA, 0xF799, 0xD50D, 0xEE73, 0xE615, 0xE5F4, 0xDDF4, 0xDDB3, 0xD531, 0xC48E, 0xCCEF, 0xDD90, 0xDDB0, 0xE5F2, 0xE5D1,
    0xDDB1, 0xDDB1, 0xDDD1, 0xE633, 0xF716, 0xE632, 0xDD90, 0xDD90, 0xDD70, 0xDD50, 0xDD91, 0xEEB4, 0xEEF6, 0xD591, 0xD590, 0xDD90,
    0xDD90, 0xD570, 0xDD70, 0xEEB4, 0xE695, 0xDDB2, 0xD591, 0xEED5, 0xF6F6, 0xDDF2, 0xDDD1, 0xEE74, 0xEE74, 0xDDF2, 0xF6D6, 0xDE13,
    0xD5B2, 0xEE75, 0xF695, 0xDDD2, 0xE613, 0xE5F3, 0xDDF3, 0xE614, 0xE613, 0xE5F3, 0xDDF3, 0xDDF3, 0xE614, 0xE635, 0xE655, 0xEE55,
    0xEE55, 0xEE55, 0xEE55, 0xEE55, 0xEE55, 0xE634, 0xE633, 0xE634, 0xE634, 0xE634, 0xE634, 0xE633, 0xE633, 0xE613, 0xE613, 0xE613,
    0xE613, 0xDDF3, 0xDDD3, 0xDDD3, 0xDDD3, 0xDDB2, 0xDDD3, 0xE614, 0xEE76, 0xEE75, 0xEE75, 0xEE75, 0xEE75, 0xEE76, 0xEE56, 0xF696,
    0xE5F3, 0xC52F, 0xEE74, 0xCC6A, 0xCC4A, 0xBC09, 0xCCAB, 0xD4CB, 0xCCEC, 0xEE73, 0xE5D0, 0xDD0C, 0xE58E, 0xE56E, 0xE54D, 0xE54D,
    0xE56D, 0xE56D, 0xE56D, 0xE58D, 0xE56D, 0xE58E, 0xF735, 0xFFB8, 0xF6B3, 0xE58C, 0xED4C, 0xE54C, 0xE52B, 0xE4EB, 0xCC08, 0xBBA7,
    0xB367, 0x8A84, 0x7A23, 0x7A24, 0x69E3, 0x69C2, 0x6181, 0x6181, 0x7203, 0x7203, 0x7203, 0xBC2B, 0xBC4B, 0x8A85, 0x8264, 0x8A83,
    0x8A43, 0x8A64, 0x92A4, 0xAB67, 0xB3A8, 0xAB67, 0xAB46, 0xAB46, 0xAB67, 0xAB67, 0xB387, 0xBBC8, 0xE54E, 0xCC8B, 0xBBA8, 0xB367,
    0xB388, 0xB367, 0xB347, 0xB347, 0xAB26, 0xAB67, 0xB388, 0xB388, 0xB367, 0xB387, 0xC409, 0xC429, 0xC409, 0xAB47, 0xA306, 0xA306,
    0x9AE5, 0x8AA4, 0x8264, 0x8AA5, 0x8AC5, 0x8284, 0x8285, 0x8AA5, 0x8AA5, 0x8AA5, 0x8284, 0x8AA5, 0x9AE6, 0xA326, 0xA347, 0xAB87,
    0xF5EF, 0xF60F, 0xFE50, 0xFE30, 0xFE50, 0xFE91, 0xFF13, 0xFFDA, 0xFF98, 0xFEF1, 0xFED2, 0xFE71, 0xFEB2, 0xFF75, 0xFF76, 0xFF56,
    0xFF97, 0xFFD8, 0xFFD8, 0xFFB7, 0xFFB8, 0xFFB8, 0xFFB8, 0xFFD8, 0xFFD8, 0xFFD8, 0xFFD8, 0xFFD8, 0xFFB8, 0xFFB8, 0xFFD8, 0xFFD8,
    0xFFF9, 0xFFF8, 0xFFF8, 0xFFF8, 0xFFF8, 0xFFF8, 0xFFF8, 0xFFF9, 0xFFF8, 0xFFD8, 0xFFF9, 0xFFF8, 0xFFD7, 0xFFF8, 0xFFF9, 0xFFF8,
    0xFFF8, 0xFFF8, 0xFFB8, 0xE652, 0xD52E, 0xEE95, 0xE634, 0xDDD3, 0xE5F4, 0xDDB2, 0xCD10, 0xCCEF, 0xC4AE, 0xCCEE, 0xDDB1, 0xDD90,
    0xE612, 0xE653, 0xEED5, 0xF6F6, 0xDDF1, 0xDDB0, 0xDDD1, 0xDD90, 0xDDB1, 0xE613, 0xF736, 0xE694, 0xD590, 0xDD91, 0xDD91, 0xDD91,
    0xDD90, 0xDD90, 0xEE94, 0xEED5, 0xDDD2, 0xD570, 0xE654, 0xEEF5, 0xE613, 0xDDB1, 0xE633, 0xEE74, 0xDDD2, 0xE654, 0xEE95, 0xD5B2,
    0xDDF3, 0xEE54, 0xE634, 0xDDD2, 0xE613, 0xDDF3, 0xDDF3, 0xDDF3, 0xDDD3, 0xDDD3, 0xDDD3, 0xDDF3, 0xE613, 0xE634, 0xE634, 0xE634,
    0xEE55, 0xEE55, 0xEE55, 0xEE54, 0xE634, 0xE634, 0xE633, 0xE634, 0xE634, 0xE634, 0xE613, 0xE613, 0xE633, 0xE613, 0xE5F3, 0xDDF2,
    0xE5F3, 0xDDD2, 0xDDB2, 0xDDB2, 0xDDD3, 0xE5F4, 0xEE55, 0xEE55, 0xEE75, 0xEE76, 0xEE76, 0xEE76, 0xEE75, 0xEE75, 0xEE55, 0xEE76,
    0xDDB2, 0xB3EA, 0xDDB1, 0xD50D, 0xCC8B, 0xD4CB, 0xD4CC, 0xD4CC, 0xD50C, 0xDDAF, 0xEE93, 0xDD8F, 0xDD4D, 0xEDAF, 0xE5AF, 0xE56D,
    0xE56D, 0xE56D, 0xE56D, 0xE58E, 0xED6E, 0xE56D, 0xE56D, 0xEEB3, 0xFFD8, 0xF735, 0xEDEE, 0xED4C, 0xE4EA, 0xE50B, 0xD48A, 0xC3E8,
    0xB387, 0xB3A7, 0x9B06, 0x71E2, 0x69E3, 0x69E2, 0x69C2, 0x69A2, 0x69A2, 0x69A1, 0x69A1, 0x7203, 0x92E6, 0xCCCD, 0xCCCD, 0xAB88,
    0x8A43, 0x9284, 0x9AA4, 0xA305, 0xAB46, 0xBBC8, 0xBBC8, 0xBBA8, 0xB3A7, 0xB367, 0xB387, 0xB387, 0xBBC8, 0xCCAC, 0xE54F, 0xC42A,
    0xB388, 0xA306, 0xAB06, 0xAB47, 0xAB26, 0xAB26, 0xB388, 0xBBA8, 0xBBA8, 0xBBA8, 0xBBA8, 0xBBC8, 0xBBC8, 0xB388, 0xAB47, 0x9AC5,
    0x8A84, 0x8284, 0x8284, 0x8264, 0x7A44, 0x7A23, 0x7A43, 0x8284, 0x8A84, 0x8A84, 0x8243, 0x8264, 0x9AE6, 0xA326, 0xA326, 0xA326,
    0xF5CE, 0xF5CF, 0xFE0F, 0xF60F, 0xFE30, 0xFE70, 0xFE90, 0xFED2, 0xFED2, 0xFE50, 0xFE70, 0xFEB1, 0xFEB2, 0xFED3, 0xFF14, 0xFF76,
    0xFFB7, 0xFFD8, 0xFFD9, 0xFFD9, 0xFFD8, 0xFFB7, 0xFFB7, 0xFFB8, 0xFFD8, 0xFFD8, 0xFFD8, 0xFFD8, 0xFFD8, 0xFFD8, 0xFFB7, 0xFFB7,
    0xFFD8, 0xFFD8, 0xFFD7, 0xFFB7, 0xFFD7, 0xFFF8, 0xFFF8, 0xFFF8, 0xFFD8, 0xFFB7, 0xFFB7, 0xFFF8, 0xFFF9, 0xFFF9, 0xFFF8, 0xFFF8,
    0xFFF8, 0xFFF8, 0xFFF9, 0xFFB8, 0xE632, 0xDCEC, 0xE56F, 0xDDD3, 0xDDD3, 0xDDB2, 0xD571, 0xD571, 0xCCEF, 0xBC2C, 0xCCEE, 0xCD2F,
    0xE653, 0xF716, 0xE673, 0xDDD1, 0xDDD1, 0xDDD1, 0xE5D1, 0xDDD1, 0xE694, 0xF737, 0xDE12, 0xD5B1, 0xDDB1, 0xDDB1, 0xDD91, 0xDD91,
    0xDD90, 0xE694, 0xF6F6, 0xDDB1, 0xD590, 0xDE32, 0xF737, 0xDE12, 0xDDB1, 0xDDD2, 0xEE94, 0xE633, 0xDDD2, 0xF6D6, 0xDDD2, 0xD591,
    0xEE75, 0xEE54, 0xD591, 0xDDF3, 0xE5F3, 0xDDF3, 0xDDF3, 0xDDF2, 0xDDF2, 0xDDF2, 0xDDF2, 0xDDF3, 0xDDF2, 0xDDF3, 0xDDF3, 0xDDF3,
    0xE654, 0xE634, 0xE634, 0xE634, 0xE634, 0xE613, 0xE614, 0xE614, 0xE614, 0xE614, 0xE613, 0xE613, 0xE613, 0xE5F3, 0xDDB2, 0xD571,
    0xD591, 0xD592, 0xDDB2, 0xDDD3, 0xEE55, 0xEE75, 0xEE55, 0xEE75, 0xEE76, 0xEE76, 0xEE76, 0xEE76, 0xEE75, 0xEE75, 0xE655, 0xF6B6,
    0xCD0F, 0xB388, 0xCCAC, 0xEE52, 0xD4ED, 0xD4EC, 0xD4EC, 0xD50C, 0xDD6D, 0xE58E, 0xE5F0, 0xF693, 0xE58E, 0xE56E, 0xEDD0, 0xEDCF,
    0xE56D, 0xE54D, 0xE56D, 0xED8E, 0xE56D, 0xE56D, 0xED4D, 0xE54D, 0xE58E, 0xFF55, 0xFF75, 0xEDEF, 0xE54C, 0xDCAA, 0xD469, 0xCC29,
    0x9AC5, 0x9284, 0x8A64, 0x71E2, 0x69C2, 0x61C2, 0x61A2, 0x69A2, 0x69A2, 0x69A2, 0x69A2, 0x69A1, 0x79E2, 0x8242, 0x8A63, 0xBBEA,
    0xD50E, 0xBC2A, 0x9AA5, 0x9AE5, 0xAB05, 0xB367, 0xB387, 0xBBA8, 0xBBC8, 0xB388, 0xB387, 0xB387, 0xB367, 0xB388, 0xBC09, 0xE54E,
    0xD4ED, 0xBBA9, 0xA2C5, 0xAB26, 0xAB47, 0xAB26, 0xB367, 0xB387, 0xB388, 0xBBA8, 0xB388, 0xAB47, 0xA326, 0xA2E6, 0x9B05, 0x9AC5,
    0x8A84, 0x8264, 0x8264, 0x8264, 0x7A43, 0x7A43, 0x7A43, 0x8244, 0x8263, 0x8A84, 0x9AC5, 0x9AE5, 0xA326, 0xA326, 0xAB87, 0xB3A8,
    0xF5CE, 0xF5CE, 0xFE2F, 0xFE50, 0xFE71, 0xFE91, 0xFE90, 0xFE90, 0xFE50, 0xFE50, 0xFE90, 0xFEB1, 0xFEB2, 0xFEF3, 0xFF34, 0xFFB7,
    0xFFD8, 0xFFD8, 0xFFFA, 0xFFF9, 0xFFD7, 0xFFB7, 0xFFB8, 0xFFB7, 0xFFD8, 0xFFD8, 0xFFD8, 0xFFD8, 0xFFD8, 0xFFD8, 0xFFD8, 0xFFD8,
    0xFFB7, 0xFFB7, 0xFFB7, 0xFFB7, 0xFFD7, 0xFFF8, 0xFFF8, 0xFFF8, 0xFFD8, 0xFFD9, 0xFFF9, 0xFFF9, 0xFFF9, 0xFFF9, 0xFFF8, 0xFFF8,
    0xFFF8, 0xFFF8, 0xFFF8, 0xFFF9, 0xFFF9, 0xEE93, 0xEDF0, 0xDDD2, 0xDDF3, 0xDDB2, 0xD551, 0xD531, 0xCD30, 0xD591, 0xE633, 0xEEB5,
    0xD591, 0xCCEF, 0xDD90, 0xE5F1, 0xDDD1, 0xDDD1, 0xDDD1, 0xF717, 0xF717, 0xDDD2, 0xDDB1, 0xDDD1, 0xDDB1, 0xDDB1, 0xDD91, 0xD591,
    0xEE94, 0xF716, 0xDDD1, 0xD5B1, 0xDDD1, 0xF736, 0xEE94, 0xD591, 0xDDB1, 0xE633, 0xEED6, 0xD5B1, 0xE674, 0xEE54, 0xDDB1, 0xD591,
    0xEE75, 0xEE54, 0xD5B2, 0xDE13, 0xDDD2, 0xDDD2, 0xDDD2, 0xDDD2, 0xDDF2, 0xDDF2, 0xDDF2, 0xDDF2, 0xDDF2, 0xDDD2, 0xDDD2, 0xDDF2,
    0xE5F3, 0xDDF3, 0xE5F3, 0xE613, 0xDDF3, 0xDDF3, 0xDDF3, 0xDDF3, 0xE614, 0xE614, 0xE614, 0xE5F3, 0xD591, 0xD592, 0xD592, 0xD571,
    0xD5B2, 0xDDD3, 0xE5F3, 0xEE55, 0xEE55, 0xEE55, 0xEE76, 0xEE76, 0xEE76, 0xEE76, 0xEE76, 0xEE76, 0xEE95, 0xEE75, 0xEE96, 0xE5D2,
    0xC46C, 0xCC4A, 0xCCAB, 0xEE31, 0xE611, 0xD4EC, 0xD50C, 0xE56E, 0xE5AE, 0xE5AE, 0xE58E, 0xF672, 0xEE31, 0xE56E, 0xE5AF, 0xEDD0,
    0xEDCF, 0xED8E, 0xE56D, 0xE58D, 0xED8D, 0xED8D, 0xED8D, 0xED8E, 0xED8D, 0xEDCE, 0xF692, 0xF714, 0xEE30, 0xEE0F, 0xCC6A, 0xC3C8,
    0x9AC5, 0x7A03, 0x7203, 0x71E2, 0x69C2, 0x6181, 0x61A2, 0x71C2, 0x79E2, 0x71C2, 0x69A1, 0x71C2, 0x8202, 0x8202, 0x8A22, 0x8A63,
    0x9283, 0xC42A, 0xDD2E, 0xDD0D, 0xB387, 0xAB26, 0xB346, 0xB387, 0xB3A8, 0xB388, 0xB387, 0xB387, 0xB387, 0xBB87, 0xBB88, 0xB3A8,
    0xDCCC, 0xDCCD, 0xCC4A, 0xB387, 0xAB26, 0xB347, 0xB367, 0xB387, 0xB3A8, 0xB388, 0xB388, 0xAB67, 0xAB47, 0xA306, 0x9AE5, 0x9AC5,
    0x92A5, 0x8A84, 0x8264, 0x8264, 0x8264, 0x8263, 0x8264, 0x8264, 0x8264, 0x92A4, 0xA326, 0xAB26, 0xAB26, 0xAB46, 0xBBE9, 0xC409,
    0xFE0F, 0xFE0F, 0xF5EF, 0xFE50, 0xFE91, 0xFE91, 0xFE91, 0xFE91, 0xFE50, 0xFE4F, 0xFE91, 0xFEB1, 0xFED2, 0xFF34, 0xFF97, 0xFFD8,
    0xFFD8, 0xFFB8, 0xFFF8, 0xFFD8, 0xFFD7, 0xFFB7, 0xFFB7, 0xFF97, 0xFFD8, 0xFFD8, 0xFFD8, 0xFFD8, 0xFFD8, 0xFFD8, 0xFFD8, 0xFFD7,
    0xFFB7, 0xFFB7, 0xFFD7, 0xFFF8, 0xFFF8, 0xFFF8, 0xFFF8, 0xFFD8, 0xFFF8, 0xFFF9, 0xFFFA, 0xFFF9, 0xFFF8, 0xFFF8, 0xFFF7, 0xFFF8,
    0xFFF8, 0xFFF8, 0xFFF8, 0xFFF8, 0xFFF8, 0xFFFB, 0xEE52, 0xDDD1, 0xE5F2, 0xE5D2, 0xDD91, 0xEE95, 0xEED6, 0xEE96, 0xDDB2, 0xD551,
    0xD571, 0xD551, 0xD551, 0xD570, 0xD590, 0xE633, 0xF737, 0xDE33, 0xDDD2, 0xDDD1, 0xDDD1, 0xDDD1, 0xDDB1, 0xDDD1, 0xDD90, 0xEE74,
    0xEED5, 0xD5B1, 0xDDD1, 0xD591, 0xEED5, 0xF6F6, 0xDDB1, 0xDDD2, 0xDDD2, 0xEEB5, 0xDDF2, 0xE5F3, 0xF6D6, 0xDDD2, 0xDDB2, 0xD5B2,
    0xE655, 0xDDF3, 0xDDB2, 0xDDF2, 0xDDB2, 0xDDB2, 0xDDB2, 0xDDB2, 0xDDD2, 0xDDF2, 0xE5F3, 0xE5F3, 0xDDF2, 0xDDF3, 0xDDF3, 0xDDF2,
    0xDDD2, 0xDDD2, 0xDDD2, 0xDDF3, 0xDDF3, 0xDDF3, 0xDDF3, 0xDDF3, 0xDDB2, 0xCD51, 0xD551, 0xD571, 0xCD51, 0xD571, 0xD571, 0xD592,
    0xE614, 0xEE35, 0xEE35, 0xEE55, 0xEE55, 0xEE75, 0xEE75, 0xEE76, 0xEE76, 0xEE76, 0xEE96, 0xEE95, 0xE654, 0xEE74, 0xF695, 0xDD70,
    0xBC0A, 0xD4EC, 0xD50C, 0xDD6E, 0xF6D3, 0xD52D, 0xDD4D, 0xE58E, 0xE58E, 0xE5AE, 0xEDAE, 0xE5AF, 0xF672, 0xE5CF, 0xE58E, 0xE5AF,
    0xEDD0, 0xEDD0, 0xEDAE, 0xE56D, 0xED8D, 0xF5CE, 0xEDAE, 0xEDAE, 0xF5AE, 0xED8E, 0xEDAE, 0xF693, 0xFF15, 0xE5F0, 0xE56E, 0xD4AB,
    0x9284, 0x7A23, 0x7A23, 0x71E3, 0x69C2, 0x61A2, 0x6182, 0x69A1, 0x71E2, 0x79E2, 0x71C2, 0x79C2, 0x7A02, 0x8222, 0x9263, 0x9283,
    0x9263, 0xA305, 0xAB46, 0xB367, 0xDCEC, 0xE54E, 0xC409, 0xB387, 0xB387, 0xB366, 0xB367, 0xB387, 0xB387, 0xB387, 0xBBA8, 0xBBA8,
    0xB387, 0xBBC8, 0xDCAC, 0xDCED, 0xC40A, 0xB367, 0xB367, 0xB347, 0xB388, 0xBB88, 0xB388, 0xB388, 0xAB47, 0xA326, 0x9AE5, 0x92C5,
    0x92A5, 0x8A84, 0x8264, 0x8A84, 0x9AE5, 0x9AE5, 0x8A84, 0x8263, 0x8A84, 0xA326, 0xAB26, 0xA306, 0xA306, 0xA326, 0xAB47, 0xBBC8,
    0xFE0F, 0xFE30, 0xF5EF, 0xF60F, 0xFE50, 0xFE50, 0xFE91, 0xFE91, 0xFE70, 0xFE70, 0xFE90, 0xFEB1, 0xFEB2, 0xFF34, 0xFF96, 0xFF97,
    0xFFB7, 0xFFB7, 0xFF97, 0xFFB7, 0xFFB7, 0xFFB7, 0xFFB7, 0xFFB7, 0xFFB7, 0xFFB8, 0xFFB8, 0xFFB7, 0xFFD8, 0xFFD8, 0xFF97, 0xFFD7,
    0xFFD8, 0xFFD8, 0xFFF9, 0xFFF8, 0xFFF8, 0xFFD7, 0xFFD7, 0xFFD7, 0xFFD7, 0xFFF8, 0xFFF8, 0xFFF9, 0xFFF9, 0xFFF7, 0xFFD6, 0xFFD7,
    0xFFF8, 0xFFF8, 0xFFF8, 0xFFF8, 0xFFF8, 0xFFF9, 0xEE92, 0xE54C, 0xE54C, 0xEE30, 0xF799, 0xF6D6, 0xEE54, 0xDDB2, 0xDDB3, 0xE5D3,
    0xDDB2, 0xD551, 0xD551, 0xCCF0, 0xDE13, 0xEF16, 0xDDF3, 0xDD91, 0xDDB1, 0xDDD1, 0xDDD1, 0xDDD1, 0xDDD1, 0xDD90, 0xEE74, 0xF716,
    0xDDD1, 0xDDB1, 0xD590, 0xE694, 0xF6F6, 0xDDF2, 0xDDB2, 0xDDB1, 0xEE95, 0xE654, 0xDDD2, 0xE633, 0xEE95, 0xDDB2, 0xDDD2, 0xD592,
    0xEE54, 0xDDD2, 0xDDB2, 0xDDD2, 0xDDB2, 0xDDB2, 0xDDB2, 0xDDB2, 0xDDD2, 0xDDD2, 0xCD70, 0xCD50, 0xD571, 0xD571, 0xD591, 0xDDD2,
    0xDDD2, 0xDDD2, 0xDDF3, 0xE5F3, 0xDDB3, 0xDDB2, 0xDDD3, 0xDDD2, 0xD572, 0xCD31, 0xCD51, 0xCD31, 0xD592, 0xDDD3, 0xDDB3, 0xE5F4,
    0xEE35, 0xEE55, 0xEE55, 0xEE55, 0xEE76, 0xEE76, 0xEE76, 0xEE76, 0xEE96, 0xEE76, 0xEE96, 0xE613, 0xBC4C, 0xC48D, 0xD54F, 0xD50E,
    0xC48B, 0xCCAC, 0xDD2D, 0xDD6E, 0xEE52, 0xEE31, 0xDD4D, 0xE5AE, 0xE5AE, 0xE58E, 0xE58E, 0xE58E, 0xEE10, 0xEE31, 0xE58E, 0xE58E,
    0xE5AF, 0xEDD0, 0xF5EF, 0xEDAE, 0xED8D, 0xF5AE, 0xF5CE, 0xF5CE, 0xF5CF, 0xF5CF, 0xEDAE, 0xED6D, 0xEE31, 0xEE72, 0xD50D, 0xDD2D,
    0xC46B, 0x7A23, 0x71C2, 0x71E3, 0x69C2, 0x6181, 0x6181, 0x6181, 0x69A2, 0x8202, 0x8202, 0x8202, 0x79E1, 0x8A22, 0x9AA4, 0xA2E5,
    0xA2C4, 0xA2E5, 0xA2E4, 0xAB25, 0xBBA7, 0xBBE8, 0xDCEC, 0xE56F, 0xCC6B, 0xB387, 0xB367, 0xB347, 0xBB88, 0xBBC8, 0xBBA8, 0xBBA8,
    0xB387, 0xBBA8, 0xB387, 0xC409, 0xDD0D, 0xDCED, 0xCC6B, 0xBBA8, 0xB388, 0xB347, 0xB367, 0xB387, 0xA326, 0x9AE5, 0x92A4, 0x9284,
    0x9284, 0x8A64, 0x8263, 0x8263, 0x8A84, 0x9AE5, 0x9AE5, 0x92C4, 0x92A4, 0xA326, 0xA326, 0xAB67, 0xBBC8, 0xBBA8, 0xBBC8, 0xC409,
    0xF5AE, 0xF5CF, 0xFE0F, 0xFE10, 0xFE30, 0xFE30, 0xFE70, 0xFE90, 0xFE91, 0xFEB1, 0xFE91, 0xFE71, 0xFEB2, 0xFEF3, 0xFF14, 0xFF35,
    0xFF56, 0xFF97, 0xFFB7, 0xFFB7, 0xFFB8, 0xFFB7, 0xFFB7, 0xFF97, 0xFFB7, 0xFFB7, 0xFFB7, 0xFFB7, 0xFFB7, 0xFFB7, 0xFFB7, 0xFFD8,
    0xFFF8, 0xFFF8, 0xFFF8, 0xFFF8, 0xFFD7, 0xFFB7, 0xFFD7, 0xFFD8, 0xFFF8, 0xFFF8, 0xFFF8, 0xFFF8, 0xFFF8, 0xFFF8, 0xFFF7, 0xFFF8,
    0xFFF8, 0xFFF8, 0xFFD6, 0xFFB5, 0xFFB5, 0xFFB6, 0xFFD7, 0xFFD7, 0xFFF8, 0xE632, 0xCC8D, 0xEDF2, 0xF6B4, 0xE5F3, 0xE5F3, 0xE5B3,
    0xDDD3, 0xDDB3, 0xD572, 0xE675, 0xE654, 0xDDD2, 0xCD10, 0xCD30, 0xD5B1, 0xDDD1, 0xDDD1, 0xDDF2, 0xD591, 0xE674, 0xF6F6, 0xDDF2,
    0xD5B1, 0xD590, 0xE674, 0xF737, 0xE613, 0xD591, 0xDDB1, 0xE633, 0xEEB5, 0xDDB2, 0xDDF2, 0xF6F6, 0xDDD2, 0xDDB2, 0xDDB2, 0xE5F3,
    0xE633, 0xDDD2, 0xDDB2, 0xDDF2, 0xDDD2, 0xDDB2, 0xD5B2, 0xD591, 0xD591, 0xD591, 0xC4CE, 0xC4CE, 0xCD0F, 0xCD10, 0xCD30, 0xCD51,
    0xD551, 0xD571, 0xD571, 0xD571, 0xCD51, 0xD571, 0xDDB3, 0xD592, 0xCD31, 0xCD51, 0xD572, 0xDDD3, 0xE614, 0xE635, 0xE635, 0xEE55,
    0xEE55, 0xEE55, 0xEE55, 0xEE75, 0xEE75, 0xEE76, 0xEE76, 0xEE76, 0xEE76, 0xEE96, 0xFF17, 0xDD91, 0xBC0B, 0xCCAC, 0xD4EC, 0xD50C,
    0xCCAC, 0xC48C, 0xDD4E, 0xE58E, 0xE5CF, 0xEE72, 0xE56E, 0xE5AE, 0xE5AE, 0xE5AE, 0xDD4D, 0xE54D, 0xE56E, 0xEE10, 0xEDF0, 0xE58E,
    0xE58E, 0xE58E, 0xEDAE, 0xF5EF, 0xF5CF, 0xF5EE, 0xF5EF, 0xF60F, 0xF60F, 0xF5EF, 0xF5CF, 0xEDAE, 0xED8E, 0xDD6E, 0xDD8F, 0xB429,
    0xC46B, 0xD50E, 0x8AA5, 0x6161, 0x61A1, 0x6181, 0x6181, 0x6162, 0x6982, 0x71C2, 0x8202, 0x8202, 0x8202, 0x8A22, 0x9263, 0x9AA3,
    0xAB05, 0xAB05, 0xAB05, 0xB346, 0xB366, 0xB346, 0xBB87, 0xBBC8, 0xD4AC, 0xDD2D, 0xCC8B, 0xBBE9, 0xB387, 0xB367, 0xBB88, 0xBBA8,
    0xBBA8, 0xBBC8, 0xBBC8, 0xB387, 0xBB88, 0xB3A8, 0xC42A, 0xD48C, 0xCC6B, 0xBBE9, 0xBBA8, 0xB367, 0xA346, 0x9AE5, 0x9AC5, 0x9284,
    0x9284, 0x8A84, 0x8243, 0x8A63, 0x92A4, 0x92C4, 0xA306, 0xAB26, 0xAB46, 0xAB26, 0xA306, 0xB366, 0xC429, 0xCC29, 0xCC29, 0xC429,
    0xF58E, 0xF5AE, 0xF5AE, 0xF5AE, 0xF5AE, 0xF5AE, 0xF5CF, 0xFE0F, 0xFE2F, 0xFE50, 0xFE50, 0xF610, 0xFE30, 0xFE50, 0xFE92, 0xFF35,
    0xFF56, 0xFF97, 0xFFB7, 0xFF97, 0xFFB7, 0xFF97, 0xFFB7, 0xFF97, 0xFF97, 0xFFB8, 0xFFB8, 0xFFD8, 0xFFB8, 0xFFB7, 0xFFD7, 0xFFD8,
    0xFFD8, 0xFFD8, 0xFFD8, 0xFFD8, 0xFFD8, 0xFFD7, 0xFFD7, 0xFFD7, 0xFFD7, 0xFFB5, 0xFFB5, 0xFFB5, 0xFF94, 0xFF94, 0xFFB5, 0xFFB5,
    0xFF95, 0xFF94, 0xFF33, 0xFF12, 0xFF12, 0xFF32, 0xFF94, 0xFF95, 0xFFB5, 0xF714, 0xE631, 0xE5CF, 0xE5AF, 0xFF75, 0xFEF5, 0xEE14,
    0xE5F4, 0xDDD2, 0xEE75, 0xEED6, 0xD592, 0xD550, 0xD571, 0xD571, 0xCD30, 0xD571, 0xDDD1, 0xD590, 0xE654, 0xEEF6, 0xDDF2, 0xD591,
    0xD5B1, 0xDDF2, 0xFF37, 0xE674, 0xD571, 0xDDB2, 0xD5B1, 0xEE95, 0xDDF3, 0xDDB1, 0xDDF2, 0xF737, 0xDDB2, 0xDDB2, 0xD591, 0xEE74,
    0xE613, 0xDDB2, 0xDDB2, 0xDDD2, 0xDDD2, 0xDDB2, 0xD591, 0xC4AE, 0xC4AE, 0xC4CF, 0xCCEF, 0xCD0F, 0xCD0F, 0xCD10, 0xCD10, 0xCD30,
    0xD551, 0xD551, 0xCD51, 0xD551, 0xCD51, 0xD551, 0xD571, 0xD551, 0xD572, 0xDDD3, 0xDDF4, 0xE655, 0xE655, 0xE655, 0xEE55, 0xEE55,
    0xEE55, 0xEE55, 0xEE56, 0xEE76, 0xEE75, 0xEE76, 0xEE96, 0xEE76, 0xEE96, 0xE5F3, 0xCD2F, 0xC4AD, 0xCCAC, 0xD50D, 0xD4EC, 0xD50C,
    0xD50D, 0xCCCC, 0xD50D, 0xE5AF, 0xE58E, 0xEE72, 0xF692, 0xE58E, 0xEDCF, 0xEDCF, 0xE5AF, 0xDD2D, 0xDD2C, 0xE58E, 0xEE10, 0xE58D,
    0xE58E, 0xE58E, 0xEDAE, 0xF5CF, 0xFE0F, 0xFE2F, 0xF62F, 0xFE2F, 0xFE0F, 0xF5EF, 0xF5CF, 0xEDCF, 0xEDAE, 0xD4AB, 0xC46B, 0xE5F0,
    0xA388, 0xA327, 0xCCED, 0xA3A9, 0x6181, 0x6161, 0x6181, 0x6181, 0x6181, 0x6981, 0x79C2, 0x7A02, 0x8222, 0x8A22, 0x9263, 0x9A83,
    0xA2C4, 0xAB05, 0xAB25, 0xB346, 0xB346, 0xB366, 0xB367, 0xB367, 0xB367, 0xB346, 0xC3E9, 0xDCCC, 0xD4AC, 0xD48B, 0xC429, 0xB387,
    0xBBA8, 0xBBA8, 0xBBC8, 0xBB87, 0xB367, 0xB387, 0xB387, 0xB367, 0xC42A, 0xD4CD, 0xC42A, 0xAB47, 0xB367, 0xB367, 0xA306, 0x92A5,
    0x92A5, 0x92A4, 0x8A64, 0x9AE5, 0xA306, 0xA305, 0xA306, 0xAB26, 0xAB26, 0xB367, 0xBBA7, 0xBBA7, 0xC408, 0xC429, 0xC429, 0xC429,
    0xF5AE, 0xF5AE, 0xF5AE, 0xF5AE, 0xF58E, 0xF5AE, 0xF5CF, 0xFE0F, 0xFE0F, 0xFE2F, 0xFE2F, 0xFE30, 0xFE30, 0xFE30, 0xFE92, 0xFF15,
    0xFF35, 0xFF76, 0xFF96, 0xFF77, 0xFF97, 0xFF77, 0xFFB8, 0xFFD8, 0xFFD8, 0xFFD8, 0xFFB8, 0xFFD7, 0xFFB7, 0xFF96, 0xFF96, 0xFFB7,
    0xFFB6, 0xFFB7, 0xFFD7, 0xFFD7, 0xFFD7, 0xFFB6, 0xFFB5, 0xFF94, 0xFF74, 0xFF12, 0xFF12, 0xFF12, 0xFEF1, 0xFEF1, 0xFF11, 0xFF32,
    0xFF31, 0xFF32, 0xFF52, 0xFF32, 0xFF32, 0xFF32, 0xFF52, 0xFF52, 0xFF53, 0xFFD5, 0xFFF8, 0xEED3, 0xD54D, 0xEE0F, 0xEDEF, 0xE58E,
    0xEDF1, 0xEE75, 0xEEB6, 0xDDF3, 0xDDB2, 0xDDF3, 0xE5F3, 0xDDD3, 0xD551, 0xD551, 0xCD30, 0xDDD2, 0xEE95, 0xDDF2, 0xD571, 0xDDB1,
    0xD590, 0xF6D5, 0xF6F6, 0xD591, 0xDDB2, 0xD571, 0xE654, 0xE654, 0xDD91, 0xDDD2, 0xEED6, 0xDDD3, 0xD591, 0xD591, 0xD571, 0xEE74,
    0xDDD2, 0xD591, 0xD550, 0xDDB2, 0xD591, 0xCD0F, 0xCCEF, 0xCD0F, 0xD571, 0xD571, 0xD571, 0xD571, 0xD591, 0xD592, 0xD592, 0xD571,
    0xD571, 0xD571, 0xD551, 0xCD51, 0xD572, 0xDDB3, 0xDDB3, 0xDDB3, 0xDDD3, 0xE635, 0xE655, 0xE655, 0xE655, 0xE655, 0xEE55, 0xEE55,
    0xEE55, 0xEE55, 0xEE76, 0xEE76, 0xEE96, 0xEE96, 0xF696, 0xEE96, 0xEE75, 0xBC2B, 0xC46C, 0xCCCD, 0xD50D, 0xD50D, 0xD50D, 0xD50D,
    0xD4ED, 0xD50D, 0xD50D, 0xE58E, 0xE56E, 0xEE52, 0xEE92, 0xE56E, 0xEDCF, 0xEDCF, 0xEDCF, 0xE56E, 0xD50C, 0xDD2D, 0xEDCF, 0xEDCF,
    0xDD2C, 0xE56D, 0xEDAE, 0xF5CF, 0xF60F, 0xFE4F, 0xFF55, 0xFEF2, 0xF60F, 0xF60F, 0xF5EF, 0xEDAE, 0xE54D, 0xDD0D, 0xAB26, 0xBC2B,
    0xD56F, 0x8AC5, 0x7A03, 0xB42B, 0xBCAD, 0x61A2, 0x5961, 0x6181, 0x6181, 0x6181, 0x6981, 0x79E1, 0x8222, 0x8A22, 0x9263, 0x9A83,
    0x9A63, 0xA2C4, 0xB325, 0xBB86, 0xBBA7, 0xBBA6, 0xB346, 0xB346, 0xB347, 0xB347, 0xB347, 0xB347, 0xC40A, 0xCC4A, 0xD4AC, 0xD4AB,
    0xCC6A, 0xBBE9, 0xBBC8, 0xBBA8, 0xB367, 0xB367, 0xB387, 0xB388, 0xB388, 0xAB67, 0xB368, 0xAB47, 0xA2E5, 0xA306, 0x9AC5, 0x9284,
    0x9284, 0x9284, 0x8A64, 0x9AC5, 0xA306, 0xA306, 0xAB26, 0xAB26, 0xAB26, 0xB387, 0xC3E8, 0xC3E8, 0xC409, 0xC429, 0xC42A, 0xC429,
    0xF5CF, 0xF5AF, 0xF5AE, 0xF5EF, 0xFE10, 0xFE10, 0xF5EF, 0xF5AE, 0xED8E, 0xF5CE, 0xFE0F, 0xFE2F, 0xFE0F, 0xFE0F, 0xFE51, 0xFED3,
    0xFF15, 0xFF56, 0xFF76, 0xFFB7, 0xFFB7, 0xFFB8, 0xFFD8, 0xFF97, 0xFF97, 0xFFB7, 0xFF96, 0xFF75, 0xFF95, 0xFF74, 0xFF54, 0xFF74,
    0xFF54, 0xFF33, 0xFF13, 0xFF12, 0xFEF2, 0xFF12, 0xFF13, 0xFEB1, 0xFED1, 0xFED1, 0xFED1, 0xFEF1, 0xFED1, 0xFED1, 0xFEF1, 0xFF32,
    0xFF31, 0xFF52, 0xFF93, 0xFF73, 0xFF32, 0xFF52, 0xFF52, 0xFF52, 0xFF73, 0xFF94, 0xFFB5, 0xFFF8, 0xFFB7, 0xE5AD, 0xE58D, 0xE58D,
    0xEDF0, 0xFF16, 0xEE54, 0xE5F3, 0xE634, 0xE614, 0xE613, 0xE5F3, 0xE5F3, 0xDDD2, 0xE613, 0xEEB5, 0xDDF2, 0xD570, 0xDDB1, 0xD591,
    0xE633, 0xEED5, 0xD5B2, 0xD571, 0xD571, 0xDE13, 0xE674, 0xD5D2, 0xD591, 0xDDF2, 0xF717, 0xD571, 0xD571, 0xD571, 0xCD51, 0xE654,
    0xD571, 0xCD10, 0xCD30, 0xD550, 0xD550, 0xCD30, 0xCD30, 0xCD50, 0xD592, 0xD592, 0xD571, 0xD571, 0xDDB2, 0xDDD3, 0xDDD3, 0xD592,
    0xD571, 0xD571, 0xD592, 0xD593, 0xDDB3, 0xE5F4, 0xDDF4, 0xDE14, 0xE655, 0xE655, 0xE675, 0xE675, 0xE675, 0xEE75, 0xEE55, 0xEE75,
    0xEE75, 0xEE75, 0xEE75, 0xEE95, 0xEE75, 0xE5F1, 0xC4CD, 0xCCEE, 0xCCED, 0xC46B, 0xD52E, 0xDD4E, 0xD54E, 0xD52E, 0xD4ED, 0xD52E,
    0xD52D, 0xD50D, 0xDD2D, 0xDD6E, 0xE58E, 0xE5D0, 0xF6F4, 0xE5F0, 0xE58E, 0xEDCF, 0xEDCF, 0xEDCF, 0xE5AF, 0xDD4D, 0xE56E, 0xF5F0,
    0xEDAF, 0xEDCF, 0xEDCF, 0xEDCF, 0xF5EF, 0xFE50, 0xFF99, 0xFF14, 0xFE0F, 0xF5EF, 0xF5CF, 0xE56D, 0xD4AB, 0xC42A, 0xAB47, 0x9AA5,
    0xB3E9, 0xDDB0, 0x92E6, 0x71C2, 0x9306, 0xB44B, 0x82A5, 0x5941, 0x6161, 0x6181, 0x6961, 0x71A1, 0x71A1, 0x8202, 0x9A84, 0x9A83,
    0x9A84, 0x9A83, 0xAB05, 0xBBA6, 0xBBA7, 0xBBA6, 0xBB87, 0xB367, 0xB346, 0xB347, 0xB347, 0xBB67, 0xB347, 0xB326, 0xC3E9, 0xD4AB,
    0xCC8B, 0xD4CC, 0xD4AC, 0xCC6B, 0xB388, 0xAB46, 0xB367, 0xB367, 0xB367, 0xB368, 0xB368, 0xAB47, 0x9AC5, 0x92A4, 0x92A4, 0x9284,
    0x8A43, 0x8A43, 0x8223, 0x9284, 0xA306, 0xA306, 0xAB46, 0xBBC8, 0xBBC8, 0xBBC7, 0xBBC7, 0xBBC8, 0xCC49, 0xCC4A, 0xCC6B, 0xCC6B,
    0xF5AF, 0xF58E, 0xF5AF, 0xFE10, 0xFE10, 0xF5F0, 0xED8E, 0xF58E, 0xF58E, 0xEDAE, 0xF5AE, 0xF5AE, 0xF5EF, 0xFE0F, 0xFE51, 0xFED3,
    0xFF35, 0xFF56, 0xFF76, 0xFFB7, 0xFFB8, 0xFF76, 0xFF76, 0xFF75, 0xFF55, 0xFF75, 0xFF54, 0xFEF3, 0xFEF3, 0xFEF2, 0xFED2, 0xFEB1,
    0xFE91, 0xFE91, 0xFEB1, 0xFED1, 0xFED1, 0xFF55, 0xFF96, 0xFEF1, 0xFED1, 0xFED1, 0xFEF1, 0xFEF1, 0xFF11, 0xFEF1, 0xFEF1, 0xFED1,
    0xFED1, 0xFF11, 0xFF73, 0xFF73, 0xFF52, 0xFF52, 0xFF52, 0xFF52, 0xFF32, 0xFF52, 0xFF73, 0xFF74, 0xFFB6, 0xFFF9, 0xFFFA, 0xFFFB,
    0xF757, 0xEDAE, 0xEDF0, 0xEE96, 0xEE75, 0xEE55, 0xEE54, 0xE614, 0xE614, 0xE654, 0xF717, 0xE634, 0xD591, 0xDDB2, 0xD591, 0xDDD2,
    0xF717, 0xE634, 0xD592, 0xDDB3, 0xDDB3, 0xEED6, 0xE613, 0xD591, 0xDDB2, 0xEE75, 0xEEB6, 0xD592, 0xD592, 0xD571, 0xDDF3, 0xE634,
    0xCD30, 0xCD30, 0xCD30, 0xCD30, 0xCD50, 0xD571, 0xDDD2, 0xDDB2, 0xDDB2, 0xD572, 0xD5B2, 0xDDF3, 0xDDF3, 0xDDF3, 0xDDD3, 0xD592,
    0xDDD3, 0xDDD3, 0xDDF4, 0xDDF4, 0xDDF4, 0xDDF4, 0xE614, 0xE655, 0xEE76, 0xEE75, 0xEE75, 0xEE75, 0xEE75, 0xEE75, 0xEE75, 0xEE75,
    0xE654, 0xEE75, 0xF6B6, 0xEE13, 0xBC4B, 0xBC0A, 0xC46B, 0xC44B, 0xCCAC, 0xD54E, 0xD52E, 0xD52E, 0xD54E, 0xD52E, 0xD50D, 0xDD6E,
    0xDD8F, 0xDD4E, 0xDD2D, 0xDD8F, 0xDD8F, 0xDD6E, 0xF6D3, 0xEE31, 0xE58E, 0xE58F, 0xE5AF, 0xEDCF, 0xEDD0, 0xEDCF, 0xE58E, 0xF610,
    0xEDF0, 0xF5F0, 0xF610, 0xF610, 0xF60F, 0xFE2F, 0xFE30, 0xFE30, 0xF60F, 0xEDAE, 0xED8E, 0xEDAE, 0xE52D, 0xCC4A, 0xAB27, 0xA306,
    0x9264, 0xA368, 0xD54F, 0x8285, 0x5920, 0x69E3, 0x9348, 0xA3CA, 0x6181, 0x6141, 0x6981, 0x6981, 0x7181, 0x71A1, 0x8A42, 0x9AA4,
    0x9A84, 0x9A83, 0xA2E4, 0xBBA7, 0xBB86, 0xBB86, 0xC3C7, 0xC3E8, 0xBB87, 0xB346, 0xB346, 0xB367, 0xBB67, 0xBB87, 0xBBA8, 0xBBC8,
    0xBBC8, 0xC409, 0xC42A, 0xCC4A, 0xC42A, 0xC40A, 0xCC2A, 0xBBC9, 0xB3A8, 0xB368, 0xAB47, 0xA306, 0x9AC5, 0x92A4, 0x9284, 0x92A5,
    0x8A64, 0x8243, 0x8202, 0x9284, 0xA326, 0xAB46, 0xB367, 0xBBC8, 0xC3E8, 0xC3E8, 0xC408, 0xC429, 0xCC6B, 0xCC8B, 0xCC8B, 0xCC8B,
    0xF58E, 0xED6E, 0xF58E, 0xF5CF, 0xF5AF, 0xF5AF, 0xED8E, 0xF5AE, 0xF5AE, 0xED8E, 0xF58E, 0xED8E, 0xF5EF, 0xF5EF, 0xFE71, 0xFF34,
    0xFF76, 0xFF97, 0xFF96, 0xFF97, 0xFF76, 0xFEF3, 0xFF33, 0xFF54, 0xFED2, 0xFEB1, 0xFEB1, 0xFE91, 0xFE91, 0xFEB1, 0xFE90, 0xFE70,
    0xFE50, 0xFE70, 0xFEB0, 0xFEF1, 0xFF54, 0xFFDD, 0xFFFD, 0xFF54, 0xFEF1, 0xFEF1, 0xFED1, 0xFED0, 0xFEF1, 0xFF11, 0xFF11, 0xFF32,
    0xFF11, 0xFF31, 0xFF52, 0xFF52, 0xFF52, 0xFF52, 0xFF32, 0xFED1, 0xFEF1, 0xFF32, 0xFF12, 0xFF32, 0xFF52, 0xFFB5, 0xFFF8, 0xFFFA,
    0xFFFA, 0xFF77, 0xF716, 0xE56E, 0xE50C, 0xED2D, 0xED4E, 0xEDF1, 0xE614, 0xF737, 0xE653, 0xDDB2, 0xE5F2, 0xE5D2, 0xDDD2, 0xEEB5,
    0xE675, 0xDDD3, 0xDE14, 0xD5B2, 0xE655, 0xEE75, 0xDDB2, 0xDDD3, 0xDDD2, 0xF6B6, 0xD5D2, 0xD592, 0xD5B2, 0xD571, 0xE675, 0xE634,
    0xCD51, 0xCD51, 0xCD30, 0xDD91, 0xDDD2, 0xDDD2, 0xDDB2, 0xDDD2, 0xDDB2, 0xDDB2, 0xDDF3, 0xE634, 0xE633, 0xDDD3, 0xD592, 0xD5B3,
    0xE614, 0xE615, 0xDDF4, 0xDE14, 0xE615, 0xE614, 0xE635, 0xEE75, 0xEE75, 0xEE76, 0xEE96, 0xEE76, 0xEE76, 0xEE75, 0xEE75, 0xEE96,
    0xEE96, 0xEE75, 0xDD71, 0xC46C, 0xCCAC, 0xCCAC, 0xCCAC, 0xCCAC, 0xCCCD, 0xD54E, 0xD52E, 0xD52E, 0xDD6F, 0xDD4F, 0xD50D, 0xDD4E,
    0xDD8F, 0xE5AF, 0xE58F, 0xDD6E, 0xE58F, 0xE58F, 0xE5D0, 0xEE72, 0xE58F, 0xE58F, 0xE58F, 0xEDCF, 0xEDCF, 0xEDF0, 0xEDF0, 0xEDCF,
    0xEDCF, 0xEDF0, 0xF610, 0xF630, 0xF630, 0xF610, 0xF5EF, 0xF60F, 0xF5EF, 0xF5CF, 0xF5AE, 0xDCEC, 0xC409, 0xBBC9, 0xAB27, 0xA306,
    0x9AC5, 0x8A43, 0x92C5, 0xC4AD, 0x82A6, 0x5941, 0x5981, 0x7AA6, 0xB42B, 0x8285, 0x6140, 0x7181, 0x71A1, 0x79C1, 0x9263, 0x9AA4,
    0x9AA4, 0xA2E4, 0xAB05, 0xBB87, 0xBB86, 0xBB86, 0xBBA7, 0xC408, 0xC3E8, 0xB367, 0xB347, 0xBB87, 0xBB87, 0xBB67, 0xBBA8, 0xC3E9,
    0xC3E9, 0xC3E9, 0xC3E9, 0xBBC8, 0xB3A8, 0xB388, 0xB3A8, 0xCC4B, 0xCC4B, 0xC40A, 0xBBC9, 0xA306, 0x9AC5, 0x9AC4, 0x92A4, 0x9283,
    0x92A4, 0x9284, 0x9AE5, 0xA2E5, 0xAB26, 0xBBC8, 0xC3C8, 0xBBC8, 0xBBC7, 0xC3C8, 0xCC29, 0xCC49, 0xCC6B, 0xCC8B, 0xCC8B, 0xD4AC,
    0xED8E, 0xED8E, 0xF58E, 0xF5AE, 0xF5AE, 0xF58E, 0xF58E, 0xF5AF, 0xF58E, 0xED8E, 0xF5AE, 0xF5CF, 0xF5CF, 0xF5EF, 0xFE91, 0xFF14,
    0xFF55, 0xFF56, 0xFF14, 0xFED2, 0xFED2, 0xFED2, 0xFEF2, 0xFED2, 0xFE91, 0xFE90, 0xFE90, 0xFE90, 0xFEB0, 0xFED1, 0xFED1, 0xFEB0,
    0xFEB0, 0xFEB0, 0xFEB0, 0xFED0, 0xFF33, 0xFFDB, 0xFFDC, 0xFF12, 0xFEB0, 0xFED1, 0xFEF1, 0xFEB0, 0xFEB0, 0xFEB0, 0xFEF1, 0xFF32,
    0xFF32, 0xFF52, 0xFF32, 0xFF12, 0xFF12, 0xFF52, 0xFF32, 0xFF32, 0xFF32, 0xFF11, 0xFF11, 0xFF32, 0xFF73, 0xFF94, 0xFFF7, 0xFFF9,
    0xFFFA, 0xFFFC, 0xFFFB, 0xF6B3, 0xF672, 0xF693, 0xED8D, 0xED0B, 0xF716, 0xE695, 0xDDD2, 0xDDF2, 0xE5F2, 0xDDD2, 0xE634, 0xF6D6,
    0xDDF3, 0xE614, 0xE5F3, 0xE614, 0xE655, 0xE614, 0xDDD3, 0xDDD3, 0xE614, 0xEE75, 0xDDD3, 0xDDD3, 0xDDF3, 0xDDB2, 0xE675, 0xE654,
    0xD592, 0xDDB2, 0xDDB2, 0xDDB2, 0xDDF3, 0xDE13, 0xDDF3, 0xDDF3, 0xDDD3, 0xDE13, 0xE634, 0xE634, 0xE634, 0xD5B2, 0xD592, 0xDDF4,
    0xDE14, 0xDE14, 0xE615, 0xE655, 0xEE55, 0xEE55, 0xEE55, 0xEE75, 0xEE75, 0xEE96, 0xEE96, 0xEE96, 0xE655, 0xE655, 0xEE96, 0xF6B6,
    0xEE95, 0xE613, 0xBC0A, 0xCCAC, 0xD50E, 0xD52E, 0xD52E, 0xD50E, 0xD50D, 0xDD6F, 0xDD8F, 0xD56F, 0xDD8F, 0xDD90, 0xD54E, 0xD50D,
    0xE58F, 0xE5AF, 0xE5D0, 0xE5AF, 0xE5AF, 0xE5AF, 0xE5D0, 0xF6B3, 0xEDD0, 0xEDCF, 0xEDAF, 0xE5AF, 0xEDCF, 0xE5CF, 0xEDD0, 0xEDF0,
    0xEDF0, 0xEDF0, 0xF610, 0xF631, 0xFE30, 0xF670, 0xFED2, 0xF62F, 0xF60F, 0xF5AE, 0xF5AE, 0xED8E, 0xC44A, 0xA306, 0xA327, 0xA327,
    0x9AE6, 0x92A4, 0x8223, 0x9B47, 0xC4AC, 0x6A03, 0x5961, 0x6181, 0x69E2, 0xABEA, 0x9B48, 0x71C1, 0x7181, 0x81E2, 0x9AA4, 0xA2C4,
    0xA2C4, 0xB346, 0xBB66, 0xB366, 0xBB86, 0xC3C7, 0xBBC7, 0xC3E8, 0xC3E8, 0xBB87, 0xBB67, 0xBBA8, 0xBB87, 0xBB88, 0xC3C9, 0xC3E9,
    0xC3E9, 0xC3E9, 0xBBE9, 0xBBE9, 0xBBA8, 0xB387, 0xB367, 0xAB47, 0xB387, 0xBBE9, 0xBC09, 0xAB67, 0x9AE5, 0x9AA4, 0x9AC4, 0x9AC4,
    0x9AC4, 0x9AC4, 0xB366, 0xBBC7, 0xBBA7, 0xBBC7, 0xBBA7, 0xC3C8, 0xC3E8, 0xC408, 0xCC29, 0xCC49, 0xD48A, 0xD48B, 0xD4AB, 0xD4CC,
    0xF5CF, 0xF5CF, 0xF5CF, 0xF5CF, 0xF5CF, 0xF5CF, 0xF5AF, 0xF5CF, 0xF5CF, 0xF5CF, 0xF630, 0xFED3, 0xFE71, 0xFE50, 0xFEB2, 0xFED2,
    0xFEB2, 0xFEB1, 0xFE91, 0xFE70, 0xFE70, 0xFEB1, 0xFED1, 0xFEB1, 0xFEB1, 0xFED1, 0xFEB0, 0xFE90, 0xFEB0, 0xFE90, 0xFE90, 0xFE90,
    0xFEB1, 0xFEB0, 0xFE90, 0xFEB0, 0xFEB0, 0xFF54, 0xFF75, 0xFE90, 0xFEB0, 0xFED1, 0xFED1, 0xFED1, 0xFED0, 0xFEF1, 0xFF11, 0xFF52,
    0xFF53, 0xFF53, 0xFF53, 0xFF52, 0xFF32, 0xFF52, 0xFF32, 0xFF52, 0xFF32, 0xFEF1, 0xFF11, 0xFF11, 0xFF32, 0xFF73, 0xFFD7, 0xFFF8,
    0xFFF9, 0xFFFA, 0xFFFB, 0xFFFC, 0xFFFC, 0xFFFD, 0xFF99, 0xF736, 0xEE73, 0xE570, 0xDD71, 0xE5B1, 0xE5B2, 0xE613, 0xF737, 0xE613,
    0xE614, 0xE614, 0xDDF3, 0xE675, 0xEE96, 0xDDD3, 0xDDF3, 0xDDD3, 0xEE55, 0xE613, 0xDDD2, 0xDDF3, 0xDDF3, 0xDDD2, 0xEE75, 0xE654,
    0xD592, 0xDDD3, 0xDDD3, 0xDDD2, 0xDDF3, 0xDE13, 0xDE13, 0xDE13, 0xDDF3, 0xDDD2, 0xDDD2, 0xDDD3, 0xDDD2, 0xD592, 0xDDD3, 0xDE14,
    0xDE14, 0xE635, 0xEE76, 0xEE75, 0xEE55, 0xEE55, 0xEE55, 0xEE75, 0xEE75, 0xEE75, 0xEE76, 0xEE96, 0xE634, 0xE654, 0xEEB6, 0xE5F3,
    0xBC2C, 0xBC2B, 0xD52E, 0xD52E, 0xD52E, 0xD52E, 0xDD6F, 0xD50E, 0xCCED, 0xD54E, 0xE5D0, 0xDDB0, 0xDD8F, 0xE5B0, 0xDDAF, 0xD50D,
    0xDD2D, 0xE5AF, 0xE5D0, 0xE5CF, 0xE5CF, 0xE5AF, 0xE5AF, 0xF672, 0xEE31, 0xEDCF, 0xEDF0, 0xE5CF, 0xE5AF, 0xE5CF, 0xEDF0, 0xEDF0,
    0xEDF0, 0xF610, 0xF630, 0xF610, 0xFE50, 0xFF13, 0xFFD9, 0xFE90, 0xFE6F, 0xF5AD, 0xE4EC, 0xE52D, 0xD4CC, 0xBBC8, 0xA306, 0x9B06,
    0x9B06, 0x8A84, 0x8A84, 0x7A02, 0x9306, 0xBC6C, 0x61A2, 0x5961, 0x6161, 0x6161, 0x8AC6, 0xB3C9, 0x8A64, 0x81E1, 0x9A83, 0xA2C4,
    0xA2C4, 0xB345, 0xB346, 0xB366, 0xB366, 0xBBA7, 0xC408, 0xC408, 0xC408, 0xC3C8, 0xB367, 0xBB87, 0xBB87, 0xBB87, 0xC3C9, 0xC3E9,
    0xC3E9, 0xC3E9, 0xC3E9, 0xBBC8, 0xBBC8, 0xB388, 0xB388, 0xB367, 0xAB47, 0xAB46, 0xA306, 0xA306, 0x9AE5, 0x9AC4, 0x9AA4, 0x92A4,
    0x9AA4, 0xA305, 0xB366, 0xC3C8, 0xC3C8, 0xBBC7, 0xBBC8, 0xBBC8, 0xCC49, 0xD48A, 0xD48A, 0xD4AA, 0xD4CB, 0xD4CB, 0xD4AB, 0xD4AB,
    0xF5CF, 0xF5CF, 0xF5EF, 0xF5EF, 0xFE10, 0xFDEF, 0xFE30, 0xFE72, 0xFE92, 0xFEB2, 0xFEF3, 0xFF76, 0xFF76, 0xFF76, 0xFF55, 0xFEB2,
    0xFE71, 0xFE90, 0xFE70, 0xFE70, 0xFE70, 0xFEB1, 0xFEB1, 0xFEB1, 0xFED1, 0xFED1, 0xFE90, 0xFE90, 0xFE90, 0xFE70, 0xFE70, 0xFE90,
    0xFEB0, 0xFEB1, 0xFEB0, 0xFEB0, 0xFEB0, 0xFE90, 0xFE90, 0xFE70, 0xFE6F, 0xFE90, 0xFEB0, 0xFEB0, 0xFEB0, 0xFEB0, 0xFED0, 0xFEF1,
    0xFF53, 0xFF53, 0xFF53, 0xFF52, 0xFF32, 0xFF11, 0xFF11, 0xFEF1, 0xFEF1, 0xFF11, 0xFEF1, 0xFED1, 0xFF12, 0xFF94, 0xFF74, 0xFFD7,
    0xFFF9, 0xFFF9, 0xFFF9, 0xFFFA, 0xFFDA, 0xFFFA, 0xFFFC, 0xFFD9, 0xEDCE, 0xEE73, 0xEEB4, 0xEE32, 0xE590, 0xF6D5, 0xEE95, 0xE614,
    0xE634, 0xE614, 0xE614, 0xEE95, 0xE614, 0xE5F3, 0xE5F3, 0xDDD3, 0xEE75, 0xE634, 0xDDD2, 0xDDF3, 0xDDF3, 0xDDD2, 0xEE75, 0xE654,
    0xD5B2, 0xDDF3, 0xDDF3, 0xDDF3, 0xDDD2, 0xDDD3, 0xDDF3, 0xDE14, 0xDE14, 0xD592, 0xCD30, 0xD592, 0xDDD3, 0xDDD3, 0xE634, 0xE635,
    0xEE75, 0xEE75, 0xEE76, 0xEE76, 0xEE75, 0xEE75, 0xEE75, 0xEE75, 0xE655, 0xE675, 0xEE96, 0xEE96, 0xE655, 0xE634, 0xEE34, 0xBC2C,
    0xCC8C, 0xD4EE, 0xD50E, 0xD52E, 0xDD6F, 0xE590, 0xE5B0, 0xD52E, 0xD50D, 0xD54E, 0xE5B0, 0xDDB0, 0xDDB0, 0xE5D0, 0xE5F0, 0xDD4E,
    0xD4EC, 0xDD6E, 0xE5AF, 0xE5CF, 0xE5CF, 0xE5CF, 0xE5AF, 0xEE31, 0xEE51, 0xE58E, 0xEDF0, 0xEDF0, 0xE5CF, 0xE5CF, 0xEDF0, 0xEDF0,
    0xEDD0, 0xEDF0, 0xF610, 0xFE71, 0xFED1, 0xFFB8, 0xFFFD, 0xFF75, 0xFEF2, 0xF5ED, 0xDCCC, 0xCC4A, 0xC409, 0xBBE9, 0xA346, 0x92E5,
    0x9AE6, 0x8AA4, 0x8223, 0x7A23, 0x69A1, 0x8AC5, 0xC4CD, 0x7223, 0x5940, 0x69A2, 0x6161, 0x7202, 0xB3C9, 0xAB67, 0x9A83, 0x9AA3,
    0xA2C4, 0xB325, 0xBB66, 0xBB87, 0xBB86, 0xB386, 0xC3E8, 0xC408, 0xC408, 0xC3E8, 0xBBA7, 0xBB87, 0xC3C8, 0xBBA8, 0xBBC8, 0xC3E9,
    0xBBE9, 0xC3E9, 0xC3E9, 0xC3E9, 0xC3E9, 0xBBA8, 0xAB47, 0xAB47, 0xAB47, 0xAB47, 0x9AC4, 0x9283, 0x9283, 0x9284, 0x9284, 0x9284,
    0x9AA4, 0xA305, 0xB366, 0xC408, 0xCC09, 0xC409, 0xCC49, 0xCC49, 0xD48A, 0xD4CB, 0xD4CB, 0xDCEB, 0xDD0C, 0xDD2C, 0xDD2D, 0xDD0C,
    0xF610, 0xF630, 0xFE71, 0xFE50, 0xFE92, 0xFED3, 0xFEF3, 0xFF55, 0xFF56, 0xFF98, 0xFF77, 0xFF76, 0xFF77, 0xFF76, 0xFF56, 0xFED3,
    0xFE71, 0xFE70, 0xFEB0, 0xFED1, 0xFED1, 0xFEB1, 0xFE70, 0xFE70, 0xFE90, 0xFE90, 0xFE70, 0xFE90, 0xFEB1, 0xFEB0, 0xFE70, 0xFE90,
    0xFEB0, 0xFEB0, 0xFE70, 0xFE70, 0xFE70, 0xFE2F, 0xFE4F, 0xFE4F, 0xFE2F, 0xFE6F, 0xFE90, 0xFE90, 0xFED1, 0xFEF1, 0xFED1, 0xFED1,
    0xFEF1, 0xFEF1, 0xFEF1, 0xFEF1, 0xFEF1, 0xFF32, 0xFF32, 0xFEF1, 0xFEF1, 0xFF51, 0xFF31, 0xFF53, 0xFF74, 0xFF52, 0xFF52, 0xFFD6,
    0xFFF9, 0xFFF9, 0xFFF9, 0xFFF9, 0xFFFA, 0xFFFA, 0xFFFB, 0xFF98, 0xFE4E, 0xFFF9, 0xFFFB, 0xFEF3, 0xEE93, 0xF736, 0xE590, 0xDD91,
    0xE5D2, 0xE5F3, 0xEE75, 0xF6D6, 0xDE13, 0xE5F3, 0xE5F3, 0xE634, 0xEE96, 0xDDF3, 0xDDF3, 0xDDF3, 0xDDF3, 0xDDD2, 0xEE75, 0xE634,
    0xD5D3, 0xDDF3, 0xDDF3, 0xDE13, 0xDDF3, 0xDDF3, 0xDDF3, 0xE614, 0xE634, 0xD572, 0xDDB3, 0xE635, 0xE635, 0xE635, 0xEE75, 0xEE76,
    0xEE76, 0xEE76, 0xEE76, 0xEE75, 0xE655, 0xEE96, 0xEE76, 0xEE95, 0xE655, 0xEE55, 0xEE95, 0xD571, 0xEE95, 0xDDD3, 0xABCA, 0xCCAD,
    0xD50E, 0xD52E, 0xD50E, 0xDD4F, 0xE5D1, 0xEE11, 0xE5F1, 0xDDB0, 0xD52E, 0xD52E, 0xDD8F, 0xDDB0, 0xDDB0, 0xE5D0, 0xE5F0, 0xE5AF,
    0xCCCC, 0xD4EC, 0xDD2D, 0xEDCF, 0xE5CF, 0xE5AF, 0xEDD0, 0xE5F0, 0xF6D4, 0xE5AF, 0xE58E, 0xE5AF, 0xEDCF, 0xE5CF, 0xE5AF, 0xEDCF,
    0xEDD0, 0xEE10, 0xF610, 0xFF14, 0xFFFC, 0xFFDD, 0xFFFE, 0xFFFE, 0xFFDB, 0xF712, 0xED2D, 0xCC2A, 0xB367, 0xAB67, 0xAB67, 0xA347,
    0x9AE6, 0x92C5, 0x8264, 0x7A02, 0x71E2, 0x69A1, 0x8AC5, 0xBC8C, 0x7203, 0x6161, 0x69A2, 0x69A1, 0x71A1, 0xAB47, 0xD4AB, 0xBBA7,
    0xA2A3, 0xAB05, 0xB366, 0xC3C7, 0xC3E8, 0xC3C7, 0xC3C7, 0xC3E8, 0xC3E8, 0xC408, 0xC3C8, 0xBB87, 0xBB87, 0xBBC8, 0xBBC8, 0xBBC8,
    0xBBE8, 0xBBC8, 0xBBC8, 0xBBE8, 0xBBC8, 0xBBA8, 0xB388, 0xB367, 0xB367, 0xAB47, 0xA2E5, 0x9284, 0x9283, 0x9284, 0x9284, 0x9AA4,
    0xA305, 0xAB05, 0xB366, 0xC408, 0xCC29, 0xCC49, 0xCC6A, 0xCC4A, 0xD4AA, 0xDCCB, 0xDCEB, 0xDCEB, 0xDD0C, 0xDD2C, 0xDD2C, 0xDD2D,
    0xFED3, 0xFED3, 0xFF14, 0xFEF3, 0xFF35, 0xFF77, 0xFF76, 0xFF77, 0xFF97, 0xFFBB, 0xFFB8, 0xFF76, 0xFF56, 0xFF36, 0xFF56, 0xFEF3,
    0xFE91, 0xFE91, 0xFEB0, 0xFEB0, 0xFEB0, 0xFEB0, 0xFEB0, 0xFE2F, 0xFE2F, 0xFE70, 0xFE4F, 0xFE4F, 0xFE70, 0xFE90, 0xFE90, 0xFE90,
    0xFEB0, 0xFEB0, 0xFE70, 0xFE70, 0xFE4F, 0xFE4F, 0xFE4F, 0xFE4F, 0xFE0F, 0xFE70, 0xFEB0, 0xFED1, 0xFEF1, 0xFF12, 0xFF94, 0xFF32,
    0xFF12, 0xFF12, 0xFF11, 0xFEF1, 0xFF11, 0xFF32, 0xFF32, 0xFF32, 0xFEF1, 0xFEF1, 0xFF54, 0xFFB6, 0xFF33, 0xFF11, 0xFF31, 0xFFB4,
    0xFFD7, 0xFFF8, 0xFFF9, 0xFFFA, 0xFFFA, 0xFFFA, 0xFFFB, 0xFFB8, 0xFE4E, 0xFFD8, 0xFFFA, 0xFF98, 0xFFB8, 0xF693, 0xF611, 0xF612,
    0xE5B1, 0xDDB1, 0xF6B5, 0xDDB2, 0xE5F3, 0xE613, 0xE5F3, 0xEE75, 0xEE75, 0xDDF3, 0xE613, 0xDDF3, 0xDDF3, 0xDDD3, 0xEE75, 0xE654,
    0xDDD3, 0xDDF3, 0xDDF3, 0xE614, 0xDE14, 0xE634, 0xE634, 0xDDD3, 0xCD51, 0xC510, 0xE634, 0xEE96, 0xEE75, 0xEE75, 0xEE75, 0xEE76,
    0xEE76, 0xEE76, 0xEE96, 0xEE75, 0xEE75, 0xF6B6, 0xEE96, 0xEE75, 0xEE75, 0xEE95, 0xF6B6, 0xC48D, 0xBC2C, 0xBC2B, 0xBC4B, 0xD54F,
    0xD50E, 0xD50E, 0xD50E, 0xDD6F, 0xE5D0, 0xE5F1, 0xDDB0, 0xE5D0, 0xD54E, 0xD52E, 0xDD6F, 0xDD6F, 0xE5B0, 0xDD8F, 0xE5AF, 0xE5CF,
    0xD4CC, 0xD4CC, 0xD4CC, 0xDD6E, 0xEDAF, 0xDD2D, 0xDD2D, 0xE5AF, 0xFEF4, 0xEDCF, 0xE58E, 0xE58E, 0xE58E, 0xEDCF, 0xE5CF, 0xE5CF,
    0xEDD0, 0xEE10, 0xFE30, 0xFED1, 0xFF74, 0xFFB9, 0xFFFE, 0xFF95, 0xFED2, 0xF610, 0xED0D, 0xCC0A, 0xAB67, 0xA347, 0xAB67, 0xA347,
    0x92E6, 0x92C5, 0x8AA5, 0x8264, 0x7203, 0x71C2, 0x6160, 0xA3A9, 0xB42B, 0x6181, 0x6981, 0x71C2, 0x79E2, 0x8A22, 0xB366, 0xD44A,
    0xD449, 0xB346, 0xB325, 0xBB86, 0xC3C7, 0xC3C7, 0xC3C7, 0xC3C8, 0xBBC8, 0xBBC8, 0xC3E8, 0xC3C8, 0xBB87, 0xBBA8, 0xBBC8, 0xBBA8,
    0xBBA8, 0xBBC8, 0xBBC9, 0xBBC8, 0xBBC9, 0xBBC8, 0xB367, 0xB367, 0xB367, 0xAB47, 0xA305, 0x9AC4, 0x9AC4, 0x92A4, 0x92A4, 0x9AC4,
    0xAB25, 0xBBC7, 0xBBA7, 0xBBC7, 0xC3E8, 0xCC29, 0xCC6A, 0xD46A, 0xD4AA, 0xD4CB, 0xDCEB, 0xDCEB, 0xDD0C, 0xDD0B, 0xDD0C, 0xDD0C,
    0xFF56, 0xFF56, 0xFF36, 0xFF56, 0xFF56, 0xFF76, 0xFF76, 0xFF56, 0xFF56, 0xFF77, 0xFF77, 0xFF77, 0xFF57, 0xFF77, 0xFF97, 0xFF14,
    0xFE70, 0xFE50, 0xFE70, 0xFE90, 0xFE90, 0xFED1, 0xFED1, 0xFE70, 0xFE6F, 0xFE6F, 0xFE0E, 0xFE0E, 0xFE0E, 0xFE70, 0xFE90, 0xFEB0,
    0xFEB0, 0xFE90, 0xFE70, 0xFE70, 0xFE90, 0xFED1, 0xFEF1, 0xFED1, 0xFED1, 0xFF11, 0xFF54, 0xFF12, 0xFEF1, 0xFEF1, 0xFED2, 0xFED1,
    0xFEF1, 0xFEF1, 0xFEF1, 0xFEF1, 0xFEF1, 0xFF11, 0xFEF1, 0xFF32, 0xFEF1, 0xFEF2, 0xFF96, 0xFF74, 0xFF31, 0xFF11, 0xFF31, 0xFF52,
    0xFFB5, 0xFFF8, 0xFFF8, 0xFFF9, 0xFFFA, 0xFFF9, 0xFFFA, 0xFF97, 0xF62D, 0xFFF9, 0xFFFB, 0xFFFB, 0xFFD9, 0xFF75, 0xFE73, 0xF653,
    0xF632, 0xEE12, 0xF695, 0xD550, 0xD571, 0xD571, 0xD530, 0xE634, 0xE5F3, 0xCD10, 0xCD50, 0xDDF3, 0xE5F3, 0xDDD2, 0xEE75, 0xE654,
    0xDDF3, 0xE614, 0xE614, 0xE614, 0xE614, 0xDDF3, 0xD5B2, 0xD592, 0xD572, 0xCD51, 0xE614, 0xEE76, 0xEE75, 0xEE75, 0xEE76, 0xEE96,
    0xEE96, 0xEE75, 0xE675, 0xEE75, 0xEE95, 0xEE54, 0xEE54, 0xBCAE, 0xDD91, 0xF6B6, 0xE633, 0xBC2B, 0xCCAD, 0xCCEE, 0xD50F, 0xD54F,
    0xD56F, 0xCD2E, 0xD50E, 0xDD90, 0xE5D1, 0xE5F1, 0xDD8F, 0xDD90, 0xE5D0, 0xDD6F, 0xDD6F, 0xDD8F, 0xE5D0, 0xDD8F, 0xDD6E, 0xE5AF,
    0xDD4D, 0xD4CB, 0xD4CC, 0xDD0C, 0xDD2C, 0xDD0C, 0xD4AB, 0xD4EC, 0xEE31, 0xEE10, 0xE58E, 0xE58E, 0xE56E, 0xE5AF, 0xE5AF, 0xEDD0,
    0xEDF0, 0xEDF0, 0xF630, 0xFE8F, 0xFEEF, 0xFF96, 0xFFDD, 0xFF51, 0xFE2D, 0xED0D, 0xE4EC, 0xC409, 0xAB67, 0xA326, 0xA326, 0xA326,
    0x9B06, 0x8AA4, 0x8284, 0x8A85, 0x7A23, 0x69C2, 0x71C2, 0x6160, 0x9327, 0xBC4B, 0x6981, 0x6981, 0x79E2, 0x8A43, 0xA2C4, 0xAAE4,
    0xCC08, 0xDCAB, 0xC3C7, 0xBB66, 0xBBA7, 0xC3C7, 0xC3C8, 0xC3C8, 0xBBC8, 0xBBC7, 0xBBC8, 0xC409, 0xC3E8, 0xC3C8, 0xC3C8, 0xBB88,
    0xB388, 0xBBA8, 0xBBC9, 0xBBA8, 0xB388, 0xBBC9, 0xB387, 0xA306, 0xAB26, 0xA306, 0xA2E5, 0x9AE4, 0x9AC4, 0x9AC4, 0x9AC4, 0xA2E4,
    0xAB05, 0xBBA7, 0xBBA7, 0xC3E8, 0xCC08, 0xCC29, 0xD46A, 0xD48A, 0xD4AB, 0xD4CB, 0xDCEB, 0xDCEB, 0xDCEB, 0xDD0C, 0xE56D, 0xE54D,
    0xFFB8, 0xFFB7, 0xFF56, 0xFF56, 0xFF56, 0xFF76, 0xFF97, 0xFF56, 0xFF56, 0xFF56, 0xFF77, 0xFF77, 0xFF77, 0xFF97, 0xFF97, 0xFF34,
    0xFED2, 0xFE70, 0xFE70, 0xFE90, 0xFE90, 0xFEB1, 0xFEB1, 0xFE90, 0xFEB0, 0xFE90, 0xFE6F, 0xFE2F, 0xFE2F, 0xFE90, 0xFEB0, 0xFED1,
    0xFED1, 0xFE90, 0xFEF1, 0xFEF2, 0xFF32, 0xFF73, 0xFF73, 0xFF93, 0xFF93, 0xFF52, 0xFF96, 0xFF53, 0xFEF1, 0xFF11, 0xFE90, 0xFE90,
    0xFEB0, 0xFEB0, 0xFED1, 0xFED1, 0xFED1, 0xFED1, 0xFED1, 0xFED1, 0xFF33, 0xFF95, 0xFF33, 0xFEF1, 0xFF31, 0xFF11, 0xFF31, 0xFF31,
    0xFFB5, 0xFFF8, 0xFFF8, 0xFFF9, 0xFFF9, 0xFFFA, 0xFFFB, 0xFFB8, 0xF6D2, 0xF6F3, 0xFF56, 0xFFF9, 0xFFF9, 0xFFD8, 0xFED4, 0xF653,
    0xF633, 0xFE53, 0xF654, 0xE5B2, 0xDD71, 0xDD71, 0xD530, 0xE613, 0xE5D2, 0xCCEF, 0xCD10, 0xCD0F, 0xCCEF, 0xC4CF, 0xE614, 0xD572,
    0xC4EF, 0xC510, 0xC50F, 0xC4EF, 0xD571, 0xDDF3, 0xD592, 0xDDD3, 0xEE55, 0xEE55, 0xEE55, 0xEE75, 0xEE75, 0xEE75, 0xEE75, 0xEE75,
    0xEE75, 0xE675, 0xEE95, 0xF6D6, 0xF6D6, 0xC4CE, 0xBC2B, 0xBC2B, 0xBC4C, 0xBC6C, 0xC48D, 0xCD0E, 0xD52F, 0xD54F, 0xD54F, 0xDD90,
    0xDDD1, 0xD54F, 0xD54F, 0xDDB0, 0xE5D1, 0xE5F1, 0xDDB0, 0xDD8F, 0xE5F1, 0xE5D0, 0xE5B0, 0xE5D0, 0xEDF1, 0xE5B0, 0xDD6E, 0xDD6E,
    0xE5AF, 0xD4EC, 0xD4EC, 0xDD0C, 0xE54D, 0xD4EB, 0xD4AB, 0xCC6A, 0xE58E, 0xE5AF, 0xD4EC, 0xE58E, 0xE58E, 0xE58E, 0xE5AF, 0xEDF0,
    0xEDF0, 0xEDF0, 0xF610, 0xFE50, 0xFE90, 0xFF13, 0xFF53, 0xFEF0, 0xF60E, 0xDC8A, 0xD46B, 0xCC2A, 0xAB47, 0xA326, 0xA326, 0x9B26,
    0x9B06, 0x92C5, 0x8A85, 0x8A84, 0x7A23, 0x69C2, 0x69C2, 0x69C2, 0x6161, 0x9B47, 0xBC2B, 0x71C2, 0x71C2, 0x8A43, 0xA2C4, 0xAAE5,
    0xBB46, 0xBB87, 0xD46A, 0xCC49, 0xC3E8, 0xBBC7, 0xC3E8, 0xC3E8, 0xBBC8, 0xC3C8, 0xC3E8, 0xCC29, 0xC409, 0xCC09, 0xC3C9, 0xBBA8,
    0xBBC8, 0xBBC8, 0xBBC9, 0xBBC9, 0xB388, 0xB367, 0xB388, 0xAB46, 0xA2E5, 0xA2E5, 0xA2E5, 0x9AC4, 0x9AC4, 0xA2E5, 0xA2E5, 0xAB05,
    0xB386, 0xBBA7, 0xBBA7, 0xC3E8, 0xCC29, 0xCC49, 0xD48A, 0xD4AA, 0xDCCB, 0xDCCB, 0xDCEB, 0xDCEB, 0xDCEB, 0xDD2C, 0xE54D, 0xDD4D,
    0xFFB8, 0xFFB8, 0xFF77, 0xFF56, 0xFF35, 0xFF56, 0xFF77, 0xFF76, 0xFF77, 0xFF77, 0xFF77, 0xFF97, 0xFFB8, 0xFFD9, 0xFFB8, 0xFF35,
    0xFF13, 0xFED1, 0xFEB0, 0xFE90, 0xFE90, 0xFE70, 0xFE6F, 0xFE90, 0xFE90, 0xFED1, 0xFEB0, 0xFE6F, 0xFE70, 0xFE90, 0xFEB1, 0xFE90,
    0xFE50, 0xFE70, 0xFEF1, 0xFEF2, 0xFEB1, 0xFEF1, 0xFEF1, 0xFF12, 0xFF12, 0xFF32, 0xFF12, 0xFF12, 0xFF32, 0xFF32, 0xFEB0, 0xFEB0,
    0xFED1, 0xFED1, 0xFEB0, 0xFEB0, 0xFED1, 0xFED0, 0xFED1, 0xFEF1, 0xFFB6, 0xFF74, 0xFED0, 0xFEF1, 0xFF11, 0xFF31, 0xFF31, 0xFF31,
    0xFF74, 0xFFB6, 0xFFF8, 0xFFF9, 0xFFF9, 0xFFFA, 0xFFFA, 0xFFFA, 0xFFFC, 0xFE4F, 0xF691, 0xFFFA, 0xFFF9, 0xFFF8, 0xFFD8, 0xF6D4,
    0xFEB4, 0xF756, 0xEE33, 0xEE13, 0xEE13, 0xEDF3, 0xE5D3, 0xEE74, 0xDDD2, 0xE5B2, 0xDDB2, 0xD530, 0xCD10, 0xCCEF, 0xE613, 0xD551,
    0xC4CF, 0xCCEF, 0xCCEF, 0xC48E, 0xD551, 0xE634, 0xE634, 0xE655, 0xE655, 0xE655, 0xEE75, 0xEE75, 0xEE75, 0xEE75, 0xE655, 0xE655,
    0xE655, 0xF695, 0xE613, 0xC4AD, 0xCCEE, 0xCD2F, 0xD52F, 0xD54F, 0xCD2F, 0xCD0F, 0xD52F, 0xCD4F, 0xD54F, 0xD52F, 0xDDB0, 0xDDD1,
    0xDDB0, 0xDDB0, 0xDD90, 0xDDB0, 0xE5B0, 0xE5D0, 0xE5D0, 0xDDB0, 0xE5D0, 0xE5F1, 0xE5D0, 0xE5F0, 0xEDF1, 0xE5D0, 0xE5AF, 0xDD6E,
    0xE5CF, 0xE58E, 0xDD2D, 0xDD0C, 0xDD4D, 0xDD4D, 0xDD0C, 0xCC6A, 0xE58E, 0xE5AF, 0xD4CB, 0xE54D, 0xE56D, 0xE58E, 0xE5AF, 0xEE11,
    0xEE11, 0xEE11, 0xF611, 0xF611, 0xFE51, 0xFE50, 0xFE2F, 0xFE50, 0xFE0F, 0xDCEB, 0xCC29, 0xBBA8, 0xB3A8, 0xAB67, 0xA326, 0x9B06,
    0x9B06, 0x9AE6, 0x92E6, 0x8AA5, 0x8264, 0x7202, 0x69C2, 0x69C2, 0x69C1, 0x6181, 0xA389, 0xB40A, 0x8243, 0x8202, 0xA2C4, 0xAB05,
    0xBB46, 0xBB46, 0xBB46, 0xCC29, 0xDCCB, 0xD46A, 0xC3C7, 0xC3C8, 0xC3C8, 0xBBC8, 0xC3E9, 0xCC29, 0xCC29, 0xCC29, 0xCC29, 0xC409,
    0xBBC8, 0xC409, 0xC409, 0xBBC9, 0xC3E9, 0xBBA8, 0xB387, 0xB387, 0xAB46, 0xA305, 0xA2E5, 0xA2E5, 0xA2E4, 0xA2E4, 0xA2E4, 0xAB05,
    0xBBA7, 0xBBA7, 0xBBA7, 0xC408, 0xCC49, 0xCC69, 0xD48A, 0xD4AA, 0xDCCB, 0xDCCB, 0xDCEB, 0xDD2C, 0xE54D, 0xE54D, 0xE54D, 0xDD4D,
    0xFF77, 0xFF56, 0xFF56, 0xFF56, 0xFF36, 0xFF36, 0xFF77, 0xFF77, 0xFF97, 0xFF97, 0xFF77, 0xFF77, 0xFF77, 0xFF97, 0xFF97, 0xFF35,
    0xFED3, 0xFE91, 0xFE90, 0xFE70, 0xFE4F, 0xF60E, 0xFE2F, 0xFE4F, 0xFE50, 0xFE50, 0xFE70, 0xFE70, 0xFE90, 0xFEB1, 0xFEB1, 0xFE4F,
    0xFE0F, 0xFE4F, 0xFE70, 0xFE50, 0xFDEF, 0xFE30, 0xFE90, 0xFED1, 0xFED1, 0xFF12, 0xFF32, 0xFF72, 0xFF32, 0xFED0, 0xFEB1, 0xFEF2,
    0xFF11, 0xFF12, 0xFEF1, 0xFED1, 0xFED1, 0xFEF1, 0xFEF1, 0xFF95, 0xFF74, 0xFEF1, 0xFF11, 0xFEF0, 0xFEF1, 0xFF31, 0xFF11, 0xFF11,
    0xFF53, 0xFF96, 0xFFF9, 0xFFF9, 0xFFF9, 0xFFF9, 0xFFF9, 0xFFFA, 0xFFFB, 0xFE90, 0xFED1, 0xFFFB, 0xFFF9, 0xFFF9, 0xFFF8, 0xFF56,
    0xFF97, 0xFF97, 0xF613, 0xEE13, 0xEE13, 0xEE13, 0xEE13, 0xEE54, 0xDDB1, 0xDDB1, 0xDDB1, 0xDDB1, 0xDDB1, 0xDD91, 0xE634, 0xDD92,
    0xD530, 0xD551, 0xD530, 0xC4CE, 0xEE54, 0xEE75, 0xE634, 0xEE55, 0xEE55, 0xEE75, 0xEE75, 0xEE75, 0xEE75, 0xEE75, 0xEE95, 0xEE95,
    0xEEB5, 0xDDF2, 0xC48D, 0xC48D, 0xC4AD, 0xCD2F, 0xD550, 0xD550, 0xD570, 0xD550, 0xD550, 0xD590, 0xDD90, 0xD56F, 0xDDD1, 0xE5D1,
    0xDDD1, 0xDDD1, 0xD58F, 0xDDB0, 0xE5D0, 0xE5D0, 0xE5D0, 0xE5D0, 0xE5D0, 0xE5F1, 0xE5F0, 0xE5F0, 0xEDF1, 0xE5D0, 0xE5AF, 0xE5AF,
    0xE5AF, 0xE5CF, 0xE58E, 0xE56E, 0xDD4D, 0xE56D, 0xE58E, 0xD4EC, 0xE56E, 0xF610, 0xDD4C, 0xE56D, 0xE56D, 0xEDCF, 0xEDF1, 0xEDF1,
    0xEE31, 0xEE31, 0xEE11, 0xF611, 0xF630, 0xF610, 0xF610, 0xE56D, 0xE54D, 0xDCCB, 0xCC2A, 0xC3E9, 0xB3A8, 0xAB87, 0xAB67, 0xAB47,
    0xA326, 0x92E6, 0x92E5, 0x8A84, 0x7A23, 0x71E2, 0x71C2, 0x69C2, 0x69C1, 0x71C2, 0x5920, 0xABC9, 0xBC2A, 0x8A63, 0xAAE5, 0xB325,
    0xB366, 0xBB46, 0xBB46, 0xBB66, 0xC408, 0xDCCB, 0xCC29, 0xC408, 0xC408, 0xC409, 0xC409, 0xCC4A, 0xCC4A, 0xCC29, 0xCC29, 0xC409,
    0xBBC8, 0xC3E9, 0xBBC8, 0xC3E9, 0xBBC8, 0xBBC9, 0xBBC9, 0xB367, 0xB387, 0xB367, 0xA305, 0xA2E5, 0xA2E5, 0xA2E4, 0xB346, 0xBB87,
    0xBB87, 0xC3E8, 0xC408, 0xCC29, 0xD469, 0xCC69, 0xD4AA, 0xD4AB, 0xDD0B, 0xE52C, 0xE52C, 0xE54D, 0xE56D, 0xE56D, 0xE54D, 0xDD4D,
    0xFF97, 0xFF57, 0xFF76, 0xFF56, 0xFF56, 0xFF76, 0xFF97, 0xFF77, 0xFF77, 0xFF97, 0xFF77, 0xFF77, 0xFF77, 0xFF76, 0xFF76, 0xFF55,
    0xFED2, 0xFE70, 0xFE2F, 0xFE2F, 0xFE2F, 0xFE2F, 0xFE2F, 0xFE2F, 0xFE2F, 0xFE4F, 0xFEB0, 0xFEF1, 0xFEB1, 0xFEB0, 0xFED1, 0xFEB1,
    0xFEB1, 0xFED1, 0xFE90, 0xFE70, 0xFE50, 0xFE70, 0xFED1, 0xFEF1, 0xFEF1, 0xFED1, 0xFEF1, 0xFF11, 0xFEF1, 0xFEB0, 0xFEF1, 0xFF94,
    0xFF52, 0xFF52, 0xFF53, 0xFF11, 0xFEF1, 0xFEF1, 0xFFB5, 0xFF74, 0xFF11, 0xFF11, 0xFF32, 0xFF11, 0xFF11, 0xFEF1, 0xFEF1, 0xFEF1,
    0xFF33, 0xFFF9, 0xFFFA, 0xFFFA, 0xFFF9, 0xFFF9, 0xFFF9, 0xFFFA, 0xFFFB, 0xFED2, 0xF6B0, 0xFFF9, 0xFFF9, 0xFFF9, 0xFFF9, 0xFFF9,
    0xFFF9, 0xFEF5, 0xF653, 0xEE33, 0xEE13, 0xEE13, 0xEE33, 0xEE33, 0xE5F2, 0xE5F2, 0xDDD1, 0xDDB1, 0xDDB1, 0xDD91, 0xE634, 0xD591,
    0xD530, 0xD550, 0xCD30, 0xCCCE, 0xEE75, 0xEE75, 0xEE55, 0xEE55, 0xEE55, 0xEE75, 0xEE75, 0xEE75, 0xEE95, 0xF6B5, 0xD571, 0xCD0F,
    0xD550, 0xC4CE, 0xC4AD, 0xD570, 0xD550, 0xD550, 0xD550, 0xD550, 0xD550, 0xDD91, 0xDDB1, 0xDDD1, 0xDD90, 0xDDB0, 0xE5F2, 0xDDD1,
    0xDDD1, 0xDDD0, 0xD56F, 0xDDB0, 0xE5D0, 0xE5D0, 0xE5D0, 0xE5D0, 0xE5D0, 0xE5F0, 0xEDF1, 0xE5D0, 0xE5F0, 0xE5D0, 0xDD8E, 0xE5AF,
    0xE5AF, 0xE5AF, 0xE5AF, 0xE5AE, 0xE58E, 0xE56E, 0xE58E, 0xE58E, 0xEDCF, 0xF631, 0xE58E, 0xE5AE, 0xEDAF, 0xEDD0, 0xEE11, 0xEE11,
    0xEE11, 0xEE12, 0xF631, 0xF631, 0xF611, 0xF610, 0xF610, 0xE52D, 0xCC29, 0xCC2A, 0xCC4A, 0xC409, 0xBBC9, 0xB388, 0xB3A8, 0xB3A8,
    0xAB67, 0x9B26, 0x9AE6, 0x92C5, 0x8243, 0x7A23, 0x7202, 0x71E2, 0x69C1, 0x69C1, 0x71C2, 0x6160, 0x9B27, 0xC46B, 0xAB06, 0xAB05,
    0xBB66, 0xC3C7, 0xBB66, 0xBB66, 0xC3C7, 0xC3E8, 0xD48A, 0xD48B, 0xCC6A, 0xCC49, 0xCC4A, 0xCC4A, 0xCC2A, 0xC429, 0xC409, 0xC409,
    0xC3E9, 0xC3E9, 0xC3E9, 0xC3E9, 0xBBC8, 0xB388, 0xB388, 0xB388, 0xAB47, 0xB347, 0xAB26, 0xA2E5, 0xA2E5, 0xAB05, 0xBB66, 0xBB87,
    0xBBA7, 0xC3E8, 0xD449, 0xD449, 0xD469, 0xD46A, 0xD4AB, 0xDCEB, 0xDD2C, 0xE54D, 0xE54D, 0xE54D, 0xE54D, 0xE56D, 0xE56D, 0xE56D,
    0xFF77, 0xFF77, 0xFF97, 0xFF76, 0xFF36, 0xFF76, 0xFF97, 0xFF77, 0xFF97, 0xFF97, 0xFF56, 0xFF76, 0xFF76, 0xFF76, 0xFF76, 0xFF55,
    0xFEB2, 0xFE50, 0xF60F, 0xFE2F, 0xFE70, 0xFE90, 0xFE70, 0xFE4F, 0xFE0F, 0xFE4F, 0xFEB0, 0xFEF1, 0xFED1, 0xFED1, 0xFEF1, 0xFEF1,
    0xFEB0, 0xFE90, 0xFE70, 0xFE2F, 0xFE70, 0xFE90, 0xFE90, 0xFED1, 0xFEF1, 0xFE70, 0xFE70, 0xFE90, 0xFEB0, 0xFED1, 0xFED1, 0xFF32,
    0xFFB3, 0xFFB8, 0xFF97, 0xFF31, 0xFF52, 0xFF54, 0xFFB5, 0xFF72, 0xFF32, 0xFF52, 0xFF52, 0xFF32, 0xFF31, 0xFEF1, 0xFEF1, 0xFF11,
    0xFF96, 0xFF95, 0xFFD7, 0xFFF9, 0xFFFA, 0xFFF8, 0xFFF9, 0xFFFA, 0xFFFA, 0xFFFA, 0xEE91, 0xF756, 0xFFFA, 0xFFF9, 0xFFF9, 0xFFF9,
    0xFFF8, 0xFEF4, 0xFEB4, 0xF693, 0xEE33, 0xEE13, 0xEE34, 0xEE33, 0xE612, 0xE612, 0xE612, 0xDDB1, 0xDDB1, 0xDDB1, 0xE633, 0xDDD2,
    0xD571, 0xD591, 0xCD30, 0xCCCE, 0xE613, 0xEE75, 0xEE75, 0xEE55, 0xEE55, 0xEE75, 0xEE95, 0xF6B6, 0xE613, 0xD591, 0xCCEE, 0xC4CE,
    0xC4CE, 0xCD0F, 0xD570, 0xD550, 0xCD50, 0xD550, 0xD570, 0xD570, 0xDD91, 0xE5D2, 0xE5D2, 0xDDD2, 0xDDD1, 0xDDD1, 0xDDD2, 0xDDD2,
    0xDDD1, 0xDDD0, 0xDD8F, 0xDD6F, 0xDD8F, 0xDD8F, 0xE5D0, 0xE5D0, 0xE5D0, 0xE5D0, 0xE5F0, 0xE5F0, 0xE5D0, 0xEDF0, 0xE5CF, 0xE5AF,
    0xEDF0, 0xE58F, 0xE5AF, 0xE5AF, 0xEDAF, 0xE58E, 0xE56E, 0xE58E, 0xEDCF, 0xEE11, 0xE5AE, 0xEDCF, 0xEDCF, 0xEDF1, 0xEE12, 0xEE12,
    0xEE12, 0xEE12, 0xEE11, 0xF611, 0xEE10, 0xEDCF, 0xE58E, 0xED6E, 0xD48B, 0xC3E9, 0xC409, 0xC409, 0xC3E9, 0xBBE9, 0xBBE9, 0xB3A8,
    0xB387, 0xAB67, 0xA347, 0x9B06, 0x8AA4, 0x8264, 0x8243, 0x7202, 0x69C1, 0x69C2, 0x71E2, 0x7202, 0x69A1, 0xAB88, 0xD48B, 0xB346,
    0xB366, 0xC408, 0xC408, 0xC3C7, 0xC3E8, 0xCC08, 0xC408, 0xD48A, 0xDCEC, 0xD48A, 0xC409, 0xCC29, 0xCC4A, 0xCC29, 0xC409, 0xC429,
    0xC409, 0xC409, 0xC409, 0xC3E9, 0xC409, 0xC3E9, 0xB388, 0xB388, 0xB387, 0xAB06, 0xB346, 0xAB25, 0xA2C4, 0xAB05, 0xBB87, 0xBB87,
    0xBBA7, 0xC3E8, 0xD449, 0xD449, 0xD469, 0xD469, 0xDCCB, 0xDD2C, 0xDD2C, 0xE56D, 0xE54D, 0xE56D, 0xE56D, 0xE56D, 0xE56D, 0xE56D,
    0xFF36, 0xFF56, 0xFF97, 0xFF97, 0xFF77, 0xFF97, 0xFF97, 0xFF77, 0xFF97, 0xFF77, 0xFF56, 0xFF36, 0xFF76, 0xFF76, 0xFF76, 0xFF55,
    0xFED2, 0xFE70, 0xFE2F, 0xFE4F, 0xFE70, 0xFE6F, 0xF5EE, 0xF5CE, 0xFE0F, 0xFE90, 0xFEB0, 0xFEB0, 0xFED1, 0xFEF1, 0xFF12, 0xFE90,
    0xFE0F, 0xFDEF, 0xFDEF, 0xFDEE, 0xFE0E, 0xFE70, 0xFE70, 0xFF12, 0xFF12, 0xFE70, 0xFE70, 0xFE70, 0xFEB0, 0xFED1, 0xFED1, 0xFF11,
    0xFFB3, 0xFFFC, 0xFFB9, 0xFF51, 0xFFB4, 0xFFF8, 0xFF72, 0xFF52, 0xFF52, 0xFF72, 0xFF32, 0xFEF1, 0xFF32, 0xFF11, 0xFED0, 0xFF74,
    0xFF74, 0xFF53, 0xFFD7, 0xFFD7, 0xFFD7, 0xFFF8, 0xFFF9, 0xFFF9, 0xFFF9, 0xFFFB, 0xF691, 0xF776, 0xFFFB, 0xFFF9, 0xFFF9, 0xFFF9,
    0xFFF8, 0xFF96, 0xFFB7, 0xFF76, 0xF653, 0xEE33, 0xF674, 0xEE53, 0xE612, 0xE612, 0xE612, 0xE612, 0xE612, 0xDDD1, 0xE613, 0xE613,
    0xDDD2, 0xDDD2, 0xDDB1, 0xCD0F, 0xBC8D, 0xEE96, 0xEE75, 0xEE55, 0xEE75, 0xF6B6, 0xD570, 0xCD2F, 0xCCEE, 0xC4AD, 0xD530, 0xD570,
    0xD570, 0xD570, 0xD550, 0xD550, 0xD570, 0xDD91, 0xD570, 0xD591, 0xE5D2, 0xE5D2, 0xE5D2, 0xDDD2, 0xDDF2, 0xDDD2, 0xDDD2, 0xDDD2,
    0xE5F2, 0xE5D1, 0xDDD0, 0xDD6F, 0xD54E, 0xD54E, 0xDDAF, 0xDD8F, 0xE5AF, 0xE5D0, 0xE5AF, 0xEDF0, 0xE5F0, 0xEDF0, 0xEDD0, 0xE5D0,
    0xE5CF, 0xEDF0, 0xE5CF, 0xE58E, 0xE5AF, 0xEDCF, 0xE5AF, 0xE5AF, 0xEDCF, 0xEE10, 0xE5CF, 0xEDF0, 0xEDF0, 0xEE11, 0xEE11, 0xEE32,
    0xEE32, 0xEE32, 0xEE11, 0xF611, 0xF610, 0xED8E, 0xD48A, 0xD46A, 0xCC4A, 0xCC09, 0xC3C9, 0xBB88, 0xBBE9, 0xC409, 0xBC09, 0xB3C8,
    0xAB67, 0xAB67, 0xAB68, 0xA326, 0x92C5, 0x8264, 0x7202, 0x71C2, 0x69C2, 0x69C2, 0x69C2, 0x69C1, 0x7A02, 0x8202, 0xB346, 0xDCCB,
    0xBBA7, 0xBBA7, 0xC408, 0xC409, 0xC408, 0xCC29, 0xCC49, 0xCC49, 0xCC6A, 0xDCAB, 0xCC29, 0xC3E8, 0xC409, 0xCC4A, 0xCC2A, 0xC409,
    0xC409, 0xC409, 0xC409, 0xBBC8, 0xBBA8, 0xBBC8, 0xBBC8, 0xBBA8, 0xBBA8, 0xA305, 0xA2E5, 0xAAE5, 0xAB05, 0xB325, 0xBB66, 0xBB87,
    0xCC08, 0xCC29, 0xCC49, 0xCC29, 0xD48A, 0xDCEB, 0xDCEB, 0xDD0C, 0xDD2C, 0xDD4C, 0xDD2C, 0xDD2C, 0xE54D, 0xE56D, 0xE56D, 0xE56D,
    0xFF56, 0xFF77, 0xFF77, 0xFF77, 0xFF97, 0xFF97, 0xFF97, 0xFF97, 0xFF97, 0xFF76, 0xFF76, 0xFF56, 0xFF77, 0xFF97, 0xFF77, 0xFF76,
    0xFF14, 0xFE91, 0xF60E, 0xFE0F, 0xFE2F, 0xFE0F, 0xF60E, 0xFE2F, 0xFE0E, 0xF62F, 0xFEB0, 0xFED1, 0xFEF1, 0xFEF1, 0xFF11, 0xFED1,
    0xFE90, 0xFE50, 0xFE50, 0xFE4F, 0xFE8F, 0xFEB0, 0xFE90, 0xFEF1, 0xFE90, 0xFEB0, 0xFED0, 0xFED0, 0xFED1, 0xFED0, 0xFED1, 0xFF31,
    0xFFB4, 0xFFFC, 0xFFDC, 0xFFD8, 0xFFFB, 0xFFD8, 0xFF72, 0xFF32, 0xFF72, 0xFF72, 0xFF52, 0xFF12, 0xFF11, 0xFEF1, 0xFF54, 0xFF95,
    0xFF32, 0xFF52, 0xFFB6, 0xFFF9, 0xFFD9, 0xFFF9, 0xFFF9, 0xFFF8, 0xFFF9, 0xFFFA, 0xEE70, 0xF6D3, 0xFFB7, 0xFFF9, 0xFFF9, 0xFFF9,
    0xFFF9, 0xFFF9, 0xFFF9, 0xFFD7, 0xFEB4, 0xFE73, 0xF693, 0xF653, 0xEE33, 0xE633, 0xE633, 0xE613, 0xE613, 0xDDD1, 0xE613, 0xE613,
    0xDDB1, 0xDDD2, 0xE5F2, 0xCD2F, 0xC4AE, 0xF6B6, 0xEE96, 0xEE96, 0xEE75, 0xD530, 0xC4AD, 0xCD0F, 0xCD2F, 0xD570, 0xD550, 0xD570,
    0xD591, 0xD570, 0xD570, 0xD570, 0xD570, 0xDDB1, 0xDDD2, 0xDDB1, 0xDDD2, 0xE5D2, 0xE5F2, 0xDDF2, 0xDDD2, 0xDDF2, 0xDDF2, 0xE5F2,
    0xE5F2, 0xE5F1, 0xE5F2, 0xDD6F, 0xD54E, 0xD54E, 0xDD8F, 0xDD4E, 0xDD4E, 0xE5B0, 0xDD6E, 0xE58F, 0xEDF0, 0xE5F0, 0xEDF0, 0xEDD0,
    0xE5CF, 0xEDF0, 0xEDF0, 0xE5CF, 0xE5AF, 0xE5AF, 0xE5CF, 0xEDCF, 0xEDD0, 0xEE11, 0xE5AF, 0xE5CF, 0xEDF0, 0xEDF1, 0xEE11, 0xEE32,
    0xEE32, 0xEE32, 0xEE11, 0xEDF0, 0xEDD0, 0xE56E, 0xD4AB, 0xCC09, 0xC409, 0xC409, 0xC409, 0xC3E9, 0xBBA8, 0xBBC8, 0xBBE9, 0xBBC9,
    0xB388, 0xB388, 0xAB67, 0xA326, 0x92A4, 0x8243, 0x71E1, 0x69C1, 0x69C2, 0x69C2, 0x69C2, 0x69A1, 0x79E2, 0x8A22, 0xAB05, 0xC3E7,
    0xCC29, 0xD449, 0xCC28, 0xC408, 0xCC09, 0xCC09, 0xC408, 0xCC09, 0xC409, 0xC409, 0xD46A, 0xCC29, 0xC409, 0xC429, 0xCC4A, 0xCC2A,
    0xC409, 0xC3E9, 0xC409, 0xC3E9, 0xBBA8, 0xBB88, 0xB367, 0xB367, 0xAB46, 0xA2E5, 0xA2A4, 0x9A84, 0xAB05, 0xBBA7, 0xBBA7, 0xC3A7,
    0xC3E8, 0xD469, 0xD469, 0xD469, 0xDCCB, 0xDD0C, 0xDD0C, 0xDD0C, 0xDD0C, 0xDD0C, 0xDD0C, 0xDD2C, 0xE56D, 0xE56D, 0xE56D, 0xE56D,
    0xFF77, 0xFF97, 0xFF77, 0xFF97, 0xFFB7, 0xFF77, 0xFF77, 0xFF97, 0xFF56, 0xFF76, 0xFF76, 0xFF77, 0xFF56, 0xFF56, 0xFF97, 0xFF76,
    0xFEF4, 0xFE70, 0xF5EE, 0xFE0E, 0xFE0E, 0xFE0F, 0xFE0F, 0xFE0F, 0xF5EE, 0xFE2F, 0xFE90, 0xFEB0, 0xFEB0, 0xFED1, 0xFED1, 0xFED1,
    0xFEB1, 0xFE4F, 0xFE2F, 0xFE2F, 0xFE6F, 0xFED1, 0xFE8F, 0xFE2F, 0xFE70, 0xFE90, 0xFEB0, 0xFF12, 0xFF31, 0xFEF1, 0xFF10, 0xFF94,
    0xFFF9, 0xFFFD, 0xFFFE, 0xFFFE, 0xFFFD, 0xFFF6, 0xFF92, 0xFF72, 0xFF72, 0xFF32, 0xFF52, 0xFF52, 0xFF31, 0xFF32, 0xFF74, 0xFF32,
    0xFF31, 0xFF52, 0xFFB5, 0xFFFA, 0xFFFA, 0xFFF8, 0xFFF8, 0xFFF8, 0xFFF9, 0xFFFA, 0xFF77, 0xF713, 0xF64E, 0xFFD8, 0xFFFA, 0xFFF9,
    0xFFF9, 0xFFF9, 0xFFB8, 0xFF76, 0xFED3, 0xFF36, 0xFF57, 0xF693, 0xEE33, 0xEE33, 0xE633, 0xE613, 0xE613, 0xE5F2, 0xE613, 0xE613,
    0xDDF2, 0xDDD2, 0xDDF2, 0xCD2F, 0xC4AE, 0xFF17, 0xEE96, 0xDE13, 0xDDB2, 0xB42C, 0xCCEE, 0xDDB1, 0xD590, 0xD590, 0xD570, 0xD570,
    0xDDD1, 0xDDB1, 0xD570, 0xD591, 0xDDD2, 0xDDD2, 0xDDF2, 0xDDD2, 0xDDF2, 0xDDF2, 0xE5F2, 0xE5F2, 0xDDD1, 0xE5F2, 0xDDD1, 0xE5F2,
    0xE5F2, 0xE5D2, 0xE5F2, 0xDD8F, 0xD54E, 0xD54E, 0xD54E, 0xD50D, 0xCC8B, 0xDD4E, 0xE58F, 0xC42A, 0xDD6F, 0xEE31, 0xEDD0, 0xEDD0,
    0xE5CF, 0xE5CF, 0xEDF0, 0xEDF0, 0xEDF0, 0xE5CF, 0xE5CF, 0xE5CF, 0xEDD0, 0xEE11, 0xE5AF, 0xE5AF, 0xEDF0, 0xEE11, 0xEE11, 0xEE31,
    0xEE12, 0xEE32, 0xEE11, 0xEDF0, 0xE58E, 0xD4CB, 0xD48A, 0xCC4A, 0xCC29, 0xCC09, 0xC409, 0xC409, 0xC409, 0xBBC8, 0xB3A8, 0xB388,
    0xB388, 0xB3A8, 0xB388, 0xAB67, 0xA306, 0x8AA4, 0x7A23, 0x7A02, 0x69E2, 0x69C2, 0x69C2, 0x69C2, 0x69C1, 0x8222, 0xAB05, 0xC3C7,
    0xC3E7, 0xD469, 0xD469, 0xD469, 0xCC49, 0xCC28, 0xCC29, 0xC409, 0xC409, 0xC409, 0xC409, 0xCC4A, 0xD46A, 0xD46A, 0xCC4A, 0xCC4A,
    0xCC4A, 0xCC2A, 0xC409, 0xC3E9, 0xBBE9, 0xBB88, 0xB367, 0xB367, 0xAB46, 0xA2E5, 0xA2A4, 0xA2A4, 0xB325, 0xC3C7, 0xC3C7, 0xC3E8,
    0xCC08, 0xD449, 0xD46A, 0xD48A, 0xD4AA, 0xDCEB, 0xDD2C, 0xDD2C, 0xDD0C, 0xDD0C, 0xDD0C, 0xDD0C, 0xDD4D, 0xE54D, 0xE56D, 0xE58E,
    0xFF77, 0xFF56, 0xFF56, 0xFF76, 0xFF77, 0xFF56, 0xFF56, 0xFF76, 0xFF76, 0xFF76, 0xFF76, 0xFF76, 0xFF56, 0xFF77, 0xFF97, 0xFF76,
    0xFEF3, 0xFE70, 0xFE50, 0xFE2F, 0xFE2F, 0xFE4F, 0xFE4F, 0xFE4F, 0xFE2F, 0xF60E, 0xFE2F, 0xFE4F, 0xFE70, 0xFE70, 0xFE70, 0xFE70,
    0xFE91, 0xFEB1, 0xFEB0, 0xFE70, 0xFE70, 0xFF96, 0xFEF1, 0xFE0E, 0xFE2F, 0xFE2E, 0xFED2, 0xFFB7, 0xFEF1, 0xFF73, 0xFFF8, 0xFFDA,
    0xFFFD, 0xFFFE, 0xFFFE, 0xFFFE, 0xFFFC, 0xFFF6, 0xFFB3, 0xFF92, 0xFF72, 0xFEF1, 0xFED1, 0xFEF0, 0xFED1, 0xFF74, 0xFEF1, 0xFE90,
    0xFF11, 0xFF31, 0xFF94, 0xFFF8, 0xFFF8, 0xFFF8, 0xFFF9, 0xFFF9, 0xFFF9, 0xFFF9, 0xFFFA, 0xFFFA, 0xFE8F, 0xFFD8, 0xFFF9, 0xFFF9,
    0xFFF9, 0xFFF9, 0xFF56, 0xFEB3, 0xFED3, 0xFF78, 0xFFBA, 0xF6B4, 0xEE54, 0xEE53, 0xEE33, 0xE613, 0xE613, 0xE613, 0xE613, 0xE613,
    0xE5F2, 0xDDD2, 0xDDF2, 0xD550, 0xC4AE, 0xEE95, 0xDDD2, 0xBC4C, 0xBC8D, 0xDD71, 0xDD91, 0xD570, 0xDDB1, 0xDDD1, 0xD5B1, 0xD591,
    0xDDD2, 0xDDD1, 0xD591, 0xDDB2, 0xE5F2, 0xDDF2, 0xE5F2, 0xDDD2, 0xE5F2, 0xDDD2, 0xE5F3, 0xDDD1, 0xDDB0, 0xDDD1, 0xDDB0, 0xE5D1,
    0xE5F2, 0xE5F1, 0xE5D1, 0xE5B0, 0xD54E, 0xD56E, 0xDD6E, 0xDD2D, 0xCC8B, 0xCCAB, 0xE56E, 0xC42A, 0xC42A, 0xE5AF, 0xE5CF, 0xE5CF,
    0xEDD0, 0xEDD0, 0xEDF0, 0xEDF0, 0xEDD0, 0xEDF0, 0xEDD0, 0xE5CF, 0xE5D0, 0xEE31, 0xEDF1, 0xE5F0, 0xEE11, 0xEE11, 0xEDF0, 0xEE10,
    0xEE11, 0xEE11, 0xEE10, 0xEE10, 0xE5AE, 0xD4CB, 0xCC49, 0xCC29, 0xCC4A, 0xD46A, 0xCC6A, 0xCC4A, 0xCC29, 0xC409, 0xC3E9, 0xBBE9,
    0xB3A8, 0xB388, 0xB388, 0xAB87, 0xA347, 0x92C5, 0x8263, 0x7A23, 0x69C1, 0x69C2, 0x71E2, 0x71C2, 0x7A02, 0x8A22, 0xA2E5, 0xC3E7,
    0xC3C7, 0xCC49, 0xCC49, 0xD469, 0xD489, 0xCC69, 0xCC29, 0xC429, 0xC408, 0xCC29, 0xCC09, 0xCC29, 0xCC6A, 0xD48B, 0xD48B, 0xCC4A,
    0xCC4A, 0xCC4A, 0xCC4A, 0xC409, 0xC409, 0xBBC8, 0xB367, 0xAB26, 0xAB05, 0xA2E5, 0xAB05, 0xB325, 0xB325, 0xBB87, 0xC3E7, 0xCC28,
    0xCC49, 0xCC49, 0xD469, 0xD469, 0xD4AA, 0xDD0B, 0xDD2C, 0xE52C, 0xDD2C, 0xDD2C, 0xDD0C, 0xDD0C, 0xDD0C, 0xDD4C, 0xE54D, 0xE54D,
    0xFF76, 0xFF56, 0xFF15, 0xFF56, 0xFF77, 0xFF56, 0xFF56, 0xFF76, 0xFF76, 0xFF76, 0xFF76, 0xFF76, 0xFF76, 0xFF56, 0xFF36, 0xFF35,
    0xFF14, 0xFE91, 0xFE2F, 0xFE2F, 0xFE6F, 0xFE90, 0xFE90, 0xFE90, 0xFE70, 0xF62F, 0xFE0F, 0xF5CE, 0xF5AE, 0xF5CE, 0xFE0F, 0xFE0F,
    0xFE50, 0xFEB0, 0xFEB0, 0xFE4F, 0xFE90, 0xFEF2, 0xFE90, 0xFE2F, 0xFE2F, 0xFE2F, 0xFE6F, 0xFED1, 0xFEB0, 0xFEF1, 0xFF32, 0xFFB9,
    0xFFFE, 0xFFFE, 0xFFFE, 0xFFFE, 0xFFFF, 0xFFF9, 0xFFB3, 0xFF51, 0xFF11, 0xFEF0, 0xFED0, 0xFE8F, 0xFF33, 0xFF53, 0xFF11, 0xFF52,
    0xFF11, 0xFF11, 0xFF74, 0xFFF7, 0xFFF9, 0xFFF9, 0xFFF9, 0xFFF9, 0xFFF8, 0xFFF9, 0xFFFA, 0xFFD9, 0xFE8F, 0xFFD9, 0xFFFA, 0xFFF9,
    0xFFF9, 0xFFF9, 0xFFD8, 0xFF35, 0xFED4, 0xFEF4, 0xFEF4, 0xFE94, 0xEE54, 0xEE53, 0xEE33, 0xE633, 0xE633, 0xE613, 0xE613, 0xE613,
    0xE613, 0xDDD2, 0xDDD2, 0xDDD2, 0xCD0F, 0xB46D, 0xC4EF, 0xDDB1, 0xDDB1, 0xDDB1, 0xDD91, 0xDDB1, 0xDDF2, 0xDDF2, 0xDDF2, 0xDDF2,
    0xDDF2, 0xDDD2, 0xDDD2, 0xE5F3, 0xE5F3, 0xDDF2, 0xE5F2, 0xE5F2, 0xE5F3, 0xDDF2, 0xE5F2, 0xDDD1, 0xDDB0, 0xD58F, 0xDD90, 0xE5D1,
    0xE5F2, 0xE5D0, 0xE5D0, 0xE5D0, 0xD56E, 0xDD6E, 0xE58F, 0xDD4E, 0xD50D, 0xDD0D, 0xE56E, 0xDD2D, 0xBBC9, 0xCCAB, 0xE5CF, 0xE5AF,
    0xE5CF, 0xEDD0, 0xEDF0, 0xEDF0, 0xEDD0, 0xEDD0, 0xEDD0, 0xE5D0, 0xE5D0, 0xEE11, 0xEE11, 0xEE11, 0xEE12, 0xEE32, 0xEE11, 0xEE11,
    0xEE10, 0xEE10, 0xEDCF, 0xDD4D, 0xDD2D, 0xDCCB, 0xD48B, 0xCC2A, 0xCC4A, 0xCC4A, 0xCC4A, 0xCC4A, 0xCC4A, 0xC409, 0xC409, 0xC429,
    0xCC6A, 0xBBA8, 0xB388, 0xAB67, 0xA326, 0x92C5, 0x8264, 0x8263, 0x69C1, 0x69C1, 0x71E2, 0x71C2, 0x8223, 0xA2C4, 0xAB26, 0xC3C7,
    0xC3C7, 0xCC28, 0xCC49, 0xCC49, 0xD469, 0xD469, 0xCC49, 0xCC29, 0xC429, 0xCC29, 0xCC6A, 0xCC4A, 0xCC29, 0xCC6A, 0xD4AB, 0xD4AB,
    0xCC4A, 0xC409, 0xC3E9, 0xC3E9, 0xC409, 0xC3E9, 0xBBA8, 0xAB05, 0xA2E5, 0xAAE4, 0xAB05, 0xB305, 0xB325, 0xBB87, 0xC3E8, 0xCC48,
    0xCC28, 0xCC48, 0xCC49, 0xD469, 0xD4AA, 0xD48A, 0xD4CB, 0xDD2C, 0xE54D, 0xE54D, 0xE54D, 0xE56D, 0xE56D, 0xE54D, 0xE54D, 0xE56D,
    0xFF56, 0xFF36, 0xFF15, 0xFF76, 0xFF77, 0xFF76, 0xFF56, 0xFF56, 0xFF56, 0xFF56, 0xFF56, 0xFF76, 0xFF56, 0xFF36, 0xFF15, 0xFF35,
    0xFF14, 0xFEB1, 0xFE2F, 0xFE0E, 0xFE4F, 0xFE70, 0xFE70, 0xFE70, 0xFE4F, 0xF60E, 0xF60E, 0xF5EE, 0xF5CE, 0xFDEF, 0xFE0F, 0xFE0F,
    0xFE0F, 0xFE50, 0xFE50, 0xFE90, 0xFEB1, 0xFE2F, 0xFDEE, 0xFE4F, 0xFE6F, 0xFE2F, 0xFE4F, 0xFE4F, 0xFE6F, 0xFE8F, 0xFECF, 0xFF31,
    0xFFD9, 0xFFFF, 0xFFFF, 0xFFFF, 0xFFFF, 0xFFFB, 0xFF92, 0xFF11, 0xFF11, 0xFF31, 0xFEF0, 0xFF12, 0xFF54, 0xFF32, 0xFF11, 0xFF32,
    0xFEF1, 0xFEF1, 0xFF32, 0xFF95, 0xFFF8, 0xFFF8, 0xFFD7, 0xFFD8, 0xFFF8, 0xFFF9, 0xFFFA, 0xFFD9, 0xF68E, 0xFFD8, 0xFFFA, 0xFFF9,
    0xFFF9, 0xFFF9, 0xFFF9, 0xFF35, 0xFEB3, 0xFEB3, 0xFE94, 0xF694, 0xF674, 0xF674, 0xEE54, 0xEE33, 0xE633, 0xEE33, 0xE613, 0xE613,
    0xE613, 0xDDD2, 0xDDD2, 0xDDD1, 0xDDD2, 0xDDF2, 0xDDD2, 0xDDD2, 0xDDF2, 0xDDF2, 0xDDF2, 0xDDF2, 0xDDF2, 0xDDF2, 0xDDF2, 0xDDF2,
    0xDDF2, 0xDDF2, 0xE5F2, 0xE5F3, 0xE5F3, 0xE5F3, 0xE5F3, 0xE5F3, 0xE5F3, 0xDDD2, 0xDDD1, 0xE5F2, 0xDDB0, 0xDD8F, 0xD56F, 0xE5B1,
    0xE5F1, 0xDDB0, 0xE5D0, 0xE5F1, 0xDD8F, 0xD54E, 0xE5AF, 0xE58F, 0xDD8E, 0xDD6E, 0xDD6E, 0xE5AF, 0xC46A, 0xC46A, 0xE5AF, 0xE5AF,
    0xE5AF, 0xEDF0, 0xEDF0, 0xEDF0, 0xEDF0, 0xEDF0, 0xE5D0, 0xE5D0, 0xE5D0, 0xEE11, 0xEE11, 0xEE11, 0xEE11, 0xEE12, 0xEE32, 0xEE11,
    0xEE11, 0xEDF0, 0xE5AE, 0xD4CB, 0xD46A, 0xD46A, 0xD48B, 0xD48B, 0xD46A, 0xCC4A, 0xCC2A, 0xCC4A, 0xCC4A, 0xC409, 0xC3E8, 0xDDAF,
    0xF736, 0xC428, 0xBBC7, 0xAB67, 0xA326, 0x92C5, 0x8264, 0x7A43, 0x71E2, 0x7202, 0x7202, 0x71C1, 0x8222, 0xA2E5, 0xB345, 0xC3E7,
    0xCC08, 0xC408, 0xCC49, 0xCC49, 0xCC49, 0xCC49, 0xCC49, 0xCC49, 0xCC49, 0xC429, 0xCC6A, 0xD48A, 0xCC4A, 0xCC4A, 0xCC4A, 0xD48B,
    0xD48B, 0xCC4A, 0xC429, 0xC409, 0xBBC8, 0xBBC8, 0xBBA8, 0xAB46, 0xAAE5, 0xAAE5, 0xB346, 0xBB66, 0xBB66, 0xBB86, 0xC3E8, 0xD469,
    0xD4A9, 0xD489, 0xD489, 0xD4AA, 0xDCCA, 0xDCEB, 0xDCEB, 0xDD0B, 0xDD2C, 0xDD2C, 0xDD4D, 0xE56D, 0xE56D, 0xE58E, 0xE56D, 0xE56D,
    0xFF15, 0xFF36, 0xFF36, 0xFF56, 0xFF56, 0xFF56, 0xFF56, 0xFF56, 0xFF56, 0xFF56, 0xFF76, 0xFF76, 0xFF56, 0xFF56, 0xFF36, 0xFF35,
    0xFF55, 0xFEF3, 0xFE70, 0xFE2F, 0xFE4F, 0xFE70, 0xFE70, 0xFE70, 0xFE70, 0xFE2F, 0xFE2F, 0xFE0F, 0xF5CE, 0xFE0F, 0xFE50, 0xFE90,
    0xFE90, 0xFE70, 0xFE50, 0xFE70, 0xFE2F, 0xFE0F, 0xFE50, 0xFE2F, 0xFE2F, 0xFE0E, 0xFE4F, 0xFE6F, 0xFE6F, 0xFE90, 0xFED0, 0xFF31,
    0xFFF9, 0xFFFF, 0xFFB9, 0xFFB6, 0xFFFB, 0xFFFE, 0xFFB4, 0xFF30, 0xFF11, 0xFF10, 0xFEF0, 0xFF95, 0xFF33, 0xFED1, 0xFF32, 0xFF32,
    0xFEF1, 0xFEF1, 0xFEF1, 0xFF53, 0xFFD7, 0xFFD7, 0xFFD7, 0xFFD7, 0xFFD6, 0xFFF7, 0xFFF9, 0xFFFA, 0xFF75, 0xFED0, 0xFFD8, 0xFFFA,
    0xFFF9, 0xFFF9, 0xFFF9, 0xFF77, 0xFF56, 0xFF56, 0xF6B5, 0xF674, 0xF695, 0xF675, 0xEE54, 0xEE33, 0xEE33, 0xEE13, 0xE613, 0xE613,
    0xE633, 0xDDF2, 0xDDD2, 0xDDD1, 0xDDD2, 0xDDF2, 0xE613, 0xE613, 0xE613, 0xE612, 0xE612, 0xE5F2, 0xE5F2, 0xDDF3, 0xDDF2, 0xDDF3,
    0xE613, 0xE5F3, 0xE5F3, 0xE5F3, 0xE5F3, 0xE5F3, 0xE5F3, 0xE5F3, 0xE5F2, 0xDDF2, 0xE5F2, 0xE5F2, 0xDDB1, 0xDD8F, 0xCD0D, 0xDD6F,
    0xE5F1, 0xE5D0, 0xE5B0, 0xE5F1, 0xE5D0, 0xDD8F, 0xE5D0, 0xE5AF, 0xE58E, 0xDD8E, 0xDD8E, 0xDD8E, 0xE56E, 0xD50C, 0xDD2D, 0xE5AF,
    0xE5AF, 0xE5AF, 0xEDD0, 0xEDF0, 0xEDF0, 0xEDD0, 0xE5D0, 0xE5D0, 0xE5D0, 0xEDF0, 0xEDF1, 0xEE11, 0xEE12, 0xEE11, 0xEE12, 0xEE32,
    0xF631, 0xEDAF, 0xE56D, 0xDCEC, 0xD44A, 0xCC4A, 0xCC4A, 0xD46A, 0xD46A, 0xCC4A, 0xC3E9, 0xC409, 0xCC29, 0xCC6A, 0xCC49, 0xE653,
    0xFFDB, 0xDD6D, 0xCCAA, 0xB387, 0xA326, 0x92C5, 0x8A84, 0x7A23, 0x71E2, 0x69E2, 0x69C1, 0x9264, 0x9AE5, 0xAAE5, 0xBB86, 0xC3E7,
    0xCC08, 0xC3E7, 0xCC28, 0xCC49, 0xCC29, 0xCC29, 0xCC49, 0xCC49, 0xCC6A, 0xCC6A, 0xCC8A, 0xD48A, 0xD48A, 0xCC6A, 0xD46A, 0xCC4A,
    0xC409, 0xCC2A, 0xCC29, 0xC409, 0xC3E8, 0xBBA7, 0xBBA7, 0xB366, 0xAAE5, 0xAB05, 0xB346, 0xC3A7, 0xC3C7, 0xC3E7, 0xCC08, 0xCC49,
    0xD4A9, 0xD4AA, 0xDCCA, 0xDCEB, 0xDCEB, 0xDD2C, 0xDD2C, 0xDD2B, 0xDD2B, 0xDD2C, 0xDD4D, 0xE54D, 0xE54D, 0xE56D, 0xE58E, 0xE56E,
    0xFF36, 0xFF56, 0xFF56, 0xFF56, 0xFF56, 0xFF36, 0xFF15, 0xFF36, 0xFF56, 0xFF56, 0xFF76, 0xFF56, 0xFF36, 0xFF56, 0xFF56, 0xFF56,
    0xFF56, 0xFEF3, 0xFE70, 0xFE30, 0xFE2F, 0xFE2F, 0xFE2F, 0xFE2F, 0xFE70, 0xFE4F, 0xF5EE, 0xF5AE, 0xF5CE, 0xFE50, 0xFEB0, 0xFED1,
    0xFE90, 0xFE30, 0xFDEF, 0xFE2F, 0xFE4F, 0xFE70, 0xFE90, 0xFE4F, 0xFE2F, 0xFE4F, 0xFE90, 0xFE90, 0xFE8F, 0xFE90, 0xFEAF, 0xFF73,
    0xFFF8, 0xFFFC, 0xFF95, 0xFF50, 0xFF94, 0xFFB7, 0xFFB4, 0xFF50, 0xFEF0, 0xFE8F, 0xFF12, 0xFF54, 0xFE70, 0xFEB0, 0xFED1, 0xFEF1,
    0xFEB0, 0xFE90, 0xFED0, 0xFF73, 0xFFD7, 0xFFD7, 0xFFD7, 0xFFD7, 0xFFD7, 0xFFF8, 0xFFF8, 0xFFFA, 0xFFFA, 0xFF33, 0xFF53, 0xFF76,
    0xFFFA, 0xFFF9, 0xFFF9, 0xFFF9, 0xFFFA, 0xFFF9, 0xF715, 0xF695, 0xF695, 0xF675, 0xEE54, 0xEE54, 0xEE54, 0xEE33, 0xEE13, 0xE613,
    0xE633, 0xE633, 0xDDD2, 0xDDB1, 0xDDD1, 0xDDF2, 0xE613, 0xE613, 0xE613, 0xE612, 0xE612, 0xE612, 0xE613, 0xE613, 0xE613, 0xE613,
    0xE613, 0xE5F3, 0xE613, 0xE5F3, 0xE5F3, 0xE613, 0xE613, 0xE5F3, 0xE5F2, 0xE5F2, 0xE5F3, 0xE5F2, 0xDDD1, 0xD56F, 0xCCEC, 0xD56E,
    0xE5D1, 0xE5D0, 0xE5B0, 0xE5F1, 0xE5D0, 0xE5B0, 0xE5F0, 0xE5B0, 0xE5AF, 0xE5AF, 0xE5AF, 0xE5AF, 0xE5AF, 0xDD4D, 0xDD4D, 0xE58F,
    0xE5CF, 0xE5CF, 0xE5AF, 0xE5AF, 0xEDD0, 0xE5D0, 0xEDD0, 0xEDD0, 0xE5D0, 0xE5D0, 0xEE11, 0xEE12, 0xEE12, 0xEE11, 0xEE11, 0xEE11,
    0xEE11, 0xEDF0, 0xDD2D, 0xD4AB, 0xD46A, 0xCC4A, 0xCC4A, 0xCC4A, 0xD46A, 0xCC4A, 0xC3E9, 0xC409, 0xC408, 0xDDAF, 0xF7B9, 0xFFBB,
    0xFFFD, 0xFFBC, 0xF777, 0xD54C, 0xA306, 0x92C5, 0x8A84, 0x7A23, 0x71E2, 0x69E2, 0x69C1, 0x9A84, 0xAB05, 0xAB05, 0xC3E7, 0xC408,
    0xC408, 0xCC08, 0xCC28, 0xCC29, 0xCC29, 0xCC29, 0xCC49, 0xCC49, 0xCC6A, 0xD4CA, 0xD4AA, 0xD4AA, 0xCC8A, 0xCC6A, 0xD46A, 0xCC4A,
    0xC3E9, 0xC429, 0xCC4A, 0xCC29, 0xBBA7, 0xBB87, 0xB366, 0xB346, 0xAB05, 0xB326, 0xB346, 0xC3C7, 0xC3E7, 0xCC28, 0xD449, 0xD469,
    0xD469, 0xD469, 0xD48A, 0xD4AA, 0xDCCA, 0xDD0B, 0xDD2C, 0xDD2C, 0xDD2C, 0xDD2C, 0xDD4C, 0xE54D, 0xE54D, 0xE56D, 0xE58E, 0xE58E,
    0xFF56, 0xFF56, 0xFF36, 0xFF15, 0xFF15, 0xFF15, 0xFF15, 0xFF16, 0xFF35, 0xFF56, 0xFF36, 0xFF35, 0xFF15, 0xFF36, 0xFF36, 0xFF35,
    0xFF15, 0xFEF3, 0xFE70, 0xFE0F, 0xFDEF, 0xF5EE, 0xFE0F, 0xFDEF, 0xFE0F, 0xFE0F, 0xFE2F, 0xFE4F, 0xFE70, 0xFE90, 0xFE70, 0xFE50,
    0xFE0F, 0xF5AE, 0xF56D, 0xF5CE, 0xFE50, 0xFE4F, 0xFE4F, 0xFE50, 0xFE2F, 0xFE4F, 0xFE90, 0xFE6F, 0xFE90, 0xFE90, 0xFF32, 0xFF93,
    0xFF11, 0xFF75, 0xFF74, 0xFF31, 0xFF51, 0xFF31, 0xFF11, 0xFF30, 0xFEF0, 0xFF32, 0xFF33, 0xFF12, 0xFEB0, 0xFEB0, 0xFEB0, 0xFED0,
    0xFED0, 0xFEB0, 0xFED0, 0xFF31, 0xFF32, 0xFF95, 0xFFD6, 0xFFD6, 0xFFF8, 0xFFF9, 0xFFF9, 0xFFF9, 0xFFFA, 0xFFFB, 0xFF33, 0xF6F2,
    0xFFFB, 0xFFF9, 0xFFF9, 0xFFF9, 0xFFF9, 0xFFD9, 0xFFF8, 0xFF16, 0xF695, 0xF695, 0xEE55, 0xEE75, 0xEE75, 0xEE54, 0xEE33, 0xEE33,
    0xE634, 0xE633, 0xDDF2, 0xDDD1, 0xDDD1, 0xDDF2, 0xE613, 0xE613, 0xE613, 0xE613, 0xDDF3, 0xDDF2, 0xE613, 0xE613, 0xE633, 0xE613,
    0xE613, 0xE613, 0xE5F3, 0xE613, 0xE613, 0xE613, 0xE613, 0xE5F3, 0xE613, 0xE5F2, 0xE5F2, 0xE5F2, 0xE5D1, 0xDD6F, 0xCCED, 0xD54E,
    0xE5B0, 0xE5D0, 0xE5D0, 0xE5F1, 0xE5B0, 0xDDB0, 0xEDF1, 0xE5D0, 0xE5B0, 0xE5F0, 0xEE11, 0xEDF0, 0xE5AF, 0xE5AF, 0xE58E, 0xDD8E,
    0xE5CF, 0xE5AF, 0xE5AF, 0xDD8F, 0xE58F, 0xE5AF, 0xE5D0, 0xEDF0, 0xEDF1, 0xEDF0, 0xEE11, 0xEE12, 0xEE12, 0xEE12, 0xEDD0, 0xE5AF,
    0xE58E, 0xE58E, 0xDD0C, 0xD4AB, 0xDCCB, 0xCC6A, 0xCC2A, 0xCC4A, 0xCC4A, 0xCC2A, 0xC409, 0xC3E9, 0xCC29, 0xD4CB, 0xE58D, 0xF717,
    0xFFFE, 0xEE31, 0xDCCB, 0xBBE8, 0xA306, 0x92C5, 0x8A84, 0x8243, 0x71E2, 0x71C2, 0x71C2, 0x9284, 0xAAE4, 0xAB04, 0xC408, 0xCC28,
    0xCC29, 0xD4AA, 0xD48A, 0xCC49, 0xCC29, 0xCC29, 0xCC69, 0xD48A, 0xD4AA, 0xD4AA, 0xD4AA, 0xD4AA, 0xD4CA, 0xD48A, 0xCC6A, 0xCC49,
    0xC409, 0xC409, 0xCC4A, 0xCC29, 0xC3C7, 0xBB86, 0xB345, 0xAB25, 0xB346, 0xBB66, 0xBB66, 0xC3C7, 0xC3E7, 0xD469, 0xD4AA, 0xD4AA,
    0xD4AA, 0xD4AA, 0xDCCA, 0xDCEB, 0xDCEB, 0xDD0C, 0xDD2C, 0xE54C, 0xE54C, 0xE54D, 0xE54D, 0xE56D, 0xE54D, 0xDD6D, 0xE56D, 0xE56D,
    0xFF36, 0xFF36, 0xFF15, 0xFEF5, 0xFF15, 0xFF36, 0xFF56, 0xFF77, 0xFF76, 0xFF76, 0xFF56, 0xFF35, 0xFF15, 0xFF35, 0xFF35, 0xFF15,
    0xFF15, 0xFF14, 0xFE91, 0xFE0F, 0xFE2F, 0xF5EE, 0xF58E, 0xED8D, 0xF58D, 0xF58D, 0xFE2F, 0xFEB1, 0xFEB1, 0xFEB1, 0xFE90, 0xFE50,
    0xFE0F, 0xFDEF, 0xF5CE, 0xF5EE, 0xFE70, 0xFE70, 0xFE4F, 0xFE4F, 0xFE0F, 0xFE2F, 0xFE4F, 0xFE2F, 0xFE4F, 0xFE90, 0xFF11, 0xFEF1,
    0xFED1, 0xFEF1, 0xFF11, 0xFF31, 0xFF72, 0xFF32, 0xFED0, 0xFEF0, 0xFF31, 0xFF73, 0xFF32, 0xFF12, 0xFF32, 0xFF32, 0xFF31, 0xFF31,
    0xFF31, 0xFF11, 0xFF11, 0xFEF0, 0xFF33, 0xFFD7, 0xFFD8, 0xFFD7, 0xFFD8, 0xFFF9, 0xFFF9, 0xFFF9, 0xFFF9, 0xFFFB, 0xFF33, 0xF6F2,
    0xFFFD, 0xFFFB, 0xFFFA, 0xFFF9, 0xFFF9, 0xFFF9, 0xFFF9, 0xFF16, 0xFEF6, 0xFF16, 0xF675, 0xEE75, 0xEE75, 0xEE54, 0xEE53, 0xE634,
    0xE634, 0xE613, 0xDDF2, 0xDDD2, 0xDDD2, 0xDDF2, 0xE612, 0xE633, 0xE613, 0xE613, 0xE613, 0xE613, 0xE633, 0xE613, 0xE633, 0xE613,
    0xE612, 0xE613, 0xE5F3, 0xDDD2, 0xE613, 0xE613, 0xE613, 0xDDD2, 0xE613, 0xE613, 0xE612, 0xE5F2, 0xE5F2, 0xDD6F, 0xD54E, 0xD56E,
    0xDD8F, 0xE5D0, 0xE5D0, 0xE5F0, 0xE5D0, 0xE5B0, 0xEDF1, 0xEE11, 0xE5D0, 0xEDF1, 0xEE11, 0xEDF1, 0xE5F0, 0xE5CF, 0xE5CF, 0xE5AF,
    0xE5AF, 0xE5CF, 0xE5AF, 0xE5AF, 0xE58F, 0xDD8E, 0xE5D0, 0xE5D0, 0xEDF1, 0xEE12, 0xEE11, 0xEE11, 0xEE31, 0xEE32, 0xEE11, 0xEDAF,
    0xE56E, 0xD4CB, 0xD4AB, 0xD4AB, 0xDCAB, 0xDCCB, 0xD4AB, 0xCC4A, 0xCC4A, 0xCC2A, 0xC3E9, 0xBBE9, 0xC409, 0xD44A, 0xDC28, 0xEE53,
    0xF7DB, 0xF56D, 0xD409, 0xB367, 0x9B06, 0x8AA4, 0x8263, 0x8263, 0x8244, 0x71E2, 0x71C2, 0x9A84, 0xB346, 0xB366, 0xC3E8, 0xCC28,
    0xCC28, 0xD46A, 0xDCAB, 0xD4AA, 0xD48A, 0xD46A, 0xCC49, 0xD48A, 0xD4AA, 0xD4AA, 0xCC69, 0xCC49, 0xD4AA, 0xD4AA, 0xCC69, 0xCC49,
    0xCC29, 0xC3C8, 0xC3E8, 0xC408, 0xC3C8, 0xBB87, 0xAB25, 0xB325, 0xB346, 0xBB86, 0xCBE8, 0xCBE8, 0xCC08, 0xD469, 0xDCAA, 0xDCCA,
    0xDCCA, 0xDCAA, 0xDCCB, 0xE52C, 0xE52C, 0xE52C, 0xE52C, 0xDD2C, 0xDD4D, 0xE54D, 0xE56D, 0xE56E, 0xE56E, 0xDD4D, 0xDD2C, 0xDD4D,
    0xFF36, 0xFF36, 0xFF15, 0xF715, 0xFF56, 0xFF77, 0xFF77, 0xFF77, 0xFF77, 0xFF15, 0xFF15, 0xFF36, 0xFF36, 0xFF36, 0xFF35, 0xFF35,
    0xFF35, 0xFF14, 0xFED2, 0xFE30, 0xF5CE, 0xF5AE, 0xF5AE, 0xF5AE, 0xF5CE, 0xF5CE, 0xFE0F, 0xFE2F, 0xF60F, 0xF60F, 0xFE70, 0xFE70,
    0xFE90, 0xFE90, 0xFE90, 0xFE90, 0xFE50, 0xFE2F, 0xFE50, 0xFE50, 0xFE4F, 0xFE4F, 0xFE4F, 0xFE90, 0xFE90, 0xFE70, 0xFE90, 0xFE70,
    0xFEB0, 0xFE90, 0xFE90, 0xFEF0, 0xFF32, 0xFF11, 0xFED1, 0xFE90, 0xFF32, 0xFF12, 0xFE6F, 0xFEB0, 0xFEF1, 0xFF11, 0xFF11, 0xFED0,
    0xFEB0, 0xFEB0, 0xFED0, 0xFED0, 0xFFB6, 0xFFF9, 0xFFF9, 0xFFF9, 0xFFF9, 0xFFFA, 0xFFFA, 0xFFF9, 0xFFF9, 0xFFF9, 0xFF95, 0xFF33,
    0xFF14, 0xF714, 0xFFF9, 0xFFF9, 0xFFF9, 0xFFF9, 0xFFF9, 0xFFD8, 0xFFD8, 0xF736, 0xF675, 0xEE75, 0xEE54, 0xEE54, 0xEE54, 0xE634,
    0xE634, 0xE613, 0xDDF2, 0xDDF2, 0xDDF2, 0xDDF2, 0xE612, 0xE633, 0xE613, 0xDDF3, 0xE613, 0xE613, 0xE613, 0xE613, 0xE613, 0xE613,
    0xE613, 0xE613, 0xE5F2, 0xDDB1, 0xE613, 0xE613, 0xE613, 0xDDB1, 0xE613, 0xE613, 0xE613, 0xE5F3, 0xE612, 0xDD8F, 0xDD6F, 0xDD8F,
    0xDDAF, 0xE5D0, 0xE5F1, 0xE5F1, 0xEE11, 0xE5F1, 0xE5F1, 0xEE32, 0xE5F1, 0xEE11, 0xEE11, 0xE611, 0xEE10, 0xEDF0, 0xE5CF, 0xE5CF,
    0xEDCF, 0xE5CF, 0xE5CF, 0xE5D0, 0xE5AF, 0xE5AF, 0xE5CF, 0xE5D0, 0xEDF1, 0xEE32, 0xEE32, 0xEE32, 0xE5F0, 0xE5CF, 0xEDD0, 0xEDAF,
    0xE56D, 0xDD0C, 0xD48B, 0xD48B, 0xD48B, 0xD48A, 0xD48B, 0xD48A, 0xCC4A, 0xCC29, 0xC409, 0xBBC8, 0xC3E8, 0xCC29, 0xD44A, 0xE52D,
    0xF631, 0xDC6A, 0xCBE9, 0xB347, 0x9AE5, 0x8A64, 0x8243, 0x8243, 0x8243, 0x9AC5, 0x9284, 0x9263, 0xBBA7, 0xCC08, 0xCC28, 0xCC49,
    0xCC28, 0xC428, 0xD48A, 0xD48A, 0xD48A, 0xD4AA, 0xD48A, 0xD48A, 0xD4CA, 0xD4AA, 0xD4CB, 0xD4AA, 0xCC49, 0xCC49, 0xCC69, 0xCC69,
    0xC429, 0xC3E8, 0xC3E8, 0xC3C8, 0xC3C7, 0xBB87, 0xB366, 0xB346, 0xB345, 0xBB86, 0xD429, 0xCC29, 0xD449, 0xD469, 0xD489, 0xDCCA,
    0xDCEB, 0xDCEB, 0xDCEB, 0xE52C, 0xE52C, 0xE52C, 0xE52C, 0xDD2C, 0xDD2C, 0xDD2D, 0xE56E, 0xE58E, 0xE58E, 0xE56E, 0xE56E, 0xE56D,
    0xFF36, 0xFF36, 0xFF36, 0xFF57, 0xFF36, 0xFF16, 0xFF15, 0xFF15, 0xFF15, 0xFF15, 0xFF15, 0xFF35, 0xFF35, 0xFF36, 0xFF36, 0xFF35,
    0xFF35, 0xFF14, 0xFED3, 0xFE30, 0xED8D, 0xED8E, 0xED8D, 0xF5AE, 0xFE2F, 0xFE2F, 0xFE0F, 0xFE0F, 0xF5CE, 0xF5AE, 0xFE2F, 0xFE2F,
    0xFE30, 0xFE4F, 0xFE70, 0xFE70, 0xFE2F, 0xFE2F, 0xFE0F, 0xFE0F, 0xFE2F, 0xFE4F, 0xFE70, 0xFE4F, 0xFE4F, 0xFE70, 0xFE90, 0xFE90,
    0xFE6F, 0xFE4F, 0xFE4F, 0xFE90, 0xFEF1, 0xFEF0, 0xFEB1, 0xFEF2, 0xFF33, 0xFF11, 0xFE8F, 0xFE8F, 0xFEB0, 0xFEF1, 0xFEF1, 0xFEF1,
    0xFE8F, 0xFED0, 0xFEB0, 0xFEAF, 0xFF11, 0xFF95, 0xFFD7, 0xFFD7, 0xFFF8, 0xFFF9, 0xFFF9, 0xFFF9, 0xFFF7, 0xFFB5, 0xFFF7, 0xFF94,
    0xF68F, 0xF60D, 0xFFB8, 0xFFFA, 0xFFF9, 0xFFF9, 0xFFF9, 0xFFF9, 0xFFF9, 0xF6D6, 0xF675, 0xF675, 0xF675, 0xEE54, 0xEE54, 0xEE34,
    0xEE55, 0xE634, 0xE612, 0xE613, 0xE613, 0xE612, 0xE613, 0xE633, 0xE613, 0xE613, 0xE613, 0xE613, 0xE613, 0xE613, 0xE613, 0xE612,
    0xE613, 0xE613, 0xDDD2, 0xDDD2, 0xE633, 0xE634, 0xE613, 0xDDD1, 0xE613, 0xE613, 0xE613, 0xE613, 0xE612, 0xDD90, 0xDDB0, 0xE5B0,
    0xE5AF, 0xE5D0, 0xE5F1, 0xE5F1, 0xEE11, 0xEE11, 0xE5D0, 0xEE32, 0xEE12, 0xEE11, 0xEDF1, 0xE5F0, 0xEDF0, 0xEE10, 0xE5CF, 0xE5AF,
    0xEDCF, 0xEDF0, 0xE5D0, 0xE5D0, 0xE5D0, 0xEDF0, 0xEDF1, 0xEDF1, 0xEE11, 0xEE12, 0xEE32, 0xEE32, 0xEE31, 0xE58E, 0xDD4D, 0xE56E,
    0xE54D, 0xDD2C, 0xD4CB, 0xD4AB, 0xDCCB, 0xD4AB, 0xD46A, 0xD46A, 0xD48A, 0xCC4A, 0xC3E9, 0xBBE9, 0xC3E9, 0xC409, 0xC409, 0xD46A,
    0xDCAB, 0xCBE9, 0xBBA8, 0xAB46, 0x9AE6, 0x8A64, 0x8243, 0x8243, 0x8223, 0x9AC5, 0xB367, 0xAB05, 0xBB87, 0xCC08, 0xCC49, 0xCC29,
    0xCC29, 0xD469, 0xD46A, 0xD449, 0xD449, 0xD4AA, 0xD4AA, 0xD4AA, 0xD4CA, 0xD4CA, 0xD4CB, 0xD4EB, 0xD48A, 0xCC29, 0xCC29, 0xCC49,
    0xCC29, 0xC429, 0xC3E8, 0xC3E8, 0xBBA7, 0xBB66, 0xBB66, 0xBB86, 0xC3A7, 0xC3A7, 0xCBE8, 0xD469, 0xD489, 0xD489, 0xD489, 0xDCAA,
    0xDCCA, 0xE52C, 0xE52C, 0xE52C, 0xDD4C, 0xDD2C, 0xE54D, 0xE56D, 0xDD4D, 0xDD4D, 0xE56E, 0xE56E, 0xE56E, 0xE56E, 0xE56E, 0xE56E,
    0xFF56, 0xFF36, 0xFF56, 0xFF77, 0xFF36, 0xF6F5, 0xF6F5, 0xFF36, 0xFF56, 0xFF35, 0xFF15, 0xFF15, 0xFF15, 0xFF36, 0xFF36, 0xFF15,
    0xFF15, 0xFF15, 0xFED3, 0xF630, 0xED8D, 0xE54D, 0xED4D, 0xF5AE, 0xFE0F, 0xFE2F, 0xFE50, 0xFE2F, 0xF5CE, 0xFDEF, 0xFDEF, 0xF56D,
    0xED4D, 0xF5CE, 0xFE0F, 0xFE0F, 0xFE0F, 0xFE0F, 0xF5CE, 0xFDEE, 0xFE0F, 0xFE2F, 0xFE4F, 0xFDEE, 0xFE0F, 0xFE70, 0xFEB0, 0xFEB0,
    0xFE4F, 0xFE2F, 0xFE70, 0xFE90, 0xFE90, 0xFED0, 0xFE90, 0xFF32, 0xFEF1, 0xFE6F, 0xFE8F, 0xFE8F, 0xFE6F, 0xFE4F, 0xFE2F, 0xFED0,
    0xFF11, 0xFF11, 0xFED0, 0xFEAF, 0xFEAF, 0xFF53, 0xFFF8, 0xFFF8, 0xFFD8, 0xFFF8, 0xFFD7, 0xFFB6, 0xFFB5, 0xFF94, 0xFF93, 0xFFB4,
    0xFFF5, 0xF66F, 0xFFD9, 0xFFFB, 0xFFF9, 0xFFF9, 0xFFF9, 0xFFF9, 0xFF77, 0xF694, 0xF6B5, 0xF6D5, 0xF675, 0xEE54, 0xEE54, 0xEE75,
    0xEE55, 0xEE34, 0xE633, 0xE634, 0xE613, 0xE613, 0xE633, 0xE634, 0xE633, 0xE613, 0xE613, 0xE613, 0xE613, 0xE613, 0xE613, 0xE613,
    0xE5F3, 0xE5F2, 0xE5D1, 0xDDD1, 0xE5F3, 0xE613, 0xE613, 0xDDD2, 0xE613, 0xEE33, 0xE613, 0xE613, 0xE613, 0xDDB0, 0xE5D0, 0xE5B0,
    0xDDB0, 0xE5D0, 0xEE11, 0xEE11, 0xE5F1, 0xEE11, 0xE5F1, 0xEE12, 0xEE12, 0xEE11, 0xEE11, 0xE5D0, 0xE58F, 0xEDF0, 0xE5CF, 0xE58E,
    0xEDCF, 0xEDF0, 0xEE10, 0xE5F0, 0xE5D0, 0xE5F1, 0xEE12, 0xEE12, 0xEE12, 0xEE11, 0xEE11, 0xEDF1, 0xEE11, 0xEDF0, 0xE58E, 0xDD2D,
    0xDD2C, 0xE52C, 0xE52C, 0xDD0C, 0xDD2C, 0xDCEB, 0xD48A, 0xD46A, 0xCC6A, 0xD46A, 0xC409, 0xBBE9, 0xBBE9, 0xC3E9, 0xC3E9, 0xCC09,
    0xC409, 0xC3C9, 0xBB88, 0xA326, 0x92A4, 0x8243, 0x8223, 0x8223, 0x7A02, 0x8223, 0xBB87, 0xBB87, 0xBB86, 0xCC08, 0xCC49, 0xCC29,
    0xCC29, 0xCC49, 0xD46A, 0xD449, 0xD449, 0xD46A, 0xD4AA, 0xD4CB, 0xD4CB, 0xDCCB, 0xD4AB, 0xD48A, 0xD4AA, 0xD48A, 0xC408, 0xC3E8,
    0xC408, 0xCC08, 0xC408, 0xC3C7, 0xBB87, 0xB366, 0xBB66, 0xC3C7, 0xCBE8, 0xCBE8, 0xCBE7, 0xD469, 0xDCAA, 0xDCAA, 0xDCAA, 0xDCCA,
    0xDCAA, 0xDCEB, 0xE52C, 0xE52C, 0xDD2C, 0xDD2C, 0xDD4D, 0xE56E, 0xE56D, 0xE56E, 0xE56E, 0xE58E, 0xE56E, 0xE56E, 0xDD6E, 0xDD6D,
    0xF6F5, 0xF6D4, 0xFF15, 0xFF16, 0xFEF5, 0xFEF5, 0xFF36, 0xFF56, 0xFF36, 0xFEF5, 0xFEF5, 0xFF35, 0xFF36, 0xFF36, 0xFF36, 0xFF15,
    0xFF15, 0xFF15, 0xFF14, 0xFE71, 0xF60F, 0xF5EF, 0xF5CE, 0xF58D, 0xED8D, 0xFE2F, 0xFE50, 0xFE0F, 0xF5EE, 0xFDCE, 0xF5CE, 0xF5AE,
    0xF60F, 0xFE50, 0xF5EE, 0xF58E, 0xED8D, 0xF5AE, 0xF5CE, 0xF5CE, 0xFDEE, 0xFE0F, 0xFE2F, 0xFE4F, 0xFE70, 0xFE70, 0xFE50, 0xFE50,
    0xFE90, 0xFE90, 0xFEB1, 0xFED1, 0xFEB0, 0xFEB0, 0xFEF1, 0xFEF1, 0xFE4F, 0xFE6F, 0xFE8F, 0xFE8F, 0xFE4F, 0xFE6F, 0xFE4F, 0xFED0,
    0xFF32, 0xFF11, 0xFF11, 0xFF32, 0xFF32, 0xFF53, 0xFFD6, 0xFFF7, 0xFFB6, 0xFFB6, 0xFF95, 0xFF73, 0xFF73, 0xFF73, 0xFF73, 0xFFB4,
    0xFF93, 0xF6B0, 0xF755, 0xFF77, 0xFFFA, 0xFFF9, 0xFFF9, 0xFFF9, 0xFFB7, 0xFF76, 0xFFD7, 0xFF97, 0xEE74, 0xEE75, 0xEE75, 0xEE75,
    0xEE55, 0xEE34, 0xE633, 0xE634, 0xE613, 0xE613, 0xEE54, 0xE634, 0xEE34, 0xE613, 0xE613, 0xE613, 0xE613, 0xE613, 0xE613, 0xE613,
    0xE5F2, 0xE5F2, 0xE5D1, 0xDDB1, 0xDDB1, 0xE633, 0xDDD1, 0xDD90, 0xE613, 0xEE13, 0xE613, 0xE613, 0xE612, 0xE5D1, 0xE5F1, 0xE58F,
    0xE5AF, 0xE5D0, 0xEDF1, 0xEE11, 0xE5F1, 0xE5F1, 0xEDF1, 0xEE11, 0xEE12, 0xEDF1, 0xEDF0, 0xE58F, 0xDD4E, 0xE5AF, 0xEDD0, 0xE5AF,
    0xE5AF, 0xEDD0, 0xEDF0, 0xEE11, 0xEE11, 0xE5F1, 0xEE32, 0xEE11, 0xEE12, 0xEE12, 0xEE11, 0xE5D0, 0xEDD0, 0xEDEF, 0xEDAE, 0xE56D,
    0xDD2C, 0xDD2C, 0xDD2C, 0xDD2C, 0xDD2C, 0xDCEB, 0xD48A, 0xD48A, 0xCC6A, 0xCC29, 0xCC4A, 0xC42A, 0xBBE9, 0xC409, 0xC409, 0xC409,
    0xC409, 0xBBC8, 0xB367, 0xA326, 0x8243, 0x7A22, 0x7A23, 0x8243, 0x8A63, 0x8A63, 0xBB66, 0xC3C8, 0xCBE8, 0xCC08, 0xCC49, 0xD48A,
    0xD469, 0xCC49, 0xD469, 0xD46A, 0xD469, 0xCC49, 0xD4AA, 0xE50C, 0xD4CB, 0xCC6A, 0xD4AB, 0xCC49, 0xCC49, 0xCC49, 0xC408, 0xC3E8,
    0xC408, 0xC408, 0xC3E8, 0xC3C7, 0xBBA7, 0xBB87, 0xB366, 0xC3C7, 0xD449, 0xD429, 0xCC28, 0xD469, 0xDCAA, 0xDCAA, 0xDCAA, 0xDCCA,
    0xDCCA, 0xE50C, 0xE54C, 0xE54C, 0xDD4C, 0xDD2C, 0xE54D, 0xE56E, 0xE56E, 0xE56E, 0xE58E, 0xE58E, 0xE58E, 0xE58E, 0xE58E, 0xE56E,
    0xFF56, 0xFF16, 0xFF16, 0xFF16, 0xFF16, 0xFEF5, 0xFF15, 0xFEF5, 0xFEF5, 0xFF36, 0xFF36, 0xFF36, 0xFF36, 0xFF36, 0xFF36, 0xFF36,
    0xFF15, 0xFF15, 0xFEF4, 0xFEB2, 0xF5EF, 0xF5AE, 0xED8D, 0xE52C, 0xED0C, 0xED4D, 0xED8D, 0xF5AE, 0xF5AE, 0xF5CE, 0xFE0F, 0xFE0F,
    0xFE50, 0xFE50, 0xFDEF, 0xF5EE, 0xFE2F, 0xFE30, 0xFE50, 0xFE0F, 0xFE0F, 0xFE0F, 0xFE0F, 0xFE2F, 0xFE2F, 0xFE0F, 0xFE0F, 0xFE4F,
    0xFED1, 0xFED1, 0xFE70, 0xFE2F, 0xFE2F, 0xFE2E, 0xFEB0, 0xFF11, 0xFE6F, 0xFE6F, 0xFE8F, 0xFEF1, 0xFF33, 0xFF53, 0xFF53, 0xFF73,
    0xFF74, 0xFF73, 0xFF74, 0xFFB5, 0xFFD6, 0xFFD6, 0xFFF6, 0xFFB5, 0xFF52, 0xFF32, 0xFF52, 0xFF72, 0xFF72, 0xFF72, 0xFF93, 0xFF93,
    0xFF93, 0xFFD4, 0xF66F, 0xF670, 0xF798, 0xFFF9, 0xFFF9, 0xFFF9, 0xFFF8, 0xFFF8, 0xFFF8, 0xF776, 0xEE74, 0xEE75, 0xEE75, 0xEE75,
    0xEE75, 0xE633, 0xE5F3, 0xEE34, 0xE613, 0xE634, 0xEE34, 0xEE34, 0xEE34, 0xE613, 0xE613, 0xE613, 0xE613, 0xE613, 0xE5F2, 0xE5F2,
    0xE612, 0xE5F2, 0xDDB1, 0xDDD1, 0xDDB1, 0xE5F2, 0xD56F, 0xDD70, 0xE612, 0xE5F2, 0xE5F2, 0xE612, 0xEE12, 0xEDF1, 0xE5F1, 0xE58F,
    0xE5AF, 0xE5D0, 0xE5D0, 0xEDF1, 0xEDF1, 0xE5F0, 0xE5F0, 0xEE11, 0xEDF1, 0xE5AF, 0xE5AF, 0xDD6D, 0xDD4D, 0xE58E, 0xEDCF, 0xE5CF,
    0xE5AF, 0xE5D0, 0xEDF0, 0xEE11, 0xF652, 0xEDF1, 0xEDF1, 0xEE32, 0xEE12, 0xEDF1, 0xEDF0, 0xEDF0, 0xEDCF, 0xE5AE, 0xE58E, 0xE58E,
    0xE58D, 0xE56D, 0xDD2C, 0xDD0C, 0xDD0C, 0xDD2C, 0xDCEB, 0xD46A, 0xD4AB, 0xCC4A, 0xC3E9, 0xC429, 0xC42A, 0xC42A, 0xC429, 0xC409,
    0xBBC9, 0xBBC9, 0xBBA8, 0xAB47, 0x8263, 0x8223, 0x7A22, 0x8A64, 0xAB26, 0xBB87, 0xBB86, 0xC3C7, 0xCBE8, 0xCC29, 0xD469, 0xDCCA,
    0xDCAA, 0xD46A, 0xD46A, 0xD4AA, 0xD4AA, 0xD48A, 0xD48A, 0xD4CB, 0xDCEB, 0xD4AA, 0xD48A, 0xDCCB, 0xCC49, 0xC408, 0xCC49, 0xCC29,
    0xC408, 0xC3E8, 0xC3C8, 0xC3A7, 0xC3A7, 0xC3C7, 0xC3C7, 0xC3E8, 0xD469, 0xD48A, 0xD48A, 0xD48A, 0xDCAA, 0xDCCA, 0xDCCA, 0xDD0B,
    0xE52C, 0xDD0C, 0xDD2C, 0xE54D, 0xE54D, 0xDD2C, 0xDD4D, 0xE56D, 0xDD4D, 0xE56E, 0xE58E, 0xE58E, 0xE58E, 0xE58E, 0xE58F, 0xE58F,
    0xFFB8, 0xFF97, 0xFF57, 0xFF36, 0xFF77, 0xFF77, 0xFF77, 0xFF57, 0xFF56, 0xFF56, 0xFF56, 0xFF36, 0xFF36, 0xFF36, 0xFF36, 0xFF36,
    0xFF35, 0xFEF4, 0xFED4, 0xFE92, 0xED8E, 0xE50C, 0xE52C, 0xED4D, 0xF5AD, 0xF5AE, 0xF5CE, 0xFE0F, 0xFE0F, 0xFE50, 0xFE30, 0xF5CE,
    0xFDCE, 0xFDCE, 0xFDCE, 0xFDEE, 0xFE4F, 0xFE90, 0xFE90, 0xFE2F, 0xFE0F, 0xFE0F, 0xFDEE, 0xFDCE, 0xFDCE, 0xFDCE, 0xFE2F, 0xFE70,
    0xFE90, 0xFE6F, 0xFE8F, 0xFE4E, 0xFE4E, 0xFE4E, 0xFE8F, 0xFED0, 0xFED0, 0xFEB0, 0xFED1, 0xFF53, 0xFF95, 0xFF94, 0xFFB5, 0xFFB6,
    0xFFB6, 0xFFB5, 0xFF74, 0xFF94, 0xFFD6, 0xFFF7, 0xFFD6, 0xFF73, 0xFF32, 0xFF31, 0xFF11, 0xFEF1, 0xFF31, 0xFF72, 0xFF93, 0xFFB3,
    0xFFB3, 0xFFB3, 0xFFD4, 0xFF53, 0xEDEE, 0xFFFA, 0xFFFA, 0xFFF9, 0xFFF8, 0xFFF8, 0xFFD8, 0xF6B4, 0xF674, 0xEE74, 0xEE75, 0xEE75,
    0xEE55, 0xE5F3, 0xEE13, 0xEE34, 0xEE34, 0xEE34, 0xEE34, 0xEE34, 0xEE34, 0xE613, 0xE613, 0xE613, 0xE613, 0xE613, 0xE5F2, 0xE5F2,
    0xE612, 0xDDD1, 0xDDB0, 0xE5D1, 0xDDB1, 0xDDB0, 0xD54E, 0xDD90, 0xE5D1, 0xDD6F, 0xE5B0, 0xEE12, 0xEE12, 0xEE12, 0xEE11, 0xE58F,
    0xDD6E, 0xE5D0, 0xE5AF, 0xE5D0, 0xEE12, 0xE5D0, 0xDD8F, 0xE5D0, 0xEDF0, 0xE58E, 0xE58E, 0xE54D, 0xDD4D, 0xDD6E, 0xEDCF, 0xEE10,
    0xE5CF, 0xEDF0, 0xEE11, 0xEE11, 0xEE32, 0xEE32, 0xEE11, 0xEDF1, 0xEE11, 0xEDF0, 0xEDCF, 0xEDCF, 0xEDCF, 0xE5AE, 0xE5AE, 0xE58E,
    0xE58E, 0xE58E, 0xDD4C, 0xDD0C, 0xDD2C, 0xDD2C, 0xDCEB, 0xCC6A, 0xD48A, 0xCC6A, 0xC3E8, 0xC3E9, 0xC42A, 0xC42A, 0xC429, 0xC42A,
    0xC429, 0xBBE9, 0xB388, 0xAB67, 0x8263, 0x8222, 0x8223, 0x8A63, 0xAB05, 0xC3A7, 0xC3C7, 0xC3C8, 0xCBE8, 0xD449, 0xDCCA, 0xDCCA,
    0xD4CA, 0xDCAA, 0xDCCB, 0xD4AA, 0xD4AA, 0xD4AA, 0xD4AA, 0xD4CB, 0xDCEB, 0xDCEB, 0xD4AA, 0xD4CB, 0xDCCB, 0xCC49, 0xD46A, 0xCC49,
    0xC408, 0xC3E8, 0xC3C8, 0xC3A7, 0xC3A7, 0xC3A7, 0xCC29, 0xCC49, 0xD469, 0xD48A, 0xD48A, 0xDCCA, 0xDCCA, 0xDCCA, 0xDCCB, 0xE50C,
    0xE52C, 0xE52C, 0xE52C, 0xE54D, 0xE54D, 0xDD2C, 0xDD2C, 0xDD2C, 0xE56D, 0xE56E, 0xE56E, 0xE56E, 0xE58E, 0xE58E, 0xE58E, 0xE56E,
    0xFF77, 0xFF36, 0xFF16, 0xFF16, 0xFF77, 0xFFB8, 0xFF98, 0xFF98, 0xFF77, 0xFF77, 0xFF77, 0xFF56, 0xFF36, 0xFF36, 0xFF36, 0xFF36,
    0xFF56, 0xFF56, 0xFEF5, 0xFEB2, 0xF60F, 0xED4D, 0xED6D, 0xF58D, 0xED6D, 0xED6D, 0xF58D, 0xF5CE, 0xFE0F, 0xFE2F, 0xFDEF, 0xFE0F,
    0xFE2F, 0xF5AE, 0xF58D, 0xF5AD, 0xFE0E, 0xFE2F, 0xFE2F, 0xFDEE, 0xFDCE, 0xFDCE, 0xFDEE, 0xFE0F, 0xFE6F, 0xFE4F, 0xFE4F, 0xFE4F,
    0xFE0F, 0xFE4F, 0xFEB0, 0xFED0, 0xFED0, 0xFF11, 0xFF12, 0xFF12, 0xFF33, 0xFF74, 0xFFD6, 0xFFB5, 0xFF74, 0xFF95, 0xFFD6, 0xFFB6,
    0xFFB6, 0xFFD7, 0xFFF7, 0xFFF7, 0xFFF7, 0xFFD6, 0xFFD6, 0xFF73, 0xFEF0, 0xFEF0, 0xFED0, 0xFED0, 0xFF10, 0xFF51, 0xFF92, 0xFF93,
    0xFF93, 0xFF93, 0xFFD4, 0xFF73, 0xEDEE, 0xF735, 0xFF97, 0xFFFA, 0xFFF8, 0xFFF8, 0xFFD8, 0xF6B5, 0xF674, 0xEE74, 0xEE75, 0xEE75,
    0xE633, 0xE5F3, 0xEE54, 0xEE34, 0xEE34, 0xEE34, 0xEE34, 0xEE34, 0xE613, 0xE613, 0xEE33, 0xE612, 0xE5F2, 0xE613, 0xE5F2, 0xE5F2,
    0xE612, 0xDDD0, 0xDDB0, 0xE5D0, 0xDDB0, 0xDD6F, 0xDD4E, 0xDD90, 0xE5D1, 0xD54E, 0xE5B0, 0xE5F1, 0xE5D1, 0xEE12, 0xEDF1, 0xE58F,
    0xDD4D, 0xE5AF, 0xE5AE, 0xE5AF, 0xEDF1, 0xEDF0, 0xDD8F, 0xE5AF, 0xEDD0, 0xE58E, 0xE58E, 0xE56D, 0xE58E, 0xDD6E, 0xE5CF, 0xEE10,
    0xE5EF, 0xEE10, 0xEE32, 0xEE11, 0xEE11, 0xEE32, 0xEE11, 0xE5CF, 0xE5B0, 0xE5D0, 0xE5CF, 0xE5AF, 0xE5CF, 0xE5CF, 0xE5AE, 0xE58E,
    0xE58E, 0xE58D, 0xE58D, 0xE54C, 0xDD0C, 0xDD0B, 0xDD2C, 0xD4EB, 0xCC6A, 0xCC6A, 0xCC2A, 0xC409, 0xC429, 0xC42A, 0xC429, 0xC429,
    0xC409, 0xBBE9, 0xAB47, 0x9AE5, 0x8243, 0x7A22, 0x92A4, 0xA305, 0xAB25, 0xC3A7, 0xCBE8, 0xCC08, 0xC3E8, 0xCC49, 0xDCCB, 0xDCEA,
    0xDCEB, 0xD48A, 0xDCCB, 0xDD0B, 0xDD0B, 0xD4CB, 0xD48A, 0xD4AB, 0xD4CB, 0xDCCB, 0xDCCB, 0xD4AA, 0xD4AB, 0xD48A, 0xCC49, 0xD449,
    0xC408, 0xC3E8, 0xC3C8, 0xC3A7, 0xC3C7, 0xC3C7, 0xCC28, 0xD48A, 0xD489, 0xD469, 0xD48A, 0xDCCA, 0xDCCB, 0xDCEB, 0xDCEB, 0xE52C,
    0xE52C, 0xE52D, 0xE54D, 0xE54D, 0xE54D, 0xE54D, 0xDD2C, 0xDD0C, 0xDD2C, 0xDD4D, 0xE54D, 0xE54D, 0xE56D, 0xE58E, 0xE56E, 0xCCAB,
    0xFF57, 0xFF36, 0xFF57, 0xFF57, 0xFF57, 0xFF98, 0xFF77, 0xFF57, 0xFF36, 0xFF36, 0xFF36, 0xFF36, 0xFF77, 0xFF57, 0xFF36, 0xFF57,
    0xFF77, 0xFF56, 0xFEF4, 0xF692, 0xFE30, 0xF5AE, 0xF58E, 0xF58D, 0xED8D, 0xF5CE, 0xFE0E, 0xFE0F, 0xFE2F, 0xFE50, 0xF5CE, 0xFDCD,
    0xFDEE, 0xF5AE, 0xFE4F, 0xFE50, 0xFDEE, 0xFDCE, 0xFDAD, 0xFDEE, 0xFE0E, 0xFDEE, 0xFDEE, 0xFE2F, 0xFED1, 0xFE70, 0xFE50, 0xFE70,
    0xFE70, 0xFE70, 0xFEF2, 0xFF33, 0xFF54, 0xFF54, 0xFF74, 0xFF95, 0xFFD6, 0xFFB6, 0xFF95, 0xFFB5, 0xFFD6, 0xFFD6, 0xFFB6, 0xFFB6,
    0xFFD7, 0xFFF8, 0xFFF8, 0xFFF8, 0xFFF8, 0xFFF7, 0xFFF7, 0xFF94, 0xFEF0, 0xFED0, 0xFEF0, 0xFEF1, 0xFEF1, 0xFEF0, 0xFF11, 0xFF52,
    0xFF93, 0xFFB3, 0xFFB3, 0xFFB4, 0xFF72, 0xF6AF, 0xF6D2, 0xFFFA, 0xFFF8, 0xFFF8, 0xFFD8, 0xF6B5, 0xF674, 0xEE94, 0xEE75, 0xEE54,
    0xE613, 0xEE34, 0xEE54, 0xEE34, 0xEE34, 0xEE34, 0xEE34, 0xEE34, 0xE613, 0xE633, 0xEE33, 0xE612, 0xE5F2, 0xE613, 0xE5F2, 0xE5F2,
    0xE5F2, 0xDDD0, 0xE5B0, 0xE5D1, 0xDDB0, 0xDD4E, 0xDD6E, 0xE5D0, 0xDD6F, 0xDD4E, 0xE5D0, 0xE5B0, 0xDDAF, 0xEDF1, 0xEDD0, 0xE58F,
    0xDD4D, 0xE58E, 0xE5AE, 0xE58E, 0xE5CF, 0xEDD0, 0xE5AF, 0xE58E, 0xE5AF, 0xEDCF, 0xE58E, 0xE58E, 0xEDCF, 0xEDD0, 0xEDF0, 0xEE31,
    0xF631, 0xEE10, 0xEE11, 0xEE11, 0xE5F0, 0xEE11, 0xEE11, 0xE5D0, 0xE5AF, 0xE5AF, 0xE5D0, 0xE5CF, 0xE5AF, 0xEDCF, 0xEDAF, 0xE58E,
    0xE58E, 0xE58D, 0xE58D, 0xE58D, 0xDD2C, 0xDD0B, 0xDD0B, 0xDD0C, 0xD4CB, 0xCC6A, 0xCC4A, 0xC42A, 0xC429, 0xC42A, 0xC42A, 0xC42A,
    0xC42A, 0xBC09, 0xAB47, 0x9284, 0x8222, 0x7A22, 0x9283, 0xBB67, 0xBB87, 0xC3A7, 0xCBE8, 0xC3E8, 0xCC49, 0xD449, 0xD48A, 0xDCEB,
    0xDCEB, 0xD48A, 0xDCCB, 0xE52C, 0xDD2B, 0xDD0B, 0xDCCB, 0xD4AA, 0xDCCB, 0xDCCB, 0xD4AA, 0xD4AB, 0xD48A, 0xD48A, 0xCC49, 0xCC29,
    0xCC29, 0xC3C7, 0xC3A7, 0xC3A7, 0xC3E8, 0xCC08, 0xCC49, 0xD4AA, 0xDCAA, 0xD489, 0xD489, 0xD4AA, 0xDCEB, 0xE50C, 0xE52C, 0xDD2C,
    0xE52C, 0xE52C, 0xE54D, 0xE56D, 0xE54D, 0xDD4D, 0xE56D, 0xE56D, 0xDD2D, 0xDD0C, 0xDD2D, 0xDD4D, 0xDD4D, 0xE56E, 0xE58E, 0xDD4D,
    0xFF78, 0xFF98, 0xFF78, 0xFF57, 0xFF57, 0xFF77, 0xFF77, 0xFF36, 0xFF36, 0xFF77, 0xFF57, 0xFF37, 0xFF57, 0xFF56, 0xFF77, 0xFFB8,
    0xFF77, 0xFF36, 0xFF15, 0xFED3, 0xFE71, 0xEDAE, 0xED6D, 0xF5AE, 0xF5CE, 0xF5CE, 0xF5CE, 0xED8D, 0xF5CE, 0xFDCE, 0xFE2E, 0xFEF3,
    0xFEB2, 0xFDEE, 0xFE2F, 0xFE0F, 0xFDEE, 0xFDCE, 0xFDCD, 0xFE4F, 0xFE50, 0xFE50, 0xFEB1, 0xFED2, 0xFF13, 0xFEF3, 0xFEF3, 0xFF54,
    0xFF75, 0xFF55, 0xFF75, 0xFF96, 0xFFB6, 0xFFB6, 0xFFD7, 0xFFD7, 0xFFB6, 0xFFB6, 0xFF96, 0xFFD6, 0xFFD6, 0xFFD7, 0xFFF8, 0xFFF8,
    0xFFF8, 0xFFF8, 0xFFF8, 0xFFF8, 0xFFF8, 0xFFF8, 0xFFF8, 0xFFF7, 0xFF53, 0xFEF0, 0xFF11, 0xFF31, 0xFED0, 0xFEB0, 0xFEF0, 0xFF51,
    0xFF92, 0xFF93, 0xFFB3, 0xFFB4, 0xFFF5, 0xFF52, 0xF5EC, 0xFF14, 0xFFFA, 0xFFF9, 0xFFD8, 0xF715, 0xFF15, 0xF6B4, 0xEE75, 0xEE74,
    0xEE33, 0xEE54, 0xEE54, 0xEE34, 0xEE34, 0xEE54, 0xEE34, 0xEE34, 0xEE34, 0xEE33, 0xE5F2, 0xE5F2, 0xE5F2, 0xE613, 0xE5F2, 0xE5F2,
    0xE5F2, 0xE5D1, 0xE5D0, 0xE5D1, 0xE5D0, 0xDD6F, 0xDD4E, 0xE5D0, 0xDD4E, 0xDD6E, 0xEDF1, 0xE5AF, 0xDDAF, 0xE5D0, 0xE5CF, 0xE58E,
    0xDD4D, 0xE5AE, 0xEDCF, 0xE58E, 0xDD6E, 0xEDCF, 0xEDCF, 0xE56E, 0xDD6E, 0xEDCF, 0xEDCF, 0xE58E, 0xEDCF, 0xEE11, 0xEDF1, 0xEE11,
    0xF652, 0xEE31, 0xEE11, 0xEE32, 0xE5F0, 0xE5F0, 0xEE11, 0xEDF1, 0xE5AF, 0xE5AF, 0xE5AF, 0xEDD0, 0xE5AF, 0xE5AF, 0xE5AF, 0xE5AE,
    0xE58D, 0xE58D, 0xE56D, 0xE54D, 0xDD2C, 0xD4EB, 0xD4EB, 0xDCEB, 0xD4CB, 0xD48A, 0xCC4A, 0xC429, 0xC429, 0xC42A, 0xC42A, 0xC42A,
    0xC409, 0xC409, 0xB3A8, 0x92C5, 0x8223, 0x9AA4, 0xA2C4, 0xB346, 0xBB66, 0xC3A7, 0xCC08, 0xCC08, 0xCC29, 0xD469, 0xD489, 0xD4CA,
    0xDD0B, 0xDCAA, 0xD48A, 0xDD0B, 0xE52B, 0xDD2B, 0xDD2B, 0xDCEB, 0xDCCB, 0xDCCB, 0xD48A, 0xD48A, 0xD48A, 0xD46A, 0xD469, 0xCC08,
    0xC3E8, 0xC408, 0xC3C8, 0xC3C7, 0xC3C7, 0xCC08, 0xD449, 0xD489, 0xDCCA, 0xDCCB, 0xD4AA, 0xD4AA, 0xDCEB, 0xDD0C, 0xE52C, 0xE54D,
    0xE52C, 0xE54C, 0xE54D, 0xE56D, 0xE56E, 0xE54D, 0xE54D, 0xE56D, 0xE56E, 0xDD4D, 0xDD2D, 0xDD2D, 0xE56E, 0xE56E, 0xE56E, 0xE58E,
    0xFF56, 0xFF37, 0xFF16, 0xFF16, 0xFF57, 0xFF77, 0xFF77, 0xFF57, 0xFF77, 0xFF98, 0xFF77, 0xFF37, 0xFF37, 0xFF36, 0xFF57, 0xFF77,
    0xFF36, 0xFF56, 0xFF56, 0xFED3, 0xFE71, 0xF5CF, 0xF5AE, 0xFDEE, 0xF5EE, 0xED8D, 0xF5AE, 0xF5AE, 0xF5AE, 0xFDAE, 0xFE4F, 0xFFDB,
    0xFF56, 0xFDED, 0xFDCE, 0xF5AD, 0xFDEE, 0xFEB0, 0xFE90, 0xFED2, 0xFED2, 0xFEF3, 0xFF75, 0xFF75, 0xFF96, 0xFFB6, 0xFF96, 0xFF96,
    0xFF76, 0xFF76, 0xFF76, 0xFF96, 0xFFB6, 0xFFB6, 0xFFB7, 0xFFB7, 0xFFB6, 0xFFD6, 0xFFD6, 0xFFD6, 0xFFD6, 0xFFF8, 0xFFF7, 0xFFD7,
    0xFFD7, 0xFFF7, 0xFFF8, 0xFFF7, 0xFFF7, 0xFFF7, 0xFFF8, 0xFFF7, 0xFFD5, 0xFF31, 0xFF11, 0xFF51, 0xFED0, 0xFEF0, 0xFF31, 0xFF51,
    0xFF72, 0xFF72, 0xFF72, 0xFF92, 0xFFB3, 0xFFB3, 0xFF72, 0xF5EE, 0xF60F, 0xFFB7, 0xFFF9, 0xFFD8, 0xFFF8, 0xF6B5, 0xEE74, 0xF694,
    0xEE54, 0xEE54, 0xEE54, 0xEE34, 0xEE54, 0xEE34, 0xEE34, 0xEE34, 0xEE33, 0xE613, 0xE5F2, 0xE5F2, 0xE613, 0xE613, 0xE5F2, 0xE5F2,
    0xE5F2, 0xE5F1, 0xE5D1, 0xE5D1, 0xE5F1, 0xE5B0, 0xDD8F, 0xE5AF, 0xDD8F, 0xE5AF, 0xEDF1, 0xDD8F, 0xE58F, 0xE5CF, 0xE5CF, 0xE5AF,
    0xDD4D, 0xDD6D, 0xE5CF, 0xEDCF, 0xDD6E, 0xDD6E, 0xE5AF, 0xE5AF, 0xE56E, 0xE5CF, 0xEDD0, 0xEDCF, 0xEDCF, 0xEE11, 0xEE11, 0xEE11,
    0xEE11, 0xEE32, 0xEE11, 0xEE31, 0xEDF1, 0xE5F0, 0xE5F0, 0xE5D0, 0xE5CF, 0xE5AF, 0xE5AF, 0xEDD0, 0xE5AF, 0xE58E, 0xE5AF, 0xE5AE,
    0xE56D, 0xE54D, 0xE54C, 0xE54C, 0xDD4C, 0xDD0B, 0xCC8A, 0xD4AA, 0xD48A, 0xCC4A, 0xCC4A, 0xCC4A, 0xC429, 0xC429, 0xC429, 0xC409,
    0xB387, 0xA306, 0x9AE6, 0x9284, 0x8223, 0xA2C5, 0xAB05, 0xB346, 0xBBA7, 0xC3C7, 0xCC08, 0xCC08, 0xCC28, 0xD469, 0xD4AA, 0xDCCA,
    0xDCEA, 0xDCCA, 0xD4AA, 0xDD2B, 0xDD2B, 0xDD2B, 0xE52B, 0xE52B, 0xDD0B, 0xDCEB, 0xD48A, 0xD48A, 0xD4AA, 0xD48A, 0xD449, 0xC3E8,
    0xC3C7, 0xC3E8, 0xC3E8, 0xC3C8, 0xCC08, 0xCC08, 0xD449, 0xD469, 0xD489, 0xDCCA, 0xDCEB, 0xDCEB, 0xDCEB, 0xDD0B, 0xE54C, 0xE58D,
    0xE56D, 0xDD4C, 0xE54D, 0xE54D, 0xE54D, 0xE54D, 0xE56D, 0xE54D, 0xE56D, 0xE58E, 0xE58E, 0xDD4D, 0xDD4D, 0xDD4D, 0xDD4D, 0xDD4D,
    0xFF36, 0xFF36, 0xFF16, 0xFF56, 0xFF57, 0xFF78, 0xFF77, 0xFF57, 0xFF57, 0xFF57, 0xFF57, 0xFF57, 0xFF57, 0xFF36, 0xFF56, 0xFF57,
    0xFF36, 0xFF15, 0xFF15, 0xFED3, 0xFE91, 0xFE71, 0xF5EF, 0xF5CE, 0xFE50, 0xFE50, 0xFE2F, 0xF5EF, 0xF58E, 0xF58E, 0xFE0E, 0xFED1,
    0xFE70, 0xFDED, 0xFDCD, 0xFE0E, 0xFEB1, 0xFF33, 0xFF13, 0xFF13, 0xFF34, 0xFF55, 0xFF75, 0xFF96, 0xFFB6, 0xFF76, 0xFF76, 0xFF76,
    0xFF75, 0xFF76, 0xFF96, 0xFF96, 0xFF96, 0xFF96, 0xFF96, 0xFFB6, 0xFFB6, 0xFFB6, 0xFFD6, 0xFFB5, 0xFFD6, 0xFFD6, 0xFFD5, 0xFFD6,
    0xFFD6, 0xFFD7, 0xFFF7, 0xFFD7, 0xFFD7, 0xFFF7, 0xFFF7, 0xFFF7, 0xFFD6, 0xFF31, 0xFEF0, 0xFEF0, 0xFEF0, 0xFF11, 0xFF10, 0xFF31,
    0xFF31, 0xFF31, 0xFEF0, 0xFF51, 0xFFB2, 0xFFB3, 0xFFB3, 0xFF51, 0xEDEC, 0xF6D2, 0xFF76, 0xFFD7, 0xFFD8, 0xF6F5, 0xFF75, 0xF6F4,
    0xEE54, 0xEE74, 0xEE54, 0xEE54, 0xEE54, 0xEE34, 0xEE34, 0xE633, 0xE612, 0xE5F2, 0xE5F2, 0xE5F2, 0xEE33, 0xE633, 0xE612, 0xE613,
    0xE5F2, 0xE5F1, 0xE5F1, 0xE5F1, 0xE5F1, 0xE5D0, 0xE5F1, 0xE5D0, 0xDD8F, 0xE5AF, 0xEDF1, 0xE58F, 0xE5AF, 0xE5CF, 0xE5CF, 0xE58E,
    0xDD6D, 0xDD6D, 0xE5AF, 0xEDF0, 0xE5AF, 0xDD6D, 0xE5AE, 0xEDCF, 0xE5AF, 0xE5CF, 0xE5D0, 0xEDF0, 0xE5D0, 0xEE11, 0xEE11, 0xEE11,
    0xEE11, 0xEE31, 0xEE11, 0xEE11, 0xEDF1, 0xE5D0, 0xE5D0, 0xE5D0, 0xEDF0, 0xE5AF, 0xE5AF, 0xE5B0, 0xE5AF, 0xDD8E, 0xE58E, 0xE58E,
    0xE58E, 0xE56D, 0xDD0B, 0xDD2C, 0xE52C, 0xE52C, 0xD4CB, 0xCC6A, 0xCC49, 0xCC6A, 0xCC49, 0xCC29, 0xCC4A, 0xC429, 0xC429, 0xC429,
    0xBBC8, 0xA306, 0x8A43, 0x8243, 0x8243, 0xA2C4, 0xB325, 0xB325, 0xC3E7, 0xCC08, 0xCC08, 0xCC28, 0xCC28, 0xD449, 0xDCAA, 0xDCCA,
    0xDCCA, 0xDCCA, 0xDD0B, 0xDD2B, 0xDD2B, 0xDD2B, 0xDD2B, 0xDD0B, 0xDCEB, 0xDD0B, 0xDCEB, 0xD46A, 0xD48A, 0xD48A, 0xD449, 0xCC08,
    0xC3E8, 0xC3C8, 0xC3C8, 0xC3E8, 0xD469, 0xCC28, 0xCC28, 0xD469, 0xD469, 0xD489, 0xDCCA, 0xDCEB, 0xE52C, 0xE52C, 0xDD0B, 0xDD4C,
    0xE54D, 0xE54D, 0xE56D, 0xE56D, 0xE56D, 0xDD4D, 0xE54D, 0xDD4D, 0xDD4D, 0xE56D, 0xE58E, 0xE58E, 0xE56E, 0xDD4D, 0xDD4D, 0xDD4D,
    0xFF57, 0xFF57, 0xFF57, 0xFF56, 0xFF57, 0xFF77, 0xFF98, 0xFF78, 0xFF77, 0xFF57, 0xFF57, 0xFF57, 0xFF77, 0xFF56, 0xFF56, 0xFF57,
    0xFF16, 0xFED4, 0xFEF4, 0xFEB3, 0xFEB2, 0xFEB2, 0xFE50, 0xFE50, 0xFE50, 0xFE2F, 0xF5EE, 0xF58E, 0xED4D, 0xF58D, 0xF5CE, 0xFE0E,
    0xFE0F, 0xFE2F, 0xFE91, 0xFED2, 0xFF34, 0xFF14, 0xFF13, 0xFF14, 0xFF55, 0xFF55, 0xFF55, 0xFF76, 0xFF76, 0xFF55, 0xFFB6, 0xFF75,
    0xFF55, 0xFF96, 0xFF76, 0xFF76, 0xFF76, 0xFF96, 0xFFB6, 0xFFD6, 0xFF95, 0xFF95, 0xFF95, 0xFFB5, 0xFFD5, 0xFFD5, 0xFFD6, 0xFFF7,
    0xFFF8, 0xFFF7, 0xFFF7, 0xFFF7, 0xFFF7, 0xFFF8, 0xFFF8, 0xFFF7, 0xFFB5, 0xFF11, 0xFEF1, 0xFEF0, 0xFEF0, 0xFED0, 0xFEB0, 0xFEF0,
    0xFF11, 0xFEF1, 0xFED0, 0xFF31, 0xFF92, 0xFFB2, 0xFFD2, 0xFFF3, 0xF64F, 0xED29, 0xEDAB, 0xFFD7, 0xFFF9, 0xFFD7, 0xFFD7, 0xFF75,
    0xF6F5, 0xF674, 0xEE54, 0xEE54, 0xEE54, 0xEE54, 0xEE54, 0xE613, 0xE5F2, 0xE5F2, 0xEE13, 0xEE33, 0xEE33, 0xE613, 0xE612, 0xE613,
    0xE612, 0xE5F1, 0xE5F1, 0xE612, 0xE5F1, 0xE5D0, 0xEE12, 0xEE11, 0xE5AF, 0xE5AF, 0xE5D0, 0xE5AF, 0xE5AF, 0xE5AF, 0xE5CF, 0xE58E,
    0xDD8E, 0xDD6D, 0xE58E, 0xEDEF, 0xE5D0, 0xE5AE, 0xE5AF, 0xEDF0, 0xEDF0, 0xEDF0, 0xE5D0, 0xEDD0, 0xEDF1, 0xEE11, 0xEE11, 0xEE11,
    0xEE11, 0xEE11, 0xEE11, 0xEDF0, 0xE5F0, 0xEDF0, 0xEDF0, 0xE5D0, 0xE5AF, 0xE5CF, 0xE5AF, 0xE58F, 0xE5AF, 0xE5AF, 0xE58E, 0xE58E,
    0xE58D, 0xE58E, 0xE54D, 0xD4CA, 0xD4CB, 0xDD0B, 0xE52C, 0xD4AA, 0xCC69, 0xCC6A, 0xCC4A, 0xC409, 0xC409, 0xC409, 0xC409, 0xC3E9,
    0xBBC8, 0xA306, 0x8A63, 0x8A43, 0x8A43, 0xA2C5, 0xB346, 0xBB66, 0xCC08, 0xCC08, 0xCC28, 0xCC48, 0xD4A9, 0xD469, 0xD489, 0xDCCA,
    0xDCCA, 0xDCCA, 0xDCEA, 0xDD2B, 0xDD2B, 0xDD2B, 0xDD2B, 0xDCEA, 0xDCEB, 0xDCEB, 0xE50B, 0xDCCB, 0xD469, 0xD46A, 0xCC08, 0xCC08,
    0xCC08, 0xC3E8, 0xC3E8, 0xCBE8, 0xD449, 0xDCAA, 0xCC49, 0xD469, 0xD469, 0xD469, 0xDCCA, 0xDD0B, 0xE52C, 0xE54D, 0xE52C, 0xDD0C,
    0xE54D, 0xE54D, 0xE56D, 0xE56D, 0xE58E, 0xE54D, 0xDD2D, 0xDD4D, 0xE54D, 0xDD4D, 0xE54D, 0xE58E, 0xE58E, 0xDD6E, 0xE56E, 0xE58E,
    0xFF77, 0xFF77, 0xFF77, 0xFF77, 0xFF98, 0xFF98, 0xFF98, 0xFF78, 0xFF78, 0xFF78, 0xFF98, 0xFF97, 0xFF56, 0xFF36, 0xFF36, 0xFF36,
    0xFEF5, 0xFF15, 0xFF36, 0xFEF4, 0xFED3, 0xFE71, 0xF630, 0xF5EF, 0xFE0F, 0xFE50, 0xFE30, 0xED8E, 0xF58E, 0xFE0F, 0xFE50, 0xFE91,
    0xFE91, 0xFEF2, 0xFF34, 0xFF14, 0xFF14, 0xFF34, 0xFF35, 0xFF55, 0xFF55, 0xFF55, 0xFF56, 0xFF76, 0xFF56, 0xFF76, 0xFFD7, 0xFF96,
    0xFF75, 0xFF96, 0xFF76, 0xFF96, 0xFFB6, 0xFFB6, 0xFF96, 0xFF95, 0xFF95, 0xFFB6, 0xFFD6, 0xFFD5, 0xFFF6, 0xFFF7, 0xFFF6, 0xFFD6,
    0xFFF7, 0xFFF8, 0xFFF8, 0xFFF8, 0xFFF8, 0xFFF7, 0xFFF7, 0xFFF7, 0xFFD6, 0xFF53, 0xFF52, 0xFF52, 0xFF72, 0xFF11, 0xFEF0, 0xFF51,
    0xFF71, 0xFF31, 0xFF51, 0xFF72, 0xFFB2, 0xFF31, 0xF66F, 0xEE0D, 0xF755, 0xFFD9, 0xF713, 0xE58C, 0xEE0F, 0xFFF7, 0xFFF8, 0xFFF7,
    0xFF75, 0xF694, 0xF674, 0xEE74, 0xEE54, 0xEE54, 0xEE54, 0xEE33, 0xE612, 0xE612, 0xEE33, 0xEE54, 0xEE33, 0xE633, 0xE633, 0xE633,
    0xE633, 0xE612, 0xE5F2, 0xE612, 0xE612, 0xE5F1, 0xEE33, 0xEE33, 0xDDB0, 0xE5B0, 0xEDF1, 0xE5AF, 0xE5CF, 0xE5D0, 0xE5D0, 0xE5AF,
    0xE5AF, 0xE58E, 0xE58E, 0xE5CF, 0xE5F0, 0xE5D0, 0xE5CF, 0xEE10, 0xE5F0, 0xEE10, 0xEE11, 0xE5D0, 0xEE11, 0xEE31, 0xEE11, 0xEE11,
    0xEE11, 0xEDF0, 0xEDF0, 0xE5F0, 0xE5CF, 0xE5D0, 0xEDF0, 0xEDF0, 0xE58F, 0xDD8E, 0xEDCF, 0xE5AF, 0xDD8E, 0xE5AF, 0xE58F, 0xE58E,
    0xDD4D, 0xE56D, 0xE56D, 0xDD2C, 0xD4AA, 0xD4AA, 0xD4CB, 0xD4AA, 0xCC69, 0xCC69, 0xCC6A, 0xD46A, 0xC429, 0xC409, 0xC409, 0xBBC8,
    0xB3A8, 0xA306, 0x8A43, 0x8A44, 0x8243, 0xA2E5, 0xBB46, 0xBB66, 0xCC08, 0xCC08, 0xCC28, 0xDCA9, 0xDCCA, 0xDCAA, 0xD489, 0xD4AA,
    0xDCCA, 0xD4CA, 0xDCCA, 0xDD0B, 0xE52B, 0xDD2B, 0xE52B, 0xDD0B, 0xDCCB, 0xDCEB, 0xD4CA, 0xDCEB, 0xD4AA, 0xCC08, 0xCBE8, 0xCBE8,
    0xC3E8, 0xCC29, 0xCC29, 0xCC28, 0xD449, 0xD48A, 0xD469, 0xD469, 0xD46A, 0xDC8A, 0xDCEB, 0xE52C, 0xE52C, 0xE56D, 0xE58E, 0xDD4D,
    0xDD4D, 0xE54D, 0xE56D, 0xE54D, 0xE54D, 0xED8E, 0xE58E, 0xE56E, 0xE56E, 0xE56E, 0xDD4D, 0xDD4D, 0xE56E, 0xE56E, 0xDD4E, 0xC46A,
    0xFF78, 0xFF78, 0xFF57, 0xFF77, 0xFF98, 0xFF98, 0xFF98, 0xFF78, 0xFF78, 0xFF98, 0xFF98, 0xFF97, 0xFF56, 0xFF57, 0xFF36, 0xFED4,
    0xFF15, 0xFF76, 0xFF77, 0xFF76, 0xFF35, 0xF650, 0xF60F, 0xED6D, 0xF5AE, 0xF60F, 0xFE30, 0xFE92, 0xFED3, 0xFEF3, 0xFF14, 0xFF35,
    0xFEF3, 0xFEF3, 0xFEF4, 0xFEF4, 0xFF14, 0xFF14, 0xFF35, 0xFF55, 0xFF55, 0xFF55, 0xFF55, 0xFF76, 0xFF76, 0xFFB7, 0xFFF9, 0xFFD7,
    0xFFB6, 0xFF96, 0xFF96, 0xFFB6, 0xFFD7, 0xFFB6, 0xFF75, 0xFF75, 0xFFD6, 0xFFF6, 0xFFF6, 0xFFF7, 0xFFFB, 0xFFFB, 0xFFF7, 0xFFF7,
    0xFFF7, 0xFFF7, 0xFFD7, 0xFFD7, 0xFFF7, 0xFFF6, 0xFFD5, 0xFFF7, 0xFFF7, 0xFF94, 0xFF53, 0xFF31, 0xFF51, 0xFF51, 0xFF72, 0xFF72,
    0xFF11, 0xFF31, 0xFF71, 0xFF92, 0xFFF3, 0xF64E, 0xEE30, 0xF735, 0xFFD7, 0xFFF9, 0xFFB5, 0xF6F1, 0xEDCD, 0xF691, 0xF714, 0xF7B6,
    0xFFD6, 0xFF15, 0xF674, 0xF694, 0xEE74, 0xEE74, 0xEE54, 0xEE53, 0xEE33, 0xE613, 0xEE53, 0xEE54, 0xEE33, 0xEE33, 0xEE33, 0xEE33,
    0xEE33, 0xE5F2, 0xE612, 0xEE34, 0xEE13, 0xEE12, 0xEE33, 0xEE13, 0xDDB0, 0xE5D0, 0xEE11, 0xE5D0, 0xE5F0, 0xEDF1, 0xE5F0, 0xE5AF,
    0xE5D0, 0xE5AF, 0xDD8E, 0xE5D0, 0xE5F0, 0xE5F0, 0xEE11, 0xEE11, 0xE5F0, 0xE5F0, 0xEE31, 0xEE31, 0xEE11, 0xEE32, 0xEE31, 0xE5CF,
    0xE5AF, 0xEDF0, 0xE5F0, 0xEDF0, 0xE5D0, 0xDD8E, 0xE58F, 0xE5AF, 0xE5AF, 0xDD6E, 0xE5AF, 0xE5CF, 0xE58F, 0xE58E, 0xE58E, 0xE58E,
    0xDD4D, 0xDD2C, 0xDD2C, 0xE52C, 0xDD0C, 0xD4CA, 0xCC69, 0xCC49, 0xCC69, 0xCC49, 0xCC4A, 0xCC6A, 0xCC6A, 0xCC2A, 0xC409, 0xAB67,
    0x9AA4, 0x9284, 0x8A43, 0x8A64, 0x9284, 0xAB05, 0xBB46, 0xC3A7, 0xCC08, 0xCC08, 0xCC28, 0xDCAA, 0xDCCA, 0xDCCA, 0xDCCA, 0xDCCA,
    0xDCCA, 0xD4CA, 0xD4CA, 0xD4CA, 0xDD0B, 0xE52B, 0xE54C, 0xE52B, 0xDCCA, 0xDCCA, 0xDCCA, 0xD4AA, 0xD48A, 0xD449, 0xCC08, 0xCBE8,
    0xCBE8, 0xCC48, 0xD489, 0xD469, 0xD489, 0xDCAA, 0xD489, 0xCC49, 0xD449, 0xDCCA, 0xE50B, 0xDD2C, 0xDD2C, 0xE56D, 0xE58E, 0xE58E,
    0xE56D, 0xE56D, 0xE54D, 0xE54D, 0xDD2C, 0xDD2C, 0xE56D, 0xE56E, 0xE56E, 0xE56E, 0xDD6E, 0xDD6E, 0xDD6E, 0xE58E, 0xD52D, 0x8A44,
    0xFF78, 0xFF78, 0xFF78, 0xFF78, 0xFF78, 0xFF78, 0xFF78, 0xFF78, 0xFF77, 0xFF77, 0xFF36, 0xFEF5, 0xFF15, 0xFF56, 0xFF15, 0xFF15,
    0xFF35, 0xFEF4, 0xF6D3, 0xFEF4, 0xFED3, 0xFE92, 0xEDCF, 0xE5AE, 0xF692, 0xF692, 0xF6B2, 0xFEF4, 0xFF14, 0xFF15, 0xFF15, 0xFF35,
    0xFF35, 0xFF34, 0xFF14, 0xFF34, 0xFF75, 0xFF35, 0xFF35, 0xFF56, 0xFF55, 0xFF76, 0xFF96, 0xFFB7, 0xFFD7, 0xFFF8, 0xFFFA, 0xFFF8,
    0xFFB6, 0xFFB6, 0xFF96, 0xFF76, 0xFF76, 0xFF96, 0xFFD7, 0xFFF7, 0xFFF6, 0xFFD5, 0xFFF7, 0xFFF9, 0xFFFE, 0xFFFD, 0xFFF8, 0xFFF7,
    0xFFF8, 0xFFF7, 0xFFB6, 0xFFB6, 0xFFF7, 0xFFF7, 0xFFF8, 0xFFF9, 0xFFF8, 0xFFF7, 0xFFB4, 0xFF31, 0xFED0, 0xFED0, 0xFEF1, 0xFF52,
    0xFF72, 0xFF72, 0xFF72, 0xFF92, 0xFEEF, 0xF6F1, 0xF7B7, 0xFFFA, 0xFFF7, 0xFF71, 0xFF51, 0xFF92, 0xFEEF, 0xED0A, 0xDBE7, 0xF754,
    0xFFF7, 0xFF55, 0xFF14, 0xF714, 0xEE73, 0xEE74, 0xEE74, 0xEE53, 0xEE33, 0xE613, 0xEE54, 0xEE54, 0xEE33, 0xEE33, 0xEE34, 0xEE34,
    0xE613, 0xE612, 0xE612, 0xEE33, 0xEE33, 0xEE33, 0xEE33, 0xEE12, 0xE5F1, 0xE5F1, 0xEE11, 0xE611, 0xEE11, 0xE5F1, 0xEDF1, 0xE5F0,
    0xE5D1, 0xE5D0, 0xE5D0, 0xE5F0, 0xEDF1, 0xE611, 0xEE11, 0xEE11, 0xEE11, 0xE5F0, 0xE5F0, 0xEE31, 0xEE11, 0xEE11, 0xEE11, 0xE5D0,
    0xE58E, 0xE5D0, 0xE5D0, 0xEDD0, 0xE5CF, 0xDD8F, 0xDD8E, 0xE5AF, 0xE5AF, 0xE5AF, 0xE5AF, 0xE5AF, 0xE5AF, 0xE58E, 0xDD6D, 0xDD2C,
    0xDD2C, 0xDD2C, 0xDD0C, 0xDD0C, 0xDD0B, 0xDCEB, 0xD48A, 0xCC29, 0xCC49, 0xCC4A, 0xCC49, 0xCC4A, 0xCC4A, 0xC42A, 0xC409, 0xBBC8,
    0xA305, 0x9284, 0x8A23, 0x8A64, 0xAB05, 0xAB25, 0xB346, 0xCC08, 0xCC08, 0xD469, 0xD489, 0xDCCA, 0xDCCA, 0xDCCA, 0xDCCA, 0xDCCA,
    0xDCCA, 0xDCCA, 0xDCCA, 0xD4AA, 0xD4CA, 0xE52C, 0xDD0B, 0xDD0B, 0xDCCA, 0xDCCA, 0xDCAA, 0xD4AA, 0xD469, 0xD48A, 0xCC69, 0xCBE8,
    0xC3E8, 0xCC29, 0xD489, 0xD489, 0xD4AA, 0xDCAA, 0xDCAA, 0xDCAA, 0xD48A, 0xDCCA, 0xE50B, 0xE54C, 0xDD2C, 0xE52C, 0xE54D, 0xE56D,
    0xE56D, 0xE54D, 0xDD4D, 0xE54D, 0xDD2C, 0xDD0C, 0xDCEC, 0xDD2D, 0xE56E, 0xE58E, 0xE58E, 0xE56E, 0xDD6E, 0xDD6E, 0xD4ED, 0x8A64,
    0xFF58, 0xFF57, 0xFF57, 0xFF78, 0xFF78, 0xFF78, 0xFF57, 0xFF57, 0xFF36, 0xFEF5, 0xFEF4, 0xF693, 0xFE93, 0xF692, 0xF631, 0xFED4,
    0xF652, 0xEDCF, 0xF5F0, 0xFE51, 0xFE72, 0xFE92, 0xFE92, 0xFEF4, 0xFF97, 0xFF97, 0xFF77, 0xFF35, 0xFF15, 0xFF15, 0xFF15, 0xFF35,
    0xFF15, 0xFF14, 0xFF14, 0xFF35, 0xFF35, 0xFF55, 0xFF55, 0xFF56, 0xFF56, 0xFF56, 0xFF77, 0xFFD8, 0xFFD8, 0xFFF8, 0xFFF9, 0xFFF8,
    0xFFD7, 0xFFB6, 0xFF96, 0xFF55, 0xFF55, 0xFF95, 0xFFD6, 0xFFD6, 0xFFB5, 0xFFF6, 0xFFFB, 0xFFFD, 0xFFFF, 0xFFFE, 0xFFFD, 0xFFFA,
    0xFFF8, 0xFFF9, 0xFFF8, 0xFFF8, 0xFFF8, 0xFFF8, 0xFFF8, 0xFFF8, 0xFFF8, 0xFFF8, 0xFF95, 0xFF12, 0xFED0, 0xFEB0, 0xFED0, 0xFED0,
    0xFF11, 0xFF31, 0xFF92, 0xFF93, 0xF5EC, 0xFFD7, 0xFFFA, 0xFF74, 0xFF30, 0xFF0E, 0xFECE, 0xFECE, 0xFF92, 0xFF72, 0xEE0F, 0xEE71,
    0xFF54, 0xFFF6, 0xFFD6, 0xFF75, 0xF673, 0xF674, 0xEE73, 0xF673, 0xEE33, 0xEE33, 0xF674, 0xEE53, 0xEE33, 0xEE33, 0xEE54, 0xEE54,
    0xE613, 0xE613, 0xEE13, 0xEE33, 0xEE33, 0xEE33, 0xEE33, 0xEE13, 0xE612, 0xEE12, 0xEE12, 0xEE12, 0xE5F1, 0xE5F1, 0xEE11, 0xEE12,
    0xE5F1, 0xE5D1, 0xE5F1, 0xE5F1, 0xEDF1, 0xE5F1, 0xEE11, 0xEE11, 0xEE11, 0xE5F1, 0xE5F0, 0xE5F1, 0xEE11, 0xE611, 0xEE11, 0xE5F0,
    0xE5AF, 0xE5CF, 0xE5CF, 0xE5CF, 0xEDD0, 0xE5CF, 0xDD8E, 0xE5AF, 0xE5AF, 0xE58E, 0xE5AF, 0xE5AF, 0xE58E, 0xE56E, 0xE56D, 0xDD0B,
    0xDCEB, 0xDCEB, 0xDD0B, 0xDD0B, 0xDD0B, 0xDCEB, 0xDCEB, 0xCC6A, 0xCC29, 0xCC4A, 0xCC6A, 0xCC6A, 0xCC6A, 0xC429, 0xBBE8, 0xBBC8,
    0xAB67, 0x92A5, 0x8A43, 0x9264, 0xAB05, 0xAB25, 0xB345, 0xCC08, 0xCC28, 0xD489, 0xDCCA, 0xDCCA, 0xDCCA, 0xDCCA, 0xDCCA, 0xDCCA,
    0xDCCA, 0xDCEA, 0xE4EB, 0xD4AA, 0xDCCA, 0xDD2B, 0xDD0B, 0xDCCB, 0xDCCB, 0xDCCA, 0xDCCA, 0xD4AA, 0xCC69, 0xCC69, 0xD48A, 0xD449,
    0xCC08, 0xCC49, 0xD48A, 0xD489, 0xDCAA, 0xDCCA, 0xDCCA, 0xDCCA, 0xDCCB, 0xDCCB, 0xDD0B, 0xED6D, 0xE56D, 0xE56D, 0xE56D, 0xE54D,
    0xE52C, 0xE54D, 0xE54D, 0xE54D, 0xDD4D, 0xE54D, 0xDD4D, 0xDD4D, 0xE56D, 0xE58E, 0xE58E, 0xDD6E, 0xE58F, 0xCC8C, 0x9285, 0xB42B,
    0xFF57, 0xFF78, 0xFF77, 0xFF57, 0xFF56, 0xFF36, 0xFED4, 0xF652, 0xF631, 0xF652, 0xF651, 0xF611, 0xF631, 0xF631, 0xF630, 0xF610,
    0xEDAF, 0xEDAF, 0xEDAF, 0xEDCF, 0xF671, 0xFED3, 0xFF14, 0xFF56, 0xFF97, 0xFF97, 0xFF36, 0xFF56, 0xFF56, 0xFF56, 0xFF76, 0xFF56,
    0xFF35, 0xFF15, 0xFF15, 0xFF35, 0xFF56, 0xFF76, 0xFF96, 0xFF76, 0xFF76, 0xFF56, 0xFFB8, 0xFFD8, 0xFFD8, 0xFFF8, 0xFFF8, 0xFFF8,
    0xFF96, 0xFF96, 0xFF96, 0xFF96, 0xFF96, 0xFFB6, 0xFFB6, 0xFFB5, 0xFFD5, 0xFFF6, 0xFFF7, 0xFFFB, 0xFFFF, 0xFFFF, 0xFFFB, 0xFFFA,
    0xFFF9, 0xFFF8, 0xFFF8, 0xFFD7, 0xFFF7, 0xFFF7, 0xFFF6, 0xFFF7, 0xFFF8, 0xFFF8, 0xFFD6, 0xFFB4, 0xFF31, 0xFEF0, 0xFF10, 0xFF10,
    0xFF31, 0xFF31, 0xFF72, 0xFF51, 0xF6F1, 0xFFD8, 0xFFF9, 0xFF72, 0xFE6C, 0xFEAE, 0xFEAD, 0xFEAD, 0xFECF, 0xFFD5, 0xFFD6, 0xDD6E,
    0xE50B, 0xEDCF, 0xF734, 0xFF75, 0xFF96, 0xFF14, 0xF673, 0xF673, 0xEE53, 0xEE53, 0xF674, 0xF674, 0xEE53, 0xEE53, 0xEE54, 0xEE54,
    0xE613, 0xEE33, 0xEE34, 0xEE34, 0xEE34, 0xEE34, 0xEE34, 0xEE33, 0xEE13, 0xEE33, 0xEE12, 0xEE12, 0xE5F1, 0xE5F1, 0xEE11, 0xEDF2,
    0xEDF2, 0xEDF1, 0xEDF2, 0xEE12, 0xEE11, 0xE5F1, 0xEE11, 0xEE11, 0xEE11, 0xEE11, 0xE5F1, 0xE611, 0xEE11, 0xE5F0, 0xE5F0, 0xE5F0,
    0xE5CF, 0xE5AF, 0xE5AF, 0xE5AF, 0xE5CF, 0xEDD0, 0xE5AF, 0xE5AF, 0xE5AF, 0xE58E, 0xE5AF, 0xE5AE, 0xE58E, 0xE56D, 0xE54D, 0xE54C,
    0xE52C, 0xDD0B, 0xDCEB, 0xD4CA, 0xD4CB, 0xDD0B, 0xDCEB, 0xD4CB, 0xCC6A, 0xCC6A, 0xCC6A, 0xCC6A, 0xCC6A, 0xC42A, 0xB387, 0xAB46,
    0xA326, 0x9AE6, 0x9AE6, 0x9AC5, 0xAB25, 0xC3C7, 0xC3E8, 0xCC28, 0xCC08, 0xD469, 0xDCCA, 0xDCEA, 0xDCEB, 0xDCEB, 0xDCEA, 0xDD0B,
    0xE50B, 0xDCEB, 0xE50B, 0xDD0B, 0xDCEB, 0xDD0B, 0xDD0B, 0xDCEB, 0xDCCB, 0xD4AA, 0xD48A, 0xDCCB, 0xD48A, 0xCC69, 0xCC69, 0xD48A,
    0xD48A, 0xD48A, 0xD48A, 0xD489, 0xD4AA, 0xDCEB, 0xDCEB, 0xD4CA, 0xDCEB, 0xDCEB, 0xDCEB, 0xE54D, 0xE56D, 0xE56E, 0xED8E, 0xE58E,
    0xDD4D, 0xDD2C, 0xDD2C, 0xDD2C, 0xDD2C, 0xDD4D, 0xDD6D, 0xE58E, 0xE58F, 0xE58F, 0xE58E, 0xDD6E, 0xE5D0, 0xCCCD, 0x9245, 0xDD8F,
    0xFF57, 0xFF77, 0xFF77, 0xFEF4, 0xFEB3, 0xFEB3, 0xFE72, 0xF5F0, 0xF5CF, 0xF610, 0xFE51, 0xFE31, 0xF5F0, 0xF610, 0xF5F0, 0xF5CF,
    0xFE51, 0xFE71, 0xF630, 0xF5CF, 0xF610, 0xF671, 0xFEB2, 0xFF56, 0xFF97, 0xFF77, 0xFF56, 0xFF97, 0xFF76, 0xFF15, 0xFF35, 0xFF36,
    0xFF35, 0xFF35, 0xFF35, 0xFF97, 0xFFB7, 0xFFB8, 0xFFB8, 0xFF97, 0xFF77, 0xFFD8, 0xFFF9, 0xFFF8, 0xFFF9, 0xFFF8, 0xFFD7, 0xFFF7,
    0xFF96, 0xFF76, 0xFF96, 0xFFB7, 0xFFB6, 0xFFB6, 0xFFB6, 0xFFD6, 0xFFD6, 0xFFD6, 0xFFF5, 0xFFF8, 0xFFFB, 0xFFFB, 0xFFF8, 0xFFD7,
    0xFFD6, 0xFFF6, 0xFFF7, 0xFFF7, 0xFFF7, 0xFFF7, 0xFFF7, 0xFFF7, 0xFFF8, 0xFFF8, 0xFFF7, 0xFF73, 0xFF11, 0xFED0, 0xFED0, 0xFEF0,
    0xFEF0, 0xFF51, 0xFF51, 0xEDAB, 0xFF75, 0xFFFA, 0xFFF7, 0xFEEF, 0xFE6D, 0xFE6D, 0xFE8D, 0xFE8D, 0xFECE, 0xFF94, 0xFFB7, 0xFFFB,
    0xE5F1, 0xDC29, 0xD449, 0xEE31, 0xFF96, 0xFF55, 0xF6B3, 0xF693, 0xF693, 0xF693, 0xF673, 0xF673, 0xF673, 0xF673, 0xF674, 0xEE54,
    0xEE54, 0xEE54, 0xEE54, 0xEE33, 0xEE54, 0xEE54, 0xEE13, 0xEE33, 0xEE33, 0xEE33, 0xEE33, 0xE611, 0xE5F1, 0xEDF2, 0xEDF2, 0xEDF2,
    0xEE12, 0xEE12, 0xEE12, 0xEE12, 0xEE12, 0xE5F1, 0xE5F1, 0xEE12, 0xEE11, 0xEE11, 0xE5F1, 0xEDF1, 0xEDF1, 0xE5D0, 0xE5CF, 0xE5D0,
    0xE5CF, 0xE5CF, 0xE5CF, 0xE5CF, 0xE5CF, 0xE5CF, 0xE5CF, 0xE5AF, 0xE5AF, 0xE5AF, 0xE58E, 0xE58E, 0xDD6D, 0xE56D, 0xDD2C, 0xDD4C,
    0xDD2C, 0xDCEB, 0xDCEB, 0xD4AA, 0xCC69, 0xD48A, 0xD4CB, 0xDCCB, 0xD4CB, 0xCC8A, 0xCC6A, 0xCC6A, 0xCC6A, 0xCC4A, 0xB3A8, 0xA326,
    0xA306, 0xA2E5, 0xA2E5, 0x9AC5, 0xAB46, 0xC3E7, 0xCC28, 0xCC29, 0xCC28, 0xD489, 0xDCCA, 0xDD0B, 0xE54C, 0xDCEB, 0xDCEB, 0xDD0B,
    0xE52C, 0xDD2C, 0xDD2C, 0xDD2C, 0xDD0B, 0xDD0B, 0xDCEB, 0xDCCB, 0xDCCB, 0xDCCB, 0xD48A, 0xD469, 0xD4AA, 0xD4AA, 0xD48A, 0xD48A,
    0xD48A, 0xD48A, 0xD48A, 0xD48A, 0xD48A, 0xD4CB, 0xDCEB, 0xD4CB, 0xE52C, 0xE54C, 0xDD2C, 0xDCEC, 0xE56D, 0xE56E, 0xE56D, 0xE58E,
    0xE56D, 0xDD4D, 0xDD2D, 0xDD2C, 0xDD4D, 0xE56E, 0xE56D, 0xE58E, 0xE58F, 0xE58F, 0xE58F, 0xE58F, 0xDD8F, 0xBC2B, 0x9285, 0xCD0E,
    0xFE92, 0xFE92, 0xF692, 0xFE72, 0xFE52, 0xF611, 0xF610, 0xF631, 0xF651, 0xFE51, 0xF630, 0xF5F0, 0xF5F0, 0xF5F0, 0xEDCF, 0xF610,
    0xF630, 0xFE51, 0xF610, 0xF5AF, 0xF610, 0xFED2, 0xFF14, 0xFF56, 0xFF56, 0xFF56, 0xFF76, 0xFF77, 0xFF56, 0xFF36, 0xFF56, 0xFF36,
    0xFF35, 0xFF35, 0xFF35, 0xFF76, 0xFF77, 0xFF97, 0xFFB8, 0xFFB8, 0xFFB8, 0xFFB8, 0xFFB8, 0xFFB8, 0xFFD8, 0xFFD8, 0xFF96, 0xFF96,
    0xFF76, 0xFF75, 0xFFB6, 0xFFB7, 0xFFB7, 0xFFB6, 0xFFB6, 0xFFD6, 0xFFB5, 0xFFB5, 0xFFD5, 0xFFF5, 0xFFF5, 0xFFD6, 0xFFD6, 0xFFD6,
    0xFFD6, 0xFFF7, 0xFFF7, 0xFFF7, 0xFFF7, 0xFFF7, 0xFFF8, 0xFFF8, 0xFFF8, 0xFFF8, 0xFFF7, 0xFF93, 0xFF10, 0xFEAF, 0xFEF0, 0xFEF0,
    0xFEAF, 0xFF31, 0xFF51, 0xF56A, 0xFF55, 0xFFF8, 0xFF11, 0xFE6D, 0xFE4D, 0xFE4C, 0xFE4D, 0xFE8D, 0xFECF, 0xFFB4, 0xFFD7, 0xFFF9,
    0xFFB8, 0xFFD9, 0xF6F4, 0xCC4A, 0xCC2A, 0xEE10, 0xFF13, 0xFED3, 0xFED3, 0xFED3, 0xFEB3, 0xFE93, 0xFE93, 0xF673, 0xF673, 0xEE54,
    0xF654, 0xEE54, 0xEE54, 0xEE13, 0xEE33, 0xEE13, 0xEE13, 0xEE13, 0xEE33, 0xEE33, 0xEE32, 0xE612, 0xE5F1, 0xEE12, 0xEDF2, 0xE5F2,
    0xEE12, 0xEE12, 0xEE12, 0xEDF2, 0xE5F1, 0xE5F1, 0xE5F1, 0xE5F1, 0xEDF1, 0xE5F1, 0xE5D0, 0xE5D0, 0xE5D0, 0xE5CF, 0xE5AF, 0xE5CF,
    0xE5AF, 0xE5CF, 0xE5CF, 0xE5AF, 0xE5CF, 0xE5CF, 0xE5AF, 0xE5CF, 0xE58F, 0xDD6E, 0xE58E, 0xE58E, 0xE56D, 0xDD4D, 0xDD4D, 0xDD2C,
    0xDD0B, 0xD4CB, 0xD4AA, 0xD4CA, 0xD48A, 0xCC29, 0xCC49, 0xD4AA, 0xD48A, 0xD48B, 0xD48A, 0xCC4A, 0xCC4A, 0xBBC8, 0xAB87, 0xAB46,
    0xAB46, 0xAB47, 0xA2E5, 0x9AA5, 0xB346, 0xC3E8, 0xCC28, 0xCC29, 0xD449, 0xD489, 0xDCEA, 0xDCEB, 0xE54C, 0xE52C, 0xDD0B, 0xDD0B,
    0xDD2C, 0xE56D, 0xE56D, 0xDD2C, 0xDD0C, 0xDCEB, 0xDCEB, 0xDCCB, 0xDCCB, 0xD4AB, 0xDCAB, 0xD46A, 0xCC49, 0xD4CB, 0xD4CB, 0xCC8A,
    0xCC69, 0xD48A, 0xDCCB, 0xD48A, 0xD48A, 0xD4AA, 0xDD0C, 0xDD2C, 0xE54C, 0xE54D, 0xE54D, 0xDD0C, 0xE52D, 0xE56E, 0xE54D, 0xE54D,
    0xE54D, 0xE54D, 0xE56D, 0xE56D, 0xE58E, 0xE58F, 0xE58F, 0xE58F, 0xE58F, 0xE5AF, 0xE58F, 0xE5D0, 0xC44B, 0x8A43, 0xCCCD, 0xD52E,
    0xFE51, 0xFE92, 0xF651, 0xF631, 0xF631, 0xF610, 0xF630, 0xF631, 0xF631, 0xF610, 0xEDCF, 0xEDAF, 0xF610, 0xF610, 0xF610, 0xF5F0,
    0xF5CF, 0xF5EF, 0xF5CF, 0xEDAF, 0xF5EF, 0xF630, 0xF692, 0xFF15, 0xFF56, 0xFF77, 0xFF77, 0xFF77, 0xFF56, 0xFF35, 0xFF15, 0xFF35,
    0xFF35, 0xFF35, 0xFF56, 0xFF76, 0xFF77, 0xFF76, 0xFF76, 0xFF77, 0xFF77, 0xFF77, 0xFF97, 0xFF77, 0xFF76, 0xFF76, 0xFF56, 0xFF55,
    0xFF55, 0xFF55, 0xFFB7, 0xFFD7, 0xFFD7, 0xFFD6, 0xFFB6, 0xFFB5, 0xFFB5, 0xFFB5, 0xFFF6, 0xFFF6, 0xFFF5, 0xFFB5, 0xFFB5, 0xFFD6,
    0xFFD7, 0xFFF7, 0xFFF7, 0xFFF7, 0xFFF8, 0xFFF7, 0xFFF8, 0xFFF9, 0xFFF8, 0xFFF8, 0xFFF7, 0xFF93, 0xFF11, 0xFF31, 0xFF51, 0xFF10,
    0xFF11, 0xFF71, 0xFF51, 0xF56A, 0xFF55, 0xFFF8, 0xFE8E, 0xFE4C, 0xFE2C, 0xFE2C, 0xFE2C, 0xFE4D, 0xFEAF, 0xFFD6, 0xFFF9, 0xFFF9,
    0xFFF9, 0xFFF9, 0xFFD8, 0xFF97, 0xF715, 0xCBE9, 0xDD2D, 0xFF75, 0xFF14, 0xFED3, 0xFEB3, 0xFEB3, 0xFEB4, 0xF674, 0xF674, 0xF654,
    0xF654, 0xF654, 0xEE54, 0xEE13, 0xEE13, 0xEE12, 0xEE12, 0xEE12, 0xEE33, 0xEE33, 0xEE32, 0xEE12, 0xE611, 0xEE12, 0xEE12, 0xE5F1,
    0xEE12, 0xEE12, 0xEDF2, 0xEE12, 0xE5F1, 0xE5F1, 0xE5F1, 0xE5D0, 0xE5F1, 0xE5D0, 0xDDAF, 0xE5AF, 0xE5AF, 0xE5AF, 0xE5AE, 0xE5AF,
    0xE5AF, 0xE5CF, 0xEDD0, 0xE5AF, 0xE5AF, 0xE5CF, 0xDD8E, 0xE5AF, 0xE5CF, 0xE56E, 0xDD4D, 0xE56E, 0xE58E, 0xE56D, 0xDD2C, 0xDD2C,
    0xDD0C, 0xDD2C, 0xD4AA, 0xCC8A, 0xD48A, 0xCC49, 0xC408, 0xC409, 0xCC4A, 0xCC29, 0xCC6A, 0xCC49, 0xC409, 0xB387, 0xAB66, 0xB387,
    0xBBC9, 0xBBC8, 0xA2E5, 0x9284, 0xB346, 0xCC08, 0xCC28, 0xCC49, 0xD469, 0xD489, 0xDCEB, 0xDCEB, 0xE54C, 0xE56D, 0xDD2C, 0xDD0B,
    0xDD2C, 0xE54D, 0xE56D, 0xE54D, 0xDD2C, 0xDCEB, 0xDCEB, 0xDCEB, 0xD4CB, 0xD4AB, 0xD48A, 0xD48A, 0xD48A, 0xD4AA, 0xD4CB, 0xD4AA,
    0xCC6A, 0xD48A, 0xDCEB, 0xD48A, 0xD48A, 0xD4AA, 0xDD0C, 0xDD2C, 0xE54D, 0xE54D, 0xE56D, 0xE56D, 0xDD0C, 0xE52C, 0xE54D, 0xE54D,
    0xE54D, 0xDD2D, 0xDD2D, 0xDD4D, 0xE58E, 0xE5AF, 0xE58F, 0xE5AF, 0xE5AF, 0xE58F, 0xE56F, 0xEDF1, 0xC48C, 0x8223, 0xCD0E, 0xD54E,
    0xF610, 0xF651, 0xFE51, 0xF610, 0xF631, 0xFE51, 0xFE51, 0xF631, 0xF5F0, 0xED8E, 0xE54D, 0xE58E, 0xF610, 0xF630, 0xF610, 0xF610,
    0xF610, 0xF610, 0xF610, 0xF630, 0xF630, 0xF5CF, 0xF652, 0xFF15, 0xFF77, 0xFF77, 0xFF77, 0xFF76, 0xFF76, 0xFF55, 0xFF15, 0xFF35,
    0xFF35, 0xFF15, 0xFF35, 0xFF56, 0xFF56, 0xFF56, 0xFF56, 0xFF76, 0xFF56, 0xFF56, 0xFF97, 0xFF77, 0xFF56, 0xFF76, 0xFF96, 0xFFD7,
    0xFFD7, 0xFFB7, 0xFFD8, 0xFFF9, 0xFFD8, 0xFFF8, 0xFFD6, 0xFFB5, 0xFFD5, 0xFFB5, 0xFFB5, 0xFFD5, 0xFFD5, 0xFFD6, 0xFFD6, 0xFFF7,
    0xFFF7, 0xFFF8, 0xFFF8, 0xFFF8, 0xFFF8, 0xFFF9, 0xFFF9, 0xFFF8, 0xFFF8, 0xFFF8, 0xFFF7, 0xFFD5, 0xFFB4, 0xFFB3, 0xFF72, 0xFF31,
    0xFFB3, 0xFFB3, 0xFF92, 0xF56A, 0xFF34, 0xFFF8, 0xFEAE, 0xFE2C, 0xFE0C, 0xFE0C, 0xFE2C, 0xFE0C, 0xFEF0, 0xFFF7, 0xFFF9, 0xFFF9,
    0xFFF9, 0xFFF9, 0xFFF9, 0xFFF9, 0xFFD8, 0xEE93, 0xDD6E, 0xDD2D, 0xDD2D, 0xF651, 0xFED4, 0xFEB3, 0xFEB3, 0xFEB3, 0xFEB4, 0xF673,
    0xF673, 0xF694, 0xF653, 0xEE33, 0xEE33, 0xEE12, 0xE612, 0xEE12, 0xEE33, 0xEE33, 0xEE32, 0xEE12, 0xE612, 0xEE12, 0xE612, 0xE5F1,
    0xE611, 0xE612, 0xEDF2, 0xE5F1, 0xE5F1, 0xE5F1, 0xE5F1, 0xE5D0, 0xE5D0, 0xE5D0, 0xE5D0, 0xE5AF, 0xDD8E, 0xE5AF, 0xE5AF, 0xE5AF,
    0xE58E, 0xE5AF, 0xE5AF, 0xE5CF, 0xE5CF, 0xE5CF, 0xE5AF, 0xE58F, 0xE5AF, 0xE5AE, 0xE58E, 0xDD4D, 0xDD4D, 0xE56D, 0xE54C, 0xDD2C,
    0xD4EB, 0xD4EB, 0xDCEB, 0xD4CB, 0xD4AA, 0xD4AA, 0xCC49, 0xC408, 0xC409, 0xC408, 0xBBE8, 0xC409, 0xB387, 0xB387, 0xB367, 0xAB46,
    0xBBE8, 0xC3E8, 0xA2C5, 0xA305, 0xBBC7, 0xCC08, 0xCC28, 0xD4AA, 0xD489, 0xD4AA, 0xDD0B, 0xDD0B, 0xE54D, 0xDD6D, 0xDD4D, 0xDD4D,
    0xDD2C, 0xE56E, 0xE56D, 0xE56D, 0xDD2C, 0xDCEB, 0xDCEC, 0xDCEB, 0xD4CB, 0xD4AB, 0xD4AB, 0xD4AA, 0xD4AA, 0xD4CB, 0xD4CB, 0xD4AB,
    0xD4AA, 0xD4AA, 0xE52C, 0xDCEB, 0xD4AA, 0xD4CA, 0xE52C, 0xE54D, 0xDD4D, 0xE54D, 0xE56D, 0xE56D, 0xDD0C, 0xDCEB, 0xDD0C, 0xE54D,
    0xE54D, 0xDD4D, 0xE52D, 0xE52D, 0xE56E, 0xE58E, 0xE5AF, 0xE5AF, 0xE58F, 0xE58F, 0xE5B0, 0xB3C9, 0xB3A9, 0xBC2B, 0xCD0E, 0xD52E,
    0xEDCF, 0xF630, 0xFE71, 0xFE51, 0xFE51, 0xFE51, 0xFE51, 0xF630, 0xF630, 0xFE31, 0xF631, 0xF610, 0xF610, 0xF5EF, 0xEDCF, 0xF610,
    0xFE50, 0xF630, 0xF630, 0xF630, 0xF610, 0xF671, 0xFF55, 0xFF76, 0xFF36, 0xFF56, 0xFF56, 0xFF56, 0xFF56, 0xFF56, 0xFF35, 0xFF35,
    0xFF15, 0xFF15, 0xFF15, 0xFF35, 0xFF35, 0xFF35, 0xFF56, 0xFF56, 0xFF36, 0xFF76, 0xFF97, 0xFF56, 0xFF56, 0xFF76, 0xFFB7, 0xFFF8,
    0xFFD8, 0xFFD8, 0xFFF9, 0xFFF9, 0xFFF9, 0xFFF8, 0xFFD7, 0xFFB6, 0xFFD6, 0xFFB5, 0xFF95, 0xFF95, 0xFFB5, 0xFFD6, 0xFFD6, 0xFFF7,
    0xFFF7, 0xFFF7, 0xFFF8, 0xFFF7, 0xFFF8, 0xFFF9, 0xFFF8, 0xFFF8, 0xFFF8, 0xFFF8, 0xFFF9, 0xFFF9, 0xFFF6, 0xFF52, 0xFF52, 0xFF72,
    0xFF31, 0xFF52, 0xFF71, 0xF529, 0xFF34, 0xFFF8, 0xFECF, 0xFE8E, 0xFEAF, 0xFE6E, 0xFE4E, 0xFE4D, 0xFEAF, 0xFFB7, 0xFFF9, 0xFFF9,
    0xFFF9, 0xFFF9, 0xFFF9, 0xFF77, 0xFF57, 0xF756, 0xE5D0, 0xDD2E, 0xCCAB, 0xEE11, 0xFEF5, 0xF6D3, 0xFEB3, 0xFEB3, 0xFEB4, 0xFEB3,
    0xFE93, 0xF693, 0xF673, 0xF673, 0xEE33, 0xEE33, 0xEE12, 0xEE33, 0xEE33, 0xEE33, 0xEE32, 0xEE12, 0xE612, 0xEE12, 0xEE12, 0xE612,
    0xE611, 0xE611, 0xEE12, 0xE5F1, 0xE5F1, 0xE5F1, 0xE5F1, 0xE5D0, 0xE5AF, 0xE5D0, 0xEDF1, 0xE5AF, 0xDD8E, 0xE5AE, 0xE5AF, 0xE5AF,
    0xDD8E, 0xE58E, 0xE58F, 0xE5AF, 0xE5CF, 0xE5CF, 0xE5CF, 0xE5AF, 0xE5AF, 0xE5AE, 0xE5AE, 0xE5AE, 0xDD4D, 0xDD2C, 0xDCEB, 0xD4EB,
    0xD4AA, 0xD4AA, 0xD4AA, 0xD4AB, 0xD4AA, 0xD4CB, 0xCC8A, 0xC409, 0xBBC8, 0xC3E9, 0xBBA7, 0xB387, 0xB3A8, 0xB387, 0xBBC8, 0xBBE8,
    0xC408, 0xC409, 0x9AA5, 0xBB87, 0xCC49, 0xC408, 0xCC08, 0xD48A, 0xDCEB, 0xDCEB, 0xDD0B, 0xDD0B, 0xDD4D, 0xE56E, 0xE58E, 0xE58E,
    0xE56E, 0xE56E, 0xE56E, 0xE56D, 0xE54D, 0xE52C, 0xDD0C, 0xDCEB, 0xD4CB, 0xD48A, 0xD48A, 0xD4AA, 0xD48A, 0xD4AA, 0xD4CB, 0xD4CB,
    0xD4CB, 0xD4EB, 0xE52C, 0xE52C, 0xDCEB, 0xDD0B, 0xE54D, 0xE56D, 0xE56D, 0xE54D, 0xE56D, 0xE56D, 0xDD2C, 0xDCEB, 0xDCEC, 0xE52D,
    0xE54D, 0xE56E, 0xE54E, 0xE54D, 0xE56E, 0xE58E, 0xE5AF, 0xE58F, 0xE58F, 0xE58F, 0xF611, 0xA327, 0x9AE6, 0xDDB0, 0xD52E, 0xD52E,
    0xFE51, 0xFE51, 0xF610, 0xF630, 0xF630, 0xF630, 0xFE51, 0xFE51, 0xFE51, 0xFE51, 0xFE51, 0xFE30, 0xFE30, 0xF630, 0xF610, 0xF5EF,
    0xF5CF, 0xF610, 0xF630, 0xF630, 0xF5EF, 0xEDAE, 0xF60F, 0xFEB3, 0xFF36, 0xFF76, 0xFF15, 0xFEF4, 0xFEF4, 0xFED4, 0xF6B3, 0xF6B3,
    0xFEF4, 0xFF14, 0xFF35, 0xFF35, 0xFF35, 0xFF56, 0xFF56, 0xFF56, 0xFF36, 0xFF76, 0xFF97, 0xFF76, 0xFF56, 0xFF76, 0xFF97, 0xFFB7,
    0xFFB7, 0xFFB7, 0xFFB7, 0xFFD8, 0xFFF9, 0xFFD7, 0xFFD7, 0xFFD7, 0xFFD6, 0xFFD6, 0xFFD7, 0xFFD6, 0xFFD7, 0xFFD7, 0xFFD7, 0xFFF8,
    0xFFF7, 0xFFD7, 0xFFD7, 0xFFD7, 0xFFF8, 0xFFF8, 0xFFF8, 0xFFF9, 0xFFF9, 0xFFF9, 0xFFF9, 0xFFF9, 0xFFD5, 0xFF32, 0xFF32, 0xFF72,
    0xFF51, 0xFF51, 0xFF31, 0xF64E, 0xEE0E, 0xFFB5, 0xFFB4, 0xFFD5, 0xFFB4, 0xFEB0, 0xFE8F, 0xFE4E, 0xFE2E, 0xFFB6, 0xFFFA, 0xFFF9,
    0xFFF9, 0xFFF9, 0xFFF9, 0xFF17, 0xFEF6, 0xF674, 0xE5F1, 0xEE32, 0xD50D, 0xC44A, 0xC44A, 0xD52D, 0xFF35, 0xFEF4, 0xFEB3, 0xFEB3,
    0xFE94, 0xFE93, 0xF693, 0xF673, 0xEE53, 0xEE33, 0xEE33, 0xEE53, 0xEE52, 0xEE33, 0xEE33, 0xEE32, 0xEE32, 0xEE12, 0xEE12, 0xEE12,
    0xE5F1, 0xE611, 0xEE12, 0xE612, 0xE611, 0xE5F1, 0xE5F1, 0xE5F1, 0xE5F1, 0xE5F1, 0xE5D1, 0xE5D0, 0xE5AE, 0xE58E, 0xE58E, 0xE5AE,
    0xDD8E, 0xE5AF, 0xE5CF, 0xE5AF, 0xE5CF, 0xE5CF, 0xEDD0, 0xE5CF, 0xE5AF, 0xE5AE, 0xDD6D, 0xE58E, 0xE56D, 0xDD2C, 0xDCEB, 0xD48A,
    0xD48A, 0xD48A, 0xD48A, 0xD4AA, 0xD4AA, 0xCC89, 0xCC6A, 0xCC6A, 0xC409, 0xBBC8, 0xBBC8, 0xBBA8, 0xB3A7, 0xB387, 0xBBC8, 0xCC29,
    0xC429, 0xC409, 0xA2A4, 0xB366, 0xCC29, 0xC408, 0xCC69, 0xD48A, 0xD4EB, 0xDD0B, 0xDD0B, 0xDD0B, 0xDD4D, 0xE58E, 0xE58E, 0xE58F,
    0xE58F, 0xE58E, 0xE56E, 0xE56D, 0xE54D, 0xDD0C, 0xDD0B, 0xDCEC, 0xDCCB, 0xD48A, 0xCC6A, 0xD4AA, 0xD4AB, 0xD4AA, 0xCC8A, 0xD4AA,
    0xD4CB, 0xD4EB, 0xDD2C, 0xE54C, 0xDD2C, 0xDD0C, 0xDD4D, 0xE54D, 0xE56D, 0xE54D, 0xDD0C, 0xE54D, 0xDD0C, 0xDCEC, 0xDD0C, 0xDD0C,
    0xDD2C, 0xE58F, 0xE56E, 0xE54E, 0xE58E, 0xE58E, 0xE58F, 0xE58F, 0xE5AF, 0xEDD0, 0xB3EA, 0xB389, 0xC46C, 0xD52E, 0xCD0E, 0xD52E,
    0xFE71, 0xF610, 0xE5AE, 0xEDCF, 0xF610, 0xFE51, 0xF631, 0xF610, 0xF610, 0xF610, 0xF5EF, 0xF5EF, 0xF5EF, 0xF5EF, 0xF5EF, 0xEDAE,
    0xF5AE, 0xF5EF, 0xF5EF, 0xF5CE, 0xED8E, 0xED4D, 0xF5CE, 0xFEB3, 0xFF14, 0xFEF5, 0xFED4, 0xFED4, 0xFED4, 0xFEB3, 0xF672, 0xF693,
    0xFF35, 0xFF35, 0xFF35, 0xFF56, 0xFF56, 0xFF56, 0xFF76, 0xFF97, 0xFF76, 0xFF56, 0xFF56, 0xFF97, 0xFF96, 0xFF96, 0xFF96, 0xFFB7,
    0xFF96, 0xFF96, 0xFF76, 0xFFB7, 0xFFB7, 0xFFB7, 0xFFD7, 0xFFD7, 0xFFD7, 0xFFB6, 0xFFD7, 0xFFF7, 0xFFB6, 0xFFB6, 0xFFD7, 0xFFD7,
    0xFFB6, 0xFFB6, 0xFFD7, 0xFFD7, 0xFFB7, 0xFFB7, 0xFFF8, 0xFFF9, 0xFFFA, 0xFFF8, 0xFFF7, 0xFFD7, 0xFFB5, 0xFF32, 0xFF11, 0xFEF1,
    0xFF11, 0xFEF0, 0xFED0, 0xFEF0, 0xE54C, 0xFFF8, 0xFFF7, 0xFFF6, 0xFF95, 0xFE90, 0xFE8F, 0xFE2E, 0xFE0E, 0xFF34, 0xFFF9, 0xFFFA,
    0xFFFA, 0xFFF9, 0xFF78, 0xFF17, 0xFF16, 0xF674, 0xE5D0, 0xE5D0, 0xE56F, 0xDD4E, 0xDD0D, 0xC429, 0xDD2D, 0xDD0D, 0xDD8F, 0xFF35,
    0xFEB4, 0xF6B4, 0xF693, 0xF693, 0xF673, 0xF673, 0xEE53, 0xEE53, 0xEE53, 0xEE53, 0xEE33, 0xEE33, 0xEE33, 0xEE33, 0xEE32, 0xEE12,
    0xE611, 0xE611, 0xEE32, 0xEE12, 0xE612, 0xEE12, 0xE5F1, 0xE5F1, 0xE5F1, 0xE5F1, 0xE5D0, 0xE5F0, 0xE5CF, 0xE58E, 0xE58E, 0xE5AF,
    0xE58E, 0xE58F, 0xEDCF, 0xEDD0, 0xE5CF, 0xE5CF, 0xEDD0, 0xEDF0, 0xE5AF, 0xE58E, 0xE56D, 0xDD2C, 0xE54C, 0xDD2C, 0xDD0B, 0xD4CB,
    0xD4AA, 0xD4AA, 0xD4AA, 0xD48A, 0xD4AA, 0xCC8A, 0xCC69, 0xCC49, 0xC429, 0xBBE8, 0xBBC8, 0xBBC8, 0xBBE8, 0xC3E8, 0xC408, 0xC429,
    0xC429, 0xCC49, 0xA2A5, 0xB367, 0xCC29, 0xCC09, 0xD46A, 0xD4AA, 0xDCEB, 0xDD0C, 0xDD0B, 0xDD2C, 0xE56E, 0xE58F, 0xE58E, 0xE58E,
    0xE58E, 0xE58E, 0xE56E, 0xE56D, 0xDD0C, 0xDCEB, 0xDCEB, 0xDCEB, 0xDCEC, 0xD4AB, 0xCC6A, 0xCC6A, 0xD48A, 0xD4CB, 0xCC8A, 0xCC6A,
    0xD4CB, 0xDCEB, 0xDD0C, 0xE54C, 0xE56D, 0xDD4C, 0xDD2D, 0xDD4D, 0xDD4D, 0xE52D, 0xDD0C, 0xDD2C, 0xDD0C, 0xDD0C, 0xDD0C, 0xDD0C,
    0xDD0C, 0xE58F, 0xE5AF, 0xE58F, 0xE58F, 0xE5AF, 0xE5B0, 0xE5AF, 0xDD6F, 0xE56F, 0x9AE6, 0xB3E9, 0xDD8F, 0xD50E, 0xD50E, 0xCD0E,
    0xFE30, 0xFE50, 0xF60F, 0xEDEF, 0xF610, 0xF630, 0xF630, 0xF630, 0xF631, 0xFE30, 0xF5EF, 0xF60F, 0xF5EF, 0xEDAE, 0xEDAE, 0xEDAE,
    0xEDAE, 0xF5EF, 0xF630, 0xF60F, 0xF5EF, 0xED8E, 0xF5CE, 0xFE91, 0xFEB3, 0xFED4, 0xFF15, 0xFF14, 0xFEF4, 0xFEF4, 0xFEF4, 0xFF55,
    0xFF76, 0xFF76, 0xFFB7, 0xFFD8, 0xFFD8, 0xFF97, 0xFFB7, 0xFFD8, 0xFFB7, 0xFF76, 0xFF56, 0xFF36, 0xFF56, 0xFF76, 0xFF76, 0xFF55,
    0xFF55, 0xFF75, 0xFF76, 0xFF76, 0xFFB7, 0xFFD7, 0xFFD7, 0xFFF8, 0xFFD7, 0xFF96, 0xFFB7, 0xFFD7, 0xFFD7, 0xFFD7, 0xFFB6, 0xFFB6,
    0xFFB6, 0xFFB6, 0xFFD7, 0xFFD7, 0xFFD8, 0xFFF8, 0xFFF8, 0xFFF8, 0xFFF8, 0xFFF8, 0xFFD6, 0xFF94, 0xFF94, 0xFF94, 0xFF72, 0xFF32,
    0xFF72, 0xFF11, 0xFED0, 0xFECF, 0xF64F, 0xDDCF, 0xF755, 0xFFF8, 0xFF75, 0xFE71, 0xF62E, 0xF5EE, 0xF5EE, 0xF62F, 0xFF77, 0xFFB9,
    0xFFB9, 0xFFB8, 0xFF17, 0xFEF6, 0xF6F6, 0xF674, 0xE5D1, 0xE5B0, 0xE5AF, 0xDD8F, 0xE56E, 0xD4EC, 0xD4AB, 0xC429, 0xCC6B, 0xCD0D,
    0xFED4, 0xFF15, 0xFED4, 0xF673, 0xF693, 0xF693, 0xF673, 0xEE53, 0xF653, 0xEE53, 0xEE53, 0xEE53, 0xEE53, 0xEE33, 0xEE33, 0xEE33,
    0xE611, 0xE611, 0xEE33, 0xEE12, 0xE612, 0xEE12, 0xEE12, 0xEE12, 0xE5F1, 0xE5F1, 0xE5F1, 0xE5F1, 0xE5D0, 0xE5D0, 0xE5AF, 0xE5AF,
    0xEDCF, 0xE5AF, 0xE5AF, 0xE5CF, 0xE5CF, 0xE5CF, 0xE5CF, 0xE5AF, 0xE58E, 0xE58E, 0xE58D, 0xDD2C, 0xDD2B, 0xDD2C, 0xDD0C, 0xD4EB,
    0xD4EB, 0xD4CA, 0xD4AA, 0xCC69, 0xCC69, 0xD48A, 0xD46A, 0xCC49, 0xC3E9, 0xBBE8, 0xBBE8, 0xBBE8, 0xC3E8, 0xC429, 0xC429, 0xC429,
    0xC429, 0xBB87, 0x9A84, 0xB387, 0xCC29, 0xC408, 0xCC6A, 0xD4AA, 0xDCEB, 0xDD4C, 0xDD4D, 0xE56D, 0xDD6E, 0xDD8F, 0xDD8F, 0xE58E,
    0xE58E, 0xE58E, 0xDD6E, 0xE56D, 0xDD0C, 0xDCEB, 0xDD0C, 0xD4CB, 0xDCEC, 0xDCCC, 0xD46A, 0xD46A, 0xD46A, 0xD4AA, 0xDCCB, 0xD4AB,
    0xD4AB, 0xD4CB, 0xDD0C, 0xDD2C, 0xE56D, 0xE54D, 0xDD2D, 0xDD2D, 0xDD4D, 0xDD0C, 0xDD2C, 0xDD2C, 0xDD2C, 0xDD2C, 0xDD2C, 0xE52D,
    0xDD2D, 0xE58F, 0xE5B0, 0xE5D0, 0xE5AF, 0xE58F, 0xE5B0, 0xEDF0, 0xDD6F, 0x8A64, 0xB3A8, 0xC46B, 0xCC8C, 0xCC8C, 0xCD0E, 0xCD2E,
    0xF630, 0xFE71, 0xFE50, 0xF630, 0xF630, 0xF630, 0xF630, 0xFE50, 0xFE71, 0xFE71, 0xF610, 0xF610, 0xF610, 0xF5CF, 0xF5CF, 0xEDAE,
    0xF610, 0xF630, 0xF610, 0xF610, 0xEDCF, 0xE56D, 0xEDAE, 0xEDCF, 0xF651, 0xFF14, 0xFF15, 0xFF35, 0xFEF4, 0xFED4, 0xFEF4, 0xFF55,
    0xFF55, 0xFF55, 0xFFD8, 0xFFD9, 0xFFF9, 0xFFD8, 0xFFD9, 0xFFFA, 0xFFB8, 0xFF77, 0xFF76, 0xFF35, 0xFF56, 0xFF76, 0xFF56, 0xFF35,
    0xFF55, 0xFF76, 0xFF96, 0xFF96, 0xFFD7, 0xFFB7, 0xFFB7, 0xFFB7, 0xFF76, 0xFF76, 0xFF96, 0xFFB7, 0xFFD8, 0xFFD8, 0xFFB7, 0xFFB7,
    0xFFD7, 0xFFD8, 0xFFD8, 0xFFF8, 0xFFF8, 0xFFF8, 0xFFB6, 0xFFB6, 0xFFD6, 0xFFF7, 0xFFF7, 0xFFB5, 0xFFB5, 0xFFB5, 0xFF32, 0xFF11,
    0xFF32, 0xFEF0, 0xFED0, 0xFED0, 0xFEF1, 0xCC28, 0xEED3, 0xFFF8, 0xFF75, 0xFE92, 0xF60F, 0xEDAD, 0xF5CE, 0xF5EE, 0xFED4, 0xFEF6,
    0xFEF6, 0xFEF6, 0xF6D5, 0xF6B5, 0xF694, 0xF673, 0xE5D1, 0xE5B0, 0xDD6F, 0xDD4E, 0xDD4E, 0xDD4E, 0xDD2D, 0xD50D, 0xDD4D, 0xA326,
    0xCCED, 0xD4ED, 0xDD8F, 0xFF15, 0xF673, 0xF652, 0xF693, 0xF694, 0xF694, 0xFE94, 0xF674, 0xF673, 0xF653, 0xEE53, 0xEE53, 0xEE53,
    0xEE32, 0xEE12, 0xEE32, 0xEE33, 0xE612, 0xE612, 0xEE12, 0xEE12, 0xE5F1, 0xE5F1, 0xE5F1, 0xEDF1, 0xE5D0, 0xE5D0, 0xE5D0, 0xE5CF,
    0xE5CF, 0xE5AF, 0xDD6E, 0xE5AF, 0xE5D0, 0xEDF0, 0xE5AF, 0xE5AF, 0xE58E, 0xE56E, 0xE58E, 0xE56D, 0xDD4C, 0xDD2C, 0xDD0C, 0xD4EB,
    0xD4AA, 0xD4CB, 0xD48A, 0xCC69, 0xCC49, 0xC408, 0xC409, 0xCC29, 0xC3E9, 0xBBE8, 0xBBE8, 0xC3E8, 0xC409, 0xC429, 0xC429, 0xCC29,
    0xC429, 0x9243, 0xA2E5, 0xCC29, 0xC429, 0xC429, 0xCC6A, 0xD4AB, 0xDCEB, 0xDD4D, 0xDD4E, 0xDD6E, 0xDD6E, 0xDD8F, 0xE58F, 0xE58F,
    0xE58F, 0xE58F, 0xDD4D, 0xDD2C, 0xDD0C, 0xDD0B, 0xDCEB, 0xD4AA, 0xD48B, 0xDCCC, 0xD4CB, 0xD46A, 0xD46A, 0xCC4A, 0xDCCB, 0xDD0C,
    0xD4CB, 0xD4CB, 0xDCEC, 0xDD2C, 0xE56D, 0xE56D, 0xE54D, 0xDD2C, 0xE54D, 0xDD0C, 0xDD0C, 0xDD2C, 0xDD2C, 0xDD2D, 0xE56E, 0xE56E,
    0xE54E, 0xE58F, 0xE5B0, 0xE5D0, 0xE5D0, 0xEDD0, 0xEDF1, 0xD52E, 0xC44B, 0x8A44, 0xB368, 0xBBC9, 0xBBA9, 0xBBA9, 0xCCCD, 0xD52E,
    0xFE50, 0xFE51, 0xF630, 0xF610, 0xF630, 0xF610, 0xF630, 0xFE30, 0xF630, 0xF60F, 0xF5EF, 0xF610, 0xF60F, 0xF610, 0xF610, 0xF610,
    0xFE30, 0xEDEF, 0xDD4E, 0xEDAF, 0xF610, 0xF630, 0xFE91, 0xF60F, 0xEDCE, 0xF692, 0xFEF4, 0xFF35, 0xFF14, 0xFF35, 0xFF35, 0xFF36,
    0xFF56, 0xFF97, 0xFFB8, 0xFF98, 0xFFF9, 0xFFF9, 0xFFF9, 0xFFF9, 0xFFB8, 0xFF77, 0xFF76, 0xFF35, 0xFF96, 0xFF96, 0xFF15, 0xFEF4,
    0xFF35, 0xFF55, 0xFF76, 0xFF96, 0xFF96, 0xFF96, 0xFF96, 0xFF55, 0xFF34, 0xFF96, 0xFFF8, 0xFFF9, 0xFFF8, 0xFFF8, 0xFFF8, 0xFFF8,
    0xFFD8, 0xFFD8, 0xFFD7, 0xFFD8, 0xFFD8, 0xFFD8, 0xFFD7, 0xFFD7, 0xFFF7, 0xFFF7, 0xFFF8, 0xFFF8, 0xFFF8, 0xFFD6, 0xFF53, 0xFED0,
    0xFE90, 0xFEB0, 0xFED0, 0xFEB0, 0xFED0, 0xF68F, 0xCC29, 0xDD4E, 0xFF75, 0xF672, 0xF610, 0xE56D, 0xE54D, 0xE54D, 0xEDAF, 0xF673,
    0xF674, 0xF674, 0xF674, 0xEE33, 0xEE12, 0xE5D1, 0xE5B0, 0xE5B0, 0xDD4E, 0xDD2D, 0xDD2D, 0xD50D, 0xDD2D, 0xD4CC, 0xC42A, 0xA2A5,
    0x9A43, 0x9A23, 0xBB87, 0xD4EC, 0xDD4E, 0xEE10, 0xC44B, 0xEDD0, 0xE5B0, 0xE5AF, 0xF693, 0xFE93, 0xF673, 0xEE73, 0xEE53, 0xEE53,
    0xEE53, 0xEE33, 0xEE33, 0xEE33, 0xEE32, 0xE612, 0xEE12, 0xE612, 0xE5F1, 0xE5F1, 0xE5F1, 0xE5F1, 0xE5D0, 0xE5D0, 0xE5D1, 0xE5D0,
    0xE5CF, 0xE5AF, 0xE58E, 0xDD8E, 0xE5CF, 0xEDF0, 0xE5AF, 0xE5AF, 0xE5AF, 0xE58E, 0xE56D, 0xE56D, 0xE54D, 0xDD2C, 0xDD2C, 0xDCEB,
    0xD48A, 0xD48A, 0xCC69, 0xCC49, 0xCC29, 0xBBE8, 0xBBC8, 0xBBC8, 0xC3E8, 0xC3E8, 0xC429, 0xC429, 0xCC29, 0xCC49, 0xCC49, 0xCC49,
    0xCC49, 0x9A84, 0xAB06, 0xCC49, 0xC429, 0xCC6A, 0xCC8B, 0xD4CB, 0xDD0C, 0xDD4D, 0xDD6E, 0xDD6E, 0xDD8F, 0xDD8F, 0xDD8F, 0xE58F,
    0xE58F, 0xE56E, 0xDD6E, 0xDD0C, 0xDD0C, 0xDD0B, 0xD4AB, 0xD46A, 0xD46A, 0xD48B, 0xD4AB, 0xD4AA, 0xCC6A, 0xD46A, 0xD48A, 0xDCEB,
    0xDD0C, 0xDCEC, 0xDD0C, 0xDD0C, 0xDD2C, 0xE54D, 0xE56D, 0xDD4D, 0xDD4D, 0xDD0C, 0xDD0C, 0xDD4D, 0xDD2C, 0xDD2D, 0xE58E, 0xE5AF,
    0xE5AF, 0xE5AF, 0xE5D0, 0xE5D0, 0xEDD1, 0xDD6F, 0xE58F, 0xBBE9, 0x81C2, 0xAB68, 0xBB88, 0xBBC9, 0xBBC9, 0xBBC9, 0xBC0A, 0xC42B,
    0xF610, 0xF60F, 0xF5EF, 0xF5EF, 0xEDCF, 0xEDAE, 0xF610, 0xF610, 0xEDEF, 0xEDCF, 0xF610, 0xF630, 0xFE50, 0xF651, 0xF630, 0xFE91,
    0xFE51, 0xF630, 0xF610, 0xF651, 0xFE92, 0xFE51, 0xF650, 0xF60F, 0xF60F, 0xFE92, 0xFEF4, 0xFEF5, 0xFEF4, 0xFF36, 0xFF56, 0xFF56,
    0xFF36, 0xFF97, 0xFFD8, 0xFFD9, 0xFFF9, 0xFFF9, 0xFFF9, 0xFFF9, 0xFFB8, 0xFF77, 0xFF76, 0xFF56, 0xFF96, 0xFF35, 0xFEF4, 0xFF56,
    0xFF97, 0xFFB7, 0xFFB7, 0xFF96, 0xFF76, 0xFF96, 0xFF76, 0xFF14, 0xFF35, 0xFFD7, 0xFFB7, 0xFF97, 0xFFB7, 0xFFD7, 0xFFF8, 0xFFB7,
    0xFFD7, 0xFFD7, 0xFFB7, 0xFFB7, 0xFFD8, 0xFFF8, 0xFFF9, 0xFFF9, 0xFFF9, 0xFFF8, 0xFFF8, 0xFFF8, 0xFFD7, 0xFFB5, 0xFF73, 0xFED0,
    0xFE90, 0xFED0, 0xFEB0, 0xFEB0, 0xFEB0, 0xFEB0, 0xE52C, 0xCBE9, 0xCCAC, 0xFED3, 0xF610, 0xE54D, 0xE52C, 0xE52C, 0xDD2C, 0xEE32,
    0xEE53, 0xEE32, 0xEE32, 0xE5D0, 0xE5B0, 0xE5B0, 0xE5B0, 0xDD8F, 0xDD4E, 0xDD2D, 0xDD2D, 0xD50D, 0xD50D, 0xBBE9, 0x8161, 0xAAA5,
    0xC3A8, 0xBB87, 0xC3A7, 0xBB46, 0xCC2A, 0xDD0D, 0xBB87, 0xBB88, 0xBB67, 0xBBC8, 0xF631, 0xF631, 0xF632, 0xF653, 0xEE53, 0xEE53,
    0xF633, 0xF633, 0xEE33, 0xEE33, 0xEE33, 0xEE12, 0xEE13, 0xEE13, 0xE612, 0xE5F1, 0xE5F1, 0xE5F1, 0xE5D1, 0xE5D0, 0xE5D1, 0xE5D0,
    0xE5CF, 0xEDCF, 0xE5AE, 0xE58E, 0xE58E, 0xE5AF, 0xEDCF, 0xE5AF, 0xE5AF, 0xE58E, 0xDD4D, 0xDD2C, 0xDD2C, 0xDD2C, 0xD4AA, 0xD4CA,
    0xD48A, 0xCC69, 0xCC69, 0xC408, 0xBBE8, 0xC3E8, 0xBBC8, 0xC3E8, 0xBBC8, 0xC409, 0xCC49, 0xC429, 0xCC29, 0xCC49, 0xCC49, 0xCC69,
    0xCC49, 0x9264, 0xA305, 0xCC49, 0xC429, 0xCC6A, 0xCC8B, 0xD4EC, 0xDD2D, 0xDD4E, 0xDD6E, 0xDD8F, 0xDD8F, 0xDD8F, 0xDD6F, 0xDD8F,
    0xE58E, 0xDD2D, 0xE56E, 0xDD2C, 0xD4CB, 0xDCEB, 0xD4AB, 0xD46A, 0xD46A, 0xD46A, 0xD48B, 0xD4AB, 0xD48B, 0xD48A, 0xCC6A, 0xD4CB,
    0xDD0C, 0xDD0C, 0xDD0C, 0xDD0C, 0xDD2C, 0xE54D, 0xE54D, 0xDD4D, 0xE54D, 0xE54D, 0xDD0C, 0xE54D, 0xDD4D, 0xDD2D, 0xE58E, 0xE5AF,
    0xE5B0, 0xE5D0, 0xE5D0, 0xE5B0, 0xEE11, 0xCCCD, 0xAB68, 0xB388, 0x9224, 0xBBC9, 0xBBA9, 0xBBA9, 0xBBA9, 0xBBC9, 0xBBC9, 0xBBC9,
    0xEDCF, 0xF5CF, 0xF5CF, 0xEDAE, 0xED8E, 0xED8E, 0xED8E, 0xED8E, 0xEDCF, 0xEDCF, 0xEDAF, 0xED8F, 0xF5EF, 0xF651, 0xFE92, 0xFE72,
    0xF631, 0xFE51, 0xFE51, 0xFE31, 0xF5EF, 0xEDAE, 0xEDCE, 0xF5EF, 0xF630, 0xFED3, 0xFEF4, 0xFEF5, 0xF6D4, 0xFF36, 0xFF36, 0xFF36,
    0xFF36, 0xFF97, 0xFFD8, 0xFFB8, 0xFFD9, 0xFFD8, 0xFFD8, 0xFFF9, 0xFFD8, 0xFF76, 0xFF56, 0xFF35, 0xFF15, 0xFF35, 0xFF55, 0xFF97,
    0xFFD9, 0xFFD8, 0xFFB7, 0xFF97, 0xFF96, 0xFF76, 0xFF76, 0xFF76, 0xFF96, 0xFF96, 0xFF76, 0xFF76, 0xFF76, 0xFF97, 0xFF96, 0xFF96,
    0xFF97, 0xFF97, 0xFFB7, 0xFFB7, 0xFFD8, 0xFFF8, 0xFFF8, 0xFFF8, 0xFFF7, 0xFFD7, 0xFFD7, 0xFFF7, 0xFFD6, 0xFF95, 0xFF73, 0xFED1,
    0xFEF1, 0xFF31, 0xFEF1, 0xFF11, 0xFF11, 0xFE8F, 0xFEB0, 0xF5CD, 0xCBC7, 0xCC09, 0xEDAF, 0xEDCE, 0xDD0C, 0xE50C, 0xDD2C, 0xEE11,
    0xEE12, 0xE5D1, 0xE5D0, 0xE5B0, 0xE58F, 0xDD6E, 0xDD4E, 0xDD2E, 0xDD2D, 0xDD6E, 0xD50C, 0xD4AC, 0xA2C5, 0x89E2, 0xA285, 0xAAC5,
    0xBB67, 0xBB67, 0xBBA8, 0xC3C8, 0xBBA8, 0xBB88, 0xC3A8, 0xBBA8, 0xC3A8, 0xBBA8, 0xC409, 0xBBA8, 0xE54E, 0xFEB4, 0xF673, 0xF693,
    0xEE73, 0xEE33, 0xF633, 0xEE33, 0xEE33, 0xEE13, 0xEE33, 0xEE13, 0xE612, 0xE611, 0xEDF1, 0xE5D1, 0xE5F1, 0xE5F1, 0xE5D1, 0xE5F1,
    0xE5AF, 0xE58F, 0xE5AF, 0xE58E, 0xE56E, 0xDD6E, 0xE58E, 0xE5AF, 0xDD6E, 0xDD4D, 0xE56D, 0xDD2C, 0xD4CB, 0xDCEB, 0xD4AA, 0xC3E8,
    0xCC49, 0xCC49, 0xCC49, 0xC408, 0xC3E8, 0xC3E8, 0xC3E8, 0xC3E8, 0xBBC8, 0xC3E8, 0xCC29, 0xCC49, 0xCC49, 0xCC49, 0xCC49, 0xC429,
    0xC409, 0x9264, 0xA305, 0xCC49, 0xC429, 0xCC8B, 0xCCAB, 0xD50D, 0xDD2E, 0xDD4E, 0xDD6F, 0xDD8F, 0xE58F, 0xE58F, 0xDD6F, 0xDD6E,
    0xE58E, 0xD4EC, 0xDD0C, 0xDD2D, 0xD4AB, 0xD4AA, 0xD4AB, 0xD48A, 0xD46A, 0xD46A, 0xD48A, 0xD4AB, 0xDCCB, 0xD4AA, 0xD48A, 0xDCEB,
    0xDD2C, 0xDD2C, 0xDD2C, 0xDD0C, 0xDD0C, 0xE54D, 0xDD2C, 0xDD4D, 0xE56D, 0xE56D, 0xDD2D, 0xE54D, 0xE5AF, 0xE58E, 0xE5AF, 0xE5B0,
    0xE5D0, 0xE5D0, 0xEDD0, 0xEDD0, 0xE5D0, 0xD4ED, 0x8223, 0x9AA5, 0xBB88, 0xB388, 0xBBA8, 0xBBA9, 0xBBC9, 0xBBC9, 0xBBA9, 0xBBC9,
    0xF5CF, 0xED8E, 0xE56D, 0xE54D, 0xE54D, 0xE54D, 0xE56D, 0xE56D, 0xE54D, 0xED6E, 0xED6E, 0xED6E, 0xF5AF, 0xF630, 0xF610, 0xEDEF,
    0xFE51, 0xF610, 0xF610, 0xF610, 0xEDAE, 0xEDAE, 0xF5EF, 0xF5CE, 0xF630, 0xFF14, 0xFF15, 0xFF15, 0xFF36, 0xFF98, 0xFFB9, 0xFFD9,
    0xFFB8, 0xFF98, 0xFF77, 0xFF57, 0xFFB8, 0xFFB8, 0xFFB8, 0xFFB8, 0xFFB8, 0xFF56, 0xFF15, 0xFF15, 0xFEF5, 0xFFB8, 0xFFF9, 0xFFD9,
    0xFFF9, 0xFFF9, 0xFFB8, 0xFF97, 0xFF76, 0xFF56, 0xFF76, 0xFF76, 0xFF97, 0xFF96, 0xFF76, 0xFF96, 0xFFB7, 0xFFB7, 0xFF97, 0xFF97,
    0xFF96, 0xFFB7, 0xFFD7, 0xFFD7, 0xFFD7, 0xFFB7, 0xFF96, 0xFFB6, 0xFFF7, 0xFFF7, 0xFFB7, 0xFFD6, 0xFFD6, 0xFFD5, 0xFF32, 0xFEF1,
    0xFF11, 0xFF11, 0xFF31, 0xFF52, 0xFF52, 0xFEF1, 0xFE6F, 0xFE70, 0xFE0E, 0xBB67, 0xDD0D, 0xED8E, 0xDCEC, 0xDCCB, 0xD4CB, 0xEE11,
    0xEE32, 0xEE32, 0xEE11, 0xEE11, 0xE5D0, 0xE5AF, 0xE58E, 0xE58E, 0xE56E, 0xCCAB, 0xAB26, 0x89C2, 0x9223, 0x9A44, 0xAB05, 0xB346,
    0xB347, 0xBB67, 0xBB67, 0xBB87, 0xBBA8, 0xC3A8, 0xBBA8, 0xBBA8, 0xC3A8, 0xC3A8, 0xC3C8, 0xBBA7, 0xD4AB, 0xDD2D, 0xD4ED, 0xD4CC,
    0xE5F1, 0xEE74, 0xEE33, 0xEE53, 0xEE53, 0xEE33, 0xEE33, 0xEE33, 0xEE32, 0xEE12, 0xEE12, 0xE5F1, 0xE5F1, 0xE5F1, 0xE5F1, 0xE5F1,
    0xE5AF, 0xDD6E, 0xE5AE, 0xE58E, 0xE56D, 0xD50C, 0xDD2C, 0xDD4D, 0xDD2D, 0xD50C, 0xDD0C, 0xE54D, 0xDCEB, 0xCC49, 0xCC49, 0xC3E8,
    0xBBA7, 0xC3E8, 0xC3E8, 0xC3E8, 0xC3E8, 0xC3E8, 0xC3E8, 0xBBC7, 0xBBC7, 0xC3C7, 0xC3E7, 0xCC29, 0xCC29, 0xCC49, 0xD46A, 0x9AC5,
    0x8A02, 0xA2C5, 0xC409, 0xC429, 0xC44A, 0xCC8B, 0xCCAB, 0xD50D, 0xDD2E, 0xDD4E, 0xDD6F, 0xDD6F, 0xDD6F, 0xDD8F, 0xDD6E, 0xDD8E,
    0xDD6E, 0xD4CB, 0xD4AB, 0xDCEC, 0xD4CB, 0xCC6A, 0xD48B, 0xD48A, 0xD46A, 0xD4AB, 0xD48A, 0xD48A, 0xDCCC, 0xDD2C, 0xD4AB, 0xD4AB,
    0xDD2C, 0xDD2C, 0xDD2C, 0xDD0C, 0xDD2C, 0xE54D, 0xDD2C, 0xDD4D, 0xE56D, 0xE56E, 0xE56D, 0xDD4D, 0xE5AF, 0xE5B0, 0xE5B0, 0xE5D0,
    0xE5D0, 0xE5D0, 0xE5B0, 0xEE11, 0xDD4E, 0x8A64, 0x9A85, 0xB367, 0xBBA8, 0xB3A8, 0xB3A9, 0xBBA9, 0xBBC9, 0xBBA9, 0xBBA9, 0xBBA9,
    0xEDAF, 0xF5F0, 0xFE51, 0xF610, 0xF5EF, 0xF650, 0xFE51, 0xF5EF, 0xEDAF, 0xF610, 0xFE71, 0xFE50, 0xE5AE, 0xEDF0, 0xEE10, 0xF5F0,
    0xFE50, 0xF60F, 0xF5EF, 0xF5CF, 0xEDCE, 0xF5CE, 0xEDAE, 0xF5CE, 0xFE30, 0xF692, 0xF6B3, 0xFF15, 0xFF57, 0xFFD9, 0xFFDA, 0xFFDA,
    0xFF78, 0xFF97, 0xFFB8, 0xFF98, 0xFFB8, 0xFFB8, 0xFF56, 0xFF36, 0xFF35, 0xFEF5, 0xFEF4, 0xFF56, 0xFF97, 0xFFB7, 0xFFB7, 0xFF97,
    0xFF97, 0xFFB8, 0xFF56, 0xFF35, 0xFF56, 0xFF76, 0xFF76, 0xFF56, 0xFF36, 0xFF35, 0xFF76, 0xFF76, 0xFF96, 0xFF97, 0xFF97, 0xFFB7,
    0xFF97, 0xFF97, 0xFFD7, 0xFFB6, 0xFF96, 0xFF96, 0xFFD7, 0xFFD7, 0xFFB6, 0xFFB6, 0xFFD7, 0xFFD7, 0xFFB5, 0xFF95, 0xFF73, 0xFEF1,
    0xFE90, 0xFEB0, 0xFEB0, 0xFEB0, 0xFEB0, 0xFEF1, 0xFEB0, 0xFE90, 0xFEB1, 0xF60E, 0xD4AA, 0xB346, 0xA2C5, 0x9A84, 0xA306, 0xCCAD,
    0xCCAD, 0xCCAC, 0xCC8C, 0xCC8C, 0xC46B, 0xC44A, 0xC44A, 0xC42A, 0xC44A, 0x9243, 0x91E2, 0x91E2, 0xA2C5, 0xAB06, 0xAB05, 0xB346,
    0xB347, 0xB367, 0xB367, 0xBB67, 0xBB88, 0xBB88, 0xBB88, 0xBBA8, 0xC3A8, 0xC3C8, 0xC3C8, 0xC3E8, 0xC3E9, 0xBB88, 0xC3C8, 0xB346,
    0xDD4E, 0xF653, 0xEE33, 0xEE33, 0xEE53, 0xEE53, 0xEE33, 0xEE33, 0xE612, 0xEE12, 0xEE13, 0xE5F1, 0xE5F1, 0xEDF1, 0xE5F1, 0xEDF1,
    0xE5AF, 0xDD6E, 0xE56E, 0xE58E, 0xE56D, 0xD4EB, 0xDCEB, 0xD4EC, 0xDD0C, 0xDCEB, 0xD4AB, 0xD48A, 0xE52C, 0xCC69, 0xBB87, 0xC3A7,
    0xBBA7, 0xC3A7, 0xC3C7, 0xC3C8, 0xC3E8, 0xC3E8, 0xCC28, 0xCC29, 0xC408, 0xBBC7, 0xC3E7, 0xCC28, 0xCC49, 0xCC49, 0xD48A, 0x9AA4,
    0xA306, 0xC3E9, 0xC409, 0xC42A, 0xCC8B, 0xCCAC, 0xCCAC, 0xD4EC, 0xDD2E, 0xDD2E, 0xDD4E, 0xDD6E, 0xDD6F, 0xDD6E, 0xDD2D, 0xDD2D,
    0xDD6E, 0xD4CB, 0xCC8A, 0xD48B, 0xD4CB, 0xCC6A, 0xCC4A, 0xD46A, 0xD48A, 0xDCCB, 0xDCEB, 0xD4AB, 0xD4AA, 0xDD0C, 0xDCEC, 0xD4CB,
    0xDD0C, 0xDD2C, 0xDD2C, 0xDD0C, 0xDD4D, 0xE56E, 0xDD4D, 0xDD2D, 0xE56E, 0xE58E, 0xE58E, 0xDD6E, 0xE5AF, 0xE5B0, 0xE5B0, 0xE5B0,
    0xE5B0, 0xEDF1, 0xDD8F, 0xC46B, 0xC46C, 0x8A03, 0xA307, 0xBBC9, 0xB388, 0xB388, 0xB368, 0xB388, 0xBBC9, 0xBBC9, 0xBBA9, 0xBBC9,
    0xF631, 0xFE31, 0xEDCF, 0xF610, 0xF630, 0xEDCF, 0xE56E, 0xDD2D, 0xE54D, 0xEDEF, 0xFEF3, 0xFED3, 0xFEB2, 0xFED2, 0xFED2, 0xFE71,
    0xF5F0, 0xEDCF, 0xEDEF, 0xF5EF, 0xF651, 0xFE50, 0xF5EF, 0xF60F, 0xF60F, 0xF610, 0xF6B3, 0xFF98, 0xFFB9, 0xFFB8, 0xFF78, 0xFFB8,
    0xFFD9, 0xFFD9, 0xFFD9, 0xFFB8, 0xFF97, 0xFF56, 0xFF15, 0xFF55, 0xFF55, 0xFF15, 0xFF35, 0xFF97, 0xFFB7, 0xFF77, 0xFFB7, 0xFF97,
    0xFF96, 0xFF56, 0xFF35, 0xFF56, 0xFF97, 0xFF97, 0xFF97, 0xFF56, 0xFF55, 0xFF76, 0xFF76, 0xFF76, 0xFF76, 0xFF76, 0xFF56, 0xFF96,
    0xFFB7, 0xFFB7, 0xFFD7, 0xFFB7, 0xFFB6, 0xFFD7, 0xFFD7, 0xFFD7, 0xFFB6, 0xFF96, 0xFFB6, 0xFFD6, 0xFFB6, 0xFFB5, 0xFF94, 0xFF11,
    0xFE6F, 0xFE90, 0xFE90, 0xFEB0, 0xFEB0, 0xFED1, 0xFED1, 0xFED1, 0xFE4F, 0xFE70, 0xFE4F, 0xDCCB, 0xAB05, 0xAAC5, 0x9223, 0x81C2,
    0x81A2, 0x81A2, 0x81A2, 0x81A2, 0x81A2, 0x81A2, 0x81A1, 0x89C2, 0x89A2, 0x9203, 0xAB06, 0xAB05, 0xAAE5, 0xAAE5, 0xB326, 0xB367,
    0xB347, 0xB347, 0xB367, 0xBB67, 0xBB87, 0xBB88, 0xBB88, 0xBBA8, 0xC3E9, 0xC3E9, 0xC3C8, 0xC409, 0xCC6A, 0xCC6A, 0xCC8B, 0xC44A,
    0xBBA8, 0xAB88, 0xEE12, 0xEE33, 0xEE32, 0xEE33, 0xEE33, 0xEE33, 0xE612, 0xEE12, 0xEE33, 0xEE12, 0xEDF1, 0xEDF1, 0xE5F1, 0xE5F1,
    0xEDD0, 0xE58F, 0xDD4D, 0xE56E, 0xE56D, 0xD4EB, 0xCC8A, 0xD48A, 0xD4CB, 0xDCCB, 0xD48A, 0xCC69, 0xCC69, 0xD469, 0xC3E8, 0xBB87,
    0xBBA7, 0xC3E8, 0xC3C8, 0xC3C8, 0xC3E8, 0xC3E8, 0xCC49, 0xD46A, 0xD48A, 0xCC49, 0xCC49, 0xCC49, 0xCC49, 0xCC49, 0xD48A, 0x9AA4,
    0xAB27, 0xC42A, 0xC40A, 0xC42A, 0xCC6B, 0xD4AC, 0xD4AC, 0xD4AC, 0xD50D, 0xDD4E, 0xD52D, 0xD50C, 0xDD6E, 0xDD8E, 0xD50D, 0xD4EC,
    0xD50C, 0xD4AB, 0xD48A, 0xD48B, 0xD48B, 0xDCCB, 0xD48A, 0xCC6A, 0xD48A, 0xD4AB, 0xDCEC, 0xDD0C, 0xDCEB, 0xDCEC, 0xDD0C, 0xDD0C,
    0xDD0C, 0xDD4D, 0xDD4D, 0xDD2D, 0xDD4D, 0xE58E, 0xE56E, 0xDD2D, 0xE56E, 0xE58E, 0xE5AF, 0xE5AF, 0xE5B0, 0xE5D0, 0xE5D0, 0xE5D0,
    0xE5D0, 0xDD4F, 0xDD0E, 0xA2C5, 0x9A84, 0xAB47, 0xB368, 0xB388, 0xB388, 0xB388, 0xB388, 0xB388, 0xB388, 0xBBA9, 0xBBC9, 0xBBC9,
    0xFEB2, 0xF630, 0xEDCF, 0xF610, 0xF610, 0xED8F, 0xEDAF, 0xEDF0, 0xF5CF, 0xF610, 0xFE92, 0xFE72, 0xF651, 0xFE71, 0xFEB2, 0xFE92,
    0xFE30, 0xF630, 0xFEB2, 0xFED3, 0xFE71, 0xFE71, 0xFE71, 0xF630, 0xF60F, 0xFE30, 0xFEB3, 0xFF56, 0xFF36, 0xFF36, 0xFF97, 0xFF98,
    0xFFB9, 0xFFDA, 0xFFB9, 0xFF97, 0xFF56, 0xFF36, 0xFF15, 0xF6F4, 0xF6F4, 0xFF15, 0xFFB7, 0xFFD8, 0xFFB7, 0xFFD8, 0xFFD8, 0xFF97,
    0xFF56, 0xFF55, 0xFF76, 0xFF76, 0xFF77, 0xFF76, 0xFF56, 0xFF36, 0xFF56, 0xFF97, 0xFF76, 0xFF76, 0xFF56, 0xFF56, 0xFF76, 0xFF76,
    0xFF96, 0xFFB7, 0xFFF9, 0xFFF9, 0xFFD8, 0xFFD7, 0xFFB7, 0xFFB6, 0xFFB6, 0xFF96, 0xFFB6, 0xFFB6, 0xFFB6, 0xFF95, 0xFF33, 0xFED0,
    0xFE6F, 0xFE90, 0xFEB0, 0xFE90, 0xFE90, 0xFE70, 0xFE90, 0xFEF1, 0xFE50, 0xFE2F, 0xFE0E, 0xF5AE, 0xED6C, 0xED6D, 0xD4AA, 0xCC4A,
    0xCC4A, 0xCC49, 0xB387, 0xAB06, 0xAAE6, 0xAAE5, 0xAAC5, 0xAAE5, 0xAAE5, 0xAAE5, 0xB326, 0xB326, 0xAB06, 0xAB06, 0xB326, 0xB347,
    0xB367, 0xB367, 0xB367, 0xBBA8, 0xBBA8, 0xBBA8, 0xBBA8, 0xBBC8, 0xC3E9, 0xC3E9, 0xC3E9, 0xC429, 0xCC6A, 0xC46A, 0xC46A, 0xCCAB,
    0xBBE9, 0xAB47, 0xEE53, 0xEE32, 0xEE12, 0xEE32, 0xEE33, 0xEE33, 0xE612, 0xE612, 0xEE12, 0xEE12, 0xEDF2, 0xEDF1, 0xEDD1, 0xE5D0,
    0xE5D0, 0xE58F, 0xDD4D, 0xDD2D, 0xDD2D, 0xDD0C, 0xD4AA, 0xD46A, 0xCC6A, 0xD48A, 0xD48A, 0xD48A, 0xCC08, 0xC3E8, 0xC3E8, 0xBBA7,
    0xC3C7, 0xC408, 0xCC08, 0xC3E8, 0xC3E8, 0xC3C7, 0xC3E7, 0xC3E8, 0xCC49, 0xD46A, 0xD48A, 0xD48A, 0xCC49, 0xCC49, 0xD4AB, 0x9284,
    0xA2E6, 0xC44B, 0xC42B, 0xC42B, 0xCC6B, 0xD4AC, 0xD4CC, 0xD4AC, 0xCCAC, 0xDD2E, 0xDD2D, 0xD4EC, 0xD50D, 0xDD4E, 0xDD2D, 0xD4CC,
    0xD4CC, 0xD4AB, 0xD4AB, 0xD4AB, 0xD48A, 0xD48A, 0xDCCB, 0xD4AB, 0xD4AA, 0xD4AB, 0xDCEC, 0xDD0C, 0xDD0C, 0xDD0C, 0xDD0C, 0xDD2C,
    0xDD2C, 0xDD4E, 0xE56E, 0xE56E, 0xDD6E, 0xE58E, 0xE58E, 0xDD4E, 0xDD6E, 0xE5AF, 0xE5D0, 0xE5D0, 0xE5D0, 0xE5D0, 0xE5D0, 0xE5D0,
    0xEE32, 0xB3A8, 0x9A64, 0xA2C5, 0xB368, 0xB368, 0xB388, 0xB388, 0xB388, 0xB388, 0xB388, 0xB388, 0xB368, 0xB388, 0xBBA9, 0xBBA9,
    0xFE51, 0xF610, 0xF5EF, 0xF5EF, 0xF630, 0xF651, 0xFE51, 0xFE51, 0xF630, 0xF610, 0xF5F0, 0xEDCF, 0xEDCF, 0xF651, 0xFEB2, 0xFE72,
    0xFE71, 0xFE51, 0xF671, 0xF651, 0xF610, 0xFE72, 0xFF34, 0xFED3, 0xFE92, 0xFE71, 0xFED3, 0xFF76, 0xFF36, 0xFF57, 0xFF98, 0xFF98,
    0xFFB8, 0xFFB9, 0xFFB8, 0xFF77, 0xFF56, 0xFF76, 0xFF35, 0xF693, 0xF693, 0xFF97, 0xFFD8, 0xFFB8, 0xFFB8, 0xFFD8, 0xFFB7, 0xFF76,
    0xFF55, 0xFF76, 0xFF76, 0xFF35, 0xFF56, 0xFF56, 0xFF15, 0xFF35, 0xFF97, 0xFF77, 0xFF56, 0xFF56, 0xFF97, 0xFF97, 0xFF97, 0xFFD7,
    0xFFD7, 0xFFF8, 0xFFD8, 0xFFD8, 0xFFD7, 0xFFB7, 0xFFD7, 0xFFB7, 0xFF96, 0xFF96, 0xFF96, 0xFF95, 0xFFB6, 0xFF74, 0xFF53, 0xFF32,
    0xFEF1, 0xFED0, 0xFED0, 0xFE90, 0xFE70, 0xFE4F, 0xFE90, 0xFEF1, 0xFEB1, 0xFE70, 0xFE70, 0xFE90, 0xFE90, 0xFE90, 0xFE6F, 0xE56C,
    0xE54C, 0xE52C, 0xD469, 0xC3C7, 0xB366, 0xB366, 0xB346, 0xBB46, 0xBB46, 0xB346, 0xB346, 0xB326, 0xB347, 0xB367, 0xB347, 0xB367,
    0xBBE8, 0xC3E9, 0xBBA8, 0xC3C8, 0xC3C8, 0xBBC8, 0xC3C8, 0xCC2A, 0xC409, 0xC42A, 0xC46A, 0xC46A, 0xC44A, 0xC46A, 0xC46B, 0xCC8B,
    0xBBE9, 0xB388, 0xD50E, 0xE5D1, 0xEE32, 0xE632, 0xEE33, 0xEE33, 0xE612, 0xEE12, 0xEE12, 0xEE12, 0xEDF1, 0xE5D1, 0xEDF1, 0xE5D0,
    0xE5D0, 0xE58E, 0xDD2C, 0xDD2C, 0xDD2C, 0xD50C, 0xD4AA, 0xCC49, 0xCC49, 0xD48A, 0xD46A, 0xD469, 0xCC08, 0xC408, 0xC3E8, 0xC3C7,
    0xC3C7, 0xCC29, 0xCC49, 0xCC29, 0xC408, 0xBBC7, 0xBBC7, 0xC3E8, 0xCC29, 0xCC49, 0xCC49, 0xD46A, 0xD4AA, 0xD4AA, 0xA305, 0x9244,
    0xAB47, 0xCC6B, 0xC44B, 0xC42A, 0xC44B, 0xCC6B, 0xD4CC, 0xCCAC, 0xCC6B, 0xD4CC, 0xD4EC, 0xD4EC, 0xD4CC, 0xD4EC, 0xD4EC, 0xD4AC,
    0xD4AB, 0xD4AB, 0xD4AB, 0xD4AB, 0xD4AA, 0xD48A, 0xD4CB, 0xD4CB, 0xD4AB, 0xD4CB, 0xDCEC, 0xDD0C, 0xDD0C, 0xDD0C, 0xE54D, 0xDD4D,
    0xDD2D, 0xE56E, 0xE56E, 0xE56E, 0xE56E, 0xE58F, 0xE5AF, 0xE58F, 0xDD6E, 0xE5AF, 0xE5D0, 0xE5D0, 0xE5B0, 0xE5D1, 0xEE11, 0xDDB0,
    0xBC0B, 0xA307, 0x8A03, 0x9264, 0xB368, 0xB368, 0xB368, 0xB368, 0xB388, 0xB388, 0xB388, 0xB388, 0xB388, 0xB388, 0xB388, 0xB388,
    0xF5CF, 0xE56E, 0xDD2D, 0xEDAF, 0xF631, 0xF5F0, 0xEDCF, 0xEDAF, 0xEDF0, 0xF631, 0xEE10, 0xE5CF, 0xE58E, 0xF631, 0xFED3, 0xFE92,
    0xFE72, 0xF5F0, 0xF631, 0xFEB2, 0xFED3, 0xFF14, 0xFF14, 0xFEF3, 0xFEB2, 0xF650, 0xFEB2, 0xFF76, 0xFF77, 0xFF57, 0xFF77, 0xFF98,
    0xFFB9, 0xFFB9, 0xFF77, 0xFF15, 0xF715, 0xF6F4, 0xF6B3, 0xF6B3, 0xFEF4, 0xFF76, 0xFF97, 0xFFB7, 0xFFB8, 0xFF77, 0xFF56, 0xFF56,
    0xFF55, 0xFF76, 0xFF96, 0xFF56, 0xFF76, 0xFF76, 0xFF56, 0xFF76, 0xFF77, 0xFF56, 0xFF35, 0xFF56, 0xFF76, 0xFF97, 0xFFB7, 0xFFF8,
    0xFFF8, 0xFFF9, 0xFF96, 0xFF75, 0xFFB6, 0xFFB7, 0xFF96, 0xFF96, 0xFF76, 0xFF96, 0xFF96, 0xFFB6, 0xFFB6, 0xFFB6, 0xFF95, 0xFF73,
    0xFF73, 0xFEB0, 0xFED0, 0xFEB0, 0xFE70, 0xFEB0, 0xFEB1, 0xFED2, 0xFF32, 0xFEF1, 0xFED1, 0xFE90, 0xFE90, 0xFE6F, 0xFE6F, 0xF64F,
    0xF64F, 0xF62F, 0xF5AD, 0xDCAA, 0xD46A, 0xD449, 0xC3C8, 0xBB87, 0xBB66, 0xBB87, 0xBB87, 0xB367, 0xBB87, 0xC44A, 0xC44A, 0xC429,
    0xC44A, 0xC42A, 0xC429, 0xBBE9, 0xC42A, 0xC44A, 0xC42A, 0xC46A, 0xC46A, 0xC46A, 0xC48B, 0xC46B, 0xC46B, 0xC46B, 0xC48B, 0xC46B,
    0xCC6B, 0xCC6A, 0xA306, 0xE5B0, 0xF693, 0xE611, 0xEE32, 0xEE33, 0xEE12, 0xEE12, 0xEE12, 0xEDF2, 0xEDF2, 0xE5F0, 0xE5F0, 0xE5CF,
    0xE5CF, 0xDD8E, 0xDD4D, 0xDD4D, 0xDD2D, 0xDD4C, 0xDD0C, 0xD4AA, 0xCC49, 0xD46A, 0xCC29, 0xCC08, 0xCC08, 0xC3E8, 0xCC08, 0xCC49,
    0xCC29, 0xCC29, 0xCC29, 0xD46A, 0xCC49, 0xCC29, 0xCC49, 0xCC29, 0xCC49, 0xCC49, 0xCC49, 0xCC6A, 0xDCCB, 0xE50C, 0x9243, 0xAB07,
    0xCC6B, 0xC44B, 0xC42B, 0xC42B, 0xC44B, 0xC44B, 0xCC8C, 0xD4AC, 0xCC6B, 0xCC6B, 0xCC8B, 0xD4CC, 0xD4CC, 0xD4CC, 0xD4CC, 0xD4AC,
    0xD4AB, 0xD4AB, 0xD4AB, 0xD4AB, 0xD4AB, 0xD4CB, 0xD4CB, 0xD4CB, 0xD4CB, 0xD4CB, 0xD4CB, 0xDD2D, 0xDD0C, 0xDD2D, 0xE56E, 0xE56E,
    0xDD6E, 0xDD6E, 0xE56E, 0xE58F, 0xE58F, 0xE5AF, 0xE5B0, 0xE5D0, 0xE5B0, 0xE5AF, 0xE5D1, 0xE5D1, 0xE5D1, 0xDD90, 0xD50E, 0xE5D1,
    0x9285, 0x9223, 0xB347, 0xB348, 0xB368, 0xB388, 0xB368, 0xB388, 0xC40A, 0xC40A, 0xB3A9, 0xB388, 0xBBC9, 0xBBC9, 0xB388, 0xB388,
    0xFE31, 0xED8E, 0xD4EC, 0xEDAF, 0xF5F0, 0xF610, 0xF631, 0xF631, 0xF631, 0xF631, 0xFE51, 0xF651, 0xF631, 0xFEB2, 0xFE92, 0xFE71,
    0xFE71, 0xFE51, 0xFE71, 0xFEB2, 0xFEF3, 0xFED2, 0xF650, 0xFE30, 0xFE51, 0xEDCF, 0xEE10, 0xFF15, 0xFF36, 0xF736, 0xFF77, 0xFF78,
    0xFF78, 0xFF98, 0xFF77, 0xFF36, 0xFF56, 0xF715, 0xF6F4, 0xFF36, 0xFF76, 0xFFB7, 0xFFD9, 0xFF98, 0xFF57, 0xFFB8, 0xFFD8, 0xFFB7,
    0xFF76, 0xFF55, 0xFF35, 0xFF76, 0xFF97, 0xFF36, 0xFF35, 0xFF56, 0xFF76, 0xFF76, 0xFF76, 0xFF56, 0xFF76, 0xFF76, 0xFFB7, 0xFFD7,
    0xFFD7, 0xFFB7, 0xFF76, 0xFF56, 0xFF76, 0xFF96, 0xFF96, 0xFF76, 0xFFB6, 0xFFD7, 0xFF96, 0xFF75, 0xFF75, 0xFFB6, 0xFF96, 0xFF53,
    0xFED1, 0xFE90, 0xFEB0, 0xFE6F, 0xFE70, 0xFED1, 0xFEB1, 0xFE70, 0xFE91, 0xFE90, 0xFE90, 0xFEB0, 0xFE90, 0xFE70, 0xFE90, 0xFEB0,
    0xFEB0, 0xFEB0, 0xFE2F, 0xFE2E, 0xF5CE, 0xDCCB, 0xCC08, 0xC3C7, 0xC3A7, 0xC3C8, 0xC3E8, 0xC3C8, 0xC409, 0xCCAB, 0xCCAB, 0xCCAB,
    0xCC8B, 0xC46A, 0xC46A, 0xC44A, 0xC46A, 0xC46A, 0xC46A, 0xC46A, 0xC48B, 0xC48B, 0xC46A, 0xC46B, 0xC48B, 0xC46B, 0xC46B, 0xC46B,
    0xC48B, 0xCC8B, 0xAB26, 0xC40B, 0xDD4F, 0xEE32, 0xEE12, 0xEE12, 0xEE12, 0xEE12, 0xEDF2, 0xEDF1, 0xEDF1, 0xEDF0, 0xEDF0, 0xE5CF,
    0xE5AE, 0xE5AE, 0xE56E, 0xDD6D, 0xDD4D, 0xDD4C, 0xDD4C, 0xD4EB, 0xCC6A, 0xD46A, 0xCC29, 0xC3E8, 0xCC08, 0xC3E8, 0xC408, 0xCC49,
    0xCC49, 0xCC49, 0xCC08, 0xCC49, 0xD46A, 0xCC6A, 0xCC6A, 0xCC6A, 0xCC69, 0xCC49, 0xD46A, 0xD4AA, 0xD4CB, 0xBBE9, 0xAB26, 0xBBA8,
    0xC42A, 0xBBEA, 0xBBEA, 0xC44B, 0xC44B, 0xC44B, 0xCC6B, 0xCC8C, 0xCC6B, 0xCC6B, 0xCC8B, 0xCC8B, 0xD4CC, 0xD4CC, 0xD4CC, 0xD4CC,
    0xD4CC, 0xD4AB, 0xD4AB, 0xD4AB, 0xD4CB, 0xD4CB, 0xD4CB, 0xDCCB, 0xDCCB, 0xD4CB, 0xD4EC, 0xDD2D, 0xDD2D, 0xDD4E, 0xE58F, 0xE58F,
    0xE56E, 0xDD6E, 0xDD8F, 0xE5AF, 0xE5B0, 0xE5B0, 0xE5B0, 0xE5D0, 0xE5D1, 0xE5D0, 0xE5D1, 0xE5D1, 0xE5D1, 0xE590, 0xB3A8, 0x9AE6,
    0x9AC6, 0xB348, 0xBB88, 0xBB88, 0xB368, 0xB368, 0xB389, 0xBBA9, 0xBBEA, 0xC3EA, 0xBBC9, 0xBBC9, 0xBBC9, 0xBBA9, 0xBBA8, 0xB388,
    0xF630, 0xF630, 0xFE71, 0xFE51, 0xEDF0, 0xFE51, 0xFE72, 0xFE52, 0xF5F0, 0xEDAF, 0xEDF0, 0xFE51, 0xFE92, 0xFE92, 0xF671, 0xFE71,
    0xFE51, 0xF630, 0xEDEF, 0xEDAE, 0xF610, 0xFE51, 0xFE71, 0xFE71, 0xFE91, 0xFE51, 0xFE51, 0xFED3, 0xFF15, 0xFF97, 0xFFB9, 0xFF98,
    0xFF98, 0xFF77, 0xFF36, 0xFF36, 0xFF56, 0xFFB7, 0xFFB8, 0xFFB8, 0xFFD8, 0xFFD9, 0xFFD9, 0xFF97, 0xFFD8, 0xFFD8, 0xFFB8, 0xFF97,
    0xFF35, 0xFF35, 0xFF35, 0xFF76, 0xFF76, 0xFF56, 0xFF97, 0xFF76, 0xFF76, 0xFF76, 0xFF56, 0xFF56, 0xFF76, 0xFF76, 0xFF76, 0xFF96,
    0xFF96, 0xFF75, 0xFF96, 0xFF96, 0xFF55, 0xFF75, 0xFFB6, 0xFF96, 0xFFB6, 0xFFB6, 0xFFB6, 0xFF95, 0xFF95, 0xFF75, 0xFF75, 0xFF95,
    0xFEB1, 0xFEB1, 0xFE90, 0xFE4F, 0xFE90, 0xFED1, 0xFEB1, 0xFE91, 0xFE70, 0xFE70, 0xFE4F, 0xFEB0, 0xFEB0, 0xFE90, 0xFE4F, 0xFE0F,
    0xFE2F, 0xFE4F, 0xFE6F, 0xFE8F, 0xFE2F, 0xF5AD, 0xDCCA, 0xDCCB, 0xCC49, 0xC429, 0xCC8A, 0xD4AB, 0xD4AB, 0xCCCB, 0xCCAB, 0xC48B,
    0xC48B, 0xC48B, 0xC48B, 0xC48B, 0xC46A, 0xC44A, 0xC46A, 0xC48A, 0xC48B, 0xC48B, 0xC48B, 0xC48B, 0xC48B, 0xC48B, 0xC46B, 0xC46A,
    0xC46B, 0xC48A, 0xC42A, 0x9A85, 0xBC2A, 0xF652, 0xEDF1, 0xEE11, 0xEE11, 0xEE12, 0xEDF1, 0xEDF0, 0xEDF0, 0xEDF0, 0xEDD0, 0xEDCF,
    0xE5AF, 0xE5AE, 0xE58E, 0xE58D, 0xDD4C, 0xD50C, 0xDD4D, 0xD4CB, 0xCC49, 0xCC49, 0xCC28, 0xC3E8, 0xCC08, 0xCC08, 0xC408, 0xCC49,
    0xCC49, 0xCC49, 0xCC49, 0xC429, 0xCC49, 0xD46A, 0xD46A, 0xD46A, 0xCC69, 0xD48A, 0xD4AA, 0xDCCB, 0xD4CC, 0x8A44, 0xB3A9, 0xC40A,
    0xBBA9, 0xB3A9, 0xBBEA, 0xC44B, 0xC42B, 0xC44B, 0xC42B, 0xC42B, 0xCC6B, 0xCC8B, 0xCC8B, 0xCC8B, 0xD4CC, 0xD4CC, 0xD4CC, 0xD4CC,
    0xD4CC, 0xD4CB, 0xD4CB, 0xD4CB, 0xD4CC, 0xD4CB, 0xD4CB, 0xD4CB, 0xDCCC, 0xD4CC, 0xD4EC, 0xDD2D, 0xDD2E, 0xDD6E, 0xE58F, 0xE5AF,
    0xDD6E, 0xDD8F, 0xDD8F, 0xE5B0, 0xE5D0, 0xE5D0, 0xE5D0, 0xE5D0, 0xE5D0, 0xE5D1, 0xE5D1, 0xE5D1, 0xE5F1, 0xE5D1, 0xAB47, 0x9285,
    0x9285, 0xB368, 0xB388, 0xB388, 0xB388, 0xB368, 0xBB89, 0xBBA9, 0xBBC9, 0xBBC9, 0xC3EA, 0xC3EA, 0xBBC9, 0xBBA9, 0xB3A8, 0xB3A8,
    0xF610, 0xFE31, 0xFE51, 0xFE51, 0xFE51, 0xFE51, 0xFE31, 0xF631, 0xF5F0, 0xEDF0, 0xEDF0, 0xF631, 0xFE72, 0xFE72, 0xFE71, 0xFE92,
    0xF651, 0xEDCF, 0xEDAF, 0xEDAF, 0xFE50, 0xFEF3, 0xFF54, 0xFF33, 0xFED2, 0xEDAE, 0xF5AE, 0xF692, 0xFF56, 0xFFB7, 0xFFB8, 0xFF98,
    0xFFB8, 0xFF77, 0xFF36, 0xFEF5, 0xFEF5, 0xF6F5, 0xFEF5, 0xF6F5, 0xFF98, 0xFF98, 0xFF97, 0xFFD8, 0xFFD9, 0xFFB7, 0xFF76, 0xFF76,
    0xFF35, 0xFF15, 0xFF76, 0xFF77, 0xFF56, 0xFF76, 0xFF97, 0xFF77, 0xFF76, 0xFF96, 0xFF76, 0xFF76, 0xFF76, 0xFF76, 0xFF76, 0xFF76,
    0xFF76, 0xFF96, 0xFF96, 0xFF96, 0xFF75, 0xFF95, 0xFF95, 0xFF55, 0xFF34, 0xFF34, 0xFF75, 0xFFB5, 0xFFB6, 0xFF54, 0xFF75, 0xFF54,
    0xFF12, 0xFF12, 0xFED1, 0xFEB1, 0xFEB1, 0xFED1, 0xFEB0, 0xFEB1, 0xFE70, 0xFE70, 0xFE2F, 0xFEB0, 0xFE90, 0xFE70, 0xFE70, 0xFE4F,
    0xFE4F, 0xFE70, 0xFE70, 0xFED1, 0xFE90, 0xF60F, 0xEDAD, 0xED8D, 0xED8D, 0xE56D, 0xD50C, 0xD4EC, 0xD4EC, 0xCCCB, 0xCCAB, 0xCCAB,
    0xCCAB, 0xCCAB, 0xCCAB, 0xC48B, 0xC48A, 0xC46A, 0xCCAB, 0xCCAB, 0xC48B, 0xCC8B, 0xCC8B, 0xC48B, 0xC46A, 0xC48B, 0xC48A, 0xC46A,
    0xC44A, 0xC46A, 0xC48B, 0xA2E6, 0xC44B, 0xF652, 0xEE11, 0xEE11, 0xEE11, 0xEE11, 0xEDF0, 0xEDF0, 0xEDF0, 0xEDF0, 0xEDCF, 0xEDF0,
    0xE5CF, 0xE5AE, 0xE58E, 0xE58D, 0xDD6D, 0xDD2C, 0xDD2C, 0xD4AB, 0xCC49, 0xCC29, 0xCC28, 0xCC08, 0xCC08, 0xCC49, 0xD469, 0xCC69,
    0xCC69, 0xCC69, 0xCC69, 0xCC69, 0xCC49, 0xD46A, 0xD46A, 0xD46A, 0xCC69, 0xD4AA, 0xDCEB, 0xDD2C, 0xBBE8, 0x81E2, 0xBBA9, 0xBBC9,
    0xB3A9, 0xB3A9, 0xBBEA, 0xC44B, 0xC42A, 0xC42B, 0xC42B, 0xC42B, 0xCC4B, 0xCC8B, 0xCC8B, 0xCC8B, 0xD4CC, 0xD4CC, 0xCCCC, 0xCCCC,
    0xD4CC, 0xD4CB, 0xD4CB, 0xD4CB, 0xD4CC, 0xD4CC, 0xD4CC, 0xD4CC, 0xD4CC, 0xDCEC, 0xDD0C, 0xDD4D, 0xDD4E, 0xDD6E, 0xE5AF, 0xE5AF,
    0xE5AF, 0xE5AF, 0xE5AF, 0xE5D0, 0xE5B0, 0xE5D1, 0xE5D0, 0xE5D0, 0xE5D1, 0xE5D1, 0xE5D1, 0xE5D1, 0xDD70, 0xD4EE, 0xA327, 0xBC2A,
    0xB40A, 0xBC0A, 0xBC0A, 0xB388, 0xB368, 0xB388, 0xB388, 0xBBA8, 0xBBC9, 0xBBE9, 0xC3EA, 0xBBEA, 0xBBC9, 0xBBC9, 0xBBC9, 0xBBC9,
    0xF610, 0xF610, 0xF611, 0xFE51, 0xFE72, 0xFE31, 0xF611, 0xF611, 0xF631, 0xFE51, 0xFE92, 0xFE92, 0xFEB2, 0xFEB2, 0xFE71, 0xF651,
    0xF5F0, 0xED8E, 0xEDEF, 0xFEB1, 0xFEF2, 0xFF74, 0xFF54, 0xFF34, 0xFEB2, 0xEDAE, 0xED6D, 0xF630, 0xFF56, 0xFF77, 0xFF36, 0xFF36,
    0xFF97, 0xFF56, 0xFEF5, 0xFEF5, 0xFF15, 0xFF35, 0xFF15, 0xFF36, 0xFFB8, 0xFFB8, 0xFF97, 0xFFB8, 0xFFB8, 0xFF76, 0xFF76, 0xFF56,
    0xFF35, 0xFF56, 0xFF76, 0xFF76, 0xFF56, 0xFF36, 0xFF56, 0xFF56, 0xFF76, 0xFF97, 0xFF56, 0xFF77, 0xFF76, 0xFF56, 0xFF76, 0xFFB7,
    0xFF96, 0xFF55, 0xFF34, 0xFF75, 0xFFB6, 0xFF55, 0xFF34, 0xFF34, 0xFF35, 0xFF75, 0xFF75, 0xFFB6, 0xFF95, 0xFF54, 0xFF95, 0xFF74,
    0xFF12, 0xFE91, 0xFED1, 0xFEF1, 0xFE70, 0xFE90, 0xFE91, 0xFE91, 0xFE90, 0xFEB1, 0xF64F, 0xFE90, 0xFEB0, 0xFE90, 0xFE70, 0xFE70,
    0xFE70, 0xFE70, 0xFEB0, 0xFF33, 0xFF13, 0xFEF2, 0xFF33, 0xFEF2, 0xFEB1, 0xF650, 0xEDCE, 0xDD2C, 0xDD2C, 0xD4EC, 0xCCCB, 0xCCAB,
    0xCCCB, 0xCCCC, 0xCCAB, 0xC48B, 0xCCAB, 0xCCAB, 0xCCAB, 0xCC8B, 0xCCAB, 0xCC8B, 0xC48B, 0xC4AB, 0xC48B, 0xC48B, 0xC48A, 0xC46A,
    0xC42A, 0xC46A, 0xC48A, 0xA2C6, 0xC44B, 0xEE53, 0xEDF1, 0xEE11, 0xEE11, 0xEDF0, 0xEDF0, 0xEDF0, 0xEDF0, 0xEDF0, 0xE5CF, 0xE5CF,
    0xE5CF, 0xE5AE, 0xE58E, 0xE58E, 0xDD6D, 0xDD2D, 0xD4CB, 0xD48A, 0xCC29, 0xCC29, 0xD449, 0xD48A, 0xCC49, 0xCC69, 0xD469, 0xD469,
    0xCC69, 0xCC69, 0xCC69, 0xCC69, 0xD46A, 0xCC6A, 0xCC6A, 0xCC6A, 0xCC49, 0xD4AA, 0xDCEB, 0xE54D, 0xBBE9, 0x79C2, 0xAB47, 0xBBA9,
    0xB3A9, 0xB3A9, 0xBBE9, 0xC42A, 0xC42B, 0xC44B, 0xC44B, 0xC42B, 0xC42A, 0xCC8B, 0xCC8B, 0xCC8B, 0xD4CC, 0xD4CC, 0xCCCC, 0xCCCC,
    0xD4EC, 0xD4CC, 0xD4CC, 0xD4CC, 0xD4CC, 0xD4CC, 0xDD0C, 0xDD0D, 0xDD0C, 0xDD0D, 0xDD4E, 0xDD4E, 0xDD4E, 0xDD6E, 0xE58F, 0xE5D0,
    0xE5D0, 0xE5D0, 0xE5D0, 0xE5D0, 0xE5D0, 0xE5D0, 0xE5D1, 0xE5D0, 0xE5D1, 0xDDB0, 0xDD6F, 0xEE32, 0xABCA, 0x8A65, 0xC46B, 0xB409,
    0xC48C, 0xC4AC, 0xC46B, 0xBC2A, 0xBC2B, 0xC42A, 0xBBC9, 0xBBC9, 0xBBC9, 0xBBE9, 0xBBE9, 0xBBEA, 0xBBE9, 0xBBC9, 0xBBC9, 0xB3A8,
    0xF610, 0xF610, 0xF5F0, 0xF631, 0xFE72, 0xF611, 0xFE31, 0xFE52, 0xFE52, 0xF631, 0xEDAF, 0xE5AF, 0xFE92, 0xF650, 0xED8E, 0xE52D,
    0xE56E, 0xEDAE, 0xF630, 0xFEB1, 0xFEB1, 0xFEB2, 0xFEB1, 0xFF13, 0xFF12, 0xFE2F, 0xE54D, 0xEDAF, 0xFF15, 0xFF15, 0xFF15, 0xFF56,
    0xFF36, 0xFF15, 0xFEF5, 0xFEF5, 0xFF36, 0xFF15, 0xF715, 0xFFB8, 0xFFD9, 0xFFB8, 0xFF97, 0xFF77, 0xFF97, 0xFF56, 0xFF35, 0xFF35,
    0xFF55, 0xFF76, 0xFF56, 0xFF35, 0xFF36, 0xFF36, 0xFF35, 0xFF35, 0xFF56, 0xFF77, 0xFF76, 0xFF76, 0xFF56, 0xFF56, 0xFF56, 0xFF76,
    0xFF76, 0xFF35, 0xFF34, 0xFF75, 0xFF55, 0xFF14, 0xFF34, 0xFF55, 0xFFB6, 0xFFD7, 0xFFB6, 0xFFB6, 0xFF95, 0xFF96, 0xFF96, 0xFF95,
    0xFF13, 0xFE71, 0xFEB1, 0xFEB1, 0xFE70, 0xFE70, 0xFE50, 0xFE50, 0xFEB1, 0xFEF1, 0xFEB1, 0xFEB1, 0xFED1, 0xFE90, 0xFE2F, 0xFE50,
    0xFE70, 0xFE91, 0xFED2, 0xFF33, 0xFF34, 0xFF54, 0xFF54, 0xFF33, 0xFEF2, 0xF6B1, 0xF670, 0xF62F, 0xEDCE, 0xDD2D, 0xD50C, 0xD4EC,
    0xD4EC, 0xCCCB, 0xCCCB, 0xCCCC, 0xCCCC, 0xCCCB, 0xCC8B, 0xC48B, 0xC48B, 0xBC6A, 0xC48B, 0xCCCC, 0xC4AB, 0xC48B, 0xBC4A, 0xC46A,
    0xC48B, 0xC46A, 0xC48A, 0xA2C6, 0xC46B, 0xF673, 0xEE11, 0xEE32, 0xEE11, 0xEDD0, 0xEDEF, 0xEDEF, 0xEDCF, 0xEDF0, 0xE58E, 0xE5AE,
    0xEDCF, 0xE58E, 0xDD4D, 0xDD6D, 0xDD4D, 0xDD2C, 0xD4EB, 0xD48A, 0xCC69, 0xD469, 0xCC29, 0xD469, 0xD48A, 0xD469, 0xCC49, 0xD469,
    0xD469, 0xCC69, 0xCC69, 0xCC49, 0xD46A, 0xD46A, 0xCC6A, 0xD46A, 0xD48A, 0xD4CB, 0xDD2C, 0xA326, 0x9264, 0x8A24, 0xA2E6, 0xAB07,
    0xAB47, 0xB388, 0xB388, 0xBC0A, 0xC44B, 0xC44B, 0xC44B, 0xC42B, 0xC42A, 0xC44B, 0xCC8C, 0xCC8C, 0xCCAC, 0xD4CC, 0xD4CC, 0xD4CC,
    0xD4CD, 0xD4CC, 0xD4CC, 0xD4CC, 0xD4CC, 0xD4EC, 0xDD0D, 0xDD2D, 0xDD2D, 0xDD4E, 0xDD4E, 0xDD4E, 0xDD4E, 0xDD6E, 0xE58F, 0xE5D0,
    0xE5D0, 0xE5D0, 0xE5F1, 0xE5D0, 0xE5B0, 0xD54F, 0xDD70, 0xE5D1, 0xE5D1, 0xE5D1, 0xABC9, 0x9B07, 0xAB89, 0xA368, 0xBC6B, 0xBC4A,
    0xC48C, 0xC4AC, 0xC4CC, 0xCCCD, 0xCCED, 0xCCED, 0xCCCC, 0xCCAC, 0xBC2A, 0xBC0A, 0xBC0A, 0xC40A, 0xBBE9, 0xBBC9, 0xBBC9, 0xBBC9,
    0xF631, 0xF5F0, 0xF611, 0xFE51, 0xFE72, 0xF610, 0xFE51, 0xF631, 0xF610, 0xF610, 0xF631, 0xF630, 0xF651, 0xF630, 0xF5EF, 0xF610,
    0xF630, 0xEDCF, 0xF5CF, 0xF5EF, 0xFE50, 0xF62F, 0xF691, 0xFF74, 0xFF32, 0xF5EF, 0xED6D, 0xF5CF, 0xFED4, 0xFF36, 0xFF77, 0xFF56,
    0xFED5, 0xFED4, 0xFF36, 0xFF35, 0xFEF5, 0xFEF5, 0xFEF5, 0xFF57, 0xFF77, 0xFF98, 0xFFB8, 0xFFD8, 0xFFD8, 0xFF76, 0xFF36, 0xFF56,
    0xFF35, 0xFF15, 0xFF15, 0xFF15, 0xFF35, 0xFF15, 0xFF14, 0xF6F4, 0xFF35, 0xFF76, 0xFF76, 0xFF76, 0xFF36, 0xFF36, 0xFF35, 0xFF35,
    0xFF55, 0xFF35, 0xFF34, 0xFF55, 0xFF34, 0xFF34, 0xFF35, 0xFF75, 0xFF76, 0xFF75, 0xFF96, 0xFF96, 0xFF75, 0xFF55, 0xFF75, 0xFF95,
    0xFF54, 0xFEF2, 0xFE70, 0xFE91, 0xFF12, 0xFE90, 0xFE70, 0xFE91, 0xFEB1, 0xFEB1, 0xFE50, 0xFE2F, 0xFE2F, 0xFE4F, 0xFEF2, 0xFEF2,
    0xF650, 0xFF13, 0xFF76, 0xFFB6, 0xFFB6, 0xFF74, 0xFF13, 0xFF13, 0xFF54, 0xFF74, 0xFF33, 0xF670, 0xFE2F, 0xFE2E, 0xDD2C, 0xD4EC,
    0xD4EC, 0xCCCB, 0xCCCB, 0xCCCC, 0xCCAB, 0xCCAB, 0xCCAB, 0xCCAB, 0xCCAB, 0xC4AB, 0xCCAB, 0xCCCC, 0xC4AB, 0xC48B, 0xC46A, 0xC46A,
    0xC48A, 0xC46A, 0xCC8B, 0xA2C6, 0xC44B, 0xF673, 0xEE12, 0xEE32, 0xEDF0, 0xEDD0, 0xEDEF, 0xEDEF, 0xE5CF, 0xEDEF, 0xE58E, 0xE5AE,
    0xE5AF, 0xE56E, 0xDD4C, 0xDD4D, 0xDD2C, 0xDD2C, 0xDD0C, 0xD4CA, 0xD489, 0xD48A, 0xD469, 0xD469, 0xD489, 0xD489, 0xCC49, 0xCC49,
    0xCC49, 0xCC69, 0xCC69, 0xCC69, 0xD469, 0xCC69, 0xCC69, 0xDCAB, 0xDD0C, 0xDD0C, 0xDD0C, 0x8A44, 0x81E3, 0x9264, 0x9AA5, 0x9285,
    0xA2E6, 0xAB27, 0xA306, 0xBBE9, 0xC42B, 0xC40A, 0xC42B, 0xC42B, 0xC42A, 0xC42A, 0xC44B, 0xCC8C, 0xCCAC, 0xD4AC, 0xD4CD, 0xD4CD,
    0xD4CD, 0xD4AD, 0xD4AC, 0xD4CD, 0xD4ED, 0xD4ED, 0xDD0D, 0xDD2E, 0xDD2D, 0xDD4E, 0xDD4E, 0xDD4E, 0xDD4E, 0xDD4E, 0xDD8F, 0xE5D0,
    0xE5D0, 0xE5B0, 0xDD4F, 0xE5D0, 0xE5D1, 0xD54F, 0xD54F, 0xD52F, 0xCD0E, 0xDD70, 0xB3CA, 0x8A64, 0xB3C9, 0xC48B, 0xBC6B, 0xC48C,
    0xC46B, 0xC4AC, 0xC4CD, 0xC4ED, 0xCD0E, 0xCD0D, 0xCD2E, 0xCD2E, 0xCD2E, 0xD52E, 0xD54F, 0xCD0E, 0xC42B, 0xBBC9, 0xBBC9, 0xC3EA,
    0xFE93, 0xFE72, 0xFE31, 0xF5F0, 0xF5F0, 0xF631, 0xFE51, 0xF610, 0xF5F0, 0xF631, 0xFE51, 0xFE92, 0xFEB2, 0xFED2, 0xFED2, 0xFED2,
    0xFED2, 0xEDCF, 0xED8E, 0xED6E, 0xF5EF, 0xFED2, 0xFF13, 0xFED2, 0xFE91, 0xEDAE, 0xED6E, 0xFE30, 0xFF15, 0xFF76, 0xFF36, 0xF6F5,
    0xFF36, 0xFF36, 0xFF36, 0xF6F5, 0xF6D4, 0xF6F5, 0xFF16, 0xFF56, 0xFF77, 0xFF98, 0xFFB8, 0xFFD8, 0xFF97, 0xFF36, 0xFF56, 0xFF76,
    0xFF15, 0xFF15, 0xFEF4, 0xFEF4, 0xFF35, 0xFF15, 0xFF36, 0xFF36, 0xFF36, 0xFF36, 0xFF56, 0xFF56, 0xFF56, 0xFF35, 0xFF76, 0xFF56,
    0xFF14, 0xFF14, 0xFF34, 0xFF34, 0xFF55, 0xFF96, 0xFFB6, 0xFF96, 0xFF35, 0xFF55, 0xFF96, 0xFF75, 0xFF75, 0xFF54, 0xFF96, 0xFFB7,
    0xFF54, 0xFED1, 0xFE70, 0xFE91, 0xFED1, 0xFEB1, 0xFEF1, 0xFF12, 0xFE70, 0xFE30, 0xFE0F, 0xFE0F, 0xF650, 0xFF34, 0xFFB6, 0xFF76,
    0xFF54, 0xFF76, 0xFF97, 0xFFB7, 0xFF75, 0xFF75, 0xFF34, 0xFF54, 0xFF54, 0xFF54, 0xFF54, 0xFF33, 0xFEF1, 0xFE90, 0xEDAE, 0xE58D,
    0xE54C, 0xDCEC, 0xD4EC, 0xD4EC, 0xCCAB, 0xCCAB, 0xD4EC, 0xD50C, 0xD4EC, 0xCCCB, 0xCCAB, 0xCCCB, 0xCCCB, 0xC4AB, 0xC48B, 0xC46A,
    0xC46A, 0xC48A, 0xCC8B, 0xA285, 0xC44B, 0xFED4, 0xEE32, 0xEE11, 0xEDF0, 0xEDCF, 0xEDF0, 0xEDEF, 0xEDCF, 0xEDEF, 0xE58E, 0xE5AE,
    0xE5AE, 0xE58E, 0xDD4D, 0xDD4C, 0xDD4C, 0xDD4C, 0xDD0B, 0xD4CA, 0xD4A9, 0xD4AA, 0xD48A, 0xD48A, 0xD48A, 0xD469, 0xCC69, 0xCC69,
    0xCC69, 0xCC69, 0xCC69, 0xD4AA, 0xD48A, 0xCC69, 0xCC69, 0xD4AA, 0xDD2C, 0xDD2C, 0xE54D, 0x9285, 0x8A03, 0x9244, 0x8A44, 0x8A43,
    0xA2E6, 0xA307, 0xA306, 0xBBEA, 0xC40A, 0xAB47, 0xBBEA, 0xBC0A, 0xBC0A, 0xBC0A, 0xBC0A, 0xCC6C, 0xD4AD, 0xD4AD, 0xCCAC, 0xD4CD,
    0xD4CD, 0xD4CD, 0xD4CC, 0xD4ED, 0xD4ED, 0xD4ED, 0xD50D, 0xD50D, 0xD50D, 0xDD4E, 0xDD4E, 0xDD4E, 0xD54E, 0xD50D, 0xDD4E, 0xDD8F,
    0xE5F1, 0xDD90, 0xC48C, 0xE5D1, 0xDD90, 0xD52F, 0xD52F, 0xDD4F, 0xB40B, 0x8A24, 0x9285, 0xC44B, 0xBC4A, 0xBC6B, 0xC48C, 0xC46C,
    0xC48C, 0xC4CC, 0xC4CD, 0xCCED, 0xCD0D, 0xCD0D, 0xCD2E, 0xCD4F, 0xD54F, 0xD54F, 0xD56F, 0xD54F, 0xCD0E, 0xCCCD, 0xCCCD, 0xC42A,
    0xFEB3, 0xFE92, 0xFE51, 0xF611, 0xEDD0, 0xEDF0, 0xFE52, 0xF631, 0xEDD0, 0xEDCF, 0xEDCF, 0xEDAF, 0xF651, 0xFE92, 0xFE92, 0xFEB2,
    0xFE71, 0xF5EF, 0xEDAE, 0xF5CF, 0xF5CF, 0xFE30, 0xF650, 0xFE71, 0xF650, 0xEDAE, 0xED8E, 0xF610, 0xFEF4, 0xFF15, 0xFEF5, 0xFF36,
    0xFF56, 0xFF15, 0xFF15, 0xFF36, 0xFF36, 0xFF36, 0xFF77, 0xFF57, 0xFF97, 0xFF77, 0xFF97, 0xFF77, 0xFF36, 0xFF35, 0xFF56, 0xFF35,
    0xFF35, 0xFF35, 0xFF15, 0xFF35, 0xFF55, 0xFF15, 0xFF36, 0xFF56, 0xFF15, 0xFF56, 0xFF76, 0xFF35, 0xFF35, 0xFF15, 0xFF35, 0xFF35,
    0xFF14, 0xFF34, 0xFF34, 0xFF34, 0xFF35, 0xFF76, 0xFF76, 0xFF76, 0xFF76, 0xFF76, 0xFF75, 0xFF96, 0xFF75, 0xFF55, 0xFF96, 0xFF34,
    0xFF13, 0xFE70, 0xFE71, 0xFE71, 0xFE70, 0xFE50, 0xFEB1, 0xFED2, 0xFE70, 0xFE91, 0xFED2, 0xFEF2, 0xFF54, 0xFFD7, 0xFF96, 0xFF76,
    0xFF76, 0xFFB7, 0xFFB7, 0xFF76, 0xFF35, 0xFF35, 0xFF34, 0xFF34, 0xFF34, 0xFF34, 0xFF54, 0xFF34, 0xFF54, 0xFF12, 0xFE70, 0xFEB1,
    0xEDCE, 0xDD0C, 0xE52D, 0xDD2D, 0xCCCB, 0xCCCB, 0xD4EC, 0xD50C, 0xD4EC, 0xCCCC, 0xCCCC, 0xCCCC, 0xCCEC, 0xC4AB, 0xC48B, 0xC48B,
    0xC48A, 0xC48A, 0xC48A, 0xBBC8, 0xB388, 0xCCCD, 0xF652, 0xEE11, 0xEE11, 0xEE10, 0xEE30, 0xEDCF, 0xEDCF, 0xEDCF, 0xE58E, 0xE5AE,
    0xE58E, 0xE58E, 0xE56D, 0xDD4C, 0xDD4C, 0xDD4C, 0xDD0B, 0xD4AA, 0xD489, 0xD4AA, 0xD48A, 0xD48A, 0xD48A, 0xCC69, 0xCC69, 0xD48A,
    0xD489, 0xCC69, 0xD469, 0xD4AA, 0xD4AA, 0xD48A, 0xD48A, 0xDD0B, 0xDD0C, 0xDCEB, 0xAB87, 0x8A24, 0x8A23, 0x8A44, 0x8A43, 0x8A44,
    0x9264, 0x9264, 0xA306, 0xBBC9, 0xBBC9, 0xAB27, 0xB3A9, 0xBBEA, 0xBBEA, 0xBBEA, 0xBBEA, 0xC44B, 0xCC8C, 0xD4CD, 0xC46B, 0xCCAC,
    0xD4CD, 0xD4AD, 0xD4CC, 0xD4CC, 0xD4ED, 0xD4ED, 0xD4ED, 0xD4ED, 0xD4ED, 0xD52D, 0xD52D, 0xDD4E, 0xDD4E, 0xD4ED, 0xCCED, 0xDD2E,
    0xE5D0, 0xE590, 0xC46B, 0xDD4F, 0xDD90, 0xAB48, 0x9A85, 0x9AC5, 0x9AC6, 0xB3E9, 0xBC2A, 0xBC4B, 0xBC2A, 0xBC6B, 0xC4AC, 0xC48C,
    0xC48C, 0xC4AC, 0xC4ED, 0xCD0D, 0xCD0D, 0xCD0E, 0xCD2E, 0xD54F, 0xCD4F, 0xD54F, 0xCD4F, 0xD54F, 0xD590, 0xD590, 0xDD90, 0xCCED,
    0xFE93, 0xFE72, 0xFE72, 0xFE52, 0xFE51, 0xF611, 0xF631, 0xFE51, 0xF631, 0xEDF0, 0xF5F0, 0xF631, 0xF631, 0xE5AF, 0xF631, 0xFEB2,
    0xFE31, 0xE56E, 0xE54D, 0xF5CF, 0xEDCE, 0xF610, 0xF60F, 0xFE91, 0xFE91, 0xFE30, 0xF5CF, 0xF630, 0xFED4, 0xFF15, 0xFF35, 0xFF56,
    0xFF35, 0xF6F5, 0xFF36, 0xFF56, 0xFF36, 0xFF57, 0xFF77, 0xFF77, 0xFF98, 0xFFB8, 0xFF98, 0xFF56, 0xFF76, 0xFF56, 0xFF15, 0xFEF4,
    0xFEF4, 0xFF14, 0xFF15, 0xFEF4, 0xF6D4, 0xF6D4, 0xFF15, 0xFF15, 0xFF35, 0xFF76, 0xFF56, 0xFF56, 0xFF76, 0xFF76, 0xFF55, 0xFF35,
    0xFF14, 0xFF14, 0xFF34, 0xFF14, 0xFF35, 0xFF76, 0xFF96, 0xFFB6, 0xFFB6, 0xFF76, 0xFF75, 0xFFB6, 0xFF14, 0xFEB2, 0xFEB2, 0xFE71,
    0xFE91, 0xFE91, 0xFED2, 0xFF13, 0xFF53, 0xFEB2, 0xFEF2, 0xFF54, 0xFF34, 0xFF54, 0xFFB6, 0xFFB6, 0xFFD7, 0xFFB7, 0xFF76, 0xFF76,
    0xFF96, 0xFFB7, 0xFFB7, 0xFFB7, 0xFF76, 0xFF14, 0xFF14, 0xFF14, 0xFF75, 0xFF34, 0xFF34, 0xFF75, 0xFF96, 0xFF54, 0xFF33, 0xFEF2,
    0xF62F, 0xF5EF, 0xE56D, 0xDD0C, 0xD4EB, 0xE54D, 0xD50D, 0xD4EC, 0xD50C, 0xCCEC, 0xD4EC, 0xCCEC, 0xCCCC, 0xC48B, 0xC48B, 0xCCAB,
    0xC48B, 0xCCAB, 0xC48B, 0xD4EC, 0xAB26, 0xB389, 0xF673, 0xEE11, 0xEE32, 0xEE32, 0xEE31, 0xE5CF, 0xEDEF, 0xE5AE, 0xE58E, 0xE58E,
    0xE56D, 0xE58D, 0xE58E, 0xDD2C, 0xDD2C, 0xDD2C, 0xDD0B, 0xD489, 0xCC69, 0xD4AA, 0xD48A, 0xD469, 0xD4AA, 0xD48A, 0xCC69, 0xD489,
    0xD4AA, 0xD48A, 0xD489, 0xD48A, 0xD4AA, 0xD4CA, 0xDCEB, 0xDD2C, 0xDD2C, 0xDD0D, 0x9264, 0x81E2, 0x8A44, 0x8A43, 0x8A44, 0x8A44,
    0x8A23, 0x9244, 0xA306, 0xAB47, 0xAB47, 0xAB26, 0xAB47, 0xB388, 0xAB68, 0xB3A9, 0xBBEA, 0xB3C9, 0xC44B, 0xD4CD, 0xC44B, 0xCCAC,
    0xCCAC, 0xCCAC, 0xC46B, 0xCCCC, 0xD4ED, 0xCCCC, 0xCCAC, 0xD4ED, 0xD4ED, 0xD4EC, 0xCCCC, 0xD52D, 0xD50D, 0xCCED, 0xCCCD, 0xCCCD,
    0xD52E, 0xD52E, 0xBC2A, 0xC46C, 0xD50E, 0xA2E6, 0x9243, 0xB3A8, 0xB3A8, 0xC44A, 0xC48B, 0xC46B, 0xBC2A, 0xBC6B, 0xC4AC, 0xC4AC,
    0xC4AC, 0xC4AC, 0xCCED, 0xCD0E, 0xCD2E, 0xCD0E, 0xCD2E, 0xD54F, 0xCD4F, 0xD54F, 0xCD4F, 0xD56F, 0xD56F, 0xD58F, 0xD590, 0xDD90,
    0xF632, 0xF631, 0xF651, 0xFE51, 0xEDF0, 0xDD2D, 0xE56E, 0xFE92, 0xFEB2, 0xF631, 0xEDCF, 0xF610, 0xF631, 0xE56E, 0xEDF0, 0xFEF3,
    0xF610, 0xDCEC, 0xE52D, 0xE54D, 0xE52D, 0xED8E, 0xF5EF, 0xFE71, 0xEDCE, 0xED6D, 0xED4D, 0xF5EF, 0xFEB3, 0xFF15, 0xFF57, 0xFF56,
    0xFF36, 0xFEF5, 0xFEF5, 0xFF36, 0xFF56, 0xFF77, 0xFF57, 0xFF57, 0xFF77, 0xFFB8, 0xFFB8, 0xFF77, 0xFF77, 0xFF76, 0xF6D3, 0xEE92,
    0xF6B3, 0xFF14, 0xFEF4, 0xEE72, 0xF6B3, 0xFF14, 0xFF15, 0xFEF5, 0xFF35, 0xFF55, 0xFF35, 0xFF76, 0xFF55, 0xFF55, 0xFED3, 0xFEB3,
    0xFED3, 0xFF14, 0xFF14, 0xFF34, 0xFF75, 0xFF75, 0xFF55, 0xFF55, 0xFF54, 0xFF13, 0xFF13, 0xFEF3, 0xFE70, 0xFE2F, 0xFE2F, 0xFE2F,
    0xFEB1, 0xFF53, 0xFF13, 0xFEF3, 0xFF14, 0xFF75, 0xFFB6, 0xFFB7, 0xFFB7, 0xFFB6, 0xFF96, 0xFF96, 0xFFB7, 0xFFB7, 0xFF96, 0xFFB7,
    0xFF96, 0xFF96, 0xFF97, 0xFFB7, 0xFF96, 0xFF35, 0xFF34, 0xFF34, 0xFF96, 0xFF75, 0xFF75, 0xFF75, 0xFF34, 0xFEF3, 0xFF33, 0xFF33,
    0xFF32, 0xFEF1, 0xEDCE, 0xE54D, 0xED4D, 0xED6E, 0xD4EC, 0xCCCC, 0xD52D, 0xD4EC, 0xD4EC, 0xCCCC, 0xCCCB, 0xCCAB, 0xCCAB, 0xC48B,
    0xC48B, 0xCCAB, 0xCCAB, 0xCCCB, 0xB347, 0xBBEA, 0xF673, 0xEE12, 0xEE32, 0xEE31, 0xEE11, 0xEDF0, 0xEDF0, 0xE5AE, 0xE58E, 0xE58E,
    0xE58D, 0xE58D, 0xE58D, 0xDD2C, 0xDD2C, 0xDD0B, 0xDD0B, 0xD4AA, 0xCC48, 0xCC69, 0xD489, 0xCC49, 0xD489, 0xD4AA, 0xD489, 0xCC49,
    0xD4AA, 0xD4AA, 0xD48A, 0xD48A, 0xD4AA, 0xDD0B, 0xE54C, 0xE54D, 0xDD4D, 0x9AE5, 0x9A65, 0x9264, 0x8A44, 0x8A44, 0x8A44, 0x8A44,
    0x8A43, 0x9264, 0xA306, 0xAB26, 0xAB26, 0xAB27, 0xA327, 0xA327, 0xA327, 0xB368, 0xBBC9, 0xA307, 0xC40A, 0xD4CD, 0xBC0A, 0xBC0A,
    0xCC8C, 0xCC8B, 0xC44A, 0xCC6B, 0xD4ED, 0xCCAC, 0xBC09, 0xCCAC, 0xCCCC, 0xCCAC, 0xCC6B, 0xCCAC, 0xCCCC, 0xCCED, 0xCCAC, 0xC46B,
    0xCCCC, 0xCCCD, 0xC46B, 0xA347, 0x8203, 0xA2C6, 0xAB46, 0xBC09, 0xBC09, 0xBC0A, 0xC46B, 0xC46B, 0xC46B, 0xC48B, 0xC48C, 0xC4AC,
    0xC4CD, 0xC4CD, 0xCCCD, 0xCD0E, 0xCD2E, 0xCD2E, 0xD54F, 0xD54F, 0xD54F, 0xD56F, 0xD56F, 0xD56F, 0xD56F, 0xD56F, 0xD56F, 0xD58F,
    0xFE32, 0xF611, 0xF611, 0xF631, 0xEDF0, 0xE56E, 0xEDD0, 0xF631, 0xF631, 0xEDF0, 0xE56E, 0xE54E, 0xF5F0, 0xFE92, 0xFEB2, 0xFED3,
    0xF610, 0xE56E, 0xDD0C, 0xD4AB, 0xDD0C, 0xED8E, 0xEDCF, 0xF610, 0xED6E, 0xE52D, 0xE54D, 0xED6E, 0xEDF0, 0xFED3, 0xFF35, 0xFF56,
    0xF6D4, 0xFF36, 0xFF97, 0xFF98, 0xFF77, 0xFF77, 0xFF36, 0xFF36, 0xFF57, 0xFF57, 0xFF57, 0xFF56, 0xFF36, 0xF6B3, 0xF6F4, 0xFF15,
    0xFF14, 0xFF15, 0xFF14, 0xFED4, 0xFEF4, 0xFF14, 0xFEF4, 0xFEF5, 0xFF15, 0xFF34, 0xFF14, 0xFEF3, 0xF692, 0xF630, 0xF610, 0xF60F,
    0xFE10, 0xF5EF, 0xF630, 0xFEB2, 0xFEF3, 0xFF13, 0xFEF3, 0xFED2, 0xFED2, 0xFEB2, 0xFED2, 0xF60F, 0xF5CF, 0xFE50, 0xFE50, 0xFE2F,
    0xF60F, 0xFEB1, 0xFF13, 0xFF35, 0xFF55, 0xFF96, 0xFFB7, 0xFF76, 0xFF55, 0xFF55, 0xFF96, 0xFFB6, 0xFFB7, 0xFFB7, 0xFFB7, 0xFF77,
    0xFF76, 0xFF97, 0xFF97, 0xFF76, 0xFF55, 0xFF55, 0xFF35, 0xFF35, 0xFF55, 0xFF34, 0xFF55, 0xFF34, 0xFF13, 0xFF13, 0xFF54, 0xFF74,
    0xFF53, 0xFF12, 0xFEF2, 0xFE90, 0xF5CE, 0xED8E, 0xDD2D, 0xDD4D, 0xD50D, 0xD4EC, 0xD50C, 0xD4EC, 0xCCEC, 0xCCCC, 0xCCCB, 0xCCAB,
    0xCCCB, 0xCCCB, 0xC4AB, 0xCCCC, 0xB327, 0xC40A, 0xF693, 0xEE32, 0xEE32, 0xEE31, 0xEE11, 0xEDF0, 0xEE10, 0xE5AF, 0xE5AF, 0xEDAF,
    0xE58E, 0xE58D, 0xDD6D, 0xDD2C, 0xDD2C, 0xDD0B, 0xDCEB, 0xD4AA, 0xCC48, 0xCC69, 0xD489, 0xCC69, 0xCC69, 0xD489, 0xD48A, 0xD48A,
    0xD4AA, 0xD4AA, 0xD4CA, 0xD4CA, 0xDCEB, 0xDD2C, 0xDD4D, 0xE54D, 0xE52E, 0x8A23, 0x9224, 0x9264, 0x9264, 0x9244, 0x8A44, 0x9264,
    0x8A44, 0x9264, 0x9AA5, 0xAB26, 0x9AC5, 0x9284, 0xA2E6, 0xA327, 0xA307, 0xA327, 0xA306, 0x9264, 0xBBC9, 0xD4CD, 0xB3C9, 0xB3A9,
    0xC44B, 0xCC8C, 0xBBE9, 0xBBA9, 0xCCAC, 0xCCAC, 0xBBE9, 0xBC09, 0xCC8B, 0xCC8B, 0xC44B, 0xC44B, 0xC44B, 0xCCAC, 0xC48B, 0xC44A,
    0xC40A, 0xC42A, 0xC44A, 0xAB48, 0x81A2, 0xB388, 0xBC0A, 0xBBE9, 0xBC09, 0xBC09, 0xBC2A, 0xC48C, 0xC4AC, 0xC48C, 0xBC8C, 0xC4AC,
    0xC4CC, 0xC4CD, 0xCCED, 0xCD0D, 0xCD0E, 0xCD2E, 0xD54F, 0xD54F, 0xD56F, 0xD56F, 0xD56F, 0xD56F, 0xD56F, 0xD56F, 0xD56F, 0xD58F,
    0xFE52, 0xF631, 0xF631, 0xEDF0, 0xEDD0, 0xEDD0, 0xEDAF, 0xE5AF, 0xEDCF, 0xE58F, 0xDD4E, 0xE54E, 0xEDCF, 0xEDF0, 0xEDCF, 0xEDCF,
    0xEDCF, 0xE56E, 0xE54D, 0xE56D, 0xED8E, 0xED8E, 0xED8E, 0xF5CF, 0xF5CF, 0xED6E, 0xEDAE, 0xEDAE, 0xEDD0, 0xF672, 0xFEF4, 0xFF36,
    0xFEF5, 0xFF56, 0xFF57, 0xF736, 0xFF77, 0xFF98, 0xFF77, 0xFF56, 0xFF77, 0xFF57, 0xFF56, 0xFF36, 0xFF36, 0xF6D4, 0xFF35, 0xFF35,
    0xFF14, 0xFEF4, 0xFED3, 0xFEF4, 0xFED3, 0xFEB3, 0xF6B3, 0xFEF4, 0xFF34, 0xFEB3, 0xFE71, 0xFE71, 0xF5EF, 0xED2C, 0xED4D, 0xED4D,
    0xED6D, 0xE52C, 0xF5CE, 0xFE71, 0xFE71, 0xFE71, 0xFE71, 0xFE91, 0xFE91, 0xFE71, 0xF610, 0xF5EF, 0xF60F, 0xF5EF, 0xF5EF, 0xFE0F,
    0xFE2F, 0xFE71, 0xFF76, 0xFFF9, 0xFFB7, 0xFF96, 0xFF97, 0xFF96, 0xFF76, 0xFF76, 0xFF76, 0xFF76, 0xFFB7, 0xFF96, 0xFF97, 0xFF97,
    0xFF77, 0xFF76, 0xFF55, 0xFF35, 0xFF35, 0xFF56, 0xFF35, 0xFEF4, 0xFF34, 0xFF34, 0xFEF3, 0xFF34, 0xFF34, 0xFF54, 0xFF95, 0xFF74,
    0xFF54, 0xFF33, 0xFF12, 0xFED1, 0xFE90, 0xF650, 0xED8E, 0xE56E, 0xD50C, 0xD50C, 0xD50D, 0xD50C, 0xD50D, 0xD50C, 0xCCAB, 0xCCCC,
    0xCCCB, 0xCCAB, 0xCCAB, 0xD4EC, 0xB347, 0xC3EA, 0xF673, 0xEE52, 0xEE52, 0xEE31, 0xEE11, 0xEE10, 0xEE10, 0xEDF0, 0xEDCF, 0xEDAF,
    0xE58E, 0xE58E, 0xDD4D, 0xDD4D, 0xDD2C, 0xDCEB, 0xD4CB, 0xDCCB, 0xD489, 0xCC49, 0xD48A, 0xD48A, 0xCC69, 0xD489, 0xD48A, 0xD4AA,
    0xDCCA, 0xD4AA, 0xDCCA, 0xDCCB, 0xDD0C, 0xDD4D, 0xE5AE, 0xD4EC, 0x8A44, 0x9A84, 0x9264, 0x9264, 0x9264, 0x9244, 0x9264, 0x9284,
    0x9A84, 0x9264, 0x9264, 0x9AA5, 0x9264, 0x9244, 0x9AC6, 0xA306, 0xA2E6, 0xA2E6, 0x8A44, 0x8A23, 0xB3CA, 0xCCAD, 0xB3C9, 0xB3A9,
    0xBBC9, 0xCC4B, 0xBBE9, 0xB388, 0xBC09, 0xC42A, 0xBBA8, 0xBBA8, 0xC42A, 0xC44B, 0xC40A, 0xC40A, 0xB3A8, 0xBBC9, 0xC46B, 0xC44A,
    0xBBC9, 0xBBC9, 0xC40A, 0xB368, 0x81C2, 0xB368, 0xBC0A, 0xBC09, 0xBC09, 0xBC0A, 0xBC4B, 0xC48C, 0xC4AC, 0xC4CD, 0xC4CD, 0xCCED,
    0xCCED, 0xCCED, 0xCD0E, 0xCD0E, 0xCD0E, 0xCD2E, 0xD54F, 0xD54F, 0xD56F, 0xD56F, 0xD58F, 0xD590, 0xD56F, 0xD56F, 0xD56F, 0xD58F,
    0xFE51, 0xFE31, 0xFE31, 0xF5F0, 0xEDAF, 0xF5F0, 0xE58F, 0xDD0D, 0xDD2D, 0xDD2D, 0xDD2D, 0xE54E, 0xE58F, 0xE56E, 0xE52D, 0xEDAF,
    0xEDCF, 0xEDAF, 0xF5CF, 0xEDCF, 0xEDCF, 0xEDAF, 0xF5CF, 0xF5EF, 0xF5EF, 0xF5F0, 0xEDAF, 0xEDAF, 0xF611, 0xF672, 0xFEF5, 0xFF56,
    0xFF77, 0xFF98, 0xFF57, 0xFF56, 0xFFB8, 0xFF98, 0xFF77, 0xFF56, 0xF715, 0xFF36, 0xFF98, 0xFF78, 0xFF57, 0xFF57, 0xFF97, 0xFF35,
    0xFED4, 0xF6B3, 0xFF14, 0xFEF4, 0xFEB3, 0xFED3, 0xF6D3, 0xFED3, 0xFED3, 0xF630, 0xEDCF, 0xEDCE, 0xED6D, 0xED4D, 0xED4D, 0xE54C,
    0xED6D, 0xF5AE, 0xF5EE, 0xFE50, 0xF630, 0xF610, 0xF60F, 0xF630, 0xFE50, 0xF630, 0xF5EF, 0xFE50, 0xFE50, 0xFE0F, 0xF5EF, 0xFE2F,
    0xFE4F, 0xFE91, 0xFF75, 0xFF96, 0xFF76, 0xFF96, 0xFFD7, 0xFFD8, 0xFF96, 0xFF97, 0xFF76, 0xFF76, 0xFFB7, 0xFF76, 0xFF97, 0xFFB7,
    0xFF76, 0xFF76, 0xFF15, 0xF6F4, 0xFF35, 0xFF35, 0xFF35, 0xFF35, 0xFF76, 0xFF76, 0xFF34, 0xFF54, 0xFF96, 0xFF96, 0xFF95, 0xFEF3,
    0xFF14, 0xFF34, 0xFF33, 0xFEF2, 0xFF12, 0xFED1, 0xEDCF, 0xEDAE, 0xDD0C, 0xD50C, 0xDD2D, 0xD52D, 0xD52D, 0xD52D, 0xD4CC, 0xCCCC,
    0xCCEC, 0xCCCC, 0xCCCB, 0xCCEC, 0xCCAB, 0xAB27, 0xDD4F, 0xF693, 0xF652, 0xEE31, 0xF611, 0xF610, 0xEDF0, 0xEDF0, 0xEDCF, 0xEDAF,
    0xE56E, 0xE58E, 0xE56D, 0xE56D, 0xDD2C, 0xD4EB, 0xD4CB, 0xD4CA, 0xD4AA, 0xCC69, 0xD449, 0xD48A, 0xD489, 0xD489, 0xCC69, 0xD469,
    0xD4AA, 0xD4CA, 0xDCCA, 0xD4CB, 0xDD2C, 0xE58E, 0xE58E, 0xC42A, 0x8A03, 0xA2C5, 0x9AA5, 0x9AA5, 0x9A84, 0x9264, 0x9284, 0x9AA4,
    0x9A84, 0x9A84, 0x9A84, 0x9284, 0x9244, 0x9264, 0x9AC6, 0x9AC6, 0x9264, 0x9AC6, 0x8A64, 0x8A43, 0x79C2, 0x9B06, 0xBBEA, 0xB3A9,
    0xB3A8, 0xB388, 0xB3A8, 0xB388, 0xB387, 0xB387, 0xB388, 0xB387, 0xBBC8, 0xCC4A, 0xBBA8, 0xBBC8, 0xBB88, 0xBBA8, 0xC3E9, 0xC40A,
    0xBBE9, 0xBBC9, 0xC40A, 0xAB47, 0x81E2, 0xAB47, 0xBC09, 0xBC0A, 0xBC0A, 0xBC4A, 0xC4AC, 0xC4AC, 0xC4AC, 0xCCED, 0xCD0E, 0xCD0E,
    0xCD2E, 0xD54E, 0xD52E, 0xD52E, 0xCD2E, 0xCD2E, 0xCD2E, 0xD54E, 0xD56F, 0xD58F, 0xDD90, 0xDD90, 0xDD90, 0xD590, 0xD590, 0xD590,
    0xEDCF, 0xEDD0, 0xEDCF, 0xEDF0, 0xEDCF, 0xEDAF, 0xDD4E, 0xDD2D, 0xDD4E, 0xDD4E, 0xE54D, 0xE54D, 0xE58E, 0xE5AE, 0xE54D, 0xE58E,
    0xF610, 0xF651, 0xF631, 0xE52D, 0xE56E, 0xEDCF, 0xEDAE, 0xEDCF, 0xEDEF, 0xEDEF, 0xED8E, 0xEDCF, 0xFEB3, 0xFED4, 0xFEF5, 0xFF36,
    0xFF56, 0xFF77, 0xFF57, 0xFF57, 0xFF77, 0xFF77, 0xFF56, 0xF6D5, 0xF6D4, 0xFF36, 0xFF77, 0xFF77, 0xFF98, 0xFF77, 0xF6F5, 0xF672,
    0xF693, 0xFEF4, 0xFF35, 0xF6D3, 0xFED3, 0xFF34, 0xFEF3, 0xFED2, 0xFEF2, 0xF690, 0xFE70, 0xF5EF, 0xED8D, 0xEDAE, 0xF5EF, 0xF5CE,
    0xF5AE, 0xEDAE, 0xEDAE, 0xED6D, 0xEDAE, 0xF5EF, 0xF610, 0xFE30, 0xFE50, 0xF60F, 0xF5CF, 0xF5CF, 0xFDEF, 0xF5EF, 0xFE0F, 0xFE0F,
    0xF5EF, 0xF60F, 0xFEF3, 0xFF96, 0xFF76, 0xFF35, 0xFF56, 0xFF55, 0xFF35, 0xFF55, 0xFF76, 0xFF97, 0xFF97, 0xFF97, 0xFF97, 0xFFB7,
    0xFF97, 0xFF76, 0xFF55, 0xFF76, 0xFF76, 0xFF76, 0xFF55, 0xFF15, 0xFF55, 0xFF35, 0xFF34, 0xFF14, 0xFF55, 0xFF55, 0xFF34, 0xFF14,
    0xFF34, 0xFF54, 0xFF33, 0xFEF2, 0xFED2, 0xFED2, 0xFEB1, 0xF650, 0xEDAE, 0xE56E, 0xE56E, 0xD52D, 0xD52D, 0xDD2D, 0xD4CC, 0xD50C,
    0xD50C, 0xCCEC, 0xCCCB, 0xCCCB, 0xCCCB, 0xAB27, 0xDD6F, 0xF693, 0xF652, 0xF611, 0xF611, 0xEDF0, 0xEDF0, 0xEDF0, 0xEDCF, 0xEDAF,
    0xE56D, 0xE58E, 0xE56D, 0xE58D, 0xDD4D, 0xD4EB, 0xD4EB, 0xD4CA, 0xD4CA, 0xCC69, 0xCC49, 0xD48A, 0xD4AA, 0xD4AA, 0xD489, 0xD489,
    0xD4AA, 0xDCAA, 0xD4CA, 0xDD0C, 0xDD6E, 0xE58E, 0xC42A, 0x89E2, 0xA2E6, 0x9AC5, 0x9AC5, 0xA2C5, 0x9AA5, 0x9AA4, 0x9AA4, 0x9AA4,
    0x9A84, 0x9AA5, 0x9AC5, 0x9AA5, 0x9263, 0x9264, 0x9AC5, 0x9AC5, 0x8A64, 0x9285, 0x8A64, 0x9244, 0x7141, 0x92A5, 0xBBEA, 0xB3C9,
    0xB3A8, 0xAB47, 0xB387, 0xB388, 0xB387, 0xBB87, 0xBBA8, 0xBBA8, 0xBBA8, 0xC409, 0xBBA8, 0xBBA8, 0xBBC8, 0xBBC8, 0xBBC8, 0xC3E9,
    0xC3E9, 0xBBE9, 0xC40A, 0xB367, 0x89E2, 0xAB47, 0xBC0A, 0xBC2A, 0xBC4B, 0xC48C, 0xC4AC, 0xC4AC, 0xC4CC, 0xCD0D, 0xCD0E, 0xCD2E,
    0xCD2E, 0xD54E, 0xD54E, 0xD54E, 0xCD2E, 0xCD2E, 0xCD0D, 0xD54E, 0xD56F, 0xD590, 0xDD90, 0xDD90, 0xDD90, 0xDD90, 0xDD90, 0xDD90,
    0xEDCF, 0xEDAF, 0xDD4E, 0xE56E, 0xE5AF, 0xEDD0, 0xEDD0, 0xEDF0, 0xE58F, 0xD4ED, 0xD4EC, 0xDD0D, 0xE54E, 0xED8F, 0xE54E, 0xDD4E,
    0xEDCF, 0xEDCF, 0xEDCF, 0xE54E, 0xEDAF, 0xF610, 0xF610, 0xF610, 0xEDCF, 0xEDCF, 0xF610, 0xFE51, 0xEDF0, 0xF672, 0xFEF5, 0xFEF5,
    0xF6F5, 0xFF16, 0xFF36, 0xFF57, 0xFF56, 0xFF36, 0xF6D5, 0xF6B4, 0xFF36, 0xFF16, 0xFEF5, 0xF6F5, 0xF716, 0xFF77, 0xF6F4, 0xF6F4,
    0xFF76, 0xFF55, 0xFEB2, 0xFE92, 0xFEF3, 0xF691, 0xF60F, 0xF5EF, 0xF650, 0xFEB0, 0xFE70, 0xEDCE, 0xF60F, 0xF60F, 0xF5EF, 0xF5AE,
    0xED8E, 0xEDAE, 0xEDAE, 0xED8E, 0xF5CF, 0xF5EF, 0xF5EF, 0xF630, 0xF610, 0xF60F, 0xF60F, 0xFE10, 0xF5EF, 0xF5CE, 0xF5CF, 0xF5CE,
    0xFE0F, 0xFE30, 0xFEF3, 0xFF75, 0xFF76, 0xFF76, 0xFF97, 0xFF76, 0xFF76, 0xFF97, 0xFF97, 0xFF56, 0xFF76, 0xFF76, 0xFF76, 0xFF76,
    0xFF76, 0xFF76, 0xFF76, 0xFF97, 0xFF35, 0xFF35, 0xFF35, 0xF714, 0xFF35, 0xFF15, 0xFF35, 0xFF55, 0xFF96, 0xFF96, 0xFF34, 0xFF14,
    0xFF34, 0xFEF3, 0xFED2, 0xFED2, 0xFED2, 0xFED2, 0xFE91, 0xFEB1, 0xF670, 0xEDCE, 0xEDAF, 0xDD4D, 0xDD6E, 0xDD2D, 0xD4EC, 0xD52D,
    0xDD2D, 0xCCCC, 0xCCAB, 0xCCCB, 0xCCCB, 0xB327, 0xE570, 0xF693, 0xEE32, 0xF631, 0xF631, 0xEDF0, 0xEDEF, 0xEDF0, 0xEDCF, 0xEDCF,
    0xE58E, 0xE58E, 0xE56D, 0xE56D, 0xE56D, 0xDD0B, 0xD4EB, 0xD4EA, 0xDCEB, 0xD4AA, 0xCC69, 0xD469, 0xD469, 0xD4AA, 0xDCCA, 0xD48A,
    0xD4AA, 0xD4AA, 0xDD0B, 0xDD6D, 0xE5EF, 0xBC2A, 0x8A03, 0xA2C5, 0x9AC5, 0x9AC4, 0x9AA4, 0x9AA4, 0x9AA4, 0x9AA4, 0x9AA4, 0x9AA4,
    0x9A84, 0x9AA4, 0xA2C5, 0xA2E5, 0xA2C5, 0x9AA5, 0x9AC5, 0x9284, 0x8A44, 0x8A44, 0x8A64, 0x9264, 0x7161, 0x92C6, 0xBBE9, 0xB3C9,
    0xBBC9, 0xAB46, 0xB387, 0xBBA8, 0xBBA8, 0xBBA8, 0xBBA8, 0xBBA8, 0xBBC8, 0xBBA8, 0xBBA8, 0xC3C8, 0xC409, 0xC409, 0xC3E9, 0xC3E9,
    0xBBE9, 0xC3E9, 0xCC6A, 0xB388, 0x89E2, 0xB327, 0xBBC8, 0xB3A8, 0xBC09, 0xC4AC, 0xC4CC, 0xCCED, 0xCCED, 0xCD0D, 0xCD2E, 0xCD2E,
    0xD54E, 0xD54E, 0xD54E, 0xD54E, 0xD54F, 0xD54F, 0xD54E, 0xD54F, 0xD54F, 0xD56F, 0xDD90, 0xDDB0, 0xDDB0, 0xD590, 0xDDB0, 0xDDB0,
    0xEDCF, 0xE58E, 0xDD2D, 0xDD0D, 0xDD2D, 0xE58E, 0xEDAF, 0xDD4E, 0xCC8B, 0xD4AC, 0xDCED, 0xCCAC, 0xD48C, 0xDD0D, 0xE58F, 0xEDAF,
    0xED8F, 0xE58F, 0xEDF0, 0xEDAF, 0xDD2D, 0xE56E, 0xEDAF, 0xF631, 0xF651, 0xFE71, 0xF610, 0xDD2D, 0xD4EC, 0xF631, 0xFED4, 0xFEF5,
    0xFEF5, 0xF6D5, 0xFF57, 0xFF77, 0xFF16, 0xF6D5, 0xF6F5, 0xFEF5, 0xFF15, 0xF6F5, 0xFED5, 0xF6B4, 0xF6B4, 0xFF56, 0xFF36, 0xFF56,
    0xFF56, 0xF6B2, 0xF650, 0xFE71, 0xEDCF, 0xE52D, 0xED6E, 0xED8E, 0xEDAE, 0xF5EF, 0xF650, 0xF670, 0xFE91, 0xFE30, 0xF5CE, 0xED8D,
    0xEDAE, 0xEDAE, 0xF5CF, 0xEDCE, 0xEDAE, 0xF5AE, 0xF5CE, 0xEDCE, 0xED8E, 0xF5CF, 0xFE50, 0xF5EF, 0xF5CF, 0xF5AE, 0xF5AE, 0xF5AF,
    0xF5EF, 0xF5EF, 0xF651, 0xFF14, 0xFF56, 0xFF76, 0xFF76, 0xFF97, 0xFF96, 0xFF77, 0xFFB8, 0xFFB7, 0xFF76, 0xFF36, 0xFF56, 0xFF36,
    0xFF36, 0xFF96, 0xFF76, 0xFF56, 0xF715, 0xFF56, 0xF715, 0xF6F4, 0xFF35, 0xFF76, 0xFF76, 0xFF56, 0xFF76, 0xFF55, 0xFF34, 0xFF14,
    0xFF13, 0xFED3, 0xFED2, 0xFED2, 0xFEF2, 0xFEF2, 0xFE71, 0xFE91, 0xFEB1, 0xFE70, 0xF60F, 0xE58E, 0xE56E, 0xDD6E, 0xDD4D, 0xD50C,
    0xD52D, 0xDD2D, 0xD50D, 0xD50C, 0xD50C, 0xB347, 0xE590, 0xFEB3, 0xEE51, 0xF631, 0xF631, 0xEDF0, 0xEDF0, 0xEDF0, 0xEDEF, 0xEDCF,
    0xE58E, 0xE5AE, 0xE56D, 0xE56D, 0xE56D, 0xDD0B, 0xD4EB, 0xD4CA, 0xDCEB, 0xDCEB, 0xD46A, 0xD469, 0xD469, 0xD48A, 0xD4AA, 0xD4AA,
    0xD4CA, 0xDD2C, 0xE54D, 0xDD6D, 0xDD6E, 0xB3A9, 0x8A03, 0xA2E5, 0xA2C5, 0x9AC5, 0x9AC5, 0x9AA5, 0x9AA4, 0x9AC4, 0x9AA4, 0x9AC4,
    0x9AA4, 0x9AC5, 0xA306, 0xA2E5, 0xA2E5, 0xA2E5, 0xA306, 0x9AC5, 0x9284, 0x9264, 0x9264, 0x9264, 0x7161, 0x92C6, 0xBBE9, 0xBBE9,
    0xBBE9, 0xB387, 0xB387, 0xBBA8, 0xBBA8, 0xBBA8, 0xBBA8, 0xBBA8, 0xBBA8, 0xBBA8, 0xBBA8, 0xBBC8, 0xC409, 0xC409, 0xC3E9, 0xC409,
    0xBBE9, 0xBBE9, 0xCC8B, 0xB3A8, 0x81E2, 0xB327, 0xB346, 0xAB26, 0xB3A8, 0xC46B, 0xC4AC, 0xC4AC, 0xCD0D, 0xCD0E, 0xCD2E, 0xCD2E,
    0xD54E, 0xD54E, 0xD54E, 0xD54F, 0xD56F, 0xD56F, 0xD56F, 0xD56F, 0xD56F, 0xD56F, 0xDDB0, 0xDDB0, 0xDDB0, 0xDDB0, 0xDDB0, 0xDDB0,
    0xEDD0, 0xE56E, 0xD50D, 0xDD2D, 0xDD4E, 0xDD4E, 0xDD4D, 0xDCED, 0xD4EC, 0xE56E, 0xE58E, 0xE56E, 0xE54E, 0xE54E, 0xE54E, 0xE56E,
    0xE56E, 0xE56E, 0xF5F0, 0xE58E, 0xD4EC, 0xE58E, 0xEDF0, 0xFE51, 0xF671, 0xFE51, 0xE58E, 0xDD2D, 0xFE72, 0xFE93, 0xF693, 0xFEF5,
    0xFF36, 0xFF36, 0xFF57, 0xFF56, 0xFF36, 0xFF77, 0xF716, 0xF6B4, 0xFEF5, 0xFF36, 0xFF36, 0xFF15, 0xFF36, 0xFF15, 0xF6D4, 0xFF35,
    0xFF14, 0xF60F, 0xF60F, 0xF60F, 0xED8E, 0xED6E, 0xF5CF, 0xF5CF, 0xF58E, 0xF5EF, 0xFE71, 0xFEB1, 0xF650, 0xF5EF, 0xF60F, 0xF5EF,
    0xFE30, 0xEDCE, 0xED8E, 0xED6D, 0xE54D, 0xE54D, 0xE54D, 0xF5CF, 0xFE50, 0xF5EF, 0xEDCF, 0xF5AF, 0xF5EF, 0xF5CF, 0xF5AE, 0xED6D,
    0xF5CF, 0xF5EF, 0xFE50, 0xFF34, 0xFF76, 0xFF75, 0xFF35, 0xFF76, 0xFF56, 0xFF97, 0xFF77, 0xF756, 0xFF76, 0xFF97, 0xFF77, 0xFF97,
    0xFF56, 0xFF56, 0xFF76, 0xFF76, 0xFF77, 0xFF97, 0xFF76, 0xFF56, 0xFF56, 0xFF76, 0xFF55, 0xFF55, 0xFF35, 0xFF14, 0xFF14, 0xFF13,
    0xFEF3, 0xFED2, 0xFEB2, 0xFED2, 0xFED2, 0xFEF2, 0xFEB2, 0xFEB1, 0xFED2, 0xFEB2, 0xF630, 0xEDCF, 0xE58E, 0xE58E, 0xDD2D, 0xD4EC,
    0xD52D, 0xDD4E, 0xDD2D, 0xD50C, 0xD52C, 0xB347, 0xE58F, 0xFEB4, 0xF652, 0xF631, 0xF631, 0xEDF0, 0xEE10, 0xEE10, 0xEDEF, 0xEDCF,
    0xEDAE, 0xE58E, 0xE58E, 0xE54D, 0xE56D, 0xDD0C, 0xDCEB, 0xD4CA, 0xD4CA, 0xDD0B, 0xD48A, 0xD46A, 0xD469, 0xCC49, 0xD48A, 0xD4AA,
    0xD4CA, 0xE56D, 0xE58E, 0xEDEF, 0xA327, 0x9223, 0xA2E5, 0xA2C5, 0xA2E5, 0xA2C5, 0x9AC5, 0x9AC4, 0x9AC4, 0x9AC4, 0xA2E5, 0xA2E5,
    0xA2E5, 0xA305, 0xAB26, 0xAB26, 0xAB26, 0xAB26, 0xAB06, 0xAB26, 0x9AE6, 0x9264, 0x9264, 0x9264, 0x7161, 0x9AC6, 0xBBE9, 0xC42A,
    0xC44B, 0xBBC8, 0xBBA8, 0xBBC8, 0xBBA8, 0xBBA8, 0xBBA8, 0xBBC8, 0xC3E8, 0xC3E8, 0xBBA8, 0xBBC8, 0xC409, 0xC429, 0xC429, 0xC429,
    0xCC8A, 0xCC6A, 0xCCAB, 0xBBC8, 0x89E3, 0xB327, 0xB347, 0xB347, 0xB367, 0xB3A8, 0xBBC9, 0xBBEA, 0xCCCD, 0xCCED, 0xD52E, 0xD54E,
    0xD54F, 0xD54F, 0xD54F, 0xD56F, 0xD56F, 0xD56F, 0xD56F, 0xD56F, 0xDD6F, 0xDD90, 0xD590, 0xDDB0, 0xDDB0, 0xDDB0, 0xDDB0, 0xDDB0,
    0xEDAF, 0xE58F, 0xE56E, 0xE58F, 0xE5AF, 0xE56E, 0xE54E, 0xDD0D, 0xE56E, 0xDD6E, 0xDD4E, 0xDD4E, 0xE56E, 0xE56E, 0xE56E, 0xED8F,
    0xE56E, 0xE54E, 0xEE10, 0xF610, 0xF5F0, 0xF610, 0xF5F0, 0xE5AE, 0xEE10, 0xFE51, 0xF631, 0xF651, 0xFE92, 0xFED3, 0xFEF4, 0xFEF4,
    0xFF15, 0xFF15, 0xF6F5, 0xFF16, 0xFF56, 0xFF36, 0xF6D5, 0xF6D4, 0xFED4, 0xFF36, 0xFF36, 0xFEF5, 0xFF15, 0xFF56, 0xFF97, 0xFF97,
    0xFF55, 0xE56E, 0xE54E, 0xED6E, 0xED6E, 0xED8E, 0xF5AE, 0xEDAE, 0xED8E, 0xF5AE, 0xE52D, 0xF5CF, 0xF610, 0xF5EF, 0xF60F, 0xFE50,
    0xFE91, 0xF610, 0xEDAE, 0xED6D, 0xE56D, 0xED6E, 0xEDAF, 0xF610, 0xF630, 0xF610, 0xF5AF, 0xFE10, 0xF5CF, 0xF5CF, 0xED6D, 0xED8E,
    0xFE30, 0xF610, 0xFE51, 0xFF14, 0xFF35, 0xFF35, 0xFF35, 0xFFB8, 0xFFD9, 0xFF97, 0xFF56, 0xFF56, 0xFF76, 0xFF76, 0xFF56, 0xFF97,
    0xFF76, 0xFF56, 0xFF77, 0xFF56, 0xF714, 0xFF15, 0xFF35, 0xFF76, 0xFF55, 0xFF56, 0xFF55, 0xFF14, 0xFF14, 0xFF14, 0xFF14, 0xFF34,
    0xFF34, 0xFF34, 0xFED3, 0xFEB2, 0xFED3, 0xFF13, 0xFED2, 0xFEF2, 0xFEF2, 0xFEF2, 0xFED2, 0xF630, 0xEDAF, 0xEDCF, 0xEDAF, 0xE58E,
    0xE58E, 0xDD6E, 0xDD2D, 0xDD2D, 0xDD0C, 0xAB27, 0xE632, 0xFF15, 0xF632, 0xF632, 0xF631, 0xEE11, 0xEE10, 0xEE10, 0xEDEF, 0xEDEF,
    0xEDAF, 0xE58E, 0xE5AE, 0xDD2C, 0xDD4D, 0xDD2C, 0xDD0B, 0xDCEB, 0xD4CA, 0xDCEB, 0xD4CA, 0xD4AA, 0xD4CA, 0xD48A, 0xD48A, 0xD4CA,
    0xD4EB, 0xE58E, 0xD50D, 0xBC0A, 0x9AA5, 0x9264, 0xA305, 0xA2C5, 0xA2C5, 0xA2C5, 0xA2E5, 0xA2C5, 0x9AC4, 0xA2C5, 0xA305, 0xA2E5,
    0xA2E5, 0xA305, 0xAB26, 0xAB26, 0xAB47, 0xAB47, 0xAB06, 0xAB06, 0xA2E5, 0x9AA4, 0x9284, 0x9244, 0x7161, 0x9AC6, 0xBC0A, 0xCCAD,
    0xD4CD, 0xBBC8, 0xBBA8, 0xC429, 0xC3E8, 0xBBA8, 0xBBA7, 0xBBA8, 0xC409, 0xC409, 0xBBC8, 0xBBA8, 0xCC49, 0xCC49, 0xCC29, 0xC429,
    0xCCAA, 0xD4CB, 0xDD2D, 0xBBE9, 0x89E2, 0xB327, 0xB347, 0xB347, 0xB367, 0xB388, 0xBBC9, 0xBBC9, 0xBC0A, 0xBC2A, 0xCCAC, 0xCD0D,
    0xD52E, 0xD54F, 0xD54F, 0xD56F, 0xD56F, 0xD56F, 0xD56F, 0xD56F, 0xDD6F, 0xDD90, 0xDD90, 0xDDB0, 0xDDB1, 0xDDD1, 0xDDB0, 0xDDB0,
    0xEDD0, 0xEDCF, 0xEDD0, 0xE56E, 0xDD2D, 0xDD0D, 0xD4EC, 0xDD2D, 0xE58F, 0xE56E, 0xDD4E, 0xDD0D, 0xDD2D, 0xE54E, 0xE54E, 0xE54E,
    0xE54E, 0xE5AF, 0xFE72, 0xEDAF, 0xE54D, 0xE56E, 0xDD4D, 0xE56E, 0xF5EF, 0xEDF0, 0xF610, 0xEE30, 0xFEB3, 0xFED3, 0xFED4, 0xF694,
    0xF6B4, 0xFF15, 0xFF36, 0xFF36, 0xF6D5, 0xF6F5, 0xFF36, 0xFEF5, 0xF673, 0xF631, 0xF631, 0xF672, 0xF672, 0xFED3, 0xF6F3, 0xF6F4,
    0xFED2, 0xF5CF, 0xED8E, 0xE54D, 0xED4D, 0xED6E, 0xE50D, 0xDCEC, 0xE50D, 0xE50C, 0xE50C, 0xF5EF, 0xF5CF, 0xF5CF, 0xFE30, 0xFE50,
    0xFE50, 0xFE30, 0xF5CF, 0xF5AE, 0xF60F, 0xF5EF, 0xED8E, 0xED6D, 0xF5AE, 0xF630, 0xFE51, 0xFE30, 0xF5CF, 0xF5CF, 0xF5AE, 0xF5EF,
    0xF5EF, 0xEDAE, 0xF5EF, 0xFE51, 0xFEF3, 0xFF76, 0xFF97, 0xFFB7, 0xFFB7, 0xFF97, 0xFF57, 0xFF77, 0xFF97, 0xFF76, 0xFF36, 0xFF56,
    0xFF76, 0xFFB7, 0xFF76, 0xFF35, 0xFF35, 0xF6D4, 0xF6F4, 0xFF56, 0xFF35, 0xFF35, 0xFF15, 0xFF34, 0xFF55, 0xFF35, 0xFF14, 0xFF55,
    0xFF14, 0xFF14, 0xFF13, 0xFF13, 0xFF33, 0xFEF3, 0xFED3, 0xFF13, 0xFEF2, 0xFED2, 0xFEB2, 0xFE91, 0xF651, 0xF610, 0xEDF0, 0xE56E,
    0xE58E, 0xDD6E, 0xD52D, 0xDD4D, 0xC409, 0xDDF0, 0xFF96, 0xF714, 0xF652, 0xF652, 0xF631, 0xEE31, 0xEE11, 0xEE11, 0xEDEF, 0xEDF0,
    0xEDCF, 0xE58E, 0xE5AE, 0xDD4D, 0xDD4D, 0xDD4D, 0xDD2C, 0xDD2C, 0xDD0B, 0xD4CA, 0xDCEB, 0xD4CA, 0xD4EA, 0xDCEA, 0xDCCB, 0xDD0B,
    0xDD4D, 0xEDCF, 0xD4ED, 0x81C2, 0xA2A5, 0xA2E5, 0xA2C5, 0xA2C5, 0xA2C5, 0xA2E5, 0xAB06, 0xA306, 0xA305, 0xAB06, 0xAB26, 0xAB46,
    0xAB46, 0xAB26, 0xAB06, 0xAB06, 0xAB06, 0xAB06, 0xAB26, 0xAB06, 0xA305, 0xA306, 0xA2C5, 0x9284, 0x79C2, 0x7182, 0x92E6, 0xD4EE,
    0xCCAD, 0xC409, 0xC409, 0xCC29, 0xC409, 0xC409, 0xBBE8, 0xBBC8, 0xCC29, 0xCC6A, 0xC3E9, 0xBBC8, 0xCC6A, 0xD48A, 0xCC8A, 0xCC6A,
    0xD4AB, 0xD50D, 0xEDF1, 0xC44B, 0x81E2, 0xB347, 0xB347, 0xB347, 0xB367, 0xBB88, 0xBBC9, 0xBBE9, 0xBBC9, 0xC3E9, 0xC44A, 0xC44A,
    0xCC8B, 0xCC8B, 0xCCAC, 0xD54F, 0xDD8F, 0xDD6F, 0xD56F, 0xD56F, 0xDD8F, 0xDDB0, 0xDDB0, 0xDDB0, 0xDDB0, 0xDDB0, 0xDDB0, 0xDDB0,
    0xDD2D, 0xE54E, 0xE56E, 0xE56E, 0xDD0D, 0xDD0D, 0xDD2D, 0xE56E, 0xE54E, 0xE54E, 0xDD2D, 0xDD0D, 0xDD0D, 0xE54E, 0xE56E, 0xEDCF,
    0xF5F0, 0xF610, 0xF5F0, 0xD4CB, 0xDCCB, 0xDD2D, 0xD4EC, 0xDD2D, 0xE56E, 0xE58E, 0xEDCF, 0xFE92, 0xF651, 0xE5CF, 0xF631, 0xF693,
    0xFED4, 0xFF15, 0xF6F5, 0xFF16, 0xFF77, 0xFF77, 0xF6F4, 0xF672, 0xEDF0, 0xDD0D, 0xDCED, 0xED8E, 0xEDAF, 0xED8E, 0xF5CF, 0xF610,
    0xED8E, 0xED6E, 0xE54D, 0xDD0C, 0xE52D, 0xE54D, 0xE54D, 0xE54D, 0xE54D, 0xDD0C, 0xF5CF, 0xFE50, 0xF5EF, 0xF610, 0xFE71, 0xFE50,
    0xF5EF, 0xED8E, 0xE52D, 0xED6E, 0xF5EF, 0xEDAE, 0xED6D, 0xED6D, 0xF5CF, 0xFE30, 0xF610, 0xEDAF, 0xEDAF, 0xF5CF, 0xFE10, 0xF5EF,
    0xF5AE, 0xE54D, 0xF5EF, 0xF60F, 0xFE91, 0xFF35, 0xFF76, 0xFF76, 0xFF76, 0xFF35, 0xFF56, 0xFF97, 0xFFB7, 0xFF77, 0xFF76, 0xFF77,
    0xFF76, 0xFF76, 0xFF36, 0xFF35, 0xFF56, 0xFF55, 0xFF15, 0xFF76, 0xFF56, 0xFEF4, 0xFF35, 0xFF76, 0xFF76, 0xFF35, 0xFF35, 0xFF34,
    0xFEF3, 0xFEF4, 0xFF34, 0xFF34, 0xFF14, 0xFF13, 0xFF13, 0xFEF3, 0xFEF3, 0xFF13, 0xFEF2, 0xFEB1, 0xFE91, 0xFEB1, 0xF650, 0xE56E,
    0xDD4E, 0xDD4E, 0xDD4E, 0xE56E, 0xC3E8, 0xF6F3, 0xFFF7, 0xF6F4, 0xF652, 0xF652, 0xEE31, 0xEE31, 0xEE11, 0xEE11, 0xEDF0, 0xEE10,
    0xE5CF, 0xE58E, 0xE5AE, 0xDD6D, 0xE58E, 0xDD6D, 0xDD4D, 0xDD2C, 0xDD2C, 0xDD0B, 0xD4CA, 0xD4CA, 0xDCEB, 0xDD0B, 0xDCEB, 0xDD2D,
    0xE58F, 0xDD6E, 0xC44B, 0x9264, 0xA2E5, 0xA2E5, 0xA2C5, 0xA2C5, 0xA305, 0xAB06, 0xAB06, 0xAB26, 0xAB46, 0xAB46, 0xAB46, 0xAB46,
    0xB346, 0xAB46, 0xAB26, 0xAB06, 0xAB05, 0xAB06, 0xAB26, 0xAB26, 0xA305, 0xA305, 0xAB06, 0xA306, 0x81E2, 0x6941, 0x92C6, 0xD50E,
    0xD4CD, 0xD4AC, 0xCC6B, 0xCC4A, 0xC429, 0xCC6A, 0xCC4A, 0xC409, 0xD46A, 0xD48B, 0xC429, 0xC429, 0xD48A, 0xDD0C, 0xDD0C, 0xD4EB,
    0xD4EB, 0xD50D, 0xEE12, 0xC46C, 0x81E2, 0xB347, 0xB367, 0xB387, 0xBBA8, 0xBBC9, 0xC3E9, 0xC3E9, 0xBBE8, 0xC3E9, 0xCC4A, 0xCC4A,
    0xC429, 0xC429, 0xC44A, 0xD4CC, 0xD50D, 0xD50D, 0xD56F, 0xDD6F, 0xDD6F, 0xDDB0, 0xDDD0, 0xDDB0, 0xDDB0, 0xDDB0, 0xDDB0, 0xDDB0,
    0xE52D, 0xE56E, 0xEDCF, 0xE56E, 0xD4CC, 0xDD2D, 0xE52E, 0xE52E, 0xE56E, 0xEDAF, 0xE56E, 0xDD4D, 0xE56E, 0xE58F, 0xEDAF, 0xEDD0,
    0xF610, 0xF610, 0xF5F0, 0xE54D, 0xD4CB, 0xDD2C, 0xED6E, 0xEDAE, 0xEDAF, 0xEDAF, 0xED8E, 0xEDEF, 0xE56D, 0xE56D, 0xF610, 0xF631,
    0xF652, 0xF652, 0xF672, 0xFEF4, 0xF672, 0xF652, 0xEE10, 0xE58E, 0xE56E, 0xE54E, 0xE56E, 0xEDAF, 0xE54E, 0xE52D, 0xED6E, 0xED6E,
    0xE54D, 0xF5EF, 0xF5CF, 0xED8E, 0xED8E, 0xF5AF, 0xF5EF, 0xE54D, 0xE50C, 0xE54D, 0xF60F, 0xFE50, 0xF630, 0xFE30, 0xF60F, 0xF5EF,
    0xEDCF, 0xE56D, 0xE54D, 0xEDAE, 0xFE0F, 0xF5EF, 0xED8E, 0xED6E, 0xF5EF, 0xF5AF, 0xED8E, 0xF610, 0xF60F, 0xF5CF, 0xF5CF, 0xEDAE,
    0xF5CF, 0xF5CF, 0xF5EF, 0xF5EF, 0xF671, 0xFF35, 0xFF97, 0xFF97, 0xFF76, 0xFF56, 0xFF97, 0xFF77, 0xFF77, 0xFF56, 0xFF56, 0xFF76,
    0xFF56, 0xFF76, 0xFF76, 0xFF36, 0xFF76, 0xFF76, 0xFF56, 0xFF76, 0xFF35, 0xFF14, 0xFF56, 0xFF76, 0xFF76, 0xFF35, 0xFF35, 0xFF35,
    0xFF35, 0xFF55, 0xFF55, 0xFF34, 0xFF14, 0xFF14, 0xFF13, 0xFEF3, 0xFF14, 0xFF34, 0xFF74, 0xFF54, 0xFF12, 0xFEF2, 0xFEB2, 0xEDEF,
    0xDD4E, 0xE58E, 0xEDAF, 0xE58E, 0xC3E8, 0xEEB3, 0xFFF7, 0xF6F4, 0xF652, 0xF652, 0xEE31, 0xEE31, 0xF632, 0xF632, 0xEDF0, 0xEE10,
    0xE5AF, 0xE5AE, 0xE5AE, 0xDD6D, 0xE56E, 0xDD6D, 0xDD4D, 0xDD0C, 0xDD0C, 0xDD0B, 0xD4EB, 0xD4CA, 0xD4EB, 0xDCEB, 0xDD2C, 0xDD6E,
    0xEE11, 0xBC0A, 0x81E2, 0xAB26, 0xAAE6, 0xA2E5, 0xA2C5, 0xA2C5, 0xA2E5, 0xA2E5, 0xAB05, 0xAB05, 0xAB46, 0xAB46, 0xAB46, 0xAB26,
    0xAB46, 0xB346, 0xB346, 0xAB46, 0xAB26, 0xAB26, 0xAB47, 0xAB26, 0xAB06, 0xAB05, 0xAB05, 0xA2E5, 0xA2C5, 0x81C2, 0x9AE7, 0xDD4F,
    0xD4EE, 0xD4CD, 0xCC8B, 0xCC6B, 0xC44A, 0xCCAA, 0xD4CB, 0xD4CB, 0xD4EB, 0xDD0C, 0xCC8A, 0xD4CB, 0xDD0C, 0xDD2D, 0xDD0C, 0xD50C,
    0xD50C, 0xDD2D, 0xEE12, 0xC46C, 0x89E3, 0xB367, 0xB347, 0xBBA8, 0xBBC9, 0xBBC8, 0xBBC9, 0xC3E9, 0xC3E9, 0xC40A, 0xCC4A, 0xCC4A,
    0xC449, 0xCC4A, 0xCC4A, 0xCC4A, 0xCC4A, 0xCC8B, 0xD52D, 0xDD4E, 0xDD4F, 0xDDB0, 0xDDD1, 0xDDD0, 0xDDD1, 0xDDD0, 0xDDB0, 0xDDB0,
    0xEDAF, 0xEDAF, 0xEDAF, 0xDD2D, 0xDD0D, 0xE56E, 0xE56E, 0xE56E, 0xE54E, 0xDD0D, 0xE54E, 0xED8F, 0xEDAF, 0xEDCF, 0xDD2D, 0xD4AB,
    0xD4AB, 0xD4AB, 0xE54D, 0xE54D, 0xE52D, 0xE56E, 0xED8E, 0xED8E, 0xE56E, 0xDD0C, 0xD50C, 0xDD4D, 0xF631, 0xF631, 0xF631, 0xF5F0,
    0xF5F0, 0xEDAF, 0xE58E, 0xEDCF, 0xF630, 0xEE10, 0xF610, 0xEDAF, 0xED8E, 0xEDAE, 0xF5EF, 0xF5EF, 0xE54E, 0xED4D, 0xED4D, 0xE50C,
    0xED6E, 0xFE10, 0xF5AF, 0xEDAE, 0xF5CF, 0xF5EF, 0xED8E, 0xE56E, 0xED8E, 0xED6E, 0xEDCF, 0xFE71, 0xFE51, 0xFE50, 0xEDCF, 0xED8E,
    0xE56E, 0xED8E, 0xF5CF, 0xF60F, 0xF5EF, 0xF5EF, 0xE56D, 0xDCCB, 0xDD0C, 0xED8E, 0xEDAE, 0xF5EF, 0xEDAE, 0xF5CF, 0xED8E, 0xEDAE,
    0xF5AE, 0xF5CF, 0xF5CF, 0xF671, 0xFEF2, 0xFF35, 0xFFB8, 0xFF97, 0xFF76, 0xFF97, 0xFF76, 0xFF15, 0xFF77, 0xFF56, 0xFF56, 0xFF56,
    0xFF35, 0xFF76, 0xFF56, 0xFF15, 0xFF35, 0xFF35, 0xFF36, 0xFF15, 0xF6F4, 0xFF55, 0xFF56, 0xFF56, 0xFF35, 0xFF14, 0xFF35, 0xFF76,
    0xFF76, 0xFF76, 0xFF56, 0xFF55, 0xFF35, 0xFF55, 0xFF35, 0xFF15, 0xFF35, 0xFF14, 0xFF95, 0xFF94, 0xFF54, 0xFF33, 0xFED2, 0xF610,
    0xE56E, 0xEDCF, 0xE5AF, 0xE58F, 0xC3E8, 0xEED3, 0xFFF8, 0xF6F4, 0xF632, 0xF652, 0xEE31, 0xEE32, 0xF632, 0xF632, 0xEE11, 0xEDF0,
    0xE5CF, 0xE5AF, 0xEDCF, 0xE58E, 0xDD4D, 0xDD4D, 0xDD4D, 0xDD0C, 0xD4EB, 0xDD0B, 0xDD0B, 0xD4CA, 0xDCEB, 0xDCEA, 0xDD2E, 0xDD6F,
    0xC48C, 0xAB68, 0x9243, 0xAB06, 0xA2E5, 0xA2E5, 0xA2C5, 0xA2C5, 0xA2C5, 0xA2E5, 0xA2E5, 0xA2E5, 0xAB26, 0xAB26, 0xAB26, 0xAB26,
    0xAB26, 0xB346, 0xB347, 0xB367, 0xB367, 0xB367, 0xB367, 0xAB47, 0xAB26, 0xA305, 0xA305, 0xA305, 0xAB26, 0x8203, 0x8224, 0xBC0A,
    0xD50E, 0xCCCD, 0xCC8C, 0xD4CD, 0xD4ED, 0xDD0D, 0xDD4E, 0xDD6E, 0xE58F, 0xE5D0, 0xD52D, 0xD4EC, 0xE5AF, 0xE5B0, 0xE5B0, 0xE5AF,
    0xD50C, 0xDD4E, 0xF674, 0xC48D, 0x81E2, 0xB367, 0xBBA8, 0xBBC8, 0xBBC9, 0xBBA8, 0xBBA8, 0xBBC9, 0xC409, 0xCC4A, 0xC429, 0xC42A,
    0xCC4A, 0xCC6A, 0xCC6A, 0xCC6A, 0xCC4A, 0xCC4A, 0xCC6B, 0xCC6B, 0xD50D, 0xDDB0, 0xDDD0, 0xDDB0, 0xDDB0, 0xDDB0, 0xDDB0, 0xDDB0,
    0xD4AC, 0xD4AC, 0xD4CC, 0xDCCD, 0xDCED, 0xDD0D, 0xE56E, 0xEDAF, 0xE54E, 0xE54E, 0xE56E, 0xE54E, 0xE54E, 0xE56E, 0xE56E, 0xE54D,
    0xDD2D, 0xDD2D, 0xDD0C, 0xDCEC, 0xEDAE, 0xEDAF, 0xE56E, 0xDD4D, 0xE56D, 0xEDCF, 0xF610, 0xF610, 0xF631, 0xF651, 0xF631, 0xE56E,
    0xED6E, 0xE52D, 0xD48B, 0xDCEC, 0xF651, 0xEDF0, 0xEDAE, 0xED6E, 0xED6E, 0xED6E, 0xE52D, 0xE54D, 0xE52D, 0xE52D, 0xDCEC, 0xDCEC,
    0xED8E, 0xED8E, 0xED8E, 0xF5CF, 0xF610, 0xF5EF, 0xED8E, 0xF5EF, 0xED8E, 0xEDCF, 0xF630, 0xFE50, 0xF630, 0xF630, 0xF5EF, 0xEDAE,
    0xE56D, 0xEDAE, 0xF5CF, 0xED8E, 0xED8E, 0xF5CE, 0xED6D, 0xD48A, 0xDCEC, 0xF5CF, 0xF5EF, 0xED8E, 0xE56D, 0xF60F, 0xF5EF, 0xF5EF,
    0xF5AE, 0xF5AE, 0xED8E, 0xF5EF, 0xF630, 0xFF34, 0xFF56, 0xFF76, 0xFF97, 0xFF77, 0xF715, 0xFF36, 0xFF77, 0xFF36, 0xFF56, 0xFF97,
    0xFF77, 0xFF56, 0xF735, 0xFF56, 0xF6F5, 0xF715, 0xFF56, 0xFF35, 0xFF35, 0xFF76, 0xFF56, 0xFF55, 0xFF55, 0xFF55, 0xFF76, 0xFF76,
    0xFF35, 0xFF35, 0xFF36, 0xFF35, 0xFF56, 0xFF35, 0xFF15, 0xFF97, 0xFFB7, 0xFF35, 0xFF55, 0xFF54, 0xFF54, 0xFEF3, 0xFE91, 0xEDAF,
    0xDD6E, 0xEDCF, 0xEDAF, 0xEDAF, 0xC408, 0xEED3, 0xFFF8, 0xF715, 0xF673, 0xF674, 0xF673, 0xEE32, 0xF632, 0xF633, 0xEE11, 0xEE11,
    0xEDF0, 0xE5AF, 0xE5AF, 0xE5AF, 0xE58E, 0xDD2C, 0xDD4C, 0xDD2C, 0xD4CB, 0xD4AA, 0xD4EB, 0xD4EB, 0xDCEB, 0xDD0B, 0xDD6F, 0xDD90,
    0x79C3, 0x9A64, 0xAB06, 0xA2E5, 0xA305, 0xA306, 0xA2C5, 0xA2E5, 0xA2E5, 0xA2E5, 0xA2E5, 0xA305, 0xAB26, 0xAB26, 0xAB26, 0xAB46,
    0xAB46, 0xAB46, 0xB346, 0xB367, 0xB387, 0xB387, 0xB367, 0xAB46, 0xAB46, 0xAB26, 0xAB26, 0xA2E5, 0xAB05, 0x9A84, 0x7181, 0x92C6,
    0xDD4F, 0xCCCD, 0xC46C, 0xD50D, 0xDD6F, 0xDD6F, 0xE590, 0xE5D1, 0xE5D1, 0xEE53, 0xE5D1, 0xD52E, 0xE5F1, 0xEDF2, 0xEDF2, 0xE5F1,
    0xDD6E, 0xDD4E, 0xDD50, 0xB3EA, 0x8A03, 0xBBA8, 0xC409, 0xC409, 0xBBC9, 0xBBC9, 0xBBA8, 0xBBC9, 0xC42A, 0xC42A, 0xC409, 0xC429,
    0xCC6A, 0xCC6A, 0xC44A, 0xCC6A, 0xCC6A, 0xCC6A, 0xCC4A, 0xCC2A, 0xCC8B, 0xD4CC, 0xD54E, 0xDDB0, 0xDDD1, 0xDDD0, 0xDDB0, 0xDDB0,
    0xD48B, 0xD4CC, 0xDCEC, 0xD4AC, 0xCC8B, 0xDD2D, 0xE56E, 0xE54E, 0xE54E, 0xE56E, 0xED8F, 0xE54E, 0xE54E, 0xE56E, 0xE58F, 0xED8F,
    0xEDAF, 0xF5F0, 0xF5F0, 0xEDAF, 0xEE10, 0xF672, 0xFE72, 0xF631, 0xE5AF, 0xEE10, 0xF672, 0xF631, 0xEDD0, 0xF652, 0xF672, 0xDD2D,
    0xDCEC, 0xE50C, 0xE52D, 0xF5CF, 0xFE51, 0xEDCF, 0xDD0C, 0xE52D, 0xED4D, 0xED8E, 0xF5EF, 0xF610, 0xED8F, 0xD4CC, 0xE52D, 0xED8E,
    0xED8E, 0xED6E, 0xEDAF, 0xF5EF, 0xEDAF, 0xED6E, 0xE54E, 0xE54E, 0xE56D, 0xF630, 0xF610, 0xF5EF, 0xF5EF, 0xEDEF, 0xEDAE, 0xEDAE,
    0xEDAE, 0xF5EF, 0xF5EF, 0xEDAE, 0xED8E, 0xED8D, 0xEDAE, 0xEDCF, 0xF5CE, 0xEDCE, 0xEDAE, 0xED8E, 0xED8E, 0xF5EF, 0xF5EF, 0xEDAE,
    0xEDAE, 0xDD0C, 0xED6E, 0xFDEF, 0xF5EF, 0xFEF3, 0xFF76, 0xFFB7, 0xFF96, 0xFF35, 0xFF15, 0xFF56, 0xFF36, 0xFF35, 0xFF56, 0xFF56,
    0xFF97, 0xFF56, 0xFF35, 0xFF77, 0xFF76, 0xFF56, 0xFF15, 0xFF35, 0xFF56, 0xFF76, 0xFF76, 0xF714, 0xF6F4, 0xFF35, 0xFF35, 0xFF35,
    0xFF35, 0xFF56, 0xFF76, 0xFF56, 0xFF56, 0xFF56, 0xFF35, 0xFF97, 0xFF97, 0xFF55, 0xFF96, 0xFF14, 0xFF14, 0xFED3, 0xFEF3, 0xF630,
    0xF610, 0xF610, 0xEDAF, 0xEDAF, 0xC408, 0xF6D3, 0xFFF8, 0xFFB7, 0xF715, 0xF694, 0xF694, 0xEE33, 0xF633, 0xEE33, 0xEE12, 0xEDF1,
    0xEDF1, 0xE5D0, 0xE5CF, 0xE5AF, 0xE58F, 0xD52C, 0xD50C, 0xDD2D, 0xDD0C, 0xD48A, 0xD4CB, 0xDD0B, 0xDD2D, 0xDD6F, 0xD52E, 0xBC2B,
    0x9285, 0xA2C5, 0xA305, 0xAB05, 0xAB26, 0xAB06, 0xA2E5, 0xA2E5, 0xA2E5, 0xA305, 0xAB05, 0xAB26, 0xAB26, 0xAB26, 0xAB46, 0xAB46,
    0xAB46, 0xAB46, 0xAB46, 0xAB67, 0xB367, 0xB367, 0xB347, 0xAB26, 0xAB26, 0xAB26, 0xAB26, 0xAB05, 0xAB26, 0xAB26, 0x9284, 0x8203,
    0xC46C, 0xD50E, 0xD50E, 0xD52E, 0xDD6F, 0xE5D1, 0xE5D1, 0xE5F1, 0xE5F2, 0xEE53, 0xE613, 0xDD90, 0xE5F2, 0xEE33, 0xEE33, 0xEE33,
    0xEE32, 0xCD0E, 0x79E3, 0x92C5, 0xAB47, 0xBBC9, 0xC409, 0xC42A, 0xBBE9, 0xBBE9, 0xBBE9, 0xC3E9, 0xC42A, 0xC409, 0xC409, 0xC429,
    0xCC4A, 0xC44A, 0xCC4A, 0xCC6A, 0xCC6A, 0xCC6A, 0xCC4A, 0xCC29, 0xCC2A, 0xCC2A, 0xD4AC, 0xDD4E, 0xD52E, 0xD54E, 0xDDB0, 0xDDB0,
    0xDCCC, 0xE54E, 0xE56E, 0xE54D, 0xE58E, 0xEDCF, 0xE56E, 0xDD4E, 0xED8F, 0xED8E, 0xE56E, 0xE56E, 0xED8F, 0xEDCF, 0xE56E, 0xE58E,
    0xEDF0, 0xF632, 0xF693, 0xF693, 0xF6B3, 0xFEF4, 0xF6D4, 0xF693, 0xEE72, 0xF673, 0xF693, 0xF693, 0xE5F1, 0xEE72, 0xFEF4, 0xE5AF,
    0xDCEC, 0xDCEC, 0xE52D, 0xE54D, 0xD4CC, 0xDCEC, 0xED6E, 0xED6E, 0xEDAE, 0xEDCF, 0xF630, 0xFE51, 0xF610, 0xE54D, 0xEDAF, 0xE54D,
    0xDD0C, 0xF5AF, 0xF5D0, 0xED8E, 0xE54D, 0xE52D, 0xE54D, 0xE56D, 0xF610, 0xF630, 0xF610, 0xFE30, 0xF630, 0xF610, 0xEDCF, 0xED8E,
    0xF5EF, 0xF60F, 0xF5EF, 0xEDAE, 0xED6D, 0xED8D, 0xF5EF, 0xF630, 0xF630, 0xF5CF, 0xF5EF, 0xED8E, 0xED8E, 0xF610, 0xF5EF, 0xEDAE,
    0xEDAE, 0xE58D, 0xF5AE, 0xFE0F, 0xFE0F, 0xF60F, 0xFF55, 0xFFB8, 0xFF35, 0xFF35, 0xFF56, 0xFF76, 0xFF97, 0xFF77, 0xFF77, 0xFF76,
    0xFF56, 0xFF36, 0xFF56, 0xFF36, 0xFF76, 0xFF56, 0xFF35, 0xFF35, 0xFF97, 0xFF76, 0xFF35, 0xF6F4, 0xFF15, 0xFF76, 0xFF56, 0xFF35,
    0xFF35, 0xFF76, 0xFF77, 0xFF76, 0xFF56, 0xFF56, 0xFF36, 0xFF97, 0xFF97, 0xFFB7, 0xFFB7, 0xFF55, 0xFF55, 0xFF75, 0xFF95, 0xFE91,
    0xFE91, 0xFE91, 0xEDEF, 0xF5D0, 0xCC29, 0xEED3, 0xFFF8, 0xFFB7, 0xFF16, 0xF694, 0xF694, 0xEE53, 0xEE53, 0xEE53, 0xEE12, 0xE611,
    0xE5F1, 0xE5D0, 0xE5CF, 0xE5AF, 0xE58F, 0xDD4D, 0xD50D, 0xD52D, 0xDD2C, 0xD4AB, 0xD4CB, 0xDD4D, 0xDD8F, 0xE5B0, 0xD50E, 0x81E2,
    0xA2C5, 0xAB26, 0xA305, 0xAB05, 0xAB25, 0xAB25, 0xAB05, 0xA2E5, 0xA2E5, 0xAB26, 0xAB26, 0xAB26, 0xAB26, 0xAB26, 0xAB26, 0xAB46,
    0xAB46, 0xAB46, 0xAB46, 0xB387, 0xB387, 0xB367, 0xB347, 0xAB46, 0xAB46, 0xB367, 0xAB46, 0xAB46, 0xB346, 0xB367, 0xA306, 0x7161,
    0x9AE7, 0xCCCD, 0xDD4F, 0xD54F, 0xDD70, 0xE5D1, 0xE5F2, 0xE5F2, 0xE612, 0xEE54, 0xE613, 0xDD91, 0xEE13, 0xEE34, 0xEE34, 0xEE33,
    0xEE74, 0xD550, 0x8223, 0xBBC9, 0xB3C8, 0xBC09, 0xC429, 0xC42A, 0xC429, 0xC42A, 0xC42A, 0xC409, 0xC42A, 0xC429, 0xC429, 0xC44A,
    0xC44A, 0xC44A, 0xCC6A, 0xCC6A, 0xCC6A, 0xCC6A, 0xCC6A, 0xCC4A, 0xCC4A, 0xCC6A, 0xCC4A, 0xCC6A, 0xCC6A, 0xCCCC, 0xDD6F, 0xDD6F,
    0xE54D, 0xE54D, 0xDD4D, 0xE58E, 0xEDD0, 0xEDF0, 0xEDAF, 0xDD2D, 0xDCEC, 0xE58F, 0xEE31, 0xEE32, 0xEE32, 0xEE31, 0xEE31, 0xFED4,
    0xFF15, 0xFF16, 0xFF15, 0xF6B4, 0xF6D5, 0xF6F5, 0xF6B4, 0xF6B5, 0xF6D5, 0xFF16, 0xFF36, 0xFF16, 0xFF15, 0xFF56, 0xFEF5, 0xE58F,
    0xDCCC, 0xDCCC, 0xE52D, 0xE54D, 0xDD0D, 0xE54D, 0xED8E, 0xED8E, 0xF5CF, 0xE56D, 0xEDCF, 0xF5CF, 0xED8F, 0xED6E, 0xED6E, 0xDCEC,
    0xE52D, 0xED6E, 0xDCEC, 0xE52D, 0xEDAE, 0xEDAE, 0xF5CF, 0xEDCF, 0xF610, 0xF630, 0xF630, 0xF630, 0xEDEF, 0xEDCF, 0xEDCF, 0xED8E,
    0xF5EF, 0xF5EF, 0xEDCE, 0xED8E, 0xE54D, 0xEDAE, 0xF60F, 0xFEB2, 0xFE91, 0xF630, 0xEDAE, 0xE54D, 0xF5CF, 0xF630, 0xF60F, 0xED8E,
    0xED8E, 0xF630, 0xF60F, 0xF5CE, 0xF5CE, 0xF60F, 0xFF34, 0xFF35, 0xF6F4, 0xFF35, 0xFF56, 0xFF35, 0xFF56, 0xFF56, 0xFF56, 0xFF56,
    0xFF56, 0xFF77, 0xFF76, 0xFF15, 0xFF56, 0xFF56, 0xFF36, 0xFF76, 0xFF77, 0xFF56, 0xFF35, 0xF714, 0xFF56, 0xFF97, 0xFF76, 0xFF15,
    0xFF35, 0xFF77, 0xFF97, 0xFF97, 0xFF56, 0xFF36, 0xFF56, 0xFF77, 0xFF96, 0xFF76, 0xFF55, 0xFF34, 0xFF14, 0xFF54, 0xFF75, 0xF692,
    0xFEB1, 0xFE91, 0xF5F0, 0xF5F0, 0xCC28, 0xEED4, 0xFFF8, 0xFFB7, 0xFF36, 0xF6D5, 0xF694, 0xF674, 0xF674, 0xEE33, 0xE612, 0xE611,
    0xE5F1, 0xE5D0, 0xE5AF, 0xE5AF, 0xE58F, 0xDD6E, 0xDD2D, 0xD52D, 0xDD2D, 0xDD0C, 0xDD2D, 0xDD4E, 0xE5B0, 0xD52F, 0xAB88, 0x8A23,
    0x9AA5, 0xAB05, 0xA2E5, 0xAB05, 0xAB25, 0xAB25, 0xAB05, 0xA305, 0xAB05, 0xAB26, 0xAB46, 0xAB46, 0xAB26, 0xAB26, 0xAB46, 0xB347,
    0xB367, 0xB367, 0xB367, 0xB387, 0xB367, 0xB367, 0xB347, 0xB367, 0xB367, 0xBBA8, 0xB367, 0xAB46, 0xB367, 0xB347, 0xB347, 0x9AC6,
    0x6120, 0xB3EA, 0xDD70, 0xD52E, 0xDD70, 0xE5F2, 0xE5F2, 0xE5F2, 0xE633, 0xEE74, 0xE633, 0xDD91, 0xEE13, 0xEE54, 0xEE34, 0xEE33,
    0xEE74, 0xD550, 0x8A24, 0xBC09, 0xC46A, 0xC42A, 0xC409, 0xC409, 0xC42A, 0xC409, 0xC429, 0xC42A, 0xC42A, 0xCC6B, 0xCC8B, 0xCC4A,
    0xCC4A, 0xCC6A, 0xCC6A, 0xCC6A, 0xCC6A, 0xCC8A, 0xCC8A, 0xCC6A, 0xCC6A, 0xCC6A, 0xCC4A, 0xCC4A, 0xCC8B, 0xCC8B, 0xD4AB, 0xCC8B,
    0xEDF0, 0xEDD0, 0xE58F, 0xE58F, 0xE58E, 0xEDAF, 0xE56E, 0xDD2D, 0xDD6F, 0xEE32, 0xFEF5, 0xFF16, 0xFF36, 0xFF56, 0xFF56, 0xFF77,
    0xFF57, 0xFF57, 0xF716, 0xF6F5, 0xF6F5, 0xFF16, 0xFF16, 0xF6F6, 0xF6F6, 0xFF37, 0xFF57, 0xFF36, 0xFF36, 0xFF16, 0xF6B4, 0xE5AF,
    0xDCEC, 0xE52D, 0xF5EF, 0xF610, 0xF5EF, 0xED8E, 0xDCEC, 0xDD0C, 0xE54D, 0xDD0C, 0xE54D, 0xE52D, 0xDD0D, 0xDD0C, 0xDD0C, 0xE50C,
    0xED6E, 0xEDAF, 0xE54D, 0xED6E, 0xF5CF, 0xF5CF, 0xF5CF, 0xF5CF, 0xFE30, 0xFE91, 0xFE71, 0xF630, 0xE58E, 0xEDCF, 0xEDCF, 0xEDAE,
    0xF5CF, 0xEDAE, 0xED8E, 0xF5EF, 0xF630, 0xF650, 0xF630, 0xEDEF, 0xEDAF, 0xEDEF, 0xEDAE, 0xEDCF, 0xF610, 0xFE50, 0xFE30, 0xF630,
    0xF60F, 0xFE50, 0xF5EF, 0xED6D, 0xF5AE, 0xF5EE, 0xFED2, 0xFEF4, 0xFEF4, 0xFF35, 0xFF97, 0xFF76, 0xFF35, 0xFF36, 0xFF56, 0xF715,
    0xFF15, 0xFF56, 0xF715, 0xF6D4, 0xFF56, 0xFF97, 0xFF56, 0xFF36, 0xFF56, 0xFF56, 0xFF35, 0xFF55, 0xFF97, 0xFF55, 0xFF55, 0xFF56,
    0xFF76, 0xFF56, 0xFF56, 0xF715, 0xFF35, 0xFF77, 0xFF97, 0xFF77, 0xFF35, 0xFED4, 0xFF34, 0xFF75, 0xFF55, 0xFF95, 0xFF75, 0xFF14,
    0xFF54, 0xFEB2, 0xF5F0, 0xF5F0, 0xCC49, 0xEEF4, 0xFFF8, 0xFFB7, 0xFFB7, 0xFF77, 0xF695, 0xF675, 0xF674, 0xEE32, 0xEE12, 0xE612,
    0xE5F1, 0xE5F1, 0xE5B0, 0xE5B0, 0xE58F, 0xDD8F, 0xDD6E, 0xD52D, 0xDD2D, 0xDD4E, 0xDD8F, 0xDD90, 0xE5F1, 0xC4AD, 0x79A2, 0xA2A6,
    0xA2E6, 0xA305, 0xA2E5, 0xAB26, 0xAB25, 0xAB25, 0xA305, 0xA305, 0xAB05, 0xB346, 0xB367, 0xB367, 0xB367, 0xAB46, 0xB346, 0xB367,
    0xB367, 0xB367, 0xB347, 0xAB67, 0xAB46, 0xAB46, 0xAB26, 0xAB46, 0xB388, 0xBBC9, 0xBBC8, 0xB387, 0xB367, 0xB367, 0xB387, 0xAB06,
    0x8203, 0x8244, 0xCCAD, 0xDD6F, 0xDD70, 0xE5F2, 0xE5F2, 0xE5F2, 0xE612, 0xEE74, 0xE613, 0xD530, 0xEE33, 0xEE54, 0xEE54, 0xEE34,
    0xF695, 0xD570, 0x79E2, 0xBC0A, 0xC46B, 0xC42A, 0xC409, 0xC409, 0xC42A, 0xC409, 0xC409, 0xC409, 0xC42A, 0xCC6B, 0xCC8B, 0xCC4A,
    0xCC4A, 0xCC6A, 0xCC6A, 0xCC4A, 0xCC4A, 0xCC8B, 0xCC8A, 0xD4AB, 0xCC6A, 0xC44A, 0xCC4A, 0xCC6B, 0xD48B, 0xCC8B, 0xCC8B, 0xD4AB,
    0xF693, 0xFED4, 0xFED4, 0xF693, 0xF6B3, 0xF693, 0xE5B0, 0xEE52, 0xFEF5, 0xF6D5, 0xF6B5, 0xFED5, 0xFF37, 0xFF99, 0xFF99, 0xFF57,
    0xFF16, 0xF716, 0xFF16, 0xFEF6, 0xF6B5, 0xF6F6, 0xFF37, 0xFF57, 0xFF37, 0xFF37, 0xFF36, 0xF716, 0xFF57, 0xFF36, 0xFF36, 0xFF15,
    0xF692, 0xF650, 0xFE71, 0xFE51, 0xF5CF, 0xDCEC, 0xC429, 0xE56D, 0xF5EF, 0xE54D, 0xED6E, 0xDD0C, 0xDCAB, 0xD46A, 0xE50C, 0xE54D,
    0xEDAF, 0xF5EF, 0xEDAE, 0xED6E, 0xE56D, 0xED6E, 0xE56D, 0xEDAE, 0xF630, 0xFE51, 0xFE51, 0xF610, 0xEDAE, 0xEDAE, 0xE58E, 0xE54D,
    0xEDAE, 0xF610, 0xFE71, 0xF651, 0xFE71, 0xEDEF, 0xF5EF, 0xEDCF, 0xE56E, 0xDD4D, 0xEDEF, 0xF650, 0xF610, 0xEDEF, 0xEDCF, 0xF630,
    0xF650, 0xFE70, 0xF62F, 0xF650, 0xFE50, 0xFE2F, 0xFE70, 0xFF14, 0xFF76, 0xFF56, 0xFF56, 0xFF36, 0xFF76, 0xFF97, 0xFF56, 0xFF36,
    0xF715, 0xFF15, 0xF6D4, 0xF6D4, 0xFF76, 0xFF76, 0xFF15, 0xFF56, 0xFF76, 0xFF56, 0xFF56, 0xFF76, 0xFF76, 0xEEB3, 0xFF35, 0xFF35,
    0xFF35, 0xFF56, 0xFF56, 0xFF36, 0xFF36, 0xFF56, 0xFF57, 0xFF15, 0xFF14, 0xFF15, 0xFF75, 0xFF34, 0xFF35, 0xFFB6, 0xFF75, 0xFF13,
    0xFF55, 0xFED3, 0xF610, 0xF610, 0xCC49, 0xF6F4, 0xFFF8, 0xFFB7, 0xFFB7, 0xFF77, 0xF695, 0xF675, 0xEE74, 0xEE32, 0xEE32, 0xE612,
    0xE5F1, 0xE5F1, 0xE5D0, 0xDDAF, 0xDD8F, 0xDDAF, 0xDD8F, 0xD52D, 0xDD4E, 0xDD6F, 0xDDB1, 0xDDB1, 0xE5F2, 0xC4CD, 0x81E3, 0x9AC5,
    0xA2E6, 0xA305, 0xA2E5, 0xA305, 0xAB05, 0xAB05, 0xA305, 0xA305, 0xAB26, 0xB346, 0xBB87, 0xB367, 0xB367, 0xB367, 0xB367, 0xB367,
    0xB346, 0xB367, 0xB367, 0xB347, 0xAB46, 0xAB46, 0xB347, 0xB367, 0xBB87, 0xBBC8, 0xC409, 0xBBE9, 0xB387, 0xB387, 0xBBA8, 0xB367,
    0xB347, 0x81E2, 0xA368, 0xCCED, 0xDD90, 0xE5F2, 0xE5F2, 0xE5F3, 0xE612, 0xDD91, 0xC4CE, 0xBC8D, 0xEE33, 0xEE33, 0xEE33, 0xF695,
    0xBCAD, 0xA348, 0xAB47, 0xC44A, 0xC46B, 0xCC4A, 0xC42A, 0xC42A, 0xC44A, 0xC42A, 0xC429, 0xCC4A, 0xCC4A, 0xCC4A, 0xCC4A, 0xCC4A,
    0xCC6A, 0xD48B, 0xD48B, 0xCC6A, 0xC44A, 0xCC4A, 0xCC8B, 0xD4AC, 0xCC8B, 0xCC6A, 0xCC4A, 0xCC6B, 0xCC8B, 0xCC6B, 0xCC4A, 0xD4AB,
    0xF6D4, 0xFF15, 0xFF16, 0xFF37, 0xFF57, 0xFF16, 0xFEF5, 0xFF36, 0xFF57, 0xFF37, 0xFF16, 0xFF57, 0xFF57, 0xFF98, 0xFF57, 0xF6D5,
    0xF6D5, 0xF6D5, 0xFF16, 0xF6D5, 0xF6D5, 0xF6F6, 0xFF16, 0xFF37, 0xFF57, 0xFF57, 0xFF37, 0xFF16, 0xF6D5, 0xF6D5, 0xFF57, 0xFF15,
    0xF693, 0xF651, 0xF630, 0xEDCF, 0xED8E, 0xE54D, 0xE54D, 0xF610, 0xF5EF, 0xDD0C, 0xCC8A, 0xCC8A, 0xDD0D, 0xCC8B, 0xDCEC, 0xDCEC,
    0xED8E, 0xE56D, 0xE54D, 0xED6E, 0xED6E, 0xED8E, 0xED8E, 0xED8E, 0xED8E, 0xEDCF, 0xF5EF, 0xF60F, 0xF5EF, 0xEDCF, 0xEDAE, 0xEDAE,
    0xF5EF, 0xFE92, 0xF651, 0xEE10, 0xF651, 0xEDCF, 0xEDCF, 0xFE71, 0xFE51, 0xEDCF, 0xFE71, 0xFE91, 0xF630, 0xF60F, 0xF5EF, 0xF60F,
    0xFE91, 0xFE91, 0xFE91, 0xFE70, 0xEDCE, 0xFE2F, 0xF60F, 0xFF14, 0xFF56, 0xFF35, 0xFF35, 0xFF76, 0xFF77, 0xFF35, 0xF715, 0xFF76,
    0xFF76, 0xFF35, 0xF6D4, 0xFF56, 0xFF97, 0xFF56, 0xFF77, 0xFF56, 0xFF56, 0xFF35, 0xFF76, 0xFF35, 0xFF76, 0xFF76, 0xFF76, 0xFF35,
    0xFF15, 0xFF56, 0xFF97, 0xFF56, 0xFF36, 0xFF56, 0xFF57, 0xFF35, 0xFF35, 0xFF55, 0xFF76, 0xFF14, 0xFF55, 0xFFB7, 0xFF95, 0xFF14,
    0xFF14, 0xFF34, 0xFEF3, 0xFE31, 0xD469, 0xF6F4, 0xFFF8, 0xFFB8, 0xFFB8, 0xFF77, 0xF695, 0xF675, 0xEE74, 0xEE53, 0xEE33, 0xE612,
    0xE5F1, 0xE5F1, 0xE5D1, 0xDDB0, 0xDD8F, 0xDD8F, 0xDD6E, 0xDD4E, 0xDD6F, 0xDD90, 0xDDB1, 0xDDB1, 0xE5F2, 0xC4CD, 0x81C3, 0xA2E6,
    0xAB06, 0xA305, 0xA2E5, 0xA2E5, 0xA305, 0xAB05, 0xA305, 0xAB05, 0xAB26, 0xAB46, 0xB367, 0xB367, 0xB387, 0xB387, 0xB387, 0xB367,
    0xB346, 0xAB46, 0xB346, 0xB347, 0xB347, 0xB367, 0xB367, 0xB367, 0xBB87, 0xBBC8, 0xC42A, 0xBBE9, 0xB387, 0xB387, 0xBBA8, 0xB3A7,
    0xBBA8, 0xC3C9, 0x8A23, 0x8224, 0xDD90, 0xE613, 0xE5F2, 0xE5F2, 0xEE33, 0xBC4C, 0xABAA, 0xE5D2, 0xEE54, 0xEE54, 0xEE54, 0xDDB1,
    0xA348, 0x9AA5, 0xD48B, 0xCC6A, 0xCC6B, 0xCC6A, 0xCC4A, 0xC429, 0xC409, 0xC42A, 0xC429, 0xCC6A, 0xCC6A, 0xCC6A, 0xCC4A, 0xCC6A,
    0xCC6A, 0xCC6A, 0xCC8A, 0xCC6A, 0xCC6A, 0xCC6B, 0xD48B, 0xD4AC, 0xD4AB, 0xD4AB, 0xCC8B, 0xCC6B, 0xCC6B, 0xCC6B, 0xCC6B, 0xCC6B,
    0xFF78, 0xFF57, 0xFF16, 0xFF36, 0xFF16, 0xFF36, 0xFF36, 0xFF36, 0xFF37, 0xFF78, 0xFF98, 0xFF78, 0xFF57, 0xFF57, 0xFF37, 0xF716,
    0xF6F6, 0xF6F6, 0xF6D5, 0xF6B5, 0xFF16, 0xFF16, 0xF6F6, 0xFF37, 0xFF57, 0xFF37, 0xFF37, 0xFF16, 0xF6F5, 0xF736, 0xFF77, 0xFEF5,
    0xF672, 0xEDAF, 0xEDAF, 0xE56E, 0xE56E, 0xEDCF, 0xF610, 0xEDEF, 0xF5F0, 0xE56E, 0xDCEC, 0xE56E, 0xF610, 0xF5F0, 0xDD2D, 0xE52D,
    0xED6E, 0xDCEC, 0xDD0C, 0xE52D, 0xE54D, 0xF5CF, 0xF5CF, 0xE56D, 0xED6D, 0xED8E, 0xEDAE, 0xF610, 0xF5CF, 0xEDCF, 0xEDEF, 0xF630,
    0xFE51, 0xF651, 0xF630, 0xFEB2, 0xFF34, 0xFEF3, 0xFEB2, 0xFE92, 0xF630, 0xF60F, 0xFE71, 0xF650, 0xF630, 0xFE50, 0xFE50, 0xF5EF,
    0xF630, 0xFE91, 0xFE70, 0xF60F, 0xFE2F, 0xFE30, 0xEDAE, 0xF692, 0xFF14, 0xFF15, 0xFF15, 0xFF77, 0xFF57, 0xFF15, 0xFF36, 0xFF76,
    0xFF56, 0xFF15, 0xFF35, 0xFF97, 0xFF77, 0xFF77, 0xFF77, 0xFF77, 0xFF76, 0xFF36, 0xFF35, 0xFF35, 0xFF76, 0xFF56, 0xFF56, 0xF6F4,
    0xF6D4, 0xFF35, 0xFF56, 0xFEF5, 0xFF15, 0xFF56, 0xFF77, 0xFF35, 0xFF15, 0xFF76, 0xFF76, 0xFEF4, 0xFF56, 0xFFB7, 0xFF55, 0xFF34,
    0xFF14, 0xFF55, 0xFF34, 0xF630, 0xCC28, 0xF735, 0xFFF9, 0xFFB7, 0xFFD8, 0xFF77, 0xF695, 0xF675, 0xF675, 0xEE53, 0xEE33, 0xE611,
    0xE611, 0xE5F1, 0xE5D0, 0xDDAF, 0xDD8F, 0xDD6E, 0xDD4E, 0xDD4E, 0xDD8F, 0xDDB1, 0xDDB1, 0xDDB1, 0xE5F2, 0xCCCE, 0x81E3, 0xA306,
    0xAB06, 0xA305, 0xA305, 0xAB26, 0xAB26, 0xA305, 0xAB26, 0xAB26, 0xAB26, 0xB346, 0xB346, 0xB367, 0xB387, 0xB387, 0xB367, 0xB367,
    0xB367, 0xB367, 0xB367, 0xB367, 0xB347, 0xB367, 0xB367, 0xB387, 0xBBA8, 0xBBC8, 0xBBE9, 0xC3E9, 0xC3E9, 0xBBC8, 0xB3A8, 0xB387,
    0xBBE9, 0xCC0A, 0xC40A, 0xB3A9, 0x92C6, 0x8AA5, 0x92C6, 0x92C5, 0x92C5, 0x8244, 0xA349, 0xDD91, 0xDD70, 0xDD91, 0xDD91, 0x92A5,
    0xB387, 0xD4AB, 0xCC6A, 0xCC6A, 0xCC6A, 0xCC4A, 0xCC4A, 0xC429, 0xC409, 0xC429, 0xC42A, 0xCC4A, 0xCC4A, 0xCC6A, 0xCC4A, 0xCC6A,
    0xCC6A, 0xCC4A, 0xCC6A, 0xCC6A, 0xCC8B, 0xD4AB, 0xD4AB, 0xD4CC, 0xD48B, 0xD48B, 0xD48B, 0xCC4A, 0xCC6A, 0xCC4A, 0xCC4A, 0xCC4A,
    0xFF77, 0xFF57, 0xFF77, 0xFF57, 0xFF16, 0xFF16, 0xF716, 0xFF36, 0xFF16, 0xFF57, 0xFF37, 0xFF16, 0xFF37, 0xFF37, 0xFF16, 0xF6F6,
    0xFF16, 0xFF16, 0xFEF5, 0xF6D5, 0xFF16, 0xF716, 0xFF37, 0xFF37, 0xFF16, 0xF6D5, 0xF6F5, 0xFF36, 0xFF57, 0xFF77, 0xFF57, 0xFEF5,
    0xF672, 0xE5AF, 0xE5AF, 0xEDAF, 0xF5EF, 0xF5EF, 0xEDAF, 0xE56E, 0xEDAF, 0xED8E, 0xF610, 0xF631, 0xF5CF, 0xEDCF, 0xEDCF, 0xF5F0,
    0xED6E, 0xD48B, 0xE52D, 0xE54D, 0xED8E, 0xED8E, 0xE56E, 0xE54D, 0xEDAE, 0xE56E, 0xE58E, 0xF60F, 0xEDAF, 0xEDCF, 0xF650, 0xF650,
    0xFE71, 0xFE91, 0xFE91, 0xFED2, 0xFED2, 0xFED2, 0xFEB2, 0xFE71, 0xF630, 0xF60F, 0xF610, 0xEDCF, 0xEDAE, 0xF60F, 0xF610, 0xEDAE,
    0xEDAE, 0xFE30, 0xF60F, 0xF630, 0xFE50, 0xF60F, 0xF5AE, 0xFE71, 0xFEB2, 0xFEF4, 0xFF15, 0xFF56, 0xFF97, 0xFF56, 0xFF77, 0xFF77,
    0xFF15, 0xF6F5, 0xFF76, 0xFF97, 0xFF56, 0xFF77, 0xFF56, 0xFF35, 0xFF35, 0xFF35, 0xFF35, 0xFF56, 0xFF56, 0xFF15, 0xFF56, 0xF6B4,
    0xF6F4, 0xFF56, 0xFF36, 0xFF15, 0xFF15, 0xFF56, 0xFF36, 0xFEF5, 0xFEF4, 0xFF55, 0xFF35, 0xFF35, 0xFF97, 0xFFB7, 0xFF56, 0xFF55,
    0xFF14, 0xFF14, 0xFF14, 0xF691, 0xD52C, 0xD56E, 0xFFB7, 0xFFD8, 0xFFB8, 0xFF97, 0xF6F5, 0xF695, 0xF675, 0xEE53, 0xEE33, 0xE612,
    0xE5F1, 0xE5F0, 0xDDAF, 0xDD8F, 0xDD8F, 0xDD6F, 0xDD4E, 0xDD4E, 0xDD90, 0xDDD1, 0xDDD1, 0xDDD1, 0xE612, 0xCCCE, 0x81E3, 0xAB06,
    0xAB07, 0xA305, 0xA305, 0xAB26, 0xAB46, 0xAB26, 0xAB26, 0xB367, 0xB366, 0xB366, 0xB346, 0xB387, 0xBB87, 0xB387, 0xB387, 0xB367,
    0xB387, 0xB387, 0xB387, 0xB367, 0xB367, 0xB367, 0xBBC8, 0xC409, 0xBBE8, 0xBB87, 0xBBA8, 0xC3E9, 0xC409, 0xC409, 0xBBE9, 0xC44A,
    0xCC6B, 0xCC6B, 0xD50D, 0xD50D, 0xB3C9, 0xAB89, 0xABA9, 0xABA9, 0xABC9, 0xABA8, 0x92A5, 0x9285, 0x92A4, 0x9AA5, 0x92A4, 0xB387,
    0xD48A, 0xCC6A, 0xCC6A, 0xCC6A, 0xD4AB, 0xD48A, 0xCC6A, 0xCC4A, 0xC42A, 0xC429, 0xCC2A, 0xCC4A, 0xCC4A, 0xCC6A, 0xCC6A, 0xCC6A,
    0xCC4A, 0xCC4A, 0xCC8B, 0xD48B, 0xD48B, 0xD48B, 0xD48B, 0xD4CC, 0xD4AB, 0xD4AB, 0xD48B, 0xCC4A, 0xCC4A, 0xCC4A, 0xC42A, 0xCC4A,
    0xFF57, 0xFF57, 0xFF57, 0xFF37, 0xFF37, 0xF716, 0xF6F6, 0xFF37, 0xFF56, 0xFF16, 0xFF16, 0xF6F5, 0xF6D5, 0xF6D5, 0xEED4, 0xF6D5,
    0xF716, 0xF6F5, 0xF6F5, 0xFF16, 0xFF36, 0xFF57, 0xFF37, 0xF6F6, 0xF6F5, 0xFF16, 0xFF16, 0xFF16, 0xF716, 0xF6F5, 0xFF36, 0xFF36,
    0xFF35, 0xFED3, 0xF631, 0xEDAE, 0xE58E, 0xE58E, 0xE58E, 0xDD4D, 0xE58E, 0xEDF0, 0xE54D, 0xD4CB, 0xC429, 0xDD0C, 0xEDAF, 0xED8E,
    0xE54D, 0xE52D, 0xEDAF, 0xEDAF, 0xE54E, 0xD4CB, 0xE54E, 0xED8E, 0xEDCF, 0xF5F0, 0xF5EF, 0xE5AE, 0xDD4D, 0xEDAE, 0xF60F, 0xF650,
    0xF630, 0xF650, 0xFE71, 0xF651, 0xF630, 0xF630, 0xF650, 0xFE71, 0xF630, 0xF5EF, 0xFE51, 0xFE30, 0xF5EF, 0xF630, 0xF630, 0xFE30,
    0xFE50, 0xEDCF, 0xEDCF, 0xFE91, 0xFE50, 0xF630, 0xED8E, 0xF5EF, 0xF630, 0xFEF3, 0xFF56, 0xFF35, 0xFF76, 0xFF97, 0xFF97, 0xFF77,
    0xFF97, 0xFF56, 0xF6F4, 0xFF77, 0xFFB8, 0xFFB8, 0xFF97, 0xFF36, 0xF6F4, 0xFF56, 0xFF35, 0xFF35, 0xFF56, 0xFF56, 0xFF15, 0xF6B4,
    0xFF36, 0xFF56, 0xFF56, 0xFF36, 0xFF56, 0xFF56, 0xFF35, 0xFF15, 0xF6D4, 0xF735, 0xFF35, 0xFF55, 0xFF96, 0xFF76, 0xFF76, 0xFF55,
    0xFF75, 0xFF55, 0xFEF3, 0xFF34, 0xFF13, 0xCC49, 0xF776, 0xFFD8, 0xFFB7, 0xFFD8, 0xFF77, 0xF694, 0xF675, 0xEE54, 0xEE33, 0xE612,
    0xE612, 0xE5F1, 0xDDAF, 0xDD8F, 0xDD8F, 0xDD8F, 0xDD6F, 0xDD6E, 0xDD8F, 0xDDD1, 0xDDD1, 0xE5D1, 0xE612, 0xCCCE, 0x81C2, 0xA306,
    0xAB06, 0xA305, 0xA305, 0xAB26, 0xB367, 0xB346, 0xAB46, 0xB367, 0xBB87, 0xB367, 0xB346, 0xB367, 0xB367, 0xB367, 0xB387, 0xB387,
    0xBB87, 0xBB87, 0xBB87, 0xB387, 0xB367, 0xB387, 0xC409, 0xCC6B, 0xC42A, 0xBBC8, 0xB387, 0xBBC9, 0xC42A, 0xCCAC, 0xCCED, 0xD52D,
    0xD52E, 0xD50D, 0xD50D, 0xD50E, 0xD52E, 0xD52E, 0xD52E, 0xD52E, 0xD52E, 0xD50E, 0xCCCC, 0xCCAA, 0xCCAA, 0xD4CA, 0xD4EA, 0xDD0B,
    0xD4AA, 0xCC6A, 0xCC8B, 0xCC6A, 0xCC6A, 0xCC6A, 0xD46A, 0xD48B, 0xCC6A, 0xCC4A, 0xCC4A, 0xCC4A, 0xCC4A, 0xD48B, 0xCC8A, 0xCC6A,
    0xCC6A, 0xCC6A, 0xD48A, 0xD46A, 0xD4AB, 0xDCCB, 0xD4CB, 0xDCEC, 0xDCCB, 0xE50C, 0xDCAB, 0xCC4A, 0xCC4A, 0xCC4A, 0xCC4A, 0xCC4A,
    0xFF36, 0xF6F5, 0xF6F5, 0xF6F5, 0xFF37, 0xFF16, 0xFF57, 0xFF16, 0xF6D5, 0xF6D5, 0xF6D5, 0xEE73, 0xEE73, 0xF6F5, 0xFF36, 0xFF37,
    0xFF16, 0xF6F5, 0xFF16, 0xFF16, 0xF716, 0xFF16, 0xFF16, 0xF6F5, 0xFF16, 0xFF16, 0xF6F6, 0xF715, 0xFF16, 0xF6F5, 0xFF15, 0xFF36,
    0xFF15, 0xF6B2, 0xEDEF, 0xE58E, 0xE58E, 0xE58E, 0xDD2D, 0xDD6E, 0xF672, 0xFE72, 0xDD2D, 0xD4EC, 0xDD0C, 0xDD0C, 0xD48B, 0xE52D,
    0xE52D, 0xE56E, 0xE56E, 0xE50D, 0xDCCC, 0xE56E, 0xEDAE, 0xEDAF, 0xEDEF, 0xEDEF, 0xF610, 0xEDCE, 0xE5AE, 0xEDCF, 0xF630, 0xFE91,
    0xF610, 0xF610, 0xFE30, 0xF631, 0xF651, 0xF630, 0xF630, 0xFE71, 0xF630, 0xFE50, 0xFE71, 0xF630, 0xF630, 0xFE50, 0xF630, 0xF630,
    0xF610, 0xEDCE, 0xF610, 0xF630, 0xF5EF, 0xF610, 0xED8E, 0xED8E, 0xF630, 0xFED3, 0xFF14, 0xFF56, 0xFF56, 0xFF56, 0xFF56, 0xFF56,
    0xFF97, 0xF715, 0xFF56, 0xFFD8, 0xFFB8, 0xFF77, 0xFF77, 0xFF36, 0xFF35, 0xFF36, 0xF6D4, 0xF715, 0xFF76, 0xFF35, 0xFEF5, 0xFF15,
    0xF715, 0xFF56, 0xFF56, 0xFF56, 0xFF97, 0xFF56, 0xFF56, 0xFF55, 0xFF15, 0xFF96, 0xFF56, 0xFF76, 0xFF55, 0xFF55, 0xFF76, 0xFF75,
    0xFF75, 0xFF75, 0xFF55, 0xFEF3, 0xE5CF, 0xD52D, 0xFF97, 0xFFD8, 0xFFB7, 0xFFD8, 0xFF97, 0xF694, 0xF675, 0xEE54, 0xEE33, 0xEE12,
    0xEE12, 0xE5F1, 0xE5B0, 0xDD8F, 0xDD8F, 0xDD8F, 0xDD8F, 0xDD8F, 0xDD8F, 0xE5D1, 0xE5D1, 0xDDD1, 0xE612, 0xD50F, 0x81E3, 0xA2E6,
    0xA305, 0xA305, 0xAB05, 0xAB26, 0xB367, 0xB366, 0xB366, 0xB387, 0xB367, 0xB367, 0xB346, 0xB367, 0xB387, 0xBBA7, 0xB387, 0xB367,
    0xBB87, 0xBB87, 0xBBA8, 0xBB87, 0xB387, 0xB387, 0xCC4A, 0xD4CC, 0xD4CC, 0xD4AB, 0xBBE9, 0xC46B, 0xD50D, 0xD50D, 0xD54E, 0xD54E,
    0xD54F, 0xD56F, 0xD54F, 0xD52E, 0xD56F, 0xDD8F, 0xDD8F, 0xDD8F, 0xD56F, 0xDD6E, 0xDD6D, 0xDD4C, 0xDD4B, 0xE58B, 0xE56A, 0xDD2A,
    0xD4EB, 0xD4EC, 0xD4CC, 0xCC6A, 0xCC6A, 0xCC49, 0xCC6A, 0xD46A, 0xCC6A, 0xCC6A, 0xCC4A, 0xCC4A, 0xCC4A, 0xD48A, 0xCC8A, 0xD48B,
    0xD48B, 0xCC8A, 0xD46A, 0xCC6A, 0xD48B, 0xDCEC, 0xDCEC, 0xED4D, 0xF60F, 0xED6D, 0xDCCB, 0xCC6A, 0xCC6B, 0xCC4A, 0xCC4A, 0xD48B,
    0xFF57, 0xF736, 0xFF57, 0xFF57, 0xFEF6, 0xF716, 0xFF37, 0xFF16, 0xFF16, 0xFF37, 0xFF37, 0xFF37, 0xFF37, 0xFF37, 0xFF36, 0xF6F5,
    0xF6D5, 0xFF16, 0xFF36, 0xFF36, 0xFF16, 0xFF16, 0xF716, 0xF6F6, 0xFF16, 0xFEF6, 0xF6F6, 0xF6F5, 0xF6D5, 0xEE93, 0xF6D4, 0xFF35,
    0xFF15, 0xF651, 0xE58E, 0xEDAE, 0xEDCF, 0xEDAE, 0xEDCF, 0xFE72, 0xEE31, 0xCCCC, 0xED8E, 0xF5F0, 0xF5F0, 0xDD2D, 0xDD0C, 0xED6E,
    0xDD0D, 0xE52D, 0xE52D, 0xDCEC, 0xDCEC, 0xEDAE, 0xE58E, 0xF631, 0xFE92, 0xF630, 0xF610, 0xEDEF, 0xFE51, 0xF630, 0xF630, 0xF650,
    0xF630, 0xFE51, 0xF630, 0xF651, 0xFE71, 0xF610, 0xF5EF, 0xF610, 0xEDEF, 0xEDCF, 0xF610, 0xF5EF, 0xF5EF, 0xF610, 0xF5EF, 0xEDAE,
    0xEDAE, 0xF5EF, 0xFE51, 0xF630, 0xEDCF, 0xF5CF, 0xF5EF, 0xF5CF, 0xF5CF, 0xFE51, 0xFEB2, 0xFF35, 0xFF35, 0xFF56, 0xFF35, 0xFF36,
    0xFF56, 0xFF76, 0xFFD8, 0xFFB8, 0xFF97, 0xFF56, 0xFF15, 0xFEF5, 0xFF56, 0xFF15, 0xFF15, 0xFF97, 0xFF97, 0xFF76, 0xFF35, 0xFF56,
    0xFF56, 0xFF56, 0xFF56, 0xFF56, 0xFF77, 0xFF15, 0xFEF4, 0xFF15, 0xFF56, 0xFFB7, 0xFF76, 0xFF56, 0xFF35, 0xFF76, 0xFF76, 0xFF55,
    0xFF55, 0xFF75, 0xFF75, 0xEE30, 0xDD2C, 0xFFD7, 0xFFD8, 0xFFD8, 0xFFD8, 0xFF97, 0xFF15, 0xF694, 0xF674, 0xF674, 0xEE33, 0xE5F1,
    0xE5F1, 0xE5F1, 0xE5F0, 0xE5B0, 0xDD8F, 0xDDAF, 0xDD8F, 0xDD8F, 0xDD8F, 0xDDB0, 0xDDD1, 0xE5F2, 0xDD90, 0xA348, 0x81E3, 0xA2E6,
    0xA305, 0xAB05, 0xAB46, 0xB367, 0xB367, 0xB366, 0xB367, 0xB387, 0xBB87, 0xBB87, 0xB367, 0xBB87, 0xBBC8, 0xBBC8, 0xBBC8, 0xBBC7,
    0xBBA7, 0xBBE8, 0xC46A, 0xC44A, 0xC44A, 0xC429, 0xCCAB, 0xD54E, 0xD54E, 0xD54E, 0xD54E, 0xD52E, 0xD54E, 0xD56E, 0xDD6F, 0xD54E,
    0xD54F, 0xDD6F, 0xDD8F, 0xDD8F, 0xDD8F, 0xDD8F, 0xDD8F, 0xDD8F, 0xDD8F, 0xDD8F, 0xDD6D, 0xDD4B, 0xDD4A, 0xE56A, 0xE56A, 0xE56B,
    0xE5AE, 0xE5B0, 0xE58F, 0xD4AB, 0xCC8B, 0xCC4A, 0xD44A, 0xD44A, 0xCC6A, 0xCC6A, 0xCC4A, 0xCC4A, 0xCC4A, 0xCC49, 0xCC49, 0xD48B,
    0xD48B, 0xD48B, 0xCC6A, 0xD48B, 0xDCCC, 0xE50D, 0xED2D, 0xF5AE, 0xFEF1, 0xF5AE, 0xDCAB, 0xCC6A, 0xCC6B, 0xCC6A, 0xCC6A, 0xD48B,
    0xFF57, 0xFF57, 0xF716, 0xF716, 0xFF37, 0xFF37, 0xFF16, 0xF716, 0xFF36, 0xFF37, 0xFF78, 0xFF37, 0xF6F6, 0xF6D5, 0xF6D5, 0xF6B5,
    0xF6D5, 0xFF16, 0xFF16, 0xFF37, 0xFF16, 0xF6F5, 0xF6F6, 0xFF16, 0xFF16, 0xF6F6, 0xF6D5, 0xF6D5, 0xF6D5, 0xF6D4, 0xF6F4, 0xF6F4,
    0xF6D4, 0xE5CF, 0xEDAE, 0xEDAE, 0xEDCF, 0xEDAF, 0xEDAE, 0xEDCF, 0xD4EC, 0xD4EC, 0xEDAF, 0xEDCF, 0xEDF0, 0xF5F0, 0xE56E, 0xD4AB,
    0xCC8B, 0xDCEC, 0xDD0D, 0xD4AB, 0xD4AB, 0xE58E, 0xE56E, 0xE5AF, 0xF630, 0xF650, 0xF630, 0xEDCF, 0xEDEF, 0xEE10, 0xF630, 0xF631,
    0xF630, 0xFE91, 0xFEB2, 0xF630, 0xF5EF, 0xFE71, 0xEDEF, 0xE58E, 0xE5AE, 0xF610, 0xF630, 0xF630, 0xF5EF, 0xFE10, 0xEDCF, 0xE56D,
    0xF5CF, 0xFE30, 0xFE30, 0xF60F, 0xF5EF, 0xEDAE, 0xEDAE, 0xF5CF, 0xF5CF, 0xF5CF, 0xFE50, 0xFE71, 0xFEF4, 0xFF56, 0xFEF4, 0xFF15,
    0xFF56, 0xFF97, 0xFFB8, 0xFFB8, 0xFF97, 0xFF35, 0xFEF5, 0xFF36, 0xFF36, 0xFF15, 0xFF35, 0xFF77, 0xFF77, 0xFF16, 0xF6F5, 0xFF77,
    0xFF56, 0xFF35, 0xF6D4, 0xFF15, 0xFF36, 0xFF15, 0xFEF5, 0xFF15, 0xFF56, 0xFF77, 0xFF56, 0xFF35, 0xFF55, 0xFF76, 0xFF55, 0xFF76,
    0xFF96, 0xFF96, 0xFF76, 0xDCEB, 0xE54C, 0xFFF8, 0xFFB7, 0xFFB8, 0xFFF8, 0xFF76, 0xFEB4, 0xF674, 0xF674, 0xEE74, 0xEE33, 0xE5F2,
    0xE5F1, 0xE5F1, 0xE5F0, 0xE5D0, 0xE5B0, 0xE5B0, 0xDD8F, 0xDD6F, 0xDD8F, 0xDD8F, 0xDDB1, 0xE5D1, 0xDD90, 0xA389, 0x8A03, 0xAAE6,
    0xAB26, 0xB347, 0xB367, 0xB367, 0xB367, 0xB387, 0xB387, 0xB366, 0xBBC8, 0xC409, 0xC3E8, 0xC3E8, 0xC408, 0xBC09, 0xC449, 0xCC8A,
    0xC46A, 0xCCCB, 0xCD0D, 0xD52E, 0xD52E, 0xD52D, 0xD54E, 0xD56E, 0xD54E, 0xD56E, 0xD56F, 0xDD8F, 0xDD8F, 0xDD8F, 0xDD90, 0xDD8F,
    0xD56F, 0xD56F, 0xDD90, 0xDDB0, 0xDDB0, 0xDDB0, 0xDD8F, 0xDD8F, 0xDD90, 0xDD8F, 0xDD6D, 0xDD6B, 0xDD6A, 0xDD6A, 0xE56A, 0xE56B,
    0xE58D, 0xE5B0, 0xE5B0, 0xDD8F, 0xE58F, 0xD4EC, 0xD48B, 0xD46A, 0xCC6A, 0xCC6A, 0xCC6A, 0xD46A, 0xCC6A, 0xCC49, 0xC449, 0xCC8A,
    0xD48B, 0xD48B, 0xD48B, 0xDCEC, 0xE50C, 0xF56D, 0xF58D, 0xF54D, 0xED4D, 0xED2D, 0xD4AB, 0xCC8A, 0xD4AC, 0xD4AB, 0xCC6A, 0xD48B,
    0xFF16, 0xFF36, 0xF6F6, 0xF6F5, 0xFF57, 0xFF16, 0xFF36, 0xF6F5, 0xF716, 0xFF57, 0xFF37, 0xF6F6, 0xF6D5, 0xF6F5, 0xFF16, 0xF6F5,
    0xFF16, 0xFF36, 0xFF16, 0xEE94, 0xF6D5, 0xF6D5, 0xF6F5, 0xF6D5, 0xEEB4, 0xEE94, 0xF6D5, 0xF6F5, 0xF6F5, 0xFF36, 0xF715, 0xF6F4,
    0xFED4, 0xF672, 0xF630, 0xEDCF, 0xEDCF, 0xDD4D, 0xE54D, 0xE58E, 0xEDAF, 0xF5F0, 0xF5F0, 0xEDCF, 0xEDAF, 0xED8E, 0xD4CC, 0xD4EC,
    0xDD2D, 0xE54D, 0xE50D, 0xD4AB, 0xDD2D, 0xEDAE, 0xE58E, 0xE58E, 0xE58E, 0xF630, 0xF651, 0xF610, 0xF631, 0xF610, 0xF610, 0xF610,
    0xFE71, 0xFE92, 0xFE92, 0xFE51, 0xF630, 0xFE71, 0xEDAE, 0xF610, 0xFE71, 0xFE71, 0xFE71, 0xF5EF, 0xF610, 0xFE50, 0xF610, 0xF610,
    0xFE10, 0xF5CF, 0xEDAE, 0xF5EF, 0xF5EF, 0xEDCE, 0xED6D, 0xED8E, 0xEDAE, 0xED8E, 0xED8E, 0xEDF0, 0xFEB3, 0xFED3, 0xF672, 0xFF36,
    0xFFB8, 0xFF77, 0xFF77, 0xFF76, 0xFF77, 0xFF15, 0xFF35, 0xFF36, 0xF6D4, 0xFF36, 0xFF56, 0xFF77, 0xFF56, 0xFF36, 0xFF57, 0xFF57,
    0xF6F5, 0xF694, 0xF6F5, 0xFF56, 0xFF15, 0xFF35, 0xFF56, 0xFF35, 0xFF96, 0xFF97, 0xFF97, 0xFF96, 0xFF56, 0xFF55, 0xFF56, 0xFF96,
    0xFF76, 0xFF35, 0xFF76, 0xDD2C, 0xE54C, 0xFFD7, 0xFFB7, 0xFFD8, 0xFFD8, 0xFF76, 0xF6B4, 0xF674, 0xEE54, 0xF674, 0xEE33, 0xE611,
    0xE5F1, 0xE5F1, 0xE5F1, 0xE5D0, 0xE5D0, 0xE5D0, 0xDD8F, 0xDD6E, 0xDD6F, 0xDD8F, 0xDD6F, 0xDD70, 0xDDB1, 0xCCEE, 0x8A03, 0xAAE6,
    0xAB26, 0xB387, 0xB387, 0xB346, 0xAB46, 0xBBC8, 0xC3E8, 0xBBA8, 0xC3E8, 0xC429, 0xC449, 0xC449, 0xC44A, 0xC48B, 0xCD0D, 0xD54E,
    0xD54E, 0xD56E, 0xD56E, 0xD56F, 0xD56F, 0xD56E, 0xD56F, 0xD56F, 0xD56F, 0xDD8F, 0xDD8F, 0xDDB0, 0xDDB0, 0xDD8F, 0xDD8F, 0xDD90,
    0xDDB0, 0xDD90, 0xDDB0, 0xDDB0, 0xDDB0, 0xDDB0, 0xDDB0, 0xDDB0, 0xDDB0, 0xDD8E, 0xDD6C, 0xE56B, 0xE56B, 0xE56A, 0xDD6A, 0xDD6A,
    0xE58D, 0xE5B0, 0xE5B0, 0xE5D0, 0xE5D1, 0xE5B0, 0xE56F, 0xD4AB, 0xD48A, 0xD48B, 0xD46B, 0xD46A, 0xD46A, 0xCC6A, 0xCC6A, 0xD48B,
    0xCC8A, 0xCC8A, 0xD4AB, 0xDCEC, 0xE52C, 0xFDEE, 0xFDEE, 0xED2C, 0xE4EC, 0xDCEC, 0xD48B, 0xCC6A, 0xD4AB, 0xD4AC, 0xCC6B, 0xCC8B,
    0xF6F5, 0xFF36, 0xFF37, 0xFF36, 0xFF37, 0xFF36, 0xFF36, 0xFF37, 0xFF57, 0xFF78, 0xFF37, 0xFF16, 0xF6F5, 0xF6D5, 0xF6F6, 0xFF36,
    0xFF16, 0xFF16, 0xF6B4, 0xF6D5, 0xFF36, 0xFF16, 0xF6F5, 0xF6D5, 0xEE94, 0xF694, 0xFEF5, 0xFF36, 0xFF57, 0xFF78, 0xFF57, 0xF6D5,
    0xF693, 0xF672, 0xF630, 0xEDAF, 0xD4EC, 0xDD0C, 0xE58E, 0xE58E, 0xEDAF, 0xEDEF, 0xF610, 0xED8E, 0xDD0D, 0xDD0D, 0xE52D, 0xEDCF,
    0xE56E, 0xDD2D, 0xDCEC, 0xDD0C, 0xE54D, 0xE5AE, 0xEDCF, 0xE58E, 0xDD4E, 0xF630, 0xF631, 0xF630, 0xEDF0, 0xF610, 0xF651, 0xF651,
    0xF651, 0xF630, 0xFE71, 0xF651, 0xFE92, 0xFE91, 0xFE30, 0xFE91, 0xFE51, 0xF630, 0xF610, 0xF5CF, 0xFE30, 0xFE30, 0xFE50, 0xFE30,
    0xEDCE, 0xED8E, 0xEDAE, 0xF5CF, 0xEDCF, 0xF5EF, 0xF5CF, 0xF60F, 0xF5CF, 0xEDAE, 0xED6D, 0xF651, 0xFED3, 0xFE92, 0xFF14, 0xFFB7,
    0xFFD9, 0xFFD8, 0xFF97, 0xFF56, 0xFF36, 0xFEF4, 0xF6D4, 0xF6F5, 0xFF36, 0xFF56, 0xFF77, 0xFF77, 0xFF77, 0xFF77, 0xFF77, 0xFF36,
    0xF6F5, 0xF715, 0xFF57, 0xFF77, 0xFF56, 0xFF76, 0xFF56, 0xFF35, 0xFF76, 0xFF96, 0xFF56, 0xFF76, 0xFF56, 0xFF55, 0xFF56, 0xFF76,
    0xFF76, 0xFF35, 0xFFB6, 0xDD0B, 0xDD0B, 0xFFB6, 0xFF74, 0xFFB5, 0xFFD7, 0xFF96, 0xFEF4, 0xF673, 0xEE74, 0xF674, 0xEE33, 0xE612,
    0xE5F1, 0xE5F1, 0xE5D0, 0xE5D0, 0xE5D0, 0xE5B0, 0xDDAF, 0xDD6E, 0xDD4E, 0xD56E, 0xDD6F, 0xD52E, 0xDD70, 0xC4AD, 0x8A03, 0xAAE6,
    0xB346, 0xB367, 0xB387, 0xB346, 0xAB46, 0xBBC8, 0xC409, 0xC409, 0xC429, 0xC44A, 0xCCCC, 0xCCEC, 0xCCCC, 0xCD0D, 0xD54E, 0xD54E,
    0xD54E, 0xD56F, 0xD56F, 0xD56F, 0xD56F, 0xD54E, 0xD56E, 0xDD8F, 0xD56F, 0xDD8F, 0xDDAF, 0xDDB0, 0xDDB0, 0xDDB0, 0xDD90, 0xDD90,
    0xDDB0, 0xDDB0, 0xDDB0, 0xDDB0, 0xDDB0, 0xDDB0, 0xDDB0, 0xDDD1, 0xDDB0, 0xDDAE, 0xDD4B, 0xE56B, 0xE56B, 0xE56A, 0xE56A, 0xDD4A,
    0xE58D, 0xE5D0, 0xE5D0, 0xE5D0, 0xE5D0, 0xE5F1, 0xE5F1, 0xDD6F, 0xDD4E, 0xD4EC, 0xD48B, 0xCC6A, 0xCC6A, 0xD48A, 0xD48A, 0xD4AB,
    0xD48B, 0xD4AB, 0xDCEC, 0xE50D, 0xE50C, 0xF56D, 0xED6D, 0xDCEC, 0xDCAB, 0xD48B, 0xCC8B, 0xCC4A, 0xD48B, 0xD4AB, 0xD48B, 0xD48B,
    0xFF16, 0xF6F5, 0xFF16, 0xFF57, 0xFF57, 0xFF57, 0xFF57, 0xFF57, 0xFF57, 0xFF77, 0xFF57, 0xFF16, 0xFEF6, 0xF6F6, 0xF6F5, 0xFF36,
    0xFEF6, 0xF6B5, 0xF6B4, 0xFF57, 0xFF36, 0xFEF6, 0xFF16, 0xFF36, 0xFF36, 0xFF36, 0xFF16, 0xFF16, 0xFF16, 0xF6F6, 0xEED4, 0xEEB4,
    0xFEF5, 0xF651, 0xE56E, 0xD50C, 0xDD0C, 0xE56E, 0xE54D, 0xE58E, 0xE56E, 0xF5F0, 0xEDCF, 0xEDAF, 0xED8E, 0xE56E, 0xEDAF, 0xEDAF,
    0xE54D, 0xDD2C, 0xDCEC, 0xDCEC, 0xDD4D, 0xE58E, 0xE5AF, 0xEDAF, 0xE5AF, 0xF631, 0xF610, 0xEDCF, 0xEDEF, 0xF5F0, 0xFE51, 0xF671,
    0xF651, 0xEDEF, 0xF610, 0xF651, 0xFEB2, 0xF651, 0xF630, 0xF650, 0xFE50, 0xFE30, 0xF5CF, 0xF60F, 0xF5CF, 0xEDCF, 0xF610, 0xF5CF,
    0xE56D, 0xEDAE, 0xF5CF, 0xF5CF, 0xF5EF, 0xF5CF, 0xF5CE, 0xF60F, 0xF60F, 0xF5EF, 0xF5EF, 0xF610, 0xF630, 0xF630, 0xF6D3, 0xFF35,
    0xFF97, 0xFFD9, 0xFFB8, 0xFF76, 0xF6D4, 0xF693, 0xFED4, 0xFF76, 0xFF56, 0xFF36, 0xFF77, 0xFF77, 0xFF56, 0xFF36, 0xFF36, 0xFF56,
    0xFF56, 0xFF77, 0xFF77, 0xFF77, 0xFF57, 0xFF56, 0xFF56, 0xFF56, 0xFF97, 0xFF36, 0xF715, 0xFF76, 0xFF56, 0xFF76, 0xFF76, 0xFF96,
    0xFF96, 0xFF75, 0xF6F3, 0xE5EF, 0xEE50, 0xFF73, 0xFEF1, 0xFEB0, 0xFF33, 0xFFB6, 0xFF34, 0xEE93, 0xEE74, 0xF674, 0xEE32, 0xE611,
    0xE5F1, 0xE5F1, 0xE5F1, 0xE5D0, 0xDDB0, 0xDDAF, 0xDD8F, 0xDD4E, 0xDD4E, 0xD54E, 0xD52E, 0xCCED, 0xD54F, 0xC48C, 0x8A03, 0xAB06,
    0xB346, 0xB346, 0xAB46, 0xAB26, 0xB387, 0xC409, 0xC429, 0xC44A, 0xCCCC, 0xD4ED, 0xD52D, 0xCD2D, 0xD54E, 0xD56F, 0xD56F, 0xD56F,
    0xD56F, 0xD56F, 0xD56F, 0xD56F, 0xD56F, 0xD56F, 0xDD8F, 0xDD8F, 0xD58F, 0xDD8F, 0xDD8F, 0xDDB0, 0xDDB0, 0xDDB0, 0xDDB0, 0xDDB0,
    0xDDB0, 0xDDB0, 0xDDB0, 0xDDB0, 0xDDB0, 0xDDB1, 0xDDD1, 0xDDB0, 0xDDB0, 0xDD8E, 0xDD6B, 0xE58B, 0xE56B, 0xE56A, 0xE56A, 0xE56B,
    0xE5AE, 0xE5D0, 0xE5D0, 0xE5D0, 0xE5D0, 0xE5D1, 0xE5F1, 0xE5F1, 0xE5F1, 0xDD4E, 0xDCEC, 0xCC8B, 0xCC6A, 0xD4AA, 0xD4AB, 0xD4AB,
    0xD4AB, 0xD4CB, 0xDCCC, 0xE4EC, 0xDCEC, 0xE4EC, 0xDCCC, 0xD4AB, 0xD4AB, 0xD48B, 0xCC6B, 0xCC4A, 0xCC6A, 0xCC6B, 0xCC6B, 0xD48B,
    0xFF16, 0xF6F6, 0xFF16, 0xFF37, 0xF6F6, 0xF6F6, 0xF6F6, 0xFF16, 0xFF16, 0xF6F5, 0xF6D4, 0xF6D5, 0xFEF5, 0xF6D5, 0xF6F6, 0xFF16,
    0xF716, 0xFF16, 0xFF16, 0xFF57, 0xFF36, 0xF6D5, 0xEE73, 0xF6B4, 0xF6F5, 0xFF16, 0xFF16, 0xF6F5, 0xF6D5, 0xEE93, 0xEE93, 0xF6F5,
    0xFF36, 0xFEB3, 0xE5AF, 0xE54D, 0xEDAF, 0xE54D, 0xE56D, 0xE54D, 0xDD0C, 0xEDAF, 0xEDAF, 0xF5F0, 0xEDCF, 0xEDAF, 0xEDAF, 0xEDAF,
    0xE52D, 0xE52D, 0xDCEC, 0xDD0C, 0xE58E, 0xE56E, 0xE5AF, 0xEDCF, 0xEDCF, 0xEDF0, 0xF610, 0xEDEF, 0xF610, 0xEDF0, 0xF610, 0xFE51,
    0xF610, 0xF610, 0xFE51, 0xFE72, 0xFE51, 0xFE31, 0xF610, 0xF5EF, 0xF5EF, 0xF5CF, 0xF5CF, 0xF5EF, 0xEDAE, 0xEDAE, 0xEDAE, 0xE54D,
    0xE54D, 0xEDAE, 0xEDCF, 0xEDCF, 0xEDCF, 0xEDAE, 0xF5CF, 0xF5EF, 0xF5EF, 0xFE30, 0xF5EF, 0xF5CE, 0xEDCE, 0xF650, 0xF693, 0xFF35,
    0xFFB8, 0xFFB8, 0xFF76, 0xFF36, 0xF6F4, 0xFF15, 0xFF15, 0xFF76, 0xFF36, 0xFF56, 0xFF97, 0xFF77, 0xFF56, 0xFF36, 0xFF36, 0xFF77,
    0xFF77, 0xFF77, 0xFF77, 0xFF56, 0xFF97, 0xFF97, 0xFF77, 0xFF77, 0xFF77, 0xFF15, 0xFF35, 0xFF77, 0xFF35, 0xFF36, 0xFF36, 0xFF96,
    0xFF97, 0xFF75, 0xD489, 0xF714, 0xFFF7, 0xFF52, 0xFED0, 0xF56C, 0xF5CD, 0xF6F2, 0xFF33, 0xF6B4, 0xF674, 0xEE74, 0xEE32, 0xE5F1,
    0xE5F1, 0xE5F1, 0xE5D0, 0xE5D0, 0xDD8F, 0xDD6F, 0xDD6F, 0xD54E, 0xD52E, 0xDD2E, 0xD4ED, 0xCCAC, 0xD52E, 0xC46C, 0x81E3, 0xAB06,
    0xB346, 0xB367, 0xBBC8, 0xBBC8, 0xBC09, 0xCC8B, 0xCCEC, 0xCD0D, 0xD54E, 0xD56F, 0xD54E, 0xD56E, 0xD56F, 0xD56F, 0xDD6F, 0xD56F,
    0xD56F, 0xD56F, 0xD56F, 0xDD8F, 0xD56F, 0xD56F, 0xDD8F, 0xDD8F, 0xDDAF, 0xDDAF, 0xDDAF, 0xDDB0, 0xDDB0, 0xDDB0, 0xDDB0, 0xDDB0,
    0xDDD1, 0xDDD1, 0xDDB1, 0xDDB0, 0xDDD1, 0xE5D1, 0xE5B1, 0xE5D0, 0xE5D0, 0xE5AF, 0xE58C, 0xE58B, 0xE56A, 0xE56A, 0xE56A, 0xE58D,
    0xDDAF, 0xE5D0, 0xE5D0, 0xE5F1, 0xE5F1, 0xE5F1, 0xE5D1, 0xE5F1, 0xE5F1, 0xE5F1, 0xE590, 0xDD2D, 0xDD4D, 0xDD4E, 0xDD2D, 0xD4AB,
    0xD4AB, 0xDD0C, 0xE52D, 0xE50D, 0xDCEC, 0xDCCC, 0xD4AB, 0xD4AB, 0xD4AB, 0xD4AB, 0xD48B, 0xCC6B, 0xCC4A, 0xCC6A, 0xCC8B, 0xD4AB,
    0xFF78, 0xFF78, 0xFF78, 0xFF16, 0xF6F6, 0xF6F6, 0xF716, 0xFF16, 0xF6F5, 0xF6B4, 0xF6B4, 0xF6B4, 0xF6F5, 0xF716, 0xFF16, 0xFF16,
    0xFF57, 0xFF77, 0xFF37, 0xFF57, 0xFF57, 0xF716, 0xE632, 0xE633, 0xEE73, 0xEE94, 0xF6B4, 0xF6F5, 0xF6F5, 0xF6F5, 0xFF15, 0xFF16,
    0xF6F5, 0xEE51, 0xF610, 0xED8E, 0xE52D, 0xDCEC, 0xEDAF, 0xEDEF, 0xED8E, 0xE54E, 0xE56E, 0xF5F0, 0xE56E, 0xED8E, 0xE56E, 0xDCEC,
    0xDD0C, 0xE52D, 0xE54D, 0xEDAF, 0xEDCF, 0xE56E, 0xE5AF, 0xF630, 0xF630, 0xF610, 0xF651, 0xF630, 0xEDEF, 0xF610, 0xFE51, 0xFE71,
    0xF610, 0xF651, 0xEDF0, 0xEDCF, 0xF630, 0xF610, 0xF610, 0xF610, 0xF5CF, 0xF5CF, 0xEDAE, 0xDD2C, 0xE58D, 0xF5CF, 0xF5AE, 0xE56D,
    0xE54D, 0xED8E, 0xE56D, 0xE5AE, 0xF610, 0xEDAE, 0xF5CF, 0xF60F, 0xF60F, 0xF610, 0xFE30, 0xFDEF, 0xF60F, 0xFF13, 0xFF56, 0xFFD9,
    0xFFFA, 0xFF98, 0xF715, 0xF6F5, 0xFF56, 0xFF76, 0xFF15, 0xFF56, 0xFF56, 0xFF36, 0xFF56, 0xFF56, 0xFF77, 0xFF56, 0xFF36, 0xFF36,
    0xFF56, 0xFEF5, 0xFF36, 0xFF56, 0xFF97, 0xFFB8, 0xFF77, 0xFF97, 0xFF56, 0xFF15, 0xFF76, 0xFF77, 0xFF56, 0xFF76, 0xFF97, 0xFF76,
    0xFF76, 0xFF55, 0xD468, 0xF6D3, 0xFFF7, 0xFF11, 0xFE0E, 0xF58C, 0xED4B, 0xE50B, 0xE54C, 0xE54D, 0xE58E, 0xEE32, 0xEE11, 0xE5F1,
    0xE5F1, 0xE5F1, 0xDD6E, 0xDD6F, 0xDD6F, 0xDD6F, 0xDD4E, 0xD52D, 0xCC8B, 0xCC6A, 0xCC8B, 0xCCAC, 0xD50E, 0xC46C, 0x89E3, 0xAB06,
    0xB388, 0xBC29, 0xBC4A, 0xC44A, 0xBC4A, 0xC4AB, 0xCD0D, 0xCD2E, 0xD54E, 0xD54E, 0xD56E, 0xD56F, 0xD56F, 0xDD8F, 0xDD8F, 0xD56F,
    0xD56F, 0xDD8F, 0xD56F, 0xDD8F, 0xD56F, 0xD56F, 0xDD8F, 0xDD8F, 0xDD8F, 0xDDB0, 0xDDB0, 0xDDB0, 0xDDB0, 0xE5D0, 0xE5D0, 0xE5D1,
    0xDDD1, 0xDDD1, 0xDDD1, 0xDDD1, 0xDDD1, 0xE5D1, 0xDDB0, 0xDDB0, 0xE5D0, 0xE5CF, 0xE58C, 0xE56B, 0xE56B, 0xE56A, 0xE56A, 0xE58D,
    0xE5D0, 0xDDD0, 0xE5D0, 0xE5F1, 0xE5F1, 0xE5F1, 0xE5F1, 0xE5F1, 0xE5F1, 0xE5F1, 0xE5D1, 0xDDB0, 0xE5D0, 0xE5D0, 0xE5AF, 0xDD6E,
    0xDD4E, 0xEDD0, 0xEDD0, 0xE58F, 0xDD2D, 0xDD2D, 0xDCEC, 0xDCCC, 0xD48B, 0xD4AB, 0xD48B, 0xD4AB, 0xD48B, 0xCC6A, 0xCC6A, 0xD48B,
    0xFF37, 0xFF78, 0xFF57, 0xFF57, 0xFF37, 0xFF57, 0xFF78, 0xFF37, 0xF6F5, 0xEE94, 0xF6B4, 0xF6D4, 0xFF15, 0xFF37, 0xFF37, 0xFF37,
    0xFF36, 0xFF57, 0xFF37, 0xFF56, 0xFF16, 0xFEF6, 0xFF36, 0xFF37, 0xFF37, 0xF716, 0xF716, 0xFF57, 0xFF36, 0xFF16, 0xFF36, 0xF6D5,
    0xEE93, 0xFE93, 0xEDCF, 0xD4CC, 0xE52D, 0xED8F, 0xED8E, 0xE56E, 0xE54E, 0xE52D, 0xDD2D, 0xEDEF, 0xEDCF, 0xF610, 0xE54E, 0xC42A,
    0xCC8A, 0xD4CC, 0xED8F, 0xF5F0, 0xE58E, 0xDD6E, 0xF631, 0xF631, 0xF631, 0xF631, 0xF631, 0xF630, 0xF631, 0xF610, 0xF60F, 0xF630,
    0xFE51, 0xFE71, 0xEE10, 0xF671, 0xFEB2, 0xEDCF, 0xEDCF, 0xF5EF, 0xF5CF, 0xEDAE, 0xE52D, 0xE56D, 0xF5EF, 0xF5EF, 0xF5EF, 0xEDAE,
    0xEDAE, 0xF5EF, 0xEDCE, 0xF60F, 0xF630, 0xF5EF, 0xF5CF, 0xF630, 0xF650, 0xFE91, 0xF650, 0xF5CF, 0xF62F, 0xFE91, 0xFED3, 0xFF57,
    0xFF98, 0xFF97, 0xFF76, 0xFF76, 0xFFB7, 0xFF76, 0xFED4, 0xFF15, 0xF6F5, 0xFF56, 0xF6F5, 0xF6F5, 0xFF36, 0xFF36, 0xFF77, 0xF6B4,
    0xEE73, 0xEE52, 0xEE73, 0xF715, 0xFFB7, 0xFF97, 0xFF56, 0xFF56, 0xFF56, 0xFF15, 0xFF56, 0xFF76, 0xFF56, 0xFF35, 0xFF55, 0xFF76,
    0xFF55, 0xFF55, 0xD468, 0xEED3, 0xFFF6, 0xFEAF, 0xFE0D, 0xFE8E, 0xF64D, 0xED0A, 0xDC89, 0xD469, 0xD489, 0xD4AB, 0xCC8B, 0xCC8B,
    0xD4EC, 0xDD6E, 0xD4CC, 0xCC6A, 0xCC6B, 0xD4AC, 0xCC8B, 0xC44A, 0xCC49, 0xCC49, 0xCC4A, 0xCCAC, 0xD50E, 0xC46C, 0x89E3, 0xAB26,
    0xBBC8, 0xBC6A, 0xBC6A, 0xC4AC, 0xC4AC, 0xC4CC, 0xCD0D, 0xCD2D, 0xD54E, 0xD54E, 0xD56F, 0xD56F, 0xD56F, 0xDD8F, 0xDD8F, 0xDD8F,
    0xDD8F, 0xDD8F, 0xD56F, 0xD58F, 0xD58F, 0xDD8F, 0xDD8F, 0xDD8F, 0xDD8F, 0xDDB0, 0xDDB0, 0xDDB0, 0xDDB0, 0xDDB0, 0xE5D0, 0xE5D1,
    0xDDD1, 0xDDD1, 0xE5D1, 0xE5D1, 0xDDD1, 0xE5D1, 0xE5D1, 0xE5D0, 0xDDB0, 0xE5AF, 0xE58B, 0xE58B, 0xE58B, 0xE56A, 0xE56B, 0xE58D,
    0xE5D0, 0xE5D1, 0xE5D0, 0xE5F1, 0xE5F1, 0xE5F1, 0xE5F1, 0xE5F1, 0xE5F1, 0xE5F1, 0xE612, 0xE5F1, 0xE5D0, 0xE5D0, 0xE5D0, 0xE5F1,
    0xEDF1, 0xEE11, 0xEE12, 0xEDF2, 0xEDF1, 0xDD4E, 0xDD0D, 0xD4CC, 0xD48B, 0xD48B, 0xD48B, 0xCC6A, 0xD48B, 0xD48B, 0xCC8B, 0xCC8B,
    0xFF98, 0xFF98, 0xFF37, 0xFF16, 0xFF37, 0xFF78, 0xFF78, 0xFF37, 0xFF36, 0xF6D5, 0xF6D5, 0xF6F5, 0xFF36, 0xFF36, 0xF716, 0xFF16,
    0xFF37, 0xFF77, 0xFF57, 0xF716, 0xF6D5, 0xF6F6, 0xF716, 0xFF57, 0xFF58, 0xFF78, 0xFF78, 0xFF77, 0xFF37, 0xFF57, 0xFF57, 0xFF16,
    0xF6B4, 0xF693, 0xF631, 0xED8F, 0xEDCF, 0xF5CF, 0xE54E, 0xDCEC, 0xE50D, 0xE54D, 0xF610, 0xF671, 0xFE71, 0xFE71, 0xE54E, 0xD4CC,
    0xDD0C, 0xDD0C, 0xED6E, 0xEDAF, 0xF610, 0xF672, 0xFE92, 0xEDF0, 0xF5F0, 0xF610, 0xF610, 0xF610, 0xEDCF, 0xE5AE, 0xEE0F, 0xF630,
    0xEDEF, 0xF630, 0xFEB2, 0xFEF3, 0xF651, 0xDD2D, 0xE56E, 0xEDCF, 0xE56D, 0xDD2C, 0xED8E, 0xF630, 0xF610, 0xF610, 0xF610, 0xED8E,
    0xF5CF, 0xFE50, 0xF630, 0xF630, 0xF5EF, 0xF5EF, 0xFE50, 0xFE70, 0xFE70, 0xF650, 0xF670, 0xF650, 0xFE50, 0xFE0F, 0xF60F, 0xFF14,
    0xFF36, 0xFF36, 0xFF56, 0xFF76, 0xFF77, 0xFF56, 0xFF36, 0xFF97, 0xFF97, 0xFF97, 0xFF56, 0xFF56, 0xFF56, 0xFF77, 0xFF56, 0xF6F5,
    0xF6B4, 0xF6B4, 0xF6B4, 0xFF36, 0xFF56, 0xFF56, 0xFF56, 0xFF56, 0xFF35, 0xFF35, 0xFF76, 0xFF76, 0xFF76, 0xFF55, 0xFF55, 0xFF96,
    0xFFB6, 0xFF96, 0xD468, 0xF6F4, 0xFFD6, 0xFE8E, 0xFEEF, 0xFF50, 0xFE8E, 0xE50A, 0xE4EA, 0xE4CA, 0xE4EA, 0xDCAA, 0xCC09, 0xCC29,
    0xC3E8, 0xBC08, 0xC3E8, 0xC3C8, 0xC3E8, 0xC409, 0xC409, 0xC409, 0xC449, 0xCC49, 0xCC69, 0xCCAC, 0xD52E, 0xC48C, 0x89E3, 0xBBA8,
    0xC44A, 0xBC8B, 0xBC8B, 0xCD0D, 0xCD2D, 0xCD0D, 0xCD0D, 0xCD2D, 0xD56E, 0xD54E, 0xD56E, 0xD56F, 0xD58F, 0xD56F, 0xDD8F, 0xD58F,
    0xDD8F, 0xDD8F, 0xD56F, 0xD58F, 0xDD8F, 0xDDAF, 0xDD8F, 0xDD8F, 0xDD8F, 0xDDB0, 0xE5B0, 0xDDD0, 0xDDB0, 0xE5D0, 0xE5F1, 0xDDD1,
    0xE5D1, 0xDDD1, 0xDDD1, 0xE5D0, 0xE5D1, 0xE5D1, 0xDDD1, 0xE5D0, 0xE5B0, 0xE5AE, 0xE58C, 0xE58B, 0xE58B, 0xE58B, 0xE5AD, 0xE5CF,
    0xE5D0, 0xE5F1, 0xE5D1, 0xE5F1, 0xE5F1, 0xE5F1, 0xE5F1, 0xE5F1, 0xE5F1, 0xE5F1, 0xE5F1, 0xE5F1, 0xE5F1, 0xE5F1, 0xE5F1, 0xE5F1,
    0xEE11, 0xEE12, 0xEE12, 0xEE12, 0xEE12, 0xE5B0, 0xDD4E, 0xD4CB, 0xD48B, 0xD48B, 0xCC8A, 0xCC6A, 0xD4AB, 0xD4AC, 0xD4CC, 0xD4CC,
    0xFF98, 0xFF78, 0xFF57, 0xFF37, 0xFF57, 0xFF57, 0xFF78, 0xFF37, 0xFF37, 0xFF16, 0xFF16, 0xFF36, 0xFF57, 0xFF16, 0xF6D5, 0xFF36,
    0xFF57, 0xF716, 0xF6B5, 0xEEB5, 0xF6F6, 0xF6F6, 0xF716, 0xFF57, 0xFF57, 0xFF57, 0xFF37, 0xF716, 0xFF57, 0xFF57, 0xFF36, 0xF6F5,
    0xEE93, 0xEE72, 0xFEB3, 0xFE92, 0xFE72, 0xE58E, 0xE54D, 0xE56E, 0xE54D, 0xEDAE, 0xFE71, 0xF691, 0xF651, 0xEDCF, 0xDCEC, 0xE54D,
    0xED8E, 0xE56D, 0xED6D, 0xEDAE, 0xF651, 0xF651, 0xEE31, 0xEDF0, 0xF610, 0xF610, 0xEDEF, 0xEDEF, 0xF5EF, 0xF610, 0xFE71, 0xF630,
    0xEDEF, 0xF630, 0xF671, 0xF651, 0xEDCF, 0xE5AF, 0xE5AE, 0xE58E, 0xEDAF, 0xF610, 0xF651, 0xF60F, 0xF5EF, 0xEDCF, 0xE56D, 0xE54D,
    0xED8E, 0xF5EF, 0xEDEF, 0xF60F, 0xF610, 0xF630, 0xFE70, 0xFE70, 0xF60F, 0xF5EF, 0xFE70, 0xFE91, 0xF60F, 0xF5EF, 0xF630, 0xFED3,
    0xFEF4, 0xFF15, 0xFF15, 0xFF56, 0xFF56, 0xFF76, 0xFF97, 0xFF97, 0xFF97, 0xFF77, 0xFF56, 0xFF77, 0xFF77, 0xFF36, 0xFF15, 0xFEF4,
    0xFEF5, 0xF6B4, 0xF6D4, 0xFF36, 0xFF56, 0xFF56, 0xFF56, 0xFF77, 0xFF56, 0xFF56, 0xFF96, 0xFF56, 0xFF76, 0xFF96, 0xFF96, 0xFF96,
    0xFF96, 0xFF96, 0xD468, 0xF6F5, 0xFFD7, 0xFECF, 0xFF50, 0xFF30, 0xFE6D, 0xE50A, 0xE4EA, 0xE50A, 0xDCC9, 0xDCA9, 0xD469, 0xD469,
    0xCC28, 0xC3C7, 0xC3E7, 0xC3E8, 0xC3E8, 0xC3E8, 0xC408, 0xC429, 0xCC49, 0xCC49, 0xCC49, 0xCC8B, 0xDD4E, 0xC4AC, 0x89E3, 0xB3C9,
    0xC46B, 0xC4AC, 0xC4CC, 0xCD2D, 0xCD0D, 0xCD0D, 0xD52E, 0xD56E, 0xD56E, 0xD54E, 0xD58F, 0xDD8F, 0xD56E, 0xD56E, 0xDDAF, 0xDD8F,
    0xDDAF, 0xDDAF, 0xDD8F, 0xD58F, 0xDD8F, 0xDDAF, 0xDDAF, 0xDDB0, 0xDDB0, 0xDDB0, 0xE5D0, 0xDDB0, 0xDDB0, 0xE5D1, 0xE5D1, 0xE5D1,
    0xE5D1, 0xE5D1, 0xDDD0, 0xE5D0, 0xE5D0, 0xDDD0, 0xDDB0, 0xE5D0, 0xE5AE, 0xE58D, 0xE58B, 0xE58B, 0xE58B, 0xE58A, 0xE5AE, 0xE5D0,
    0xE5F1, 0xE5F1, 0xE5F1, 0xE5F1, 0xE5F1, 0xE5F1, 0xE5F1, 0xE5F1, 0xE5F1, 0xE5F1, 0xE5F1, 0xE5F1, 0xE5F1, 0xEE11, 0xEE12, 0xEE12,
    0xEE32, 0xEE12, 0xEE32, 0xEE32, 0xEE13, 0xEE32, 0xE5B0, 0xE56F, 0xE56F, 0xDD0D, 0xCCAB, 0xCC6A, 0xD4AB, 0xD4CC, 0xD4AC, 0xD4CC,
    0xFF37, 0xFF37, 0xFF57, 0xFF37, 0xFF37, 0xFF16, 0xFF16, 0xF6F6, 0xF6F6, 0xFF16, 0xFF37, 0xFF57, 0xFF57, 0xF716, 0xFF57, 0xFF37,
    0xF6F5, 0xEE94, 0xF6B5, 0xFF16, 0xFF78, 0xFF78, 0xFF78, 0xFF78, 0xFF78, 0xFF78, 0xFF57, 0xFF37, 0xFF57, 0xFF57, 0xFF16, 0xEE93,
    0xEE73, 0xF693, 0xFEB3, 0xF671, 0xEDF0, 0xEE10, 0xEDEF, 0xEDAE, 0xEDAE, 0xF630, 0xF650, 0xF651, 0xF610, 0xE56E, 0xDD0C, 0xDD0C,
    0xDCEC, 0xDCEC, 0xE50C, 0xEDAE, 0xEDCF, 0xE54D, 0xEDAF, 0xEDCF, 0xEDCF, 0xEDCF, 0xF5EF, 0xF610, 0xF610, 0xF5EF, 0xEDEF, 0xEDCF,
    0xEDCE, 0xEDCF, 0xF630, 0xF650, 0xF610, 0xF630, 0xEE10, 0xF610, 0xF630, 0xF610, 0xEDCE, 0xDD2C, 0xE54D, 0xEDAE, 0xED8E, 0xED6D,
    0xF5EF, 0xF610, 0xEDCF, 0xF630, 0xF610, 0xEE0F, 0xF670, 0xFE71, 0xF5EF, 0xF5EF, 0xFE91, 0xFED2, 0xF630, 0xF5EF, 0xF610, 0xFED3,
    0xFF56, 0xFF15, 0xFF15, 0xFF56, 0xFF97, 0xFFB7, 0xFF97, 0xFFB8, 0xFF77, 0xFF56, 0xFF56, 0xFF15, 0xFF57, 0xFF36, 0xFF35, 0xFEF5,
    0xF6D4, 0xEE73, 0xF6B4, 0xFF56, 0xFF97, 0xFF56, 0xFF56, 0xFF97, 0xFF76, 0xFF56, 0xFF97, 0xFF76, 0xFF76, 0xFF96, 0xFF96, 0xFF76,
    0xFF76, 0xFF96, 0xDC89, 0xEEF4, 0xFFF9, 0xFF93, 0xFF92, 0xFF30, 0xF5EC, 0xE4EA, 0xE4EA, 0xDCA9, 0xD427, 0xCC07, 0xCBE7, 0xC3E7,
    0xC3E7, 0xC3E7, 0xC3E7, 0xC3E7, 0xC3C7, 0xBBA6, 0xC408, 0xC449, 0xCC49, 0xCC49, 0xCC49, 0xCC8B, 0xDD4E, 0xCCAC, 0x81E3, 0xB3C9,
    0xC46A, 0xC4CC, 0xCD0D, 0xCD2D, 0xCD2D, 0xCD0D, 0xD54E, 0xDD8F, 0xD54E, 0xD54E, 0xDDAF, 0xDDAF, 0xDD8F, 0xD58F, 0xDD8F, 0xDD8F,
    0xDD8F, 0xDDAF, 0xDDAF, 0xDD8F, 0xDD8F, 0xDDAF, 0xDD8F, 0xDDB0, 0xDDB0, 0xE5D0, 0xE5D0, 0xDDD0, 0xE5D0, 0xE5D1, 0xE5F1, 0xE5F1,
    0xE5D1, 0xE5D1, 0xE5D0, 0xDDD0, 0xDDD1, 0xE5D1, 0xE5B0, 0xE5AF, 0xE58D, 0xE58B, 0xE58B, 0xE58B, 0xE58B, 0xE58B, 0xE5AE, 0xE5D1,
    0xE5D0, 0xE5F1, 0xE5F1, 0xE5F1, 0xE5F1, 0xE5F1, 0xE612, 0xE611, 0xE612, 0xE5F1, 0xE611, 0xE612, 0xE612, 0xEE12, 0xEE12, 0xEE12,
    0xEE12, 0xEE12, 0xEE12, 0xEE32, 0xEE33, 0xEE32, 0xEE12, 0xEE32, 0xEE32, 0xE5D1, 0xE58F, 0xCCAC, 0xD4CC, 0xD4EC, 0xD4EC, 0xD4CC,
    0xFF36, 0xFF57, 0xFF37, 0xFF16, 0xFF37, 0xFF77, 0xFF57, 0xFF36, 0xFF37, 0xFF37, 0xFF16, 0xFF37, 0xFF57, 0xFF37, 0xFF16, 0xF6F6,
    0xF6D5, 0xEEB5, 0xF6F6, 0xFF57, 0xFF57, 0xFF37, 0xFF37, 0xFF57, 0xFF37, 0xFF37, 0xFF37, 0xFF37, 0xFF36, 0xF716, 0xF6F5, 0xF6B4,
    0xF6B4, 0xF6D4, 0xFED4, 0xF651, 0xE56E, 0xF630, 0xEDCF, 0xE58E, 0xEDAE, 0xE5AE, 0xF610, 0xF630, 0xE58D, 0xDD2D, 0xE54E, 0xD4AB,
    0xCC4A, 0xD4AB, 0xE50C, 0xED8E, 0xED6E, 0xED6D, 0xF610, 0xEDCF, 0xF60F, 0xF5EF, 0xF5EF, 0xF5EF, 0xF5EF, 0xEDCF, 0xF5EF, 0xF5EF,
    0xEDAE, 0xE58D, 0xEDAE, 0xF671, 0xF630, 0xEDEF, 0xF5F0, 0xF610, 0xF610, 0xEDCF, 0xE56D, 0xE56D, 0xEDCE, 0xF630, 0xEDEF, 0xF60F,
    0xFE91, 0xF650, 0xF5EF, 0xF630, 0xF650, 0xFE91, 0xFEB1, 0xF630, 0xEDCE, 0xEDAE, 0xF630, 0xFEB1, 0xFE91, 0xFE30, 0xF60F, 0xFEF4,
    0xFFB8, 0xFF36, 0xFF15, 0xFF56, 0xFF97, 0xFFB7, 0xFF97, 0xFFD8, 0xFFB8, 0xFF97, 0xFF56, 0xFF15, 0xFF36, 0xFF56, 0xFF56, 0xFF15,
    0xF6D4, 0xF6F5, 0xFF36, 0xFF97, 0xFF97, 0xFF77, 0xFFB8, 0xFFB8, 0xFF56, 0xFF97, 0xFFD7, 0xFF76, 0xFF76, 0xFF55, 0xFF55, 0xFF55,
    0xFF96, 0xFFB7, 0xDC69, 0xF6F3, 0xFFF8, 0xFFD7, 0xFF94, 0xFF10, 0xEDCC, 0xE4CA, 0xE4CA, 0xCC07, 0xCBE7, 0xCC07, 0xC3E7, 0xC3C7,
    0xC3C7, 0xC3E7, 0xC3E7, 0xCBE7, 0xC3C7, 0xB365, 0xC408, 0xCC49, 0xCC49, 0xCC69, 0xCC49, 0xCC8B, 0xDD6E, 0xCC8C, 0x81E3, 0xB3C9,
    0xC48B, 0xC4CC, 0xCD2D, 0xCD2D, 0xD52E, 0xCD2D, 0xD54E, 0xDD8F, 0xDD8F, 0xD56F, 0xDD8F, 0xDD8F, 0xDD8F, 0xDDAF, 0xDD8F, 0xDD8F,
    0xDDAF, 0xDD8F, 0xDDAF, 0xDDAF, 0xDDAF, 0xDDB0, 0xDDB0, 0xDDB0, 0xDDB0, 0xE5D0, 0xE5D0, 0xE5D0, 0xE5D0, 0xE5F1, 0xE5D1, 0xE5F1,
    0xE5F1, 0xE5D1, 0xE5D1, 0xE5D1, 0xDDD1, 0xE5D1, 0xE5D0, 0xE5AE, 0xE58B, 0xE56A, 0xE58B, 0xE58B, 0xE58B, 0xE56B, 0xE5AE, 0xE5D1,
    0xE5D1, 0xE5F1, 0xE5F1, 0xE5F1, 0xE5F1, 0xE612, 0xE612, 0xE5F1, 0xE612, 0xE612, 0xE612, 0xE612, 0xEE12, 0xEE12, 0xEE32, 0xEE12,
    0xEE12, 0xEE32, 0xEE32, 0xEE33, 0xEE33, 0xEE33, 0xEE33, 0xEE32, 0xEE33, 0xEE12, 0xEE12, 0xE5D1, 0xE5D1, 0xE5F1, 0xD54E, 0xD4CC,
    0xFF98, 0xFF98, 0xFF36, 0xFF36, 0xFF37, 0xFF36, 0xFF36, 0xFF16, 0xFF16, 0xF716, 0xF6F6, 0xF6F6, 0xF6F6, 0xF6F6, 0xF716, 0xFF57,
    0xFF77, 0xFF78, 0xFF78, 0xFF57, 0xFF36, 0xFF36, 0xFF16, 0xFF37, 0xFF57, 0xFF16, 0xF716, 0xF716, 0xFF36, 0xFF36, 0xFF16, 0xF6F5,
    0xEEB4, 0xFF16, 0xFF36, 0xF632, 0xEDCF, 0xF5F0, 0xDD2D, 0xDD2D, 0xEDCF, 0xE5AE, 0xEE0F, 0xFEB1, 0xEE0F, 0xE58E, 0xE52D, 0xDCCC,
    0xD48B, 0xD48B, 0xED6E, 0xEDAE, 0xED8E, 0xEDCE, 0xFEB1, 0xFEB1, 0xFED1, 0xF670, 0xF650, 0xFE70, 0xFE70, 0xF650, 0xF630, 0xE5AE,
    0xEDEF, 0xF692, 0xF651, 0xF630, 0xEDF0, 0xF5F0, 0xF5F0, 0xEDEF, 0xF5EF, 0xE58E, 0xDD0C, 0xDD0C, 0xEDAE, 0xFE50, 0xFE50, 0xFE71,
    0xFEB1, 0xFEB2, 0xFE51, 0xFEB2, 0xFED2, 0xFE71, 0xEDAE, 0xED8E, 0xF60F, 0xF5CE, 0xF60F, 0xFE50, 0xFE70, 0xF5EF, 0xF630, 0xFF14,
    0xFF56, 0xFF77, 0xFF76, 0xFF77, 0xFF97, 0xFF76, 0xFF56, 0xFF36, 0xF715, 0xFF36, 0xFF56, 0xFF15, 0xFEF5, 0xF6B4, 0xEEB4, 0xF6B4,
    0xF6F5, 0xFF35, 0xFF56, 0xFF77, 0xFF97, 0xFF97, 0xFFB8, 0xFF36, 0xF715, 0xFF56, 0xFF97, 0xFF97, 0xFF56, 0xFF35, 0xFF55, 0xFF55,
    0xFF97, 0xFFB7, 0xD428, 0xEED3, 0xFFF9, 0xFFD6, 0xFFB5, 0xEE2F, 0xDCEA, 0xE4EA, 0xDCA9, 0xCBE7, 0xCBE7, 0xCC07, 0xC3C6, 0xC3A6,
    0xC3E7, 0xC3C7, 0xC3C7, 0xC3E7, 0xCC08, 0xC3C7, 0xBB86, 0xCC69, 0xCC69, 0xCC49, 0xCC69, 0xCCAB, 0xDD6F, 0xCCCD, 0x79A2, 0xB3C9,
    0xC48B, 0xC4CC, 0xCD0D, 0xCD2D, 0xCD0D, 0xCD2D, 0xD56E, 0xDD8F, 0xDDAF, 0xDD8F, 0xDD8F, 0xDDAF, 0xDD8F, 0xDD8F, 0xDDAF, 0xDDB0,
    0xDDAF, 0xD58F, 0xDDAF, 0xDDD0, 0xDDAF, 0xDDCF, 0xE5D0, 0xE5D0, 0xE5D0, 0xE5D0, 0xE5D0, 0xE5D0, 0xE5D1, 0xE5F1, 0xE5D1, 0xE5F1,
    0xE5F1, 0xE5F1, 0xE5D1, 0xE5D1, 0xE5D1, 0xE5D1, 0xE5D0, 0xE5AF, 0xE58C, 0xE56A, 0xE56B, 0xE58B, 0xE58B, 0xEDAE, 0xE5D0, 0xE5D1,
    0xE5F1, 0xE5F1, 0xE5F1, 0xE5F1, 0xE5F1, 0xE611, 0xE5F1, 0xE5F1, 0xEE12, 0xEE12, 0xEE12, 0xEE12, 0xEE12, 0xEE12, 0xEE32, 0xEE32,
    0xEE32, 0xEE32, 0xEE33, 0xEE33, 0xEE33, 0xEE33, 0xEE33, 0xEE33, 0xEE32, 0xEDF2, 0xE5F2, 0xE612, 0xE612, 0xEE12, 0xD54F, 0xCCED,
    0xFF57, 0xF716, 0xFF36, 0xF6F5, 0xF6B5, 0xF6D5, 0xF6D5, 0xEEB5, 0xEEB5, 0xFF16, 0xFF37, 0xFF36, 0xFF36, 0xFF37, 0xF716, 0xFF57,
    0xFF37, 0xFF78, 0xFF77, 0xF716, 0xFF36, 0xFF16, 0xFF57, 0xFF57, 0xF6D5, 0xF716, 0xFF37, 0xFF37, 0xFF37, 0xFF37, 0xFF37, 0xFF37,
    0xF715, 0xFF56, 0xFF15, 0xF672, 0xF631, 0xE58E, 0xDCEC, 0xDD2D, 0xEDCE, 0xE5AE, 0xF630, 0xF6B1, 0xE5AE, 0xE5AE, 0xE56D, 0xDCCC,
    0xD48B, 0xDCCB, 0xEDAE, 0xEDCE, 0xF60F, 0xFE71, 0xFED2, 0xFEB1, 0xFE71, 0xFE71, 0xFE71, 0xF60F, 0xF630, 0xF610, 0xF60F, 0xEDEF,
    0xF630, 0xFEB2, 0xEE10, 0xEDAE, 0xEDEF, 0xF630, 0xEDAF, 0xE56D, 0xE5AE, 0xDD2C, 0xEDAE, 0xEDEF, 0xF60F, 0xF630, 0xF60F, 0xF630,
    0xFE91, 0xFE91, 0xFE71, 0xFE91, 0xF630, 0xF5EF, 0xED8E, 0xED8E, 0xF5CF, 0xF5CF, 0xF5CF, 0xF5EF, 0xF610, 0xFE0F, 0xF5CF, 0xF650,
    0xFED3, 0xFF14, 0xFF15, 0xFF97, 0xFF97, 0xFF76, 0xFF77, 0xFF77, 0xFF77, 0xFF56, 0xFF36, 0xF6B4, 0xF694, 0xF6B4, 0xF6F5, 0xF6F5,
    0xFF56, 0xFF56, 0xFF56, 0xFF77, 0xFF56, 0xFF36, 0xFF77, 0xFF56, 0xFF76, 0xFF97, 0xFF76, 0xFF76, 0xFF55, 0xFF55, 0xFF76, 0xFF96,
    0xFF96, 0xFF96, 0xEE51, 0xD52D, 0xD58F, 0xFFF8, 0xFFB6, 0xF64F, 0xE4CB, 0xE4EA, 0xDCAA, 0xD468, 0xD448, 0xD428, 0xBB65, 0xBB65,
    0xCC07, 0xCC28, 0xCC07, 0xC3E7, 0xCC08, 0xCBE8, 0xBB86, 0xD4CA, 0xDCEB, 0xD4CB, 0xD4AA, 0xD4CC, 0xD50D, 0xA348, 0x9264, 0xB409,
    0xC4AC, 0xCCED, 0xCD0D, 0xD52E, 0xCD2D, 0xD56F, 0xDD8F, 0xDD8F, 0xDDAF, 0xDDAF, 0xDDB0, 0xDDAF, 0xDDAF, 0xDDAF, 0xDD8F, 0xDDB0,
    0xDDAF, 0xDD8F, 0xDDAF, 0xDDAF, 0xE5D0, 0xDDCF, 0xE5D0, 0xE5D1, 0xE5D1, 0xE5D0, 0xE5D0, 0xE5D1, 0xE5D1, 0xE5D1, 0xE5D1, 0xE5D1,
    0xE5F1, 0xE5F1, 0xE5F1, 0xE5D1, 0xE5F1, 0xE5D1, 0xE5D0, 0xE5AF, 0xE58C, 0xE58B, 0xE58B, 0xE58B, 0xE58C, 0xE5F0, 0xE5F1, 0xE5F1,
    0xE5F1, 0xE5F1, 0xE5F1, 0xE5F1, 0xE5F1, 0xE611, 0xE5F1, 0xEE11, 0xEE11, 0xEE11, 0xEE12, 0xEE12, 0xEE12, 0xEE12, 0xEE32, 0xEE32,
    0xEE32, 0xF633, 0xEE33, 0xEE53, 0xEE53, 0xEE53, 0xEE53, 0xEE33, 0xEE33, 0xEE33, 0xEE12, 0xE5F1, 0xE612, 0xEE33, 0xD54F, 0xABC9,
    0xFF36, 0xFF56, 0xFF57, 0xFF57, 0xFF57, 0xFF57, 0xFF36, 0xFF37, 0xFF57, 0xFF78, 0xFF78, 0xFF37, 0xFF37, 0xF716, 0xF6F6, 0xF716,
    0xFF57, 0xFF77, 0xFF57, 0xFF16, 0xFF16, 0xF6F6, 0xFF37, 0xF6F6, 0xEEB5, 0xFF37, 0xFF37, 0xF6F6, 0xF716, 0xF716, 0xFF37, 0xFF57,
    0xFF57, 0xFF57, 0xF6B4, 0xEDF0, 0xEDF0, 0xD50C, 0xD4CB, 0xDCEC, 0xEDAE, 0xEDAE, 0xEDEF, 0xEE0F, 0xDD6D, 0xEDAE, 0xDD2D, 0xD46B,
    0xDCEC, 0xEDAE, 0xE54D, 0xDD4D, 0xEDEF, 0xF650, 0xF671, 0xFE91, 0xFE50, 0xF60F, 0xF610, 0xF60F, 0xF610, 0xF5CF, 0xF5EF, 0xFE51,
    0xFE50, 0xFE51, 0xEDCF, 0xF610, 0xF651, 0xF651, 0xEDCF, 0xEDEF, 0xFE92, 0xF650, 0xF60F, 0xF60F, 0xF60F, 0xF60F, 0xF60F, 0xF5EF,
    0xF5EF, 0xFE30, 0xFE71, 0xFE70, 0xF5EF, 0xF5EF, 0xEDAE, 0xEDAE, 0xF5CF, 0xF5AE, 0xF5CF, 0xFE30, 0xFE10, 0xF5EF, 0xF5EF, 0xF5EF,
    0xFE91, 0xFF14, 0xFF56, 0xFF35, 0xFF77, 0xFFB8, 0xFFB8, 0xFFB8, 0xFF98, 0xFF77, 0xFF56, 0xFF16, 0xFF15, 0xFF56, 0xFF36, 0xFF16,
    0xFF56, 0xFF36, 0xFF36, 0xFF77, 0xFF97, 0xFF77, 0xFFB8, 0xFF97, 0xFF97, 0xFF76, 0xFED3, 0xFEB3, 0xFED3, 0xFEF3, 0xFF54, 0xFF74,
    0xFEB1, 0xFE90, 0xFF53, 0xE50B, 0xD4AB, 0xFFB6, 0xFF96, 0xF650, 0xE50B, 0xE52B, 0xDD0B, 0xDD0A, 0xE50B, 0xDCAA, 0xBB85, 0xBB65,
    0xCC28, 0xD489, 0xD489, 0xCC28, 0xCC28, 0xC408, 0xB386, 0xD4CA, 0xE58E, 0xE56D, 0xD4EB, 0xDD6E, 0xDD2E, 0x8A23, 0xBC2A, 0xC48B,
    0xC4AC, 0xCD2E, 0xCCED, 0xD54E, 0xD56F, 0xDD8F, 0xDD8F, 0xDDAF, 0xDDAF, 0xDDD0, 0xDDD0, 0xDDB0, 0xDDB0, 0xDDAF, 0xDD8F, 0xDDB0,
    0xDDB0, 0xDDAF, 0xDDAF, 0xDDB0, 0xE5D0, 0xDDB0, 0xE5D0, 0xE5D1, 0xE5D0, 0xE5D0, 0xE5D1, 0xE5F1, 0xE5F1, 0xE5D1, 0xE5F1, 0xE5F1,
    0xE5F1, 0xE5F1, 0xE5D1, 0xE5F1, 0xE5F1, 0xE5F1, 0xE5D0, 0xE5AE, 0xE58C, 0xE58B, 0xE56B, 0xE58B, 0xEDAC, 0xEDF0, 0xE5F1, 0xE5F1,
    0xE5F1, 0xE611, 0xE5F1, 0xE5F1, 0xE611, 0xEE11, 0xEE11, 0xEE11, 0xEE11, 0xEE11, 0xEE12, 0xEE12, 0xEE12, 0xEE12, 0xEE32, 0xEE32,
    0xEE32, 0xF653, 0xF673, 0xF673, 0xF653, 0xEE53, 0xEE53, 0xEE53, 0xEE53, 0xEE53, 0xEE33, 0xEE33, 0xEE32, 0xEE53, 0xCD2F, 0x8B06,
    0xFEF4, 0xFF15, 0xFF15, 0xFF15, 0xF716, 0xF716, 0xFF16, 0xFF37, 0xFF99, 0xFF98, 0xFF37, 0xF6F6, 0xF6F6, 0xF6F6, 0xF716, 0xFF37,
    0xFF37, 0xFF37, 0xFF57, 0xFF57, 0xFF57, 0xFF37, 0xF6D5, 0xFF16, 0xFF77, 0xFF78, 0xFF77, 0xFF36, 0xFF37, 0xFF57, 0xFF77, 0xFF36,
    0xF716, 0xFF56, 0xF693, 0xEDF0, 0xEDCF, 0xE58F, 0xE54D, 0xDCEC, 0xEDAE, 0xED8E, 0xED6D, 0xEDAE, 0xEDAE, 0xD4EC, 0xD4AC, 0xCC6B,
    0xDCEC, 0xEDAE, 0xE58E, 0xFE71, 0xEE10, 0xF630, 0xFE91, 0xFE71, 0xEDCF, 0xF5EF, 0xFE71, 0xFEB2, 0xEDAF, 0xDD4D, 0xF5F0, 0xF651,
    0xFE51, 0xFE51, 0xFE51, 0xF610, 0xF631, 0xFE71, 0xF5EF, 0xF630, 0xFED3, 0xEE10, 0xE56D, 0xEDCE, 0xF60F, 0xF5EF, 0xF5CF, 0xF5EF,
    0xF5EF, 0xF5EF, 0xEDEF, 0xF630, 0xF60F, 0xF5EF, 0xF60F, 0xF60F, 0xFE50, 0xFE30, 0xFE50, 0xFE50, 0xFE0F, 0xF5CF, 0xFE10, 0xF60F,
    0xF692, 0xFF77, 0xFF77, 0xFF56, 0xFF77, 0xFF77, 0xFF98, 0xFF77, 0xFF77, 0xFF56, 0xFF36, 0xFF16, 0xFF16, 0xFF56, 0xFF56, 0xFF77,
    0xFF56, 0xFF56, 0xFF56, 0xFF77, 0xFFB8, 0xFFB7, 0xFF76, 0xFF14, 0xFF95, 0xFF55, 0xFEF3, 0xFED2, 0xFE71, 0xFEB1, 0xFED1, 0xFED1,
    0xFE70, 0xFE4F, 0xFE90, 0xED6D, 0xBB67, 0xDE10, 0xFFF7, 0xEE10, 0xED6D, 0xF60F, 0xEDEE, 0xEDEE, 0xEDCE, 0xEDCD, 0xD4AA, 0xC3C7,
    0xDD0C, 0xDCEB, 0xD4CA, 0xD489, 0xD4AA, 0xCC49, 0xBBC7, 0xD4EB, 0xE5D0, 0xE58F, 0xE58F, 0xDD90, 0xC4AD, 0x8224, 0xB409, 0xC4AC,
    0xCCCC, 0xD52E, 0xCD0D, 0xDD8F, 0xDD8F, 0xDD90, 0xDD8F, 0xDDAF, 0xDDB0, 0xDDB0, 0xDDD0, 0xDDB0, 0xDDD0, 0xDD90, 0xDD8F, 0xDD8F,
    0xDDB0, 0xDDB0, 0xDDB0, 0xE5D0, 0xE5D0, 0xDDB0, 0xE5D0, 0xE5D0, 0xE5D0, 0xE5D0, 0xE5F1, 0xE5F1, 0xE5F1, 0xE5F1, 0xE5F1, 0xE5F1,
    0xE5F1, 0xE5F1, 0xE5F1, 0xE5F1, 0xE5F1, 0xE611, 0xE5CF, 0xE58C, 0xED8C, 0xE58B, 0xE56B, 0xE58B, 0xE5AC, 0xE5D0, 0xE5F1, 0xE5F1,
    0xE5F1, 0xE611, 0xE5F1, 0xE611, 0xEE32, 0xEE12, 0xEE12, 0xEE32, 0xEE32, 0xEE32, 0xEE32, 0xEE32, 0xEE32, 0xEE32, 0xEE32, 0xEE32,
    0xF633, 0xFE72, 0xFF15, 0xFF35, 0xF693, 0xEE53, 0xEE53, 0xEE53, 0xEE33, 0xEE33, 0xEE53, 0xEE53, 0xEE33, 0xEE73, 0xD54F, 0x9347,
    0xFEF3, 0xFEF3, 0xFED3, 0xF6D4, 0xFF36, 0xFF16, 0xF6F5, 0xFF78, 0xFF99, 0xF737, 0xF716, 0xFF37, 0xFF16, 0xFF57, 0xFF57, 0xFF37,
    0xFF16, 0xF737, 0xFF98, 0xFF78, 0xFF57, 0xFF16, 0xFEF6, 0xFF57, 0xFF37, 0xFF37, 0xFF37, 0xFF37, 0xFF37, 0xFF37, 0xFF16, 0xF6F5,
    0xFF36, 0xFF56, 0xFF36, 0xF672, 0xEDEF, 0xF610, 0xED8E, 0xE56D, 0xEDCF, 0xE52D, 0xDCCB, 0xDD2C, 0xE54D, 0xC44A, 0xDCEC, 0xE54E,
    0xE52D, 0xD4CC, 0xED8E, 0xFEB2, 0xF630, 0xF671, 0xFEF2, 0xFE71, 0xF5EF, 0xF5EF, 0xF650, 0xF610, 0xEDCF, 0xEDCF, 0xF630, 0xF631,
    0xF630, 0xFE51, 0xFE71, 0xEDCF, 0xF610, 0xF5F0, 0xE56D, 0xE54D, 0xE58E, 0xE56E, 0xDD0C, 0xEDEE, 0xFE71, 0xF60F, 0xEDCE, 0xF5EF,
    0xEDCE, 0xEDAE, 0xF5EF, 0xFE50, 0xF60F, 0xF630, 0xFE70, 0xFE70, 0xFEB1, 0xFE91, 0xFEB2, 0xFE91, 0xFE71, 0xF5AE, 0xE54D, 0xED8E,
    0xF630, 0xFF36, 0xFF77, 0xFF98, 0xFF98, 0xFF77, 0xFF77, 0xFF57, 0xF716, 0xF716, 0xFF57, 0xFF36, 0xFF56, 0xFF56, 0xFF15, 0xFF77,
    0xFF77, 0xFF97, 0xFF76, 0xFF56, 0xFF34, 0xFF13, 0xFEF3, 0xFEB1, 0xFF13, 0xFEF3, 0xFEF2, 0xFEF2, 0xFE50, 0xFEF2, 0xFED1, 0xFE70,
    0xFE90, 0xFEB0, 0xFE4F, 0xFE0E, 0xCC08, 0xD4ED, 0xF6D3, 0xEE10, 0xEDF0, 0xF692, 0xF672, 0xF672, 0xF672, 0xF672, 0xDD2D, 0xC429,
    0xEE31, 0xEDF1, 0xDD6E, 0xD4CB, 0xD4AA, 0xD4CB, 0xCC6A, 0xD4CC, 0xE5F1, 0xE5B1, 0xEE12, 0xD54F, 0x8A44, 0xA347, 0xBC6B, 0xC4AC,
    0xCCED, 0xD54E, 0xD56E, 0xDD8F, 0xDDB0, 0xDDB0, 0xDDB0, 0xDDAF, 0xDDB0, 0xDDB0, 0xDDB0, 0xDDB0, 0xDDD0, 0xDDB0, 0xDD90, 0xDDB0,
    0xDDB0, 0xDDB0, 0xDDB0, 0xE5D0, 0xDDB0, 0xDDB0, 0xE5D0, 0xE5D0, 0xE5F1, 0xE5F1, 0xE5F1, 0xE5D1, 0xE5D1, 0xE5F1, 0xE5D1, 0xE5F1,
    0xE5F1, 0xE5F1, 0xE5F1, 0xE5F1, 0xE5D0, 0xE5CF, 0xE5CE, 0xED8C, 0xEDAC, 0xED8C, 0xED8B, 0xE58B, 0xE5CC, 0xE5CF, 0xE5F1, 0xE5F1,
    0xE5F1, 0xE611, 0xEE11, 0xEE11, 0xEE32, 0xF631, 0xF632, 0xF632, 0xF632, 0xF632, 0xF652, 0xF652, 0xF632, 0xF632, 0xEE32, 0xEE32,
    0xF632, 0xFED2, 0xFFDA, 0xFFFA, 0xFEF3, 0xF653, 0xEE53, 0xEE53, 0xEE53, 0xEE53, 0xEE33, 0xEE53, 0xEE33, 0xEE53, 0xDDB1, 0xBCAC,
    0xFF12, 0xFEF2, 0xFED3, 0xFF14, 0xFEF4, 0xFEF5, 0xF6F5, 0xFF36, 0xFF36, 0xFF16, 0xFF37, 0xFF37, 0xFF37, 0xF716, 0xF6F5, 0xFF16,
    0xFF57, 0xFF98, 0xFF78, 0xFF57, 0xF716, 0xF6D5, 0xF6B5, 0xF6D5, 0xFF36, 0xFF37, 0xFF37, 0xFF37, 0xF6F6, 0xF6D5, 0xF716, 0xFF57,
    0xFF36, 0xF6D5, 0xF6D4, 0xF6B3, 0xFEB3, 0xEE10, 0xE52D, 0xDD2D, 0xEDAE, 0xD4CB, 0xCC49, 0xCC6A, 0xD4CC, 0xCC6A, 0xE52D, 0xDD0D,
    0xDCEC, 0xDCEC, 0xF5CF, 0xF650, 0xF630, 0xFED2, 0xFF54, 0xFED3, 0xF610, 0xEDCF, 0xF5F0, 0xEDCF, 0xF630, 0xFE71, 0xFE51, 0xFE71,
    0xFE91, 0xFE71, 0xF630, 0xEDCF, 0xF610, 0xEDCF, 0xEDAF, 0xE58E, 0xD4EC, 0xDD0C, 0xE58E, 0xEDCE, 0xEDAE, 0xEDCE, 0xF630, 0xF5EF,
    0xEDCE, 0xE56D, 0xE58D, 0xEDAE, 0xEDAE, 0xF60F, 0xF60F, 0xFE50, 0xFE50, 0xF60F, 0xF610, 0xF5EF, 0xED8E, 0xE54D, 0xED6E, 0xF5EF,
    0xF610, 0xFEF4, 0xFF77, 0xFF97, 0xFF57, 0xFF57, 0xFF57, 0xFF57, 0xFF36, 0xFF36, 0xFF57, 0xFF57, 0xFF56, 0xFF15, 0xFEF5, 0xFF56,
    0xFF35, 0xFEF4, 0xF6D3, 0xFF34, 0xFF34, 0xFEB1, 0xFE90, 0xFE90, 0xFED1, 0xFEF2, 0xFE91, 0xFE71, 0xFE70, 0xFEB1, 0xFE70, 0xFE70,
    0xFE70, 0xFE4F, 0xFE4F, 0xFDEE, 0xF58D, 0xCC08, 0xB306, 0xCCAC, 0xFED3, 0xFEB4, 0xF6B5, 0xF6B5, 0xF6B5, 0xF6B4, 0xEDF1, 0xCCCC,
    0xEE32, 0xEE12, 0xEE12, 0xDD4E, 0xD4CC, 0xD4EC, 0xCC8B, 0xCCED, 0xE5F1, 0xE5B0, 0xDDB0, 0xCCCE, 0x9AC6, 0xCCAB, 0xC48C, 0xC4AC,
    0xCD2D, 0xCD2E, 0xD56F, 0xDD8F, 0xDDB0, 0xDDB0, 0xDDB0, 0xDDB0, 0xDDB0, 0xDDB0, 0xDDB0, 0xDDB0, 0xDDB0, 0xDDD0, 0xDDB0, 0xDDB0,
    0xDDB0, 0xDDB0, 0xDDB0, 0xDDB0, 0xDDB0, 0xE5D0, 0xDDD0, 0xE5D0, 0xE5F1, 0xE5F1, 0xE5D0, 0xE5D0, 0xE5D1, 0xE5F1, 0xE5F1, 0xE5F1,
    0xE5F1, 0xE5D1, 0xE5F1, 0xE5F1, 0xE5CF, 0xE58C, 0xE58C, 0xE5AB, 0xE58B, 0xED8C, 0xED8B, 0xED8C, 0xE5CF, 0xE5D0, 0xE5F1, 0xE5F1,
    0xE5F1, 0xEDF1, 0xEE11, 0xEE11, 0xF651, 0xFE72, 0xFE72, 0xFE72, 0xF652, 0xF652, 0xF652, 0xF652, 0xF632, 0xF632, 0xF632, 0xF632,
    0xF652, 0xFE92, 0xFF95, 0xFF76, 0xFE93, 0xF653, 0xEE53, 0xF653, 0xEE53, 0xEE53, 0xEE53, 0xEE53, 0xEE53, 0xEE53, 0xD54F, 0xC4CD,
    0xFEB0, 0xF68F, 0xFEB1, 0xFEF2, 0xFED3, 0xFF14, 0xFED4, 0xFED4, 0xFEF5, 0xFF15, 0xFF16, 0xFF17, 0xFF36, 0xFF16, 0xFF37, 0xFF36,
    0xFF37, 0xFF37, 0xFF37, 0xFF37, 0xFF37, 0xFF16, 0xF6D5, 0xF6B5, 0xF6B5, 0xF716, 0xFF77, 0xFF57, 0xF6F5, 0xFF36, 0xFF57, 0xFF77,
    0xF6F5, 0xEE93, 0xF6B3, 0xEE31, 0xF672, 0xEDF0, 0xED6E, 0xE54D, 0xE56E, 0xDCEB, 0xE50C, 0xED8E, 0xED8E, 0xED6E, 0xE52D, 0xDD0C,
    0xDCEC, 0xDD2D, 0xEDAF, 0xEDAE, 0xF630, 0xFED2, 0xFEF3, 0xFEB2, 0xF671, 0xFE71, 0xF610, 0xF631, 0xF651, 0xFE71, 0xF610, 0xF651,
    0xF651, 0xEDEF, 0xF610, 0xF5F0, 0xF650, 0xFE71, 0xF631, 0xE56E, 0xE52D, 0xE52D, 0xED6E, 0xED8E, 0xDCCC, 0xE52D, 0xF5EF, 0xEDCE,
    0xEDAE, 0xED8E, 0xEDCE, 0xF5CF, 0xF5EF, 0xFE50, 0xFE71, 0xFE50, 0xDD0C, 0xE52C, 0xED6E, 0xED8E, 0xED4D, 0xED6D, 0xF5EF, 0xFE50,
    0xFE71, 0xFF15, 0xFF98, 0xFF77, 0xFF36, 0xFF36, 0xFF77, 0xFF77, 0xFF36, 0xFF16, 0xFF35, 0xFF36, 0xFEF5, 0xFF15, 0xFF35, 0xFF56,
    0xFEF3, 0xFEB2, 0xFE92, 0xFEB2, 0xFEB2, 0xFE91, 0xFE91, 0xFEB1, 0xFEB1, 0xFEB1, 0xFE91, 0xFE91, 0xFE70, 0xFE70, 0xFE70, 0xFE70,
    0xFE2F, 0xF5EE, 0xF5EE, 0xF5CE, 0xF58E, 0xFDCE, 0xC3C8, 0xC44A, 0xFF15, 0xF6B4, 0xF6B5, 0xF6B5, 0xF6B5, 0xF6B5, 0xEE54, 0xDD90,
    0xEE32, 0xEE32, 0xEE12, 0xEDF2, 0xE5F1, 0xE5D0, 0xCCAC, 0xCCED, 0xE5D1, 0xEE32, 0xC4CD, 0x79C2, 0x9AC6, 0xC48B, 0xC4AC, 0xCD0D,
    0xCD2E, 0xCD2E, 0xD54E, 0xDD8F, 0xDD8F, 0xDDB0, 0xDDB0, 0xDDB0, 0xDDD0, 0xDDD0, 0xDDD0, 0xDDD0, 0xDDD0, 0xDDD0, 0xDDD0, 0xDDB0,
    0xDDB0, 0xDDB0, 0xE5D0, 0xDDB0, 0xDDB0, 0xDDD0, 0xDDD0, 0xE5F1, 0xE5F1, 0xE5F1, 0xE5F1, 0xE5D1, 0xE5F1, 0xE5F1, 0xE5F1, 0xE5F1,
    0xE5F1, 0xDDD0, 0xE5F1, 0xE5F1, 0xE5CE, 0xE58B, 0xE58B, 0xEDAC, 0xE58B, 0xED8B, 0xED8B, 0xE58C, 0xEDCF, 0xE5D0, 0xE5F1, 0xE5F1,
    0xE5F1, 0xE5F1, 0xEDF1, 0xEE11, 0xFE51, 0xFE92, 0xFEB2, 0xFEB2, 0xFE92, 0xFE72, 0xFE72, 0xFE72, 0xFE72, 0xF652, 0xF632, 0xF632,
    0xFE52, 0xFE52, 0xFEB2, 0xFE93, 0xFE73, 0xF673, 0xF653, 0xF653, 0xEE53, 0xEE53, 0xEE53, 0xEE53, 0xEE53, 0xEE53, 0xDDB1, 0xABE9,
    0xFEAF, 0xFEAF, 0xFED0, 0xFECF, 0xFED1, 0xFEB1, 0xFE71, 0xFE92, 0xFEB3, 0xFF15, 0xFF16, 0xFF37, 0xFF57, 0xFF57, 0xFF57, 0xFF57,
    0xFF57, 0xFF37, 0xFF37, 0xFF37, 0xFF57, 0xFF36, 0xFF37, 0xFF37, 0xF737, 0xFF78, 0xFF77, 0xFF16, 0xFF16, 0xFF57, 0xFF77, 0xFF36,
    0xFF16, 0xFF16, 0xFED4, 0xF651, 0xEDEF, 0xDCEC, 0xCC8B, 0xE58E, 0xF5EF, 0xE50C, 0xE52C, 0xE54D, 0xE50D, 0xDD0D, 0xDD2D, 0xDD0D,
    0xDCEC, 0xEDAF, 0xF5CF, 0xEDAE, 0xF630, 0xFEB2, 0xFED3, 0xFED2, 0xFF13, 0xFEF3, 0xF631, 0xFE92, 0xF610, 0xEDCF, 0xE58E, 0xF610,
    0xEDAF, 0xE56E, 0xF610, 0xEDCF, 0xF651, 0xFE51, 0xEDCF, 0xDD4D, 0xEDAF, 0xED6E, 0xE52D, 0xE56D, 0xD4CB, 0xE54D, 0xF5EF, 0xF5EF,
    0xED8E, 0xED8E, 0xF60F, 0xF62F, 0xF62F, 0xFE71, 0xFE71, 0xF60F, 0xED8E, 0xEDCF, 0xF650, 0xFE30, 0xF5EF, 0xFE30, 0xFE50, 0xF630,
    0xF610, 0xF6D3, 0xFF77, 0xFF56, 0xFF36, 0xFF77, 0xFF57, 0xFF56, 0xFF77, 0xFF36, 0xFEF4, 0xFED4, 0xFF35, 0xF6B3, 0xFE92, 0xFF14,
    0xFED3, 0xFEB2, 0xFE71, 0xFE71, 0xFE91, 0xFE71, 0xFEB1, 0xFED2, 0xFE71, 0xFE30, 0xFE90, 0xFED1, 0xFE50, 0xFE70, 0xFE90, 0xFE90,
    0xFE4F, 0xFE4F, 0xFE4F, 0xF5AD, 0xF54D, 0xF58E, 0xC3C8, 0xB3A8, 0xF693, 0xFF16, 0xF6B5, 0xF6B5, 0xF6B5, 0xF6B5, 0xEE53, 0xDD70,
    0xEE12, 0xEE12, 0xE612, 0xE612, 0xE612, 0xE5F1, 0xCCCC, 0xCD0D, 0xE5B0, 0xABCA, 0xA307, 0x9A64, 0xB347, 0xBBE9, 0xC46A, 0xCD0D,
    0xD52E, 0xD54E, 0xD54E, 0xDD8F, 0xDD8F, 0xDD8F, 0xDDB0, 0xDDB0, 0xDDB0, 0xDDB0, 0xDDD0, 0xDDD0, 0xDDD0, 0xDDD0, 0xDDD0, 0xDDD0,
    0xDDB0, 0xE5D0, 0xE5D0, 0xDDD0, 0xE5D0, 0xDDD0, 0xE5D0, 0xE5F1, 0xE5F1, 0xE5F1, 0xE5F1, 0xE5F1, 0xE5F1, 0xE5F1, 0xE5F1, 0xE5F1,
    0xE611, 0xE5F1, 0xE5F1, 0xE5F0, 0xEDCE, 0xE5AC, 0xED8B, 0xEDAC, 0xE58B, 0xE58B, 0xE58B, 0xDD2B, 0xDD0D, 0xE56F, 0xE5D0, 0xE5D1,
    0xE5F1, 0xE5F1, 0xEDF1, 0xF651, 0xFE91, 0xFEB2, 0xFEB2, 0xFEB2, 0xFED2, 0xFEB2, 0xFEB2, 0xFEB2, 0xFEB2, 0xFEB2, 0xFE92, 0xFE92,
    0xFE72, 0xFE93, 0xFE73, 0xFE73, 0xFE73, 0xF673, 0xF673, 0xF673, 0xF653, 0xF653, 0xEE53, 0xEE53, 0xEE33, 0xEE53, 0xE612, 0xAC0A,
    0xFE8F, 0xFE8F, 0xFEAF, 0xFEB0, 0xFE6F, 0xF60E, 0xF62E, 0xFEB2, 0xFEF4, 0xFF36, 0xFF16, 0xFF37, 0xFF17, 0xFF17, 0xFF37, 0xFF57,
    0xFF57, 0xFF37, 0xFF16, 0xF6F6, 0xFF37, 0xFF37, 0xFF57, 0xFF57, 0xFF37, 0xFF16, 0xFF36, 0xF6F6, 0xFF37, 0xFF57, 0xFF36, 0xF6F5,
    0xFF16, 0xFEF5, 0xF673, 0xEDF0, 0xED8F, 0xDD2D, 0xDD2D, 0xFE71, 0xF60F, 0xDCCB, 0xDCCB, 0xD4AB, 0xD4AB, 0xDD0D, 0xDD2D, 0xDCEC,
    0xDCEC, 0xED8E, 0xF5CF, 0xF610, 0xFEB2, 0xFED2, 0xFEF3, 0xFED2, 0xF631, 0xEDCF, 0xEDCF, 0xF5EF, 0xEDAE, 0xE58E, 0xE58E, 0xEDCF,
    0xE58E, 0xEDF0, 0xF610, 0xE5AF, 0xF651, 0xF631, 0xF630, 0xEE10, 0xF610, 0xEDCF, 0xED8E, 0xF5CF, 0xEDAF, 0xFE92, 0xFEB2, 0xF5EF,
    0xEDCF, 0xF5EF, 0xF5EF, 0xF5CE, 0xEDCE, 0xF60F, 0xF60F, 0xF630, 0xFE51, 0xFE50, 0xFE51, 0xF5EF, 0xF5AE, 0xFE30, 0xFE50, 0xF5EF,
    0xF60F, 0xFEF4, 0xFF77, 0xFF77, 0xFF98, 0xFF97, 0xF6F5, 0xFF57, 0xFFB8, 0xFF76, 0xFED3, 0xF671, 0xFEB2, 0xFEF3, 0xFE92, 0xFEB2,
    0xFE92, 0xFE91, 0xFE91, 0xFEB1, 0xFEF2, 0xFF12, 0xFF13, 0xF670, 0xF60F, 0xFE70, 0xFEB0, 0xFEB1, 0xFE50, 0xFE50, 0xFE70, 0xFE90,
    0xFED1, 0xFEB0, 0xFE70, 0xF5CE, 0xF56D, 0xED6D, 0xDC8A, 0xC3A8, 0xBC2B, 0xE5F2, 0xF6D5, 0xF6B5, 0xF6B5, 0xF6B5, 0xEE33, 0xDD70,
    0xE612, 0xE5F2, 0xE5F2, 0xE5F2, 0xE5F2, 0xE5D1, 0xDD4F, 0xB3C9, 0xB3A9, 0x8A24, 0x9223, 0xB367, 0xBBE8, 0xBBC8, 0xC429, 0xCCED,
    0xD52E, 0xD54E, 0xD56F, 0xDD8F, 0xDD8F, 0xDDB0, 0xDDB0, 0xDDB0, 0xDDB0, 0xDDD0, 0xDDD0, 0xDDD0, 0xDDD0, 0xDDD0, 0xE5D0, 0xE5F1,
    0xDDB0, 0xDDB0, 0xE5D0, 0xE5D0, 0xE5D0, 0xE5D0, 0xE5F1, 0xE5D0, 0xE5F1, 0xE611, 0xE5F1, 0xE5F1, 0xE5F1, 0xE5F1, 0xE5F1, 0xE5F1,
    0xE5F1, 0xE5F1, 0xE5F1, 0xE5CF, 0xE5AC, 0xEDAB, 0xE58B, 0xEDAC, 0xEDAB, 0xED8B, 0xE58B, 0xDD2B, 0xD4CC, 0xDD0C, 0xE54E, 0xE5B0,
    0xE5F1, 0xE5F1, 0xEDF1, 0xF651, 0xFF12, 0xFEF2, 0xFED2, 0xFED2, 0xFED2, 0xFED2, 0xFED2, 0xFED2, 0xFED2, 0xFED2, 0xFED2, 0xFED2,
    0xFED2, 0xFED3, 0xFED3, 0xFEB3, 0xFE93, 0xFEB3, 0xFED4, 0xF693, 0xF673, 0xEE53, 0xEE33, 0xEE53, 0xEE53, 0xD570, 0xC4CE, 0xAC2A,
    0xFEAF, 0xFE8F, 0xFE8F, 0xFE8F, 0xFE8F, 0xFE8F, 0xFE8F, 0xFEF3, 0xFF35, 0xFF15, 0xF6D4, 0xF6F5, 0xFF37, 0xFF37, 0xFF37, 0xFF37,
    0xFF57, 0xFF37, 0xF6F6, 0xF6F5, 0xFF36, 0xF6D5, 0xF6F5, 0xF6B5, 0xF6D5, 0xFEF6, 0xF6F6, 0xF6F6, 0xF716, 0xFF37, 0xFF36, 0xF6F5,
    0xFF16, 0xF6F5, 0xEE73, 0xE56E, 0xE54D, 0xF610, 0xF610, 0xEDCF, 0xEDAF, 0xEDAE, 0xDCEC, 0xD48B, 0xD48B, 0xDCCC, 0xDCCC, 0xDCCC,
    0xDCEC, 0xE52D, 0xEDAE, 0xFE30, 0xFED2, 0xFED3, 0xF631, 0xEDAF, 0xEDCF, 0xE56E, 0xED6E, 0xE56E, 0xE56E, 0xEDAF, 0xEDCF, 0xEDEF,
    0xF5F0, 0xF5F0, 0xEDEF, 0xF610, 0xEDEF, 0xEDF0, 0xEDF0, 0xEDCF, 0xEDAF, 0xEDAF, 0xF5CF, 0xF5EF, 0xF5EF, 0xF651, 0xF651, 0xF5EF,
    0xF5EF, 0xF60F, 0xF5EF, 0xF5CF, 0xF5EF, 0xF60F, 0xF610, 0xF60F, 0xF5CF, 0xE56D, 0xF5AE, 0xF58E, 0xF5AE, 0xED8E, 0xF5CF, 0xF5CF,
    0xFEB2, 0xFF55, 0xFF77, 0xFF97, 0xFF77, 0xFF77, 0xFF36, 0xFF77, 0xFF35, 0xFED3, 0xFE71, 0xFE71, 0xFEB1, 0xFE91, 0xF651, 0xFE51,
    0xFE91, 0xFE71, 0xFE71, 0xFE91, 0xFED2, 0xFE91, 0xFE50, 0xFE50, 0xFEB1, 0xFE91, 0xFE90, 0xFE50, 0xFE2F, 0xFE50, 0xFE70, 0xFEB1,
    0xFEB1, 0xFE70, 0xFE90, 0xF60F, 0xFE0F, 0xED6D, 0xE4EB, 0xE50C, 0xB326, 0xA2E6, 0xE5F2, 0xFED6, 0xF6B5, 0xFEB5, 0xF674, 0xDDB1,
    0xEE53, 0xEE53, 0xEE53, 0xEE33, 0xEE53, 0xE5F1, 0xA307, 0x81C2, 0x89E2, 0xB347, 0xBBA8, 0xBBA8, 0xBBE8, 0xC409, 0xC409, 0xCC6A,
    0xD52D, 0xD56E, 0xD56F, 0xDDAF, 0xDDB0, 0xDDB0, 0xDD8F, 0xDDB0, 0xDDB0, 0xE5D0, 0xE5D0, 0xE5D0, 0xDDD0, 0xDDD0, 0xDDD0, 0xE5F1,
    0xE5F1, 0xDDD0, 0xE5D0, 0xDDB0, 0xDDB0, 0xE5D0, 0xE5D0, 0xDDD0, 0xE5D0, 0xE611, 0xE5F1, 0xE5F1, 0xE5F1, 0xE5F1, 0xE5F1, 0xE5F1,
    0xE5F1, 0xE5F1, 0xE5F2, 0xE5CF, 0xE5AB, 0xEDAC, 0xEDAB, 0xEDAB, 0xEDAB, 0xED8B, 0xED6B, 0xDD0C, 0xD4CB, 0xD4CC, 0xDD0D, 0xE54E,
    0xE56F, 0xE58F, 0xEDD0, 0xEE0F, 0xFEB1, 0xFEB1, 0xFED2, 0xFED2, 0xFED2, 0xFED2, 0xFED2, 0xFED2, 0xFED2, 0xFED2, 0xFEB2, 0xFEB2,
    0xFEB3, 0xFED3, 0xFED3, 0xFED3, 0xFED3, 0xFED3, 0xFF14, 0xF694, 0xEE73, 0xEE53, 0xEE33, 0xEE33, 0xEE53, 0xA3A9, 0x8AA5, 0xB40A,
    0xFEB0, 0xFE6F, 0xF64E, 0xFE6F, 0xFE8F, 0xF66F, 0xFED0, 0xFED1, 0xFED1, 0xFED2, 0xFEF3, 0xFF14, 0xFF15, 0xF716, 0xFF37, 0xFF58,
    0xFF37, 0xFF17, 0xF6F5, 0xFF16, 0xF6D5, 0xEE94, 0xFF16, 0xF6F6, 0xFF16, 0xFF36, 0xF6F5, 0xF6D5, 0xFF16, 0xFF16, 0xFF16, 0xFF16,
    0xF6F5, 0xEE93, 0xEE52, 0xE5AF, 0xEDAF, 0xF610, 0xEDAE, 0xE58E, 0xEDF0, 0xEDEF, 0xE52D, 0xDCEC, 0xDCEC, 0xDCEC, 0xDD0C, 0xEDCF,
    0xEDCF, 0xED8E, 0xE56E, 0xF5EF, 0xF630, 0xFE71, 0xFE51, 0xFE30, 0xF5EF, 0xE56D, 0xE54D, 0xE54D, 0xE58E, 0xE58E, 0xE58E, 0xEDCF,
    0xF5F0, 0xEDEF, 0xF5F0, 0xF610, 0xF610, 0xF610, 0xEDCF, 0xEDAF, 0xE56E, 0xED8E, 0xEDCF, 0xF5EF, 0xF5F0, 0xF610, 0xF5F0, 0xEDAF,
    0xEDAF, 0xEDCF, 0xF5EF, 0xF60F, 0xF60F, 0xF60F, 0xF60F, 0xED8E, 0xDD0C, 0xE52D, 0xF5AE, 0xFE0F, 0xFE50, 0xED6D, 0xE54D, 0xEDCF,
    0xFE92, 0xFED3, 0xFEF4, 0xFF35, 0xFF35, 0xFF14, 0xFEB3, 0xFF14, 0xFF13, 0xFED2, 0xFE71, 0xFE71, 0xFEB2, 0xF650, 0xF630, 0xFEB1,
    0xFE91, 0xFE71, 0xFE71, 0xF650, 0xFEB1, 0xFE91, 0xF5EF, 0xFE50, 0xFE91, 0xFE71, 0xFE91, 0xFEB1, 0xFE70, 0xFE70, 0xFE90, 0xFE91,
    0xFE50, 0xFE70, 0xFED1, 0xFE70, 0xFE50, 0xED8E, 0xDCAB, 0xDCCB, 0xE50C, 0xCBE8, 0xB347, 0xDD2F, 0xD52F, 0xD52F, 0xD4EE, 0xB3EA,
    0xBC0A, 0xB3EA, 0xB3EA, 0xB3EA, 0xBC0A, 0xB3C9, 0x9244, 0xA2C5, 0xB367, 0xBB87, 0xBBA7, 0xC3C8, 0xC409, 0xC409, 0xC409, 0xCC4A,
    0xDD4E, 0xD56E, 0xDD8F, 0xDDAF, 0xDDB0, 0xE5D0, 0xDD8F, 0xDD8F, 0xDDB0, 0xDDD0, 0xDDD0, 0xE5F1, 0xE5F1, 0xE5D0, 0xDDD0, 0xE5F1,
    0xE5F1, 0xE5F1, 0xE5D1, 0xDDB0, 0xE5D0, 0xE5D0, 0xE5F1, 0xE5F1, 0xE5F1, 0xE5F1, 0xE5F1, 0xE5F0, 0xE5F1, 0xE5F1, 0xE5F1, 0xE5F1,
    0xE5F1, 0xE5F1, 0xE5F0, 0xEDCE, 0xEDAB, 0xEDAB, 0xEDAB, 0xEDAB, 0xEDAB, 0xEDAB, 0xDD2B, 0xD4CB, 0xDCCC, 0xDCEC, 0xDD0C, 0xDD0C,
    0xDCEC, 0xDD0C, 0xE56E, 0xED8E, 0xEDAE, 0xF62F, 0xFEB1, 0xFEB1, 0xFEB1, 0xFEF2, 0xFED2, 0xFED2, 0xFED2, 0xFED2, 0xFED2, 0xFED3,
    0xFEB3, 0xFED3, 0xFED3, 0xFED3, 0xFEF3, 0xFEF4, 0xFEB3, 0xF693, 0xF674, 0xEE53, 0xEE53, 0xEE33, 0xEE53, 0xD52E, 0xABC9, 0xB42B,
    0xFE6F, 0xFE6F, 0xFEB0, 0xFE8F, 0xFE6F, 0xF66F, 0xFED0, 0xFED0, 0xFE8F, 0xFE8F, 0xFED1, 0xFEF3, 0xFED2, 0xFF15, 0xFF37, 0xFF16,
    0xF6F6, 0xF716, 0xFF16, 0xFF36, 0xF6F5, 0xF6F6, 0xFF37, 0xFF36, 0xFF16, 0xF6D5, 0xEEB4, 0xF6D5, 0xFF36, 0xFF16, 0xFF16, 0xFF36,
    0xF6D5, 0xF6B4, 0xFED4, 0xE5D0, 0xE58E, 0xE56E, 0xE56E, 0xEDCF, 0xF630, 0xEDCF, 0xEDCF, 0xEDCF, 0xED8E, 0xE56E, 0xEDAF, 0xF610,
    0xF5EF, 0xED8E, 0xE56E, 0xE58E, 0xF610, 0xFE30, 0xF5EF, 0xF5EF, 0xF5CF, 0xF5EF, 0xEDCF, 0xED8E, 0xEDCF, 0xEDAE, 0xE5AE, 0xEDCF,
    0xEDCF, 0xEDAF, 0xEDCF, 0xE5AE, 0xF610, 0xF631, 0xF630, 0xEDF0, 0xE5AE, 0xE56E, 0xED8E, 0xEDCF, 0xF5F0, 0xF5F0, 0xEDCF, 0xEDCF,
    0xF5CF, 0xEDAE, 0xEDAE, 0xEDAE, 0xF5CF, 0xF60F, 0xF60F, 0xEDCE, 0xE56D, 0xED8E, 0xF5AE, 0xF60F, 0xF630, 0xEE10, 0xF692, 0xFEF4,
    0xF6D3, 0xFEB2, 0xFE92, 0xFE92, 0xFED3, 0xFEB1, 0xF650, 0xFE91, 0xFED2, 0xFE91, 0xFE50, 0xFE50, 0xFE91, 0xF671, 0xFE71, 0xFED2,
    0xFEB1, 0xFE91, 0xFE50, 0xF5EF, 0xF630, 0xFE51, 0xF610, 0xFE50, 0xFE50, 0xFE50, 0xFEB1, 0xFEB1, 0xFE51, 0xFE50, 0xFE70, 0xFE50,
    0xFE2F, 0xFE91, 0xFE70, 0xFE2F, 0xFE50, 0xEDAE, 0xDCCB, 0xDCCB, 0xDCAB, 0xDCCB, 0xD46A, 0x9A43, 0x9203, 0x9223, 0x9223, 0x9223,
    0x8A02, 0x8A02, 0x8A02, 0x8A02, 0x8A03, 0x8A02, 0xB347, 0xC3C8, 0xBBC8, 0xC3E9, 0xC409, 0xC429, 0xC429, 0xC429, 0xC429, 0xCC4A,
    0xCCAB, 0xD52D, 0xDDAF, 0xDDAF, 0xE5D0, 0xE5D1, 0xE5D0, 0xDDB0, 0xDDB0, 0xDDD0, 0xDDD0, 0xE5D0, 0xE5F1, 0xE5F1, 0xE5F1, 0xE5F1,
    0xE5D1, 0xE5F1, 0xE5F1, 0xE5D1, 0xE5F1, 0xE5F1, 0xE5F1, 0xE5F1, 0xE5F1, 0xE5F1, 0xE5F1, 0xE5F1, 0xE5F1, 0xE5F1, 0xE5F1, 0xE5F1,
    0xE5F1, 0xE5F0, 0xE5CD, 0xEDAC, 0xEDAC, 0xEDAC, 0xEDAB, 0xEDAB, 0xED8B, 0xED8B, 0xDD0B, 0xD4CB, 0xD4AB, 0xD4AB, 0xDCEC, 0xDCEC,
    0xDCEC, 0xDCEC, 0xDD0C, 0xE52D, 0xE54D, 0xED8E, 0xF5EE, 0xF5EF, 0xFE50, 0xFEB1, 0xFEB1, 0xFED2, 0xFED2, 0xFED2, 0xFED2, 0xFED3,
    0xFED3, 0xFED3, 0xFED3, 0xFED3, 0xFEF3, 0xFEF4, 0xFEF4, 0xFE93, 0xF673, 0xEE53, 0xEE53, 0xEE33, 0xE5F1, 0xBC6B, 0xAC0A, 0xB44A,
    0xFE8F, 0xFED0, 0xFED1, 0xF64E, 0xFE6F, 0xFEB0, 0xFEF0, 0xFED0, 0xFE6E, 0xF66E, 0xFE8F, 0xFEF1, 0xFED2, 0xFED4, 0xF6B4, 0xF6D5,
    0xF6F5, 0xF6D5, 0xF6D5, 0xFF16, 0xFF58, 0xFF78, 0xFF57, 0xFF16, 0xFF16, 0xF6D5, 0xEE94, 0xF6F6, 0xFF16, 0xF6F5, 0xFF16, 0xFF16,
    0xF716, 0xFF16, 0xFF16, 0xF6B4, 0xEDD0, 0xE5AF, 0xE58E, 0xE56D, 0xEDAF, 0xE56E, 0xED8E, 0xEDAF, 0xED8E, 0xEDCF, 0xF610, 0xEDCF,
    0xED8E, 0xEDCF, 0xF610, 0xF5CF, 0xF5EF, 0xF610, 0xF630, 0xFE51, 0xF5F0, 0xFE51, 0xFE51, 0xEDCF, 0xEDCF, 0xEDCF, 0xF5EF, 0xE5AE,
    0xE58E, 0xE56E, 0xE58E, 0xE58E, 0xE5AE, 0xEE10, 0xEE10, 0xEDF0, 0xEDAF, 0xDD0C, 0xE54D, 0xEDAF, 0xEDCF, 0xF5F0, 0xEDEF, 0xF610,
    0xF610, 0xF630, 0xF630, 0xF630, 0xF5CF, 0xF5CF, 0xF60F, 0xFE70, 0xFE30, 0xF5EF, 0xEE10, 0xF6F4, 0xFEF4, 0xFF35, 0xFF77, 0xFF77,
    0xFF55, 0xFEF4, 0xF672, 0xFE71, 0xF610, 0xF5EF, 0xF5EF, 0xF60F, 0xFE91, 0xFE91, 0xFE91, 0xFE91, 0xFED2, 0xFE91, 0xFE71, 0xFE91,
    0xFE71, 0xFE91, 0xFEB1, 0xFE91, 0xFE71, 0xFE50, 0xF650, 0xFED2, 0xFEB1, 0xFE70, 0xFE50, 0xF62F, 0xF60F, 0xFE0F, 0xF60F, 0xFE30,
    0xFE70, 0xFEB1, 0xFE70, 0xFE0F, 0xF5CE, 0xED6D, 0xE4EC, 0xDCCB, 0xE4CB, 0xDCAB, 0xDCAB, 0xD44A, 0xD44A, 0xC3E8, 0xC3A8, 0xC3C8,
    0xBBA8, 0xBBA8, 0xBBC8, 0xC3C8, 0xC3C8, 0xC3C9, 0xC3C8, 0xC3C8, 0xC3E8, 0xCC09, 0xCC29, 0xC429, 0xCC4A, 0xCC29, 0xC429, 0xCC4A,
    0xC429, 0xD50D, 0xE5D0, 0xE5D0, 0xE5D0, 0xE5D0, 0xE5D0, 0xDD90, 0xDDB0, 0xDDD0, 0xDDD0, 0xDDD0, 0xE5F1, 0xE5F1, 0xE5F1, 0xE5F1,
    0xE5F1, 0xE5F1, 0xE5F1, 0xE5F1, 0xE5D1, 0xE5F1, 0xE5F1, 0xE5F1, 0xE5F1, 0xE5F1, 0xE5F1, 0xE5F1, 0xE5F1, 0xE5F1, 0xE5F1, 0xE5F1,
    0xE5F1, 0xEDF0, 0xEDAC, 0xEDAB, 0xEDAB, 0xEDAB, 0xEDAB, 0xEDAB, 0xE56B, 0xDCEB, 0xDCCB, 0xD4AB, 0xD48B, 0xD4AB, 0xDCEC, 0xDCEC,
    0xDCEC, 0xDCEC, 0xDCEC, 0xE50D, 0xE52D, 0xE54D, 0xED4D, 0xED6D, 0xF5CE, 0xFE2F, 0xFE70, 0xFEB1, 0xFEB1, 0xFEB1, 0xFE91, 0xFEB2,
    0xFED2, 0xFED3, 0xFED3, 0xFEF3, 0xFEF4, 0xFEF4, 0xFEF4, 0xFED4, 0xF673, 0xF653, 0xEE53, 0xF653, 0xD52E, 0xA388, 0xB42A, 0xBC4B,
    0xFEB1, 0xFEB1, 0xFEB1, 0xF6B1, 0xFED1, 0xFE90, 0xF68F, 0xFE8F, 0xFE6F, 0xFE8F, 0xFE8F, 0xFEB0, 0xFED1, 0xFEF2, 0xFF13, 0xFED4,
    0xF6D5, 0xF6D4, 0xF6D5, 0xF6F5, 0xFF57, 0xFF57, 0xFF36, 0xFF16, 0xFF16, 0xFF16, 0xFF16, 0xFF37, 0xFF16, 0xF6F6, 0xFF37, 0xFF16,
    0xFF57, 0xFF37, 0xF6F5, 0xF6B4, 0xF672, 0xEE10, 0xDD4D, 0xDD2D, 0xE52D, 0xE52D, 0xE52D, 0xE54D, 0xED6E, 0xED8E, 0xEDAF, 0xED6E,
    0xE56D, 0xE56E, 0xED8E, 0xED8E, 0xEDAE, 0xEDAF, 0xF5F0, 0xF630, 0xEDCF, 0xEDCF, 0xEDAF, 0xE58E, 0xEDCF, 0xF5F0, 0xEDCF, 0xE56E,
    0xE58E, 0xE58E, 0xE58E, 0xE58E, 0xE58E, 0xEDEF, 0xE5AF, 0xEDAF, 0xEDAF, 0xEDAE, 0xEDF0, 0xF631, 0xF610, 0xFE51, 0xF630, 0xF610,
    0xF5EF, 0xEDEF, 0xF60F, 0xF630, 0xF60F, 0xF610, 0xEDCF, 0xEDCF, 0xFE91, 0xF6B2, 0xFF35, 0xFF56, 0xFF36, 0xFF36, 0xFF77, 0xFF97,
    0xFF97, 0xFF15, 0xFE92, 0xF671, 0xF630, 0xF630, 0xF650, 0xFE71, 0xF630, 0xF5CF, 0xF650, 0xFE91, 0xFE71, 0xFE51, 0xFEB2, 0xFED2,
    0xFE71, 0xFEB2, 0xFEF2, 0xF670, 0xF5EF, 0xF5CE, 0xF671, 0xFEF2, 0xFE91, 0xFE50, 0xFE70, 0xFE50, 0xF5EF, 0xF5EF, 0xF5EF, 0xF5EF,
    0xFE10, 0xF5EF, 0xF5AE, 0xED8E, 0xF5CE, 0xED4D, 0xE52D, 0xDD0C, 0xE50C, 0xDCCB, 0xDCEC, 0xDCEB, 0xDCEC, 0xCC6A, 0xC3E8, 0xC3E9,
    0xC3C8, 0xBBC8, 0xC3C8, 0xC3C8, 0xC3E9, 0xC3E9, 0xC409, 0xCC4A, 0xCC4A, 0xCC29, 0xCC4A, 0xCC4A, 0xCC29, 0xCC6A, 0xCC4A, 0xCC2A,
    0xCC29, 0xD52D, 0xE5F0, 0xE5F1, 0xE5D0, 0xE5D0, 0xE5D0, 0xDDB0, 0xE5F1, 0xE5D0, 0xDDD0, 0xDDD0, 0xE5D0, 0xE5F1, 0xE5F1, 0xE5F1,
    0xE5F1, 0xE5F1, 0xE5F1, 0xE5F1, 0xE5F1, 0xE5F1, 0xE5F1, 0xE5F1, 0xE5F1, 0xE5F1, 0xE5F1, 0xE5F1, 0xE5F0, 0xE5F1, 0xE612, 0xE5F1,
    0xE5F0, 0xEDEF, 0xEDCC, 0xEDAB, 0xEDAB, 0xEDAB, 0xEDAB, 0xEDAC, 0xE54B, 0xDCEB, 0xDCCB, 0xD4AB, 0xD48B, 0xD4CC, 0xD4CB, 0xDCCC,
    0xDCEC, 0xDCEC, 0xDCCC, 0xDCCC, 0xDCEC, 0xE50C, 0xE50C, 0xED2D, 0xED6D, 0xF5AE, 0xF5AE, 0xF5EE, 0xFE2F, 0xFE4F, 0xFE4F, 0xFE91,
    0xFEB2, 0xFEB2, 0xFEB3, 0xFEF3, 0xFEF4, 0xFEF4, 0xFEF4, 0xFED4, 0xF673, 0xF653, 0xEE53, 0xEE53, 0xE5F1, 0xB42A, 0xB40A, 0xB44A,
    0xEE31, 0xF692, 0xF6B3, 0xF6B3, 0xF6B2, 0xF670, 0xF66F, 0xF62E, 0xFE4E, 0xF66E, 0xFE8F, 0xFED0, 0xFE90, 0xFED1, 0xFED1, 0xFED2,
    0xFEF4, 0xFF16, 0xFF36, 0xFF16, 0xEEB4, 0xF6F5, 0xEE94, 0xEEB4, 0xFF37, 0xFF37, 0xFF57, 0xFF57, 0xFF16, 0xF6F6, 0xFF37, 0xF6F6,
    0xF6F5, 0xFEF6, 0xF6F5, 0xF6D4, 0xF652, 0xE56E, 0xE56E, 0xED8E, 0xE54E, 0xDD0D, 0xE56E, 0xED6E, 0xE54E, 0xE54E, 0xE54E, 0xED6E,
    0xE56E, 0xED6E, 0xE52D, 0xE54D, 0xED6E, 0xED8E, 0xEDAE, 0xEDCF, 0xE58E, 0xE58E, 0xE56E, 0xE54E, 0xE54D, 0xE56E, 0xDD4D, 0xDD4D,
    0xE56E, 0xE58E, 0xE58E, 0xE56E, 0xE56E, 0xE58E, 0xEE10, 0xEDF0, 0xEDAF, 0xEDCF, 0xF631, 0xF651, 0xEE10, 0xF671, 0xF610, 0xEDCE,
    0xF610, 0xEE0F, 0xEDEF, 0xF5EF, 0xFE92, 0xFF13, 0xF672, 0xF672, 0xFF14, 0xFF15, 0xFF36, 0xFF36, 0xFF15, 0xFF36, 0xFF77, 0xFF77,
    0xFF56, 0xFF56, 0xFF35, 0xF692, 0xF630, 0xFE71, 0xFEB2, 0xFED2, 0xFED2, 0xF650, 0xFE50, 0xFE71, 0xF630, 0xFE91, 0xFE71, 0xFE91,
    0xFEB2, 0xFEF3, 0xFE91, 0xF5CE, 0xF5CF, 0xF5EF, 0xFEB2, 0xFE91, 0xFE10, 0xFE30, 0xFE91, 0xF5EE, 0xF5AE, 0xFE30, 0xFE30, 0xEDAE,
    0xF5EF, 0xF5EF, 0xE54D, 0xF5AE, 0xF5CF, 0xF5CE, 0xF5AE, 0xE52C, 0xE56D, 0xE54D, 0xED6E, 0xED4D, 0xE54D, 0xD4CB, 0xC429, 0xCC4A,
    0xCC4A, 0xC429, 0xCC4A, 0xC44A, 0xC449, 0xC429, 0xCC4A, 0xCC6A, 0xC449, 0xCC6A, 0xD4CB, 0xD4AB, 0xC429, 0xCC4A, 0xCC4A, 0xCC4A,
    0xCC4A, 0xD4AB, 0xD52E, 0xE5D0, 0xE5F0, 0xE5D0, 0xDDD0, 0xDDD0, 0xE5F1, 0xE5D0, 0xDDD0, 0xDDD0, 0xE5D0, 0xE5D0, 0xE5D0, 0xE5F1,
    0xE5F1, 0xE5F1, 0xE5F1, 0xE5F1, 0xE5F1, 0xE5F1, 0xE5D1, 0xE5F1, 0xE5F1, 0xE5F1, 0xE5F1, 0xE5F1, 0xE5F1, 0xE5F1, 0xE5F1, 0xEDF1,
    0xEDCF, 0xE5AC, 0xEDAC, 0xEDAB, 0xEDAB, 0xEDAB, 0xEDAB, 0xEDAB, 0xE52B, 0xDCEB, 0xDCCB, 0xD4AB, 0xD48B, 0xD4AB, 0xD4AB, 0xD4AB,
    0xDCCB, 0xDCCC, 0xDCCB, 0xDCCB, 0xDCEC, 0xDCEC, 0xE4EC, 0xE50D, 0xE50C, 0xE52C, 0xE50C, 0xED4C, 0xF5AD, 0xF5CE, 0xF5EE, 0xFE2F,
    0xFE30, 0xFE71, 0xFE92, 0xFEF3, 0xFF14, 0xFEF4, 0xFEF4, 0xFED4, 0xF673, 0xF673, 0xEE53, 0xEE32, 0xDD90, 0xB42A, 0xB42A, 0xB40A,
    0xF693, 0xFED4, 0xF6B4, 0xF693, 0xF6B3, 0xFEF4, 0xFEB1, 0xF62D, 0xF64E, 0xFEB0, 0xFED0, 0xFEB0, 0xF68F, 0xFEB0, 0xFE8F, 0xFEAF,
    0xFEF2, 0xFF14, 0xFF36, 0xFF16, 0xF6F5, 0xFF36, 0xF716, 0xF716, 0xF716, 0xFF16, 0xFF36, 0xFF36, 0xFF16, 0xFF16, 0xFF16, 0xF6D5,
    0xEEB5, 0xF6F6, 0xFF16, 0xFF16, 0xEE52, 0xE56E, 0xE58E, 0xDD0C, 0xDCEC, 0xDD0C, 0xED6E, 0xE54E, 0xE52D, 0xE52D, 0xDD0C, 0xE52D,
    0xE54D, 0xED6E, 0xE56E, 0xED8E, 0xEDAE, 0xEDAE, 0xEDAE, 0xED8E, 0xE58E, 0xE58E, 0xEDAF, 0xE58E, 0xDD2D, 0xDD4D, 0xE54D, 0xE54D,
    0xE56E, 0xE56D, 0xE56E, 0xE58E, 0xE58E, 0xEDCF, 0xF671, 0xF630, 0xF5F0, 0xEDF0, 0xF671, 0xEDEF, 0xE5AF, 0xF651, 0xF671, 0xF651,
    0xFEB3, 0xFED3, 0xFEB3, 0xEE51, 0xFEF4, 0xFF15, 0xFEF4, 0xF6D4, 0xFF57, 0xFF15, 0xF6D4, 0xFF57, 0xFF57, 0xFF77, 0xFF97, 0xFF36,
    0xFF57, 0xFFB8, 0xFF97, 0xFED3, 0xF630, 0xF630, 0xF630, 0xFE30, 0xFE91, 0xFE50, 0xFE71, 0xFE50, 0xFE50, 0xFEB2, 0xF650, 0xFE71,
    0xFE71, 0xFEB2, 0xFE50, 0xF5CE, 0xFE71, 0xFED2, 0xFED2, 0xF630, 0xF5EF, 0xFE30, 0xF630, 0xFE2F, 0xF5CE, 0xFE30, 0xFE50, 0xFE30,
    0xFE70, 0xFE91, 0xFE91, 0xF60F, 0xF58E, 0xFDEF, 0xF5AE, 0xED8D, 0xED8E, 0xDD2C, 0xE52D, 0xE54D, 0xE52C, 0xDCEC, 0xD4AB, 0xDCCC,
    0xCC8B, 0xC449, 0xD4AB, 0xDCCC, 0xDCEC, 0xCC6A, 0xCC8A, 0xD4CB, 0xCC6A, 0xD48B, 0xD4AB, 0xD4AB, 0xCC4A, 0xCC4A, 0xCC4A, 0xC429,
    0xCC4A, 0xCC4A, 0xCCAB, 0xE5D0, 0xE5D0, 0xE5D0, 0xE5D1, 0xE5F1, 0xE5D0, 0xDDB0, 0xE5D0, 0xDDD0, 0xDDD0, 0xE5D0, 0xE5D0, 0xE5F1,
    0xE5D1, 0xE5D0, 0xE5F1, 0xE5F1, 0xE5F1, 0xE5F1, 0xE5D1, 0xE5F1, 0xE5F1, 0xE5F1, 0xE5F1, 0xE5F1, 0xE5F1, 0xE5F0, 0xE5D0, 0xE5D0,
    0xEDCE, 0xEDAC, 0xEDAC, 0xEDAB, 0xEDAB, 0xEDAB, 0xEDAB, 0xED8C, 0xE52B, 0xDCEB, 0xDCCB, 0xD4CC, 0xD4AC, 0xD4AB, 0xD48B, 0xD4AB,
    0xDCAB, 0xDCCB, 0xDCCB, 0xDCAB, 0xDCCB, 0xDCCB, 0xDCEC, 0xE4EC, 0xE50C, 0xE50C, 0xE4EB, 0xE50C, 0xE52C, 0xED6D, 0xF58D, 0xF5AE,
    0xF5CE, 0xFE30, 0xFE51, 0xFED3, 0xFEF3, 0xFEF4, 0xFF14, 0xFED4, 0xF673, 0xF673, 0xEE53, 0xEE53, 0xABEA, 0xA3A8, 0xBC4B, 0xB42B,
    0xFEF5, 0xFEF5, 0xFEF5, 0xFEF5, 0xFF16, 0xF6D5, 0xF6D3, 0xFEB1, 0xFEB0, 0xFED0, 0xFED0, 0xFEB0, 0xFEB0, 0xFE8F, 0xFE6E, 0xFE8F,
    0xFEF1, 0xFF12, 0xFF12, 0xFF14, 0xFF77, 0xFF77, 0xFF57, 0xFF57, 0xFF57, 0xFF57, 0xFF36, 0xF6D5, 0xF6D5, 0xF6F6, 0xFF57, 0xFF16,
    0xF6F6, 0xFF37, 0xF6F6, 0xF716, 0xF6F5, 0xF6B3, 0xEDCF, 0xDD2D, 0xDD0C, 0xDD0D, 0xE54E, 0xE54E, 0xE52D, 0xED6E, 0xED8E, 0xE56E,
    0xE56E, 0xF5EF, 0xF610, 0xF5F0, 0xEDCF, 0xE56E, 0xE54E, 0xE54D, 0xE54E, 0xE54D, 0xE56E, 0xE56E, 0xE56E, 0xDD2D, 0xDD0C, 0xDD2D,
    0xE56E, 0xE54D, 0xE58E, 0xE58F, 0xDD4E, 0xE56E, 0xF630, 0xF610, 0xEDF0, 0xEDF0, 0xEE10, 0xEDF0, 0xEE51, 0xFED3, 0xFEF4, 0xFF15,
    0xFF35, 0xFF35, 0xFF15, 0xFF15, 0xFF56, 0xF6F5, 0xF6B4, 0xF715, 0xFF56, 0xF736, 0xFF56, 0xFF36, 0xFF15, 0xFF35, 0xFF56, 0xFF77,
    0xFF77, 0xFF36, 0xFF35, 0xF6B2, 0xF610, 0xFE10, 0xF610, 0xF610, 0xFE30, 0xFE50, 0xFE91, 0xFE71, 0xF630, 0xF650, 0xFE51, 0xFE71,
    0xFE91, 0xFE91, 0xFE71, 0xFE50, 0xFE91, 0xFE91, 0xF630, 0xFE10, 0xF5EF, 0xFDEF, 0xF5EF, 0xFE0F, 0xEDAE, 0xFE2F, 0xFE50, 0xFE0F,
    0xEDCF, 0xF60F, 0xFE70, 0xEDCE, 0xFE2F, 0xFE30, 0xFE0F, 0xE54D, 0xE52C, 0xDD0C, 0xDD2C, 0xE54D, 0xDCEC, 0xDCEC, 0xDCEC, 0xDD0C,
    0xCC8B, 0xCC6A, 0xD4AB, 0xDD0C, 0xDCEC, 0xCC6A, 0xD4CB, 0xDCEC, 0xD4AB, 0xD4AB, 0xD48B, 0xD4CB, 0xD4CB, 0xCC6A, 0xCC6A, 0xCC29,
    0xC429, 0xCC29, 0xD4EC, 0xE5D0, 0xE5D0, 0xE5D0, 0xE5D1, 0xE5D1, 0xE5D0, 0xDDB0, 0xDDB0, 0xE5D1, 0xE5D0, 0xE5D0, 0xE5D1, 0xE5F1,
    0xE5D1, 0xE5D0, 0xE5F1, 0xE5F1, 0xE5F1, 0xE5F1, 0xE5F1, 0xE5D0, 0xE5D0, 0xE5F1, 0xE5F0, 0xE5F1, 0xE5D0, 0xE5D0, 0xE5D0, 0xEDCF,
    0xEDAB, 0xE58B, 0xEDAB, 0xED8A, 0xED8B, 0xEDAB, 0xE58B, 0xDD0A, 0xD4CA, 0xD4CB, 0xD4CB, 0xD4AB, 0xD48B, 0xD48B, 0xD4AB, 0xD48B,
    0xD46A, 0xD46A, 0xD48B, 0xD48A, 0xD4AA, 0xDCAB, 0xD4AA, 0xD48A, 0xDCAB, 0xDCCA, 0xE4EB, 0xDCCB, 0xDCCB, 0xE50B, 0xE50C, 0xE50C,
    0xED4C, 0xE56E, 0xF5CF, 0xFE71, 0xFEB2, 0xFED3, 0xFE92, 0xFE93, 0xEE53, 0xEE32, 0xEE33, 0xE5F1, 0xB42A, 0xB3EA, 0xB42A, 0xB42A,
    0xFF36, 0xF6F6, 0xF6D5, 0xF6F6, 0xF6D5, 0xF694, 0xF693, 0xF6B3, 0xFF13, 0xFED1, 0xF690, 0xFED1, 0xFEF2, 0xFEB0, 0xFED0, 0xFEF0,
    0xFEF0, 0xFED0, 0xF66F, 0xF691, 0xFF13, 0xFF14, 0xF6F4, 0xF6F5, 0xF6F5, 0xF6D4, 0xEE93, 0xF6B4, 0xFF16, 0xF716, 0xFF16, 0xF6D5,
    0xFF17, 0xFF58, 0xFF58, 0xFF37, 0xFEF5, 0xF693, 0xEDF0, 0xF5D0, 0xE56E, 0xDD0D, 0xD4CC, 0xDCEC, 0xDD2D, 0xED6E, 0xED8E, 0xEDAF,
    0xF5F0, 0xF5F0, 0xF610, 0xEDCF, 0xEDAF, 0xE56E, 0xE54E, 0xE54D, 0xE54D, 0xE52D, 0xED8E, 0xF5F0, 0xEDCF, 0xE56E, 0xDD2D, 0xE56E,
    0xE58E, 0xE54D, 0xED8E, 0xEDCF, 0xDD2D, 0xDD4D, 0xEDEF, 0xEDCF, 0xEDCF, 0xEDAF, 0xEDF0, 0xFE93, 0xFED4, 0xFEF5, 0xFF15, 0xFF36,
    0xFF36, 0xFF36, 0xF6B4, 0xFF15, 0xFF36, 0xF6D4, 0xF6B4, 0xFF36, 0xFF57, 0xFF56, 0xFF56, 0xFF57, 0xFF77, 0xFF77, 0xFF57, 0xFF36,
    0xF715, 0xFF36, 0xFF56, 0xFED3, 0xF5F0, 0xF5F0, 0xFE10, 0xF60F, 0xF650, 0xEDCE, 0xF5CF, 0xEDCE, 0xF60F, 0xF5EF, 0xEDCF, 0xF630,
    0xF610, 0xF610, 0xFE51, 0xFE71, 0xF630, 0xFE51, 0xFE10, 0xFE10, 0xF5EF, 0xFDEF, 0xF5AE, 0xF60F, 0xF62F, 0xFE70, 0xFE51, 0xFE50,
    0xF5EF, 0xF60F, 0xFE91, 0xFE50, 0xFE30, 0xFE30, 0xFE70, 0xF5AE, 0xED6D, 0xE54D, 0xE54D, 0xE54D, 0xDD0C, 0xDD0C, 0xDCEC, 0xDD0C,
    0xD48B, 0xCC8A, 0xD4AB, 0xDD0C, 0xD4CB, 0xCC6A, 0xDCCB, 0xDCEC, 0xD4CC, 0xD4AB, 0xD4AB, 0xDCEC, 0xD4EB, 0xD4AB, 0xD4AB, 0xCC4A,
    0xC429, 0xCC49, 0xD4AB, 0xD50D, 0xDD6E, 0xE5D0, 0xE5D1, 0xE5B0, 0xDDD0, 0xDDD0, 0xE5D0, 0xE5D1, 0xE5D1, 0xE5D0, 0xE5F1, 0xE5F1,
    0xE5F1, 0xE5F1, 0xE5F1, 0xE5F1, 0xE5F1, 0xE5F0, 0xE5D0, 0xDDB0, 0xE695, 0xDDF1, 0xE5CF, 0xE5F1, 0xEE31, 0xE5F0, 0xE5CF, 0xEE10,
    0xF670, 0xF671, 0xF672, 0xF6B3, 0xEE91, 0xE58B, 0xE5F0, 0xEE96, 0xEE75, 0xEE75, 0xEED7, 0xEF19, 0xE634, 0xCD0D, 0xEE76, 0xE614,
    0xDD90, 0xDDD2, 0xE655, 0xD4ED, 0xDCEC, 0xD48A, 0xD54F, 0xE676, 0xD52F, 0xD50D, 0xD449, 0xDD70, 0xE5F2, 0xDC8A, 0xDD2E, 0xE654,
    0xDD70, 0xEE96, 0xDD2C, 0xED8E, 0xF5EF, 0xF5EF, 0xF6D5, 0xE632, 0xE612, 0xEEB7, 0xEE75, 0xCD51, 0xA388, 0xB42B, 0xB42A, 0xABC9,
    0xFEF6, 0xFEF6, 0xFF36, 0xFF37, 0xFF16, 0xF695, 0xF693, 0xFED4, 0xF6B3, 0xF6D3, 0xFF13, 0xFF34, 0xFF33, 0xFEF1, 0xFEF1, 0xFED0,
    0xFEB0, 0xFE8F, 0xFE8F, 0xFEB0, 0xFED1, 0xFEF3, 0xFF14, 0xFF15, 0xFF56, 0xEEB4, 0xEE93, 0xFF16, 0xFF37, 0xFF37, 0xF6F6, 0xF6D5,
    0xF6D5, 0xFF17, 0xFF37, 0xFF37, 0xEE93, 0xEE11, 0xE58E, 0xE56E, 0xE56E, 0xE52D, 0xD48B, 0xDCEC, 0xE52D, 0xE52D, 0xE54D, 0xED8E,
    0xEDCF, 0xEDCF, 0xED8E, 0xE58E, 0xED8E, 0xED8E, 0xEDCF, 0xEDAF, 0xE54D, 0xD4EC, 0xDD4D, 0xE58E, 0xE56E, 0xE56E, 0xDD2D, 0xE54D,
    0xDD2D, 0xE56E, 0xF651, 0xF692, 0xEE10, 0xE5AF, 0xEE10, 0xF672, 0xF631, 0xEDCF, 0xEE31, 0xFEF5, 0xFEF5, 0xF6D4, 0xFF16, 0xFF57,
    0xFF16, 0xFF16, 0xF6F5, 0xFF15, 0xF6F5, 0xF6D5, 0xF6D4, 0xF6F5, 0xF715, 0xF6F5, 0xFF36, 0xFF77, 0xFF57, 0xFF77, 0xFF77, 0xFF56,
    0xFF77, 0xF715, 0xFF35, 0xFED3, 0xF671, 0xFE91, 0xFE71, 0xF630, 0xFE71, 0xF5EF, 0xF610, 0xFE50, 0xF630, 0xEDAE, 0xEDCF, 0xF610,
    0xE56E, 0xEDAE, 0xFE71, 0xFEB2, 0xFE51, 0xFEF3, 0xFED2, 0xFEB2, 0xFE30, 0xF5CF, 0xF60F, 0xFEB1, 0xFF13, 0xFEF2, 0xFE91, 0xFED2,
    0xFED2, 0xFED2, 0xFED2, 0xFE91, 0xFE70, 0xFE50, 0xFE0F, 0xED8D, 0xED8D, 0xED8E, 0xE52C, 0xDD0C, 0xDCCB, 0xDCEC, 0xD4CB, 0xDCEC,
    0xD4CC, 0xCC8B, 0xD4AB, 0xD4CB, 0xCC6A, 0xCC49, 0xDCEC, 0xDCCC, 0xD4CC, 0xD4CC, 0xDCEC, 0xD4AB, 0xCC8A, 0xD4AB, 0xD48B, 0xCC4A,
    0xCC29, 0xCC6A, 0xCC6A, 0xCC6A, 0xDD0D, 0xDDB0, 0xE5D0, 0xE5D0, 0xE5D0, 0xE5D0, 0xE5F1, 0xE5D1, 0xE5D0, 0xE5D1, 0xE5F1, 0xE5F1,
    0xE5F1, 0xE5F1, 0xE5F1, 0xE5F1, 0xE5F1, 0xE5F0, 0xE5D0, 0xE5F1, 0xF779, 0xE719, 0xE6B5, 0xEEF6, 0xDE96, 0xEEF8, 0xDDAF, 0xE672,
    0xD654, 0xE6B6, 0xEF38, 0xCDD3, 0xDE53, 0xD54B, 0xDDAE, 0xDDF1, 0xDDD1, 0xE696, 0xCDD4, 0xC573, 0xCD51, 0xDE33, 0xE635, 0xEEB7,
    0xDED9, 0xE6B9, 0xEF7C, 0xD615, 0xDE76, 0xD52F, 0xE697, 0xFFDE, 0xE698, 0xE6D8, 0xDDB2, 0xEED7, 0xEE76, 0xCC07, 0xDD4F, 0xF75B,
    0xDE36, 0xEF19, 0xDE13, 0xE5F3, 0xDD6F, 0xE654, 0xE71B, 0xEF5B, 0xF75A, 0xF75A, 0xFF5A, 0xDE56, 0xA3A8, 0xB40A, 0xB42A, 0xB40A,
    0xFF16, 0xFF36, 0xFF36, 0xFF16, 0xFF16, 0xFEF6, 0xFF16, 0xFF36, 0xFF36, 0xFF15, 0xFF55, 0xFF55, 0xFED2, 0xFED1, 0xFE90, 0xF66F,
    0xFEB0, 0xFED0, 0xFED0, 0xFEF1, 0xFEF1, 0xFF13, 0xF6D3, 0xF6D3, 0xFF36, 0xFF56, 0xF715, 0xF6F5, 0xFF16, 0xFF37, 0xFF36, 0xFF36,
    0xFF37, 0xFF37, 0xF6D5, 0xFF16, 0xF6B4, 0xF672, 0xEDF0, 0xEDCF, 0xED8E, 0xED8E, 0xE58E, 0xE56E, 0xE56E, 0xEDAF, 0xEDAF, 0xEDAF,
    0xEDAE, 0xED8E, 0xE56D, 0xE56D, 0xED8E, 0xED8E, 0xF5CF, 0xEDAE, 0xE56D, 0xE56E, 0xE54D, 0xDD0C, 0xE54D, 0xE56D, 0xDD2C, 0xDD2D,
    0xE58E, 0xEDF0, 0xFEB3, 0xF6D4, 0xFED4, 0xEE31, 0xEE31, 0xF6F5, 0xF6D4, 0xF6D4, 0xF6F5, 0xFEF5, 0xFF16, 0xFF36, 0xFF16, 0xF6D5,
    0xF715, 0xFF16, 0xF6F5, 0xF6F5, 0xFEF5, 0xFF15, 0xFF36, 0xFF56, 0xFF57, 0xFF56, 0xFF77, 0xFF36, 0xFF16, 0xFF36, 0xFF77, 0xFF98,
    0xFF77, 0xFF77, 0xFF56, 0xFED4, 0xFEF3, 0xFEF3, 0xFE71, 0xFE50, 0xFE71, 0xF630, 0xF650, 0xFE50, 0xEDCF, 0xF650, 0xF651, 0xEDCF,
    0xE58E, 0xF630, 0xFE71, 0xFE30, 0xF630, 0xFF13, 0xFE91, 0xEDAF, 0xF5EF, 0xF630, 0xFEB1, 0xFEB1, 0xFEB1, 0xFF12, 0xFF54, 0xFEF3,
    0xF60F, 0xF5EF, 0xF60F, 0xFE71, 0xFEB1, 0xFE91, 0xFE0F, 0xEDAE, 0xED8D, 0xE54D, 0xDCEB, 0xDCEB, 0xD4AB, 0xDCEC, 0xD4EB, 0xD4CB,
    0xDCEC, 0xD4AB, 0xD4AB, 0xD48A, 0xD4AB, 0xD48B, 0xD4CB, 0xD4AB, 0xDCEC, 0xD4CC, 0xDCCC, 0xD4AB, 0xCC8B, 0xD4CC, 0xD4AB, 0xCC4A,
    0xC429, 0xCC8A, 0xCC6A, 0xCC6A, 0xDD2D, 0xDDB0, 0xDDB0, 0xDDD0, 0xE5D0, 0xDDD0, 0xE5F1, 0xE5D0, 0xE5D0, 0xE5F1, 0xE5F1, 0xE5F1,
    0xE5F1, 0xE5F1, 0xE5F1, 0xE5F1, 0xE5F0, 0xE5F0, 0xE5CF, 0xE652, 0xBD72, 0xD677, 0xBD0F, 0xEED6, 0xBCCD, 0xDEB6, 0xDD8E, 0xDD6D,
    0xD5F1, 0xBD30, 0xCE13, 0xC591, 0xDDF0, 0xE529, 0xE56C, 0xEE54, 0xEED7, 0xE6D9, 0xDE57, 0xE6F9, 0xD5F2, 0xCD6F, 0xD5D3, 0xDE35,
    0xC5B4, 0xC5B3, 0xE6D9, 0xDE35, 0xCDB2, 0xCD70, 0xEF19, 0xE71A, 0xE6FA, 0xD697, 0xD697, 0xE6FA, 0xE697, 0xD5F3, 0xE698, 0xF77C,
    0xEF3C, 0xEF3B, 0xE6F9, 0xE656, 0xE6D8, 0xD698, 0xE6FA, 0xDED9, 0xDEB9, 0xE6FA, 0xEEB7, 0xC4EF, 0xABEA, 0xB42A, 0xABE9, 0xB40A,
    0xFF36, 0xFF36, 0xFF16, 0xFF16, 0xFF57, 0xFF36, 0xFF57, 0xFF98, 0xFF77, 0xFF56, 0xFF36, 0xEEB3, 0xFED4, 0xFF14, 0xFEF2, 0xFED2,
    0xFED0, 0xFED0, 0xFF11, 0xFF11, 0xFEF1, 0xFEF1, 0xF670, 0xF64F, 0xF6B2, 0xFF15, 0xFF35, 0xFF14, 0xFEF4, 0xFF14, 0xFEF5, 0xFF16,
    0xFF17, 0xF716, 0xF6F5, 0xFF16, 0xF6D5, 0xF6B3, 0xEE10, 0xEDAF, 0xEDEF, 0xF630, 0xF651, 0xF630, 0xEDF0, 0xF610, 0xF610, 0xF5F0,
    0xED8E, 0xDD2C, 0xDD0C, 0xDCEC, 0xDD0C, 0xEDAF, 0xE56E, 0xDD2D, 0xEDAF, 0xF5CF, 0xE56D, 0xE58E, 0xE56E, 0xEDEF, 0xE58E, 0xEDAF,
    0xFEB3, 0xFEF4, 0xF6D4, 0xF6D4, 0xFEF5, 0xFED5, 0xF6D4, 0xFF16, 0xFF36, 0xFF36, 0xFF56, 0xFF57, 0xFF57, 0xFF77, 0xFF57, 0xFF57,
    0xFF56, 0xFF36, 0xFF16, 0xFF16, 0xFF36, 0xFF36, 0xFF57, 0xFF77, 0xFF77, 0xFF57, 0xFF57, 0xFF36, 0xFF77, 0xFF57, 0xFF57, 0xFF77,
    0xFF56, 0xFF77, 0xFF97, 0xFED3, 0xFE92, 0xF692, 0xFE71, 0xFE71, 0xF5EF, 0xE50C, 0xF5CF, 0xEDAE, 0xF630, 0xFED2, 0xF692, 0xF630,
    0xF650, 0xFEF3, 0xFEF3, 0xFE71, 0xFE30, 0xFE91, 0xF630, 0xF5EF, 0xF5F0, 0xFE91, 0xFEF2, 0xFEB1, 0xFE91, 0xFED2, 0xFEF2, 0xFEB1,
    0xF5EF, 0xE58E, 0xEDCF, 0xFE70, 0xFE91, 0xFE91, 0xFE91, 0xF62F, 0xF5EE, 0xED8D, 0xE54D, 0xED4D, 0xDCEB, 0xDD0C, 0xD4CB, 0xDCCC,
    0xD4CB, 0xDCEC, 0xDCEB, 0xD48A, 0xD48A, 0xD4CB, 0xCC8A, 0xCC8A, 0xDCEC, 0xD4CB, 0xDCEC, 0xDD0C, 0xDD0D, 0xDD0D, 0xD4CC, 0xCC8B,
    0xCC8A, 0xD48B, 0xCC6A, 0xCC6A, 0xD4CC, 0xDD2E, 0xDDAF, 0xE5D0, 0xE5D0, 0xDDD0, 0xE5F1, 0xE5D1, 0xE5F1, 0xE5F1, 0xEE11, 0xE5F1,
    0xE5F1, 0xEE11, 0xE5F1, 0xE5F1, 0xE5F0, 0xE5F0, 0xE5D0, 0xE652, 0xE6D7, 0xE719, 0xCDD1, 0xE6D6, 0xD54E, 0xE6B6, 0xD58F, 0xEE31,
    0xEEF5, 0xDE96, 0xE6F8, 0xE6F7, 0xDE33, 0xEDEE, 0xDD6D, 0xF6D7, 0xE655, 0xC593, 0xD677, 0xEF1A, 0xCDD4, 0xC52F, 0xF75B, 0xDE15,
    0xEEFA, 0xE6F9, 0xEF3B, 0xD676, 0xBD30, 0xCD91, 0xE6B8, 0xCE35, 0xE6F9, 0xDE55, 0xBD30, 0xDE98, 0xDE77, 0xBCCF, 0xB48E, 0xDE97,
    0xD656, 0xDE57, 0xAC6D, 0xC4CD, 0xCDD1, 0xCDF4, 0xF79D, 0xCE16, 0xBD73, 0xD656, 0xDDD3, 0x92E5, 0xB3E9, 0xBC4B, 0xB40A, 0xA388,
    0xFF16, 0xFF16, 0xF6B5, 0xF6B4, 0xEE94, 0xF6D5, 0xFF37, 0xFF37, 0xFF37, 0xFF78, 0xFF78, 0xF736, 0xFF56, 0xFF56, 0xFF56, 0xFF14,
    0xFEF2, 0xFED1, 0xFF11, 0xFEF1, 0xFEF1, 0xFE8F, 0xF64E, 0xEE0E, 0xEDEE, 0xFEF3, 0xFF34, 0xF691, 0xEE50, 0xF6B1, 0xFED2, 0xF6B3,
    0xF6F5, 0xFF36, 0xFF37, 0xFF37, 0xF6B3, 0xEE32, 0xE58F, 0xE56E, 0xE56E, 0xEDCF, 0xEDF0, 0xFE71, 0xF651, 0xF610, 0xEDAF, 0xE56E,
    0xED8E, 0xE58E, 0xE54D, 0xD4EC, 0xDD2D, 0xED8E, 0xD4CB, 0xE56E, 0xE54E, 0xDD2D, 0xED8E, 0xFE92, 0xF6B3, 0xFEB3, 0xF693, 0xF693,
    0xFED4, 0xF6D4, 0xF6B3, 0xFED4, 0xF6F5, 0xFF36, 0xFF56, 0xFF36, 0xFF36, 0xFF36, 0xFF77, 0xFF57, 0xFF77, 0xFF57, 0xFF57, 0xFF36,
    0xFF16, 0xF6F5, 0xF6F5, 0xF6F5, 0xFF36, 0xFF77, 0xFF77, 0xFF57, 0xFF16, 0xF6F5, 0xFF36, 0xFF78, 0xFF98, 0xFF77, 0xFF36, 0xF6F5,
    0xF715, 0xFF77, 0xFF56, 0xFF15, 0xF692, 0xF651, 0xFE71, 0xF610, 0xEDCE, 0xF5EF, 0xFE30, 0xF5EF, 0xF630, 0xF671, 0xFEF3, 0xFE71,
    0xFE71, 0xFE91, 0xF671, 0xF60F, 0xF5CF, 0xFE30, 0xED8E, 0xF610, 0xFE92, 0xFED2, 0xFEF2, 0xFED2, 0xFEF2, 0xFED2, 0xFE71, 0xFEB1,
    0xFEB1, 0xFE91, 0xFEB1, 0xFED1, 0xFED2, 0xFED1, 0xFEB1, 0xFEB1, 0xFEB1, 0xF5EF, 0xED6D, 0xE56D, 0xDD0C, 0xE52C, 0xD4AA, 0xD4CB,
    0xD4AB, 0xDD0C, 0xDCEC, 0xD48A, 0xD48A, 0xD4AA, 0xD48A, 0xD48A, 0xD4AB, 0xD4CB, 0xDD0C, 0xD4EC, 0xD4CC, 0xDCEC, 0xDD0D, 0xDCEC,
    0xD4CC, 0xD4AB, 0xCC8B, 0xD48B, 0xCC6A, 0xCC6A, 0xDD8E, 0xE5F0, 0xE5D0, 0xE5F1, 0xE611, 0xE5F1, 0xEE11, 0xE5F1, 0xE5F1, 0xE5F1,
    0xE5F1, 0xEE11, 0xE5F1, 0xE5F1, 0xE5F0, 0xE5F0, 0xE5F1, 0xE5CF, 0xDE55, 0xEF3A, 0xB4AD, 0xE696, 0xD52E, 0xE6B6, 0xD58F, 0xE632,
    0xC5B2, 0xDE76, 0xE6F8, 0xCD91, 0xDE33, 0xCD4E, 0xDD4D, 0xF6B6, 0xEEF8, 0xE6B8, 0xE6F9, 0xF75B, 0xC592, 0xD5F3, 0xEED8, 0xC48C,
    0xEEB8, 0xCE16, 0xDE98, 0xE6D8, 0xC550, 0xCD92, 0xF71A, 0xDEB8, 0xE71A, 0xD677, 0xBD50, 0xD636, 0xE677, 0xBBE9, 0xCCEE, 0xEF5C,
    0xEF3A, 0xE697, 0xEE97, 0xE635, 0xD5D2, 0xD676, 0xF79C, 0xEF3B, 0xE6FA, 0xD5D3, 0xE656, 0xB44C, 0xB42A, 0xB409, 0xB3EA, 0xABC9,
    0xFF36, 0xFEF5, 0xF6B5, 0xF6D5, 0xFF16, 0xFF36, 0xFF57, 0xFF57, 0xFF16, 0xFF36, 0xFF78, 0xFF98, 0xFF77, 0xFF36, 0xFF16, 0xFEF4,
    0xFF14, 0xFEF2, 0xFEB0, 0xFEB0, 0xFEF1, 0xFED0, 0xFED0, 0xF6B0, 0xF650, 0xFEF2, 0xFED2, 0xF691, 0xF6B0, 0xFED0, 0xFEB0, 0xF690,
    0xFEF3, 0xFF16, 0xFF16, 0xFF37, 0xFF36, 0xF6B4, 0xF673, 0xEDF0, 0xE5AE, 0xEDEF, 0xF610, 0xF631, 0xEDCF, 0xE56E, 0xDD2D, 0xE56E,
    0xEDCF, 0xEDEF, 0xEDEF, 0xF5EF, 0xF5F0, 0xF5F0, 0xEDEF, 0xEDAF, 0xD4CC, 0xE56E, 0xF631, 0xF693, 0xF6D4, 0xFF15, 0xF6F5, 0xEE93,
    0xEE53, 0xEEB4, 0xFF36, 0xF6D4, 0xEE94, 0xFF16, 0xFF36, 0xFF36, 0xFF16, 0xFF16, 0xF716, 0xFF36, 0xFF77, 0xFF36, 0xFF37, 0xFF36,
    0xFF16, 0xF6F5, 0xFF15, 0xF715, 0xFF36, 0xFF36, 0xFF56, 0xFF57, 0xFF56, 0xFF56, 0xFF77, 0xFF77, 0xF716, 0xF6F5, 0xF6F5, 0xFF16,
    0xFF56, 0xFF77, 0xFF16, 0xFF56, 0xFEF4, 0xF651, 0xFE71, 0xF630, 0xF5EF, 0xF5EF, 0xF5EF, 0xF5CF, 0xEDCF, 0xFE50, 0xFE51, 0xEDCF,
    0xED8E, 0xEDAE, 0xEDAE, 0xED6E, 0xED8E, 0xFE50, 0xF610, 0xFE71, 0xFE71, 0xFEB2, 0xFED2, 0xFE91, 0xFEF2, 0xFE91, 0xFE71, 0xFE70,
    0xFE70, 0xFE50, 0xFE50, 0xFE70, 0xFEB1, 0xFE91, 0xFE91, 0xFE71, 0xFE91, 0xF60F, 0xE54D, 0xE52C, 0xDD2C, 0xE52D, 0xDCEC, 0xD4AB,
    0xD4AB, 0xD4AB, 0xD4CB, 0xD4CB, 0xD4AB, 0xCC6A, 0xD4AB, 0xDCCB, 0xDCCB, 0xD4CB, 0xD4AB, 0xD4AB, 0xD4CB, 0xE52D, 0xDD0C, 0xD4CB,
    0xD4CB, 0xCC6A, 0xC429, 0xCC4A, 0xCC6A, 0xD48B, 0xDD4E, 0xDD8F, 0xE5F1, 0xE5F1, 0xE5F1, 0xE5F1, 0xEE12, 0xE611, 0xE5F1, 0xE611,
    0xE5F1, 0xE5F1, 0xE5F1, 0xE5F1, 0xE5F0, 0xE5F0, 0xE5F0, 0xE5CF, 0xEEB6, 0xE6D9, 0xE675, 0xEF18, 0xE6B5, 0xEF18, 0xD56E, 0xE56C,
    0xDD2B, 0xE652, 0xDE74, 0xCCA8, 0xE549, 0xE54A, 0xDD2A, 0xD56E, 0xDDD2, 0xDE96, 0xCDD4, 0xBD52, 0xBCEE, 0xCD70, 0xE677, 0xEEB8,
    0xF77C, 0xC572, 0xEF1A, 0xCE16, 0xB4EF, 0xE6B7, 0xEEB8, 0xEF5B, 0xE6FA, 0xE6D8, 0xAC6D, 0xE6D8, 0xDE35, 0xCCED, 0xE6D8, 0xBD10,
    0xDDF4, 0xF77B, 0xD5F3, 0xD50E, 0xDE14, 0xCE57, 0xDE98, 0xBD94, 0xE6FA, 0xCD0F, 0xE676, 0xD615, 0xBC4B, 0xB3E9, 0xA388, 0xA367,
    0xFEF6, 0xEE94, 0xF6F5, 0xFF37, 0xFF36, 0xFF36, 0xFF77, 0xFF78, 0xFF57, 0xFF77, 0xFF77, 0xFF57, 0xF716, 0xF6F5, 0xFF57, 0xFF36,
    0xFEF4, 0xFEF3, 0xFED2, 0xF690, 0xFED1, 0xFF12, 0xFF32, 0xFF33, 0xFF13, 0xFF54, 0xFF13, 0xFEF1, 0xFEF0, 0xFECF, 0xFE8F, 0xF68F,
    0xFEF3, 0xFEF5, 0xFF16, 0xFF36, 0xFF16, 0xF6D5, 0xF6B4, 0xF631, 0xF610, 0xF5F0, 0xEDAF, 0xE58E, 0xEDCF, 0xEDAE, 0xE5AE, 0xEDCF,
    0xEDCF, 0xEDAE, 0xEDCF, 0xEDF0, 0xF631, 0xF671, 0xF692, 0xEE11, 0xEDF0, 0xF693, 0xFF15, 0xFF15, 0xFEF5, 0xFF16, 0xF6F5, 0xFEF5,
    0xF6F5, 0xF736, 0xFF77, 0xFF56, 0xFF16, 0xF715, 0xF6F5, 0xFF36, 0xFF37, 0xF716, 0xFF57, 0xFF98, 0xFF77, 0xFF37, 0xFF37, 0xFF57,
    0xF6F5, 0xF715, 0xFF36, 0xFF16, 0xFF56, 0xF6F5, 0xFF36, 0xFF77, 0xFF57, 0xFF56, 0xFF57, 0xFF36, 0xF6D4, 0xF6F5, 0xFF15, 0xFF56,
    0xFF97, 0xFF36, 0xFF15, 0xFF77, 0xFF56, 0xFF14, 0xFEB3, 0xFE51, 0xEDAE, 0xEDAE, 0xF5CF, 0xED8E, 0xF610, 0xFE71, 0xF5EF, 0xEDAE,
    0xEDCF, 0xEDCF, 0xFE30, 0xFE51, 0xFE30, 0xFE50, 0xF610, 0xFE71, 0xFEF2, 0xFF13, 0xFEF2, 0xFE51, 0xFE91, 0xFF33, 0xFEB2, 0xF60F,
    0xFE30, 0xFE71, 0xFE71, 0xF630, 0xF610, 0xFE50, 0xFE71, 0xFE71, 0xFE71, 0xFE50, 0xF60F, 0xE52C, 0xDCEC, 0xDCEC, 0xDD0C, 0xDCEC,
    0xDCEC, 0xD4CB, 0xD4CB, 0xDCEB, 0xDCEC, 0xD48A, 0xD4AA, 0xDCCB, 0xDCCB, 0xD4CB, 0xCC8B, 0xCC8B, 0xDD0C, 0xDD0C, 0xDCEC, 0xD4AB,
    0xD4AB, 0xC449, 0xC429, 0xCC6A, 0xD4AB, 0xD4AB, 0xD48B, 0xDD2D, 0xE5F0, 0xE5F1, 0xE5F1, 0xE611, 0xEE11, 0xEE31, 0xE5F1, 0xEE32,
    0xE5F1, 0xE5F1, 0xE5F1, 0xE5F0, 0xE5F0, 0xE5F0, 0xE5CF, 0xE673, 0xD655, 0xCD6F, 0xDE54, 0xDE33, 0xCD6F, 0xCD90, 0xDD4D, 0xEDAC,
    0xEE2F, 0xEF37, 0xD612, 0xE54A, 0xEDAB, 0xE54B, 0xDD0B, 0xE612, 0xE655, 0xCD50, 0xEEF9, 0xDE98, 0xCD71, 0xCD0F, 0xEE97, 0xD5B3,
    0xB4F0, 0xBCAE, 0xBD31, 0xC571, 0xCDF4, 0xEED8, 0xDD91, 0xD571, 0xCDB3, 0xE6D9, 0xC5B2, 0xE6B7, 0xE677, 0xD635, 0xB530, 0xC4AC,
    0xDD50, 0xEF3A, 0xD5F3, 0xCCAD, 0xDE14, 0xD6B9, 0xDEB9, 0xCE16, 0xE6D9, 0xD5D3, 0xEEB8, 0xBCEF, 0xABC8, 0xBC2A, 0xABC9, 0x92E6,
    0xF6B4, 0xFEF5, 0xFF36, 0xFF36, 0xFEF6, 0xFF16, 0xFF57, 0xFF57, 0xFF57, 0xFF78, 0xFF77, 0xFF56, 0xF6F5, 0xF716, 0xFF57, 0xF6F5,
    0xF6D4, 0xFEF4, 0xFEF3, 0xF6B1, 0xFEB1, 0xF6B1, 0xFF12, 0xFF53, 0xFF75, 0xFF76, 0xFF33, 0xF66E, 0xFE6E, 0xF66F, 0xF66E, 0xFEB0,
    0xFF32, 0xFEF3, 0xFEF5, 0xFF16, 0xFEF6, 0xF6F6, 0xFEF4, 0xF651, 0xEDCF, 0xEDAF, 0xED8E, 0xE58E, 0xE58E, 0xE58E, 0xE56E, 0xE56D,
    0xE54D, 0xE56D, 0xEDCF, 0xF631, 0xEE31, 0xEE10, 0xF6D4, 0xFF36, 0xFF77, 0xFF77, 0xFF36, 0xFF36, 0xFF16, 0xFF16, 0xF6F5, 0xFEF6,
    0xFF57, 0xFF57, 0xFF37, 0xFF37, 0xFF77, 0xFF36, 0xFF36, 0xFF57, 0xFF57, 0xFF77, 0xFF77, 0xFF77, 0xFF77, 0xFF77, 0xFF57, 0xFF36,
    0xF6D4, 0xF715, 0xFF56, 0xFF16, 0xFF36, 0xFF36, 0xFF56, 0xFF56, 0xFF36, 0xF6F5, 0xF716, 0xF6D5, 0xF6F5, 0xFF56, 0xFF36, 0xFF16,
    0xFF57, 0xFF36, 0xFF76, 0xFF97, 0xFF36, 0xFF56, 0xFF14, 0xF651, 0xF610, 0xFE30, 0xFE10, 0xF5EF, 0xF610, 0xFE50, 0xEDAE, 0xED8E,
    0xEDCE, 0xF610, 0xEDCF, 0xE56E, 0xF5CF, 0xF5CF, 0xF5AF, 0xF630, 0xFEB2, 0xFEB2, 0xF670, 0xFE91, 0xFE71, 0xFF33, 0xFF12, 0xFED2,
    0xFE91, 0xFE91, 0xFE71, 0xFE30, 0xF5EF, 0xF610, 0xF630, 0xFED2, 0xFED2, 0xFE71, 0xFE71, 0xEDAE, 0xDD2C, 0xDCEC, 0xDCEC, 0xDD0C,
    0xDD0C, 0xD4CB, 0xD4AA, 0xD4AB, 0xDCEB, 0xD4CB, 0xCC8A, 0xD4CB, 0xD4AB, 0xD4CB, 0xD4AB, 0xD4AB, 0xDCEC, 0xD4CB, 0xDCEC, 0xD4AB,
    0xD4AB, 0xD4AB, 0xD4AB, 0xD48A, 0xD48A, 0xD4AB, 0xD48B, 0xD4CC, 0xE5D0, 0xE611, 0xE611, 0xEE11, 0xEE11, 0xEE32, 0xE611, 0xEE11,
    0xE5F1, 0xE5F1, 0xE5F1, 0xE5F1, 0xE5F0, 0xE5F0, 0xE5F0, 0xE5D0, 0xD58F, 0xE5CF, 0xE58E, 0xE58D, 0xE5AC, 0xEDCC, 0xEDAC, 0xEDAB,
    0xE5AC, 0xD54C, 0xDD4B, 0xED8B, 0xE56B, 0xDCEA, 0xDDF2, 0xF6F8, 0xF6D7, 0xEE96, 0xEE97, 0xEED8, 0xD5B2, 0xCCAD, 0xEE97, 0xEE77,
    0xEE77, 0xEE97, 0xEE97, 0xC4EE, 0xCD0F, 0xE656, 0xCCAC, 0xD48A, 0xCCCD, 0xEEB7, 0xCD0E, 0xD5B2, 0xEE76, 0xC46B, 0xE5D3, 0xF6F9,
    0xEED8, 0xF6B7, 0xE697, 0xF6D8, 0xD530, 0xD592, 0xD5D4, 0xD5D3, 0xEED8, 0xC4AD, 0xBCF0, 0xD5D4, 0xABE9, 0xABE9, 0xABC9, 0x7A64,
    0xFEF6, 0xFF36, 0xFF36, 0xFF16, 0xF6F5, 0xEE94, 0xF6F5, 0xFF36, 0xFF16, 0xF6F5, 0xF6B5, 0xFF16, 0xFF78, 0xFF98, 0xFF78, 0xFF36,
    0xFF77, 0xFF56, 0xF692, 0xF691, 0xFEB1, 0xFEB1, 0xFED1, 0xFF12, 0xFEF2, 0xFF33, 0xFF12, 0xFEAF, 0xFEAF, 0xF64E, 0xF64E, 0xFEAF,
    0xFEF0, 0xFED1, 0xFEF1, 0xFEF2, 0xFED4, 0xFF16, 0xFEF5, 0xEE10, 0xED8E, 0xEDCF, 0xF610, 0xF5EF, 0xE56E, 0xE58E, 0xF610, 0xF610,
    0xF610, 0xF631, 0xF672, 0xF692, 0xF672, 0xEE72, 0xF6F4, 0xFF57, 0xFF56, 0xFF56, 0xFF16, 0xFF15, 0xF6D5, 0xFF16, 0xFF16, 0xFF16,
    0xF6F5, 0xFF16, 0xFF36, 0xFF16, 0xFF57, 0xFF36, 0xFF37, 0xFF77, 0xFF77, 0xFF57, 0xFF57, 0xFF37, 0xFF36, 0xFF57, 0xFF57, 0xFF36,
    0xF6B4, 0xFF36, 0xFF56, 0xFF16, 0xFF36, 0xFF36, 0xFF77, 0xFF36, 0xFF16, 0xF6F5, 0xF6F5, 0xF6F5, 0xFF36, 0xFF56, 0xF6D5, 0xF6B4,
    0xFF57, 0xFF16, 0xFF77, 0xFF56, 0xFF16, 0xFF56, 0xFEF4, 0xFED4, 0xFED3, 0xF651, 0xF610, 0xF630, 0xFE50, 0xF610, 0xF5CF, 0xF60F,
    0xF5CF, 0xF5EF, 0xE56D, 0xE58E, 0xF610, 0xF630, 0xF5EF, 0xF5EF, 0xEDCF, 0xF610, 0xF630, 0xFEB2, 0xFE91, 0xFE91, 0xFEB1, 0xFEF2,
    0xFE71, 0xFEB1, 0xFE70, 0xFE71, 0xFE50, 0xFE91, 0xFEB2, 0xFE91, 0xFE91, 0xFE50, 0xF630, 0xEDCE, 0xED6D, 0xE52C, 0xDCEC, 0xDCEC,
    0xDCEC, 0xDCEB, 0xD4AA, 0xD4AB, 0xD4CB, 0xD4CB, 0xDCEB, 0xD4AB, 0xD4AB, 0xD4AB, 0xD4AB, 0xD4CB, 0xDD0C, 0xDD0C, 0xDCEC, 0xD4AB,
    0xDCEC, 0xDCEC, 0xD4AB, 0xC409, 0xD46A, 0xDCEC, 0xCC8A, 0xD48B, 0xE5AF, 0xE5F0, 0xE611, 0xEE32, 0xEE32, 0xEE32, 0xE611, 0xEE32,
    0xEE11, 0xE5F1, 0xE5F1, 0xE5F1, 0xE5F0, 0xE5D0, 0xE5F0, 0xE5D0, 0xE5F0, 0xE5D0, 0xE5CF, 0xEDCD, 0xE58B, 0xED8B, 0xED8B, 0xED8B,
    0xED8B, 0xEDAB, 0xEDAB, 0xED8B, 0xE52B, 0xDD0B, 0xDD2D, 0xDD4E, 0xD52D, 0xD50D, 0xD50E, 0xDD4F, 0xD50D, 0xCC8B, 0xCCED, 0xD52F,
    0xD52F, 0xD50F, 0xD50E, 0xD4CC, 0xD4CD, 0xD4ED, 0xD4AB, 0xDCEC, 0xDD0D, 0xD50D, 0xDD0D, 0xD4ED, 0xD4ED, 0xDCEC, 0xDD2E, 0xDD2F,
    0xD52E, 0xD52F, 0xDD4F, 0xDD4F, 0xDCED, 0xDD0E, 0xDD2E, 0xDD0E, 0xDD90, 0xC46A, 0xA388, 0xBC8D, 0xB409, 0xA388, 0xABA9, 0x7224,
    0xFF57, 0xFF57, 0xF6F6, 0xEE94, 0xF6D5, 0xFF36, 0xFF16, 0xF6B5, 0xEEB4, 0xF6D5, 0xF6F5, 0xF716, 0xFF77, 0xFF57, 0xFF57, 0xFF57,
    0xFF57, 0xFF36, 0xF672, 0xFEB2, 0xFED2, 0xF691, 0xF670, 0xF690, 0xF6B0, 0xFEF1, 0xFED0, 0xFEF1, 0xFED0, 0xF64E, 0xFEAF, 0xFED0,
    0xFE8F, 0xFE8F, 0xFEAF, 0xFEAF, 0xFED2, 0xFF15, 0xFED3, 0xF610, 0xED8E, 0xF630, 0xF630, 0xF650, 0xF671, 0xF631, 0xF671, 0xF691,
    0xF692, 0xF672, 0xF6B3, 0xFF15, 0xFF15, 0xF6D4, 0xFF36, 0xFF36, 0xFF16, 0xFF36, 0xFF36, 0xFF36, 0xFF16, 0xFF15, 0xFF16, 0xFF16,
    0xFF57, 0xFF57, 0xFF36, 0xFF16, 0xFF36, 0xF716, 0xFF36, 0xFF37, 0xFF57, 0xFF36, 0xFF57, 0xF6F5, 0xF6F5, 0xFF57, 0xFF36, 0xFF36,
    0xF6D4, 0xFF16, 0xFF36, 0xFF36, 0xF6F5, 0xF715, 0xFF56, 0xFF16, 0xFF36, 0xF6F5, 0xFF36, 0xFF36, 0xFF36, 0xFF16, 0xF6D5, 0xF6F5,
    0xFF36, 0xFF57, 0xFF56, 0xFF15, 0xF6F5, 0xFF35, 0xFED4, 0xFF35, 0xFED3, 0xF610, 0xF610, 0xFE71, 0xFE71, 0xF5F0, 0xFE10, 0xF5EF,
    0xF5CF, 0xEDAE, 0xF5AF, 0xF5CF, 0xEDCF, 0xEDAF, 0xEDAF, 0xEDAF, 0xF5EF, 0xFE30, 0xFE92, 0xFEF3, 0xFE91, 0xFE2F, 0xF5EF, 0xF610,
    0xFE30, 0xF650, 0xF630, 0xFEB1, 0xFE91, 0xFEB1, 0xFE91, 0xFE50, 0xF60F, 0xF5EF, 0xF5EF, 0xEDAE, 0xEDAF, 0xED8E, 0xDD0C, 0xDCEC,
    0xDCEB, 0xDCEC, 0xDCEB, 0xD4CB, 0xD4CB, 0xD4CB, 0xD4CB, 0xD4CB, 0xD4CB, 0xD4AB, 0xD4AB, 0xDCEC, 0xDCEC, 0xE52D, 0xDD0C, 0xDCEC,
    0xDCEC, 0xDCCC, 0xD4AB, 0xD4AB, 0xD48B, 0xD4AB, 0xCC6A, 0xD4AB, 0xDD0C, 0xDD6E, 0xE5F1, 0xEE32, 0xEE32, 0xEE11, 0xEE11, 0xEE32,
    0xEE11, 0xEE11, 0xEE11, 0xE5F1, 0xE5F0, 0xE5F0, 0xE5F0, 0xE5D0, 0xE5D0, 0xE5CF, 0xE5CE, 0xEDAD, 0xE56B, 0xE58B, 0xE58B, 0xE58B,
    0xE58B, 0xED8B, 0xED8B, 0xED8B, 0xDD0B, 0xDD0B, 0xDD0B, 0xDCEB, 0xDCCA, 0xCC8A, 0xD4AB, 0xDCEC, 0xD4CC, 0xD48B, 0xD48B, 0xDCEC,
    0xDCCC, 0xD4AB, 0xD4AB, 0xD4CC, 0xD4AC, 0xD4AB, 0xDCEC, 0xDD0D, 0xDCEC, 0xDCEC, 0xDD0C, 0xDCEC, 0xDCCC, 0xDCEC, 0xDCEC, 0xDCCB,
    0xDCCB, 0xDCCC, 0xDCEC, 0xDCEC, 0xDD0D, 0xDD0D, 0xDCEC, 0xDCEC, 0xE52D, 0xCCAB, 0xABA8, 0xB3E9, 0xB42A, 0xA367, 0x9327, 0x7203,
    0xEE94, 0xEE74, 0xE653, 0xEEB4, 0xF6D5, 0xF6D5, 0xF6D5, 0xF6B5, 0xF6F6, 0xFF57, 0xFF77, 0xFF77, 0xFF57, 0xFF16, 0xF716, 0xF715,
    0xFF15, 0xF6D4, 0xF692, 0xFEB2, 0xF691, 0xEE0F, 0xEE2F, 0xEE2F, 0xF670, 0xFEF1, 0xFEB0, 0xFEB0, 0xFE8F, 0xF60E, 0xFED0, 0xFEF1,
    0xEDED, 0xE5CD, 0xFE8E, 0xFEEF, 0xFEF0, 0xFEF0, 0xFEF1, 0xFEB0, 0xF62F, 0xFEB1, 0xF6B1, 0xF6B2, 0xFED3, 0xF691, 0xF692, 0xF6B2,
    0xFEB2, 0xF692, 0xF6D3, 0xF6D4, 0xFEF4, 0xF6D4, 0xFF77, 0xF716, 0xFF36, 0xFF56, 0xFF57, 0xFF16, 0xF6D5, 0xF6D5, 0xF6D5, 0xF715,
    0xFF57, 0xFF57, 0xFF16, 0xF716, 0xF6F5, 0xF6F5, 0xFF36, 0xFF36, 0xFF16, 0xFF16, 0xFF57, 0xFF37, 0xFF57, 0xFF57, 0xF6F5, 0xF6F5,
    0xF6F5, 0xF715, 0xFF15, 0xF715, 0xF6F5, 0xFF36, 0xF6F5, 0xF6F5, 0xFF56, 0xFEF6, 0xFF36, 0xFF36, 0xFF56, 0xFF36, 0xFF15, 0xFF16,
    0xF716, 0xFF77, 0xFF36, 0xFF15, 0xFEF5, 0xFF56, 0xFEF5, 0xFF56, 0xFEF4, 0xFED4, 0xFED3, 0xF630, 0xEDEF, 0xF5F0, 0xED8E, 0xF5EF,
    0xF5CF, 0xE54D, 0xE52D, 0xEDAF, 0xF610, 0xE56E, 0xE52D, 0xEDAE, 0xFE50, 0xFE70, 0xFEF2, 0xFF13, 0xFEB1, 0xFE70, 0xFE50, 0xFE50,
    0xF60F, 0xF5EE, 0xF5CE, 0xFE2F, 0xF60F, 0xFE30, 0xFE71, 0xF650, 0xF5EF, 0xF60F, 0xFE0F, 0xEDAE, 0xF5CF, 0xE56D, 0xE52D, 0xE52D,
    0xDD0C, 0xD4AB, 0xD4CB, 0xDCEB, 0xD4CB, 0xD48A, 0xCC6A, 0xDCEB, 0xDCEC, 0xCC8A, 0xD4AB, 0xDCEC, 0xD4EC, 0xDD0C, 0xDD2C, 0xDCCB,
    0xDCEC, 0xDCEC, 0xDCEC, 0xDCEC, 0xD48B, 0xD48B, 0xD4AB, 0xDCCC, 0xDCCC, 0xDD4D, 0xE611, 0xEE32, 0xEE32, 0xE611, 0xEE12, 0xEE32,
    0xEE32, 0xEE11, 0xE611, 0xE611, 0xE5F0, 0xE5F0, 0xE5F0, 0xE5F0, 0xE5F0, 0xE5D0, 0xE5CE, 0xEDCD, 0xEDAB, 0xED8B, 0xE58B, 0xE58B,
    0xEDAB, 0xEDAC, 0xE58B, 0xE52A, 0xDD0B, 0xDCEB, 0xDD0C, 0xDD0B, 0xDCEB, 0xD4AB, 0xD4CC, 0xDCEC, 0xD4CC, 0xCC8B, 0xD4AB, 0xDCED,
    0xD4EC, 0xCCAB, 0xD4CC, 0xDCEC, 0xDCEC, 0xD4EC, 0xDD0D, 0xDD0D, 0xDCEC, 0xD4CC, 0xDCEC, 0xDD0D, 0xDCEC, 0xDCEC, 0xDCEC, 0xDCED,
    0xDD0C, 0xDCEC, 0xDCED, 0xDCED, 0xDD0D, 0xDD0D, 0xDCED, 0xDCEC, 0xDD0D, 0xC46A, 0xB3E9, 0xB3E9, 0xABC9, 0xABC9, 0x8AC6, 0x69E3,
    0xF6F5, 0xF6D5, 0xEEB4, 0xF6B5, 0xEEB5, 0xF6F6, 0xFF16, 0xFF16, 0xF716, 0xFF57, 0xFF57, 0xFF37, 0xFF37, 0xF6F6, 0xFF36, 0xFF36,
    0xFF36, 0xF6B3, 0xF692, 0xF692, 0xE5CE, 0xE5AE, 0xEDCE, 0xEDEE, 0xEDEE, 0xF690, 0xEDEE, 0xEE0D, 0xFE6F, 0xEE0E, 0xFED0, 0xFEB0,
    0xF62E, 0xEE2E, 0xFECF, 0xFEF0, 0xFEF0, 0xFEF0, 0xFEF0, 0xFEAF, 0xF64E, 0xF64E, 0xF6B0, 0xF6D1, 0xFED2, 0xFED2, 0xFED3, 0xF692,
    0xF671, 0xF6B2, 0xFEF4, 0xF6F4, 0xFEF5, 0xFF15, 0xFF36, 0xFF16, 0xFF56, 0xFF36, 0xFF57, 0xFF36, 0xFF16, 0xFF16, 0xFF16, 0xFF16,
    0xFF57, 0xFF36, 0xF6F5, 0xFF36, 0xFF36, 0xFF37, 0xFF57, 0xFF57, 0xFF37, 0xFF57, 0xFF57, 0xFF57, 0xFF57, 0xF6F5, 0xF6F5, 0xF6F5,
    0xFF36, 0xFF36, 0xFF36, 0xFF36, 0xFF36, 0xFF57, 0xFF56, 0xFF57, 0xFF57, 0xFF36, 0xFF57, 0xFF36, 0xFF36, 0xFF16, 0xF6F5, 0xFF36,
    0xF6F5, 0xFF56, 0xFFB8, 0xFF57, 0xF6F5, 0xFF35, 0xFF36, 0xFF77, 0xFF77, 0xFF76, 0xFEF3, 0xFE51, 0xF630, 0xF610, 0xE58E, 0xEDCF,
    0xF630, 0xF5EF, 0xED8E, 0xEDCF, 0xF5EF, 0xEDCF, 0xF610, 0xFE91, 0xFEB1, 0xFE70, 0xFE91, 0xFE71, 0xFE50, 0xFE71, 0xFE91, 0xFEB1,
    0xFE50, 0xFE50, 0xF62F, 0xFE50, 0xF60F, 0xF60F, 0xF5EF, 0xF5EF, 0xFE2F, 0xFE50, 0xF5EF, 0xEDAE, 0xF5EF, 0xED8E, 0xE56D, 0xE52D,
    0xDD0C, 0xD4AB, 0xD4AB, 0xD4CB, 0xD4CB, 0xD4CB, 0xD48A, 0xDCCB, 0xD4CB, 0xD48A, 0xD4AB, 0xDD0C, 0xDCEC, 0xDD0C, 0xDD0C, 0xDCEC,
    0xDD2D, 0xDD4D, 0xD4CB, 0xD4CB, 0xD4AB, 0xDCCC, 0xD4CB, 0xD4CB, 0xDCEC, 0xDD4D, 0xEE11, 0xEE32, 0xEE32, 0xEE32, 0xEE32, 0xEE32,
    0xEE32, 0xE611, 0xEE11, 0xE611, 0xE611, 0xE5F0, 0xE5F0, 0xE5F0, 0xE5F0, 0xE5F0, 0xE5CE, 0xEDAC, 0xEDCB, 0xEDAB, 0xEDAB, 0xEDAB,
    0xE5CC, 0xEDEE, 0xEDEF, 0xE58D, 0xE54C, 0xDD4C, 0xDD2C, 0xE52C, 0xDCEB, 0xDCEB, 0xDCEC, 0xD4EC, 0xD4CC, 0xD4CB, 0xD4CC, 0xD4CC,
    0xD4CC, 0xCCAB, 0xD4AB, 0xD4CC, 0xD4EC, 0xD4CC, 0xD4CC, 0xDCEC, 0xDCEC, 0xD4CC, 0xDCEC, 0xDCEC, 0xDCEC, 0xDCEC, 0xDCEC, 0xDCEC,
    0xDCEC, 0xDCEC, 0xDCEC, 0xDCEC, 0xDD0D, 0xDD0D, 0xDCEC, 0xDCEC, 0xCC8B, 0xABA8, 0xABC9, 0xBC2A, 0xA388, 0xA388, 0x8AC6, 0x7203,
    0xFF36, 0xF6F5, 0xF716, 0xFF16, 0xFF16, 0xFF16, 0xF6D5, 0xFF16, 0xFF57, 0xFF98, 0xFF16, 0xFF37, 0xFF57, 0xFF57, 0xFF36, 0xF6F5,
    0xFF16, 0xF693, 0xEE31, 0xEE30, 0xE5AE, 0xE58D, 0xE5AE, 0xEDCE, 0xE5AD, 0xFE90, 0xF62E, 0xEE0E, 0xF66F, 0xFF12, 0xF66F, 0xE5CD,
    0xFE6F, 0xFEEF, 0xFEEF, 0xFEF0, 0xFECF, 0xFEF0, 0xFEF0, 0xFEAF, 0xF62D, 0xF62D, 0xF6B0, 0xF690, 0xF690, 0xF6B1, 0xFED2, 0xF691,
    0xEE50, 0xF692, 0xF6B2, 0xEE72, 0xF693, 0xFED4, 0xFEF5, 0xFF36, 0xFF56, 0xFF36, 0xFF36, 0xF6F5, 0xFF16, 0xFF36, 0xFF56, 0xFF36,
    0xF716, 0xF6F5, 0xF6F5, 0xFF16, 0xFF57, 0xFF98, 0xF757, 0xF716, 0xFF16, 0xFF57, 0xFF57, 0xFF36, 0xF6F5, 0xF6F5, 0xFF36, 0xFF36,
    0xFF56, 0xFF56, 0xFF36, 0xFF36, 0xFF57, 0xFF77, 0xFF97, 0xF716, 0xFF56, 0xFF57, 0xFF36, 0xFF15, 0xFF15, 0xF715, 0xF6F5, 0xFF16,
    0xFF36, 0xFF56, 0xFF97, 0xFF36, 0xFEF5, 0xFF15, 0xFF97, 0xFF98, 0xFF98, 0xFF35, 0xFE92, 0xFE72, 0xF630, 0xF610, 0xF610, 0xF650,
    0xF650, 0xF5EF, 0xEDAE, 0xED8E, 0xF5EF, 0xFE51, 0xFE71, 0xFEB1, 0xFE91, 0xF650, 0xFE91, 0xFE70, 0xFE71, 0xFE70, 0xFEB1, 0xFED2,
    0xFE50, 0xFE50, 0xF62F, 0xFE50, 0xF62F, 0xF5EE, 0xF5CE, 0xF5EE, 0xF62F, 0xFE70, 0xFE30, 0xF5EF, 0xF60F, 0xF5EF, 0xEDAE, 0xE56E,
    0xDD0C, 0xDD0C, 0xD4CB, 0xD4AB, 0xDCEB, 0xDCEC, 0xD4CB, 0xD4AB, 0xD4AB, 0xD4AB, 0xD4AB, 0xDD0C, 0xDCEC, 0xDD0C, 0xDD2D, 0xE54D,
    0xE54D, 0xDD4D, 0xDD0C, 0xDCEC, 0xD4AB, 0xD4CB, 0xD4AB, 0xCC8A, 0xD4AB, 0xD4CC, 0xE5D0, 0xEE32, 0xEE32, 0xEE52, 0xEE32, 0xEE32,
    0xEE32, 0xE611, 0xEE11, 0xE611, 0xE5F1, 0xE5F0, 0xE5F0, 0xE5F0, 0xE5F0, 0xE5F0, 0xE5CD, 0xE5CB, 0xEDAB, 0xEDAB, 0xEDCB, 0xEDCB,
    0xEDCC, 0xEDEF, 0xEE11, 0xEE10, 0xEDF0, 0xE5CF, 0xE56D, 0xE56D, 0xE52C, 0xDD0C, 0xDD2C, 0xDD2C, 0xD4CC, 0xD4CC, 0xD4EC, 0xD4CC,
    0xD4CC, 0xD4CC, 0xD4AC, 0xD4CC, 0xD4CC, 0xD4CB, 0xDCEC, 0xDD0C, 0xDD0C, 0xDCEC, 0xDCEC, 0xDCEC, 0xDCEC, 0xDCEC, 0xDCEC, 0xDCEC,
    0xDD0C, 0xDCEC, 0xDCEC, 0xDCEC, 0xDCEC, 0xDCEC, 0xDCEC, 0xDCEC, 0xC46A, 0xA366, 0xABC8, 0xB42A, 0xABA8, 0xABA8, 0x7A44, 0x7A44,
};

#endif // PET_HAPPY_H
