// Auto-generated from pet_think.png
// 240x320 RGB565, little-endian bytes as stored by esp_lcd.
#ifndef PET_THINK_H
#define PET_THINK_H

#include <stdint.h>

#define PET_THINK_WIDTH  240
#define PET_THINK_HEIGHT 320
#define PET_THINK_PIXELS (240*320)

const uint16_t g_pet_think[PET_THINK_PIXELS] = {
    0xFFFB, 0xFFFB, 0xFFFB, 0xFFFC, 0xFFFC, 0xFFFC, 0xFFFC, 0xFFFC, 0xFFFC, 0xFFFC, 0xFFFC, 0xFFFC, 0xFFFC, 0xFFFC, 0xFFFC, 0xFFFC,
    0xFFFC, 0xFFFC, 0xFFFC, 0xFFFB, 0xFFFC, 0xFFF9, 0xFF53, 0xFE0C, 0xFE0A, 0xFE8C, 0xFEAC, 0xFE8C, 0xFDCA, 0xF508, 0xECE8, 0xECE7,
    0xED29, 0xF5CC, 0xFE2E, 0xFE4E, 0xFE4E, 0xFEAF, 0xFF72, 0xFFD5, 0xFFF7, 0xFFF7, 0xFFF7, 0xFFF7, 0xFFF7, 0xFFF7, 0xFFF7, 0xFFF7,
    0xFFF7, 0xFFF7, 0xFFF7, 0xFFF7, 0xFFF7, 0xFFD7, 0xFFD7, 0xFFD7, 0xFFD7, 0xFFF7, 0xFFB6, 0xFF12, 0xFE6F, 0xF62E, 0xF62E, 0xF60E,
    0xF60E, 0xEDCE, 0xEDCE, 0xE5AE, 0xE58E, 0xE58E, 0xDD4D, 0xD4EB, 0xD4EB, 0xD4EB, 0xD4EB, 0xD50C, 0xD54E, 0xDD4E, 0xD54E, 0xD54E,
    0xD54E, 0xD54E, 0xD54E, 0xD54E, 0xD54E, 0xD54E, 0xD52E, 0xD4ED, 0xC48B, 0xBC6A, 0xC46A, 0xBC4A, 0xBC4A, 0xC46A, 0xC48C, 0xC4AC,
    0xC4AC, 0xC4AC, 0xC4AC, 0xCCCD, 0xCD0D, 0xCD0E, 0xCCEE, 0xCCEE, 0xCCEE, 0xCCEE, 0xCCEE, 0xC48C, 0xB42A, 0xB40A, 0xB42A, 0xBC6C,
    0xBC8C, 0xBCAC, 0xBC8D, 0xBC8D, 0xBC8D, 0xBC8D, 0xBC8D, 0xBC8D, 0xBC8D, 0xBC8D, 0xBC8D, 0xBC8D, 0xBC8D, 0xBC8D, 0xBC8D, 0xBC8D,
    0xBC8D, 0xBC8D, 0xBC8D, 0xBC8D, 0xBC8D, 0xBC8D, 0xBC8D, 0xBC8D, 0xBC8D, 0xBC8C, 0xBC8C, 0xB48D, 0xB46D, 0xB46C, 0xB46C, 0xB46C,
    0xB46C, 0xB44C, 0xB44B, 0xAC2B, 0xA40A, 0xAC0A, 0xA40A, 0xA40A, 0xA40A, 0xA3EA, 0xA3EA, 0xA3EA, 0xA3EA, 0xA3EA, 0xA3EA, 0xA3EA,
    0xA3EA, 0xA3EA, 0xA3EA, 0xA3EA, 0xA3EA, 0xA3EA, 0x9BEA, 0x9BEA, 0x9BEA, 0x9BEA, 0x9BE9, 0x9BE9, 0x9BE9, 0x9BC9, 0x9BC9, 0x9BC9,
    0x9BC9, 0x9BC9, 0x9BA9, 0x9389, 0x9389, 0x9389, 0x9389, 0x9389, 0x938A, 0x9389, 0x9389, 0x9389, 0x9389, 0x9389, 0x938A, 0x938A,
    0x938A, 0x938A, 0x9389, 0x938A, 0x938A, 0x938A, 0x938A, 0x9389, 0x9389, 0x9389, 0x9389, 0x9389, 0x9369, 0x938A, 0x8B49, 0x8265,
    0x71A2, 0x79C2, 0x79E3, 0x79E3, 0x79E2, 0x79E2, 0x79E3, 0x79E3, 0x71C2, 0x6162, 0x5922, 0x5922, 0x5922, 0x5922, 0x5922, 0x5101,
    0x61A4, 0x72A8, 0x7B0A, 0x72E9, 0x6AA8, 0x6AA9, 0x6ACA, 0x6ACA, 0x62CA, 0x62CA, 0x62CA, 0x62CA, 0x62CA, 0x62CA, 0x62CA, 0x62CA,
    0xFFFB, 0xFFFB, 0xFFFB, 0xFFFB, 0xFFFB, 0xFFFB, 0xFFFB, 0xFFFB, 0xFFFC, 0xFFFC, 0xFFFC, 0xFFFB, 0xFFFB, 0xFFFB, 0xFFFB, 0xFFFB,
    0xFFFB, 0xFFFB, 0xFFFB, 0xFFFB, 0xFFFC, 0xFFFA, 0xFF53, 0xFE2C, 0xFE0A, 0xFE8C, 0xFEAC, 0xFE8C, 0xFDCA, 0xF508, 0xED08, 0xECE7,
    0xED29, 0xF5CC, 0xFE2E, 0xFE2E, 0xFE4E, 0xFE8F, 0xFF52, 0xFFD5, 0xFFF7, 0xFFF7, 0xFFF7, 0xFFF7, 0xFFF7, 0xFFF7, 0xFFF7, 0xFFF7,
    0xFFF7, 0xFFF7, 0xFFF7, 0xFFF7, 0xFFD7, 0xFFD7, 0xFFD7, 0xFFD7, 0xFFD7, 0xFFD7, 0xFFD6, 0xFF32, 0xFE6F, 0xF62E, 0xF62E, 0xF62E,
    0xF60E, 0xEDEE, 0xEDCE, 0xEDAE, 0xE58E, 0xE58E, 0xDD4D, 0xD4EC, 0xD4EB, 0xD4EB, 0xD4EB, 0xD4EC, 0xD54E, 0xDD4E, 0xDD4E, 0xDD4E,
    0xD54E, 0xD54E, 0xD54E, 0xD54E, 0xD54E, 0xD54E, 0xD52E, 0xD4ED, 0xC48B, 0xBC6A, 0xC46A, 0xBC4A, 0xBC4A, 0xC46A, 0xC4AC, 0xC4AC,
    0xC4AC, 0xC48C, 0xC4AC, 0xCCCD, 0xCD0E, 0xCD0E, 0xCD0E, 0xCD0E, 0xCCEE, 0xCCEE, 0xCCEE, 0xC4AC, 0xB42A, 0xB40A, 0xB42A, 0xBC6C,
    0xBC8C, 0xBCAC, 0xBC8D, 0xBC8D, 0xBC8D, 0xBC8D, 0xBC8D, 0xBC8D, 0xBCAD, 0xBC8D, 0xBC8D, 0xBC8D, 0xBC8D, 0xBC8D, 0xBC8D, 0xBC8D,
    0xBC8D, 0xBC8D, 0xBC8D, 0xBC8D, 0xBC8D, 0xBC8D, 0xBC8D, 0xBC8D, 0xBC8D, 0xBC8D, 0xBC8C, 0xB48D, 0xB46D, 0xB46D, 0xB46C, 0xB46C,
    0xB46C, 0xB46C, 0xAC4B, 0xAC2A, 0xA40A, 0xA40A, 0xA3EA, 0xA40A, 0xA40A, 0xA3EA, 0xA3EA, 0xA3EA, 0xA3EA, 0xA3EA, 0xA3EA, 0xA3EA,
    0xA3EA, 0xA3EA, 0xA3EA, 0xA3EA, 0xA3EA, 0xA3EA, 0xA3EA, 0x9BEA, 0xA3EA, 0x9BEA, 0x9BEA, 0x9BEA, 0x9BE9, 0x9BE9, 0x9BE9, 0x9BE9,
    0x9BC9, 0x9BC9, 0x9BA9, 0x9389, 0x9389, 0x9389, 0x9389, 0x9389, 0x9389, 0x9389, 0x9389, 0x938A, 0x938A, 0x938A, 0x938A, 0x938A,
    0x938A, 0x938A, 0x9389, 0x938A, 0x938A, 0x938A, 0x93AA, 0x9389, 0x9389, 0x9389, 0x9389, 0x9389, 0x9369, 0x9369, 0x8B08, 0x7A45,
    0x71A2, 0x79C2, 0x79E2, 0x81E3, 0x81E3, 0x81E3, 0x81E3, 0x79E3, 0x71A2, 0x6162, 0x5922, 0x5922, 0x5922, 0x5922, 0x5922, 0x5101,
    0x61A4, 0x72A8, 0x7B0A, 0x72E9, 0x6AA8, 0x6AA9, 0x6ACA, 0x6ACA, 0x6ACA, 0x6ACA, 0x62CA, 0x62CA, 0x62CA, 0x6ACA, 0x62CA, 0x62CA,
    0xFFFB, 0xFFFB, 0xFFFB, 0xFFFB, 0xFFFB, 0xFFFB, 0xFFFB, 0xFFFB, 0xFFFB, 0xFFFB, 0xFFFB, 0xFFFB, 0xFFFB, 0xFFFB, 0xFFFB, 0xFFFB,
    0xFFFB, 0xFFFB, 0xFFFB, 0xFFFC, 0xFFFC, 0xFFFA, 0xFF53, 0xFE2C, 0xFE0A, 0xFE8C, 0xFEAC, 0xFE8C, 0xFDEA, 0xF508, 0xECE8, 0xECE8,
    0xF529, 0xF5CC, 0xFE2E, 0xFE4E, 0xFE4E, 0xFE8F, 0xFF52, 0xFFD5, 0xFFF7, 0xFFF7, 0xFFF7, 0xFFF7, 0xFFF7, 0xFFF7, 0xFFF7, 0xFFF7,
    0xFFF7, 0xFFF7, 0xFFF7, 0xFFF7, 0xFFD7, 0xFFD7, 0xFFD7, 0xFFD7, 0xFFD7, 0xFFF7, 0xFFD6, 0xFF32, 0xFE6F, 0xF62E, 0xF62E, 0xF62E,
    0xF60E, 0xEDEE, 0xEDEE, 0xEDCE, 0xE5AE, 0xE58E, 0xDD4D, 0xD4EC, 0xD4EB, 0xD4EB, 0xD4EB, 0xD50C, 0xD54E, 0xDD4E, 0xDD4E, 0xDD4E,
    0xD54E, 0xD54E, 0xD54E, 0xD52E, 0xD54E, 0xD54E, 0xD52E, 0xD4ED, 0xC4AB, 0xC46A, 0xC46A, 0xC46A, 0xC46A, 0xC48A, 0xC4AC, 0xC4AC,
    0xC4AC, 0xC48C, 0xC4AC, 0xCCCD, 0xCD0D, 0xCD0E, 0xCD0E, 0xCD0E, 0xCD0E, 0xCD0E, 0xCCEE, 0xC4AC, 0xBC2B, 0xB40A, 0xB42B, 0xBC8C,
    0xBC8C, 0xBCAC, 0xBCAD, 0xBCAD, 0xBCAD, 0xBC8D, 0xBCAD, 0xBC8D, 0xBC8D, 0xBCAD, 0xBCAD, 0xBC8D, 0xBC8D, 0xBC8D, 0xBC8D, 0xBC8D,
    0xBC8D, 0xBC8D, 0xBC8D, 0xBC8D, 0xBC8D, 0xBC8D, 0xBC8D, 0xBC8D, 0xBC8D, 0xBC8D, 0xBC8D, 0xB48D, 0xB46D, 0xB46D, 0xB46C, 0xB46C,
    0xB46C, 0xB44C, 0xAC2B, 0xAC0A, 0xA40A, 0xA40A, 0xA40A, 0xA40A, 0xA40A, 0xA40A, 0xA40A, 0xA3EA, 0xA3EA, 0xA3EA, 0xA3EA, 0xA3EA,
    0xA3EA, 0xA3EA, 0xA3EA, 0xA3E9, 0xA3E9, 0xA3EA, 0xA3EA, 0xA3EA, 0xA3EA, 0x9BEA, 0x9BEA, 0x9BEA, 0x9BEA, 0x9BE9, 0x9BC9, 0x9BE9,
    0x9BC9, 0x9BC9, 0x9BA9, 0x9389, 0x9389, 0x9389, 0x9389, 0x9389, 0x9389, 0x9389, 0x9389, 0x938A, 0x938A, 0x938A, 0x9389, 0x9389,
    0x9389, 0x9389, 0x9389, 0x938A, 0x938A, 0x93AA, 0x938A, 0x938A, 0x9389, 0x9389, 0x9389, 0x9389, 0x9369, 0x8B49, 0x7A86, 0x7203,
    0x71A2, 0x79C2, 0x79E2, 0x81E3, 0x81E3, 0x81E3, 0x81E3, 0x79E3, 0x71A2, 0x6162, 0x5922, 0x5922, 0x5922, 0x5922, 0x5922, 0x5101,
    0x61A4, 0x72A8, 0x7B0A, 0x72E9, 0x6AA8, 0x6AA9, 0x6ACA, 0x6ACA, 0x6ACA, 0x6ACA, 0x6ACA, 0x6ACA, 0x6ACA, 0x6ACA, 0x6ACA, 0x6ACA,
    0xFFFB, 0xFFFB, 0xFFFB, 0xFFFB, 0xFFFB, 0xFFFB, 0xFFFB, 0xFFFB, 0xFFFC, 0xFFFC, 0xFFFC, 0xFFFB, 0xFFFB, 0xFFFB, 0xFFFB, 0xFFFB,
    0xFFFB, 0xFFFB, 0xFFFB, 0xFFFB, 0xFFFC, 0xFFFA, 0xFF54, 0xFE4D, 0xFE0B, 0xFE8C, 0xFEAD, 0xFE8C, 0xFDEA, 0xF508, 0xECE8, 0xECE8,
    0xED29, 0xFDCC, 0xFE2E, 0xFE4E, 0xFE4E, 0xFE8F, 0xFF52, 0xFFD5, 0xFFF7, 0xFFF7, 0xFFF7, 0xFFF7, 0xFFF7, 0xFFF7, 0xFFF7, 0xFFF7,
    0xFFF7, 0xFFF7, 0xFFF7, 0xFFF7, 0xFFF7, 0xFFD7, 0xFFD7, 0xFFD7, 0xFFF7, 0xFFF7, 0xFFD6, 0xFF53, 0xFE8F, 0xF62E, 0xF62E, 0xF62E,
    0xF60E, 0xF5EE, 0xEDEE, 0xEDCE, 0xEDAE, 0xE5AE, 0xDD4D, 0xD4EB, 0xD4EB, 0xD4EB, 0xD4EB, 0xD50C, 0xD54E, 0xDD6E, 0xDD6E, 0xDD6E,
    0xDD4E, 0xD54E, 0xD54E, 0xD54E, 0xD54E, 0xD52E, 0xD52E, 0xD4ED, 0xCCAB, 0xC46A, 0xC46A, 0xC46A, 0xC46A, 0xC46A, 0xC4AC, 0xC4AC,
    0xC4AC, 0xC48C, 0xC4AC, 0xCCCD, 0xCD0D, 0xCD0E, 0xCD0E, 0xCD0E, 0xCD0E, 0xCD0E, 0xCCEE, 0xC4AC, 0xB42A, 0xB40A, 0xB42B, 0xBC6C,
    0xBCAD, 0xBCAD, 0xBCAD, 0xBCAD, 0xBCAD, 0xBCAD, 0xBCAD, 0xBCAD, 0xBC8D, 0xBCAD, 0xBC8D, 0xBC8D, 0xBC8D, 0xBC8D, 0xBC8D, 0xBC8D,
    0xBC8D, 0xBC8D, 0xBC8D, 0xBC8D, 0xBC8D, 0xBC8D, 0xBC8D, 0xBC8D, 0xBC8D, 0xBC8D, 0xB48D, 0xB48D, 0xB48D, 0xB46D, 0xB46C, 0xB46C,
    0xB46C, 0xB44C, 0xAC2B, 0xAC0A, 0xAC0A, 0xA40A, 0xA40A, 0xA40A, 0xA40A, 0xA40A, 0xA40A, 0xA3EA, 0xA40A, 0xA3EA, 0xA3EA, 0xA3EA,
    0xA3EA, 0xA3EA, 0xA3EA, 0xA3EA, 0xA3EA, 0xA3EA, 0xA3EA, 0xA3EA, 0xA3EA, 0x9BEA, 0x9BEA, 0x9BEA, 0x9BEA, 0xA3E9, 0xA3C9, 0xA3C9,
    0x9BC9, 0x9BC9, 0x9BA9, 0x9389, 0x9389, 0x9389, 0x9389, 0x9389, 0x9389, 0x9389, 0x9389, 0x938A, 0x938A, 0x9389, 0x9389, 0x9389,
    0x9389, 0x9389, 0x9389, 0x938A, 0x938A, 0x93AA, 0x938A, 0x938A, 0x9389, 0x938A, 0x938A, 0x9389, 0x9369, 0x8B49, 0x7A45, 0x71C3,
    0x71C2, 0x79C2, 0x81E3, 0x81E2, 0x8203, 0x81E2, 0x81E3, 0x79E3, 0x71A2, 0x6162, 0x5922, 0x5942, 0x5922, 0x5922, 0x5922, 0x5101,
    0x61A4, 0x72A8, 0x7B0A, 0x72E9, 0x6AA8, 0x6AC9, 0x6ACA, 0x6ACA, 0x6ACA, 0x6ACA, 0x6ACA, 0x6ACA, 0x6ACA, 0x6ACA, 0x6ACA, 0x6ACA,
    0xFFFB, 0xFFFB, 0xFFFB, 0xFFFC, 0xFFFC, 0xFFFC, 0xFFFC, 0xFFFC, 0xFFFC, 0xFFFC, 0xFFFC, 0xFFFC, 0xFFFC, 0xFFFB, 0xFFFB, 0xFFFB,
    0xFFFB, 0xFFFB, 0xFFFB, 0xFFFB, 0xFFFC, 0xFFFA, 0xFF75, 0xFE6D, 0xFE0B, 0xFE8C, 0xFECD, 0xFE8C, 0xFE0A, 0xF528, 0xECE8, 0xECE8,
    0xF529, 0xF5CC, 0xFE2E, 0xFE4E, 0xFE4E, 0xFE6E, 0xFF31, 0xFFB5, 0xFFF7, 0xFFF7, 0xFFF7, 0xFFF7, 0xFFF7, 0xFFF7, 0xFFF7, 0xFFF7,
    0xFFF7, 0xFFF7, 0xFFF7, 0xFFF7, 0xFFF7, 0xFFD7, 0xFFD7, 0xFFD7, 0xFFF7, 0xFFF7, 0xFFD6, 0xFF53, 0xFE8F, 0xF62E, 0xFE4E, 0xF62E,
    0xF60E, 0xF60E, 0xF5EE, 0xEDEE, 0xEDCF, 0xEDCF, 0xE56D, 0xD4EB, 0xD4EB, 0xD4EB, 0xD4EB, 0xD50C, 0xD54E, 0xDD6E, 0xDD6E, 0xDD4E,
    0xDD6E, 0xDD4E, 0xDD4E, 0xDD4E, 0xD54E, 0xD54E, 0xD54E, 0xD50D, 0xCCAB, 0xC46A, 0xC46A, 0xC46A, 0xC46A, 0xC48B, 0xC4AC, 0xC4AC,
    0xC4AC, 0xC48C, 0xC4AC, 0xCCCD, 0xCD0D, 0xCD0E, 0xCD0E, 0xCD0E, 0xCD0E, 0xCD0E, 0xCCEE, 0xC4AC, 0xB42A, 0xB42A, 0xB42B, 0xBC6C,
    0xBCAD, 0xBCAD, 0xBCAD, 0xBCAD, 0xBCAD, 0xBCAD, 0xBCAD, 0xBCAD, 0xBC8D, 0xBCAD, 0xBCAD, 0xBCAD, 0xBCAD, 0xBC8D, 0xBC8D, 0xBC8D,
    0xBC8D, 0xBC8D, 0xBC8D, 0xBC8D, 0xBC8D, 0xBC8D, 0xBC8D, 0xBC8D, 0xBC8D, 0xBC8D, 0xBC8D, 0xBC8D, 0xB48D, 0xB46D, 0xB46C, 0xB46C,
    0xB46C, 0xB44C, 0xAC2B, 0xAC0A, 0xAC0A, 0xA3EA, 0xA40A, 0xA40A, 0xA40A, 0xA40A, 0xA40A, 0xA3EA, 0xA40A, 0xA3EA, 0xA3EA, 0xA3EA,
    0xA3EA, 0xA3EA, 0xA3EA, 0xA3EA, 0xA3EA, 0xA3EA, 0xA3EA, 0xA3EA, 0xA3EA, 0xA3EA, 0xA3EA, 0x9BEA, 0xA3EA, 0xA3EA, 0xA3C9, 0xA3C9,
    0x9BC9, 0x9BC9, 0x9BA9, 0x938A, 0x9389, 0x9389, 0x9389, 0x9389, 0x938A, 0x938A, 0x938A, 0x938A, 0x938A, 0x9389, 0x9389, 0x9389,
    0x9389, 0x9389, 0x9389, 0x938A, 0x938A, 0x93AA, 0x93AA, 0x938A, 0x938A, 0x938A, 0x9389, 0x9389, 0x938A, 0x8B49, 0x7A45, 0x71C3,
    0x71C2, 0x79E3, 0x8203, 0x8203, 0x8203, 0x8203, 0x8203, 0x79E3, 0x71A2, 0x6162, 0x5922, 0x5942, 0x5922, 0x5922, 0x5922, 0x5962,
    0x6205, 0x72E9, 0x7B0A, 0x6AC9, 0x6AA8, 0x6AC9, 0x6ACA, 0x6ACA, 0x6ACA, 0x6ACA, 0x6ACA, 0x6ACA, 0x6ACA, 0x6ACA, 0x6ACA, 0x6ACA,
    0xFFFB, 0xFFFB, 0xFFFB, 0xFFFB, 0xFFFB, 0xFFFC, 0xFFFC, 0xFFFC, 0xFFFC, 0xFFFC, 0xFFFC, 0xFFFC, 0xFFFC, 0xFFFB, 0xFFFB, 0xFFFB,
    0xFFFB, 0xFFFB, 0xFFFB, 0xFFFB, 0xFFFC, 0xFFFA, 0xFF95, 0xFE8E, 0xFE0B, 0xFE8C, 0xFEAD, 0xFE8C, 0xFE0A, 0xF528, 0xECE8, 0xED08,
    0xF529, 0xF5AC, 0xFE2E, 0xFE4E, 0xFE4E, 0xFE6E, 0xFF31, 0xFFB4, 0xFFF7, 0xFFF7, 0xFFF7, 0xFFF7, 0xFFF7, 0xFFF7, 0xFFF7, 0xFFF7,
    0xFFF7, 0xFFF7, 0xFFF7, 0xFFF7, 0xFFF7, 0xFFF7, 0xFFD7, 0xFFF7, 0xFFF7, 0xFFF7, 0xFFD7, 0xFF73, 0xFEB0, 0xFE2E, 0xF64E, 0xF62E,
    0xF60E, 0xF60E, 0xF60E, 0xEE0E, 0xEDEE, 0xEDCF, 0xE56D, 0xD50B, 0xD4EB, 0xD4EB, 0xD4EB, 0xD50C, 0xD54E, 0xDD6E, 0xDD6E, 0xDD4E,
    0xDD6E, 0xDD4E, 0xDD4E, 0xDD4E, 0xDD4E, 0xD54E, 0xD52E, 0xD50D, 0xCCAB, 0xC46A, 0xC46A, 0xC46A, 0xC46A, 0xC48B, 0xC4AC, 0xC4AC,
    0xC4AC, 0xC4AC, 0xC4AC, 0xCCCD, 0xCD0E, 0xCD0E, 0xCD0E, 0xCD0E, 0xCD0E, 0xCD0E, 0xCD0E, 0xC4AC, 0xB42A, 0xBC2A, 0xB42B, 0xBC6C,
    0xBCAD, 0xBCAD, 0xBCAD, 0xBCAD, 0xBCAD, 0xBCAD, 0xBCAD, 0xBCAD, 0xBCAD, 0xBCAD, 0xBCAD, 0xBCAD, 0xBCAD, 0xBC8D, 0xBC8D, 0xBC8D,
    0xBC8D, 0xBC8D, 0xBC8D, 0xBC8D, 0xBC8D, 0xBC8D, 0xBC8D, 0xBC8D, 0xBC8D, 0xBC8D, 0xBC8D, 0xBC8D, 0xB48D, 0xB48D, 0xB46D, 0xB46C,
    0xB46C, 0xB46C, 0xAC2B, 0xAC0A, 0xAC0A, 0xA3EA, 0xA40A, 0xA40A, 0xA40A, 0xA40A, 0xA40A, 0xA40A, 0xA40A, 0xA3EA, 0xA3EA, 0xA3EA,
    0xA3EA, 0xA3EA, 0xA3EA, 0xA3EA, 0xA3EA, 0xA3EA, 0xA3EA, 0xA3EA, 0xA3EA, 0xA3EA, 0xA3EA, 0xA3EA, 0xA3EA, 0xA3EA, 0xA3C9, 0xA3C9,
    0x9BC9, 0x9BC9, 0x9BAA, 0x9389, 0x9389, 0x9389, 0x9389, 0x9389, 0x938A, 0x938A, 0x9389, 0x9389, 0x9389, 0x9389, 0x9389, 0x9389,
    0x9389, 0x9389, 0x93A9, 0x93AA, 0x93AA, 0x93A9, 0x93AA, 0x93AA, 0x938A, 0x938A, 0x9389, 0x9389, 0x938A, 0x8B49, 0x7A45, 0x71C2,
    0x71A2, 0x79E3, 0x8203, 0x8203, 0x8203, 0x8203, 0x8203, 0x79E3, 0x6982, 0x6141, 0x5942, 0x5942, 0x5922, 0x5922, 0x5922, 0x61E4,
    0x7287, 0x7B09, 0x7B09, 0x6AA8, 0x6AA9, 0x6AC9, 0x6AEA, 0x6ACA, 0x6ACA, 0x6ACA, 0x6ACA, 0x6ACA, 0x6ACA, 0x6ACA, 0x6ACA, 0x6ACA,
    0xFFFB, 0xFFFB, 0xFFFB, 0xFFFB, 0xFFFB, 0xFFFC, 0xFFFC, 0xFFFC, 0xFFFC, 0xFFFC, 0xFFFC, 0xFFFC, 0xFFFC, 0xFFFB, 0xFFFB, 0xFFFB,
    0xFFFB, 0xFFFB, 0xFFFB, 0xFFFB, 0xFFFB, 0xFFFB, 0xFF96, 0xFE8F, 0xFE0B, 0xFE8C, 0xFEAC, 0xFEAC, 0xFE0A, 0xF528, 0xECE8, 0xED08,
    0xF529, 0xF5AC, 0xFE2E, 0xFE2E, 0xFE2E, 0xFE6F, 0xFF31, 0xFFB4, 0xFFF7, 0xFFF7, 0xFFF7, 0xFFF7, 0xFFF7, 0xFFF7, 0xFFF7, 0xFFF7,
    0xFFF7, 0xFFF7, 0xFFF7, 0xFFF7, 0xFFF7, 0xFFF7, 0xFFF7, 0xFFF7, 0xFFF7, 0xFFD7, 0xFFD7, 0xFF74, 0xFEB0, 0xFE2E, 0xF62E, 0xF62E,
    0xF62E, 0xF60E, 0xF60E, 0xEE0E, 0xEDEE, 0xEDEF, 0xE58E, 0xDD0B, 0xD4EB, 0xD4EB, 0xD4EB, 0xD50C, 0xD54E, 0xDD6E, 0xDD6E, 0xDD6E,
    0xDD4E, 0xDD4E, 0xDD4E, 0xDD4E, 0xDD4E, 0xDD4E, 0xDD4E, 0xD50D, 0xCCAB, 0xC48A, 0xC46B, 0xC46A, 0xC46A, 0xC48B, 0xC4AC, 0xC4AC,
    0xC4AC, 0xC4AC, 0xC4AC, 0xCCCD, 0xCD0E, 0xCD0E, 0xCD0E, 0xCD0E, 0xCD0E, 0xCD0E, 0xCD0E, 0xC4AD, 0xBC2B, 0xBC2A, 0xBC2B, 0xBC6C,
    0xBCAD, 0xBCAD, 0xBCAD, 0xBCAD, 0xBCAD, 0xBCAD, 0xBCAD, 0xBCAD, 0xBCAD, 0xBCAD, 0xBCAD, 0xBCAD, 0xBCAD, 0xBCAD, 0xBCAD, 0xBCAD,
    0xBCAD, 0xBCAD, 0xBCAD, 0xBC8D, 0xBC8D, 0xBC8D, 0xBC8D, 0xBC8D, 0xBC8D, 0xBC8D, 0xBC8D, 0xBC8D, 0xBC8D, 0xB48D, 0xB46D, 0xB46C,
    0xB46C, 0xB46C, 0xAC2B, 0xAC0A, 0xA40A, 0xA40A, 0xA40A, 0xA40A, 0xA40A, 0xA40A, 0xA40A, 0xA40A, 0xA40A, 0xA3EA, 0xA3EA, 0xA3EA,
    0xA3EA, 0xA3EA, 0xA3EA, 0xA3EA, 0xA3EA, 0xA3EA, 0xA3EA, 0xA3EA, 0xA3EA, 0xA3EA, 0xA3EA, 0xA3EA, 0xA3EA, 0xA3EA, 0xA3C9, 0xA3C9,
    0x9BC9, 0xA3C9, 0x9BAA, 0x9389, 0x9BAA, 0x9389, 0x9389, 0x9389, 0x9389, 0x9389, 0x9389, 0x9389, 0x9389, 0x9389, 0x9389, 0x9389,
    0x9389, 0x9389, 0x93A9, 0x93A9, 0x9389, 0x93A9, 0x93A9, 0x93AA, 0x93AA, 0x938A, 0x938A, 0x9389, 0x938A, 0x8B49, 0x7A45, 0x79C2,
    0x71A2, 0x79E2, 0x8203, 0x8203, 0x8203, 0x8203, 0x8203, 0x79E3, 0x6982, 0x6141, 0x5942, 0x6142, 0x5942, 0x5921, 0x5942, 0x69E5,
    0x72A8, 0x7B0A, 0x7309, 0x6AA8, 0x6AA8, 0x6AC9, 0x6ACA, 0x6ACA, 0x6ACA, 0x6AEA, 0x6AEA, 0x6ACA, 0x6ACA, 0x6ACA, 0x6ACA, 0x6ACA,
    0xFFFB, 0xFFFB, 0xFFFB, 0xFFFB, 0xFFFB, 0xFFFC, 0xFFFC, 0xFFFC, 0xFFFC, 0xFFFC, 0xFFFC, 0xFFFC, 0xFFFC, 0xFFFB, 0xFFFB, 0xFFFB,
    0xFFFB, 0xFFFB, 0xFFFB, 0xFFFB, 0xFFFB, 0xFFFB, 0xFFB7, 0xFEAF, 0xFE0B, 0xFE8C, 0xFECC, 0xFEAC, 0xFE2B, 0xF549, 0xECE8, 0xED08,
    0xF529, 0xF5AC, 0xFE0E, 0xFE2E, 0xFE2E, 0xFE6F, 0xFF31, 0xFFB4, 0xFFF7, 0xFFF7, 0xFFF7, 0xFFF7, 0xFFF7, 0xFFF7, 0xFFF7, 0xFFF7,
    0xFFF7, 0xFFF7, 0xFFF7, 0xFFF7, 0xFFF7, 0xFFD7, 0xFFD7, 0xFFD7, 0xFFD7, 0xFFD8, 0xFFD7, 0xFF94, 0xFEB0, 0xFE2E, 0xFE2E, 0xF62E,
    0xF62E, 0xF60E, 0xF5EE, 0xEE0E, 0xEDEE, 0xEDEE, 0xEDAD, 0xDD4C, 0xD50B, 0xD4EB, 0xD4EB, 0xD50C, 0xDD4E, 0xDD6E, 0xDD6E, 0xDD6E,
    0xDD4E, 0xDD4E, 0xDD4E, 0xDD4E, 0xDD4E, 0xDD4E, 0xDD4E, 0xD50D, 0xCCCB, 0xC48A, 0xC46A, 0xC46A, 0xC46A, 0xC48B, 0xC4AC, 0xC4AC,
    0xC4AC, 0xC4AC, 0xC4AC, 0xCCED, 0xCD0E, 0xCD0E, 0xCD0E, 0xCD0E, 0xCD0E, 0xCD0E, 0xCD0E, 0xC4AD, 0xB42A, 0xB40A, 0xB42B, 0xBC6C,
    0xBCAD, 0xBCAD, 0xBCAD, 0xBCCD, 0xBCAD, 0xBCAD, 0xBCAD, 0xBCAD, 0xBCAD, 0xBCAD, 0xBCAD, 0xBCAD, 0xBCAD, 0xBCAD, 0xBCAD, 0xBCAD,
    0xBCAD, 0xBCAD, 0xBCAD, 0xBCAD, 0xBC8D, 0xBC8D, 0xBC8D, 0xBCAD, 0xBC8D, 0xBC8D, 0xBC8D, 0xBC8D, 0xBC8D, 0xBC8D, 0xB48D, 0xB46D,
    0xB46C, 0xB46C, 0xAC2B, 0xAC0A, 0xAC0A, 0xA40A, 0xA40A, 0xA40A, 0xA40A, 0xA40A, 0xA40A, 0xA40A, 0xA40A, 0xA40A, 0xA40A, 0xA3EA,
    0xA3EA, 0xA3EA, 0xA3EA, 0xA3EA, 0xA3EA, 0xA3EA, 0xA3EA, 0xA3EA, 0xA3EA, 0xA3E9, 0xA3EA, 0xA3EA, 0xA3EA, 0xA3EA, 0xA3C9, 0xA3C9,
    0xA3C9, 0xA3C9, 0x9BAA, 0x9BAA, 0x9BAA, 0x9BAA, 0x9BAA, 0x9BAA, 0x9BAA, 0x9389, 0x9389, 0x9389, 0x9389, 0x9389, 0x9389, 0x9389,
    0x9389, 0x9389, 0x9389, 0x93A9, 0x9389, 0x93A9, 0x93A9, 0x93AA, 0x93AA, 0x93AA, 0x938A, 0x9389, 0x938A, 0x8B49, 0x7A45, 0x71C2,
    0x79C2, 0x79E3, 0x8203, 0x8203, 0x8203, 0x8203, 0x8203, 0x79E3, 0x6982, 0x6141, 0x5922, 0x6142, 0x5942, 0x5921, 0x5942, 0x6A05,
    0x72A8, 0x7B0A, 0x7B09, 0x6AA8, 0x6AA8, 0x6ACA, 0x6ACA, 0x6ACA, 0x6ACA, 0x6AEA, 0x6AEA, 0x6ACA, 0x6ACA, 0x6ACA, 0x6ACA, 0x6ACA,
    0xFFFC, 0xFFFC, 0xFFFC, 0xFFFB, 0xFFFB, 0xFFFC, 0xFFFC, 0xFFFC, 0xFFFC, 0xFFFC, 0xFFFC, 0xFFFC, 0xFFFC, 0xFFFB, 0xFFFB, 0xFFFB,
    0xFFFB, 0xFFFB, 0xFFFB, 0xFFFB, 0xFFFB, 0xFFFB, 0xFFD7, 0xFECF, 0xFDEB, 0xFE6C, 0xFEAC, 0xFEAC, 0xFE2B, 0xF549, 0xECE8, 0xED08,
    0xED09, 0xF5AB, 0xFE0E, 0xFE2E, 0xFE2E, 0xFE4F, 0xFF31, 0xFFB4, 0xFFF7, 0xFFF7, 0xFFF7, 0xFFF7, 0xFFF7, 0xFFF7, 0xFFF7, 0xFFF7,
    0xFFF7, 0xFFF7, 0xFFF7, 0xFFF7, 0xFFF7, 0xFFD7, 0xFFD7, 0xFFD7, 0xFFD7, 0xFFD8, 0xFFD7, 0xFF94, 0xFEB0, 0xFE2E, 0xFE2E, 0xF62E,
    0xF62E, 0xF60E, 0xEE0E, 0xEDEE, 0xEDEE, 0xEDEE, 0xEDCE, 0xE54C, 0xDD2B, 0xDD0B, 0xD4EB, 0xD50C, 0xD54D, 0xDD6E, 0xDD6E, 0xDD6E,
    0xDD4E, 0xDD4E, 0xDD4E, 0xDD4E, 0xDD4E, 0xDD4E, 0xDD4E, 0xD50D, 0xCCCB, 0xC48A, 0xC46A, 0xC46A, 0xC46A, 0xC48A, 0xC48C, 0xC4AC,
    0xC4AC, 0xC4AC, 0xC4AC, 0xCCED, 0xCD0E, 0xD50E, 0xD50E, 0xD50E, 0xCD0E, 0xCD0E, 0xCD0E, 0xC4AD, 0xB42A, 0xB40A, 0xB42B, 0xBC6B,
    0xBCAC, 0xBCAD, 0xBCAD, 0xBCAD, 0xBCAD, 0xBCAD, 0xBCAD, 0xBCAD, 0xBCAD, 0xBCAD, 0xBCAD, 0xBCAD, 0xBCAD, 0xBCAD, 0xBCAD, 0xBCAD,
    0xBCAD, 0xBCAD, 0xBCAD, 0xBCAD, 0xBCAD, 0xBC8D, 0xBCAD, 0xBC8D, 0xBC8D, 0xBC8D, 0xBC8D, 0xBC8D, 0xBC8D, 0xBC8D, 0xB48D, 0xB48D,
    0xB46D, 0xB46C, 0xAC2A, 0xAC0A, 0xAC0A, 0xAC0A, 0xAC0A, 0xA40A, 0xA40A, 0xA40A, 0xA40A, 0xA40A, 0xA40A, 0xA40A, 0xA3EA, 0xA3EA,
    0xA3EA, 0xA3EA, 0xA3EA, 0xA3EA, 0xA3EA, 0xA3EA, 0xA3EA, 0xA3EA, 0xA3EA, 0xA3EA, 0xA3EA, 0xA3E9, 0xA3E9, 0xA3E9, 0xA3C9, 0xA3C9,
    0xA3C9, 0x9BC9, 0x9BAA, 0x9BAA, 0x9BAA, 0x9BAA, 0x9BAA, 0x9BAA, 0x9389, 0x9389, 0x9389, 0x9389, 0x9389, 0x9389, 0x9389, 0x9389,
    0x93A9, 0x93A9, 0x9389, 0x9389, 0x9389, 0x9389, 0x9389, 0x9389, 0x93AA, 0x93AA, 0x938A, 0x938A, 0x938A, 0x8B28, 0x7A44, 0x71C2,
    0x79C2, 0x79E3, 0x8203, 0x8203, 0x8203, 0x8203, 0x8203, 0x79E3, 0x6982, 0x6142, 0x5942, 0x5942, 0x5942, 0x5921, 0x5942, 0x6A05,
    0x72A8, 0x7B0A, 0x730A, 0x6AA8, 0x6AA8, 0x6ACA, 0x6ACA, 0x6ACA, 0x6ACA, 0x6ACA, 0x6ACA, 0x6ACA, 0x6ACA, 0x6ACA, 0x6ACA, 0x6ACA,
    0xFFFC, 0xFFFC, 0xFFFC, 0xFFFB, 0xFFFB, 0xFFFC, 0xFFFC, 0xFFFC, 0xFFFC, 0xFFFC, 0xFFFC, 0xFFFC, 0xFFFC, 0xFFFB, 0xFFFB, 0xFFFB,
    0xFFFB, 0xFFFB, 0xFFFB, 0xFFFB, 0xFFFB, 0xFFFB, 0xFFD8, 0xFED0, 0xFE0B, 0xFE6B, 0xFEAC, 0xFEAC, 0xFE2B, 0xF549, 0xECE8, 0xED08,
    0xED09, 0xF58B, 0xFE0D, 0xFE2E, 0xFE2E, 0xFE4F, 0xFF11, 0xFFB4, 0xFFF7, 0xFFF7, 0xFFF7, 0xFFF7, 0xFFF7, 0xFFF7, 0xFFF7, 0xFFF7,
    0xFFF7, 0xFFF7, 0xFFF7, 0xFFF7, 0xFFF7, 0xFFD7, 0xFFD7, 0xFFD7, 0xFFD7, 0xFFD8, 0xFFD7, 0xFF94, 0xFEB0, 0xFE2E, 0xFE2E, 0xF62E,
    0xF62E, 0xF60E, 0xEDEE, 0xEDEE, 0xEDEE, 0xEDEF, 0xEDCE, 0xE54B, 0xE52B, 0xDD2B, 0xDD0B, 0xD50C, 0xD54D, 0xDD6E, 0xDD6E, 0xDD6E,
    0xDD6E, 0xDD4E, 0xDD4E, 0xDD4E, 0xDD4E, 0xDD4E, 0xD54E, 0xD50D, 0xCCCB, 0xC48A, 0xC46A, 0xC46A, 0xC46A, 0xC48B, 0xC4AC, 0xC4AC,
    0xC4AC, 0xC4AC, 0xC4AC, 0xCCED, 0xCD0E, 0xD50E, 0xD50E, 0xD50E, 0xCD0E, 0xCD0E, 0xCD0E, 0xC4AC, 0xB42A, 0xB40A, 0xB42A, 0xBC6B,
    0xBC8C, 0xBCAC, 0xBCAD, 0xBCAD, 0xBCAD, 0xBCAD, 0xBCAD, 0xBCAD, 0xBCAD, 0xBCAD, 0xBCAD, 0xBCAD, 0xBCAD, 0xBCAD, 0xBCAD, 0xBCAD,
    0xBCAD, 0xBCAD, 0xBCAD, 0xBCAD, 0xBC8D, 0xBC8D, 0xBCAD, 0xBC8D, 0xBC8D, 0xBC8D, 0xBC8D, 0xBC8D, 0xBC8D, 0xBC8D, 0xBC8D, 0xB46D,
    0xB46D, 0xB46C, 0xAC2A, 0xAC0A, 0xAC0A, 0xA40A, 0xA40A, 0xA40A, 0xA40A, 0xA40A, 0xA40A, 0xA40A, 0xA40A, 0xA40A, 0xA40A, 0xA40A,
    0xA3EA, 0xA3EA, 0xA3EA, 0xA3EA, 0xA3EA, 0xA3EA, 0xA3EA, 0xA3EA, 0xA3EA, 0xA3EA, 0xA3EA, 0xA3E9, 0xA3E9, 0xA3C9, 0xA3C9, 0xA3C9,
    0xA3C9, 0x9BC9, 0x9BAA, 0x9BAA, 0x9BAA, 0x9BAA, 0x9BAA, 0x9BAA, 0x9BAA, 0x9389, 0x9389, 0x9389, 0x9389, 0x9389, 0x9389, 0x9389,
    0x9389, 0x9389, 0x9389, 0x9389, 0x9389, 0x9389, 0x9389, 0x9389, 0x938A, 0x938A, 0x938A, 0x938A, 0x938A, 0x8B28, 0x7A24, 0x71C2,
    0x79C2, 0x81E3, 0x8203, 0x8203, 0x8203, 0x8203, 0x8203, 0x79E3, 0x6982, 0x6142, 0x5942, 0x5942, 0x5942, 0x5921, 0x5942, 0x61E5,
    0x72A8, 0x72EA, 0x72E9, 0x6A88, 0x6288, 0x6AA9, 0x6AC9, 0x6AC9, 0x6ACA, 0x6ACA, 0x6AC9, 0x6ACA, 0x6AC9, 0x6AC9, 0x6ACA, 0x6AC9,
    0xFFFC, 0xFFFC, 0xFFFC, 0xFFFB, 0xFFFB, 0xFFFC, 0xFFFC, 0xFFFC, 0xFFFC, 0xFFFC, 0xFFFC, 0xFFFC, 0xFFFC, 0xFFFB, 0xFFFB, 0xFFFB,
    0xFFFB, 0xFFFB, 0xFFFB, 0xFFFB, 0xFFFB, 0xFFFC, 0xFFD8, 0xFEF0, 0xFE0B, 0xFE6B, 0xFEAC, 0xFEAC, 0xFE2B, 0xF549, 0xECE8, 0xF508,
    0xF509, 0xF58B, 0xFE0D, 0xFE2E, 0xFE2E, 0xFE4F, 0xFF11, 0xFFB4, 0xFFF7, 0xFFF7, 0xFFF7, 0xFFF7, 0xFFF7, 0xFFF7, 0xFFF7, 0xFFF7,
    0xFFF7, 0xFFF7, 0xFFF7, 0xFFF8, 0xFFF8, 0xFFD7, 0xFFD7, 0xFFD7, 0xFFD7, 0xFFD7, 0xFFD7, 0xFF94, 0xFEB0, 0xF62E, 0xF62E, 0xF62E,
    0xF62E, 0xF60E, 0xF60E, 0xEE0F, 0xEE0E, 0xEDEF, 0xEDCE, 0xE54B, 0xE52B, 0xE54B, 0xDD0B, 0xD50C, 0xDD4E, 0xDD6E, 0xDD6E, 0xDD6E,
    0xDD6E, 0xDD6E, 0xDD4E, 0xDD4E, 0xDD4E, 0xDD4E, 0xDD4E, 0xD50D, 0xCCCB, 0xC48A, 0xC46A, 0xC46A, 0xC46A, 0xC48B, 0xC4AC, 0xC4AC,
    0xC4AC, 0xC4AC, 0xC4AC, 0xCCED, 0xCD0E, 0xD50E, 0xD50E, 0xD50E, 0xCD0E, 0xCD0E, 0xCD0E, 0xC4AC, 0xB42A, 0xB40A, 0xB42A, 0xBC6B,
    0xBC8C, 0xBCAC, 0xBCAD, 0xBCAD, 0xBCAD, 0xBCAD, 0xBCAD, 0xBCAD, 0xBCAD, 0xBCAD, 0xBCAD, 0xBCAD, 0xBCAD, 0xBCAD, 0xBCAD, 0xBCAD,
    0xBCAD, 0xBCAD, 0xBCAD, 0xBCAD, 0xBC8D, 0xBC8D, 0xBC8D, 0xBC8D, 0xBC8D, 0xBC8D, 0xBC8D, 0xBC8D, 0xBC8D, 0xBC8D, 0xBC8D, 0xB46D,
    0xB46D, 0xB44C, 0xAC2A, 0xAC0A, 0xAC0A, 0xA40A, 0xA40A, 0xA40A, 0xA40A, 0xA40A, 0xA40A, 0xA40A, 0xA40A, 0xA40A, 0xA40A, 0xA40A,
    0xA3EA, 0xA3EA, 0xA3EA, 0xA3EA, 0xA3EA, 0xA3EA, 0xA3EA, 0xA3EA, 0xA3EA, 0xA3EA, 0xA3EA, 0xA3E9, 0xA3E9, 0xA3C9, 0xA3C9, 0xA3C9,
    0x9BC9, 0x9BC9, 0x9BAA, 0x9BAA, 0x9BAA, 0x9BAA, 0x9BAA, 0x9BAA, 0x9BAA, 0x9389, 0x9389, 0x9389, 0x9389, 0x9389, 0x9389, 0x9389,
    0x9389, 0x9389, 0x9389, 0x9389, 0x9389, 0x9389, 0x9389, 0x9389, 0x938A, 0x938A, 0x938A, 0x938A, 0x938A, 0x8B08, 0x7A04, 0x71A2,
    0x79C2, 0x81E3, 0x8203, 0x8203, 0x8203, 0x8203, 0x8203, 0x79E3, 0x6982, 0x6142, 0x5942, 0x5942, 0x5942, 0x5921, 0x5942, 0x61C5,
    0x6A47, 0x6A88, 0x6267, 0x6247, 0x6247, 0x6267, 0x6268, 0x6288, 0x6288, 0x6288, 0x6288, 0x6288, 0x6288, 0x6288, 0x6288, 0x6268,
    0xFFFC, 0xFFFC, 0xFFFC, 0xFFFC, 0xFFFC, 0xFFFC, 0xFFFC, 0xFFFC, 0xFFFC, 0xFFFC, 0xFFFC, 0xFFFC, 0xFFFC, 0xFFFC, 0xFFFC, 0xFFFC,
    0xFFFC, 0xFFFC, 0xFFFC, 0xFFFC, 0xFFFC, 0xFFFC, 0xFFD8, 0xFF10, 0xFE0B, 0xFE4B, 0xFE8C, 0xFE8C, 0xFE2A, 0xF549, 0xF4E8, 0xF508,
    0xED09, 0xF56B, 0xF5ED, 0xFE2E, 0xFE2E, 0xFE4E, 0xFEF0, 0xFF94, 0xFFF7, 0xFFF7, 0xFFF7, 0xFFF7, 0xFFF7, 0xFFF7, 0xFFF7, 0xFFF7,
    0xFFF7, 0xFFD7, 0xFFD8, 0xFFF8, 0xFFD8, 0xFFD8, 0xFFD8, 0xFFD8, 0xFFD7, 0xFFD7, 0xFFF7, 0xFF94, 0xFEB0, 0xF62E, 0xF62E, 0xF62E,
    0xF62E, 0xF60E, 0xF60E, 0xEE0E, 0xEE0E, 0xEDEF, 0xEDCE, 0xE54C, 0xE52B, 0xE54B, 0xDD2B, 0xDD2C, 0xDD4D, 0xDD6E, 0xDD6E, 0xDD6E,
    0xDD6E, 0xDD6E, 0xDD4E, 0xDD4E, 0xDD4E, 0xD54E, 0xD54E, 0xD52D, 0xCCCB, 0xC48A, 0xC46A, 0xC46A, 0xC46A, 0xC48A, 0xC4AC, 0xC4AC,
    0xC4AC, 0xC4AC, 0xC4AC, 0xCCED, 0xCD0E, 0xD52E, 0xCD0E, 0xCD0E, 0xCD0E, 0xCD0E, 0xCD0E, 0xC4AD, 0xBC2B, 0xB42A, 0xB42A, 0xBC6B,
    0xBC8C, 0xBCAC, 0xBCAD, 0xBCAD, 0xC4AD, 0xBCAD, 0xBCAD, 0xBCAD, 0xBCAD, 0xBCAD, 0xBCAD, 0xBCAD, 0xBCAD, 0xBCAD, 0xBCAD, 0xBCAD,
    0xBCAD, 0xBCAD, 0xBCAD, 0xBCAD, 0xBC8D, 0xBC8D, 0xBC8D, 0xBC8D, 0xBC8D, 0xBC8D, 0xBC8D, 0xBC8D, 0xBC8D, 0xBC8D, 0xB48D, 0xB46D,
    0xB46D, 0xB44C, 0xAC2A, 0xAC0A, 0xA40A, 0xA40A, 0xA40A, 0xA40A, 0xA40A, 0xA40A, 0xA40A, 0xA40A, 0xA40A, 0xA40A, 0xA40A, 0xA40A,
    0xA40A, 0xA3EA, 0xA3EA, 0xA3EA, 0xA3EA, 0xA3EA, 0xA3EA, 0xA3EA, 0xA3EA, 0xA3EA, 0xA3E9, 0xA3EA, 0xA3E9, 0xA3E9, 0xA3EA, 0xA3C9,
    0x9BC9, 0x9BC9, 0x9BAA, 0x9BAA, 0x9BAA, 0x9BAA, 0x9BAA, 0x9BAA, 0x9BAA, 0x9BAA, 0x9BAA, 0x9389, 0x9389, 0x9389, 0x9389, 0x9389,
    0x93A9, 0x93A9, 0x93A9, 0x9389, 0x9389, 0x9389, 0x938A, 0x938A, 0x938A, 0x938A, 0x938A, 0x9389, 0x938A, 0x8308, 0x7A04, 0x71A2,
    0x79C2, 0x8203, 0x8203, 0x8203, 0x8203, 0x8203, 0x8203, 0x79C3, 0x6982, 0x6142, 0x5922, 0x5922, 0x5922, 0x5921, 0x5942, 0x59A4,
    0x59E5, 0x5A06, 0x5A06, 0x5A06, 0x5A06, 0x5A06, 0x5A06, 0x5A26, 0x5A06, 0x5A06, 0x5A06, 0x5A06, 0x5A06, 0x5A06, 0x5A26, 0x5A26,
    0xFFFC, 0xFFFC, 0xFFFC, 0xFFFC, 0xFFFC, 0xFFFC, 0xFFFC, 0xFFFC, 0xFFFC, 0xFFFC, 0xFFFC, 0xFFFC, 0xFFFC, 0xFFFC, 0xFFFC, 0xFFFC,
    0xFFFC, 0xFFFC, 0xFFFC, 0xFFFC, 0xFFFC, 0xFFFC, 0xFFD8, 0xFF11, 0xFE0B, 0xFE4B, 0xFE8C, 0xFE8C, 0xFE2A, 0xFD69, 0xF4E8, 0xECE8,
    0xED09, 0xF56B, 0xF5ED, 0xFE2E, 0xFE2E, 0xFE2E, 0xFEF0, 0xFF93, 0xFFF7, 0xFFF7, 0xFFF7, 0xFFF7, 0xFFF7, 0xFFF7, 0xFFF7, 0xFFF7,
    0xFFF7, 0xFFF7, 0xFFF7, 0xFFF8, 0xFFF8, 0xFFD8, 0xFFD8, 0xFFF8, 0xFFF7, 0xFFD7, 0xFFD7, 0xFF94, 0xFEB0, 0xF62E, 0xF62E, 0xF62E,
    0xF62E, 0xF60E, 0xF60F, 0xEE0E, 0xEDEE, 0xEDEE, 0xEDCD, 0xE54B, 0xE54B, 0xE54B, 0xE54B, 0xDD4C, 0xDD6D, 0xDD8E, 0xDD6E, 0xDD6E,
    0xDD6E, 0xDD6E, 0xDD4E, 0xDD4E, 0xDD4E, 0xDD4E, 0xD54E, 0xD52D, 0xCCCC, 0xC48A, 0xC46A, 0xC46A, 0xC46A, 0xC48A, 0xC4AC, 0xC4AC,
    0xC4AC, 0xC4AC, 0xC4AC, 0xCCED, 0xCD0E, 0xD52E, 0xD52E, 0xCD0E, 0xCD0E, 0xCD0E, 0xCD0E, 0xC4AD, 0xBC2B, 0xB42A, 0xB42A, 0xBC6B,
    0xBCAC, 0xBCAC, 0xBCAD, 0xBCAD, 0xBCAD, 0xBCAD, 0xBCCD, 0xBCAD, 0xBCAD, 0xBCAD, 0xBCAD, 0xBCAD, 0xBCAD, 0xBCAD, 0xBCAD, 0xBCAD,
    0xBCAD, 0xBCAD, 0xBCAD, 0xBCAD, 0xBCAD, 0xBC8D, 0xBC8D, 0xBC8D, 0xBC8D, 0xBC8D, 0xBC8D, 0xBC8D, 0xBC8D, 0xBC8D, 0xB48D, 0xB48D,
    0xB46D, 0xB44C, 0xAC2A, 0xAC0A, 0xA40A, 0xA40A, 0xA40A, 0xA40A, 0xA40A, 0xA40A, 0xA40A, 0xA40A, 0xA40A, 0xA40A, 0xA40A, 0xA40A,
    0xA3EA, 0xA3EA, 0xA3EA, 0xA3EA, 0xA3EA, 0xA3EA, 0xA3EA, 0xA3EA, 0xA3EA, 0xA3EA, 0xA3E9, 0xA3E9, 0xA3E9, 0xA3EA, 0xA3C9, 0xA3C9,
    0x9BE9, 0x9BC9, 0x9BAA, 0x9BAA, 0x9BAA, 0x9BAA, 0x9BAA, 0x9BAA, 0x9BAA, 0x9BAA, 0x9BAA, 0x9BAA, 0x9BAA, 0x9389, 0x9389, 0x9389,
    0x93A9, 0x93A9, 0x93A9, 0x93A9, 0x9389, 0x93AA, 0x93AA, 0x938A, 0x938A, 0x938A, 0x938A, 0x9389, 0x9389, 0x8308, 0x79E4, 0x79A2,
    0x79C2, 0x8203, 0x8203, 0x8203, 0x8203, 0x8203, 0x8203, 0x71A2, 0x6142, 0x6142, 0x5922, 0x5922, 0x5922, 0x5921, 0x5942, 0x5183,
    0x51C5, 0x51E6, 0x59E5, 0x51E5, 0x51E6, 0x51E6, 0x51E6, 0x51E6, 0x51E6, 0x51E6, 0x51E6, 0x51E6, 0x51E6, 0x51E6, 0x51E6, 0x51E6,
    0xFFFC, 0xFFFC, 0xFFFC, 0xFFFC, 0xFFFC, 0xFFFC, 0xFFFC, 0xFFFC, 0xFFFC, 0xFFFC, 0xFFFC, 0xFFFC, 0xFFFC, 0xFFFC, 0xFFFC, 0xFFFC,
    0xFFFC, 0xFFFC, 0xFFFC, 0xFFFC, 0xFFFC, 0xFFFC, 0xFFD9, 0xFF11, 0xFDEB, 0xFE2B, 0xFE8C, 0xFE8C, 0xFE2B, 0xF569, 0xECE8, 0xECE8,
    0xECE9, 0xED6A, 0xF5ED, 0xF60E, 0xFE2E, 0xFE2E, 0xFED0, 0xFF93, 0xFFF6, 0xFFF7, 0xFFF7, 0xFFF7, 0xFFF7, 0xFFF7, 0xFFF7, 0xFFF8,
    0xFFF8, 0xFFF7, 0xFFF8, 0xFFF8, 0xFFF8, 0xFFF8, 0xFFF8, 0xFFF8, 0xFFF7, 0xFFF7, 0xFFD7, 0xFF94, 0xFEB0, 0xF62E, 0xF62E, 0xF62E,
    0xF62E, 0xF60E, 0xF60F, 0xEE0F, 0xEE0F, 0xEDEE, 0xEDCD, 0xE56C, 0xE52B, 0xE54B, 0xE54B, 0xDD4C, 0xE56D, 0xE58E, 0xE58E, 0xDD6E,
    0xDD6E, 0xDD4E, 0xDD6E, 0xDD6E, 0xDD4E, 0xDD4E, 0xDD4E, 0xD52D, 0xCCCC, 0xC48A, 0xC46A, 0xC46A, 0xC46A, 0xC48A, 0xC4AC, 0xC4AC,
    0xC4AC, 0xC4AC, 0xC4AC, 0xCCED, 0xD50E, 0xD52E, 0xD52E, 0xCD0E, 0xCD0E, 0xCD0E, 0xCD0E, 0xC4AD, 0xBC4B, 0xB42A, 0xB42B, 0xBC6C,
    0xBC8C, 0xBCAC, 0xBCAD, 0xBCAD, 0xC4AD, 0xBCAD, 0xBCAD, 0xBCAD, 0xBCAD, 0xBCAD, 0xBCAD, 0xBCAD, 0xBCAD, 0xBCAD, 0xBCAD, 0xBCAD,
    0xBCAD, 0xBCAD, 0xBCAD, 0xBCAD, 0xBC8D, 0xBC8D, 0xBC8D, 0xBC8D, 0xBC8D, 0xBC8D, 0xBC8D, 0xBC8D, 0xBC8D, 0xB48D, 0xB48D, 0xB46D,
    0xB46C, 0xB44C, 0xAC2A, 0xAC0A, 0xA40A, 0xA40A, 0xA40A, 0xA40A, 0xA40A, 0xA40A, 0xA40A, 0xA40A, 0xA40A, 0xA40A, 0xA40A, 0xA40A,
    0xA3EA, 0xA3EA, 0xA3EA, 0xA3EA, 0xA3EA, 0xA3EA, 0xA3EA, 0xA3EA, 0xA3EA, 0xA3EA, 0xA3EA, 0xA3E9, 0xA3E9, 0xA3C9, 0xA3C9, 0xA3C9,
    0x9BC9, 0x9BC9, 0x9BAA, 0x9BAA, 0x9BAA, 0x9BAA, 0x9BAA, 0x9BAA, 0x9BAA, 0x9BAA, 0x9BA9, 0x9BAA, 0x9389, 0x9389, 0x9389, 0x9389,
    0x9389, 0x93A9, 0x9389, 0x9389, 0x9389, 0x9389, 0x9389, 0x9389, 0x9389, 0x9389, 0x9389, 0x9389, 0x9369, 0x82E8, 0x79E3, 0x79A2,
    0x79C2, 0x8203, 0x8203, 0x8203, 0x8203, 0x8203, 0x8203, 0x71A2, 0x5921, 0x5922, 0x5941, 0x5922, 0x5922, 0x5922, 0x5142, 0x5184,
    0x51C5, 0x51C5, 0x51C5, 0x51E5, 0x51E5, 0x51E6, 0x51E5, 0x51E6, 0x51E6, 0x51E6, 0x51E6, 0x51C5, 0x51C5, 0x51C5, 0x51C5, 0x51C5,
    0xFFFC, 0xFFFC, 0xFFFC, 0xFFFC, 0xFFFC, 0xFFFC, 0xFFFC, 0xFFFC, 0xFFFC, 0xFFFC, 0xFFFB, 0xFFFC, 0xFFFB, 0xFFFB, 0xFFFB, 0xFFFB,
    0xFFFB, 0xFFFA, 0xFFFA, 0xFFFA, 0xFFFA, 0xFFFA, 0xFFD8, 0xFF31, 0xFE2C, 0xFE2B, 0xFE6B, 0xFE6B, 0xFE2A, 0xF569, 0xECE8, 0xECE8,
    0xECE8, 0xED4A, 0xF5CD, 0xF60D, 0xF60D, 0xFE2E, 0xFECF, 0xFF73, 0xFFD6, 0xFFF7, 0xFFF7, 0xFFF7, 0xFFF7, 0xFFF7, 0xFFF7, 0xFFF8,
    0xFFF8, 0xFFF7, 0xFFF8, 0xFFF8, 0xFFF8, 0xFFF8, 0xFFF7, 0xFFF7, 0xFFF7, 0xFFF7, 0xFFF7, 0xFF94, 0xFEB0, 0xF62F, 0xF64F, 0xF62E,
    0xF62F, 0xF60F, 0xF60F, 0xF60F, 0xEE0F, 0xEDEE, 0xEDCE, 0xE56C, 0xE52B, 0xE54B, 0xE54B, 0xE54B, 0xE56D, 0xE5AE, 0xE58E, 0xE58E,
    0xDD6E, 0xDD6E, 0xDD6E, 0xDD4E, 0xDD4E, 0xDD4E, 0xDD4E, 0xD52D, 0xCCCC, 0xC48A, 0xC48A, 0xC46A, 0xC48A, 0xC48A, 0xC4AC, 0xC4AC,
    0xC4AC, 0xC4AC, 0xC4AC, 0xCCED, 0xCD0E, 0xD52E, 0xD52E, 0xCD0E, 0xCD0E, 0xCD0E, 0xCD0E, 0xC4AD, 0xBC2B, 0xB42A, 0xBC2B, 0xBC6B,
    0xBC8C, 0xBCAC, 0xBCAD, 0xBCAD, 0xBCAD, 0xBCAD, 0xBCAD, 0xBCAD, 0xBCAD, 0xBCAD, 0xBCAD, 0xBCAD, 0xBCAD, 0xBCAD, 0xBCAD, 0xBCAD,
    0xBCAD, 0xBCAD, 0xBCAD, 0xBCAD, 0xBC8D, 0xBC8D, 0xBC8D, 0xBC8D, 0xBC8D, 0xBC8D, 0xBC8D, 0xBC8D, 0xBC8D, 0xB48D, 0xB48D, 0xB48D,
    0xB46C, 0xB44C, 0xAC2A, 0xAC0A, 0xA40A, 0xA40A, 0xA40A, 0xA40A, 0xA40A, 0xA40A, 0xA40A, 0xA40A, 0xA40A, 0xA40A, 0xA40A, 0xA40A,
    0xA3EA, 0xA3EA, 0xA3EA, 0xA3EA, 0xA3EA, 0xA3EA, 0xA3EA, 0xA3EA, 0xA3EA, 0xA3EA, 0xA3EA, 0xA3E9, 0xA3C9, 0xA3C9, 0xA3C9, 0xA3C9,
    0x9BC9, 0x9BC9, 0x9BAA, 0x9BAA, 0x9BAA, 0x9BAA, 0x9BAA, 0x9BAA, 0x9BAA, 0x9BAA, 0x9BA9, 0x9BAA, 0x9BAA, 0x9389, 0x9389, 0x9389,
    0x9389, 0x9389, 0x9389, 0x9389, 0x9389, 0x9389, 0x9389, 0x9389, 0x9389, 0x9389, 0x9389, 0x938A, 0x8B49, 0x82C7, 0x79E3, 0x79C2,
    0x79E2, 0x8203, 0x8203, 0x8203, 0x8203, 0x8203, 0x8203, 0x71A2, 0x5921, 0x5922, 0x5921, 0x5921, 0x5921, 0x5921, 0x5142, 0x5184,
    0x51C5, 0x51E5, 0x51E5, 0x51E5, 0x51E5, 0x51E5, 0x51E5, 0x51E5, 0x51E6, 0x51E6, 0x51E6, 0x51C5, 0x51C5, 0x51C5, 0x51C5, 0x51C5,
    0xFFFC, 0xFFFC, 0xFFFC, 0xFFFC, 0xFFFB, 0xFFFB, 0xFFFB, 0xFFFB, 0xFFFB, 0xFFFB, 0xFFFA, 0xFFF8, 0xFFD7, 0xFFD6, 0xFFD6, 0xFFB6,
    0xFFB6, 0xFFB6, 0xFFB5, 0xFFB5, 0xFFB5, 0xFFB5, 0xFF94, 0xFF30, 0xFE8D, 0xFE4C, 0xFE2B, 0xFE2B, 0xFE0A, 0xF548, 0xECE8, 0xECE8,
    0xECE8, 0xED4A, 0xF5CD, 0xF60D, 0xF60D, 0xFE2E, 0xFECF, 0xFF53, 0xFFB5, 0xFFD6, 0xFFF7, 0xFFF7, 0xFFF7, 0xFFF7, 0xFFF7, 0xFFF8,
    0xFFF7, 0xFFF7, 0xFFF7, 0xFFF7, 0xFFF7, 0xFFF7, 0xFFF7, 0xFFF7, 0xFFF7, 0xFFF7, 0xFFF7, 0xFFB4, 0xFEB0, 0xF62F, 0xF62E, 0xF62E,
    0xF62F, 0xF60F, 0xF60F, 0xF60F, 0xEE0F, 0xEDEF, 0xEDCE, 0xE56C, 0xE54B, 0xE54B, 0xE54B, 0xE54C, 0xE58D, 0xE5AE, 0xE58E, 0xE58E,
    0xDD6E, 0xDD6E, 0xDD6E, 0xDD4E, 0xDD4E, 0xDD4E, 0xDD4E, 0xD54E, 0xCCCC, 0xCC8A, 0xC48A, 0xC46A, 0xC46A, 0xC48A, 0xC4AC, 0xCCAC,
    0xCCAC, 0xC4AC, 0xCCAC, 0xCCED, 0xCD0E, 0xCD2E, 0xD52E, 0xD52E, 0xCD0E, 0xCD0E, 0xCD0E, 0xC4CD, 0xBC4B, 0xB42A, 0xBC2A, 0xBC6B,
    0xBCAC, 0xBCAC, 0xBCAD, 0xBCAD, 0xBCAD, 0xBCAD, 0xBCAD, 0xBCAD, 0xBCAD, 0xBCAD, 0xBCAD, 0xBCAD, 0xBCAD, 0xBCAD, 0xBCAD, 0xBCAD,
    0xBCAD, 0xBCAD, 0xBC8D, 0xBCAD, 0xBC8D, 0xBC8D, 0xBC8D, 0xBC8D, 0xBC8D, 0xBC8D, 0xBC8D, 0xBC8D, 0xBC8D, 0xB48D, 0xB48D, 0xB46D,
    0xB46C, 0xB44C, 0xAC2A, 0xAC0A, 0xA40A, 0xA40A, 0xA40A, 0xA40A, 0xA40A, 0xA40A, 0xA40A, 0xA40A, 0xA40A, 0xA40A, 0xA40A, 0xA40A,
    0xA3EA, 0xA3EA, 0xA3EA, 0xA3EA, 0xA3EA, 0xA3EA, 0xA3EA, 0xA3EA, 0xA3EA, 0xA3EA, 0xA3EA, 0xA3E9, 0xA3C9, 0xA3C9, 0xA3C9, 0xA3C9,
    0x9BC9, 0x9BC9, 0x9BAA, 0x9BAA, 0x9BAA, 0x9BAA, 0x9BAA, 0x9BAA, 0x9BAA, 0x9BAA, 0x9BAA, 0x9BAA, 0x9BAA, 0x9389, 0x9389, 0x9389,
    0x9389, 0x9389, 0x9389, 0x9389, 0x9389, 0x9389, 0x9389, 0x9389, 0x9389, 0x9389, 0x9389, 0x936A, 0x8AE8, 0x7A45, 0x79C3, 0x79E2,
    0x8203, 0x8203, 0x8203, 0x8203, 0x8202, 0x8203, 0x8203, 0x71A2, 0x5921, 0x5921, 0x5921, 0x5921, 0x5921, 0x5921, 0x5142, 0x5184,
    0x51C5, 0x51E5, 0x51E5, 0x51E5, 0x51E5, 0x51E6, 0x51E5, 0x51E5, 0x51E6, 0x51E6, 0x51E6, 0x51E6, 0x51E6, 0x51C5, 0x51C5, 0x51C5,
    0xFFF9, 0xFFF9, 0xFFF9, 0xFFF8, 0xFFF8, 0xFFF8, 0xFFF8, 0xFFF8, 0xFFF8, 0xFFF7, 0xFFD6, 0xFF93, 0xFF10, 0xFF10, 0xFEEF, 0xFEEF,
    0xFEEF, 0xFECF, 0xFECF, 0xFECF, 0xFECE, 0xFECE, 0xFECE, 0xFECD, 0xFE8C, 0xFE2B, 0xFDCA, 0xFDAA, 0xFD89, 0xF528, 0xECE8, 0xECC8,
    0xECC8, 0xED2A, 0xF5CC, 0xF60E, 0xF60E, 0xF62E, 0xFE8F, 0xFF31, 0xFF93, 0xFFB4, 0xFFD6, 0xFFF7, 0xFFF7, 0xFFF7, 0xFFF7, 0xFFF7,
    0xFFF7, 0xFFF7, 0xFFF8, 0xFFF8, 0xFFF8, 0xFFF7, 0xFFF7, 0xFFF7, 0xFFF7, 0xFFF7, 0xFFF7, 0xFFB5, 0xFEB0, 0xF62F, 0xF62E, 0xF62F,
    0xF62F, 0xF60F, 0xF60F, 0xF60F, 0xEE0E, 0xEDEF, 0xEDCE, 0xE56C, 0xE54B, 0xE54B, 0xE54B, 0xE54B, 0xE58D, 0xE5AE, 0xE5AE, 0xE5AE,
    0xE58E, 0xDD6E, 0xDD6E, 0xDD6E, 0xDD4E, 0xDD4E, 0xDD4E, 0xD52E, 0xCCCC, 0xCC8A, 0xCC8B, 0xC46A, 0xC46A, 0xC48A, 0xC4AC, 0xCCAC,
    0xCCAC, 0xCCAC, 0xCCAC, 0xCCED, 0xCD0E, 0xD52E, 0xD52E, 0xD52E, 0xD52E, 0xD52E, 0xCD0E, 0xC4CD, 0xBC4B, 0xBC2A, 0xBC2B, 0xBC6B,
    0xBCAC, 0xBCAC, 0xBCAC, 0xBCAD, 0xC4AD, 0xBCAD, 0xBCAD, 0xBCAD, 0xC4AD, 0xBCAD, 0xBCAD, 0xBCAD, 0xBCAD, 0xBCAD, 0xBCAD, 0xBCAD,
    0xBCAD, 0xBC8D, 0xBC8D, 0xBCAD, 0xBC8D, 0xBC8D, 0xBC8D, 0xBC8D, 0xBC8D, 0xBC8D, 0xBC8D, 0xBC8D, 0xB48C, 0xB48D, 0xB48D, 0xB48C,
    0xB46C, 0xB44C, 0xAC2A, 0xAC0A, 0xAC0A, 0xA40A, 0xA40A, 0xA40A, 0xA40A, 0xA40A, 0xA40A, 0xA40A, 0xA40A, 0xA40A, 0xA40A, 0xA40A,
    0xA3EA, 0xA3EA, 0xA3EA, 0xA3EA, 0xA3EA, 0xA3EA, 0xA3EA, 0xA3EA, 0xA3EA, 0xA3EA, 0xA3EA, 0xA3E9, 0xA3C9, 0x9BE9, 0x9BEA, 0x9BCA,
    0x9BCA, 0x9BC9, 0x9BAA, 0x9BAA, 0x9BAA, 0x9BAA, 0x9BAA, 0x9BAA, 0x9BAA, 0x9BAA, 0x9BAA, 0x9BAA, 0x9BAA, 0x9BAA, 0x9389, 0x9389,
    0x9389, 0x9389, 0x9389, 0x9389, 0x9389, 0x9389, 0x9389, 0x9389, 0x938A, 0x938A, 0x9389, 0x9369, 0x82A6, 0x7203, 0x79C2, 0x79E3,
    0x8203, 0x8203, 0x8203, 0x8203, 0x8203, 0x8203, 0x7A03, 0x71A3, 0x5941, 0x5921, 0x5922, 0x5922, 0x5921, 0x5921, 0x5142, 0x5184,
    0x51C5, 0x51C5, 0x51C6, 0x51E5, 0x51C5, 0x51E6, 0x51E5, 0x51E5, 0x51E5, 0x51E6, 0x51E6, 0x51C5, 0x51E6, 0x51E6, 0x51E6, 0x51C5,
    0xFF93, 0xFF93, 0xFF73, 0xFF72, 0xFF72, 0xFF52, 0xFF52, 0xFF52, 0xFF51, 0xFF31, 0xFF30, 0xFEEF, 0xFE8D, 0xFE6C, 0xFE6C, 0xFE6C,
    0xFE6C, 0xFE4C, 0xFE4C, 0xFE2C, 0xFE2C, 0xFE2B, 0xFE2B, 0xFE2B, 0xFE2B, 0xFDCA, 0xF549, 0xF529, 0xF509, 0xED08, 0xECC8, 0xECC8,
    0xECC8, 0xED0A, 0xF5AC, 0xF60E, 0xF60E, 0xF60E, 0xFE6F, 0xFEF0, 0xFF31, 0xFF93, 0xFFB5, 0xFFD6, 0xFFF7, 0xFFF8, 0xFFF7, 0xFFD7,
    0xFFF7, 0xFFF7, 0xFFF7, 0xFFF7, 0xFFF7, 0xFFF7, 0xFFF7, 0xFFF7, 0xFFF7, 0xFFD7, 0xFFF7, 0xFFB5, 0xFEB1, 0xF62F, 0xF62E, 0xF62E,
    0xF62E, 0xF60F, 0xF60F, 0xF60E, 0xEE0F, 0xEDEF, 0xEDCE, 0xE56C, 0xE52B, 0xE54B, 0xE54B, 0xE54B, 0xE58D, 0xE5AE, 0xE5AE, 0xE5AE,
    0xE58E, 0xE56E, 0xDD6E, 0xDD6E, 0xDD4E, 0xD54D, 0xDD4E, 0xD54E, 0xCCCC, 0xCC8A, 0xCC8A, 0xC48A, 0xC46A, 0xC48B, 0xC4AC, 0xCCAC,
    0xCCAC, 0xCCAC, 0xCCAC, 0xCCCD, 0xCD0E, 0xD52E, 0xD52E, 0xD52E, 0xD52E, 0xD52E, 0xCD0E, 0xC4CD, 0xBC4B, 0xBC2A, 0xBC4B, 0xBC6B,
    0xBCAC, 0xBCAC, 0xBCAC, 0xBCAD, 0xC4AD, 0xBCAD, 0xBCAD, 0xBCAD, 0xC4AD, 0xBCAD, 0xBCCD, 0xBCAD, 0xBCAD, 0xBCAD, 0xBCAD, 0xBCAD,
    0xBCAD, 0xBC8D, 0xBC8D, 0xBCAD, 0xBC8D, 0xBC8D, 0xBC8D, 0xBC8D, 0xBC8D, 0xBC8D, 0xBC8D, 0xBC8D, 0xBC8D, 0xB48D, 0xB48D, 0xB46D,
    0xB46C, 0xB42B, 0xAC0A, 0xAC0A, 0xA40A, 0xA40A, 0xA40A, 0xA40A, 0xA40A, 0xA40A, 0xA40A, 0xA40A, 0xA40A, 0xA40A, 0xA40A, 0xA40A,
    0xA3EA, 0xA3EA, 0xA3EA, 0xA3EA, 0xA3EA, 0xA3EA, 0xA3EA, 0xA3EA, 0xA3EA, 0xA3EA, 0xA3EA, 0xA3E9, 0xA3E9, 0x9BE9, 0x9BEA, 0x9BCA,
    0x9BCA, 0x9BC9, 0x9BAA, 0x9BAA, 0x9BAA, 0x9BAA, 0x9BAA, 0x9BAA, 0x9BAA, 0x9BAA, 0x9BAA, 0x9BAA, 0x9BAA, 0x9BAA, 0x9BAA, 0x9389,
    0x9389, 0x9389, 0x9389, 0x9389, 0x9389, 0x9389, 0x9389, 0x9389, 0x938A, 0x938A, 0x9389, 0x9369, 0x82A6, 0x7203, 0x71C2, 0x79E3,
    0x8203, 0x8203, 0x8203, 0x8203, 0x8203, 0x8203, 0x7A03, 0x69A2, 0x5921, 0x5922, 0x5921, 0x5921, 0x5921, 0x5921, 0x5142, 0x5184,
    0x51C5, 0x51C5, 0x51C5, 0x51C5, 0x51C5, 0x51E6, 0x51E5, 0x51E5, 0x51E5, 0x51E6, 0x51C5, 0x51E6, 0x51E6, 0x51E6, 0x51E6, 0x51C5,
    0xFEAE, 0xFEAE, 0xFEAE, 0xFE8E, 0xFE8E, 0xFE6D, 0xFE6D, 0xFE6D, 0xFE4C, 0xFE4C, 0xFE4C, 0xFE0B, 0xFDCA, 0xFDCA, 0xFDAA, 0xFDAA,
    0xFDAA, 0xFD8A, 0xFD8A, 0xFD8A, 0xFD89, 0xFD69, 0xF569, 0xF569, 0xF569, 0xF549, 0xF529, 0xF508, 0xED08, 0xECE8, 0xECC8, 0xECC8,
    0xECA8, 0xED09, 0xF5AC, 0xF5EE, 0xF60E, 0xF60E, 0xFE4F, 0xFEB0, 0xFED0, 0xFF31, 0xFF72, 0xFF94, 0xFFD5, 0xFFD7, 0xFFF7, 0xFFF7,
    0xFFF8, 0xFFF8, 0xFFF7, 0xFFF7, 0xFFF7, 0xFFF7, 0xFFF7, 0xFFF7, 0xFFF7, 0xFFF7, 0xFFF7, 0xFFB5, 0xFEB1, 0xF62F, 0xF62E, 0xF62E,
    0xF62E, 0xF60E, 0xF60F, 0xEE0E, 0xEDEF, 0xEDEF, 0xEDEE, 0xE56C, 0xE52B, 0xE52B, 0xE54B, 0xE54B, 0xE58D, 0xE5AE, 0xE58E, 0xE58E,
    0xE58E, 0xE58E, 0xDD8E, 0xDD6E, 0xDD4E, 0xD54D, 0xDD4E, 0xD52E, 0xCCCC, 0xCC8A, 0xCC8A, 0xC48A, 0xCC8A, 0xC48A, 0xC4AC, 0xC4AC,
    0xCCAC, 0xCCAC, 0xCCAC, 0xCCCD, 0xCD0E, 0xD52E, 0xD52E, 0xD52E, 0xD52E, 0xD52E, 0xCD2E, 0xC4CD, 0xBC4B, 0xBC2A, 0xBC4B, 0xBC6C,
    0xBCAC, 0xBCAC, 0xBCAC, 0xBCAD, 0xC4AD, 0xBCAD, 0xBCAD, 0xBCAD, 0xBCAD, 0xBCAD, 0xBCAD, 0xBCAD, 0xBCAD, 0xBCAD, 0xBCAD, 0xBCAD,
    0xBCAD, 0xBC8D, 0xBC8D, 0xBC8D, 0xBC8D, 0xBC8D, 0xBC8D, 0xBC8D, 0xBC8D, 0xBC8D, 0xBC8D, 0xBC8D, 0xBC8D, 0xB48C, 0xB48D, 0xB48D,
    0xB46C, 0xB42B, 0xAC0A, 0xAC0A, 0xAC0A, 0xA40A, 0xA40A, 0xA40A, 0xA40A, 0xA40A, 0xA40A, 0xA40A, 0xA40A, 0xA40A, 0xA40A, 0xA3EA,
    0xA3EA, 0xA3EA, 0xA3EA, 0xA3EA, 0xA3EA, 0xA3EA, 0xA3EA, 0xA3EA, 0xA3EA, 0xA3EA, 0xA3EA, 0xA3EA, 0xA3E9, 0x9BE9, 0x9BEA, 0x9BCA,
    0x9BC9, 0x9BA9, 0x9BAA, 0x9BAA, 0x9B8A, 0x9BAA, 0x9BAA, 0x9BAA, 0x9B8A, 0x9BAA, 0x9BAA, 0x9BAA, 0x9BAA, 0x9BAA, 0x9BAA, 0x938A,
    0x9389, 0x9389, 0x9389, 0x9389, 0x9389, 0x9389, 0x9389, 0x9389, 0x938A, 0x9389, 0x938A, 0x9369, 0x82A6, 0x71E3, 0x71C2, 0x79E3,
    0x8203, 0x8203, 0x8203, 0x8203, 0x8203, 0x8203, 0x7A03, 0x6982, 0x5921, 0x5922, 0x5921, 0x5921, 0x5921, 0x5921, 0x5142, 0x5184,
    0x51C5, 0x51C5, 0x51C5, 0x51C5, 0x51C6, 0x51E5, 0x51E5, 0x51E5, 0x51C5, 0x51E5, 0x51E5, 0x51E5, 0x51E5, 0x51E5, 0x51E5, 0x51C5,
    0xFD69, 0xFD89, 0xFD89, 0xFD89, 0xFD8A, 0xFD89, 0xFD89, 0xFD89, 0xFD69, 0xFD89, 0xFD89, 0xFD89, 0xFD69, 0xFD89, 0xFD69, 0xFD69,
    0xFD69, 0xFD69, 0xFD69, 0xF569, 0xF549, 0xF549, 0xF549, 0xF549, 0xF529, 0xF528, 0xF528, 0xF508, 0xED08, 0xECE8, 0xECC8, 0xECA8,
    0xECA8, 0xED09, 0xF5AC, 0xF5ED, 0xF5EE, 0xF60E, 0xFE4F, 0xFE90, 0xFEB0, 0xFED1, 0xFEF1, 0xFF11, 0xFF73, 0xFFB5, 0xFFD6, 0xFFF8,
    0xFFF8, 0xFFF8, 0xFFF7, 0xFFF7, 0xFFF7, 0xFFF7, 0xFFF7, 0xFFF7, 0xFFF7, 0xFFF7, 0xFFF8, 0xFFB5, 0xFED1, 0xF62F, 0xF62F, 0xF60E,
    0xF60E, 0xF60F, 0xF60F, 0xEE0F, 0xEE0F, 0xEE0F, 0xEDEF, 0xE56C, 0xDD2B, 0xE52B, 0xE54B, 0xE54B, 0xE56D, 0xE5AE, 0xE5AE, 0xE5AE,
    0xE58E, 0xE58E, 0xE58E, 0xDD6D, 0xDD4D, 0xDD4E, 0xDD4E, 0xD52D, 0xCCCC, 0xCC8A, 0xCC8A, 0xCC8A, 0xCC6A, 0xC48A, 0xC4AC, 0xC4AC,
    0xC4AC, 0xC4AC, 0xC4AC, 0xCCCC, 0xCD0D, 0xD52E, 0xD52E, 0xD52E, 0xD52E, 0xD52E, 0xCD2E, 0xCCED, 0xBC6B, 0xBC4A, 0xBC2B, 0xBC6C,
    0xBCAC, 0xBCAC, 0xBCAC, 0xC4CC, 0xBCAC, 0xBCAC, 0xBCAD, 0xBCAD, 0xBCAD, 0xBCAD, 0xBCAD, 0xBCAD, 0xBCAD, 0xBCAD, 0xBCAD, 0xBCAD,
    0xBCAD, 0xBC8D, 0xBC8D, 0xBC8D, 0xBC8D, 0xBC8D, 0xBC8D, 0xBC8D, 0xBC8D, 0xBC8D, 0xBC8D, 0xBC8D, 0xBC8D, 0xBC8C, 0xB48C, 0xB48C,
    0xB46C, 0xB42B, 0xAC0A, 0xAC0A, 0xAC0A, 0xA40A, 0xA40A, 0xA40A, 0xA40A, 0xA40A, 0xA40A, 0xA40A, 0xA40A, 0xA40A, 0xA3EA, 0xA3EA,
    0xA3EA, 0xA3EA, 0xA3EA, 0xA3EA, 0xA3EA, 0xA3EA, 0xA3EA, 0xA3EA, 0xA3EA, 0xA3EA, 0xA3EA, 0xA3EA, 0xA3EA, 0xA3E9, 0xA3E9, 0x9BCA,
    0x9BC9, 0x9BA9, 0x9BAA, 0x9BAA, 0x9BAA, 0x9BAA, 0x9BAA, 0x9BAA, 0x9BAA, 0x9BAA, 0x9BAA, 0x9BAA, 0x9389, 0x9BAA, 0x9389, 0x9389,
    0x93A9, 0x93A9, 0x93A9, 0x93A9, 0x9389, 0x9389, 0x9389, 0x9389, 0x938A, 0x938A, 0x9389, 0x9369, 0x82A6, 0x71E3, 0x79C2, 0x79E3,
    0x8203, 0x8203, 0x8203, 0x8203, 0x8203, 0x8203, 0x79E3, 0x6982, 0x5921, 0x5921, 0x5921, 0x5922, 0x5901, 0x5921, 0x5142, 0x5184,
    0x51C5, 0x51C5, 0x51C5, 0x51C5, 0x51C5, 0x51C5, 0x51C5, 0x51C5, 0x51C5, 0x51C5, 0x51C5, 0x51C5, 0x51C5, 0x51E5, 0x51E5, 0x51C5,
    0xFD69, 0xFD89, 0xFD89, 0xFD89, 0xFD89, 0xFD89, 0xFD69, 0xFD89, 0xFD69, 0xFD69, 0xFD69, 0xFD69, 0xFD69, 0xF569, 0xF569, 0xF569,
    0xFD69, 0xF569, 0xF549, 0xF549, 0xF549, 0xF549, 0xF549, 0xF549, 0xF529, 0xF528, 0xF528, 0xED08, 0xED08, 0xECE8, 0xECE8, 0xECC8,
    0xECE8, 0xED29, 0xEDAC, 0xF5ED, 0xF5EE, 0xF60E, 0xFE4F, 0xFE90, 0xFE90, 0xFE90, 0xFEB0, 0xFEF0, 0xFF51, 0xFF73, 0xFF94, 0xFFD6,
    0xFFD7, 0xFFF7, 0xFFF7, 0xFFF7, 0xFFF7, 0xFFF7, 0xFFF7, 0xFFF7, 0xFFF7, 0xFFF7, 0xFFF8, 0xFFB5, 0xFED1, 0xF62F, 0xF60F, 0xF60F,
    0xF60F, 0xF60F, 0xF60F, 0xEE0F, 0xEE0F, 0xEDEF, 0xEDCF, 0xE56C, 0xDD2B, 0xDD2B, 0xE52B, 0xE54B, 0xE56D, 0xE5AE, 0xE58E, 0xE5AE,
    0xE58E, 0xE58E, 0xE58E, 0xE58E, 0xDD6E, 0xDD4E, 0xDD4E, 0xD52D, 0xCCCB, 0xCC8A, 0xCC8A, 0xCC8A, 0xCC8A, 0xC48A, 0xC4AC, 0xCCAC,
    0xC4AC, 0xC4AC, 0xC4AC, 0xCCAC, 0xCCED, 0xD52E, 0xD52E, 0xD52E, 0xD52E, 0xD52E, 0xCD2E, 0xCCED, 0xBC6B, 0xBC2B, 0xBC2B, 0xBC6B,
    0xBCAC, 0xBCAC, 0xBCAC, 0xBCAC, 0xBCAC, 0xC4CC, 0xBCAC, 0xBCAD, 0xBCAD, 0xBCAD, 0xBCAD, 0xBCAD, 0xBCAD, 0xBCAD, 0xBCAD, 0xBC8D,
    0xBCAD, 0xBCAD, 0xBCAD, 0xBC8D, 0xBC8D, 0xBC8D, 0xBC8D, 0xBC8D, 0xBC8D, 0xBC8D, 0xBC8D, 0xBC6D, 0xBC8D, 0xBC6C, 0xBC6C, 0xBC6C,
    0xB46C, 0xB44B, 0xAC0A, 0xAC0A, 0xAC0A, 0xA40A, 0xA40A, 0xA40A, 0xA40A, 0xA40A, 0xA40A, 0xA40A, 0xA40A, 0xA40A, 0xA40A, 0xA3EA,
    0xA3EA, 0xA3EA, 0xA3EA, 0xA3EA, 0xA3EA, 0xA3EA, 0xA3EA, 0xA3EA, 0xA3EA, 0xA3EA, 0xA3EA, 0xA3EA, 0xA3EA, 0xA3EA, 0xA3EA, 0xA3CA,
    0x9BC9, 0x9BA9, 0x9BAA, 0x9BAA, 0x9BAA, 0x9BAA, 0x9BAA, 0x9BAA, 0x9BAA, 0x9BAA, 0x9BAA, 0x9BAA, 0x9389, 0x9BA9, 0x93A9, 0x93A9,
    0x93A9, 0x93A9, 0x93A9, 0x9B89, 0x9389, 0x9389, 0x9389, 0x9389, 0x938A, 0x938A, 0x938A, 0x9369, 0x82A6, 0x71E3, 0x79C2, 0x81E3,
    0x8203, 0x8203, 0x8203, 0x8203, 0x8203, 0x8203, 0x79E3, 0x6982, 0x5921, 0x5921, 0x5901, 0x5901, 0x5901, 0x5901, 0x5142, 0x5184,
    0x51A4, 0x51C5, 0x51A5, 0x51A5, 0x51A5, 0x51A5, 0x51A5, 0x51A5, 0x51A5, 0x51C5, 0x51C5, 0x51C5, 0x51C5, 0x51C5, 0x51C5, 0x51C5,
    0xFD69, 0xFD69, 0xFD69, 0xFD69, 0xFD6A, 0xFD6A, 0xFD69, 0xF56A, 0xF569, 0xF569, 0xF569, 0xFD69, 0xF569, 0xF549, 0xF549, 0xF549,
    0xF549, 0xF549, 0xF549, 0xF569, 0xF569, 0xF569, 0xF569, 0xF569, 0xFDAB, 0xFDCC, 0xFDEC, 0xFDEC, 0xFDEC, 0xFDEC, 0xFE0C, 0xFDED,
    0xFE0D, 0xFE0D, 0xF60E, 0xF5ED, 0xF5ED, 0xF5EE, 0xF62F, 0xFE90, 0xFE90, 0xFE90, 0xFE90, 0xFEB0, 0xFEF0, 0xFF11, 0xFF32, 0xFF94,
    0xFFD6, 0xFFF7, 0xFFF7, 0xFFF7, 0xFFF7, 0xFFF7, 0xFFF7, 0xFFF7, 0xFFF7, 0xFFF7, 0xFFD7, 0xFFB6, 0xFEF1, 0xF62F, 0xF60E, 0xF60F,
    0xF60F, 0xF60F, 0xEE0F, 0xEDEF, 0xEDEF, 0xEDEF, 0xEDEF, 0xE56C, 0xDD2B, 0xDD2B, 0xDD2B, 0xDD4B, 0xE56D, 0xE5AE, 0xE5AE, 0xE5AE,
    0xE5AE, 0xE58E, 0xE58E, 0xE58E, 0xDD6E, 0xDD4E, 0xDD4E, 0xD52D, 0xCCCC, 0xCC8A, 0xCC8A, 0xC48A, 0xC48A, 0xC48A, 0xC4AC, 0xCCAC,
    0xC4AC, 0xC4AC, 0xC4AC, 0xC4AC, 0xCCED, 0xD52E, 0xD52E, 0xD52E, 0xD52E, 0xD52E, 0xCD2E, 0xCCED, 0xBC6B, 0xBC4B, 0xBC2A, 0xBC6B,
    0xBCAC, 0xBCAC, 0xBCAC, 0xBCAC, 0xBCAC, 0xBCAC, 0xBCAC, 0xBCAD, 0xBCAD, 0xBCAD, 0xBCAD, 0xBCCD, 0xBCAD, 0xBCAD, 0xBCAD, 0xBCAD,
    0xBCAD, 0xBCAD, 0xBCAD, 0xBCAD, 0xBCAD, 0xBCAD, 0xBC8D, 0xBC8D, 0xBC8D, 0xBC8D, 0xBC8D, 0xBC8D, 0xBC8D, 0xBC8D, 0xBC6D, 0xBC6D,
    0xB46C, 0xB44B, 0xAC0A, 0xAC0A, 0xAC0A, 0xAC0A, 0xA40A, 0xAC0A, 0xA40A, 0xA40A, 0xA40A, 0xA40A, 0xA40A, 0xA40A, 0xA40A, 0xA3EA,
    0xA3EA, 0xA3EA, 0xA3EA, 0xA3EA, 0xA3EA, 0xA3EA, 0xA3EA, 0xA3EA, 0xA3EA, 0xA3EA, 0xA3EA, 0xA3EA, 0xA3EA, 0xA3EA, 0xA3EA, 0xA3CA,
    0x9BAA, 0x9B89, 0x9BAA, 0x9BAA, 0x9BAA, 0x9BAA, 0x9BAA, 0x9BAA, 0x9BAA, 0x9BA9, 0x9BA9, 0x93A9, 0x93A9, 0x9B89, 0x9B89, 0x9B89,
    0x9BA9, 0x9B89, 0x9B89, 0x9B89, 0x9B89, 0x9B89, 0x9389, 0x9389, 0x9389, 0x9389, 0x9389, 0x9369, 0x8285, 0x71E3, 0x79C2, 0x81E3,
    0x8203, 0x8203, 0x8203, 0x8203, 0x8203, 0x81E3, 0x71A2, 0x6962, 0x5921, 0x6142, 0x6142, 0x6142, 0x6142, 0x6142, 0x5962, 0x5983,
    0x5983, 0x59A4, 0x59A3, 0x59A3, 0x59A3, 0x59A3, 0x5983, 0x5983, 0x5984, 0x5984, 0x59A4, 0x59A4, 0x59A4, 0x59A4, 0x59A4, 0x59A4,
    0xFD68, 0xFD69, 0xFD69, 0xFD69, 0xFD69, 0xFD69, 0xFD69, 0xFDAB, 0xFDCB, 0xFDEB, 0xFDEB, 0xFDEC, 0xFDEB, 0xFDEB, 0xFDEC, 0xFDEB,
    0xFDEB, 0xFDEB, 0xFE6E, 0xFEAF, 0xFED0, 0xFED0, 0xFED0, 0xFED0, 0xFF12, 0xFF32, 0xFF33, 0xFF33, 0xFF32, 0xFF32, 0xFF12, 0xFF12,
    0xFF12, 0xFEF1, 0xFEB0, 0xF62E, 0xF5ED, 0xF5CD, 0xF60E, 0xFE70, 0xFE90, 0xFE90, 0xFE90, 0xFEB0, 0xFED0, 0xFED1, 0xFEF1, 0xFF32,
    0xFF74, 0xFFB5, 0xFFD6, 0xFFD7, 0xFFF7, 0xFFF7, 0xFFF7, 0xFFF7, 0xFFF7, 0xFFF7, 0xFFF8, 0xFFD6, 0xFEF1, 0xFE2F, 0xF60E, 0xF60F,
    0xF60F, 0xEE0F, 0xEE0F, 0xEDEF, 0xEDEF, 0xEDEF, 0xEDEF, 0xE56C, 0xDD2B, 0xDD2B, 0xDD2B, 0xDD2B, 0xE56D, 0xE5AE, 0xE5AE, 0xE5AE,
    0xE5AE, 0xE58E, 0xE58E, 0xE58E, 0xDD6E, 0xDD6E, 0xDD6E, 0xDD4E, 0xCCCC, 0xCC8A, 0xCC8A, 0xC48A, 0xC48A, 0xC48A, 0xCCAC, 0xCCAC,
    0xCCAC, 0xC4AC, 0xCCAC, 0xC4AC, 0xCCED, 0xCD2E, 0xD52E, 0xD52E, 0xD52E, 0xD52E, 0xCD2E, 0xCCED, 0xC48C, 0xBC4B, 0xBC2B, 0xBC6B,
    0xBCAC, 0xBCAC, 0xC4AC, 0xBCAC, 0xBCAC, 0xBCAC, 0xBCAD, 0xBCAD, 0xBCAD, 0xBCAD, 0xBCAD, 0xBCCD, 0xBCAD, 0xBCAD, 0xBCAD, 0xBCAD,
    0xBCAD, 0xBCAD, 0xBCAD, 0xBCAD, 0xBCAD, 0xBCAD, 0xBC8D, 0xBC8D, 0xBC8D, 0xBC8D, 0xBC8D, 0xBC8D, 0xBC8D, 0xBC8D, 0xBC6D, 0xBC6D,
    0xB46C, 0xB42B, 0xAC0A, 0xAC0A, 0xAC0A, 0xA40A, 0xAC0A, 0xAC0A, 0xA40A, 0xA40A, 0xA40A, 0xA40A, 0xA40A, 0xA40A, 0xA40A, 0xA40A,
    0xA3EA, 0xA3EA, 0xA3EA, 0xA3EA, 0xA3EA, 0xA3EA, 0xA3EA, 0xA3EA, 0xA3EA, 0xA3EA, 0xA3EA, 0xA3EA, 0xA3EA, 0xA3EA, 0xA3EA, 0xA3CA,
    0x9BAA, 0x9BA9, 0x9BAA, 0x9BAA, 0x9BAA, 0x9BAA, 0x9BAA, 0x9BAA, 0x9BA9, 0x9BA9, 0x9BA9, 0x9BA9, 0x9BAA, 0x9BA9, 0x9B89, 0x9B89,
    0x9B89, 0x9B89, 0x9B89, 0x9B89, 0x9B89, 0x9B89, 0x9B89, 0x9389, 0x9389, 0x9389, 0x9389, 0x9369, 0x7A85, 0x71E2, 0x79C2, 0x81E3,
    0x8203, 0x8203, 0x8203, 0x8203, 0x8203, 0x81E3, 0x71A2, 0x6962, 0x6962, 0x7182, 0x71A2, 0x71A2, 0x71A2, 0x71A2, 0x69A2, 0x69A3,
    0x69A3, 0x69C3, 0x69C3, 0x69C3, 0x69A3, 0x69A3, 0x61A3, 0x61A3, 0x61A3, 0x61A3, 0x61A3, 0x61A3, 0x61A3, 0x61A3, 0x61A3, 0x61A3,
    0xFDCA, 0xFDCB, 0xFDEB, 0xFDEB, 0xFDEC, 0xFE0C, 0xFE0C, 0xFE6E, 0xFED0, 0xFED0, 0xFED0, 0xFED1, 0xFED1, 0xFEF1, 0xFEF1, 0xFED0,
    0xFEF0, 0xFEF1, 0xFF33, 0xFF94, 0xFF95, 0xFFB5, 0xFFB5, 0xFFB6, 0xFFD6, 0xFFD6, 0xFFD6, 0xFFB6, 0xFF95, 0xFF74, 0xFF54, 0xFF53,
    0xFF33, 0xFF33, 0xFEF2, 0xFE4F, 0xF5ED, 0xF5CD, 0xF5EE, 0xFE6F, 0xFE90, 0xFE90, 0xFE90, 0xFEB0, 0xFEB0, 0xFEB0, 0xFEB0, 0xFEF1,
    0xFF11, 0xFF32, 0xFF94, 0xFFD6, 0xFFF7, 0xFFF7, 0xFFF7, 0xFFF7, 0xFFF7, 0xFFF7, 0xFFF8, 0xFFD6, 0xFEF2, 0xFE2F, 0xF60F, 0xF60F,
    0xF60F, 0xEE0F, 0xEE0F, 0xEE0F, 0xEDEF, 0xEDEF, 0xEDCF, 0xE56C, 0xDD2B, 0xDD2B, 0xDD2B, 0xDD2B, 0xDD6C, 0xE5AE, 0xE5AE, 0xE5AE,
    0xE5AE, 0xE58E, 0xE58E, 0xE58E, 0xDD8E, 0xDD6E, 0xDD6E, 0xDD4E, 0xD4EC, 0xCC8A, 0xCC8A, 0xC48A, 0xC48A, 0xC48A, 0xCCAC, 0xCCAC,
    0xCCAC, 0xCCAC, 0xCCAC, 0xCCAC, 0xCD0D, 0xCD2E, 0xD52E, 0xD52E, 0xD52E, 0xCD0E, 0xCD2E, 0xCD0E, 0xC4AC, 0xBC4B, 0xBC2B, 0xBC4B,
    0xBC8C, 0xBCAC, 0xC4AC, 0xBCAC, 0xBCAC, 0xC4AD, 0xC4AD, 0xBCAD, 0xC4AD, 0xBCAD, 0xBCCD, 0xBCAD, 0xBCAD, 0xBCAD, 0xBCAD, 0xBCAD,
    0xBCAD, 0xBCAD, 0xBCAD, 0xBCAD, 0xBCAD, 0xBCAD, 0xBC8D, 0xBC8D, 0xBC8D, 0xBC8D, 0xBC8D, 0xBC8D, 0xBC8D, 0xBC8C, 0xBC8C, 0xBC6C,
    0xBC6C, 0xB44B, 0xAC0A, 0xAC0A, 0xAC0A, 0xA40A, 0xAC0A, 0xA40A, 0xA40A, 0xA40A, 0xA40A, 0xA40A, 0xA40A, 0xA40A, 0xA40A, 0xA40A,
    0xA40A, 0xA3EA, 0xA3EA, 0xA3EA, 0xA3EA, 0xA3EA, 0xA3EA, 0xA3EA, 0xA3EA, 0xA3EA, 0xA3EA, 0xA3EA, 0xA3EA, 0xA3EA, 0xA3EA, 0xA3CA,
    0x9BAA, 0x9BAA, 0x9BAA, 0x9BAA, 0x9BAA, 0x9BAA, 0x9BAA, 0x9BAA, 0x9BA9, 0x9BA9, 0x9BA9, 0x9BA9, 0x9BAA, 0x9BAA, 0x9BA9, 0x9BA9,
    0x9BAA, 0x9BA9, 0x9BA9, 0x9BA9, 0x9BAA, 0x9B89, 0x9B8A, 0x9B89, 0x9389, 0x9389, 0x9389, 0x8B28, 0x7A65, 0x71E3, 0x79C2, 0x81E3,
    0x8203, 0x8203, 0x8203, 0x8203, 0x8203, 0x81E3, 0x7182, 0x7182, 0x79C2, 0x79E2, 0x79E2, 0x79E2, 0x79E2, 0x79E2, 0x79E2, 0x79E2,
    0x79E3, 0x79E3, 0x79E3, 0x79E3, 0x79E3, 0x71E3, 0x71E3, 0x71E3, 0x71E3, 0x71E3, 0x71E3, 0x71E3, 0x71E3, 0x71E3, 0x71E3, 0x71E3,
    0xFEF1, 0xFEF1, 0xFF11, 0xFF12, 0xFF12, 0xFF32, 0xFF32, 0xFF73, 0xFFB5, 0xFFD6, 0xFFD5, 0xFFD6, 0xFFD6, 0xFFD6, 0xFFD6, 0xFFD6,
    0xFFB6, 0xFFB6, 0xFFB6, 0xFFB6, 0xFFB5, 0xFFB5, 0xFF95, 0xFF95, 0xFF95, 0xFF95, 0xFF95, 0xFF74, 0xFEF2, 0xFEB1, 0xFEB1, 0xFEB1,
    0xFE91, 0xFEB1, 0xFE90, 0xF62F, 0xEDED, 0xEDAD, 0xF5CD, 0xFE4F, 0xFE90, 0xFE90, 0xFE90, 0xFEB0, 0xFEB0, 0xFEB1, 0xFEB1, 0xFEB1,
    0xFEB1, 0xFEF1, 0xFF52, 0xFF94, 0xFFD5, 0xFFD5, 0xFFD6, 0xFFF7, 0xFFF7, 0xFFF7, 0xFFF7, 0xFFD6, 0xFF12, 0xF62F, 0xF60E, 0xF60F,
    0xF60F, 0xEDEF, 0xEDEF, 0xEDEF, 0xEDEF, 0xEDEF, 0xEDCF, 0xE56C, 0xDD2B, 0xDD2B, 0xDD2B, 0xDD2B, 0xDD6D, 0xE58E, 0xE58E, 0xE58E,
    0xE5AE, 0xE5AE, 0xE58E, 0xE58E, 0xDD8E, 0xDD6E, 0xDD6E, 0xDD4E, 0xD4EC, 0xCC8A, 0xCC8A, 0xCC8A, 0xC48A, 0xC48A, 0xCCAC, 0xCCAC,
    0xCCAC, 0xCCAC, 0xC4AC, 0xC4CC, 0xCCED, 0xCD2E, 0xD52E, 0xD52E, 0xD52E, 0xCD0E, 0xCD0E, 0xCD0D, 0xC4AC, 0xBC4B, 0xBC2A, 0xBC4B,
    0xBCAC, 0xBCAC, 0xC4AD, 0xC4AC, 0xBCAC, 0xBCAC, 0xBCAD, 0xBCAD, 0xBCAD, 0xBCAD, 0xBCAD, 0xBCAD, 0xBCAD, 0xBCAD, 0xBCAD, 0xBCAD,
    0xBCAD, 0xBCAD, 0xBCAD, 0xBCAD, 0xBCAD, 0xBCAD, 0xBCAD, 0xBCAD, 0xBC8D, 0xBC8D, 0xBC8D, 0xBC8D, 0xBC8D, 0xBC8D, 0xBC8D, 0xBC6C,
    0xB46C, 0xB44B, 0xAC0A, 0xAC0A, 0xAC0A, 0xAC0A, 0xAC0A, 0xAC0A, 0xAC0A, 0xA40A, 0xA40A, 0xA40A, 0xA40A, 0xA40A, 0xA40A, 0xA40A,
    0xA40A, 0xA40A, 0xA40A, 0xA3EA, 0xA3EA, 0xA3EA, 0xA3EA, 0xA3EA, 0xA3EA, 0xA3EA, 0xA3EA, 0xA3EA, 0xA3EA, 0xA3EA, 0xA3EA, 0xA3C9,
    0x9BC9, 0x9BAA, 0x9BAA, 0x9BAA, 0x9BAA, 0x9BAA, 0x9BAA, 0x9BAA, 0x9BAA, 0x9BA9, 0x9BA9, 0x9B8A, 0x9348, 0x9347, 0x9348, 0x9348,
    0x9348, 0x9348, 0x9348, 0x9348, 0x8B48, 0x8B28, 0x8B28, 0x8B28, 0x8B28, 0x8B28, 0x8B07, 0x7A64, 0x69A2, 0x6940, 0x7181, 0x81E3,
    0x8203, 0x8203, 0x8203, 0x8203, 0x8203, 0x81E3, 0x7182, 0x7182, 0x79C2, 0x8203, 0x8203, 0x8203, 0x8203, 0x8203, 0x8223, 0x8223,
    0x8223, 0x8223, 0x8223, 0x8223, 0x8223, 0x8223, 0x8223, 0x8223, 0x8223, 0x8223, 0x8223, 0x8223, 0x8223, 0x8223, 0x8223, 0x8223,
    0xFFD6, 0xFFD6, 0xFFD6, 0xFFD6, 0xFFD6, 0xFFD6, 0xFFD6, 0xFFD6, 0xFFD7, 0xFFD7, 0xFFD6, 0xFFB5, 0xFFB5, 0xFFB6, 0xFFB6, 0xFFB5,
    0xFFB5, 0xFFB5, 0xFFB5, 0xFF94, 0xFF12, 0xFEB1, 0xFEB0, 0xFEB0, 0xFEB0, 0xFEB0, 0xFE90, 0xFE90, 0xFE4F, 0xF62F, 0xF62F, 0xF62F,
    0xF62F, 0xF62F, 0xF62F, 0xF60E, 0xEDCD, 0xEDAC, 0xF5CD, 0xFE4F, 0xFE90, 0xFE90, 0xFE90, 0xFEB0, 0xFEB1, 0xFEB1, 0xFEB1, 0xFEB1,
    0xFEB1, 0xFED1, 0xFEF1, 0xFF32, 0xFF73, 0xFF93, 0xFFB5, 0xFFF7, 0xFFF7, 0xFFF7, 0xFFF8, 0xFFD6, 0xFF12, 0xF62F, 0xEDEE, 0xEDEE,
    0xEDEF, 0xEDEE, 0xEDEF, 0xEDEF, 0xEDEF, 0xEDEF, 0xEDCE, 0xE56C, 0xDD2B, 0xDD2B, 0xDD2B, 0xDD2B, 0xDD6D, 0xE58E, 0xE58E, 0xE58E,
    0xE5AE, 0xE5AE, 0xE58E, 0xDD8E, 0xDD8E, 0xDD6E, 0xDD6E, 0xDD4E, 0xD50C, 0xCC8A, 0xCC8A, 0xCC8A, 0xC48A, 0xC48A, 0xCCAC, 0xCCAC,
    0xCCAC, 0xCCAC, 0xCCCC, 0xCCCC, 0xCCED, 0xCD2E, 0xD52E, 0xD52E, 0xCD0E, 0xCD0E, 0xCD0E, 0xCCED, 0xC4AC, 0xBC4B, 0xBC2A, 0xBC4B,
    0xBCAC, 0xC4AC, 0xC4AD, 0xBCAC, 0xBCAC, 0xBCAC, 0xBCAD, 0xBCAD, 0xBCAD, 0xBCAD, 0xBCAD, 0xBCAD, 0xBCAD, 0xBCAD, 0xBCAD, 0xBCAD,
    0xBCAD, 0xBCAD, 0xBCAD, 0xBCAD, 0xBCAD, 0xBCAD, 0xBCAD, 0xBC8D, 0xBC8D, 0xBC8D, 0xBC8D, 0xBC8D, 0xBC6D, 0xBC8D, 0xBC6C, 0xBC6C,
    0xB46C, 0xB44B, 0xAC0A, 0xAC0A, 0xAC0A, 0xAC0A, 0xAC0A, 0xAC0A, 0xAC0A, 0xA40A, 0xA40A, 0xA40A, 0xA40A, 0xA40A, 0xA40A, 0xA40A,
    0xA40A, 0xA40A, 0xA40A, 0xA3EA, 0xA3EA, 0xA3EA, 0xA3EA, 0xA3EA, 0xA3EA, 0xA3EA, 0xA3EA, 0xA3EA, 0xA3EA, 0xA3EA, 0xA3EA, 0xA3C9,
    0x9BC9, 0x9BAA, 0x9BAA, 0x9BAA, 0x9B8A, 0x9B8A, 0x9B8A, 0x9BAA, 0x9BAA, 0x9BAA, 0x9BA9, 0x9BCA, 0xBD71, 0xC5B4, 0xC5B4, 0xCDD4,
    0xCDD4, 0xCDD4, 0xCDD4, 0xCDD4, 0xCDD4, 0xCDD4, 0xCDD4, 0xCDD4, 0xCDD4, 0xCDD4, 0xCDD4, 0xC573, 0xBD11, 0xBCF1, 0x9307, 0x81C2,
    0x8203, 0x8203, 0x8203, 0x8202, 0x8203, 0x81E3, 0x71A2, 0x71A2, 0x79E2, 0x8203, 0x8203, 0x8203, 0x8203, 0x8203, 0x8203, 0x8223,
    0x8223, 0x8223, 0x8223, 0x8223, 0x8223, 0x8223, 0x8223, 0x8223, 0x8223, 0x8223, 0x8223, 0x8223, 0x8223, 0x8223, 0x8223, 0x8223,
    0xFFF7, 0xFFF6, 0xFFD6, 0xFFD6, 0xFFD6, 0xFFD6, 0xFFD6, 0xFFD6, 0xFFB6, 0xFFB5, 0xFF53, 0xFF12, 0xFF12, 0xFF12, 0xFF12, 0xFEF2,
    0xFEF1, 0xFEF1, 0xFEF1, 0xFED1, 0xFE8F, 0xF62E, 0xF62E, 0xF62E, 0xF62E, 0xF62E, 0xF62E, 0xF62E, 0xF62E, 0xF62E, 0xF62E, 0xF60E,
    0xF60E, 0xF60E, 0xF60E, 0xF60E, 0xF5CD, 0xEDAC, 0xF5CD, 0xF64F, 0xFE90, 0xFE90, 0xFE90, 0xFE90, 0xFEB1, 0xFEB1, 0xFEB1, 0xFEB1,
    0xFEB1, 0xFEB1, 0xFED1, 0xFEF1, 0xFF11, 0xFF12, 0xFF73, 0xFFB4, 0xFFD5, 0xFFD6, 0xFFD7, 0xFFD6, 0xFF12, 0xFE2F, 0xEDEE, 0xEDEE,
    0xEDEF, 0xEDEF, 0xEDEF, 0xEDEF, 0xEDEF, 0xEDCE, 0xEDCE, 0xE56C, 0xDD2B, 0xDD0B, 0xDD0B, 0xDD2B, 0xDD4D, 0xE58E, 0xE58E, 0xE58E,
    0xE58E, 0xE58E, 0xE58E, 0xDD8E, 0xDD8E, 0xDD6E, 0xDD6E, 0xDD4E, 0xD50C, 0xCC8A, 0xCC8A, 0xCC8A, 0xC48A, 0xC48A, 0xCCAB, 0xCCCC,
    0xCCAC, 0xCCAC, 0xCCCC, 0xCCCC, 0xCCED, 0xCD0E, 0xD52E, 0xD52E, 0xCD2E, 0xCD2E, 0xCD0E, 0xCCED, 0xC4AC, 0xBC4B, 0xBC2A, 0xBC4B,
    0xBCAC, 0xC4AC, 0xC4AD, 0xBCAC, 0xBCAC, 0xBCAD, 0xBCAD, 0xBCAD, 0xC4AD, 0xBCAD, 0xBCAD, 0xBCAD, 0xBCAD, 0xBCAD, 0xBCAD, 0xBCAD,
    0xBCAD, 0xBCAD, 0xBCAD, 0xBCAD, 0xBCAD, 0xBC8D, 0xBC8D, 0xBC8D, 0xBC8D, 0xBC8D, 0xBC8D, 0xBC8D, 0xBC8D, 0xBC8D, 0xBC6C, 0xBC8D,
    0xB46C, 0xB44B, 0xAC0A, 0xAC0A, 0xAC0A, 0xAC0A, 0xAC0A, 0xA40A, 0xA40A, 0xA40A, 0xA40A, 0xA40A, 0xA40A, 0xA40A, 0xA40A, 0xA40A,
    0xA40A, 0xA40A, 0xA40A, 0xA3EA, 0xA3EA, 0xA3EA, 0xA3EA, 0xA3EA, 0xA3EA, 0xA3EA, 0xA3EA, 0xA3EA, 0xA3EA, 0xA3EA, 0xA3EA, 0xA3C9,
    0x9BC9, 0x9BAA, 0x9BA9, 0x9B8A, 0x9BAA, 0x9BAA, 0x9B8A, 0x9B89, 0x9368, 0x9368, 0x9348, 0x9BAA, 0xFFDD, 0xFFFF, 0xFFFF, 0xFFFF,
    0xFFFF, 0xFFFF, 0xFFFF, 0xFFFF, 0xFFFF, 0xFFFF, 0xFFFF, 0xFFFF, 0xFFFF, 0xFFFF, 0xFFFF, 0xFFFF, 0xFFFF, 0xFFFF, 0xA40D, 0x7140,
    0x81E2, 0x79C2, 0x81E3, 0x8203, 0x8203, 0x81E3, 0x71A2, 0x71A2, 0x79E2, 0x8203, 0x8203, 0x8203, 0x8223, 0x8223, 0x8A03, 0x8A23,
    0x8223, 0x8223, 0x8223, 0x8223, 0x8223, 0x8223, 0x8223, 0x8223, 0x8223, 0x8223, 0x8223, 0x8223, 0x8223, 0x8223, 0x8223, 0x8223,
    0xFF53, 0xFF53, 0xFF53, 0xFF33, 0xFF33, 0xFF33, 0xFF33, 0xFF13, 0xFF12, 0xFF12, 0xFE90, 0xFE4F, 0xF64F, 0xF62F, 0xF62E, 0xF62E,
    0xF62E, 0xF62E, 0xF62E, 0xF62E, 0xF62E, 0xF62E, 0xF62E, 0xF62E, 0xF62E, 0xF62E, 0xF62E, 0xF62E, 0xF62E, 0xF62E, 0xF62E, 0xF62E,
    0xF60E, 0xF60E, 0xF60E, 0xF60E, 0xEDCD, 0xEDAC, 0xEDAD, 0xF62F, 0xFE70, 0xFE90, 0xFE90, 0xFE90, 0xFEB1, 0xFEB1, 0xFEB1, 0xFEB1,
    0xFEB1, 0xFEB1, 0xFEB1, 0xFEB1, 0xFED1, 0xFED1, 0xFF12, 0xFF53, 0xFF93, 0xFFB5, 0xFFD6, 0xFFD6, 0xFF32, 0xFE4F, 0xEDEE, 0xF5EE,
    0xEDEE, 0xEDEF, 0xEDEF, 0xEDCF, 0xEDEF, 0xEDCE, 0xEDCE, 0xE56D, 0xDD2B, 0xDD0B, 0xDD0B, 0xDD2B, 0xDD4D, 0xE58E, 0xE58E, 0xE58E,
    0xE58E, 0xE58E, 0xE58E, 0xDD8E, 0xDD8E, 0xDD6E, 0xDD6E, 0xDD4E, 0xD50C, 0xCCAA, 0xCC8A, 0xC48A, 0xC48A, 0xC48A, 0xCCAB, 0xCCAC,
    0xCCAC, 0xCCAC, 0xCCAC, 0xCCCC, 0xCCED, 0xCD2E, 0xD52E, 0xD52E, 0xCD2E, 0xCD2E, 0xCD0E, 0xCCED, 0xC4AC, 0xBC4B, 0xBC2B, 0xBC4B,
    0xBC8C, 0xBCAC, 0xBCAD, 0xC4AD, 0xC4AD, 0xBCAD, 0xBCAD, 0xBCAD, 0xBCAD, 0xBCAD, 0xBCAD, 0xBCAD, 0xBCAD, 0xBC8D, 0xBC8D, 0xBC8D,
    0xBCAD, 0xBCAD, 0xBC8D, 0xBC8D, 0xBCAD, 0xBC8D, 0xBC8D, 0xBC8D, 0xBC8D, 0xBC8D, 0xBC8D, 0xBC8D, 0xBC8D, 0xBC8C, 0xBC8D, 0xBC8D,
    0xBC6C, 0xB44B, 0xAC0A, 0xAC2A, 0xAC0A, 0xAC0A, 0xAC0A, 0xA40A, 0xA40A, 0xA40A, 0xA40A, 0xA40A, 0xA40A, 0xA40A, 0xA40A, 0xA40A,
    0xA40A, 0xA40A, 0xA40A, 0xA3EA, 0xA3EA, 0xA3EA, 0xA3EA, 0xA3EA, 0xA3EA, 0xA3EA, 0xA3EA, 0xA3EA, 0xA3EA, 0xA3EA, 0xA3E9, 0xA3C9,
    0xA3C9, 0x9BAA, 0x9BAA, 0x9B8A, 0x9B89, 0x9B89, 0x9B69, 0xA42B, 0xDE77, 0xDE77, 0xDE77, 0xDE98, 0xF7BE, 0xFFFF, 0xFFFF, 0xFFFF,
    0xFFFF, 0xFFFF, 0xFFFF, 0xFFFF, 0xFFFF, 0xFFFF, 0xFFFF, 0xFFFF, 0xFFFF, 0xFFFF, 0xFFFF, 0xFFDF, 0xFFFF, 0xFFDF, 0xE6D9, 0xDE57,
    0xDE78, 0xDE98, 0x9B28, 0x79A1, 0x81E2, 0x79C2, 0x71A2, 0x71A2, 0x81E2, 0x8203, 0x8203, 0x8203, 0x8223, 0x8A23, 0x8A23, 0x8223,
    0x8223, 0x8223, 0x8223, 0x8223, 0x8223, 0x8223, 0x8223, 0x8223, 0x8223, 0x8223, 0x8223, 0x8223, 0x8223, 0x8223, 0x8223, 0x8223,
    0xF64F, 0xF64F, 0xF64F, 0xF64F, 0xF64F, 0xF64F, 0xF64F, 0xF64F, 0xF64F, 0xFE4F, 0xFE4F, 0xFE4F, 0xFE4F, 0xF62F, 0xF62E, 0xF62E,
    0xF62F, 0xF62F, 0xF62F, 0xF62F, 0xF62F, 0xF62E, 0xF62E, 0xF60E, 0xF60E, 0xF60E, 0xF60F, 0xF60E, 0xF60E, 0xF60E, 0xF60E, 0xF60E,
    0xF60E, 0xF60E, 0xF60E, 0xF60E, 0xF5CD, 0xEDAC, 0xEDAD, 0xF62F, 0xFE70, 0xFE90, 0xFE90, 0xFE90, 0xFEB1, 0xFEB1, 0xFEB1, 0xFEB1,
    0xFEB1, 0xFEB1, 0xFEB1, 0xFEB1, 0xFEB1, 0xFEB1, 0xFED1, 0xFEF1, 0xFF12, 0xFF73, 0xFF94, 0xFF95, 0xFF32, 0xFE4F, 0xEDEE, 0xEDEE,
    0xEDEE, 0xEDEE, 0xEDCE, 0xEDCF, 0xEDEF, 0xEDCE, 0xEDCE, 0xE56D, 0xDD2B, 0xDD0B, 0xDD0B, 0xDD2B, 0xDD4D, 0xE58E, 0xE58E, 0xE58E,
    0xE58E, 0xE58E, 0xE58E, 0xDD8E, 0xDD8E, 0xDD6E, 0xDD6E, 0xDD4E, 0xD4EC, 0xCCAA, 0xCC8A, 0xC48A, 0xC48A, 0xC48A, 0xCCAB, 0xCCAC,
    0xCCAC, 0xCCAC, 0xCCAC, 0xCCCC, 0xCCED, 0xCD2E, 0xCD2E, 0xD52E, 0xD52E, 0xD52E, 0xCD2E, 0xCD0D, 0xC4AC, 0xBC2B, 0xBC2A, 0xBC4B,
    0xBC8C, 0xBCAC, 0xC4AD, 0xC4AD, 0xBCAD, 0xBCAD, 0xBCAD, 0xBCAD, 0xBCAD, 0xBCAD, 0xBCAD, 0xBCAD, 0xBCAD, 0xBCAD, 0xBCAD, 0xBCAD,
    0xBCAD, 0xBCAD, 0xBCAD, 0xBCAD, 0xBCAD, 0xBCAD, 0xBCAD, 0xBCAD, 0xBC8D, 0xBC8D, 0xBC8D, 0xBC8D, 0xBC8D, 0xBC8C, 0xBC8D, 0xBC8D,
    0xBC6C, 0xB44B, 0xAC0A, 0xAC2A, 0xAC0A, 0xAC0A, 0xAC0A, 0xAC0A, 0xAC0A, 0xA40A, 0xA40A, 0xA40A, 0xA40A, 0xA40A, 0xA40A, 0xA40A,
    0xA40A, 0xA3EA, 0xA3EA, 0xA3EA, 0xA3EA, 0xA3EA, 0xA3EA, 0xA3EA, 0xA3EA, 0xA3EA, 0xA3EA, 0xA3EA, 0xA3EA, 0xA3EA, 0xA3E9, 0xA3E9,
    0x9BC9, 0x9BAA, 0x9BAA, 0x9BAA, 0x9BAA, 0x9BCA, 0x9389, 0xA46E, 0xFFFF, 0xFFFF, 0xFFFF, 0xFFFF, 0xFFFF, 0xFFFF, 0xFFFF, 0xFFFF,
    0xFFFF, 0xFFFF, 0xFFFF, 0xFFFF, 0xFFFF, 0xFFFF, 0xFFFF, 0xFFFF, 0xFFFF, 0xFFFF, 0xFFFF, 0xFFFF, 0xFFFF, 0xFFFF, 0xFFFF, 0xFFFF,
    0xFFFF, 0xFFFF, 0xA3EC, 0x8224, 0x8AA6, 0x8244, 0x79A2, 0x79A2, 0x81E3, 0x8203, 0x8203, 0x8203, 0x8223, 0x8A23, 0x8A23, 0x8223,
    0x8223, 0x8223, 0x8223, 0x8223, 0x8A23, 0x8223, 0x8A23, 0x8223, 0x8223, 0x8223, 0x8223, 0x8223, 0x8223, 0x8223, 0x8223, 0x8203,
    0xF62F, 0xF62F, 0xFE2F, 0xFE2F, 0xFE2F, 0xF62F, 0xF62F, 0xF62F, 0xF62F, 0xFE2F, 0xF64F, 0xF62F, 0xF62F, 0xFE2F, 0xFE2E, 0xF62E,
    0xF62F, 0xF62F, 0xF62F, 0xF62F, 0xF62F, 0xF62F, 0xF62F, 0xF60E, 0xF60E, 0xF60E, 0xF60E, 0xF60E, 0xF62E, 0xF60E, 0xF60E, 0xF60E,
    0xF60E, 0xF60E, 0xF60E, 0xF60E, 0xEDCD, 0xEDAC, 0xEDAD, 0xF62F, 0xFE70, 0xFE90, 0xFE90, 0xFE90, 0xFE90, 0xFEB1, 0xFEB1, 0xFEB1,
    0xFEB1, 0xFEB1, 0xFEB1, 0xFEB1, 0xFEB1, 0xFEB1, 0xFEB1, 0xFEB1, 0xFED1, 0xFF32, 0xFF52, 0xFF73, 0xFF11, 0xFE4F, 0xEDEE, 0xEDEE,
    0xEDEE, 0xEDCE, 0xEDCE, 0xEDCE, 0xEDEF, 0xEDCE, 0xEDCF, 0xE56D, 0xDD2B, 0xDD2B, 0xDD2B, 0xDD2B, 0xDD4D, 0xE58E, 0xE58E, 0xE58E,
    0xE58E, 0xE58E, 0xE58E, 0xDD8E, 0xDD8E, 0xDD8E, 0xDD6E, 0xDD6E, 0xD50C, 0xCCAB, 0xCC8A, 0xCC8A, 0xCC8A, 0xC48A, 0xCCAC, 0xCCCC,
    0xCCCC, 0xCCAC, 0xCCCC, 0xCCCC, 0xCCED, 0xD50E, 0xD50E, 0xD52E, 0xD52E, 0xCD2E, 0xCD2E, 0xCD0D, 0xC4AC, 0xBC4B, 0xBC2A, 0xBC4B,
    0xBC8C, 0xC4AC, 0xC4AD, 0xC4AD, 0xC4AD, 0xC4AD, 0xBCAD, 0xBCAD, 0xBCAD, 0xBCAD, 0xBCAD, 0xBCAD, 0xBCAD, 0xBCAD, 0xBCAD, 0xBCAD,
    0xBCAD, 0xBC8D, 0xBC8D, 0xBCAD, 0xBCAD, 0xBC8D, 0xBC8D, 0xBCAD, 0xBC8D, 0xBC8D, 0xBC8D, 0xBC8D, 0xBC8D, 0xBC8D, 0xBC8C, 0xBC6D,
    0xBC6C, 0xB44B, 0xAC2A, 0xAC2A, 0xAC0A, 0xAC0A, 0xAC0A, 0xAC0A, 0xA40A, 0xA40A, 0xA40A, 0xA40A, 0xA40A, 0xA40A, 0xA40A, 0xA40A,
    0xA40A, 0xA3EA, 0xA3EA, 0xA3EA, 0xA3EA, 0xA3EA, 0xA3EA, 0xA3EA, 0xA3EA, 0xA3EA, 0xA3EA, 0xA3EA, 0xA3EA, 0xA3EA, 0xA3EA, 0xA3E9,
    0x9BC9, 0x9BAA, 0x9BA9, 0x9327, 0xAC6D, 0xF79D, 0xF77C, 0xF79D, 0xFFFF, 0xFFFF, 0xFFFF, 0xFFFF, 0xFFFF, 0xFFFF, 0xFFFF, 0xFFFF,
    0xFFFF, 0xFFFF, 0xFFFF, 0xFFFF, 0xFFFF, 0xFFFF, 0xFFFF, 0xFFFF, 0xFFFF, 0xFFFF, 0xFFFF, 0xFFFF, 0xFFFF, 0xFFFF, 0xFFFF, 0xFFFF,
    0xFFFF, 0xFFFF, 0xF7BE, 0xF77D, 0xFFBE, 0xBCF0, 0x60C0, 0x7181, 0x8203, 0x8203, 0x8203, 0x8223, 0x8223, 0x8A23, 0x8A23, 0x8A23,
    0x8223, 0x8223, 0x8223, 0x8223, 0x8223, 0x8223, 0x8223, 0x8223, 0x8223, 0x8203, 0x8203, 0x8203, 0x8203, 0x8203, 0x8203, 0x8203,
    0xF62F, 0xF62F, 0xF62F, 0xFE2F, 0xFE2F, 0xF62F, 0xF62F, 0xF62F, 0xF62F, 0xF62F, 0xF62F, 0xFE2F, 0xFE2F, 0xF62F, 0xF62F, 0xF62F,
    0xF62F, 0xF62F, 0xF62F, 0xF62F, 0xF62F, 0xF62F, 0xF62E, 0xF60E, 0xF60E, 0xF62E, 0xF62E, 0xF62E, 0xF62E, 0xF60E, 0xF60E, 0xF60E,
    0xF60E, 0xF60E, 0xF60E, 0xF60E, 0xEDCD, 0xED8C, 0xEDAD, 0xF62F, 0xFE70, 0xFE70, 0xFE90, 0xFE90, 0xFE90, 0xFEB1, 0xFEB1, 0xFEB1,
    0xFEB1, 0xFEB1, 0xFEB1, 0xFEB1, 0xFEB1, 0xFEB1, 0xFEB1, 0xFEB1, 0xFED1, 0xFEF1, 0xFF11, 0xFF32, 0xFEF1, 0xFE2F, 0xEDCE, 0xEDEE,
    0xEDEF, 0xEDCE, 0xEDCE, 0xEDCE, 0xEDCE, 0xEDCE, 0xEDCE, 0xE58D, 0xDD2B, 0xDD2B, 0xDD2C, 0xDD2B, 0xDD4D, 0xE58E, 0xE58E, 0xE58E,
    0xE58E, 0xE58E, 0xE58E, 0xDD8E, 0xDD8E, 0xDD6E, 0xDD6E, 0xDD6E, 0xD50C, 0xCCAB, 0xCCAA, 0xCC8A, 0xCC8A, 0xC48A, 0xCCAC, 0xCCCC,
    0xCCCC, 0xCCCC, 0xCCCC, 0xCCCC, 0xCCED, 0xD50E, 0xD52E, 0xD52E, 0xD52E, 0xCD2E, 0xCD2E, 0xCD0D, 0xC4AC, 0xBC4B, 0xBC2B, 0xBC4B,
    0xBC8C, 0xC4AC, 0xC4AD, 0xC4AD, 0xC4AD, 0xC4AD, 0xBCAD, 0xBCAD, 0xBCAD, 0xBCAD, 0xBCAD, 0xBCAD, 0xBCAD, 0xBCAD, 0xBCAD, 0xBCAD,
    0xBC8D, 0xBC8D, 0xBC8D, 0xBCAD, 0xBCAD, 0xBC8D, 0xBC8D, 0xBCAD, 0xBC8D, 0xBC8D, 0xBC8D, 0xBC8D, 0xBC8D, 0xBC8C, 0xBC8C, 0xBC8C,
    0xBC6C, 0xB44B, 0xAC2A, 0xAC2A, 0xAC0A, 0xAC0A, 0xAC0A, 0xAC0A, 0xA40A, 0xA40A, 0xA40A, 0xA40A, 0xA40A, 0xA40A, 0xA40A, 0xA40A,
    0xA40A, 0xA3EA, 0xA3EA, 0xA3EA, 0xA3EA, 0xA3EA, 0xA3EA, 0xA3EA, 0xA3EA, 0xA3EA, 0xA3EA, 0xA3EA, 0xA3EA, 0xA3EA, 0xA3EA, 0xA3E9,
    0xA3CA, 0x9BA9, 0xA42C, 0xACAF, 0xC573, 0xFFFF, 0xFFFF, 0xFFFF, 0xFFFF, 0xFFFF, 0xFFFF, 0xFFFF, 0xFFFF, 0xFFFF, 0xFFFF, 0xFFFF,
    0xFFFF, 0xFFFF, 0xFFFF, 0xFFFF, 0xFFFF, 0xFFFF, 0xFFFF, 0xFFFF, 0xFFFF, 0xFFFF, 0xFFFF, 0xFFFF, 0xFFFF, 0xFFFF, 0xFFFF, 0xFFFF,
    0xFFFF, 0xFFFF, 0xFFFF, 0xFFFF, 0xFFFF, 0xDE98, 0xB4F1, 0xAC2C, 0x79A1, 0x8203, 0x8223, 0x8223, 0x8223, 0x8A23, 0x8223, 0x8203,
    0x8202, 0x8203, 0x8203, 0x8203, 0x8203, 0x8203, 0x8203, 0x8203, 0x8203, 0x8202, 0x8203, 0x8203, 0x8203, 0x8203, 0x8203, 0x8203,
    0xF62F, 0xF62F, 0xFE2F, 0xF62F, 0xF62F, 0xF62F, 0xF62F, 0xF62F, 0xF62F, 0xF62F, 0xF62F, 0xF62F, 0xF62F, 0xF62F, 0xF62F, 0xF62F,
    0xF62F, 0xF62F, 0xF62F, 0xF62F, 0xF62F, 0xF62F, 0xF60E, 0xF60E, 0xF60E, 0xF60E, 0xF60E, 0xF62E, 0xF60E, 0xF60E, 0xF60E, 0xF62E,
    0xF60E, 0xF60E, 0xF60E, 0xF60E, 0xEDCD, 0xED8C, 0xEDAD, 0xF60F, 0xFE70, 0xFE90, 0xFE90, 0xFE90, 0xFE90, 0xFEB1, 0xFEB1, 0xFEB1,
    0xFEB1, 0xFEB1, 0xFEB1, 0xFEB1, 0xFEB1, 0xFEB1, 0xFEB1, 0xFEB1, 0xFEB1, 0xFED1, 0xFED1, 0xFEF1, 0xFE90, 0xF60F, 0xEDCE, 0xEDCE,
    0xEDEF, 0xEDCF, 0xEDCF, 0xEDCE, 0xEDCE, 0xEDCE, 0xEDCF, 0xE58D, 0xDD2B, 0xDD0B, 0xDD2B, 0xDD0B, 0xDD4D, 0xE58E, 0xE58E, 0xE58E,
    0xE58E, 0xE58E, 0xE58E, 0xDD6E, 0xDD6E, 0xDD6E, 0xDD6E, 0xDD6E, 0xD50C, 0xCCAB, 0xCCAA, 0xCC8A, 0xCC8A, 0xC48A, 0xCCCC, 0xCCCC,
    0xCCCC, 0xCCCC, 0xCCCC, 0xCCCC, 0xCCED, 0xD50E, 0xD52E, 0xD52E, 0xD52E, 0xD52E, 0xD52E, 0xCD0D, 0xC4AC, 0xBC4B, 0xBC2A, 0xBC4B,
    0xBC8C, 0xBCAC, 0xC4AD, 0xBCAD, 0xC4AD, 0xC4AD, 0xC4AD, 0xC4AD, 0xBCAD, 0xBCAD, 0xBCAD, 0xBCAD, 0xBCAD, 0xBCAD, 0xBCAD, 0xBCAD,
    0xBCAD, 0xBC8D, 0xBC8D, 0xBCAD, 0xBC8D, 0xBC8D, 0xBC8D, 0xBC8D, 0xBC8D, 0xBC8D, 0xBC8D, 0xBC8D, 0xBC8D, 0xBC8D, 0xBC8C, 0xBC8D,
    0xBC6C, 0xB44B, 0xAC2A, 0xAC2A, 0xAC0A, 0xAC0A, 0xAC0A, 0xAC0A, 0xA40A, 0xA40A, 0xA40A, 0xA40A, 0xA40A, 0xA40A, 0xA40A, 0xA40A,
    0xA40A, 0xA40A, 0xA3EA, 0xA3EA, 0xA3EA, 0xA3EA, 0xA3EA, 0xA3EA, 0xA3EA, 0xA3EA, 0xA3EA, 0xA3EA, 0xA3EA, 0xA3EA, 0xA3EA, 0xA3E9,
    0x9BA9, 0x9327, 0xBD30, 0xFFFF, 0xFFFF, 0xFFFF, 0xFFFF, 0xFFFF, 0xFFFF, 0xFFFF, 0xFFFF, 0xFFFF, 0xFFFF, 0xFFFF, 0xFFFF, 0xFFFF,
    0xFFFF, 0xFFFF, 0xFFFF, 0xFFFF, 0xFFFF, 0xFFFF, 0xFFFF, 0xFFFF, 0xFFFF, 0xFFFF, 0xFFFF, 0xFFFF, 0xFFFF, 0xFFFF, 0xFFFF, 0xFFFF,
    0xFFFF, 0xFFFF, 0xFFFF, 0xFFFF, 0xFFFF, 0xFFFF, 0xFFFF, 0xDE77, 0x8245, 0x8A64, 0x8A23, 0x8A23, 0x8A23, 0x8A23, 0x8223, 0x8203,
    0x8203, 0x8203, 0x8203, 0x8203, 0x8203, 0x8203, 0x8203, 0x8203, 0x8203, 0x8202, 0x8202, 0x8203, 0x8203, 0x8203, 0x8203, 0x8203,
    0xF62F, 0xF62F, 0xF62F, 0xFE2F, 0xF62F, 0xF62F, 0xF62F, 0xF62F, 0xF62F, 0xF62F, 0xF62F, 0xF62F, 0xF62F, 0xF62F, 0xF62F, 0xF62E,
    0xF62F, 0xF62F, 0xF62F, 0xF62F, 0xF60E, 0xF62E, 0xF62E, 0xF64D, 0xF64D, 0xF60E, 0xF60E, 0xF60E, 0xF60E, 0xF60E, 0xF60E, 0xF60E,
    0xF60E, 0xF60E, 0xF60E, 0xF60E, 0xEDCD, 0xED8C, 0xED8C, 0xF60E, 0xFE70, 0xFE90, 0xFE90, 0xFE90, 0xFE90, 0xFE90, 0xFE90, 0xFEB1,
    0xFEB1, 0xFE90, 0xFEB1, 0xFEB1, 0xFEB1, 0xFEB1, 0xFEB1, 0xFEB1, 0xFEB1, 0xFEB1, 0xFEB1, 0xFEB1, 0xFE70, 0xF60F, 0xEDEE, 0xEDEE,
    0xEDEF, 0xEDEF, 0xEDCF, 0xEDCE, 0xEDCE, 0xEDCE, 0xEDCE, 0xE58D, 0xDD2C, 0xDD0B, 0xDD0B, 0xDD0B, 0xDD2D, 0xE56E, 0xE56E, 0xE58E,
    0xE58E, 0xE56E, 0xDD6E, 0xDD6E, 0xDD6E, 0xDD6E, 0xDD6E, 0xDD6E, 0xD50D, 0xCCAB, 0xCCAA, 0xCCAA, 0xCC8A, 0xC48A, 0xCCCC, 0xCCCC,
    0xCCCC, 0xCCCC, 0xCCCC, 0xCCCC, 0xCCED, 0xD52E, 0xD52E, 0xD52E, 0xD52E, 0xD52E, 0xD52E, 0xCD0D, 0xC4AC, 0xBC4B, 0xBC2A, 0xBC4B,
    0xBC8C, 0xBCAC, 0xC4AD, 0xBCAD, 0xBCAD, 0xBCAD, 0xBCAD, 0xBCAD, 0xBCAD, 0xBCAD, 0xBCAD, 0xBCAD, 0xBCAD, 0xBCAD, 0xBCAD, 0xBCAD,
    0xBCAD, 0xBC8D, 0xBC8D, 0xBC8D, 0xBC8D, 0xBC8D, 0xBC8D, 0xBC8D, 0xBC8D, 0xBC8D, 0xBC8D, 0xBC8D, 0xBC8D, 0xBC8D, 0xBC8D, 0xBC8D,
    0xBC6C, 0xB44B, 0xAC0A, 0xAC0A, 0xAC0A, 0xAC0A, 0xAC0A, 0xAC0A, 0xAC0A, 0xA40A, 0xA40A, 0xA40A, 0xA40A, 0xA40A, 0xA40A, 0xA40A,
    0xA40A, 0xA3EA, 0xA3EA, 0xA3EA, 0xA3EA, 0xA3EA, 0xA3EA, 0xA3EA, 0xA3EA, 0xA3EA, 0xA3EA, 0xA3EA, 0xA3EA, 0xA3EA, 0xA3EA, 0xA3C9,
    0xAC6D, 0xB4CF, 0xCE15, 0xFFFF, 0xFFFF, 0xFFFF, 0xFFFF, 0xFFFF, 0xFFFF, 0xFFFF, 0xFFFF, 0xFFFF, 0xFFFF, 0xFFFF, 0xFFFF, 0xFFFF,
    0xFFFF, 0xFFFF, 0xFFFF, 0xFFFF, 0xFFFF, 0xFFFF, 0xFFFF, 0xFFFF, 0xFFFF, 0xFFFF, 0xFFFF, 0xFFFF, 0xFFFF, 0xFFFF, 0xFFFF, 0xFFFF,
    0xFFFF, 0xFFFF, 0xFFFF, 0xFFFF, 0xFFFF, 0xFFFF, 0xFFFF, 0xF7BD, 0xFFDE, 0xAC0C, 0x7140, 0x8223, 0x8A23, 0x8A23, 0x8A23, 0x8A23,
    0x8A23, 0x8A23, 0x8A23, 0x8A23, 0x8A23, 0x8A23, 0x8A23, 0x8223, 0x8223, 0x8223, 0x8223, 0x8223, 0x8203, 0x8203, 0x8203, 0x8203,
    0xF62F, 0xF62F, 0xF62F, 0xFE2F, 0xF62F, 0xF62F, 0xF62F, 0xF62F, 0xF62F, 0xF62F, 0xF62F, 0xF62F, 0xF62F, 0xF62F, 0xF62F, 0xF62E,
    0xF62F, 0xF62F, 0xF62F, 0xF62F, 0xF60E, 0xF60E, 0xF64C, 0xFE89, 0xFE8A, 0xEDEC, 0xEDAD, 0xF60D, 0xFE4D, 0xF64D, 0xF60D, 0xF60E,
    0xF60E, 0xF60E, 0xF60E, 0xF60E, 0xEDCD, 0xE58C, 0xED8C, 0xF5EE, 0xF670, 0xFE70, 0xFE90, 0xFE90, 0xFE90, 0xFE90, 0xFE90, 0xFE90,
    0xFEB1, 0xFEB1, 0xFEB1, 0xFEB1, 0xFEB1, 0xFEB1, 0xFEB1, 0xFEB1, 0xFEB1, 0xFEB1, 0xFEB1, 0xFEB1, 0xFE91, 0xF62F, 0xEDEE, 0xEDEF,
    0xEDEF, 0xEDEF, 0xEDCE, 0xEDCE, 0xEDCE, 0xEDCE, 0xEDCE, 0xE58D, 0xDD2C, 0xDD0B, 0xDD0B, 0xD50C, 0xDD2D, 0xE56E, 0xDD6E, 0xE56E,
    0xE56E, 0xDD6E, 0xDD6E, 0xDD6E, 0xDD6E, 0xDD6E, 0xDD6E, 0xDD6E, 0xD50D, 0xCCAA, 0xCCAA, 0xCC8A, 0xCC8A, 0xC48A, 0xCCCC, 0xCCCC,
    0xCCCC, 0xCCCC, 0xCCCC, 0xCCCC, 0xCCED, 0xD52E, 0xD52E, 0xD52E, 0xD52E, 0xD52E, 0xD52E, 0xCD2E, 0xC4CC, 0xBC4B, 0xBC2A, 0xBC4B,
    0xBC8C, 0xBCAC, 0xC4AD, 0xBCAD, 0xBCAD, 0xBCAD, 0xBCAD, 0xBCAD, 0xC4AD, 0xBCAD, 0xBCAD, 0xBCAD, 0xBCAD, 0xBCAD, 0xBCAD, 0xBCAD,
    0xBCAD, 0xBCAD, 0xBC8D, 0xBC8D, 0xBC8D, 0xBC8D, 0xBC8D, 0xBC8D, 0xBC8D, 0xBC8D, 0xBC8D, 0xBC8D, 0xBC8D, 0xBC8D, 0xBC8D, 0xBC8D,
    0xBC6C, 0xB44B, 0xAC2A, 0xAC0A, 0xAC0A, 0xAC0A, 0xAC0A, 0xAC0A, 0xAC0A, 0xAC0A, 0xA40A, 0xA40A, 0xA40A, 0xA40A, 0xA40A, 0xA40A,
    0xA3EA, 0xA3EA, 0xA3EA, 0xA3EA, 0xA3EA, 0xA3EA, 0xA3EA, 0xA3EA, 0xA3EA, 0xA3EA, 0xA3EA, 0xA3EA, 0xA3EA, 0xA3EA, 0xA3EA, 0x9B47,
    0xD5F4, 0xFFFF, 0xFFFF, 0xFFFF, 0xFFFF, 0xFFFF, 0xFFFF, 0xFFFF, 0xFFFF, 0xFFFF, 0xFFFF, 0xFFFF, 0xFFFF, 0xFFFF, 0xFFFF, 0xFFFF,
    0xFFFF, 0xFFFF, 0xFFFF, 0xFFFF, 0xFFFF, 0xFFFF, 0xFFFF, 0xFFFF, 0xFFFF, 0xFFFF, 0xFFFF, 0xFFFF, 0xFFFF, 0xFFFF, 0xFFFF, 0xFFFF,
    0xFFFF, 0xFFFF, 0xFFFF, 0xFFFF, 0xFFFF, 0xFFFF, 0xFFFF, 0xFFFF, 0xFFFF, 0xDE78, 0xBCF1, 0x79E3, 0x79A2, 0x81E3, 0x8203, 0x8203,
    0x8203, 0x8203, 0x8203, 0x8203, 0x8203, 0x8223, 0x8223, 0x8223, 0x8223, 0x8A23, 0x8A23, 0x8223, 0x8223, 0x8223, 0x8223, 0x8223,
    0xF62F, 0xF62F, 0xF62F, 0xF62F, 0xF62F, 0xF62F, 0xF62F, 0xF62F, 0xF62F, 0xF62F, 0xF62F, 0xF62F, 0xF60F, 0xF60F, 0xF62F, 0xF60E,
    0xF62F, 0xF62E, 0xF60E, 0xF60F, 0xF60E, 0xEDCD, 0xF62B, 0xFEA9, 0xFE89, 0xE5AA, 0xDD6A, 0xF62B, 0xFEAA, 0xFE8B, 0xEE0B, 0xEDED,
    0xF60E, 0xF60E, 0xF60E, 0xF60E, 0xEDCE, 0xE58C, 0xE58C, 0xEDEE, 0xF64F, 0xFE70, 0xFE90, 0xFE90, 0xFE90, 0xFE90, 0xFE90, 0xFE90,
    0xFEB1, 0xFEB1, 0xFEB1, 0xFEB1, 0xFEB1, 0xFEB1, 0xFEB1, 0xFEB1, 0xFEB1, 0xFEB1, 0xFEB1, 0xFEB1, 0xFE71, 0xF610, 0xEDEF, 0xEDEF,
    0xEDEF, 0xEDCE, 0xEDCE, 0xEDCE, 0xEDCE, 0xEDCE, 0xEDCE, 0xE58D, 0xDD2C, 0xDD0B, 0xDD0B, 0xD50C, 0xDD2D, 0xDD6E, 0xDD6E, 0xDD6E,
    0xDD6E, 0xDD6E, 0xDD6E, 0xDD6E, 0xDD6E, 0xDD6E, 0xDD6E, 0xDD4E, 0xD50D, 0xCCAA, 0xCC8A, 0xCC8A, 0xCC8A, 0xC48A, 0xCCAC, 0xCCCC,
    0xCCCC, 0xCCCC, 0xCCCC, 0xCCCC, 0xCCED, 0xD52E, 0xD52E, 0xD52E, 0xD52E, 0xD52E, 0xD52E, 0xCD0E, 0xC4CC, 0xBC4B, 0xBC2A, 0xBC4B,
    0xBC8C, 0xBCAC, 0xC4AD, 0xC4AD, 0xBCAD, 0xBCAD, 0xBCAD, 0xBCAD, 0xBCAD, 0xBCAD, 0xBCAD, 0xBCAD, 0xBCAD, 0xBCAD, 0xBCAD, 0xBCAD,
    0xBCAD, 0xBC8D, 0xBC8D, 0xBC8D, 0xBC8D, 0xBC8D, 0xBC8D, 0xBC8D, 0xBC8D, 0xBC8D, 0xBC8D, 0xBC8D, 0xBC8D, 0xBC8D, 0xBC8D, 0xBC8D,
    0xBC6C, 0xB42B, 0xAC0A, 0xAC0A, 0xAC0A, 0xAC0A, 0xAC0A, 0xAC0A, 0xAC0A, 0xAC0A, 0xAC0A, 0xAC0A, 0xAC0A, 0xA40A, 0xA40A, 0xA40A,
    0xA3EA, 0xA3EA, 0xA3EA, 0xA3EA, 0xA3EA, 0xA3EA, 0xA3EA, 0xA3EA, 0xA3EA, 0xA3EA, 0xA3EA, 0xA3EA, 0xA3EA, 0xA3E9, 0xAC2B, 0xAC6D,
    0xD636, 0xFFFF, 0xFFFF, 0xFFFF, 0xFFFF, 0xFFFF, 0xFFFF, 0xFFFF, 0xFFFF, 0xFFFF, 0xFFFF, 0xFFFF, 0xFFFF, 0xFFFF, 0xFFFF, 0xFFFF,
    0xFFFF, 0xFFFF, 0xFFFF, 0xFFFF, 0xFFFF, 0xFFFF, 0xFFFF, 0xFFFF, 0xFFFF, 0xFFFF, 0xFFFF, 0xFFFF, 0xFFFF, 0xFFFF, 0xFFFF, 0xFFFF,
    0xFFFF, 0xFFFF, 0xFFFF, 0xFFFF, 0xFFFF, 0xFFFF, 0xFFFF, 0xFFFF, 0xFFFF, 0xFFFF, 0xF7BE, 0x7246, 0x69A3, 0x69A2, 0x71C3, 0x71C3,
    0x71C3, 0x71E3, 0x71E3, 0x79E3, 0x79E3, 0x79E3, 0x79E3, 0x7A03, 0x7A03, 0x7A03, 0x7A03, 0x7A03, 0x7A03, 0x7A03, 0x8203, 0x79E3,
    0xF60F, 0xF60F, 0xF62F, 0xF62F, 0xF60F, 0xF60F, 0xF60F, 0xF60F, 0xF60F, 0xF60E, 0xF60F, 0xF60F, 0xF60E, 0xF60F, 0xF60F, 0xF60F,
    0xF60E, 0xF60E, 0xF60E, 0xF60E, 0xEDED, 0xE58C, 0xE5CA, 0xF667, 0xF648, 0xDD67, 0xD527, 0xF629, 0xFE8A, 0xFE8A, 0xEDEB, 0xEDED,
    0xF60E, 0xF5EE, 0xF60E, 0xF60E, 0xEDCE, 0xED8C, 0xE56C, 0xEDAD, 0xF60E, 0xFE50, 0xFE70, 0xFE90, 0xFE90, 0xFE90, 0xFE90, 0xFE90,
    0xFEB1, 0xFEB1, 0xFEB1, 0xFEB1, 0xFEB1, 0xFEB1, 0xFEB1, 0xFEB1, 0xFEB1, 0xFEB1, 0xFEB1, 0xFEB1, 0xFE91, 0xF630, 0xEDEF, 0xEDEF,
    0xEDCE, 0xEDCE, 0xEDCE, 0xEDCE, 0xEDCE, 0xEDCE, 0xEDCE, 0xE58E, 0xDD2C, 0xD50B, 0xD50B, 0xD50C, 0xDD2D, 0xDD6E, 0xDD6E, 0xDD6E,
    0xDD6E, 0xDD6E, 0xDD6E, 0xDD6E, 0xDD6E, 0xDD6E, 0xDD6E, 0xDD4E, 0xD50D, 0xCCAB, 0xCC8A, 0xCC8A, 0xCC8A, 0xCC8A, 0xCCAC, 0xCCCC,
    0xCCCC, 0xCCCC, 0xCCCC, 0xCCCC, 0xCCED, 0xD52E, 0xD52E, 0xD52E, 0xD52E, 0xD52E, 0xD52E, 0xD50E, 0xC4CD, 0xBC4B, 0xBC2A, 0xBC4B,
    0xBC8C, 0xBCAC, 0xC4AD, 0xC4AD, 0xC4AD, 0xBCAD, 0xBCAD, 0xBCAD, 0xC4AD, 0xBCAD, 0xBCAD, 0xBCAD, 0xBCAD, 0xBCAD, 0xBCAD, 0xBCAD,
    0xBCAD, 0xBC8D, 0xBC8D, 0xBC8D, 0xBC8D, 0xBC8C, 0xBC8C, 0xBC8C, 0xBC8D, 0xBC8D, 0xBC8D, 0xBC8D, 0xBC8D, 0xBC8D, 0xBC8D, 0xBC6D,
    0xB46C, 0xB42B, 0xAC2A, 0xAC2A, 0xAC0A, 0xAC0A, 0xAC0A, 0xAC0A, 0xAC0A, 0xAC0A, 0xAC0A, 0xAC0A, 0xAC0A, 0xA40A, 0xA40A, 0xA3EA,
    0xA40A, 0xA40A, 0xA3EA, 0xA3EA, 0xA3EA, 0xA3EA, 0xA3EA, 0xA3EA, 0xA3EA, 0xA3EA, 0xA3EA, 0xA3EA, 0xA3EA, 0x9B88, 0xC571, 0xFFFF,
    0xFFFF, 0xFFFF, 0xFFFF, 0xFFFF, 0xFFFF, 0xFFFF, 0xFFFF, 0xFFFF, 0xFFFF, 0xFFFF, 0xFFFF, 0xFFFF, 0xFFFF, 0xFFFF, 0xFFFF, 0xFFFF,
    0xFFFF, 0xFFFF, 0xFFFF, 0xFFFF, 0xFFFF, 0xFFFF, 0xFFFF, 0xFFFF, 0xFFFF, 0xFFFF, 0xFFFF, 0xFFFF, 0xFFFF, 0xFFFF, 0xFFFF, 0xFFFF,
    0xFFFF, 0xFFFF, 0xFFFF, 0xFFFF, 0xFFFF, 0xFFFF, 0xFFFF, 0xFFFF, 0xFFFF, 0xFFFF, 0xF79E, 0xEF7D, 0x9BED, 0x5120, 0x61A4, 0x61A3,
    0x61A3, 0x61A4, 0x61A3, 0x69A3, 0x61A3, 0x69A3, 0x61A3, 0x69A3, 0x69A3, 0x69A3, 0x69A3, 0x69C3, 0x69C3, 0x69C3, 0x69A3, 0x69A3,
    0xF60F, 0xF60F, 0xF60F, 0xF60F, 0xF60F, 0xF60F, 0xF60F, 0xF60E, 0xF60F, 0xF60F, 0xF60F, 0xF60E, 0xF60E, 0xF60E, 0xF60E, 0xF60E,
    0xF60F, 0xF60E, 0xF60E, 0xF62D, 0xEE0C, 0xDD8A, 0xDD69, 0xEE07, 0xEE07, 0xDD87, 0xD527, 0xEDE9, 0xF64A, 0xF629, 0xE5A9, 0xEDAC,
    0xF5EE, 0xF5EF, 0xF5EE, 0xF5EE, 0xEDCE, 0xED8C, 0xE58C, 0xEDAD, 0xEDEE, 0xF650, 0xFE70, 0xFE70, 0xFE90, 0xFE90, 0xFE90, 0xFE90,
    0xFE90, 0xFE90, 0xFE91, 0xFEB1, 0xFEB1, 0xFEB1, 0xFEB1, 0xFEB1, 0xFEB1, 0xFEB1, 0xFEB1, 0xFEB2, 0xFE91, 0xF630, 0xEDEF, 0xEDEF,
    0xEDCE, 0xEDCE, 0xEDCE, 0xEDCE, 0xEDCE, 0xEDCE, 0xEDCE, 0xE58E, 0xDD2C, 0xD4EB, 0xD50B, 0xD50C, 0xD52D, 0xDD6E, 0xDD6E, 0xDD6E,
    0xDD6E, 0xDD6E, 0xDD6E, 0xDD6E, 0xDD6E, 0xDD6E, 0xDD6E, 0xDD4E, 0xD50D, 0xCCAB, 0xCC8A, 0xCC8A, 0xCC8A, 0xC48A, 0xCCAB, 0xCCCC,
    0xCCCC, 0xCCCC, 0xCCCC, 0xCCCC, 0xCCED, 0xD52E, 0xD52E, 0xD52E, 0xD52E, 0xD52E, 0xD52E, 0xD50E, 0xCCCD, 0xBC4B, 0xBC2B, 0xBC4B,
    0xBC8C, 0xC4AC, 0xC4AD, 0xC4AD, 0xC4AD, 0xBCAD, 0xBCAD, 0xC4AD, 0xBCAD, 0xBCAD, 0xBCAD, 0xBCAD, 0xBCAD, 0xBCAD, 0xBCAD, 0xBCAD,
    0xBCAD, 0xBCAD, 0xBCAD, 0xBC8D, 0xBC8D, 0xBC8C, 0xBC8C, 0xBC8C, 0xBC8D, 0xC48D, 0xC4AD, 0xC4AD, 0xC4AD, 0xC4AD, 0xC4AD, 0xBCAD,
    0xBC8C, 0xB44B, 0xAC2A, 0xAC2A, 0xAC0A, 0xAC0A, 0xAC0A, 0xAC0A, 0xAC0A, 0xAC0A, 0xAC0A, 0xAC0A, 0xAC0A, 0xA40A, 0xA40A, 0xA40A,
    0xA40A, 0xA40A, 0xA40A, 0xA40A, 0xA3EA, 0xA3EA, 0xA3EA, 0xA3EA, 0xA3EA, 0xA3EA, 0xA3EA, 0xA3EA, 0xA40A, 0x9BA8, 0xC572, 0xFFFF,
    0xFFFF, 0xFFFF, 0xFFFF, 0xFFFF, 0xFFFF, 0xFFFF, 0xFFFF, 0xFFFF, 0xFFFF, 0xFFFF, 0xFFFF, 0xFFFF, 0xFFFF, 0xFFFF, 0xFFFF, 0xFFFF,
    0xFFFF, 0xFFFF, 0xFFFF, 0xFFFF, 0xFFFF, 0xFFFF, 0xFFFF, 0xFFFF, 0xFFFF, 0xFFFF, 0xFFFF, 0xFFFF, 0xFFFF, 0xFFFF, 0xFFFF, 0xFFFF,
    0xFFFF, 0xFFFF, 0xFFFF, 0xFFFF, 0xFFFF, 0xFFFF, 0xFFFF, 0xFFFF, 0xFFFF, 0xFFFF, 0xFFFF, 0xFFFF, 0x9BCD, 0x50E0, 0x59C5, 0x59A5,
    0x59C5, 0x59C5, 0x59A4, 0x59A4, 0x59A4, 0x59C4, 0x59C4, 0x59A4, 0x59A4, 0x59A4, 0x59A4, 0x59A4, 0x59A3, 0x59A3, 0x5983, 0x5983,
    0xF60F, 0xF60F, 0xF60F, 0xF60F, 0xF60F, 0xF60E, 0xF60E, 0xF60E, 0xEDEE, 0xEDEE, 0xEDEE, 0xEDEE, 0xEDEE, 0xF60E, 0xEDEE, 0xEDEE,
    0xEDEE, 0xEDEC, 0xEE0A, 0xF62A, 0xF629, 0xE5C8, 0xD547, 0xD547, 0xDD67, 0xDD87, 0xCD06, 0xCD26, 0xD567, 0xCD27, 0xC4E7, 0xCD08,
    0xE58B, 0xEDEE, 0xEDEE, 0xEDEE, 0xEDAD, 0xE58C, 0xE56C, 0xEDAD, 0xEDEE, 0xF62F, 0xF62F, 0xFE70, 0xFE90, 0xFE90, 0xFE90, 0xFE90,
    0xFE90, 0xFE90, 0xFE90, 0xFE91, 0xFEB1, 0xFEB1, 0xFEB1, 0xFEB1, 0xFEB1, 0xFEB1, 0xFEB1, 0xFEB1, 0xFE91, 0xF630, 0xEDEF, 0xEDCF,
    0xEDCE, 0xEDCE, 0xEDCE, 0xEDCE, 0xEDCE, 0xE5CE, 0xEDCE, 0xE58E, 0xDD2C, 0xD4EB, 0xD4EB, 0xD50C, 0xD50C, 0xDD4E, 0xDD6E, 0xDD6E,
    0xDD6E, 0xDD6E, 0xDD6E, 0xDD6E, 0xDD6E, 0xDD6E, 0xDD6E, 0xDD4E, 0xD50D, 0xCCAB, 0xCC8A, 0xCC8A, 0xCC8A, 0xC48A, 0xCCAC, 0xCCCC,
    0xCCCC, 0xCCCC, 0xCCCC, 0xCCCC, 0xCCED, 0xD52E, 0xD52E, 0xD52E, 0xD52E, 0xD52E, 0xD52E, 0xD50E, 0xCCCC, 0xBC4B, 0xBC2A, 0xBC4B,
    0xBC8C, 0xC4AC, 0xC4AD, 0xC4AD, 0xC4AD, 0xC4AD, 0xBCAD, 0xBCAD, 0xBCAD, 0xBCAD, 0xBCAD, 0xBCAD, 0xBCAD, 0xBCAD, 0xBCAD, 0xBCAD,
    0xBCAD, 0xBCAD, 0xBCAD, 0xBC8D, 0xBC8D, 0xBC8C, 0xBC8C, 0xC4AD, 0xB46C, 0xAC0B, 0xAC2C, 0xAC2C, 0xAC2C, 0xAC2C, 0xAC2C, 0xAC2C,
    0xAC2B, 0xAC0A, 0xAC0A, 0xAC2A, 0xAC2A, 0xAC0A, 0xAC0A, 0xAC0A, 0xAC0A, 0xAC0A, 0xAC0A, 0xAC0A, 0xAC0A, 0xAC0A, 0xAC0A, 0xA40A,
    0xA40A, 0xA40A, 0xA3EA, 0xA3EA, 0xA3EA, 0xA3EA, 0xA3EA, 0xA3EA, 0xA3EA, 0xA3EA, 0xA3EA, 0xA3EA, 0xA3E9, 0x9346, 0xC530, 0xFFFF,
    0xFFFF, 0xFFFF, 0xFFFF, 0xFFFF, 0xFFFF, 0xFFFF, 0xFFFF, 0xFFFF, 0xFFFF, 0xFFFF, 0xFFFF, 0xFFFF, 0xFFFF, 0xFFFF, 0xFFFF, 0xFFFF,
    0xFFFF, 0xFFFF, 0xFFFF, 0xFFFF, 0xFFFF, 0xFFFF, 0xFFFF, 0xFFFF, 0xFFFF, 0xFFFF, 0xFFFF, 0xFFFF, 0xFFFF, 0xFFFF, 0xFFFF, 0xFFFF,
    0xFFFF, 0xFFFF, 0xFFFF, 0xFFFF, 0xFFFF, 0xFFFF, 0xFFFF, 0xFFFF, 0xFFFF, 0xFFFF, 0xFFFF, 0xFFFF, 0x9C0E, 0x5984, 0x6206, 0x5A06,
    0x5A06, 0x5A06, 0x5A06, 0x5A06, 0x5A06, 0x5A06, 0x5A06, 0x59E6, 0x59E6, 0x59E6, 0x59E6, 0x59E5, 0x59E5, 0x59E5, 0x59C5, 0x51C5,
    0xF60F, 0xF60F, 0xF60F, 0xF60F, 0xF60E, 0xF60E, 0xF60E, 0xEE0E, 0xEDEE, 0xEDEE, 0xEDEE, 0xEDEF, 0xEDEE, 0xEDEE, 0xEDEE, 0xEDEE,
    0xEDCE, 0xEDCC, 0xE5C9, 0xE5E8, 0xEE08, 0xEE07, 0xDD87, 0xCD06, 0xC4E6, 0xCD06, 0xC4E6, 0xBCC5, 0xBCC6, 0xBCC6, 0xC4E7, 0xCD28,
    0xE5AC, 0xEDEE, 0xEDEE, 0xEDCE, 0xEDCD, 0xED8D, 0xE56C, 0xED8D, 0xEDCE, 0xF5EF, 0xF60F, 0xF650, 0xFE70, 0xFE90, 0xFE90, 0xFE90,
    0xFE90, 0xFE90, 0xFE91, 0xFE91, 0xFEB1, 0xFEB1, 0xFEB1, 0xFEB1, 0xFEB1, 0xFEB1, 0xFEB1, 0xFEB1, 0xFE91, 0xF630, 0xEDCE, 0xEDCE,
    0xEDCE, 0xEDCE, 0xEDCE, 0xEDCE, 0xEDCE, 0xE5CE, 0xE5CE, 0xE58D, 0xDD2C, 0xD4EB, 0xD4EC, 0xD50C, 0xD50C, 0xDD4E, 0xDD6E, 0xDD6E,
    0xDD6E, 0xDD6E, 0xDD6E, 0xDD6E, 0xDD6E, 0xDD6E, 0xDD4E, 0xDD4E, 0xD50D, 0xCCAB, 0xCC8A, 0xCC8A, 0xCC8A, 0xCC8A, 0xCCAC, 0xCCCC,
    0xCCCC, 0xCCCC, 0xCCCC, 0xCCCC, 0xCCED, 0xD52E, 0xD52E, 0xD52E, 0xD52E, 0xD52E, 0xD52E, 0xD50E, 0xCCCC, 0xBC4B, 0xBC4A, 0xBC4B,
    0xBC8C, 0xC4AC, 0xC4AD, 0xC4AD, 0xC4AD, 0xC4AD, 0xC4AD, 0xBCAD, 0xBCAD, 0xBCAD, 0xBCAD, 0xBCAD, 0xBCAD, 0xBCAD, 0xBCAD, 0xBCAD,
    0xBCAD, 0xBCAD, 0xBCAD, 0xBCAD, 0xBC8D, 0xC4AD, 0xBC6C, 0xBC6C, 0x7AE8, 0x1881, 0x20C2, 0x20A2, 0x20C2, 0x20C2, 0x20C2, 0x28C2,
    0x20A1, 0x6245, 0xB44B, 0xAC0A, 0xAC2A, 0xAC0A, 0xAC0A, 0xAC0A, 0xAC0A, 0xAC0A, 0xAC0A, 0xAC0A, 0xAC0A, 0xAC0A, 0xAC0A, 0xA40A,
    0xA40A, 0xA40A, 0xA40A, 0xA3EA, 0xA40A, 0xA3EA, 0xA3EA, 0xA3EA, 0xA3EA, 0xA3EA, 0xA3EA, 0xA3C9, 0xB48D, 0xC572, 0xDE77, 0xFFFF,
    0xFFFF, 0xFFFF, 0xFFFF, 0xFFFF, 0xFFFF, 0xFFFF, 0xFFFF, 0xFFFF, 0xFFFF, 0xFFFF, 0xFFFF, 0xFFFF, 0xFFFF, 0xFFFF, 0xFFFF, 0xFFFF,
    0xFFFF, 0xFFFF, 0xFFFF, 0xFFFF, 0xFFFF, 0xFFFF, 0xFFFF, 0xFFFF, 0xFFFF, 0xFFFF, 0xFFFF, 0xFFFF, 0xFFFF, 0xFFFF, 0xFFFF, 0xFFFF,
    0xFFFF, 0xFFFF, 0xFFFF, 0xFFFF, 0xFFFF, 0xFFFF, 0xFFFF, 0xFFFF, 0xFFFF, 0xFFFF, 0xFFFF, 0xFFFF, 0xF7BE, 0xA48F, 0x4963, 0x6227,
    0x6227, 0x6227, 0x6227, 0x6227, 0x6227, 0x5A27, 0x6227, 0x6227, 0x5A27, 0x5A27, 0x5A27, 0x5A27, 0x5A07, 0x5A06, 0x5A06, 0x5A06,
    0xF60F, 0xF60F, 0xF60F, 0xF5EE, 0xF5EE, 0xEDEE, 0xEDEE, 0xEDEE, 0xEDEE, 0xEDEE, 0xEDEE, 0xEDEE, 0xEDEE, 0xEDEE, 0xEDEE, 0xEDEE,
    0xEDCE, 0xE5AC, 0xD548, 0xD547, 0xDDA7, 0xE5C6, 0xDDA6, 0xCD26, 0xBCC6, 0xBCA6, 0xBC86, 0xB465, 0xB486, 0xBCC6, 0xCD28, 0xE58B,
    0xEDCD, 0xEDCE, 0xEDCE, 0xEDCE, 0xEDAD, 0xE58C, 0xE56C, 0xE58D, 0xEDAD, 0xEDEF, 0xEDEF, 0xF60F, 0xF650, 0xFE91, 0xFE91, 0xFE91,
    0xFE91, 0xFE91, 0xFE91, 0xFEB1, 0xFEB1, 0xFEB1, 0xFEB1, 0xFEB1, 0xFEB1, 0xFEB1, 0xFEB1, 0xFEB1, 0xFE91, 0xF630, 0xEDCE, 0xEDCE,
    0xEDCE, 0xEDCE, 0xEDCE, 0xEDCE, 0xEDCE, 0xE5CE, 0xE5AE, 0xE58D, 0xDD2C, 0xD4EB, 0xD50C, 0xD50C, 0xD50C, 0xDD4E, 0xDD6E, 0xDD6E,
    0xDD6E, 0xDD6E, 0xDD6E, 0xDD6E, 0xDD6E, 0xDD6E, 0xDD4E, 0xDD4E, 0xD50D, 0xCCAB, 0xCC8A, 0xCC8A, 0xCC8A, 0xCC8A, 0xCCAC, 0xCCCC,
    0xCCCC, 0xCCCC, 0xCCCC, 0xCCCC, 0xCCED, 0xD50E, 0xD52E, 0xD52E, 0xD52E, 0xD52E, 0xD52E, 0xD50D, 0xCCCC, 0xBC4B, 0xBC2A, 0xBC4B,
    0xBCAC, 0xC4AD, 0xC4AD, 0xC4AD, 0xC4AD, 0xBCAD, 0xBCAD, 0xBCAD, 0xBCAD, 0xBCAD, 0xBCAD, 0xBCAD, 0xBCAD, 0xBCAD, 0xBCAD, 0xBCAD,
    0xBCAD, 0xBC8D, 0xBC8D, 0xBC8C, 0xBC6C, 0xAC2B, 0xA3EB, 0x3922, 0x3943, 0x41A4, 0x3984, 0x4184, 0x4184, 0x4184, 0x4184, 0x41A4,
    0x2902, 0x51E4, 0xAC2A, 0xAC0A, 0xAC0A, 0xAC0A, 0xAC0A, 0xAC0A, 0xAC0A, 0xAC0A, 0xAC0A, 0xAC0A, 0xAC0A, 0xAC0A, 0xAC0A, 0xA40A,
    0xA40A, 0xA40A, 0xA40A, 0xA3EA, 0xA40A, 0xA3EA, 0xA3EA, 0xA3EA, 0xA3EA, 0xA3EA, 0xA40A, 0x9B88, 0xCDB3, 0xFFFF, 0xFFFF, 0xFFFF,
    0xFFFF, 0xFFFF, 0xFFFF, 0xFFFF, 0xFFFF, 0xFFFF, 0xFFFF, 0xFFFF, 0xFFFF, 0xFFFF, 0xFFFF, 0xFFFF, 0xFFFF, 0xFFFF, 0xFFFF, 0xFFFF,
    0xFFFF, 0xFFFF, 0xFFFF, 0xFFFF, 0xFFFF, 0xFFFF, 0xFFFF, 0xFFFF, 0xFFFF, 0xFFFF, 0xFFFF, 0xFFFF, 0xFFFF, 0xFFFF, 0xFFFF, 0xFFFF,
    0xFFFF, 0xFFFF, 0xFFFF, 0xFFFF, 0xFFFF, 0xFFFF, 0xFFFF, 0xFFFF, 0xFFFF, 0xFFFF, 0xFFFF, 0xFFFF, 0xFFFF, 0xCE37, 0x836B, 0x6227,
    0x6227, 0x6227, 0x6227, 0x5A27, 0x5A27, 0x5A27, 0x5A27, 0x6247, 0x5A47, 0x5A27, 0x5A27, 0x5A27, 0x5A27, 0x5A27, 0x5A27, 0x5A27,
    0xF60E, 0xF60F, 0xF60F, 0xF60F, 0xEDEE, 0xF5EE, 0xF60F, 0xF60E, 0xEDEE, 0xEDEE, 0xEDEE, 0xEDEE, 0xEDEE, 0xEDEE, 0xEDCE, 0xEDCE,
    0xEDCE, 0xEDAD, 0xDD6A, 0xCD07, 0xCD06, 0xD566, 0xD566, 0xCD06, 0xBCA6, 0xB465, 0xB465, 0xB465, 0xB486, 0xC4E7, 0xD529, 0xE58C,
    0xEDCD, 0xEDEE, 0xEDCE, 0xEDCE, 0xEDAD, 0xE56C, 0xE54C, 0xE58C, 0xEDAD, 0xEDEF, 0xEDEF, 0xEDEF, 0xF62F, 0xFE70, 0xFE91, 0xFE91,
    0xFE91, 0xFE91, 0xFE91, 0xFEB1, 0xFEB1, 0xFEB1, 0xFEB1, 0xFEB1, 0xFEB1, 0xFEB1, 0xFEB1, 0xFED1, 0xFE91, 0xF630, 0xEDEF, 0xEDCE,
    0xEDCE, 0xEDCE, 0xEDCE, 0xEDCE, 0xEDCF, 0xE5CF, 0xE5AF, 0xE58E, 0xDD2C, 0xD4EC, 0xD4EC, 0xD50C, 0xD50C, 0xDD4E, 0xDD6E, 0xDD6E,
    0xDD6E, 0xDD6E, 0xDD6E, 0xDD6E, 0xDD6E, 0xDD6E, 0xDD6E, 0xDD4E, 0xD50D, 0xCCAB, 0xCC8A, 0xCC8A, 0xC48A, 0xC48A, 0xCCAC, 0xCCCC,
    0xCCCC, 0xCCCD, 0xCCCC, 0xCCAD, 0xCCCD, 0xCD0E, 0xCD2E, 0xD52E, 0xD52E, 0xD52E, 0xD52E, 0xD50D, 0xCCCC, 0xBC6B, 0xBC2A, 0xBC4B,
    0xBC8C, 0xC4AC, 0xC4AC, 0xC4AD, 0xC4AD, 0xC4AD, 0xBCAD, 0xBCAD, 0xBCAD, 0xBCAD, 0xBCAD, 0xBCAD, 0xBCAD, 0xBCAD, 0xBCAD, 0xBCAD,
    0xC4AD, 0xCD0E, 0xCCEE, 0xCD0E, 0xC4AD, 0x3942, 0x28C2, 0x20A1, 0x4164, 0x5A26, 0x51E5, 0x51E5, 0x49C5, 0x51E5, 0x51E5, 0x5205,
    0x3964, 0x20A1, 0x4983, 0xA42A, 0xAC0A, 0xAC09, 0xAC0A, 0xAC0A, 0xAC0A, 0xAC0A, 0xAC0A, 0xAC0A, 0xAC0A, 0xAC0A, 0xABEA, 0xA3EA,
    0xA3EA, 0xA40A, 0xA40A, 0xA3EA, 0xA40A, 0xA3EA, 0xA3EA, 0xA3EA, 0xA3EA, 0xA3EA, 0xA40A, 0x9B88, 0xC5B3, 0xFFFF, 0xFFFF, 0xFFFF,
    0xFFFF, 0xFFFF, 0xFFFF, 0xFFFF, 0xFFFF, 0xFFFF, 0xFFFF, 0xFFFF, 0xFFFF, 0xFFFF, 0xFFFF, 0xFFFF, 0xFFFF, 0xFFFF, 0xFFFF, 0xFFFF,
    0xFFFF, 0xFFFF, 0xFFFF, 0xFFFF, 0xFFFF, 0xFFFF, 0xFFFF, 0xFFFF, 0xFFFF, 0xFFFF, 0xFFFF, 0xFFFF, 0xFFFF, 0xFFFF, 0xFFFF, 0xFFFF,
    0xFFFF, 0xFFFF, 0xFFFF, 0xFFFF, 0xFFFF, 0xFFFF, 0xFFFF, 0xFFFF, 0xFFFF, 0xFFFF, 0xFFFF, 0xFFFF, 0xFFFF, 0xFFFF, 0xE6FA, 0x5A06,
    0x6227, 0x6227, 0x6227, 0x6227, 0x5A47, 0x5A27, 0x5A27, 0x6247, 0x5A27, 0x5A27, 0x5A27, 0x5A27, 0x5A27, 0x5A27, 0x5A27, 0x5A27,
    0xF60F, 0xF60F, 0xEDEF, 0xEDEE, 0xEDCE, 0xF60F, 0xF62F, 0xF60F, 0xEDEE, 0xEDEE, 0xEDEE, 0xEDEE, 0xEDEE, 0xEDCE, 0xEDCE, 0xEDCE,
    0xEDCE, 0xEDCD, 0xE58B, 0xD529, 0xC4A6, 0xBC85, 0xBCA6, 0xBCA6, 0xBC86, 0xB466, 0xB465, 0xB465, 0xB465, 0xBC86, 0xC4C7, 0xD509,
    0xE58B, 0xEDCD, 0xEDCE, 0xEDCE, 0xEDAD, 0xE56C, 0xE54B, 0xE56C, 0xEDAD, 0xEDEE, 0xEDEF, 0xEDEE, 0xEE0F, 0xF630, 0xFE70, 0xFE91,
    0xFE91, 0xFE91, 0xFE91, 0xFEB1, 0xFEB1, 0xFEB1, 0xFEB0, 0xFEB1, 0xFEB1, 0xFED1, 0xFEB1, 0xFED1, 0xFEB1, 0xF630, 0xEDCE, 0xEDCE,
    0xEDCE, 0xEDCE, 0xEDCE, 0xEDCF, 0xE5AF, 0xE5CF, 0xE5AF, 0xE58E, 0xDD2C, 0xD4EC, 0xD4EC, 0xD50C, 0xD50C, 0xDD4E, 0xDD6E, 0xDD6E,
    0xDD6E, 0xDD6E, 0xDD6E, 0xDD6E, 0xDD6E, 0xDD6E, 0xDD6E, 0xDD4E, 0xD52D, 0xCCAB, 0xCC8A, 0xCC8A, 0xC48A, 0xC48A, 0xCCAC, 0xCCCC,
    0xCCCC, 0xCCAD, 0xCCAC, 0xCCAD, 0xCCCD, 0xCD0E, 0xCD2E, 0xD52E, 0xD52E, 0xD52E, 0xD52E, 0xD50D, 0xCCCC, 0xBC6B, 0xBC2A, 0xBC4B,
    0xBC8C, 0xC4AC, 0xC4AC, 0xC4AD, 0xC4AD, 0xBCAD, 0xBCAD, 0xBCAD, 0xC4AD, 0xC4AD, 0xBCAD, 0xBCAD, 0xBCAD, 0xBCAD, 0xBCAD, 0xC4ED,
    0x9BAA, 0x51E4, 0x5A25, 0x6225, 0x59E5, 0x49C4, 0x51E5, 0x51E5, 0x49C4, 0x41A4, 0x49C4, 0x49C4, 0x49C4, 0x49C4, 0x49C5, 0x49C5,
    0x49C5, 0x3964, 0x28A1, 0x3102, 0x6A66, 0xBC8B, 0xABE9, 0xAC0A, 0xAC0A, 0xAC0A, 0xAC0A, 0xAC0A, 0xAC0A, 0xABEA, 0xABEA, 0xA3EA,
    0xA40A, 0xA40A, 0xA40A, 0xA40A, 0xA3EA, 0xA3EA, 0xA3EA, 0xA3EA, 0xA3EA, 0xA3EA, 0xA3EA, 0x9B88, 0xCDB3, 0xFFFF, 0xFFFF, 0xFFFF,
    0xFFFF, 0xFFFF, 0xFFFF, 0xFFFF, 0xFFFF, 0xFFFF, 0xFFFF, 0xFFFF, 0xFFFF, 0xFFFF, 0xFFFF, 0xFFFF, 0xFFFF, 0xFFFF, 0xFFFF, 0xFFFF,
    0xFFFF, 0xFFFF, 0xFFFF, 0xFFFF, 0xFFFF, 0xFFFF, 0xFFFF, 0xFFFF, 0xFFFF, 0xFFFF, 0xFFFF, 0xFFFF, 0xFFFF, 0xFFFF, 0xFFFF, 0xFFFF,
    0xFFFF, 0xFFFF, 0xFFFF, 0xFFFF, 0xFFFF, 0xFFFF, 0xFFFF, 0xFFFF, 0xFFFF, 0xFFFF, 0xFFFF, 0xFFFF, 0xFFFF, 0xFFFF, 0xDE99, 0x5A06,
    0x6227, 0x6227, 0x6227, 0x6227, 0x5A27, 0x5A27, 0x6247, 0x6247, 0x6247, 0x5A27, 0x5A27, 0x5A27, 0x5A27, 0x5A27, 0x5A27, 0x5A27,
    0xE5CE, 0xE5AE, 0xE5AE, 0xDD8E, 0xDD6D, 0xE5CF, 0xEE0F, 0xEDEF, 0xEDCE, 0xEDAE, 0xE5AE, 0xEDCE, 0xEDCE, 0xEDCE, 0xEDCE, 0xEDCE,
    0xE5AD, 0xE58D, 0xDD4B, 0xCCE8, 0xB466, 0xB445, 0xB465, 0xB465, 0xB445, 0xB445, 0xAC45, 0xAC45, 0xAC45, 0xB445, 0xBC46, 0xCCA8,
    0xE54A, 0xED8C, 0xEDCE, 0xEDCE, 0xEDAD, 0xE56C, 0xE54B, 0xE56C, 0xE5AD, 0xEDCE, 0xEDCE, 0xEDEE, 0xEDEE, 0xF5EF, 0xF62F, 0xFE91,
    0xFE91, 0xFE91, 0xFEB1, 0xFEB1, 0xFEB1, 0xFEB1, 0xFEB1, 0xFEB1, 0xFEB1, 0xFED1, 0xFED1, 0xFEB1, 0xFEB1, 0xF650, 0xEDCE, 0xEDCE,
    0xEDCE, 0xE5AE, 0xE5AF, 0xE5AF, 0xE5AF, 0xE5AF, 0xE5AF, 0xE58E, 0xDD2D, 0xD4EB, 0xD4EC, 0xD50C, 0xD50C, 0xDD4E, 0xDD6E, 0xDD6E,
    0xDD6E, 0xDD6E, 0xDD6E, 0xDD6E, 0xDD6E, 0xDD6E, 0xDD6E, 0xDD4E, 0xD52D, 0xCCAB, 0xCC8A, 0xCC8A, 0xC48A, 0xC48A, 0xCCAC, 0xCCCC,
    0xCCCC, 0xCCAC, 0xCCCC, 0xCCAD, 0xCCCD, 0xCD0E, 0xCD2E, 0xD52E, 0xD52E, 0xD50E, 0xD50E, 0xD50D, 0xCCCC, 0xBC4B, 0xBC2A, 0xBC4B,
    0xBC8C, 0xC4AC, 0xC4AD, 0xC4AD, 0xC4AD, 0xBCAD, 0xBCAD, 0xBCAD, 0xC4AD, 0xC4AD, 0xBCAD, 0xBCAD, 0xBCAD, 0xBCAD, 0xBC8C, 0xC4CD,
    0x8308, 0x3102, 0x4163, 0x3943, 0x3943, 0x51E5, 0x5A25, 0x5A25, 0x3103, 0x20A2, 0x3102, 0x3123, 0x3964, 0x49C5, 0x49A5, 0x49C5,
    0x49C4, 0x49A4, 0x3944, 0x2903, 0x3943, 0x6245, 0xAC0A, 0xB42A, 0xAC0A, 0xAC0A, 0xAC0A, 0xAC0A, 0xAC0A, 0xABEA, 0xABEA, 0xA3EA,
    0xA3EA, 0xA40A, 0xA40A, 0xA40A, 0xA3EA, 0xA3EA, 0xA3EA, 0xA3EA, 0xA3EA, 0xA3EA, 0xA3EA, 0x9B88, 0xCDB3, 0xFFFF, 0xFFFF, 0xFFFF,
    0xFFFF, 0xFFFF, 0xFFFF, 0xFFFF, 0xFFFF, 0xFFFF, 0xFFFF, 0xFFFF, 0xFFFF, 0xFFFF, 0xFFFF, 0xFFFF, 0xFFFF, 0xFFFF, 0xFFFF, 0xFFFF,
    0xFFFF, 0xFFFF, 0xFFFF, 0xFFFF, 0xFFFF, 0xFFFF, 0xFFFF, 0xFFFF, 0xFFFF, 0xFFFF, 0xFFFF, 0xFFFF, 0xFFFF, 0xFFFF, 0xFFFF, 0xFFFF,
    0xFFFF, 0xFFFF, 0xFFFF, 0xFFFF, 0xFFFF, 0xFFFF, 0xFFFF, 0xFFFF, 0xFFFF, 0xFFFF, 0xFFFF, 0xFFFF, 0xFFFF, 0xFFFF, 0xDE99, 0x5A06,
    0x6227, 0x6227, 0x6227, 0x6227, 0x5A27, 0x5A47, 0x6247, 0x6247, 0x6247, 0x6227, 0x5A27, 0x5A27, 0x5A27, 0x5A27, 0x5A27, 0x5A27,
    0xDD8D, 0xDD8D, 0xDD6D, 0xD54D, 0xD52D, 0xDDAE, 0xE5CF, 0xE5AE, 0xDD6D, 0xDD6C, 0xE58D, 0xE58D, 0xEDCE, 0xEDCE, 0xEDCE, 0xEDAE,
    0xE58C, 0xED8B, 0xEDAA, 0xE569, 0xD4E7, 0xC485, 0xBC65, 0xBC65, 0xBC65, 0xBC45, 0xBC45, 0xBC45, 0xBC45, 0xBC46, 0xC446, 0xD4A7,
    0xE528, 0xED6A, 0xED8C, 0xEDAD, 0xE58D, 0xE56C, 0xDD2C, 0xE54C, 0xE58D, 0xEDEE, 0xEDCF, 0xEDEE, 0xEDCE, 0xEDEE, 0xF60F, 0xF670,
    0xFE90, 0xFE91, 0xFEB1, 0xFEB1, 0xFEB1, 0xFEB1, 0xFEB1, 0xFEB1, 0xFEB1, 0xFED1, 0xFED1, 0xFED1, 0xFEB1, 0xF650, 0xEDCE, 0xEDCE,
    0xEDCF, 0xE5AF, 0xE5AF, 0xE5AF, 0xE5AF, 0xE5AF, 0xE5AF, 0xDD8E, 0xDD2D, 0xD4CB, 0xD4EB, 0xD4EC, 0xD50C, 0xDD4D, 0xDD6E, 0xDD6E,
    0xDD6E, 0xDD6E, 0xDD6E, 0xDD6E, 0xDD6E, 0xDD6E, 0xDD6E, 0xDD4E, 0xD52D, 0xCCAB, 0xCC8B, 0xCC8B, 0xC46A, 0xC48B, 0xCCAB, 0xCCAC,
    0xCCAC, 0xCCAC, 0xCCAC, 0xCCAC, 0xCCCD, 0xCD0E, 0xD52E, 0xD52E, 0xD52E, 0xD52D, 0xD50D, 0xD50D, 0xCCCC, 0xBC6B, 0xBC2A, 0xBC4B,
    0xBC8C, 0xBCAC, 0xC4CD, 0xC4AD, 0xC4AD, 0xC4AC, 0xBCAC, 0xC4AC, 0xC4AD, 0xBCAC, 0xBCAC, 0xC4AD, 0xBCAC, 0xC4CD, 0xB46C, 0x3943,
    0x3102, 0x6225, 0x6A66, 0x6246, 0x6246, 0x5A25, 0x5A05, 0x5204, 0x49A4, 0x4184, 0x4184, 0x2902, 0x3123, 0x49C5, 0x49A4, 0x41A4,
    0x41A5, 0x41A5, 0x41A5, 0x49C5, 0x3123, 0x28E2, 0x9BA9, 0x9BC9, 0xAC0A, 0xAC0A, 0xAC0A, 0xAC0A, 0xAC0A, 0xABEA, 0xABEA, 0xABEA,
    0xABEA, 0xA3EA, 0xA40A, 0xA40A, 0xA3EA, 0xA3EA, 0xA3EA, 0xA3EA, 0xA3EA, 0xA3EA, 0xA3EA, 0x9B88, 0xCDB3, 0xFFFF, 0xFFFF, 0xFFFF,
    0xFFFF, 0xFFFF, 0xFFFF, 0xFFFF, 0xFFFF, 0xFFFF, 0xFFFF, 0xFFFF, 0xFFFF, 0xFFFF, 0xFFFF, 0xFFFF, 0xFFFF, 0xFFFF, 0xFFFF, 0xFFFF,
    0xFFFF, 0xFFFF, 0xFFFF, 0xFFFF, 0xFFFF, 0xFFFF, 0xFFFF, 0xFFFF, 0xFFFF, 0xFFFF, 0xFFFF, 0xFFFF, 0xFFFF, 0xFFFF, 0xFFFF, 0xFFFF,
    0xFFFF, 0xFFFF, 0xFFFF, 0xFFFF, 0xFFFF, 0xFFFF, 0xFFFF, 0xFFFF, 0xFFFF, 0xFFFF, 0xFFFF, 0xFFFF, 0xFFFF, 0xFFFF, 0xDE99, 0x5A06,
    0x6227, 0x6227, 0x6227, 0x5A27, 0x5A27, 0x6247, 0x6247, 0x6247, 0x6228, 0x5A28, 0x5A28, 0x6228, 0x5A27, 0x5A28, 0x5A28, 0x5A28,
    0xD54C, 0xDD4C, 0xD52C, 0xCD0B, 0xC4EB, 0xCD2C, 0xDD6D, 0xDD4D, 0xD52B, 0xDD4B, 0xDD6B, 0xEE0E, 0xF64F, 0xF62E, 0xEDCE, 0xED8D,
    0xED8C, 0xF5C9, 0xFE49, 0xFE49, 0xFDA9, 0xE507, 0xDCC6, 0xDCC6, 0xD4A6, 0xD4A6, 0xD486, 0xD487, 0xD487, 0xD4A7, 0xD4A7, 0xDCC8,
    0xE4E7, 0xE508, 0xE52A, 0xE56C, 0xE58D, 0xE56C, 0xDD2C, 0xDD4C, 0xE58D, 0xEDCE, 0xEDCF, 0xEDCF, 0xEDCF, 0xEDEF, 0xEDEF, 0xEE0F,
    0xF62F, 0xF670, 0xFE91, 0xFEB1, 0xFEB1, 0xFEB1, 0xFEB1, 0xFEB1, 0xFEB1, 0xFED1, 0xFED1, 0xFED1, 0xFEB1, 0xF650, 0xEDCF, 0xE5AE,
    0xE5AF, 0xE5AF, 0xE5AF, 0xE5AF, 0xE5AF, 0xE5AF, 0xE5AF, 0xDD8E, 0xDD2D, 0xD4CB, 0xD4EB, 0xD4EC, 0xD50C, 0xDD2D, 0xDD6E, 0xDD6E,
    0xDD6E, 0xDD6E, 0xDD6E, 0xDD6E, 0xDD4E, 0xDD6E, 0xDD4E, 0xDD4E, 0xD52D, 0xCCAB, 0xCC8B, 0xC48A, 0xC46A, 0xC48A, 0xCCAB, 0xCCAC,
    0xCCAC, 0xCCCC, 0xCCAC, 0xCCAC, 0xCCED, 0xD50E, 0xD52E, 0xD52E, 0xD52E, 0xD52E, 0xD52E, 0xD50D, 0xCCCC, 0xBC6B, 0xBC2A, 0xBC4B,
    0xBC8C, 0xC4AC, 0xC4AD, 0xC4AD, 0xC4AD, 0xC4AC, 0xC4AC, 0xC4AC, 0xBCAD, 0xC4AD, 0xC4AD, 0xBC8C, 0xC4ED, 0xAC2C, 0x51A4, 0x59E5,
    0x5A25, 0x6225, 0x6225, 0x5A05, 0x51E4, 0x5A05, 0x5A05, 0x51E4, 0x51E4, 0x3964, 0x4184, 0x41A4, 0x4184, 0x41A4, 0x41A5, 0x3944,
    0x2902, 0x3944, 0x4185, 0x3964, 0x4184, 0x3144, 0x1860, 0x3102, 0x9BC9, 0xA3EA, 0xA3EA, 0xA40A, 0xA3EA, 0xABEA, 0xAC0A, 0xABEA,
    0xABEA, 0xA3EA, 0xA3EA, 0xA3EA, 0xA3EA, 0xA3EA, 0xA3EA, 0xA3EA, 0xA3EA, 0xA3EA, 0xA3EA, 0x9B88, 0xCDB3, 0xFFFF, 0xFFFF, 0xFFFF,
    0xFFFF, 0xFFFF, 0xFFFF, 0xFFFF, 0xFFFF, 0xFFFF, 0xFFFF, 0xFFFF, 0xFFFF, 0xFFFF, 0xFFFF, 0xFFFF, 0xFFFF, 0xFFFF, 0xFFFF, 0xFFFF,
    0xFFFF, 0xFFFF, 0xFFFF, 0xFFFF, 0xFFFF, 0xFFFF, 0xFFFF, 0xFFFF, 0xFFFF, 0xFFFF, 0xFFFF, 0xFFFF, 0xFFFF, 0xFFFF, 0xFFFF, 0xFFFF,
    0xFFFF, 0xFFFF, 0xFFFF, 0xFFFF, 0xFFFF, 0xFFFF, 0xFFFF, 0xFFFF, 0xFFFF, 0xFFFF, 0xFFFF, 0xFFFF, 0xFFFF, 0xFFFF, 0xD699, 0x5A06,
    0x6227, 0x6227, 0x6227, 0x5A27, 0x6247, 0x6247, 0x6247, 0x6247, 0x6228, 0x6228, 0x6228, 0x6228, 0x5A27, 0x5A28, 0x5A28, 0x5A28,
    0xE58C, 0xE58D, 0xDD6C, 0xD52B, 0xCD0C, 0xD52C, 0xE5CF, 0xEDEF, 0xEDEE, 0xEDEE, 0xEDEE, 0xFEB0, 0xFEF1, 0xFEB0, 0xEDCE, 0xE56C,
    0xED6B, 0xF5C9, 0xFE49, 0xFE69, 0xFDE9, 0xF548, 0xED07, 0xE4E7, 0xE4E7, 0xE4E7, 0xE4C7, 0xDCC7, 0xDCC7, 0xDCC7, 0xDCC7, 0xDCC7,
    0xE4E7, 0xE4E8, 0xE50A, 0xE56C, 0xE58D, 0xE56C, 0xDD2B, 0xDD2C, 0xE56D, 0xEDCF, 0xEDCF, 0xEDCF, 0xEDCF, 0xEDEF, 0xEDEF, 0xEDEF,
    0xEDEF, 0xF650, 0xFE91, 0xFE91, 0xFEB0, 0xFEB1, 0xFEB1, 0xFEB1, 0xFEB1, 0xFEB1, 0xFEB1, 0xFEB1, 0xFEB1, 0xF650, 0xE5CF, 0xE5AE,
    0xE5AF, 0xE5AF, 0xE5AF, 0xE5AF, 0xE5AF, 0xE5AF, 0xE5AF, 0xE58E, 0xDD2D, 0xD4CB, 0xD4CB, 0xD4EC, 0xD4EC, 0xDD2D, 0xDD6E, 0xDD6E,
    0xDD6E, 0xDD6E, 0xDD6E, 0xDD6E, 0xDD6E, 0xDD6E, 0xDD4E, 0xDD4E, 0xD52D, 0xCCCB, 0xCC8B, 0xC48B, 0xC46A, 0xC46A, 0xC48B, 0xCCAB,
    0xCCAC, 0xCCAC, 0xCCAC, 0xCCCC, 0xCCED, 0xD50E, 0xD52E, 0xD52E, 0xD52E, 0xD52E, 0xD52E, 0xD50D, 0xCCED, 0xBC6B, 0xBC2A, 0xBC4A,
    0xBC8C, 0xC4AD, 0xC4AD, 0xC4AD, 0xC4AD, 0xC4AC, 0xC4AC, 0xC4AC, 0xC4AD, 0xC4AD, 0xC4AC, 0xC4CD, 0xA3CB, 0x4983, 0x51C4, 0x6A66,
    0x6A66, 0x6246, 0x6246, 0x51C4, 0x49A4, 0x4184, 0x3123, 0x3943, 0x3963, 0x20A1, 0x3143, 0x41A4, 0x4185, 0x4184, 0x41A5, 0x3144,
    0x18A2, 0x20E3, 0x3964, 0x3964, 0x3964, 0x3144, 0x3123, 0x2903, 0x28C2, 0x20A2, 0x3923, 0xA3EA, 0xB42A, 0xA3E9, 0xA40A, 0xABEA,
    0xABEA, 0xABEA, 0xA3EA, 0xA3EA, 0xA3EA, 0xA3EA, 0xA3EA, 0xA3EA, 0xA3EA, 0xA3EA, 0xA3EA, 0x9B88, 0xCD93, 0xFFFF, 0xFFFF, 0xFFFF,
    0xFFFF, 0xFFFF, 0xFFFF, 0xFFFF, 0xFFFF, 0xFFFF, 0xFFFF, 0xFFFF, 0xFFFF, 0xFFFF, 0xFFFF, 0xFFFF, 0xFFFF, 0xFFFF, 0xFFFF, 0xFFFF,
    0xFFFF, 0xFFFF, 0xFFFF, 0xFFFF, 0xFFFF, 0xFFFF, 0xFFFF, 0xFFFF, 0xFFFF, 0xFFFF, 0xFFFF, 0xFFFF, 0xFFFF, 0xFFFF, 0xFFFF, 0xFFFF,
    0xFFFF, 0xFFFF, 0xFFFF, 0xFFFF, 0xFFFF, 0xFFFF, 0xFFFF, 0xFFFF, 0xFFFF, 0xFFFF, 0xFFFF, 0xFFFF, 0xFFFF, 0xFFFF, 0xD679, 0x5A06,
    0x6227, 0x6227, 0x6227, 0x5A27, 0x5A27, 0x6247, 0x6247, 0x6247, 0x6228, 0x6228, 0x6228, 0x5A28, 0x5A28, 0x5A28, 0x5A28, 0x5A28,
    0xF62E, 0xF60E, 0xEE0E, 0xEDEE, 0xEDEE, 0xEDEE, 0xEE0F, 0xF650, 0xF650, 0xF650, 0xF670, 0xFED0, 0xFEF1, 0xFEB0, 0xEDEE, 0xE56C,
    0xE52A, 0xED48, 0xFDC8, 0xFDE8, 0xF568, 0xE4E7, 0xDCA7, 0xDCA7, 0xDCA7, 0xDCA7, 0xDCA7, 0xDCA7, 0xDCA7, 0xD4A7, 0xDCA7, 0xD4A7,
    0xD4A7, 0xDCA7, 0xDD0A, 0xE56C, 0xE58D, 0xE54C, 0xDD2B, 0xDD2C, 0xE56D, 0xEDCF, 0xEDCF, 0xEDCF, 0xEDCF, 0xEDCF, 0xEDCF, 0xEDCF,
    0xEDEF, 0xF650, 0xFE91, 0xFE91, 0xFE90, 0xFEB1, 0xFEB1, 0xFEB1, 0xFEB1, 0xFEB1, 0xFEB1, 0xFE91, 0xFE91, 0xF650, 0xEDCF, 0xE5AE,
    0xE5AE, 0xE5AE, 0xE5AE, 0xE5AF, 0xE5AF, 0xE5AF, 0xE5AF, 0xE58E, 0xDD2D, 0xCCCB, 0xD4CB, 0xD4CC, 0xD4EC, 0xD52D, 0xDD6E, 0xDD6E,
    0xDD6E, 0xDD6E, 0xDD6E, 0xDD6E, 0xDD6E, 0xDD6E, 0xDD4E, 0xDD4F, 0xD52D, 0xCCCB, 0xC48B, 0xC48B, 0xC48B, 0xC46A, 0xCC8B, 0xCCAC,
    0xCCAC, 0xCCAC, 0xCCAC, 0xCCAC, 0xCCCD, 0xD50E, 0xD52E, 0xD52E, 0xD52E, 0xD52E, 0xD52E, 0xD50D, 0xCCED, 0xBC6B, 0xBC2A, 0xBC4A,
    0xBC8C, 0xC4AC, 0xC4AD, 0xC4AC, 0xC4AC, 0xC4AC, 0xC4CD, 0xC4AD, 0xC4AD, 0xC4AC, 0xBC8C, 0xCCED, 0x8B49, 0x2080, 0x72A6, 0x5A25,
    0x5A05, 0x5A05, 0x49C4, 0x49A4, 0x49C5, 0x4164, 0x1861, 0x1061, 0x1861, 0x1881, 0x3943, 0x41A4, 0x4184, 0x41A5, 0x41A5, 0x3144,
    0x18C2, 0x20C2, 0x20E3, 0x2923, 0x2903, 0x3123, 0x3144, 0x3144, 0x3123, 0x3123, 0x3124, 0x30E2, 0x72A7, 0xAC2A, 0xABE9, 0xA3EA,
    0xABEA, 0xABEA, 0xA3EA, 0xA3EA, 0xA3EA, 0xA3EA, 0xA3EA, 0xA3EA, 0xA3EA, 0xA3EA, 0xA3EA, 0x9B88, 0xC592, 0xFFFF, 0xFFFF, 0xFFFF,
    0xFFFF, 0xFFFF, 0xFFFF, 0xFFFF, 0xFFFF, 0xFFFF, 0xFFFF, 0xFFFF, 0xFFFF, 0xFFFF, 0xFFFF, 0xFFFF, 0xFFFF, 0xFFFF, 0xFFFF, 0xFFFF,
    0xFFFF, 0xFFFF, 0xFFFF, 0xFFFF, 0xFFFF, 0xFFFF, 0xFFFF, 0xFFFF, 0xFFFF, 0xFFFF, 0xFFFF, 0xFFFF, 0xFFFF, 0xFFFF, 0xFFFF, 0xFFFF,
    0xFFFF, 0xFFFF, 0xFFFF, 0xFFFF, 0xFFFF, 0xFFFF, 0xFFFF, 0xFFFF, 0xFFFF, 0xFFFF, 0xFFFF, 0xFFFF, 0xFFFF, 0xFFFF, 0xD679, 0x5A06,
    0x6227, 0x6227, 0x6227, 0x5A27, 0x5A27, 0x6247, 0x6247, 0x6247, 0x6228, 0x6228, 0x6228, 0x5A28, 0x5A28, 0x5A28, 0x5A27, 0x5A27,
    0xF650, 0xF650, 0xF650, 0xF650, 0xF650, 0xF62F, 0xF630, 0xF650, 0xF650, 0xF650, 0xF630, 0xF650, 0xFE4F, 0xF64F, 0xEDCE, 0xE58C,
    0xE52A, 0xED28, 0xFD87, 0xFDA8, 0xED28, 0xDCA7, 0xDC87, 0xDC87, 0xDC87, 0xD487, 0xD487, 0xD487, 0xD487, 0xD487, 0xD487, 0xD487,
    0xD487, 0xD487, 0xDCE9, 0xE56C, 0xE56D, 0xE54C, 0xDD0B, 0xDD2C, 0xE56D, 0xEDCE, 0xEDCF, 0xEDCF, 0xEDCF, 0xEDCF, 0xEDCF, 0xEDCF,
    0xEDEF, 0xF630, 0xFE71, 0xFE91, 0xFE91, 0xFE91, 0xFE91, 0xFEB1, 0xFEB1, 0xFEB1, 0xFEB1, 0xFE91, 0xFE91, 0xF650, 0xEDCF, 0xE5AE,
    0xE5AE, 0xE5AE, 0xE5AE, 0xE5AE, 0xE5AE, 0xE5AF, 0xE58F, 0xDD8E, 0xD52D, 0xCCCB, 0xD4CB, 0xD4CC, 0xD4EC, 0xD50D, 0xDD6E, 0xDD6E,
    0xDD6E, 0xDD6E, 0xDD6E, 0xDD6E, 0xDD4E, 0xDD4E, 0xDD4E, 0xDD4F, 0xD52D, 0xCCCB, 0xC48B, 0xC48B, 0xC48B, 0xC46A, 0xCC8B, 0xCCAC,
    0xCCAC, 0xCCAC, 0xCCAC, 0xCCAC, 0xCCCD, 0xD50E, 0xD52E, 0xD52E, 0xD52E, 0xD52E, 0xD52E, 0xD50D, 0xCCED, 0xBC6B, 0xBC2A, 0xBC2A,
    0xBC6B, 0xC4AC, 0xC4AC, 0xC4AC, 0xC4AC, 0xC4AC, 0xC4AC, 0xC4CD, 0xC4AC, 0xC4AC, 0xC4AD, 0xD50E, 0x938A, 0x20A1, 0x6245, 0x3943,
    0x4163, 0x4183, 0x3963, 0x3984, 0x49C4, 0x49C4, 0x41C5, 0x41E5, 0x41C4, 0x41C5, 0x49C5, 0x41A4, 0x3123, 0x20E3, 0x2903, 0x20E3,
    0x18C2, 0x18C3, 0x18C3, 0x20C2, 0x18C2, 0x20E3, 0x3124, 0x3124, 0x3144, 0x3144, 0x3144, 0x18A2, 0x20C2, 0x9389, 0xA3EA, 0xA3EA,
    0xAC0A, 0xA3EA, 0xA3EA, 0xA3EA, 0xA3EA, 0xA3EA, 0xA3EA, 0xA3EA, 0xA3EA, 0xA3EA, 0xA3EA, 0x9B88, 0xCDB3, 0xFFFF, 0xFFFF, 0xFFFF,
    0xFFFF, 0xFFFF, 0xFFFF, 0xFFFF, 0xFFFF, 0xFFFF, 0xFFFF, 0xFFFF, 0xFFFF, 0xFFFF, 0xFFFF, 0xFFFF, 0xFFFF, 0xFFFF, 0xFFFF, 0xFFFF,
    0xFFFF, 0xFFFF, 0xFFFF, 0xFFFF, 0xFFFF, 0xFFFF, 0xFFFF, 0xFFFF, 0xFFFF, 0xFFFF, 0xFFFF, 0xFFFF, 0xFFFF, 0xFFFF, 0xFFFF, 0xFFFF,
    0xFFFF, 0xFFFF, 0xFFFF, 0xFFFF, 0xFFFF, 0xFFFF, 0xFFFF, 0xFFFF, 0xFFFF, 0xFFFF, 0xFFFF, 0xFFFF, 0xFFFF, 0xFFFF, 0xD678, 0x5A06,
    0x6247, 0x6227, 0x6227, 0x5A27, 0x6247, 0x6247, 0x6247, 0x6247, 0x6248, 0x6248, 0x6228, 0x6228, 0x6228, 0x5A28, 0x5A27, 0x5A27,
    0xEE10, 0xEE10, 0xF610, 0xEE10, 0xEE10, 0xEE10, 0xEDEF, 0xEDF0, 0xEDF0, 0xEDEF, 0xEDEF, 0xEDEF, 0xEDEF, 0xEDEE, 0xEDCE, 0xE58D,
    0xE52A, 0xED28, 0xFD87, 0xFDA8, 0xED48, 0xDCA7, 0xDCA7, 0xDCA7, 0xD487, 0xD487, 0xD487, 0xD4A7, 0xD487, 0xD487, 0xD487, 0xD487,
    0xD487, 0xD487, 0xDCE9, 0xE54C, 0xE56D, 0xDD4C, 0xDD0B, 0xDD2B, 0xDD6D, 0xEDAE, 0xEDCF, 0xEDCF, 0xEDCF, 0xEDCF, 0xEDCF, 0xEDCF,
    0xEDEF, 0xF60F, 0xF650, 0xF670, 0xFE91, 0xFE91, 0xFE91, 0xFE91, 0xFEB1, 0xFEB1, 0xFEB1, 0xFEB1, 0xFE91, 0xF650, 0xEDCF, 0xE5AF,
    0xE5AF, 0xE5AF, 0xE5AF, 0xE5AF, 0xE5AF, 0xE58F, 0xE58F, 0xDD6F, 0xDD2D, 0xCCCB, 0xD4CB, 0xD4CC, 0xD4CC, 0xD50D, 0xDD6E, 0xDD6E,
    0xDD4E, 0xDD6E, 0xDD4E, 0xDD4E, 0xDD4E, 0xDD4E, 0xDD4E, 0xDD4F, 0xD52E, 0xCCCB, 0xCC8B, 0xC48B, 0xC48B, 0xC48A, 0xC48B, 0xCCAC,
    0xCCAC, 0xCCAC, 0xCCAC, 0xCCAC, 0xCCCD, 0xD52E, 0xD52E, 0xD52E, 0xD52E, 0xD52E, 0xD52E, 0xD50D, 0xCCED, 0xBC6B, 0xBC2A, 0xBC4A,
    0xBC6B, 0xC48C, 0xC4AC, 0xC4AC, 0xC4AD, 0xC4AD, 0xC4AC, 0xC4AC, 0xC4AC, 0xCCED, 0x9389, 0x51C4, 0x51E5, 0x3122, 0x4183, 0x4183,
    0x49A4, 0x49A4, 0x3143, 0x20C2, 0x2903, 0x2903, 0x3984, 0x3984, 0x3984, 0x3964, 0x3964, 0x3144, 0x28E3, 0x1081, 0x10A2, 0x18A2,
    0x18A2, 0x18A2, 0x18C2, 0x18C2, 0x18C2, 0x20C3, 0x20E3, 0x3124, 0x2903, 0x2923, 0x3123, 0x2923, 0x18A2, 0x1060, 0x8308, 0xBC4B,
    0xA3CA, 0xA3EA, 0xA3EA, 0xA3EA, 0xA3EA, 0xA3EA, 0xA3EA, 0xA3EA, 0xA3EA, 0xA3E9, 0xA3EA, 0xA3C9, 0xACAE, 0xF79D, 0xFFFF, 0xFFFF,
    0xFFFF, 0xFFFF, 0xFFFF, 0xFFFF, 0xFFFF, 0xFFFF, 0xFFFF, 0xFFFF, 0xFFFF, 0xFFFF, 0xFFFF, 0xFFFF, 0xFFFF, 0xFFFF, 0xFFFF, 0xFFFF,
    0xFFFF, 0xFFFF, 0xFFFF, 0xFFFF, 0xFFFF, 0xFFFF, 0xFFFF, 0xFFFF, 0xFFFF, 0xFFFF, 0xFFFF, 0xFFFF, 0xFFFF, 0xFFFF, 0xFFFF, 0xFFFF,
    0xFFFF, 0xFFFF, 0xFFFF, 0xFFFF, 0xFFFF, 0xFFFF, 0xFFFF, 0xFFFF, 0xFFFF, 0xFFFF, 0xFFFF, 0xFFFF, 0xFFFF, 0xFFFF, 0xD678, 0x5A05,
    0x6247, 0x6227, 0x6227, 0x6247, 0x6247, 0x6247, 0x6248, 0x6248, 0x6248, 0x6248, 0x6248, 0x6228, 0x6228, 0x5A28, 0x5A28, 0x5A28,
    0xEDD0, 0xEDD0, 0xEDD0, 0xEDCF, 0xEDCF, 0xE5CF, 0xE5CF, 0xE5CF, 0xE5CF, 0xE5CF, 0xE5CF, 0xEDCF, 0xEDEF, 0xEDEF, 0xEDCE, 0xED8D,
    0xE52A, 0xE529, 0xF568, 0xFD88, 0xED28, 0xDCA7, 0xDCA7, 0xDCA7, 0xD4A7, 0xD487, 0xD487, 0xD487, 0xD487, 0xD487, 0xD487, 0xD487,
    0xD487, 0xD487, 0xDCE9, 0xDD4C, 0xE56D, 0xDD4C, 0xDD0B, 0xDD0C, 0xDD4D, 0xEDAE, 0xEDAE, 0xEDAF, 0xEDCF, 0xEDCF, 0xEDCF, 0xEDCF,
    0xEDCF, 0xEDEF, 0xF610, 0xF650, 0xFE90, 0xFE90, 0xFE90, 0xFE90, 0xFEB1, 0xFE91, 0xFEB1, 0xFEB1, 0xFE91, 0xF650, 0xEDCF, 0xE5AF,
    0xE58F, 0xE5AF, 0xE5AF, 0xE5AF, 0xE5AF, 0xE58F, 0xE58F, 0xDD6F, 0xD52D, 0xCCCB, 0xD4CB, 0xD4CC, 0xD4CC, 0xD50D, 0xDD4E, 0xDD6E,
    0xDD4E, 0xDD4E, 0xDD4E, 0xDD4E, 0xDD4E, 0xDD4F, 0xDD4E, 0xDD4F, 0xD52E, 0xCCCB, 0xC48A, 0xC48A, 0xC46A, 0xC46A, 0xC48B, 0xCCAC,
    0xCCAC, 0xCCAC, 0xCCAC, 0xCCAD, 0xCCCD, 0xD50E, 0xD52E, 0xD52E, 0xD52E, 0xD52E, 0xD52E, 0xD50D, 0xCCED, 0xBC6B, 0xBC2A, 0xBC2A,
    0xBC6B, 0xC48C, 0xC4AD, 0xC4AD, 0xC4AD, 0xC4AD, 0xC4AD, 0xC4AD, 0xBC8C, 0xD50E, 0x8308, 0x1860, 0x6245, 0x6266, 0x5205, 0x51E5,
    0x4164, 0x28E2, 0x20E2, 0x20C3, 0x20C3, 0x18A2, 0x20C2, 0x2903, 0x2903, 0x2903, 0x2903, 0x3104, 0x2903, 0x1881, 0x1082, 0x1081,
    0x1081, 0x18A2, 0x18C2, 0x20C3, 0x20C3, 0x18C3, 0x20C3, 0x20E3, 0x20E3, 0x20E3, 0x20E3, 0x20E3, 0x2903, 0x1881, 0x3964, 0x7AC7,
    0xAC0A, 0xA3EA, 0xA3EA, 0xA3EA, 0xA3EA, 0xA3EA, 0xA3EA, 0xA3EA, 0xA3EA, 0xA3E9, 0xA3EA, 0xA3E9, 0xA3EA, 0xF7BD, 0xFFFF, 0xFFFF,
    0xFFFF, 0xFFFF, 0xFFFF, 0xFFFF, 0xFFFF, 0xFFFF, 0xFFFF, 0xFFFF, 0xFFFF, 0xFFFF, 0xFFFF, 0xFFFF, 0xFFFF, 0xFFFF, 0xFFFF, 0xFFFF,
    0xFFFF, 0xFFFF, 0xFFFF, 0xFFFF, 0xFFFF, 0xFFFF, 0xFFFF, 0xFFFF, 0xFFFF, 0xFFFF, 0xFFFF, 0xFFFF, 0xFFFF, 0xFFFF, 0xFFFF, 0xFFFF,
    0xFFFF, 0xFFFF, 0xFFFF, 0xFFFF, 0xFFFF, 0xFFFF, 0xFFFF, 0xFFFF, 0xFFFF, 0xFFFF, 0xFFFF, 0xFFFF, 0xFFFF, 0xFFFF, 0xDEB9, 0x59E6,
    0x6247, 0x6247, 0x6247, 0x6247, 0x6247, 0x6247, 0x6248, 0x6248, 0x6248, 0x6248, 0x6248, 0x6228, 0x6228, 0x6228, 0x5A28, 0x6228,
    0xEDF0, 0xEDF0, 0xEDF0, 0xEDF0, 0xEDCF, 0xEDCF, 0xEDCF, 0xEDCF, 0xEDCF, 0xEDCF, 0xEDCF, 0xEDCF, 0xEDCF, 0xEDEE, 0xEDAE, 0xE56C,
    0xDD0A, 0xE4E9, 0xED27, 0xF568, 0xED07, 0xDCA7, 0xD4A7, 0xD4A7, 0xD487, 0xD487, 0xD487, 0xD487, 0xD487, 0xD487, 0xD487, 0xD487,
    0xD487, 0xD487, 0xDCC9, 0xDD4C, 0xDD4D, 0xDD2C, 0xDD0C, 0xDD0C, 0xDD4C, 0xE5AE, 0xEDAE, 0xEDAF, 0xEDCF, 0xEDCF, 0xEDCF, 0xEDCF,
    0xEDCF, 0xEDCF, 0xF610, 0xF650, 0xFE90, 0xFE90, 0xFE90, 0xFEB0, 0xFEB1, 0xFE91, 0xFEB1, 0xFEB1, 0xFE91, 0xF650, 0xEDCF, 0xE5AF,
    0xE58F, 0xE5AF, 0xE5AF, 0xE5AF, 0xE5AF, 0xE58F, 0xE58F, 0xDD8F, 0xD52D, 0xCCCB, 0xD4CB, 0xD4CC, 0xD4CC, 0xD50D, 0xDD4E, 0xDD4E,
    0xDD4E, 0xDD4E, 0xDD4E, 0xDD4E, 0xDD4E, 0xDD4F, 0xDD4F, 0xDD4F, 0xD52E, 0xCCCB, 0xC46A, 0xC46A, 0xC46A, 0xC46A, 0xC48B, 0xCCAC,
    0xCCAC, 0xCCAC, 0xCCAC, 0xCCAC, 0xCCCD, 0xD50E, 0xD52E, 0xD52E, 0xD52E, 0xD52E, 0xD52E, 0xD50D, 0xCCED, 0xBC6B, 0xBC2A, 0xBC4A,
    0xBC6B, 0xC48C, 0xC4AC, 0xC4AD, 0xC4AD, 0xC4AC, 0xC4AD, 0xC4AC, 0xCCEE, 0x8328, 0x4984, 0x49A4, 0x6A66, 0x5A25, 0x3122, 0x3123,
    0x3123, 0x20C2, 0x20C2, 0x20E3, 0x18A2, 0x0861, 0x1081, 0x20E3, 0x20E3, 0x20E3, 0x20E3, 0x20E3, 0x20E3, 0x1081, 0x1081, 0x1081,
    0x10A1, 0x1081, 0x1081, 0x1081, 0x1081, 0x1081, 0x1081, 0x18A2, 0x20C3, 0x20E3, 0x20C3, 0x20E3, 0x20E3, 0x28E3, 0x1081, 0x20C2,
    0x9BC9, 0xABEA, 0xA3EA, 0xA3EA, 0xA3EA, 0xA3EA, 0xA3EA, 0xA3EA, 0xA3EA, 0xA3E9, 0xA3E9, 0xA3C9, 0xA40A, 0xD614, 0xE6D9, 0xFFFF,
    0xFFFF, 0xFFFF, 0xFFFF, 0xFFFF, 0xFFFF, 0xFFFF, 0xFFFF, 0xFFFF, 0xFFFF, 0xFFFF, 0xFFFF, 0xFFFF, 0xFFFF, 0xFFFF, 0xFFFF, 0xFFFF,
    0xFFFF, 0xFFFF, 0xFFFF, 0xFFFF, 0xFFFF, 0xFFFF, 0xFFFF, 0xFFFF, 0xFFFF, 0xFFFF, 0xFFFF, 0xFFFF, 0xFFFF, 0xFFFF, 0xFFFF, 0xFFFF,
    0xFFFF, 0xFFFF, 0xFFFF, 0xFFFF, 0xFFFF, 0xFFFF, 0xFFFF, 0xFFFF, 0xFFFF, 0xFFFF, 0xFFFF, 0xFFFF, 0xF7BD, 0x9C6F, 0x8B8C, 0x6226,
    0x6247, 0x6247, 0x6248, 0x6247, 0x6247, 0x6247, 0x6248, 0x6248, 0x6248, 0x6248, 0x6248, 0x6248, 0x6228, 0x6228, 0x5A28, 0x6228,
    0xEDEF, 0xEDEF, 0xEDF0, 0xEDF0, 0xEDF0, 0xEDCF, 0xEDCF, 0xEDCF, 0xEDCF, 0xEDCF, 0xEDCF, 0xEDCF, 0xEDCF, 0xEDCE, 0xE5AD, 0xE54C,
    0xDD0A, 0xE4E9, 0xE4E7, 0xED07, 0xE4E7, 0xDCA7, 0xDCA7, 0xD4A7, 0xD487, 0xD487, 0xD487, 0xD487, 0xD487, 0xD487, 0xD487, 0xD487,
    0xD487, 0xD487, 0xDCC9, 0xDD2C, 0xDD4D, 0xDD2C, 0xD4EB, 0xDD0C, 0xDD4C, 0xE5AE, 0xEDAE, 0xEDAE, 0xEDCE, 0xEDCF, 0xEDCF, 0xEDCF,
    0xEDCF, 0xEDCF, 0xF5F0, 0xF630, 0xFE70, 0xFE90, 0xFE90, 0xFE90, 0xFEB1, 0xFEB1, 0xFEB1, 0xFEB1, 0xFE91, 0xF650, 0xEDCF, 0xE5AE,
    0xE5AE, 0xE5AF, 0xE58F, 0xE58F, 0xE58F, 0xE58F, 0xE58F, 0xDD6F, 0xD52D, 0xCCCC, 0xCCCB, 0xD4CC, 0xD4CC, 0xD4EC, 0xDD4E, 0xDD4E,
    0xDD4E, 0xDD6F, 0xDD4E, 0xDD4E, 0xDD4E, 0xDD4E, 0xDD4E, 0xDD4F, 0xD52E, 0xCCCB, 0xC46A, 0xC46A, 0xC46A, 0xC46A, 0xC48B, 0xCCAC,
    0xCCAC, 0xCCAC, 0xCCAC, 0xCCAC, 0xCCCD, 0xD50E, 0xD52E, 0xD52E, 0xD52E, 0xD52E, 0xD52E, 0xD50D, 0xCCED, 0xBC6B, 0xBC2A, 0xBC4A,
    0xBC8B, 0xC4AC, 0xC4AC, 0xC4AC, 0xC4AD, 0xC4AD, 0xC4AC, 0xC4CD, 0xA3EA, 0x3902, 0x49A4, 0x6246, 0x6245, 0x5A25, 0x3943, 0x3143,
    0x3123, 0x20E2, 0x18C2, 0x20C2, 0x18C2, 0x0861, 0x0861, 0x0861, 0x0861, 0x0861, 0x0861, 0x0861, 0x0861, 0x1081, 0x1081, 0x1081,
    0x18A2, 0x18C2, 0x0881, 0x0860, 0x0860, 0x0860, 0x0861, 0x1061, 0x20E3, 0x20E3, 0x20C3, 0x20C3, 0x20E3, 0x28E3, 0x20E3, 0x1060,
    0x8328, 0xAC0A, 0xA3EA, 0xA3EA, 0xA3EA, 0xA3EA, 0xA3EA, 0xA3EA, 0xA3E9, 0xA3E9, 0xA3E9, 0xA3C9, 0xA3EA, 0x9347, 0xBCEF, 0xFFFF,
    0xFFFF, 0xFFFF, 0xFFFF, 0xFFFF, 0xFFFF, 0xFFFF, 0xFFFF, 0xFFFF, 0xFFFF, 0xFFFF, 0xFFFF, 0xFFFF, 0xFFFF, 0xFFFF, 0xFFFF, 0xFFFF,
    0xFFFF, 0xFFFF, 0xFFFF, 0xFFFF, 0xFFFF, 0xFFFF, 0xFFFF, 0xFFFF, 0xFFFF, 0xFFFF, 0xFFFF, 0xFFFF, 0xFFFF, 0xFFFF, 0xFFFF, 0xFFFF,
    0xFFFF, 0xFFFF, 0xFFFF, 0xFFFF, 0xFFFF, 0xFFFF, 0xFFFF, 0xFFFF, 0xFFFF, 0xFFFF, 0xFFFF, 0xFFFF, 0xF79D, 0x6A67, 0x59E5, 0x6247,
    0x6247, 0x6247, 0x6248, 0x6247, 0x6247, 0x6248, 0x6248, 0x6248, 0x6248, 0x6248, 0x6228, 0x6248, 0x6228, 0x6228, 0x6228, 0x5A28,
    0xEDEF, 0xEDEF, 0xEDF0, 0xEDF0, 0xEDF0, 0xEDCF, 0xEDCF, 0xEDCF, 0xEDCF, 0xEDCF, 0xEDCF, 0xEDD0, 0xEDEF, 0xEDEF, 0xEDAE, 0xE54C,
    0xDD0A, 0xDCC9, 0xE4E7, 0xECE7, 0xE4E7, 0xDCA7, 0xD487, 0xD487, 0xD487, 0xD487, 0xD487, 0xD487, 0xD487, 0xD487, 0xD487, 0xD487,
    0xD487, 0xD487, 0xD4C9, 0xDD2C, 0xDD4D, 0xDD2C, 0xD4EB, 0xD4EB, 0xDD2C, 0xE58E, 0xEDAE, 0xEDAE, 0xEDAE, 0xEDCF, 0xEDCF, 0xEDCF,
    0xEDCF, 0xEDCF, 0xEDEF, 0xF630, 0xFE70, 0xFE90, 0xFE90, 0xFE90, 0xFEB1, 0xFEB1, 0xFEB1, 0xFEB1, 0xFE91, 0xF650, 0xEDCF, 0xE5AE,
    0xE5AE, 0xE5AF, 0xE58F, 0xE58F, 0xE58F, 0xE58F, 0xDD8F, 0xDD6F, 0xD52D, 0xCCCB, 0xCCCB, 0xD4CC, 0xD4CC, 0xD4EC, 0xDD4E, 0xDD4E,
    0xDD4E, 0xDD4E, 0xDD4E, 0xDD4E, 0xDD4E, 0xDD4E, 0xDD4E, 0xDD4F, 0xD52E, 0xCCCB, 0xC46A, 0xC46A, 0xC46A, 0xC46A, 0xC48B, 0xC4AC,
    0xCCAC, 0xCCAC, 0xCCAC, 0xCCAC, 0xCCCD, 0xD50E, 0xD52E, 0xD52E, 0xD52E, 0xD52E, 0xD52E, 0xD52E, 0xCCED, 0xC46B, 0xBC2A, 0xBC4A,
    0xBC6B, 0xC4AC, 0xC4AC, 0xC4AC, 0xC4AD, 0xC4AD, 0xBC8C, 0xCD0E, 0x8B49, 0x1840, 0x5A05, 0x6225, 0x51E4, 0x3123, 0x2902, 0x2903,
    0x3123, 0x20E3, 0x20C3, 0x20E3, 0x18C2, 0x1061, 0x0861, 0x1061, 0x0861, 0x0881, 0x0881, 0x0881, 0x0881, 0x0881, 0x1081, 0x18C2,
    0x20E3, 0x20E3, 0x1081, 0x1081, 0x1081, 0x1081, 0x0860, 0x0861, 0x1081, 0x1081, 0x1081, 0x20E3, 0x20C3, 0x20E3, 0x18C2, 0x1060,
    0x8328, 0xAC0A, 0xA3EA, 0xA3EA, 0xA3EA, 0xA3EA, 0xA3EA, 0xA3EA, 0xA3EA, 0xA3EA, 0xA3C9, 0xA3CA, 0xA3CA, 0x9B88, 0xC551, 0xFFFF,
    0xFFFF, 0xFFFF, 0xFFFF, 0xFFFF, 0xFFFF, 0xFFFF, 0xFFFF, 0xFFFF, 0xFFFF, 0xFFFF, 0xFFFF, 0xFFFF, 0xFFFF, 0xFFFF, 0xFFFF, 0xFFFF,
    0xFFFF, 0xFFFF, 0xFFFF, 0xFFFF, 0xFFFF, 0xFFFF, 0xFFFF, 0xFFFF, 0xFFFF, 0xFFFF, 0xFFFF, 0xFFFF, 0xFFFF, 0xFFFF, 0xFFFF, 0xFFFF,
    0xFFFF, 0xFFFF, 0xFFFF, 0xFFFF, 0xFFFF, 0xFFFF, 0xFFFF, 0xFFFF, 0xFFFF, 0xFFFF, 0xFFFF, 0xFFFF, 0xFFDE, 0x72C8, 0x6227, 0x6247,
    0x6247, 0x6247, 0x6247, 0x6248, 0x6247, 0x6248, 0x6248, 0x6248, 0x6248, 0x6248, 0x6248, 0x6248, 0x6228, 0x6228, 0x6228, 0x6228,
    0xEDCF, 0xEDEF, 0xEDF0, 0xEDF0, 0xEDCF, 0xEDF0, 0xEDF0, 0xEDD0, 0xEDD0, 0xEDD0, 0xEDD0, 0xEDD0, 0xEDCF, 0xEDEF, 0xEDAE, 0xE54C,
    0xDCEA, 0xDCC8, 0xE4C7, 0xE4E7, 0xE4E7, 0xDCA7, 0xD487, 0xD487, 0xD487, 0xD487, 0xD487, 0xD487, 0xD487, 0xD487, 0xD487, 0xD487,
    0xD487, 0xD467, 0xD4A9, 0xDD0B, 0xDD2C, 0xDD0B, 0xD4EB, 0xD4EB, 0xDD2C, 0xE58D, 0xE5AE, 0xEDAE, 0xEDAE, 0xEDAE, 0xEDAF, 0xEDCF,
    0xEDCF, 0xEDCF, 0xEDEF, 0xF630, 0xFE90, 0xFE90, 0xFE90, 0xFEB1, 0xFEB1, 0xFEB1, 0xFEB1, 0xFEB1, 0xFE91, 0xF650, 0xEDCF, 0xE5AF,
    0xE5AF, 0xE58F, 0xE58F, 0xE56F, 0xE58F, 0xE56F, 0xDD6F, 0xDD6F, 0xD52D, 0xCCCB, 0xCCAB, 0xCCCB, 0xD4CC, 0xD4EC, 0xDD4E, 0xDD4E,
    0xDD4F, 0xDD4F, 0xDD4E, 0xDD4E, 0xDD4E, 0xDD4E, 0xDD4E, 0xDD4E, 0xD52E, 0xCCCB, 0xC46A, 0xC46A, 0xC46A, 0xC46A, 0xC48B, 0xCCAC,
    0xCCAC, 0xCCAC, 0xCCAC, 0xCCAC, 0xCCCD, 0xD50E, 0xD52E, 0xD52E, 0xD52E, 0xD52E, 0xD52E, 0xD50D, 0xCCED, 0xBC8B, 0xBC2A, 0xBC2A,
    0xBC6B, 0xC48C, 0xC4AC, 0xC4AC, 0xC4AC, 0xC4AD, 0xC4CD, 0xA3EA, 0x59E5, 0x51E5, 0x5A05, 0x6225, 0x51C4, 0x20A2, 0x1081, 0x1081,
    0x1881, 0x18A2, 0x18A2, 0x18A2, 0x18A2, 0x1061, 0x0861, 0x0861, 0x0881, 0x0881, 0x0881, 0x0881, 0x0881, 0x0881, 0x0861, 0x18C2,
    0x20E3, 0x20E2, 0x20E2, 0x20E3, 0x20E3, 0x18C2, 0x10A2, 0x0881, 0x0881, 0x0881, 0x0881, 0x10A1, 0x20C3, 0x20C3, 0x20C2, 0x1040,
    0x8B49, 0xB44B, 0xA3CA, 0xA3EA, 0xA3EA, 0xA3EA, 0xA3EA, 0xA3EA, 0xA3CA, 0xA3CA, 0xA3CA, 0xA3CA, 0xA3CA, 0x9B89, 0xAC6D, 0xBD72,
    0xEF5C, 0xFFFF, 0xFFFF, 0xFFFF, 0xFFFF, 0xFFFF, 0xFFFF, 0xFFFF, 0xFFFF, 0xFFFF, 0xFFFF, 0xFFFF, 0xFFFF, 0xFFFF, 0xFFFF, 0xFFFF,
    0xFFFF, 0xFFFF, 0xFFFF, 0xFFFF, 0xFFFF, 0xFFFF, 0xFFFF, 0xFFFF, 0xFFFF, 0xFFFF, 0xFFFF, 0xFFFF, 0xFFFF, 0xFFFF, 0xFFFF, 0xFFFF,
    0xFFFF, 0xFFFF, 0xFFFF, 0xFFFF, 0xFFFF, 0xFFFF, 0xFFFF, 0xFFFF, 0xFFFF, 0xFFFF, 0xFFDF, 0xF77D, 0xDEB9, 0x6A88, 0x6227, 0x6248,
    0x6247, 0x6247, 0x6248, 0x6248, 0x6248, 0x6248, 0x6248, 0x6248, 0x6248, 0x6248, 0x6248, 0x6248, 0x6248, 0x6248, 0x6248, 0x6248,
    0xEDCF, 0xEDCF, 0xEDCF, 0xEDCF, 0xEDCF, 0xEDD0, 0xEDD0, 0xEDD0, 0xEDCF, 0xEDD0, 0xEDCF, 0xEDCF, 0xEDCF, 0xEDCF, 0xE58D, 0xDCEB,
    0xD489, 0xD488, 0xE4C7, 0xE4E7, 0xE4E7, 0xDCA7, 0xD487, 0xD487, 0xD487, 0xD487, 0xD487, 0xD487, 0xD487, 0xD487, 0xD487, 0xD487,
    0xD487, 0xD467, 0xD488, 0xD4AA, 0xD4CA, 0xD4AA, 0xCC8A, 0xD4AA, 0xD4CB, 0xDD2C, 0xE56D, 0xE5AE, 0xEDAE, 0xEDAE, 0xEDAF, 0xEDCF,
    0xEDCF, 0xEDCF, 0xEDCF, 0xF630, 0xFE90, 0xFE90, 0xFE90, 0xFE90, 0xFE90, 0xFEB0, 0xFEB1, 0xFEB1, 0xFE91, 0xF650, 0xE5CF, 0xE5AF,
    0xE58F, 0xE58F, 0xE58F, 0xE58F, 0xE56F, 0xDD6F, 0xDD6F, 0xDD6F, 0xD52D, 0xCCCC, 0xCCAB, 0xCCCB, 0xD4CC, 0xD4EC, 0xD54E, 0xDD4E,
    0xDD4F, 0xDD4F, 0xDD4E, 0xDD4E, 0xDD4E, 0xDD4E, 0xDD4E, 0xDD4E, 0xD52E, 0xCCCB, 0xC46A, 0xC46A, 0xC46A, 0xC46A, 0xC46B, 0xCCAC,
    0xCCAC, 0xCCAC, 0xCCAC, 0xCCAC, 0xCCCD, 0xD50E, 0xD50E, 0xD52E, 0xD52E, 0xD52D, 0xD52E, 0xD50D, 0xCCED, 0xBC8B, 0xBC2A, 0xBC2A,
    0xBC6B, 0xC48C, 0xC4AC, 0xC4AC, 0xC4AC, 0xBCAC, 0xCCED, 0x9369, 0x3101, 0x6A66, 0x6225, 0x6245, 0x51E5, 0x20C2, 0x0861, 0x1081,
    0x0860, 0x0860, 0x0860, 0x0880, 0x0860, 0x0881, 0x0881, 0x0881, 0x0881, 0x0881, 0x0881, 0x0881, 0x0881, 0x0881, 0x0861, 0x1081,
    0x18C2, 0x20E3, 0x20E3, 0x20E3, 0x20E3, 0x18C2, 0x10A2, 0x0881, 0x0881, 0x0881, 0x0881, 0x0881, 0x18C2, 0x20E3, 0x20C3, 0x20C2,
    0x41A4, 0x6A67, 0xAC0A, 0xA3EA, 0xA3EA, 0xA3EA, 0xA3EA, 0xA3EA, 0xA3EA, 0xA3CA, 0xA3CA, 0xA3CA, 0xA3CA, 0x9BCA, 0x9B89, 0x8B27,
    0xD615, 0xEF5B, 0xFFFF, 0xFFFF, 0xFFFF, 0xFFFF, 0xFFFF, 0xFFFF, 0xFFFF, 0xFFFF, 0xFFFF, 0xFFFF, 0xFFFF, 0xFFFF, 0xFFFF, 0xFFFF,
    0xFFFF, 0xFFFF, 0xFFFF, 0xFFFF, 0xFFFF, 0xFFFF, 0xFFFF, 0xFFFF, 0xFFFF, 0xFFFF, 0xFFFF, 0xFFFF, 0xFFFF, 0xFFFF, 0xFFFF, 0xFFFF,
    0xFFFF, 0xFFFF, 0xFFFF, 0xFFFF, 0xFFFF, 0xFFFF, 0xFFFF, 0xFFFF, 0xFFFF, 0xFFFF, 0xFFFF, 0xACB1, 0x51A4, 0x6A67, 0x6247, 0x6248,
    0x6247, 0x6247, 0x6248, 0x6248, 0x6248, 0x6248, 0x6248, 0x6248, 0x6248, 0x6248, 0x6248, 0x6248, 0x6248, 0x6248, 0x6248, 0x6248,
    0xEDCF, 0xEDCF, 0xEDCF, 0xEDCF, 0xEDCF, 0xEDCF, 0xEDCF, 0xE5CF, 0xE5CF, 0xE5CF, 0xEDCF, 0xEDD0, 0xEDCF, 0xEDCF, 0xE56D, 0xD48A,
    0xCC07, 0xD447, 0xDCA7, 0xE4C7, 0xE4C7, 0xDCA7, 0xD487, 0xD487, 0xD487, 0xD487, 0xD487, 0xD487, 0xD487, 0xD487, 0xD487, 0xD487,
    0xD487, 0xD447, 0xD447, 0xCC28, 0xCC28, 0xCC28, 0xCC28, 0xCC28, 0xCC48, 0xD4AA, 0xDCEC, 0xE54D, 0xE54D, 0xE56D, 0xE58E, 0xED8E,
    0xEDAE, 0xEDAE, 0xEDCF, 0xF630, 0xFE90, 0xFE90, 0xFE90, 0xFE90, 0xFE90, 0xFE90, 0xFE90, 0xFE91, 0xFE91, 0xF650, 0xE5CF, 0xE5AF,
    0xE58F, 0xE58F, 0xE58F, 0xE58F, 0xE56F, 0xE56F, 0xDD6F, 0xDD6F, 0xD52D, 0xCCCC, 0xCCAB, 0xCCCB, 0xD4CC, 0xD4EC, 0xD52E, 0xDD4E,
    0xDD4E, 0xDD4E, 0xDD4E, 0xDD4E, 0xDD4E, 0xD54E, 0xD54E, 0xDD4E, 0xD52E, 0xCCCB, 0xC46A, 0xC46A, 0xC46A, 0xC46A, 0xC48B, 0xCC8C,
    0xCCAC, 0xCCAC, 0xCCAC, 0xCCAC, 0xCCCC, 0xD50D, 0xD50E, 0xD50E, 0xD52E, 0xD52D, 0xD52E, 0xD50D, 0xCCED, 0xBC8B, 0xBC2A, 0xBC2A,
    0xBC6B, 0xBC8C, 0xC4AC, 0xC4AC, 0xC4AC, 0xBCAC, 0xCCED, 0x9389, 0x3922, 0x6246, 0x6225, 0x6245, 0x5205, 0x20E2, 0x0860, 0x1081,
    0x10A1, 0x2103, 0x10A1, 0x0860, 0x0881, 0x0881, 0x0881, 0x0881, 0x0881, 0x0881, 0x0881, 0x0881, 0x0881, 0x0881, 0x0881, 0x0861,
    0x1081, 0x10A2, 0x18A2, 0x18C2, 0x20E3, 0x18E3, 0x0861, 0x0881, 0x0881, 0x0881, 0x0881, 0x0881, 0x18C2, 0x20E3, 0x20E3, 0x2903,
    0x0841, 0x3943, 0xAC0B, 0xA3C9, 0xA3EA, 0xA3EA, 0xA3EA, 0xA3EA, 0xA3EA, 0xA3EA, 0xA3EA, 0xA3CA, 0xA3CA, 0x9BA9, 0x9BA9, 0x9BA9,
    0x9368, 0xAC6D, 0xFFDE, 0xFFFF, 0xFFFF, 0xFFFF, 0xFFFF, 0xFFFF, 0xFFFF, 0xFFFF, 0xFFFF, 0xFFFF, 0xFFFF, 0xFFFF, 0xFFFF, 0xFFFF,
    0xFFFF, 0xFFFF, 0xFFFF, 0xFFFF, 0xFFFF, 0xFFFF, 0xFFFF, 0xFFFF, 0xFFFF, 0xFFFF, 0xFFFF, 0xFFFF, 0xFFFF, 0xFFFF, 0xFFFF, 0xFFFF,
    0xFFFF, 0xFFFF, 0xFFFF, 0xFFFF, 0xFFFF, 0xFFFF, 0xFFFF, 0xFFFF, 0xFFDF, 0xDE98, 0xBD74, 0x8B8C, 0x59E6, 0x6248, 0x6247, 0x6247,
    0x6247, 0x6248, 0x6248, 0x6248, 0x6248, 0x6248, 0x6248, 0x6248, 0x6248, 0x6248, 0x6248, 0x6248, 0x6248, 0x6248, 0x6248, 0x6248,
    0xEDCF, 0xEDCF, 0xEDCF, 0xEDCF, 0xE5CF, 0xE5CF, 0xE5CF, 0xE5CF, 0xE5CF, 0xE5CF, 0xEDCF, 0xEDCF, 0xEDCF, 0xEDCF, 0xE56D, 0xCC69,
    0xC3E7, 0xCC07, 0xDC87, 0xE4C7, 0xE4C7, 0xDCA7, 0xD487, 0xD487, 0xD487, 0xD487, 0xD487, 0xD487, 0xD487, 0xD487, 0xD487, 0xD467,
    0xD468, 0xD447, 0xCC06, 0xCBC6, 0xCBC6, 0xCBC6, 0xCBC6, 0xCBC6, 0xCBC7, 0xCC07, 0xCC48, 0xD489, 0xD4AA, 0xD4CB, 0xDCEB, 0xDD0C,
    0xDD2C, 0xE52C, 0xE56D, 0xEDEF, 0xFE70, 0xFE91, 0xFE90, 0xFE90, 0xFE90, 0xFE91, 0xFE91, 0xFE91, 0xFE91, 0xF650, 0xEDCF, 0xE58F,
    0xE58F, 0xE58F, 0xE58F, 0xE58F, 0xE58F, 0xE58F, 0xE58F, 0xDD6F, 0xD52D, 0xCCCC, 0xCCAB, 0xCCAC, 0xCCCC, 0xD4EC, 0xDD4E, 0xDD4E,
    0xDD4E, 0xDD4F, 0xDD4F, 0xDD4F, 0xDD4F, 0xDD4E, 0xDD4E, 0xDD2E, 0xD52D, 0xCCCB, 0xCC8A, 0xC46A, 0xC46A, 0xC46A, 0xC48A, 0xCC8B,
    0xCCAC, 0xCCAC, 0xCCAC, 0xCCAC, 0xCCAC, 0xD4ED, 0xD50E, 0xD50E, 0xD50E, 0xD50E, 0xD50E, 0xD50D, 0xCCED, 0xC48B, 0xBC2A, 0xBC2A,
    0xBC4B, 0xBC8C, 0xC4AC, 0xC4AC, 0xC4AC, 0xBCAC, 0xCCED, 0x9389, 0x3902, 0x6246, 0x6246, 0x51E4, 0x1881, 0x1081, 0x1060, 0x0860,
    0x18A1, 0x2923, 0x10A1, 0x0860, 0x0881, 0x0881, 0x0881, 0x0881, 0x0881, 0x1081, 0x1081, 0x0881, 0x0881, 0x0881, 0x0881, 0x0881,
    0x0881, 0x0861, 0x0861, 0x1061, 0x18C2, 0x20E3, 0x0861, 0x0881, 0x0881, 0x0881, 0x0881, 0x0881, 0x20C2, 0x20E3, 0x20E3, 0x20E3,
    0x20E2, 0x28E2, 0x28C2, 0x72A7, 0xAC0A, 0xA3CA, 0xA3EA, 0xA3EA, 0xA3EA, 0xA3EA, 0xA3CA, 0xA3CA, 0xA3CA, 0x9BAA, 0x9B89, 0x9B89,
    0x9B89, 0x9B89, 0xAC6D, 0xFFFF, 0xFFFF, 0xFFFF, 0xFFFF, 0xFFFF, 0xFFFF, 0xFFFF, 0xFFFF, 0xFFFF, 0xFFFF, 0xFFFF, 0xFFFF, 0xFFFF,
    0xFFFF, 0xFFFF, 0xFFFF, 0xFFFF, 0xFFFF, 0xFFFF, 0xFFFF, 0xFFFF, 0xFFFF, 0xFFFF, 0xFFFF, 0xFFFF, 0xFFFF, 0xFFFF, 0xFFFF, 0xFFFF,
    0xFFFF, 0xFFFF, 0xFFFF, 0xFFFF, 0xFFFF, 0xFFFF, 0xFFFF, 0xFFFF, 0xFFFF, 0x9C4F, 0x40C0, 0x5A06, 0x6247, 0x6247, 0x6247, 0x6247,
    0x6248, 0x6248, 0x6248, 0x6248, 0x6248, 0x6248, 0x6248, 0x6248, 0x6248, 0x6248, 0x6248, 0x6248, 0x6248, 0x6248, 0x6248, 0x6248,
    0xEDAF, 0xEDCF, 0xEDCF, 0xE5CF, 0xE5CF, 0xE5CF, 0xE5CF, 0xE5AF, 0xEDAF, 0xEDAF, 0xEDCF, 0xEDCF, 0xEDCF, 0xEDCF, 0xE54D, 0xD449,
    0xC3C7, 0xCBE7, 0xD447, 0xDC67, 0xDC87, 0xDC67, 0xD467, 0xD488, 0xD487, 0xD487, 0xD487, 0xD467, 0xD467, 0xD467, 0xD447, 0xD447,
    0xCC27, 0xCC06, 0xCBC6, 0xCBC6, 0xD406, 0xDC06, 0xDC06, 0xDC26, 0xDC26, 0xDC06, 0xD406, 0xDC27, 0xDC27, 0xDC47, 0xDC68, 0xDC68,
    0xDC89, 0xDCA9, 0xDCCA, 0xED4C, 0xF5CE, 0xF5EF, 0xF60F, 0xF630, 0xFE70, 0xFE90, 0xFE91, 0xFE91, 0xFE91, 0xF630, 0xE5AF, 0xE58F,
    0xE58F, 0xE58F, 0xE58F, 0xE58F, 0xE58F, 0xE58F, 0xE58F, 0xDD6F, 0xDD2E, 0xCCCC, 0xCCAB, 0xCCAB, 0xCCCC, 0xD4EC, 0xDD2E, 0xDD4F,
    0xDD4E, 0xDD4F, 0xDD4F, 0xDD4F, 0xDD4F, 0xDD4E, 0xDD4E, 0xDD4E, 0xDD2D, 0xCCCB, 0xC46A, 0xC46A, 0xC46A, 0xC46A, 0xC46A, 0xCCAC,
    0xCCCC, 0xCCCC, 0xCCCC, 0xCCCD, 0xCCED, 0xD50E, 0xD50E, 0xD50E, 0xD50E, 0xD50E, 0xD50E, 0xD50D, 0xCCED, 0xC48B, 0xBC2A, 0xBC2A,
    0xBC4B, 0xBC8C, 0xC4AC, 0xC4AC, 0xC4AC, 0xC4AC, 0xCCED, 0x938A, 0x3902, 0x6246, 0x6226, 0x5A05, 0x4184, 0x18A1, 0x1081, 0x1081,
    0x1081, 0x0860, 0x0860, 0x0860, 0x0880, 0x0881, 0x1081, 0x1081, 0x1081, 0x0881, 0x0881, 0x0881, 0x0881, 0x0881, 0x0881, 0x0881,
    0x0881, 0x0881, 0x0881, 0x0861, 0x1081, 0x18C2, 0x0861, 0x0861, 0x0881, 0x0881, 0x0881, 0x0881, 0x1081, 0x20C2, 0x20E3, 0x20E3,
    0x20E3, 0x20E3, 0x0841, 0x6246, 0xAC2A, 0xA3C9, 0xA3EA, 0xA3EA, 0xA3EA, 0xA3EA, 0xA3CA, 0xA3CA, 0xA3CA, 0x9BAA, 0x9B89, 0x9B89,
    0x9B89, 0x9B89, 0x9BCA, 0xCDB4, 0xDE77, 0xFFFF, 0xFFFF, 0xFFFF, 0xFFFF, 0xFFFF, 0xFFFF, 0xFFFF, 0xFFFF, 0xFFFF, 0xFFFF, 0xFFFF,
    0xFFFF, 0xFFFF, 0xFFFF, 0xFFFF, 0xFFFF, 0xFFFF, 0xFFFF, 0xFFFF, 0xFFFF, 0xFFFF, 0xFFFF, 0xFFFF, 0xFFFF, 0xFFFF, 0xFFFF, 0xFFFF,
    0xFFFF, 0xFFFF, 0xFFFF, 0xFFFF, 0xFFFF, 0xFFFF, 0xFFFF, 0xE6FA, 0xACD1, 0x8309, 0x5984, 0x6227, 0x6227, 0x6227, 0x6247, 0x6248,
    0x6248, 0x6248, 0x6248, 0x6248, 0x6248, 0x6248, 0x6248, 0x6248, 0x6248, 0x6248, 0x6248, 0x6248, 0x6248, 0x6248, 0x6248, 0x6248,
    0xEDAF, 0xEDAF, 0xEDCF, 0xEDCF, 0xEDCF, 0xE5AF, 0xE5AF, 0xE5AF, 0xEDAF, 0xEDAF, 0xEDAF, 0xEDAF, 0xEDAF, 0xEDAF, 0xE54C, 0xD448,
    0xCBC6, 0xCBC6, 0xCBC6, 0xCBC5, 0xCBE6, 0xCBE6, 0xCC27, 0xCC27, 0xD427, 0xD427, 0xD427, 0xCC27, 0xCC07, 0xCBE6, 0xC3C6, 0xC3C6,
    0xC3A6, 0xC385, 0xC385, 0xCBC6, 0xDC27, 0xE446, 0xEC66, 0xF4C6, 0xFCE7, 0xFCE7, 0xFCE7, 0xF4E7, 0xF4E7, 0xF4E7, 0xF4C7, 0xF4C7,
    0xF4C7, 0xECC8, 0xECC8, 0xECE8, 0xF529, 0xED2A, 0xED4B, 0xF58C, 0xF5EE, 0xF60E, 0xF60F, 0xFE50, 0xFE71, 0xF630, 0xE5AF, 0xE58F,
    0xE58F, 0xE58F, 0xE58F, 0xE58F, 0xE58F, 0xE58F, 0xE58F, 0xDD6F, 0xDD2E, 0xCCCC, 0xCCAB, 0xCCAB, 0xCCCC, 0xD4EC, 0xDD2E, 0xDD4E,
    0xDD4E, 0xDD4F, 0xDD4F, 0xDD4F, 0xDD4F, 0xDD4E, 0xDD4E, 0xDD2E, 0xDD2E, 0xCCCB, 0xCC8B, 0xCC8B, 0xCC8B, 0xCC8A, 0xCCAB, 0xC46B,
    0xBC2A, 0xC429, 0xC42A, 0xC44A, 0xC44A, 0xC46B, 0xCCCD, 0xD50E, 0xD50D, 0xD50E, 0xD50D, 0xD50D, 0xCCED, 0xC48B, 0xBC2A, 0xBC2A,
    0xBC4B, 0xC48C, 0xC4AD, 0xC4AD, 0xC4AC, 0xC4AC, 0xCD0D, 0x9389, 0x3102, 0x6246, 0x5A25, 0x6225, 0x5A25, 0x2903, 0x20E3, 0x20E3,
    0x1081, 0x0881, 0x0860, 0x0860, 0x0860, 0x0861, 0x0881, 0x0881, 0x1081, 0x0881, 0x0881, 0x0881, 0x0881, 0x0881, 0x0881, 0x0881,
    0x0881, 0x0881, 0x0881, 0x0881, 0x0881, 0x0861, 0x0861, 0x0861, 0x0881, 0x0881, 0x0881, 0x0860, 0x0860, 0x18C2, 0x20E3, 0x20E3,
    0x20E3, 0x2903, 0x1061, 0x6266, 0xAC2A, 0xA3CA, 0xA3EA, 0xA3EA, 0xA3CA, 0xA3EA, 0xA3CA, 0xA3CA, 0xA3CA, 0x9BAA, 0x9B89, 0x9B89,
    0x9B89, 0x9BA9, 0x9BA9, 0x8B07, 0xA42C, 0xF77C, 0xEF5C, 0xF79D, 0xFFFF, 0xFFFF, 0xFFFF, 0xFFFF, 0xFFFF, 0xFFFF, 0xFFFF, 0xFFFF,
    0xFFFF, 0xFFFF, 0xFFFF, 0xFFFF, 0xFFFF, 0xFFFF, 0xFFFF, 0xFFFF, 0xFFFF, 0xFFFF, 0xFFFF, 0xFFFF, 0xFFFF, 0xFFFF, 0xFFFF, 0xFFFF,
    0xFFFF, 0xFFFF, 0xFFFF, 0xFFDF, 0xFFDF, 0xEF5C, 0xEF3C, 0xBD53, 0x50A0, 0x5962, 0x61E5, 0x6227, 0x6227, 0x6247, 0x6247, 0x6248,
    0x6248, 0x6248, 0x6248, 0x6248, 0x6248, 0x6248, 0x6248, 0x6248, 0x6248, 0x6248, 0x6248, 0x6248, 0x6248, 0x6248, 0x6248, 0x6248,
    0xE5AF, 0xEDCF, 0xEDCF, 0xE5CF, 0xE5CF, 0xE5AF, 0xE5AF, 0xE5AF, 0xE5AF, 0xE5AF, 0xE5AF, 0xE5AF, 0xE58E, 0xE54D, 0xDCEB, 0xDC27,
    0xD3C5, 0xD3C5, 0xCB85, 0xC344, 0xBB64, 0xBB64, 0xBB65, 0xC385, 0xBB85, 0xC385, 0xC385, 0xC386, 0xC365, 0xBB65, 0xBB65, 0xBB65,
    0xBB45, 0xBB44, 0xC365, 0xCBA6, 0xD406, 0xE427, 0xE467, 0xF507, 0xFD87, 0xFDC7, 0xFDA8, 0xFDA7, 0xFDA8, 0xFDA8, 0xFDA8, 0xFD88,
    0xFD88, 0xFD67, 0xFD67, 0xFD67, 0xFD27, 0xF4E7, 0xF4E7, 0xECC7, 0xECC8, 0xECA8, 0xE4CB, 0xED8E, 0xF610, 0xF610, 0xE5AF, 0xE58F,
    0xE58F, 0xE58F, 0xE58F, 0xE58F, 0xE590, 0xE58F, 0xE58F, 0xDD6F, 0xDD2E, 0xCCCC, 0xCCAB, 0xCCAB, 0xCCAB, 0xD4EC, 0xD52E, 0xDD4E,
    0xDD4F, 0xDD4F, 0xDD4F, 0xDD4E, 0xDD4E, 0xDD4E, 0xDD4E, 0xDD4E, 0xDD4E, 0xD4EC, 0xBBE7, 0xB3A6, 0xB3A7, 0xB3A7, 0xB387, 0xAB66,
    0xABA9, 0xA3A8, 0xA3A8, 0xA3A8, 0xA3A8, 0xA387, 0xCC8B, 0xDD6F, 0xDD4F, 0xDD4F, 0xDD4F, 0xD54E, 0xCCED, 0xC46B, 0xBC2A, 0xBC2A,
    0xBC4B, 0xBC8C, 0xC4AD, 0xC4AD, 0xC4AC, 0xC4AC, 0xCD0E, 0x9BCA, 0x30E1, 0x6245, 0x5A25, 0x5A25, 0x5205, 0x2902, 0x20E2, 0x20E3,
    0x20E2, 0x20C3, 0x18C2, 0x0860, 0x0860, 0x0861, 0x0881, 0x0861, 0x0881, 0x0881, 0x0881, 0x0881, 0x0881, 0x0881, 0x0881, 0x0881,
    0x0881, 0x0881, 0x0881, 0x0881, 0x0881, 0x0880, 0x0880, 0x0881, 0x0881, 0x0881, 0x0881, 0x0860, 0x0861, 0x18C2, 0x20E3, 0x20E3,
    0x20E3, 0x2903, 0x1061, 0x6246, 0xAC2A, 0xA3C9, 0xA3C9, 0xA3CA, 0xA3EA, 0xA3EA, 0xA3CA, 0xA3CA, 0xA3CA, 0x9BAA, 0x9B89, 0x9B89,
    0x9B89, 0x9BA9, 0x9B89, 0x9BAA, 0x9BAA, 0x9BCA, 0x8B48, 0xCE15, 0xFFFF, 0xFFFF, 0xFFFF, 0xFFFF, 0xFFFF, 0xFFFF, 0xFFFF, 0xFFFF,
    0xFFFF, 0xFFFF, 0xFFFF, 0xFFFF, 0xFFFF, 0xFFFF, 0xFFFF, 0xFFFF, 0xFFFF, 0xFFFF, 0xFFFF, 0xFFFF, 0xFFFF, 0xFFFF, 0xFFFF, 0xFFFF,
    0xFFFF, 0xFFFF, 0xFFFF, 0xFFFF, 0xFFFF, 0x9C0D, 0x6142, 0x71C3, 0x6982, 0x6182, 0x61E5, 0x6227, 0x6248, 0x6248, 0x6248, 0x6248,
    0x6248, 0x6248, 0x6248, 0x6248, 0x6248, 0x6248, 0x6248, 0x6248, 0x6248, 0x6248, 0x6248, 0x6248, 0x6248, 0x6248, 0x6248, 0x6248,
    0xE56E, 0xE58F, 0xE58F, 0xE58E, 0xE58E, 0xE56E, 0xE56E, 0xE56E, 0xE56E, 0xE56E, 0xE56E, 0xE54E, 0xDD0C, 0xDC8A, 0xD448, 0xDC06,
    0xDBE5, 0xDBE5, 0xD3A5, 0xCB84, 0xC385, 0xC385, 0xC365, 0xC385, 0xC385, 0xC385, 0xC385, 0xC385, 0xCB85, 0xCB85, 0xC385, 0xC385,
    0xC385, 0xC385, 0xC385, 0xCBA6, 0xD3C6, 0xD406, 0xDC47, 0xF507, 0xFDA7, 0xFE08, 0xFE08, 0xFE08, 0xFE08, 0xFE08, 0xFE08, 0xFDE8,
    0xFDA8, 0xFD87, 0xFD67, 0xFD47, 0xFD07, 0xF4A6, 0xEC65, 0xE445, 0xE425, 0xD3E6, 0xCBE7, 0xD4CB, 0xE58E, 0xEDCF, 0xE5AF, 0xE58F,
    0xE58F, 0xE58F, 0xE58F, 0xE58F, 0xE58F, 0xE590, 0xE58F, 0xDD6F, 0xDD2E, 0xCCCC, 0xCCAB, 0xCCAB, 0xCCAB, 0xD4EC, 0xD52E, 0xDD4E,
    0xDD4F, 0xDD4F, 0xDD4F, 0xDD4E, 0xDD4E, 0xDD4E, 0xDD4E, 0xDD4E, 0xD50C, 0xCC8A, 0xBC2A, 0xBCAD, 0xBCAC, 0xBCAD, 0xB46B, 0xCDD3,
    0xFFFD, 0xFFDC, 0xFFDD, 0xFFDC, 0xFFDD, 0xF7BC, 0xB3E9, 0xAB46, 0xAB87, 0xAB87, 0xAB67, 0xAB87, 0xCCCD, 0xC4AC, 0xBC4B, 0xBC4B,
    0xC48C, 0xC4CD, 0xC4AD, 0xC4AC, 0xC4AC, 0xC4AC, 0xBC6B, 0x6A24, 0x4983, 0x6225, 0x5A25, 0x5A05, 0x5A25, 0x28E2, 0x20C2, 0x20E3,
    0x20E3, 0x20E3, 0x20E3, 0x1081, 0x0860, 0x0861, 0x0861, 0x0861, 0x0881, 0x0881, 0x0881, 0x0881, 0x0881, 0x0881, 0x0881, 0x0881,
    0x0881, 0x0881, 0x0881, 0x0881, 0x0881, 0x0881, 0x0881, 0x0881, 0x0880, 0x0880, 0x0880, 0x0860, 0x0860, 0x18C2, 0x20E3, 0x20E3,
    0x20E3, 0x2903, 0x1061, 0x6246, 0xAC2A, 0xA3C9, 0xA3C9, 0xA3CA, 0xA3CA, 0xA3EA, 0xA3EA, 0xA3CA, 0xA3CA, 0x9BAA, 0x9BA9, 0x9BA9,
    0x9BA9, 0x9BA9, 0x9BA9, 0x9B89, 0x9B89, 0x9B89, 0x9348, 0xB4AF, 0xCDB4, 0xC593, 0xC552, 0xEF1B, 0xFFFF, 0xFFFF, 0xFFFF, 0xFFFF,
    0xFFFF, 0xFFFF, 0xFFFF, 0xFFFF, 0xFFFF, 0xFFFF, 0xFFFF, 0xFFFF, 0xFFFF, 0xFFFF, 0xFFFF, 0xFFFF, 0xFFFF, 0xFFFF, 0xFFFF, 0xFFFF,
    0xFFFF, 0xFFFF, 0xCDD5, 0xAC2E, 0xB4D1, 0x82A7, 0x6121, 0x6962, 0x6162, 0x6182, 0x61E5, 0x6227, 0x6248, 0x6248, 0x6248, 0x6248,
    0x6248, 0x6248, 0x6248, 0x6248, 0x6248, 0x6248, 0x6248, 0x6248, 0x6248, 0x6248, 0x6248, 0x6248, 0x6248, 0x6248, 0x6248, 0x6248,
    0xD4AC, 0xD4ED, 0xD4EC, 0xD4EC, 0xD4EC, 0xD4EC, 0xD4EC, 0xD4CC, 0xD4CC, 0xD4CC, 0xD4AB, 0xD4AB, 0xCC49, 0xCBE7, 0xD3E6, 0xE446,
    0xECC6, 0xECC6, 0xECC6, 0xECC6, 0xECC6, 0xECA6, 0xECA6, 0xECA6, 0xECA6, 0xECA6, 0xECA6, 0xECA6, 0xECC6, 0xECC7, 0xECC7, 0xECC7,
    0xECC6, 0xECA6, 0xECA6, 0xECA6, 0xECC6, 0xECC7, 0xECC7, 0xFD07, 0xFD67, 0xFDA8, 0xFDA8, 0xFD88, 0xFD87, 0xFD67, 0xFD68, 0xFD48,
    0xF4C7, 0xE466, 0xE466, 0xE446, 0xDC06, 0xD3C5, 0xCBA5, 0xCB85, 0xC365, 0xBB45, 0xBB66, 0xC44A, 0xDD2E, 0xE58F, 0xE58F, 0xE58F,
    0xE58F, 0xE58F, 0xE58F, 0xE58F, 0xE58F, 0xE58F, 0xE58F, 0xDD6F, 0xDD2E, 0xCCCC, 0xCC8B, 0xCCAB, 0xCCAB, 0xD4EC, 0xD52E, 0xDD4F,
    0xDD4E, 0xDD4F, 0xDD4E, 0xDD4F, 0xDD6F, 0xDD6F, 0xDD6F, 0xE58F, 0xBC09, 0xA326, 0xDE96, 0xFFFF, 0xFFFF, 0xFFFF, 0xFFFF, 0xFFFE,
    0xFFFE, 0xFFFE, 0xFFFE, 0xFFFE, 0xFFFF, 0xFFFD, 0xCD71, 0xBCEF, 0xC510, 0xC50F, 0xC510, 0xBCEE, 0xBC09, 0xB3C8, 0xAB87, 0xAB67,
    0xAB88, 0xABA8, 0xC4AC, 0xCCED, 0xC4CD, 0xCCEE, 0xBC4B, 0x5182, 0x6A66, 0x51C4, 0x51E5, 0x5A05, 0x51E5, 0x3943, 0x28E3, 0x20E3,
    0x20E3, 0x20E3, 0x20E3, 0x1081, 0x0860, 0x0861, 0x0861, 0x0861, 0x0881, 0x0881, 0x0881, 0x0881, 0x0881, 0x0881, 0x0881, 0x0881,
    0x0881, 0x0881, 0x0881, 0x0881, 0x0881, 0x0880, 0x0880, 0x0881, 0x0881, 0x0880, 0x0880, 0x0880, 0x0860, 0x18C2, 0x18C3, 0x18C2,
    0x20E3, 0x2903, 0x1061, 0x6245, 0xAC0A, 0xA3C9, 0xA3CA, 0xA3CA, 0xA3CA, 0xA3CA, 0xA3CA, 0xA3CA, 0xA3CA, 0x9BA9, 0x9B89, 0x9BA9,
    0x9B89, 0x9BA9, 0x9BA9, 0x9BAA, 0x9BA9, 0x9B89, 0x9BAA, 0x9368, 0x9348, 0x9348, 0x8B07, 0xCDB3, 0xEF1B, 0xE6FA, 0xEF5B, 0xFFFF,
    0xFFFF, 0xFFFF, 0xFFFF, 0xFFFF, 0xFFFF, 0xFFFF, 0xFFFF, 0xFFFF, 0xFFFF, 0xFFFF, 0xFFFF, 0xFFFF, 0xFFFF, 0xFFFF, 0xEF5C, 0xDEB9,
    0xE6B9, 0xE6B9, 0x9349, 0x58C0, 0x5900, 0x6141, 0x6962, 0x6162, 0x6141, 0x6162, 0x61E5, 0x6247, 0x6248, 0x6248, 0x6248, 0x6248,
    0x6248, 0x6248, 0x6248, 0x6248, 0x6248, 0x6248, 0x6248, 0x6248, 0x6248, 0x6248, 0x6248, 0x6248, 0x6248, 0x6248, 0x6248, 0x6248,
    0xC3C8, 0xC3E9, 0xC3E9, 0xC3E8, 0xC3E9, 0xC3E9, 0xC3E8, 0xC3E8, 0xC3E8, 0xC3E8, 0xC3E8, 0xC3E8, 0xCBE7, 0xCBE6, 0xE466, 0xF527,
    0xFDC8, 0xFDC8, 0xFDC8, 0xFDE8, 0xFDC8, 0xFDC8, 0xFDC8, 0xFDC8, 0xFDC8, 0xFDC8, 0xFDC8, 0xFDC7, 0xFDC7, 0xFDC7, 0xFDE7, 0xFDE7,
    0xFDE7, 0xFDC7, 0xFDC7, 0xFDA7, 0xFDA7, 0xFD67, 0xFD27, 0xF507, 0xF4C7, 0xECC7, 0xECA7, 0xECA7, 0xEC87, 0xEC87, 0xE467, 0xE426,
    0xCBA5, 0xBB25, 0xBB25, 0xB304, 0xB304, 0xB304, 0xB304, 0xB305, 0xB304, 0xB305, 0xB326, 0xC409, 0xD50D, 0xE58F, 0xE58F, 0xE58F,
    0xE58F, 0xE58F, 0xE58F, 0xE58F, 0xE58F, 0xE58F, 0xDD8F, 0xDD6F, 0xDD2E, 0xCCCC, 0xCC8B, 0xCCAB, 0xCCAB, 0xCCCC, 0xD52E, 0xDD4E,
    0xDD6F, 0xDD8F, 0xE58F, 0xE58F, 0xD50D, 0xBC08, 0xC408, 0xBC08, 0xE6B6, 0xF77C, 0xF7DD, 0xFFFE, 0xFFFE, 0xFFFE, 0xFFFE, 0xFFFE,
    0xFFFE, 0xFFFE, 0xFFFF, 0xFFFE, 0xFFFE, 0xFFFE, 0xFFFF, 0xFFFF, 0xFFFF, 0xFFFF, 0xFFFF, 0xF7BD, 0xB44C, 0xB40B, 0xB42B, 0xB42B,
    0xB44C, 0xAC0B, 0xABC9, 0xB3E9, 0xB3E9, 0xB40A, 0xA388, 0x5182, 0x6245, 0x3102, 0x3984, 0x4184, 0x28E2, 0x49C4, 0x3123, 0x20C2,
    0x20E3, 0x18A2, 0x1081, 0x1081, 0x0860, 0x0881, 0x0861, 0x0861, 0x0881, 0x0881, 0x0881, 0x0881, 0x0881, 0x0861, 0x0881, 0x0881,
    0x0881, 0x0881, 0x0881, 0x0881, 0x0880, 0x0880, 0x0880, 0x0880, 0x0881, 0x0881, 0x0881, 0x0880, 0x0861, 0x0881, 0x1081, 0x1081,
    0x20C3, 0x2903, 0x1061, 0x6225, 0xAC0A, 0xA3C9, 0xA3CA, 0xA3CA, 0xA3CA, 0xA3CA, 0xA3CA, 0xA3CA, 0xA3CA, 0x9BA9, 0x9B89, 0x9BAA,
    0x9BA9, 0x9BA9, 0x9B89, 0x9347, 0x9328, 0x9328, 0x9327, 0x9328, 0x9348, 0x9B89, 0x9B89, 0x9368, 0x9369, 0x8B07, 0xB510, 0xFFFF,
    0xFFFF, 0xFFFF, 0xFFFF, 0xFFFF, 0xFFFF, 0xFFFF, 0xFFFF, 0xFFFF, 0xFFFF, 0xFFFF, 0xFFFF, 0xFFFF, 0xFFFF, 0xFFFF, 0xBD32, 0x6961,
    0x79E3, 0x71C2, 0x71C3, 0x6982, 0x6162, 0x6162, 0x6162, 0x6162, 0x6141, 0x6163, 0x61E6, 0x6247, 0x6248, 0x6248, 0x6248, 0x6248,
    0x6248, 0x6248, 0x6248, 0x6248, 0x6248, 0x6248, 0x6248, 0x6248, 0x6248, 0x6248, 0x6248, 0x6248, 0x6248, 0x6248, 0x6248, 0x6248,
    0xCBC6, 0xCBE7, 0xCBC7, 0xCBC7, 0xCBC7, 0xCBC6, 0xCBC6, 0xCBC6, 0xCBC6, 0xCBC6, 0xCBC6, 0xCBE6, 0xD3E6, 0xDC26, 0xECC6, 0xFD87,
    0xFE28, 0xFE49, 0xFE48, 0xFE48, 0xFE48, 0xFE48, 0xFE28, 0xFE28, 0xFE28, 0xFE08, 0xFE08, 0xFE08, 0xFDE8, 0xFDE8, 0xFDE8, 0xFDE8,
    0xFDE8, 0xFDC8, 0xFDC8, 0xFDA7, 0xFD67, 0xF4E7, 0xEC67, 0xD3C6, 0xC344, 0xBB44, 0xBB25, 0xBB24, 0xBB24, 0xBB24, 0xBB24, 0xBB24,
    0xBB04, 0xB304, 0xB304, 0xB304, 0xB304, 0xB304, 0xB305, 0xB305, 0xB305, 0xB2E4, 0xB305, 0xBBE8, 0xCCCC, 0xDD4E, 0xE58F, 0xE58F,
    0xE58F, 0xE58F, 0xE58F, 0xE56F, 0xE56F, 0xE56F, 0xDD6F, 0xDD6F, 0xDD2E, 0xCCCB, 0xCC8A, 0xCCAB, 0xCCCB, 0xD50C, 0xDD6F, 0xDD4E,
    0xBBC7, 0xBBA6, 0xB3A6, 0xC3E7, 0xC448, 0xCCEC, 0xD52E, 0xCCED, 0xF75A, 0xFFFF, 0xFFFE, 0xFFFE, 0xFFFE, 0xFFFE, 0xFFFE, 0xFFFE,
    0xFFFE, 0xFFFE, 0xFFFF, 0xFFFE, 0xFFFE, 0xFFFE, 0xFFFE, 0xFFFC, 0xFFFC, 0xFFFC, 0xFFFC, 0xFFFD, 0xFFFD, 0xFFFD, 0xFFFD, 0xFFFD,
    0xFFFE, 0xFFDC, 0x9BEB, 0x9B89, 0xA3CA, 0x9BCA, 0x9368, 0x59A3, 0x51A4, 0x3143, 0x20A1, 0x28E2, 0x20E2, 0x28E2, 0x20C2, 0x1081,
    0x1081, 0x1081, 0x0880, 0x1081, 0x0860, 0x0861, 0x0861, 0x0861, 0x0881, 0x0881, 0x0881, 0x0881, 0x0861, 0x0861, 0x0881, 0x0881,
    0x0881, 0x0881, 0x0881, 0x0880, 0x0881, 0x0881, 0x0881, 0x0880, 0x0880, 0x0881, 0x0880, 0x0880, 0x0881, 0x0861, 0x1081, 0x18A2,
    0x20C3, 0x2903, 0x0841, 0x6266, 0xB42B, 0xA3C9, 0xA3CA, 0xA3CA, 0xA3EA, 0xA3CA, 0xA3CA, 0xA3CA, 0xA3CA, 0x9BA9, 0x9B89, 0x9B89,
    0x9BAA, 0x9389, 0xA44C, 0xCDD4, 0xC5B4, 0xCDB3, 0xC5B3, 0xC5B3, 0xBD31, 0x93CA, 0x9B89, 0x9389, 0x9369, 0x9349, 0xA40C, 0xBD52,
    0xBD52, 0xBD32, 0xBD31, 0xBD31, 0xBD31, 0xB531, 0xB511, 0xB511, 0xACB0, 0xA44E, 0xA42E, 0xA42D, 0xA42D, 0xAC4E, 0x9328, 0x79C2,
    0x8203, 0x79E3, 0x71C3, 0x6982, 0x6141, 0x6141, 0x6162, 0x6142, 0x6141, 0x6183, 0x61E6, 0x6247, 0x6248, 0x6248, 0x6248, 0x6248,
    0x6248, 0x6248, 0x6248, 0x6268, 0x6248, 0x6248, 0x6248, 0x6248, 0x6248, 0x6248, 0x6248, 0x6248, 0x6248, 0x6248, 0x6248, 0x6248,
    0xF507, 0xF507, 0xF508, 0xF508, 0xF508, 0xF508, 0xF508, 0xF508, 0xF508, 0xF508, 0xF508, 0xF528, 0xF528, 0xF528, 0xFD88, 0xFDC8,
    0xFE08, 0xFE08, 0xFE08, 0xFE08, 0xFE08, 0xFE08, 0xFDE8, 0xFDE8, 0xFDE8, 0xFDC8, 0xF507, 0xECA7, 0xEC86, 0xE486, 0xE466, 0xDC46,
    0xDC06, 0xDC06, 0xDC06, 0xD3E6, 0xD3C5, 0xCBA5, 0xC385, 0xBB24, 0xB304, 0xB304, 0xB304, 0xB304, 0xB304, 0xB304, 0xB304, 0xB304,
    0xB304, 0xB304, 0xB304, 0xB304, 0xB304, 0xB304, 0xB305, 0xB305, 0xB304, 0xB2E4, 0xB305, 0xBBC8, 0xCCAC, 0xDD4E, 0xE56F, 0xE56F,
    0xE58F, 0xE56F, 0xE56F, 0xE58F, 0xE58F, 0xE58F, 0xE56F, 0xE56F, 0xDD2E, 0xCCCB, 0xCC8B, 0xCCAB, 0xCC6A, 0xBBE7, 0xC429, 0xBBE8,
    0xCD0E, 0xD5D3, 0xD5D3, 0xCD2F, 0xB3A5, 0xFFBB, 0xFFFF, 0xFFFF, 0xFFFD, 0xFFFD, 0xFFFE, 0xFFFE, 0xFFFE, 0xFFFE, 0xFFFE, 0xFFFD,
    0xFFFD, 0xFFFE, 0xFFFE, 0xFFFE, 0xFFFE, 0xFFFE, 0xFFFD, 0xFFFC, 0xFFFC, 0xFFFC, 0xFFFC, 0xFFFC, 0xFFFD, 0xFFFD, 0xFFFD, 0xFFFD,
    0xFFFD, 0xFFFD, 0xFFFD, 0xFFFE, 0xFFFE, 0xFFFE, 0xFFDC, 0xE6D8, 0xEF3B, 0x83ED, 0x2903, 0x3985, 0x20C2, 0x20C2, 0x18A2, 0x1081,
    0x1081, 0x1081, 0x1081, 0x1081, 0x0860, 0x0881, 0x0860, 0x0860, 0x0861, 0x0861, 0x0881, 0x0880, 0x0860, 0x0860, 0x0861, 0x0861,
    0x0861, 0x0881, 0x0881, 0x0880, 0x0881, 0x0881, 0x0881, 0x0881, 0x0880, 0x0881, 0x0861, 0x0880, 0x0860, 0x0860, 0x1081, 0x20C2,
    0x20C3, 0x20E3, 0x1082, 0x41A4, 0x8B48, 0xA3EA, 0xA3CA, 0xA3CA, 0xA3EA, 0xA3EA, 0xA3CA, 0xA3CA, 0x9BC9, 0x9BA9, 0x9B89, 0x9BA9,
    0x9327, 0xBD10, 0xF77D, 0xFFFF, 0xFFFF, 0xFFFF, 0xFFFF, 0xFFFF, 0xFFFF, 0xEF3A, 0x9368, 0x8B27, 0x9369, 0x9369, 0x9348, 0x8B07,
    0x8307, 0x8307, 0x8B07, 0x8307, 0x8307, 0x82E7, 0x82E7, 0x82C7, 0x7245, 0x6961, 0x6941, 0x7161, 0x7182, 0x7181, 0x79C2, 0x8203,
    0x7A03, 0x79E3, 0x71C3, 0x6982, 0x6141, 0x6142, 0x6142, 0x6142, 0x6141, 0x6182, 0x61E5, 0x6247, 0x6248, 0x6248, 0x6248, 0x6248,
    0x6248, 0x6248, 0x6248, 0x6248, 0x6248, 0x6248, 0x6248, 0x6268, 0x6248, 0x6248, 0x6248, 0x6248, 0x6248, 0x6248, 0x6248, 0x6248,
    0xFDE8, 0xFDE8, 0xFDE9, 0xFDE9, 0xFDE9, 0xFE09, 0xFE09, 0xFE09, 0xFE09, 0xFE09, 0xFE09, 0xFE09, 0xFE09, 0xFE09, 0xFDE9, 0xFDE8,
    0xFD88, 0xFD28, 0xFD28, 0xF508, 0xF4E7, 0xF4E7, 0xF4C7, 0xECC7, 0xECC7, 0xE487, 0xCBA5, 0xBB44, 0xBB44, 0xBB45, 0xBB24, 0xBB04,
    0xB304, 0xB304, 0xB304, 0xB304, 0xB305, 0xB305, 0xB304, 0xB304, 0xB304, 0xB304, 0xB304, 0xB304, 0xB304, 0xB304, 0xB304, 0xB304,
    0xB304, 0xB304, 0xB304, 0xB304, 0xB304, 0xB304, 0xB305, 0xB305, 0xB305, 0xB305, 0xB305, 0xBBC8, 0xCCAC, 0xDD4E, 0xE56F, 0xE56F,
    0xE56F, 0xE56F, 0xE58F, 0xE56F, 0xE58F, 0xE56F, 0xE56F, 0xE56F, 0xDD2E, 0xCCAB, 0xCC8A, 0xCCCB, 0xC48A, 0xC4CD, 0xC4EE, 0xC4ED,
    0xF77B, 0xFFFF, 0xFFFF, 0xFFFD, 0xDE74, 0xFFBC, 0xFFFE, 0xFFFE, 0xFFFE, 0xFFFE, 0xFFFE, 0xFFFE, 0xFFFE, 0xFFFE, 0xFFFE, 0xFFFE,
    0xFFFE, 0xFFFD, 0xFFFE, 0xFFFE, 0xFFFD, 0xFFFC, 0xFFFC, 0xFFFC, 0xFFFC, 0xFFFC, 0xFFFC, 0xFFFC, 0xFFFE, 0xFFFE, 0xFFFE, 0xFFFE,
    0xFFFD, 0xFFFD, 0xFFFE, 0xFFFD, 0xFFFD, 0xFFFD, 0xFFFD, 0xFFFE, 0xFFFD, 0xF79B, 0xF79D, 0x9CD1, 0x1040, 0x2903, 0x20E2, 0x1081,
    0x0860, 0x0860, 0x1081, 0x1081, 0x1081, 0x0881, 0x0860, 0x0860, 0x0861, 0x0861, 0x0861, 0x0860, 0x0860, 0x0860, 0x0860, 0x0860,
    0x0861, 0x0881, 0x0881, 0x0881, 0x0881, 0x0881, 0x0880, 0x0880, 0x0880, 0x0861, 0x0861, 0x0860, 0x0860, 0x0860, 0x10A2, 0x20C2,
    0x20C3, 0x20C3, 0x20E3, 0x0840, 0x49C4, 0xAC0A, 0xA3C9, 0xA3CA, 0xA3CA, 0xA3CA, 0xA3CA, 0xA3CA, 0x9BC9, 0x9BA9, 0x9B89, 0x9B89,
    0xAC4D, 0xD678, 0xFFFF, 0xFFDF, 0xFFFF, 0xFFFF, 0xFFFF, 0xFFFF, 0xFFFF, 0xFFBE, 0xB511, 0xAC6D, 0x9348, 0x9369, 0x9369, 0x9369,
    0x9369, 0x9369, 0x9369, 0x9369, 0x9369, 0x9369, 0x9369, 0x8B49, 0x7AA6, 0x71E3, 0x71C3, 0x79E3, 0x8203, 0x8203, 0x8203, 0x8203,
    0x8203, 0x8203, 0x71C3, 0x6962, 0x6141, 0x6142, 0x6142, 0x6142, 0x6142, 0x5983, 0x61E5, 0x6248, 0x6248, 0x6248, 0x6248, 0x6248,
    0x6248, 0x6248, 0x6248, 0x6268, 0x6268, 0x6268, 0x6268, 0x6248, 0x6248, 0x6248, 0x6248, 0x6248, 0x6248, 0x6248, 0x6248, 0x6248,
    0xFE49, 0xFE49, 0xFE49, 0xFE49, 0xFE49, 0xFE49, 0xFE29, 0xFE29, 0xFE29, 0xFE29, 0xFE29, 0xFE29, 0xFE09, 0xFE09, 0xFDC8, 0xFD28,
    0xDC46, 0xCBA6, 0xCBA6, 0xC385, 0xC385, 0xC365, 0xC365, 0xBB45, 0xBB45, 0xBB44, 0xB304, 0xB304, 0xB304, 0xB304, 0xB304, 0xB304,
    0xB304, 0xB304, 0xB304, 0xB304, 0xB304, 0xB304, 0xB304, 0xB304, 0xB304, 0xB304, 0xB305, 0xB304, 0xB304, 0xB304, 0xB304, 0xB304,
    0xB304, 0xB304, 0xB304, 0xB2E5, 0xB2E4, 0xAAE4, 0xAAE4, 0xAAE4, 0xAAE5, 0xAB05, 0xB326, 0xBBE9, 0xCCAC, 0xDD4E, 0xE56F, 0xE56F,
    0xE56F, 0xE56F, 0xE56F, 0xE56F, 0xE56F, 0xE56F, 0xE56F, 0xE56F, 0xDD2E, 0xD4EC, 0xC449, 0xB385, 0xBC6B, 0xFFFF, 0xFFFF, 0xFFFF,
    0xFFFF, 0xFFFE, 0xFFFE, 0xFFFE, 0xFFFF, 0xFFFE, 0xFFFE, 0xFFFE, 0xFFFE, 0xFFFE, 0xFFFE, 0xFFFE, 0xFFFE, 0xFFFE, 0xFFFE, 0xFFFE,
    0xFFFD, 0xFFFC, 0xFFFC, 0xFFFD, 0xFFFD, 0xFFFC, 0xFFFC, 0xFFFE, 0xFFFE, 0xFFFE, 0xFFFE, 0xFFFE, 0xFFFE, 0xFFFE, 0xFFFE, 0xFFFD,
    0xFFFD, 0xFFFD, 0xFFFD, 0xFFFD, 0xFFFD, 0xFFFD, 0xFFFD, 0xFFFD, 0xFFFC, 0xFFFD, 0xFFFD, 0xEF5B, 0xD6B8, 0xDEF9, 0x2923, 0x0820,
    0x3184, 0x2923, 0x1081, 0x1081, 0x0860, 0x0860, 0x0860, 0x0860, 0x0861, 0x0861, 0x0860, 0x0860, 0x0860, 0x0860, 0x0860, 0x0860,
    0x0861, 0x0861, 0x0861, 0x0881, 0x0881, 0x0881, 0x0880, 0x0881, 0x0880, 0x0861, 0x0861, 0x0860, 0x0860, 0x1081, 0x18C2, 0x18C2,
    0x20C3, 0x20C3, 0x20E3, 0x1061, 0x5A05, 0xAC0A, 0xA3C9, 0xA3CA, 0xA3CA, 0xA3CA, 0xA3CA, 0xA3CA, 0x9BA9, 0x9B89, 0x9B89, 0x9369,
    0xEF5B, 0xFFFF, 0xFFFF, 0xFFFF, 0xFFFF, 0xFFFF, 0xFFFF, 0xFFFF, 0xFFFF, 0xFFFF, 0xFFFF, 0xDEB8, 0x8B28, 0x9369, 0x9369, 0x9369,
    0x9369, 0x9369, 0x9369, 0x9349, 0x9369, 0x8B69, 0x8B49, 0x8B29, 0x7A86, 0x71C2, 0x71A2, 0x79E3, 0x8203, 0x8203, 0x8203, 0x8203,
    0x8203, 0x8203, 0x71C2, 0x6162, 0x6142, 0x6142, 0x6142, 0x6142, 0x6162, 0x6183, 0x6206, 0x6248, 0x6248, 0x6248, 0x6248, 0x6248,
    0x6248, 0x6248, 0x6248, 0x6248, 0x6268, 0x6268, 0x6268, 0x6248, 0x6248, 0x6248, 0x6248, 0x6248, 0x6248, 0x6248, 0x6248, 0x6248,
    0xFE09, 0xFE08, 0xFE08, 0xFDE9, 0xFDC8, 0xFDA8, 0xF548, 0xF528, 0xF528, 0xF508, 0xED08, 0xED07, 0xED07, 0xED08, 0xECE7, 0xDC46,
    0xC365, 0xB305, 0xB304, 0xB304, 0xB2E4, 0xB2E4, 0xB2E4, 0xB2E4, 0xB2E4, 0xB304, 0xB304, 0xB304, 0xB304, 0xB304, 0xB304, 0xB304,
    0xB304, 0xB304, 0xB304, 0xB304, 0xB304, 0xB304, 0xB304, 0xB304, 0xB304, 0xB305, 0xB305, 0xB305, 0xB305, 0xB305, 0xB304, 0xB304,
    0xB2E4, 0xAAE4, 0xAAC4, 0xAAC4, 0xAAC4, 0xAAC4, 0xAAC4, 0xA2C4, 0xA2E5, 0xAB47, 0xB3A8, 0xBC2A, 0xCCAC, 0xDD2E, 0xE56F, 0xE56F,
    0xE56F, 0xE56F, 0xE56F, 0xE56F, 0xE56F, 0xE56F, 0xE56F, 0xDD6F, 0xDD2D, 0xC44A, 0xC4AB, 0xEEF8, 0xEF19, 0xFFFE, 0xFFFE, 0xFFFF,
    0xFFFF, 0xFFFF, 0xFFFF, 0xFFFE, 0xFFFE, 0xFFFE, 0xFFFE, 0xFFFE, 0xFFFE, 0xFFFE, 0xFFFE, 0xFFFE, 0xFFFD, 0xFFFD, 0xFFFD, 0xFFFE,
    0xFFFE, 0xFFFD, 0xFFFD, 0xFFFD, 0xFFFD, 0xFFFD, 0xFFFD, 0xFFFD, 0xFFDD, 0xFFDD, 0xFFDD, 0xFFDD, 0xFFDD, 0xFFDD, 0xFFDD, 0xFFFD,
    0xFFDD, 0xFFFD, 0xFFFD, 0xFFFD, 0xFFFD, 0xFFFD, 0xFFFD, 0xFFFD, 0xFFFD, 0xFFFC, 0xFFDB, 0xFFDB, 0xFFFD, 0xFFFD, 0x9470, 0x9CD1,
    0xFFDD, 0xAD32, 0x0000, 0x18C2, 0x10A1, 0x10A1, 0x10A1, 0x1081, 0x0860, 0x0860, 0x0860, 0x0860, 0x0860, 0x0860, 0x0861, 0x0861,
    0x0861, 0x0861, 0x0861, 0x0881, 0x0881, 0x0881, 0x0881, 0x0881, 0x0881, 0x0881, 0x0881, 0x0860, 0x0860, 0x1081, 0x18C2, 0x20C2,
    0x20C3, 0x20C3, 0x20E3, 0x1061, 0x51E5, 0xAC2A, 0xA3C9, 0xA3CA, 0xA3CA, 0xA3CA, 0xA3CA, 0xA3A9, 0x9BA9, 0x9B89, 0x9B69, 0x9369,
    0xEF3A, 0xFFFF, 0xFFFF, 0xFFFF, 0xFFFF, 0xFFFF, 0xFFFF, 0xFFFF, 0xFFFF, 0xFFFF, 0xFFFF, 0xDE98, 0x8B48, 0x9369, 0x9369, 0x9369,
    0x9369, 0x9369, 0x9369, 0x9369, 0x9369, 0x9369, 0x9369, 0x8B29, 0x7A86, 0x71C2, 0x71A2, 0x79E3, 0x8203, 0x8203, 0x8203, 0x8203,
    0x8203, 0x8203, 0x71C2, 0x6162, 0x6142, 0x6162, 0x6142, 0x6142, 0x6183, 0x59C5, 0x6227, 0x6248, 0x6248, 0x6248, 0x6248, 0x6248,
    0x6248, 0x6248, 0x6248, 0x6248, 0x6248, 0x6268, 0x6268, 0x6248, 0x6248, 0x6248, 0x6248, 0x6248, 0x6248, 0x6248, 0x6248, 0x6248,
    0xF4E7, 0xF4E7, 0xF4E7, 0xECC7, 0xEC87, 0xE446, 0xCB85, 0xBB24, 0xBB24, 0xBB24, 0xB304, 0xB304, 0xB304, 0xB304, 0xB304, 0xB304,
    0xB305, 0xB305, 0xB305, 0xB304, 0xB304, 0xB304, 0xB304, 0xB304, 0xB304, 0xB304, 0xB304, 0xB304, 0xB304, 0xB304, 0xB304, 0xB304,
    0xB304, 0xB304, 0xB304, 0xB304, 0xB304, 0xB304, 0xB304, 0xB304, 0xB304, 0xB305, 0xB304, 0xAAE4, 0xAAC4, 0xA2A4, 0xA2A4, 0xA2A4,
    0xA284, 0xA284, 0xA284, 0xA284, 0xA284, 0xA284, 0xA284, 0xA2A4, 0xA2E6, 0xAB88, 0xBC2A, 0xC46B, 0xC4AC, 0xD50D, 0xDD4E, 0xDD6F,
    0xE58F, 0xE56F, 0xE58F, 0xE58F, 0xE58F, 0xE56F, 0xE56F, 0xE58F, 0xCCCC, 0xA325, 0xBC4B, 0xFFFF, 0xFFFF, 0xFFFE, 0xFFFE, 0xFFFE,
    0xFFFE, 0xFFFE, 0xFFFE, 0xFFFE, 0xFFFF, 0xFFFE, 0xFFFE, 0xFFFE, 0xFFFE, 0xFFFE, 0xFFFE, 0xFFFE, 0xFFFD, 0xFFFC, 0xFFFD, 0xFFFE,
    0xFFFE, 0xFFFE, 0xFFFE, 0xFFFE, 0xFFFE, 0xFFFE, 0xFFFE, 0xFFFF, 0xFFFF, 0xFFFE, 0xFFFE, 0xFFFE, 0xFFFE, 0xFFFD, 0xFFFD, 0xFFFF,
    0xFFFF, 0xFFFE, 0xFFFD, 0xFFFD, 0xFFFD, 0xFFFD, 0xFFFD, 0xFFFD, 0xFFFD, 0xFFDB, 0xFFBA, 0xFFBA, 0xFFBA, 0xFFDB, 0xFFFE, 0xFFFE,
    0xFFFD, 0xE71A, 0x8C4F, 0x20C2, 0x2102, 0x2103, 0x18E2, 0x18E2, 0x18C2, 0x1081, 0x0860, 0x0860, 0x0860, 0x0860, 0x0860, 0x0860,
    0x0861, 0x0881, 0x0881, 0x0861, 0x0881, 0x0881, 0x0861, 0x0881, 0x0881, 0x0881, 0x0881, 0x0860, 0x0860, 0x0860, 0x1061, 0x18C2,
    0x18C2, 0x20C3, 0x18C2, 0x0000, 0x72A7, 0xAC0A, 0xA3C9, 0xA3CA, 0xA3CA, 0xA3CA, 0xA3CA, 0xA3A9, 0x9BA9, 0x9B89, 0x9B69, 0x9B69,
    0xF77C, 0xFFFF, 0xFFFF, 0xFFFF, 0xFFFF, 0xFFFF, 0xFFFF, 0xFFFF, 0xFFFF, 0xFFFF, 0xFFFF, 0xDE98, 0x8B48, 0x9369, 0x9369, 0x9369,
    0x9369, 0x9369, 0x9369, 0x9369, 0x9369, 0x9369, 0x9369, 0x8B29, 0x8286, 0x71C2, 0x71A2, 0x79E3, 0x8203, 0x8203, 0x8203, 0x8203,
    0x8203, 0x8203, 0x71C2, 0x6162, 0x6142, 0x6162, 0x6162, 0x6142, 0x5983, 0x5A06, 0x6227, 0x6248, 0x6248, 0x6248, 0x6248, 0x6248,
    0x6248, 0x6248, 0x6248, 0x6248, 0x6248, 0x6248, 0x6248, 0x6248, 0x6248, 0x6248, 0x6248, 0x6248, 0x6248, 0x6248, 0x6248, 0x6248,
    0xC365, 0xC365, 0xC365, 0xC365, 0xC365, 0xC345, 0xBB25, 0xB325, 0xB325, 0xB304, 0xB305, 0xB305, 0xB305, 0xB305, 0xB305, 0xB305,
    0xB305, 0xB304, 0xB305, 0xB304, 0xB304, 0xB304, 0xB304, 0xB304, 0xB304, 0xB304, 0xB304, 0xB304, 0xB304, 0xB304, 0xB2E4, 0xB2E4,
    0xB2E4, 0xAAE4, 0xAAE4, 0xAAE4, 0xAAE4, 0xAAC4, 0xAAC4, 0xAAC4, 0xAAC4, 0xA2A4, 0xA2A4, 0xA2A4, 0xA284, 0x9A64, 0x9A64, 0x9A63,
    0x9A63, 0x9A64, 0x9A84, 0xA284, 0xA2A4, 0xA284, 0xA2A4, 0xA2A5, 0xA2E6, 0xAB88, 0xBC4A, 0xC48B, 0xC4AB, 0xD50D, 0xDD4E, 0xDD6F,
    0xE56F, 0xE56F, 0xE56F, 0xE56F, 0xE56F, 0xE5B0, 0xDD4D, 0xB322, 0xD590, 0xF77C, 0xF77B, 0xFFFE, 0xFFFE, 0xFFFE, 0xFFFE, 0xFFFE,
    0xFFFE, 0xFFFE, 0xFFFE, 0xFFFE, 0xFFFE, 0xFFFE, 0xFFFE, 0xFFFE, 0xFFFD, 0xFFFD, 0xFFFD, 0xFFFD, 0xFFFD, 0xFFFD, 0xFFFD, 0xFFFE,
    0xFFFE, 0xFFFE, 0xFFFE, 0xFFFE, 0xFFFE, 0xFFFD, 0xFFFE, 0xBDB4, 0x944F, 0x9C6F, 0x944F, 0x944F, 0x944F, 0x944E, 0x944E, 0xA4F1,
    0xA4F1, 0xCE57, 0xFFFF, 0xFFFE, 0xFFFD, 0xFFFD, 0xFFFD, 0xFFFD, 0xFFFD, 0xFFDA, 0xFFB9, 0xFFBA, 0xFFBA, 0xFFBB, 0xFFBB, 0xFFBA,
    0xFFDB, 0xFFFC, 0xFFFC, 0xC5F5, 0xD677, 0x3164, 0x0020, 0x1081, 0x10A1, 0x1081, 0x0860, 0x0860, 0x0860, 0x0860, 0x0860, 0x0860,
    0x0881, 0x0881, 0x0861, 0x0860, 0x0860, 0x0881, 0x0861, 0x0881, 0x0881, 0x0881, 0x0861, 0x0860, 0x0860, 0x0861, 0x0861, 0x18C2,
    0x20C3, 0x18A2, 0x20C1, 0x5205, 0x9BA9, 0xA3EA, 0xA3CA, 0xA3CA, 0xA3C9, 0xA3C9, 0xA3C9, 0xA3A9, 0x9B89, 0x9B69, 0x9368, 0x9368,
    0xD676, 0xFFFF, 0xFFFF, 0xFFFF, 0xFFFF, 0xFFFF, 0xFFFF, 0xFFFF, 0xFFFF, 0xFFFF, 0xFFFF, 0xDE98, 0x8B28, 0x9369, 0x9369, 0x9369,
    0x9369, 0x9369, 0x9369, 0x9369, 0x9369, 0x9369, 0x9369, 0x8B29, 0x7A86, 0x71C2, 0x71A2, 0x79E3, 0x8203, 0x8203, 0x8203, 0x8203,
    0x8203, 0x8203, 0x71C2, 0x6162, 0x6162, 0x6162, 0x6162, 0x6142, 0x5983, 0x5A06, 0x6227, 0x6248, 0x6248, 0x6248, 0x6248, 0x6248,
    0x6248, 0x6248, 0x6248, 0x6248, 0x6248, 0x6248, 0x6248, 0x6248, 0x6248, 0x6268, 0x6268, 0x6248, 0x6248, 0x6248, 0x6248, 0x6248,
    0xBB04, 0xBB04, 0xBB04, 0xBB24, 0xB324, 0xB324, 0xBB24, 0xBB25, 0xBB25, 0xB304, 0xB304, 0xB305, 0xB304, 0xB305, 0xB305, 0xB305,
    0xB304, 0xB304, 0xB305, 0xB304, 0xB304, 0xB304, 0xB304, 0xB304, 0xB304, 0xB304, 0xB2E4, 0xAAE4, 0xAAE4, 0xAAE4, 0xAAE4, 0xAAC4,
    0xA2A4, 0xA284, 0xA284, 0xA284, 0xA284, 0xA284, 0xA284, 0x9A84, 0x9A64, 0x9A64, 0x9A64, 0x9A64, 0x9A63, 0x9A64, 0x9A64, 0x9A63,
    0x9A63, 0x9A63, 0xA284, 0xAAC4, 0xAAC4, 0xAAC4, 0xAAC4, 0xA2C5, 0xA2E6, 0xB3A8, 0xBC4A, 0xC48B, 0xC4AB, 0xD50D, 0xDD4E, 0xDD6E,
    0xE56F, 0xE56F, 0xE56F, 0xE56F, 0xE58F, 0xD4CC, 0xCCAB, 0xCD2E, 0xE6F8, 0xFFFF, 0xFFFE, 0xFFFE, 0xFFFE, 0xFFFE, 0xFFFE, 0xFFFE,
    0xFFFE, 0xFFFE, 0xFFFE, 0xFFFE, 0xFFFE, 0xFFFE, 0xFFFD, 0xFFFD, 0xFFFC, 0xFFFC, 0xFFFC, 0xFFFC, 0xFFFC, 0xFFFD, 0xFFFE, 0xFFFE,
    0xFFFE, 0xFFFE, 0xFFFE, 0xFFFE, 0xFFFE, 0xFFFD, 0xFFFF, 0x7B8C, 0x28C1, 0x3923, 0x3922, 0x3922, 0x3102, 0x3102, 0x3123, 0x3943,
    0x28E1, 0x7B8C, 0xE6FA, 0xDED8, 0xFFDD, 0xFFFF, 0xFFFD, 0xFFFD, 0xFFFD, 0xFFFC, 0xFFDC, 0xFFFC, 0xFFFC, 0xFFDC, 0xFFDB, 0xFFDB,
    0xFFDB, 0xFFDB, 0xFFDC, 0xFFFD, 0xFFFD, 0xD697, 0xCE57, 0xD698, 0x39A5, 0x0000, 0x0860, 0x0860, 0x0860, 0x0860, 0x0860, 0x0860,
    0x0881, 0x0881, 0x0860, 0x0860, 0x0860, 0x0860, 0x0861, 0x0861, 0x0861, 0x0860, 0x0860, 0x0860, 0x0861, 0x0861, 0x1081, 0x18C2,
    0x20E3, 0x1061, 0x28C2, 0xA40A, 0xA3C9, 0xA3CA, 0xA3CA, 0xA3CA, 0xA3C9, 0xA3C9, 0xA3C9, 0xA3A9, 0x9B89, 0x9B68, 0x9B68, 0x9348,
    0x9BEA, 0xEF3A, 0xEF5C, 0xFFFF, 0xFFFF, 0xFFFF, 0xFFFF, 0xFFFF, 0xFFFF, 0xF77C, 0xCE36, 0xB510, 0x8B48, 0x9369, 0x9369, 0x9369,
    0x9369, 0x9369, 0x9369, 0x9369, 0x9369, 0x9369, 0x9369, 0x8B29, 0x7A65, 0x71C2, 0x71A2, 0x7A03, 0x8203, 0x8203, 0x8203, 0x8203,
    0x8203, 0x8203, 0x71C2, 0x6162, 0x6162, 0x6162, 0x6142, 0x6142, 0x5983, 0x5A06, 0x6227, 0x6248, 0x6248, 0x6248, 0x6248, 0x6248,
    0x6248, 0x6248, 0x6248, 0x6248, 0x6248, 0x6248, 0x6248, 0x6248, 0x6248, 0x6248, 0x6248, 0x6248, 0x6248, 0x6248, 0x6248, 0x6248,
    0xBB25, 0xBB25, 0xBB25, 0xBB25, 0xBB24, 0xBB24, 0xBB25, 0xBB25, 0xBB25, 0xB325, 0xB325, 0xBB05, 0xB305, 0xB305, 0xB305, 0xBB05,
    0xBB05, 0xB305, 0xB305, 0xB305, 0xB304, 0xB305, 0xB2E4, 0xAAC4, 0xAAC4, 0xA2A4, 0xA2A4, 0x9A84, 0x9A84, 0x9A84, 0x9A84, 0x9A64,
    0x9A64, 0x9A64, 0x9A64, 0x9A64, 0x9A64, 0x9A64, 0x9A64, 0x9A64, 0x9A64, 0x9A64, 0x9A64, 0x9A64, 0x9A64, 0x9A64, 0x9A64, 0x9A64,
    0x9A64, 0x9A83, 0xA2A4, 0xAAE4, 0xAAE4, 0xAAC4, 0xAAE4, 0xA2C5, 0xA306, 0xB3A8, 0xBC4A, 0xC48B, 0xC4AB, 0xD4EC, 0xDD4D, 0xDD6E,
    0xE56E, 0xE58E, 0xE56E, 0xDD6E, 0xE5D0, 0xBBE7, 0xB44A, 0xFFFF, 0xFFFF, 0xFFFE, 0xFFFE, 0xFFFE, 0xFFFE, 0xFFFE, 0xFFFE, 0xFFFE,
    0xFFFE, 0xFFFE, 0xFFFE, 0xFFFF, 0xFFFE, 0xFFFE, 0xFFFD, 0xFFFD, 0xFFFD, 0xFFFC, 0xFFFC, 0xFFFC, 0xFFFC, 0xFFFD, 0xFFFD, 0xFFFE,
    0xFFFE, 0xFFFE, 0xFFFE, 0xFFFE, 0xFFFD, 0xFFFD, 0xFFFE, 0x7B4B, 0x4184, 0x49C5, 0x41A5, 0x41A5, 0x41A5, 0x41A5, 0x41A5, 0x41A5,
    0x49A5, 0x41A4, 0x41A4, 0x4184, 0xB573, 0xDED8, 0xF79C, 0xFFFD, 0xFFFC, 0xFFFC, 0xFFFD, 0xFFFD, 0xFFFD, 0xFFFC, 0xFFDB, 0xFFDB,
    0xFFDB, 0xFFDB, 0xFFDC, 0xFFDB, 0xFFDB, 0xFFFC, 0xFFFC, 0xFFFC, 0x4A07, 0x0841, 0x10A1, 0x0860, 0x0860, 0x0860, 0x0881, 0x0881,
    0x0881, 0x0861, 0x0860, 0x0860, 0x0860, 0x0860, 0x0860, 0x0860, 0x0860, 0x0860, 0x0860, 0x0860, 0x0861, 0x18C2, 0x18C3, 0x20E3,
    0x1881, 0x3943, 0x8308, 0x9BA9, 0xA3CA, 0xA3CA, 0xA3CA, 0xA3CA, 0xA3C9, 0xA3C9, 0xA3A9, 0xA3A9, 0x9BA9, 0x9B89, 0x9B89, 0x9B89,
    0x9B89, 0x8B06, 0xBD11, 0xFFFF, 0xFFFF, 0xFFFF, 0xFFFF, 0xFFFF, 0xFFFF, 0xEF1A, 0x8307, 0x9348, 0x9369, 0x9369, 0x9369, 0x9369,
    0x9369, 0x9369, 0x9369, 0x9369, 0x9369, 0x9369, 0x9369, 0x8B28, 0x7A65, 0x71A2, 0x71C2, 0x7A03, 0x8203, 0x8203, 0x8203, 0x8203,
    0x8203, 0x8203, 0x71C3, 0x6162, 0x6162, 0x6162, 0x6142, 0x6142, 0x59A4, 0x5A06, 0x6228, 0x6248, 0x6248, 0x6248, 0x6248, 0x6248,
    0x6248, 0x6248, 0x6248, 0x6248, 0x6248, 0x6248, 0x6248, 0x6248, 0x6248, 0x6248, 0x6248, 0x6248, 0x6248, 0x6248, 0x6248, 0x6248,
    0xBB24, 0xBB24, 0xBB24, 0xBB24, 0xBB24, 0xBB24, 0xBB25, 0xBB05, 0xB325, 0xB325, 0xB325, 0xB305, 0xAAE4, 0xAAC4, 0xAAC4, 0xAAC4,
    0xAAC4, 0xAAC4, 0xA2A4, 0xA2A4, 0xA2A4, 0xA2A4, 0x9AA4, 0x9A84, 0x9A84, 0x9A84, 0x9A64, 0x9A64, 0x9A64, 0x9A64, 0x9A64, 0x9A64,
    0x9A64, 0x9A64, 0x9A64, 0x9A64, 0x9A64, 0x9A64, 0x9A64, 0x9A84, 0x9A84, 0xA284, 0xA284, 0xA284, 0xA2A4, 0xA284, 0x9A63, 0x9A64,
    0x9A63, 0xA284, 0xAAC4, 0xAAE4, 0xAAE4, 0xAAE4, 0xAAE4, 0xA2C4, 0xA306, 0xB3A8, 0xBC4A, 0xC48B, 0xC4AB, 0xD4EC, 0xDD4D, 0xDD6E,
    0xDD6E, 0xE56E, 0xE58F, 0xE56E, 0xB3C7, 0xE676, 0xF77C, 0xFFDD, 0xFFFE, 0xFFFD, 0xFFFD, 0xFFFE, 0xFFFE, 0xFFFE, 0xFFFE, 0xFFFE,
    0xFFFE, 0xFFFE, 0xFFFE, 0xFFFE, 0xFFFE, 0xFFFE, 0xFFFE, 0xFFFD, 0xFFFD, 0xFFFD, 0xFFFD, 0xFFFD, 0xFFFD, 0xFFFD, 0xFFFD, 0xFFFD,
    0xFFFE, 0xFFFE, 0xFFFD, 0xFFFD, 0xFFFD, 0xFFFD, 0xFFFD, 0x62C8, 0x28C1, 0x41A4, 0x41A5, 0x41A4, 0x4184, 0x4184, 0x4184, 0x4184,
    0x4184, 0x4184, 0x4184, 0x4184, 0x41A4, 0x3963, 0xCE57, 0xFFDE, 0xFFFC, 0xFFFC, 0xFFFC, 0xFFFD, 0xFFFD, 0xFFFC, 0xFFDB, 0xFFDB,
    0xFFDB, 0xFFDB, 0xFFDB, 0xFFDB, 0xFFDB, 0xF77A, 0xF75A, 0xF739, 0xDE76, 0xE6F8, 0x6B4B, 0x0000, 0x0860, 0x0840, 0x0000, 0x0000,
    0x0020, 0x0860, 0x0860, 0x0860, 0x0860, 0x0860, 0x0860, 0x0860, 0x0860, 0x0860, 0x0860, 0x0861, 0x10A1, 0x20E3, 0x20C3, 0x20E3,
    0x1061, 0x49A4, 0xB42B, 0xA3A9, 0xA3CA, 0xA3C9, 0xA3C9, 0xA3C9, 0xA3C9, 0xA3C9, 0xA3C9, 0x9BA9, 0x9368, 0x9347, 0x9327, 0x9327,
    0x9348, 0x9B47, 0xA3EB, 0xB4F0, 0xB4D0, 0xB4F0, 0xB4D0, 0xB4D0, 0xB4F0, 0xAC8E, 0x9369, 0x9369, 0x9369, 0x9369, 0x9369, 0x9369,
    0x9369, 0x9369, 0x9369, 0x9369, 0x9369, 0x9369, 0x9369, 0x8B08, 0x7A65, 0x71A2, 0x71C2, 0x7A03, 0x8203, 0x8203, 0x8203, 0x8203,
    0x8203, 0x8203, 0x71C3, 0x6162, 0x6162, 0x6162, 0x6142, 0x6142, 0x59A4, 0x5A06, 0x6228, 0x6248, 0x6248, 0x6248, 0x6248, 0x6248,
    0x6248, 0x6248, 0x6248, 0x6248, 0x6248, 0x6248, 0x6248, 0x6248, 0x6248, 0x6248, 0x6248, 0x6248, 0x6248, 0x6248, 0x6248, 0x6248,
    0xBB24, 0xBB24, 0xBB25, 0xBB25, 0xB304, 0xB304, 0xB304, 0xB305, 0xB305, 0xB2E4, 0xB2E5, 0xAAC4, 0xA2A4, 0x9A84, 0x9A84, 0x9A84,
    0x9A83, 0x9A64, 0x9A64, 0x9A63, 0x9A63, 0x9263, 0x9263, 0x9263, 0x9263, 0x9263, 0x9263, 0x9263, 0x9264, 0x9A64, 0x9A64, 0x9A64,
    0x9A64, 0x9A64, 0x9A64, 0xA284, 0xA284, 0xA284, 0xA2A4, 0xA2A4, 0xA2A4, 0xAAC5, 0xAAC5, 0xAAC4, 0xAAC4, 0xA2C4, 0x9A84, 0x9A63,
    0x9A63, 0xA284, 0xAAC4, 0xAAE4, 0xAAE4, 0xAAE4, 0xAAE4, 0xA2C4, 0xA306, 0xB3A8, 0xBC4A, 0xC48B, 0xC48B, 0xD4EC, 0xDD2D, 0xDD6E,
    0xDD6E, 0xE56E, 0xDD4D, 0xD4CB, 0xC4CD, 0xF77B, 0xFFFF, 0xFFFE, 0xFFFE, 0xFFFE, 0xFFFE, 0xFFFE, 0xFFFE, 0xFFFE, 0xFFFE, 0xFFFE,
    0xFFFD, 0xFFFE, 0xFFFE, 0xFFFE, 0xFFFE, 0xFFFE, 0xFFFE, 0xFFFE, 0xFFFE, 0xFFFE, 0xFFFE, 0xFFFD, 0xFFFD, 0xFFFD, 0xFFFD, 0xFFFD,
    0xFFFE, 0xFFFE, 0xFFFD, 0xFFFD, 0xFFFD, 0xFFFD, 0xFFFD, 0xB594, 0x9C70, 0x49C5, 0x30E2, 0x4184, 0x41A5, 0x4184, 0x4184, 0x4184,
    0x4184, 0x4184, 0x4184, 0x41A4, 0x4184, 0x49A5, 0x49C5, 0x9CD0, 0xFFFE, 0xFFFC, 0xFFFD, 0xFFFD, 0xFFFC, 0xFFFB, 0xFFFB, 0xFFDB,
    0xFFDB, 0xFFFB, 0xFFFC, 0xFFFC, 0xFFFB, 0xFFFB, 0xFF7A, 0xF718, 0xFF59, 0xFF9A, 0xDED8, 0xCE57, 0x4A27, 0x1061, 0x9470, 0xB574,
    0x738C, 0x0000, 0x0881, 0x0860, 0x0860, 0x0860, 0x0860, 0x0860, 0x0860, 0x0860, 0x0860, 0x1081, 0x20E2, 0x20C2, 0x20C3, 0x20E3,
    0x0840, 0x4163, 0xAC0A, 0xA3C9, 0xA3CA, 0xA3C9, 0xA3C9, 0xA3C9, 0xA3C9, 0xA3C9, 0xA3A9, 0xA3EA, 0xB4AF, 0xACAE, 0xACAE, 0xACAF,
    0xA40B, 0x9B48, 0x9347, 0x8B06, 0x8B07, 0x8B07, 0x8B07, 0x8B07, 0x8B07, 0x8B28, 0x9369, 0x9369, 0x9369, 0x9369, 0x9369, 0x9369,
    0x9369, 0x9369, 0x9369, 0x9369, 0x9369, 0x9369, 0x9369, 0x8308, 0x7A65, 0x71A2, 0x79C2, 0x7A03, 0x8203, 0x8203, 0x8203, 0x8203,
    0x8203, 0x8203, 0x71A3, 0x6162, 0x6162, 0x6162, 0x6142, 0x6142, 0x59A4, 0x5A06, 0x6228, 0x6248, 0x6248, 0x6248, 0x6248, 0x6248,
    0x6248, 0x6248, 0x6248, 0x6248, 0x6248, 0x6248, 0x6248, 0x6248, 0x6248, 0x6248, 0x6248, 0x6248, 0x6248, 0x6248, 0x6248, 0x6248,
    0xB2E4, 0xB2E4, 0xAAE4, 0xAAE4, 0xAAC4, 0xA2C4, 0xA2C4, 0xA2A4, 0xA2A4, 0xA284, 0x9A84, 0x9A64, 0x9A64, 0x9A63, 0x9A63, 0x9A63,
    0x9A63, 0x9A63, 0x9A63, 0x9A63, 0x9A63, 0x9A63, 0x9A63, 0x9A63, 0x9A63, 0x9A63, 0x9A63, 0x9A83, 0x9A83, 0x9A84, 0xA284, 0xA284,
    0xA284, 0xA284, 0xA2A4, 0xAAC4, 0xAAC4, 0xAAC4, 0xAAC4, 0xAAC4, 0xAAE4, 0xAAE5, 0xAAE5, 0xAAE5, 0xAAE5, 0xAAE4, 0xA2A4, 0x9A63,
    0x9A63, 0xA284, 0xAAC4, 0xAAE4, 0xAAE4, 0xAAE4, 0xAAE4, 0xA2C4, 0xA305, 0xB388, 0xBC2A, 0xC46B, 0xC48B, 0xD4EC, 0xDD2D, 0xDD6E,
    0xDD6E, 0xE5D0, 0xD489, 0xB3A6, 0xFFFE, 0xFFFE, 0xFFFD, 0xFFFD, 0xFFFD, 0xFFFD, 0xFFFD, 0xFFFE, 0xFFFE, 0xFFFE, 0xFFFD, 0xFFFD,
    0xFFFD, 0xFFFE, 0xFFFE, 0xFFFE, 0xFFFE, 0xFFFE, 0xFFFE, 0xFFFE, 0xFFFD, 0xFFFD, 0xFFFE, 0xFFFD, 0xFFFD, 0xFFFD, 0xFFFD, 0xFFFD,
    0xFFFD, 0xFFFD, 0xFFFD, 0xFFFD, 0xFFFD, 0xFFFD, 0xFFFD, 0xFFFF, 0xFFFF, 0x9C90, 0x9470, 0x5A68, 0x30E1, 0x4164, 0x49A5, 0x41A5,
    0x4184, 0x4184, 0x4185, 0x4184, 0x4185, 0x41A5, 0x3102, 0x944E, 0xFFFE, 0xFFDC, 0xFFDC, 0xFFFC, 0xFFFC, 0xFFBB, 0xF759, 0xFFDB,
    0xFFDB, 0xFF9A, 0xFF9A, 0xFFBB, 0xFFFB, 0xFFFB, 0xFF7A, 0xF719, 0xF719, 0xF739, 0xFFDC, 0xFFFD, 0xEF5A, 0xDEF8, 0xFFFD, 0xFFFF,
    0xBDB3, 0x18A2, 0x0840, 0x0881, 0x0860, 0x0860, 0x0860, 0x0860, 0x0860, 0x0860, 0x0860, 0x1061, 0x18C2, 0x20C3, 0x18C2, 0x1040,
    0x5A26, 0x8B49, 0xA3EA, 0xA3CA, 0xA3CA, 0xA3C9, 0xA3C9, 0xA3C9, 0xA3C9, 0xA3C9, 0xA3C9, 0xBD31, 0xFFFF, 0xFFFF, 0xFFFF, 0xFFFF,
    0xD635, 0x9367, 0x9B89, 0x9B69, 0x9389, 0x9389, 0x9389, 0x9369, 0x9389, 0x9389, 0x9369, 0x9369, 0x9369, 0x9369, 0x9369, 0x9369,
    0x9369, 0x9369, 0x9369, 0x9369, 0x9369, 0x9369, 0x8B69, 0x8308, 0x7A45, 0x71A2, 0x79C2, 0x7A03, 0x8203, 0x8203, 0x8203, 0x8203,
    0x8203, 0x79E3, 0x71A2, 0x6962, 0x6162, 0x6162, 0x6142, 0x6162, 0x59A4, 0x5A07, 0x6228, 0x6248, 0x6248, 0x6248, 0x6248, 0x6248,
    0x6248, 0x6248, 0x6248, 0x6248, 0x6248, 0x6248, 0x6248, 0x6248, 0x6248, 0x6248, 0x6248, 0x6248, 0x6248, 0x6248, 0x6248, 0x6248,
    0xA284, 0x9A84, 0x9A84, 0x9A84, 0x9A64, 0x9A64, 0x9A84, 0x9A63, 0x9A64, 0x9A64, 0x9A63, 0x9A63, 0x9A63, 0x9A43, 0x9A43, 0x9A43,
    0x9A63, 0x9A63, 0x9A63, 0x9A63, 0x9A63, 0x9A63, 0x9A83, 0x9A84, 0x9A84, 0xA284, 0xA284, 0xA2A4, 0xA2A4, 0xA2A4, 0xAAC4, 0xAAC4,
    0xAAC4, 0xAAC4, 0xAAE4, 0xAAE4, 0xAAE4, 0xAAE4, 0xAAE4, 0xAAE4, 0xAAE4, 0xAAE4, 0xAAE4, 0xAAE5, 0xAAE5, 0xAAE4, 0xA284, 0x9A63,
    0x9A63, 0x9A63, 0xA2A4, 0xAAE4, 0xAAE4, 0xAAE4, 0xAAE4, 0xAAE4, 0xAAE5, 0xB388, 0xBC2A, 0xC46B, 0xC48B, 0xCCEC, 0xDD2D, 0xDD6E,
    0xE56E, 0xCC8A, 0xD56F, 0xE696, 0xFFFE, 0xFFFE, 0xFFFC, 0xFFFB, 0xFFFC, 0xFFFC, 0xFFFC, 0xFFFE, 0xFFFE, 0xFFFE, 0xFFFD, 0xFFFD,
    0xFFFD, 0xFFFE, 0xFFFE, 0xFFFE, 0xFFFE, 0xFFFE, 0xFFFE, 0xFFFD, 0xFFFD, 0xFFFD, 0xFFFD, 0xFFFD, 0xFFFD, 0xFFFD, 0xFFFE, 0xFFFE,
    0xFFFE, 0xFFFE, 0xFFFE, 0xFFFE, 0xFFFD, 0xFFFD, 0xFFFD, 0xFFFD, 0xFFDD, 0xFFFE, 0xFFFF, 0xCE57, 0xB554, 0x732A, 0x28C1, 0x3964,
    0x41A5, 0x41A5, 0x41A5, 0x41A5, 0x41A5, 0x49C5, 0x30E2, 0x8C0D, 0xFFFE, 0xFFDC, 0xF77A, 0xF77A, 0xFFBB, 0xF77A, 0xF6F8, 0xFF7A,
    0xF77A, 0xF6F8, 0xEED8, 0xEF18, 0xFFFC, 0xFFFB, 0xFF9A, 0xF718, 0xF719, 0xF719, 0xFF7A, 0xFFDB, 0xFFFC, 0xFFFD, 0xFFDB, 0xFFDC,
    0xEF18, 0xDE56, 0x5A68, 0x0000, 0x0840, 0x1081, 0x0881, 0x0881, 0x0881, 0x0881, 0x0881, 0x1081, 0x18C2, 0x20C2, 0x18C2, 0x0000,
    0x8329, 0xB44B, 0xA3CA, 0xA3CA, 0xA3CA, 0xA3C9, 0xA3C9, 0xA3C9, 0xA3CA, 0x9B68, 0xC571, 0xFFDF, 0xFFDF, 0xFFFF, 0xFFFF, 0xFFFF,
    0xFFDE, 0xDEB8, 0x9368, 0x9B69, 0x9389, 0x9369, 0x9369, 0x9369, 0x9369, 0x9369, 0x9369, 0x9369, 0x9369, 0x9369, 0x9369, 0x9389,
    0x9389, 0x9369, 0x9369, 0x9369, 0x9369, 0x9369, 0x8B69, 0x82E8, 0x7245, 0x71A2, 0x79C3, 0x79E3, 0x7A03, 0x79E3, 0x79E3, 0x79E3,
    0x79E3, 0x71C3, 0x6982, 0x6962, 0x6962, 0x6162, 0x6141, 0x6162, 0x59C4, 0x5A07, 0x6228, 0x6248, 0x6248, 0x6248, 0x6248, 0x6248,
    0x6248, 0x6248, 0x6248, 0x6248, 0x6248, 0x6248, 0x6248, 0x6248, 0x6248, 0x6248, 0x6248, 0x6248, 0x6248, 0x6248, 0x6248, 0x6248,
    0x9A64, 0x9A64, 0x9A64, 0x9A64, 0x9A64, 0x9A64, 0x9A64, 0x9A64, 0x9A64, 0x9A64, 0x9A64, 0x9A64, 0x9A64, 0x9A63, 0x9A63, 0x9A84,
    0x9A83, 0x9A84, 0x9A84, 0x9A84, 0x9A84, 0xA2A4, 0xA2A4, 0xA2C4, 0xAAC4, 0xAAC4, 0xAAC4, 0xAAC4, 0xAAE4, 0xAAE4, 0xAAE4, 0xAAE4,
    0xAAE4, 0xAAE4, 0xAAE4, 0xAAE4, 0xAAE4, 0xAAE4, 0xAAE4, 0xAAE4, 0xAAE4, 0xAAE4, 0xAAE4, 0xAAE5, 0xAAE5, 0xAAE4, 0xA284, 0x9A63,
    0x9A63, 0xA283, 0xA2A4, 0xAAC4, 0xAAE4, 0xAAE4, 0xAAE4, 0xAAE4, 0xA2E5, 0xAB88, 0xBC2A, 0xC46B, 0xC48B, 0xCCEC, 0xDD2D, 0xE5AF,
    0xE5AF, 0xAB03, 0xD5D2, 0xFFFF, 0xFFFD, 0xFFFC, 0xFFFB, 0xFFFB, 0xFFFC, 0xFFFC, 0xFFFC, 0xFFFE, 0xFFFE, 0xFFFE, 0xFFFD, 0xFFFD,
    0xFFFD, 0xFFFE, 0xFFFE, 0xFFFE, 0xFFFE, 0xFFFD, 0xFFFD, 0xFFFC, 0xFFFC, 0xFFFD, 0xFFFD, 0xFFFD, 0xFFFD, 0xFFFC, 0xE6F8, 0xE6F9,
    0xE6F9, 0xDED8, 0xD697, 0xE719, 0xFFFD, 0xFFFD, 0xFFFD, 0xFFFD, 0xFFFD, 0xFFFD, 0xFFDD, 0xFFFE, 0xFFFF, 0xBDD5, 0x7B8C, 0x6B0A,
    0x3943, 0x4164, 0x3964, 0x3964, 0x3964, 0x3943, 0x5227, 0xAD52, 0xFFFD, 0xFFFC, 0xFF7A, 0xF75A, 0xF75A, 0xF719, 0xF718, 0xF6F8,
    0xF6F8, 0xF6F8, 0xF6F8, 0xF739, 0xFF9A, 0xFF9A, 0xFF59, 0xF718, 0xF739, 0xF6F8, 0xF739, 0xFFDB, 0xFFDB, 0xFFDB, 0xFFDB, 0xFFDC,
    0xFFDC, 0xFFFC, 0xE6B8, 0x6B2B, 0x2923, 0x0840, 0x10A1, 0x1081, 0x1081, 0x1081, 0x1081, 0x10A2, 0x18A2, 0x18C2, 0x18A2, 0x20A1,
    0x8308, 0xABEA, 0xA3CA, 0xA3CA, 0xA3C9, 0xA3C9, 0xA3C9, 0xA3C9, 0xA3C9, 0x9B67, 0xCDB3, 0xFFFF, 0xFFFF, 0xFFFF, 0xFFFF, 0xFFFF,
    0xFFFF, 0xF77C, 0x9B89, 0x9369, 0x9389, 0x9369, 0x9389, 0x9369, 0x9369, 0x9369, 0x9389, 0x9389, 0x9389, 0x9389, 0x9369, 0x9389,
    0x9369, 0x9369, 0x9369, 0x9369, 0x9369, 0x9369, 0x8B69, 0x82E7, 0x7225, 0x71A2, 0x71C2, 0x79E3, 0x79E3, 0x79E3, 0x79E3, 0x79E3,
    0x79E3, 0x71A2, 0x6962, 0x6962, 0x6962, 0x6142, 0x6142, 0x6162, 0x59C4, 0x6207, 0x6248, 0x6248, 0x6248, 0x6248, 0x6248, 0x6248,
    0x6248, 0x6248, 0x6248, 0x6248, 0x6248, 0x6248, 0x6248, 0x6248, 0x6248, 0x6248, 0x6248, 0x6248, 0x6248, 0x6248, 0x6248, 0x6248,
    0x9263, 0x9A63, 0x9A63, 0x9A63, 0x9A83, 0x9A84, 0x9A84, 0x9A84, 0x9A84, 0x9A84, 0x9A84, 0xA2A4, 0xA2A4, 0xA2A4, 0xA2A4, 0xA2A4,
    0xA2A4, 0xA2C4, 0xA2C4, 0xA2C4, 0xA2C4, 0xA2C4, 0xAAC4, 0xAAE4, 0xAAE4, 0xAAE4, 0xAAE4, 0xAAE4, 0xAAE4, 0xAAE4, 0xAAE4, 0xAAE4,
    0xAAE4, 0xAAE4, 0xAAE4, 0xAAE4, 0xAAE4, 0xAAE4, 0xAAE4, 0xAAE4, 0xAAE4, 0xAAE4, 0xAAE4, 0xAAE4, 0xAAE4, 0xAAE4, 0xA284, 0x9A63,
    0x9A64, 0x9A64, 0xAAA4, 0xAAC4, 0xAAE4, 0xAAE4, 0xAAE4, 0xAAC4, 0xA2E5, 0xAB68, 0xBC2A, 0xC46B, 0xC48B, 0xCCCC, 0xDD4D, 0xD4CB,
    0xCCEC, 0xCD6F, 0xE6B7, 0xFFFE, 0xFFFD, 0xFFFC, 0xFFFB, 0xFFFB, 0xFFFD, 0xFFFD, 0xFFFD, 0xFFFE, 0xFFFF, 0xFFFF, 0xFFFF, 0xFFFF,
    0xFFFE, 0xFFFD, 0xFFFE, 0xFFFE, 0xFFFE, 0xFFFE, 0xFFFC, 0xFFFC, 0xFFFC, 0xFFFD, 0xFFFD, 0xFFFD, 0xFFFC, 0xFFBC, 0x6288, 0x49A4,
    0x49E5, 0x49C5, 0x3963, 0x6B09, 0xE73A, 0xFFFD, 0xFFFD, 0xFFFD, 0xFFFD, 0xFFFD, 0xFFFD, 0xFFFC, 0xFFDC, 0xFFFD, 0xFFFF, 0xC5F5,
    0x49C5, 0x5A47, 0x5247, 0x5247, 0x5A68, 0x4A06, 0xC5F5, 0xFFFF, 0xFFFC, 0xFFFC, 0xFF7A, 0xF759, 0xF739, 0xF719, 0xF6F8, 0xF6F8,
    0xF6F8, 0xF6F8, 0xF6F8, 0xF6D8, 0xF6D8, 0xF6D8, 0xF6F8, 0xF6F8, 0xF6F8, 0xF6D8, 0xEED8, 0xFF9A, 0xFFDB, 0xFFDB, 0xFFDB, 0xFFFC,
    0xFFFC, 0xFFFC, 0xFFDC, 0xFFFF, 0x7BAD, 0x20E2, 0x10A1, 0x10A1, 0x1081, 0x1081, 0x1081, 0x1081, 0x18A2, 0x18C2, 0x1881, 0x8B89,
    0xA3EA, 0xA3CA, 0xA3EA, 0xA3CA, 0xA3CA, 0xA3C9, 0xA3CA, 0xA3C9, 0xA3EA, 0x9B68, 0xC572, 0xF7BE, 0xFFDF, 0xFFFF, 0xFFFF, 0xFFFF,
    0xF7BD, 0xDE77, 0x9389, 0x9369, 0x9389, 0x9389, 0x9389, 0x9389, 0x9389, 0x9389, 0x9389, 0x9389, 0x9389, 0x9389, 0x9389, 0x9389,
    0x9369, 0x9369, 0x9369, 0x9369, 0x9369, 0x9369, 0x8B28, 0x7A86, 0x71E4, 0x71A2, 0x79C3, 0x79E3, 0x7A03, 0x79E3, 0x79E3, 0x79E3,
    0x79E3, 0x71A2, 0x6962, 0x6962, 0x6962, 0x6962, 0x6161, 0x6162, 0x59C5, 0x6227, 0x6248, 0x6248, 0x6248, 0x6248, 0x6248, 0x6248,
    0x6248, 0x6248, 0x6248, 0x6248, 0x6248, 0x6248, 0x6248, 0x6248, 0x6248, 0x6248, 0x6248, 0x6248, 0x6248, 0x6248, 0x6248, 0x6248,
    0x9A63, 0x9A83, 0x9A84, 0x9A84, 0xA284, 0xA2A4, 0xA2A4, 0xA2C4, 0xA2C4, 0xA2C4, 0xA2C4, 0xAAE5, 0xAAE5, 0xAAE4, 0xAAE4, 0xAAE4,
    0xAAE4, 0xAAE4, 0xAAE4, 0xAAE4, 0xAAE4, 0xAAE4, 0xAAE4, 0xAAE4, 0xAAE4, 0xAAE4, 0xAAE4, 0xAAE4, 0xAAC4, 0xAAE4, 0xAAC4, 0xAAE4,
    0xAAE4, 0xAAE4, 0xAAE4, 0xAAE4, 0xAAE4, 0xAAE4, 0xAAE4, 0xAAE4, 0xAAE4, 0xAAE4, 0xAAE4, 0xAAE4, 0xAAE4, 0xAAE4, 0xA284, 0x9A63,
    0x9A64, 0x9A64, 0xAAA4, 0xAAE4, 0xAAE4, 0xAAE4, 0xAAE4, 0xAAC4, 0xA2E5, 0xAB68, 0xBC2A, 0xBC6B, 0xC48B, 0xCCEC, 0xE5AF, 0xB3C7,
    0xB42A, 0xFFFF, 0xFFFF, 0xFFFD, 0xFFFD, 0xFFFC, 0xFFFC, 0xFFFD, 0xFFFE, 0xFFFE, 0xFFFD, 0xFFFE, 0xE6FA, 0xD677, 0xDEB8, 0xD697,
    0xE6F9, 0xFFFE, 0xFFFE, 0xFFFE, 0xFFFE, 0xFFFE, 0xFFFD, 0xFFFD, 0xFFFD, 0xFFFD, 0xFFFD, 0xFFFF, 0xDE97, 0x6288, 0x5206, 0x49C5,
    0x49C5, 0x49C5, 0x49E5, 0x3123, 0x946F, 0xFFFE, 0xFFDC, 0xFFFC, 0xFFFC, 0xFFFC, 0xFFFC, 0xFFFC, 0xFFFC, 0xFFFC, 0xFFDC, 0xFFDC,
    0xF7BB, 0xF7BB, 0xF7BB, 0xFFBB, 0xFFDC, 0xFFDC, 0xFFDB, 0xFFDC, 0xFFDC, 0xFFDB, 0xFF7A, 0xF759, 0xF6F8, 0xF6F8, 0xF6F8, 0xF6F8,
    0xF6F8, 0xF6F8, 0xF6F8, 0xF6F8, 0xF6F8, 0xF718, 0xF6D8, 0xEEB8, 0xF6D8, 0xEED8, 0xF6D8, 0xF719, 0xF7BA, 0xFFFB, 0xFFFB, 0xFF9A,
    0xFF7A, 0xFF9A, 0xF79B, 0xF77A, 0xFFBB, 0x8C2E, 0x0000, 0x0861, 0x10A1, 0x10A1, 0x1081, 0x1081, 0x1081, 0x1081, 0x1060, 0x8B49,
    0xABEA, 0xA3CA, 0xA3EA, 0xA3CA, 0xA3CA, 0xA3CA, 0xA3C9, 0x9B68, 0x9368, 0x9B88, 0x9B88, 0xB4F0, 0xFFFF, 0xFFFF, 0xFFFF, 0xFFFF,
    0xCE16, 0x8B28, 0x9BA9, 0x9389, 0x9389, 0x9389, 0x9389, 0x9389, 0x9389, 0x9389, 0x9389, 0x9389, 0x9389, 0x9389, 0x9389, 0x9389,
    0x938A, 0x9369, 0x9369, 0x9369, 0x9369, 0x9369, 0x8328, 0x7245, 0x69C3, 0x71A2, 0x79C3, 0x79E3, 0x7A03, 0x7A03, 0x79E3, 0x79E3,
    0x79E3, 0x71A2, 0x6962, 0x6962, 0x6962, 0x6962, 0x6162, 0x6184, 0x61E6, 0x6227, 0x6248, 0x6247, 0x6247, 0x6248, 0x6248, 0x6248,
    0x6248, 0x6248, 0x6248, 0x6248, 0x6248, 0x6248, 0x6248, 0x6248, 0x6248, 0x6248, 0x6248, 0x6248, 0x6248, 0x6248, 0x6248, 0x6248,
    0xA2A4, 0xA2A4, 0xA2C4, 0xA2C4, 0xA2C4, 0xAAC4, 0xAAE4, 0xAAE5, 0xAAE4, 0xAAE4, 0xAAE4, 0xAAE4, 0xAAE4, 0xAAE4, 0xAAE4, 0xAAE4,
    0xAAE4, 0xAAE4, 0xAAE4, 0xAAE4, 0xAAE4, 0xAAC4, 0xAAC4, 0xAAC4, 0xAAE4, 0xAAC4, 0xAAE4, 0xAAE4, 0xAAC4, 0xAAC4, 0xAAE4, 0xAAE4,
    0xAAE4, 0xAAE4, 0xAAE4, 0xAAC4, 0xAAE4, 0xAAE4, 0xAAE4, 0xAAE4, 0xAAE4, 0xAAE4, 0xAAE4, 0xAAE4, 0xAAE4, 0xAAE4, 0xA284, 0x9A63,
    0x9A63, 0x9A64, 0xAAA4, 0xAAE4, 0xAAE4, 0xAAE4, 0xAAE4, 0xAAC4, 0xAAE5, 0xAB68, 0xBC2A, 0xBC4B, 0xC4AC, 0xCCAB, 0xBBC7, 0xE6B6,
    0xF77C, 0xFFDD, 0xFFFE, 0xFFFE, 0xFFFE, 0xFFFE, 0xFFFE, 0xFFFE, 0xFFFE, 0xFFFD, 0xFFFE, 0xFFFF, 0x940E, 0x4163, 0x51E5, 0x4183,
    0x6AE9, 0xD677, 0xE6F9, 0xFFFE, 0xFFFE, 0xFFFD, 0xFFFE, 0xFFFE, 0xFFFE, 0xFFFD, 0xFFFD, 0xEF5B, 0xB552, 0x4163, 0x49C5, 0x49C4,
    0x41A4, 0x41A4, 0x3983, 0x28E2, 0x8C2E, 0xFFFE, 0xFFDB, 0xFFDB, 0xFFDB, 0xFFDB, 0xFFFB, 0xFFFC, 0xFFFC, 0xFFFC, 0xFFFC, 0xFFFD,
    0xFFFC, 0xFFFC, 0xFFFD, 0xFFFC, 0xFFFC, 0xFFFC, 0xFFFC, 0xFFBB, 0xF75A, 0xFF5A, 0xFF5A, 0xF739, 0xF6F8, 0xF6F8, 0xF6F8, 0xF6F8,
    0xF6F8, 0xF6F8, 0xF6F8, 0xFF9A, 0xFFBA, 0xFFDA, 0xF759, 0xEED8, 0xEED8, 0xEED8, 0xEEB8, 0xFF5A, 0xFFDA, 0xFF79, 0xF759, 0xF77A,
    0xFF9A, 0xF759, 0xEEF8, 0xF719, 0xF739, 0xD656, 0xB594, 0x9CD1, 0x0000, 0x0820, 0x10A1, 0x1081, 0x0840, 0x1861, 0x8349, 0xA3CA,
    0xA3EA, 0xA3EA, 0xA3CA, 0xA3CA, 0xA3CA, 0xA3A9, 0x9BEA, 0xBD30, 0xC572, 0xA40B, 0x9B47, 0xA3EA, 0xB511, 0xB511, 0xB510, 0xB511,
    0xA44C, 0x9368, 0x9389, 0x9389, 0x9389, 0x9389, 0x9389, 0x9389, 0x9389, 0x9389, 0x9389, 0x9389, 0x9389, 0x9389, 0x9389, 0x9369,
    0x938A, 0x9369, 0x9369, 0x9369, 0x9369, 0x9369, 0x8308, 0x7245, 0x69A3, 0x71A2, 0x79C3, 0x79E3, 0x79E3, 0x79E3, 0x79E3, 0x79E3,
    0x79E3, 0x71A2, 0x6962, 0x6962, 0x6962, 0x6941, 0x6162, 0x61A4, 0x6206, 0x6228, 0x6228, 0x6248, 0x6248, 0x6248, 0x6248, 0x6248,
    0x6248, 0x6248, 0x6248, 0x6248, 0x6248, 0x6248, 0x6248, 0x6248, 0x6248, 0x6248, 0x6248, 0x6248, 0x6248, 0x6248, 0x6248, 0x6248,
    0xAAE4, 0xAB04, 0xAB05, 0xAB05, 0xAB05, 0xAB05, 0xAB05, 0xAB05, 0xAB05, 0xAAE4, 0xAAE4, 0xAAE4, 0xAAE4, 0xAAE4, 0xAAE4, 0xAAE4,
    0xAAE4, 0xAAE4, 0xAAE4, 0xAAE4, 0xAAE4, 0xAAC4, 0xAAC4, 0xAAC4, 0xAAC4, 0xAAC4, 0xAAC4, 0xAAC4, 0xAAC4, 0xAAC4, 0xAAE4, 0xAAE4,
    0xAAE4, 0xAAC4, 0xAAC4, 0xAAE4, 0xAAE4, 0xAAE4, 0xAAE4, 0xAAC4, 0xAAE4, 0xAAE4, 0xAAE4, 0xAAE4, 0xAAE4, 0xAAE4, 0xA284, 0x9A63,
    0x9A63, 0x9A64, 0xA2A4, 0xAAE4, 0xAAE4, 0xAAE4, 0xAAE4, 0xAAE4, 0xAAE5, 0xAB68, 0xBC0A, 0xC46B, 0xBC2A, 0xC429, 0xBC6A, 0xF77B,
    0xFFFF, 0xFFFD, 0xFFFE, 0xFFFE, 0xFFFE, 0xFFFE, 0xFFFE, 0xFFFE, 0xFFFE, 0xFFFF, 0xE73A, 0x9490, 0x6AE9, 0x51C5, 0x51E5, 0x51E5,
    0x51E5, 0x3942, 0xA4B0, 0xFFFF, 0xFFFD, 0xFFFE, 0xFFFE, 0xFFFD, 0xFFFD, 0xFFFD, 0xFFFE, 0xAD31, 0x6286, 0x3943, 0x3943, 0x3963,
    0x3943, 0x4184, 0xBD93, 0xC615, 0xDED8, 0xFFFC, 0xFFDB, 0xFFDB, 0xFFDB, 0xFFDB, 0xFFDB, 0xFFFB, 0xFFBB, 0xF739, 0xF73A, 0xF73A,
    0xFFDC, 0xFFFC, 0xFFDC, 0xFFDB, 0xFFFC, 0xFFFB, 0xFFFB, 0xFFDB, 0xFFBA, 0xFFBA, 0xFFBB, 0xFF9A, 0xF719, 0xF6F8, 0xF6F8, 0xF6F8,
    0xF6F8, 0xF6F8, 0xF6F8, 0xF759, 0xF738, 0xF739, 0xF779, 0xEED8, 0xEEB7, 0xEED8, 0xEEB7, 0xF75A, 0xFFDA, 0xFF9A, 0xFF9A, 0xFFDB,
    0xFFFB, 0xF77A, 0xF6F8, 0xF739, 0xF739, 0xFF9A, 0xFFFD, 0xF77A, 0xBDB4, 0x944F, 0x0000, 0x1060, 0x2902, 0x8329, 0xAC0A, 0xA3EA,
    0xA3CA, 0xA3CA, 0xA3CA, 0xA3CA, 0xA3C9, 0xA3CA, 0xDEB8, 0xFFFF, 0xFFFF, 0xDE98, 0x9B68, 0x9368, 0x8B07, 0x8AE7, 0x8B07, 0x8B07,
    0x9348, 0x9389, 0x9389, 0x9389, 0x9389, 0x9389, 0x9389, 0x9389, 0x9389, 0x9389, 0x9389, 0x9389, 0x9389, 0x9389, 0x9389, 0x9389,
    0x9389, 0x9389, 0x938A, 0x9369, 0x9369, 0x9369, 0x8B08, 0x7245, 0x69A3, 0x71A2, 0x79C3, 0x79E3, 0x79E3, 0x79E3, 0x79E3, 0x79E3,
    0x79E3, 0x6982, 0x6962, 0x6942, 0x6942, 0x6142, 0x6162, 0x59C4, 0x5A07, 0x6228, 0x6247, 0x6248, 0x6248, 0x6248, 0x6248, 0x6248,
    0x6248, 0x6248, 0x6248, 0x6248, 0x6248, 0x6248, 0x6248, 0x6248, 0x6248, 0x6248, 0x6248, 0x6248, 0x6248, 0x6248, 0x6248, 0x6248,
    0xAAE4, 0xAAE4, 0xAAE4, 0xAAE4, 0xAAE4, 0xAAE4, 0xAAE4, 0xAAE4, 0xAAE4, 0xAAC4, 0xAAC4, 0xAAC4, 0xAAC4, 0xAAC4, 0xAAC4, 0xAAE4,
    0xAAE4, 0xAAE4, 0xAAE4, 0xAAE4, 0xAAE4, 0xAAC4, 0xAAC4, 0xAAC4, 0xAAC4, 0xAAC4, 0xAAC4, 0xAAC4, 0xAAC4, 0xAAC4, 0xAAC4, 0xAAC4,
    0xAAC4, 0xAAC4, 0xAAE4, 0xAAE4, 0xAAE4, 0xAAE4, 0xAAE4, 0xAAC4, 0xAAC4, 0xAAE4, 0xAAE4, 0xAAE4, 0xAAE4, 0xAAC4, 0xA284, 0x9A63,
    0x9A63, 0x9A64, 0xA2A4, 0xAAC4, 0xAAE4, 0xAAE4, 0xAAE4, 0xAAE4, 0xAAE5, 0xAB68, 0xB3EA, 0xBC29, 0xB3E8, 0xBCCD, 0xFFFE, 0xFFFE,
    0xFFFD, 0xFFFE, 0xFFFE, 0xFFFE, 0xFFFE, 0xFFFE, 0xFFFE, 0xFFFE, 0xFFDD, 0xE719, 0xBD72, 0x4142, 0x51E5, 0x51E5, 0x51E5, 0x51E5,
    0x51E5, 0x4163, 0xA4D0, 0xFFFF, 0xFFFD, 0xFFFE, 0xFFFD, 0xFFFD, 0xFFFD, 0xFFFD, 0xFFFD, 0xF79B, 0xDED9, 0xBDD5, 0x62E9, 0x3963,
    0x4184, 0x4A06, 0xF79A, 0xFFFD, 0xFFFC, 0xFFFB, 0xFFFB, 0xFFDB, 0xFFDB, 0xFFDB, 0xFFDB, 0xFFDB, 0xFF7A, 0xEED8, 0xF6F9, 0xF6F9,
    0xF739, 0xFF7A, 0xFFDA, 0xFFBB, 0xFFBA, 0xFF9A, 0xFFDB, 0xFFDB, 0xFFFB, 0xFFFB, 0xFFFB, 0xFFBB, 0xF719, 0xF6F8, 0xF6F8, 0xF6F8,
    0xF6F8, 0xF6F8, 0xF6F8, 0xF6D8, 0xF6D8, 0xEEB7, 0xEEB7, 0xEEB7, 0xEEB7, 0xEEB7, 0xEEB7, 0xEEF8, 0xF739, 0xF719, 0xF739, 0xF719,
    0xF6F8, 0xF719, 0xF6F9, 0xFF9B, 0xF75A, 0xF719, 0xFF7A, 0xFFBB, 0xFFFD, 0xE719, 0x736C, 0x3122, 0x7AC7, 0xA3CA, 0xA3C9, 0xA3EA,
    0xA3CA, 0xA3CA, 0xA3CA, 0xA3CA, 0xA3A9, 0xA40B, 0xFFBE, 0xFFDF, 0xFFDF, 0xF7BE, 0x9BAA, 0x9348, 0x9349, 0x8B28, 0x9328, 0x9348,
    0x9348, 0x9349, 0x9369, 0x9369, 0x9369, 0x9389, 0x9369, 0x9369, 0x9369, 0x9389, 0x9369, 0x9369, 0x9369, 0x9389, 0x9389, 0x9369,
    0x9369, 0x9369, 0x938A, 0x9389, 0x9369, 0x9369, 0x8B08, 0x7225, 0x69A3, 0x71A2, 0x79C3, 0x79E3, 0x79E3, 0x79E3, 0x79E3, 0x79E3,
    0x71C3, 0x6962, 0x6942, 0x6942, 0x6942, 0x6142, 0x6142, 0x59C4, 0x5A07, 0x6228, 0x6248, 0x6248, 0x6248, 0x6248, 0x6248, 0x6248,
    0x6248, 0x6248, 0x6248, 0x6248, 0x6248, 0x6248, 0x6248, 0x6248, 0x6248, 0x6248, 0x6248, 0x6248, 0x6248, 0x6248, 0x6248, 0x6248,
    0xAAC3, 0xAAC4, 0xAAC4, 0xAAC4, 0xAAC4, 0xAAC4, 0xAAC4, 0xAAC4, 0xAAC4, 0xAAC4, 0xAAC4, 0xAAC4, 0xAAC4, 0xAAC4, 0xAAC4, 0xAAE4,
    0xAAE4, 0xAAE4, 0xAAE4, 0xAAE4, 0xAAE4, 0xAAC4, 0xAAC4, 0xAAC4, 0xAAC4, 0xAAC4, 0xAAC4, 0xAAC4, 0xAAC4, 0xAAC4, 0xAAC4, 0xAAC4,
    0xAAC4, 0xAAC4, 0xAAC4, 0xAAE4, 0xAAE4, 0xAAE4, 0xAAE4, 0xAAE4, 0xAAE4, 0xAAE4, 0xAAE4, 0xAAE4, 0xAAE4, 0xAAC4, 0xA284, 0x9A63,
    0x9A64, 0x9A63, 0xA2A3, 0xAAC4, 0xAAE4, 0xAAE4, 0xAAE4, 0xAAC4, 0xAAE5, 0xAB68, 0xB3E9, 0xAB04, 0xE6D7, 0xFFFF, 0xFFDD, 0xFFFE,
    0xFFFE, 0xFFFE, 0xFFFE, 0xFFFE, 0xFFFE, 0xFFFE, 0xFFFE, 0xFFFE, 0xFFFF, 0x7B8B, 0x51C4, 0x5A26, 0x51E6, 0x51E5, 0x51E5, 0x51E5,
    0x51E5, 0x4142, 0xA4B0, 0xFFFF, 0xFFFD, 0xFFFD, 0xFFFD, 0xFFFD, 0xFFFC, 0xFFFC, 0xFFFC, 0xFFFD, 0xFFFE, 0xFFFE, 0xEF5A, 0xE719,
    0xE739, 0xEF39, 0xFFBA, 0xFFDB, 0xFFDB, 0xFFFB, 0xFFFB, 0xFFDB, 0xFFDB, 0xFFDB, 0xFFFB, 0xFFDB, 0xEF19, 0xF6F9, 0xF6F8, 0xF6F8,
    0xF6F8, 0xF718, 0xFF9A, 0xFF7A, 0xF739, 0xEEF8, 0xFFBA, 0xFFFB, 0xFFFB, 0xFFDB, 0xFFDB, 0xF719, 0xF6D8, 0xF6F8, 0xF6F8, 0xF6F8,
    0xF6F8, 0xEEB7, 0xEED7, 0xF6F8, 0xF6F8, 0xEEB7, 0xEE97, 0xEEB8, 0xEEB7, 0xEEB7, 0xEEB7, 0xEE97, 0xEE97, 0xEE97, 0xEE97, 0xEE97,
    0xF6F8, 0xF719, 0xEED8, 0xF6F9, 0xEED8, 0xEED9, 0xF739, 0xFFBA, 0xFF9A, 0xFFDB, 0xFFBB, 0x8BCB, 0x9BEB, 0x7AC7, 0x8285, 0x9B68,
    0xAC0A, 0xA3C9, 0xA3C9, 0xA3CA, 0xA3A9, 0xA3EA, 0xF79D, 0xFFFF, 0xFFFF, 0xDE98, 0x9B69, 0x9348, 0x8B07, 0x82C6, 0x82C6, 0x82C7,
    0x8AE7, 0x8AE7, 0x8AE7, 0x8B08, 0x8B28, 0x8B28, 0x8B28, 0x9348, 0x9348, 0x9369, 0x9369, 0x9369, 0x9369, 0x9369, 0x9369, 0x9369,
    0x9369, 0x9369, 0x938A, 0x936A, 0x9369, 0x9369, 0x8308, 0x7225, 0x69A3, 0x71A2, 0x79C2, 0x79E3, 0x79E3, 0x79E3, 0x79E3, 0x79E3,
    0x71C3, 0x6962, 0x6942, 0x6942, 0x6942, 0x6142, 0x6142, 0x61C5, 0x6207, 0x6228, 0x6248, 0x6248, 0x6248, 0x6248, 0x6248, 0x6248,
    0x6248, 0x6248, 0x6248, 0x6248, 0x6248, 0x6248, 0x6248, 0x6248, 0x6248, 0x6248, 0x6248, 0x6248, 0x6248, 0x6248, 0x6248, 0x6248,
    0xAAC4, 0xAAC4, 0xAAC4, 0xAAC4, 0xAAC4, 0xAAC4, 0xAAC4, 0xAAE4, 0xAAE4, 0xAAE4, 0xAAE4, 0xAAC4, 0xAAC4, 0xAAC4, 0xAAC4, 0xAAC4,
    0xAAC4, 0xA2C4, 0xA2C4, 0xA2C4, 0xA2A4, 0xA2A4, 0xA2A3, 0xA2A3, 0xA2A4, 0xA2C4, 0xAAC4, 0xAAC4, 0xA2C4, 0xAAC4, 0xAAC4, 0xAAC4,
    0xAAC4, 0xAAC4, 0xAAC4, 0xAAC4, 0xAAC4, 0xAAE4, 0xAAE4, 0xAAE4, 0xAAE4, 0xAAE4, 0xAAC4, 0xAAC4, 0xAAC4, 0xAAC4, 0xA283, 0x9A63,
    0x9A64, 0x9A64, 0xA283, 0xAAC4, 0xAAE4, 0xAAE4, 0xAAE4, 0xAAC4, 0xAAE5, 0xAB68, 0xB3C9, 0xAAC2, 0xE6D7, 0xFFFF, 0xFFFD, 0xFFFE,
    0xFFFE, 0xFFFE, 0xFFFE, 0xFFFE, 0xFFFE, 0xFFFE, 0xFFFE, 0xF7BC, 0xCE57, 0x7B4A, 0x49C5, 0x5206, 0x51E5, 0x51E5, 0x51E5, 0x49C5,
    0x51E5, 0x3942, 0xA4B0, 0xFFFF, 0xFFDD, 0xFFFD, 0xFFFD, 0xFFFD, 0xFFFC, 0xFFFC, 0xFFFD, 0xFFFE, 0xFFDD, 0xFFBA, 0xFFFB, 0xFFFB,
    0xFFFB, 0xFFFB, 0xFFDB, 0xFFDB, 0xFFDB, 0xFFDB, 0xFFFB, 0xFFFB, 0xFFBB, 0xF759, 0xF77A, 0xFFBB, 0xF718, 0xF6D8, 0xF6F8, 0xF6D8,
    0xF6F8, 0xF6F8, 0xF6D8, 0xF6F8, 0xF6F8, 0xF6F8, 0xF739, 0xF739, 0xFFBB, 0xF77A, 0xEED8, 0xF6F8, 0xF6D8, 0xF6D8, 0xF6F8, 0xF6D8,
    0xF6D8, 0xE676, 0xEE96, 0xF6F8, 0xEEB7, 0xEEB7, 0xEEB8, 0xEEB7, 0xEEB7, 0xEEB7, 0xEEB7, 0xEEB7, 0xEEB7, 0xF6B8, 0xF6B8, 0xF6B8,
    0xEEB7, 0xEE97, 0xEEB8, 0xEED8, 0xF6D8, 0xF6D9, 0xEED8, 0xFF9A, 0xFFBA, 0xEEF8, 0xF759, 0xFFFD, 0xFFFC, 0xF7BB, 0x9BAA, 0x8264,
    0x9BA9, 0xA3C9, 0xA3C9, 0xA3A9, 0x9BA9, 0x9B89, 0xAC4D, 0xCDB3, 0xC5B3, 0x9BEB, 0x9348, 0x9328, 0x82A6, 0x7A45, 0x7A44, 0x7A45,
    0x7A45, 0x7A65, 0x7A65, 0x7A86, 0x8286, 0x7AA6, 0x82A6, 0x82A6, 0x82A6, 0x82C6, 0x82C6, 0x82C7, 0x82E7, 0x8B07, 0x8B08, 0x8B28,
    0x8B28, 0x8B28, 0x8B48, 0x8B49, 0x8B49, 0x8B49, 0x8307, 0x7225, 0x69A3, 0x71A2, 0x79C3, 0x79E3, 0x79E3, 0x79E3, 0x79E3, 0x79E3,
    0x71C3, 0x6962, 0x6942, 0x6942, 0x6942, 0x6142, 0x6162, 0x59C5, 0x6207, 0x6228, 0x6247, 0x6248, 0x6248, 0x6248, 0x6248, 0x6248,
    0x6248, 0x6248, 0x6248, 0x6248, 0x6248, 0x6248, 0x6248, 0x6248, 0x6248, 0x6248, 0x6248, 0x6248, 0x6248, 0x6248, 0x6248, 0x6248,
    0xAAC4, 0xAAC4, 0xAAC4, 0xAAC4, 0xAAC4, 0xAAC4, 0xAAE4, 0xAAE4, 0xAAE4, 0xAAE4, 0xAAE4, 0xAAE4, 0xAAE4, 0xAAC4, 0xAAC4, 0xAAC4,
    0xAAC4, 0xA2A4, 0x9AA4, 0x9A83, 0x9A83, 0x9A83, 0x9A83, 0x9A83, 0xA283, 0xAAC4, 0xAAC4, 0xAAC4, 0xAAC4, 0xAAC4, 0xAAC4, 0xAAC4,
    0xAAC4, 0xAAC4, 0xAAC4, 0xAAC4, 0xAAE4, 0xAAE5, 0xAAE5, 0xAAE5, 0xAAE5, 0xAAE5, 0xAAE5, 0xAAC4, 0xB2C4, 0xAAC4, 0xA284, 0x9A64,
    0x9A63, 0x9A64, 0xA284, 0xAAC4, 0xAAE4, 0xAAE4, 0xAAC4, 0xAAC4, 0xAAE5, 0xAB47, 0xBC4B, 0xBC6B, 0xEF18, 0xFFFF, 0xFFFE, 0xFFFE,
    0xFFFE, 0xFFFE, 0xFFFE, 0xFFFE, 0xFFFE, 0xFFFD, 0xFFFE, 0xF79B, 0x5A26, 0x51E5, 0x5205, 0x51E5, 0x51E5, 0x51E5, 0x51E5, 0x49C5,
    0x51E5, 0xC5F5, 0xEF5B, 0xFFFD, 0xFFFD, 0xFFFD, 0xFFFC, 0xFFFC, 0xFFFC, 0xFFFE, 0xFFFE, 0xFFFD, 0xFFFD, 0xFFDA, 0xFFBA, 0xFFBA,
    0xFFBA, 0xFFBA, 0xFFDA, 0xFFDB, 0xFFFB, 0xF77A, 0xEF19, 0xF739, 0xF739, 0xF719, 0xF719, 0xF719, 0xF6F9, 0xF6D8, 0xF6D8, 0xF6D8,
    0xF6D8, 0xF6D8, 0xF6D8, 0xF6F8, 0xF6D8, 0xF6D8, 0xF6D8, 0xF6D8, 0xEED8, 0xEED8, 0xF6D8, 0xF6D8, 0xF6D8, 0xF6D8, 0xF6D8, 0xF6D8,
    0xE656, 0xE635, 0xE655, 0xEE76, 0xF6F8, 0xF6F8, 0xEEB7, 0xF6B7, 0xEEB7, 0xEEB7, 0xEEB7, 0xEEB7, 0xEEB7, 0xF6B8, 0xEEB8, 0xF6B7,
    0xF6D8, 0xF79A, 0xF739, 0xEEB8, 0xF6D8, 0xEED8, 0xF6D9, 0xF719, 0xF77A, 0xF759, 0xF75A, 0xFFDB, 0xFFDB, 0xFFFB, 0xE6B7, 0xC572,
    0x7244, 0xA3C9, 0xA3A9, 0x9BA9, 0x9B89, 0x9B68, 0x9327, 0x8B07, 0x8AE7, 0x9328, 0x8B07, 0x82A6, 0x7A24, 0x69C3, 0x69C3, 0x69C3,
    0x69C3, 0x69C3, 0x69C3, 0x69E3, 0x69E3, 0x71E3, 0x71E3, 0x71E3, 0x7204, 0x7204, 0x7204, 0x7204, 0x7224, 0x7A45, 0x7A65, 0x7A86,
    0x7A86, 0x82A6, 0x82A6, 0x82C6, 0x82C6, 0x82C7, 0x7A86, 0x69E4, 0x6983, 0x71A2, 0x79C3, 0x79E3, 0x79E3, 0x79E3, 0x79E3, 0x79E3,
    0x71C2, 0x6962, 0x6942, 0x6942, 0x6942, 0x6142, 0x6162, 0x61C5, 0x6207, 0x6228, 0x6247, 0x6248, 0x6248, 0x6248, 0x6248, 0x6248,
    0x6248, 0x6248, 0x6248, 0x6248, 0x6248, 0x6248, 0x6248, 0x6248, 0x6248, 0x6248, 0x6248, 0x6248, 0x6248, 0x6248, 0x6248, 0x6248,
    0xAAC4, 0xAAC4, 0xAAE4, 0xAAE4, 0xAAC4, 0xAAC4, 0xAAE4, 0xAAE4, 0xAAC4, 0xAAE4, 0xAAE4, 0xAAE4, 0xAAE4, 0xA2C4, 0xA2C4, 0xA2C4,
    0xA2C4, 0x9A83, 0x9283, 0x9283, 0x9283, 0x9A83, 0x9A83, 0x9A83, 0xA2A3, 0xA2C4, 0xAAC4, 0xAAC4, 0xAAC4, 0xAAC4, 0xAAC4, 0xAAC4,
    0xAAC4, 0xAAC4, 0xAAC4, 0xB2E4, 0x71A2, 0x38A1, 0x40C1, 0x40C1, 0x40E1, 0x40E1, 0x38A1, 0x6162, 0x9A84, 0x9264, 0xAAA4, 0xA284,
    0x9A83, 0xA264, 0xA284, 0xAAC4, 0xAAC4, 0xAAC4, 0xAAC4, 0xAAC4, 0xAAE4, 0x8A01, 0xC550, 0xFFFF, 0xFFFD, 0xFFFD, 0xFFFD, 0xFFFE,
    0xFFFE, 0xFFFE, 0xFFFD, 0xFFFE, 0xFFFE, 0xF7DD, 0x8C0D, 0x7B4A, 0x5A26, 0x51E5, 0x51E5, 0x51E5, 0x51E5, 0x51E5, 0x51E5, 0x49A4,
    0x4163, 0xEF3A, 0xFFFF, 0xFFFD, 0xFFFC, 0xFFFB, 0xFFFB, 0xFFFB, 0xFFFC, 0xFFFE, 0xFFFE, 0xFFDB, 0xFFBA, 0xFFBB, 0xFFBA, 0xFFBA,
    0xFFBA, 0xFFBA, 0xFFDA, 0xFFFB, 0xFFFB, 0xF77A, 0xEED8, 0xF6F9, 0xF6F9, 0xF6F9, 0xF6F9, 0xF6F8, 0xF6F9, 0xF6D8, 0xF6D8, 0xF6D8,
    0xF6F8, 0xF6F8, 0xF6F8, 0xF6F8, 0xF6F8, 0xF6D8, 0xF6D8, 0xF6D8, 0xF6D8, 0xEED8, 0xEED8, 0xF6D8, 0xF6D8, 0xF6D8, 0xF6D8, 0xF6D8,
    0xEE76, 0xE614, 0xE614, 0xE676, 0xF6F8, 0xF6D7, 0xF6B7, 0xE656, 0xEE76, 0xF6B8, 0xF6B7, 0xEEB7, 0xEEB7, 0xEEB7, 0xF6B7, 0xEE97,
    0xEEB8, 0xF77A, 0xFFDB, 0xF73A, 0xEED8, 0xF6D8, 0xF6D9, 0xF6D9, 0xF6D8, 0xF6D9, 0xF719, 0xF719, 0xF75A, 0xFFDB, 0xFFFD, 0xF79A,
    0x7224, 0x9B27, 0xA3A9, 0x9B68, 0x9B48, 0x9348, 0x9327, 0x9308, 0x8AE7, 0x82A6, 0x8285, 0x7A24, 0x71E3, 0x69A2, 0x69A2, 0x69A2,
    0x69A2, 0x69A2, 0x69A2, 0x69A2, 0x69A2, 0x69A2, 0x69A2, 0x69A2, 0x69A2, 0x69A3, 0x69C3, 0x69C3, 0x69C3, 0x69C3, 0x69E3, 0x69E3,
    0x7203, 0x7204, 0x7204, 0x7204, 0x7204, 0x7204, 0x69E4, 0x61A3, 0x6982, 0x71A2, 0x79C3, 0x79E3, 0x79E3, 0x79E3, 0x79E3, 0x79E3,
    0x71C3, 0x6962, 0x6142, 0x6142, 0x6142, 0x6142, 0x6162, 0x61C5, 0x6207, 0x6248, 0x6248, 0x6248, 0x6248, 0x6248, 0x6248, 0x6248,
    0x6248, 0x6248, 0x6248, 0x6248, 0x6248, 0x6248, 0x6248, 0x6248, 0x6248, 0x6248, 0x6248, 0x6248, 0x6248, 0x6248, 0x6248, 0x6248,
    0xAAC4, 0xAAC4, 0xAAE4, 0xAAE4, 0xAAC4, 0xAAE4, 0xAAE4, 0xAAE4, 0xAAE4, 0xAAE4, 0xAAE4, 0xAAE4, 0xAAC4, 0xA2C4, 0xA2C4, 0xAAC4,
    0xA2C4, 0x9AA4, 0x9A83, 0x9A83, 0x9A83, 0x9A83, 0x9A84, 0xA2A4, 0xA2A4, 0xA2C4, 0xAAC4, 0xAAC4, 0xAAC4, 0xAAC4, 0xA2C4, 0xA2C4,
    0xAAC4, 0xA2C4, 0x9AA4, 0x9AA4, 0x59A3, 0x49A4, 0x49A4, 0x49A4, 0x49C4, 0x49A4, 0x49C4, 0x3102, 0x1861, 0x28A1, 0x8244, 0x8A24,
    0x8223, 0x8204, 0x9A63, 0xAAA3, 0xAAC4, 0xAAC4, 0xAAC4, 0xAAC4, 0xA2E5, 0xBC8D, 0xD635, 0xFFFD, 0xFFFC, 0xFFFB, 0xFFFC, 0xFFFE,
    0xFFFE, 0xFFFD, 0xFFFE, 0xFFFE, 0xFFFE, 0xFFFD, 0x6287, 0x4984, 0x5205, 0x51E5, 0x51E5, 0x51E5, 0x51E5, 0x49E5, 0x49C4, 0x5205,
    0x83CC, 0xEF3B, 0xFFFE, 0xFFFC, 0xFFFB, 0xFFFB, 0xFFDB, 0xFFDA, 0xFFFC, 0xFFFD, 0xFFDB, 0xFFBA, 0xFFBA, 0xFFDB, 0xFFDB, 0xFFDA,
    0xFFBA, 0xFFDA, 0xFFBA, 0xFF7A, 0xFF9B, 0xF75A, 0xEED8, 0xEEF8, 0xEEF8, 0xF6F8, 0xF6F8, 0xF6D8, 0xF6D8, 0xF6D8, 0xF6D8, 0xEED8,
    0xEEB7, 0xF6D7, 0xF6D8, 0xF6D8, 0xF6D8, 0xF6D8, 0xF6D8, 0xF6D8, 0xF6D8, 0xF6D8, 0xF6D8, 0xF6D8, 0xF6D8, 0xF6D8, 0xF6D8, 0xF6D8,
    0xF6D7, 0xDE14, 0xEE96, 0xEEB7, 0xEE76, 0xEE96, 0xF6B7, 0xE655, 0xE676, 0xF6B8, 0xF6B7, 0xEEB7, 0xEEB7, 0xEEB7, 0xEEB7, 0xEEB7,
    0xEEB7, 0xF739, 0xFFFD, 0xFFDC, 0xEED8, 0xF6D8, 0xF6D8, 0xF6D9, 0xF6F9, 0xF6F9, 0xF6D9, 0xF6D9, 0xF6F9, 0xF739, 0xF79A, 0xFFBB,
    0xBD10, 0x7A23, 0x92E6, 0x8AC6, 0x8AC6, 0x82A5, 0x8285, 0x7A65, 0x7A24, 0x7203, 0x71E3, 0x71C2, 0x69A2, 0x6982, 0x6982, 0x6982,
    0x6982, 0x6182, 0x6182, 0x6182, 0x6182, 0x6182, 0x6182, 0x6182, 0x6982, 0x6982, 0x69A2, 0x69A2, 0x69A2, 0x69A2, 0x6982, 0x6982,
    0x6182, 0x6182, 0x6182, 0x61A2, 0x6182, 0x61A2, 0x6182, 0x6182, 0x6982, 0x71A2, 0x79E3, 0x79E3, 0x79E3, 0x79E3, 0x79E3, 0x79E3,
    0x71A3, 0x6962, 0x6142, 0x6142, 0x6142, 0x6142, 0x6162, 0x59C5, 0x6207, 0x6227, 0x6227, 0x6228, 0x6228, 0x6227, 0x6227, 0x6227,
    0x6227, 0x6248, 0x6248, 0x6248, 0x6248, 0x6248, 0x6248, 0x6248, 0x6248, 0x6248, 0x6248, 0x6248, 0x6248, 0x6248, 0x6248, 0x6248,
    0xAAC4, 0xA2C4, 0xA2C4, 0xA2C4, 0xA2C4, 0xAAC4, 0xAAC4, 0xAAE4, 0xAAE4, 0xA2E4, 0xAAE4, 0xAAC4, 0xAAC4, 0xAAE4, 0xA2C4, 0xAAE4,
    0xA2C4, 0xA2C4, 0xA2A4, 0xA2A4, 0xA2A4, 0xA2A4, 0xA2A4, 0xA2C4, 0xA2C4, 0xA2C4, 0xA2A4, 0xA2A4, 0xAAC4, 0xA2C4, 0xA2C4, 0xAAE4,
    0xAAE4, 0xAAE5, 0x69C3, 0x38E1, 0x5183, 0x7AC7, 0x6A45, 0x6A65, 0x6A45, 0x6A45, 0x6A66, 0x6225, 0x5A25, 0x4184, 0x1881, 0x20A1,
    0x20A1, 0x2081, 0x8224, 0xAAE4, 0xAAC4, 0xAAC4, 0xAAE4, 0xA283, 0x9A85, 0xF7DD, 0xFFFF, 0xFFFC, 0xFFFC, 0xFFFB, 0xFFFC, 0xFFFE,
    0xFFFD, 0xFFFE, 0xFFFE, 0xFFFE, 0xF7BC, 0xEF5B, 0x6AC8, 0x51C5, 0x51E5, 0x51E5, 0x51E5, 0x49E5, 0x49E5, 0x49E5, 0x49A4, 0x62C8,
    0xFFFE, 0xFFFE, 0xFFFC, 0xFFFB, 0xFFFB, 0xFFDB, 0xFFDB, 0xFFDA, 0xFFFC, 0xFFDC, 0xFFBA, 0xFFBA, 0xFFDB, 0xF779, 0xF759, 0xFFDA,
    0xFFBA, 0xFFDB, 0xFF79, 0xF6D8, 0xF6F8, 0xF6F8, 0xEED8, 0xEEB7, 0xEED8, 0xEEF8, 0xF6F8, 0xF6D8, 0xF6D8, 0xEED8, 0xF6F8, 0xE676,
    0xDE15, 0xE656, 0xE655, 0xE635, 0xE635, 0xE656, 0xEE76, 0xE676, 0xE656, 0xE655, 0xE655, 0xE655, 0xE614, 0xE635, 0xEE76, 0xEE56,
    0xEE76, 0xF6F8, 0xE634, 0xDDD3, 0xDDF4, 0xEE96, 0xF6B7, 0xE635, 0xEE76, 0xF719, 0xF6D8, 0xEE97, 0xEE97, 0xEE77, 0xEEB7, 0xF6F8,
    0xEED8, 0xF6F8, 0xF77B, 0xF77B, 0xEED8, 0xF6D9, 0xF6F9, 0xF6F9, 0xF6F9, 0xF6F9, 0xF6F9, 0xF6F8, 0xF6D9, 0xF6D8, 0xFF7A, 0xFFFC,
    0xE6F8, 0x82A6, 0x8B27, 0x82A5, 0x8224, 0x7A23, 0x7A03, 0x71E3, 0x71C3, 0x71C2, 0x71C2, 0x69C2, 0x69A2, 0x6982, 0x6982, 0x6982,
    0x6982, 0x6182, 0x6182, 0x6182, 0x6182, 0x6182, 0x6182, 0x6182, 0x6182, 0x6982, 0x6982, 0x6982, 0x6982, 0x69A2, 0x69A2, 0x69A2,
    0x69A2, 0x6982, 0x69A2, 0x61A2, 0x61A2, 0x61A2, 0x6182, 0x6182, 0x6982, 0x71A2, 0x79E3, 0x79E3, 0x79E3, 0x79E3, 0x79E3, 0x79E3,
    0x71A3, 0x6962, 0x6142, 0x6142, 0x6142, 0x6142, 0x6142, 0x59A4, 0x59E6, 0x59E6, 0x5A06, 0x5A06, 0x5A06, 0x5A06, 0x5A06, 0x5A07,
    0x5A07, 0x6227, 0x6227, 0x6248, 0x6248, 0x6248, 0x6248, 0x6248, 0x6247, 0x6247, 0x6248, 0x6248, 0x6248, 0x6248, 0x6248, 0x6248,
    0xA2C4, 0xA2C4, 0xA2C4, 0xA2C4, 0xA2C4, 0xAAC4, 0xAAC4, 0xAAE4, 0xA2E4, 0xAAE4, 0xAAE4, 0xAAC4, 0xAAE4, 0xAAE4, 0xA2E4, 0xA2E4,
    0xAAC4, 0xA2C4, 0xA2C4, 0xA2C4, 0xA2C4, 0xA2C4, 0xA2C4, 0xA2A4, 0xA2A4, 0xA2A3, 0xA2C3, 0xA2A3, 0xA2C4, 0xB304, 0x9AA4, 0x4921,
    0x4921, 0x4102, 0x38E1, 0x6A85, 0x8B27, 0x7AC6, 0x5A04, 0x6225, 0x6204, 0x6225, 0x51C4, 0x4184, 0x49A4, 0x49A4, 0x49A4, 0x49A4,
    0x49C4, 0x49A4, 0x3902, 0x38E1, 0x71C3, 0xB325, 0xB2E4, 0xB325, 0x9B48, 0xEF3A, 0xFFFE, 0xFFFE, 0xFFFE, 0xFFFE, 0xFFFE, 0xFFFE,
    0xFFFE, 0xFFFE, 0xFFDE, 0xFFFF, 0x9C90, 0x51E5, 0x5A06, 0x51E5, 0x51E5, 0x51E5, 0x51E5, 0x49E5, 0x51E5, 0x49A4, 0xB553, 0xE73B,
    0xFFDD, 0xFFFD, 0xFFFC, 0xFFFC, 0xFFFB, 0xFFFB, 0xFFDB, 0xFFBA, 0xFFDC, 0xFFDB, 0xFFBA, 0xFFBA, 0xFFBA, 0xF719, 0xEEB7, 0xF77A,
    0xFFDB, 0xFFFB, 0xFF7A, 0xEEB7, 0xF6F8, 0xF719, 0xEED8, 0xEEB7, 0xEEB7, 0xEE76, 0xEE56, 0xE656, 0xEEB7, 0xF6D7, 0xE655, 0xE635,
    0xDDF4, 0xC510, 0xC510, 0xD5B2, 0xDE14, 0xDE14, 0xDDF4, 0xDDF4, 0xDDF3, 0xDDF3, 0xDDD3, 0xCD30, 0xCD10, 0xEE34, 0xEE35, 0xE614,
    0xEEB6, 0xE675, 0xE5F4, 0xDDD3, 0xDE14, 0xEE76, 0xEE97, 0xEE76, 0xE614, 0xE655, 0xE676, 0xEE97, 0xEE97, 0xEE76, 0xEEB7, 0xF6F8,
    0xF6F8, 0xF6D8, 0xEED8, 0xEED8, 0xEED8, 0xEE97, 0xEE77, 0xEE97, 0xF6F9, 0xF6F9, 0xF6F9, 0xEE97, 0xEE77, 0xEE97, 0xF6F8, 0xF719,
    0xEED8, 0xF739, 0xFFFC, 0x9BAA, 0x6960, 0x71E3, 0x71C2, 0x71A2, 0x69A2, 0x69A2, 0x69A2, 0x69A2, 0x6982, 0x6982, 0x6982, 0x6982,
    0x6982, 0x6182, 0x6182, 0x6182, 0x6182, 0x6182, 0x6182, 0x6982, 0x6182, 0x6182, 0x6182, 0x6182, 0x6182, 0x6182, 0x69A2, 0x69A2,
    0x6982, 0x6982, 0x6982, 0x6982, 0x69A2, 0x6182, 0x6182, 0x6182, 0x6982, 0x71A2, 0x79E3, 0x79E3, 0x79E3, 0x79E3, 0x79E3, 0x79E3,
    0x71A2, 0x6962, 0x6942, 0x6942, 0x6142, 0x6142, 0x6162, 0x5983, 0x5984, 0x59A4, 0x59A4, 0x59A4, 0x59A4, 0x59C5, 0x59C5, 0x59C5,
    0x59C5, 0x59E6, 0x6207, 0x6227, 0x6227, 0x6227, 0x6227, 0x6227, 0x6227, 0x6227, 0x6227, 0x6227, 0x6227, 0x6227, 0x6228, 0x6228,
    0xA2C4, 0xA2C4, 0xAAC4, 0xAAC4, 0xAAC4, 0xAAE4, 0xAAE4, 0xAAE4, 0xAAE5, 0xAAE4, 0xAAE4, 0xAAE4, 0xAAE4, 0xAAC4, 0xAAC4, 0xAAC4,
    0xA2C4, 0xA2C4, 0xA2C4, 0xA2A4, 0xA2A4, 0xA2A4, 0xA2A4, 0xA2C4, 0xA2C4, 0xA2A4, 0xA2A3, 0xAAE4, 0x9A84, 0x5142, 0x4121, 0x51A4,
    0x59E5, 0x51E4, 0x59E4, 0x7285, 0x7AC6, 0x6A65, 0x5A04, 0x5A24, 0x6204, 0x6225, 0x3963, 0x18A2, 0x20C2, 0x3123, 0x51E5, 0x49C4,
    0x49C5, 0x49C5, 0x4184, 0x3984, 0x4143, 0x5162, 0x48E1, 0x9C2D, 0xFFFD, 0xFFDD, 0xFFFE, 0xFFFE, 0xFFFE, 0xFFFE, 0xFFFE, 0xFFFE,
    0xFFFE, 0xFFFE, 0xFFDD, 0xFFFF, 0xA4D0, 0x4162, 0x5205, 0x51E5, 0x51E5, 0x51E5, 0x51E5, 0x51E5, 0x49E5, 0x3942, 0xCE37, 0xFFFF,
    0xFFDC, 0xFFFC, 0xFFFC, 0xFFFB, 0xFFFB, 0xFFFB, 0xFF7A, 0xF719, 0xF75A, 0xFFDA, 0xFFDB, 0xFFBA, 0xF718, 0xF6F8, 0xF6F8, 0xF718,
    0xF739, 0xF719, 0xF718, 0xF6D8, 0xF6D8, 0xF6D8, 0xF6D8, 0xEE97, 0xEE97, 0xE614, 0xDDD4, 0xDDF4, 0xE635, 0xE635, 0xDDF4, 0xE614,
    0xE614, 0x7A44, 0x6981, 0x8AC6, 0xB46D, 0xB44D, 0xB44D, 0xB44D, 0xB44D, 0xB42C, 0xCD30, 0xABEB, 0x6161, 0xABAA, 0xCD30, 0xFF18,
    0xE614, 0xE635, 0xE635, 0xD5B2, 0xBCAE, 0xE614, 0xF6B7, 0xEE96, 0xE614, 0xD592, 0xDDD3, 0xEE76, 0xE656, 0xE635, 0xE615, 0xEE76,
    0xEE76, 0xEE97, 0xF6D8, 0xEE97, 0xE655, 0xE655, 0xE635, 0xE655, 0xEE97, 0xEEB7, 0xEE97, 0xEE77, 0xEE77, 0xEE97, 0xEE97, 0xEE77,
    0xEE97, 0xEED8, 0xFF5A, 0xC531, 0x8244, 0x71C2, 0x71A2, 0x71A2, 0x71A2, 0x71A2, 0x69A2, 0x69A2, 0x6982, 0x6982, 0x6982, 0x6982,
    0x6982, 0x6982, 0x6982, 0x6182, 0x6182, 0x6182, 0x6182, 0x6182, 0x6182, 0x6982, 0x6182, 0x6182, 0x6182, 0x6182, 0x6182, 0x6982,
    0x6982, 0x6982, 0x6982, 0x6982, 0x6982, 0x6182, 0x6182, 0x6182, 0x6982, 0x71C2, 0x79E3, 0x79E3, 0x79E3, 0x79E3, 0x79E3, 0x79C3,
    0x6982, 0x6962, 0x6962, 0x6962, 0x6962, 0x6162, 0x6162, 0x6162, 0x5963, 0x5963, 0x5983, 0x5983, 0x5963, 0x5983, 0x5983, 0x5983,
    0x6183, 0x59A4, 0x59C5, 0x59E5, 0x59E5, 0x59E5, 0x59E5, 0x59E5, 0x59E6, 0x59E6, 0x5A06, 0x5A06, 0x5A06, 0x5A06, 0x5A07, 0x5A07,
    0xA2C4, 0xA2C4, 0xAAC4, 0xAAC4, 0xAAC4, 0xAAE4, 0xAAE5, 0xAAE5, 0xAAE4, 0xA2E4, 0xA2E4, 0xAAE4, 0xA2C4, 0xA2C4, 0xA2C4, 0xA2C4,
    0xA2C4, 0xA2A4, 0xA2A4, 0xA2A4, 0xA2A4, 0xA2C4, 0xA2C4, 0xA2C4, 0xA2C4, 0xA2A4, 0xAAC4, 0x8A63, 0x69C3, 0x4183, 0x4163, 0x7286,
    0x7286, 0x6A65, 0x7265, 0x5A25, 0x51E4, 0x59E4, 0x5A05, 0x5A05, 0x5A05, 0x6225, 0x4163, 0x20C2, 0x20E2, 0x3143, 0x51E5, 0x49C5,
    0x49C5, 0x49C5, 0x51E5, 0x51E5, 0x49C5, 0x49A5, 0x4164, 0x49C5, 0xEF7A, 0xFFFE, 0xFFFE, 0xFFFE, 0xFFFE, 0xFFFE, 0xFFFE, 0xFFFE,
    0xFFFE, 0xFFFD, 0xFFFE, 0xB553, 0x6287, 0x51E5, 0x51E5, 0x51E5, 0x51E5, 0x51E5, 0x51E5, 0x51E5, 0x5226, 0x62C8, 0xD677, 0xFFFE,
    0xFFDB, 0xFFFB, 0xFFFB, 0xFFFB, 0xFFFB, 0xFFDB, 0xF719, 0xF719, 0xF719, 0xF739, 0xF739, 0xFF9A, 0xF718, 0xF6F8, 0xF718, 0xF6F8,
    0xF6D8, 0xF6B7, 0xF6D8, 0xF6D8, 0xF6F8, 0xF6F8, 0xF6F8, 0xBCEF, 0xA3CA, 0xCD31, 0xEE56, 0xDDF4, 0xDDD3, 0xDDD4, 0xDDF4, 0xDDB3,
    0xD592, 0x7A24, 0x71A2, 0x79C2, 0x7181, 0x7181, 0x7181, 0x7181, 0x7181, 0x6920, 0x92A6, 0xB3EA, 0x6900, 0x79E3, 0xB46C, 0x92A6,
    0xAB69, 0xC4AE, 0xCD30, 0xBC4D, 0x8A85, 0xC4AE, 0xDDB2, 0xE655, 0xE655, 0xE635, 0xE635, 0xE656, 0xE614, 0xDDB2, 0xDDD3, 0xDDD3,
    0xDDB3, 0xE635, 0xEE76, 0xE655, 0xE634, 0xE634, 0xE635, 0xE635, 0xE655, 0xEE56, 0xEE56, 0xEE76, 0xEE77, 0xEE77, 0xEE97, 0xEE97,
    0xEE97, 0xEE97, 0xEE97, 0xF6D8, 0xD592, 0x7A65, 0x6961, 0x71A2, 0x71A2, 0x71A2, 0x71A2, 0x69A2, 0x69A2, 0x6982, 0x6982, 0x6982,
    0x6982, 0x6982, 0x6982, 0x6182, 0x6982, 0x6182, 0x6182, 0x6182, 0x6182, 0x6982, 0x6182, 0x6182, 0x6182, 0x6982, 0x6982, 0x69A2,
    0x69A2, 0x69A2, 0x69A2, 0x6982, 0x6182, 0x6182, 0x6182, 0x6162, 0x6982, 0x79C2, 0x79E3, 0x79E3, 0x79E3, 0x79E3, 0x79E3, 0x79C3,
    0x6982, 0x6962, 0x6982, 0x71A2, 0x71A2, 0x71A2, 0x71A2, 0x69A2, 0x6982, 0x6982, 0x6982, 0x6983, 0x6982, 0x6182, 0x6183, 0x6183,
    0x6182, 0x6182, 0x6183, 0x6183, 0x6183, 0x6183, 0x6183, 0x6183, 0x6183, 0x6183, 0x61A4, 0x59A4, 0x59A4, 0x59C4, 0x59C5, 0x59C5,
    0xA2C4, 0xA2C4, 0xA2C4, 0xA2C4, 0xA2C4, 0xA2C4, 0xAAC4, 0xAAC4, 0xA2E4, 0xA2E4, 0xA2E4, 0xAAC4, 0xA2C4, 0xA2C4, 0xA2C4, 0xA2C4,
    0xA2C4, 0xA2C4, 0xA2C4, 0xA2C4, 0xA2C4, 0xA2C4, 0xA2C4, 0xA2C4, 0xA2C4, 0xA2A3, 0x9AA4, 0x6183, 0x3922, 0x7AC6, 0x7286, 0x6A65,
    0x6A45, 0x6A45, 0x6245, 0x3123, 0x3943, 0x49C5, 0x2903, 0x2903, 0x3123, 0x3123, 0x2903, 0x20E2, 0x18A2, 0x20E2, 0x3143, 0x41A4,
    0x49C4, 0x3984, 0x41A5, 0x49C5, 0x49E5, 0x5206, 0x5206, 0x3943, 0xE718, 0xFFFE, 0xFFFE, 0xFFFE, 0xFFFE, 0xFFFE, 0xFFFE, 0xFFFE,
    0xFFFE, 0xFFFD, 0xFFFF, 0x940D, 0x4963, 0x5A06, 0x51E5, 0x51E5, 0x51E5, 0x51E5, 0x49C4, 0x3942, 0x5A87, 0xFFFD, 0xFFFD, 0xFFFC,
    0xFFFB, 0xFFDB, 0xFFFB, 0xFFBA, 0xFFBA, 0xFF9A, 0xF719, 0xF6F9, 0xF6F9, 0xEEF8, 0xEEF8, 0xF759, 0xF6F8, 0xF6D8, 0xE655, 0xE655,
    0xEEB7, 0xF6D7, 0xF6F8, 0xF6D8, 0xEEB7, 0xEE97, 0xEEB7, 0xDDF4, 0x8286, 0x8AE7, 0xB42D, 0xD572, 0xE614, 0xE5F4, 0xDDF4, 0x8AA6,
    0x6982, 0x79E3, 0x8A23, 0xA2C4, 0xA2C4, 0xA2E4, 0xA2E4, 0xA2E4, 0xA2A3, 0xC44A, 0xAB87, 0x9222, 0xB387, 0xC46B, 0x9A84, 0x8180,
    0x89C1, 0x81C1, 0x7960, 0x92C6, 0xBC2A, 0x79E2, 0xABEC, 0xEE56, 0xDDF4, 0xDDF4, 0xDDF4, 0xE5F4, 0xE5F4, 0xD551, 0xCCEF, 0xDDB2,
    0xDDD3, 0xDDF3, 0xDE14, 0xE634, 0xE634, 0xE634, 0xE634, 0xE634, 0xE635, 0xEE76, 0xEE76, 0xEE76, 0xEE76, 0xEE77, 0xEE97, 0xEE97,
    0xEE97, 0xEE97, 0xEE97, 0xEE97, 0xFF19, 0x8B08, 0x6981, 0x71C2, 0x69A1, 0x71A2, 0x71A2, 0x69A2, 0x69A2, 0x6982, 0x6982, 0x6982,
    0x69A2, 0x6982, 0x6982, 0x6982, 0x6982, 0x6182, 0x6182, 0x6982, 0x6982, 0x6182, 0x6182, 0x6182, 0x6182, 0x6982, 0x6982, 0x69A2,
    0x61A2, 0x61A2, 0x69A2, 0x69A2, 0x6182, 0x6182, 0x6162, 0x6162, 0x6982, 0x79C2, 0x79E3, 0x79E3, 0x79E3, 0x79E3, 0x79E3, 0x79C2,
    0x6982, 0x6962, 0x71A2, 0x79E3, 0x8203, 0x79E3, 0x79E3, 0x79E3, 0x79E3, 0x71C3, 0x79C3, 0x79C3, 0x71C3, 0x71A2, 0x71A3, 0x69A2,
    0x69A2, 0x69A2, 0x6982, 0x6982, 0x6182, 0x6182, 0x6182, 0x6183, 0x6183, 0x6183, 0x6183, 0x6183, 0x6183, 0x5983, 0x5983, 0x5984,
    0xA2C4, 0xA2C4, 0xA2C4, 0xA2C4, 0xA2C4, 0xA2C4, 0xA2C4, 0xA2C4, 0xA2C4, 0xA2C4, 0xA2C4, 0xA2C4, 0xA2C4, 0xA2C4, 0xA2C4, 0xA2C4,
    0xA2C4, 0xAAE4, 0xAAE4, 0xAAE4, 0xAAC4, 0xAAC4, 0xA2C4, 0xA2C4, 0xAAC4, 0xA2E5, 0x40C1, 0x51A4, 0x7AA6, 0x6A65, 0x6A65, 0x6A65,
    0x6A65, 0x6A65, 0x6A66, 0x2903, 0x20E2, 0x2902, 0x28E3, 0x18C2, 0x1081, 0x18A1, 0x20E2, 0x20E2, 0x1081, 0x1081, 0x0881, 0x3143,
    0x3964, 0x1081, 0x3143, 0x49E6, 0x49C5, 0x41C5, 0x3123, 0x28E2, 0xE718, 0xFFFC, 0xFFDC, 0xFFFE, 0xFFFE, 0xFFFE, 0xFFFD, 0xFFFD,
    0xFFFD, 0xFFFD, 0xFFFF, 0x940D, 0x4963, 0x5A26, 0x51E5, 0x51E5, 0x5205, 0x49A4, 0x7309, 0xC5F4, 0xCE36, 0xFFFE, 0xFFFD, 0xFFFB,
    0xFFFB, 0xFFFB, 0xFFDB, 0xF6F8, 0xF6D8, 0xF6F8, 0xF6F8, 0xF6F8, 0xF6F9, 0xF6F9, 0xF6F9, 0xF6F8, 0xF6F8, 0xEE97, 0xCD72, 0xD592,
    0xE655, 0xE655, 0xEE56, 0xEE56, 0xE635, 0xE635, 0xE656, 0xEE97, 0x8AA6, 0x6120, 0x6141, 0x7A45, 0x8286, 0x7A65, 0x7A45, 0x6161,
    0x6961, 0xB387, 0xAB25, 0xA2C4, 0xAB04, 0xAAE4, 0xAB04, 0xAB04, 0xA283, 0xCCAB, 0xBBE8, 0x9A62, 0xBC09, 0xB387, 0x9A22, 0xA2A3,
    0xA283, 0x9A22, 0xA2E5, 0xB3C9, 0x8A64, 0x81C2, 0x8A65, 0x92C7, 0x92C6, 0x92C6, 0x92A6, 0x92A6, 0x92C7, 0x8224, 0x8224, 0xCD10,
    0xD5B2, 0xDDF3, 0xDDF3, 0xDE14, 0xDDF4, 0xDDF4, 0xE614, 0xE614, 0xE634, 0xEE56, 0xEE76, 0xEE76, 0xEE76, 0xEE77, 0xEE97, 0xEE97,
    0xEE97, 0xEE97, 0xEE97, 0xEE97, 0xEE77, 0xEE97, 0x9369, 0x5920, 0x71C2, 0x71A2, 0x71A2, 0x69A2, 0x69A2, 0x6982, 0x6982, 0x6982,
    0x69A2, 0x6982, 0x6982, 0x6982, 0x6982, 0x6182, 0x6182, 0x6182, 0x6182, 0x6182, 0x6982, 0x6982, 0x6182, 0x6982, 0x6982, 0x69A2,
    0x61A2, 0x61A2, 0x69A2, 0x69A2, 0x61A2, 0x6182, 0x6162, 0x6162, 0x6982, 0x79C2, 0x79E3, 0x79E3, 0x79E3, 0x79E3, 0x79E3, 0x79C2,
    0x6962, 0x6962, 0x71A3, 0x79E3, 0x8203, 0x7A03, 0x7A03, 0x7A03, 0x8203, 0x7A03, 0x7A03, 0x79E3, 0x7A03, 0x79E3, 0x79E3, 0x79E3,
    0x7A03, 0x79E3, 0x71E3, 0x71C3, 0x71A3, 0x71C2, 0x71C2, 0x71C3, 0x69A3, 0x69A3, 0x69A2, 0x69A2, 0x69A2, 0x6182, 0x6182, 0x6183,
    0xA2C4, 0xA2C4, 0xA2C4, 0xA2C4, 0xA2C4, 0xA2C4, 0xA2C4, 0xA2C4, 0xA2C4, 0xA2C4, 0xA2C4, 0xA2C4, 0xA2C4, 0xA2C4, 0xA2C4, 0xA2C4,
    0xA2C4, 0xA2C4, 0xA2C4, 0xA2C4, 0xA2C4, 0xA2A4, 0xA2A3, 0xA2A4, 0x9264, 0x6182, 0x6225, 0x6A65, 0x7265, 0x6A65, 0x6A65, 0x6A45,
    0x5A05, 0x5A05, 0x5A25, 0x3123, 0x20E2, 0x20E3, 0x2903, 0x20C2, 0x0840, 0x1061, 0x1081, 0x1081, 0x1081, 0x1081, 0x10A1, 0x1081,
    0x1081, 0x0881, 0x2903, 0x3964, 0x3984, 0x2902, 0x3143, 0x6B09, 0xEF39, 0xFFFB, 0xFFDB, 0xFFFE, 0xFFFE, 0xFFFE, 0xFFFD, 0xFFFD,
    0xFFFD, 0xFFFD, 0xFFFD, 0xCE15, 0x6AA7, 0x4963, 0x51E5, 0x51E5, 0x49A4, 0x3921, 0x838B, 0xFFFF, 0xFFFD, 0xFFFC, 0xFFFC, 0xFFDB,
    0xFFDB, 0xFFDB, 0xFFDB, 0xF6F8, 0xF6D8, 0xF6F8, 0xF6F8, 0xF6F8, 0xF6F8, 0xEED8, 0xEEB7, 0xEEB7, 0xF6D8, 0xF6D7, 0x9B8B, 0x7245,
    0xCD72, 0xE655, 0xDE14, 0xE615, 0xDDD4, 0xD572, 0x9349, 0x8285, 0x7A03, 0x8223, 0x8223, 0x79E2, 0x79E2, 0x79E2, 0x79E2, 0x79C2,
    0x79E2, 0xBB87, 0xAB25, 0xA2E4, 0xAB04, 0xAB04, 0xAB05, 0xA2C3, 0xCCAB, 0xCC8B, 0xB365, 0xC408, 0xBBA7, 0xA2A3, 0xAAC4, 0xA283,
    0x9A42, 0xBC4A, 0xCC6B, 0xA2E5, 0xAAE4, 0xB346, 0xB346, 0xB325, 0xB366, 0xB345, 0xB345, 0xB346, 0xB366, 0xB367, 0x9AC6, 0x9B28,
    0xA369, 0xB42D, 0xC4EF, 0xCD31, 0xCD31, 0xCD51, 0xE614, 0xE614, 0xDE13, 0xEE56, 0xEE97, 0xEE96, 0xEE96, 0xEE76, 0xEE97, 0xEE97,
    0xEE97, 0xEE97, 0xEE97, 0xEE97, 0xEE97, 0xF6D8, 0xD5D4, 0x9B6A, 0x6961, 0x71C2, 0x71A2, 0x69A2, 0x69A2, 0x6982, 0x6982, 0x6982,
    0x6982, 0x69A2, 0x6982, 0x6982, 0x6982, 0x6982, 0x6982, 0x6182, 0x6182, 0x6182, 0x6182, 0x6182, 0x6182, 0x6182, 0x6982, 0x69A2,
    0x61A2, 0x61A2, 0x61A2, 0x6982, 0x6182, 0x6182, 0x6162, 0x6162, 0x6982, 0x79C3, 0x79E3, 0x79E3, 0x79E3, 0x79E3, 0x79E3, 0x79C3,
    0x6961, 0x6962, 0x71A3, 0x7A03, 0x8203, 0x8203, 0x7A03, 0x7A03, 0x7A03, 0x7A03, 0x7A03, 0x7A03, 0x7A03, 0x7A03, 0x7A03, 0x7A03,
    0x7A03, 0x7A03, 0x7A03, 0x7A03, 0x7A03, 0x7A03, 0x8203, 0x8204, 0x7A03, 0x7A03, 0x7A03, 0x7A03, 0x71E3, 0x71C3, 0x71C3, 0x71C3,
    0xA2C4, 0xA2C4, 0xA2C4, 0xA2C4, 0xA2C4, 0xA2C4, 0xA2C4, 0xA2C4, 0xA2C4, 0xA2C4, 0xA2C4, 0xA2C4, 0xA2C4, 0xA2C4, 0xA2A4, 0xA2A4,
    0xA2A3, 0xA2A3, 0xA2A3, 0xA284, 0x9A83, 0x9A63, 0x9A83, 0x9A83, 0x8223, 0x4122, 0x7286, 0x7285, 0x6A65, 0x6A65, 0x6A65, 0x49A4,
    0x28E2, 0x28E3, 0x28E3, 0x28E3, 0x28E3, 0x28E3, 0x20E3, 0x28E3, 0x2903, 0x18A1, 0x0860, 0x1081, 0x1081, 0x1081, 0x1081, 0x1081,
    0x10A1, 0x1081, 0x20E3, 0x3144, 0x2903, 0x1040, 0x8C2E, 0xFFFF, 0xFFDC, 0xFFFD, 0xFFFD, 0xFFFE, 0xFFFE, 0xFFFE, 0xFFFE, 0xFFFD,
    0xFFFD, 0xFFFD, 0xFFFD, 0xFFFF, 0xACF1, 0x7309, 0x5A25, 0x49C3, 0x7329, 0x7B6B, 0xACF0, 0xFFFD, 0xFFDB, 0xFFDB, 0xFFDB, 0xFFDB,
    0xFFDB, 0xFFDB, 0xFFBB, 0xF6F8, 0xF6D8, 0xF6D8, 0xF6D8, 0xF6D8, 0xF6F8, 0xEEB7, 0xDE14, 0xE635, 0xDDD3, 0xAC2C, 0x8265, 0x5941,
    0xBC8E, 0xE614, 0xD593, 0xDDB3, 0xCCF0, 0x71E3, 0x71A2, 0x79C2, 0x8203, 0x8A64, 0x9284, 0x92A4, 0x92A4, 0x9AC4, 0x9A84, 0x9223,
    0x8A43, 0xB366, 0xBBA7, 0xBB86, 0xB345, 0xCBE8, 0xB346, 0xA2A3, 0xD54E, 0xCCCD, 0xBB65, 0xD449, 0xC3E7, 0xC3C7, 0xC3A6, 0xCC29,
    0xCC4A, 0xD52E, 0xAB05, 0xB324, 0xCC07, 0xC3E7, 0xC3E7, 0xC3E7, 0xC3C7, 0xC3C7, 0xC3E7, 0xC3C7, 0xBB87, 0xB367, 0xB367, 0xA2E6,
    0x9AC6, 0x9AC7, 0xB40C, 0xC48E, 0xBC6D, 0xC4CF, 0xDDB3, 0xDDD3, 0xDDF3, 0xDDF3, 0xE614, 0xDE14, 0xDDF4, 0xE655, 0xEE76, 0xEE97,
    0xEE97, 0xEE97, 0xEE97, 0xEE97, 0xEE98, 0xEE77, 0xFF3A, 0xCD31, 0x6961, 0x71C2, 0x71A2, 0x69A2, 0x69A2, 0x6982, 0x6982, 0x6982,
    0x6982, 0x6982, 0x6982, 0x6982, 0x6982, 0x6982, 0x6982, 0x6182, 0x6182, 0x6182, 0x6182, 0x6182, 0x6182, 0x6182, 0x6182, 0x69A2,
    0x6182, 0x61A2, 0x6182, 0x6182, 0x6182, 0x6182, 0x6162, 0x6162, 0x6982, 0x79C3, 0x79E3, 0x79E3, 0x79E3, 0x79E3, 0x79E3, 0x79C3,
    0x6961, 0x6962, 0x71A2, 0x79E3, 0x8203, 0x8203, 0x7A03, 0x7A03, 0x7A03, 0x7A03, 0x7A03, 0x7A03, 0x7A03, 0x7A03, 0x7A03, 0x7A03,
    0x7A03, 0x7A03, 0x7A03, 0x8203, 0x8203, 0x8203, 0x8203, 0x8203, 0x7A03, 0x7A03, 0x7A03, 0x7A03, 0x7A03, 0x7A03, 0x7A03, 0x79E3,
    0xA2C4, 0xA2C4, 0xA2C4, 0xA2C4, 0xA2C4, 0xA2C4, 0xA2C4, 0xA2A4, 0x9AA4, 0x9AA4, 0x9AA4, 0x9A84, 0x9A84, 0x9A84, 0x9A84, 0x9A84,
    0x9A83, 0x9A83, 0xA284, 0x9A83, 0xA2A4, 0x9A84, 0x4901, 0x38E1, 0x4102, 0x6225, 0x6A65, 0x6A65, 0x6A65, 0x7286, 0x6265, 0x3103,
    0x2903, 0x2903, 0x2902, 0x28E3, 0x28E3, 0x28E3, 0x28E3, 0x28E3, 0x2903, 0x20E3, 0x1081, 0x0860, 0x1081, 0x1081, 0x1081, 0x1081,
    0x10A1, 0x1081, 0x20C2, 0x2923, 0x18C2, 0x0800, 0x83AD, 0xFFFE, 0xFFDC, 0xFFFD, 0xFFFD, 0xFFFD, 0xFFFD, 0xFFFE, 0xFFFE, 0xFFFE,
    0xFFFD, 0xFFFD, 0xFFFD, 0xFFFC, 0xFFFD, 0xFFFD, 0xB551, 0xACCE, 0xEF59, 0xFFFE, 0xFFFD, 0xFFFC, 0xFFDB, 0xFFDB, 0xFFDB, 0xFFFB,
    0xFFDB, 0xFFDB, 0xFF7A, 0xF6D8, 0xF6D8, 0xF6D8, 0xF6D8, 0xF6D8, 0xF6F8, 0xEEB7, 0xE614, 0xE635, 0xDDD3, 0x69C2, 0x6981, 0x71C2,
    0x69A2, 0x69C3, 0x69A3, 0x69A2, 0x71C3, 0x71A1, 0x8203, 0x92C5, 0x9284, 0x9284, 0x8A84, 0x9284, 0x9263, 0xAB46, 0xB346, 0x9263,
    0x9243, 0xBB87, 0xC3E7, 0xC3C7, 0xBB65, 0xD448, 0xBB66, 0xAAC4, 0xCCEC, 0xCCAB, 0xC3C6, 0xCC28, 0xCBE7, 0xCC07, 0xC3A6, 0xDD0C,
    0xD4AB, 0xB386, 0xBB66, 0xB345, 0xC3C7, 0xC3C7, 0xC3C6, 0xC3A6, 0xC3A7, 0xC3A7, 0xC3C7, 0xC3C7, 0xC3E8, 0xCC6A, 0xCC6A, 0xD48A,
    0xCC4A, 0xB389, 0xAB69, 0x9B49, 0x9B49, 0xA3CB, 0xC4CF, 0xCD30, 0xDDD3, 0xDDD3, 0xDDD3, 0xDDB2, 0xD5B2, 0xE635, 0xEE56, 0xEE76,
    0xEE77, 0xEE97, 0xEE98, 0xEE97, 0xEE98, 0xEE97, 0xF6F9, 0xBCCF, 0x6120, 0x71A2, 0x71A2, 0x69A2, 0x69A2, 0x6982, 0x6982, 0x6982,
    0x6983, 0x6983, 0x6983, 0x6982, 0x6982, 0x6982, 0x6982, 0x6182, 0x6182, 0x6182, 0x6182, 0x6182, 0x6182, 0x6182, 0x61A2, 0x61A2,
    0x6182, 0x6182, 0x6182, 0x6182, 0x6182, 0x6182, 0x6162, 0x6142, 0x6982, 0x79C3, 0x79E3, 0x79E3, 0x79E3, 0x79E3, 0x79E3, 0x79C3,
    0x6961, 0x6962, 0x71A2, 0x7A03, 0x8203, 0x7A03, 0x7A03, 0x7A03, 0x7A03, 0x7A03, 0x7A03, 0x7A03, 0x7A03, 0x7A03, 0x7A03, 0x7A03,
    0x7A03, 0x7A03, 0x7A03, 0x8203, 0x8203, 0x8203, 0x8203, 0x8203, 0x8203, 0x8203, 0x8203, 0x8203, 0x8203, 0x8223, 0x8223, 0x8203,
    0xA2A4, 0xA2A4, 0xA2A4, 0xA2A4, 0xA2A4, 0xA2A4, 0x9AA4, 0x9AA4, 0x9AA3, 0x9AA3, 0x9A83, 0x9A83, 0x9A83, 0x9A83, 0x9A83, 0xA283,
    0xA284, 0xA2A4, 0xA283, 0xA2C4, 0x79E3, 0x4102, 0x59E4, 0x6225, 0x6225, 0x6A65, 0x6A65, 0x7265, 0x6A66, 0x5A05, 0x51E5, 0x3123,
    0x2903, 0x4184, 0x41C4, 0x2923, 0x20E3, 0x28E3, 0x28E3, 0x28E3, 0x28E3, 0x2903, 0x20E2, 0x1081, 0x1081, 0x1081, 0x1081, 0x1081,
    0x1081, 0x1081, 0x1081, 0x10A1, 0x20C2, 0x1881, 0x83CD, 0xFFFE, 0xFFFC, 0xFFFD, 0xFFFD, 0xFFFD, 0xFFFD, 0xFFFD, 0xFFFD, 0xFFFD,
    0xFFFC, 0xFFFD, 0xFFFD, 0xFFFD, 0xFFFD, 0xFFFC, 0xFFFD, 0xFFFD, 0xFFFC, 0xFFDB, 0xFFDB, 0xFFFB, 0xFFFB, 0xFFDB, 0xFFFB, 0xF79A,
    0xF79A, 0xFFDA, 0xFFBA, 0xF718, 0xF6D8, 0xF6D8, 0xF6F8, 0xEEB7, 0xE635, 0xE635, 0xE614, 0xE614, 0xE634, 0x8AC7, 0x6941, 0x8203,
    0x7A03, 0x79E3, 0x8203, 0x7A03, 0x8A43, 0x8A84, 0x9284, 0x9284, 0x9284, 0x92A4, 0x9AA4, 0x9284, 0x9264, 0xAB46, 0xBBA7, 0xBBA7,
    0xBBA7, 0xBBC7, 0xC3E7, 0xCBE7, 0xCBE7, 0xDC69, 0xC3A6, 0xC449, 0xD52D, 0xC3A6, 0xD489, 0xCC07, 0xCBE7, 0xC3A6, 0xE52C, 0xCC69,
    0xCC08, 0xCC28, 0xD448, 0xC3C7, 0xC3C7, 0xC3C7, 0xC3C7, 0xC3C7, 0xC3C7, 0xC3A6, 0xC3A6, 0xBBA6, 0xC408, 0xBBE9, 0xBBC9, 0xBBE9,
    0xBBE9, 0xBC0A, 0xAB89, 0xA349, 0xA38A, 0x9B8A, 0x9B8A, 0xB42C, 0xCD10, 0xDDB2, 0xD5B2, 0xDDD3, 0xDDB3, 0xDDD3, 0xEE55, 0xEE55,
    0xEE76, 0xEE97, 0xEE97, 0xEE97, 0xEE97, 0xEE98, 0xF6B8, 0xDE15, 0x8AE7, 0x6982, 0x71A2, 0x69A2, 0x69A2, 0x6982, 0x6982, 0x6982,
    0x6982, 0x6982, 0x6982, 0x6982, 0x6982, 0x6182, 0x6182, 0x6982, 0x6182, 0x6182, 0x6982, 0x6982, 0x6982, 0x61A2, 0x6182, 0x6182,
    0x6182, 0x6182, 0x6182, 0x6182, 0x6182, 0x6182, 0x5962, 0x6142, 0x7182, 0x79C3, 0x79E3, 0x79E3, 0x79E3, 0x79E3, 0x79E3, 0x71C3,
    0x6962, 0x6162, 0x71A2, 0x79E3, 0x7A03, 0x7A03, 0x7A03, 0x7A03, 0x7A03, 0x7A03, 0x7A03, 0x7A03, 0x7A03, 0x79E3, 0x79E3, 0x8203,
    0x8203, 0x8203, 0x8203, 0x8203, 0x8203, 0x8203, 0x8203, 0x8203, 0x8203, 0x8203, 0x8203, 0x8203, 0x8203, 0x8203, 0x8203, 0x8203,
    0xA2A4, 0xA2A4, 0xA2A4, 0x9A83, 0x9A83, 0x9A83, 0x9A83, 0x9AA3, 0x9A83, 0x9A83, 0x9A83, 0x9A83, 0x9A83, 0xA283, 0xA283, 0xA2A4,
    0xA2A4, 0xA2A4, 0xA2A3, 0x9A64, 0x69E4, 0x4163, 0x7265, 0x72A6, 0x7286, 0x7286, 0x6A65, 0x6245, 0x6A46, 0x3943, 0x20E2, 0x2903,
    0x2903, 0x3984, 0x41A4, 0x2923, 0x28E2, 0x28E3, 0x28E3, 0x28E3, 0x28E3, 0x28E3, 0x2903, 0x20E3, 0x1081, 0x1081, 0x1081, 0x1081,
    0x1081, 0x1081, 0x10A1, 0x0000, 0x944F, 0xF79D, 0xEF7B, 0xFFFD, 0xFFFC, 0xFFFD, 0xFFFD, 0xFFFD, 0xFFFD, 0xFFFD, 0xFFFD, 0xFFDA,
    0xFFDA, 0xFFDC, 0xFFFC, 0xFFBB, 0xF779, 0xFF9A, 0xFFFC, 0xFFFC, 0xFFFC, 0xFFDB, 0xFFDB, 0xFFDB, 0xFFDB, 0xFFFC, 0xF77A, 0xEED8,
    0xF759, 0xFFDB, 0xFFDA, 0xF6F8, 0xF6D8, 0xEED8, 0xEE76, 0xE635, 0xDDF4, 0xDDF4, 0xE5F3, 0xE634, 0xB44D, 0x71C2, 0x8203, 0x8A43,
    0x8A63, 0x8A44, 0x8A44, 0x8A44, 0x9284, 0x92A4, 0x92A4, 0x9284, 0x92A4, 0xA2E5, 0xB366, 0xB366, 0x9AA4, 0xAB26, 0xBB87, 0xBBA7,
    0xBBA7, 0xBBA7, 0xD4EB, 0xD489, 0xC3A6, 0xDC69, 0xC3C7, 0xCC8B, 0xDD8E, 0xC3A6, 0xD469, 0xCBE7, 0xC3A6, 0xDCEB, 0xDD4D, 0xCC28,
    0xD448, 0xD449, 0xD449, 0xC3C7, 0xCC07, 0xCBE7, 0xC3A6, 0xC3C7, 0xCC07, 0xBB86, 0xBB86, 0xCBE7, 0xC408, 0x9284, 0x8A64, 0x8A85,
    0x8A64, 0x8A64, 0x8A65, 0x8AA6, 0x9308, 0xA3AA, 0xA3CB, 0xA3CB, 0xB42C, 0xC4CE, 0xC4EF, 0xDDB3, 0xDDB3, 0xDDD3, 0xDDD3, 0xDDD3,
    0xE635, 0xF697, 0xEE97, 0xEE97, 0xEE98, 0xEE98, 0xEE97, 0xF6D8, 0xE677, 0xCD72, 0x71E3, 0x69A2, 0x69A3, 0x69A3, 0x69A3, 0x69A3,
    0x69A2, 0x6982, 0x6982, 0x6982, 0x6982, 0x6982, 0x6982, 0x6182, 0x6182, 0x6182, 0x6182, 0x6182, 0x6182, 0x6182, 0x6182, 0x6182,
    0x6182, 0x6182, 0x6182, 0x6182, 0x6182, 0x6182, 0x5962, 0x6142, 0x7182, 0x79C3, 0x79E3, 0x79E3, 0x79C3, 0x79E3, 0x79E3, 0x71C2,
    0x6141, 0x6142, 0x6982, 0x71A2, 0x71C2, 0x71C2, 0x79C2, 0x79E3, 0x79E3, 0x79E3, 0x79E3, 0x79E3, 0x79E3, 0x79E3, 0x79E3, 0x8203,
    0x8203, 0x8203, 0x8203, 0x8203, 0x8203, 0x8203, 0x8203, 0x8203, 0x8203, 0x8203, 0x8203, 0x8203, 0x8203, 0x8203, 0x8203, 0x8203,
    0x9A83, 0xA2A4, 0xA2A4, 0x9A83, 0x9A83, 0x9AA3, 0x9AA3, 0x9AA4, 0x9AA3, 0x9AA4, 0x9AA4, 0xA2A4, 0xA2A4, 0xA2A4, 0xA2A3, 0xA2A4,
    0xA2A3, 0xA2A4, 0xA2C5, 0x40E1, 0x4142, 0x82C7, 0x7265, 0x7286, 0x6245, 0x51E4, 0x51E4, 0x51E4, 0x51E5, 0x3123, 0x20E3, 0x2903,
    0x20C2, 0x1081, 0x20E3, 0x28E3, 0x28E3, 0x28E3, 0x28E3, 0x2903, 0x28E3, 0x20E3, 0x28E3, 0x28E3, 0x10A1, 0x0880, 0x1081, 0x1081,
    0x1081, 0x1081, 0x10A1, 0x0820, 0x7B6C, 0xCE78, 0xFFFD, 0xFFFC, 0xFFFC, 0xFFFD, 0xFFFD, 0xFFFD, 0xFFFD, 0xFFFD, 0xFFFD, 0xFFDB,
    0xFFDA, 0xFFBA, 0xFF9A, 0xFF7A, 0xFF59, 0xFF7A, 0xFFFC, 0xFFFC, 0xFFFC, 0xFFFB, 0xFFFB, 0xFFDB, 0xFFDB, 0xFFDB, 0xF75A, 0xEED8,
    0xF719, 0xF759, 0xF739, 0xEED8, 0xF6D8, 0xEED8, 0xE615, 0xD5B3, 0xE635, 0xC4CF, 0x8245, 0x8A86, 0x79E3, 0x81E2, 0x9264, 0x8A43,
    0x8223, 0x8223, 0x8A44, 0x8A44, 0x9264, 0x9284, 0x9284, 0x9284, 0x9AC5, 0xB387, 0xC3C7, 0xC3E7, 0xBBA7, 0xBB86, 0xBBC6, 0xDCCA,
    0xCC28, 0xBBA7, 0xD48A, 0xD449, 0xC3C7, 0xD469, 0xC3A6, 0xCC8A, 0xE5AF, 0xC3A6, 0xD428, 0xCC28, 0xCC6A, 0xED8D, 0xD489, 0xDCA9,
    0xD489, 0xD448, 0xD449, 0xCC28, 0xDC89, 0xC3C7, 0xC3C7, 0xCC28, 0xCC07, 0xBB86, 0xCC07, 0xCC28, 0xBB87, 0xB325, 0xBB87, 0x9223,
    0x8A44, 0x8A64, 0x8A65, 0x92E7, 0x9308, 0xA3AA, 0xABCB, 0xABCB, 0xABCB, 0xABCB, 0xC4AE, 0xD572, 0xDDB3, 0xDDB3, 0xDDB3, 0xDDB3,
    0xE614, 0xE635, 0xE635, 0xEE77, 0xEE98, 0xEE97, 0xEE97, 0xEE97, 0xF6D8, 0xE656, 0x69C3, 0x71C2, 0x71C3, 0x71C3, 0x71C3, 0x71C3,
    0x69A2, 0x69A2, 0x69A2, 0x69A3, 0x69A2, 0x69A2, 0x69A2, 0x69A2, 0x6982, 0x6982, 0x6982, 0x6182, 0x6182, 0x6182, 0x6182, 0x6182,
    0x6182, 0x6182, 0x6182, 0x6182, 0x6182, 0x6162, 0x5962, 0x6162, 0x7182, 0x79C3, 0x79C3, 0x79E3, 0x79C3, 0x79C3, 0x79C3, 0x71A2,
    0x6141, 0x6142, 0x6142, 0x6142, 0x6142, 0x6142, 0x6142, 0x6982, 0x71A2, 0x71A2, 0x71A2, 0x71C3, 0x79C3, 0x79C3, 0x79E3, 0x79E3,
    0x79E3, 0x7A03, 0x79E3, 0x79E3, 0x8203, 0x8203, 0x8203, 0x8203, 0x8203, 0x8203, 0x8203, 0x8223, 0x8203, 0x8203, 0x8203, 0x8203,
    0x9A83, 0xA2A4, 0xA2A4, 0xA2A4, 0xA2A4, 0xA2A4, 0xA2C4, 0xA2A4, 0xA2C4, 0xA2A4, 0xA2C4, 0xA2C4, 0xA2A4, 0xA2A4, 0xA2A3, 0xA2A4,
    0xA284, 0xA2C4, 0x5142, 0x4984, 0x6205, 0x7286, 0x7265, 0x6A46, 0x4183, 0x20A1, 0x3102, 0x3943, 0x3943, 0x2903, 0x28E3, 0x2903,
    0x18C2, 0x1081, 0x20E3, 0x28E3, 0x2903, 0x28E3, 0x2903, 0x18C2, 0x20E2, 0x18A2, 0x20E3, 0x2904, 0x18A2, 0x0881, 0x1081, 0x1081,
    0x1081, 0x1081, 0x1081, 0x10A1, 0x0800, 0x3984, 0xFFDC, 0xFFFD, 0xFFFD, 0xFFFD, 0xFFFD, 0xFFFD, 0xFFFD, 0xFFFD, 0xFFFD, 0xFF9A,
    0xFF9A, 0xFF9A, 0xFF7A, 0xFF7A, 0xFF7A, 0xFF7A, 0xFFDB, 0xEF39, 0xF75A, 0xFFBB, 0xFF9A, 0xFFDB, 0xF779, 0xEEF8, 0xF6F8, 0xF6F8,
    0xEED8, 0xEE97, 0xEE76, 0xEE97, 0xEE97, 0xEE97, 0xE635, 0xAC0C, 0xABEB, 0x9B08, 0x7141, 0x79C2, 0x81E2, 0x8A43, 0x8A43, 0x8A43,
    0x9AA4, 0x9284, 0x8243, 0x8A44, 0x9284, 0x9AC5, 0xAB45, 0xA305, 0xA2C5, 0xB366, 0xCC48, 0xD469, 0xCC28, 0xCC08, 0xDCA9, 0xED6C,
    0xED6C, 0xC3E7, 0xC3C7, 0xCBE7, 0xCBE7, 0xD448, 0xCBE7, 0xD52D, 0xD50B, 0xCC07, 0xCC07, 0xD449, 0xEE51, 0xD4AA, 0xDCA9, 0xDCCA,
    0xDC89, 0xD469, 0xDCA9, 0xDC89, 0xDCAA, 0xCC28, 0xCC28, 0xCC28, 0xCBE7, 0xCBE7, 0xD448, 0xCBE7, 0xC3A7, 0xCC28, 0xB326, 0x8A03,
    0x9264, 0x8A64, 0x8A65, 0x9B28, 0x9B49, 0xA3AA, 0xABEB, 0xABEB, 0xABEB, 0xABCB, 0xC4AF, 0xD571, 0xDDB3, 0xDDD3, 0xDDD3, 0xDDD3,
    0xE5F4, 0xE5F5, 0xE615, 0xEE56, 0xEE97, 0xEEB8, 0xF6B8, 0xEEB8, 0xF6D8, 0xDE15, 0x69A3, 0x71C2, 0x79E3, 0x71E2, 0x71E3, 0x71E3,
    0x71E3, 0x71C3, 0x71C3, 0x71C3, 0x71C2, 0x69C2, 0x69C3, 0x69A2, 0x69A2, 0x69A2, 0x69A2, 0x69A2, 0x69A2, 0x69A2, 0x6982, 0x6982,
    0x6182, 0x6182, 0x6182, 0x6182, 0x6182, 0x6161, 0x6162, 0x6162, 0x7182, 0x79C3, 0x79C3, 0x79C3, 0x79C3, 0x79C2, 0x79C3, 0x71A2,
    0x6142, 0x6141, 0x5941, 0x5922, 0x5921, 0x5102, 0x5102, 0x5101, 0x5922, 0x5922, 0x5922, 0x5942, 0x5942, 0x5942, 0x6162, 0x6982,
    0x6982, 0x69A2, 0x69A2, 0x71C3, 0x79E3, 0x79E3, 0x7A03, 0x8203, 0x8203, 0x8223, 0x8223, 0x8203, 0x8203, 0x8203, 0x8203, 0x8203,
    0xA2A4, 0xA2A4, 0xA2A4, 0xA2A4, 0xA2A4, 0xA2C4, 0xA2C4, 0xA2C4, 0xA2C4, 0xA2A4, 0xA2C4, 0xA2A4, 0xA2A4, 0xA2A4, 0xA2A3, 0xA2A4,
    0xA2A4, 0x9AA5, 0x40E1, 0x5A05, 0x7AA6, 0x6A65, 0x72A6, 0x4984, 0x1881, 0x20C2, 0x18A2, 0x18A2, 0x20C2, 0x28E3, 0x2903, 0x28E3,
    0x28E3, 0x20E3, 0x28E3, 0x28E3, 0x2903, 0x28E3, 0x2903, 0x18C2, 0x1081, 0x1081, 0x10A1, 0x18A2, 0x1081, 0x0881, 0x1081, 0x1081,
    0x1081, 0x1081, 0x1081, 0x10A1, 0x1060, 0x41E6, 0xFFDD, 0xFFFD, 0xFFFD, 0xFFFC, 0xFFFD, 0xFFFE, 0xFFFD, 0xFFFD, 0xFFBB, 0xFF7A,
    0xFF7A, 0xFF7A, 0xFF7A, 0xFF7A, 0xFF7A, 0xFF59, 0xFF59, 0xF719, 0xF719, 0xF719, 0xF719, 0xF739, 0xF6F8, 0xF6F8, 0xF6F8, 0xF6F8,
    0xEED7, 0xE656, 0xE656, 0xE656, 0xE635, 0xE676, 0xE635, 0x7A04, 0x6940, 0x7182, 0x81C2, 0x9264, 0x9263, 0x9263, 0x9263, 0x9284,
    0xAB46, 0xAB66, 0x9AA4, 0x8A44, 0x9285, 0x9AC5, 0xBBA6, 0xCC07, 0xB346, 0xBB86, 0xDCA9, 0xE4EA, 0xD469, 0xCC08, 0xDCA9, 0xED4C,
    0xED6C, 0xE50B, 0xCC28, 0xCBE7, 0xCBE7, 0xD428, 0xCC08, 0xDD2D, 0xCC07, 0xCC07, 0xCC28, 0xD4AA, 0xE5AE, 0xDCAA, 0xDCCA, 0xDCCA,
    0xDCCA, 0xDCA9, 0xDCCA, 0xE4EA, 0xD469, 0xD469, 0xDCCA, 0xCC48, 0xCC48, 0xD448, 0xCC48, 0xCC08, 0xCC07, 0xCC08, 0xBB66, 0xC3C7,
    0xB346, 0x8A23, 0x9265, 0x9B28, 0x9B28, 0xA3AA, 0xABEC, 0xABEB, 0xABEB, 0xA3CB, 0xC4AF, 0xD571, 0xDDB3, 0xDDD3, 0xDDD3, 0xDDD3,
    0xE5F4, 0xE5F4, 0xE615, 0xE655, 0xEE76, 0xF6B8, 0xEEB8, 0xEE98, 0xF6D8, 0xDE15, 0x69A2, 0x71C2, 0x79E3, 0x79E3, 0x79E3, 0x71E3,
    0x71E3, 0x71E3, 0x71E3, 0x71E3, 0x71E3, 0x71E3, 0x71E3, 0x71C3, 0x71C3, 0x71C3, 0x71C3, 0x71C3, 0x71C3, 0x71C3, 0x71C3, 0x69A3,
    0x69A3, 0x69A2, 0x69A2, 0x69A2, 0x6982, 0x6162, 0x6142, 0x6142, 0x7182, 0x79C3, 0x79C3, 0x79E3, 0x79C3, 0x79C3, 0x79C3, 0x71A2,
    0x6141, 0x5921, 0x5941, 0x5922, 0x5121, 0x4901, 0x48E1, 0x48E2, 0x48E2, 0x48E2, 0x48E2, 0x48E2, 0x48E2, 0x4902, 0x5102, 0x5122,
    0x5942, 0x5942, 0x5942, 0x6162, 0x6162, 0x6182, 0x69A3, 0x71A3, 0x71C3, 0x71E3, 0x79E3, 0x79E3, 0x79E3, 0x79E3, 0x79E3, 0x79E3,
    0xA2A4, 0xA2A4, 0xA2A4, 0xA2C4, 0xA2C4, 0xA2A4, 0xA2A4, 0xA2A4, 0xA2C4, 0xA2C4, 0xA2C4, 0xA2A4, 0xA2A4, 0xA2A4, 0xA2A4, 0xA284,
    0xA2A4, 0x40E1, 0x51A4, 0x7286, 0x6A66, 0x6A65, 0x7266, 0x6245, 0x3943, 0x1881, 0x18A1, 0x18C2, 0x20E3, 0x28E3, 0x2903, 0x2903,
    0x2903, 0x2903, 0x28E3, 0x28E3, 0x28E3, 0x28E3, 0x2903, 0x18C2, 0x0860, 0x1081, 0x0881, 0x0861, 0x0881, 0x1081, 0x1081, 0x1081,
    0x1081, 0x1081, 0x1081, 0x10A1, 0x1060, 0x41C5, 0xFFDD, 0xFFFD, 0xFFFD, 0xFFFD, 0xFFFD, 0xFFFD, 0xFFDC, 0xFFBB, 0xFF7A, 0xFF7A,
    0xFF7A, 0xFF7A, 0xFF7A, 0xFF7A, 0xFF79, 0xF6F8, 0xF6F8, 0xF6F8, 0xF6F8, 0xF6F8, 0xF6F8, 0xF6F8, 0xF6F8, 0xEEF8, 0xEEF8, 0xEED8,
    0xE676, 0xE655, 0xE635, 0xE635, 0xE635, 0xE614, 0xDDB3, 0x8A85, 0x9263, 0x9AA4, 0x9A84, 0xA2C4, 0xA305, 0xA2E5, 0x9AA3, 0x9263,
    0xAB25, 0xAB25, 0xA2E5, 0x92A5, 0x9284, 0x92A5, 0xA2E5, 0xCC28, 0xCC07, 0xD468, 0xDC88, 0xDCA9, 0xE4CA, 0xD408, 0xDC89, 0xED4C,
    0xED6C, 0xF58D, 0xD448, 0xCBE7, 0xCC08, 0xCC08, 0xCC28, 0xE58E, 0xDCCA, 0xD469, 0xDD0B, 0xF671, 0xD4AA, 0xDCAA, 0xDCCA, 0xDCCA,
    0xDCCA, 0xDCCA, 0xDCEA, 0xE4CA, 0xDCCA, 0xDCEB, 0xD469, 0xCC28, 0xCC28, 0xD489, 0xD489, 0xD489, 0xD469, 0xCC07, 0xCBE7, 0xD428,
    0xC3C7, 0xAB46, 0x92A4, 0x79E3, 0x8AA6, 0xA3CB, 0xA3AA, 0xABEB, 0xABEB, 0xA3CB, 0xBCAE, 0xD551, 0xDDB3, 0xDDD3, 0xDDD3, 0xDDD3,
    0xDDD3, 0xD592, 0xD592, 0xE634, 0xEE76, 0xEE76, 0xEE76, 0xEE76, 0xEEB8, 0xDE15, 0x6161, 0x71A2, 0x79E3, 0x71E2, 0x79E3, 0x71E3,
    0x71E3, 0x71E3, 0x71E3, 0x71E3, 0x71E3, 0x79E3, 0x79E3, 0x79E3, 0x71E3, 0x71C3, 0x71C3, 0x71C3, 0x71C3, 0x71C3, 0x71C3, 0x71C3,
    0x71C3, 0x71C3, 0x71C3, 0x69A3, 0x69A2, 0x6182, 0x6142, 0x6162, 0x71A2, 0x79E2, 0x79E3, 0x79C3, 0x79C3, 0x79C3, 0x79C2, 0x6982,
    0x6142, 0x5921, 0x5921, 0x5921, 0x5121, 0x5101, 0x4901, 0x48E2, 0x48E1, 0x48E1, 0x48E2, 0x48E2, 0x48E2, 0x48E2, 0x48E2, 0x48E2,
    0x4902, 0x4902, 0x4902, 0x5102, 0x5102, 0x5102, 0x5922, 0x5942, 0x6142, 0x6162, 0x6162, 0x6162, 0x6183, 0x6182, 0x69A2, 0x69A3,
    0x9AA4, 0xA2A4, 0xA2A4, 0xA2C4, 0xA2C4, 0xA2C4, 0xA2C4, 0xA2C4, 0xA2C4, 0xA2C4, 0xA2C4, 0xA2A4, 0xA2A4, 0xA2A4, 0xA2A4, 0xA284,
    0xA2A4, 0x38E1, 0x51A4, 0x7AA6, 0x6A65, 0x7286, 0x7286, 0x72A6, 0x6205, 0x5A04, 0x3943, 0x20C2, 0x28E3, 0x20E3, 0x18A1, 0x18A1,
    0x18A2, 0x18A1, 0x20C2, 0x28E3, 0x2903, 0x18C2, 0x20C2, 0x20E2, 0x0861, 0x1081, 0x1081, 0x1081, 0x1081, 0x1081, 0x1081, 0x1081,
    0x1081, 0x1081, 0x10A1, 0x1060, 0x0000, 0x2923, 0xF7BC, 0xFFFD, 0xFFFC, 0xFFFD, 0xFFFD, 0xFFFB, 0xFF9A, 0xFF7A, 0xFF9A, 0xFF7A,
    0xFF7A, 0xFF7A, 0xFF7A, 0xFF7A, 0xF739, 0xF6F8, 0xF6F8, 0xF6F8, 0xF6F8, 0xF6F8, 0xF6F8, 0xF6F8, 0xF6F8, 0xF6F8, 0xF6F8, 0xEEB7,
    0xE635, 0xE635, 0xE615, 0xE676, 0xD551, 0x8265, 0x8A65, 0x81C2, 0x9A84, 0xA2C4, 0x9AA4, 0xB386, 0xBBA7, 0xC3C7, 0xC408, 0xBBA7,
    0xBBA7, 0xBBC7, 0xBBA7, 0xA306, 0x9284, 0x92A5, 0x9AE5, 0xCC08, 0xDC69, 0xDC69, 0xDC89, 0xDCA9, 0xE4CA, 0xD428, 0xDC89, 0xED4C,
    0xED6C, 0xED4C, 0xED4C, 0xD489, 0xCBE7, 0xCBE7, 0xE54C, 0xFED4, 0xE52C, 0xE4C9, 0xED6D, 0xF651, 0xE54C, 0xED8D, 0xED8D, 0xED8D,
    0xE52B, 0xDCA9, 0xDC89, 0xDC89, 0xEDCF, 0xEDEF, 0xDD0B, 0xE52C, 0xE54C, 0xDCEA, 0xDC89, 0xDCA9, 0xD489, 0xD469, 0xCC28, 0xCBE7,
    0xCBE7, 0xC3C7, 0xAB25, 0x9AA5, 0x92C5, 0x8224, 0x7A24, 0xA3CB, 0xAC2C, 0xABEB, 0xBCAE, 0xCD51, 0xD592, 0xD592, 0xD592, 0xDDD4,
    0xDDD3, 0xD591, 0xD592, 0xE614, 0xEE76, 0xEE76, 0xEE76, 0xEE76, 0xEEB7, 0xDE15, 0x7A66, 0x7A03, 0x71E2, 0x7A03, 0x79E3, 0x79E3,
    0x79E3, 0x79E3, 0x79E3, 0x79E3, 0x79E3, 0x79E3, 0x79E3, 0x79E3, 0x79E3, 0x79E3, 0x79E3, 0x71C3, 0x71E3, 0x71C3, 0x71C3, 0x71C3,
    0x71C3, 0x71C3, 0x71C3, 0x71C3, 0x69A3, 0x6182, 0x6142, 0x6962, 0x71A2, 0x79E2, 0x79E3, 0x79C2, 0x79C3, 0x79C3, 0x79C2, 0x6982,
    0x6122, 0x6141, 0x6141, 0x5921, 0x5101, 0x5101, 0x48E1, 0x48E1, 0x48E1, 0x48E1, 0x48E2, 0x48E2, 0x48E2, 0x48E2, 0x4902, 0x4902,
    0x4902, 0x4902, 0x4902, 0x5102, 0x5102, 0x4902, 0x4902, 0x4902, 0x4902, 0x4902, 0x4902, 0x4901, 0x4902, 0x4901, 0x5122, 0x5942,
    0x9AC4, 0xA2C4, 0xA2C4, 0xA2C4, 0xA2C4, 0xA2C4, 0xA2C4, 0xA2C4, 0xA2C4, 0xA2C4, 0xA2C4, 0xA2A4, 0xA2A4, 0xA2A4, 0xA2A4, 0xA284,
    0xA2A4, 0x40E1, 0x4984, 0x7AA6, 0x7286, 0x5A05, 0x4163, 0x5A04, 0x6A85, 0x6A45, 0x51C4, 0x3123, 0x28E3, 0x20E3, 0x0860, 0x0861,
    0x0860, 0x0860, 0x1081, 0x20E2, 0x2924, 0x1081, 0x1081, 0x10A2, 0x0861, 0x1081, 0x1081, 0x1081, 0x1081, 0x1081, 0x1081, 0x1081,
    0x1081, 0x10A1, 0x0000, 0x62EA, 0xB594, 0xAD52, 0xF79B, 0xF77A, 0xFFFC, 0xFFFC, 0xFFBB, 0xFFDB, 0xFFBA, 0xFF9A, 0xFF7A, 0xFF7A,
    0xFF7A, 0xFF5A, 0xF739, 0xF719, 0xF6F8, 0xF6F8, 0xF6F8, 0xF6F8, 0xF6D8, 0xF6D8, 0xEE76, 0xE655, 0xE655, 0xE655, 0xE655, 0xE655,
    0xE615, 0xE615, 0xE635, 0xE614, 0x9B07, 0x81C2, 0x8A03, 0x9284, 0xA305, 0xB366, 0xB345, 0xB366, 0xB346, 0xC3C7, 0xD469, 0xD448,
    0xCC28, 0xD469, 0xC408, 0xB387, 0xBBC8, 0xAB26, 0xA325, 0xCC07, 0xD448, 0xDC69, 0xDC89, 0xE4E9, 0xE50A, 0xDCA9, 0xDC89, 0xE4EA,
    0xED4B, 0xF5AD, 0xF5CD, 0xDCEA, 0xCC28, 0xCC07, 0xD4AA, 0xF651, 0xE54C, 0xED8D, 0xEE0F, 0xEE50, 0xEDEE, 0xF650, 0xEDAE, 0xF5EE,
    0xE54C, 0xDCA9, 0xE50A, 0xED8C, 0xEDAE, 0xE4EA, 0xED8C, 0xED8D, 0xED8D, 0xE52B, 0xDCEA, 0xDCA9, 0xDC89, 0xDCA9, 0xD489, 0xCC27,
    0xCBE7, 0xC3C7, 0xD449, 0xDCAA, 0xC408, 0x8A64, 0x9284, 0x9B28, 0xA369, 0xA3AA, 0xBC6D, 0xBCAE, 0xCD31, 0xD551, 0xD572, 0xDDD3,
    0xDDD3, 0xD591, 0xD592, 0xE634, 0xEE76, 0xEE76, 0xEE76, 0xEE76, 0xEE76, 0xEE77, 0xF6F8, 0x9B8A, 0x7181, 0x8224, 0x8203, 0x8203,
    0x7A03, 0x7A03, 0x7A03, 0x7A03, 0x7A03, 0x79E3, 0x79E3, 0x79E3, 0x79E3, 0x79E3, 0x79E3, 0x71E3, 0x71E3, 0x71E3, 0x71C3, 0x71C3,
    0x71C3, 0x71C3, 0x71C3, 0x71C3, 0x71C3, 0x6182, 0x6162, 0x6962, 0x71A2, 0x79E2, 0x79E3, 0x79C3, 0x79C3, 0x79C3, 0x79C2, 0x6982,
    0x6121, 0x6141, 0x6142, 0x5921, 0x5101, 0x5101, 0x48E1, 0x48E1, 0x48E1, 0x48E1, 0x48E2, 0x48E2, 0x48E2, 0x4902, 0x4902, 0x4902,
    0x4902, 0x4902, 0x4902, 0x5102, 0x4902, 0x4902, 0x4902, 0x4902, 0x4902, 0x4902, 0x4902, 0x4902, 0x4902, 0x4902, 0x4902, 0x4902,
    0x9AA4, 0xA2C4, 0xA2C4, 0xA2C4, 0xA2C4, 0xA2C4, 0xA2C4, 0xA2C4, 0xA2C4, 0xA2C4, 0xA2C4, 0xA2A4, 0xA2A4, 0xA2A4, 0xA2A4, 0xA284,
    0xA2A4, 0x4101, 0x4984, 0x7286, 0x7286, 0x51C4, 0x20A2, 0x3943, 0x5A04, 0x51E4, 0x49C4, 0x3943, 0x2903, 0x2103, 0x18C2, 0x18C2,
    0x18C2, 0x18C2, 0x18A2, 0x18A2, 0x2103, 0x1081, 0x0881, 0x0881, 0x1081, 0x0881, 0x0861, 0x0881, 0x0881, 0x1081, 0x1081, 0x1081,
    0x1081, 0x0861, 0x39A5, 0xBD93, 0xFFFE, 0xFFFD, 0xFF9B, 0xF759, 0xFFFC, 0xFFDB, 0xFF39, 0xFF39, 0xFF5A, 0xFF7A, 0xFF7A, 0xFF7A,
    0xFF5A, 0xF719, 0xF719, 0xF719, 0xF6F9, 0xF6F8, 0xF6F8, 0xF6D8, 0xF6D8, 0xF6F8, 0xEE96, 0xDE14, 0xDE14, 0xDDF3, 0xD5B3, 0xDDD3,
    0xDDF4, 0xE615, 0xE5F4, 0xD510, 0x8A43, 0x9202, 0x9243, 0xAB05, 0xAB05, 0xC3C7, 0xD469, 0xC3E7, 0xB386, 0xC3E7, 0xCC48, 0xCC48,
    0xDCA9, 0xDCC9, 0xDCA9, 0xCC49, 0xCC49, 0xBBC7, 0xBBC7, 0xC3C7, 0xC3C7, 0xD448, 0xD469, 0xE4EA, 0xE50A, 0xDCA9, 0xDC89, 0xDC88,
    0xE52A, 0xFE0D, 0xFE2D, 0xFE2D, 0xED4B, 0xCC07, 0xDC48, 0xD468, 0xED4B, 0xFE91, 0xFF13, 0xF691, 0xFED2, 0xF630, 0xEDAE, 0xF5AE,
    0xED4C, 0xE4EA, 0xF5CD, 0xF5CD, 0xE50B, 0xE52B, 0xE50B, 0xE50B, 0xED4B, 0xF5ED, 0xF5EE, 0xD4AA, 0xD489, 0xD489, 0xDCA9, 0xD448,
    0xD448, 0xDC89, 0xD488, 0xD488, 0xD489, 0xD489, 0xD489, 0x9A84, 0x81E3, 0x92C6, 0xB42C, 0xBC8E, 0xC510, 0xC510, 0xCD51, 0xE614,
    0xDDF3, 0xD591, 0xD592, 0xE614, 0xEE75, 0xEE76, 0xEE76, 0xEE77, 0xEE77, 0xEE77, 0xF6F8, 0x934A, 0x6981, 0x8223, 0x8223, 0x8223,
    0x8223, 0x8223, 0x8203, 0x7A03, 0x7A03, 0x7A03, 0x7A03, 0x7A03, 0x7A03, 0x79E3, 0x79E3, 0x71C2, 0x71C2, 0x71C2, 0x71E2, 0x71E3,
    0x71C3, 0x71C3, 0x71C3, 0x71C3, 0x71A3, 0x6182, 0x6162, 0x6962, 0x71A3, 0x79E2, 0x79E2, 0x79E3, 0x79E3, 0x79E3, 0x79C2, 0x6982,
    0x6141, 0x6141, 0x6141, 0x5921, 0x5101, 0x48E1, 0x48E1, 0x48E2, 0x48E2, 0x48E2, 0x48E2, 0x4902, 0x48E2, 0x48E2, 0x4902, 0x4902,
    0x4902, 0x5102, 0x4902, 0x4902, 0x4902, 0x5102, 0x5102, 0x5102, 0x5102, 0x5102, 0x5102, 0x5102, 0x4902, 0x4902, 0x4902, 0x48E2,
    0xA2A4, 0xA2A4, 0xA2C4, 0xA2C4, 0xA2C4, 0xA2C4, 0xA2C4, 0xA2C4, 0xA2C4, 0xA2C4, 0xA2C4, 0xA2A4, 0xA2C4, 0xA2C4, 0xA2A4, 0xA2A4,
    0xAAE4, 0x38C0, 0x4163, 0x72A6, 0x7286, 0x51C4, 0x28E3, 0x28E2, 0x3963, 0x5A25, 0x49C4, 0x3944, 0x28E3, 0x2904, 0x2904, 0x2904,
    0x2903, 0x2903, 0x2904, 0x18C2, 0x0860, 0x1081, 0x1081, 0x0881, 0x0881, 0x0881, 0x0881, 0x0881, 0x0861, 0x0881, 0x0881, 0x0881,
    0x1081, 0x0000, 0x9C6E, 0xFF7A, 0xEEF8, 0xFFDC, 0xFFFC, 0xFFFB, 0xFFFB, 0xFFBB, 0xF739, 0xF739, 0xF739, 0xF719, 0xF719, 0xF719,
    0xF718, 0xF6F9, 0xF6F9, 0xF6F9, 0xF6F9, 0xF6F8, 0xEED8, 0xEED8, 0xF6D8, 0xF738, 0xEE96, 0xE635, 0xE635, 0xDDF4, 0xD5B3, 0xCD30,
    0xC4CE, 0xDDB2, 0xCCEF, 0x8A23, 0x8A02, 0xAAE5, 0xA2C4, 0xA2E4, 0xAB05, 0xC3C7, 0xD468, 0xCC48, 0xCC28, 0xCC28, 0xCC28, 0xD448,
    0xE50A, 0xED2A, 0xED2B, 0xED2B, 0xD4A9, 0xD469, 0xCC08, 0xC3A7, 0xC3C7, 0xC3C7, 0xCBC7, 0xDCA9, 0xED2B, 0xE4CA, 0xDCA9, 0xDC88,
    0xE50A, 0xFE0D, 0xFE2D, 0xFE6E, 0xED8B, 0xCBE6, 0xD427, 0xD447, 0xED6B, 0xF671, 0xFEF3, 0xFED2, 0xFED2, 0xF630, 0xF64F, 0xED2B,
    0xE50A, 0xF60E, 0xFE70, 0xF5EE, 0xF5CD, 0xEDCD, 0xF5EE, 0xF5CD, 0xED8C, 0xED6C, 0xED4C, 0xED8C, 0xEDAC, 0xE52B, 0xDCA9, 0xDCA9,
    0xDCA9, 0xD4A9, 0xD4A9, 0xDCA9, 0xDCA9, 0xDCC9, 0xDCA9, 0xDCAA, 0xDCEA, 0x9AC5, 0x71E4, 0xBC6E, 0xBC8E, 0xBC6E, 0xC4EF, 0xD5B2,
    0xDDD3, 0xD571, 0xD571, 0xE634, 0xEE75, 0xEE76, 0xEE76, 0xEE77, 0xEE77, 0xEE77, 0xEE97, 0xDE15, 0x7A65, 0x79E2, 0x8223, 0x8223,
    0x8203, 0x8203, 0x8203, 0x7A03, 0x7A03, 0x7A03, 0x7A03, 0x7A03, 0x7A03, 0x79E3, 0x79E3, 0x79E2, 0x79E2, 0x79E3, 0x71E3, 0x71E3,
    0x71C2, 0x71C3, 0x71C3, 0x71C3, 0x69A3, 0x6182, 0x6162, 0x6982, 0x71C3, 0x79E2, 0x79E3, 0x79E3, 0x79E3, 0x79E3, 0x79C2, 0x6982,
    0x5921, 0x6141, 0x5941, 0x5921, 0x5101, 0x50E1, 0x4902, 0x48E2, 0x48E2, 0x4902, 0x4902, 0x4902, 0x4902, 0x4902, 0x4902, 0x4902,
    0x4902, 0x4902, 0x5102, 0x5102, 0x4902, 0x5102, 0x5102, 0x5102, 0x5102, 0x5102, 0x5102, 0x5102, 0x5102, 0x4902, 0x4902, 0x4902,
    0xA2A4, 0xA2A4, 0xA2A4, 0xA2C4, 0xA2C4, 0xA2C4, 0xA2C4, 0xA2C4, 0xA2C4, 0xA2C4, 0xA2C4, 0xA2C4, 0xA2C4, 0xA2A4, 0xA2A4, 0x9284,
    0x61A3, 0x4983, 0x5A05, 0x6A86, 0x7286, 0x51E4, 0x28E2, 0x28E3, 0x4183, 0x5A05, 0x3143, 0x2923, 0x2903, 0x2903, 0x2903, 0x2903,
    0x2903, 0x2903, 0x2904, 0x18C2, 0x0861, 0x1081, 0x1081, 0x0881, 0x0881, 0x0881, 0x0861, 0x0861, 0x0861, 0x0881, 0x0861, 0x0861,
    0x10A1, 0x18A1, 0x62C9, 0x8BED, 0xDE56, 0xEEB8, 0xF77A, 0xFFFB, 0xFF9A, 0xF719, 0xF739, 0xF719, 0xF719, 0xF739, 0xF719, 0xF6F9,
    0xF6F9, 0xF6F9, 0xF6F9, 0xEEF8, 0xF6F8, 0xF6D8, 0xEED8, 0xEED8, 0xF6F8, 0xF738, 0xEEB7, 0xDE14, 0xCD51, 0xD5B2, 0xD592, 0xCD30,
    0xA327, 0x81C2, 0x8A02, 0xBBA8, 0xAB05, 0xB345, 0xB346, 0xA2E4, 0xA2C4, 0xBBA7, 0xD469, 0xCC28, 0xCC28, 0xCC48, 0xCC28, 0xCC28,
    0xE4EA, 0xE50A, 0xE50A, 0xED4B, 0xED4B, 0xE50A, 0xD469, 0xBB86, 0xC3C7, 0xC3A6, 0xCBC7, 0xE4A9, 0xED4B, 0xE50B, 0xE4C9, 0xDC68,
    0xE4C9, 0xFE0D, 0xFE4E, 0xFE4E, 0xF5CD, 0xDD0B, 0xD428, 0xCBC6, 0xED6C, 0xFED2, 0xFED2, 0xFED2, 0xFEB2, 0xFED2, 0xF5EE, 0xE4E9,
    0xF5EE, 0xFE91, 0xFE91, 0xF650, 0xFE4F, 0xFE70, 0xFE90, 0xFE50, 0xEDAD, 0xF60E, 0xF5EE, 0xE54B, 0xDCEA, 0xDCEA, 0xDCCA, 0xDCA9,
    0xE4EA, 0xED8B, 0xED6B, 0xED6B, 0xED6B, 0xED6B, 0xED6B, 0xE54B, 0xED6B, 0xCC69, 0xBC09, 0x9B47, 0xB40C, 0xC4AE, 0xBC6E, 0xBC8E,
    0xD551, 0xD551, 0xD571, 0xE613, 0xE655, 0xEE76, 0xEE76, 0xEE77, 0xEE77, 0xEE77, 0xEE76, 0xF6D8, 0x8286, 0x79C2, 0x8224, 0x8223,
    0x8223, 0x8223, 0x8223, 0x8203, 0x8203, 0x7A03, 0x7A03, 0x7A03, 0x7A03, 0x7A03, 0x7A03, 0x79E3, 0x79E3, 0x79E3, 0x79E3, 0x79E3,
    0x71E2, 0x71C2, 0x71C2, 0x71C2, 0x71A3, 0x6182, 0x6162, 0x6982, 0x71C3, 0x79E3, 0x79E3, 0x79E3, 0x79E3, 0x79E3, 0x79C2, 0x6982,
    0x5921, 0x5921, 0x5921, 0x5921, 0x5101, 0x50E1, 0x48E1, 0x48E1, 0x4902, 0x5102, 0x5102, 0x5122, 0x5122, 0x5102, 0x5102, 0x5102,
    0x5102, 0x5102, 0x5102, 0x5102, 0x5102, 0x5102, 0x5102, 0x5102, 0x5102, 0x5102, 0x5102, 0x5102, 0x5102, 0x4902, 0x4902, 0x4902,
    0xA2A4, 0xA2A4, 0xA2C4, 0xA2C4, 0xA2C4, 0xA2C4, 0xA2C4, 0xA2C4, 0xA2C4, 0xA2C4, 0xA2C4, 0xA2C4, 0xA2C4, 0xA2A4, 0xB305, 0x5162,
    0x1020, 0x6A66, 0x7286, 0x6A45, 0x5A25, 0x51C4, 0x3123, 0x28E2, 0x4184, 0x5A46, 0x20E2, 0x20E3, 0x2903, 0x2904, 0x2904, 0x2904,
    0x2903, 0x2903, 0x2904, 0x18C2, 0x0861, 0x1081, 0x0881, 0x0881, 0x0860, 0x0860, 0x0861, 0x0861, 0x0881, 0x1061, 0x1061, 0x10A1,
    0x41C6, 0x2923, 0x0820, 0x1860, 0xD616, 0xEE97, 0xEED8, 0xEEF8, 0xF719, 0xF719, 0xF719, 0xF719, 0xF719, 0xFF9B, 0xFFDC, 0xFFBB,
    0xF739, 0xF6F8, 0xF6F9, 0xF6F8, 0xEEF8, 0xEED8, 0xEED8, 0xF6F8, 0xFF7A, 0xFF39, 0xEEB7, 0xE655, 0xC551, 0x9B27, 0x9284, 0xAB47,
    0x9B27, 0xB388, 0x9264, 0x9AC5, 0xD4AA, 0xCC48, 0xC386, 0xBBA7, 0xB325, 0xC3E7, 0xD469, 0xE50A, 0xE50A, 0xED4B, 0xCC48, 0xCC08,
    0xD489, 0xE4EA, 0xE50A, 0xED2A, 0xED6B, 0xF56C, 0xE50A, 0xD468, 0xC3A6, 0xC3A7, 0xCBC7, 0xDC89, 0xE50A, 0xED4B, 0xDCA9, 0xDC68,
    0xE4C9, 0xFE4E, 0xFE4E, 0xFE4E, 0xFE6F, 0xFE6F, 0xCC07, 0xD407, 0xDC88, 0xE52B, 0xFED2, 0xFED2, 0xFEB2, 0xFEB1, 0xF5EE, 0xF5EE,
    0xFE91, 0xFEB1, 0xFEB1, 0xFEB1, 0xFEB2, 0xFEB2, 0xF691, 0xFE91, 0xFE91, 0xF64F, 0xEDED, 0xE56B, 0xE54B, 0xE4EA, 0xE50A, 0xED6B,
    0xED4B, 0xED6B, 0xED6B, 0xED6C, 0xED6C, 0xED6C, 0xED6C, 0xED6C, 0xED6C, 0xED8C, 0xFE2E, 0xA347, 0x92C7, 0xC48E, 0xBC8E, 0xBC8E,
    0xD551, 0xD571, 0xD592, 0xDDF3, 0xDDF3, 0xE614, 0xEE76, 0xEE77, 0xEE77, 0xEE77, 0xEE97, 0xEE96, 0x8266, 0x79E2, 0x8223, 0x8223,
    0x8223, 0x8223, 0x8223, 0x8223, 0x8223, 0x8203, 0x8223, 0x8203, 0x8223, 0x7A03, 0x7A03, 0x8203, 0x8203, 0x8203, 0x7A03, 0x7A03,
    0x7A03, 0x79E3, 0x79E3, 0x79E3, 0x71C2, 0x6162, 0x6162, 0x6982, 0x71A2, 0x79C3, 0x79C2, 0x79C2, 0x79C3, 0x79C2, 0x71C2, 0x6162,
    0x5921, 0x5921, 0x5921, 0x5901, 0x5101, 0x50E1, 0x5102, 0x5122, 0x5102, 0x5922, 0x5922, 0x5122, 0x5122, 0x5122, 0x5122, 0x5122,
    0x5122, 0x5122, 0x5122, 0x5122, 0x5122, 0x5102, 0x5102, 0x5102, 0x5102, 0x5102, 0x5102, 0x5102, 0x5102, 0x5102, 0x5102, 0x4902,
    0xA2A4, 0xA2C4, 0xA2C4, 0xA2C4, 0xA2C4, 0xA2C4, 0xA2C4, 0xA2C4, 0xA2C4, 0xA2C4, 0xA2C4, 0xA2C4, 0xA2C4, 0x9A84, 0x8223, 0x4942,
    0x3102, 0x6246, 0x6A66, 0x5A25, 0x3943, 0x3123, 0x3123, 0x20E2, 0x2903, 0x3964, 0x20E3, 0x20E3, 0x2903, 0x2903, 0x2904, 0x2904,
    0x2904, 0x2904, 0x2924, 0x20E3, 0x0861, 0x1081, 0x0881, 0x0881, 0x0860, 0x0860, 0x0861, 0x0861, 0x1081, 0x18E3, 0x18E2, 0x1081,
    0x1081, 0x1081, 0x62C9, 0x7B6C, 0xDE36, 0xEE77, 0xE657, 0xEE97, 0xF6F9, 0xF6F9, 0xF739, 0xFF7A, 0xFFBA, 0xFFDB, 0xFFFB, 0xFFFB,
    0xF739, 0xF6F8, 0xF6F9, 0xEED7, 0xEED8, 0xF6F8, 0xF6F8, 0xFF39, 0xFF7A, 0xFF39, 0xEE96, 0xEE96, 0xEE76, 0x8245, 0x89E2, 0x9202,
    0x9243, 0xBBA9, 0xBBA8, 0xB346, 0xBBC7, 0xDD0C, 0xCC69, 0xCBC6, 0xCC07, 0xCC08, 0xD489, 0xED8C, 0xF58C, 0xED8C, 0xE50A, 0xD489,
    0xD448, 0xDC89, 0xDC88, 0xE4EA, 0xED6B, 0xED8C, 0xF5CD, 0xE4EA, 0xBB65, 0xC3A6, 0xCBC7, 0xDC48, 0xDCA9, 0xED2B, 0xE52A, 0xDCA8,
    0xE4A9, 0xED6B, 0xFE2E, 0xFE4F, 0xFE4F, 0xFE4E, 0xDD0A, 0xD427, 0xCBE6, 0xD469, 0xFE91, 0xFEB1, 0xFEB2, 0xFE91, 0xF670, 0xFED2,
    0xFEB2, 0xFEB1, 0xFEB1, 0xFEB2, 0xFEB1, 0xFEB1, 0xFEB1, 0xFE90, 0xFE70, 0xEDAC, 0xE52A, 0xE50A, 0xE50A, 0xDCE9, 0xED4B, 0xED8C,
    0xED6B, 0xED6B, 0xED6B, 0xED6C, 0xED6B, 0xED6C, 0xED6C, 0xED6B, 0xED6C, 0xED6C, 0xEDAD, 0xCCCB, 0xB3C9, 0x9AE7, 0xB44D, 0xBCAF,
    0xD551, 0xD571, 0xD592, 0xD5B2, 0xDDD2, 0xE614, 0xEE76, 0xEE77, 0xEE97, 0xEE97, 0xEE97, 0xEE96, 0x71E4, 0x79C2, 0x8A43, 0x8223,
    0x8223, 0x8223, 0x8223, 0x8223, 0x8223, 0x8223, 0x8223, 0x8223, 0x8223, 0x8223, 0x8223, 0x8223, 0x8224, 0x8223, 0x8223, 0x8223,
    0x8224, 0x8203, 0x8203, 0x7A03, 0x79E3, 0x6982, 0x6962, 0x6962, 0x6982, 0x6982, 0x71A2, 0x71A2, 0x71A2, 0x71A2, 0x71A2, 0x6162,
    0x5921, 0x5921, 0x5921, 0x5101, 0x50E1, 0x5101, 0x5922, 0x5922, 0x5922, 0x5922, 0x5922, 0x5922, 0x5942, 0x5922, 0x5922, 0x5942,
    0x5922, 0x5922, 0x5922, 0x5922, 0x5922, 0x5922, 0x5922, 0x5922, 0x5122, 0x5102, 0x5102, 0x5102, 0x5102, 0x4902, 0x4902, 0x4902,
    0xA2A4, 0xA2C4, 0xA2C4, 0xA2C4, 0xA2A4, 0xA2C4, 0xA2C4, 0xA2C4, 0xA2C4, 0xA2C4, 0xA2A4, 0xA2C4, 0x8223, 0x38E2, 0x3922, 0x51C4,
    0x7286, 0x6A65, 0x6225, 0x51E5, 0x3123, 0x1081, 0x18A2, 0x20E3, 0x20C3, 0x20C2, 0x20E3, 0x20E3, 0x2903, 0x2903, 0x20C2, 0x1081,
    0x10A1, 0x10A2, 0x10A2, 0x1081, 0x0881, 0x1081, 0x0881, 0x0861, 0x0861, 0x0861, 0x0861, 0x0861, 0x0881, 0x0861, 0x0860, 0x0861,
    0x0860, 0x18C2, 0xDE35, 0xF6D8, 0xE656, 0xF739, 0xFF99, 0xF779, 0xFF79, 0xF739, 0xFF9A, 0xFFFB, 0xFFFB, 0xFFFB, 0xFFBB, 0xF719,
    0xF6F9, 0xF6F9, 0xF6F9, 0xE676, 0xEEB7, 0xFF5A, 0xFF59, 0xFF5A, 0xFF59, 0xEEB7, 0xEE96, 0xEE96, 0xEE76, 0x8A86, 0x8A02, 0x9A63,
    0x9A63, 0x8A01, 0xA2C4, 0xD48A, 0xCC08, 0xCC69, 0xE5CF, 0xC408, 0xC3C7, 0xC3E7, 0xD489, 0xF58C, 0xED8C, 0xED6B, 0xF5AC, 0xE50A,
    0xD469, 0xDCA9, 0xDC68, 0xE4A9, 0xE4C9, 0xED8B, 0xF5ED, 0xED4B, 0xCBE6, 0xCBA6, 0xC3A6, 0xD428, 0xDCA9, 0xE4E9, 0xF5AC, 0xE4C9,
    0xE4A9, 0xDCA9, 0xFE0D, 0xFE4F, 0xFE4F, 0xFE6F, 0xFE6F, 0xD447, 0xCBE6, 0xDC88, 0xF5ED, 0xF691, 0xFEB2, 0xFEB2, 0xFEB2, 0xFE92,
    0xFEB2, 0xFEB2, 0xFED2, 0xFED2, 0xDDAE, 0xD52C, 0xDD0C, 0xD4EB, 0xCC69, 0xD489, 0xDCA9, 0xDC68, 0xD468, 0xDCC9, 0xF58C, 0xED6B,
    0xED6B, 0xED6B, 0xED6B, 0xED6C, 0xED8C, 0xED8C, 0xED6C, 0xED6C, 0xED8C, 0xED8C, 0xED8C, 0xEDCD, 0xEDAD, 0xB3A8, 0xA348, 0xB44D,
    0xDDB2, 0xD571, 0xD571, 0xCD51, 0xD5B2, 0xEE55, 0xEE96, 0xEE76, 0xEE97, 0xEE97, 0xEE97, 0xEE76, 0xBCAF, 0x8265, 0x79E2, 0x8A64,
    0x8A43, 0x8A43, 0x8243, 0x8243, 0x8243, 0x8243, 0x8243, 0x8243, 0x8243, 0x8243, 0x8223, 0x8223, 0x8223, 0x8223, 0x8223, 0x8223,
    0x8223, 0x8223, 0x8223, 0x8223, 0x7A03, 0x71C3, 0x71A3, 0x6982, 0x6982, 0x6982, 0x6962, 0x6982, 0x6982, 0x6982, 0x6982, 0x6142,
    0x5901, 0x5101, 0x5101, 0x5101, 0x5101, 0x5102, 0x5922, 0x5922, 0x5942, 0x5922, 0x5922, 0x5942, 0x5942, 0x5942, 0x5942, 0x5942,
    0x5942, 0x5942, 0x5942, 0x5942, 0x5922, 0x5922, 0x5922, 0x5922, 0x5942, 0x5122, 0x5122, 0x5122, 0x5102, 0x5102, 0x5102, 0x4902,
    0xA2C4, 0xA2C4, 0xA2C4, 0xA2A4, 0xA2A4, 0xA2A4, 0x9AA4, 0x9AA4, 0x9AA4, 0x9A84, 0x9A84, 0xA2A4, 0x79E3, 0x30E2, 0x72A7, 0x7286,
    0x6A65, 0x6A65, 0x5A05, 0x1881, 0x1882, 0x10A2, 0x18A2, 0x20E3, 0x20E3, 0x20E3, 0x20E3, 0x20E3, 0x2903, 0x2923, 0x20C2, 0x0860,
    0x0881, 0x0861, 0x0861, 0x0881, 0x0881, 0x0881, 0x0861, 0x0861, 0x0861, 0x0861, 0x0861, 0x0861, 0x0861, 0x0861, 0x0861, 0x0881,
    0x0860, 0x20C2, 0xCDB4, 0xE656, 0xE6B7, 0xFFBA, 0xFFFB, 0xFFFB, 0xFFFA, 0xFFFA, 0xFFFB, 0xFFFB, 0xFF9A, 0xFFBA, 0xFFBB, 0xEEF8,
    0xF6D8, 0xF6F9, 0xF6F9, 0xE676, 0xEE97, 0xFF39, 0xFF18, 0xE676, 0xE655, 0xE615, 0xE614, 0xEE55, 0xEE96, 0x92C6, 0x9202, 0x9A42,
    0xAAE4, 0xC386, 0xC3A6, 0xC3C7, 0xD448, 0xCBE7, 0xE5AF, 0xDDD0, 0xC3E7, 0xC3C6, 0xD448, 0xDCA9, 0xED4B, 0xED6B, 0xED6B, 0xED4B,
    0xED4B, 0xF5CC, 0xDC88, 0xE488, 0xDC88, 0xE50A, 0xFDED, 0xF5CC, 0xED4B, 0xCBE6, 0xCBC6, 0xCBC6, 0xD427, 0xE4EA, 0xF58C, 0xE4E9,
    0xE4A9, 0xE4EA, 0xF60D, 0xFE4E, 0xFE4F, 0xFE4F, 0xF64F, 0xD4A9, 0xCBE6, 0xD448, 0xED6C, 0xF691, 0xFEB2, 0xFEB2, 0xFEB2, 0xFEB2,
    0xFED2, 0xEE30, 0xD56E, 0xDD8E, 0x61C3, 0x48E2, 0x4901, 0x71C2, 0xAAC4, 0x9223, 0xBBA6, 0xE4C9, 0xD488, 0xDCA8, 0xE50A, 0xE50A,
    0xE50A, 0xE50A, 0xE4C9, 0xE4E9, 0xE4E9, 0xE4EA, 0xE50A, 0xED6C, 0xED8C, 0xED8C, 0xED8C, 0xED8C, 0xE58D, 0xF5CE, 0xA347, 0x9AE7,
    0xBC4C, 0xCD50, 0xD572, 0xCD51, 0xDDD3, 0xF696, 0xEE76, 0xEE97, 0xEE97, 0xEE97, 0xEE97, 0xEE97, 0xFF5A, 0x9329, 0x71A2, 0x8A64,
    0x8A43, 0x8A43, 0x8A43, 0x8A43, 0x8A43, 0x8243, 0x8243, 0x8243, 0x8A43, 0x8A43, 0x8243, 0x8243, 0x8243, 0x8243, 0x8243, 0x8243,
    0x8223, 0x8223, 0x8223, 0x8223, 0x8203, 0x7A03, 0x79E3, 0x71C2, 0x71A2, 0x71A2, 0x71A2, 0x6982, 0x6982, 0x6982, 0x6962, 0x6142,
    0x5921, 0x5921, 0x5922, 0x5921, 0x5921, 0x5922, 0x5922, 0x5922, 0x5922, 0x5922, 0x5942, 0x5942, 0x5942, 0x5942, 0x5942, 0x5942,
    0x5942, 0x5942, 0x5942, 0x5942, 0x5942, 0x5942, 0x5942, 0x5942, 0x5942, 0x5942, 0x5942, 0x5942, 0x5122, 0x5122, 0x5122, 0x5122,
    0xA2A4, 0xA2A4, 0xA2A4, 0x9A84, 0x9A84, 0x9A84, 0x9A84, 0x9A84, 0x9A83, 0x9A63, 0x9A63, 0x9A84, 0x79E3, 0x30E2, 0x7286, 0x7286,
    0x7286, 0x6A65, 0x5A25, 0x18A2, 0x10A1, 0x10A1, 0x18A2, 0x20E3, 0x20E3, 0x20E3, 0x20E3, 0x20E3, 0x20E3, 0x20C2, 0x18A1, 0x1081,
    0x1081, 0x0881, 0x0881, 0x1081, 0x0861, 0x0861, 0x0861, 0x0861, 0x0861, 0x0881, 0x0861, 0x0861, 0x0861, 0x0861, 0x0861, 0x1081,
    0x0860, 0x1080, 0xCDB4, 0xDE36, 0xF779, 0xFFBA, 0xF779, 0xF779, 0xFFBA, 0xFFFB, 0xFFDB, 0xF77A, 0xFF9A, 0xF759, 0xF719, 0xF6D8,
    0xF6D8, 0xF6F8, 0xF6F8, 0xE676, 0xE635, 0xE634, 0xE634, 0xDDF4, 0xDDD3, 0xD5B3, 0xD572, 0x9B28, 0x92C6, 0x9A84, 0x9243, 0x9242,
    0xAAC4, 0xBB65, 0xCBE7, 0xCBE7, 0xCBE8, 0xD469, 0xCC48, 0xE5D0, 0xE5F0, 0xCC28, 0xCBC7, 0xC3C6, 0xE50A, 0xF58C, 0xED6B, 0xF5AC,
    0xFE2E, 0xF5ED, 0xE52B, 0xED6B, 0xDC88, 0xED0A, 0xF58C, 0xF5CC, 0xF5CC, 0xDCA9, 0xC3A6, 0xCBC6, 0xD406, 0xE4E9, 0xF56B, 0xED8B,
    0xE52A, 0xE4C9, 0xF5AC, 0xF5ED, 0xFE2E, 0xFE2E, 0xFE4F, 0xED8C, 0xCBC6, 0xCBE6, 0xD468, 0xFE91, 0xFEB2, 0xFEB2, 0xFEB2, 0xF651,
    0xEE31, 0xB44B, 0x3881, 0x40C1, 0x2861, 0x2060, 0x2880, 0x40E1, 0x79E3, 0xA2A3, 0xBB66, 0xCBE7, 0xD407, 0xDC68, 0xD468, 0xCC06,
    0xCBE7, 0xCBC6, 0xD448, 0xDC48, 0xD448, 0xDC68, 0xE50A, 0xE56B, 0xE56C, 0xED8C, 0xED8D, 0xED8D, 0xE58C, 0xE56C, 0xF5EF, 0xB388,
    0x7A03, 0xDD71, 0xD572, 0xCD51, 0xDDF3, 0xF696, 0xEE76, 0xEE97, 0xEE97, 0xEE97, 0xEE97, 0xEE97, 0xF6F9, 0x9308, 0x79A2, 0x8A64,
    0x8A43, 0x8A43, 0x8A43, 0x8A43, 0x8A43, 0x8A43, 0x8A43, 0x8A43, 0x8A43, 0x8A43, 0x8A43, 0x8243, 0x8243, 0x8243, 0x8243, 0x8243,
    0x8243, 0x8243, 0x8243, 0x8243, 0x8223, 0x8223, 0x8223, 0x8203, 0x7A03, 0x7A03, 0x7A03, 0x79E3, 0x71C2, 0x71C2, 0x71C2, 0x6982,
    0x6962, 0x6982, 0x6162, 0x6162, 0x6162, 0x6162, 0x6162, 0x6162, 0x6162, 0x6162, 0x6142, 0x5942, 0x5942, 0x5942, 0x5942, 0x5942,
    0x5942, 0x5942, 0x5942, 0x5942, 0x5942, 0x5942, 0x5942, 0x5942, 0x5942, 0x5942, 0x5942, 0x5942, 0x5942, 0x5922, 0x5922, 0x5922,
    0x9A84, 0x9A84, 0x9A84, 0x9A84, 0x9A83, 0x9A84, 0x9A84, 0x9A84, 0x9A64, 0x9A64, 0x9A63, 0x9A84, 0x79E3, 0x30E1, 0x6A66, 0x49A4,
    0x49A3, 0x7285, 0x6245, 0x18A1, 0x1081, 0x1081, 0x18A1, 0x18C2, 0x20E3, 0x20E3, 0x20E3, 0x20E3, 0x20C2, 0x20E3, 0x1081, 0x0881,
    0x1081, 0x1081, 0x0881, 0x0881, 0x0881, 0x0861, 0x0861, 0x0861, 0x0861, 0x0881, 0x0861, 0x0861, 0x0861, 0x0861, 0x0881, 0x0840,
    0x1081, 0x8BED, 0xD5F4, 0xEEB7, 0xFF99, 0xFF99, 0xEEF8, 0xF6F8, 0xFF9A, 0xFFFB, 0xFF9A, 0xEE97, 0xEF18, 0xF719, 0xEED8, 0xF6D8,
    0xEED8, 0xEED8, 0xF6D8, 0xEE76, 0xEE76, 0xCD72, 0x9B89, 0xCCEF, 0xC510, 0xCD51, 0xD571, 0xC4AD, 0xC48C, 0xCCAD, 0xD4CD, 0xD4CC,
    0xD4CC, 0xDD0D, 0xDCEC, 0xC3C7, 0xCBC6, 0xDC89, 0xDC89, 0xD429, 0xEE73, 0xDD8E, 0xC386, 0xCBE7, 0xD448, 0xE4C9, 0xF5CC, 0xFE0D,
    0xFE2E, 0xFE2E, 0xFE6F, 0xF5ED, 0xE4A8, 0xECC9, 0xE4E9, 0xF5AC, 0xF5EC, 0xED4B, 0xC3A6, 0xCBC6, 0xCC06, 0xDCA8, 0xED4B, 0xF5CC,
    0xF5ED, 0xF5AC, 0xF5CD, 0xF5ED, 0xFE2E, 0xFE2F, 0xFE4F, 0xEDCD, 0xCC48, 0xCBC6, 0xDCA9, 0xFE91, 0xFEB2, 0xFE92, 0xFEB3, 0xDD4E,
    0x61A4, 0x4923, 0x2860, 0x4162, 0x3141, 0x3982, 0x3102, 0x1000, 0x38A1, 0x71A2, 0xA2A4, 0xAAC3, 0xB304, 0xB324, 0xB304, 0xB304,
    0xAAE4, 0xBB65, 0xD428, 0xD428, 0xD427, 0xD427, 0xDC68, 0xD468, 0xDCCA, 0xE52B, 0xE52B, 0xE54C, 0xE58D, 0xE58D, 0xE58D, 0xDD2C,
    0xC46B, 0x9306, 0xCD0F, 0xCD51, 0xDDD3, 0xF696, 0xEE76, 0xEE76, 0xEE97, 0xEE97, 0xEE97, 0xEEB7, 0xEEB7, 0x7A25, 0x71A2, 0x8A64,
    0x8A43, 0x8A43, 0x8A43, 0x8243, 0x8A43, 0x8A43, 0x8A43, 0x8A43, 0x8A43, 0x8A43, 0x8A43, 0x8A43, 0x8A64, 0x8A64, 0x8A44, 0x8A44,
    0x8A64, 0x8A44, 0x8A44, 0x8A44, 0x8A44, 0x8A43, 0x8A43, 0x8A43, 0x8A43, 0x8243, 0x8243, 0x8243, 0x8223, 0x8223, 0x8203, 0x79E3,
    0x79E3, 0x79E3, 0x71E3, 0x71E3, 0x71C3, 0x71C3, 0x71C3, 0x71C2, 0x69C2, 0x69A2, 0x6982, 0x6182, 0x6182, 0x6162, 0x6162, 0x5942,
    0x5942, 0x5942, 0x5942, 0x5942, 0x5942, 0x5942, 0x5942, 0x5942, 0x5942, 0x5942, 0x5942, 0x5942, 0x5942, 0x5922, 0x5922, 0x5922,
    0x9A84, 0x9A84, 0x9A84, 0x9A83, 0x9A84, 0x9A64, 0x9A64, 0x9A84, 0x9A64, 0x9A84, 0x9A63, 0x9A84, 0x79E3, 0x30C1, 0x7286, 0x51E5,
    0x5A04, 0x6A66, 0x5A05, 0x18A1, 0x1081, 0x1081, 0x1081, 0x18A2, 0x20E3, 0x20E3, 0x20E3, 0x20E3, 0x20C2, 0x10A2, 0x1081, 0x0881,
    0x0881, 0x0881, 0x0881, 0x0881, 0x0861, 0x0861, 0x0861, 0x0861, 0x0861, 0x0881, 0x0861, 0x0881, 0x0861, 0x0861, 0x0860, 0x1081,
    0x2923, 0xD5B4, 0xE635, 0xFF99, 0xFFFA, 0xFF79, 0xEEF8, 0xF6F8, 0xF739, 0xF759, 0xF718, 0xEEB8, 0xF6B8, 0xF6B8, 0xF6D8, 0xEED8,
    0xEED8, 0xEE97, 0xEE97, 0xEE76, 0xEEB7, 0xCD51, 0x71C3, 0x9B8A, 0xDDF3, 0xD5B2, 0xC48D, 0xA2A5, 0xAB46, 0xB366, 0xC3E8, 0xC3E8,
    0xCC4A, 0xEE12, 0xE5D0, 0xDD4E, 0xE5B0, 0xDD2D, 0xD469, 0xDCCA, 0xDCAA, 0xEE10, 0xDD2C, 0xC3A6, 0xCBE7, 0xC3C6, 0xF5AC, 0xFE2E,
    0xFE4E, 0xFE6F, 0xFE6F, 0xFE4E, 0xF5AC, 0xECC9, 0xECE9, 0xED4B, 0xF5AC, 0xF5AB, 0xED6B, 0xD427, 0xCBE6, 0xDCA9, 0xED2B, 0xF5AC,
    0xFE0E, 0xFE0E, 0xFE0E, 0xFDED, 0xFE0E, 0xF5EE, 0xF62F, 0xF60F, 0xDD0B, 0xBB65, 0xE52C, 0xF672, 0xF651, 0xFED3, 0xD54F, 0x51A4,
    0x20A1, 0x1860, 0x1881, 0x5244, 0x5A84, 0x8366, 0x7305, 0x4142, 0x2040, 0x38A1, 0x9243, 0xA263, 0xA262, 0xAA83, 0xAAA4, 0xB2E4,
    0xC3A6, 0xDC68, 0xDC68, 0xD448, 0xD448, 0xD428, 0xD428, 0xD428, 0xD448, 0xD469, 0xDCAA, 0xDCCA, 0xE54C, 0xE56D, 0xE56D, 0xEDCE,
    0xDD4D, 0x8A64, 0xCCEF, 0xCD50, 0xDDD3, 0xF696, 0xEE76, 0xEE76, 0xEE97, 0xEE97, 0xEE97, 0xEEB7, 0xEE76, 0xCD31, 0x8265, 0x8202,
    0x9284, 0x8A63, 0x8A83, 0x8A83, 0x8A64, 0x8A64, 0x8A64, 0x8A43, 0x8A43, 0x8A43, 0x8A43, 0x8A43, 0x8A43, 0x8A43, 0x8A43, 0x8A43,
    0x8A43, 0x8A43, 0x8A43, 0x8A43, 0x8A44, 0x8A64, 0x8A64, 0x8A64, 0x8A64, 0x8A63, 0x8A63, 0x8A64, 0x8A63, 0x8A63, 0x8A43, 0x8A43,
    0x8243, 0x8243, 0x8243, 0x8223, 0x8223, 0x8223, 0x8223, 0x8203, 0x7A03, 0x7A03, 0x71C3, 0x69A2, 0x71A2, 0x69A2, 0x69A2, 0x6962,
    0x6182, 0x6162, 0x6162, 0x6162, 0x6162, 0x6162, 0x6162, 0x6162, 0x6162, 0x6142, 0x5942, 0x5942, 0x5942, 0x5942, 0x5942, 0x5922,
    0x9A63, 0x9A84, 0x9A83, 0x9A84, 0x9A64, 0x9A64, 0x9A64, 0x9A64, 0x9A64, 0x9A63, 0x9A64, 0x9A84, 0x79E3, 0x2081, 0x4184, 0x6226,
    0x6A66, 0x51C4, 0x4164, 0x18A1, 0x1081, 0x10A1, 0x10A1, 0x18C2, 0x20E3, 0x20E3, 0x20E3, 0x20E3, 0x20C3, 0x0861, 0x0881, 0x1081,
    0x0881, 0x0881, 0x0881, 0x0881, 0x0861, 0x0861, 0x0861, 0x0861, 0x0881, 0x0881, 0x0861, 0x0861, 0x0861, 0x1081, 0x0020, 0x5268,
    0xCDD4, 0xD5B4, 0xDE35, 0xFF99, 0xFFDA, 0xFFBA, 0xFF99, 0xFF79, 0xF759, 0xF718, 0xEEB7, 0xEEB8, 0xF6D8, 0xF6D8, 0xF6B8, 0xEED8,
    0xF6D8, 0xEE97, 0xEE76, 0xEE76, 0xEEB7, 0xD592, 0x8AE7, 0x8203, 0x9264, 0x9A64, 0x9243, 0x91E1, 0xB325, 0xCBE7, 0xCBC7, 0xCBC6,
    0xCBC7, 0xCBE7, 0xCC07, 0xDCCB, 0xDD2D, 0xE56E, 0xEDEF, 0xDCEB, 0xDCA9, 0xDD0B, 0xEDEF, 0xD4CA, 0xCBA6, 0xCBC7, 0xF5AC, 0xFE2E,
    0xFE6F, 0xFE6F, 0xFE6F, 0xFE6F, 0xFE4E, 0xE50A, 0xECE9, 0xE4C9, 0xF58C, 0xF5ED, 0xF5ED, 0xD468, 0xCBE7, 0xDC89, 0xF5AC, 0xF5ED,
    0xFDEE, 0xFE0E, 0xF5CD, 0xF5CD, 0xFE2E, 0xED6C, 0xF5EE, 0xEDCD, 0xE56C, 0xDD2C, 0xE5AE, 0xF652, 0xF652, 0xCD2E, 0x7AE8, 0x1820,
    0x20C1, 0x20C1, 0x20A1, 0x28E1, 0x5204, 0x8346, 0x9C07, 0xA408, 0x4962, 0x2880, 0x69C3, 0xC429, 0xC409, 0xAAC4, 0xAA83, 0xCBC7,
    0xDC88, 0xDC89, 0xDC68, 0xDC89, 0xECEA, 0xE4C9, 0xD448, 0xD448, 0xD428, 0xD428, 0xDCA9, 0xDCCA, 0xDCEB, 0xDD0B, 0xE52C, 0xE56C,
    0xE54C, 0x8A64, 0xABEB, 0xDDB2, 0xD592, 0xE634, 0xEE75, 0xEE76, 0xEE97, 0xEE97, 0xEE97, 0xEEB7, 0xEEB7, 0xFF39, 0x82C7, 0x8202,
    0xA2E4, 0x9AC4, 0x9AC4, 0x9AC4, 0x9AC4, 0x92A4, 0x9284, 0x9284, 0x9284, 0x8A83, 0x8A63, 0x8A64, 0x8A43, 0x8A43, 0x8A43, 0x8A43,
    0x8A43, 0x8A43, 0x8A43, 0x8243, 0x8A43, 0x8A43, 0x8A43, 0x8A43, 0x8A64, 0x8A43, 0x8A63, 0x8A63, 0x8A63, 0x8A43, 0x8A43, 0x8A43,
    0x8A43, 0x8A43, 0x8A43, 0x8A43, 0x8A43, 0x8243, 0x8243, 0x8223, 0x8223, 0x8223, 0x8223, 0x8223, 0x7A23, 0x8223, 0x8203, 0x79E2,
    0x79E3, 0x79E3, 0x79C3, 0x71C2, 0x71C3, 0x71A2, 0x71A2, 0x71A2, 0x6162, 0x6142, 0x6142, 0x5942, 0x5942, 0x5942, 0x5942, 0x5942,
    0x9A63, 0x9A63, 0x9A63, 0x9A63, 0x9A63, 0x9A63, 0x9A64, 0x9A64, 0x9A63, 0x9A63, 0x9284, 0x9A83, 0x8A64, 0x7A04, 0x38E1, 0x4183,
    0x7286, 0x49A5, 0x3124, 0x18A2, 0x10A1, 0x10A2, 0x10A1, 0x20E2, 0x2903, 0x18A2, 0x1081, 0x1081, 0x1081, 0x0881, 0x0881, 0x0881,
    0x0881, 0x0861, 0x0861, 0x0881, 0x0881, 0x0861, 0x0861, 0x0861, 0x0861, 0x0861, 0x0861, 0x0861, 0x0861, 0x0881, 0x0020, 0x5247,
    0xDE15, 0xD5D4, 0xDDF4, 0xEF17, 0xFFB9, 0xFFBA, 0xFFDA, 0xFFDA, 0xFFDA, 0xFF99, 0xEED8, 0xEEB8, 0xF6D8, 0xF6D8, 0xF6D8, 0xE656,
    0xE635, 0xE635, 0xE635, 0xDDB3, 0xCD50, 0xBCEF, 0xBC4D, 0x81E2, 0x89E1, 0x9A43, 0xA2C4, 0xA283, 0xB325, 0xD408, 0xCBE7, 0xCBE7,
    0xCBE7, 0xD428, 0xD448, 0xD448, 0xD428, 0xE50B, 0xEE30, 0xF6B3, 0xE5CF, 0xDCAA, 0xE50B, 0xDCCA, 0xCBC6, 0xCBC6, 0xE50A, 0xF5ED,
    0xFE6F, 0xFE6F, 0xFE6F, 0xFE6F, 0xFE6F, 0xFE4E, 0xED8B, 0xE4C9, 0xED4A, 0xF5CC, 0xF5CD, 0xDCC9, 0xDC68, 0xD488, 0xF5CD, 0xF60E,
    0xFDEE, 0xFE0E, 0xF5EE, 0xED6C, 0xF60E, 0xE4EA, 0xE50B, 0xED8D, 0xEDEF, 0xF672, 0xEE11, 0xEE11, 0xFED3, 0x8B28, 0x1000, 0x28E1,
    0x1880, 0x1860, 0x20A1, 0x1881, 0x20C1, 0x3963, 0x7B46, 0x9C07, 0x9C08, 0x2881, 0x4122, 0xCCEC, 0xF630, 0xE52C, 0xDC89, 0xDC68,
    0xDC88, 0xDC68, 0xDC88, 0xE4A9, 0xED0A, 0xECEA, 0xECEA, 0xD468, 0xD428, 0xD428, 0xD468, 0xDCCA, 0xDCEB, 0xDD0B, 0xDD0B, 0xDD0B,
    0xE52C, 0xC429, 0xB3C9, 0xB44C, 0xD592, 0xDDD3, 0xDDF3, 0xEE56, 0xEEB7, 0xEE97, 0xEEB7, 0xEEB7, 0xEE97, 0xF6D8, 0x82C7, 0x8243,
    0xAB25, 0xA304, 0xA304, 0xA304, 0xA304, 0x9AE4, 0x9AE4, 0x9AC4, 0x9AC4, 0x9AC4, 0x9AC4, 0x92A4, 0x92A4, 0x92A4, 0x8A63, 0x8A63,
    0x8A63, 0x8A63, 0x8A63, 0x8A43, 0x8A43, 0x8A43, 0x8A43, 0x8A43, 0x8A43, 0x8A43, 0x8A43, 0x8A43, 0x8A43, 0x8A43, 0x8A43, 0x8A43,
    0x8A43, 0x8A43, 0x8A43, 0x8A43, 0x8A43, 0x8A43, 0x8243, 0x8A43, 0x8A43, 0x8A43, 0x8A43, 0x8A43, 0x8A63, 0x8A64, 0x8A64, 0x8243,
    0x8243, 0x8243, 0x8243, 0x8223, 0x8203, 0x7A03, 0x7A03, 0x7A03, 0x71C2, 0x69A2, 0x69A2, 0x6982, 0x6982, 0x6982, 0x6162, 0x5942,
    0x9A63, 0x9A63, 0x9A63, 0x9A63, 0x9A63, 0x9A63, 0x9A63, 0x9263, 0x9263, 0x9A64, 0x9A63, 0x9264, 0x9A63, 0xAAC4, 0x5142, 0x4984,
    0x7286, 0x3943, 0x1881, 0x18A1, 0x10A2, 0x18A2, 0x10A1, 0x18C2, 0x2923, 0x18A1, 0x0860, 0x0861, 0x0861, 0x0881, 0x0881, 0x0881,
    0x0861, 0x0861, 0x0861, 0x0861, 0x0861, 0x0861, 0x0861, 0x0861, 0x0861, 0x0861, 0x0861, 0x0860, 0x0861, 0x0881, 0x0000, 0x4A06,
    0xDDF5, 0xD5D4, 0xDDF5, 0xE655, 0xFF99, 0xFFDA, 0xFFBA, 0xFFDA, 0xFFBA, 0xEED8, 0xEEB7, 0xEEB8, 0xE656, 0xE635, 0xE656, 0xE614,
    0xE614, 0xE614, 0xE614, 0xC4EF, 0xD591, 0x8A85, 0x7960, 0x9A22, 0x9222, 0xA283, 0xBB66, 0xC3C7, 0xC3C7, 0xCBE8, 0xCBE8, 0xCBE7,
    0xCBC7, 0xCC08, 0xD469, 0xD448, 0xD469, 0xDCCA, 0xE50B, 0xE58E, 0xF692, 0xEE10, 0xE56D, 0xDCCA, 0xDC68, 0xDC48, 0xDC68, 0xE4EA,
    0xFE6F, 0xFE6F, 0xFE6F, 0xFE6F, 0xFE6F, 0xFE8F, 0xF5CD, 0xED0A, 0xE4E9, 0xF58C, 0xF5ED, 0xF5AC, 0xDCA9, 0xD468, 0xED6C, 0xF5CE,
    0xF60E, 0xF60E, 0xFE2F, 0xE54B, 0xDCEA, 0xDCA9, 0xDCEA, 0xF631, 0xEE32, 0xEE53, 0xF653, 0xF652, 0xBCAD, 0x59E5, 0x20A0, 0x1860,
    0x28E2, 0x2902, 0x1881, 0x18A1, 0x1881, 0x20C1, 0x49E3, 0x7B65, 0xAC88, 0x7AC6, 0x30A1, 0xB409, 0xF630, 0xFEB2, 0xFE0E, 0xDC88,
    0xDC68, 0xDC89, 0xE4A9, 0xE4EA, 0xE4EA, 0xE4EA, 0xECEA, 0xE4EA, 0xD448, 0xCBE7, 0xCC07, 0xD468, 0xDCEB, 0xDD0B, 0xDD0B, 0xDD0B,
    0xDD0B, 0xEDAD, 0xBC09, 0x92C6, 0xDDD3, 0xDDD3, 0xDDD3, 0xE635, 0xEE55, 0xEE76, 0xEEB7, 0xEE97, 0xEE97, 0xF6D8, 0x82A7, 0x8A43,
    0xAB25, 0xA304, 0xA304, 0xA304, 0xA304, 0xA304, 0xA304, 0xA304, 0xA304, 0xA304, 0xA304, 0xA304, 0xA304, 0xA304, 0x9AC4, 0x9AC4,
    0x9AC4, 0x9AC4, 0x9AC4, 0x9AA4, 0x92A4, 0x8A64, 0x8A64, 0x8A63, 0x8A43, 0x8A43, 0x8A43, 0x8A43, 0x8A43, 0x8A43, 0x8A43, 0x8A43,
    0x8A43, 0x8243, 0x8243, 0x8243, 0x8243, 0x8A43, 0x8A43, 0x8A43, 0x8A43, 0x8A43, 0x8A43, 0x8A63, 0x8A63, 0x8A63, 0x8A83, 0x8A84,
    0x8A83, 0x8A83, 0x8A84, 0x8A64, 0x8A63, 0x8A43, 0x8243, 0x8243, 0x8223, 0x7A02, 0x79E2, 0x79E2, 0x79E3, 0x71E2, 0x69A2, 0x6982,
    0x9A63, 0x9A63, 0x9A63, 0x9A83, 0x9A63, 0x9A63, 0x9263, 0x9263, 0x9A63, 0x9A63, 0x9A63, 0x9263, 0x9264, 0xA2A4, 0x5122, 0x4984,
    0x6A86, 0x4164, 0x18A2, 0x18A1, 0x18A2, 0x18A2, 0x18A1, 0x18C2, 0x2924, 0x18A1, 0x0860, 0x0861, 0x0860, 0x0881, 0x0881, 0x0861,
    0x0861, 0x0861, 0x0861, 0x0861, 0x0861, 0x0881, 0x0881, 0x0861, 0x0861, 0x0861, 0x0861, 0x0860, 0x0860, 0x0861, 0x18C2, 0x6288,
    0xDDF5, 0xD5D4, 0xDDD4, 0xDE35, 0xFF9A, 0xFFDA, 0xFFDA, 0xF739, 0xF718, 0xEED8, 0xEEB7, 0xF6B8, 0xE635, 0xDDF4, 0xE615, 0xE635,
    0xE614, 0xDDF4, 0xDDF3, 0xCD30, 0x92C6, 0x9264, 0x9A63, 0x9A63, 0x9A63, 0xAAC4, 0xAAE4, 0xBB66, 0xCBE8, 0xCBE7, 0xCBE7, 0xCBE7,
    0xCBC7, 0xCC08, 0xD428, 0xE4EA, 0xE50B, 0xED6C, 0xED8D, 0xE58D, 0xF5EF, 0xF691, 0xFED2, 0xE58D, 0xD468, 0xDC68, 0xDC47, 0xDC89,
    0xFE4F, 0xFE90, 0xFE6F, 0xFE6F, 0xFE6F, 0xFE4F, 0xFE6F, 0xF5CD, 0xE4E9, 0xED6B, 0xF5CD, 0xF5ED, 0xDCA9, 0xD468, 0xD488, 0xED8D,
    0xFE2F, 0xF60E, 0xF5EE, 0xED6C, 0xD489, 0xDCA9, 0xDCEB, 0xF632, 0xF653, 0xF653, 0xEE33, 0xFED4, 0x8308, 0x1820, 0x28C1, 0x2903,
    0xDEFB, 0x94B1, 0x0800, 0x20A1, 0x20A1, 0x1880, 0x28E1, 0x7325, 0xA467, 0xDDAD, 0x30A1, 0x5183, 0xF631, 0xFE92, 0xF5CE, 0xDC88,
    0xDC88, 0xDC68, 0xDC88, 0xE4EA, 0xE4EA, 0xE4EA, 0xE4EA, 0xECEA, 0xD468, 0xD407, 0xD407, 0xD428, 0xDCCA, 0xDCEB, 0xDD0B, 0xDD0B,
    0xDD0B, 0xE54C, 0xC429, 0xA347, 0xCCEF, 0xDDD3, 0xDDF3, 0xDDF4, 0xDDF4, 0xE634, 0xEE96, 0xEE97, 0xEE97, 0xF6D7, 0x8287, 0x8A43,
    0xAB46, 0xA304, 0xA304, 0xA304, 0xA304, 0xA304, 0xA324, 0xA304, 0xA304, 0xA304, 0xA304, 0xA304, 0xA304, 0xA304, 0xA304, 0xA304,
    0xA304, 0xA304, 0xA304, 0xA304, 0xA304, 0x9AC4, 0x9AC4, 0x92A4, 0x92A4, 0x9284, 0x9284, 0x8A63, 0x8A63, 0x8A43, 0x8A63, 0x8A43,
    0x8A43, 0x8A43, 0x8A43, 0x8A43, 0x8223, 0x8223, 0x8A23, 0x8A23, 0x8243, 0x8A43, 0x8A43, 0x8A43, 0x8A43, 0x8A63, 0x8A63, 0x8A64,
    0x8A63, 0x8A63, 0x8A63, 0x8A64, 0x8A64, 0x8A64, 0x8A64, 0x8A63, 0x8A63, 0x8A63, 0x8A43, 0x8A44, 0x8244, 0x8243, 0x7A03, 0x79E2,
    0x9A63, 0x9A63, 0x9A63, 0x9A63, 0x9A63, 0x9A63, 0x9263, 0x9263, 0x9A63, 0x9A63, 0x9A63, 0x9263, 0x9263, 0xA2A4, 0x5122, 0x51A4,
    0x72A6, 0x49C5, 0x18A2, 0x18A1, 0x18A2, 0x18C2, 0x18A1, 0x18C1, 0x2924, 0x18A2, 0x0860, 0x0860, 0x0860, 0x0861, 0x0861, 0x0861,
    0x0861, 0x0861, 0x0861, 0x0861, 0x0861, 0x0881, 0x0881, 0x0861, 0x0861, 0x0861, 0x0861, 0x0861, 0x0861, 0x0820, 0x9C2F, 0xD5B4,
    0xCD73, 0xDDF4, 0xF717, 0xF758, 0xFFBA, 0xFFDA, 0xFFDA, 0xEEF8, 0xEE97, 0xEEB7, 0xEEB7, 0xEEB7, 0xE635, 0xDDF4, 0xD592, 0xDDD3,
    0xE615, 0xDDD3, 0xBC2C, 0x8A65, 0x9243, 0xB305, 0xAB05, 0xB305, 0xB325, 0xBB45, 0xB304, 0xBB66, 0xCBE8, 0xCBC7, 0xCBE7, 0xD448,
    0xD449, 0xD448, 0xCC07, 0xE4EA, 0xF5AD, 0xED6C, 0xF60E, 0xFE90, 0xF630, 0xF650, 0xF650, 0xF650, 0xE52C, 0xDC68, 0xDC47, 0xD427,
    0xDCEA, 0xFE90, 0xFE8F, 0xFE6F, 0xFE6F, 0xFE4F, 0xFE6F, 0xF5CD, 0xE4EA, 0xED6B, 0xF5CD, 0xF5ED, 0xDCA9, 0xD468, 0xDC89, 0xE54B,
    0xEDAD, 0xF5EE, 0xED8D, 0xED4C, 0xDCAA, 0xDCA9, 0xDCCA, 0xF632, 0xEE54, 0xF654, 0xF674, 0xDDB1, 0x59C4, 0x28C0, 0x2060, 0x5AC9,
    0xA574, 0x4207, 0x1860, 0x20A1, 0x18A1, 0x1881, 0x2901, 0x7305, 0x9C27, 0xD58C, 0x28A1, 0x4122, 0xF651, 0xFE92, 0xFDEE, 0xDC88,
    0xDC88, 0xDC68, 0xE4A9, 0xE4EA, 0xE4EA, 0xE4EA, 0xE4EA, 0xE4EA, 0xED0A, 0xD468, 0xD427, 0xD407, 0xD448, 0xD489, 0xDD0B, 0xDD0B,
    0xDD0B, 0xDD0C, 0xE52C, 0xD4AB, 0x9AE6, 0xD571, 0xE5F4, 0xE5F4, 0xE614, 0xDDF4, 0xE656, 0xEEB7, 0xEE97, 0xFF18, 0x8286, 0x8284,
    0xB3E9, 0xA366, 0xA346, 0xA366, 0xA346, 0xA346, 0xA325, 0xA304, 0xA304, 0xA304, 0xA304, 0xA324, 0xA324, 0xA324, 0xA324, 0xA324,
    0xA304, 0xA324, 0xA324, 0xA324, 0xA324, 0xA304, 0xA304, 0xA304, 0xA304, 0xA2E4, 0x9AE4, 0x9AC4, 0x92A4, 0x92A4, 0x92A4, 0x9284,
    0x8A63, 0x8A63, 0x8A63, 0x8A63, 0x8A43, 0x8223, 0x8223, 0x8A43, 0x8223, 0x8223, 0x8223, 0x8223, 0x8223, 0x8A43, 0x8A43, 0x8A43,
    0x8A43, 0x8A43, 0x8A43, 0x8A43, 0x8A64, 0x8A84, 0x8A84, 0x8A84, 0x8A84, 0x8A84, 0x8A64, 0x8A64, 0x8A64, 0x8A64, 0x8A43, 0x8243,
    0x9A63, 0x9A63, 0x9A63, 0x9A63, 0x9A63, 0x9A63, 0x9263, 0x9263, 0x9A43, 0x9A63, 0x9A63, 0x9A63, 0x9A43, 0xA2A4, 0x4922, 0x3103,
    0x5A05, 0x5205, 0x20E2, 0x18C2, 0x18A2, 0x18A2, 0x10A1, 0x0860, 0x0840, 0x18C2, 0x18C2, 0x0881, 0x0860, 0x0861, 0x0861, 0x0861,
    0x0861, 0x0861, 0x0861, 0x0861, 0x0861, 0x0881, 0x0861, 0x0861, 0x0861, 0x0861, 0x0861, 0x0860, 0x0861, 0x0020, 0x9C0E, 0xDDD4,
    0xCD93, 0xD5D4, 0xF738, 0xFFDA, 0xFFDA, 0xFFBA, 0xEEF8, 0xEEB7, 0xEEB7, 0xEEB7, 0xEEB7, 0xE696, 0xE655, 0xF6B7, 0xB48E, 0xC510,
    0xE635, 0xE634, 0x9B07, 0x7161, 0xA2A4, 0xAAE4, 0xAAE4, 0xB304, 0xB304, 0xC386, 0xCBC7, 0xC3C7, 0xCBC7, 0xCBC7, 0xCBE7, 0xD428,
    0xD428, 0xDC89, 0xED2B, 0xED4B, 0xF60E, 0xFE2E, 0xFE6F, 0xFE90, 0xFEB1, 0xFED2, 0xFED2, 0xF691, 0xF60F, 0xD488, 0xD406, 0xD427,
    0xDCA8, 0xF5ED, 0xF62E, 0xFE4E, 0xFE2E, 0xFE4F, 0xF60E, 0xF5CD, 0xDCA9, 0xED4B, 0xF5AD, 0xF5EE, 0xED4B, 0xDC89, 0xDCA9, 0xDCA9,
    0xDD0B, 0xF5EE, 0xF5CE, 0xE52B, 0xDCAA, 0xDCAA, 0xD4CA, 0xEE32, 0xF674, 0xEE54, 0xFEB5, 0xC4CE, 0x2860, 0x3961, 0x3921, 0x28E2,
    0x18A1, 0x1060, 0x18A1, 0x18A1, 0x20A1, 0x1881, 0x2901, 0x7325, 0x9C47, 0xDDCD, 0x28A1, 0x4101, 0xF671, 0xFEB2, 0xED2B, 0xDC48,
    0xDC48, 0xE4A9, 0xE4EA, 0xE4EA, 0xE4C9, 0xE4EA, 0xED4B, 0xED6C, 0xED4B, 0xDCA9, 0xD448, 0xCC07, 0xCC07, 0xD448, 0xDCEB, 0xDD0B,
    0xDD0B, 0xDD0B, 0xE52C, 0xD48A, 0x9AA5, 0xD591, 0xDDF4, 0xDDF4, 0xE614, 0xE614, 0xEE76, 0xEEB7, 0xEE97, 0xDDD4, 0x8265, 0x9327,
    0xBC6C, 0xB42A, 0xB40A, 0xB409, 0xAC09, 0xABC9, 0xA367, 0xA346, 0xA346, 0xA346, 0xA345, 0xA324, 0xA325, 0xA324, 0xA324, 0xA324,
    0xA324, 0xA324, 0xA324, 0xAB24, 0xAB24, 0xAB24, 0xAB24, 0xA324, 0xA324, 0xA304, 0xA304, 0xA304, 0xA2E4, 0x9AE4, 0x9AE4, 0x9AC4,
    0x92A4, 0x92A4, 0x92A4, 0x9284, 0x8A63, 0x8A43, 0x8A43, 0x8A43, 0x8A43, 0x8A43, 0x8A43, 0x8A43, 0x8A43, 0x8A43, 0x8A43, 0x8A43,
    0x8A43, 0x8A43, 0x8A43, 0x8A43, 0x8A43, 0x8A63, 0x8A64, 0x8A64, 0x8A64, 0x8A84, 0x8A64, 0x8A64, 0x8A64, 0x8A63, 0x8A63, 0x8A64,
    0x9A63, 0x9A63, 0x9A63, 0x9A63, 0x9A63, 0x9A63, 0x9A63, 0x9A63, 0x9A43, 0x9A43, 0x9A63, 0x9A63, 0x9A63, 0x9A63, 0x8A64, 0x4922,
    0x30E2, 0x6245, 0x6225, 0x3123, 0x1082, 0x20C2, 0x18A1, 0x0840, 0x0840, 0x18C2, 0x2903, 0x18A2, 0x0860, 0x0861, 0x0861, 0x0861,
    0x0861, 0x0861, 0x0861, 0x0861, 0x0861, 0x0861, 0x0861, 0x0861, 0x0861, 0x0861, 0x0861, 0x0860, 0x0861, 0x0020, 0x940E, 0xDDF5,
    0xCDB4, 0xD5D4, 0xE656, 0xEED7, 0xEED8, 0xEED8, 0xEEB7, 0xEEB7, 0xEEB7, 0xEEB8, 0xEED8, 0xF6D7, 0xEEB7, 0xF6B7, 0xB44D, 0xC4CF,
    0xDDF3, 0xE614, 0xA369, 0x9242, 0xAB04, 0xAAE4, 0xAAE4, 0xB305, 0xB304, 0xB324, 0xC386, 0xCBC7, 0xCBC7, 0xCBE7, 0xCBE7, 0xD469,
    0xDCCA, 0xE50B, 0xED4C, 0xE52B, 0xF5CD, 0xFE6F, 0xFE90, 0xFE90, 0xFED2, 0xFED3, 0xFEF2, 0xFED2, 0xF691, 0xE5CE, 0xDCA9, 0xD406,
    0xD426, 0xCC47, 0xF5CD, 0xF5CD, 0xF5CD, 0xFE2E, 0xE56C, 0xE50B, 0xDCA9, 0xE52B, 0xE52B, 0xF5CD, 0xF5AD, 0xDCA9, 0xDCA9, 0xDCA9,
    0xE50B, 0xF5EE, 0xF5CE, 0xE54C, 0xD4AA, 0xDCAA, 0xDCEB, 0xEE32, 0xF675, 0xEE75, 0xF6B6, 0xCD2F, 0x38C0, 0x49C2, 0x5A23, 0x41A3,
    0x1860, 0x20C1, 0x18A1, 0x18A1, 0x18A1, 0x1880, 0x3121, 0x83C7, 0xACA9, 0xB4AB, 0x2881, 0x6225, 0xFEB2, 0xFEB2, 0xDC89, 0xDC07,
    0xDC48, 0xE4A9, 0xE4EA, 0xE4CA, 0xE4C9, 0xE50A, 0xED8C, 0xED8C, 0xED8C, 0xED8D, 0xDCCA, 0xD469, 0xDC89, 0xDCAA, 0xDCEB, 0xDCEB,
    0xDCEB, 0xDCEB, 0xE52C, 0xDD4E, 0xBC4C, 0xDDD3, 0xDE13, 0xDDF3, 0xDE14, 0xEE76, 0xEE97, 0xF697, 0xF6B8, 0x7245, 0x9327, 0xD4EE,
    0xCCAD, 0xC4AD, 0xC4AD, 0xC4AD, 0xC4AD, 0xBC6C, 0xABE9, 0xABE9, 0xABE8, 0xABC9, 0xABA7, 0xA345, 0xA325, 0xA324, 0xA324, 0xA324,
    0xA324, 0xA324, 0xA324, 0xA324, 0xAB24, 0xAB24, 0xAB04, 0xA304, 0xA304, 0xA304, 0xA304, 0xA304, 0xA304, 0xA2E4, 0xA2E4, 0xA2E4,
    0x9AE4, 0x9AE4, 0xA2E4, 0x9AE4, 0x9AC4, 0x9AA4, 0x9AC4, 0x9AA4, 0x92A4, 0x92A4, 0x92A4, 0x9284, 0x9284, 0x8A64, 0x8A64, 0x8A63,
    0x8A43, 0x8A43, 0x8A43, 0x8A43, 0x8A43, 0x8A43, 0x8A43, 0x8A43, 0x8A43, 0x8A43, 0x8A43, 0x8A43, 0x8A43, 0x8A63, 0x8A63, 0x8A63,
    0x9A63, 0x9A63, 0x9A63, 0x9A63, 0x9A63, 0x9A63, 0x9A63, 0x9A63, 0x9A63, 0x9A43, 0x9A63, 0x9A63, 0x9A63, 0x9A63, 0xAAC4, 0x69A2,
    0x30E2, 0x7286, 0x6245, 0x4163, 0x20C2, 0x20C2, 0x20C2, 0x1060, 0x0840, 0x20E2, 0x2923, 0x18A1, 0x0860, 0x0861, 0x0861, 0x0861,
    0x0861, 0x0861, 0x0861, 0x0861, 0x0861, 0x0861, 0x0861, 0x0861, 0x0861, 0x0861, 0x0861, 0x0860, 0x0881, 0x0020, 0x93ED, 0xDDF5,
    0xCD93, 0xD5D4, 0xEE97, 0xEE97, 0xEE97, 0xEE97, 0xEEB7, 0xEEB7, 0xEEB7, 0xF6D8, 0xFF19, 0xF6F8, 0xF6D8, 0xEEB7, 0xDDB3, 0xD592,
    0xCD10, 0xC4AE, 0x9AE6, 0xA2C4, 0xB304, 0xAAE4, 0xAB04, 0xAB04, 0xB304, 0xBB65, 0xC3A6, 0xCBE7, 0xCBE7, 0xCBE7, 0xC386, 0xDCEB,
    0xF5CD, 0xE50A, 0xE4CA, 0xE4AA, 0xED0B, 0xF5CC, 0xF60D, 0xFE90, 0xFEF3, 0xFED3, 0xFED3, 0xFED3, 0xFED3, 0xFF13, 0xDD0B, 0xC385,
    0xCC06, 0xCBE6, 0xE52B, 0xEDAC, 0xEDAC, 0xEDCD, 0xE54B, 0xDCAA, 0xD489, 0xDCCA, 0xE4EA, 0xED6C, 0xED6C, 0xE4EA, 0xE4EB, 0xE50B,
    0xE50B, 0xE52C, 0xED6C, 0xE54C, 0xDCCA, 0xDCAA, 0xDCCB, 0xF632, 0xF696, 0xEE96, 0xFED7, 0xCD50, 0x38C0, 0x49C2, 0x5A23, 0x7325,
    0x4A04, 0x1880, 0x18A1, 0x18A1, 0x20A1, 0x28E1, 0x3982, 0x83C6, 0xACA9, 0x4983, 0x3080, 0xCD2D, 0xFF13, 0xE56D, 0xD407, 0xDC47,
    0xDC68, 0xE4EA, 0xDCC9, 0xDCEA, 0xDCCA, 0xE50A, 0xED8C, 0xED8C, 0xED8C, 0xED8C, 0xED8C, 0xED8D, 0xE50B, 0xDCEB, 0xDCCA, 0xDCEB,
    0xE58E, 0xE56D, 0xE54D, 0xE5EF, 0xBC6B, 0x9307, 0xE614, 0xDDD4, 0xDE14, 0xEE76, 0xEE97, 0xF697, 0xF6F9, 0x7A86, 0x9B27, 0xD50E,
    0xCCAD, 0xCCAD, 0xCCAD, 0xCCAD, 0xCCAD, 0xCCCD, 0xC4AD, 0xC4AD, 0xC48C, 0xC48C, 0xBC4B, 0xABC8, 0xABA7, 0xABA7, 0xAB87, 0xAB87,
    0xA366, 0xA366, 0xA345, 0xA324, 0xA324, 0xA324, 0xA324, 0xA324, 0xA304, 0xA304, 0xA304, 0xA304, 0xA2E4, 0xA304, 0xA304, 0xA304,
    0xA304, 0xA304, 0xA304, 0xA304, 0xA304, 0xA304, 0xA304, 0xA304, 0xA304, 0xA304, 0xA2E4, 0x9AE4, 0x9AC4, 0x92A4, 0x92A4, 0x92A4,
    0x92A4, 0x9264, 0x8A63, 0x8A43, 0x8A43, 0x8A43, 0x8A43, 0x8A43, 0x8A43, 0x8A43, 0x8243, 0x8223, 0x8223, 0x8243, 0x8A43, 0x8A43,
    0x9A63, 0x9A63, 0x9A63, 0x9A63, 0x9A63, 0x9263, 0x9263, 0x9243, 0x9A63, 0x9A63, 0x9A63, 0x9A63, 0x9A43, 0x9223, 0x9A63, 0x6182,
    0x28C1, 0x3943, 0x51E4, 0x6A86, 0x4163, 0x20C2, 0x20E3, 0x20C2, 0x20C2, 0x18A2, 0x10A1, 0x20C2, 0x10A1, 0x0881, 0x0881, 0x0861,
    0x0861, 0x0861, 0x0861, 0x0861, 0x0861, 0x0861, 0x0861, 0x0861, 0x0861, 0x0861, 0x0861, 0x0861, 0x0860, 0x0000, 0x8BCD, 0xDDF5,
    0xCD94, 0xD5D4, 0xEE97, 0xEE97, 0xEE97, 0xEEB7, 0xEEB7, 0xEEB7, 0xEEB7, 0xF6D8, 0xF6F8, 0xF6F8, 0xEEB7, 0xE655, 0xE614, 0xDE14,
    0xABCA, 0x79A1, 0x9223, 0x9A83, 0xA2A4, 0xAB04, 0xB325, 0xB345, 0xB345, 0xC386, 0xC386, 0xBB86, 0xCBC7, 0xCC08, 0xE52C, 0xDCCA,
    0xE4CA, 0xDCA9, 0xDCA9, 0xE4AA, 0xE4CA, 0xED2B, 0xFE0D, 0xF64F, 0xFE91, 0xFEB1, 0xFED3, 0xFED3, 0xFED3, 0xFED3, 0xEE30, 0xDD4C,
    0xC3C6, 0xCBC6, 0xD488, 0xED8C, 0xE54B, 0xE52B, 0xE52B, 0xDCCA, 0xD469, 0xD469, 0xD489, 0xE4EB, 0xE50B, 0xE50B, 0xE50B, 0xE50C,
    0xE52B, 0xE50B, 0xE52C, 0xE54C, 0xE54C, 0xDD0C, 0xDD0C, 0xEE11, 0xF695, 0xEE96, 0xF6D7, 0xD591, 0x38E0, 0x7B66, 0x7B25, 0x7B45,
    0x7B66, 0x6B06, 0x3142, 0x1040, 0x2901, 0x8BE7, 0x8BE7, 0x9C67, 0xAC69, 0x3901, 0x7246, 0xFEF3, 0xEE0F, 0xDC89, 0xE4A9, 0xE4EA,
    0xE4EA, 0xDCC9, 0xED4B, 0xF5CD, 0xEDAC, 0xED8C, 0xED8D, 0xEDCE, 0xEE0F, 0xEDEF, 0xEDEF, 0xEDAE, 0xDD0B, 0xDCCA, 0xE5CE, 0xEDF0,
    0xE56D, 0xE56D, 0xDD4D, 0xE56D, 0xB3C9, 0x92E7, 0xE635, 0xDDF4, 0xDE14, 0xEE76, 0xEE97, 0xEEB8, 0xF6D8, 0x7A65, 0x9B26, 0xD4ED,
    0xCC8C, 0xCCAC, 0xCCAC, 0xCCAD, 0xCCAD, 0xCCEE, 0xCCEE, 0xCCEE, 0xCD0E, 0xCD0E, 0xCCEE, 0xC48C, 0xBC6C, 0xBC6C, 0xBC6B, 0xB42B,
    0xB40A, 0xB40A, 0xABC8, 0xA3A6, 0xA386, 0xA386, 0xA386, 0xA345, 0xA345, 0xA345, 0xA345, 0xA324, 0xA304, 0xA304, 0xA304, 0xA304,
    0xA304, 0xA304, 0xA304, 0xA304, 0xA304, 0xA324, 0xA324, 0xA324, 0xA324, 0xA324, 0xA304, 0xA324, 0xA304, 0x9B04, 0xA304, 0xA304,
    0xA2E4, 0x9AE4, 0x9AC4, 0x92C4, 0x92C4, 0x92A4, 0x92A4, 0x92A3, 0x8A63, 0x8A63, 0x8A63, 0x8A43, 0x8A43, 0x8A43, 0x8A43, 0x8243,
    0x9A63, 0x9A63, 0x9A63, 0x9A63, 0x9A63, 0x9263, 0x9263, 0x9243, 0x9223, 0x8A23, 0x8A03, 0x8203, 0x81E3, 0x71A2, 0x7182, 0x6982,
    0x5142, 0x2881, 0x3923, 0x4984, 0x51C4, 0x4183, 0x20A2, 0x20E3, 0x28E3, 0x18C2, 0x18A2, 0x20E3, 0x18C2, 0x0860, 0x0860, 0x0860,
    0x0880, 0x0881, 0x0881, 0x0861, 0x0861, 0x0861, 0x0861, 0x0861, 0x0861, 0x0861, 0x0861, 0x0020, 0x2943, 0x72EA, 0xAC6F, 0xD5B4,
    0xDDF5, 0xEE77, 0xEE97, 0xEE97, 0xEEB7, 0xEEB7, 0xEEB7, 0xEEB7, 0xEEB7, 0xF6D8, 0xF6F8, 0xF6F8, 0xEE76, 0xDDF4, 0xDDF4, 0xE635,
    0xB40B, 0x81A1, 0x9A84, 0xA283, 0xA2A3, 0xAAC4, 0xAAE4, 0xC386, 0xCBE7, 0xCBC7, 0xC3A7, 0xBB66, 0xC3C7, 0xCC48, 0xED6C, 0xE4AA,
    0xDCA9, 0xE4EA, 0xED6B, 0xED8C, 0xED6B, 0xEDAC, 0xFE4D, 0xFE2D, 0xFE0D, 0xFE2E, 0xFEF3, 0xFED3, 0xFED3, 0xFED3, 0xFF13, 0xF671,
    0xE56C, 0xCC68, 0xDCEA, 0xED8D, 0xE54C, 0xDCEB, 0xDCCB, 0xDCCA, 0xD469, 0xD449, 0xCC28, 0xDCCA, 0xE52C, 0xE50B, 0xE50B, 0xE52C,
    0xE52B, 0xE50B, 0xE54C, 0xE56C, 0xE54D, 0xE54D, 0xE54D, 0xE5D0, 0xF6B6, 0xF6D7, 0xFF38, 0xD5B1, 0x3080, 0x8C08, 0xB54A, 0x9C27,
    0x8BC6, 0x9407, 0x7346, 0x62C4, 0x7326, 0xA4A9, 0xA4A9, 0xA469, 0x4962, 0x40C1, 0xC4CC, 0xF630, 0xED6C, 0xE4CA, 0xED0A, 0xED0A,
    0xED2B, 0xF5ED, 0xFE2F, 0xF5CD, 0xEDAC, 0xEDCD, 0xEDEE, 0xF630, 0xF651, 0xF651, 0xEE10, 0xEDCE, 0xF651, 0xEE52, 0xEE31, 0xDD6D,
    0xDD2C, 0xDD2C, 0xDD2C, 0xED8D, 0xB3E9, 0x92E6, 0xDD92, 0xD5B3, 0xE614, 0xEE56, 0xF6B8, 0xD5B3, 0x82A6, 0xABC9, 0xC44B, 0xCC8B,
    0xCC6B, 0xCC6B, 0xCC8B, 0xCC8B, 0xCCAC, 0xCCCD, 0xCCEE, 0xCCEE, 0xCD0F, 0xCD0F, 0xCD0F, 0xCD0E, 0xCD0F, 0xCCEE, 0xCCEE, 0xC4CE,
    0xC4AD, 0xC4AD, 0xBC6C, 0xB44B, 0xB44B, 0xB44A, 0xB42A, 0xA3C8, 0xA3A7, 0xA3A7, 0xA3A7, 0xA366, 0x9B25, 0xA304, 0xA304, 0xA324,
    0xA304, 0xA324, 0xA324, 0xAB04, 0xAB04, 0xAB24, 0xAB24, 0xAB24, 0xA324, 0xA324, 0xA324, 0xA324, 0xA324, 0xA324, 0xAB25, 0xAB24,
    0xA324, 0xA324, 0xA325, 0xA304, 0xA304, 0xA304, 0xA304, 0x9AE4, 0x9AC4, 0x9AC4, 0x92C4, 0x92C4, 0x92A4, 0x92A4, 0x8A64, 0x8A43,
    0x9A43, 0x9243, 0x9243, 0x9243, 0x9223, 0x8A23, 0x8A23, 0x81E3, 0x71A2, 0x71A2, 0x69A2, 0x6982, 0x6162, 0x5921, 0x5121, 0x5121,
    0x5121, 0x5962, 0x30C1, 0x0800, 0x28E2, 0x41A4, 0x20C2, 0x20E2, 0x20E3, 0x20E3, 0x20E3, 0x20E3, 0x20C2, 0x20C2, 0x20C2, 0x10A1,
    0x0860, 0x0881, 0x0881, 0x0861, 0x0881, 0x0861, 0x0861, 0x0861, 0x0861, 0x0861, 0x0861, 0x0860, 0x49E6, 0xCD73, 0xC511, 0xCD73,
    0xDDF5, 0xEEB7, 0xEE97, 0xEE97, 0xEE97, 0xEE97, 0xEEB7, 0xEEB7, 0xEEB8, 0xF6B8, 0xF6B8, 0xE676, 0xDE14, 0xDDF4, 0xDDD4, 0xB42C,
    0x9AA5, 0x89E2, 0xA2C4, 0xAAE4, 0xA2C3, 0xAAC4, 0xAAC4, 0xB325, 0xC3C7, 0xCBE7, 0xCBE7, 0xCBC7, 0xCC08, 0xE52C, 0xDC89, 0xDC89,
    0xDCA9, 0xDCC9, 0xED8C, 0xF5EC, 0xFE6E, 0xFE6E, 0xFE6E, 0xFE6F, 0xFE6F, 0xFE90, 0xFED2, 0xFED3, 0xFED3, 0xFED3, 0xFED3, 0xFE92,
    0xF671, 0xEDCF, 0xEDF0, 0xEDF0, 0xEDF0, 0xEDAF, 0xE5AF, 0xE56E, 0xD48A, 0xCC49, 0xCC48, 0xDCCA, 0xE52C, 0xE52C, 0xE52C, 0xE52C,
    0xDD0B, 0xD4AA, 0xE54C, 0xE54C, 0xE54D, 0xE54D, 0xDD2C, 0xE5B0, 0xF695, 0xFF18, 0xFF79, 0xE613, 0x5183, 0x51E3, 0xBD0B, 0xEE4F,
    0xC50B, 0xB4AA, 0xBD0A, 0xBD2B, 0xACAA, 0xA468, 0x8387, 0x30C1, 0x6246, 0xA40B, 0xEE10, 0xDCCA, 0xDCA9, 0xE4EA, 0xF58C, 0xF5CD,
    0xF5EE, 0xFE4F, 0xFE2E, 0xEDCD, 0xF5EE, 0xF62F, 0xF630, 0xF630, 0xF630, 0xF610, 0xF693, 0xF6F5, 0xF6F6, 0xDD8E, 0xEDAE, 0xE54C,
    0xDD2C, 0xDD4C, 0xDD2C, 0xE54D, 0xDD2C, 0xDD2D, 0x8A85, 0xBC6D, 0xEE76, 0xE656, 0xF6B8, 0xD593, 0x71E3, 0xCC8C, 0xCC8C, 0xCC6B,
    0xCC6B, 0xCC6B, 0xCC6B, 0xCC6B, 0xCC8C, 0xCCED, 0xCCEE, 0xCCEE, 0xCD0E, 0xCD0E, 0xCD0E, 0xCD0F, 0xCD0F, 0xCD0F, 0xCD0F, 0xCCEF,
    0xCCEE, 0xCCEE, 0xCCEE, 0xC4CE, 0xC4CE, 0xC4CE, 0xC4AD, 0xBC4B, 0xB44B, 0xB42A, 0xB42A, 0xABE9, 0xA387, 0xA387, 0xA386, 0xA386,
    0xA387, 0xA386, 0xA345, 0xA324, 0xA324, 0xA324, 0xAB24, 0xA324, 0xA324, 0xA324, 0xA324, 0xA324, 0xAB24, 0xAB65, 0xAB65, 0xAB65,
    0xAB65, 0xAB45, 0xAB45, 0xAB45, 0xAB45, 0xAB45, 0xAB45, 0xA325, 0xA324, 0xA324, 0xA325, 0xA304, 0xA304, 0x9AE4, 0x9AE4, 0x9AC4,
    0x8A02, 0x8A02, 0x81C2, 0x79C2, 0x79C2, 0x71A2, 0x71A2, 0x6162, 0x5941, 0x5942, 0x5921, 0x5921, 0x5921, 0x5101, 0x5101, 0x5101,
    0x5122, 0x5121, 0x4922, 0x4922, 0x4922, 0x1840, 0x0820, 0x1060, 0x2903, 0x28E3, 0x20E3, 0x28E3, 0x28E3, 0x28E3, 0x2903, 0x18A1,
    0x0860, 0x0881, 0x0881, 0x0861, 0x0861, 0x0861, 0x0861, 0x0861, 0x0861, 0x1081, 0x0020, 0x838C, 0xBCF1, 0xC511, 0xC552, 0xCD73,
    0xDDF5, 0xEEB7, 0xEE97, 0xEE97, 0xF718, 0xF739, 0xEED8, 0xEED8, 0xEED8, 0xEEB7, 0xDE15, 0xE614, 0xE614, 0xDDF4, 0xDDF3, 0x92C6,
    0x7960, 0x8A02, 0xA2E4, 0xB325, 0xB366, 0xB345, 0xB345, 0xAB04, 0xBB45, 0xCBE8, 0xCBC7, 0xCC28, 0xD4A9, 0xDC89, 0xDC68, 0xDC89,
    0xDC69, 0xDC89, 0xED4B, 0xED4B, 0xEDEC, 0xFE8F, 0xFEB1, 0xFEF2, 0xFED2, 0xFED3, 0xFED3, 0xFED3, 0xFED3, 0xFED3, 0xFED3, 0xFED3,
    0xFEB2, 0xEE31, 0xEE12, 0xEE33, 0xEE53, 0xF674, 0xF674, 0xE5B0, 0xE54E, 0xDCEC, 0xCC49, 0xD489, 0xE50B, 0xE52C, 0xE52C, 0xE52C,
    0xED6D, 0xDCEB, 0xE50C, 0xED8D, 0xEDEF, 0xEDCF, 0xEDCE, 0xEDF0, 0xEE53, 0xFF18, 0xF739, 0xFF58, 0xAC6E, 0x2040, 0x4122, 0x8B27,
    0xE672, 0xE674, 0xDE53, 0xE694, 0x59E5, 0x2880, 0x6246, 0x7AC7, 0xEE74, 0xFF35, 0xF631, 0xF5CD, 0xF5CD, 0xF5EE, 0xF62F, 0xFEB0,
    0xFE90, 0xFE90, 0xFE90, 0xFEB1, 0xFED2, 0xF62F, 0xF610, 0xF60F, 0xF630, 0xF6D5, 0xF716, 0xF693, 0xEDF0, 0xEE10, 0xEDCF, 0xE58E,
    0xE5AF, 0xE5AF, 0xEDCF, 0xE58E, 0xE56D, 0xEDCF, 0x92A5, 0xBC8D, 0xEE76, 0xE656, 0xF6B8, 0xDDF4, 0x71E3, 0xC46B, 0xD4ED, 0xD4CC,
    0xD4CD, 0xD4CD, 0xD4ED, 0xD4ED, 0xD4EE, 0xD50E, 0xD50E, 0xCD0E, 0xCD0E, 0xD50E, 0xCD0E, 0xCD0F, 0xCD0F, 0xCD0F, 0xCD0F, 0xCCEE,
    0xCCEE, 0xCCEE, 0xCCEE, 0xCCEE, 0xCCEE, 0xCCCE, 0xCCCE, 0xCCAD, 0xC4AD, 0xC4AD, 0xC48D, 0xBC8C, 0xBC4B, 0xB44B, 0xB44B, 0xB44B,
    0xBC4B, 0xB42A, 0xABE8, 0xA366, 0xA366, 0xA346, 0xA345, 0xA345, 0xA325, 0xA324, 0xA324, 0xA324, 0xA324, 0xAB45, 0xAB65, 0xAB65,
    0xAB65, 0xAB45, 0xAB45, 0xAB45, 0xAB45, 0xAB45, 0xAB45, 0xAB45, 0xAB45, 0xAB45, 0xAB45, 0xAB45, 0xAB45, 0xAB25, 0xA324, 0xA324,
    0x7182, 0x7182, 0x6141, 0x5921, 0x5921, 0x5921, 0x5921, 0x5121, 0x5121, 0x5121, 0x5121, 0x5101, 0x5121, 0x5122, 0x5121, 0x5142,
    0x5942, 0x5942, 0x5962, 0x6162, 0x5962, 0x4102, 0x4101, 0x38E2, 0x1081, 0x20E2, 0x28E3, 0x28E3, 0x20E3, 0x20E3, 0x20E3, 0x20C2,
    0x18A2, 0x1060, 0x0860, 0x0860, 0x0880, 0x1081, 0x18A2, 0x1081, 0x1081, 0x1081, 0x0020, 0x93CD, 0xD593, 0xC532, 0xD5B4, 0xDDD4,
    0xE615, 0xEE97, 0xEE97, 0xE697, 0xFFDA, 0xFFFA, 0xFF79, 0xEED8, 0xEEB7, 0xEE97, 0xE615, 0xE614, 0xDDF4, 0xDDB3, 0xD550, 0x9AE6,
    0x81C1, 0x9222, 0x9242, 0x9AA3, 0xB346, 0xC3C7, 0xC3C7, 0xC3C7, 0xC3A7, 0xC3C7, 0xC3A7, 0xDCAA, 0xED6C, 0xDC88, 0xE4A9, 0xE489,
    0xE50A, 0xF5AC, 0xF62E, 0xFE70, 0xFE70, 0xFEB1, 0xFED2, 0xFED2, 0xFED2, 0xFED3, 0xFED3, 0xFED3, 0xFEF3, 0xFEF3, 0xFEF3, 0xFED3,
    0xFED3, 0xF672, 0xF633, 0xF695, 0xF695, 0xF695, 0xF695, 0xF695, 0xEE12, 0xE58F, 0xD46A, 0xD469, 0xDCEB, 0xDD0B, 0xE52C, 0xED6D,
    0xEDAE, 0xE54C, 0xED6D, 0xF60F, 0xFE91, 0xFE71, 0xFE91, 0xFE92, 0xF652, 0xF6D6, 0xFF38, 0xFF38, 0xC4EE, 0x92E7, 0x9328, 0xBC8C,
    0xBC6B, 0xAC2A, 0xB42B, 0xB42A, 0xA3E9, 0xB44B, 0xF6F3, 0xFF75, 0xF670, 0xF5CD, 0xF60E, 0xFE0E, 0xFE4F, 0xFEF1, 0xFED1, 0xFEB1,
    0xFEB1, 0xFEB1, 0xFED1, 0xFED2, 0xFE91, 0xF671, 0xF650, 0xF693, 0xF736, 0xF6F6, 0xEE31, 0xEDF0, 0xEE10, 0xEE10, 0xEDF0, 0xEDD0,
    0xEDF0, 0xEDF0, 0xEDF1, 0xEDF0, 0xE5D0, 0xEDF1, 0x92C5, 0xBC8D, 0xE656, 0xEE76, 0xC4EF, 0x82A6, 0x92E6, 0xCCCD, 0xD52E, 0xD52E,
    0xD52F, 0xD52F, 0xD52F, 0xD54F, 0xD54F, 0xD54F, 0xD54F, 0xD54F, 0xD52F, 0xD52F, 0xD52F, 0xD52F, 0xD52F, 0xD50F, 0xD50E, 0xCCEE,
    0xCCAD, 0xCCAD, 0xCC8C, 0xC48C, 0xCC8C, 0xCCAC, 0xC4AC, 0xC48C, 0xC48C, 0xCCCD, 0xCCEE, 0xCCEE, 0xCCEE, 0xCCEE, 0xCCCE, 0xCCEE,
    0xCCCE, 0xC4AE, 0xBC6B, 0xB40A, 0xB40A, 0xB409, 0xAC09, 0xABE9, 0xAB87, 0xA324, 0xA324, 0xA324, 0xA324, 0x9B44, 0xA364, 0x9B64,
    0xA364, 0xA364, 0xA384, 0xA365, 0xAB64, 0xAB65, 0xAB45, 0xAB45, 0xAB65, 0xAB45, 0xAB45, 0xAB45, 0xAB45, 0xAB45, 0xAB45, 0xAB44,
    0x5921, 0x5921, 0x5101, 0x5101, 0x5101, 0x5101, 0x5101, 0x5101, 0x5121, 0x5922, 0x5962, 0x5962, 0x5962, 0x5962, 0x5962, 0x5962,
    0x5962, 0x6162, 0x6162, 0x6162, 0x6162, 0x6182, 0x69A2, 0x5962, 0x28A1, 0x18A1, 0x2903, 0x2903, 0x28E3, 0x28E3, 0x28E3, 0x20E3,
    0x20C2, 0x1081, 0x1081, 0x1081, 0x18A1, 0x18A2, 0x18A2, 0x18A2, 0x0000, 0x0020, 0x0000, 0x836B, 0xD593, 0xCD72, 0xE656, 0xE656,
    0xEE77, 0xEE97, 0xEE97, 0xEE97, 0xEED8, 0xF738, 0xFF9A, 0xF6D8, 0xE635, 0xE615, 0xE615, 0xDDF4, 0xE635, 0xD5B2, 0x7A04, 0x81E2,
    0x8A02, 0x9242, 0x9A63, 0x9263, 0x9AA3, 0xB366, 0xBBA7, 0xC3C7, 0xCBE8, 0xCBE8, 0xCBE7, 0xCC28, 0xDC69, 0xE4A9, 0xE4CA, 0xE4C9,
    0xED2B, 0xF5ED, 0xF62F, 0xFEF2, 0xFED2, 0xFED2, 0xFED2, 0xFED2, 0xFED3, 0xFED3, 0xFED3, 0xFEF3, 0xFE92, 0xF651, 0xF651, 0xF651,
    0xEE31, 0xE5D0, 0xE590, 0xE5F2, 0xF695, 0xF695, 0xF696, 0xF6B5, 0xF695, 0xEE33, 0xE54D, 0xDCCB, 0xDCEB, 0xDCCB, 0xE50C, 0xE56D,
    0xF5CE, 0xF5CD, 0xF5CE, 0xF60F, 0xFE91, 0xFE91, 0xF691, 0xF671, 0xFED4, 0xFEF6, 0xFF18, 0xFF17, 0xEE73, 0xF611, 0xF611, 0xF631,
    0xF6D4, 0xFFB8, 0xFF98, 0xFFB8, 0xFFD9, 0xFFD8, 0xFF14, 0xFF13, 0xFEB1, 0xFE90, 0xFE91, 0xFEB1, 0xFEF2, 0xFF12, 0xFEB1, 0xFEB1,
    0xFEB1, 0xFEB1, 0xFEB1, 0xFEB2, 0xFEB2, 0xF692, 0xF6B3, 0xF716, 0xF717, 0xEE10, 0xEE11, 0xEE11, 0xEE11, 0xEE10, 0xEE10, 0xEDF0,
    0xEDF0, 0xEDF0, 0xEDF1, 0xEDF1, 0xEDF1, 0xEE12, 0x8A64, 0xC48D, 0xEE96, 0xEE76, 0xABEC, 0x6120, 0xC48C, 0xD52E, 0xD50E, 0xD54F,
    0xD550, 0xDD70, 0xD570, 0xDD70, 0xDD70, 0xDD70, 0xDD70, 0xD570, 0xDD70, 0xDD70, 0xDD70, 0xD550, 0xD550, 0xD52F, 0xD4EE, 0xCCAC,
    0xCC6B, 0xC46B, 0xC44B, 0xC44B, 0xC44B, 0xC44B, 0xC46B, 0xC46C, 0xC46C, 0xCCCD, 0xCD0F, 0xD52F, 0xD52F, 0xD52F, 0xCD2F, 0xD52F,
    0xD530, 0xCD0F, 0xCCEE, 0xC4EE, 0xC4CE, 0xC4CE, 0xC4CE, 0xC4CD, 0xB42A, 0xABA8, 0xABA8, 0xABA8, 0xA3A7, 0x9BA6, 0x9BA6, 0x9BC5,
    0x9BA5, 0x9BA4, 0x9BA4, 0x9BA4, 0x9BA4, 0x9BA4, 0xA384, 0xA385, 0xA385, 0xA365, 0xA365, 0xAB44, 0xAB45, 0xAB45, 0xAB45, 0xAB45,
    0x5101, 0x5101, 0x5101, 0x5121, 0x5122, 0x5121, 0x5941, 0x5942, 0x5962, 0x6162, 0x6182, 0x6182, 0x6182, 0x6182, 0x6182, 0x6162,
    0x6162, 0x6162, 0x6162, 0x6162, 0x6162, 0x6162, 0x6162, 0x6182, 0x6183, 0x28C1, 0x18A2, 0x20C2, 0x18A2, 0x18A2, 0x18A2, 0x20C2,
    0x28E3, 0x20C2, 0x20C2, 0x20C3, 0x20C2, 0x20C2, 0x18A2, 0x0820, 0x5A88, 0x3984, 0x49E6, 0xB4B0, 0xCD73, 0xD5B3, 0xE656, 0xE636,
    0xEE77, 0xEEB8, 0xEEB8, 0xEE97, 0xE615, 0xE635, 0xEEB7, 0xE676, 0xE615, 0xE615, 0xDE14, 0xE615, 0xB46E, 0x9349, 0x71A2, 0x81E2,
    0x9A83, 0x9A83, 0x9A62, 0x9262, 0x9A62, 0xA2C3, 0xA304, 0xAB04, 0xC3E7, 0xD448, 0xE4EB, 0xDC89, 0xD468, 0xE4A9, 0xE4CA, 0xE4CA,
    0xE4E9, 0xEDEE, 0xFEB1, 0xFED1, 0xFED2, 0xFED2, 0xFED2, 0xFED2, 0xFEB2, 0xF691, 0xF671, 0xF691, 0xEDEF, 0xE54D, 0xE56D, 0xE56D,
    0xDD0D, 0xCC8C, 0xCC8C, 0xC48D, 0xE5F3, 0xF695, 0xF696, 0xF695, 0xF6B5, 0xF6B5, 0xF673, 0xE58E, 0xDCCA, 0xE52C, 0xE56C, 0xEDAD,
    0xEDEE, 0xF60F, 0xF670, 0xF64F, 0xF62F, 0xF670, 0xF60F, 0xF5EE, 0xF62F, 0xF610, 0xF672, 0xFF16, 0xFF16, 0xF6D4, 0xF672, 0xF652,
    0xF6D4, 0xFFB8, 0xFF97, 0xFF97, 0xFF98, 0xFF98, 0xFF35, 0xFF35, 0xFF56, 0xFF56, 0xFF56, 0xFF34, 0xFF33, 0xFEF2, 0xFEB0, 0xFED1,
    0xFED1, 0xFED1, 0xFED2, 0xFEB2, 0xFE72, 0xFF36, 0xF758, 0xEE52, 0xEDF0, 0xEE31, 0xEE31, 0xF631, 0xF632, 0xEE11, 0xE5CF, 0xEDF0,
    0xEDF0, 0xEDF0, 0xEDF0, 0xEDF0, 0xEDF1, 0xEDF1, 0xCD0E, 0xA388, 0xBCAD, 0xEE96, 0xBC8E, 0x69A2, 0xC46C, 0xDD2E, 0xD52E, 0xD54F,
    0xDD70, 0xD570, 0xD570, 0xDD70, 0xDD70, 0xDD70, 0xDD70, 0xD570, 0xDD70, 0xDD70, 0xD570, 0xD550, 0xD550, 0xD52F, 0xCCED, 0xCCAC,
    0xCC8C, 0xCC6B, 0xC44A, 0xC44A, 0xC44A, 0xC44A, 0xC44B, 0xC46B, 0xC48B, 0xCCCD, 0xCCEE, 0xCCEE, 0xCD0E, 0xCD2F, 0xCD2F, 0xCD2F,
    0xCD2F, 0xCD2F, 0xCD0F, 0xCD0F, 0xCD2F, 0xCD2F, 0xCD2F, 0xCD2F, 0xC4CD, 0xBC8C, 0xBC8C, 0xBC8C, 0xB46B, 0xB44A, 0xAC4A, 0xAC4A,
    0xA408, 0x9BE5, 0x9BE5, 0x9BE5, 0x9BE5, 0x9BC4, 0x9BC4, 0x9BC4, 0x9BA4, 0x9B84, 0x9B84, 0x9B84, 0xA364, 0xAB45, 0xAB45, 0xAB45,
    0x5121, 0x5141, 0x5962, 0x6162, 0x6162, 0x6162, 0x6182, 0x6182, 0x6182, 0x6182, 0x6182, 0x6182, 0x6182, 0x6182, 0x6182, 0x6162,
    0x6162, 0x6162, 0x6162, 0x6162, 0x6162, 0x6162, 0x6162, 0x6182, 0x6162, 0x6183, 0x2881, 0x1860, 0x1860, 0x1860, 0x1860, 0x20A2,
    0x20E3, 0x28E3, 0x28E3, 0x28E3, 0x18A1, 0x1081, 0x1081, 0x18A2, 0xCD92, 0xD5B3, 0xBD10, 0xD593, 0xCD52, 0xDE15, 0xE656, 0xE656,
    0xE656, 0xEE57, 0xE656, 0xE676, 0xE655, 0xE615, 0xDE14, 0xE615, 0xE614, 0xE614, 0xDE14, 0xE655, 0x9308, 0x6120, 0x8202, 0x81E1,
    0x8A02, 0x9222, 0xAAE5, 0xAB05, 0xA2E4, 0xB345, 0xBBA6, 0xBBA6, 0xCBE7, 0xCC28, 0xC407, 0xDCCA, 0xF58C, 0xED6B, 0xED8C, 0xF5EE,
    0xF60E, 0xFE90, 0xFEF2, 0xFED2, 0xFED2, 0xFED2, 0xFED2, 0xFF34, 0xEE30, 0xE56C, 0xF5AE, 0xF5CE, 0xE54D, 0xBC09, 0xBC0A, 0xBBE9,
    0xB3A9, 0xB3A9, 0xB3A9, 0x9B28, 0xB42B, 0xF654, 0xE634, 0xF6B5, 0xF6B5, 0xF6B6, 0xF6F7, 0xF673, 0xDD2C, 0xEDAD, 0xED8D, 0xF60F,
    0xFEF2, 0xFEF2, 0xFF12, 0xF64E, 0xF5CD, 0xF5CD, 0xF5ED, 0xF5ED, 0xF5CD, 0xF5AC, 0xEDAD, 0xEE0F, 0xF6D4, 0xF6F5, 0xFEF5, 0xFF35,
    0xFF56, 0xFF96, 0xFF76, 0xFF76, 0xFF98, 0xFFFA, 0xFFFA, 0xFFFB, 0xFFFB, 0xFFFB, 0xFFFA, 0xFFB8, 0xFF97, 0xFF97, 0xFF97, 0xFF13,
    0xFEB1, 0xFED1, 0xFEB2, 0xFED3, 0xF716, 0xF6B5, 0xEE74, 0xEE32, 0xF652, 0xF632, 0xF631, 0xF611, 0xEE11, 0xEE31, 0xEE11, 0xEDF0,
    0xEDF0, 0xEDF0, 0xEDF1, 0xE5F0, 0xEDF1, 0xE5F1, 0xF673, 0xA327, 0xAB89, 0xE655, 0xE5F3, 0x8286, 0xBC2B, 0xD4ED, 0xCCAC, 0xCCCD,
    0xD4EE, 0xD52E, 0xD52F, 0xD52F, 0xD52F, 0xD52F, 0xD52F, 0xD52F, 0xD56F, 0xD570, 0xD550, 0xD54F, 0xD52F, 0xD52F, 0xD4EE, 0xCCCD,
    0xCCCD, 0xCCAD, 0xCCAC, 0xCCAC, 0xCCAC, 0xCCAC, 0xCCAC, 0xCCAC, 0xCCAC, 0xCCED, 0xCCED, 0xCCEE, 0xCD0E, 0xCD0F, 0xCD0F, 0xCD0F,
    0xCD0F, 0xCD0F, 0xCD0F, 0xCD0E, 0xCCEE, 0xCCEE, 0xCCEE, 0xCCEE, 0xCCEE, 0xCCCE, 0xCCCE, 0xCCCE, 0xC4AD, 0xC4AD, 0xC4AD, 0xC4AD,
    0xBC8B, 0xB46A, 0xB46A, 0xB469, 0xB469, 0xA427, 0xA406, 0xA407, 0x9BE6, 0x9BC5, 0x93A4, 0x9384, 0x9B84, 0xA385, 0xA365, 0xAB65,
    0x6162, 0x6162, 0x6182, 0x6182, 0x6182, 0x6182, 0x6182, 0x6182, 0x6182, 0x6182, 0x6183, 0x6183, 0x6183, 0x6182, 0x6182, 0x6162,
    0x6162, 0x6162, 0x6162, 0x6162, 0x6162, 0x6162, 0x6182, 0x6182, 0x6182, 0x6182, 0x6182, 0x6182, 0x6182, 0x6982, 0x5982, 0x1060,
    0x1061, 0x18A2, 0x18A2, 0x18A2, 0x1061, 0x0820, 0x0800, 0xC5B3, 0xE614, 0xCD52, 0xCD93, 0xCD73, 0xCD73, 0xDDF5, 0xE636, 0xE656,
    0xE656, 0xE636, 0xE636, 0xE614, 0xE614, 0xE635, 0xE635, 0xE635, 0xE614, 0xE614, 0xDE14, 0xE635, 0x9B69, 0x7180, 0x8A22, 0x8201,
    0x81E1, 0x81E1, 0xA2C4, 0xB346, 0xC3A7, 0xC3E7, 0xCC48, 0xCC48, 0xCC28, 0xCC28, 0xD448, 0xDCA9, 0xE50A, 0xE4EA, 0xE52B, 0xF60E,
    0xF60E, 0xF62E, 0xF690, 0xFE90, 0xFE91, 0xFEB1, 0xFEB2, 0xE5EF, 0xE54D, 0xD46A, 0x8AC7, 0x8AC7, 0x82A6, 0x61C4, 0x61E4, 0x5183,
    0x4102, 0x4102, 0x4102, 0x38E1, 0x5183, 0x7A87, 0xDD91, 0xFF17, 0xF6D6, 0xFF17, 0xF6F6, 0xF6F6, 0xFED3, 0xEDAE, 0xED8D, 0xF62F,
    0xFEF2, 0xFEF1, 0xF64F, 0xF5ED, 0xFE4F, 0xFE91, 0xFE91, 0xFE91, 0xFE91, 0xF64F, 0xF5CE, 0xE54C, 0xE5AE, 0xF693, 0xEE73, 0xF715,
    0xFF98, 0xFF98, 0xFFD9, 0xFFDA, 0xFFDA, 0xFFDA, 0xFFDA, 0xFFDA, 0xFFFA, 0xFFFA, 0xFFFA, 0xFFFA, 0xFFFA, 0xFFDA, 0xFFFA, 0xFF77,
    0xFF35, 0xFEF3, 0xFF14, 0xFF79, 0xEEB5, 0xEE52, 0xF632, 0xF652, 0xF632, 0xF652, 0xEE31, 0xEDCF, 0xE5AF, 0xEDF0, 0xEDF0, 0xEDD0,
    0xEDD0, 0xEDF1, 0xEDD1, 0xEE11, 0xEE12, 0xEDD1, 0xEE12, 0x9AE5, 0xA348, 0xE634, 0xDDD3, 0x7A45, 0xBC6C, 0xE632, 0xE612, 0xE633,
    0xE673, 0xEE94, 0xEE95, 0xEEB5, 0xEEB5, 0xEE95, 0xEEB5, 0xE633, 0xCCAC, 0xCC8C, 0xCC8C, 0xCCAC, 0xCCAC, 0xCCAC, 0xCCAC, 0xCCAC,
    0xD4EE, 0xD50F, 0xD50F, 0xD50F, 0xD50F, 0xD50F, 0xD50F, 0xD52F, 0xD52F, 0xD52F, 0xD52F, 0xD52F, 0xD52F, 0xD52F, 0xD52F, 0xD52F,
    0xD52F, 0xCD0F, 0xCCCE, 0xCCAC, 0xCC8C, 0xCC8C, 0xCC8C, 0xCC8C, 0xCC8C, 0xC48C, 0xCC8C, 0xCC8C, 0xCCAD, 0xCCAD, 0xC4AD, 0xCCEE,
    0xCCEE, 0xCCEE, 0xCCEE, 0xCCEE, 0xC4EE, 0xBCAC, 0xBC8B, 0xBC8B, 0xB44A, 0xA428, 0xA3E7, 0xA3E7, 0xA3E7, 0xA3E8, 0x9BA6, 0xA364,
    0x6162, 0x6162, 0x6182, 0x6182, 0x6182, 0x6182, 0x6182, 0x6182, 0x6182, 0x6182, 0x6182, 0x6182, 0x6182, 0x6182, 0x6182, 0x6162,
    0x6162, 0x6182, 0x6162, 0x6162, 0x6162, 0x6162, 0x6162, 0x6162, 0x6182, 0x6182, 0x6182, 0x6182, 0x6182, 0x6982, 0x6182, 0x5142,
    0x5142, 0x2060, 0x1840, 0x1860, 0x1020, 0x734A, 0xB573, 0xE676, 0xD593, 0xCD72, 0xCD73, 0xCD73, 0xCD73, 0xCD72, 0xDDF5, 0xE656,
    0xE656, 0xE656, 0xE635, 0xE614, 0xE615, 0xE635, 0xE635, 0xE635, 0xE634, 0xE614, 0xE614, 0xE655, 0x9B69, 0x7160, 0x8A21, 0x8A01,
    0x9263, 0x9263, 0x9242, 0xA2C4, 0xC3C7, 0xC3E7, 0xCC28, 0xCC28, 0xCC28, 0xCC49, 0xDCA9, 0xE4A9, 0xDCC9, 0xE50A, 0xE52B, 0xF5ED,
    0xF5EE, 0xF5EE, 0xF5EE, 0xF5EE, 0xF62E, 0xE58C, 0xE4EA, 0xBBE8, 0xA347, 0x9B28, 0x2040, 0x1000, 0x1000, 0x1020, 0x1040, 0x1040,
    0x1060, 0x1860, 0x1860, 0x1860, 0x1040, 0x2080, 0x7287, 0xBCEF, 0xFF16, 0xFF38, 0xFF38, 0xFF58, 0xFF37, 0xF6B3, 0xFE4F, 0xFE6F,
    0xFEB0, 0xF64E, 0xF5CD, 0xF5ED, 0xFE70, 0xFE91, 0xFE91, 0xFE91, 0xFE91, 0xFED2, 0xF672, 0xEDEF, 0xDD2D, 0xE5D1, 0xEE11, 0xF6B4,
    0xFF58, 0xFF99, 0xFFDA, 0xFFDA, 0xFFFA, 0xFFDA, 0xFFDA, 0xFFDA, 0xFFFA, 0xFFFA, 0xFFFA, 0xFFFA, 0xFFDA, 0xFF78, 0xFF58, 0xFF58,
    0xFF78, 0xFF98, 0xF758, 0xEE95, 0xEE32, 0xEE52, 0xF652, 0xF652, 0xF652, 0xF631, 0xEDD0, 0xEDAF, 0xEDCF, 0xEDD0, 0xEDD0, 0xEDD0,
    0xEDD0, 0xEDD0, 0xEDB0, 0xEE32, 0xF673, 0xEDF1, 0xF653, 0xC4AD, 0xC530, 0xF6D7, 0xEEB6, 0xC550, 0xE675, 0xF717, 0xDDD1, 0xE5F2,
    0xE612, 0xE612, 0xE612, 0xE612, 0xE632, 0xE633, 0xE632, 0xE633, 0xE5F2, 0xE5D1, 0xE5F1, 0xD50E, 0xCCCD, 0xCCCD, 0xCCCD, 0xCCCD,
    0xD52F, 0xD52F, 0xD54F, 0xD550, 0xD570, 0xD570, 0xDD70, 0xDD70, 0xDD70, 0xDD70, 0xDD71, 0xDD71, 0xDD70, 0xDD70, 0xDD70, 0xD570,
    0xD550, 0xD52F, 0xCD0E, 0xCCEE, 0xCCAD, 0xCC8C, 0xCC8C, 0xCC6B, 0xCC6B, 0xCC6B, 0xCC6B, 0xCC6B, 0xC46B, 0xC46B, 0xC48C, 0xCCCD,
    0xCCCE, 0xCCEE, 0xCCEE, 0xCD0E, 0xCD2F, 0xCD2F, 0xCD0E, 0xCD0F, 0xC50E, 0xC4ED, 0xBCCD, 0xBCAC, 0xBCAC, 0xBC8C, 0xAC09, 0xA3C7,
    0x6162, 0x6162, 0x6162, 0x6182, 0x6182, 0x6182, 0x6182, 0x6182, 0x6182, 0x6182, 0x6182, 0x6182, 0x6182, 0x6162, 0x6162, 0x6162,
    0x6162, 0x6162, 0x6182, 0x6162, 0x6162, 0x6162, 0x6162, 0x6162, 0x6182, 0x6182, 0x6182, 0x6162, 0x6162, 0x6162, 0x6182, 0x6982,
    0x69A2, 0x69A2, 0x69E3, 0x7224, 0x71C2, 0xC54F, 0xFFFE, 0xEEF7, 0xCD72, 0xD593, 0xD593, 0xCD72, 0xD593, 0xD5D4, 0xE656, 0xE656,
    0xE656, 0xE656, 0xE656, 0xE656, 0xE656, 0xE656, 0xE636, 0xE635, 0xE614, 0xDDF4, 0xD572, 0xDDD3, 0x9B49, 0x7180, 0x8A42, 0x8A22,
    0xA2C4, 0xB325, 0xB325, 0xB366, 0xBB86, 0xC3E7, 0xCC28, 0xCC28, 0xCC28, 0xCC48, 0xD469, 0xD468, 0xDCEA, 0xF5CC, 0xF5ED, 0xF5CD,
    0xF5CD, 0xF5ED, 0xF5EE, 0xF5EE, 0xE52B, 0xCC49, 0xBBC8, 0x8265, 0x1820, 0x1840, 0x1881, 0x2081, 0x3123, 0x20A1, 0x1860, 0x1880,
    0x1880, 0x1880, 0x20A1, 0x28C1, 0x28C1, 0x2080, 0x1000, 0x59E5, 0xDE13, 0xF6F7, 0xFF58, 0xFF38, 0xFF59, 0xFF16, 0xF64F, 0xFE6F,
    0xFE6F, 0xF60D, 0xF5ED, 0xF60E, 0xFE90, 0xFED2, 0xFED3, 0xFEF3, 0xFF77, 0xFF79, 0xFF99, 0xF716, 0xDD4F, 0xCC8C, 0xD4EE, 0xF6B5,
    0xFF38, 0xFF99, 0xFFFA, 0xFFDA, 0xFFDA, 0xFFDA, 0xFFDB, 0xFFFA, 0xFFDA, 0xFFFA, 0xFFFA, 0xFFDA, 0xFFDA, 0xFF59, 0xFF59, 0xFF99,
    0xFFB9, 0xF737, 0xEEB5, 0xEE53, 0xEE53, 0xEE53, 0xEE53, 0xF653, 0xEE11, 0xE58E, 0xE56D, 0xE56D, 0xE56E, 0xEDAF, 0xEDAF, 0xEDF0,
    0xEDF1, 0xEE53, 0xF6B5, 0xF6D6, 0xF6F7, 0xF738, 0xF737, 0xCD51, 0xD5B2, 0xEEB6, 0xE614, 0x7A66, 0xC48D, 0xE5B0, 0xD52E, 0xDD2E,
    0xDD4F, 0xDD4F, 0xDD2F, 0xDD4F, 0xDD4F, 0xDD4F, 0xDD4F, 0xDD70, 0xE5D1, 0xDDD1, 0xDDD1, 0xD52E, 0xD4EE, 0xD50E, 0xD4ED, 0xCCCD,
    0xD52F, 0xD550, 0xD550, 0xD570, 0xD570, 0xD570, 0xDD70, 0xDD70, 0xDD70, 0xDD70, 0xDD70, 0xDD70, 0xDD70, 0xDD70, 0xDD70, 0xDD50,
    0xD550, 0xD550, 0xD52F, 0xD50F, 0xD4EE, 0xCCCD, 0xCCAC, 0xCC6B, 0xCC6B, 0xCC6B, 0xCC6B, 0xCC4B, 0xCC4A, 0xCC4A, 0xC46A, 0xCC6B,
    0xC48C, 0xC48C, 0xC48C, 0xCCAC, 0xD50F, 0xD52F, 0xD52F, 0xD530, 0xD54F, 0xD52F, 0xCD2F, 0xCD2F, 0xCD2F, 0xCD0F, 0xC4CD, 0xBCAC,
    0x6182, 0x6182, 0x6182, 0x6182, 0x6182, 0x6182, 0x6182, 0x6182, 0x6182, 0x6182, 0x6182, 0x6162, 0x6162, 0x6162, 0x5962, 0x6162,
    0x6162, 0x6162, 0x6162, 0x6162, 0x6162, 0x6162, 0x6162, 0x6162, 0x6162, 0x6182, 0x6182, 0x6182, 0x6162, 0x69A2, 0x7203, 0x7203,
    0x7A24, 0x8244, 0x8264, 0x92C5, 0x8A63, 0xB4AD, 0xEF58, 0xF758, 0xE634, 0xD5B3, 0xCD72, 0xD593, 0xDDF4, 0xEE56, 0xE656, 0xE656,
    0xE656, 0xE656, 0xE656, 0xE656, 0xE656, 0xE656, 0xEE77, 0xEE97, 0xE614, 0xE5F4, 0xC4F0, 0xB44D, 0x8AA6, 0x7980, 0x8201, 0x9AA3,
    0xAB25, 0xBB65, 0xC3C6, 0xCC08, 0xD448, 0xCC28, 0xCC28, 0xD449, 0xD448, 0xD469, 0xE4EA, 0xE52B, 0xEDAD, 0xF5CD, 0xF5CD, 0xF5CD,
    0xF5ED, 0xF5ED, 0xE52B, 0xD489, 0xCC28, 0x92C6, 0x1840, 0x2081, 0x1860, 0x1841, 0x1840, 0x20A1, 0x6AC9, 0x28E2, 0x1060, 0x1880,
    0x1881, 0x1880, 0x20C1, 0x62C5, 0x6AC4, 0x62A5, 0x30E1, 0x2081, 0x28A1, 0xC530, 0xFF17, 0xFF58, 0xFF58, 0xFF16, 0xFE6F, 0xFE70,
    0xF62E, 0xF5ED, 0xFE0D, 0xF60E, 0xFE2F, 0xFED3, 0xFF56, 0xFF56, 0xFF99, 0xFFDB, 0xFFBA, 0xFF78, 0xF6B5, 0xD4EE, 0xD50E, 0xF6B5,
    0xFF58, 0xFF79, 0xFFDA, 0xFFDB, 0xFFDA, 0xFFDB, 0xFFDA, 0xFFDA, 0xFFBA, 0xFF59, 0xFF79, 0xFF59, 0xFF59, 0xFF9A, 0xFF79, 0xF738,
    0xF6F7, 0xF695, 0xF694, 0xEE74, 0xEE54, 0xEE53, 0xEE53, 0xF653, 0xEDD0, 0xE58D, 0xE5D0, 0xEDF0, 0xEDF0, 0xEE32, 0xEEF5, 0xEEF6,
    0xEED6, 0xEE73, 0xEE73, 0xEE53, 0xEE53, 0xE633, 0xFEB5, 0x9B07, 0xABAB, 0xEE75, 0xDDD4, 0x71E4, 0xBC6C, 0xE5B0, 0xDD70, 0xDD90,
    0xDD70, 0xDD70, 0xDD70, 0xDD70, 0xDD70, 0xDD6F, 0xDD6F, 0xDD4F, 0xD52E, 0xD50E, 0xD4ED, 0xD4ED, 0xD50E, 0xD50E, 0xD4ED, 0xCCCD,
    0xD50E, 0xD52F, 0xD54F, 0xD550, 0xD570, 0xD570, 0xDD70, 0xDD70, 0xDD70, 0xD570, 0xD550, 0xD52F, 0xD52F, 0xD52F, 0xD52F, 0xD52F,
    0xD52F, 0xD52F, 0xD50E, 0xD50E, 0xD4EE, 0xD4CD, 0xCCCD, 0xCCAC, 0xCCAC, 0xCCAC, 0xCCAC, 0xCC8C, 0xCC8C, 0xCC8C, 0xCC8C, 0xCC8C,
    0xCC8C, 0xCC8C, 0xCC8C, 0xCCAC, 0xCD0E, 0xCD0F, 0xCD2F, 0xCD2F, 0xCD0F, 0xCD0F, 0xCD0F, 0xCD0F, 0xCD0F, 0xCD0F, 0xCD0E, 0xCD0E,
    0x6182, 0x6182, 0x6182, 0x6182, 0x6182, 0x6182, 0x6182, 0x6182, 0x6182, 0x6182, 0x6182, 0x6182, 0x6162, 0x6162, 0x5962, 0x6162,
    0x6182, 0x6162, 0x6182, 0x6182, 0x6182, 0x6162, 0x6162, 0x6162, 0x69A2, 0x71E3, 0x71E3, 0x7203, 0x7203, 0x7A43, 0x8AA5, 0x8AA4,
    0x8AA4, 0x8AA5, 0x8AA5, 0x8AC5, 0x8AA5, 0x7A44, 0xA44D, 0xF799, 0xDDF3, 0xD5B3, 0xD5B3, 0xD5B3, 0xDDD4, 0xDDF4, 0xE656, 0xE656,
    0xE656, 0xE656, 0xE656, 0xE656, 0xE656, 0xE656, 0xE635, 0xDDF4, 0xDDB3, 0xDDB3, 0xC4CF, 0x71C2, 0x79A1, 0x9A84, 0x9242, 0xA2C4,
    0xAB25, 0xC3C7, 0xD468, 0xD448, 0xD448, 0xD468, 0xD468, 0xD468, 0xD469, 0xD469, 0xDCA9, 0xDCC9, 0xE4EA, 0xE52B, 0xED8C, 0xF5AC,
    0xE52A, 0xDC89, 0xCC07, 0xBB66, 0x5142, 0x2881, 0x1840, 0x1820, 0x3962, 0x4A03, 0x3962, 0x1860, 0x1860, 0x1860, 0x1880, 0x1880,
    0x1880, 0x3982, 0x5202, 0x8386, 0x93E6, 0xA46A, 0x30E2, 0x2040, 0x2020, 0x61A4, 0xCCEE, 0xF693, 0xFED4, 0xFED3, 0xFE6F, 0xFE6F,
    0xF5CD, 0xEDAC, 0xED6C, 0xEDCD, 0xFE91, 0xFF56, 0xFF78, 0xFF98, 0xFFDA, 0xFF99, 0xF653, 0xE46D, 0xE48D, 0xDBCB, 0xC369, 0xE591,
    0xEEB6, 0xFFDA, 0xFFDA, 0xFFDB, 0xFFDB, 0xFFDA, 0xFF78, 0xFF58, 0xFF58, 0xFF58, 0xFF58, 0xFF58, 0xFF79, 0xFF7A, 0xF737, 0xEE95,
    0xEE95, 0xEE95, 0xF675, 0xEE54, 0xEE54, 0xEE74, 0xF6B5, 0xF6B5, 0xEE74, 0xF6D5, 0xF6F5, 0xF6D5, 0xF6D5, 0xF6D5, 0xEE32, 0xE5D0,
    0xE5D0, 0xE5F0, 0xE5F1, 0xEDF1, 0xEE12, 0xEDF1, 0xD54F, 0x9AE7, 0xB40C, 0xEE75, 0xE5F4, 0x7225, 0xBC6C, 0xE5B0, 0xDD6F, 0xDD6F,
    0xDD2E, 0xD50E, 0xD50D, 0xD4ED, 0xD4ED, 0xD4ED, 0xD4ED, 0xD4ED, 0xD4ED, 0xD4CD, 0xD4CD, 0xD4CD, 0xD4CD, 0xD4CD, 0xCCCC, 0xCCCC,
    0xD4CC, 0xD4CD, 0xD4ED, 0xD4EE, 0xD52F, 0xD570, 0xDD70, 0xDD70, 0xD570, 0xD52F, 0xD4EE, 0xCCCD, 0xCCAD, 0xCCAC, 0xCCAC, 0xCCAC,
    0xCCAC, 0xCCAC, 0xCCAC, 0xCC8C, 0xCC8C, 0xCC8C, 0xCC8C, 0xCCAC, 0xCCAC, 0xCCCD, 0xD4EE, 0xD4EE, 0xD50E, 0xD50E, 0xD50F, 0xD50F,
    0xD50F, 0xD50F, 0xD50F, 0xCD0F, 0xD52F, 0xD52F, 0xD52F, 0xD52F, 0xCCEE, 0xCCEE, 0xCCEE, 0xCCEE, 0xCCEE, 0xCCEE, 0xCCEE, 0xCCEE,
    0x6182, 0x6182, 0x6182, 0x6182, 0x6182, 0x6182, 0x6182, 0x6182, 0x6182, 0x6182, 0x6182, 0x6182, 0x6162, 0x6182, 0x6162, 0x6162,
    0x6162, 0x6162, 0x6162, 0x6162, 0x69A2, 0x71C3, 0x71E3, 0x71E3, 0x7A44, 0x8264, 0x8264, 0x8284, 0x8285, 0x8AA5, 0x8AA5, 0x8AA4,
    0x8AA5, 0x8AA5, 0x8AA5, 0x8AC5, 0x8A85, 0x8224, 0xEF58, 0xFFFC, 0xDE14, 0xD5B3, 0xD5D3, 0xDDD3, 0xDDD3, 0xDDD3, 0xDE15, 0xE656,
    0xE656, 0xE656, 0xE656, 0xE656, 0xE656, 0xE676, 0xDDF4, 0xC4F0, 0xC4F0, 0xC4EF, 0xBC8E, 0x8204, 0x81C2, 0x9AA3, 0xA2E4, 0xAB04,
    0xB345, 0xCC28, 0xD468, 0xD448, 0xD468, 0xD468, 0xD469, 0xD469, 0xD468, 0xD468, 0xD468, 0xD448, 0xD468, 0xD468, 0xDC89, 0xDC88,
    0xD448, 0xCBE7, 0x6163, 0x40C2, 0x2861, 0x2060, 0x49A2, 0x49A2, 0x5A84, 0x7305, 0x62A5, 0x20C1, 0x1060, 0x1860, 0x18A0, 0x1060,
    0x1881, 0x6284, 0x7324, 0x8365, 0xA468, 0xBD2E, 0x1000, 0x61E5, 0xA3CA, 0x9B49, 0xD4ED, 0xEDD0, 0xFE92, 0xFEB1, 0xFE91, 0xF66F,
    0xE58C, 0xED6C, 0xE54C, 0xED8D, 0xF671, 0xFF57, 0xFF98, 0xF716, 0xED91, 0xE4EF, 0xE3AA, 0xE308, 0xE329, 0xEB49, 0xF3AB, 0xBB29,
    0xD530, 0xFFFC, 0xFFDA, 0xFFDB, 0xFFFB, 0xFF99, 0xFF78, 0xFF77, 0xFF78, 0xFF77, 0xF6D5, 0xF6B5, 0xF695, 0xEE54, 0xEE53, 0xEE95,
    0xEE95, 0xF695, 0xF695, 0xF6D6, 0xF6F7, 0xF6F6, 0xEEB4, 0xEEB5, 0xF6D5, 0xEE93, 0xE56D, 0xE54D, 0xE56D, 0xE56D, 0xE58E, 0xEDD0,
    0xEDF0, 0xEDF1, 0xE611, 0xEE12, 0xEE33, 0xEE32, 0xA368, 0xB40C, 0xDDB3, 0xE635, 0xE614, 0x7225, 0xC46C, 0xE5D1, 0xDD90, 0xDD4F,
    0xDD2E, 0xD4ED, 0xD4CC, 0xD4CC, 0xD4AC, 0xD4AC, 0xD4AC, 0xD4AC, 0xD48B, 0xD48B, 0xD4AB, 0xCC8B, 0xCC8C, 0xCCAC, 0xCC8B, 0xCCAC,
    0xCCAC, 0xD4CC, 0xD4ED, 0xD4ED, 0xD52F, 0xD550, 0xDD70, 0xDD70, 0xD550, 0xD50E, 0xD4CD, 0xCCAC, 0xCC8C, 0xCC8C, 0xCC6C, 0xCC8B,
    0xCC6B, 0xCC6B, 0xCC6B, 0xCC6B, 0xCC6B, 0xCC8B, 0xCC6B, 0xCC6B, 0xCC6B, 0xCCAC, 0xCCCD, 0xD50E, 0xD52F, 0xD54F, 0xDD70, 0xDD70,
    0xDD70, 0xD570, 0xD570, 0xD570, 0xD570, 0xD550, 0xD550, 0xD550, 0xD52F, 0xCD2E, 0xCD0E, 0xD50E, 0xCCEE, 0xCCEE, 0xCCEE, 0xCCEE,
    0x6182, 0x6182, 0x6182, 0x6182, 0x6182, 0x6182, 0x6182, 0x6182, 0x6182, 0x6162, 0x6162, 0x6162, 0x6162, 0x6162, 0x6162, 0x6182,
    0x69C3, 0x71C3, 0x71E3, 0x71E3, 0x7A24, 0x8264, 0x8264, 0x8264, 0x8A84, 0x8A84, 0x8AA5, 0x8AA5, 0x8AA5, 0x8AA5, 0x8AA5, 0x8AA5,
    0x8AC5, 0x92C5, 0x92E5, 0x92E6, 0x92C5, 0x8224, 0xEF38, 0xFFFC, 0xDE14, 0xD592, 0xDDD3, 0xDDD3, 0xDDD3, 0xDDD3, 0xDE14, 0xE656,
    0xE656, 0xE656, 0xE656, 0xE656, 0xE656, 0xE656, 0xE635, 0xDDF4, 0xD592, 0xC4EF, 0xB42D, 0x79E3, 0x81C1, 0xA2A3, 0xBB66, 0xCBE7,
    0xCC07, 0xD448, 0xD448, 0xD448, 0xD468, 0xD468, 0xD468, 0xD469, 0xD468, 0xD468, 0xD468, 0xD468, 0xD468, 0xD448, 0xD448, 0xD428,
    0xBB87, 0x71A3, 0x3060, 0x1800, 0x30A1, 0x72E5, 0x8345, 0x93E7, 0x8BC7, 0x8386, 0x83A6, 0x7346, 0x3982, 0x20C1, 0x1040, 0x20A1,
    0x5A64, 0x8385, 0x9C68, 0xBD6A, 0x93E8, 0x4983, 0x6A67, 0xB44C, 0xFE52, 0xEDF1, 0xED8F, 0xE5AF, 0xFED3, 0xEE10, 0xEDEF, 0xF64F,
    0xED8C, 0xED6C, 0xDD0C, 0xED6D, 0xF611, 0xF673, 0xED70, 0xE42C, 0xDAA7, 0xDAC7, 0xDAE8, 0xE329, 0xE349, 0xD309, 0xC287, 0xB34A,
    0xF6F7, 0xFFDB, 0xFFFB, 0xFFFB, 0xFFFB, 0xFFFB, 0xFFFB, 0xFFBA, 0xEE95, 0xF6F6, 0xFF17, 0xF716, 0xFF37, 0xF6F6, 0xEEB6, 0xEE75,
    0xEE75, 0xF717, 0xF738, 0xF717, 0xF718, 0xEE74, 0xDD4E, 0xE56E, 0xE54D, 0xE54D, 0xE58E, 0xE58E, 0xE58E, 0xE58E, 0xE5AF, 0xEDF1,
    0xE5F1, 0xEE11, 0xEE11, 0xEE12, 0xEE32, 0xEE33, 0xABA9, 0xCD30, 0xEE96, 0xE614, 0xDDB3, 0x7204, 0xBC4C, 0xEDF1, 0xE590, 0xE590,
    0xE590, 0xDD4F, 0xDD4F, 0xDD2E, 0xD4ED, 0xD4EC, 0xD4CC, 0xD4CC, 0xD4CD, 0xD4CC, 0xD4ED, 0xD4ED, 0xD4ED, 0xD50D, 0xD50E, 0xD50E,
    0xD52F, 0xDD2F, 0xDD4F, 0xDD4F, 0xDD70, 0xDD91, 0xDD91, 0xDD91, 0xDD70, 0xDD70, 0xDD4F, 0xD52E, 0xD50E, 0xD4CD, 0xD4AD, 0xD4AC,
    0xCCAC, 0xCC8C, 0xCC8B, 0xCC8C, 0xCC8C, 0xCC8C, 0xCC8C, 0xCC8C, 0xCCAC, 0xCCAC, 0xCCCD, 0xD4ED, 0xD50E, 0xD54F, 0xD570, 0xDD70,
    0xDD70, 0xDD70, 0xDD70, 0xD570, 0xDD70, 0xD571, 0xD550, 0xD550, 0xDD70, 0xD570, 0xD550, 0xD52F, 0xD4EE, 0xCCED, 0xCCCD, 0xCCCD,
    0x6182, 0x6982, 0x6982, 0x6982, 0x6182, 0x6162, 0x6182, 0x6162, 0x6162, 0x6182, 0x69A2, 0x69A3, 0x69A3, 0x69A2, 0x69A3, 0x7203,
    0x8264, 0x8284, 0x8285, 0x8284, 0x8AA4, 0x8AA4, 0x8AA4, 0x8AA4, 0x8A84, 0x8AA5, 0x8A84, 0x8A84, 0x8A84, 0x8AA5, 0x8AA5, 0x8AC5,
    0x9B47, 0xA368, 0xABA8, 0xABC9, 0xAB88, 0x8224, 0xEF17, 0xFFFC, 0xF77A, 0xDE14, 0xD5D3, 0xDDF4, 0xDDF4, 0xDE15, 0xE656, 0xE656,
    0xE656, 0xE656, 0xE656, 0xE656, 0xE656, 0xE656, 0xE656, 0xEE35, 0xDDD3, 0xCD10, 0x7A45, 0x81C1, 0x9222, 0xA2C4, 0xBB66, 0xCBE7,
    0xCC07, 0xCC28, 0xCC48, 0xD448, 0xD468, 0xD468, 0xD468, 0xD468, 0xD468, 0xD468, 0xD427, 0xCC07, 0xCC07, 0xD407, 0xCC07, 0xA263,
    0x81C2, 0x79E3, 0x4102, 0x1000, 0x4122, 0x8BA7, 0xB4A9, 0xD58C, 0xB4A8, 0x9C26, 0xA467, 0xACA7, 0xACA8, 0x9407, 0x5A84, 0x7B25,
    0x93E7, 0xA468, 0xA489, 0x8347, 0x5A04, 0x7287, 0xFEF5, 0xFF16, 0xEE32, 0xEDF1, 0xEE32, 0xF693, 0xFEF5, 0xE5AF, 0xE54D, 0xF5CE,
    0xEDAD, 0xED6D, 0xDD0D, 0xD4AC, 0xE4EE, 0xE42C, 0xDB08, 0xDAC7, 0xE308, 0xE308, 0xE2E8, 0xEB49, 0xB267, 0x68A1, 0x7922, 0xBC8F,
    0xFF9A, 0xFFBA, 0xFFFC, 0xFFFB, 0xFFFB, 0xFFFB, 0xFFFB, 0xFFDB, 0xFF9A, 0xFFBA, 0xFFDB, 0xFFDB, 0xFFDB, 0xFFFB, 0xFFDA, 0xEED7,
    0xEEB6, 0xEEF7, 0xEE96, 0xEE55, 0xEE55, 0xE613, 0xE58F, 0xE58F, 0xE58E, 0xE58E, 0xE58E, 0xE56E, 0xE58E, 0xE58E, 0xE5AF, 0xEDF1,
    0xE5F1, 0xEDF1, 0xEE11, 0xEE11, 0xEE12, 0xEE32, 0xAB89, 0xC4CF, 0xEEB6, 0xC510, 0x7A24, 0xCCAD, 0xE591, 0xE5D1, 0xE5B0, 0xE5B1,
    0xE5B1, 0xE5B1, 0xE5B0, 0xDD90, 0xDD6F, 0xDD2E, 0xD4ED, 0xDD2E, 0xDD4E, 0xDD4F, 0xDD6F, 0xDD70, 0xDD90, 0xDD90, 0xDD91, 0xDDB1,
    0xDDB1, 0xDDB1, 0xDDB1, 0xDDB1, 0xDDB1, 0xDDB1, 0xDDB1, 0xDDB1, 0xDDB0, 0xDD91, 0xDD90, 0xDD90, 0xDD70, 0xDD2F, 0xD50E, 0xD4ED,
    0xD4ED, 0xCCCD, 0xCCCD, 0xD4EE, 0xD50E, 0xD50E, 0xD50E, 0xD50E, 0xD52E, 0xD52F, 0xD52F, 0xD54F, 0xD54F, 0xDD70, 0xDD70, 0xDD70,
    0xDD70, 0xDD70, 0xDD70, 0xD570, 0xD54F, 0xD54F, 0xD52F, 0xD52F, 0xD52F, 0xD52F, 0xD52F, 0xD50E, 0xCCCD, 0xCCAC, 0xCC8C, 0xCC8C,
    0x6182, 0x6982, 0x6982, 0x6982, 0x6982, 0x6982, 0x6982, 0x6982, 0x6982, 0x7203, 0x7A44, 0x8264, 0x8264, 0x8264, 0x8264, 0x8284,
    0x8AA5, 0x8AA5, 0x8AA5, 0x8AA5, 0x8AA5, 0x8A84, 0x8A84, 0x8A84, 0x8A84, 0x8A84, 0x8AA5, 0x9306, 0x9B27, 0x9B47, 0x9B47, 0xA388,
    0xABEA, 0xB40A, 0xB42B, 0xBC6B, 0xB40A, 0x8224, 0xEF17, 0xFFFC, 0xFFFB, 0xE634, 0xDDD3, 0xDE14, 0xE635, 0xE636, 0xE656, 0xE656,
    0xE656, 0xE656, 0xE656, 0xE656, 0xE656, 0xE655, 0xEE56, 0xE5F4, 0xBCCE, 0xB44D, 0x7A04, 0x8A02, 0x9A63, 0xAB05, 0xC3A7, 0xC3C7,
    0xDC89, 0xDCA9, 0xDCA9, 0xDCA9, 0xDCA9, 0xDCC9, 0xDCCA, 0xDCCA, 0xE4C9, 0xDC68, 0xCBE6, 0xCBC6, 0xCBE7, 0xAAA3, 0x91E2, 0x91E2,
    0xAB05, 0xDCCB, 0x9B48, 0x30A1, 0x1000, 0x49A3, 0xBCEA, 0xC50A, 0xCD6B, 0xDE0E, 0xCD8B, 0xC529, 0xC52A, 0xCD6A, 0xDE0C, 0xD5AB,
    0xB4C9, 0x7306, 0x6265, 0x4122, 0x7A86, 0xF672, 0xFF56, 0xFFB9, 0xFF98, 0xF757, 0xFFB8, 0xFF57, 0xF694, 0xF673, 0xEE31, 0xEE11,
    0xEDEF, 0xE56D, 0xE54E, 0xBC0A, 0xC2C7, 0xEB49, 0xEB49, 0xEB49, 0xE329, 0xE309, 0xE2E8, 0xE34A, 0x70A1, 0x9184, 0xCBCB, 0xF6F8,
    0xFF79, 0xFFDB, 0xFFFD, 0xFFFC, 0xFFFC, 0xFFFC, 0xFFFC, 0xFFFB, 0xFFFB, 0xFFFB, 0xFFFB, 0xFFFB, 0xFFDB, 0xFFDA, 0xFFDA, 0xFFBA,
    0xFFDA, 0xF779, 0xEE55, 0xEE55, 0xEE76, 0xE5D2, 0xD50C, 0xDD2D, 0xDD2D, 0xDD2D, 0xDD4D, 0xE56D, 0xE54D, 0xE56D, 0xE58E, 0xE5D0,
    0xE5F1, 0xEDF1, 0xEDF1, 0xEE11, 0xE5F1, 0xEE12, 0xA388, 0xC4AE, 0xF6B7, 0xC4EF, 0x6141, 0xDD2F, 0xEDD1, 0xE590, 0xE5B0, 0xE590,
    0xE590, 0xE590, 0xE590, 0xE5B0, 0xE58F, 0xDD6F, 0xDD4F, 0xDD4F, 0xDD6F, 0xDD90, 0xE5B1, 0xE5B1, 0xE5B1, 0xE5B1, 0xDDB1, 0xDDB1,
    0xDDB1, 0xE5B1, 0xDDB1, 0xE5D1, 0xE5B1, 0xE5B1, 0xE5B1, 0xDDB0, 0xDDB1, 0xE5B1, 0xDDB1, 0xDD90, 0xDD6F, 0xDD4F, 0xD50E, 0xD50E,
    0xD50E, 0xD50E, 0xD52E, 0xDD6F, 0xDD90, 0xDD90, 0xDD90, 0xDD90, 0xDDB0, 0xDD91, 0xDDB1, 0xDDB1, 0xDDB1, 0xDDB1, 0xDD91, 0xDDB1,
    0xDDB1, 0xDDB1, 0xDD91, 0xDD70, 0xD54F, 0xD50E, 0xD50E, 0xD4ED, 0xCCCD, 0xCCCD, 0xCCCD, 0xCCCD, 0xCCAC, 0xCCAC, 0xCCCD, 0xCCAD,
    0x6982, 0x69A2, 0x69A2, 0x6982, 0x69C2, 0x7A24, 0x7A24, 0x7A24, 0x7A24, 0x8264, 0x8285, 0x8AA5, 0x8AA5, 0x8AA5, 0x8AA5, 0x8AA5,
    0x8AA5, 0x8AA5, 0x8AA5, 0x8AA5, 0x8AA5, 0x8AA5, 0x8AC5, 0x92C5, 0x92C5, 0x92E6, 0x9306, 0xA3A8, 0xABC9, 0xABC9, 0xABE9, 0xB40A,
    0xB42A, 0xB42B, 0xBC4B, 0xBC6B, 0xB40A, 0x8224, 0xEF18, 0xFFFD, 0xFFBB, 0xDE14, 0xDDF4, 0xDE35, 0xE635, 0xE656, 0xE656, 0xE656,
    0xE656, 0xE656, 0xE656, 0xE615, 0xD5B3, 0xD592, 0xD592, 0xC4EF, 0xB44C, 0x7A25, 0x7161, 0x81E1, 0xAAE5, 0xBBA7, 0xBB87, 0xC3E7,
    0xDCC9, 0xDCC9, 0xDCC9, 0xDCC9, 0xDCC9, 0xDCC9, 0xDCCA, 0xDCEA, 0xE4E9, 0xDC89, 0xCBE6, 0xBB65, 0xC386, 0xBB24, 0xB304, 0xC385,
    0xDCEA, 0xE5AE, 0xE58F, 0xBCCC, 0x49A4, 0x2060, 0x51A3, 0x9386, 0xDE0C, 0xF6B0, 0xEE2D, 0xDDCB, 0xEE2D, 0xBCEA, 0x7AC6, 0x8326,
    0x6A44, 0x1800, 0x6225, 0xF6B4, 0xF693, 0xF6D4, 0xFF77, 0xFFD9, 0xFFDA, 0xFFB9, 0xFFD9, 0xFF78, 0xF716, 0xF6F5, 0xF6F5, 0xF717,
    0xF6B5, 0xE5F1, 0xCCAD, 0xB2E7, 0xDB08, 0xE349, 0xDB29, 0xDB4A, 0xEB6A, 0xE309, 0xE309, 0xEB4A, 0x8943, 0xA227, 0xE592, 0xF738,
    0xFF7A, 0xFF9A, 0xFF9A, 0xFFBB, 0xFFBB, 0xFFBB, 0xFFBB, 0xFFBA, 0xFF9A, 0xFFBA, 0xF738, 0xF6F7, 0xF6D7, 0xEEB6, 0xEED7, 0xF759,
    0xF759, 0xF759, 0xF739, 0xF738, 0xF739, 0xF738, 0xF6F6, 0xF716, 0xF716, 0xF716, 0xF716, 0xF716, 0xF716, 0xF716, 0xF716, 0xF736,
    0xF737, 0xF737, 0xF738, 0xF738, 0xF738, 0xF738, 0xE696, 0xEEB7, 0xF739, 0xE676, 0xCD71, 0xEE53, 0xEE94, 0xEE73, 0xEE74, 0xEE74,
    0xEE53, 0xEE53, 0xE612, 0xDD8F, 0xDD8F, 0xDD6F, 0xDD4E, 0xDD0D, 0xDD2D, 0xDD2E, 0xDD4E, 0xDD90, 0xDDB1, 0xDDB1, 0xDDB0, 0xDDB1,
    0xDDB1, 0xDDB1, 0xDDB1, 0xDD90, 0xDD70, 0xDD6F, 0xDD6F, 0xDD6F, 0xDD4F, 0xDD4F, 0xDD2E, 0xDD2E, 0xD50D, 0xD4ED, 0xD4CD, 0xD4CD,
    0xD4ED, 0xD4ED, 0xD52E, 0xDD70, 0xDD91, 0xDD91, 0xDD91, 0xDDB1, 0xDDB1, 0xDDB1, 0xDDB1, 0xDDB1, 0xDDB1, 0xDDB1, 0xDDB1, 0xDDB1,
    0xDDB1, 0xDDB1, 0xDDB1, 0xDDB1, 0xDDB1, 0xDD90, 0xDD70, 0xD52F, 0xD50E, 0xD4EE, 0xD4CD, 0xCCAC, 0xCCAC, 0xCCCD, 0xD50E, 0xD50E,
    0x7203, 0x7203, 0x7203, 0x7203, 0x7A23, 0x8A85, 0x8AA5, 0x8AA5, 0x8AA5, 0x8AA5, 0x8AA5, 0x8AA4, 0x8AA5, 0x8AA5, 0x8AA5, 0x8AA5,
    0x8AA5, 0x8AC5, 0x8AC5, 0x8AC5, 0x8AC5, 0x9B47, 0xABC9, 0xABC9, 0xABC9, 0xABE9, 0xABEA, 0xB40A, 0xB40A, 0xB40A, 0xB40A, 0xB40A,
    0xB42B, 0xBC4B, 0xBC4B, 0xBC6B, 0xB40A, 0x8224, 0xEF38, 0xFFFD, 0xFFFB, 0xF7B9, 0xFFD9, 0xE6B6, 0xE616, 0xE656, 0xE656, 0xE656,
    0xE656, 0xE656, 0xE656, 0xE635, 0xDDD3, 0xCD51, 0xCD30, 0xB44C, 0xBC6C, 0x8224, 0x79A1, 0x9A83, 0xAB04, 0xBBA6, 0xBBC7, 0xDCCA,
    0xDCC9, 0xDCC9, 0xDCC9, 0xDCA9, 0xDCC9, 0xDCC9, 0xDCCA, 0xDCA9, 0xCC07, 0xCBC6, 0xC386, 0xC365, 0xC385, 0xCBC6, 0xCBE6, 0xDC68,
    0xF5AD, 0xFE91, 0xFE51, 0xFE51, 0xE5F0, 0x7AE7, 0x30A1, 0x38C0, 0x6A44, 0x7244, 0x6A44, 0x7244, 0x7285, 0x69E4, 0x5983, 0x59A4,
    0x7AC7, 0xB4AD, 0xDDD0, 0xFEB2, 0xFF36, 0xFFB8, 0xFFB9, 0xFFD9, 0xFFD9, 0xFFDA, 0xFFD9, 0xFFDA, 0xFFFA, 0xFF98, 0xFFB9, 0xFF99,
    0xF737, 0xF6F6, 0xE5B1, 0xD328, 0xEB89, 0xD329, 0x5081, 0x5040, 0xC287, 0xEB49, 0xDAC8, 0xE309, 0xE32A, 0xE3AC, 0xF6F8, 0xFF7A,
    0xFF59, 0xFF59, 0xFF59, 0xFF59, 0xFF59, 0xFF59, 0xF718, 0xFF38, 0xFF38, 0xEE95, 0xEE95, 0xEE75, 0xEE75, 0xEE54, 0xEEB6, 0xFF99,
    0xFF99, 0xFF9A, 0xF759, 0xF759, 0xF75A, 0xEEB7, 0xDDD2, 0xDDF2, 0xDDF2, 0xDDD2, 0xE5F2, 0xE5F2, 0xE5F2, 0xE5F2, 0xE5F2, 0xE633,
    0xE633, 0xE633, 0xE633, 0xEE33, 0xEE33, 0xE633, 0xAC2D, 0xDDD3, 0xEE96, 0x82E7, 0xD52E, 0xFEB3, 0xF652, 0xF651, 0xF6D4, 0xF715,
    0xF6F5, 0xF715, 0xF6D5, 0xF694, 0xF6B4, 0xF6B4, 0xE611, 0xDD6E, 0xE5AF, 0xE5B0, 0xE5D1, 0xE5D1, 0xE590, 0xE590, 0xE590, 0xDD90,
    0xDD90, 0xDD70, 0xDD6F, 0xDD2E, 0xDD0E, 0xDD0D, 0xDCED, 0xD4ED, 0xD4ED, 0xD4CD, 0xD4CC, 0xD4CC, 0xD4CC, 0xD4AC, 0xD4AC, 0xD4AC,
    0xD4AC, 0xD4AC, 0xD4CC, 0xD50E, 0xDD4F, 0xDD4F, 0xDD70, 0xDD91, 0xDD91, 0xDDB1, 0xDDB1, 0xDDB1, 0xDDB1, 0xDDB1, 0xDDB1, 0xDDB1,
    0xDDB2, 0xDDB2, 0xDDB2, 0xE5B1, 0xE5B1, 0xE5B1, 0xDDB1, 0xDD90, 0xDD70, 0xD54F, 0xD4EE, 0xCCAC, 0xCCAC, 0xD4CD, 0xD50E, 0xD50E,
    0x8A85, 0x8A85, 0x8A85, 0x8AA5, 0x8AA5, 0x8AA5, 0x8AA5, 0x8AA5, 0x8AA4, 0x8A84, 0x8AA4, 0x8AA4, 0x8AA5, 0x8AA5, 0x8AA5, 0x9306,
    0xA368, 0xA388, 0xA388, 0xA3A8, 0xA3A8, 0xABC9, 0xB42B, 0xBC4B, 0xBC4B, 0xB42B, 0xB42B, 0xB42B, 0xB42B, 0xB42B, 0xB42B, 0xB42B,
    0xBC4B, 0xBC4B, 0xB42B, 0xBC2A, 0xB3C9, 0x7A24, 0xEF37, 0xFFFC, 0xFFFB, 0xFFFB, 0xFFFA, 0xE6B6, 0xE636, 0xE656, 0xE656, 0xE656,
    0xE656, 0xE656, 0xE636, 0xDE15, 0xDDD3, 0xD551, 0xD551, 0xBC6D, 0xBC6C, 0x8244, 0x79C2, 0xAAE5, 0xAB05, 0xB386, 0xBBC7, 0xDCCA,
    0xDCC9, 0xDCC9, 0xDCC9, 0xDCC9, 0xDCC9, 0xDCA9, 0xDCA9, 0xDCA9, 0xCBC6, 0xC365, 0xC386, 0xC386, 0xCBC6, 0xE4C9, 0xE4E9, 0xE4EA,
    0xED4C, 0xF5EE, 0xF650, 0xFE72, 0xFE72, 0xFEF3, 0xC50E, 0x8B29, 0x8309, 0x8309, 0x8329, 0x8B49, 0x834A, 0x9BCB, 0xCD4F, 0xCD2E,
    0xEE51, 0xFF14, 0xFEF4, 0xF735, 0xFF98, 0xFFD9, 0xFFD9, 0xFFDA, 0xFFDA, 0xFFDA, 0xFFDA, 0xFFDA, 0xFFDA, 0xFFDA, 0xFFDA, 0xFFDA,
    0xF758, 0xCD72, 0xAB8B, 0xA266, 0x99E5, 0x91C5, 0x5081, 0x4840, 0xBA47, 0xF36A, 0xD267, 0xDAA8, 0xE329, 0xDBCC, 0xF6D7, 0xFF7A,
    0xFF59, 0xFF5A, 0xFF59, 0xFF59, 0xFF59, 0xFF59, 0xF6F7, 0xFF38, 0xFF59, 0xF6F7, 0xFF78, 0xFF99, 0xFF99, 0xFF99, 0xFF79, 0xFF78,
    0xFF78, 0xFF78, 0xF738, 0xEEB7, 0xEE76, 0xE614, 0xDD6F, 0xDD6F, 0xDD6F, 0xDD8F, 0xDD90, 0xE5B0, 0xE5D0, 0xE5D0, 0xE5D1, 0xE5D1,
    0xE5F1, 0xE5F2, 0xE5F2, 0xE5F2, 0xE5F2, 0xEE13, 0xB44C, 0xDDF3, 0xFF38, 0x7A05, 0xBC2A, 0xFE50, 0xF5CF, 0xF5CF, 0xEDCF, 0xF5AF,
    0xEDAE, 0xEDAE, 0xED8E, 0xE58E, 0xE58F, 0xE56E, 0xEE53, 0xF717, 0xF6F6, 0xF6F6, 0xF717, 0xEE74, 0xE5B0, 0xE5D0, 0xDD8F, 0xDD6F,
    0xDD4E, 0xDD4E, 0xDD0D, 0xD4CC, 0xD4EC, 0xD4CC, 0xD4CC, 0xD4CC, 0xD4CC, 0xD4CC, 0xD4CC, 0xD4CC, 0xD4CC, 0xD4CC, 0xD4CC, 0xD4AC,
    0xD4AB, 0xD4AB, 0xD48C, 0xD4AC, 0xD4CD, 0xD4CD, 0xD4CD, 0xDD4F, 0xDD70, 0xDD90, 0xDDB1, 0xDDB1, 0xDDB1, 0xDDB1, 0xDDB1, 0xDDB1,
    0xDD91, 0xDD91, 0xDD91, 0xDD90, 0xDD90, 0xDD91, 0xDD70, 0xD550, 0xD52F, 0xD50E, 0xD4CD, 0xCCAC, 0xCCAC, 0xCCAC, 0xCCCD, 0xCCCD,
    0x8AA5, 0x8AA5, 0x8AA5, 0x8AA5, 0x8AA5, 0x8AA5, 0x8AA4, 0x8AA4, 0x8AA4, 0x8AA4, 0x8AA4, 0x9B27, 0xA367, 0xA367, 0xA367, 0xABA9,
    0xB42A, 0xB42B, 0xB42B, 0xB42B, 0xB44B, 0xBC4B, 0xBC6C, 0xBC6C, 0xBC6C, 0xBC6C, 0xBC6C, 0xBC6C, 0xBC6C, 0xBC6C, 0xBC6B, 0xBC6C,
    0xBC6C, 0xBC6B, 0xBC2B, 0xBC0A, 0xBC0A, 0xB3C9, 0x9B48, 0xE6D7, 0xFFFB, 0xFFFB, 0xEED7, 0xE635, 0xE636, 0xE656, 0xE656, 0xE656,
    0xE656, 0xE636, 0xDDF4, 0xDDB3, 0xDDB2, 0xD572, 0xD571, 0xBC8E, 0xBC6C, 0x8244, 0x79A1, 0xA2E5, 0xAB05, 0xBB87, 0xBBC7, 0xDCCA,
    0xDCC9, 0xDCC9, 0xDCCA, 0xDCCA, 0xDCCA, 0xDCEA, 0xD448, 0xCBA6, 0xCBA6, 0xC386, 0xC365, 0xD428, 0xD468, 0xE4E9, 0xE50A, 0xE4EA,
    0xE509, 0xED6C, 0xF60F, 0xF610, 0xF651, 0xFEB3, 0xFF15, 0xFF76, 0xFF77, 0xFF77, 0xFF97, 0xFF77, 0xFF77, 0xFF56, 0xFEF5, 0xFEB3,
    0xF671, 0xF650, 0xFEF3, 0xFFB6, 0xFF97, 0xFFB8, 0xFFDA, 0xFFDA, 0xFFDA, 0xFFDA, 0xFFDA, 0xFFDA, 0xFFDA, 0xFFDA, 0xFFDA, 0xFFDA,
    0xFFFB, 0xF759, 0xE6B6, 0xD5B3, 0xD572, 0xCC6E, 0xCB4A, 0xCB4A, 0xDB09, 0xE309, 0xD267, 0xD287, 0xDAA7, 0xED92, 0xFF9A, 0xFF5A,
    0xFF7A, 0xFF5A, 0xFF59, 0xFF59, 0xFF59, 0xFF59, 0xFF7A, 0xFF9A, 0xFF9A, 0xFFBA, 0xFFBA, 0xFFDA, 0xFFBA, 0xFFBA, 0xFFDA, 0xFFB9,
    0xFFB9, 0xFFB9, 0xFFDA, 0xF718, 0xEE77, 0xEE34, 0xDD6F, 0xDD6F, 0xDD8F, 0xE5B0, 0xE5D1, 0xE5F1, 0xE5F2, 0xEE12, 0xEE12, 0xEE12,
    0xE612, 0xE612, 0xEE12, 0xEE12, 0xE5F3, 0xCD30, 0xEE54, 0xE5F3, 0xB42D, 0x8AA6, 0xCD0C, 0xFE91, 0xF60F, 0xF60F, 0xF60F, 0xF5EF,
    0xF5EF, 0xF5EF, 0xEDAE, 0xEDAF, 0xEDAF, 0xEDAF, 0xEDAE, 0xED8F, 0xEDAF, 0xEDAF, 0xED8E, 0xEE11, 0xF737, 0xF738, 0xF6D5, 0xEE73,
    0xF6B4, 0xE611, 0xDD0D, 0xDCEC, 0xD4CC, 0xD4CC, 0xD4CC, 0xD4CC, 0xD4CC, 0xD4CC, 0xD4CC, 0xD4CC, 0xD4CC, 0xD4CC, 0xD4CC, 0xD4CC,
    0xD4CC, 0xD4CC, 0xD4CC, 0xD4CC, 0xD4CC, 0xD4CC, 0xCCCC, 0xD52E, 0xD54F, 0xDD70, 0xDD91, 0xDD91, 0xDD91, 0xDD90, 0xDD6F, 0xD52F,
    0xD4EE, 0xD4ED, 0xD4ED, 0xD4ED, 0xD4ED, 0xD4CD, 0xD4ED, 0xD4CD, 0xCCCD, 0xD4CD, 0xD4AC, 0xCCAD, 0xCCAC, 0xCCAD, 0xCCAC, 0xCC8C,
    0x8AA5, 0x8A84, 0x8AA4, 0x8AA4, 0x8A84, 0x92C5, 0x9B06, 0x9B26, 0x9B26, 0x9B47, 0x9B47, 0xABA8, 0xABC9, 0xABE9, 0xABC9, 0xABC9,
    0xBC4B, 0xBC6C, 0xBC6C, 0xBC6C, 0xBC6C, 0xBC6C, 0xBC6C, 0xBC6C, 0xBC6C, 0xBC6C, 0xBC6C, 0xBC8C, 0xBC8C, 0xBC8C, 0xBC8C, 0xBC8C,
    0xC48C, 0xBC6B, 0xBC6B, 0xC46B, 0xC46B, 0xCCAC, 0x8A44, 0xE696, 0xFFFB, 0xFFFA, 0xEEB7, 0xE615, 0xE636, 0xE636, 0xE636, 0xE615,
    0xE635, 0xDE15, 0xDDD4, 0xDDD3, 0xE614, 0xDDD3, 0xD571, 0xCCEF, 0xCCEF, 0x8A85, 0x79A1, 0xAB05, 0xAB25, 0xC3E7, 0xCC08, 0xD469,
    0xDCC9, 0xDCC9, 0xDCCA, 0xDCCA, 0xDCA9, 0xD489, 0xCBE7, 0xCB86, 0xC386, 0xC3A6, 0xCC07, 0xE4C9, 0xE50A, 0xE4E9, 0xE4E9, 0xE4EA,
    0xE4C9, 0xDCA8, 0xDCA9, 0xDCA8, 0xE4EA, 0xE54C, 0xE52C, 0xE54C, 0xE52C, 0xE52C, 0xE52C, 0xE50B, 0xE4EA, 0xDD0B, 0xF650, 0xF650,
    0xFEB1, 0xFF74, 0xFF74, 0xFF75, 0xFF96, 0xFFB8, 0xFFDA, 0xFFDA, 0xFFDA, 0xFFDA, 0xFFDA, 0xFFDA, 0xFFBA, 0xFFDA, 0xFFDA, 0xFFDA,
    0xFFDA, 0xFFFB, 0xFFFB, 0xFFFB, 0xFFFB, 0xFF18, 0xF6B6, 0xF6B6, 0xDBCC, 0xE2C8, 0xD247, 0xCA47, 0xD2C8, 0xEDF4, 0xFFBA, 0xFF59,
    0xFF39, 0xFF59, 0xFF59, 0xFF59, 0xFF59, 0xFF59, 0xFF59, 0xFF79, 0xFF79, 0xFF99, 0xFF79, 0xF718, 0xF718, 0xF718, 0xF718, 0xFF99,
    0xFFB9, 0xFFB9, 0xFFD9, 0xF739, 0xF6F8, 0xEED7, 0xE654, 0xE654, 0xE653, 0xEE54, 0xEE54, 0xEE54, 0xEE74, 0xE612, 0xE5F1, 0xE5F1,
    0xE5F1, 0xE5D1, 0xE5F2, 0xEDF2, 0xDDB1, 0xB44D, 0xE614, 0xD571, 0x6142, 0xC4AC, 0xFF52, 0xFED1, 0xFEB1, 0xFEB0, 0xFE70, 0xFE4F,
    0xFE2F, 0xFE2F, 0xFE2F, 0xFE2F, 0xFE2F, 0xFE0F, 0xFDEF, 0xF5EF, 0xF5CF, 0xEDAF, 0xEDAF, 0xEDAF, 0xEDAF, 0xEDB0, 0xEDB0, 0xEDD1,
    0xEDF1, 0xEE73, 0xEED6, 0xE5F1, 0xE54E, 0xDD4E, 0xDD0D, 0xDCED, 0xDCEC, 0xDCEC, 0xDCEC, 0xD4EC, 0xDCED, 0xDD0E, 0xDD2E, 0xDD4F,
    0xDD6F, 0xDD6F, 0xDD6F, 0xDD6F, 0xDD6F, 0xDD6F, 0xDD70, 0xDD90, 0xDD91, 0xDDB1, 0xDDB1, 0xDDB1, 0xDD91, 0xD550, 0xD52F, 0xD50E,
    0xD4CD, 0xD4CD, 0xD4CD, 0xD4CD, 0xD4CD, 0xD4AD, 0xD4CD, 0xD4CD, 0xD4CD, 0xD4CD, 0xD4CD, 0xD4CD, 0xD4CD, 0xD4CD, 0xD4CD, 0xD4CD,
    0x92E5, 0x9306, 0x9306, 0x9306, 0x9306, 0x9B47, 0xB3E9, 0xB3E9, 0xB3E9, 0xB3E9, 0xB3E9, 0xB40A, 0xB40A, 0xB40A, 0xB3EA, 0xB40A,
    0xBC4B, 0xBC6C, 0xBC6C, 0xBC6C, 0xBC6C, 0xBC8C, 0xBC8C, 0xBC8C, 0xC46C, 0xC48C, 0xBC4B, 0xBC4B, 0xBC4B, 0xBC4B, 0xBC4B, 0xBC4B,
    0xBC2A, 0xBC2A, 0xBC2A, 0xC46B, 0xC4AC, 0xC48B, 0x8A44, 0xE6F7, 0xFFFC, 0xFFFA, 0xE696, 0xE615, 0xE636, 0xE615, 0xDDF4, 0xE615,
    0xE635, 0xE615, 0xE635, 0xE635, 0xE635, 0xDDD3, 0xD571, 0xCD0F, 0xCCEF, 0x8A86, 0x7181, 0xBBA7, 0xC3C7, 0xC3E7, 0xC3E7, 0xCC27,
    0xDCA9, 0xDCA9, 0xDCC9, 0xDCEA, 0xD448, 0xCBA6, 0xCBA6, 0xCBA6, 0xC3A6, 0xCBE7, 0xE4EA, 0xE4C9, 0xE4C9, 0xE4E9, 0xE4E9, 0xE4EA,
    0xE4C9, 0xDC88, 0xDC88, 0xDC88, 0xDC88, 0xDC88, 0xDC88, 0xDC88, 0xDC88, 0xE4A9, 0xE4C9, 0xF5AC, 0xF62E, 0xF62E, 0xFEB0, 0xFEF1,
    0xFEF1, 0xFF12, 0xFF75, 0xFFD9, 0xFFDA, 0xFFDA, 0xFFDA, 0xFFDB, 0xFFBA, 0xFFBA, 0xFFDA, 0xFFDA, 0xFFDB, 0xFFDB, 0xFFDB, 0xFFDA,
    0xFFDB, 0xFFDB, 0xFFBB, 0xFFBB, 0xFFBA, 0xFF79, 0xFF79, 0xFF79, 0xF6D7, 0xE46E, 0xCAE9, 0xC226, 0xDC2E, 0xEE35, 0xEE75, 0xEE76,
    0xEE76, 0xF6D7, 0xFF59, 0xFF19, 0xFF59, 0xFF59, 0xF6D7, 0xEE96, 0xEE96, 0xEE96, 0xEE75, 0xE634, 0xE634, 0xEE34, 0xEE54, 0xEEB6,
    0xF6D6, 0xEED6, 0xEED6, 0xF718, 0xF739, 0xEED7, 0xEED7, 0xF6F7, 0xF779, 0xF779, 0xF759, 0xF758, 0xF758, 0xF6F6, 0xEEB6, 0xF6D6,
    0xF6D6, 0xF6D6, 0xF6D6, 0xF6D6, 0xE675, 0xCD72, 0xEE75, 0xE5F3, 0x71E5, 0xBC6B, 0xFF32, 0xF6D1, 0xFED1, 0xFED1, 0xFF12, 0xFEF2,
    0xFEF2, 0xFEF2, 0xFED2, 0xFED2, 0xFED1, 0xFED1, 0xFEB1, 0xFE90, 0xFE70, 0xF64F, 0xF62F, 0xF60F, 0xF5EF, 0xF5EF, 0xF5EF, 0xF5CF,
    0xF5CF, 0xF631, 0xF652, 0xEE72, 0xF6D4, 0xF672, 0xE58E, 0xE58E, 0xE56E, 0xE56E, 0xE56E, 0xE54E, 0xE58F, 0xE5D1, 0xE5B1, 0xE5B1,
    0xE5D1, 0xE5D1, 0xE5D1, 0xE5D1, 0xE5D1, 0xE5D1, 0xE5B1, 0xDDD1, 0xDDD1, 0xDDD1, 0xDDD1, 0xE5D2, 0xDDB1, 0xDDB1, 0xE5B1, 0xDD4F,
    0xD50E, 0xDD0E, 0xD4ED, 0xD4ED, 0xD4CD, 0xD4CD, 0xD4CD, 0xD4CD, 0xD4CD, 0xD4CD, 0xD4CD, 0xD4CD, 0xD4CD, 0xD4CD, 0xD4CD, 0xD4CD,
    0xA388, 0xABC9, 0xABC9, 0xABC9, 0xB3E9, 0xB3E9, 0xB3EA, 0xB40A, 0xB40A, 0xB40A, 0xB40A, 0xB40A, 0xB40A, 0xB42A, 0xBC2B, 0xBC4B,
    0xBC6C, 0xBC6C, 0xBC6C, 0xBC6B, 0xBC4B, 0xBC2A, 0xBC2A, 0xBC2A, 0xBC0A, 0xBC0A, 0xBC09, 0xBC09, 0xBC09, 0xBC09, 0xBC09, 0xBC09,
    0xBC09, 0xBC09, 0xBC09, 0xC44A, 0xC46B, 0xC46B, 0x92A5, 0xCD71, 0xE6F7, 0xFFFB, 0xF739, 0xEE97, 0xE636, 0xE615, 0xDDF4, 0xE635,
    0xEE56, 0xE636, 0xE636, 0xE635, 0xE635, 0xDDD4, 0xD571, 0xCD10, 0xCD0F, 0x8AA6, 0x7180, 0xBBA7, 0xC3E7, 0xC3E7, 0xCC07, 0xD448,
    0xD489, 0xDCA9, 0xDCA9, 0xDCA9, 0xD448, 0xC3A6, 0xCBA6, 0xC3A6, 0xCBC6, 0xDCA9, 0xDCC9, 0xE4C9, 0xE4C9, 0xE4E9, 0xE4C9, 0xE4EA,
    0xE4C9, 0xDCA9, 0xE4C9, 0xE4C9, 0xE4EA, 0xE4EA, 0xE4EA, 0xE50A, 0xE4E9, 0xED6B, 0xFE2E, 0xFE6F, 0xFE90, 0xFE90, 0xFED1, 0xFF12,
    0xFF12, 0xFF34, 0xFF98, 0xFFB9, 0xFFBA, 0xFFDA, 0xFFDA, 0xFFBB, 0xFFDB, 0xFFDA, 0xFFDB, 0xFFDB, 0xFFDB, 0xFFDA, 0xFFDB, 0xFFDB,
    0xFFDB, 0xFFDB, 0xFFDB, 0xFFBA, 0xFF7A, 0xFF59, 0xFF59, 0xFF59, 0xFF9A, 0xF718, 0xEE35, 0xC2A8, 0xD40D, 0xEE55, 0xEE75, 0xEE76,
    0xEE76, 0xEE96, 0xF6B7, 0xEE96, 0xF6B7, 0xF6B7, 0xEE96, 0xF696, 0xF696, 0xEE76, 0xF696, 0xF696, 0xEE96, 0xEE75, 0xE654, 0xEE34,
    0xE634, 0xE634, 0xE634, 0xE655, 0xEE75, 0xE5D2, 0xE5B2, 0xE5B2, 0xDDD2, 0xDDD2, 0xE5D2, 0xE5D2, 0xE5D2, 0xEE53, 0xEE95, 0xEEB6,
    0xEEB6, 0xEEB6, 0xF6D6, 0xEE96, 0xDE55, 0xFF18, 0xEEB6, 0xCDD3, 0xDE96, 0xD5F1, 0xCD4C, 0xCD6D, 0xCD6D, 0xD5EF, 0xFFD6, 0xFFB5,
    0xFFB5, 0xFFB4, 0xFF94, 0xFF94, 0xFF94, 0xFF74, 0xFF54, 0xFF32, 0xFF11, 0xFEF1, 0xFEF0, 0xFED0, 0xFED0, 0xFEAF, 0xFEB0, 0xFEB0,
    0xFEB0, 0xFE8F, 0xFE6F, 0xFE70, 0xFE90, 0xFE91, 0xF691, 0xFEB1, 0xF650, 0xF5EF, 0xF5EF, 0xF5CF, 0xF5D0, 0xEDF1, 0xEDF1, 0xEDF1,
    0xEDD1, 0xE5D1, 0xE5D1, 0xE5D1, 0xE5D1, 0xE5D1, 0xE5D2, 0xE5D1, 0xE5D1, 0xE5D1, 0xDDD1, 0xE5D2, 0xE5D2, 0xE5D2, 0xE5D2, 0xE5D1,
    0xDD90, 0xDD6F, 0xDD4F, 0xD52E, 0xD4CD, 0xD4CD, 0xD4CD, 0xD4CD, 0xD4CD, 0xD4CD, 0xD4CD, 0xD4CD, 0xD4CD, 0xD4CD, 0xD4CD, 0xD4CD,
    0xB3EA, 0xB40A, 0xB40A, 0xB40A, 0xB40A, 0xB40A, 0xB40A, 0xB40A, 0xB40A, 0xB40A, 0xB42A, 0xB42A, 0xB42A, 0xBC2A, 0xBC4B, 0xBC4B,
    0xBC4B, 0xBC2A, 0xBC2A, 0xBC0A, 0xBC09, 0xBBE9, 0xBBE9, 0xBBE9, 0xBBE9, 0xBBE8, 0xBBE8, 0xBC09, 0xBBE9, 0xBC09, 0xBC09, 0xBC09,
    0xBC09, 0xC429, 0xC429, 0xC44A, 0xC44A, 0xC46B, 0xCCCC, 0x9264, 0xB46C, 0xFFFC, 0xFFFB, 0xF759, 0xE615, 0xE656, 0xE656, 0xE656,
    0xE636, 0xEE36, 0xE636, 0xE635, 0xE635, 0xDDF4, 0xD571, 0xCD10, 0xCD0F, 0x8A85, 0x7160, 0xC3E7, 0xC3E7, 0xC3E8, 0xCC48, 0xDC89,
    0xD4A9, 0xDCA9, 0xD489, 0xC3E7, 0xC3A6, 0xC3A6, 0xC3A6, 0xC3A6, 0xC3C6, 0xDCA9, 0xDCC9, 0xE4C9, 0xE4E9, 0xE4E9, 0xE4E9, 0xDCC9,
    0xDCA8, 0xDCA8, 0xE4A9, 0xE4EA, 0xE4EA, 0xED4B, 0xED6B, 0xF58C, 0xF5CC, 0xF60D, 0xFE6F, 0xFE6F, 0xFE90, 0xFE90, 0xFF14, 0xFFB8,
    0xFF98, 0xFFB8, 0xFFB9, 0xFFD9, 0xFFB9, 0xFF99, 0xFFBA, 0xFFBA, 0xFFBA, 0xFFBA, 0xFFBA, 0xFFDA, 0xFF99, 0xFFBA, 0xFFDB, 0xFFDB,
    0xFFDB, 0xFFDB, 0xFFDB, 0xFF9A, 0xFF59, 0xFF79, 0xFF79, 0xFF79, 0xFF7A, 0xF6F8, 0xF656, 0xE552, 0xD48F, 0xEE14, 0xEE96, 0xF696,
    0xF696, 0xF696, 0xEE76, 0xF696, 0xF696, 0xEE96, 0xF696, 0xF696, 0xF696, 0xEE96, 0xF696, 0xF6D7, 0xF6D7, 0xFF59, 0xF758, 0xF758,
    0xF717, 0xEEB6, 0xEE95, 0xE614, 0xE5D3, 0xE5D2, 0xE5D2, 0xE5F2, 0xE5D2, 0xE5D2, 0xE5D2, 0xE5F2, 0xE5F2, 0xE5F2, 0xE5D2, 0xE5F2,
    0xE5F2, 0xE5F2, 0xEE12, 0xCD30, 0xC510, 0xEE55, 0xC4CF, 0x5921, 0x9328, 0xB44D, 0xAC0B, 0xAC2B, 0xB42C, 0xA3AA, 0xB46B, 0xF755,
    0xF734, 0xF714, 0xF734, 0xF714, 0xF735, 0xFFB6, 0xFF96, 0xFF75, 0xFF13, 0xFF12, 0xFF11, 0xFF33, 0xFF96, 0xFF75, 0xFF75, 0xFF75,
    0xFF55, 0xFF75, 0xFF75, 0xFF56, 0xFF56, 0xFF76, 0xFF76, 0xFF76, 0xFF35, 0xFEB1, 0xFEB1, 0xFEB0, 0xFE90, 0xFE50, 0xF631, 0xF631,
    0xF611, 0xF610, 0xF610, 0xEE11, 0xEE11, 0xEDF1, 0xEDF1, 0xEDF1, 0xE5F1, 0xE5D1, 0xE5D1, 0xE5D1, 0xE5D2, 0xE5D1, 0xE5D2, 0xE5D2,
    0xE5D1, 0xE5D1, 0xE5B1, 0xE5B0, 0xDD2E, 0xDD2E, 0xDD2E, 0xDD2E, 0xDD0E, 0xDD0E, 0xDD0E, 0xDD0E, 0xD50E, 0xD4EE, 0xD4EE, 0xD4ED,
    0xBC0A, 0xB40A, 0xBC2A, 0xB40A, 0xB40A, 0xB40A, 0xB40A, 0xB40A, 0xB40A, 0xB40A, 0xB40A, 0xBC2A, 0xBC2A, 0xBC2A, 0xBC4B, 0xBC4B,
    0xBC2A, 0xBBE9, 0xBBE9, 0xBBE9, 0xBBE9, 0xBBE9, 0xBBE9, 0xBBE9, 0xBBE8, 0xBBE8, 0xBBE9, 0xBC09, 0xBBE9, 0xBC09, 0xBC09, 0xC409,
    0xC409, 0xC429, 0xBC29, 0xC44A, 0xC46B, 0xC48B, 0xD4ED, 0x9AE6, 0xB4AD, 0xFFFD, 0xFFFB, 0xF738, 0xE635, 0xE656, 0xE656, 0xE656,
    0xE656, 0xE656, 0xE635, 0xE635, 0xE635, 0xDDB3, 0xD571, 0xCD30, 0xCCEF, 0x9308, 0x79C2, 0xAB26, 0xC3C7, 0xC3E7, 0xD468, 0xD4A9,
    0xD4A9, 0xDCA9, 0xD448, 0xCBE7, 0xC3A7, 0xC3C7, 0xC3A6, 0xC3A6, 0xCBC6, 0xD447, 0xE4C9, 0xDCEA, 0xDCEA, 0xE4CA, 0xE4E9, 0xE4C9,
    0xE4EA, 0xED6B, 0xE50A, 0xE50A, 0xF58C, 0xFDED, 0xFE0E, 0xFE2E, 0xFE6F, 0xFE6F, 0xFE6F, 0xFE8F, 0xFE6F, 0xFEF2, 0xFF97, 0xFFB8,
    0xFFB8, 0xFFB9, 0xFFB9, 0xFF78, 0xFF38, 0xFF38, 0xFF99, 0xFFB9, 0xFFBA, 0xFFDA, 0xF758, 0xF6D6, 0xFF99, 0xFFDA, 0xFFDB, 0xFFDB,
    0xFFDB, 0xFFDB, 0xFFBA, 0xFF79, 0xFF79, 0xFF79, 0xFF79, 0xFF79, 0xF718, 0xEE76, 0xEE76, 0xF697, 0xB36B, 0xD531, 0xE5F4, 0xEE14,
    0xEE55, 0xEE76, 0xF696, 0xF696, 0xEE96, 0xF696, 0xF696, 0xF696, 0xF696, 0xF696, 0xEE96, 0xEE96, 0xEE76, 0xEE96, 0xEE96, 0xEE96,
    0xF738, 0xFF99, 0xFF59, 0xE654, 0xE633, 0xE653, 0xE5D2, 0xDDD2, 0xE5D2, 0xE5D2, 0xE5D2, 0xE5F2, 0xE5F2, 0xE612, 0xE612, 0xEE13,
    0xEE13, 0xEE13, 0xEE33, 0xD571, 0xE614, 0xF675, 0xCCEF, 0x69A3, 0xBBE7, 0xC406, 0xC407, 0xC427, 0xC427, 0xC447, 0xA325, 0x8A64,
    0x9285, 0x9284, 0x92A5, 0x8A23, 0xCD2E, 0xFFFB, 0xFFF9, 0xFFF9, 0xFFB7, 0xFFB7, 0xFFB7, 0xFFB7, 0xFFD8, 0xFFD8, 0xFFD8, 0xFFD8,
    0xFFD8, 0xFFD8, 0xFFD8, 0xFFD8, 0xFFD8, 0xFFD8, 0xFFD8, 0xFFD9, 0xFFB8, 0xFF96, 0xFF96, 0xFF96, 0xFF75, 0xFEF2, 0xFEF2, 0xFED2,
    0xFED2, 0xFE91, 0xFE30, 0xFE30, 0xFE30, 0xFE30, 0xFE30, 0xF610, 0xF5F1, 0xF5F1, 0xF5F0, 0xF5F0, 0xEDF0, 0xEDD1, 0xEDD1, 0xEDD1,
    0xEDD1, 0xEDD1, 0xEDF1, 0xEDF1, 0xEDD0, 0xEDD0, 0xEDD0, 0xEDD0, 0xE58F, 0xDD4F, 0xDD2E, 0xDD2E, 0xDD2E, 0xDD2E, 0xDD0E, 0xD50E,
    0xB40A, 0xB40A, 0xB40A, 0xB40A, 0xB409, 0xB40A, 0xBC0A, 0xBC0A, 0xBC2A, 0xBC2A, 0xBC2A, 0xBC4B, 0xC46B, 0xC48C, 0xC48C, 0xC48C,
    0xC48B, 0xBC2A, 0xBC09, 0xBC09, 0xBBE9, 0xBBE9, 0xBBE9, 0xBBE9, 0xBBE8, 0xBBE8, 0xBBE8, 0xBBE9, 0xBC29, 0xC44A, 0xC44A, 0xC44A,
    0xC46B, 0xC46B, 0xC46B, 0xC48B, 0xCCAC, 0xCCCD, 0xD52E, 0xA306, 0xB4AE, 0xFFFD, 0xFFFB, 0xF738, 0xE615, 0xE656, 0xE656, 0xE656,
    0xE656, 0xE656, 0xE655, 0xDDF4, 0xD592, 0xD572, 0xD572, 0xCD50, 0xC4CF, 0xCCEF, 0xABA9, 0x81E2, 0xC3C8, 0xC3E7, 0xD468, 0xDCA9,
    0xD489, 0xD448, 0xCC07, 0xC3E7, 0xC3C7, 0xC3A6, 0xC3A6, 0xCBC6, 0xED0A, 0xE50A, 0xE4C9, 0xDCCA, 0xDCCA, 0xE4EA, 0xDCC9, 0xED6B,
    0xEDAC, 0xF5CD, 0xF5CD, 0xF5ED, 0xFE2E, 0xF62E, 0xFE2E, 0xFE2E, 0xFE4E, 0xFE4F, 0xFE6F, 0xFE90, 0xFED2, 0xFF56, 0xFFD8, 0xFFB8,
    0xFFB8, 0xFFD9, 0xFF98, 0xFF37, 0xFF38, 0xFF38, 0xFF99, 0xFF99, 0xFF78, 0xFF98, 0xF757, 0xF779, 0xFFFB, 0xFFDA, 0xFFFB, 0xFFFB,
    0xFFDB, 0xFF9A, 0xFF79, 0xFF79, 0xFF79, 0xFF79, 0xFF7A, 0xFF7A, 0xF6D8, 0xEE56, 0xEE56, 0xEE56, 0xB30A, 0xAAC9, 0xC44E, 0xE5F3,
    0xEE14, 0xE614, 0xE634, 0xEE75, 0xF696, 0xF696, 0xF696, 0xF696, 0xF676, 0xF676, 0xF676, 0xEE76, 0xEE75, 0xEE75, 0xEE55, 0xEE55,
    0xE613, 0xE613, 0xE613, 0xE654, 0xEE95, 0xEED6, 0xF717, 0xF717, 0xE674, 0xDDD2, 0xE5F2, 0xE5F2, 0xE5F2, 0xE5F2, 0xEE13, 0xEE13,
    0xEE13, 0xEE34, 0xD571, 0xDDB2, 0xEE55, 0xEE75, 0xCD0F, 0x71C3, 0xFE0C, 0xFE6C, 0xFE6C, 0xFE6C, 0xFE6C, 0xFE8C, 0xF5EC, 0xED6A,
    0xED6A, 0xED6A, 0xED8A, 0xE54A, 0xABA8, 0xA3EB, 0xA3AA, 0xAC6C, 0xFFF9, 0xFFFA, 0xFFFA, 0xFFF8, 0xFFD8, 0xFFD8, 0xFFD8, 0xFFD8,
    0xFFD8, 0xFFB8, 0xFFB8, 0xFFD8, 0xFFD8, 0xFFD8, 0xFFD8, 0xFFB8, 0xFFD8, 0xFFD9, 0xFFD9, 0xFFD9, 0xFFB8, 0xFF76, 0xFF76, 0xFF76,
    0xFF96, 0xFF13, 0xFE91, 0xFEB1, 0xFEB1, 0xFEB1, 0xFE71, 0xFE30, 0xFE30, 0xFE30, 0xFE30, 0xFE30, 0xF610, 0xF5EF, 0xF60F, 0xF5EF,
    0xF5EF, 0xF5EF, 0xF60F, 0xF5EF, 0xF5CF, 0xEDAF, 0xEDAF, 0xEDAF, 0xEDD0, 0xEDF0, 0xEDF0, 0xF611, 0xEDD0, 0xE58E, 0xE58E, 0xE56E,
    0xB3E9, 0xB40A, 0xB40A, 0xB40A, 0xBC0A, 0xBC0A, 0xBC4B, 0xC46B, 0xC46C, 0xC46C, 0xC48C, 0xCCCD, 0xCCEE, 0xCCEE, 0xCCEE, 0xCCEE,
    0xCCEE, 0xCCAC, 0xC429, 0xBC09, 0xBC09, 0xBC08, 0xBC08, 0xBC09, 0xBC09, 0xBC09, 0xC429, 0xC42A, 0xC46B, 0xCCAC, 0xCCCC, 0xCCED,
    0xCD0E, 0xD50E, 0xD52E, 0xD52E, 0xD52F, 0xD52E, 0xDD90, 0x9AE6, 0xB48D, 0xFFFF, 0xFFFB, 0xF759, 0xE655, 0xE655, 0xE656, 0xE656,
    0xE656, 0xE656, 0xE656, 0xDDD3, 0xD571, 0xCD51, 0xCD51, 0xCD30, 0xC4EF, 0xC4CF, 0xABAA, 0x8202, 0xC3E8, 0xCC08, 0xD469, 0xDCA9,
    0xCC28, 0xCC07, 0xCC07, 0xC3C7, 0xC3C7, 0xCBC7, 0xC3A6, 0xC3A6, 0xD407, 0xCC07, 0xDCA9, 0xE4EA, 0xE4CA, 0xE4EA, 0xDCC9, 0xE52B,
    0xF5ED, 0xF60E, 0xF60E, 0xFE2E, 0xFE4F, 0xFE8F, 0xFE6F, 0xFE6F, 0xFE6F, 0xFE90, 0xFEF2, 0xFEF3, 0xFF97, 0xFFB8, 0xFFB8, 0xFFB8,
    0xFFB9, 0xFF78, 0xFF58, 0xFF38, 0xFF38, 0xFF38, 0xFF98, 0xFF78, 0xFF98, 0xFF99, 0xFF99, 0xFFDB, 0xFFDB, 0xFFFB, 0xFF9A, 0xF759,
    0xFF9A, 0xFF9A, 0xFF79, 0xFF79, 0xFF79, 0xFF79, 0xFF7A, 0xF718, 0xEE56, 0xEE56, 0xEE56, 0xEE35, 0xBB09, 0x9943, 0xB288, 0xBB6B,
    0xCC8F, 0xE5F4, 0xE5D3, 0xEE34, 0xEE55, 0xEE55, 0xEE55, 0xEE55, 0xEE55, 0xEE76, 0xF676, 0xEE75, 0xEE75, 0xEE75, 0xEE75, 0xEE95,
    0xEE54, 0xE5F2, 0xE5D2, 0xE5D2, 0xE5D2, 0xE5D2, 0xEE34, 0xEE54, 0xF6F6, 0xF717, 0xF737, 0xEEB5, 0xE633, 0xEE54, 0xE613, 0xE612,
    0xEE13, 0xE5D2, 0xBCCF, 0xDDB3, 0xEE75, 0xF6B6, 0xCD31, 0x6162, 0xEDAC, 0xFE0B, 0xFDEB, 0xFDEB, 0xFE0B, 0xFDEB, 0xFE2B, 0xFE2C,
    0xFE2C, 0xFE2C, 0xFE4C, 0xFE4D, 0xCC88, 0xBBC7, 0xBBE7, 0xB3E8, 0xD5B0, 0xD5F1, 0xD5D1, 0xF736, 0xFFF9, 0xFFF8, 0xFFD8, 0xFFD8,
    0xFFD8, 0xFFD8, 0xFFD8, 0xFFB8, 0xFFD8, 0xFFD8, 0xFFD8, 0xFFD8, 0xFFD8, 0xFFB8, 0xFFB8, 0xFFD8, 0xFFD8, 0xFFD8, 0xFFD8, 0xFFD9,
    0xFFD9, 0xFF55, 0xFEF2, 0xFEF3, 0xFED2, 0xFED1, 0xFEB1, 0xFE70, 0xFE70, 0xFE70, 0xFE70, 0xFE70, 0xFE4F, 0xFE2F, 0xFE2E, 0xFE0E,
    0xFE2E, 0xFE2F, 0xFE2F, 0xFE2F, 0xFE2F, 0xF60F, 0xF60F, 0xF60F, 0xF630, 0xFE71, 0xFE71, 0xFE92, 0xFE71, 0xF62F, 0xF62F, 0xF5EE,
    0xB40A, 0xBC2B, 0xC48C, 0xC48C, 0xC48C, 0xC48C, 0xC4CD, 0xC4CD, 0xC4CD, 0xC4CD, 0xCCCD, 0xCCED, 0xCCEE, 0xCCED, 0xCCED, 0xCCED,
    0xCCEE, 0xCCCD, 0xC44A, 0xC409, 0xBC09, 0xBC09, 0xC44A, 0xC46B, 0xCCAC, 0xCCAC, 0xCCCD, 0xCCED, 0xCCEE, 0xCD0E, 0xD52F, 0xD54F,
    0xD54F, 0xD56F, 0xD56F, 0xD54F, 0xD54F, 0xD56F, 0xDD90, 0xBC4B, 0xB3EA, 0xB44C, 0xFFBA, 0xFFFC, 0xFFBB, 0xE675, 0xE656, 0xE656,
    0xE656, 0xE656, 0xE655, 0xDDD3, 0xD572, 0xCD51, 0xCD51, 0xCD51, 0xC4F0, 0xC4CF, 0xA3AA, 0x8202, 0xC3E8, 0xCC08, 0xCC28, 0xD448,
    0xCC07, 0xCC07, 0xCC07, 0xCBE7, 0xCBE7, 0xCBC7, 0xCBC6, 0xC3A6, 0xC386, 0xCBA6, 0xDCE9, 0xE50A, 0xDCEA, 0xDCEA, 0xE50A, 0xDD0B,
    0xF5EE, 0xFE2E, 0xFE2E, 0xFE2E, 0xFE2F, 0xF64F, 0xFE6F, 0xFE70, 0xFE50, 0xF6F4, 0xFFB8, 0xFFB8, 0xFFB8, 0xFFB8, 0xFFB9, 0xFFB9,
    0xFFB9, 0xFF78, 0xFF58, 0xFF58, 0xFF58, 0xFF79, 0xF6F6, 0xEEB5, 0xFFB9, 0xFFFB, 0xFFFB, 0xFFDA, 0xFFDA, 0xFF99, 0xEEF7, 0xF717,
    0xFF9A, 0xFF9A, 0xFF7A, 0xFF79, 0xFF7A, 0xFF9A, 0xEED7, 0xE655, 0xEE56, 0xEE35, 0xF676, 0xCC6E, 0xA247, 0xCBCC, 0xCC2D, 0xCC0D,
    0xB34B, 0xBB8B, 0xBBCC, 0xDD72, 0xDDB3, 0xEE55, 0xEE55, 0xEE55, 0xEE54, 0xEE34, 0xEE34, 0xEE54, 0xEE54, 0xEE54, 0xEE54, 0xEE54,
    0xF695, 0xEEB6, 0xF6F7, 0xEE95, 0xE613, 0xE5F2, 0xE5F2, 0xE5F2, 0xEE13, 0xEE53, 0xE633, 0xF6D6, 0xF737, 0xF738, 0xEED6, 0xEE74,
    0xF695, 0xCD51, 0xD551, 0xEE34, 0xEE34, 0xA3CB, 0xABE9, 0xCCCA, 0xFE0C, 0xFE0B, 0xFE0B, 0xFE0B, 0xFE0B, 0xFE0B, 0xFE0B, 0xFDEB,
    0xFDEB, 0xFE0C, 0xFE0C, 0xFE2C, 0xFE6D, 0xFE8D, 0xFECE, 0xF5CB, 0xA2A4, 0xA2C5, 0x9A63, 0xDE11, 0xFFD9, 0xF777, 0xFFB8, 0xFFD8,
    0xFFD8, 0xFFD8, 0xFFD8, 0xFFD8, 0xFFD8, 0xFFD8, 0xFFD8, 0xFFD8, 0xFFD8, 0xFFD8, 0xFFD8, 0xFFD8, 0xFFD8, 0xFFD8, 0xFFD8, 0xFFD8,
    0xFFD8, 0xFFB8, 0xFFB7, 0xFF96, 0xFEF2, 0xFEB1, 0xFEB1, 0xFEB1, 0xFEB0, 0xFE90, 0xFE90, 0xFE90, 0xFE90, 0xFE91, 0xFEB1, 0xFED2,
    0xFED2, 0xFED2, 0xFED2, 0xFED1, 0xFEB1, 0xFED1, 0xFED1, 0xFED1, 0xFED2, 0xFED2, 0xFEF2, 0xFEF2, 0xFED1, 0xFEB1, 0xFEB1, 0xFE70,
    0xC48C, 0xC4AC, 0xCCED, 0xCCED, 0xCCED, 0xCCED, 0xCCEE, 0xCCEE, 0xCCEE, 0xCCEE, 0xCCEE, 0xCCEE, 0xCCCD, 0xCCCD, 0xCCAD, 0xCCAC,
    0xCCAC, 0xCCAC, 0xC46B, 0xC46B, 0xCCAC, 0xCCAC, 0xCCCD, 0xCCEE, 0xD52E, 0xD52E, 0xD54F, 0xD54F, 0xD54F, 0xD54F, 0xD56F, 0xD56F,
    0xD56F, 0xDD70, 0xDD70, 0xDD6F, 0xDD70, 0xDD70, 0xD570, 0xE5D1, 0xCCCD, 0x9263, 0xDE54, 0xFFDB, 0xFFFC, 0xF758, 0xE656, 0xE656,
    0xE656, 0xE635, 0xDDD3, 0xDDB2, 0xD5B2, 0xD592, 0xD592, 0xDD92, 0xCD10, 0xC4CE, 0xABAA, 0x8202, 0xC3E8, 0xCC28, 0xCC08, 0xCC08,
    0xCC07, 0xCC07, 0xCC07, 0xD469, 0xD448, 0xC3C6, 0xCBC7, 0xCBC6, 0xCBC6, 0xCBC6, 0xE4EA, 0xE4EA, 0xE52B, 0xE58C, 0xF60E, 0xFE2F,
    0xFE2E, 0xFE2F, 0xFE2E, 0xFE2E, 0xFE70, 0xFEB1, 0xFEB1, 0xFEB1, 0xFED2, 0xFF97, 0xFFB8, 0xFFB8, 0xFFB8, 0xFFB8, 0xFFB8, 0xFFB8,
    0xFFB8, 0xFF98, 0xFF98, 0xF757, 0xF716, 0xF6F6, 0xFFB9, 0xFFDA, 0xFFDA, 0xFFDB, 0xFFDA, 0xFFFA, 0xFF79, 0xEE95, 0xF6D7, 0xFF79,
    0xFF9A, 0xFF9A, 0xFF9A, 0xFFBA, 0xFF79, 0xEE97, 0xEE76, 0xEE56, 0xEE56, 0xEE76, 0xDD93, 0xBB6A, 0xCBED, 0xE531, 0xDD31, 0xDD51,
    0xDD31, 0xDD31, 0xDD31, 0xBC0D, 0xABAB, 0xD571, 0xE614, 0xEE34, 0xE634, 0xE634, 0xEE33, 0xEE33, 0xEE34, 0xEE34, 0xEE34, 0xE633,
    0xE633, 0xEE54, 0xEE75, 0xF6B6, 0xF6D6, 0xEE34, 0xE5F2, 0xE613, 0xEE13, 0xEE13, 0xEE33, 0xE613, 0xEE33, 0xE633, 0xF6B5, 0xF6D6,
    0xEE96, 0xEED7, 0xF6F8, 0xF6F7, 0xFF18, 0x82E8, 0x79E2, 0xF56A, 0xF56A, 0xED4A, 0xED4A, 0xED4A, 0xF58A, 0xF58A, 0xF58A, 0xF56A,
    0xFDEB, 0xFE2C, 0xFE0C, 0xFDCB, 0xFDAB, 0xFDAB, 0xFDAB, 0xFDCB, 0xFDEC, 0xFDEC, 0xFDEC, 0x9B26, 0x8A65, 0xA388, 0xFFF7, 0xFFF8,
    0xFF97, 0xFFB8, 0xFFB8, 0xFFD8, 0xFFD8, 0xFFD8, 0xFFD8, 0xFFD8, 0xFFD8, 0xFFD8, 0xFFD8, 0xFFD8, 0xFFD9, 0xFFD9, 0xFFF9, 0xFFF9,
    0xFFD9, 0xFFD9, 0xFFD9, 0xFFB8, 0xFF55, 0xFF13, 0xFED2, 0xFED2, 0xFED2, 0xFEF2, 0xFF13, 0xFF34, 0xFF34, 0xFF55, 0xFF96, 0xFF97,
    0xFF97, 0xFF97, 0xFF97, 0xFF97, 0xFF76, 0xFF76, 0xFF75, 0xFF75, 0xFF75, 0xFF55, 0xFF55, 0xFF75, 0xFF55, 0xFF54, 0xFF55, 0xFF34,
    0xCCEE, 0xCD0E, 0xD50E, 0xCD0E, 0xCD0E, 0xCD0E, 0xCCEE, 0xCCEE, 0xCCEE, 0xCCEE, 0xCCEE, 0xCCEE, 0xC48C, 0xC46B, 0xC46B, 0xC44A,
    0xC44A, 0xC44A, 0xC44A, 0xCCCC, 0xD50E, 0xD52F, 0xD54F, 0xD54F, 0xD54F, 0xD54F, 0xD54F, 0xD54F, 0xD54F, 0xD54F, 0xD56F, 0xD56F,
    0xD56F, 0xD56F, 0xDD6F, 0xDD70, 0xDD70, 0xDD70, 0xDD90, 0xDD70, 0xDD90, 0xD50E, 0x8A65, 0xEF18, 0xFFFD, 0xF779, 0xE615, 0xE656,
    0xE635, 0xE615, 0xDDB2, 0xDDB2, 0xDDB3, 0xD5B3, 0xD592, 0xD592, 0xC4F0, 0xC4CF, 0xA3AA, 0x8202, 0xC3E8, 0xCC08, 0xCC08, 0xCC08,
    0xCC07, 0xD448, 0xDC89, 0xD489, 0xD428, 0xCBC7, 0xCBC7, 0xCBC6, 0xC3C6, 0xD448, 0xE4EA, 0xDD0A, 0xE54C, 0xE5AE, 0xEDAE, 0xF60E,
    0xFE2E, 0xF62E, 0xFE2F, 0xF60F, 0xF691, 0xFEF5, 0xFEF5, 0xFEF5, 0xFF16, 0xFF58, 0xFF37, 0xFF37, 0xFF37, 0xFF37, 0xFF37, 0xFF37,
    0xFF37, 0xF6D6, 0xF6B5, 0xEE95, 0xEEB5, 0xFF58, 0xFFDA, 0xFFFA, 0xFFDA, 0xFFFB, 0xF778, 0xF6D6, 0xF6D6, 0xF717, 0xFF58, 0xFF9A,
    0xFF9A, 0xFF9A, 0xFF39, 0xF718, 0xF6F7, 0xEE55, 0xEE56, 0xEE56, 0xEE55, 0xE615, 0xCC6E, 0xB34A, 0xE531, 0xDCF0, 0xDD31, 0xDD92,
    0xE592, 0xE5B2, 0xE5B3, 0xE5B3, 0xDD72, 0xDD92, 0xDDB2, 0xDDB2, 0xDDD2, 0xE634, 0xEE34, 0xEE34, 0xEE34, 0xEE34, 0xEE55, 0xEE54,
    0xEE34, 0xEE33, 0xE633, 0xE633, 0xE633, 0xF6D6, 0xF6D6, 0xEE54, 0xEE12, 0xEE33, 0xEE13, 0xEE33, 0xEE33, 0xE633, 0xEE54, 0xDDB2,
    0xB46E, 0xE614, 0xEE76, 0xEE96, 0xD5F4, 0xC551, 0xC4EF, 0xEDEF, 0xE4E8, 0xE4A8, 0xED29, 0xED29, 0xF54A, 0xF56A, 0xF56A, 0xF56A,
    0xF56B, 0xF56A, 0xF58B, 0xFDAB, 0xFDAB, 0xFDAB, 0xFDAB, 0xFDAB, 0xF5AB, 0xF5AB, 0xF5AB, 0xDCE9, 0xE50A, 0xBBE8, 0xA348, 0xDDD0,
    0xFFF9, 0xFFD8, 0xFFB7, 0xFFD8, 0xFFD8, 0xFFD8, 0xFFD8, 0xFFD8, 0xFFD8, 0xFFD8, 0xFFD8, 0xFFB7, 0xFF97, 0xFF55, 0xFF55, 0xFF55,
    0xFF55, 0xFF55, 0xFF55, 0xFF35, 0xFEF3, 0xFED2, 0xFED2, 0xFED2, 0xFED2, 0xFED2, 0xFF56, 0xFFB8, 0xFFB9, 0xFFB9, 0xFFD8, 0xFFD8,
    0xFFD8, 0xFFB8, 0xFFB8, 0xFFB8, 0xFFB8, 0xFFB8, 0xFFB8, 0xFFB8, 0xFFB8, 0xFFB8, 0xFFB8, 0xFFB8, 0xFFB8, 0xFFB8, 0xFFB8, 0xFFD8,
    0xD50E, 0xD50E, 0xD50E, 0xCD0E, 0xCD0E, 0xCD0E, 0xCD0E, 0xCCEE, 0xCCEE, 0xCCCD, 0xCCAC, 0xCCAC, 0xC46B, 0xC46B, 0xC44A, 0xC44A,
    0xC44A, 0xC44A, 0xC44A, 0xCCAB, 0xD50E, 0xD54F, 0xD54F, 0xD54F, 0xD54F, 0xD54F, 0xD54F, 0xD54F, 0xD54F, 0xD54F, 0xD56F, 0xD56F,
    0xD56F, 0xD58F, 0xDD90, 0xDD70, 0xDD70, 0xDD70, 0xDD70, 0xDD70, 0xDD8F, 0xD50D, 0x8A64, 0xF759, 0xFFFE, 0xF799, 0xEED7, 0xE655,
    0xE656, 0xE635, 0xDDD3, 0xDDB2, 0xDDB3, 0xDDB3, 0xD5B3, 0xD592, 0xD592, 0xCCF0, 0xA389, 0x8202, 0xC3E8, 0xCC28, 0xCC08, 0xCC08,
    0xCC08, 0xD448, 0xD489, 0xD428, 0xCBE7, 0xCBE7, 0xCBC7, 0xCBE7, 0xD468, 0xDCC9, 0xDCEA, 0xE56D, 0xEDAE, 0xEDCE, 0xF5EF, 0xF62F,
    0xF62F, 0xF60F, 0xF630, 0xFED4, 0xF6D5, 0xF6D6, 0xF6F6, 0xF6F6, 0xFEF6, 0xF6F7, 0xF6F7, 0xFF17, 0xF6F7, 0xF6B6, 0xF6D6, 0xF6D6,
    0xF6D6, 0xEE95, 0xEE95, 0xEEB5, 0xF738, 0xFFFB, 0xFFFA, 0xFFDA, 0xFFDA, 0xF737, 0xF6B5, 0xEE74, 0xF737, 0xFFBA, 0xFF99, 0xFF79,
    0xFF39, 0xFF59, 0xF6D7, 0xE655, 0xEE55, 0xEE56, 0xEE56, 0xEE55, 0xF6B7, 0xCC8F, 0xBB2A, 0xE531, 0xDD11, 0xDD52, 0xEDD3, 0xEE34,
    0xEE14, 0xEE14, 0xEE34, 0xEE35, 0xE614, 0xDDD3, 0xE5D3, 0xE5F3, 0xE5F3, 0xEE34, 0xEE34, 0xEE34, 0xEE34, 0xEE34, 0xEE54, 0xEE54,
    0xEE34, 0xEE33, 0xEE33, 0xEE33, 0xE633, 0xEE54, 0xEE54, 0xF6D6, 0xF6B5, 0xE613, 0xEE33, 0xEE33, 0xEE33, 0xEE54, 0xE633, 0xDDB2,
    0xDDD3, 0xEE55, 0xEE76, 0xEE35, 0x71E4, 0xC429, 0xD58F, 0xAC4C, 0xDDF0, 0xEE91, 0xED4B, 0xED4A, 0xF54A, 0xF549, 0xF56A, 0xF56A,
    0xF56A, 0xF56A, 0xF58B, 0xFDAB, 0xFDAB, 0xFDAB, 0xFDAB, 0xFDAB, 0xFDAB, 0xFDAB, 0xF58B, 0xFDCB, 0xFDEC, 0xDCE9, 0xB366, 0xABE9,
    0xBCEE, 0xDE32, 0xFFF9, 0xFFB7, 0xFFB7, 0xFFB8, 0xFFB8, 0xFFB8, 0xFFB8, 0xFFB8, 0xFFB8, 0xFF97, 0xFF34, 0xFED2, 0xFEB1, 0xFEB1,
    0xFEB1, 0xFEB1, 0xFEB1, 0xFEB1, 0xFEB2, 0xFEB2, 0xFED2, 0xFED2, 0xFEB2, 0xFED2, 0xFF13, 0xFF34, 0xFF76, 0xFFD8, 0xFFD8, 0xFFD8,
    0xFFD8, 0xFFD8, 0xFFD8, 0xFFD8, 0xFFD8, 0xFFB9, 0xFFB9, 0xFFB9, 0xFFD9, 0xFFD9, 0xFFD9, 0xFFD9, 0xFFD9, 0xFFD9, 0xFFD9, 0xFFD9,
    0xCD0E, 0xD50E, 0xCD0E, 0xCCED, 0xCCAC, 0xCC8C, 0xCC8B, 0xCC8B, 0xCC8B, 0xCC6B, 0xCC6A, 0xC46B, 0xC46B, 0xCC6A, 0xC44A, 0xC44A,
    0xC44A, 0xC44A, 0xC44A, 0xCC8B, 0xCCCC, 0xD52F, 0xD550, 0xD54F, 0xD54F, 0xD54F, 0xD54F, 0xD54F, 0xD54F, 0xD54F, 0xD54F, 0xD56F,
    0xD56F, 0xD56F, 0xD54F, 0xDD4F, 0xDD4F, 0xDD4F, 0xDD4F, 0xDD2E, 0xDD0D, 0xD4CC, 0x92A5, 0xDE34, 0xEF59, 0xFFFB, 0xFFDA, 0xEE76,
    0xEE36, 0xE656, 0xE614, 0xDDF3, 0xDDB3, 0xDDB3, 0xD5B3, 0xD592, 0xD592, 0xD551, 0xB42C, 0x8A23, 0xC3E8, 0xCC08, 0xCC08, 0xCC08,
    0xCC08, 0xCC08, 0xC3E7, 0xCBE7, 0xCBE7, 0xCBC7, 0xCBC6, 0xD428, 0xDCCA, 0xDCCA, 0xE56C, 0xEDAE, 0xEDCF, 0xEDCE, 0xF610, 0xF610,
    0xEE10, 0xEE30, 0xEE52, 0xFF16, 0xFEF6, 0xF6D6, 0xFEF6, 0xFEF6, 0xF717, 0xFF17, 0xFF17, 0xFF17, 0xEE95, 0xEE54, 0xEE54, 0xEE54,
    0xEE54, 0xF6D6, 0xF6D6, 0xF717, 0xFFFB, 0xFFDB, 0xFFFB, 0xFFDA, 0xF717, 0xEE94, 0xFF17, 0xFF58, 0xFF99, 0xFF79, 0xFF9A, 0xFF59,
    0xEE75, 0xEE76, 0xEE76, 0xEE56, 0xEE56, 0xEE55, 0xEE55, 0xEE55, 0xDD72, 0xBB8B, 0xCC2D, 0xE551, 0xDD11, 0xEDF4, 0xEE35, 0xEE34,
    0xEE35, 0xEE34, 0xEE35, 0xEE35, 0xEE14, 0xE5F3, 0xEE34, 0xEE55, 0xEE54, 0xEE54, 0xEE54, 0xEE34, 0xEE34, 0xEE34, 0xEE34, 0xEE54,
    0xEE54, 0xEE33, 0xEE33, 0xEE33, 0xE633, 0xE633, 0xEE33, 0xEE54, 0xEE95, 0xF695, 0xEE33, 0xEE33, 0xEE33, 0xE613, 0xDDB2, 0xD592,
    0xEE75, 0xEE76, 0xEE96, 0xE614, 0x8285, 0xCC08, 0xB366, 0x8223, 0xAC0B, 0xCD6F, 0xF6B1, 0xF6B2, 0xEE2F, 0xF5AC, 0xF549, 0xF549,
    0xF56A, 0xF58B, 0xF58B, 0xF5AB, 0xF5AB, 0xF5AB, 0xFDAB, 0xFDAB, 0xFDAB, 0xFDAB, 0xF58B, 0xF58A, 0xF58B, 0xFDCB, 0xFE2C, 0xB3A6,
    0x9243, 0xB42A, 0xDE74, 0xF756, 0xFF76, 0xFEF3, 0xFEF3, 0xFEF3, 0xFEF3, 0xFF13, 0xFEF3, 0xFEF3, 0xFEF2, 0xFED2, 0xFED1, 0xFED1,
    0xFED1, 0xFED1, 0xFED1, 0xFED2, 0xFED1, 0xFEB1, 0xFEB1, 0xFED1, 0xFEB2, 0xFED2, 0xFEB2, 0xFEB1, 0xFEF3, 0xFF75, 0xFF76, 0xFFB7,
    0xFFD8, 0xFFD8, 0xFFD9, 0xFFD9, 0xFFD9, 0xFFD9, 0xFFD9, 0xFFD9, 0xFFD9, 0xFFD9, 0xFFD9, 0xFFD9, 0xFFD9, 0xFFD9, 0xFFD9, 0xFFD8,
    0xCCAC, 0xCC8C, 0xCC8B, 0xCC8B, 0xCC6A, 0xCC6A, 0xCC6A, 0xCC4A, 0xCC6A, 0xCC6A, 0xCC6A, 0xCC6A, 0xCC6A, 0xC44A, 0xC44A, 0xC44A,
    0xC44A, 0xC46A, 0xC46A, 0xCC8B, 0xCCAC, 0xD50E, 0xD54F, 0xD54F, 0xD54F, 0xD54F, 0xD54F, 0xD54F, 0xD52E, 0xD52E, 0xD52E, 0xD50D,
    0xD50D, 0xD50D, 0xD4ED, 0xD4CC, 0xD4CC, 0xD4CC, 0xD4CC, 0xD4CC, 0xD4CC, 0xD4CC, 0xDCED, 0xA2E6, 0xB48D, 0xFFFD, 0xFFDA, 0xE655,
    0xE636, 0xE656, 0xE656, 0xEE56, 0xE5F4, 0xD5B2, 0xD5B3, 0xD592, 0xD592, 0xDDB3, 0xCCF0, 0x8A23, 0xCC28, 0xD428, 0xCC08, 0xCC08,
    0xCBE8, 0xCBE8, 0xCBE7, 0xCBE7, 0xCBE7, 0xCC08, 0xD448, 0xDCCA, 0xDCEA, 0xDCEB, 0xEDAE, 0xEDCE, 0xEDCE, 0xEDCF, 0xEE10, 0xEE51,
    0xF651, 0xF6F5, 0xF716, 0xF736, 0xF737, 0xF6F6, 0xFEF6, 0xFEF6, 0xFED6, 0xF6B5, 0xF6B5, 0xF695, 0xEE54, 0xEE54, 0xEE54, 0xEE33,
    0xE633, 0xEED5, 0xE654, 0xEF18, 0xFFFB, 0xFFDA, 0xFFDA, 0xFF99, 0xF716, 0xFF37, 0xFF98, 0xFF99, 0xFF79, 0xFF79, 0xFF9A, 0xF717,
    0xEE55, 0xEE35, 0xEE55, 0xEE56, 0xEE56, 0xEE56, 0xE655, 0xEE96, 0xC44D, 0xCC4D, 0xE572, 0xE592, 0xE5D3, 0xEE14, 0xEE35, 0xEE34,
    0xEE35, 0xEE35, 0xEE35, 0xEE34, 0xEE55, 0xEE55, 0xEE55, 0xEE54, 0xEE54, 0xEE54, 0xEE54, 0xEE34, 0xEE34, 0xEE34, 0xEE34, 0xEE53,
    0xEE53, 0xEE33, 0xEE33, 0xEE33, 0xE633, 0xEE33, 0xEE33, 0xEE33, 0xEE33, 0xEE74, 0xF695, 0xEE34, 0xE613, 0xD571, 0xD571, 0xEE55,
    0xEE55, 0xEE75, 0xFEF7, 0xE635, 0x7A44, 0xCC28, 0xED0A, 0xC429, 0x81E3, 0xA2A4, 0xFDCB, 0xED8B, 0xF62F, 0xF62F, 0xF60E, 0xF62E,
    0xF54B, 0xF529, 0xF56A, 0xF5AB, 0xF58B, 0xF58B, 0xF5AB, 0xF5AB, 0xFDAB, 0xF5AB, 0xF5AB, 0xF58B, 0xF58B, 0xF58A, 0xF58A, 0xFDAB,
    0xFE4D, 0xBBE8, 0x7181, 0xDE73, 0xFFD9, 0xFF33, 0xFED1, 0xFED1, 0xFED2, 0xFED2, 0xFED2, 0xFED2, 0xFED2, 0xFED2, 0xFED2, 0xFED2,
    0xFED1, 0xFEB1, 0xFEB1, 0xFEB1, 0xFEB1, 0xFEB1, 0xFEB2, 0xFED2, 0xFEB2, 0xFEB2, 0xFEB2, 0xFED2, 0xFEB2, 0xFED2, 0xFED2, 0xFF55,
    0xFF76, 0xFF96, 0xFFB7, 0xFFD9, 0xFFD9, 0xFFD9, 0xFFD9, 0xFFD9, 0xFFD9, 0xFFD9, 0xFFD9, 0xFFD9, 0xFFD9, 0xFFD9, 0xFFB8, 0xFF97,
    0xCC8B, 0xCC6A, 0xCC6A, 0xCC6A, 0xCC6A, 0xCC6A, 0xCC6A, 0xCC6A, 0xCC6A, 0xCC6A, 0xCC6A, 0xCC6A, 0xCC8B, 0xCCAC, 0xCCCC, 0xCCCC,
    0xCCCC, 0xCCCC, 0xCCED, 0xD50D, 0xD50E, 0xD50E, 0xD50E, 0xD52E, 0xD52E, 0xD52E, 0xD52E, 0xD50D, 0xD4CC, 0xCCAB, 0xD4AB, 0xD4AB,
    0xD4AB, 0xD4AB, 0xD4AB, 0xD4AB, 0xD4AB, 0xD4AB, 0xD4AC, 0xD4AC, 0xD4AB, 0xD48B, 0xDCEC, 0x9AC5, 0xA3CA, 0xEF18, 0xF779, 0xF779,
    0xEEF8, 0xE676, 0xE656, 0xE636, 0xE655, 0xE635, 0xDDF4, 0xD592, 0xD592, 0xD593, 0xCD10, 0x9AE6, 0xB366, 0xC3C7, 0xCC28, 0xCC07,
    0xCBE8, 0xCBE7, 0xCBE7, 0xCBE8, 0xC3C7, 0xD448, 0xE52B, 0xDCEB, 0xE50B, 0xE58D, 0xEDAE, 0xEDAE, 0xE58E, 0xEE51, 0xF6F4, 0xF6D4,
    0xF6D5, 0xF6B4, 0xEE52, 0xEE53, 0xF6B4, 0xFEF6, 0xF6B5, 0xEE74, 0xEE74, 0xEE54, 0xEE54, 0xEE54, 0xEE54, 0xEE33, 0xEE74, 0xF717,
    0xF717, 0xEE54, 0xEE95, 0xFFBA, 0xFFFA, 0xFFD9, 0xF6F6, 0xF737, 0xFFB9, 0xFFB9, 0xFF78, 0xFF79, 0xFF79, 0xEE95, 0xEE54, 0xEE75,
    0xEE96, 0xEE96, 0xEE55, 0xEE55, 0xEE76, 0xEE55, 0xE655, 0xCCF0, 0xD4CF, 0xE571, 0xE5F4, 0xEE15, 0xEE35, 0xEE14, 0xEE35, 0xEE35,
    0xEE35, 0xEE35, 0xEE35, 0xEE34, 0xEE55, 0xEE54, 0xEE55, 0xEE55, 0xEE54, 0xEE54, 0xEE54, 0xEE34, 0xEE54, 0xEE34, 0xEE53, 0xEE53,
    0xEE53, 0xEE33, 0xEE33, 0xEE33, 0xEE33, 0xEE33, 0xEE33, 0xEE54, 0xEE54, 0xEE34, 0xEE34, 0xE613, 0xCD30, 0xD591, 0xEE34, 0xEE55,
    0xEE55, 0xEE75, 0xBC8E, 0xAC0B, 0x9B26, 0xD448, 0xDC89, 0xE4EB, 0xAB46, 0x7A03, 0xA325, 0xF56B, 0xF549, 0xED29, 0xF5ED, 0xEE0F,
    0xF691, 0xF691, 0xF5ED, 0xF549, 0xF58B, 0xFDAB, 0xF5AB, 0xFDAB, 0xFDAB, 0xFDAB, 0xF5AB, 0xF5AB, 0xF5AB, 0xF5AB, 0xF5AA, 0xF5AA,
    0xF5AB, 0xED8B, 0xEDAC, 0x9B26, 0xA3EA, 0xFFFA, 0xFF76, 0xFF33, 0xFED2, 0xFED2, 0xFED2, 0xFED2, 0xFED2, 0xFED2, 0xFED2, 0xFED2,
    0xFED1, 0xFED1, 0xFED1, 0xFED1, 0xFED1, 0xFED2, 0xFED2, 0xFED2, 0xFEB2, 0xFED2, 0xFEB2, 0xFEB1, 0xFEB1, 0xFEB1, 0xFED2, 0xFED2,
    0xFED2, 0xFEF3, 0xFF96, 0xFFD9, 0xFFD9, 0xFFD8, 0xFFD8, 0xFFD8, 0xFFD9, 0xFFD9, 0xFFD9, 0xFFD9, 0xFFD8, 0xFFD8, 0xFF97, 0xFF34,
    0xCC8B, 0xCC8B, 0xCC6B, 0xCC6A, 0xCC6A, 0xCC6A, 0xCC6A, 0xCC6A, 0xCC6B, 0xCC8B, 0xD4ED, 0xD50E, 0xD50E, 0xD54F, 0xD54F, 0xDD4F,
    0xDD4F, 0xDD4F, 0xDD4F, 0xDD4F, 0xDD4F, 0xDD4E, 0xD4ED, 0xD4CC, 0xD4CC, 0xD4CC, 0xD4AC, 0xD4AB, 0xD4AB, 0xD48B, 0xD48B, 0xD48B,
    0xD4AB, 0xD48B, 0xD4AB, 0xD4AB, 0xD4AB, 0xD4AB, 0xD4AB, 0xD4AB, 0xDCCB, 0xED4C, 0xED6D, 0xDD0B, 0xD4CB, 0x8A23, 0xD5F3, 0xFFFC,
    0xF779, 0xEE96, 0xE635, 0xE635, 0xE656, 0xE676, 0xE614, 0xD592, 0xD592, 0xD592, 0xD571, 0xAB88, 0x9AC5, 0xB366, 0xCC28, 0xCC08,
    0xCBE8, 0xCBE8, 0xC3E7, 0xCC28, 0xDCCA, 0xDCCA, 0xDD0B, 0xDCEB, 0xDD0B, 0xE58E, 0xE58E, 0xEE10, 0xF693, 0xEE72, 0xEE10, 0xEE32,
    0xEE52, 0xEE32, 0xEE53, 0xF694, 0xF694, 0xF694, 0xF694, 0xEE74, 0xEE74, 0xF674, 0xEE54, 0xEE33, 0xEE74, 0xF6D7, 0xF6F7, 0xEF17,
    0xEED6, 0xE653, 0xF778, 0xFFFA, 0xFFB9, 0xF717, 0xFF58, 0xFFB9, 0xFFB9, 0xFF78, 0xFF78, 0xF716, 0xEE75, 0xE613, 0xE5F2, 0xEE34,
    0xF696, 0xF6B6, 0xEE55, 0xEE55, 0xEE55, 0xE635, 0xE614, 0xC46E, 0xD511, 0xE5B3, 0xEE34, 0xEE35, 0xEE34, 0xE614, 0xEE35, 0xEE55,
    0xEE55, 0xEE55, 0xEE55, 0xEE55, 0xEE55, 0xEE55, 0xEE55, 0xEE55, 0xEE54, 0xEE54, 0xEE54, 0xEE54, 0xEE54, 0xEE54, 0xEE53, 0xEE53,
    0xEE53, 0xEE53, 0xEE53, 0xEE53, 0xEE33, 0xEE53, 0xEE54, 0xEE54, 0xEE74, 0xE613, 0xDDD2, 0xC530, 0xD571, 0xE614, 0xEE55, 0xEE55,
    0xEE76, 0xFEF8, 0x8B07, 0x7A03, 0xF610, 0xE56D, 0xD489, 0xDCA9, 0xCC28, 0x9AC5, 0x8223, 0xB3A7, 0xDCE9, 0xF56A, 0xF549, 0xED29,
    0xEE0E, 0xF60E, 0xF60E, 0xFE90, 0xF5CC, 0xED49, 0xF58A, 0xFDAB, 0xF5AB, 0xFDAB, 0xF5AB, 0xF5AB, 0xF5AB, 0xF5AB, 0xF5AB, 0xF5AB,
    0xF5AB, 0xF5AB, 0xFE0C, 0x9AC5, 0x92C6, 0xB4EE, 0xF798, 0xFFF8, 0xFF35, 0xFF13, 0xFED2, 0xFED2, 0xFED2, 0xFED2, 0xFED2, 0xFED2,
    0xFED2, 0xFED2, 0xFED1, 0xFED2, 0xFED2, 0xFED2, 0xFED1, 0xFED2, 0xFED2, 0xFED2, 0xFED2, 0xFED1, 0xFED1, 0xFED1, 0xFED2, 0xFED1,
    0xFED1, 0xFED2, 0xFF13, 0xFF33, 0xFF13, 0xFF13, 0xFF13, 0xFF13, 0xFF13, 0xFF13, 0xFF13, 0xFF13, 0xFF13, 0xFF13, 0xFF13, 0xFF13,
    0xCC8B, 0xCC6A, 0xCC6A, 0xD4CC, 0xD50D, 0xD50D, 0xD50D, 0xD50D, 0xD50D, 0xD52E, 0xDD70, 0xDD70, 0xDD90, 0xDD70, 0xDD70, 0xDD70,
    0xDD6F, 0xDD6F, 0xDD6F, 0xDD6F, 0xDD6F, 0xDD6F, 0xD50D, 0xD4AB, 0xD4AB, 0xD48B, 0xD48B, 0xD4AB, 0xD4AB, 0xD48B, 0xD48B, 0xD4AB,
    0xD4AB, 0xD4AB, 0xD4AB, 0xD4AB, 0xD4CB, 0xE54C, 0xED4C, 0xED4C, 0xED8D, 0xFE2E, 0xFE2E, 0xFE8F, 0xFE6F, 0x9243, 0xD5F3, 0xFFFD,
    0xFF7A, 0xEE96, 0xE635, 0xE635, 0xE656, 0xE656, 0xDDF4, 0xD592, 0xD592, 0xD593, 0xD571, 0xA348, 0x92C5, 0xB387, 0xCC28, 0xCC08,
    0xCC08, 0xC3E7, 0xCC49, 0xDCCB, 0xDCEB, 0xDD0B, 0xDCEB, 0xDD0B, 0xEDAE, 0xEDAF, 0xEE10, 0xEE31, 0xE5CF, 0xEDCF, 0xE5AF, 0xEE52,
    0xF693, 0xF673, 0xEE73, 0xF694, 0xF674, 0xEE74, 0xEE54, 0xEE53, 0xEE33, 0xEE12, 0xEE75, 0xF6B6, 0xEEB6, 0xEED6, 0xE675, 0xDDB1,
    0xE5B1, 0xEE74, 0xFFD9, 0xFFD9, 0xF757, 0xFF58, 0xFFD9, 0xFFB9, 0xFF98, 0xFF58, 0xF717, 0xEE54, 0xE5F3, 0xEE54, 0xF695, 0xEE75,
    0xEE75, 0xEE55, 0xEE55, 0xEE55, 0xEE35, 0xEE35, 0xC46E, 0xD510, 0xE5D3, 0xEE14, 0xEE54, 0xEE54, 0xEE34, 0xE614, 0xEE55, 0xEE55,
    0xEE55, 0xEE55, 0xEE55, 0xEE55, 0xEE55, 0xEE55, 0xEE55, 0xEE55, 0xEE55, 0xEE54, 0xEE54, 0xEE54, 0xEE54, 0xEE54, 0xEE53, 0xEE53,
    0xEE53, 0xEE53, 0xEE53, 0xEE53, 0xEE53, 0xEE53, 0xEE54, 0xEE54, 0xE633, 0xD591, 0xD551, 0xDDB2, 0xE5F3, 0xE634, 0xEE55, 0xEE76,
    0xE5F3, 0xB42C, 0xA367, 0xCC28, 0xD489, 0xEDAE, 0xE54D, 0xD468, 0xE4CA, 0xAB26, 0x7A04, 0x71E3, 0xB3A7, 0xDCA9, 0xD488, 0xED29,
    0xF549, 0xF508, 0xED8B, 0xEE4F, 0xF691, 0xF650, 0xEDED, 0xE4E9, 0xED2A, 0xF5CB, 0xF5AB, 0xF5AB, 0xF5AB, 0xF5AB, 0xF5AB, 0xFDCB,
    0xFDCB, 0xF5AB, 0xF58B, 0xF58B, 0xDCC9, 0x9A84, 0xBD0F, 0xF778, 0xFFFA, 0xFF34, 0xFED1, 0xFED2, 0xFED2, 0xFED2, 0xFED2, 0xFED2,
    0xFED2, 0xFED2, 0xFED2, 0xFED1, 0xFED1, 0xFED1, 0xFEB1, 0xFED1, 0xFED1, 0xFEB1, 0xFEB2, 0xFED2, 0xFEB1, 0xFEB1, 0xFF13, 0xFF55,
    0xFF55, 0xFF55, 0xFF76, 0xFF55, 0xFEF2, 0xFED1, 0xFEF2, 0xFED2, 0xFED2, 0xFED2, 0xFED2, 0xFED2, 0xFED2, 0xFEF2, 0xFEF2, 0xFEF2,
    0xD4ED, 0xD4ED, 0xD4ED, 0xD52E, 0xDD70, 0xDD70, 0xDD70, 0xDD70, 0xDD90, 0xDD90, 0xDD90, 0xDD90, 0xDD90, 0xDD90, 0xDD90, 0xDD90,
    0xDD6F, 0xDD6F, 0xDD6F, 0xDD6F, 0xDD6F, 0xDD70, 0xDD4E, 0xD4CC, 0xD4AB, 0xD4AB, 0xD48B, 0xD4AB, 0xD4AB, 0xD4AB, 0xD4AB, 0xD4AB,
    0xD4AB, 0xD4AB, 0xDCCB, 0xDCEB, 0xDD0B, 0xF5ED, 0xFE2E, 0xFE0E, 0xFE2E, 0xFE4F, 0xFE6E, 0xFE8E, 0xF62E, 0x9243, 0xDE13, 0xFFFD,
    0xFF7A, 0xF738, 0xFF99, 0xFF99, 0xE675, 0xE635, 0xE635, 0xE614, 0xDDB3, 0xD572, 0xD572, 0xBC6D, 0xA348, 0xB346, 0xCC28, 0xCC08,
    0xCBE7, 0xCC28, 0xDCEB, 0xDD0B, 0xDCEB, 0xDCEB, 0xDD0B, 0xDCEB, 0xE5CF, 0xF6D4, 0xE5F0, 0xE58E, 0xE58E, 0xE5AE, 0xE5AF, 0xEDF0,
    0xEE11, 0xE5F1, 0xF673, 0xF694, 0xEE53, 0xE5F2, 0xE5F2, 0xE612, 0xEE74, 0xE674, 0xEEF7, 0xEF19, 0xE695, 0xDD6F, 0xDD90, 0xE5B1,
    0xE5F2, 0xFF98, 0xFFB9, 0xFF57, 0xF758, 0xFFDA, 0xFFB9, 0xFF99, 0xF737, 0xEE74, 0xE633, 0xE613, 0xE633, 0xF6B5, 0xF6B6, 0xEE75,
    0xEE55, 0xEE35, 0xEE35, 0xEE55, 0xE614, 0xCCF0, 0xD510, 0xE5D2, 0xEE34, 0xEE55, 0xEE34, 0xEE54, 0xEE54, 0xEE55, 0xEE54, 0xEE54,
    0xEE55, 0xEE55, 0xEE55, 0xEE55, 0xEE55, 0xEE55, 0xEE55, 0xEE55, 0xEE55, 0xEE54, 0xEE54, 0xEE54, 0xEE54, 0xEE54, 0xEE54, 0xEE53,
    0xEE53, 0xEE53, 0xEE53, 0xEE53, 0xEE53, 0xEE53, 0xEE54, 0xE613, 0xCD30, 0xCD30, 0xDDB2, 0xEE75, 0xEE55, 0xEE55, 0xE634, 0xEE76,
    0xDD91, 0x8222, 0xBBC7, 0xDCAA, 0xD469, 0xD448, 0xE54D, 0xDD0C, 0xDCA9, 0xA305, 0x7A03, 0x8224, 0xA346, 0xB367, 0xAB26, 0xCC28,
    0xDCA9, 0xDC89, 0xECE9, 0xE4E9, 0xEDEE, 0xEDCE, 0xEE50, 0xF692, 0xEE2F, 0xECE8, 0xE4C8, 0xF56A, 0xF5AB, 0xF5AB, 0xED6B, 0xED2A,
    0xED2A, 0xED6B, 0xF58B, 0xF56A, 0xF58B, 0xE50A, 0x8202, 0xC54F, 0xF778, 0xFF97, 0xFF76, 0xFF76, 0xFF35, 0xFEF2, 0xFED2, 0xFED2,
    0xFED2, 0xFED2, 0xFEF2, 0xFEF2, 0xFEF2, 0xFEF2, 0xFF14, 0xFF35, 0xFF34, 0xFF35, 0xFF55, 0xFF56, 0xFF56, 0xFF56, 0xFFB8, 0xFFF9,
    0xFFD9, 0xFFD9, 0xFFD9, 0xFFD8, 0xFF97, 0xFF96, 0xFF96, 0xFEF3, 0xFED2, 0xFEF2, 0xFEF2, 0xFEF2, 0xFEF2, 0xFEF2, 0xFEF2, 0xFEF3,
    0xDD90, 0xDD90, 0xDDB0, 0xDD90, 0xDD90, 0xDD90, 0xDD90, 0xDD90, 0xDD90, 0xDD90, 0xDD90, 0xDD90, 0xDD90, 0xDD90, 0xDD90, 0xDD90,
    0xDD70, 0xDD70, 0xDD6F, 0xDD6F, 0xDD6F, 0xDD6F, 0xDD4F, 0xD4ED, 0xD4AB, 0xD48B, 0xD48B, 0xCC8A, 0xD48B, 0xD4AA, 0xE52C, 0xED4C,
    0xED4C, 0xED6C, 0xF5CE, 0xF5EE, 0xFE0E, 0xFE4F, 0xFE6F, 0xFE6F, 0xFE6F, 0xFE6F, 0xFE6F, 0xFEAF, 0xF62E, 0x8A43, 0xD5D2, 0xFFDB,
    0xFFDB, 0xFFFA, 0xFFD9, 0xFFDA, 0xE655, 0xE615, 0xE615, 0xE635, 0xDDF4, 0xDDD3, 0xD572, 0xDDB2, 0xB3EB, 0xAB05, 0xCC48, 0xCC28,
    0xD489, 0xDCEB, 0xDD0B, 0xDD0B, 0xDD0C, 0xD4EB, 0xDD4D, 0xEE10, 0xEE93, 0xE5CF, 0xE58E, 0xE58E, 0xE58E, 0xE5AE, 0xE5AE, 0xE58E,
    0xDD6E, 0xDD8F, 0xEE53, 0xF674, 0xEE32, 0xE5D1, 0xDDB0, 0xE654, 0xF79A, 0xF75A, 0xDDD2, 0xD4ED, 0xDD6F, 0xE5D1, 0xE5D1, 0xDD70,
    0xEE73, 0xFFB9, 0xFF99, 0xFF99, 0xFFDA, 0xFFDA, 0xFF58, 0xF6F6, 0xE634, 0xE654, 0xEE95, 0xEE34, 0xEE74, 0xF6F7, 0xF6B6, 0xE634,
    0xEE54, 0xEE34, 0xEE55, 0xE634, 0xDDD3, 0xD571, 0xDDB2, 0xEE55, 0xEE34, 0xEE34, 0xEE55, 0xEE55, 0xEE55, 0xEE55, 0xEE55, 0xEE55,
    0xEE55, 0xEE55, 0xEE55, 0xEE55, 0xEE55, 0xEE55, 0xEE55, 0xEE55, 0xEE55, 0xEE34, 0xE634, 0xEE54, 0xEE54, 0xEE54, 0xEE54, 0xEE53,
    0xEE53, 0xEE53, 0xEE53, 0xEE53, 0xEE53, 0xEE74, 0xD550, 0xC4EF, 0xE5F3, 0xF695, 0xEE55, 0xEE55, 0xEE55, 0xEE55, 0xEE34, 0xEE34,
    0xCD30, 0x92A4, 0xDCCA, 0xD469, 0xD489, 0xD489, 0xD449, 0xDD0C, 0xDD2C, 0xC3E7, 0x8244, 0x7A03, 0x9AE6, 0xAB46, 0xB387, 0xAB66,
    0xAB67, 0xBBA7, 0xECEA, 0xED09, 0xE4C8, 0xE488, 0xE54B, 0xEDAD, 0xED8C, 0xEDCE, 0xEDEE, 0xED8C, 0xED09, 0xF56B, 0xE50A, 0xCC28,
    0xCC28, 0xD489, 0xE50A, 0xED2A, 0xED4A, 0xED6A, 0xE50B, 0x6961, 0xBD2E, 0xFFFB, 0xF7B8, 0xFFD8, 0xFFD8, 0xFF55, 0xFEF2, 0xFEF2,
    0xFEF2, 0xFEF3, 0xFF34, 0xFF54, 0xFF54, 0xFF55, 0xFFB8, 0xFFD9, 0xFFD9, 0xFFD9, 0xFFD9, 0xFFD9, 0xFFD9, 0xFFF9, 0xFFD9, 0xFFD9,
    0xFFD9, 0xFFD9, 0xFFD9, 0xFFD9, 0xFFD9, 0xFFD9, 0xFFD8, 0xFF76, 0xFF76, 0xFF55, 0xFED2, 0xFEF2, 0xFEF2, 0xFEF2, 0xFEF2, 0xFEF3,
    0xDD6F, 0xDD90, 0xDD90, 0xDD90, 0xDD90, 0xDD90, 0xDD90, 0xDD90, 0xDD90, 0xDD90, 0xDD90, 0xDD90, 0xDD90, 0xDD90, 0xDD90, 0xDD90,
    0xDD90, 0xDD90, 0xDD70, 0xDD6F, 0xDD8F, 0xDD6F, 0xDD70, 0xDD4E, 0xD4CC, 0xD4AB, 0xDCCB, 0xE50C, 0xE52C, 0xE52B, 0xF5CD, 0xFE0E,
    0xFE0E, 0xFE0E, 0xFE2F, 0xFE4F, 0xFE4F, 0xFE4F, 0xFE6F, 0xFE6F, 0xFE6F, 0xFE4E, 0xFE6E, 0xFE8F, 0xFEAF, 0xEE50, 0x92E5, 0xC591,
    0xFFFD, 0xFFDA, 0xFFD9, 0xFFB9, 0xE655, 0xE615, 0xE615, 0xE615, 0xE635, 0xDDD3, 0xD572, 0xD592, 0xB3CB, 0xAB05, 0xD489, 0xDD0B,
    0xDD0B, 0xDD0B, 0xDD0B, 0xDD0C, 0xDD2C, 0xDD4D, 0xE58E, 0xEED4, 0xE5AE, 0xE56D, 0xE58E, 0xE58E, 0xE58E, 0xE58E, 0xE58E, 0xE58E,
    0xE58E, 0xE58F, 0xDD8F, 0xD52D, 0xD50D, 0xEE94, 0xF758, 0xE633, 0xD50E, 0xD50E, 0xD50E, 0xDD4F, 0xDD8F, 0xE58F, 0xDDB0, 0xEEB5,
    0xF737, 0xF6F6, 0xF738, 0xFFFB, 0xFF99, 0xFF78, 0xEED5, 0xEE33, 0xEE74, 0xEE75, 0xEE74, 0xEE54, 0xF6D6, 0xEE95, 0xEE34, 0xEE34,
    0xEE34, 0xEE34, 0xEE55, 0xE614, 0xDD91, 0xDDB2, 0xEE55, 0xEE34, 0xEE34, 0xEE55, 0xEE55, 0xEE55, 0xEE55, 0xEE55, 0xEE55, 0xEE55,
    0xEE55, 0xEE55, 0xEE55, 0xEE55, 0xEE55, 0xEE55, 0xEE75, 0xEE55, 0xEE34, 0xEE34, 0xEE34, 0xEE54, 0xEE53, 0xEE54, 0xEE54, 0xEE53,
    0xEE54, 0xEE54, 0xEE54, 0xEE54, 0xEE54, 0xDDD2, 0xCD0F, 0xD591, 0xEE54, 0xEE75, 0xEE55, 0xEE55, 0xEE55, 0xE634, 0xFED7, 0xCD30,
    0x8264, 0xC3C8, 0xD469, 0xD489, 0xD489, 0xD489, 0xD489, 0xD489, 0xE4EB, 0xD4AA, 0x7A03, 0x71E3, 0x71E3, 0x8224, 0xA347, 0xA326,
    0xA326, 0xB387, 0xCC48, 0xC408, 0xD468, 0xF52A, 0xECE8, 0xE4A7, 0xE4C8, 0xEDCE, 0xEDEE, 0xEDEF, 0xF630, 0xED6C, 0xE4C9, 0xDCA9,
    0xDCC9, 0xDCA9, 0xD469, 0xE4EA, 0xED4B, 0xED4B, 0xE52A, 0xCC69, 0x9B48, 0xAC6B, 0xFFF7, 0xFF96, 0xFF75, 0xFF34, 0xFEF3, 0xFF34,
    0xFF75, 0xFF97, 0xFF98, 0xFFB8, 0xFFB8, 0xFFB8, 0xFFD9, 0xFFD9, 0xFFD9, 0xFFD9, 0xFFD9, 0xFFD9, 0xFFD9, 0xFFD9, 0xFFD9, 0xFFD9,
    0xFFD9, 0xFFD9, 0xFFD9, 0xFFD9, 0xFFD9, 0xFFD9, 0xFFD9, 0xFFD9, 0xFFD9, 0xFFB8, 0xFF55, 0xFF34, 0xFEF2, 0xFEF2, 0xFEF2, 0xFEF2,
    0xDD6F, 0xDD90, 0xDD90, 0xDD90, 0xDD90, 0xDD90, 0xDD90, 0xDD90, 0xDD90, 0xDD90, 0xDD90, 0xDD90, 0xDD90, 0xDD90, 0xDD90, 0xDD90,
    0xDD90, 0xDD90, 0xDD90, 0xDD6F, 0xDD6F, 0xDD4E, 0xDD4E, 0xDD2D, 0xDCEC, 0xE52C, 0xED6C, 0xFE0E, 0xFE2E, 0xFE2E, 0xFE4E, 0xFE6F,
    0xFE6F, 0xFE6F, 0xFE6F, 0xFE4F, 0xFE4F, 0xFE4F, 0xFE4F, 0xFE4F, 0xFE6F, 0xFED1, 0xFEF2, 0xFF13, 0xFF33, 0xFF95, 0x9AC4, 0xCD50,
    0xFFFD, 0xFFDA, 0xFFD9, 0xFFDA, 0xE655, 0xE615, 0xE615, 0xE635, 0xE635, 0xDDD3, 0xD572, 0xDDB3, 0xB3AA, 0xA305, 0xE54D, 0xDD4C,
    0xDD4C, 0xDD2C, 0xDD2C, 0xDD4D, 0xDD6D, 0xDD2C, 0xEE31, 0xEE52, 0xE54D, 0xE58E, 0xE58E, 0xE58E, 0xE58E, 0xE58E, 0xE58E, 0xE58E,
    0xDD6E, 0xDD2D, 0xDD6F, 0xEEB5, 0xEED6, 0xDDD1, 0xD54E, 0xD54E, 0xD50E, 0xDD2E, 0xDD2E, 0xDD4E, 0xDD6F, 0xDD90, 0xEEB5, 0xF717,
    0xEE74, 0xEE54, 0xF717, 0xFF99, 0xF737, 0xEE54, 0xE613, 0xEE95, 0xEED6, 0xEE54, 0xEE54, 0xEE54, 0xF6B6, 0xEE54, 0xEE34, 0xEE55,
    0xEE55, 0xEE54, 0xDDF3, 0xDDD2, 0xDDB2, 0xEE14, 0xEE34, 0xEE34, 0xEE55, 0xEE55, 0xEE55, 0xEE55, 0xEE55, 0xEE55, 0xEE55, 0xEE55,
    0xEE55, 0xEE55, 0xEE55, 0xEE55, 0xEE75, 0xEE75, 0xEE75, 0xEE55, 0xE634, 0xE633, 0xEE33, 0xEE53, 0xEE53, 0xEE53, 0xEE54, 0xEE54,
    0xEE54, 0xEE54, 0xEE74, 0xEE54, 0xE613, 0xC4EF, 0xD551, 0xE614, 0xEE75, 0xEE55, 0xEE55, 0xEE55, 0xEE55, 0xEE76, 0xD592, 0xB3EA,
    0xAB46, 0xDCAA, 0xD489, 0xD489, 0xD489, 0xD489, 0xDC89, 0xD489, 0xE4EA, 0xE52C, 0x9B06, 0x8A64, 0x71E3, 0x7A03, 0x8244, 0x8244,
    0xA326, 0xB3A8, 0xAB67, 0xA326, 0xC407, 0xED29, 0xE4C9, 0xE4E9, 0xE4C9, 0xE4A7, 0xDC87, 0xE52A, 0xE5AE, 0xE5AE, 0xEE0F, 0xE52B,
    0xE4E9, 0xED2A, 0xED2B, 0xED4B, 0xED4B, 0xED4A, 0xED4A, 0xF5AC, 0xBBA7, 0xA2E5, 0xBC8B, 0xFED2, 0xFEF2, 0xFED2, 0xFED2, 0xFF13,
    0xFF34, 0xFF97, 0xFFB8, 0xFFB9, 0xFFB9, 0xFFD9, 0xFFD9, 0xFFB9, 0xFFD9, 0xFFD9, 0xFFD9, 0xFFD9, 0xFFD9, 0xFFD9, 0xFFD9, 0xFFD9,
    0xFFD9, 0xFFD9, 0xFFD9, 0xFFD9, 0xFFD9, 0xFFD9, 0xFFD9, 0xFFB9, 0xFFB9, 0xFFD9, 0xFFD9, 0xFF97, 0xFF55, 0xFF76, 0xFF34, 0xFEF2,
    0xDD6F, 0xDD90, 0xDD90, 0xDD90, 0xDD90, 0xDD90, 0xDD90, 0xDD90, 0xDD90, 0xDDB1, 0xDDB1, 0xDDB0, 0xDDB0, 0xDDB0, 0xDD90, 0xDD6F,
    0xDD4E, 0xDD4E, 0xDD2E, 0xDD2D, 0xDD2D, 0xDD0C, 0xDCEC, 0xE52C, 0xED6D, 0xFDED, 0xFE4E, 0xFE4E, 0xFE6F, 0xFE4F, 0xFE4F, 0xFE4E,
    0xFE4F, 0xFE4F, 0xFE4F, 0xFE70, 0xFE91, 0xFE91, 0xFE91, 0xFE91, 0xFEB1, 0xFF55, 0xFFB7, 0xFFD8, 0xFFD8, 0xFFD8, 0x9B05, 0xCD91,
    0xFFFD, 0xFFDB, 0xFFD9, 0xFF99, 0xE635, 0xE614, 0xE635, 0xE635, 0xE635, 0xDDB3, 0xD571, 0xD592, 0xC48E, 0xB40A, 0xAB87, 0xD4CB,
    0xE56D, 0xDD4D, 0xDD6D, 0xDD4D, 0xDD2D, 0xE5F0, 0xE5D0, 0xE58E, 0xE58E, 0xE58E, 0xE58E, 0xE58E, 0xDD4D, 0xDD4D, 0xDD4C, 0xDCEC,
    0xDD6E, 0xEE73, 0xEE53, 0xDDB1, 0xDDB0, 0xD4ED, 0xD4CC, 0xD50D, 0xDD2E, 0xDD2E, 0xDD4E, 0xDD2E, 0xDD90, 0xEE94, 0xEEB5, 0xDDB1,
    0xDD91, 0xF6F7, 0xF779, 0xE654, 0xEE54, 0xE5F2, 0xEE74, 0xF738, 0xEE95, 0xEE34, 0xEE34, 0xF6D6, 0xE654, 0xE613, 0xE634, 0xEE34,
    0xE613, 0xE613, 0xDDB2, 0xDDB2, 0xE613, 0xEE54, 0xEE34, 0xEE34, 0xEE55, 0xEE55, 0xEE55, 0xEE55, 0xEE55, 0xEE55, 0xEE55, 0xEE55,
    0xEE55, 0xEE55, 0xEE55, 0xEE55, 0xEE55, 0xEE34, 0xEE54, 0xEE34, 0xE634, 0xE634, 0xEE34, 0xEE33, 0xEE33, 0xEE53, 0xEE54, 0xEE54,
    0xEE54, 0xEE34, 0xEE34, 0xEE34, 0xCD50, 0xCD51, 0xEE55, 0xEE55, 0xEE55, 0xEE75, 0xEE75, 0xEE55, 0xEE55, 0xF6D7, 0xB44C, 0x9AC4,
    0xE4EA, 0xD489, 0xD489, 0xD489, 0xD489, 0xDC89, 0xDCA9, 0xD4A9, 0xDCCA, 0xE52C, 0xED8D, 0xB3A7, 0x71C2, 0x7A03, 0x8264, 0x8264,
    0x92C5, 0x92E6, 0x9B06, 0xAB88, 0xAB66, 0xAB66, 0xBBA7, 0xE4C9, 0xE4E9, 0xE4C9, 0xE4C9, 0xDC88, 0xDC67, 0xDD2C, 0xDD8F, 0xEDCE,
    0xEDAD, 0xE52A, 0xE52A, 0xED4B, 0xED4B, 0xED4B, 0xED4B, 0xED2A, 0xFDEC, 0xCC28, 0x79C2, 0xF691, 0xFEF2, 0xFED2, 0xFED2, 0xFED2,
    0xFEF2, 0xFF34, 0xFF55, 0xFF97, 0xFFB9, 0xFFD9, 0xFFB9, 0xFFB9, 0xFFD9, 0xFFD9, 0xFFD9, 0xFFD9, 0xFFD9, 0xFFD9, 0xFFD9, 0xFFD9,
    0xFFD9, 0xFFD9, 0xFFD9, 0xFFD9, 0xFFD9, 0xFFD9, 0xFFD9, 0xFFD9, 0xFFD9, 0xFFD9, 0xFFD9, 0xFFD9, 0xFFD9, 0xFFF9, 0xFF75, 0xFF13,
    0xDD6F, 0xDD90, 0xDDB0, 0xDDB0, 0xDDB0, 0xDD90, 0xDD90, 0xDD90, 0xDD90, 0xE590, 0xDD6F, 0xDD8F, 0xDD8F, 0xDD6F, 0xDD6F, 0xDD2D,
    0xDD0C, 0xDD0C, 0xE50C, 0xE50C, 0xE54C, 0xF5CE, 0xF5CD, 0xFDEE, 0xFE0E, 0xFE2E, 0xFE4E, 0xFE4E, 0xFE4F, 0xFE4F, 0xFE90, 0xFE90,
    0xFE90, 0xFE90, 0xFE90, 0xFEF2, 0xFF75, 0xFF96, 0xFF96, 0xFF96, 0xFFB6, 0xFFD7, 0xFFD8, 0xFFD8, 0xFFD8, 0xFFD8, 0x9AC5, 0xCD91,
    0xFFFD, 0xFFDB, 0xFFFA, 0xEED7, 0xEE76, 0xEE76, 0xE615, 0xE635, 0xE635, 0xDDD3, 0xD592, 0xD592, 0xD592, 0xDD72, 0x92C6, 0xD4CB,
    0xE58E, 0xDD6D, 0xE56D, 0xE54D, 0xDD6D, 0xE631, 0xE5AF, 0xE56D, 0xE58E, 0xE58E, 0xE5AE, 0xE58E, 0xD4EB, 0xDCCB, 0xDD0C, 0xDD4D,
    0xDDF1, 0xEEF5, 0xE672, 0xCCAB, 0xD48B, 0xD4CC, 0xD4ED, 0xD50E, 0xDD2E, 0xDD2E, 0xD50E, 0xE633, 0xF757, 0xDE12, 0xDD70, 0xE5B1,
    0xE633, 0xF79A, 0xF739, 0xE613, 0xE612, 0xE613, 0xF717, 0xF6F7, 0xE633, 0xEE34, 0xEE95, 0xE695, 0xDDD2, 0xEE75, 0xE614, 0xE614,
    0xDDB2, 0xDDB2, 0xDDB2, 0xE5F3, 0xEE55, 0xEE34, 0xEE34, 0xEE34, 0xEE55, 0xEE55, 0xEE55, 0xEE55, 0xEE55, 0xEE55, 0xEE55, 0xEE55,
    0xEE55, 0xEE55, 0xEE75, 0xEE76, 0xEE54, 0xE613, 0xE613, 0xE613, 0xE633, 0xE633, 0xE633, 0xEE34, 0xEE34, 0xEE34, 0xEE34, 0xEE34,
    0xF695, 0xDDD2, 0xAC4D, 0xB48E, 0xCD30, 0xE634, 0xEE54, 0xEE55, 0xEE55, 0xEE75, 0xEE55, 0xF696, 0xF696, 0x9B8A, 0x9B47, 0xD48A,
    0xD489, 0xD489, 0xDC89, 0xDC89, 0xD489, 0xD489, 0xDCA9, 0xDCAA, 0xDCAA, 0xDCAA, 0xDCCA, 0x9B05, 0x71E3, 0x7A03, 0x7A44, 0x8244,
    0x8264, 0x8264, 0x8A85, 0xA347, 0xB3C7, 0xAB67, 0xB386, 0xDC88, 0xD468, 0xD488, 0xDCA8, 0xE4C8, 0xE4E9, 0xD447, 0xBB46, 0xCC6A,
    0xEDAD, 0xEDCE, 0xE5AD, 0xE50A, 0xE52B, 0xE52B, 0xED2B, 0xED6B, 0xED4A, 0xED2A, 0xC429, 0x92C5, 0xF691, 0xFF53, 0xFED2, 0xFEF2,
    0xFEF2, 0xFED2, 0xFED2, 0xFF34, 0xFF55, 0xFF76, 0xFFD9, 0xFFD9, 0xFFD9, 0xFFD9, 0xFFD9, 0xFFD9, 0xFFD9, 0xFFD9, 0xFFD9, 0xFFD9,
    0xFFD9, 0xFFD9, 0xFFDA, 0xFFD9, 0xFFD9, 0xFFD9, 0xFFD9, 0xFFD9, 0xFFB8, 0xFFB8, 0xFFB7, 0xFF97, 0xFF97, 0xFF97, 0xFF97, 0xFF76,
    0xDD4E, 0xDD90, 0xE5B0, 0xE590, 0xDD90, 0xE590, 0xE590, 0xE590, 0xE58F, 0xDD2D, 0xDD0C, 0xDD0C, 0xDD0C, 0xE50C, 0xDD0C, 0xE52C,
    0xED8D, 0xF5AD, 0xF5AD, 0xF5AD, 0xF5CD, 0xFE2E, 0xFE4E, 0xFE4E, 0xFE4E, 0xFE4E, 0xFE4E, 0xFE4F, 0xFE6F, 0xFE6F, 0xFF12, 0xFF33,
    0xFF33, 0xFF33, 0xFF53, 0xFFB6, 0xFFD8, 0xFFD8, 0xFFD8, 0xFFD8, 0xFFD8, 0xFFD8, 0xFFD8, 0xFFD8, 0xFFD8, 0xFFF9, 0xA388, 0xCD91,
    0xF75A, 0xF7BA, 0xFFFB, 0xF718, 0xF6D7, 0xF6B7, 0xE655, 0xE635, 0xE635, 0xEE55, 0xE614, 0xDDD3, 0xDDD3, 0xDDB2, 0xBC4C, 0xA326,
    0xCCCB, 0xE58E, 0xE56D, 0xDD2D, 0xE610, 0xEE31, 0xDD4D, 0xE58E, 0xE58E, 0xDD4D, 0xDD2C, 0xDD0C, 0xD4CB, 0xD4AA, 0xDD8F, 0xEEF5,
    0xE653, 0xD4AA, 0xD4CB, 0xD4EC, 0xD4EC, 0xD4EC, 0xD4ED, 0xD50E, 0xDD0D, 0xDD2E, 0xEED5, 0xEED5, 0xE5D2, 0xDD6F, 0xDD90, 0xE653,
    0xF737, 0xEE74, 0xDDD2, 0xE5D2, 0xDDB1, 0xF77A, 0xEED6, 0xE613, 0xE633, 0xE5F3, 0xF738, 0xE634, 0xDDD2, 0xEEB5, 0xE613, 0xE614,
    0xDDB2, 0xE5D3, 0xDDB2, 0xE613, 0xEE55, 0xEE54, 0xEE34, 0xEE55, 0xEE55, 0xEE55, 0xEE55, 0xEE55, 0xEE55, 0xEE55, 0xEE55, 0xEE55,
    0xEE55, 0xEE55, 0xE634, 0xEE34, 0xEE54, 0xE634, 0xE633, 0xE633, 0xEE33, 0xEE33, 0xE633, 0xE633, 0xEE33, 0xEE33, 0xE634, 0xEE74,
    0xDDB1, 0xCCEF, 0xDDD2, 0xDDD3, 0xDDD3, 0xEE34, 0xEE55, 0xEE55, 0xEE75, 0xEE55, 0xEE76, 0xDDD3, 0xD571, 0x9B47, 0xB3A7, 0xDCCA,
    0xD489, 0xDC89, 0xDC89, 0xDC89, 0xDC89, 0xDC89, 0xDC89, 0xDCA9, 0xDCAA, 0xDCAA, 0xDCCA, 0x8A64, 0x71E3, 0x7A23, 0x7A24, 0x7A24,
    0x8244, 0x8A85, 0x8265, 0x92E5, 0xCC48, 0xD469, 0xBBE7, 0xAB25, 0xAB26, 0xBB86, 0xDCA9, 0xD448, 0xCC48, 0xCC28, 0xC3E8, 0xBBA7,
    0xBBC7, 0xBBC7, 0xC449, 0xD4CA, 0xD4AA, 0xD4AA, 0xDCCA, 0xE52B, 0xE52B, 0xED4B, 0xF5AC, 0xA306, 0x92A5, 0xD56E, 0xFF13, 0xFED2,
    0xFEF2, 0xFEF2, 0xFEF2, 0xFED2, 0xFED1, 0xFEF2, 0xFF76, 0xFF97, 0xFFD9, 0xFFD9, 0xFFD9, 0xFFD9, 0xFFD9, 0xFFD9, 0xFFD9, 0xFFD9,
    0xFFD9, 0xFFF9, 0xFFD9, 0xFFD9, 0xFFD9, 0xFFD9, 0xFFD9, 0xFFB9, 0xFF35, 0xFF14, 0xFEF3, 0xFEF3, 0xFED3, 0xFED3, 0xFED3, 0xFEF3,
    0xE56E, 0xE590, 0xDD4F, 0xDD2E, 0xDD2E, 0xDD2D, 0xDD2D, 0xDD2D, 0xDD0D, 0xDD0C, 0xE50C, 0xE50C, 0xED4C, 0xF5AE, 0xF5AE, 0xFDEE,
    0xFE4F, 0xFE4F, 0xFE4F, 0xFE4F, 0xFE2F, 0xFE2E, 0xFE2F, 0xFE2F, 0xFE4F, 0xFE4F, 0xFE4E, 0xFEB0, 0xFF12, 0xFF54, 0xFF74, 0xFF75,
    0xFF76, 0xFF96, 0xFF96, 0xFFD8, 0xFFD8, 0xFFD8, 0xFFD8, 0xFFD8, 0xFFD8, 0xFFD8, 0xFFD8, 0xFFD8, 0xFFD8, 0xFFD8, 0xFFFA, 0xD5D1,
    0x9B06, 0xFFFA, 0xFFDA, 0xFF79, 0xF718, 0xF6F7, 0xEEB7, 0xE655, 0xEE55, 0xEE55, 0xDDF4, 0xDDD3, 0xDDD3, 0xDDD2, 0xCD0F, 0x8223,
    0xCC8B, 0xEDCE, 0xDD4D, 0xE58E, 0xEE92, 0xE56E, 0xE56D, 0xE56D, 0xE58E, 0xDD0C, 0xD4AB, 0xD489, 0xD54D, 0xF6F6, 0xEE52, 0xD4EB,
    0xDCEC, 0xDCEC, 0xDD0D, 0xDD0D, 0xDD0D, 0xDD2D, 0xDD0D, 0xDD0D, 0xE632, 0xEEF6, 0xE653, 0xDD90, 0xDD4F, 0xD54F, 0xEED6, 0xEEF6,
    0xE5F2, 0xDDB1, 0xE5D2, 0xDDB1, 0xEED6, 0xEED7, 0xE613, 0xE5F3, 0xE5F2, 0xE675, 0xE675, 0xDDB2, 0xEEB5, 0xEE95, 0xDDF2, 0xE613,
    0xDDD2, 0xDDD3, 0xDDD3, 0xE634, 0xEE55, 0xEE55, 0xEE55, 0xEE55, 0xEE55, 0xEE55, 0xEE55, 0xEE55, 0xEE55, 0xEE55, 0xEE55, 0xEE75,
    0xEE55, 0xE614, 0xE5F3, 0xE613, 0xE634, 0xE633, 0xE633, 0xE633, 0xEE33, 0xEE33, 0xEE33, 0xEE33, 0xEE33, 0xEE54, 0xEE54, 0xE5F3,
    0xD571, 0xD551, 0xE634, 0xE614, 0xE614, 0xEE35, 0xEE55, 0xEE55, 0xEE55, 0xEE55, 0xF6F7, 0xBC8E, 0x71C1, 0xC429, 0xDCAA, 0xD489,
    0xDC89, 0xDCA9, 0xDCA9, 0xDCA9, 0xD4A9, 0xD4A9, 0xDCAA, 0xDCAA, 0xDCAA, 0xDCAA, 0xDCCA, 0x8A84, 0x71E3, 0x7A03, 0x7A23, 0x7A44,
    0x8244, 0x8264, 0x8244, 0x92E5, 0x9AE5, 0xA305, 0xAB46, 0xBBC7, 0xC408, 0xAB66, 0xA325, 0xBBA7, 0xC3E8, 0xC3C8, 0xC3C8, 0xBBC8,
    0xBBC7, 0xBBC7, 0xBBC8, 0xBBE8, 0xBBC8, 0xCC49, 0xD4CB, 0xD4CA, 0xDCEB, 0xE52B, 0xED6B, 0xBC08, 0x81E2, 0xB42A, 0xFF54, 0xFED2,
    0xFEF2, 0xFEF2, 0xFEF2, 0xFED2, 0xFED1, 0xFED2, 0xFEF2, 0xFEF3, 0xFF75, 0xFF76, 0xFFB8, 0xFFD9, 0xFFD9, 0xFFD9, 0xFFD9, 0xFFD9,
    0xFF35, 0xFF13, 0xFF14, 0xFF14, 0xFF14, 0xFF14, 0xFF14, 0xFF14, 0xFED3, 0xFED2, 0xFED2, 0xFED2, 0xFED2, 0xFED2, 0xFED2, 0xFED2,
    0xDCEC, 0xDD0D, 0xDD0D, 0xDD0C, 0xDD0C, 0xDCEC, 0xDCEC, 0xDCEC, 0xDCEC, 0xED6D, 0xFDED, 0xF5ED, 0xFE0E, 0xFE2F, 0xFE2F, 0xFE2F,
    0xFE4F, 0xFE2F, 0xFE2F, 0xFE2F, 0xFE2E, 0xFE2F, 0xFE4F, 0xFE2F, 0xFE4F, 0xFE4F, 0xFE4F, 0xFEB0, 0xFF54, 0xFF97, 0xFF97, 0xFFB7,
    0xFFD8, 0xFFD8, 0xFFD8, 0xFFD8, 0xFFD8, 0xFFD8, 0xFFD8, 0xFFD8, 0xFFD8, 0xFFD8, 0xFFD8, 0xFFD8, 0xFFD8, 0xFFF9, 0xFFFA, 0xF797,
    0xE652, 0x9389, 0xF799, 0xFFDA, 0xF758, 0xF6D7, 0xF6F8, 0xEE76, 0xEE76, 0xE614, 0xDDB3, 0xDDD3, 0xDDD3, 0xDDD3, 0xCD0F, 0x8A85,
    0xB3C9, 0xD50C, 0xE56E, 0xE5AE, 0xF6B4, 0xDD0C, 0xDD2C, 0xDD2C, 0xDD0C, 0xD4CB, 0xD48A, 0xE611, 0xEE94, 0xDD6E, 0xDD6E, 0xDD4E,
    0xDD2D, 0xDD0D, 0xDD4D, 0xDD4E, 0xDD4E, 0xDD2D, 0xD50D, 0xE5F1, 0xEEF5, 0xE612, 0xDD4F, 0xDD2E, 0xDD90, 0xEEF6, 0xEEF6, 0xE5D2,
    0xE5B1, 0xE5D2, 0xDDB1, 0xDDF3, 0xEEF7, 0xE612, 0xDDD2, 0xDDD2, 0xDD91, 0xF738, 0xDE13, 0xDDB1, 0xF6F7, 0xDDD2, 0xDDD2, 0xDDD2,
    0xDDD2, 0xE5F3, 0xE634, 0xEE34, 0xEE55, 0xEE55, 0xEE55, 0xEE55, 0xEE55, 0xEE55, 0xEE55, 0xEE55, 0xEE55, 0xEE54, 0xEE34, 0xEE34,
    0xEE34, 0xE613, 0xE613, 0xE613, 0xE613, 0xE613, 0xE633, 0xE633, 0xEE33, 0xEE33, 0xEE33, 0xEE33, 0xEE54, 0xE613, 0xD592, 0xC4EF,
    0xD571, 0xE614, 0xE614, 0xE614, 0xE634, 0xEE55, 0xEE76, 0xEE55, 0xF696, 0xE614, 0x9B48, 0x92E6, 0xC449, 0xD48A, 0xD48A, 0xDC8A,
    0xDCA9, 0xDCA9, 0xDCAA, 0xDCAA, 0xDD0B, 0xE56C, 0xE56C, 0xE56C, 0xDCEB, 0xDCAA, 0xDCCA, 0x8A64, 0x71C2, 0x7A03, 0x7A23, 0x7A24,
    0x7A44, 0x7A44, 0x7A43, 0x8264, 0x9AC5, 0xA305, 0xA305, 0xAB46, 0xAB66, 0xA326, 0x9AE5, 0xBBA7, 0xC408, 0xBBE8, 0xBBE8, 0xBBE8,
    0xBBE8, 0xBBC8, 0xAB67, 0xAB46, 0xAB46, 0xB3A8, 0xBBE8, 0xBBE8, 0xB3C8, 0xD48A, 0xE52A, 0xF5AC, 0xB366, 0xA3A9, 0xF6F2, 0xFED2,
    0xFEF2, 0xFEF2, 0xFED2, 0xFED2, 0xFED1, 0xFED1, 0xFED1, 0xFEF2, 0xFED2, 0xFED2, 0xFF55, 0xFF76, 0xFF55, 0xFF55, 0xFF55, 0xFF55,
    0xFEF3, 0xFEB1, 0xFED2, 0xFEB2, 0xFED2, 0xFED2, 0xFED2, 0xFEB2, 0xFED2, 0xFED2, 0xFED2, 0xFEB2, 0xFED2, 0xFED2, 0xFED2, 0xFED2,
    0xDCCA, 0xDCCB, 0xE50C, 0xED4D, 0xED4D, 0xED8D, 0xF5AE, 0xEDAE, 0xF5AD, 0xFE0E, 0xFE4F, 0xFE4F, 0xFE4F, 0xFE4F, 0xFE4F, 0xFE4F,
    0xFE2F, 0xFE2F, 0xFE2F, 0xFE2F, 0xFE2E, 0xFE2F, 0xFE4F, 0xFE4F, 0xFE90, 0xFE90, 0xFE90, 0xFED0, 0xFF34, 0xFFB8, 0xFFB9, 0xFFD8,
    0xFFD8, 0xFFD8, 0xFFD8, 0xFFD8, 0xFFD8, 0xFFD8, 0xFFD8, 0xFFD8, 0xFFD8, 0xFFD8, 0xFFD8, 0xFFD8, 0xFFD8, 0xFFD8, 0xFFD8, 0xFFF9,
    0xFFF9, 0xC56F, 0xAC0B, 0xE6D6, 0xFFDB, 0xF7BA, 0xF738, 0xEE76, 0xEE76, 0xE635, 0xDDB3, 0xDDD3, 0xDDD3, 0xDDD3, 0xD571, 0xD551,
    0xA347, 0xBC28, 0xEDAE, 0xEE10, 0xE5F0, 0xDD0C, 0xDD0C, 0xDCEB, 0xDD2D, 0xE611, 0xF716, 0xE611, 0xE5AF, 0xDD4D, 0xDD6E, 0xDD6E,
    0xDD6E, 0xDD6E, 0xDD6E, 0xDD4E, 0xDD2D, 0xDD6F, 0xE611, 0xE5D1, 0xDD4F, 0xD52E, 0xD54F, 0xE654, 0xF717, 0xEEB5, 0xDDB1, 0xE5B1,
    0xE5D2, 0xDDB1, 0xE613, 0xFFBA, 0xDDD2, 0xDDD1, 0xDDD2, 0xDDD2, 0xEEB6, 0xE654, 0xDDB1, 0xDDD2, 0xEF17, 0xDDD2, 0xDDD2, 0xDDD2,
    0xDDD2, 0xE5F3, 0xE5F3, 0xE634, 0xEE55, 0xEE54, 0xE634, 0xEE55, 0xEE55, 0xEE55, 0xEE54, 0xEE54, 0xEE54, 0xEE34, 0xE5F2, 0xE5F2,
    0xE5F3, 0xE613, 0xE613, 0xE613, 0xE613, 0xE633, 0xE633, 0xE633, 0xE653, 0xEE53, 0xEE54, 0xE613, 0xE5F3, 0xD571, 0xCD10, 0xDDB2,
    0xDDF3, 0xEE35, 0xE635, 0xEE55, 0xEE75, 0xEE76, 0xEE75, 0xF6B6, 0xE614, 0xBC8E, 0x9AE6, 0xAB87, 0xD4AB, 0xD4AA, 0xD4AA, 0xD4A9,
    0xDCA9, 0xDCA9, 0xDCA9, 0xDCAA, 0xDCEA, 0xDD0B, 0xDD0B, 0xDD0B, 0xDCCA, 0xDCCA, 0xDCCA, 0xA346, 0x92A5, 0x8AA5, 0x7A23, 0x7A44,
    0x7A43, 0x7A43, 0x8244, 0x7A03, 0x92A5, 0xA326, 0x9B06, 0x9AE5, 0xA2E5, 0xA306, 0xA305, 0xB387, 0xC3E8, 0xC408, 0xC3E8, 0xBBC7,
    0xBBA7, 0xB387, 0xAB67, 0xAB67, 0xAB67, 0xAB47, 0xA347, 0xAB47, 0xA347, 0xB3A8, 0xBBE8, 0xD489, 0xDCA9, 0xAB87, 0x8284, 0xF6D2,
    0xFF12, 0xFED2, 0xFED2, 0xFEF2, 0xFEF2, 0xFEF2, 0xFF34, 0xFF55, 0xFF55, 0xFF55, 0xFF77, 0xFF34, 0xFED1, 0xFEB1, 0xFEB1, 0xFEB2,
    0xFED2, 0xFED2, 0xFED2, 0xFED2, 0xFED2, 0xFED2, 0xFED2, 0xFED2, 0xFED2, 0xFED2, 0xFED2, 0xFED2, 0xFED2, 0xFED2, 0xFED2, 0xFED2,
    0xDCCB, 0xDCEB, 0xED6D, 0xF5AE, 0xF5CF, 0xFE4F, 0xFE90, 0xFE70, 0xFE70, 0xFE6F, 0xFE4F, 0xFE4F, 0xFE4F, 0xFE4F, 0xFE4F, 0xFE2F,
    0xFE2F, 0xFE4F, 0xFE2F, 0xFE4F, 0xFE70, 0xFE91, 0xFE90, 0xFEF2, 0xFF75, 0xFF95, 0xFF95, 0xFF74, 0xFF74, 0xFF96, 0xFFB7, 0xFFD8,
    0xFFD8, 0xFFD8, 0xFFD8, 0xFFD8, 0xFFD8, 0xFFD8, 0xFFD8, 0xFFD8, 0xFFD8, 0xFFD8, 0xFFD8, 0xFFD8, 0xFFD8, 0xFFD8, 0xFFD9, 0xFFD8,
    0xFFFA, 0xF736, 0x7100, 0xDDF3, 0xFFFE, 0xFFFB, 0xFF79, 0xEE96, 0xE635, 0xE614, 0xDDD3, 0xDDD3, 0xDDD3, 0xDDB3, 0xD592, 0xDDD2,
    0xAB89, 0xAB46, 0xDD2C, 0xF6B3, 0xDD6E, 0xDD0C, 0xDD4D, 0xDD6E, 0xEE94, 0xEEB5, 0xEE53, 0xDD6E, 0xDD6D, 0xE58E, 0xE58E, 0xE56E,
    0xDD6E, 0xDD6E, 0xDD6E, 0xDD4E, 0xDDAF, 0xE653, 0xEE94, 0xD50E, 0xD52F, 0xDD2F, 0xD590, 0xF758, 0xEEF6, 0xDDB0, 0xE5B1, 0xDDD1,
    0xDDB1, 0xE5F2, 0xEED6, 0xE654, 0xE5D1, 0xDDD2, 0xE5D1, 0xD5B1, 0xF77A, 0xE634, 0xDD90, 0xDDF2, 0xF717, 0xDDD2, 0xDDD2, 0xDDD2,
    0xDDD2, 0xDDD2, 0xDDD2, 0xEE34, 0xEE34, 0xE5F3, 0xE613, 0xEE34, 0xE614, 0xEE34, 0xE634, 0xE613, 0xE5F3, 0xE5F3, 0xE5F3, 0xE5F2,
    0xE5F3, 0xE5F3, 0xE613, 0xE613, 0xE613, 0xE633, 0xE633, 0xEE33, 0xEE33, 0xE633, 0xEE54, 0xD591, 0xC4AF, 0xC4EF, 0xD592, 0xEE75,
    0xEE55, 0xEE55, 0xEE55, 0xEE75, 0xEE75, 0xEE75, 0xEE55, 0xEE75, 0xB4AE, 0x7203, 0xBC09, 0xDD2C, 0xD4AA, 0xD4AA, 0xD4A9, 0xD4A9,
    0xDCA9, 0xDCA9, 0xDCA9, 0xDCA9, 0xDCA9, 0xDCCA, 0xDCCA, 0xDCCA, 0xDCCA, 0xDCCA, 0xDCCA, 0xD4AA, 0xC44A, 0xAB87, 0x7A03, 0x7A44,
    0x7A44, 0x7A44, 0x7A44, 0x7A23, 0x8A64, 0x92A5, 0x9B06, 0xA326, 0xA306, 0xA306, 0xA326, 0xA305, 0xB367, 0xB3A7, 0xBBE8, 0xC3E8,
    0xBBC7, 0xB387, 0xAB46, 0xAB47, 0xAB47, 0xAB67, 0xAB67, 0xAB67, 0xAB68, 0xAB47, 0xAB47, 0xC408, 0xDCEA, 0xB3C8, 0x7A03, 0xFF54,
    0xFF55, 0xFF14, 0xFF55, 0xFF75, 0xFF75, 0xFF75, 0xFFB8, 0xFFD9, 0xFFD9, 0xFFD9, 0xFFD9, 0xFFB8, 0xFF34, 0xFF13, 0xFEF3, 0xFED2,
    0xFED2, 0xFED2, 0xFED2, 0xFED2, 0xFED2, 0xFED2, 0xFED2, 0xFED2, 0xFED2, 0xFED2, 0xFED2, 0xFED2, 0xFED2, 0xFED2, 0xFED2, 0xFED3,
    0xE50C, 0xED4C, 0xFDEE, 0xFE4F, 0xFE4F, 0xFE4F, 0xFE4F, 0xFE4F, 0xFE6F, 0xFE4F, 0xFE4F, 0xFE4F, 0xFE4F, 0xFE4F, 0xFE4F, 0xFE4F,
    0xFE70, 0xFE70, 0xFE70, 0xFE91, 0xFEF3, 0xFF13, 0xFF14, 0xFF55, 0xFFB7, 0xFFF8, 0xFFF8, 0xFFD7, 0xFF74, 0xFF73, 0xFF94, 0xFFD7,
    0xFFD8, 0xFFD8, 0xFFD8, 0xFFD8, 0xFFD8, 0xFFD8, 0xFFD8, 0xFFD8, 0xFFD8, 0xFFD8, 0xFFD8, 0xFFD8, 0xFFD7, 0xFFD7, 0xFFB8, 0xFFB8,
    0xFFF9, 0xE6D4, 0x9AE5, 0xCD70, 0xE6D8, 0xFFFC, 0xFF79, 0xEE96, 0xE5F4, 0xDDD3, 0xDDD3, 0xDDD3, 0xDDD3, 0xDDB3, 0xDDB3, 0xD592,
    0xD530, 0xA347, 0xC409, 0xF6B2, 0xDD6E, 0xD50C, 0xE5F1, 0xF6F6, 0xEEB4, 0xE5AF, 0xDD4D, 0xE58E, 0xDD8E, 0xE58E, 0xE58F, 0xE58E,
    0xDD8E, 0xDD6F, 0xDD6F, 0xDD8F, 0xF737, 0xDE12, 0xD4ED, 0xDD4F, 0xD4EE, 0xE612, 0xF779, 0xDDF2, 0xDD90, 0xE5B1, 0xE5D1, 0xE5D1,
    0xDDB1, 0xEEB5, 0xF717, 0xDDB1, 0xE5D2, 0xDDD1, 0xDDD2, 0xEEF7, 0xDE13, 0xDDD1, 0xDDD2, 0xEEF7, 0xDE13, 0xDDD2, 0xDDD2, 0xDDF2,
    0xDDD2, 0xE5F3, 0xE5F3, 0xE5F3, 0xE5F2, 0xDDD2, 0xE5F3, 0xE5F2, 0xDDD2, 0xEE34, 0xE613, 0xDDD2, 0xE5F3, 0xE5F3, 0xE5F2, 0xE5F2,
    0xE5F2, 0xE5F3, 0xE613, 0xE613, 0xE613, 0xE613, 0xE633, 0xEE33, 0xEE54, 0xD5B1, 0xBCCE, 0xC50F, 0xDDB2, 0xE613, 0xEE55, 0xEE55,
    0xEE55, 0xEE55, 0xEE75, 0xEE56, 0xEE55, 0xEE76, 0xFF18, 0x9B69, 0x8A64, 0xD50C, 0xD4CC, 0xD4CB, 0xD4AA, 0xD4AA, 0xD4A9, 0xDCA9,
    0xD489, 0xDC89, 0xDCA9, 0xDCCA, 0xDCCA, 0xDCCA, 0xDCCA, 0xDCCA, 0xDCCA, 0xDCAA, 0xDCAA, 0xD4AA, 0xD4AA, 0xA346, 0x7A23, 0x7A44,
    0x7A44, 0x7A44, 0x8244, 0x8244, 0x8244, 0x8223, 0x92A4, 0x9AC5, 0x9AC5, 0xA326, 0xA326, 0xA326, 0xA326, 0xA305, 0xBBA7, 0xCC48,
    0xCC48, 0xC408, 0xBBC7, 0xBBC7, 0xAB67, 0xAB47, 0xAB67, 0xAB47, 0xAB47, 0xAB47, 0xAB47, 0xB3A8, 0xBBC8, 0xB3A8, 0xB3A8, 0x82C6,
    0xDE53, 0xFFF9, 0xFFB8, 0xFFD8, 0xFFD8, 0xFFD9, 0xFFD9, 0xFFD9, 0xFFD9, 0xFFD8, 0xFFD8, 0xFFD9, 0xFFD9, 0xFFD8, 0xFF97, 0xFEF3,
    0xFED2, 0xFED2, 0xFED2, 0xFED2, 0xFED2, 0xFED2, 0xFED2, 0xFED2, 0xFED2, 0xFED2, 0xFED2, 0xFED2, 0xFED3, 0xFED2, 0xFED3, 0xFED3,
    0xFDEE, 0xFDEE, 0xFE0F, 0xFE4F, 0xFE4F, 0xFE6F, 0xFE4F, 0xFE4F, 0xFE4F, 0xFE4F, 0xFE4F, 0xFE4F, 0xFE4F, 0xFE4F, 0xFE4F, 0xFE91,
    0xFF34, 0xFF34, 0xFF34, 0xFF55, 0xFF96, 0xFF97, 0xFFB7, 0xFFB7, 0xFFD8, 0xFFF8, 0xFFD8, 0xFFD8, 0xFFB7, 0xFF74, 0xFF94, 0xFFD7,
    0xFFD8, 0xFFD9, 0xFFD9, 0xFFD8, 0xFFD8, 0xFFD8, 0xFFD8, 0xFFD8, 0xFFD8, 0xFFD8, 0xFFD8, 0xFF96, 0xFF34, 0xFF33, 0xFF33, 0xFF54,
    0xFF54, 0xFF53, 0xFFF6, 0xB42A, 0xAC0B, 0xFFFD, 0xFF79, 0xEE96, 0xDDF4, 0xDDD3, 0xDDD3, 0xDDB3, 0xDDB3, 0xDDB3, 0xDDD3, 0xDDB3,
    0xDDB2, 0xAB88, 0xAB46, 0xDDAE, 0xE611, 0xF6D6, 0xEE73, 0xE56D, 0xE56E, 0xE58E, 0xE58E, 0xE58E, 0xE58E, 0xDD8E, 0xDD8F, 0xE58F,
    0xE58F, 0xD54F, 0xEE74, 0xF717, 0xDD70, 0xD52E, 0xDD4F, 0xD4EE, 0xE674, 0xF738, 0xDDD1, 0xDDD1, 0xE5D1, 0xDDD1, 0xE5D1, 0xDDD1,
    0xE633, 0xEEF6, 0xDD91, 0xE5D2, 0xDDD2, 0xE5D2, 0xDDB1, 0xF79A, 0xDDF2, 0xDDB1, 0xDDF3, 0xF759, 0xDDD2, 0xDDD2, 0xDDF2, 0xE5F2,
    0xE5F2, 0xE5F3, 0xE5F3, 0xE5F2, 0xDDF2, 0xDDF2, 0xDDD2, 0xDDF2, 0xDDD2, 0xE5F3, 0xE5F3, 0xDDF2, 0xE5F2, 0xE5F3, 0xE5F3, 0xE5F3,
    0xE5F2, 0xE5F2, 0xE612, 0xE613, 0xEE33, 0xEE54, 0xDDD2, 0xCD0F, 0xCD30, 0xD570, 0xDDB2, 0xDDB2, 0xDDB2, 0xEE55, 0xEE75, 0xEE55,
    0xEE75, 0xEE75, 0xEE75, 0xF696, 0xFED8, 0xD5B2, 0xA3CA, 0xABC9, 0xC409, 0xDCEC, 0xD4EB, 0xD4CB, 0xD4AA, 0xD4AA, 0xD4A9, 0xDCA9,
    0xDCA9, 0xDCA9, 0xDCEB, 0xED8D, 0xED8D, 0xE50B, 0xDCCA, 0xDCEA, 0xDCCA, 0xD4AA, 0xD4AA, 0xD4AA, 0xD4AB, 0xA367, 0x7A23, 0x7A44,
    0x7A44, 0x7A44, 0x8244, 0x8244, 0x8244, 0x8244, 0x8A84, 0x9285, 0x9AA5, 0xA326, 0xA326, 0xA326, 0xA326, 0xAB26, 0xAB26, 0xAB26,
    0xB386, 0xD468, 0xD4A9, 0xD468, 0xAB66, 0xAB47, 0xAB47, 0xAB47, 0xAB47, 0xAB47, 0xAB47, 0xB3C8, 0xBBE8, 0xBC08, 0xC409, 0x5900,
    0xD612, 0xFFFA, 0xFFB8, 0xFFD9, 0xFFD8, 0xFFD9, 0xFFD9, 0xFFD9, 0xFFD8, 0xFFD8, 0xFFD8, 0xFFD9, 0xFFD9, 0xFFD9, 0xFFD8, 0xFF77,
    0xFF96, 0xFF96, 0xFEF3, 0xFEB2, 0xFED2, 0xFED2, 0xFED2, 0xFED3, 0xFED3, 0xFED2, 0xFED2, 0xFED3, 0xFED3, 0xFED2, 0xFED2, 0xFED3,
    0xFDEE, 0xFDEE, 0xFE0E, 0xFE4F, 0xFE4F, 0xFE70, 0xFE6F, 0xFE6F, 0xFE4F, 0xFE4F, 0xFE4F, 0xFED1, 0xFF13, 0xFF33, 0xFF33, 0xFF34,
    0xFF55, 0xFF55, 0xFF75, 0xFF76, 0xFFB8, 0xFFD8, 0xFFD8, 0xFFD8, 0xFFD8, 0xFFF8, 0xFFD8, 0xFFD8, 0xFFD8, 0xFFB7, 0xFF95, 0xFF95,
    0xFFD7, 0xFFD8, 0xFFD8, 0xFFD9, 0xFFD8, 0xFF55, 0xFF54, 0xFF54, 0xFF54, 0xFF54, 0xFF54, 0xFF53, 0xFF32, 0xFF33, 0xFF33, 0xFF33,
    0xFF33, 0xFF13, 0xFFB5, 0xB429, 0xB42B, 0xFFFE, 0xFFBA, 0xEE76, 0xE635, 0xEE56, 0xEE76, 0xDDD4, 0xDDB3, 0xDDB3, 0xDDD3, 0xDDD4,
    0xDD92, 0xBC4C, 0xBC4B, 0xEEB5, 0xF716, 0xE5AF, 0xE5AF, 0xE5AE, 0xE58E, 0xE58E, 0xE58E, 0xE58E, 0xE58E, 0xE58E, 0xE58F, 0xDD6F,
    0xDD6F, 0xF6D5, 0xE632, 0xDD8F, 0xDD4F, 0xDD4F, 0xD52E, 0xE695, 0xEEB5, 0xE5F2, 0xDDD1, 0xE5D1, 0xDDD1, 0xDDD1, 0xDDB1, 0xE613,
    0xF737, 0xDDB1, 0xDDD1, 0xDDD2, 0xDDD2, 0xDDF2, 0xDE33, 0xE6B6, 0xDDF2, 0xDDB2, 0xE633, 0xF717, 0xDDF3, 0xDDF2, 0xE5F2, 0xE5F2,
    0xE5F2, 0xE5F3, 0xE5F3, 0xE5F3, 0xE5F3, 0xDDF2, 0xDDF2, 0xDDF2, 0xDDF2, 0xDDD2, 0xDDD2, 0xE5F2, 0xE5F2, 0xE5F2, 0xE5F2, 0xE5F2,
    0xE5F2, 0xE5F2, 0xE5F2, 0xE613, 0xDD91, 0xD571, 0xD550, 0xC4EF, 0xC4CF, 0xD550, 0xE5F3, 0xEE34, 0xE634, 0xEE55, 0xEE55, 0xEE75,
    0xEE75, 0xEE76, 0xEE76, 0xD571, 0xD572, 0xBC8E, 0x7A23, 0xBC2A, 0xE56E, 0xD4EC, 0xD4EC, 0xD4EB, 0xD4CA, 0xDCAA, 0xD489, 0xDCA9,
    0xDCA9, 0xED4C, 0xED8E, 0xE58E, 0xE58E, 0xED8D, 0xED8D, 0xED8D, 0xE56D, 0xE54D, 0xE58D, 0xB3C8, 0x8A84, 0x8264, 0x7A24, 0x7A24,
    0x7A24, 0x7A44, 0x8244, 0x8244, 0x8244, 0x8224, 0x9AE5, 0xA346, 0xA326, 0xA326, 0xA326, 0xA326, 0xA326, 0xAB26, 0xAB26, 0xAB26,
    0xAB26, 0xB3A6, 0xDCC9, 0xDCA9, 0xD468, 0xBBC8, 0xAB47, 0xAB67, 0xAB47, 0xAB47, 0xAB47, 0xB3A8, 0xB3C8, 0xBBE9, 0xBBE9, 0x6161,
    0xBD4F, 0xEF37, 0xFFD9, 0xFFB9, 0xFFB9, 0xFFD9, 0xFFD9, 0xFFD9, 0xFFD8, 0xFFD8, 0xFFD9, 0xFFD9, 0xFFD9, 0xFFD9, 0xFFD9, 0xFFD9,
    0xFFD9, 0xFFD8, 0xFF14, 0xFED2, 0xFEF3, 0xFED2, 0xFED2, 0xFED3, 0xFED3, 0xFED3, 0xFED3, 0xFED3, 0xFED3, 0xFED2, 0xFED2, 0xFED3,
    0xFDEE, 0xFDEE, 0xFE0E, 0xFE4F, 0xFE6F, 0xFE6F, 0xFE6F, 0xFE90, 0xFEF2, 0xFEF2, 0xFEF2, 0xFF33, 0xFF75, 0xFF75, 0xFF75, 0xFF96,
    0xFFB7, 0xFFB7, 0xFFB8, 0xFFB8, 0xFFB8, 0xFFD8, 0xFFD8, 0xFFD8, 0xFFD8, 0xFFD8, 0xFFD8, 0xFFD8, 0xFFD8, 0xFFD8, 0xFFB6, 0xFF53,
    0xFF53, 0xFF34, 0xFF34, 0xFF34, 0xFF34, 0xFF12, 0xFF12, 0xFF12, 0xFEF2, 0xFF12, 0xFF13, 0xFF32, 0xFF33, 0xFF33, 0xFF33, 0xFF33,
    0xFF33, 0xFF12, 0xFF74, 0xCD4D, 0xC50E, 0xCDD2, 0xDE54, 0xF718, 0xEE97, 0xEE56, 0xEE56, 0xEE55, 0xEE55, 0xE615, 0xDDD3, 0xDDB3,
    0xDDD3, 0xEED7, 0xEEF7, 0xCD0F, 0xCCCC, 0xF610, 0xE5AE, 0xE5AE, 0xE58E, 0xE58E, 0xE58E, 0xE58E, 0xE58E, 0xDD8E, 0xDD4D, 0xE5F1,
    0xE674, 0xE5D1, 0xDD90, 0xDD6F, 0xD54F, 0xD54E, 0xEEF6, 0xEED6, 0xE5F2, 0xDDB0, 0xE5D2, 0xDDD1, 0xE5D1, 0xDDD1, 0xE5F2, 0xE634,
    0xEED6, 0xDDD1, 0xDDD1, 0xDDD2, 0xDDD2, 0xDDF2, 0xF759, 0xDDB1, 0xDDD2, 0xDE13, 0xF6F6, 0xDDF2, 0xE5F2, 0xE5F2, 0xE5F2, 0xE5F2,
    0xE5F3, 0xE5F3, 0xE5F3, 0xE5F3, 0xE5F3, 0xE5F2, 0xE5F2, 0xDDF2, 0xDDF2, 0xDDF2, 0xDDF2, 0xE5F3, 0xE5F2, 0xE5F2, 0xE5F2, 0xE5F2,
    0xE5F2, 0xE613, 0xD591, 0xCD50, 0xCD0F, 0xC4CE, 0xD571, 0xE614, 0xE5F3, 0xE614, 0xEE34, 0xEE75, 0xEE75, 0xEE75, 0xEE55, 0xEE75,
    0xEE75, 0xEE76, 0xEE75, 0x9B27, 0x8223, 0x9B26, 0xDD4E, 0xD50D, 0xDD0D, 0xDD0D, 0xDD0C, 0xDD0C, 0xDD0B, 0xDCEB, 0xDCAA, 0xDCA9,
    0xDCA9, 0xDCEB, 0xDD0B, 0xE56D, 0xED8E, 0xE58D, 0xE58D, 0xED8E, 0xE58E, 0xE58E, 0xE58E, 0xD4CB, 0x9B26, 0x7A03, 0x8224, 0x7A24,
    0x8244, 0x8244, 0x8244, 0x8224, 0x8244, 0x8224, 0x8A64, 0x92A5, 0x9AC5, 0xA326, 0xA326, 0xA326, 0xA326, 0xAB26, 0xAB26, 0xAB26,
    0xAB26, 0xAB46, 0xBBC8, 0xBBC7, 0xD489, 0xC408, 0xAB67, 0xAB68, 0xAB68, 0xAB68, 0xAB68, 0xAB47, 0xA347, 0xAB88, 0xBC09, 0xB3C9,
    0x71C3, 0x938A, 0xFFFA, 0xFFB8, 0xFFD9, 0xFFD9, 0xFFD9, 0xFFD9, 0xFFD8, 0xFFD8, 0xFFD8, 0xFFD9, 0xFFD9, 0xFFD9, 0xFFD9, 0xFFD9,
    0xFFD9, 0xFFD9, 0xFF97, 0xFF97, 0xFF96, 0xFEF3, 0xFEF2, 0xFEF3, 0xFED3, 0xFED3, 0xFED3, 0xFED3, 0xFED3, 0xFED2, 0xFED2, 0xFED2,
    0xFDCE, 0xFDEE, 0xFDEE, 0xFE4F, 0xFE70, 0xFEF2, 0xFF13, 0xFF13, 0xFF75, 0xFF75, 0xFF75, 0xFF96, 0xFF96, 0xFF96, 0xFF96, 0xFFB7,
    0xFFD8, 0xFFD8, 0xFFB8, 0xFFB8, 0xFFB8, 0xFFD8, 0xFFD8, 0xFFD8, 0xFFD8, 0xFFD8, 0xFFD8, 0xFFD9, 0xFFD8, 0xFFD8, 0xFFB8, 0xFFB6,
    0xFF53, 0xFEF1, 0xFEF2, 0xFEF2, 0xFEF2, 0xFF12, 0xFF12, 0xFF12, 0xFF12, 0xFF12, 0xFF13, 0xFF13, 0xFF13, 0xFF13, 0xFF13, 0xFF13,
    0xFF33, 0xFF33, 0xFF13, 0xFF74, 0xFF74, 0x9B87, 0x8A84, 0xF778, 0xF758, 0xF6D7, 0xEE96, 0xEE55, 0xEE76, 0xE635, 0xDD92, 0xEE76,
    0xE676, 0xE696, 0xDDB3, 0xBBEA, 0xBBE9, 0xCCCC, 0xEDCF, 0xEDCF, 0xE58E, 0xE58E, 0xE58E, 0xE58E, 0xE58E, 0xE5AE, 0xEE53, 0xEED5,
    0xE632, 0xDD6F, 0xDD90, 0xDD4E, 0xDDD0, 0xEF16, 0xE694, 0xE5D1, 0xE5D1, 0xE5F2, 0xE5D1, 0xE5D1, 0xE5D2, 0xDD90, 0xEED6, 0xEF17,
    0xDD90, 0xE5D2, 0xDDD2, 0xDDD2, 0xE5D2, 0xDE13, 0xF717, 0xDDF2, 0xDDD2, 0xE633, 0xF6F6, 0xDDD2, 0xE5F2, 0xE5F2, 0xE5F2, 0xE5F2,
    0xE5F3, 0xE5F3, 0xE5F3, 0xE5F3, 0xE5F3, 0xE5F3, 0xE5F3, 0xDDF2, 0xDDF2, 0xDDF2, 0xE5F2, 0xE5F2, 0xE5F2, 0xE5F3, 0xE5F2, 0xE613,
    0xDDD2, 0xD591, 0xC4CF, 0xB44D, 0xD571, 0xE5F4, 0xDDD3, 0xDDF3, 0xE5F3, 0xEE55, 0xF675, 0xEE75, 0xEE75, 0xEE75, 0xEE75, 0xEE75,
    0xEE75, 0xEE76, 0xF696, 0xABC9, 0xCC8C, 0xCCAC, 0xDD2E, 0xDD2D, 0xDD0D, 0xDD0C, 0xD50C, 0xDD2C, 0xE54D, 0xDD4D, 0xE54D, 0xDCEB,
    0xDCAA, 0xDCAA, 0xDCCA, 0xE56D, 0xE58E, 0xE58D, 0xED8E, 0xED8E, 0xE58E, 0xE58E, 0xE58D, 0xE52D, 0xAB67, 0x71C2, 0x8224, 0x7A23,
    0x8244, 0x8244, 0x8244, 0x8224, 0x8224, 0x8224, 0x8224, 0x7A03, 0x8A64, 0xAB26, 0xA326, 0xA326, 0xA326, 0xAB26, 0xAB26, 0xAB26,
    0xAB26, 0xAB46, 0xAB26, 0xAB26, 0xBBC8, 0xB3A7, 0xAB67, 0xAB67, 0xAB67, 0xAB68, 0xAB68, 0xAB68, 0xAB67, 0xAB67, 0xAB67, 0xCC6B,
    0x71A3, 0xA40B, 0xFFFC, 0xFFD9, 0xFFD9, 0xFFD9, 0xFFD9, 0xFFD9, 0xFFD8, 0xFFD8, 0xFFD8, 0xFFD9, 0xFFD9, 0xFFD9, 0xFFD9, 0xFFD9,
    0xFFD9, 0xFFD9, 0xFFD9, 0xFFFA, 0xFFD9, 0xFF97, 0xFF96, 0xFF34, 0xFEF3, 0xFEF3, 0xFED3, 0xFED2, 0xFED2, 0xFED2, 0xFED2, 0xFED2,
    0xFE2F, 0xFE2F, 0xFE2F, 0xFEB1, 0xFED2, 0xFF75, 0xFF96, 0xFF96, 0xFF96, 0xFF96, 0xFF96, 0xFFB8, 0xFFD8, 0xFFD8, 0xFFD8, 0xFFD8,
    0xFFB8, 0xFFB8, 0xFFB8, 0xFFB8, 0xFFD8, 0xFFD8, 0xFFD8, 0xFFD8, 0xFFD8, 0xFFD8, 0xFFD8, 0xFFB7, 0xFFB7, 0xFFB7, 0xFFB7, 0xFF96,
    0xFF53, 0xFF12, 0xFF12, 0xFF12, 0xFF12, 0xFF12, 0xFF12, 0xFF12, 0xFF12, 0xFF33, 0xFF13, 0xFF13, 0xFF13, 0xFF13, 0xFF13, 0xFF13,
    0xFF33, 0xFF33, 0xFF33, 0xFF12, 0xFF53, 0xFF33, 0xCD8E, 0x8A84, 0xDE95, 0xFFFD, 0xF718, 0xEE76, 0xEE55, 0xEE56, 0xE696, 0xEEF8,
    0xE696, 0xD531, 0xDD71, 0xDDB2, 0xC4AD, 0xA327, 0xE56E, 0xDD4D, 0xE58E, 0xE58E, 0xE58E, 0xE58E, 0xE58E, 0xEE32, 0xF6F6, 0xE5F1,
    0xDD8F, 0xDDB0, 0xDD4E, 0xE612, 0xEF16, 0xEE74, 0xE5B1, 0xE5D1, 0xE5D1, 0xE5D1, 0xE5D1, 0xE5D1, 0xE5D1, 0xE612, 0xEEB5, 0xE674,
    0xE5D1, 0xE5D2, 0xE5F2, 0xDDD1, 0xE674, 0xEEB6, 0xDDD2, 0xE5F2, 0xDDD2, 0xE654, 0xF6F7, 0xDDF2, 0xE5F2, 0xE5F2, 0xE5F2, 0xE5F2,
    0xE613, 0xE613, 0xE5F3, 0xE5F3, 0xE5F3, 0xE5F3, 0xE5F3, 0xE5F3, 0xE5F2, 0xE5F3, 0xDDB2, 0xD571, 0xD591, 0xD571, 0xD571, 0xDD91,
    0xCD0F, 0xBC8D, 0xD551, 0xDD92, 0xDDD3, 0xDDD3, 0xDDD3, 0xEE34, 0xEE55, 0xEE75, 0xEE75, 0xEE75, 0xEE75, 0xEE75, 0xEE75, 0xEE75,
    0xEE75, 0xEE75, 0xE613, 0xABA9, 0xD50D, 0xDD4E, 0xDD2D, 0xD52D, 0xD50D, 0xD50D, 0xD50C, 0xE54D, 0xE58E, 0xE56E, 0xE58E, 0xE58E,
    0xE56D, 0xE56D, 0xE56D, 0xE58D, 0xE58E, 0xED8D, 0xED8E, 0xE58D, 0xE56D, 0xE58D, 0xE58E, 0xDCEC, 0xC429, 0xBBE9, 0x8A84, 0x7A23,
    0x8244, 0x8244, 0x8244, 0x8244, 0x8244, 0x8224, 0x8224, 0x8223, 0x8A64, 0xA326, 0xA326, 0xAB26, 0xAB26, 0xAB26, 0xAB26, 0xAB46,
    0xAB46, 0xAB46, 0xAB46, 0xAB46, 0xAB26, 0xA326, 0xAB87, 0xB3C9, 0xAB88, 0xAB67, 0xAB67, 0xAB68, 0xAB68, 0xAB67, 0xAB67, 0xAB88,
    0x92C5, 0xA3A9, 0xB50F, 0xF778, 0xFFF9, 0xFFD9, 0xFFD9, 0xFFD9, 0xFFD9, 0xFFD8, 0xFFD9, 0xFFD9, 0xFFD9, 0xFFD9, 0xFFD9, 0xFFD9,
    0xFFD9, 0xFFD9, 0xFFD9, 0xFFD9, 0xFFD9, 0xFFD9, 0xFFDA, 0xFF97, 0xFF96, 0xFF34, 0xFEF2, 0xFED2, 0xFED2, 0xFED2, 0xFED2, 0xFEB2,
    0xFE90, 0xFEB0, 0xFEB0, 0xFED1, 0xFF13, 0xFF75, 0xFF76, 0xFFB8, 0xFFD8, 0xFFD8, 0xFFD8, 0xFFD8, 0xFFD8, 0xFFD8, 0xFFD8, 0xFFD8,
    0xFFD8, 0xFFD8, 0xFFD8, 0xFFD8, 0xFFD8, 0xFFD9, 0xFFD8, 0xFFB7, 0xFFB7, 0xFFB7, 0xFFB7, 0xFF13, 0xFEF2, 0xFF13, 0xFEF2, 0xFEF2,
    0xFEF2, 0xFF13, 0xFF34, 0xFF33, 0xFF33, 0xFF12, 0xFF13, 0xFF13, 0xFF12, 0xFF12, 0xFF13, 0xFF13, 0xFF13, 0xFF13, 0xFF13, 0xFF13,
    0xFF13, 0xFF13, 0xFF13, 0xFF32, 0xFF32, 0xFF33, 0xFF95, 0xAC29, 0xBC8C, 0xD5F3, 0xFFFB, 0xE676, 0xE676, 0xF739, 0xF739, 0xE635,
    0xE614, 0xE5F3, 0xD571, 0xD591, 0xD550, 0xC4AD, 0x9B26, 0x9B26, 0xDD6E, 0xE5AE, 0xE58E, 0xE58F, 0xF693, 0xEE93, 0xE5D0, 0xE5B0,
    0xDD90, 0xDD6F, 0xEE94, 0xEED5, 0xE633, 0xDDB0, 0xE5D1, 0xE5D1, 0xE5D1, 0xE5D1, 0xE5D1, 0xE5D2, 0xDD91, 0xF6F6, 0xEED5, 0xDDB0,
    0xDDF2, 0xDDD2, 0xDDF2, 0xDDB1, 0xE695, 0xEEF6, 0xDDB1, 0xE5F3, 0xDDD2, 0xE654, 0xEED6, 0xE5F2, 0xE613, 0xE5F3, 0xE613, 0xE613,
    0xE613, 0xE613, 0xE613, 0xE613, 0xE5F3, 0xE5F2, 0xE5F2, 0xE5F2, 0xDDD2, 0xD591, 0xCD51, 0xD551, 0xDD92, 0xC4AE, 0xB42C, 0xBC6D,
    0xCD30, 0xD551, 0xDDD3, 0xE5F4, 0xDDD3, 0xE5F3, 0xE614, 0xF675, 0xEE75, 0xEE75, 0xEE75, 0xEE75, 0xEE75, 0xEE75, 0xEE75, 0xEE75,
    0xF675, 0xF6D6, 0x9B68, 0xB40A, 0xDD4E, 0xDD0D, 0xDD2D, 0xDD2D, 0xD52D, 0xDD2D, 0xDD2C, 0xDD0C, 0xDD0C, 0xE54D, 0xE58E, 0xE58E,
    0xE58E, 0xE58E, 0xE58E, 0xE58E, 0xE58E, 0xE58D, 0xE58D, 0xE58D, 0xE54D, 0xE54D, 0xE56D, 0xDD0C, 0xDCEC, 0xDD2D, 0x92C5, 0x7A03,
    0x8244, 0x8244, 0x8244, 0x8244, 0x8244, 0x8244, 0x8223, 0x8224, 0x8223, 0x8223, 0x8A43, 0x9AC5, 0xAB46, 0xAB46, 0xAB26, 0xAB46,
    0xAB46, 0xAB46, 0xAB46, 0xAB46, 0xAB47, 0xAB47, 0xAB67, 0xB388, 0xAB68, 0xAB67, 0xAB67, 0xAB68, 0xAB68, 0xAB67, 0xAB67, 0xAB67,
    0xBBE9, 0x9285, 0x6120, 0xEF37, 0xFFF9, 0xFFD9, 0xFFD9, 0xFFD9, 0xFFD9, 0xFFD9, 0xFFD9, 0xFFD9, 0xFFD9, 0xFFD9, 0xFFD9, 0xFFD9,
    0xFFF9, 0xFFFA, 0xFFFA, 0xFFFA, 0xFFFA, 0xFFD9, 0xFFD9, 0xFFB8, 0xFFB8, 0xFF76, 0xFEF3, 0xFEF3, 0xFF14, 0xFF56, 0xFF56, 0xFF56,
    0xFEB0, 0xFEB0, 0xFEB1, 0xFED1, 0xFEF2, 0xFF96, 0xFFB8, 0xFFD8, 0xFFD8, 0xFFD8, 0xFFD8, 0xFFD8, 0xFFD8, 0xFFD8, 0xFFD8, 0xFFB8,
    0xFFB8, 0xFF97, 0xFF97, 0xFF97, 0xFF97, 0xFF97, 0xFF55, 0xFEF2, 0xFEF2, 0xFF12, 0xFEF2, 0xFED1, 0xFED1, 0xFED1, 0xFED1, 0xFED1,
    0xFED1, 0xFEF1, 0xFF12, 0xFF33, 0xFF12, 0xFF13, 0xFF13, 0xFF13, 0xFF12, 0xFF12, 0xFF13, 0xFF13, 0xFF13, 0xFF13, 0xFF13, 0xFF13,
    0xFF13, 0xFF13, 0xFF13, 0xFF33, 0xFF33, 0xFF32, 0xFF13, 0xFFD5, 0xB46A, 0x9B28, 0xEF38, 0xF779, 0xF759, 0xEED6, 0xE614, 0xE635,
    0xEE55, 0xE614, 0xE614, 0xE5F4, 0xDDB2, 0xDD91, 0xCD0F, 0xCCEE, 0xBBE9, 0xB3A7, 0xDD6E, 0xF6F4, 0xEE32, 0xE5D0, 0xE5D0, 0xE5B0,
    0xDDD0, 0xE653, 0xEEB4, 0xE611, 0xDD90, 0xE5D1, 0xE5D1, 0xE5D1, 0xE5D1, 0xE5D1, 0xE5D2, 0xDD91, 0xEED6, 0xEEF6, 0xDDF2, 0xE5D2,
    0xDDD2, 0xDDF2, 0xDDD2, 0xE613, 0xE6B5, 0xE674, 0xDDD2, 0xE5F3, 0xDDD2, 0xE654, 0xEEB5, 0xE5F2, 0xE613, 0xE613, 0xE613, 0xE613,
    0xE5F3, 0xE5F3, 0xE5F3, 0xE5F3, 0xCD50, 0xCD10, 0xCD30, 0xCD30, 0xCD30, 0xCD30, 0xCD51, 0xCD10, 0xC4CF, 0xBCAE, 0xBC6D, 0xBC6D,
    0xDDB2, 0xE614, 0xDDD3, 0xDDD3, 0xDDD3, 0xEE75, 0xF696, 0xEE75, 0xEE75, 0xEE75, 0xEE75, 0xEE75, 0xEE75, 0xEE75, 0xEE75, 0xF6B7,
    0xE614, 0xAC0B, 0xB42A, 0xD50D, 0xDD4E, 0xDD2D, 0xDD2D, 0xDD2D, 0xDD2D, 0xDD2D, 0xDD2D, 0xDD4D, 0xDD2D, 0xDD2C, 0xDD4D, 0xE58E,
    0xE58E, 0xE58E, 0xE58E, 0xE58E, 0xE58D, 0xE58D, 0xE58D, 0xE56D, 0xE56D, 0xE54D, 0xE54D, 0xE54D, 0xE56E, 0xE58F, 0x92C6, 0x7A03,
    0x8244, 0x8244, 0x8244, 0x8244, 0x8244, 0x8244, 0x8244, 0x8224, 0x8A44, 0x8A84, 0x9264, 0x9AC5, 0xAB46, 0xAB46, 0xAB46, 0xAB46,
    0xAB46, 0xAB46, 0xAB46, 0xAB46, 0xAB26, 0xAB46, 0xAB47, 0xAB67, 0xAB67, 0xAB67, 0xAB67, 0xAB68, 0xAB68, 0xAB67, 0xAB67, 0xAB67,
    0xB3A8, 0x92A5, 0x71C3, 0xF798, 0xFFFA, 0xFFD9, 0xFFD9, 0xFFD9, 0xFFD9, 0xFFD9, 0xFFD9, 0xFFF9, 0xFFF9, 0xFFF9, 0xFFF9, 0xFFF9,
    0xFFB8, 0xFF97, 0xFFB7, 0xFF97, 0xFF97, 0xFFB7, 0xFF76, 0xFF13, 0xFEF3, 0xFEF3, 0xFF13, 0xFF34, 0xFF76, 0xFFFA, 0xFFD9, 0xFFD9,
    0xFED1, 0xFED1, 0xFED1, 0xFED1, 0xFED2, 0xFF96, 0xFFD9, 0xFFD9, 0xFFD9, 0xFFD9, 0xFFD8, 0xFFD8, 0xFFD8, 0xFFD8, 0xFFD8, 0xFFB8,
    0xFFB8, 0xFF13, 0xFED2, 0xFEF2, 0xFEF2, 0xFEF2, 0xFEF2, 0xFED1, 0xFED1, 0xFED1, 0xFED1, 0xFED1, 0xFED1, 0xFED1, 0xFED1, 0xFED1,
    0xFED1, 0xFED1, 0xFEF1, 0xFF13, 0xFF13, 0xFF13, 0xFF13, 0xFF12, 0xFF12, 0xFF12, 0xFF13, 0xFF13, 0xFF13, 0xFF12, 0xFF12, 0xFF13,
    0xFF13, 0xFF13, 0xFF13, 0xFF33, 0xFF33, 0xFF33, 0xFF33, 0xFF13, 0xFF94, 0xCD6F, 0x8245, 0xFFDB, 0xFFBB, 0xE5D3, 0xEE35, 0xEE35,
    0xEE35, 0xE635, 0xE614, 0xE635, 0xE614, 0xE5F3, 0xE614, 0xE5F3, 0xC48D, 0xC44B, 0xBC4B, 0xB40A, 0xDD4E, 0xE58F, 0xDD8F, 0xDDAF,
    0xF6F5, 0xF736, 0xE5F1, 0xDD90, 0xDDB1, 0xE5B1, 0xE5B1, 0xE5B1, 0xE5D1, 0xE5D1, 0xE5D2, 0xE613, 0xEED6, 0xEE75, 0xDDB1, 0xDDF2,
    0xDDD2, 0xE5F2, 0xDDB1, 0xEEB6, 0xEF17, 0xDDB1, 0xDDF2, 0xDDF2, 0xDDD2, 0xE654, 0xEEB6, 0xE5F2, 0xE613, 0xE613, 0xE613, 0xE613,
    0xD571, 0xD551, 0xD551, 0xD551, 0xCD0F, 0xCCEF, 0xCCF0, 0xCCF0, 0xCD10, 0xCD10, 0xD530, 0xBC8E, 0x9B8A, 0xCD50, 0xEE34, 0xE5F3,
    0xE5F3, 0xDDD3, 0xDDD3, 0xE5F4, 0xEE55, 0xEE75, 0xEE75, 0xEE75, 0xEE75, 0xEE75, 0xEE75, 0xEE75, 0xEE75, 0xEE76, 0xEE75, 0xDDD3,
    0xC4EF, 0x92E7, 0xCCCC, 0xDD4F, 0xE590, 0xE5D0, 0xE58F, 0xD50C, 0xDD2D, 0xDD2D, 0xDD4D, 0xE58E, 0xE58E, 0xE58E, 0xE58E, 0xE58E,
    0xE58E, 0xE58E, 0xE58E, 0xE58E, 0xE58D, 0xE58D, 0xE58E, 0xE56D, 0xE54D, 0xE54D, 0xE54D, 0xEDAE, 0xD4CC, 0xA326, 0x92A5, 0x8244,
    0x8244, 0x8244, 0x8244, 0x8244, 0x8244, 0x8244, 0x8244, 0x8223, 0x92C5, 0xAB46, 0xAB46, 0xAB46, 0xAB46, 0xAB46, 0xAB46, 0xAB46,
    0xAB46, 0xAB46, 0xAB46, 0xAB67, 0xB387, 0xB387, 0xB387, 0xAB67, 0xAB67, 0xAB67, 0xAB68, 0xAB68, 0xAB68, 0xAB67, 0xAB67, 0xAB67,
    0xB3A8, 0x8A85, 0x71C3, 0xDE74, 0xF778, 0xFFD9, 0xFFD8, 0xFFD8, 0xFFD8, 0xFFD8, 0xFFD8, 0xFFD9, 0xFFB8, 0xFFB8, 0xFFB8, 0xFFB8,
    0xFF35, 0xFEF3, 0xFEF3, 0xFEF3, 0xFED3, 0xFEF3, 0xFEF3, 0xFED3, 0xFED2, 0xFED2, 0xFED2, 0xFED2, 0xFF35, 0xFF97, 0xFF98, 0xFFD9,
    0xFED1, 0xFED1, 0xFED1, 0xFED1, 0xFED1, 0xFF34, 0xFFD8, 0xFFF9, 0xFFD9, 0xFFF9, 0xFFD9, 0xFFD8, 0xFF55, 0xFF13, 0xFF13, 0xFF13,
    0xFF13, 0xFEF2, 0xFED2, 0xFED1, 0xFED1, 0xFED1, 0xFED1, 0xFED1, 0xFED1, 0xFED1, 0xFED1, 0xFED1, 0xFED1, 0xFED1, 0xFED1, 0xFED1,
    0xFED1, 0xFED1, 0xFED1, 0xFEF2, 0xFF33, 0xFF13, 0xFF13, 0xFF12, 0xFF12, 0xFF12, 0xFF12, 0xFF12, 0xFF12, 0xFF12, 0xFF12, 0xFF12,
    0xFF13, 0xFF13, 0xFF13, 0xFF33, 0xFF33, 0xFF33, 0xFF12, 0xFF13, 0xFF74, 0xEF14, 0xD611, 0x9B68, 0xBCCF, 0xF6F8, 0xE655, 0xEE35,
    0xEE55, 0xEE35, 0xEE35, 0xEE35, 0xEE55, 0xEE55, 0xEE35, 0xE5F4, 0xE5F3, 0xE613, 0xCCEE, 0xBC4B, 0xC4AC, 0xC48C, 0xCD0E, 0xEE73,
    0xF6B4, 0xDD90, 0xDDB0, 0xDDB1, 0xE5B1, 0xE5B1, 0xE5B1, 0xE5B1, 0xE5D1, 0xE5D2, 0xDDD1, 0xF717, 0xE654, 0xDDB1, 0xDDF2, 0xDDD2,
    0xDDD2, 0xE5D2, 0xDDB1, 0xE696, 0xEEF7, 0xDDB1, 0xDDF2, 0xDDF2, 0xDDD2, 0xE654, 0xEE96, 0xDDD2, 0xE5F3, 0xE5F3, 0xD591, 0xD571,
    0xC4CF, 0xC4CE, 0xC4AE, 0xBCAE, 0xBCAE, 0xBCAE, 0xBCAE, 0xBCAE, 0xBCAE, 0xBC6D, 0xB44D, 0xC4CF, 0xCD30, 0xD592, 0xE613, 0xE5F3,
    0xE5F3, 0xDDF3, 0xDDF3, 0xEE75, 0xF696, 0xEE75, 0xEE76, 0xEE76, 0xEE76, 0xEE75, 0xEE95, 0xEE75, 0xEE75, 0xEE75, 0xF6D6, 0xA389,
    0x8AA5, 0xCCED, 0xDD6F, 0xDD6F, 0xE5D0, 0xE5F1, 0xE5D0, 0xE5AF, 0xDD6E, 0xDD2D, 0xDD4D, 0xE58E, 0xE58E, 0xE58E, 0xE58E, 0xE58E,
    0xE58E, 0xE58E, 0xE58E, 0xE58D, 0xE58E, 0xE56D, 0xE56D, 0xE56D, 0xDD4C, 0xE54D, 0xE54D, 0xBC29, 0xAB88, 0x8A84, 0x92C5, 0x8A85,
    0x8244, 0x8244, 0x8224, 0x8223, 0x8223, 0x8244, 0x8244, 0x8223, 0x8264, 0x8A63, 0x9284, 0xAB46, 0xAB46, 0xAB46, 0xAB46, 0xAB46,
    0xAB46, 0xAB46, 0xAB46, 0xB367, 0xBBC8, 0xBBC8, 0xBBC8, 0xAB88, 0xAB68, 0xAB67, 0xAB67, 0xAB68, 0xAB68, 0xAB68, 0xAB68, 0xAB68,
    0xAB68, 0xAB47, 0xAB68, 0x6961, 0xBCEE, 0xFFF9, 0xFF97, 0xFF97, 0xFF96, 0xFF96, 0xFF76, 0xFF55, 0xFEF3, 0xFED2, 0xFED2, 0xFED2,
    0xFED2, 0xFED2, 0xFED2, 0xFED2, 0xFED2, 0xFED2, 0xFED3, 0xFED3, 0xFED3, 0xFED2, 0xFED2, 0xFED2, 0xFED2, 0xFED2, 0xFF14, 0xFF76,
    0xFED1, 0xFED1, 0xFED1, 0xFED1, 0xFED1, 0xFF33, 0xFF75, 0xFF75, 0xFF75, 0xFF75, 0xFF75, 0xFF75, 0xFF13, 0xFED1, 0xFED1, 0xFED1,
    0xFED1, 0xFED1, 0xFED2, 0xFED1, 0xFED2, 0xFED1, 0xFED1, 0xFED1, 0xFED1, 0xFED1, 0xFED1, 0xFED1, 0xFED1, 0xFED1, 0xFED1, 0xFED1,
    0xFED1, 0xFED1, 0xFED1, 0xFEF1, 0xFF12, 0xFF13, 0xFF12, 0xFF12, 0xFF13, 0xFF12, 0xFF12, 0xFF13, 0xFF12, 0xFF12, 0xFF12, 0xFF12,
    0xFF12, 0xFF13, 0xFF13, 0xFF33, 0xFF33, 0xFF32, 0xFF74, 0xFF33, 0xFF33, 0xFF94, 0xFF74, 0xCD8E, 0xBC6B, 0xBC4C, 0xE613, 0xF6D7,
    0xEE55, 0xEE35, 0xEE55, 0xEE55, 0xEE35, 0xEE35, 0xEE35, 0xE5F3, 0xDDD3, 0xDDD2, 0xE5F3, 0xE634, 0xE614, 0xDD92, 0xF6D7, 0xD5B1,
    0xB3EA, 0xC46C, 0xE590, 0xDD90, 0xDDB0, 0xE5D1, 0xE5D2, 0xE5F2, 0xE5F2, 0xDDB1, 0xEE94, 0xF737, 0xE612, 0xDDF2, 0xDDF2, 0xDDD2,
    0xDDD2, 0xDDD2, 0xDDD2, 0xE695, 0xEEB5, 0xDDB2, 0xDDF2, 0xDDF2, 0xE5F2, 0xEE54, 0xEE96, 0xE5F3, 0xDDF3, 0xCD0F, 0xC4EF, 0xC4CF,
    0xC4CE, 0xC4AE, 0xC4CE, 0xDD92, 0xDDB2, 0xDD92, 0xDDB2, 0xDD92, 0xC4CF, 0xD571, 0xD571, 0xDDD2, 0xE614, 0xE5F3, 0xDDD3, 0xDDD3,
    0xDDD3, 0xE614, 0xF696, 0xEE76, 0xEE76, 0xEE76, 0xEE76, 0xEE76, 0xEE76, 0xEE75, 0xEE75, 0xF6B6, 0xF6B6, 0xABA9, 0x9B07, 0xAB68,
    0xDD4F, 0xDD4F, 0xDD4F, 0xDD4E, 0xE5B0, 0xE5F1, 0xE5F1, 0xE5F1, 0xE5D0, 0xDD6E, 0xDD2C, 0xE56D, 0xE58E, 0xE58E, 0xE58E, 0xE58E,
    0xE58E, 0xE58E, 0xE58E, 0xE5AF, 0xEDCF, 0xE56D, 0xDD2C, 0xE54C, 0xDD4D, 0xE52C, 0xE54D, 0xA346, 0x92A5, 0x9B06, 0x92C5, 0x92C5,
    0x92C6, 0x8A85, 0x8223, 0x8223, 0x8223, 0x8223, 0x8223, 0x8244, 0x8243, 0x8223, 0x9284, 0xAB46, 0xAB46, 0xAB46, 0xAB46, 0xAB46,
    0xAB46, 0xAB46, 0xAB46, 0xAB46, 0xAB46, 0xAB46, 0xAB47, 0xAB67, 0xAB67, 0xAB68, 0xAB68, 0xAB68, 0xAB68, 0xAB68, 0xAB68, 0xAB68,
    0xAB67, 0xAB88, 0xB3A8, 0x6961, 0xBCEE, 0xFFF8, 0xFF14, 0xFEF2, 0xFEF2, 0xFED2, 0xFED2, 0xFED2, 0xFED2, 0xFED2, 0xFED2, 0xFED2,
    0xFED2, 0xFED2, 0xFED2, 0xFED2, 0xFED2, 0xFED2, 0xFED2, 0xFED2, 0xFED2, 0xFED2, 0xFED2, 0xFED2, 0xFED2, 0xFED2, 0xFED2, 0xFED2,
    0xFED1, 0xFEF2, 0xFF96, 0xFF96, 0xFF95, 0xFF95, 0xFF54, 0xFEF2, 0xFEF2, 0xFEF2, 0xFEF1, 0xFEF2, 0xFED2, 0xFED1, 0xFED1, 0xFED1,
    0xFED1, 0xFED1, 0xFED1, 0xFED1, 0xFED1, 0xFED1, 0xFED1, 0xFED1, 0xFED1, 0xFED1, 0xFED1, 0xFED1, 0xFED1, 0xFED1, 0xFED1, 0xFED1,
    0xFED1, 0xFED1, 0xFED1, 0xFEF1, 0xFF12, 0xFF33, 0xFF54, 0xFF33, 0xFF13, 0xFF12, 0xFF12, 0xFF13, 0xFF12, 0xFF12, 0xFF12, 0xFF12,
    0xFF12, 0xFF12, 0xFF32, 0xFF12, 0xFF33, 0xFF55, 0xFF75, 0xFF54, 0xFF33, 0xFF33, 0xFF53, 0xFFF6, 0xEE71, 0x9AA3, 0xAB88, 0xA3CA,
    0xDDD2, 0xF6B7, 0xEE75, 0xEE75, 0xE635, 0xEE35, 0xEE35, 0xDDF3, 0xE5F3, 0xEE35, 0xEE55, 0xEE55, 0xE614, 0xEED7, 0xDE55, 0xD571,
    0xC4EE, 0xCD0F, 0xBC8C, 0xBC6B, 0xD54F, 0xD570, 0xCD0F, 0xCD0F, 0xCD2F, 0xE633, 0xF717, 0xE634, 0xDD91, 0xDDD1, 0xDDB1, 0xDDD2,
    0xDDD2, 0xDDB1, 0xEEF6, 0xE675, 0xD5B1, 0xDDF2, 0xDDF2, 0xDDF2, 0xCD2F, 0xD591, 0xDE13, 0xC4EF, 0xCD10, 0xC4AE, 0xC4AE, 0xCCEF,
    0xCD30, 0xCD30, 0xCD30, 0xDDD3, 0xDDD3, 0xDDD3, 0xDDB2, 0xCD30, 0xC510, 0xE614, 0xE614, 0xE5F4, 0xDDF3, 0xDDF3, 0xE614, 0xEE55,
    0xEE55, 0xEE55, 0xEE96, 0xEE75, 0xEE96, 0xEE95, 0xEE95, 0xEE96, 0xF6B6, 0xF6B6, 0xF6D6, 0xCD51, 0xC4CE, 0xB40A, 0xBC0A, 0xC4AC,
    0xDD6F, 0xDD4F, 0xDD4F, 0xDD4E, 0xE5B0, 0xE5F1, 0xE5F1, 0xE5F1, 0xE5F1, 0xE5AF, 0xDD2C, 0xDD2C, 0xDD4D, 0xE58E, 0xE58E, 0xE5AE,
    0xE58E, 0xE58E, 0xEDD0, 0xEDD0, 0xEDD0, 0xEDCF, 0xE5AE, 0xDD2C, 0xE52C, 0xE52C, 0xE54D, 0xA346, 0x9284, 0x92C5, 0x92C5, 0x92C5,
    0x92C5, 0x8A85, 0x8223, 0x8223, 0x8223, 0x8224, 0x8244, 0x8223, 0x92A4, 0x9AE5, 0xA305, 0xAB46, 0xAB46, 0xAB46, 0xAB46, 0xAB46,
    0xAB46, 0xB367, 0xB3A8, 0xB3A8, 0xBBA8, 0xB3C8, 0xBBC8, 0xBBC8, 0xB3A8, 0xAB68, 0xAB68, 0xAB68, 0xAB68, 0xAB68, 0xA347, 0x9B06,
    0xA347, 0xAB68, 0xAB88, 0x6961, 0xBCED, 0xFF96, 0xFEF2, 0xFEF2, 0xFEF2, 0xFED2, 0xFED2, 0xFED2, 0xFED2, 0xFED2, 0xFED2, 0xFED2,
    0xFED2, 0xFED2, 0xFED2, 0xFED2, 0xFED2, 0xFED2, 0xFED2, 0xFED2, 0xFED2, 0xFED2, 0xFED2, 0xFED2, 0xFED2, 0xFED2, 0xFED3, 0xFED2,
    0xFF55, 0xFF75, 0xFFD9, 0xFFD8, 0xFFD8, 0xFFD7, 0xFF54, 0xFF12, 0xFEF2, 0xFEF2, 0xFEF1, 0xFEF1, 0xFEF1, 0xFEF1, 0xFEF1, 0xFED1,
    0xFED1, 0xFED1, 0xFED1, 0xFED1, 0xFED1, 0xFED1, 0xFED1, 0xFED1, 0xFED1, 0xFED1, 0xFED1, 0xFED1, 0xFED1, 0xFED1, 0xFED1, 0xFED1,
    0xFED1, 0xFED1, 0xFED1, 0xFED1, 0xFED1, 0xFF33, 0xFF75, 0xFF75, 0xFF12, 0xFF12, 0xFF12, 0xFF12, 0xFF12, 0xFF12, 0xFF12, 0xFF12,
    0xFF12, 0xFF12, 0xFF33, 0xFF54, 0xFF55, 0xFF54, 0xFF12, 0xFF13, 0xFF33, 0xFF33, 0xFF53, 0xFF53, 0xFF96, 0xE672, 0xD5D0, 0xC54E,
    0xABEA, 0xD591, 0xF6F7, 0xF6D7, 0xEE35, 0xEE35, 0xEE55, 0xEE35, 0xEE55, 0xEE55, 0xEE55, 0xEE55, 0xF718, 0xEEB7, 0xE5F4, 0xE634,
    0xEE55, 0xE634, 0xCD30, 0xCD10, 0xCD0F, 0xCD0F, 0xC4EF, 0xC4EF, 0xC4CE, 0xF718, 0xE6B6, 0xC4CD, 0xCD0F, 0xC4CE, 0xCD0F, 0xDDB1,
    0xDDB1, 0xD570, 0xEED6, 0xE675, 0xD571, 0xDDB2, 0xD5B2, 0xDDD2, 0xBC8D, 0xC4EF, 0xDDD3, 0xBC8D, 0xC4CE, 0xC4EF, 0xC4EF, 0xCD30,
    0xE5F4, 0xE5F4, 0xE5F4, 0xDDF3, 0xE614, 0xD5B2, 0xBCCF, 0xCD10, 0xDDB2, 0xE5F4, 0xDDD3, 0xE5F3, 0xE634, 0xEE55, 0xEE75, 0xEE75,
    0xEE76, 0xEE76, 0xEE76, 0xEE76, 0xEE96, 0xEE95, 0xEE96, 0xEE96, 0xDDD2, 0xDDD2, 0xE613, 0xABEA, 0x92E6, 0xD50E, 0xDD6F, 0xDD6F,
    0xDD6F, 0xDD6F, 0xDD8F, 0xDD4E, 0xE58F, 0xE5D0, 0xE5F1, 0xE5D1, 0xE5F1, 0xEDD1, 0xE56E, 0xDD0B, 0xDD2C, 0xDD2C, 0xE58E, 0xE5CF,
    0xEDAF, 0xE58E, 0xEDD0, 0xEDD0, 0xEDD0, 0xEDF0, 0xEDD0, 0xE5AF, 0xE5AE, 0xE58E, 0xE58E, 0xCC8B, 0xA367, 0x92A5, 0x92C5, 0x92C5,
    0x92C5, 0x8A85, 0x8223, 0x8223, 0x8223, 0x8224, 0x8223, 0x8244, 0xA326, 0xAB46, 0xAB46, 0xAB26, 0xAB46, 0xAB46, 0xAB46, 0xAB46,
    0xAB46, 0xB367, 0xBBC8, 0xC409, 0xC409, 0xC409, 0xC409, 0xC42A, 0xBBE9, 0xAB67, 0xAB67, 0xAB68, 0xAB68, 0xAB68, 0xAB47, 0x9B06,
    0xA347, 0xAB88, 0xAB88, 0x6100, 0xBCEE, 0xFFF7, 0xFEF2, 0xFEF2, 0xFEF2, 0xFEF2, 0xFED2, 0xFED2, 0xFED2, 0xFED2, 0xFED2, 0xFED2,
    0xFED2, 0xFED2, 0xFED2, 0xFED2, 0xFED2, 0xFEF2, 0xFED2, 0xFED3, 0xFED2, 0xFED2, 0xFED2, 0xFED2, 0xFED2, 0xFED2, 0xFED3, 0xFED3,
    0xFFF9, 0xFFD8, 0xFFD9, 0xFFD8, 0xFFD9, 0xFFD8, 0xFF34, 0xFEF2, 0xFEF2, 0xFEF2, 0xFEF1, 0xFEF1, 0xFEF1, 0xFEF1, 0xFED1, 0xFED1,
    0xFED1, 0xFED1, 0xFED1, 0xFED1, 0xFED1, 0xFED1, 0xFED1, 0xFED1, 0xFED1, 0xFED1, 0xFED1, 0xFED1, 0xFED1, 0xFED1, 0xFED1, 0xFED1,
    0xFED1, 0xFED1, 0xFED1, 0xFED1, 0xFED1, 0xFEF1, 0xFF53, 0xFF54, 0xFF32, 0xFF12, 0xFF12, 0xFF12, 0xFF12, 0xFF12, 0xFF12, 0xFF12,
    0xFF12, 0xFF12, 0xFF13, 0xFF76, 0xFF55, 0xFF12, 0xFF33, 0xFF33, 0xFF33, 0xFF34, 0xFF75, 0xFF96, 0xFFB7, 0xFFF9, 0xFFFA, 0xFFFA,
    0x9B68, 0xAC0B, 0xE613, 0xDDB2, 0xEE95, 0xEE76, 0xEE55, 0xEE55, 0xEE55, 0xEE55, 0xE635, 0xF6F7, 0xEEB6, 0xE614, 0xE614, 0xE614,
    0xE614, 0xE614, 0xEE35, 0xEE35, 0xD571, 0xDDB2, 0xE634, 0xE614, 0xCD50, 0xE696, 0xDDD3, 0xDDB2, 0xDDD2, 0xDDB2, 0xD591, 0xCD10,
    0xC50F, 0xC4CE, 0xE675, 0xD5D3, 0xBCAE, 0xC530, 0xD571, 0xD572, 0xD572, 0xDDB3, 0xEE55, 0xDDD3, 0xDDD3, 0xDDD3, 0xDDD3, 0xDDB2,
    0xDDD3, 0xDDD3, 0xDDD3, 0xDDF4, 0xCD71, 0xC4EF, 0xCD30, 0xE634, 0xE614, 0xE5F4, 0xE614, 0xE634, 0xE635, 0xEE55, 0xF676, 0xEE76,
    0xEE76, 0xEE76, 0xEE75, 0xEE55, 0xEE76, 0xEE75, 0xEE75, 0xEE74, 0x9B48, 0x8A85, 0x8AA5, 0xCCEE, 0xDD70, 0xD52F, 0xD52F, 0xDD6F,
    0xE5F1, 0xE5F1, 0xE5F1, 0xE5B0, 0xDD4E, 0xDD6E, 0xE5F1, 0xE5D1, 0xE5F1, 0xE5F1, 0xE58F, 0xE54D, 0xDD0C, 0xDD0C, 0xDD0C, 0xDD2C,
    0xEDCF, 0xEDD0, 0xEDF0, 0xEDD0, 0xEDD0, 0xE5D0, 0xEDF0, 0xEDF0, 0xEE10, 0xEDF0, 0xDD4D, 0xEDAF, 0xC48B, 0x8A84, 0x92C5, 0x92C5,
    0x92C5, 0x92A5, 0x8243, 0x8223, 0x8223, 0x8224, 0x8223, 0x8223, 0x8223, 0x8A43, 0x9AC4, 0xA2E5, 0xAB46, 0xAB46, 0xAB46, 0xAB46,
    0xB347, 0xAB46, 0xAB67, 0xBBA8, 0xBBC8, 0xBBA8, 0xBBC8, 0xBBC8, 0xBBC8, 0xB3A9, 0xAB88, 0xAB68, 0xAB68, 0xAB68, 0xAB68, 0xAB68,
    0xAB47, 0xA347, 0xAB88, 0x92E6, 0x9347, 0x9389, 0xF714, 0xFF12, 0xFED2, 0xFEF2, 0xFED2, 0xFED2, 0xFED2, 0xFED2, 0xFED2, 0xFED2,
    0xFED2, 0xFED2, 0xFED2, 0xFED2, 0xFED2, 0xFEF2, 0xFED2, 0xFED2, 0xFED2, 0xFED2, 0xFED2, 0xFED2, 0xFED2, 0xFED2, 0xFED2, 0xFED3,
    0xFFD8, 0xFFD8, 0xFFD8, 0xFFD8, 0xFFD8, 0xFFD8, 0xFF55, 0xFF12, 0xFEF2, 0xFEF2, 0xFEF1, 0xFEF2, 0xFEF2, 0xFED1, 0xFED1, 0xFED1,
    0xFED1, 0xFED1, 0xFED1, 0xFED1, 0xFED1, 0xFED1, 0xFED1, 0xFED1, 0xFED1, 0xFED1, 0xFED1, 0xFED1, 0xFED1, 0xFED1, 0xFED1, 0xFED1,
    0xFEF2, 0xFED2, 0xFED1, 0xFED1, 0xFED1, 0xFED1, 0xFF32, 0xFF32, 0xFF12, 0xFF12, 0xFF12, 0xFF12, 0xFF12, 0xFF12, 0xFF11, 0xFF12,
    0xFF33, 0xFF33, 0xFFB8, 0xFF75, 0xFF55, 0xFF96, 0xFFB7, 0xFFB7, 0xFFB7, 0xFFB7, 0xFFD8, 0xFFD8, 0xFFD8, 0xFFD8, 0xFFD8, 0xFFB8,
    0xFFFA, 0xB4AC, 0x8A43, 0x8AA5, 0xE695, 0xF717, 0xF6D6, 0xEE96, 0xEE55, 0xEE35, 0xF6F7, 0xF6F7, 0xE5F4, 0xE614, 0xE634, 0xE634,
    0xE634, 0xE634, 0xE614, 0xE634, 0xEE35, 0xE634, 0xE614, 0xE614, 0xEF18, 0xE634, 0xDDD3, 0xDDF3, 0xDDB2, 0xD5B2, 0xD592, 0xD5B2,
    0xD592, 0xE675, 0xE675, 0xCD51, 0xD592, 0xE5F3, 0xE614, 0xDDB3, 0xD572, 0xD592, 0xE634, 0xDDD3, 0xDDD3, 0xDDD3, 0xDDD3, 0xDDD3,
    0xDDD3, 0xDDD3, 0xE5F4, 0xE613, 0xBCCE, 0xC510, 0xE614, 0xE615, 0xE635, 0xE635, 0xEE76, 0xEE76, 0xEE76, 0xEE76, 0xEE76, 0xEE76,
    0xEE96, 0xEE76, 0xE635, 0xE655, 0xEE75, 0xFF18, 0xCD50, 0x8AA5, 0xC48C, 0xD50E, 0xCCCD, 0xD52F, 0xDD4F, 0xDD4F, 0xDD4F, 0xDD90,
    0xE5F1, 0xE5F1, 0xE5F1, 0xE5F1, 0xE5B0, 0xE5B0, 0xE5F1, 0xE5D1, 0xE5F1, 0xE5F1, 0xEDD1, 0xEDD0, 0xDD4D, 0xE56D, 0xE54D, 0xE54D,
    0xE5AF, 0xEDD0, 0xEDD0, 0xEDD0, 0xEDD0, 0xEDD0, 0xEDF0, 0xEDF0, 0xEDF0, 0xEDD0, 0xCCAB, 0xBBE9, 0xAB68, 0x92E5, 0x92C5, 0x92C5,
    0x92C5, 0x92C5, 0x8244, 0x7A23, 0x8223, 0x8223, 0x8224, 0x7A03, 0x8203, 0x9264, 0x9AA4, 0xA2E5, 0xAB46, 0xAB46, 0xAB46, 0xB346,
    0xB346, 0xAB46, 0xAB46, 0xAB46, 0xAB46, 0xAB46, 0xAB46, 0xAB26, 0xB367, 0xBBC9, 0xB3A8, 0xAB67, 0xAB67, 0xAB67, 0xAB67, 0xAB67,
    0xA347, 0xA326, 0xAB88, 0xBBE9, 0x8A64, 0x6982, 0xF776, 0xFF96, 0xFF54, 0xFEF2, 0xFED2, 0xFED2, 0xFED2, 0xFED2, 0xFED2, 0xFED2,
    0xFED2, 0xFED2, 0xFED2, 0xFED2, 0xFED2, 0xFED2, 0xFEF2, 0xFED2, 0xFED2, 0xFED2, 0xFED2, 0xFED2, 0xFED2, 0xFED2, 0xFED2, 0xFED3,
    0xFFD8, 0xFFD8, 0xFFD8, 0xFFD7, 0xFFD7, 0xFFD8, 0xFFB7, 0xFF13, 0xFED2, 0xFEF2, 0xFEF1, 0xFEF2, 0xFEF2, 0xFEF1, 0xFED1, 0xFED1,
    0xFED1, 0xFED1, 0xFED1, 0xFED1, 0xFED1, 0xFED1, 0xFED1, 0xFED1, 0xFED1, 0xFED1, 0xFED1, 0xFED1, 0xFED1, 0xFED1, 0xFED1, 0xFED1,
    0xFEF1, 0xFED2, 0xFED1, 0xFED1, 0xFED1, 0xFED1, 0xFED1, 0xFF11, 0xFF12, 0xFF12, 0xFF12, 0xFF33, 0xFF33, 0xFF32, 0xFF12, 0xFF33,
    0xFFB7, 0xFFD8, 0xFFDA, 0xFFB8, 0xFFD8, 0xFFD8, 0xFFD9, 0xFFF9, 0xFFF8, 0xFFF8, 0xFFD8, 0xFFD8, 0xFFD8, 0xFFD8, 0xFFD8, 0xFFD9,
    0xFFF9, 0xF798, 0xF777, 0xEF16, 0x9B26, 0xD5B0, 0xFF98, 0xF737, 0xEE95, 0xF6F7, 0xF717, 0xE634, 0xE614, 0xE614, 0xE634, 0xE634,
    0xE634, 0xE634, 0xE634, 0xE634, 0xE634, 0xE634, 0xE634, 0xE655, 0xF739, 0xE614, 0xE614, 0xEE35, 0xDDF3, 0xDDD3, 0xDDF3, 0xE5F3,
    0xDDB2, 0xEE95, 0xF6D6, 0xE5F3, 0xE614, 0xE614, 0xE5F4, 0xE614, 0xE614, 0xDDF3, 0xEE55, 0xDDD3, 0xDDD3, 0xDDD3, 0xDDD3, 0xDDD3,
    0xDDF4, 0xDDD3, 0xBCCF, 0xB4AE, 0xDDB2, 0xE655, 0xEE55, 0xE635, 0xE615, 0xE635, 0xEE76, 0xEE76, 0xEE76, 0xEE76, 0xEE76, 0xEE76,
    0xEE96, 0xEE76, 0xE635, 0xEEB6, 0xEE75, 0xB44D, 0xB40B, 0xBC0B, 0xD52F, 0xDDB1, 0xDD90, 0xDD90, 0xDD90, 0xDD90, 0xDD90, 0xDD90,
    0xE5F1, 0xE5F1, 0xE5F1, 0xE5F1, 0xE5F1, 0xEDF1, 0xE5F1, 0xE5F1, 0xE5D1, 0xE5F1, 0xEDF1, 0xEDD1, 0xEDF1, 0xEDF0, 0xEDD0, 0xEDF0,
    0xEDD0, 0xEDD0, 0xEDD0, 0xEDF0, 0xEDF0, 0xEDF0, 0xEDF0, 0xEDF0, 0xEDF0, 0xEDD0, 0xD4EC, 0xAB87, 0x9AE6, 0x9B26, 0x92C5, 0x92E6,
    0x8264, 0x7A03, 0x8224, 0x8223, 0x8223, 0x8223, 0x8224, 0x7A03, 0x8223, 0x9AC4, 0x9A83, 0x9AA4, 0xA2E4, 0xAB46, 0xAB46, 0xB346,
    0xB346, 0xAB67, 0xAB67, 0xB387, 0xB387, 0xB387, 0xB387, 0xB3A7, 0xB387, 0xAB47, 0xAB67, 0xAB67, 0xAB67, 0xAB67, 0xAB67, 0xAB67,
    0xA347, 0x9B06, 0xA327, 0xAB67, 0x8A44, 0x7204, 0xFFF9, 0xFFF9, 0xFFB8, 0xFF34, 0xFF34, 0xFEF2, 0xFED2, 0xFED2, 0xFED2, 0xFED2,
    0xFED2, 0xFED2, 0xFED2, 0xFED2, 0xFEF2, 0xFEF2, 0xFEF2, 0xFEF2, 0xFED2, 0xFED2, 0xFED2, 0xFED2, 0xFED2, 0xFED2, 0xFED2, 0xFED3,
    0xFFD8, 0xFFD8, 0xFFD8, 0xFFD7, 0xFFD7, 0xFFD8, 0xFFB7, 0xFEF2, 0xFED1, 0xFEF2, 0xFEF2, 0xFEF2, 0xFEF2, 0xFEF1, 0xFED1, 0xFED1,
    0xFED1, 0xFED1, 0xFED1, 0xFED1, 0xFED1, 0xFED1, 0xFED1, 0xFED1, 0xFED1, 0xFED1, 0xFED1, 0xFED1, 0xFED1, 0xFED1, 0xFED1, 0xFED1,
    0xFED1, 0xFED1, 0xFED1, 0xFED1, 0xFED1, 0xFED1, 0xFED1, 0xFEF1, 0xFF12, 0xFF34, 0xFF55, 0xFF96, 0xFFD7, 0xFFB8, 0xFFB7, 0xFFD7,
    0xFFD8, 0xFFD8, 0xFFD8, 0xFFD9, 0xFFF9, 0xFFD9, 0xFFD9, 0xFFD8, 0xFFD8, 0xFFD8, 0xFFD8, 0xFFD8, 0xFFD8, 0xFFD8, 0xFFD8, 0xFFD9,
    0xFFD9, 0xFFF9, 0xFFF9, 0xFFD9, 0xEEF6, 0xB42B, 0x8223, 0x8285, 0xEF39, 0xFF79, 0xE654, 0xE614, 0xE634, 0xE634, 0xE634, 0xE634,
    0xE614, 0xE634, 0xEE55, 0xEE35, 0xEE35, 0xE614, 0xE675, 0xF738, 0xE614, 0xE634, 0xE614, 0xE614, 0xE614, 0xE614, 0xE634, 0xE5F3,
    0xE613, 0xEE95, 0xEE95, 0xE5F3, 0xE5F3, 0xE5F4, 0xE614, 0xE614, 0xE614, 0xE614, 0xF696, 0xE635, 0xE634, 0xDDD3, 0xDDD3, 0xDDD3,
    0xDDB3, 0xD5B2, 0xCD30, 0xC510, 0xE634, 0xF6B7, 0xEE76, 0xEE76, 0xEE55, 0xEE55, 0xEE96, 0xEE96, 0xEE76, 0xE635, 0xEE55, 0xF696,
    0xF696, 0xEE55, 0xEE76, 0xCD51, 0xB44C, 0x9B48, 0xB42B, 0xE5D1, 0xDD70, 0xD570, 0xD570, 0xE5D1, 0xE5F2, 0xE5F1, 0xE5F2, 0xE5D1,
    0xDD90, 0xE5F1, 0xE5F1, 0xE5F1, 0xE5F1, 0xEDF1, 0xE5F1, 0xE5F1, 0xE5D1, 0xE5D1, 0xE5F1, 0xEDF1, 0xEDD1, 0xEDD0, 0xEDF0, 0xEDF0,
    0xEDD0, 0xEDD0, 0xEDF0, 0xE5D0, 0xEDD0, 0xEDD0, 0xEDF0, 0xEDF0, 0xEDF0, 0xEDD0, 0xD4CC, 0xABA8, 0x9B06, 0xA327, 0xA327, 0x92E6,
    0x8223, 0x7A03, 0x8224, 0x8224, 0x8223, 0x8223, 0x8224, 0x7A03, 0x8223, 0x92A4, 0x9AA4, 0x9AA4, 0xA2C4, 0xAB46, 0xAB46, 0xAB46,
    0xB367, 0xB387, 0xB387, 0xBBC8, 0xBBE9, 0xBBE8, 0xBBE8, 0xBBE8, 0xBBC8, 0xAB67, 0xAB67, 0xAB67, 0xAB67, 0xAB67, 0xAB67, 0xAB67,
    0xA347, 0x9B06, 0x9AE6, 0xA327, 0x8A64, 0x71E3, 0xBD0F, 0xEF16, 0xFFF9, 0xFFD8, 0xFFD9, 0xFF56, 0xFEF3, 0xFED2, 0xFED2, 0xFED2,
    0xFED2, 0xFED2, 0xFED2, 0xFED2, 0xFEF2, 0xFEF2, 0xFEF2, 0xFEF2, 0xFED2, 0xFED2, 0xFED2, 0xFED2, 0xFED2, 0xFED2, 0xFED2, 0xFED3,
    0xFFD8, 0xFFD8, 0xFFD8, 0xFFD8, 0xFFD8, 0xFFD8, 0xFFB8, 0xFF55, 0xFEF2, 0xFEF1, 0xFEF2, 0xFEF2, 0xFEF2, 0xFEF1, 0xFED1, 0xFED1,
    0xFED1, 0xFED1, 0xFED1, 0xFED1, 0xFED1, 0xFED1, 0xFED1, 0xFED1, 0xFED1, 0xFED1, 0xFED1, 0xFED1, 0xFED1, 0xFED1, 0xFED1, 0xFED1,
    0xFED1, 0xFED1, 0xFED1, 0xFED1, 0xFED1, 0xFEF1, 0xFEF2, 0xFEF1, 0xFF12, 0xFF96, 0xFFB7, 0xFFD8, 0xFFD8, 0xFFD8, 0xFFD8, 0xFFD8,
    0xFFD8, 0xFFD8, 0xFFD8, 0xFFD9, 0xFFD9, 0xFFD9, 0xFFD9, 0xFFD9, 0xFFD8, 0xFFD8, 0xFFD8, 0xFFD8, 0xFFD8, 0xFFD8, 0xFFD8, 0xFFD8,
    0xFFD8, 0xFFD8, 0xFFD8, 0xFFD9, 0xFFFA, 0xD5F2, 0xB42C, 0xBCAD, 0xDE35, 0xA3AA, 0xCD0F, 0xEE95, 0xEE35, 0xE635, 0xE635, 0xE634,
    0xEE35, 0xEE55, 0xEE55, 0xEE55, 0xEE55, 0xE655, 0xEED6, 0xF737, 0xE614, 0xE614, 0xE614, 0xE614, 0xDDD3, 0xE5F4, 0xE614, 0xDDF3,
    0xF6F7, 0xEE95, 0xDDD2, 0xE5F3, 0xE5F4, 0xE614, 0xE613, 0xE614, 0xE614, 0xE614, 0xEE35, 0xEE55, 0xEE55, 0xEE54, 0xEE75, 0xDDD3,
    0xA3EB, 0xB46D, 0xF696, 0xF6B7, 0xEE96, 0xEE76, 0xEE76, 0xEE76, 0xEE96, 0xEE96, 0xEE96, 0xEE96, 0xEE75, 0xE635, 0xEE76, 0xEE96,
    0xEE96, 0xE655, 0xE634, 0xB46C, 0x92E6, 0xE5B1, 0xDD90, 0xD54F, 0xDD50, 0xD550, 0xDD70, 0xE5D1, 0xE5F1, 0xE5F1, 0xE5F2, 0xE5D1,
    0xDD6F, 0xE5D0, 0xE5F1, 0xE5F1, 0xE5F1, 0xE5F1, 0xE5F1, 0xE5F1, 0xE5F1, 0xE5D1, 0xE5D1, 0xE5F1, 0xE5F0, 0xEDF0, 0xEDF0, 0xEDF0,
    0xEDF0, 0xEDF0, 0xEDD0, 0xE58F, 0xE56E, 0xE5AF, 0xE5CF, 0xEDF0, 0xEDF0, 0xE5CF, 0xD4EC, 0xB388, 0x9B06, 0xA327, 0xA327, 0x92C6,
    0x8223, 0x7A03, 0x8224, 0x8224, 0x8224, 0x8224, 0x8223, 0x7A03, 0x8223, 0x9284, 0xA2E5, 0xAB46, 0xAB25, 0xAB46, 0xAB46, 0xAB46,
    0xB366, 0xBBC8, 0xC3E9, 0xBBE8, 0xBBE8, 0xC3E8, 0xC3E8, 0xC3E8, 0xC3E9, 0xAB67, 0xAB68, 0xAB67, 0xAB67, 0xAB67, 0xAB67, 0xAB67,
    0xAB47, 0x9B06, 0x9B06, 0x9B06, 0xA327, 0x9AE7, 0x50A0, 0xCDD1, 0xFFFA, 0xFFB8, 0xFFD9, 0xFFD9, 0xFF97, 0xFEF3, 0xFEF3, 0xFED2,
    0xFED2, 0xFED2, 0xFED2, 0xFED2, 0xFED2, 0xFEF2, 0xFEF2, 0xFEF2, 0xFEF2, 0xFED2, 0xFED2, 0xFED2, 0xFED2, 0xFED2, 0xFED2, 0xFED3,
    0xFFD8, 0xFFD8, 0xFFD8, 0xFFD8, 0xFFD8, 0xFFD9, 0xFFD9, 0xFFD9, 0xFF34, 0xFED1, 0xFEF1, 0xFEF2, 0xFEF2, 0xFEF1, 0xFED1, 0xFED1,
    0xFED1, 0xFED1, 0xFED1, 0xFED1, 0xFED1, 0xFED1, 0xFED1, 0xFED1, 0xFED1, 0xFED1, 0xFED1, 0xFED1, 0xFEF1, 0xFED1, 0xFEB1, 0xFED1,
    0xFEB0, 0xFED2, 0xFF76, 0xFF76, 0xFF96, 0xFF96, 0xFF96, 0xFF54, 0xFF32, 0xFF53, 0xFF75, 0xFFB8, 0xFFD8, 0xFFD8, 0xFFD8, 0xFFD8,
    0xFFD8, 0xFFD8, 0xFFD8, 0xFFD9, 0xFFD9, 0xFFD9, 0xFFD9, 0xFFD8, 0xFFD8, 0xFFD8, 0xFFD8, 0xFFD8, 0xFFD8, 0xFFD8, 0xFFD8, 0xFFD8,
    0xFFD8, 0xFFD8, 0xFFD9, 0xFFD8, 0xFFD8, 0xFFF9, 0xFFFA, 0xFFF9, 0xC52E, 0x9B07, 0x9AC6, 0xABA9, 0xDD91, 0xDDB2, 0xDD91, 0xDDF3,
    0xEE75, 0xEE55, 0xEE55, 0xEE55, 0xEE35, 0xEEB7, 0xEEF7, 0xE614, 0xE634, 0xE634, 0xE634, 0xE634, 0xDDF3, 0xDDF4, 0xE614, 0xE5F3,
    0xEED7, 0xEE95, 0xDDD2, 0xE613, 0xE613, 0xE614, 0xE614, 0xE614, 0xE614, 0xE614, 0xE614, 0xE634, 0xEE55, 0xDDB2, 0xBCAE, 0xBC8D,
    0xDDF3, 0xE635, 0xEE76, 0xEE76, 0xEE76, 0xEE76, 0xEE76, 0xEE76, 0xEE76, 0xEE76, 0xF696, 0xE655, 0xE614, 0xEE35, 0xF696, 0xEE76,
    0xEE76, 0xF6B6, 0x9B28, 0xABEA, 0xDD91, 0xDD50, 0xD550, 0xDDB1, 0xE5D1, 0xD570, 0xD570, 0xDDB0, 0xE5F1, 0xE5F2, 0xE5F2, 0xE5F2,
    0xE590, 0xDD6F, 0xE5B0, 0xEDF1, 0xEDF1, 0xEDF1, 0xEDF1, 0xEDF1, 0xEDF1, 0xE5F1, 0xE5F1, 0xE5D0, 0xE5F0, 0xEDF0, 0xEDF0, 0xEDF0,
    0xEDF0, 0xEDF0, 0xEDF0, 0xEDD0, 0xE5AF, 0xE58E, 0xE5AF, 0xEDF0, 0xEDF0, 0xEDF0, 0xC46A, 0xAB67, 0xA327, 0xA327, 0xA327, 0xA327,
    0x8244, 0x7A23, 0x8224, 0x7A23, 0x8224, 0x8223, 0x8203, 0x7A03, 0x8223, 0x9A84, 0x9AA4, 0xA2E5, 0xAB46, 0xAB46, 0xAB46, 0xAB46,
    0xAB46, 0xB366, 0xBBA8, 0xBBC8, 0xC3C8, 0xC3E8, 0xC3E9, 0xC409, 0xC409, 0xAB67, 0xAB68, 0xAB68, 0xAB68, 0xAB67, 0xAB67, 0xAB67,
    0xAB47, 0x9B06, 0x9B06, 0x9B06, 0xA306, 0x9B06, 0x6141, 0xD612, 0xFFFA, 0xFFB9, 0xFFD9, 0xFFD9, 0xFFD9, 0xFFD9, 0xFF34, 0xFED2,
    0xFED2, 0xFED2, 0xFED2, 0xFED2, 0xFED2, 0xFEF2, 0xFEF2, 0xFED2, 0xFED2, 0xFED2, 0xFED2, 0xFED2, 0xFED2, 0xFED2, 0xFED2, 0xFED2,
    0xFFD8, 0xFFD8, 0xFFD8, 0xFFD8, 0xFFD8, 0xFFD8, 0xFFD8, 0xFFD8, 0xFF34, 0xFEB1, 0xFED1, 0xFED1, 0xFED1, 0xFED1, 0xFED1, 0xFED1,
    0xFED1, 0xFED2, 0xFED2, 0xFED1, 0xFED1, 0xFED1, 0xFED1, 0xFED1, 0xFED1, 0xFED1, 0xFED0, 0xFED0, 0xFEB0, 0xFEF1, 0xFF55, 0xFF75,
    0xFF55, 0xFF76, 0xFFD8, 0xFFD8, 0xFFD8, 0xFFD8, 0xFFD8, 0xFF75, 0xFF32, 0xFF31, 0xFF74, 0xFFB8, 0xFFD9, 0xFFD8, 0xFFD8, 0xFFD8,
    0xFFD8, 0xFFD8, 0xFFD8, 0xFFD8, 0xFFD8, 0xFFD8, 0xFFD8, 0xFFD8, 0xFFD8, 0xFFD8, 0xFFD8, 0xFFD8, 0xFFD8, 0xFFD8, 0xFFD8, 0xFFD8,
    0xFFD8, 0xFFD8, 0xFFD9, 0xFFD8, 0xFFD9, 0xFFD8, 0xFFB8, 0xFFB8, 0xFFFC, 0xCD0E, 0xA347, 0xCD90, 0x9306, 0x92E6, 0x92C5, 0xC4CE,
    0xEE75, 0xE614, 0xE634, 0xE634, 0xE614, 0xF6F7, 0xF6F7, 0xE5F4, 0xE634, 0xE634, 0xE634, 0xE614, 0xDDD3, 0xDDF3, 0xE614, 0xDDF3,
    0xEEF8, 0xEE96, 0xDDD2, 0xE613, 0xE613, 0xE614, 0xE614, 0xE614, 0xE614, 0xE634, 0xE634, 0xDDF4, 0xE634, 0xCD30, 0xBCAE, 0xC4CF,
    0xEE96, 0xF6B6, 0xEE96, 0xEE96, 0xEE76, 0xEE76, 0xEE76, 0xEE75, 0xEE76, 0xEE76, 0xF696, 0xEE55, 0xE614, 0xEE35, 0xEE76, 0xF696,
    0xEE55, 0xABEB, 0xC46C, 0xD530, 0xDD70, 0xDD91, 0xDDB1, 0xE5F2, 0xE612, 0xE5F2, 0xDDB1, 0xD56F, 0xE5D1, 0xE5F2, 0xE5F2, 0xE612,
    0xE5B0, 0xDD4E, 0xDD4E, 0xEDF0, 0xEDF1, 0xEDF1, 0xEDF1, 0xE5F1, 0xEDF0, 0xEDF0, 0xE5F1, 0xEDF1, 0xE5F0, 0xE5CF, 0xE5AF, 0xEDF0,
    0xEDF0, 0xEDF0, 0xEDF0, 0xEDF0, 0xEDF0, 0xEDF0, 0xEDF0, 0xEDD0, 0xDD6E, 0xC48B, 0xABA8, 0xAB47, 0xA327, 0xA326, 0xA326, 0x9B06,
    0x9AE6, 0x8264, 0x7A24, 0x7A23, 0x7A23, 0x7A23, 0x7A03, 0x7A03, 0x8223, 0x9AA4, 0x9A83, 0x9AA4, 0xB346, 0xAB46, 0xAB46, 0xAB46,
    0xB346, 0xB346, 0xB366, 0xB366, 0xB387, 0xC3E8, 0xC3E9, 0xC3E9, 0xC3E9, 0xBBA8, 0xB388, 0xAB68, 0xAB68, 0xAB68, 0xAB67, 0xAB68,
    0x9B06, 0x9B06, 0x9B06, 0x9B06, 0xA326, 0x9B06, 0x6141, 0xD612, 0xFFFA, 0xFFB9, 0xFFD9, 0xFFD9, 0xFFD9, 0xFFF9, 0xFFB8, 0xFF97,
    0xFF96, 0xFEF3, 0xFED1, 0xFED2, 0xFED2, 0xFED2, 0xFED2, 0xFEF2, 0xFED2, 0xFED2, 0xFED2, 0xFED2, 0xFEB1, 0xFF14, 0xFF97, 0xFF76,
    0xFFD8, 0xFFD8, 0xFFD8, 0xFFD9, 0xFFD8, 0xFFD8, 0xFFD8, 0xFFD8, 0xFF55, 0xFED1, 0xFED1, 0xFED1, 0xFED1, 0xFED1, 0xFED1, 0xFED1,
    0xFED1, 0xFED1, 0xFED1, 0xFED1, 0xFED1, 0xFED1, 0xFEF2, 0xFEF2, 0xFEF2, 0xFEF2, 0xFF34, 0xFF34, 0xFF34, 0xFF75, 0xFFD9, 0xFFD8,
    0xFFD8, 0xFFD8, 0xFFD8, 0xFFD8, 0xFFD8, 0xFFD8, 0xFFD8, 0xFFB7, 0xFF95, 0xFF32, 0xFF53, 0xFF95, 0xFF96, 0xFFB8, 0xFFD8, 0xFFD8,
    0xFFD8, 0xFFD8, 0xFFD8, 0xFFD8, 0xFFD8, 0xFFD8, 0xFFD8, 0xFFD8, 0xFFD8, 0xFFD8, 0xFFD8, 0xFFD8, 0xFFD8, 0xFFD8, 0xFFD8, 0xFFD8,
    0xFFD8, 0xFFD8, 0xFFD9, 0xFFD8, 0xFFD9, 0xFFD8, 0xFFF9, 0xFFD9, 0xFFFB, 0xBC6C, 0xBC6C, 0xFFFC, 0xE6D5, 0xE6B5, 0xE6F6, 0xBD0F,
    0xA3EB, 0xAC2C, 0xAC2C, 0xAC0B, 0xBD0F, 0xFF58, 0xEE96, 0xEE76, 0xEE76, 0xEE76, 0xEE76, 0xEE55, 0xE655, 0xE634, 0xDDF3, 0xE655,
    0xEEB7, 0xE614, 0xE5F3, 0xE614, 0xE614, 0xE614, 0xE614, 0xE614, 0xE634, 0xE613, 0xEE54, 0xCD50, 0xB46D, 0xAC4D, 0xE655, 0xFEF7,
    0xEE96, 0xEE96, 0xEE96, 0xEE96, 0xEE76, 0xEE76, 0xEE76, 0xEE75, 0xEE76, 0xEE76, 0xEE76, 0xE634, 0xE634, 0xEE76, 0xFF18, 0xE635,
    0xA389, 0xA368, 0xDD70, 0xDD91, 0xDDB1, 0xE5F2, 0xE612, 0xE5F2, 0xE5F2, 0xE612, 0xDDD1, 0xD56F, 0xE5B0, 0xE5F2, 0xE5D0, 0xE5D1,
    0xE5F1, 0xDD4E, 0xDD0C, 0xDD0C, 0xE56E, 0xEDF0, 0xEDF1, 0xEDF0, 0xE58E, 0xE58E, 0xEDD0, 0xEDD0, 0xEDD0, 0xE58E, 0xE56E, 0xE5AF,
    0xEDF0, 0xEDF0, 0xEDF0, 0xEDF0, 0xEDF0, 0xEDD0, 0xEDF0, 0xEDF0, 0xDD2E, 0xAB67, 0xAB67, 0xA327, 0xA327, 0xA327, 0xA326, 0x92C5,
    0x9B06, 0x8264, 0x7A03, 0x7A23, 0x7A23, 0x7A23, 0x7A03, 0x7A03, 0x8A43, 0x9A84, 0x9A84, 0x9A84, 0xA2C4, 0xAB05, 0xB346, 0xB346,
    0xB346, 0xB346, 0xB366, 0xB366, 0xB387, 0xC3E8, 0xC3E9, 0xBBC8, 0xBBE9, 0xC409, 0xBBC9, 0xAB67, 0xAB67, 0xAB67, 0xA347, 0x9AE6,
    0x9AE5, 0x9B06, 0xA306, 0xA306, 0xA327, 0x9B06, 0x6941, 0xD633, 0xFFFA, 0xFFB9, 0xFFD9, 0xFFD9, 0xFFD9, 0xFFD9, 0xFFF9, 0xFFFA,
    0xFFD9, 0xFF36, 0xFF14, 0xFF14, 0xFED2, 0xFED2, 0xFED2, 0xFED1, 0xFED1, 0xFED2, 0xFF75, 0xFF76, 0xFF76, 0xFFB7, 0xFFF9, 0xFFD9,
    0xFFD8, 0xFFD8, 0xFFD8, 0xFFD9, 0xFFD8, 0xFFD8, 0xFFD8, 0xFFD9, 0xFFB7, 0xFEF2, 0xFED1, 0xFED1, 0xFED1, 0xFED1, 0xFED1, 0xFED1,
    0xFED1, 0xFEB1, 0xFED2, 0xFED2, 0xFED2, 0xFF13, 0xFFB7, 0xFFB7, 0xFFB7, 0xFFB7, 0xFFD8, 0xFFD8, 0xFFD8, 0xFFD8, 0xFFD8, 0xFFD8,
    0xFFD8, 0xFFD8, 0xFFD8, 0xFFD8, 0xFFD8, 0xFFD8, 0xFFD8, 0xFFD8, 0xFFD8, 0xFF74, 0xFF32, 0xFF31, 0xFF32, 0xFF97, 0xFFD8, 0xFFD8,
    0xFFD8, 0xFFD8, 0xFFD8, 0xFFD8, 0xFFD8, 0xFFD8, 0xFFD8, 0xFFD8, 0xFFD8, 0xFFD8, 0xFFD8, 0xFFD8, 0xFFD8, 0xFFD8, 0xFFD8, 0xFFD8,
    0xFFD8, 0xFFD8, 0xFFD9, 0xFFD9, 0xFFD8, 0xFFD9, 0xFFD9, 0xFFD9, 0xFFFB, 0xBC8C, 0xB42B, 0xFFFB, 0xFFFA, 0xFFFA, 0xFFFB, 0xE694,
    0xD570, 0xDDB2, 0xDDB1, 0xDDF2, 0xDE54, 0xBCCF, 0xB46D, 0xB48E, 0xB48E, 0xB48D, 0xB48D, 0xB48E, 0xB46D, 0xC510, 0xE5F3, 0xE676,
    0xE697, 0xDDB2, 0xE5F3, 0xE5F3, 0xE614, 0xE5F3, 0xDDD3, 0xDDF3, 0xDDF3, 0xDDB2, 0xBC8D, 0xA3A9, 0xB44C, 0xEE55, 0xEE75, 0xEE96,
    0xEE96, 0xEE96, 0xEE96, 0xEE76, 0xEE75, 0xEE75, 0xEE75, 0xEE75, 0xEE76, 0xF6B7, 0xF6D7, 0xABEB, 0x8AC6, 0xA3AA, 0xA3EB, 0xB40B,
    0xC4AD, 0xDD91, 0xDDB1, 0xDD70, 0xE5D2, 0xE612, 0xE5F2, 0xE5F2, 0xE5F2, 0xE5F2, 0xE612, 0xDDB0, 0xDD70, 0xE5F2, 0xE5D0, 0xDD6E,
    0xE5B0, 0xE5D0, 0xDCEC, 0xDCEC, 0xDD0C, 0xDD6E, 0xEDD0, 0xE5AF, 0xDD0B, 0xDD2C, 0xE54D, 0xE58E, 0xE58E, 0xE58E, 0xE58E, 0xE58E,
    0xE5AF, 0xE5AF, 0xEDD0, 0xEDF0, 0xEDF0, 0xEDF0, 0xEDF0, 0xEDD0, 0xEDF0, 0xEDD0, 0xAB88, 0xA326, 0xA327, 0xA326, 0xA326, 0xA326,
    0xA327, 0x92A5, 0x8243, 0x7A03, 0x7A23, 0x7A03, 0x7A03, 0x7A03, 0x9284, 0x9AC4, 0xA2C4, 0xA2C4, 0x9AA4, 0xAB05, 0xB346, 0xB345,
    0xB346, 0xB346, 0xB346, 0xBBA7, 0xC3E8, 0xC3E8, 0xC408, 0xC409, 0xC409, 0xC3E9, 0xBBC8, 0xAB67, 0xAB67, 0xAB67, 0xA326, 0x92A5,
    0x92C5, 0x9AC5, 0x9B06, 0xA326, 0xA327, 0x9B06, 0x6121, 0xDE33, 0xFFFA, 0xFFD9, 0xFFD9, 0xFFD9, 0xFFD9, 0xFFD9, 0xFFD9, 0xFFD9,
    0xFFF9, 0xFFF9, 0xFFF9, 0xFFD8, 0xFF33, 0xFED1, 0xFF13, 0xFF77, 0xFF77, 0xFF76, 0xFFD9, 0xFFD9, 0xFFD9, 0xFFD9, 0xFFD9, 0xFFD9,
    0xFFD8, 0xFFD8, 0xFFD9, 0xFFD9, 0xFFD9, 0xFFD9, 0xFFD8, 0xFFF9, 0xFF96, 0xFEF2, 0xFEF1, 0xFED1, 0xFEB1, 0xFED1, 0xFED1, 0xFED1,
    0xFEF2, 0xFF75, 0xFF96, 0xFF96, 0xFF96, 0xFF96, 0xFFD8, 0xFFB8, 0xFFB8, 0xFFD8, 0xFFB8, 0xFFB8, 0xFFD8, 0xFFD8, 0xFFD8, 0xFFD8,
    0xFFD8, 0xFFD8, 0xFFB8, 0xFFD8, 0xFFD8, 0xFFD8, 0xFFD8, 0xFFD8, 0xFFD9, 0xFFD8, 0xFF53, 0xFF31, 0xFF32, 0xFF54, 0xFF96, 0xFFD8,
    0xFFD8, 0xFFD8, 0xFFD8, 0xFFD8, 0xFFD8, 0xFFD8, 0xFFD8, 0xFFD8, 0xFFD8, 0xFFD8, 0xFFD8, 0xFFD8, 0xFFD8, 0xFFD8, 0xFFD8, 0xFFD8,
    0xFFD8, 0xFFD8, 0xFFD9, 0xFFD9, 0xFFD9, 0xFFF9, 0xFFF9, 0xFFD9, 0xFFFA, 0xC48C, 0xBC4B, 0xFFFB, 0xFFB9, 0xFFD9, 0xFFF9, 0xEED5,
    0xE5F3, 0xE633, 0xE5F2, 0xEEB5, 0xE676, 0xA3CA, 0xAC2C, 0xAC2C, 0xAC4C, 0xAC4C, 0xAC4C, 0xB44C, 0xAC4C, 0xAC4C, 0xDDD3, 0xE696,
    0xEED8, 0xE5F4, 0xE614, 0xE614, 0xE634, 0xE614, 0xDDD3, 0xDDD3, 0xDDD3, 0xE5F3, 0x9328, 0xBCAE, 0xE613, 0xF697, 0xEE96, 0xEE96,
    0xEE96, 0xEE96, 0xEE96, 0xEE96, 0xEE96, 0xEE96, 0xEE76, 0xF696, 0xDDD2, 0xABCA, 0xB42C, 0xBC8E, 0xB40B, 0xB42B, 0xB40B, 0xBC6D,
    0xE5F2, 0xDD91, 0xDD91, 0xDD70, 0xDDD2, 0xE612, 0xE5F2, 0xE5F2, 0xE5F2, 0xE5F2, 0xE5F2, 0xE5D1, 0xDDB0, 0xE5F2, 0xE5F1, 0xDD8F,
    0xE5AF, 0xE5F1, 0xE56E, 0xDD0C, 0xDCEB, 0xDD0C, 0xDD0B, 0xDD0C, 0xD4EB, 0xD4EB, 0xD4CB, 0xDD2C, 0xE58E, 0xE58E, 0xE58E, 0xE58E,
    0xE58E, 0xE58E, 0xEDCF, 0xEDF0, 0xEDF0, 0xEDF0, 0xEDD0, 0xEDF0, 0xEDD0, 0xCCCC, 0xAB67, 0xA326, 0xA326, 0xA326, 0xA326, 0xA326,
    0xA326, 0xAB67, 0x9AE6, 0x79E3, 0x7A03, 0x7A03, 0x7A03, 0x7A03, 0x79E3, 0x9AA4, 0xB366, 0xB346, 0xB366, 0xB366, 0xB345, 0xAB45,
    0xAB45, 0xB346, 0xB346, 0xBBA7, 0xC3E8, 0xC3E8, 0xC408, 0xC409, 0xC409, 0xC3E9, 0xBBE9, 0xB388, 0xAB67, 0xAB67, 0xA326, 0x92A5,
    0x92C5, 0x92C5, 0x9B06, 0xA327, 0xA327, 0x9AE6, 0x6121, 0xDE54, 0xFFFA, 0xFFB9, 0xFFD9, 0xFFF9, 0xFFF9, 0xFFFA, 0xFFFA, 0xFFF9,
    0xFFB8, 0xFF35, 0xFF34, 0xFF14, 0xFEF2, 0xFEF2, 0xFF55, 0xFFD9, 0xFFDA, 0xFFD9, 0xFFD9, 0xFFD9, 0xFFD9, 0xFFB9, 0xFFB9, 0xFFD9,
    0xFFD8, 0xFFD8, 0xFFB7, 0xFFB7, 0xFFB7, 0xFFB7, 0xFF76, 0xFF76, 0xFF35, 0xFEF2, 0xFEF2, 0xFF13, 0xFF54, 0xFF55, 0xFF55, 0xFF75,
    0xFF75, 0xFFD8, 0xFFD8, 0xFFD8, 0xFFD8, 0xFFD8, 0xFFD8, 0xFFD8, 0xFFB8, 0xFFB8, 0xFFB8, 0xFFB8, 0xFFB8, 0xFFB8, 0xFFD8, 0xFFD8,
    0xFFD8, 0xFFB8, 0xFFB7, 0xFFD8, 0xFFD8, 0xFFD8, 0xFFD8, 0xFFD8, 0xFFD8, 0xFFD8, 0xFF96, 0xFF74, 0xFF32, 0xFF32, 0xFF53, 0xFFB7,
    0xFFD8, 0xFFD8, 0xFFD8, 0xFFD8, 0xFFD8, 0xFFD8, 0xFFD8, 0xFFD8, 0xFFD8, 0xFFD8, 0xFFD8, 0xFFD8, 0xFFD8, 0xFFD8, 0xFFD8, 0xFFD8,
    0xFFD8, 0xFFD9, 0xFFD9, 0xFFD9, 0xFFF9, 0xFFD9, 0xFFD8, 0xFFD8, 0xFFFB, 0xC4AC, 0xBC2B, 0xFFFB, 0xFFB9, 0xFFD9, 0xFFFA, 0xEED6,
    0xDDB2, 0xE5D3, 0xEEB5, 0xE654, 0xE5F3, 0xEE13, 0xE613, 0xE613, 0xE613, 0xE613, 0xE613, 0xE613, 0xE613, 0xB44C, 0xA3CA, 0xC571,
    0xCD71, 0xAC0B, 0xB44C, 0xAC4D, 0xB44C, 0xAC4C, 0xAC4D, 0xAC4D, 0xAC2C, 0xBC8E, 0x9328, 0xD614, 0xFF7A, 0xEE96, 0xEE95, 0xEE95,
    0xEE96, 0xEE96, 0xEE96, 0xEE76, 0xEE96, 0xEE76, 0xF696, 0xEE55, 0xBC8D, 0x92E7, 0x9B07, 0xD530, 0xE5F2, 0xDDD2, 0xE5D2, 0xDDB2,
    0xD591, 0xE5D2, 0xE5F2, 0xE5F2, 0xE5F2, 0xE612, 0xE5F2, 0xE5F2, 0xE5F2, 0xE5F2, 0xE5F2, 0xE5F1, 0xE5F1, 0xE5F1, 0xE5F1, 0xE5F1,
    0xE5D0, 0xE5D1, 0xEDF1, 0xDD4E, 0xDCEB, 0xDCEC, 0xDCEB, 0xDD0C, 0xDD2C, 0xD4CB, 0xDCEB, 0xD4CB, 0xE56D, 0xE5CF, 0xEDD0, 0xEDCF,
    0xE5CF, 0xEDD0, 0xEDD0, 0xEDF0, 0xEDF0, 0xEDF0, 0xEDF0, 0xE5AF, 0xD4EC, 0xAB88, 0xAB68, 0xA347, 0xA326, 0xA326, 0xA326, 0xA326,
    0xA326, 0x9B26, 0x92A5, 0x7A03, 0x7A03, 0x7A03, 0x7A03, 0x7A03, 0x79E3, 0x8A43, 0xAAE4, 0xB345, 0xB346, 0xB365, 0xB366, 0xBB86,
    0xB386, 0xB366, 0xB346, 0xBBA7, 0xC3E8, 0xC3E8, 0xC408, 0xC409, 0xC3E9, 0xC3E9, 0xC3E9, 0xBBC8, 0xAB67, 0xAB67, 0xA327, 0x92A5,
    0x92C5, 0x92C5, 0x9AC5, 0x9AE6, 0xA327, 0x9B06, 0x6141, 0xDE74, 0xFFFA, 0xFFD9, 0xFFD9, 0xFF56, 0xFF55, 0xFF56, 0xFF55, 0xFF55,
    0xFF35, 0xFED2, 0xFED2, 0xFED2, 0xFED1, 0xFEF2, 0xFF55, 0xFF56, 0xFF97, 0xFFD9, 0xFFD9, 0xFFD9, 0xFFD9, 0xFFD9, 0xFFD9, 0xFFD9,
    0xFF96, 0xFFB7, 0xFF55, 0xFF33, 0xFF34, 0xFF13, 0xFED2, 0xFED1, 0xFEB2, 0xFF13, 0xFF75, 0xFF76, 0xFFB8, 0xFFD8, 0xFFD8, 0xFFD8,
    0xFFD8, 0xFFD8, 0xFFD8, 0xFFD8, 0xFFD8, 0xFFD8, 0xFFD8, 0xFFD8, 0xFFD8, 0xFFD8, 0xFFD8, 0xFFB8, 0xFFB8, 0xFFB7, 0xFFB7, 0xFFD8,
    0xFFD8, 0xFFD8, 0xFFD8, 0xFFD8, 0xFFD8, 0xFFD8, 0xFFD8, 0xFFD8, 0xFFD8, 0xFFD8, 0xFFD9, 0xFFD7, 0xFF53, 0xFF32, 0xFF53, 0xFF95,
    0xFF96, 0xFFD8, 0xFFD8, 0xFFD8, 0xFFD8, 0xFFD8, 0xFFD8, 0xFFD8, 0xFFD8, 0xFFD8, 0xFFD8, 0xFFD8, 0xFFD8, 0xFFD8, 0xFFD8, 0xFFD8,
    0xFFD8, 0xFFD8, 0xFFD9, 0xFFD9, 0xFFF9, 0xFFD9, 0xFFD8, 0xFFB8, 0xFFFA, 0xC4AC, 0xB42B, 0xFFFB, 0xFFD9, 0xFFD9, 0xFFFA, 0xFF98,
    0xEEB5, 0xDDD2, 0xF717, 0xE674, 0xDD91, 0xDDD2, 0xDDD2, 0xDDD2, 0xDDD2, 0xDDD2, 0xDDD2, 0xDDD2, 0xDDD2, 0xC50F, 0xBC8D, 0xD5F3,
    0xCD71, 0xB42B, 0xB46D, 0xB46D, 0xB46D, 0xB46D, 0xB46D, 0xB46D, 0xB46D, 0xBCAE, 0x9328, 0xD5F3, 0xFF18, 0xEE96, 0xEE95, 0xEE95,
    0xEE95, 0xEE95, 0xF696, 0xF6D7, 0xFEF8, 0xEE75, 0xA3AA, 0xA389, 0xABEB, 0xDDB2, 0xDDB2, 0xDD91, 0xDD71, 0xDD91, 0xDD91, 0xDD91,
    0xDD91, 0xE5F2, 0xE613, 0xE612, 0xE613, 0xE5D1, 0xE5D1, 0xE612, 0xE5F2, 0xE612, 0xE612, 0xE5F1, 0xE5F1, 0xE5F1, 0xE5F1, 0xE5F1,
    0xE5F1, 0xE5F1, 0xE5F1, 0xE5D0, 0xDD6D, 0xDCEB, 0xD4EB, 0xDD2C, 0xE58E, 0xDD2D, 0xD4CA, 0xD4CA, 0xE54E, 0xE5AF, 0xEDF0, 0xEDF0,
    0xEDF0, 0xEDF0, 0xEDF0, 0xEDF0, 0xEDF0, 0xEDD0, 0xF5F0, 0xDD2D, 0xAB87, 0xB3A8, 0xB3A8, 0xAB67, 0xA326, 0xA326, 0xA326, 0xA327,
    0x92C5, 0x8223, 0x8243, 0x8244, 0x7A03, 0x7A03, 0x7A03, 0x7A03, 0x7A03, 0x9263, 0xB325, 0xB345, 0xB345, 0xB366, 0xB366, 0xC3E8,
    0xC408, 0xC3E8, 0xBBA7, 0xBBC7, 0xC3E8, 0xC408, 0xC3E8, 0xC409, 0xBBA8, 0xB387, 0xB388, 0xB388, 0xAB67, 0xAB67, 0xA327, 0x92A5,
    0x92C5, 0x92C5, 0x92C5, 0x92C5, 0x9AE6, 0x9AE6, 0x9AC6, 0x7A45, 0x9C0B, 0xFFD8, 0xFF97, 0xFEF3, 0xFEB2, 0xFED2, 0xFED2, 0xFEB2,
    0xFED2, 0xFED2, 0xFED2, 0xFED2, 0xFED2, 0xFED2, 0xFED2, 0xFEB2, 0xFF14, 0xFFB8, 0xFFB8, 0xFFD9, 0xFFDA, 0xFFD9, 0xFFD9, 0xFFD9,
    0xFED2, 0xFED2, 0xFED1, 0xFEB1, 0xFEB1, 0xFED1, 0xFED2, 0xFED2, 0xFED2, 0xFF13, 0xFF76, 0xFFB7, 0xFFD8, 0xFFD8, 0xFFD8, 0xFFD8,
    0xFFD8, 0xFFD8, 0xFFD8, 0xFFD8, 0xFFD8, 0xFFD8, 0xFFD8, 0xFFD8, 0xFFD8, 0xFFD8, 0xFFD8, 0xFFB8, 0xFFD7, 0xFFB7, 0xFFB7, 0xFFD8,
    0xFFD8, 0xFFD8, 0xFFD8, 0xFFD8, 0xFFD8, 0xFFD8, 0xFFD9, 0xFFD9, 0xFFD8, 0xFFD8, 0xFFD8, 0xFFD8, 0xFFB6, 0xFF53, 0xFF32, 0xFF32,
    0xFF53, 0xFFB7, 0xFFD8, 0xFFD8, 0xFFD8, 0xFFD8, 0xFFD8, 0xFFD8, 0xFFD8, 0xFFD8, 0xFFD8, 0xFFD8, 0xFFD8, 0xFFD8, 0xFFD8, 0xFFD8,
    0xFFD8, 0xFFD8, 0xFFD8, 0xFFF9, 0xFFF9, 0xFFF9, 0xFFF9, 0xFFD8, 0xFFFB, 0xC4AC, 0xBC2B, 0xFFFB, 0xFFD9, 0xFFF9, 0xFFD9, 0xFFFA,
    0xF757, 0xEEF7, 0xF737, 0xDDD2, 0xDDB2, 0xDDD2, 0xDDD2, 0xDDD2, 0xDDD2, 0xDDD2, 0xDDD2, 0xDDD2, 0xDDD2, 0xE5F3, 0xE5D2, 0xEEB6,
    0xEE75, 0xDD91, 0xDDB2, 0xDDB2, 0xDDD2, 0xDDD2, 0xDDD2, 0xE5D2, 0xE5D2, 0xE613, 0x9348, 0xC530, 0xFEF8, 0xEE96, 0xEEB6, 0xEE95,
    0xEE75, 0xF6B6, 0xEE76, 0xCD51, 0xCD30, 0xCD30, 0xABEB, 0xBC6D, 0xDDB1, 0xDD71, 0xDD91, 0xDD91, 0xDD91, 0xDDD2, 0xE613, 0xE5F3,
    0xDDB2, 0xE5F2, 0xE613, 0xE613, 0xE613, 0xDDB0, 0xDDB0, 0xE612, 0xE612, 0xE612, 0xE612, 0xE5F2, 0xE5F2, 0xE5F1, 0xE5F1, 0xE5F1,
    0xE5F1, 0xEDF1, 0xE5F1, 0xE5F1, 0xEDF1, 0xE5AF, 0xE58F, 0xDD4D, 0xE56E, 0xEDD0, 0xE56D, 0xDD4D, 0xE58F, 0xE5CF, 0xEDD0, 0xEDF0,
    0xEDF0, 0xEDF0, 0xEDF0, 0xEDF0, 0xEDF0, 0xE5AF, 0xC48B, 0xC429, 0xB3A8, 0xB3A8, 0xB3A8, 0xB3A8, 0xAB88, 0xA306, 0xA306, 0xA326,
    0x8A84, 0x7A03, 0x8223, 0x7A23, 0x7A03, 0x7A03, 0x7A03, 0x7A03, 0x79E3, 0x9283, 0xB325, 0xB345, 0xB366, 0xB366, 0xB366, 0xBB86,
    0xC3E8, 0xC408, 0xC408, 0xC408, 0xC3E8, 0xC408, 0xC3E8, 0xC409, 0xBBA8, 0xAB67, 0xAB67, 0xAB67, 0xAB67, 0xB388, 0xA327, 0x92A5,
    0x92C5, 0x92C5, 0x92C5, 0x92C5, 0x92C5, 0x92C5, 0xA327, 0x6101, 0x8B07, 0xFF54, 0xFED2, 0xFEF3, 0xFED2, 0xFED2, 0xFED2, 0xFED2,
    0xFED2, 0xFED2, 0xFED2, 0xFED2, 0xFED2, 0xFED2, 0xFED2, 0xFED2, 0xFED2, 0xFED2, 0xFED3, 0xFF56, 0xFF98, 0xFFD9, 0xFFD9, 0xFFDA,
    0xFED1, 0xFED1, 0xFEB1, 0xFEB1, 0xFEB1, 0xFEB1, 0xFEB1, 0xFEB1, 0xFEB1, 0xFEF2, 0xFF76, 0xFFB7, 0xFFD8, 0xFFD9, 0xFFD8, 0xFFD8,
    0xFFD8, 0xFFD8, 0xFFD8, 0xFFD8, 0xFFD8, 0xFFD8, 0xFFD7, 0xFFD7, 0xFFB8, 0xFFB8, 0xFFB7, 0xFFD8, 0xFFD8, 0xFFD8, 0xFFD8, 0xFFD9,
    0xFFD8, 0xFFD9, 0xFFD8, 0xFFD8, 0xFFD8, 0xFFD9, 0xFFD9, 0xFFD8, 0xFFD8, 0xFFD8, 0xFFD8, 0xFFD8, 0xFFD8, 0xFF96, 0xFF52, 0xFF31,
    0xFF52, 0xFF74, 0xFFD8, 0xFFD8, 0xFFD8, 0xFFD8, 0xFFD8, 0xFFD8, 0xFFD8, 0xFFD8, 0xFFD8, 0xFFD8, 0xFFD8, 0xFFD8, 0xFFD8, 0xFFD8,
    0xFFD8, 0xFFD9, 0xFFF9, 0xFFD8, 0xFFB6, 0xFFB7, 0xFFB7, 0xFF96, 0xFFF9, 0xC4CC, 0xB40A, 0xFFFC, 0xFFD9, 0xFFFA, 0xFFFA, 0xFFF9,
    0xFFD9, 0xFFFA, 0xE6B5, 0xD591, 0xE5F2, 0xE5D2, 0xE5D2, 0xE5D2, 0xDDD2, 0xDDD2, 0xDDD2, 0xDDD2, 0xDDD2, 0xDDD2, 0xDDB1, 0xE675,
    0xE634, 0xD550, 0xDD91, 0xD591, 0xD591, 0xDD91, 0xD591, 0xDD91, 0xD591, 0xDDD2, 0x9328, 0xB4AE, 0xFEF8, 0xEEB7, 0xF6F7, 0xF6B6,
    0xEE75, 0xF6B6, 0xDDB3, 0x8265, 0x8265, 0xA389, 0xE5D2, 0xDDB2, 0xDD91, 0xDD91, 0xDD91, 0xDD91, 0xD571, 0xE5F2, 0xE633, 0xE613,
    0xE613, 0xE613, 0xE613, 0xE613, 0xE613, 0xDDB0, 0xDDB0, 0xEE12, 0xE612, 0xEE12, 0xE612, 0xE612, 0xEDF2, 0xEDF2, 0xE5F1, 0xE5F1,
    0xE5F2, 0xE5F1, 0xE5D1, 0xEDF1, 0xEDF1, 0xEDF1, 0xEDF1, 0xEDF0, 0xE5AF, 0xEDF0, 0xEE11, 0xEE11, 0xEE10, 0xEDF0, 0xEDF0, 0xEDF0,
    0xEDF0, 0xEDF0, 0xEDF0, 0xEDF0, 0xEDF0, 0xEDF0, 0xDD2D, 0xC409, 0xB3C8, 0xB3A8, 0xB3A8, 0xB3A8, 0xB3A8, 0xAB47, 0xA326, 0xA326,
    0x8AA4, 0x7A03, 0x7A03, 0x7A02, 0x7A03, 0x7A03, 0x7A03, 0x7A03, 0x7A03, 0x9284, 0xAB04, 0xB325, 0xBB66, 0xBB66, 0xB366, 0xB366,
    0xBB86, 0xBB86, 0xC3E8, 0xC408, 0xC408, 0xC408, 0xC3E8, 0xC409, 0xB3A8, 0xAB67, 0xAB67, 0xAB67, 0xAB67, 0xAB67, 0x9AE5, 0x92C5,
    0x92C5, 0x92C5, 0x92C5, 0x92C5, 0x92C5, 0x92C5, 0x9B06, 0x6162, 0x9328, 0xFF54, 0xFED2, 0xFED2, 0xFED2, 0xFED2, 0xFED2, 0xFED2,
    0xFED2, 0xFED2, 0xFED2, 0xFED2, 0xFED2, 0xFED2, 0xFED2, 0xFED2, 0xFED2, 0xFED2, 0xFED2, 0xFED2, 0xFEF3, 0xFFB8, 0xFFD9, 0xFFDA,
    0xFEB0, 0xFEB0, 0xFEB1, 0xFEB1, 0xFEB1, 0xFEB1, 0xFE91, 0xFE91, 0xFE91, 0xFEF2, 0xFF75, 0xFFB8, 0xFFD8, 0xFFD9, 0xFFD8, 0xFFD8,
    0xFFD8, 0xFFD8, 0xFFD8, 0xFFD8, 0xFFD8, 0xFFD8, 0xFFD7, 0xFFD7, 0xFFB7, 0xFFB8, 0xFFD8, 0xFFD8, 0xFFD9, 0xFFD9, 0xFFD9, 0xFFD8,
    0xFFD8, 0xFFD8, 0xFFD8, 0xFFD8, 0xFFD8, 0xFFD8, 0xFFD9, 0xFFD9, 0xFFD8, 0xFFD8, 0xFFD8, 0xFFD9, 0xFFD9, 0xFFD8, 0xFF75, 0xFF53,
    0xFF52, 0xFF52, 0xFF95, 0xFFD8, 0xFFD8, 0xFFD8, 0xFFD8, 0xFFD8, 0xFFD8, 0xFFD8, 0xFFD8, 0xFFD8, 0xFFD8, 0xFFD8, 0xFF96, 0xFFB7,
    0xFF97, 0xFF96, 0xFFD9, 0xFF97, 0xFED1, 0xFED2, 0xFED2, 0xFEF2, 0xF6B2, 0xA2E5, 0xD5B0, 0xFFFA, 0xFFD9, 0xFFFA, 0xFFFA, 0xFFFA,
    0xFFF9, 0xFFB8, 0xFF99, 0xF798, 0xEEB5, 0xDDD2, 0xDDF2, 0xE5D2, 0xE5D2, 0xDDD2, 0xDDD2, 0xDDD2, 0xDDD2, 0xDDD2, 0xDDB1, 0xEE75,
    0xE655, 0xD571, 0xDD91, 0xDD91, 0xD591, 0xDD91, 0xD591, 0xDD91, 0xD591, 0xE5D2, 0x9B28, 0xC4EF, 0xFF18, 0xEE96, 0xEEB7, 0xEE96,
    0xF6B6, 0xB48D, 0x8B07, 0xDD70, 0xDD91, 0xDD91, 0xDD91, 0xDD91, 0xDD91, 0xDD91, 0xDD71, 0xDDD2, 0xE5F2, 0xE613, 0xE613, 0xE613,
    0xE613, 0xE613, 0xE612, 0xE612, 0xE613, 0xDDB1, 0xDDB0, 0xE5F1, 0xE5F2, 0xE5D1, 0xE612, 0xEDF2, 0xEDF2, 0xE612, 0xE5F2, 0xE5F1,
    0xE5F1, 0xE5F1, 0xE5F1, 0xE5AF, 0xE5AF, 0xEDF1, 0xEDF0, 0xEDF1, 0xEDF1, 0xEDF1, 0xEDF1, 0xEDF0, 0xEDF0, 0xEDF0, 0xEDF0, 0xEDF0,
    0xEDF0, 0xEDF0, 0xEDF0, 0xEDF0, 0xEDD0, 0xE5AF, 0xE56E, 0xC44A, 0xB3C8, 0xB3A8, 0xB3A8, 0xB3A8, 0xB3A8, 0xB3C8, 0xB388, 0xAB47,
    0x9AE5, 0x8223, 0x7A03, 0x79E2, 0x79E3, 0x7A03, 0x7A03, 0x7A03, 0x7A03, 0x9284, 0xAB04, 0xAB24, 0xB366, 0xBB66, 0xBB86, 0xC3C7,
    0xC3C7, 0xC3C7, 0xC3E8, 0xC408, 0xC408, 0xC408, 0xC408, 0xC409, 0xBBE8, 0xBBE9, 0xB3A8, 0xAB67, 0xB367, 0xAB67, 0x9AE6, 0x92C5,
    0x92C5, 0x9AC5, 0x9AC5, 0x92C5, 0x92C5, 0x92C5, 0x9B06, 0x6141, 0x9307, 0xFF53, 0xFED2, 0xFED2, 0xFED2, 0xFED2, 0xFED2, 0xFED2,
    0xFED2, 0xFED2, 0xFED2, 0xFED2, 0xFED2, 0xFED2, 0xFED2, 0xFED2, 0xFED2, 0xFED2, 0xFED2, 0xFED2, 0xFEF2, 0xFEF3, 0xFF14, 0xFFB8,
    0xFE6F, 0xFE6F, 0xFEB1, 0xFEB1, 0xFEB1, 0xFEB1, 0xFEB1, 0xFEB1, 0xFEB1, 0xFE91, 0xFEB2, 0xFFB7, 0xFFD9, 0xFFD8, 0xFFD8, 0xFFD8,
    0xFFD8, 0xFFD8, 0xFFD8, 0xFFD8, 0xFFD8, 0xFFD8, 0xFFD8, 0xFFD8, 0xFFD8, 0xFFD8, 0xFFD8, 0xFFD8, 0xFFD8, 0xFFD8, 0xFFD8, 0xFFD8,
    0xFFD8, 0xFFD8, 0xFFD8, 0xFFD8, 0xFFD8, 0xFFD8, 0xFFD8, 0xFFD8, 0xFFD8, 0xFFD8, 0xFFD8, 0xFFD8, 0xFFD8, 0xFFD9, 0xFFD8, 0xFF96,
    0xFF32, 0xFF32, 0xFF32, 0xFFB6, 0xFFD8, 0xFFD8, 0xFFD8, 0xFFD8, 0xFFD8, 0xFFD8, 0xFFD8, 0xFFD8, 0xFFD8, 0xFF96, 0xFEF2, 0xFEF2,
    0xFEF1, 0xFF13, 0xFF34, 0xFF33, 0xFED1, 0xFED1, 0xFED1, 0xFEF2, 0xF6B1, 0xA2C4, 0xEED3, 0xF734, 0xFF98, 0xFFFA, 0xFFFA, 0xFFFA,
    0xFFDA, 0xFFB9, 0xFFFB, 0xFFFB, 0xEEB5, 0xDD91, 0xDDD2, 0xE5F2, 0xE5D2, 0xE5D2, 0xE5D2, 0xDDD2, 0xDDD2, 0xDDD2, 0xDDB2, 0xE613,
    0xDDF3, 0xDD91, 0xDDB1, 0xDDB2, 0xDDB2, 0xDDB2, 0xDDB2, 0xDDB2, 0xD591, 0xDDD2, 0x9B89, 0x9BAA, 0xEE75, 0xFF18, 0xFF39, 0xDE14,
    0x82A5, 0xB44C, 0xCD0F, 0xDD91, 0xDD91, 0xDD91, 0xDD91, 0xDD91, 0xDD91, 0xDD71, 0xDD71, 0xE613, 0xEE33, 0xE613, 0xE613, 0xE613,
    0xE613, 0xE613, 0xE612, 0xE612, 0xE613, 0xE5D1, 0xDD6F, 0xDD6F, 0xE5B0, 0xDD90, 0xEE12, 0xE5F2, 0xE5F2, 0xE5F1, 0xE5F1, 0xE5F1,
    0xE5F1, 0xE5F1, 0xE5F1, 0xE5D0, 0xE5AF, 0xE5D0, 0xE5F0, 0xEDF1, 0xEDF1, 0xEDF1, 0xEDF1, 0xEDF0, 0xEDF0, 0xEDF0, 0xEDF0, 0xEDF0,
    0xEDF0, 0xEDF0, 0xEDF0, 0xEDF0, 0xE5AF, 0xCC8B, 0xCC4A, 0xC44A, 0xBBE8, 0xB3A8, 0xB3A8, 0xB3A8, 0xB3A8, 0xB3A8, 0xB3A8, 0xB3A8,
    0xAB67, 0x8243, 0x79E2, 0x79E3, 0x79E3, 0x7A03, 0x7A03, 0x7A03, 0x7A03, 0x9AA4, 0xB325, 0xB325, 0xBB66, 0xBB66, 0xBB86, 0xC408,
    0xC408, 0xCC08, 0xCC08, 0xC408, 0xC408, 0xC408, 0xC408, 0xC408, 0xC3E8, 0xBBC8, 0xB387, 0xB367, 0xB367, 0xB387, 0xAB47, 0x92C5,
    0x92C5, 0x9AC5, 0x9AC5, 0x92C5, 0x92C5, 0x92C5, 0x9B06, 0x6141, 0x8B07, 0xFF53, 0xFED2, 0xFED2, 0xFEF2, 0xFED2, 0xFED2, 0xFED2,
    0xFED2, 0xFED2, 0xFED2, 0xFED2, 0xFED2, 0xFED2, 0xFED2, 0xFED2, 0xFED2, 0xFED2, 0xFED2, 0xFED2, 0xFED2, 0xFED2, 0xFED2, 0xFF14,
    0xFEB0, 0xFEB0, 0xFEB1, 0xFEB1, 0xFEB1, 0xFEB1, 0xFEB1, 0xFEB1, 0xFEB1, 0xFEB1, 0xFED2, 0xFFB7, 0xFFD9, 0xFFD8, 0xFFD8, 0xFFD8,
    0xFFD8, 0xFFD8, 0xFFD8, 0xFFD8, 0xFFD8, 0xFFD8, 0xFFD8, 0xFFD8, 0xFFD9, 0xFFD8, 0xFFD8, 0xFFD8, 0xFFD8, 0xFFD9, 0xFFD9, 0xFFD8,
    0xFFD8, 0xFFD8, 0xFFD8, 0xFFD8, 0xFFD8, 0xFFD8, 0xFFD8, 0xFFD8, 0xFFD8, 0xFFD8, 0xFFD8, 0xFFD8, 0xFFD9, 0xFFD9, 0xFFD8, 0xFFB6,
    0xFF32, 0xFF32, 0xFF32, 0xFF53, 0xFFB7, 0xFFD8, 0xFFD7, 0xFFD8, 0xFFB7, 0xFF54, 0xFF34, 0xFF54, 0xFF54, 0xFF33, 0xFEF1, 0xFEF1,
    0xFED1, 0xFF75, 0xFF12, 0xFED1, 0xFEF1, 0xFED1, 0xFED2, 0xFEF2, 0xF6D1, 0xAAE4, 0xE6B2, 0xF6D3, 0xFF77, 0xFFFA, 0xFFFA, 0xFFFA,
    0xFFFA, 0xFFFA, 0xFFFA, 0xFFFB, 0xF758, 0xEED6, 0xE654, 0xE5D2, 0xE5D2, 0xE5D2, 0xE5D2, 0xDDF2, 0xDDD2, 0xDDD2, 0xDDF2, 0xDDD2,
    0xDDF2, 0xE5F3, 0xE5F3, 0xE5F3, 0xE613, 0xE613, 0xE613, 0xE613, 0xDDD2, 0xD5B1, 0xDDB1, 0xB44C, 0xABEB, 0xBCAE, 0xB48E, 0xB44C,
    0xB40B, 0xCD0E, 0xE5D1, 0xDD70, 0xDD71, 0xDD91, 0xDD91, 0xDD91, 0xDDD2, 0xE5F3, 0xE5F3, 0xE613, 0xE633, 0xE613, 0xE613, 0xE613,
    0xE613, 0xE613, 0xE612, 0xE612, 0xE612, 0xE5F2, 0xDDB0, 0xDD6F, 0xDD90, 0xDD4E, 0xDD2D, 0xDDB0, 0xEDF1, 0xDD0D, 0xDD6E, 0xE5F1,
    0xE5D1, 0xE5D1, 0xE5F1, 0xEE11, 0xEDF0, 0xE5D0, 0xE5F0, 0xEDF1, 0xEDF1, 0xEDF1, 0xEDF1, 0xEDF0, 0xEDF0, 0xEDF0, 0xEDF1, 0xEDF0,
    0xEDF0, 0xEDF0, 0xEDF0, 0xEDF0, 0xEDF0, 0xD4AB, 0xCC4A, 0xC429, 0xC429, 0xBBE9, 0xB3A8, 0xB3A8, 0xB3A8, 0xB3A8, 0xB3A8, 0xB3A8,
    0xB387, 0xAB87, 0x8A85, 0x71C2, 0x7A03, 0x7A03, 0x7A03, 0x7A03, 0x79E3, 0x9AC4, 0xBB86, 0xBB86, 0xBB66, 0xBB66, 0xB366, 0xBBA7,
    0xC408, 0xC408, 0xCC08, 0xCC08, 0xC408, 0xC408, 0xC408, 0xC408, 0xC3E8, 0xBBA8, 0xB387, 0xB367, 0xB367, 0xB387, 0xAB27, 0x92A5,
    0x92C5, 0x92C5, 0x9AC5, 0x92C5, 0x92C5, 0x92C5, 0x9B06, 0x6141, 0x8B07, 0xFF53, 0xFED2, 0xFED2, 0xFEF2, 0xFED2, 0xFED2, 0xFED2,
    0xFED2, 0xFED2, 0xFED2, 0xFED2, 0xFED2, 0xFED2, 0xFED2, 0xFED2, 0xFED2, 0xFED2, 0xFED2, 0xFED2, 0xFED2, 0xFED2, 0xFED2, 0xFED2,
    0xFED2, 0xFED2, 0xFEB1, 0xFEB1, 0xFEB1, 0xFEB1, 0xFEB1, 0xFEB1, 0xFEB1, 0xFEB1, 0xFED2, 0xFFB7, 0xFFD9, 0xFFD8, 0xFFD9, 0xFFD9,
    0xFFD9, 0xFFD9, 0xFFD8, 0xFFD8, 0xFFB8, 0xFFD8, 0xFFD8, 0xFFD8, 0xFFD8, 0xFFD9, 0xFFD9, 0xFFD9, 0xFFD9, 0xFFD9, 0xFFD9, 0xFFD9,
    0xFFD9, 0xFFD9, 0xFFD9, 0xFFD8, 0xFFD8, 0xFFD8, 0xFFD8, 0xFFD8, 0xFFD8, 0xFFD8, 0xFFD8, 0xFFD8, 0xFFD8, 0xFFD9, 0xFFD8, 0xFFD8,
    0xFFB7, 0xFF33, 0xFF12, 0xFF32, 0xFF33, 0xFF34, 0xFF34, 0xFF34, 0xFF33, 0xFEF2, 0xFED1, 0xFED1, 0xFED1, 0xFED1, 0xFEF1, 0xFED0,
    0xFF56, 0xFF55, 0xFEF1, 0xFED1, 0xFED1, 0xFED1, 0xFED1, 0xFEF2, 0xF6B1, 0x9A63, 0xE691, 0xFFB6, 0xFFB8, 0xFFFA, 0xFFFA, 0xFFFA,
    0xFFFA, 0xFFFA, 0xFFFA, 0xFFFA, 0xFFFB, 0xFFFB, 0xE6B5, 0xE5D2, 0xE613, 0xE5F2, 0xE5F2, 0xDDF2, 0xE5F2, 0xDDF2, 0xDDF2, 0xE5F2,
    0xE5F3, 0xE5F3, 0xE5F3, 0xE5F3, 0xE613, 0xE613, 0xE613, 0xE613, 0xDDD2, 0xDDB2, 0xDDD2, 0xEE13, 0xB44D, 0xA3CA, 0xABEA, 0xB46C,
    0xEE13, 0xDDB1, 0xD591, 0xDDB2, 0xDDB2, 0xDDB2, 0xDDD2, 0xD591, 0xDDF2, 0xE633, 0xE613, 0xE613, 0xE613, 0xE613, 0xE613, 0xE613,
    0xE613, 0xE613, 0xE613, 0xE612, 0xE612, 0xE612, 0xE5B0, 0xDD4F, 0xDD90, 0xDD2E, 0xDD2D, 0xDD4E, 0xE56F, 0xDD0D, 0xDD2D, 0xE5D0,
    0xE5D0, 0xE5D0, 0xE5D0, 0xE5D0, 0xEE11, 0xEE11, 0xEE11, 0xEDF1, 0xEE11, 0xEDF1, 0xEDF1, 0xEDF1, 0xEDF1, 0xEDF1, 0xEDF1, 0xEDF1,
    0xEDF1, 0xEDF1, 0xE5CF, 0xE5AF, 0xE5AF, 0xD4AB, 0xCC49, 0xC409, 0xC409, 0xC429, 0xC409, 0xBBC8, 0xB3A8, 0xB3A8, 0xB3A8, 0xB3A8,
    0xB387, 0xBBC8, 0x92A5, 0x71A2, 0x7A03, 0x7A03, 0x7A03, 0x7A03, 0x79E3, 0xA2E4, 0xC386, 0xBB86, 0xBBC7, 0xC3C7, 0xC3C7, 0xC3C7,
    0xC408, 0xC408, 0xC408, 0xCC08, 0xC408, 0xC408, 0xC408, 0xC408, 0xC3E9, 0xC3E9, 0xBBA8, 0xB367, 0xB367, 0xB387, 0xAB26, 0x92A5,
    0x92C5, 0x92C5, 0x92C5, 0x92C5, 0x92C5, 0x92C5, 0x9B06, 0x6141, 0x9307, 0xFF54, 0xFED2, 0xFEF2, 0xFED2, 0xFED2, 0xFED2, 0xFED2,
    0xFED3, 0xFED3, 0xFED2, 0xFED3, 0xFED3, 0xFED2, 0xFED2, 0xFED2, 0xFED2, 0xFED2, 0xFED2, 0xFED2, 0xFED2, 0xFED2, 0xFED2, 0xFED2,
    0xFED2, 0xFED1, 0xFED1, 0xFEB1, 0xFEB1, 0xFEB1, 0xFEB1, 0xFEB1, 0xFEB1, 0xFEB1, 0xFED1, 0xFFB7, 0xFFD9, 0xFFD8, 0xFFD8, 0xFFD9,
    0xFFD9, 0xFFD9, 0xFFD8, 0xFFD8, 0xFFB8, 0xFFD8, 0xFFD8, 0xFFD8, 0xFFD8, 0xFFD9, 0xFFD8, 0xFFD9, 0xFFD9, 0xFFD9, 0xFFD9, 0xFFD9,
    0xFFD9, 0xFFD8, 0xFFD8, 0xFFD8, 0xFFD8, 0xFFD8, 0xFFD8, 0xFFD8, 0xFFD8, 0xFFD8, 0xFFD8, 0xFFD8, 0xFFD8, 0xFFD8, 0xFFD9, 0xFFD9,
    0xFFD8, 0xFF76, 0xFF54, 0xFF12, 0xFEF2, 0xFED2, 0xFED1, 0xFED1, 0xFEF1, 0xFEF1, 0xFEF1, 0xFEF1, 0xFEF1, 0xFED1, 0xFEF1, 0xFEF2,
    0xFF77, 0xFF34, 0xFEF0, 0xFF54, 0xFF55, 0xFF55, 0xFF55, 0xFF75, 0xFF55, 0xCD4F, 0xE651, 0xC50C, 0xF777, 0xFFFA, 0xFFFA, 0xFFFA,
    0xFFFA, 0xFFFA, 0xFFFA, 0xFFDA, 0xFFDA, 0xFFFA, 0xFF99, 0xEE95, 0xF695, 0xE5F3, 0xDDD2, 0xDDF2, 0xE5F3, 0xE5F2, 0xE5F2, 0xE5F2,
    0xE5F3, 0xE5F3, 0xE5F3, 0xE5F3, 0xE613, 0xE613, 0xE613, 0xE613, 0xDDD2, 0xDDB2, 0xDDD2, 0xDDD2, 0xE613, 0xE613, 0xEE33, 0xE5F3,
    0xDDB2, 0xE5F3, 0xE613, 0xE634, 0xE634, 0xE633, 0xE613, 0xE5F3, 0xE613, 0xE613, 0xE613, 0xE613, 0xE613, 0xE633, 0xE613, 0xE613,
    0xE633, 0xE613, 0xE613, 0xE612, 0xE612, 0xE612, 0xE5F2, 0xE5B0, 0xDD8F, 0xDD4E, 0xDD2E, 0xDD2E, 0xDD4D, 0xDCEC, 0xDCCB, 0xD4CB,
    0xE5AF, 0xE5D0, 0xE5B0, 0xE5D0, 0xEE11, 0xEE11, 0xEE11, 0xEE11, 0xEE11, 0xEE11, 0xEE11, 0xEDF1, 0xEDF1, 0xEDF1, 0xEDF1, 0xEDF1,
    0xEDF1, 0xEDF1, 0xE5AF, 0xE58E, 0xE52D, 0xD48A, 0xCC4A, 0xC409, 0xC409, 0xC409, 0xC409, 0xC409, 0xC409, 0xC409, 0xC409, 0xBBC8,
    0xB387, 0xB3A8, 0x92A5, 0x71C2, 0x79E3, 0x7A03, 0x7A03, 0x7A03, 0x7A03, 0x9284, 0xAAE5, 0xB365, 0xCC08, 0xCC08, 0xCC08, 0xCC08,
    0xC408, 0xC408, 0xC408, 0xCC08, 0xCC08, 0xC408, 0xC408, 0xC408, 0xC3E8, 0xBBA7, 0xB387, 0xB387, 0xB387, 0xBBA8, 0xAB47, 0x92A5,
    0x9AC5, 0x92C5, 0x9AC5, 0x92C5, 0x92C5, 0x9AC5, 0x9B06, 0x6141, 0x8AE7, 0xFF54, 0xFED2, 0xFEF2, 0xFED2, 0xFED2, 0xFED2, 0xFED2,
    0xFED3, 0xFED2, 0xFED2, 0xFED3, 0xFED3, 0xFED2, 0xFED2, 0xFED2, 0xFED2, 0xFED2, 0xFED2, 0xFED2, 0xFED2, 0xFED2, 0xFED2, 0xFED2,
    0xFED1, 0xFED1, 0xFED1, 0xFED1, 0xFEB1, 0xFEB1, 0xFEB1, 0xFEB1, 0xFEB1, 0xFEB1, 0xFEB2, 0xFF96, 0xFFD8, 0xFFD9, 0xFFD9, 0xFFD8,
    0xFFD9, 0xFFD9, 0xFFD9, 0xFFF8, 0xFFD8, 0xFFD8, 0xFFD8, 0xFFD8, 0xFFD8, 0xFFD8, 0xFFD8, 0xFFD8, 0xFFD9, 0xFFD8, 0xFFB8, 0xFFD8,
    0xFFD8, 0xFFD8, 0xFFD8, 0xFFD8, 0xFFD8, 0xFFD8, 0xFFD8, 0xFFD8, 0xFFD8, 0xFFD8, 0xFFB8, 0xFFD8, 0xFFD8, 0xFFD8, 0xFFD8, 0xFFD9,
    0xFFD9, 0xFFD9, 0xFFB7, 0xFF33, 0xFEF1, 0xFED1, 0xFED1, 0xFED1, 0xFED1, 0xFED1, 0xFED1, 0xFED1, 0xFED1, 0xFED0, 0xFEF1, 0xFFB8,
    0xFF76, 0xFF54, 0xFF54, 0xFFB7, 0xFFD8, 0xFFB8, 0xFFB8, 0xFFD8, 0xFFB8, 0xFFFA, 0xF6F4, 0x9A43, 0xEEF6, 0xFFFA, 0xFFF9, 0xFFFA,
    0xFFFA, 0xFFDA, 0xFFDA, 0xFFDA, 0xFFDA, 0xFFFA, 0xFFDA, 0xEE95, 0xEE75, 0xE634, 0xEE34, 0xE613, 0xE5F2, 0xE5F2, 0xE5F3, 0xE5F3,
    0xE5F3, 0xE5F3, 0xE5F3, 0xE5F3, 0xE613, 0xE613, 0xE613, 0xE613, 0xDDD2, 0xDDB2, 0xDDB2, 0xDDD2, 0xDDD2, 0xDDD2, 0xDDD2, 0xE5D2,
    0xE613, 0xEE34, 0xE634, 0xE634, 0xE633, 0xE633, 0xE633, 0xE633, 0xE633, 0xE613, 0xE613, 0xE613, 0xE613, 0xE633, 0xE613, 0xE613,
    0xE5F2, 0xE5F2, 0xE613, 0xE612, 0xE612, 0xE612, 0xE633, 0xE5F1, 0xDD8F, 0xE5B0, 0xDD6F, 0xDD2E, 0xE5B0, 0xE58F, 0xDCCB, 0xD4AB,
    0xE58F, 0xE5B0, 0xE5D0, 0xE5D0, 0xEE11, 0xEE11, 0xEE11, 0xEE11, 0xEE11, 0xEE11, 0xEE11, 0xEE11, 0xEE11, 0xEDF1, 0xEDF1, 0xEDF1,
    0xEDF1, 0xEDF1, 0xEDF0, 0xDD4D, 0xD4AB, 0xCC6A, 0xC429, 0xC409, 0xC409, 0xC409, 0xC409, 0xC409, 0xC409, 0xC409, 0xBBC8, 0xB3A7,
    0xB3A7, 0xB3A7, 0xAB67, 0x92E5, 0x79E3, 0x7A03, 0x7A03, 0x7A03, 0x7A03, 0x8203, 0x9A84, 0xBB66, 0xCC08, 0xC3E7, 0xC408, 0xCC08,
    0xC408, 0xC408, 0xC408, 0xCC08, 0xCC08, 0xC408, 0xC408, 0xC408, 0xC409, 0xCC09, 0xBBA8, 0xB387, 0xB387, 0xB387, 0xA305, 0x92A5,
    0x9AC5, 0x9AC5, 0x92C5, 0x92C5, 0x92C5, 0x92C5, 0x9B06, 0x6141, 0x8AE6, 0xFF74, 0xFED2, 0xFEF2, 0xFED2, 0xFED2, 0xFED3, 0xFED2,
    0xFED3, 0xFED3, 0xFED3, 0xFED2, 0xFED3, 0xFED2, 0xFED2, 0xFED2, 0xFED2, 0xFED2, 0xFED2, 0xFED2, 0xFED2, 0xFED2, 0xFED2, 0xFED2,
    0xFEB1, 0xFED1, 0xFED2, 0xFED2, 0xFED2, 0xFED2, 0xFED2, 0xFEB2, 0xFEB1, 0xFEB1, 0xFEB1, 0xFED2, 0xFF96, 0xFFD9, 0xFFD9, 0xFFD8,
    0xFFD8, 0xFFD8, 0xFFD8, 0xFFD9, 0xFFD9, 0xFFD8, 0xFFD8, 0xFFD8, 0xFFD8, 0xFFD8, 0xFFD8, 0xFFD8, 0xFFB8, 0xFFB8, 0xFFB8, 0xFFB8,
    0xFFD8, 0xFFD8, 0xFFD8, 0xFFD8, 0xFFD8, 0xFFD8, 0xFFD8, 0xFFD8, 0xFFB8, 0xFFD8, 0xFFB8, 0xFFB8, 0xFFB8, 0xFFB8, 0xFFB7, 0xFFB7,
    0xFF97, 0xFF97, 0xFF97, 0xFF75, 0xFEF2, 0xFED1, 0xFED1, 0xFED1, 0xFED1, 0xFED1, 0xFF33, 0xFF33, 0xFF13, 0xFF13, 0xFF54, 0xFFD8,
    0xFFF9, 0xFFD8, 0xFFD8, 0xFFB8, 0xFFB8, 0xFFB8, 0xFFB8, 0xFFB8, 0xFFB8, 0xFFD8, 0xF6F4, 0xA2C4, 0xEF16, 0xFFFA, 0xFFD9, 0xFFF9,
    0xFFF9, 0xFFDA, 0xFFDA, 0xFFDA, 0xFFDA, 0xFFFA, 0xFFDA, 0xEE95, 0xEE75, 0xEE75, 0xEE96, 0xEE34, 0xE5F2, 0xE5F3, 0xE5F3, 0xE5F3,
    0xE5F3, 0xE5F3, 0xE5F3, 0xE613, 0xE613, 0xE613, 0xE613, 0xE613, 0xE5F3, 0xDDD2, 0xE613, 0xE5D2, 0xDDD2, 0xDDD2, 0xE5F3, 0xEE34,
    0xEE34, 0xEE34, 0xE634, 0xEE34, 0xE634, 0xEE34, 0xE633, 0xE633, 0xE633, 0xE633, 0xE633, 0xE613, 0xE613, 0xE613, 0xE633, 0xE613,
    0xDD90, 0xDDB0, 0xE613, 0xE612, 0xE612, 0xE612, 0xE612, 0xE612, 0xE5B0, 0xE5B0, 0xE5D0, 0xE5B0, 0xE5F1, 0xEE11, 0xDD4E, 0xDCEC,
    0xDCEC, 0xE58F, 0xE5D0, 0xE5F0, 0xE5F0, 0xEDF0, 0xEDF1, 0xEDF1, 0xEE11, 0xEE11, 0xEE11, 0xEE11, 0xEE11, 0xEE11, 0xEE11, 0xEE11,
    0xEDF1, 0xEDF1, 0xF611, 0xDD2D, 0xC3E8, 0xC429, 0xC429, 0xC429, 0xC409, 0xC409, 0xC409, 0xC409, 0xC409, 0xBBE9, 0xBBC8, 0xB3A7,
    0xB3A7, 0xB3A7, 0xAB67, 0x92C5, 0x71E3, 0x7A03, 0x7A03, 0x7A03, 0x7A03, 0x79E2, 0x9263, 0xB366, 0xBB86, 0xC407, 0xC408, 0xCC08,
    0xCC08, 0xCC08, 0xCC08, 0xCC08, 0xCC08, 0xCC08, 0xCC08, 0xCC09, 0xC3C8, 0xBBC7, 0xBBA7, 0xB387, 0xB387, 0xAB47, 0x92A4, 0x92A5,
    0x9AC5, 0x92C5, 0x92C5, 0x92C5, 0x92C5, 0x92C5, 0x9B26, 0x6962, 0x8AE7, 0xF714, 0xFEB2, 0xFEF2, 0xFEF2, 0xFED3, 0xFED3, 0xFED3,
    0xFED3, 0xFED3, 0xFED3, 0xFED3, 0xFED3, 0xFED2, 0xFED2, 0xFED2, 0xFED2, 0xFED2, 0xFED2, 0xFED2, 0xFED2, 0xFED2, 0xFED2, 0xFED2,
    0xFEB1, 0xFE91, 0xFED2, 0xFED2, 0xFED2, 0xFED2, 0xFED2, 0xFED2, 0xFEB1, 0xFEB1, 0xFEB1, 0xFEB2, 0xFF96, 0xFFF9, 0xFFD9, 0xFFD8,
    0xFFD8, 0xFFD8, 0xFFD8, 0xFFD8, 0xFFD8, 0xFFD9, 0xFFD9, 0xFFD9, 0xFFD9, 0xFFD9, 0xFFD8, 0xFFB8, 0xFFD8, 0xFFD8, 0xFFD8, 0xFFD8,
    0xFFD8, 0xFFD8, 0xFFD8, 0xFFD8, 0xFFD8, 0xFFD8, 0xFFD8, 0xFFD9, 0xFFD8, 0xFFB7, 0xFFB8, 0xFFB7, 0xFFB7, 0xFFB8, 0xFF96, 0xFED2,
    0xFEB1, 0xFEB1, 0xFEB1, 0xFED1, 0xFEB0, 0xFEB0, 0xFEF2, 0xFF12, 0xFF12, 0xFF14, 0xFFD8, 0xFFD9, 0xFFD9, 0xFFD9, 0xFFD9, 0xFFDA,
    0xFFD8, 0xFFD8, 0xFFB8, 0xFFB8, 0xFFB8, 0xFFB8, 0xFFB8, 0xFFB8, 0xFFB8, 0xFFF9, 0xF6F4, 0xA2C4, 0xF757, 0xFFFA, 0xFFF9, 0xFFF9,
    0xFFF9, 0xFFDA, 0xFFDA, 0xFFDA, 0xFFDA, 0xFFDA, 0xF778, 0xEE75, 0xEE75, 0xEE75, 0xEE75, 0xE634, 0xE613, 0xEE75, 0xE634, 0xE5F2,
    0xE5F3, 0xE5F3, 0xE5F3, 0xE613, 0xE613, 0xE5F3, 0xEE34, 0xEE54, 0xEE34, 0xEE54, 0xEE55, 0xEE34, 0xE613, 0xE613, 0xE634, 0xE634,
    0xEE34, 0xEE34, 0xEE34, 0xEE34, 0xEE34, 0xEE34, 0xEE34, 0xE633, 0xE633, 0xE633, 0xE633, 0xE633, 0xE633, 0xE633, 0xEE33, 0xE613,
    0xDD90, 0xDD90, 0xE613, 0xE612, 0xE612, 0xE612, 0xE612, 0xEE12, 0xE5F2, 0xE5B0, 0xEE12, 0xEE12, 0xE611, 0xE5F1, 0xEE32, 0xE58F,
    0xDCEC, 0xE58F, 0xE5D0, 0xE5D0, 0xE5D0, 0xE5D0, 0xE5D0, 0xE5F0, 0xEE11, 0xEE11, 0xEE11, 0xEE11, 0xEE11, 0xEE11, 0xEE11, 0xEE11,
    0xEE11, 0xDD4E, 0xD4EC, 0xD4AB, 0xC429, 0xC409, 0xC429, 0xC409, 0xC409, 0xC409, 0xC409, 0xC429, 0xBBC8, 0xB387, 0xB3A7, 0xB3A7,
    0xB3A7, 0xB3A7, 0xA346, 0x92A5, 0x8243, 0x7A03, 0x7A03, 0x7A03, 0x7A03, 0x9AC5, 0xB346, 0xB325, 0xAB25, 0xC3E7, 0xCC08, 0xCC08,
    0xCC08, 0xCC08, 0xCC08, 0xCC08, 0xCC08, 0xC408, 0xC408, 0xCC08, 0xBBC8, 0xBBA7, 0xBB87, 0xB387, 0xB387, 0xB367, 0x9AC5, 0x92C5,
    0x92C5, 0x92C5, 0x92C5, 0x92C5, 0x92C5, 0x9AC5, 0xAB46, 0xAB47, 0x71C3, 0x69C3, 0xCD4E, 0xFF33, 0xFED2, 0xFEF3, 0xFED3, 0xFED3,
    0xFED3, 0xFED3, 0xFED3, 0xFED3, 0xFED3, 0xFED2, 0xFED2, 0xFED2, 0xFED2, 0xFED2, 0xFED2, 0xFED2, 0xFED2, 0xFED2, 0xFED2, 0xFED2,
    0xFEB1, 0xFEB1, 0xFED1, 0xFED2, 0xFED2, 0xFEB2, 0xFEB2, 0xFEB2, 0xFEB2, 0xFEB1, 0xFEB1, 0xFED2, 0xFF97, 0xFFD9, 0xFFD9, 0xFFD8,
    0xFFD8, 0xFFD8, 0xFFD8, 0xFFD8, 0xFFD8, 0xFFD8, 0xFFD8, 0xFFD9, 0xFFD9, 0xFFD9, 0xFFD8, 0xFFD8, 0xFFD8, 0xFFD8, 0xFFB8, 0xFFB8,
    0xFFD8, 0xFFD8, 0xFFD8, 0xFFD8, 0xFFB7, 0xFFB8, 0xFFB8, 0xFFB8, 0xFFB7, 0xFF34, 0xFEF3, 0xFF13, 0xFF13, 0xFF14, 0xFF13, 0xFEB0,
    0xFEB0, 0xFEB0, 0xFEB0, 0xFE90, 0xFEB0, 0xFED1, 0xFF96, 0xFFB8, 0xFFB8, 0xFFB8, 0xFFD8, 0xFFD8, 0xFFD8, 0xFFD8, 0xFFD9, 0xFFD9,
    0xFFD8, 0xFFB8, 0xFFB8, 0xFFB8, 0xFFB8, 0xFFB8, 0xFFB8, 0xFFB8, 0xFFB8, 0xFFF9, 0xEED4, 0x9A63, 0xE693, 0xF777, 0xFFD9, 0xFFF9,
    0xFFF9, 0xFFD9, 0xFFDA, 0xFFDA, 0xFFFB, 0xF758, 0xEE75, 0xEE75, 0xEE75, 0xEE75, 0xEE75, 0xEE54, 0xEE54, 0xEE75, 0xEE54, 0xE634,
    0xE634, 0xE634, 0xE634, 0xE613, 0xE613, 0xE614, 0xEE54, 0xEE54, 0xEE54, 0xEE55, 0xEE34, 0xEE34, 0xEE34, 0xEE34, 0xE634, 0xE634,
    0xEE34, 0xEE34, 0xEE34, 0xEE34, 0xEE34, 0xEE34, 0xEE34, 0xEE34, 0xEE33, 0xEE33, 0xEE33, 0xEE33, 0xEE33, 0xEE33, 0xEE33, 0xE613,
    0xDD70, 0xDD90, 0xDDB1, 0xE612, 0xE612, 0xEE12, 0xE612, 0xE612, 0xEE12, 0xEE12, 0xE5F2, 0xE5F1, 0xEDF1, 0xEDF1, 0xE5F1, 0xEDF1,
    0xE58F, 0xDD8F, 0xEDF0, 0xE5D0, 0xE5D0, 0xE5D0, 0xE5F0, 0xE5F0, 0xEDD0, 0xEDF0, 0xEE11, 0xEE11, 0xEE11, 0xEE11, 0xEE11, 0xEE11,
    0xE58F, 0xDD0D, 0xD48A, 0xCC69, 0xC429, 0xC429, 0xC429, 0xC429, 0xC42A, 0xC409, 0xC409, 0xC409, 0xC409, 0xBBE9, 0xB3A7, 0xB387,
    0xB3A7, 0xB3A8, 0xA346, 0x92C5, 0x8A64, 0x7A03, 0x79E3, 0x7A03, 0x79E2, 0xAB05, 0xBB66, 0xBB86, 0xC3C7, 0xC408, 0xCC08, 0xCC08,
    0xCC08, 0xCC08, 0xC408, 0xCC49, 0xCC49, 0xC3E7, 0xC3E8, 0xC3E8, 0xC3E8, 0xC3C8, 0xBBA7, 0xB387, 0xB387, 0xAB46, 0x9AA5, 0x9AC5,
    0x9AC5, 0x92C4, 0x92C5, 0x9AC5, 0x9AC5, 0x92C5, 0x9AE5, 0xB3A7, 0xB3A8, 0x6141, 0xD56F, 0xFFB4, 0xFED2, 0xFED3, 0xFED3, 0xFED3,
    0xFED3, 0xFED3, 0xFED3, 0xFED2, 0xFED2, 0xFED2, 0xFED2, 0xFED2, 0xFED2, 0xFED2, 0xFED2, 0xFED2, 0xFED2, 0xFED2, 0xFED2, 0xFED2,
    0xFEB0, 0xFEB1, 0xFE91, 0xFE91, 0xFE91, 0xFE91, 0xFEB2, 0xFEB2, 0xFEB2, 0xFEB2, 0xFEB2, 0xFED2, 0xFF34, 0xFF97, 0xFFB8, 0xFFD8,
    0xFFD8, 0xFFD8, 0xFFB8, 0xFF97, 0xFFB8, 0xFFD8, 0xFFD8, 0xFFD8, 0xFFD8, 0xFFD8, 0xFFD8, 0xFFD8, 0xFFD8, 0xFFD8, 0xFFD8, 0xFFD9,
    0xFFD8, 0xFFD8, 0xFFB7, 0xFF55, 0xFEF3, 0xFEF3, 0xFEF3, 0xFEF3, 0xFEF3, 0xFEB1, 0xFE90, 0xFE90, 0xFE90, 0xFE90, 0xFE90, 0xFEB0,
    0xFEB0, 0xFEB0, 0xFEB0, 0xFEB0, 0xFEB0, 0xFEB1, 0xFED2, 0xFF96, 0xFFB8, 0xFFB8, 0xFFD8, 0xFFD8, 0xFFD8, 0xFFD9, 0xFFD9, 0xFFD9,
    0xFFD9, 0xFFB8, 0xFFB8, 0xFFB8, 0xFFB8, 0xFFB8, 0xFFB8, 0xFFB8, 0xFFB8, 0xFFD9, 0xFF97, 0xDE52, 0xCD2D, 0xAB05, 0xF756, 0xFFFA,
    0xFFD9, 0xFFD9, 0xFFFA, 0xFFDA, 0xFFFB, 0xF737, 0xEE54, 0xEE75, 0xEE75, 0xEE75, 0xEE75, 0xEE75, 0xEE75, 0xEE75, 0xEE75, 0xEE75,
    0xEE55, 0xEE55, 0xEE55, 0xE633, 0xE634, 0xEE55, 0xEE55, 0xEE55, 0xEE54, 0xEE55, 0xEE54, 0xEE34, 0xEE34, 0xEE34, 0xE634, 0xEE34,
    0xEE34, 0xEE34, 0xEE34, 0xEE34, 0xEE54, 0xEE34, 0xEE34, 0xEE34, 0xEE33, 0xEE33, 0xEE33, 0xEE33, 0xEE33, 0xEE34, 0xEE34, 0xE633,
    0xE5D1, 0xDD70, 0xD56F, 0xE5F2, 0xE612, 0xE612, 0xE612, 0xE612, 0xE612, 0xEE12, 0xEDF2, 0xE5F1, 0xEDF1, 0xEDF1, 0xEDF1, 0xEE11,
    0xEDF1, 0xEDD0, 0xE5F0, 0xE5D0, 0xE5D0, 0xE5D0, 0xE5D0, 0xE5D0, 0xEDD0, 0xE5D0, 0xEDF1, 0xEE12, 0xEE12, 0xEE12, 0xEE12, 0xEE11,
    0xDD4E, 0xDCEC, 0xDD0C, 0xD4AB, 0xC429, 0xCC6A, 0xCC4A, 0xCC4A, 0xC429, 0xC409, 0xC409, 0xC409, 0xC429, 0xC409, 0xB3A8, 0xB3C8,
    0xB387, 0xAB47, 0xA327, 0x9AC5, 0x8223, 0x7A03, 0x79E3, 0x7A03, 0x79E2, 0xA2E5, 0xB345, 0xC3E7, 0xCC28, 0xCC08, 0xCC08, 0xCC08,
    0xCC08, 0xCC08, 0xC408, 0xD469, 0xCC49, 0xC408, 0xC3C8, 0xC3C8, 0xBBC8, 0xBBC8, 0xBBA7, 0xB387, 0xBB87, 0xAB26, 0x9AA4, 0x9AA5,
    0x9AC4, 0x9AC4, 0x92A4, 0xA2E5, 0xB387, 0xB387, 0xB387, 0xBBA7, 0xC3E8, 0x8A85, 0x9328, 0xB48C, 0xFEF2, 0xFED2, 0xFED2, 0xFED2,
    0xFED3, 0xFED3, 0xFED2, 0xFED2, 0xFED2, 0xFED2, 0xFED2, 0xFED2, 0xFED2, 0xFED2, 0xFED2, 0xFED2, 0xFED2, 0xFED2, 0xFED2, 0xFED2,
    0xFEB0, 0xFEB0, 0xFE90, 0xFE90, 0xFE91, 0xFE91, 0xFEB2, 0xFEB2, 0xFEB2, 0xFEB2, 0xFEB1, 0xFEB1, 0xFF34, 0xFF97, 0xFF97, 0xFFB7,
    0xFFD8, 0xFFD8, 0xFFB8, 0xFFB8, 0xFFB8, 0xFFB8, 0xFFD8, 0xFFD8, 0xFFB8, 0xFFD8, 0xFFD8, 0xFFD8, 0xFFD8, 0xFFB8, 0xFF75, 0xFF55,
    0xFF55, 0xFF55, 0xFF13, 0xFED1, 0xFE90, 0xFE90, 0xFE90, 0xFE90, 0xFE90, 0xFEB0, 0xFEB1, 0xFEB0, 0xFEB0, 0xFEB0, 0xFEB0, 0xFEB0,
    0xFEB0, 0xFEB0, 0xFEB0, 0xFE90, 0xFEB0, 0xFEB0, 0xFEB0, 0xFF55, 0xFFB7, 0xFFB8, 0xFFB8, 0xFFD8, 0xFFD8, 0xFFD9, 0xFFD9, 0xFFD9,
    0xFFD9, 0xFFB8, 0xFFB8, 0xFFB8, 0xFFB8, 0xFFB8, 0xFFB8, 0xFFB8, 0xFFB8, 0xFFD8, 0xFFD9, 0xFFFA, 0xFF77, 0xAB06, 0xF756, 0xFFFA,
    0xFFD9, 0xFFDA, 0xFFF9, 0xFF98, 0xFF98, 0xF737, 0xEE75, 0xEE54, 0xEE55, 0xEE75, 0xEE75, 0xEE75, 0xEE75, 0xEE75, 0xEE75, 0xEE55,
    0xEE75, 0xEE55, 0xEE55, 0xEE55, 0xEE55, 0xEE55, 0xEE55, 0xEE55, 0xEE55, 0xEE55, 0xEE55, 0xEE34, 0xEE34, 0xEE34, 0xEE34, 0xEE34,
    0xEE34, 0xEE34, 0xEE34, 0xEE34, 0xEE54, 0xEE34, 0xEE34, 0xEE34, 0xEE33, 0xEE33, 0xEE33, 0xEE33, 0xEE33, 0xEE34, 0xEE33, 0xEE33,
    0xE613, 0xDD6F, 0xD56F, 0xE612, 0xEE32, 0xEE12, 0xEE12, 0xEE12, 0xE612, 0xEE12, 0xEE12, 0xE611, 0xEE11, 0xE5F1, 0xE5F1, 0xEDF0,
    0xE5F0, 0xEDF0, 0xE5F0, 0xE5D0, 0xE5D0, 0xE5D0, 0xE5F0, 0xEE11, 0xEDF1, 0xEE11, 0xEE12, 0xEE12, 0xEE12, 0xEE11, 0xEDF1, 0xEDF0,
    0xE56E, 0xDCEC, 0xDD0C, 0xD4AB, 0xCC29, 0xCC6A, 0xCC4A, 0xCC6A, 0xC409, 0xBBC7, 0xBBC8, 0xBBE8, 0xC409, 0xBBE8, 0xBBC8, 0xBBE9,
    0xAB67, 0x9AE6, 0xA327, 0x9AE6, 0x79E2, 0x7A03, 0x79E3, 0x7A03, 0x79E2, 0xA2E5, 0xB346, 0xC3C7, 0xCC08, 0xCC08, 0xCC08, 0xCC08,
    0xCC08, 0xCC08, 0xC408, 0xCC49, 0xD46A, 0xD449, 0xC3C8, 0xC3C8, 0xBBC8, 0xBBC8, 0xBBA8, 0xBB87, 0xAB05, 0xA2C5, 0x9AA4, 0x9AA4,
    0x9AA4, 0x9AA4, 0x9AC4, 0xA305, 0xBBA7, 0xBBA7, 0xBBA7, 0xBBA7, 0xBB87, 0xCC29, 0x81C2, 0x7A25, 0xFF33, 0xFED3, 0xFED2, 0xFED2,
    0xFED2, 0xFED2, 0xFED2, 0xFED2, 0xFED2, 0xFED2, 0xFED2, 0xFED2, 0xFED2, 0xFED2, 0xFED2, 0xFED2, 0xFED2, 0xFED2, 0xFED2, 0xFED2,
    0xFEB0, 0xFEB0, 0xFEB0, 0xFE90, 0xFE90, 0xFEB1, 0xFEB1, 0xFEB2, 0xFEB1, 0xFEB1, 0xFEB1, 0xFE91, 0xFEF3, 0xFF34, 0xFF77, 0xFF97,
    0xFFD8, 0xFFD8, 0xFFD8, 0xFFB8, 0xFFD8, 0xFFD8, 0xFFD8, 0xFFD8, 0xFFD8, 0xFF96, 0xFF76, 0xFF76, 0xFF76, 0xFF55, 0xFEB1, 0xFE90,
    0xFE90, 0xFE90, 0xFE90, 0xFE90, 0xFE90, 0xFE90, 0xFE90, 0xFE90, 0xFE90, 0xFE90, 0xFEB0, 0xFEB1, 0xFEB1, 0xFEB1, 0xFEB1, 0xFEB0,
    0xFEB0, 0xFEB0, 0xFEB0, 0xFED1, 0xFED1, 0xFEB0, 0xFEB0, 0xFEB1, 0xFF55, 0xFFD8, 0xFFB8, 0xFFD8, 0xFFD8, 0xFFD8, 0xFFD8, 0xFFD8,
    0xFFD8, 0xFFB8, 0xFFB8, 0xFFB8, 0xFFB8, 0xFFB8, 0xFFB8, 0xFFB8, 0xFFB8, 0xFFD8, 0xFFB8, 0xFFD8, 0xF756, 0xAB46, 0xF756, 0xFFFA,
    0xFFD9, 0xFFDA, 0xFFF9, 0xFF98, 0xFF57, 0xFF98, 0xF6F6, 0xEED6, 0xEEB6, 0xEE75, 0xEE75, 0xEE75, 0xEE75, 0xEE75, 0xEE55, 0xEE55,
    0xEE75, 0xEE75, 0xEE55, 0xEE55, 0xEE55, 0xEE55, 0xEE55, 0xEE55, 0xEE55, 0xEE55, 0xEE55, 0xEE34, 0xEE34, 0xEE34, 0xEE34, 0xEE34,
    0xEE34, 0xEE34, 0xEE34, 0xEE34, 0xEE54, 0xEE54, 0xEE34, 0xEE34, 0xEE33, 0xEE33, 0xEE34, 0xEE34, 0xEE33, 0xEE33, 0xEE33, 0xE633,
    0xE612, 0xDD6F, 0xDD6F, 0xE612, 0xE632, 0xEE12, 0xEE12, 0xE612, 0xEE12, 0xEE12, 0xEE12, 0xEE11, 0xEE11, 0xEDF1, 0xE5F0, 0xEDF0,
    0xEDF0, 0xE5D0, 0xE5F0, 0xE5EF, 0xE5D0, 0xE5D0, 0xE5D0, 0xEDF1, 0xEE12, 0xEE12, 0xEE12, 0xEE12, 0xEDF1, 0xE5F1, 0xEDF0, 0xE58E,
    0xDD2D, 0xDCEC, 0xDCEC, 0xDCEB, 0xCC8A, 0xCC6A, 0xCC4A, 0xC429, 0xBBE8, 0xBBC8, 0xBBC8, 0xBBC8, 0xBBC8, 0xBBC8, 0xBBC8, 0xBBE8,
    0xB388, 0xA327, 0xA327, 0x9B06, 0x7A03, 0x7A03, 0x7A03, 0x79E3, 0x71A2, 0xA2E5, 0xB365, 0xC3C7, 0xCC28, 0xCC08, 0xCC08, 0xCC08,
    0xCC08, 0xCC08, 0xC408, 0xC3E8, 0xC3E8, 0xC3E8, 0xC3C8, 0xBBC8, 0xBBA7, 0xBBA7, 0xBBC7, 0xBB87, 0xA2A4, 0x9AA4, 0x9AA4, 0x9AA4,
    0x9AA5, 0x9AC4, 0xB367, 0xBBA7, 0xBBA7, 0xBB87, 0xBB87, 0xBBA7, 0xBBA7, 0xC408, 0x81E3, 0x8AC7, 0xFF73, 0xFED2, 0xFED2, 0xFED2,
    0xFED3, 0xFED3, 0xFED3, 0xFED2, 0xFEF2, 0xFED2, 0xFED2, 0xFEF2, 0xFED2, 0xFED2, 0xFED2, 0xFED2, 0xFED2, 0xFED2, 0xFED2, 0xFEF3,
    0xFEB1, 0xFEB1, 0xFEB1, 0xFE91, 0xFE91, 0xFE91, 0xFE91, 0xFEB1, 0xFEB1, 0xFEB1, 0xFE91, 0xFE70, 0xFE70, 0xFEF2, 0xFF97, 0xFFB8,
    0xFFD8, 0xFFD8, 0xFFD8, 0xFFD8, 0xFFB7, 0xFF96, 0xFF96, 0xFF96, 0xFF96, 0xFEF2, 0xFE90, 0xFEB1, 0xFEB1, 0xFEB1, 0xFEB1, 0xFEB0,
    0xFEB0, 0xFE90, 0xFE90, 0xFE90, 0xFE90, 0xFE90, 0xFE90, 0xFE90, 0xFE90, 0xFE90, 0xFEB0, 0xFEB0, 0xFEB0, 0xFEB1, 0xFEB0, 0xFEB0,
    0xFEB0, 0xFEB0, 0xFEB0, 0xFED1, 0xFEF1, 0xFEB0, 0xFEB0, 0xFEB0, 0xFF54, 0xFFB8, 0xFFB8, 0xFFB8, 0xFFB8, 0xFFB8, 0xFFD8, 0xFFD8,
    0xFFD8, 0xFFB8, 0xFFB8, 0xFFB8, 0xFFB8, 0xFFB8, 0xFFB8, 0xFFB8, 0xFFB8, 0xFFB8, 0xFFB8, 0xFFF9, 0xF756, 0xAB46, 0xEF15, 0xFFB8,
    0xFFD9, 0xFFFA, 0xFFF9, 0xFFB9, 0xFF98, 0xFFB9, 0xFFDA, 0xFFFA, 0xFF98, 0xEE54, 0xEE75, 0xEE75, 0xEE75, 0xEE75, 0xEE75, 0xEE75,
    0xEE75, 0xEE75, 0xEE75, 0xEE55, 0xEE54, 0xE634, 0xEE54, 0xEE55, 0xE654, 0xE654, 0xEE54, 0xEE34, 0xEE34, 0xEE34, 0xEE34, 0xEE34,
    0xEE34, 0xEE34, 0xEE34, 0xEE34, 0xEE34, 0xEE34, 0xEE34, 0xEE34, 0xE634, 0xEE33, 0xEE33, 0xEE33, 0xEE33, 0xEE33, 0xE633, 0xE633,
    0xE612, 0xDD6F, 0xDD6F, 0xE5F1, 0xEE33, 0xEE12, 0xEE12, 0xEE12, 0xEE12, 0xEE12, 0xEE12, 0xEE11, 0xEDF1, 0xEDF1, 0xEDF0, 0xEDF0,
    0xEDF0, 0xE5F0, 0xE5F0, 0xE5F0, 0xE5D0, 0xE5D0, 0xE5D0, 0xEDF1, 0xEE12, 0xEE12, 0xEE12, 0xEE12, 0xEE12, 0xEDD0, 0xE58F, 0xE58E,
    0xDD4D, 0xDD0C, 0xD4CB, 0xD4CB, 0xD4AB, 0xD4AB, 0xC449, 0xC429, 0xBBE8, 0xBBC8, 0xBBC8, 0xBBA8, 0xBBC8, 0xBBC8, 0xBBC8, 0xBBC8,
    0xBBC8, 0xB388, 0x9284, 0x8243, 0x7A03, 0x7A03, 0x79E3, 0x9284, 0x9AA4, 0xAB05, 0xB345, 0xC3C7, 0xCC28, 0xCC08, 0xCC28, 0xCC08,
    0xCC08, 0xCC08, 0xD449, 0xCC49, 0xC3E8, 0xBBC7, 0xBBC7, 0xBBC8, 0xBBC8, 0xBBA7, 0xBBC7, 0xBB87, 0xA2C4, 0xA2A5, 0x9AA4, 0x9AC4,
    0xA2C5, 0xBB87, 0xBBA7, 0xBBA7, 0xBBA7, 0xBB87, 0xC3C7, 0xD469, 0xCC69, 0xD48A, 0x8203, 0x8AA6, 0xE650, 0xFED2, 0xFEF2, 0xFED2,
    0xFED3, 0xFED3, 0xFED3, 0xFEF2, 0xFEF2, 0xFEF2, 0xFEF2, 0xFEF2, 0xFED2, 0xFED3, 0xFED2, 0xFF13, 0xFFB7, 0xFFB8, 0xFF98, 0xFFB8,
    0xFEB1, 0xFEB1, 0xFEB1, 0xFEB1, 0xFE91, 0xFE90, 0xFE90, 0xFE91, 0xFE90, 0xFE90, 0xFE90, 0xFE70, 0xFE70, 0xFEF3, 0xFFB7, 0xFFB8,
    0xFFD8, 0xFFB8, 0xFF76, 0xFF75, 0xFF34, 0xFEB1, 0xFEB0, 0xFEB1, 0xFEB1, 0xFEB0, 0xFE90, 0xFEB0, 0xFEB0, 0xFEB0, 0xFEB0, 0xFEB0,
    0xFE90, 0xFE90, 0xFE90, 0xFE90, 0xFE90, 0xFE90, 0xFE90, 0xFE90, 0xFE70, 0xFE90, 0xFE90, 0xFE90, 0xFE90, 0xFE70, 0xFE90, 0xFEB0,
    0xFEB0, 0xFEB0, 0xFEB0, 0xFEB0, 0xFEB0, 0xFEB0, 0xFEB0, 0xFEB0, 0xFEB1, 0xFF34, 0xFFB8, 0xFFB8, 0xFFB8, 0xFFB8, 0xFFB8, 0xFFD8,
    0xFFB8, 0xFFD8, 0xFFB8, 0xFFB8, 0xFFB8, 0xFFB8, 0xFFB8, 0xFFB8, 0xFFB8, 0xFFB8, 0xFFB8, 0xFFB8, 0xFFF9, 0xCD6F, 0x9A83, 0xCD4D,
    0xFFF9, 0xFFD9, 0xFFFA, 0xFFFA, 0xFFFA, 0xFFD9, 0xFFD9, 0xFFD9, 0xF757, 0xEE75, 0xEE95, 0xEE75, 0xEE55, 0xEE75, 0xEE75, 0xEE75,
    0xEE75, 0xEE75, 0xEE55, 0xEE55, 0xEE54, 0xE613, 0xE633, 0xEE55, 0xE654, 0xE654, 0xE654, 0xEE34, 0xEE34, 0xEE34, 0xEE34, 0xEE34,
    0xEE34, 0xEE34, 0xEE34, 0xEE34, 0xEE34, 0xEE34, 0xE633, 0xE613, 0xE633, 0xEE33, 0xDD90, 0xE5F2, 0xEE33, 0xEE33, 0xE633, 0xE613,
    0xEE12, 0xE5F1, 0xDD6F, 0xE5D1, 0xEE32, 0xEE12, 0xEE12, 0xEE12, 0xE612, 0xEE12, 0xEE12, 0xEE11, 0xEE11, 0xEE11, 0xE5CF, 0xEDF0,
    0xE5F0, 0xE5CF, 0xE5F0, 0xE5CF, 0xEDF0, 0xEE11, 0xEE11, 0xEE11, 0xEE12, 0xEE12, 0xEE12, 0xEE12, 0xE5AF, 0xE58E, 0xE56E, 0xE56E,
    0xE56E, 0xE54D, 0xD4EB, 0xD4AB, 0xD4AB, 0xD4AB, 0xCC6A, 0xC449, 0xC409, 0xBBA8, 0xBBC8, 0xBBA8, 0xBBA8, 0xB3A8, 0xBBC8, 0xBBC8,
    0xBBC8, 0xB3A7, 0x8A64, 0x79E2, 0x7A03, 0x7A03, 0x79E2, 0x9AC5, 0xBB86, 0xB346, 0xB345, 0xC3C7, 0xCC28, 0xCC08, 0xCC28, 0xCC08,
    0xCC28, 0xCC49, 0xD46A, 0xD48A, 0xCC49, 0xC3E8, 0xC3E8, 0xBBC8, 0xBBC8, 0xBBA7, 0xBBC7, 0xBB87, 0xA2C5, 0xA2C5, 0x9AA4, 0xAB06,
    0xB367, 0xBB87, 0xBBA7, 0xBBA7, 0xBBA7, 0xBB86, 0xC3C7, 0xD46A, 0xD469, 0xD469, 0xD48A, 0xA326, 0x61A3, 0xF6B2, 0xFEF2, 0xFED2,
    0xFED2, 0xFED2, 0xFED2, 0xFEF2, 0xFED2, 0xFED2, 0xFED2, 0xFED2, 0xFF55, 0xFF97, 0xFF97, 0xFF97, 0xFFD9, 0xFFD9, 0xFFD9, 0xFFD9,
    0xFEB1, 0xFEB1, 0xFEB1, 0xFEB1, 0xFE91, 0xFE91, 0xFE90, 0xFE70, 0xFE70, 0xFE70, 0xFE70, 0xFE90, 0xFE91, 0xFED2, 0xFF34, 0xFF55,
    0xFF55, 0xFF34, 0xFEB1, 0xFEB1, 0xFEB0, 0xFEB0, 0xFE90, 0xFE90, 0xFE90, 0xFE90, 0xFE90, 0xFE90, 0xFEB0, 0xFEB0, 0xFEB0, 0xFE90,
    0xFE90, 0xFE90, 0xFE90, 0xFE90, 0xFE90, 0xFE70, 0xFE70, 0xFE70, 0xFE70, 0xFE90, 0xFE90, 0xFEB1, 0xFEB1, 0xFEB0, 0xFEB0, 0xFEB1,
    0xFEB0, 0xFEB0, 0xFEB0, 0xFEB0, 0xFEB0, 0xFEB0, 0xFEB0, 0xFEB0, 0xFE90, 0xFED1, 0xFF97, 0xFFD8, 0xFFB8, 0xFFB8, 0xFFB8, 0xFFB8,
    0xFFB8, 0xFFB8, 0xFFB8, 0xFFB8, 0xFFB8, 0xFFD8, 0xFFD8, 0xFFD8, 0xFFB8, 0xFFB8, 0xFFB8, 0xFFB8, 0xFFD8, 0xF776, 0xE6B5, 0xCCED,
    0xCD0D, 0xFFFB, 0xFFDA, 0xFFFA, 0xFFFA, 0xFFD9, 0xFFDA, 0xFFB9, 0xFF77, 0xFFB9, 0xFFD9, 0xF717, 0xEEB6, 0xEE75, 0xEE75, 0xEE75,
    0xEE75, 0xEE55, 0xEE55, 0xEE55, 0xEE55, 0xE613, 0xEE34, 0xEE55, 0xEE54, 0xEE54, 0xEE54, 0xEE54, 0xEE54, 0xEE34, 0xEE34, 0xEE34,
    0xEE34, 0xEE34, 0xEE34, 0xEE54, 0xEE54, 0xEE54, 0xE613, 0xE5D2, 0xEE54, 0xEE33, 0xDD70, 0xE5F2, 0xEE34, 0xEE33, 0xE633, 0xE613,
    0xE612, 0xEE12, 0xE5B0, 0xE5F1, 0xEE12, 0xE612, 0xEE12, 0xEE12, 0xEE12, 0xEE12, 0xE612, 0xE611, 0xEE12, 0xEE11, 0xE58E, 0xE58E,
    0xEDEF, 0xE5D0, 0xE5D0, 0xE5D0, 0xE5F0, 0xEE11, 0xEE32, 0xEE12, 0xEE12, 0xEE12, 0xEE12, 0xEE12, 0xE5D0, 0xE56E, 0xE58E, 0xE58E,
    0xE56E, 0xE54D, 0xDD0C, 0xD4CB, 0xD4CB, 0xD4CB, 0xD4AB, 0xCC6A, 0xC408, 0xBBA7, 0xBBA8, 0xBBC8, 0xBBC8, 0xBBC8, 0xBBC8, 0xBBC8,
    0xBBC8, 0xB3A7, 0x8A64, 0x79E2, 0x7A03, 0x7A03, 0x79E2, 0x9AC4, 0xB366, 0xB366, 0xB365, 0xC3C7, 0xCC28, 0xCC08, 0xCC28, 0xCC29,
    0xD469, 0xD48A, 0xD48A, 0xD469, 0xD469, 0xD469, 0xCC29, 0xBBC7, 0xBBC8, 0xBBC7, 0xBBC7, 0xBB87, 0x9AA4, 0x9AA4, 0xAB26, 0xB346,
    0xB366, 0xB366, 0xBBA7, 0xC3E8, 0xC408, 0xC3E8, 0xC408, 0xD48A, 0xD489, 0xD489, 0xDCCA, 0xA347, 0x69C3, 0xF715, 0xFF76, 0xFF14,
    0xFED2, 0xFED2, 0xFED2, 0xFEF3, 0xFF76, 0xFF96, 0xFF97, 0xFF77, 0xFFB8, 0xFFD9, 0xFFD9, 0xFFD9, 0xFFD9, 0xFFD9, 0xFFD9, 0xFFD9,
    0xFEB1, 0xFEB1, 0xFEB1, 0xFEB1, 0xFE90, 0xFE70, 0xFE91, 0xFED1, 0xFED2, 0xFF14, 0xFF14, 0xFF35, 0xFF34, 0xFEB2, 0xFEB1, 0xFEB1,
    0xFEB1, 0xFEB0, 0xFE90, 0xFE90, 0xFEB0, 0xFEB0, 0xFEB0, 0xFEB0, 0xFEB0, 0xFEB0, 0xFEB0, 0xFE90, 0xFEB0, 0xFEB0, 0xFEB0, 0xFEB0,
    0xFEB0, 0xFE90, 0xFE90, 0xFE90, 0xFE90, 0xFE90, 0xFE70, 0xFE70, 0xFE70, 0xFE70, 0xFEB0, 0xFED1, 0xFED1, 0xFED1, 0xFED1, 0xFEB1,
    0xFEB0, 0xFEB0, 0xFEB0, 0xFEB0, 0xFEB0, 0xFEB0, 0xFEB0, 0xFEB0, 0xFEB0, 0xFE90, 0xFF76, 0xFFD8, 0xFFB8, 0xFFB8, 0xFFB8, 0xFFB8,
    0xFFB8, 0xFFB8, 0xFFB8, 0xFFB8, 0xFFB8, 0xFFD8, 0xFFD8, 0xFFB8, 0xFFB8, 0xFFB8, 0xFFB8, 0xFFB8, 0xFFB8, 0xFFB8, 0xFFFB, 0xCCEC,
    0xBC29, 0xFFFB, 0xFFDA, 0xFFFA, 0xFFFA, 0xFFDA, 0xFFDA, 0xFFB9, 0xFFB9, 0xFFF9, 0xFFD9, 0xFFD9, 0xFFDA, 0xEF17, 0xEE96, 0xEE75,
    0xEE75, 0xEE75, 0xEE55, 0xEE55, 0xEE55, 0xEE34, 0xEE54, 0xEE54, 0xEE54, 0xEE54, 0xEE54, 0xEE54, 0xEE54, 0xEE34, 0xEE34, 0xEE34,
    0xEE34, 0xEE34, 0xEE34, 0xEE34, 0xEE54, 0xEE54, 0xE613, 0xE5F2, 0xEE54, 0xEE33, 0xDD70, 0xE5F2, 0xEE34, 0xEE13, 0xEE13, 0xEE13,
    0xE612, 0xE612, 0xEE12, 0xEE12, 0xEE12, 0xEE12, 0xE612, 0xEE12, 0xE612, 0xE612, 0xEE12, 0xEE12, 0xEE11, 0xEE11, 0xE58E, 0xE58E,
    0xE5CF, 0xE5D0, 0xEE11, 0xEE12, 0xEDF1, 0xEE11, 0xEE12, 0xEE12, 0xEE12, 0xEE12, 0xEE12, 0xEE12, 0xEE12, 0xE5AF, 0xE58E, 0xE58E,
    0xE58E, 0xDD2D, 0xD4CB, 0xD4AB, 0xD4CB, 0xD4AB, 0xD4AB, 0xD4AB, 0xC409, 0xBBC8, 0xBBC8, 0xBBC8, 0xBBE8, 0xBBC8, 0xBBC8, 0xBBC8,
    0xBBC8, 0xB3A8, 0x8A84, 0x79E2, 0x7A03, 0x7A03, 0x71C2, 0x9AC4, 0xB366, 0xBBC7, 0xCC08, 0xCC08, 0xCC08, 0xCC28, 0xCC28, 0xD469,
    0xD48A, 0xD48A, 0xD48A, 0xD469, 0xD469, 0xD469, 0xCC29, 0xBBC7, 0xBBC8, 0xBBC8, 0xBBA7, 0xB387, 0xAB05, 0xAB05, 0xAB46, 0xB346,
    0xBBA7, 0xC3C8, 0xC3C7, 0xC3C7, 0xD469, 0xD4AA, 0xD4AA, 0xD48A, 0xD4AA, 0xD4AA, 0xDCEB, 0xA326, 0x69E3, 0xFF56, 0xFFD8, 0xFF34,
    0xFED2, 0xFF34, 0xFF55, 0xFF76, 0xFFD9, 0xFFD9, 0xFFD9, 0xFFF9, 0xFFD9, 0xFFD8, 0xFFD9, 0xFFD9, 0xFFD9, 0xFFD9, 0xFFD9, 0xFFD9,
    0xFEB1, 0xFEB1, 0xFEB1, 0xFF13, 0xFF14, 0xFF13, 0xFF14, 0xFF55, 0xFF55, 0xFFB8, 0xFFB8, 0xFFB8, 0xFF97, 0xFED3, 0xFEB0, 0xFE90,
    0xFEB0, 0xFEB0, 0xFEB0, 0xFEB0, 0xFEB0, 0xFEB0, 0xFEB0, 0xFEB0, 0xFE6F, 0xFE6F, 0xFE70, 0xFEB0, 0xFEB0, 0xFEB0, 0xFEB0, 0xFEB0,
    0xFEB0, 0xFE90, 0xFE90, 0xFED1, 0xFEF2, 0xFEF2, 0xFEF2, 0xFED1, 0xFED1, 0xFEB1, 0xFEB1, 0xFE90, 0xFE70, 0xFE70, 0xFE90, 0xFEB1,
    0xFEB1, 0xFEB1, 0xFEB1, 0xFEB0, 0xFEB0, 0xFEB0, 0xFEB0, 0xFEB0, 0xFE90, 0xFE90, 0xFF96, 0xFFD8, 0xFFB8, 0xFFB8, 0xFFB8, 0xFFB8,
    0xFFB8, 0xFFB8, 0xFFB8, 0xFFB8, 0xFFB8, 0xFFB8, 0xFFB8, 0xFFB8, 0xFFB8, 0xFFB8, 0xFFB8, 0xFFB8, 0xFFB8, 0xFF98, 0xFFF9, 0xC4CC,
    0xBC2A, 0xFFFC, 0xFFFA, 0xFFDA, 0xFFFA, 0xFFDA, 0xFFDA, 0xFFD9, 0xFFD9, 0xFFD9, 0xFFD9, 0xFFD9, 0xFFD9, 0xFFFA, 0xEEF7, 0xEE55,
    0xEE75, 0xEE75, 0xEE75, 0xEE55, 0xEE34, 0xEE34, 0xEE54, 0xEE54, 0xEE54, 0xEE54, 0xEE54, 0xEE54, 0xEE54, 0xEE54, 0xEE34, 0xEE34,
    0xEE34, 0xEE34, 0xEE34, 0xEE34, 0xEE34, 0xEE54, 0xE613, 0xE5F2, 0xEE54, 0xEE34, 0xDD90, 0xE5F2, 0xEE34, 0xEE13, 0xEE13, 0xE613,
    0xEE12, 0xE612, 0xE612, 0xEE12, 0xE612, 0xE612, 0xE612, 0xE612, 0xE5F1, 0xE5F1, 0xEE12, 0xEE11, 0xE5AF, 0xE5AF, 0xE58E, 0xE56E,
    0xEDCF, 0xE5D0, 0xEE11, 0xEE33, 0xEE12, 0xEE11, 0xEE12, 0xEE12, 0xEE12, 0xEE12, 0xE5D0, 0xE5B0, 0xE5D0, 0xE5AF, 0xE58E, 0xE58E,
    0xE58E, 0xE58E, 0xE56E, 0xDD0C, 0xD4AB, 0xD4CB, 0xD4CB, 0xD4AB, 0xCC6A, 0xCC4A, 0xBBE8, 0xBBC8, 0xBBE8, 0xBBC8, 0xBBC8, 0xBBE8,
    0xB3C8, 0xA346, 0x8A84, 0x7A03, 0x8203, 0x8243, 0x92A4, 0xA2E5, 0xB325, 0xC3A6, 0xCC28, 0xCC08, 0xCC08, 0xCC08, 0xD449, 0xD489,
    0xD48A, 0xD48A, 0xD48A, 0xD46A, 0xCC49, 0xD469, 0xCC29, 0xBBC7, 0xBBC8, 0xC3C8, 0xB386, 0xAB25, 0xB346, 0xB346, 0xB346, 0xAB25,
    0xC3E8, 0xCC49, 0xCC49, 0xD469, 0xD489, 0xD4AA, 0xD48A, 0xD4AA, 0xD4AA, 0xD4AA, 0xE4EB, 0x9B06, 0x7204, 0xFF95, 0xFF54, 0xFEF2,
    0xFEF2, 0xFF96, 0xFFD9, 0xFFD9, 0xFFD8, 0xFFD8, 0xFFD9, 0xFFD9, 0xFFD9, 0xFFD9, 0xFFD9, 0xFFD9, 0xFFD9, 0xFFD9, 0xFFD9, 0xFFD9,
    0xFF13, 0xFF13, 0xFEF3, 0xFF97, 0xFFD8, 0xFFB8, 0xFFB8, 0xFFB8, 0xFFB8, 0xFFB8, 0xFF98, 0xFFB8, 0xFFB8, 0xFF76, 0xFEB0, 0xFEB0,
    0xFEB0, 0xFEB0, 0xFEB0, 0xFEB0, 0xFEB0, 0xFEB0, 0xFEB0, 0xFEB0, 0xFE90, 0xFE90, 0xFE90, 0xFEB0, 0xFEB0, 0xFEB0, 0xFEB0, 0xFE90,
    0xFE90, 0xFEB1, 0xFEB1, 0xFED1, 0xFEF2, 0xFEF2, 0xFEF2, 0xFEF2, 0xFED1, 0xFED1, 0xFEB1, 0xFE90, 0xFE70, 0xFE70, 0xFE70, 0xFE70,
    0xFE70, 0xFEB0, 0xFEB1, 0xFEB0, 0xFEB0, 0xFE90, 0xFE90, 0xFE90, 0xFE90, 0xFE90, 0xFEF2, 0xFF75, 0xFFD8, 0xFFB8, 0xFFB8, 0xFFB8,
    0xFFB8, 0xFFB8, 0xFFB8, 0xFFB8, 0xFFB8, 0xFFB8, 0xFFB8, 0xFFB8, 0xFFD8, 0xFFB8, 0xFFB8, 0xFFB8, 0xFFB8, 0xFF98, 0xFFFA, 0xC4EC,
    0xB3C8, 0xDDF1, 0xE6D5, 0xFFFA, 0xFFDA, 0xFFDA, 0xFFDA, 0xFFD9, 0xFFD9, 0xFFD9, 0xFFD9, 0xFFD9, 0xFFD9, 0xFFFA, 0xEED7, 0xEE55,
    0xF6B6, 0xF717, 0xF737, 0xE655, 0xF6F6, 0xF737, 0xF6D6, 0xEE34, 0xEE54, 0xEE54, 0xEE54, 0xEE54, 0xEE54, 0xEE54, 0xEE34, 0xEE34,
    0xEE34, 0xEE34, 0xEE34, 0xEE34, 0xEE34, 0xEE33, 0xE612, 0xE5F2, 0xE5F2, 0xE5D0, 0xDD8F, 0xE5F1, 0xE5D1, 0xE5F2, 0xEE13, 0xE612,
    0xEE12, 0xE612, 0xE5F2, 0xE5D0, 0xEDF1, 0xE5D0, 0xEDF1, 0xE612, 0xE5F0, 0xE5CF, 0xE5F1, 0xEDF0, 0xE58E, 0xE58E, 0xE58E, 0xE5AF,
    0xE5D0, 0xE5D0, 0xEE11, 0xEE32, 0xEE32, 0xEE32, 0xEDF1, 0xEDF1, 0xEE11, 0xEE11, 0xE5D0, 0xE58E, 0xE58E, 0xE58E, 0xE58E, 0xE58E,
    0xE58E, 0xE58E, 0xE58E, 0xDD4D, 0xD4CB, 0xD4CB, 0xD4CB, 0xD4AB, 0xC409, 0xC409, 0xC429, 0xC409, 0xBBE9, 0xBBE8, 0xBBE8, 0xBBE9,
    0xB3C8, 0x8A44, 0x8203, 0x8223, 0x7A03, 0x8A43, 0xB386, 0xB366, 0xB365, 0xC3C7, 0xCC08, 0xCC08, 0xCC08, 0xCC08, 0xCC49, 0xD48A,
    0xD48A, 0xD48A, 0xD48A, 0xD48A, 0xD48A, 0xCC28, 0xC3E8, 0xC3C8, 0xC3C8, 0xBB87, 0xB346, 0xB325, 0xAB25, 0xBBA7, 0xCC08, 0xC3E8,
    0xCC08, 0xCC08, 0xCC49, 0xD48A, 0xD4AA, 0xD4AA, 0xD4AA, 0xD4AA, 0xD4AA, 0xD4AA, 0xDCEB, 0x9B06, 0x7224, 0xEE92, 0xFEF2, 0xFEF2,
    0xFEF2, 0xFF96, 0xFFB8, 0xFFD8, 0xFFD8, 0xFFD8, 0xFFD9, 0xFFD9, 0xFFD9, 0xFFD9, 0xFFD9, 0xFFD9, 0xFFD9, 0xFFD9, 0xFFD9, 0xFFD9,
    0xFFD8, 0xFFD8, 0xFFB8, 0xFFB8, 0xFFB8, 0xFFB8, 0xFFB8, 0xFFB8, 0xFFB7, 0xFFB7, 0xFFB8, 0xFFB7, 0xFFB8, 0xFF76, 0xFEB0, 0xFEB0,
    0xFEB0, 0xFEB0, 0xFEB0, 0xFEB0, 0xFEB0, 0xFEB0, 0xFEB0, 0xFEB0, 0xFEB0, 0xFEB0, 0xFEB0, 0xFEB0, 0xFEB0, 0xFEB0, 0xFEB0, 0xFE90,
    0xFE90, 0xFE90, 0xFE90, 0xFE70, 0xFE90, 0xFE90, 0xFEB1, 0xFED2, 0xFED1, 0xFED1, 0xFEB1, 0xFEB1, 0xFE90, 0xFE70, 0xFE70, 0xFE6F,
    0xFE4F, 0xFE70, 0xFE6F, 0xFE90, 0xFED1, 0xFEB0, 0xFE90, 0xFE90, 0xFE90, 0xFEB0, 0xFE90, 0xFF34, 0xFFD8, 0xFFB8, 0xFFB8, 0xFFB8,
    0xFFB8, 0xFFB8, 0xFFB8, 0xFFB8, 0xFFB8, 0xFFB8, 0xFFB8, 0xFFB8, 0xFFB8, 0xFFB8, 0xFFB8, 0xFFB8, 0xFFB8, 0xFFB8, 0xFFD8, 0xF756,
    0xEF15, 0xAB04, 0xDDB0, 0xFFFC, 0xFFDA, 0xFFDA, 0xFFDA, 0xFFD9, 0xFFD9, 0xFFD9, 0xFFD9, 0xFFD9, 0xFFD9, 0xFFDA, 0xF718, 0xF717,
    0xFFB9, 0xFFD9, 0xFF78, 0xE654, 0xFF78, 0xFFF9, 0xF6F6, 0xE634, 0xEE54, 0xEE54, 0xEE54, 0xEE74, 0xEE74, 0xEE54, 0xEE34, 0xEE34,
    0xEE34, 0xEE34, 0xEE34, 0xEE34, 0xEE13, 0xE5F1, 0xE5D1, 0xE5D2, 0xE5B1, 0xDD4D, 0xDD6F, 0xE5D0, 0xE58F, 0xE5F1, 0xEE13, 0xEE12,
    0xEE12, 0xE612, 0xEDF1, 0xE56E, 0xE58F, 0xE58E, 0xEDD0, 0xEE12, 0xEDF0, 0xE5AE, 0xE5AE, 0xE58E, 0xE58E, 0xE58E, 0xE5AF, 0xEDF1,
    0xEDF1, 0xEDF1, 0xEE11, 0xEE32, 0xEE32, 0xEE12, 0xEE11, 0xEDD0, 0xE5AF, 0xE5AF, 0xE5AF, 0xE58F, 0xE58F, 0xE58E, 0xE58E, 0xE58E,
    0xE58E, 0xE58E, 0xE58E, 0xE5AE, 0xE56D, 0xD4CB, 0xD4CB, 0xD4CB, 0xC409, 0xC3E9, 0xCC2A, 0xCC2A, 0xC409, 0xBBE8, 0xBBE8, 0xBBE9,
    0xBBC9, 0x8A43, 0x8203, 0x8223, 0x8203, 0x8A43, 0xB365, 0xBB65, 0xC3E7, 0xCC28, 0xCC08, 0xCC08, 0xCC08, 0xCC08, 0xCC49, 0xD48A,
    0xD48A, 0xD48A, 0xD48A, 0xD469, 0xD46A, 0xCC29, 0xC3C8, 0xC3C8, 0xC3A8, 0xB346, 0xB326, 0xB346, 0xAB25, 0xC3C7, 0xCC28, 0xCC08,
    0xCC08, 0xCC08, 0xCC28, 0xD489, 0xD4AA, 0xD4AA, 0xD4AA, 0xD4AA, 0xD4AA, 0xD4AA, 0xD4AA, 0xD4CB, 0xAB68, 0x6982, 0xEE50, 0xFF12,
    0xFED2, 0xFEF3, 0xFED3, 0xFF97, 0xFFF9, 0xFFD9, 0xFFD9, 0xFFD9, 0xFFD9, 0xFFD9, 0xFFD9, 0xFFD9, 0xFFD9, 0xFFD9, 0xFFD9, 0xFFD9,
    0xFFD8, 0xFFB8, 0xFFB8, 0xFFB8, 0xFFB8, 0xFFB8, 0xFFB8, 0xFFB8, 0xFFB8, 0xFFB8, 0xFFB8, 0xFFB8, 0xFFD8, 0xFF75, 0xFE90, 0xFEB0,
    0xFEB0, 0xFEB0, 0xFEB0, 0xFEB0, 0xFE90, 0xFEB0, 0xFEB0, 0xFEB0, 0xFEB0, 0xFEB0, 0xFEB0, 0xFEB0, 0xFEB0, 0xFEB0, 0xFEB0, 0xFEB0,
    0xFE90, 0xFE70, 0xFE70, 0xFE70, 0xFE90, 0xFE90, 0xFEB0, 0xFEB0, 0xFEB0, 0xFEB1, 0xFEB1, 0xFEB1, 0xFE90, 0xFEB0, 0xFEB0, 0xFE90,
    0xFE90, 0xFE70, 0xFE70, 0xFE90, 0xFEB1, 0xFEB0, 0xFEB0, 0xFEB0, 0xFE90, 0xFE90, 0xFE90, 0xFF33, 0xFFB7, 0xFFB8, 0xFFB8, 0xFFB8,
    0xFFB8, 0xFFB8, 0xFFB8, 0xFFB8, 0xFFB8, 0xFFB8, 0xFFB8, 0xFFB8, 0xFFB8, 0xFFB8, 0xFFB8, 0xFFB8, 0xFFB8, 0xFFB8, 0xFFB8, 0xFFF9,
    0xFFFA, 0xB326, 0xD56F, 0xFF99, 0xFFB9, 0xFFDA, 0xFFDA, 0xFFD9, 0xFFD9, 0xFFD9, 0xFFD9, 0xFFD9, 0xFF78, 0xFFB9, 0xFFDA, 0xFFDA,
    0xFFB9, 0xFFD9, 0xF737, 0xE653, 0xFF58, 0xFFD9, 0xF6F6, 0xEE34, 0xEE54, 0xEE54, 0xEE54, 0xEE75, 0xF695, 0xF695, 0xEE34, 0xEE34,
    0xEE34, 0xEE34, 0xEE34, 0xEE54, 0xEE12, 0xE5D0, 0xE5D1, 0xE5B1, 0xDD6F, 0xDD6E, 0xDD6F, 0xE5D0, 0xE58F, 0xE5F1, 0xEE32, 0xEDF2,
    0xE5F1, 0xE612, 0xE5F1, 0xDD6E, 0xE56D, 0xE58D, 0xE5AF, 0xEDF1, 0xEDF0, 0xE58E, 0xE5AE, 0xE58E, 0xE5AF, 0xE5D0, 0xE5AF, 0xEE11,
    0xEE32, 0xEE32, 0xEE12, 0xEE33, 0xEE12, 0xEE11, 0xEE11, 0xE5CF, 0xE58E, 0xE5AF, 0xE5AF, 0xE58F, 0xE58F, 0xE58E, 0xE58E, 0xE58E,
    0xE58E, 0xE58E, 0xDD2D, 0xDD0C, 0xDD0C, 0xD4CB, 0xD4CB, 0xD4CB, 0xC429, 0xC409, 0xC429, 0xCC29, 0xC3E9, 0xBBC8, 0xBBE9, 0xBBE9,
    0xB3C8, 0x8243, 0x8203, 0x8203, 0x79E3, 0x8203, 0xB365, 0xBB65, 0xC3C7, 0xCC08, 0xCC08, 0xCC08, 0xCC28, 0xCC28, 0xD449, 0xD48A,
    0xD48A, 0xD48A, 0xD48A, 0xCC49, 0xCC08, 0xCC08, 0xC408, 0xBBA7, 0xB346, 0xB346, 0xB346, 0xB366, 0xCC08, 0xCC08, 0xCC08, 0xCC08,
    0xCC28, 0xCC28, 0xCC08, 0xCC28, 0xD48A, 0xD4AB, 0xD4AB, 0xD4AB, 0xD4AB, 0xD4AB, 0xD4AA, 0xE50B, 0xB3A8, 0x6162, 0xF630, 0xFEF2,
    0xFEB1, 0xFEB1, 0xFEB1, 0xFF13, 0xFF34, 0xFF97, 0xFFF9, 0xFFF9, 0xFFFA, 0xFFD9, 0xFFD9, 0xFFD9, 0xFFD9, 0xFFD9, 0xFFD9, 0xFFD9,
    0xFFB8, 0xFFB8, 0xFFB8, 0xFFB8, 0xFFB8, 0xFFB8, 0xFFB8, 0xFFB8, 0xFFD9, 0xFFD9, 0xFFD9, 0xFFD9, 0xFFD9, 0xFF97, 0xFF34, 0xFED0,
    0xFE90, 0xFEB0, 0xFEB0, 0xFE90, 0xFE4F, 0xFE6F, 0xFEB0, 0xFEB0, 0xFEB0, 0xFEB1, 0xFEB1, 0xFEB0, 0xFEB0, 0xFEB0, 0xFEB0, 0xFE70,
    0xFE4F, 0xFE2F, 0xF60E, 0xFE2F, 0xFE90, 0xFE90, 0xFE90, 0xFE2F, 0xFE2E, 0xFE2E, 0xFE4F, 0xFE6F, 0xFE90, 0xFEB0, 0xFEB0, 0xFEB0,
    0xFEB0, 0xFEB0, 0xFEB0, 0xFEB0, 0xFEB1, 0xFEB0, 0xFEB1, 0xFED1, 0xFEB0, 0xFE90, 0xFE90, 0xFEB1, 0xFED2, 0xFF97, 0xFFD8, 0xFFB8,
    0xFFB8, 0xFFB8, 0xFFB8, 0xFFB8, 0xFFB8, 0xFFB8, 0xFFB8, 0xFFB8, 0xFFB8, 0xFFB8, 0xFFB8, 0xFFB8, 0xFFB8, 0xFFB8, 0xFFB8, 0xFFB8,
    0xFFB8, 0xE652, 0xCD2E, 0xAB26, 0xEF16, 0xFFFA, 0xFFD9, 0xFFDA, 0xFFD9, 0xFFD9, 0xFFD9, 0xFFD9, 0xFF78, 0xFFB9, 0xFFDA, 0xFFB9,
    0xFFB9, 0xFFDA, 0xF737, 0xF737, 0xFF98, 0xFFB9, 0xF6F6, 0xEE34, 0xEE54, 0xEE54, 0xEE54, 0xEE75, 0xF6B6, 0xEE96, 0xEE55, 0xEE55,
    0xEE55, 0xEE55, 0xEE54, 0xEE54, 0xEE12, 0xE5D0, 0xE5F2, 0xE5D1, 0xDD4E, 0xDD4E, 0xDD6F, 0xE5D0, 0xDD8F, 0xE5D1, 0xEE33, 0xEDD1,
    0xE5AF, 0xEE12, 0xEDF2, 0xDD6E, 0xE56D, 0xE58E, 0xE58E, 0xE5AE, 0xEDF0, 0xE5AE, 0xE5AE, 0xE58E, 0xE5CF, 0xE5F1, 0xE5AF, 0xEDF1,
    0xEE32, 0xF633, 0xEE32, 0xEE12, 0xEE32, 0xEDF1, 0xEDF1, 0xEDF0, 0xE5D0, 0xE58F, 0xE58F, 0xE58F, 0xE58E, 0xE58E, 0xE58E, 0xE58E,
    0xE58E, 0xE58E, 0xDD4D, 0xD4CB, 0xD4CB, 0xD4CB, 0xD4CB, 0xD4CB, 0xD48A, 0xCC49, 0xCC49, 0xC429, 0xBBE9, 0xBBC8, 0xBBE8, 0xBBE8,
    0xBBC8, 0x8A43, 0x8203, 0x8223, 0x8A63, 0x9283, 0xB366, 0xBB86, 0xC3E7, 0xCC28, 0xCC08, 0xCC08, 0xD489, 0xDCAA, 0xD4AA, 0xD4AA,
    0xD48A, 0xD48A, 0xDCAA, 0xD469, 0xC3E8, 0xC3E8, 0xC3E8, 0xC3A7, 0xB346, 0xB346, 0xB325, 0xB366, 0xCC28, 0xCC28, 0xCC28, 0xCC08,
    0xCC28, 0xCC08, 0xCC28, 0xCC28, 0xD48A, 0xDCCB, 0xD48A, 0xD4AA, 0xD4AB, 0xD4AB, 0xD4AA, 0xDCEB, 0xB388, 0x6162, 0xF630, 0xFED1,
    0xFEB1, 0xFEB1, 0xFEB1, 0xFEB1, 0xFEB1, 0xFF13, 0xFF55, 0xFF55, 0xFFB8, 0xFFFA, 0xFFF9, 0xFFD9, 0xFFD9, 0xFFD9, 0xFFD9, 0xFFD9,
    0xFFD8, 0xFFB8, 0xFFB8, 0xFFD9, 0xFFD8, 0xFFD8, 0xFFD9, 0xFFB9, 0xFFB8, 0xFFB8, 0xFFB8, 0xFFB8, 0xFFD8, 0xFFD8, 0xFFD8, 0xFED1,
    0xFE90, 0xFE90, 0xFEB0, 0xFE90, 0xFE6F, 0xFE70, 0xFE70, 0xFE6F, 0xFEB0, 0xFEB1, 0xFEB1, 0xFEB1, 0xFEB0, 0xFEB0, 0xFEB0, 0xFE70,
    0xFE2F, 0xFE2F, 0xFE2F, 0xFE4F, 0xFE70, 0xFE90, 0xFE90, 0xFE4F, 0xFE4F, 0xFE4F, 0xFE4F, 0xFE4F, 0xFE90, 0xFED0, 0xFEB0, 0xFEB0,
    0xFEB0, 0xFEB0, 0xFEB0, 0xFEB1, 0xFEB1, 0xFEB0, 0xFED1, 0xFEB0, 0xFEB0, 0xFE90, 0xFE90, 0xFE90, 0xFE90, 0xFF96, 0xFFD8, 0xFFB8,
    0xFFB8, 0xFFB8, 0xFFB8, 0xFFB8, 0xFFB8, 0xFFB8, 0xFFB8, 0xFFB8, 0xFFB8, 0xFFB8, 0xFFB8, 0xFFB8, 0xFFB8, 0xFFB8, 0xFFB8, 0xFFD8,
    0xFFB8, 0xFFFA, 0xEED4, 0xAA62, 0xF757, 0xFFFB, 0xFFD9, 0xFFDA, 0xFFD9, 0xFFD9, 0xFFD9, 0xFFD9, 0xFFDA, 0xFFDA, 0xFFDA, 0xFFDA,
    0xFFBA, 0xFFDA, 0xFF78, 0xFF78, 0xFF79, 0xFFB9, 0xF6F6, 0xEE54, 0xEE95, 0xEE55, 0xEE55, 0xEE75, 0xF6D6, 0xEE95, 0xEE54, 0xEE55,
    0xEE55, 0xEE55, 0xEE55, 0xEE54, 0xEE12, 0xE5F1, 0xEE33, 0xE5F2, 0xDD6E, 0xDD6E, 0xDD6E, 0xE5AF, 0xDD8E, 0xE5D1, 0xEE11, 0xE56E,
    0xE5AF, 0xEDF0, 0xEDD0, 0xE56E, 0xE56D, 0xE5AE, 0xE5AF, 0xE5AE, 0xE5CF, 0xE5AF, 0xEDF0, 0xE5AF, 0xE5D0, 0xEDF1, 0xEDF1, 0xE5F1,
    0xEE32, 0xEE33, 0xEE33, 0xEE12, 0xEDF1, 0xEDF0, 0xEDF0, 0xEDF0, 0xE5D0, 0xE58F, 0xE5AF, 0xE58F, 0xE58F, 0xE58E, 0xE58E, 0xE58E,
    0xE58E, 0xE58E, 0xE58E, 0xE56D, 0xD4CB, 0xD4CB, 0xD4CB, 0xD4AB, 0xCC6A, 0xCC49, 0xCC49, 0xC429, 0xC429, 0xC429, 0xBC09, 0xBBE8,
    0xBBE9, 0x8A43, 0x7A03, 0x8223, 0xB386, 0xBB86, 0xBB86, 0xBB65, 0xC3E7, 0xCC28, 0xCC28, 0xCC28, 0xDC89, 0xDCCA, 0xDCAA, 0xD4AA,
    0xD4AA, 0xDCAA, 0xDCAA, 0xDCAA, 0xCC29, 0xBBA7, 0xBB86, 0xBB66, 0xBB66, 0xBB46, 0xB345, 0xBB66, 0xCC28, 0xCC28, 0xCC28, 0xCC28,
    0xCC28, 0xCC08, 0xD469, 0xDCCA, 0xDCAB, 0xDCCB, 0xCC69, 0xCC49, 0xD48A, 0xD4AA, 0xD4AA, 0xDCEB, 0xAB88, 0x6962, 0xF630, 0xFED1,
    0xFEB1, 0xFEB1, 0xFEB1, 0xFEB1, 0xFED1, 0xFED1, 0xFEB1, 0xFEB1, 0xFF14, 0xFF97, 0xFF97, 0xFFD9, 0xFFD9, 0xFFD9, 0xFFD9, 0xFFD9,
    0xFFB8, 0xFFB8, 0xFFB8, 0xFFD8, 0xFFD8, 0xFFB8, 0xFFB9, 0xFFB8, 0xFFB8, 0xFFB8, 0xFFB8, 0xFFB8, 0xFFB8, 0xFFB8, 0xFFB8, 0xFEB1,
    0xFE6F, 0xFE90, 0xFE90, 0xFE90, 0xFE90, 0xFE90, 0xFE6F, 0xFE6F, 0xFEB0, 0xFEB0, 0xFEB1, 0xFEB1, 0xFEB0, 0xFEB0, 0xFEB0, 0xFE90,
    0xFE6F, 0xFE4F, 0xFE4F, 0xFE4F, 0xFE4F, 0xFE6F, 0xFE6F, 0xFE6F, 0xFE90, 0xFE90, 0xFE90, 0xFE90, 0xFEB0, 0xFEB0, 0xFEB0, 0xFEB0,
    0xFEB0, 0xFEB0, 0xFEB0, 0xFEB0, 0xFEB0, 0xFE70, 0xFE6F, 0xFE70, 0xFE6F, 0xFE90, 0xFE90, 0xFEB0, 0xFEB0, 0xFF13, 0xFF97, 0xFFB8,
    0xFFB8, 0xFFB8, 0xFFB8, 0xFFD8, 0xFFB8, 0xFFB8, 0xFFB8, 0xFFB8, 0xFFB8, 0xFFB8, 0xFFD8, 0xFFD8, 0xFFD8, 0xFFB8, 0xFFB8, 0xFFD8,
    0xFFB8, 0xFFD9, 0xEEB4, 0xBC09, 0xCD2E, 0xDE11, 0xFFFA, 0xFFD9, 0xFFD9, 0xFFD9, 0xFFD9, 0xFFD9, 0xFFDA, 0xFFFA, 0xFFDA, 0xFFDA,
    0xFFDA, 0xFF99, 0xFF99, 0xFF79, 0xFF79, 0xFF98, 0xF6B5, 0xF6B5, 0xFF77, 0xEE95, 0xF717, 0xFF37, 0xEE75, 0xEE34, 0xEE54, 0xEE55,
    0xEE55, 0xEE55, 0xEE55, 0xEE54, 0xEE33, 0xEE33, 0xEE34, 0xE5F2, 0xDD8E, 0xE5AF, 0xE5D0, 0xE5AF, 0xE58E, 0xE5D1, 0xEDF1, 0xDD6D,
    0xEDAF, 0xEDD0, 0xE5CF, 0xE58E, 0xE56D, 0xE5AE, 0xEDD0, 0xE5AE, 0xE5AF, 0xE5AF, 0xEDF1, 0xEE11, 0xEDF1, 0xEDF1, 0xEE11, 0xEDF1,
    0xEE11, 0xEE32, 0xF633, 0xEE12, 0xE5F0, 0xEDF0, 0xEDD0, 0xEDD0, 0xEDF0, 0xEDD0, 0xEDAF, 0xE5AF, 0xE58F, 0xE58F, 0xE58F, 0xE58F,
    0xE58E, 0xE58E, 0xE58E, 0xE58E, 0xDD4C, 0xD4EB, 0xCC6A, 0xCC6A, 0xCC49, 0xCC49, 0xCC49, 0xCC4A, 0xCC4A, 0xC449, 0xC409, 0xBBC8,
    0xB3A8, 0x8A43, 0x8203, 0x8243, 0xB365, 0xBB86, 0xBB86, 0xC3A6, 0xCC08, 0xCC28, 0xCC28, 0xCC27, 0xD489, 0xDCCA, 0xDCAA, 0xDCAA,
    0xD4AA, 0xD469, 0xD469, 0xD48A, 0xD449, 0xC3A7, 0xBB66, 0xBB66, 0xBB66, 0xC3A7, 0xCC08, 0xCC08, 0xD428, 0xCC28, 0xCC28, 0xCC28,
    0xCC08, 0xCC08, 0xCC28, 0xDCCA, 0xD4CB, 0xDCCB, 0xD4CB, 0xD4AB, 0xD48A, 0xCC69, 0xD48A, 0xDCEB, 0xAB88, 0x6962, 0xF650, 0xFED1,
    0xFEB1, 0xFEB1, 0xFEB1, 0xFEB1, 0xFEB1, 0xFEB1, 0xFEB1, 0xFEB1, 0xFEB1, 0xFEB2, 0xFED3, 0xFF76, 0xFF97, 0xFF97, 0xFF98, 0xFFB8,
    0xFFB7, 0xFFB7, 0xFF97, 0xFFB8, 0xFFB8, 0xFFB9, 0xFFB9, 0xFFB8, 0xFFB8, 0xFFB8, 0xFFB8, 0xFFB8, 0xFFB8, 0xFFD8, 0xFFB8, 0xFEB1,
    0xFE6F, 0xFE70, 0xFE70, 0xFE6F, 0xFE6F, 0xFE70, 0xFE70, 0xFE4F, 0xFEB0, 0xFEB1, 0xFEB1, 0xFEB1, 0xFEB1, 0xFEB0, 0xFEB0, 0xFE90,
    0xFE4F, 0xFE2F, 0xF60E, 0xFE0F, 0xFE2F, 0xFE2F, 0xFE2F, 0xFE4F, 0xFE4F, 0xFE6F, 0xFE6F, 0xFEB0, 0xFEB0, 0xFED1, 0xFE90, 0xFE70,
    0xFE90, 0xFE90, 0xFE70, 0xFE2F, 0xFE2F, 0xFE4F, 0xFE2F, 0xFE90, 0xFEB1, 0xFEB1, 0xFEB0, 0xFE90, 0xFEB0, 0xFE90, 0xFF76, 0xFFD9,
    0xFFB8, 0xFFB8, 0xFFB8, 0xFFB8, 0xFFD8, 0xFFB8, 0xFFB8, 0xFFB8, 0xFFD8, 0xFFD8, 0xFFD8, 0xFFD8, 0xFFD8, 0xFFD8, 0xFFB8, 0xFFD8,
    0xFFD8, 0xFFD8, 0xFFB8, 0xFFFA, 0xBBE9, 0xC46B, 0xFFFB, 0xFFB9, 0xFFD9, 0xFFD9, 0xFFD9, 0xFFDA, 0xFF98, 0xF778, 0xFFB9, 0xFFDA,
    0xFFBA, 0xFF79, 0xFF79, 0xFF79, 0xFF79, 0xFF58, 0xF6F6, 0xFF57, 0xFF98, 0xEE96, 0xF717, 0xFF57, 0xEE75, 0xEE54, 0xEE54, 0xEE55,
    0xEE55, 0xEE55, 0xEE55, 0xEE54, 0xEE34, 0xEE34, 0xEE34, 0xE612, 0xE58E, 0xE5D0, 0xEE32, 0xE5B0, 0xE5B0, 0xEE11, 0xEDF0, 0xE58E,
    0xEDAF, 0xEDD0, 0xE5CF, 0xE5CF, 0xE58E, 0xE5AE, 0xEDF0, 0xEDCF, 0xE5AF, 0xE5AF, 0xEDF1, 0xEE11, 0xEE11, 0xEE11, 0xEE11, 0xEE11,
    0xEE11, 0xEE12, 0xEE12, 0xEE11, 0xEDF1, 0xE5F0, 0xEDF1, 0xEDF0, 0xEDF0, 0xEDF0, 0xEDD0, 0xE5AF, 0xE5AF, 0xE5AF, 0xE58F, 0xE58F,
    0xE58E, 0xE56E, 0xDD4D, 0xDD4D, 0xE56D, 0xDD0C, 0xCC6A, 0xCC49, 0xCC49, 0xCC49, 0xCC49, 0xCC2A, 0xCC4A, 0xC449, 0xC449, 0xA326,
    0x8203, 0x8223, 0x8203, 0x8223, 0xB366, 0xBB86, 0xBB86, 0xC3C7, 0xCC28, 0xCC28, 0xCC48, 0xCC28, 0xD489, 0xDCCA, 0xD4AA, 0xD4AA,
    0xDCAA, 0xCC49, 0xC408, 0xCC28, 0xCC08, 0xC3C7, 0xBB66, 0xBB66, 0xBB66, 0xC3A7, 0xD428, 0xCC28, 0xCC28, 0xCC28, 0xCC28, 0xCC28,
    0xCC28, 0xCC28, 0xCC49, 0xDCCB, 0xD4CB, 0xD4CB, 0xD4CB, 0xD4CB, 0xD4CB, 0xD4AA, 0xD4AA, 0xDCEB, 0xAB88, 0x6962, 0xF650, 0xFED1,
    0xFEB1, 0xFEB1, 0xFEB1, 0xFEB1, 0xFEB1, 0xFEB1, 0xFEB1, 0xFEB1, 0xFEB1, 0xFED1, 0xFED1, 0xFED2, 0xFEB2, 0xFED2, 0xFED2, 0xFED2,
    0xFFB7, 0xFFB7, 0xFFB7, 0xFFB7, 0xFFB8, 0xFFB8, 0xFFB8, 0xFFB8, 0xFFB8, 0xFFB8, 0xFFB8, 0xFFB8, 0xFFB8, 0xFFB8, 0xFFB7, 0xFEB1,
    0xFE6F, 0xFE70, 0xFE6F, 0xFE70, 0xFE70, 0xFE70, 0xFE6F, 0xFE4F, 0xFE90, 0xFE70, 0xFE6F, 0xFE6F, 0xFE4F, 0xFE4F, 0xFE6F, 0xFE70,
    0xFE90, 0xFE4F, 0xFE4F, 0xFE70, 0xFE4F, 0xFE2F, 0xFE4F, 0xFE2F, 0xFE4F, 0xFE4F, 0xFE4F, 0xFE70, 0xFE90, 0xFED1, 0xFED1, 0xFEB1,
    0xFEB0, 0xFEB0, 0xFEB0, 0xFE70, 0xFE90, 0xFE90, 0xFE90, 0xFEB0, 0xFEB0, 0xFED1, 0xFEB1, 0xFEB1, 0xFEB0, 0xFE91, 0xFF55, 0xFFD8,
    0xFFB8, 0xFFB8, 0xFFB8, 0xFFB8, 0xFFB8, 0xFFB8, 0xFFB8, 0xFFD8, 0xFFD8, 0xFFD8, 0xFFD8, 0xFFD8, 0xFFD8, 0xFFD8, 0xFFD8, 0xFFB8,
    0xFFD8, 0xFFD8, 0xFFB7, 0xFFF9, 0xBBC8, 0xC44A, 0xF778, 0xFF99, 0xFFD9, 0xFFD9, 0xFFD9, 0xFFD9, 0xF717, 0xF6D6, 0xFFB9, 0xFFDA,
    0xFF59, 0xFF79, 0xFF79, 0xFF79, 0xFF79, 0xFF78, 0xFF78, 0xFF98, 0xFF78, 0xEE96, 0xF717, 0xFF37, 0xEE74, 0xEE54, 0xEE55, 0xEE55,
    0xEE55, 0xEE55, 0xEE55, 0xEE54, 0xEE34, 0xEE34, 0xEE34, 0xE612, 0xE5AF, 0xE5D1, 0xEE32, 0xE5B0, 0xE5D0, 0xEE11, 0xEDD0, 0xE5CF,
    0xEDD0, 0xE5D0, 0xE5CF, 0xE5D0, 0xE5AE, 0xE5AF, 0xEDF1, 0xEE11, 0xEDF1, 0xEDF1, 0xEDF1, 0xEE11, 0xEE11, 0xEE11, 0xEE11, 0xEE10,
    0xEDF1, 0xEDF1, 0xE5F1, 0xE5F1, 0xE5F1, 0xE5F1, 0xEDF1, 0xE5D0, 0xEDD0, 0xEDF0, 0xEDF0, 0xE5AF, 0xE56E, 0xE58E, 0xE5AF, 0xE5AF,
    0xE58E, 0xE58E, 0xDCEC, 0xD46A, 0xDCEB, 0xDCEB, 0xCC6A, 0xCC49, 0xCC49, 0xCC49, 0xCC49, 0xCC49, 0xCC49, 0xC429, 0xBBC8, 0xA326,
    0x8203, 0x8203, 0x8A64, 0x9AA4, 0xBB66, 0xBB86, 0xBB86, 0xC3C6, 0xCC28, 0xCC48, 0xDCAA, 0xD4A9, 0xD4AA, 0xD4AA, 0xD4AA, 0xD4AA,
    0xD4AA, 0xD4AA, 0xCC49, 0xCC08, 0xCC08, 0xC3C7, 0xBB66, 0xBB66, 0xBB86, 0xC3C7, 0xCC28, 0xCC28, 0xD428, 0xCC28, 0xCC28, 0xCC28,
    0xD4AA, 0xDCEB, 0xDCEB, 0xDCCB, 0xD4CB, 0xD4CB, 0xD4CB, 0xD4CB, 0xD4CB, 0xD4CB, 0xD4AB, 0xDD0C, 0xAB68, 0x6962, 0xF650, 0xFED2,
    0xFEB1, 0xFEB1, 0xFEB1, 0xFEB1, 0xFEB1, 0xFEB1, 0xFEB1, 0xFEB1, 0xFEB1, 0xFED1, 0xFED1, 0xFED1, 0xFED1, 0xFEB1, 0xFEB1, 0xFEB1,
    0xFFB7, 0xFFB7, 0xFFB7, 0xFFB7, 0xFFB7, 0xFFB8, 0xFFD9, 0xFFB9, 0xFFB8, 0xFFB8, 0xFFB8, 0xFFB8, 0xFFB8, 0xFF98, 0xFF97, 0xFED2,
    0xFE90, 0xFE6F, 0xFE6F, 0xFE70, 0xFE70, 0xFE70, 0xFE6F, 0xFE4F, 0xFE4F, 0xFE2F, 0xFE2F, 0xFE2F, 0xFE2F, 0xFE2F, 0xFE4F, 0xFE70,
    0xFE90, 0xFE6F, 0xFE70, 0xFE70, 0xFE4F, 0xFE70, 0xFE4F, 0xFE4F, 0xFE4F, 0xFE4F, 0xFE4F, 0xFE4F, 0xFE4F, 0xFEB0, 0xFED1, 0xFED1,
    0xFEB1, 0xFEB1, 0xFEB1, 0xFEB0, 0xFEB0, 0xFEB0, 0xFEB0, 0xFE70, 0xFE4F, 0xFE90, 0xFEB1, 0xFEB1, 0xFEB1, 0xFE91, 0xFEB1, 0xFFB8,
    0xFFD9, 0xFFB8, 0xFFB8, 0xFFD8, 0xFFD8, 0xFFB8, 0xFFB8, 0xFFD8, 0xFFD8, 0xFFD8, 0xFFD8, 0xFFD8, 0xFFD8, 0xFFD9, 0xFFD8, 0xFFD8,
    0xFFD8, 0xFFD8, 0xFFB8, 0xFFD8, 0xE6B4, 0xCCED, 0xA306, 0xFF96, 0xFFF9, 0xFFFA, 0xFFB8, 0xFFB9, 0xF737, 0xF716, 0xFF78, 0xFF99,
    0xFF58, 0xFF59, 0xFF78, 0xFF78, 0xFF78, 0xFF78, 0xFF78, 0xFF98, 0xFF98, 0xEE95, 0xF6D6, 0xF6F7, 0xF6B6, 0xF695, 0xEE55, 0xEE55,
    0xEE55, 0xEE55, 0xEE55, 0xEE34, 0xEE34, 0xEE34, 0xEE34, 0xEE33, 0xEE32, 0xEE33, 0xEE33, 0xE5D0, 0xE5D0, 0xEE12, 0xEDF1, 0xE5B0,
    0xE5D0, 0xEE12, 0xEDF1, 0xE5CF, 0xEDD0, 0xEDD0, 0xEDF1, 0xEE12, 0xEE11, 0xEE12, 0xEE11, 0xEE11, 0xEE11, 0xEE11, 0xEE11, 0xEE10,
    0xEDF1, 0xEDF1, 0xE5F1, 0xE5F1, 0xE5F1, 0xE5F1, 0xEDF1, 0xE5F0, 0xE5AF, 0xE5AF, 0xEDCF, 0xEDCF, 0xE56D, 0xE58D, 0xE56D, 0xE54D,
    0xE56D, 0xE58E, 0xDD4D, 0xCC8A, 0xC429, 0xCC49, 0xCC6A, 0xCC49, 0xCC49, 0xCC49, 0xCC49, 0xCC4A, 0xC408, 0xBBC8, 0xBBC8, 0xAB26,
    0x8203, 0x7A03, 0x9AC4, 0xC3A6, 0xBB65, 0xBB86, 0xBB86, 0xC3A6, 0xCC28, 0xCC28, 0xD489, 0xDCCA, 0xD4A9, 0xD4A9, 0xD4A9, 0xD4AA,
    0xD4AA, 0xD489, 0xD489, 0xCC28, 0xCBE7, 0xC3C7, 0xBB66, 0xBB86, 0xCC08, 0xCC28, 0xCC08, 0xCC28, 0xCC28, 0xCC48, 0xD48A, 0xD469,
    0xD4AB, 0xDCEB, 0xDCCB, 0xDCCB, 0xD4CB, 0xD4CB, 0xD4CB, 0xD4CB, 0xD4CB, 0xD4CB, 0xD4AB, 0xE50C, 0xAB68, 0x6982, 0xF650, 0xFED1,
    0xFEB1, 0xFEB1, 0xFEB1, 0xFEB1, 0xFEB1, 0xFEB1, 0xFEB2, 0xFEB2, 0xFEB1, 0xFED2, 0xFED2, 0xFED2, 0xFED2, 0xFEB2, 0xFEB2, 0xFEB2,
    0xFFB7, 0xFFB7, 0xFFB7, 0xFF97, 0xFF97, 0xFFB8, 0xFFB8, 0xFFB8, 0xFFB8, 0xFFB8, 0xFFB8, 0xFFB8, 0xFFB7, 0xFF97, 0xFF97, 0xFF76,
    0xFF13, 0xFE6F, 0xFE70, 0xFE70, 0xFE90, 0xFE90, 0xFE70, 0xFE4F, 0xFE4F, 0xFE2F, 0xFE2F, 0xFE2F, 0xFE4F, 0xFE4F, 0xFE4F, 0xFE70,
    0xFE70, 0xFE70, 0xFE4F, 0xFE4F, 0xFE4F, 0xFE4F, 0xFE4F, 0xFE6F, 0xFE4F, 0xFE4F, 0xFE4F, 0xFE4F, 0xFE90, 0xFE90, 0xFE6F, 0xFE6F,
    0xFE4F, 0xFE4F, 0xFE70, 0xFE90, 0xFE70, 0xFE6F, 0xFE90, 0xFE90, 0xFE6F, 0xFE4F, 0xFE90, 0xFE70, 0xFE70, 0xFE90, 0xFEB1, 0xFF55,
    0xFF76, 0xFFB8, 0xFFD9, 0xFFD8, 0xFFD8, 0xFFD8, 0xFFD8, 0xFFD8, 0xFFD8, 0xFFD8, 0xFFD8, 0xFFD8, 0xFFD8, 0xFFD8, 0xFFD8, 0xFFD8,
    0xFFD8, 0xFFD8, 0xFFD9, 0xFFB8, 0xFFFB, 0xE652, 0xA264, 0xEEB2, 0xF692, 0xF715, 0xFFD9, 0xFFD9, 0xFFD9, 0xFFD9, 0xEED5, 0xEE95,
    0xFF37, 0xFF58, 0xF6F6, 0xFF79, 0xFF78, 0xFF78, 0xFF78, 0xFF37, 0xF6F6, 0xEE95, 0xF6B6, 0xF6D7, 0xF6D7, 0xF6F6, 0xEE75, 0xEE55,
    0xEE55, 0xEE55, 0xEE55, 0xEE54, 0xEE34, 0xEE34, 0xEE54, 0xEE34, 0xEE33, 0xEE33, 0xEE33, 0xE5D1, 0xE5D1, 0xEE32, 0xEE32, 0xEDF1,
    0xEE12, 0xEE32, 0xEE11, 0xEDF1, 0xE5F0, 0xE5F0, 0xEE11, 0xEE12, 0xEE11, 0xEE11, 0xEE11, 0xEE11, 0xEE11, 0xEE11, 0xEE11, 0xEE11,
    0xEE11, 0xEDF1, 0xE5F1, 0xE5F1, 0xE5F1, 0xE5F1, 0xEDF1, 0xEDF1, 0xE5AF, 0xE58E, 0xE58E, 0xE58E, 0xE58D, 0xE58E, 0xDD2C, 0xDCEB,
    0xDD2C, 0xDD2C, 0xE54D, 0xDD0C, 0xD4CB, 0xCC69, 0xCC49, 0xCC69, 0xCC49, 0xCC49, 0xCC49, 0xCC69, 0xC3E8, 0xB387, 0xBBC8, 0xAB26,
    0x8203, 0x7A03, 0x9AA4, 0xBB86, 0xBB65, 0xBB86, 0xC3C6, 0xC3E7, 0xCC28, 0xCC28, 0xD489, 0xDCCA, 0xD4AA, 0xD4AA, 0xD4AA, 0xD4AA,
    0xD469, 0xCC69, 0xD469, 0xD469, 0xC3A7, 0xBB86, 0xBB66, 0xBB66, 0xCBE8, 0xCC08, 0xCC08, 0xCC28, 0xCC28, 0xD449, 0xD4CB, 0xDCCB,
    0xDCCB, 0xDCCB, 0xDCCB, 0xD4CB, 0xDCCB, 0xD4CB, 0xD4CB, 0xD4CB, 0xD4CB, 0xD4CB, 0xD4AB, 0xE50C, 0xAB68, 0x6982, 0xF670, 0xFED1,
    0xFEB1, 0xFEB1, 0xFEB1, 0xFEB1, 0xFEB1, 0xFEB1, 0xFEB2, 0xFEB2, 0xFEB2, 0xFEB2, 0xFEB2, 0xFEB2, 0xFEB2, 0xFEB2, 0xFEB2, 0xFEB2,
    0xFF97, 0xFF77, 0xFF97, 0xFFB7, 0xFFB7, 0xFFB7, 0xFFB7, 0xFFB7, 0xFFB8, 0xFFB8, 0xFFB7, 0xFF97, 0xFF97, 0xFF97, 0xFF97, 0xFFB7,
    0xFF34, 0xFE6F, 0xFE90, 0xFE6F, 0xFE4F, 0xFE4F, 0xFE4F, 0xFE4F, 0xFE4F, 0xFE2E, 0xFE0E, 0xFE2F, 0xFE4F, 0xFE4F, 0xFE2F, 0xFE0E,
    0xF60E, 0xF60E, 0xFE2F, 0xFE4F, 0xFE4F, 0xFE4F, 0xFE4F, 0xFE4F, 0xFE4F, 0xFE4F, 0xFE4F, 0xFE4F, 0xFE4F, 0xFE4F, 0xFE4F, 0xFE4F,
    0xFE4F, 0xFE4F, 0xFE4F, 0xFE70, 0xFE90, 0xFE90, 0xFEB0, 0xFEB0, 0xFE90, 0xFE4F, 0xFE4F, 0xFE4F, 0xFE2F, 0xFE70, 0xFEB0, 0xFEB1,
    0xFF13, 0xFFB7, 0xFFD9, 0xFFD8, 0xFFD8, 0xFFD8, 0xFFD8, 0xFFD8, 0xFFD8, 0xFFD8, 0xFFD9, 0xFFD9, 0xFFD9, 0xFFD9, 0xFFF9, 0xFF96,
    0xFF54, 0xFF74, 0xFF75, 0xFF75, 0xFF75, 0xF713, 0xDDCE, 0xA346, 0xE52B, 0xEE0F, 0xFFB8, 0xFFB8, 0xFFB8, 0xFFD9, 0xEEB5, 0xEE74,
    0xF695, 0xEE95, 0xF6B6, 0xFF79, 0xFF78, 0xFF78, 0xFF98, 0xF6D6, 0xEE54, 0xEE75, 0xF6B6, 0xFED7, 0xF6D6, 0xF6D6, 0xEE95, 0xEE54,
    0xEE55, 0xEE55, 0xEE55, 0xEE55, 0xEE55, 0xEE54, 0xEE55, 0xEE54, 0xEE33, 0xEE33, 0xEE33, 0xEE12, 0xEE12, 0xEE32, 0xEE33, 0xEE32,
    0xEE32, 0xEE31, 0xEE11, 0xEE11, 0xEDF0, 0xE5F0, 0xEE12, 0xEE12, 0xEE11, 0xEE11, 0xEE11, 0xEE11, 0xEE11, 0xEE11, 0xEE11, 0xEE11,
    0xEE11, 0xEE11, 0xE5F1, 0xE5F1, 0xE5F1, 0xE5F0, 0xEDF1, 0xEDF1, 0xEE11, 0xE58E, 0xE58E, 0xE58E, 0xE58D, 0xE58E, 0xE54D, 0xDD0B,
    0xDCEB, 0xDCEB, 0xDCEB, 0xDCEB, 0xE52C, 0xD4AA, 0xCC69, 0xCC49, 0xCC49, 0xCC69, 0xCC49, 0xCC6A, 0xC3E8, 0xB3A7, 0xBBA8, 0xA326,
    0x8202, 0x7A03, 0x9AA4, 0xBB86, 0xBB65, 0xC3C7, 0xD448, 0xCC48, 0xD448, 0xCC48, 0xD489, 0xDCCA, 0xD4AA, 0xD4AA, 0xDCCA, 0xD4AA,
    0xD489, 0xCC69, 0xCC48, 0xCC28, 0xBB86, 0xC3A6, 0xC3C7, 0xC3C7, 0xCC08, 0xCC08, 0xCC08, 0xCC28, 0xCC28, 0xCC49, 0xD4AA, 0xDCCB,
    0xDCCB, 0xDCCB, 0xDCCB, 0xDCCB, 0xDCCB, 0xDCCB, 0xDCCB, 0xD4CB, 0xD4CB, 0xD4CB, 0xD4AB, 0xE50C, 0xAB68, 0x71A2, 0xFE70, 0xFED1,
    0xFEB1, 0xFEB1, 0xFEB1, 0xFEB1, 0xFEB1, 0xFEB1, 0xFEB2, 0xFEB2, 0xFED2, 0xFEB2, 0xFEB2, 0xFED2, 0xFEB2, 0xFEB2, 0xFEB2, 0xFEB2,
    0xFF76, 0xFF76, 0xFF97, 0xFFB7, 0xFFB7, 0xFFB7, 0xFFB8, 0xFFB8, 0xFFB8, 0xFFB7, 0xFF97, 0xFF97, 0xFF97, 0xFF97, 0xFF97, 0xFFB7,
    0xFF13, 0xFE6F, 0xFE90, 0xFE4F, 0xFE0E, 0xFE0E, 0xFDEE, 0xFE2F, 0xFE4F, 0xFE4F, 0xFE4F, 0xFE70, 0xFE90, 0xFE70, 0xFE4F, 0xFE2F,
    0xFE2F, 0xFE2F, 0xFE4F, 0xFE4F, 0xFE4F, 0xFE4F, 0xFE4F, 0xFE4F, 0xFE4F, 0xFE4F, 0xFE4F, 0xFE4F, 0xFE4F, 0xFE6F, 0xFE6F, 0xFE90,
    0xFE90, 0xFE90, 0xFE90, 0xFE90, 0xFE90, 0xFE4F, 0xFE70, 0xFE90, 0xFEB0, 0xFEB0, 0xFEB0, 0xFEB0, 0xFE90, 0xFE90, 0xFE90, 0xFED1,
    0xFFB7, 0xFFD8, 0xFFD8, 0xFFD8, 0xFFD8, 0xFFB8, 0xFFD8, 0xFFD8, 0xFFD8, 0xFFD8, 0xFFD8, 0xFF96, 0xFF76, 0xFF76, 0xFF76, 0xFF33,
    0xFEF1, 0xFEF1, 0xFEF1, 0xFEF1, 0xFF11, 0xFF52, 0xF711, 0xAB66, 0xFF54, 0xF6D1, 0xEDCE, 0xFF97, 0xFFD9, 0xFFB9, 0xF758, 0xF716,
    0xF695, 0xEE74, 0xF6B6, 0xFF99, 0xFF17, 0xF6B6, 0xEEB5, 0xEE95, 0xEE75, 0xEE75, 0xF6B6, 0xFED7, 0xF6D6, 0xFEF7, 0xF695, 0xEE75,
    0xEE55, 0xEE55, 0xEE55, 0xEE55, 0xEE55, 0xEE55, 0xEE55, 0xEE54, 0xEE33, 0xEE33, 0xEE33, 0xEE33, 0xEE33, 0xEE13, 0xEE13, 0xEE32,
    0xEE32, 0xEE32, 0xEE31, 0xEE11, 0xEE11, 0xEE11, 0xEE11, 0xEE11, 0xEE11, 0xEE11, 0xEE11, 0xEE11, 0xEE11, 0xEE11, 0xEE11, 0xEE11,
    0xEE11, 0xEDF1, 0xE5F1, 0xE5F1, 0xEDF1, 0xEDF1, 0xE5F0, 0xEDF0, 0xEE11, 0xEDAE, 0xE58E, 0xE58E, 0xE58D, 0xE58D, 0xE56D, 0xE56D,
    0xDD2C, 0xDCEB, 0xDCEB, 0xDCEB, 0xDCEB, 0xDD0B, 0xD4AA, 0xCC49, 0xCC69, 0xCC69, 0xCC49, 0xCC6A, 0xBBE8, 0xBBA8, 0x9284, 0x8203,
    0x8203, 0x79E3, 0x9AA4, 0xBB65, 0xBBA6, 0xD448, 0xD448, 0xCC48, 0xDCA9, 0xDCA9, 0xD4A9, 0xD4A9, 0xD4AA, 0xD4AA, 0xD4AA, 0xD4AA,
    0xD4AA, 0xD489, 0xCC28, 0xC3A6, 0xBB66, 0xC3C7, 0xD428, 0xCC28, 0xCC28, 0xCC08, 0xCC28, 0xD489, 0xD469, 0xCC69, 0xD4AA, 0xDCEB,
    0xD4CB, 0xDCCB, 0xDCEB, 0xDCCB, 0xDCCB, 0xDCCB, 0xDCCB, 0xD4CB, 0xD4CB, 0xD4CB, 0xD4AB, 0xE50C, 0xAB67, 0x7182, 0xFE90, 0xFED1,
    0xFEB1, 0xFEB1, 0xFEB1, 0xFEB1, 0xFEB1, 0xFEB1, 0xFEB2, 0xFEB2, 0xFED2, 0xFED2, 0xFED2, 0xFED2, 0xFEB2, 0xFEB2, 0xFEB2, 0xFEB1,
    0xFFB8, 0xFF97, 0xFF97, 0xFF97, 0xFFB7, 0xFFB7, 0xFFB8, 0xFFB8, 0xFFB7, 0xFF97, 0xFF97, 0xFF97, 0xFF97, 0xFF97, 0xFF97, 0xFFB7,
    0xFF34, 0xFE90, 0xFE2E, 0xFE0E, 0xFE0E, 0xFDEE, 0xF5EE, 0xFE0E, 0xFE2F, 0xFE4F, 0xFE4F, 0xFE2F, 0xFE4F, 0xFE90, 0xFE90, 0xFE90,
    0xFE90, 0xFE70, 0xFE70, 0xFE70, 0xFE6F, 0xFE4F, 0xFE4F, 0xFE4F, 0xFE4F, 0xFE4F, 0xFE4F, 0xFE4F, 0xFE4F, 0xFE4F, 0xFE2E, 0xFE2F,
    0xFE6F, 0xFE90, 0xFE90, 0xFEB0, 0xFEB0, 0xFE70, 0xFE4F, 0xFE70, 0xFE90, 0xFE90, 0xFE90, 0xFE90, 0xFE90, 0xFE90, 0xFE90, 0xFEB0,
    0xFF34, 0xFFB7, 0xFFD7, 0xFFB8, 0xFFD8, 0xFFD8, 0xFFD8, 0xFFD8, 0xFFB7, 0xFFB7, 0xFFB7, 0xFF13, 0xFED1, 0xFEF1, 0xFED1, 0xFEF1,
    0xFEF1, 0xFEF1, 0xFEF2, 0xFEF2, 0xFEF2, 0xFF32, 0xEE70, 0xAB25, 0xFFB5, 0xFF93, 0xF60E, 0xF630, 0xFF76, 0xFFD9, 0xFFB9, 0xFF99,
    0xEEB5, 0xEE95, 0xEE95, 0xF6B6, 0xF695, 0xEE55, 0xEE55, 0xEE75, 0xEE75, 0xEE95, 0xF6D6, 0xFEF7, 0xF6D6, 0xF6D6, 0xF6B6, 0xEE75,
    0xEE75, 0xEE55, 0xEE55, 0xEE55, 0xEE55, 0xEE55, 0xEE55, 0xEE54, 0xEE33, 0xEE33, 0xEE33, 0xEE33, 0xEE33, 0xEE33, 0xEE13, 0xEE33,
    0xEE32, 0xEE32, 0xEE32, 0xEE11, 0xEE11, 0xEE11, 0xEE12, 0xEE11, 0xEE11, 0xEE11, 0xEE11, 0xEE11, 0xEE11, 0xEE11, 0xEE11, 0xEE11,
    0xEE11, 0xEDF1, 0xE5D0, 0xE5F1, 0xEDF1, 0xEDF1, 0xEDF0, 0xE5AF, 0xE5AF, 0xEDAF, 0xEDAF, 0xE58E, 0xE58D, 0xE58D, 0xE56D, 0xE58E,
    0xE56D, 0xDD0C, 0xDD0B, 0xDCEB, 0xDD0B, 0xDD0B, 0xDCEB, 0xCC69, 0xCC69, 0xCC69, 0xCC69, 0xCC6A, 0xBBE8, 0xBBA7, 0x8A44, 0x79E2,
    0x8223, 0x79C2, 0x9AA3, 0xC3C6, 0xC3C6, 0xD428, 0xD469, 0xD489, 0xD489, 0xD4A9, 0xD4A9, 0xD4A9, 0xD4A9, 0xD4AA, 0xD4AA, 0xD4AA,
    0xD4AA, 0xD469, 0xCC07, 0xCBE7, 0xCBE7, 0xCC07, 0xCC28, 0xCC08, 0xCC08, 0xCC08, 0xCC49, 0xD4CB, 0xDCCB, 0xDCCB, 0xD4CB, 0xDCCB,
    0xD4CB, 0xDCEB, 0xDCEB, 0xDCCB, 0xDCCB, 0xDCCB, 0xDCCB, 0xDCCB, 0xD4CB, 0xD4CB, 0xD4AB, 0xE50C, 0xAB68, 0x6982, 0xFE70, 0xFED1,
    0xFEB1, 0xFEB1, 0xFEB1, 0xFEB1, 0xFEB1, 0xFEB1, 0xFEB2, 0xFEB2, 0xFED2, 0xFED2, 0xFED2, 0xFED2, 0xFEB2, 0xFEB2, 0xFEB2, 0xFEB1,
    0xFFB7, 0xFF97, 0xFF97, 0xFF97, 0xFF97, 0xFF97, 0xFF97, 0xFF97, 0xFF97, 0xFF97, 0xFF97, 0xFF97, 0xFF97, 0xFF97, 0xFF97, 0xFF97,
    0xFF97, 0xFED2, 0xFDEE, 0xFDEE, 0xFDEE, 0xFDEE, 0xFE2F, 0xFE4F, 0xFE4F, 0xFE4F, 0xFE4F, 0xFE2E, 0xFE4F, 0xFE70, 0xFE70, 0xFE70,
    0xFE6F, 0xFE6F, 0xFE6F, 0xFE4F, 0xFE4F, 0xFE4F, 0xFE4F, 0xFE4F, 0xFE4F, 0xFE2F, 0xFE2F, 0xFE6F, 0xFE6F, 0xFE2E, 0xF60E, 0xFE2E,
    0xFE4F, 0xFE90, 0xFEB0, 0xFEB0, 0xFE90, 0xFE4F, 0xFE4F, 0xFE4F, 0xFE4F, 0xFE4F, 0xFE6F, 0xFE4F, 0xFE90, 0xFE90, 0xFE90, 0xFE6F,
    0xFED1, 0xFF97, 0xFFD8, 0xFFD8, 0xFF97, 0xFF75, 0xFF76, 0xFF55, 0xFEF2, 0xFEF2, 0xFF13, 0xFEF2, 0xFEF2, 0xFEF2, 0xFEF2, 0xFEF2,
    0xFEF1, 0xFEF1, 0xFEF1, 0xFEF1, 0xFEF1, 0xFF12, 0xF6B1, 0xD50C, 0xCCEC, 0xEED1, 0xFF32, 0xF5AC, 0xF691, 0xF715, 0xFF98, 0xFF79,
    0xF6B5, 0xF695, 0xEE74, 0xEE54, 0xEE55, 0xEE75, 0xEE55, 0xEE55, 0xEE54, 0xFEF6, 0xFF17, 0xFED7, 0xF695, 0xF696, 0xF6D7, 0xEE75,
    0xEE75, 0xEE75, 0xEE75, 0xEE75, 0xEE55, 0xEE55, 0xEE55, 0xEE74, 0xEE54, 0xEE33, 0xEE33, 0xEE33, 0xEE33, 0xEE33, 0xEE33, 0xEE33,
    0xEE12, 0xEE12, 0xEE12, 0xEE12, 0xEE12, 0xEE12, 0xEE12, 0xEE12, 0xE611, 0xEE11, 0xEE11, 0xEE11, 0xEE11, 0xEE11, 0xEE11, 0xEE11,
    0xEE11, 0xEE11, 0xE5D0, 0xE5F0, 0xEE11, 0xEDF1, 0xEDF1, 0xE5D0, 0xE5AF, 0xE5AE, 0xE58E, 0xE58D, 0xE58D, 0xE58D, 0xE54D, 0xE52C,
    0xE54C, 0xE56D, 0xDD2C, 0xD4AA, 0xD48A, 0xD48A, 0xD48A, 0xCC49, 0xCC69, 0xCC69, 0xCC6A, 0xCC8A, 0xC3E8, 0xBBA7, 0x9AC5, 0x8A23,
    0x8203, 0x9264, 0xA2E4, 0xCC27, 0xCC07, 0xCC27, 0xD489, 0xDCA9, 0xD489, 0xD4A9, 0xDCA9, 0xDCAA, 0xD4A9, 0xD4A9, 0xD4AA, 0xD4A9,
    0xD489, 0xCC28, 0xCBE7, 0xCC07, 0xCC07, 0xCC08, 0xCC28, 0xCC28, 0xCC28, 0xCC49, 0xD469, 0xD4CB, 0xD4CB, 0xDCCB, 0xDCCB, 0xDCCB,
    0xDCCB, 0xDCCB, 0xDCCB, 0xDCCB, 0xDCCB, 0xDCCB, 0xDCCB, 0xDCCB, 0xDCCB, 0xDCCB, 0xD4CB, 0xE52C, 0xAB68, 0x6982, 0xF6D3, 0xFEF2,
    0xFEB1, 0xFEB1, 0xFED1, 0xFEB1, 0xFEB1, 0xFEB1, 0xFEB2, 0xFEB2, 0xFEB2, 0xFED2, 0xFED2, 0xFEB2, 0xFEB2, 0xFEB2, 0xFEB2, 0xFEB1,
    0xFF97, 0xFF97, 0xFF97, 0xFF97, 0xFF77, 0xFF97, 0xFF97, 0xFF97, 0xFFB7, 0xFF97, 0xFF77, 0xFF97, 0xFF97, 0xFF97, 0xFF97, 0xFF97,
    0xFF97, 0xFF13, 0xFE0F, 0xFDEE, 0xFDEE, 0xFDEE, 0xFE0E, 0xFE2F, 0xFE4F, 0xFE4F, 0xFE4F, 0xFE6F, 0xFE4F, 0xFE2F, 0xF5EE, 0xF5EE,
    0xF5EE, 0xF5EE, 0xF5EE, 0xF5EE, 0xFE0E, 0xFE0E, 0xFE2F, 0xFE4F, 0xFE4F, 0xFE4F, 0xFE4F, 0xFE2E, 0xFE0E, 0xFE4F, 0xFE90, 0xFE6F,
    0xFE6F, 0xFE90, 0xFE90, 0xFE90, 0xFE6F, 0xFE2F, 0xFE4F, 0xFE4F, 0xFE2F, 0xFE4F, 0xFE4F, 0xFE6F, 0xFE90, 0xFE90, 0xFEB0, 0xFEB1,
    0xFEB2, 0xFF75, 0xFFD8, 0xFFB7, 0xFF34, 0xFED1, 0xFEF1, 0xFEF1, 0xFEF2, 0xFED2, 0xFED1, 0xFED2, 0xFEF2, 0xFEF1, 0xFEF2, 0xFEF2,
    0xFEF2, 0xFEF2, 0xFEF2, 0xFEF1, 0xFF12, 0xFEF1, 0xFF11, 0xFF52, 0x9243, 0xCD4D, 0xFFF5, 0xF6D0, 0xF5CD, 0xED6C, 0xF715, 0xFF99,
    0xF6D5, 0xF6B5, 0xEE74, 0xEE54, 0xEE74, 0xEE74, 0xEE74, 0xEE74, 0xEE54, 0xF6F6, 0xFF17, 0xF6D6, 0xEE34, 0xF695, 0xFEF7, 0xEE75,
    0xEE75, 0xEE75, 0xEE75, 0xEE75, 0xEE74, 0xEE54, 0xEE75, 0xEE75, 0xEE74, 0xEE33, 0xEE33, 0xEE33, 0xEE13, 0xEE33, 0xEE33, 0xEE33,
    0xEE32, 0xEE12, 0xEE12, 0xEE12, 0xEE11, 0xEE12, 0xEE12, 0xEE12, 0xE611, 0xEE11, 0xEE11, 0xEE11, 0xEE11, 0xEE11, 0xEE11, 0xEE11,
    0xEE11, 0xEE11, 0xEDF1, 0xEDF0, 0xEE11, 0xE5D0, 0xEDD0, 0xEDCF, 0xE5AF, 0xE5AE, 0xE5AE, 0xE58E, 0xE58D, 0xE58E, 0xDD2C, 0xD48A,
    0xD48A, 0xDCEB, 0xDCEB, 0xD48A, 0xCC49, 0xCC49, 0xCC49, 0xCC49, 0xCC69, 0xCC69, 0xCC6A, 0xCC69, 0xC3E8, 0xB387, 0xBBC8, 0xA2E5,
    0x79E2, 0xB366, 0xC3C7, 0xCBE7, 0xCC07, 0xCC07, 0xD469, 0xD4A9, 0xD4A9, 0xD4A9, 0xD4A9, 0xDCAA, 0xD448, 0xD448, 0xD489, 0xD489,
    0xD468, 0xCC48, 0xCC07, 0xCBE7, 0xCBE7, 0xCC08, 0xCC28, 0xCC28, 0xD4AA, 0xD4CB, 0xD4CB, 0xD4CB, 0xDCCB, 0xD4CB, 0xD4CB, 0xDCCB,
    0xDCCB, 0xDCCB, 0xDCCB, 0xDCCB, 0xD4CB, 0xD4CB, 0xDCCB, 0xDCCB, 0xDCCB, 0xDCCB, 0xD4CB, 0xDD0C, 0xAB47, 0x6983, 0xFF56, 0xFF13,
    0xFED1, 0xFED2, 0xFED1, 0xFEB1, 0xFEB1, 0xFEB1, 0xFEB1, 0xFED2, 0xFED2, 0xFED2, 0xFED2, 0xFEB2, 0xFEB2, 0xFEB2, 0xFEB2, 0xFEB2,
    0xFFB7, 0xFFB7, 0xFF97, 0xFF97, 0xFF76, 0xFF97, 0xFFB7, 0xFF97, 0xFF97, 0xFF97, 0xFF97, 0xFF97, 0xFF97, 0xFF97, 0xFF97, 0xFF97,
    0xFF97, 0xFF76, 0xFE91, 0xFDEE, 0xFDEE, 0xFDEE, 0xFDEE, 0xFDEE, 0xFE2F, 0xFE4F, 0xFE4F, 0xFE4F, 0xFE2F, 0xFE0E, 0xFE0E, 0xFE0E,
    0xFE0E, 0xFE0F, 0xFE0F, 0xFE0F, 0xFE2F, 0xFE0E, 0xFE2E, 0xFE2F, 0xFE2E, 0xFE2E, 0xFE0E, 0xFE0E, 0xFE2E, 0xFE6F, 0xFE90, 0xFE8F,
    0xFE2E, 0xFE0E, 0xFE0E, 0xFE2E, 0xFE4F, 0xFE4F, 0xFE2E, 0xFE4F, 0xFED1, 0xFEF2, 0xFEF2, 0xFF13, 0xFF54, 0xFF54, 0xFF55, 0xFFB7,
    0xFFB7, 0xFFD7, 0xFF75, 0xFEF3, 0xFEF2, 0xFEF1, 0xFED1, 0xFEB0, 0xFEB1, 0xFED1, 0xFEF2, 0xFEF2, 0xFEF1, 0xFEF1, 0xFEF2, 0xFEF2,
    0xFEF2, 0xFED2, 0xFEF1, 0xFED1, 0xFED1, 0xFEF1, 0xFEF1, 0xFEF1, 0xA2C4, 0xD58E, 0xFFF5, 0xFF52, 0xFEF0, 0xF5CC, 0xEDED, 0xF6D5,
    0xF717, 0xF673, 0xFEF6, 0xF6F6, 0xEE74, 0xEE54, 0xEE54, 0xEE54, 0xEE54, 0xFEF6, 0xFF17, 0xF695, 0xEE34, 0xF695, 0xF6F7, 0xEE75,
    0xEE75, 0xEE75, 0xEE75, 0xEE75, 0xEE54, 0xE633, 0xEE54, 0xEE75, 0xEE54, 0xEE33, 0xEE13, 0xEE13, 0xEE33, 0xEE33, 0xEE13, 0xEE13,
    0xEE32, 0xEE32, 0xEE12, 0xE612, 0xEE12, 0xEE12, 0xEE12, 0xEE11, 0xEE11, 0xEE11, 0xEE12, 0xEE12, 0xE5F0, 0xEDF0, 0xEE11, 0xEE11,
    0xEE11, 0xEE11, 0xEDF1, 0xEDF0, 0xEE11, 0xEDD0, 0xE5AF, 0xE5AF, 0xE5AF, 0xE5AE, 0xE58E, 0xED8E, 0xE58E, 0xE58D, 0xE56D, 0xDD0B,
    0xD4AA, 0xD4AA, 0xD4AA, 0xD48A, 0xCC29, 0xC408, 0xC408, 0xCC49, 0xCC6A, 0xCC8A, 0xCC4A, 0xBBC7, 0xBBC7, 0xBBA7, 0xBBC7, 0xA2E5,
    0x79E2, 0xB366, 0xC3C6, 0xC3E7, 0xCC08, 0xCC27, 0xD469, 0xDC89, 0xD489, 0xDCA9, 0xDCA9, 0xDCAA, 0xD469, 0xD448, 0xD448, 0xCC48,
    0xCC28, 0xD468, 0xCC28, 0xCBE7, 0xCBE7, 0xCC08, 0xCC28, 0xCC48, 0xD4AA, 0xD4CA, 0xD4CB, 0xDCCB, 0xD4CB, 0xD4CB, 0xDCCB, 0xD4CB,
    0xDCCB, 0xDCCB, 0xDCCB, 0xDCCB, 0xDCCB, 0xDCCB, 0xDD0C, 0xDD0C, 0xD4CB, 0xD4CB, 0xD4AB, 0xED8D, 0xA347, 0x5901, 0xFF55, 0xFFB7,
    0xFF96, 0xFFB6, 0xFF33, 0xFEB1, 0xFED1, 0xFED1, 0xFEB1, 0xFEB1, 0xFEB2, 0xFEB2, 0xFED2, 0xFEB2, 0xFED2, 0xFEB2, 0xFEB2, 0xFED2,
    0xFFB7, 0xFFB7, 0xFFB7, 0xFF97, 0xFF97, 0xFF97, 0xFF97, 0xFF77, 0xFF76, 0xFF97, 0xFF97, 0xFF97, 0xFFB7, 0xFFB7, 0xFF96, 0xFF96,
    0xFF97, 0xFF34, 0xFE50, 0xFDEE, 0xFDEE, 0xFDEE, 0xFDEE, 0xFE0F, 0xFE4F, 0xFE0E, 0xFE0E, 0xF60E, 0xFE4F, 0xFE4F, 0xFE4F, 0xFE2F,
    0xFE2F, 0xFE2F, 0xFE70, 0xFE70, 0xFE70, 0xFE2F, 0xFE0E, 0xFE0E, 0xFE0E, 0xFE0E, 0xFDEE, 0xFE0E, 0xFE6F, 0xFE6F, 0xFE2E, 0xFE4F,
    0xFE4F, 0xFE4F, 0xFE2E, 0xFE6F, 0xFED1, 0xFEF2, 0xFEF3, 0xFEF3, 0xFF75, 0xFFB8, 0xFFB7, 0xFFB7, 0xFFB8, 0xFFB8, 0xFFB8, 0xFFB8,
    0xFFB8, 0xFFD8, 0xFF75, 0xFED1, 0xFED1, 0xFED1, 0xFEB0, 0xFEB0, 0xFEB0, 0xFED1, 0xFEF2, 0xFED2, 0xFEF1, 0xFEF2, 0xFED2, 0xFEF2,
    0xFEF2, 0xFE90, 0xFE90, 0xFE90, 0xFE90, 0xFEF1, 0xFEF1, 0xFF11, 0xA2A4, 0xD58E, 0xFFF5, 0xFF73, 0xFEEF, 0xF5AC, 0xF5AC, 0xF651,
    0xEE52, 0xEDF1, 0xFF17, 0xFF37, 0xEE74, 0xEE54, 0xEE54, 0xEE54, 0xEE54, 0xEE54, 0xEE54, 0xEE34, 0xEE33, 0xF695, 0xFED6, 0xEE74,
    0xEE74, 0xEE74, 0xF675, 0xF675, 0xEE53, 0xEE33, 0xEE33, 0xEE54, 0xEE74, 0xEE13, 0xEE33, 0xEE33, 0xEE13, 0xEE13, 0xEE13, 0xEE13,
    0xEE33, 0xEE32, 0xEE12, 0xE612, 0xEE12, 0xEE11, 0xE611, 0xE611, 0xEE11, 0xEDF0, 0xE5F1, 0xEE12, 0xE5F0, 0xE5AF, 0xEDCF, 0xEDCF,
    0xE5CF, 0xE5D0, 0xEDF1, 0xEDF1, 0xEDF0, 0xEDF0, 0xE5CF, 0xE5CF, 0xE5AF, 0xE5AE, 0xE5AE, 0xDD2C, 0xE54C, 0xE58D, 0xE56D, 0xE56D,
    0xE54C, 0xDCEB, 0xD4AA, 0xD4AA, 0xD4AA, 0xCC28, 0xC3C7, 0xC3E8, 0xCC49, 0xCC4A, 0xCC6A, 0xBBC8, 0xBBA7, 0xB3A7, 0xBBA7, 0xA2E5,
    0x8202, 0xB366, 0xC3C6, 0xC3E7, 0xCC28, 0xCC27, 0xD469, 0xDC89, 0xD489, 0xD4A9, 0xD4A9, 0xD4A9, 0xDCAA, 0xD469, 0xD468, 0xD469,
    0xCC27, 0xCC07, 0xCC07, 0xCBE7, 0xCBE7, 0xCC08, 0xCC28, 0xCC49, 0xD4CA, 0xD4CB, 0xD4CB, 0xDCCB, 0xDCCB, 0xDCCB, 0xDCCB, 0xD4CB,
    0xDCCB, 0xDCCB, 0xDCCB, 0xDCCB, 0xDCCB, 0xD4CB, 0xDD0C, 0xDD0C, 0xDCCB, 0xDCCB, 0xDD0C, 0x9AE6, 0x9B89, 0xBD70, 0xFF97, 0xFFB7,
    0xFFB7, 0xFFB7, 0xFF96, 0xFF76, 0xFF96, 0xFF76, 0xFF96, 0xFF14, 0xFE91, 0xFEB1, 0xFEB2, 0xFEB2, 0xFED2, 0xFEB2, 0xFEB2, 0xFED2,
    0xFFB7, 0xFFB7, 0xFFB7, 0xFFB7, 0xFFB8, 0xFFB8, 0xFFB8, 0xFFB8, 0xFFB7, 0xFFB8, 0xFFB8, 0xFFB7, 0xFFB8, 0xFFB8, 0xFFB7, 0xFFB7,
    0xFFB7, 0xFF34, 0xFE50, 0xFE0E, 0xFE0E, 0xFDEE, 0xFDEE, 0xFE0E, 0xFE0E, 0xFE0E, 0xFE0F, 0xFE2F, 0xFE50, 0xFE2F, 0xFE4F, 0xFE2F,
    0xFE2F, 0xFE2F, 0xFE2F, 0xFE2F, 0xFE2F, 0xFE2F, 0xFE0E, 0xFE0E, 0xFE0E, 0xFE4F, 0xFE4F, 0xFE4F, 0xFE4F, 0xFE4E, 0xFE2E, 0xFE6F,
    0xFEB0, 0xFF13, 0xFF34, 0xFF34, 0xFF34, 0xFF75, 0xFFB7, 0xFF96, 0xFF97, 0xFFB8, 0xFFB8, 0xFFB8, 0xFFB8, 0xFFB8, 0xFFB8, 0xFFB8,
    0xFFB8, 0xFFD8, 0xFFB7, 0xFF55, 0xFEB1, 0xFE90, 0xFEB0, 0xFEB0, 0xFEB1, 0xFEB1, 0xFEB1, 0xFED1, 0xFEF2, 0xFEF2, 0xFEF2, 0xFED2,
    0xFEB0, 0xFE90, 0xFE90, 0xFE90, 0xFE90, 0xFED1, 0xFED1, 0xFEF1, 0x9A63, 0xCD2D, 0xFFD5, 0xFF72, 0xFF30, 0xF68F, 0xF60E, 0xED6C,
    0xE56C, 0xEDF0, 0xF673, 0xEE53, 0xF695, 0xEE54, 0xEE54, 0xEE54, 0xEE54, 0xF695, 0xEE74, 0xEE33, 0xEE33, 0xEE54, 0xEE54, 0xEE54,
    0xEE54, 0xF674, 0xEE74, 0xF695, 0xEE53, 0xEE33, 0xEE33, 0xEE53, 0xEE54, 0xEE13, 0xEE33, 0xEE33, 0xEE13, 0xEE13, 0xEE13, 0xEE13,
    0xEE13, 0xEE12, 0xEE12, 0xE612, 0xEE12, 0xEE11, 0xEE11, 0xE611, 0xEE11, 0xEDD0, 0xE5D0, 0xEE11, 0xEDF1, 0xE5CF, 0xE5AF, 0xE5AF,
    0xE5AF, 0xE5AF, 0xEDF0, 0xEDF1, 0xEDF0, 0xEDF0, 0xEDF0, 0xE5CF, 0xE58E, 0xE58E, 0xEDAE, 0xE52C, 0xDCCA, 0xDCEA, 0xDCCA, 0xDCEB,
    0xDCCA, 0xD4AA, 0xD4AA, 0xD4AA, 0xDCAA, 0xD48A, 0xC408, 0xBBC7, 0xBBC7, 0xBBA7, 0xC3E8, 0xBBC8, 0xBBA7, 0xBBA7, 0xBBE8, 0xB366,
    0x8202, 0xB366, 0xC3C6, 0xC407, 0xD468, 0xD468, 0xD489, 0xD489, 0xD489, 0xD4AA, 0xDCEA, 0xDCCA, 0xDCAA, 0xD489, 0xD489, 0xD489,
    0xCC28, 0xCC07, 0xCC07, 0xCC08, 0xCC28, 0xCC28, 0xCC48, 0xCC49, 0xD4CB, 0xD4CB, 0xD4CB, 0xDCCB, 0xD4CB, 0xDCCB, 0xDCCB, 0xDCCB,
    0xDCCB, 0xDCCB, 0xD4CB, 0xD4CB, 0xD4CB, 0xD4CB, 0xDD0C, 0xDD0C, 0xDCEB, 0xDCEB, 0xE52C, 0x6941, 0xA3CA, 0xFFFA, 0xFF97, 0xFFB7,
    0xFFB7, 0xFFB7, 0xFFB7, 0xFFD8, 0xFFD8, 0xFFD8, 0xFFD8, 0xFF97, 0xFF55, 0xFF76, 0xFF76, 0xFEF3, 0xFEB1, 0xFEB1, 0xFEB1, 0xFEB1,
    0xFFB7, 0xFFB7, 0xFFB7, 0xFFB7, 0xFFB8, 0xFFB8, 0xFFB8, 0xFFB8, 0xFFB8, 0xFFB8, 0xFFB8, 0xFFB7, 0xFFB8, 0xFFB8, 0xFFB8, 0xFFB8,
    0xFFB8, 0xFFB7, 0xFEF2, 0xFE70, 0xFE0E, 0xFE0E, 0xFE0E, 0xFE0E, 0xFE0E, 0xFE4F, 0xFE70, 0xFE70, 0xFE0F, 0xFE0F, 0xFE2F, 0xFE0F,
    0xFE2F, 0xFE2F, 0xFE2F, 0xFE0E, 0xFE0E, 0xFE0E, 0xFE0E, 0xFE2E, 0xFE2E, 0xFE90, 0xFE90, 0xFE90, 0xFEB1, 0xFF13, 0xFF13, 0xFF13,
    0xFF14, 0xFF75, 0xFF96, 0xFF96, 0xFFB7, 0xFFB7, 0xFFB8, 0xFFB8, 0xFFD8, 0xFFB8, 0xFFB7, 0xFFB8, 0xFFB8, 0xFFB8, 0xFFB8, 0xFFB8,
    0xFFB8, 0xFFB8, 0xFFD8, 0xFFB6, 0xFEB1, 0xFEB0, 0xFEB0, 0xFEB0, 0xFEB0, 0xFEB0, 0xFEB0, 0xFED1, 0xFED2, 0xFEF2, 0xFEB1, 0xFE90,
    0xFE70, 0xFE70, 0xFE90, 0xFE90, 0xFE90, 0xFE90, 0xFE90, 0xFEB0, 0xDDEF, 0xA326, 0xCCEA, 0xFFD3, 0xFF72, 0xFF92, 0xF62E, 0xED6C,
    0xED6C, 0xEDAE, 0xDD6E, 0xDD6E, 0xEE53, 0xEE74, 0xEE54, 0xEE54, 0xEE54, 0xF6B5, 0xF695, 0xEE53, 0xEE33, 0xEE33, 0xEE33, 0xEE33,
    0xEE54, 0xEE54, 0xEE54, 0xF695, 0xEE54, 0xEE33, 0xEE33, 0xEE33, 0xEE33, 0xEE33, 0xEE33, 0xEE33, 0xEE33, 0xEE33, 0xEE13, 0xEE13,
    0xEE12, 0xEE12, 0xEE12, 0xE612, 0xEE12, 0xE611, 0xE611, 0xE611, 0xEE11, 0xEE11, 0xEDF1, 0xEE11, 0xEE11, 0xEDF1, 0xE5AF, 0xEDD0,
    0xEDF1, 0xE5AF, 0xE5D0, 0xEDF0, 0xEDF0, 0xEDF0, 0xEDF0, 0xEDF0, 0xE58E, 0xE56E, 0xE58E, 0xE56D, 0xDCCA, 0xD4AA, 0xD4AA, 0xD4AA,
    0xD4AA, 0xD4AA, 0xD4AA, 0xD4AA, 0xD4AA, 0xDCCB, 0xCC49, 0xBBA7, 0xBBC8, 0xBBC7, 0xBBA7, 0xBBA8, 0xBBA7, 0xC409, 0xD48A, 0xBBC7,
    0x8203, 0xB366, 0xC3C6, 0xCC07, 0xD4A9, 0xD489, 0xD489, 0xD489, 0xD489, 0xDCCA, 0xE52C, 0xDCEB, 0xDCAA, 0xDCCA, 0xDCAA, 0xD489,
    0xCC07, 0xCC28, 0xCC48, 0xCC28, 0xCC49, 0xCC49, 0xD449, 0xD469, 0xD4CB, 0xDCCB, 0xDCCB, 0xDCCB, 0xDCCB, 0xDCCB, 0xDCCB, 0xDCCB,
    0xDCCB, 0xD4CB, 0xD4CB, 0xD4CB, 0xD4CB, 0xD4CB, 0xDCEC, 0xDD0C, 0xD4CB, 0xDCEC, 0xED8E, 0x79A2, 0xA3CA, 0xFFF8, 0xFF77, 0xFF97,
    0xFFB7, 0xFFB7, 0xFFB7, 0xFFB7, 0xFFB7, 0xFFB7, 0xFFB7, 0xFFD8, 0xFFD8, 0xFFD8, 0xFFD9, 0xFF55, 0xFEF3, 0xFEF3, 0xFEF3, 0xFEF3,
    0xFFB7, 0xFFB7, 0xFFB7, 0xFFB7, 0xFFB8, 0xFFB8, 0xFFB8, 0xFFB8, 0xFFB8, 0xFFB8, 0xFFB8, 0xFF97, 0xFFB8, 0xFFB8, 0xFFB8, 0xFF97,
    0xFF97, 0xFF97, 0xFEF3, 0xFE91, 0xFE2F, 0xFE0F, 0xFE2F, 0xFE0F, 0xFE2F, 0xFE2F, 0xFE2F, 0xFE2F, 0xFE0F, 0xFE0F, 0xFE0E, 0xF5EE,
    0xFE0F, 0xFE2F, 0xFE0E, 0xFE0E, 0xFE0E, 0xFE0E, 0xF62F, 0xFED2, 0xFF13, 0xFF34, 0xFF34, 0xFF54, 0xFF75, 0xFF96, 0xFF97, 0xFF97,
    0xFFB7, 0xFF97, 0xFF97, 0xFF96, 0xFFB7, 0xFFB7, 0xFFB7, 0xFFB7, 0xFFB8, 0xFFB8, 0xFFB7, 0xFFB7, 0xFFB8, 0xFFB8, 0xFFB8, 0xFFB8,
    0xFFB8, 0xFFB7, 0xFFD8, 0xFF76, 0xFE90, 0xFEB0, 0xFEB0, 0xFEB0, 0xFEB0, 0xFE90, 0xFE90, 0xFE90, 0xFE90, 0xFE90, 0xFE90, 0xFE70,
    0xFE70, 0xFE90, 0xFE90, 0xFE90, 0xFE70, 0xFE70, 0xFE70, 0xFEB1, 0xFFB5, 0xB366, 0xCC89, 0xFFF4, 0xFF52, 0xFF52, 0xF62E, 0xF5CD,
    0xED8D, 0xE54C, 0xE52C, 0xDCEB, 0xDD4D, 0xF653, 0xEE54, 0xEE54, 0xEE54, 0xF695, 0xF695, 0xEE54, 0xEE33, 0xEE33, 0xEE33, 0xEE33,
    0xEE33, 0xEE33, 0xEE54, 0xF674, 0xEE54, 0xEE33, 0xEE33, 0xEE33, 0xEE33, 0xEE33, 0xEE33, 0xEE33, 0xEE13, 0xEE13, 0xEE13, 0xEE32,
    0xEE32, 0xEE32, 0xEE32, 0xE612, 0xEE12, 0xE611, 0xE611, 0xE611, 0xEE11, 0xEE11, 0xEE11, 0xEE11, 0xEE11, 0xEE11, 0xEDF0, 0xE5D0,
    0xEE11, 0xE5D0, 0xE5D0, 0xEDF0, 0xEDF0, 0xEDF0, 0xEE10, 0xEE10, 0xEDF0, 0xE58E, 0xE56D, 0xE58D, 0xE54C, 0xDCCA, 0xD4AA, 0xD4AA,
    0xD4AA, 0xD4AA, 0xD4AA, 0xD4AA, 0xDCCA, 0xD48A, 0xC408, 0xBBC7, 0xBBC7, 0xBBC7, 0xBBA7, 0xBBA7, 0xB3A7, 0xC408, 0xD469, 0xBBA7,
    0x8203, 0xB346, 0xC3A6, 0xC3E7, 0xD489, 0xD489, 0xD489, 0xD4AA, 0xD4CA, 0xDCEB, 0xDCEB, 0xD4CA, 0xDCCA, 0xDCCA, 0xD4AA, 0xCC28,
    0xCC07, 0xD448, 0xD489, 0xCC48, 0xCC49, 0xCC48, 0xD449, 0xD469, 0xDCCB, 0xDCCB, 0xDCCB, 0xDCCB, 0xDCEB, 0xDCEB, 0xDCCB, 0xDCCB,
    0xDCCB, 0xD4CB, 0xD4CB, 0xD4CB, 0xDCEB, 0xD4CB, 0xDCEC, 0xDD0C, 0xDD0C, 0xCC8B, 0xABC8, 0x6942, 0xA38A, 0xFFD7, 0xFFB7, 0xFFB7,
    0xFFB7, 0xFFB7, 0xFFB7, 0xFFB7, 0xFFB7, 0xFFB7, 0xFFB8, 0xFFB8, 0xFFB8, 0xFFB8, 0xFFB8, 0xFFD8, 0xFFB8, 0xFFD8, 0xFFB8, 0xFFD8,
    0xFFB7, 0xFFB7, 0xFFB7, 0xFFB7, 0xFFB8, 0xFFB8, 0xFFB8, 0xFFB8, 0xFFB8, 0xFFB8, 0xFFB8, 0xFFB8, 0xFFB8, 0xFFB8, 0xFFB7, 0xFF97,
    0xFF97, 0xFF97, 0xFF34, 0xFEB1, 0xFE70, 0xFE2F, 0xFE2F, 0xFE2F, 0xFE2F, 0xFE2F, 0xFE0F, 0xFDEE, 0xFE0F, 0xFE2F, 0xFE0E, 0xFDEE,
    0xF5CD, 0xF5CE, 0xFE0F, 0xFE91, 0xFEF3, 0xFEF3, 0xFF14, 0xFF76, 0xFF97, 0xFFB8, 0xFFB7, 0xFF96, 0xFF96, 0xFF96, 0xFF96, 0xFF96,
    0xFF97, 0xFF96, 0xFF97, 0xFF97, 0xFF97, 0xFFB7, 0xFFB7, 0xFF97, 0xFFB7, 0xFFB7, 0xFF97, 0xFF97, 0xFFB7, 0xFFB8, 0xFFB8, 0xFFB8,
    0xFFB8, 0xFFB8, 0xFFB8, 0xFF97, 0xFF13, 0xFEB1, 0xFEB1, 0xFEB0, 0xFEB0, 0xFE90, 0xFE70, 0xFE70, 0xFE70, 0xFE70, 0xFE70, 0xFE70,
    0xFE70, 0xFE90, 0xFE70, 0xFE70, 0xFED1, 0xFEF1, 0xFEF1, 0xFEF1, 0xFF73, 0xBB86, 0xCCCA, 0xFFD4, 0xFF72, 0xFF72, 0xF60E, 0xF5ED,
    0xEDAD, 0xE54C, 0xE52C, 0xDD2C, 0xDD2C, 0xDD2D, 0xEE52, 0xEE74, 0xEE74, 0xF6B6, 0xF695, 0xEE54, 0xEE53, 0xEE33, 0xEE33, 0xEE33,
    0xEE33, 0xEE33, 0xEE33, 0xEE53, 0xEE53, 0xEE33, 0xEE33, 0xEE33, 0xEE33, 0xEE33, 0xEE33, 0xEE33, 0xEE13, 0xEE33, 0xEE32, 0xEE32,
    0xEE32, 0xEE32, 0xEE32, 0xEE12, 0xEE12, 0xE611, 0xEE11, 0xEE11, 0xEE11, 0xEE11, 0xEE11, 0xEE11, 0xEE11, 0xEE11, 0xEE11, 0xEE11,
    0xEE11, 0xEDF1, 0xEDF1, 0xEDF0, 0xEDF0, 0xEDF0, 0xEDF0, 0xEE10, 0xEE10, 0xEDCF, 0xE56D, 0xE56D, 0xE56D, 0xDCCA, 0xD4AA, 0xDCAA,
    0xD4AA, 0xD4AA, 0xD4AA, 0xD4AA, 0xD4AA, 0xD4AA, 0xD469, 0xD46A, 0xC3E8, 0xBBC8, 0xBBC7, 0xC3E8, 0xC408, 0xCC29, 0xD469, 0xBBC8,
    0x8203, 0xB345, 0xC3A6, 0xC407, 0xD4A9, 0xD489, 0xD489, 0xDCAA, 0xDD0C, 0xDD0C, 0xDD0C, 0xDD0B, 0xD4CB, 0xD4AA, 0xD4AA, 0xD448,
    0xD448, 0xD448, 0xD449, 0xD449, 0xCC49, 0xD469, 0xD449, 0xD469, 0xDCEB, 0xDCEB, 0xDCEB, 0xDCEB, 0xDCEB, 0xDCEB, 0xDCCB, 0xDCCB,
    0xDCCB, 0xDCCB, 0xD4CB, 0xD4EC, 0xDD0C, 0xDD0C, 0xDD0C, 0xDD0C, 0xE54D, 0xB3C9, 0x5901, 0x8A65, 0x71A2, 0xABC9, 0xFF14, 0xF755,
    0xFF97, 0xFFD8, 0xFFB8, 0xFFB8, 0xFFB8, 0xFFB7, 0xFFB8, 0xFFB8, 0xFFB8, 0xFFB8, 0xFFB8, 0xFFB8, 0xFFB8, 0xFFB8, 0xFFB8, 0xFFD8,
    0xFFB7, 0xFFB7, 0xFFB7, 0xFFB7, 0xFFB8, 0xFFB8, 0xFFB8, 0xFFB8, 0xFFB8, 0xFFB8, 0xFFB8, 0xFFB8, 0xFFB8, 0xFFB7, 0xFF97, 0xFF97,
    0xFF97, 0xFF97, 0xFF13, 0xFE91, 0xFE90, 0xFE70, 0xFE50, 0xFE4F, 0xFE2F, 0xFE2F, 0xFE0E, 0xF5EE, 0xF5EE, 0xFDEE, 0xFDEE, 0xFE0F,
    0xF691, 0xF6B2, 0xFEF3, 0xFF55, 0xFF96, 0xFF96, 0xFF96, 0xFF97, 0xFFB7, 0xFFB8, 0xFFB7, 0xFF96, 0xFF96, 0xFF97, 0xFF97, 0xFF97,
    0xFF96, 0xFF97, 0xFF97, 0xFFB7, 0xFFB7, 0xFF97, 0xFF96, 0xFF76, 0xFF76, 0xFF97, 0xFF97, 0xFF97, 0xFFB8, 0xFFD8, 0xFFD8, 0xFFB8,
    0xFFB8, 0xFFB8, 0xFFB8, 0xFFD8, 0xFF96, 0xFEB1, 0xFEB0, 0xFEB1, 0xFEB1, 0xFEB1, 0xFEB1, 0xFED1, 0xFED1, 0xFED1, 0xFE90, 0xFE6F,
    0xFE90, 0xFE6F, 0xFE90, 0xFEB0, 0xFEF2, 0xFF12, 0xFF12, 0xFF12, 0xFF94, 0xB345, 0xCCEB, 0xFFF5, 0xFF72, 0xFF72, 0xFED0, 0xF6B0,
    0xEDED, 0xED8D, 0xDD0B, 0xDD0C, 0xDD0C, 0xDCEC, 0xDD4D, 0xE5D1, 0xE5D1, 0xDD8F, 0xE612, 0xEE54, 0xEE33, 0xEE53, 0xEE54, 0xEE33,
    0xEE33, 0xEE74, 0xF674, 0xEE33, 0xEE33, 0xEE33, 0xEE33, 0xEE33, 0xEE33, 0xEE33, 0xEE33, 0xEE33, 0xEE33, 0xEE33, 0xEE32, 0xEE32,
    0xEE32, 0xEE12, 0xEE12, 0xEE12, 0xEE12, 0xE611, 0xEE11, 0xEE11, 0xEE11, 0xEE11, 0xEE11, 0xEE11, 0xEE11, 0xEE11, 0xEE11, 0xEE11,
    0xEE11, 0xEE11, 0xEDF1, 0xEDF0, 0xEDF0, 0xEDF1, 0xEDF0, 0xE5AF, 0xE5AF, 0xE5AE, 0xE58E, 0xE56D, 0xE56D, 0xE56C, 0xDD0B, 0xDCAA,
    0xDCCA, 0xD4AA, 0xD4CA, 0xD469, 0xC408, 0xCC29, 0xD48A, 0xD46A, 0xC3E8, 0xBBC8, 0xBBC8, 0xCC29, 0xCC49, 0xCC49, 0xCC69, 0xBBC8,
    0x8202, 0xB325, 0xC386, 0xC3E7, 0xD4A9, 0xD489, 0xD48A, 0xDCCB, 0xDD0C, 0xDD0C, 0xDD0C, 0xDD0C, 0xDCCB, 0xD469, 0xD469, 0xD448,
    0xD449, 0xD448, 0xCC48, 0xD449, 0xD469, 0xDCEB, 0xDCCA, 0xDCCA, 0xDCEB, 0xDCEB, 0xDCEB, 0xDCEB, 0xDCCB, 0xDCEB, 0xDCCB, 0xDCEB,
    0xDCEB, 0xDCEC, 0xDD2D, 0xDD0C, 0xDD0C, 0xDD2D, 0xDD2D, 0xDD0C, 0xE56D, 0xBC0A, 0x6962, 0x9AC5, 0x92A5, 0x7162, 0x82A6, 0xF690,
    0xF734, 0xFFB7, 0xFF97, 0xFFB7, 0xFFB7, 0xFFB7, 0xFFB7, 0xFFB8, 0xFFB8, 0xFFB8, 0xFFB8, 0xFFB8, 0xFFB8, 0xFFB8, 0xFFB8, 0xFFD8,
    0xFFB8, 0xFFB8, 0xFFB8, 0xFFB8, 0xFFB8, 0xFFB8, 0xFFB8, 0xFFB8, 0xFFB8, 0xFFB8, 0xFFB8, 0xFFB8, 0xFFB8, 0xFF97, 0xFF97, 0xFFB7,
    0xFFB8, 0xFFB8, 0xFF14, 0xFEF2, 0xFE91, 0xFE70, 0xFE70, 0xFE50, 0xFE2F, 0xFE2F, 0xFE0E, 0xFDEE, 0xF60F, 0xF62F, 0xF630, 0xFE91,
    0xFF54, 0xFF96, 0xFF96, 0xFF76, 0xFF76, 0xFF97, 0xFF97, 0xFFB7, 0xFF97, 0xFF97, 0xFFB7, 0xFFB7, 0xFFB7, 0xFF96, 0xFF97, 0xFF97,
    0xFF97, 0xFF97, 0xFF96, 0xFF76, 0xFF96, 0xFF96, 0xFF97, 0xFF97, 0xFFB7, 0xFFB7, 0xFFB7, 0xFFB7, 0xFFD8, 0xFFB8, 0xFFB7, 0xFF97,
    0xFFB7, 0xFFB8, 0xFFB8, 0xFFD8, 0xFF97, 0xFF14, 0xFEF1, 0xFEB1, 0xFEB1, 0xFEB1, 0xFED1, 0xFED1, 0xFED1, 0xFED1, 0xFEB1, 0xFEB0,
    0xFEB0, 0xFEB0, 0xFED1, 0xFF12, 0xFF12, 0xFF12, 0xFF12, 0xFF12, 0xFF53, 0xCCAA, 0xBB87, 0xCD0B, 0xFFD6, 0xFF53, 0xFF52, 0xFF32,
    0xF5EE, 0xF5CE, 0xE54C, 0xDCEB, 0xDCEB, 0xDCEB, 0xDCCA, 0xDD0C, 0xD50C, 0xD4EC, 0xE5F1, 0xEE54, 0xEE33, 0xEE33, 0xEE54, 0xEE54,
    0xEE74, 0xF695, 0xF695, 0xEE53, 0xEE33, 0xEE33, 0xEE33, 0xEE33, 0xEE33, 0xEE33, 0xEE33, 0xEE33, 0xEE33, 0xEE33, 0xEE12, 0xE612,
    0xE612, 0xEE12, 0xEE12, 0xEE12, 0xEE12, 0xE611, 0xEE11, 0xEE11, 0xEE11, 0xEE11, 0xEE11, 0xEE11, 0xEE11, 0xEE11, 0xEE11, 0xEE11,
    0xEE11, 0xEDF1, 0xE5F0, 0xEDF0, 0xEDF0, 0xEDF0, 0xEDF0, 0xE5AF, 0xE58E, 0xE58E, 0xE58E, 0xE56D, 0xE54C, 0xE56C, 0xE56C, 0xDCCA,
    0xDCAA, 0xDCAA, 0xDCCA, 0xD469, 0xC3E7, 0xC3E7, 0xC3E8, 0xC3E8, 0xC3E8, 0xCC29, 0xC3E8, 0xCC29, 0xCC49, 0xCC49, 0xCC69, 0xBBC8,
    0x79E2, 0xAB46, 0xC3C6, 0xC3E7, 0xD489, 0xD489, 0xDCEB, 0xDD0C, 0xDD0C, 0xDD0C, 0xDD0C, 0xDD2C, 0xDCEB, 0xCC48, 0xD448, 0xD428,
    0xCC48, 0xCC48, 0xD469, 0xD449, 0xD449, 0xD4AA, 0xDCEB, 0xD4EB, 0xDCEB, 0xDCEB, 0xDCEB, 0xDCEB, 0xDCEB, 0xDCEB, 0xDCEB, 0xDCEB,
    0xDCCB, 0xDD0C, 0xE56E, 0xDD4E, 0xDD0D, 0xDD0D, 0xDD2D, 0xDD2D, 0xD50D, 0xAB89, 0x6961, 0x9AC5, 0x9AE5, 0x8224, 0x71C4, 0x9B27,
    0xEDCF, 0xF630, 0xEE30, 0xFF55, 0xFF55, 0xFF55, 0xFF76, 0xFFB7, 0xFFD7, 0xFFB8, 0xFFB8, 0xFFD8, 0xFFD8, 0xFFD8, 0xFFD8, 0xFFD8,
    0xFFD8, 0xFFB8, 0xFFB8, 0xFFB8, 0xFFB8, 0xFFB8, 0xFFB8, 0xFFB8, 0xFFB8, 0xFFB8, 0xFFB8, 0xFFB8, 0xFFB8, 0xFFB8, 0xFFB8, 0xFFB7,
    0xFF97, 0xFF97, 0xFF76, 0xFF55, 0xF670, 0xFE2F, 0xFE30, 0xFE2F, 0xFEB1, 0xFED2, 0xFED2, 0xFED2, 0xFEF3, 0xFF95, 0xFF76, 0xFF75,
    0xFF75, 0xFF75, 0xFF76, 0xFF76, 0xFF96, 0xFF97, 0xFF97, 0xFF97, 0xFFB7, 0xFF97, 0xFFB7, 0xFFD8, 0xFFB8, 0xFFB7, 0xFFB7, 0xFFB7,
    0xFFB7, 0xFFB7, 0xFF96, 0xFF75, 0xFF76, 0xFF97, 0xFFD8, 0xFFD8, 0xFFD8, 0xFFB8, 0xFF97, 0xFFB7, 0xFFD8, 0xFFB7, 0xFF97, 0xFF97,
    0xFFB7, 0xFFD8, 0xFFB8, 0xFFB8, 0xFFB8, 0xFFD8, 0xFF54, 0xFE90, 0xFE70, 0xFE90, 0xFEB0, 0xFE90, 0xFE90, 0xFE70, 0xFED1, 0xFF32,
    0xFF12, 0xFF12, 0xFEF2, 0xFEF2, 0xFF12, 0xFF12, 0xFF12, 0xFF12, 0xFF12, 0xFF94, 0xCC48, 0xAB45, 0xFFF9, 0xFF74, 0xFF31, 0xFF11,
    0xF5EE, 0xF60E, 0xEDCE, 0xDCEB, 0xDCEB, 0xDCEB, 0xDCEB, 0xDCCB, 0xD4CB, 0xDD2C, 0xD52D, 0xDD90, 0xEE74, 0xEE33, 0xEE54, 0xF694,
    0xF695, 0xF695, 0xF695, 0xEE53, 0xEE33, 0xEE53, 0xEE53, 0xEE33, 0xEE33, 0xEE33, 0xEE33, 0xEE33, 0xEE33, 0xEE33, 0xEE12, 0xE5F2,
    0xE612, 0xEE32, 0xEE32, 0xEE12, 0xEE12, 0xEE12, 0xEE11, 0xEE11, 0xEE11, 0xEE11, 0xEE11, 0xEE11, 0xEE11, 0xEE11, 0xEE11, 0xEE11,
    0xEE11, 0xE5CF, 0xE5AF, 0xEDF0, 0xEDF0, 0xEDF0, 0xEDD0, 0xE5AF, 0xE58E, 0xE58E, 0xE58E, 0xE56E, 0xDD2B, 0xDD0B, 0xE50B, 0xDCEB,
    0xD469, 0xCC08, 0xCC28, 0xCC08, 0xC3E7, 0xC3E7, 0xC3E7, 0xC3C7, 0xC3E8, 0xCC49, 0xCC49, 0xCC49, 0xCC49, 0xCC49, 0xCC69, 0xB3A7,
    0x79C2, 0xBBC7, 0xDCCA, 0xD469, 0xD489, 0xD48A, 0xDCEB, 0xDD0C, 0xDD0C, 0xDD0C, 0xDD0C, 0xD4CB, 0xD4AA, 0xCC48, 0xD449, 0xD449,
    0xCC48, 0xD469, 0xD4AA, 0xD469, 0xD449, 0xD4AA, 0xDCEB, 0xDCEB, 0xDCEB, 0xDCEB, 0xDCEB, 0xDCEB, 0xDCEB, 0xDCEB, 0xDCEB, 0xDCEB,
    0xDCCB, 0xD4EB, 0xE56E, 0xDD4E, 0xDD0D, 0xDD0D, 0xDD2D, 0xDD4D, 0x8AA5, 0x6962, 0x8203, 0x9AC5, 0x9AC5, 0xA326, 0x7A24, 0x6982,
    0xDCAA, 0xE4CA, 0xE52C, 0xFE71, 0xF651, 0xF651, 0xF6D3, 0xFF76, 0xFF96, 0xFFB8, 0xFFB8, 0xFFB8, 0xFFD8, 0xFFB8, 0xFFD8, 0xFFD8,
    0xFFB8, 0xFFB8, 0xFFB8, 0xFFB8, 0xFFB8, 0xFFB8, 0xFFB8, 0xFFD8, 0xFFD8, 0xFFD8, 0xFFD8, 0xFFB8, 0xFF56, 0xFF55, 0xFF56, 0xFF14,
    0xFEF3, 0xFEF3, 0xFF75, 0xFF55, 0xFE91, 0xFE50, 0xFE91, 0xFED2, 0xFF34, 0xFF55, 0xFF55, 0xFF75, 0xFF96, 0xFF96, 0xFF96, 0xFF76,
    0xFF75, 0xFF75, 0xFF96, 0xFF96, 0xFF96, 0xFF97, 0xFFB7, 0xFFB7, 0xFFB7, 0xFFB7, 0xFFB8, 0xFFD8, 0xFFD8, 0xFFB7, 0xFFB7, 0xFF76,
    0xFF76, 0xFF76, 0xFF75, 0xFFB6, 0xFFB7, 0xFFD7, 0xFFD8, 0xFFD8, 0xFFD8, 0xFFD8, 0xFFD8, 0xFFD8, 0xFFD8, 0xFFD8, 0xFFD8, 0xFFD8,
    0xFFD8, 0xFFD8, 0xFFD8, 0xFFB8, 0xFFB8, 0xFFD8, 0xFF55, 0xFE90, 0xFE90, 0xFED1, 0xFEB0, 0xFE90, 0xFE90, 0xFE90, 0xFEB0, 0xFEB1,
    0xFEF1, 0xFF12, 0xFEF2, 0xFF12, 0xFF12, 0xFF12, 0xFF13, 0xFF13, 0xFED2, 0xFF33, 0xCC89, 0xB387, 0xFFF8, 0xFF54, 0xFF11, 0xFF32,
    0xFED1, 0xF5EE, 0xED8E, 0xD4AB, 0xDCEB, 0xDCEB, 0xDCEB, 0xDCEB, 0xDCEB, 0xDCEC, 0xD4AB, 0xDD2E, 0xDD6F, 0xD56F, 0xF694, 0xF6B5,
    0xF694, 0xF695, 0xF695, 0xF694, 0xEE53, 0xF694, 0xF674, 0xEE33, 0xEE33, 0xEE53, 0xEE33, 0xEE33, 0xEE33, 0xEE33, 0xEE33, 0xEE33,
    0xE612, 0xE5D1, 0xE5D1, 0xE611, 0xEE12, 0xEE12, 0xEE12, 0xEE11, 0xEE11, 0xEE11, 0xEE11, 0xEE11, 0xEE11, 0xEE11, 0xEE11, 0xEE11,
    0xEE11, 0xE5AF, 0xE5AF, 0xEDF1, 0xEDF1, 0xEDF0, 0xE5F0, 0xE5D0, 0xE56E, 0xE56E, 0xE5AE, 0xE58E, 0xE52C, 0xCC49, 0xCC08, 0xDCAA,
    0xD4CA, 0xC3E7, 0xC3C7, 0xC3E7, 0xC3E7, 0xC3E7, 0xC3E7, 0xC3C8, 0xC3E8, 0xCC49, 0xCC49, 0xCC49, 0xCC49, 0xCC49, 0xD48A, 0xB3C7,
    0x7181, 0xB3A7, 0xDCAA, 0xD469, 0xD489, 0xD489, 0xDCEB, 0xDD0C, 0xDD0C, 0xDD0C, 0xDD0C, 0xD489, 0xD469, 0xCC49, 0xCC49, 0xD469,
    0xD4AA, 0xD4AA, 0xD4AA, 0xD4CA, 0xD4CA, 0xD4CB, 0xDCEB, 0xDCEB, 0xDCEB, 0xDCEB, 0xDCEB, 0xDCEB, 0xDCEB, 0xDCEB, 0xDD0C, 0xDD4D,
    0xDD4D, 0xDD4D, 0xDD6F, 0xDD4E, 0xDD0D, 0xDD0D, 0xDD0D, 0xE56F, 0x92A5, 0x7A03, 0x9AE6, 0x92C5, 0x9AC5, 0x9B06, 0x7A03, 0x79E3,
    0xDCCB, 0xDCA9, 0xDCE9, 0xE54B, 0xE52B, 0xE52A, 0xEDAC, 0xEE0F, 0xFEF3, 0xFF35, 0xFF14, 0xFF14, 0xFFB8, 0xFFD8, 0xFFB8, 0xFFB8,
    0xFFB8, 0xFFB8, 0xFFB8, 0xFFB8, 0xFFB8, 0xFFB9, 0xFFD9, 0xFF77, 0xFF77, 0xFF77, 0xFF77, 0xFF55, 0xFE51, 0xFE50, 0xFE50, 0xFE2F,
    0xFE0F, 0xFE2F, 0xFEB1, 0xFED2, 0xFF34, 0xFF34, 0xFF76, 0xFFB7, 0xFF76, 0xFF76, 0xFF76, 0xFF76, 0xFF96, 0xFF76, 0xFF76, 0xFF75,
    0xFF75, 0xFF76, 0xFFB7, 0xFFB7, 0xFF97, 0xFFB7, 0xFFB7, 0xFFB7, 0xFFB7, 0xFFB8, 0xFFD8, 0xFFD9, 0xFFD8, 0xFFB8, 0xFFB7, 0xFF76,
    0xFF55, 0xFF76, 0xFF96, 0xFFB7, 0xFFB7, 0xFFB7, 0xFFD8, 0xFFD8, 0xFFD8, 0xFFD8, 0xFFD8, 0xFFD8, 0xFFB7, 0xFFD8, 0xFFD8, 0xFFD8,
    0xFFD8, 0xFFD8, 0xFFB8, 0xFFB8, 0xFFD8, 0xFFB7, 0xFF54, 0xFED1, 0xFE90, 0xFE90, 0xFE90, 0xFE90, 0xFE90, 0xFEB0, 0xFE90, 0xFE90,
    0xFE90, 0xFEB0, 0xFEB0, 0xFEF2, 0xFEF2, 0xFEF2, 0xFF13, 0xFF33, 0xFF13, 0xFF94, 0xC428, 0xAB66, 0xFFFA, 0xFFB6, 0xFF53, 0xFF11,
    0xFF11, 0xF650, 0xEDCE, 0xDD4D, 0xDD0C, 0xDCEB, 0xDCEB, 0xDCCB, 0xD4EB, 0xDCEB, 0xDCEC, 0xD4CB, 0xCC8B, 0xD4EC, 0xDD8F, 0xDD90,
    0xF695, 0xF6B5, 0xF695, 0xF695, 0xF695, 0xF694, 0xF674, 0xEE54, 0xEE53, 0xEE53, 0xEE33, 0xEE33, 0xEE33, 0xEE33, 0xEE33, 0xEE33,
    0xE5F1, 0xE5B0, 0xE5D0, 0xE612, 0xEE12, 0xEE12, 0xEE12, 0xEE12, 0xEE12, 0xEE12, 0xEE12, 0xEE11, 0xEE11, 0xEE11, 0xEE11, 0xEE11,
    0xEE11, 0xE5AF, 0xE5AF, 0xEDF1, 0xE5D0, 0xDD6E, 0xE5D0, 0xE5D0, 0xE58F, 0xDD2C, 0xDD0C, 0xE54D, 0xE54D, 0xCC49, 0xC3E7, 0xC3E7,
    0xCC08, 0xC3C7, 0xC3C7, 0xC3C7, 0xC3C7, 0xC3C7, 0xC3C7, 0xC3C7, 0xC3E7, 0xCC29, 0xCC49, 0xCC49, 0xCC49, 0xCC49, 0xBBA7, 0x9AE5,
    0x79E2, 0xBBA7, 0xD4AA, 0xD469, 0xCC69, 0xD469, 0xDCEB, 0xDD0C, 0xDD0C, 0xDD2C, 0xDD0C, 0xD469, 0xD449, 0xCC69, 0xCC49, 0xD489,
    0xD4AA, 0xD4AA, 0xD4AA, 0xD4CB, 0xDCEB, 0xDCEB, 0xDCEB, 0xDCEB, 0xDCEB, 0xDCEB, 0xDCEB, 0xDCEB, 0xDCEB, 0xDCCB, 0xDCEB, 0xDD2D,
    0xE56F, 0xE56F, 0xDD6F, 0xDD4E, 0xDD0D, 0xDD2D, 0xCC8B, 0x8245, 0x71A3, 0x8203, 0x9AC5, 0x92A5, 0x9AC5, 0x9AE6, 0x8A84, 0x69A2,
    0x8A85, 0xED8C, 0xED4A, 0xE509, 0xE509, 0xE509, 0xE52A, 0xE52A, 0xF60E, 0xF64F, 0xFED2, 0xFF14, 0xFF55, 0xFF96, 0xFFD8, 0xFFD8,
    0xFFB8, 0xFFB8, 0xFFB8, 0xFF97, 0xFF97, 0xFF77, 0xFF97, 0xFED3, 0xFE51, 0xFE51, 0xFE71, 0xFE71, 0xFE50, 0xFE50, 0xFE50, 0xFE4F,
    0xFE50, 0xFE4F, 0xFE2F, 0xFE70, 0xFEF3, 0xFF96, 0xFFB7, 0xFFB7, 0xFFB7, 0xFFB7, 0xFFB8, 0xFFB7, 0xFF97, 0xFF76, 0xFF76, 0xFF75,
    0xFF76, 0xFF97, 0xFFB7, 0xFFB7, 0xFFB7, 0xFFB7, 0xFFB7, 0xFFB7, 0xFFB8, 0xFFD8, 0xFFD8, 0xFFD8, 0xFFD8, 0xFFD8, 0xFFB8, 0xFF76,
    0xFF76, 0xFFB7, 0xFFD8, 0xFFB7, 0xFFB8, 0xFFD7, 0xFFB7, 0xFFB6, 0xFFB7, 0xFFB7, 0xFFB8, 0xFFD8, 0xFFB7, 0xFFB7, 0xFFB8, 0xFFB8,
    0xFFD8, 0xFFD8, 0xFFD8, 0xFFB8, 0xFFD8, 0xFFB7, 0xFF75, 0xFEF1, 0xFEB0, 0xFEB0, 0xFEB0, 0xFEB0, 0xFEB0, 0xFEB0, 0xFEB0, 0xFEB0,
    0xFEB0, 0xFEB0, 0xFEB0, 0xFEB0, 0xFEB1, 0xFEB1, 0xFF12, 0xFF33, 0xFF13, 0xFF53, 0xDD8D, 0xC4CB, 0xDE51, 0xFFD8, 0xFF96, 0xFEF1,
    0xFF32, 0xFF11, 0xF60F, 0xF650, 0xE54D, 0xDCEB, 0xDD0D, 0xDD2D, 0xDCEC, 0xDCEB, 0xD4EB, 0xDCEC, 0xD4AB, 0xCC8A, 0xCC6A, 0xCC8B,
    0xEE32, 0xDD90, 0xEE53, 0xF6B5, 0xF6B5, 0xF695, 0xF694, 0xF694, 0xF654, 0xEE34, 0xEE33, 0xEE53, 0xEE33, 0xEE33, 0xEE33, 0xEE33,
    0xEE12, 0xEE12, 0xEE12, 0xEE12, 0xEE12, 0xEE12, 0xEE12, 0xEE12, 0xEE12, 0xEE12, 0xEE12, 0xEE12, 0xEE12, 0xEE11, 0xEE11, 0xEE11,
    0xEE11, 0xE5AF, 0xE52D, 0xE58F, 0xE5AF, 0xD4EC, 0xD4EC, 0xDD4D, 0xE5AF, 0xDD2D, 0xCC49, 0xCC49, 0xDCAA, 0xDCEB, 0xCC08, 0xC3A7,
    0xC3A7, 0xC3C7, 0xC3C7, 0xC3C7, 0xC3C7, 0xC3E7, 0xC3E7, 0xC3E8, 0xC3E7, 0xC408, 0xCC49, 0xCC49, 0xCC49, 0xCC69, 0x8A43, 0x9243,
    0xC408, 0xCC69, 0xD489, 0xD469, 0xD48A, 0xDCEB, 0xDD0C, 0xDD2C, 0xDD0C, 0xDCEC, 0xDCEB, 0xCC69, 0xCC29, 0xD4AA, 0xD4CA, 0xD4AA,
    0xD4AA, 0xD4AA, 0xD4AA, 0xD4CB, 0xDCEB, 0xDCEB, 0xDCEB, 0xDCEB, 0xDCEB, 0xDCEB, 0xDCEB, 0xDCEB, 0xDD0C, 0xDD2C, 0xDCEB, 0xDD2D,
    0xDD6F, 0xE58F, 0xDD2D, 0xD4EC, 0xD50D, 0xDD2D, 0xC46A, 0x6120, 0x79E3, 0x8A64, 0x92A5, 0x92A5, 0x92C5, 0x92C5, 0x9AE6, 0x8A44,
    0x79E3, 0xA346, 0xCC49, 0xE50A, 0xE529, 0xE529, 0xE509, 0xE509, 0xED4A, 0xED8B, 0xEDCD, 0xEDED, 0xFEF3, 0xFF55, 0xFF55, 0xFF55,
    0xFF76, 0xFF76, 0xFF76, 0xFF34, 0xFF13, 0xFEB2, 0xFE91, 0xFE70, 0xFE70, 0xFE70, 0xFE70, 0xFE70, 0xFE70, 0xFE4F, 0xFE90, 0xFEB1,
    0xFED1, 0xFE70, 0xFE4F, 0xFE90, 0xFF13, 0xFF96, 0xFFB7, 0xFFB7, 0xFFB7, 0xFF97, 0xFF97, 0xFFB7, 0xFF97, 0xFF97, 0xFF76, 0xFF76,
    0xFF76, 0xFF97, 0xFFB8, 0xFFB8, 0xFFB8, 0xFFB8, 0xFFB8, 0xFFB8, 0xFFB8, 0xFFB8, 0xFFB8, 0xFFB8, 0xFFB7, 0xFF97, 0xFF97, 0xFF96,
    0xFF97, 0xFFB7, 0xFFB7, 0xFFB7, 0xFFB8, 0xFFB7, 0xFFB7, 0xFF96, 0xFFB7, 0xFFB7, 0xFFB7, 0xFFB7, 0xFFB8, 0xFFB8, 0xFFB8, 0xFFB8,
    0xFFB8, 0xFFD8, 0xFFD8, 0xFFD8, 0xFFD8, 0xFFD9, 0xFF96, 0xFED1, 0xFED1, 0xFEB0, 0xFEB0, 0xFEB0, 0xFEB0, 0xFED1, 0xFEF1, 0xFEF1,
    0xFEF1, 0xFED1, 0xFED1, 0xFEB1, 0xFEB1, 0xFEB1, 0xFED1, 0xFED1, 0xFED1, 0xFED1, 0xFF53, 0xEDEE, 0x9A83, 0xF777, 0xFFB6, 0xFEF1,
    0xFF32, 0xFEF1, 0xEE0F, 0xF5F0, 0xE56D, 0xDD0B, 0xE56E, 0xE58F, 0xDD2D, 0xDCEB, 0xD4EB, 0xDCEB, 0xD4CC, 0xD4CC, 0xD4CB, 0xCC6B,
    0xCC4A, 0xC46B, 0xF653, 0xF6B5, 0xE633, 0xEE74, 0xEE74, 0xEE54, 0xEE54, 0xEE33, 0xEE33, 0xEE33, 0xEE33, 0xEE33, 0xEE33, 0xEE13,
    0xEE13, 0xEE33, 0xEE32, 0xEE32, 0xEE12, 0xEE12, 0xEE12, 0xEE12, 0xEE12, 0xEE12, 0xEE12, 0xEE12, 0xEE12, 0xEE12, 0xEE11, 0xEE11,
    0xEE11, 0xE5CF, 0xE52C, 0xE54D, 0xE56E, 0xD4CB, 0xD48A, 0xD48A, 0xD4CB, 0xDD0C, 0xD4CB, 0xCC08, 0xC3C7, 0xCC08, 0xC3E8, 0xC3C7,
    0xC3C7, 0xC3C7, 0xC3C7, 0xC3C7, 0xC3C7, 0xD449, 0xD489, 0xD489, 0xD469, 0xCC28, 0xCC49, 0xCC49, 0xCC49, 0xCC69, 0x9263, 0x9284,
    0xC408, 0xCC69, 0xD48A, 0xD469, 0xD4AA, 0xDD0C, 0xDD0C, 0xDD0C, 0xDD0C, 0xD4AB, 0xCC69, 0xCC49, 0xCC49, 0xD4AA, 0xD4CA, 0xD4AA,
    0xD4AA, 0xD4AA, 0xD4AA, 0xD4EB, 0xDCEB, 0xDCEB, 0xDCEB, 0xDCEB, 0xDCEB, 0xDCEB, 0xDCEB, 0xDCEB, 0xDCEB, 0xDD4D, 0xE56E, 0xDD6E,
    0xE56F, 0xE58F, 0xDD4E, 0xD4ED, 0xD4ED, 0xDD0D, 0xCCAC, 0x6961, 0x8A64, 0x92A5, 0x9284, 0x92A5, 0x92C5, 0x92C5, 0x92A5, 0x9AE5,
    0x8A85, 0x58E0, 0xB389, 0xDCEB, 0xD4CA, 0xDCEA, 0xE52A, 0xE52A, 0xE529, 0xE529, 0xE529, 0xE529, 0xEDAC, 0xEDCE, 0xFEF3, 0xFF14,
    0xFF34, 0xFF34, 0xFF13, 0xFE91, 0xFE71, 0xFE70, 0xFE70, 0xFE70, 0xFE70, 0xFE50, 0xFE70, 0xFE70, 0xFE70, 0xFE50, 0xFE90, 0xFE91,
    0xFE90, 0xFE70, 0xFE4F, 0xFE70, 0xFED2, 0xFF75, 0xFFB7, 0xFFB7, 0xFF97, 0xFF97, 0xFF97, 0xFFB7, 0xFF97, 0xFF97, 0xFF97, 0xFF97,
    0xFF97, 0xFF97, 0xFF97, 0xFF97, 0xFF97, 0xFF97, 0xFFB7, 0xFFB8, 0xFFD8, 0xFFB8, 0xFF97, 0xFFB7, 0xFF97, 0xFF97, 0xFF97, 0xFFB7,
    0xFFB8, 0xFFB7, 0xFFB7, 0xFFB7, 0xFFB7, 0xFFB7, 0xFFB8, 0xFFB7, 0xFFB7, 0xFFB7, 0xFFB7, 0xFFB7, 0xFFB8, 0xFFB8, 0xFFB8, 0xFFB8,
    0xFFD8, 0xFFD8, 0xFFD8, 0xFFD8, 0xFFD8, 0xFFD8, 0xFFB8, 0xFF97, 0xFF34, 0xFEB0, 0xFEB1, 0xFEB0, 0xFED1, 0xFED1, 0xFED1, 0xFED1,
    0xFED1, 0xFED1, 0xFED1, 0xFED1, 0xFE90, 0xFEB1, 0xFEB0, 0xFEB0, 0xFED1, 0xFEB1, 0xFF12, 0xE5CE, 0xAAE5, 0xF797, 0xFF96, 0xFEF0,
    0xFF32, 0xFF32, 0xF670, 0xEDCF, 0xEDF1, 0xEDB0, 0xE56F, 0xE58F, 0xDD4D, 0xD4EB, 0xD4EB, 0xD4EB, 0xD4EB, 0xDCEC, 0xD4EC, 0xCCAB,
    0xCC6B, 0xCC6B, 0xDD2E, 0xD54F, 0xD570, 0xCD0F, 0xE5D2, 0xF694, 0xEE54, 0xEE34, 0xEE33, 0xEE33, 0xEE33, 0xEE33, 0xEE33, 0xEE13,
    0xEE33, 0xEE33, 0xEE33, 0xEE33, 0xEE12, 0xEE12, 0xEE12, 0xEE12, 0xEE12, 0xEE12, 0xEE12, 0xEE12, 0xEE12, 0xEE12, 0xEE11, 0xEDF1,
    0xEDF1, 0xE5AF, 0xDD2C, 0xDD2C, 0xE50C, 0xD48A, 0xD48A, 0xD48A, 0xD449, 0xD449, 0xD449, 0xCC29, 0xC3E8, 0xC3C7, 0xC3C7, 0xC3C7,
    0xC3C7, 0xC3A7, 0xC3A7, 0xC3C7, 0xC3C7, 0xC3E7, 0xCC48, 0xD489, 0xD48A, 0xD489, 0xCC69, 0xCC28, 0xCC69, 0xD4AA, 0x8A43, 0x9284,
    0xCC49, 0xCC69, 0xD48A, 0xD469, 0xD4AA, 0xDD0C, 0xDD0C, 0xDD0C, 0xDD2C, 0xD4CB, 0xCC49, 0xCC49, 0xCC49, 0xD4AA, 0xD4AA, 0xD4AA,
    0xD4AA, 0xD4AA, 0xD4AA, 0xD4CB, 0xDCEB, 0xDCEB, 0xDCEB, 0xDCEB, 0xDCEB, 0xDCEB, 0xDCEB, 0xDCEB, 0xDD0C, 0xDD6E, 0xE56F, 0xE56F,
    0xE56F, 0xDD6E, 0xD50D, 0xDD0D, 0xDD0D, 0x92C5, 0x8A85, 0x6941, 0x8A44, 0x9284, 0x9284, 0x9284, 0x92A5, 0x92A5, 0x92A5, 0x9AC5,
    0x8A65, 0x6141, 0xBBEA, 0xCC6C, 0xC42B, 0xC42B, 0xCC8B, 0xCC8A, 0xE4EA, 0xED49, 0xE549, 0xED49, 0xE529, 0xE54A, 0xF670, 0xF670,
    0xFE91, 0xFEB1, 0xFEB1, 0xFE90, 0xFE70, 0xFE70, 0xFE70, 0xFE70, 0xFE70, 0xFE50, 0xFE70, 0xFE70, 0xFE70, 0xFE70, 0xFE70, 0xFE70,
    0xFE70, 0xFE70, 0xFE70, 0xFE70, 0xFE70, 0xFF14, 0xFFB8, 0xFFB8, 0xFF97, 0xFFB7, 0xFFB7, 0xFF97, 0xFF97, 0xFF76, 0xFF97, 0xFF96,
    0xFF97, 0xFF97, 0xFF96, 0xFF76, 0xFF76, 0xFF76, 0xFF76, 0xFF76, 0xFFB7, 0xFFB8, 0xFFB7, 0xFFB7, 0xFFB7, 0xFF97, 0xFF97, 0xFFB8,
    0xFFB8, 0xFFB8, 0xFFB7, 0xFFB7, 0xFFD7, 0xFFB7, 0xFFB7, 0xFFB7, 0xFFB8, 0xFFB7, 0xFFB7, 0xFFB8, 0xFFB8, 0xFFB8, 0xFFB8, 0xFFD8,
    0xFFD8, 0xFFD8, 0xFFD8, 0xFFD8, 0xFFD8, 0xFFD9, 0xFFD9, 0xFFF9, 0xFF54, 0xFEB0, 0xFE90, 0xFEB0, 0xFEB0, 0xFED1, 0xFED1, 0xFED1,
    0xFEB0, 0xFEB0, 0xFE90, 0xFE90, 0xFEB0, 0xFEB1, 0xFEB0, 0xFEB0, 0xFEB1, 0xFEB0, 0xFF11, 0xE5AE, 0xA2E4, 0xF776, 0xFFD7, 0xFF54,
    0xFF12, 0xFF53, 0xF690, 0xEDEF, 0xEDF1, 0xEDD1, 0xE590, 0xE590, 0xDD4E, 0xDD2D, 0xD4EC, 0xD4EB, 0xD4EC, 0xD4EC, 0xD4EC, 0xD4EC,
    0xD50C, 0xCC8B, 0xCC4B, 0xCC8B, 0xD52E, 0xBC4C, 0xC48D, 0xD54F, 0xDD90, 0xE5D2, 0xEE54, 0xEE33, 0xEE33, 0xEE33, 0xEE33, 0xEE33,
    0xEE33, 0xEE33, 0xEE33, 0xEE33, 0xEE12, 0xEE12, 0xEE12, 0xEE12, 0xEE12, 0xEE12, 0xEE12, 0xEE12, 0xEE12, 0xEDF1, 0xEDF1, 0xEDF1,
    0xEDF1, 0xE5AF, 0xDD2C, 0xE52C, 0xDD2C, 0xD48A, 0xD48A, 0xD46A, 0xD469, 0xD449, 0xD449, 0xCC29, 0xCBE8, 0xC3C7, 0xC3C7, 0xC3C7,
    0xC3E7, 0xCBE8, 0xCBE7, 0xC3C7, 0xC3C7, 0xC3C7, 0xC3E7, 0xCC28, 0xD449, 0xD489, 0xD469, 0xCC69, 0xAB66, 0x9284, 0x8203, 0xAB26,
    0xD48A, 0xCC69, 0xCC69, 0xD48A, 0xD4AA, 0xDD0C, 0xDD0C, 0xDCEC, 0xD4AB, 0xD48A, 0xCC49, 0xCC49, 0xCC49, 0xD48A, 0xD4AA, 0xD4AA,
    0xD4AA, 0xD4AA, 0xD4AA, 0xDCCB, 0xDCEC, 0xDCEB, 0xDCEB, 0xDCEB, 0xDCCB, 0xDCCB, 0xDCEB, 0xDCEB, 0xE54E, 0xE56F, 0xE56F, 0xE56F,
    0xE58F, 0xDD4E, 0xD50D, 0xDD0D, 0xDD2D, 0x71C3, 0x6961, 0x9284, 0x9284, 0x9284, 0x9284, 0x9284, 0x9284, 0x9284, 0x9284, 0x92A5,
    0x8A65, 0x6121, 0xB389, 0xC42B, 0xC44B, 0xC42B, 0xC40B, 0xC40B, 0xCC8B, 0xD4AA, 0xD4AB, 0xD4AA, 0xED4A, 0xED8A, 0xED6A, 0xED6A,
    0xFE2F, 0xFE50, 0xFE70, 0xFE70, 0xFE70, 0xFE70, 0xFE70, 0xFE70, 0xFE70, 0xFE70, 0xFE70, 0xFE70, 0xFE70, 0xFE70, 0xFE70, 0xFE70,
    0xFE70, 0xFE70, 0xFE70, 0xFE70, 0xFE90, 0xFF13, 0xFF34, 0xFFB7, 0xFFD8, 0xFFB8, 0xFFB8, 0xFF97, 0xFF96, 0xFF96, 0xFF76, 0xFF55,
    0xFF76, 0xFF96, 0xFF76, 0xFF76, 0xFF76, 0xFF76, 0xFF76, 0xFF76, 0xFFB7, 0xFFB8, 0xFFB7, 0xFFB7, 0xFFB7, 0xFFB8, 0xFFB8, 0xFFD8,
    0xFFD8, 0xFFD8, 0xFFB8, 0xFFB7, 0xFFB7, 0xFFB7, 0xFFB7, 0xFFB7, 0xFFB8, 0xFFB7, 0xFFB7, 0xFFB8, 0xFFB8, 0xFFB8, 0xFFB8, 0xFFB8,
    0xFFD8, 0xFFD8, 0xFFD8, 0xFFD8, 0xFFD9, 0xFFD8, 0xFFD8, 0xFFD8, 0xFF54, 0xFEB0, 0xFE90, 0xFE90, 0xFEB0, 0xFEF1, 0xFF12, 0xFEF1,
    0xFEB0, 0xFE70, 0xFE90, 0xFE70, 0xFE2E, 0xFE2E, 0xFE90, 0xFEB1, 0xFEB1, 0xFEB0, 0xFF11, 0xE5AE, 0xAAE4, 0xFFB7, 0xFFF9, 0xFFB7,
    0xFF32, 0xFF53, 0xFF53, 0xFF33, 0xEDF1, 0xEDF1, 0xEDF1, 0xEDD1, 0xE5B1, 0xE56F, 0xDD0D, 0xD4EC, 0xD4EC, 0xDCEC, 0xD4EC, 0xD4EC,
    0xD4EC, 0xD4CC, 0xD4ED, 0xD4CC, 0xCCAC, 0xC44B, 0xAB88, 0x92A5, 0xBC6C, 0xDD70, 0xE5F2, 0xEE33, 0xEE33, 0xEE33, 0xEE33, 0xE5D1,
    0xEE12, 0xEE12, 0xE5F2, 0xEDF2, 0xEE12, 0xEE12, 0xEE12, 0xEE12, 0xEE12, 0xEE12, 0xEE12, 0xEE12, 0xEDF1, 0xE5AF, 0xE5D0, 0xEDF1,
    0xEDF1, 0xE5AF, 0xDD2C, 0xE52C, 0xE52C, 0xDCCB, 0xD46A, 0xD46A, 0xD449, 0xD449, 0xD449, 0xCC08, 0xCC09, 0xCC08, 0xC3E7, 0xC3A7,
    0xCC28, 0xD489, 0xCC28, 0xC3A7, 0xC3A7, 0xC3C7, 0xC3E7, 0xC3C7, 0xC3E7, 0xCC48, 0xD469, 0xDCAA, 0x9AC5, 0x81E2, 0xCC49, 0xCC49,
    0xCC69, 0xCC69, 0xD48A, 0xD4AA, 0xD4CB, 0xDD0C, 0xDCEC, 0xDCCB, 0xCC49, 0xCC49, 0xCC49, 0xCC49, 0xCC49, 0xCC69, 0xD4AA, 0xD4AA,
    0xD4AA, 0xD4AA, 0xD4CA, 0xDCEC, 0xDCEC, 0xDCEB, 0xDCEB, 0xDCEB, 0xDD2C, 0xDD2D, 0xDCEC, 0xDD2D, 0xE58F, 0xE56F, 0xE56F, 0xE58F,
    0xE58F, 0xDD4E, 0xD4ED, 0xDD0D, 0xE54E, 0x7A03, 0x79C2, 0x9AC5, 0x9284, 0x9284, 0x9284, 0x9284, 0x9284, 0x9284, 0x9284, 0x9284,
    0x92A5, 0x8244, 0x6141, 0x9AE7, 0xCC6C, 0xC42B, 0xC42B, 0xC42B, 0xC40B, 0xBC0B, 0xBC0C, 0xC42B, 0xDCEB, 0xDD0B, 0xE52B, 0xED6B,
    0xFEB1, 0xFEB1, 0xFE90, 0xFE70, 0xFE70, 0xFE70, 0xFE70, 0xFE70, 0xFE70, 0xFE70, 0xFE91, 0xFE90, 0xFE70, 0xFE50, 0xFE4F, 0xFE70,
    0xFE70, 0xFE70, 0xFE70, 0xFE6F, 0xFE70, 0xFE90, 0xFED1, 0xFF76, 0xFF97, 0xFF97, 0xFF76, 0xFF76, 0xFF75, 0xFF55, 0xFF55, 0xFF55,
    0xFF76, 0xFF76, 0xFF76, 0xFF76, 0xFF96, 0xFFB7, 0xFF97, 0xFF97, 0xFFB7, 0xFFD7, 0xFFB7, 0xFFB7, 0xFFB7, 0xFFB8, 0xFFB8, 0xFFB8,
    0xFFD8, 0xFFD8, 0xFFD8, 0xFFB8, 0xFFD8, 0xFFB8, 0xFFB7, 0xFFB7, 0xFFB7, 0xFFD8, 0xFFD8, 0xFFD8, 0xFFB8, 0xFFD8, 0xFFD8, 0xFFB8,
    0xFFD8, 0xFFD8, 0xFFD8, 0xFFD8, 0xFFD8, 0xFFD8, 0xFF97, 0xFF96, 0xFF13, 0xFEF2, 0xFEF2, 0xFED1, 0xFED1, 0xFEB0, 0xFE90, 0xFE90,
    0xFE90, 0xFE90, 0xFE90, 0xFE70, 0xFE0E, 0xFE0E, 0xFE6F, 0xFEB0, 0xFEB0, 0xFEB0, 0xFEF1, 0xE5CE, 0xAB05, 0xDE30, 0xFFB7, 0xFFD6,
    0xFF11, 0xFF32, 0xFF73, 0xFF53, 0xEDF1, 0xEDD1, 0xE5F2, 0xE5D1, 0xEDD1, 0xE5B0, 0xE56F, 0xDD2E, 0xD50C, 0xD4EC, 0xD4EC, 0xD4EC,
    0xD4EC, 0xD4EC, 0xD4EC, 0xD4EC, 0xCCCC, 0xCCCD, 0xD50E, 0x92A6, 0x9B48, 0xC48C, 0xD550, 0xE5F2, 0xE5F2, 0xE5F2, 0xE5F2, 0xDD70,
    0xDDB1, 0xE5D1, 0xC4CD, 0xCCEE, 0xEE33, 0xEE12, 0xEE12, 0xEE12, 0xEE12, 0xEE12, 0xEDF2, 0xEDF1, 0xE5AF, 0xE5AF, 0xEDF0, 0xEDF1,
    0xEDF0, 0xE5AF, 0xDD0C, 0xE50C, 0xDD0C, 0xE52C, 0xD48A, 0xCC29, 0xD449, 0xD449, 0xD449, 0xD429, 0xCC28, 0xD449, 0xCBE7, 0xC3C7,
    0xD428, 0xD468, 0xD469, 0xCC28, 0xCC28, 0xD469, 0xD48A, 0xD48A, 0xD489, 0xD489, 0xD469, 0xDCAA, 0xA2E5, 0x8A23, 0xD489, 0xCC49,
    0xCC69, 0xCC69, 0xD48A, 0xD4AA, 0xD4AA, 0xCC6A, 0xD4CB, 0xDCEB, 0xCC69, 0xCC69, 0xCC69, 0xCC49, 0xCC49, 0xD469, 0xD4AA, 0xD4AA,
    0xD4AA, 0xD4AA, 0xD4CB, 0xDD0C, 0xDCEC, 0xDCEB, 0xDCEB, 0xDCEB, 0xDD4E, 0xE58F, 0xDD2D, 0xDD4E, 0xE590, 0xE58F, 0xE58F, 0xE58F,
    0xE58F, 0xDD2E, 0xDD4E, 0xA347, 0x8203, 0x7182, 0x8A64, 0x92A5, 0x8A64, 0x9284, 0x9284, 0x8A84, 0x8A84, 0x9284, 0x9284, 0x9284,
    0x92A5, 0x92A5, 0x6121, 0x9AE7, 0xCC6C, 0xC40B, 0xC42B, 0xC42B, 0xC42B, 0xC42B, 0xC42B, 0xC42B, 0xC42B, 0xC42B, 0xCC6B, 0xE52C,
    0xFE90, 0xFE90, 0xFE70, 0xFE70, 0xFE70, 0xFE70, 0xFE70, 0xFE70, 0xFE70, 0xFE70, 0xFE70, 0xFE50, 0xFE50, 0xF60F, 0xFE2F, 0xFE4F,
    0xFE4F, 0xFE4F, 0xFE4F, 0xFE2F, 0xF60E, 0xFE4F, 0xFEB1, 0xFF35, 0xFF35, 0xFF35, 0xFF55, 0xFF55, 0xFF55, 0xFF35, 0xFF35, 0xFF76,
    0xFFB7, 0xFFB7, 0xFF97, 0xFF97, 0xFFB7, 0xFFD8, 0xFFD8, 0xFFD8, 0xFF97, 0xFF76, 0xFF96, 0xFFB7, 0xFFB7, 0xFF96, 0xFF96, 0xFF96,
    0xFFD8, 0xFFD8, 0xFFD8, 0xFFB8, 0xFFB7, 0xFFB7, 0xFFB7, 0xFFB7, 0xFFB7, 0xFFD8, 0xFFD8, 0xFFD8, 0xFFB8, 0xFFD8, 0xFFD8, 0xFFD8,
    0xFFD8, 0xFFD8, 0xFFD8, 0xFFD8, 0xFFD8, 0xFFD8, 0xFFB7, 0xFFB7, 0xFF75, 0xFF54, 0xFF13, 0xFEF2, 0xFEF2, 0xFE90, 0xFE90, 0xFE90,
    0xFE90, 0xFE90, 0xFE90, 0xFE90, 0xFE90, 0xFEB0, 0xFED0, 0xFEB0, 0xFE90, 0xFE70, 0xFE90, 0xFE90, 0xF62F, 0xAAE4, 0xEED4, 0xFFF7,
    0xFF53, 0xFF74, 0xFF74, 0xFF33, 0xEE11, 0xE5F1, 0xE5D1, 0xE5D1, 0xE5D1, 0xE5F1, 0xE5D1, 0xDD4F, 0xDD4E, 0xDD4E, 0xD50D, 0xD4EC,
    0xD4EC, 0xD4EC, 0xD4EC, 0xD4EC, 0xCCED, 0xCCCD, 0xCCED, 0x8A65, 0x92A5, 0xBC2A, 0xB42B, 0xD550, 0xDD70, 0xDD70, 0xDD70, 0xDD70,
    0xD550, 0xDD70, 0xCCCE, 0xCCEE, 0xEE33, 0xEE12, 0xEE12, 0xEE12, 0xEE12, 0xEE12, 0xEDD0, 0xE5CF, 0xE5CF, 0xEDF1, 0xEDF1, 0xEDF1,
    0xEDF0, 0xE5AE, 0xE56E, 0xE54D, 0xDD2C, 0xDD2C, 0xDD0C, 0xD48A, 0xCC49, 0xCC49, 0xCC28, 0xD428, 0xD428, 0xD428, 0xCC28, 0xD428,
    0xD448, 0xD448, 0xD489, 0xDC8A, 0xD489, 0xD489, 0xD489, 0xD489, 0xD489, 0xD48A, 0xD469, 0xDCCA, 0xA305, 0x8A23, 0xD469, 0xCC49,
    0xCC69, 0xCC69, 0xD48A, 0xD48A, 0xD48A, 0xCC49, 0xD4CB, 0xDCEB, 0xCC69, 0xD4AA, 0xDCEB, 0xD469, 0xCC29, 0xD489, 0xD4CA, 0xD4CA,
    0xD4AA, 0xD4CB, 0xDCEB, 0xDD0C, 0xDCEC, 0xDD0C, 0xDD0C, 0xDCEB, 0xDD4D, 0xE58F, 0xDD6E, 0xE56F, 0xE58F, 0xE58F, 0xE58F, 0xE56F,
    0xE56F, 0xDD2D, 0xDD0E, 0x92A5, 0x6100, 0x79A2, 0xAB46, 0x9AC5, 0x9AA4, 0x9AC5, 0xA306, 0x9284, 0x9284, 0x8A84, 0x9284, 0x92A5,
    0x92A5, 0x9285, 0x6121, 0x9AE7, 0xCC6C, 0xC42B, 0xC42B, 0xC42B, 0xC42B, 0xC42B, 0xC42B, 0xC42B, 0xC42B, 0xC44B, 0xC44B, 0xCC6B,
    0xFE70, 0xFE70, 0xFE70, 0xFE70, 0xFE70, 0xFE70, 0xFE70, 0xFE70, 0xFE70, 0xFE50, 0xFE50, 0xFE50, 0xFE50, 0xFE2F, 0xFE2F, 0xFE4F,
    0xFE70, 0xFE4F, 0xFE70, 0xFE4F, 0xFE0E, 0xFE4F, 0xFEB1, 0xFF34, 0xFF35, 0xFF55, 0xFF55, 0xFF55, 0xFF55, 0xFF55, 0xFF76, 0xFF97,
    0xFFD8, 0xFFD8, 0xFFD8, 0xFFD8, 0xFFD8, 0xFFD8, 0xFFD8, 0xFFD8, 0xFFB7, 0xFF76, 0xFF96, 0xFFB7, 0xFF96, 0xFF76, 0xFF76, 0xFF76,
    0xFFB7, 0xFFB7, 0xFFB7, 0xFFD7, 0xFFB7, 0xFF96, 0xFFB7, 0xFFD8, 0xFFB8, 0xFFD8, 0xFFB8, 0xFFD8, 0xFFD8, 0xFFD8, 0xFFD8, 0xFFD8,
    0xFFD8, 0xFFD8, 0xFFD8, 0xFFD8, 0xFFD8, 0xFFD8, 0xFFB8, 0xFFB8, 0xFFD8, 0xFFB7, 0xFF13, 0xFE90, 0xFEB0, 0xFE90, 0xFE90, 0xFE90,
    0xFE90, 0xFE90, 0xFE90, 0xFE90, 0xFE90, 0xFE90, 0xFED1, 0xFEB1, 0xFE70, 0xFE70, 0xFE70, 0xFEB0, 0xFE6F, 0xAB25, 0xEEF4, 0xFFF8,
    0xFFB5, 0xFFD6, 0xFF95, 0xFF33, 0xFF34, 0xF6D3, 0xE5D1, 0xE5D1, 0xE5D1, 0xE5D2, 0xE5D1, 0xE56F, 0xE56F, 0xE56F, 0xDD2E, 0xD50D,
    0xD50C, 0xD4EC, 0xD4EC, 0xD4CC, 0xD4CC, 0xCCCC, 0xD50E, 0x8A65, 0x9AC6, 0xC42A, 0xB3C9, 0xD50F, 0xD54F, 0xD52F, 0xD550, 0xD550,
    0xD550, 0xD550, 0xCCEE, 0xCCEE, 0xEE33, 0xEE12, 0xEE12, 0xEE12, 0xEE12, 0xE5F0, 0xEDCF, 0xEDCF, 0xEDF0, 0xEDF1, 0xEDF1, 0xEDF1,
    0xEDD0, 0xE5AE, 0xE5AE, 0xEDCF, 0xE56D, 0xDD0C, 0xDD4D, 0xDCEB, 0xD48A, 0xD469, 0xCC28, 0xD429, 0xD449, 0xD448, 0xD448, 0xD448,
    0xD448, 0xD448, 0xD469, 0xD469, 0xD489, 0xD489, 0xD469, 0xD469, 0xD469, 0xD46A, 0xD48A, 0xCC8A, 0x92A5, 0x8A02, 0xD469, 0xCC29,
    0xD469, 0xD48A, 0xCC69, 0xCC6A, 0xCC6A, 0xCC69, 0xCC8A, 0xCC8A, 0xCC69, 0xD4AA, 0xDCEB, 0xD469, 0xCC29, 0xD4AB, 0xDD2C, 0xDD0C,
    0xD4CB, 0xDCEC, 0xDD0C, 0xD50C, 0xD50C, 0xDD0C, 0xDD0C, 0xDCEC, 0xDD2D, 0xE58F, 0xE58F, 0xE58F, 0xE58F, 0xDD8F, 0xE58F, 0xD50D,
    0xCCCC, 0xDD0E, 0x8A85, 0x71C2, 0xAB26, 0xA306, 0xAB46, 0xAB46, 0xAB46, 0xAB46, 0xAB46, 0xA306, 0x9284, 0x8A84, 0x8A84, 0x92A5,
    0x92A5, 0x92A5, 0x6120, 0x9AE7, 0xCC6C, 0xC42B, 0xC42B, 0xC42B, 0xC42B, 0xC42B, 0xC42B, 0xC42B, 0xC42B, 0xC42B, 0xC42B, 0xC42C,
    0xFE70, 0xFE70, 0xFE70, 0xFE70, 0xFE90, 0xFE70, 0xFE70, 0xFE70, 0xFE70, 0xFE70, 0xFE70, 0xFE50, 0xFE50, 0xFE70, 0xFE70, 0xFE70,
    0xFE4F, 0xFE2F, 0xFE4F, 0xF62F, 0xF60F, 0xFE4F, 0xFE70, 0xFE70, 0xFF14, 0xFF55, 0xFF55, 0xFF76, 0xFF96, 0xFF97, 0xFFD8, 0xFFD8,
    0xFFB8, 0xFFB8, 0xFFB8, 0xFFB8, 0xFFB8, 0xFFB8, 0xFFB8, 0xFFD8, 0xFFB7, 0xFF96, 0xFFB7, 0xFF97, 0xFF76, 0xFF96, 0xFF97, 0xFF97,
    0xFFB7, 0xFFB7, 0xFFB7, 0xFFB7, 0xFF97, 0xFF96, 0xFFB7, 0xFFB7, 0xFFB8, 0xFFD8, 0xFFB8, 0xFFB8, 0xFFD8, 0xFFD8, 0xFFD8, 0xFFD8,
    0xFFD7, 0xFFD8, 0xFFD8, 0xFFD8, 0xFFD8, 0xFFD8, 0xFFB7, 0xFFB7, 0xFFB7, 0xFFB7, 0xFF12, 0xFE90, 0xFE90, 0xFE90, 0xFE90, 0xFE90,
    0xFE90, 0xFE90, 0xFE90, 0xFE90, 0xFE90, 0xFE90, 0xFE90, 0xFE90, 0xFE70, 0xFE70, 0xFE70, 0xFE90, 0xFE4F, 0xAAE5, 0xEF15, 0xFFF8,
    0xFF95, 0xFFD6, 0xFF95, 0xFF33, 0xFF54, 0xF6F3, 0xE5B0, 0xE5D1, 0xE5D1, 0xE5F2, 0xE5D1, 0xE590, 0xE58F, 0xDD6F, 0xDD6F, 0xDD6F,
    0xD50D, 0xD4EC, 0xD50D, 0xDD2E, 0xD50D, 0xD4ED, 0xBC2B, 0x8224, 0x9B06, 0xC40A, 0xBBE9, 0xBBEA, 0xB40A, 0xB3C9, 0xCCEE, 0xDD91,
    0xD550, 0xD550, 0xC4CE, 0xCCCE, 0xEE33, 0xEE12, 0xEE12, 0xEE12, 0xEE12, 0xE5D0, 0xEDF1, 0xEE11, 0xEDF1, 0xEDF1, 0xEDF1, 0xEDF0,
    0xEDF0, 0xE5AE, 0xE58E, 0xE5AE, 0xE56D, 0xDD2C, 0xE54D, 0xDCCB, 0xDCAA, 0xD48A, 0xCC28, 0xD428, 0xD429, 0xD469, 0xD469, 0xD469,
    0xD469, 0xD449, 0xD428, 0xCC28, 0xD489, 0xD489, 0xD48A, 0xD4AA, 0xDCEB, 0xDCEB, 0xD4CB, 0x92A5, 0x8A43, 0xB3A7, 0xCC49, 0xC428,
    0xDCAA, 0xDCEB, 0xCC49, 0xCC69, 0xCC69, 0xCC69, 0xCC69, 0xCC6A, 0xCC69, 0xD4AA, 0xDCCB, 0xD48A, 0xCC69, 0xD4CB, 0xDD2D, 0xDD0C,
    0xDD0C, 0xDCEC, 0xDCEC, 0xD50C, 0xD4EC, 0xDD0C, 0xDD0C, 0xDD0C, 0xDD2D, 0xE58F, 0xDD8F, 0xDD8F, 0xE58F, 0xE58F, 0xDD8F, 0xD50E,
    0xDD0D, 0xE56E, 0x8A85, 0x71A1, 0xB367, 0xAB46, 0xAB46, 0xAB46, 0xAB46, 0xAB46, 0xAB46, 0xAB26, 0xA326, 0x92A5, 0x8A84, 0x92A5,
    0x92A5, 0x92A5, 0x6120, 0x9AC6, 0xCC6C, 0xC42B, 0xC42B, 0xC42B, 0xC42B, 0xC42B, 0xC42B, 0xC42B, 0xC42B, 0xC42B, 0xC42B, 0xC42B,
    0xFE70, 0xFE70, 0xFE70, 0xFE4F, 0xFE2F, 0xFE4F, 0xFE90, 0xFE70, 0xFE70, 0xFE70, 0xFE70, 0xFE70, 0xFE90, 0xFEB1, 0xFEB1, 0xFE91,
    0xFE4F, 0xFE4F, 0xFE70, 0xFE90, 0xFE70, 0xFE4F, 0xFE4F, 0xFE6F, 0xFF13, 0xFF55, 0xFF55, 0xFF97, 0xFFD8, 0xFFD8, 0xFFD8, 0xFFB8,
    0xFFD8, 0xFFB8, 0xFFB8, 0xFFB8, 0xFFB8, 0xFFB8, 0xFFB8, 0xFFD8, 0xFF97, 0xFF96, 0xFFB7, 0xFF76, 0xFF56, 0xFFB7, 0xFFD8, 0xFFB8,
    0xFFB8, 0xFFB8, 0xFFB8, 0xFFB7, 0xFFB7, 0xFFB7, 0xFFB7, 0xFF96, 0xFF96, 0xFF96, 0xFF96, 0xFF96, 0xFFB7, 0xFFD8, 0xFFD8, 0xFFD8,
    0xFFD8, 0xFFD8, 0xFFD8, 0xFFD8, 0xFFD8, 0xFFD8, 0xFFB8, 0xFFB7, 0xFFB7, 0xFF97, 0xFF13, 0xFE90, 0xFE90, 0xFE90, 0xFE90, 0xFE90,
    0xFE90, 0xFE90, 0xFE90, 0xFE90, 0xFE90, 0xFE90, 0xFE90, 0xFE90, 0xFE90, 0xFE90, 0xFE90, 0xFEB0, 0xFE4F, 0xAAE5, 0xEF15, 0xFFF8,
    0xFFB5, 0xFFD6, 0xFF95, 0xFF13, 0xFF54, 0xF6D3, 0xE5D0, 0xE5F1, 0xE5F2, 0xE5F2, 0xE5F2, 0xE5D2, 0xE5D1, 0xDD6F, 0xDD4E, 0xDD6F,
    0xDD2E, 0xD4ED, 0xDD2E, 0xE56F, 0xDD2E, 0xD52E, 0x8A85, 0x9AA6, 0xC429, 0xBBC9, 0xBBE9, 0xBBC8, 0xBBC9, 0xB3A8, 0xC44B, 0xC44B,
    0xC4AD, 0xD550, 0xC48D, 0xCCEE, 0xEE33, 0xEDF2, 0xEE12, 0xEE12, 0xEE12, 0xEE11, 0xEDF1, 0xEDF1, 0xEDF1, 0xEDF1, 0xEDF1, 0xE5F0,
    0xEDD0, 0xE5AE, 0xE58E, 0xE5AE, 0xE56E, 0xDD2D, 0xDCEB, 0xDCCB, 0xD469, 0xD448, 0xCC08, 0xCC08, 0xCC28, 0xD449, 0xDC69, 0xD469,
    0xD489, 0xD489, 0xD489, 0xD469, 0xD489, 0xD489, 0xD4AA, 0xDCEB, 0xDD0C, 0xE56C, 0x9B06, 0x8A44, 0xC3E8, 0xCC49, 0xCC29, 0xCC28,
    0xCC69, 0xCC8A, 0xCC49, 0xCC69, 0xCC49, 0xCC49, 0xCC6A, 0xCC6A, 0xCC69, 0xD4AB, 0xD4CB, 0xD4CB, 0xDCEB, 0xDCEC, 0xDD0C, 0xDD0C,
    0xDD0C, 0xD4EC, 0xD4EC, 0xD50C, 0xDD0C, 0xDD0C, 0xDD0C, 0xD50C, 0xDD2D, 0xDD8F, 0xDD8F, 0xE58F, 0xE58F, 0xDD6F, 0xDD6F, 0xCCCC,
    0xB3E9, 0xBBEA, 0x8A65, 0x8202, 0xAB46, 0xAB46, 0xAB46, 0xAB46, 0xAB46, 0xAB46, 0xAB46, 0xAB26, 0xAB26, 0x9AE5, 0x9AC5, 0x92C5,
    0x92A5, 0x9284, 0x5900, 0x92C6, 0xCC6C, 0xC42B, 0xC42B, 0xC42B, 0xC42B, 0xC42B, 0xC42B, 0xC42B, 0xC42B, 0xC42B, 0xC42B, 0xC42B,
    0xFE4F, 0xFE4F, 0xFE0F, 0xF5EE, 0xF5CE, 0xFDEE, 0xFE0F, 0xFE0F, 0xFE2F, 0xFE2F, 0xFE2F, 0xFE2F, 0xFE50, 0xFE91, 0xFE70, 0xFE50,
    0xFE50, 0xFE4F, 0xFE50, 0xFE70, 0xFE4F, 0xFE4F, 0xFE4F, 0xFEF2, 0xFF75, 0xFF76, 0xFF97, 0xFFB8, 0xFFB8, 0xFFB8, 0xFFD8, 0xFFD8,
    0xFFD8, 0xFFD8, 0xFFD8, 0xFFB8, 0xFFB8, 0xFFD9, 0xFFD9, 0xFF97, 0xFF55, 0xFF55, 0xFF75, 0xFF97, 0xFFB7, 0xFFB8, 0xFFD8, 0xFFD8,
    0xFFD8, 0xFFD8, 0xFFB7, 0xFF97, 0xFF97, 0xFF97, 0xFF96, 0xFF96, 0xFF96, 0xFF96, 0xFF96, 0xFF96, 0xFFB7, 0xFFD8, 0xFFD8, 0xFFD8,
    0xFFB7, 0xFF97, 0xFF97, 0xFF97, 0xFFB7, 0xFFB7, 0xFFB7, 0xFFB7, 0xFFB7, 0xFF76, 0xFF34, 0xFEB0, 0xFE90, 0xFE90, 0xFE90, 0xFE90,
    0xFE90, 0xFE90, 0xFE90, 0xFE90, 0xFE90, 0xFE90, 0xFE90, 0xFE90, 0xFE90, 0xFE90, 0xFE90, 0xFEB0, 0xFE4F, 0xAB05, 0xF736, 0xFFF8,
    0xFFB6, 0xFFB6, 0xFFB6, 0xFF75, 0xFF35, 0xFF15, 0xFED3, 0xF673, 0xE5D1, 0xE5F2, 0xE5F2, 0xE5F2, 0xE5D1, 0xDD6F, 0xDD4E, 0xDD4E,
    0xDD4F, 0xDD6F, 0xDD4F, 0xDD4F, 0xD52E, 0xDD4E, 0x92A6, 0x9AA5, 0xC42A, 0xBBC9, 0xBBE9, 0xBBC9, 0xBBC9, 0xBBC9, 0xB3C8, 0xB388,
    0xBC2B, 0xC4AD, 0xC44C, 0xBC2B, 0xB3EB, 0xDD91, 0xEE12, 0xEE12, 0xEE12, 0xEE12, 0xEE11, 0xEDF1, 0xEDF1, 0xEDF1, 0xEDF0, 0xEDF0,
    0xEDCF, 0xE5AE, 0xED8E, 0xEDAE, 0xE58E, 0xE52C, 0xD469, 0xDC89, 0xCC48, 0xCC08, 0xCC08, 0xCC08, 0xCC08, 0xD449, 0xDC89, 0xDC69,
    0xD489, 0xD489, 0xD489, 0xD489, 0xD489, 0xD469, 0xCC69, 0xDCEB, 0xDD0C, 0xE56D, 0xA306, 0x9264, 0xC409, 0xC409, 0xC429, 0xCC29,
    0xC429, 0xC429, 0xCC69, 0xCC49, 0xCC49, 0xCC69, 0xCC49, 0xCC69, 0xCC69, 0xD4CB, 0xDD0D, 0xDD0C, 0xDD0D, 0xDD0D, 0xDD0C, 0xDD0C,
    0xDD0C, 0xD50C, 0xD50C, 0xDD0D, 0xDD4E, 0xDD0C, 0xDD2D, 0xDD6F, 0xE56F, 0xE590, 0xDD6F, 0xDD4E, 0xDD6F, 0xD4ED, 0xDD2E, 0xD4ED,
    0x79A2, 0x7141, 0x9AA5, 0xAB66, 0xAB26, 0xAB46, 0xAB46, 0xAB46, 0xAB46, 0xAB46, 0xAB46, 0xAB26, 0xAB26, 0xAB26, 0xAB46, 0x9AE5,
    0x92A5, 0x92C5, 0x6982, 0x92A6, 0xCC6C, 0xC42B, 0xC42B, 0xC42B, 0xC42B, 0xC42B, 0xC42B, 0xC42B, 0xC42B, 0xC42B, 0xC42B, 0xC42B,
    0xFE2F, 0xFE2F, 0xF60E, 0xF5EE, 0xF60E, 0xF60E, 0xFE0F, 0xF5EE, 0xF5EF, 0xF62F, 0xFE2F, 0xF60F, 0xF60F, 0xFE2F, 0xFE50, 0xFE50,
    0xFE50, 0xFE4F, 0xFE4F, 0xFE4F, 0xFE4F, 0xFE70, 0xFE4F, 0xFEF2, 0xFF34, 0xFF97, 0xFFB8, 0xFFB8, 0xFFD8, 0xFFD8, 0xFFD8, 0xFFD8,
    0xFFD8, 0xFFD8, 0xFFD8, 0xFFD9, 0xFFD9, 0xFFB8, 0xFF97, 0xFF76, 0xFF35, 0xFF55, 0xFF76, 0xFFD8, 0xFFD9, 0xFFD8, 0xFFB8, 0xFFB8,
    0xFF97, 0xFF97, 0xFF97, 0xFF96, 0xFF97, 0xFF97, 0xFF96, 0xFF96, 0xFF97, 0xFF96, 0xFF96, 0xFF96, 0xFFB7, 0xFFD7, 0xFFD8, 0xFFD8,
    0xFFB7, 0xFFB7, 0xFFB7, 0xFFB7, 0xFFB7, 0xFFB7, 0xFFB7, 0xFFB7, 0xFFB7, 0xFFB7, 0xFFB6, 0xFEB1, 0xFE90, 0xFE90, 0xFE90, 0xFE90,
    0xFE90, 0xFE90, 0xFE90, 0xFE90, 0xFE90, 0xFE90, 0xFE90, 0xFE90, 0xFE90, 0xFE90, 0xFE90, 0xFEB0, 0xFE50, 0xA2E4, 0xE6D4, 0xFFF9,
    0xFFB6, 0xFFB7, 0xFFD7, 0xFFB7, 0xFF56, 0xFF35, 0xFEF4, 0xF693, 0xE5D1, 0xE5F2, 0xE5F2, 0xE5F2, 0xE5D1, 0xDD6F, 0xDD4E, 0xDD4E,
    0xDD4F, 0xDD4F, 0xDD4F, 0xDD4F, 0xD52E, 0xCCED, 0x9285, 0x9284, 0xC42A, 0xBBC9, 0xBBE9, 0xBBE9, 0xBBC9, 0xBBC9, 0xBBC9, 0xBBE9,
    0xBBE9, 0xB388, 0xA327, 0x92A5, 0x9AE7, 0xDD90, 0xEE12, 0xEE12, 0xEE11, 0xEE11, 0xEE11, 0xEE11, 0xEE11, 0xEDF0, 0xEDCF, 0xEDF0,
    0xEDCF, 0xE5AE, 0xE58E, 0xE56D, 0xE56E, 0xDD2C, 0xD489, 0xDC89, 0xD448, 0xCC28, 0xCC08, 0xCC08, 0xCC28, 0xD469, 0xD489, 0xD489,
    0xD489, 0xD469, 0xD489, 0xD489, 0xD489, 0xD469, 0xCC69, 0xDCEB, 0xDD2C, 0xED8D, 0xA306, 0x9264, 0xC409, 0xC409, 0xC429, 0xC429,
    0xC429, 0xCC29, 0xCC49, 0xCC49, 0xCC69, 0xCC6A, 0xD4AB, 0xD48B, 0xD4AA, 0xD4CB, 0xDD0D, 0xDD0D, 0xDD0D, 0xDD0D, 0xDD0D, 0xDD0C,
    0xDD0C, 0xDD0C, 0xDD0C, 0xDD0D, 0xDD6F, 0xDD4D, 0xDD4E, 0xE590, 0xE590, 0xE590, 0xDD6F, 0xCCCC, 0xD4ED, 0xD52E, 0xAB68, 0x9285,
    0x81E2, 0xA2E5, 0xAB46, 0xAB46, 0xAB26, 0xAB46, 0xAB46, 0xAB46, 0xAB46, 0xAB46, 0xAB46, 0xAB46, 0xAB26, 0xAB26, 0xAB26, 0x9AE5,
    0x92A5, 0x9AE5, 0x71C2, 0x9286, 0xCC6C, 0xC42B, 0xC42B, 0xC42B, 0xC42B, 0xC42B, 0xC42B, 0xC42B, 0xC42B, 0xC42B, 0xC42B, 0xC42B,
    0xFE2F, 0xFE90, 0xFE90, 0xFE90, 0xFE90, 0xFE70, 0xFE2F, 0xF5EE, 0xFE0F, 0xFED1, 0xFEF2, 0xFE91, 0xFE91, 0xFEB1, 0xFED1, 0xFE90,
    0xFE50, 0xFE70, 0xFE70, 0xFE70, 0xFE70, 0xFE4F, 0xFE4F, 0xFE4F, 0xF670, 0xFF76, 0xFFB8, 0xFFB8, 0xFFD8, 0xFFD8, 0xFFD8, 0xFFB8,
    0xFFD8, 0xFFD8, 0xFFD9, 0xFFB8, 0xFF97, 0xFF76, 0xFF55, 0xFF55, 0xFF35, 0xFF96, 0xFFD8, 0xFFD8, 0xFFD8, 0xFFD8, 0xFFB8, 0xFFD8,
    0xFFB8, 0xFFB8, 0xFFB7, 0xFF97, 0xFF97, 0xFF97, 0xFF97, 0xFF97, 0xFF97, 0xFF97, 0xFF96, 0xFF97, 0xFF97, 0xFFB7, 0xFFD8, 0xFFD8,
    0xFFD8, 0xFFD8, 0xFFD8, 0xFFD7, 0xFFB7, 0xFF96, 0xFF96, 0xFF97, 0xFFB7, 0xFFB7, 0xFF96, 0xFED2, 0xFED1, 0xFE90, 0xFE90, 0xFE90,
    0xFE90, 0xFE90, 0xFE90, 0xFE90, 0xFE90, 0xFE90, 0xFE90, 0xFE90, 0xFE90, 0xFE90, 0xFE90, 0xFEB0, 0xFE90, 0xA283, 0xBCCC, 0xFFF9,
    0xFFB6, 0xFFB7, 0xFFD7, 0xFF97, 0xFF56, 0xFF35, 0xFEF3, 0xF693, 0xE5D1, 0xE5F2, 0xE5F2, 0xE5F2, 0xE5D1, 0xDD6F, 0xDD4E, 0xDD6F,
    0xDD4F, 0xDD4F, 0xDD4F, 0xDD6F, 0xD50E, 0x71A2, 0x9B27, 0xC42A, 0xBBE9, 0xBBC9, 0xBBE9, 0xBBE9, 0xBBE9, 0xBBC9, 0xBBC9, 0xBBC9,
    0xBBC9, 0xBBC9, 0xBC0A, 0x9B06, 0x9AE7, 0xDD90, 0xEE12, 0xEE12, 0xEE12, 0xEE11, 0xEE11, 0xEE11, 0xEE11, 0xE5AE, 0xEDAF, 0xEDCF,
    0xE58E, 0xEDAF, 0xE56D, 0xDD2C, 0xE54D, 0xDD2C, 0xD469, 0xD489, 0xD468, 0xCC48, 0xD448, 0xD469, 0xD469, 0xD489, 0xD489, 0xD489,
    0xD469, 0xD469, 0xD489, 0xD489, 0xD469, 0xD4CA, 0xDCEB, 0xDD2C, 0xDD0C, 0x9AC5, 0x8A23, 0xA2E5, 0xC3E8, 0xC408, 0xC408, 0xC429,
    0xC429, 0xC429, 0xCC49, 0xCC6A, 0xCC6A, 0xCC8B, 0xD4ED, 0xD4CC, 0xD4CB, 0xD4CB, 0xDCEC, 0xDD0C, 0xDD0C, 0xDD0D, 0xDD0D, 0xDD0C,
    0xDD0C, 0xDD0C, 0xDD0C, 0xDD0D, 0xDD4E, 0xDD6F, 0xDD6F, 0xDD6F, 0xDD4F, 0xDD4E, 0xD52E, 0xD4ED, 0xC44B, 0xC42B, 0x9AA5, 0x8A23,
    0xA2E5, 0xAB26, 0xB367, 0xAB46, 0xB367, 0xB367, 0xAB46, 0xAB46, 0xAB46, 0xAB46, 0xAB46, 0xAB46, 0xAB46, 0xAB26, 0xAB46, 0x9AE5,
    0x9AC5, 0xA306, 0x71C2, 0x9285, 0xCC6C, 0xC42B, 0xC42B, 0xC42B, 0xC42B, 0xC42B, 0xC42B, 0xC42B, 0xC42B, 0xC42B, 0xC42B, 0xC42B,
    0xFEB1, 0xFEB1, 0xFE90, 0xFE90, 0xFE70, 0xFE70, 0xFE70, 0xFE70, 0xFE70, 0xFED2, 0xFEF2, 0xFEB1, 0xFED1, 0xFEF2, 0xFEF2, 0xFEB1,
    0xFEB1, 0xFED2, 0xFED2, 0xFEF2, 0xFE90, 0xFE4F, 0xFE50, 0xFE50, 0xFE91, 0xFF96, 0xFF97, 0xFF77, 0xFF97, 0xFFD8, 0xFFD8, 0xFFD8,
    0xFFD8, 0xFFD9, 0xFFD8, 0xFFD8, 0xFFB7, 0xFF76, 0xFF54, 0xFF54, 0xFF96, 0xFFB8, 0xFFD8, 0xFFD8, 0xFFD8, 0xFFD8, 0xFFD8, 0xFFB8,
    0xFFD8, 0xFFD8, 0xFFD8, 0xFF97, 0xFF97, 0xFF97, 0xFF97, 0xFF97, 0xFF96, 0xFF96, 0xFF97, 0xFFD8, 0xFFD8, 0xFFD8, 0xFFD8, 0xFFD8,
    0xFFD8, 0xFFD8, 0xFFB7, 0xFF96, 0xFF96, 0xFF96, 0xFF76, 0xFF76, 0xFFB7, 0xFFB7, 0xFFB7, 0xFFB7, 0xFF74, 0xFE90, 0xFEB0, 0xFE90,
    0xFE90, 0xFE90, 0xFE90, 0xFE90, 0xFE90, 0xFE90, 0xFE90, 0xFE90, 0xFE90, 0xFE90, 0xFE90, 0xFEB0, 0xFE91, 0xAAC4, 0xC4CC, 0xFFF9,
    0xFFB6, 0xFFD7, 0xFFD7, 0xFFB7, 0xFF56, 0xFF35, 0xFEF4, 0xF693, 0xE5D2, 0xE5F2, 0xE5F2, 0xE5F2, 0xE5D1, 0xDD6F, 0xDD6E, 0xDD6F,
    0xDD4F, 0xDD4F, 0xDD4F, 0xDD6F, 0xD50E, 0x7161, 0xAB69, 0xCCCC, 0xBC0A, 0xC40A, 0xBBE9, 0xBBE9, 0xBBE9, 0xBBC9, 0xBBE9, 0xBBE9,
    0xBBE9, 0xBBC9, 0xC40A, 0xA306, 0x9AE6, 0xDD90, 0xEE12, 0xEE12, 0xEE12, 0xEE11, 0xEE11, 0xEE12, 0xEDF0, 0xE58E, 0xEDAE, 0xEDAE,
    0xE56D, 0xEDAF, 0xE56D, 0xDD0C, 0xDD2C, 0xDD2C, 0xD48A, 0xD489, 0xD469, 0xD469, 0xD469, 0xD469, 0xD469, 0xD469, 0xD469, 0xD469,
    0xD469, 0xD469, 0xD489, 0xD489, 0xD469, 0xD4CA, 0xDD2C, 0xDD2C, 0xCC6A, 0x9284, 0xB346, 0xB367, 0xBBC8, 0xC429, 0xC409, 0xC408,
    0xC409, 0xC429, 0xCC6A, 0xCC6B, 0xD4AC, 0xD4EC, 0xD4ED, 0xD4EC, 0xD4CC, 0xD4CC, 0xDD0C, 0xDD0D, 0xDD0C, 0xDD0D, 0xDD0D, 0xDD0C,
    0xDD0D, 0xDD0D, 0xDD0D, 0xDD0D, 0xD50D, 0xDD4E, 0xDD8F, 0xE590, 0xDD0E, 0xCCCD, 0xD4CD, 0xE54F, 0x92E6, 0x6940, 0x8203, 0xAB46,
    0xBBA7, 0xB387, 0xB3A7, 0xB3C7, 0xCC4A, 0xBBE8, 0xAB46, 0xAB46, 0xAB46, 0xAB46, 0xAB46, 0xAB46, 0xAB46, 0xAB46, 0xAB46, 0xA326,
    0x9284, 0x8244, 0x6141, 0x8245, 0xCC6C, 0xC40B, 0xC42B, 0xC42B, 0xC42B, 0xC42B, 0xC42B, 0xC42B, 0xC40B, 0xC42B, 0xC42B, 0xC42B,
    0xFEB1, 0xFE91, 0xFE70, 0xFE70, 0xFE90, 0xFE90, 0xFE91, 0xFEB1, 0xFE91, 0xFE91, 0xFE90, 0xFE50, 0xFE50, 0xFED1, 0xFED1, 0xFED2,
    0xFED2, 0xFEB1, 0xFEB2, 0xFEB2, 0xFE91, 0xFE91, 0xFEB1, 0xFEB1, 0xFED1, 0xFF35, 0xFF97, 0xFFB7, 0xFFB8, 0xFFB8, 0xFFB8, 0xFFB8,
    0xFFD9, 0xFFD8, 0xFF96, 0xFF96, 0xFF96, 0xFF55, 0xFF34, 0xFF34, 0xFFB8, 0xFFD8, 0xFFD8, 0xFFD8, 0xFFD8, 0xFFB8, 0xFF97, 0xFF96,
    0xFF96, 0xFF97, 0xFFB7, 0xFF97, 0xFF97, 0xFF97, 0xFF97, 0xFF97, 0xFF96, 0xFF96, 0xFFB7, 0xFFD8, 0xFFD8, 0xFFB8, 0xFFD8, 0xFF97,
    0xFF96, 0xFF97, 0xFF96, 0xFF96, 0xFF96, 0xFF96, 0xFF96, 0xFFB6, 0xFFB7, 0xFF97, 0xFF97, 0xFFB7, 0xFF34, 0xFE70, 0xFE90, 0xFE90,
    0xFE90, 0xFE90, 0xFE90, 0xFE90, 0xFE90, 0xFE90, 0xFE90, 0xFE90, 0xFE90, 0xFE90, 0xFE90, 0xFE90, 0xFEB1, 0xAAC4, 0xC4CD, 0xFFFA,
    0xFFB6, 0xFFD7, 0xFFD8, 0xFFB7, 0xFF56, 0xFF36, 0xFEF4, 0xF693, 0xE5F2, 0xEDF2, 0xEDF2, 0xE5F2, 0xE5F1, 0xDD6F, 0xDD6F, 0xDD6F,
    0xDD6F, 0xDD6F, 0xDD4F, 0xDD6F, 0xD52E, 0x7162, 0xA348, 0xCCAC, 0xC46C, 0xC46B, 0xBC0A, 0xBBE9, 0xBBC9, 0xBBC9, 0xBBE9, 0xBBE9,
    0xBBE8, 0xBBC9, 0xC40A, 0xA2E6, 0x9AE6, 0xE591, 0xEE12, 0xEE12, 0xEE12, 0xEE11, 0xEE11, 0xEE11, 0xEDF0, 0xE58E, 0xE58E, 0xE58E,
    0xE56D, 0xEDAE, 0xE56D, 0xDD0C, 0xDD0C, 0xDCEB, 0xDCEB, 0xDCAA, 0xD469, 0xD469, 0xD469, 0xD469, 0xD469, 0xD469, 0xD489, 0xD489,
    0xD469, 0xD469, 0xD489, 0xD489, 0xD469, 0xD4AA, 0xDD2C, 0xCC6A, 0x81E2, 0xA2E6, 0xBBA7, 0xB367, 0xBBE8, 0xC409, 0xC429, 0xC449,
    0xC429, 0xCC6A, 0xCC8B, 0xCC8B, 0xD4CC, 0xD4ED, 0xD4ED, 0xD4ED, 0xD4CC, 0xD4EC, 0xDD0D, 0xDD0D, 0xDD0D, 0xDD0D, 0xDD0D, 0xDD0D,
    0xDD0D, 0xDD0D, 0xDD0D, 0xD50D, 0xD52D, 0xDD4E, 0xD50D, 0xDD4E, 0xD50E, 0xD50E, 0xBC4B, 0x8265, 0x9B06, 0xAB46, 0xA326, 0xBBE8,
    0xCC6A, 0xCC4A, 0xCC6A, 0xCC8A, 0xCC6A, 0xB387, 0xAB66, 0xAB66, 0xAB46, 0xAB46, 0xAB46, 0xAB46, 0xAB46, 0xAB46, 0xAB26, 0xAB67,
    0x8224, 0x50E0, 0x92C6, 0xAB68, 0xC42B, 0xC42B, 0xC42B, 0xC42B, 0xC42B, 0xC42B, 0xC42B, 0xC42B, 0xC42B, 0xC42B, 0xC42B, 0xC42B,
    0xFE70, 0xF5EE, 0xF58D, 0xF60E, 0xFE91, 0xFE70, 0xFE50, 0xFE30, 0xF62F, 0xFE70, 0xFE90, 0xF650, 0xF650, 0xFED1, 0xFED1, 0xFED1,
    0xFE91, 0xFE71, 0xFEB1, 0xFED1, 0xFED1, 0xFEB1, 0xFEB1, 0xFEB1, 0xFEB1, 0xFF14, 0xFFB7, 0xFFB8, 0xFFB8, 0xFFB8, 0xFFB8, 0xFFB8,
    0xFFD9, 0xFFB8, 0xFF76, 0xFF75, 0xFF34, 0xFF34, 0xFF75, 0xFF97, 0xFFD8, 0xFFD8, 0xFFB8, 0xFFD8, 0xFFD8, 0xFFD8, 0xFF97, 0xFF96,
    0xFF96, 0xFF96, 0xFF96, 0xFF97, 0xFF97, 0xFF97, 0xFF97, 0xFF97, 0xFF97, 0xFF97, 0xFFB7, 0xFFD8, 0xFFB8, 0xFFD8, 0xFFB7, 0xFF75,
    0xFF75, 0xFF96, 0xFF96, 0xFF96, 0xFF96, 0xFF76, 0xFF76, 0xFF76, 0xFF97, 0xFFB7, 0xFF96, 0xFF33, 0xFF13, 0xFEF1, 0xFE90, 0xFE90,
    0xFE90, 0xFE90, 0xFE90, 0xFE90, 0xFE90, 0xFE90, 0xFE90, 0xFE90, 0xFE90, 0xFE90, 0xFE90, 0xFE90, 0xFEB1, 0xAAC4, 0xC4CD, 0xFFFA,
    0xFFB6, 0xFFD7, 0xFFD7, 0xFFB7, 0xFF56, 0xFF36, 0xFEF4, 0xF693, 0xEDF2, 0xEDF2, 0xEDF2, 0xE5F2, 0xDDB0, 0xDD6F, 0xDD6F, 0xDD6F,
    0xDD6F, 0xDD6F, 0xDD6F, 0xDD4F, 0xC4AC, 0x6941, 0xA369, 0xCCAD, 0xC46C, 0xC46C, 0xC46B, 0xC42A, 0xBBC9, 0xBBE9, 0xBBE9, 0xBBE9,
    0xBBE9, 0xBBC9, 0xC40A, 0xA2E6, 0x9AE6, 0xE5B1, 0xEE12, 0xEE12, 0xEE12, 0xEE11, 0xEE11, 0xEE11, 0xEDF0, 0xE58D, 0xE58E, 0xE58D,
    0xE58E, 0xE54D, 0xDD2C, 0xDD2C, 0xDCEB, 0xD4AA, 0xDCEB, 0xDCAA, 0xD469, 0xD469, 0xD469, 0xD469, 0xCC28, 0xD448, 0xD468, 0xD469,
    0xD469, 0xD469, 0xD489, 0xD489, 0xD469, 0xD4CB, 0xE56D, 0xD4CB, 0x8A02, 0xB367, 0xB367, 0xBBA8, 0xC409, 0xC409, 0xC409, 0xCC6B,
    0xCCAC, 0xCC8C, 0xCC8C, 0xCC8B, 0xD4CC, 0xD4ED, 0xD4ED, 0xD4ED, 0xD4CD, 0xD4ED, 0xD4ED, 0xD50D, 0xDD0D, 0xD4CC, 0xD4CC, 0xD50D,
    0xDD2D, 0xD4CC, 0xD4CC, 0xDD2D, 0xD52E, 0xDD4E, 0xBC2B, 0x92C6, 0xA327, 0xA348, 0x92C6, 0x6961, 0xAB46, 0xBBE8, 0xC428, 0xCC6A,
    0xCC8A, 0xCC8A, 0xCC8A, 0xD48B, 0xCC8B, 0xCC4A, 0xCC6A, 0xB3A8, 0xAB26, 0xAB46, 0xAB46, 0xAB46, 0xAB46, 0xAB46, 0xAB46, 0xAB66,
    0x8244, 0x5921, 0xC42A, 0xC40A, 0xBBEA, 0xC40B, 0xC42B, 0xC42B, 0xC42B, 0xC42B, 0xC42B, 0xC42B, 0xC42B, 0xC42B, 0xC42B, 0xC42B,
    0xFE70, 0xF62F, 0xF5EE, 0xFE2F, 0xFE70, 0xFE90, 0xFE91, 0xFE50, 0xFE50, 0xFEB1, 0xFEB1, 0xFEB1, 0xFED1, 0xFEB1, 0xFEB1, 0xFED1,
    0xFE91, 0xFE71, 0xFEB1, 0xFEB1, 0xFED1, 0xFED1, 0xFEB1, 0xFEB1, 0xFEB1, 0xFF55, 0xFFB8, 0xFFB8, 0xFFB8, 0xFFB8, 0xFFD8, 0xFFD8,
    0xFFB8, 0xFFB7, 0xFFB7, 0xFFB7, 0xFF97, 0xFFB7, 0xFFD8, 0xFFD8, 0xFFD8, 0xFFD8, 0xFFB8, 0xFFD8, 0xFFD8, 0xFFB7, 0xFF96, 0xFF76,
    0xFF96, 0xFF97, 0xFF96, 0xFFB7, 0xFFB7, 0xFFB7, 0xFFB7, 0xFFB7, 0xFFB7, 0xFFB7, 0xFFB7, 0xFFB7, 0xFFB7, 0xFFB7, 0xFF76, 0xFF76,
    0xFF76, 0xFF76, 0xFF96, 0xFF96, 0xFF76, 0xFF76, 0xFF56, 0xFF76, 0xFFB7, 0xFF96, 0xFF96, 0xFF34, 0xFF34, 0xFF33, 0xFEB0, 0xFE90,
    0xFE90, 0xFE90, 0xFE90, 0xFE90, 0xFE90, 0xFE90, 0xFE90, 0xFE90, 0xFE90, 0xFE90, 0xFE90, 0xFEF1, 0xFF32, 0xAAE4, 0xBCCD, 0xFFFA,
    0xFFB7, 0xFFD7, 0xFFD7, 0xFFB7, 0xFF56, 0xFF36, 0xFEF4, 0xF693, 0xE5F2, 0xEE13, 0xE612, 0xE5F2, 0xDD8F, 0xDD6F, 0xDD6F, 0xDD6F,
    0xDD6F, 0xDD6F, 0xE58F, 0xCCCD, 0x71A2, 0xAB89, 0xC46C, 0xC48C, 0xC48C, 0xC48C, 0xC48C, 0xC44B, 0xBC0A, 0xBC09, 0xBBE9, 0xBBE9,
    0xBBE9, 0xBBC9, 0xC409, 0xA2E6, 0x9AE6, 0xE5B1, 0xEE12, 0xEE12, 0xEE12, 0xEE11, 0xEE11, 0xEE11, 0xEDF0, 0xE58E, 0xE58E, 0xE58D,
    0xE58D, 0xE54D, 0xDD0C, 0xDD0C, 0xDD0C, 0xDCCA, 0xDCA9, 0xD489, 0xD468, 0xD469, 0xD469, 0xD469, 0xCC28, 0xC408, 0xCC28, 0xD469,
    0xD469, 0xD469, 0xD469, 0xD489, 0xD4AA, 0xDD4D, 0xCCAC, 0xAB47, 0x9284, 0xB347, 0xB367, 0xBBC8, 0xC40A, 0xC40A, 0xC40A, 0xCC6B,
    0xCCAC, 0xCC8C, 0xCC8C, 0xCC8B, 0xD4CC, 0xDCED, 0xD4ED, 0xD4ED, 0xD4ED, 0xD4ED, 0xD4CC, 0xD4ED, 0xDCED, 0xD4CC, 0xCCAC, 0xD4CC,
    0xDD2D, 0xD4CC, 0xC46B, 0xCC8B, 0xCCAB, 0xD4EC, 0xAB88, 0x6920, 0x7161, 0x7161, 0x7161, 0x79A2, 0xAB67, 0xB387, 0xBBC8, 0xC409,
    0xC44A, 0xCC8B, 0xCC8B, 0xD48B, 0xCC8B, 0xD48B, 0xD4AB, 0xC44A, 0xBBE8, 0xAB46, 0xAB46, 0xAB46, 0xAB46, 0xAB46, 0xAB46, 0xAB66,
    0x8244, 0x5921, 0xBC4B, 0xC46B, 0xC46C, 0xC44B, 0xBC0A, 0xBC2B, 0xC42B, 0xC42B, 0xC42B, 0xC42B, 0xC42B, 0xC42B, 0xC42B, 0xC42B,
    0xF62F, 0xFE90, 0xFE91, 0xFE90, 0xFE70, 0xFE70, 0xFE91, 0xFE50, 0xFE30, 0xF62F, 0xFE91, 0xFEB1, 0xFEB1, 0xFEB1, 0xFEB1, 0xFEB1,
    0xFE91, 0xFE71, 0xFE50, 0xFE71, 0xFF13, 0xFF33, 0xFF33, 0xFED1, 0xFE70, 0xFE70, 0xF6D3, 0xFFB8, 0xFFB8, 0xFFB8, 0xFFB8, 0xFFB7,
    0xFF76, 0xFF76, 0xFF96, 0xFF96, 0xFF97, 0xFF76, 0xFFB7, 0xFFD8, 0xFFD8, 0xFFD8, 0xFFD8, 0xFFD8, 0xFF96, 0xFF76, 0xFF76, 0xFF75,
    0xFF96, 0xFF97, 0xFF96, 0xFF97, 0xFFB7, 0xFFB7, 0xFFB7, 0xFF97, 0xFF97, 0xFF97, 0xFFB7, 0xFF96, 0xFFB7, 0xFF96, 0xFF76, 0xFF76,
    0xFF75, 0xFF76, 0xFF76, 0xFF76, 0xFF56, 0xFF96, 0xFFB7, 0xFFB7, 0xFFB7, 0xFF96, 0xFFB7, 0xFF97, 0xFF96, 0xFEF3, 0xFE90, 0xFE90,
    0xFE90, 0xFE90, 0xFE90, 0xFE90, 0xFE90, 0xFE90, 0xFE90, 0xFE90, 0xFEB0, 0xFEF2, 0xFED1, 0xBC07, 0xB3C7, 0x9201, 0xBCAC, 0xFFFA,
    0xFFB7, 0xFFD7, 0xFFD8, 0xFFB7, 0xFF57, 0xFF56, 0xFEF4, 0xF693, 0xEE12, 0xEE13, 0xE612, 0xE5F2, 0xDD8F, 0xDD6F, 0xDD6F, 0xDD6F,
    0xDD6F, 0xDD6F, 0xE590, 0xD4ED, 0x79C2, 0xBC0A, 0xCCAC, 0xC48C, 0xC48C, 0xC48C, 0xC48C, 0xC46C, 0xC46C, 0xBC0A, 0xBBE9, 0xBBE9,
    0xBBE9, 0xBBE9, 0xC40A, 0xA2E6, 0x9AE6, 0xE5B1, 0xEE12, 0xEE12, 0xEE12, 0xEE11, 0xEE11, 0xEE11, 0xEDD0, 0xE58E, 0xE58E, 0xE58D,
    0xE58D, 0xE54D, 0xDD0C, 0xDD0C, 0xDD0C, 0xDCCA, 0xCC28, 0xD428, 0xD428, 0xD468, 0xD469, 0xD468, 0xD469, 0xCC28, 0xCC28, 0xD469,
    0xD469, 0xD469, 0xD469, 0xDCCA, 0xDD2C, 0xEE10, 0xABA8, 0x7161, 0xB388, 0xAB47, 0xB368, 0xBBE9, 0xC40A, 0xC40A, 0xC40A, 0xCC8B,
    0xCCAC, 0xCC8C, 0xCC8C, 0xCC8C, 0xD4CC, 0xDCED, 0xD4ED, 0xD4ED, 0xD4ED, 0xD4ED, 0xCCCC, 0xD4CC, 0xDCED, 0xD4ED, 0xD4AC, 0xD4CC,
    0xDD2D, 0xCCCC, 0xAB68, 0xAB47, 0xAB67, 0xAB67, 0x9AC5, 0xAB47, 0xB387, 0xB387, 0xB367, 0xAB67, 0xC429, 0xC449, 0xC429, 0xC44A,
    0xCC6A, 0xD48B, 0xD48B, 0xD48B, 0xD48B, 0xD48B, 0xCC8B, 0xD4AC, 0xCC6A, 0xAB26, 0xAB46, 0xAB46, 0xAB46, 0xAB46, 0xAB46, 0xB3A7,
    0x8A64, 0x5921, 0xC48C, 0xCCED, 0xCCED, 0xD4ED, 0xCCAC, 0xCCAC, 0xCCAC, 0xC46C, 0xC40A, 0xC42B, 0xC42B, 0xC42B, 0xC42B, 0xC42B,
    0xFE70, 0xFE70, 0xFE70, 0xFE70, 0xFE70, 0xFE50, 0xFE50, 0xFE50, 0xFE2F, 0xFE4F, 0xFEB1, 0xFED1, 0xFED1, 0xFED1, 0xFEB1, 0xFE90,
    0xFE50, 0xFE50, 0xFF13, 0xFF33, 0xFF33, 0xFF33, 0xFF33, 0xFEB1, 0xFE0F, 0xFE2F, 0xFEF3, 0xFFD8, 0xFFD8, 0xFF76, 0xFF77, 0xFFD8,
    0xFF96, 0xFF56, 0xFF55, 0xFF55, 0xFF56, 0xFF76, 0xFFB7, 0xFFD8, 0xFFD8, 0xFFD8, 0xFFD8, 0xFFD8, 0xFF76, 0xFF76, 0xFF76, 0xFFB7,
    0xFFB7, 0xFF97, 0xFF97, 0xFF96, 0xFFB7, 0xFFB7, 0xFFB7, 0xFF97, 0xFF97, 0xFF97, 0xFFB7, 0xFFB7, 0xFF96, 0xFFB6, 0xFF76, 0xFF75,
    0xFF76, 0xFF76, 0xFF75, 0xFF55, 0xFF96, 0xFF97, 0xFF97, 0xFF97, 0xFFB7, 0xFFB7, 0xFFB7, 0xFFB7, 0xFFB7, 0xFF34, 0xFE90, 0xFE90,
    0xFE90, 0xFE90, 0xFE90, 0xFE90, 0xFE90, 0xFE90, 0xFE8F, 0xFEF1, 0xDD4B, 0xBB65, 0xC428, 0xC4ED, 0xBCCD, 0xBC8C, 0xDE33, 0xFFFA,
    0xFFB7, 0xFFD7, 0xFFD8, 0xFFB7, 0xFF77, 0xFF56, 0xFEF4, 0xF694, 0xEE13, 0xEE13, 0xEE12, 0xEE12, 0xDD8F, 0xDD6F, 0xDD6F, 0xDD6F,
    0xDD6F, 0xDD6F, 0xE590, 0xD50E, 0x79C2, 0xB3C9, 0xC48C, 0xC48C, 0xC48C, 0xC48C, 0xC44B, 0xC44B, 0xC44B, 0xC42A, 0xBC0A, 0xBBE9,
    0xBBE9, 0xBBE9, 0xC409, 0xA2E6, 0x9AE6, 0xE590, 0xEE32, 0xEE32, 0xEE12, 0xEE11, 0xEE11, 0xEE11, 0xEDD0, 0xE56D, 0xE58E, 0xE58E,
    0xE58E, 0xE54C, 0xDD0C, 0xDD0C, 0xDD0C, 0xDCEB, 0xD448, 0xD448, 0xCC28, 0xD468, 0xD469, 0xD468, 0xD469, 0xD469, 0xD469, 0xD469,
    0xD469, 0xD469, 0xD448, 0xD4AA, 0xDD4D, 0xCCCC, 0xAB88, 0x9244, 0xB367, 0xAB47, 0xB3A8, 0xC40A, 0xBC0A, 0xBC0A, 0xC40A, 0xCC6B,
    0xCC8C, 0xCC8B, 0xCC8B, 0xCC8B, 0xD4CC, 0xDD0E, 0xDD0D, 0xD4ED, 0xD4ED, 0xD4ED, 0xCCAC, 0xD4AC, 0xDCED, 0xCCAB, 0xC46B, 0xCCAC,
    0xDD2D, 0xC46B, 0x7162, 0x7161, 0x7161, 0x7161, 0x79C2, 0xBBA8, 0xBBC8, 0xBBC8, 0xBBC8, 0xBBA7, 0xC429, 0xCC8B, 0xCC8B, 0xD4AB,
    0xD48B, 0xCC8B, 0xCC8B, 0xCC8B, 0xD48B, 0xD48B, 0xCC8B, 0xD4AB, 0xCC8A, 0xC409, 0xBBA8, 0xB387, 0xAB46, 0xAB66, 0xA346, 0x9AE6,
    0x7A04, 0x5921, 0xBC6C, 0xCCCC, 0xC4AC, 0xD54F, 0xDD70, 0xD56F, 0xDD6F, 0xD52E, 0xC48C, 0xCCAC, 0xC46B, 0xC42B, 0xC42B, 0xC42B,
    0xFE90, 0xFE70, 0xFE70, 0xFE70, 0xFE70, 0xFE50, 0xFE50, 0xFE50, 0xFE50, 0xFE50, 0xFE70, 0xFE90, 0xFEB1, 0xFE70, 0xFE4F, 0xFE2F,
    0xFE2F, 0xFE50, 0xFF12, 0xFEF2, 0xFEF2, 0xFEF2, 0xFEF2, 0xFEB1, 0xFE2F, 0xFE2F, 0xFED2, 0xFF76, 0xFF97, 0xFF76, 0xFF97, 0xFFB7,
    0xFF76, 0xFF56, 0xFF56, 0xFF56, 0xFF56, 0xFFB7, 0xFFD8, 0xFFB8, 0xFFB8, 0xFFD8, 0xFFD8, 0xFFD8, 0xFFB8, 0xFFB7, 0xFFB7, 0xFF96,
    0xFF76, 0xFF76, 0xFF76, 0xFF76, 0xFF96, 0xFFB7, 0xFF97, 0xFF97, 0xFF96, 0xFF96, 0xFF97, 0xFF97, 0xFFB7, 0xFF96, 0xFF75, 0xFF75,
    0xFF76, 0xFF96, 0xFF96, 0xFF96, 0xFF96, 0xFF96, 0xFF96, 0xFF97, 0xFF97, 0xFF97, 0xFF97, 0xFFB8, 0xFF75, 0xFF13, 0xFEB0, 0xFE90,
    0xFEB0, 0xFE90, 0xFE90, 0xFEB0, 0xFED1, 0xFED0, 0xF66F, 0xE5AC, 0xCCCA, 0xB387, 0xBBC8, 0xFFDA, 0xFFFD, 0xFFFC, 0xFFFC, 0xFFF9,
    0xFFD7, 0xFFB7, 0xFFD7, 0xFFB7, 0xFF77, 0xFF56, 0xFEB4, 0xF674, 0xEE13, 0xEE13, 0xEE12, 0xE612, 0xDD90, 0xDD6F, 0xDD6F, 0xDD6F,
    0xDD6F, 0xDD6F, 0xDD8F, 0xD50F, 0x79E3, 0xB3C9, 0xC46B, 0xC46B, 0xC48C, 0xC46C, 0xC44B, 0xBC2B, 0xC44B, 0xBC0A, 0xAB67, 0xB3A8,
    0xC40A, 0xBBE9, 0xC409, 0xA2E6, 0xA307, 0xE5B0, 0xEE32, 0xEE32, 0xEE32, 0xEE12, 0xEE11, 0xEE11, 0xEDCF, 0xE5AF, 0xEDAE, 0xE58E,
    0xE58E, 0xE54D, 0xDD2C, 0xDD0C, 0xDD0C, 0xDD0B, 0xDCCA, 0xDCA9, 0xD448, 0xD469, 0xD469, 0xD468, 0xD468, 0xD448, 0xD469, 0xD469,
    0xD448, 0xD489, 0xDCEB, 0xDD0C, 0xE58E, 0x8223, 0x9244, 0xB368, 0xAB67, 0xAB47, 0xB388, 0xC40A, 0xBC0A, 0xC40A, 0xC42A, 0xCC6B,
    0xCC6B, 0xCC6B, 0xCC6B, 0xCC6B, 0xCCAC, 0xD4CD, 0xD4CD, 0xD50D, 0xD4ED, 0xD4CC, 0xCCAC, 0xD4AC, 0xD4AC, 0xBC09, 0xBBE9, 0xBBE9,
    0xBC0A, 0x8A64, 0x8A02, 0xB387, 0xC429, 0xBBE9, 0xBBE9, 0xCC4A, 0xC429, 0xC429, 0xC429, 0xBC09, 0xC44A, 0xCC6A, 0xCC6A, 0xD48B,
    0xD4AB, 0xD4AB, 0xD4AB, 0xD4AB, 0xD48B, 0xCCAB, 0xCCAB, 0xCCAB, 0xD4AB, 0xD48B, 0xBBE8, 0xB387, 0xAB46, 0xAB67, 0xA326, 0x58E0,
    0x92C6, 0xBC4B, 0xC48C, 0xC4AC, 0xC4AC, 0xD52F, 0xD54F, 0xD54F, 0xD54F, 0xD570, 0xDD70, 0xDD90, 0xCCED, 0xC44B, 0xC46C, 0xC46C,
    0xFE70, 0xFE70, 0xFE70, 0xFE70, 0xFE70, 0xFE50, 0xFE50, 0xFE50, 0xFE50, 0xFE50, 0xFE50, 0xFE70, 0xFE90, 0xFE70, 0xFE70, 0xFE90,
    0xFE4F, 0xFE2F, 0xFE2F, 0xFE4F, 0xFEB1, 0xFEF1, 0xFF12, 0xFEB1, 0xFE0F, 0xFE2F, 0xFE91, 0xFF55, 0xFF76, 0xFFB7, 0xFFB8, 0xFF96,
    0xFF55, 0xFF56, 0xFF56, 0xFF56, 0xFF56, 0xFF76, 0xFFB7, 0xFFD8, 0xFFD8, 0xFFD8, 0xFFD8, 0xFFD8, 0xFFB8, 0xFF97, 0xFFB7, 0xFF76,
    0xFF76, 0xFF76, 0xFF96, 0xFF56, 0xFF76, 0xFF96, 0xFF96, 0xFF96, 0xFF97, 0xFF96, 0xFF97, 0xFF96, 0xFF96, 0xFF76, 0xFF75, 0xFF75,
    0xFF96, 0xFF96, 0xFFB7, 0xFFB7, 0xFF97, 0xFF96, 0xFF96, 0xFF97, 0xFF97, 0xFF97, 0xFF97, 0xFFB8, 0xFF55, 0xFED1, 0xFE90, 0xFE90,
    0xFE90, 0xFE90, 0xFE8F, 0xFE90, 0xFE90, 0xFED2, 0xFF96, 0x9263, 0xBCAC, 0xFFFB, 0xFFFA, 0xFF96, 0xFF33, 0xFF75, 0xFFDB, 0xFFDA,
    0xFFD7, 0xFFB7, 0xFFD7, 0xFFB7, 0xFF77, 0xFF56, 0xEE33, 0xEE12, 0xEE13, 0xEE13, 0xEE12, 0xEE12, 0xDD90, 0xDD6F, 0xDD6F, 0xDD6F,
    0xDD6F, 0xE5B0, 0xBC4B, 0x71A3, 0xAB89, 0xBC4B, 0xBC2B, 0xBC2B, 0xBC2B, 0xBC2B, 0xC46B, 0xCC8C, 0xCCAD, 0xC44B, 0xAB68, 0xB3A9,
    0xAB68, 0xB3A9, 0xC409, 0xA306, 0x9285, 0xCCCD, 0xEE32, 0xEE32, 0xEE32, 0xEE32, 0xEE11, 0xEE11, 0xEDF0, 0xEE11, 0xEDAF, 0xED8E,
    0xED8E, 0xED8E, 0xE54D, 0xDD0C, 0xDD0C, 0xDD0B, 0xE50B, 0xE4EB, 0xD469, 0xD469, 0xD469, 0xD468, 0xD468, 0xD468, 0xD468, 0xD469,
    0xD4A9, 0xDCEB, 0xDD4C, 0xDD2C, 0xD4CC, 0x9244, 0x9264, 0xAB47, 0xB367, 0xAB67, 0xB3A8, 0xC40A, 0xBBEA, 0xB3C9, 0xBC0A, 0xC42A,
    0xBC0A, 0xBC0A, 0xCC6B, 0xCC6B, 0xCC6B, 0xC42A, 0xCC8C, 0xDD0E, 0xD4ED, 0xCC6B, 0xCC8B, 0xC44B, 0x9AC6, 0x92A5, 0x9AA5, 0x9AC5,
    0x92A5, 0x8A23, 0xBBA7, 0xCC6A, 0xCCAB, 0xCCAA, 0xD4CB, 0xD4EC, 0xD4EC, 0xD4EC, 0xD4EC, 0xD4EC, 0xCCAB, 0xC409, 0xC3E9, 0xC409,
    0xC429, 0xC429, 0xC429, 0xC429, 0xCC8B, 0xCC8B, 0xD4AB, 0xD4AB, 0xD48B, 0xCC8A, 0xBBE8, 0xB387, 0xAB46, 0xAB67, 0xA347, 0x6101,
    0x9B27, 0xCCED, 0xC48C, 0xC48C, 0xC4AC, 0xD52F, 0xD54F, 0xD54F, 0xD550, 0xD56F, 0xD56F, 0xDD6F, 0xDD70, 0xDD70, 0xDD70, 0xDD6F,
    0xFE70, 0xFE70, 0xFE70, 0xFE70, 0xFE70, 0xFE70, 0xFE70, 0xFE50, 0xFE50, 0xFE50, 0xFE50, 0xFE90, 0xFEF2, 0xFEF1, 0xFED1, 0xFED1,
    0xFE50, 0xFE2F, 0xFE2F, 0xFE50, 0xFE90, 0xFE90, 0xFEB1, 0xFE70, 0xFE2F, 0xFE2F, 0xFE70, 0xFF13, 0xFF96, 0xFF76, 0xFF76, 0xFF76,
    0xFF56, 0xFF56, 0xFF76, 0xFF76, 0xFF96, 0xFFB7, 0xFFB8, 0xFFD8, 0xFFD8, 0xFFD8, 0xFFB8, 0xFFB7, 0xFF76, 0xFF75, 0xFF75, 0xFF76,
    0xFF76, 0xFFB7, 0xFF96, 0xFF76, 0xFF96, 0xFF76, 0xFF76, 0xFF96, 0xFF97, 0xFF96, 0xFF97, 0xFF96, 0xFF76, 0xFF76, 0xFF76, 0xFF76,
    0xFF76, 0xFF76, 0xFFB7, 0xFF97, 0xFF97, 0xFF97, 0xFFB7, 0xFF97, 0xFF97, 0xFF55, 0xFF14, 0xFEF3, 0xFEF3, 0xFEF2, 0xFED1, 0xFED1,
    0xFEB0, 0xFE90, 0xFF12, 0xFEF2, 0xFF53, 0xF6F3, 0xC449, 0xDE52, 0xF756, 0xFFD8, 0xFF96, 0xFF32, 0xFEAE, 0xFEF1, 0xFF97, 0xFFD9,
    0xFFD8, 0xFFD7, 0xFFD7, 0xFFB7, 0xFF77, 0xFF56, 0xEE53, 0xEE13, 0xEE13, 0xEE12, 0xEE12, 0xEE12, 0xDD90, 0xDD6F, 0xDD6F, 0xDD6F,
    0xDD6F, 0xE5B0, 0xC46B, 0x6921, 0xAB69, 0xBC6B, 0xC46B, 0xC46B, 0xC44B, 0xCC8C, 0xAB89, 0x8225, 0x8A85, 0x8A65, 0x8244, 0x8224,
    0x6961, 0xAB68, 0xC40A, 0xA306, 0x9264, 0xEDF1, 0xEE32, 0xEE32, 0xEE32, 0xEE32, 0xEE11, 0xEE11, 0xEE12, 0xEE12, 0xEDCF, 0xE58D,
    0xE58E, 0xE58E, 0xE58E, 0xE56D, 0xDD0C, 0xDCEB, 0xDD0B, 0xE50B, 0xDCA9, 0xD468, 0xD468, 0xD468, 0xD468, 0xD468, 0xD448, 0xD4A9,
    0xE54C, 0xDD2C, 0xDD4C, 0xE58D, 0x92A5, 0x9285, 0xAB26, 0xAB27, 0xB368, 0xAB67, 0xB388, 0xBBC9, 0xB3A8, 0xAB68, 0xB388, 0xBBEA,
    0xBBC9, 0xBBC9, 0xCC6B, 0xCC6B, 0xCC6B, 0xC44B, 0xCC6B, 0xD4AC, 0xD4CD, 0xCC8C, 0xCCAC, 0xC44B, 0x79E2, 0x79A2, 0x79A2, 0x79C2,
    0x7181, 0x9284, 0xD4AB, 0xD4AB, 0xD4CC, 0xD4CB, 0xD4CC, 0xD4CC, 0xD4CC, 0xD4CC, 0xD4CC, 0xD4CC, 0xC46A, 0xBBE8, 0xBBC8, 0xBBA7,
    0xBBA8, 0xBBA8, 0xBBC8, 0xBBC8, 0xC429, 0xCC8B, 0xC44A, 0xCC6A, 0xD48B, 0xD4AB, 0xC429, 0xAB46, 0xAB66, 0xAB87, 0xAB67, 0x58E0,
    0x9AE7, 0xCCCC, 0xC48C, 0xC48C, 0xC4AC, 0xD54F, 0xD54F, 0xD54F, 0xD550, 0xD570, 0xD570, 0xDD70, 0xD570, 0xD570, 0xD570, 0xD570,
    0xFE90, 0xFE70, 0xFE70, 0xFE70, 0xFE70, 0xFE70, 0xFE70, 0xFE50, 0xFE50, 0xFE50, 0xFE50, 0xFE70, 0xFE70, 0xFEB0, 0xFED1, 0xFEB0,
    0xFE70, 0xFE2F, 0xFE2F, 0xFE2F, 0xFE2F, 0xFE2F, 0xFE2F, 0xFE2F, 0xFE2F, 0xFE2F, 0xFE0F, 0xFED2, 0xFF96, 0xFF76, 0xFF76, 0xFF76,
    0xFF76, 0xFF76, 0xFF76, 0xFF76, 0xFF97, 0xFFD8, 0xFFB8, 0xFFB8, 0xFFD8, 0xFFD8, 0xFF97, 0xFF76, 0xFF56, 0xFF75, 0xFF75, 0xFF75,
    0xFF55, 0xFF56, 0xFF55, 0xFF96, 0xFF96, 0xFF76, 0xFF96, 0xFF97, 0xFF96, 0xFF96, 0xFFB7, 0xFF97, 0xFF96, 0xFF76, 0xFF76, 0xFF76,
    0xFF76, 0xFFB7, 0xFFB7, 0xFF97, 0xFF97, 0xFF96, 0xFF35, 0xFF96, 0xFF55, 0xFE70, 0xFE6F, 0xFE4F, 0xFE91, 0xFEF1, 0xFEF1, 0xFEF1,
    0xFF54, 0xFF96, 0xFF97, 0xFFD7, 0xEED3, 0xD58F, 0xB3A7, 0xF756, 0xFFFA, 0xFFB7, 0xFEAE, 0xFEAE, 0xFEAF, 0xFEAF, 0xFED1, 0xFF96,
    0xFFD8, 0xFFD8, 0xFFB7, 0xFF77, 0xFF77, 0xFF77, 0xEE74, 0xEE12, 0xEE13, 0xEE12, 0xEE12, 0xEE12, 0xDD90, 0xDD6F, 0xDD6F, 0xDD6F,
    0xDD6F, 0xDD8F, 0xB40B, 0x6941, 0x6941, 0x8A85, 0xAB69, 0xA348, 0xA368, 0xABA9, 0x8AA5, 0x6120, 0x6941, 0x6941, 0x6961, 0x7161,
    0x7181, 0x79C3, 0xB388, 0x9AC5, 0x8A44, 0xEE12, 0xEE32, 0xEE32, 0xEE32, 0xEE32, 0xEE11, 0xEE31, 0xEE11, 0xEE32, 0xEDCF, 0xE58E,
    0xE58E, 0xE58E, 0xE58E, 0xE58D, 0xE54D, 0xDCEB, 0xDCEB, 0xDCEB, 0xDCCA, 0xDCA9, 0xDCAA, 0xDCAA, 0xD469, 0xD469, 0xD4A9, 0xDCEB,
    0xDD2C, 0xDD4C, 0xDD2C, 0xDD0C, 0x92A5, 0x9AA5, 0xAB27, 0xAB27, 0xAB68, 0xAB67, 0xAB67, 0xAB68, 0xAB68, 0xAB67, 0xAB47, 0xC40A,
    0xBC0A, 0xBBE9, 0xC42A, 0xC44A, 0xBBEA, 0x71A2, 0x6981, 0x71A2, 0x71A2, 0x71A1, 0x6981, 0x71A2, 0xC44B, 0xCC8B, 0xC44A, 0xCC6A,
    0xCC8B, 0xCC8B, 0xD4AB, 0xD4AB, 0xD4AB, 0xD4CC, 0xD4CC, 0xD4CC, 0xD4CC, 0xD4EC, 0xD4CC, 0xD4CC, 0xD4CC, 0xD4CC, 0xCC6A, 0xBBA7,
    0xBBA8, 0xBBC8, 0xBBE8, 0xBBC8, 0xC429, 0xCC6A, 0xAB66, 0xBBC8, 0xD4AB, 0xD4AB, 0xC44A, 0xAB46, 0xAB46, 0x9B05, 0x92C6, 0x5901,
    0x9B07, 0xCCCC, 0xBC8B, 0xC4CC, 0xD52F, 0xD54F, 0xD570, 0xD570, 0xD570, 0xD570, 0xD570, 0xD570, 0xD570, 0xD570, 0xD570, 0xD570,
    0xFE70, 0xFE70, 0xFE70, 0xFE70, 0xFE70, 0xFE50, 0xFE50, 0xFE50, 0xFE50, 0xFE50, 0xFE50, 0xFE50, 0xFE2F, 0xF62F, 0xFEB0, 0xFE90,
    0xFE70, 0xF5EE, 0xF5CE, 0xF5CE, 0xFE0E, 0xFE4F, 0xFE4F, 0xFE2F, 0xFE2F, 0xFE2F, 0xFE2F, 0xFED2, 0xFF96, 0xFF97, 0xFF97, 0xFF76,
    0xFF76, 0xFF76, 0xFF76, 0xFF96, 0xFFB7, 0xFFB8, 0xFFB7, 0xFFB8, 0xFFB8, 0xFFB7, 0xFFB7, 0xFFB7, 0xFF76, 0xFF55, 0xFF75, 0xFF75,
    0xFF56, 0xFF55, 0xFF55, 0xFF56, 0xFF76, 0xFF76, 0xFFB6, 0xFFB7, 0xFFB6, 0xFF96, 0xFF75, 0xFF55, 0xFF55, 0xFF55, 0xFF34, 0xFF13,
    0xFF34, 0xFF55, 0xFF35, 0xFF34, 0xFF34, 0xFF14, 0xFED2, 0xFEB1, 0xF670, 0xFE2F, 0xFE4F, 0xFE4F, 0xFE4F, 0xFE90, 0xFEB2, 0xFF55,
    0xFF96, 0xFFB7, 0xFFB7, 0xFFF8, 0xBC28, 0xB3C8, 0xFFFA, 0xFFB8, 0xFF96, 0xFF12, 0xFEAF, 0xFEAE, 0xFEAE, 0xFEAE, 0xFECF, 0xFED1,
    0xFF96, 0xFFD9, 0xFF98, 0xFF76, 0xFF77, 0xFF57, 0xEE73, 0xEE32, 0xEE13, 0xEE12, 0xEE12, 0xE5F1, 0xDD8F, 0xDD6F, 0xDD6F, 0xDD6F,
    0xDD8F, 0xD50E, 0x6982, 0x9264, 0xA2E5, 0x6121, 0x58E0, 0x6100, 0x6121, 0x6100, 0x71A2, 0xA325, 0xA2E5, 0xA2E5, 0xA2E5, 0xA2E5,
    0xA2E5, 0x79C2, 0x6101, 0x6900, 0x8A24, 0xEDF2, 0xF653, 0xEE32, 0xEE32, 0xEE32, 0xEE32, 0xEE11, 0xEE12, 0xEE32, 0xEDCF, 0xE58E,
    0xE58E, 0xE58E, 0xE58E, 0xDD2C, 0xE54D, 0xDD0B, 0xDCEB, 0xDCEA, 0xDCAA, 0xDCA9, 0xDCA9, 0xD489, 0xD489, 0xD489, 0xD489, 0xDCEB,
    0xDD2C, 0xE56D, 0xC46A, 0x71A2, 0x9AC6, 0xA306, 0xA306, 0xAB27, 0xAB68, 0xAB67, 0xAB67, 0xAB68, 0xAB68, 0xB388, 0xAB67, 0xAB88,
    0xA327, 0x9AE6, 0x9AE6, 0xA306, 0x92A5, 0x8244, 0x9B27, 0x9B27, 0x9B27, 0x9B27, 0x9B07, 0x9B27, 0xC46B, 0xCC6B, 0xCC4A, 0xC409,
    0xC409, 0xC409, 0xC3E9, 0xBBE8, 0xCC8B, 0xD4CC, 0xD4EC, 0xD4CC, 0xD4CC, 0xD4EC, 0xD4EC, 0xD4CC, 0xD4CC, 0xD4EC, 0xD4AB, 0xC429,
    0xC449, 0xBBE8, 0xBBC8, 0xBBC8, 0xBBA7, 0xBBA7, 0xB366, 0xBBA7, 0xCC8B, 0xD4AB, 0xC44A, 0xAB46, 0xB367, 0x79E2, 0x79E3, 0xBC4B,
    0xBC6B, 0xC4AC, 0xC48C, 0xC4CD, 0xD570, 0xD550, 0xD54F, 0xD570, 0xD570, 0xD570, 0xD570, 0xD570, 0xD570, 0xD570, 0xD570, 0xD570,
    0xFE70, 0xFE70, 0xFE70, 0xFE70, 0xFE4F, 0xFE2F, 0xFE2F, 0xFE50, 0xFE50, 0xFE50, 0xFE4F, 0xFE4F, 0xFE4F, 0xF60E, 0xFEB0, 0xFEB0,
    0xFE0F, 0xF5AD, 0xF5AD, 0xF5AD, 0xF5EE, 0xFE2F, 0xFE2F, 0xFE2F, 0xFE2F, 0xFE2F, 0xFE2F, 0xFE50, 0xF6B2, 0xFF96, 0xFF97, 0xFF97,
    0xFF97, 0xFF97, 0xFF97, 0xFF97, 0xFF97, 0xFF96, 0xFF97, 0xFFB7, 0xFF97, 0xFFB7, 0xFF97, 0xFF96, 0xFF76, 0xFF76, 0xFF75, 0xFF76,
    0xFF75, 0xFF75, 0xFF55, 0xFF55, 0xFF55, 0xFF96, 0xFF96, 0xFF54, 0xFF54, 0xFF34, 0xF630, 0xF60F, 0xF60F, 0xF60F, 0xF60E, 0xFE2F,
    0xFE91, 0xFEB1, 0xFED2, 0xFED2, 0xFED2, 0xFEB1, 0xFEB1, 0xFE50, 0xFE2F, 0xFE4F, 0xFE4F, 0xFE4F, 0xFE2F, 0xFEF2, 0xFF97, 0xFF97,
    0xFFB7, 0xFF96, 0xFFD7, 0xEED3, 0xA304, 0xEEF4, 0xFFF8, 0xFFD8, 0xFF95, 0xFE8E, 0xFEAE, 0xFEAE, 0xFEAE, 0xFEAF, 0xFEAF, 0xFECF,
    0xFF11, 0xFF75, 0xFF96, 0xFF76, 0xFF97, 0xF716, 0xEE53, 0xEE33, 0xEE32, 0xEE12, 0xEE12, 0xE590, 0xDD6F, 0xDD6F, 0xDD6F, 0xDD6F,
    0xDD8F, 0xD54E, 0x71A2, 0x9AA4, 0xB346, 0xA2E5, 0xA2E5, 0x9AE5, 0x9AC5, 0x9AC5, 0x9AC5, 0xAB05, 0xA305, 0xA305, 0xA305, 0xAB05,
    0xAB05, 0x9AA4, 0x9244, 0x8203, 0x8A24, 0xEDF2, 0xF652, 0xEE32, 0xEE32, 0xEE32, 0xEE32, 0xEE32, 0xEE32, 0xEE32, 0xEDCF, 0xEDAE,
    0xE58E, 0xE58E, 0xE58E, 0xDD2C, 0xE54D, 0xE52C, 0xDCEB, 0xE50B, 0xDCA9, 0xD489, 0xD489, 0xD489, 0xD469, 0xD469, 0xD4A9, 0xDD0B,
    0xDD2C, 0xE52C, 0xBC2A, 0x71A2, 0xA306, 0xA326, 0xA327, 0xA327, 0xAB47, 0xAB67, 0xAB68, 0xAB67, 0xA327, 0xA307, 0x92A5, 0x71A1,
    0x7182, 0x79C2, 0x79A2, 0x79C2, 0x7182, 0xB3EA, 0xEDB0, 0xDD6F, 0xDD6F, 0xE56F, 0xDD6F, 0xDD4E, 0xD50D, 0xD50D, 0xD50D, 0xC449,
    0xBBE8, 0xBBC8, 0xBBC8, 0xBBC8, 0xCC8B, 0xCCAB, 0xD4AB, 0xD4CC, 0xD4EC, 0xD4EC, 0xD4EC, 0xD4EC, 0xD4EC, 0xD4EC, 0xD4CB, 0xD4CC,
    0xD4CC, 0xC429, 0xBBC8, 0xBBE8, 0xB387, 0xAB46, 0xB366, 0xAB66, 0xCC4A, 0xD4AB, 0xC42A, 0xAB26, 0xB367, 0x79E3, 0x7A24, 0xCCCD,
    0xC4AC, 0xC4AC, 0xC4AC, 0xCCCD, 0xD54F, 0xD54F, 0xD54F, 0xD570, 0xD570, 0xD570, 0xD570, 0xD570, 0xD570, 0xD570, 0xD570, 0xD570,
    0xFE70, 0xFE70, 0xFE70, 0xFE70, 0xFE4F, 0xFE50, 0xFE2F, 0xFE0F, 0xF5CE, 0xF5AE, 0xF5AD, 0xF5EE, 0xFE90, 0xFEB1, 0xFED1, 0xFEB1,
    0xF60F, 0xEDAD, 0xF5CE, 0xFE2F, 0xFE2F, 0xFE2F, 0xFE2F, 0xFE2F, 0xFE2F, 0xFE2F, 0xFE2F, 0xFE2F, 0xFEB1, 0xFF97, 0xFF97, 0xFF97,
    0xFF97, 0xFF97, 0xFF97, 0xFF97, 0xFF97, 0xFF96, 0xFF97, 0xFF97, 0xFF97, 0xFFB7, 0xFF97, 0xFF96, 0xFFB7, 0xFFB7, 0xFF55, 0xFF35,
    0xFF75, 0xFF75, 0xFF55, 0xFF76, 0xFF76, 0xFF96, 0xFF96, 0xFEF3, 0xFE90, 0xFE70, 0xFE2E, 0xFE0E, 0xFE0E, 0xFE0E, 0xFE0E, 0xFE2F,
    0xFE4F, 0xFE4F, 0xFE70, 0xFE90, 0xFE90, 0xFE70, 0xFE70, 0xFE70, 0xFE70, 0xFE6F, 0xFE4F, 0xFE4F, 0xFE4F, 0xFE91, 0xFEF3, 0xFF55,
    0xFF97, 0xFF96, 0xFFD7, 0xEEB3, 0x9AE4, 0xF756, 0xFFF8, 0xFFD8, 0xFF75, 0xFE8E, 0xFEAF, 0xFEAE, 0xFEAE, 0xFEAF, 0xFECF, 0xFECF,
    0xFEF0, 0xFF32, 0xFF53, 0xFF54, 0xEE94, 0xEE54, 0xEE33, 0xEE33, 0xEE33, 0xEE12, 0xE5B0, 0xE58F, 0xDD6F, 0xDD6F, 0xDD6F, 0xDD6F,
    0xDD4E, 0xD4ED, 0x6982, 0x9264, 0xB345, 0xAB25, 0xAB25, 0xAB25, 0xAB25, 0xAB25, 0xAB25, 0xA305, 0xA305, 0xA305, 0xA305, 0xAB05,
    0xAB05, 0xAB05, 0xB346, 0x9AA4, 0x79C2, 0xEDF2, 0xF652, 0xEE32, 0xEE32, 0xEE32, 0xEE32, 0xEE32, 0xEE32, 0xEE32, 0xEDCF, 0xEDAE,
    0xE5AE, 0xE58E, 0xE58D, 0xDD2C, 0xE54D, 0xE54D, 0xDCEB, 0xDCEB, 0xDCEB, 0xD4AA, 0xD489, 0xDCAA, 0xDCEA, 0xDCCA, 0xDD0B, 0xDD0B,
    0xE56D, 0xAB88, 0x79C2, 0x9AC6, 0xA306, 0xA306, 0xA327, 0xA306, 0xA327, 0xA327, 0xA327, 0xAB47, 0x8A44, 0x71A2, 0x79E3, 0x71A2,
    0x9B27, 0xDD50, 0xD50E, 0xD50E, 0xD52E, 0xD52E, 0xD52E, 0xD50E, 0xD50E, 0xD50E, 0xD50D, 0xD4ED, 0xD50D, 0xD50D, 0xD50D, 0xD4EC,
    0xC409, 0xBBC7, 0xBBC7, 0xBBC7, 0xBBA8, 0xB3A7, 0xBBE8, 0xD4EC, 0xD4EC, 0xD4EC, 0xD4EC, 0xD4EC, 0xD4EC, 0xD4EC, 0xD4CC, 0xD4CC,
    0xD4EC, 0xC429, 0xBBC8, 0xC3E8, 0xB3A7, 0xB346, 0xB366, 0xAB66, 0xB387, 0xB387, 0xB367, 0xAB46, 0xB367, 0x71C2, 0x79E3, 0xCCCD,
    0xC4AC, 0xC4AC, 0xD50E, 0xD54F, 0xD54F, 0xD54F, 0xD570, 0xD570, 0xD570, 0xD570, 0xD570, 0xD570, 0xD570, 0xD570, 0xD570, 0xD570,
    0xFE50, 0xFE50, 0xFE50, 0xFE50, 0xFE50, 0xFE50, 0xF5EE, 0xF5AE, 0xF5AD, 0xF5AD, 0xF5AD, 0xF5EE, 0xFE2F, 0xF62F, 0xFE2F, 0xFE2F,
    0xFE50, 0xFE2F, 0xFE2F, 0xFE4F, 0xFE4F, 0xFE2F, 0xFE2F, 0xFE2F, 0xFE2F, 0xFE2F, 0xFE2F, 0xFE2F, 0xFF34, 0xFFB8, 0xFF97, 0xFF97,
    0xFF97, 0xFF97, 0xFF97, 0xFF97, 0xFF96, 0xFF76, 0xFF76, 0xFF76, 0xFF97, 0xFF97, 0xFF97, 0xFFB7, 0xFF76, 0xFF35, 0xFF34, 0xFF55,
    0xFF75, 0xFF55, 0xFF76, 0xFF75, 0xFF75, 0xFF76, 0xFF75, 0xFEF2, 0xFE90, 0xFE4F, 0xFE2F, 0xFE4F, 0xFE4F, 0xFE4F, 0xFE4F, 0xFE4F,
    0xFE2F, 0xFE2F, 0xFE2F, 0xFE50, 0xFE70, 0xFE70, 0xFE70, 0xFE2F, 0xFE2F, 0xFE4F, 0xFE4F, 0xFE4F, 0xFE4F, 0xFE2F, 0xFEB0, 0xFF55,
    0xFF96, 0xFF96, 0xFFD7, 0xEED4, 0x9AE4, 0xF736, 0xFFF9, 0xFFD8, 0xFFB7, 0xFF32, 0xFE8E, 0xFEAE, 0xFE4D, 0xF62D, 0xFE4D, 0xFE6E,
    0xFF11, 0xFF53, 0xFF74, 0xFF74, 0xEE32, 0xEE12, 0xEE33, 0xEE13, 0xEE33, 0xEDF2, 0xDD6F, 0xDD6F, 0xDD6F, 0xDD6F, 0xDD6E, 0xE5B0,
    0xB3EA, 0x71C3, 0x92A5, 0xA306, 0xAB46, 0xAB25, 0xAB25, 0xA305, 0xA305, 0xA305, 0xA305, 0xA305, 0xA305, 0xA305, 0xAB25, 0xAB05,
    0xAB05, 0xAB25, 0xA305, 0x81E3, 0xB3CA, 0xEE33, 0xF632, 0xEE32, 0xEE52, 0xEE32, 0xEE32, 0xEE32, 0xEE12, 0xEE32, 0xEDCF, 0xEDAE,
    0xEDAE, 0xE58E, 0xE58E, 0xE56D, 0xE54D, 0xE54D, 0xE50C, 0xDD0B, 0xE50B, 0xDCEB, 0xDCEB, 0xE50B, 0xDD0B, 0xDD2B, 0xDD2B, 0xDD0C,
    0xE56D, 0xA347, 0x79A2, 0xA327, 0xA306, 0xA307, 0xAB27, 0xAB47, 0x9285, 0x6120, 0x6941, 0x6120, 0x6962, 0xC48D, 0xCCCD, 0xCCAD,
    0xCCEE, 0xD52F, 0xD52F, 0xD52F, 0xD52F, 0xD52E, 0xD52E, 0xD52E, 0xD52E, 0xD50E, 0xD50E, 0xD50D, 0xD50D, 0xCC8B, 0xC46A, 0xC449,
    0xBBE8, 0xBBC8, 0xBBC7, 0xBBA7, 0xBBA7, 0xBBA7, 0xBBE8, 0xD50C, 0xD50D, 0xD4EC, 0xD4EC, 0xD4EC, 0xD4EC, 0xD4CC, 0xD4CC, 0xD4CC,
    0xD4CC, 0xC429, 0xBBC8, 0xC3E8, 0xB387, 0xAB46, 0xB366, 0xAB46, 0xAB46, 0xAB46, 0xAB46, 0xA326, 0xAB46, 0x8203, 0x8265, 0xCCCC,
    0xC4AC, 0xCCCD, 0xD52E, 0xD54F, 0xD54F, 0xD570, 0xD570, 0xD570, 0xD570, 0xD570, 0xD570, 0xD570, 0xD570, 0xD570, 0xD570, 0xD570,
    0xFE4F, 0xFE4F, 0xFE50, 0xFE50, 0xFE50, 0xFE50, 0xFE4F, 0xFE4F, 0xF5EE, 0xF5AD, 0xF5AD, 0xF5CE, 0xF5EE, 0xFE0E, 0xF60F, 0xFE70,
    0xFE50, 0xFE50, 0xFE4F, 0xFE0F, 0xFE0F, 0xFE0F, 0xF62F, 0xFE2F, 0xFE4F, 0xFE4F, 0xFE70, 0xF62F, 0xFF55, 0xFFB8, 0xFFB7, 0xFF97,
    0xFF97, 0xFF97, 0xFF97, 0xFF77, 0xFF76, 0xFF56, 0xFF55, 0xFF76, 0xFF77, 0xFF77, 0xFF97, 0xFF97, 0xFF35, 0xFF34, 0xFF76, 0xFF96,
    0xFF75, 0xFF55, 0xFF96, 0xFEB1, 0xFE70, 0xFE70, 0xFE90, 0xFEB1, 0xFE90, 0xFE4F, 0xFE4F, 0xFE4F, 0xFE4F, 0xFE4F, 0xFE4F, 0xFE2F,
    0xFE0F, 0xFE2F, 0xFE2F, 0xFE70, 0xFE91, 0xFE90, 0xFE70, 0xFE4F, 0xFE2F, 0xFE2F, 0xFE2F, 0xFE4F, 0xFE4F, 0xFE4F, 0xFE6F, 0xFEF3,
    0xFF97, 0xFF97, 0xFFB7, 0xEED4, 0x9AE4, 0xF736, 0xFFF9, 0xFFB7, 0xFFD8, 0xFFB7, 0xFF12, 0xFECF, 0xFE2D, 0xF5CC, 0xF5AC, 0xF5ED,
    0xFF11, 0xF6F2, 0xF692, 0xF693, 0xEE33, 0xEE13, 0xEE13, 0xEE12, 0xE5D0, 0xE5B0, 0xDD6F, 0xDD6F, 0xDD6F, 0xDD6F, 0xDD4E, 0xE5AF,
    0xB3C9, 0x6961, 0xB387, 0xB387, 0xBBE8, 0xBBE9, 0xB3A8, 0xAB46, 0xAB46, 0xA325, 0xA305, 0xA305, 0xA305, 0xA305, 0xAB25, 0xAB25,
    0xAB25, 0xAB46, 0xA2E5, 0x81C2, 0xE5D1, 0xF673, 0xEE32, 0xEE52, 0xEE52, 0xEE52, 0xEE32, 0xEE32, 0xEE12, 0xEE32, 0xEDCF, 0xEDAE,
    0xEDAE, 0xED8E, 0xE58E, 0xE58E, 0xE56D, 0xE56D, 0xE56D, 0xDD0B, 0xE50B, 0xE50B, 0xE50B, 0xDD0B, 0xDD0B, 0xDD0B, 0xDD0B, 0xDD2C,
    0x92C5, 0x8203, 0x8A44, 0x9AE6, 0x9AE6, 0x92A5, 0x9285, 0x8204, 0x7A04, 0xB3CA, 0xAB89, 0xA369, 0xA368, 0xC48C, 0xCCAD, 0xC48C,
    0xCCAD, 0xCCCD, 0xCCAD, 0xCCCD, 0xD50E, 0xD50E, 0xD52E, 0xD52E, 0xD50E, 0xD50E, 0xD50E, 0xD50D, 0xD50D, 0xCCCC, 0xCCAB, 0xCCAB,
    0xD4CC, 0xC409, 0xB387, 0xBBA7, 0xBBA7, 0xB387, 0xBBE8, 0xCC6A, 0xC44A, 0xC48A, 0xD4EC, 0xD4EC, 0xD4EC, 0xD4CC, 0xD4CC, 0xCCAB,
    0xCC6A, 0xC449, 0xC3E8, 0xBBE8, 0xB387, 0xAB46, 0xAB66, 0xAB66, 0xAB66, 0xAB66, 0xB367, 0x71A2, 0x79C3, 0xC44B, 0xCCAC, 0xCCAC,
    0xC4AC, 0xCD0E, 0xD54F, 0xD54F, 0xD550, 0xD570, 0xD570, 0xD570, 0xD570, 0xD570, 0xD570, 0xD570, 0xD570, 0xD570, 0xD570, 0xD570,
    0xFE4F, 0xFE50, 0xFE2F, 0xF60F, 0xF60F, 0xFE0F, 0xFE50, 0xF5CE, 0xED8D, 0xF58D, 0xF58D, 0xED8D, 0xF5AD, 0xFE0E, 0xF60F, 0xFE50,
    0xFE50, 0xFE50, 0xFE2F, 0xF5EE, 0xF5EE, 0xF5EE, 0xFE70, 0xFE70, 0xFE70, 0xFE70, 0xFE70, 0xF60F, 0xFE92, 0xF6D3, 0xFF97, 0xFFB7,
    0xFF97, 0xFFB7, 0xFF97, 0xFF76, 0xFF76, 0xFF76, 0xFF76, 0xFF76, 0xFF56, 0xFF56, 0xFF77, 0xFFB7, 0xFF97, 0xFF96, 0xFF96, 0xFF13,
    0xFEF3, 0xFEF2, 0xF691, 0xFE2F, 0xFE2E, 0xFE2F, 0xFE2F, 0xFE4F, 0xFE4F, 0xFE90, 0xFEB1, 0xFE70, 0xFE4F, 0xFE4F, 0xFE4F, 0xFE2F,
    0xFE2F, 0xFE2F, 0xFE2F, 0xFE4F, 0xFE2F, 0xFE50, 0xFE90, 0xFE4F, 0xFE2F, 0xFE2F, 0xFE2F, 0xFE4F, 0xFE2F, 0xFE4F, 0xFE2E, 0xFEF2,
    0xFFB7, 0xFF97, 0xFFB7, 0xEED3, 0x9AC4, 0xF736, 0xFFFA, 0xFFD8, 0xFFB7, 0xFFB8, 0xFF55, 0xFEB0, 0xFE2E, 0xF5AC, 0xE54B, 0xF5EE,
    0xFF52, 0xF693, 0xEDD2, 0xEDF2, 0xEDF2, 0xEE13, 0xEDF2, 0xE5B0, 0xDD6F, 0xDD6F, 0xDD6F, 0xDD6F, 0xDD6F, 0xDD6F, 0xDD4F, 0xEDF0,
    0xBC0B, 0x7141, 0xB3C8, 0xBBE9, 0xBBE9, 0xBC09, 0xBBE9, 0xBC09, 0xBBE9, 0xAB46, 0xA305, 0xA305, 0xA325, 0xAB25, 0xAB25, 0xAB25,
    0xAB25, 0xAB46, 0xA2E5, 0x79C2, 0xDD90, 0xF673, 0xEE32, 0xEE53, 0xEE52, 0xEE52, 0xEE52, 0xEE32, 0xEE12, 0xEE11, 0xEE11, 0xEDCF,
    0xEDCF, 0xEDAE, 0xE56D, 0xE58D, 0xE56D, 0xE56D, 0xE56D, 0xDD0B, 0xE50B, 0xE50B, 0xE50B, 0xDCEA, 0xDD0B, 0xDD2C, 0xDD2D, 0xEDAF,
    0x8A85, 0x8A24, 0xA2E6, 0x9AC6, 0xA327, 0x71C3, 0x5941, 0x6142, 0x8265, 0xABC9, 0xABA8, 0xABA8, 0xABA9, 0xA388, 0xA368, 0xA368,
    0xA368, 0xA388, 0xA367, 0xB3EA, 0xD4EE, 0xD4ED, 0xD4ED, 0xD50E, 0xD50E, 0xD50E, 0xD50E, 0xD50D, 0xD4ED, 0xD50D, 0xD50D, 0xD50D,
    0xD50C, 0xC44A, 0xC408, 0xBBC8, 0xB366, 0xB346, 0xB346, 0xAB26, 0xAB46, 0xC44A, 0xD4EC, 0xD4CC, 0xD4CC, 0xD4CC, 0xD4CC, 0xD4CC,
    0xCCAB, 0xD4CC, 0xC429, 0xC3E8, 0xBBA7, 0xAB46, 0xB366, 0xB366, 0xB366, 0xB367, 0xBBA8, 0x7182, 0x71A2, 0xCC8B, 0xCCCC, 0xCCAC,
    0xCCCC, 0xD50E, 0xD54F, 0xD54F, 0xD550, 0xD570, 0xD570, 0xD570, 0xD570, 0xD570, 0xD570, 0xD570, 0xD570, 0xD570, 0xD570, 0xD570,
    0xFE2F, 0xFE2F, 0xFE0F, 0xF5EE, 0xF5EE, 0xF5EE, 0xF5EE, 0xED8D, 0xF5CE, 0xF5EE, 0xF5CE, 0xF5CE, 0xF5EE, 0xF5EE, 0xF5EE, 0xF5EF,
    0xFE2F, 0xFE70, 0xFE0F, 0xF5CE, 0xF60E, 0xFE4F, 0xFE70, 0xFE70, 0xFE70, 0xF60F, 0xF5EE, 0xFE50, 0xFE92, 0xFED2, 0xFF96, 0xFFB8,
    0xFF97, 0xFF97, 0xFFB7, 0xFFB7, 0xFF96, 0xFF35, 0xFF55, 0xFF76, 0xFFB7, 0xFFB7, 0xFF97, 0xFF97, 0xFFB7, 0xFF97, 0xFF76, 0xFED2,
    0xFEB0, 0xFE90, 0xFDEE, 0xFDEE, 0xFE0F, 0xFE2F, 0xFE4F, 0xFE4F, 0xFE4F, 0xFE70, 0xFE70, 0xFE70, 0xFE70, 0xFE70, 0xFE50, 0xFE2F,
    0xF60E, 0xF60E, 0xF60F, 0xFE0F, 0xFE0F, 0xFE4F, 0xFE70, 0xFE4F, 0xFE4F, 0xFE4F, 0xFE2F, 0xFE4F, 0xFE4F, 0xFE4F, 0xFE4F, 0xFE90,
    0xFED2, 0xFF76, 0xFFB8, 0xEED4, 0xA2E4, 0xEF16, 0xE673, 0xFF77, 0xFFB8, 0xFF97, 0xF6B3, 0xF671, 0xFE50, 0xDCEA, 0xE54D, 0xF60F,
    0xFE91, 0xF652, 0xEDF2, 0xEE12, 0xEE12, 0xEDF2, 0xE5B0, 0xE58F, 0xE58F, 0xDD8F, 0xDD6F, 0xDD6F, 0xDD6F, 0xDD6F, 0xDD6E, 0xABA9,
    0x9265, 0x79A2, 0xB3E8, 0xBC09, 0xBBE9, 0xBBE9, 0xBC09, 0xBC09, 0xBC09, 0xBBE9, 0xB3C8, 0xB387, 0xA305, 0xAB26, 0xAB26, 0xAB25,
    0xAB26, 0xAB46, 0xA305, 0x79C2, 0xDD91, 0xF673, 0xEE32, 0xEE53, 0xEE52, 0xEE52, 0xEE52, 0xEE52, 0xEE32, 0xEE12, 0xEE12, 0xEDF0,
    0xEDCF, 0xEDAE, 0xE58E, 0xE58D, 0xE58E, 0xED8D, 0xE56D, 0xDD0B, 0xE50B, 0xE50B, 0xDD0B, 0xDCEA, 0xDD0B, 0xDD2C, 0xD4EC, 0xAB68,
    0x79E3, 0x8A44, 0xA2E6, 0x92A5, 0x6982, 0x6161, 0x92E7, 0xA368, 0xA347, 0x9B27, 0x9B27, 0x9B27, 0xA347, 0xA368, 0xA368, 0xA368,
    0xA368, 0xA348, 0xA347, 0xABC9, 0xC44B, 0xBC2A, 0xCCCD, 0xD52E, 0xD50E, 0xD50E, 0xD50E, 0xD50D, 0xD4ED, 0xD50D, 0xD50D, 0xD50D,
    0xCCAB, 0xD4AB, 0xD4AB, 0xBBE8, 0xB346, 0xAB25, 0xAB25, 0xAB25, 0xB366, 0xBBC8, 0xC429, 0xCC6A, 0xCC6A, 0xCCAB, 0xD4AB, 0xD4CC,
    0xD4CC, 0xD4AB, 0xC409, 0xBBC8, 0xB387, 0xB346, 0xB366, 0xB366, 0xB366, 0xA306, 0x8A44, 0x7182, 0x8204, 0xC44A, 0xC46B, 0xC46B,
    0xCCED, 0xD54F, 0xD54F, 0xD54F, 0xD54F, 0xD570, 0xD570, 0xD570, 0xD570, 0xD570, 0xD570, 0xD570, 0xD570, 0xD570, 0xD570, 0xD570,
    0xFDEF, 0xFDEE, 0xF5EE, 0xF5EE, 0xF5EE, 0xF5EE, 0xF5CE, 0xFDEE, 0xF5EE, 0xF5EE, 0xF5EE, 0xF5EE, 0xF5EE, 0xF5EE, 0xF5EE, 0xF5EE,
    0xF60F, 0xFE50, 0xFE4F, 0xFE2F, 0xFE4F, 0xFE4F, 0xFE4F, 0xFE70, 0xFE90, 0xF64F, 0xFE70, 0xFED2, 0xFED2, 0xFEF3, 0xFF76, 0xFF97,
    0xFF97, 0xFF76, 0xFF97, 0xFF97, 0xFF76, 0xFF35, 0xFF34, 0xFF35, 0xFF76, 0xFF55, 0xFF97, 0xFFB8, 0xFF97, 0xFF98, 0xFF55, 0xF60F,
    0xFDEE, 0xF5EE, 0xFDEE, 0xFDEE, 0xFE0E, 0xFE0E, 0xFE0F, 0xFE0E, 0xFE0E, 0xFE50, 0xFE70, 0xFE70, 0xFE70, 0xFE70, 0xFE70, 0xFE4F,
    0xFE0E, 0xF5EE, 0xF60E, 0xF5EE, 0xFE2F, 0xFE4F, 0xFE70, 0xFE70, 0xFE90, 0xFE70, 0xFE4F, 0xFE4F, 0xFE4F, 0xFE4F, 0xFE4F, 0xFE4F,
    0xFE4F, 0xFF75, 0xFFB8, 0xEED4, 0xA2C4, 0xF736, 0xE5D0, 0xF756, 0xFFD8, 0xF6F6, 0xEE33, 0xF653, 0xE58E, 0xCC8A, 0xE56D, 0xEDCF,
    0xEDAE, 0xEDAF, 0xE5D0, 0xE5D0, 0xE5D0, 0xE5B0, 0xE5B0, 0xE5AF, 0xE58F, 0xE58F, 0xDD8F, 0xDD6F, 0xDD6E, 0xDD6E, 0xDD4E, 0x79A2,
    0x8A43, 0xC429, 0xBBE9, 0xBBE9, 0xBBE9, 0xBC09, 0xBC09, 0xBC09, 0xBC0A, 0xBC0A, 0xBC2A, 0xBBE9, 0xB387, 0xAB46, 0xAB46, 0xAB46,
    0xAB46, 0xAB46, 0xA305, 0x79C2, 0xDD70, 0xF673, 0xEE32, 0xEE53, 0xEE52, 0xEE52, 0xEE53, 0xEE53, 0xEE32, 0xEE11, 0xEE11, 0xEDF0,
    0xEDCF, 0xEDCF, 0xE58E, 0xE58E, 0xE56D, 0xDD0C, 0xE52C, 0xDCEB, 0xDCCA, 0xDCEA, 0xDCEB, 0xDCEB, 0xDCEB, 0xE56E, 0xDD0D, 0x6961,
    0x8224, 0x9AA5, 0x8A85, 0x7A04, 0x6161, 0x8AA5, 0x8AC5, 0x8AC6, 0x9B06, 0x9B47, 0x9B47, 0x9B47, 0xA368, 0xA368, 0xA368, 0xA368,
    0xA368, 0xA368, 0xA368, 0xA347, 0x9B47, 0x9B47, 0xC46B, 0xCCCD, 0xCCED, 0xD50E, 0xD50E, 0xD50D, 0xD50D, 0xD50D, 0xD50D, 0xD50D,
    0xD4EC, 0xD4CC, 0xD4AB, 0xBBA7, 0xAB05, 0xAB25, 0xAB25, 0xAB25, 0xAB25, 0xAB05, 0xB3A7, 0xCC6A, 0xC44A, 0xC46A, 0xCC4A, 0xD4AB,
    0xD4CC, 0xCC6A, 0xC409, 0xAB66, 0xAB46, 0xB346, 0xB366, 0xB366, 0xB387, 0x9AE5, 0x60E0, 0xAB26, 0xBBC8, 0xBBA7, 0xBBA7, 0xBBC8,
    0xCCCC, 0xD52E, 0xD54F, 0xD570, 0xD56F, 0xD56F, 0xD570, 0xD570, 0xD570, 0xD570, 0xD570, 0xD570, 0xD570, 0xD570, 0xD570, 0xD570,
    0xFDEF, 0xFE0F, 0xFE0F, 0xFDEF, 0xF5EE, 0xF5CE, 0xF5CE, 0xF5EE, 0xF5EE, 0xF5EE, 0xF5EE, 0xF5EE, 0xF5EE, 0xF5EE, 0xF5EE, 0xF5CE,
    0xF60F, 0xFE50, 0xFE2F, 0xFE2F, 0xFE2F, 0xFE0E, 0xF60F, 0xFE70, 0xFE4F, 0xFE70, 0xFEB1, 0xFEB2, 0xFEB2, 0xFED2, 0xFF14, 0xFF14,
    0xFF76, 0xFF97, 0xFF55, 0xF715, 0xFF76, 0xFF76, 0xFED3, 0xFE71, 0xFE71, 0xFE71, 0xFEB2, 0xFED3, 0xFED2, 0xFEF2, 0xFED2, 0xFE0F,
    0xFDEE, 0xFDEE, 0xFDEE, 0xFDEE, 0xF5CE, 0xF5AD, 0xF58D, 0xED8C, 0xF60E, 0xFE70, 0xFE70, 0xFE70, 0xFE70, 0xFE70, 0xFE4F, 0xFE4F,
    0xF5EE, 0xFE2F, 0xFE2F, 0xFE0F, 0xFE0E, 0xFE4F, 0xFE70, 0xFE70, 0xFE70, 0xFE4F, 0xFE4F, 0xFE4F, 0xFE4F, 0xFE2E, 0xFE2F, 0xFE4F,
    0xFE70, 0xFF55, 0xFFB7, 0xF6F4, 0xAB46, 0xBC8C, 0xCD4D, 0xFFB7, 0xFFB8, 0xF6F5, 0xEE13, 0xF653, 0xDD0C, 0xCC69, 0xE56D, 0xEDCF,
    0xEDAE, 0xE5AE, 0xE5AF, 0xE5AF, 0xE5AF, 0xE5AF, 0xE5AF, 0xE5AF, 0xE58F, 0xE58F, 0xE58F, 0xE58F, 0xEE11, 0xBC2A, 0x71A2, 0x8A44,
    0xAB46, 0xC429, 0xBC09, 0xBC09, 0xBC09, 0xBC09, 0xBC09, 0xBC09, 0xBC09, 0xBC0A, 0xBC0A, 0xBC2A, 0xBC2A, 0xAB67, 0xAB46, 0xAB46,
    0xAB26, 0xAB46, 0xAB06, 0x79A2, 0xDDB1, 0xF6D5, 0xEE53, 0xEE52, 0xEE53, 0xEE53, 0xEE53, 0xEE52, 0xEE32, 0xEE12, 0xEE12, 0xEDF0,
    0xEDCF, 0xEDCF, 0xE5AF, 0xE5AF, 0xE56D, 0xDCEB, 0xDD0B, 0xDCEA, 0xD4AA, 0xDCCA, 0xDCCA, 0xDD2D, 0xDD6E, 0xD50E, 0xABA9, 0x79E3,
    0x9A84, 0xA2E6, 0x6982, 0x5100, 0x71E3, 0x92C6, 0x8AC5, 0x8AC5, 0x92E6, 0x9B06, 0x9306, 0x9307, 0x9B27, 0x9B27, 0xA347, 0xA368,
    0xA368, 0xA368, 0xA368, 0xA368, 0xA368, 0xA368, 0xA388, 0xA368, 0xC46B, 0xD52E, 0xD50E, 0xD50D, 0xD50D, 0xD50D, 0xD50D, 0xD50D,
    0xD50D, 0xDD0D, 0xD4EC, 0xCC8B, 0xC42A, 0xAB46, 0xAB25, 0xAB25, 0xAB25, 0xAAE5, 0xBBC8, 0xCC8B, 0xCC6A, 0xC46A, 0xCC6A, 0xD4AB,
    0xD4CC, 0xCC6A, 0xC429, 0xAB46, 0xAB46, 0xB346, 0xB366, 0xB346, 0xB366, 0x9AC5, 0x60C0, 0xAB27, 0xC3C8, 0xBBA7, 0xBBC8, 0xBBC8,
    0xC409, 0xC44A, 0xCCCD, 0xD50E, 0xD54F, 0xD570, 0xDD70, 0xDD70, 0xD570, 0xD570, 0xD570, 0xD570, 0xD570, 0xD570, 0xD570, 0xD570,
    0xFE0F, 0xFDEF, 0xFDEF, 0xFDEE, 0xF5EE, 0xF5EE, 0xF5EE, 0xF5EE, 0xF5EE, 0xF5EE, 0xF5EE, 0xF5EE, 0xF5EE, 0xF60F, 0xFE2F, 0xFE2F,
    0xFE50, 0xFE50, 0xF5AD, 0xF58D, 0xF58D, 0xF58D, 0xF5CE, 0xF5EE, 0xF5EE, 0xFE2F, 0xFE91, 0xF630, 0xFE51, 0xFE91, 0xFEF3, 0xFF14,
    0xFF34, 0xFF76, 0xFF76, 0xFF55, 0xFF35, 0xFEF3, 0xF650, 0xF5CE, 0xF5AD, 0xF5CE, 0xFDEE, 0xFE0F, 0xFE2F, 0xFE4F, 0xFE4F, 0xFE0E,
    0xFDEE, 0xFDEE, 0xFDEE, 0xFE0E, 0xFE0F, 0xFE0E, 0xF5AD, 0xF5EE, 0xFE90, 0xFE70, 0xFE70, 0xFE70, 0xFE70, 0xFE4F, 0xFDEE, 0xF5CE,
    0xF5CE, 0xFE2F, 0xFE2F, 0xFE2F, 0xFE0F, 0xFE0E, 0xFE2F, 0xFE2F, 0xFE4F, 0xFE2F, 0xFE2F, 0xFE2F, 0xFE2F, 0xFE2F, 0xFE2E, 0xFE4F,
    0xFE4F, 0xFEF3, 0xFFB7, 0xFF76, 0xFFB7, 0xBC4A, 0xA2E5, 0xF6F4, 0xFF36, 0xF6B4, 0xEE33, 0xF653, 0xDD2D, 0xD469, 0xE56D, 0xEDCF,
    0xE5AE, 0xE5AF, 0xE5AF, 0xE5AF, 0xE5AF, 0xE5AF, 0xE5B0, 0xE58F, 0xDD6E, 0xDD6F, 0xE58E, 0xCCCC, 0xB3EA, 0x9B06, 0x79C2, 0xAB67,
    0xC44A, 0xBC09, 0xBC09, 0xBC09, 0xBC09, 0xBC09, 0xBC09, 0xBC09, 0xBC29, 0xBC09, 0xBC0A, 0xBC2A, 0xBC2A, 0xBC2A, 0xBC2A, 0xB387,
    0xAB46, 0xAB46, 0xA306, 0x7961, 0xDDF2, 0xFFBA, 0xEE74, 0xEE32, 0xEE53, 0xEE53, 0xEE52, 0xEE32, 0xEE33, 0xEE32, 0xEE33, 0xEDF0,
    0xE5CF, 0xE5CF, 0xEDCF, 0xEDD0, 0xE58E, 0xDCEB, 0xDCEB, 0xDCEA, 0xDCEA, 0xDCEB, 0xDD0C, 0xDD4E, 0xE5D1, 0xB3EA, 0x5900, 0x9AC5,
    0x9AA5, 0x8A44, 0x69A2, 0x7A24, 0x92E6, 0x8AA5, 0x8AC5, 0x8AC5, 0x8AC5, 0x8AC5, 0x8AC5, 0x8AC5, 0x8AA5, 0x8AA5, 0x9B06, 0x9B27,
    0x9B47, 0xA368, 0xA368, 0xA368, 0xA368, 0xA368, 0xB40A, 0xB40A, 0xCCCD, 0xDD2E, 0xD50E, 0xD50E, 0xD50D, 0xD50D, 0xD50D, 0xD50D,
    0xD50D, 0xD50D, 0xD50D, 0xDD4E, 0xDD2D, 0xAB46, 0xAB05, 0xAB25, 0xAB25, 0xAB05, 0xB366, 0xBBC8, 0xB3A7, 0xC46A, 0xD4AB, 0xD4AC,
    0xCCAB, 0xC44A, 0xC429, 0xAB46, 0xAB46, 0xAB46, 0xB366, 0xA2E5, 0x7181, 0x9284, 0x9A85, 0xAB67, 0xBBA8, 0xBBA8, 0xBBC8, 0xBBC8,
    0xC409, 0xC42A, 0xC429, 0xC40A, 0xCCCD, 0xD54F, 0xD52F, 0xD54F, 0xDD70, 0xD570, 0xD570, 0xD570, 0xD570, 0xD570, 0xD570, 0xD570,
    0xF5AE, 0xF5CE, 0xF5EE, 0xF5EE, 0xF5EE, 0xF5EE, 0xF5EE, 0xF5EE, 0xF5EE, 0xF5CE, 0xF5EE, 0xF5EE, 0xFE0E, 0xFE2F, 0xF62F, 0xFE2F,
    0xF62F, 0xFE4F, 0xF5CD, 0xF58D, 0xF5AD, 0xF5CD, 0xF5EE, 0xF5EE, 0xF5CE, 0xF5CE, 0xF5CE, 0xEDCE, 0xFE91, 0xFEB2, 0xFEB2, 0xFE91,
    0xF650, 0xFF13, 0xFEB2, 0xF64F, 0xFE4F, 0xF62F, 0xFE0E, 0xFE0E, 0xFE0E, 0xFE0E, 0xFE0E, 0xF5CE, 0xF5CE, 0xFE2F, 0xFE2F, 0xFE4F,
    0xFE4F, 0xFE4F, 0xFE4F, 0xFE4F, 0xFE0E, 0xFDEE, 0xFDEE, 0xFE0F, 0xFE6F, 0xFE70, 0xFE70, 0xFE70, 0xFE50, 0xF60E, 0xF5CE, 0xF5EE,
    0xFE0E, 0xFE0F, 0xFE2F, 0xFE2F, 0xF5AD, 0xF58D, 0xF5CD, 0xFE0F, 0xFE2F, 0xFE0E, 0xFE0E, 0xF5EE, 0xFE0E, 0xFE2F, 0xFE2F, 0xFE4F,
    0xFE4F, 0xFF13, 0xFFB7, 0xFF76, 0xFFD8, 0xEED3, 0xB409, 0xBC4B, 0xFED4, 0xEE53, 0xEE33, 0xEE32, 0xDD0D, 0xCC69, 0xED8E, 0xEDCF,
    0xE58F, 0xE5AF, 0xE5AF, 0xE58F, 0xE5AF, 0xE5AF, 0xE5AF, 0xDD6E, 0xDD4E, 0xDD6E, 0xE5AF, 0xBC4A, 0x6940, 0x9264, 0xC449, 0xBBE8,
    0xBC09, 0xBC09, 0xBC09, 0xBC09, 0xBC09, 0xBC09, 0xBC09, 0xBC09, 0xBC09, 0xBC2A, 0xBC2A, 0xBC2A, 0xBC2B, 0xC44B, 0xC46B, 0xC44B,
    0xB3C8, 0xAB26, 0x8A02, 0xABEB, 0xF779, 0xFF99, 0xEE74, 0xF633, 0xF653, 0xEE53, 0xEE33, 0xEE33, 0xEE33, 0xEE33, 0xEE33, 0xEDF1,
    0xE5CF, 0xEDCF, 0xEDCF, 0xEDCF, 0xE58E, 0xDCEB, 0xDCEB, 0xDCEB, 0xDCCB, 0xDD4D, 0xE58F, 0xDD6F, 0xEDF1, 0xBC4C, 0x6121, 0xA2C5,
    0x9AA5, 0x50E0, 0x5922, 0x8AA5, 0x8AC6, 0x8AC6, 0x8AC5, 0x8AC5, 0x8AC5, 0x8AC5, 0x8AC5, 0x8AC5, 0x8AC5, 0x8AC5, 0x8AA5, 0x8AA5,
    0x9B26, 0xA367, 0xA367, 0xA347, 0xA347, 0xA368, 0xBC4B, 0xC48C, 0xCCAD, 0xCCCD, 0xD50E, 0xD50E, 0xD50E, 0xD50D, 0xD50D, 0xD50D,
    0xD50D, 0xD50D, 0xD50D, 0xDD2E, 0xD50D, 0xAB25, 0xAB05, 0xAB25, 0xAB25, 0xAB25, 0xAB05, 0xA2E5, 0xA305, 0xCC6A, 0xD4CC, 0xD4AC,
    0xC44A, 0xC429, 0xC409, 0xAB46, 0xAB46, 0xAB46, 0xB3A7, 0xA306, 0x58E0, 0x9AC5, 0xC3E8, 0xBBA7, 0xBBA7, 0xBBC8, 0xBBC8, 0xC409,
    0xC42A, 0xC40A, 0xC429, 0xC429, 0xC42A, 0xC42A, 0xC42A, 0xCC8C, 0xDD8F, 0xDD90, 0xD570, 0xD570, 0xD570, 0xD570, 0xD570, 0xD570,
    0xF5CE, 0xF5CE, 0xF5EF, 0xF5EE, 0xF5EE, 0xF5CE, 0xF5CE, 0xF5EE, 0xF5CE, 0xF5AD, 0xF5EE, 0xF5EE, 0xFE0E, 0xF5CD, 0xE54C, 0xED4C,
    0xE54C, 0xF5CD, 0xF5CE, 0xF5EE, 0xF5EE, 0xF5CD, 0xF5AD, 0xF5AD, 0xF5AD, 0xED8C, 0xF60F, 0xF692, 0xFF13, 0xFE91, 0xFE50, 0xFE4F,
    0xED6D, 0xED4C, 0xF5EE, 0xFE4F, 0xFE6F, 0xFE4F, 0xFE2F, 0xF5CE, 0xF5EE, 0xFE0E, 0xFDEE, 0xF5AD, 0xF5CD, 0xF5CD, 0xFE0E, 0xFE4F,
    0xFE4F, 0xFE4F, 0xFE4F, 0xFE4F, 0xFE0F, 0xF5EE, 0xF60E, 0xFE0E, 0xFE4F, 0xFE4F, 0xFE4F, 0xFE4F, 0xFE4F, 0xFE0E, 0xF5EE, 0xFE0F,
    0xFE2F, 0xFE0F, 0xFE2F, 0xFE2F, 0xF5AD, 0xF5AD, 0xF5EE, 0xFE2F, 0xFE0E, 0xF5EE, 0xFE2F, 0xFE2F, 0xFE2F, 0xFE2F, 0xFE2F, 0xF60E,
    0xFE2F, 0xFE70, 0xF691, 0xFF55, 0xFF76, 0xFFD7, 0xF6D3, 0x9243, 0xA327, 0xEE33, 0xEE53, 0xEE12, 0xDD2E, 0xCC4A, 0xBC09, 0xE56E,
    0xEDAF, 0xE5AF, 0xE5AF, 0xE5AF, 0xDD8F, 0xD52D, 0xDD4E, 0xE58F, 0xEDF0, 0xABA9, 0x79C2, 0x79E3, 0xAB47, 0xBBC8, 0xC409, 0xC409,
    0xBBE8, 0xBBE8, 0xBC08, 0xBBE8, 0xBBE8, 0xC429, 0xC44A, 0xC42A, 0xBC4A, 0xBC6B, 0xBC6B, 0xBC6B, 0xBC6B, 0xBC6B, 0xBC6B, 0xC48B,
    0xB409, 0xB3A8, 0x81A2, 0xBCCE, 0xFFFD, 0xFFDA, 0xEE95, 0xF633, 0xF653, 0xF633, 0xEE53, 0xEE33, 0xEE33, 0xEE33, 0xEE33, 0xEDF1,
    0xE5CF, 0xEDCF, 0xEDCF, 0xEDCF, 0xE58E, 0xDCEB, 0xDCEB, 0xDCEB, 0xDCEB, 0xDD4D, 0xE56F, 0xDD8F, 0xC4AD, 0xA348, 0x79A2, 0xA2C6,
    0x9265, 0x5941, 0x69E3, 0x8264, 0x8264, 0x7A44, 0x8A85, 0x8AC5, 0x8AC5, 0x8AC5, 0x8AC5, 0x8AC5, 0x8AC5, 0x8AC5, 0x8AC5, 0x8AC5,
    0x9306, 0xA367, 0xA367, 0xA347, 0xA347, 0x9B47, 0xA347, 0xA368, 0x9B47, 0xB3E9, 0xCCAC, 0xCCAC, 0xCCAC, 0xD4ED, 0xD50D, 0xD50D,
    0xD50D, 0xD50D, 0xD50D, 0xD4EC, 0xD4EC, 0xBBC8, 0xAB05, 0xAB25, 0xAB25, 0xAB05, 0xAB05, 0xAB05, 0xAB46, 0xCC8B, 0xD4CC, 0xD4CC,
    0xC42A, 0xC429, 0xC409, 0xAB46, 0xAB26, 0xAB26, 0x9284, 0x9264, 0x7162, 0x9AC5, 0xBBC8, 0xBBA8, 0xBBC8, 0xBBA8, 0xBBC8, 0xC409,
    0xC42A, 0xC42A, 0xC429, 0xC429, 0xC429, 0xC429, 0xC42A, 0xC44A, 0xCC6B, 0xCCAC, 0xDD90, 0xDD90, 0xD570, 0xD56F, 0xD56F, 0xD570,
    0xF58D, 0xF58D, 0xED8D, 0xF58D, 0xF58D, 0xF5CE, 0xF5EE, 0xF5CE, 0xF5EE, 0xFDEE, 0xFDEE, 0xF5EE, 0xFE2F, 0xFE2F, 0xF60E, 0xF60F,
    0xF5EE, 0xF5AD, 0xF5AD, 0xFE2F, 0xF64F, 0xF62F, 0xF60E, 0xF62F, 0xFE91, 0xFE91, 0xFF13, 0xFF35, 0xFF34, 0xF60F, 0xF58D, 0xF58D,
    0xF56D, 0xF58D, 0xFE4F, 0xFE6F, 0xFE0E, 0xFE0E, 0xFDEE, 0xF5CE, 0xF5EE, 0xF60F, 0xFE0F, 0xF5AD, 0xF58D, 0xF5CD, 0xFE2F, 0xFE2F,
    0xFE2F, 0xFE4F, 0xFE2F, 0xFDEE, 0xF5CE, 0xF5EE, 0xFE4F, 0xFE4F, 0xFE4F, 0xFE4F, 0xFE4F, 0xFE4F, 0xFE4F, 0xFE4F, 0xFE2F, 0xFE2F,
    0xFE2F, 0xF5EE, 0xF5EE, 0xF5EE, 0xFE0E, 0xFE2F, 0xFE2F, 0xFE2F, 0xFE0F, 0xF5EE, 0xFE2F, 0xFE4F, 0xFE2F, 0xFE2F, 0xF60E, 0xFE0E,
    0xFE2F, 0xFE2F, 0xFE2F, 0xFF55, 0xFF76, 0xFF96, 0xF6B3, 0xD4EB, 0xAB47, 0x9AC6, 0x9AE7, 0xAB89, 0xE56F, 0xCC4A, 0xB367, 0xE56E,
    0xEDD0, 0xEDB0, 0xEDB0, 0xE5D0, 0xE58F, 0xE58E, 0xC48B, 0x8A85, 0x92C6, 0x8A44, 0x9285, 0x9AC5, 0xC409, 0xC429, 0xBC08, 0xC429,
    0xCC8B, 0xCCAB, 0xCCAB, 0xCC8B, 0xCC8B, 0xC48B, 0xC48B, 0xC48B, 0xBC8B, 0xBC6B, 0xBC6B, 0xBC6B, 0xBC6B, 0xBC6B, 0xBC6B, 0xBC6B,
    0xC46B, 0xCCCC, 0x81E2, 0xB46D, 0xFFFC, 0xFFDA, 0xEE74, 0xF633, 0xEE33, 0xEE33, 0xEE33, 0xEE33, 0xEE33, 0xEE33, 0xEE33, 0xEDF1,
    0xEDF0, 0xEDF0, 0xEDCF, 0xE5CF, 0xE58E, 0xDD0B, 0xDD0B, 0xDD2D, 0xE56E, 0xE58F, 0xDD8F, 0xE5D0, 0x8AA6, 0x7161, 0xAB06, 0x81E3,
    0x6121, 0x6982, 0x8245, 0x7A24, 0x7A24, 0x7A23, 0x8285, 0x92C5, 0x8AC5, 0x92C5, 0x8AC5, 0x8AC5, 0x8AC5, 0x8AC5, 0x8AC5, 0x8AC5,
    0x9306, 0xA368, 0xA368, 0xA347, 0xA347, 0x9B47, 0x9B47, 0xA347, 0x9B47, 0xA368, 0xB3E9, 0xBC4B, 0xBC2A, 0xCCCC, 0xDD0D, 0xD50D,
    0xD4EC, 0xCCCC, 0xD50D, 0xB3C8, 0xA325, 0xAB46, 0xAB25, 0xAB25, 0xAB25, 0xAB05, 0xAB05, 0xAB05, 0xAB26, 0xB3A7, 0xBBE9, 0xC44A,
    0xBC09, 0xBC09, 0xB3A7, 0xAB46, 0xB367, 0xB366, 0x7141, 0x81E3, 0xC3E9, 0xBBA8, 0xBBA8, 0xBBA8, 0xBBC8, 0xC3E9, 0xC409, 0xC409,
    0xC429, 0xC429, 0xC429, 0xC429, 0xC429, 0xC42A, 0xC42A, 0xC42A, 0xC429, 0xC42A, 0xCCCD, 0xCCAC, 0xD54F, 0xDD90, 0xDD90, 0xDD6F,
    0xF56D, 0xF58D, 0xF5AE, 0xF58D, 0xED8D, 0xF5CE, 0xFDEF, 0xFDEE, 0xFDEE, 0xFDEE, 0xFDEE, 0xFE0E, 0xFE2F, 0xFE4F, 0xFE70, 0xFE91,
    0xFE91, 0xFE4F, 0xFE70, 0xFED3, 0xFEF3, 0xFEF3, 0xFED3, 0xFEB3, 0xFED3, 0xFEF4, 0xF6D2, 0xF671, 0xFF14, 0xF5EF, 0xF58D, 0xF58D,
    0xF5AD, 0xF5EE, 0xFE4F, 0xFE2F, 0xF5EE, 0xFDEE, 0xF5EE, 0xFE0E, 0xFE4F, 0xFE4F, 0xFE4F, 0xF5CE, 0xF5CD, 0xFE2F, 0xFE0E, 0xFE2F,
    0xFE2F, 0xFE2F, 0xFE2F, 0xFDEE, 0xF5EE, 0xFE2F, 0xFE4F, 0xFE4F, 0xFE4F, 0xFE4F, 0xFE4F, 0xFE4F, 0xFE0E, 0xFE2F, 0xFE4F, 0xFE4F,
    0xFE2F, 0xF5EE, 0xF5CE, 0xF5EE, 0xFE4F, 0xFE2F, 0xFE2F, 0xFE2F, 0xFE2F, 0xFE4F, 0xFE4F, 0xFE2F, 0xFE2F, 0xFE2F, 0xFE2F, 0xFE4F,
    0xFE2F, 0xFE2F, 0xFE4F, 0xFF55, 0xFF76, 0xFF76, 0xFF76, 0xFF95, 0xD52C, 0xB387, 0xA2C5, 0x9A85, 0x9285, 0x81E3, 0x79C3, 0x8A65,
    0x8A85, 0x8A85, 0x8A85, 0x8A85, 0x92A6, 0x92C6, 0x8A65, 0x8203, 0x8203, 0x9AA5, 0xCC8A, 0xCC6A, 0xC44A, 0xC44A, 0xC44A, 0xC46A,
    0xDD4E, 0xDD6F, 0xDD6F, 0xDD6F, 0xDD6F, 0xCCCC, 0xC4AC, 0xC4AB, 0xC48B, 0xC48B, 0xBC6B, 0xBC6B, 0xBC6B, 0xBC6B, 0xBC6B, 0xBC6B,
    0xC46B, 0xC4AC, 0x89E3, 0xB46D, 0xFFFC, 0xFFDA, 0xF736, 0xF6D5, 0xF6D5, 0xF6B5, 0xEE53, 0xEE33, 0xEE33, 0xEE33, 0xEE33, 0xEE32,
    0xEE12, 0xEDF1, 0xE5CF, 0xE5CF, 0xE5AF, 0xDD4D, 0xDD2D, 0xE58F, 0xE58F, 0xDD8F, 0xDD8F, 0xE5D0, 0x92E6, 0x7981, 0xAB05, 0x71A3,
    0x69A2, 0x8244, 0x7A24, 0x7A44, 0x7A44, 0x7A24, 0x8285, 0x8AC5, 0x92C5, 0x92C5, 0x92C5, 0x92C5, 0x92C5, 0x8AC5, 0x8AC5, 0x8AC5,
    0x92E6, 0x92E6, 0x92E6, 0x92E6, 0x92E6, 0x92C5, 0x92C5, 0xA347, 0xA368, 0x9B27, 0xB3EA, 0xC46B, 0xC44B, 0xCCAC, 0xD4EC, 0xD4CC,
    0xCC8B, 0xC46B, 0xD4AC, 0xC409, 0xBBC8, 0xB387, 0xAB25, 0xAB25, 0xAB25, 0xAB25, 0xAB25, 0xAB05, 0xAB25, 0xA305, 0xA326, 0xB3A7,
    0xC409, 0xB3A8, 0xAB46, 0x9284, 0x79C2, 0x8A23, 0x81C3, 0x9264, 0xC3C8, 0xBBA8, 0xBBA8, 0xBBA8, 0xBBC8, 0xC429, 0xC429, 0xC429,
    0xC429, 0xC429, 0xC429, 0xC429, 0xC42A, 0xC42A, 0xC42A, 0xC42A, 0xC42A, 0xC42A, 0xC409, 0xC409, 0xCCAC, 0xCCCD, 0xCCED, 0xDD6F,
    0xF58D, 0xF5CE, 0xF60F, 0xFE30, 0xFE50, 0xFE50, 0xFE0F, 0xF58D, 0xFE0E, 0xFE2F, 0xFE50, 0xFE70, 0xFE50, 0xF650, 0xFE91, 0xFF14,
    0xFF14, 0xFF14, 0xFF35, 0xFF76, 0xFF76, 0xFF76, 0xFF56, 0xFF56, 0xFF56, 0xFF77, 0xF735, 0xF6B3, 0xFF35, 0xF6B2, 0xF5CD, 0xF58D,
    0xF5AD, 0xF5CE, 0xED8C, 0xED8D, 0xF5EE, 0xFE0F, 0xFE0E, 0xFDEE, 0xF5EE, 0xFE0F, 0xFE2F, 0xFE0F, 0xFE2F, 0xF5EE, 0xED6C, 0xF5CD,
    0xF5EE, 0xF60E, 0xFE2F, 0xFE4F, 0xFE4F, 0xFE4F, 0xFE4F, 0xFE4F, 0xFE4F, 0xFE4F, 0xFE70, 0xFE4F, 0xFE2F, 0xFE0E, 0xFE2F, 0xFE0F,
    0xF60E, 0xF5CE, 0xF5EE, 0xFE4F, 0xFE90, 0xFE90, 0xFEB0, 0xFE4F, 0xFE2F, 0xFE4F, 0xFE4F, 0xFE4F, 0xFE4F, 0xFE4F, 0xFE4F, 0xFE0F,
    0xFE0F, 0xFE2F, 0xFE2F, 0xFE70, 0xFF14, 0xFF96, 0xFF97, 0xFF76, 0xFF14, 0xFF54, 0xE5AE, 0xE54D, 0xA346, 0x8A44, 0x9264, 0x8A44,
    0x8A44, 0x8A44, 0x8A44, 0x8A44, 0x8A24, 0x8204, 0x8A64, 0xC44A, 0xC46A, 0xC44A, 0xC44A, 0xC42A, 0xCCCC, 0xDD6E, 0xD54E, 0xD54E,
    0xD54E, 0xD54F, 0xD54F, 0xD54E, 0xD54E, 0xD54E, 0xD54F, 0xCCCD, 0xC48B, 0xC48B, 0xC48B, 0xC48B, 0xC48B, 0xC48B, 0xC46B, 0xC46B,
    0xC46B, 0xC4AC, 0x8A03, 0xB44D, 0xFFFC, 0xFFFB, 0xFFB9, 0xF716, 0xFF16, 0xFF16, 0xEE73, 0xEE33, 0xEE33, 0xEE33, 0xEE32, 0xEE12,
    0xEE12, 0xEE12, 0xE5AF, 0xE58E, 0xE56E, 0xE58E, 0xE58F, 0xDD8F, 0xE58F, 0xE5AF, 0xDD90, 0xEE12, 0x9B07, 0x7161, 0xAB26, 0x81E3,
    0x6982, 0x8244, 0x7A24, 0x7A24, 0x7A24, 0x7A24, 0x7A24, 0x8265, 0x92E6, 0x92C5, 0x92C5, 0x92C5, 0x92C5, 0x8AC5, 0x8AC5, 0x92C5,
    0x8AC5, 0x8AC5, 0x8AC5, 0x8AC5, 0x8AC5, 0x8AA5, 0x92C5, 0xA347, 0xA347, 0xA347, 0xB3C9, 0xBC2A, 0xC46B, 0xC44B, 0xC44A, 0xC44A,
    0xC46A, 0xCC6B, 0xC44A, 0xCC4A, 0xCC6B, 0xBBC8, 0xAB05, 0xAB25, 0xAB25, 0xAB25, 0xAB25, 0xAB25, 0xAB25, 0xAB05, 0xAB46, 0xB3A8,
    0xC409, 0xB3A7, 0xB387, 0x9264, 0x60E0, 0x6900, 0xAB27, 0xC3C8, 0xBBA8, 0xBBA8, 0xBBA8, 0xBBC8, 0xC3E9, 0xC409, 0xC429, 0xC429,
    0xC429, 0xC42A, 0xC42A, 0xC42A, 0xC42A, 0xC42A, 0xC42A, 0xC42A, 0xC42A, 0xC42A, 0xC42A, 0xCC2A, 0xC429, 0xC409, 0xC42A, 0xDD4E,
    0xFE0F, 0xFE0F, 0xFDEF, 0xF5EE, 0xF60F, 0xFE0F, 0xF5EF, 0xF5AD, 0xFE0E, 0xFE50, 0xFF34, 0xFF55, 0xFF76, 0xFF76, 0xFF97, 0xFFB8,
    0xFF97, 0xFF97, 0xFF77, 0xFF77, 0xFF57, 0xFF57, 0xFF77, 0xFF77, 0xFF77, 0xFF77, 0xFF97, 0xFF97, 0xFF97, 0xFF34, 0xF5AE, 0xF5AD,
    0xF5EE, 0xFE0F, 0xFE2F, 0xFE2F, 0xFE2F, 0xF5AD, 0xF5CE, 0xFDEE, 0xFDEE, 0xFDEE, 0xFDEE, 0xF5CE, 0xF5CE, 0xFE0E, 0xF5EE, 0xF5CE,
    0xF60E, 0xFE6F, 0xFE4F, 0xFE4F, 0xFE4F, 0xFE4F, 0xFE4F, 0xFE4F, 0xFE4F, 0xFE4F, 0xFE4F, 0xFE4F, 0xFE2F, 0xF60E, 0xF60E, 0xF60E,
    0xFE2F, 0xFE70, 0xFE50, 0xFE50, 0xFE70, 0xF64F, 0xF62F, 0xF60E, 0xFE2F, 0xFE70, 0xFE6F, 0xFE70, 0xFE70, 0xFE90, 0xFE70, 0xFE2F,
    0xFE2F, 0xFE4F, 0xFE4F, 0xFE2F, 0xFEF3, 0xFF97, 0xFF96, 0xFF97, 0xFF97, 0xFFB7, 0xF6D3, 0xF6B3, 0xEE51, 0xEDAE, 0xE5AE, 0xE58D,
    0xE56C, 0xE58D, 0xE58D, 0xE56D, 0xE56D, 0xE54D, 0xDD2D, 0xD4EC, 0xD4EC, 0xD50C, 0xD50D, 0xD50D, 0xD52E, 0xD56F, 0xD54F, 0xD54F,
    0xD54F, 0xD54F, 0xD54F, 0xD54F, 0xD54E, 0xD54E, 0xD54E, 0xD52E, 0xCCED, 0xC4AB, 0xC4AB, 0xC48B, 0xBC8B, 0xC48B, 0xC48B, 0xC46B,
    0xBC6B, 0xC4AC, 0x8A03, 0xB44D, 0xFFFC, 0xFFFA, 0xFFB9, 0xFEF6, 0xFF16, 0xFF16, 0xEE53, 0xEE33, 0xEE33, 0xEE33, 0xEE32, 0xEE12,
    0xEE12, 0xEE12, 0xE5AF, 0xE56D, 0xDD4D, 0xE58F, 0xE5AF, 0xDDAF, 0xDDAF, 0xDDB0, 0xE5B0, 0xABCA, 0x7A03, 0x81E3, 0x9264, 0x6141,
    0x71C3, 0x8244, 0x7A24, 0x7A24, 0x7A24, 0x7A24, 0x7A24, 0x8244, 0x8AA5, 0x92E6, 0x92E6, 0x92E6, 0x92E6, 0x92C6, 0x92C5, 0x92C5,
    0x8AC5, 0x92C5, 0x92C5, 0x92C5, 0x8AC5, 0x8AC5, 0x8AC5, 0x92C6, 0x92E5, 0x92E6, 0x92E5, 0xAB88, 0xCC6B, 0xC44B, 0xC44B, 0xC46A,
    0xCC6B, 0xCC6B, 0xC44A, 0xC44A, 0xCC6A, 0xBBA7, 0xB325, 0xAB25, 0xAB26, 0xAB25, 0xAB25, 0xAB25, 0xAB26, 0xAB26, 0xAB46, 0xB3A8,
    0xC42A, 0xC429, 0x9AC5, 0x6921, 0x8203, 0xAB67, 0xBB87, 0xBBC8, 0xBBC8, 0xBBC8, 0xBBC8, 0xC3E9, 0xC40A, 0xC409, 0xC429, 0xC429,
    0xC429, 0xC429, 0xC42A, 0xC42A, 0xC42A, 0xC42A, 0xC42A, 0xC42A, 0xC44A, 0xC42A, 0xCC2A, 0xCC2A, 0xCC2A, 0xCC2A, 0xCC29, 0xCC4A,
    0xFEF3, 0xFEF4, 0xFF14, 0xF6D3, 0xF650, 0xF610, 0xF671, 0xFEF3, 0xFEF4, 0xFF34, 0xFF96, 0xFF97, 0xFFB7, 0xFFB8, 0xFFB7, 0xFF97,
    0xFFB7, 0xFF97, 0xFF76, 0xFF56, 0xFF56, 0xFF57, 0xFF77, 0xFF77, 0xFF77, 0xFF77, 0xFF77, 0xFF77, 0xFF77, 0xFF55, 0xF6D3, 0xFE4F,
    0xFE2F, 0xFE2F, 0xFE2F, 0xFE2F, 0xF5CE, 0xED8D, 0xF60E, 0xFE0E, 0xF5AD, 0xF5AD, 0xF58D, 0xF58D, 0xF58D, 0xF5AD, 0xFDEE, 0xFE0F,
    0xFE0E, 0xFE0E, 0xFE0E, 0xFE2F, 0xFE4F, 0xFE70, 0xFE50, 0xFE4F, 0xFE4F, 0xFE4F, 0xFE4F, 0xFE4F, 0xFE0F, 0xFDEE, 0xFE2F, 0xFE4F,
    0xFE50, 0xFEB0, 0xFE70, 0xF62F, 0xFE50, 0xFE4F, 0xFE2F, 0xFE4F, 0xFE90, 0xFE90, 0xFE70, 0xFE70, 0xFE70, 0xFE70, 0xFE70, 0xFE70,
    0xFE70, 0xFE70, 0xFE4F, 0xFE2F, 0xFED2, 0xFF55, 0xFF96, 0xFF97, 0xFF97, 0xFF96, 0xFFB7, 0xFFB7, 0xFF56, 0xF6F4, 0xF755, 0xEE72,
    0xEDCE, 0xEDEE, 0xE58D, 0xE56D, 0xE56D, 0xE56D, 0xE56E, 0xE56F, 0xDD8F, 0xDD8F, 0xDD6F, 0xDD6F, 0xDD6F, 0xD56F, 0xD56F, 0xD56F,
    0xD54F, 0xD54F, 0xD54F, 0xD54E, 0xD54E, 0xD54E, 0xD54E, 0xD54E, 0xD52E, 0xD52E, 0xD52E, 0xCCCC, 0xBC6B, 0xC46B, 0xC48B, 0xC48B,
    0xC48B, 0xC4AC, 0x8A03, 0xB44C, 0xFFFC, 0xFFDA, 0xFFB9, 0xF6F6, 0xFF16, 0xFF16, 0xEE73, 0xEE33, 0xEE33, 0xEE33, 0xEE32, 0xEE12,
    0xE612, 0xE5F0, 0xE5AF, 0xE58F, 0xE58E, 0xE58F, 0xE58F, 0xDDAF, 0xE5B0, 0xDD90, 0xE5D1, 0x7A04, 0x81E3, 0xBB67, 0x79E3, 0x50C0,
    0x7A24, 0x8244, 0x7A24, 0x7A24, 0x7A24, 0x7A44, 0x7A44, 0x7A24, 0x8244, 0x8A85, 0x8285, 0x8285, 0x8285, 0x8264, 0x8A85, 0x8AC6,
    0x8AC5, 0x8AC5, 0x92C5, 0x92C5, 0x8AC5, 0x8AC5, 0x8AC5, 0x92A5, 0x92C5, 0x92C5, 0x92A5, 0xAB88, 0xCC6B, 0xC44B, 0xC44B, 0xC46A,
    0xC44A, 0xC44A, 0xC44A, 0xC44A, 0xCC6A, 0xC3E9, 0xAB26, 0xA2E5, 0xA2E5, 0xA305, 0xAB26, 0xAB05, 0xAB06, 0xAB25, 0xB387, 0xBC09,
    0x9AE6, 0x8224, 0x71A2, 0x79C3, 0xAB26, 0xC3E9, 0xBBC8, 0xBBC8, 0xBBC8, 0xBBC8, 0xC409, 0xC409, 0xC409, 0xC409, 0xC429, 0xC429,
    0xC429, 0xC42A, 0xC42A, 0xC42A, 0xC42A, 0xC42A, 0xC42A, 0xC44A, 0xCC4A, 0xCC4A, 0xCC2A, 0xCC2A, 0xCC2A, 0xCC2A, 0xC42A, 0xCC2A,
    0xFFB7, 0xFFB7, 0xFFB8, 0xFFB8, 0xFF98, 0xFF55, 0xFF77, 0xFFB8, 0xFFB8, 0xFFB8, 0xFFB8, 0xFFB8, 0xFF98, 0xFF97, 0xFF97, 0xFF97,
    0xFF97, 0xFF97, 0xFF56, 0xFF56, 0xFF56, 0xFF97, 0xFF97, 0xFF97, 0xFF77, 0xFF77, 0xFF77, 0xFF76, 0xFF76, 0xFF76, 0xFF76, 0xFE70,
    0xFE2F, 0xFE2F, 0xFE2F, 0xFE2F, 0xF5EE, 0xFE0E, 0xFE70, 0xFE0F, 0xED4C, 0xED4C, 0xED6C, 0xED6C, 0xED6C, 0xED2B, 0xF5AD, 0xF5CE,
    0xF5CD, 0xF5AD, 0xF5EE, 0xFE4F, 0xFE4F, 0xFDEE, 0xFE2F, 0xFE70, 0xFE4F, 0xFE4F, 0xFE4F, 0xFE4F, 0xFE4F, 0xFE4F, 0xFE70, 0xFE70,
    0xFE91, 0xFEF2, 0xFEF2, 0xFED1, 0xFEB1, 0xFE70, 0xFE4F, 0xFE70, 0xFE90, 0xFE4F, 0xFE4F, 0xFE70, 0xFE70, 0xFE90, 0xFE90, 0xFE70,
    0xFE70, 0xFE70, 0xFE4F, 0xFE50, 0xFE50, 0xF6B1, 0xFF97, 0xFF97, 0xFF97, 0xFF97, 0xFF97, 0xFF76, 0xFFB7, 0xFFD8, 0xFFD8, 0xFF97,
    0xFF97, 0xF6F4, 0xEDEE, 0xEDEE, 0xEDCF, 0xE5CF, 0xE5CF, 0xE5AF, 0xDD6E, 0xDD6E, 0xDD6E, 0xDD4E, 0xDD4F, 0xD54F, 0xD54E, 0xD54F,
    0xD56F, 0xD56F, 0xD54F, 0xD54E, 0xD54E, 0xD54E, 0xD54F, 0xD54E, 0xD54E, 0xD54E, 0xD54E, 0xD50D, 0xCCED, 0xCCCC, 0xBC6B, 0xC48B,
    0xC48B, 0xCCCC, 0x89E3, 0xB44C, 0xFFFC, 0xFFD9, 0xFFB9, 0xFEF6, 0xFF16, 0xFF16, 0xEE73, 0xEE33, 0xEE33, 0xEE33, 0xEE32, 0xEE32,
    0xE5F1, 0xDDAF, 0xE5AF, 0xE58F, 0xE58F, 0xE5AF, 0xE5AF, 0xE5AF, 0xE5B0, 0xDD90, 0xE5D1, 0x8265, 0x8A03, 0xBB67, 0x8204, 0x50E0,
    0x7A03, 0x8244, 0x8224, 0x7A24, 0x7A24, 0x7A24, 0x7A24, 0x7A24, 0x7A24, 0x7A23, 0x7A23, 0x7A24, 0x7A24, 0x7A23, 0x8244, 0x8264,
    0x8AA5, 0x8AC5, 0x8AC5, 0x92C5, 0x8AC5, 0x8AC5, 0x8AC5, 0x8AC5, 0x92C5, 0x8AA5, 0x9AE6, 0xBC2A, 0xCC6B, 0xC44B, 0xC44B, 0xC46A,
    0xC44A, 0xC44A, 0xC44A, 0xC44A, 0xC429, 0xBBC8, 0xA2E5, 0xA2E5, 0xA2E5, 0xA2E5, 0xAB05, 0xAB06, 0xAB05, 0xA326, 0xA326, 0xAB88,
    0x8244, 0x6121, 0x6941, 0xAB47, 0xC408, 0xBBC7, 0xBBC8, 0xBBC8, 0xC3E9, 0xC409, 0xC409, 0xC409, 0xC409, 0xC409, 0xC429, 0xC429,
    0xC42A, 0xC42A, 0xC42A, 0xC42A, 0xC42A, 0xC42A, 0xC42A, 0xCC4A, 0xCC4A, 0xC44A, 0xC42A, 0xCC2A, 0xCC2A, 0xC42A, 0xC42A, 0xCC2A,
    0xFF97, 0xFF77, 0xFF97, 0xFF98, 0xFF97, 0xFF97, 0xFF97, 0xFF97, 0xFF97, 0xFF97, 0xFF97, 0xFF97, 0xFF98, 0xFF97, 0xFF56, 0xFF56,
    0xFF76, 0xFF77, 0xFF77, 0xFF97, 0xFF97, 0xFF77, 0xFF77, 0xFF77, 0xFF77, 0xFF77, 0xFF77, 0xFF76, 0xFF76, 0xFF77, 0xFF56, 0xFE70,
    0xFE2F, 0xFE2F, 0xFE2F, 0xFE2F, 0xFE4F, 0xFE4F, 0xFE0E, 0xF5EE, 0xF5CE, 0xF5EE, 0xFE0E, 0xFE0E, 0xFE0E, 0xF5CD, 0xF5CD, 0xF5AE,
    0xF5AD, 0xF5AD, 0xFE0F, 0xFE0E, 0xFDEE, 0xF5AD, 0xFE0E, 0xFE4F, 0xFE4F, 0xFE50, 0xFE4F, 0xFE2F, 0xFE4F, 0xFE70, 0xFE70, 0xFEB0,
    0xFED1, 0xFEF2, 0xFEF2, 0xFED1, 0xFED1, 0xFE70, 0xFE4F, 0xFE4F, 0xFE4F, 0xFE4F, 0xFE6F, 0xFE90, 0xFE6F, 0xFE4F, 0xFE6F, 0xFE70,
    0xFE70, 0xFE70, 0xFE70, 0xFE70, 0xFE70, 0xFEB1, 0xFFB7, 0xFF97, 0xFF97, 0xFFB7, 0xFFB7, 0xFFB7, 0xFFB7, 0xFFB7, 0xFFB7, 0xFFB8,
    0xFFD8, 0xFFB7, 0xFF97, 0xFF97, 0xFF96, 0xFF96, 0xFFB7, 0xF6D3, 0xEDEF, 0xDD8F, 0xD54E, 0xD54E, 0xD54E, 0xD54E, 0xD54E, 0xD54F,
    0xD54F, 0xD56F, 0xD56F, 0xD54F, 0xD54F, 0xD54F, 0xD54F, 0xD54E, 0xD54E, 0xD54E, 0xD54E, 0xD54E, 0xD54E, 0xD52E, 0xCCCD, 0xCCAC,
    0xC48B, 0xC46B, 0x9244, 0xB48D, 0xFFFB, 0xFFD9, 0xFFB9, 0xFEF6, 0xFF16, 0xFF16, 0xEE53, 0xEE33, 0xEE33, 0xEE33, 0xEE32, 0xEE32,
    0xE612, 0xE5D1, 0xE5AF, 0xE58F, 0xE58F, 0xE58F, 0xE58F, 0xE5AF, 0xDD90, 0xDD90, 0xE5D1, 0x8245, 0x8A03, 0xBB67, 0x8203, 0x50C0,
    0x7A03, 0x8244, 0x8224, 0x7A24, 0x7A24, 0x7A24, 0x7A24, 0x7A24, 0x7A44, 0x7A44, 0x7A44, 0x7A24, 0x7A24, 0x7A24, 0x7A24, 0x7A24,
    0x8AA5, 0x8AC6, 0x8AC5, 0x92C5, 0x92C5, 0x8AC5, 0x8AC5, 0x8AC5, 0x8AC5, 0x9B26, 0xB3E9, 0xCC6C, 0xC46B, 0xC46B, 0xC46B, 0xC46A,
    0xC44A, 0xC44A, 0xC44A, 0xCC4A, 0xAB26, 0xA2C4, 0xA2E5, 0xA2E5, 0xA2E5, 0xA305, 0xAB05, 0xAB06, 0xAB46, 0xAB46, 0x6941, 0x50A0,
    0x79E3, 0xCC29, 0xC3E8, 0xBBC8, 0xC3E8, 0xC3E8, 0xC3E8, 0xC3E9, 0xC409, 0xC42A, 0xC409, 0xC409, 0xC409, 0xC409, 0xC429, 0xCC29,
    0xCC4A, 0xCC4A, 0xC42A, 0xC42A, 0xC42A, 0xC42A, 0xC42A, 0xC44A, 0xCC4A, 0xC44A, 0xC44A, 0xCC2A, 0xCC2A, 0xCC2A, 0xCC2A, 0xCC2A,
    0xFFB8, 0xFFB8, 0xFF77, 0xFF76, 0xFF56, 0xFF76, 0xFF97, 0xFF97, 0xFF97, 0xFF97, 0xFF97, 0xFF97, 0xFF97, 0xFF97, 0xFF56, 0xFF76,
    0xFF77, 0xFF97, 0xFF97, 0xFF77, 0xFF77, 0xFF77, 0xFF76, 0xFF77, 0xFF77, 0xFF77, 0xFF56, 0xFF76, 0xFF76, 0xFF77, 0xF6D3, 0xFE2F,
    0xFE4F, 0xFE4F, 0xFE2F, 0xFE2F, 0xFE2F, 0xFE2F, 0xFE0E, 0xFE0F, 0xFE2F, 0xFE2F, 0xFE0E, 0xFE0E, 0xFE0E, 0xFE2E, 0xFE0F, 0xF5CE,
    0xF5AD, 0xF5AD, 0xFE0E, 0xF58D, 0xF58D, 0xFE2F, 0xFE2F, 0xFE2F, 0xFE50, 0xFE2F, 0xFE2F, 0xF60E, 0xFE2F, 0xFE70, 0xFE70, 0xFEB0,
    0xFE90, 0xFE70, 0xFE70, 0xFE70, 0xFEB1, 0xFE50, 0xFE2F, 0xFE4F, 0xFE4F, 0xFE4F, 0xFE70, 0xFE70, 0xFE70, 0xFE4F, 0xFE4F, 0xFE70,
    0xFE70, 0xFE70, 0xFE70, 0xFE70, 0xFE4F, 0xFE70, 0xF6B1, 0xFF55, 0xFFB8, 0xFFB7, 0xFFB7, 0xFFB7, 0xFFB7, 0xFFB7, 0xFFB7, 0xFF97,
    0xFFB7, 0xFFB7, 0xFFB7, 0xFFB7, 0xFFB7, 0xFFB7, 0xFFB8, 0xFF76, 0xFF55, 0xF6F2, 0xF68F, 0xF68F, 0xF68F, 0xF64F, 0xD54D, 0xD52E,
    0xD54E, 0xD56F, 0xD56F, 0xD56F, 0xDD6F, 0xD56F, 0xD56F, 0xD54F, 0xD54E, 0xD54E, 0xD54E, 0xD54E, 0xD52E, 0xD52E, 0xD54E, 0xD50D,
    0xBC4B, 0x79C2, 0xD5D1, 0xFFB8, 0xFFD9, 0xFFD9, 0xFFB9, 0xF6F6, 0xFF16, 0xFF16, 0xEE53, 0xEE33, 0xEE33, 0xEE32, 0xEE32, 0xEE12,
    0xEE12, 0xEE12, 0xE5AF, 0xE58F, 0xE58F, 0xE58F, 0xE58F, 0xE5AF, 0xDDB0, 0xDD90, 0xE5D1, 0x8245, 0x8A03, 0xB367, 0x81E3, 0x50A0,
    0x8224, 0x8244, 0x8224, 0x7A44, 0x7A44, 0x7A44, 0x7A24, 0x7A24, 0x7A44, 0x7A44, 0x7A44, 0x8224, 0x8224, 0x7A24, 0x7A44, 0x7A44,
    0x8244, 0x8264, 0x8244, 0x8244, 0x8264, 0x8AC5, 0x8AC5, 0x8AC5, 0x92C5, 0xA347, 0xBC0A, 0xB3C9, 0xAB88, 0xAB87, 0xBBE9, 0xC46B,
    0xC44A, 0xCC4A, 0xC46A, 0xC44A, 0xAB26, 0xA2E5, 0xA2E5, 0xA2E5, 0xA2E5, 0xAB05, 0xAB46, 0xAB46, 0x81E3, 0x71A2, 0x9AC5, 0x9AE5,
    0xB386, 0xC408, 0xC408, 0xC3E8, 0xC3E8, 0xC3E8, 0xC409, 0xCC0A, 0xC40A, 0xC409, 0xC409, 0xC409, 0xC409, 0xC42A, 0xC42A, 0xCC2A,
    0xCC6A, 0xCC4A, 0xC42A, 0xC42A, 0xC42A, 0xC42A, 0xC42A, 0xCC4A, 0xCC6B, 0xCC4A, 0xC44A, 0xC42A, 0xC42A, 0xCC4A, 0xC42A, 0xCC2A,
    0xFFB8, 0xFF97, 0xFF76, 0xFF56, 0xFF77, 0xFF97, 0xFF97, 0xFF97, 0xFF77, 0xFF56, 0xFF56, 0xFF56, 0xFF56, 0xFF76, 0xFF76, 0xFF77,
    0xFF77, 0xFF77, 0xFF77, 0xFF77, 0xFF77, 0xFF77, 0xFF77, 0xFF77, 0xFF76, 0xFF36, 0xFF35, 0xFF56, 0xFF76, 0xFF76, 0xF6D2, 0xFE91,
    0xFE50, 0xFE2F, 0xFE2F, 0xFE2F, 0xFE2F, 0xFE2F, 0xFE2F, 0xFE90, 0xFE90, 0xF5EE, 0xFE0E, 0xFE0E, 0xFE2F, 0xFE2F, 0xFE2F, 0xF5CE,
    0xF5AD, 0xF5AD, 0xF5AD, 0xF5AD, 0xFE2F, 0xFE4F, 0xFE2F, 0xFE4F, 0xFE2F, 0xF60E, 0xF60E, 0xFE2F, 0xFE4F, 0xFE70, 0xFE70, 0xFE50,
    0xFE70, 0xFE70, 0xFE70, 0xFE70, 0xFE91, 0xFE70, 0xFE70, 0xFE50, 0xFE4F, 0xFE4F, 0xFE4F, 0xFE50, 0xFE70, 0xFE70, 0xFE70, 0xFE70,
    0xFE70, 0xFE70, 0xFE70, 0xFE50, 0xFE0F, 0xFE2F, 0xFE4F, 0xFF55, 0xFFD8, 0xFFB7, 0xFFB7, 0xFFB7, 0xFFB7, 0xFFB7, 0xFF97, 0xFF56,
    0xFFB7, 0xFFB7, 0xFFB7, 0xFFB7, 0xFFB7, 0xFFB7, 0xFFB7, 0xFFB7, 0xFFB8, 0xFF33, 0xFEF1, 0xFF12, 0xFF12, 0xFEF0, 0xE60F, 0xEE0F,
    0xE5AE, 0xDD4E, 0xDD6F, 0xDD6F, 0xD54F, 0xD56F, 0xD56F, 0xD54F, 0xD54E, 0xD54F, 0xD54F, 0xD54E, 0xD52E, 0xD52E, 0xD52E, 0xD52D,
    0xC46B, 0x79A2, 0xDE53, 0xFFFA, 0xFFB8, 0xFFD9, 0xFFB8, 0xFF98, 0xF6B5, 0xEE73, 0xEE53, 0xEE33, 0xEE33, 0xEE32, 0xEE12, 0xEE12,
    0xEE12, 0xEE12, 0xE5AF, 0xE5AF, 0xE5AF, 0xE5AF, 0xE5AF, 0xE5AF, 0xDD90, 0xDD90, 0xE5D1, 0x7A25, 0x8A23, 0xB346, 0xA2E5, 0x79E4,
    0x6142, 0x8244, 0x8244, 0x8244, 0x8244, 0x7A44, 0x7A44, 0x7A44, 0x7A24, 0x7A24, 0x7A24, 0x7A44, 0x8244, 0x7A44, 0x8244, 0x8244,
    0x7A24, 0x7A24, 0x7A23, 0x7A23, 0x8264, 0x8AC6, 0x8AC5, 0x92C5, 0x92E6, 0x9B06, 0xA347, 0xAB67, 0xAB67, 0xA347, 0xB3E9, 0xCC6B,
    0xC44A, 0xBC09, 0xBBE9, 0xAB46, 0xA305, 0xA305, 0xA305, 0xA305, 0xAB26, 0x9AE5, 0x79E3, 0x8223, 0x6982, 0x7182, 0xCC47, 0xD488,
    0xCC48, 0xC428, 0xC408, 0xC3E8, 0xC3E8, 0xC408, 0xC42A, 0xC42A, 0xCC0A, 0xCC0A, 0xCC0A, 0xC42A, 0xC42A, 0xCC29, 0xCC29, 0xCC29,
    0xCC4A, 0xCC4A, 0xC42A, 0xCC2A, 0xCC2A, 0xCC4A, 0xCC4A, 0xCC4A, 0xCC6B, 0xCC6B, 0xCC4A, 0xC44A, 0xC44A, 0xC44A, 0xC42A, 0xCC2A,
    0xFFB7, 0xFF76, 0xFF76, 0xFF76, 0xFF97, 0xFF97, 0xFF97, 0xFF97, 0xFF97, 0xFF77, 0xFF56, 0xFF56, 0xFF77, 0xFF77, 0xFF77, 0xFF77,
    0xFF77, 0xFF77, 0xFF77, 0xFF77, 0xFF77, 0xFF97, 0xFF77, 0xFF77, 0xFF56, 0xFF56, 0xFF76, 0xFF96, 0xFF76, 0xFF76, 0xFF76, 0xFF14,
    0xFE4F, 0xFE2F, 0xFE2F, 0xFE2F, 0xFE2F, 0xFE2F, 0xF60E, 0xF62F, 0xF60F, 0xF5CE, 0xFE2F, 0xFE2F, 0xFE0E, 0xF60E, 0xF62E, 0xF5CE,
    0xF58D, 0xF58D, 0xF58D, 0xFDEE, 0xFE4F, 0xFE2F, 0xFE2F, 0xFE2F, 0xFE2F, 0xFE2F, 0xFE4F, 0xFE4F, 0xFE4F, 0xFE4F, 0xFE50, 0xFE70,
    0xFE70, 0xFE70, 0xFE70, 0xFE70, 0xFE70, 0xFE70, 0xFE50, 0xFE50, 0xFE70, 0xFE50, 0xFE4F, 0xFE4F, 0xFE4F, 0xFE2F, 0xFE50, 0xFE70,
    0xFE70, 0xFE70, 0xFE4F, 0xFE4F, 0xFE2F, 0xFE2F, 0xFE2F, 0xFF14, 0xFF76, 0xFF97, 0xFF97, 0xFF97, 0xFF97, 0xFFB7, 0xFFB7, 0xFF97,
    0xFFB7, 0xFFB7, 0xFFB7, 0xFFB7, 0xFFB7, 0xFF97, 0xFF76, 0xFF97, 0xFFB7, 0xFF96, 0xFFB7, 0xFFB8, 0xFF97, 0xFF33, 0xFF53, 0xFF53,
    0xFE6F, 0xEDEE, 0xE5AE, 0xDD4E, 0xD56F, 0xDD6F, 0xDD6F, 0xD54F, 0xD54E, 0xD54E, 0xD54F, 0xD54E, 0xD54E, 0xD52E, 0xD52E, 0xD52E,
    0xC46B, 0x79C3, 0xDE32, 0xFFF8, 0xFFB8, 0xFFB9, 0xFFB8, 0xFFB8, 0xF694, 0xEE32, 0xEE53, 0xEE33, 0xEE33, 0xEE32, 0xEE32, 0xEE12,
    0xEE12, 0xE5F1, 0xE58F, 0xE5AF, 0xE5AF, 0xE5AF, 0xE5AF, 0xE5AF, 0xE590, 0xE590, 0xE5D1, 0x7A45, 0x8A23, 0xB327, 0xAB46, 0x9285,
    0x5901, 0x79E3, 0x7A44, 0x8244, 0x8244, 0x8244, 0x8244, 0x8244, 0x8244, 0x8244, 0x8244, 0x8244, 0x7A44, 0x7A44, 0x7A44, 0x8244,
    0x8244, 0x8244, 0x8244, 0x7A44, 0x8244, 0x8264, 0x8264, 0x8A85, 0x8AA5, 0x9B27, 0xAB68, 0xAB67, 0xAB67, 0xA347, 0xBBE9, 0xCC8B,
    0xC42A, 0xAB67, 0xAB67, 0xA305, 0xA2E5, 0x92A5, 0x9AA5, 0x9AC5, 0x9AE5, 0x8A85, 0x5921, 0x6162, 0xBC08, 0xC469, 0xCC47, 0xCC67,
    0xCC68, 0xCC89, 0xCC4A, 0xCC4A, 0xCC4A, 0xC429, 0xCC2A, 0xCC2A, 0xC42A, 0xC42A, 0xC42A, 0xC42A, 0xCC2A, 0xCC29, 0xCC29, 0xCC29,
    0xCC29, 0xCC2A, 0xCC4A, 0xCC4A, 0xCC4A, 0xCC6B, 0xCC6B, 0xCC6B, 0xCC6B, 0xCC6B, 0xCC6A, 0xCC4A, 0xCC4A, 0xC44A, 0xCC2A, 0xCC2A,
    0xFFB8, 0xFFB7, 0xFF97, 0xFF97, 0xFF77, 0xFF97, 0xFF97, 0xFF97, 0xFF98, 0xFF98, 0xFF98, 0xFF97, 0xFF97, 0xFF97, 0xFF97, 0xFF97,
    0xFF97, 0xFF77, 0xFF77, 0xFF77, 0xFF77, 0xFF97, 0xFF97, 0xFF77, 0xFF76, 0xFF76, 0xFF76, 0xFF77, 0xFF77, 0xFF77, 0xFF76, 0xFED2,
    0xFE50, 0xFE4F, 0xFE4F, 0xFE4F, 0xFE2F, 0xFE0F, 0xFE0E, 0xF5EE, 0xF60E, 0xFE2F, 0xFE4F, 0xFE4F, 0xF5CD, 0xED4C, 0xED4C, 0xF5CE,
    0xF5AD, 0xF56D, 0xF56D, 0xFE0E, 0xFE0F, 0xFDEE, 0xFE2F, 0xFE2F, 0xFE2F, 0xFE4F, 0xFE4F, 0xFE4F, 0xFE4F, 0xFE4F, 0xFE50, 0xFE90,
    0xFE91, 0xFE70, 0xFE70, 0xFE50, 0xFE2F, 0xFE2F, 0xF62F, 0xFE4F, 0xFE4F, 0xFE4F, 0xFE4F, 0xFE2F, 0xFE0F, 0xFE2F, 0xFE70, 0xFE70,
    0xFE70, 0xFE70, 0xFE4F, 0xFE2F, 0xFE2F, 0xFE2F, 0xFE2F, 0xFE2F, 0xFE50, 0xFF54, 0xFF97, 0xFF96, 0xFF55, 0xFF97, 0xFFB8, 0xFFB8,
    0xFFB7, 0xFF97, 0xFF97, 0xFFB7, 0xFF97, 0xFF76, 0xFF56, 0xFF96, 0xFFB7, 0xFFB7, 0xFFB7, 0xFFB7, 0xFFB7, 0xFF96, 0xFF75, 0xFF34,
    0xFF13, 0xFF33, 0xF690, 0xE58E, 0xDD8E, 0xD54F, 0xD56F, 0xD56F, 0xD54F, 0xD54F, 0xD54F, 0xD54F, 0xD54E, 0xD52E, 0xD52E, 0xDD4F,
    0xCCCC, 0x7161, 0xD56E, 0xFED0, 0xFF33, 0xFFB7, 0xFF97, 0xFFB8, 0xF694, 0xEE33, 0xEE33, 0xEE33, 0xEE33, 0xEE12, 0xEE12, 0xEE12,
    0xEE12, 0xE5F1, 0xE5B0, 0xE5AF, 0xE5AF, 0xE5AF, 0xE5AF, 0xE590, 0xE5B0, 0xDD8F, 0xD52E, 0x7A04, 0x8A43, 0xB346, 0xAB06, 0xAB26,
    0x8204, 0x48A0, 0x7203, 0x8285, 0x8244, 0x8244, 0x8244, 0x8244, 0x8244, 0x8244, 0x8244, 0x8244, 0x8244, 0x8244, 0x8244, 0x7A44,
    0x7A44, 0x7A44, 0x7A44, 0x7A44, 0x7A44, 0x7A24, 0x8244, 0x8A84, 0x8A84, 0xA327, 0xAB88, 0xAB67, 0xAB67, 0xAB67, 0xB3A8, 0xC42A,
    0xBC09, 0xB3A8, 0xB3A8, 0xAB46, 0x9AA5, 0x4880, 0x4880, 0x4880, 0x4880, 0x50C0, 0xBC09, 0xC449, 0xCC69, 0xCC68, 0xD4A8, 0xDCE8,
    0xD4C8, 0xDD0B, 0xD54E, 0xD54F, 0xD54F, 0xCCAC, 0xC42A, 0xC429, 0xC409, 0xC42A, 0xCC29, 0xCC2A, 0xCC2A, 0xCC2A, 0xCC29, 0xCC2A,
    0xCC29, 0xCC4A, 0xCC6A, 0xCC6A, 0xCC4A, 0xCC6B, 0xCC6B, 0xCC6B, 0xCC6B, 0xCC6B, 0xCC6A, 0xCC4A, 0xCC4A, 0xCC4A, 0xCC2A, 0xCC2A,
    0xFFB7, 0xFF97, 0xFF77, 0xFF76, 0xFF77, 0xFF97, 0xFF97, 0xFF97, 0xFF97, 0xFF97, 0xFF97, 0xFF97, 0xFF97, 0xFF97, 0xFF97, 0xFF97,
    0xFF97, 0xFF77, 0xFF56, 0xFF77, 0xFF56, 0xFF56, 0xFF35, 0xFF35, 0xFF56, 0xFF77, 0xFF77, 0xFF77, 0xFF77, 0xFF77, 0xFF56, 0xFEB2,
    0xFEB1, 0xFE70, 0xFE2E, 0xF5AD, 0xF5CE, 0xFE0F, 0xF60E, 0xF60F, 0xFE2F, 0xFE2F, 0xFE2F, 0xFE4F, 0xF5CE, 0xF56D, 0xF5AD, 0xF5CD,
    0xF5AD, 0xF5AD, 0xF58D, 0xF60E, 0xFE2F, 0xFE0E, 0xF60E, 0xFE2F, 0xFE2F, 0xFE2F, 0xFE4F, 0xFE4F, 0xFE4F, 0xFE70, 0xFE90, 0xFE90,
    0xFE91, 0xFE91, 0xFE90, 0xFE90, 0xFE0F, 0xFE50, 0xFE90, 0xFE4F, 0xFE4F, 0xFE4F, 0xFE4F, 0xFE4F, 0xFE4F, 0xFE4F, 0xFE50, 0xFE70,
    0xFE4F, 0xFE4F, 0xFE4F, 0xFE2F, 0xFE2F, 0xFE2F, 0xFE2F, 0xFE2F, 0xFE2F, 0xFE91, 0xFF76, 0xFFB7, 0xFF56, 0xFFB8, 0xFFB8, 0xFFB8,
    0xFFB8, 0xFFB7, 0xFF97, 0xFF97, 0xFF76, 0xFF76, 0xFF97, 0xFF97, 0xFFB7, 0xFFB7, 0xFFB7, 0xFF97, 0xFFB7, 0xFFB7, 0xFFB7, 0xFF96,
    0xFF76, 0xFF75, 0xF6F2, 0xF690, 0xF64F, 0xE5EF, 0xDD8E, 0xD52E, 0xDD4E, 0xDD4E, 0xD54E, 0xD54E, 0xD54E, 0xD54E, 0xDD4F, 0xCCAC,
    0xABC9, 0xAC0B, 0xE630, 0xFE8E, 0xFE6E, 0xFEB0, 0xFEF2, 0xFF55, 0xF694, 0xF673, 0xEE53, 0xF633, 0xEE32, 0xEE12, 0xEE12, 0xEE12,
    0xEE12, 0xEDF2, 0xEDF2, 0xE5D0, 0xE5AF, 0xE58F, 0xE5B0, 0xE5B0, 0xE5B0, 0xE58F, 0xD50E, 0x79E3, 0x8A43, 0xAB46, 0xAB26, 0xAB46,
    0xA306, 0x9AE6, 0x6962, 0x58E1, 0x6982, 0x8265, 0x8264, 0x8264, 0x8244, 0x8244, 0x8244, 0x8244, 0x8244, 0x8244, 0x8244, 0x7A44,
    0x7A44, 0x7A44, 0x7A44, 0x7A44, 0x7A44, 0x8244, 0x8224, 0x8A64, 0x9B06, 0xA347, 0xAB67, 0xAB67, 0xAB67, 0xAB67, 0xAB67, 0x9AE6,
    0x9AE6, 0xA306, 0xA347, 0x8224, 0x71A3, 0x8AA6, 0x8AA6, 0x8AA6, 0x8A85, 0x8A86, 0xC449, 0xCCAA, 0xCC89, 0xCCA8, 0xD4E8, 0xDD08,
    0xDCE8, 0xDD0B, 0xD54F, 0xD54F, 0xD54F, 0xD54E, 0xCCAC, 0xCC8B, 0xCC8B, 0xCC2A, 0xCC2A, 0xCC2A, 0xCC2A, 0xCC2A, 0xCC29, 0xCC29,
    0xCC29, 0xCC2A, 0xCC29, 0xCC4A, 0xCC6A, 0xD46B, 0xD46B, 0xD46B, 0xCC4A, 0xCC4A, 0xCC4A, 0xCC4A, 0xCC4A, 0xCC4A, 0xCC4A, 0xCC4A,
    0xFF96, 0xFF76, 0xFF77, 0xFF97, 0xFF97, 0xFF97, 0xFF97, 0xFF97, 0xFF97, 0xFF97, 0xFF97, 0xFF97, 0xFF97, 0xFF97, 0xFF97, 0xFF97,
    0xFF97, 0xFF56, 0xFF36, 0xFF76, 0xFF76, 0xFF76, 0xFF56, 0xFF56, 0xFF77, 0xFF77, 0xFF77, 0xFF77, 0xFF77, 0xFF76, 0xFF55, 0xFF13,
    0xFE70, 0xFE0F, 0xF5CE, 0xED8C, 0xF5CE, 0xFE2F, 0xFE0F, 0xFE0F, 0xFE2F, 0xFE4F, 0xFE2F, 0xFE0F, 0xFE2F, 0xFE2F, 0xFE4F, 0xF5CE,
    0xF5AD, 0xF5AE, 0xF5AD, 0xFE0E, 0xFE0F, 0xFE0E, 0xF60E, 0xFE2F, 0xFE4F, 0xFE2F, 0xFE2F, 0xFE4F, 0xFE4F, 0xFE90, 0xFE90, 0xFE70,
    0xFE70, 0xFE91, 0xFEB1, 0xFE90, 0xFE70, 0xFE50, 0xFE70, 0xFE50, 0xFE4F, 0xFE4F, 0xFE4F, 0xFE50, 0xFE50, 0xFE2F, 0xFE2F, 0xFE2F,
    0xFE2F, 0xFE2F, 0xFE2F, 0xFE2F, 0xFE2F, 0xFE2F, 0xFE2F, 0xFE2F, 0xFE2E, 0xFED1, 0xFF55, 0xFF55, 0xFF76, 0xFFB8, 0xFFB8, 0xFFB8,
    0xFFB8, 0xFF76, 0xFF75, 0xFF55, 0xFF55, 0xFFB7, 0xFFB8, 0xFFB8, 0xFFB7, 0xFFB7, 0xFFB7, 0xFFB7, 0xFF97, 0xFF97, 0xFF97, 0xFF97,
    0xFF97, 0xFF97, 0xFF97, 0xFF75, 0xFF12, 0xFF32, 0xEE70, 0xE5CF, 0xDD6E, 0xD52E, 0xD54E, 0xDD4E, 0xDD4E, 0xD52E, 0xDD8F, 0xC42A,
    0x7160, 0xF716, 0xFF95, 0xFE4D, 0xFE8E, 0xEDCC, 0xE56C, 0xF651, 0xF631, 0xF631, 0xEE53, 0xF653, 0xF653, 0xEE12, 0xEE12, 0xEE12,
    0xEE12, 0xEE11, 0xE5D0, 0xE5AF, 0xE5AF, 0xEDD0, 0xDD4E, 0xCCAB, 0xD4CC, 0xD4ED, 0xD50E, 0x79E3, 0x9264, 0xB347, 0xAB26, 0xAB46,
    0xB346, 0xB387, 0x8224, 0x6982, 0x5901, 0x71C3, 0x71E3, 0x71E3, 0x8244, 0x8244, 0x8244, 0x8244, 0x8244, 0x8244, 0x8244, 0x7A44,
    0x7A44, 0x7A24, 0x7A24, 0x7A24, 0x7A24, 0x8244, 0x7A24, 0x9AE6, 0xB3C9, 0xABA8, 0xB3A8, 0xB3A8, 0xB3A8, 0xB3A8, 0xB3A8, 0x6961,
    0x50A0, 0x58C0, 0x58E0, 0x50A0, 0x69A2, 0xD50D, 0xCCEC, 0xD50D, 0xD52E, 0xD52E, 0xD50A, 0xDD09, 0xDD09, 0xDD09, 0xDD08, 0xDD08,
    0xDCE8, 0xDD0B, 0xD56F, 0xD56F, 0xD56F, 0xD56F, 0xDD6F, 0xDD90, 0xDD0E, 0xCC09, 0xCC2A, 0xCC2A, 0xCC2A, 0xCC2A, 0xCC4A, 0xCC4A,
    0xCC4A, 0xCC2A, 0xCC4A, 0xCC6A, 0xCC6B, 0xCC6B, 0xD46B, 0xCC4A, 0xCC4A, 0xCC4A, 0xCC4A, 0xCC4A, 0xCC4A, 0xCC4A, 0xCC4A, 0xCC4A,
    0xFF76, 0xFF76, 0xFF76, 0xFF97, 0xFF97, 0xFF97, 0xFF97, 0xFF97, 0xFF97, 0xFF97, 0xFF97, 0xFF77, 0xFF76, 0xFF56, 0xFF77, 0xFF77,
    0xFF77, 0xFF77, 0xFF77, 0xFF97, 0xFF97, 0xFF97, 0xFF97, 0xFF97, 0xFF97, 0xFF77, 0xFF77, 0xFF77, 0xFF76, 0xFF14, 0xFF35, 0xFF55,
    0xF62F, 0xF58D, 0xF5AD, 0xF5EE, 0xFE0E, 0xFE0F, 0xF60E, 0xF5EE, 0xFE2F, 0xFE4F, 0xFE4F, 0xFE2F, 0xFE2F, 0xFE2F, 0xFE4F, 0xF5EE,
    0xF5AE, 0xF5CE, 0xF5CE, 0xFE0E, 0xFE2F, 0xFE2F, 0xFE2F, 0xFE2F, 0xFE4F, 0xFE4F, 0xFE4F, 0xFE4F, 0xFE4F, 0xFE90, 0xFE90, 0xFE50,
    0xFE70, 0xFE50, 0xFE50, 0xFE50, 0xFE50, 0xFE50, 0xFE50, 0xFE50, 0xFE4F, 0xFE4F, 0xFE2F, 0xF60E, 0xFE0F, 0xF5EE, 0xFE0E, 0xFE2F,
    0xFE2F, 0xFE2F, 0xFE4F, 0xFE0F, 0xF5EE, 0xFE2F, 0xFE2F, 0xFE2F, 0xFE2F, 0xFE90, 0xFE90, 0xFE70, 0xFF34, 0xFFB8, 0xFFB8, 0xFFB8,
    0xFF97, 0xFF55, 0xFF55, 0xFF55, 0xFF75, 0xFF97, 0xFFB8, 0xFFB7, 0xFFB7, 0xFFB8, 0xFFB8, 0xFFB7, 0xFFB7, 0xFFB7, 0xFFB7, 0xFFB7,
    0xFF97, 0xFF97, 0xFF97, 0xFFB7, 0xFF97, 0xFF76, 0xFEF2, 0xFF11, 0xE5CE, 0xE58E, 0xD54E, 0xD52E, 0xD54E, 0xDD6E, 0xD50D, 0xABA8,
    0x9B27, 0xEED6, 0xFF54, 0xFE4D, 0xFEAE, 0xF60D, 0xDCEA, 0xE4A9, 0xDCA9, 0xDCCA, 0xEE11, 0xEE12, 0xEDF1, 0xEDF1, 0xEDF1, 0xEDF1,
    0xE5F1, 0xEDD1, 0xE58F, 0xE58F, 0xDD0C, 0xDD0C, 0xD4AB, 0xC408, 0xC408, 0xCC8B, 0xDD2E, 0x71C2, 0x8A44, 0xB367, 0xAB46, 0xAB46,
    0xB346, 0xB346, 0xB387, 0xB367, 0x79E2, 0x6961, 0x50E0, 0x5900, 0x8244, 0x8264, 0x8264, 0x8264, 0x8264, 0x8264, 0x8264, 0x8264,
    0x8264, 0x8244, 0x8244, 0x8244, 0x8244, 0x8244, 0x8264, 0x71E3, 0x6182, 0x6982, 0x6982, 0x6982, 0x69A2, 0x69A2, 0x6982, 0x92E7,
    0xA389, 0xA368, 0xA368, 0xABC9, 0xBC4B, 0xCCED, 0xCCED, 0xCD0D, 0xD52F, 0xD52E, 0xDD2A, 0xDD29, 0xDD09, 0xDD08, 0xDD08, 0xDD09,
    0xDD09, 0xDD2B, 0xD56F, 0xDD6F, 0xD56F, 0xDD70, 0xD56F, 0xDD70, 0xDD4F, 0xD50D, 0xDD2D, 0xCCCC, 0xCC8B, 0xCC6B, 0xCC4A, 0xD46A,
    0xCC6A, 0xCC4A, 0xCC6A, 0xD48B, 0xD46B, 0xCC6B, 0xD46B, 0xD46B, 0xCC4A, 0xCC4A, 0xCC4A, 0xCC4A, 0xCC4A, 0xCC4A, 0xCC4A, 0xCC4A,
    0xFF76, 0xFF77, 0xFF97, 0xFF97, 0xFF77, 0xFF56, 0xFF56, 0xFF77, 0xFF76, 0xFF56, 0xFF56, 0xFF55, 0xFF56, 0xFF56, 0xFF97, 0xFF97,
    0xFF97, 0xFF97, 0xFF97, 0xFF97, 0xFF56, 0xFF15, 0xFF35, 0xFF35, 0xFF76, 0xFF76, 0xFF56, 0xFF76, 0xFF97, 0xFF97, 0xFF97, 0xFF35,
    0xF610, 0xF5EE, 0xF5EE, 0xF5CE, 0xF5EE, 0xFE0F, 0xFE0F, 0xF5EE, 0xFE0F, 0xFE2F, 0xFE50, 0xFE2F, 0xFE0F, 0xFE2F, 0xFE2F, 0xF5EE,
    0xF5AD, 0xF5CE, 0xF5EE, 0xF5AE, 0xF5EE, 0xFE50, 0xFE4F, 0xFE4F, 0xFE4F, 0xFE4F, 0xFE4F, 0xFE4F, 0xFE50, 0xFE91, 0xFE90, 0xFE70,
    0xFE2F, 0xFE50, 0xFE70, 0xFE50, 0xFE50, 0xFE50, 0xFE50, 0xFE50, 0xFE2F, 0xF60E, 0xFE2F, 0xF60E, 0xFDEE, 0xF5CE, 0xF5EE, 0xFE0F,
    0xFE0E, 0xFE70, 0xFE70, 0xFE2F, 0xF5EE, 0xFE4F, 0xFE90, 0xFE90, 0xFE90, 0xFE50, 0xFE50, 0xFF13, 0xFF97, 0xFFB8, 0xFFB8, 0xFFB8,
    0xFFB7, 0xFF97, 0xFF97, 0xFF97, 0xFF76, 0xFF97, 0xFFB8, 0xFF97, 0xFFB7, 0xFFB7, 0xFF97, 0xFFB7, 0xFFB7, 0xFF77, 0xFF76, 0xFF76,
    0xFF76, 0xFF77, 0xFF97, 0xFFB7, 0xFFB8, 0xFFB7, 0xFF76, 0xFF33, 0xFE90, 0xFE8F, 0xEDEF, 0xEDCE, 0xE58E, 0xE5AF, 0xC44A, 0x8263,
    0xFFB8, 0xFFFB, 0xFF14, 0xFE4D, 0xFE6E, 0xFECF, 0xF5EC, 0xE4C9, 0xE4C9, 0xE4A9, 0xDCCA, 0xD48A, 0xCC6A, 0xC44A, 0xC46A, 0xC46A,
    0xC46A, 0xCC8B, 0xD4EC, 0xD4EC, 0xCC28, 0xC407, 0xCC08, 0xCC28, 0xCC29, 0xCC8B, 0xDD6F, 0xABA9, 0x81E2, 0xB346, 0xB346, 0xB346,
    0xB346, 0xB346, 0xB346, 0xAB46, 0xB366, 0xA2E5, 0x71A3, 0x71E3, 0x71C2, 0x71E3, 0x7203, 0x7203, 0x7203, 0x7204, 0x7204, 0x7204,
    0x7204, 0x7204, 0x7204, 0x7204, 0x7204, 0x7204, 0x7A24, 0x6183, 0x5962, 0x6182, 0x6182, 0x6182, 0x69A3, 0x69A3, 0x6162, 0xABC9,
    0xCCAC, 0xC48C, 0xC4AC, 0xC4CC, 0xD50E, 0xD570, 0xD570, 0xD570, 0xD570, 0xDD4F, 0xDD2A, 0xDD29, 0xDD09, 0xDD08, 0xDD08, 0xDD2A,
    0xDD6E, 0xDD6F, 0xDD70, 0xDD6F, 0xDD6F, 0xDD70, 0xDD70, 0xDD70, 0xDD90, 0xDD90, 0xDD90, 0xDD90, 0xDD6F, 0xD4ED, 0xCC6A, 0xCC6B,
    0xCC8A, 0xD48B, 0xD48B, 0xD48B, 0xD48B, 0xCC4A, 0xCC4A, 0xCC4A, 0xCC4A, 0xCC4A, 0xCC4A, 0xCC4A, 0xCC4A, 0xCC4A, 0xCC4A, 0xCC4A,
    0xFF76, 0xFF97, 0xFFB7, 0xFF97, 0xFF77, 0xFF56, 0xFF56, 0xFF36, 0xFF35, 0xFF35, 0xFF35, 0xFF35, 0xFF55, 0xFF77, 0xFF97, 0xFF97,
    0xFF97, 0xFF97, 0xFF97, 0xFF97, 0xFF36, 0xF6D4, 0xF6F4, 0xF6F4, 0xFF56, 0xFF97, 0xFF97, 0xFF97, 0xFF97, 0xFF97, 0xFF97, 0xFF76,
    0xFEF2, 0xF62F, 0xF5EE, 0xF5CE, 0xF60E, 0xFE0F, 0xFE2F, 0xFE2F, 0xF5EF, 0xFE0F, 0xFE30, 0xFE4F, 0xFE2F, 0xF5EE, 0xE54C, 0xED6C,
    0xF5AD, 0xFE0E, 0xF5EE, 0xF60F, 0xF62F, 0xFE70, 0xFE70, 0xFE50, 0xFE4F, 0xFE4F, 0xFE4F, 0xFE70, 0xFE70, 0xFE91, 0xFEB1, 0xFE90,
    0xFE50, 0xFE70, 0xFE90, 0xFE50, 0xFE50, 0xFE50, 0xFE2F, 0xF5EE, 0xF5EE, 0xF5EE, 0xFE2F, 0xFE2F, 0xFE2F, 0xF5EE, 0xF5EE, 0xFE2F,
    0xFE2F, 0xFE70, 0xFE2F, 0xFE2F, 0xFE4F, 0xFE90, 0xFEB0, 0xFEB0, 0xFE90, 0xFE70, 0xFE70, 0xFF34, 0xFF97, 0xFFB7, 0xFFB8, 0xFFB8,
    0xFFB8, 0xFFB8, 0xFFB8, 0xFFB8, 0xFF76, 0xFF76, 0xFF76, 0xFF76, 0xFF56, 0xFF56, 0xFF56, 0xFFB7, 0xFF97, 0xFF35, 0xFF35, 0xFF35,
    0xFF35, 0xFF35, 0xFF76, 0xFFB8, 0xFFB7, 0xFFB7, 0xFFB8, 0xFF76, 0xFF13, 0xFF13, 0xFEB0, 0xFED0, 0xF62F, 0xE58F, 0xCC6B, 0x8A64,
    0xF757, 0xFFFA, 0xFEF3, 0xFE2C, 0xFE8E, 0xFE8E, 0xF5EC, 0xED4A, 0xED4A, 0xED4A, 0xED4A, 0xDCA9, 0xD48A, 0xC428, 0xCC28, 0xCC28,
    0xBBC7, 0xBBC7, 0xC3E7, 0xC408, 0xCC28, 0xCC28, 0xCC28, 0xCC28, 0xCC28, 0xCC8B, 0xE58F, 0xC46C, 0x79A1, 0xAB26, 0xB346, 0xB346,
    0xB346, 0xB346, 0xB346, 0xB345, 0xAB05, 0xB387, 0xBBE8, 0xBBC8, 0x5921, 0x4880, 0x48C0, 0x48C1, 0x48C0, 0x48C0, 0x48C0, 0x48C0,
    0x48C0, 0x48C0, 0x48C0, 0x48C0, 0x48C0, 0x48C0, 0x4080, 0x8285, 0xCCCC, 0xBC6A, 0xBC6B, 0xBC4A, 0xCCCC, 0xD52E, 0xD52E, 0xCD0D,
    0xCD0D, 0xCD0E, 0xCD0E, 0xD52E, 0xD52F, 0xD56F, 0xD56F, 0xD56F, 0xD570, 0xDD6F, 0xDD2A, 0xDD29, 0xDD09, 0xDD08, 0xDD08, 0xDD2A,
    0xDD6F, 0xDD70, 0xDD70, 0xDD6F, 0xDD6F, 0xDD70, 0xDD70, 0xDD70, 0xDD70, 0xDD70, 0xDD70, 0xDD70, 0xDD90, 0xDD6F, 0xDD6F, 0xD56F,
    0xDD6F, 0xD4CC, 0xCC8B, 0xCC8B, 0xCC8B, 0xCC8B, 0xCC6A, 0xCC4A, 0xCC6A, 0xCC4A, 0xCC4A, 0xCC4A, 0xCC4A, 0xCC4A, 0xCC4A, 0xCC4A,
    0xFF97, 0xFF97, 0xFFB8, 0xFF97, 0xFF97, 0xFF97, 0xFF97, 0xFF77, 0xFF55, 0xFF35, 0xFF35, 0xFF55, 0xFF76, 0xFF97, 0xFF77, 0xFF77,
    0xFF97, 0xFF97, 0xFF97, 0xFF97, 0xFF98, 0xFF98, 0xFFB8, 0xFF97, 0xFF97, 0xFF97, 0xFF97, 0xFF97, 0xFF97, 0xFF97, 0xFF97, 0xFF76,
    0xFEF3, 0xF64F, 0xF62F, 0xFE2F, 0xFE0F, 0xF5EE, 0xF5EE, 0xF5EE, 0xFE0F, 0xFE70, 0xFE70, 0xFE91, 0xFE70, 0xF5CE, 0xE54C, 0xED8D,
    0xF5CE, 0xFE2F, 0xFE0F, 0xFE50, 0xFE70, 0xFE4F, 0xFE4F, 0xFE70, 0xFE70, 0xFE2F, 0xFE4F, 0xFE4F, 0xFE4F, 0xFE70, 0xFE70, 0xFE70,
    0xFEB1, 0xFEB1, 0xFE90, 0xF5EE, 0xFE0F, 0xFE2F, 0xFDEE, 0xF5AD, 0xF60F, 0xFE4F, 0xFE70, 0xFE90, 0xFE2F, 0xF5EE, 0xF60F, 0xFE50,
    0xFE4F, 0xFE4F, 0xFE4F, 0xFE50, 0xFE70, 0xFE91, 0xFE6F, 0xFE70, 0xFEB0, 0xFE70, 0xFE6F, 0xFEB0, 0xFED0, 0xFF34, 0xFFB8, 0xFFB8,
    0xFFB8, 0xFFB8, 0xFFB8, 0xFFB8, 0xFF77, 0xFF76, 0xFF97, 0xFF97, 0xFF97, 0xFF97, 0xFF97, 0xFFB8, 0xFFB7, 0xFF96, 0xFF55, 0xFF55,
    0xFF35, 0xFF35, 0xFF76, 0xFF97, 0xFF76, 0xFF76, 0xFF97, 0xFF97, 0xFFB8, 0xFF96, 0xFED1, 0xFED0, 0xF66F, 0xEDEF, 0xCCAB, 0x8A64,
    0xF757, 0xFFFA, 0xFF55, 0xF6B1, 0xFEEF, 0xFE6E, 0xF58B, 0xED4A, 0xED4A, 0xED4A, 0xED4A, 0xED4A, 0xED4B, 0xD489, 0xD489, 0xD469,
    0xCBE7, 0xC3E7, 0xC3A6, 0xCC08, 0xCC28, 0xCC28, 0xCC08, 0xCC28, 0xCC28, 0xCC8A, 0xE56F, 0xBC4B, 0x79A1, 0xAB26, 0xB346, 0xB346,
    0xAB46, 0xB366, 0xB366, 0xBBC8, 0xBC09, 0xBBE8, 0xBBE9, 0xBC09, 0xABA8, 0xABA9, 0xABA9, 0xABC9, 0xABC9, 0xABC9, 0xABC9, 0xABC9,
    0xABE9, 0xABE9, 0xABE9, 0xABE9, 0xABE9, 0xABC9, 0xABA9, 0xB3E9, 0xBC4A, 0xBC2A, 0xBC2A, 0xB42A, 0xC48B, 0xD54F, 0xD56F, 0xD56F,
    0xD570, 0xD570, 0xD570, 0xDD70, 0xDD70, 0xD570, 0xD56F, 0xD56F, 0xD56F, 0xDD4D, 0xDD2A, 0xDD09, 0xDD09, 0xDD28, 0xDD09, 0xDD0A,
    0xDD6F, 0xDD70, 0xDD70, 0xDD70, 0xDD70, 0xDD70, 0xDD70, 0xDD70, 0xDD70, 0xDD70, 0xDD70, 0xDD70, 0xDD70, 0xDD70, 0xDD70, 0xDD70,
    0xDD70, 0xDD4F, 0xDD4E, 0xDD4F, 0xDD4E, 0xD4EC, 0xCC6A, 0xCC4A, 0xCC4A, 0xCC4A, 0xCC4A, 0xCC4A, 0xCC4A, 0xCC4A, 0xCC4A, 0xCC4A,
    0xFFB8, 0xFFB8, 0xFFB8, 0xFFB8, 0xFF98, 0xFF98, 0xFF98, 0xFF76, 0xFF55, 0xFF35, 0xFF35, 0xFF56, 0xFF97, 0xFF97, 0xFF77, 0xFF97,
    0xFF77, 0xFF56, 0xFF56, 0xFF56, 0xFF56, 0xFF97, 0xFF97, 0xFF98, 0xFF98, 0xFF98, 0xFF97, 0xFF97, 0xFF97, 0xFF97, 0xFF97, 0xFF76,
    0xFEF3, 0xFF13, 0xFEF2, 0xFE70, 0xFE2F, 0xFE2F, 0xF60F, 0xF5EE, 0xF62F, 0xFEB1, 0xFEB1, 0xFE50, 0xF60F, 0xF5AD, 0xF5CD, 0xFE2F,
    0xFE0F, 0xFE0E, 0xFE70, 0xFE50, 0xFE2F, 0xFE4F, 0xFE4F, 0xFE4F, 0xFE4F, 0xFE2F, 0xFE4F, 0xFE70, 0xFE91, 0xFE70, 0xFE50, 0xFE70,
    0xFE70, 0xFE70, 0xF62F, 0xF5EE, 0xFE0E, 0xFE0F, 0xFDEE, 0xFE2F, 0xFEB0, 0xFE70, 0xFE70, 0xFE70, 0xF5CE, 0xF5AE, 0xF5EE, 0xFE0F,
    0xFE2F, 0xFE4F, 0xFE90, 0xFE91, 0xFE91, 0xFE91, 0xFE4F, 0xFE4F, 0xFEB1, 0xFED1, 0xFE90, 0xFE70, 0xFE70, 0xFF13, 0xFF97, 0xFF77,
    0xFF97, 0xFF97, 0xFFB8, 0xFFB8, 0xFFB8, 0xFFB8, 0xFFB8, 0xFFB8, 0xFFB8, 0xFFB8, 0xFFB8, 0xFFB8, 0xFFB7, 0xFF76, 0xFF55, 0xFF35,
    0xFF35, 0xFF35, 0xFF97, 0xFFB8, 0xFF97, 0xFF77, 0xFFB7, 0xFFB8, 0xFF97, 0xFF97, 0xFF54, 0xFF54, 0xF690, 0xFE90, 0xD4EB, 0x8A43,
    0xF757, 0xFFD9, 0xFFB8, 0xFF96, 0xFEF0, 0xFE6E, 0xED0A, 0xED4B, 0xED6A, 0xED4A, 0xED4A, 0xED4A, 0xDCC9, 0xD468, 0xD468, 0xD468,
    0xD469, 0xD448, 0xCC07, 0xCBE7, 0xCC07, 0xCC28, 0xCC28, 0xCC28, 0xCC28, 0xCC49, 0xDD2D, 0xBC4B, 0x79A1, 0xAB26, 0xAB46, 0xAB26,
    0xB3A7, 0xBC2A, 0xBC09, 0xC44A, 0xC48B, 0xC48B, 0xC48B, 0xC48B, 0xCCAC, 0xCCCC, 0xCCCC, 0xCCEC, 0xCCEC, 0xCCEC, 0xCCEC, 0xCCED,
    0xCCEC, 0xCD0D, 0xCD0D, 0xCD0D, 0xCD0D, 0xCD0D, 0xD50D, 0xCCED, 0xCCCC, 0xCCED, 0xCCED, 0xCCED, 0xCD0E, 0xD54F, 0xD54F, 0xD54F,
    0xD56F, 0xD56F, 0xD56F, 0xD56F, 0xD570, 0xD570, 0xD56F, 0xDD70, 0xDD6D, 0xDD29, 0xDD29, 0xDD29, 0xDD09, 0xDD09, 0xDD2B, 0xDD4D,
    0xDD6F, 0xDD70, 0xDD70, 0xDD70, 0xDD70, 0xDD70, 0xDD70, 0xDD70, 0xDD70, 0xDD70, 0xDD70, 0xDD70, 0xDD70, 0xDD70, 0xDD70, 0xDD70,
    0xDD70, 0xDD90, 0xDD90, 0xDD90, 0xDD90, 0xDD4F, 0xCCAB, 0xCC8B, 0xCC8B, 0xCC4A, 0xCC2A, 0xCC2A, 0xCC4A, 0xCC4A, 0xCC4A, 0xCC4A,
    0xFFB8, 0xFFB8, 0xFFB8, 0xFFB8, 0xFF98, 0xFF98, 0xFF77, 0xFF56, 0xFF56, 0xFF55, 0xFF35, 0xFF56, 0xFF77, 0xFF77, 0xFF97, 0xFF77,
    0xFF36, 0xFF36, 0xFF77, 0xFFB8, 0xFF98, 0xFF98, 0xFF97, 0xFF98, 0xFF98, 0xFF98, 0xFF98, 0xFF98, 0xFF97, 0xFF97, 0xFF77, 0xFF76,
    0xFF13, 0xFF13, 0xFEB1, 0xFE91, 0xFE90, 0xFE2F, 0xFE2F, 0xFE70, 0xFEB1, 0xFEB1, 0xFE91, 0xFE2F, 0xF58D, 0xF5AD, 0xF5AE, 0xF5CE,
    0xF5CE, 0xF5CE, 0xFE70, 0xF60F, 0xF5EE, 0xFE2F, 0xFE2F, 0xFE2F, 0xFE4F, 0xFE50, 0xFE4F, 0xFE70, 0xFE90, 0xFE70, 0xFE50, 0xFE4F,
    0xFE50, 0xFE70, 0xFE4F, 0xFE4F, 0xFE4F, 0xFE2F, 0xFE2F, 0xFE70, 0xFE2F, 0xF5CE, 0xF5EE, 0xFE2F, 0xF5EE, 0xFDEE, 0xFE2F, 0xFE4F,
    0xFE2F, 0xFE70, 0xFE91, 0xFE91, 0xFE90, 0xFE90, 0xFE4F, 0xF5EE, 0xFE4F, 0xFEB1, 0xFEB1, 0xFE90, 0xFE70, 0xFF13, 0xFF97, 0xFF76,
    0xFF56, 0xFF77, 0xFFB8, 0xFFB8, 0xFFB8, 0xFFB8, 0xFFB8, 0xFFB8, 0xFFB8, 0xFFB8, 0xFFB8, 0xFFB8, 0xFFB8, 0xFF76, 0xFF76, 0xFF76,
    0xFF76, 0xFF76, 0xFFB7, 0xFFB8, 0xFFB8, 0xFFB8, 0xFFB8, 0xFFB8, 0xFF98, 0xFF98, 0xFF98, 0xFFB8, 0xFF55, 0xFF94, 0xD52C, 0x8A23,
    0xF757, 0xFFB8, 0xFF98, 0xFF75, 0xFEF0, 0xEDAC, 0xE4C9, 0xF56B, 0xED4A, 0xED4A, 0xED6B, 0xED4A, 0xDC88, 0xDC68, 0xD468, 0xD468,
    0xD468, 0xD469, 0xD449, 0xC3A6, 0xC3C7, 0xCC28, 0xCC28, 0xCC28, 0xCC28, 0xCC29, 0xDD0D, 0xBC4B, 0x79A1, 0xAB47, 0xB3C8, 0xB3E8,
    0xBC2A, 0xC48C, 0xC48C, 0xC48B, 0xC46B, 0xC48B, 0xC48B, 0xBC6B, 0xBC6B, 0xBC6B, 0xD52E, 0xD56F, 0xD56F, 0xD56F, 0xD56F, 0xD56F,
    0xD56F, 0xD56F, 0xD56F, 0xD56F, 0xD56F, 0xD56F, 0xD56F, 0xDD6F, 0xDD90, 0xDD90, 0xDD90, 0xDD90, 0xDD70, 0xD56F, 0xD56F, 0xD56F,
    0xD56F, 0xD56F, 0xD56F, 0xD570, 0xD570, 0xD570, 0xD570, 0xDD70, 0xDD6D, 0xDD28, 0xDD29, 0xDD29, 0xDD29, 0xDD09, 0xDD4D, 0xDD90,
    0xDD70, 0xDD70, 0xDD70, 0xDD70, 0xDD70, 0xDD70, 0xDD70, 0xDD70, 0xDD90, 0xDD90, 0xDD90, 0xDD70, 0xDD90, 0xDD70, 0xDD70, 0xDD90,
    0xDD90, 0xDD70, 0xDD70, 0xDD90, 0xDD90, 0xDD90, 0xDD90, 0xDD90, 0xDD8F, 0xD4CC, 0xCC8B, 0xCC8B, 0xCC4A, 0xCC4A, 0xCC4A, 0xC42A,
    0xFFB8, 0xFFB8, 0xFFB8, 0xFFB8, 0xFF98, 0xFF97, 0xFF77, 0xFF56, 0xFF56, 0xFF56, 0xFF35, 0xFF76, 0xFF97, 0xFF77, 0xFF97, 0xFF77,
    0xFF56, 0xFF56, 0xFF77, 0xFF98, 0xFF98, 0xFF98, 0xFF97, 0xFF97, 0xFF97, 0xFF97, 0xFF97, 0xFF97, 0xFF98, 0xFF97, 0xFF56, 0xFF35,
    0xFF34, 0xFF34, 0xF62F, 0xFE4F, 0xFE70, 0xF60E, 0xFE0E, 0xFE4F, 0xFE70, 0xFE70, 0xFE50, 0xF5EF, 0xF5AE, 0xF5AE, 0xF5AD, 0xF5AD,
    0xF5AD, 0xF5AE, 0xF5EE, 0xF5EE, 0xFE4F, 0xFE4F, 0xFE50, 0xFE50, 0xFE50, 0xFE50, 0xFE70, 0xFE70, 0xFE70, 0xFE50, 0xFE2F, 0xFE50,
    0xFE50, 0xFE50, 0xFE4F, 0xFE4F, 0xFE4F, 0xFE4F, 0xFE70, 0xFE0F, 0xF5EE, 0xF5CE, 0xFE2F, 0xFE70, 0xFE70, 0xFE4F, 0xFE90, 0xFE70,
    0xFE2F, 0xFEB1, 0xFED1, 0xFEB1, 0xFE90, 0xFE4F, 0xFE2F, 0xFE0F, 0xFE50, 0xFE70, 0xFE70, 0xFE70, 0xFE70, 0xFEF2, 0xFFB7, 0xFF97,
    0xFF76, 0xFFB8, 0xFFB8, 0xFFB8, 0xFFB8, 0xFFB8, 0xFFB8, 0xFFB8, 0xFFB8, 0xFFB8, 0xFFB8, 0xFFB7, 0xFF76, 0xFF35, 0xFF76, 0xFFB7,
    0xFF97, 0xFFB8, 0xFFB8, 0xFFB8, 0xFFB8, 0xFFB8, 0xFF97, 0xFF56, 0xFF97, 0xFF97, 0xFF97, 0xFFB8, 0xFF56, 0xFF53, 0xD52C, 0x8A24,
    0xF777, 0xFFB8, 0xFF98, 0xFF55, 0xFE6F, 0xE4E9, 0xED2A, 0xED6B, 0xED2A, 0xED4A, 0xF56B, 0xDC88, 0xC3C6, 0xD427, 0xD428, 0xD428,
    0xD448, 0xD448, 0xD448, 0xC3A6, 0xC3C7, 0xCC48, 0xCC28, 0xCC29, 0xCC28, 0xCC29, 0xDD2D, 0xBC4B, 0x71A1, 0xB3A8, 0xC46B, 0xC48B,
    0xC48B, 0xC48B, 0xC48B, 0xC48B, 0xC48B, 0xC48B, 0xBC6B, 0xCCED, 0xCD0E, 0xCD0E, 0xD56F, 0xD56F, 0xD56F, 0xD56F, 0xD56F, 0xD56F,
    0xD56F, 0xD56F, 0xD56F, 0xD56F, 0xD56F, 0xD56F, 0xD56F, 0xD56F, 0xD56F, 0xD56F, 0xDD6F, 0xD570, 0xD56F, 0xD56F, 0xD56F, 0xD56F,
    0xD56F, 0xD56F, 0xD570, 0xD570, 0xD570, 0xD570, 0xDD6E, 0xDD4B, 0xDD4B, 0xDD29, 0xDD29, 0xDD29, 0xDD29, 0xDD29, 0xDD4D, 0xDD70,
    0xDD70, 0xDD70, 0xDD70, 0xDD70, 0xDD70, 0xDD70, 0xDD70, 0xDD70, 0xDD90, 0xDD90, 0xDD90, 0xDD90, 0xDD70, 0xDD70, 0xDD70, 0xDD90,
    0xDD90, 0xDD90, 0xDD90, 0xDD90, 0xDD90, 0xDD90, 0xDD90, 0xDD90, 0xDDB0, 0xDD90, 0xDDB0, 0xDD4F, 0xC44A, 0xC44A, 0xC44A, 0xC409,
    0xFFB8, 0xFFB8, 0xFFB8, 0xFF98, 0xFF98, 0xFF97, 0xFF97, 0xFF56, 0xFF56, 0xFF55, 0xFF55, 0xFF76, 0xFF97, 0xFF97, 0xFF97, 0xFF97,
    0xFF97, 0xFF97, 0xFF97, 0xFF97, 0xFF97, 0xFF97, 0xFF97, 0xFF97, 0xFF76, 0xFF76, 0xFF76, 0xFF97, 0xFF97, 0xFF98, 0xFF77, 0xFF76,
    0xFF97, 0xFF34, 0xFE50, 0xFE4F, 0xF5CE, 0xF5AD, 0xF5EE, 0xF60F, 0xFE2F, 0xFE70, 0xFE2F, 0xF5CE, 0xF5AE, 0xF5AD, 0xF5AD, 0xF5AD,
    0xF5AE, 0xF5CE, 0xF5CE, 0xF5EE, 0xFEB1, 0xFEB1, 0xFEB1, 0xFEB1, 0xFE70, 0xFE50, 0xFE70, 0xFE70, 0xFE70, 0xFE4F, 0xFE90, 0xFF12,
    0xFEB1, 0xFE4F, 0xFE50, 0xFE4F, 0xFE4F, 0xFE4F, 0xFE2F, 0xF5AD, 0xF5CD, 0xF5CE, 0xFE4F, 0xFE70, 0xFE70, 0xFE90, 0xFED1, 0xFEB1,
    0xFEB1, 0xFEB1, 0xFE90, 0xFE70, 0xFE2F, 0xFE2F, 0xFE2F, 0xFE4F, 0xFE2F, 0xFE2F, 0xFE2F, 0xFE4F, 0xFE70, 0xFEB1, 0xFF76, 0xFF97,
    0xFF97, 0xFFB7, 0xFFB8, 0xFFB8, 0xFFB8, 0xFFB8, 0xFFB8, 0xFFB8, 0xFFB8, 0xFF76, 0xFF55, 0xFF55, 0xFF56, 0xFF55, 0xFF76, 0xFF97,
    0xFF97, 0xFFB8, 0xFFB8, 0xFFB8, 0xFFB8, 0xFFB8, 0xFF98, 0xFF77, 0xFF98, 0xFF98, 0xFF98, 0xFF76, 0xFEF3, 0xFF33, 0xCCEB, 0x81E2,
    0xEED5, 0xFFF9, 0xFF98, 0xFF55, 0xED8C, 0xE58C, 0xF66F, 0xFE90, 0xF60E, 0xED4B, 0xF58B, 0xDC89, 0xC386, 0xDCA9, 0xDCC9, 0xE4CA,
    0xD468, 0xD428, 0xD448, 0xC3A6, 0xC3C7, 0xD489, 0xD469, 0xD46A, 0xDCEC, 0xD4EC, 0xDD4E, 0xC46B, 0x79A1, 0xB3A8, 0xBC4B, 0xC48B,
    0xC48B, 0xC48B, 0xC48C, 0xC48B, 0xC4AC, 0xC4AC, 0xC4AC, 0xD54E, 0xDD90, 0xDD8F, 0xD56F, 0xD56F, 0xD56F, 0xD56F, 0xD56F, 0xD56F,
    0xD56F, 0xD56F, 0xD56F, 0xD56F, 0xD56F, 0xD56F, 0xD56F, 0xD56F, 0xDD6F, 0xDD6F, 0xD56F, 0xDD70, 0xDD70, 0xD56F, 0xD570, 0xDD70,
    0xDD70, 0xD570, 0xD570, 0xD570, 0xD570, 0xD570, 0xDD6E, 0xDD49, 0xDD29, 0xDD29, 0xDD29, 0xDD29, 0xDD29, 0xDD28, 0xDD4D, 0xDD70,
    0xDD70, 0xDD70, 0xDD70, 0xDD70, 0xDD70, 0xDD70, 0xDD70, 0xDD70, 0xDD90, 0xDD90, 0xDD90, 0xDD70, 0xDD90, 0xDD90, 0xDD90, 0xDD90,
    0xDD90, 0xDD90, 0xDD90, 0xDD90, 0xDD90, 0xDD90, 0xDD90, 0xDD90, 0xDD90, 0xDD91, 0xDDB1, 0xDD90, 0xD54F, 0xD52E, 0xD50E, 0xC46B,
    0xFF99, 0xFF98, 0xFFB8, 0xFF97, 0xFF56, 0xFF56, 0xFF56, 0xFF36, 0xFF56, 0xFF56, 0xFF56, 0xFF77, 0xFF97, 0xFF97, 0xFF97, 0xFF97,
    0xFF97, 0xFF97, 0xFF97, 0xFF97, 0xFF97, 0xFF77, 0xFF56, 0xFF77, 0xFF77, 0xFF77, 0xFF77, 0xFF97, 0xFF97, 0xFF97, 0xFF97, 0xFF97,
    0xFF97, 0xFF55, 0xFED2, 0xFE2F, 0xF5AD, 0xF5AD, 0xFDEE, 0xF60F, 0xFE2F, 0xFE91, 0xFE50, 0xF5CE, 0xF5AE, 0xF5AD, 0xF5AD, 0xF58D,
    0xED8D, 0xF5AE, 0xF5EF, 0xFE70, 0xFEB1, 0xFEB1, 0xFE70, 0xFE50, 0xFE50, 0xFE30, 0xFE50, 0xFE50, 0xFE90, 0xFE90, 0xFE90, 0xFEB1,
    0xFE70, 0xFE70, 0xFE4F, 0xFE4F, 0xFE4F, 0xFE50, 0xF60F, 0xF60E, 0xFE70, 0xFE70, 0xFE70, 0xFE70, 0xFE70, 0xFE90, 0xFE91, 0xFE91,
    0xFEB1, 0xFEB1, 0xFE70, 0xFE2F, 0xFE4F, 0xFE2F, 0xFE4F, 0xFE2F, 0xFE2F, 0xFE4F, 0xFE4F, 0xFE50, 0xFE70, 0xFE90, 0xFEB2, 0xFF75,
    0xFF96, 0xFF96, 0xFFB8, 0xFFB8, 0xFFB8, 0xFFB8, 0xFFB8, 0xFFB8, 0xFFB8, 0xFF97, 0xFF76, 0xFF97, 0xFF97, 0xFF77, 0xFF97, 0xFF97,
    0xFF97, 0xFFB8, 0xFFB8, 0xFFB8, 0xFFB8, 0xFFB8, 0xFFD8, 0xFFD9, 0xFF76, 0xFF14, 0xFF35, 0xFED2, 0xFE90, 0xFF12, 0xDDAD, 0xA2E5,
    0xC4CC, 0xF777, 0xFFB8, 0xFF56, 0xEDAD, 0xF6B0, 0xFF73, 0xFF53, 0xFF33, 0xF690, 0xFE6F, 0xDD0B, 0xC386, 0xEDAD, 0xEDAD, 0xEDCE,
    0xDCCA, 0xD448, 0xD448, 0xC386, 0xC3C7, 0xD4AB, 0xD4AB, 0xD4CB, 0xDD2D, 0xDD2D, 0xDD2E, 0xB3A9, 0x79A1, 0xB3A8, 0xC46B, 0xC48C,
    0xC48B, 0xC48C, 0xC48C, 0xC48C, 0xCD0D, 0xDD6F, 0xD56F, 0xD56F, 0xD56F, 0xD56F, 0xDD6F, 0xD56F, 0xD56F, 0xD56F, 0xD56F, 0xD56F,
    0xD56F, 0xD56F, 0xD56F, 0xD56F, 0xD56F, 0xD56F, 0xD56F, 0xD56F, 0xD56F, 0xDD70, 0xDD6F, 0xDD6F, 0xDD6F, 0xDD6F, 0xDD6F, 0xDD6F,
    0xDD70, 0xDD70, 0xDD90, 0xDD70, 0xDD90, 0xDD90, 0xDD6E, 0xDD49, 0xDD29, 0xDD29, 0xDD29, 0xDD29, 0xDD4A, 0xDD4A, 0xDD4E, 0xDD70,
    0xDD70, 0xDD70, 0xDD70, 0xDD70, 0xDD70, 0xDD90, 0xDD70, 0xDD70, 0xDD70, 0xDD70, 0xDD70, 0xDD70, 0xDD70, 0xDD90, 0xDD90, 0xDD90,
    0xDD90, 0xDD90, 0xDD90, 0xDD90, 0xDD90, 0xDD90, 0xDD90, 0xDD90, 0xDD90, 0xDDB1, 0xDDB1, 0xDD91, 0xDDB1, 0xDDB1, 0xDDB1, 0xC46C,
    0xFF98, 0xFF98, 0xFFB8, 0xFF98, 0xFF77, 0xFF77, 0xFF77, 0xFF77, 0xFF97, 0xFF97, 0xFF97, 0xFF97, 0xFF97, 0xFF97, 0xFF97, 0xFF97,
    0xFF98, 0xFF98, 0xFF98, 0xFF98, 0xFF98, 0xFF56, 0xF715, 0xFF76, 0xFF77, 0xFF77, 0xFF77, 0xFF97, 0xFF97, 0xFF97, 0xFF97, 0xFF97,
    0xFF97, 0xFF56, 0xFED2, 0xF62F, 0xF58D, 0xF5AD, 0xF5AD, 0xF5CE, 0xF60F, 0xFE70, 0xF60F, 0xF5AE, 0xF5AE, 0xF5AD, 0xF58D, 0xF5CE,
    0xF5EF, 0xED8D, 0xEDAE, 0xFE90, 0xFEB1, 0xFEB1, 0xFE50, 0xFE50, 0xFE70, 0xFE91, 0xFE70, 0xFE50, 0xFE70, 0xFE90, 0xFE91, 0xFEB1,
    0xFEB1, 0xFEB1, 0xFE50, 0xFE4F, 0xFE4F, 0xFE4F, 0xFE70, 0xFE70, 0xFE70, 0xFE70, 0xFE90, 0xFE70, 0xFE70, 0xFE50, 0xFE50, 0xFE50,
    0xFE50, 0xFE50, 0xFE50, 0xFE50, 0xFE4F, 0xFE4F, 0xFE4F, 0xFE70, 0xFE70, 0xFE50, 0xFE2F, 0xFE50, 0xFE70, 0xFE91, 0xFED1, 0xFF96,
    0xFF97, 0xFF96, 0xFFB8, 0xFFB8, 0xFFB8, 0xFFB8, 0xFFB8, 0xFFB8, 0xFFB8, 0xFFB8, 0xFFB9, 0xFF98, 0xFF76, 0xFF77, 0xFF97, 0xFF77,
    0xFF77, 0xFF98, 0xFFB8, 0xFFB9, 0xFFB8, 0xFF97, 0xFF96, 0xFF96, 0xFF13, 0xFED1, 0xFE90, 0xFE70, 0xFE90, 0xFE70, 0xFF11, 0xD50C,
    0x8180, 0xDE33, 0xFFFA, 0xF715, 0xF610, 0xF6D2, 0xFF55, 0xFF35, 0xFF35, 0xFF35, 0xFF56, 0xDD6D, 0xC386, 0xF652, 0xF632, 0xEE32,
    0xEDCF, 0xE52C, 0xDCCA, 0xC386, 0xBBA7, 0xE5AF, 0xE5D0, 0xE5D0, 0xDD8F, 0xDD6E, 0xCCAC, 0x79A2, 0x8A23, 0xB3C9, 0xC46B, 0xC48C,
    0xC48B, 0xC48C, 0xC48C, 0xC4AC, 0xD54F, 0xDD6F, 0xD56F, 0xD56F, 0xDD6F, 0xDD6F, 0xDD6F, 0xD56F, 0xD56F, 0xD56F, 0xD56F, 0xD56F,
    0xDD6F, 0xD56F, 0xD56F, 0xD56F, 0xDD6F, 0xD56F, 0xD56F, 0xD56F, 0xDD70, 0xDD70, 0xDD6F, 0xDD6F, 0xDD6F, 0xDD6F, 0xDD6F, 0xDD6F,
    0xDD70, 0xDD90, 0xDD90, 0xDD70, 0xDD70, 0xDD6E, 0xDD4C, 0xE54A, 0xE549, 0xDD49, 0xE529, 0xE529, 0xDD4C, 0xDD6F, 0xDD70, 0xDD70,
    0xDD70, 0xDD70, 0xDD70, 0xDD70, 0xDD70, 0xDD70, 0xDD70, 0xDD70, 0xDD70, 0xDD70, 0xDD70, 0xDD70, 0xDD70, 0xDD90, 0xDD90, 0xDD90,
    0xDD90, 0xDD90, 0xDD90, 0xDD90, 0xDD90, 0xDD90, 0xDD90, 0xDD91, 0xDD90, 0xDD90, 0xDD91, 0xDD91, 0xDDB1, 0xDD91, 0xDDB1, 0xC4AD,
    0xFF97, 0xFFB9, 0xFFB9, 0xFFB8, 0xFFB8, 0xFFB8, 0xFF98, 0xFF98, 0xFF97, 0xFF77, 0xFF77, 0xFF97, 0xFF97, 0xFF97, 0xFF97, 0xFF97,
    0xFF98, 0xFF98, 0xFF98, 0xFF98, 0xFFB8, 0xFF98, 0xFF77, 0xFF77, 0xFF97, 0xFF97, 0xFF77, 0xFF77, 0xFF97, 0xFF77, 0xFF97, 0xFF57,
    0xFF77, 0xFF35, 0xFE70, 0xF60E, 0xF58D, 0xF5AD, 0xF5AD, 0xF5AD, 0xF5CE, 0xF5CE, 0xF5CE, 0xF5CE, 0xF58D, 0xDCCA, 0xE52C, 0xFE2F,
    0xFE91, 0xFE2F, 0xFE50, 0xFE70, 0xFEB1, 0xFE90, 0xFE30, 0xFE2F, 0xFE70, 0xFE90, 0xFE70, 0xFE4F, 0xFE70, 0xFE91, 0xFEB1, 0xFED2,
    0xFED1, 0xFED1, 0xFE70, 0xFE50, 0xFE4F, 0xFE4F, 0xFE70, 0xFE4F, 0xF5EE, 0xF60E, 0xFE70, 0xFE90, 0xFE50, 0xF62F, 0xFE2F, 0xFE4F,
    0xFE50, 0xFE50, 0xFE2F, 0xFE2F, 0xFE4F, 0xFE4F, 0xFE90, 0xFED1, 0xFED1, 0xFE90, 0xFE70, 0xFE70, 0xFE70, 0xFE50, 0xFE91, 0xFF96,
    0xFFD9, 0xFFB7, 0xFFB8, 0xFFB8, 0xFFB8, 0xFFB8, 0xFFB8, 0xFFB8, 0xFFB8, 0xFFB8, 0xFFB8, 0xFFB8, 0xFFB8, 0xFF97, 0xFFB8, 0xFF97,
    0xFFB8, 0xFFB8, 0xFFB8, 0xFF97, 0xFF97, 0xFF33, 0xFED2, 0xFED2, 0xFEF2, 0xFF12, 0xFE90, 0xFE70, 0xFE70, 0xFE70, 0xFE90, 0xE5EE,
    0xAB87, 0xB42B, 0xF798, 0xFF97, 0xEE32, 0xFF15, 0xFF56, 0xFF36, 0xFF36, 0xFF16, 0xFF97, 0xDD4D, 0xC365, 0xF652, 0xEE33, 0xEE33,
    0xEE12, 0xEDF1, 0xE58F, 0xCC4A, 0xC429, 0xE58F, 0xE5D1, 0xE5D1, 0xE590, 0xDD4E, 0xCCAC, 0x7181, 0xB388, 0xC48B, 0xC46B, 0xC48B,
    0xC48B, 0xD52E, 0xDD6F, 0xD54F, 0xDD6F, 0xDD6F, 0xD56F, 0xD56F, 0xDD6F, 0xDD6F, 0xDD6F, 0xD56F, 0xD56F, 0xD56F, 0xD56F, 0xD56F,
    0xDD6F, 0xDD6F, 0xDD6F, 0xD56F, 0xDD6F, 0xDD6F, 0xDD6F, 0xDD6F, 0xDD6F, 0xDD70, 0xDD6F, 0xDD6F, 0xDD70, 0xDD6F, 0xDD70, 0xDD70,
    0xDD70, 0xDD70, 0xDD70, 0xDD70, 0xDD70, 0xDD4C, 0xE549, 0xE54A, 0xDD49, 0xDD49, 0xE549, 0xDD2A, 0xDD4B, 0xDD6F, 0xDD6F, 0xDD70,
    0xDD70, 0xDD70, 0xDD70, 0xDD70, 0xDD70, 0xDD70, 0xDD70, 0xDD70, 0xDD70, 0xDD70, 0xDD70, 0xDD70, 0xDD70, 0xDD90, 0xDD90, 0xDD90,
    0xDD90, 0xDD90, 0xDD90, 0xDD90, 0xDD90, 0xDD90, 0xDD90, 0xDD91, 0xDD90, 0xDD90, 0xDD91, 0xDD91, 0xDD91, 0xDDB1, 0xD52F, 0xBC2B,
    0xFF54, 0xFF74, 0xFF75, 0xFF75, 0xFF76, 0xFF97, 0xFF98, 0xFF97, 0xFF77, 0xFF97, 0xFF97, 0xFF97, 0xFF97, 0xFF77, 0xFF77, 0xFF77,
    0xFFB8, 0xFF98, 0xFFB8, 0xFF98, 0xFF77, 0xFF77, 0xFF97, 0xFF97, 0xFF97, 0xFF97, 0xFF97, 0xFF97, 0xFF97, 0xFF77, 0xFF77, 0xFF77,
    0xFF97, 0xFF35, 0xFE71, 0xFE50, 0xFE50, 0xF5EE, 0xF5AD, 0xF5CE, 0xED8D, 0xED4C, 0xED6D, 0xF5AD, 0xF5AD, 0xE52C, 0xED8D, 0xF5EE,
    0xF60F, 0xFE2F, 0xFEB1, 0xFE91, 0xFE91, 0xFEB1, 0xFE50, 0xFE2F, 0xFE2F, 0xFE4F, 0xFE90, 0xFEB1, 0xFEB1, 0xFEB1, 0xFE91, 0xFE91,
    0xFE91, 0xFE91, 0xFE50, 0xFE4F, 0xEDCD, 0xF5AD, 0xF5CE, 0xF5CD, 0xF5CE, 0xFE2F, 0xFE90, 0xFE90, 0xFE4F, 0xF60F, 0xF60F, 0xF60F,
    0xF62F, 0xFE30, 0xF5EE, 0xF60E, 0xFE50, 0xFE70, 0xFE90, 0xFEB1, 0xFEB1, 0xFED1, 0xFE90, 0xF5EE, 0xFE0E, 0xFE2F, 0xFE70, 0xF6F3,
    0xFFB8, 0xFFB8, 0xFFB8, 0xFFB8, 0xFFB8, 0xFFB8, 0xFFB8, 0xFFB8, 0xFFB8, 0xFFB8, 0xFFB8, 0xFF98, 0xFF56, 0xFF76, 0xFF98, 0xFF97,
    0xFF34, 0xFF54, 0xFF96, 0xFF34, 0xFEF2, 0xFE91, 0xFED1, 0xFF13, 0xFF12, 0xFED1, 0xFE70, 0xFE70, 0xFE70, 0xFE70, 0xFE70, 0xFEF1,
    0xE5CE, 0x9284, 0xC4ED, 0xE632, 0xE5B0, 0xF6F5, 0xFF56, 0xFF36, 0xFF36, 0xFF16, 0xFF77, 0xE5B0, 0xCC29, 0xF633, 0xEE33, 0xEE33,
    0xEE13, 0xEE13, 0xE5B0, 0xD50D, 0xCCAC, 0xDD90, 0xE5D1, 0xE5D1, 0xEE11, 0xB3EA, 0x79C3, 0xA306, 0xBC0A, 0xCC8B, 0xC46B, 0xC48C,
    0xCCCC, 0xDD6F, 0xDD8F, 0xDD6F, 0xDD6F, 0xDD6F, 0xDD6F, 0xDD6F, 0xDD6F, 0xDD6F, 0xDD6F, 0xDD6F, 0xDD6F, 0xDD6F, 0xDD70, 0xDD70,
    0xDD6F, 0xDD6F, 0xDD6F, 0xD56F, 0xDD6F, 0xDD6F, 0xDD6F, 0xDD6F, 0xDD6F, 0xDD6F, 0xDD6F, 0xDD70, 0xDD70, 0xDD70, 0xDD70, 0xDD70,
    0xDD90, 0xDD70, 0xDD70, 0xD590, 0xDD90, 0xDD4C, 0xDD49, 0xDD49, 0xDD49, 0xDD49, 0xDD49, 0xDD4B, 0xDD4D, 0xDD6F, 0xDD6F, 0xDD70,
    0xDD70, 0xDD70, 0xDD70, 0xDD70, 0xDD90, 0xDD90, 0xDD90, 0xDD70, 0xDD70, 0xDD70, 0xDD70, 0xDD70, 0xDD70, 0xDD70, 0xDD70, 0xDD70,
    0xDD70, 0xDD90, 0xDD90, 0xDD90, 0xDD90, 0xDD90, 0xDD90, 0xDD90, 0xDD90, 0xDD91, 0xDD91, 0xDDB1, 0xDD91, 0xE5D1, 0xBC8C, 0x92E6,
    0xFF51, 0xFF31, 0xFF52, 0xFF52, 0xFF74, 0xFF76, 0xFF77, 0xFF78, 0xFF77, 0xFF97, 0xFF97, 0xFF77, 0xFF77, 0xFF97, 0xFF77, 0xFF77,
    0xFF97, 0xFF97, 0xFF97, 0xFF97, 0xFF56, 0xFF77, 0xFF97, 0xFF97, 0xFF97, 0xFF97, 0xFF97, 0xFF97, 0xFF97, 0xFF77, 0xFF77, 0xFF77,
    0xFF97, 0xFF56, 0xFED2, 0xFEB1, 0xFED2, 0xF60E, 0xF5CD, 0xFDEE, 0xF5AD, 0xED6C, 0xF58D, 0xF5CE, 0xF5CE, 0xF5EE, 0xF5AD, 0xF5CE,
    0xFE0F, 0xFE2F, 0xFE50, 0xFE70, 0xFEB1, 0xFEB1, 0xFE90, 0xFE50, 0xFE4F, 0xFE4F, 0xFEB1, 0xFEB1, 0xFEB1, 0xFE70, 0xFE90, 0xFE90,
    0xFE91, 0xFE90, 0xFE50, 0xFE2F, 0xF5EF, 0xF5CE, 0xF5AD, 0xF5AD, 0xF5EE, 0xFE70, 0xFE4F, 0xFE4F, 0xFE2F, 0xF62F, 0xFE2F, 0xF5EF,
    0xF60F, 0xF60F, 0xF60F, 0xF62F, 0xFE70, 0xFE70, 0xFE50, 0xF5EE, 0xF5EE, 0xF5EE, 0xF5CE, 0xF5AD, 0xFE0E, 0xFE70, 0xFE70, 0xFED2,
    0xFFB8, 0xFFB8, 0xFFB8, 0xFFB8, 0xFFB8, 0xFFB8, 0xFFB8, 0xFFB8, 0xFFB8, 0xFF98, 0xFFB8, 0xFF97, 0xFF76, 0xFF76, 0xFF77, 0xFF76,
    0xFEF3, 0xFED2, 0xFED2, 0xFEB1, 0xFE91, 0xFE90, 0xFEB1, 0xFEF2, 0xFEF1, 0xFEB1, 0xFE70, 0xFE70, 0xFE70, 0xFE70, 0xFE70, 0xFE70,
    0xFE90, 0xF6B1, 0xA222, 0xAAC4, 0xFE94, 0xF6F5, 0xFF36, 0xFF36, 0xFF36, 0xFF36, 0xFF57, 0xF6D4, 0xDD90, 0xEE33, 0xEE33, 0xEE33,
    0xEE12, 0xEE13, 0xE5B0, 0xD4ED, 0xCCAC, 0xE5B0, 0xE5F2, 0xE5D1, 0xE5D1, 0xAB69, 0x58E0, 0xBBE9, 0xC44A, 0xC46B, 0xC46B, 0xCCAC,
    0xDD8F, 0xDD6F, 0xDD6F, 0xDD6F, 0xDD6F, 0xDD6F, 0xDD6F, 0xDD6F, 0xDD90, 0xDD90, 0xDD6F, 0xDD6F, 0xDD6F, 0xDD6F, 0xDD6F, 0xDD6F,
    0xDD6F, 0xDD6F, 0xDD6F, 0xDD70, 0xDD70, 0xDD6F, 0xDD6F, 0xDD6F, 0xDD6F, 0xDD6F, 0xDD70, 0xDD70, 0xDD70, 0xDD70, 0xDD70, 0xDD70,
    0xDD70, 0xDD70, 0xDD6F, 0xDD6D, 0xDD6D, 0xDD4B, 0xDD49, 0xDD49, 0xDD49, 0xDD49, 0xDD49, 0xDD4C, 0xDD6F, 0xDD6F, 0xDD70, 0xDD70,
    0xDD70, 0xDD70, 0xDD70, 0xDD70, 0xDD70, 0xDD90, 0xDD90, 0xDD90, 0xDD90, 0xDD70, 0xDD70, 0xDD90, 0xDD90, 0xDD70, 0xDD70, 0xDD70,
    0xDD90, 0xDD90, 0xDD90, 0xDD90, 0xDD90, 0xDD90, 0xDD90, 0xDD90, 0xDD91, 0xDD91, 0xDD91, 0xDD91, 0xDD91, 0xE5D1, 0xC4AD, 0x9306,
    0xFEEF, 0xFF10, 0xFF52, 0xFF31, 0xFF31, 0xFF33, 0xFF77, 0xFF78, 0xFF77, 0xFF97, 0xFF97, 0xFF77, 0xFF77, 0xFF97, 0xFFB8, 0xFFB8,
    0xFF77, 0xFF77, 0xFF77, 0xFF97, 0xFF97, 0xFF76, 0xFF56, 0xFF36, 0xFF77, 0xFF97, 0xFF97, 0xFF97, 0xFF97, 0xFF77, 0xFF77, 0xFF77,
    0xFF77, 0xFF97, 0xFF14, 0xFEB1, 0xFE71, 0xFE0F, 0xFE0E, 0xFE0E, 0xF5AD, 0xF5CE, 0xFE0F, 0xFDEF, 0xFDEE, 0xF5EE, 0xF5CE, 0xF5CE,
    0xFE0F, 0xFE0F, 0xFE30, 0xFE90, 0xFEB1, 0xFEB1, 0xFEB1, 0xFED1, 0xFE70, 0xFE2F, 0xFE50, 0xFE50, 0xFE2F, 0xF60F, 0xF60F, 0xF62F,
    0xFE91, 0xFE91, 0xFE30, 0xFE30, 0xFE30, 0xFDEE, 0xF5AD, 0xF5AD, 0xF5CE, 0xF5EE, 0xED8D, 0xED6C, 0xF60F, 0xFE70, 0xFE2F, 0xF62F,
    0xFE2F, 0xFE2F, 0xFE4F, 0xFEB0, 0xFEB1, 0xFE90, 0xFE2F, 0xED8D, 0xF5AD, 0xFE0E, 0xFE0E, 0xFE2F, 0xFE70, 0xFE90, 0xFE70, 0xFED3,
    0xFFB8, 0xFFB8, 0xFFB8, 0xFFB8, 0xFFB8, 0xFFB8, 0xFFB8, 0xFFB8, 0xFFB8, 0xFFB9, 0xFF98, 0xFF77, 0xFF97, 0xFED2, 0xFEB1, 0xFED2,
    0xFF13, 0xFED1, 0xFE91, 0xFED2, 0xFED1, 0xFE90, 0xFE70, 0xFE70, 0xFE70, 0xFEB1, 0xFE91, 0xFE90, 0xFE70, 0xFE70, 0xFE70, 0xFE70,
    0xFE70, 0xFE70, 0xE54C, 0xAB06, 0x9AE7, 0xF6B4, 0xFF77, 0xFF16, 0xFF36, 0xFF36, 0xFF56, 0xF6D4, 0xDD90, 0xEE33, 0xEE33, 0xEE13,
    0xEE12, 0xEE13, 0xE5B0, 0xD50D, 0xC48B, 0xDD8F, 0xE5B1, 0xE5B0, 0x8A85, 0x81E3, 0xA2E6, 0xB3C8, 0xCC4A, 0xCC6A, 0xCCEC, 0xD52E,
    0xDD6F, 0xDD6F, 0xDD6F, 0xDD6F, 0xDD6F, 0xDD6F, 0xDD6F, 0xDD6F, 0xDD90, 0xDD90, 0xDD90, 0xDD6F, 0xDD90, 0xDD6F, 0xDD6F, 0xDD6F,
    0xDD6F, 0xDD6F, 0xDD6F, 0xDD70, 0xDD70, 0xDD70, 0xDD6F, 0xDD6F, 0xDD70, 0xDD70, 0xDD6F, 0xDD70, 0xDD90, 0xDD90, 0xDD90, 0xDD90,
    0xDD90, 0xDD90, 0xDD6F, 0xDD4A, 0xE549, 0xDD49, 0xDD49, 0xDD49, 0xDD49, 0xDD49, 0xDD49, 0xDD0B, 0xD4ED, 0xDD6F, 0xDD90, 0xDD90,
    0xDD90, 0xDD90, 0xDD90, 0xDD90, 0xDD90, 0xDD90, 0xDD90, 0xDD90, 0xDD90, 0xDD70, 0xDD70, 0xDD90, 0xDD90, 0xDD90, 0xDD90, 0xDD90,
    0xDD90, 0xDD90, 0xDD90, 0xDD90, 0xDD90, 0xDD90, 0xDD90, 0xDD90, 0xDD90, 0xDD90, 0xDD91, 0xDD91, 0xDD91, 0xDDD1, 0xC4AD, 0x92E6,
    0xFF10, 0xFF31, 0xFF31, 0xFEEF, 0xFEEF, 0xFF10, 0xFF33, 0xFF33, 0xFF55, 0xFF98, 0xFF78, 0xFF97, 0xFF97, 0xFF77, 0xFF97, 0xFF97,
    0xFF77, 0xFF77, 0xFF77, 0xFF77, 0xFF77, 0xFF97, 0xFF77, 0xFF76, 0xFF97, 0xFF97, 0xFF97, 0xFF97, 0xFF97, 0xFF77, 0xFF77, 0xFF77,
    0xFF77, 0xFF35, 0xFF14, 0xFE91, 0xF5EE, 0xFDEE, 0xFE0F, 0xF5EE, 0xE54C, 0xF5AD, 0xF5EE, 0xF5CE, 0xF5AD, 0xF5AD, 0xF5AD, 0xF5CE,
    0xFE0F, 0xFE2F, 0xFE30, 0xFE90, 0xFED1, 0xFED1, 0xFED1, 0xFE70, 0xF62F, 0xF60F, 0xFE0F, 0xF60F, 0xF60E, 0xFE2F, 0xFE0F, 0xF62F,
    0xFE91, 0xFE50, 0xFE70, 0xFE91, 0xF62F, 0xFE0F, 0xF5EE, 0xFE0E, 0xFE2F, 0xFE2F, 0xF60E, 0xF650, 0xFE90, 0xFE2F, 0xF62F, 0xFE2F,
    0xFE2F, 0xFE2F, 0xFE2F, 0xFE70, 0xFE4F, 0xFE2F, 0xFE4F, 0xFE4F, 0xFE4F, 0xFE4F, 0xFE4F, 0xFE90, 0xFE70, 0xFE70, 0xFE70, 0xFE92,
    0xFF55, 0xFFB8, 0xFFB8, 0xFFB8, 0xFFB8, 0xFFB8, 0xFFB8, 0xFFB8, 0xFF76, 0xFF56, 0xFF35, 0xFF35, 0xFF14, 0xFEB1, 0xFEB1, 0xFEB1,
    0xFE91, 0xFE91, 0xFEB1, 0xFF12, 0xFED1, 0xFE90, 0xFE90, 0xFE70, 0xFEB1, 0xFF13, 0xFF12, 0xFED1, 0xFE70, 0xFE70, 0xFE70, 0xFE70,
    0xFE70, 0xFE70, 0xFEF2, 0xC429, 0x9264, 0xBC2B, 0xEE73, 0xFFB8, 0xFF36, 0xFEF6, 0xEE74, 0xD56F, 0xD50E, 0xEE13, 0xE612, 0xE612,
    0xE612, 0xEDF2, 0xE5B1, 0xDD6F, 0xBC2A, 0xCCAC, 0xCCED, 0x92E7, 0x60E0, 0x9A85, 0xCC6A, 0xBC09, 0xC44A, 0xC46A, 0xDD4E, 0xDD8F,
    0xDD6F, 0xDD8F, 0xDD8F, 0xDD8F, 0xDD8F, 0xDD90, 0xDD90, 0xDD6F, 0xDD90, 0xDD90, 0xDD90, 0xDD90, 0xDD90, 0xDD90, 0xDD90, 0xDD90,
    0xDD6F, 0xDD6F, 0xDD6F, 0xDD70, 0xDD70, 0xDD70, 0xDD70, 0xDD70, 0xDD70, 0xDD70, 0xDD6F, 0xDD6F, 0xDD8F, 0xDD90, 0xDD8F, 0xDD90,
    0xDD90, 0xDD90, 0xDD8F, 0xDD4A, 0xE549, 0xDD49, 0xDD49, 0xDD49, 0xDD49, 0xDD49, 0xDD4A, 0xDCEA, 0xCC6B, 0xD50D, 0xDD4F, 0xDD6F,
    0xDD70, 0xDD70, 0xDD90, 0xDD70, 0xDD90, 0xDD90, 0xDD90, 0xDD90, 0xDD90, 0xDD90, 0xDD90, 0xDD90, 0xDD90, 0xDD90, 0xDD90, 0xDD90,
    0xDD90, 0xDD90, 0xDD90, 0xDD90, 0xDD90, 0xDD90, 0xDD90, 0xDD90, 0xDD90, 0xDD90, 0xDD91, 0xDD91, 0xDD91, 0xE5F2, 0xC4CD, 0x9306,
    0xFF31, 0xFF31, 0xFF10, 0xFEEF, 0xFEEF, 0xFF0F, 0xFF0F, 0xFEEF, 0xFF34, 0xFF98, 0xFF98, 0xFF98, 0xFF77, 0xFF77, 0xFF77, 0xFF77,
    0xFF77, 0xFF77, 0xFF77, 0xFF77, 0xFF97, 0xFF57, 0xFF56, 0xFF56, 0xFF76, 0xFF76, 0xFF77, 0xFF97, 0xFF97, 0xFF97, 0xFF77, 0xFF97,
    0xFF56, 0xFED3, 0xFE92, 0xFE30, 0xFDEE, 0xFE0E, 0xFE0E, 0xFE0E, 0xFE0E, 0xFE0E, 0xE54C, 0xED2C, 0xED4C, 0xED4C, 0xED4C, 0xED8D,
    0xFE2F, 0xFE50, 0xFE50, 0xFE70, 0xFED2, 0xFE91, 0xFE4F, 0xF60F, 0xF60E, 0xF60E, 0xF60F, 0xF60F, 0xF60F, 0xFE2F, 0xFE50, 0xFE70,
    0xFE70, 0xF62F, 0xFE50, 0xFE50, 0xFE30, 0xFE30, 0xFE30, 0xFE2F, 0xFE2F, 0xFE2F, 0xFE2F, 0xFEF2, 0xFEB1, 0xF62F, 0xFE2F, 0xFE2F,
    0xFE2F, 0xFE2F, 0xFE4F, 0xFE2F, 0xFE2F, 0xFE2F, 0xFE4F, 0xFE4F, 0xFE4F, 0xFE4F, 0xFE2F, 0xFE2F, 0xFE70, 0xFE50, 0xFE91, 0xFEB2,
    0xFF55, 0xFFD8, 0xFFB8, 0xFFD9, 0xFF97, 0xFF76, 0xFFB8, 0xFF97, 0xFED2, 0xFED1, 0xFED2, 0xFF13, 0xFE91, 0xFEB1, 0xFE91, 0xFE91,
    0xFE91, 0xFE90, 0xFE90, 0xFEB1, 0xFE90, 0xFE70, 0xFE90, 0xFE90, 0xFE90, 0xFE91, 0xFE70, 0xFE70, 0xFE70, 0xFE70, 0xFE70, 0xFE70,
    0xFE70, 0xFE70, 0xFE4F, 0xFE4F, 0xF5AD, 0x7961, 0xABAA, 0xD590, 0xFED5, 0xFF36, 0xF694, 0xDD6F, 0xD50E, 0xFE74, 0xF653, 0xF653,
    0xF653, 0xEE32, 0xF653, 0xBC6B, 0x79E3, 0x9265, 0x8A44, 0x9AA5, 0xB347, 0xBB87, 0xC3C8, 0xC42A, 0xCC4A, 0xCC4A, 0xCC4A, 0xD4EC,
    0xDDB0, 0xDD8F, 0xDD8F, 0xDD90, 0xDD8F, 0xDD90, 0xDD90, 0xDD90, 0xDD90, 0xDD90, 0xDD90, 0xDD90, 0xDD90, 0xDD90, 0xDD90, 0xDD90,
    0xDD90, 0xDD6F, 0xDD6F, 0xDD70, 0xDD70, 0xDD70, 0xDD70, 0xDD70, 0xDD70, 0xDD70, 0xDD6F, 0xDD6F, 0xDD6F, 0xDD70, 0xDD8F, 0xDD90,
    0xDD90, 0xDD90, 0xDD8F, 0xDD4A, 0xDD49, 0xDD49, 0xDD49, 0xDD49, 0xDD49, 0xDD4A, 0xDD2A, 0xD4EB, 0xCC6B, 0xCC6B, 0xCC8C, 0xD4CC,
    0xDD70, 0xDD90, 0xDD90, 0xDD90, 0xDD90, 0xDD90, 0xDD90, 0xDD90, 0xDD8F, 0xDD8F, 0xDD8F, 0xDD90, 0xDD90, 0xDD90, 0xDD90, 0xDD90,
    0xDD90, 0xDD90, 0xDD90, 0xDD90, 0xDD90, 0xDD90, 0xDD90, 0xDD90, 0xDD90, 0xDD90, 0xDD90, 0xDD91, 0xDD70, 0xC4CD, 0xB40A, 0x9306,
    0xFEEF, 0xFEEF, 0xFEEF, 0xFF0F, 0xFF0F, 0xFF0F, 0xFEEF, 0xFF0F, 0xFF32, 0xFF33, 0xFF55, 0xFF98, 0xFF78, 0xFF77, 0xFF77, 0xFF77,
    0xFF77, 0xFF77, 0xFF77, 0xFF77, 0xFF77, 0xFF36, 0xFF36, 0xFF77, 0xFF77, 0xFF56, 0xFF36, 0xFF76, 0xFF77, 0xFF77, 0xFF97, 0xFF98,
    0xFF56, 0xFED3, 0xF630, 0xFDEF, 0xFDEE, 0xFE0E, 0xFE0F, 0xFE0F, 0xFE0F, 0xFE0E, 0xED8D, 0xED4C, 0xED4C, 0xED6C, 0xF5AD, 0xF5CE,
    0xF60F, 0xF5EE, 0xFE50, 0xFE70, 0xFE70, 0xFE50, 0xFE2F, 0xF60F, 0xF60E, 0xF60E, 0xF5EE, 0xFE2F, 0xFE30, 0xFE2F, 0xFE2F, 0xFE30,
    0xFE30, 0xFE0F, 0xFE30, 0xFE30, 0xFE30, 0xFE30, 0xFE2F, 0xFE2F, 0xFE2F, 0xFE2F, 0xFE2F, 0xFE50, 0xFE30, 0xFE2F, 0xFE2F, 0xFE2F,
    0xFE2F, 0xFE4F, 0xFE2F, 0xFE2F, 0xFE2F, 0xFE4F, 0xF60E, 0xF5EE, 0xF5EE, 0xFE0E, 0xFE2F, 0xFE0E, 0xF5AD, 0xF5AE, 0xFE70, 0xFED2,
    0xFF13, 0xFF34, 0xFF55, 0xFFB8, 0xFF76, 0xFF33, 0xFF54, 0xFF34, 0xFEF2, 0xFED1, 0xFEB1, 0xFED1, 0xFE90, 0xFE90, 0xFE90, 0xFE90,
    0xFE90, 0xFE90, 0xFE90, 0xFEB1, 0xFE70, 0xFE90, 0xFEB1, 0xFEB0, 0xFEB1, 0xFED2, 0xFE70, 0xFE70, 0xFE70, 0xFE70, 0xFE70, 0xFE70,
    0xFE70, 0xFE70, 0xFE70, 0xFE4F, 0xF5EE, 0xDCCB, 0xA306, 0x79A1, 0xBC0A, 0xC48C, 0xBC6C, 0xB3CA, 0xA388, 0xB42B, 0xB3EB, 0xB3EB,
    0xB3EB, 0xB3EA, 0xB40B, 0x92C6, 0x8A03, 0x8A24, 0x8A03, 0xAB26, 0xCC29, 0xC409, 0xC409, 0xCC4A, 0xCC4A, 0xCC4A, 0xCC2A, 0xD48B,
    0xD50D, 0xDD8F, 0xDD90, 0xDD8F, 0xDD8F, 0xDD90, 0xDD90, 0xDD90, 0xDD90, 0xDD90, 0xDD90, 0xDD90, 0xDD90, 0xDD90, 0xDD90, 0xDD90,
    0xDD90, 0xDD70, 0xDD70, 0xDD70, 0xDD70, 0xDD70, 0xDD70, 0xDD70, 0xDD70, 0xDD70, 0xDD70, 0xDD70, 0xDD70, 0xDD70, 0xDD90, 0xDD8F,
    0xDD90, 0xDD6E, 0xDD6D, 0xDD4A, 0xE549, 0xE54A, 0xE549, 0xE54A, 0xE54A, 0xDD4A, 0xCC89, 0xCC6A, 0xCC6B, 0xCC6B, 0xCC6B, 0xCC6B,
    0xD50D, 0xDD2E, 0xDD2E, 0xD52E, 0xE5B0, 0xE5B0, 0xE5B0, 0xDD90, 0xDD8E, 0xDD8E, 0xDD8E, 0xDD8F, 0xDD8F, 0xDD8F, 0xDD8F, 0xDD90,
    0xDD90, 0xDD90, 0xDDB0, 0xDD90, 0xDD90, 0xDD90, 0xDD90, 0xDDB1, 0xDDB1, 0xDDB1, 0xDD90, 0xDDB1, 0xD54F, 0x9307, 0x9B27, 0xA347,
    0xFEEF, 0xFEEF, 0xFEEF, 0xFF0F, 0xFF0F, 0xFF0F, 0xFF0F, 0xFF0F, 0xFF0F, 0xFF0E, 0xFF32, 0xFF75, 0xFF76, 0xFF78, 0xFF77, 0xFF77,
    0xFF77, 0xFF77, 0xFF77, 0xFF77, 0xFF77, 0xFF77, 0xFF97, 0xFF97, 0xFF77, 0xFF36, 0xFF56, 0xFF97, 0xFF77, 0xFF77, 0xFF97, 0xFF98,
    0xFF56, 0xFF14, 0xF650, 0xFDEE, 0xFE0E, 0xFE0E, 0xFE0E, 0xFE0F, 0xFE0F, 0xFE0E, 0xFE0E, 0xF5EE, 0xEDAD, 0xF60E, 0xF60E, 0xF60F,
    0xF5EE, 0xF5CE, 0xFE2F, 0xFE2F, 0xFE2F, 0xFE50, 0xFE50, 0xFE2F, 0xFE0F, 0xF5EE, 0xF5EE, 0xF60F, 0xFE30, 0xFE2F, 0xFE30, 0xFE0F,
    0xF60F, 0xF60F, 0xFE2F, 0xFE2F, 0xFE2F, 0xFE30, 0xFE30, 0xFE2F, 0xFE2F, 0xFE2F, 0xFE2F, 0xFE2F, 0xFE2F, 0xFE2F, 0xFE2F, 0xFE2F,
    0xFE2F, 0xFE2F, 0xFE2F, 0xFE2F, 0xFE2F, 0xFE4F, 0xF60E, 0xF5EE, 0xF5EE, 0xFE0E, 0xFE2F, 0xFE50, 0xF691, 0xF671, 0xFEB2, 0xFEF3,
    0xFED2, 0xFEB1, 0xFF13, 0xFF13, 0xFEB1, 0xFEB1, 0xFED2, 0xFF13, 0xFF12, 0xFEB1, 0xFE70, 0xFE90, 0xFE70, 0xFE90, 0xFE91, 0xFE90,
    0xFE90, 0xFE90, 0xFE90, 0xFE70, 0xFE50, 0xFEB1, 0xFEB1, 0xFE90, 0xFE90, 0xFE70, 0xFE70, 0xFE70, 0xFE70, 0xFE70, 0xFE70, 0xFE70,
    0xFE70, 0xFE90, 0xFE70, 0xFE70, 0xFE4F, 0xFDCD, 0xE52C, 0xCC49, 0x9243, 0x8182, 0x81A2, 0x81C2, 0x79C2, 0x7182, 0x6962, 0x6961,
    0x6961, 0x6961, 0x6920, 0x8203, 0xCC2A, 0xCC29, 0xCC29, 0xC409, 0xC409, 0xCC2A, 0xCC4A, 0xCC4A, 0xCC4A, 0xCC4A, 0xCC6A, 0xCC4A,
    0xCC6B, 0xDD6F, 0xDD90, 0xDD90, 0xDD90, 0xDD90, 0xDD90, 0xDD90, 0xDD90, 0xDD90, 0xDD90, 0xDD90, 0xDD90, 0xDD90, 0xDD90, 0xDD90,
    0xDD90, 0xDD70, 0xDD70, 0xDD70, 0xDD70, 0xDD70, 0xDD70, 0xDD70, 0xDD70, 0xDD70, 0xDD70, 0xDD8F, 0xDD8F, 0xDD8F, 0xDD90, 0xDD90,
    0xDD90, 0xDD4B, 0xE549, 0xE549, 0xE549, 0xE54A, 0xE54A, 0xE549, 0xE54A, 0xE54A, 0xD48A, 0xCC6A, 0xCC6A, 0xCC6B, 0xCC6B, 0xCC6B,
    0xCC6A, 0xCC6B, 0xCC6B, 0xCC8B, 0xDD4E, 0xDD6F, 0xE56E, 0xE58F, 0xE5AF, 0xDD8E, 0xDD8E, 0xDD8E, 0xE58E, 0xDD8E, 0xDDAE, 0xDDAF,
    0xDD90, 0xDDB0, 0xDD90, 0xDDB1, 0xDDB1, 0xDD90, 0xDDB1, 0xDDB1, 0xDDB1, 0xDDB1, 0xDDB1, 0xE5B1, 0xDD6F, 0x9B47, 0x9B48, 0xA388,
    0xFEEF, 0xFEF0, 0xFF10, 0xFF0F, 0xFF0F, 0xFF0F, 0xFF0F, 0xFF0F, 0xFF0F, 0xFF0F, 0xFF0F, 0xFF0F, 0xFF53, 0xFF77, 0xFF76, 0xFF77,
    0xFF77, 0xFF77, 0xFF77, 0xFF77, 0xFF77, 0xFF77, 0xFF77, 0xFF77, 0xFF36, 0xFF36, 0xFF77, 0xFF97, 0xFF97, 0xFF97, 0xFF97, 0xFF77,
    0xFF77, 0xFF97, 0xFEF4, 0xF650, 0xFE0F, 0xFDEE, 0xFE0E, 0xFE0F, 0xF60E, 0xF60E, 0xF60F, 0xFE2F, 0xFE2F, 0xFE2F, 0xF60E, 0xF5EE,
    0xF5CE, 0xF5CE, 0xF5CE, 0xF5EE, 0xF5EE, 0xFE2F, 0xFE50, 0xFE50, 0xFE2F, 0xF60F, 0xFE2F, 0xFE30, 0xFE30, 0xF5EF, 0xF5EF, 0xF60F,
    0xF60F, 0xF60F, 0xF60F, 0xF60F, 0xFE50, 0xFE2F, 0xFE0F, 0xF60F, 0xFE2F, 0xFE2F, 0xFE2F, 0xFE2F, 0xFE2F, 0xFE2F, 0xFE2F, 0xFE2F,
    0xFE2F, 0xFE0F, 0xFE0E, 0xFE2F, 0xFE2F, 0xFE2F, 0xFE2F, 0xFE0F, 0xFDEE, 0xF670, 0xFF55, 0xFF55, 0xFFB7, 0xFF97, 0xFF97, 0xFF77,
    0xFEF3, 0xFEB1, 0xFED2, 0xFE90, 0xFE4F, 0xFE70, 0xFE70, 0xFEB1, 0xFED1, 0xFEB1, 0xFE90, 0xFEB1, 0xFE70, 0xFE70, 0xFE90, 0xFE90,
    0xFE90, 0xFE90, 0xFE4F, 0xFDEE, 0xFE4F, 0xFEB1, 0xFEB1, 0xFE90, 0xFE90, 0xFE90, 0xFE50, 0xFE2F, 0xFE2F, 0xFE2F, 0xFE2F, 0xFE70,
    0xFE90, 0xF62F, 0xF60F, 0xFE2F, 0xFE4F, 0xED8D, 0xF5AD, 0xFDEE, 0xDCCB, 0xD46A, 0xD46A, 0xCC2A, 0xCC2A, 0xCC4A, 0xC42A, 0xCC4A,
    0xCC2A, 0xCC2A, 0xCC2A, 0xC409, 0xC429, 0xCC09, 0xCC2A, 0xCC4A, 0xCC6A, 0xCC4A, 0xCC4A, 0xCC4A, 0xCC4A, 0xCC4A, 0xCC6A, 0xCC6A,
    0xCC8B, 0xDD90, 0xDDB0, 0xDD90, 0xDD90, 0xDD90, 0xDD90, 0xDD90, 0xDD90, 0xDD90, 0xDD90, 0xDD90, 0xDD90, 0xDD90, 0xDD90, 0xDD90,
    0xDD90, 0xDD70, 0xDD70, 0xDD70, 0xDD70, 0xDD70, 0xDD70, 0xDD70, 0xDD70, 0xDD70, 0xDD90, 0xDD90, 0xDD8F, 0xDD8F, 0xDD90, 0xDD90,
    0xDD90, 0xDD4C, 0xE549, 0xE54A, 0xE54A, 0xE549, 0xDD29, 0xDD29, 0xDD29, 0xDD2A, 0xCC6A, 0xC42A, 0xC44A, 0xCC4A, 0xC44A, 0xC42A,
    0xC429, 0xCC2A, 0xCC4A, 0xCC6A, 0xCC6B, 0xCC8B, 0xCC6A, 0xD4CC, 0xDD6E, 0xDD8F, 0xDD8E, 0xDD6E, 0xDD6E, 0xDD8E, 0xDD8E, 0xD58F,
    0xDD8F, 0xDD90, 0xDDB0, 0xDDB0, 0xDDB0, 0xDDB1, 0xDDB1, 0xDDB1, 0xDD91, 0xDD90, 0xDD91, 0xDD91, 0xDD6F, 0x9B68, 0x9B47, 0xA388,
    0xFF53, 0xFF54, 0xFF32, 0xFF0F, 0xFF0F, 0xFF0F, 0xFF0F, 0xFF0F, 0xFF0F, 0xFF0F, 0xFF0F, 0xFF0E, 0xFF10, 0xFF11, 0xFF11, 0xFF55,
    0xFF78, 0xFF97, 0xFF97, 0xFF97, 0xFF77, 0xFF77, 0xFF77, 0xFF77, 0xFF77, 0xFF97, 0xFF97, 0xFF77, 0xFF77, 0xFF77, 0xFF77, 0xFF77,
    0xFF77, 0xFF77, 0xFF98, 0xF6D3, 0xFDEE, 0xF5EE, 0xF5CE, 0xF5AD, 0xF5AD, 0xF60E, 0xF60F, 0xF60F, 0xFE2F, 0xFE0F, 0xF5EE, 0xF5EE,
    0xF5CE, 0xF5CE, 0xF5EE, 0xF5EE, 0xFDEE, 0xFE2F, 0xFE4F, 0xFE50, 0xFE0F, 0xF60F, 0xFE30, 0xFE0F, 0xF60F, 0xF5EF, 0xF5EE, 0xF5EF,
    0xF60F, 0xF60F, 0xF5EF, 0xFE30, 0xFE30, 0xF60F, 0xF5EE, 0xF5EE, 0xFE2F, 0xFE4F, 0xFE2F, 0xFE2F, 0xFE2F, 0xFE2F, 0xFE0F, 0xFE0F,
    0xFE0F, 0xFE30, 0xFEB1, 0xFE91, 0xFE2F, 0xFE70, 0xFF34, 0xFF34, 0xFF34, 0xFF55, 0xFF76, 0xFF76, 0xFF97, 0xFFB7, 0xFFB8, 0xFF97,
    0xFEF4, 0xFEF2, 0xFEB1, 0xFE70, 0xFE70, 0xFE70, 0xFE70, 0xFE4F, 0xFE4F, 0xFE70, 0xFE90, 0xFE70, 0xFE90, 0xFE70, 0xFE90, 0xFED1,
    0xFE91, 0xFE90, 0xFE4F, 0xFDEE, 0xFE4F, 0xFEB1, 0xFE70, 0xFE70, 0xFE70, 0xFE50, 0xFE2F, 0xFE2F, 0xFE2F, 0xFE2F, 0xFE2F, 0xFE4F,
    0xF62F, 0xF5CE, 0xF5CE, 0xF5CE, 0xF5EE, 0xFE0E, 0xF5CD, 0xF58C, 0xF5AD, 0xFDCE, 0xF58D, 0xDCEB, 0xDCAB, 0xCC4A, 0xCC4B, 0xCC4B,
    0xCC4A, 0xCC4A, 0xCC6A, 0xD46A, 0xCC6A, 0xCC6A, 0xCC4A, 0xCC6A, 0xCC4A, 0xCC4A, 0xCC4A, 0xCC4A, 0xCC4A, 0xCC4A, 0xCC6A, 0xCC6A,
    0xCC6B, 0xD50D, 0xDD6F, 0xDD90, 0xDD90, 0xDD90, 0xDD90, 0xDD90, 0xDD90, 0xDD90, 0xDD90, 0xDD90, 0xDD90, 0xDD90, 0xDD90, 0xDD90,
    0xDD70, 0xDD70, 0xDD70, 0xDD70, 0xDD70, 0xDD70, 0xDD70, 0xDD70, 0xDD70, 0xDD90, 0xDD8F, 0xDD8F, 0xDD8F, 0xDD8F, 0xDD90, 0xDD8F,
    0xDD8D, 0xE56A, 0xE549, 0xE549, 0xE54A, 0xDD29, 0xE5D0, 0xF6B6, 0xEE74, 0xE655, 0xE635, 0xE656, 0xD550, 0xC46B, 0xEE56, 0xDDD3,
    0xD530, 0xD550, 0xD52F, 0xCC8C, 0xCC6B, 0xCC4A, 0xD50E, 0xE614, 0xD52F, 0xDD0C, 0xDD2D, 0xE633, 0xE655, 0xD54E, 0xDDD1, 0xE634,
    0xD590, 0xEE96, 0xD54F, 0xDD6F, 0xDD90, 0xDDB0, 0xDD90, 0xD570, 0xD5B2, 0xE676, 0xDDF4, 0xE655, 0xDD70, 0xA368, 0x9B47, 0xAB88,
    0xFF97, 0xFF55, 0xFF54, 0xFF11, 0xFEEF, 0xFF0F, 0xFF0F, 0xFF0F, 0xFF0F, 0xFF0F, 0xFF0F, 0xFEEF, 0xFF0F, 0xFF0F, 0xFF0F, 0xFF33,
    0xFF54, 0xFF54, 0xFF56, 0xFF97, 0xFF77, 0xFF77, 0xFF77, 0xFF77, 0xFF97, 0xFF97, 0xFF97, 0xFF97, 0xFF77, 0xFF77, 0xFF77, 0xFF77,
    0xFF77, 0xFF77, 0xFF97, 0xF6B3, 0xFDEE, 0xFDEE, 0xF5AD, 0xF58D, 0xF58D, 0xF5EE, 0xF60E, 0xF60E, 0xF60E, 0xF60E, 0xF5EE, 0xF5CE,
    0xF5CE, 0xF5CE, 0xF5EE, 0xF5EE, 0xF5EE, 0xFE0E, 0xFE2F, 0xFE0F, 0xF5EE, 0xF5EF, 0xF5EF, 0xF5EE, 0xF5EE, 0xF5EF, 0xF5EF, 0xF5EF,
    0xF5EF, 0xF60F, 0xF60F, 0xF60F, 0xF60F, 0xFE50, 0xFE50, 0xFE50, 0xFEB1, 0xFEB1, 0xFE50, 0xFE2F, 0xFE2F, 0xFE2F, 0xFE70, 0xFE70,
    0xF60F, 0xF650, 0xFF75, 0xFF55, 0xFEF3, 0xFF14, 0xFF76, 0xFF97, 0xFF96, 0xFF96, 0xFF97, 0xFF97, 0xFF97, 0xFF97, 0xFF97, 0xFF97,
    0xFF97, 0xFF34, 0xFE90, 0xFE70, 0xFE70, 0xFE70, 0xFE70, 0xFE70, 0xFE70, 0xFE70, 0xFE70, 0xFE90, 0xFE90, 0xFE70, 0xFE70, 0xFE90,
    0xFE91, 0xFE90, 0xFE90, 0xFE91, 0xFEB1, 0xFEB1, 0xFE4F, 0xFE2F, 0xFE2F, 0xFE2F, 0xFE2F, 0xFE2F, 0xFE4F, 0xFE4F, 0xFE70, 0xFE4F,
    0xFE4F, 0xFE6F, 0xFE4F, 0xFE2F, 0xFE2F, 0xFE4F, 0xFE2F, 0xF58C, 0xF58D, 0xF58D, 0xF58D, 0xF5AE, 0xED4D, 0xCC6A, 0xD46A, 0xD46A,
    0xD46A, 0xCC6A, 0xCC4A, 0xCC4A, 0xCC6A, 0xD46A, 0xCC6A, 0xCC6A, 0xCC4A, 0xCC4A, 0xCC4A, 0xCC4A, 0xCC4A, 0xCC6A, 0xCC6A, 0xCC6A,
    0xCC6A, 0xCC49, 0xD4ED, 0xDD90, 0xDD90, 0xDD90, 0xDD90, 0xDD90, 0xDD90, 0xDD90, 0xDD90, 0xDD90, 0xDD90, 0xDD90, 0xDD90, 0xDD90,
    0xDD70, 0xDD70, 0xDD70, 0xDD70, 0xDD70, 0xDD70, 0xDD70, 0xDD70, 0xDD70, 0xDD70, 0xDD90, 0xDD8F, 0xDD8F, 0xDD8F, 0xDD90, 0xE58E,
    0xE56A, 0xE569, 0xE549, 0xE549, 0xE549, 0xDD29, 0xDD6C, 0xDDD0, 0xDD70, 0xD551, 0xD550, 0xD551, 0xCCAD, 0xCCAC, 0xDE15, 0xDDF4,
    0xE614, 0xE635, 0xF6D9, 0xD530, 0xCC4A, 0xCC4A, 0xE5F4, 0xF71A, 0xDDB2, 0xCC29, 0xCC6A, 0xE614, 0xEED8, 0xD50D, 0xE654, 0xF719,
    0xE696, 0xF719, 0xE676, 0xE696, 0xDDD1, 0xD590, 0xEEB7, 0xEED8, 0xEEF9, 0xF71A, 0xF71A, 0xE6B7, 0xB42B, 0xA388, 0xA368, 0xA388,
    0xFF76, 0xFF96, 0xFF97, 0xFF55, 0xFF54, 0xFF31, 0xFF0E, 0xFF0F, 0xFF0F, 0xFF0F, 0xFEEF, 0xFEEF, 0xFF0F, 0xFF0F, 0xFF0F, 0xFF0F,
    0xFF0F, 0xFF11, 0xFF56, 0xFF97, 0xFF97, 0xFF97, 0xFF97, 0xFF97, 0xFF97, 0xFF97, 0xFF97, 0xFF97, 0xFF77, 0xFF77, 0xFF77, 0xFF77,
    0xFF77, 0xFF77, 0xFF97, 0xF692, 0xFDEE, 0xF60E, 0xF5EE, 0xF58D, 0xF58D, 0xF5AD, 0xF5CE, 0xF5AD, 0xF5CD, 0xF5CD, 0xF5CE, 0xF5CE,
    0xF5CE, 0xF5EE, 0xFE0E, 0xFE0E, 0xFDEE, 0xFE0E, 0xFE0F, 0xF60E, 0xF5EE, 0xF5EE, 0xF5EE, 0xF5EE, 0xF5EE, 0xF5EE, 0xF5EE, 0xF5EE,
    0xF5CE, 0xF5EF, 0xFE0F, 0xFE50, 0xFE70, 0xFE90, 0xFE70, 0xFE70, 0xFEB1, 0xFEB1, 0xFE50, 0xFE70, 0xF671, 0xF671, 0xFF55, 0xFF76,
    0xFEF3, 0xFEF3, 0xFF75, 0xFF76, 0xFF76, 0xFF96, 0xFF96, 0xFF76, 0xFF55, 0xFF76, 0xFF97, 0xFF97, 0xFF97, 0xFF97, 0xFF97, 0xFF97,
    0xFF97, 0xFEF3, 0xFE70, 0xFE70, 0xFE70, 0xFE70, 0xFE70, 0xFE70, 0xFE70, 0xFE70, 0xFE70, 0xFE70, 0xFE70, 0xFE70, 0xFE90, 0xFE90,
    0xFE90, 0xFE90, 0xFE90, 0xFE90, 0xFE90, 0xFE70, 0xFE2F, 0xFE2F, 0xFE2F, 0xFE2F, 0xFE2F, 0xFE0E, 0xFE70, 0xFE90, 0xFE90, 0xFE70,
    0xFE70, 0xFEB0, 0xFE4F, 0xFE4F, 0xFE4F, 0xFE4F, 0xFE4F, 0xF58D, 0xF56D, 0xF58D, 0xF58D, 0xF58D, 0xF58D, 0xED8D, 0xED8D, 0xED6D,
    0xF58D, 0xE4EC, 0xCC4A, 0xD46A, 0xCC6A, 0xD46A, 0xD46A, 0xCC6A, 0xCC6A, 0xCC6A, 0xCC4A, 0xCC4A, 0xCC4A, 0xCC4A, 0xCC4A, 0xCC6A,
    0xCC6B, 0xCC4A, 0xD4ED, 0xE5B0, 0xDD90, 0xDD90, 0xDD90, 0xDD90, 0xDD90, 0xDD90, 0xDD90, 0xDD90, 0xDD90, 0xDD90, 0xDD90, 0xDD90,
    0xDD90, 0xDD70, 0xDD70, 0xDD70, 0xDD70, 0xDD70, 0xDD70, 0xDD70, 0xDD70, 0xDD70, 0xDD70, 0xDD90, 0xDD90, 0xDD6E, 0xDD6E, 0xE54B,
    0xE548, 0xE569, 0xE529, 0xDD28, 0xDD29, 0xDD29, 0xDD6C, 0xEE74, 0xEE55, 0xE615, 0xE635, 0xE5F4, 0xC42A, 0xCC6B, 0xD530, 0xD530,
    0xD530, 0xBC4B, 0xE615, 0xD550, 0xC408, 0xC44A, 0xE656, 0xE615, 0xE635, 0xCC6B, 0xCC08, 0xDDB2, 0xE655, 0xC44A, 0xDDB2, 0xE675,
    0xEE96, 0xF719, 0xE676, 0xEE97, 0xDDD1, 0xDDB1, 0xF6F9, 0xDE35, 0xDE14, 0xEED8, 0xEEB8, 0xD592, 0x9307, 0xA388, 0xABA8, 0xA388,
    0xFF77, 0xFF77, 0xFF76, 0xFF77, 0xFF97, 0xFF32, 0xFF0F, 0xFF10, 0xFF10, 0xFF0F, 0xFF0F, 0xFF0F, 0xFF0F, 0xFF0F, 0xFF0F, 0xFF0F,
    0xFF0F, 0xFF31, 0xFF34, 0xFF76, 0xFF76, 0xFF97, 0xFF98, 0xFF98, 0xFF97, 0xFF97, 0xFF97, 0xFF97, 0xFF97, 0xFF77, 0xFF77, 0xFF77,
    0xFF77, 0xFF77, 0xFF77, 0xF6F5, 0xFEB2, 0xFE90, 0xF60E, 0xF58D, 0xF58D, 0xF5AD, 0xF5CE, 0xF5CE, 0xF5CE, 0xF5CE, 0xF5EE, 0xF60E,
    0xFE2F, 0xFE4F, 0xFE2F, 0xFE2F, 0xFE2F, 0xFDEE, 0xFDEE, 0xF5EE, 0xF5EE, 0xF5EE, 0xF5EE, 0xF5EE, 0xF5EE, 0xF5EE, 0xF5EE, 0xF5EE,
    0xF5EF, 0xF60F, 0xF5EF, 0xF60F, 0xFE91, 0xFE70, 0xFE71, 0xFE91, 0xFE71, 0xFE70, 0xFE50, 0xFEF3, 0xFF97, 0xFF77, 0xFF97, 0xFF97,
    0xFF97, 0xFF97, 0xFF76, 0xFF55, 0xFF35, 0xFF76, 0xFF97, 0xFF97, 0xFF97, 0xFF97, 0xFF97, 0xFF97, 0xFF97, 0xFF98, 0xFF77, 0xFF56,
    0xFF97, 0xFF55, 0xFE90, 0xFE4F, 0xFE70, 0xFE70, 0xFE70, 0xFE70, 0xFE70, 0xFE70, 0xFE90, 0xFE70, 0xFE2F, 0xFE2F, 0xFE50, 0xFE50,
    0xFE4F, 0xFE90, 0xFE70, 0xFE50, 0xFE50, 0xFE50, 0xFE2F, 0xFE0F, 0xFE0F, 0xFE0F, 0xFE0E, 0xFE2F, 0xFE90, 0xFE90, 0xFE90, 0xFE70,
    0xFE70, 0xFEB0, 0xFE6F, 0xFE4F, 0xFE4F, 0xFE4F, 0xFE6F, 0xF5CE, 0xF5AD, 0xED8D, 0xF58D, 0xF58D, 0xF56D, 0xF58D, 0xF58D, 0xED8D,
    0xF58D, 0xED6D, 0xED4D, 0xCC6A, 0xCC4A, 0xD46A, 0xD46A, 0xD46A, 0xCC6A, 0xCC6A, 0xCC6A, 0xCC6A, 0xCC4A, 0xCC4A, 0xCC4A, 0xCC4A,
    0xCC6A, 0xCC4A, 0xD4AB, 0xD4ED, 0xDD4F, 0xDD90, 0xDD8F, 0xDD90, 0xDD8F, 0xDD90, 0xDD90, 0xDD90, 0xDD90, 0xDD90, 0xDD90, 0xDD90,
    0xDD90, 0xDD70, 0xDD70, 0xDD70, 0xDD70, 0xDD70, 0xDD70, 0xDD70, 0xDD70, 0xDD90, 0xDD6F, 0xEEB7, 0xD613, 0xDDD0, 0xE612, 0xEE73,
    0xE610, 0xDD49, 0xE610, 0xE695, 0xEEF6, 0xE6B6, 0xD656, 0xEF1A, 0xD550, 0xC48C, 0xD50F, 0xEEB7, 0xD5D3, 0xCDB2, 0xEF3A, 0xE6B8,
    0xEEB8, 0xD551, 0xEED9, 0xDE56, 0xDE14, 0xD5D4, 0xEED9, 0xBC8C, 0xEEF9, 0xBCEF, 0xBC6B, 0xE6B8, 0xDE15, 0xC44A, 0xC44A, 0xBC49,
    0xCD2F, 0xEEFA, 0xC4ED, 0xD54E, 0xDD4E, 0xDDB1, 0xEEF9, 0xE6D9, 0xD635, 0xDE35, 0xE676, 0xC4AD, 0x9B47, 0xAB88, 0xABA8, 0xABA8,
    0xFF77, 0xFF77, 0xFF77, 0xFF97, 0xFF77, 0xFF75, 0xFF54, 0xFF76, 0xFF54, 0xFEEF, 0xFF10, 0xFF0F, 0xFF0F, 0xFEEF, 0xFEEF, 0xFEEF,
    0xFEEF, 0xFEEF, 0xFF10, 0xFF54, 0xFF53, 0xFF96, 0xFF97, 0xFF98, 0xFF77, 0xFF97, 0xFF98, 0xFF98, 0xFF97, 0xFF97, 0xFF77, 0xFF77,
    0xFF77, 0xFF77, 0xFF77, 0xFF77, 0xFF55, 0xF62F, 0xF5CD, 0xF5CE, 0xF58D, 0xF58D, 0xF5AD, 0xF5CE, 0xF5CD, 0xF5CE, 0xF5EE, 0xFE2F,
    0xFE50, 0xFE30, 0xFE2F, 0xFE2F, 0xFE0F, 0xFDEE, 0xFDEE, 0xFE0E, 0xFE0F, 0xFE0F, 0xF5EE, 0xF5EE, 0xF5EE, 0xF5EE, 0xF5EE, 0xF5EE,
    0xF60F, 0xFE0F, 0xF5AE, 0xED8D, 0xFE91, 0xFE70, 0xFE71, 0xFE70, 0xFE91, 0xFF14, 0xFF14, 0xFF35, 0xFF97, 0xFF97, 0xFF97, 0xFF97,
    0xFF77, 0xFF76, 0xFF56, 0xFF55, 0xFF55, 0xFF76, 0xFF97, 0xFF77, 0xFF97, 0xFF97, 0xFF97, 0xFF97, 0xFF97, 0xFF98, 0xFF97, 0xFF97,
    0xFF97, 0xFF97, 0xFF14, 0xFED2, 0xFE70, 0xFE70, 0xFE70, 0xFE4F, 0xFE2F, 0xFE2F, 0xF60E, 0xF60E, 0xFE70, 0xFE4F, 0xFE0F, 0xFE0F,
    0xFE2F, 0xFE70, 0xFE90, 0xFE90, 0xFED1, 0xFE70, 0xFE2F, 0xFE0E, 0xFE4F, 0xFE70, 0xFE70, 0xFEB1, 0xFEB1, 0xFED1, 0xFED1, 0xFED1,
    0xFED1, 0xFEF1, 0xFED1, 0xFE90, 0xFE4F, 0xFE4F, 0xFE4F, 0xFE70, 0xFE4F, 0xF5AD, 0xF56D, 0xF58D, 0xF58D, 0xF58D, 0xED8D, 0xED8D,
    0xED8D, 0xF58D, 0xED6D, 0xE50B, 0xD4AB, 0xCC4A, 0xD46A, 0xD46A, 0xD46A, 0xCC6A, 0xCC6A, 0xCC6A, 0xCC6A, 0xCC4A, 0xCC4A, 0xCC4A,
    0xCC4A, 0xCC6A, 0xCC6A, 0xC449, 0xD52E, 0xDD90, 0xDD6F, 0xDD8F, 0xDD8F, 0xDD90, 0xDD90, 0xDD90, 0xDD90, 0xDD90, 0xDD90, 0xDD90,
    0xDD90, 0xDD70, 0xDD70, 0xDD70, 0xDD70, 0xDD70, 0xDD70, 0xDD70, 0xDD90, 0xDD6F, 0xDDD1, 0xEF3A, 0xDEFA, 0xCDF2, 0xDED9, 0xC572,
    0xEF3B, 0xCCCB, 0xE631, 0xACCF, 0xCDF4, 0xC592, 0xC592, 0xE6B8, 0xE635, 0xE614, 0xE614, 0xF71A, 0x9C2D, 0xACD0, 0xE6F9, 0xBD93,
    0xEEB8, 0xDDF4, 0xE71A, 0xD658, 0xACD0, 0xD657, 0xE6DA, 0xBCF0, 0xFFBE, 0xCE16, 0xC5B3, 0xEF5B, 0xEF7C, 0xCDD3, 0xBCAE, 0xEEF9,
    0xF71A, 0xEF3C, 0xEF1A, 0xE6D8, 0xCD2E, 0xDE13, 0xF79D, 0xE6FB, 0xE6FB, 0xE6DA, 0xEEF9, 0xCD71, 0x9B68, 0xA388, 0xABA8, 0xABA8,
    0xFF77, 0xFF77, 0xFF77, 0xFF97, 0xFF97, 0xFF97, 0xFF97, 0xFF98, 0xFF97, 0xFF75, 0xFF76, 0xFF33, 0xFEEE, 0xFEEE, 0xFEEE, 0xFEEF,
    0xFEEF, 0xFEEF, 0xFEEF, 0xFF10, 0xFF30, 0xFF31, 0xFF53, 0xFF76, 0xFF97, 0xFF97, 0xFF76, 0xFF56, 0xFF77, 0xFF77, 0xFF77, 0xFF77,
    0xFF77, 0xFF77, 0xFF77, 0xFF77, 0xFF15, 0xF60F, 0xF5CE, 0xF5CE, 0xED8D, 0xF58D, 0xF5AD, 0xF5CE, 0xF5EE, 0xF5EE, 0xF5EE, 0xFE0F,
    0xFE0F, 0xFE0F, 0xFE0F, 0xFE0F, 0xFE0E, 0xFDEE, 0xFE0E, 0xF5CE, 0xF58D, 0xED8D, 0xF5CE, 0xF5EE, 0xF5CD, 0xF5CD, 0xF5CE, 0xF670,
    0xF6B2, 0xFEB2, 0xFE71, 0xF630, 0xFE91, 0xFED2, 0xFED3, 0xFED3, 0xFEF3, 0xFF56, 0xFF98, 0xFF98, 0xFF97, 0xFF76, 0xFF76, 0xFF97,
    0xFF76, 0xFF56, 0xFF56, 0xFF76, 0xFF77, 0xFF97, 0xFFB7, 0xFF97, 0xFF97, 0xFF97, 0xFF97, 0xFF97, 0xFF97, 0xFF98, 0xFF98, 0xFF97,
    0xFF97, 0xFF76, 0xFF34, 0xFED1, 0xFE70, 0xFE70, 0xFE70, 0xFE4F, 0xFE2F, 0xFE2F, 0xF62F, 0xFE70, 0xFE90, 0xFE2F, 0xFE2F, 0xFE70,
    0xFE90, 0xFE90, 0xFEB1, 0xFED1, 0xFED1, 0xFE70, 0xFE2F, 0xFE2F, 0xFE90, 0xFEB0, 0xFEB0, 0xFEB0, 0xFED1, 0xFF13, 0xFEB1, 0xF64F,
    0xFE4F, 0xFE2F, 0xFE70, 0xFE90, 0xFE90, 0xFE90, 0xFE4F, 0xFE4F, 0xFE4F, 0xF5AD, 0xED6D, 0xF58D, 0xF58D, 0xF58D, 0xF58D, 0xF56D,
    0xF56D, 0xED6D, 0xED6D, 0xF5AD, 0xE50C, 0xD4AB, 0xD48B, 0xCC6A, 0xCC6A, 0xD46A, 0xD46A, 0xD46A, 0xCC6A, 0xCC6A, 0xCC6A, 0xCC6A,
    0xCC4A, 0xCC4A, 0xCC6A, 0xCC6A, 0xCCAB, 0xD4ED, 0xDD8F, 0xDD8F, 0xDD8F, 0xDD8F, 0xDD90, 0xDD90, 0xDD90, 0xDD90, 0xDD8F, 0xDD8F,
    0xDD90, 0xDD90, 0xDD70, 0xDD70, 0xDD70, 0xDD70, 0xDD70, 0xDD70, 0xDD6F, 0xDD6F, 0xDDD0, 0xB551, 0xD635, 0xCDB0, 0xD656, 0xBC07,
    0xEED7, 0xC4CB, 0xE60F, 0xCDB1, 0xC572, 0xDE75, 0xD5F3, 0xC50F, 0xD570, 0xCCAC, 0xDDB2, 0xB531, 0xB4CF, 0xDE56, 0xE71A, 0xDE78,
    0xEEFA, 0xC511, 0xDE98, 0xE73B, 0xC5D5, 0xE6FA, 0xEF1B, 0xEEF9, 0xE71A, 0xD678, 0xA4AF, 0xDE98, 0xDEDA, 0xCDD4, 0xBCAE, 0xBD52,
    0xCDF6, 0xF79D, 0xB512, 0xB512, 0xAC2C, 0xD636, 0xCE58, 0xBDB4, 0xE6FA, 0xAD12, 0xE6FA, 0xDE56, 0x9B68, 0xA388, 0xABA8, 0xABA8,
    0xFF77, 0xFF77, 0xFF56, 0xFF36, 0xFF56, 0xFF97, 0xFF97, 0xFF97, 0xFF97, 0xFF97, 0xFF98, 0xFF54, 0xFF0F, 0xFF10, 0xFEEF, 0xFF0F,
    0xFEEF, 0xFEEF, 0xFEEF, 0xFECE, 0xFECE, 0xFF0F, 0xFEEF, 0xFF11, 0xFF96, 0xFF77, 0xFF56, 0xFF56, 0xFF97, 0xFF78, 0xFF77, 0xFF77,
    0xFF77, 0xFF77, 0xFF77, 0xFF77, 0xFEF4, 0xF6B2, 0xF630, 0xF60F, 0xFE2F, 0xFE50, 0xF5EE, 0xF5EE, 0xFE0F, 0xF5EE, 0xF5EE, 0xF5EE,
    0xF5EE, 0xF5EE, 0xF5EE, 0xFDEE, 0xFDEE, 0xFDEE, 0xFDEE, 0xF5AD, 0xED4C, 0xED4C, 0xF5AD, 0xF5CE, 0xF60F, 0xF60F, 0xF5CE, 0xF6F3,
    0xFF75, 0xFF55, 0xFF34, 0xFEB1, 0xF6B2, 0xFF97, 0xFF98, 0xFF97, 0xFF98, 0xFF98, 0xFF98, 0xFF98, 0xFF97, 0xFF56, 0xFF56, 0xFF97,
    0xFF77, 0xFF56, 0xFF56, 0xFF76, 0xFF97, 0xFF97, 0xFF97, 0xFF97, 0xFF97, 0xFF97, 0xFF97, 0xFF97, 0xFF97, 0xFF97, 0xFF97, 0xFF97,
    0xFF97, 0xFF56, 0xFEB1, 0xFE90, 0xFE70, 0xFE70, 0xFE70, 0xFE0E, 0xF5CD, 0xFE0E, 0xFE2F, 0xFE70, 0xFE91, 0xFE91, 0xFE91, 0xFEB1,
    0xFED1, 0xFEB1, 0xFE70, 0xFE4F, 0xFE4F, 0xFE2F, 0xFE4F, 0xFE6F, 0xFE90, 0xFEB1, 0xFEB0, 0xFEB0, 0xFEB1, 0xFEB1, 0xFE90, 0xFE4F,
    0xF60F, 0xF60E, 0xFE70, 0xFEB0, 0xFED0, 0xFED1, 0xFEB0, 0xFE6F, 0xFE4F, 0xF58D, 0xED6D, 0xF58D, 0xF58D, 0xF58D, 0xF56D, 0xF56D,
    0xED6D, 0xED6D, 0xED6D, 0xED6D, 0xF58D, 0xF58D, 0xDCEB, 0xDCAB, 0xDCCB, 0xD46A, 0xD46A, 0xD46A, 0xD46A, 0xD46A, 0xCC6A, 0xCC6A,
    0xCC4A, 0xCC4A, 0xCC4A, 0xCC6A, 0xC42A, 0xCC8A, 0xDD8F, 0xDD90, 0xDD90, 0xDD8F, 0xDD90, 0xDD90, 0xDD90, 0xDD90, 0xDD8F, 0xDD8F,
    0xDD90, 0xDD70, 0xDD6F, 0xDD6F, 0xDD6F, 0xDD6F, 0xDD6F, 0xDD6F, 0xDD6F, 0xDD6F, 0xDDB0, 0xE6B7, 0xE71A, 0xCE14, 0xDE77, 0xCC89,
    0xE6D7, 0xC52D, 0xDE54, 0xCDF5, 0xE6F9, 0xDED9, 0xCDF4, 0xE6D9, 0xDE35, 0xC42A, 0xEE96, 0xC593, 0xD656, 0xAC8F, 0xE6DA, 0xBD32,
    0xCD93, 0xABCA, 0xBCCF, 0xCDD5, 0xC593, 0xEF7D, 0xBD31, 0xBCAE, 0xDE77, 0xE73B, 0xBD52, 0xDE97, 0xDEDA, 0xC5B4, 0xBC0A, 0xB409,
    0xC572, 0xF79C, 0xA3EB, 0xA3EA, 0xABE9, 0xCD51, 0xD677, 0xC5B5, 0xE6FB, 0xC5D5, 0xE6D9, 0xB4CF, 0x9B06, 0xABA8, 0xA388, 0xA367,
    0xFF77, 0xFF77, 0xFF56, 0xFF36, 0xFF56, 0xFF97, 0xFF97, 0xFF97, 0xFF97, 0xFF97, 0xFF97, 0xFF76, 0xFF76, 0xFF54, 0xFF0F, 0xFEEF,
    0xFEEF, 0xFEEF, 0xFEEF, 0xFEEF, 0xFECF, 0xFF0F, 0xFEEF, 0xFF10, 0xFF52, 0xFF96, 0xFF75, 0xFF55, 0xFF55, 0xFF54, 0xFF75, 0xFF77,
    0xFF77, 0xFF77, 0xFF77, 0xFF77, 0xFF56, 0xFF56, 0xFE71, 0xFE2F, 0xFE70, 0xFE70, 0xFE30, 0xFE0F, 0xFDEF, 0xF5EE, 0xF5EE, 0xF5EE,
    0xF5EE, 0xF5AD, 0xF58D, 0xF58D, 0xF5EE, 0xFDEE, 0xF5EE, 0xED8D, 0xF62F, 0xF64F, 0xF62F, 0xF650, 0xFF14, 0xFF35, 0xFF34, 0xFF35,
    0xFF35, 0xFF76, 0xFF56, 0xFF56, 0xFF76, 0xFF97, 0xFF97, 0xFF97, 0xFF98, 0xFF98, 0xFF98, 0xFF77, 0xFF56, 0xFF56, 0xFF56, 0xFF56,
    0xFF56, 0xFF56, 0xFF56, 0xFF76, 0xFF97, 0xFF97, 0xFF97, 0xFF97, 0xFF77, 0xFF97, 0xFF97, 0xFF97, 0xFF76, 0xFF56, 0xFF77, 0xFF97,
    0xFF97, 0xFF77, 0xFF14, 0xFE90, 0xFE70, 0xFE70, 0xFE6F, 0xFE4F, 0xFE4F, 0xFE4F, 0xFE2F, 0xFE50, 0xFE70, 0xFE70, 0xFE70, 0xFE70,
    0xFE70, 0xFE70, 0xFE4F, 0xFE2F, 0xFE2F, 0xFE2F, 0xFE70, 0xFEB0, 0xFED1, 0xFEF1, 0xFED1, 0xFE90, 0xFE90, 0xFE90, 0xFE90, 0xFEB0,
    0xFEB0, 0xFEB1, 0xFEB0, 0xFEB0, 0xFEB0, 0xFEB0, 0xFEB1, 0xFE90, 0xFE4F, 0xF58D, 0xED6D, 0xF58D, 0xF58D, 0xF58D, 0xF56D, 0xED6D,
    0xED6D, 0xED6D, 0xED6D, 0xED6D, 0xED6D, 0xF56D, 0xED4C, 0xED6C, 0xED4C, 0xD4AA, 0xD48A, 0xD46A, 0xCC6A, 0xCC6A, 0xCC6A, 0xCC6A,
    0xCC4A, 0xCC4A, 0xCC4A, 0xCC4A, 0xCC4A, 0xCC8B, 0xDD6F, 0xDD6F, 0xDD90, 0xDD90, 0xDD90, 0xDD90, 0xDD90, 0xDD8F, 0xDD8F, 0xDD6F,
    0xDD8F, 0xDD8F, 0xDD6F, 0xDD6F, 0xDD6F, 0xDD6F, 0xDD6F, 0xDD6F, 0xDD6F, 0xDD8F, 0xDD4D, 0xDDD1, 0xE719, 0xB50F, 0xDE97, 0xD52C,
    0xEEF7, 0xCCAB, 0xD4C9, 0xB427, 0xD5D1, 0xC592, 0xCD72, 0xEED9, 0xEEB7, 0xEEB7, 0xEEF9, 0xEF3B, 0xD636, 0xC572, 0xDE98, 0xE6FA,
    0xE677, 0xE656, 0xF79C, 0xAC90, 0xDE35, 0xD678, 0xA42C, 0xD4ED, 0xD5B2, 0xE71B, 0xB511, 0xCE16, 0xDEB9, 0xC593, 0xC531, 0xF73A,
    0xF79D, 0xDE98, 0xEF5B, 0xE6D9, 0xC4CD, 0xD5B3, 0xCE57, 0xC5B5, 0xDED9, 0xC5D4, 0xBD31, 0xCD92, 0x9B27, 0xABA9, 0xA3A8, 0xA367,
    0xFF97, 0xFF97, 0xFF97, 0xFF97, 0xFF97, 0xFF97, 0xFF97, 0xFF97, 0xFF97, 0xFF97, 0xFF97, 0xFF77, 0xFF77, 0xFF76, 0xFF34, 0xFF33,
    0xFEEF, 0xFECE, 0xFEEF, 0xFF0F, 0xFF0F, 0xFF0F, 0xFEEF, 0xFEEF, 0xFF11, 0xFF74, 0xFF10, 0xFF0F, 0xFF0F, 0xFF0F, 0xFF32, 0xFF77,
    0xFF77, 0xFF77, 0xFF77, 0xFF77, 0xFF77, 0xFF15, 0xFE70, 0xFE2F, 0xF62F, 0xFE2F, 0xFE2F, 0xFE2F, 0xFDEF, 0xFDEE, 0xF5EE, 0xFDEF,
    0xF5CE, 0xF5CE, 0xF5EE, 0xF5EE, 0xFE2F, 0xF5CE, 0xED6D, 0xED8D, 0xFE50, 0xFEB2, 0xFF13, 0xFF76, 0xFF76, 0xFF76, 0xFF76, 0xFF76,
    0xFF76, 0xFF97, 0xFF97, 0xFF97, 0xFF97, 0xFF97, 0xFF97, 0xFF97, 0xFF97, 0xFF97, 0xFF97, 0xFF97, 0xFF76, 0xFF76, 0xFF56, 0xFF35,
    0xFF56, 0xFF56, 0xFF56, 0xFF97, 0xFF97, 0xFF97, 0xFF97, 0xFF97, 0xFF97, 0xFF98, 0xFF97, 0xFF56, 0xFF56, 0xFF77, 0xFFB8, 0xFFB8,
    0xFF77, 0xFF97, 0xFFB8, 0xFF55, 0xFE90, 0xFE90, 0xFE4F, 0xFE4F, 0xFE4F, 0xFE4F, 0xFE4F, 0xFE4F, 0xFE50, 0xFE30, 0xFE2F, 0xFE0F,
    0xFE2F, 0xFE2F, 0xFE2F, 0xFE2F, 0xFE4F, 0xFE2F, 0xFE90, 0xFEB1, 0xFE70, 0xFE70, 0xFEB1, 0xFEB0, 0xFE90, 0xFE90, 0xFE90, 0xFEB1,
    0xFEB0, 0xFEB1, 0xFED1, 0xFED1, 0xFED1, 0xFEB0, 0xFEB1, 0xFEB1, 0xFE90, 0xFE90, 0xF60E, 0xED6C, 0xF58D, 0xF56D, 0xF56D, 0xED6D,
    0xED6D, 0xED6D, 0xED6D, 0xED6D, 0xED6D, 0xF56D, 0xF56D, 0xF56C, 0xED6C, 0xED6C, 0xED6D, 0xDCAB, 0xD46A, 0xCC6A, 0xCC6A, 0xCC6A,
    0xCC4A, 0xCC4A, 0xCC4A, 0xCC4A, 0xCC4A, 0xCC6A, 0xCC6A, 0xD4CC, 0xDD90, 0xDD8F, 0xDD90, 0xDD90, 0xDD8F, 0xDD8F, 0xDD8F, 0xDD6F,
    0xDD8F, 0xDD8F, 0xDD6F, 0xDD6F, 0xDD6F, 0xDD6F, 0xDD6F, 0xDD6F, 0xDD6F, 0xDD6F, 0xDDAF, 0xEF39, 0xB531, 0xE695, 0xE718, 0xDE95,
    0xDEB6, 0xCCCA, 0xED69, 0xE5CE, 0xF717, 0xC571, 0xD4CB, 0xDD4E, 0xD52D, 0xD50D, 0xCCCD, 0xDE14, 0xD634, 0xB48D, 0xC551, 0xCD10,
    0xC48C, 0xD5F4, 0xC573, 0xBCAE, 0xD635, 0xBD73, 0xDE75, 0xBCAD, 0xCCCC, 0xBD52, 0xBD51, 0xB511, 0xCDF6, 0xBCF0, 0xC4EF, 0xE6F9,
    0xAC6E, 0xC48D, 0xC530, 0xDEDA, 0xC530, 0xCD0F, 0xDE98, 0xC5B4, 0xCE16, 0xDE97, 0xA3EB, 0xAC0B, 0xABC9, 0xABA9, 0xA3A8, 0x9B47,
    0xFF35, 0xFF35, 0xFF56, 0xFF97, 0xFF97, 0xFF97, 0xFF97, 0xFF97, 0xFF97, 0xFF97, 0xFF97, 0xFF77, 0xFF77, 0xFF76, 0xFF97, 0xFF76,
    0xFF32, 0xFF32, 0xFF10, 0xFF0F, 0xFF0F, 0xFF0F, 0xFF0F, 0xFF52, 0xFF53, 0xFF11, 0xFF0F, 0xFF0F, 0xFF0F, 0xFF0F, 0xFF31, 0xFF54,
    0xFF77, 0xFF77, 0xFF77, 0xFF77, 0xFF77, 0xFEF4, 0xFE70, 0xFE2F, 0xFE2F, 0xFE2F, 0xFE2F, 0xFE2F, 0xF5EF, 0xF5EE, 0xF60E, 0xF60F,
    0xF60F, 0xFE2F, 0xFE70, 0xFE50, 0xFE30, 0xFE71, 0xF692, 0xF692, 0xF6D3, 0xFF56, 0xFF76, 0xFF76, 0xFF76, 0xFF76, 0xFF76, 0xFF97,
    0xFFB8, 0xFF97, 0xFF97, 0xFF97, 0xFF97, 0xFF97, 0xFF97, 0xFF77, 0xFF97, 0xFF97, 0xFF97, 0xFF97, 0xFF97, 0xFF97, 0xFF97, 0xFF76,
    0xFF97, 0xFF56, 0xFF56, 0xFF97, 0xFF77, 0xFF97, 0xFF77, 0xFF77, 0xFF77, 0xFF77, 0xFF76, 0xFF56, 0xFF76, 0xFF97, 0xFFB8, 0xFF98,
    0xFF77, 0xFF97, 0xFF97, 0xFF96, 0xFF13, 0xFED1, 0xFE4F, 0xFE4F, 0xFE4F, 0xFE4F, 0xFE4F, 0xFE6F, 0xFE4F, 0xF60F, 0xFE2F, 0xFE2F,
    0xFE2F, 0xFE0F, 0xFE0F, 0xFE4F, 0xFE4F, 0xFE2F, 0xFE4F, 0xFE90, 0xFE6F, 0xFE50, 0xFE90, 0xFE90, 0xFED1, 0xFEB1, 0xFEB1, 0xFEB1,
    0xFE90, 0xFEB0, 0xFE90, 0xFE70, 0xFEB0, 0xFEB0, 0xFEB0, 0xFEB0, 0xFEB0, 0xFED1, 0xFE4F, 0xF5CD, 0xFDEE, 0xF58D, 0xF56D, 0xF56D,
    0xF56D, 0xED6D, 0xED6D, 0xED6D, 0xED6D, 0xED6D, 0xED6D, 0xF56C, 0xED6C, 0xED6C, 0xED6D, 0xF56C, 0xDCAA, 0xCC69, 0xD46A, 0xCC6A,
    0xCC6A, 0xCC4A, 0xCC4A, 0xCC4A, 0xCC4A, 0xCC4A, 0xCC29, 0xD4CC, 0xDDB0, 0xDD90, 0xDD8F, 0xDD8F, 0xDD90, 0xDD8F, 0xDD8F, 0xDD8F,
    0xDD8F, 0xDD8F, 0xDD8F, 0xDD8F, 0xDD6F, 0xDD6F, 0xDD6F, 0xDD6F, 0xDD6F, 0xDD6E, 0xE5D0, 0xBD30, 0xCCC9, 0xDD6A, 0xCD4D, 0xCCEB,
    0xD50A, 0xD529, 0xE569, 0xE5AE, 0xC530, 0xBC6B, 0xDCEA, 0xD4C9, 0xD4CA, 0xD4AA, 0xD48A, 0xCC6A, 0xCCEE, 0xCD50, 0xC4CD, 0xC42A,
    0xCC6A, 0xC48C, 0xBC2A, 0xC42A, 0xB44B, 0xC4EE, 0xBC6C, 0xBC4A, 0xD4EC, 0xC4AD, 0xBC4B, 0xB40B, 0xBCAD, 0xB42B, 0xCCCD, 0xB40B,
    0xBC0A, 0xCC4B, 0xC44A, 0xBC8D, 0xBC6D, 0xC48B, 0xBCEF, 0xB48E, 0xB48D, 0xB48E, 0xA389, 0xAB88, 0xABC9, 0xA388, 0x9B47, 0x9326,
    0xFF35, 0xFF76, 0xFF77, 0xFF97, 0xFF76, 0xFF56, 0xFF76, 0xFF97, 0xFF97, 0xFF97, 0xFF97, 0xFF97, 0xFF77, 0xFF77, 0xFF76, 0xFF76,
    0xFF76, 0xFF76, 0xFF11, 0xFF0F, 0xFF0F, 0xFF0F, 0xFF0F, 0xFF11, 0xFF53, 0xFF52, 0xFF0F, 0xFF0E, 0xFF0E, 0xFF0E, 0xFF0E, 0xFF10,
    0xFF56, 0xFF75, 0xFF76, 0xFF77, 0xFF77, 0xFF77, 0xFF14, 0xFEB1, 0xFE2F, 0xFE2F, 0xFE0F, 0xFE2F, 0xFDEE, 0xFE0E, 0xFE0F, 0xFE2F,
    0xFE70, 0xFE90, 0xFE70, 0xFE71, 0xF671, 0xFF35, 0xFF97, 0xFF96, 0xFF96, 0xFF96, 0xFF76, 0xFF76, 0xFF76, 0xFF76, 0xFF76, 0xFF76,
    0xFF77, 0xFF97, 0xFF97, 0xFF97, 0xFF97, 0xFF97, 0xFF97, 0xFF97, 0xFF97, 0xFF97, 0xFF97, 0xFF97, 0xFF97, 0xFF97, 0xFF97, 0xFF97,
    0xFF97, 0xFF56, 0xFF56, 0xFF97, 0xFF97, 0xFF97, 0xFF77, 0xFF76, 0xFF56, 0xFF56, 0xFF56, 0xFF97, 0xFF97, 0xFF76, 0xFF76, 0xFF77,
    0xFF97, 0xFF97, 0xFF97, 0xFF97, 0xFF97, 0xFEF3, 0xFE70, 0xFE70, 0xFE4F, 0xFE4F, 0xFE4F, 0xFE70, 0xFE4F, 0xF5EE, 0xFE2F, 0xFE2F,
    0xFE2F, 0xF60E, 0xFE0F, 0xFE4F, 0xFE2F, 0xFE2F, 0xFE2F, 0xFE2F, 0xFE4F, 0xFE70, 0xFE90, 0xFE90, 0xFED2, 0xFEF2, 0xFEF2, 0xFED1,
    0xFE90, 0xFE70, 0xFE2F, 0xFE2F, 0xFEB0, 0xFEB0, 0xFEB0, 0xFEB0, 0xFEB0, 0xFEB0, 0xFE90, 0xFE8F, 0xFE6F, 0xED8D, 0xF56D, 0xED6D,
    0xED6D, 0xED6D, 0xED6D, 0xED6D, 0xED6D, 0xED6D, 0xED6D, 0xED6D, 0xED6C, 0xED6C, 0xED6C, 0xF56C, 0xED2B, 0xED2B, 0xDCCA, 0xD46A,
    0xCC6A, 0xCC4A, 0xCC4A, 0xCC4A, 0xCC4A, 0xCC6A, 0xCC29, 0xCCAB, 0xDD2E, 0xDD4E, 0xDD8F, 0xDD8F, 0xDD8F, 0xDD8F, 0xDD8F, 0xDD8F,
    0xDD8F, 0xDD8F, 0xDD8F, 0xDD6F, 0xDD6F, 0xDD6F, 0xDD6F, 0xDD6F, 0xDD6F, 0xDD6E, 0xDD6B, 0xDD4A, 0xED8A, 0xE56A, 0xE569, 0xE58A,
    0xE56A, 0xE56A, 0xE54A, 0xDD09, 0xD4E9, 0xDD0A, 0xD4EA, 0xD4CA, 0xD4CB, 0xCC8A, 0xCC6A, 0xCC6A, 0xCC49, 0xC409, 0xC449, 0xCC8B,
    0xCC8B, 0xCC8B, 0xCCAB, 0xCCAB, 0xD4AB, 0xD48A, 0xD4AB, 0xD4AB, 0xCC8B, 0xCC8B, 0xCC8B, 0xCC8B, 0xC46B, 0xCC8B, 0xCC6B, 0xCC8B,
    0xCC8B, 0xCC6B, 0xCC6B, 0xCC6A, 0xCC6B, 0xC46B, 0xC42A, 0xC42A, 0xC42A, 0xBBEA, 0xABC9, 0xABA9, 0xABA9, 0xA388, 0x9306, 0x92E6,
    0xFF97, 0xFF98, 0xFF77, 0xFF56, 0xFF35, 0xFF35, 0xFF76, 0xFF77, 0xFF77, 0xFF97, 0xFF97, 0xFF97, 0xFF77, 0xFF77, 0xFF77, 0xFF77,
    0xFF76, 0xFF76, 0xFF11, 0xFF0F, 0xFF0F, 0xFF0F, 0xFF0F, 0xFF0F, 0xFF31, 0xFF31, 0xFF0F, 0xFEEE, 0xFF0E, 0xFEEE, 0xFF0E, 0xFF0F,
    0xFF0F, 0xFF0F, 0xFF53, 0xFF76, 0xFF55, 0xFF77, 0xFF55, 0xFE90, 0xFE2F, 0xFE4F, 0xFE4F, 0xFE4F, 0xFE4F, 0xFE4F, 0xFE50, 0xF630,
    0xFE50, 0xFEF2, 0xFF34, 0xFF34, 0xFF34, 0xFF76, 0xFF97, 0xFF97, 0xFF97, 0xFF97, 0xFF76, 0xFF76, 0xFF76, 0xFF76, 0xFF76, 0xFF55,
    0xFF76, 0xFFB8, 0xFF97, 0xFF97, 0xFF97, 0xFF97, 0xFF97, 0xFF97, 0xFF97, 0xFF97, 0xFF97, 0xFF97, 0xFF97, 0xFF97, 0xFF97, 0xFF97,
    0xFF97, 0xFF97, 0xFF97, 0xFF77, 0xFF97, 0xFF97, 0xFF97, 0xFF76, 0xFF56, 0xFF76, 0xFF97, 0xFF97, 0xFF76, 0xFF56, 0xFF55, 0xFF56,
    0xFF97, 0xFF97, 0xFF97, 0xFF97, 0xFF97, 0xFF75, 0xFF74, 0xFF13, 0xFE4F, 0xFE4F, 0xFE4F, 0xFE70, 0xF62F, 0xFE0F, 0xFE2F, 0xFE2F,
    0xFE4F, 0xFE4F, 0xFE4F, 0xFE2F, 0xFE4F, 0xFE4F, 0xFE2F, 0xFE4F, 0xFE4F, 0xFE90, 0xFED1, 0xFED1, 0xFE90, 0xFE90, 0xFE90, 0xFE90,
    0xFE90, 0xFE90, 0xFE70, 0xFE90, 0xFED0, 0xFEB0, 0xFEB0, 0xFEB0, 0xFEB0, 0xFEB0, 0xFE90, 0xFE8F, 0xFE8F, 0xF62E, 0xED8D, 0xED6D,
    0xED6D, 0xED6C, 0xED6C, 0xED6D, 0xED6D, 0xED6D, 0xED6D, 0xED6D, 0xED6C, 0xED6C, 0xED6C, 0xED6C, 0xF56C, 0xF56C, 0xED4B, 0xE52B,
    0xD46A, 0xCC4A, 0xCC6A, 0xCC4A, 0xCC4A, 0xCC49, 0xCC6A, 0xCC6A, 0xCC4A, 0xD4ED, 0xDD90, 0xDD6F, 0xDD8F, 0xDD8F, 0xDD8F, 0xDD8F,
    0xDD8F, 0xDD8F, 0xDD8F, 0xDD8F, 0xDD8F, 0xDD8F, 0xDD8F, 0xDD6F, 0xDD6F, 0xDD6E, 0xE58A, 0xE58A, 0xE569, 0xE569, 0xE569, 0xE589,
    0xE569, 0xE569, 0xE549, 0xDD2A, 0xDD2A, 0xDD0A, 0xDCEA, 0xD4EA, 0xD4CA, 0xD4AA, 0xCC6A, 0xCC6A, 0xCC6A, 0xCC6A, 0xCC6A, 0xCC6B,
    0xCC8B, 0xCC8B, 0xCC8B, 0xCCAB, 0xCCAB, 0xCCAB, 0xCCAB, 0xCC8B, 0xCC8B, 0xCC8B, 0xCC8B, 0xCC8B, 0xCCAB, 0xCC8B, 0xCC8B, 0xCC8B,
    0xCC8B, 0xCC8B, 0xCC6B, 0xCC6B, 0xCC6B, 0xC46B, 0xC46B, 0xC44B, 0xC44B, 0xBC2A, 0xABC9, 0xABA8, 0xA388, 0xA368, 0x9B27, 0x8AA5,
    0xFF97, 0xFF97, 0xFF56, 0xFF55, 0xFF76, 0xFF97, 0xFF77, 0xFF77, 0xFF55, 0xFF76, 0xFF97, 0xFF97, 0xFF97, 0xFF77, 0xFF76, 0xFF76,
    0xFF76, 0xFF77, 0xFF31, 0xFEEF, 0xFF0F, 0xFEEF, 0xFF0F, 0xFF0F, 0xFF0F, 0xFF0F, 0xFF0F, 0xFEEE, 0xFEEE, 0xFEEE, 0xFEEE, 0xFF0E,
    0xFEEF, 0xFEEF, 0xFF52, 0xFF53, 0xFF32, 0xFF75, 0xFF55, 0xFE70, 0xFE4F, 0xFE70, 0xFE90, 0xFE90, 0xFE90, 0xFEF2, 0xFF13, 0xFF34,
    0xFF34, 0xFF55, 0xFFB7, 0xFFB7, 0xFF55, 0xFF76, 0xFF97, 0xFF97, 0xFF97, 0xFF97, 0xFF77, 0xFF76, 0xFF76, 0xFF76, 0xFF76, 0xFF56,
    0xFF76, 0xFFB8, 0xFF97, 0xFFB7, 0xFFB7, 0xFFB7, 0xFF97, 0xFF97, 0xFF97, 0xFF97, 0xFF97, 0xFF97, 0xFF97, 0xFF97, 0xFF97, 0xFF97,
    0xFF97, 0xFF97, 0xFF77, 0xFF77, 0xFF97, 0xFF97, 0xFF97, 0xFF76, 0xFF77, 0xFF97, 0xFFB8, 0xFF98, 0xFF76, 0xFF55, 0xFF55, 0xFF56,
    0xFF97, 0xFF98, 0xFF97, 0xFF76, 0xFF76, 0xFF54, 0xFF75, 0xFF13, 0xFE4F, 0xFE6F, 0xFE6F, 0xFE6F, 0xFE4F, 0xFE4F, 0xFE2F, 0xFE2F,
    0xFE2F, 0xFE2E, 0xFE2F, 0xFE4F, 0xFE4F, 0xFE2F, 0xFE4F, 0xFED1, 0xFED1, 0xFED1, 0xFED1, 0xFED1, 0xFE90, 0xFE6F, 0xFE70, 0xFE70,
    0xFE70, 0xFEB0, 0xFED1, 0xFED1, 0xFED0, 0xFEB0, 0xFEB0, 0xFEB0, 0xFEB0, 0xFEB0, 0xFEB0, 0xFEAF, 0xFEB0, 0xFE90, 0xED8C, 0xED4D,
    0xED6C, 0xF5ED, 0xFE0D, 0xF58C, 0xED6D, 0xED6D, 0xED6D, 0xF58D, 0xED6C, 0xED6C, 0xED6C, 0xED6C, 0xF56C, 0xED6C, 0xED6C, 0xED4B,
    0xD48A, 0xD46A, 0xD46A, 0xD44A, 0xCC49, 0xCC49, 0xD48A, 0xD46A, 0xCC49, 0xD4ED, 0xDD90, 0xDD6F, 0xDD8F, 0xDD8F, 0xDD8F, 0xDD8F,
    0xDD8F, 0xDD8F, 0xDD8F, 0xDD8F, 0xDD8F, 0xDD8F, 0xDD8F, 0xDD8F, 0xDD6F, 0xDD8E, 0xE58A, 0xE589, 0xE589, 0xE589, 0xE589, 0xE589,
    0xE589, 0xE569, 0xE549, 0xDD29, 0xDD0A, 0xDD0A, 0xDCEA, 0xD4EA, 0xD4CA, 0xD4CA, 0xD4CA, 0xCC6A, 0xCC6A, 0xCC6A, 0xCC6A, 0xCC6B,
    0xCC8B, 0xCC8B, 0xCC8B, 0xCCAB, 0xCCAB, 0xCCAB, 0xCCAB, 0xCCAB, 0xCCAB, 0xCC8B, 0xCC8B, 0xCC8B, 0xCC8B, 0xCC8B, 0xCC8B, 0xCC6B,
    0xCC8B, 0xCC8B, 0xCC6B, 0xCC8B, 0xC46B, 0xC46B, 0xC44B, 0xC44B, 0xC44B, 0xBC2A, 0xABC9, 0xABA8, 0xA368, 0x9B47, 0x9B27, 0x8AA5,
};

#endif // PET_THINK_H
