// Auto-generated from pet_sad.png
// 240x320 RGB565, little-endian bytes as stored by esp_lcd.
#ifndef PET_SAD_H
#define PET_SAD_H

#include <stdint.h>

#define PET_SAD_WIDTH  240
#define PET_SAD_HEIGHT 320
#define PET_SAD_PIXELS (240*320)

const uint16_t g_pet_sad[PET_SAD_PIXELS] = {
    0x6980, 0x69A0, 0x71C1, 0x6161, 0x40C0, 0x38A0, 0x2860, 0x2860, 0x2860, 0x2880, 0x2880, 0x3080, 0x3080, 0x3080, 0x3080, 0x3080,
    0x2880, 0x2880, 0x2880, 0x30E0, 0x30E0, 0x3900, 0x3920, 0x3921, 0x3920, 0x3920, 0x3920, 0x3901, 0x3901, 0x3920, 0x3920, 0x3920,
    0x4121, 0x4121, 0x4121, 0x4120, 0x4121, 0x4121, 0x4121, 0x4921, 0x4121, 0x4962, 0x51A3, 0x51A3, 0x6224, 0x6A65, 0x6A65, 0x6A65,
    0x6A86, 0x72A6, 0x72A6, 0x72E7, 0x8369, 0x8369, 0x8B69, 0x8B89, 0x8B6A, 0x8B69, 0x8B48, 0x8B28, 0x9348, 0x9368, 0x9348, 0x9368,
    0x9368, 0x9B88, 0x9B88, 0x9B88, 0xA3A8, 0xA3A8, 0xA3A8, 0xA3A8, 0xABC9, 0xABE9, 0xABE9, 0xAC0A, 0xB42A, 0xBCAC, 0xBCEE, 0xBCCE,
    0xBCCE, 0xBCEE, 0xBCEE, 0xBCEE, 0xBCEE, 0xBD0F, 0xBD0F, 0xBD0F, 0xC52F, 0xC52F, 0xBD2F, 0xC54F, 0xC570, 0xC570, 0xCD70, 0xC550,
    0xC4EE, 0xC4CD, 0xC4CC, 0xC4CC, 0xC4CC, 0xC4CC, 0xC4CD, 0xCD0D, 0xD52E, 0xD52E, 0xD52E, 0xD54E, 0xD54E, 0xD54E, 0xD54E, 0xD54E,
    0xDD8F, 0xDD6F, 0xDDF1, 0xE612, 0xEE74, 0xEE95, 0xEE95, 0xEE95, 0xEED6, 0xF6F6, 0xF6F7, 0xF6F7, 0xF717, 0xF717, 0xF6F7, 0xF6F6,
    0xF6D7, 0xF6D6, 0xEED6, 0xEEB6, 0xEED6, 0xEE95, 0xEE94, 0xF6D7, 0xF6D6, 0xF6D6, 0xF6D6, 0xF6D6, 0xF6F6, 0xF6F7, 0xF6F7, 0xF6F7,
    0xF6F7, 0xF6F7, 0xF6F7, 0xF6F7, 0xF6F7, 0xF6F7, 0xF6B6, 0xEE12, 0xEDF1, 0xEDF1, 0xE5F1, 0xE5F1, 0xEDF1, 0xEDF1, 0xE5F1, 0xE5F1,
    0xE5D1, 0xE5D1, 0xEDF1, 0xEDF1, 0xEDF1, 0xEDD1, 0xEDD1, 0xEDD1, 0xEDD1, 0xEDF1, 0xF695, 0xF6D7, 0xF6D7, 0xF6D7, 0xF6F7, 0xF6F7,
    0xF6F7, 0xF6D7, 0xF6D7, 0xF6F7, 0xF6D7, 0xF6D7, 0xF6D7, 0xF6D7, 0xF6D6, 0xF6D7, 0xF6D7, 0xF6D7, 0xEE74, 0xE5D1, 0xE5B0, 0xE5B0,
    0xE5B0, 0xE5B0, 0xE5B0, 0xE5B0, 0xE5B0, 0xE5B0, 0xE5B0, 0xE5B0, 0xE5B0, 0xE5B0, 0xE5D1, 0xE5D1, 0xE5F2, 0xEE75, 0xF696, 0xF696,
    0xF6B6, 0xF6B6, 0xF6B6, 0xF6B6, 0xF696, 0xF695, 0xF695, 0xEE53, 0xE633, 0xE633, 0xE612, 0xDDB1, 0xDD90, 0xDD90, 0xDDB0, 0xDE32,
    0xDE53, 0xE653, 0xDE51, 0xDE4F, 0xCE0D, 0xCE0D, 0xCE0C, 0xCE0C, 0xD62D, 0xD64E, 0xDE4F, 0xDE50, 0xE671, 0xDE51, 0xDE51, 0xDE30,
    0x6180, 0x5120, 0x38A0, 0x38A0, 0x2860, 0x2880, 0x2880, 0x2880, 0x2880, 0x2880, 0x2880, 0x2880, 0x2880, 0x2880, 0x2880, 0x3080,
    0x30E0, 0x30E0, 0x30E0, 0x38E0, 0x3900, 0x3900, 0x3900, 0x3900, 0x3920, 0x3920, 0x3920, 0x3920, 0x3920, 0x3900, 0x3900, 0x3920,
    0x4121, 0x4121, 0x4120, 0x4120, 0x4121, 0x4141, 0x4961, 0x4961, 0x4961, 0x5A04, 0x6A86, 0x6A86, 0x6A86, 0x6A86, 0x6A86, 0x72C7,
    0x8349, 0x8369, 0x8369, 0x8369, 0x8369, 0x8369, 0x8369, 0x8B8A, 0x8BAA, 0x8BAA, 0x9389, 0x8B68, 0x9348, 0x9B68, 0x9368, 0x9B68,
    0x9B68, 0x9B88, 0x9B88, 0xA3A8, 0xA3C8, 0xABC9, 0xABC9, 0xABE9, 0xAC09, 0xB42A, 0xB42A, 0xB42A, 0xB42A, 0xBC6B, 0xBCAC, 0xBCEE,
    0xBCEE, 0xBCEE, 0xBCEE, 0xBCEE, 0xBCEF, 0xBD0F, 0xBD2F, 0xC530, 0xC52F, 0xC550, 0xC550, 0xC550, 0xC570, 0xC570, 0xC570, 0xCD70,
    0xCD4F, 0xC50E, 0xC4CD, 0xC4CD, 0xC4CD, 0xC4ED, 0xCD0D, 0xD52E, 0xD52E, 0xD52E, 0xD52E, 0xD54E, 0xD54E, 0xD54F, 0xD56F, 0xD56F,
    0xDDB0, 0xDDF1, 0xE612, 0xE633, 0xEE74, 0xEE74, 0xEE53, 0xEE53, 0xEE53, 0xEE74, 0xEE74, 0xEE54, 0xEE53, 0xEE53, 0xE633, 0xE633,
    0xE612, 0xE612, 0xE612, 0xE612, 0xE612, 0xE612, 0xEE73, 0xF6D6, 0xF6F7, 0xF6F7, 0xF6F7, 0xF6F7, 0xF6F7, 0xF6F7, 0xF6F7, 0xF6F7,
    0xF6F7, 0xF6F7, 0xF6F7, 0xF6F7, 0xF6F7, 0xF6F7, 0xF6F7, 0xF6B5, 0xEE53, 0xE5D0, 0xE5D1, 0xE5F1, 0xEDF1, 0xEDF1, 0xE5D1, 0xE5D1,
    0xEDF1, 0xEDF1, 0xEDF1, 0xEDF1, 0xEDF1, 0xEDD1, 0xEDD1, 0xEDD1, 0xEDD1, 0xEDF1, 0xEE33, 0xEE74, 0xF6D7, 0xF6F7, 0xF6F7, 0xF6F7,
    0xF6F7, 0xF6F7, 0xF6F7, 0xF6F7, 0xF6F7, 0xF6F7, 0xF6F7, 0xF6F7, 0xF6D7, 0xF6D6, 0xF6D6, 0xF6D6, 0xF6D7, 0xEE74, 0xE612, 0xE5D0,
    0xE5D1, 0xE5F1, 0xE5D1, 0xE5D1, 0xE5D1, 0xE5D1, 0xE5F2, 0xE5F2, 0xE5F2, 0xE612, 0xE633, 0xEE54, 0xEE75, 0xEE95, 0xEE54, 0xE633,
    0xE5F2, 0xE5F2, 0xE5F2, 0xE5F2, 0xE5F2, 0xE5D2, 0xE5D1, 0xE5B1, 0xDD90, 0xDD90, 0xDD90, 0xDD90, 0xDD90, 0xDD90, 0xDD90, 0xDDF1,
    0xE633, 0xE654, 0xE675, 0xE675, 0xE674, 0xE673, 0xDE50, 0xCE2D, 0xCE0C, 0xCE0C, 0xCE0C, 0xD62D, 0xD64E, 0xD64E, 0xDE4E, 0xDE70,
    0x38A0, 0x3080, 0x2860, 0x2860, 0x3080, 0x3080, 0x3080, 0x3080, 0x2880, 0x2880, 0x2880, 0x2880, 0x2880, 0x30A0, 0x30E0, 0x30E0,
    0x3920, 0x3921, 0x3921, 0x3921, 0x3920, 0x3900, 0x3900, 0x3900, 0x3900, 0x3900, 0x3900, 0x3920, 0x3920, 0x3920, 0x3920, 0x3920,
    0x4120, 0x4120, 0x4120, 0x4141, 0x4121, 0x4961, 0x59E3, 0x59E3, 0x6224, 0x6A65, 0x6A65, 0x6A85, 0x6A86, 0x72E7, 0x7B07, 0x7B28,
    0x8369, 0x8369, 0x8369, 0x8369, 0x8369, 0x8B8A, 0x8BAA, 0x8BAA, 0x93CA, 0x93CA, 0x9BEB, 0x9BCA, 0x9389, 0x9B89, 0x9B88, 0x9B88,
    0x9B88, 0x9B88, 0xA3A9, 0xA3C8, 0xAC0A, 0xB42A, 0xB42A, 0xB42A, 0xB42A, 0xB42A, 0xB42A, 0xB42A, 0xB44A, 0xB42A, 0xB46B, 0xBCCD,
    0xBCEF, 0xBCEF, 0xBD0F, 0xBD0F, 0xBD2F, 0xC550, 0xC550, 0xC550, 0xC570, 0xC570, 0xC570, 0xC550, 0xC550, 0xCD50, 0xCD70, 0xCD70,
    0xCD70, 0xCD4F, 0xCCED, 0xCD2E, 0xCD2F, 0xD54F, 0xD570, 0xD590, 0xD590, 0xD590, 0xD590, 0xD590, 0xDDD1, 0xE612, 0xE613, 0xE633,
    0xE654, 0xEEB5, 0xEEB5, 0xEE95, 0xEE95, 0xE612, 0xEDF1, 0xE611, 0xE5F1, 0xE5F1, 0xE5F1, 0xEDF1, 0xEDF1, 0xE5F1, 0xEDF1, 0xE5F1,
    0xE5F1, 0xE5F1, 0xEDF1, 0xEDF1, 0xEDF1, 0xEDF1, 0xE5F1, 0xEE33, 0xF6D6, 0xF6F7, 0xF6F7, 0xF6F7, 0xF6F7, 0xF6F7, 0xF717, 0xF717,
    0xF717, 0xF6F7, 0xF6F7, 0xF717, 0xF717, 0xF6F7, 0xF6F7, 0xFF18, 0xF6F6, 0xEE73, 0xEE11, 0xE5D1, 0xEDF1, 0xE5F1, 0xE5D1, 0xE5D1,
    0xE5F1, 0xEDF1, 0xEDF1, 0xEDF1, 0xEDF1, 0xEDD1, 0xEDD1, 0xEDD1, 0xEDD1, 0xEDD1, 0xEDD1, 0xEDF2, 0xF6B5, 0xF6D7, 0xF6F7, 0xF6F7,
    0xF6F7, 0xF6D7, 0xF6D7, 0xF6F6, 0xF6D6, 0xF6D6, 0xF6D6, 0xF6D6, 0xEE74, 0xE612, 0xE612, 0xE612, 0xE612, 0xEE12, 0xEE12, 0xEDF1,
    0xEE74, 0xF6B5, 0xEEB6, 0xEEB6, 0xEEB6, 0xEEB6, 0xEEB6, 0xF6D7, 0xF6B7, 0xEEB7, 0xF6D7, 0xEED7, 0xF6D7, 0xEED7, 0xEEB7, 0xEE54,
    0xDDB0, 0xDDB0, 0xDDB0, 0xE5B0, 0xE5B0, 0xE5B0, 0xE5B0, 0xE5B0, 0xE5B0, 0xDD90, 0xDD90, 0xDD90, 0xDD90, 0xDD90, 0xDD90, 0xDD70,
    0xDD90, 0xDE12, 0xE674, 0xE675, 0xE675, 0xE696, 0xE696, 0xE694, 0xDE73, 0xDE93, 0xDE71, 0xCE2D, 0xCE2D, 0xCE2C, 0xCE0C, 0xCE2C,
    0x2860, 0x3060, 0x3080, 0x3080, 0x3080, 0x3080, 0x3080, 0x2880, 0x2880, 0x2880, 0x2880, 0x30E0, 0x38E1, 0x3901, 0x3921, 0x3921,
    0x3921, 0x3921, 0x3941, 0x4141, 0x4141, 0x3921, 0x3900, 0x3900, 0x3900, 0x3900, 0x3900, 0x3900, 0x3900, 0x3900, 0x4120, 0x3900,
    0x4100, 0x3900, 0x4941, 0x59E3, 0x59E3, 0x59E3, 0x5A03, 0x5A03, 0x6224, 0x6A65, 0x6A86, 0x7286, 0x7AE7, 0x8328, 0x8349, 0x8349,
    0x8349, 0x8349, 0x8369, 0x8BAA, 0x93CA, 0x93CB, 0x93CA, 0x93CA, 0x93CA, 0x93CA, 0x9C0B, 0xA40B, 0xA40B, 0x9BA9, 0x9B88, 0x9B88,
    0x9BA9, 0xA3E9, 0xAC0A, 0xB42A, 0xB42A, 0xB42A, 0xB42A, 0xB42A, 0xB42A, 0xB42A, 0xB42A, 0xB42A, 0xB42A, 0xB42A, 0xB44B, 0xB46C,
    0xBCEE, 0xBCEE, 0xBD0F, 0xC52F, 0xC52F, 0xC52F, 0xC52F, 0xC52F, 0xC52E, 0xC52E, 0xC52F, 0xC4EE, 0xC4CD, 0xC4CD, 0xC4CD, 0xC4ED,
    0xC4ED, 0xCCED, 0xD54E, 0xDDF1, 0xE633, 0xE633, 0xE653, 0xE653, 0xE654, 0xE654, 0xE654, 0xE654, 0xE654, 0xE674, 0xE695, 0xEE95,
    0xEEB5, 0xEEB5, 0xEEB5, 0xEEB6, 0xF6B5, 0xEE74, 0xEE32, 0xEDF1, 0xEE11, 0xEE11, 0xEE12, 0xEE12, 0xEE12, 0xEE11, 0xEE12, 0xEE11,
    0xEE11, 0xE5F1, 0xE5F1, 0xE5F1, 0xE611, 0xEDF1, 0xEDF1, 0xEDF1, 0xEE11, 0xEEB4, 0xF717, 0xF6F7, 0xF6F7, 0xF717, 0xF718, 0xF717,
    0xF717, 0xF6F7, 0xF6F7, 0xF6F7, 0xF6F7, 0xF6F7, 0xF6F7, 0xF717, 0xF717, 0xFF38, 0xF695, 0xEE12, 0xEDF1, 0xEDD1, 0xEDD1, 0xE5F1,
    0xE5F1, 0xE5F1, 0xEDF1, 0xE5F1, 0xE5F1, 0xEDF1, 0xEE12, 0xEE12, 0xEE12, 0xEE12, 0xEE12, 0xEE12, 0xEE33, 0xEE95, 0xF6D6, 0xEE54,
    0xEE33, 0xEE33, 0xEE13, 0xEE13, 0xEE12, 0xEE13, 0xEE13, 0xEE13, 0xE5F2, 0xE5D1, 0xE5F1, 0xE5D1, 0xE5D1, 0xE5D1, 0xE5D1, 0xE5F1,
    0xEE33, 0xF6B6, 0xEEB6, 0xEEB6, 0xEEB7, 0xEED7, 0xF6D7, 0xF6D7, 0xEED7, 0xEED7, 0xEED7, 0xF6D7, 0xF6D7, 0xF6D7, 0xF6D7, 0xF6B7,
    0xF6B6, 0xEE13, 0xE5B0, 0xE5B0, 0xE5B0, 0xE5D0, 0xE5B0, 0xE5B0, 0xE5B0, 0xE5B0, 0xDD90, 0xDD90, 0xDD90, 0xDD90, 0xDD90, 0xDD90,
    0xDD90, 0xDDB0, 0xE5F1, 0xE613, 0xE675, 0xE696, 0xE696, 0xE696, 0xE696, 0xE696, 0xE696, 0xE695, 0xE694, 0xE694, 0xDE93, 0xD64F,
    0x3080, 0x3080, 0x3080, 0x3080, 0x3080, 0x3080, 0x30A0, 0x30C0, 0x30C0, 0x30C0, 0x30C0, 0x3901, 0x3901, 0x3921, 0x3921, 0x3920,
    0x3921, 0x3941, 0x4141, 0x4141, 0x4161, 0x4141, 0x3900, 0x3900, 0x3900, 0x3900, 0x3900, 0x3900, 0x3900, 0x3900, 0x3900, 0x3900,
    0x4961, 0x51A3, 0x59C3, 0x5A03, 0x59E3, 0x6203, 0x5A03, 0x6203, 0x6223, 0x6A85, 0x7B08, 0x8328, 0x8349, 0x8349, 0x8328, 0x8369,
    0x8BAA, 0x93AA, 0x93AA, 0x93CA, 0x9C0B, 0x9C0B, 0x9C0B, 0x9C0B, 0x9C0B, 0x9C0B, 0xA42C, 0xA42C, 0xAC2B, 0xA3EA, 0xA3C9, 0xAC0A,
    0xAC0A, 0xAC2A, 0xB44B, 0xB44B, 0xB44B, 0xB44B, 0xB46B, 0xB46B, 0xB48C, 0xB48C, 0xBCAC, 0xBCCD, 0xBCCD, 0xBCCD, 0xBCCD, 0xBCCD,
    0xBCEE, 0xBC8C, 0xBC8C, 0xBC8C, 0xBC8C, 0xBC8C, 0xBC8C, 0xBC8C, 0xBC8B, 0xBC8B, 0xC4AC, 0xC4AC, 0xC4AC, 0xC4AC, 0xC4CD, 0xCCED,
    0xCD0D, 0xCD2E, 0xD54E, 0xDDB1, 0xDE33, 0xDE33, 0xDE53, 0xDE53, 0xDE54, 0xDE54, 0xDE54, 0xE654, 0xE674, 0xE675, 0xE695, 0xEEB5,
    0xEE95, 0xEEB5, 0xEEB5, 0xEEB6, 0xF6F6, 0xF717, 0xF6B5, 0xEE32, 0xEDF1, 0xEE11, 0xEE12, 0xEE11, 0xEE12, 0xEE12, 0xEE11, 0xEE11,
    0xEE11, 0xE611, 0xEE11, 0xEE11, 0xEE11, 0xEDF1, 0xEDF1, 0xEE11, 0xEDF1, 0xEE31, 0xEE53, 0xF6F7, 0xF738, 0xF718, 0xF738, 0xF738,
    0xF738, 0xF738, 0xF738, 0xFF38, 0xFF38, 0xFF38, 0xFF38, 0xFF37, 0xFF18, 0xFF17, 0xFF38, 0xF6F6, 0xEE12, 0xEE12, 0xEE12, 0xEE32,
    0xEE32, 0xEE32, 0xEE12, 0xEE74, 0xF6D5, 0xF6B6, 0xF6F6, 0xF6F6, 0xF6F7, 0xF6F7, 0xF6F7, 0xF6F7, 0xF6F7, 0xF6F7, 0xF6D7, 0xEE74,
    0xEE12, 0xEDF1, 0xEDF2, 0xEDF2, 0xEDF2, 0xEDF2, 0xEDF2, 0xEDF1, 0xEDF2, 0xEDF2, 0xEDF2, 0xEDF2, 0xEDF2, 0xE5F1, 0xE5F1, 0xE5D1,
    0xE5D1, 0xEE53, 0xEE95, 0xF6D6, 0xEEB7, 0xEED7, 0xF6D7, 0xF6D7, 0xEED7, 0xEED7, 0xEED7, 0xF6D7, 0xF6D7, 0xF6D7, 0xEED7, 0xEED7,
    0xF6D8, 0xEED7, 0xEEB6, 0xE633, 0xE5D1, 0xE5B0, 0xE5B0, 0xE5B0, 0xE5B0, 0xE5B0, 0xDD90, 0xDD90, 0xDD90, 0xDD90, 0xDD90, 0xDD90,
    0xDD90, 0xDD90, 0xDD90, 0xDDB0, 0xE613, 0xE634, 0xE675, 0xE696, 0xE696, 0xE696, 0xE696, 0xE696, 0xE696, 0xE6B6, 0xEEB7, 0xEEB7,
    0x3080, 0x3080, 0x3080, 0x30A0, 0x30A0, 0x30A0, 0x30C0, 0x3900, 0x3900, 0x3901, 0x3900, 0x3900, 0x3900, 0x3921, 0x4141, 0x4141,
    0x4141, 0x4161, 0x4162, 0x4182, 0x4982, 0x4982, 0x4141, 0x3900, 0x3900, 0x3900, 0x3900, 0x4100, 0x3900, 0x4121, 0x4962, 0x4961,
    0x51A3, 0x5A04, 0x5A03, 0x6203, 0x6203, 0x6204, 0x6A44, 0x6A64, 0x6A64, 0x72A6, 0x8328, 0x8349, 0x8349, 0x8349, 0x8B89, 0x93AA,
    0x93EB, 0x93EB, 0x93EA, 0x9BEA, 0x9BEA, 0x9BEB, 0x9BEB, 0x9C0B, 0xA40B, 0xA3EB, 0xA3EA, 0xA40A, 0xA3EA, 0xAC0A, 0xBC8C, 0xBCCE,
    0xBCCE, 0xBCCE, 0xBCEE, 0xBCEE, 0xBCEE, 0xBCEE, 0xC50F, 0xC52F, 0xC52F, 0xC52F, 0xC54F, 0xC570, 0xC550, 0xC570, 0xC570, 0xC570,
    0xC54F, 0xBCED, 0xBC8C, 0xBC8C, 0xBC8C, 0xC4AC, 0xBCAC, 0xC4AB, 0xC4AB, 0xC4AC, 0xC4AC, 0xC4AC, 0xC4CC, 0xC4CC, 0xCD0D, 0xD54E,
    0xD54E, 0xD56F, 0xD56F, 0xDD90, 0xDDD1, 0xE633, 0xE633, 0xE653, 0xDE54, 0xE654, 0xE674, 0xE674, 0xE695, 0xEE95, 0xEEB5, 0xEEB5,
    0xEED6, 0xF6D6, 0xF6D6, 0xF6F7, 0xF717, 0xF717, 0xFF17, 0xF717, 0xEE74, 0xEE12, 0xEE12, 0xEE12, 0xEE12, 0xEE32, 0xEE32, 0xEE32,
    0xEE11, 0xEE11, 0xEE11, 0xEE11, 0xEDF1, 0xEDF1, 0xEDF1, 0xEDF1, 0xEDF1, 0xEDF1, 0xEDF1, 0xEE73, 0xF6F6, 0xFF18, 0xF717, 0xFF17,
    0xF717, 0xF717, 0xF717, 0xF6D5, 0xEE95, 0xEEB5, 0xF6B5, 0xEE95, 0xEE94, 0xF694, 0xF694, 0xEE94, 0xEE33, 0xEE73, 0xF6F7, 0xF717,
    0xF6F7, 0xF6F7, 0xF6F7, 0xF718, 0xF738, 0xF738, 0xF738, 0xF718, 0xF718, 0xF718, 0xF718, 0xF738, 0xF738, 0xF738, 0xF738, 0xF718,
    0xEE95, 0xEE73, 0xEE12, 0xEE12, 0xEE12, 0xEDF2, 0xEDF2, 0xEDF2, 0xEDF2, 0xEDF2, 0xEDF2, 0xEDF2, 0xEDF2, 0xE5F1, 0xE5F1, 0xE5D1,
    0xE5D1, 0xE5D1, 0xE612, 0xEE74, 0xF6B6, 0xEED8, 0xF6D7, 0xEED7, 0xF6D7, 0xF6D7, 0xF6D7, 0xF6D7, 0xF6D7, 0xF6D7, 0xF6D7, 0xEED7,
    0xF6D8, 0xF6D8, 0xEEF8, 0xF6F8, 0xEE75, 0xE633, 0xE5D1, 0xE5B0, 0xE5B0, 0xE5B0, 0xDDB0, 0xDD90, 0xE5B0, 0xE5B0, 0xE5B1, 0xE5B0,
    0xDDB0, 0xE5D1, 0xE5F1, 0xE5F2, 0xE613, 0xE634, 0xE675, 0xE675, 0xE654, 0xE634, 0xE634, 0xE633, 0xE634, 0xE634, 0xE634, 0xE634,
    0x3080, 0x3080, 0x30A0, 0x38E0, 0x38E0, 0x38E0, 0x38E0, 0x38E0, 0x38E0, 0x3900, 0x3900, 0x3900, 0x3920, 0x4141, 0x4161, 0x4162,
    0x4162, 0x4982, 0x4982, 0x4982, 0x49A2, 0x49A2, 0x49A2, 0x4120, 0x3900, 0x4100, 0x4100, 0x4121, 0x4961, 0x4982, 0x5A04, 0x5A04,
    0x5A04, 0x5A03, 0x6224, 0x6A45, 0x6A44, 0x6A65, 0x7AE7, 0x7AE7, 0x7B07, 0x7AE7, 0x8328, 0x8B69, 0x8348, 0x8B68, 0x93A9, 0x93CA,
    0x93AA, 0x93AA, 0x93C9, 0x9BA9, 0x93A9, 0x9B89, 0x9B88, 0x9B88, 0x9BA9, 0xA3A9, 0xA3C9, 0xABEA, 0xAC0A, 0xB42A, 0xBCCD, 0xC52F,
    0xBD2F, 0xC52F, 0xC52F, 0xC550, 0xC550, 0xC550, 0xC550, 0xC550, 0xC550, 0xC550, 0xC570, 0xC570, 0xC550, 0xC570, 0xC570, 0xC570,
    0xC570, 0xCD70, 0xBCCD, 0xBCAC, 0xBCAC, 0xC4AC, 0xC4AC, 0xC4AC, 0xC4AC, 0xC4AC, 0xC4CC, 0xC4CC, 0xCD0D, 0xCD2E, 0xD54E, 0xD54E,
    0xD56F, 0xD56F, 0xDD6F, 0xDD6F, 0xD58F, 0xDDF2, 0xDE33, 0xDE53, 0xE654, 0xE674, 0xE695, 0xEE95, 0xEE95, 0xEEB6, 0xEED6, 0xEED6,
    0xEED7, 0xF717, 0xF717, 0xF717, 0xF717, 0xF718, 0xF738, 0xF738, 0xF738, 0xEE94, 0xEE32, 0xEE12, 0xEE32, 0xEE52, 0xEE52, 0xEE52,
    0xEE11, 0xEE11, 0xEE12, 0xEE11, 0xEE32, 0xEE32, 0xEE32, 0xEE32, 0xEE32, 0xEE32, 0xEE53, 0xF694, 0xF6D6, 0xEE95, 0xEE53, 0xEE73,
    0xEE53, 0xEE53, 0xEE53, 0xEE33, 0xEE33, 0xEE33, 0xEE33, 0xEE33, 0xEE33, 0xEE33, 0xEE33, 0xEE13, 0xEE12, 0xEE33, 0xF6B5, 0xF6F6,
    0xF738, 0xF738, 0xF738, 0xF738, 0xF738, 0xF738, 0xF738, 0xF718, 0xF718, 0xF718, 0xF718, 0xF718, 0xF718, 0xF738, 0xF718, 0xF718,
    0xF738, 0xF718, 0xEE74, 0xEE12, 0xEDF2, 0xEDF2, 0xEDF2, 0xE5F2, 0xEDF2, 0xEDF2, 0xEDF2, 0xE5F1, 0xE5F1, 0xE5F1, 0xE5F1, 0xE5D1,
    0xE5D1, 0xE5D1, 0xE5D1, 0xE5D1, 0xEE74, 0xEEB6, 0xF6D7, 0xF6D8, 0xF6F8, 0xF6F8, 0xF6D8, 0xEED8, 0xF6F8, 0xF6D8, 0xF6D8, 0xF6D7,
    0xEED7, 0xF6D7, 0xF6D7, 0xF6D7, 0xF6F7, 0xF6D6, 0xE5F2, 0xE5B1, 0xE5F2, 0xE5F2, 0xE5F2, 0xE5F2, 0xEE33, 0xEE54, 0xEE54, 0xEE54,
    0xEE55, 0xF6D6, 0xEED7, 0xF6D7, 0xF6D7, 0xEED7, 0xEED7, 0xF6F7, 0xEE54, 0xE5F2, 0xE5D1, 0xE5B0, 0xE5B1, 0xE5D1, 0xE5D1, 0xE5D1,
    0x30A0, 0x30A0, 0x38C0, 0x38E0, 0x38E0, 0x38E0, 0x38E0, 0x38E0, 0x3900, 0x3900, 0x3920, 0x3920, 0x4141, 0x4162, 0x4162, 0x4162,
    0x4162, 0x4982, 0x4982, 0x4982, 0x4982, 0x49A2, 0x51A2, 0x4941, 0x4121, 0x4941, 0x4941, 0x51A2, 0x6224, 0x6204, 0x5A04, 0x5A04,
    0x6224, 0x6A64, 0x7AE6, 0x8369, 0x8349, 0x8349, 0x8B69, 0x8B8A, 0x8B8A, 0x93CA, 0x93EB, 0x8B89, 0x8B27, 0x8B47, 0x9368, 0x9368,
    0x9368, 0x9368, 0x9368, 0x9388, 0x9BA9, 0x9BA9, 0xA3A9, 0xA3C9, 0xA3C9, 0xA3C9, 0xB42A, 0xB44B, 0xB44B, 0xB44B, 0xBCAC, 0xC52F,
    0xC52F, 0xC52F, 0xC550, 0xC550, 0xC550, 0xC550, 0xC550, 0xC570, 0xC570, 0xC570, 0xC570, 0xC570, 0xC550, 0xC570, 0xC570, 0xC570,
    0xC570, 0xC570, 0xCD6F, 0xC4ED, 0xBCAC, 0xC4AC, 0xC4AC, 0xC4AC, 0xC4CC, 0xC4EC, 0xCD0D, 0xCD0D, 0xD52E, 0xD54E, 0xD54E, 0xD54E,
    0xD56F, 0xD56F, 0xD56F, 0xDD8F, 0xDD8F, 0xD590, 0xDDF1, 0xE653, 0xEE95, 0xEE95, 0xEEB5, 0xEEB5, 0xEEB5, 0xEED6, 0xF717, 0xF717,
    0xF737, 0xF717, 0xF6F7, 0xF6F6, 0xF6F6, 0xF717, 0xF717, 0xF717, 0xF717, 0xFF17, 0xF673, 0xEE32, 0xEE53, 0xEE73, 0xEE73, 0xEE74,
    0xEE94, 0xF694, 0xF6B5, 0xF695, 0xF6D6, 0xFF38, 0xF738, 0xF738, 0xF738, 0xFF38, 0xFF38, 0xFF38, 0xFF38, 0xF6F7, 0xEE53, 0xEE32,
    0xEE32, 0xEE32, 0xEE32, 0xEE32, 0xEE32, 0xEE32, 0xEE33, 0xEE33, 0xEE33, 0xEE33, 0xEE33, 0xEE32, 0xEE12, 0xEE12, 0xEE12, 0xEE53,
    0xF6B5, 0xF717, 0xF738, 0xF738, 0xF738, 0xF738, 0xF738, 0xF738, 0xF738, 0xF738, 0xF738, 0xF738, 0xF738, 0xF738, 0xF738, 0xF738,
    0xF738, 0xF738, 0xFF59, 0xF6B5, 0xEE33, 0xEE12, 0xEDF2, 0xE5F2, 0xEDF2, 0xE5F1, 0xE5F1, 0xE5F1, 0xE5F1, 0xEDF1, 0xEDF1, 0xE5D1,
    0xE5D1, 0xE5D1, 0xE5D1, 0xE5D1, 0xE5B0, 0xE613, 0xEEB7, 0xEEB6, 0xF6B6, 0xF6B6, 0xF696, 0xF695, 0xF695, 0xF695, 0xF675, 0xEE54,
    0xEE33, 0xEE33, 0xEE33, 0xE613, 0xE612, 0xE5F2, 0xE5D1, 0xE5B1, 0xEE74, 0xF6D6, 0xF6D6, 0xF6D6, 0xF6D7, 0xF6D7, 0xF6D7, 0xF6F7,
    0xF6F7, 0xEEF7, 0xEEF8, 0xF6D7, 0xEEF7, 0xEED7, 0xEED8, 0xF6D8, 0xEED8, 0xEEF7, 0xEE74, 0xE5F2, 0xDDB0, 0xE5D1, 0xE5D1, 0xE5D1,
    0x30A0, 0x3080, 0x38C0, 0x38E0, 0x38E0, 0x38E0, 0x3900, 0x3900, 0x3900, 0x4121, 0x4141, 0x4141, 0x4141, 0x4141, 0x4161, 0x4161,
    0x4141, 0x4141, 0x4141, 0x4141, 0x4941, 0x4941, 0x4941, 0x5161, 0x6204, 0x6225, 0x6245, 0x6224, 0x6224, 0x6244, 0x72C7, 0x72C7,
    0x7B07, 0x8349, 0x8369, 0x8B89, 0x8B89, 0x8B8A, 0x93AA, 0x93CA, 0x93EB, 0x93EB, 0x9C0B, 0x9BCA, 0x9368, 0x9368, 0x9388, 0x9B88,
    0x9B88, 0x9B88, 0x9B88, 0x9BA9, 0x9BA9, 0xA3A9, 0xA3A9, 0xA3C9, 0xABEA, 0xB42A, 0xB44B, 0xB44B, 0xB44B, 0xBC6B, 0xBC8B, 0xBCAC,
    0xC52F, 0xC550, 0xC550, 0xC550, 0xC570, 0xC570, 0xC570, 0xC570, 0xC570, 0xC570, 0xC570, 0xC570, 0xC570, 0xC570, 0xC590, 0xC570,
    0xC570, 0xCD70, 0xCD70, 0xCD70, 0xC4ED, 0xC4AC, 0xC4AC, 0xC4CC, 0xC4CC, 0xCCEC, 0xCD2D, 0xD52D, 0xD54E, 0xD54E, 0xD56E, 0xD56E,
    0xDD6F, 0xDD8F, 0xDD8F, 0xDD8F, 0xDDB0, 0xDDB0, 0xDDD1, 0xE612, 0xE653, 0xE653, 0xE653, 0xEE74, 0xF6B5, 0xF695, 0xF695, 0xF695,
    0xF694, 0xF694, 0xEE53, 0xEE53, 0xEE53, 0xEE33, 0xEE33, 0xEE33, 0xEE53, 0xEE53, 0xEE33, 0xF694, 0xF717, 0xF6F7, 0xF6F7, 0xFF17,
    0xF718, 0xF738, 0xFF38, 0xFF38, 0xFF38, 0xFF38, 0xFF38, 0xFF38, 0xF738, 0xFF38, 0xFF38, 0xF738, 0xF738, 0xFF38, 0xF6F6, 0xF694,
    0xEE52, 0xEE52, 0xEE32, 0xEE32, 0xEE33, 0xEE33, 0xEE33, 0xEE33, 0xEE32, 0xEE12, 0xEE32, 0xEE32, 0xEE32, 0xEE32, 0xEE32, 0xEE32,
    0xEE32, 0xEE74, 0xF717, 0xF738, 0xF738, 0xF738, 0xF738, 0xF738, 0xF738, 0xF738, 0xF738, 0xF738, 0xF738, 0xF738, 0xF738, 0xF738,
    0xF738, 0xFF38, 0xFF39, 0xFF59, 0xF717, 0xEE53, 0xEE12, 0xEDF2, 0xEDD1, 0xE5F1, 0xE5F1, 0xE5F1, 0xE5D1, 0xE5D1, 0xE5F2, 0xEE33,
    0xEE54, 0xEE54, 0xEE74, 0xEE74, 0xEE74, 0xEE95, 0xEED7, 0xEE95, 0xE5D1, 0xE5D1, 0xE5D2, 0xEDD1, 0xE5D1, 0xE5D1, 0xE5D1, 0xE5D1,
    0xE5D1, 0xE5D1, 0xE5D1, 0xE5D1, 0xE5D1, 0xE5D1, 0xE5D1, 0xE5D1, 0xE5F2, 0xEE53, 0xF6D6, 0xEEF7, 0xEEF7, 0xEED7, 0xEEF7, 0xEED7,
    0xEED7, 0xEEF7, 0xF6F7, 0xEED7, 0xEEF7, 0xF6D7, 0xF6D8, 0xF6D7, 0xEED8, 0xEED8, 0xF6F8, 0xEEB6, 0xEE54, 0xE612, 0xDDD1, 0xE5D1,
    0x30A0, 0x30A0, 0x38C0, 0x38E0, 0x38E0, 0x3900, 0x3900, 0x3900, 0x3900, 0x3900, 0x4100, 0x3900, 0x4100, 0x4120, 0x4120, 0x4120,
    0x4120, 0x4120, 0x4920, 0x4920, 0x4920, 0x5141, 0x5141, 0x5161, 0x6224, 0x6245, 0x6245, 0x6265, 0x72C7, 0x72E7, 0x8349, 0x8B69,
    0x8B69, 0x8B8A, 0x8B8A, 0x8B89, 0x8BAA, 0x93CA, 0x93EB, 0x9BEB, 0x9BEB, 0x9BEB, 0x9C0B, 0x9C0B, 0xA40B, 0x93A8, 0x9B88, 0x9BA9,
    0x9BA8, 0x9BA9, 0xA3A9, 0xA3A9, 0xA3A9, 0xA3A9, 0xABE9, 0xB40A, 0xB44A, 0xB44B, 0xBC6B, 0xBC6B, 0xBC6B, 0xBC6B, 0xBC6B, 0xBC8C,
    0xC4EE, 0xC54F, 0xC550, 0xC570, 0xC570, 0xC570, 0xC570, 0xC570, 0xC590, 0xC570, 0xC590, 0xC590, 0xC590, 0xCD91, 0xCD91, 0xCD91,
    0xCD90, 0xCD90, 0xCD90, 0xCD90, 0xCD4F, 0xCD0D, 0xCD0D, 0xCD2E, 0xD56F, 0xD56F, 0xD58F, 0xDDB0, 0xDDF1, 0xE612, 0xE612, 0xE612,
    0xE612, 0xE612, 0xE632, 0xE632, 0xE653, 0xEE74, 0xEE74, 0xEE74, 0xEE74, 0xEE53, 0xEE12, 0xEE32, 0xEE32, 0xEE32, 0xEE32, 0xEE32,
    0xEE32, 0xEE32, 0xEE32, 0xEE33, 0xEE33, 0xEE32, 0xF632, 0xEE32, 0xEE32, 0xEE32, 0xEE32, 0xEE73, 0xF6B5, 0xF6F7, 0xF738, 0xF718,
    0xFF38, 0xFF38, 0xFF38, 0xFF38, 0xFF38, 0xFF38, 0xF738, 0xFF38, 0xF738, 0xFF38, 0xFF38, 0xFF38, 0xFF38, 0xF738, 0xFF38, 0xFF17,
    0xF694, 0xEE52, 0xEE32, 0xEE52, 0xEE32, 0xEE33, 0xEE33, 0xEE33, 0xEE33, 0xEE33, 0xEE33, 0xEE32, 0xEE32, 0xEE32, 0xEE32, 0xEE32,
    0xEE12, 0xEE12, 0xEE74, 0xF6F7, 0xFF38, 0xF738, 0xF738, 0xF738, 0xF738, 0xF738, 0xF738, 0xF738, 0xF738, 0xF738, 0xF758, 0xF738,
    0xF6F6, 0xF6F7, 0xF6D6, 0xF6D6, 0xF6D6, 0xEE94, 0xEE33, 0xEE54, 0xEE94, 0xEE94, 0xEE95, 0xEEB5, 0xEE95, 0xEE95, 0xEE95, 0xF6F7,
    0xFF39, 0xF738, 0xFF38, 0xFF38, 0xFF38, 0xFF18, 0xF718, 0xF6F7, 0xEE74, 0xE5F2, 0xE5D2, 0xE5F2, 0xEDF2, 0xEDF2, 0xEDF2, 0xEDF2,
    0xE5D2, 0xEDD2, 0xEDF2, 0xE5F2, 0xE5F2, 0xE5D2, 0xE5D2, 0xE5D1, 0xE5D1, 0xE5D1, 0xE633, 0xF6B6, 0xEED7, 0xEEF7, 0xEEF7, 0xEED7,
    0xEEF7, 0xEEF7, 0xEEF7, 0xEED7, 0xEED8, 0xF6F8, 0xF6D8, 0xF6D8, 0xF6D7, 0xF6D8, 0xF6D7, 0xF6D7, 0xF6F8, 0xF6D7, 0xEEB5, 0xEE33,
    0x38E0, 0x38E0, 0x3900, 0x4120, 0x4100, 0x3900, 0x4100, 0x4100, 0x4100, 0x4100, 0x4100, 0x4100, 0x4100, 0x4120, 0x4120, 0x4120,
    0x4920, 0x4920, 0x4941, 0x4940, 0x5141, 0x5161, 0x5161, 0x5161, 0x5A03, 0x6A86, 0x72C7, 0x72E7, 0x8B69, 0x8B69, 0x8369, 0x8B69,
    0x8B8A, 0x8B8A, 0x8B8A, 0x93AA, 0x93EB, 0x9BEB, 0x9C0B, 0x9C0B, 0x9C0B, 0x9C0B, 0x9C0B, 0xA42B, 0xA44C, 0x9BC9, 0x9B88, 0x9BA8,
    0x9BA8, 0x9BA8, 0xA3A8, 0xA3C9, 0xAC0A, 0xB42A, 0xB44B, 0xBC6B, 0xBC6B, 0xBC6B, 0xBC6B, 0xBC6B, 0xBC8B, 0xBC8B, 0xBC8B, 0xBC8B,
    0xBC8C, 0xC50E, 0xC54F, 0xC570, 0xC570, 0xCD71, 0xCD91, 0xCD91, 0xCD91, 0xCD91, 0xC570, 0xCD50, 0xCD50, 0xCD70, 0xCD70, 0xC52F,
    0xC50E, 0xCD0E, 0xCD0E, 0xCD0E, 0xCD2E, 0xCD2E, 0xD590, 0xE612, 0xE654, 0xEE74, 0xEE74, 0xEE95, 0xEED6, 0xEED6, 0xEED6, 0xEED6,
    0xEED6, 0xEED6, 0xEED6, 0xEED6, 0xEED6, 0xEED6, 0xEEB6, 0xEED6, 0xEEF6, 0xEEB5, 0xEE53, 0xEE32, 0xEE32, 0xEE32, 0xEE52, 0xEE52,
    0xEE52, 0xEE33, 0xEE53, 0xEE52, 0xEE53, 0xEE33, 0xF653, 0xF653, 0xEE52, 0xEE52, 0xEE53, 0xF652, 0xEE32, 0xF694, 0xF6F6, 0xF718,
    0xF738, 0xFF18, 0xFF38, 0xFF38, 0xFF38, 0xFF38, 0xF738, 0xFF38, 0xFF38, 0xFF38, 0xFF38, 0xFF38, 0xFF38, 0xFF38, 0xFF38, 0xFF38,
    0xFF38, 0xF6B5, 0xEE53, 0xEE32, 0xEE32, 0xEE33, 0xEE33, 0xEE33, 0xEE33, 0xEE33, 0xEE33, 0xEE33, 0xEE32, 0xEE32, 0xEE12, 0xEE12,
    0xEE12, 0xEE12, 0xEE12, 0xEE33, 0xEE95, 0xFF38, 0xFF58, 0xFF58, 0xFF58, 0xFF58, 0xFF58, 0xF6D6, 0xEEB6, 0xF6B5, 0xF6B6, 0xEEB5,
    0xEE33, 0xEE13, 0xEE13, 0xEE12, 0xEE12, 0xEE12, 0xEE12, 0xEE94, 0xF717, 0xFF59, 0xFF39, 0xFF39, 0xFF39, 0xFF38, 0xF738, 0xF718,
    0xF718, 0xF718, 0xF718, 0xF718, 0xF718, 0xF718, 0xF718, 0xF718, 0xF718, 0xF6B6, 0xF675, 0xEE12, 0xEDF2, 0xEDF2, 0xEDF2, 0xEDF2,
    0xEDF2, 0xEDF2, 0xEDF2, 0xE5F2, 0xE5F2, 0xE5F2, 0xE5D2, 0xE5D2, 0xE5D2, 0xE5D2, 0xE5D1, 0xE5F2, 0xEE75, 0xEED6, 0xEED7, 0xEED7,
    0xEEF7, 0xEEF7, 0xEED8, 0xF6F8, 0xF6F8, 0xF6D8, 0xF6D7, 0xF6D8, 0xEED8, 0xEEF8, 0xF6F8, 0xF6F7, 0xF6D7, 0xF6F8, 0xF6F7, 0xF6F7,
    0x4161, 0x4161, 0x4961, 0x4981, 0x4961, 0x4100, 0x4100, 0x4100, 0x4100, 0x4100, 0x4100, 0x4100, 0x4120, 0x4120, 0x4120, 0x4941,
    0x5161, 0x4941, 0x4941, 0x5161, 0x5160, 0x5161, 0x5161, 0x5181, 0x6224, 0x7B07, 0x8B89, 0x8B89, 0x8B69, 0x8B69, 0x8B8A, 0x8B8A,
    0x8B8A, 0x93CA, 0x93EB, 0x9BEB, 0x9BEB, 0x9C0B, 0x9C0C, 0x9C0C, 0x9C0B, 0x9C0B, 0xA42C, 0xA46C, 0xAC6D, 0xAC6C, 0xA3C9, 0x9B88,
    0x9BA8, 0xA3A8, 0xABE9, 0xB42A, 0xB44B, 0xBC6B, 0xBC6B, 0xBC6B, 0xBC6B, 0xBC6B, 0xBC6B, 0xBC6B, 0xBC8B, 0xBC8C, 0xBC8C, 0xBC8C,
    0xBCAC, 0xBCAC, 0xC52E, 0xC54F, 0xCD4F, 0xCD50, 0xCD70, 0xCD70, 0xCD4F, 0xCD50, 0xC52E, 0xC4CD, 0xC4ED, 0xC50E, 0xC50E, 0xCCED,
    0xCCEC, 0xCCEC, 0xCCED, 0xCCED, 0xCD0D, 0xD52E, 0xDDD1, 0xEE74, 0xEE75, 0xEE95, 0xEEB5, 0xEED6, 0xEED6, 0xEED6, 0xEED6, 0xEED6,
    0xEED6, 0xEED6, 0xEED6, 0xEED6, 0xEED6, 0xEED6, 0xEED6, 0xEED6, 0xEED7, 0xF6F7, 0xF6F6, 0xEE73, 0xEE52, 0xEE52, 0xEE53, 0xEE53,
    0xF653, 0xEE53, 0xEE53, 0xF653, 0xF653, 0xEE52, 0xF652, 0xF653, 0xF652, 0xF652, 0xF652, 0xF652, 0xF652, 0xEE52, 0xF653, 0xF6F6,
    0xFF38, 0xFF38, 0xFF38, 0xFF38, 0xFF38, 0xF738, 0xF738, 0xFF59, 0xFF59, 0xFF59, 0xFF59, 0xFF59, 0xFF58, 0xFF38, 0xF738, 0xFF38,
    0xFF38, 0xF738, 0xF717, 0xEE73, 0xEE32, 0xEE33, 0xEE33, 0xEE32, 0xEE33, 0xEE33, 0xEE33, 0xEE32, 0xEE33, 0xEE53, 0xEE53, 0xEE53,
    0xEE53, 0xEE53, 0xEE74, 0xEE74, 0xEE74, 0xF6F7, 0xF717, 0xF6B6, 0xF6B5, 0xF6B5, 0xF6B5, 0xEE53, 0xEE32, 0xEE32, 0xEE12, 0xEE12,
    0xEE32, 0xEE12, 0xEE12, 0xEE12, 0xEE12, 0xEE12, 0xEE12, 0xEE12, 0xF694, 0xF717, 0xF738, 0xF738, 0xF718, 0xF738, 0xF718, 0xF718,
    0xF718, 0xF718, 0xF718, 0xF718, 0xF718, 0xF718, 0xF718, 0xF718, 0xF718, 0xFF38, 0xFF18, 0xF6B6, 0xF674, 0xEDF2, 0xEDF2, 0xEDF3,
    0xEDF2, 0xEDF2, 0xEDF2, 0xEDF2, 0xE5D2, 0xE5D2, 0xE5D2, 0xE5D2, 0xE5F2, 0xE5F2, 0xE5F2, 0xE5F2, 0xE5F2, 0xE5F2, 0xEE75, 0xF6D6,
    0xEED7, 0xEED7, 0xEED8, 0xF6F8, 0xF6F8, 0xF6F8, 0xF6F8, 0xF6F8, 0xF6F8, 0xF6F7, 0xF6D7, 0xF6D7, 0xF6F7, 0xF6D6, 0xEE74, 0xEE94,
    0x49A2, 0x49A2, 0x4982, 0x4982, 0x4961, 0x4100, 0x4100, 0x4100, 0x4100, 0x4120, 0x4120, 0x4120, 0x4921, 0x4941, 0x5161, 0x5161,
    0x5161, 0x5161, 0x5161, 0x4940, 0x5181, 0x61E3, 0x61E2, 0x6203, 0x7AC6, 0x8307, 0x8B89, 0x8B89, 0x8B89, 0x8B89, 0x8B8A, 0x8BAA,
    0x93AA, 0x9C0B, 0x9C0B, 0x9C0B, 0x9C0B, 0x9C0B, 0x9C0C, 0x9C2C, 0xA42C, 0xAC4C, 0xAC6D, 0xAC8D, 0xAC6D, 0xAC8D, 0xAC2B, 0xA3E9,
    0xABEA, 0xABEA, 0xB44B, 0xBC6C, 0xBC8C, 0xBC8C, 0xBC8C, 0xBCAC, 0xBCAD, 0xBCAD, 0xBCAC, 0xBCCD, 0xBCED, 0xBCED, 0xC50E, 0xCD2E,
    0xCD2F, 0xCD2F, 0xC54F, 0xC50E, 0xC4CD, 0xC4CD, 0xC4CD, 0xC4CD, 0xC4CD, 0xC4CD, 0xC4CC, 0xC4CC, 0xC4CC, 0xC4CD, 0xC4CD, 0xCCED,
    0xCCEC, 0xCCEC, 0xD54E, 0xDD8F, 0xDD8F, 0xDDAF, 0xDDB0, 0xE612, 0xEE94, 0xEE95, 0xEEB5, 0xEEB6, 0xEED6, 0xEED6, 0xEED6, 0xEED6,
    0xEED6, 0xEED6, 0xEED6, 0xEED6, 0xEED6, 0xEED6, 0xEED6, 0xEED6, 0xF717, 0xF737, 0xF737, 0xF737, 0xEE94, 0xF652, 0xF652, 0xEE52,
    0xEE53, 0xF653, 0xF653, 0xF653, 0xF653, 0xEE53, 0xEE53, 0xEE53, 0xEE52, 0xEE52, 0xEE32, 0xEE32, 0xF652, 0xF653, 0xEE52, 0xF653,
    0xF6B5, 0xFF59, 0xFF59, 0xFF59, 0xFF59, 0xFF59, 0xFF59, 0xFF79, 0xFF79, 0xFF79, 0xFF79, 0xFF58, 0xFF58, 0xFF58, 0xFF38, 0xFF37,
    0xF6F6, 0xF6F6, 0xF6D6, 0xF694, 0xEE53, 0xEE94, 0xF695, 0xEE75, 0xEE95, 0xF695, 0xEE95, 0xEE95, 0xF6B5, 0xFF37, 0xFF37, 0xFF37,
    0xFF37, 0xFF38, 0xFF38, 0xFF38, 0xFF38, 0xFF38, 0xF717, 0xEE74, 0xEE33, 0xEE12, 0xEE32, 0xEE32, 0xEE33, 0xEE32, 0xEE32, 0xEE32,
    0xEE32, 0xEE12, 0xEE12, 0xEE12, 0xEE12, 0xEE12, 0xEE32, 0xEE32, 0xEE32, 0xEE33, 0xF6D6, 0xF717, 0xFF39, 0xF718, 0xF738, 0xF738,
    0xF738, 0xF738, 0xF738, 0xF738, 0xF738, 0xF738, 0xF718, 0xF718, 0xF718, 0xF718, 0xFF18, 0xF738, 0xF6F7, 0xF695, 0xEE13, 0xEDF2,
    0xEDF2, 0xEDF2, 0xEDF2, 0xEDF2, 0xE5D2, 0xE5D2, 0xE5D2, 0xE5D2, 0xE5F2, 0xE5F2, 0xE5D2, 0xE5D1, 0xE5D2, 0xE5F2, 0xE5F2, 0xE633,
    0xF6D7, 0xF6D7, 0xEED7, 0xF6D7, 0xF6D7, 0xF6D7, 0xF6D7, 0xF6D7, 0xF6D7, 0xF696, 0xE5F2, 0xE5F2, 0xE5F2, 0xE5F2, 0xE5D1, 0xE5D1,
    0x4981, 0x4981, 0x4982, 0x4982, 0x4981, 0x4121, 0x4120, 0x4100, 0x4100, 0x4100, 0x4120, 0x4100, 0x4920, 0x59C2, 0x6203, 0x6203,
    0x61E2, 0x5161, 0x51A1, 0x61E3, 0x6A24, 0x7285, 0x7285, 0x7285, 0x7AC6, 0x8307, 0x8B89, 0x8BA9, 0x8BAA, 0x93AA, 0x93CA, 0x9BEA,
    0x9BEB, 0x9BEB, 0x9BEB, 0x9BEB, 0x9C0B, 0xA40B, 0x9BEB, 0xA3EA, 0xA3EA, 0xA40A, 0xAC0B, 0xAC0B, 0xAC0B, 0xAC2B, 0xB44B, 0xBCAD,
    0xC50E, 0xC50E, 0xC50F, 0xC52F, 0xCD50, 0xCD4F, 0xCD4F, 0xCD70, 0xCD91, 0xCD91, 0xCD91, 0xCD91, 0xCDB1, 0xCD91, 0xCDB1, 0xD5B1,
    0xD5B1, 0xD591, 0xD5B1, 0xCD6F, 0xC4CD, 0xC4CD, 0xC4CD, 0xC4CD, 0xC4CD, 0xC4AC, 0xC4CC, 0xC4CD, 0xC4ED, 0xCCED, 0xCCEC, 0xCD0D,
    0xD54E, 0xD54E, 0xDD8F, 0xE5B0, 0xE5D0, 0xE5D0, 0xE5D0, 0xE5F1, 0xE632, 0xEEB5, 0xEEB5, 0xEEB6, 0xEED6, 0xEED6, 0xEED6, 0xEED6,
    0xEED6, 0xEED6, 0xEED6, 0xF6F7, 0xF717, 0xF717, 0xF737, 0xF737, 0xF737, 0xF758, 0xF758, 0xFF58, 0xFF37, 0xF694, 0xEE52, 0xF652,
    0xEE52, 0xEE52, 0xEE52, 0xEE52, 0xEE53, 0xEE53, 0xEE52, 0xEE52, 0xF652, 0xF632, 0xF632, 0xEE32, 0xEE32, 0xEE32, 0xEE52, 0xEE32,
    0xEE53, 0xF6F7, 0xFF79, 0xFF79, 0xFF79, 0xFF79, 0xFF78, 0xFF58, 0xF758, 0xFF57, 0xF6F6, 0xF6B5, 0xF6B5, 0xF6B5, 0xF6B5, 0xF695,
    0xEE53, 0xEE53, 0xEE53, 0xEE53, 0xEE53, 0xF6D6, 0xFF58, 0xFF59, 0xFF59, 0xFF59, 0xFF58, 0xFF59, 0xFF59, 0xFF59, 0xFF59, 0xFF59,
    0xFF59, 0xFF59, 0xF759, 0xFF59, 0xFF59, 0xFF59, 0xFF58, 0xF717, 0xF6D6, 0xEE53, 0xEE32, 0xEE33, 0xEE33, 0xEE33, 0xEE32, 0xEE32,
    0xEE12, 0xEE12, 0xEE12, 0xEE12, 0xEE12, 0xEE12, 0xEE32, 0xEE32, 0xEE32, 0xEE32, 0xEE12, 0xF674, 0xF6F6, 0xFF38, 0xF738, 0xF738,
    0xFF38, 0xFF38, 0xFF38, 0xF738, 0xF738, 0xF738, 0xF738, 0xF738, 0xF718, 0xF718, 0xF718, 0xF718, 0xF738, 0xF718, 0xF6D6, 0xEE53,
    0xEDF2, 0xEDF2, 0xE5F2, 0xE5F2, 0xE5F2, 0xE5F2, 0xE5F2, 0xE5F2, 0xE5F2, 0xE5F2, 0xE5F2, 0xEE33, 0xF6B6, 0xF6D6, 0xF6D6, 0xF6D6,
    0xF6F7, 0xF6F7, 0xF6F7, 0xEE33, 0xE5F2, 0xE5F2, 0xE5F2, 0xE5F2, 0xE5F2, 0xE5F2, 0xE5B0, 0xE5B0, 0xE5B0, 0xE5B1, 0xE5D1, 0xE5B1,
    0x51C2, 0x51C2, 0x51C3, 0x51C3, 0x59E3, 0x4961, 0x4100, 0x4100, 0x4120, 0x5182, 0x51A2, 0x51A2, 0x51A2, 0x6203, 0x6A24, 0x6A24,
    0x6A44, 0x6203, 0x6A44, 0x72A6, 0x7AC6, 0x8307, 0x8307, 0x8328, 0x8328, 0x8349, 0x8B89, 0x8B89, 0x8B89, 0x8B89, 0x93A9, 0x93A9,
    0x93A9, 0x93A9, 0x93A9, 0x93A9, 0x9BA9, 0xA3A9, 0xA3A9, 0xA3A9, 0xA3A9, 0xA3A9, 0xA3A9, 0xA3C9, 0xABC9, 0xABE9, 0xB42A, 0xC4CD,
    0xC54F, 0xC550, 0xC550, 0xC570, 0xCD91, 0xCD91, 0xCDB1, 0xCDB1, 0xCDB1, 0xCDB1, 0xCDB1, 0xCDB1, 0xCDB1, 0xCD91, 0xCD91, 0xCDB1,
    0xD5B2, 0xD5B2, 0xD5B2, 0xCD91, 0xC52E, 0xC4ED, 0xCCED, 0xCCED, 0xCCED, 0xC4ED, 0xC4CD, 0xC4CD, 0xCCED, 0xCD0D, 0xD52E, 0xD54E,
    0xDDAF, 0xE5D0, 0xE5D0, 0xE5D0, 0xE5D0, 0xE5D0, 0xE5F1, 0xE5F1, 0xE5F1, 0xE653, 0xEEB5, 0xEED6, 0xEED6, 0xEED6, 0xEED6, 0xF6F6,
    0xEEF6, 0xF6F7, 0xF6F7, 0xF717, 0xF738, 0xF738, 0xF758, 0xFF58, 0xF758, 0xF758, 0xF758, 0xFF58, 0xFF58, 0xFF37, 0xF6D5, 0xEE52,
    0xEE52, 0xF632, 0xF652, 0xF652, 0xF653, 0xF673, 0xF673, 0xF673, 0xF673, 0xF694, 0xF6B4, 0xF6B4, 0xF6B4, 0xF6F6, 0xF6F6, 0xF6F6,
    0xF6F6, 0xF717, 0xFF38, 0xF6B5, 0xF6B5, 0xF6B5, 0xF694, 0xEE74, 0xEE53, 0xEE53, 0xEE53, 0xEE53, 0xEE53, 0xEE53, 0xEE53, 0xEE53,
    0xF653, 0xEE53, 0xEE53, 0xF653, 0xF653, 0xEE53, 0xF6D6, 0xF738, 0xFF59, 0xFF59, 0xFF59, 0xFF59, 0xFF59, 0xFF59, 0xFF59, 0xFF59,
    0xFF59, 0xFF59, 0xFF59, 0xFF38, 0xFF58, 0xFF58, 0xFF58, 0xFF59, 0xFF59, 0xF6D6, 0xF694, 0xEE32, 0xF632, 0xF633, 0xEE33, 0xEE32,
    0xEE12, 0xEE12, 0xEE12, 0xEE12, 0xEE12, 0xEE12, 0xEE32, 0xEE32, 0xEE32, 0xEE32, 0xEE32, 0xEE12, 0xEE32, 0xF6B5, 0xF717, 0xFF59,
    0xFF38, 0xFF38, 0xFF38, 0xFF38, 0xFF38, 0xFF38, 0xFF38, 0xF738, 0xF718, 0xF737, 0xF718, 0xF718, 0xF6B6, 0xF695, 0xF6B5, 0xEE33,
    0xEDF1, 0xEE33, 0xF6D6, 0xF6F7, 0xF6D7, 0xF6D7, 0xF6D7, 0xF6F7, 0xF6F7, 0xF6D7, 0xF6D7, 0xF6F7, 0xFF18, 0xF718, 0xF718, 0xF718,
    0xF718, 0xF718, 0xF718, 0xF6B6, 0xEE94, 0xE5F2, 0xE5D1, 0xE5D1, 0xE5D1, 0xE5D1, 0xE5D1, 0xE5D1, 0xE5D1, 0xE5B1, 0xE5D1, 0xE5D1,
    0x51C2, 0x51C2, 0x51C2, 0x51C3, 0x51C3, 0x51A2, 0x5181, 0x51A2, 0x5A04, 0x6A65, 0x6A85, 0x6A86, 0x6A65, 0x6A44, 0x6A44, 0x6A85,
    0x7B07, 0x7B08, 0x8328, 0x8328, 0x8348, 0x8B89, 0x8B89, 0x93AA, 0x9BEB, 0x93EB, 0x93CA, 0x9368, 0x9368, 0x9388, 0x9388, 0x9389,
    0x9389, 0x9388, 0x9388, 0x9BA9, 0xA3A9, 0xA3C9, 0xA3C9, 0xA3C9, 0xABC9, 0xABC9, 0xABE9, 0xABE9, 0xB44A, 0xBC8B, 0xC48B, 0xBC8C,
    0xC52F, 0xC54F, 0xC550, 0xC570, 0xC570, 0xCD90, 0xCD91, 0xCD91, 0xCD91, 0xCD91, 0xCD91, 0xCDB1, 0xCDB1, 0xCD91, 0xCDB2, 0xD5B2,
    0xD5B2, 0xD5B2, 0xD5B2, 0xD5D2, 0xCD91, 0xCD2E, 0xCD0E, 0xCD0E, 0xCCED, 0xCCED, 0xCD0D, 0xCD0D, 0xCD0D, 0xDD6F, 0xE5D0, 0xE5D0,
    0xE5D0, 0xE5D1, 0xE5D1, 0xE5F1, 0xE5D1, 0xE5F1, 0xE5F1, 0xE5F1, 0xEDF1, 0xE611, 0xEE94, 0xEEB6, 0xEED6, 0xEEF6, 0xF6F7, 0xF737,
    0xF737, 0xF738, 0xF738, 0xFF38, 0xF738, 0xF758, 0xF758, 0xF738, 0xF737, 0xF758, 0xFF37, 0xFF57, 0xF716, 0xF717, 0xF6D5, 0xF673,
    0xF693, 0xF694, 0xF694, 0xF694, 0xF6B5, 0xF6F6, 0xFEF7, 0xFF16, 0xF6F6, 0xFF37, 0xFF58, 0xFF58, 0xFF59, 0xFF79, 0xFF79, 0xFF79,
    0xFF79, 0xFF79, 0xF758, 0xEEB5, 0xF674, 0xEE53, 0xF653, 0xF653, 0xF653, 0xF653, 0xF653, 0xF653, 0xF653, 0xF653, 0xEE53, 0xF653,
    0xF653, 0xEE53, 0xEE53, 0xF653, 0xF653, 0xF653, 0xEE53, 0xF6B5, 0xF738, 0xFF59, 0xFF59, 0xFF59, 0xFF59, 0xFF59, 0xFF59, 0xFF59,
    0xFF59, 0xFF59, 0xFF59, 0xFF58, 0xFF58, 0xFF58, 0xFF58, 0xF758, 0xF758, 0xFF58, 0xF717, 0xEE74, 0xEE53, 0xEE33, 0xEE32, 0xEE32,
    0xEE12, 0xEE12, 0xEE12, 0xEE12, 0xEE12, 0xEE12, 0xEE32, 0xEE32, 0xEE12, 0xEE12, 0xEE12, 0xEE12, 0xEE12, 0xEE12, 0xEE53, 0xF6F6,
    0xFF38, 0xFF58, 0xFF58, 0xFF58, 0xFF38, 0xF6B5, 0xEE54, 0xEE54, 0xEE54, 0xEE54, 0xEE54, 0xEE53, 0xEE12, 0xE5F1, 0xEDF1, 0xEDF2,
    0xEE11, 0xEE12, 0xF6B5, 0xF738, 0xF739, 0xF719, 0xF718, 0xF718, 0xF718, 0xF718, 0xF718, 0xF718, 0xF718, 0xF718, 0xF718, 0xF718,
    0xF718, 0xF718, 0xF718, 0xFF18, 0xFF18, 0xEE75, 0xEE54, 0xE5F1, 0xE5D1, 0xE5F1, 0xE5D1, 0xE5D1, 0xE5D1, 0xE5D1, 0xE5D1, 0xE5D1,
    0x5181, 0x5181, 0x51A2, 0x5181, 0x5181, 0x59E3, 0x6A65, 0x6A65, 0x6A85, 0x6A85, 0x6A85, 0x6A85, 0x7AC7, 0x7B08, 0x7B08, 0x8328,
    0x7B08, 0x8308, 0x8328, 0x8328, 0x93AA, 0x9BCB, 0x9BEB, 0x9BEB, 0x9BEB, 0x9C0B, 0x9BEB, 0x9388, 0x9388, 0x9388, 0x9388, 0x9BA9,
    0x9BA9, 0xA3A9, 0xA3A9, 0xA3C9, 0xA3C9, 0xA3C9, 0xA3C9, 0xABE9, 0xABC9, 0xB44A, 0xBC8B, 0xBC6B, 0xBC6B, 0xBC8B, 0xC4AC, 0xC4AC,
    0xC4CD, 0xC52F, 0xC570, 0xC570, 0xC590, 0xCD91, 0xCD91, 0xCD91, 0xCD91, 0xCD92, 0xCD91, 0xCDB1, 0xCDB1, 0xD5B1, 0xD5B2, 0xD5B2,
    0xD5B2, 0xD5B2, 0xD5B2, 0xD5B2, 0xD5D2, 0xD590, 0xCD0E, 0xCD0D, 0xCCED, 0xCCED, 0xD52E, 0xDD8F, 0xDD8F, 0xDDB0, 0xDDB0, 0xE5D0,
    0xE5D0, 0xE5F1, 0xE5F1, 0xE5D0, 0xE5D0, 0xE5F1, 0xE5F1, 0xE5F1, 0xE5F1, 0xE611, 0xE611, 0xEE94, 0xF6F6, 0xF717, 0xF717, 0xF737,
    0xF717, 0xF717, 0xF717, 0xF717, 0xF717, 0xF717, 0xF717, 0xF6F6, 0xF694, 0xF694, 0xF694, 0xF694, 0xF674, 0xF674, 0xF674, 0xF674,
    0xF6D5, 0xFF57, 0xFF38, 0xFF58, 0xFF58, 0xFF79, 0xFF79, 0xFF59, 0xFF59, 0xFF58, 0xFF58, 0xFF59, 0xFF59, 0xFF59, 0xFF79, 0xFF79,
    0xFF59, 0xFF79, 0xFF59, 0xFF58, 0xF6D6, 0xEE53, 0xF653, 0xF653, 0xF673, 0xF673, 0xF673, 0xF673, 0xF673, 0xEE53, 0xEE73, 0xF653,
    0xF653, 0xF653, 0xF653, 0xEE53, 0xEE53, 0xF653, 0xF653, 0xF653, 0xEE74, 0xF717, 0xFF59, 0xFF59, 0xFF59, 0xFF59, 0xFF59, 0xFF59,
    0xFF59, 0xFF59, 0xFF59, 0xFF59, 0xFF59, 0xFF59, 0xFF59, 0xF758, 0xF738, 0xFF38, 0xFF58, 0xFF58, 0xF6D6, 0xF653, 0xEE32, 0xEE12,
    0xEE12, 0xEE12, 0xEE12, 0xEE12, 0xEE12, 0xEDF2, 0xEE12, 0xEE12, 0xF653, 0xF653, 0xEE53, 0xF653, 0xF695, 0xF6B5, 0xF695, 0xF6D6,
    0xFF38, 0xF6D6, 0xF694, 0xEE74, 0xF674, 0xEE33, 0xEE12, 0xEE12, 0xEE12, 0xEDF2, 0xEDF2, 0xEDF2, 0xEDF2, 0xEE12, 0xEE12, 0xEE12,
    0xEE12, 0xEE12, 0xEE12, 0xEE53, 0xF6F7, 0xF718, 0xF738, 0xF718, 0xFF18, 0xFF18, 0xFF38, 0xF718, 0xF718, 0xF718, 0xF738, 0xF738,
    0xF718, 0xF718, 0xF718, 0xF718, 0xF718, 0xFF38, 0xF718, 0xEE53, 0xEE12, 0xE5D1, 0xE5D1, 0xE5F1, 0xE5F1, 0xE5D2, 0xE5D2, 0xE5D1,
    0x5161, 0x5181, 0x5181, 0x5161, 0x5161, 0x59E2, 0x6A65, 0x6A85, 0x72A6, 0x72A6, 0x72C6, 0x72C6, 0x8308, 0x8328, 0x8328, 0x8328,
    0x8B49, 0x8B69, 0x8B69, 0x8B69, 0x93CA, 0x9BEB, 0x9BEB, 0x9BEB, 0x9C0B, 0x9C0B, 0x9C0B, 0x9BEA, 0x9BA8, 0x9BA8, 0x9BA8, 0x9BA8,
    0xA3A9, 0xA3A9, 0xA3A8, 0xA3A8, 0xA3C9, 0xABC9, 0xAC09, 0xBC6B, 0xBC6B, 0xBC8B, 0xC48B, 0xC48B, 0xC48B, 0xC4AB, 0xC4AC, 0xC4CC,
    0xC4CC, 0xC52F, 0xC570, 0xC590, 0xCD90, 0xCD91, 0xCD91, 0xCDB1, 0xCDB1, 0xCDB1, 0xCDB1, 0xCDB1, 0xCDB1, 0xCDB2, 0xD5B2, 0xD5D2,
    0xD5D2, 0xD5D2, 0xD5D2, 0xD5D2, 0xD5D2, 0xD5B1, 0xD590, 0xD54E, 0xD56E, 0xD54E, 0xDD8F, 0xE5D0, 0xE5D1, 0xE611, 0xE612, 0xE612,
    0xE611, 0xE612, 0xE632, 0xEE53, 0xEE53, 0xEE53, 0xEE53, 0xEE53, 0xEE74, 0xEE94, 0xEE94, 0xEEB5, 0xF6B4, 0xEE74, 0xEE94, 0xEE94,
    0xEE74, 0xEE74, 0xEE74, 0xEE74, 0xEE74, 0xEE74, 0xEE74, 0xF674, 0xF674, 0xF673, 0xF673, 0xF673, 0xF673, 0xF673, 0xF674, 0xF674,
    0xF694, 0xFF16, 0xFF59, 0xFF59, 0xFF59, 0xFF59, 0xFF59, 0xFF59, 0xFF59, 0xFF59, 0xFF59, 0xFF59, 0xFF59, 0xFF79, 0xFF79, 0xFF79,
    0xFF79, 0xFF79, 0xFF79, 0xFF79, 0xFF38, 0xF717, 0xEE94, 0xEE53, 0xF674, 0xF673, 0xF673, 0xF673, 0xEE53, 0xEE53, 0xF653, 0xF653,
    0xEE53, 0xEE53, 0xEE53, 0xEE53, 0xEE53, 0xF653, 0xF653, 0xF653, 0xF653, 0xEE74, 0xF6F6, 0xFF58, 0xFF59, 0xFF59, 0xFF79, 0xFF59,
    0xFF59, 0xFF59, 0xFF59, 0xFF59, 0xFF59, 0xFF59, 0xFF79, 0xFF79, 0xFF79, 0xFF59, 0xF6F6, 0xF6F7, 0xF6F6, 0xF694, 0xEE33, 0xEE74,
    0xEE95, 0xF6B5, 0xF6B5, 0xF6B5, 0xF6B5, 0xEEB5, 0xF6B6, 0xF6D6, 0xFF38, 0xFF58, 0xF738, 0xFF38, 0xFF59, 0xFF58, 0xFF58, 0xFF59,
    0xF758, 0xF6F6, 0xF673, 0xEE32, 0xEE12, 0xEE12, 0xEE12, 0xEE12, 0xEE12, 0xEE12, 0xEE12, 0xEE12, 0xEE12, 0xEE12, 0xEE12, 0xEE12,
    0xEE12, 0xEE12, 0xEE12, 0xEE12, 0xEE33, 0xF695, 0xFF17, 0xF738, 0xF738, 0xF738, 0xFF38, 0xFF38, 0xF738, 0xFF38, 0xFF38, 0xFF38,
    0xF738, 0xF738, 0xF718, 0xF718, 0xF718, 0xF718, 0xF718, 0xF718, 0xF6D6, 0xEE13, 0xE5F1, 0xE5D1, 0xE5F1, 0xE5F2, 0xE5D2, 0xE5D1,
    0x5161, 0x5181, 0x5181, 0x5181, 0x5181, 0x59C2, 0x6A44, 0x7285, 0x7AE7, 0x8308, 0x8328, 0x8328, 0x8328, 0x8348, 0x8B69, 0x8B69,
    0x93CB, 0x9BEB, 0x9BEB, 0x9BEB, 0x9BEB, 0x9BEB, 0x9BEB, 0x9C0B, 0x9C0B, 0x9C0B, 0x9C2C, 0xA42B, 0xA3C9, 0x9BA9, 0xA3C9, 0xA3A9,
    0xA3C9, 0xA3A8, 0xA3C9, 0xABE9, 0xABE9, 0xBC6B, 0xC48B, 0xC48B, 0xC48B, 0xC48B, 0xC48B, 0xC48B, 0xC4AC, 0xC4AC, 0xC4CC, 0xC4CC,
    0xC4CC, 0xC50E, 0xC570, 0xCD90, 0xCD91, 0xCDB1, 0xCD91, 0xCDB1, 0xCDB2, 0xCDB2, 0xCDB2, 0xCDD2, 0xCDD2, 0xCDB2, 0xCDB2, 0xD5D2,
    0xD5B1, 0xD590, 0xD591, 0xD590, 0xD590, 0xD590, 0xD5B0, 0xDDB0, 0xE5F2, 0xE612, 0xE632, 0xE653, 0xE674, 0xEED6, 0xEED6, 0xEEB5,
    0xEEB5, 0xEEB5, 0xEED6, 0xF6F7, 0xF6F7, 0xF717, 0xF6F7, 0xF6F7, 0xF717, 0xF717, 0xF717, 0xF738, 0xF6F6, 0xEE74, 0xEE53, 0xEE53,
    0xEE53, 0xEE53, 0xF673, 0xF653, 0xF673, 0xF673, 0xF673, 0xF673, 0xF674, 0xF674, 0xF674, 0xF674, 0xF674, 0xF674, 0xF674, 0xF694,
    0xF674, 0xF6D5, 0xFF38, 0xFF59, 0xFF59, 0xFF59, 0xFF79, 0xFF79, 0xFF79, 0xFF79, 0xFF79, 0xFF79, 0xFF79, 0xFF79, 0xFF79, 0xFF79,
    0xFF79, 0xFF79, 0xFF79, 0xFF59, 0xFF59, 0xFF79, 0xF717, 0xF694, 0xF653, 0xF673, 0xF673, 0xF673, 0xF673, 0xEE53, 0xEE53, 0xF653,
    0xEE53, 0xEE53, 0xF653, 0xEE53, 0xEE53, 0xEE53, 0xEE53, 0xEE53, 0xF653, 0xF653, 0xF673, 0xFF16, 0xFF58, 0xFF58, 0xF758, 0xFF38,
    0xFF58, 0xFF38, 0xFF38, 0xFF37, 0xFF38, 0xFF37, 0xFF37, 0xFF38, 0xFF58, 0xFF17, 0xEE54, 0xEE33, 0xEE33, 0xEE53, 0xEE33, 0xF6B5,
    0xF738, 0xF738, 0xF738, 0xF758, 0xFF58, 0xF758, 0xF758, 0xFF59, 0xFF59, 0xF759, 0xF759, 0xFF59, 0xFF58, 0xFF58, 0xFF59, 0xFF58,
    0xFF58, 0xFF79, 0xFF37, 0xF6B5, 0xEE33, 0xF632, 0xEE12, 0xEE12, 0xEE12, 0xEE12, 0xEE12, 0xEE12, 0xEE12, 0xEE12, 0xEE12, 0xEE12,
    0xEE12, 0xEE12, 0xEE12, 0xEE12, 0xEE12, 0xEE32, 0xEE53, 0xF6F6, 0xF738, 0xF738, 0xF738, 0xFF38, 0xFF38, 0xFF38, 0xF738, 0xF738,
    0xF738, 0xF738, 0xF738, 0xF718, 0xF718, 0xF718, 0xF718, 0xF718, 0xF718, 0xF718, 0xEE75, 0xEE33, 0xEDF2, 0xEDF2, 0xE5D2, 0xE5D2,
    0x5181, 0x59A1, 0x5181, 0x59C2, 0x6A23, 0x6A44, 0x72A5, 0x7AE7, 0x8307, 0x8327, 0x8328, 0x8B49, 0x8B49, 0x93AA, 0x9BEB, 0x9BEB,
    0x9BEB, 0x9BEB, 0x9BEB, 0x9C0B, 0x9C0B, 0x9C0B, 0x9C0B, 0x9C0B, 0xA42B, 0xA44C, 0xA44C, 0xAC6D, 0xAC2B, 0xA3C9, 0xA3C9, 0xA3C9,
    0xABC9, 0xABC8, 0xB409, 0xBC6B, 0xBC6B, 0xC48B, 0xC48B, 0xC48B, 0xC48B, 0xC4AB, 0xC4AB, 0xC4AB, 0xC4AC, 0xBCAC, 0xC4CC, 0xC4CC,
    0xC4CC, 0xBCCC, 0xC52F, 0xCD90, 0xCD70, 0xCD70, 0xCD90, 0xCD91, 0xD5B1, 0xD591, 0xD591, 0xD590, 0xD590, 0xD591, 0xD591, 0xD5B1,
    0xCD4F, 0xCD0D, 0xCD0D, 0xC4ED, 0xCD0D, 0xD54E, 0xD54E, 0xDDD0, 0xEE94, 0xEEB6, 0xEED6, 0xEED6, 0xEED6, 0xEED7, 0xEEF7, 0xEEF7,
    0xEEF7, 0xEEF7, 0xF6F7, 0xF6F7, 0xF6F7, 0xF6F7, 0xF6F7, 0xF6F7, 0xF717, 0xF717, 0xF738, 0xFF58, 0xFF78, 0xF716, 0xEE74, 0xF673,
    0xEE73, 0xEE73, 0xEE73, 0xEE73, 0xEE74, 0xF674, 0xF674, 0xF674, 0xF674, 0xF674, 0xF674, 0xF674, 0xF674, 0xF674, 0xF674, 0xF674,
    0xF694, 0xF694, 0xF6B4, 0xFF58, 0xFF79, 0xFF79, 0xFF79, 0xFF79, 0xFF79, 0xFF79, 0xFF79, 0xFF79, 0xFF79, 0xFF79, 0xFF79, 0xFF79,
    0xFF79, 0xFF79, 0xFF79, 0xFF79, 0xFF59, 0xFF59, 0xFF79, 0xFF17, 0xF694, 0xF673, 0xF653, 0xF653, 0xF653, 0xEE53, 0xEE53, 0xEE53,
    0xEE53, 0xEE53, 0xEE73, 0xF673, 0xF674, 0xEE74, 0xF694, 0xF6B5, 0xF6B5, 0xF6B5, 0xF6B5, 0xF717, 0xF737, 0xF694, 0xF694, 0xF694,
    0xF674, 0xF674, 0xF674, 0xF673, 0xEE73, 0xEE53, 0xEE53, 0xEE53, 0xEE53, 0xEE53, 0xEE53, 0xEE53, 0xEE52, 0xEE32, 0xEE32, 0xEE32,
    0xEE74, 0xF717, 0xF738, 0xF738, 0xF758, 0xF758, 0xF758, 0xF738, 0xF758, 0xF758, 0xF758, 0xFF58, 0xFF58, 0xFF58, 0xFF58, 0xFF58,
    0xFF58, 0xFF58, 0xFF58, 0xFF58, 0xFF37, 0xEE74, 0xEE32, 0xEE32, 0xEE12, 0xEE12, 0xEE12, 0xEE12, 0xEE12, 0xEE12, 0xEE12, 0xEE12,
    0xEE12, 0xEE12, 0xEE12, 0xEE12, 0xEE12, 0xEE12, 0xEE12, 0xEE32, 0xEE74, 0xFF38, 0xFF38, 0xFF38, 0xFF38, 0xFF38, 0xF738, 0xF738,
    0xFF38, 0xFF59, 0xFF59, 0xFF59, 0xFF59, 0xFF59, 0xF738, 0xF6F7, 0xF6F7, 0xF6F7, 0xF6F7, 0xF6D6, 0xEE12, 0xEE32, 0xF674, 0xF694,
    0x6A02, 0x6A23, 0x7224, 0x7244, 0x7285, 0x72A6, 0x82E7, 0x8B49, 0x8348, 0x8328, 0x8B69, 0x9C0C, 0xA40C, 0xA40C, 0x9C0B, 0x9C0B,
    0x9C0B, 0x9C0B, 0x9C0B, 0xA40B, 0xA40B, 0xA40B, 0xA40B, 0xA40B, 0xAC4C, 0xB46D, 0xB48D, 0xB48D, 0xB48D, 0xAC2B, 0xA3C9, 0xABC9,
    0xAC09, 0xBC6A, 0xBC6A, 0xBC8B, 0xC48C, 0xC4AC, 0xC4AC, 0xC4AC, 0xBCAC, 0xBCAC, 0xC4CC, 0xBCAC, 0xC4CD, 0xCD2F, 0xCD4F, 0xCD4F,
    0xCD50, 0xD570, 0xCD70, 0xC54F, 0xC4ED, 0xC50D, 0xC50D, 0xC50E, 0xC50D, 0xC4ED, 0xC4ED, 0xC4ED, 0xC4ED, 0xCCED, 0xCCED, 0xCCED,
    0xCD0D, 0xCCED, 0xCD0D, 0xCD0D, 0xD54E, 0xDDAF, 0xE5D0, 0xE5F1, 0xE632, 0xEEB5, 0xEED6, 0xEED6, 0xEED6, 0xEED7, 0xEED7, 0xEED6,
    0xEEF7, 0xEEF7, 0xEEF7, 0xF6F7, 0xF6F7, 0xF6F7, 0xF6F7, 0xF717, 0xF738, 0xFF78, 0xFF78, 0xFF79, 0xFF79, 0xFF79, 0xF717, 0xEE73,
    0xEE73, 0xEE74, 0xEE73, 0xEE74, 0xF674, 0xF674, 0xF674, 0xF674, 0xF674, 0xF674, 0xF674, 0xF674, 0xF674, 0xF674, 0xF674, 0xF674,
    0xF694, 0xF694, 0xF694, 0xF6B4, 0xFF58, 0xFF79, 0xFF79, 0xFF79, 0xFF79, 0xFF79, 0xFF79, 0xFF79, 0xFF79, 0xFF79, 0xFF79, 0xFF79,
    0xFF79, 0xFF79, 0xFF79, 0xFF79, 0xFF79, 0xFF79, 0xFF59, 0xFF79, 0xF717, 0xF674, 0xF653, 0xEE53, 0xEE73, 0xEE73, 0xEE73, 0xEE74,
    0xF674, 0xFF17, 0xFF37, 0xFF37, 0xFF38, 0xFF58, 0xFF78, 0xFF79, 0xFF79, 0xFF79, 0xFF79, 0xFF99, 0xFF78, 0xF6D6, 0xF6B4, 0xF674,
    0xF674, 0xEE73, 0xEE73, 0xEE73, 0xEE73, 0xF653, 0xF653, 0xEE52, 0xEE52, 0xEE52, 0xEE52, 0xEE53, 0xEE53, 0xEE52, 0xEE32, 0xEE32,
    0xEE32, 0xEE52, 0xF6F5, 0xFF58, 0xF758, 0xF758, 0xF758, 0xF758, 0xF758, 0xF758, 0xFF58, 0xF759, 0xFF59, 0xFF58, 0xF758, 0xF758,
    0xFF58, 0xFF58, 0xFF58, 0xFF58, 0xFF79, 0xFF38, 0xF695, 0xEE32, 0xEE32, 0xEE32, 0xEE32, 0xEE32, 0xEE32, 0xEE12, 0xEE12, 0xEE12,
    0xEE12, 0xEE12, 0xEE12, 0xEE12, 0xEE12, 0xEE12, 0xEE12, 0xEE12, 0xEE12, 0xEE53, 0xF716, 0xFF58, 0xFF38, 0xFF59, 0xFF59, 0xFF59,
    0xFF38, 0xF6D6, 0xF6D6, 0xF6D6, 0xF6D6, 0xF6F6, 0xF6D6, 0xEE33, 0xEE12, 0xEE13, 0xEE12, 0xEE32, 0xEE12, 0xEE12, 0xEE53, 0xF694,
    0x6A23, 0x7244, 0x7244, 0x7244, 0x7285, 0x7285, 0x7AC6, 0x8B69, 0x93CA, 0x9BCA, 0x9BEB, 0xA42C, 0xA42C, 0xA42C, 0xA42C, 0xA42C,
    0xA42C, 0xA40C, 0xA40B, 0xA40B, 0xA40B, 0xA40B, 0xA42C, 0xAC4C, 0xAC4C, 0xAC4C, 0xAC4C, 0xAC6C, 0xB46C, 0xB48C, 0xBC8C, 0xBC8C,
    0xBCAC, 0xCD2E, 0xCD2E, 0xCD2E, 0xCD4F, 0xD590, 0xCD90, 0xCD90, 0xCD90, 0xCD70, 0xCD70, 0xCD70, 0xCD90, 0xD5B1, 0xD5B1, 0xD5B2,
    0xD5B2, 0xD5D2, 0xDDD2, 0xCD6F, 0xC4ED, 0xCCED, 0xC50D, 0xC50D, 0xCCED, 0xCCED, 0xCCED, 0xCCED, 0xCCED, 0xCCED, 0xCCEC, 0xCCED,
    0xCD0D, 0xCD0D, 0xD54E, 0xDD8F, 0xE5D0, 0xE612, 0xEE32, 0xEE12, 0xEE12, 0xEE33, 0xEEB6, 0xEED7, 0xEED6, 0xEED7, 0xEED7, 0xEED7,
    0xF6D7, 0xF6D7, 0xF6F7, 0xEEF7, 0xF6F7, 0xF717, 0xFF58, 0xFF78, 0xFF79, 0xFF79, 0xFF79, 0xFF79, 0xFF79, 0xFF79, 0xFF58, 0xF6D5,
    0xF673, 0xF673, 0xF673, 0xEE73, 0xF694, 0xF674, 0xF674, 0xF694, 0xF694, 0xF694, 0xF694, 0xF674, 0xF674, 0xEE73, 0xF674, 0xF694,
    0xF694, 0xF693, 0xF693, 0xF674, 0xF6B4, 0xFF58, 0xFF79, 0xFF79, 0xFF79, 0xFF79, 0xFF99, 0xFF79, 0xFF79, 0xFF79, 0xFF79, 0xFF79,
    0xFF38, 0xF6F7, 0xF6F7, 0xF6F6, 0xF6F6, 0xF6D6, 0xF6D6, 0xF6D6, 0xF6B5, 0xF674, 0xF6B5, 0xF737, 0xFF37, 0xFF37, 0xFF38, 0xFF38,
    0xFF38, 0xFF79, 0xFF79, 0xFF79, 0xFF79, 0xFF79, 0xFF79, 0xFF79, 0xFF79, 0xFF79, 0xFF79, 0xFF79, 0xFF79, 0xFF99, 0xFF37, 0xF6B4,
    0xF673, 0xF674, 0xF674, 0xF673, 0xF673, 0xF673, 0xF673, 0xEE52, 0xEE52, 0xEE52, 0xF653, 0xF653, 0xEE32, 0xEE32, 0xEE32, 0xEE32,
    0xEE32, 0xEE32, 0xEE53, 0xEE94, 0xF737, 0xF758, 0xFF58, 0xFF79, 0xFF79, 0xFF79, 0xFF79, 0xFF79, 0xFF79, 0xFF79, 0xFF79, 0xFF79,
    0xFF79, 0xFF79, 0xFF79, 0xFF79, 0xFF79, 0xFF79, 0xFF58, 0xFF17, 0xF694, 0xEE11, 0xF612, 0xEE12, 0xEE11, 0xEE11, 0xEE12, 0xEE12,
    0xEE12, 0xEE12, 0xEE12, 0xEE12, 0xEE32, 0xEE32, 0xEE32, 0xEE32, 0xEE32, 0xEE32, 0xEE74, 0xF6D6, 0xFF38, 0xF6B6, 0xF6B5, 0xF6B6,
    0xF6B5, 0xEE33, 0xEE12, 0xEE12, 0xEE12, 0xEE12, 0xEE12, 0xEE12, 0xEE12, 0xEE12, 0xEE12, 0xEE12, 0xEE12, 0xEE12, 0xEE12, 0xEE12,
    0x82E6, 0x82E7, 0x82E7, 0x82E6, 0x7AC6, 0x82E7, 0x8327, 0x9389, 0x9BCA, 0x9BEA, 0xA3EA, 0xA40B, 0xA40B, 0xA40B, 0xA3EB, 0xA40B,
    0xA40B, 0xA40B, 0xA3EA, 0xA3C9, 0xA3CA, 0xA3EA, 0xA3C9, 0xA3C9, 0xA3C9, 0xA3EA, 0xABEA, 0xAC0A, 0xAC2A, 0xBCAC, 0xCD2E, 0xCD70,
    0xCD70, 0xCD90, 0xCD90, 0xCD90, 0xCD91, 0xCDB1, 0xCDB1, 0xCDB1, 0xD5B1, 0xD5B1, 0xD5B1, 0xD5B2, 0xD5B1, 0xD5B1, 0xD5B2, 0xD5B2,
    0xDDB2, 0xDDB2, 0xDDD2, 0xD5B1, 0xCD2E, 0xCCED, 0xCD0D, 0xCD0D, 0xCD0D, 0xCD0D, 0xCD0D, 0xCD0D, 0xCD0D, 0xCD0D, 0xCD2D, 0xD52E,
    0xD54E, 0xDDAF, 0xE5D0, 0xE611, 0xEE11, 0xEE12, 0xEE12, 0xEE12, 0xEE32, 0xEE32, 0xEE74, 0xEEB5, 0xEED6, 0xEED6, 0xEED6, 0xEED6,
    0xEED7, 0xEEF7, 0xF717, 0xF738, 0xFF58, 0xFF58, 0xFF79, 0xFF79, 0xFF79, 0xFF79, 0xFF79, 0xFF79, 0xFF79, 0xFF79, 0xFF79, 0xFF58,
    0xF6D5, 0xF694, 0xF673, 0xF673, 0xF694, 0xF694, 0xF673, 0xF694, 0xF694, 0xF694, 0xF694, 0xF693, 0xF674, 0xF673, 0xF673, 0xF673,
    0xF693, 0xF6B4, 0xF6B4, 0xF6B4, 0xF694, 0xF6F6, 0xF717, 0xF6F6, 0xF6F6, 0xF6F6, 0xF6D6, 0xF6D6, 0xF6D6, 0xF6D6, 0xF6D6, 0xF6D6,
    0xF6B5, 0xF694, 0xF694, 0xEE94, 0xF674, 0xF674, 0xF674, 0xF674, 0xF694, 0xF674, 0xF6B4, 0xFF37, 0xFF79, 0xFF79, 0xFF99, 0xFF99,
    0xFF99, 0xFF99, 0xFF79, 0xFF79, 0xFF79, 0xFF79, 0xFF79, 0xFF79, 0xFF79, 0xFF79, 0xFF79, 0xFF79, 0xFF79, 0xFF79, 0xFF79, 0xFF58,
    0xF716, 0xF674, 0xF673, 0xF673, 0xF673, 0xF673, 0xF673, 0xEE53, 0xEE53, 0xEE53, 0xF653, 0xF653, 0xF652, 0xEE32, 0xEE32, 0xEE32,
    0xF632, 0xF632, 0xF632, 0xF652, 0xF6B4, 0xF6F6, 0xFF79, 0xFF79, 0xFF79, 0xFF99, 0xFF99, 0xFF79, 0xFF79, 0xFF79, 0xFF99, 0xFF99,
    0xFF79, 0xFF79, 0xFF79, 0xFF79, 0xFF79, 0xFF79, 0xFF79, 0xFF78, 0xF716, 0xF673, 0xF653, 0xEE53, 0xEE53, 0xEE53, 0xEE53, 0xF653,
    0xEE74, 0xF694, 0xF694, 0xEE74, 0xF6D6, 0xFF37, 0xFF17, 0xFF17, 0xFF18, 0xFF18, 0xFF17, 0xF718, 0xFF58, 0xF6D5, 0xF613, 0xEE12,
    0xEE33, 0xEE13, 0xEE13, 0xEE13, 0xEE12, 0xEE12, 0xEE12, 0xEE12, 0xEE12, 0xEE12, 0xEE12, 0xEE12, 0xEE12, 0xEE12, 0xEE12, 0xEE12,
    0x8327, 0x8327, 0x8327, 0x8B48, 0x93A9, 0x9BAA, 0x9BEB, 0x9BEB, 0x9BA9, 0x9369, 0x9B89, 0x9B89, 0x9BA9, 0x9BA9, 0x9B89, 0x9BA9,
    0xA3C9, 0xA3C9, 0xA3C9, 0xA3C9, 0xA3C9, 0xA3C9, 0xA3C9, 0xA3C9, 0xABE9, 0xABE9, 0xB42A, 0xB46B, 0xBC6B, 0xBC8B, 0xC4EE, 0xCD90,
    0xCD70, 0xCD90, 0xCD91, 0xCD91, 0xCDB1, 0xCD91, 0xCD91, 0xCD91, 0xCDB1, 0xCDB1, 0xCDB1, 0xD5B1, 0xD5B1, 0xD5B1, 0xD5B1, 0xD5D2,
    0xD5D2, 0xD5D2, 0xDDF2, 0xDDF2, 0xD590, 0xCD0D, 0xCD0D, 0xCD0D, 0xCD0D, 0xCD0D, 0xCD0D, 0xCD0D, 0xCD0D, 0xCD2D, 0xDD8F, 0xE5D0,
    0xE5F1, 0xEE11, 0xEE11, 0xEE12, 0xEE12, 0xEE11, 0xE611, 0xEE31, 0xEE32, 0xEE32, 0xE612, 0xEE74, 0xF6F7, 0xEEF7, 0xF6F7, 0xF6F7,
    0xF6F7, 0xF738, 0xFF58, 0xFF58, 0xFF78, 0xFF79, 0xFF79, 0xFF79, 0xFF79, 0xFF79, 0xFF79, 0xFF79, 0xFF79, 0xFF79, 0xFF58, 0xFF58,
    0xFF38, 0xF6D5, 0xF673, 0xF673, 0xF694, 0xF694, 0xF694, 0xF694, 0xF694, 0xF694, 0xF694, 0xF6F6, 0xFF37, 0xFF17, 0xFF17, 0xFF17,
    0xF717, 0xFF58, 0xFF58, 0xFF58, 0xFF58, 0xFF38, 0xFF37, 0xF6B5, 0xF674, 0xF674, 0xF674, 0xF674, 0xF674, 0xF674, 0xF674, 0xF674,
    0xF674, 0xF694, 0xF694, 0xF674, 0xF694, 0xF694, 0xF694, 0xF694, 0xF694, 0xF694, 0xF694, 0xF6B5, 0xF6F6, 0xFF58, 0xFF79, 0xFF79,
    0xFF79, 0xFF79, 0xFF79, 0xFF79, 0xFF79, 0xFF79, 0xFF79, 0xFF79, 0xFF79, 0xFF99, 0xFF79, 0xFF79, 0xFF79, 0xFF79, 0xFF79, 0xFF79,
    0xFF79, 0xF737, 0xEE94, 0xF653, 0xF673, 0xF673, 0xEE53, 0xEE53, 0xF653, 0xEE73, 0xF653, 0xF653, 0xF652, 0xF652, 0xEE32, 0xEE32,
    0xEE32, 0xF652, 0xF652, 0xF673, 0xF652, 0xF673, 0xF6F6, 0xFF58, 0xFF99, 0xFF99, 0xFF99, 0xFF99, 0xFF99, 0xFF99, 0xF717, 0xF6B5,
    0xF6B5, 0xF6B5, 0xF6B4, 0xF694, 0xF694, 0xF694, 0xF694, 0xF673, 0xEE53, 0xEE52, 0xEE32, 0xFEF6, 0xFF58, 0xFF38, 0xFF38, 0xFF38,
    0xFF58, 0xFF58, 0xFF78, 0xFF58, 0xFF58, 0xFF59, 0xFF59, 0xFF59, 0xFF59, 0xFF59, 0xFF59, 0xFF59, 0xFF59, 0xFF58, 0xF6F6, 0xF694,
    0xEE13, 0xEE33, 0xEE33, 0xEE33, 0xEE13, 0xEE33, 0xEE33, 0xEE33, 0xEE12, 0xEE12, 0xEE12, 0xEE12, 0xEE12, 0xEE12, 0xEE12, 0xEE12,
    0x8B68, 0x9389, 0x9389, 0x9BCA, 0xA42C, 0xA40B, 0xA40B, 0x9C0B, 0x9BEA, 0x9B88, 0x9B89, 0x9BA9, 0xA3A9, 0xA3A9, 0xA3C9, 0xA3C9,
    0xA3C9, 0xA3C9, 0xA3C9, 0xA3C9, 0xA3E9, 0xABE9, 0xA3C9, 0xAC2A, 0xB44A, 0xBC6B, 0xBC8B, 0xBCAC, 0xBCAC, 0xBCAC, 0xC4ED, 0xCD4F,
    0xCD70, 0xCD90, 0xCD91, 0xCD91, 0xCD91, 0xCDB1, 0xCDB1, 0xCDB1, 0xCDB1, 0xD5B1, 0xD5B2, 0xD5B2, 0xD5B2, 0xD5D1, 0xD5D1, 0xD5F2,
    0xD5D2, 0xDDD2, 0xDDF2, 0xDDF2, 0xDDD2, 0xD56F, 0xCD0D, 0xCD0D, 0xCD0D, 0xCD0D, 0xCD0D, 0xD50D, 0xDD6E, 0xE5D0, 0xE5F1, 0xEE11,
    0xEE32, 0xEE32, 0xEE32, 0xEE11, 0xEE32, 0xEE32, 0xEE32, 0xEE32, 0xEE32, 0xEE32, 0xEE32, 0xEE53, 0xEE94, 0xF6F7, 0xF6F7, 0xF717,
    0xFF58, 0xFF79, 0xFF79, 0xFF79, 0xFF79, 0xFF79, 0xFF79, 0xFF79, 0xFF79, 0xFF78, 0xF737, 0xF6D5, 0xF6D5, 0xF6D5, 0xF6D5, 0xF6D5,
    0xF6B5, 0xF694, 0xF6B4, 0xF717, 0xFF17, 0xFF38, 0xFF38, 0xFF38, 0xFF58, 0xFF58, 0xFF58, 0xFF79, 0xFF9A, 0xFF99, 0xFF99, 0xFF99,
    0xFF99, 0xFF79, 0xFF79, 0xFF79, 0xFF79, 0xFF79, 0xFF79, 0xF737, 0xF6B5, 0xF694, 0xF6B4, 0xF694, 0xF694, 0xF694, 0xF694, 0xF694,
    0xF694, 0xF694, 0xF694, 0xF694, 0xF694, 0xF694, 0xF694, 0xF694, 0xF694, 0xF694, 0xF694, 0xF674, 0xF694, 0xF6F6, 0xFF78, 0xFF99,
    0xFF79, 0xFF79, 0xFF79, 0xFF99, 0xFF99, 0xFF79, 0xFF99, 0xFF99, 0xFF99, 0xFF99, 0xFF99, 0xFF79, 0xFF79, 0xFF79, 0xFF79, 0xFF79,
    0xFF79, 0xFF99, 0xF737, 0xF6B5, 0xF673, 0xF673, 0xF673, 0xF673, 0xF673, 0xF673, 0xF653, 0xF653, 0xF653, 0xF653, 0xF652, 0xEE32,
    0xEE32, 0xEE52, 0xF652, 0xF652, 0xF653, 0xEE72, 0xEE52, 0xF6B4, 0xFF58, 0xFF17, 0xFF17, 0xFF17, 0xF6F6, 0xF6B5, 0xF694, 0xEE53,
    0xF653, 0xEE53, 0xEE33, 0xEE32, 0xEE32, 0xEE32, 0xEE12, 0xEE12, 0xEE11, 0xEE11, 0xEE12, 0xEE73, 0xF694, 0xFF38, 0xFF58, 0xFF58,
    0xFF58, 0xFF58, 0xFF58, 0xFF58, 0xFF58, 0xFF58, 0xF738, 0xF738, 0xFF38, 0xF738, 0xF758, 0xFF58, 0xFF38, 0xFF38, 0xFF79, 0xFF17,
    0xF6B5, 0xEE53, 0xEE12, 0xEE33, 0xEE33, 0xEE33, 0xEE33, 0xEE33, 0xEE33, 0xEE33, 0xEE33, 0xEE33, 0xEE33, 0xEE12, 0xEE12, 0xEE32,
    0x9BCA, 0xA40B, 0xA40B, 0xA40B, 0xA40B, 0xA42C, 0xA42C, 0xA44C, 0xA3EA, 0x9B89, 0xA3A9, 0xA3A9, 0xA3A9, 0xA3C9, 0xA3C9, 0xA3C9,
    0xA3C9, 0xABE9, 0xABC9, 0xABC9, 0xABE9, 0xB42A, 0xB44A, 0xBC6B, 0xBC8B, 0xC4AC, 0xC4AC, 0xC4CC, 0xC4CC, 0xC4CC, 0xC4CD, 0xC50E,
    0xCD91, 0xCD91, 0xCD91, 0xCDB1, 0xCDB1, 0xCDB1, 0xCDB1, 0xCDB1, 0xCDB1, 0xD5D2, 0xD5B2, 0xD5D2, 0xD5D2, 0xD5D2, 0xD5F2, 0xD5F2,
    0xDDD2, 0xDDD2, 0xDDF2, 0xDDF2, 0xDDF2, 0xDDD1, 0xCD2E, 0xCD2D, 0xCD0D, 0xD52D, 0xD54E, 0xDDAF, 0xE5D0, 0xE611, 0xEE32, 0xEE32,
    0xEE32, 0xEE32, 0xEE32, 0xEE31, 0xEE32, 0xEE32, 0xEE32, 0xEE32, 0xEE32, 0xEE32, 0xEE32, 0xEE32, 0xEE53, 0xF6D6, 0xF6D6, 0xF6F6,
    0xF716, 0xF716, 0xFF16, 0xFF16, 0xF6F6, 0xF6D5, 0xF6D5, 0xF6D5, 0xF6D5, 0xF6D5, 0xF6B4, 0xF694, 0xF694, 0xF694, 0xF694, 0xF674,
    0xF674, 0xF673, 0xF6D5, 0xF758, 0xFF59, 0xFF79, 0xFF79, 0xFF79, 0xFF79, 0xFF99, 0xFF99, 0xFF79, 0xFF79, 0xFF79, 0xFF99, 0xFF79,
    0xFF79, 0xFF79, 0xFF79, 0xFF79, 0xFF79, 0xFF79, 0xFF79, 0xFF99, 0xF717, 0xF694, 0xF694, 0xF6B4, 0xF694, 0xF6B4, 0xF694, 0xF694,
    0xF694, 0xF694, 0xF694, 0xF694, 0xF694, 0xF694, 0xF694, 0xF694, 0xF694, 0xF694, 0xF694, 0xF694, 0xF694, 0xF694, 0xF6D5, 0xF737,
    0xFF79, 0xFF79, 0xFF79, 0xFF99, 0xFF99, 0xFF99, 0xFF99, 0xFF99, 0xFF79, 0xFF99, 0xFF99, 0xFF99, 0xFF99, 0xFF79, 0xFF99, 0xFF79,
    0xFF79, 0xFF79, 0xFF99, 0xFF79, 0xF6F6, 0xF673, 0xF673, 0xEE53, 0xF653, 0xEE53, 0xF673, 0xF653, 0xF653, 0xF652, 0xF673, 0xF6D5,
    0xF6D5, 0xF6D5, 0xF6D5, 0xFF37, 0xFF58, 0xFF58, 0xFF58, 0xFF78, 0xFF78, 0xF6D5, 0xF673, 0xF673, 0xF674, 0xF673, 0xF673, 0xF673,
    0xF653, 0xF653, 0xEE53, 0xEE53, 0xEE53, 0xEE32, 0xEE32, 0xEE32, 0xEE32, 0xEE32, 0xEE32, 0xEE12, 0xEE32, 0xF6B5, 0xF6F6, 0xFF58,
    0xFF58, 0xFF58, 0xFF58, 0xFF58, 0xFF58, 0xFF58, 0xFF58, 0xFF58, 0xFF38, 0xFF38, 0xFF58, 0xFF58, 0xFF38, 0xFF38, 0xFF58, 0xFF59,
    0xFF79, 0xF6F6, 0xF674, 0xEE12, 0xEE12, 0xF633, 0xEE33, 0xEE33, 0xEE33, 0xEE33, 0xEE33, 0xF633, 0xF633, 0xF633, 0xF633, 0xF633,
    0xA40B, 0xA40B, 0xA40B, 0xA40C, 0xA40C, 0xA44C, 0xAC6D, 0xAC8D, 0xAC2C, 0xA3A9, 0xA3A9, 0xA3C9, 0xA3C9, 0xA3C9, 0xA3C9, 0xA3C9,
    0xA3A9, 0xA3C9, 0xB40A, 0xB44A, 0xB42A, 0xBC6B, 0xBC8B, 0xBC8B, 0xC4AB, 0xC4AB, 0xC4AC, 0xC4AC, 0xC4CC, 0xC4CC, 0xC4CC, 0xC4ED,
    0xCD6F, 0xCDB1, 0xCDB1, 0xCDB1, 0xCDB1, 0xCDB1, 0xD5B1, 0xCDB1, 0xD5B1, 0xD5B1, 0xD5B1, 0xD5B1, 0xD5D2, 0xD5D2, 0xDDD2, 0xDDF2,
    0xDDF2, 0xDDF2, 0xDDF2, 0xDDF2, 0xDE12, 0xDDF2, 0xD58F, 0xD56E, 0xD56F, 0xDD8F, 0xE5B0, 0xEE12, 0xEE32, 0xE632, 0xEE52, 0xEE32,
    0xE632, 0xEE53, 0xEE53, 0xEE53, 0xEE94, 0xEE94, 0xEEB5, 0xEE94, 0xEEB5, 0xF6F6, 0xF6F6, 0xF6F6, 0xF717, 0xF6D5, 0xF693, 0xF694,
    0xF694, 0xF6B4, 0xF6B4, 0xF6B4, 0xF6B4, 0xF6B4, 0xF694, 0xF6B4, 0xF694, 0xF694, 0xF6B4, 0xF6B4, 0xF694, 0xF694, 0xF694, 0xF694,
    0xF694, 0xF694, 0xF694, 0xF6D5, 0xFF58, 0xFF79, 0xFF79, 0xFF79, 0xFF79, 0xFF79, 0xFF79, 0xFF79, 0xFF79, 0xFF79, 0xFF79, 0xFF79,
    0xFF79, 0xFF99, 0xFF99, 0xFF99, 0xFF99, 0xFF99, 0xFF79, 0xFF79, 0xFF99, 0xF6F6, 0xF6B4, 0xF6B4, 0xF6B4, 0xF6B4, 0xF6B4, 0xF694,
    0xF694, 0xF694, 0xF694, 0xF694, 0xF694, 0xF694, 0xF694, 0xF694, 0xF693, 0xF694, 0xF694, 0xF694, 0xF694, 0xF694, 0xF694, 0xF6B4,
    0xFF58, 0xFF99, 0xFF99, 0xFF79, 0xFF99, 0xFF99, 0xFF99, 0xFF99, 0xFF99, 0xFF99, 0xFF99, 0xFF99, 0xFF79, 0xFF79, 0xFF79, 0xFF78,
    0xFF78, 0xFF78, 0xFF58, 0xFF79, 0xFF58, 0xF694, 0xF694, 0xF6B4, 0xF6B4, 0xF694, 0xF6D5, 0xFF37, 0xFF16, 0xFF16, 0xF737, 0xFF99,
    0xFF99, 0xFF99, 0xFF99, 0xFF9A, 0xFF9A, 0xFF9A, 0xFFBA, 0xFFBA, 0xFFBA, 0xFF58, 0xF6D5, 0xF6B4, 0xF693, 0xF673, 0xF673, 0xF673,
    0xF653, 0xF673, 0xF653, 0xEE32, 0xEE32, 0xEE32, 0xF652, 0xF652, 0xEE32, 0xEE32, 0xEE32, 0xEE32, 0xEE32, 0xEE32, 0xF653, 0xFF37,
    0xFF38, 0xFF59, 0xFF59, 0xFF79, 0xFF79, 0xFF79, 0xFF79, 0xFF59, 0xFF58, 0xF758, 0xFF79, 0xFF79, 0xFF59, 0xFF59, 0xFF59, 0xFF58,
    0xFF58, 0xFF79, 0xFF58, 0xF6F6, 0xF6B5, 0xEE33, 0xF633, 0xF653, 0xF633, 0xEE33, 0xF633, 0xF633, 0xF633, 0xEE32, 0xF633, 0xF633,
    0xA40B, 0xA40B, 0xA42B, 0xA44C, 0xAC6D, 0xAC6D, 0xAC6D, 0xAC6D, 0xAC6D, 0xA3EA, 0xA3E9, 0xA3C9, 0xA3C9, 0xA3C9, 0xA3C9, 0xA3C9,
    0xB40A, 0xAC09, 0xB44B, 0xBC8B, 0xBCAB, 0xBC8B, 0xBC8B, 0xC48B, 0xC4AB, 0xBCAC, 0xBCAC, 0xC4CC, 0xC4CC, 0xC4CC, 0xC4CC, 0xC4CC,
    0xC52E, 0xD5B1, 0xCDB1, 0xCDB1, 0xD5B1, 0xD5B2, 0xD5D2, 0xD5B1, 0xD5D2, 0xD5D2, 0xD5D2, 0xD5D2, 0xDDF2, 0xDDF2, 0xDDF2, 0xDDF2,
    0xDDB1, 0xD56F, 0xD56F, 0xD56F, 0xD56F, 0xD56F, 0xDD6F, 0xE5F1, 0xEE32, 0xE633, 0xEE33, 0xE673, 0xEEB5, 0xF6B5, 0xEEB5, 0xEEB5,
    0xEEB5, 0xF6F6, 0xF6F6, 0xF6F6, 0xF6F7, 0xF717, 0xF717, 0xF717, 0xF738, 0xF738, 0xF738, 0xF738, 0xF758, 0xF717, 0xF6D5, 0xF6B4,
    0xF6B4, 0xF6B4, 0xF6B4, 0xF6B4, 0xF6B4, 0xF6B4, 0xF6B4, 0xF6B4, 0xF6B4, 0xF6B4, 0xF6B4, 0xF6B4, 0xF6B4, 0xF694, 0xF694, 0xF694,
    0xF6B4, 0xF694, 0xF694, 0xF6B4, 0xF6F5, 0xF758, 0xFF79, 0xFF79, 0xFF79, 0xFF79, 0xFF79, 0xFF79, 0xFF99, 0xFF79, 0xFF79, 0xFF79,
    0xFF99, 0xFF99, 0xFF99, 0xFF99, 0xFF99, 0xFF99, 0xFF79, 0xFF79, 0xFF79, 0xFF99, 0xF716, 0xF6B4, 0xF6B4, 0xF6B4, 0xF6B4, 0xF6B4,
    0xF694, 0xF694, 0xF694, 0xF694, 0xF694, 0xF694, 0xF694, 0xF694, 0xF694, 0xF673, 0xF693, 0xF693, 0xF673, 0xF693, 0xF694, 0xF694,
    0xF694, 0xFF37, 0xFF99, 0xFF99, 0xFF99, 0xFF99, 0xFF99, 0xFF98, 0xFF37, 0xFF37, 0xFF38, 0xFF37, 0xFEF5, 0xFED5, 0xFED5, 0xF6D5,
    0xF6B4, 0xF694, 0xF694, 0xF694, 0xF694, 0xF673, 0xF6F5, 0xFF78, 0xFF99, 0xFF99, 0xFF99, 0xFFBA, 0xFFBA, 0xFFBA, 0xFFBA, 0xFF9A,
    0xFF9A, 0xFF9A, 0xFF9A, 0xFF99, 0xFF99, 0xFF99, 0xFF99, 0xFF99, 0xFF9A, 0xFF99, 0xFFBA, 0xFF78, 0xF6B4, 0xF673, 0xF673, 0xF673,
    0xF673, 0xF673, 0xF673, 0xF673, 0xEE52, 0xEE53, 0xF653, 0xF653, 0xEE52, 0xEE52, 0xEE52, 0xEE32, 0xEE32, 0xF652, 0xEE52, 0xEE32,
    0xF694, 0xFF58, 0xFF79, 0xFF79, 0xFF79, 0xFF79, 0xFF79, 0xFF79, 0xFF99, 0xFF99, 0xFF79, 0xFF79, 0xFF9A, 0xFF7A, 0xFF79, 0xFF79,
    0xFF79, 0xFF99, 0xFF79, 0xFF9A, 0xFF79, 0xFEF6, 0xF694, 0xEE53, 0xF653, 0xEE33, 0xEE53, 0xF633, 0xF633, 0xF633, 0xF633, 0xF673,
    0xA42C, 0xAC6C, 0xAC6C, 0xAC6D, 0xAC8D, 0xB48D, 0xB48D, 0xB4AD, 0xB4AD, 0xAC6C, 0xAC0A, 0xA3E9, 0xABE9, 0xABE9, 0xB42A, 0xB44A,
    0xBC6B, 0xBC6B, 0xBC8B, 0xBC8B, 0xBC8B, 0xBCAB, 0xBCAB, 0xC4AB, 0xBCAC, 0xC4CC, 0xC4CC, 0xC4AC, 0xC4AC, 0xC4AC, 0xC4AC, 0xC4CC,
    0xC4ED, 0xCD4F, 0xD591, 0xCD90, 0xD591, 0xCD90, 0xCD4F, 0xCD4F, 0xCD4F, 0xD56F, 0xD56F, 0xD56F, 0xD56F, 0xD56F, 0xD56F, 0xD56F,
    0xD54E, 0xD52D, 0xD52D, 0xD52D, 0xCD0D, 0xD50D, 0xDD8F, 0xEE12, 0xF6B5, 0xF6D6, 0xF6D6, 0xF6D6, 0xF717, 0xF717, 0xF717, 0xF717,
    0xF738, 0xF738, 0xF738, 0xF738, 0xF738, 0xF738, 0xF738, 0xF738, 0xF738, 0xF718, 0xF718, 0xF737, 0xF738, 0xFF79, 0xF737, 0xF6D4,
    0xFEB4, 0xF6B4, 0xF6B4, 0xF6B4, 0xF6B4, 0xF6B4, 0xF6B4, 0xF6B4, 0xF6B4, 0xF6B4, 0xF6B4, 0xF6B4, 0xF6B4, 0xF694, 0xF694, 0xF6B4,
    0xF6B4, 0xF6B4, 0xF6B4, 0xF6B4, 0xF694, 0xF6F6, 0xFF58, 0xFF79, 0xFF79, 0xFF79, 0xFF79, 0xFF79, 0xFF79, 0xFF79, 0xFF99, 0xFF99,
    0xFF99, 0xFF99, 0xFF99, 0xFF99, 0xFF99, 0xFF99, 0xFF99, 0xFF99, 0xFF79, 0xFF99, 0xFF79, 0xFF16, 0xF6B4, 0xF6B4, 0xF6B4, 0xF6B4,
    0xF694, 0xF694, 0xF694, 0xF694, 0xF694, 0xF694, 0xF694, 0xF674, 0xF6B4, 0xF716, 0xF6F6, 0xF6F6, 0xF6F5, 0xF6F6, 0xF6F6, 0xF6F6,
    0xFEF6, 0xFF57, 0xFF57, 0xF6D5, 0xF6D5, 0xF6D5, 0xF6D5, 0xF6F5, 0xF6B4, 0xF6B4, 0xF6B4, 0xF6B4, 0xF693, 0xF693, 0xF673, 0xF673,
    0xF673, 0xF673, 0xF673, 0xF673, 0xF673, 0xF673, 0xF673, 0xF6D5, 0xFF98, 0xFF99, 0xFF99, 0xFF99, 0xFFB9, 0xFFB9, 0xFF99, 0xFFB9,
    0xFF99, 0xFF99, 0xFF99, 0xFF99, 0xFF99, 0xFF99, 0xFF9A, 0xFF9A, 0xFF9A, 0xFF9A, 0xFF9A, 0xFF99, 0xFF79, 0xF6F6, 0xF694, 0xF673,
    0xF653, 0xF673, 0xF673, 0xF673, 0xF653, 0xF653, 0xF653, 0xF653, 0xEE53, 0xEE53, 0xEE32, 0xEE32, 0xF652, 0xEE52, 0xF652, 0xF632,
    0xEE52, 0xEE53, 0xF6D6, 0xFFBA, 0xFF99, 0xFF79, 0xFF79, 0xFF79, 0xFF99, 0xFF79, 0xFF9A, 0xFF9A, 0xFF99, 0xFF9A, 0xFF9A, 0xFF9A,
    0xF717, 0xF6D6, 0xF6F6, 0xF6D6, 0xF6D6, 0xF6F6, 0xF694, 0xF653, 0xF653, 0xF674, 0xF6F6, 0xFEF6, 0xFEF6, 0xFEF6, 0xFF17, 0xFF37,
    0xB48D, 0xB48D, 0xB48D, 0xB48D, 0xB48D, 0xB4AD, 0xB4AD, 0xB4AE, 0xB4CE, 0xB4AD, 0xB42B, 0xB42A, 0xB42A, 0xB42A, 0xBC6B, 0xBC6B,
    0xBC6B, 0xBC8B, 0xBC8B, 0xBC8B, 0xBC8B, 0xBC8B, 0xBC8B, 0xBCAC, 0xC4ED, 0xC4ED, 0xC4ED, 0xCD0E, 0xCD4F, 0xCD4F, 0xCD4F, 0xCD4F,
    0xCD6F, 0xD590, 0xCD4F, 0xCD2E, 0xCD2E, 0xCD2E, 0xCD0D, 0xCCED, 0xCCED, 0xCD0D, 0xCCED, 0xCD0D, 0xCD0D, 0xCD0D, 0xCD0D, 0xCD0D,
    0xCD2D, 0xD52D, 0xD52D, 0xD52D, 0xDD6E, 0xE5B0, 0xE5F1, 0xEE32, 0xEE94, 0xF717, 0xF717, 0xF717, 0xF717, 0xF717, 0xF717, 0xF718,
    0xF738, 0xF738, 0xF738, 0xF738, 0xF738, 0xF738, 0xF738, 0xF738, 0xF738, 0xF738, 0xF738, 0xF758, 0xFF79, 0xFF99, 0xFF99, 0xFF36,
    0xF6B4, 0xFEB4, 0xFED4, 0xF6B4, 0xFED4, 0xFED5, 0xFED5, 0xF6B4, 0xF6B4, 0xF6B4, 0xF6B4, 0xF6B4, 0xF6B4, 0xF6B4, 0xF694, 0xF6B4,
    0xF6B4, 0xF6B4, 0xF6B4, 0xF6B4, 0xF6B4, 0xF6B4, 0xF6F5, 0xFF78, 0xFF79, 0xFF79, 0xFF79, 0xFF79, 0xFF79, 0xFF99, 0xFF99, 0xFF99,
    0xFF99, 0xFF99, 0xFF99, 0xFF99, 0xFF9A, 0xFF99, 0xFF99, 0xFF99, 0xFF99, 0xFF79, 0xFF79, 0xFF78, 0xF6F6, 0xF6B5, 0xF6B4, 0xF694,
    0xF694, 0xF694, 0xF694, 0xFF16, 0xFF37, 0xFF37, 0xFF37, 0xFF37, 0xFF58, 0xFF99, 0xFF99, 0xFF99, 0xFF99, 0xFF99, 0xFF99, 0xFF99,
    0xFF99, 0xFFB9, 0xFF99, 0xFF37, 0xF6B4, 0xF694, 0xF6B4, 0xF6B4, 0xF6B4, 0xF6B4, 0xF6B4, 0xF6B4, 0xF6B4, 0xF693, 0xF693, 0xF693,
    0xF693, 0xF673, 0xF693, 0xF693, 0xF673, 0xF693, 0xF673, 0xF693, 0xF6B4, 0xFF37, 0xFFB9, 0xFF99, 0xFF99, 0xFFB9, 0xFFB9, 0xFFB9,
    0xFF99, 0xFF99, 0xFF99, 0xFF99, 0xFF99, 0xFF99, 0xFF99, 0xFFB9, 0xFF99, 0xFF99, 0xFF99, 0xFF99, 0xFF99, 0xFF99, 0xFF37, 0xF694,
    0xF673, 0xF673, 0xF673, 0xF673, 0xF653, 0xF653, 0xF653, 0xEE52, 0xEE53, 0xEE52, 0xEE52, 0xF652, 0xF652, 0xF632, 0xEE32, 0xEE32,
    0xEE32, 0xEE11, 0xEE52, 0xEEB5, 0xFF58, 0xFF99, 0xFF99, 0xFF99, 0xFF99, 0xFFBA, 0xF6F7, 0xF6B5, 0xF6B5, 0xF6B5, 0xF6B5, 0xF6B5,
    0xEE53, 0xEE33, 0xEE53, 0xEE53, 0xEE53, 0xEE33, 0xF653, 0xEE53, 0xF694, 0xFF37, 0xFF79, 0xFF79, 0xFF79, 0xFF99, 0xFF99, 0xFF99,
    0xB48D, 0xB48D, 0xB48D, 0xB48D, 0xB48D, 0xB48D, 0xB4AD, 0xB4AD, 0xB4AD, 0xBCAD, 0xBC8C, 0xBC6B, 0xBC8C, 0xBC8C, 0xBC8C, 0xBC8C,
    0xCCED, 0xCD0E, 0xCD0E, 0xCD0E, 0xCD0E, 0xCD0E, 0xC50E, 0xCD2F, 0xCD70, 0xCD70, 0xCD70, 0xD591, 0xDDD2, 0xDDD2, 0xDDF2, 0xDDF2,
    0xDDF2, 0xDDF2, 0xCD4E, 0xCD0D, 0xCD0E, 0xCD0D, 0xCD2D, 0xCD2D, 0xCD0D, 0xCD0D, 0xCD0D, 0xCD0D, 0xCD2D, 0xCD2D, 0xCD0D, 0xCD2D,
    0xD52D, 0xDD6E, 0xDD8F, 0xDDAF, 0xEDF1, 0xEE32, 0xEE32, 0xEE32, 0xEE73, 0xF6D6, 0xF6F7, 0xF717, 0xF717, 0xF717, 0xF717, 0xF738,
    0xF738, 0xF738, 0xF738, 0xF738, 0xF738, 0xF738, 0xF738, 0xF738, 0xF758, 0xFF79, 0xFF79, 0xFF99, 0xFF99, 0xFF99, 0xFF99, 0xFF78,
    0xFF16, 0xF6D4, 0xFED4, 0xF6B4, 0xF6B4, 0xFED5, 0xFED5, 0xF6B5, 0xF6B5, 0xF6B5, 0xF6B4, 0xF6B4, 0xF6B4, 0xF6B4, 0xF6B4, 0xF6B4,
    0xF694, 0xF694, 0xF6B4, 0xF6B4, 0xF6B4, 0xF6B4, 0xF6B4, 0xFF37, 0xFF9A, 0xFF99, 0xFF99, 0xFF99, 0xFF79, 0xFF79, 0xFF99, 0xFF79,
    0xFF79, 0xFF79, 0xFF58, 0xFF37, 0xFF38, 0xFF37, 0xFF57, 0xFF57, 0xFF37, 0xF6F6, 0xFEF6, 0xFF17, 0xFEF6, 0xFEB4, 0xFEF6, 0xFF37,
    0xFF37, 0xFF37, 0xFF17, 0xFF79, 0xFF9A, 0xFF9A, 0xFF99, 0xFF9A, 0xFFBA, 0xFF99, 0xFF99, 0xFF9A, 0xFF99, 0xFF99, 0xFF99, 0xFF99,
    0xFF99, 0xFFB9, 0xFFB9, 0xFFB9, 0xFF57, 0xF6D4, 0xFED4, 0xFED4, 0xFEB4, 0xF6B4, 0xFEB4, 0xFEB4, 0xFEB4, 0xF6B3, 0xF693, 0xF694,
    0xF694, 0xF673, 0xF673, 0xF693, 0xF673, 0xF673, 0xF693, 0xF673, 0xF672, 0xF694, 0xF716, 0xFF99, 0xFF9A, 0xFF9A, 0xFFB9, 0xFF99,
    0xFFB9, 0xFF99, 0xFF99, 0xFF99, 0xFFB9, 0xFFB9, 0xFF99, 0xFFB9, 0xFF99, 0xFF99, 0xFF99, 0xFF99, 0xFF99, 0xFF99, 0xFF99, 0xFF58,
    0xF6D5, 0xF673, 0xF673, 0xF673, 0xF673, 0xF673, 0xF653, 0xEE52, 0xEE52, 0xEE52, 0xEE52, 0xEE52, 0xEE52, 0xF694, 0xF6B5, 0xF6B5,
    0xF6B4, 0xF6B5, 0xEE94, 0xEE94, 0xFF78, 0xFF38, 0xF6B5, 0xF6B5, 0xF6B5, 0xF6D6, 0xF674, 0xEE53, 0xEE53, 0xEE53, 0xEE53, 0xEE53,
    0xEE53, 0xEE53, 0xF653, 0xF653, 0xF653, 0xF653, 0xF653, 0xF653, 0xF653, 0xF695, 0xF717, 0xFF58, 0xFF79, 0xFF79, 0xFF79, 0xFF99,
    0xB46B, 0xB46C, 0xB46B, 0xAC2B, 0xAC2A, 0xAC2A, 0xB42B, 0xB42B, 0xAC2A, 0xB42B, 0xBCAC, 0xCD6F, 0xD5B1, 0xD5B1, 0xD5B1, 0xD5B1,
    0xD5B1, 0xD5B1, 0xD5D1, 0xD5B1, 0xD5B1, 0xD5B1, 0xD5B1, 0xD5B2, 0xD5B2, 0xD5D2, 0xD5D2, 0xD5D2, 0xD5D2, 0xD5D2, 0xD5D2, 0xDDD2,
    0xDDF2, 0xD5F2, 0xD590, 0xCD2E, 0xCD2E, 0xCD2E, 0xCD2D, 0xCD2D, 0xCD2D, 0xCD2D, 0xCD2D, 0xCD2D, 0xCD2D, 0xD52E, 0xD54E, 0xD56E,
    0xDDAF, 0xE5D0, 0xEE11, 0xEE32, 0xEE32, 0xEE32, 0xEE32, 0xEE32, 0xEE53, 0xEE53, 0xF717, 0xF717, 0xF717, 0xF737, 0xF737, 0xF738,
    0xF738, 0xF738, 0xF738, 0xF738, 0xF738, 0xF738, 0xF738, 0xFF79, 0xFF99, 0xFF99, 0xFF99, 0xFF99, 0xFF99, 0xFF99, 0xFF99, 0xFF99,
    0xFF78, 0xFEF5, 0xFEB4, 0xF6B4, 0xFEB4, 0xFED5, 0xFED5, 0xFED5, 0xFED5, 0xFED5, 0xF6B4, 0xF6B4, 0xF6B4, 0xF6B4, 0xF6B4, 0xF6B4,
    0xF6D4, 0xF6D5, 0xF6D5, 0xF6D5, 0xF6D5, 0xF6F5, 0xF6F5, 0xFF37, 0xFF58, 0xFF58, 0xFF58, 0xFF58, 0xF716, 0xF6F6, 0xFEF6, 0xFEF6,
    0xFEF6, 0xF6F5, 0xF6D5, 0xF6B5, 0xF6B5, 0xF6B5, 0xF6B5, 0xF6B5, 0xF6B4, 0xF6B4, 0xF6B4, 0xF6B4, 0xFEB4, 0xF6B4, 0xFF16, 0xFF78,
    0xFF99, 0xFFB9, 0xFFBA, 0xFF9A, 0xFF99, 0xFF99, 0xFF99, 0xFF99, 0xFFBA, 0xFFBA, 0xFF99, 0xFF99, 0xFF99, 0xFF99, 0xFFB9, 0xFF99,
    0xFF99, 0xFFB9, 0xFFBA, 0xFFBA, 0xFF99, 0xF715, 0xF6D4, 0xF6D5, 0xF6D4, 0xF6D4, 0xF6D4, 0xFED5, 0xFED5, 0xF6B4, 0xFEB4, 0xFEB4,
    0xF694, 0xF693, 0xF673, 0xF694, 0xF673, 0xF693, 0xF693, 0xF693, 0xF673, 0xF673, 0xF693, 0xF6D5, 0xFF99, 0xFFBA, 0xFFBA, 0xFFBA,
    0xFFBA, 0xFFBA, 0xFFB9, 0xFFB9, 0xFF99, 0xFF99, 0xFF99, 0xFF99, 0xFF99, 0xFF99, 0xFF99, 0xFF99, 0xFF99, 0xFF99, 0xFFB9, 0xFF99,
    0xFF79, 0xF6F6, 0xF694, 0xF673, 0xF673, 0xF673, 0xEE53, 0xF694, 0xF6B5, 0xF6B5, 0xF694, 0xF694, 0xF694, 0xFF79, 0xFF9A, 0xFF99,
    0xFF9A, 0xFF9A, 0xFF9A, 0xFF9A, 0xFF9A, 0xF737, 0xEE74, 0xF673, 0xEE32, 0xF633, 0xF653, 0xF653, 0xF653, 0xF653, 0xF673, 0xF673,
    0xF653, 0xF653, 0xF653, 0xF653, 0xF653, 0xF653, 0xF653, 0xF653, 0xF653, 0xF653, 0xEE53, 0xF6F6, 0xFF58, 0xFF79, 0xFF99, 0xFF99,
    0xABE9, 0xB409, 0xB40A, 0xAC0A, 0xB40A, 0xB40A, 0xB44B, 0xBC6B, 0xB44B, 0xB44B, 0xBC8C, 0xCD6F, 0xD5D1, 0xD5D1, 0xD5D2, 0xD5D2,
    0xD5B1, 0xD5B1, 0xD5B1, 0xD5B1, 0xCDB1, 0xCDB1, 0xCDB1, 0xCDB1, 0xD5B1, 0xD5B2, 0xD5D2, 0xD5D2, 0xD5D2, 0xD5D2, 0xDDF2, 0xDDF2,
    0xDDF2, 0xDDF2, 0xDDF2, 0xD56F, 0xCD4E, 0xCD4E, 0xCD4E, 0xCD4E, 0xCD4E, 0xCD2E, 0xCD2D, 0xD54E, 0xD54E, 0xDD8F, 0xE5D0, 0xEE11,
    0xF652, 0xEE52, 0xEE32, 0xEE32, 0xEE32, 0xEE32, 0xEE32, 0xEE52, 0xEE52, 0xEE53, 0xF694, 0xF717, 0xF738, 0xF738, 0xF738, 0xF738,
    0xF738, 0xF758, 0xFF79, 0xFF78, 0xFF79, 0xFF79, 0xFF79, 0xFF99, 0xFF99, 0xFF99, 0xFF99, 0xFFB9, 0xFFB9, 0xFFB9, 0xFF99, 0xFF99,
    0xFF99, 0xFF57, 0xFED5, 0xF6D4, 0xF6D4, 0xFED4, 0xFED5, 0xFED5, 0xF6D5, 0xF6D5, 0xF6D5, 0xF6D5, 0xFF37, 0xFF37, 0xFF37, 0xFF37,
    0xFF78, 0xFF99, 0xFF99, 0xFF99, 0xFFB9, 0xFFBA, 0xFFB9, 0xFFBA, 0xFF78, 0xF6F6, 0xF6D5, 0xF6D5, 0xF6B5, 0xF6B4, 0xF6B4, 0xF6B4,
    0xF6B4, 0xF6B5, 0xFEB5, 0xFEB5, 0xF6B5, 0xF6B5, 0xF6B5, 0xF6B5, 0xF6D4, 0xF6B4, 0xF6B4, 0xF6D4, 0xF6D4, 0xF6D5, 0xF6B4, 0xF716,
    0xFF99, 0xFF99, 0xFF99, 0xFF99, 0xFF99, 0xFF99, 0xFF99, 0xFFBA, 0xFF9A, 0xFF9A, 0xFFBA, 0xFFBA, 0xFFBA, 0xFFBA, 0xFF9A, 0xFFB9,
    0xFF99, 0xFF99, 0xF779, 0xFFBA, 0x6B2A, 0x3943, 0x49C5, 0x49C5, 0x49C5, 0x49C5, 0x49C5, 0x49A4, 0x5A26, 0xF694, 0xFEB4, 0xFE94,
    0xFE93, 0xF693, 0xF693, 0xF694, 0xF693, 0xF693, 0xF693, 0xF693, 0xFE93, 0xF693, 0xFE93, 0xFE94, 0xF6D5, 0xFF37, 0xFFBA, 0xFFBA,
    0xFFBA, 0xFFBA, 0xFFBA, 0xFFBA, 0xFF99, 0xFFBA, 0xFFBA, 0xFFBA, 0xFFBA, 0xFFBA, 0xFFBA, 0xFFBA, 0xFFBA, 0xF737, 0xF6F6, 0xF6F6,
    0xF6F6, 0xF6D5, 0xF694, 0xF6B4, 0xFF16, 0xFF17, 0xF716, 0xFF38, 0xFF99, 0xFF99, 0xFF99, 0xFF99, 0xFF99, 0xFF99, 0xFF79, 0xFF79,
    0xFF79, 0xFF79, 0xFF79, 0xFF79, 0xFF79, 0xFF79, 0xFF99, 0xF717, 0xEE53, 0xF653, 0xF653, 0xF653, 0xF653, 0xF673, 0xF673, 0xF673,
    0xF673, 0xF673, 0xF673, 0xF673, 0xF653, 0xF653, 0xF653, 0xF653, 0xF653, 0xF673, 0xF673, 0xEE53, 0xEE53, 0xF6F6, 0xFF79, 0xFF79,
    0xB409, 0xB409, 0xB42A, 0xB42A, 0xB42A, 0xB42A, 0xBC6B, 0xC4AC, 0xC4AC, 0xC4AC, 0xC4AC, 0xCD6F, 0xD5D1, 0xD5B1, 0xCDB1, 0xD5B1,
    0xD5D1, 0xD5D2, 0xD5B2, 0xD5B1, 0xD5B1, 0xD5B1, 0xCDB1, 0xD5B1, 0xD5D2, 0xD5D2, 0xD5D2, 0xD5F2, 0xD5F2, 0xDDF2, 0xDDF2, 0xDDF3,
    0xDE12, 0xDE12, 0xDE12, 0xD58F, 0xD54E, 0xD54E, 0xD54E, 0xD54E, 0xCD4E, 0xD54E, 0xD56E, 0xDD8F, 0xDDAF, 0xE611, 0xF652, 0xEE52,
    0xEE52, 0xEE52, 0xEE52, 0xEE52, 0xEE52, 0xEE32, 0xEE32, 0xEE52, 0xEE53, 0xEE53, 0xEE53, 0xF6F6, 0xF738, 0xF738, 0xF738, 0xFF59,
    0xFF59, 0xFF79, 0xFF99, 0xFF99, 0xFF99, 0xFFB9, 0xFFBA, 0xFF99, 0xFF99, 0xFF99, 0xFF37, 0xFF37, 0xFF37, 0xFF37, 0xFF57, 0xFF37,
    0xFF16, 0xFF16, 0xFF15, 0xFF37, 0xFF37, 0xFF36, 0xFF57, 0xFF98, 0xFF99, 0xFF98, 0xFF99, 0xFF78, 0xFF99, 0xFF99, 0xFF99, 0xFF99,
    0xFF99, 0xFF99, 0xFF99, 0xFFB9, 0xFF99, 0xFFB9, 0xFFB9, 0xFFBA, 0xFFBA, 0xFF99, 0xF6D5, 0xF6B4, 0xF6B5, 0xFEB5, 0xFED5, 0xF6B5,
    0xF6B5, 0xF6B5, 0xF6B5, 0xF6B4, 0xF6B4, 0xF6D4, 0xF6D4, 0xF6B4, 0xF6B4, 0xF6D4, 0xF6D4, 0xF6B4, 0xF6B4, 0xF6B4, 0xFED5, 0xF6D5,
    0xF717, 0xFF99, 0xFF9A, 0xFF99, 0xFF99, 0xFF99, 0xFF9A, 0xFFBA, 0xFF9A, 0xFF9A, 0xFF9A, 0xFF9A, 0xFF9A, 0xFF9A, 0xFF9A, 0xFF99,
    0xFFFA, 0xFFFC, 0x83AB, 0x3964, 0x39A5, 0x2923, 0x2944, 0x2923, 0x2924, 0x2923, 0x2924, 0x2903, 0x20C2, 0x838A, 0xFF16, 0xFED5,
    0xFE94, 0xFEB4, 0xF693, 0xF693, 0xF693, 0xF693, 0xF693, 0xF693, 0xF673, 0xF673, 0xF693, 0xFEB4, 0xFE93, 0xFEB4, 0xFF16, 0xFF99,
    0xFFBA, 0xFFBA, 0xFFB9, 0xFF99, 0xFFB9, 0xFF58, 0xFF16, 0xFF16, 0xFF16, 0xFF16, 0xF716, 0xF716, 0xFF16, 0xF6B5, 0xEE53, 0xF653,
    0xF653, 0xF673, 0xF673, 0xF694, 0xFF16, 0xFF79, 0xFF79, 0xFF79, 0xFF99, 0xFF99, 0xFF99, 0xFF99, 0xFF9A, 0xFF9A, 0xFF9A, 0xFF9A,
    0xFF9A, 0xFF9A, 0xFF99, 0xFF99, 0xFF99, 0xFF79, 0xFF7A, 0xFF79, 0xFF58, 0xF694, 0xF653, 0xF673, 0xF653, 0xF674, 0xF674, 0xF674,
    0xF674, 0xF674, 0xF674, 0xF673, 0xF653, 0xF653, 0xF653, 0xF653, 0xF653, 0xF653, 0xF653, 0xEE53, 0xEE53, 0xEE73, 0xEE74, 0xFF58,
    0xB42A, 0xB42A, 0xB42A, 0xBC4B, 0xBC8B, 0xBC8B, 0xC4AC, 0xC4CC, 0xC4AC, 0xC4AC, 0xC4AC, 0xCD4E, 0xD5B1, 0xD5B1, 0xCDB1, 0xD5D2,
    0xD5D2, 0xD5D2, 0xD5D2, 0xD5D1, 0xD5D2, 0xD5D2, 0xD5D2, 0xD5D2, 0xD5F2, 0xD5D2, 0xD5D2, 0xD5F2, 0xD5F2, 0xDDF2, 0xDDF3, 0xDDF3,
    0xDE13, 0xDE13, 0xDE12, 0xDDD1, 0xD56F, 0xD54E, 0xD54E, 0xD54E, 0xD56E, 0xDD8F, 0xE5D0, 0xEE11, 0xEE31, 0xEE32, 0xEE52, 0xEE52,
    0xEE53, 0xEE52, 0xEE53, 0xEE52, 0xEE52, 0xEE53, 0xEE53, 0xEE53, 0xEE53, 0xEE53, 0xEE73, 0xEE94, 0xF717, 0xFF38, 0xFF58, 0xFF59,
    0xFF78, 0xFF78, 0xFF78, 0xFF58, 0xFF37, 0xFF37, 0xFF37, 0xFF37, 0xFF37, 0xFF36, 0xFED5, 0xFEB4, 0xFEB4, 0xFEB4, 0xFED4, 0xFEB4,
    0xF6B4, 0xFEB4, 0xFEF5, 0xFF77, 0xFF99, 0xFF99, 0xFF99, 0xFF99, 0xFF99, 0xFF99, 0xFFB9, 0xFFBA, 0xFFB9, 0xFFBA, 0xFF99, 0xFF99,
    0xFF99, 0xFFB9, 0xFFB9, 0xFFB9, 0xFF99, 0xFF99, 0xFF99, 0xFFB9, 0xFFBA, 0xFFB9, 0xFF37, 0xF6F5, 0xF6B4, 0xF6B5, 0xFED5, 0xF6B5,
    0xF6B4, 0xF6B4, 0xF6B4, 0xF6B4, 0xF6D4, 0xF6D4, 0xF6D4, 0xF6B4, 0xF6B4, 0xF6D4, 0xFED4, 0xF6D4, 0xF6B4, 0xF6B4, 0xFEB5, 0xFED5,
    0xFED5, 0xFF37, 0xFF78, 0xFF9A, 0xFF99, 0xFF99, 0xFFBA, 0xFFBA, 0xFFBA, 0xFFBA, 0xFFBA, 0xFFFB, 0xFFFC, 0xFFFC, 0xFFFB, 0xFFFC,
    0xC5D3, 0xB552, 0x5A88, 0x18A1, 0x3985, 0x39C5, 0x39A5, 0x39A5, 0x39A5, 0x39A5, 0x39A5, 0x3164, 0x18C2, 0x2923, 0x9C2D, 0xE632,
    0xFED4, 0xFE93, 0xF693, 0xF673, 0xF673, 0xF673, 0xF673, 0xF693, 0xF693, 0xF6B3, 0xF6B4, 0xFEB4, 0xF6B4, 0xF6D5, 0xFF16, 0xFF78,
    0xFF37, 0xFF16, 0xFF16, 0xFF16, 0xFF16, 0xF6D5, 0xF693, 0xF694, 0xF694, 0xF693, 0xF673, 0xF673, 0xF673, 0xF673, 0xF673, 0xF673,
    0xF673, 0xF673, 0xF673, 0xF673, 0xF673, 0xF716, 0xFF79, 0xFF9A, 0xFF79, 0xFF99, 0xFF99, 0xFF99, 0xFF9A, 0xFF9A, 0xFF99, 0xFF9A,
    0xFF9A, 0xFF9A, 0xFF9A, 0xFF99, 0xFF99, 0xFF99, 0xFF79, 0xFF99, 0xFF99, 0xFF58, 0xF6F6, 0xEE53, 0xF673, 0xF673, 0xF674, 0xF674,
    0xF674, 0xF674, 0xF674, 0xF653, 0xF653, 0xF653, 0xF653, 0xF653, 0xEE53, 0xF653, 0xF653, 0xEE53, 0xEE53, 0xEE53, 0xEE53, 0xF6B5,
    0xBC6A, 0xBC6A, 0xBC6B, 0xC4AB, 0xC4CC, 0xC4CC, 0xC4CC, 0xC4AC, 0xC4CC, 0xC4CC, 0xC4CC, 0xC4ED, 0xCD90, 0xD5D1, 0xD5D1, 0xD5D2,
    0xD5D2, 0xD5D2, 0xD5D2, 0xD5D2, 0xD5D2, 0xD5D2, 0xD5F2, 0xD5F2, 0xD5F2, 0xD5D2, 0xD5F2, 0xD5F2, 0xD5F2, 0xD5F2, 0xD5F2, 0xD5F2,
    0xDE13, 0xDE13, 0xDE33, 0xDE33, 0xD590, 0xD54E, 0xD54E, 0xDD6F, 0xE5D0, 0xE5F0, 0xE5F1, 0xEE32, 0xEE52, 0xEE52, 0xEE52, 0xEE53,
    0xEE53, 0xEE53, 0xEE73, 0xEE73, 0xEE73, 0xEE74, 0xF694, 0xF694, 0xF694, 0xF694, 0xF694, 0xEEB4, 0xF6D5, 0xF6F5, 0xF6D5, 0xF6D5,
    0xFED5, 0xFEF5, 0xFEF5, 0xFED5, 0xFED4, 0xFED4, 0xFEB4, 0xF693, 0xF693, 0xF693, 0xF6B4, 0xF6B4, 0xFEB4, 0xFED4, 0xFED4, 0xFEB4,
    0xFEB4, 0xFED4, 0xFEB4, 0xFF16, 0xFF98, 0xFF99, 0xFF99, 0xFF99, 0xFF99, 0xFF99, 0xFF99, 0xFF99, 0xFF99, 0xFF99, 0xFF99, 0xFF99,
    0xFF99, 0xFF99, 0xFF99, 0xFFBA, 0xFFBA, 0xFFB9, 0xFFB9, 0xFFB9, 0xFFB9, 0xFFB9, 0xFFB9, 0xFF57, 0xF6B5, 0xF6B5, 0xF6B4, 0xFED5,
    0xFED4, 0xF6B4, 0xF6B4, 0xF6B4, 0xF6D4, 0xF6B4, 0xF6B4, 0xF6B4, 0xF6B4, 0xFEB4, 0xFEB4, 0xF6B4, 0xFEB4, 0xF6B4, 0xF6B4, 0xFED5,
    0xFED5, 0xF6D5, 0xF715, 0xFF78, 0xFF99, 0xFFB9, 0xFF99, 0xFFBA, 0xFFBA, 0xFFBA, 0xFFBA, 0xC5F4, 0xBD93, 0xC614, 0xCE55, 0xD697,
    0x4A26, 0x1880, 0x39A5, 0x39A5, 0x31A5, 0x3185, 0x3185, 0x3185, 0x3185, 0x39A5, 0x39A5, 0x3985, 0x3985, 0x2923, 0x1060, 0xA46D,
    0xFED4, 0xFEB4, 0xF6F5, 0xF6F5, 0xFEF5, 0xF6F5, 0xF6D5, 0xFF57, 0xFF78, 0xFF58, 0xFF78, 0xFF78, 0xFF78, 0xFF99, 0xFFBA, 0xFFBA,
    0xF737, 0xF6D5, 0xF6B4, 0xF694, 0xF694, 0xF694, 0xF694, 0xF694, 0xF694, 0xF694, 0xF694, 0xF694, 0xF694, 0xF673, 0xF673, 0xF673,
    0xF673, 0xF653, 0xF673, 0xF673, 0xF673, 0xF673, 0xF6F6, 0xFF58, 0xFF9A, 0xFF9A, 0xFF99, 0xFF99, 0xFF9A, 0xFF9A, 0xFF9A, 0xFF99,
    0xFF9A, 0xFF99, 0xFF99, 0xFF99, 0xFF99, 0xFF99, 0xFF99, 0xFF99, 0xFF99, 0xFF99, 0xFF59, 0xF758, 0xF6B5, 0xF653, 0xF674, 0xF674,
    0xF674, 0xF674, 0xF674, 0xF653, 0xF653, 0xF653, 0xF653, 0xF673, 0xF653, 0xF653, 0xF653, 0xEE73, 0xEE53, 0xEE53, 0xEE53, 0xEE54,
    0xC4CC, 0xC4CC, 0xC4CC, 0xC4CC, 0xC4CC, 0xC4CC, 0xC4CC, 0xC4AC, 0xC4CC, 0xC4CC, 0xC4EC, 0xCCED, 0xD570, 0xD5D1, 0xD5D2, 0xD5D2,
    0xD5D2, 0xD5D2, 0xD5D2, 0xD5D2, 0xD5D2, 0xD5F2, 0xD5F2, 0xD5F2, 0xD5F2, 0xD5F2, 0xD5F2, 0xD5F2, 0xD5F2, 0xD5F2, 0xDDF2, 0xDDF2,
    0xDE13, 0xDE12, 0xDE33, 0xE633, 0xE632, 0xE5D0, 0xDDD0, 0xE612, 0xE632, 0xF694, 0xEE95, 0xF6B5, 0xF6B5, 0xF6B5, 0xF6B5, 0xF6D6,
    0xF6F6, 0xF6F6, 0xF6F6, 0xF6F6, 0xF6F6, 0xF717, 0xFF37, 0xFF37, 0xFF38, 0xFF38, 0xFF58, 0xFF78, 0xFF37, 0xF6D4, 0xF6B4, 0xFEB4,
    0xFED4, 0xFED4, 0xFED4, 0xFED4, 0xFEB4, 0xFEB4, 0xFEB4, 0xF693, 0xFEB3, 0xFEB3, 0xFEB3, 0xFEB4, 0xFEB4, 0xFEB4, 0xFEB4, 0xFEB4,
    0xFEB4, 0xFEB4, 0xFEB4, 0xFED4, 0xFF15, 0xFF99, 0xFF99, 0xFF99, 0xFF99, 0xFF99, 0xFF99, 0xFF99, 0xFF99, 0xFF99, 0xFFB9, 0xFFB9,
    0xFFBA, 0xFFBA, 0xFFBA, 0xFFBA, 0xFFBA, 0xFFB9, 0xFFB9, 0xFFB9, 0xFF99, 0xFFB9, 0xFFB9, 0xFFB9, 0xFF57, 0xF6B5, 0xF6B5, 0xFED5,
    0xFED5, 0xFED4, 0xF6D4, 0xF6D4, 0xF6D4, 0xF6B4, 0xF6B4, 0xF6B4, 0xF6B4, 0xFEB4, 0xFEB4, 0xFEB4, 0xFEB4, 0xF6B4, 0xFED4, 0xFED5,
    0xFED5, 0xFED5, 0xFED5, 0xFEF5, 0xFF77, 0xFF99, 0xFF99, 0xFF99, 0xFF99, 0xFFBA, 0xFFBB, 0x49E5, 0x6288, 0x49E5, 0x28E2, 0x2923,
    0x3964, 0x41A5, 0x39A5, 0x39A5, 0x39A5, 0x3184, 0x3185, 0x3185, 0x3185, 0x3185, 0x3185, 0x3185, 0x39A5, 0x39A5, 0x3184, 0x3122,
    0xC591, 0xFF57, 0xFF78, 0xFF9A, 0xFFBA, 0xFFBA, 0xFFBA, 0xFFBA, 0xFF9A, 0xFFBA, 0xFFBA, 0xFF9A, 0xFFBA, 0xFFBA, 0xFFBA, 0xFFBA,
    0xFFBA, 0xFFB9, 0xF716, 0xF6B4, 0xFE94, 0xF694, 0xF694, 0xF694, 0xF694, 0xFE94, 0xF694, 0xF694, 0xF694, 0xF673, 0xF673, 0xF673,
    0xF673, 0xF673, 0xF673, 0xF673, 0xF673, 0xF673, 0xF673, 0xF694, 0xF737, 0xFF9A, 0xFF9A, 0xFF99, 0xFF9A, 0xFF9A, 0xFF9A, 0xFF9A,
    0xFF99, 0xFF9A, 0xFF9A, 0xFF99, 0xFF99, 0xFF99, 0xFF99, 0xFF99, 0xFF79, 0xFF99, 0xFF99, 0xFF9A, 0xFF58, 0xF717, 0xF673, 0xF653,
    0xF674, 0xF674, 0xF674, 0xF674, 0xF653, 0xF653, 0xF673, 0xF674, 0xF653, 0xEE53, 0xEE73, 0xF653, 0xF654, 0xEE74, 0xF6D6, 0xF716,
    0xC4CC, 0xCCEC, 0xC4EC, 0xC4CC, 0xC4CC, 0xC4CC, 0xC4CC, 0xC4CC, 0xC4CC, 0xC4EC, 0xCD0D, 0xCD0D, 0xD590, 0xD5D1, 0xD5D2, 0xD5D2,
    0xD5F2, 0xD5F3, 0xDDF3, 0xD5F3, 0xD5F3, 0xD5F3, 0xD5F2, 0xD5F2, 0xD5F3, 0xDDF3, 0xD5B1, 0xD5B0, 0xD5B0, 0xD590, 0xD5B0, 0xD590,
    0xDD90, 0xDD90, 0xDDB0, 0xE5F1, 0xE5F1, 0xEE52, 0xF6B5, 0xF6D6, 0xF6D6, 0xF717, 0xF717, 0xF718, 0xF718, 0xF738, 0xF738, 0xF738,
    0xFF39, 0xFF39, 0xFF38, 0xF758, 0xF758, 0xF758, 0xF758, 0xF758, 0xF758, 0xF759, 0xFF79, 0xFF99, 0xFF79, 0xFF37, 0xF6D4, 0xFEB4,
    0xFED4, 0xFED4, 0xFEB4, 0xFEB3, 0xF693, 0xF673, 0xFE93, 0xF693, 0xFE93, 0xFE93, 0xFE93, 0xFE93, 0xFE93, 0xF693, 0xFE93, 0xFEB3,
    0xFEB3, 0xFEB4, 0xFEB4, 0xFEB3, 0xFED4, 0xFF16, 0xFF99, 0xFF99, 0xFF99, 0xFFB9, 0xFF99, 0xFF99, 0xFF99, 0xFF99, 0xFFB9, 0xFFB9,
    0xFFB9, 0xFFB9, 0xFFBA, 0xFFB9, 0xFFB9, 0xFFB9, 0xFFB9, 0xFF99, 0xFF99, 0xFF99, 0xFF99, 0xFFB9, 0xFF98, 0xFF37, 0xF6B4, 0xFED4,
    0xF6D4, 0xFED4, 0xFED4, 0xFED4, 0xF6D4, 0xF6B4, 0xF6B4, 0xF6B4, 0xF6B4, 0xF6B4, 0xF6B4, 0xF6B4, 0xF6B4, 0xF6B4, 0xFEB4, 0xFEB4,
    0xFED4, 0xFED5, 0xFEF5, 0xFEF5, 0xFF16, 0xFF58, 0xFF99, 0xFFDB, 0xFFFD, 0xBDD4, 0x4A27, 0x39A5, 0x4A06, 0x4206, 0x39A5, 0x39C5,
    0x39C5, 0x39A5, 0x3164, 0x2123, 0x2123, 0x18E2, 0x18E2, 0x2103, 0x3185, 0x3184, 0x3185, 0x3185, 0x3185, 0x3185, 0x3185, 0x3144,
    0x3963, 0xCDF3, 0xF758, 0xFF9A, 0xFF9A, 0xFF9A, 0xFF99, 0xFF99, 0xFF99, 0xFF99, 0xFF99, 0xFF99, 0xFF99, 0xFFBA, 0xFFBA, 0xFFBA,
    0xFFBA, 0xFFBA, 0xFFDA, 0xFF58, 0xF6B4, 0xF6B4, 0xF694, 0xF6B4, 0xF694, 0xF694, 0xF694, 0xF673, 0xF673, 0xF673, 0xF673, 0xF673,
    0xF694, 0xF673, 0xF673, 0xF673, 0xF673, 0xF673, 0xF673, 0xF673, 0xF693, 0xFF16, 0xFF58, 0xFFBA, 0xFF9A, 0xFF9A, 0xFF9A, 0xFF9A,
    0xFF9A, 0xFF9A, 0xFF99, 0xFF99, 0xFF99, 0xFF9A, 0xFF99, 0xFF99, 0xFF9A, 0xFF9A, 0xFF99, 0xFF79, 0xFF99, 0xFF79, 0xF737, 0xF6B4,
    0xF653, 0xF674, 0xF653, 0xF653, 0xF653, 0xF673, 0xF653, 0xF673, 0xF673, 0xF694, 0xFF37, 0xFF58, 0xFF58, 0xFF58, 0xFF99, 0xFFB9,
    0xCCEC, 0xCCEC, 0xCCEC, 0xC4EC, 0xC4EC, 0xCCCC, 0xCCCC, 0xCCCC, 0xC4CC, 0xC4EC, 0xCCEC, 0xCD0D, 0xCD6F, 0xD5D2, 0xDDF3, 0xDDD2,
    0xDDD2, 0xD5D1, 0xD5B1, 0xD5B1, 0xD5B1, 0xD5B1, 0xD5B1, 0xD5B1, 0xD5B1, 0xD5B1, 0xD54E, 0xD52D, 0xD54D, 0xD52D, 0xD54E, 0xD54E,
    0xD54E, 0xD54E, 0xDD6E, 0xE5D0, 0xE5F0, 0xEE53, 0xF6F7, 0xF717, 0xF717, 0xF717, 0xF717, 0xF718, 0xF718, 0xF738, 0xF738, 0xF738,
    0xF738, 0xF738, 0xF738, 0xF738, 0xF738, 0xF758, 0xF758, 0xFF58, 0xFF79, 0xFF99, 0xFFBA, 0xFF99, 0xFF99, 0xFF78, 0xFF16, 0xFED4,
    0xFED4, 0xFEB4, 0xFEB3, 0xFEB3, 0xF693, 0xF693, 0xFEB3, 0xF693, 0xFE93, 0xFE93, 0xFE93, 0xFE93, 0xFE93, 0xFE93, 0xFEB3, 0xFE93,
    0xFEB3, 0xFEB3, 0xFEB3, 0xFEB4, 0xFEB4, 0xF6B4, 0xFF57, 0xFF99, 0xFF99, 0xFFB9, 0xFFB9, 0xFF99, 0xFF99, 0xFF78, 0xFF79, 0xFF78,
    0xFF99, 0xFFB9, 0xFFB9, 0xFFB9, 0xFFB9, 0xFFBA, 0xFFB9, 0xFF99, 0xFF99, 0xFF99, 0xFFB9, 0xFF99, 0xFFB9, 0xFF98, 0xF6F5, 0xFEB4,
    0xFEB4, 0xFEB4, 0xF6B4, 0xF6B4, 0xF6B4, 0xFEB4, 0xFEB4, 0xF6B4, 0xF6B4, 0xF6D5, 0xFF37, 0xFF57, 0xFF37, 0xFF57, 0xFF57, 0xFF57,
    0xFF57, 0xFF78, 0xFF98, 0xFFB9, 0xFF99, 0xFF99, 0xFFFB, 0xAD51, 0x840E, 0x6B2A, 0x2902, 0x3984, 0x2943, 0x3164, 0x39A5, 0x39A5,
    0x39A5, 0x39A5, 0x2943, 0x18E2, 0x18E2, 0x18C2, 0x18C2, 0x18E2, 0x3164, 0x3184, 0x3185, 0x3184, 0x3185, 0x3184, 0x31A5, 0x39C5,
    0x3163, 0x3102, 0xCE14, 0xFFFC, 0xFF79, 0xFF9A, 0xFF99, 0xFF9A, 0xFF9A, 0xFF9A, 0xFF9A, 0xFF9A, 0xFF9A, 0xFFBA, 0xFFBA, 0xFFBA,
    0xFFBA, 0xFFBA, 0xFFBA, 0xFFBA, 0xFF78, 0xF6D5, 0xF6B4, 0xF694, 0xF6B4, 0xF694, 0xF694, 0xF694, 0xF694, 0xF694, 0xF694, 0xF694,
    0xF694, 0xF673, 0xF673, 0xF673, 0xF673, 0xF673, 0xF693, 0xF693, 0xF693, 0xF673, 0xF6D5, 0xFF58, 0xFF9A, 0xFF9A, 0xFF9A, 0xFF9A,
    0xFF9A, 0xFF9A, 0xFF9A, 0xFFBA, 0xFFBA, 0xFF9A, 0xFF9A, 0xFF99, 0xFF79, 0xFF79, 0xFF79, 0xFF79, 0xFF58, 0xFF38, 0xFF58, 0xF6D5,
    0xF653, 0xF674, 0xF6D5, 0xF6F6, 0xFF17, 0xFF38, 0xFF38, 0xFF58, 0xFF58, 0xFF58, 0xFF99, 0xFF9A, 0xFF9A, 0xFFBA, 0xFF9A, 0xFFBA,
    0xCCEC, 0xCCEC, 0xCCEC, 0xC4EC, 0xC4EC, 0xC4ED, 0xCD0D, 0xCD0D, 0xCD0E, 0xCD0E, 0xCD4E, 0xCD2E, 0xCD4F, 0xD5D1, 0xD5B0, 0xD590,
    0xD590, 0xD54E, 0xD52D, 0xD52E, 0xD52E, 0xD52E, 0xCD2D, 0xD52E, 0xD52E, 0xCD2E, 0xD54E, 0xD54E, 0xD54E, 0xD54E, 0xD52D, 0xDD6E,
    0xE5D0, 0xEDF1, 0xEE11, 0xEE31, 0xEE52, 0xF694, 0xF6D5, 0xF717, 0xF717, 0xF717, 0xF717, 0xF718, 0xF738, 0xF738, 0xF738, 0xF738,
    0xF738, 0xF738, 0xF738, 0xF738, 0xF758, 0xFF58, 0xFF79, 0xFF79, 0xFF99, 0xFF99, 0xFF9A, 0xFFBA, 0xFFB9, 0xFF99, 0xFF78, 0xFF15,
    0xFED4, 0xFEB3, 0xFEB3, 0xFEB3, 0xFEB3, 0xF692, 0xF692, 0xF692, 0xFEB3, 0xFEB3, 0xFEB3, 0xFE92, 0xFE92, 0xFEB3, 0xFEB3, 0xFE93,
    0xF692, 0xF693, 0xFEB3, 0xFEB3, 0xFEB4, 0xFEB4, 0xF6B4, 0xFF78, 0xFFB9, 0xFFB9, 0xFFB9, 0xFFB9, 0xFFB9, 0xFF99, 0xFF99, 0xFF78,
    0xFF99, 0xFFB9, 0xFFBA, 0xFFBA, 0xFFBA, 0xFFBA, 0xFFB9, 0xFFB9, 0xFF99, 0xFFB9, 0xFF98, 0xFF78, 0xFF78, 0xFF78, 0xFF36, 0xF6D5,
    0xFEF5, 0xFEF5, 0xFEF5, 0xF6F6, 0xF6F6, 0xFF37, 0xFF57, 0xFF57, 0xFF57, 0xFF58, 0xFFBA, 0xFFBA, 0xFFBA, 0xFFDA, 0xFFDA, 0xFFDA,
    0xFFDA, 0xFFDA, 0xFFDA, 0xFFDA, 0xFFDA, 0xFFBA, 0xF79A, 0x6B29, 0x18A1, 0x3184, 0x39C6, 0x39A5, 0x39C6, 0x39A6, 0x3985, 0x39A5,
    0x39A5, 0x39A5, 0x3185, 0x3185, 0x2964, 0x2964, 0x2944, 0x2103, 0x2923, 0x3164, 0x3164, 0x3184, 0x3184, 0x3164, 0x3164, 0x3185,
    0x39A5, 0x3164, 0x62A8, 0xAD31, 0xFFDA, 0xFF99, 0xFF9A, 0xFFBA, 0xFFBA, 0xFFBA, 0xFFBA, 0xFFBA, 0xFFBA, 0xFFBA, 0xFFBA, 0xFFBA,
    0xFFBA, 0xFFBA, 0xFFBA, 0xFFBA, 0xFFBA, 0xFF99, 0xF6F5, 0xF6B4, 0xF6B4, 0xF6B4, 0xF694, 0xFEB5, 0xFEB5, 0xFEB4, 0xF694, 0xF694,
    0xF693, 0xF673, 0xF673, 0xF673, 0xF673, 0xF693, 0xF693, 0xF673, 0xF693, 0xF693, 0xF693, 0xF694, 0xFF57, 0xFF9A, 0xFFBA, 0xFFBA,
    0xFFBA, 0xFFBA, 0xFF79, 0xFF79, 0xFF79, 0xFF79, 0xFF99, 0xF717, 0xF674, 0xF695, 0xF695, 0xF695, 0xF694, 0xF674, 0xF654, 0xF674,
    0xF673, 0xF694, 0xFF58, 0xFF79, 0xFF9A, 0xFF99, 0xFF9A, 0xFF99, 0xFF99, 0xFF9A, 0xFF99, 0xFF99, 0xFF99, 0xFF99, 0xFF9A, 0xFFBA,
    0xCD2D, 0xCD2D, 0xCD2E, 0xD56F, 0xD590, 0xD5B1, 0xDDD1, 0xD5D1, 0xDDD2, 0xDDD2, 0xDDF2, 0xDDF2, 0xDDF2, 0xDDD1, 0xCD2E, 0xCD2D,
    0xCD2E, 0xD54E, 0xD54E, 0xD54E, 0xD54E, 0xD52E, 0xD52E, 0xCD2E, 0xD52E, 0xD52E, 0xD54E, 0xD52D, 0xD52D, 0xDD6E, 0xE5D0, 0xE5F1,
    0xEE12, 0xEE32, 0xF652, 0xEE53, 0xF673, 0xF673, 0xF694, 0xF716, 0xF718, 0xF738, 0xF738, 0xF738, 0xF738, 0xF738, 0xF738, 0xF738,
    0xF738, 0xF738, 0xF738, 0xFF59, 0xFF79, 0xFF79, 0xFF79, 0xFF99, 0xFF9A, 0xFF99, 0xFF79, 0xFF79, 0xFF79, 0xFF99, 0xFF78, 0xFEF5,
    0xFE93, 0xFEB3, 0xFEB3, 0xFE93, 0xF692, 0xF692, 0xFE92, 0xFE92, 0xFEB2, 0xFEB2, 0xFE92, 0xFE92, 0xFE93, 0xFE92, 0xFE93, 0xFE93,
    0xF672, 0xF672, 0xFE93, 0xFEB3, 0xFEB3, 0xFEB4, 0xF6B4, 0xFEF6, 0xFF37, 0xFFB9, 0xFFBA, 0xFFBA, 0xFFBA, 0xFFDA, 0xFFBA, 0xFFBA,
    0xFFB9, 0xFF99, 0xFF99, 0xFF78, 0xFF78, 0xFF77, 0xFF77, 0xFF57, 0xFF57, 0xFF37, 0xFEF5, 0xF6D4, 0xF6B4, 0xF6B4, 0xF6B4, 0xFF36,
    0xFFB9, 0xFFB9, 0xFFB9, 0xFFB9, 0xFFB9, 0xFFBA, 0xFFBA, 0xFFBA, 0xFFBA, 0xFFBA, 0xFFBA, 0xFFBA, 0xFFBA, 0xFFBA, 0xFFB9, 0xFFBA,
    0xFFBA, 0xFFBA, 0xFFBA, 0xFFBA, 0xFFBA, 0xFFFB, 0x6B2A, 0x3143, 0x41E6, 0x39C5, 0x3985, 0x39A5, 0x39A5, 0x39A5, 0x39A5, 0x3185,
    0x2923, 0x2103, 0x2123, 0x2944, 0x2944, 0x2103, 0x2123, 0x2123, 0x2923, 0x2964, 0x3164, 0x2103, 0x2103, 0x3164, 0x2943, 0x2964,
    0x3185, 0x39A5, 0x1060, 0x7B8B, 0xFFDA, 0xFF99, 0xFF9A, 0xFFBA, 0xFFBA, 0xFFBA, 0xFFBA, 0xFFBA, 0xFFBA, 0xFFBA, 0xFFBA, 0xFFBA,
    0xFFBA, 0xFFBA, 0xFFBA, 0xFFBA, 0xFFBA, 0xFFBA, 0xFFBA, 0xFF37, 0xF6B4, 0xF6B4, 0xF694, 0xF694, 0xFE94, 0xFE94, 0xF694, 0xF694,
    0xF693, 0xF673, 0xF673, 0xF673, 0xF673, 0xF673, 0xF673, 0xF6B4, 0xF6B4, 0xF6B4, 0xF6B5, 0xF6B5, 0xF6D6, 0xFF79, 0xFF79, 0xFF58,
    0xFF58, 0xFF37, 0xEE74, 0xEE53, 0xF673, 0xF674, 0xF674, 0xF674, 0xF653, 0xF653, 0xF653, 0xF653, 0xF653, 0xF673, 0xF674, 0xF674,
    0xF674, 0xF673, 0xEE53, 0xF6D5, 0xFF99, 0xFF79, 0xFF7A, 0xFF99, 0xFF99, 0xFF9A, 0xFF99, 0xFF99, 0xFF9A, 0xFF9A, 0xFFBA, 0xFFBA,
    0xD5B1, 0xD5B1, 0xD5B1, 0xDDD2, 0xDE13, 0xDDF2, 0xD5F2, 0xD5F2, 0xDDF2, 0xDDF3, 0xDE13, 0xDE13, 0xDE13, 0xDDF2, 0xD54F, 0xD54E,
    0xD54E, 0xD54E, 0xD54E, 0xD54E, 0xD54E, 0xD52E, 0xD54E, 0xD52E, 0xD52D, 0xCD2D, 0xD54D, 0xDD8E, 0xDDAF, 0xE5F0, 0xEE11, 0xEE32,
    0xEE52, 0xF653, 0xF653, 0xF653, 0xF673, 0xF673, 0xF694, 0xF6D6, 0xF738, 0xF738, 0xF738, 0xF738, 0xF738, 0xF738, 0xFF58, 0xFF59,
    0xFF79, 0xFF79, 0xFF59, 0xFF79, 0xFF9A, 0xFF9A, 0xFF9A, 0xFF9A, 0xFF99, 0xFF99, 0xFF78, 0xFF58, 0xFF58, 0xFF78, 0xFF78, 0xFED5,
    0xF673, 0xFE93, 0xFEB3, 0xFE93, 0xFE92, 0xFE92, 0xFE93, 0xFEB3, 0xFE93, 0xFE93, 0xFE93, 0xFE92, 0xFE92, 0xF672, 0xFE92, 0xFE92,
    0xF693, 0xF693, 0xF6B3, 0xFEB3, 0xFEB4, 0xF6D4, 0xFED4, 0xFEB4, 0xFED5, 0xFF57, 0xFF58, 0xFF57, 0xFF58, 0xFF58, 0xFF57, 0xFF57,
    0xFF16, 0xFEF6, 0xFF16, 0xFEF5, 0xFED4, 0xFED4, 0xF6D4, 0xFEB4, 0xF6B4, 0xF6B4, 0xFED4, 0xFED4, 0xFEB4, 0xF6B3, 0xF6B4, 0xF6D4,
    0xFF57, 0xFFB9, 0xFFBA, 0xFFBA, 0xFFBA, 0xFFBA, 0xFFBA, 0xFFBA, 0xFFBA, 0xFFBA, 0xFFBA, 0xFFBA, 0xFFBA, 0xFFBA, 0xFFBA, 0xFFBA,
    0xFFBA, 0xFFBA, 0xFFBA, 0xFF99, 0xFFFB, 0xA4F0, 0x2902, 0x3164, 0x3184, 0x3164, 0x2964, 0x2102, 0x2102, 0x2123, 0x2944, 0x2943,
    0x2103, 0x10A1, 0x10A1, 0x10A1, 0x10A1, 0x1081, 0x18E2, 0x2123, 0x2923, 0x2944, 0x2944, 0x18E2, 0x18A1, 0x20E2, 0x2103, 0x2123,
    0x2943, 0x3144, 0x3164, 0x2923, 0xB552, 0xFFFB, 0xFFBA, 0xFFBA, 0xFF99, 0xFF99, 0xFFBA, 0xFFBA, 0xFFBA, 0xFFBA, 0xFFBA, 0xFFBA,
    0xFFBA, 0xFFBA, 0xFFBA, 0xFFBA, 0xFFBA, 0xFFBA, 0xFFBA, 0xFF9A, 0xFF99, 0xF6F5, 0xF694, 0xF694, 0xF694, 0xF6B4, 0xF6B4, 0xF6B4,
    0xF694, 0xF6D5, 0xF6F6, 0xF6D6, 0xF6D6, 0xF6F6, 0xF6F6, 0xFF99, 0xFF99, 0xFF99, 0xFF99, 0xFF99, 0xFF9A, 0xFFBA, 0xFF78, 0xF6F6,
    0xF653, 0xF653, 0xF673, 0xF673, 0xF673, 0xF673, 0xF673, 0xF674, 0xF674, 0xF674, 0xF653, 0xF674, 0xF674, 0xF674, 0xF674, 0xF674,
    0xF674, 0xF673, 0xF653, 0xF673, 0xF694, 0xFF58, 0xFF99, 0xFF9A, 0xFF99, 0xFF9A, 0xFF9A, 0xFFB9, 0xFFBA, 0xFFBA, 0xFFBA, 0xFFBA,
    0xDE13, 0xDE13, 0xDE13, 0xDE12, 0xDDF3, 0xDDF3, 0xD5F2, 0xDDF2, 0xDDF3, 0xDDF3, 0xDE13, 0xDE13, 0xDE13, 0xDE13, 0xDDD1, 0xD56E,
    0xD54E, 0xD56E, 0xD56E, 0xD56E, 0xD54E, 0xD54E, 0xD52E, 0xD52E, 0xD54E, 0xD56E, 0xDD8F, 0xEDF0, 0xF652, 0xF652, 0xEE52, 0xEE52,
    0xEE53, 0xEE53, 0xF673, 0xF673, 0xF673, 0xF673, 0xF673, 0xF6B4, 0xF738, 0xF738, 0xF738, 0xF738, 0xFF58, 0xFF59, 0xFF59, 0xFF59,
    0xFF99, 0xFF99, 0xFF9A, 0xFF9A, 0xFF9A, 0xFF99, 0xFF99, 0xFF99, 0xFF99, 0xFF79, 0xFF79, 0xFF79, 0xFF78, 0xFF78, 0xFF78, 0xFF57,
    0xF6F4, 0xF693, 0xFE93, 0xFE93, 0xFE92, 0xFE92, 0xFE93, 0xFE93, 0xFE92, 0xFE92, 0xFE92, 0xFE92, 0xF693, 0xF6B3, 0xF6B3, 0xFEB3,
    0xF6B4, 0xF716, 0xFF78, 0xFF78, 0xFF78, 0xFF79, 0xFF79, 0xFF99, 0xFF78, 0xFEF5, 0xFEB3, 0xF6D4, 0xF6B4, 0xFED4, 0xFED4, 0xFED4,
    0xFED4, 0xFED4, 0xFED5, 0xFEF5, 0xFEF5, 0xFEF4, 0xFEF4, 0xFED4, 0xFED4, 0xFED4, 0xF6D4, 0xFED4, 0xF6D4, 0xF6B4, 0xF6B4, 0xF6B4,
    0xF6D4, 0xF737, 0xFFB9, 0xFFBA, 0xFFBA, 0xFFBA, 0xFFBA, 0xFFBA, 0xFFBA, 0xFFBA, 0xFFBA, 0xFFBA, 0xFFBA, 0xFFBA, 0xFFBA, 0xFFBA,
    0xFFBA, 0xFFBA, 0xFFBA, 0xFF99, 0xFFFB, 0x944E, 0x1060, 0x2102, 0x18C1, 0x18E2, 0x18E2, 0x18E2, 0x18C2, 0x18E2, 0x2123, 0x2123,
    0x18E2, 0x1081, 0x0860, 0x1060, 0x18E2, 0x2102, 0x2123, 0x2944, 0x2944, 0x2924, 0x2123, 0x18E2, 0x10A1, 0x10A1, 0x18E2, 0x2123,
    0x2103, 0x2923, 0x2944, 0x2903, 0x41C5, 0x5267, 0x41E5, 0x9CCF, 0xFFFD, 0xFFDB, 0xFFBA, 0xFFBA, 0xFFBA, 0xFFBA, 0xFFBA, 0xFFBA,
    0xFFDA, 0xFFDB, 0xFFDA, 0xFFDA, 0xFFBA, 0xFF99, 0xFF99, 0xFFBA, 0xFFBA, 0xF716, 0xF6D4, 0xFF16, 0xFF37, 0xFF37, 0xFF58, 0xFF58,
    0xFF58, 0xFF79, 0xFFBA, 0xFF99, 0xFFBA, 0xFFBA, 0xFFBA, 0xFFBA, 0xFFBA, 0xFFBA, 0xFFBB, 0xFFDB, 0xFFBA, 0xFFBA, 0xFFBA, 0xFF79,
    0xF6D5, 0xF652, 0xF653, 0xF673, 0xF673, 0xF673, 0xF673, 0xF674, 0xF674, 0xF673, 0xF673, 0xF674, 0xF674, 0xF674, 0xF674, 0xF674,
    0xF673, 0xF673, 0xF673, 0xF653, 0xF673, 0xF694, 0xF6B4, 0xFF58, 0xFFBA, 0xFF9A, 0xFF9A, 0xFFBA, 0xFFBA, 0xFFBA, 0xFFBA, 0xFFBA,
    0xDE13, 0xDE13, 0xDE13, 0xDE13, 0xDE13, 0xDE13, 0xDE13, 0xDE13, 0xDE14, 0xDE14, 0xDE13, 0xDE13, 0xDE13, 0xDE13, 0xDDF2, 0xD54E,
    0xD54E, 0xD56E, 0xD56E, 0xD54E, 0xD54E, 0xD54E, 0xD54E, 0xD56E, 0xDDAF, 0xEDF0, 0xEE11, 0xF652, 0xF652, 0xF652, 0xF653, 0xF653,
    0xF653, 0xF673, 0xF673, 0xF673, 0xF673, 0xF673, 0xF673, 0xF694, 0xF6F6, 0xFF39, 0xF758, 0xFF59, 0xFF59, 0xFF59, 0xFF79, 0xFF79,
    0xFF99, 0xFFBA, 0xFFBA, 0xFF9A, 0xFF99, 0xFF9A, 0xFF99, 0xFF9A, 0xFF99, 0xFF79, 0xFF79, 0xFF78, 0xFF78, 0xFF78, 0xFF78, 0xFF78,
    0xFF15, 0xFEB3, 0xF6B3, 0xF693, 0xF693, 0xF693, 0xFEB4, 0xFED4, 0xFED4, 0xFED4, 0xFEB4, 0xFEB4, 0xFEF5, 0xFF98, 0xFF98, 0xFF98,
    0xFF98, 0xFFB9, 0xFFBA, 0xFFBA, 0xFFBA, 0xFFBA, 0xFFBA, 0xFFBA, 0xFFBA, 0xFF37, 0xFEF5, 0xFED4, 0xFED4, 0xFED4, 0xFED4, 0xFED4,
    0xFED4, 0xFED5, 0xFEF5, 0xFEF5, 0xFEF5, 0xFEF5, 0xFEF4, 0xFED4, 0xFED4, 0xFED4, 0xFED4, 0xFED4, 0xF6D4, 0xF6B4, 0xF6B4, 0xF6D4,
    0xF6B4, 0xF6D4, 0xFF57, 0xFFB9, 0xFFBA, 0xFFBA, 0xFFBA, 0xFFBA, 0xFFBA, 0xFFBA, 0xFFBA, 0xFFBA, 0xFFBA, 0xFFBA, 0xFFBA, 0xFFBA,
    0xFFBA, 0xFFBA, 0xFFBA, 0xFFBA, 0xFFFE, 0xAD52, 0x1040, 0x1081, 0x0880, 0x0880, 0x0880, 0x18E2, 0x2123, 0x2123, 0x2944, 0x2123,
    0x2103, 0x18C1, 0x10A1, 0x18C2, 0x2123, 0x2123, 0x2123, 0x2123, 0x2103, 0x2103, 0x2103, 0x18C2, 0x10A1, 0x10A1, 0x18E2, 0x2102,
    0x2123, 0x2923, 0x2943, 0x2944, 0x2103, 0x20E3, 0x1881, 0x5AA8, 0xAD52, 0xC5F4, 0xFFFB, 0xFFBA, 0xFFBA, 0xFFBA, 0xFFBA, 0xFFBA,
    0xFF98, 0xFF98, 0xFF98, 0xFF99, 0xFF58, 0xF6B5, 0xFEB5, 0xFED5, 0xF6D5, 0xFEB5, 0xFEB4, 0xFF37, 0xFFBA, 0xFF9A, 0xFF99, 0xFFBA,
    0xFFBA, 0xFFBA, 0xFF9A, 0xFFBA, 0xFFBA, 0xFFBA, 0xFFBA, 0xFFBA, 0xFFBA, 0xFFBA, 0xFFBA, 0xFFBA, 0xFFBA, 0xFFBA, 0xFFBA, 0xFFBA,
    0xFFBA, 0xF716, 0xF6B4, 0xF653, 0xF674, 0xF673, 0xF673, 0xF674, 0xF674, 0xF674, 0xF674, 0xF674, 0xF674, 0xF674, 0xF674, 0xF674,
    0xF673, 0xF673, 0xF673, 0xF673, 0xF673, 0xF653, 0xF652, 0xF6B5, 0xF716, 0xFF79, 0xFFDA, 0xFFBA, 0xFF9A, 0xFFBA, 0xFFBA, 0xFFBA,
    0xDE13, 0xDE13, 0xDE13, 0xDE13, 0xDE33, 0xDE33, 0xDE13, 0xDE13, 0xDE13, 0xDE14, 0xDE34, 0xDE13, 0xDE33, 0xDE33, 0xDE12, 0xD58F,
    0xD56E, 0xD56E, 0xD54E, 0xD54E, 0xD54E, 0xD54E, 0xDDAF, 0xE5D0, 0xEE11, 0xEE31, 0xEE32, 0xF652, 0xF653, 0xEE53, 0xEE53, 0xF653,
    0xF653, 0xF673, 0xF673, 0xF673, 0xF673, 0xF673, 0xF694, 0xF694, 0xF6D5, 0xF758, 0xFF59, 0xFF59, 0xFF59, 0xFF79, 0xFF99, 0xFF9A,
    0xFF9A, 0xFFBA, 0xFFBA, 0xFF99, 0xFF99, 0xFF78, 0xF6F6, 0xF6F6, 0xFEF6, 0xF6D5, 0xF6D5, 0xF6D5, 0xF6D4, 0xF6D4, 0xF6D4, 0xF6D4,
    0xF6B4, 0xF6B4, 0xFF36, 0xFF57, 0xFF57, 0xFF57, 0xFF79, 0xFF99, 0xFF99, 0xFF9A, 0xFFBA, 0xFFBA, 0xFF99, 0xFFBA, 0xFFBA, 0xFFBA,
    0xFFBA, 0xFFBA, 0xFFBA, 0xFFBA, 0xFFBA, 0xFFBA, 0xFFBA, 0xFFBA, 0xFFBA, 0xFFBA, 0xFF78, 0xF6F5, 0xFED4, 0xFED4, 0xFED4, 0xFED4,
    0xFED5, 0xFED5, 0xFEF5, 0xFEF5, 0xFEF5, 0xFEF5, 0xFEF5, 0xFEF5, 0xFED4, 0xFED5, 0xFED4, 0xFED4, 0xFED4, 0xFED4, 0xF6D4, 0xF6D4,
    0xF6D4, 0xFEB4, 0xF6D4, 0xF716, 0xFF99, 0xFFBA, 0xFFBA, 0xFFBA, 0xFFBA, 0xFFBA, 0xFFBA, 0xFFBA, 0xFFBA, 0xFFBA, 0xFFBA, 0xFFBA,
    0xFFBA, 0xFFBA, 0xFFFB, 0xC5F3, 0x62C9, 0x4A47, 0x2923, 0x2944, 0x2944, 0x2123, 0x2102, 0x2123, 0x2944, 0x2123, 0x2123, 0x2944,
    0x2944, 0x2944, 0x2944, 0x2944, 0x2943, 0x2123, 0x2943, 0x2103, 0x18C2, 0x18A2, 0x10A1, 0x10A1, 0x10A1, 0x10A1, 0x18C1, 0x18E2,
    0x1902, 0x18E2, 0x2102, 0x2923, 0x3164, 0x3185, 0x3185, 0x3164, 0x10A1, 0x6309, 0xEF59, 0xFF58, 0xFF37, 0xFF36, 0xFF36, 0xFF16,
    0xFED5, 0xF6D5, 0xF6D5, 0xF6D5, 0xF6B4, 0xF6B4, 0xF6B4, 0xF6B4, 0xFEB4, 0xF6B4, 0xF6B4, 0xF6B4, 0xF716, 0xFF79, 0xFFBA, 0xFF99,
    0xFF9A, 0xFFBA, 0xFFBA, 0xFFBA, 0xFFBA, 0xFFBA, 0xFFBA, 0xFFDB, 0xFFDB, 0xFFDB, 0xFFBA, 0xFFBA, 0xFFBA, 0xFFBA, 0xFFBA, 0xFFBA,
    0xFFBA, 0xFFDB, 0xFF79, 0xF6F6, 0xF674, 0xF653, 0xF674, 0xF694, 0xF674, 0xF674, 0xF674, 0xF674, 0xF674, 0xF674, 0xF674, 0xF653,
    0xF653, 0xF673, 0xF673, 0xF673, 0xF673, 0xF673, 0xF673, 0xF653, 0xF652, 0xF6D5, 0xFF37, 0xFF99, 0xFFBB, 0xFFBA, 0xFFBA, 0xFFBA,
    0xDE13, 0xDE13, 0xDE33, 0xDE33, 0xDE33, 0xDE33, 0xDE34, 0xDE34, 0xDE34, 0xDE34, 0xDE34, 0xDE34, 0xDE34, 0xDE14, 0xE613, 0xDDF1,
    0xDD8F, 0xD56E, 0xD56E, 0xD56E, 0xE5AF, 0xE5D0, 0xEE11, 0xEE31, 0xEE32, 0xF652, 0xF652, 0xF653, 0xF653, 0xEE53, 0xEE53, 0xEE53,
    0xF653, 0xF653, 0xF653, 0xF653, 0xF673, 0xF673, 0xF673, 0xF694, 0xF694, 0xF6F6, 0xFF79, 0xFF79, 0xFF79, 0xFF79, 0xFF79, 0xFF58,
    0xFF17, 0xFF16, 0xFF16, 0xFF16, 0xFF16, 0xFEF5, 0xF6B4, 0xF6B4, 0xF6B4, 0xF6B4, 0xF693, 0xF693, 0xF693, 0xF693, 0xF693, 0xF693,
    0xF6B3, 0xFED4, 0xFF56, 0xFF98, 0xFF99, 0xFF99, 0xFF99, 0xFF9A, 0xFF9A, 0xFF9A, 0xFF9A, 0xFF9A, 0xFF9A, 0xFFBA, 0xFFBA, 0xFFBA,
    0xFFBA, 0xFFBA, 0xFFBA, 0xFFBA, 0xFFBA, 0xFFBA, 0xFFBA, 0xFFBA, 0xFFBA, 0xFFBA, 0xFFBA, 0xFF78, 0xFED5, 0xFED4, 0xFED4, 0xFED4,
    0xFED5, 0xFED5, 0xFEF5, 0xFEF5, 0xFEF5, 0xFEF5, 0xFEF5, 0xFED5, 0xFED5, 0xFEF5, 0xFED5, 0xFED5, 0xFED4, 0xFED4, 0xFED4, 0xFED4,
    0xF6D4, 0xF6B4, 0xF6B4, 0xF6B4, 0xFF16, 0xFF99, 0xFFBA, 0xFFB9, 0xFFB9, 0xFFBA, 0xFFBA, 0xFFBA, 0xFFBA, 0xFFBA, 0xFFBA, 0xFFBA,
    0xFFBA, 0xFF99, 0xFFDB, 0xAD31, 0x1060, 0x2923, 0x3184, 0x3164, 0x3164, 0x2944, 0x2123, 0x18E2, 0x10A1, 0x10A1, 0x18C2, 0x2103,
    0x2103, 0x2103, 0x1902, 0x18E2, 0x2102, 0x2923, 0x2943, 0x2923, 0x2123, 0x10A1, 0x10A1, 0x10A1, 0x10A1, 0x10A1, 0x10A1, 0x10A1,
    0x10A1, 0x18E1, 0x18E2, 0x2102, 0x2943, 0x2964, 0x2964, 0x2964, 0x3185, 0x2944, 0x49E5, 0xEEF5, 0xFEF5, 0xFEB4, 0xFED4, 0xFED4,
    0xFED4, 0xFED4, 0xFEB4, 0xFEB4, 0xFEB4, 0xF6B4, 0xF6B5, 0xF6B4, 0xF6B4, 0xFEB4, 0xF6B4, 0xF6B4, 0xF694, 0xF6F6, 0xFF58, 0xFFBA,
    0xFF9A, 0xFFBA, 0xFFBA, 0xFFBA, 0xFFBA, 0xFFBA, 0xFFBA, 0xFFBA, 0xFFDB, 0xFFDB, 0xFFDB, 0xFFDB, 0xFFDB, 0xFFDA, 0xFFBA, 0xFF9A,
    0xFFBA, 0xFFBA, 0xFFDA, 0xFFDA, 0xF6F6, 0xF6B4, 0xF674, 0xF674, 0xF694, 0xF674, 0xF694, 0xF694, 0xF674, 0xF674, 0xF674, 0xF674,
    0xF653, 0xF653, 0xF673, 0xF673, 0xF673, 0xF673, 0xF653, 0xF653, 0xF673, 0xF653, 0xF653, 0xF6F5, 0xFF78, 0xFF9A, 0xFFBA, 0xFFBA,
    0xDE13, 0xDE13, 0xDE33, 0xDE33, 0xDE33, 0xDE33, 0xDE34, 0xDE34, 0xE634, 0xDE34, 0xDE34, 0xDE34, 0xDE34, 0xE634, 0xE634, 0xE654,
    0xDDD1, 0xDD8F, 0xDDAF, 0xE5D0, 0xEE11, 0xEE32, 0xEE32, 0xEE52, 0xEE52, 0xEE53, 0xEE53, 0xEE53, 0xEE53, 0xF653, 0xEE53, 0xF673,
    0xF694, 0xF674, 0xF694, 0xF694, 0xF6B5, 0xF6D5, 0xF6D5, 0xF6F6, 0xF6F6, 0xFF16, 0xF716, 0xF6F6, 0xFEF6, 0xFEF6, 0xFEF6, 0xFEF5,
    0xFED5, 0xF6B4, 0xF6B4, 0xFEB5, 0xFEB4, 0xF6B4, 0xF6D4, 0xF6D4, 0xF6D4, 0xFED5, 0xFED5, 0xFED5, 0xFED5, 0xFED5, 0xFED4, 0xFED4,
    0xFED4, 0xFED5, 0xFF15, 0xFF78, 0xFF99, 0xFF99, 0xFF99, 0xFF9A, 0xFF99, 0xFF99, 0xFF99, 0xFF9A, 0xFF9A, 0xFFBA, 0xFFBA, 0xFFBA,
    0xFFBA, 0xFFBA, 0xFFBA, 0xFFBA, 0xFFBA, 0xFFBA, 0xFFBA, 0xFFBA, 0xFFBA, 0xFFBA, 0xFFBA, 0xFF99, 0xFF36, 0xFED4, 0xFED5, 0xFED5,
    0xFED5, 0xFED5, 0xFEF5, 0xFEF5, 0xFEF5, 0xFEF5, 0xFEF5, 0xFEF5, 0xFEF5, 0xFEF5, 0xFEF5, 0xFEF5, 0xFED4, 0xFEF4, 0xFED4, 0xFED4,
    0xFED4, 0xF6D4, 0xF6D4, 0xFEB4, 0xF6B4, 0xFF36, 0xFF78, 0xFFBA, 0xFFBA, 0xFFBA, 0xFFBA, 0xFFBA, 0xFFBA, 0xFFBA, 0xFFBA, 0xFFBA,
    0xFFFA, 0xF779, 0x5A87, 0x3985, 0x3184, 0x31A5, 0x3164, 0x2103, 0x18C1, 0x18C2, 0x18C2, 0x10A1, 0x10A1, 0x0881, 0x1081, 0x1081,
    0x10A1, 0x10A1, 0x10A1, 0x1081, 0x10A1, 0x2123, 0x2123, 0x2123, 0x18E2, 0x1081, 0x1081, 0x1081, 0x10A1, 0x10A1, 0x10A1, 0x1081,
    0x1081, 0x18E1, 0x18E2, 0x18E1, 0x18E2, 0x2103, 0x2103, 0x20E2, 0x20E2, 0x2102, 0x20E1, 0x5206, 0xF6F4, 0xFEF5, 0xFED4, 0xFED4,
    0xFED4, 0xFED4, 0xFED4, 0xFED5, 0xFED4, 0xFEB4, 0xF6B4, 0xF6B4, 0xFEB4, 0xFEB4, 0xF6B4, 0xF6B4, 0xF694, 0xF694, 0xF6B4, 0xF737,
    0xFFBA, 0xFFBA, 0xFFBA, 0xFFBA, 0xFFBA, 0xFFBA, 0xFFBA, 0xFFBA, 0xFFBA, 0xFFBA, 0xFFBA, 0xFFDA, 0xFFDA, 0xFFBA, 0xFFBA, 0xFFBA,
    0xFFBA, 0xFFBA, 0xFFBA, 0xFFBA, 0xFFDA, 0xFF58, 0xF6B5, 0xF674, 0xF674, 0xF694, 0xF674, 0xF674, 0xF674, 0xF674, 0xF674, 0xF674,
    0xF673, 0xF673, 0xF673, 0xF673, 0xF653, 0xF653, 0xF653, 0xF653, 0xF673, 0xF673, 0xF673, 0xF653, 0xF6B4, 0xFF79, 0xF779, 0xFF99,
    0xDE33, 0xDE33, 0xDE33, 0xDE53, 0xDE53, 0xDE34, 0xDE34, 0xDE34, 0xE634, 0xE634, 0xDE34, 0xDE34, 0xDE34, 0xE654, 0xE654, 0xE654,
    0xE612, 0xE5D0, 0xE5F1, 0xEE12, 0xEE12, 0xEE32, 0xEE32, 0xEE73, 0xF694, 0xF694, 0xF694, 0xF694, 0xF695, 0xF6B5, 0xF6B5, 0xF6F6,
    0xFF37, 0xFF37, 0xFF37, 0xF737, 0xFF79, 0xFF99, 0xFF99, 0xFF99, 0xFF99, 0xFF99, 0xFF37, 0xF6D5, 0xF6D5, 0xFED5, 0xFED5, 0xFED5,
    0xF6D5, 0xF6D5, 0xFED5, 0xFED5, 0xFED5, 0xFED5, 0xFED5, 0xFED5, 0xFED5, 0xFEF5, 0xFEF5, 0xFEF5, 0xFEF5, 0xFEF5, 0xFEF5, 0xFED5,
    0xFED4, 0xFED5, 0xF6F5, 0xFF57, 0xFF99, 0xFF99, 0xFF99, 0xFF9A, 0xFF99, 0xFF99, 0xFFBA, 0xFFBA, 0xFFBA, 0xFFBA, 0xFFBA, 0xFFBA,
    0xFFBA, 0xFFBA, 0xFFBA, 0xFFBA, 0xFFBA, 0xFFBA, 0xFFBA, 0xFFBA, 0xFFBA, 0xFFBA, 0xFFB9, 0xFFBA, 0xFF78, 0xFEF5, 0xFEF5, 0xFED5,
    0xFEF5, 0xFEF5, 0xFF15, 0xFF16, 0xFEF6, 0xFEF5, 0xFEF5, 0xFEF5, 0xFEF5, 0xFEF5, 0xFEF4, 0xFEF4, 0xFED4, 0xFEF4, 0xFED4, 0xFED4,
    0xFED4, 0xFED4, 0xF6D4, 0xFED4, 0xFED4, 0xF6B4, 0xF6F6, 0xFF99, 0xFFBA, 0xFFB9, 0xFF99, 0xFF99, 0xFF99, 0xFF99, 0xFFB9, 0xFF98,
    0xF778, 0xEF59, 0x3984, 0x2903, 0x3164, 0x2923, 0x2943, 0x2103, 0x10A1, 0x18C1, 0x10A1, 0x10C2, 0x1081, 0x0840, 0x0840, 0x1081,
    0x10C2, 0x10A2, 0x10A2, 0x10A2, 0x10A2, 0x18C2, 0x10A1, 0x1081, 0x1081, 0x0861, 0x0861, 0x10A1, 0x10A1, 0x1081, 0x1081, 0x10A1,
    0x10A1, 0x18C1, 0x18E2, 0x18E2, 0x18E2, 0x18C2, 0x20E2, 0x18C1, 0x20C2, 0x20E2, 0x20C2, 0x2923, 0x9C4C, 0xF694, 0xFEF5, 0xFED4,
    0xFED4, 0xFED4, 0xFED4, 0xFED4, 0xFEB4, 0xFEB4, 0xFEB4, 0xFEB4, 0xFEB4, 0xFEB4, 0xF6B4, 0xF694, 0xF6B4, 0xF694, 0xF693, 0xF694,
    0xFF37, 0xFF99, 0xFFBA, 0xFFBA, 0xFFBA, 0xFFBA, 0xFFBA, 0xFFBA, 0xFFBA, 0xFFBA, 0xFFBA, 0xFFBA, 0xFFBA, 0xFFBA, 0xFFBA, 0xFFBA,
    0xFFBA, 0xFFBA, 0xFFBA, 0xFFBA, 0xFFBA, 0xFFBA, 0xFFB9, 0xF6D6, 0xF694, 0xF674, 0xF674, 0xF674, 0xF674, 0xF674, 0xF674, 0xF674,
    0xF673, 0xF653, 0xF653, 0xF653, 0xF673, 0xF693, 0xF693, 0xF693, 0xF6B4, 0xFF57, 0xFF37, 0xFF37, 0xFF58, 0xFF79, 0xFF78, 0xF6D6,
    0xE654, 0xE654, 0xE654, 0xDE54, 0xDE54, 0xDE54, 0xE654, 0xDE13, 0xDDF2, 0xDE13, 0xDE13, 0xDE13, 0xDE13, 0xE633, 0xE633, 0xE653,
    0xEE73, 0xEE94, 0xF6B5, 0xEEB5, 0xF6D6, 0xF6F6, 0xF6F6, 0xF717, 0xF738, 0xF738, 0xFF58, 0xFF59, 0xFF59, 0xFF79, 0xFF79, 0xFF79,
    0xFF79, 0xFF79, 0xFF99, 0xFF99, 0xFF99, 0xFF79, 0xFF79, 0xFF79, 0xFF7A, 0xFF99, 0xFF57, 0xF6F5, 0xFEF5, 0xFEF6, 0xFEF5, 0xFEF5,
    0xFEF5, 0xFEF5, 0xFEF5, 0xFEF5, 0xFEF6, 0xFEF6, 0xFEF6, 0xFEF6, 0xFEF6, 0xFEF6, 0xFEF5, 0xFEF5, 0xFEF5, 0xF6D5, 0xFEF5, 0xFEF5,
    0xFEF5, 0xFEF5, 0xFEF5, 0xFEF5, 0xFF57, 0xFFB9, 0xFF99, 0xFF99, 0xFF99, 0xFF99, 0xFF99, 0xFFBA, 0xFFBA, 0xFFBA, 0xFFBA, 0xFFBA,
    0xFFBA, 0xFFBA, 0xFFBA, 0xFFBA, 0xFFDA, 0xFFBA, 0xFFBA, 0xFFBA, 0xFFB9, 0xFFB9, 0xFFBA, 0xFFBA, 0xFFBA, 0xFF98, 0xFEF5, 0xFED5,
    0xFEF5, 0xFEF5, 0xFEF6, 0xFEF6, 0xFEF5, 0xFEF5, 0xFEF5, 0xFEF5, 0xFEF5, 0xFEF5, 0xFEF5, 0xFEF5, 0xFEF5, 0xFED4, 0xFED4, 0xF6D4,
    0xF6D4, 0xFEF4, 0xFEF5, 0xFEF5, 0xFEF5, 0xFEF5, 0xF716, 0xFF16, 0xFF36, 0xFF16, 0xFEF5, 0xFED4, 0xFED4, 0xFED4, 0xF6D4, 0xFF97,
    0xB4EE, 0x3964, 0x39A5, 0x3164, 0x2964, 0x2923, 0x2123, 0x18C2, 0x10A1, 0x10A1, 0x10A1, 0x10C2, 0x10A1, 0x0860, 0x0840, 0x0881,
    0x10A2, 0x10A1, 0x10A1, 0x10A1, 0x10A1, 0x1081, 0x1081, 0x0861, 0x0861, 0x0861, 0x0860, 0x1081, 0x1081, 0x1081, 0x1081, 0x1081,
    0x10A1, 0x10A1, 0x10A1, 0x10A1, 0x18C1, 0x18E2, 0x20E2, 0x20E2, 0x20E2, 0x20E2, 0x20E2, 0x20E2, 0x1881, 0xB4CE, 0xF6D4, 0xFEF5,
    0xFED4, 0xFEB4, 0xFED4, 0xFED4, 0xFED4, 0xFEB4, 0xF6B4, 0xF6B4, 0xF6B4, 0xF6B4, 0xF6B4, 0xF6B4, 0xF694, 0xF693, 0xF693, 0xF693,
    0xF673, 0xF716, 0xFF99, 0xFFBA, 0xFFBA, 0xFFBA, 0xFFBA, 0xFFBA, 0xFFBA, 0xFFBA, 0xFFBA, 0xFFBA, 0xFFBA, 0xFFBA, 0xFFBA, 0xFFBA,
    0xFFBA, 0xFFBA, 0xFFBA, 0xFFDA, 0xFFDA, 0xFFDA, 0xFFDA, 0xFFDA, 0xF716, 0xF673, 0xF674, 0xF673, 0xF673, 0xF673, 0xF673, 0xF653,
    0xF6B4, 0xFF16, 0xFF16, 0xF6F6, 0xFF58, 0xFFB9, 0xFF99, 0xFF99, 0xFF79, 0xFFBA, 0xFFBA, 0xFFBA, 0xFFBA, 0xFFBA, 0xFFBA, 0xF717,
    0xDDF2, 0xDDF2, 0xDDF2, 0xDDF2, 0xDDF2, 0xDDF2, 0xDDF2, 0xDDD1, 0xDD90, 0xDD90, 0xDD90, 0xDDB0, 0xDDB0, 0xDDB0, 0xE5F1, 0xEE12,
    0xEE53, 0xF6D6, 0xF718, 0xF738, 0xF738, 0xF738, 0xF738, 0xF739, 0xF739, 0xF738, 0xF738, 0xF759, 0xFF59, 0xFF79, 0xFF79, 0xFF79,
    0xFF79, 0xFF79, 0xFF79, 0xFF79, 0xFF79, 0xFF79, 0xFF79, 0xFF9A, 0xFF9A, 0xFF9A, 0xFF58, 0xFEF6, 0xFEF5, 0xFEF6, 0xFEF6, 0xFEF5,
    0xFEF5, 0xFEF5, 0xFEF6, 0xFEF5, 0xFEF6, 0xFEF6, 0xFEF6, 0xFEF6, 0xFEF6, 0xFEF6, 0xFEF6, 0xFEF6, 0xFEF6, 0xFEF6, 0xFEF5, 0xF6D5,
    0xFEF5, 0xFEF5, 0xFEF5, 0xFEF5, 0xFF16, 0xFF78, 0xFFBA, 0xFF99, 0xFF99, 0xFF99, 0xFF99, 0xFF99, 0xFF99, 0xFF99, 0xFF99, 0xFF99,
    0xFFB9, 0xFFBA, 0xFFBA, 0xFFBA, 0xFFBA, 0xFFBA, 0xFFBA, 0xFFBA, 0xFFBA, 0xFFBA, 0xFFBA, 0xFFBA, 0xFFBA, 0xFFB9, 0xFF36, 0xFED5,
    0xFED5, 0xFEF5, 0xFEF5, 0xFEF5, 0xFEF5, 0xFEF5, 0xFEF5, 0xFEF5, 0xFEF5, 0xFF16, 0xFF36, 0xFF36, 0xFF16, 0xFF36, 0xFF37, 0xFF57,
    0xFF57, 0xFF99, 0xFFB9, 0xFFB9, 0xFFB9, 0xFFB9, 0xFFB9, 0xFF37, 0xF6D4, 0xF6B3, 0xFEB4, 0xFED3, 0xFED3, 0xFED3, 0xFED3, 0xD5D1,
    0x7B49, 0x20E2, 0x3185, 0x3164, 0x3143, 0x18C1, 0x18C1, 0x10A1, 0x10C2, 0x10C1, 0x10C2, 0x10C2, 0x10C2, 0x1081, 0x0860, 0x0860,
    0x0860, 0x0860, 0x0860, 0x0860, 0x0860, 0x0860, 0x0840, 0x0860, 0x0860, 0x0860, 0x0881, 0x10C2, 0x10A1, 0x0861, 0x0881, 0x0861,
    0x0860, 0x0860, 0x0860, 0x0880, 0x10A1, 0x18C2, 0x20E2, 0x20E3, 0x2903, 0x20E2, 0x20E2, 0x20E2, 0x20C2, 0x2903, 0xE672, 0xFF15,
    0xFED4, 0xFEB4, 0xFEB4, 0xFED4, 0xFEB4, 0xFEB4, 0xF6B4, 0xF6B4, 0xF6B4, 0xF6B4, 0xF6B4, 0xF6B4, 0xF694, 0xF693, 0xF673, 0xF673,
    0xF694, 0xF693, 0xF6D5, 0xFF58, 0xFF99, 0xFFBA, 0xFFBA, 0xFFBA, 0xFFBA, 0xFFBA, 0xFFBA, 0xFFBA, 0xFFBA, 0xFFBA, 0xFFDA, 0xFFDA,
    0xFFDA, 0xFFBA, 0xFF79, 0xFF78, 0xFF78, 0xFF78, 0xFF78, 0xFF58, 0xF6F6, 0xF694, 0xF674, 0xF717, 0xFF78, 0xFF38, 0xFF37, 0xF737,
    0xFF58, 0xFFBA, 0xFFBA, 0xFFBA, 0xFFBA, 0xFFBA, 0xFFBA, 0xFFBA, 0xFFBA, 0xFF99, 0xFF99, 0xFF99, 0xFF9A, 0xFFBA, 0xFFBA, 0xFFBA,
    0xDD8F, 0xDD8F, 0xDD8F, 0xDD8F, 0xDD8F, 0xDD8F, 0xDD6F, 0xDD6F, 0xDD8F, 0xDD8F, 0xDD8F, 0xE5D0, 0xEDF1, 0xEE11, 0xEE32, 0xF652,
    0xEE73, 0xF6D5, 0xF718, 0xF738, 0xF738, 0xF738, 0xF738, 0xF738, 0xF738, 0xF738, 0xFF58, 0xFF58, 0xFF58, 0xFF59, 0xFF59, 0xFF59,
    0xFF79, 0xFF79, 0xFF79, 0xFF79, 0xFF99, 0xFF99, 0xFFBA, 0xFFBA, 0xFFDB, 0xFFDB, 0xFFBA, 0xFF37, 0xFEF6, 0xFEF6, 0xFEF6, 0xFEF5,
    0xFEF5, 0xFEF6, 0xFEF5, 0xFEF5, 0xFEF6, 0xFEF6, 0xFEF6, 0xFEF6, 0xFEF6, 0xFEF6, 0xFEF6, 0xFEF6, 0xFEF6, 0xFEF6, 0xFEF6, 0xFEF5,
    0xFEF5, 0xFEF5, 0xFEF5, 0xFEF5, 0xFED5, 0xFF36, 0xFF99, 0xFF9A, 0xFF99, 0xFF99, 0xFFB9, 0xFFB9, 0xFFBA, 0xFFBA, 0xFFBA, 0xFFBA,
    0xFFBA, 0xFFBA, 0xFFBA, 0xFFBA, 0xFFBA, 0xFFBA, 0xFF99, 0xFF99, 0xFF99, 0xFF99, 0xFF99, 0xFF99, 0xFF79, 0xFF78, 0xFF78, 0xFF36,
    0xFF16, 0xFF37, 0xFF57, 0xFF57, 0xFF77, 0xFF78, 0xFF78, 0xFF78, 0xFF78, 0xFF99, 0xFFB9, 0xFFB9, 0xFFB9, 0xFFB9, 0xFFBA, 0xFFBA,
    0xFFBA, 0xFFBA, 0xFFBA, 0xFFBA, 0xFFBA, 0xFFBA, 0xFFBA, 0xFFB9, 0xFF56, 0xFEB3, 0xFED4, 0xFED4, 0xFED4, 0xFED3, 0xFF35, 0x6286,
    0x1860, 0x3144, 0x2923, 0x2923, 0x2102, 0x10A1, 0x10A1, 0x10A1, 0x10A1, 0x10A1, 0x10A1, 0x10A1, 0x10A2, 0x10A1, 0x1081, 0x1081,
    0x0881, 0x0840, 0x0840, 0x0840, 0x0840, 0x0840, 0x0840, 0x0860, 0x0881, 0x0861, 0x10A1, 0x18C2, 0x10A2, 0x0881, 0x0861, 0x0861,
    0x0860, 0x0860, 0x0860, 0x1081, 0x1081, 0x10A1, 0x18C2, 0x20E2, 0x2903, 0x2903, 0x2903, 0x2902, 0x1081, 0x20E2, 0xB4EF, 0xFEF5,
    0xFED4, 0xFEB4, 0xFEB4, 0xFEB4, 0xFEB4, 0xFEB4, 0xF6B4, 0xF6B4, 0xF6B4, 0xF6B4, 0xF6B4, 0xF694, 0xF6B4, 0xF694, 0xF673, 0xF673,
    0xF693, 0xF693, 0xFE93, 0xF673, 0xF716, 0xFF99, 0xFFBA, 0xFFBA, 0xFFBA, 0xFFBA, 0xFFBA, 0xFFBA, 0xFFBA, 0xFF99, 0xFF58, 0xFF58,
    0xFF58, 0xFF58, 0xF6D6, 0xF695, 0xF695, 0xF6B5, 0xF694, 0xF674, 0xF694, 0xF694, 0xF694, 0xF6F6, 0xFF79, 0xFF9A, 0xFFBA, 0xFFDA,
    0xFFBA, 0xFFBA, 0xFFBA, 0xFFBA, 0xFFBA, 0xFFBA, 0xFFBA, 0xFFBA, 0xFFBA, 0xFF99, 0xFF9A, 0xFFBA, 0xFFBA, 0xFFBA, 0xFFBA, 0xFFBA,
    0xDD8F, 0xDD8F, 0xDD8F, 0xDD8F, 0xDD8F, 0xDD8F, 0xDD8F, 0xDD8F, 0xDD8F, 0xDDB0, 0xE5D0, 0xEE11, 0xF673, 0xF673, 0xF673, 0xF673,
    0xEE73, 0xF6B5, 0xF738, 0xF738, 0xF738, 0xF738, 0xF738, 0xF738, 0xFF58, 0xFF58, 0xFF58, 0xFF58, 0xFF59, 0xFF59, 0xFF59, 0xFF59,
    0xFF59, 0xFF79, 0xFF79, 0xFF99, 0xFFBA, 0xFFBA, 0xFFBA, 0xFFBB, 0xFFDB, 0xFFDB, 0xFFBA, 0xFF37, 0xFF16, 0xFEF6, 0xFEF6, 0xFEF6,
    0xFEF6, 0xFEF6, 0xFEF6, 0xFEF6, 0xFEF6, 0xFEF6, 0xFEF6, 0xFEF6, 0xFEF6, 0xFEF6, 0xFEF6, 0xFEF6, 0xFEF6, 0xFF16, 0xFF16, 0xFEF6,
    0xFEF6, 0xFED5, 0xFED5, 0xFED5, 0xFEF5, 0xFEF5, 0xFF36, 0xFFB9, 0xFF9A, 0xFF99, 0xFFBA, 0xFFBA, 0xFFBA, 0xFFBA, 0xFFBA, 0xFFBA,
    0xFFBA, 0xFFBA, 0xFFBA, 0xFFBA, 0xFFB9, 0xFF99, 0xFF58, 0xFF16, 0xFF16, 0xFF16, 0xFF16, 0xFEF5, 0xFEF6, 0xFED5, 0xF6D5, 0xFF36,
    0xFF57, 0xFF99, 0xFFDA, 0xFFDA, 0xFFDB, 0xFFDA, 0xFFDA, 0xFFDA, 0xFFDA, 0xFFDB, 0xFFDB, 0xFFBA, 0xFFDA, 0xFFDA, 0xFFDA, 0xFFBA,
    0xFFBA, 0xFFBA, 0xFFBA, 0xFFBA, 0xFFBA, 0xFFB9, 0xFFBA, 0xFFBA, 0xFF99, 0xFF16, 0xFED4, 0xFED4, 0xFED4, 0xFEB3, 0xFF34, 0x72C7,
    0x20C1, 0x2123, 0x20E2, 0x20E2, 0x18C1, 0x10A1, 0x10A1, 0x10A1, 0x1081, 0x0861, 0x0881, 0x0881, 0x0881, 0x1081, 0x1081, 0x10A1,
    0x1081, 0x0860, 0x0860, 0x0860, 0x0840, 0x0860, 0x0861, 0x0881, 0x10A2, 0x10A2, 0x10C2, 0x10C2, 0x18C2, 0x10A1, 0x1081, 0x18E2,
    0x18E2, 0x18C2, 0x10A2, 0x1081, 0x1081, 0x1081, 0x1081, 0x20E2, 0x2102, 0x2903, 0x2903, 0x20E2, 0x18A1, 0x1060, 0x3964, 0xFF15,
    0xFED4, 0xFEB4, 0xFEB3, 0xFEB3, 0xFEB4, 0xFEB4, 0xF6B4, 0xF6B4, 0xFEB4, 0xF6B4, 0xF694, 0xF694, 0xF693, 0xF693, 0xF693, 0xF693,
    0xF673, 0xF693, 0xF6B4, 0xF6B4, 0xF6B4, 0xF6F6, 0xFF99, 0xFF58, 0xFF58, 0xFF58, 0xFF58, 0xFF58, 0xFF58, 0xFF16, 0xF694, 0xF694,
    0xF694, 0xF694, 0xF694, 0xF694, 0xF694, 0xF694, 0xF694, 0xF694, 0xF694, 0xF694, 0xF694, 0xF674, 0xF6B5, 0xFF57, 0xFF99, 0xFFB9,
    0xFFB9, 0xFFBA, 0xFFBA, 0xFFBA, 0xFFBA, 0xFFBA, 0xFFBA, 0xFFBA, 0xFF9A, 0xFF99, 0xFF9A, 0xFFBA, 0xFFBA, 0xFFDA, 0xFFDA, 0xFFDA,
    0xDD8F, 0xDD8F, 0xDD8F, 0xDD8F, 0xDD8F, 0xDD8F, 0xDD8F, 0xE5B0, 0xE5D0, 0xEE12, 0xF653, 0xF673, 0xF673, 0xF673, 0xF673, 0xF673,
    0xF673, 0xF6B4, 0xF717, 0xF738, 0xF738, 0xF738, 0xFF58, 0xFF58, 0xFF58, 0xFF59, 0xFF59, 0xFF58, 0xFF59, 0xFF59, 0xFF59, 0xFF79,
    0xFF79, 0xFF79, 0xFFBA, 0xFFBA, 0xFFDA, 0xFFDA, 0xFFDA, 0xFFDB, 0xFFDB, 0xFFDB, 0xFFDB, 0xFF99, 0xFF16, 0xFEF6, 0xFEF6, 0xFEF6,
    0xFEF6, 0xFEF6, 0xFEF6, 0xFEF6, 0xFF16, 0xFF16, 0xFEF6, 0xFF16, 0xFF16, 0xFF16, 0xFF16, 0xFEF6, 0xFEF6, 0xFF16, 0xFEF6, 0xFEF6,
    0xFED5, 0xFED5, 0xFED5, 0xFED5, 0xFED5, 0xFED5, 0xFEF5, 0xFF57, 0xFF99, 0xFFB9, 0xFF99, 0xFF98, 0xFF98, 0xFF98, 0xFF98, 0xFF99,
    0xFF77, 0xFF16, 0xFF16, 0xFF16, 0xFF16, 0xFF16, 0xFEF5, 0xFEF5, 0xFEF5, 0xFEF5, 0xFEF5, 0xFEF5, 0xFEF5, 0xFF36, 0xFF77, 0xFF77,
    0xFFB8, 0xFFFB, 0xFFFB, 0xFFFB, 0xFFFC, 0xFFFC, 0xFFFC, 0xFFFC, 0xFFBA, 0xFFBA, 0xFFBA, 0xFFBA, 0xFFDA, 0xFFDA, 0xFFDA, 0xFFBA,
    0xFFBA, 0xFFBA, 0xFFBA, 0xFFBA, 0xFFBA, 0xFFBA, 0xFFBA, 0xFFBA, 0xFFBA, 0xFFB9, 0xFF16, 0xFED4, 0xFED4, 0xFED4, 0xFF35, 0x6AC7,
    0x20C2, 0x31A5, 0x3164, 0x2102, 0x18E2, 0x1081, 0x1081, 0x1081, 0x10A1, 0x1081, 0x10A1, 0x1081, 0x1081, 0x1081, 0x1081, 0x1081,
    0x0881, 0x0860, 0x0860, 0x0860, 0x0860, 0x0860, 0x0860, 0x0860, 0x0861, 0x10A2, 0x10C2, 0x10C2, 0x18C2, 0x18C2, 0x18E3, 0x18E3,
    0x10A1, 0x10A1, 0x18E2, 0x1081, 0x1081, 0x1081, 0x1081, 0x18A1, 0x20E2, 0x2903, 0x2903, 0x20E2, 0x18A1, 0x1060, 0x41C5, 0xFEF5,
    0xFED4, 0xFEB4, 0xFEB3, 0xF6B3, 0xF693, 0xF693, 0xF6B3, 0xF693, 0xFEB3, 0xF6B4, 0xF6B4, 0xF6B4, 0xF6B4, 0xF6B4, 0xF6B5, 0xF6B5,
    0xF6B5, 0xF6F6, 0xFF99, 0xFF99, 0xFF99, 0xFFBA, 0xFF99, 0xF6B5, 0xF694, 0xF6B5, 0xF6B5, 0xF6B5, 0xF6B4, 0xF6B4, 0xFEB4, 0xF6B4,
    0xF694, 0xF694, 0xF694, 0xF694, 0xF694, 0xF694, 0xF694, 0xF694, 0xF694, 0xF694, 0xF694, 0xF694, 0xF694, 0xF6B5, 0xF6D5, 0xFF99,
    0xFFDA, 0xFFBA, 0xFFDA, 0xFFBA, 0xFFBA, 0xFFBA, 0xFFBA, 0xFFBA, 0xFF9A, 0xFF9A, 0xFF9A, 0xFFBA, 0xFFDA, 0xFFDB, 0xFFDB, 0xFFDB,
    0xDD8F, 0xDD8F, 0xDD8F, 0xDD8F, 0xDD8F, 0xEDF1, 0xEDF1, 0xEE32, 0xEE52, 0xEE53, 0xF673, 0xF673, 0xF673, 0xF674, 0xF673, 0xF673,
    0xF693, 0xF673, 0xF6D5, 0xF738, 0xF738, 0xFF58, 0xFF58, 0xFF58, 0xFF58, 0xFF58, 0xFF59, 0xFF59, 0xFF59, 0xFF79, 0xFF79, 0xFF99,
    0xFF99, 0xFF9A, 0xFFBA, 0xFFDA, 0xFFBA, 0xFFDB, 0xFFDB, 0xFFDB, 0xFFDB, 0xFFDB, 0xFFDB, 0xFFDA, 0xFF57, 0xFEF6, 0xFEF6, 0xFEF6,
    0xFEF6, 0xFEF6, 0xFEF6, 0xFF16, 0xFF16, 0xFF16, 0xFEF6, 0xFEF6, 0xFF16, 0xFEF6, 0xFEF6, 0xFEF6, 0xFEF6, 0xFEF6, 0xFF16, 0xFF17,
    0xFF16, 0xFF17, 0xFF37, 0xFF37, 0xFF17, 0xFF16, 0xFF16, 0xFEF5, 0xFF16, 0xFF36, 0xFF16, 0xFEF5, 0xFEF5, 0xFEF5, 0xFF15, 0xFF15,
    0xFEF5, 0xFEF5, 0xFEF5, 0xFEF4, 0xFEF4, 0xFEF4, 0xFED4, 0xFEF5, 0xFEF5, 0xFEF5, 0xFED5, 0xFED5, 0xFF77, 0xDE32, 0xC50E, 0xC54F,
    0xC570, 0xC591, 0xC5B1, 0xC5B2, 0xC5B1, 0xC5B2, 0xC591, 0xCDD2, 0xFFFB, 0xFFFB, 0xFFFC, 0xFFDB, 0xFFBA, 0xFFBA, 0xFFBA, 0xFFBA,
    0xFFBA, 0xFFBA, 0xFFBA, 0xFFBA, 0xFFBA, 0xFFBA, 0xFFBA, 0xFFBA, 0xFFBA, 0xFFBA, 0xFFB9, 0xFF36, 0xFEB3, 0xFED3, 0xFF55, 0x6AC7,
    0x20C2, 0x41E6, 0x39C5, 0x18E2, 0x0880, 0x0860, 0x0860, 0x0860, 0x10A2, 0x10C2, 0x10A2, 0x10A2, 0x1081, 0x1081, 0x0881, 0x0880,
    0x0880, 0x0860, 0x0860, 0x0860, 0x0860, 0x0861, 0x0860, 0x0040, 0x0860, 0x10A2, 0x10A2, 0x10C2, 0x18C2, 0x18C2, 0x18E3, 0x1903,
    0x18C2, 0x10A1, 0x10C2, 0x1081, 0x1081, 0x10A1, 0x10A1, 0x1081, 0x18A1, 0x20C2, 0x2923, 0x20E2, 0x1081, 0x0840, 0x49C5, 0xFF35,
    0xFEB4, 0xFEB4, 0xFE93, 0xF693, 0xFEF5, 0xFF16, 0xFF16, 0xFF16, 0xFF16, 0xFF37, 0xFF78, 0xFFBA, 0xFFBA, 0xFFBA, 0xFFBA, 0xFFBA,
    0xFFBA, 0xFFBA, 0xFFDB, 0xFFDB, 0xFFDB, 0xFFDB, 0xFFBA, 0xFF58, 0xF716, 0xF694, 0xF6B5, 0xF6B5, 0xF6B4, 0xF6B4, 0xF6B4, 0xF6B4,
    0xF694, 0xF694, 0xF694, 0xF694, 0xF694, 0xF694, 0xF694, 0xF694, 0xF694, 0xF694, 0xF694, 0xF694, 0xF694, 0xF695, 0xF6B5, 0xF6F6,
    0xFF78, 0xFFDB, 0xFFDA, 0xFFBA, 0xFFDA, 0xFFDA, 0xFFBA, 0xFFBA, 0xFFBA, 0xFFBA, 0xFFBA, 0xFFBA, 0xFFDA, 0xFFDA, 0xFFDB, 0xFFDB,
    0xDD8F, 0xDD8F, 0xDD8F, 0xE5CF, 0xE5F0, 0xEE32, 0xEE32, 0xF652, 0xF653, 0xF673, 0xF673, 0xF673, 0xF673, 0xF673, 0xF673, 0xF673,
    0xF673, 0xF673, 0xF6D5, 0xF738, 0xF738, 0xFF58, 0xFF58, 0xFF58, 0xFF59, 0xFF59, 0xFF79, 0xFF99, 0xFF99, 0xFF99, 0xFFBA, 0xFFBA,
    0xFFDA, 0xFFDA, 0xFFDA, 0xFFDB, 0xFFDB, 0xFFDB, 0xFFDB, 0xFFDB, 0xFFDB, 0xFFDB, 0xFFDB, 0xFFDB, 0xFF99, 0xFF16, 0xFEF6, 0xFEF6,
    0xFEF6, 0xFEF5, 0xFEF5, 0xFEF6, 0xFF16, 0xFF16, 0xFF16, 0xFF16, 0xFF16, 0xFF58, 0xFF79, 0xFF79, 0xFF79, 0xFF79, 0xFF79, 0xFF79,
    0xFF79, 0xFFDA, 0xFFDB, 0xFFDB, 0xFFDA, 0xFFDA, 0xFFBA, 0xFF16, 0xFED5, 0xFEF5, 0xFEF5, 0xFEF5, 0xFEF5, 0xFEF5, 0xFF15, 0xFEF5,
    0xFEF5, 0xFEF5, 0xFEF5, 0xFED4, 0xFED4, 0xFEF4, 0xFEF4, 0xFEF5, 0xFF36, 0xFF36, 0xFF16, 0xFF35, 0xD5F1, 0xAC8E, 0x93AB, 0x93CC,
    0x93AB, 0x93AB, 0x93AB, 0x93AB, 0x93AC, 0x93CB, 0x93AB, 0x9C2D, 0xD655, 0xDE55, 0xD655, 0xF79A, 0xFFFB, 0xFFDB, 0xFFDA, 0xFFFA,
    0xFFDA, 0xFFDA, 0xFFBA, 0xFFDA, 0xFFBA, 0xFFBA, 0xFFBA, 0xFFBA, 0xFFBA, 0xFFBA, 0xFFBA, 0xFFB9, 0xFF57, 0xFED4, 0xFF55, 0x72E7,
    0x18A1, 0x2964, 0x2943, 0x18C1, 0x1081, 0x0881, 0x0860, 0x0860, 0x0861, 0x0881, 0x0881, 0x0881, 0x0881, 0x1081, 0x1081, 0x0880,
    0x0860, 0x0880, 0x0881, 0x0861, 0x0861, 0x0861, 0x0860, 0x0060, 0x0860, 0x0881, 0x10A1, 0x10C2, 0x10C2, 0x18C2, 0x18C2, 0x18E2,
    0x18E2, 0x1081, 0x0860, 0x0861, 0x1081, 0x0881, 0x0881, 0x0881, 0x10A1, 0x18C2, 0x2903, 0x20E2, 0x18A1, 0x1060, 0x3984, 0xE673,
    0xFEF4, 0xFF16, 0xFF37, 0xF737, 0xFF99, 0xFFDA, 0xFFDA, 0xFFDA, 0xFFBA, 0xFFBA, 0xFFBA, 0xFFBB, 0xFFDB, 0xFFDB, 0xFFDB, 0xFFDB,
    0xFFDB, 0xFFBB, 0xFFDB, 0xFFDB, 0xFFDB, 0xFFBB, 0xFFBB, 0xFFDB, 0xFFBA, 0xF716, 0xF694, 0xF695, 0xF6B4, 0xF694, 0xF694, 0xF694,
    0xF694, 0xF694, 0xF694, 0xF6B4, 0xF694, 0xF694, 0xF694, 0xF694, 0xF694, 0xF694, 0xF694, 0xF694, 0xF695, 0xF695, 0xF6B5, 0xF694,
    0xF6D5, 0xFF57, 0xFFBA, 0xFFDA, 0xFFBA, 0xFFBA, 0xFFBA, 0xFFBA, 0xFFBA, 0xFFDA, 0xFFDA, 0xFFBA, 0xFFBA, 0xFFBA, 0xFFBA, 0xFFBA,
    0xDDAF, 0xE5B0, 0xE5D0, 0xEE11, 0xF652, 0xF652, 0xF652, 0xF652, 0xF673, 0xF673, 0xF673, 0xF673, 0xF673, 0xF673, 0xF653, 0xF652,
    0xF673, 0xF694, 0xF6F6, 0xF738, 0xFF58, 0xFF58, 0xFF59, 0xFF59, 0xFF59, 0xFF99, 0xFF9A, 0xFFBA, 0xFFBA, 0xFFBA, 0xFFBA, 0xFFBA,
    0xFFDA, 0xFFDB, 0xFFDB, 0xFFDB, 0xFFDB, 0xFFDB, 0xFFDB, 0xFFDB, 0xFFDB, 0xFFDB, 0xFFBA, 0xFFDB, 0xFFBA, 0xFF37, 0xFF16, 0xFEF6,
    0xFF37, 0xFF57, 0xFF57, 0xFF57, 0xFF78, 0xFFBA, 0xFFBA, 0xFFBA, 0xFFBA, 0xFFDA, 0xFFDB, 0xFFDB, 0xFFFB, 0xFFFB, 0xFFDB, 0xFFDA,
    0xFFDA, 0xFFDA, 0xFFDA, 0xFFDA, 0xFFDA, 0xFFBA, 0xFFBA, 0xFF99, 0xFF16, 0xFED4, 0xFEF4, 0xFEF5, 0xFEF4, 0xFEF5, 0xFEF5, 0xFF56,
    0xFF77, 0xFF77, 0xFF77, 0xFF77, 0xFF77, 0xFF35, 0xFEF4, 0xF6B4, 0xDDF1, 0xDDF1, 0xDDF1, 0xE632, 0x9389, 0xDEB8, 0xFFFF, 0xFFFE,
    0xFFFE, 0xFFFF, 0xFFFF, 0xFFFF, 0xFFFF, 0xFFFF, 0xFFFF, 0xFFDE, 0x7B08, 0x7A86, 0x7AE7, 0xE6F7, 0xF79A, 0xF779, 0xF779, 0xF779,
    0xF779, 0xFFB9, 0xFFBA, 0xFFBA, 0xFFBA, 0xFFBA, 0xFFBA, 0xFFBA, 0xFFBA, 0xFFBA, 0xFFBA, 0xFFBA, 0xFFBA, 0xFF56, 0xFF55, 0x72E8,
    0x1881, 0x2944, 0x2923, 0x2103, 0x18C2, 0x10A2, 0x10A1, 0x0860, 0x0040, 0x0040, 0x0040, 0x0840, 0x0881, 0x1081, 0x1081, 0x0860,
    0x0860, 0x0880, 0x0881, 0x0881, 0x0861, 0x0861, 0x0860, 0x0060, 0x0060, 0x0040, 0x0861, 0x10A1, 0x10C2, 0x10C2, 0x18C2, 0x10C2,
    0x18E2, 0x10C2, 0x0860, 0x0860, 0x0861, 0x0860, 0x0880, 0x0880, 0x1081, 0x18A1, 0x20E2, 0x20E2, 0x20E2, 0x20E2, 0x0840, 0x93EC,
    0xFF36, 0xFF56, 0xFFB9, 0xFFBA, 0xFFBA, 0xFFBA, 0xFFBA, 0xFFBA, 0xFFBA, 0xFFBA, 0xFFBA, 0xFF9A, 0xFFBA, 0xFFDA, 0xFFDB, 0xFFDB,
    0xFFDB, 0xFFDB, 0xFFDB, 0xFFBB, 0xFFBB, 0xFFBB, 0xFFBB, 0xFFBA, 0xFFBA, 0xFFBA, 0xF6F6, 0xF6B5, 0xF694, 0xF694, 0xF694, 0xF694,
    0xF694, 0xF694, 0xF694, 0xF694, 0xF694, 0xF694, 0xF694, 0xF694, 0xF694, 0xF694, 0xF694, 0xF695, 0xF695, 0xF694, 0xF694, 0xF6B4,
    0xF694, 0xF694, 0xFF37, 0xFF78, 0xFFBA, 0xFFBA, 0xFFBA, 0xFFB9, 0xFFBA, 0xFFBA, 0xFFDA, 0xFFDA, 0xFFBA, 0xFFBA, 0xFFBA, 0xFFBA,
    0xE5D0, 0xEE31, 0xF632, 0xF652, 0xF652, 0xEE52, 0xF652, 0xF652, 0xF653, 0xF673, 0xF673, 0xF673, 0xF673, 0xF673, 0xF653, 0xEE52,
    0xF673, 0xF694, 0xF716, 0xF738, 0xFF38, 0xFF59, 0xFF59, 0xFF79, 0xFF99, 0xFFBA, 0xFFBA, 0xFFBA, 0xFFDA, 0xFFDA, 0xFFDA, 0xFFDB,
    0xFFDB, 0xFFDB, 0xFFBA, 0xFF99, 0xFF9A, 0xFF99, 0xFF99, 0xFF99, 0xFF99, 0xFF99, 0xFF38, 0xFF17, 0xFF17, 0xFF16, 0xFF78, 0xFF99,
    0xFF99, 0xFFDA, 0xFFDA, 0xFFDA, 0xFFDA, 0xFFDB, 0xFFDB, 0xFFDB, 0xFFDB, 0xFFDB, 0xFFDA, 0xFFDB, 0xFFDB, 0xFFDB, 0xFFDB, 0xFFDB,
    0xFFDA, 0xFFDA, 0xFFDA, 0xFFDB, 0xFFDB, 0xFFBA, 0xFFBA, 0xFFDA, 0xFF57, 0xFED5, 0xFEF4, 0xFEF4, 0xFEF4, 0xFEF4, 0xFF15, 0xDDF1,
    0xCD2E, 0xCD4E, 0xCD2E, 0xC52E, 0xC4EE, 0xE632, 0xFFB7, 0xE632, 0x8B08, 0x9369, 0x938A, 0x8B28, 0xB4F0, 0xFFFE, 0xFFDD, 0xFFFD,
    0xFFFD, 0xFFFD, 0xFFDD, 0xFFFD, 0xFFFD, 0xFFFD, 0xFFFD, 0xFFDD, 0xF79C, 0xFFBC, 0xF79B, 0x8B09, 0x7AA6, 0x8307, 0x8307, 0x8B08,
    0x82C6, 0xC591, 0xFFFD, 0xFFFB, 0xFFFB, 0xFFFA, 0xFFBA, 0xFFBA, 0xFFB9, 0xFFBA, 0xFFBA, 0xFFBA, 0xFFBA, 0xFF78, 0xFF97, 0x72E8,
    0x18A1, 0x31A5, 0x3164, 0x2943, 0x18C2, 0x10A2, 0x10A2, 0x10A2, 0x0881, 0x0860, 0x0840, 0x0040, 0x0840, 0x0860, 0x0860, 0x0860,
    0x0860, 0x0860, 0x0840, 0x0860, 0x0861, 0x0861, 0x0860, 0x0860, 0x0860, 0x0860, 0x0860, 0x0860, 0x0861, 0x0861, 0x0860, 0x0881,
    0x18E2, 0x18C2, 0x0860, 0x0860, 0x0860, 0x0880, 0x0881, 0x0880, 0x1081, 0x10A1, 0x20E2, 0x20E2, 0x20E2, 0x20E2, 0x18A1, 0x3143,
    0x5A25, 0xE652, 0xFFF9, 0xFFBA, 0xFFBA, 0xFFBA, 0xFFBA, 0xFFBA, 0xFFBA, 0xFFBA, 0xFF99, 0xFF99, 0xFF99, 0xFFBA, 0xFFBA, 0xFFBA,
    0xFFDB, 0xFFDB, 0xFFDB, 0xFFBA, 0xFFDA, 0xFFDA, 0xFFBA, 0xFFBA, 0xFFBA, 0xFFBA, 0xFFDA, 0xF737, 0xF6B4, 0xF694, 0xF694, 0xF694,
    0xF694, 0xF694, 0xF694, 0xF694, 0xF694, 0xF694, 0xF694, 0xF674, 0xF694, 0xF694, 0xF694, 0xF695, 0xF694, 0xF694, 0xF694, 0xF694,
    0xF694, 0xF694, 0xF694, 0xF6D5, 0xFF78, 0xFF99, 0xFFBA, 0xFFBA, 0xFFBA, 0xFFBA, 0xFFDA, 0xFFBA, 0xFFBA, 0xFFBA, 0xFFBA, 0xFFDA,
    0xF652, 0xF652, 0xF652, 0xF652, 0xF653, 0xEE53, 0xF653, 0xF653, 0xF653, 0xF673, 0xF673, 0xF673, 0xF673, 0xF673, 0xF673, 0xF673,
    0xF693, 0xF693, 0xF6B5, 0xF717, 0xFF59, 0xFF59, 0xFF59, 0xFF79, 0xFF99, 0xFF99, 0xFF99, 0xFF99, 0xFF78, 0xFF78, 0xFF58, 0xFF58,
    0xFF58, 0xFF58, 0xFEF6, 0xFED5, 0xFED5, 0xFED5, 0xFEF5, 0xFEF5, 0xFEF5, 0xFEF5, 0xFEF5, 0xFEF6, 0xFEF5, 0xFEF5, 0xFF99, 0xFFDA,
    0xFFBA, 0xFFBA, 0xFFBA, 0xFFDA, 0xFFDA, 0xFFDA, 0xFFBA, 0xFFBA, 0xFFDA, 0xFFDA, 0xFFDA, 0xFFDA, 0xFFDA, 0xFFDB, 0xFFDB, 0xFFDA,
    0xFFDA, 0xFFDA, 0xFFDA, 0xFFDA, 0xFFDA, 0xFFDA, 0xFFDA, 0xFFBA, 0xFFB9, 0xFF36, 0xFEF5, 0xFEF4, 0xFF15, 0xFF35, 0xFF76, 0xBCCF,
    0x936B, 0x9BCC, 0x9BCC, 0x9BEC, 0x9BCC, 0xAC4C, 0xCD6F, 0xB48C, 0xDE98, 0xFFFF, 0xFFDE, 0xFFFE, 0xFFFD, 0xFFFD, 0xFFFD, 0xFFFE,
    0xFFFD, 0xFFDD, 0xFFDC, 0xFFFD, 0xFFFD, 0xFFFD, 0xFFDC, 0xFFDC, 0xFFFD, 0xFFFD, 0xFFFD, 0xBD52, 0xCE15, 0xEF1A, 0xE6F9, 0xE719,
    0xEF1A, 0xACF0, 0xB50F, 0xC5B2, 0xC591, 0xE6D6, 0xFFFB, 0xFFDA, 0xFFDA, 0xFFB9, 0xFFBA, 0xFFBA, 0xFFBA, 0xFF99, 0xFFFB, 0x7B6A,
    0x18A1, 0x3184, 0x18E2, 0x2103, 0x18E2, 0x10A1, 0x10A2, 0x10A1, 0x10A1, 0x10A1, 0x0881, 0x0040, 0x0040, 0x0840, 0x0840, 0x0840,
    0x0861, 0x0881, 0x0861, 0x0861, 0x0861, 0x0860, 0x0860, 0x0860, 0x0840, 0x0840, 0x0840, 0x0840, 0x0860, 0x0861, 0x0881, 0x1081,
    0x10C2, 0x10A1, 0x0860, 0x0860, 0x0860, 0x0860, 0x0880, 0x0860, 0x1081, 0x18C2, 0x2103, 0x2102, 0x2102, 0x20E2, 0x18C1, 0x18C1,
    0x18A1, 0x5A05, 0xB4CE, 0xF715, 0xFFBA, 0xFFDA, 0xFFBA, 0xFFBA, 0xFFBA, 0xFFBA, 0xFFB9, 0xFFB9, 0xFFBA, 0xFFBA, 0xFFBA, 0xFFDB,
    0xFFDB, 0xFFDB, 0xFFDB, 0xFFDB, 0xFFDB, 0xFFDB, 0xFFBA, 0xFFBA, 0xFFBA, 0xFFBA, 0xFFBA, 0xFFDA, 0xFF58, 0xF6D5, 0xFE95, 0xF694,
    0xF694, 0xF694, 0xF694, 0xF694, 0xF694, 0xF694, 0xF694, 0xF694, 0xF695, 0xF694, 0xF695, 0xF694, 0xF694, 0xF694, 0xF694, 0xF694,
    0xF694, 0xF694, 0xF694, 0xF694, 0xF694, 0xF716, 0xFFDA, 0xFFBA, 0xFFBA, 0xFFDA, 0xFFBA, 0xFF99, 0xFF99, 0xFF9A, 0xFF99, 0xFF78,
    0xF652, 0xF653, 0xF653, 0xF653, 0xEE53, 0xEE53, 0xF653, 0xEE53, 0xF653, 0xF653, 0xF673, 0xF673, 0xF653, 0xF653, 0xF673, 0xF673,
    0xF673, 0xF673, 0xEE53, 0xF6D5, 0xFF58, 0xFF58, 0xFF58, 0xFF38, 0xFF17, 0xFEF6, 0xFEF5, 0xFEF5, 0xFED5, 0xFED4, 0xFED4, 0xFED5,
    0xFED4, 0xFED4, 0xFED4, 0xFED5, 0xFED5, 0xFEF5, 0xFEF5, 0xFEF5, 0xFEF5, 0xFEF5, 0xFEF5, 0xFEF5, 0xFEF5, 0xFEF5, 0xFF99, 0xFFBA,
    0xFFBA, 0xFFBA, 0xFFBA, 0xFFDA, 0xFFDA, 0xFFDA, 0xFFBA, 0xFFBA, 0xFFBA, 0xFFBA, 0xFFBA, 0xFFBA, 0xFFBA, 0xFFBA, 0xFFBA, 0xFFBA,
    0xFFBA, 0xFFBA, 0xFFBA, 0xFFDA, 0xFFDA, 0xFFDA, 0xFFDA, 0xFFBA, 0xFFBA, 0xFFB8, 0xFFD7, 0xFF97, 0x9BCA, 0x82E7, 0x82C6, 0xCDF4,
    0xFFFF, 0xFFFF, 0xFFFF, 0xFFFF, 0xFFFF, 0xC551, 0xA3EC, 0xA44D, 0xEF5B, 0xFFFF, 0xFFFD, 0xFFFE, 0xFFFD, 0xFFFD, 0xFFFD, 0xFFFD,
    0xFFFD, 0xFFDD, 0xFFDD, 0xFFDD, 0xFFDD, 0xFFDD, 0xFFDD, 0xFFDC, 0xFFDC, 0xFFDC, 0xFFDD, 0xFFFE, 0xFFFE, 0xFFFE, 0xFFFE, 0xFFFE,
    0xFFFE, 0xE719, 0x93AB, 0x9BAB, 0x936A, 0xBD50, 0xF758, 0xEF17, 0xFF58, 0xFF78, 0xFF78, 0xFF78, 0xFF58, 0xFF57, 0xDEB5, 0x6AE8,
    0x20C2, 0x3184, 0x18C1, 0x18C2, 0x1903, 0x10A1, 0x1081, 0x1081, 0x0881, 0x0881, 0x0881, 0x0881, 0x0881, 0x0860, 0x0860, 0x0860,
    0x0880, 0x0881, 0x0881, 0x0881, 0x0860, 0x0860, 0x0860, 0x0840, 0x0860, 0x0840, 0x0860, 0x0861, 0x1081, 0x10A1, 0x10A1, 0x10A1,
    0x10A1, 0x10A1, 0x0860, 0x0860, 0x0860, 0x0860, 0x0860, 0x0860, 0x0881, 0x10A1, 0x18C2, 0x18C2, 0x20E2, 0x2102, 0x18A1, 0x18A1,
    0x2902, 0x1060, 0x28A0, 0xEE53, 0xFF56, 0xFF98, 0xFFBA, 0xFFBA, 0xFFB9, 0xFFB9, 0xFFBA, 0xFFDA, 0xFFDB, 0xFFDB, 0xFFDB, 0xFFFB,
    0xFFDB, 0xFFDB, 0xFFDB, 0xFFDB, 0xFFDB, 0xFFDB, 0xFFBA, 0xFFBA, 0xFFBA, 0xFFBA, 0xFFBA, 0xFFBA, 0xFFBA, 0xFFB9, 0xF717, 0xF6B5,
    0xF694, 0xF694, 0xF694, 0xF694, 0xF694, 0xF694, 0xF694, 0xF694, 0xF694, 0xF6B5, 0xF6B5, 0xF6B5, 0xF6B4, 0xF694, 0xF694, 0xF694,
    0xF694, 0xF694, 0xF694, 0xF694, 0xF674, 0xF6B4, 0xFF37, 0xFFB9, 0xFFBA, 0xFF99, 0xFF78, 0xFF37, 0xFF37, 0xFF37, 0xFF16, 0xF6B4,
    0xF652, 0xF652, 0xF652, 0xEE53, 0xEE53, 0xEE53, 0xEE53, 0xEE53, 0xEE53, 0xEE53, 0xF653, 0xF673, 0xF6D5, 0xF6F6, 0xFF16, 0xFF16,
    0xFF16, 0xFF17, 0xFF17, 0xF6F5, 0xF6B5, 0xFED5, 0xFEB5, 0xFEB4, 0xF6B4, 0xF6B4, 0xFEB4, 0xFED4, 0xFEF4, 0xFEF4, 0xFEF5, 0xFEF5,
    0xFEF5, 0xFEF5, 0xFEF5, 0xFED5, 0xFED5, 0xFEF5, 0xFEF5, 0xFEF6, 0xFEF5, 0xFEF5, 0xFEF5, 0xFED5, 0xFED5, 0xFEF5, 0xFF78, 0xFFBA,
    0xFFBA, 0xFFBA, 0xFFDA, 0xFFBA, 0xFFBA, 0xFFBA, 0xFFBA, 0xFFBA, 0xFFDA, 0xFFDA, 0xFFDA, 0xFFDA, 0xFFBA, 0xFFBA, 0xFFBA, 0xFFBA,
    0xFFBA, 0xFFBA, 0xFFBA, 0xFFBA, 0xFFDA, 0xFFDA, 0xFFDA, 0xFFBA, 0xFFFB, 0xE6B6, 0xB48C, 0xBCCC, 0xC572, 0xCE17, 0xC5D5, 0xE71A,
    0xFFFE, 0xFFDD, 0xFFFE, 0xFFFD, 0xFFFD, 0xEF39, 0xFFFE, 0xFFFF, 0xFFFE, 0xFFFE, 0xFFFD, 0xFFFD, 0xFFFD, 0xFFFE, 0xFFFD, 0xFFFD,
    0xFFFD, 0xFFDD, 0xFFDD, 0xFFFE, 0xFFFE, 0xFFFE, 0xFFFE, 0xFFDD, 0xFFDC, 0xFFDC, 0xFFDD, 0xFFFD, 0xFFDD, 0xFFDD, 0xFFDD, 0xFFDC,
    0xFFBC, 0xFFDC, 0xFFFD, 0xFFFD, 0xFFFF, 0x9C0C, 0x7A85, 0x7AA6, 0xCDB1, 0xFF77, 0xFF36, 0xFF36, 0xFF36, 0xFF77, 0x6287, 0x1040,
    0x2943, 0x3164, 0x18C2, 0x18E2, 0x2103, 0x10A1, 0x1081, 0x1081, 0x0881, 0x1081, 0x0881, 0x10A1, 0x10C2, 0x0881, 0x0861, 0x0861,
    0x0860, 0x0860, 0x0860, 0x0840, 0x0840, 0x0860, 0x0840, 0x0040, 0x0860, 0x0840, 0x0861, 0x10A1, 0x10A1, 0x1081, 0x0861, 0x0881,
    0x10A1, 0x10A2, 0x1081, 0x0860, 0x0860, 0x0860, 0x0860, 0x0860, 0x0881, 0x10A1, 0x10A1, 0x10A1, 0x20E2, 0x2103, 0x18C1, 0x1060,
    0x5247, 0xBD51, 0x8BAB, 0xE632, 0xFEF5, 0xFEF5, 0xFF98, 0xFFBA, 0xFFDA, 0xFFBA, 0xFFDA, 0xFFDB, 0xFFDB, 0xFFDB, 0xFFDB, 0xFFDB,
    0xFFDB, 0xFFDB, 0xFFDB, 0xFFDB, 0xFFDB, 0xFFDB, 0xFFBA, 0xFFBA, 0xFFBA, 0xFFBA, 0xFFBA, 0xFFBA, 0xFFDA, 0xFFBA, 0xFFD9, 0xFF37,
    0xF694, 0xF694, 0xF694, 0xF694, 0xF694, 0xF694, 0xF694, 0xF694, 0xF6B5, 0xF695, 0xF694, 0xF694, 0xF694, 0xF694, 0xF694, 0xF694,
    0xF694, 0xF694, 0xFEF5, 0xFF57, 0xFF58, 0xFF57, 0xFF78, 0xFFB9, 0xFF57, 0xF694, 0xF694, 0xF694, 0xF694, 0xF694, 0xF694, 0xF6B4,
    0xEE53, 0xEE53, 0xEE53, 0xEE53, 0xF6D5, 0xF6F5, 0xF6F5, 0xF6F6, 0xF6F6, 0xF6F6, 0xFEF6, 0xFF17, 0xFF58, 0xFF58, 0xFF79, 0xFF79,
    0xFF79, 0xFF79, 0xFF99, 0xFF17, 0xFED4, 0xFEB4, 0xFEB4, 0xFEB4, 0xFEB4, 0xF6B3, 0xFED4, 0xFEF4, 0xFEF5, 0xFEF5, 0xFEF5, 0xFEF5,
    0xFEF5, 0xFEF5, 0xFEF5, 0xFEF5, 0xFEF5, 0xFEF5, 0xFEF5, 0xFEF5, 0xFEF5, 0xFEF5, 0xFEF5, 0xFEF5, 0xFED5, 0xFED5, 0xFF16, 0xFF99,
    0xFFBA, 0xFFBA, 0xFFBA, 0xFFBA, 0xFFBA, 0xFFBA, 0xFFDA, 0xFFDA, 0xFFDA, 0xFFBA, 0xFFBA, 0xFFDA, 0xFFDA, 0xFFBA, 0xFFBA, 0xFFBA,
    0xFFBA, 0xFFBA, 0xFFBA, 0xFFDA, 0xFFDA, 0xFFBA, 0xFFBA, 0xFFBA, 0xFFFB, 0xD655, 0x82C7, 0x82C6, 0xDE77, 0xFFFF, 0xFFFF, 0xFFFF,
    0xFFFE, 0xFFFE, 0xFFFE, 0xFFFD, 0xFFFD, 0xFFFD, 0xFFFE, 0xFFFE, 0xFFFE, 0xFFFE, 0xFFFE, 0xFFFE, 0xFFFE, 0xFFFE, 0xFFFE, 0xFFFE,
    0xFFFE, 0xFFFD, 0xFFFE, 0xFFFE, 0xFFFF, 0xFFFE, 0xFFFE, 0xFFFE, 0xFFFD, 0xFFFD, 0xFFFE, 0xFFFE, 0xFFFE, 0xFFFE, 0xFFFE, 0xFFFD,
    0xFFBC, 0xFFBC, 0xFF9C, 0xFFBC, 0xFFBC, 0xEF19, 0xDEB8, 0xE6F9, 0xA44D, 0x7AA6, 0x8AE7, 0x8307, 0x7A85, 0xCD4F, 0x7329, 0x1040,
    0x2943, 0x2944, 0x2944, 0x2944, 0x2103, 0x10A1, 0x1081, 0x1081, 0x0881, 0x1081, 0x0861, 0x0881, 0x10A1, 0x0881, 0x0861, 0x0881,
    0x0860, 0x0060, 0x0040, 0x0840, 0x0840, 0x0860, 0x0860, 0x0840, 0x0860, 0x0840, 0x0860, 0x1081, 0x10A1, 0x1081, 0x0860, 0x0861,
    0x10A1, 0x10A2, 0x10A2, 0x1081, 0x0860, 0x0860, 0x0860, 0x0881, 0x1081, 0x10A1, 0x10A1, 0x10A1, 0x20E2, 0x2103, 0x18A1, 0x18C1,
    0x18A1, 0xA4AE, 0xFF57, 0xFEF5, 0xFED4, 0xFED4, 0xFEF4, 0xFF98, 0xFFBA, 0xFFDA, 0xFFDA, 0xFFDA, 0xFFDB, 0xFFDB, 0xFFDB, 0xFFDB,
    0xFFDB, 0xFFDB, 0xFFDB, 0xFFDB, 0xFFDB, 0xFFDB, 0xFFDB, 0xFFBA, 0xFFBA, 0xFFBA, 0xFFBA, 0xFFBA, 0xFFBA, 0xFFBA, 0xFFDA, 0xFFBA,
    0xFF78, 0xF6B5, 0xF694, 0xF694, 0xF694, 0xF694, 0xF694, 0xF694, 0xF695, 0xF6B5, 0xF6B5, 0xF6B5, 0xF694, 0xF6F6, 0xFF78, 0xFF58,
    0xFF58, 0xFF58, 0xFF79, 0xFFBA, 0xFFBA, 0xFFDA, 0xFFBA, 0xFFDB, 0xFF99, 0xFF37, 0xF6D5, 0xF673, 0xF694, 0xF6B4, 0xFEB4, 0xFEB4,
    0xF6D6, 0xF6F6, 0xF6F6, 0xF6D6, 0xF737, 0xFF58, 0xFF58, 0xFF58, 0xFF58, 0xFF58, 0xFF58, 0xFF58, 0xFF58, 0xF758, 0xF758, 0xFF78,
    0xFF99, 0xFF99, 0xFF79, 0xFF16, 0xFED5, 0xFEB4, 0xFEB4, 0xFEB4, 0xFEB4, 0xFED4, 0xFED4, 0xFEF4, 0xFF15, 0xFF15, 0xFF15, 0xFEF5,
    0xFEF5, 0xFEF5, 0xFEF5, 0xFEF5, 0xFEF5, 0xFEF5, 0xFEF5, 0xFEF5, 0xFEF5, 0xFEF5, 0xFED5, 0xFEF5, 0xFED5, 0xF6B4, 0xFED4, 0xFF57,
    0xFFBA, 0xFFBA, 0xFFBA, 0xFFBA, 0xFFBA, 0xFFB9, 0xFFB9, 0xFFB9, 0xFFBA, 0xFFB9, 0xFFB9, 0xFFBA, 0xFFBA, 0xFFBA, 0xFFBA, 0xFFBA,
    0xFFB9, 0xFFB9, 0xFFBA, 0xFFBA, 0xFFBA, 0xFFFB, 0xFFFC, 0xB4EE, 0x9367, 0xACAE, 0xFFFF, 0xFFFE, 0xFFDD, 0xFFFD, 0xFFFE, 0xFFFE,
    0xFFFE, 0xFFFE, 0xFFFD, 0xFFFD, 0xFFFD, 0xFFDD, 0xFFDD, 0xFFFE, 0xFFFE, 0xFFFE, 0xFFFE, 0xFFFE, 0xFFFE, 0xFFFE, 0xFFFE, 0xFFFE,
    0xFFFE, 0xFFFF, 0xFFFE, 0xFFFE, 0xFFFE, 0xFFFE, 0xFFFE, 0xFFFF, 0xFFFE, 0xFFFD, 0xFFFE, 0xFFFE, 0xFFFE, 0xFFDD, 0xFFDD, 0xFFDD,
    0xF7BC, 0xFF9C, 0xFFBC, 0xFFBC, 0xFFDD, 0xFFFD, 0xFFFD, 0xFFFE, 0xE6F9, 0xD636, 0xD657, 0xD657, 0xCDD5, 0xBCEF, 0x5206, 0x0800,
    0x20E2, 0x2103, 0x2944, 0x2103, 0x2103, 0x18E2, 0x10A1, 0x1081, 0x1081, 0x1081, 0x0860, 0x0840, 0x0860, 0x0881, 0x0881, 0x0881,
    0x0860, 0x0860, 0x0860, 0x0860, 0x0860, 0x0860, 0x0861, 0x0860, 0x0840, 0x0840, 0x0860, 0x0861, 0x0861, 0x0860, 0x0860, 0x0861,
    0x1081, 0x10A1, 0x10A2, 0x1081, 0x0860, 0x0860, 0x0860, 0x10A1, 0x1081, 0x10A1, 0x1081, 0x10A1, 0x20E2, 0x2103, 0x18A1, 0x18A1,
    0x2902, 0x1860, 0x93EB, 0xFF56, 0xFEB4, 0xFED4, 0xFED4, 0xFED4, 0xFF57, 0xFFDA, 0xFFDB, 0xFFDB, 0xFFDB, 0xFFDB, 0xFFDB, 0xFFDB,
    0xFFDB, 0xFFDB, 0xFFDB, 0xFFDA, 0xFFDA, 0xFFDA, 0xFFBA, 0xFFBA, 0xFFBA, 0xFFBA, 0xFFDA, 0xFFDA, 0xFFDA, 0xFFDA, 0xFFBA, 0xFF99,
    0xFF99, 0xFF57, 0xF694, 0xF6B5, 0xF6F6, 0xF6F6, 0xF6F6, 0xF6F6, 0xFF58, 0xFFDA, 0xFFBA, 0xFFBA, 0xFFBA, 0xFFBA, 0xFFDB, 0xFFDB,
    0xFFDA, 0xFFBA, 0xFFBA, 0xFFBA, 0xFFBA, 0xFFBA, 0xFFBB, 0xFFBB, 0xFFDA, 0xFFDB, 0xFF99, 0xFF16, 0xF694, 0xF694, 0xF6B4, 0xFE94,
    0xFF38, 0xFF38, 0xFF38, 0xFF38, 0xF738, 0xFF58, 0xFF58, 0xFF58, 0xFF58, 0xF758, 0xF738, 0xFF58, 0xFF58, 0xFF78, 0xFF78, 0xFF79,
    0xFF79, 0xFF79, 0xFF99, 0xFF37, 0xFED4, 0xFEB4, 0xFED4, 0xFEB4, 0xFEB4, 0xFED4, 0xFED4, 0xFEF5, 0xFF36, 0xFF36, 0xFF36, 0xFF15,
    0xFEF5, 0xFF16, 0xFF36, 0xFF16, 0xFEF5, 0xFEF5, 0xFED5, 0xFEF6, 0xFEF5, 0xFED4, 0xFED4, 0xFED4, 0xFED5, 0xFED5, 0xFED4, 0xFF37,
    0xFFBA, 0xFFBA, 0xFFBA, 0xFF99, 0xFF99, 0xFF99, 0xFF99, 0xFF99, 0xFFB9, 0xFFB9, 0xFFB9, 0xFF99, 0xFF99, 0xFF99, 0xFFB9, 0xFFB9,
    0xFFB9, 0xFFB9, 0xFFB9, 0xFFB9, 0xFFFB, 0xE6F7, 0xAC8E, 0xB4F0, 0xEF3A, 0xEF1A, 0xFFFE, 0xFFFE, 0xFFFE, 0xFFFE, 0xFFFE, 0xFFFE,
    0xFFFE, 0xFFFD, 0xFFDC, 0xFFFD, 0xFFFD, 0xFFFE, 0xFFFE, 0xFFFE, 0xFFFE, 0xFFFE, 0xFFFE, 0xFFFE, 0xFFFE, 0xFFFE, 0xFFFE, 0xFFFE,
    0xFFFE, 0xFFFF, 0xFFFE, 0xFFFF, 0xFFFE, 0xFFFE, 0xFFFE, 0xFFFE, 0xFFFE, 0xF79C, 0xF79B, 0xF79C, 0xF79C, 0xF79C, 0xF79B, 0xFFBC,
    0xFFDD, 0xFF9B, 0xF79B, 0xFF9C, 0xFFDD, 0xFFBC, 0xFFBC, 0xFFBC, 0xFFFD, 0xFFFE, 0xFFFE, 0xFFFF, 0xFFFE, 0x838B, 0x62A8, 0x5A88,
    0x20C2, 0x18C2, 0x2103, 0x1081, 0x1081, 0x10A1, 0x10A1, 0x10A1, 0x10A1, 0x1081, 0x0860, 0x0040, 0x0860, 0x0881, 0x0881, 0x0881,
    0x0860, 0x0860, 0x0860, 0x0860, 0x0860, 0x0860, 0x0881, 0x0860, 0x0040, 0x0840, 0x0840, 0x0860, 0x0860, 0x0860, 0x0860, 0x0881,
    0x1081, 0x1081, 0x10A2, 0x1081, 0x0860, 0x0860, 0x0861, 0x1081, 0x1081, 0x10A1, 0x1081, 0x10A1, 0x20E2, 0x20E3, 0x20E2, 0x18C1,
    0x1081, 0x49E4, 0xC52F, 0xFF15, 0xFEB4, 0xFED4, 0xFED4, 0xFEB4, 0xFED4, 0xFF16, 0xFFB9, 0xFFFB, 0xFFDB, 0xFFDB, 0xFFDB, 0xFFDB,
    0xFFDB, 0xFFDB, 0xFFDB, 0xFFDB, 0xFFDB, 0xFFDB, 0xFFDB, 0xFFDB, 0xFFDB, 0xFFDA, 0xFF79, 0xFF17, 0xFF37, 0xF716, 0xF6D5, 0xF6B4,
    0xF6B4, 0xF6B4, 0xF694, 0xFF16, 0xFFBA, 0xFFDB, 0xFFDB, 0xFFDA, 0xFFDB, 0xFFDB, 0xFFBB, 0xFFDB, 0xFFDB, 0xFFDA, 0xFFBA, 0xFFDA,
    0xFFBA, 0xFFBA, 0xFFBA, 0xFFBA, 0xFFBA, 0xFFBB, 0xFFBB, 0xFFBB, 0xFFBA, 0xFFBA, 0xFFDB, 0xFF9A, 0xFF58, 0xF716, 0xF694, 0xF693,
    0xF737, 0xF737, 0xFF38, 0xFF38, 0xFF38, 0xFF58, 0xFF58, 0xFF58, 0xFF58, 0xF758, 0xFF58, 0xFF58, 0xFF58, 0xFF78, 0xFF79, 0xFF79,
    0xFF79, 0xFF99, 0xFF99, 0xFFBA, 0xFF37, 0xFED4, 0xFED4, 0xFED4, 0xFED4, 0xFED4, 0xFED4, 0xFEF5, 0xFF36, 0xFF36, 0xFF36, 0xFF16,
    0xFF15, 0xFEF5, 0xFEF5, 0xFEF5, 0xFED4, 0xFEB4, 0xFED4, 0xFED5, 0xFEB4, 0xFEB4, 0xFEB3, 0xFEB4, 0xFED4, 0xFED4, 0xF6B4, 0xFF36,
    0xFFBA, 0xFFDA, 0xFFDA, 0xFFB9, 0xFFBA, 0xFFBA, 0xFFB9, 0xFFB9, 0xFFB9, 0xFFB9, 0xFFB9, 0xFF99, 0xFF99, 0xFFB9, 0xFFB9, 0xFFB9,
    0xFFB9, 0xFFB9, 0xFFB9, 0xFFBA, 0xDE96, 0xBD71, 0xA46E, 0xEF5A, 0xFFFE, 0xFFFE, 0xFFFE, 0xFFFE, 0xFFFE, 0xFFFE, 0xFFFE, 0xFFFE,
    0xFFFE, 0xFFFE, 0xFFFE, 0xFFFE, 0xFFFE, 0xFFFE, 0xFFFF, 0xFFFE, 0xFFFE, 0xFFFE, 0xFFFE, 0xFFFF, 0xFFDD, 0xFFDD, 0xFFFE, 0xFFFE,
    0xFFFF, 0xFFFF, 0xFFFE, 0xFFFE, 0xFFDD, 0xFFDD, 0xFFDD, 0xFFDD, 0xFFDD, 0xFFDC, 0xFFDD, 0xFFDD, 0xFFDD, 0xFFDD, 0xFFDD, 0xFFFD,
    0xFFFE, 0xFFDD, 0xFFDD, 0xFFDD, 0xFFFE, 0xFFFD, 0xFFDD, 0xFFBC, 0xFF9B, 0xFF9B, 0xF79B, 0xF79B, 0xF79B, 0xFF9B, 0xFFFD, 0xD677,
    0x2903, 0x2103, 0x18C2, 0x1081, 0x1081, 0x10A1, 0x1081, 0x0860, 0x0860, 0x1081, 0x1081, 0x0840, 0x0860, 0x0861, 0x0881, 0x0881,
    0x0880, 0x0880, 0x0860, 0x0840, 0x0840, 0x0860, 0x0881, 0x0861, 0x0860, 0x0860, 0x0860, 0x0860, 0x0860, 0x1081, 0x1081, 0x1081,
    0x1081, 0x10A1, 0x10A2, 0x10A1, 0x0860, 0x0881, 0x10A1, 0x1081, 0x0881, 0x10A1, 0x10A1, 0x10A1, 0x18E2, 0x20E2, 0x2103, 0x18C1,
    0x0800, 0x93EB, 0xFF76, 0xFEB4, 0xFED4, 0xFED4, 0xFED4, 0xFEB4, 0xFEB4, 0xFE93, 0xF6D4, 0xFF78, 0xFFDB, 0xFFFB, 0xFFFB, 0xFFFB,
    0xFFDB, 0xFFBA, 0xFFBA, 0xFFBA, 0xFF9A, 0xF717, 0xF717, 0xF6F6, 0xF6F6, 0xF6F6, 0xF6B5, 0xF674, 0xF673, 0xF673, 0xF673, 0xF674,
    0xF694, 0xF694, 0xF694, 0xF694, 0xF716, 0xFF9A, 0xFFBA, 0xFFDB, 0xFFDB, 0xFFDB, 0xFFDB, 0xFFDB, 0xFFDB, 0xFFDB, 0xFFDB, 0xFFDB,
    0xFFDA, 0xFFBA, 0xFFBA, 0xFFBB, 0xFFDB, 0xFFBB, 0xFFBB, 0xFFDB, 0xFFBB, 0xFFBB, 0xFFBB, 0xFFBB, 0xFFDB, 0xFFBA, 0xF737, 0xF6B4,
    0xF737, 0xF737, 0xFF38, 0xFF57, 0xFF57, 0xFF58, 0xFF58, 0xFF58, 0xFF58, 0xFF58, 0xFF58, 0xFF58, 0xFF58, 0xFF79, 0xFF99, 0xFFBA,
    0xFFBA, 0xFFDA, 0xFFDA, 0xFFDB, 0xFF57, 0xFED4, 0xFED4, 0xFED4, 0xFED4, 0xFED4, 0xFED5, 0xFEF5, 0xFF36, 0xFF15, 0xFF15, 0xFED4,
    0xF6B4, 0xF693, 0xFEB4, 0xFEB4, 0xFEB3, 0xFEB3, 0xFEB4, 0xFEB4, 0xFEB4, 0xFEB4, 0xFEB4, 0xFEB3, 0xFEB3, 0xFEB3, 0xFE94, 0xFEF5,
    0xFF78, 0xFF99, 0xFFB9, 0xFFBA, 0xFFBA, 0xFFB9, 0xFFB9, 0xFFBA, 0xFFBA, 0xFFB9, 0xFFB9, 0xFFB9, 0xFFBA, 0xFFBA, 0xFFB9, 0xFF99,
    0xFFB9, 0xFF99, 0xFF99, 0xFFFC, 0xA48E, 0x9C2D, 0xFFFF, 0xFFFD, 0xFFFD, 0xFFFD, 0xFFFE, 0xFFFE, 0xFFFD, 0xFFFD, 0xFFFE, 0xFFFE,
    0xFFFE, 0xFFFE, 0xFFFF, 0xFFFF, 0xFFFF, 0xFFFF, 0xFFFE, 0xFFFE, 0xFFFE, 0xFFFE, 0xFFFF, 0xFFFF, 0xFFDD, 0xF79C, 0xFFDD, 0xFFFE,
    0xFFDD, 0xFFDD, 0xFFDD, 0xFFFE, 0xFFDD, 0xFFBC, 0xFFBC, 0xFFDD, 0xFFFD, 0xFFFE, 0xFFFE, 0xFFFE, 0xFFFE, 0xFFFE, 0xFFFE, 0xFFFE,
    0xFFFE, 0xFFFE, 0xFFFF, 0xFFFE, 0xFFFF, 0xFFFE, 0xFFFE, 0xFFFD, 0xFFDD, 0xFFDD, 0xF79C, 0xF79B, 0xF79B, 0xF79B, 0xF79C, 0xE6F9,
    0xEF3A, 0x7BAD, 0x0000, 0x1081, 0x10A1, 0x10A1, 0x10A1, 0x0860, 0x0860, 0x0881, 0x1081, 0x1081, 0x0861, 0x0840, 0x0040, 0x0860,
    0x0861, 0x0881, 0x0860, 0x0860, 0x0860, 0x0860, 0x0860, 0x0860, 0x0860, 0x0860, 0x0860, 0x0860, 0x0880, 0x1081, 0x1081, 0x1081,
    0x1081, 0x10A1, 0x10A2, 0x10A1, 0x0881, 0x0881, 0x1081, 0x1081, 0x0881, 0x0881, 0x1081, 0x1081, 0x1081, 0x18C2, 0x2103, 0x0840,
    0x62A7, 0xEED5, 0xFEB4, 0xFEB4, 0xFED4, 0xFED4, 0xFED4, 0xFEB4, 0xFED4, 0xFEF5, 0xFEF5, 0xFF16, 0xFFB9, 0xFF58, 0xFF37, 0xFF37,
    0xFF37, 0xFF16, 0xFEF6, 0xFF16, 0xFEF6, 0xF694, 0xF693, 0xF694, 0xF694, 0xF694, 0xF694, 0xF694, 0xF694, 0xF694, 0xFE94, 0xF694,
    0xF694, 0xF694, 0xF694, 0xF694, 0xF694, 0xF6B5, 0xFF99, 0xFFDB, 0xFFBB, 0xFFDA, 0xFFDB, 0xFFDB, 0xFFDB, 0xFFDB, 0xFFDB, 0xFFDB,
    0xFFDB, 0xFFBA, 0xFFDB, 0xFFDB, 0xFFDB, 0xFFDB, 0xFFBB, 0xFFDB, 0xFFDB, 0xFFDB, 0xFFDB, 0xFFDB, 0xFFBB, 0xFFDB, 0xFFDA, 0xFF58,
    0xFF38, 0xFF38, 0xFF38, 0xFF37, 0xFF37, 0xFF38, 0xFF38, 0xFF38, 0xFF58, 0xFF58, 0xFF58, 0xFF58, 0xFF79, 0xFFBA, 0xFFDA, 0xFFDB,
    0xFFDB, 0xFFDB, 0xFFDB, 0xFFDB, 0xFF78, 0xFED4, 0xFED4, 0xFED4, 0xFED4, 0xFED4, 0xFEF4, 0xFEF4, 0xFEF5, 0xFF15, 0xFF15, 0xFED4,
    0xFEB4, 0xF694, 0xFEB4, 0xFEB3, 0xFEB3, 0xFEB3, 0xFEB4, 0xFEB4, 0xFEB4, 0xFEB4, 0xFEB3, 0xFEB3, 0xFEB3, 0xFEB3, 0xFEB4, 0xFE94,
    0xFEF5, 0xFF78, 0xFFB9, 0xFFB9, 0xFF99, 0xFFB9, 0xFFB9, 0xFFBA, 0xFFB9, 0xFFB9, 0xFFB9, 0xFFB9, 0xFFB9, 0xFFB9, 0xFFB9, 0xFFB9,
    0xFF99, 0xFF99, 0xFFD9, 0xAC8C, 0xC592, 0xF77B, 0xFFBC, 0xFFFD, 0xFFFD, 0xFFFE, 0xFFFE, 0xFFFE, 0xFFFD, 0xFFFD, 0xFFFE, 0xFFFE,
    0xFFFE, 0xFFFE, 0xFFFF, 0xFFFF, 0xFFFF, 0xFFFF, 0xFFFE, 0xFFDC, 0xFFBC, 0xFFDD, 0xFFFE, 0xFFFE, 0xFFDD, 0xF7BB, 0xFFDD, 0xFFFE,
    0xFFDD, 0xFFDD, 0xFFFD, 0xFFFE, 0xFFDD, 0xFFDC, 0xFFDD, 0xFFFD, 0xFFFE, 0xFFFE, 0xFFFE, 0xFFFE, 0xFFFE, 0xFFFE, 0xFFFE, 0xFFFE,
    0xFFFE, 0xFFFE, 0xFFFE, 0xFFFE, 0xFFFE, 0xFFFE, 0xFFFE, 0xFFFE, 0xFFFE, 0xFFFE, 0xFFDD, 0xF7BC, 0xF79C, 0xF79B, 0xF79B, 0xF79B,
    0xFFDC, 0xB553, 0x630B, 0x20E2, 0x0840, 0x2103, 0x18C2, 0x1081, 0x1081, 0x1081, 0x1081, 0x1081, 0x1081, 0x0861, 0x0860, 0x0860,
    0x0840, 0x0860, 0x0860, 0x0860, 0x0860, 0x0860, 0x0860, 0x0860, 0x0860, 0x0860, 0x0860, 0x0860, 0x0880, 0x1081, 0x1081, 0x1081,
    0x1081, 0x1081, 0x1081, 0x1081, 0x10A1, 0x10A1, 0x0881, 0x0881, 0x0860, 0x0860, 0x1081, 0x1081, 0x1081, 0x18C2, 0x2103, 0x0820,
    0x6B09, 0xFFD9, 0xFF16, 0xFF36, 0xFF37, 0xFF37, 0xFF37, 0xFF36, 0xFF58, 0xFFBA, 0xFFDA, 0xFFDA, 0xFFB9, 0xF6F6, 0xFEB4, 0xFEB4,
    0xFEB5, 0xFEB4, 0xFEB4, 0xFEB4, 0xFEB4, 0xFEB4, 0xF694, 0xF694, 0xF694, 0xF694, 0xF694, 0xF694, 0xF694, 0xF694, 0xF694, 0xF694,
    0xF694, 0xF694, 0xF694, 0xF694, 0xF694, 0xF6B4, 0xF6B5, 0xFF78, 0xFFDB, 0xFFDB, 0xFFDB, 0xFFDB, 0xFFDB, 0xFFDB, 0xFFDB, 0xFFDB,
    0xFFDB, 0xFFDB, 0xFFDB, 0xFFDB, 0xFFDB, 0xFFDB, 0xFFDB, 0xFFDB, 0xFFDB, 0xFFDB, 0xFFDB, 0xFFBA, 0xFFBA, 0xFFBA, 0xFFBA, 0xFFDB,
    0xFF38, 0xFF58, 0xFF58, 0xFF58, 0xFF37, 0xFF38, 0xFF38, 0xFF38, 0xFF58, 0xFF58, 0xFF79, 0xFFBA, 0xFFBA, 0xFFDA, 0xFFDB, 0xFFDB,
    0xFFDB, 0xFFDB, 0xFFDB, 0xFFDB, 0xFFBA, 0xFF16, 0xFEB4, 0xFED3, 0xFED3, 0xFED4, 0xFED4, 0xFEF4, 0xFEF5, 0xFEF5, 0xFED4, 0xFED4,
    0xFED4, 0xFED4, 0xFEB4, 0xFEB3, 0xFEB3, 0xFEB3, 0xFEB3, 0xFEB3, 0xFEB4, 0xFEB4, 0xFEB4, 0xFEB3, 0xFEB3, 0xFEB3, 0xFEB4, 0xFE93,
    0xFEF5, 0xFF99, 0xFFB9, 0xFFB9, 0xFFB9, 0xFF99, 0xFF99, 0xFFB9, 0xFFB9, 0xFFB9, 0xFF57, 0xFF15, 0xFF36, 0xFF16, 0xFF36, 0xFF15,
    0xFF57, 0xFF77, 0xAC6C, 0x9BEB, 0xDE96, 0xFFFE, 0xFFFE, 0xFFFE, 0xFFFE, 0xFFFE, 0xFFFE, 0xFFFE, 0xFFFE, 0xFFFE, 0xFFFE, 0xFFFE,
    0xFFFF, 0xFFFE, 0xFFFE, 0xFFFF, 0xFFFF, 0xFFDD, 0xFFBC, 0xFFBC, 0xFFBC, 0xFFBC, 0xFFBC, 0xFFDD, 0xFFFE, 0xFFFE, 0xFFFE, 0xFFFE,
    0xFFFE, 0xFFFE, 0xFFFE, 0xFFFE, 0xFFFE, 0xFFFE, 0xFFFE, 0xFFFE, 0xFFFE, 0xFFFE, 0xFFFE, 0xFFFE, 0xFFFE, 0xFFFE, 0xFFFE, 0xFFFE,
    0xFFFE, 0xFFFE, 0xFFFE, 0xFFFE, 0xFFFE, 0xFFFE, 0xFFFE, 0xFFFE, 0xFFFE, 0xFFFE, 0xFFFD, 0xFFBC, 0xF77B, 0xF79B, 0xF79B, 0xF77B,
    0xF75A, 0xFF9B, 0xFFBC, 0x8C0E, 0x2923, 0x0840, 0x18C1, 0x10A1, 0x0881, 0x10A1, 0x1081, 0x1081, 0x1081, 0x1081, 0x1081, 0x1081,
    0x0860, 0x0040, 0x0860, 0x0860, 0x0860, 0x0860, 0x0860, 0x0840, 0x0860, 0x0840, 0x0840, 0x0860, 0x0860, 0x0860, 0x0860, 0x0861,
    0x0881, 0x1081, 0x0881, 0x0881, 0x0881, 0x0881, 0x0860, 0x0860, 0x0860, 0x0860, 0x0881, 0x0881, 0x0881, 0x18C2, 0x2103, 0x0820,
    0x6B0A, 0xFFFC, 0xFFBA, 0xFFDA, 0xFFDB, 0xFFDB, 0xFFDB, 0xFFDB, 0xFFDB, 0xFFDB, 0xFFBA, 0xFFDA, 0xFFDA, 0xFF99, 0xF6F6, 0xFED5,
    0xFEB5, 0xFEB5, 0xFEB5, 0xFEB5, 0xFEB4, 0xFEB4, 0xF694, 0xF694, 0xF694, 0xF694, 0xF6B4, 0xF6B4, 0xF694, 0xF694, 0xFE94, 0xF694,
    0xF694, 0xF694, 0xF694, 0xF694, 0xF694, 0xF6B5, 0xF694, 0xF6B5, 0xFF57, 0xFFDA, 0xFFDA, 0xFFDA, 0xFFDB, 0xFFDA, 0xFFDB, 0xFFDB,
    0xFFDB, 0xFFDB, 0xFFDB, 0xFFDB, 0xFFDB, 0xFFDB, 0xFFDB, 0xFFDB, 0xFFBB, 0xFFBA, 0xFFBA, 0xFFBA, 0xFFBA, 0xFFBA, 0xFFBA, 0xFFBA,
    0xFF58, 0xFF58, 0xFF58, 0xFF58, 0xFF37, 0xFF57, 0xF758, 0xFF38, 0xFF79, 0xFFBA, 0xFFBA, 0xFFDA, 0xFFDA, 0xFFDB, 0xFFDB, 0xFFDB,
    0xFFBA, 0xFFDA, 0xFFBA, 0xFFDB, 0xFFDA, 0xFF16, 0xFEB3, 0xFED3, 0xFED3, 0xFED4, 0xFED4, 0xFED4, 0xFED4, 0xFEB4, 0xFEB3, 0xFEB3,
    0xFED4, 0xFEB4, 0xFEB4, 0xFEB4, 0xFEB4, 0xFEB3, 0xFEB3, 0xFEB3, 0xFEB3, 0xFEB3, 0xFEB3, 0xFEB3, 0xFEB3, 0xFED4, 0xFEB4, 0xF6B4,
    0xF6D5, 0xFF57, 0xFF78, 0xFF98, 0xFF98, 0xFF57, 0xFF36, 0xFF36, 0xFF36, 0xFF56, 0xFEF5, 0xFED4, 0xFED4, 0xFED4, 0xFED3, 0xFF35,
    0xF6F5, 0xA40B, 0xA40C, 0xF75A, 0xFFFD, 0xFFDC, 0xFFFD, 0xFFDC, 0xFFFE, 0xFFFE, 0xFFFE, 0xFFFE, 0xFFFE, 0xFFFE, 0xFFFE, 0xFFFE,
    0xFFFF, 0xFFFF, 0xFFFF, 0xFFFE, 0xFFFD, 0xFFDD, 0xFFDC, 0xFFDC, 0xFFBC, 0xFFBC, 0xFFDC, 0xFFFD, 0xFFFD, 0xFFFE, 0xFFFE, 0xFFFE,
    0xFFFE, 0xFFFE, 0xFFFE, 0xFFFE, 0xFFFE, 0xFFFE, 0xFFFE, 0xFFFE, 0xFFFE, 0xFFFE, 0xFFFE, 0xFFFE, 0xFFFE, 0xFFFE, 0xFFFE, 0xFFFD,
    0xFFFE, 0xFFFE, 0xFFFE, 0xFFFE, 0xFFFF, 0xFFFF, 0xFFFE, 0xFFFE, 0xFFFE, 0xFFFE, 0xFFFE, 0xFFBC, 0xF79C, 0xF79B, 0xF79B, 0xF77B,
    0xF75B, 0xF75A, 0xEF3A, 0xFFDC, 0x9CD1, 0x4207, 0x9C90, 0xA512, 0x18A1, 0x0840, 0x10A1, 0x1081, 0x1081, 0x1081, 0x1081, 0x1081,
    0x0860, 0x0860, 0x0860, 0x0860, 0x0840, 0x0840, 0x0860, 0x0040, 0x0060, 0x0040, 0x0840, 0x0860, 0x0860, 0x0840, 0x0840, 0x0040,
    0x0840, 0x0860, 0x0860, 0x0840, 0x0840, 0x0840, 0x0860, 0x0860, 0x0860, 0x0860, 0x1081, 0x10A1, 0x10A1, 0x18E2, 0x2102, 0x18C2,
    0x20E2, 0xC5F4, 0xFFFC, 0xFFBA, 0xFFDB, 0xFFDB, 0xFFDB, 0xFFDB, 0xFFDB, 0xFFBA, 0xFFBA, 0xFFBA, 0xFFBA, 0xFFBA, 0xFF9A, 0xFF16,
    0xFEB5, 0xFEB4, 0xFEB4, 0xFEB5, 0xFEB5, 0xFEB5, 0xF6B4, 0xF6B4, 0xF6B4, 0xF694, 0xF6B4, 0xF694, 0xF694, 0xF694, 0xF694, 0xF694,
    0xF694, 0xF694, 0xF694, 0xF694, 0xF694, 0xF694, 0xF694, 0xF694, 0xF6B4, 0xF716, 0xFF99, 0xFFDA, 0xFFBA, 0xFFBA, 0xFFBA, 0xFFBA,
    0xFFDB, 0xFFDB, 0xFFDB, 0xFFDB, 0xFFDB, 0xFFDB, 0xFFDB, 0xFFDB, 0xFFDB, 0xFFDA, 0xFFBA, 0xFFBA, 0xFFBA, 0xFFBA, 0xFFBA, 0xFFBA,
    0xFF58, 0xFF58, 0xFF58, 0xFF58, 0xFF58, 0xFF58, 0xFF78, 0xFF99, 0xFFBA, 0xFFDA, 0xFFDB, 0xFFDB, 0xFFDB, 0xFFDB, 0xFFDB, 0xFFDB,
    0xFFDB, 0xFFDB, 0xFFDB, 0xFFDB, 0xFFBA, 0xFF16, 0xFEB3, 0xFEB3, 0xFED3, 0xFED4, 0xFEB4, 0xFEB3, 0xFEB3, 0xFEB3, 0xFEB3, 0xFE93,
    0xF693, 0xFE93, 0xFE93, 0xFE93, 0xFEB3, 0xFED4, 0xFED4, 0xFED4, 0xFED4, 0xFEF5, 0xFEF5, 0xFEF5, 0xFEF5, 0xFF16, 0xFF58, 0xFF78,
    0xFF58, 0xFEF6, 0xFEF5, 0xFEF5, 0xFEF5, 0xFEF5, 0xFEF5, 0xFEF5, 0xFEF4, 0xFED4, 0xFEF4, 0xFEF5, 0xFEF5, 0xFEF4, 0xFF55, 0xDE12,
    0xA42B, 0x9C2D, 0xF7BC, 0xFFFE, 0xFFBC, 0xFFDC, 0xFFDC, 0xFFDC, 0xFFFE, 0xFFFE, 0xFFFE, 0xFFFE, 0xFFFE, 0xFFFE, 0xFFFE, 0xFFFE,
    0xFFFE, 0xFFFE, 0xFFFE, 0xFFFD, 0xFFDD, 0xFFFD, 0xFFFD, 0xFFDC, 0xFFFD, 0xFFFD, 0xFFDD, 0xFFDC, 0xFFFD, 0xFFFD, 0xFFFE, 0xFFFE,
    0xFFFE, 0xFFFE, 0xFFFE, 0xFFFE, 0xFFFD, 0xFFFD, 0xFFFE, 0xFFFE, 0xFFFE, 0xFFFE, 0xFFFE, 0xFFFE, 0xFFFE, 0xFFFE, 0xFFFD, 0xFFFD,
    0xFFFD, 0xFFFE, 0xFFFE, 0xFFFE, 0xFFFE, 0xFFFE, 0xFFFE, 0xFFFE, 0xFFFE, 0xFFFE, 0xFFFE, 0xFFFD, 0xFFFD, 0xF7BC, 0xF77B, 0xF77B,
    0xF75A, 0xF75B, 0xF75B, 0xE719, 0xF75B, 0xF79C, 0xF77B, 0xFF9B, 0xA4F1, 0x2964, 0x0020, 0x0881, 0x1081, 0x0881, 0x0881, 0x1081,
    0x0860, 0x0860, 0x0860, 0x0840, 0x0840, 0x0060, 0x0040, 0x0040, 0x0060, 0x0060, 0x0840, 0x0860, 0x0860, 0x0840, 0x0840, 0x0840,
    0x0840, 0x0840, 0x0840, 0x0840, 0x0840, 0x0840, 0x0860, 0x0860, 0x0860, 0x0860, 0x10A1, 0x10A1, 0x18A1, 0x20E2, 0x20E2, 0x2103,
    0x0800, 0xAD11, 0xFFFC, 0xFFBA, 0xFFDB, 0xFFDB, 0xFFDB, 0xFFDB, 0xFFBB, 0xFFDA, 0xFFDA, 0xFFBA, 0xFFBA, 0xFFBA, 0xFFDB, 0xFF99,
    0xF716, 0xFEB5, 0xFEB5, 0xFEB5, 0xFEB5, 0xFEB5, 0xFEB5, 0xF6B4, 0xF6B4, 0xF694, 0xF694, 0xF694, 0xF694, 0xF694, 0xF694, 0xFE94,
    0xFE94, 0xF694, 0xF694, 0xF694, 0xF694, 0xF694, 0xF694, 0xF694, 0xF694, 0xF694, 0xF6F5, 0xFF78, 0xFFBA, 0xFFBA, 0xFF99, 0xFF9A,
    0xFFBA, 0xFFBA, 0xFFBA, 0xFFBA, 0xFFBA, 0xFFBA, 0xFFBB, 0xFFDB, 0xFFDB, 0xFFDB, 0xFFDA, 0xFFBA, 0xFFBA, 0xFFBA, 0xFFBA, 0xFFBA,
    0xFF57, 0xFF57, 0xFF57, 0xFF58, 0xFF58, 0xFF79, 0xFFBA, 0xFFBA, 0xFFDA, 0xFFDB, 0xFFDB, 0xFFDB, 0xFFDB, 0xFFDB, 0xFFDB, 0xFFDB,
    0xFFDB, 0xFFDB, 0xFFDB, 0xFFBB, 0xFFBA, 0xFF57, 0xFED4, 0xFEB3, 0xFEB3, 0xFEB4, 0xFED4, 0xFED4, 0xFEB4, 0xFEB4, 0xFEB4, 0xFEB4,
    0xFED4, 0xFEF5, 0xFEF5, 0xFEF5, 0xFEF5, 0xFF57, 0xFF78, 0xFF78, 0xFF98, 0xFFB9, 0xFFBA, 0xFFBA, 0xFFB9, 0xFFBA, 0xFFDA, 0xFFDA,
    0xFF99, 0xFF37, 0xFED4, 0xFED4, 0xFED4, 0xFEF4, 0xFF15, 0xFF15, 0xFF15, 0xFED4, 0xFEF4, 0xFEF4, 0xFEF5, 0xFED4, 0xF736, 0xA44C,
    0x8308, 0xFFFE, 0xFFDC, 0xFFDD, 0xFFDD, 0xFFBC, 0xFFBC, 0xFFDC, 0xFFFE, 0xFFFE, 0xFFFE, 0xFFFE, 0xFFFF, 0xFFFF, 0xFFFE, 0xFFFD,
    0xFFFE, 0xFFFE, 0xFFFE, 0xFFFE, 0xFFFE, 0xFFFE, 0xFFFE, 0xFFDC, 0xFFFE, 0xFFFE, 0xFFFD, 0xFFDD, 0xFFDD, 0xFFFD, 0xFFFD, 0xFFFE,
    0xFFFE, 0xFFFE, 0xFFFE, 0xFFFE, 0xFFFE, 0xFFFD, 0xFFFE, 0xFFFE, 0xFFFE, 0xFFFE, 0xFFFE, 0xFFFD, 0xFFFD, 0xFFFD, 0xFFFD, 0xFFFD,
    0xFFFD, 0xFFFE, 0xFFFE, 0xFFFE, 0xFFFD, 0xFFFD, 0xFFFD, 0xFFFD, 0xFFFE, 0xFFFE, 0xFFFE, 0xFFFE, 0xFFFE, 0xFF9C, 0xF79B, 0xFFBC,
    0xF7BC, 0xFFBC, 0xF79B, 0xF77B, 0xF75B, 0xEF3A, 0xEF3A, 0xEF1A, 0xFFDC, 0x9470, 0x2924, 0x2103, 0x10A1, 0x2103, 0x18E2, 0x0840,
    0x0860, 0x0840, 0x0840, 0x0860, 0x0860, 0x0060, 0x0040, 0x0040, 0x0040, 0x0040, 0x0840, 0x0860, 0x0860, 0x0840, 0x0840, 0x0840,
    0x0840, 0x0840, 0x0840, 0x0040, 0x0040, 0x0840, 0x0860, 0x0860, 0x0860, 0x0881, 0x10A1, 0x10A1, 0x18C1, 0x20E2, 0x20E2, 0x2102,
    0x1040, 0xB552, 0xFFFC, 0xFFBA, 0xFFDB, 0xFFDB, 0xFFDB, 0xFFBA, 0xFFDB, 0xFFDB, 0xFFDB, 0xFFDB, 0xFFDB, 0xFFBA, 0xFFBA, 0xFFBA,
    0xFFBA, 0xFF57, 0xFEB5, 0xFED5, 0xFED5, 0xFEB5, 0xF6B4, 0xF6B4, 0xF694, 0xF694, 0xF694, 0xF694, 0xF694, 0xF693, 0xF694, 0xF6B4,
    0xF694, 0xF694, 0xF694, 0xF6B4, 0xF694, 0xF694, 0xF694, 0xF694, 0xF693, 0xF694, 0xF673, 0xF6F5, 0xFF99, 0xFFBB, 0xFFBA, 0xFFBA,
    0xFFBA, 0xFFBA, 0xFFBA, 0xFFBA, 0xFFBA, 0xFFBA, 0xFFBA, 0xFFBA, 0xFFBA, 0xFFBA, 0xFFBA, 0xFFBA, 0xFFBA, 0xFFBA, 0xFFBA, 0xFFBA,
    0xFF57, 0xFF58, 0xFF78, 0xFF99, 0xFF99, 0xFFBA, 0xFFBA, 0xFFBA, 0xFFDB, 0xFFDB, 0xFFDB, 0xFFDB, 0xFFDB, 0xFFDB, 0xFFDB, 0xFFDB,
    0xFFDB, 0xFFDB, 0xFFDB, 0xFFDB, 0xFFDB, 0xFF78, 0xFED4, 0xFEB3, 0xFEB3, 0xFEB4, 0xFED4, 0xFED4, 0xFED4, 0xFF15, 0xFF16, 0xFF36,
    0xFF98, 0xFFB9, 0xFFB9, 0xFFB9, 0xFFBA, 0xFFBA, 0xFFB9, 0xFFB9, 0xFFB9, 0xFFBA, 0xFFBA, 0xFFBA, 0xFFBA, 0xFFBA, 0xFFBA, 0xFFBA,
    0xFFBA, 0xFF78, 0xFEF5, 0xFEF4, 0xFEF4, 0xFF15, 0xFF15, 0xFF15, 0xFF15, 0xFEF4, 0xFEF4, 0xFEF4, 0xFF15, 0xFFD8, 0x9367, 0xAC8F,
    0xFFDD, 0xF79B, 0xFFBC, 0xFFFD, 0xFFDD, 0xFFBC, 0xFFBC, 0xFFDC, 0xFFFD, 0xFFFD, 0xFFFD, 0xFFFE, 0xFFFE, 0xFFFF, 0xFFFE, 0xFFFD,
    0xFFFD, 0xFFFF, 0xFFFF, 0xFFFE, 0xFFFE, 0xFFFE, 0xFFFE, 0xFFFD, 0xFFFD, 0xFFFE, 0xFFFD, 0xFFDD, 0xFFDC, 0xFFDD, 0xFFFD, 0xFFFE,
    0xFFFE, 0xFFFE, 0xFFFE, 0xFFFE, 0xFFFE, 0xFFFE, 0xFFFE, 0xFFFE, 0xFFFE, 0xFFFE, 0xFFFD, 0xFFFD, 0xFFFD, 0xFFDD, 0xFFFD, 0xFFFD,
    0xFFFD, 0xFFFE, 0xFFFD, 0xFFFD, 0xFFFE, 0xFFFD, 0xFFFD, 0xFFFD, 0xFFFE, 0xFFFE, 0xFFFE, 0xFFFE, 0xFFDD, 0xF77B, 0xFFDD, 0xFFFE,
    0xFFFE, 0xFFFD, 0xFFBC, 0xFF9C, 0xFFBC, 0xF77B, 0xF75A, 0xEF5A, 0xEF3A, 0xE719, 0xEF3A, 0x5268, 0x2944, 0x18E2, 0x1081, 0x0860,
    0x0840, 0x0860, 0x0861, 0x0861, 0x0860, 0x0040, 0x0060, 0x0060, 0x0040, 0x0040, 0x0840, 0x0860, 0x0840, 0x0860, 0x0860, 0x0840,
    0x0840, 0x0840, 0x0840, 0x0840, 0x0040, 0x0840, 0x0860, 0x1081, 0x0881, 0x1081, 0x1081, 0x10C1, 0x10A1, 0x18C2, 0x20E2, 0x2102,
    0x0820, 0xAD31, 0xFFFC, 0xFFBA, 0xFFDB, 0xFFDB, 0xFFDB, 0xFFDB, 0xFFDB, 0xFFDB, 0xFFDB, 0xFFDB, 0xFFDB, 0xFFBA, 0xFFBA, 0xFFBA,
    0xFFBB, 0xFFBA, 0xFF38, 0xFEB5, 0xFEB5, 0xFEB5, 0xF6B4, 0xF6B4, 0xF694, 0xF694, 0xF694, 0xFEB4, 0xF694, 0xF693, 0xF694, 0xF694,
    0xF694, 0xF694, 0xF6B4, 0xF694, 0xF694, 0xF694, 0xF694, 0xF694, 0xF694, 0xF694, 0xF694, 0xF693, 0xF6D5, 0xFF99, 0xFFBA, 0xFFDA,
    0xFFBA, 0xFFBA, 0xFFBA, 0xFFBA, 0xFFBA, 0xFFBA, 0xFFBA, 0xFFBA, 0xFFBB, 0xFFBB, 0xFFBA, 0xFFBA, 0xFFBA, 0xFFBA, 0xFFBA, 0xFFBA,
    0xFF78, 0xFF78, 0xFF99, 0xFFDA, 0xFFDA, 0xFFDB, 0xFFDB, 0xFFDB, 0xFFDB, 0xFFDB, 0xFFDA, 0xFFDA, 0xFFBA, 0xFF99, 0xFF78, 0xFF78,
    0xFF16, 0xF716, 0xF716, 0xFF16, 0xFF16, 0xFEF5, 0xFEF4, 0xFF15, 0xFF56, 0xFF78, 0xFF78, 0xFF78, 0xFF98, 0xFFB9, 0xFFB9, 0xFFB9,
    0xFF99, 0xFFB9, 0xFF99, 0xFF99, 0xFFB9, 0xFFBA, 0xFFB9, 0xFFBA, 0xFFBA, 0xFFBA, 0xFFB9, 0xFFB9, 0xFFB9, 0xFFBA, 0xFFBA, 0xFFB9,
    0xFFB9, 0xFF99, 0xFF57, 0xFEF5, 0xFEF4, 0xFF15, 0xFF15, 0xFF15, 0xFEF5, 0xFEF4, 0xFEF4, 0xFFB7, 0xDDF1, 0x93A9, 0xC551, 0xE6F9,
    0xFFDD, 0xFFBC, 0xFFDD, 0xFFFD, 0xFFDD, 0xFFBC, 0xFFDC, 0xFFDC, 0xFFFD, 0xFFFD, 0xFFFD, 0xFFFE, 0xFFFE, 0xFFFE, 0xFFFE, 0xFFFE,
    0xFFFF, 0xFFFE, 0xFFFE, 0xFFFE, 0xFFFE, 0xFFFE, 0xFFFE, 0xFFFD, 0xFFDC, 0xFFFD, 0xFFFE, 0xFFFD, 0xFFFD, 0xFFFD, 0xFFFD, 0xFFFD,
    0xFFFD, 0xFFFE, 0xFFFE, 0xFFFE, 0xFFFE, 0xFFFE, 0xFFFE, 0xFFFE, 0xFFFE, 0xFFFE, 0xFFDD, 0xFFDC, 0xFFDD, 0xFFDD, 0xFFFD, 0xFFFE,
    0xFFFE, 0xFFFE, 0xFFFD, 0xFFFD, 0xFFFD, 0xFFFD, 0xFFFD, 0xFFFD, 0xFFFE, 0xFFFE, 0xFFBC, 0xFFBC, 0xFF9C, 0xFFDD, 0xFFFD, 0xFFFD,
    0xFFFD, 0xFFFD, 0xF7BC, 0xF79B, 0xFFDD, 0xFFDC, 0xFFDC, 0xF79B, 0xEF5A, 0xEF5B, 0xEF3A, 0xE6B8, 0xEF5B, 0x5289, 0x0000, 0x1081,
    0x10A1, 0x18E2, 0x1081, 0x1081, 0x0860, 0x0040, 0x0060, 0x0060, 0x0060, 0x0040, 0x0860, 0x0860, 0x0860, 0x0860, 0x0860, 0x0860,
    0x0840, 0x0860, 0x0861, 0x0861, 0x0861, 0x0881, 0x0881, 0x1081, 0x10A1, 0x10A1, 0x0881, 0x0881, 0x0860, 0x10A1, 0x18C1, 0x1040,
    0xA511, 0xEF59, 0xFFDB, 0xFFDA, 0xFFDB, 0xFFDB, 0xFFDB, 0xFFDB, 0xFFDB, 0xFFDB, 0xFFDB, 0xFFDB, 0xFFDB, 0xFFBB, 0xFFBA, 0xFFBA,
    0xFFBA, 0xFFBB, 0xFFBA, 0xFF58, 0xFED5, 0xFEB5, 0xF6B5, 0xFEB4, 0xFEB4, 0xFEB4, 0xFEB4, 0xF6B4, 0xF6B4, 0xF6B4, 0xFEB4, 0xF6B4,
    0xF694, 0xF694, 0xF694, 0xF694, 0xF6B4, 0xF694, 0xF694, 0xF694, 0xF694, 0xF694, 0xF693, 0xF693, 0xF693, 0xF6D5, 0xFF98, 0xFFDA,
    0xFFDB, 0xFFDB, 0xFFDB, 0xFFDB, 0xFFDB, 0xFFDA, 0xFFDB, 0xFFDB, 0xFF58, 0xFF38, 0xFF37, 0xF6F6, 0xF6F6, 0xF6F5, 0xF6F6, 0xF6F6,
    0xFFB9, 0xFFBA, 0xFFB9, 0xFF99, 0xFF99, 0xFFB9, 0xFF78, 0xFF57, 0xFF37, 0xFF37, 0xFF37, 0xFF37, 0xFF16, 0xFED5, 0xFED5, 0xFED5,
    0xFEB4, 0xFEB4, 0xFEB4, 0xFEB4, 0xFEB3, 0xFEB4, 0xFED4, 0xFF56, 0xFFB9, 0xFFBA, 0xFFBA, 0xFFBA, 0xFFBA, 0xFFBA, 0xFF99, 0xFF9A,
    0xFFBA, 0xFFB9, 0xFFBA, 0xFFBA, 0xFFBA, 0xFFBA, 0xFFB9, 0xFFBA, 0xFFBA, 0xFFB9, 0xFFBA, 0xFFBA, 0xFFBA, 0xFFBA, 0xFFBA, 0xFFB9,
    0xFFB9, 0xFFBA, 0xFFB9, 0xFF57, 0xFEF5, 0xFEF4, 0xFEF4, 0xFEF4, 0xFEF5, 0xFEF4, 0xFEF4, 0xC52E, 0xBD30, 0x9C4F, 0xE6D8, 0xFFFE,
    0xFF9C, 0xFFFE, 0xFFFF, 0xFFFE, 0xFFDD, 0xFFDC, 0xFFDC, 0xFFDC, 0xFFFD, 0xFFFE, 0xFFFE, 0xFFFE, 0xFFFE, 0xFFFE, 0xFFFF, 0xFFFF,
    0xFFFE, 0xFFFF, 0xFFFF, 0xFFFF, 0xFFFE, 0xFFFD, 0xFFFD, 0xFFDD, 0xFFDC, 0xFFFD, 0xFFFE, 0xFFFE, 0xFFFE, 0xFFFE, 0xFFDD, 0xFFDD,
    0xFFFD, 0xFFFD, 0xFFFE, 0xFFFE, 0xFFFE, 0xFFFE, 0xFFFE, 0xFFFE, 0xFFFE, 0xFFFD, 0xFFDD, 0xFFFC, 0xFFFC, 0xFFDC, 0xFFFD, 0xFFFD,
    0xFFFE, 0xFFFE, 0xFFFD, 0xFFFD, 0xFFFD, 0xFFFD, 0xFFDD, 0xFFDD, 0xFFDD, 0xFFBC, 0xFFBC, 0xFFBC, 0xFF9C, 0xFFFD, 0xFFFD, 0xFFFD,
    0xFFDD, 0xF7BC, 0xF77B, 0xFFBC, 0xFFDD, 0xFFBC, 0xFFBC, 0xFFDC, 0xFFDD, 0xFFDD, 0xF77B, 0xEF3A, 0xF75A, 0xCE36, 0x9CB1, 0x1060,
    0x0860, 0x1081, 0x1081, 0x1081, 0x0860, 0x0840, 0x0040, 0x0040, 0x0040, 0x0840, 0x0860, 0x0860, 0x0860, 0x0840, 0x0840, 0x0840,
    0x0840, 0x0860, 0x0881, 0x1081, 0x10A1, 0x10A1, 0x10A1, 0x0881, 0x0881, 0x0881, 0x0860, 0x0860, 0x0860, 0x1081, 0x20E2, 0x946E,
    0xF779, 0xFFFB, 0xFFBA, 0xFFDA, 0xFFBA, 0xFFDB, 0xFFDB, 0xFFBA, 0xFFBA, 0xFFBA, 0xFFBA, 0xFFBA, 0xFFBA, 0xFFBA, 0xFFBA, 0xFFBA,
    0xFFBA, 0xFFBA, 0xFFBB, 0xFFDA, 0xFF58, 0xFED5, 0xFEB4, 0xFEB4, 0xFEB4, 0xFEB4, 0xFEB4, 0xF6B4, 0xF6B4, 0xF6B4, 0xF6B4, 0xF6B4,
    0xF6B4, 0xF6B4, 0xF6B4, 0xF6B4, 0xF6B4, 0xF694, 0xF693, 0xF693, 0xF673, 0xF693, 0xF673, 0xF693, 0xF694, 0xF694, 0xF6F5, 0xFF99,
    0xFF79, 0xF717, 0xF737, 0xF737, 0xFF17, 0xFF17, 0xFF17, 0xFF17, 0xF6D5, 0xF6B5, 0xF6B5, 0xF694, 0xF694, 0xF694, 0xF694, 0xF694,
    0xFF57, 0xFF57, 0xFF57, 0xFF16, 0xFF16, 0xFF15, 0xFEF5, 0xFEF5, 0xFEF5, 0xFEF5, 0xFEF5, 0xFEF5, 0xFEF5, 0xFED4, 0xFEF4, 0xFEF5,
    0xFEF4, 0xFED4, 0xFED4, 0xFEB4, 0xFED4, 0xFED4, 0xFEB3, 0xFF36, 0xFFB9, 0xFFBA, 0xFFBA, 0xFFBA, 0xFFBA, 0xFFBA, 0xFF99, 0xFF99,
    0xFF99, 0xFF99, 0xFF99, 0xFF99, 0xFF99, 0xFFB9, 0xFFB9, 0xFFBA, 0xFFB9, 0xFFB9, 0xFFBA, 0xFFBA, 0xFFB9, 0xFFBA, 0xFFBA, 0xFFBA,
    0xFFBA, 0xFFBA, 0xFFDA, 0xFF99, 0xFF16, 0xFED4, 0xFED4, 0xFEF4, 0xFF15, 0xFF56, 0xFF77, 0x9389, 0xC5D4, 0xFFFF, 0xFFDD, 0xF7BC,
    0xFFDD, 0xFFFE, 0xFFFF, 0xFFFF, 0xFFDD, 0xFFDC, 0xFFDC, 0xFFDC, 0xFFFE, 0xFFFE, 0xFFFE, 0xFFFE, 0xFFFF, 0xFFFF, 0xFFFF, 0xFFFE,
    0xFFFE, 0xFFFF, 0xFFFF, 0xFFFF, 0xFFFE, 0xFFFD, 0xFFFD, 0xFFDD, 0xFFDD, 0xFFFE, 0xFFFE, 0xFFFE, 0xFFFE, 0xFFFE, 0xFFDD, 0xFFDD,
    0xFFFD, 0xFFFD, 0xFFFE, 0xFFFE, 0xFFFE, 0xFFDD, 0xFFDD, 0xFFFE, 0xFFFE, 0xFFDD, 0xFFDC, 0xFFDD, 0xFFDD, 0xFFDD, 0xFFFD, 0xFFFD,
    0xFFFD, 0xFFFD, 0xFFFD, 0xFFFD, 0xFFFD, 0xFFDD, 0xFFBC, 0xFFDC, 0xFFBC, 0xF79B, 0xF79B, 0xFF9C, 0xFFDC, 0xFFDD, 0xFFDD, 0xFFBC,
    0xFFBC, 0xFF9C, 0xFFBC, 0xFFDD, 0xFFBC, 0xF79B, 0xF7BC, 0xFFDC, 0xFFDD, 0xFFDD, 0xFFDD, 0xF75A, 0xEEF9, 0xF77B, 0xE6F9, 0xA4F1,
    0x4207, 0x0000, 0x1081, 0x1081, 0x0881, 0x0860, 0x0840, 0x0840, 0x0860, 0x0840, 0x0840, 0x0840, 0x0840, 0x0840, 0x0840, 0x0040,
    0x0840, 0x0040, 0x0860, 0x0861, 0x0861, 0x0881, 0x0881, 0x0860, 0x0860, 0x0860, 0x1081, 0x10A1, 0x10A1, 0x1060, 0x1060, 0xEF38,
    0xFFFB, 0xFFBA, 0xFFDA, 0xFFBA, 0xFFDA, 0xFFDA, 0xFFDA, 0xFFBA, 0xFFBA, 0xFFBB, 0xFFBA, 0xFFBA, 0xFFBA, 0xFFBA, 0xFFBA, 0xFFBA,
    0xFFBA, 0xFFDA, 0xFFBA, 0xFFBA, 0xFFDB, 0xFF58, 0xFEF5, 0xFEB4, 0xFEB4, 0xFEB4, 0xFEB4, 0xF6B4, 0xF6B4, 0xF6B4, 0xF6B4, 0xF6B4,
    0xF6B4, 0xFEB4, 0xF6B4, 0xF694, 0xF694, 0xF693, 0xF693, 0xF6B5, 0xF6B4, 0xF6B4, 0xF694, 0xF6F6, 0xFF37, 0xFF57, 0xFF58, 0xFF79,
    0xFF57, 0xF673, 0xF693, 0xF694, 0xF694, 0xF694, 0xF694, 0xF694, 0xF6B5, 0xF6B5, 0xF6B5, 0xF6B5, 0xF6B4, 0xF6B4, 0xF6B4, 0xF6B4,
    0xFED4, 0xFED4, 0xFEF4, 0xFEF5, 0xFEF5, 0xFEF5, 0xFEF5, 0xFEF5, 0xFEF5, 0xFEF5, 0xFEF5, 0xFEF6, 0xFEF5, 0xFEF5, 0xFEF5, 0xFEF5,
    0xFEF5, 0xFEB4, 0xFEB4, 0xFEB4, 0xFEB4, 0xFEB3, 0xFEB3, 0xFEF5, 0xFF98, 0xFFBA, 0xFFBA, 0xFFBA, 0xFF9A, 0xFF99, 0xFFDA, 0xFFFB,
    0xFFFA, 0xFFFA, 0xFFFA, 0xFFFA, 0xFFFA, 0xFFDA, 0xFFBA, 0xFFB9, 0xFF99, 0xFFB9, 0xFFBA, 0xFFBA, 0xFFBA, 0xFFBA, 0xFFBA, 0xFFBA,
    0xFFBA, 0xFFDA, 0xFFDA, 0xFFBA, 0xFF36, 0xFEF4, 0xFED4, 0xFEF4, 0xFEF4, 0xC50D, 0xA40A, 0xC593, 0xFFFE, 0xF79B, 0xFFBC, 0xFFDD,
    0xFFFE, 0xFFFF, 0xFFFF, 0xFFFF, 0xFFDD, 0xFFDC, 0xFFDC, 0xFFDD, 0xFFFE, 0xFFFE, 0xFFFE, 0xFFFF, 0xFFFF, 0xFFFE, 0xFFFE, 0xFFDD,
    0xFFFE, 0xFFFE, 0xFFFF, 0xFFFF, 0xFFFD, 0xFFFD, 0xFFFD, 0xFFDD, 0xFFFE, 0xFFFE, 0xFFFE, 0xFFFE, 0xFFFE, 0xFFFE, 0xFFDC, 0xFFDC,
    0xFFDD, 0xFFFE, 0xFFFE, 0xFFFE, 0xFFFE, 0xFFDC, 0xFFDD, 0xFFFE, 0xFFFE, 0xFFDD, 0xFFDD, 0xFFFD, 0xFFDD, 0xFFDD, 0xFFFD, 0xFFFD,
    0xFFFE, 0xFFFE, 0xFFFE, 0xFFFE, 0xFFFD, 0xFFDD, 0xFFDC, 0xFFDC, 0xFFBB, 0xF77B, 0xF77B, 0xF79C, 0xFFDD, 0xFFFD, 0xFFBC, 0xFFBC,
    0xFFBC, 0xFFBC, 0xFFBC, 0xF7BC, 0xF79B, 0xF79B, 0xFFDC, 0xFFDD, 0xFFDC, 0xF79B, 0xF77B, 0xF73A, 0xEF1A, 0xEF19, 0xEF19, 0xFFBC,
    0x630A, 0x1061, 0x0860, 0x0860, 0x10A1, 0x1081, 0x0860, 0x0860, 0x0840, 0x0040, 0x0840, 0x0840, 0x0840, 0x0840, 0x0840, 0x0840,
    0x0840, 0x0840, 0x0040, 0x0040, 0x0040, 0x0840, 0x0040, 0x0860, 0x10A1, 0x10A1, 0x10A1, 0x18A1, 0x0860, 0x20E2, 0x946E, 0xEF38,
    0xFFDA, 0xFFBA, 0xFFDA, 0xFFDA, 0xFFDA, 0xFFDA, 0xFFDA, 0xFFBA, 0xFFBA, 0xFFBA, 0xFFBA, 0xFFBA, 0xFFBA, 0xFFBA, 0xFFBA, 0xFFBA,
    0xFFDB, 0xFFDB, 0xFFDB, 0xFFDA, 0xFFBA, 0xFFDB, 0xFF79, 0xFEF5, 0xF6B4, 0xF6B4, 0xF6B4, 0xFEB4, 0xF6B4, 0xF694, 0xF6B4, 0xF6B4,
    0xF6B4, 0xF6B4, 0xF6B4, 0xFF16, 0xFF37, 0xFF16, 0xFF16, 0xFF79, 0xFF99, 0xFF99, 0xFF79, 0xFF9A, 0xFFBA, 0xFFBA, 0xFFBA, 0xFFBA,
    0xFF99, 0xF716, 0xF6D4, 0xFEB4, 0xF6D4, 0xFEB4, 0xF6B4, 0xF6B4, 0xF6B4, 0xF6B4, 0xF6B4, 0xF6B5, 0xF6B5, 0xFEB5, 0xF6B5, 0xF6B4,
    0xFED4, 0xFED4, 0xFEF5, 0xFF15, 0xFF15, 0xFF15, 0xFF15, 0xFF15, 0xFEF5, 0xFEF5, 0xFEF6, 0xFF16, 0xFEF5, 0xFEF5, 0xFEF5, 0xFED4,
    0xFEB4, 0xFEB4, 0xFEB3, 0xFEB3, 0xFEB3, 0xFEB3, 0xFEB3, 0xFEB3, 0xFF57, 0xFF99, 0xFF79, 0xFFBA, 0xFFDA, 0xFFFA, 0x8C2E, 0x5267,
    0x6309, 0x6309, 0x62E9, 0x62E9, 0x62E9, 0x5AA8, 0xD676, 0xFFDA, 0xFFDA, 0xFF99, 0xFF99, 0xFF99, 0xFF99, 0xFFBA, 0xFFBA, 0xFFBA,
    0xFFDA, 0xFFBA, 0xFFDA, 0xFFBA, 0xFFB9, 0xFF36, 0xFEF5, 0xFF15, 0xFF56, 0x8B47, 0xA44D, 0xEF7B, 0xFFDD, 0xFFDD, 0xFFDD, 0xFFFE,
    0xFFFE, 0xFFFE, 0xFFFE, 0xFFFE, 0xFFFF, 0xFFFE, 0xFFDC, 0xFFDC, 0xFFFE, 0xFFFE, 0xFFFE, 0xFFFE, 0xFFFE, 0xFFFE, 0xFFFE, 0xFFDD,
    0xFFFE, 0xFFFF, 0xFFFF, 0xFFFF, 0xFFFE, 0xFFFD, 0xFFFD, 0xFFDD, 0xFFFE, 0xFFFD, 0xFFFD, 0xFFFE, 0xFFDD, 0xFFDD, 0xFFBC, 0xFFBC,
    0xFFDD, 0xFFFE, 0xFFFE, 0xFFFE, 0xFFFD, 0xFFDC, 0xFFDD, 0xFFFE, 0xFFFE, 0xFFFE, 0xFFFE, 0xFFFE, 0xFFFD, 0xFFFD, 0xFFFE, 0xFFFE,
    0xFFFE, 0xFFFE, 0xFFFE, 0xFFFD, 0xFFFD, 0xFFFD, 0xFFFD, 0xFFFD, 0xFFDD, 0xFFBC, 0xFFBC, 0xFFFD, 0xFFFD, 0xFFDD, 0xFFBC, 0xFFBC,
    0xFFBC, 0xFFBC, 0xFFBC, 0xFFDD, 0xFFDD, 0xFFDD, 0xFFDD, 0xFFDD, 0xFFDD, 0xFFDD, 0xF79B, 0xEF1A, 0xF71A, 0xEF1A, 0xF71A, 0xEEF9,
    0xDE57, 0xD657, 0x4A06, 0x0020, 0x0000, 0x0000, 0x0000, 0x0860, 0x0840, 0x0840, 0x0840, 0x0840, 0x0840, 0x0840, 0x0840, 0x0840,
    0x0040, 0x0040, 0x0040, 0x0040, 0x0040, 0x0860, 0x0860, 0x0860, 0x10A1, 0x10A1, 0x10A1, 0x18C2, 0x20E2, 0x5266, 0xFFFB, 0xFFDA,
    0xFFBA, 0xFFDA, 0xFFDA, 0xFFDA, 0xFFDA, 0xFFDA, 0xFFBA, 0xFFBA, 0xFFDA, 0xFFBA, 0xFFDA, 0xFFBA, 0xFFBA, 0xFFBA, 0xFFBA, 0xFFBA,
    0xFFBB, 0xFFDB, 0xFFDB, 0xFFDB, 0xFFDB, 0xFFDB, 0xFFFB, 0xFFB9, 0xFED5, 0xFED5, 0xFEF6, 0xFF16, 0xFF17, 0xFF17, 0xFF17, 0xFF57,
    0xFF78, 0xFF78, 0xFF58, 0xFFBA, 0xFFDB, 0xFFDB, 0xFFDB, 0xFFBB, 0xFFDA, 0xFFDA, 0xFFBA, 0xFFBA, 0xFF9A, 0xFF99, 0xFFBA, 0xFFBA,
    0xFFBA, 0xFFBA, 0xFF78, 0xFED5, 0xF6B3, 0xFED4, 0xFEB4, 0xF6B4, 0xF6B4, 0xF6B4, 0xF6B5, 0xFEB5, 0xFEB5, 0xFEB5, 0xF6B5, 0xF6B4,
    0xFED4, 0xFED4, 0xFEF4, 0xFF15, 0xFF15, 0xFF15, 0xFEF6, 0xFEF5, 0xFEF5, 0xFEF5, 0xFEF6, 0xFF16, 0xFEF5, 0xFEF5, 0xFED5, 0xFED4,
    0xFEB3, 0xFEB3, 0xFEB3, 0xFEB3, 0xFEB3, 0xFEB3, 0xF6B3, 0xFE93, 0xFF98, 0xFFFB, 0xFFFA, 0xF738, 0xD655, 0xE717, 0x62E9, 0x1040,
    0x2923, 0x18C1, 0x18C2, 0x2103, 0x2103, 0x20E2, 0x41C5, 0x6B09, 0xCE34, 0xFFDB, 0xFFFC, 0xFFFC, 0xFFFC, 0xFFDA, 0xFFDA, 0xFFDA,
    0xFFBA, 0xFFDA, 0xFFBA, 0xFF99, 0xFFB9, 0xFF98, 0xFFF9, 0xE693, 0x8B69, 0xE719, 0xFFDD, 0xFFDD, 0xFFBC, 0xFFFE, 0xFFFE, 0xFFFF,
    0xFFFE, 0xFFFE, 0xFFFE, 0xFFFE, 0xFFFE, 0xFFFE, 0xFFFD, 0xFFFD, 0xFFFD, 0xFFFD, 0xFFFD, 0xFFFE, 0xFFFE, 0xFFFE, 0xFFFE, 0xFFDD,
    0xFFFE, 0xFFFE, 0xFFFF, 0xFFFF, 0xFFFE, 0xFFFE, 0xFFFE, 0xFFFD, 0xFFFE, 0xFFFD, 0xFFDD, 0xFFDD, 0xFFBC, 0xFFBC, 0xFFDC, 0xFFFD,
    0xFFFD, 0xFFFE, 0xFFFE, 0xFFFD, 0xFFDC, 0xFFBC, 0xFFBC, 0xFFDC, 0xFFBC, 0xFFFD, 0xFFFE, 0xFFFE, 0xFFFD, 0xFFFE, 0xFFFD, 0xFFFE,
    0xFFFD, 0xFFFE, 0xFFFE, 0xF7BC, 0xFF9C, 0xFF9C, 0xF7BC, 0xFFDD, 0xFFDD, 0xF79C, 0xFFBC, 0xFFFD, 0xFFFD, 0xFFBC, 0xFFBC, 0xFFBC,
    0xFFBC, 0xFFBC, 0xFFBC, 0xFFFD, 0xFFFD, 0xFFBC, 0xFFDD, 0xFFDD, 0xFFDC, 0xFFBC, 0xF79B, 0xEF1A, 0xEF1A, 0xEF1A, 0xF71A, 0xEF1A,
    0xF71A, 0xF73A, 0xEEF9, 0x7BCD, 0x62EA, 0x8BEE, 0x7BCD, 0x1081, 0x0000, 0x0860, 0x0040, 0x0840, 0x0840, 0x0840, 0x0840, 0x0860,
    0x0840, 0x0840, 0x0840, 0x0840, 0x0861, 0x1081, 0x1081, 0x1081, 0x10A1, 0x10A1, 0x18E2, 0x0000, 0x6B0A, 0xF757, 0xF736, 0xFFDA,
    0xFFDA, 0xFFDA, 0xFFDA, 0xFFDA, 0xFFDA, 0xFFBA, 0xFFBA, 0xFFBA, 0xFFDA, 0xFFDB, 0xFFDB, 0xFFDB, 0xFFDB, 0xFFDB, 0xFFDB, 0xFFDB,
    0xFFDB, 0xFF9A, 0xFF79, 0xFF78, 0xFF58, 0xFF58, 0xF758, 0xFF37, 0xFEF5, 0xF6F5, 0xFF99, 0xFFBB, 0xFFDB, 0xFFDB, 0xFFDB, 0xFFDB,
    0xFFDB, 0xFFDB, 0xFFDB, 0xFFDB, 0xFFBB, 0xFFBB, 0xFFBB, 0xFFBB, 0xFFBB, 0xFFBB, 0xFFBA, 0xFFBA, 0xFFBA, 0xFF99, 0xFF99, 0xFFB9,
    0xFFBA, 0xFF9A, 0xFFBA, 0xFF78, 0xFF16, 0xF6B4, 0xF6B4, 0xF6D5, 0xFEB5, 0xFEB5, 0xFEB5, 0xFEB5, 0xFEB5, 0xFEB5, 0xFEB5, 0xF6B4,
    0xFED3, 0xFED4, 0xFEF4, 0xFEF5, 0xFEF5, 0xFF15, 0xFF15, 0xFEF5, 0xFF15, 0xFEF6, 0xFEF5, 0xFED5, 0xFED5, 0xFED4, 0xFEB4, 0xFEB3,
    0xFEB3, 0xFEB3, 0xFEB3, 0xFEB3, 0xFEB3, 0xF6B3, 0xFED3, 0xFEF4, 0xC591, 0xAD11, 0xBDB3, 0x736B, 0x1041, 0x2943, 0x4A26, 0x39A5,
    0x3184, 0x18C1, 0x18C1, 0x2102, 0x2103, 0x2103, 0x18A1, 0x1881, 0x2102, 0x9CB0, 0xB572, 0xAD52, 0xAD52, 0xF79A, 0xFFFB, 0xFFBA,
    0xFFDA, 0xFFDA, 0xFFB9, 0xFF78, 0xFF98, 0xEF17, 0xDE74, 0xCDB1, 0x836A, 0xF75B, 0xFFDD, 0xFF9B, 0xFFDC, 0xFFFE, 0xFFFE, 0xFFFE,
    0xFFFF, 0xFFFF, 0xFFFE, 0xFFFE, 0xFFFE, 0xFFFE, 0xFFFE, 0xFFFE, 0xFFFD, 0xFFFD, 0xFFFD, 0xFFFE, 0xFFFE, 0xFFFE, 0xFFFE, 0xFFFD,
    0xFFFD, 0xFFFD, 0xFFFE, 0xFFFE, 0xFFFE, 0xFFFE, 0xFFFD, 0xFFFD, 0xFFFD, 0xFFDD, 0xFFDC, 0xFFBB, 0xFFBC, 0xFFDC, 0xFFFD, 0xFFFE,
    0xFFFE, 0xFFFE, 0xFFFE, 0xFFDC, 0xFFDC, 0xFFBC, 0xFFBC, 0xFFBC, 0xFFBC, 0xFFFE, 0xFFFE, 0xFFFE, 0xFFFE, 0xFFFD, 0xFFFD, 0xFFDD,
    0xFFDD, 0xFFDD, 0xFFDD, 0xF79C, 0xF77B, 0xFF9B, 0xF77B, 0xFF9B, 0xF79B, 0xF77B, 0xFFDC, 0xFFFD, 0xFFDD, 0xFFBC, 0xFFBC, 0xFFBC,
    0xFFBC, 0xFF9B, 0xFF9B, 0xFFBC, 0xFF9C, 0xF75B, 0xF79B, 0xFFBC, 0xF75B, 0xEF3A, 0xEF3A, 0xEF1A, 0xEF1A, 0xEF1A, 0xEF1A, 0xEF1A,
    0xEF1A, 0xEF1A, 0xF71A, 0xFF5A, 0xFF7B, 0xFF7B, 0xF73A, 0x62CA, 0x1081, 0x0020, 0x0860, 0x0860, 0x0860, 0x0840, 0x0840, 0x0840,
    0x0840, 0x0860, 0x0860, 0x0861, 0x10A1, 0x10A1, 0x10A1, 0x10A1, 0x10C1, 0x10C1, 0x18A1, 0x5267, 0xACCF, 0xFF57, 0xFF15, 0xFF78,
    0xFFB9, 0xFFDA, 0xFFDA, 0xFFDA, 0xFFDB, 0xFFDB, 0xFFDA, 0xFFDA, 0xFFDA, 0xFF78, 0xFF78, 0xFF78, 0xFF78, 0xFF58, 0xFF58, 0xFF57,
    0xFF57, 0xFF16, 0xF6D5, 0xFED5, 0xF6B4, 0xF6B4, 0xF6B4, 0xFEB4, 0xFEB4, 0xFEB4, 0xF6F6, 0xFFB9, 0xFFDB, 0xFFDB, 0xFFDB, 0xFFDB,
    0xFFDB, 0xFFDB, 0xFFDB, 0xFFDB, 0xFFDB, 0xFFDB, 0xFFDB, 0xFFBB, 0xFFBB, 0xFFBB, 0xFFBB, 0xFFBA, 0xFFBA, 0xFFBA, 0xFFBA, 0xFF9A,
    0xFFBA, 0xFFBA, 0xFFBA, 0xFFBB, 0xFF9A, 0xF717, 0xF6D5, 0xF6B4, 0xFEB5, 0xFEB5, 0xF6B5, 0xFED5, 0xF6B5, 0xFEB5, 0xFEB5, 0xFEB5,
    0xFED3, 0xFED4, 0xFED4, 0xFEF4, 0xFED4, 0xFEF4, 0xFEF5, 0xFF15, 0xFF15, 0xFF15, 0xFF15, 0xFEF5, 0xFEF5, 0xFEF5, 0xFED3, 0xFEB3,
    0xFEB3, 0xFEB3, 0xFEB3, 0xFE93, 0xFED3, 0xFF14, 0xEE52, 0xE673, 0x5206, 0x0820, 0x1880, 0x1881, 0x18C1, 0x2944, 0x3164, 0x3184,
    0x2964, 0x10A1, 0x10A1, 0x10A1, 0x10A1, 0x10A1, 0x18A1, 0x18C2, 0x2102, 0x18C2, 0x18C2, 0x20E2, 0x18A1, 0xA511, 0xF79A, 0xFFFB,
    0xFFBA, 0xFFDA, 0xFFB9, 0xFF78, 0xFFFD, 0xC5B2, 0x7264, 0x9C6E, 0xFFFD, 0xFFBC, 0xFFBC, 0xFFBC, 0xFFDC, 0xFFFD, 0xFFFE, 0xFFFE,
    0xFFFE, 0xFFFE, 0xFFFE, 0xFFFE, 0xFFFE, 0xFFFE, 0xFFFE, 0xFFFE, 0xFFFD, 0xFFDD, 0xFFDC, 0xFFFE, 0xFFFE, 0xFFFE, 0xFFFE, 0xFFFD,
    0xFFFC, 0xFFFD, 0xFFFE, 0xFFFE, 0xFFFE, 0xFFFE, 0xFFDC, 0xFFDD, 0xFFFD, 0xFFDC, 0xFFBC, 0xFFBC, 0xFFBB, 0xFFDC, 0xFFFD, 0xFFDD,
    0xFFFE, 0xFFFD, 0xFFDD, 0xFFBC, 0xFFBC, 0xFFBC, 0xFFBC, 0xFFBC, 0xFFBC, 0xFFDD, 0xFFFD, 0xFFFE, 0xFFFE, 0xFFFE, 0xFFDD, 0xFF9C,
    0xFFFD, 0xFFDD, 0xF77B, 0xF77B, 0xF77B, 0xF79B, 0xF79B, 0xF77B, 0xF77B, 0xF79B, 0xFFDC, 0xFFBC, 0xFFBC, 0xFFBC, 0xFFBC, 0xFFBC,
    0xFFBC, 0xF79B, 0xFF9B, 0xF77B, 0xF77B, 0xF73A, 0xEF3A, 0xEF3A, 0xEF3A, 0xF73A, 0xF73A, 0xF71A, 0xEF1A, 0xEF1A, 0xEF1A, 0xEF1A,
    0xEF1A, 0xEF1A, 0xEF19, 0xEEF9, 0xEEF9, 0xEEF9, 0xE6D8, 0xF75A, 0x5AC9, 0x0861, 0x0840, 0x0840, 0x0840, 0x0860, 0x0860, 0x0860,
    0x0860, 0x0860, 0x0860, 0x0860, 0x1081, 0x10A1, 0x10A1, 0x10A1, 0x10A1, 0x18A1, 0x0820, 0xC571, 0xFF97, 0xFED5, 0xFEF6, 0xFEF5,
    0xFF57, 0xFFDA, 0xFFDB, 0xFFDA, 0xFFB9, 0xFF78, 0xFF78, 0xFF78, 0xFF57, 0xFED5, 0xFED5, 0xFED5, 0xFED4, 0xFEB5, 0xFEB4, 0xFEB4,
    0xFEB4, 0xFEB4, 0xFEB4, 0xF6B4, 0xF6B4, 0xFEB4, 0xFEB4, 0xFEB4, 0xFEB4, 0xFEB4, 0xFEB4, 0xF716, 0xFF79, 0xFFDB, 0xFFDB, 0xFFDB,
    0xFFDB, 0xFFDB, 0xFFDB, 0xFFDB, 0xFFDB, 0xFFDB, 0xFFDB, 0xFFDB, 0xFFDB, 0xFFDB, 0xFFDB, 0xFFBB, 0xFFDB, 0xFFDB, 0xFFBB, 0xFFBA,
    0xFFDB, 0xFFDB, 0xFFBB, 0xFFDB, 0xFFDB, 0xFFDB, 0xF738, 0xF6F6, 0xF6B5, 0xF6D5, 0xF6D5, 0xFED5, 0xFEB5, 0xFED5, 0xFED5, 0xFEB5,
    0xFED3, 0xFED3, 0xFED3, 0xFED4, 0xFED4, 0xFED3, 0xFED4, 0xFEF4, 0xFF15, 0xFF15, 0xFF15, 0xFEF5, 0xFF15, 0xFEF5, 0xFED3, 0xFED3,
    0xFED3, 0xFEB3, 0xFEB3, 0xFEF4, 0xE652, 0xCD90, 0x5A46, 0x20A1, 0x39A4, 0x41E5, 0x39C5, 0x39A5, 0x3164, 0x3164, 0x3184, 0x3184,
    0x3164, 0x18E2, 0x1081, 0x18A1, 0x10A1, 0x10A1, 0x10A1, 0x10A1, 0x2964, 0x31A5, 0x2944, 0x2123, 0x2943, 0x18A1, 0x738B, 0xE717,
    0xFFFC, 0xFFBA, 0xFFBA, 0xF758, 0xA48E, 0xACAE, 0xEF19, 0xF79B, 0xFFBC, 0xFFFD, 0xFFDD, 0xFF9C, 0xFFBC, 0xFFBC, 0xFFDD, 0xFFFE,
    0xFFFE, 0xFFFE, 0xFFFE, 0xFFFE, 0xFFFE, 0xFFFE, 0xFFFE, 0xFFFD, 0xFFFD, 0xFFBC, 0xFFBC, 0xFFFD, 0xFFFD, 0xFFFE, 0xFFFE, 0xFFFD,
    0xFFFD, 0xFFFD, 0xFFFE, 0xFFFE, 0xFFFE, 0xFFFD, 0xFFDC, 0xFFDC, 0xFFDC, 0xFFDC, 0xFFBC, 0xFFBB, 0xFFBC, 0xFFBC, 0xFFDC, 0xFFBC,
    0xFFBC, 0xFFBC, 0xFFBC, 0xFFBC, 0xFFDC, 0xFFBC, 0xFFBC, 0xFFBC, 0xFFBC, 0xFFBC, 0xFFBC, 0xFFFD, 0xFFFE, 0xFFFE, 0xFFDD, 0xF7BC,
    0xFFBC, 0xFF9C, 0xF77B, 0xF75B, 0xF75A, 0xF77B, 0xF77B, 0xF77B, 0xF77B, 0xF79B, 0xFFBC, 0xFFBC, 0xFFDD, 0xFFDC, 0xFFBC, 0xFFBC,
    0xFF9B, 0xF77A, 0xF75A, 0xF75A, 0xF75A, 0xEF19, 0xEF19, 0xEF19, 0xEF1A, 0xF73A, 0xF73A, 0xF71A, 0xEF1A, 0xF71A, 0xF71A, 0xF71A,
    0xEF1A, 0xEF3A, 0xFFBC, 0xFFBC, 0xFF9B, 0xF73A, 0xEF19, 0xE6F9, 0xEF19, 0x5AA9, 0x0000, 0x0860, 0x0840, 0x0860, 0x0861, 0x0881,
    0x0881, 0x0881, 0x0881, 0x0860, 0x0860, 0x0880, 0x1081, 0x10A1, 0x1081, 0x2902, 0xB4EF, 0xEE94, 0xFEF5, 0xFEF5, 0xFEF5, 0xFEF5,
    0xFF16, 0xFF58, 0xFF58, 0xFF78, 0xFF37, 0xFED5, 0xFED5, 0xFEB5, 0xFEB5, 0xFED5, 0xFED5, 0xFED5, 0xFED5, 0xFED5, 0xFED5, 0xFED5,
    0xFED5, 0xFED5, 0xFED5, 0xFEB4, 0xFED4, 0xF6B4, 0xF6B4, 0xF6B4, 0xFED4, 0xFED4, 0xFED4, 0xFED5, 0xFEF6, 0xFF99, 0xFFDB, 0xFFDB,
    0xFFDB, 0xFFDB, 0xFFDB, 0xFFDB, 0xFFDB, 0xFFDB, 0xFFDB, 0xFFDB, 0xFFDB, 0xFFDB, 0xFFDB, 0xFFDB, 0xFFDB, 0xFFBB, 0xFFBB, 0xFFDB,
    0xFFDB, 0xFFDB, 0xFFDB, 0xFFDB, 0xFFDB, 0xFFDB, 0xFFFC, 0xFFBA, 0xF6D6, 0xF6D5, 0xF6B5, 0xF6B5, 0xFED5, 0xFED5, 0xFED5, 0xFED5,
    0xFED3, 0xFED3, 0xFEB3, 0xFEB3, 0xFED3, 0xFEB3, 0xFED3, 0xFEF4, 0xFEF4, 0xFEF4, 0xFEF5, 0xFEF5, 0xFEF5, 0xFEF4, 0xFED3, 0xFED3,
    0xFED4, 0xFED4, 0xF693, 0xF6F4, 0xA46C, 0x1881, 0x2903, 0x39A5, 0x39C5, 0x39A5, 0x39A5, 0x39A5, 0x3164, 0x2944, 0x2964, 0x2943,
    0x2944, 0x3164, 0x2923, 0x2943, 0x18E2, 0x18C2, 0x1081, 0x1081, 0x2964, 0x3185, 0x2103, 0x18E2, 0x18E2, 0x2103, 0x1081, 0x5246,
    0xB571, 0xFFBA, 0xFFFC, 0xD634, 0x8349, 0xBD72, 0xFFDC, 0xFFDD, 0xFFFD, 0xFFFE, 0xFFFE, 0xFFBC, 0xFFBC, 0xFFBC, 0xFFBC, 0xFFFE,
    0xFFFE, 0xFFFE, 0xFFFE, 0xFFFE, 0xFFFE, 0xFFFE, 0xFFFE, 0xFFDD, 0xFFBC, 0xF7BB, 0xFFDC, 0xFFBC, 0xFFDC, 0xFFFE, 0xFFFE, 0xFFFD,
    0xFFFD, 0xFFFE, 0xFFFE, 0xFFFE, 0xFFFE, 0xFFDC, 0xFFDC, 0xFFDC, 0xFFDC, 0xFFDC, 0xFFBC, 0xFFBB, 0xFFBC, 0xFFBC, 0xF79B, 0xFF9B,
    0xFF9B, 0xFFBC, 0xFFBC, 0xFFBC, 0xFFBC, 0xFFBC, 0xFFBC, 0xFFBC, 0xFFBC, 0xFFBC, 0xFFBC, 0xFF9C, 0xF77B, 0xF79B, 0xF79B, 0xF77B,
    0xF77B, 0xF75B, 0xF75A, 0xF75A, 0xF75A, 0xF75A, 0xF75A, 0xF75A, 0xF77B, 0xFFDD, 0xFFFD, 0xFFDD, 0xFFBC, 0xFFBC, 0xFFDC, 0xFFBC,
    0xF75B, 0xF77A, 0xF75A, 0xF739, 0xEF19, 0xEF19, 0xEF19, 0xEF19, 0xEF19, 0xEF19, 0xEF3A, 0xEF19, 0xEEF9, 0xEEF9, 0xEF19, 0xEF1A,
    0xEF19, 0xF73A, 0xFFDC, 0xFFDC, 0xFFDC, 0xFFDC, 0xFFDC, 0xF79B, 0xF75B, 0xCE56, 0x3165, 0x0000, 0x0860, 0x0860, 0x0861, 0x0881,
    0x0881, 0x1081, 0x1081, 0x1081, 0x1081, 0x1081, 0x10A1, 0x10A1, 0x1881, 0xBD92, 0xFF98, 0xFF78, 0xFF78, 0xFF99, 0xFF99, 0xFF99,
    0xFF99, 0xFF58, 0xFEF6, 0xFED5, 0xF6D5, 0xFED5, 0xFED5, 0xFEF5, 0xFEF5, 0xFEF5, 0xFEF5, 0xFED5, 0xFED5, 0xFED5, 0xFED5, 0xFED5,
    0xFED5, 0xFED5, 0xFED5, 0xFED5, 0xFED4, 0xFED4, 0xFED4, 0xFED4, 0xFED4, 0xFED4, 0xF6D4, 0xFED5, 0xFED5, 0xF6D5, 0xFF99, 0xFFDB,
    0xFFDB, 0xFFDB, 0xFFDB, 0xFFDB, 0xFFDB, 0xFFDB, 0xFFDB, 0xFFDB, 0xFFDB, 0xFFDB, 0xFFDB, 0xFFDB, 0xFFBB, 0xFFDB, 0xFFDB, 0xFFDB,
    0xFFDC, 0xFFDB, 0xFFDB, 0xFFDB, 0xFFDB, 0xFFDB, 0xFFDB, 0xFFDB, 0xFFBB, 0xF717, 0xF6B5, 0xF6D5, 0xFED5, 0xFEB5, 0xFEB5, 0xFED5,
    0xFED3, 0xFED3, 0xFEB3, 0xFEB3, 0xFED3, 0xFED3, 0xFED3, 0xFED3, 0xFED4, 0xFEF4, 0xFF14, 0xFEF4, 0xFEF4, 0xFED3, 0xFED3, 0xFED3,
    0xFEB3, 0xFF75, 0xD5F1, 0x30C2, 0x3143, 0x41E6, 0x41E6, 0x41E6, 0x3164, 0x2923, 0x2923, 0x2943, 0x2102, 0x2102, 0x2943, 0x10A1,
    0x1081, 0x18E2, 0x2103, 0x1902, 0x18E2, 0x18C2, 0x1081, 0x0860, 0x18C2, 0x2103, 0x2103, 0x18E2, 0x18E2, 0x18E2, 0x2103, 0x18C2,
    0x20C1, 0xAD31, 0xC615, 0x7B6B, 0xE6F9, 0xFFFC, 0xF77A, 0xFFFE, 0xFFFE, 0xFFFE, 0xFFFE, 0xFFFE, 0xFFBC, 0xFFBC, 0xFFBC, 0xFFBD,
    0xFFFE, 0xFFFE, 0xFFFE, 0xFFFE, 0xFFFE, 0xFFFE, 0xFFFE, 0xFFBC, 0xF79B, 0xF79B, 0xFF9B, 0xFFBC, 0xFFDD, 0xFFFE, 0xFFFD, 0xFFDD,
    0xFFDD, 0xFFFD, 0xFFFD, 0xFFFD, 0xFFFE, 0xFFFD, 0xFFFD, 0xFFFD, 0xFFFE, 0xFFFD, 0xF7BC, 0xFFDC, 0xFFBC, 0xFFBC, 0xF79B, 0xF79B,
    0xF79B, 0xFFDC, 0xFFDD, 0xFFDD, 0xFFDC, 0xFFBC, 0xFFBC, 0xFFBC, 0xFFBC, 0xFFBC, 0xFFBC, 0xF77B, 0xF75B, 0xF75B, 0xF75B, 0xF75B,
    0xF75A, 0xF75A, 0xEF5A, 0xEF5A, 0xEF5A, 0xF75A, 0xF79B, 0xF79C, 0xFFBC, 0xFFFE, 0xFFFE, 0xFFFE, 0xFFDC, 0xF79B, 0xFF9B, 0xFF9B,
    0xF75B, 0xF75A, 0xF739, 0xEF19, 0xEF19, 0xEF19, 0xEF19, 0xEF19, 0xEEF9, 0xEEF9, 0xEEF9, 0xEEF9, 0xEED8, 0xEED9, 0xEEF9, 0xEF19,
    0xEF19, 0xF73A, 0xFFBC, 0xFFBC, 0xFFDC, 0xFFDC, 0xFFFD, 0xFFFD, 0xFFBC, 0xFFFE, 0xBD94, 0x3185, 0x0020, 0x0860, 0x0880, 0x0881,
    0x0881, 0x1081, 0x1081, 0x1081, 0x1081, 0x1081, 0x10A1, 0x1081, 0x4A26, 0xEF59, 0xFFFB, 0xFFDA, 0xFFDB, 0xFFDB, 0xFFDB, 0xFFDB,
    0xFFDB, 0xFFFB, 0xFF78, 0xFEF5, 0xFED5, 0xFED5, 0xFED5, 0xFEF5, 0xFEF5, 0xFEF5, 0xFEF5, 0xFEF5, 0xFEF5, 0xFED5, 0xFEF5, 0xFED5,
    0xFEF5, 0xFED5, 0xFED5, 0xFEF5, 0xFEF5, 0xFEF4, 0xFED4, 0xFEF4, 0xFEF4, 0xF6D4, 0xF6D4, 0xF6D4, 0xFED5, 0xFED5, 0xF6D5, 0xF758,
    0xFFFB, 0xFFDB, 0xFFDB, 0xFFDB, 0xFFDB, 0xFFDB, 0xFFDB, 0xFFDB, 0xFFDB, 0xFFDB, 0xFFDB, 0xFFDB, 0xFFDB, 0xFFDB, 0xFFDB, 0xFFDB,
    0xFFDC, 0xFFDB, 0xFFDB, 0xFFDC, 0xFFDC, 0xFFDB, 0xFFDB, 0xFFDB, 0xFFDB, 0xFF9A, 0xFF58, 0xF6D6, 0xF6B5, 0xF6B5, 0xFEB5, 0xFED5,
    0xFED3, 0xFED3, 0xFEB3, 0xFEB3, 0xFED3, 0xFED3, 0xFED3, 0xFED3, 0xFED3, 0xFED4, 0xFEF4, 0xFEF4, 0xFED3, 0xFED3, 0xFED3, 0xFED3,
    0xFF14, 0xCD70, 0x5247, 0x2902, 0x3164, 0x39C6, 0x39C6, 0x3184, 0x20E2, 0x18E2, 0x20E2, 0x2102, 0x18C1, 0x18C1, 0x2923, 0x18E2,
    0x10A1, 0x0860, 0x0860, 0x0861, 0x10C2, 0x18C2, 0x1081, 0x0860, 0x1081, 0x18C2, 0x18E2, 0x18E2, 0x18E2, 0x18E2, 0x18E2, 0x2103,
    0x2943, 0x1881, 0x0000, 0xBDB4, 0xFFBB, 0xF75A, 0xFFBC, 0xFFFE, 0xFFFE, 0xFFFE, 0xFFFE, 0xFFFE, 0xFFFE, 0xFFBC, 0xFFBC, 0xFFBC,
    0xFFFE, 0xFFFE, 0xFFFE, 0xFFFE, 0xFFFE, 0xFFFE, 0xFFFD, 0xFFBC, 0xF79B, 0xF79B, 0xFF9B, 0xFFFD, 0xFFFE, 0xFFFE, 0xFFFD, 0xFFFD,
    0xFFDD, 0xFFDC, 0xFFDD, 0xFFFE, 0xFFFE, 0xFFFE, 0xFFFE, 0xFFFE, 0xFFFD, 0xFFFE, 0xFFFE, 0xFFDD, 0xFFBC, 0xFFBC, 0xFF9C, 0xF79B,
    0xF79B, 0xFFFD, 0xFFFD, 0xFFDD, 0xFFDC, 0xFFBC, 0xFFBC, 0xFFBC, 0xFFBC, 0xFFBC, 0xF79B, 0xF77B, 0xF75B, 0xF75B, 0xF75B, 0xF75A,
    0xF75A, 0xF75B, 0xF75B, 0xF75A, 0xF75A, 0xF75B, 0xFFFD, 0xFFFE, 0xFFDC, 0xFFBC, 0xFF9C, 0xF79C, 0xF79B, 0xF77B, 0xF77B, 0xF77B,
    0xF77B, 0xF75A, 0xEF19, 0xEF19, 0xEF19, 0xEF19, 0xEF1A, 0xEF39, 0xEF39, 0xEF19, 0xEEF9, 0xEEF8, 0xEED8, 0xEEF8, 0xEEF8, 0xEEF9,
    0xEF19, 0xEF3A, 0xFFBC, 0xFFDC, 0xFFDC, 0xFFDC, 0xF79B, 0xF75A, 0xF75B, 0xF73A, 0xFFDC, 0xAD32, 0x0000, 0x1080, 0x1080, 0x0881,
    0x1081, 0x1081, 0x1081, 0x1081, 0x1081, 0x1081, 0x1081, 0x10A1, 0xCE35, 0xFFFB, 0xFFBA, 0xFFDA, 0xFFDA, 0xFFDB, 0xFFDB, 0xFFDB,
    0xFFDB, 0xFFDB, 0xFFDB, 0xFF99, 0xF6F5, 0xFED5, 0xFED5, 0xFEF5, 0xFEF5, 0xFEF5, 0xFEF5, 0xFED5, 0xFED5, 0xFEF5, 0xFEF5, 0xFEF5,
    0xFEF5, 0xFEF5, 0xFEF5, 0xFEF5, 0xFEF5, 0xFEF5, 0xFEF4, 0xFEF4, 0xFEF4, 0xF6D4, 0xF6D4, 0xF6B4, 0xFED5, 0xFED5, 0xFED4, 0xFED5,
    0xFF78, 0xFFDB, 0xFFDB, 0xFFDB, 0xFFDB, 0xFFDB, 0xFFDB, 0xFFDB, 0xFFDB, 0xFFDB, 0xFFDB, 0xFFDB, 0xFFDB, 0xFFDB, 0xFFDB, 0xFFDB,
    0xFFDB, 0xFFDB, 0xFFDB, 0xFFDB, 0xFFDB, 0xFFDB, 0xFFDB, 0xFFDB, 0xFFDB, 0xFFDB, 0xFFDA, 0xF737, 0xF6D5, 0xF6B5, 0xF6D5, 0xFED5,
    0xFED3, 0xFED3, 0xFED3, 0xFED3, 0xFED3, 0xFED3, 0xFED3, 0xFEB3, 0xFEB3, 0xFED3, 0xFED3, 0xFED3, 0xFEB3, 0xFEB3, 0xFED3, 0xF6B3,
    0xFF55, 0xA46D, 0x0820, 0x4A27, 0x4206, 0x39E6, 0x39C5, 0x2923, 0x20E2, 0x18E2, 0x18E1, 0x18C1, 0x18A1, 0x18C1, 0x2103, 0x2103,
    0x18E2, 0x10A1, 0x0881, 0x0860, 0x10A1, 0x10C2, 0x0861, 0x0861, 0x1081, 0x10C1, 0x18C2, 0x18E2, 0x18E2, 0x18E2, 0x18E2, 0x18E2,
    0x3164, 0x2923, 0x0840, 0xBDB3, 0xFFBC, 0xF75A, 0xFF9B, 0xFFDD, 0xFFFE, 0xFFFE, 0xFFFE, 0xFFFE, 0xFFFE, 0xFFBC, 0xFFBC, 0xFFDD,
    0xFFFE, 0xFFFE, 0xFFFE, 0xFFFE, 0xFFFE, 0xFFFE, 0xFFBC, 0xFF9B, 0xFF9B, 0xFF9B, 0xFF9C, 0xFFFD, 0xFFFD, 0xFFDD, 0xFFFD, 0xFFFD,
    0xFFDD, 0xFFBC, 0xFFDD, 0xFFFE, 0xFFFE, 0xFFFE, 0xFFFD, 0xFFDD, 0xFFDD, 0xFFFE, 0xFFDE, 0xFFDD, 0xFFBC, 0xFFDD, 0xFFBC, 0xFFBC,
    0xFFBC, 0xFFDD, 0xFFDD, 0xFFDC, 0xFFDD, 0xFFDC, 0xFFDC, 0xFFBC, 0xFF9B, 0xF77B, 0xF77B, 0xF77B, 0xF77B, 0xF77B, 0xF75B, 0xF75B,
    0xF75A, 0xFF9B, 0xFFFD, 0xFFDD, 0xFFDD, 0xFFDD, 0xFFFD, 0xFFFD, 0xFFFD, 0xFFDD, 0xFFBC, 0xFFBC, 0xFFBC, 0xFFBC, 0xFF9B, 0xF77B,
    0xFF5B, 0xF75B, 0xF719, 0xEF19, 0xEF19, 0xF719, 0xF75A, 0xFFBB, 0xFFBC, 0xF75A, 0xEEF9, 0xEEF8, 0xEEF8, 0xEEF8, 0xEEF8, 0xEEF9,
    0xEEF9, 0xF73A, 0xFF9B, 0xF7BB, 0xF79B, 0xF79B, 0xF75A, 0xF75A, 0xEF19, 0xEF19, 0xEF19, 0xE6B8, 0xBD94, 0x2903, 0x0000, 0x0860,
    0x1081, 0x0880, 0x0880, 0x1081, 0x1081, 0x1081, 0x18C1, 0x0000, 0x5AA7, 0xFFFC, 0xFFDA, 0xFFDB, 0xFFDB, 0xFFDB, 0xFFDB, 0xFFDB,
    0xFFDB, 0xFFDB, 0xFFDB, 0xFFDB, 0xFF99, 0xFEF6, 0xFED5, 0xFEF5, 0xFEF5, 0xFED6, 0xFEF5, 0xFED5, 0xFEF5, 0xFEF5, 0xFEF5, 0xFEF6,
    0xFEF5, 0xFEF5, 0xFEF5, 0xFEF5, 0xFEF5, 0xFEF5, 0xFEF5, 0xFEF5, 0xFEF4, 0xFED4, 0xF6D4, 0xFED5, 0xFED5, 0xFED5, 0xFED5, 0xFEB5,
    0xF6D5, 0xFF38, 0xFFBA, 0xFFBB, 0xFFDA, 0xFFDA, 0xFFDA, 0xFFDB, 0xFFDB, 0xFFDB, 0xFFDB, 0xFFDB, 0xFFDB, 0xFFDB, 0xFFDB, 0xFFDB,
    0xFFDB, 0xFFDB, 0xFFDB, 0xFFDB, 0xFFDB, 0xFFDB, 0xFFDB, 0xFFDB, 0xFFDB, 0xFFBB, 0xFFBB, 0xFFDB, 0xFF79, 0xF716, 0xFED5, 0xFEB5,
    0xFED3, 0xFED3, 0xFED3, 0xFED3, 0xFED3, 0xFED4, 0xFED3, 0xFED3, 0xFED3, 0xFED3, 0xFED3, 0xFED3, 0xFF14, 0xFED3, 0xFF35, 0x93CB,
    0x3964, 0x3964, 0x2903, 0x39C5, 0x39C5, 0x39C5, 0x2964, 0x2102, 0x20E2, 0x1080, 0x18A1, 0x18A1, 0x18A1, 0x10A1, 0x10A1, 0x18C2,
    0x18E2, 0x18E2, 0x0860, 0x0840, 0x0860, 0x0860, 0x0860, 0x0881, 0x1081, 0x10A1, 0x10A1, 0x10A1, 0x10A1, 0x10C2, 0x18E2, 0x18E2,
    0x3164, 0x2923, 0x1060, 0xCE35, 0xFFDC, 0xEF5A, 0xF75A, 0xF77B, 0xFFFD, 0xFFFE, 0xFFFE, 0xFFFE, 0xFFFE, 0xFFBC, 0xFFDD, 0xFFFE,
    0xFFFE, 0xFFFE, 0xFFFE, 0xFFFE, 0xFFFE, 0xFFFD, 0xFFBC, 0xF79B, 0xF79B, 0xF79B, 0xFF9B, 0xFFFD, 0xFFDD, 0xFFBC, 0xFFDD, 0xFFFD,
    0xFFDD, 0xFFBC, 0xFFDD, 0xFFFE, 0xFFFE, 0xFFFE, 0xFFDD, 0xFFDD, 0xFFFE, 0xFFFE, 0xFFBC, 0xFFBC, 0xFFDC, 0xFFFD, 0xFFFD, 0xFFDD,
    0xFFFC, 0xFFDD, 0xFFDD, 0xFFBC, 0xF79B, 0xFF9B, 0xFF9B, 0xFFBC, 0xFFBC, 0xF77B, 0xF75B, 0xF77B, 0xF77B, 0xF77B, 0xF73A, 0xF71A,
    0xF73A, 0xF77B, 0xFFDC, 0xFFDD, 0xFFDD, 0xFFDD, 0xFFDC, 0xFFBC, 0xFFDD, 0xFFDD, 0xFFBD, 0xFFDD, 0xFFDD, 0xFFDD, 0xFFBC, 0xF75B,
    0xF75A, 0xF739, 0xEF19, 0xF719, 0xF6F9, 0xF71A, 0xF73A, 0xF73A, 0xF73A, 0xF75B, 0xF739, 0xEED8, 0xEEF8, 0xEEF8, 0xEEF8, 0xEEF8,
    0xEEF8, 0xF739, 0xF75A, 0xF73A, 0xF75B, 0xF77B, 0xFF9B, 0xFF9B, 0xEF19, 0xEF19, 0xEF19, 0xEF19, 0xF719, 0xB532, 0xB552, 0x5AC9,
    0x0000, 0x1081, 0x0860, 0x0880, 0x18A1, 0x10A1, 0x0000, 0x3164, 0xA511, 0xFFFB, 0xFFDB, 0xFFDB, 0xFFDB, 0xFFDB, 0xFFDB, 0xFFDB,
    0xFFDB, 0xFFDB, 0xFFDB, 0xFFDB, 0xFFDB, 0xFF99, 0xFF16, 0xFED5, 0xFEF5, 0xFED6, 0xFED5, 0xFED5, 0xFED5, 0xFED5, 0xFEF6, 0xFF16,
    0xFEF6, 0xFEF5, 0xFEF5, 0xFEF5, 0xFEF5, 0xFEF5, 0xFEF5, 0xFEF5, 0xFED5, 0xFED5, 0xFED5, 0xFED5, 0xFED5, 0xF6D5, 0xFED5, 0xFED5,
    0xFEB4, 0xFEB4, 0xFF78, 0xFFBA, 0xFFBA, 0xFFBA, 0xFFBA, 0xFFBA, 0xFFDB, 0xFFDB, 0xFFDB, 0xFFDB, 0xFFDB, 0xFFDB, 0xFFDB, 0xFFDB,
    0xFFDB, 0xFFDB, 0xFFDB, 0xFFDB, 0xFFDB, 0xFFDB, 0xFFDB, 0xFFDB, 0xFFDB, 0xFFDB, 0xFFBB, 0xFFBB, 0xFFDB, 0xFFBB, 0xFF37, 0xFEF6,
    0xFED3, 0xFED3, 0xFED3, 0xFED3, 0xFED3, 0xFED3, 0xFED3, 0xFED3, 0xFED3, 0xFEB3, 0xFED3, 0xFEF4, 0xBD2E, 0x5A46, 0x5205, 0x3942,
    0x2943, 0x3184, 0x39C6, 0x3164, 0x2123, 0x2923, 0x2123, 0x2102, 0x18E2, 0x18C1, 0x18C1, 0x18C1, 0x10A1, 0x1080, 0x1081, 0x10A1,
    0x18C2, 0x18E2, 0x18C2, 0x0881, 0x0840, 0x0840, 0x0860, 0x0881, 0x1081, 0x10A1, 0x10A1, 0x10A1, 0x1081, 0x10A1, 0x1081, 0x18E2,
    0x2943, 0x1060, 0x0000, 0x6B2A, 0xF77A, 0xFF9B, 0xFFBC, 0xFFBC, 0xFFFD, 0xFFFE, 0xFFFE, 0xFFFE, 0xFFFE, 0xFFFE, 0xFFFE, 0xFFFE,
    0xFFFE, 0xFFFE, 0xFFFE, 0xFFFE, 0xFFFD, 0xFF9C, 0xFF9C, 0xFF9B, 0xFF9B, 0xFFDD, 0xFFDD, 0xFFFD, 0xFFDD, 0xFFBC, 0xFFBC, 0xFFDD,
    0xFFDC, 0xFFBC, 0xFFDC, 0xFFFD, 0xFFFD, 0xFFFD, 0xFFFE, 0xFFFE, 0xFFDD, 0xFFBC, 0xFFBC, 0xF77B, 0xF77B, 0xFFDD, 0xFFDD, 0xFFDC,
    0xFFDC, 0xFFDD, 0xFFDC, 0xFF9B, 0xF77B, 0xF77B, 0xF77B, 0xFF9B, 0xF79B, 0xF77B, 0xF75B, 0xF77B, 0xEF3A, 0xEF19, 0xEF19, 0xEF19,
    0xF71A, 0xF73A, 0xF75A, 0xF75A, 0xF77B, 0xFF9B, 0xFF9B, 0xFFBC, 0xFFBC, 0xFFBC, 0xFFBC, 0xFFBD, 0xFFBD, 0xFFDC, 0xF75B, 0xF75B,
    0xF739, 0xEF19, 0xEF19, 0xEEF9, 0xEEF9, 0xF739, 0xF73A, 0xF73A, 0xF73A, 0xF73A, 0xF739, 0xEED8, 0xEEF8, 0xEEF8, 0xEEF9, 0xEEF9,
    0xEEF9, 0xF73A, 0xF75B, 0xF75A, 0xFFBC, 0xFFBC, 0xF77B, 0xEEF9, 0xEEF9, 0xEF19, 0xEF19, 0xEF19, 0xEED9, 0xF73A, 0xFF7B, 0xDE77,
    0x4206, 0x0000, 0x10A1, 0x0860, 0x0820, 0x1040, 0x62E9, 0xB593, 0xFFFE, 0xFFDA, 0xFFDB, 0xFFDB, 0xFFDB, 0xFFDB, 0xFFDB, 0xFFDB,
    0xFFDB, 0xFFDB, 0xFFDB, 0xFFDB, 0xFFDB, 0xFFFB, 0xFF79, 0xFF16, 0xFED5, 0xFEF6, 0xFEF6, 0xFED5, 0xFED5, 0xFED5, 0xFED5, 0xFED5,
    0xFED5, 0xFEF5, 0xFEF5, 0xFED5, 0xFED4, 0xFED5, 0xFEF5, 0xFEF5, 0xFED5, 0xFED5, 0xFED5, 0xFED5, 0xFED5, 0xFED5, 0xFED5, 0xFEB5,
    0xFEB4, 0xFED5, 0xF6D5, 0xFF16, 0xFF99, 0xFFBA, 0xFFBA, 0xFFBA, 0xFFBA, 0xFFDA, 0xFFDB, 0xFFBB, 0xFFDA, 0xFFDA, 0xFFDA, 0xFFDA,
    0xFFDB, 0xFFDB, 0xFFDB, 0xFFDB, 0xFFDB, 0xFFDB, 0xFFDB, 0xFFDB, 0xFFDB, 0xFFDB, 0xFFDB, 0xFF9A, 0xFF9A, 0xFF9A, 0xFF9A, 0xFF57,
    0xFED3, 0xFED3, 0xFED4, 0xFED4, 0xFED4, 0xFED4, 0xFED4, 0xFEF4, 0xFEF5, 0xFEF5, 0xF6F5, 0xACAE, 0x20A1, 0x18A1, 0x2903, 0x2944,
    0x39C5, 0x39A5, 0x3184, 0x3164, 0x2903, 0x2923, 0x2122, 0x2102, 0x18E2, 0x2102, 0x2103, 0x2103, 0x18E2, 0x10A1, 0x1081, 0x1081,
    0x10A1, 0x10A1, 0x10C2, 0x10A1, 0x0881, 0x0860, 0x0840, 0x0860, 0x10A1, 0x10A1, 0x10A1, 0x10A1, 0x10A1, 0x10C2, 0x1081, 0x18C2,
    0x18E2, 0x7BCD, 0x8C4F, 0x840E, 0xEF3A, 0xFF9B, 0xFFFD, 0xFFFE, 0xFFFE, 0xFFFE, 0xFFFE, 0xFFFE, 0xFFFE, 0xFFFE, 0xFFFE, 0xFFFE,
    0xFFFD, 0xFFDD, 0xFFFE, 0xFFFE, 0xFFDC, 0xFF9C, 0xFF9C, 0xFF9C, 0xFFBC, 0xFFFD, 0xFFFD, 0xFFFD, 0xFFDC, 0xFFBC, 0xFFBC, 0xFFDC,
    0xFFDC, 0xFFDC, 0xFFBC, 0xFFDD, 0xFFFD, 0xFFFE, 0xFFFE, 0xFFFE, 0xFFBC, 0xFFBC, 0xFFBB, 0xF77B, 0xF75B, 0xFFDC, 0xFFDC, 0xFF9B,
    0xFFBC, 0xFFBC, 0xFFBC, 0xF77B, 0xF77B, 0xF77B, 0xF77B, 0xF75A, 0xF75A, 0xF75A, 0xF75A, 0xF75A, 0xEF19, 0xEEF9, 0xEF19, 0xEF19,
    0xF73A, 0xEF19, 0xEF19, 0xF71A, 0xEF3A, 0xEF39, 0xF75A, 0xFFBC, 0xFFBC, 0xFF7B, 0xFFBC, 0xFFDD, 0xFFDD, 0xFFDC, 0xF73A, 0xEF19,
    0xEF19, 0xEEF9, 0xEEF8, 0xEEF8, 0xEEF9, 0xF739, 0xF73A, 0xF73A, 0xF73A, 0xEEF8, 0xEED8, 0xEED8, 0xEED8, 0xEEB8, 0xEED8, 0xEEF8,
    0xEEF8, 0xEF19, 0xF719, 0xF739, 0xF75A, 0xF75A, 0xEF19, 0xEEF9, 0xEF19, 0xEF19, 0xEF19, 0xEF19, 0xEED8, 0xF73A, 0xF77B, 0xFF9B,
    0xD615, 0x7B6C, 0x0800, 0x2923, 0x8C0D, 0x83EC, 0xF799, 0xFFFC, 0xFFDA, 0xFFDB, 0xFFDB, 0xFFDB, 0xFFDB, 0xFFDB, 0xFFDB, 0xFFDB,
    0xFFDB, 0xFFDB, 0xFFDB, 0xFFDB, 0xFFDB, 0xFFDB, 0xFFFB, 0xFF99, 0xF6F6, 0xFEF5, 0xFEF6, 0xFED5, 0xFED5, 0xFED5, 0xFED5, 0xFED5,
    0xFED5, 0xFED5, 0xFED5, 0xFEB5, 0xFEB4, 0xFED4, 0xFEF5, 0xFEF5, 0xFED5, 0xFED5, 0xFED5, 0xFED5, 0xFED5, 0xFED5, 0xFEB5, 0xFEB5,
    0xFEB5, 0xF6B5, 0xFE94, 0xFEB4, 0xFF37, 0xFF99, 0xFFBA, 0xFFDA, 0xFFBA, 0xFFBA, 0xFFBA, 0xFFBA, 0xFFBA, 0xFFBA, 0xFFDA, 0xFFDB,
    0xFFDB, 0xFFDB, 0xFFDB, 0xFFDA, 0xFFBA, 0xFFBA, 0xFF9A, 0xFF9A, 0xFF9A, 0xFF9A, 0xFF99, 0xF6F7, 0xF6B5, 0xF6D6, 0xF6F6, 0xF6F6,
    0xFF36, 0xFF36, 0xFF57, 0xFF98, 0xFF98, 0xFF98, 0xFF98, 0xFF98, 0xFF99, 0xFFB9, 0xEF17, 0x28E2, 0x2102, 0x41E5, 0x41E6, 0x39C5,
    0x39A5, 0x2943, 0x2102, 0x2923, 0x2923, 0x2923, 0x2102, 0x18E2, 0x10A1, 0x10A1, 0x2103, 0x2103, 0x18E2, 0x18E2, 0x10A1, 0x1081,
    0x1081, 0x1081, 0x10A1, 0x10A2, 0x10A2, 0x0861, 0x0040, 0x0860, 0x1081, 0x10A1, 0x1081, 0x10A1, 0x10A1, 0x10C2, 0x10A1, 0x1081,
    0x1080, 0xD697, 0xFFFE, 0xFFFE, 0xFFBC, 0xFFDC, 0xFFFD, 0xFFFE, 0xFFFD, 0xFFFE, 0xFFFE, 0xFFFE, 0xFFFE, 0xFFFE, 0xFFFE, 0xFFFD,
    0xFFDD, 0xFFDC, 0xFFDD, 0xFFFD, 0xFFDC, 0xFFBC, 0xFF9C, 0xFF9C, 0xFFBC, 0xFFFE, 0xFFFD, 0xFFDD, 0xFFBC, 0xFFBC, 0xFFDD, 0xFFDD,
    0xFFDC, 0xFFDC, 0xFFDC, 0xFFDD, 0xFFFD, 0xFFFD, 0xFFFE, 0xFFDD, 0xFFBC, 0xFF9B, 0xF77B, 0xF75A, 0xF75A, 0xF77B, 0xF79B, 0xFF7B,
    0xF77B, 0xF77A, 0xFF9B, 0xF77B, 0xF77B, 0xF75A, 0xF73A, 0xF73A, 0xF75A, 0xF75A, 0xF75A, 0xF73A, 0xEEF9, 0xEEF9, 0xEEF9, 0xEEF9,
    0xEF19, 0xEF19, 0xEF19, 0xEF19, 0xEF19, 0xEF19, 0xF73A, 0xF75A, 0xF75A, 0xF739, 0xF73A, 0xF73A, 0xF73A, 0xF73A, 0xF719, 0xEEF9,
    0xEEF9, 0xEEF9, 0xEEF8, 0xEEF8, 0xEEF8, 0xF719, 0xF739, 0xF73A, 0xF719, 0xEED8, 0xEEB7, 0xEEB7, 0xEED7, 0xEEB7, 0xEEB7, 0xEED8,
    0xEED8, 0xEED8, 0xEED8, 0xEED8, 0xEED8, 0xF73A, 0xF77B, 0xF77B, 0xF73A, 0xEF19, 0xF719, 0xEF19, 0xEED8, 0xEF19, 0xF77B, 0xEF19,
    0xF6F9, 0xE6B7, 0xB511, 0x7B4A, 0xF759, 0xFFFB, 0xFFDA, 0xFFDA, 0xFFDB, 0xFFDB, 0xFFDB, 0xFFDB, 0xFFDB, 0xFFDB, 0xFFDB, 0xFFDB,
    0xFFDB, 0xFFDB, 0xFFDB, 0xFFDB, 0xFFDB, 0xFFDB, 0xFFDB, 0xFFDB, 0xFFB9, 0xFEF6, 0xFEF6, 0xFEF5, 0xFEF5, 0xFED5, 0xFED5, 0xFED5,
    0xFED5, 0xFED5, 0xFED5, 0xFEB4, 0xFEB4, 0xFEB4, 0xFED5, 0xFED5, 0xFED5, 0xFED5, 0xFED5, 0xFED5, 0xFED5, 0xFED5, 0xFEB5, 0xFED5,
    0xFEB5, 0xF6B4, 0xF6B4, 0xFEB4, 0xF6B4, 0xFF37, 0xFFDA, 0xFFDA, 0xFFDA, 0xFFDA, 0xFFDA, 0xFFDA, 0xFFBA, 0xFFBA, 0xFF99, 0xFF79,
    0xFF99, 0xFF99, 0xFF99, 0xFF37, 0xFEB5, 0xF6B5, 0xF6B5, 0xF6B5, 0xF6D5, 0xF6B5, 0xF6D5, 0xF6D5, 0xFEB5, 0xFEB5, 0xF6B5, 0xFEB5,
    0xFFBA, 0xFFBA, 0xFFDA, 0xFFDA, 0xFFDA, 0xFFDA, 0xFFDA, 0xFFDA, 0xFF99, 0xFFFC, 0xB571, 0x18A0, 0x3185, 0x39A5, 0x39A5, 0x3184,
    0x2943, 0x2102, 0x18E2, 0x2123, 0x2123, 0x2123, 0x18E2, 0x18C2, 0x1081, 0x1081, 0x18E2, 0x18E2, 0x18E2, 0x18E2, 0x10A1, 0x10A1,
    0x10A1, 0x10A1, 0x10A1, 0x10A1, 0x10A2, 0x1081, 0x0040, 0x0840, 0x0860, 0x0861, 0x0860, 0x10A1, 0x10A1, 0x10A2, 0x0840, 0x0000,
    0x0840, 0xC5F5, 0xFF7B, 0xF7BC, 0xFFFD, 0xFFFE, 0xFFFE, 0xFFFE, 0xFFFE, 0xFFFE, 0xFFFE, 0xFFFE, 0xFFFE, 0xFFFE, 0xFFFE, 0xFFFD,
    0xFFDD, 0xFFDD, 0xFFDD, 0xFFFD, 0xFFDC, 0xFFBC, 0xFF9C, 0xFF9C, 0xFFBC, 0xFFFD, 0xFFFD, 0xFFDD, 0xFFDC, 0xFFDD, 0xFFFD, 0xFFDD,
    0xFFDD, 0xFFDD, 0xFFFD, 0xFFBC, 0xFF9B, 0xFFDD, 0xFFFD, 0xFFBC, 0xF79B, 0xF79B, 0xF75A, 0xF75A, 0xF75A, 0xF77B, 0xF79B, 0xF77B,
    0xEF19, 0xEF19, 0xFF9B, 0xF79B, 0xF75A, 0xEF19, 0xEED8, 0xEF19, 0xF75A, 0xF73A, 0xF719, 0xEEF9, 0xEF19, 0xEF19, 0xEF19, 0xEF19,
    0xEEF9, 0xEEF8, 0xEF18, 0xF6F8, 0xF718, 0xEF19, 0xF719, 0xEF19, 0xF719, 0xF719, 0xF719, 0xF719, 0xF719, 0xEEF9, 0xEEF9, 0xEEF9,
    0xEEF9, 0xEEF9, 0xEEF9, 0xEEF8, 0xEEF8, 0xEED8, 0xEEF8, 0xEEF8, 0xEEB7, 0xEEB7, 0xEEB8, 0xEEB8, 0xE6B7, 0xE697, 0xEED8, 0xEED8,
    0xEED8, 0xEED8, 0xEED8, 0xEED8, 0xEED8, 0xF719, 0xF73A, 0xF75A, 0xEF19, 0xEF19, 0xF719, 0xEEF9, 0xEEF9, 0xEEF9, 0xEF19, 0xEEF9,
    0xE6B8, 0xEED8, 0xFF3A, 0xD614, 0x93EC, 0x72C7, 0xE6D6, 0xFFDA, 0xFFDB, 0xFFFB, 0xFFDB, 0xFFDB, 0xFFDB, 0xFFDB, 0xFFDB, 0xFFDB,
    0xFFDB, 0xFFDB, 0xFFDB, 0xFFDB, 0xFFDB, 0xFFDB, 0xFFDB, 0xFFDB, 0xFFDB, 0xFFBA, 0xFEF6, 0xFEF5, 0xFED5, 0xFED5, 0xFEF5, 0xFED5,
    0xFED5, 0xFED5, 0xFED5, 0xF6B4, 0xF6B4, 0xF6B4, 0xF6B4, 0xFEB4, 0xFED5, 0xFED5, 0xFED5, 0xFED5, 0xFED5, 0xFED5, 0xFED5, 0xFED5,
    0xFEB5, 0xFEB5, 0xFEB4, 0xF6B4, 0xFEB4, 0xF6D5, 0xF737, 0xFFDA, 0xFFDA, 0xFF99, 0xFF78, 0xFF57, 0xFF57, 0xFF57, 0xF6F5, 0xF6B4,
    0xF6B5, 0xF6B5, 0xF6B5, 0xFEB5, 0xFEB4, 0xFEB4, 0xFEB5, 0xFEB5, 0xFEB4, 0xF6B4, 0xFEB5, 0xFED5, 0xFEB5, 0xF6D5, 0xFED5, 0xFED5,
    0xFFDA, 0xFFDA, 0xFFDA, 0xFFDA, 0xFFBA, 0xFFBA, 0xFFBA, 0xFFB9, 0xFFB9, 0xB571, 0x62A8, 0x18A1, 0x31A5, 0x3184, 0x3164, 0x2923,
    0x18C1, 0x10A1, 0x18C1, 0x18C2, 0x2102, 0x2123, 0x18E2, 0x18C2, 0x0860, 0x1081, 0x18E2, 0x18E2, 0x18E2, 0x10A1, 0x10A1, 0x10A1,
    0x0861, 0x1081, 0x10A2, 0x10A1, 0x10A1, 0x10A2, 0x0881, 0x0040, 0x0860, 0x0860, 0x0860, 0x1081, 0x10A1, 0x0860, 0x4A47, 0x630B,
    0x4227, 0xCE36, 0xF77A, 0xFFBC, 0xFFFE, 0xFFFE, 0xFFFE, 0xFFFE, 0xFFFE, 0xFFFE, 0xFFDD, 0xFFDD, 0xFFFD, 0xFFFE, 0xFFFE, 0xFFFE,
    0xFFDD, 0xFFDD, 0xFFFD, 0xFFFD, 0xFFDC, 0xFFBC, 0xFFDD, 0xFFDD, 0xFFFD, 0xFFFE, 0xFFDD, 0xFFDD, 0xFFFD, 0xFFDD, 0xFFDD, 0xF77B,
    0xF77B, 0xFFDD, 0xFFDD, 0xFFBC, 0xF77B, 0xFFBC, 0xFFFD, 0xFFDD, 0xF77B, 0xF75A, 0xF73A, 0xF719, 0xF719, 0xF73A, 0xF73A, 0xF73A,
    0xEF19, 0xEEF9, 0xFF9B, 0xFF9B, 0xF75A, 0xEF19, 0xEED8, 0xEEF9, 0xEEF9, 0xEEF9, 0xEEF9, 0xEEF9, 0xE6B7, 0xE6B7, 0xE6B7, 0xE6B7,
    0xEED8, 0xEED8, 0xEEF8, 0xF718, 0xF718, 0xF719, 0xF719, 0xF719, 0xF719, 0xF719, 0xF719, 0xF719, 0xF719, 0xF719, 0xEEF8, 0xEED8,
    0xEEF8, 0xEEF8, 0xEEF8, 0xEED8, 0xEED7, 0xEED8, 0xEED8, 0xEEB7, 0xEEB7, 0xEEB7, 0xEED7, 0xEED8, 0xEEB7, 0xE6B7, 0xEEB7, 0xEED8,
    0xEED8, 0xEED8, 0xEED8, 0xEED8, 0xEED8, 0xEED8, 0xEED8, 0xEED8, 0xEED8, 0xEEF8, 0xEEF8, 0xEEF9, 0xEEF8, 0xEEF9, 0xEEF9, 0xEF19,
    0xEF19, 0xEEF8, 0xEEB8, 0xF719, 0xE697, 0xBD10, 0x7AA7, 0xD675, 0xFFFC, 0xFFDA, 0xFFDB, 0xFFDB, 0xFFDB, 0xFFDB, 0xFFDB, 0xFFDB,
    0xFFDB, 0xFFDB, 0xFFDB, 0xFFDB, 0xFFDB, 0xFFDB, 0xFFDB, 0xFFDB, 0xFFDB, 0xFFDB, 0xFF99, 0xFEF6, 0xFED5, 0xFEF5, 0xFEF5, 0xFED5,
    0xFED5, 0xFED5, 0xFED5, 0xFEB4, 0xF6B4, 0xF6B4, 0xF6B4, 0xFED4, 0xFED5, 0xFED5, 0xFED5, 0xFEB5, 0xFED5, 0xF6D5, 0xFED5, 0xFED5,
    0xFEF6, 0xFF16, 0xFF17, 0xFF17, 0xFF17, 0xFF37, 0xFF78, 0xFF58, 0xF737, 0xF6F5, 0xF6B4, 0xF694, 0xF694, 0xF694, 0xF694, 0xF6B4,
    0xFED4, 0xFEB4, 0xFE94, 0xFEB4, 0xFEB4, 0xFEB4, 0xFEB5, 0xFEB5, 0xFEB5, 0xF6B5, 0xF6B5, 0xFEB5, 0xF6B5, 0xF6B5, 0xFED5, 0xFED5,
    0xFFBA, 0xFFBA, 0xFFDA, 0xFFBA, 0xFFBA, 0xFFBA, 0xFFBA, 0xFFB9, 0xFFFB, 0x5246, 0x1880, 0x39C5, 0x3185, 0x3184, 0x3164, 0x2923,
    0x10A1, 0x10A1, 0x1081, 0x10A1, 0x18C2, 0x18E2, 0x18C2, 0x18E2, 0x10A1, 0x1081, 0x18C2, 0x18E2, 0x18E2, 0x10A1, 0x10A1, 0x10A1,
    0x0861, 0x0861, 0x10A1, 0x10A1, 0x10A1, 0x10A1, 0x1081, 0x0860, 0x0860, 0x0860, 0x0860, 0x0860, 0x1081, 0x0000, 0xAD32, 0xFFFF,
    0xF79B, 0xF75A, 0xF79B, 0xFFDC, 0xFFFD, 0xFFFD, 0xFFFD, 0xFFFD, 0xFFFE, 0xFFFE, 0xFFFD, 0xFFDC, 0xFFDC, 0xFFFE, 0xFFFD, 0xFFFD,
    0xFFFD, 0xFFDC, 0xFFBC, 0xFFBC, 0xFFBC, 0xFFDC, 0xFFFE, 0xFFFE, 0xFFFE, 0xFFFD, 0xFFDD, 0xFFBC, 0xFFDD, 0xFFDD, 0xFFDD, 0xF75A,
    0xF73A, 0xF77B, 0xF79C, 0xFF9B, 0xF77B, 0xF75B, 0xF79B, 0xFFBC, 0xFF9B, 0xF75A, 0xF719, 0xEEF8, 0xEEF8, 0xEEF9, 0xEEF9, 0xEEF9,
    0xEEF9, 0xF6F9, 0xFF5A, 0xFF7A, 0xF73A, 0xEEF8, 0xEED8, 0xEEF8, 0xEEF8, 0xEED8, 0xEEF8, 0xEED8, 0xE697, 0xDE56, 0xDE55, 0xDE56,
    0xE696, 0xE697, 0xEED7, 0xEED8, 0xEEF8, 0xEEF8, 0xEEF8, 0xEEF8, 0xEEF8, 0xEEF8, 0xEEF8, 0xEEF8, 0xEEF8, 0xF6F8, 0xEED8, 0xE697,
    0xE697, 0xEED7, 0xEEF8, 0xDE56, 0xDE35, 0xEEB7, 0xEED7, 0xEEB7, 0xEEB7, 0xEEB7, 0xE696, 0xDE75, 0xEED7, 0xEED8, 0xEEB7, 0xEEB7,
    0xEED8, 0xEED8, 0xEED8, 0xEED8, 0xEED8, 0xEEB7, 0xF75A, 0xFFBC, 0xEF19, 0xEED8, 0xEEF8, 0xEEF9, 0xF719, 0xEF19, 0xFF9B, 0xFFBC,
    0xF73A, 0xEEF9, 0xEED8, 0xEEB8, 0xEEF8, 0xEEF8, 0xBD11, 0x93AA, 0xD634, 0xFFFD, 0xFFFB, 0xFFDB, 0xFFDB, 0xFFDB, 0xFFDB, 0xFFDB,
    0xFFDB, 0xFFDB, 0xFFDB, 0xFFDB, 0xFFDB, 0xFFDB, 0xFFDB, 0xFFDB, 0xFFDB, 0xFFDA, 0xFFDB, 0xFF99, 0xF6F6, 0xFED5, 0xFED5, 0xFED5,
    0xFED5, 0xFED5, 0xFED5, 0xFED4, 0xFED4, 0xFEB4, 0xF6B4, 0xF6B4, 0xF6B4, 0xF6D5, 0xF6B5, 0xFEF6, 0xFF57, 0xFF37, 0xFF37, 0xFF37,
    0xFF57, 0xFFBA, 0xFFDB, 0xFFDA, 0xFFDA, 0xFFDB, 0xFFDB, 0xFFBA, 0xFF99, 0xF6F6, 0xF6B4, 0xF6B4, 0xFE94, 0xF6B4, 0xF6B4, 0xF6B4,
    0xFED5, 0xFEB4, 0xF6B4, 0xFEB4, 0xF6B4, 0xF6B4, 0xFED5, 0xFED5, 0xFEB5, 0xFEB5, 0xFEB5, 0xF6B5, 0xFEB5, 0xFED5, 0xFED5, 0xFED5,
    0xFFDA, 0xFFDA, 0xFFDA, 0xFFBA, 0xFFBA, 0xFFBA, 0xFFBA, 0xFFB9, 0xFFFC, 0x6B09, 0x20C1, 0x41E5, 0x39A5, 0x3184, 0x39C5, 0x3164,
    0x1081, 0x10A1, 0x10A1, 0x1081, 0x0860, 0x0881, 0x0860, 0x18C2, 0x18C2, 0x1081, 0x10A1, 0x18E2, 0x18E2, 0x10A1, 0x10A1, 0x10A1,
    0x0881, 0x0860, 0x1081, 0x0881, 0x0881, 0x1081, 0x0881, 0x0860, 0x0860, 0x0860, 0x0860, 0x0860, 0x1081, 0x0860, 0x3164, 0xDEB8,
    0xFFBC, 0xFFBC, 0xFFFD, 0xFFFD, 0xFFFD, 0xFFFD, 0xFFFE, 0xFFFE, 0xFFFE, 0xFFFE, 0xFFFE, 0xFFBC, 0xFF9B, 0xFFDC, 0xFFBC, 0xFFDC,
    0xFFFD, 0xFFDC, 0xFF9B, 0xFF9B, 0xFFBC, 0xFFBC, 0xFFDD, 0xFFFD, 0xFFFD, 0xFFFD, 0xFFDC, 0xFFBC, 0xFFBC, 0xFFDC, 0xFFDD, 0xF75B,
    0xF719, 0xF75A, 0xF77A, 0xF75A, 0xF77A, 0xEF19, 0xEEF9, 0xF73A, 0xF75A, 0xEF39, 0xEEF9, 0xEEF8, 0xEEF8, 0xEEF8, 0xEEF8, 0xEEF8,
    0xEEF8, 0xEEF8, 0xEED8, 0xEEB8, 0xEED8, 0xF719, 0xF719, 0xE6B7, 0xDE76, 0xDE76, 0xE676, 0xEEB7, 0xE697, 0xDE55, 0xDE55, 0xDE55,
    0xE656, 0xE696, 0xE696, 0xE676, 0xDE55, 0xDE55, 0xDE55, 0xDE55, 0xDE56, 0xDE56, 0xDE56, 0xDE56, 0xDE76, 0xDE76, 0xE676, 0xE676,
    0xE676, 0xE6B7, 0xEEF8, 0xD635, 0xD5F3, 0xE696, 0xEEB7, 0xEEB7, 0xEEB7, 0xEEB7, 0xE676, 0xD5F4, 0xEEB7, 0xEED8, 0xE697, 0xE676,
    0xEED8, 0xEED8, 0xEED8, 0xEED8, 0xEED8, 0xE6B7, 0xF75A, 0xFFFD, 0xF75A, 0xEED8, 0xEEF8, 0xEF19, 0xF75A, 0xFF5A, 0xF77B, 0xF77B,
    0xF73A, 0xF719, 0xF73A, 0xF739, 0xEF19, 0xEF19, 0xF73A, 0x93CB, 0xB50F, 0xE6B6, 0xEF38, 0xFFFB, 0xFFFB, 0xFFDB, 0xFFDB, 0xFFDB,
    0xFFDB, 0xFFDB, 0xFFDB, 0xFFDB, 0xFFDB, 0xFFDB, 0xFFDB, 0xFFDB, 0xFFDB, 0xFFDA, 0xFFDB, 0xFFDB, 0xFF58, 0xFEF6, 0xFED5, 0xFED4,
    0xFED4, 0xFED4, 0xFED4, 0xFEB4, 0xFEB4, 0xFED5, 0xFEF5, 0xF6F5, 0xFF58, 0xFF78, 0xFF58, 0xFF99, 0xFFDB, 0xFFDB, 0xFFDB, 0xFFDB,
    0xFFDB, 0xFFDB, 0xFFDB, 0xFFDB, 0xFFDB, 0xFFDB, 0xFFDB, 0xFFDB, 0xFFDB, 0xFF78, 0xF6F5, 0xF693, 0xFEB4, 0xFEB4, 0xF6B4, 0xF6B4,
    0xF6B4, 0xFEB4, 0xFEB4, 0xF6B4, 0xFEB4, 0xF6B4, 0xFEB5, 0xFED5, 0xFED5, 0xFEB5, 0xFEB5, 0xFEB5, 0xFEB5, 0xFED6, 0xFED5, 0xFED5,
    0xFFDA, 0xFFDA, 0xFFDA, 0xFFBA, 0xFFBA, 0xFFBA, 0xFFBA, 0xFFBA, 0xDEB7, 0x5247, 0x2902, 0x39E5, 0x39A5, 0x2944, 0x3184, 0x39A5,
    0x20E2, 0x10A1, 0x10A1, 0x18C2, 0x18C2, 0x18C2, 0x18C2, 0x18C2, 0x18C2, 0x18C2, 0x18C2, 0x18C2, 0x18C2, 0x10A1, 0x10A1, 0x10C2,
    0x0881, 0x0860, 0x0860, 0x0040, 0x0040, 0x0860, 0x0860, 0x0860, 0x0860, 0x0860, 0x0860, 0x0860, 0x0860, 0x0880, 0x0020, 0x9CB1,
    0xFF9B, 0xFFBC, 0xFFFD, 0xFFFD, 0xFFFD, 0xFFFD, 0xFFFE, 0xFFFE, 0xFFFE, 0xFFFE, 0xFFFE, 0xFFDD, 0xFF9B, 0xFF9B, 0xFF9B, 0xFFDC,
    0xFFFD, 0xFFBC, 0xFF9B, 0xF79B, 0xFFDC, 0xFFFE, 0xFFFD, 0xFFFD, 0xFFFD, 0xFFFD, 0xFF9C, 0xFF9B, 0xFF9B, 0xF79B, 0xF77B, 0xF73A,
    0xEF19, 0xEF19, 0xEF19, 0xEF19, 0xEF19, 0xEF19, 0xEF19, 0xEF19, 0xEF19, 0xEF19, 0xEF19, 0xCDB3, 0xBD31, 0xE697, 0xEED8, 0xEED7,
    0xEEB7, 0xEEB7, 0xE6B7, 0xEED8, 0xDE55, 0xBD31, 0xAC6E, 0xCDB3, 0xE676, 0xD614, 0xDE35, 0xDE56, 0xDE35, 0xDE35, 0xDE35, 0xE676,
    0xBD30, 0x9369, 0x9369, 0xAC4D, 0xE676, 0xE696, 0xE696, 0xE696, 0xDE35, 0xDE35, 0xDE35, 0xDE35, 0xDE56, 0xE697, 0xE697, 0xDE56,
    0xE676, 0xE696, 0xEEB7, 0xE6B7, 0xE676, 0xD614, 0xE696, 0xE675, 0xE697, 0xEEB7, 0xE676, 0xD5F4, 0xEEB7, 0xEED8, 0xEE97, 0xE697,
    0xEED8, 0xE697, 0xEEB7, 0xEED8, 0xEED8, 0xEF19, 0xF79B, 0xFFDC, 0xF75A, 0xEED8, 0xEEF8, 0xEF19, 0xF75A, 0xF75A, 0xEEF9, 0xEEF9,
    0xF719, 0xF73A, 0xFF9B, 0xFF7B, 0xF77A, 0xF75A, 0xF73A, 0xFFDC, 0xBD10, 0x82C6, 0xE6B6, 0xFFFC, 0xFFDB, 0xFFDB, 0xFFDB, 0xFFDB,
    0xFFDB, 0xFFDB, 0xFFDB, 0xFFDB, 0xFFDB, 0xFFDB, 0xFFDB, 0xFFDB, 0xFFDA, 0xFFDA, 0xFFDB, 0xFFDB, 0xFFDA, 0xFF57, 0xFEF5, 0xFF16,
    0xFF58, 0xFF58, 0xFF58, 0xFF58, 0xF737, 0xFF99, 0xFFBA, 0xFFBB, 0xFFDB, 0xFFDB, 0xFFDB, 0xFFDB, 0xFFBB, 0xFFDB, 0xFFDB, 0xFFDB,
    0xFFDB, 0xFFDB, 0xFFDB, 0xFFDB, 0xFFDB, 0xFFDB, 0xFFDB, 0xFFDB, 0xFFDB, 0xFFDB, 0xFF79, 0xF6F6, 0xF6B4, 0xFEB4, 0xFEB4, 0xFEB4,
    0xF6B4, 0xFEB4, 0xFEB4, 0xFEB4, 0xF6B4, 0xFEB4, 0xFED5, 0xFED5, 0xFEB5, 0xFED5, 0xFED5, 0xFEB5, 0xFED5, 0xFED5, 0xF6D5, 0xFED5,
    0xFFBA, 0xFFDA, 0xFFDA, 0xFFDA, 0xFFDA, 0xFFDA, 0xFFBA, 0xFFFC, 0x736A, 0x18A1, 0x4206, 0x39C5, 0x39A5, 0x18C1, 0x18C1, 0x3164,
    0x2123, 0x2103, 0x18E2, 0x18C2, 0x18E2, 0x18E2, 0x10C2, 0x10A1, 0x1081, 0x18C2, 0x18E2, 0x18C2, 0x18C2, 0x18C2, 0x18C2, 0x18C2,
    0x0881, 0x0860, 0x1081, 0x0860, 0x0860, 0x0860, 0x0860, 0x0840, 0x0860, 0x0881, 0x0881, 0x0860, 0x0860, 0x1081, 0x0020, 0x39C5,
    0xFF9B, 0xFFBC, 0xFFDC, 0xFFFD, 0xFFFE, 0xFFFE, 0xFFFE, 0xFFFD, 0xFFBC, 0xFFDD, 0xFFDD, 0xFFBC, 0xFF9B, 0xFFBB, 0xFF9B, 0xFFBC,
    0xFFDD, 0xFFBC, 0xFF9B, 0xF77B, 0xFFBC, 0xFFFE, 0xFFFE, 0xFFFD, 0xFFFE, 0xFFFD, 0xFF9C, 0xFF9B, 0xFF9B, 0xF77B, 0xEF3A, 0xEF19,
    0xEF19, 0xEF19, 0xEF19, 0xEEF9, 0xEEF9, 0xEEF9, 0xEF19, 0xEEF8, 0xEED8, 0xEED8, 0xEED8, 0xC551, 0xB4CF, 0xDE55, 0xEED7, 0xE6B7,
    0xE696, 0xE696, 0xE696, 0xE697, 0xDE35, 0xC572, 0x7265, 0x82E7, 0xAC8E, 0xD615, 0xDE35, 0xDE14, 0xDE35, 0xDE15, 0xDE35, 0xEED8,
    0xAC6D, 0x6140, 0x71A1, 0x79E3, 0x8B07, 0xAC4C, 0xAC4D, 0xAC6D, 0xE676, 0xE697, 0xE696, 0xE6B7, 0xE655, 0xB4AE, 0xBCEF, 0xDE55,
    0xDE56, 0xE676, 0xE696, 0xEED8, 0xEED7, 0xDE14, 0xE675, 0xDE14, 0xE696, 0xEED7, 0xE696, 0xD614, 0xEED8, 0xEED8, 0xEED8, 0xEED8,
    0xEEB7, 0xE676, 0xE6B7, 0xE6B7, 0xEEF8, 0xFF9B, 0xF79B, 0xFFBB, 0xF77A, 0xEEF8, 0xEEF9, 0xF73A, 0xF75A, 0xF75A, 0xF73A, 0xEEF9,
    0xEEF9, 0xEEF9, 0xF75A, 0xF77A, 0xF77B, 0xF75A, 0xF75A, 0xFF9B, 0xB4AE, 0x9BCA, 0xFFFF, 0xFFFD, 0xFFFB, 0xFFDB, 0xFFDB, 0xFFDB,
    0xFFFB, 0xFFDB, 0xFFDA, 0xFFDA, 0xFFDA, 0xFFBA, 0xFFBA, 0xFF99, 0xFF37, 0xFF37, 0xFF37, 0xFF37, 0xFF16, 0xFF16, 0xFF36, 0xFF99,
    0xFFDB, 0xFFDB, 0xFFDB, 0xFFDB, 0xFFDB, 0xFFDB, 0xFFDB, 0xFFDB, 0xFFDB, 0xFFDB, 0xFFDB, 0xFFDB, 0xFFDB, 0xFFDB, 0xFFDB, 0xFFDB,
    0xFFDB, 0xFFDB, 0xFFDB, 0xFFDB, 0xFFDB, 0xFFDB, 0xFFDB, 0xFFDB, 0xFFDB, 0xFFDB, 0xFFDB, 0xFFBA, 0xF716, 0xF6B4, 0xFEB4, 0xFEB4,
    0xF6B5, 0xFED5, 0xFED5, 0xFEB5, 0xFEB4, 0xFEB5, 0xFED5, 0xFED5, 0xFED5, 0xFED5, 0xF6B5, 0xF6B5, 0xFED5, 0xFEB5, 0xFEB5, 0xFEB5,
    0xFFB9, 0xFFDA, 0xFFDA, 0xFFDA, 0xFFDA, 0xFFDA, 0xFFBA, 0xFFDC, 0x7BAB, 0x18A1, 0x41E6, 0x39C5, 0x39A5, 0x18C1, 0x10A1, 0x2923,
    0x2123, 0x2103, 0x2102, 0x18E2, 0x18E2, 0x18E2, 0x1081, 0x0840, 0x0860, 0x0881, 0x18C2, 0x18E2, 0x18E2, 0x10C2, 0x1081, 0x1081,
    0x0860, 0x0860, 0x10A1, 0x10A1, 0x0881, 0x0881, 0x0860, 0x0840, 0x0860, 0x1081, 0x1081, 0x1081, 0x0880, 0x1081, 0x0840, 0x83CD,
    0xFFBC, 0xFFDD, 0xFFBC, 0xFFDD, 0xFFDD, 0xFFFE, 0xFFFD, 0xFFBD, 0xFF9C, 0xFF9C, 0xFF9B, 0xFF9B, 0xFF9B, 0xFF9B, 0xFF9B, 0xFF9B,
    0xFFBC, 0xFFBC, 0xF79B, 0xF79B, 0xFFBC, 0xFFFD, 0xFFFD, 0xFFDD, 0xFFDD, 0xFFDC, 0xFF9C, 0xFF9C, 0xFF9B, 0xF73A, 0xEF19, 0xEF19,
    0xEF19, 0xF719, 0xEEF8, 0xEED7, 0xEED7, 0xEEB7, 0xE6B7, 0xE676, 0xDE35, 0xDE35, 0xE655, 0x8329, 0x6204, 0xD5B3, 0xE696, 0xDE35,
    0xDE55, 0xDE55, 0xE676, 0xEEB8, 0xEED7, 0xFF59, 0x9BCB, 0x5900, 0x61A2, 0xAC4D, 0xCDB3, 0xE697, 0xE676, 0xEED8, 0xC531, 0x8AE7,
    0x82A6, 0x8A63, 0x92C4, 0x9284, 0x79E2, 0x71C2, 0x71A1, 0x71C2, 0x9328, 0x9B49, 0x9349, 0x9B49, 0x9308, 0x69A1, 0x7A02, 0xBCAE,
    0xDE34, 0xD5F3, 0xDE35, 0xE676, 0xEEB7, 0xEE96, 0xD5B2, 0xD5B3, 0xEEB7, 0xEEB7, 0xEEB7, 0xD614, 0xDE55, 0xDE76, 0xE697, 0xE697,
    0xE676, 0xE676, 0xEED7, 0xEED8, 0xEEF8, 0xF719, 0xF739, 0xF719, 0xF719, 0xEED8, 0xEED8, 0xEEF8, 0xF719, 0xF73A, 0xF73A, 0xF719,
    0xEEF9, 0xEEF9, 0xEEF9, 0xF77A, 0xFF9B, 0xF75A, 0xEEF9, 0xEF19, 0xE697, 0xACCF, 0xA46F, 0xCDF4, 0xFFFB, 0xFFFB, 0xFFDA, 0xFFDA,
    0xFFDA, 0xFFB9, 0xFF36, 0xFF36, 0xFF36, 0xFF36, 0xFF16, 0xFF15, 0xFEF4, 0xFEF4, 0xFEF4, 0xFEF4, 0xFEF5, 0xFEF5, 0xFEF5, 0xFEF5,
    0xFF99, 0xFFDB, 0xFFDB, 0xFFDB, 0xFFDB, 0xFFDB, 0xFFBA, 0xFFBB, 0xFFBB, 0xFFDB, 0xFFDB, 0xFFDB, 0xFFDB, 0xFFDB, 0xFFDB, 0xFFDB,
    0xFFDB, 0xFFDB, 0xFFDB, 0xFFDB, 0xFFDB, 0xFFDB, 0xFFDB, 0xFFDB, 0xFFDB, 0xFFDB, 0xFFDB, 0xFFDB, 0xFFDB, 0xF717, 0xF6B4, 0xFED4,
    0xFED5, 0xFED5, 0xFED5, 0xFEB5, 0xFEB5, 0xFED5, 0xFED5, 0xFED5, 0xFED5, 0xFED5, 0xFEB5, 0xFED5, 0xFEB5, 0xFEB5, 0xF6B4, 0xFEB4,
    0xFFDA, 0xFFDA, 0xFFDA, 0xFFDA, 0xFFBA, 0xFFDA, 0xF759, 0x4A26, 0x2923, 0x3143, 0x39C5, 0x3184, 0x2923, 0x18C1, 0x18C1, 0x3164,
    0x2123, 0x2102, 0x20E2, 0x18E2, 0x1902, 0x1903, 0x10C2, 0x10A1, 0x10A1, 0x10A1, 0x0860, 0x10A1, 0x2103, 0x10A1, 0x0840, 0x0860,
    0x0060, 0x0060, 0x0881, 0x10A1, 0x10A1, 0x10A1, 0x0860, 0x0860, 0x0860, 0x1081, 0x1081, 0x1081, 0x1081, 0x0040, 0x0840, 0xCDF5,
    0xFFDC, 0xFFDD, 0xFFDC, 0xFFBC, 0xFFBC, 0xFFDD, 0xFFBC, 0xFF9B, 0xFF9C, 0xFF9B, 0xFF9B, 0xFF9B, 0xFF7B, 0xF77B, 0xF77B, 0xF77B,
    0xF77B, 0xFFDD, 0xFFFE, 0xFFFD, 0xFFFD, 0xFFFD, 0xFFFD, 0xFFDC, 0xFF9C, 0xFFBC, 0xFFBC, 0xFFBC, 0xFFDC, 0xF75A, 0xEF19, 0xF719,
    0xEF19, 0xF719, 0xEED8, 0xE6B7, 0xEED7, 0xE6B7, 0xDE56, 0xDE55, 0xDE35, 0xA40D, 0x7AC7, 0x5982, 0x5120, 0x8308, 0xDE14, 0xEEB7,
    0xE696, 0xEEB7, 0xE676, 0xA44D, 0xA40C, 0xAC2D, 0x82C7, 0x6161, 0x69A2, 0x5920, 0x7A86, 0xA3CB, 0x9BAB, 0xA40C, 0x8B08, 0x5920,
    0x71C1, 0x92A3, 0x9AC4, 0x9AC4, 0x9AE5, 0x9AE4, 0x9AE5, 0x9AC4, 0x8202, 0x79E1, 0x79E1, 0x79E1, 0x7A02, 0x8243, 0x79C1, 0x8264,
    0xBC8D, 0xD591, 0xDDF3, 0xE634, 0xF718, 0xF718, 0xCD92, 0xC550, 0xE696, 0xEEB7, 0xEED7, 0xDE35, 0xCDD3, 0xD5F3, 0xDE35, 0xDE55,
    0xDE55, 0xE675, 0xEEB7, 0xEED7, 0xEED8, 0xEED8, 0xEEF8, 0xEEF8, 0xEEB7, 0xE697, 0xE697, 0xE697, 0xEEF8, 0xF73A, 0xF73A, 0xF719,
    0xEED8, 0xEED8, 0xEF19, 0xF75A, 0xF73A, 0xEEF9, 0xEED8, 0xEED8, 0xF739, 0xDE76, 0x8B8B, 0x7AC7, 0xFFFA, 0xFF99, 0xFF98, 0xFF57,
    0xFF57, 0xFF36, 0xFEF5, 0xFED4, 0xFED4, 0xFED4, 0xFED4, 0xFED4, 0xFEF4, 0xFEF4, 0xFEF5, 0xFEF5, 0xFEF5, 0xFEF5, 0xFED5, 0xFEF4,
    0xFF36, 0xFFBA, 0xFFFB, 0xFFDB, 0xFFDB, 0xFFDA, 0xFFDA, 0xFFBA, 0xFFBA, 0xFFBA, 0xFFDB, 0xFFDB, 0xFFDB, 0xFFDB, 0xFFDB, 0xFFDB,
    0xFFDB, 0xFFDB, 0xFFDB, 0xFFDB, 0xFFDB, 0xFFDB, 0xFFDB, 0xFFDB, 0xFFDB, 0xFFDB, 0xFFDB, 0xFFDB, 0xFFDB, 0xFFDB, 0xFF37, 0xF6D5,
    0xFED5, 0xFED5, 0xFED5, 0xFED5, 0xFED5, 0xFED5, 0xFED5, 0xFED5, 0xFED5, 0xFED5, 0xFEB5, 0xFEB5, 0xFEB5, 0xFEB5, 0xF6B5, 0xFEB5,
    0xFFDA, 0xFFDA, 0xFFDA, 0xFFDA, 0xFFDA, 0xFFFB, 0xF79A, 0x2923, 0x2923, 0x39C5, 0x3184, 0x3164, 0x2102, 0x18C1, 0x18C1, 0x2123,
    0x2123, 0x2102, 0x20E2, 0x20E2, 0x2103, 0x2103, 0x2103, 0x2103, 0x2123, 0x2103, 0x0881, 0x0860, 0x1081, 0x0861, 0x0860, 0x0860,
    0x0060, 0x0860, 0x1081, 0x10A1, 0x1081, 0x1081, 0x0881, 0x0881, 0x0860, 0x1081, 0x1081, 0x10A1, 0x0860, 0x2103, 0x4A27, 0xBD93,
    0xFFBC, 0xFFDC, 0xFFDD, 0xFFBC, 0xFFBC, 0xFFBC, 0xFF9C, 0xFF9C, 0xFF9B, 0xFF9B, 0xFF9B, 0xFF9B, 0xF77B, 0xF77A, 0xF75A, 0xF75A,
    0xF77B, 0xFFDD, 0xFFDD, 0xFFDD, 0xFFFD, 0xFFFD, 0xFFFD, 0xFFDC, 0xFF9B, 0xFF9B, 0xF73A, 0xF75A, 0xFF9B, 0xFF7B, 0xF739, 0xEEF8,
    0xEEF9, 0xEEF8, 0xEED8, 0xE676, 0xE676, 0xE676, 0xDE56, 0xDE35, 0xDE35, 0x938A, 0x48C0, 0x6181, 0x6181, 0x5140, 0x8329, 0x93AB,
    0x938A, 0x9BAA, 0x9369, 0x5120, 0x5100, 0x6981, 0x71E2, 0x8263, 0x8A84, 0x8243, 0x71E2, 0x6981, 0x6960, 0x6161, 0x6180, 0x9B26,
    0x9B05, 0x92A3, 0x9AC4, 0x9AC4, 0x9AC4, 0x9AC4, 0x9AC4, 0x9AE4, 0xA305, 0xAB45, 0xAB45, 0xAB45, 0xAB45, 0x9B04, 0x92A3, 0x8A83,
    0x71C2, 0x8AE7, 0x9307, 0xA3AA, 0xBCCF, 0xBCD0, 0x7A87, 0x61A3, 0xE614, 0xF6D8, 0xE696, 0xE696, 0xE676, 0xE676, 0xDE55, 0xE655,
    0xD5F3, 0xBD10, 0xCD92, 0xE696, 0xE697, 0xE696, 0xE697, 0xE697, 0xEEB7, 0xE697, 0xE696, 0xE696, 0xEEB7, 0xEED8, 0xEEF8, 0xEED8,
    0xE6B7, 0xE6B8, 0xEED8, 0xEED8, 0xE6B7, 0xE6B7, 0xEEB8, 0xEED8, 0xEEB8, 0xF739, 0xE6D8, 0x9C0D, 0xAC6C, 0xF6F5, 0xFF36, 0xFEF5,
    0xFEF5, 0xFEF5, 0xFF15, 0xFEF5, 0xFEF5, 0xFEF5, 0xFEF5, 0xFEF5, 0xFEF5, 0xFEF4, 0xFEF4, 0xFEF5, 0xFEF5, 0xFEF5, 0xFED5, 0xFED5,
    0xFED5, 0xFF36, 0xFFBA, 0xFFFB, 0xFFDB, 0xFFDB, 0xFFDB, 0xFFDA, 0xFFBA, 0xFFBA, 0xFFBB, 0xFFDB, 0xFFDB, 0xFFDB, 0xFFDB, 0xFFDB,
    0xFFDB, 0xFFDB, 0xFFDB, 0xFFDB, 0xFFDB, 0xFFDB, 0xFFDB, 0xFFDB, 0xFFDB, 0xFFDB, 0xFFDB, 0xFFDB, 0xFFDB, 0xFFDB, 0xFFDB, 0xFF79,
    0xFED5, 0xFED5, 0xFED5, 0xFED5, 0xFED5, 0xFED5, 0xFED5, 0xFED5, 0xFED5, 0xFEB5, 0xFEB4, 0xF6B4, 0xF6B4, 0xF6B4, 0xF6B4, 0xF6B4,
    0xFFDA, 0xFFDA, 0xFFDA, 0xFFFA, 0xFFDA, 0xF799, 0xEF38, 0x3984, 0x2943, 0x31A5, 0x3184, 0x3164, 0x2964, 0x2102, 0x18C1, 0x18E2,
    0x2102, 0x18C1, 0x18E2, 0x20E2, 0x18E2, 0x18E2, 0x2102, 0x2103, 0x1903, 0x2103, 0x18E2, 0x0860, 0x0040, 0x0860, 0x0860, 0x0880,
    0x0880, 0x0880, 0x10A1, 0x10A1, 0x1081, 0x0881, 0x0881, 0x1081, 0x0860, 0x0860, 0x10A1, 0x0020, 0x5AC9, 0xDE98, 0xDE77, 0xD656,
    0xF77B, 0xFF9B, 0xFF9C, 0xFFBC, 0xFF9C, 0xFF9B, 0xFF9B, 0xF77B, 0xF77B, 0xF77B, 0xF77B, 0xF77B, 0xF75A, 0xF73A, 0xF75A, 0xF73A,
    0xF75A, 0xFF9B, 0xFF9B, 0xF77B, 0xFFDC, 0xFFDD, 0xFFDD, 0xFFBC, 0xF73A, 0xEF19, 0xEF19, 0xF73A, 0xFF9C, 0xF73A, 0xEEF8, 0xEEF8,
    0xEEF8, 0xE697, 0xDE56, 0xDE15, 0xDE15, 0xDE15, 0xE676, 0xEEB7, 0xF718, 0xAC6D, 0x5920, 0x69A2, 0x7A23, 0x7A43, 0x6161, 0x5920,
    0x5940, 0x5940, 0x6160, 0x69C2, 0x71E2, 0x8AA4, 0x8AC5, 0x8AA4, 0x8AA4, 0x8AA4, 0x8AA4, 0x8A84, 0x8223, 0x8243, 0x8202, 0xAB46,
    0xA346, 0x92A4, 0x9AC4, 0x9AC4, 0x9AC4, 0x9AC4, 0x9AE4, 0x92A4, 0x9AE4, 0xB386, 0xA304, 0xA325, 0xA304, 0xA304, 0xBBC8, 0xC429,
    0x8A63, 0x71C2, 0x71C2, 0x71C2, 0x71A1, 0x69A1, 0x71C2, 0x71E2, 0x938A, 0xDDF4, 0xF6D7, 0xEEB7, 0xEEB7, 0xEEB7, 0xEEB7, 0xEEB6,
    0xC551, 0xC551, 0xC551, 0xCD92, 0xCDB3, 0xE656, 0xE676, 0xE696, 0xE676, 0xDE56, 0xE676, 0xE676, 0xE676, 0xE676, 0xE676, 0xE697,
    0xEEB8, 0xEEB7, 0xEE97, 0xEE97, 0xEEB7, 0xEEB7, 0xEEB8, 0xEED8, 0xEED8, 0xEED8, 0xF73A, 0xDE56, 0x8244, 0xFF16, 0xFF36, 0xFF15,
    0xFF15, 0xFF15, 0xFEF5, 0xFEF5, 0xFEF5, 0xFEF5, 0xFEF5, 0xFEF5, 0xFEF5, 0xFEF5, 0xFEF5, 0xFEF5, 0xFEF5, 0xFEF5, 0xFEF5, 0xFEF5,
    0xFEF5, 0xFED4, 0xFF16, 0xFF99, 0xFFDB, 0xFFDB, 0xFFDB, 0xFFDA, 0xFFBA, 0xFFBA, 0xFFBB, 0xFFDB, 0xFFDB, 0xFFDB, 0xFFDB, 0xFFDB,
    0xFFDB, 0xFFDB, 0xFFDB, 0xFFDB, 0xFFDB, 0xFFDB, 0xFFDB, 0xFFDB, 0xFFDB, 0xFFDB, 0xFFDB, 0xFFDB, 0xFFDB, 0xFFDB, 0xFFDB, 0xFFDB,
    0xFF78, 0xFED5, 0xFEB5, 0xFED5, 0xFED5, 0xFED5, 0xFED5, 0xF6B4, 0xF6B4, 0xF6B3, 0xF6B3, 0xF6B4, 0xF6B4, 0xF6B4, 0xFEB4, 0xFEB4,
    0xFFDA, 0xFFDA, 0xFFDA, 0xF79A, 0xB592, 0x3984, 0x3984, 0x20C2, 0x3184, 0x3184, 0x2923, 0x2123, 0x2984, 0x2123, 0x18E2, 0x10A1,
    0x10A1, 0x10A1, 0x18E2, 0x18E2, 0x18C2, 0x18E2, 0x18E2, 0x18E2, 0x18E2, 0x18E2, 0x18E2, 0x0861, 0x0060, 0x0860, 0x0860, 0x0880,
    0x0880, 0x0880, 0x0881, 0x10A1, 0x1081, 0x0881, 0x0881, 0x0861, 0x0861, 0x1081, 0x0000, 0x2964, 0xDEB8, 0xFFDC, 0xEF3A, 0xF75B,
    0xEF3A, 0xEF5A, 0xF75A, 0xF77B, 0xF77B, 0xF75A, 0xF75A, 0xF75B, 0xF75B, 0xF75B, 0xF75B, 0xF75A, 0xF75A, 0xF73A, 0xF73A, 0xF73A,
    0xF73A, 0xF77B, 0xF77B, 0xF77B, 0xF77B, 0xF77B, 0xF77B, 0xF75A, 0xEF3A, 0xEF19, 0xEEF8, 0xEEF8, 0xEF19, 0xEED8, 0xEED8, 0xEED8,
    0xEED7, 0xE676, 0xDE15, 0xDE35, 0xDE55, 0xE675, 0xAC6E, 0x936A, 0xA3EB, 0x82C7, 0x69A1, 0x7A02, 0x8243, 0x8263, 0x8243, 0x7A23,
    0x7A23, 0x7A22, 0x7A43, 0x8284, 0x8284, 0x8284, 0x8AA4, 0x8AA4, 0x8A84, 0x8A84, 0x8A84, 0x8A83, 0x8222, 0x8222, 0x79E2, 0xAB67,
    0xA326, 0x9AC4, 0xAB46, 0xA325, 0xA2E4, 0x9AE4, 0x9AA4, 0xA346, 0xC44A, 0xAB45, 0xAB25, 0xA325, 0xA304, 0xCC8B, 0xC449, 0x9B04,
    0xA325, 0xA345, 0xA345, 0xAB45, 0xAB25, 0xA325, 0xAB45, 0x9AE5, 0x5100, 0x69E4, 0x82A7, 0x82A6, 0x82A6, 0x82A6, 0x82A7, 0x8AC7,
    0x82A7, 0x8AC7, 0xB46D, 0xCD92, 0xC551, 0xD5B3, 0xD5B3, 0xD5D3, 0xDE35, 0xE655, 0xE655, 0xDE35, 0xE655, 0xE676, 0xE697, 0xE697,
    0xEEB8, 0xEE97, 0xEE97, 0xEEB7, 0xEEB7, 0xEEB7, 0xEEB8, 0xEED8, 0xEED8, 0xEED8, 0xEEF8, 0xE676, 0xAC6E, 0x9BCA, 0xEEB4, 0xFF36,
    0xFEF5, 0xFF15, 0xFEF5, 0xFEF5, 0xFEF5, 0xFEF5, 0xFEF5, 0xFEF5, 0xFEF5, 0xFEF5, 0xFEF5, 0xFEF5, 0xFED4, 0xFEF5, 0xFEF5, 0xFEF5,
    0xFED5, 0xFEF5, 0xFED5, 0xF716, 0xFFB9, 0xFFDB, 0xFFDB, 0xFFDB, 0xFFDB, 0xFFBA, 0xFFBA, 0xFFDB, 0xFFDB, 0xFFDB, 0xFFDB, 0xFFDB,
    0xFFDB, 0xFFDB, 0xFFDB, 0xFFDB, 0xFFDB, 0xFFDB, 0xFFDB, 0xFFDB, 0xFFDB, 0xFFDB, 0xFFDB, 0xFFDB, 0xFFDB, 0xFFDB, 0xFFDB, 0xFFDB,
    0xFFDB, 0xFF37, 0xFED5, 0xFEB5, 0xFED5, 0xFED5, 0xFEB5, 0xF6B4, 0xF6B3, 0xF6B3, 0xF6B3, 0xFEB4, 0xF6B3, 0xF6B3, 0xFEB4, 0xFEB4,
    0xFFD9, 0xFFDA, 0xFFDB, 0x8C0C, 0x3143, 0x39A5, 0x3164, 0x2943, 0x3164, 0x3164, 0x20E2, 0x18C1, 0x2122, 0x2103, 0x18C2, 0x10A1,
    0x10A1, 0x10A1, 0x18E2, 0x18E2, 0x2103, 0x18C2, 0x18E2, 0x18E2, 0x18E2, 0x18E2, 0x18E2, 0x0861, 0x0040, 0x0060, 0x0060, 0x0860,
    0x0880, 0x0880, 0x0860, 0x0860, 0x0880, 0x0881, 0x0881, 0x0860, 0x0840, 0x0020, 0x2944, 0x9C6F, 0xF739, 0xDEB7, 0xF79C, 0xFFDD,
    0xFFDD, 0xFFDD, 0xF77B, 0xF73A, 0xF75A, 0xF75A, 0xF73A, 0xF75A, 0xF75A, 0xF75A, 0xF75A, 0xF75A, 0xF75A, 0xF73A, 0xF73A, 0xF73A,
    0xEF19, 0xEF19, 0xEF19, 0xEF19, 0xF73A, 0xEF3A, 0xF73A, 0xEF3A, 0xEF19, 0xEEF9, 0xE6B7, 0xE696, 0xE676, 0xE676, 0xE676, 0xE676,
    0xDE76, 0xE656, 0xE635, 0xAC2C, 0x9328, 0x9B89, 0x69C3, 0x5900, 0x6120, 0x79E2, 0x8A84, 0x8263, 0x8243, 0x7A43, 0x7202, 0x7202,
    0x7202, 0x7202, 0x7A43, 0x8284, 0x8284, 0x82A4, 0x82A4, 0x8AA4, 0x8A84, 0x8AA4, 0xA326, 0x9B05, 0x8A63, 0xA326, 0x9284, 0xAB67,
    0xAB66, 0xA305, 0xBBA7, 0xAB46, 0xAB66, 0xA305, 0xA305, 0xC44A, 0xDD2D, 0xAB66, 0xB386, 0xAB46, 0xCC6A, 0xC449, 0xA325, 0xAB45,
    0xAB65, 0xA304, 0xA304, 0xA324, 0xA324, 0xA304, 0xA2E4, 0xA305, 0xA325, 0x8A83, 0x8A43, 0x8A63, 0x8A84, 0x9284, 0x9284, 0x92A4,
    0x8A84, 0x6921, 0x8204, 0x9B6A, 0xCD71, 0xC531, 0xCD72, 0xCD92, 0xD5B3, 0xDDF4, 0xDE34, 0xDE35, 0xE655, 0xE676, 0xE696, 0xEEB7,
    0xEEB8, 0xEEB7, 0xEEB8, 0xEEB8, 0xEEB8, 0xEEB7, 0xE6B7, 0xEEB8, 0xEED8, 0xEED8, 0xEED8, 0xF719, 0xE697, 0x7A45, 0xE653, 0xFF36,
    0xFEF5, 0xFEF5, 0xFEF4, 0xFEF4, 0xFF14, 0xFF15, 0xFEF5, 0xFEF5, 0xFEF5, 0xFEF5, 0xFEF5, 0xFEF5, 0xFEF5, 0xFEF5, 0xFEF5, 0xFEF5,
    0xFED5, 0xFED4, 0xFED4, 0xFED4, 0xF716, 0xFFBA, 0xFFDB, 0xFFDB, 0xFFDB, 0xFFDA, 0xFFBA, 0xFFDB, 0xFFDB, 0xFFDB, 0xFFDB, 0xFFDB,
    0xFFDB, 0xFFDB, 0xFFDB, 0xFFDB, 0xFFDB, 0xFFDB, 0xFFDB, 0xFFDB, 0xFFDB, 0xFFDB, 0xFFDB, 0xFFDB, 0xFFDB, 0xFFDB, 0xFFDB, 0xFFDB,
    0xFFDB, 0xFFDB, 0xFF37, 0xFED5, 0xFEB4, 0xF6B4, 0xFEB4, 0xF694, 0xF694, 0xFEB4, 0xFEB4, 0xFEB4, 0xFEB4, 0xFEB4, 0xFEB4, 0xF6B3,
    0xFF98, 0xFFDA, 0xEF38, 0x3163, 0x39A5, 0x41E6, 0x39C6, 0x31A5, 0x3164, 0x18C2, 0x10A1, 0x18C1, 0x2102, 0x2102, 0x10A1, 0x10A1,
    0x10A1, 0x10A1, 0x1081, 0x20E2, 0x2103, 0x18C2, 0x18E2, 0x18E2, 0x18E2, 0x18E2, 0x18E2, 0x0881, 0x0060, 0x0060, 0x0860, 0x0860,
    0x0880, 0x0860, 0x0860, 0x0860, 0x0860, 0x0881, 0x0860, 0x10A1, 0x2123, 0x10C2, 0x6B2A, 0xBD73, 0xB532, 0xDE97, 0xFFBC, 0xFFFE,
    0xFFFE, 0xFFFD, 0xFFBD, 0xF77B, 0xF73A, 0xF73A, 0xF73A, 0xF73A, 0xF73A, 0xF75A, 0xF75A, 0xF75A, 0xF75A, 0xF73A, 0xF73A, 0xF73A,
    0xEF19, 0xEEF8, 0xEEF8, 0xEEF8, 0xEEF9, 0xEF19, 0xEF19, 0xEF19, 0xF719, 0xEEF8, 0xE697, 0xE676, 0xE676, 0xE676, 0xDE56, 0xDE55,
    0xE676, 0xEEB7, 0xA42D, 0x6161, 0x71A1, 0x71C1, 0x79E2, 0x8A64, 0x8A64, 0x8A64, 0x8A64, 0x8264, 0x8263, 0x8A84, 0x8AA4, 0x7A22,
    0x7202, 0x7202, 0x8264, 0x8AC5, 0x92E5, 0x92E5, 0x8AC5, 0x92C5, 0x92C4, 0x92C4, 0xAB46, 0xA326, 0x9283, 0xB3A7, 0x9AE4, 0xAB86,
    0xBBE8, 0xAB66, 0xBBE8, 0xBBA7, 0xBBC7, 0xAB46, 0xB3A7, 0xD4CB, 0xB3A7, 0xBBC7, 0xB366, 0xCC49, 0xD4AB, 0xB386, 0xB386, 0xB386,
    0xB3A6, 0xAB65, 0xB386, 0xAB65, 0xA304, 0xA2C4, 0xB386, 0xAB66, 0xAB25, 0xAB25, 0xAB26, 0xAB67, 0xBC09, 0xC409, 0xC409, 0xC429,
    0xB3A8, 0x81E3, 0x7982, 0x79A2, 0x71C4, 0x71E4, 0xC4F0, 0xCD71, 0xD5D3, 0xD5B2, 0xD5B2, 0xDE14, 0xE655, 0xE676, 0xE697, 0xEEB7,
    0xEEB7, 0xEEB7, 0xEEB7, 0xEEB8, 0xEEB8, 0xEEB7, 0xE6B7, 0xEEB8, 0xEED8, 0xEED8, 0xEED8, 0xEEF9, 0xD615, 0x7A45, 0xF6F5, 0xFF56,
    0xFEF5, 0xFEF5, 0xFEF4, 0xFEF5, 0xFEF5, 0xFEF5, 0xFEF5, 0xFEF5, 0xFEF5, 0xFEF5, 0xFEF5, 0xFEF5, 0xFEF5, 0xFED5, 0xFED4, 0xFED5,
    0xFED5, 0xFED5, 0xFEF4, 0xFED4, 0xFED5, 0xFF16, 0xFF99, 0xFFDB, 0xFFDB, 0xFFDA, 0xFFBA, 0xFFBA, 0xFFDB, 0xFFDB, 0xFFDB, 0xFFDB,
    0xFFDB, 0xFFDB, 0xFFDB, 0xFFDB, 0xFFDB, 0xFFDB, 0xFFDB, 0xFFDB, 0xFFDB, 0xFFDB, 0xFFDB, 0xFFDB, 0xFFDB, 0xFFDB, 0xFFDA, 0xFFDB,
    0xFFDB, 0xFFDB, 0xFFDB, 0xF758, 0xF6B4, 0xFE94, 0xF694, 0xFE93, 0xF694, 0xFEB4, 0xFEB4, 0xFEB4, 0xFEB4, 0xFEB4, 0xFEB4, 0xFEB4,
    0xFF57, 0xFF98, 0xEEF7, 0x2923, 0x3984, 0x39A5, 0x3184, 0x3184, 0x3164, 0x18A1, 0x10A1, 0x10A1, 0x18E2, 0x2102, 0x10A1, 0x10A1,
    0x10A1, 0x10A1, 0x10A1, 0x18E2, 0x18C2, 0x10C2, 0x0881, 0x1081, 0x10A1, 0x1081, 0x0881, 0x0860, 0x0060, 0x0860, 0x0860, 0x0860,
    0x0860, 0x0860, 0x0860, 0x0860, 0x0860, 0x2944, 0x2964, 0x31A5, 0x2964, 0x1902, 0x18C2, 0x18A1, 0x8BED, 0xEED8, 0xEEF9, 0xF75A,
    0xFFBC, 0xF79C, 0xFFBC, 0xF77B, 0xF73A, 0xF73A, 0xF73A, 0xF73A, 0xF73A, 0xF73A, 0xF73A, 0xF73A, 0xF73A, 0xEF19, 0xEF19, 0xF719,
    0xEEF8, 0xEED8, 0xEEF8, 0xEED8, 0xEED8, 0xEED8, 0xEED8, 0xEED8, 0xEED8, 0xE697, 0xE676, 0xE676, 0xE676, 0xE656, 0xDE35, 0xD5F4,
    0xCD71, 0xDE34, 0x8B28, 0x50E0, 0x8A63, 0x92C4, 0x92A4, 0x9284, 0x9284, 0x8A84, 0x8A84, 0x8A84, 0x8A84, 0x8AC4, 0xA346, 0x8263,
    0x7202, 0x7202, 0x8263, 0x92E5, 0x9B06, 0x9AE5, 0x92E5, 0xA346, 0xAB87, 0x9AE4, 0xA326, 0xA346, 0xAB66, 0xBBE8, 0xA346, 0xB3A7,
    0xBBE8, 0xB3C7, 0xC429, 0xC408, 0xBBE7, 0xBBC7, 0xD4AB, 0xCC6A, 0xB3A7, 0xB3A7, 0xCC8A, 0xC449, 0xBBC6, 0xC3E7, 0xC3E7, 0xBBC7,
    0xBBC7, 0xC3E7, 0xBBC7, 0xAB45, 0xB3A7, 0xD4CC, 0xCC8A, 0xB3A7, 0xC449, 0xCC8A, 0xBC08, 0xB3A7, 0xB3C8, 0xB3C8, 0xB3A8, 0xBBC7,
    0xBBC8, 0xB3A8, 0xBBA8, 0xB367, 0xAB47, 0x9285, 0x6983, 0x8266, 0xAC0D, 0xCD31, 0xD5B2, 0xCD92, 0xE655, 0xE676, 0xE676, 0xE697,
    0xEEB7, 0xEEB7, 0xEEB7, 0xEEB7, 0xEEB8, 0xEEB7, 0xE6B7, 0xE6B7, 0xE6B7, 0xEED8, 0xEED8, 0xEEF9, 0xE677, 0x93AB, 0xB4EE, 0xF6D4,
    0xFF36, 0xFEF5, 0xFEF5, 0xFEF5, 0xFEF5, 0xFEF4, 0xFEF4, 0xFEF5, 0xFEF5, 0xFED5, 0xFED5, 0xFEF5, 0xFED5, 0xFED5, 0xFED4, 0xFED5,
    0xFEF5, 0xFEF4, 0xFED4, 0xFEF4, 0xFEF4, 0xFED4, 0xFF16, 0xFF99, 0xFFDB, 0xFFDB, 0xFFDA, 0xFFBA, 0xFFDB, 0xFFDB, 0xFFDB, 0xFFDB,
    0xFFDB, 0xFFDB, 0xFFDB, 0xFFFC, 0xFFFC, 0xFFDB, 0xFFDB, 0xFFDB, 0xFFDB, 0xFFDB, 0xFFFB, 0xFFDB, 0xFFDA, 0xFFBA, 0xFFDA, 0xFFDA,
    0xFFDB, 0xFFDB, 0xFFDB, 0xFFDB, 0xFF57, 0xF694, 0xFE94, 0xF693, 0xF694, 0xFEB4, 0xFEB4, 0xFEB4, 0xFEB4, 0xFEB4, 0xFEB4, 0xFEB4,
    0xFF57, 0xFF77, 0xFF58, 0x7329, 0x2902, 0x20E2, 0x2943, 0x3164, 0x2103, 0x18C2, 0x10A1, 0x10A1, 0x10A1, 0x18E2, 0x10A1, 0x10A1,
    0x1081, 0x18C2, 0x18E2, 0x1081, 0x0881, 0x10A1, 0x0861, 0x0881, 0x0881, 0x1081, 0x0860, 0x0060, 0x0860, 0x0860, 0x0860, 0x0840,
    0x0840, 0x0860, 0x0860, 0x0860, 0x0860, 0x0880, 0x0881, 0x0860, 0x0840, 0x0860, 0x0000, 0x5A88, 0xEEF9, 0xDE56, 0xDE56, 0xE697,
    0xF739, 0xF73A, 0xF73A, 0xF73A, 0xF73A, 0xF71A, 0xF719, 0xF719, 0xF71A, 0xF73A, 0xF73A, 0xF73A, 0xF73A, 0xEF19, 0xEEF8, 0xEEF8,
    0xEEF8, 0xEED8, 0xEEF8, 0xEED7, 0xDE76, 0xDE76, 0xE676, 0xE676, 0xE696, 0xE676, 0xE676, 0xE676, 0xE656, 0xD614, 0xDE14, 0xCD51,
    0x69A2, 0x69C2, 0x71C2, 0x79E2, 0x8A63, 0x92A4, 0x9284, 0x9284, 0x8A83, 0x92A4, 0xA346, 0x8AA4, 0x92C5, 0xA367, 0xA367, 0x8284,
    0x7A43, 0x7A23, 0x8263, 0x92E5, 0x9B06, 0x9B05, 0x9B05, 0xAB66, 0xBBE8, 0xAB66, 0xA326, 0xAB46, 0xBBC8, 0xCC49, 0xC429, 0xBC08,
    0xBBE8, 0xBC08, 0xC429, 0xC408, 0xBBE8, 0xBBE8, 0xE56D, 0xCC8A, 0xB3C7, 0xBBE8, 0xD4CB, 0xC449, 0xC3E7, 0xC407, 0xC3E7, 0xC3E7,
    0xC3E7, 0xBBC6, 0xD4AA, 0xD4EC, 0xDD2D, 0xCC6A, 0xBBC7, 0xBBC7, 0xC408, 0xBC08, 0xBC08, 0xCC8A, 0xCC6A, 0xCC6A, 0xC429, 0xC409,
    0xC409, 0xBBC8, 0xBBA8, 0xBBE9, 0xC409, 0xBBE9, 0xAB27, 0x9265, 0x7141, 0xA3AA, 0xC4EF, 0xCD51, 0xD5D3, 0xE696, 0xE655, 0xE655,
    0xDE35, 0xDE35, 0xDE35, 0xE676, 0xEEB7, 0xEEB7, 0xEEB7, 0xEEB7, 0xE6B7, 0xEEB8, 0xEED8, 0xEEB8, 0xF719, 0xD615, 0x5983, 0xC570,
    0xFF36, 0xFF15, 0xFEF5, 0xFEF5, 0xFEF5, 0xFEF4, 0xFEF4, 0xFEF4, 0xFEF4, 0xFED5, 0xFED5, 0xFEF5, 0xFEF5, 0xFED5, 0xFED5, 0xFED5,
    0xFEF5, 0xFED4, 0xFED4, 0xFEF4, 0xFEF4, 0xFEF4, 0xFED4, 0xFF16, 0xFF99, 0xFFBB, 0xFFDB, 0xFFDB, 0xFFDB, 0xFFDB, 0xFFDB, 0xFFDB,
    0xFFDB, 0xFFDB, 0xFFDB, 0xFFDB, 0xFFDB, 0xFFDB, 0xFFDB, 0xFFBB, 0xFFDB, 0xFFDB, 0xFFFB, 0xFFFB, 0xFFDB, 0xFFDA, 0xFFBA, 0xFFBA,
    0xFFBA, 0xFFDA, 0xFFBA, 0xFFBA, 0xFFBA, 0xFF58, 0xFEB4, 0xF694, 0xF694, 0xF6B4, 0xFEB4, 0xFEB4, 0xFEB4, 0xFEB4, 0xFEB4, 0xFEB4,
    0xFF57, 0xFF77, 0xD613, 0x83CC, 0x28E2, 0x18C1, 0x39A5, 0x2944, 0x18C2, 0x18C2, 0x10A1, 0x10A1, 0x10A1, 0x10A1, 0x10A1, 0x10A1,
    0x18C2, 0x18E2, 0x18E2, 0x10A1, 0x10A1, 0x10A1, 0x0861, 0x0881, 0x0881, 0x0881, 0x0860, 0x0861, 0x0060, 0x0860, 0x0840, 0x0840,
    0x0840, 0x0840, 0x0881, 0x0880, 0x0860, 0x0860, 0x0860, 0x0860, 0x0881, 0x0020, 0x5AA9, 0xD656, 0xE6B7, 0xDE76, 0xE6B8, 0xEF19,
    0xEF19, 0xEF19, 0xEF39, 0xEF3A, 0xF77B, 0xFFBC, 0xF7BC, 0xFFDD, 0xFFBC, 0xF73A, 0xF73A, 0xF73A, 0xF73A, 0xEF19, 0xEEF9, 0xEED8,
    0xEED8, 0xEED8, 0xEED8, 0xF719, 0xEED7, 0xDE35, 0xDE35, 0xDE14, 0xDE14, 0xE675, 0xE676, 0xE655, 0xE655, 0xE635, 0xD5B2, 0x7225,
    0x69A1, 0x8A63, 0x8A63, 0x92A4, 0x9283, 0x92A3, 0x92C4, 0x9AE4, 0x9284, 0x92A4, 0xABA7, 0x9B05, 0x9AE5, 0xAB87, 0xAB87, 0x8AC4,
    0x7A43, 0x7A22, 0x8A83, 0xA346, 0x9B05, 0xA346, 0xBBE8, 0xB3A7, 0xC408, 0xBBE8, 0xBBC7, 0xB3A7, 0xBBC7, 0xCC6A, 0xD48A, 0xC429,
    0xBBE8, 0xBBE8, 0xC449, 0xCC49, 0xC408, 0xD4CB, 0xCC69, 0xBBC7, 0xBBC7, 0xDD2C, 0xC428, 0xBBA6, 0xC408, 0xC408, 0xC428, 0xBBE7,
    0xBBE7, 0xDD2C, 0xD4EC, 0xCC6A, 0xCC49, 0xBBA7, 0xBB87, 0xBBC7, 0xBBC7, 0xBBC7, 0xBBC8, 0xBBC7, 0xBBE8, 0xC409, 0xCC8B, 0xDD4E,
    0xDD4E, 0xD4ED, 0xCCCC, 0xBC09, 0xBBC8, 0xC409, 0xC3E9, 0xBBA8, 0xC3EA, 0x9285, 0x7A45, 0xB44D, 0xC550, 0xD5F3, 0xEE96, 0xE676,
    0xDE35, 0xDDF4, 0xDDF4, 0xDE35, 0xE655, 0xEE97, 0xEEB8, 0xEED8, 0xEED8, 0xEED8, 0xEED8, 0xEED8, 0xEED8, 0xEEB8, 0xE6B8, 0x7AC7,
    0xCD70, 0xFF56, 0xFEF5, 0xFEF5, 0xFEF5, 0xFEF5, 0xFEF5, 0xFEF5, 0xFEF5, 0xFED5, 0xFED5, 0xFEF5, 0xFEF5, 0xFEF5, 0xFED5, 0xFEF5,
    0xFEF5, 0xFED4, 0xFED4, 0xFEF4, 0xFEF4, 0xFEF4, 0xFEF5, 0xFED5, 0xFEF5, 0xFF99, 0xFFDA, 0xFFDB, 0xFFDA, 0xFFDB, 0xFFDB, 0xFFDB,
    0xFFDB, 0xFFDB, 0xFFDB, 0xFFDB, 0xFFDB, 0xFFDB, 0xFFDB, 0xFFDB, 0xFFBB, 0xFFDB, 0xFFDB, 0xFFDB, 0xFFDA, 0xFFBA, 0xFFBA, 0xFFBA,
    0xFFBA, 0xFFBA, 0xFFBA, 0xFFBA, 0xFFBA, 0xFFBA, 0xFF59, 0xFEF5, 0xFE94, 0xF694, 0xFE94, 0xFEB4, 0xFE93, 0xFEF5, 0xFF78, 0xFF98,
    0xFF37, 0xFFD8, 0x9C8D, 0x1020, 0x3123, 0x3984, 0x39A4, 0x2102, 0x18E2, 0x18C2, 0x10A1, 0x10A1, 0x10A1, 0x10A1, 0x10A1, 0x10A1,
    0x18C2, 0x18C2, 0x18C2, 0x1081, 0x10A1, 0x10A1, 0x0860, 0x0861, 0x0861, 0x0861, 0x0881, 0x0881, 0x0860, 0x0860, 0x0840, 0x0860,
    0x0840, 0x0840, 0x0860, 0x0860, 0x0860, 0x0860, 0x0860, 0x0860, 0x0880, 0x0000, 0x732B, 0xFF9B, 0xDE77, 0xE6F9, 0xFFFD, 0xFFDD,
    0xFFBC, 0xEF5B, 0xEF5A, 0xF7BC, 0xFFFE, 0xFFFE, 0xFFFE, 0xFFDD, 0xF79C, 0xF73A, 0xF73A, 0xF73A, 0xF73A, 0xF719, 0xEEF9, 0xE6B7,
    0xE6B7, 0xE6B7, 0xEED8, 0xEEF8, 0xE696, 0xDE35, 0xDE35, 0xD5F4, 0xCDB3, 0xC551, 0xDE55, 0xE655, 0xE675, 0xD5B2, 0x9307, 0x7A03,
    0x8243, 0x9284, 0x8A83, 0x92A4, 0xA346, 0xA346, 0x9AE5, 0xA305, 0x9AE5, 0x9AC4, 0xB387, 0xB3C8, 0xB3A7, 0xAB66, 0xAB87, 0x92E5,
    0x8283, 0x8A84, 0x92C5, 0xA346, 0xAB67, 0xB3A7, 0xBBE8, 0xB3C7, 0xC449, 0xC449, 0xBBC7, 0xB3A7, 0xB3C7, 0xD4AB, 0xD4CB, 0xC429,
    0xBBE8, 0xBBE8, 0xCC49, 0xCC6A, 0xC429, 0xDD4D, 0xD4CB, 0xC3E8, 0xD4CB, 0xCC6A, 0xBBC7, 0xBBC7, 0xC408, 0xCC48, 0xC408, 0xCCAB,
    0xD4EC, 0xD4EC, 0xC449, 0xBBA7, 0xBBA7, 0xBBC7, 0xBBE7, 0xBBC7, 0xBBE8, 0xBBE8, 0xB387, 0xAB46, 0xBBC8, 0xBBC8, 0xBBC8, 0xBC09,
    0xCC8B, 0xE56F, 0xE5AF, 0xE5AF, 0xE58F, 0xD52D, 0xC44A, 0xC42A, 0xBB87, 0xBBC9, 0x9285, 0x5962, 0xAC0C, 0xBCCE, 0xCD72, 0xE675,
    0xE655, 0xDDF4, 0xDE14, 0xD614, 0xD5F4, 0xDE35, 0xE697, 0xEEB8, 0xEEB8, 0xEEB8, 0xEEB8, 0xEED8, 0xEED8, 0xEED9, 0xEF19, 0x7265,
    0xCD4F, 0xFF56, 0xFEF4, 0xFEF5, 0xFEF5, 0xFEF5, 0xFEF5, 0xFEF5, 0xFEF5, 0xFEF5, 0xFEF5, 0xFEF5, 0xFEF5, 0xFEF5, 0xFEF5, 0xFEF5,
    0xFEF5, 0xFEF5, 0xFED4, 0xFEF4, 0xFEF4, 0xFEF5, 0xFEF5, 0xFED5, 0xFEF5, 0xFEF5, 0xFF78, 0xFFDB, 0xFFBA, 0xFFBA, 0xFFDB, 0xFFDB,
    0xFFDB, 0xFFDB, 0xFFDB, 0xFFDB, 0xFFDB, 0xFFDB, 0xFFDB, 0xFFDB, 0xFFDB, 0xFFDB, 0xFFBA, 0xFFDA, 0xFFDA, 0xFFDA, 0xFFDA, 0xFFDA,
    0xFFDA, 0xFFDA, 0xFF99, 0xFF79, 0xFF79, 0xFF99, 0xFF78, 0xF6D5, 0xF6D4, 0xFF78, 0xFF78, 0xFF78, 0xFF78, 0xFF99, 0xFFDA, 0xFFFB,
    0xFF36, 0xFFD8, 0xAD0F, 0x20C1, 0x39A4, 0x41E6, 0x2943, 0x18C2, 0x20E2, 0x18C2, 0x10A1, 0x10A1, 0x10A1, 0x10A1, 0x10A1, 0x10A1,
    0x18E2, 0x18C2, 0x10C2, 0x1081, 0x1081, 0x1081, 0x0860, 0x0860, 0x0861, 0x0881, 0x0881, 0x0881, 0x0861, 0x0860, 0x0860, 0x0860,
    0x0840, 0x0860, 0x0860, 0x0860, 0x0860, 0x0860, 0x0860, 0x0860, 0x0860, 0x0861, 0x6B2B, 0xFF5A, 0xE6B8, 0xEF19, 0xF79B, 0xF79B,
    0xFFDD, 0xFFDD, 0xFFFD, 0xFFFD, 0xFFDC, 0xF7BC, 0xFFDD, 0xFFBC, 0xEF3A, 0xF73A, 0xF73A, 0xEF19, 0xEEF8, 0xEED8, 0xE6B7, 0xE6B7,
    0xE697, 0xE6B7, 0xEED8, 0xE676, 0xE676, 0xDE14, 0xDDF4, 0xE676, 0xE675, 0xA3EB, 0x9348, 0xA3EB, 0xA3EB, 0x9B68, 0x8222, 0x92A4,
    0x92A4, 0x9284, 0x9283, 0x9AC4, 0xBC08, 0xC429, 0xAB66, 0xAB46, 0xAB66, 0xA325, 0xB3A7, 0xC429, 0xBBE8, 0xAB87, 0xAB87, 0x9B05,
    0x92C4, 0x92E5, 0x92E5, 0xA346, 0xBBE8, 0xBBE8, 0xBBC8, 0xB3C7, 0xCC8A, 0xCC8A, 0xBBE8, 0xB3A7, 0xB3C7, 0xDD0C, 0xDD0C, 0xC449,
    0xC408, 0xBBE8, 0xCC69, 0xCC69, 0xCC6A, 0xDD2C, 0xD4AA, 0xC449, 0xE54D, 0xC428, 0xBBE7, 0xC408, 0xC408, 0xCC49, 0xD4EC, 0xDD2D,
    0xD4CB, 0xC409, 0xC408, 0xC408, 0xC408, 0xC3E8, 0xBBC7, 0xC3E7, 0xC3E8, 0xB3A7, 0xB386, 0xBBE8, 0xBBE8, 0xAB66, 0xAB46, 0xB3C8,
    0xA306, 0x92C5, 0xA367, 0xC46B, 0xC4AC, 0xE5D0, 0xEE31, 0xE5D0, 0xCC8B, 0xC429, 0xBBA8, 0x7A04, 0x69A3, 0x938A, 0xAC4D, 0xB4AE,
    0xC551, 0xD5D3, 0xD5F4, 0xD5F4, 0xD5F3, 0xD5F4, 0xDE35, 0xE656, 0xE676, 0xE676, 0xE697, 0xEEB8, 0xEEB8, 0xEED8, 0xEEF9, 0x7A86,
    0xCD6F, 0xFF56, 0xFEF5, 0xFEF5, 0xFEF5, 0xFEF5, 0xFF15, 0xFF15, 0xFEF5, 0xFEF5, 0xFEF5, 0xFEF5, 0xFEF5, 0xFED5, 0xFEF5, 0xFEF5,
    0xFEF5, 0xFEF5, 0xFED4, 0xFED5, 0xFEF5, 0xFEF5, 0xFED5, 0xFED4, 0xFED5, 0xFED5, 0xFF37, 0xFF99, 0xFFDB, 0xFFDB, 0xFFDB, 0xFFDB,
    0xFFDB, 0xFFDB, 0xFFDB, 0xFFDB, 0xFFDB, 0xFFDB, 0xFFDB, 0xFFBA, 0xFF99, 0xFF99, 0xFF99, 0xFF99, 0xFF99, 0xFF79, 0xFF79, 0xFF78,
    0xFF78, 0xFF78, 0xFF37, 0xFED5, 0xFEF5, 0xFEF5, 0xF6D5, 0xF694, 0xF6D5, 0xF798, 0xFFDB, 0xFFFB, 0xFFDB, 0xFFDB, 0xFFDB, 0xFFDB,
    0xFF35, 0xFFB8, 0xA48E, 0x1040, 0x39A5, 0x3984, 0x2923, 0x20E2, 0x18E2, 0x18C2, 0x10A1, 0x10A1, 0x10A1, 0x18E2, 0x2102, 0x18C2,
    0x10A2, 0x10A1, 0x0860, 0x0881, 0x0861, 0x0860, 0x0860, 0x0861, 0x0861, 0x0861, 0x0860, 0x0860, 0x0861, 0x0860, 0x0860, 0x0840,
    0x0840, 0x0860, 0x0860, 0x0860, 0x0860, 0x0860, 0x0860, 0x0860, 0x0000, 0x8C0E, 0xDE36, 0xEED8, 0xEF19, 0xF719, 0xEF19, 0xF77B,
    0xFFDD, 0xFFDC, 0xFFDC, 0xF79B, 0xF77B, 0xFFDD, 0xFFBC, 0xFF9B, 0xF71A, 0xF71A, 0xEF19, 0xE6B7, 0xE6B7, 0xE6B7, 0xE6B7, 0xE697,
    0xE6B7, 0xEED8, 0xEED7, 0xE676, 0xE697, 0xC571, 0x9369, 0xAC2C, 0xB4AE, 0x9B48, 0x71A1, 0x69A1, 0x71A1, 0x79E2, 0x9B25, 0x8A63,
    0x92A4, 0x9AE5, 0x9283, 0x9AE5, 0xC428, 0xCC6A, 0xC429, 0xB3A7, 0xBBC8, 0xBBE8, 0xBBE8, 0xC429, 0xC429, 0xC449, 0xB3C7, 0xB3A7,
    0xA346, 0x92C4, 0x92E5, 0xA346, 0xB3C7, 0xBBC8, 0xBBC8, 0xBBC7, 0xCC8A, 0xD4CB, 0xC428, 0xB3A7, 0xB3C7, 0xDD0B, 0xDD0C, 0xCC49,
    0xC408, 0xBBE8, 0xCC49, 0xCC49, 0xDD2D, 0xDD2D, 0xC408, 0xD4CB, 0xDD0C, 0xC429, 0xCC6A, 0xCC49, 0xCC49, 0xD4EC, 0xDD6E, 0xD4CB,
    0xCC49, 0xCC29, 0xC409, 0xC408, 0xD48A, 0xC408, 0xBBC7, 0xC3E7, 0xBBE8, 0xBBC7, 0xBBE7, 0xC428, 0xBBC7, 0xAB66, 0xAB67, 0xBBA8,
    0xA326, 0x9AE5, 0x92A5, 0x8A64, 0x8A84, 0x9B27, 0xABA9, 0xBC4B, 0xEE11, 0xD50D, 0xCC8B, 0xD4ED, 0x71C4, 0x59A4, 0xB48E, 0xAC6D,
    0xBD10, 0xD5D3, 0xD5F3, 0xD5D3, 0xD5F3, 0xD5F3, 0xDDF4, 0xDE35, 0xDE56, 0xE676, 0xE677, 0xE6B8, 0xEEB8, 0xEEB8, 0xEEF9, 0x7AA6,
    0xD590, 0xFF56, 0xFEF5, 0xFEF5, 0xFEF4, 0xFEF5, 0xFF15, 0xFF15, 0xFEF5, 0xFEF5, 0xFEF5, 0xFEF5, 0xFEF5, 0xFEF5, 0xFEF5, 0xFEF5,
    0xFEF5, 0xFEF5, 0xFEF5, 0xFEF5, 0xFEF5, 0xFEF5, 0xFED5, 0xFED5, 0xFED4, 0xFEF5, 0xFEF5, 0xFF36, 0xFFB9, 0xFFDB, 0xFFDB, 0xFFDB,
    0xFFDB, 0xFFDB, 0xFFDB, 0xFFDB, 0xFFBB, 0xFFDB, 0xFFDB, 0xFF57, 0xFED5, 0xFED5, 0xFED5, 0xFED5, 0xFED4, 0xF6B4, 0xF6B4, 0xF6B4,
    0xF6B4, 0xFEB4, 0xFEB4, 0xF6B4, 0xF6B4, 0xF6B4, 0xF6B4, 0xF6B4, 0xF6B4, 0xF6B4, 0xFF78, 0xFFBB, 0xFFDB, 0xFFDA, 0xFFDB, 0xFFDB,
    0xFF35, 0xFF56, 0xE694, 0x8BCB, 0x1060, 0x2922, 0x3143, 0x18C2, 0x10A1, 0x10A1, 0x10A1, 0x1081, 0x0860, 0x18C2, 0x2923, 0x18A1,
    0x0860, 0x0860, 0x0860, 0x0881, 0x0861, 0x0861, 0x0860, 0x0861, 0x0861, 0x0861, 0x0861, 0x0880, 0x0860, 0x0860, 0x0860, 0x0860,
    0x0840, 0x0860, 0x0860, 0x0860, 0x0860, 0x0860, 0x0020, 0x18E2, 0x7B8C, 0xBD52, 0xDE56, 0xE6B8, 0xEF19, 0xF719, 0xEF19, 0xF75A,
    0xFF9B, 0xFFBC, 0xF77B, 0xEF3A, 0xFFBC, 0xFFDC, 0xF79B, 0xF77B, 0xF71A, 0xEF19, 0xEF19, 0xE6D7, 0xE677, 0xF73A, 0xF73A, 0xEEF8,
    0xEEF9, 0xFF5A, 0xEEF8, 0xE676, 0xE676, 0xDE35, 0x8285, 0x6960, 0x71A1, 0x7A23, 0xA347, 0x9B47, 0x8A62, 0x9263, 0xA325, 0xAB87,
    0xA305, 0xAB66, 0x9AE4, 0x9AE4, 0xBBE8, 0xCC8A, 0xCC69, 0xCC49, 0xBC08, 0xBBE7, 0xBC08, 0xC429, 0xC449, 0xCC69, 0xBBE8, 0xBBE8,
    0xAB66, 0x9B05, 0x9B26, 0xA346, 0xAB87, 0xBBC8, 0xBBC8, 0xB3C7, 0xCC6A, 0xD4AA, 0xC429, 0xB3C7, 0xB3C7, 0xDD0B, 0xDD0C, 0xCC6A,
    0xCC8A, 0xC408, 0xC408, 0xCC49, 0xDD0C, 0xDD2D, 0xC429, 0xD4CB, 0xD4EB, 0xD4AB, 0xD4AB, 0xC449, 0xDD6E, 0xE58F, 0xCC8A, 0xD4AA,
    0xCC8A, 0xCC6A, 0xCC29, 0xCC49, 0xD4AA, 0xC408, 0xC3E8, 0xC408, 0xC3E8, 0xCC6A, 0xCC8A, 0xC408, 0xBBE8, 0xC408, 0xC408, 0xBBC8,
    0xA306, 0xA326, 0x8A64, 0x8224, 0x8A44, 0x8203, 0x79A3, 0x79A2, 0x9AE7, 0x92E6, 0x9AC6, 0xBBE9, 0x8A65, 0x9BAB, 0xAC6D, 0xB4CE,
    0xCD92, 0xD5D3, 0xD5F3, 0xD5F4, 0xDE14, 0xD614, 0xDE35, 0xE676, 0xE676, 0xE697, 0xEE97, 0xEEB8, 0xEEB8, 0xEED8, 0xEEF9, 0x7266,
    0xD5B0, 0xFF98, 0xFF15, 0xFEF5, 0xFEF5, 0xFEF5, 0xFEF5, 0xFEF5, 0xFEF5, 0xFEF5, 0xFEF5, 0xFEF5, 0xFED5, 0xFEF5, 0xFEF5, 0xFEF5,
    0xFEF5, 0xFEF5, 0xFEF5, 0xFED5, 0xFED5, 0xFEF5, 0xFEF5, 0xFEF5, 0xFEF5, 0xFEF5, 0xFEF5, 0xFEF5, 0xF716, 0xFFDA, 0xFFDB, 0xFFDA,
    0xFF99, 0xFF99, 0xFFB9, 0xFF57, 0xFEF5, 0xFEF6, 0xFEF5, 0xFED5, 0xFED5, 0xFED5, 0xFED5, 0xFED4, 0xFEB4, 0xFEB4, 0xF6B4, 0xFEB4,
    0xFEB4, 0xFEB4, 0xFEB4, 0xF694, 0xF6B4, 0xF6B4, 0xF6B4, 0xF6B4, 0xF6B4, 0xF6D4, 0xF6D4, 0xFF78, 0xFFDB, 0xFFDB, 0xFFDB, 0xFFDB,
    0xFF15, 0xFF14, 0xFF97, 0xE694, 0x6287, 0x20E2, 0x2943, 0x18C2, 0x10A1, 0x10A1, 0x10A1, 0x0881, 0x0860, 0x10A1, 0x2123, 0x10A1,
    0x0860, 0x0860, 0x0860, 0x0860, 0x0861, 0x0861, 0x0861, 0x0861, 0x0861, 0x0860, 0x0860, 0x0860, 0x0860, 0x0860, 0x0860, 0x0860,
    0x0860, 0x0840, 0x0860, 0x0860, 0x0860, 0x0860, 0x0860, 0x2923, 0xACF0, 0xCDD4, 0xD615, 0xE6D8, 0xFF9B, 0xF77A, 0xEF19, 0xF73A,
    0xEF39, 0xF73A, 0xEF19, 0xF75A, 0xFFBC, 0xFF9C, 0xFF9B, 0xF75A, 0xEF19, 0xEF19, 0xEF19, 0xE6B7, 0xDE56, 0xFF7B, 0xFF7B, 0xFF5A,
    0xFF5A, 0xFF5A, 0xEEF8, 0xE676, 0xDE56, 0xE696, 0x9349, 0x71C2, 0x92A4, 0x8A63, 0x92A4, 0xB3A8, 0xA346, 0x9283, 0xA2E4, 0xC429,
    0xBBE8, 0xB387, 0xB387, 0xAB66, 0xBBE8, 0xCC8A, 0xCC8A, 0xD48A, 0xC429, 0xBBE8, 0xBC08, 0xC428, 0xC469, 0xCC6A, 0xC449, 0xB3C7,
    0xB3A7, 0xAB87, 0xAB87, 0xAB67, 0xAB87, 0xB3C8, 0xBBC8, 0xBBC7, 0xCC8A, 0xD4AA, 0xC408, 0xBBC7, 0xC428, 0xDCEB, 0xDD0C, 0xD4AB,
    0xD4CB, 0xC429, 0xC3E8, 0xCC49, 0xD4AA, 0xCC8B, 0xD4CB, 0xDD2D, 0xD4EB, 0xD4CB, 0xD4CB, 0xEDF0, 0xDD4D, 0xD4AA, 0xD4EB, 0xDCEB,
    0xDCEB, 0xD4AB, 0xCC6A, 0xD4AA, 0xD4CA, 0xCC49, 0xCC49, 0xC429, 0xCC49, 0xD48A, 0xC449, 0xBBE8, 0xC408, 0xC3E8, 0xC408, 0xBBE8,
    0xB3A7, 0xBBC8, 0xA305, 0x8A64, 0x8A44, 0x8244, 0x79A3, 0x7162, 0x8A65, 0x8225, 0x71A2, 0x9285, 0x7A04, 0xA3CB, 0xAC6D, 0xBCEF,
    0xD5B2, 0xCDB2, 0xD5F3, 0xDE34, 0xDE34, 0xDE14, 0xE655, 0xE676, 0xE676, 0xE697, 0xEE97, 0xEEB8, 0xEEB8, 0xEEB8, 0xF719, 0x93AB,
    0x8B69, 0xA3EA, 0xEE94, 0xFF15, 0xFEF5, 0xFF15, 0xFEF5, 0xFEF5, 0xFEF5, 0xFEF5, 0xFEF5, 0xFEF5, 0xFEF5, 0xFEF5, 0xFED5, 0xFED5,
    0xFED4, 0xFED4, 0xFED4, 0xFED4, 0xFED4, 0xFED4, 0xFED4, 0xFED4, 0xFEF5, 0xFEF5, 0xFEF5, 0xFEF5, 0xFF16, 0xFF58, 0xFF57, 0xFF16,
    0xFEF5, 0xFEF5, 0xFEF5, 0xFEF5, 0xFED4, 0xFED4, 0xFEB4, 0xFED4, 0xFED5, 0xFED5, 0xFEF5, 0xFED4, 0xFEB4, 0xFEB4, 0xFEB4, 0xFEB4,
    0xFEB4, 0xFEB4, 0xFEB4, 0xF6B4, 0xF6B4, 0xF6B4, 0xF6B4, 0xF6B4, 0xF6B4, 0xFEB4, 0xFEB4, 0xF6D4, 0xFF98, 0xFFDB, 0xFFBB, 0xFFDB,
    0xFEF4, 0xFF15, 0xFEF5, 0xFF97, 0xCDB1, 0x20C1, 0x3164, 0x2903, 0x10A1, 0x10A1, 0x10A1, 0x1081, 0x0860, 0x10A1, 0x2923, 0x18C1,
    0x0860, 0x0880, 0x0860, 0x0860, 0x0861, 0x0861, 0x0861, 0x0861, 0x0861, 0x0861, 0x0860, 0x0860, 0x0860, 0x0860, 0x0861, 0x0860,
    0x0840, 0x0860, 0x0840, 0x0840, 0x0860, 0x0840, 0x6B0A, 0xA490, 0xB531, 0xCDD4, 0xD635, 0xEED8, 0xF77B, 0xFFBC, 0xFFBC, 0xFFBC,
    0xF73A, 0xEEF9, 0xEED8, 0xEF19, 0xFF7B, 0xFF7B, 0xF719, 0xEEF9, 0xEEF9, 0xEF19, 0xEF19, 0xE6D7, 0xD615, 0xDE76, 0xEF19, 0xE6D7,
    0xDE76, 0xE697, 0xE676, 0xE676, 0xE696, 0xEEF8, 0xAC4D, 0x6140, 0x8A83, 0x92A3, 0x92C3, 0x92C3, 0xBBC8, 0xC429, 0xAB25, 0xB387,
    0xC44A, 0xBBE8, 0xBBC8, 0xBBC8, 0xBBE8, 0xCC8A, 0xCC8A, 0xCC8A, 0xCC69, 0xBC08, 0xBC08, 0xC428, 0xC429, 0xCC69, 0xCC8A, 0xC449,
    0xBBE8, 0xB3A7, 0xB3A7, 0xABA7, 0xAB87, 0xB387, 0xBBC8, 0xBBE8, 0xCC8A, 0xD4AA, 0xCC49, 0xBC08, 0xCC89, 0xDD0B, 0xDD0B, 0xD4CA,
    0xD4CA, 0xCC29, 0xC3C7, 0xCC49, 0xD48A, 0xCC6A, 0xDD0C, 0xD50C, 0xDD0C, 0xDD0C, 0xDD2D, 0xEE10, 0xD50C, 0xD4AA, 0xDCEB, 0xDCEB,
    0xDD0C, 0xD4CB, 0xD4CB, 0xDCEB, 0xD4AB, 0xCC6A, 0xCC49, 0xC428, 0xCC6A, 0xCC8A, 0xC408, 0xC429, 0xC449, 0xC429, 0xC408, 0xC428,
    0xC428, 0xC429, 0xA346, 0x9AE5, 0x8A84, 0x8A63, 0x79A3, 0x6942, 0x8A85, 0x8AA6, 0x8AA6, 0x7183, 0x6101, 0xA3EB, 0xAC6D, 0xBCEF,
    0xCDB2, 0xD5B3, 0xDE14, 0xDE14, 0xDE14, 0xD5F3, 0xDE14, 0xDE55, 0xE676, 0xE676, 0xE697, 0xE6B8, 0xE6B7, 0xEEB8, 0xEED8, 0xEEF8,
    0xDE36, 0x7A45, 0xEE73, 0xFF36, 0xFEF5, 0xFEF5, 0xFEF5, 0xFEF5, 0xFEF5, 0xFEF4, 0xFED4, 0xFED5, 0xFEF5, 0xFED4, 0xFED4, 0xFED4,
    0xFED4, 0xFF15, 0xFF15, 0xFF15, 0xFF15, 0xFF57, 0xFF77, 0xFF57, 0xFF57, 0xFF78, 0xFF57, 0xFF79, 0xFFBA, 0xFFBA, 0xFF57, 0xF6D5,
    0xFED4, 0xFED4, 0xFED4, 0xFED4, 0xFED5, 0xFED4, 0xFED4, 0xFED4, 0xFED5, 0xFED5, 0xFED5, 0xFED4, 0xFEB4, 0xFEB4, 0xFEB4, 0xFEB4,
    0xFEB4, 0xFEB4, 0xFEB4, 0xFEB4, 0xF6B4, 0xF6B4, 0xFEB4, 0xF6B4, 0xF6B4, 0xFED4, 0xFEB4, 0xFEB4, 0xF6F5, 0xFF78, 0xFFDB, 0xFFBB,
    0xFEF4, 0xFF15, 0xFF15, 0xFF77, 0xBD2F, 0x20A1, 0x3184, 0x3144, 0x18C2, 0x0880, 0x10A1, 0x0880, 0x0880, 0x1081, 0x2923, 0x2102,
    0x0860, 0x0880, 0x0880, 0x0860, 0x0860, 0x0861, 0x0861, 0x0861, 0x0861, 0x0861, 0x0860, 0x0060, 0x0060, 0x0881, 0x0881, 0x0860,
    0x0840, 0x0860, 0x0840, 0x0840, 0x0860, 0x0040, 0x3164, 0xC594, 0xD615, 0xD615, 0xD635, 0xDE56, 0xF73A, 0xFFDC, 0xFFBC, 0xFFDC,
    0xFFBC, 0xEF3A, 0xEF19, 0xEEF9, 0xEF19, 0xEF19, 0xEED8, 0xEEB8, 0xE6B7, 0xEF19, 0xF719, 0xE6B7, 0xD635, 0xCDD3, 0xC531, 0xD614,
    0xD5F4, 0xD5F4, 0xD5D3, 0xC551, 0xC530, 0xCD71, 0xB46C, 0x8A64, 0x9283, 0x92A3, 0x9AE4, 0xAB45, 0xA304, 0xD4AC, 0xCCCC, 0xAB66,
    0xBBC8, 0xD4AB, 0xBBE8, 0xBBC8, 0xC3E8, 0xCC8A, 0xCC8A, 0xD4AA, 0xCC8A, 0xBC08, 0xC408, 0xC408, 0xC408, 0xCC69, 0xD4AA, 0xD4CB,
    0xC429, 0xBBE7, 0xBBE8, 0xB3C7, 0xAB86, 0xAB66, 0xBBC8, 0xBBC7, 0xCC8A, 0xD4AA, 0xCC69, 0xCC48, 0xCC89, 0xDD0B, 0xDD2C, 0xDD0B,
    0xDD2C, 0xCC29, 0xBBC7, 0xCC49, 0xD4AA, 0xD4AB, 0xDD4D, 0xD52D, 0xD4EC, 0xDD2D, 0xEE51, 0xD4EC, 0xD4EB, 0xD50B, 0xD4EB, 0xDCEB,
    0xDD0B, 0xDCEB, 0xDCEB, 0xDCEB, 0xD4AB, 0xCC69, 0xCC49, 0xD48A, 0xCC8A, 0xCC69, 0xCC6A, 0xCC6A, 0xCC6A, 0xCC49, 0xC428, 0xC429,
    0xC408, 0xB3A7, 0xA346, 0xA345, 0xAB46, 0xAB66, 0x79A2, 0x60C0, 0x6942, 0x8286, 0x8B07, 0x8AC6, 0x8286, 0xAC0B, 0xAC4D, 0xBCEF,
    0xCD92, 0xCD92, 0xDE14, 0xDE14, 0xDE14, 0xD5F3, 0xD5F3, 0xDE34, 0xE696, 0xE676, 0xE697, 0xE6B7, 0xE6B7, 0xEEB7, 0xEED8, 0xEEF8,
    0xE6B7, 0x7A86, 0xEE74, 0xFF36, 0xFEF5, 0xFEF5, 0xFEF5, 0xFEF5, 0xFEF4, 0xFEF4, 0xFED4, 0xFED4, 0xFEF5, 0xFF16, 0xFF16, 0xFF16,
    0xFF16, 0xFF78, 0xFF98, 0xFF98, 0xFF99, 0xFFDA, 0xFFFB, 0xFFFB, 0xFFFB, 0xFFFB, 0xFFDB, 0xFFDB, 0xFFDB, 0xFFDB, 0xFFB9, 0xFF37,
    0xFEF5, 0xFEF4, 0xFED5, 0xFEF4, 0xFEF4, 0xFED4, 0xFED4, 0xFED4, 0xFED5, 0xFED4, 0xFED4, 0xFED4, 0xFEB4, 0xFEB4, 0xFEB4, 0xFEB4,
    0xFEB4, 0xFEB4, 0xFE93, 0xF693, 0xF694, 0xFEB4, 0xF6B4, 0xFEB4, 0xFEB4, 0xFED4, 0xFED4, 0xFEB4, 0xFEB4, 0xFED4, 0xFF58, 0xFFBB,
    0xFEF4, 0xFF15, 0xFF15, 0xFF77, 0xC550, 0x28E1, 0x3184, 0x3164, 0x2923, 0x10A1, 0x1081, 0x0880, 0x0880, 0x0860, 0x10A1, 0x20E2,
    0x0860, 0x0880, 0x0880, 0x0860, 0x0860, 0x0860, 0x0860, 0x0861, 0x0881, 0x0881, 0x0860, 0x0060, 0x0060, 0x0860, 0x0861, 0x0860,
    0x0840, 0x0840, 0x0840, 0x0840, 0x0860, 0x0020, 0x2103, 0xBD73, 0xD5F5, 0xDE76, 0xD635, 0xE6B7, 0xFFBC, 0xFFBC, 0xF77B, 0xF73A,
    0xF73A, 0xEF19, 0xEEF9, 0xEEF9, 0xEEF8, 0xEED8, 0xEED8, 0xEEB8, 0xE677, 0xE676, 0xE696, 0xE676, 0xDE56, 0xD614, 0x82A7, 0x7A65,
    0xA3EB, 0xDE35, 0xDE34, 0xBCCE, 0x71E3, 0x71C2, 0x8243, 0x8223, 0x9AE5, 0xB386, 0xAB66, 0xBBE8, 0xBBC7, 0xBC08, 0xCC8A, 0xCCCB,
    0xBBE8, 0xCC6A, 0xCC4A, 0xBBE8, 0xBBE8, 0xCC6A, 0xCC8A, 0xD4AA, 0xDCEA, 0xCC89, 0xC407, 0xC408, 0xC428, 0xCC69, 0xD4AA, 0xD4AA,
    0xD4AA, 0xC449, 0xC429, 0xB3C7, 0xAB66, 0xAB66, 0xBBC7, 0xBC08, 0xD4AA, 0xD4AA, 0xCC69, 0xCC69, 0xD4A9, 0xDD0B, 0xE56D, 0xE5AD,
    0xE58D, 0xD48A, 0xC428, 0xCC49, 0xCC8A, 0xE56D, 0xDD6D, 0xDD4D, 0xDD4D, 0xE5D0, 0xEDF0, 0xE58D, 0xE58E, 0xDD4D, 0xD4EB, 0xDD2C,
    0xDD0C, 0xDCEC, 0xDCEB, 0xDCEB, 0xCC8A, 0xCC69, 0xD4CB, 0xDCEB, 0xD4AA, 0xCC6A, 0xCC6A, 0xCC6A, 0xCC8A, 0xCC6A, 0xD4AA, 0xCC49,
    0xBBE8, 0xB3A7, 0xBC08, 0xBBE8, 0xB387, 0xAB67, 0x9AC5, 0x9AE6, 0x8204, 0x6962, 0x8AE7, 0x9B69, 0x9B69, 0x9369, 0x9BCA, 0xBCCE,
    0xBCEF, 0xCD71, 0xD5B2, 0xD5F3, 0xDE14, 0xD5F3, 0xD5F3, 0xDE34, 0xE676, 0xE676, 0xE697, 0xE6B7, 0xE6B8, 0xEEB7, 0xEED7, 0xEEF8,
    0xE676, 0x7A66, 0xEE94, 0xFF36, 0xFF15, 0xFF15, 0xFF15, 0xFF36, 0xFF16, 0xFF16, 0xFF36, 0xFF57, 0xFF57, 0xFFB9, 0xFFDB, 0xFFDA,
    0xFFDA, 0xFFDB, 0xFFDB, 0xFFDB, 0xFFDB, 0xFFDB, 0xFFDB, 0xFFDB, 0xFFDB, 0xFFDB, 0xFFDB, 0xFFDB, 0xFFDA, 0xFFBA, 0xFFBA, 0xFFB9,
    0xFEF5, 0xFED4, 0xFED5, 0xFED4, 0xFEF4, 0xFED4, 0xFED4, 0xFED4, 0xFED4, 0xFED4, 0xFED4, 0xFED4, 0xFEB4, 0xFEB4, 0xFEB4, 0xFEB4,
    0xFEB4, 0xF693, 0xF693, 0xF693, 0xFE94, 0xFEB4, 0xFEB4, 0xFED4, 0xFEB4, 0xFEB4, 0xFED4, 0xFED4, 0xF6D4, 0xF6B4, 0xFED5, 0xFF37,
    0xFF36, 0xFF15, 0xFF15, 0xFEF5, 0xFF77, 0x940C, 0x1020, 0x2923, 0x3143, 0x2922, 0x2902, 0x18A1, 0x0860, 0x0860, 0x0860, 0x18C1,
    0x20E2, 0x0880, 0x0880, 0x0880, 0x0860, 0x0860, 0x0860, 0x0880, 0x0881, 0x0881, 0x0880, 0x0860, 0x0060, 0x0060, 0x0060, 0x0040,
    0x0040, 0x0840, 0x0840, 0x0860, 0x0000, 0x4206, 0xACF1, 0xC593, 0xD615, 0xEF19, 0xEEF9, 0xEEF9, 0xFFBB, 0xFF9B, 0xEF19, 0xEED8,
    0xEEF8, 0xEED8, 0xEEF8, 0xEED8, 0xEED8, 0xEED8, 0xEEB8, 0xEEB7, 0xE697, 0xE696, 0xDE56, 0xDE56, 0xDE35, 0xDE14, 0x8245, 0x7160,
    0x8224, 0x8AC6, 0x92E7, 0x9307, 0x9284, 0x9283, 0x9263, 0x8A43, 0xA305, 0xB366, 0xBBC7, 0xC429, 0xC429, 0xC408, 0xC408, 0xE58E,
    0xD50D, 0xC3E8, 0xCC6A, 0xC449, 0xC429, 0xCC4A, 0xCC49, 0xD4CA, 0xDD0B, 0xDCEA, 0xD489, 0xC428, 0xC408, 0xCC49, 0xCC89, 0xD4AA,
    0xD4AA, 0xDCEB, 0xCC6A, 0xB3A7, 0xB386, 0xB387, 0xB3C7, 0xD4CB, 0xDCEB, 0xD4CB, 0xCC68, 0xCC48, 0xD489, 0xD4C9, 0xE58D, 0xEE0F,
    0xEDAE, 0xD4CB, 0xD4CB, 0xD4AA, 0xD4AA, 0xDD6D, 0xDD4D, 0xDD4D, 0xDD8F, 0xF673, 0xE56E, 0xE58E, 0xE56E, 0xE56D, 0xE58D, 0xDD4D,
    0xDD0C, 0xDD0C, 0xDD0C, 0xD4AA, 0xD4AA, 0xD4EB, 0xDD0C, 0xD4AA, 0xCC8A, 0xCC8A, 0xD4AB, 0xD4AA, 0xD4AA, 0xD4AA, 0xCC8A, 0xCC6A,
    0xCC69, 0xD4AA, 0xBC08, 0xB386, 0xB387, 0xB386, 0xB3A7, 0xB3C7, 0xAB67, 0x9AE6, 0x7A24, 0x7A45, 0x9328, 0x9B89, 0x9BAA, 0xAC6D,
    0xB4AE, 0xC530, 0xC551, 0xCDB2, 0xDE14, 0xDDF3, 0xD5F3, 0xDE34, 0xE655, 0xE697, 0xE697, 0xE6B7, 0xE6B7, 0xEEB7, 0xEED8, 0xEEF8,
    0xE676, 0x7266, 0xEED5, 0xFF98, 0xFF78, 0xFFD9, 0xFFDA, 0xFFB9, 0xFFB9, 0xFFBA, 0xFFBA, 0xFFDA, 0xFFDA, 0xFFDA, 0xFFDB, 0xFFDB,
    0xFFDB, 0xFFDB, 0xFFDB, 0xFFDB, 0xFFDA, 0xFFDB, 0xFFDB, 0xFFDB, 0xFFDB, 0xFFDB, 0xFFDB, 0xFFDB, 0xFFBA, 0xFFBA, 0xFFBA, 0xFFBA,
    0xFF99, 0xFF15, 0xFEB4, 0xFED4, 0xFED4, 0xFED4, 0xFED4, 0xFED4, 0xFED4, 0xFED4, 0xFEB4, 0xFED4, 0xFEB4, 0xFEB4, 0xFEB4, 0xFEB4,
    0xFE93, 0xFE73, 0xFE93, 0xFEB4, 0xFEB4, 0xFEB4, 0xFEB4, 0xFEB4, 0xFEB4, 0xF6B4, 0xF6D4, 0xFED4, 0xFED4, 0xFED4, 0xF6B4, 0xF6B4,
    0xFF77, 0xFF15, 0xFEF5, 0xFEF5, 0xFF97, 0xA4AE, 0x28C2, 0x3963, 0x28E1, 0x2902, 0x3143, 0x20E1, 0x10A1, 0x1080, 0x0860, 0x18C1,
    0x2102, 0x18C1, 0x0860, 0x0880, 0x0880, 0x0880, 0x0860, 0x0860, 0x0860, 0x0860, 0x0060, 0x0060, 0x0060, 0x0060, 0x0040, 0x0040,
    0x0040, 0x0040, 0x0040, 0x0860, 0x0000, 0x5A88, 0xDE36, 0xCDB4, 0xD615, 0xEED8, 0xF73A, 0xFFBC, 0xFFBC, 0xF75A, 0xEEF9, 0xEEF9,
    0xEEF9, 0xEEF8, 0xEED8, 0xEED8, 0xE6B7, 0xE676, 0xE677, 0xE676, 0xE676, 0xE696, 0xDE56, 0xDE35, 0xE696, 0xA40C, 0x71A2, 0x79A1,
    0x79A1, 0x92C5, 0xA327, 0xA347, 0xB3E9, 0xBC09, 0xBC09, 0xBC09, 0xC46B, 0xC46B, 0xB3A7, 0xBBE8, 0xC3E8, 0xC429, 0xC429, 0xC44A,
    0xE5AF, 0xCC8A, 0xCC49, 0xCC4A, 0xCC49, 0xCC49, 0xCC49, 0xDD0B, 0xE54C, 0xE54C, 0xDD2B, 0xC428, 0xC428, 0xC428, 0xC449, 0xD4CA,
    0xD4AA, 0xD4CB, 0xCC6A, 0xC428, 0xB3A7, 0xB387, 0xB3A7, 0xD4CB, 0xDD0C, 0xDCCB, 0xD469, 0xCC48, 0xD489, 0xD4A9, 0xE56C, 0xEE0F,
    0xEDCE, 0xD4AB, 0xD4CB, 0xCC69, 0xD4AA, 0xDD4D, 0xDD2D, 0xDD4E, 0xEE32, 0xEE11, 0xE5AF, 0xE58E, 0xE58E, 0xEDF0, 0xEDAE, 0xDD0C,
    0xDD2C, 0xDD0C, 0xD4EB, 0xD4EB, 0xDD2D, 0xDD2D, 0xDD0C, 0xD4AB, 0xD4EB, 0xDD2D, 0xD4CB, 0xCC8A, 0xD4AA, 0xD4AB, 0xD4AB, 0xD4AB,
    0xD4AB, 0xCC8A, 0xBBE8, 0xBC08, 0xC428, 0xC428, 0xC428, 0xC429, 0xC449, 0xCC69, 0xA327, 0x8A86, 0x69C3, 0x9B69, 0x9B89, 0xAC2C,
    0xB48E, 0xB48E, 0xBCCF, 0xCD92, 0xDE14, 0xDE14, 0xD5F3, 0xDE14, 0xDE35, 0xE676, 0xE697, 0xE6B7, 0xEEB7, 0xEEB7, 0xEED8, 0xEEF8,
    0xE676, 0x7266, 0xF758, 0xFFFB, 0xFFFB, 0xE695, 0xDE75, 0xFFBA, 0xFFDA, 0xFFDA, 0xFFFA, 0xFFB9, 0xFFBA, 0xFFB9, 0xFF99, 0xFF99,
    0xFFDB, 0xFFDB, 0xFFDB, 0xFFDB, 0xFFDB, 0xFFDB, 0xFFDB, 0xFFDB, 0xFFDB, 0xFFDB, 0xFFDB, 0xFFDB, 0xFFBA, 0xFFBA, 0xFFBA, 0xFFBA,
    0xFFDA, 0xFF79, 0xFF16, 0xFED4, 0xFED4, 0xFED4, 0xFED4, 0xFED4, 0xFED4, 0xFED4, 0xFED4, 0xFED4, 0xFEB4, 0xFEB4, 0xFEB4, 0xFEB4,
    0xFEB4, 0xFE93, 0xFE93, 0xFEB4, 0xFEB4, 0xFEB4, 0xFEB4, 0xFEB4, 0xFEB4, 0xF6B4, 0xF6B3, 0xF6B4, 0xFEB4, 0xF6B4, 0xF694, 0xF6B4,
    0xFF57, 0xFF15, 0xFEF5, 0xFF15, 0xFF15, 0xF6D5, 0xF736, 0x9C4D, 0x0000, 0x20A0, 0x2902, 0x2922, 0x2923, 0x18E2, 0x0840, 0x18A1,
    0x2923, 0x2102, 0x0880, 0x0860, 0x0880, 0x0880, 0x0860, 0x0860, 0x0840, 0x0040, 0x0060, 0x0040, 0x0040, 0x0040, 0x0040, 0x0040,
    0x0040, 0x0040, 0x0040, 0x0860, 0x0000, 0x5A68, 0xD614, 0xCDD4, 0xD5F4, 0xE6B7, 0xF739, 0xEF3A, 0xF73A, 0xF73A, 0xEED8, 0xEED8,
    0xEED8, 0xEED8, 0xEED8, 0xEED8, 0xDE56, 0xD614, 0xDE35, 0xDE35, 0xDE15, 0xDE55, 0xE697, 0xDE14, 0xA3EB, 0x71E3, 0x79E2, 0xABA9,
    0xB3E9, 0xBC2A, 0xBC2A, 0xBC2A, 0xBC2A, 0xBC0A, 0xCC6B, 0xCC8B, 0xCCAC, 0xD52E, 0xD50D, 0xDD2E, 0xD4CC, 0xBC08, 0xC449, 0xCC49,
    0xCCAB, 0xE5AF, 0xC46A, 0xC449, 0xCC49, 0xCC49, 0xCC49, 0xDCCB, 0xDD2B, 0xE56C, 0xDD2C, 0xD4CA, 0xCC89, 0xC428, 0xC449, 0xD4CA,
    0xD4AA, 0xDD0C, 0xDCEB, 0xCC8A, 0xB3C7, 0xB387, 0xB3A7, 0xCC69, 0xD4CB, 0xDCCB, 0xD489, 0xCC48, 0xD489, 0xDCCA, 0xE58D, 0xEE0F,
    0xEDCE, 0xDD2C, 0xDD2C, 0xCC49, 0xD4AA, 0xDD6E, 0xDD2D, 0xE58E, 0xEE72, 0xE5EF, 0xEDF0, 0xE5AF, 0xEE31, 0xF651, 0xDD2C, 0xE54D,
    0xE56D, 0xE56D, 0xE58E, 0xEDEF, 0xE5AE, 0xE56D, 0xDD2D, 0xE54D, 0xDD2D, 0xD4EC, 0xCCAB, 0xD4CB, 0xD4CB, 0xD4AA, 0xD4CB, 0xD4AB,
    0xCC8A, 0xCC69, 0xC429, 0xCC49, 0xC449, 0xC449, 0xC449, 0xC449, 0xCC6A, 0xCC6A, 0xD4CA, 0xC46A, 0x9B27, 0x69A3, 0x8AE7, 0xAC6D,
    0xB48E, 0xB46D, 0xB48E, 0xCDB2, 0xDE13, 0xDE14, 0xDE14, 0xDE14, 0xDE14, 0xDE14, 0xE676, 0xE696, 0xE676, 0xE6B7, 0xEEB7, 0xEED8,
    0xE676, 0x6A45, 0xC551, 0xCDF3, 0xCDD3, 0x8AE6, 0x82C5, 0xEF38, 0xF799, 0xEF17, 0xD5F2, 0xF716, 0xFF37, 0xFF57, 0xFF99, 0xFFFB,
    0xFFDA, 0xFFDA, 0xFFDB, 0xFFDB, 0xFFDB, 0xFFDB, 0xFFDB, 0xFFDB, 0xFFDB, 0xFFDB, 0xFFDB, 0xFFDB, 0xFFBA, 0xFFDA, 0xFFDA, 0xFFDA,
    0xFFBA, 0xFFDB, 0xFFB9, 0xF6F6, 0xF6B4, 0xFED4, 0xFED4, 0xFED4, 0xFED4, 0xFED4, 0xFED4, 0xFEB4, 0xFEB4, 0xFEB4, 0xFEB4, 0xFEB4,
    0xFEB4, 0xFE94, 0xFEB4, 0xFEB4, 0xFEB4, 0xFEB4, 0xFEB4, 0xFEB4, 0xFED4, 0xFED4, 0xF6B3, 0xF693, 0xF6B3, 0xF693, 0xF694, 0xF694,
    0xFF77, 0xFF36, 0xFEF5, 0xFF15, 0xFF15, 0xFF15, 0xFF56, 0xDE33, 0xB530, 0x8BEC, 0x0000, 0x20E1, 0x3143, 0x2922, 0x2102, 0x2922,
    0x2922, 0x2102, 0x10A1, 0x1081, 0x0880, 0x0880, 0x0860, 0x0860, 0x0840, 0x0840, 0x0860, 0x0860, 0x0840, 0x0040, 0x0040, 0x0040,
    0x0040, 0x0040, 0x0060, 0x0860, 0x0000, 0x5A68, 0xD615, 0xCDD4, 0xD5F5, 0xDE56, 0xE697, 0xDE76, 0xEEF8, 0xEEF9, 0xE6B8, 0xE6B8,
    0xE6B8, 0xEED8, 0xF719, 0xEED8, 0xD5F4, 0xD5D3, 0xD5F4, 0xDE15, 0xDE35, 0xBCEF, 0xA3EB, 0xA3AA, 0x71C2, 0x9B27, 0xC4AC, 0xB3C9,
    0x9AC5, 0x81E2, 0x8A02, 0x9AC4, 0x9AC4, 0x9AA3, 0xAB25, 0xB365, 0xB366, 0xBBE7, 0xD4CC, 0xD4CC, 0xE58F, 0xE5AF, 0xDD2C, 0xCC6A,
    0xCC6A, 0xDD6E, 0xE58E, 0xC449, 0xCC29, 0xC428, 0xC429, 0xCC29, 0xD4CA, 0xE56D, 0xE52C, 0xDCEB, 0xD4CA, 0xCC89, 0xCC89, 0xD4AA,
    0xD4CB, 0xE56D, 0xDD2C, 0xCC8A, 0xB3C7, 0xB3A7, 0xBBA7, 0xBBC7, 0xCC49, 0xD4CB, 0xD489, 0xCC48, 0xD469, 0xE50B, 0xEDCD, 0xEDEF,
    0xEDCF, 0xE56D, 0xE5AE, 0xCC49, 0xD4CB, 0xDD4D, 0xDD2D, 0xE5AE, 0xEDF0, 0xE5F0, 0xEDF0, 0xEE31, 0xF693, 0xEDF0, 0xDD0B, 0xDD2C,
    0xDD2C, 0xE52C, 0xE54D, 0xDD0C, 0xDD4D, 0xE54D, 0xE58E, 0xEDAF, 0xEDAF, 0xD50C, 0xD4EC, 0xDD4D, 0xD50C, 0xDCEC, 0xD4AA, 0xCC8A,
    0xC449, 0xCC69, 0xCC69, 0xCC69, 0xCC8A, 0xD4AA, 0xCC69, 0xCC69, 0xD4AA, 0xD4CB, 0xD4AA, 0xD4CA, 0xD50B, 0xABA7, 0x7A24, 0x82C8,
    0xBCCF, 0xAC6D, 0xB48E, 0xC510, 0xDE13, 0xDE14, 0xDDF4, 0xDE14, 0xD614, 0xDE35, 0xDE55, 0xDE55, 0xDE55, 0xE697, 0xEEB7, 0xEED8,
    0xE6B7, 0x7225, 0x71E2, 0x8264, 0x8264, 0xC4AC, 0xD52E, 0x9B47, 0x8285, 0x9B88, 0xCD0D, 0xE611, 0xC4AD, 0xA3C9, 0xCDD2, 0xCDD2,
    0xF758, 0xFFFB, 0xFFFB, 0xFFFB, 0xFFBA, 0xFFDB, 0xFFDB, 0xFFDB, 0xFFDB, 0xFFDB, 0xFFDB, 0xFFDB, 0xFFBA, 0xFFBA, 0xFFBA, 0xFFBB,
    0xFFBA, 0xFFBA, 0xFFBA, 0xFFBA, 0xF716, 0xFED4, 0xFED4, 0xFED4, 0xFEF5, 0xFED4, 0xFED4, 0xFED4, 0xFED4, 0xFED4, 0xFED4, 0xFEB4,
    0xFEB4, 0xFEB4, 0xFEB4, 0xFEB4, 0xFEB4, 0xFEB4, 0xFEB4, 0xFED4, 0xFED5, 0xFED4, 0xFEB4, 0xFEB4, 0xFEB4, 0xFEB4, 0xFEB4, 0xFEB4,
    0xFFFA, 0xFF57, 0xFED5, 0xFEF5, 0xFF15, 0xFF15, 0xFF15, 0xFF36, 0xFFB8, 0xEEB5, 0xACEF, 0x734A, 0x0800, 0x2902, 0x41A3, 0x3983,
    0x20E1, 0x18C1, 0x20E1, 0x18C1, 0x0860, 0x0860, 0x0860, 0x0860, 0x0860, 0x0860, 0x0860, 0x0861, 0x0860, 0x0840, 0x0840, 0x0040,
    0x0060, 0x0040, 0x0020, 0x0040, 0x0820, 0x5A68, 0xD615, 0xCDF4, 0xD615, 0xDE36, 0xDE56, 0xDE56, 0xEED8, 0xEED8, 0xE6B8, 0xE6B8,
    0xEEB8, 0xF719, 0xF719, 0xE697, 0xDE56, 0xC530, 0xC551, 0xDE35, 0xE655, 0x9B8A, 0x58C0, 0x71C2, 0xA368, 0xCCCC, 0x9284, 0x81C1,
    0x8202, 0x9263, 0x9283, 0xA325, 0xB386, 0xB366, 0xB366, 0xB366, 0xC429, 0xC428, 0xB3A7, 0xBBE7, 0xD4EC, 0xE5CF, 0xE5AF, 0xD4CB,
    0xCCAA, 0xCCAB, 0xE5AE, 0xD50C, 0xC408, 0xCC29, 0xC408, 0xCC29, 0xD4AA, 0xE58D, 0xE58D, 0xDD2C, 0xDD0B, 0xD4CA, 0xD4AA, 0xD48A,
    0xD4AA, 0xE54C, 0xE52C, 0xCC8A, 0xC429, 0xBBC7, 0xB3A7, 0xBBE8, 0xCC69, 0xDCEB, 0xD489, 0xCC27, 0xD489, 0xDD0B, 0xE5AD, 0xEE0F,
    0xEE0F, 0xEE0F, 0xE5AE, 0xCC49, 0xCC89, 0xD4AA, 0xDD2D, 0xE58E, 0xEE10, 0xEE31, 0xEE52, 0xF693, 0xEE11, 0xDD4D, 0xE52C, 0xE50C,
    0xDD2C, 0xDCEB, 0xD4EB, 0xDD2C, 0xE54D, 0xDD2C, 0xDD0C, 0xD4CB, 0xDD2C, 0xE58E, 0xE58E, 0xDD6D, 0xD4EB, 0xD4CB, 0xCC89, 0xD4CA,
    0xD4CB, 0xD4AA, 0xD4CA, 0xD4EB, 0xD4AA, 0xCC8A, 0xD4AB, 0xD4AB, 0xD4AA, 0xD4AB, 0xD4CA, 0xD4CA, 0xCCAA, 0xDD2C, 0xA388, 0x7224,
    0x8B07, 0xB4CE, 0xB48E, 0xBCCF, 0xCD92, 0xDDF4, 0xDDF4, 0xDDF4, 0xDE14, 0xDE35, 0xDE35, 0xDE55, 0xDE55, 0xE696, 0xEEB7, 0xF718,
    0xB4AE, 0x69E3, 0xB409, 0xBC49, 0xCCCB, 0xD50D, 0xCD0D, 0xB409, 0xAB88, 0xAC09, 0xDDAF, 0xD56E, 0x9B88, 0x8AC5, 0x8AE6, 0x9306,
    0xDE74, 0xEF17, 0xEEF7, 0xEF38, 0xFFDA, 0xFFBA, 0xFFBA, 0xFFBA, 0xFFDB, 0xFFDB, 0xFFDB, 0xFFDB, 0xFFBA, 0xFFBA, 0xFFBA, 0xFFBA,
    0xFFBA, 0xFFBA, 0xFFBA, 0xFFBB, 0xFFBA, 0xFF17, 0xFED4, 0xFED4, 0xFED4, 0xFED4, 0xFED4, 0xFED4, 0xFED4, 0xFED4, 0xFED4, 0xFED4,
    0xFEB4, 0xFEB4, 0xFEB4, 0xFEB4, 0xFEB4, 0xFEB4, 0xFED5, 0xFED5, 0xFED5, 0xFED4, 0xFEB4, 0xFEB4, 0xFE93, 0xFE93, 0xFE94, 0xFEB4,
    0xFFFB, 0xFF98, 0xFF36, 0xFEF5, 0xFEF5, 0xFF15, 0xFEF5, 0xFEF5, 0xFED5, 0xFEF5, 0xFF97, 0xD612, 0x83AB, 0x28E2, 0x20C1, 0x3143,
    0x3163, 0x2902, 0x2922, 0x20E1, 0x0860, 0x0860, 0x0860, 0x0860, 0x0860, 0x0860, 0x0860, 0x0860, 0x0860, 0x0860, 0x0860, 0x0860,
    0x0060, 0x0880, 0x2923, 0x20C2, 0x732A, 0xA48F, 0xCDB3, 0xD635, 0xDE36, 0xDE56, 0xDE56, 0xDE56, 0xE697, 0xE6B8, 0xEEB8, 0xE6B8,
    0xEED8, 0xF719, 0xEED8, 0xE6B7, 0xEEB7, 0xBCCF, 0xAC6D, 0xCD92, 0xE676, 0x9BAB, 0x6982, 0xBC6C, 0xC46C, 0x81E2, 0x81E2, 0x8A22,
    0x8A22, 0xA2C4, 0xAB45, 0xAB45, 0xB366, 0xBBA7, 0xB3A7, 0xB386, 0xBBE7, 0xCC49, 0xC429, 0xC429, 0xCC6A, 0xCCAB, 0xDD4D, 0xEDEF,
    0xDD2C, 0xD4EB, 0xD4CB, 0xD50C, 0xCC29, 0xC428, 0xC408, 0xCC49, 0xD4CA, 0xEDAE, 0xEDCE, 0xE5AE, 0xDD6D, 0xE56D, 0xD4AA, 0xD489,
    0xD489, 0xDCEA, 0xE54C, 0xCC69, 0xCC6A, 0xBBC7, 0xB3A7, 0xC408, 0xCC69, 0xD4CB, 0xD4AA, 0xD469, 0xDCA9, 0xDD0B, 0xE58D, 0xEE0F,
    0xEE10, 0xF630, 0xEDAE, 0xCC69, 0xCC69, 0xCC69, 0xDD4D, 0xE5AE, 0xEE31, 0xF693, 0xF6B3, 0xF6B4, 0xEE11, 0xDD4C, 0xDD2C, 0xDD2C,
    0xDD0C, 0xE56D, 0xEDCE, 0xEDAE, 0xDD4C, 0xD4EB, 0xE54C, 0xE56D, 0xE54D, 0xDD2C, 0xDD2C, 0xE54D, 0xDD2C, 0xDD0B, 0xDCEB, 0xD4CA,
    0xD4CB, 0xD4CA, 0xD4EB, 0xDD2C, 0xDD0B, 0xD4EB, 0xDD0B, 0xDD0B, 0xDCEB, 0xD4EB, 0xCCAA, 0xCCCB, 0xCCCB, 0xCCCB, 0xD52C, 0xBC49,
    0x7A44, 0x9BAA, 0xB48E, 0xBCEF, 0xC510, 0xD5D3, 0xDE13, 0xDE14, 0xDE14, 0xDE35, 0xE676, 0xE676, 0xE676, 0xE697, 0xEEB7, 0xEEF8,
    0xC572, 0x6A24, 0xABC9, 0xCCEC, 0xBC8B, 0xC4AB, 0xBC6A, 0xC4AB, 0xCD0D, 0xCD2D, 0xC4ED, 0xB42A, 0xB42A, 0xC4CC, 0xCCEC, 0xC4CC,
    0x8285, 0x7A65, 0x7A24, 0x93A9, 0xFFFC, 0xFFFC, 0xFFFC, 0xFFFB, 0xFFBA, 0xFFBA, 0xFFDB, 0xFFDB, 0xFFDB, 0xFFDB, 0xFFDA, 0xFFBA,
    0xFFBA, 0xFFBB, 0xFFBA, 0xFFBA, 0xFFBA, 0xFFBA, 0xFF36, 0xFED4, 0xFED4, 0xFED4, 0xFEB4, 0xFED4, 0xFED5, 0xFED4, 0xFED4, 0xFED4,
    0xFEB4, 0xFEB4, 0xFEB4, 0xFEB4, 0xFEB4, 0xFED4, 0xFED4, 0xFED4, 0xFEF5, 0xFED4, 0xFEB4, 0xFEB4, 0xFEB4, 0xF6B4, 0xFEB4, 0xFEB4,
    0xFFFB, 0xFFFA, 0xFF97, 0xFEF5, 0xFED5, 0xFEF5, 0xFEF5, 0xFEF5, 0xFEF4, 0xF6D4, 0xF693, 0xFEF4, 0xF6F5, 0x41C5, 0x3144, 0x3123,
    0x3143, 0x3163, 0x3143, 0x2922, 0x18C1, 0x18C2, 0x10A1, 0x0860, 0x0860, 0x0860, 0x0860, 0x0860, 0x0860, 0x0860, 0x0860, 0x0860,
    0x0840, 0x0861, 0x7B8C, 0xACB0, 0xB4F1, 0xBD52, 0xC593, 0xDE56, 0xDE56, 0xDE36, 0xE697, 0xEED8, 0xEED8, 0xEED8, 0xEED8, 0xE6B8,
    0xEED8, 0xEEF9, 0xEEF8, 0xEED8, 0xE676, 0xCD92, 0xC530, 0xCD51, 0xD592, 0x8AC7, 0xABCA, 0xCCAD, 0x79A1, 0x8A43, 0xA2E5, 0x9AC4,
    0x9AC4, 0xA2E4, 0xB386, 0xB386, 0xB3A7, 0xBBC7, 0xBBC7, 0xBBE8, 0xBBC7, 0xC408, 0xCC6A, 0xC429, 0xCC69, 0xD4EB, 0xDD2D, 0xE54D,
    0xEDCF, 0xEDCF, 0xD4EC, 0xD4CB, 0xD4AA, 0xCC49, 0xC3E8, 0xCC69, 0xD4CB, 0xEDCE, 0xEDCE, 0xEDCE, 0xEDEF, 0xEDCE, 0xD4AA, 0xD489,
    0xD489, 0xDCCA, 0xE54D, 0xD4AA, 0xD48A, 0xBBC7, 0xBBA7, 0xBBE8, 0xD48A, 0xDCEB, 0xDCA9, 0xDCAA, 0xDCCA, 0xDCEB, 0xE58D, 0xEE0F,
    0xEE10, 0xF630, 0xE5AE, 0xCC69, 0xCC69, 0xD48A, 0xD4EB, 0xE56D, 0xEE52, 0xF6B4, 0xF693, 0xF693, 0xEE31, 0xE54D, 0xDD2C, 0xE54D,
    0xE56D, 0xEDEF, 0xEDEF, 0xDD6D, 0xDD4D, 0xE56D, 0xE58D, 0xE56D, 0xDD4D, 0xDD0C, 0xDCEB, 0xD4EB, 0xD4CA, 0xD4CA, 0xD4CB, 0xD4CB,
    0xD4CB, 0xD4CA, 0xD4EB, 0xD50B, 0xDD0C, 0xDD2B, 0xE56C, 0xE56C, 0xDD4C, 0xDD2C, 0xD50B, 0xD50B, 0xD50B, 0xD50B, 0xD50B, 0xDD4C,
    0xABA8, 0x7A03, 0xAC2C, 0xC510, 0xC530, 0xCD92, 0xD5D3, 0xDE34, 0xDE35, 0xE676, 0xEE97, 0xE697, 0xEEB7, 0xEEB7, 0xEED8, 0xEED8,
    0xF719, 0xA46E, 0x8B49, 0xAC09, 0xBC8B, 0xBC6B, 0xBC8B, 0xBCAB, 0xBCAC, 0xB44A, 0xB44A, 0xB42A, 0xB44B, 0xBC6B, 0xBC8B, 0xB46B,
    0xB44A, 0xBC4A, 0xBC6B, 0xAC0A, 0x8B69, 0x938A, 0x8B49, 0xBD30, 0xFFFD, 0xFFFC, 0xFFBB, 0xFFBA, 0xFFBB, 0xFFBA, 0xFFDB, 0xFFBA,
    0xFFBA, 0xFFBA, 0xFFBA, 0xFFBA, 0xFFBA, 0xFFBA, 0xFFDB, 0xFF16, 0xFEB4, 0xFED4, 0xFED5, 0xFED4, 0xFED4, 0xFED4, 0xFED5, 0xFED4,
    0xFED4, 0xFED4, 0xFED4, 0xFED4, 0xFED5, 0xFED5, 0xFED4, 0xFEB4, 0xFEB4, 0xFEB4, 0xF693, 0xFEB4, 0xFEB4, 0xFED4, 0xFED4, 0xFED4,
    0xFFFA, 0xFFFA, 0xFF77, 0xFEF5, 0xFF15, 0xFF15, 0xFF15, 0xFEF5, 0xFF36, 0xFF98, 0xFF99, 0xFF9A, 0xF799, 0xF79B, 0xFFDC, 0x62E9,
    0x20E1, 0x20E2, 0x28E2, 0x3143, 0x2902, 0x18E2, 0x18E2, 0x10A1, 0x0860, 0x0840, 0x0840, 0x0860, 0x0860, 0x0840, 0x0860, 0x0840,
    0x0861, 0x0000, 0x62C9, 0xCDB4, 0xBD52, 0xBD52, 0xC593, 0xDE36, 0xDE56, 0xDE56, 0xE6B7, 0xEEF9, 0xEED8, 0xEEB8, 0xEEB8, 0xEEB8,
    0xEEF8, 0xF719, 0xF719, 0xEEB7, 0xDE34, 0xDE14, 0xDE55, 0xA3CA, 0x7A03, 0xBC6C, 0xCCCD, 0x9284, 0x9283, 0x9283, 0xA2E4, 0xA325,
    0xAB45, 0xAB66, 0xB365, 0xB366, 0xBBC7, 0xBBE8, 0xBBE8, 0xBBE8, 0xBBE7, 0xBBE8, 0xCC49, 0xDCCB, 0xD4CB, 0xD4EB, 0xDD4D, 0xE56E,
    0xE5AF, 0xEDF0, 0xE5AF, 0xD4EC, 0xD4CB, 0xD4AA, 0xC3E8, 0xCC69, 0xD4CB, 0xEDCE, 0xEDCE, 0xEDCE, 0xEDEF, 0xEDAE, 0xCC8A, 0xD489,
    0xD489, 0xDCCA, 0xE54D, 0xED8D, 0xD4CB, 0xBBA7, 0xBBA7, 0xBBA7, 0xD4AA, 0xDCEB, 0xD489, 0xDCA9, 0xDCCA, 0xDD0B, 0xE58D, 0xEE0F,
    0xEE0F, 0xF630, 0xE5AE, 0xCC69, 0xCC69, 0xD48A, 0xD4CA, 0xE56D, 0xF672, 0xF6B4, 0xF6B4, 0xF693, 0xEE10, 0xE54D, 0xDD2C, 0xE5AE,
    0xEDEF, 0xEDEF, 0xEDEF, 0xEDCF, 0xE5AE, 0xE58D, 0xE58E, 0xE58D, 0xE58D, 0xE56D, 0xDD4D, 0xDD0C, 0xD4AA, 0xD4CA, 0xD4EB, 0xD4CA,
    0xD4CA, 0xD4CA, 0xD4CB, 0xDD2C, 0xDD2C, 0xDD2C, 0xE56C, 0xE56D, 0xE56D, 0xE56D, 0xDD4C, 0xDD2C, 0xDD4C, 0xDD4C, 0xDD4C, 0xD52C,
    0xE5AE, 0x9B67, 0x71C3, 0xAC2C, 0xC551, 0xCD71, 0xCD92, 0xD5F3, 0xE655, 0xE696, 0xEE97, 0xE697, 0xEEB7, 0xEEB7, 0xEED8, 0xEED8,
    0xEED8, 0xFF7B, 0xAC6E, 0x7A64, 0xC4CC, 0xBC6B, 0xBC6B, 0xBCAC, 0xBC8B, 0xB42A, 0xB42A, 0xB44A, 0xB46B, 0xBC8B, 0xBC6B, 0xB44A,
    0xC4CC, 0xC4CB, 0xCD0C, 0xC48B, 0x9B47, 0x9B47, 0x9306, 0x9BCA, 0xCDF3, 0xCDD3, 0xFFDA, 0xFFFD, 0xFFFC, 0xFFFB, 0xFFBA, 0xFFBA,
    0xFFBA, 0xFFBA, 0xFFBA, 0xFFBA, 0xFFBA, 0xFFBA, 0xFFBA, 0xFFBA, 0xF737, 0xFEB4, 0xFED5, 0xFED4, 0xFED5, 0xFED4, 0xFED4, 0xFED4,
    0xFED5, 0xFED4, 0xFED4, 0xFED5, 0xFED5, 0xFED5, 0xFED4, 0xFEB4, 0xF693, 0xF693, 0xF693, 0xFED4, 0xFED4, 0xFED4, 0xFED4, 0xFED4,
    0xFF36, 0xFF36, 0xFF16, 0xFF98, 0xFFB9, 0xFFB9, 0xFFDA, 0xFF99, 0xFFBA, 0xFFFB, 0xFFFC, 0xFFFC, 0xFFFC, 0xFFFC, 0xFFDB, 0xF79C,
    0x7BAD, 0x1081, 0x3163, 0x2922, 0x2923, 0x2923, 0x2922, 0x20E2, 0x10A1, 0x1081, 0x1081, 0x10A1, 0x1081, 0x10A1, 0x1080, 0x0840,
    0x1081, 0x0000, 0x6AEA, 0xDE15, 0xC573, 0xD615, 0xDE36, 0xDE36, 0xDE56, 0xDE36, 0xE6B7, 0xEF19, 0xEEF9, 0xF719, 0xEED8, 0xEED8,
    0xEEF8, 0xEED7, 0xEEB7, 0xDE55, 0xD5D3, 0xD5D3, 0xD5D3, 0x9B48, 0x8AA6, 0xDDB1, 0x92E5, 0xB387, 0xB387, 0xAB46, 0xA325, 0xAB45,
    0xAB45, 0xAB66, 0xB366, 0xB366, 0xB386, 0xBBE8, 0xC428, 0xC408, 0xC408, 0xC429, 0xC449, 0xCC69, 0xD4AB, 0xDD0C, 0xDD4D, 0xE58F,
    0xEDCF, 0xEDD0, 0xEDF0, 0xE5AF, 0xDD2C, 0xD4CB, 0xCC49, 0xCC69, 0xD4CB, 0xEDCE, 0xEDEF, 0xEDEF, 0xEE0F, 0xEDCE, 0xE54D, 0xD4AA,
    0xDCAA, 0xDCAA, 0xD489, 0xED8D, 0xE52C, 0xC408, 0xB3A7, 0xBBA7, 0xD48A, 0xDCEB, 0xDCEA, 0xDCCA, 0xDCCA, 0xDD0B, 0xE58D, 0xEE0F,
    0xEE0F, 0xEE10, 0xEE0F, 0xDD2C, 0xCC48, 0xC428, 0xCC48, 0xE58E, 0xF672, 0xF693, 0xF6B4, 0xEE72, 0xE5CF, 0xEDCF, 0xEE10, 0xEE30,
    0xEE10, 0xEE10, 0xEE10, 0xEE30, 0xEE30, 0xEDEF, 0xEDEF, 0xEDEF, 0xEE0F, 0xEE2F, 0xEE0F, 0xEDEF, 0xEDCE, 0xEDCE, 0xDD4C, 0xDCCB,
    0xDD0B, 0xDD0B, 0xDCEB, 0xDD0C, 0xE56D, 0xE58D, 0xE58D, 0xE58D, 0xE5AD, 0xE58D, 0xDD6D, 0xE5AE, 0xE5CE, 0xE5CE, 0xDD6D, 0xDD2D,
    0xDD4D, 0xD52D, 0x8A85, 0x9B6A, 0xD5D2, 0xCD71, 0xCD92, 0xDDF4, 0xE655, 0xE676, 0xEEB7, 0xE697, 0xEEB7, 0xEEB7, 0xEEB8, 0xEED8,
    0xEED8, 0xFF7B, 0xB4AF, 0x8A84, 0xBC8C, 0xB42A, 0xB44A, 0xB44A, 0xB44A, 0xB42A, 0xB42A, 0xB44A, 0xB44B, 0xB42A, 0xB42A, 0xBC6B,
    0xBC6B, 0xBC8B, 0xC4CC, 0xCD0D, 0xD54E, 0xD54E, 0xDD8F, 0x9327, 0x61A2, 0x7224, 0xBD51, 0xCDD3, 0xC551, 0xDE75, 0xFFFC, 0xFFDB,
    0xFFBA, 0xFFBA, 0xFFBA, 0xFFBA, 0xFFBA, 0xFFBA, 0xFFBA, 0xFFDB, 0xFFBA, 0xF716, 0xFED4, 0xFED5, 0xFED4, 0xFED4, 0xFED4, 0xFED4,
    0xFED4, 0xFED5, 0xFED5, 0xFED5, 0xFED4, 0xFED4, 0xFED4, 0xFED4, 0xFEB4, 0xFEB3, 0xFEB3, 0xFEB3, 0xFEB4, 0xFED4, 0xFED4, 0xFED4,
    0xFE94, 0xFEB4, 0xFEF5, 0xFF78, 0xFFBA, 0xFFBA, 0xFFDB, 0xFFFC, 0xFFFB, 0xFFFB, 0xFFDB, 0xFFDB, 0xFFDB, 0xFFDB, 0xFFDB, 0xFFFC,
    0xEF39, 0xEF5B, 0x7BAC, 0x0800, 0x18A0, 0x18A0, 0x18A1, 0x20E2, 0x20E1, 0x20C1, 0x18C1, 0x18C1, 0x18C1, 0x20E2, 0xC5B3, 0xAD11,
    0x0800, 0x62C9, 0xACD1, 0xCDB4, 0xC593, 0xCDD4, 0xDE36, 0xDE56, 0xDE36, 0xDE35, 0xE6B7, 0xFF9B, 0xF77B, 0xFF9B, 0xF73A, 0xEEF9,
    0xEED8, 0xDE55, 0xDE35, 0xD5F4, 0xD5B3, 0xE675, 0xABCB, 0x8AA6, 0xD570, 0xABE9, 0xB3A8, 0xAB67, 0xB367, 0xB387, 0xB387, 0xAB66,
    0xAB66, 0xB386, 0xB386, 0xB386, 0xB386, 0xBBC7, 0xC429, 0xCC49, 0xCC49, 0xCC49, 0xCC6A, 0xCC69, 0xCCAA, 0xDD4D, 0xE56E, 0xDD6E,
    0xE5AF, 0xEDD0, 0xE5D0, 0xEDF0, 0xE58E, 0xD4CB, 0xCC69, 0xCC49, 0xCC69, 0xDD2C, 0xF650, 0xF671, 0xF671, 0xF650, 0xF671, 0xD4CA,
    0xD489, 0xDCA9, 0xCC48, 0xE58D, 0xEDAE, 0xCC49, 0xB386, 0xB3A7, 0xD489, 0xDCAA, 0xDCCA, 0xDD2B, 0xDD2C, 0xDD0B, 0xE58D, 0xEE0F,
    0xEDEF, 0xEDEF, 0xEE0F, 0xE56D, 0xCC28, 0xC407, 0xCC48, 0xE58E, 0xF672, 0xF6B3, 0xF6B4, 0xEE52, 0xE5F0, 0xEE31, 0xEE51, 0xEE51,
    0xEE51, 0xEE51, 0xEE51, 0xEE51, 0xEE71, 0xEE52, 0xF652, 0xF671, 0xEE10, 0xEDEF, 0xEDCE, 0xE56D, 0xDD0B, 0xDCEB, 0xD4EB, 0xDCEB,
    0xD4EB, 0xD4EB, 0xDCEB, 0xDD2C, 0xE56D, 0xE58D, 0xE58D, 0xE58D, 0xE5AD, 0xE5AD, 0xE5AD, 0xE5AE, 0xE5CE, 0xE5CE, 0xE5AE, 0xE58E,
    0xDD4D, 0xE5CF, 0xABC9, 0xA3AA, 0xAC2C, 0xCD71, 0xCD92, 0xDE14, 0xE655, 0xE676, 0xEEB7, 0xEEB8, 0xEEB8, 0xEEB7, 0xEED8, 0xEED8,
    0xEED8, 0xD615, 0xA3CB, 0x92E6, 0xBC8B, 0xB42A, 0xB42A, 0xBC6B, 0xB46B, 0xB44A, 0xB44B, 0xBC6B, 0xBC6B, 0xB42A, 0xB42A, 0xBC8B,
    0xBC8C, 0xBCAC, 0xC4ED, 0xC4CC, 0xBCAC, 0xC4AC, 0xBC8C, 0xBC8C, 0xC4AC, 0xBC4B, 0x7A03, 0x7A24, 0x71C2, 0xAC6C, 0xE718, 0xEF59,
    0xFFBA, 0xFFBA, 0xFFBA, 0xFFBB, 0xFFBA, 0xFFBA, 0xFFBA, 0xFFBA, 0xFFDA, 0xFFBA, 0xFF16, 0xFEB4, 0xFED4, 0xFED4, 0xFED5, 0xFED4,
    0xFED5, 0xFED5, 0xFED5, 0xFED5, 0xFED5, 0xFED4, 0xFED4, 0xFED4, 0xFED4, 0xFEB4, 0xFEB3, 0xFEB3, 0xFEB4, 0xFED4, 0xFEB4, 0xFEB4,
    0xFED4, 0xFEF5, 0xFF36, 0xFF78, 0xFFDB, 0xFFDB, 0xFFDB, 0xFFDA, 0xFFDB, 0xFFFB, 0xFFFB, 0xFFDB, 0xFFDB, 0xFFDB, 0xFFDB, 0xFFDA,
    0xFFFB, 0xFFFD, 0xDED7, 0xC5F4, 0xC615, 0xCE57, 0x6B2A, 0x0000, 0x18C1, 0x20C1, 0x18C1, 0x18A1, 0x0000, 0x2902, 0xCE14, 0xB551,
    0x5A47, 0xB4F0, 0xD5F4, 0xC593, 0xCDB3, 0xCDB3, 0xD615, 0xE656, 0xDE56, 0xDE56, 0xDE56, 0xE697, 0xF77A, 0xFFBC, 0xFFDC, 0xF73A,
    0xE676, 0xE676, 0xDE35, 0xD5B3, 0xD5D3, 0x9369, 0x8A86, 0xC48D, 0xCCED, 0xA347, 0xAB67, 0xA326, 0x9AA4, 0xA305, 0xB367, 0xB386,
    0xB386, 0xBBC7, 0xBC08, 0xBBE8, 0xBBC7, 0xBBC7, 0xC429, 0xC429, 0xC449, 0xCCAA, 0xE56D, 0xE56D, 0xDD4D, 0xE5AF, 0xEE10, 0xE610,
    0xF672, 0xEE11, 0xE5D0, 0xE5CF, 0xEDEF, 0xDD4D, 0xCC49, 0xCC69, 0xCC49, 0xDD2C, 0xEDEF, 0xF670, 0xF671, 0xF671, 0xF650, 0xD50B,
    0xDCAA, 0xDCA9, 0xD468, 0xED8D, 0xED8E, 0xCC8A, 0xBBE8, 0xB386, 0xD489, 0xD4AA, 0xDCEB, 0xE58D, 0xE56D, 0xDD0B, 0xE56D, 0xEDEF,
    0xEDEF, 0xEDCF, 0xEDEF, 0xDD6D, 0xC428, 0xC407, 0xCC48, 0xDD4C, 0xEE11, 0xF6B4, 0xEE52, 0xEE52, 0xEE52, 0xEE52, 0xEE52, 0xEE52,
    0xEE52, 0xEE52, 0xEE52, 0xEE52, 0xEE52, 0xEE52, 0xEE51, 0xE610, 0xE5EF, 0xEDCF, 0xEDAE, 0xE56D, 0xD4CA, 0xD489, 0xD4CA, 0xD4EB,
    0xDD0C, 0xDD2C, 0xDD2C, 0xDD2C, 0xDD2C, 0xE58D, 0xE5AE, 0xE5AD, 0xE5AD, 0xE5AD, 0xE5AE, 0xE5AE, 0xE5CE, 0xE5CE, 0xE5CF, 0xE5CF,
    0xDDAE, 0xDD8E, 0xE5CF, 0xC4AC, 0x71C3, 0xCD72, 0xCDB2, 0xDDF3, 0xDE34, 0xE655, 0xE697, 0xEEB7, 0xEEB7, 0xEEB7, 0xEEB7, 0xE6B7,
    0xF739, 0x8B29, 0x82A5, 0xCCCC, 0xBC6B, 0xBC6B, 0xBC6B, 0xBC8B, 0xBC8B, 0xBC8B, 0xC4CC, 0xC4CC, 0xC4AC, 0xC4AC, 0xC4AC, 0xBCAB,
    0xC4CC, 0xCCED, 0xBCAC, 0xB42A, 0xAC2A, 0xBC6B, 0xBC8B, 0xBC8B, 0xC4AC, 0xC4CC, 0xCD0D, 0xCD0D, 0xCCEC, 0x8AE6, 0x6181, 0xC592,
    0xFFFD, 0xFF9A, 0xFFBA, 0xFFDB, 0xFFDB, 0xFFDB, 0xFFBA, 0xFFBA, 0xFFBA, 0xFFDB, 0xFFB9, 0xFF37, 0xFEB4, 0xFED4, 0xFEF5, 0xFEF5,
    0xFEF5, 0xFED5, 0xFED5, 0xFED5, 0xFED5, 0xFED5, 0xFED4, 0xFED4, 0xFEB4, 0xFEB3, 0xFEB3, 0xFEB3, 0xFEB3, 0xFED4, 0xF6F5, 0xFEF5,
    0xFED4, 0xFED4, 0xF6D4, 0xFF37, 0xFFBA, 0xFFDB, 0xFFDB, 0xFFDB, 0xFFDB, 0xFFFB, 0xFFFB, 0xFFDB, 0xFFDB, 0xFFDB, 0xFFDB, 0xFFDB,
    0xFFFB, 0xFFDA, 0xFFFB, 0xFFFC, 0xFFFC, 0xFFFC, 0xE6F7, 0xC5F5, 0x5A88, 0x0000, 0x0840, 0x20C1, 0x9CD0, 0xD656, 0x836A, 0x8BCB,
    0xCDB3, 0xBD52, 0xC593, 0xD5F4, 0xD5F4, 0xDE36, 0xDE56, 0xDE56, 0xE656, 0xDE56, 0xDE35, 0xD615, 0xDE56, 0xDE56, 0xDE56, 0xDE35,
    0xD5F4, 0xD5F4, 0xD5D3, 0xCDB3, 0xD5F3, 0x79E3, 0x8AA6, 0xDDD1, 0xA367, 0xAB88, 0xAB46, 0x9AA4, 0x9283, 0x9283, 0xA305, 0xB387,
    0xB366, 0xB3C7, 0xC408, 0xBC08, 0xC408, 0xBBE8, 0xC428, 0xCC8A, 0xDD2C, 0xE5AF, 0xDD4D, 0xCCAA, 0xD4CB, 0xD4EB, 0xE58E, 0xE5AF,
    0xE5F0, 0xF6D4, 0xEE52, 0xE5D0, 0xE5D0, 0xE5AE, 0xD50B, 0xCC69, 0xCC49, 0xDD2C, 0xEDEE, 0xF650, 0xF671, 0xF671, 0xF651, 0xF630,
    0xDD0B, 0xDCA9, 0xCC68, 0xED8D, 0xE58D, 0xDD0C, 0xCC69, 0xBBA7, 0xCC69, 0xDCEB, 0xE54C, 0xE5AE, 0xE56D, 0xDD2C, 0xE54D, 0xE5AE,
    0xE5AE, 0xE58D, 0xE5CF, 0xDD4C, 0xC427, 0xC407, 0xC427, 0xD4EB, 0xEE11, 0xF693, 0xF673, 0xF672, 0xF672, 0xEE72, 0xEE52, 0xEE52,
    0xEE72, 0xEE72, 0xEE72, 0xEE72, 0xEE72, 0xEE52, 0xEE52, 0xEE51, 0xE5CF, 0xDD2C, 0xE52C, 0xDCEB, 0xDCCA, 0xD4CA, 0xDCEB, 0xDD0B,
    0xDD0B, 0xDD0B, 0xDD0B, 0xDD2C, 0xE56D, 0xE56D, 0xE58D, 0xE58D, 0xE58D, 0xEDCE, 0xEDCE, 0xEDCE, 0xE5CF, 0xE5CE, 0xE5CF, 0xE5CF,
    0xDDAE, 0xDD8E, 0xE5CF, 0xC4CC, 0x7A04, 0xD5B2, 0xD5B2, 0xD5B3, 0xD5F3, 0xE655, 0xE696, 0xEEB7, 0xE6B7, 0xE6B7, 0xEED7, 0xE6B7,
    0xF739, 0x936A, 0x8AC5, 0xCCEC, 0xBC6B, 0xBC6B, 0xBC6A, 0xBC6A, 0xC4CC, 0xC4CC, 0xC4CC, 0xC4CC, 0xC4AC, 0xC4AC, 0xC48B, 0xC4CC,
    0xCCED, 0xC4AC, 0xABE9, 0xABEA, 0xB44B, 0xB44B, 0xB42A, 0xB44B, 0xBC6B, 0xCCED, 0xCD0C, 0xC4CC, 0xC4CC, 0xC4AC, 0xCCCC, 0x9369,
    0x9BEC, 0xFFFC, 0xFFFC, 0xFFDB, 0xFFBA, 0xFFDA, 0xFFBA, 0xFFBA, 0xFFBA, 0xFFBA, 0xFFDB, 0xFF99, 0xF6D5, 0xFED4, 0xFED4, 0xFED4,
    0xFED5, 0xFED5, 0xFED5, 0xFED5, 0xFED5, 0xFED5, 0xFED4, 0xFEB4, 0xFEB4, 0xFEB4, 0xFED5, 0xFF16, 0xFF16, 0xFF58, 0xFFDB, 0xFFDA,
    0xFED4, 0xFED5, 0xFEF5, 0xFF57, 0xFFBA, 0xFFDB, 0xFFFB, 0xFFFB, 0xFFFB, 0xFFFC, 0xFFFB, 0xFFBB, 0xFFDB, 0xFFDB, 0xFFDB, 0xFFDB,
    0xFFDB, 0xFFDB, 0xFFDA, 0xFFDA, 0xFFDA, 0xFFDA, 0xFFFB, 0xFFFE, 0xA511, 0x4207, 0x8C2E, 0xBDB3, 0xFFFC, 0xFFFD, 0xD635, 0xC5B3,
    0xBD52, 0xC572, 0xCDB3, 0xDE35, 0xDE35, 0xDE36, 0xDE56, 0xDE56, 0xDE56, 0xDE56, 0xD615, 0xD614, 0xD5F4, 0xD5F3, 0xD5D3, 0xD5D3,
    0xD5D4, 0xD5D3, 0xD5D3, 0xC551, 0x7224, 0x8245, 0xCD0F, 0xC48C, 0x9AE5, 0x9AC5, 0x9AC5, 0x9AA4, 0x9AA3, 0x9263, 0x9AC4, 0xBBC7,
    0xB3C7, 0xB3A7, 0xBBE7, 0xC408, 0xC408, 0xC449, 0xD4EB, 0xDD4D, 0xD4EB, 0xD4CA, 0xD50B, 0xE5CE, 0xDD6D, 0xDD2C, 0xE5AE, 0xE5AE,
    0xE5CF, 0xEE93, 0xF693, 0xEE72, 0xE5F0, 0xE5EF, 0xDD6D, 0xCC69, 0xCC49, 0xE56C, 0xEE0F, 0xF650, 0xF651, 0xF651, 0xF651, 0xF650,
    0xDD2C, 0xD4A9, 0xDCEA, 0xF5CE, 0xDD4C, 0xD4CB, 0xCC8A, 0xCC29, 0xC448, 0xDD2C, 0xE5AE, 0xE58D, 0xDD6D, 0xE54C, 0xDD4D, 0xE5AE,
    0xE58D, 0xDD6D, 0xEDCF, 0xDD4C, 0xC428, 0xC407, 0xCCA9, 0xE58E, 0xEE31, 0xF693, 0xF693, 0xF692, 0xF672, 0xEE72, 0xEE72, 0xEE72,
    0xEE72, 0xEE72, 0xF693, 0xF6B3, 0xF6B3, 0xF693, 0xF693, 0xF693, 0xEE31, 0xE5AE, 0xEDCE, 0xDD0C, 0xD489, 0xD489, 0xDCEB, 0xDD2C,
    0xDD2C, 0xDD2C, 0xE52C, 0xE52C, 0xDD2C, 0xDD4C, 0xDD2C, 0xDD0B, 0xDD2C, 0xE5AE, 0xE5CE, 0xE5AE, 0xE5CE, 0xE5CF, 0xE5CF, 0xE5CF,
    0xE5AF, 0xDD8E, 0xDDAE, 0xD54D, 0x9B47, 0x8286, 0xCD71, 0xD5D3, 0xD5F3, 0xE675, 0xE676, 0xE6B7, 0xEEB7, 0xEED7, 0xEED7, 0xE6B7,
    0xF719, 0x936A, 0x8AC5, 0xCCEC, 0xBC6B, 0xBC6B, 0xBC6A, 0xC4CC, 0xC4EC, 0xCCEC, 0xC4CC, 0xC4AC, 0xC4AC, 0xC48B, 0xCCCC, 0xCCED,
    0xCCEC, 0xB42A, 0xAC0A, 0xAC0A, 0xB44A, 0xBC8B, 0xBC6B, 0xB44B, 0xB42A, 0xC4CC, 0xC4AC, 0xC4CC, 0xCCEC, 0xCD0C, 0xDD4E, 0xA367,
    0x8B07, 0xCE14, 0xD635, 0xEF38, 0xFFBA, 0xFFBA, 0xFFBA, 0xFFBA, 0xFFBA, 0xFFBA, 0xFFBA, 0xFFBA, 0xFF78, 0xFEF5, 0xFED4, 0xFEB4,
    0xFEB4, 0xFED4, 0xFED4, 0xFEB4, 0xFEB4, 0xFEB4, 0xFED4, 0xFF57, 0xFF99, 0xFF98, 0xFFBA, 0xFFDB, 0xFFDB, 0xFFDB, 0xFFDB, 0xFFDB,
    0xFED4, 0xFEF5, 0xFF16, 0xFF57, 0xFF78, 0xFFBA, 0xFFFB, 0xFFFB, 0xFFDB, 0xFFDB, 0xFFDB, 0xFFBA, 0xFFFC, 0xFFFC, 0xFFDB, 0xFFBA,
    0xFFDB, 0xFFBA, 0xFFBA, 0xFFDA, 0xFFBA, 0xFFDA, 0xFFDA, 0xFFDA, 0xFFFB, 0xFFFC, 0xFFFD, 0xFFFC, 0xFFDB, 0xDE96, 0xEF5A, 0xEF39,
    0xC572, 0xC593, 0xCDB3, 0xD5F4, 0xD5F4, 0xDE35, 0xE656, 0xDE56, 0xDE35, 0xDE35, 0xDE15, 0xDE35, 0xD614, 0xD5F4, 0xD5F4, 0xD5F4,
    0xD5F3, 0xD5D3, 0xD5D3, 0xCD92, 0x6962, 0x9307, 0xDD70, 0xAB88, 0x8A23, 0x7960, 0x81E2, 0xAB26, 0xAB66, 0xA325, 0xA305, 0xB3A7,
    0xC449, 0xC428, 0xBBE8, 0xC408, 0xCC6A, 0xD4EB, 0xDD2C, 0xCCAA, 0xD4CB, 0xD4CB, 0xD4CB, 0xDD4D, 0xEDEF, 0xEDCF, 0xEDCE, 0xE5AE,
    0xEE10, 0xF692, 0xF673, 0xF693, 0xF693, 0xE5CF, 0xE58D, 0xE54C, 0xCC69, 0xD4A9, 0xE56C, 0xF650, 0xF650, 0xF630, 0xF630, 0xF630,
    0xEDCE, 0xDCEA, 0xE52B, 0xEDCE, 0xDD2C, 0xD4AA, 0xD48A, 0xCC49, 0xC448, 0xDD2C, 0xE5AE, 0xE58D, 0xE58E, 0xE56D, 0xDD4C, 0xE56D,
    0xE58D, 0xE58E, 0xE5AE, 0xDD6D, 0xD50B, 0xC428, 0xCCCB, 0xEE32, 0xEE72, 0xEE73, 0xEE52, 0xEE32, 0xEE32, 0xEE73, 0xEE73, 0xF693,
    0xF693, 0xE611, 0xDD8F, 0xDDB0, 0xDDB0, 0xDDB0, 0xDDAF, 0xDDAF, 0xDDAF, 0xDD6E, 0xCCCB, 0xBBC8, 0xAAE4, 0xC3C7, 0xCC69, 0xD489,
    0xCC69, 0xCC69, 0xCC69, 0xCC69, 0xD4AA, 0xD4AA, 0xDD0B, 0xDD2B, 0xDD0B, 0xDD2C, 0xD52C, 0xDD2C, 0xDD4C, 0xE5CE, 0xE5CF, 0xE5CF,
    0xE5EF, 0xDDAF, 0xDD8E, 0xE5CF, 0xD4ED, 0x69A2, 0xCD51, 0xD5F3, 0xD5F3, 0xE655, 0xE676, 0xEE97, 0xEEB7, 0xEEB7, 0xE6B7, 0xE6B7,
    0xF739, 0x936A, 0x8AA5, 0xCCCC, 0xBC6B, 0xBC6B, 0xC4AB, 0xCCED, 0xC4CC, 0xC4AC, 0xC4AC, 0xC48B, 0xC4CC, 0xCCCC, 0xCCED, 0xCCEC,
    0xC4CC, 0xC48B, 0xC48C, 0xBC6B, 0xBC6B, 0xC48C, 0xC48B, 0xBC4B, 0xBC6B, 0xBC6B, 0xC4AC, 0xCCED, 0xCCEC, 0xCCEC, 0xCCEC, 0xDD6E,
    0xC48B, 0x7A03, 0x69A2, 0xC592, 0xFFFD, 0xFFFB, 0xFFFB, 0xFFBA, 0xFFBA, 0xFFBA, 0xFFBA, 0xFFBA, 0xFFBA, 0xFF78, 0xFED4, 0xFED4,
    0xFED4, 0xFED4, 0xFF16, 0xFF78, 0xFF79, 0xFF78, 0xFF78, 0xFFBA, 0xFFDB, 0xFFDB, 0xFFDB, 0xFFDB, 0xFFDB, 0xFFDB, 0xFFDB, 0xFFDB,
    0xFED4, 0xFEF5, 0xFED4, 0xF6D5, 0xFF79, 0xFFDA, 0xFFDA, 0xFFDA, 0xFFBA, 0xFFBA, 0xFFDA, 0xFFDB, 0xFFFB, 0xFFFC, 0xFFDB, 0xFFBA,
    0xFFDA, 0xFFDA, 0xFFBA, 0xFFBA, 0xFFBA, 0xFFBA, 0xFFDA, 0xFFDB, 0xFFDA, 0xFFBA, 0xFFBA, 0xFFBA, 0xFFFC, 0xACAF, 0x8329, 0xDE76,
    0xCD92, 0xCDB3, 0xCDB3, 0xCDB3, 0xD5F4, 0xDE55, 0xDE56, 0xDE56, 0xDE35, 0xDE35, 0xDE35, 0xDE56, 0xDE35, 0xD614, 0xD5F4, 0xD5F4,
    0xD5D3, 0xD5F4, 0xCD72, 0x82A7, 0x8224, 0xBC0A, 0xC48C, 0xAB47, 0x81C2, 0x7981, 0x79A1, 0x8A43, 0xAB46, 0xB3A7, 0xB3A7, 0xBBC7,
    0xBC08, 0xC449, 0xC449, 0xC449, 0xD4EB, 0xDD0C, 0xD4AA, 0xDCEB, 0xD4EB, 0xD4EB, 0xD4CA, 0xD4CA, 0xE58D, 0xE5AE, 0xE5AE, 0xEE0F,
    0xF692, 0xEE93, 0xF693, 0xF693, 0xF693, 0xEE10, 0xEDCF, 0xEDAE, 0xCC89, 0xBBC6, 0xD4EA, 0xF630, 0xEE10, 0xEE0F, 0xEE0F, 0xEE30,
    0xEDEF, 0xDCEA, 0xE52B, 0xEDAE, 0xDD0C, 0xD4CA, 0xCC89, 0xCC48, 0xC449, 0xDD0C, 0xE5AE, 0xE58D, 0xEDCF, 0xE58E, 0xDD4C, 0xDD2C,
    0xE56D, 0xE5AE, 0xE5AE, 0xE5AE, 0xE5CF, 0xCCEC, 0xD54E, 0xE632, 0xEE53, 0xD58F, 0xCD2F, 0xCD4F, 0xD590, 0xE632, 0xE5F1, 0xDDF1,
    0xE611, 0xCD0D, 0xA388, 0xABA9, 0xABA9, 0xA389, 0xA368, 0xA368, 0xA388, 0xABA9, 0x9AA4, 0x9A83, 0xA2C4, 0xB366, 0xB366, 0xB365,
    0xB365, 0xBBA6, 0xC3C7, 0xC3E7, 0xC408, 0xC428, 0xD4CA, 0xDD0B, 0xD4EB, 0xD50B, 0xD50B, 0xDD2C, 0xDD2C, 0xE5AE, 0xE5CF, 0xE5CF,
    0xE5CF, 0xE5EF, 0xDDAF, 0xE5CF, 0xC4AB, 0x6982, 0xD592, 0xD5F3, 0xDE14, 0xDE35, 0xDE35, 0xE655, 0xE697, 0xE6B7, 0xEEB7, 0xE6B7,
    0xF739, 0x936A, 0x82C5, 0xCCCC, 0xBC6B, 0xC4AC, 0xCCCC, 0xCCED, 0xC4AC, 0xB44A, 0xBC4A, 0xC4CC, 0xCCED, 0xCCED, 0xCCED, 0xC4AC,
    0xC48B, 0xC48C, 0xC48C, 0xBC8B, 0xBC4B, 0xBC4B, 0xBC4B, 0xBC6B, 0xC4AC, 0xC48B, 0xCCEC, 0xCCEC, 0xCCEC, 0xCD0D, 0xD50D, 0xD50D,
    0xCCEC, 0xCCEC, 0xC4AB, 0x8AE7, 0x82E8, 0x7AA7, 0x93AB, 0xFF99, 0xFF78, 0xFF58, 0xFF79, 0xFF98, 0xFF57, 0xFF36, 0xFEF5, 0xFF37,
    0xFF78, 0xFF78, 0xFFB9, 0xFFDA, 0xFFDB, 0xFFDA, 0xFFDB, 0xFFDA, 0xFFDA, 0xFFDA, 0xFFDB, 0xFFDB, 0xFFDB, 0xFFDB, 0xFFDB, 0xFFDB,
    0xFED4, 0xFEF5, 0xFEF5, 0xFED5, 0xFF78, 0xFFBA, 0xFF99, 0xFF9A, 0xFFBA, 0xFFBA, 0xFFDA, 0xFFDB, 0xFFDB, 0xFFDB, 0xFFDB, 0xFFFB,
    0xFFDB, 0xFFDA, 0xFFBA, 0xFFBA, 0xFFDA, 0xFFDA, 0xFFDA, 0xFFFB, 0xFFDA, 0xFFDA, 0xFFDA, 0xFFDA, 0xFFFB, 0xEF38, 0x6A24, 0xA40C,
    0xD5F4, 0xCDD3, 0xCDD4, 0xCDB3, 0xD615, 0xE676, 0xDE56, 0xDE56, 0xDE35, 0xDE35, 0xDE35, 0xDE35, 0xDE35, 0xDE35, 0xDE35, 0xDE14,
    0xD5F4, 0xD5B2, 0xBCAE, 0x6101, 0x92A6, 0xC44B, 0xBC2A, 0x81C3, 0x7100, 0x7100, 0x8A03, 0x9AC4, 0x9AC4, 0xA305, 0xBBA7, 0xBBE8,
    0xBBE8, 0xC408, 0xBC08, 0xD4EB, 0xD4CB, 0xCC69, 0xD4CA, 0xDCEB, 0xDCEB, 0xDD0B, 0xDD0B, 0xDD0B, 0xDD0B, 0xDD0C, 0xDD4C, 0xEDEF,
    0xF693, 0xF693, 0xF693, 0xF6B3, 0xF693, 0xF693, 0xF651, 0xE58D, 0xCC69, 0xC407, 0xCC69, 0xE58D, 0xEDEF, 0xEE0F, 0xEE0F, 0xEE0F,
    0xEDEF, 0xDD0B, 0xDD2B, 0xED8D, 0xE56D, 0xE58D, 0xD4CA, 0xCC48, 0xCC69, 0xD50B, 0xE58D, 0xE58D, 0xE5AE, 0xEDCF, 0xDD4D, 0xD4EB,
    0xD4EB, 0xDD2C, 0xE5AE, 0xE5AF, 0xE5F0, 0xE611, 0xE632, 0xE612, 0xDDD1, 0xB46C, 0x9BCA, 0x9BAA, 0x93AA, 0x8B69, 0x8B48, 0x8328,
    0x8B28, 0x7245, 0x5142, 0x5162, 0x5142, 0x40E1, 0x30A1, 0x30A1, 0x30A1, 0x40E2, 0x8A43, 0xA2A4, 0xA2C4, 0xAAE4, 0xAB04, 0xAB05,
    0xAB05, 0xBBA6, 0xC3E7, 0xC3E7, 0xCC08, 0xCC28, 0xCC69, 0xCC69, 0xD4AA, 0xD4AA, 0xD4CA, 0xD4EB, 0xD50B, 0xDD6D, 0xDD8E, 0xE5CF,
    0xE5CF, 0xE5CF, 0xDDAF, 0xDDCF, 0xD50D, 0x9307, 0x9328, 0xCD72, 0xDE35, 0xDE35, 0xDE35, 0xDE55, 0xE697, 0xE6B7, 0xEEB7, 0xE6B7,
    0xF719, 0x938B, 0x82A5, 0xC4CC, 0xC48B, 0xCCCC, 0xCCCC, 0xC4CC, 0xC4AC, 0xBC4A, 0xBC8B, 0xC4CC, 0xC4CC, 0xC4AC, 0xC48B, 0xC4AB,
    0xC48B, 0xC48B, 0xC48B, 0xBC6B, 0xBC6B, 0xBC4B, 0xBC4B, 0xBC4B, 0xBC8B, 0xC4AB, 0xCCED, 0xCCED, 0xCD0D, 0xC48B, 0xBC6A, 0xC46B,
    0xC48A, 0xC4AB, 0xC4CB, 0xB42A, 0xA388, 0x9B67, 0x82C6, 0xBD2F, 0xFF36, 0xFF77, 0xFF15, 0xFED5, 0xFED4, 0xFED4, 0xFED4, 0xFF36,
    0xFF99, 0xFFBA, 0xFFBA, 0xFFDA, 0xFFDA, 0xFFDA, 0xFFDA, 0xFFDB, 0xFFDA, 0xFFDB, 0xFFDB, 0xFFDB, 0xFFDB, 0xFFDB, 0xFFDB, 0xFFFB,
    0xFEF5, 0xFEF5, 0xFEF5, 0xFEF5, 0xFF57, 0xFFB9, 0xFF99, 0xFFBA, 0xFFBA, 0xFFDA, 0xFFDA, 0xFFDA, 0xFFDA, 0xFFDA, 0xFFDA, 0xFFDA,
    0xFFDB, 0xFFDB, 0xFFDA, 0xFFDA, 0xFFBA, 0xFFDA, 0xFFDA, 0xFFDA, 0xFFDA, 0xFFDA, 0xFFDA, 0xFFBA, 0xFFFB, 0xEF18, 0x6A45, 0xC572,
    0xD615, 0xCDD4, 0xD5F4, 0xDE15, 0xDE35, 0xE656, 0xE676, 0xDE56, 0xE676, 0xE676, 0xDE56, 0xE656, 0xE676, 0xE656, 0xDE35, 0xD5F4,
    0xDE14, 0xC510, 0x6142, 0x79C3, 0x92A5, 0xCC6C, 0xBC0A, 0x7121, 0x68E0, 0x7161, 0x92A4, 0xA305, 0x9AE5, 0x9AE4, 0x9AE4, 0xAB66,
    0xC429, 0xBC08, 0xD4AA, 0xCC8A, 0xCC8A, 0xCC8A, 0xCC8A, 0xCC8A, 0xCC8A, 0xD4AA, 0xDCEB, 0xDD0C, 0xDD0B, 0xDD0C, 0xDD2C, 0xDD0C,
    0xE5AE, 0xEE71, 0xF693, 0xF6B3, 0xF6B3, 0xF6B3, 0xEE51, 0xEDCE, 0xCC89, 0xC407, 0xC427, 0xDD2C, 0xEDCF, 0xEDEF, 0xEDEF, 0xDD6D,
    0xE56D, 0xD4CA, 0xDCEB, 0xE56D, 0xE56D, 0xE58D, 0xD4AA, 0xCC49, 0xCC69, 0xD50B, 0xDD4C, 0xE58D, 0xE58E, 0xEDEF, 0xDD4D, 0xD4CB,
    0xD4CB, 0xD52C, 0xDD8E, 0xE5D0, 0xE632, 0xE652, 0xE632, 0xD5B1, 0xC4CE, 0xAC2C, 0x4101, 0x2020, 0x2040, 0x2040, 0x2060, 0x2060,
    0x2060, 0x2080, 0x28A0, 0x28A0, 0x38E1, 0x30C1, 0x30E1, 0x28C1, 0x1000, 0x30A0, 0x8A43, 0xA2E4, 0xA2E4, 0xAB05, 0xA2E4, 0xB345,
    0xCC08, 0xCC28, 0xCC48, 0xCC28, 0xCC28, 0xCC28, 0xCC48, 0xCC69, 0xD489, 0xD48A, 0xD4CA, 0xDD0B, 0xDD2C, 0xDD4C, 0xDD6D, 0xE5EF,
    0xE5CF, 0xE5CF, 0xE5CF, 0xDDAF, 0xE5CF, 0xDD8F, 0x8264, 0xCD51, 0xDE55, 0xE696, 0xE697, 0xE676, 0xE697, 0xE6B7, 0xEED7, 0xE6B7,
    0xFF9A, 0x9BEC, 0x8264, 0xCCEC, 0xC4AB, 0xC4AB, 0xBC6A, 0xBC6A, 0xC48B, 0xBC8B, 0xC4AC, 0xC4CC, 0xBC6B, 0xB42A, 0xBC6B, 0xC48B,
    0xBC6B, 0xBC6B, 0xB42A, 0xB409, 0xB42A, 0xBC8B, 0xC4AC, 0xC4CC, 0xC4CC, 0xC4CC, 0xCCCC, 0xCCEC, 0xCCEC, 0xBC6A, 0xBC4A, 0xBC4A,
    0xBC4A, 0xC48B, 0xC4AB, 0xCCEC, 0xD50C, 0xD54D, 0xABE9, 0x7244, 0xAC4C, 0xC52E, 0xEE72, 0xFED4, 0xFEB4, 0xFED4, 0xFED4, 0xFED4,
    0xFF36, 0xFFB9, 0xFFBA, 0xFFDA, 0xFFBA, 0xFFBA, 0xFFDA, 0xFFDB, 0xFFDB, 0xFFDB, 0xFFDB, 0xFFDA, 0xFFDB, 0xFFDB, 0xFFDB, 0xFFDB,
    0xFEF5, 0xFEF5, 0xFF16, 0xFF16, 0xFF57, 0xFF99, 0xFFBA, 0xFFFB, 0xFFFB, 0xFFDB, 0xFFDA, 0xFFDB, 0xFFDB, 0xFFDA, 0xFFDA, 0xFFDA,
    0xFFDB, 0xFFDA, 0xFFDB, 0xFFDB, 0xFFDA, 0xFFDA, 0xFFDA, 0xFFDA, 0xFFBA, 0xFFB9, 0xFFDA, 0xFFBA, 0xFFFB, 0xEF18, 0x7266, 0xCD92,
    0xDE35, 0xD5F4, 0xD5F4, 0xDE35, 0xDE35, 0xE656, 0xDE56, 0xDE56, 0xDE56, 0xE676, 0xE676, 0xE676, 0xE676, 0xE676, 0xDE14, 0xD5D3,
    0xDE14, 0xCD71, 0x6141, 0x92A5, 0xAB68, 0xC44B, 0xBC0A, 0x7141, 0x7120, 0x8A03, 0xAB46, 0xAB66, 0xB3A7, 0xB3A7, 0xB387, 0xBBC7,
    0xC429, 0xC449, 0xD4AA, 0xCC8A, 0xD4AB, 0xD4CB, 0xD4CB, 0xCC8A, 0xCC6A, 0xCC8A, 0xD4CB, 0xDD0C, 0xDD0B, 0xDD0B, 0xDD0C, 0xDD0C,
    0xDD2C, 0xEE30, 0xF693, 0xF6B3, 0xF6B3, 0xF6B3, 0xEE72, 0xEDEF, 0xDD2C, 0xC428, 0xC427, 0xCCAA, 0xEDCF, 0xEDCF, 0xE5CE, 0xDD2C,
    0xCCAA, 0xCC8A, 0xD4CA, 0xDD2C, 0xDD6D, 0xE58D, 0xD4CB, 0xCC8A, 0xCC69, 0xD4EB, 0xD52C, 0xE56D, 0xE5AE, 0xDD6D, 0xDD2C, 0xD4CB,
    0xD4EB, 0xDD2C, 0xDD8E, 0xE611, 0xEE54, 0xE653, 0xE633, 0xC50F, 0x4101, 0x3101, 0x20C1, 0x18A0, 0x18A1, 0x18A1, 0x1080, 0x1080,
    0x1080, 0x1080, 0x1080, 0x1080, 0x3962, 0x5223, 0x5A44, 0x5244, 0x20A1, 0x2060, 0x71E3, 0xC44A, 0xC429, 0xB366, 0xBBA7, 0xC3E7,
    0xD489, 0xCC89, 0xCC8A, 0xD4CB, 0xDCEB, 0xDD0B, 0xD48A, 0xCC49, 0xCC69, 0xD4AA, 0xD4AA, 0xDD0B, 0xE58D, 0xE58E, 0xE58E, 0xE5CF,
    0xE5CF, 0xE5CF, 0xE5CF, 0xE5AF, 0xDDAF, 0xD54D, 0x8A85, 0xCD71, 0xDE35, 0xEE97, 0xE697, 0xE697, 0xEE97, 0xEEB7, 0xEED7, 0xEED7,
    0xAC4D, 0x82A6, 0xA388, 0xC4AB, 0xB44A, 0xB429, 0xBC6A, 0xCCCC, 0xC48B, 0xBC4A, 0xC48B, 0xC48B, 0xBC6B, 0xBC8B, 0xC48B, 0xC48B,
    0xC4AC, 0xC4CD, 0xC4AC, 0xBC6B, 0xBC8C, 0xC4CC, 0xCCED, 0xC4CC, 0xBC8B, 0xBC6B, 0xBC6A, 0xBC4A, 0xC48B, 0xC4CC, 0xCCEC, 0xCCEC,
    0xC4AB, 0xBC6A, 0xBC6A, 0xC4AB, 0xCCCC, 0xC4CB, 0xCD0D, 0xBC6B, 0x82A5, 0x8264, 0xAC09, 0xFF35, 0xFED4, 0xFED4, 0xFED4, 0xFED4,
    0xFED4, 0xF716, 0xFFDA, 0xFFDA, 0xFFBA, 0xFFBA, 0xFFDB, 0xFFDB, 0xFFBA, 0xFFBA, 0xFFDA, 0xFFDB, 0xFFDB, 0xFFDB, 0xFFDB, 0xFFFB,
    0xFEF5, 0xFEF5, 0xFEF5, 0xFEF5, 0xFF16, 0xFFB8, 0xFFDA, 0xFFDB, 0xFFFB, 0xFFFB, 0xFFFB, 0xFFFB, 0xFFFB, 0xFFDB, 0xFFDB, 0xFFDB,
    0xFFDB, 0xFFDB, 0xFFDB, 0xFFFB, 0xFFFB, 0xFFDA, 0xFFDA, 0xFFDA, 0xFFDA, 0xFFB9, 0xFFB9, 0xFFBA, 0xFFFB, 0xEF18, 0x7265, 0xCD92,
    0xDE56, 0xDE15, 0xDE15, 0xDE15, 0xDE35, 0xDE35, 0xDE35, 0xE676, 0xE676, 0xDE56, 0xDE56, 0xDE55, 0xDE15, 0xD5F4, 0xCDB2, 0xCD71,
    0xC531, 0xBCAE, 0x6121, 0x9285, 0xBBC9, 0xCC8C, 0x9285, 0x7981, 0x8A22, 0x8A43, 0x8A22, 0xA305, 0xBBC7, 0xBBC7, 0xBBE7, 0xBBE8,
    0xC429, 0xCC8A, 0xCC6A, 0xCC8A, 0xCC8A, 0xCC8A, 0xDCEB, 0xD4CB, 0xD4CB, 0xD4AA, 0xD4AA, 0xD4EB, 0xDD4D, 0xE58D, 0xE56D, 0xE54D,
    0xDD4D, 0xE5AE, 0xF671, 0xF693, 0xF673, 0xEE72, 0xEE72, 0xEE11, 0xE5CF, 0xC489, 0xD4CA, 0xCCEB, 0xE5CF, 0xDD6D, 0xDD4C, 0xDD0C,
    0xCC8A, 0xCC69, 0xD4AA, 0xD50B, 0xDD2C, 0xDD6D, 0xD4EB, 0xD4AA, 0xCCAA, 0xD4EB, 0xD50C, 0xE56D, 0xEDCE, 0xDD2C, 0xD4EB, 0xCC8A,
    0xD4CB, 0xDD4D, 0xDDAF, 0xEE74, 0xEE74, 0xE653, 0xD5D2, 0xA44D, 0x3921, 0x20C0, 0x20E0, 0x2902, 0x2102, 0x2101, 0x18A1, 0x18A1,
    0x18C1, 0x18C1, 0x18E1, 0x18A1, 0x39A2, 0x7366, 0x8366, 0x83A6, 0x49C3, 0x1800, 0x61A3, 0xCCCC, 0xDD2D, 0xCC8A, 0xCC69, 0xCC69,
    0xCC89, 0xD4AA, 0xD4CA, 0xDCEB, 0xDD0C, 0xDD0C, 0xD4AA, 0xD469, 0xD469, 0xCC89, 0xCC89, 0xD4CA, 0xD4EB, 0xDD2C, 0xE56E, 0xE5AE,
    0xE5AF, 0xE5CF, 0xE5CF, 0xE5CF, 0xDDAF, 0xD54D, 0x8265, 0xD592, 0xDE35, 0xE656, 0xE697, 0xE6B7, 0xEE97, 0xEEB7, 0xEED8, 0xEEF8,
    0x7225, 0x82A5, 0xB42A, 0xB429, 0xB44A, 0xB429, 0xC48B, 0xC4AB, 0xB44A, 0xB42A, 0xBC8B, 0xC48B, 0xBC6B, 0xB44A, 0xB42A, 0xBC4B,
    0xC4CC, 0xC4CD, 0xBC8B, 0xB44A, 0xC4AC, 0xC4CC, 0xC48B, 0xBC6B, 0xBC4A, 0xB44A, 0xBC4A, 0xC48B, 0xC4AC, 0xC48B, 0xBC6A, 0xBC8B,
    0xC48B, 0xC4AB, 0xC4CC, 0xC48B, 0xBC6A, 0xBC8B, 0xBC8B, 0xCCEC, 0xD54D, 0xCCEC, 0xA3A8, 0xCD4F, 0xEE32, 0xFED3, 0xFED4, 0xFED4,
    0xFED4, 0xFEF4, 0xFF36, 0xFFB9, 0xFFDA, 0xFFBA, 0xFFDA, 0xFFDB, 0xFFBA, 0xFFDA, 0xFFDA, 0xFFDA, 0xFFDB, 0xFFDB, 0xFFDB, 0xFFFB,
    0xFF16, 0xFF16, 0xFF16, 0xFEF5, 0xFF16, 0xFF98, 0xFFFB, 0xFFFB, 0xFFDB, 0xFFDB, 0xFFDB, 0xFFDB, 0xFFDB, 0xFFDB, 0xFFDB, 0xFFDB,
    0xFFDB, 0xFFDB, 0xFFDB, 0xFFFB, 0xFFDA, 0xFFDA, 0xFFDA, 0xFFDA, 0xFFBA, 0xFFB9, 0xFFB9, 0xFFB9, 0xFFFB, 0xEF18, 0x6A45, 0xCD93,
    0xDE56, 0xDE15, 0xDE35, 0xDE35, 0xDE15, 0xD615, 0xDE35, 0xE676, 0xE676, 0xE676, 0xE676, 0xDE35, 0xCD92, 0xC551, 0xBD30, 0xC551,
    0x8B08, 0x6141, 0x6141, 0x92A5, 0xAB68, 0x92C7, 0x79A2, 0x8A63, 0x92A3, 0xAB66, 0xAB46, 0xAB86, 0xBBE7, 0xC428, 0xC449, 0xC429,
    0xC449, 0xCC8A, 0xCC8A, 0xD4AA, 0xD4CB, 0xD4CB, 0xD4CB, 0xDCEB, 0xDD0B, 0xDD4C, 0xDD4D, 0xE54D, 0xE5AE, 0xEDEF, 0xEDCF, 0xEDF0,
    0xEE10, 0xE5F0, 0xEE51, 0xF692, 0xF672, 0xEE72, 0xEE72, 0xE611, 0xE5F0, 0xE5D0, 0xDD8F, 0xDD8F, 0xE5AF, 0xDD6E, 0xD52C, 0xD4EB,
    0xCC69, 0xCC49, 0xD4AA, 0xD4EB, 0xDD0C, 0xDD2C, 0xDD0C, 0xD4EB, 0xD4CB, 0xD50C, 0xDD2C, 0xDD4D, 0xEDCF, 0xDD4D, 0xD4EB, 0xCC8A,
    0xCC8A, 0xE58E, 0xE5F1, 0xEE74, 0xEE74, 0xEE74, 0xAC8E, 0x28A0, 0x28E0, 0x20E0, 0x20E1, 0x18A1, 0x18A1, 0x18A1, 0x18C2, 0x18E2,
    0x18E2, 0x18E2, 0x18E2, 0x18C1, 0x2942, 0x5A84, 0x8386, 0xA489, 0x6AC6, 0x1800, 0x61A3, 0xCCCC, 0xF610, 0xE56D, 0xCC28, 0xC428,
    0xD4AA, 0xD4CA, 0xD4CA, 0xD4CB, 0xDD0B, 0xDD0C, 0xDD0B, 0xD4AA, 0xD489, 0xCC89, 0xCC69, 0xCC69, 0xCC6A, 0xD4CB, 0xE56D, 0xE5CF,
    0xE5CF, 0xE5CF, 0xE5CF, 0xE5AF, 0xE5AF, 0xD54D, 0x7A23, 0xC530, 0xDE35, 0xE655, 0xEEB7, 0xE6B7, 0xEEB7, 0xEEB7, 0xEED8, 0xEF19,
    0x7AA7, 0x9326, 0xABE9, 0xABE9, 0xABE9, 0xABE9, 0xBC4A, 0xB44A, 0xBC4A, 0xBC6B, 0xBC4A, 0xBC6B, 0xB42A, 0xABE9, 0xAC0A, 0xBC6B,
    0xBC6B, 0xB44B, 0xBC6B, 0xBC6B, 0xBC4B, 0xB42A, 0xBC6A, 0xBC4A, 0xBC4A, 0xB44A, 0xBC6B, 0xC4AB, 0xC4AB, 0xBC6A, 0xBC6A, 0xBC6B,
    0xBC6B, 0xC4AB, 0xC4AC, 0xBC6B, 0xBC6A, 0xBC6A, 0xBC8B, 0xC4CC, 0xCCCC, 0xCCEC, 0xCCED, 0x69E3, 0xBCCE, 0xFEF4, 0xFEB4, 0xFED4,
    0xFEF4, 0xFEF4, 0xFEF4, 0xFF37, 0xFF99, 0xFFDB, 0xFFBA, 0xFFDA, 0xFFDB, 0xFFDB, 0xFFDB, 0xFFDB, 0xFFDB, 0xFFDB, 0xFFDB, 0xFFDB,
    0xFEF5, 0xFF15, 0xFF15, 0xFEF5, 0xFF16, 0xFF78, 0xFFFB, 0xFFFB, 0xFFDB, 0xFFDB, 0xFFDB, 0xFFDB, 0xFFDB, 0xFFDB, 0xFFDB, 0xFFDB,
    0xFFDB, 0xFFDB, 0xFFDB, 0xFFDB, 0xFFDA, 0xFFBA, 0xFFBA, 0xFFBA, 0xFFBA, 0xFFB9, 0xFFB9, 0xFFB9, 0xFFFB, 0xEF18, 0x6A45, 0xCDB3,
    0xE656, 0xDE15, 0xDE35, 0xDE35, 0xDE15, 0xDE35, 0xD635, 0xDE35, 0xE676, 0xE697, 0xE697, 0xDE56, 0xD5F4, 0xD5F4, 0xCDB3, 0xCD92,
    0x9BAA, 0x69A2, 0x71E3, 0xA306, 0x8A24, 0x58C0, 0x79C2, 0x92C5, 0x9AC4, 0xB3C7, 0xBBE8, 0xBBE8, 0xBBC8, 0xC428, 0xC449, 0xC449,
    0xCC6A, 0xD4CB, 0xD4CB, 0xD4CB, 0xD4CB, 0xD4CB, 0xD4CB, 0xDD0C, 0xE56D, 0xE5CE, 0xEDCF, 0xEE10, 0xEE10, 0xEE10, 0xE5F0, 0xEE31,
    0xEE72, 0xF672, 0xEE52, 0xEE52, 0xEE72, 0xEE73, 0xF673, 0xEE52, 0xEE32, 0xEE52, 0xE612, 0xE612, 0xE5F1, 0xDDD1, 0xDD6F, 0xD52D,
    0xCC69, 0xCC49, 0xCC8A, 0xD4AA, 0xDD2C, 0xDD2C, 0xDD2C, 0xD50C, 0xD4EB, 0xDD2C, 0xDD4D, 0xDD6D, 0xEDCF, 0xDD2C, 0xCCAA, 0xCC8A,
    0xCC8A, 0xE5AF, 0xE632, 0xEE74, 0xEE75, 0xEE95, 0xB4CF, 0x2880, 0x20E0, 0x20E1, 0x20E1, 0x3164, 0x7BEE, 0x738D, 0x18A1, 0x20E2,
    0x18E2, 0x18E2, 0x18E2, 0x18E2, 0x10A1, 0x2101, 0x7325, 0xACA9, 0x7B27, 0x1800, 0x69A3, 0xCCCC, 0xEDF0, 0xDD2D, 0xCC49, 0xCC69,
    0xD4AA, 0xD4AA, 0xD4CA, 0xD4CB, 0xDD0B, 0xDD2C, 0xDD2C, 0xDD2C, 0xD4AA, 0xCC69, 0xCC89, 0xCC89, 0xCC8A, 0xD4EB, 0xDD2D, 0xDD4D,
    0xDD8E, 0xE5CF, 0xE5CF, 0xE5AF, 0xDDAE, 0xDDAF, 0xB40A, 0x8286, 0xD5B3, 0xE655, 0xE696, 0xE6B7, 0xEEB7, 0xE6B7, 0xEED7, 0xF759,
    0x7266, 0x8AE5, 0xAC09, 0xA3A8, 0xA3C8, 0xB42A, 0xB42A, 0xAC09, 0xB409, 0xB42A, 0xB42A, 0xB44A, 0xB44A, 0xBC4B, 0xBC4B, 0xBC8B,
    0xBC6B, 0xB44B, 0xAC0A, 0xB40A, 0xB40A, 0xB40A, 0xBC8B, 0xC4AC, 0xC4AC, 0xC4AC, 0xC48B, 0xC4AB, 0xC4CC, 0xC4CC, 0xC4CC, 0xBC8B,
    0xBC6A, 0xBC8B, 0xBC6A, 0xBC6B, 0xB42A, 0xB429, 0xBC8B, 0xC4AC, 0xC48B, 0xC48B, 0xBC4A, 0xBC8B, 0x82A5, 0xAC4C, 0xFF96, 0xFED4,
    0xFEF4, 0xFEF5, 0xFEF4, 0xFED4, 0xFF16, 0xFF99, 0xFFDB, 0xFFDB, 0xFFDA, 0xFFDB, 0xFFDB, 0xFFDB, 0xFFDB, 0xFFDB, 0xFFDB, 0xFFDB,
    0xFEF5, 0xFEF5, 0xFEF5, 0xFF16, 0xFF56, 0xFF99, 0xFFFB, 0xFFFB, 0xFFDB, 0xFFFB, 0xFFFB, 0xFFFB, 0xFFFB, 0xFFFB, 0xFFDB, 0xFFDB,
    0xFFDB, 0xFFDA, 0xFFDA, 0xFFDB, 0xFFDA, 0xFFBA, 0xFFBA, 0xFFDA, 0xFFDA, 0xFFD9, 0xFFB9, 0xFFB9, 0xFFDA, 0xEEF7, 0x6A45, 0xCDB3,
    0xDE56, 0xDE35, 0xDE35, 0xDE35, 0xDE15, 0xDE15, 0xDE35, 0xDE35, 0xDE56, 0xE656, 0xE676, 0xDE56, 0xDE56, 0xDE35, 0xD5B3, 0xBD0F,
    0x9B89, 0x71E3, 0x71C2, 0x6941, 0x6921, 0xA306, 0xAB66, 0xA326, 0xAB87, 0xBC08, 0xBBE8, 0xBBE8, 0xC408, 0xC449, 0xC449, 0xC449,
    0xCC69, 0xCC8A, 0xCC8A, 0xD4AA, 0xD4AA, 0xD4AB, 0xDD2C, 0xDD4D, 0xE5AE, 0xEDCF, 0xEDEF, 0xEE10, 0xEE30, 0xEE31, 0xEE51, 0xEE51,
    0xEE51, 0xEE51, 0xEE72, 0xEE72, 0xF693, 0xEE73, 0xE612, 0xEE32, 0xDDD0, 0xDDB0, 0xD5D0, 0xE633, 0xE654, 0xEE54, 0xE5F1, 0xD56E,
    0xD50C, 0xCC8A, 0xC449, 0xC449, 0xD4EB, 0xDD2D, 0xDD4D, 0xDD2C, 0xD50C, 0xDD2C, 0xDD4D, 0xDD6D, 0xE5AF, 0xD50C, 0xCC8A, 0xCC8A,
    0xD50C, 0xE5D0, 0xEEB5, 0xEE95, 0xEE95, 0xE654, 0x9BEC, 0x20A1, 0x3982, 0x3162, 0x2922, 0xA512, 0xE71B, 0xA533, 0x1080, 0x18E2,
    0x2103, 0x18C2, 0x18C2, 0x18C1, 0x10A1, 0x2901, 0x7325, 0xACA9, 0x7B47, 0x1800, 0x6182, 0xCCAB, 0xF630, 0xE56D, 0xCC48, 0xCC48,
    0xCC89, 0xD4AA, 0xD4AA, 0xD4AA, 0xDD0B, 0xDD4D, 0xE54D, 0xDD4C, 0xD4EB, 0xD4CA, 0xCC8A, 0xD50B, 0xDD2C, 0xDD4D, 0xDD2D, 0xDD2D,
    0xDD4D, 0xDD6E, 0xDD6E, 0xDDAE, 0xDDAF, 0xE5EF, 0xDDAF, 0x8265, 0xD5B2, 0xE675, 0xE696, 0xEEB7, 0xE6B7, 0xFF5A, 0xCD92, 0x7245,
    0x82E6, 0x9347, 0xA3A8, 0xABE9, 0xB42A, 0xABE9, 0xABE9, 0xABE9, 0xAC09, 0xB44A, 0xB42A, 0xB42A, 0xB44A, 0xBC6B, 0xBC6B, 0xBC4B,
    0xBC4B, 0xB42A, 0xAC0A, 0xAC09, 0xAC09, 0xB409, 0xBC4A, 0xBC4B, 0xBC6A, 0xBC6A, 0xBC8B, 0xC4AB, 0xBC8B, 0xC48B, 0xBC8B, 0xB44A,
    0xB409, 0xB429, 0xBC4A, 0xBC6B, 0xB42A, 0xB42A, 0xBC8B, 0xC4AC, 0xC48B, 0xBC8B, 0xC48B, 0xC4CC, 0xA368, 0x8B07, 0x9BA9, 0xFF35,
    0xFF15, 0xFED4, 0xFEF4, 0xFEF4, 0xFED4, 0xFF36, 0xFFBA, 0xFFBA, 0xFFBA, 0xFFDB, 0xFFDB, 0xFFDB, 0xFFDB, 0xFFDB, 0xFFDB, 0xFFDB,
    0xFEF5, 0xFEF5, 0xFF15, 0xFF36, 0xFF56, 0xFF98, 0xFFDA, 0xFFDA, 0xFFDA, 0xFFFB, 0xFFFB, 0xFFFB, 0xFFFB, 0xFFFB, 0xFFFB, 0xFFFB,
    0xFFDB, 0xFFDA, 0xFFDA, 0xFFBA, 0xFFBA, 0xFFBA, 0xFFDA, 0xFFDA, 0xFFDA, 0xFFDA, 0xFFB9, 0xFF99, 0xFFD9, 0xEEF7, 0x6A45, 0xCDB3,
    0xE676, 0xDE35, 0xDE35, 0xDE35, 0xD615, 0xDE35, 0xDE36, 0xDE36, 0xDE36, 0xD615, 0xD5F4, 0xD5F4, 0xD5F4, 0xD5F4, 0xC551, 0x7A44,
    0x71E3, 0x7A44, 0x71A3, 0x6921, 0x81E3, 0xA326, 0xAB66, 0xAB86, 0xB3C7, 0xBBC8, 0xC428, 0xCC49, 0xC449, 0xC449, 0xC449, 0xC449,
    0xCC69, 0xD4CB, 0xD4EB, 0xDD0B, 0xDD0B, 0xDD4C, 0xEE0F, 0xEE10, 0xEE10, 0xEE10, 0xEE10, 0xEE30, 0xEE31, 0xEE51, 0xEE71, 0xEE51,
    0xEE51, 0xEE72, 0xEE52, 0xEE31, 0xEE51, 0xE611, 0xBCCE, 0xC50F, 0x9389, 0x7AA6, 0xBCEE, 0xE653, 0xE654, 0xEE96, 0xE633, 0xDDD1,
    0xE5F1, 0xD4EB, 0xC449, 0xC44A, 0xCC8A, 0xDD2C, 0xDD4D, 0xE56D, 0xDD6D, 0xDD2D, 0xDD2D, 0xDD6D, 0xDD4D, 0xD50C, 0xCC8A, 0xC469,
    0xDD2C, 0xE5F0, 0xEEB5, 0xEEB5, 0xF6D6, 0xE633, 0x8329, 0x20A1, 0x49E3, 0x4A03, 0x41E3, 0x4A46, 0x4A27, 0x31A5, 0x1060, 0x10A1,
    0x18C2, 0x18C1, 0x18C2, 0x18C1, 0x10A1, 0x2901, 0x7325, 0xACA9, 0x8347, 0x1800, 0x9328, 0xDD6E, 0xE56D, 0xD4EB, 0xCC49, 0xCC69,
    0xD489, 0xD48A, 0xD4AA, 0xD4EB, 0xD50B, 0xDD2C, 0xE54D, 0xDD4D, 0xDD4D, 0xDD0C, 0xCC8A, 0xD4AA, 0xD4CB, 0xD50C, 0xDD2C, 0xDD2C,
    0xDD4D, 0xDD4D, 0xDD4D, 0xDD8E, 0xDDAF, 0xE5EF, 0xD56E, 0x8265, 0xD5B2, 0xE696, 0xEEB7, 0xEEB7, 0xEEB7, 0xD5D4, 0x9BEC, 0x5120,
    0x9327, 0x9347, 0xA3A8, 0xAC09, 0xABE9, 0xA3C9, 0xABE9, 0xAC09, 0xB42A, 0xB42A, 0xB42A, 0xB429, 0xB42A, 0xBC6B, 0xBC6B, 0xBC4B,
    0xBC4B, 0xB42A, 0xB40A, 0xB40A, 0xB42A, 0xB42A, 0xB42A, 0xBC2A, 0xBC2A, 0xB42A, 0xBC4A, 0xBC6B, 0xBC4A, 0xBC6A, 0xC4AB, 0xC4AC,
    0xC48B, 0xC48B, 0xCCCC, 0xC4AB, 0xB42A, 0xB42A, 0xB42A, 0xB44A, 0xB44A, 0xBC4A, 0xBC6A, 0xBC6B, 0xCCCC, 0xABE9, 0x7A85, 0xBCCE,
    0xEE93, 0xFF55, 0xFEF4, 0xFEF4, 0xFEF4, 0xFEF4, 0xFEF5, 0xFF99, 0xFFDB, 0xFFDB, 0xFFDB, 0xFFDB, 0xFFDB, 0xFFDB, 0xFFBB, 0xFFDB,
    0xFEF5, 0xFEF5, 0xFED5, 0xFED5, 0xFF16, 0xFF98, 0xFFFA, 0xFFFB, 0xFFFB, 0xFFDA, 0xFFDA, 0xFFDB, 0xFFDA, 0xFFFB, 0xFFDB, 0xFFDB,
    0xFFDB, 0xFFFA, 0xFFDA, 0xFFBA, 0xFFB9, 0xFFB9, 0xFFBA, 0xFFDA, 0xFFDA, 0xFFDA, 0xFFDA, 0xFFBA, 0xFFFB, 0xEF17, 0x7245, 0xD5B3,
    0xE676, 0xDE56, 0xDE56, 0xDE56, 0xDE56, 0xDE56, 0xDE56, 0xDE36, 0xDE56, 0xD614, 0xCDB3, 0xCD92, 0xCD72, 0xBD10, 0xB4AE, 0x9307,
    0x71C3, 0x7A44, 0x6982, 0x7181, 0xAB87, 0xA346, 0xAB86, 0xBC28, 0xC449, 0xC448, 0xCC69, 0xCC89, 0xCC89, 0xCC89, 0xCC89, 0xCC89,
    0xCC89, 0xCC89, 0xCC89, 0xD4EB, 0xE58D, 0xE5AE, 0xE5CF, 0xE5AE, 0xE5AF, 0xEE10, 0xEE30, 0xEE31, 0xEE31, 0xEE72, 0xEE72, 0xEE72,
    0xEE52, 0xEE52, 0xE611, 0xD56F, 0xCD2E, 0xD570, 0x61E5, 0x30A1, 0x38C1, 0x30C1, 0x4984, 0xA40C, 0xF6D6, 0xEE96, 0xEEB6, 0xF6B6,
    0xEE33, 0xDD8F, 0xD4CC, 0xC449, 0xC469, 0xD50C, 0xDD4D, 0xE58E, 0xE58E, 0xDD4D, 0xD50C, 0xDD8E, 0xDD6D, 0xDD2D, 0xD4EC, 0xCCAA,
    0xDD4D, 0xE611, 0xEEB6, 0xEEB6, 0xF6D6, 0xE654, 0x834A, 0x2081, 0x41E3, 0x4A23, 0x4A03, 0x3141, 0x0820, 0x0860, 0x10A1, 0x10A1,
    0x10A1, 0x18C1, 0x18C2, 0x18C1, 0x10A1, 0x2941, 0x7B45, 0xACA9, 0x8368, 0x1800, 0xC4AD, 0xF631, 0xCC49, 0xCC48, 0xCC49, 0xCC49,
    0xD489, 0xD4AA, 0xD4CB, 0xDD2C, 0xDD0C, 0xDD2C, 0xE54D, 0xDD4D, 0xD4EB, 0xD4AA, 0xD4AB, 0xD4AA, 0xD4AA, 0xD50C, 0xDD2C, 0xDD2C,
    0xDD4D, 0xDD4D, 0xDD4D, 0xE58E, 0xDDAF, 0xE5CF, 0xD56E, 0x8245, 0xD5B2, 0xE696, 0xEEB7, 0xEED7, 0xEEB6, 0x6A04, 0x7A65, 0x9347,
    0x8B06, 0x9326, 0xA3C8, 0xA3C8, 0xA3C9, 0xABE9, 0xAC0A, 0xAC09, 0xB40A, 0xB40A, 0xB42A, 0xBC6B, 0xBC8B, 0xC48C, 0xB42A, 0xABE9,
    0xABE9, 0xB42A, 0xBC4A, 0xBC4A, 0xBC2A, 0xBC2A, 0xBC2A, 0xBC2A, 0xBC2A, 0xB40A, 0xB3E9, 0xBC2A, 0xC46A, 0xC4AB, 0xCCEC, 0xD50D,
    0xD50D, 0xC4CC, 0xC4AB, 0xBC6B, 0xB44A, 0xB42A, 0xB44A, 0xBC6A, 0xBC6B, 0xBC8B, 0xBC8B, 0xC48B, 0xC48B, 0xC48B, 0xC48B, 0x69A3,
    0xB46C, 0xE673, 0xFEF4, 0xFEF4, 0xFEF4, 0xFEF4, 0xFEF4, 0xFF36, 0xFF99, 0xFFDB, 0xFFDB, 0xFFDA, 0xFFDB, 0xFFDB, 0xFFBB, 0xFFDB,
    0xFEF5, 0xFF15, 0xFEF5, 0xFED4, 0xF6D5, 0xFF36, 0xFFB9, 0xFFFB, 0xFFFB, 0xFFDA, 0xFFDA, 0xFFFA, 0xFFDA, 0xFFDA, 0xFFBA, 0xFF99,
    0xFF99, 0xFFBA, 0xFFDA, 0xFFDA, 0xFFDA, 0xFFDA, 0xFFDA, 0xFFD9, 0xFF99, 0xFF98, 0xFF99, 0xFFBA, 0xFFFB, 0xEF17, 0x7244, 0xD5D3,
    0xE677, 0xDE56, 0xDE56, 0xDE56, 0xDE56, 0xDE56, 0xDE56, 0xDE36, 0xDE15, 0xD5F4, 0xCDD3, 0xCD72, 0xC551, 0xB48E, 0xAC2C, 0xA3CA,
    0x71E3, 0x6961, 0x6941, 0x92C5, 0xAB86, 0xAB66, 0xAB86, 0xC449, 0xCC89, 0xD4AA, 0xCCAA, 0xCC8A, 0xCCA9, 0xCCA9, 0xCC8A, 0xCCAA,
    0xD4AA, 0xCC89, 0xD4EB, 0xDD4D, 0xE58E, 0xE56D, 0xE58E, 0xE5CF, 0xEE10, 0xEE30, 0xEE31, 0xEE31, 0xEE31, 0xEE31, 0xEE52, 0xEE72,
    0xEE52, 0xE5F1, 0xDDAF, 0x8B08, 0x38C2, 0x4143, 0x30C1, 0x2080, 0x2080, 0x2080, 0x1020, 0x4164, 0xBCEF, 0xF6F6, 0xEE96, 0xEEB6,
    0xEEB5, 0xEE73, 0xD52E, 0xCC6A, 0xCCAA, 0xD4EB, 0xE56D, 0xE58E, 0xE58E, 0xDD6D, 0xD4EC, 0xDD6D, 0xDD6E, 0xDD6E, 0xE56E, 0xE56E,
    0xE56E, 0xE611, 0xEED6, 0xEEB6, 0xF6D7, 0xE654, 0x8349, 0x2080, 0x41E3, 0x5244, 0x5244, 0x39A2, 0x1060, 0x10A1, 0x10A0, 0x10A0,
    0x10A0, 0x10A1, 0x18C1, 0x18A1, 0x1080, 0x41E1, 0x9C47, 0x8367, 0x30C1, 0x4963, 0xD54E, 0xF610, 0xCC89, 0xCC48, 0xC428, 0xCC89,
    0xD4AA, 0xD4CA, 0xDD0B, 0xDD2C, 0xE58E, 0xE58E, 0xDD4D, 0xDD2C, 0xDD4C, 0xDD2C, 0xD4EB, 0xD50C, 0xD50C, 0xD50C, 0xD50C, 0xD50C,
    0xDD2C, 0xDD2D, 0xDD6D, 0xDD8E, 0xE5AF, 0xEE11, 0xD56F, 0x7A45, 0xDDD2, 0xEE96, 0xEEB7, 0xEED8, 0xEED8, 0x7A66, 0x82C5, 0x9347,
    0x9326, 0x9347, 0x9347, 0x9B88, 0xA3E9, 0xA3C9, 0xABE9, 0xABE9, 0xABE9, 0xAC09, 0xB40A, 0xB42A, 0xB42A, 0xB42A, 0xB409, 0xABE9,
    0xABE9, 0xBC2A, 0xBC4A, 0xBC2A, 0xBC2A, 0xBC2A, 0xBC2A, 0xC48A, 0xC48A, 0xC46A, 0xC46A, 0xCCAB, 0xC4AB, 0xCCCB, 0xCCCC, 0xC4AC,
    0xC4AB, 0xBC8B, 0xBC6B, 0xBC6B, 0xBC6B, 0xBC6B, 0xBC8B, 0xBC8B, 0xC48B, 0xC48B, 0xC48B, 0xC48B, 0xC48B, 0xC4AB, 0xBC8B, 0xCCEC,
    0x69E3, 0xAC2B, 0xFF56, 0xFED4, 0xFEF4, 0xFEF4, 0xFEF4, 0xFEF4, 0xFF36, 0xFFB9, 0xFFDB, 0xFFDB, 0xFFBA, 0xFFBA, 0xFFDB, 0xFFDB,
    0xFEF5, 0xFEF5, 0xFF15, 0xFEF5, 0xFED5, 0xFEF5, 0xFF98, 0xFFFB, 0xFFDA, 0xFFDA, 0xFFDA, 0xFFFB, 0xFFFB, 0xFFFB, 0xFFFB, 0xFFBA,
    0xFF99, 0xFF99, 0xFFD9, 0xFFB9, 0xFF78, 0xFF78, 0xFF78, 0xFF57, 0xFF57, 0xFF57, 0xFF77, 0xFF57, 0xFF77, 0xEE94, 0x7244, 0xD5D3,
    0xE676, 0xDE56, 0xDE56, 0xDE56, 0xDE56, 0xDE56, 0xDE35, 0xD615, 0xCDD4, 0xCDD4, 0xCDD3, 0xC571, 0xC551, 0xB4AE, 0xAC4C, 0xA3CA,
    0x71C3, 0x6121, 0x92A5, 0xABA7, 0xAB87, 0xB3A7, 0xBBE8, 0xC448, 0xCC89, 0xD4AA, 0xD4AA, 0xCCA9, 0xCC89, 0xCCA9, 0xD4A9, 0xCCA9,
    0xCC89, 0xCC89, 0xD4EB, 0xDD2C, 0xDD2C, 0xDD4D, 0xE5AE, 0xEDF0, 0xEE31, 0xEE31, 0xEE30, 0xEE51, 0xF692, 0xEE51, 0xD56D, 0xE5AF,
    0x9BCA, 0x6205, 0x6A87, 0x4143, 0x1840, 0x1880, 0x18A0, 0x20C0, 0x2901, 0x3141, 0x3962, 0x1860, 0x5A06, 0xCD92, 0xEEB6, 0xEEB6,
    0xEED7, 0xEEB6, 0xDD90, 0xCCAB, 0xCC8A, 0xCCAB, 0xE58E, 0xE56D, 0xE5AE, 0xE58E, 0xDD4D, 0xDD4D, 0xE58E, 0xE58E, 0xE58E, 0xE58E,
    0xE58E, 0xE5F1, 0xEED6, 0xEEB6, 0xF6F7, 0xE654, 0x8349, 0x2061, 0x3102, 0x5284, 0x5264, 0x4A03, 0x18E1, 0x1080, 0x1080, 0x1080,
    0x10A0, 0x10A0, 0x1080, 0x1080, 0x20C1, 0x6283, 0xACC9, 0x8387, 0x2020, 0x9B89, 0xFE51, 0xCCAA, 0xC428, 0xC448, 0xCC69, 0xD4CA,
    0xD4CA, 0xDCEB, 0xDD0C, 0xDD4D, 0xEDEF, 0xEDEF, 0xEDCF, 0xEDCF, 0xEDCF, 0xE56D, 0xD50C, 0xDD2C, 0xDD2D, 0xDD4D, 0xDD4D, 0xDD4D,
    0xDD4D, 0xDD6E, 0xEE31, 0xEE72, 0xEE72, 0xF693, 0xF673, 0x8AC7, 0xBCEF, 0xE676, 0xEED7, 0xE676, 0xD5D3, 0x7265, 0x7AA5, 0x8B26,
    0x9327, 0x9B68, 0x9B68, 0x9367, 0x9347, 0x9367, 0xA3C9, 0xAC09, 0xABE9, 0xA3A8, 0x9B67, 0xA388, 0xABC9, 0xABE9, 0xABE9, 0xB40A,
    0xBC2A, 0xBC2A, 0xBC2A, 0xBC2A, 0xBC2A, 0xBC2A, 0xB409, 0xC46A, 0xC48B, 0xBC4A, 0xBC4A, 0xBC4A, 0xBC6A, 0xC4AB, 0xC48B, 0xBC4A,
    0xB42A, 0xBC4A, 0xBC4B, 0xBC4A, 0xBC8B, 0xBC4A, 0xB409, 0xB429, 0xBC6A, 0xC4AB, 0xBC8B, 0xB42A, 0xB42A, 0xBC6A, 0xBC8B, 0xC4AB,
    0xBC6B, 0x82A5, 0xAC2B, 0xFF76, 0xFEB3, 0xFEF4, 0xFEF4, 0xFEF4, 0xFED4, 0xFF16, 0xFFDB, 0xFFBB, 0xFFBB, 0xFFBA, 0xFFBA, 0xFFBA,
    0xFEF5, 0xFEF5, 0xFEB4, 0xFEB4, 0xF6B4, 0xFEF5, 0xFF99, 0xFFFC, 0xFFFB, 0xFFFB, 0xFFDB, 0xFFDA, 0xFFDA, 0xFF99, 0xFF99, 0xFF78,
    0xFF57, 0xFF57, 0xFF57, 0xFF36, 0xFEF5, 0xFED4, 0xF6D4, 0xF6D4, 0xFEF5, 0xFF15, 0xFF35, 0xFF15, 0xFF36, 0xE653, 0x69E3, 0xDE35,
    0xEEB7, 0xDE56, 0xDE56, 0xDE56, 0xDE35, 0xDE35, 0xDE35, 0xD5F4, 0xD5F4, 0xD5D4, 0xD5F3, 0xCD92, 0xC531, 0xB4AE, 0xAC4C, 0xA3EB,
    0x6982, 0x79E3, 0xAB67, 0xABA7, 0xABA7, 0xB3C7, 0xC469, 0xCC89, 0xD4AA, 0xD4AA, 0xD4AA, 0xD4A9, 0xCCA9, 0xCCA9, 0xCCA9, 0xD4A9,
    0xD4AA, 0xD4A9, 0xCCAA, 0xCC8A, 0xDD2C, 0xEDCF, 0xEDEF, 0xEE10, 0xEE30, 0xEE31, 0xEE51, 0xE5EF, 0xD52D, 0xD50D, 0x9327, 0x82A6,
    0x5162, 0x2040, 0x1860, 0x1040, 0x1080, 0x1080, 0x1080, 0x1080, 0x18C0, 0x39A3, 0x39A3, 0x41E3, 0x1880, 0x6267, 0xF6D6, 0xE695,
    0xEED7, 0xEEB6, 0xE653, 0xD54E, 0xC48A, 0xCCAA, 0xE58E, 0xE56E, 0xE5AE, 0xEDCF, 0xE5AF, 0xE58E, 0xDD8E, 0xE58E, 0xE58E, 0xE5CF,
    0xEE31, 0xE652, 0xEEB5, 0xEEB6, 0xF6F7, 0xE654, 0x8B49, 0x1860, 0x0800, 0x41A3, 0x5AC4, 0x6305, 0x4203, 0x0860, 0x1080, 0x1080,
    0x1080, 0x1080, 0x18A1, 0x18A0, 0x3141, 0xACEA, 0x8388, 0x2060, 0x7AE7, 0xEDCF, 0xDD2D, 0xCC49, 0xCC69, 0xDD0B, 0xE54C, 0xDD0B,
    0xD4CB, 0xDD2C, 0xEDAE, 0xEDEF, 0xE5CF, 0xEDCF, 0xEDEF, 0xEDEF, 0xEDEF, 0xE5AF, 0xE58E, 0xE58D, 0xDD6D, 0xE5F0, 0xE5D0, 0xE5F0,
    0xEE11, 0xE611, 0xE5F1, 0xE5F0, 0xE5F0, 0xE5F0, 0xE611, 0x8AC6, 0xC4EF, 0xEE76, 0xEED8, 0xEEB7, 0x82C7, 0x69E3, 0x82E6, 0x8B06,
    0x8B06, 0x9327, 0x9347, 0x9B68, 0x9B88, 0xA3A8, 0xABE9, 0xA3C8, 0xA388, 0x9B67, 0x9B67, 0xA3A8, 0xA3C8, 0xABC9, 0xBC2A, 0xBC2A,
    0xBC2A, 0xB40A, 0xBC0A, 0xBC0A, 0xBC2A, 0xBC2A, 0xB409, 0xB3E9, 0xBC09, 0xBC09, 0xBC29, 0xC46A, 0xC48B, 0xC48A, 0xC48B, 0xC48B,
    0xBC4A, 0xB42A, 0xB409, 0xB42A, 0xBC4A, 0xB44A, 0xB42A, 0xB44A, 0xBC8B, 0xC48B, 0xBC6B, 0xB42A, 0xB44A, 0xBC4A, 0xBC6B, 0xC46B,
    0xCCCB, 0xABE9, 0x8AC6, 0xAC2B, 0xFF55, 0xFEF4, 0xFED4, 0xFED4, 0xFEF4, 0xFF15, 0xFF57, 0xFFBA, 0xFFDB, 0xFFDA, 0xFFBA, 0xFFBA,
    0xFF15, 0xFEF5, 0xFEF5, 0xFEF5, 0xFEF5, 0xFEF5, 0xFF98, 0xFFFB, 0xFFDB, 0xFFFB, 0xFFFB, 0xFFFB, 0xFFB9, 0xFF16, 0xFED4, 0xF6B4,
    0xF693, 0xF693, 0xF672, 0xF672, 0xF693, 0xF692, 0xF693, 0xFEB3, 0xFEF4, 0xFEF4, 0xFED4, 0xFED4, 0xFF15, 0xEE93, 0x9BC9, 0x9BAB,
    0xBCF0, 0xEE97, 0xE656, 0xDE56, 0xDE35, 0xDE35, 0xDE35, 0xDE35, 0xDE35, 0xD5F4, 0xD5F4, 0xCDB3, 0xC531, 0xBCEF, 0xB48D, 0xA3EA,
    0x6162, 0x8244, 0xB3C7, 0xAB87, 0xB3C7, 0xB3E8, 0xC469, 0xD4CA, 0xD4CA, 0xD4CA, 0xD4CA, 0xD4CA, 0xD4EA, 0xD4CA, 0xCCA9, 0xD4AA,
    0xD4CA, 0xD4EA, 0xD4CA, 0xDD4C, 0xEDCF, 0xE5CF, 0xEDEF, 0xE5CF, 0xE58E, 0xE58E, 0xDD6E, 0xB42A, 0x71E3, 0x7224, 0x4101, 0x2880,
    0x20A0, 0x20C1, 0x18E1, 0x18C1, 0x10C1, 0x10C1, 0x10C1, 0x10A1, 0x18C1, 0x4A04, 0x4A04, 0x5224, 0x3941, 0x3943, 0x8B8A, 0xEE95,
    0xEED6, 0xF6D7, 0xF6D6, 0xDDB0, 0xDD4D, 0xD50C, 0xE58E, 0xDD6D, 0xE5AF, 0xE5CF, 0xE5CF, 0xE5EF, 0xE5EF, 0xE5F0, 0xE5EF, 0xEE10,
    0xEE32, 0xEE53, 0xEE73, 0xF6D6, 0xF6F7, 0xE654, 0x8308, 0x5184, 0x4984, 0x1000, 0x4A24, 0x83E8, 0x6305, 0x5285, 0x18C1, 0x0840,
    0x0860, 0x0020, 0x2901, 0x83C8, 0x8BE8, 0x7306, 0x28E2, 0x6226, 0xC4CC, 0xE54D, 0xCC49, 0xD4AA, 0xE54D, 0xE54D, 0xDD4D, 0xDD2C,
    0xE58E, 0xEDCF, 0xEE0F, 0xEDEF, 0xEDEF, 0xEDF0, 0xEDF0, 0xEDF0, 0xEDF0, 0xEDEF, 0xE5EF, 0xEE10, 0xE610, 0xEE52, 0xEE52, 0xEE52,
    0xDD8E, 0xDD8E, 0xE5CF, 0xE5CF, 0xE5CF, 0xE5CF, 0xE5D0, 0x82C6, 0xC530, 0xEE96, 0xEED8, 0xF719, 0x7A86, 0x7A65, 0x8B27, 0x82E6,
    0x8AE6, 0x82E6, 0x9347, 0x9BA8, 0x9BA8, 0xA3A8, 0x9B88, 0x9B87, 0x9B67, 0x9BA8, 0xA3A8, 0xA3C8, 0xA3A8, 0xABC9, 0xB40A, 0xB3E9,
    0xB409, 0xB3E9, 0xB3E9, 0xB3E9, 0xB3E9, 0xBBE9, 0xBC09, 0xC46A, 0xC48B, 0xC48B, 0xC4AB, 0xCCAB, 0xCCAB, 0xC48B, 0xBC6A, 0xBC6A,
    0xC48B, 0xBC4A, 0xB409, 0xAC09, 0xB40A, 0xAC09, 0xABE9, 0xABE9, 0xAC09, 0xBC4A, 0xBC6B, 0xBC6A, 0xBC6B, 0xBC6B, 0xBC6A, 0xBC4A,
    0xBC6A, 0xCCEC, 0xABA9, 0x9307, 0xBC6C, 0xF673, 0xFEF4, 0xFED4, 0xFED4, 0xFEF4, 0xFEF4, 0xFF77, 0xFFBA, 0xFFDB, 0xFFBB, 0xFFDA,
    0xFEF5, 0xFEF5, 0xFEF5, 0xFEF5, 0xFF15, 0xF6D5, 0xFF36, 0xFF98, 0xFF98, 0xFF98, 0xFF57, 0xFF36, 0xFF36, 0xFED4, 0xF693, 0xF693,
    0xF652, 0xF672, 0xFEB3, 0xFED3, 0xF6B3, 0xF6B3, 0xFEB3, 0xFEF4, 0xFF15, 0xFF15, 0xFEF4, 0xFEF4, 0xFF15, 0xFF15, 0xFF97, 0x7A65,
    0x9BAB, 0xEEF8, 0xE676, 0xE676, 0xE676, 0xDE56, 0xDE35, 0xDE35, 0xDE56, 0xD615, 0xD5F4, 0xD5D3, 0xC531, 0xC530, 0xB4CE, 0xA40B,
    0x5941, 0x79E3, 0xB3C7, 0xB3E8, 0xBC29, 0xBC49, 0xC469, 0xD4CA, 0xD4CA, 0xD4CA, 0xD4CA, 0xD4CA, 0xD4EA, 0xD4CA, 0xD4A9, 0xD4A9,
    0xD4CA, 0xD4CA, 0xD4CA, 0xDD0C, 0xDD4C, 0xDD4C, 0xDD4C, 0xDD2C, 0xBC6A, 0xC4AC, 0x7A86, 0x38E0, 0x3080, 0x28C0, 0x2901, 0x2921,
    0x2922, 0x2102, 0x18E2, 0x18E2, 0x18C1, 0x10A1, 0x10A1, 0x18A1, 0x18C1, 0x41E3, 0x5244, 0x6284, 0x7B26, 0x1880, 0x3964, 0xEE95,
    0xEEB6, 0xEED7, 0xF6F7, 0xEE94, 0xE610, 0xE5AE, 0xE5CF, 0xE5CF, 0xEE10, 0xEDCF, 0xEDCF, 0xE5CF, 0xE5CF, 0xEE10, 0xEE31, 0xEE31,
    0xE611, 0xEE53, 0xEE94, 0xEED6, 0xF6D6, 0xF6D5, 0xC4CD, 0xBBEA, 0x8B29, 0x30E2, 0x3902, 0x41C4, 0x3982, 0x7367, 0x62E6, 0x5265,
    0x5265, 0x5244, 0x62A5, 0x7347, 0x6AA5, 0x4143, 0x4943, 0xCCCC, 0xED8D, 0xDCEC, 0xE54D, 0xE56D, 0xE56D, 0xE56D, 0xE56D, 0xEDEF,
    0xEE10, 0xEE30, 0xEE0F, 0xEE0F, 0xEE10, 0xEE10, 0xEE10, 0xEE10, 0xEE10, 0xEE10, 0xEE51, 0xEE72, 0xF693, 0xDDAF, 0xDD8E, 0xDD8E,
    0xDDAE, 0xE5CF, 0xE5CF, 0xDDD0, 0xE5D0, 0xE610, 0xE5F1, 0x82C6, 0xC530, 0xEE96, 0xEED8, 0xF719, 0x7266, 0x7223, 0x8B27, 0x8AE6,
    0x8B06, 0x8AE6, 0x9367, 0x9BA8, 0x9367, 0x9367, 0x9B88, 0xA3C8, 0xA3C9, 0xA3A8, 0x9B88, 0xA3A8, 0xA3A8, 0x9B88, 0x9B67, 0xABC8,
    0xB409, 0xB3E9, 0xB3E9, 0xB3C8, 0xB3A8, 0xB3A8, 0xB3E9, 0xBC09, 0xC48A, 0xCCCB, 0xCCAB, 0xC4AB, 0xC46B, 0xB42A, 0xB40A, 0xB40A,
    0xB42A, 0xB40A, 0xABE9, 0xAC09, 0xB42A, 0xB42A, 0xBC4B, 0xBC4B, 0xB44A, 0xBC4A, 0xBC6A, 0xBC4A, 0xBC4B, 0xBC4A, 0xB42A, 0xB409,
    0xB42A, 0xBC6B, 0xCCCC, 0xB40A, 0x71E3, 0xD54F, 0xF693, 0xFEB4, 0xFEB4, 0xFED3, 0xFED4, 0xFED4, 0xFF57, 0xFFDA, 0xFFBA, 0xFFDA,
    0xFED5, 0xFF16, 0xFF57, 0xFF57, 0xFF78, 0xFF78, 0xFF77, 0xFF15, 0xFF15, 0xFF56, 0xFED4, 0xF693, 0xF693, 0xF673, 0xF693, 0xFE93,
    0xF693, 0xF693, 0xFED4, 0xFED4, 0xFED4, 0xFEF4, 0xFF15, 0xFF15, 0xFEF5, 0xFF15, 0xFEF4, 0xFED4, 0xFEF4, 0xFEF4, 0xFF56, 0x82A6,
    0xAC0C, 0xF719, 0xE676, 0xE676, 0xE676, 0xDE35, 0xDE35, 0xDE35, 0xD615, 0xD5F4, 0xD5F4, 0xCDD3, 0xC531, 0xC551, 0xB4AE, 0x9348,
    0x71E3, 0x8A65, 0xABA7, 0xBC28, 0xC449, 0xCC8A, 0xCC8A, 0xCCAA, 0xD4CA, 0xD4CA, 0xD4EB, 0xD4EA, 0xD4EA, 0xD4EA, 0xD4EA, 0xD4A9,
    0xD489, 0xCC69, 0xC427, 0xC428, 0xC428, 0xC428, 0xAB46, 0x9AA5, 0x5921, 0x38C1, 0x3081, 0x2860, 0x4142, 0x4A03, 0x3161, 0x2101,
    0x18C1, 0x18C1, 0x18E2, 0x18E2, 0x0860, 0x5ACA, 0x8C50, 0x20E2, 0x1080, 0x18C0, 0x4A03, 0x62A4, 0x7B66, 0x28E1, 0x3964, 0xCDB2,
    0xEEB6, 0xEEF7, 0xF6F7, 0xF6F7, 0xE652, 0xE5EF, 0xEDEF, 0xF651, 0xF651, 0xEE30, 0xEE30, 0xE5AE, 0xDD6D, 0xE5AE, 0xEDF0, 0xEE10,
    0xEE10, 0xEE32, 0xEE74, 0xF695, 0xF6D6, 0xF6D6, 0xCD2F, 0xBBCA, 0xBC0A, 0xDDD1, 0x8B2A, 0x4143, 0x59C5, 0x51C4, 0x4962, 0x4962,
    0x4142, 0x4142, 0x4101, 0x4902, 0x4943, 0x9349, 0xEDF0, 0xDD0C, 0xE54D, 0xE5AE, 0xE5AE, 0xE58E, 0xE58E, 0xEDEF, 0xEE0F, 0xEE30,
    0xEE30, 0xEE10, 0xE610, 0xEE51, 0xF651, 0xEE51, 0xEE31, 0xEE31, 0xEE31, 0xF673, 0xF693, 0xE611, 0xDDCF, 0xE5EF, 0xE5D0, 0xE5F0,
    0xE5F0, 0xE611, 0xE611, 0xE631, 0xE611, 0xE611, 0xE611, 0x8AC6, 0xCD30, 0xEE96, 0xEED7, 0xEEB7, 0x8B49, 0x8B27, 0x8B06, 0x8B06,
    0x82E6, 0x82E6, 0x8B06, 0x9347, 0x8B26, 0x9347, 0x9347, 0x9B88, 0xA3A8, 0x9B87, 0x9326, 0x9326, 0x9B47, 0x9B88, 0xA388, 0xABC8,
    0xB3E9, 0xB3C8, 0xB3C8, 0xAB88, 0xAB88, 0xB3A8, 0xB3E9, 0xBC09, 0xC44A, 0xC46A, 0xC46A, 0xC46A, 0xB409, 0xABC9, 0xABC9, 0xABC9,
    0xABC9, 0xABC9, 0xABE9, 0xABE9, 0xABE9, 0xABC9, 0xABE9, 0xABE9, 0xABE9, 0xB40A, 0xB42A, 0xBC4A, 0xBC4A, 0xB42A, 0xB42A, 0xB42A,
    0xBC4A, 0xBC6B, 0xBC6B, 0xBC6B, 0xC48C, 0x7224, 0xDDB0, 0xFF15, 0xFEB3, 0xFED4, 0xFED4, 0xFED4, 0xFEF4, 0xFF36, 0xFFDA, 0xFFDA,
    0xFF78, 0xFF99, 0xFFFA, 0xFFFB, 0xFFFB, 0xFFFA, 0xFF98, 0xFED4, 0xFED3, 0xFED4, 0xFED3, 0xF693, 0xF693, 0xF6B3, 0xF6D3, 0xFED4,
    0xFEF4, 0xFEB3, 0xF693, 0xFEB3, 0xFEB4, 0xFED4, 0xFED4, 0xFEF4, 0xFED4, 0xFED4, 0xFEF4, 0xFED4, 0xFED4, 0xFEF4, 0xFF36, 0x9BA9,
    0xB48D, 0xE676, 0xE697, 0xE697, 0xE676, 0xDE15, 0xDE35, 0xDE35, 0xD5F4, 0xD5F4, 0xD5F4, 0xCDD3, 0xC531, 0xCD71, 0xA3EB, 0x6982,
    0x9B27, 0xABA8, 0xABC7, 0xBC49, 0xBC49, 0xCCAA, 0xD4CA, 0xD4AA, 0xD4CA, 0xD4EB, 0xD4EB, 0xD4EB, 0xDCEB, 0xD4EA, 0xD4A9, 0xD4A9,
    0xD489, 0xD469, 0xD469, 0xCC07, 0xBBA6, 0xB345, 0xAAE4, 0x9243, 0x48C0, 0x3080, 0x2860, 0x5204, 0x7B46, 0x6B05, 0x39C2, 0x2101,
    0x39C5, 0x41E6, 0x2102, 0x18C1, 0x0840, 0x738D, 0xBDB5, 0x20E2, 0x1080, 0x18A0, 0x4A03, 0x62A4, 0x7B46, 0x3101, 0x1860, 0x6A46,
    0xEE96, 0xF717, 0xF6F7, 0xF6F7, 0xF6B4, 0xEE31, 0xEDEF, 0xF671, 0xFEB2, 0xFEB2, 0xEE30, 0xDD6D, 0xDD4D, 0xE58E, 0xE5AF, 0xE5AF,
    0xE5AF, 0xE5AF, 0xE631, 0xEE73, 0xEEB5, 0xEED5, 0xDDB1, 0xC44C, 0xCC8C, 0xEDF1, 0xF674, 0xF694, 0xFEF5, 0xAC4D, 0x6A46, 0x7AA7,
    0x7AA7, 0x7AC8, 0x7A87, 0xBC6B, 0xEE10, 0xE5AF, 0xE58E, 0xEE0F, 0xEDF0, 0xEDEF, 0xF630, 0xEE30, 0xEE10, 0xF651, 0xF671, 0xF651,
    0xEE30, 0xEE51, 0xF672, 0xF672, 0xF673, 0xEE52, 0xF693, 0xF6F6, 0xF6B4, 0xEE52, 0xDDF0, 0xDDCF, 0xE5F0, 0xE5F0, 0xEE32, 0xEE53,
    0xEE73, 0xEE53, 0xEE53, 0xEE73, 0xEE53, 0xEE73, 0xF694, 0x82A5, 0xC530, 0xF6D7, 0xF6F8, 0xDE34, 0x61E3, 0x9368, 0xBC8C, 0xAC0B,
    0x9347, 0x8306, 0x82E6, 0x82C6, 0x82C6, 0x8B07, 0x9B88, 0xA3A8, 0xA3A8, 0x9B88, 0x9B67, 0x9B67, 0x9B67, 0xA388, 0x9B67, 0xA367,
    0xA367, 0xA367, 0xABA8, 0xB3A8, 0xB3C8, 0xB3C8, 0xB3E9, 0xBC09, 0xBC09, 0xBC09, 0xB409, 0xB3E9, 0xB3C9, 0xABA8, 0xABA8, 0xABC9,
    0xABC9, 0xABC9, 0xABC9, 0xABE9, 0xABE9, 0xABC9, 0xA3A8, 0xA3A8, 0xA388, 0xB40A, 0xBC4A, 0xBC4A, 0xBC4A, 0xBC4A, 0xBC4A, 0xBC4A,
    0xBC4B, 0xBC4A, 0xB42A, 0xBC6B, 0xBC6B, 0x8AC6, 0xA3A9, 0xD56F, 0xFED4, 0xFEB4, 0xFED4, 0xFED4, 0xFED4, 0xFEF4, 0xFF57, 0xFFB9,
    0xFFFA, 0xFFDA, 0xFFFB, 0xFFFB, 0xFFDA, 0xFFDA, 0xFF78, 0xFED4, 0xFE93, 0xFE93, 0xFEB3, 0xFED3, 0xF6B3, 0xFEB3, 0xFED3, 0xFEB3,
    0xF6B3, 0xF693, 0xF693, 0xFE93, 0xFEB3, 0xF6B3, 0xF693, 0xF693, 0xFED3, 0xFED4, 0xFEF4, 0xFEF4, 0xFEF4, 0xFEF4, 0xFEF5, 0xFF97,
    0xA42B, 0x8308, 0xF6F8, 0xE697, 0xE696, 0xE676, 0xE676, 0xDE56, 0xD5F4, 0xD5D3, 0xD5D3, 0xCD92, 0xC551, 0xC571, 0xBCCF, 0x9348,
    0x69A2, 0x9B47, 0xBC29, 0xC449, 0xBC49, 0xC469, 0xCCAA, 0xD4CA, 0xD4CA, 0xD4EA, 0xD4EB, 0xD4EA, 0xD4CA, 0xD4A9, 0xCC48, 0xCC48,
    0xC407, 0xB385, 0xBB86, 0xB365, 0xAAE4, 0x9A42, 0xA2A3, 0xAB05, 0x8265, 0x38C1, 0x2040, 0x6AA5, 0x8BC7, 0x6AE5, 0x3141, 0x20E1,
    0xA4D1, 0xCE37, 0x39A5, 0x0860, 0x1081, 0x2103, 0x2964, 0x1081, 0x10A1, 0x18A0, 0x4A23, 0x62A4, 0x7B66, 0x3122, 0x1020, 0x6A05,
    0xCCEF, 0xEEB6, 0xF718, 0xF6F7, 0xF6F5, 0xEE31, 0xEDEF, 0xEE30, 0xEE30, 0xEE10, 0xE58E, 0xEDCE, 0xEDEF, 0xEDEF, 0xE5AE, 0xDD6E,
    0xE58F, 0xE58F, 0xDDAF, 0xE5D0, 0xE632, 0xEE74, 0xEE53, 0xEE33, 0xEE32, 0xEE32, 0xE632, 0xF6B5, 0xF6D5, 0xFED5, 0xFF16, 0xFF16,
    0xFF36, 0xF693, 0xF672, 0xF651, 0xF652, 0xF672, 0xF652, 0xF671, 0xF672, 0xF672, 0xF672, 0xF672, 0xF672, 0xF671, 0xF671, 0xF671,
    0xF693, 0xF6B3, 0xF6B3, 0xF693, 0xEE93, 0xF6F5, 0xF6D4, 0xEE73, 0xEE53, 0xEE32, 0xEE32, 0xE611, 0xE5D0, 0xE611, 0xEE53, 0xEE53,
    0xEE53, 0xEE53, 0xEE73, 0xEE73, 0xF694, 0xDDB1, 0x8B28, 0x8B28, 0xD5B2, 0xF6D7, 0xEE96, 0xBCF0, 0x6A03, 0x82A5, 0x82E6, 0x82E6,
    0xA3EA, 0xA40A, 0xA3C9, 0xA3A9, 0x9347, 0x8B27, 0x8B06, 0x8B06, 0x9347, 0x9B88, 0xA388, 0xA388, 0x9B67, 0x9B67, 0x9B88, 0xABE9,
    0xABC9, 0xAB87, 0xABA8, 0xABA8, 0xB3C8, 0xBBE9, 0xBC09, 0xBC09, 0xBC29, 0xB3E9, 0xB409, 0xB409, 0xB409, 0xB3E9, 0xABC9, 0xABC8,
    0xABA9, 0xABC9, 0xABC9, 0xA388, 0xA388, 0xA388, 0xA3A8, 0xA3A8, 0xABE9, 0xB409, 0xB409, 0xAC09, 0xABE9, 0xB409, 0xAC09, 0xB409,
    0xBC4B, 0xBC4B, 0xBC4B, 0xBC4A, 0xBC4A, 0xC4AC, 0x71E3, 0xBC8C, 0xFF35, 0xF6B3, 0xFEB4, 0xFED4, 0xFED4, 0xFED4, 0xFEB4, 0xFF57,
    0xFFBA, 0xFFBA, 0xFFDA, 0xFFFA, 0xFFFA, 0xFFDA, 0xFF78, 0xF6D4, 0xF693, 0xF672, 0xF693, 0xFEB3, 0xF672, 0xEE51, 0xF672, 0xF692,
    0xF692, 0xF693, 0xFEB3, 0xFEB3, 0xFEB3, 0xFEB4, 0xFEB3, 0xF693, 0xF6B3, 0xFEF4, 0xFEF4, 0xFEF5, 0xFEF4, 0xFEF5, 0xFEF4, 0xFF76,
    0xA3EA, 0x8B29, 0xF6F8, 0xE697, 0xEE97, 0xE697, 0xE697, 0xE676, 0xD5F4, 0xCDB3, 0xCD92, 0xCD72, 0xC551, 0xC530, 0xCD71, 0xBCCE,
    0x71A2, 0x9B47, 0xBC49, 0xBC49, 0xC469, 0xCC8A, 0xD4AA, 0xD4CA, 0xD4EB, 0xD4CA, 0xD4CA, 0xD4CA, 0xCC48, 0xC3E7, 0xC3E7, 0xC3C7,
    0xBB86, 0xAB04, 0xAB04, 0xAB04, 0xA2C4, 0xAB04, 0xBB87, 0xC428, 0xBC09, 0x38A1, 0x2020, 0x6AC6, 0x8BE7, 0x7346, 0x4A03, 0x20E1,
    0x5268, 0x62EA, 0x2102, 0x1080, 0x10A1, 0x0860, 0x0860, 0x1081, 0x10A1, 0x18A0, 0x5223, 0x6284, 0x7B66, 0x3922, 0x0800, 0x61A4,
    0xA369, 0xEE95, 0xF718, 0xF6D7, 0xF6F6, 0xEE72, 0xEE10, 0xEDEF, 0xE5AE, 0xE5AE, 0xE5AE, 0xEDEF, 0xF610, 0xEDEF, 0xE5CF, 0xE5CF,
    0xE58E, 0xDD8F, 0xE5AF, 0xE5D0, 0xE611, 0xE5F1, 0xE611, 0xEE53, 0xEE53, 0xEE53, 0xF6D5, 0xF6F6, 0xF6F6, 0xF6F6, 0xF6F7, 0xF6D5,
    0xF6D5, 0xF6B4, 0xF6D4, 0xFED4, 0xF672, 0xF672, 0xF673, 0xF672, 0xF672, 0xF672, 0xF672, 0xEE51, 0xEE51, 0xEE72, 0xF672, 0xF672,
    0xF6B3, 0xF693, 0xEE93, 0xF6D5, 0xF6F5, 0xEE94, 0xEE73, 0xEE52, 0xEE32, 0xEE31, 0xE611, 0xE5F1, 0xE611, 0xEE32, 0xEE53, 0xEE33,
    0xEE53, 0xEE53, 0xEE53, 0xEE73, 0xF6B4, 0xD591, 0x69C3, 0xE635, 0xEE96, 0xEED7, 0xCDB3, 0x5182, 0xA388, 0xA3A8, 0x82A5, 0x7264,
    0x7A84, 0x7A84, 0x7AA5, 0x9368, 0x9BA9, 0xA3EA, 0xAC0A, 0xA3C9, 0x9B88, 0x9B67, 0x9B67, 0x9B67, 0x9B47, 0x9B47, 0x9B67, 0x9B67,
    0xA367, 0xAB88, 0xB3A8, 0xABA8, 0xB3C8, 0xBBE9, 0xB3C8, 0xABA8, 0xABA8, 0xAB88, 0xABA8, 0xB3E9, 0xB3E9, 0xB409, 0xABE9, 0xABC8,
    0xABC9, 0xABC9, 0xA3A8, 0xA3A8, 0xA388, 0x9B47, 0x9B47, 0xA388, 0xB409, 0xB42A, 0xB409, 0xABC8, 0xA3C8, 0xA3C8, 0xABC8, 0xABC8,
    0xABE9, 0xAC0A, 0xAC09, 0xAC09, 0xB409, 0xB42A, 0xB42A, 0x9368, 0xA40B, 0xFED3, 0xF6B3, 0xFED4, 0xFED4, 0xFEB4, 0xF6B4, 0xFEB4,
    0xFFDA, 0xFFBA, 0xFFBA, 0xFFDA, 0xFFFA, 0xFFFB, 0xFFB9, 0xFEF5, 0xFEB4, 0xFE93, 0xF692, 0xF672, 0xF652, 0xF672, 0xF693, 0xF692,
    0xF693, 0xFED3, 0xFEB3, 0xFEB4, 0xFEB4, 0xFED4, 0xFEB4, 0xFEB3, 0xFEB3, 0xFED4, 0xFEF4, 0xFEF4, 0xFEF4, 0xFEF4, 0xFEF4, 0xFF76,
    0x9BC9, 0x9349, 0xF719, 0xE677, 0xEE97, 0xE697, 0xE697, 0xE676, 0xDE35, 0xD5D3, 0xCD92, 0xD5B3, 0xCD72, 0xC530, 0xC551, 0xB48D,
    0x69A2, 0xA347, 0xBC49, 0xC46A, 0xCC8A, 0xD4CB, 0xD4AA, 0xD4CA, 0xD4CA, 0xD4CA, 0xD4AA, 0xCC48, 0xCC28, 0xC408, 0xC3E7, 0xBBC7,
    0xBBC7, 0xC408, 0xCC08, 0xCC08, 0xC408, 0xCC28, 0xCC8A, 0xDCEC, 0xCCAB, 0x7245, 0x2020, 0x51E4, 0x9407, 0x8C07, 0x7B86, 0x2101,
    0x0860, 0x0840, 0x10A1, 0x10A1, 0x1081, 0x10A1, 0x10A1, 0x1081, 0x1080, 0x10A0, 0x5A84, 0x7B66, 0x6AC6, 0x1840, 0x4143, 0x8287,
    0xABAA, 0xE613, 0xF6F6, 0xF6F7, 0xF6B5, 0xEE31, 0xEDCF, 0xE5CE, 0xEDCE, 0xEDCE, 0xEDCF, 0xE5CF, 0xEDF0, 0xEE31, 0xF652, 0xEE11,
    0xE5AF, 0xDDAF, 0xDD6E, 0xD54D, 0xDDB0, 0xE5F0, 0xDDD0, 0xEE32, 0xEE73, 0xEEB4, 0xFF17, 0xF717, 0xF758, 0xFFDA, 0xFFBB, 0xFF58,
    0xFF36, 0xFF57, 0xFF57, 0xFF36, 0xFF16, 0xFF15, 0xFF15, 0xF6B3, 0xF672, 0xF693, 0xF693, 0xF6B4, 0xF6F4, 0xFEF4, 0xFEF4, 0xF6F4,
    0xF6B4, 0xF6D4, 0xFF36, 0xEEB4, 0xEE94, 0xEE74, 0xEE73, 0xEE53, 0xEE32, 0xEE31, 0xE5F1, 0xE612, 0xEE73, 0xEE53, 0xEE53, 0xEE33,
    0xEE53, 0xEE53, 0xEE73, 0xEE53, 0xF6F5, 0xDDF2, 0x69C3, 0xDE34, 0xEE96, 0xF6F7, 0xDE14, 0x59C3, 0xA388, 0xABC9, 0x9327, 0x7243,
    0x7A64, 0x7A84, 0x7A84, 0x7AA5, 0x7AA5, 0x8B06, 0x9327, 0x9348, 0xA3C9, 0xABE9, 0xB42A, 0xABE9, 0xA388, 0x9B47, 0x9B47, 0x9B47,
    0x9B47, 0xABC9, 0xBC09, 0xBC09, 0xBC0A, 0xB3E9, 0xB3A8, 0xAB67, 0xAB67, 0xAB88, 0xABA8, 0xABA7, 0xABA7, 0xABA8, 0xA387, 0xA367,
    0xA388, 0xA367, 0x9B67, 0xA388, 0x9B67, 0x9326, 0x9326, 0x9B47, 0xA3A8, 0xA3A8, 0xA3A8, 0xA3A8, 0xABC8, 0xABC8, 0xABC8, 0xABC8,
    0xABE9, 0xB40A, 0xABE9, 0xABE9, 0xABE9, 0xAC0A, 0xBC6B, 0x8284, 0x9B48, 0xFF35, 0xF693, 0xFEB4, 0xFEB4, 0xFEB4, 0xFEB4, 0xFEB4,
    0xFFFB, 0xFFFB, 0xFFFB, 0xFFFB, 0xFFDA, 0xFFDA, 0xFFB9, 0xFF16, 0xF6B3, 0xF672, 0xF672, 0xF693, 0xFEF4, 0xFED3, 0xFEB3, 0xFEB3,
    0xFED4, 0xFED4, 0xFED4, 0xFED4, 0xFEB3, 0xFEB3, 0xFEB3, 0xFE93, 0xFE93, 0xFEB3, 0xFED3, 0xFEF4, 0xFEF4, 0xFEF4, 0xFEF4, 0xFF56,
    0xBCCD, 0x8B48, 0xEEB7, 0xEEB7, 0xE697, 0xE676, 0xE676, 0xDE55, 0xDE14, 0xD5D3, 0xCD92, 0xD5B3, 0xCD72, 0xC530, 0xC571, 0xB48D,
    0x6981, 0xA367, 0xC46A, 0xC48A, 0xCCAB, 0xCCAB, 0xD4AB, 0xD4AA, 0xD4AA, 0xD4AA, 0xCC89, 0xC407, 0xC3E8, 0xC3E7, 0xC428, 0xCC28,
    0xCC48, 0xD48A, 0xD4AA, 0xD4AA, 0xD48A, 0xD469, 0xD4AB, 0xE54D, 0xE56E, 0xABEA, 0x2020, 0x2060, 0x7B67, 0x9C49, 0x7B86, 0x39A2,
    0x18A1, 0x18A1, 0x10A1, 0x1081, 0x1081, 0x10A1, 0x1081, 0x1081, 0x10A0, 0x20E1, 0x6B05, 0x7345, 0x49E4, 0x4143, 0xB44D, 0xB42B,
    0xBC6C, 0xD52F, 0xEE73, 0xF6F6, 0xEE94, 0xEE10, 0xE5CF, 0xE5CF, 0xE5AE, 0xEDCF, 0xEDCF, 0xEDCF, 0xE610, 0xF672, 0xF673, 0xF673,
    0xEE32, 0xE5F1, 0xDD8F, 0xCCEC, 0xD54E, 0xDDD0, 0xE611, 0xEE33, 0xEE94, 0xFF17, 0xF717, 0xF6F7, 0xFF38, 0xFF9A, 0xFFBA, 0xFFBA,
    0xFFB9, 0xFF99, 0xFF78, 0xFF78, 0xFF78, 0xFF78, 0xF737, 0xF6F6, 0xF6F6, 0xF6F6, 0xF6F5, 0xF6F5, 0xFEF5, 0xFEF5, 0xF6D5, 0xFF16,
    0xFF57, 0xF6F5, 0xEEB5, 0xEE94, 0xEE94, 0xF6B4, 0xEE53, 0xE612, 0xE611, 0xE5F1, 0xE5F1, 0xE5F1, 0xE612, 0xE612, 0xEE53, 0xEE53,
    0xEE73, 0xEE73, 0xEE53, 0xF6B5, 0xC52F, 0xAC0B, 0xA3EB, 0xDE35, 0xEE96, 0xE655, 0xC551, 0x61C3, 0xA367, 0xABA8, 0x9327, 0x82C5,
    0x8AE6, 0x7A84, 0x7284, 0x7284, 0x7AA5, 0x8B06, 0x8AE6, 0x8AE5, 0x8B06, 0x9B67, 0xA3A8, 0xABE9, 0xB44A, 0xB44B, 0xABE9, 0xA3A8,
    0xA388, 0xA388, 0xA367, 0xA367, 0xB3A8, 0xB3C8, 0xABA8, 0xA367, 0xAB67, 0xAB87, 0xABA8, 0xABC8, 0xABC8, 0xABC8, 0xA387, 0x9B67,
    0x9B47, 0x9B47, 0x9B47, 0x9B47, 0x9B47, 0x9B47, 0x9326, 0x9326, 0x9326, 0x9326, 0x9306, 0x9B67, 0xA3C8, 0xA3C8, 0xA3C8, 0xABC8,
    0xABC9, 0xABC9, 0xA3C9, 0xABE9, 0xABE9, 0xABE9, 0xB42A, 0x9326, 0x8AE6, 0xC50E, 0xF693, 0xF693, 0xF693, 0xFEB4, 0xFED4, 0xF6D4,
    0xFFFB, 0xFFFC, 0xFFFB, 0xFFFB, 0xFFBA, 0xFFBA, 0xFFB9, 0xFF36, 0xF6D4, 0xF693, 0xF693, 0xFED4, 0xFEF4, 0xFEB4, 0xFEB3, 0xFEB3,
    0xFEB3, 0xFED4, 0xFED4, 0xFED4, 0xFEB3, 0xF693, 0xF693, 0xFE93, 0xFEB3, 0xFEB3, 0xFED3, 0xFEF4, 0xFEF4, 0xFEF4, 0xFEF4, 0xFEF4,
    0xFEF4, 0x7285, 0xCD72, 0xE696, 0xE676, 0xE676, 0xDE35, 0xD5F4, 0xCDB3, 0xCD92, 0xCD92, 0xD5B3, 0xC571, 0xC551, 0xC551, 0xB48E,
    0x6981, 0xABA8, 0xC48B, 0xC48A, 0xCCAA, 0xCCAB, 0xD4AB, 0xD4AA, 0xCC89, 0xC448, 0xC408, 0xC408, 0xC3E7, 0xC3E7, 0xCC48, 0xD4A9,
    0xD489, 0xCC69, 0xCC69, 0xCC69, 0xCC69, 0xD469, 0xDCCB, 0xDD0C, 0xE56D, 0xC4AC, 0x61C4, 0x2061, 0x6AC6, 0xA4A9, 0x83C6, 0x5283,
    0x1080, 0x18A1, 0x1080, 0x1080, 0x10A0, 0x1081, 0x10A1, 0x1080, 0x39A2, 0x5AC4, 0x9C89, 0x6285, 0x28A0, 0xB46D, 0xDD30, 0xCCEF,
    0xEE73, 0xE5F1, 0xEE11, 0xEE73, 0xEE31, 0xEDD0, 0xE5AE, 0xEDCF, 0xDD4D, 0xDD8E, 0xEDCF, 0xEE31, 0xF673, 0xF693, 0xF6B4, 0xF6B5,
    0xF6B5, 0xF6B4, 0xE612, 0xD56F, 0xCD0D, 0xD56F, 0xDDD1, 0xEE53, 0xF6F6, 0xF6F7, 0xF717, 0xF737, 0xFF79, 0xFF79, 0xFF99, 0xFF9A,
    0xFF9A, 0xFFBA, 0xFFB9, 0xFF79, 0xFF78, 0xFF78, 0xFF78, 0xFF78, 0xFF78, 0xF716, 0xF6F6, 0xFEF5, 0xF6F6, 0xF716, 0xFF57, 0xF717,
    0xF6F6, 0xEEB5, 0xEE74, 0xEE94, 0xEE94, 0xF694, 0xEE32, 0xE5D1, 0xE5F1, 0xE5F1, 0xE5F1, 0xE5F1, 0xE5F1, 0xE612, 0xEE53, 0xEE53,
    0xEE73, 0xEE74, 0xEE53, 0xFF16, 0x9BAA, 0x8B08, 0xFF18, 0xE655, 0xF6B7, 0xA40C, 0x5961, 0x9B67, 0xA367, 0xA367, 0xA387, 0xA388,
    0x8AE6, 0x7243, 0x7243, 0x7243, 0x7243, 0x7A84, 0x82C5, 0x8B06, 0x9327, 0x9B67, 0x9B67, 0x9B47, 0x9B87, 0xA3A8, 0xA3A8, 0x9B47,
    0x9B47, 0x9B47, 0x9B47, 0xA367, 0xAB88, 0xABA8, 0xB3C8, 0xB3E8, 0xB3E9, 0xB3E9, 0xABC8, 0xA388, 0xA367, 0xA388, 0xABA8, 0xABA8,
    0x9B47, 0x9B47, 0x9B47, 0x9B47, 0x9B47, 0x9B47, 0xA388, 0xA388, 0xA387, 0xA388, 0xA3A8, 0xABE9, 0xABE9, 0xABE9, 0xABE9, 0xB409,
    0xB409, 0xA3C8, 0xA3C9, 0xABE9, 0xAC09, 0xAC09, 0xAC09, 0xBC8B, 0x9307, 0x82C6, 0xFED4, 0xF673, 0xFE93, 0xFED4, 0xFF16, 0xFF78,
    0xFFFB, 0xFFFB, 0xFFDA, 0xFFB9, 0xFFBA, 0xFFDA, 0xFFBA, 0xFF78, 0xFF16, 0xFEB3, 0xFEB3, 0xFEB3, 0xFEB3, 0xFEB3, 0xFEB3, 0xF693,
    0xFE93, 0xFEB3, 0xFEB3, 0xFEB4, 0xFEB3, 0xFE93, 0xFEB3, 0xFEB3, 0xFED4, 0xFED3, 0xFED3, 0xFED4, 0xFED4, 0xFED4, 0xFED3, 0xFEB3,
    0xFED3, 0xDDD1, 0x8B28, 0xAC6D, 0xEED8, 0xDE56, 0xDE35, 0xD5F4, 0xCDB2, 0xCD92, 0xCDB2, 0xD5B3, 0xCDB2, 0xC571, 0xC571, 0xB4AE,
    0x6981, 0xABA8, 0xC4AB, 0xC48A, 0xCCAB, 0xCCAA, 0xC469, 0xC449, 0xC428, 0xC428, 0xC408, 0xC407, 0xC407, 0xCC69, 0xD4A9, 0xCC89,
    0xD4AA, 0xD4AA, 0xD4AA, 0xCC69, 0xCC49, 0xD48A, 0xDCCB, 0xDD0C, 0xE54D, 0xDD4D, 0xCCCC, 0x3902, 0x1840, 0x6AA6, 0xACE9, 0x8C07,
    0x5A85, 0x1080, 0x1060, 0x1040, 0x0840, 0x0020, 0x2101, 0x5264, 0x6B26, 0x7B66, 0x28A0, 0x6226, 0xD5D3, 0xEE74, 0xEE74, 0xE612,
    0xEE73, 0xEE73, 0xEE32, 0xEE11, 0xEE11, 0xEE11, 0xE5CF, 0xD50C, 0xD50D, 0xE5CF, 0xE5F0, 0xEE73, 0xF694, 0xF6D5, 0xFEF6, 0xF6F6,
    0xF6F7, 0xF6F6, 0xEE74, 0xD56F, 0xC4AC, 0xC48C, 0xD56F, 0xEE74, 0xF6F7, 0xF718, 0xFF79, 0xFF9A, 0xFF9A, 0xFF99, 0xFF99, 0xFF99,
    0xFF99, 0xFF99, 0xFF99, 0xFF78, 0xFF78, 0xFF79, 0xFF79, 0xFF78, 0xFF78, 0xF716, 0xF6F6, 0xF6F6, 0xF717, 0xFF58, 0xFF37, 0xF6F6,
    0xF6D6, 0xEEB5, 0xEE94, 0xEE95, 0xEE53, 0xE612, 0xE612, 0xE5F1, 0xE5F1, 0xE5D1, 0xE5D1, 0xE5F1, 0xE612, 0xE633, 0xE633, 0xE653,
    0xE653, 0xEE53, 0xF6B5, 0xBCAD, 0x9349, 0xCD72, 0xE676, 0xE655, 0xF6F8, 0xBCF0, 0x7245, 0xBC4B, 0xBC4A, 0xBC4A, 0xBC6B, 0xB42A,
    0x8B06, 0x8B27, 0x8B27, 0x8B27, 0x8B27, 0x8B06, 0x7A84, 0x82A4, 0x82C5, 0x8AE5, 0x8AE6, 0x9B47, 0x9B67, 0x9B67, 0x9B67, 0x9B67,
    0x9B67, 0x9B47, 0x9B47, 0xA367, 0xAB88, 0xABA7, 0xABA8, 0xB3E9, 0xBBE9, 0xB3E9, 0xABC8, 0xABC8, 0xABA8, 0xA347, 0x9B26, 0x9B27,
    0x9B47, 0x9B47, 0x9B47, 0x9B47, 0x9B67, 0x9B67, 0x9B67, 0x9B67, 0x9B67, 0x9B67, 0xABE9, 0xB40A, 0xBC2A, 0xBC2A, 0xBC2A, 0xBC2A,
    0xB44A, 0xB42A, 0xAC2A, 0xB44B, 0xB44B, 0xB44A, 0xAC0A, 0xBC4A, 0x9326, 0x8B07, 0xF6B3, 0xF673, 0xF693, 0xF6B3, 0xFF77, 0xFFBA,
    0xFFFB, 0xFFDA, 0xFFB9, 0xFF99, 0xFFB9, 0xFFDA, 0xFFDA, 0xFF98, 0xFF36, 0xF6B3, 0xF693, 0xFEB3, 0xFEB3, 0xFEB3, 0xFEB3, 0xFEB3,
    0xFEB3, 0xF692, 0xFE93, 0xFEB3, 0xFEB3, 0xFEB3, 0xFED3, 0xFEF4, 0xFEF4, 0xFED4, 0xFED4, 0xFED4, 0xFED4, 0xFED4, 0xFED4, 0xFEB3,
    0xFED4, 0xFF55, 0xEE52, 0x8AE6, 0xCD72, 0xDE76, 0xDE35, 0xDE15, 0xD5D3, 0xCDB3, 0xCDB2, 0xCDB2, 0xCDB2, 0xCD92, 0xCDB3, 0xBCCF,
    0x6981, 0xABC8, 0xCCCB, 0xC4AB, 0xCCAA, 0xCC8A, 0xCC69, 0xC449, 0xC428, 0xC408, 0xC408, 0xC408, 0xC408, 0xCC69, 0xD4AA, 0xD4AA,
    0xD4CA, 0xD4CA, 0xD4AA, 0xCC89, 0xD469, 0xCC69, 0xD489, 0xD48A, 0xDD2D, 0xED8E, 0xE58F, 0x8B08, 0x30C2, 0x28C1, 0x72E6, 0xA4C8,
    0x9427, 0x5224, 0x5245, 0x4A03, 0x41E4, 0x41C4, 0x5244, 0x6AE5, 0x49E3, 0x49C3, 0x834A, 0xB4AF, 0xFED5, 0xFF38, 0xF6B5, 0xF6D5,
    0xF6B4, 0xEE72, 0xEDF0, 0xE5F0, 0xE611, 0xEE11, 0xEE11, 0xDD8F, 0xDD6F, 0xE5AF, 0xEE32, 0xF6B5, 0xF6B5, 0xF6F6, 0xFF17, 0xFF18,
    0xFF18, 0xFF38, 0xF6D6, 0xD570, 0xCCED, 0xC4CC, 0xCD2E, 0xEEB5, 0xEEF7, 0xFF59, 0xFF9A, 0xFF9A, 0xFF9A, 0xFF9A, 0xFF9A, 0xFF99,
    0xFF99, 0xFF99, 0xFF79, 0xFF78, 0xFF58, 0xFF58, 0xFF58, 0xFF58, 0xFF58, 0xF717, 0xF737, 0xFF78, 0xFF58, 0xF6F6, 0xF6D5, 0xEED5,
    0xEEB5, 0xEE95, 0xEE94, 0xEE95, 0xEE74, 0xE5F2, 0xE5D1, 0xDDD1, 0xE5F1, 0xEE33, 0xEE54, 0xEE74, 0xEE74, 0xEE95, 0xF6D6, 0xF6F6,
    0xF717, 0xF717, 0xF717, 0xD5F2, 0xD5F3, 0xFF9A, 0xF739, 0xF759, 0xE697, 0xC571, 0xDDF2, 0xE5F1, 0xD56F, 0xCD4F, 0xCD4F, 0xC52F,
    0xBCCE, 0xB48D, 0xB48D, 0xB48D, 0xAC4C, 0xB46C, 0xD570, 0xC50F, 0xC4EE, 0xC4EE, 0xBCAD, 0x9B67, 0x9326, 0x9B47, 0x9B67, 0xA388,
    0xA388, 0xA387, 0xA387, 0xA388, 0xB3A8, 0xB3A8, 0xB3A8, 0xAB88, 0xB3A8, 0xB3C8, 0xB3C8, 0xB3E9, 0xB3E9, 0xB3C9, 0xABA8, 0xA367,
    0xA367, 0xA388, 0xABC9, 0xABC9, 0xA388, 0x9B67, 0x9B47, 0x9B67, 0x9B67, 0x9B67, 0xA367, 0xA367, 0xABA8, 0xB3E9, 0xB409, 0xBC4A,
    0xBC4B, 0xB42A, 0xAC0A, 0xB42A, 0xB42A, 0xB44A, 0xB40A, 0xAC09, 0xB409, 0x8AC6, 0x82C6, 0xF693, 0xF693, 0xF6B3, 0xFF77, 0xFF98,
    0xFFFB, 0xFFFB, 0xFFDA, 0xFFB9, 0xFF99, 0xFFBA, 0xFFDB, 0xFFDA, 0xFF98, 0xFED4, 0xFE93, 0xF693, 0xF693, 0xF692, 0xF692, 0xFE93,
    0xFE93, 0xF672, 0xF672, 0xF672, 0xF692, 0xFEB3, 0xFED3, 0xFED3, 0xFEF4, 0xFEF4, 0xFED4, 0xFED4, 0xFEB4, 0xFED4, 0xFEF4, 0xFEF4,
    0xFED4, 0xFEF4, 0xF693, 0x71A1, 0xC510, 0xEED8, 0xDE35, 0xDE35, 0xD5F4, 0xD5D3, 0xCDB2, 0xCDB2, 0xCDB2, 0xCD92, 0xCDD3, 0xBCCF,
    0x6161, 0xABA8, 0xCCCC, 0xC48A, 0xCC8A, 0xCC8A, 0xCC69, 0xCC69, 0xCC69, 0xCC49, 0xC428, 0xC408, 0xC408, 0xC448, 0xD4AA, 0xD4CA,
    0xD4CA, 0xD4CA, 0xCC89, 0xCC69, 0xCC69, 0xCC69, 0xCC49, 0xCC69, 0xCC69, 0xDD2D, 0xE56E, 0xF5CF, 0xA3AA, 0x4103, 0x1840, 0x5A24,
    0x8387, 0xACEB, 0xA48A, 0x9C8A, 0x6AE6, 0x6265, 0x5A64, 0x5A03, 0x51C4, 0x6247, 0xFEF7, 0xFF58, 0xF738, 0xFF99, 0xFF58, 0xF737,
    0xF716, 0xF673, 0xE5D0, 0xD54E, 0xE5D0, 0xEE52, 0xE5F0, 0xD52E, 0xCD0E, 0xDDB0, 0xEE53, 0xF6D6, 0xFEF7, 0xFF17, 0xFF38, 0xFF38,
    0xFF38, 0xFF59, 0xEED6, 0xE613, 0xBC8D, 0xBC4B, 0xD56F, 0xEE75, 0xEEB7, 0xFF79, 0xFF9A, 0xFF9A, 0xFF9A, 0xFF9A, 0xFF9A, 0xFF99,
    0xFF79, 0xFF59, 0xFF58, 0xFF58, 0xF717, 0xF6F7, 0xF6F7, 0xF6F7, 0xF738, 0xFF99, 0xFF79, 0xEED6, 0xF6D6, 0xF6D6, 0xF6D6, 0xEED5,
    0xEEB5, 0xEE94, 0xEE94, 0xEE74, 0xE654, 0xEE74, 0xE694, 0xEE94, 0xEE94, 0xF6F6, 0xF6F7, 0xF6F7, 0xF6F7, 0xF6F6, 0xF6F6, 0xF6F6,
    0xF6F6, 0xEED5, 0xBCAD, 0xBCAD, 0xC550, 0xEEB7, 0xE696, 0xFF59, 0xA46E, 0x48E0, 0xC48A, 0xD4CA, 0xABA8, 0x9327, 0x9326, 0x9306,
    0x6A43, 0x59A2, 0x61E2, 0x61E2, 0x59C2, 0x7264, 0xA3EB, 0xA40B, 0xAC0B, 0xAC2B, 0xC4EE, 0xC4EE, 0xBC8C, 0xBCAD, 0xB42B, 0x9B26,
    0x9B67, 0xA367, 0xA367, 0xA388, 0xB3C9, 0xB3C8, 0xB3A8, 0xAB87, 0xAB88, 0xABA8, 0xABA8, 0xABA8, 0xB3A8, 0xB3C8, 0xABA8, 0xAB88,
    0xA388, 0xAB88, 0xABA8, 0xABC9, 0xABC8, 0xABC8, 0xABC9, 0xA3A8, 0x9B67, 0x9B67, 0xABA8, 0xABC9, 0xABA8, 0xABA8, 0xABC8, 0xB409,
    0xB42A, 0xB40A, 0xABE9, 0xABE9, 0xABE9, 0xABE9, 0xABC9, 0xABE9, 0xB46B, 0x9306, 0x8265, 0xFF14, 0xFE93, 0xFEB3, 0xFEF4, 0xFF56,
    0xFFDA, 0xFFDA, 0xFFB9, 0xFFB9, 0xFFB9, 0xFFDA, 0xFFDA, 0xFFB9, 0xFF78, 0xF6B3, 0xF693, 0xF672, 0xF672, 0xF692, 0xF672, 0xF672,
    0xF672, 0xF651, 0xEE31, 0xF632, 0xF652, 0xF672, 0xFEB3, 0xFED3, 0xFED4, 0xFEF4, 0xFED4, 0xFED4, 0xFED4, 0xFEF4, 0xFED4, 0xFED4,
    0xFED4, 0xFEF4, 0xF6B4, 0xBCCD, 0xBCEF, 0xC552, 0xE676, 0xDE55, 0xD5F4, 0xCDD3, 0xD5D3, 0xCDB3, 0xCDB2, 0xCD92, 0xD5D3, 0xBCCE,
    0x6982, 0xABA8, 0xCCCC, 0xCCCB, 0xCCAB, 0xCCAB, 0xCC8A, 0xD4AA, 0xD4AA, 0xCC8A, 0xC429, 0xC408, 0xC408, 0xCC49, 0xD4AA, 0xD4CA,
    0xD4EA, 0xD4CB, 0xCC8A, 0xCC69, 0xD469, 0xCC49, 0xCC69, 0xCC69, 0xCC49, 0xCC69, 0xCC8A, 0xDD2D, 0xEDAF, 0xCCED, 0x8B08, 0x3061,
    0x30C1, 0x4963, 0x4122, 0x4122, 0x30C1, 0x38A1, 0x38C1, 0x61E4, 0xFEF5, 0xFF78, 0xFF37, 0xFF78, 0xFFBA, 0xFFBA, 0xFFBA, 0xFF78,
    0xFF57, 0xF6B4, 0xE5F0, 0xDD8F, 0xE5D0, 0xEE32, 0xDDB0, 0xCCCD, 0xC4CE, 0xD54F, 0xEE33, 0xFEF6, 0xFED6, 0xF6B6, 0xFEF7, 0xFEF7,
    0xFF38, 0xE5B2, 0xD46E, 0xDCAE, 0xBB8A, 0xAB08, 0xDD70, 0xD592, 0xCDB3, 0xFFDB, 0xFF9A, 0xFF9A, 0xFF9A, 0xFF9A, 0xFF79, 0xFF59,
    0xFF59, 0xFF58, 0xFF58, 0xF738, 0xF6F7, 0xFF38, 0xFF58, 0xFF58, 0xFF38, 0xEED6, 0xEED6, 0xF6D6, 0xF6D5, 0xF6D6, 0xF6D6, 0xF6D6,
    0xEED5, 0xF6F7, 0xF717, 0xF6F7, 0xF717, 0xEE94, 0xEE74, 0xE653, 0xE632, 0xE612, 0xE612, 0xE612, 0xE613, 0xE613, 0xE613, 0xE633,
    0xE633, 0xEE53, 0x8AE7, 0xBCEF, 0xEEB7, 0xEEB6, 0xE696, 0xDDF3, 0x93AB, 0x6A03, 0xD4EB, 0xD4AA, 0xCCAB, 0xABC9, 0x9B67, 0x9B68,
    0x82C5, 0x6202, 0x6A23, 0x6A23, 0x6A43, 0x7284, 0x6A23, 0x6A23, 0x7A84, 0x82A5, 0x9B68, 0xAC0B, 0xABEA, 0xB46C, 0xD54F, 0xBC8C,
    0xB42B, 0x9B67, 0x9B26, 0x9B26, 0xA367, 0xA367, 0xAB88, 0xABA8, 0xA367, 0xA367, 0xA367, 0xAB87, 0xB3C8, 0xB3C9, 0xABA8, 0xA367,
    0xAB68, 0xAB68, 0xAB88, 0xB3C8, 0xB409, 0xBC0A, 0xBC0A, 0xB3E9, 0xABC9, 0xAB88, 0xA388, 0xA388, 0xA388, 0xABA8, 0xABA8, 0xABC9,
    0xB40A, 0xABE9, 0xA3C8, 0xA3A8, 0xA3C8, 0xA3E9, 0xABE9, 0xA3E9, 0xB42A, 0x9B47, 0x7A44, 0xCD4F, 0xFED3, 0xFEB3, 0xFED4, 0xFF15,
    0xFFBA, 0xFFB9, 0xFF99, 0xFFBA, 0xFFBA, 0xFFB9, 0xFFB9, 0xFFB9, 0xFF36, 0xF693, 0xF692, 0xF672, 0xFE93, 0xFEB3, 0xFEB2, 0xF672,
    0xF652, 0xF672, 0xF692, 0xFEF4, 0xFEF4, 0xFEF4, 0xFEF4, 0xFEB3, 0xFEB3, 0xFED4, 0xFED4, 0xFED4, 0xFED4, 0xFED4, 0xFEF4, 0xFEB3,
    0xFED4, 0xFED4, 0xFED4, 0xFFB7, 0xAC2A, 0x82C7, 0xEED8, 0xDE56, 0xDE35, 0xDE35, 0xD614, 0xCDB3, 0xCDB2, 0xCDB2, 0xCDB2, 0xCD92,
    0xB46C, 0xABE9, 0xCCCC, 0xCCCC, 0xCCAB, 0xCCCB, 0xD4EB, 0xCC8A, 0xC429, 0xC449, 0xC428, 0xC408, 0xC429, 0xCC89, 0xD4CA, 0xD4EB,
    0xD50B, 0xD4EB, 0xD4AA, 0xD4AA, 0xDCCB, 0xD4CA, 0xCC89, 0xD489, 0xCC69, 0xCC69, 0xCC68, 0xD489, 0xD4AA, 0xDD0B, 0xE56D, 0xBC4B,
    0xB40A, 0xBC0A, 0xBC4B, 0xBC4B, 0xCCAC, 0xCCEC, 0xE611, 0xEE94, 0xFF16, 0xFF36, 0xFF78, 0xFFBA, 0xFF9A, 0xFFBA, 0xFFBA, 0xFF79,
    0xFF58, 0xFF37, 0xF6B4, 0xEE94, 0xE632, 0xE652, 0xCD4F, 0xC4AE, 0xC4AD, 0xDD6F, 0xEE33, 0xEE34, 0xF633, 0xF633, 0xE4CF, 0xD3EC,
    0xDC0D, 0xD36A, 0xCB09, 0xCB29, 0xCB29, 0xC34A, 0xAB09, 0xBC4E, 0xF6F8, 0xFF9A, 0xFF9B, 0xFF9B, 0xFF9B, 0xFF9A, 0xFF79, 0xFF79,
    0xFF79, 0xFF58, 0xF6F7, 0xF6F6, 0xF6F7, 0xF717, 0xE675, 0xEE95, 0xEED6, 0xF6D7, 0xF717, 0xF717, 0xF6F7, 0xF738, 0xF738, 0xF738,
    0xF6F6, 0xEEB6, 0xE675, 0xDE12, 0xE5F2, 0xDDB0, 0xDDB0, 0xDDB0, 0xDDB0, 0xE5F2, 0xE633, 0xE633, 0xEE53, 0xEE53, 0xEE53, 0xE653,
    0xEE33, 0xFEF6, 0x8B07, 0xBCCF, 0xF6F8, 0xEE96, 0xEEB7, 0x7225, 0x8AC5, 0xD4EB, 0xCCAA, 0xCC8A, 0xABC8, 0xABA8, 0x9B67, 0x9B67,
    0x9327, 0x82C5, 0x6A23, 0x6223, 0x6A23, 0x6A23, 0x7243, 0x82A5, 0x82A5, 0x82A5, 0x82C5, 0x82C5, 0x8B06, 0x9326, 0x9B68, 0xA388,
    0xB42A, 0xC4AD, 0xB409, 0xAB87, 0x9B26, 0xA346, 0xA367, 0xAB87, 0xAB87, 0xAB67, 0xAB87, 0xB3C8, 0xB3C9, 0xB3C9, 0xB3C9, 0xB3E9,
    0xBBE9, 0xBC09, 0xBC09, 0xBC09, 0xB3E9, 0xBC09, 0xBC0A, 0xBC2A, 0xBC2A, 0xABA8, 0xAB88, 0xAB88, 0xA368, 0xABA8, 0xABC9, 0xABE9,
    0xB40A, 0xAC09, 0xABE9, 0xABE9, 0xA3A8, 0x9BA8, 0xA3A8, 0xABE9, 0xABE9, 0xB44A, 0x82A5, 0x8B07, 0xFEF4, 0xFE93, 0xFEB3, 0xFED3,
    0xFFDA, 0xFFB9, 0xFF99, 0xFFB9, 0xFFDA, 0xFFDA, 0xFFFB, 0xFFFA, 0xFF57, 0xFED4, 0xFED4, 0xFE92, 0xF672, 0xFE92, 0xFE92, 0xF672,
    0xFEB3, 0xFED4, 0xFEF4, 0xFF35, 0xFF35, 0xFF55, 0xFF15, 0xF6B3, 0xFED4, 0xFEF4, 0xFEF4, 0xFED4, 0xFEB3, 0xF693, 0xF672, 0xFED4,
    0xFEF4, 0xFEF4, 0xFED4, 0xFF56, 0xB46B, 0x8B28, 0xEED8, 0xDE56, 0xE656, 0xE676, 0xDE35, 0xCDB3, 0xCDB2, 0xCDB2, 0xCDB2, 0xD5D3,
    0xBCCE, 0xABC9, 0xCCEC, 0xCCEC, 0xCCAB, 0xCCAA, 0xCCAA, 0xCC6A, 0xCC69, 0xC428, 0xC408, 0xC408, 0xC429, 0xC449, 0xCCAA, 0xD4EB,
    0xD4EB, 0xD4EB, 0xD4CB, 0xD4EB, 0xDCEB, 0xDD0B, 0xDD0B, 0xDCEB, 0xDCEB, 0xDCEA, 0xDCEA, 0xD4A9, 0xD4AA, 0xDCEB, 0xDCEB, 0xE56C,
    0xED8D, 0xEDAE, 0xF62F, 0xF650, 0xF670, 0xF650, 0xFE92, 0xFEF5, 0xF6F5, 0xFF36, 0xFF99, 0xFFBA, 0xFF9A, 0xFF99, 0xFF9A, 0xFFBA,
    0xFF9A, 0xFF99, 0xFF79, 0xEEF6, 0xF716, 0xF6D5, 0xD591, 0xC4AE, 0xC4AD, 0xD50E, 0xDC8D, 0xD3AB, 0xD3AB, 0xD3CB, 0xD349, 0xCAE8,
    0xD2E9, 0xD309, 0xD34A, 0xD36A, 0xD36A, 0xD36A, 0xA2E9, 0xCD32, 0xFF5A, 0xF77A, 0xFFBB, 0xFFBC, 0xFFDC, 0xFFBB, 0xF779, 0xEEB6,
    0xEED6, 0xF737, 0xEEB5, 0xEE95, 0xEED6, 0xE654, 0xDDF3, 0xE675, 0xF717, 0xF738, 0xF738, 0xF738, 0xF738, 0xEED7, 0xEEB6, 0xEE95,
    0xEE75, 0xEE74, 0xE613, 0xDDB0, 0xDDB0, 0xDDAF, 0xDDAF, 0xDDAF, 0xDDAF, 0xDDD1, 0xE612, 0xEE53, 0xEE53, 0xEE53, 0xEE53, 0xEE54,
    0xF694, 0xA3EA, 0xB48E, 0xE635, 0xEEB7, 0xEEB7, 0xF6D7, 0x82A6, 0xA347, 0xDCEB, 0xCC8A, 0xCC8A, 0xB409, 0xA387, 0x9B67, 0x9B67,
    0x9B47, 0x9306, 0x82E6, 0x6A43, 0x6A23, 0x6A23, 0x6A43, 0x82A5, 0x7AA5, 0x82A5, 0x7A84, 0x7A84, 0x8AE6, 0x9327, 0x9306, 0x92E6,
    0x9327, 0x9B47, 0xABC9, 0xBC4B, 0xBC2A, 0xA367, 0x9B26, 0xA367, 0xB3C9, 0xB3C9, 0xB3C9, 0xB3E9, 0xB3E9, 0xB3C9, 0xAB88, 0xB3C8,
    0xB3E9, 0xBBE9, 0xB3C8, 0xB3C8, 0xB3E9, 0xB3E9, 0xB3E9, 0xB3E9, 0xB3C9, 0xABA8, 0xA367, 0xA367, 0xA368, 0xABC9, 0xB40A, 0xB42A,
    0xB40A, 0xABE9, 0xABC9, 0xA3C9, 0xA3C9, 0xA3C9, 0xA3C8, 0x9BA8, 0xA3C8, 0xB44A, 0x8AC5, 0x9B89, 0xFF14, 0xFE93, 0xFEB3, 0xFED3,
    0xFFBA, 0xFF99, 0xFF98, 0xFFB9, 0xFFFB, 0xFFBA, 0xFF99, 0xFF99, 0xFF57, 0xF6B4, 0xF672, 0xFE93, 0xFEB3, 0xF693, 0xF693, 0xFEF4,
    0xFF15, 0xFF15, 0xFF15, 0xFF15, 0xFF35, 0xFF15, 0xFEF4, 0xFED4, 0xFEF4, 0xFEF4, 0xFED4, 0xFEB3, 0xFEB4, 0xFE93, 0xFE93, 0xFED4,
    0xFEF4, 0xFED4, 0xF6B3, 0xFF56, 0xB46B, 0x8B08, 0xEEF8, 0xDE56, 0xDE56, 0xE676, 0xDE35, 0xCDB3, 0xCDB3, 0xCDD3, 0xCDB2, 0xCDD3,
    0xBCCE, 0xABE9, 0xCCED, 0xCCEC, 0xCCAB, 0xCC6A, 0xCC6A, 0xCC6A, 0xCC69, 0xC428, 0xC408, 0xCC49, 0xCCAA, 0xCCAA, 0xD4EB, 0xD50C,
    0xD50B, 0xD50B, 0xD50C, 0xDD0C, 0xDD2B, 0xDD0C, 0xDD2C, 0xE56C, 0xE56C, 0xE56C, 0xE56C, 0xDD4C, 0xE56D, 0xDD4D, 0xE56D, 0xE56D,
    0xE56D, 0xE58D, 0xEDEF, 0xEDEF, 0xEDF0, 0xF671, 0xF6B3, 0xFF15, 0xFF36, 0xFF56, 0xF757, 0xFF78, 0xFF9A, 0xFF99, 0xFFBA, 0xFFBA,
    0xFFBA, 0xFF9A, 0xFF79, 0xFF9A, 0xF738, 0xEEB5, 0xEEB5, 0xC4CE, 0xC40B, 0xCB6A, 0xCAC8, 0xD2E8, 0xD2C8, 0xD2C8, 0xD2E9, 0xD309,
    0xD309, 0xDB29, 0xCB09, 0x6923, 0x68E2, 0x89C5, 0xEDD4, 0xFF38, 0xFF7A, 0xFFBB, 0xFFBB, 0xFFBB, 0xFFBB, 0xFFBB, 0xFFBB, 0xF739,
    0xEED7, 0xF718, 0xF718, 0xF717, 0xF758, 0xFF59, 0xF758, 0xEEB6, 0xEE95, 0xEEB6, 0xEEB6, 0xEEB6, 0xEEB6, 0xEEB6, 0xEEB6, 0xEE95,
    0xE695, 0xE674, 0xDDF2, 0xD590, 0xDDAF, 0xDDAF, 0xDDB0, 0xDDB0, 0xE5D0, 0xE5F1, 0xE632, 0xEE53, 0xEE53, 0xEE53, 0xEE74, 0xEE53,
    0xCD70, 0x9328, 0xD5B2, 0xF6F8, 0xE696, 0xEE96, 0xEED7, 0x7A86, 0xA367, 0xD4EB, 0xCC8A, 0xCC8A, 0xCC8A, 0xB3E8, 0x9B66, 0x9B47,
    0x9B47, 0x9327, 0x9347, 0x7263, 0x6A23, 0x6A23, 0x6A23, 0x7264, 0x7AA5, 0x82A5, 0x8AC6, 0x8B06, 0x8B06, 0x9306, 0x9326, 0x9B27,
    0x9B26, 0x9B06, 0x9306, 0x9B47, 0xB3E9, 0xC46B, 0xCC8C, 0xC46B, 0xB3C9, 0xB3C9, 0xB3C8, 0xB3C9, 0xB3C9, 0xB3C9, 0xB3C9, 0xB3E9,
    0xBBE9, 0xBBE9, 0xB3E9, 0xBC09, 0xBC0A, 0xBC09, 0xBC0A, 0xBC0A, 0xBC0A, 0xBC0A, 0xAB88, 0xA347, 0xA367, 0xB3C9, 0xB40A, 0xB40A,
    0xB40A, 0xABE9, 0xA3C8, 0xA3A8, 0xA3C8, 0xA3C9, 0xA3C9, 0x9BA8, 0x9BA8, 0xAC09, 0x82C5, 0x8B07, 0xEE73, 0xFEB3, 0xFEB3, 0xFED3,
    0xFFDA, 0xFFDA, 0xFFB9, 0xFFBA, 0xFFDB, 0xFFBA, 0xFF78, 0xFF99, 0xFF78, 0xFEF5, 0xF693, 0xFEB4, 0xFEF4, 0xFED4, 0xFEB3, 0xFF15,
    0xFF56, 0xFF76, 0xFF76, 0xFF35, 0xFF15, 0xFF35, 0xFF35, 0xFEF4, 0xFED4, 0xFED4, 0xFED4, 0xFEB4, 0xFEB4, 0xFEB4, 0xFEB4, 0xFEB3,
    0xFED4, 0xFED4, 0xFEB3, 0xFF56, 0xBC6B, 0x8B28, 0xEEF8, 0xE676, 0xE676, 0xE676, 0xDE35, 0xCDD3, 0xD5D3, 0xD5D3, 0xCD92, 0xCD92,
    0xB44C, 0x9B68, 0xBC6B, 0xC48B, 0xC48A, 0xCC8A, 0xCC8A, 0xCC6A, 0xCC8A, 0xCC69, 0xCC49, 0xCC69, 0xD4CB, 0xCCCB, 0xD4EB, 0xDD2D,
    0xDD4D, 0xDD4D, 0xDD2C, 0xDD0C, 0xDD4C, 0xEDAE, 0xEDAE, 0xEDAE, 0xEDAE, 0xEDAE, 0xEDCF, 0xEDEF, 0xF60F, 0xF630, 0xF650, 0xF650,
    0xF650, 0xF650, 0xF630, 0xF692, 0xFEB2, 0xFEF4, 0xFF56, 0xFF77, 0xFF98, 0xFF99, 0xFFB9, 0xFFB9, 0xFF9A, 0xFF9A, 0xFFBA, 0xFF9A,
    0xFF9A, 0xFF9A, 0xFF79, 0xFFBB, 0xEF38, 0xE654, 0xBC8E, 0xBCCE, 0xD38B, 0xD2C8, 0xDB49, 0xDB6A, 0xDB4A, 0xD329, 0xD2E9, 0xD2E9,
    0xD309, 0xD32A, 0x7923, 0x58C1, 0xAB8C, 0xBC6F, 0xEE55, 0xF739, 0xFF7A, 0xFFBB, 0xFF9B, 0xFFBB, 0xFFBB, 0xFFBB, 0xFFBB, 0xFFDB,
    0xFFDB, 0xFFDB, 0xFFDB, 0xFFDB, 0xFFDB, 0xFFDB, 0xFFBA, 0xFF79, 0xFF79, 0xFF79, 0xF759, 0xEE96, 0xEE96, 0xEEB6, 0xEEB6, 0xEE95,
    0xEE75, 0xE612, 0xDDD0, 0xDDAF, 0xDDD0, 0xDDD0, 0xDDB0, 0xE5D0, 0xEE52, 0xEE53, 0xEE73, 0xEE53, 0xEE53, 0xE653, 0xEE53, 0xE613,
    0x8B27, 0xE634, 0xEEB7, 0xE676, 0xEEB7, 0xDE55, 0x7AA7, 0x9B27, 0xC44A, 0xD4CA, 0xCC8A, 0xCCAA, 0xCC8A, 0xB3C8, 0x9B46, 0x9B47,
    0x9B47, 0x82A4, 0x7263, 0x6A43, 0x6A23, 0x6A23, 0x6202, 0x6A23, 0x7AA5, 0x7A85, 0x8AE5, 0x8B06, 0x8AE6, 0x8AE6, 0x9326, 0x9306,
    0x9326, 0x9B26, 0x9B26, 0x9B26, 0x9B06, 0xB3A8, 0xB3E9, 0xBC2A, 0xC44B, 0xB3E9, 0xB3C9, 0xB3C9, 0xB3E9, 0xB3C9, 0xB3C9, 0xB3C9,
    0xB3C9, 0xB3C9, 0xB3E9, 0xB3C8, 0xB3E9, 0xBC0A, 0xBC0A, 0xB3E9, 0xAB88, 0xABA8, 0xB3E9, 0xB3E9, 0xB3C9, 0xB3C9, 0xABC9, 0xABA8,
    0xA3A8, 0xA388, 0x9B88, 0xA3A8, 0xA3A8, 0xA3A9, 0xABE9, 0xABEA, 0xA3C9, 0xA3C9, 0x9347, 0x6181, 0xB44C, 0xFED4, 0xFE93, 0xFEB3,
    0xFFDA, 0xFFFB, 0xFFFA, 0xFFDA, 0xFFDA, 0xFFBA, 0xFFBA, 0xFFDA, 0xFF99, 0xFF36, 0xFEB4, 0xFEB3, 0xFEB3, 0xFEB3, 0xFEB3, 0xFED4,
    0xFEF4, 0xFF15, 0xFF56, 0xFF76, 0xFF56, 0xFF56, 0xFF15, 0xFED4, 0xFED4, 0xFEB3, 0xF673, 0xFEB4, 0xFED4, 0xFEF5, 0xFEF5, 0xFED4,
    0xFED4, 0xFEF4, 0xFED4, 0xFF56, 0xB46B, 0x8B08, 0xF759, 0xE676, 0xDE56, 0xE676, 0xDE56, 0xDE55, 0xDE14, 0xD5D3, 0xCDB2, 0xC571,
    0xC530, 0x8AE8, 0x9306, 0xCCCB, 0xC46A, 0xC48A, 0xCC8A, 0xCC8A, 0xCC8A, 0xCCAA, 0xCCCB, 0xCCCB, 0xD4EB, 0xD4EB, 0xD50C, 0xDD4D,
    0xDD6E, 0xDD6E, 0xDD6E, 0xDD6E, 0xDD6D, 0xE56E, 0xE5CF, 0xE5CF, 0xEDCF, 0xEDCF, 0xEE10, 0xEE10, 0xEE10, 0xF630, 0xEE30, 0xF650,
    0xF650, 0xF671, 0xF6B3, 0xFEF4, 0xFF35, 0xFF36, 0xFF57, 0xFF57, 0xFF57, 0xFF57, 0xFF58, 0xFF99, 0xFF9A, 0xFF9A, 0xFF9A, 0xFF9A,
    0xFFBA, 0xFF9A, 0xFF7A, 0xFFBB, 0xFFDC, 0xF77A, 0xB48F, 0xBC4D, 0xBAC8, 0xB226, 0x99E5, 0x7163, 0x7984, 0xBA88, 0xDB0A, 0xD2E9,
    0xD309, 0xD32A, 0x7923, 0x8983, 0xE552, 0xF6B7, 0xF6D7, 0xFF39, 0xF77A, 0xFFBB, 0xFFBB, 0xFFBB, 0xFFBB, 0xFFBB, 0xFF9B, 0xFFBB,
    0xFFBB, 0xFFBB, 0xFFBB, 0xFFBB, 0xFFBB, 0xFFBA, 0xFF9A, 0xFF9A, 0xFF9A, 0xFF99, 0xFF79, 0xF738, 0xEEF7, 0xEE95, 0xEE95, 0xE654,
    0xDDF1, 0xDDD0, 0xD5B0, 0xD5B0, 0xE5F1, 0xE612, 0xE612, 0xE632, 0xEE33, 0xE633, 0xE653, 0xEE53, 0xE633, 0xFED5, 0xB4AD, 0xA40C,
    0xDE14, 0xE655, 0xE696, 0xE696, 0xE675, 0xDE14, 0x61C2, 0xBC08, 0xDCEB, 0xD4AA, 0xD4AA, 0xD4AA, 0xCCAA, 0xBC4A, 0xB3E9, 0x9B47,
    0x9B27, 0x9327, 0x7A84, 0x6A23, 0x6A23, 0x6A23, 0x6A02, 0x7264, 0x7A85, 0x7A84, 0x7A84, 0x7A84, 0x7A84, 0x82A4, 0x8AC5, 0x8AC5,
    0x9306, 0x9B26, 0x9B26, 0x9B26, 0xA367, 0xAB67, 0xAB67, 0xAB67, 0xB3C9, 0xBC0A, 0xBC0A, 0xBC2A, 0xBC2A, 0xBC0A, 0xBBE9, 0xBBE9,
    0xBBE9, 0xB3E9, 0xB3E9, 0xB3C8, 0xB3E9, 0xBBE9, 0xBBE9, 0xBBE9, 0xB3A8, 0xAB67, 0xABA8, 0xB3C9, 0xB3C9, 0xAB88, 0xA387, 0xA3A8,
    0xA3A8, 0xA3C9, 0xABE9, 0xA3C9, 0xA3A8, 0xA3A8, 0xA3C9, 0xA3C9, 0xABE9, 0xA3C9, 0xABE9, 0x7223, 0xC4AC, 0xFEB3, 0xF652, 0xFE92,
    0xFFD9, 0xFFDA, 0xFFDA, 0xFFBA, 0xFFBA, 0xFFBA, 0xFFBA, 0xFFB9, 0xFF78, 0xFF16, 0xF6B3, 0xFED4, 0xFED4, 0xFEB4, 0xFED4, 0xFE93,
    0xF693, 0xF6B4, 0xFEF5, 0xFEF5, 0xF6B4, 0xFED4, 0xFED4, 0xFEF4, 0xFED4, 0xFED4, 0xF693, 0xF693, 0xFEB3, 0xFED4, 0xFEF4, 0xFED4,
    0xFED4, 0xFED4, 0xF6B3, 0xFF35, 0xC4CD, 0x9BAA, 0xCDD3, 0xDE76, 0xE697, 0xDE76, 0xE676, 0xE676, 0xDE35, 0xD614, 0xD5F3, 0xCDB2,
    0xDE14, 0x9349, 0x9307, 0xD54D, 0xCD0C, 0xCCEB, 0xC48A, 0xCC8A, 0xCCAB, 0xCCCB, 0xCCEB, 0xCCEC, 0xD4EC, 0xD52D, 0xD54E, 0xDD8F,
    0xDD8F, 0xDDAF, 0xDDAF, 0xE5CF, 0xE5D0, 0xE5F0, 0xEE11, 0xEE52, 0xF652, 0xF652, 0xF692, 0xFEB3, 0xF671, 0xF630, 0xF651, 0xF651,
    0xF651, 0xF672, 0xFF36, 0xFF36, 0xFF36, 0xFF57, 0xFF57, 0xFF57, 0xFF57, 0xFF37, 0xF737, 0xFF99, 0xFF9A, 0xFFBA, 0xFF9A, 0xFF9A,
    0xFF9A, 0xFFBA, 0xFFBB, 0xFFBB, 0xFFBB, 0xFFBC, 0xFFFC, 0xEED7, 0xA32A, 0x9A88, 0x8A67, 0x48C2, 0x3000, 0x91C5, 0xDB2A, 0xCAA8,
    0xD2E9, 0xDB2A, 0xD36B, 0xD40D, 0xDD52, 0xEED7, 0xFF39, 0xF739, 0xF739, 0xF759, 0xF75A, 0xFF9A, 0xFF9A, 0xFF7A, 0xEF18, 0xEEF8,
    0xF759, 0xFF59, 0xF738, 0xF738, 0xF717, 0xEED6, 0xEED6, 0xFF58, 0xFF99, 0xFF79, 0xFF99, 0xFFBA, 0xFF79, 0xF738, 0xF738, 0xF717,
    0xEED6, 0xEED6, 0xEED6, 0xEED6, 0xEEF6, 0xF6F7, 0xEED6, 0xEED6, 0xEEB6, 0xEEB5, 0xEE95, 0xEE95, 0xEE95, 0xCD2F, 0xB46D, 0xBD10,
    0xEEB7, 0xE676, 0xE675, 0xEED7, 0xB4AF, 0x7A45, 0xB42A, 0xCC8A, 0xD4CB, 0xD4AB, 0xD4AB, 0xD4AA, 0xD4AB, 0xCC8A, 0xABC7, 0x9B46,
    0x9B26, 0x9B27, 0x7A84, 0x6A22, 0x6A23, 0x6A23, 0x6A23, 0x6A02, 0x7223, 0x7AA5, 0x82A5, 0x82C5, 0x8AC5, 0x8AC5, 0x8AE5, 0x8AE5,
    0x9306, 0x9B06, 0x9B06, 0xA326, 0xA367, 0xAB87, 0xAB87, 0xB3A8, 0xB3A8, 0xAB88, 0xAB88, 0xAB88, 0xAB88, 0xAB88, 0xAB88, 0xB3A8,
    0xB3E9, 0xBBE9, 0xBC09, 0xBC0A, 0xBC0A, 0xBC09, 0xB3E9, 0xB3E9, 0xB3C9, 0xAB88, 0xAB88, 0xAB88, 0xAB88, 0x9B26, 0x9326, 0x9B88,
    0x9B87, 0x9347, 0x9B67, 0xA3A8, 0xA3A9, 0x9B88, 0x9B67, 0x9B68, 0xA3A8, 0xA3A8, 0xA3C9, 0x7223, 0xBC6C, 0xFE92, 0xF652, 0xF672,
    0xFFDA, 0xFFDA, 0xFFBA, 0xFFB9, 0xFFBA, 0xFFBA, 0xFFDA, 0xFF99, 0xFF79, 0xFF77, 0xFEF5, 0xF6B3, 0xFEB3, 0xFEB3, 0xFEB3, 0xF693,
    0xF673, 0xF693, 0xF6B3, 0xF6B3, 0xFEB4, 0xFED4, 0xFED4, 0xFED4, 0xFEB3, 0xFED3, 0xF6B3, 0xFE93, 0xF693, 0xF693, 0xF693, 0xF6B3,
    0xF6B3, 0xFEF4, 0xFEF4, 0xF6D3, 0xFEF4, 0xEE93, 0x5983, 0xDE56, 0xFF9B, 0xDE55, 0xE676, 0xDE56, 0xDE35, 0xDE14, 0xD614, 0xD5D3,
    0xDDF3, 0x9328, 0x9327, 0xDD8E, 0xD52D, 0xD52C, 0xCCCB, 0xCCEC, 0xD4EC, 0xCCCB, 0xD50C, 0xD52D, 0xD54E, 0xDD8F, 0xDD8F, 0xDD8F,
    0xDDAF, 0xE5D0, 0xDDD0, 0xE5AF, 0xE5F0, 0xEE11, 0xEE31, 0xEE52, 0xF672, 0xF672, 0xF672, 0xF672, 0xF651, 0xF692, 0xFF15, 0xFF16,
    0xFF16, 0xFF36, 0xFF78, 0xFF78, 0xFF78, 0xFF79, 0xFF79, 0xFF57, 0xF737, 0xF737, 0xF717, 0xFF58, 0xFF79, 0xFF79, 0xFF79, 0xFFBA,
    0xFFBA, 0xFF9A, 0xFFBB, 0xFFBB, 0xFFBB, 0xFFBB, 0xFF9B, 0xFFBB, 0xFF9B, 0xFF38, 0xE591, 0xC38A, 0xBB29, 0xCAC9, 0xD2C9, 0xCA88,
    0xD2C9, 0xDB2A, 0xDB8B, 0xEDD3, 0xF6F8, 0xF6F8, 0xF739, 0xF739, 0xF739, 0xF739, 0xF739, 0xF739, 0xF739, 0xEED7, 0xEED6, 0xEED6,
    0xEED7, 0xEEB6, 0xEE75, 0xEE95, 0xEE95, 0xEE96, 0xF6F7, 0xF758, 0xF758, 0xF758, 0xFF59, 0xFF99, 0xFF9A, 0xEF18, 0xEF18, 0xEED6,
    0xE675, 0xE695, 0xE6B6, 0xEED6, 0xEED6, 0xEEF7, 0xEEF7, 0xEF18, 0xF718, 0xF718, 0xF6F7, 0xF6D7, 0xF718, 0xB4EF, 0xD5D3, 0xF718,
    0xE6B7, 0xEEB7, 0xE6B6, 0xEF18, 0xC551, 0x79E3, 0xDD0D, 0xD4EB, 0xCCAB, 0xCC8A, 0xCC8A, 0xCC8A, 0xCC8A, 0xCC8A, 0xB408, 0xA387,
    0x9B27, 0x9326, 0x9346, 0x7243, 0x6A23, 0x6A23, 0x6A23, 0x6A22, 0x7243, 0x7AA5, 0x82A5, 0x9326, 0x9326, 0x9B26, 0x9326, 0x9326,
    0x9306, 0x9B26, 0x9B26, 0x9B26, 0xA346, 0xAB87, 0xAB87, 0xB3A8, 0xB3C8, 0xB3A8, 0xAB88, 0xAB88, 0xAB88, 0xAB88, 0xAB67, 0xA367,
    0xA367, 0xABA8, 0xB3A8, 0xB3E9, 0xBBE9, 0xB3C9, 0xB3E9, 0xBBE9, 0xB3E9, 0xB3E9, 0xB3C8, 0xAB88, 0xA347, 0x9B26, 0x9326, 0x9326,
    0x9326, 0x9326, 0x8B06, 0x9326, 0x9347, 0x9327, 0x9326, 0x9347, 0x9B88, 0xA3A8, 0x9B88, 0x7A65, 0x69E3, 0xCD0D, 0xFEB2, 0xF672,
    0xFFBA, 0xFFBA, 0xFFBA, 0xFFBA, 0xFFBA, 0xFFBA, 0xFFDA, 0xFF99, 0xFF99, 0xFF77, 0xFED4, 0xF6B3, 0xFEB3, 0xFEB3, 0xFEB3, 0xFEB3,
    0xF693, 0xF693, 0xFEB3, 0xFEB3, 0xFED4, 0xFEF4, 0xFEB3, 0xFE93, 0xF6B3, 0xFEB3, 0xFEB3, 0xFEB3, 0xFEB3, 0xFEB3, 0xF693, 0xF693,
    0xF693, 0xFEF4, 0xFEF4, 0xFEF4, 0xFF35, 0xEEB4, 0x7A66, 0xB4F0, 0xCD92, 0xE676, 0xE676, 0xE676, 0xDE35, 0xD5F3, 0xD5F3, 0xD5D3,
    0xDE14, 0x9329, 0x9B47, 0xDDAF, 0xD52D, 0xD52D, 0xD52D, 0xD52D, 0xCCEC, 0xCCCC, 0xD54D, 0xDD6E, 0xD56E, 0xDD6E, 0xDD8F, 0xDD8F,
    0xDDAF, 0xDDB0, 0xE611, 0xEE32, 0xEE52, 0xEE73, 0xF693, 0xF6B3, 0xF693, 0xF693, 0xF673, 0xF672, 0xF673, 0xF693, 0xFF37, 0xFF58,
    0xFF58, 0xFF58, 0xFF79, 0xFF79, 0xFF79, 0xF738, 0xF738, 0xF737, 0xF717, 0xF717, 0xF716, 0xFF38, 0xFF79, 0xFF79, 0xFF79, 0xF738,
    0xF738, 0xFFBB, 0xFFDB, 0xFFBB, 0xFFBB, 0xFFBB, 0xFF9B, 0xFF9B, 0xFFBB, 0xFF9B, 0xF6B7, 0xEDF4, 0xEDD3, 0xD34A, 0xD2A9, 0xCA88,
    0xCAA9, 0xDB0A, 0xDC2D, 0xEE55, 0xF739, 0xF718, 0xF719, 0xF739, 0xF739, 0xF739, 0xF739, 0xF739, 0xF739, 0xF739, 0xF738, 0xF718,
    0xF739, 0xFF38, 0xF738, 0xF738, 0xF718, 0xF718, 0xFF59, 0xF718, 0xEEB6, 0xEED7, 0xF6F7, 0xFF59, 0xF759, 0xEED7, 0xE6B6, 0xE633,
    0xDDD1, 0xDDD2, 0xDDF2, 0xDDF2, 0xDDF2, 0xDDF2, 0xDE13, 0xE633, 0xE633, 0xE674, 0xF717, 0xD5D3, 0x9BCB, 0xEED7, 0xF739, 0xEEF8,
    0xEF18, 0xF738, 0xF718, 0xDE55, 0xD5F2, 0xDDF2, 0xEE52, 0xEE31, 0xE5F0, 0xDD8F, 0xDD6E, 0xDD4D, 0xD52D, 0xCCAB, 0xBC49, 0xA367,
    0x8AC4, 0x8AE5, 0x8AE5, 0x6A02, 0x61E2, 0x6A02, 0x6A23, 0x6A23, 0x6A23, 0x7264, 0x82A5, 0x82E5, 0x9326, 0x9B26, 0x9326, 0x9306,
    0x9305, 0xA347, 0xABA8, 0xABA7, 0xABA7, 0xABA7, 0xB3C8, 0xB3C8, 0xB3C8, 0xB3C8, 0xB3E9, 0xBBE9, 0xBC09, 0xBBE9, 0xB3C9, 0xAB88,
    0xAB67, 0xAB88, 0xB3C9, 0xBBE9, 0xB3E9, 0xB3E9, 0xB3E9, 0xB3C9, 0xB3C9, 0xB3C9, 0xB3E9, 0xB3C9, 0xABA8, 0x9B47, 0x9326, 0x9326,
    0x9326, 0x9326, 0x9326, 0x8B06, 0x8B06, 0x9326, 0x9327, 0x9326, 0x9347, 0xA3A8, 0x9B88, 0x9307, 0x61A2, 0xC4ED, 0xFEB3, 0xF672,
    0xFFBA, 0xFFBA, 0xFFDA, 0xFFDA, 0xFFDA, 0xFFDA, 0xFFDA, 0xFFB9, 0xFF98, 0xFF16, 0xF693, 0xFEB3, 0xFEB3, 0xFEB3, 0xF693, 0xF672,
    0xF693, 0xFEB3, 0xFEB3, 0xFEF4, 0xFEF4, 0xFEF4, 0xFEB3, 0xF693, 0xF693, 0xFE93, 0xFE93, 0xF6B3, 0xF693, 0xFE93, 0xFEB4, 0xFEB4,
    0xFED4, 0xFED5, 0xFED4, 0xFEF4, 0xFF56, 0xFF98, 0xF799, 0xAC8E, 0x8AE8, 0xEED7, 0xE676, 0xE676, 0xDE55, 0xD5F3, 0xD5F3, 0xD5D3,
    0xDE14, 0x9328, 0x9B47, 0xE610, 0xD54D, 0xD52D, 0xD52D, 0xD52D, 0xD52D, 0xD54D, 0xD54D, 0xD56E, 0xDD8E, 0xDD6E, 0xDD8F, 0xE611,
    0xE631, 0xEE52, 0xEE73, 0xEE73, 0xEE73, 0xEE74, 0xEE94, 0xF6D5, 0xF6D5, 0xF6F5, 0xFEF5, 0xFEF6, 0xFF16, 0xFF17, 0xFF58, 0xFF78,
    0xFF78, 0xFF78, 0xFF78, 0xFF78, 0xFF78, 0xF758, 0xF738, 0xF737, 0xF717, 0xF717, 0xFF38, 0xFF58, 0xFF78, 0xFF58, 0xFF58, 0xEED7,
    0xEEF8, 0xFFDB, 0xFFDC, 0xFFBC, 0xFFBC, 0xFFBC, 0xFFBC, 0xFFBB, 0xFF9B, 0xFF7B, 0xF75A, 0xF77A, 0xF6F8, 0xD42E, 0xC248, 0xC248,
    0xCA88, 0xCAA9, 0xDCAF, 0xF6B7, 0xF739, 0xF719, 0xF739, 0xF739, 0xF739, 0xF739, 0xF739, 0xF739, 0xF739, 0xF739, 0xF759, 0xF759,
    0xFF5A, 0xFF5A, 0xFF7A, 0xFF7A, 0xFF7A, 0xFF7A, 0xFF59, 0xFF79, 0xFF59, 0xFF79, 0xFF79, 0xFF7A, 0xFF7A, 0xFF7A, 0xF759, 0xEEF7,
    0xF717, 0xF6F7, 0xF6F7, 0xEEF7, 0xF6F7, 0xF6D7, 0xEED6, 0xEED6, 0xF6F7, 0xE675, 0xB4CF, 0xBD30, 0xE6B6, 0xF718, 0xF719, 0xF718,
    0xEF18, 0xEEF8, 0xF718, 0xB48E, 0x7225, 0xE5D0, 0xE5D0, 0xE5B0, 0xE5AF, 0xDD8F, 0xDD8F, 0xDD8E, 0xEE11, 0xEE32, 0xDD8F, 0xCD0E,
    0xBCAC, 0xBC6C, 0xA3EA, 0x7284, 0x7264, 0x6A43, 0x59C1, 0x61E2, 0x61C1, 0x61E2, 0x7264, 0x82A4, 0x9326, 0x9326, 0x9326, 0x9326,
    0x9B46, 0xA367, 0xABA7, 0xABA7, 0xB3A8, 0xB3A8, 0xB3C8, 0xB3C8, 0xB3C8, 0xB3E9, 0xB3C9, 0xB3C9, 0xB3E9, 0xB3E9, 0xB3E9, 0xB3C9,
    0xABA8, 0xAB67, 0xAB67, 0xAB88, 0xAB88, 0xB3A8, 0xB3C8, 0xB3E9, 0xB3E9, 0xB3E9, 0xB3E9, 0xB3C9, 0xB3E9, 0xABA8, 0x9B87, 0x9326,
    0x9326, 0x9326, 0x9326, 0x8B06, 0x8AE6, 0x8B06, 0x9B67, 0x9B88, 0x9B88, 0xA3A8, 0xA3C9, 0xA3C9, 0x69E3, 0xC4ED, 0xFEB3, 0xF692,
    0xFFB9, 0xFFB9, 0xFFB9, 0xFF99, 0xFF99, 0xFFB9, 0xFFB9, 0xFF99, 0xFF77, 0xFEF5, 0xFEF4, 0xFED4, 0xFEB3, 0xFE93, 0xFE93, 0xFEB3,
    0xFEB3, 0xFEB3, 0xF692, 0xFED3, 0xFEF4, 0xFEF4, 0xFEB3, 0xFEB3, 0xFE93, 0xFE92, 0xF693, 0xF6D4, 0xF6D4, 0xF6D5, 0xFEF5, 0xF6F5,
    0xFF77, 0xFF98, 0xFF98, 0xFF98, 0xFFB9, 0xFFD9, 0xFFFC, 0xBD72, 0x9349, 0xEED7, 0xE676, 0xE676, 0xDE55, 0xD5F3, 0xD5F3, 0xD5F3,
    0xDE14, 0x9BAA, 0x8AC6, 0xBC8B, 0xD54E, 0xD54D, 0xD56D, 0xD56E, 0xD56E, 0xD56D, 0xDD8E, 0xDD8F, 0xDD8F, 0xE5F1, 0xEE32, 0xE611,
    0xE5F0, 0xDDD0, 0xE611, 0xEE53, 0xE653, 0xE633, 0xEE73, 0xF6B4, 0xF6B4, 0xF6B5, 0xF6B5, 0xF6D6, 0xFF37, 0xFF38, 0xFF38, 0xFF38,
    0xFF38, 0xFF58, 0xF737, 0xF6F7, 0xF6F7, 0xF717, 0xF737, 0xF717, 0xF717, 0xF737, 0xFF78, 0xFF58, 0xF6F7, 0xEEB6, 0xF758, 0xFFDA,
    0xFFDB, 0xFFDB, 0xFFBC, 0xFFBB, 0xFFBB, 0xFFBB, 0xFFBB, 0xFF9B, 0xF75A, 0xF77A, 0xF75A, 0xF75A, 0xF719, 0xEE96, 0xDD11, 0xD3CD,
    0xC248, 0xD42D, 0xE5D3, 0xEE76, 0xF6F8, 0xF719, 0xF739, 0xF739, 0xF719, 0xF718, 0xF718, 0xF718, 0xF738, 0xF739, 0xF739, 0xF759,
    0xF759, 0xFF59, 0xFF5A, 0xFF79, 0xFF59, 0xFF59, 0xFF59, 0xFF39, 0xF738, 0xF718, 0xF738, 0xF739, 0xF738, 0xEEB5, 0xDDF2, 0xDDF2,
    0xDE13, 0xDE13, 0xDE13, 0xEE75, 0xEED6, 0xEEF7, 0xF6F7, 0xF718, 0xF738, 0xEEB6, 0xA42C, 0x9C2C, 0xEED7, 0xEEB7, 0xEED7, 0xEED7,
    0xEED7, 0xEEF7, 0xDE55, 0xC530, 0xDDD1, 0xEE53, 0xEE52, 0xEE53, 0xEE74, 0xD56F, 0xCCEC, 0xD50D, 0xD52D, 0xCCEC, 0xCCEC, 0xC4CD,
    0xB44C, 0xBCAD, 0xCD50, 0xCD30, 0xCD30, 0xC4EF, 0xA40B, 0xA40B, 0xAC0B, 0xABEB, 0x9B89, 0x9347, 0x9B67, 0x92E5, 0x92E5, 0x92E5,
    0xA367, 0xABA7, 0xABA7, 0xB3C8, 0xB3C8, 0xABA7, 0xABA7, 0xB3C8, 0xB3C8, 0xB3E9, 0xB3E9, 0xB3A8, 0xB3A8, 0xABA8, 0xB3A8, 0xABA8,
    0xABA8, 0xAB88, 0xAB67, 0xA346, 0x9B26, 0xAB87, 0xB3C8, 0xB3E9, 0xB3E9, 0xB3C8, 0xB3C9, 0xB3E9, 0xAB88, 0x9B46, 0x9B47, 0x9326,
    0x9326, 0x9326, 0x9326, 0x9347, 0x9326, 0x8B06, 0x9326, 0x9347, 0x9B88, 0x9B88, 0xA3A8, 0x9B68, 0x61C2, 0xCD0D, 0xFEB3, 0xFE92,
    0xFF99, 0xFF99, 0xFFB9, 0xFFB9, 0xFFB9, 0xFFB9, 0xFFB9, 0xFF78, 0xFF16, 0xFEB4, 0xFEB4, 0xFEB3, 0xFE93, 0xFE93, 0xF672, 0xF672,
    0xFEB3, 0xFE92, 0xFE92, 0xFE72, 0xFEB3, 0xFEB3, 0xFEB3, 0xFED4, 0xFF15, 0xFF15, 0xFF15, 0xFF98, 0xFF98, 0xFF98, 0xFF98, 0xFF98,
    0xFFD9, 0xFFDA, 0xFFDA, 0xFFDA, 0xFFDA, 0xFFB9, 0xFFFC, 0xBD51, 0x9349, 0xF6F8, 0xE676, 0xE676, 0xDE55, 0xDE34, 0xD614, 0xD5F3,
    0xD5D3, 0xDDF3, 0xA3EB, 0x7223, 0xE5D0, 0xD56E, 0xDD8E, 0xDD8E, 0xDD8E, 0xDDAF, 0xE5CF, 0xDDAF, 0xE5F0, 0xEE32, 0xE5F0, 0xDDAF,
    0xDDAF, 0xDDD0, 0xE611, 0xE632, 0xEE53, 0xEE74, 0xEE74, 0xEE74, 0xEE94, 0xEE94, 0xF6B5, 0xF6D5, 0xF6F6, 0xF6F7, 0xF717, 0xF717,
    0xF717, 0xF717, 0xF6D6, 0xEEB5, 0xEEB5, 0xEED6, 0xF6F7, 0xF6F7, 0xE695, 0xE674, 0xFF38, 0xFF79, 0xFF79, 0xFF9A, 0xFFBB, 0xFFDB,
    0xFFBB, 0xFFBB, 0xFFBB, 0xFF9B, 0xFF9A, 0xFF7A, 0xFF7A, 0xF75A, 0xF77A, 0xF75A, 0xF75A, 0xF75A, 0xF739, 0xF739, 0xE6B7, 0xDCF1,
    0xBAA9, 0xD4AF, 0xE635, 0xE614, 0xE635, 0xEEB7, 0xEE97, 0xEEB7, 0xF718, 0xEED7, 0xEED7, 0xEED7, 0xEEF7, 0xEEF7, 0xE6B6, 0xEED7,
    0xF718, 0xEEB6, 0xE675, 0xE696, 0xE675, 0xE675, 0xE675, 0xEEB6, 0xF6D7, 0xEED7, 0xEEF7, 0xF717, 0xF739, 0xEED6, 0xDDF2, 0xDDD1,
    0xD5D1, 0xDDD1, 0xDDD2, 0xE613, 0xE633, 0xE654, 0xEE95, 0xDE13, 0xA40B, 0xD5D2, 0xF717, 0xFF39, 0xF6F8, 0xEEF8, 0xEED7, 0xEEB7,
    0xE676, 0xE675, 0x9BCA, 0x8244, 0xCC8A, 0xD4EB, 0xDD0C, 0xDD4D, 0xDD6E, 0xEE52, 0xEEB4, 0xF6F5, 0xE672, 0xCCED, 0xCCEC, 0xABE9,
    0x8284, 0x7223, 0x7223, 0x6A23, 0x6A24, 0x7244, 0x7A85, 0x82C6, 0x82A6, 0x9328, 0xCD2F, 0xCD2F, 0xCCED, 0xA3C9, 0xABC9, 0xABE9,
    0xABA8, 0xA366, 0xA367, 0xABA8, 0xB3C8, 0xB3C8, 0xABA7, 0xB3C8, 0xB3E9, 0xB3E9, 0xBBE9, 0xB3E9, 0xB3C8, 0xB3A8, 0xB3A8, 0xB3A8,
    0xAB88, 0xABA8, 0xABA8, 0xAB88, 0xAB87, 0xABA8, 0xB3E9, 0xB3C9, 0xB3C8, 0xABA8, 0xB3A8, 0xB3E9, 0xAB88, 0x9326, 0x9326, 0x9346,
    0x9346, 0x9326, 0x9326, 0x9B67, 0x9B88, 0x9326, 0x8B05, 0x8B06, 0x9B67, 0xA3A8, 0xA3A8, 0x8B06, 0x6182, 0xCD0D, 0xFEB3, 0xF672,
    0xFFB9, 0xFF99, 0xFF99, 0xFF99, 0xFFB9, 0xFF78, 0xFF98, 0xFF78, 0xFF36, 0xFED4, 0xFEB3, 0xFEB3, 0xFEB3, 0xFEB3, 0xFEB3, 0xF693,
    0xFE93, 0xF6B3, 0xF6D4, 0xFED4, 0xFF15, 0xFF56, 0xFF57, 0xFF77, 0xFFB9, 0xFFB9, 0xFFB9, 0xFFB9, 0xFFB9, 0xFFB9, 0xFFB9, 0xFFB9,
    0xFFB9, 0xFFBA, 0xFFBA, 0xFFB9, 0xFFD9, 0xFFB9, 0xFFFB, 0xC591, 0x9BAB, 0xE655, 0xE696, 0xEEB7, 0xE675, 0xDE34, 0xD5F3, 0xD5F3,
    0xD5F3, 0xDE34, 0xBCCF, 0x8AE7, 0xAC2A, 0xD58E, 0xDD8F, 0xDDAF, 0xDDAF, 0xE5CF, 0xE5D0, 0xEE31, 0xEE31, 0xDDAF, 0xDDAF, 0xDDAF,
    0xDDB0, 0xDDD0, 0xDDD0, 0xDDD0, 0xE632, 0xEE74, 0xEE73, 0xEE74, 0xEE94, 0xEE94, 0xEE94, 0xF6B5, 0xEEB5, 0xEEB5, 0xEEB5, 0xEEB5,
    0xF6B5, 0xEEB5, 0xEEB5, 0xEEB6, 0xEED6, 0xF6F6, 0xF717, 0xF6F7, 0xEEF6, 0xEF17, 0xFF99, 0xFFBA, 0xFFDB, 0xFFDB, 0xFFBB, 0xFFBB,
    0xFFBB, 0xFF7A, 0xF739, 0xF759, 0xF75A, 0xFF7A, 0xFF5A, 0xF75A, 0xF75A, 0xF75A, 0xF75A, 0xF739, 0xF718, 0xF6F8, 0xE635, 0xDDB3,
    0xCC8F, 0xD4D0, 0xE614, 0xDDF4, 0xE614, 0xE635, 0xDE14, 0xE655, 0xEEB7, 0xE676, 0xE696, 0xEEB6, 0xEEB6, 0xEEB6, 0xE696, 0xE696,
    0xEEB6, 0xE695, 0xE675, 0xE675, 0xE675, 0xEE75, 0xE654, 0xEE75, 0xEEB6, 0xEEB5, 0xEEB6, 0xEEB6, 0xEEB6, 0xEEB6, 0xEED6, 0xEEF7,
    0xF717, 0xF717, 0xE654, 0xE633, 0xE654, 0xE613, 0xDDD2, 0xDDD2, 0xCD71, 0xE654, 0xEEB6, 0xEED7, 0xF718, 0xF739, 0xF739, 0xF738,
    0xF759, 0xEED7, 0xA3EA, 0xBC6B, 0xD4EB, 0xD50C, 0xD4EB, 0xD4CB, 0xD4CA, 0xD4CA, 0xD4CB, 0xCCCB, 0xDD6E, 0xE631, 0xE631, 0xE611,
    0xD5B0, 0xA40B, 0xA3C9, 0x6A23, 0x5140, 0x5980, 0x61C1, 0x61C1, 0x61C2, 0x69E2, 0x7244, 0x7A64, 0x9B47, 0xCCED, 0xCCED, 0xC4CD,
    0xCCCD, 0xC46B, 0xC46B, 0xABC8, 0xA366, 0xAB87, 0xB387, 0xAB87, 0xABA8, 0xB3C9, 0xB3C9, 0xB3E9, 0xBC09, 0xB3E9, 0xB3C9, 0xB3C9,
    0xABA8, 0xAB67, 0xAB67, 0xAB88, 0xB3C8, 0xB3C9, 0xB3C9, 0xB3C9, 0xB3C9, 0xABA8, 0xABA8, 0xABA8, 0xABA8, 0x9B46, 0x9B46, 0x9346,
    0x9346, 0x9326, 0x9346, 0x9346, 0x9347, 0x9347, 0x9B67, 0x9347, 0x9347, 0x9B67, 0x9B88, 0xABE9, 0x69E3, 0xD54E, 0xFEF4, 0xF672,
    0xFFBA, 0xFF99, 0xFF78, 0xFF78, 0xFF77, 0xFF16, 0xFF16, 0xFF56, 0xFF15, 0xFEB4, 0xFF15, 0xFF56, 0xFF56, 0xFF36, 0xFF57, 0xFF36,
    0xFF36, 0xFF77, 0xFF98, 0xFF77, 0xFF78, 0xFFD9, 0xFFDA, 0xFFB9, 0xFFB9, 0xFFBA, 0xFFB9, 0xFFB9, 0xFFB9, 0xFFB9, 0xFFB9, 0xFFB9,
    0xFFB9, 0xFFDA, 0xFFBA, 0xFFB9, 0xFFB9, 0xFFDA, 0xFFDA, 0xFFDB, 0xCDF3, 0x7265, 0xD5D3, 0xDE34, 0xE696, 0xE655, 0xD5F3, 0xD5F4,
    0xDE14, 0xD5F3, 0xE654, 0xC510, 0x7224, 0xD56F, 0xDDAF, 0xDDAF, 0xDDCF, 0xDDCF, 0xEE31, 0xE631, 0xDDCF, 0xDD8F, 0xDDAF, 0xDDAF,
    0xDDAF, 0xDDD0, 0xDDD0, 0xDDD0, 0xE611, 0xEE53, 0xEE73, 0xEE53, 0xEE53, 0xEE74, 0xEE94, 0xEE95, 0xEE95, 0xEE95, 0xEE94, 0xEE95,
    0xEE95, 0xEE94, 0xF6D6, 0xFF79, 0xFF79, 0xFF58, 0xEED6, 0xF738, 0xFFBA, 0xFFDB, 0xFFBB, 0xFFBB, 0xFFBB, 0xFFDB, 0xFFBA, 0xF738,
    0xF738, 0xF6F7, 0xEEF7, 0xEED7, 0xF739, 0xFF7A, 0xF75A, 0xF75A, 0xF75A, 0xF75A, 0xF75A, 0xF759, 0xEED7, 0xDE15, 0xDE14, 0xDDD3,
    0xCCAF, 0xBBED, 0xDDD3, 0xE635, 0xDDF4, 0xDDF4, 0xE615, 0xE635, 0xE635, 0xE655, 0xE676, 0xEEB6, 0xEEB6, 0xEEB6, 0xEEB6, 0xEEB7,
    0xEEB7, 0xEEB6, 0xEEB6, 0xF6D7, 0xEED7, 0xF6F7, 0xFF38, 0xF6F7, 0xEED6, 0xEED7, 0xEED7, 0xE675, 0xDE13, 0xE634, 0xE654, 0xE634,
    0xEEB6, 0xF717, 0xEED6, 0xF738, 0xFFDB, 0xCDB2, 0x9348, 0xB4AE, 0xF6F7, 0xE676, 0xE676, 0xE696, 0xE676, 0xE676, 0xE696, 0xE695,
    0xD5D3, 0x8BAB, 0xE674, 0xF6D5, 0xEE94, 0xF694, 0xDD8F, 0xD50C, 0xD50C, 0xCCAA, 0xCCAA, 0xCCAA, 0xCC8A, 0xCC6A, 0xBC29, 0xA3A8,
    0xA3A9, 0xBD0F, 0xC52F, 0xBCEE, 0xA44C, 0x8B27, 0x5160, 0x59C2, 0x69E3, 0x7223, 0x7223, 0x7A64, 0x92E5, 0x92E5, 0x8AC5, 0x8AC5,
    0xABC9, 0xCCAC, 0xCCAC, 0xCCCD, 0xCCED, 0xC46B, 0xAB67, 0xAB87, 0xAB88, 0xAB88, 0xABA8, 0xB3C8, 0xB3C9, 0xBBE9, 0xBC09, 0xBBE9,
    0xB3C8, 0xAB88, 0xAB87, 0xAB87, 0xAB88, 0xB3A8, 0xB3C8, 0xB3C9, 0xBC0A, 0xBC09, 0xB3E9, 0xABA8, 0xA387, 0x9B26, 0x9B26, 0x9326,
    0x9347, 0x9347, 0x9326, 0x9346, 0x9347, 0x9326, 0x9347, 0x9B67, 0x9B67, 0x9B67, 0x9B67, 0x9B88, 0x7224, 0x8B07, 0xD56E, 0xFED3,
    0xFF36, 0xFF36, 0xF6F5, 0xF6B4, 0xF693, 0xF652, 0xF652, 0xF652, 0xF672, 0xF693, 0xFF57, 0xFFB9, 0xFFB9, 0xFF99, 0xFFB9, 0xFFB9,
    0xFFB9, 0xFFB9, 0xFFB9, 0xFFB9, 0xFFD9, 0xFFB9, 0xFF99, 0xFF98, 0xFFB9, 0xFFB9, 0xFFB9, 0xFFB9, 0xFF98, 0xFF98, 0xFFB9, 0xFFB9,
    0xFFD9, 0xFFDA, 0xFFDA, 0xFFDA, 0xFFDA, 0xFFFA, 0xFFDA, 0xFFDA, 0xFFDA, 0xC5B2, 0x69E4, 0x8B29, 0xD5F3, 0xE655, 0xE675, 0xE655,
    0xDE14, 0xDE14, 0xDE34, 0xCD92, 0x9349, 0x7A45, 0xCCED, 0xE5F0, 0xE5D0, 0xE611, 0xEE31, 0xE5D0, 0xE5CF, 0xDDCF, 0xDDAF, 0xDDAF,
    0xDD8F, 0xDD8F, 0xDD8F, 0xD58F, 0xDDB0, 0xDDF1, 0xE5F1, 0xE5F1, 0xE632, 0xE5F2, 0xE5F2, 0xE612, 0xE612, 0xE654, 0xF717, 0xF738,
    0xF738, 0xF738, 0xF717, 0xEED6, 0xEEB6, 0xE675, 0xDE75, 0xFF9A, 0xFFDB, 0xFF9A, 0xFFBB, 0xFF99, 0xFF79, 0xF779, 0xF738, 0xEEB6,
    0xE635, 0xEEB6, 0xFF59, 0xF739, 0xFF5A, 0xF75A, 0xF75A, 0xF75A, 0xF75A, 0xF75A, 0xF719, 0xE696, 0xE676, 0xDE35, 0xDDF4, 0xDDD3,
    0xCCCF, 0x9A06, 0xC42D, 0xCCD0, 0xDDD3, 0xE655, 0xEE76, 0xE655, 0xE635, 0xE655, 0xE655, 0xEE76, 0xEE96, 0xEE96, 0xEE96, 0xEEB7,
    0xEEB7, 0xEEB7, 0xEEB6, 0xF6B7, 0xF6B7, 0xF6D7, 0xF6F7, 0xF6F7, 0xF6F7, 0xF738, 0xFF9A, 0xEEF8, 0xDE34, 0xE634, 0xDE34, 0xE634,
    0xE634, 0xE633, 0xE654, 0xDE34, 0xBCF0, 0xDE14, 0xEE96, 0xEED7, 0xEEF7, 0xEED7, 0xE6B6, 0xE696, 0xE676, 0xE655, 0xE675, 0xD5B2,
    0x7A66, 0x7A64, 0xBC49, 0xCCAA, 0xD4CB, 0xD4EC, 0xE5D0, 0xEE32, 0xE631, 0xDDAF, 0xDD6E, 0xD56E, 0xD4EC, 0xC48A, 0xBC08, 0xABA7,
    0x9B26, 0x7A43, 0x7223, 0x9BCA, 0xA42C, 0xA40B, 0xBCAD, 0xB48D, 0x6A23, 0x61E2, 0x61E2, 0x8264, 0x92E5, 0x9306, 0x92E6, 0x9B26,
    0xA347, 0x9B26, 0xA347, 0xBC0A, 0xBC4B, 0xC48C, 0xCCAC, 0xC46B, 0xABA8, 0xAB67, 0xAB87, 0xAB88, 0xAB87, 0xABA8, 0xB3C9, 0xBBE9,
    0xB3E9, 0xB3C8, 0xB3C9, 0xB3E9, 0xB3C8, 0xAB88, 0xABA8, 0xABA8, 0xAB88, 0xB3C9, 0xB3E9, 0xB3C9, 0xABA8, 0x9B46, 0x9306, 0x9306,
    0x9326, 0x9B47, 0x9347, 0x9346, 0x9347, 0x8B06, 0x8AE5, 0x8B05, 0x9347, 0x9B87, 0x9B67, 0x9B67, 0xA3C8, 0x61A2, 0xAC2A, 0xFF14,
    0xF652, 0xF652, 0xF652, 0xF651, 0xF631, 0xF652, 0xF631, 0xF632, 0xF652, 0xF672, 0xF6D4, 0xF736, 0xFF98, 0xFF99, 0xFF99, 0xFFB9,
    0xFFB9, 0xFF98, 0xFF98, 0xFFB9, 0xFFB9, 0xFFD9, 0xFFB9, 0xFF98, 0xFF98, 0xFF98, 0xFF98, 0xFF98, 0xFF98, 0xFF99, 0xFFD9, 0xFFDA,
    0xFFDA, 0xFFDA, 0xFFDA, 0xFFFA, 0xFFDA, 0xFFBA, 0xFF99, 0xFF99, 0xFFFA, 0xF7D9, 0xE6F7, 0xE6F7, 0x7AA6, 0xC530, 0xEEB6, 0xE655,
    0xE655, 0xDE14, 0xD614, 0xDE54, 0xD5D3, 0x71E4, 0xD56E, 0xE5F0, 0xDDD0, 0xEE52, 0xE5F0, 0xDDCF, 0xDDAF, 0xDDAF, 0xDDAF, 0xDDAF,
    0xD56E, 0xD54E, 0xD54D, 0xD56E, 0xD54E, 0xD54E, 0xD54E, 0xD54E, 0xDDF1, 0xEEF6, 0xF6F6, 0xF6F5, 0xEED5, 0xF6F6, 0xEED6, 0xE675,
    0xE674, 0xE674, 0xE654, 0xDE33, 0xE613, 0xDE54, 0xF759, 0xFF9A, 0xFFBB, 0xFFBB, 0xFFBB, 0xEEF7, 0xEE75, 0xEE75, 0xEED6, 0xF6F7,
    0xF6F7, 0xF718, 0xFF7A, 0xFF7A, 0xFF5A, 0xFF5A, 0xF75A, 0xFF5A, 0xEEF8, 0xEEB7, 0xEEB7, 0xE656, 0xE635, 0xE635, 0xE655, 0xCCF0,
    0xAA67, 0xA1E6, 0xA1C5, 0x99C5, 0xB32A, 0xBBAC, 0xB3CC, 0xC44E, 0xE614, 0xEE96, 0xE676, 0xE655, 0xE675, 0xE675, 0xE675, 0xEE96,
    0xEE96, 0xEEB6, 0xF6D7, 0xEEB6, 0xEEB6, 0xF6D6, 0xF6F7, 0xEE95, 0xE655, 0xE675, 0xE676, 0xEED7, 0xF738, 0xF738, 0xF6F7, 0xE654,
    0xE613, 0xE633, 0xF6D6, 0xC50F, 0x6A24, 0xCD72, 0xEEB6, 0xE676, 0xEED7, 0xEEF8, 0xEF18, 0xF739, 0xFF59, 0xEED7, 0x7AA7, 0x7204,
    0x8264, 0xDCEB, 0xCC69, 0xCC69, 0xCC89, 0xD48A, 0xCCAA, 0xD4AA, 0xD4CB, 0xE5AF, 0xE611, 0xE631, 0xEE52, 0xDDD0, 0xCD0E, 0xB42A,
    0x92E6, 0x8284, 0x7203, 0x5981, 0x5140, 0x61E3, 0x82E7, 0x8307, 0xC50E, 0xBCED, 0xA3C9, 0x7A43, 0x8284, 0x92E5, 0x9306, 0xA326,
    0xA367, 0xAB67, 0xAB87, 0xA367, 0xA367, 0xABA8, 0xB3E9, 0xBC2A, 0xCCAC, 0xC46B, 0xABA8, 0xAB87, 0xA367, 0xAB87, 0xAB87, 0xABA8,
    0xB3C8, 0xB3C8, 0xB3C8, 0xABA8, 0xABA8, 0xB3C8, 0xB3E9, 0xBC09, 0xBC0A, 0xB409, 0xB3C9, 0xABA8, 0xABA8, 0xA388, 0x9B47, 0x9306,
    0x8AE5, 0x8B05, 0x9326, 0x9326, 0x9346, 0x9347, 0x9326, 0x8AE5, 0x8B06, 0x9347, 0x9B87, 0x9B88, 0xA3C9, 0x69E3, 0xB46B, 0xFF14,
    0xFE72, 0xFE92, 0xF672, 0xF631, 0xF632, 0xF652, 0xF631, 0xF651, 0xF672, 0xFE72, 0xFE72, 0xF6D4, 0xFFB9, 0xFF99, 0xFF98, 0xFF98,
    0xFF98, 0xFF98, 0xFF98, 0xFF98, 0xFF98, 0xFF98, 0xFFB8, 0xFF98, 0xFF98, 0xFF98, 0xFF98, 0xFF78, 0xFF99, 0xFFB9, 0xFFDA, 0xFFFA,
    0xFFDA, 0xFFB9, 0xFFB9, 0xFFB9, 0xFFB9, 0xFF99, 0xFFB9, 0xFFB9, 0xFFB9, 0xFFDA, 0xFFFB, 0xF7BA, 0x82A6, 0xCD71, 0xE6B6, 0xE655,
    0xDE35, 0xDE14, 0xDE14, 0xDE34, 0xCD92, 0x71E3, 0x9B47, 0xCD2D, 0xE611, 0xE631, 0xDDAF, 0xDDAF, 0xE5CF, 0xDDAF, 0xDDAF, 0xDD8E,
    0xD54E, 0xD54E, 0xD54D, 0xCD2D, 0xCCED, 0xDDB1, 0xEEB5, 0xEEB5, 0xEE95, 0xE654, 0xEE94, 0xE654, 0xE654, 0xE653, 0xE612, 0xDDF1,
    0xDDD1, 0xDDF2, 0xDE12, 0xDE13, 0xDE13, 0xF717, 0xFFDB, 0xFFBB, 0xFF9A, 0xEF18, 0xEEF7, 0xF6F7, 0xEED6, 0xF6F7, 0xFF79, 0xFF7A,
    0xFF79, 0xFF7A, 0xFF7A, 0xFF5A, 0xF739, 0xF759, 0xF739, 0xEEB7, 0xE696, 0xE676, 0xE676, 0xE656, 0xE656, 0xE635, 0xD511, 0xB288,
    0xC36B, 0xD4B0, 0xD48F, 0xD4AF, 0xCC8F, 0xCC8F, 0xD4D0, 0xBBAC, 0xB3AC, 0xCCD0, 0xD572, 0xF6D7, 0xEEB6, 0xEE75, 0xEE95, 0xEE75,
    0xE675, 0xE695, 0xEEB6, 0xEEB6, 0xEE96, 0xEE96, 0xEED6, 0xF6F7, 0xEEB6, 0xE654, 0xE654, 0xE655, 0xE675, 0xE696, 0xFF79, 0xF759,
    0xFF7A, 0xE654, 0xA40B, 0xCD51, 0xDE34, 0xEE96, 0xE675, 0xE676, 0xE676, 0xE676, 0xE697, 0xDE55, 0xC571, 0xBD10, 0xC52F, 0xDDF2,
    0xDE11, 0xEE52, 0xD4CB, 0xCCAA, 0xCCAA, 0xCCA9, 0xD4CA, 0xD4CB, 0xD4EB, 0xD4CA, 0xD4CA, 0xD4CA, 0xDD6E, 0xE5D0, 0xE5D0, 0xDDD0,
    0xD58F, 0xCD4F, 0xC4EE, 0x7264, 0x6A03, 0x61E2, 0x5160, 0x5961, 0x7244, 0x82C5, 0xBC8C, 0xC52F, 0xB44B, 0x8AA4, 0x92E5, 0x9AE5,
    0x9B26, 0xA346, 0xAB67, 0xAB87, 0xAB88, 0xAB87, 0xAB87, 0xAB87, 0xB3C8, 0xBC09, 0xCC8B, 0xBC0A, 0xABA8, 0xAB88, 0xAB87, 0xAB88,
    0xAB88, 0xABA8, 0xB3C8, 0xB3C8, 0xABA8, 0xB3C8, 0xB3C9, 0xB3E9, 0xB409, 0xB3E9, 0xB3E9, 0xB3E9, 0xABC8, 0xABA8, 0xA367, 0x9B26,
    0x9306, 0x9306, 0x8AE5, 0x8B06, 0x9326, 0x9B67, 0x9326, 0x8B06, 0x9326, 0x9326, 0x9B67, 0x9B88, 0xA3C9, 0x61C2, 0xC4ED, 0xFF55,
    0xF672, 0xFEB3, 0xFEB3, 0xF652, 0xF652, 0xFE93, 0xFE93, 0xF672, 0xF652, 0xF672, 0xF693, 0xF715, 0xFF98, 0xFFB9, 0xFFB9, 0xFF99,
    0xFF98, 0xFF98, 0xFFB9, 0xFF98, 0xFF98, 0xFF98, 0xFF98, 0xFF78, 0xFF98, 0xFF98, 0xFF98, 0xFF98, 0xFFB9, 0xFFB9, 0xFFDA, 0xFFDA,
    0xFFDA, 0xFFB9, 0xFF99, 0xFF98, 0xFFB9, 0xFFB9, 0xFFB9, 0xFFB9, 0xFFB9, 0xFFB9, 0xFFDA, 0xF759, 0x7A45, 0xA3EB, 0xEEB7, 0xE676,
    0xDE55, 0xDE14, 0xDE14, 0xDE34, 0xDDF3, 0xCD50, 0x8285, 0xBC8C, 0xEE52, 0xD58E, 0xDD8E, 0xDD8E, 0xDDAE, 0xDD8E, 0xD56E, 0xD54E,
    0xD54D, 0xD54E, 0xD56F, 0xE653, 0xE694, 0xEED6, 0xDE54, 0xE654, 0xDE33, 0xD550, 0xD590, 0xD590, 0xD590, 0xDDB1, 0xDDF2, 0xE5F2,
    0xDDF2, 0xDDD1, 0xDE12, 0xEED6, 0xF758, 0xFF9A, 0xFF9A, 0xFF79, 0xF718, 0xEEF7, 0xF738, 0xFF38, 0xFF59, 0xFF79, 0xFF59, 0xFF7A,
    0xFF7A, 0xF759, 0xF739, 0xF718, 0xE696, 0xEEB7, 0xEED7, 0xE676, 0xE696, 0xE696, 0xE676, 0xE676, 0xE676, 0xD531, 0xB2A9, 0xC36B,
    0xDCF0, 0xE5B3, 0xE5D4, 0xE5F4, 0xE5F4, 0xE614, 0xE614, 0xE5F4, 0xCCF0, 0xBBCC, 0xC44E, 0xCD10, 0xD592, 0xEE96, 0xEE95, 0xEE95,
    0xE675, 0xE675, 0xE675, 0xEE95, 0xEEB6, 0xEE95, 0xEE95, 0xEEB6, 0xF6F7, 0xEEB6, 0xE655, 0xE654, 0xE654, 0xE654, 0xE675, 0xE655,
    0xD5F3, 0xD614, 0xBCEF, 0xE696, 0xF718, 0xE696, 0xE676, 0xE676, 0xE676, 0xE676, 0xEEF8, 0xCD91, 0x6161, 0x92E5, 0xC48B, 0xE5AF,
    0xDD6E, 0xDDAF, 0xEEB3, 0xEEB3, 0xDD6D, 0xD4CB, 0xD4CB, 0xD4CA, 0xD4EB, 0xDD0C, 0xDD0C, 0xDD0B, 0xD4EB, 0xD4CA, 0xD4EB, 0xBC49,
    0x9327, 0x9347, 0xA3C9, 0xB48C, 0xAC4C, 0x9BEA, 0x82E6, 0x82C6, 0x7A85, 0x6A23, 0x61A1, 0x8306, 0xB48C, 0xD590, 0xC4AD, 0x92C4,
    0x92C4, 0xA346, 0xAB87, 0xAB87, 0xAB88, 0xABA8, 0xB3A8, 0xAB87, 0xAB87, 0xABA7, 0xAB88, 0xB3E9, 0xC46B, 0xBC2A, 0xABA8, 0xA367,
    0xA367, 0xA367, 0xA367, 0xAB88, 0xABA8, 0xABA8, 0xABC8, 0xB409, 0xB3E9, 0xABC8, 0xABA8, 0xABA8, 0xABA8, 0xA387, 0x9B47, 0x9B26,
    0x9B67, 0x9B67, 0x9326, 0x8B06, 0x8B26, 0x9B67, 0x9326, 0x8AE5, 0x8AE5, 0x9326, 0x8B06, 0x8B06, 0x9347, 0x7244, 0x9327, 0xEE72,
    0xF651, 0xF651, 0xF651, 0xF651, 0xF632, 0xF652, 0xFE93, 0xFE93, 0xF631, 0xF631, 0xFEF4, 0xFF98, 0xFF98, 0xFF98, 0xFFB9, 0xFF99,
    0xFFB9, 0xFFB9, 0xFFB9, 0xFFB9, 0xFFB9, 0xFFB9, 0xFF99, 0xFF78, 0xFF98, 0xFF98, 0xFF98, 0xFFB8, 0xFFB9, 0xFFB9, 0xFFB9, 0xFFB9,
    0xFFB9, 0xFF98, 0xFF98, 0xFF99, 0xFFB9, 0xFFB9, 0xFF99, 0xFFB9, 0xFFB9, 0xFFB9, 0xFFDA, 0xFFB9, 0xBD50, 0x9369, 0xEE96, 0xE675,
    0xE675, 0xE655, 0xDE34, 0xDE14, 0xDE34, 0xE675, 0xCD71, 0x8B07, 0xBCAC, 0xE5F0, 0xD54E, 0xDD8E, 0xDD8E, 0xDD6E, 0xD56E, 0xD56E,
    0xD58F, 0xEE94, 0xF6D6, 0xE673, 0xDDF2, 0xDDD0, 0xCD0D, 0xCD0D, 0xD52E, 0xD56F, 0xD570, 0xDD90, 0xDDB1, 0xDDD1, 0xDDF2, 0xDDD1,
    0xDDD1, 0xE674, 0xEEF6, 0xEF17, 0xFF9A, 0xFF79, 0xF738, 0xF718, 0xF759, 0xFF9A, 0xFF9A, 0xFF79, 0xFF59, 0xFF59, 0xFF59, 0xFF59,
    0xFF58, 0xEED7, 0xE675, 0xEEB6, 0xEEB6, 0xEE96, 0xE696, 0xEEB6, 0xEEB6, 0xE696, 0xE696, 0xDE34, 0xCD10, 0xAB6B, 0xDCF0, 0xE572,
    0xDD71, 0xDD93, 0xDD93, 0xDDB3, 0xE614, 0xE614, 0xE614, 0xE635, 0xEE55, 0xEE96, 0xDDF4, 0xBC2D, 0xCD31, 0xEE96, 0xEE95, 0xEE95,
    0xE675, 0xE675, 0xE675, 0xEE95, 0xEE95, 0xEEB6, 0xEE95, 0xE654, 0xE654, 0xEEB6, 0xF6F7, 0xE655, 0xE654, 0xE674, 0xE634, 0xEE75,
    0x9BAA, 0xBCCF, 0xEEB6, 0xEEB7, 0xF739, 0xF738, 0xF739, 0xEE96, 0xE676, 0xE655, 0xDE14, 0xB4CF, 0x7A43, 0xCCAB, 0xD4CA, 0xCC69,
    0xCC69, 0xCC8A, 0xD4EB, 0xCCCB, 0xE5F0, 0xEE93, 0xE631, 0xDD6E, 0xDD6D, 0xDCEB, 0xD4CA, 0xD4EB, 0xD50C, 0xD4EB, 0xCCCB, 0xBC2A,
    0x8284, 0x8284, 0x69E2, 0x6A02, 0x6A03, 0x7244, 0xA40B, 0xA40A, 0xA40A, 0xBC8C, 0xABEA, 0x9327, 0xA3A9, 0xB46B, 0xDDD1, 0xDDD1,
    0xAC09, 0xA347, 0xA326, 0xA346, 0xA366, 0xAB67, 0xAB67, 0xAB87, 0xABA7, 0xAB87, 0xA346, 0xA347, 0xA367, 0xB3E9, 0xC48B, 0xBC2A,
    0xA387, 0x9B46, 0xA346, 0xA367, 0xA388, 0xB3E9, 0xBC2A, 0xBC4A, 0xBC2A, 0xB40A, 0xBC2A, 0xBC0A, 0xABC9, 0xA347, 0x9B46, 0x9306,
    0x9326, 0x9B47, 0x9B47, 0x8B06, 0x8AE5, 0x9326, 0x9326, 0x8AE5, 0x82C5, 0x8B06, 0x9326, 0x8B06, 0x8B06, 0x9327, 0x6181, 0xD5B0,
    0xF5F0, 0xEDD0, 0xEDF0, 0xF651, 0xF631, 0xF631, 0xF631, 0xFE93, 0xFE93, 0xFE72, 0xFEB3, 0xFEF5, 0xFF57, 0xFF78, 0xFFB9, 0xFFB9,
    0xFFB9, 0xFFB9, 0xFFB9, 0xFFB9, 0xFFB9, 0xFF99, 0xFF99, 0xFF99, 0xFFB9, 0xFFB9, 0xFF99, 0xFF98, 0xFF98, 0xFFB9, 0xFFB8, 0xFF98,
    0xFF98, 0xFF98, 0xFF98, 0xFF98, 0xFF99, 0xFF99, 0xFF99, 0xFFB9, 0xFFB9, 0xFFB9, 0xFFB9, 0xFFFB, 0xE6D6, 0x8B28, 0xFF38, 0xF6F7,
    0xE696, 0xE676, 0xE635, 0xDE14, 0xDE14, 0xDDF3, 0xE675, 0xBCEF, 0xAC0A, 0xC4AB, 0xE5F0, 0xDD8E, 0xD56D, 0xDD8E, 0xDDF0, 0xF6B4,
    0xF6B4, 0xDDD1, 0xD58F, 0xD54D, 0xCD0C, 0xCD2D, 0xD54E, 0xD54E, 0xD54F, 0xD54F, 0xD54F, 0xD570, 0xD590, 0xDD90, 0xDDD1, 0xE612,
    0xEEB5, 0xEEB5, 0xEEB5, 0xE674, 0xEEB6, 0xF718, 0xFF79, 0xFF9A, 0xFFBB, 0xFF7A, 0xFF59, 0xFF59, 0xFF59, 0xFF59, 0xEED7, 0xEE95,
    0xEEB6, 0xE696, 0xE696, 0xEEB6, 0xEEB6, 0xEEB6, 0xEEB6, 0xEE96, 0xE676, 0xE675, 0xE635, 0xCCF0, 0xAB09, 0xDD52, 0xDDB3, 0xDD93,
    0xDDD3, 0xDDB3, 0xDDB3, 0xE5F4, 0xEE75, 0xEE96, 0xEE96, 0xEE75, 0xE655, 0xE675, 0xE675, 0xEE95, 0xEE95, 0xEE95, 0xEE95, 0xEE95,
    0xEE95, 0xEE95, 0xE675, 0xEE95, 0xE675, 0xE675, 0xEE95, 0xE674, 0xE654, 0xE634, 0xEE96, 0xF717, 0xE674, 0xE634, 0xAC4C, 0xAC4C,
    0xEEB6, 0xEED7, 0xE696, 0xE696, 0xE696, 0xE6B6, 0xEED7, 0xEEF8, 0xFF99, 0xE6D6, 0x938A, 0x4900, 0xC449, 0xD4AA, 0xCCAA, 0xD4AA,
    0xD4AA, 0xD4AA, 0xD4AA, 0xD4AA, 0xD4CA, 0xD4CB, 0xDD8E, 0xEE52, 0xEE72, 0xEE52, 0xE611, 0xDD8D, 0xD4AA, 0xCC8A, 0xBC09, 0xABA8,
    0x8AC5, 0x8AC5, 0x7223, 0x69E2, 0x69E2, 0x61C2, 0x59A1, 0x5981, 0x5981, 0x7AA5, 0x9B68, 0xA3A9, 0xA388, 0xABA8, 0xABE9, 0xBC4B,
    0xDD90, 0xD570, 0xB42A, 0xB409, 0xBC2A, 0xBC2A, 0xBC2A, 0xBC4A, 0xC46A, 0xC44A, 0xB3E9, 0xB3C9, 0xB3E9, 0xABC8, 0xABA8, 0xBC2A,
    0xCCAC, 0xC46A, 0xBC4A, 0xB3E9, 0xB409, 0xB40A, 0xBC2A, 0xBC2A, 0xB3E9, 0xABC8, 0xABC8, 0xB3C9, 0xB3C9, 0xABA8, 0x9306, 0x8AA4,
    0x8AC5, 0x8B06, 0x9326, 0x8AE5, 0x82C5, 0x82C5, 0x82C5, 0x8AE5, 0x82C5, 0x8AE5, 0x9326, 0x9347, 0x9B87, 0x9B88, 0x69C3, 0xDDD0,
    0xF631, 0xF631, 0xF631, 0xF631, 0xF631, 0xF632, 0xEE11, 0xEE11, 0xF672, 0xF672, 0xF652, 0xF693, 0xFF77, 0xFF98, 0xFF98, 0xFFB9,
    0xFFB9, 0xFFB9, 0xFFB9, 0xFFB9, 0xFFB9, 0xFF99, 0xFF78, 0xFF99, 0xFFB9, 0xFFB9, 0xFF99, 0xFF78, 0xFF98, 0xFFB9, 0xFFB8, 0xFF98,
    0xFF98, 0xFF98, 0xFF98, 0xFF98, 0xFF99, 0xFFB9, 0xFF99, 0xFF99, 0xFF99, 0xFFB9, 0xFFBA, 0xFFDA, 0xF758, 0xACAE, 0x7AA7, 0x938A,
    0xF6F7, 0xEED6, 0xE675, 0xDE34, 0xDE14, 0xDE14, 0xDE14, 0xDE34, 0xC50F, 0xB3EA, 0xB40A, 0xCD2E, 0xEE73, 0xF6F6, 0xF716, 0xDDF1,
    0xDDAF, 0xD56E, 0xD54E, 0xD54E, 0xD54E, 0xD54E, 0xD54E, 0xD54E, 0xD56F, 0xD56F, 0xD56F, 0xD56F, 0xD590, 0xDDD1, 0xEE74, 0xEED5,
    0xDE33, 0xDDD2, 0xDD91, 0xDE13, 0xEEF7, 0xFF9A, 0xFFBB, 0xFF79, 0xF759, 0xFF59, 0xFF59, 0xFF59, 0xF718, 0xE675, 0xE654, 0xE654,
    0xEEB6, 0xEEB6, 0xF6D7, 0xEEB6, 0xEEB6, 0xE696, 0xE675, 0xE675, 0xE634, 0xE655, 0xC48E, 0xAB29, 0xE5B3, 0xE5F4, 0xE614, 0xE635,
    0xE655, 0xE655, 0xEE75, 0xEE75, 0xE675, 0xEE95, 0xEE95, 0xEE95, 0xEE95, 0xEE95, 0xEE95, 0xE675, 0xEE95, 0xEE95, 0xEE96, 0xEE96,
    0xEE95, 0xEE95, 0xEE95, 0xEE95, 0xE675, 0xE654, 0xE654, 0xE675, 0xE654, 0xE675, 0xE695, 0xE675, 0xDE14, 0xAC4C, 0xCD50, 0xDE14,
    0xE696, 0xEED7, 0xEED7, 0xE6B6, 0xE6B6, 0xE696, 0xEEB7, 0xEED7, 0xA40C, 0x9BCB, 0xD634, 0xBD72, 0xD54E, 0xCC68, 0xCC69, 0xD4AA,
    0xD4AA, 0xD4CA, 0xD4CA, 0xD4CA, 0xD4CA, 0xD4CA, 0xDD0B, 0xDD2C, 0xDD2C, 0xE631, 0xEE93, 0xEE92, 0xE611, 0xDDAF, 0xABC8, 0xA346,
    0x8AE5, 0x8284, 0x6A02, 0x69E2, 0x69E2, 0x61C2, 0x61E2, 0x61C2, 0x61C2, 0x5981, 0x5981, 0x7202, 0x7A02, 0x92E5, 0x9B26, 0x9AE5,
    0x92C5, 0xB40A, 0xE5D1, 0xE590, 0xC46B, 0xC46B, 0xC48B, 0xC48B, 0xC46B, 0xC48B, 0xC46B, 0xC46B, 0xC46B, 0xB409, 0xABA8, 0xAB87,
    0xB3C9, 0xB409, 0xBC4A, 0xBC4A, 0xB409, 0xB3E9, 0xB3E9, 0xB3E9, 0xABA8, 0xA367, 0xA367, 0xAB88, 0xABA8, 0xABA8, 0xA387, 0x8AE5,
    0x82C5, 0x82C5, 0x82C5, 0x82C5, 0x82C5, 0x82C5, 0x82C5, 0x82C5, 0x82E5, 0x82E5, 0x8B26, 0x9326, 0x9B67, 0x9B88, 0x69C2, 0xDDD0,
    0xF672, 0xF672, 0xF652, 0xF631, 0xF631, 0xF631, 0xF651, 0xF651, 0xFE72, 0xF672, 0xFE92, 0xFED4, 0xFF77, 0xFF78, 0xFF98, 0xFFB9,
    0xFFB9, 0xFFB9, 0xFFB9, 0xFFB9, 0xFFB9, 0xFF79, 0xFF79, 0xFF99, 0xFF99, 0xFFB9, 0xFFB9, 0xFFB9, 0xFFB9, 0xFF98, 0xFF98, 0xFF78,
    0xFF98, 0xFF98, 0xFF98, 0xFF98, 0xFF99, 0xFF99, 0xFF99, 0xFF99, 0xFF99, 0xFFB9, 0xFFBA, 0xFFB9, 0xFFFB, 0xEF58, 0xB510, 0xB4F0,
    0x8B69, 0xA40C, 0xE695, 0xE655, 0xDE55, 0xDE14, 0xDE14, 0xD5F3, 0xDDF3, 0xD591, 0xC531, 0xCD91, 0xE653, 0xDDF1, 0xD5B0, 0xD58F,
    0xD58F, 0xDDB0, 0xD58F, 0xD56F, 0xD56E, 0xD56E, 0xD56F, 0xD56F, 0xD590, 0xD56F, 0xD570, 0xD5B1, 0xDE12, 0xEEB5, 0xE654, 0xDDB1,
    0xD591, 0xDDD2, 0xE674, 0xF718, 0xF738, 0xFF9A, 0xFF59, 0xFF59, 0xFF79, 0xEED6, 0xEE95, 0xE695, 0xE675, 0xE674, 0xE675, 0xEE96,
    0xEED7, 0xEEB6, 0xEED6, 0xEEB6, 0xEE96, 0xE675, 0xE675, 0xE675, 0xE675, 0xABCB, 0xB40C, 0xDDB2, 0xDE14, 0xE634, 0xEE55, 0xEE75,
    0xE675, 0xEE75, 0xEE75, 0xEE75, 0xEE95, 0xEE95, 0xEE95, 0xEE95, 0xEE95, 0xEE95, 0xEE95, 0xEE95, 0xEE95, 0xEE95, 0xEEB5, 0xEEB5,
    0xE654, 0xDE34, 0xE654, 0xE654, 0xE654, 0xE654, 0xE654, 0xE675, 0xEEB5, 0xDE13, 0xD591, 0xBCAE, 0xC530, 0xE675, 0xE675, 0xEEB7,
    0xEE96, 0xE696, 0xEED7, 0xEEB7, 0xE696, 0xEED7, 0xDE75, 0xB50F, 0x9307, 0x8A64, 0xBCAC, 0xD5D1, 0xEE74, 0xE673, 0xDD6E, 0xCC69,
    0xCCAA, 0xD4CA, 0xD4CA, 0xD4EB, 0xD4EB, 0xDCEB, 0xDD2C, 0xE54D, 0xE54D, 0xDD4C, 0xDD2B, 0xE5AE, 0xEE51, 0xEE93, 0xDDD0, 0xC4ED,
    0x8AE6, 0x69E2, 0x61C1, 0x61E2, 0x61E2, 0x61C2, 0x61C2, 0x61C2, 0x61C2, 0x61C2, 0x69E2, 0x7A64, 0x8284, 0x8AA4, 0x9B05, 0xA367,
    0xA347, 0x9B06, 0xA347, 0xB3EA, 0xD50E, 0xB3E9, 0xAB67, 0xABA7, 0xABA8, 0xB3C8, 0xB3E9, 0xB3E9, 0xB3E9, 0xB3E9, 0xABA8, 0xAB87,
    0xA387, 0xA367, 0xABA8, 0xBC0A, 0xBC4A, 0xBC2A, 0xB409, 0xB409, 0xB40A, 0xABC9, 0xABA8, 0xABA8, 0xABA8, 0xAB88, 0xA387, 0xA367,
    0x8AE5, 0x8AC5, 0x8AE5, 0x82E5, 0x82C5, 0x82C5, 0x82C4, 0x82C4, 0x82C5, 0x8B06, 0x8B06, 0x8B06, 0x9326, 0x9B47, 0x69A3, 0xDDD1,
    0xF651, 0xF672, 0xFE72, 0xF652, 0xF611, 0xF631, 0xFE92, 0xFE92, 0xF651, 0xF652, 0xFEB3, 0xFEF4, 0xFF16, 0xFF37, 0xFF98, 0xFFB9,
    0xFFB9, 0xFFB9, 0xFF99, 0xFFB9, 0xFFB9, 0xFF98, 0xFF99, 0xFFBA, 0xFFB9, 0xFF99, 0xFFB9, 0xFF99, 0xFF98, 0xFF98, 0xFFB9, 0xFFB9,
    0xFF99, 0xFF98, 0xFF78, 0xFF98, 0xFF99, 0xFF99, 0xFF99, 0xFFB9, 0xFFB9, 0xFFB9, 0xFFB9, 0xFFB9, 0xFFDA, 0xFFDA, 0xFFFD, 0xE6F7,
    0x5162, 0x82E8, 0xF6D7, 0xE675, 0xE655, 0xDE14, 0xDE14, 0xDE14, 0xE675, 0xF6F7, 0xEEF7, 0xB4AE, 0x9B47, 0xCD2E, 0xE611, 0xD5B0,
    0xDDB0, 0xDDB0, 0xDDB0, 0xDDB0, 0xDDB0, 0xD5B0, 0xD590, 0xD570, 0xD56F, 0xD590, 0xDE12, 0xEED5, 0xDE33, 0xCD70, 0xD570, 0xD5B1,
    0xDDF3, 0xE6B6, 0xF758, 0xE675, 0xDE13, 0xEE95, 0xF6F7, 0xF718, 0xEED7, 0xEE95, 0xE675, 0xEEB6, 0xEE96, 0xEEB6, 0xEEB6, 0xEED7,
    0xF6D7, 0xEEB6, 0xE675, 0xE675, 0xE675, 0xE675, 0xE675, 0xDE14, 0xDDF3, 0xD571, 0xD592, 0xE634, 0xE634, 0xEE75, 0xEE75, 0xEE75,
    0xEE75, 0xEE75, 0xEE75, 0xEE75, 0xEE75, 0xEE75, 0xE695, 0xE695, 0xEE95, 0xEE95, 0xEE95, 0xEE95, 0xEE95, 0xEE95, 0xEEB5, 0xEEB5,
    0xE654, 0xDE34, 0xE634, 0xE654, 0xE654, 0xE654, 0xE675, 0xE655, 0xEEB6, 0xCD91, 0x8AE7, 0xD5B2, 0xE675, 0xF6D7, 0xF6F7, 0xEE96,
    0xEE96, 0xEEB6, 0xE696, 0xEED7, 0xEEB7, 0xDE34, 0xB4CF, 0x59E3, 0xD4EC, 0xDD2C, 0xCCCB, 0xCC89, 0xDD6E, 0xE653, 0xEE93, 0xE611,
    0xD54D, 0xCC89, 0xDCEB, 0xDD0B, 0xDD2C, 0xE54C, 0xDD4C, 0xDD4D, 0xE54D, 0xE54D, 0xE56D, 0xDD4C, 0xDD2C, 0xDD4D, 0xCD4E, 0xDDD1,
    0xDDB0, 0xBCEE, 0x8B47, 0x61C1, 0x61E2, 0x61C2, 0x61C2, 0x61C2, 0x61C2, 0x61C2, 0x61C2, 0x7203, 0x8263, 0x8A84, 0x92C5, 0xA346,
    0xA326, 0xA347, 0xA346, 0xA347, 0xBC2A, 0xCCED, 0xCCAC, 0xB3C8, 0xB3C8, 0xB3E9, 0xB409, 0xB409, 0xB409, 0xB409, 0xABC8, 0xA387,
    0xAB87, 0xAB87, 0xAB87, 0xABA8, 0xBC09, 0xBC4A, 0xC46B, 0xC44B, 0xC46B, 0xBC4A, 0xBC4A, 0xBC0A, 0xB3E9, 0xABA8, 0xA367, 0x9B47,
    0x9326, 0x8AE5, 0x82C5, 0x82C5, 0x82C4, 0x82C5, 0x82E5, 0x8AE5, 0x82E5, 0x8B05, 0x8B06, 0x8B06, 0x8B06, 0x9347, 0x61A2, 0xD5B1,
    0xEE10, 0xEE31, 0xF651, 0xF652, 0xF652, 0xF652, 0xF651, 0xF652, 0xF672, 0xF652, 0xFEB3, 0xFED4, 0xFEF5, 0xFF36, 0xFF98, 0xFFB9,
    0xFFB9, 0xFFB9, 0xFF98, 0xFF78, 0xFF98, 0xFF99, 0xFFB9, 0xFFBA, 0xFFB9, 0xFFB9, 0xFFB9, 0xFFB9, 0xFFB9, 0xFFB9, 0xFFB9, 0xFF99,
    0xFF98, 0xFFB9, 0xFF99, 0xFF98, 0xFFB9, 0xFFB9, 0xFFB9, 0xFFD9, 0xFFB9, 0xFFB9, 0xFF99, 0xFFB9, 0xFFDA, 0xFFDA, 0xFFBA, 0xF799,
    0xE6D7, 0xDE95, 0xD5D3, 0xDE14, 0xE634, 0xDE35, 0xE655, 0xEEB7, 0xE676, 0xDE14, 0xD5D3, 0xDE14, 0xD5B2, 0xABCA, 0xABC9, 0xDDB0,
    0xE5F1, 0xDDB0, 0xDDB0, 0xDDB0, 0xDDB0, 0xD5B0, 0xD570, 0xD590, 0xDDF1, 0xEEB4, 0xEEB5, 0xCD91, 0xCD70, 0xD571, 0xD5B1, 0xDE74,
    0xF799, 0xE675, 0xD5B1, 0xDDD2, 0xDDD2, 0xDDF2, 0xEEB6, 0xEE96, 0xE675, 0xE695, 0xF738, 0xF717, 0xEED6, 0xEED6, 0xEEB6, 0xF718,
    0xEED7, 0xE675, 0xE675, 0xE675, 0xE675, 0xE675, 0xE655, 0xDE13, 0xDDF3, 0xE654, 0xE634, 0xE634, 0xEE75, 0xEE75, 0xEE75, 0xEE75,
    0xEE75, 0xEE75, 0xEE75, 0xEE75, 0xEE75, 0xEE75, 0xE695, 0xE695, 0xEE95, 0xEE95, 0xE695, 0xE695, 0xEE95, 0xE675, 0xE674, 0xE675,
    0xE654, 0xDE34, 0xE654, 0xE634, 0xEE95, 0xEEB6, 0xF6F7, 0xACAE, 0x7AA6, 0xBCAE, 0xEE96, 0xEE75, 0xEEB6, 0xEE96, 0xF6D7, 0xF6F7,
    0xEEB6, 0xE696, 0xEED7, 0xF717, 0xEEF7, 0xC551, 0x8B07, 0xBC4A, 0xCCAB, 0xCCAB, 0xD4EB, 0xD52C, 0xD50C, 0xD4CB, 0xDD6E, 0xEE52,
    0xE653, 0xE5F0, 0xD50C, 0xD4EB, 0xDD2C, 0xDD4C, 0xDD4C, 0xDD4C, 0xDD4D, 0xDD4D, 0xDD4C, 0xDD4D, 0xDD6D, 0xDD2C, 0xB3E8, 0x9B67,
    0x8B48, 0x9B8A, 0xBCCF, 0xBCEF, 0xAC6D, 0x61C2, 0x6181, 0x61A1, 0x61C2, 0x61C2, 0x61C2, 0x61C2, 0x7A23, 0x92A4, 0x92C4, 0x8AA4,
    0x92E5, 0xA346, 0xA367, 0xAB88, 0xA367, 0xA367, 0xB409, 0xD4EC, 0xBC09, 0xABC8, 0xB3E9, 0xB409, 0xB409, 0xB409, 0xB409, 0xA387,
    0xA367, 0xAB87, 0xAB87, 0xB3C9, 0xB3C8, 0xB3C9, 0xC46B, 0xC48B, 0xC48B, 0xBC4A, 0xABA8, 0xABC8, 0xABC8, 0xABA8, 0xA367, 0x9326,
    0x9347, 0x9326, 0x82C5, 0x82A4, 0x82C4, 0x82C4, 0x8AE5, 0x8B06, 0x8AE5, 0x8AE5, 0x8B06, 0x8B26, 0x9306, 0x82C5, 0x6182, 0x7204,
    0xF631, 0xF631, 0xF652, 0xF672, 0xF672, 0xF692, 0xF692, 0xFEB3, 0xFEB3, 0xF692, 0xFEB3, 0xFED4, 0xFF57, 0xFF98, 0xFFB9, 0xFFD9,
    0xFFB9, 0xFFB9, 0xFF98, 0xFF98, 0xFF98, 0xFF99, 0xFF99, 0xFF99, 0xFFB9, 0xFFDA, 0xFFDA, 0xFFB9, 0xFFB9, 0xFF98, 0xFF98, 0xFF98,
    0xFFB9, 0xFFB9, 0xFFB9, 0xFFB9, 0xFFB9, 0xFFDA, 0xFFB9, 0xFFD9, 0xFFB9, 0xFFB9, 0xFFB9, 0xFFBA, 0xFFDA, 0xFFDA, 0xFFDA, 0xFFB9,
    0xFFFC, 0xE6F7, 0x59A2, 0xCD92, 0xE696, 0xEED7, 0xE6B7, 0xDE35, 0xDE15, 0xDE14, 0xDE14, 0xD614, 0xD5F3, 0xC510, 0xBCCE, 0x9B28,
    0x92E6, 0xD54F, 0xDDF1, 0xDDB0, 0xDDB0, 0xD570, 0xD590, 0xE632, 0xEE94, 0xD571, 0xCD70, 0xCD70, 0xCD71, 0xD5B1, 0xEEF7, 0xEED6,
    0xD5D2, 0xD5B1, 0xD5D1, 0xD591, 0xDE12, 0xEEB5, 0xDE34, 0xDE13, 0xE654, 0xF738, 0xF717, 0xEED6, 0xF6D6, 0xEEB6, 0xF6F7, 0xEEB6,
    0xEEB6, 0xEEB6, 0xE675, 0xE675, 0xE675, 0xE675, 0xE655, 0xE634, 0xE634, 0xE654, 0xE655, 0xEE75, 0xEE75, 0xEE75, 0xEE75, 0xEE75,
    0xEE75, 0xEE75, 0xEE75, 0xEE75, 0xEE76, 0xEE75, 0xE695, 0xE695, 0xE695, 0xEE95, 0xEE95, 0xEE95, 0xEEB5, 0xE654, 0xDE34, 0xE634,
    0xDE34, 0xE654, 0xEEB6, 0xF717, 0xCD50, 0xA3CA, 0xA3EB, 0xBCAE, 0xCD71, 0xDDD3, 0xEEB6, 0xEE96, 0xEE96, 0xEEB6, 0xEE96, 0xF6F8,
    0xEED7, 0xF718, 0xC510, 0x8B08, 0x8B28, 0xBD0F, 0xE632, 0xD4EB, 0xCCCB, 0xCCAA, 0xCCEB, 0xD50C, 0xD50C, 0xD50C, 0xD50C, 0xD4CB,
    0xDD8E, 0xE611, 0xE652, 0xDDCF, 0xDD2C, 0xDD2C, 0xDD4C, 0xDD4D, 0xDD4D, 0xDD4D, 0xDD4D, 0xDD4D, 0xDD2C, 0xDD2C, 0xBC49, 0xA387,
    0x7A64, 0x61A2, 0x6A24, 0x7244, 0x8B07, 0xC4CE, 0xC4CE, 0x7AA5, 0x5981, 0x61C2, 0x61C2, 0x69C2, 0x7A22, 0x8AA3, 0x8AA4, 0x8AA4,
    0x92C4, 0x92C5, 0xA347, 0xAB88, 0xAB88, 0xAB88, 0xAB88, 0xB3E9, 0xCCCC, 0xCCAC, 0xB3E9, 0xB3E9, 0xB409, 0xB409, 0xB409, 0xABA8,
    0xA367, 0xA366, 0xA367, 0xAB87, 0xB3C8, 0xB3E9, 0xBC2A, 0xC46B, 0xC46B, 0xC46B, 0xBC2A, 0xABA8, 0xAB88, 0xAB88, 0xA387, 0x8B05,
    0x8AE5, 0x8B06, 0x8B06, 0x8AE5, 0x82A4, 0x82C4, 0x8AE5, 0x8AE6, 0x82C5, 0x82C5, 0x82E5, 0x8AE5, 0x9B67, 0xA3A8, 0xA3A8, 0x71E3,
    0xEE31, 0xF651, 0xFE92, 0xF692, 0xFEB3, 0xFED3, 0xFEF4, 0xFF15, 0xFEF4, 0xFEF4, 0xFED4, 0xF6B3, 0xFEF5, 0xFF98, 0xFFDA, 0xFFDA,
    0xFFB9, 0xFFB9, 0xFFB9, 0xFFB9, 0xFF99, 0xFF98, 0xFF78, 0xFFB9, 0xFFDA, 0xFFDA, 0xFFD9, 0xFFB9, 0xFFB9, 0xFFB9, 0xFFB9, 0xFFB9,
    0xFFB9, 0xFFB9, 0xFFB9, 0xFFB9, 0xFFB9, 0xFFB9, 0xFFB9, 0xFFB9, 0xFFB9, 0xFFDA, 0xFFBA, 0xFFDA, 0xFFBA, 0xFFDA, 0xFFDA, 0xFFB9,
    0xFFDA, 0xF758, 0xA46E, 0xB4AF, 0xF738, 0xDE76, 0xDE35, 0xDE35, 0xDE35, 0xDE35, 0xD614, 0xD614, 0xD5F4, 0xDE35, 0xD5F3, 0xB46D,
    0xAC2C, 0x9B88, 0x9B47, 0xB42B, 0xD54F, 0xE673, 0xF6F5, 0xD5D1, 0xCD70, 0xD591, 0xD571, 0xCD71, 0xE695, 0xEF17, 0xDE33, 0xD591,
    0xD5B1, 0xD5B1, 0xD591, 0xDE33, 0xE675, 0xDE33, 0xD5D2, 0xDE13, 0xEEB6, 0xEEF6, 0xE675, 0xE675, 0xE675, 0xE675, 0xF717, 0xDE34,
    0xE675, 0xEE95, 0xDE34, 0xE655, 0xE675, 0xE655, 0xE654, 0xE654, 0xE654, 0xE675, 0xE675, 0xEE95, 0xEE75, 0xEE75, 0xEE75, 0xEE75,
    0xEE95, 0xEE95, 0xEE95, 0xE655, 0xE675, 0xEE96, 0xEE96, 0xEE96, 0xE695, 0xE675, 0xEE95, 0xE675, 0xE654, 0xE654, 0xE654, 0xE675,
    0xEE96, 0xD591, 0xAC2B, 0xB48D, 0xAC0C, 0xA3EB, 0xA3CB, 0xD5B2, 0xF6F7, 0xEE96, 0xEE96, 0xEE96, 0xEE96, 0xEEB6, 0xEE96, 0xEE96,
    0xF738, 0xBD0F, 0x9307, 0x9B06, 0x92E5, 0xB409, 0xEE52, 0xE632, 0xD52D, 0xD52D, 0xD4EC, 0xD4EC, 0xDD4D, 0xDD4D, 0xD52D, 0xD52D,
    0xD50C, 0xCCCB, 0xDDAF, 0xEEB4, 0xF6B4, 0xDD8E, 0xDD6C, 0xDD4C, 0xDD6D, 0xDD6D, 0xDD4D, 0xE56D, 0xCCEB, 0xB3E8, 0xABC8, 0xABE8,
    0xA387, 0x6A02, 0x61C2, 0x61A2, 0x69C2, 0x7A64, 0x8285, 0xB44C, 0xBC8D, 0x9348, 0x61A2, 0x61C2, 0x7202, 0x8AA4, 0x92C4, 0x92C4,
    0x92C4, 0x92A4, 0x9B26, 0xAB88, 0xAB88, 0xAB88, 0xABA8, 0xAB88, 0xB3E9, 0xCCCD, 0xCD0E, 0xB42A, 0xB3C8, 0xB3E9, 0xB3E9, 0xB3E9,
    0xABA8, 0xAB87, 0xAB87, 0xA367, 0xABA8, 0xB3C9, 0xB3C9, 0xBC2A, 0xC46B, 0xCC8B, 0xC46B, 0xBC0A, 0xB3C8, 0xA387, 0x9B46, 0x9305,
    0x82A4, 0x82C5, 0x8B26, 0x8B06, 0x7AA4, 0x82C5, 0x8AE6, 0x82E5, 0x8AE5, 0x82C5, 0x82C5, 0x82C5, 0x9B46, 0xB409, 0xBC2A, 0x7203,
    0xF631, 0xF651, 0xFE92, 0xF692, 0xFEB3, 0xFED3, 0xFEF4, 0xFF15, 0xFF15, 0xFF15, 0xFED4, 0xFE93, 0xFEF5, 0xFF98, 0xFFB9, 0xFFB9,
    0xFFB9, 0xFFDA, 0xFFDA, 0xFFDA, 0xFFB9, 0xFF98, 0xFF99, 0xFFB9, 0xFFDA, 0xFFB9, 0xFFB9, 0xFFB9, 0xFF99, 0xFFB9, 0xFFB9, 0xFFB9,
    0xFFB9, 0xFFB9, 0xFFB9, 0xFFD9, 0xFFB9, 0xFFB9, 0xFFB9, 0xFFDA, 0xFFDA, 0xFFDA, 0xFFFA, 0xFFDA, 0xFF99, 0xFFB9, 0xFFDA, 0xFFDA,
    0xFFBA, 0xFFFA, 0xFFDA, 0x9C0C, 0xA42C, 0xDE75, 0xDE55, 0xDE35, 0xDE55, 0xDE55, 0xD614, 0xDE14, 0xD614, 0xD5F3, 0xD5F4, 0xDE55,
    0xDE34, 0xC510, 0xBCEF, 0xB4AE, 0xCD91, 0xE674, 0xC52F, 0xDDB2, 0xDDD2, 0xD5B1, 0xD5B2, 0xF716, 0xEED5, 0xD591, 0xD591, 0xD5B1,
    0xD5B1, 0xD591, 0xDE34, 0xEEF7, 0xDE34, 0xD5D2, 0xD5D2, 0xE674, 0xEED6, 0xDE34, 0xDE34, 0xE675, 0xDE34, 0xEEB6, 0xEED6, 0xDE14,
    0xEE96, 0xE655, 0xDE13, 0xDE34, 0xE655, 0xE655, 0xE655, 0xE654, 0xE654, 0xE655, 0xE655, 0xEE75, 0xEE75, 0xEE95, 0xEE75, 0xEE75,
    0xEE75, 0xEE95, 0xEE75, 0xE654, 0xE675, 0xEE96, 0xEE95, 0xEE95, 0xE675, 0xDE34, 0xE634, 0xDE34, 0xDE34, 0xE634, 0xE654, 0xD591,
    0xD5B2, 0xBC8D, 0xA3A9, 0x9B69, 0xBCEF, 0xEEB6, 0xF6D7, 0xEE96, 0xE675, 0xEE76, 0xEE96, 0xEE96, 0xEE96, 0xEE96, 0xEE96, 0xF6F7,
    0xCDB2, 0xAC2C, 0xA367, 0xDD8D, 0xD54C, 0xD52B, 0xD50C, 0xEE93, 0xDDF0, 0xDD6E, 0xDD8E, 0xD50C, 0xD52C, 0xDD8E, 0xDD8E, 0xDD8E,
    0xE58E, 0xE58E, 0xDD6E, 0xE58E, 0xE611, 0xFF36, 0xEE52, 0xDD8E, 0xDD6D, 0xDD6D, 0xE56D, 0xDD2C, 0xD4EC, 0xBC29, 0xABE8, 0xA367,
    0x8B06, 0x7243, 0x61C2, 0x69E2, 0x69C2, 0x61A1, 0x61A1, 0x7223, 0x7224, 0x9B89, 0xC4AD, 0xA3CA, 0x8284, 0x92C5, 0x8A84, 0x8AA4,
    0x92C4, 0x92C5, 0x92E5, 0xAB88, 0xB3A8, 0xABA8, 0xABA8, 0xAB88, 0xAB87, 0xABC8, 0xC48C, 0xD54F, 0xC48C, 0xABC9, 0xB3E9, 0xA367,
    0x9B26, 0xA367, 0xAB87, 0xAB87, 0xAB88, 0xB3C9, 0xB3C9, 0xB3C9, 0xBC09, 0xC44B, 0xC46B, 0xBC2A, 0xB3E9, 0xB3E9, 0xAB88, 0x9305,
    0x82C5, 0x82C5, 0x8AE5, 0x82C5, 0x7A84, 0x82C4, 0x82E5, 0x8AE5, 0x8B06, 0x82C5, 0x8AE5, 0x9306, 0x9B46, 0xB3E8, 0xB3E9, 0x71E3,
    0xEE10, 0xF631, 0xF672, 0xEE31, 0xF672, 0xFED4, 0xFEF4, 0xFEF4, 0xFEB4, 0xFED4, 0xFEB3, 0xF693, 0xFF15, 0xFF98, 0xFF98, 0xFF78,
    0xFFB9, 0xFFDA, 0xFFBA, 0xFFB9, 0xFFB9, 0xFFB9, 0xFFB9, 0xFFB9, 0xFFB9, 0xFFB9, 0xFFB9, 0xFFB9, 0xFF99, 0xFF99, 0xFF99, 0xFFB9,
    0xFFB9, 0xFFB9, 0xFFB9, 0xFFB9, 0xFF99, 0xFFB9, 0xFFD9, 0xFFDA, 0xFFB9, 0xFFB9, 0xFFB9, 0xFF99, 0xFF99, 0xFFD9, 0xFFDA, 0xFFDA,
    0xFFBA, 0xFFB9, 0xFFDA, 0xFF79, 0x82E7, 0xA40C, 0xDE55, 0xE676, 0xDE35, 0xDE35, 0xDE14, 0xDE14, 0xDE14, 0xDE14, 0xD614, 0xD5F3,
    0xD5F3, 0xE676, 0xEED7, 0xFF9A, 0xC551, 0xA3EB, 0xAC2C, 0xB48C, 0xA42B, 0xC570, 0xF757, 0xE695, 0xCD71, 0xD591, 0xD591, 0xD591,
    0xD591, 0xE654, 0xEF17, 0xDDF3, 0xD5D2, 0xD5D2, 0xDE13, 0xEEF6, 0xE654, 0xDE13, 0xE675, 0xE654, 0xE655, 0xEEF7, 0xD5F3, 0xEED6,
    0xE675, 0xDE14, 0xDE34, 0xDE34, 0xDE34, 0xE655, 0xE655, 0xE655, 0xE655, 0xE655, 0xE675, 0xEE75, 0xEE75, 0xEE75, 0xEE75, 0xEE75,
    0xEE75, 0xE675, 0xE675, 0xE675, 0xE654, 0xE654, 0xE634, 0xE634, 0xDE34, 0xDE34, 0xE654, 0xE654, 0xE634, 0xE634, 0xDDF3, 0x9B89,
    0x8B07, 0xA3CB, 0xEE75, 0xEE96, 0xE696, 0xEE76, 0xEE76, 0xEE76, 0xEE96, 0xEE76, 0xEE96, 0xEE96, 0xEE96, 0xEE96, 0xEED7, 0xAC0C,
    0x7A45, 0xCD91, 0xEE73, 0xCD0C, 0xCD0C, 0xD50C, 0xD50C, 0xD54D, 0xEE52, 0xDD8F, 0xDD8E, 0xE5EF, 0xD52D, 0xD52D, 0xDD4D, 0xE5AF,
    0xE5AF, 0xE5CF, 0xE5CF, 0xE5CF, 0xDD8E, 0xDD8F, 0xEEB4, 0xF6F5, 0xE5F0, 0xE58D, 0xE5AE, 0xD52C, 0xC48A, 0xC46A, 0xB409, 0x8AC5,
    0x61E2, 0x6A03, 0x7243, 0x6A03, 0x61C2, 0x69C2, 0x7202, 0x71E2, 0x69C2, 0x7203, 0x7223, 0x9327, 0xD52E, 0xC4AC, 0xA347, 0x9B26,
    0x8A84, 0x92A4, 0x9AE5, 0xA347, 0xAB88, 0xB3A8, 0xB3C9, 0xB3C9, 0xB3C9, 0xB3E9, 0xB3C9, 0xBC2B, 0xCD0E, 0xCD0E, 0xB409, 0xB3C9,
    0xA347, 0x9B06, 0xA367, 0xAB87, 0xAB87, 0xB3A8, 0xB3C9, 0xB3C9, 0xB3E9, 0xB3C9, 0xABA8, 0xABA8, 0x9B26, 0x9B26, 0xA367, 0x9326,
    0x82C5, 0x82C5, 0x82A5, 0x7AA4, 0x7AA4, 0x7AA4, 0x82A4, 0x82C5, 0x8AE5, 0x8B06, 0x9326, 0xAB88, 0xABA8, 0xB3E8, 0xB409, 0xABC8,
    0xEDF0, 0xEE10, 0xEE10, 0xEE11, 0xF672, 0xFEB3, 0xFED4, 0xFED4, 0xF693, 0xF672, 0xF692, 0xFEB3, 0xF6F4, 0xFF16, 0xFF57, 0xFF98,
    0xFFDA, 0xFFDA, 0xFFDA, 0xFFB9, 0xFFB9, 0xFFB9, 0xFFB9, 0xFFB9, 0xFFB9, 0xFFB9, 0xFFB9, 0xFF99, 0xFFB9, 0xFF99, 0xFF99, 0xFFB9,
    0xFFB9, 0xFFB9, 0xFF98, 0xFF78, 0xFF99, 0xFFB9, 0xFFB9, 0xFFB9, 0xFF98, 0xFF98, 0xFF98, 0xFFB9, 0xFFDA, 0xFFDA, 0xFFB9, 0xFFB9,
    0xFFBA, 0xFFB9, 0xFF99, 0xFFB9, 0xE6B5, 0xB4CE, 0xA42D, 0xCD93, 0xE676, 0xDE15, 0xDE34, 0xDE35, 0xDE14, 0xD614, 0xD5F3, 0xDE55,
    0xE696, 0xEEB6, 0xE696, 0xDE14, 0xD5F3, 0xDE13, 0xD5B2, 0xB4AE, 0xCD92, 0xB4EF, 0x9BAA, 0xA3CB, 0xD591, 0xD5B2, 0xD591, 0xD591,
    0xDE33, 0xEEF7, 0xD5D2, 0xD5D2, 0xDDD2, 0xDE33, 0xEEF7, 0xE654, 0xDE13, 0xE695, 0xE675, 0xDE13, 0xEEB6, 0xE695, 0xD613, 0xEED7,
    0xE655, 0xDE34, 0xDE34, 0xDE34, 0xDE34, 0xE634, 0xE675, 0xE655, 0xE675, 0xE675, 0xEE75, 0xEE75, 0xEE75, 0xE675, 0xE675, 0xE675,
    0xEE95, 0xE655, 0xE654, 0xE654, 0xE654, 0xE654, 0xE655, 0xE675, 0xE675, 0xEE95, 0xC530, 0xBCCE, 0xB46D, 0x9B89, 0x9BAA, 0xD5B2,
    0xDE14, 0xDDD3, 0xD614, 0xE655, 0xEE96, 0xEE96, 0xEE76, 0xEE96, 0xEE96, 0xEE96, 0xEE96, 0xEEB6, 0xEEB6, 0xEEB7, 0xCD51, 0x9B89,
    0xA348, 0xCD2F, 0xF6F6, 0xDD8E, 0xD54D, 0xD54D, 0xD52C, 0xD52C, 0xDD6E, 0xEE72, 0xDD8F, 0xE58F, 0xE5F0, 0xDD6E, 0xD52D, 0xDD8E,
    0xE5CF, 0xE5AF, 0xDDAF, 0xDD8E, 0xDD6E, 0xDD6D, 0xDD4E, 0xE632, 0xF716, 0xEE93, 0xE5EF, 0xE5AE, 0xEDCE, 0xCCEB, 0xB3E9, 0x9305,
    0x61C1, 0x61E2, 0x7243, 0x7203, 0x61C2, 0x69C2, 0x7203, 0x7A23, 0x7203, 0x7202, 0x71E2, 0x7202, 0x71E2, 0x9B27, 0xCCCD, 0xC48C,
    0xA3A8, 0x9B26, 0x92A4, 0x9AE5, 0xA326, 0xABA8, 0xB3E9, 0xB3E9, 0xB3E9, 0xB3C9, 0xB3E9, 0xB3C9, 0xB3E9, 0xC48C, 0xDD4E, 0xC46B,
    0xAB88, 0x9B47, 0xA367, 0xAB88, 0xA367, 0xAB88, 0xB3A8, 0xB3C9, 0xB3E9, 0xB3C8, 0xA367, 0xA367, 0x9306, 0x8AE5, 0x8AE5, 0x8AE5,
    0x82C5, 0x82C5, 0x82A4, 0x7A83, 0x7A83, 0x7AA4, 0x82A4, 0x82A4, 0x82A4, 0x9B26, 0xA367, 0xA367, 0xABA7, 0xB3E8, 0xBC29, 0xBC49,
    0xEDF0, 0xEE10, 0xF651, 0xF672, 0xF692, 0xFEB3, 0xFEB3, 0xF693, 0xF672, 0xF672, 0xF692, 0xFED3, 0xFEF5, 0xF716, 0xFF57, 0xFFDA,
    0xFFBA, 0xFFDA, 0xFFFA, 0xFFFA, 0xFFB9, 0xFF99, 0xFFB9, 0xFFB9, 0xFFD9, 0xFFB9, 0xFFB9, 0xFFB9, 0xFFB9, 0xFF99, 0xFFB9, 0xFFB9,
    0xFF99, 0xFF99, 0xFF99, 0xFF99, 0xFFB9, 0xFFB9, 0xFFB9, 0xFFB9, 0xFFB9, 0xFFB9, 0xFFBA, 0xFFDA, 0xFFB9, 0xFFB9, 0xFFB9, 0xFFB9,
    0xFF99, 0xFFB8, 0xFFB8, 0xFFB9, 0xFFDA, 0xFFFB, 0x8B69, 0xAC4D, 0xE6B6, 0xDE35, 0xDE35, 0xDE14, 0xDE14, 0xDE35, 0xE696, 0xE696,
    0xE696, 0xDE14, 0xD5D3, 0xD5F4, 0xDE14, 0xD614, 0xDE34, 0xFF59, 0xEED7, 0xCDB2, 0xBCCF, 0xAC4D, 0x9B8A, 0x9BCB, 0xC530, 0xDE34,
    0xF717, 0xD5F3, 0xDE13, 0xE613, 0xDDF2, 0xEF37, 0xE695, 0xDE14, 0xE654, 0xEE95, 0xDE34, 0xDE34, 0xEEF7, 0xD5F3, 0xDE34, 0xEEB6,
    0xDE14, 0xDE34, 0xDE34, 0xDE34, 0xDE34, 0xDE34, 0xDE14, 0xDE14, 0xDE14, 0xDE14, 0xE654, 0xEE75, 0xE655, 0xE675, 0xE675, 0xE695,
    0xE675, 0xE655, 0xE655, 0xE655, 0xE655, 0xE655, 0xD5D3, 0xCD51, 0xCD91, 0xD5B2, 0xAC2C, 0x9349, 0xBC8E, 0xCD30, 0xC530, 0xDE14,
    0xDE35, 0xE635, 0xE675, 0xE676, 0xEE96, 0xEE96, 0xEE96, 0xEE96, 0xEE96, 0xEE96, 0xEE96, 0xEEB6, 0xEEB6, 0xF6F8, 0x82A7, 0xAC0A,
    0xEE31, 0xD56E, 0xDDF1, 0xE673, 0xD56E, 0xDD6D, 0xDD4D, 0xDD6E, 0xDD6D, 0xE5F0, 0xEE73, 0xDD6E, 0xE5AF, 0xEE10, 0xDD6E, 0xDD6E,
    0xE5AF, 0xE5CF, 0xE5CF, 0xE5AF, 0xE58F, 0xDD8E, 0xDD8E, 0xE58E, 0xE5F0, 0xF716, 0xF6F5, 0xDDAF, 0xDD6D, 0xCCAB, 0xA388, 0x7243,
    0x61E2, 0x61E2, 0x61C1, 0x61C2, 0x61C2, 0x61C1, 0x6A02, 0x7A23, 0x7A43, 0x7A42, 0x7A43, 0x7A43, 0x7A43, 0x8243, 0x7A22, 0x92E5,
    0xCCED, 0xC48C, 0xBC2A, 0xB409, 0xA367, 0xAB87, 0xB3C8, 0xB3C8, 0xB3A8, 0xB3A8, 0xB3C8, 0xB3E8, 0xB3C8, 0xB3A8, 0xBC0A, 0xD4ED,
    0xCCCC, 0xB409, 0xABA8, 0xA367, 0xAB87, 0xAB88, 0xB3C9, 0xB3C9, 0xB3C9, 0xB3C9, 0xB3C9, 0xB3A8, 0xA367, 0x92E5, 0x8AE5, 0x8AE5,
    0x8AE5, 0x82C5, 0x82C5, 0x8AE5, 0x8AE5, 0x82A4, 0x82A4, 0x82A4, 0x9305, 0xA367, 0xB3C8, 0xB409, 0xBC29, 0xBC29, 0xBC29, 0xBC09,
    0xEE10, 0xEE31, 0xEE31, 0xF672, 0xF692, 0xF693, 0xFEB3, 0xF693, 0xF672, 0xF672, 0xFEB3, 0xFED4, 0xFF15, 0xFF57, 0xFFB9, 0xFFDA,
    0xFFB9, 0xFFDA, 0xFFDA, 0xFFB9, 0xFFB8, 0xFFB9, 0xFF99, 0xFFB9, 0xFFB9, 0xFFB9, 0xFFB9, 0xFF99, 0xFF99, 0xFFB9, 0xFFB9, 0xFF99,
    0xFF99, 0xFF98, 0xFFB9, 0xFFDA, 0xFFB9, 0xFF99, 0xFFB9, 0xFFB9, 0xFFB9, 0xFFDA, 0xFFDA, 0xFFB9, 0xFFB9, 0xFFB9, 0xFFB9, 0xFF98,
    0xFF98, 0xFFB8, 0xFFB8, 0xFFB9, 0xFFB8, 0xFFB9, 0xFF98, 0x8B28, 0xBCEF, 0xDE34, 0xDE55, 0xE675, 0xE6B6, 0xEEB7, 0xDE55, 0xD614,
    0xD5D3, 0xD5F4, 0xD614, 0xD5F4, 0xD5D3, 0xDE14, 0xF718, 0xE695, 0xD5D2, 0xD5F3, 0xDE34, 0xD5F3, 0xCD71, 0xCD71, 0xD5F3, 0xE675,
    0xA40C, 0xAC2C, 0xA40B, 0xB46D, 0xF758, 0xE6B6, 0xE654, 0xDE13, 0xEE95, 0xDE34, 0xD5D2, 0xEEF6, 0xDE54, 0xD5F3, 0xE675, 0xEE75,
    0xDE14, 0xDE34, 0xDE14, 0xDE13, 0xDE13, 0xDDF3, 0xDDF3, 0xDE13, 0xDE13, 0xDE13, 0xDE13, 0xDDF3, 0xDDF3, 0xDE13, 0xDE34, 0xDE34,
    0xDE34, 0xDE34, 0xE654, 0xE655, 0xE655, 0xEE95, 0xC50F, 0x9327, 0x9B68, 0x9B48, 0xCD0F, 0xDDF3, 0xDE14, 0xDE55, 0xDE55, 0xDE34,
    0xDE34, 0xE655, 0xEE96, 0xEE96, 0xEE96, 0xEE96, 0xEE96, 0xEE96, 0xEE96, 0xEE96, 0xEE96, 0xEE96, 0xF718, 0xC510, 0x7204, 0xB42A,
    0xDDD0, 0xDDB0, 0xDD8F, 0xEED5, 0xDDAF, 0xDD6E, 0xDD8E, 0xDD8E, 0xDD8E, 0xDD6E, 0xEE52, 0xEE31, 0xDD4D, 0xDDAF, 0xEE10, 0xDD8E,
    0xDD6E, 0xE5AF, 0xE5AF, 0xE5CF, 0xE5AF, 0xDDAF, 0xE5CF, 0xE58E, 0xDD8E, 0xDD8F, 0xEE73, 0xF6D4, 0xE631, 0xCCEC, 0xA3A8, 0x59A1,
    0x61E2, 0x61E2, 0x61C2, 0x61C1, 0x61C1, 0x61C2, 0x61A2, 0x69C2, 0x7A23, 0x7A23, 0x7A43, 0x8243, 0x8263, 0x92C5, 0x9AE5, 0x9AE5,
    0x92A4, 0xA346, 0xBC4B, 0xCCAC, 0xCCCC, 0xC46B, 0xAB87, 0xAB87, 0xABA8, 0xABA8, 0xB3A8, 0xB3C8, 0xB3C8, 0xB3E9, 0xB3E9, 0xB3E9,
    0xC44A, 0xD50D, 0xCCCC, 0xB3E9, 0xB3C8, 0xAB88, 0xB3C9, 0xB3C9, 0xB3C9, 0xB3C9, 0xB3C9, 0xAB87, 0x9B47, 0x9305, 0x8AE5, 0x8AE5,
    0x8AE5, 0x82C4, 0x8AE5, 0x9B47, 0x9B47, 0x9306, 0x8AC5, 0x82A4, 0x9B46, 0xBC09, 0xBBE8, 0xBC29, 0xBC29, 0xBC29, 0xC46A, 0xBC4A,
    0xF631, 0xF651, 0xEE31, 0xEE31, 0xF672, 0xF672, 0xFEB3, 0xFEB3, 0xF692, 0xF692, 0xFEB3, 0xFED4, 0xFF15, 0xFF98, 0xFFDA, 0xFFB9,
    0xFFB9, 0xFFB9, 0xFFB9, 0xFFB9, 0xFFB8, 0xFF98, 0xFF98, 0xFFB9, 0xFFB9, 0xFFB9, 0xFF99, 0xFF98, 0xFF99, 0xFFB9, 0xFF99, 0xFFB9,
    0xFFB9, 0xFFB9, 0xFFB9, 0xFF99, 0xFF99, 0xFF98, 0xFF99, 0xFF99, 0xFFB9, 0xFFB9, 0xFFB9, 0xFFB9, 0xFFD9, 0xFFB9, 0xFF78, 0xFFB8,
    0xFFD9, 0xFFB8, 0xFF98, 0xFF98, 0xFFB8, 0xFF98, 0xFFD9, 0xCDF2, 0x7204, 0x8308, 0xE696, 0xF718, 0xE6B6, 0xD614, 0xD5F4, 0xD5F4,
    0xD614, 0xD5F4, 0xD5F4, 0xD5F3, 0xDE55, 0xF758, 0xE695, 0xD5F3, 0xD5F3, 0xD5F3, 0xD5F3, 0xDE14, 0xDE14, 0xEED6, 0xF738, 0xC550,
    0xA40B, 0xAC2C, 0x9BEB, 0xC571, 0xCD91, 0xAC4C, 0xA3EB, 0xD5F2, 0xEED6, 0xDE13, 0xE654, 0xE695, 0xD5F3, 0xD5F3, 0xEEB6, 0xD5D3,
    0xD5D3, 0xD5D3, 0xD5D3, 0xD5F3, 0xDE13, 0xDE13, 0xD5F3, 0xBCEF, 0xBCEF, 0xC50F, 0xC530, 0xC530, 0xC530, 0xC510, 0xD5B2, 0xDE14,
    0xDE13, 0x9BCA, 0x8B07, 0x9348, 0x9369, 0x8B28, 0xB4AD, 0xDDF3, 0xD5B2, 0xD5B2, 0xDE14, 0xDE14, 0xDE14, 0xE655, 0xE676, 0xE696,
    0xEE96, 0xE696, 0xE676, 0xEE96, 0xEE96, 0xEE96, 0xE696, 0xE696, 0xEE96, 0xF6F8, 0xFF59, 0xA42C, 0x8286, 0x9307, 0xCCCD, 0xCD2E,
    0xD56F, 0xDD8F, 0xDDB0, 0xDE12, 0xE652, 0xDDAF, 0xDD8E, 0xDD8E, 0xDDAF, 0xDD8E, 0xE5F0, 0xEE93, 0xDDAF, 0xE56E, 0xE5AF, 0xE610,
    0xDD8E, 0xDD6E, 0xDD8E, 0xDDAE, 0xE5F0, 0xEDF0, 0xEDF0, 0xE5AF, 0xDD8F, 0xDD8F, 0xDD6E, 0xEE52, 0xEEB4, 0xDDF1, 0xC52E, 0xA40A,
    0x61C1, 0x61A1, 0x61E2, 0x61C1, 0x61C2, 0x61C2, 0x61C2, 0x69E2, 0x7223, 0x7A43, 0x8243, 0x8263, 0x8A83, 0x9AC4, 0x9AE5, 0x9B05,
    0xA325, 0xA325, 0x9B25, 0xAB87, 0xBC2A, 0xBC4A, 0xCCAC, 0xCC8B, 0xB3E9, 0xA387, 0xAB87, 0xAB88, 0xB3A8, 0xB3E9, 0xBBE9, 0xBBE9,
    0xB3C8, 0xB3C8, 0xC48B, 0xD4AC, 0xD4CC, 0xBC2A, 0xB3E9, 0xB3C9, 0xB3C8, 0xB3C8, 0xB3C8, 0xA346, 0x92E5, 0x92E5, 0x8AE5, 0x8AC5,
    0x82A4, 0x82A4, 0x82A5, 0x8AC5, 0x8AA4, 0x9B05, 0xAB87, 0xAB87, 0xB3A8, 0xBC09, 0xBC09, 0xBC29, 0xC449, 0xC44A, 0xD4EC, 0xCCCC,
    0xEDF0, 0xF610, 0xF631, 0xF651, 0xF672, 0xF672, 0xFEB3, 0xFED3, 0xFED3, 0xFEB3, 0xFEB3, 0xFED3, 0xFEF4, 0xFF36, 0xFF77, 0xFF98,
    0xFF98, 0xFF98, 0xFF98, 0xFFB9, 0xFFB9, 0xFF98, 0xFF98, 0xFF99, 0xFFB9, 0xFF99, 0xFF99, 0xFF99, 0xFF99, 0xFF99, 0xFF99, 0xFFB9,
    0xFFB9, 0xFFDA, 0xFFB9, 0xFF99, 0xFF98, 0xFF78, 0xFF99, 0xFFB9, 0xFFB9, 0xFFB9, 0xFF98, 0xFF98, 0xFF98, 0xFF98, 0xFF98, 0xFFB9,
    0xFFB8, 0xFFB8, 0xFF77, 0xFF36, 0xFF56, 0xFF77, 0xFF97, 0xFF77, 0xE6D5, 0xC570, 0x69C4, 0x6983, 0x938A, 0xEE96, 0xDE14, 0xDE14,
    0xDE14, 0xDE14, 0xD5F4, 0xDE55, 0xF738, 0xDE34, 0xD5D3, 0xD5F3, 0xD5F3, 0xD5F3, 0xDE13, 0xD5F3, 0xDE75, 0xE696, 0xDE34, 0xD5D3,
    0xDE14, 0xD613, 0xE6D6, 0xF738, 0xC530, 0xBCAE, 0xBCEF, 0xC510, 0xBCEF, 0xB48E, 0xE675, 0xDE54, 0xD5D2, 0xDE13, 0xEED6, 0xDE14,
    0xDDF3, 0xDDF3, 0xDE14, 0xD5B2, 0xBCCE, 0xC50F, 0xBCEF, 0xBCAE, 0xBCCF, 0xBCCE, 0xBCCF, 0xBCEF, 0xBCEF, 0xBCEF, 0xB48D, 0xB48D,
    0xB46D, 0xB48E, 0xB48E, 0xB48D, 0xB48E, 0xAC4C, 0xC530, 0xDE14, 0xDDF3, 0xDDF3, 0xDE14, 0xDE35, 0xE655, 0xE696, 0xE696, 0xE696,
    0xE696, 0xE696, 0xE696, 0xEE96, 0xEE96, 0xEE96, 0xEEB6, 0xEEB7, 0xF6F7, 0xC530, 0xB48D, 0x9BAA, 0xA3A9, 0xB44B, 0xD58F, 0xD56F,
    0xCD2E, 0xD56F, 0xDDB0, 0xDD8F, 0xF6F5, 0xDDD0, 0xDD8E, 0xDD8F, 0xDD8E, 0xDDAF, 0xDD8E, 0xEE31, 0xEE52, 0xDD8E, 0xDD8E, 0xE5AF,
    0xE5CF, 0xDD8E, 0xDD8E, 0xDD8E, 0xE5CF, 0xE5F0, 0xE5F0, 0xE5F0, 0xE5CF, 0xDDAF, 0xDDAF, 0xD52D, 0xE5D0, 0xE632, 0xC4ED, 0xAC4B,
    0xB46C, 0x7244, 0x5160, 0x61C2, 0x61C2, 0x61A2, 0x61A2, 0x69E2, 0x7202, 0x7202, 0x7A22, 0x92C4, 0x92C4, 0x92C4, 0x9AC4, 0x9AE4,
    0xAB66, 0xAB66, 0xAB66, 0xAB87, 0xA366, 0xAB87, 0xBC29, 0xC44A, 0xCCCD, 0xD52E, 0xCCAC, 0xAB87, 0xABA8, 0xB3A8, 0xB3E9, 0xBBE9,
    0xBBE9, 0xB3E9, 0xB3E9, 0xB3C9, 0xBC2A, 0xCC8B, 0xD4CC, 0xC46B, 0xB3C8, 0xB3A8, 0xB3A8, 0xABA8, 0xA347, 0x9B26, 0x8AE5, 0x9306,
    0x9306, 0x8AC5, 0x8AC5, 0x9305, 0x9B05, 0x9B46, 0xAB87, 0xB3A7, 0xBC09, 0xBC09, 0xBC09, 0xBC29, 0xCC8B, 0xCCAB, 0xCCCB, 0xC48B,
    0xEDAF, 0xEDD0, 0xEDF0, 0xEDF0, 0xEE11, 0xEE11, 0xEE11, 0xF651, 0xF672, 0xF651, 0xF651, 0xF672, 0xFEB3, 0xFED4, 0xFF16, 0xFF57,
    0xFF78, 0xFF98, 0xFF98, 0xFF99, 0xFFB9, 0xFF99, 0xFFB9, 0xFF99, 0xFF99, 0xFFB9, 0xFFB9, 0xFFB9, 0xFF98, 0xFF99, 0xFFB9, 0xFF99,
    0xFFB9, 0xFFB9, 0xFFB9, 0xFF99, 0xFF99, 0xFF98, 0xFF98, 0xFF99, 0xFF98, 0xFF98, 0xFF98, 0xFF77, 0xF756, 0xFF77, 0xFFB8, 0xFFB8,
    0xFF97, 0xFF56, 0xFEF5, 0xF6D4, 0xFEF4, 0xFF14, 0xFED4, 0xFF15, 0xFF76, 0xF6F4, 0xCD6F, 0xCDB0, 0xB4CD, 0x82E8, 0xCD92, 0xDE34,
    0xD5F3, 0xDDF4, 0xE696, 0xF779, 0xDE34, 0xD5F3, 0xDE14, 0xD5F3, 0xD5F3, 0xD5F3, 0xD5F3, 0xE675, 0xEEF7, 0xD614, 0xD5D2, 0xD5F3,
    0xD5D2, 0xD5D2, 0xF6F7, 0xDE34, 0xDE14, 0xDE14, 0xEEB6, 0xCD92, 0xB4CF, 0xB4CF, 0xE696, 0xCD92, 0xB48E, 0xBD10, 0xDE14, 0xC510,
    0xC510, 0xC530, 0xCD50, 0xC50F, 0xAC2C, 0xAC2B, 0xAC0C, 0xCD71, 0xD5F3, 0xCD71, 0xCD51, 0xC551, 0xC551, 0xCD51, 0xBCAE, 0xB46D,
    0xAC2C, 0xD5F3, 0xE675, 0xDE55, 0xDE55, 0xDE55, 0xDE14, 0xD5D3, 0xD5F3, 0xDE14, 0xE655, 0xE696, 0xE696, 0xE696, 0xE696, 0xE696,
    0xE696, 0xEE96, 0xEE96, 0xEE96, 0xEE96, 0xEE96, 0xE676, 0xDE34, 0xEE96, 0xA3CA, 0x71A2, 0xA3C9, 0xE611, 0xD58F, 0xCD6F, 0xD54F,
    0xCD2D, 0xD56E, 0xDDD0, 0xDDB0, 0xE673, 0xE652, 0xE5AF, 0xE5AF, 0xE5CF, 0xDD8E, 0xDD6E, 0xDD6E, 0xEE73, 0xE5F0, 0xDD8E, 0xE58F,
    0xE58E, 0xE5AF, 0xE5D0, 0xDDAF, 0xE5CF, 0xE5F0, 0xEE10, 0xEDF0, 0xEDF0, 0xE5D0, 0xE5AF, 0xD50D, 0xC4AB, 0xCD0D, 0xDDB1, 0x8AE6,
    0xA3A9, 0xBC6C, 0x93A8, 0x5160, 0x5981, 0x61A2, 0x61A1, 0x69C2, 0x7203, 0x71E2, 0x7A22, 0x92C4, 0x92C4, 0x92C4, 0x9AC4, 0x9AC4,
    0xA304, 0xAB86, 0xAB87, 0xAB87, 0xB3A7, 0xB387, 0xAB87, 0xAB87, 0xB3C8, 0xB3E8, 0xC44A, 0xD50D, 0xD4CD, 0xC46B, 0xB3E9, 0xB3E9,
    0xBBC9, 0xBBE9, 0xB3E9, 0xB3E9, 0xB3E9, 0xB3E9, 0xB3E9, 0xC44B, 0xCC8B, 0xB3E9, 0xABA8, 0xAB87, 0xABA8, 0x9B47, 0x92E5, 0x8AE5,
    0x9306, 0x9305, 0x92E5, 0x9B26, 0xABA8, 0xAB87, 0xABA7, 0xB3E8, 0xBC29, 0xBC29, 0xC44A, 0xCC8A, 0xD4CB, 0xD4CB, 0xD4CC, 0xCCAB,
    0xEDD0, 0xEDD0, 0xEDF0, 0xEDD0, 0xEDD0, 0xEDD0, 0xEDF0, 0xF610, 0xF631, 0xF631, 0xEE30, 0xEE31, 0xF651, 0xF651, 0xF6B3, 0xFF56,
    0xFF77, 0xFF78, 0xFF78, 0xFF78, 0xFF98, 0xFFB9, 0xFFB9, 0xFFB9, 0xFFB9, 0xFF99, 0xFF98, 0xFF98, 0xFF98, 0xFF78, 0xFF77, 0xFF78,
    0xFF77, 0xFF98, 0xFF98, 0xFF98, 0xFF98, 0xFF98, 0xFF77, 0xFF15, 0xFEF5, 0xFEF5, 0xFED4, 0xFED4, 0xFED4, 0xFED3, 0xFEB3, 0xF6B3,
    0xF6B3, 0xF6B3, 0xF692, 0xF692, 0xFEB3, 0xFED4, 0xF6B3, 0xFED4, 0xFED3, 0xFF14, 0xFFB6, 0xFFF8, 0xFF76, 0xD5F1, 0x7AC7, 0x8266,
    0x7A65, 0xBCEF, 0xFF9A, 0xDE75, 0xDE34, 0xDE34, 0xD614, 0xD5F3, 0xD5F3, 0xD5F3, 0xDE54, 0xEED7, 0xDE34, 0xD5F3, 0xD5F3, 0xD5F3,
    0xD5D3, 0xEEF7, 0xE696, 0xD5F3, 0xD5F3, 0xDE14, 0xE696, 0xE675, 0xE696, 0xEED7, 0xEEB7, 0xD5D3, 0xC510, 0xCD71, 0xCD71, 0xA3EB,
    0xAC2C, 0xB44C, 0xAC2C, 0xB48E, 0xD5B2, 0xD5B2, 0xD5B2, 0xD5F3, 0xD5F3, 0xDDF3, 0xDDF3, 0xDDF3, 0xDDF3, 0xDDF4, 0xDE14, 0xDE14,
    0xDE34, 0xD5F4, 0xD5F3, 0xD5F3, 0xD5F3, 0xD5F3, 0xD5F3, 0xD5F3, 0xDE14, 0xEE96, 0xEE96, 0xE696, 0xE696, 0xE696, 0xE696, 0xE696,
    0xE696, 0xEE96, 0xEE76, 0xEED7, 0xF6D7, 0xF718, 0xDE14, 0x7A65, 0x7A44, 0xBC8C, 0xDDD1, 0xD590, 0xD56F, 0xCD4E, 0xD58F, 0xD58F,
    0xD56F, 0xD54E, 0xDDB0, 0xDDD0, 0xDDD0, 0xF6D5, 0xDDAF, 0xE5AF, 0xE5D0, 0xE5D0, 0xDDAF, 0xDD6E, 0xDD8F, 0xEE52, 0xDDAF, 0xDD8F,
    0xDD8E, 0xE5AF, 0xEE11, 0xE611, 0xE5F1, 0xE5F0, 0xE5F0, 0xEE11, 0xEE10, 0xE5CF, 0xE5AF, 0xD50C, 0xB429, 0xB3E8, 0xAC09, 0xDDD1,
    0x9327, 0x7A84, 0xAC4B, 0xBCAC, 0x7AA5, 0x5120, 0x61A1, 0x69E2, 0x7203, 0x71E3, 0x71E2, 0x8AA4, 0x92C4, 0x92C3, 0x9AE4, 0x9AE4,
    0x9AE4, 0xA345, 0xB3A7, 0xB3C7, 0xB3C7, 0xBBE7, 0xB3A7, 0xB3A7, 0xB3A7, 0xAB86, 0xB3A7, 0xBC09, 0xBC09, 0xCCCC, 0xD52E, 0xCCED,
    0xBC2A, 0xBC0A, 0xB3E9, 0xB3C9, 0xB3C9, 0xB3E9, 0xB3C8, 0xABA8, 0xABA8, 0xB3C8, 0xB3C8, 0x9B25, 0x9305, 0x92E5, 0x8AC4, 0x8AC4,
    0x8AA4, 0x8283, 0x8AC4, 0x9B46, 0xAB87, 0xAB87, 0xBBE8, 0xBC09, 0xBC09, 0xBC29, 0xCC6A, 0xD4CB, 0xD4CB, 0xD4CB, 0xD4EC, 0xC4AB,
    0xEDF0, 0xEDF0, 0xEDF0, 0xF611, 0xEE11, 0xEE11, 0xEDF0, 0xEDF0, 0xEDF0, 0xF610, 0xF651, 0xF651, 0xF651, 0xF651, 0xF6B3, 0xFF36,
    0xFF57, 0xFF78, 0xFF78, 0xFF98, 0xFF98, 0xFFB9, 0xFFD9, 0xFFB9, 0xFF99, 0xFF78, 0xFF77, 0xFF57, 0xFF57, 0xFF57, 0xFF57, 0xFF36,
    0xFF36, 0xF736, 0xF716, 0xFEF5, 0xF6F4, 0xF6F4, 0xF6B3, 0xF652, 0xF672, 0xF651, 0xF672, 0xF652, 0xF652, 0xF672, 0xFE92, 0xFE93,
    0xFEB3, 0xFED3, 0xFED3, 0xFEB3, 0xFEB3, 0xFF14, 0xFEF4, 0xFF14, 0xFF14, 0xFF14, 0xFF35, 0xFF35, 0xFF97, 0xFFD8, 0xE695, 0xDE74,
    0xEF17, 0xB50F, 0x7266, 0xCD92, 0xD614, 0xD5F4, 0xDE34, 0xDE34, 0xDE13, 0xD613, 0xEEF7, 0xDE35, 0xD5F3, 0xD613, 0xD5F3, 0xD5F3,
    0xEE96, 0xEED7, 0xD614, 0xDE14, 0xD5F4, 0xE675, 0xE675, 0xDE14, 0xDE14, 0xEED7, 0xE696, 0xD5F3, 0xDE34, 0xE675, 0xDE34, 0xDE34,
    0xDDF3, 0xD5B2, 0xD5B2, 0xD592, 0xD592, 0xD5B2, 0xD5F3, 0xD5F3, 0xD5F3, 0xD5F3, 0xD5F4, 0xDE14, 0xDE14, 0xD5B3, 0xD5F3, 0xD614,
    0xD5F4, 0xD614, 0xD5F3, 0xD5F4, 0xD5F4, 0xD5F3, 0xDE34, 0xE696, 0xEE96, 0xEE96, 0xE696, 0xEE96, 0xE696, 0xE696, 0xE696, 0xE696,
    0xEE96, 0xEED7, 0xEED7, 0xA3EB, 0x8AE7, 0x9328, 0x8B07, 0xBC8C, 0xC4ED, 0xCD4F, 0xD590, 0xDDB0, 0xD58F, 0xCD4E, 0xD58F, 0xDDD0,
    0xDDD0, 0xD56F, 0xD56F, 0xDDAF, 0xDDF0, 0xEE94, 0xEE32, 0xE5D0, 0xE5D0, 0xE5D0, 0xE5D0, 0xDDAF, 0xDD8E, 0xE611, 0xEE11, 0xE5D0,
    0xE5CF, 0xE5D0, 0xEE11, 0xEE32, 0xEE32, 0xEE31, 0xE611, 0xE5F0, 0xE5D0, 0xE5AF, 0xD54D, 0xCCEC, 0xB3E9, 0xA387, 0x9306, 0x9347,
    0xE612, 0xAC0B, 0x69E2, 0x8B07, 0xAC4B, 0x9BC9, 0x5961, 0x5961, 0x69C2, 0x69E2, 0x71E2, 0x7A02, 0x8A83, 0x9AE4, 0x9AC4, 0x9AE4,
    0x9AE4, 0xA304, 0xB3A6, 0xB3C7, 0xB3C7, 0xB3C7, 0xB3C7, 0xB3A7, 0xB3A7, 0xB3A7, 0xB3A7, 0xB3A7, 0xB3A8, 0xBBE8, 0xBC09, 0xC46B,
    0xD52E, 0xCCCD, 0xC46B, 0xBC0A, 0xAB88, 0xAB87, 0xABA8, 0xABA8, 0xABA8, 0xA388, 0x9B26, 0x9305, 0x9305, 0x9305, 0x92E5, 0x8AA4,
    0x8284, 0x8283, 0x8AC4, 0xAB87, 0xB3C8, 0xB3C8, 0xBC09, 0xC409, 0xBC09, 0xC449, 0xCC8A, 0xCCAB, 0xD4CB, 0xD4CB, 0xD4EC, 0xCCAB,
    0xEDF0, 0xEDD0, 0xEE11, 0xF632, 0xF632, 0xEDF0, 0xEDAF, 0xEDAF, 0xEDAF, 0xEDF0, 0xEDF0, 0xEDF0, 0xF631, 0xF651, 0xF6B3, 0xFF36,
    0xFF57, 0xFF57, 0xFF98, 0xFFB9, 0xFF99, 0xFF98, 0xFF98, 0xFF57, 0xFF77, 0xFF77, 0xFF57, 0xF6D4, 0xF6B3, 0xFED4, 0xF6B3, 0xF672,
    0xF693, 0xF672, 0xF693, 0xFEB3, 0xFE93, 0xFEB3, 0xF692, 0xF672, 0xFE92, 0xF672, 0xF672, 0xF672, 0xF692, 0xFE92, 0xFE93, 0xF692,
    0xF672, 0xFEB3, 0xFED3, 0xFED3, 0xFED3, 0xFED4, 0xFED4, 0xFED4, 0xFED4, 0xFED4, 0xFED4, 0xFED4, 0xFF15, 0xFF77, 0xFFDA, 0xFFFA,
    0xFFFA, 0xEF59, 0xA46D, 0x6A04, 0x7286, 0x7266, 0xC551, 0xD5D3, 0xDE34, 0xFF59, 0xE675, 0xD5F3, 0xDE14, 0xDE14, 0xD5F3, 0xE675,
    0xF6F8, 0xDE35, 0xD614, 0xD614, 0xDE35, 0xE675, 0xD614, 0xDE14, 0xDE35, 0xEEB6, 0xDE34, 0xDE14, 0xDE14, 0xE655, 0xE655, 0xE655,
    0xDE14, 0xD5F3, 0xDE14, 0xDE14, 0xDE14, 0xDE14, 0xDE14, 0xD5D3, 0xDE14, 0xE655, 0xE655, 0xDE34, 0xDDF3, 0xCD92, 0xD5F3, 0xDE14,
    0xD5F4, 0xD5F4, 0xDE34, 0xDE55, 0xDE35, 0xDE55, 0xE655, 0xE696, 0xEE96, 0xE696, 0xEE96, 0xE696, 0xE696, 0xE696, 0xE696, 0xE696,
    0xE655, 0xD592, 0xD5B2, 0xA3A9, 0x9B28, 0x9327, 0x9B27, 0xCD2F, 0xDDD1, 0xD5B0, 0xD590, 0xD5B0, 0xDDB0, 0xCD4F, 0xD590, 0xDDB0,
    0xE5F1, 0xDDD0, 0xDDB0, 0xDDB0, 0xE5F0, 0xE612, 0xF6B4, 0xE5AF, 0xE5D0, 0xE5D0, 0xE5D0, 0xEDF0, 0xEDF0, 0xE5CF, 0xEE31, 0xEE11,
    0xE611, 0xE611, 0xE611, 0xE612, 0xEE32, 0xEE32, 0xEE32, 0xE5F1, 0xE5B0, 0xE5D0, 0xD52D, 0xC46B, 0xB409, 0x9326, 0x9326, 0x9306,
    0x9347, 0xDDD2, 0x8B47, 0x5940, 0x7224, 0x8B48, 0xAC4C, 0x6A03, 0x5940, 0x69A1, 0x71E2, 0x69C2, 0x71E1, 0x8A83, 0x9AE4, 0xA304,
    0xA304, 0xA325, 0xB3A7, 0xB3C7, 0xB3C7, 0xB3C7, 0xBBE8, 0xBBE8, 0xB3C7, 0xB3A7, 0xB3A7, 0xB3A8, 0xB3C8, 0xBBE8, 0xBBE9, 0xBC09,
    0xBC09, 0xBC4A, 0xC44B, 0xC44A, 0xBC0A, 0xBC0A, 0xB3E9, 0xABC8, 0xABC8, 0xA367, 0x92E5, 0x9305, 0x92E5, 0x9305, 0x92E5, 0x8AA4,
    0x8AA4, 0x92C4, 0x9AE5, 0xAB87, 0xBBE8, 0xBBE8, 0xBC09, 0xC409, 0xC429, 0xCC6A, 0xD4EC, 0xD50C, 0xDD2D, 0xDD2D, 0xDD2D, 0xCCCC,
    0xE5AF, 0xE5AF, 0xEDF0, 0xEDF0, 0xEDF0, 0xEDD0, 0xE5AF, 0xEDAF, 0xEDCF, 0xEDCF, 0xEDCF, 0xEDF0, 0xF631, 0xF651, 0xFEF4, 0xFF37,
    0xFF57, 0xFF57, 0xFF77, 0xFF78, 0xFF57, 0xFF56, 0xFF36, 0xF6D4, 0xFED4, 0xFEF5, 0xFEF5, 0xF693, 0xF672, 0xF672, 0xF651, 0xF631,
    0xF631, 0xF631, 0xF672, 0xFEB3, 0xFEB2, 0xFEB3, 0xF692, 0xF672, 0xF672, 0xF672, 0xF651, 0xEE31, 0xF672, 0xFE92, 0xFEB3, 0xFE93,
    0xFE92, 0xFEB3, 0xFED3, 0xFED3, 0xFED3, 0xFEB3, 0xFEB3, 0xFEB3, 0xFEB3, 0xFEF4, 0xFEF4, 0xFED4, 0xFED4, 0xFF56, 0xFFB9, 0xFFB9,
    0xFF98, 0xFFFB, 0xFFDA, 0xE6D7, 0xEF39, 0xA42C, 0x7204, 0x6A04, 0x93AB, 0xD5D3, 0xD5F3, 0xE675, 0xDE34, 0xDDF4, 0xDE34, 0xEEF7,
    0xE696, 0xD614, 0xDE14, 0xDE34, 0xE696, 0xE676, 0xDE14, 0xD614, 0xE696, 0xE696, 0xD5F3, 0xDE14, 0xDE34, 0xE675, 0xDE35, 0xDE55,
    0xE635, 0xE655, 0xE655, 0xE655, 0xE655, 0xE675, 0xDE35, 0xD5D3, 0xDE14, 0xE675, 0xE675, 0xDE34, 0xCD72, 0xCDB2, 0xDE34, 0xDE35,
    0xE655, 0xE675, 0xEE96, 0xE696, 0xEE96, 0xEEB7, 0xEEB6, 0xE696, 0xEE96, 0xEE96, 0xEE96, 0xEE96, 0xE675, 0xE675, 0xEE96, 0xFF59,
    0xCD71, 0x6981, 0x69A2, 0xBC8D, 0xE5F2, 0xDDB1, 0xDDB1, 0xD570, 0xD590, 0xD5B0, 0xD590, 0xDDB0, 0xDDD1, 0xD590, 0xDDB0, 0xDDD0,
    0xDDD0, 0xE5F1, 0xE611, 0xE5F1, 0xE5F1, 0xE611, 0xF6B4, 0xE611, 0xE5D0, 0xE5D0, 0xE5CF, 0xE5F0, 0xEE11, 0xEE11, 0xEE11, 0xE5F1,
    0xE611, 0xE611, 0xE611, 0xE5F1, 0xE611, 0xEE11, 0xEE12, 0xEE32, 0xEE11, 0xE5D0, 0xD54D, 0xC46B, 0xB409, 0x9346, 0x9326, 0x9326,
    0x8AE5, 0x82A5, 0xC4CD, 0x9B89, 0x5960, 0x69E2, 0x7285, 0xA3CA, 0x9327, 0x69A1, 0x6981, 0x71C2, 0x71E1, 0x8A63, 0x9B05, 0xA345,
    0xAB66, 0xAB45, 0xB386, 0xB3C7, 0xBBE8, 0xBBC7, 0xBBC7, 0xBC08, 0xBBE8, 0xB3A7, 0xB3C8, 0xB3C8, 0xB3C8, 0xBBE9, 0xBC09, 0xBC09,
    0xBC09, 0xBC09, 0xBBE9, 0xB3C8, 0xB3C9, 0xB3C9, 0xBC0A, 0xBC2A, 0xBC4A, 0xB3E9, 0xA367, 0x92E5, 0x92E5, 0x92E5, 0x92C4, 0x92C4,
    0x9B26, 0xABA7, 0xB3A8, 0xB3C8, 0xBBE8, 0xBBE8, 0xBC08, 0xC429, 0xCC8A, 0xD4AB, 0xD4EC, 0xD50C, 0xDD0C, 0xDD0D, 0xDD2D, 0xD50C,
    0xE5AF, 0xEDAF, 0xEDD0, 0xEDF0, 0xEDD0, 0xEDD0, 0xEDD0, 0xEDD0, 0xEDAF, 0xEDAF, 0xEDF0, 0xEE10, 0xEE10, 0xF631, 0xFEF4, 0xFF57,
    0xFF57, 0xFF77, 0xFF15, 0xFED4, 0xF6F4, 0xFEF4, 0xFEF4, 0xF692, 0xF672, 0xF692, 0xF692, 0xF692, 0xF6B2, 0xF6B3, 0xF692, 0xF672,
    0xF692, 0xF692, 0xF692, 0xF692, 0xF651, 0xF672, 0xF672, 0xF651, 0xFE92, 0xFE92, 0xF672, 0xF651, 0xEE51, 0xF672, 0xFEB3, 0xFE93,
    0xFEB3, 0xFED3, 0xFEB3, 0xF693, 0xFEB3, 0xFED4, 0xFED3, 0xFEB3, 0xFED4, 0xFEF4, 0xFED4, 0xFEB3, 0xFED3, 0xFF36, 0xFF99, 0xFF98,
    0xFFB8, 0xFFDA, 0xFFFA, 0xFFFB, 0xFFFB, 0xEF38, 0xE6D6, 0xD654, 0x7A45, 0x7AA6, 0x9BCA, 0xB46D, 0xCD91, 0xE655, 0xEE96, 0xFF59,
    0xDE55, 0xE655, 0xDE35, 0xE655, 0xE696, 0xD614, 0xDE14, 0xD614, 0xE696, 0xDE55, 0xDE14, 0xDE14, 0xDE34, 0xE675, 0xDE35, 0xDE55,
    0xE655, 0xE655, 0xE655, 0xE675, 0xE675, 0xE675, 0xE676, 0xE675, 0xDE14, 0xCDB2, 0xD5B3, 0xCD92, 0xCD71, 0xE655, 0xE655, 0xE655,
    0xEE97, 0xEEB7, 0xEE97, 0xE696, 0xE696, 0xEE97, 0xEEB7, 0xEEB7, 0xEE96, 0xEE96, 0xEEB6, 0xEE96, 0xE655, 0xEED7, 0xDE34, 0xAC2C,
    0xB46C, 0xCD2E, 0xCD2F, 0xD570, 0xD570, 0xD550, 0xD570, 0xD570, 0xD590, 0xDDB1, 0xDDB0, 0xDDD1, 0xDDD1, 0xDDF1, 0xD58F, 0xDD8F,
    0xDDD0, 0xE5F1, 0xE611, 0xE611, 0xE611, 0xE5F1, 0xF694, 0xF693, 0xE5D0, 0xE5F0, 0xE5F0, 0xE5D0, 0xE611, 0xEE11, 0xEE11, 0xE611,
    0xE611, 0xE611, 0xE611, 0xEE11, 0xE5F0, 0xDDAF, 0xE5D0, 0xE611, 0xE5D0, 0xEDF0, 0xDD6E, 0xC46A, 0xB409, 0x9346, 0x9347, 0x9346,
    0x8B06, 0x82A5, 0x8AE6, 0xBCCD, 0x9B89, 0x5981, 0x61A1, 0x61C2, 0x9368, 0xABEA, 0x8284, 0x69A1, 0x71C1, 0x92C4, 0xA325, 0xA325,
    0xAB46, 0xB3A7, 0xB3A7, 0xB3A7, 0xBC08, 0xC429, 0xC429, 0xC429, 0xBBE8, 0xB3C8, 0xBBE9, 0xBBE9, 0xB3C8, 0xBBE9, 0xBC29, 0xBC09,
    0xBC09, 0xBC09, 0xBC09, 0xBBE9, 0xB3E9, 0xB3A8, 0xAB88, 0xB3C8, 0xABA8, 0xABA8, 0xB3C9, 0x9B46, 0x9305, 0x9305, 0x92E5, 0xA346,
    0xAB67, 0xAB87, 0xB3A7, 0xB3C8, 0xBBE8, 0xBBE8, 0xC44A, 0xCC8B, 0xD4AB, 0xD4AB, 0xD4AB, 0xD4AB, 0xCCAB, 0xD4CB, 0xD4CC, 0xD4EC,
    0xEDF0, 0xEDF0, 0xF5F0, 0xEDF0, 0xEDD0, 0xEDD0, 0xEDD0, 0xEE10, 0xF610, 0xF610, 0xF672, 0xF6B3, 0xF672, 0xF692, 0xFEF4, 0xF6D4,
    0xF6D4, 0xF6D4, 0xF6D3, 0xF692, 0xF692, 0xF6B3, 0xF6B2, 0xF692, 0xF692, 0xFEB3, 0xF692, 0xF692, 0xF692, 0xF672, 0xF671, 0xF671,
    0xF672, 0xF692, 0xF672, 0xEE10, 0xF631, 0xFE92, 0xFE72, 0xF651, 0xF651, 0xF672, 0xF692, 0xF672, 0xF671, 0xFE92, 0xFEB3, 0xFED4,
    0xFEF4, 0xFEF4, 0xFEF4, 0xFED3, 0xFED4, 0xFED3, 0xFEB3, 0xFEB3, 0xFEB3, 0xFEB3, 0xF672, 0xF672, 0xF673, 0xFF36, 0xFF78, 0xFF98,
    0xFFB9, 0xFFD9, 0xFFDA, 0xFFDA, 0xFFDA, 0xFFFA, 0xFFFB, 0xEEF6, 0x8244, 0xEEF6, 0xB4EF, 0x8B28, 0xA3EB, 0xBCEF, 0xEEF7, 0xB4CF,
    0xBCF0, 0xC551, 0xD5F3, 0xEE96, 0xE675, 0xDE14, 0xDE14, 0xDE14, 0xEE96, 0xDE34, 0xD5F4, 0xD614, 0xDE35, 0xE675, 0xDE14, 0xDE35,
    0xE655, 0xE655, 0xE655, 0xE675, 0xE655, 0xE675, 0xDE14, 0xD5B3, 0xD5B3, 0xCD92, 0xCD92, 0xD5B3, 0xE655, 0xEEB7, 0xEEB7, 0xEEB7,
    0xEEB7, 0xEEB7, 0xEEB7, 0xEEB7, 0xEE97, 0xEEB7, 0xEEB7, 0xE676, 0xE676, 0xEEB6, 0xE696, 0xE676, 0xE675, 0xCD71, 0xAC2C, 0x7A45,
    0xA3A9, 0xDDD1, 0xDDB1, 0xD590, 0xD5B1, 0xDDB1, 0xD590, 0xD570, 0xD590, 0xDDD1, 0xE5F1, 0xDDF1, 0xDDF1, 0xE612, 0xDDB0, 0xCD0D,
    0xDDB0, 0xE5F1, 0xE611, 0xE5F1, 0xE5F1, 0xE5F1, 0xE632, 0xEE94, 0xE5D0, 0xEE11, 0xE610, 0xE5F0, 0xE5F0, 0xE610, 0xEE31, 0xEE11,
    0xE611, 0xE5F1, 0xE5F0, 0xE5F0, 0xEE11, 0xE5D0, 0xDDD0, 0xE5F0, 0xD50D, 0xCCEC, 0xCCCC, 0xC46B, 0xB42A, 0x9326, 0x9326, 0x9326,
    0x8B06, 0x82C5, 0x7243, 0x82A5, 0xC50E, 0x8306, 0x5160, 0x61E2, 0x5961, 0x7A65, 0xAC0B, 0xA3A9, 0x7A22, 0x9283, 0xA325, 0xA325,
    0xAB66, 0xB387, 0xB386, 0xB386, 0xB3A7, 0xC428, 0xCC49, 0xCC4A, 0xC429, 0xBBE8, 0xB3C8, 0xBBE8, 0xBBE8, 0xBBE9, 0xC429, 0xC429,
    0xC409, 0xBC09, 0xBC09, 0xB3E9, 0xB3C9, 0xB3C9, 0xB3C9, 0xB3C9, 0xA347, 0x92E5, 0x9B26, 0xA346, 0x9305, 0x9305, 0x9B05, 0x9B05,
    0xA305, 0xAB87, 0xBBE8, 0xC44A, 0xCC6A, 0xCC8A, 0xD4AB, 0xD4AB, 0xD4AB, 0xD4CB, 0xD4CB, 0xD4EC, 0xDD2D, 0xDD2D, 0xDD4D, 0xD4EC,
    0xEDF0, 0xEDF0, 0xEDF0, 0xEE10, 0xEE10, 0xEE31, 0xEE31, 0xF693, 0xF6B3, 0xFEB3, 0xFF15, 0xFF98, 0xFF57, 0xFF56, 0xFF36, 0xF6B3,
    0xF6B3, 0xF672, 0xF672, 0xF692, 0xFEB2, 0xFEB2, 0xF692, 0xFEB3, 0xFEB3, 0xFEB3, 0xF672, 0xF672, 0xFE93, 0xF672, 0xF671, 0xF672,
    0xF672, 0xF692, 0xF692, 0xF672, 0xF672, 0xF631, 0xF631, 0xEE31, 0xF631, 0xF672, 0xF671, 0xF651, 0xF671, 0xF651, 0xEE31, 0xF693,
    0xFED3, 0xFEF4, 0xFEF4, 0xFEF4, 0xFEF4, 0xFED3, 0xFEB3, 0xF693, 0xFEB3, 0xFEB4, 0xFEB3, 0xFE93, 0xF6F4, 0xFEF5, 0xF716, 0xFF98,
    0xFFB8, 0xFFB9, 0xFFB9, 0xFFB9, 0xFFDA, 0xFFB9, 0xFFFA, 0xE6D5, 0x7A44, 0xE6D6, 0xFFFB, 0xFFFB, 0xE6D6, 0xDE75, 0xDE34, 0x9BEB,
    0xA40C, 0x82C7, 0xB4AE, 0xF6F7, 0xEEB6, 0xE675, 0xE675, 0xDE55, 0xF718, 0xEEB6, 0xEE96, 0xEE96, 0xE655, 0xE655, 0xDE34, 0xE655,
    0xDE35, 0xE655, 0xE655, 0xE675, 0xE696, 0xE675, 0xCD71, 0xC530, 0xC551, 0xDE34, 0xEE96, 0xE696, 0xF6D7, 0xEEB7, 0xEEB7, 0xEEB7,
    0xEEB7, 0xEEB7, 0xEEB7, 0xE696, 0xEE97, 0xEE97, 0xEEB7, 0xE676, 0xE655, 0xEEB7, 0xEEB7, 0xEED7, 0xF6D7, 0x82A6, 0x7A24, 0xD590,
    0xE5F2, 0xD590, 0xD5B0, 0xD5B0, 0xDDD1, 0xE5F2, 0xDDD1, 0xD590, 0xD570, 0xDDD1, 0xE5F1, 0xDDF1, 0xE5F1, 0xE612, 0xE5F1, 0xD54E,
    0xD54E, 0xDDB0, 0xDDD0, 0xE5F1, 0xE611, 0xE5F1, 0xE611, 0xEEB4, 0xE5F0, 0xE610, 0xEE10, 0xE5F0, 0xE5F0, 0xE5F0, 0xE611, 0xE611,
    0xEE11, 0xE611, 0xE5F1, 0xE5F0, 0xE5D0, 0xE5D0, 0xE5D0, 0xE5F0, 0xD54E, 0xC46A, 0xC48B, 0xB409, 0xA387, 0x9347, 0x9326, 0x8AE5,
    0x8B06, 0x82C5, 0x7243, 0x69E2, 0x7A84, 0xBCCD, 0x8B47, 0x5140, 0x61C2, 0x6181, 0x6181, 0x9B89, 0xCCCD, 0xA346, 0x9AC4, 0xA304,
    0xAB46, 0xB387, 0xBBE7, 0xBBE7, 0xBBE7, 0xBBE8, 0xC429, 0xCC6A, 0xCC49, 0xBC09, 0xB3A8, 0xB3C8, 0xBBE9, 0xBC09, 0xC429, 0xC429,
    0xC409, 0xBC09, 0xBC09, 0xBBE9, 0xB3C8, 0xB3C9, 0xB3C9, 0xB3C9, 0xAB87, 0x9B26, 0x92E5, 0x92E5, 0x9B05, 0x9305, 0x9305, 0x9B05,
    0xB3A7, 0xBBE8, 0xBC08, 0xCC8A, 0xD4AA, 0xD4AA, 0xD4AA, 0xD4AA, 0xD4AB, 0xD50C, 0xDD4D, 0xDD4D, 0xDD6E, 0xDD6D, 0xE58E, 0xDD6D,
    0xF672, 0xF652, 0xF652, 0xF652, 0xF6B4, 0xF6D4, 0xF6D4, 0xFF16, 0xFF36, 0xFF37, 0xFF57, 0xFF99, 0xFF99, 0xFFB9, 0xFF77, 0xFED4,
    0xFEB3, 0xFEB3, 0xFEB3, 0xFEF3, 0xFEB2, 0xF671, 0xF672, 0xF672, 0xF692, 0xF692, 0xF692, 0xFE92, 0xFEB3, 0xF672, 0xF671, 0xF672,
    0xF692, 0xF672, 0xF672, 0xF651, 0xF651, 0xEE10, 0xEE10, 0xEE10, 0xEE10, 0xF651, 0xF651, 0xF652, 0xF692, 0xF672, 0xF672, 0xF672,
    0xF692, 0xF692, 0xFEB3, 0xFED3, 0xFED3, 0xFED3, 0xFEF4, 0xFEB3, 0xFED3, 0xFED4, 0xFED4, 0xFEF4, 0xFF15, 0xF693, 0xF6F4, 0xFF78,
    0xFFB9, 0xFFB9, 0xFFD9, 0xFFD9, 0xFFB9, 0xFFB9, 0xFFFB, 0xE6F6, 0x7A25, 0xE6B6, 0xFFDB, 0xFF9A, 0xFFFB, 0xEEF7, 0xE634, 0xEEB6,
    0xEE95, 0xB46D, 0xCD91, 0xB48E, 0x7A86, 0x8AE8, 0x7AA6, 0xD5D3, 0xBCCF, 0x9369, 0x9B8A, 0x9BCB, 0xE675, 0xEED7, 0xEE96, 0xEEB6,
    0xEE96, 0xEE96, 0xEEB6, 0xDE34, 0xCD92, 0xC551, 0xAC8E, 0xDE34, 0xE676, 0xEE96, 0xF6D7, 0xEED7, 0xEEB7, 0xEEB7, 0xEEB7, 0xEEB7,
    0xEEB7, 0xEED7, 0xEE96, 0xE676, 0xEEB7, 0xEED7, 0xDE35, 0xE656, 0xF6F8, 0xFF59, 0xAC4D, 0x7A66, 0x82A7, 0xC4EE, 0xDDB1, 0xD590,
    0xD5B0, 0xD590, 0xDDD1, 0xE612, 0xDDF2, 0xDDF2, 0xE612, 0xDDD1, 0xD570, 0xDDB0, 0xDDD1, 0xE5F1, 0xE5F1, 0xE5F1, 0xE632, 0xDD90,
    0xCCEC, 0xCCEC, 0xD54D, 0xE5D0, 0xDDD0, 0xDDAF, 0xE5F1, 0xF6F5, 0xEE32, 0xE5D0, 0xE5F0, 0xE5F0, 0xE5F0, 0xDDCF, 0xDDCF, 0xE5F0,
    0xE5F0, 0xEE11, 0xEE11, 0xEE31, 0xE611, 0xE5F1, 0xE5F0, 0xE5D0, 0xE5D0, 0xC4AB, 0xB429, 0xA3A8, 0x9B67, 0x9B67, 0x9B47, 0x9326,
    0x8AE5, 0x82C5, 0x7A84, 0x7243, 0x61C1, 0x7A84, 0xBCCD, 0x8307, 0x5160, 0x61C2, 0x61C2, 0x61A0, 0x92C5, 0xD4ED, 0xC44A, 0xAB66,
    0xA325, 0xAB86, 0xBBE8, 0xBC08, 0xBC08, 0xBC08, 0xBC08, 0xC429, 0xC429, 0xC429, 0xB3E8, 0xB3C8, 0xBBE9, 0xBC09, 0xBC09, 0xBC09,
    0xBC09, 0xBC09, 0xBC09, 0xBC0A, 0xBBE9, 0xB3A8, 0xABA8, 0xB3A8, 0xABA8, 0xA346, 0x9305, 0x9B05, 0x9305, 0x9305, 0x92E5, 0x9B05,
    0xBBE8, 0xC409, 0xC429, 0xC449, 0xC449, 0xD4AA, 0xD4CB, 0xD4CB, 0xD4EB, 0xD50C, 0xDD4D, 0xDD4D, 0xDD6D, 0xDD6D, 0xDD6D, 0xDD8E,
    0xF715, 0xFF16, 0xFF16, 0xF6D5, 0xFF36, 0xFF78, 0xFF78, 0xFF99, 0xFF99, 0xFFB9, 0xFFB9, 0xFF99, 0xFF98, 0xFF78, 0xFF78, 0xFF15,
    0xF693, 0xFEB3, 0xFEB3, 0xFEB2, 0xF6B2, 0xFE92, 0xF671, 0xEE10, 0xF651, 0xF651, 0xF651, 0xF651, 0xF671, 0xF672, 0xF672, 0xFE92,
    0xFE92, 0xFE92, 0xF651, 0xF651, 0xF631, 0xEE10, 0xEE31, 0xEE10, 0xEDF0, 0xF631, 0xF672, 0xF692, 0xFEB3, 0xFED3, 0xFED3, 0xFED4,
    0xFED3, 0xFED3, 0xFED3, 0xFED3, 0xFED3, 0xFEF4, 0xFF14, 0xFED4, 0xFEB3, 0xF693, 0xF6D4, 0xFF15, 0xF692, 0xF692, 0xFEB3, 0xFEF4,
    0xFF98, 0xFFB9, 0xFFB9, 0xFFB9, 0xFFB9, 0xFFB9, 0xFFFA, 0xE6F6, 0x7204, 0xEEF7, 0xFFFB, 0xFFDA, 0xFFBA, 0xE6B6, 0xDE14, 0xE654,
    0xE634, 0xE654, 0xE695, 0xBD0F, 0xA3EB, 0xA42C, 0x9BCB, 0xDE14, 0xAC2C, 0x8B08, 0x9349, 0x9B69, 0xBCCF, 0xC531, 0xCD71, 0xCD71,
    0xCD71, 0xCD71, 0xD5B2, 0xC510, 0xBCCE, 0xD5B2, 0xC531, 0xDE34, 0xF6D7, 0xEEB7, 0xEEB7, 0xEEB7, 0xEEB7, 0xEEB7, 0xEED7, 0xEED7,
    0xEEB6, 0xEE96, 0xEE96, 0xE655, 0xDDF4, 0xE675, 0xA40B, 0x9348, 0xBCAE, 0xB46D, 0xA3EA, 0x9BAA, 0x9B89, 0xCD70, 0xDDF2, 0xDDD1,
    0xDDB1, 0xD590, 0xDDD1, 0xE612, 0xE612, 0xE612, 0xDDF1, 0xE612, 0xDDB1, 0xD590, 0xDDD0, 0xDDF1, 0xE611, 0xDDD0, 0xDDD0, 0xDDB0,
    0xCD0C, 0xCCEB, 0xCCEC, 0xDD8F, 0xDDAF, 0xD50D, 0xCD0C, 0xE611, 0xEE93, 0xE5F0, 0xE5F0, 0xE5F0, 0xE5F0, 0xDDCF, 0xDDAF, 0xDDAF,
    0xDDAF, 0xE5D0, 0xE5F1, 0xEE31, 0xEE32, 0xEE32, 0xEE11, 0xE5D0, 0xE5AF, 0xDD8E, 0xABE8, 0x9B46, 0x9B67, 0x9B67, 0x9B47, 0x9B47,
    0x8B05, 0x82A4, 0x82A5, 0x7A64, 0x6A23, 0x61C1, 0x6A23, 0xB48D, 0x82E6, 0x5981, 0x69E2, 0x69C2, 0x7A22, 0x9AE5, 0xC44A, 0xCCCC,
    0xBC29, 0xB3A7, 0xB3A7, 0xBBE8, 0xBC08, 0xBC08, 0xC429, 0xBC08, 0xBC08, 0xC449, 0xC44A, 0xC429, 0xBC09, 0xBC09, 0xBBE9, 0xBBE9,
    0xBC09, 0xBBE9, 0xBBE9, 0xBC09, 0xB3C9, 0xB3A8, 0xAB87, 0xA346, 0xA346, 0x9B26, 0x9B05, 0x9B05, 0x9B05, 0x9B05, 0x9B05, 0xA325,
    0xB3A7, 0xC429, 0xC429, 0xC429, 0xC449, 0xD4CB, 0xD4CB, 0xD4EB, 0xD4EB, 0xD50B, 0xD50C, 0xDD2C, 0xDD2C, 0xDD2D, 0xDD4D, 0xDD6E,
    0xFF98, 0xFF98, 0xFF78, 0xFF78, 0xFF98, 0xFF98, 0xFF98, 0xFF78, 0xFF98, 0xFF99, 0xFF99, 0xFF99, 0xFF99, 0xFF99, 0xFF98, 0xFF15,
    0xF692, 0xF672, 0xF692, 0xF692, 0xFEB2, 0xFED3, 0xF6B2, 0xF692, 0xFE92, 0xF651, 0xEE30, 0xEE30, 0xF651, 0xF692, 0xF692, 0xFE92,
    0xF692, 0xF652, 0xF651, 0xF651, 0xF651, 0xF651, 0xF692, 0xF672, 0xF672, 0xF6B3, 0xFEB3, 0xF692, 0xF6B3, 0xF692, 0xF672, 0xF692,
    0xFEB3, 0xFEB3, 0xFEB3, 0xFEB3, 0xFEB3, 0xFEB3, 0xF6B3, 0xFED3, 0xFE93, 0xF6D4, 0xF6F5, 0xF672, 0xF672, 0xF692, 0xF6B2, 0xFED3,
    0xFF77, 0xFF98, 0xFF98, 0xFF98, 0xFF99, 0xFF99, 0xFFFA, 0xE6D6, 0x7225, 0xDE95, 0xF7BA, 0xFFDB, 0xFFDA, 0xF779, 0xE695, 0xE634,
    0xDE34, 0xE634, 0xDE34, 0xE654, 0xE675, 0xE675, 0xE675, 0xEED6, 0xDE13, 0xDE14, 0xDE34, 0xD5D3, 0x82C7, 0x7A65, 0x7A65, 0x7A65,
    0x8265, 0x8285, 0x7A44, 0x7203, 0xA3CA, 0xEE96, 0xEEB7, 0xEEB6, 0xEEB7, 0xEEB7, 0xEEB7, 0xEEB7, 0xEEB7, 0xEEB7, 0xEEB6, 0xEEB6,
    0xE696, 0xEE96, 0xF718, 0xE655, 0x7A85, 0x7A65, 0x8285, 0x7A04, 0x7203, 0x69A2, 0xB46C, 0xE653, 0xDDF2, 0xD5B1, 0xD5B1, 0xDDD1,
    0xDDD1, 0xD590, 0xDDD1, 0xE612, 0xE612, 0xE612, 0xDDD1, 0xE612, 0xE612, 0xDDD1, 0xE611, 0xE611, 0xE611, 0xDDD0, 0xDDAF, 0xDDAF,
    0xDD6E, 0xD4EC, 0xD50C, 0xD52D, 0xD52D, 0xD50D, 0xCCAA, 0xD56F, 0xE5D0, 0xD56E, 0xE5F0, 0xE5F0, 0xE5F0, 0xE5D0, 0xE5D0, 0xDDCF,
    0xDDAF, 0xDDAF, 0xE5F0, 0xEE11, 0xEE31, 0xEE31, 0xEE31, 0xDD8F, 0xCCCC, 0xCCCC, 0xC4AB, 0x9B87, 0x9346, 0x9B67, 0x9B47, 0x9B47,
    0x8AE5, 0x7A84, 0x8284, 0x7A64, 0x6A23, 0x6A23, 0x61C1, 0x7244, 0xBCCE, 0x7A85, 0x5980, 0x69E2, 0x8243, 0xA305, 0xAB25, 0xB3C7,
    0xCCCB, 0xCCAB, 0xBC09, 0xBBC8, 0xC429, 0xC429, 0xC429, 0xC429, 0xC429, 0xC429, 0xCC6A, 0xCC6A, 0xC42A, 0xBC09, 0xBC09, 0xBC09,
    0xBC09, 0xB3E9, 0xB3C9, 0xB3E9, 0xB3E9, 0xABA8, 0xA346, 0x9B26, 0x9B05, 0x9B05, 0x9B05, 0x9B05, 0x9B05, 0x9AE4, 0xA305, 0xB387,
    0xBC08, 0xC449, 0xC449, 0xCC49, 0xD4AA, 0xD4CB, 0xD4CB, 0xD4EB, 0xD4EB, 0xD50C, 0xDD2C, 0xDD2D, 0xDD4D, 0xDD6E, 0xE58E, 0xE5AF,
    0xFFDA, 0xFFBA, 0xFF98, 0xFF98, 0xFF99, 0xFFB9, 0xFF98, 0xFF78, 0xFF78, 0xFF99, 0xFF99, 0xFF99, 0xFFBA, 0xFFBA, 0xFF99, 0xFF16,
    0xFEF4, 0xFED3, 0xF6B2, 0xFE92, 0xFEB2, 0xFEB3, 0xFEB3, 0xFEB3, 0xFEB2, 0xF692, 0xF651, 0xF651, 0xF651, 0xF6B2, 0xFEB3, 0xFEB3,
    0xF692, 0xF672, 0xF6B3, 0xFED3, 0xFED4, 0xFEF4, 0xFF15, 0xFF15, 0xFF15, 0xFEF4, 0xFED4, 0xFED3, 0xFEB3, 0xF672, 0xEE31, 0xEE11,
    0xF652, 0xF692, 0xF672, 0xF692, 0xFEB3, 0xFEB2, 0xF692, 0xF693, 0xFEF4, 0xF6F5, 0xF693, 0xF671, 0xF692, 0xF692, 0xF692, 0xFEB3,
    0xFF77, 0xFFB9, 0xFFB8, 0xFFB9, 0xFFD9, 0xFFB9, 0xFFDA, 0xFFBA, 0xDEB6, 0x72C7, 0xE718, 0xFFFC, 0xFFBA, 0xFFDA, 0xFFBA, 0xE675,
    0xDE34, 0xE655, 0xDE34, 0xDE13, 0xDE13, 0xDE13, 0xDE13, 0xEE96, 0xD5D3, 0xD5D3, 0xD5D3, 0xD5D2, 0xD5D3, 0xD5D2, 0xD5B2, 0xD5B2,
    0xD5B2, 0xD5D2, 0x82C7, 0xCD51, 0xDE14, 0xE696, 0xEED7, 0xEEB7, 0xEEB7, 0xEEB7, 0xEED7, 0xEEB7, 0xEEB7, 0xEE96, 0xEE96, 0xEED7,
    0xF718, 0xCD51, 0x9B89, 0x9B89, 0xBCCE, 0xCD71, 0xCD71, 0xD5B2, 0xD5B2, 0xD5B1, 0xD5B1, 0xCD91, 0xCD91, 0xD591, 0xDDF2, 0xDE12,
    0xDDD1, 0xD590, 0xDDD1, 0xE612, 0xE612, 0xE612, 0xE612, 0xE612, 0xE632, 0xE612, 0xE612, 0xE612, 0xE612, 0xE5D0, 0xDDAF, 0xDDAF,
    0xE5D0, 0xDD6E, 0xD52D, 0xDD4E, 0xDD6E, 0xDD4D, 0xCCAB, 0xDD6E, 0xDDAF, 0xCCEC, 0xDD6E, 0xDDAF, 0xE5D0, 0xE611, 0xE611, 0xE611,
    0xE5F1, 0xE5F0, 0xE5D0, 0xE5F1, 0xE611, 0xEE31, 0xEE31, 0xE5F0, 0xCD0D, 0xBC6A, 0xB409, 0xA388, 0x9B46, 0x9B46, 0x9B46, 0x9B46,
    0x9306, 0x8AC5, 0x82A4, 0x7222, 0x6A02, 0x6A02, 0x6A02, 0x61C1, 0x7243, 0xABEA, 0x8AE6, 0x6180, 0x8243, 0xAB26, 0xB386, 0xB386,
    0xAB86, 0xC449, 0xCC8B, 0xCC8A, 0xBC09, 0xC429, 0xC429, 0xC429, 0xC429, 0xC44A, 0xCC6A, 0xC46A, 0xC46B, 0xC42A, 0xBC09, 0xC42A,
    0xC44B, 0xBC2A, 0xBC2A, 0xB3E9, 0xB3A8, 0xB3C8, 0xB3A8, 0xA346, 0x9B05, 0x9B05, 0x9B05, 0x9B05, 0x9B25, 0xA345, 0xAB46, 0xB387,
    0xC408, 0xCC49, 0xC449, 0xC449, 0xCC8A, 0xD4EB, 0xD50C, 0xD50C, 0xD50C, 0xDD2C, 0xDD2C, 0xDD2C, 0xDD6D, 0xE58E, 0xE58F, 0xE5AF,
    0xFFDA, 0xFFDA, 0xFF98, 0xFF78, 0xFF57, 0xFF78, 0xFF98, 0xFF98, 0xFF98, 0xFF99, 0xFFB9, 0xFFB9, 0xFFBA, 0xFFBA, 0xFF99, 0xFF16,
    0xFF15, 0xFEF4, 0xFEB2, 0xFE92, 0xF692, 0xF672, 0xF692, 0xFE92, 0xFEB3, 0xFEB2, 0xFE92, 0xF672, 0xF672, 0xFEB3, 0xFEB3, 0xF672,
    0xEE31, 0xF692, 0xFEF4, 0xFEF4, 0xF6B3, 0xFEB3, 0xF6B3, 0xFED4, 0xFEF4, 0xFED4, 0xFEB3, 0xFEB3, 0xFEB3, 0xFED3, 0xF692, 0xF631,
    0xFE72, 0xFE92, 0xF672, 0xF672, 0xF692, 0xF6B3, 0xFE92, 0xF6D4, 0xFF16, 0xF6B4, 0xF671, 0xFE92, 0xFEB3, 0xFEB3, 0xF692, 0xF6B2,
    0xFF35, 0xFF98, 0xFFD9, 0xFFFA, 0xFFB9, 0xFF99, 0xFFB9, 0xFFFB, 0xF7BB, 0x7B08, 0xC5B3, 0xF759, 0xFFDA, 0xFFDA, 0xFF99, 0xFF79,
    0xF737, 0xDE34, 0xDE34, 0xDE34, 0xDE34, 0xDE13, 0xE654, 0xE675, 0xD5D3, 0xD5D3, 0xD5D3, 0xD5D2, 0xD5D2, 0xD5D2, 0xD5D2, 0xD5D2,
    0xD5D3, 0xD5D2, 0x7AA6, 0xDDF4, 0xF6F8, 0xE696, 0xEEB7, 0xEEB7, 0xEEB7, 0xEEB7, 0xEE96, 0xEEB6, 0xEEB6, 0xEEB6, 0xDE13, 0xC4CF,
    0xC52F, 0xAC4C, 0x9B89, 0xA3A9, 0xCD71, 0xDDF3, 0xD5D2, 0xD5D2, 0xD5D2, 0xD5D2, 0xD5B1, 0xD5D2, 0xD5D2, 0xD5B1, 0xDE12, 0xDE12,
    0xDE12, 0xDDD1, 0xDDD1, 0xE612, 0xE612, 0xE612, 0xE612, 0xE612, 0xE612, 0xE612, 0xE612, 0xE612, 0xE612, 0xE611, 0xDDD0, 0xDDAF,
    0xE5F0, 0xE5AF, 0xDD4E, 0xDD4E, 0xE5AF, 0xE5B0, 0xD52D, 0xDDAF, 0xE5D0, 0xCD0C, 0xDD6E, 0xDDAF, 0xE5D0, 0xE5F0, 0xE611, 0xE611,
    0xE611, 0xEE31, 0xEE31, 0xEE31, 0xE5F1, 0xE5F0, 0xE5F0, 0xE5F0, 0xD54E, 0xB409, 0xABA8, 0xABC9, 0xB3E9, 0xA387, 0x9B46, 0x9B46,
    0x9B46, 0x9326, 0x8AE5, 0x7243, 0x6A02, 0x6A02, 0x61E2, 0x69E2, 0x59C1, 0x6A23, 0xA3A9, 0x82A4, 0x7A22, 0xA325, 0xB386, 0xB386,
    0xB3A7, 0xB3A7, 0xB3C7, 0xCC8A, 0xCCAB, 0xC429, 0xC429, 0xC44A, 0xC429, 0xC44A, 0xCC6B, 0xCC6B, 0xCC6B, 0xC44A, 0xBC09, 0xBC09,
    0xC42A, 0xC44A, 0xC42A, 0xBC2A, 0xBC09, 0xB3C8, 0xB3A8, 0xB3A8, 0xA367, 0x9B25, 0x9B05, 0x9B05, 0xA326, 0xB3C8, 0xBBC7, 0xBBC7,
    0xC408, 0xC429, 0xCC69, 0xCC8A, 0xD4AA, 0xD4EB, 0xDD2C, 0xDD2C, 0xDD4D, 0xDD4D, 0xDD4D, 0xDD6D, 0xDD8E, 0xE58E, 0xE58F, 0xE5AF,
    0xFF98, 0xFF78, 0xFF98, 0xFF78, 0xFF77, 0xFF78, 0xFF98, 0xFF99, 0xFF99, 0xFFB9, 0xFFB9, 0xFF99, 0xFF99, 0xFFBA, 0xFF99, 0xFF16,
    0xF6F4, 0xFEB3, 0xFE92, 0xF692, 0xEE30, 0xEE10, 0xEE31, 0xF651, 0xF692, 0xF692, 0xF692, 0xF692, 0xFEB3, 0xFEB3, 0xFE93, 0xEE31,
    0xEE10, 0xF651, 0xF651, 0xF651, 0xEE10, 0xEE31, 0xF651, 0xF672, 0xF6B3, 0xFED4, 0xFED4, 0xF693, 0xF692, 0xF6B3, 0xF692, 0xF671,
    0xF672, 0xF672, 0xF651, 0xEE31, 0xEE11, 0xF652, 0xF6B3, 0xF715, 0xFEF5, 0xF672, 0xF692, 0xFE92, 0xFEB3, 0xFEB3, 0xFEB2, 0xF692,
    0xF6D4, 0xF757, 0xFFB9, 0xFFBA, 0xFFB9, 0xFFB9, 0xFFDA, 0xFFFB, 0xFFFA, 0xEF78, 0x7A45, 0xCDB2, 0xFFFB, 0xFFDA, 0xFF99, 0xF758,
    0xFF58, 0xF738, 0xEE95, 0xDE34, 0xDE34, 0xDE34, 0xEEB6, 0xE655, 0xDE13, 0xDE14, 0xDE13, 0xD5D2, 0xD5D2, 0xD5D2, 0xD5D2, 0xD5D2,
    0xD5D2, 0xD5D2, 0x7A86, 0xD5B2, 0xEEB7, 0xE676, 0xE676, 0xE676, 0xE696, 0xE676, 0xE676, 0xE655, 0xE655, 0xEEB6, 0xCD30, 0x8244,
    0x7A23, 0xABEB, 0xEE54, 0xDE13, 0xD5D2, 0xD5D2, 0xD5D2, 0xD5D2, 0xD5D2, 0xD5D2, 0xD5D2, 0xDDF3, 0xDDF2, 0xD5D2, 0xDE12, 0xDE13,
    0xDE12, 0xDDF2, 0xDDF1, 0xE5F2, 0xE612, 0xE612, 0xE612, 0xE612, 0xE612, 0xE612, 0xE612, 0xE612, 0xE612, 0xE612, 0xE5F0, 0xE5F0,
    0xE5F0, 0xE5F0, 0xE5F0, 0xDD8F, 0xDD6E, 0xE5B0, 0xE5D0, 0xEE32, 0xEE52, 0xDD8E, 0xDDAF, 0xE5F0, 0xE5F0, 0xE5F0, 0xE611, 0xE611,
    0xE631, 0xEE32, 0xEE32, 0xEE32, 0xEE31, 0xE5F0, 0xD56E, 0xCCEC, 0xCCEC, 0xC48B, 0xB3E9, 0xABA8, 0xABC8, 0xABC9, 0xA388, 0x9B67,
    0xA367, 0x9B46, 0x8AC5, 0x7A63, 0x7243, 0x6A02, 0x61E2, 0x61E2, 0x61E2, 0x59A1, 0x69E2, 0xBC4B, 0x9B47, 0xA325, 0xB386, 0xB3C7,
    0xB3C7, 0xB3C7, 0xB3C7, 0xBBC7, 0xC469, 0xD4CB, 0xCC8B, 0xC44A, 0xCC8B, 0xCC6B, 0xCC6B, 0xC46B, 0xC46B, 0xC46B, 0xC44A, 0xBC2A,
    0xBC2A, 0xC42A, 0xBC2A, 0xBC2A, 0xBC0A, 0xBBE9, 0xB3C8, 0xAB87, 0xB3C8, 0xAB66, 0x9B25, 0xA325, 0xA325, 0xB3C7, 0xC408, 0xC408,
    0xBBE8, 0xC408, 0xD4AA, 0xD4EB, 0xD4EB, 0xD4EB, 0xD4EB, 0xDD0B, 0xDD4C, 0xE56D, 0xE56D, 0xE58E, 0xE5AE, 0xE5AF, 0xE5AF, 0xE5AF,
    0xFF78, 0xFF78, 0xFF78, 0xFF98, 0xFF78, 0xFF98, 0xFF99, 0xFF99, 0xFF99, 0xFFB9, 0xFF99, 0xFF98, 0xFF99, 0xFF99, 0xFF98, 0xFF57,
    0xF6D4, 0xF672, 0xF651, 0xF651, 0xF651, 0xF651, 0xF651, 0xF651, 0xF651, 0xF672, 0xFEB3, 0xFED3, 0xF6B3, 0xFEB3, 0xFEB3, 0xF692,
    0xF692, 0xF692, 0xF672, 0xF651, 0xF631, 0xF651, 0xFE93, 0xFEB3, 0xFEB3, 0xFE93, 0xFEB3, 0xF692, 0xFEB3, 0xFEB2, 0xF692, 0xF6B2,
    0xFED3, 0xF6B3, 0xF6B3, 0xFEB3, 0xFEB4, 0xF6B3, 0xF6F5, 0xFF15, 0xF6B4, 0xF6B3, 0xFEB3, 0xFEB3, 0xF6B3, 0xF692, 0xF672, 0xF672,
    0xF6F4, 0xFFB9, 0xFFDA, 0xFFFA, 0xFFB9, 0xFFD9, 0xFFDA, 0xFFDA, 0xFFFA, 0xF799, 0x7224, 0xD613, 0xFFFC, 0xFFBA, 0xFFDA, 0xFFBA,
    0xFF99, 0xFF79, 0xEEB6, 0xDE34, 0xDE54, 0xDE54, 0xEEB6, 0xE655, 0xE654, 0xE655, 0xE654, 0xDDF3, 0xDDF3, 0xD5D2, 0xD5D2, 0xD5D2,
    0xD5D3, 0xD5D2, 0x7224, 0xCD91, 0xF718, 0xE676, 0xE676, 0xE676, 0xE696, 0xEED7, 0xE675, 0x9328, 0x82A6, 0x82A5, 0x9B69, 0xDDD2,
    0xD5B1, 0xD5B1, 0xD5B1, 0xD5B2, 0xD5D2, 0xD5D2, 0xD5D2, 0xD5D2, 0xDDF2, 0xE633, 0xE633, 0xE633, 0xE613, 0xDDF2, 0xDE12, 0xE633,
    0xE613, 0xE612, 0xDDF2, 0xDDF1, 0xDDF1, 0xE5F2, 0xE5F1, 0xE611, 0xE612, 0xE612, 0xE612, 0xE612, 0xE612, 0xEE32, 0xE611, 0xE611,
    0xE5F1, 0xE5F1, 0xE5F0, 0xE5F0, 0xE5D0, 0xDD6F, 0xDDB0, 0xEE11, 0xF673, 0xEE10, 0xE610, 0xE5F0, 0xE5F0, 0xE5F0, 0xE5F0, 0xE611,
    0xEE32, 0xEE31, 0xE631, 0xEE31, 0xEE32, 0xEE31, 0xDD8F, 0xBC4A, 0xB3E9, 0xB409, 0xBC29, 0xB3E9, 0xAB87, 0xABA8, 0xABA8, 0xABA8,
    0xAB88, 0xA387, 0x9B47, 0x9B26, 0x9306, 0x6A02, 0x61E2, 0x61E2, 0x61E2, 0x6A02, 0x6A02, 0x7202, 0xC46C, 0xC46A, 0xAB86, 0xB3A7,
    0xBC08, 0xBC08, 0xBBE7, 0xBBE8, 0xBC08, 0xC449, 0xCCAB, 0xD4CC, 0xCC8B, 0xCC6B, 0xCC6B, 0xCC8B, 0xCC8B, 0xC46B, 0xC46B, 0xC42A,
    0xC42A, 0xC42A, 0xBC2A, 0xBC2A, 0xBC0A, 0xB3E9, 0xBBE9, 0xAB87, 0xA346, 0xAB66, 0xAB66, 0xA325, 0xA325, 0xB3A7, 0xBC08, 0xBC08,
    0xBBE8, 0xC429, 0xD4AA, 0xD4EB, 0xD4EB, 0xD50C, 0xDD4C, 0xDD4C, 0xDD4D, 0xDD6D, 0xDD6E, 0xDD6E, 0xE5AE, 0xE5AF, 0xE5AF, 0xE5AF,
    0xFF98, 0xFF99, 0xFF98, 0xFF78, 0xFF78, 0xFF99, 0xFFB9, 0xFF99, 0xFF99, 0xFFB9, 0xFF99, 0xFF98, 0xFF99, 0xFF98, 0xFF98, 0xFF77,
    0xF6D4, 0xF651, 0xF631, 0xF672, 0xFEB2, 0xFEB2, 0xFE92, 0xF651, 0xEE51, 0xF672, 0xFEB3, 0xFED3, 0xFED3, 0xFED4, 0xFEF4, 0xFED3,
    0xFE92, 0xF692, 0xEE51, 0xEE31, 0xF631, 0xEE31, 0xF672, 0xF692, 0xF692, 0xF651, 0xF651, 0xF651, 0xF692, 0xF672, 0xF671, 0xFED3,
    0xFEF4, 0xFEF4, 0xFF15, 0xFF15, 0xFED4, 0xFF36, 0xFF36, 0xFEF4, 0xFEF4, 0xFEF4, 0xFEF4, 0xFED3, 0xFEF4, 0xF693, 0xF692, 0xFEB3,
    0xFEF4, 0xFF77, 0xFFBA, 0xFFDA, 0xFFDA, 0xFFD9, 0xFFB9, 0xFFB9, 0xFFDA, 0xF7B9, 0xC5D3, 0x9C4C, 0xCDF3, 0xFFFB, 0xFFDA, 0xFFFB,
    0xFFBA, 0xFF59, 0xE6B6, 0xDE54, 0xE674, 0xDE54, 0xEEB6, 0xE675, 0xE654, 0xE655, 0xE654, 0xDDF3, 0xDE13, 0xD5D2, 0xD5D2, 0xD5D3,
    0xD5D3, 0xD5D2, 0x8B28, 0xB48D, 0xCD71, 0xEE96, 0xE696, 0xE6B7, 0xCDB3, 0xC551, 0xB48D, 0xA389, 0xC4EF, 0xBCAD, 0xC4EF, 0xD5D2,
    0xD5B2, 0xD5B2, 0xD5D2, 0xD5D2, 0xD5B2, 0xD5D2, 0xD5D2, 0xDDF2, 0xE633, 0xE633, 0xE633, 0xE613, 0xE633, 0xE633, 0xE633, 0xE633,
    0xE613, 0xE612, 0xDDF2, 0xDDB0, 0xDDD1, 0xDDF1, 0xDDF1, 0xDDD0, 0xE612, 0xE612, 0xE612, 0xE612, 0xE612, 0xEE32, 0xEE11, 0xE611,
    0xE611, 0xE5F1, 0xE5F1, 0xE611, 0xE611, 0xE5F0, 0xE5D0, 0xEDF1, 0xEE72, 0xE610, 0xE610, 0xE610, 0xE610, 0xE611, 0xEE11, 0xE611,
    0xEE31, 0xEE32, 0xEE32, 0xE5F0, 0xE5F0, 0xDDAF, 0xDD6E, 0xC46B, 0xB3E9, 0xABC8, 0xB409, 0xBC09, 0xB409, 0xABC8, 0xABC8, 0xA387,
    0xAB88, 0xABA8, 0xA367, 0x9326, 0x82A5, 0x6A02, 0x61E2, 0x61E2, 0x61E1, 0x61E1, 0x61E1, 0x69E2, 0x8A44, 0xBC29, 0xC449, 0xB3C7,
    0xBBE7, 0xC429, 0xC449, 0xC428, 0xC429, 0xC429, 0xC46A, 0xCCAB, 0xD4CC, 0xC44A, 0xC44A, 0xCC6B, 0xCC8B, 0xCC6B, 0xC46B, 0xC44B,
    0xC42A, 0xC42A, 0xC42A, 0xC42A, 0xBC2A, 0xBBE9, 0xBBE9, 0xBBC9, 0xB3A7, 0xA326, 0xA346, 0xAB66, 0xB3A7, 0xBBE7, 0xBC08, 0xBC08,
    0xC408, 0xC449, 0xCC8A, 0xD4CA, 0xD4EB, 0xD4EB, 0xDD6D, 0xE58D, 0xE58D, 0xE58D, 0xE58E, 0xDD8E, 0xE58E, 0xE5AF, 0xE5AF, 0xE5AF,
    0xFF57, 0xFF78, 0xFF99, 0xFF98, 0xFF98, 0xFF99, 0xFFB9, 0xFF99, 0xFF99, 0xFF99, 0xFF78, 0xFF77, 0xFF98, 0xFF78, 0xFF78, 0xFF57,
    0xF6F5, 0xF672, 0xF651, 0xF692, 0xFEB2, 0xF672, 0xEDF0, 0xEDF0, 0xF651, 0xF692, 0xF6B3, 0xF6B3, 0xFED4, 0xFEF4, 0xFEF4, 0xF672,
    0xE5EF, 0xE5EF, 0xEDCF, 0xE5CF, 0xEDF0, 0xEE10, 0xF631, 0xFE92, 0xFE92, 0xF651, 0xF651, 0xF651, 0xF651, 0xEE10, 0xF651, 0xF692,
    0xF6B2, 0xFEF3, 0xFEF4, 0xFEF4, 0xFEF4, 0xFF36, 0xFF36, 0xFEF4, 0xFEF4, 0xFF14, 0xFEF4, 0xFEF4, 0xFED3, 0xFEB3, 0xF6D4, 0xF6D4,
    0xFED3, 0xFF56, 0xFF98, 0xFFB9, 0xFFB9, 0xFFBA, 0xFFB9, 0xFFB9, 0xFFDA, 0xFFDA, 0xFFFD, 0x8349, 0xBD30, 0xFFFD, 0xFFBA, 0xFFDB,
    0xFFBA, 0xFF79, 0xF758, 0xFF99, 0xF738, 0xE675, 0xEED6, 0xE675, 0xE655, 0xE675, 0xE655, 0xDE34, 0xE634, 0xE634, 0xE634, 0xDDF3,
    0xD5F3, 0xD5D2, 0xE634, 0x8B49, 0x8B08, 0xEE75, 0xE655, 0xE675, 0xA40C, 0x7A86, 0xAC2C, 0xDE13, 0xDDF2, 0xDDF3, 0xDDF3, 0xD5D2,
    0xD5D2, 0xD5D2, 0xD5D2, 0xD5D2, 0xD5D2, 0xD5D2, 0xD5D2, 0xDE13, 0xE634, 0xDE33, 0xE633, 0xE613, 0xE633, 0xE633, 0xE633, 0xE633,
    0xE613, 0xE613, 0xE612, 0xD58F, 0xDDB0, 0xDDD1, 0xDDD1, 0xD58F, 0xE611, 0xE611, 0xE5F1, 0xE612, 0xE632, 0xEE32, 0xEE32, 0xE611,
    0xE611, 0xEE32, 0xE611, 0xE5F1, 0xE5F1, 0xE5F1, 0xE5F1, 0xE5F1, 0xEE52, 0xEE11, 0xE610, 0xE611, 0xEE31, 0xE611, 0xEE31, 0xE631,
    0xE611, 0xE631, 0xEE32, 0xEE11, 0xE5D0, 0xCCEC, 0xBC4A, 0xBC4A, 0xBC0A, 0xB3E9, 0xABC8, 0xB3C8, 0xB409, 0xB409, 0xB3E9, 0xABA8,
    0xABA8, 0xABA8, 0xA388, 0x92E6, 0x6A02, 0x7223, 0x6A02, 0x61E1, 0x61E1, 0x61E1, 0x61C1, 0x7202, 0x8223, 0x9AC4, 0xC408, 0xD4CB,
    0xBC28, 0xBC28, 0xC449, 0xC449, 0xC449, 0xC469, 0xCC8A, 0xC44A, 0xC44A, 0xC44A, 0xC42A, 0xC429, 0xC46A, 0xCC8B, 0xCC8B, 0xCC8B,
    0xC44A, 0xC44A, 0xBC29, 0xB3E9, 0xB3E9, 0xB3E9, 0xBBE9, 0xAB87, 0xA325, 0xA325, 0xA305, 0xA346, 0xBBE8, 0xC408, 0xBBE8, 0xBC08,
    0xCC69, 0xD4AA, 0xD48A, 0xD4AA, 0xD50C, 0xD52C, 0xDD6D, 0xE56D, 0xDD6D, 0xDD6D, 0xE58D, 0xE58E, 0xDD8E, 0xDD8E, 0xDD8E, 0xDDAF,
    0xFF77, 0xFF98, 0xFF98, 0xFF98, 0xFFB9, 0xFFB9, 0xFFB9, 0xFFB9, 0xFF99, 0xFF98, 0xFF58, 0xFF57, 0xFF98, 0xFF98, 0xFF99, 0xFF77,
    0xFF15, 0xF692, 0xEE51, 0xF651, 0xF651, 0xF631, 0xF610, 0xF631, 0xEE10, 0xF672, 0xFEB3, 0xFEF4, 0xFEF4, 0xFEF4, 0xFEF5, 0xFED3,
    0xF651, 0xEE31, 0xF631, 0xF651, 0xF671, 0xF672, 0xF671, 0xFE92, 0xF672, 0xF692, 0xFEB2, 0xF692, 0xF692, 0xF671, 0xFE92, 0xFEB2,
    0xFEB3, 0xFEB3, 0xFEB3, 0xFEB3, 0xFF15, 0xFEF5, 0xFEB3, 0xFED4, 0xFED4, 0xFED4, 0xF693, 0xF6B3, 0xF6B3, 0xFEB3, 0xFF56, 0xFEF5,
    0xF672, 0xF6B3, 0xFF98, 0xFFBA, 0xFFBA, 0xFFB9, 0xFFDA, 0xFFDA, 0xFFD9, 0xFFD9, 0xFFFB, 0x8328, 0xACAD, 0xF779, 0xFFDA, 0xFFDA,
    0xFFBA, 0xFFBA, 0xFFBA, 0xFFBA, 0xFF9A, 0xFF99, 0xF718, 0xE675, 0xE675, 0xE675, 0xE655, 0xE655, 0xE655, 0xE655, 0xE655, 0xDE13,
    0xD5F3, 0xD5F3, 0xD5D2, 0xE654, 0xAC2C, 0x7204, 0x8285, 0x7A24, 0xB46C, 0xDE33, 0xD5D2, 0xD5D2, 0xD5D2, 0xD5B2, 0xD5B2, 0xD5D2,
    0xD5D2, 0xD5D2, 0xD5D2, 0xD5D2, 0xDE13, 0xE634, 0xE634, 0xE634, 0xE634, 0xDE34, 0xE634, 0xE633, 0xE634, 0xE633, 0xE613, 0xE633,
    0xE613, 0xE613, 0xE633, 0xDDB0, 0xD58F, 0xDDB0, 0xDDD0, 0xCD0D, 0xD54E, 0xE5F1, 0xD58F, 0xDD8F, 0xEE53, 0xEE32, 0xEE32, 0xEE11,
    0xE5F1, 0xEE11, 0xEE31, 0xE611, 0xE5F1, 0xE5F1, 0xE5F1, 0xE5F1, 0xEE52, 0xE610, 0xE610, 0xE631, 0xEE31, 0xE611, 0xE631, 0xEE31,
    0xEE31, 0xE611, 0xE611, 0xEE11, 0xE5D0, 0xD50D, 0xBC09, 0xBC09, 0xBC2A, 0xBC2A, 0xB409, 0xABC8, 0xABA8, 0xABA8, 0xABC8, 0xB3E8,
    0xB3C8, 0xABC8, 0x9B46, 0x9306, 0x8AE5, 0x8284, 0x7A63, 0x61E2, 0x61E1, 0x61E1, 0x61E1, 0x7202, 0x8223, 0xA2E5, 0xBBE7, 0xCC69,
    0xD4AA, 0xCCAA, 0xCC8A, 0xC449, 0xC449, 0xC449, 0xC449, 0xC44A, 0xC44A, 0xC44A, 0xC44A, 0xC44A, 0xC46A, 0xCC6B, 0xCC6B, 0xCC6B,
    0xC44A, 0xC44A, 0xC42A, 0xBC09, 0xB3E8, 0xB3A7, 0xAB87, 0xA346, 0xA305, 0xA325, 0xA325, 0xAB66, 0xBBC7, 0xC3E8, 0xC408, 0xC408,
    0xCC69, 0xD4AA, 0xCCAA, 0xDD0B, 0xE56D, 0xDD6D, 0xDD6D, 0xDD6D, 0xDD6D, 0xDD6D, 0xE58E, 0xE5AE, 0xE5AE, 0xE58F, 0xDD8E, 0xE5AF,
    0xFF98, 0xFFB9, 0xFFB9, 0xFFB9, 0xFFB9, 0xFFB9, 0xFFB9, 0xFFB9, 0xFF98, 0xFF98, 0xFF98, 0xFF78, 0xFF78, 0xFF98, 0xFF98, 0xFF77,
    0xFF15, 0xF692, 0xEE31, 0xF631, 0xEE10, 0xEE30, 0xF651, 0xF631, 0xEE10, 0xF672, 0xFED3, 0xFED4, 0xFED4, 0xFED4, 0xFEF4, 0xFED3,
    0xF692, 0xF631, 0xEE10, 0xEE31, 0xF651, 0xEE31, 0xF631, 0xF651, 0xF651, 0xF692, 0xFEB3, 0xFED3, 0xFED3, 0xFED3, 0xFED3, 0xFEF3,
    0xFEF4, 0xF6B3, 0xF672, 0xF6F4, 0xF6F4, 0xF692, 0xFEF3, 0xFEF4, 0xFEF4, 0xFEF4, 0xFED4, 0xFED3, 0xFED3, 0xF6F4, 0xF6D4, 0xF692,
    0xF692, 0xFED4, 0xFFB9, 0xFFDA, 0xFFDA, 0xFFDA, 0xFFB9, 0xFFB9, 0xFFB9, 0xFFB9, 0xFFDA, 0xE6F7, 0x8348, 0x93EB, 0xFFFC, 0xFFBA,
    0xFFBA, 0xFFBA, 0xFFBA, 0xFFBA, 0xFFDB, 0xFFBB, 0xF718, 0xEEB6, 0xF717, 0xEEB6, 0xE655, 0xE655, 0xE655, 0xE654, 0xE654, 0xE634,
    0xDE13, 0xD5F2, 0xD5F3, 0xDDF3, 0xCD71, 0xC50F, 0xC52F, 0xC50F, 0xCD91, 0xDDF3, 0xD5F2, 0xD5D2, 0xD5D2, 0xD5D2, 0xD5B2, 0xD5D2,
    0xD5B2, 0xDDF3, 0xE614, 0xDE14, 0xE634, 0xE634, 0xE634, 0xE634, 0xE634, 0xE634, 0xE634, 0xE613, 0xE613, 0xE613, 0xDDF2, 0xE613,
    0xE613, 0xE613, 0xE633, 0xDDB0, 0xD58F, 0xDDAF, 0xDDAF, 0xD50D, 0xCCAB, 0xDD6F, 0xDD8F, 0xBC6A, 0xDDD0, 0xEE52, 0xE611, 0xEE32,
    0xEE32, 0xEE11, 0xEE12, 0xEE32, 0xE611, 0xEE11, 0xEE11, 0xE5F1, 0xEE52, 0xE5F0, 0xE5F0, 0xE611, 0xEE31, 0xEE31, 0xE631, 0xEE31,
    0xEE31, 0xE611, 0xE611, 0xE5D0, 0xDD6E, 0xD52D, 0xC48B, 0xBC09, 0xBC2A, 0xBC0A, 0xBC0A, 0xB409, 0xB409, 0xABA8, 0xAB87, 0xABA7,
    0xABC8, 0xABA8, 0xA367, 0x9B26, 0x9B26, 0x82A4, 0x7A64, 0x69E2, 0x61E1, 0x61E2, 0x61E1, 0x7202, 0x8223, 0x9AE4, 0xBBE7, 0xC428,
    0xCC69, 0xD4AA, 0xCCAA, 0xCCAA, 0xCC8A, 0xCC6A, 0xC449, 0xC429, 0xC449, 0xC44A, 0xC44A, 0xC46A, 0xCCAB, 0xCCAB, 0xCC6B, 0xC46B,
    0xCC8B, 0xC44A, 0xBC2A, 0xC42A, 0xBC09, 0xB3C8, 0xAB86, 0xAB66, 0xAB66, 0xAB66, 0xB386, 0xBBC7, 0xBBC7, 0xBBE8, 0xC428, 0xCC8A,
    0xCC8A, 0xD4AA, 0xD4AA, 0xD4CA, 0xDD4D, 0xE56D, 0xDD6D, 0xDD4D, 0xDD4C, 0xDD4D, 0xDD6D, 0xDD8D, 0xE58E, 0xE5AF, 0xE58F, 0xE5AF,
    0xFF98, 0xFF78, 0xFF78, 0xFF98, 0xFF98, 0xFF78, 0xFF98, 0xFF98, 0xFF98, 0xFF98, 0xFF98, 0xFF78, 0xFF78, 0xFF98, 0xFFB9, 0xFF78,
    0xFF15, 0xF692, 0xF651, 0xF651, 0xF651, 0xF651, 0xF651, 0xF631, 0xEE10, 0xEE51, 0xF6B3, 0xFEB3, 0xFEB3, 0xFED3, 0xF6B3, 0xF6B3,
    0xFED3, 0xFEB3, 0xF672, 0xF672, 0xEE31, 0xF651, 0xF631, 0xEDAF, 0xEE10, 0xF671, 0xF692, 0xF672, 0xF651, 0xF671, 0xF692, 0xFED3,
    0xFEF4, 0xF6B3, 0xF6B3, 0xFEF5, 0xF693, 0xFE92, 0xFEB3, 0xFEB2, 0xFED3, 0xFED3, 0xF692, 0xF672, 0xF6B3, 0xF6D4, 0xEE10, 0xEE31,
    0xF692, 0xFED3, 0xFF56, 0xFFD9, 0xFFDA, 0xFFB9, 0xFF99, 0xFFD9, 0xFFDA, 0xFFD9, 0xFFB9, 0xFFFD, 0x9BEB, 0x93AA, 0xFFFB, 0xFF99,
    0xFFBA, 0xFFBA, 0xFF99, 0xF738, 0xF717, 0xF779, 0xFF79, 0xEED7, 0xF718, 0xEEB6, 0xE655, 0xE675, 0xE655, 0xE655, 0xE655, 0xE655,
    0xE634, 0xD5D2, 0xD5F2, 0xD5F3, 0xDE13, 0xDE34, 0xDE14, 0xDE34, 0xDE13, 0xDDF3, 0xD5F3, 0xD5F3, 0xD5D3, 0xD5D2, 0xD5D2, 0xD5D2,
    0xD5D2, 0xDE13, 0xE634, 0xE634, 0xE634, 0xE634, 0xE634, 0xE634, 0xE634, 0xE634, 0xE634, 0xDDF2, 0xD5B1, 0xDDF2, 0xDDF2, 0xE613,
    0xE633, 0xE612, 0xE632, 0xDDD0, 0xDD8F, 0xDDB0, 0xDDB0, 0xD52D, 0xCCCC, 0xD50D, 0xDD4E, 0xC4AB, 0xBC6A, 0xDD8F, 0xEE32, 0xE611,
    0xE611, 0xEE12, 0xEE12, 0xEE11, 0xEE11, 0xEE32, 0xEE32, 0xEE32, 0xEE52, 0xE611, 0xE611, 0xE611, 0xEE31, 0xEE31, 0xEE31, 0xEE31,
    0xE611, 0xE611, 0xEE11, 0xDDAF, 0xCCAB, 0xC46A, 0xC46A, 0xBC4A, 0xC44A, 0xC46B, 0xC44A, 0xBC2A, 0xBC09, 0xB3C8, 0xABA8, 0xABA8,
    0xABA8, 0xABC8, 0xA367, 0x9306, 0x9B26, 0x82A4, 0x7A43, 0x7202, 0x69E2, 0x61E2, 0x61E2, 0x7222, 0x8223, 0x9AE4, 0xBBE8, 0xC428,
    0xCC69, 0xD4AA, 0xCC8A, 0xCCAA, 0xCC8A, 0xCC8A, 0xCC6A, 0xC449, 0xC449, 0xCC8A, 0xC46A, 0xC44A, 0xCC8B, 0xD4CC, 0xCCAB, 0xC46A,
    0xC44A, 0xC44A, 0xC42A, 0xC42A, 0xC409, 0xBBE8, 0xA346, 0xA325, 0xA345, 0xAB46, 0xBBA7, 0xBBC7, 0xBBE8, 0xC3E8, 0xC428, 0xCC89,
    0xCC8A, 0xD4AA, 0xD4AA, 0xD4AA, 0xD4CB, 0xDD0C, 0xE56D, 0xDD6D, 0xDD6D, 0xDD6D, 0xDD4D, 0xDD6D, 0xDD6D, 0xDD8E, 0xE5AF, 0xE5AF,
    0xFF98, 0xFF78, 0xFF57, 0xFF78, 0xFF78, 0xFF78, 0xFF78, 0xFF98, 0xFF98, 0xFF98, 0xFF98, 0xFF78, 0xFF78, 0xFF98, 0xFF98, 0xFF77,
    0xFF15, 0xFE92, 0xF651, 0xF672, 0xFEB2, 0xFEB3, 0xF692, 0xF651, 0xF651, 0xEE31, 0xEE31, 0xEDF0, 0xEE10, 0xEE31, 0xF631, 0xF631,
    0xF692, 0xFED3, 0xF692, 0xEE30, 0xEE31, 0xF672, 0xF651, 0xEE10, 0xEE30, 0xEE31, 0xEE31, 0xF631, 0xEE10, 0xF651, 0xF672, 0xF692,
    0xFED3, 0xFEB3, 0xFED4, 0xF6B3, 0xF651, 0xFE92, 0xFEB3, 0xFE92, 0xF671, 0xF671, 0xF631, 0xEE31, 0xF6D4, 0xF6D4, 0xFED3, 0xFEF4,
    0xFED3, 0xFEB3, 0xFF15, 0xFFD9, 0xFFBA, 0xFFB9, 0xFFD9, 0xFFDA, 0xFFFA, 0xFFDA, 0xFFD9, 0xFFD9, 0xEF18, 0xA46D, 0x93EB, 0xFFFC,
    0xFFBA, 0xFFBA, 0xFF99, 0xEED6, 0xEED7, 0xFF59, 0xFF79, 0xEEF7, 0xF6F8, 0xEED7, 0xE675, 0xE675, 0xE655, 0xE655, 0xE655, 0xE655,
    0xE634, 0xD5F3, 0xD5F3, 0xDDF3, 0xDDF3, 0xDDF3, 0xD5F3, 0xD5F3, 0xD5F3, 0xDDF3, 0xDDF3, 0xD5F3, 0xD5F3, 0xDE34, 0xE634, 0xDE34,
    0xDE34, 0xE634, 0xE634, 0xE654, 0xE654, 0xE634, 0xE634, 0xE634, 0xE654, 0xDE34, 0xE634, 0xDDF2, 0xDDD1, 0xDDD1, 0xDDF2, 0xE633,
    0xE633, 0xE612, 0xE612, 0xDDD0, 0xDD8F, 0xDDB0, 0xDDD0, 0xDD8F, 0xDD4E, 0xD50D, 0xDD8E, 0xDD6E, 0xB3C8, 0xCCCC, 0xE5F0, 0xE5F0,
    0xE5F1, 0xE611, 0xEE31, 0xEE11, 0xE611, 0xEE11, 0xEE32, 0xEE32, 0xEE32, 0xEE31, 0xEE32, 0xEE31, 0xEE31, 0xEE31, 0xEE31, 0xEE31,
    0xEE32, 0xE5F0, 0xDD8F, 0xDD6E, 0xCCAB, 0xC46A, 0xC44A, 0xC46A, 0xC48B, 0xC46B, 0xC46B, 0xBC2A, 0xB409, 0xABC8, 0xABA8, 0xABA8,
    0xABA8, 0xAB88, 0x9B47, 0x92E5, 0x9326, 0x82A4, 0x7243, 0x7A63, 0x7A63, 0x7222, 0x61E2, 0x7A42, 0xA325, 0xAB45, 0xBBE7, 0xC428,
    0xC448, 0xCC89, 0xCCAA, 0xCC8A, 0xCC8A, 0xCC8A, 0xCCAA, 0xCC8A, 0xC449, 0xC46A, 0xCCAB, 0xCC8A, 0xCC8A, 0xCC8B, 0xCCAB, 0xCCAB,
    0xC46B, 0xC42A, 0xC42A, 0xC42A, 0xBC09, 0xBC09, 0xAB66, 0xA325, 0xA346, 0xA325, 0xB386, 0xBBE8, 0xBBE8, 0xC428, 0xCC49, 0xC449,
    0xCC8A, 0xD4AA, 0xD4AA, 0xD4CA, 0xD4CB, 0xD4EB, 0xDD4C, 0xE56D, 0xE58E, 0xE58E, 0xE5AE, 0xE5AE, 0xE5AE, 0xE5AF, 0xE5AF, 0xE5AF,
    0xFF98, 0xFF57, 0xFF37, 0xFF98, 0xFF98, 0xFF78, 0xFF78, 0xFF78, 0xFF78, 0xFF78, 0xFF78, 0xFF78, 0xFF78, 0xFF78, 0xFF57, 0xFF57,
    0xFF15, 0xF692, 0xF651, 0xEE31, 0xF692, 0xF692, 0xF672, 0xF672, 0xF651, 0xEE31, 0xEE10, 0xE5EF, 0xEDF0, 0xEE10, 0xEE30, 0xEE10,
    0xEE10, 0xF672, 0xF672, 0xF672, 0xF692, 0xEE10, 0xEE10, 0xF671, 0xF651, 0xEE10, 0xF610, 0xEE10, 0xEE10, 0xF651, 0xF672, 0xF672,
    0xF672, 0xFED4, 0xFED3, 0xF672, 0xF672, 0xFE92, 0xF672, 0xF631, 0xF651, 0xF692, 0xF672, 0xF6B3, 0xF6F4, 0xFED3, 0xFED3, 0xFED3,
    0xFEB3, 0xFEB3, 0xFF15, 0xFF98, 0xFFDA, 0xFFB9, 0xFFB9, 0xFFB9, 0xFFDA, 0xFFD9, 0xFFD9, 0xFFB9, 0xFFFC, 0xCE33, 0x93CB, 0xCE13,
    0xFFB9, 0xFFBA, 0xFF9A, 0xFF79, 0xFF99, 0xFF9A, 0xFF79, 0xF738, 0xF6F7, 0xEEF7, 0xEEF7, 0xEEB6, 0xEE96, 0xE696, 0xE655, 0xE655,
    0xE655, 0xE654, 0xE654, 0xDE34, 0xDDF3, 0xDE14, 0xDE34, 0xDE34, 0xDE34, 0xDE14, 0xDE14, 0xE634, 0xDE34, 0xE654, 0xE654, 0xE654,
    0xE654, 0xE654, 0xE634, 0xE654, 0xE654, 0xE654, 0xE654, 0xE634, 0xE634, 0xE634, 0xDE34, 0xDE12, 0xD5B0, 0xDDD1, 0xD5B0, 0xE612,
    0xE612, 0xE5F2, 0xE612, 0xDDF0, 0xD5AF, 0xDDB0, 0xE5D0, 0xE5D0, 0xE5D0, 0xDDAF, 0xDDAF, 0xDD8F, 0xCCCC, 0xC48B, 0xDD8F, 0xE5F0,
    0xE5F0, 0xE5F1, 0xEE11, 0xEE11, 0xE611, 0xEE11, 0xE611, 0xE611, 0xEE32, 0xEE11, 0xE631, 0xE611, 0xE631, 0xEE32, 0xEE32, 0xEE32,
    0xEE32, 0xE5D0, 0xCCEC, 0xCC8B, 0xCC8B, 0xCC8B, 0xCCAB, 0xCCAB, 0xC48B, 0xBC2A, 0xBC2A, 0xBC2A, 0xB40A, 0xB3C8, 0xABA8, 0xB3A8,
    0xABA8, 0x9B26, 0x92E5, 0x9306, 0x9326, 0x82A5, 0x7243, 0x7223, 0x7223, 0x6A03, 0x69E2, 0x7A22, 0xAB26, 0xAB66, 0xBBC7, 0xC469,
    0xC448, 0xC469, 0xCCAA, 0xCC8A, 0xCC8A, 0xCC8A, 0xCCAA, 0xCCAA, 0xCCCB, 0xCCAA, 0xCCAB, 0xCCAB, 0xCCAB, 0xCC8A, 0xCC8A, 0xCC8B,
    0xCC8B, 0xC42A, 0xC42A, 0xC42A, 0xBBE9, 0xBC09, 0xB3C7, 0xA345, 0xA345, 0xB386, 0xBBC7, 0xBBE8, 0xC3E8, 0xC408, 0xCC89, 0xD4CA,
    0xD4CA, 0xD4CA, 0xD4EB, 0xDD2C, 0xDD4C, 0xDD4C, 0xDD4C, 0xDD4D, 0xDD4D, 0xE56D, 0xE58E, 0xE5AF, 0xE5AF, 0xE5AF, 0xE58F, 0xE5AF,
    0xFF57, 0xF737, 0xFF57, 0xFF78, 0xFF78, 0xFF78, 0xFF78, 0xFF78, 0xF757, 0xFF78, 0xFF98, 0xFF78, 0xFF78, 0xFF78, 0xFF57, 0xFF58,
    0xFF57, 0xFEF4, 0xF672, 0xF651, 0xF672, 0xFE92, 0xFE92, 0xFE92, 0xF672, 0xEE30, 0xF651, 0xEE31, 0xEE10, 0xF651, 0xF672, 0xF672,
    0xF671, 0xF652, 0xF652, 0xF672, 0xEE31, 0xEDF0, 0xF631, 0xF631, 0xF651, 0xEDF0, 0xEE11, 0xF651, 0xF651, 0xFE72, 0xF672, 0xF672,
    0xFEF4, 0xFF35, 0xFEF4, 0xFEB3, 0xFE92, 0xFED3, 0xFED3, 0xFEB3, 0xFED3, 0xFEB3, 0xF6D3, 0xF715, 0xF693, 0xFEB3, 0xFED3, 0xF6B3,
    0xFE93, 0xFE92, 0xFE93, 0xFF36, 0xFFB9, 0xFF98, 0xFFB8, 0xFFB8, 0xFF99, 0xFFB9, 0xFFB9, 0xFFD9, 0xFFB9, 0xFFFB, 0xC591, 0x7244,
    0xF779, 0xFFBA, 0xFF9A, 0xFF9A, 0xFF9A, 0xFF9A, 0xFF79, 0xEEF8, 0xEEF7, 0xEED7, 0xEED7, 0xEED7, 0xEEF7, 0xEED7, 0xE655, 0xE675,
    0xE675, 0xE654, 0xE655, 0xDE34, 0xDE13, 0xDE34, 0xE655, 0xE655, 0xE655, 0xE654, 0xE654, 0xE654, 0xE654, 0xE654, 0xE654, 0xE654,
    0xE654, 0xE654, 0xE654, 0xE654, 0xE654, 0xE654, 0xE654, 0xE654, 0xE654, 0xE634, 0xE634, 0xDE12, 0xDDD1, 0xDDB0, 0xCD4F, 0xDDF2,
    0xE612, 0xE5F1, 0xE611, 0xDDF1, 0xDDD0, 0xDDD0, 0xE5F1, 0xE5F1, 0xE5F1, 0xE5F1, 0xE5F0, 0xE5D0, 0xE5D0, 0xCCEC, 0xD54E, 0xE5F0,
    0xE5F0, 0xE5F0, 0xE5F0, 0xE611, 0xEE12, 0xE611, 0xE611, 0xE611, 0xEE11, 0xEE11, 0xE611, 0xE611, 0xE611, 0xE631, 0xEE11, 0xE631,
    0xEE31, 0xE5D0, 0xD50C, 0xCCAB, 0xC46A, 0xCC8B, 0xCC8B, 0xCC8B, 0xC48B, 0xBC2A, 0xBC2A, 0xBC2A, 0xBC2A, 0xB3E9, 0xABA8, 0xABA8,
    0xABA8, 0xABC8, 0x9B47, 0x9306, 0x9B26, 0x8AC5, 0x7A43, 0x7203, 0x69E2, 0x6A02, 0x7202, 0x92E5, 0xAB46, 0xB386, 0xBC08, 0xC469,
    0xC469, 0xC469, 0xCC69, 0xCC69, 0xCC6A, 0xCCAA, 0xCCAA, 0xCCAA, 0xD4CB, 0xD4EB, 0xD4CB, 0xCCAB, 0xCCAB, 0xCCAB, 0xCC8A, 0xC449,
    0xC46A, 0xCC6A, 0xC44A, 0xC429, 0xBBE8, 0xB3A7, 0xAB66, 0xAB66, 0xAB45, 0xBBC7, 0xC3E8, 0xC3E8, 0xCC49, 0xD48A, 0xD4AA, 0xD4CA,
    0xD4EB, 0xD4EB, 0xDD0B, 0xDD2C, 0xDD2C, 0xDD4D, 0xDD4D, 0xDD4D, 0xDD4D, 0xE56E, 0xE58E, 0xE5AF, 0xE5AF, 0xE5AF, 0xE58F, 0xE58F,
    0xFF57, 0xFF78, 0xFF98, 0xFF98, 0xFF78, 0xFF78, 0xFF77, 0xFF78, 0xFF77, 0xFF78, 0xFF98, 0xFF78, 0xFF58, 0xFF78, 0xFF78, 0xFF78,
    0xFF78, 0xFEF4, 0xF672, 0xF672, 0xF672, 0xF651, 0xF651, 0xF672, 0xF672, 0xF651, 0xEDF0, 0xEDF0, 0xEE10, 0xFE93, 0xFED3, 0xFED3,
    0xFEB3, 0xEE31, 0xEE31, 0xF652, 0xF631, 0xF671, 0xF692, 0xF631, 0xF631, 0xF651, 0xF672, 0xF672, 0xF651, 0xEE31, 0xEE31, 0xFE92,
    0xFEF4, 0xFEF4, 0xFEB3, 0xFEB3, 0xFE93, 0xFEB3, 0xFED3, 0xFED3, 0xF651, 0xF631, 0xF6F4, 0xF6B3, 0xF631, 0xF651, 0xF692, 0xFED3,
    0xF692, 0xEE31, 0xFE92, 0xFF56, 0xFFD9, 0xFF98, 0xFF98, 0xFF98, 0xFFB9, 0xFFD9, 0xFFB9, 0xFFB8, 0xFFD9, 0xFFD9, 0xF798, 0xCE12,
    0x7245, 0xE695, 0xFFBB, 0xFF9A, 0xFF9A, 0xFF9A, 0xFF9A, 0xFF7A, 0xF759, 0xEEF7, 0xEED6, 0xEED7, 0xEED7, 0xEEB6, 0xE655, 0xE675,
    0xE675, 0xE655, 0xE654, 0xE655, 0xE655, 0xE654, 0xDE54, 0xE655, 0xE655, 0xE655, 0xE655, 0xE654, 0xE654, 0xE654, 0xE654, 0xE654,
    0xE654, 0xE654, 0xE654, 0xE654, 0xE654, 0xE654, 0xE654, 0xE654, 0xE654, 0xE654, 0xE654, 0xE634, 0xE612, 0xD590, 0xD56F, 0xDDF1,
    0xE612, 0xE5F2, 0xE611, 0xE5F1, 0xDDD0, 0xDDD0, 0xE611, 0xE5F1, 0xE611, 0xE612, 0xE611, 0xE5F0, 0xE5D0, 0xDD8F, 0xDD8E, 0xDDD0,
    0xDDD0, 0xE611, 0xE5F0, 0xE5D0, 0xE612, 0xE611, 0xE5F1, 0xE611, 0xE611, 0xE611, 0xEE32, 0xEE32, 0xEE31, 0xEE31, 0xEE11, 0xEE11,
    0xDD8F, 0xDD4D, 0xD50C, 0xCCCB, 0xCC8B, 0xC46A, 0xC46A, 0xCC8B, 0xC48B, 0xBC2A, 0xBC09, 0xBC09, 0xB409, 0xBC09, 0xBC09, 0xB3E9,
    0xABA8, 0xABA7, 0x9326, 0x8AA4, 0x8AC5, 0x82A4, 0x7A43, 0x7203, 0x6A03, 0x69E2, 0x8AC4, 0xAB66, 0xAB45, 0xBBC7, 0xC449, 0xC469,
    0xC469, 0xCC8A, 0xCC8A, 0xCC8A, 0xCC8A, 0xCC8A, 0xCCAA, 0xCCAA, 0xD4CB, 0xD4EB, 0xD4CB, 0xCCCB, 0xCCAB, 0xCCAB, 0xCCAB, 0xC46A,
    0xC429, 0xC429, 0xC429, 0xC409, 0xBBE8, 0xAB86, 0xAB66, 0xAB66, 0xB3A7, 0xBBC7, 0xC3E8, 0xCC49, 0xD4AA, 0xD4CA, 0xD4CA, 0xD4CA,
    0xD4CA, 0xD4EB, 0xDD0B, 0xDD0B, 0xDD2C, 0xE56D, 0xE56E, 0xE56D, 0xE56E, 0xDD8E, 0xDD8E, 0xE58E, 0xE58F, 0xE5AF, 0xE5AF, 0xE58F,
    0xFF78, 0xFF98, 0xFF78, 0xFF78, 0xFF78, 0xFF57, 0xFF37, 0xFF57, 0xFF58, 0xFF78, 0xFF78, 0xFF57, 0xFF37, 0xFF58, 0xFF78, 0xFF78,
    0xFF57, 0xF6F5, 0xF672, 0xF631, 0xEE10, 0xEE10, 0xEE10, 0xF610, 0xF611, 0xF631, 0xEE10, 0xEE10, 0xF651, 0xF692, 0xF672, 0xF652,
    0xEE31, 0xE5AF, 0xEDB0, 0xEDF0, 0xF631, 0xF651, 0xF671, 0xF651, 0xEE31, 0xF651, 0xFE72, 0xF651, 0xF651, 0xF652, 0xF672, 0xFE92,
    0xF692, 0xF672, 0xF692, 0xF692, 0xF631, 0xEE10, 0xF651, 0xFEB3, 0xF652, 0xF693, 0xFF14, 0xF672, 0xF631, 0xEE30, 0xF651, 0xF692,
    0xF672, 0xF672, 0xFEB2, 0xFEF4, 0xF716, 0xFF98, 0xFF98, 0xFF98, 0xFFB8, 0xFFB9, 0xFFD9, 0xFFD9, 0xFFB9, 0xFFB8, 0xFFFA, 0xF777,
    0x82E6, 0xD5D2, 0xFFFD, 0xFF7A, 0xFF9A, 0xFF9A, 0xFF9A, 0xFF9A, 0xFF9A, 0xF759, 0xEEF8, 0xF718, 0xFF59, 0xEED7, 0xE655, 0xE655,
    0xE655, 0xE675, 0xE675, 0xE675, 0xE675, 0xE655, 0xDE54, 0xE675, 0xE675, 0xE655, 0xE655, 0xE655, 0xE654, 0xE655, 0xE655, 0xE654,
    0xE654, 0xE654, 0xE654, 0xE654, 0xE654, 0xE654, 0xE654, 0xE654, 0xE654, 0xE654, 0xE654, 0xE654, 0xE612, 0xDD90, 0xD56F, 0xDDD1,
    0xE612, 0xE612, 0xE612, 0xE611, 0xE611, 0xDDD0, 0xE611, 0xE5F1, 0xE611, 0xE612, 0xEE12, 0xE611, 0xE611, 0xE5F0, 0xE5D0, 0xE5F0,
    0xDDCF, 0xE5F1, 0xE5F1, 0xDDD0, 0xE5F1, 0xE611, 0xE5F1, 0xE5F0, 0xE611, 0xE611, 0xEE31, 0xEE32, 0xEE52, 0xEE32, 0xE5F1, 0xEE11,
    0xE5CF, 0xDD4D, 0xD4EC, 0xD4EC, 0xD4EC, 0xCC8B, 0xC46A, 0xC46B, 0xC46B, 0xBC29, 0xB3E8, 0xB3E8, 0xB3E8, 0xB409, 0xBC2A, 0xBC2A,
    0xBC09, 0xB409, 0x9B46, 0x8AA4, 0x7A63, 0x7A43, 0x7A43, 0x7223, 0x7202, 0x69E2, 0x8AC5, 0xB3A7, 0xB3C7, 0xBC08, 0xCC69, 0xCC69,
    0xCC8A, 0xD4CB, 0xD4CB, 0xCCAA, 0xCCAA, 0xCCAA, 0xCCAA, 0xCCCB, 0xD4CB, 0xD4CB, 0xCCAA, 0xCCAA, 0xCCAB, 0xCCAA, 0xCCAA, 0xCCAB,
    0xC44A, 0xBC08, 0xBC08, 0xBC08, 0xB3A6, 0xAB66, 0xAB66, 0xAB46, 0xBBA7, 0xBBE8, 0xBBE7, 0xCC28, 0xD4CA, 0xD4CA, 0xD4CA, 0xD4EB,
    0xDCEB, 0xDD0B, 0xDD0B, 0xDD2C, 0xDD4D, 0xE56D, 0xE56D, 0xE56E, 0xE58E, 0xE58E, 0xDD8E, 0xDD8E, 0xE58F, 0xE58F, 0xE5AF, 0xE58F,
    0xFF78, 0xFF58, 0xFF57, 0xF737, 0xF737, 0xFF57, 0xFF78, 0xFF78, 0xFF78, 0xFF78, 0xFF78, 0xFF57, 0xFF37, 0xFF57, 0xFF57, 0xFF57,
    0xFF57, 0xFF36, 0xF6B3, 0xEE30, 0xF651, 0xF610, 0xEDF0, 0xEDCF, 0xE5AF, 0xEDD0, 0xF651, 0xFEB2, 0xFEB2, 0xF692, 0xF651, 0xEE31,
    0xEDD0, 0xE5AF, 0xEDAF, 0xEDD0, 0xEE31, 0xF651, 0xF631, 0xF651, 0xEE10, 0xEE10, 0xF631, 0xEE10, 0xEE10, 0xF652, 0xFE93, 0xFE72,
    0xEE10, 0xF671, 0xFEB3, 0xFEB3, 0xF692, 0xF672, 0xF6B2, 0xFED3, 0xFED4, 0xFEF4, 0xFEF4, 0xFEF4, 0xFEF4, 0xFED3, 0xFED3, 0xFEF3,
    0xFEF3, 0xFEB3, 0xF6B2, 0xF671, 0xF6B3, 0xFF78, 0xFF98, 0xFF98, 0xFF98, 0xFF99, 0xFFD9, 0xFFD9, 0xFFD9, 0xFFD9, 0xFFB9, 0xFFFB,
    0xCE34, 0xB4CE, 0xBD51, 0xFF9A, 0xFF9B, 0xFF9A, 0xFF9A, 0xFF9A, 0xFF9A, 0xFF9A, 0xFF9A, 0xFF7A, 0xFF9A, 0xEED7, 0xE655, 0xE675,
    0xEED6, 0xF718, 0xEED6, 0xE695, 0xE675, 0xE655, 0xE655, 0xE655, 0xE675, 0xE655, 0xE654, 0xE654, 0xE654, 0xE655, 0xE655, 0xE654,
    0xE654, 0xE654, 0xE654, 0xDE33, 0xE654, 0xE655, 0xE654, 0xE634, 0xE654, 0xE654, 0xE654, 0xE654, 0xE613, 0xDDB0, 0xD58F, 0xDDD1,
    0xE5F1, 0xE612, 0xE612, 0xE612, 0xEE32, 0xDDF1, 0xE611, 0xE612, 0xE611, 0xE612, 0xE612, 0xEE32, 0xE612, 0xE611, 0xE611, 0xE5F0,
    0xE5F0, 0xE5F0, 0xE5F0, 0xE5F0, 0xE5F0, 0xE5F0, 0xE611, 0xE631, 0xE632, 0xE612, 0xEE32, 0xEE32, 0xEE32, 0xEE31, 0xDD8E, 0xDD6E,
    0xDD6E, 0xDD6E, 0xD50C, 0xD4EC, 0xD4EC, 0xD4EC, 0xCCAB, 0xC46A, 0xC46B, 0xBC2A, 0xB3E9, 0xB3E9, 0xB3E9, 0xB3E9, 0xBC2A, 0xBC2A,
    0xBC2A, 0xBC09, 0xAB88, 0x9B47, 0x8284, 0x7A43, 0x7A43, 0x7A43, 0x8284, 0x7222, 0x92C4, 0xB3A7, 0xC429, 0xC449, 0xCC49, 0xCC69,
    0xCC69, 0xD4AB, 0xD4EC, 0xD4EC, 0xD4CB, 0xCCCB, 0xCCCB, 0xD4CB, 0xD4CB, 0xD4CB, 0xD4EB, 0xCCCB, 0xCCAA, 0xCC8A, 0xCC8A, 0xCCAB,
    0xCC6A, 0xC429, 0xBC08, 0xBC08, 0xBBE8, 0xB3A7, 0xAB66, 0xB386, 0xBBC7, 0xC3E8, 0xC408, 0xCC69, 0xD4CA, 0xD4CA, 0xD4CA, 0xDCEB,
    0xDD0B, 0xDD0B, 0xD50B, 0xE54D, 0xE56D, 0xE56D, 0xE56D, 0xDD6E, 0xDD6E, 0xE58E, 0xE58E, 0xDD8E, 0xE58F, 0xE5AF, 0xE58F, 0xE58F,
    0xFF78, 0xFF78, 0xF737, 0xF737, 0xFF78, 0xFF78, 0xFF98, 0xFF98, 0xFF98, 0xFF57, 0xFF57, 0xFF57, 0xFF57, 0xFF57, 0xFF57, 0xFF57,
    0xFF57, 0xFF57, 0xF6D4, 0xF631, 0xEDF0, 0xEDF0, 0xEDCF, 0xE5AF, 0xEDAF, 0xEDD0, 0xF631, 0xF651, 0xF631, 0xF651, 0xFE92, 0xF671,
    0xF671, 0xF672, 0xF672, 0xF672, 0xF672, 0xF651, 0xF651, 0xF651, 0xF631, 0xF610, 0xF611, 0xF631, 0xF631, 0xF652, 0xF652, 0xF672,
    0xF651, 0xF651, 0xF672, 0xF692, 0xFEB3, 0xFEF3, 0xF6B3, 0xFE93, 0xFED4, 0xF692, 0xF651, 0xFED3, 0xFEF3, 0xFED3, 0xF6B3, 0xF692,
    0xF692, 0xF651, 0xFE72, 0xF692, 0xFF77, 0xFFDA, 0xFFDA, 0xFFDA, 0xFFD9, 0xFFD9, 0xFFB9, 0xFFB9, 0xFFB9, 0xFFDA, 0xFFDA, 0xFFB9,
    0xFFFC, 0xBD10, 0x7204, 0xFFDB, 0xFF9A, 0xFF9A, 0xFF9A, 0xFF9A, 0xFF9A, 0xFF9A, 0xFF7A, 0xFF7A, 0xFF7A, 0xEED7, 0xEEF7, 0xF739,
    0xF759, 0xF738, 0xEEB7, 0xEE96, 0xE695, 0xE675, 0xE675, 0xE675, 0xE675, 0xE655, 0xE655, 0xE655, 0xE654, 0xE655, 0xE655, 0xE655,
    0xE654, 0xE654, 0xE654, 0xDE12, 0xE634, 0xE655, 0xE654, 0xE634, 0xE654, 0xE654, 0xE654, 0xE654, 0xE612, 0xDDD1, 0xDDD0, 0xDDD1,
    0xDDF1, 0xE632, 0xE632, 0xE612, 0xEE33, 0xE632, 0xE612, 0xEE53, 0xE632, 0xE632, 0xE632, 0xEE12, 0xEE12, 0xE612, 0xE611, 0xE5F0,
    0xE611, 0xE5F1, 0xE611, 0xE611, 0xE5F1, 0xE611, 0xE611, 0xE632, 0xEE32, 0xEE52, 0xEE52, 0xE611, 0xE611, 0xEE32, 0xDD8F, 0xDD4E,
    0xDD4D, 0xDD4D, 0xDD6D, 0xD50C, 0xD4EC, 0xD4EC, 0xD4EC, 0xC48A, 0xC46A, 0xBC2A, 0xB409, 0xB3E9, 0xB3E9, 0xB3E9, 0xB409, 0xBC2A,
    0xBC2A, 0xBC29, 0xAB88, 0xA347, 0x82A4, 0x7A43, 0x7A43, 0x7A43, 0x9B06, 0xA346, 0xAB66, 0xB386, 0xC429, 0xCC69, 0xCC49, 0xCC69,
    0xCC8A, 0xCCAA, 0xD4CB, 0xD4CB, 0xD4CB, 0xD4CB, 0xD4EC, 0xD50C, 0xD4EB, 0xCCCB, 0xD4EB, 0xD4CB, 0xCC8A, 0xC469, 0xC46A, 0xCC6A,
    0xC46A, 0xC429, 0xC429, 0xBC08, 0xBBC7, 0xB3A6, 0xB3A7, 0xC408, 0xC408, 0xC408, 0xCC29, 0xD4AA, 0xD4CA, 0xD4CA, 0xD4CA, 0xD4EB,
    0xDD0B, 0xDD2C, 0xDD4D, 0xE56D, 0xE56D, 0xE56D, 0xE56D, 0xDD6D, 0xDD6D, 0xDD8E, 0xE5AF, 0xE58F, 0xE58F, 0xE58F, 0xE58F, 0xE58F,
    0xFF78, 0xFF78, 0xFF78, 0xFF98, 0xFF78, 0xFF98, 0xFF78, 0xFF57, 0xFF57, 0xF716, 0xF737, 0xFF78, 0xFF57, 0xFF57, 0xFF57, 0xFF57,
    0xFF57, 0xFF37, 0xF6D5, 0xF631, 0xEDAF, 0xEDCF, 0xEDAF, 0xEDCF, 0xF631, 0xF651, 0xF631, 0xF611, 0xE5CF, 0xEE10, 0xF672, 0xF672,
    0xF672, 0xF672, 0xF692, 0xF692, 0xEE31, 0xEE31, 0xF651, 0xEE31, 0xF611, 0xF631, 0xF651, 0xF652, 0xF651, 0xF652, 0xF672, 0xF651,
    0xF651, 0xEE10, 0xEE10, 0xF630, 0xF671, 0xF6B3, 0xF6B3, 0xF693, 0xFED3, 0xF692, 0xF631, 0xF671, 0xFE92, 0xFEB2, 0xFEB3, 0xF672,
    0xEE31, 0xF672, 0xF651, 0xEE30, 0xF6F4, 0xFF98, 0xFFB9, 0xFF99, 0xFFB9, 0xFFD9, 0xFFD9, 0xFFB9, 0xFFB9, 0xFF77, 0xFF57, 0xFF77,
    0xFF98, 0xF756, 0xC54F, 0x9369, 0xFFDA, 0xFF9A, 0xFF9A, 0xFF9A, 0xFF9A, 0xFF9A, 0xFF7A, 0xFF7A, 0xFF7A, 0xFF59, 0xFF59, 0xFF7A,
    0xFF5A, 0xF759, 0xEED7, 0xEED7, 0xEE96, 0xE675, 0xE675, 0xE675, 0xE675, 0xE675, 0xE655, 0xE655, 0xE655, 0xE654, 0xE654, 0xE654,
    0xE654, 0xE655, 0xE634, 0xDE13, 0xE634, 0xE654, 0xE654, 0xE634, 0xE654, 0xE654, 0xE654, 0xE654, 0xE612, 0xDDD1, 0xE5F1, 0xE5F1,
    0xE5F1, 0xE632, 0xEE33, 0xE632, 0xEE53, 0xEE33, 0xE612, 0xEE33, 0xE632, 0xE632, 0xE632, 0xE611, 0xE611, 0xE611, 0xE611, 0xE611,
    0xE611, 0xE611, 0xE611, 0xE611, 0xE611, 0xE632, 0xE632, 0xE632, 0xE632, 0xEE32, 0xEE52, 0xEE53, 0xE611, 0xDDAF, 0xDDAF, 0xDD8E,
    0xDD6D, 0xDD4D, 0xDD4D, 0xDD4D, 0xDD2D, 0xCCCB, 0xD4EC, 0xD4EC, 0xCCCB, 0xBC29, 0xB409, 0xBC09, 0xB409, 0xB3E9, 0xABC8, 0xABC8,
    0xABC8, 0xABA8, 0xA367, 0xA367, 0x8284, 0x7222, 0x7A43, 0x7A43, 0x8263, 0xAB87, 0xBBC8, 0xBBE8, 0xCC69, 0xCC69, 0xCC69, 0xCC69,
    0xCC8A, 0xCCAA, 0xCCAA, 0xD4CB, 0xD4CB, 0xD4EB, 0xD4EC, 0xD50C, 0xD50C, 0xD4EB, 0xCCAB, 0xD4CB, 0xD4CB, 0xC48A, 0xC428, 0xC428,
    0xC429, 0xC449, 0xC429, 0xC429, 0xBBC7, 0xB366, 0xB3A6, 0xC428, 0xCC49, 0xCC49, 0xCC69, 0xD4AA, 0xD4CA, 0xD4CB, 0xD4EB, 0xDCEB,
    0xDCEB, 0xDD4D, 0xE58D, 0xE58D, 0xE58D, 0xDD8D, 0xDD8E, 0xDD8E, 0xDD6E, 0xE58E, 0xE58F, 0xE58F, 0xE58F, 0xE5AF, 0xE5AF, 0xE58F,
    0xFF98, 0xFF78, 0xFF98, 0xFFB8, 0xFF58, 0xF737, 0xF737, 0xFF57, 0xFF57, 0xFF57, 0xFF57, 0xFF57, 0xFF57, 0xFF57, 0xFF57, 0xFF57,
    0xFF57, 0xFF37, 0xF6F5, 0xF631, 0xEDCF, 0xE58E, 0xE58E, 0xEDCF, 0xF631, 0xF631, 0xF651, 0xF611, 0xEDF0, 0xEE10, 0xEDF0, 0xE58E,
    0xE5AF, 0xEDF0, 0xEE10, 0xEE31, 0xF631, 0xEE10, 0xEDF0, 0xEDF0, 0xEE10, 0xF631, 0xF631, 0xEDCF, 0xEDF0, 0xF652, 0xFE72, 0xFE72,
    0xF631, 0xEDCF, 0xEE10, 0xF630, 0xF630, 0xF6B2, 0xFED3, 0xFEF4, 0xF671, 0xF631, 0xF651, 0xF651, 0xF651, 0xF611, 0xF651, 0xFE92,
    0xF692, 0xFEB2, 0xF692, 0xF631, 0xF630, 0xFF35, 0xFFB9, 0xFF98, 0xFF98, 0xFF98, 0xFF98, 0xFF77, 0xFF77, 0xFF56, 0xFEF5, 0xFEF5,
    0xFF15, 0xFFB8, 0xF736, 0xBCED, 0x93CA, 0xEEF7, 0xFFBB, 0xFF9A, 0xFF9A, 0xFF9A, 0xFF7A, 0xFF7A, 0xFF7A, 0xFF7A, 0xFF79, 0xFF79,
    0xF759, 0xEED7, 0xEED7, 0xF6F8, 0xEED7, 0xE695, 0xE695, 0xE695, 0xE675, 0xE675, 0xE655, 0xE655, 0xE655, 0xE654, 0xE654, 0xE654,
    0xE654, 0xE655, 0xE654, 0xDE13, 0xE634, 0xE655, 0xDE13, 0xDDF2, 0xE654, 0xE613, 0xE633, 0xE634, 0xE613, 0xE612, 0xE612, 0xE5D1,
    0xDDD0, 0xEE32, 0xEE33, 0xEE32, 0xEE53, 0xEE53, 0xEE33, 0xEE33, 0xEE33, 0xEE32, 0xE632, 0xE5F0, 0xDDD0, 0xEE11, 0xE5F1, 0xE5F0,
    0xE611, 0xE612, 0xEE32, 0xE632, 0xE632, 0xE632, 0xE632, 0xE632, 0xE632, 0xE632, 0xE632, 0xE612, 0xE611, 0xDD8F, 0xDD8F, 0xDD8E,
    0xDD6D, 0xDD4D, 0xDD6D, 0xDD6D, 0xD52D, 0xD4EC, 0xC48B, 0xC48A, 0xC48B, 0xBC4A, 0xB409, 0xB409, 0xBC09, 0xBC09, 0xB409, 0xABC8,
    0xABC8, 0xABC8, 0x9B46, 0x8AC5, 0x7A63, 0x7A43, 0x7243, 0x8263, 0x9B25, 0xAB87, 0xBBA7, 0xBC08, 0xCC69, 0xCC8A, 0xD4AA, 0xCC8A,
    0xCC8A, 0xCCAA, 0xCCAB, 0xCCAB, 0xCCAB, 0xD4CB, 0xD50C, 0xD4EC, 0xCCCB, 0xD4EB, 0xCCCB, 0xCC8A, 0xCC8A, 0xCCAA, 0xC449, 0xC429,
    0xC429, 0xC408, 0xC408, 0xC408, 0xBBE8, 0xBBC7, 0xBBC7, 0xC428, 0xCC69, 0xD469, 0xD489, 0xCC8A, 0xD4CA, 0xD4EB, 0xD4EB, 0xD4EB,
    0xDD0B, 0xDD6D, 0xE58D, 0xE58E, 0xDD8D, 0xDD8E, 0xE5AF, 0xE5AF, 0xDD8E, 0xE58F, 0xE5AF, 0xE5AF, 0xE5AF, 0xE5AF, 0xE58F, 0xDD8F,
    0xFF78, 0xFF57, 0xFF57, 0xFF78, 0xFF57, 0xF737, 0xFF57, 0xFF78, 0xFF57, 0xFF37, 0xF737, 0xFF57, 0xFF57, 0xFF57, 0xFF57, 0xFF57,
    0xFF57, 0xFF57, 0xF6F5, 0xEE31, 0xEDCF, 0xEDF0, 0xEDF0, 0xEDCF, 0xEDCF, 0xF671, 0xF671, 0xEE10, 0xEDF0, 0xEE10, 0xE58F, 0xDD4D,
    0xE5AF, 0xEDF0, 0xEDD0, 0xEDF0, 0xE5CF, 0xEDF0, 0xEDF0, 0xEDF0, 0xEE10, 0xF611, 0xEE10, 0xEE10, 0xF651, 0xF652, 0xF651, 0xF631,
    0xF631, 0xF651, 0xF672, 0xFE92, 0xFE92, 0xFE92, 0xF692, 0xFEB3, 0xF630, 0xF610, 0xF630, 0xF610, 0xEDF0, 0xEDF0, 0xF651, 0xF672,
    0xFEB3, 0xF672, 0xFEB3, 0xF692, 0xF692, 0xFF15, 0xFF77, 0xFF98, 0xFF77, 0xFF77, 0xFF56, 0xFEF4, 0xFEF4, 0xFEF4, 0xFEF4, 0xFEF4,
    0xFF15, 0xFF35, 0xFF76, 0xF6D4, 0x6A04, 0xE6B6, 0xFFBA, 0xFF7A, 0xFF9A, 0xFF7A, 0xFF7A, 0xFF7A, 0xFF7A, 0xFF79, 0xFF79, 0xFF7A,
    0xF718, 0xE695, 0xEED7, 0xF718, 0xEEF7, 0xEEB6, 0xEEF7, 0xF6F8, 0xEE96, 0xE675, 0xE655, 0xE654, 0xE655, 0xE655, 0xE655, 0xE654,
    0xE654, 0xE654, 0xE653, 0xDE12, 0xE634, 0xE654, 0xDDD2, 0xDDD1, 0xEE54, 0xDDF2, 0xE613, 0xE633, 0xE613, 0xE613, 0xE612, 0xDDD0,
    0xDDAF, 0xEE32, 0xEE33, 0xEE33, 0xEE53, 0xEE52, 0xEE33, 0xEE33, 0xEE32, 0xE611, 0xE611, 0xE5D0, 0xDDAF, 0xE611, 0xE5F1, 0xE5D0,
    0xE5F0, 0xE631, 0xE632, 0xEE32, 0xEE32, 0xE632, 0xE632, 0xE632, 0xE632, 0xEE32, 0xE612, 0xE5F1, 0xE5F1, 0xE5B0, 0xDD8F, 0xDD8E,
    0xDD6E, 0xDD4D, 0xDD4D, 0xDD2D, 0xD52D, 0xD50C, 0xC48B, 0xBC29, 0xBC29, 0xBC4A, 0xBC2A, 0xB409, 0xB3E9, 0xBC09, 0xBC2A, 0xBC29,
    0xB3E9, 0xABC8, 0x9B26, 0x7222, 0x7A43, 0x7A43, 0x7243, 0x8263, 0xB3A7, 0xB3A7, 0xBBE8, 0xC449, 0xCC6A, 0xD4AA, 0xDD0B, 0xDD0B,
    0xD4CB, 0xCCAA, 0xCCAA, 0xCCAB, 0xCCAB, 0xCCAA, 0xD4EC, 0xDD2C, 0xD4EC, 0xCCAA, 0xD4EB, 0xD4CB, 0xC48A, 0xC469, 0xCC8A, 0xC469,
    0xC408, 0xC408, 0xC408, 0xC408, 0xBBE8, 0xC3E8, 0xC408, 0xCC29, 0xD489, 0xCC69, 0xD48A, 0xD4AA, 0xD4CA, 0xDD0C, 0xDD0C, 0xD50C,
    0xD52C, 0xDD4D, 0xE58E, 0xE58E, 0xDD8E, 0xE58E, 0xE5AF, 0xE5AF, 0xE5AF, 0xE5AF, 0xE5AF, 0xE5AF, 0xE5AF, 0xE5AF, 0xE5AF, 0xE5AF,
    0xFF78, 0xFF58, 0xFF57, 0xFF57, 0xFF57, 0xFF57, 0xFF57, 0xF737, 0xFF37, 0xFF57, 0xFF78, 0xFF78, 0xFF57, 0xFF57, 0xFF78, 0xFF57,
    0xFF57, 0xFF57, 0xFF36, 0xEE52, 0xEDCF, 0xEDF0, 0xEDCF, 0xDD2D, 0xDD2D, 0xDD8E, 0xEE10, 0xEDF0, 0xE5AF, 0xDD8E, 0xEDF0, 0xF651,
    0xFEB2, 0xF671, 0xEDD0, 0xEDD0, 0xEDF0, 0xEE11, 0xEE11, 0xEE10, 0xEDF0, 0xF631, 0xEDF0, 0xF611, 0xF631, 0xF610, 0xEDF0, 0xEDF0,
    0xF672, 0xFEB2, 0xF672, 0xF631, 0xEE31, 0xEE10, 0xF651, 0xF651, 0xF610, 0xF610, 0xF651, 0xFEB3, 0xF6D3, 0xF6D3, 0xFEF4, 0xFF35,
    0xFF15, 0xF6D4, 0xFF35, 0xFF56, 0xFF56, 0xFF56, 0xFF57, 0xFF56, 0xFF15, 0xFEF4, 0xFEF4, 0xFEF4, 0xFEF4, 0xFEF4, 0xFEF4, 0xFEF4,
    0xFEF4, 0xFEF4, 0xFEF4, 0xF6F4, 0xEED4, 0x9368, 0xE6D6, 0xFFDB, 0xFF59, 0xFF7A, 0xFF7A, 0xFF7A, 0xFF7A, 0xFF79, 0xFF79, 0xF738,
    0xEEF7, 0xE696, 0xEEF7, 0xF718, 0xF6F8, 0xF718, 0xF718, 0xF718, 0xEE96, 0xE675, 0xE675, 0xE675, 0xE655, 0xE655, 0xE655, 0xE654,
    0xE655, 0xE654, 0xE653, 0xDE12, 0xE633, 0xDE12, 0xD590, 0xDDD1, 0xE613, 0xD5B1, 0xDDF2, 0xE633, 0xE613, 0xE612, 0xE612, 0xDDD0,
    0xDDAF, 0xEE12, 0xEE32, 0xEE33, 0xEE53, 0xE612, 0xE5F1, 0xEE32, 0xEE32, 0xE611, 0xE5D0, 0xE5CF, 0xDDCF, 0xE5D0, 0xE611, 0xE611,
    0xE610, 0xE631, 0xE632, 0xEE53, 0xEE53, 0xEE52, 0xE632, 0xEE32, 0xE632, 0xE5F1, 0xE5F1, 0xE5F1, 0xE5F1, 0xE5D0, 0xDD8E, 0xDD8E,
    0xDD8E, 0xDD6E, 0xDD4D, 0xD50C, 0xD50C, 0xD50C, 0xD4EC, 0xC48B, 0xBC2A, 0xBC2A, 0xBC2A, 0xBC2A, 0xBC2A, 0xBC2A, 0xBC2A, 0xBC4A,
    0xB409, 0xABC8, 0x9B47, 0x7A43, 0x7A43, 0x7223, 0x8AC5, 0xAB66, 0xB387, 0xB3C7, 0xBBE8, 0xCC6A, 0xCC6A, 0xCCAA, 0xDD0B, 0xD50B,
    0xDD0C, 0xD4EB, 0xCCCB, 0xD4CB, 0xD4EB, 0xD4EB, 0xD4EB, 0xD50C, 0xDD0C, 0xD50C, 0xD4EB, 0xD4EB, 0xCCCB, 0xCCAA, 0xCCAA, 0xCC8A,
    0xC449, 0xBC08, 0xC408, 0xC408, 0xC3E8, 0xC408, 0xCC6A, 0xD46A, 0xD4AA, 0xD4AA, 0xD4AA, 0xD4AA, 0xD4CB, 0xD50C, 0xE56E, 0xE56E,
    0xE56E, 0xDD4D, 0xDD6D, 0xE58E, 0xE58E, 0xE58E, 0xE5AE, 0xE58E, 0xE58F, 0xE5AF, 0xE5AF, 0xE5AF, 0xE5AF, 0xE5AF, 0xDD8F, 0xD52D,
    0xFFDA, 0xFFB9, 0xFF98, 0xFF98, 0xFFB9, 0xFF98, 0xFF78, 0xF758, 0xFF78, 0xFF78, 0xFF78, 0xFF78, 0xFF58, 0xFF57, 0xFF78, 0xFF58,
    0xFF57, 0xFF57, 0xF736, 0xEE52, 0xDD6E, 0xE58F, 0xE58F, 0xE56E, 0xE5AF, 0xE5AF, 0xF610, 0xF631, 0xF631, 0xF652, 0xF631, 0xEE10,
    0xEE10, 0xEDF0, 0xEDF0, 0xEE31, 0xF672, 0xF692, 0xF672, 0xF631, 0xF611, 0xF611, 0xEDF0, 0xEDCF, 0xEDAF, 0xE5AF, 0xF610, 0xF651,
    0xF651, 0xF651, 0xEE30, 0xEDF0, 0xE5CF, 0xE5CF, 0xEE10, 0xFE92, 0xFE92, 0xF651, 0xF671, 0xFF35, 0xFF56, 0xFF56, 0xFF56, 0xFF97,
    0xFF97, 0xFF57, 0xFF36, 0xFF36, 0xFF77, 0xFF98, 0xFF98, 0xFF35, 0xFEF4, 0xFEF4, 0xFED3, 0xFE92, 0xFEB3, 0xFEF4, 0xFF14, 0xFEF4,
    0xFEF4, 0xFEF4, 0xFF14, 0xFF15, 0xFF35, 0x9BA9, 0xA44D, 0xEEF7, 0xFF79, 0xFF5A, 0xFF7A, 0xFF7A, 0xFF7A, 0xFF7A, 0xF718, 0xEED7,
    0xEEB6, 0xEED7, 0xF718, 0xF718, 0xF6F8, 0xF718, 0xF6F8, 0xF6F8, 0xEE96, 0xE655, 0xE675, 0xEE75, 0xE655, 0xE655, 0xE654, 0xE654,
    0xE654, 0xE654, 0xE653, 0xDE13, 0xE633, 0xDDD1, 0xD590, 0xDDB1, 0xDDD1, 0xD58F, 0xDDD1, 0xE633, 0xE613, 0xE612, 0xE612, 0xDDAF,
    0xDDAF, 0xE5F1, 0xE5F0, 0xEE32, 0xEE53, 0xE612, 0xDDAF, 0xE612, 0xEE32, 0xE611, 0xE5D0, 0xE5D0, 0xE5D0, 0xE5D0, 0xE611, 0xEE32,
    0xE632, 0xE632, 0xEE32, 0xEE53, 0xEE53, 0xEE52, 0xE611, 0xE611, 0xEE11, 0xE611, 0xE5D0, 0xDDD0, 0xE5D0, 0xE5D0, 0xE5AF, 0xDD8E,
    0xDD6E, 0xDD6E, 0xDD6E, 0xDD6E, 0xD52D, 0xD4EC, 0xD4EC, 0xCCCC, 0xC46A, 0xBC2A, 0xBC2A, 0xBC4A, 0xC48A, 0xC46A, 0xBC2A, 0xBC29,
    0xBC29, 0xB409, 0xA367, 0x7A43, 0x7A43, 0x7223, 0x92C5, 0xBBC7, 0xB3A7, 0xBBE8, 0xC429, 0xCC49, 0xCC6A, 0xD4AA, 0xDD0B, 0xD50B,
    0xD50B, 0xD50B, 0xD50B, 0xD52C, 0xD52C, 0xD50B, 0xD4EB, 0xD4EB, 0xD50C, 0xDD2D, 0xD50C, 0xD4EB, 0xCCCB, 0xD4EB, 0xCCAA, 0xCC8A,
    0xCC69, 0xC429, 0xBBE8, 0xC408, 0xCC29, 0xCC69, 0xCC49, 0xCC6A, 0xD4CB, 0xDCEB, 0xD4EB, 0xDD0B, 0xDD2C, 0xD52C, 0xDD4D, 0xDD6E,
    0xE58E, 0xE58E, 0xDD6E, 0xE58E, 0xDD8E, 0xDD8E, 0xDD8E, 0xE58F, 0xDD8E, 0xDD8E, 0xDD8F, 0xE5AF, 0xE5AF, 0xE5AF, 0xE5AF, 0xA3A8,
    0xFFB9, 0xFF99, 0xFF58, 0xFF78, 0xFFB9, 0xFFBA, 0xFFBA, 0xFFBA, 0xFF99, 0xFF99, 0xFF99, 0xFF78, 0xFF58, 0xFF78, 0xFF78, 0xFF78,
    0xFF98, 0xFF57, 0xFF36, 0xF6D4, 0xEE11, 0xE58F, 0xE5AF, 0xEDAF, 0xEDF0, 0xEDF0, 0xEDCF, 0xEDF0, 0xEDF0, 0xF631, 0xF631, 0xF631,
    0xF611, 0xEDCF, 0xEDCF, 0xE5CF, 0xEE31, 0xF651, 0xEE31, 0xEDEF, 0xEDCF, 0xEDF0, 0xEDCF, 0xEDF0, 0xEE10, 0xEE10, 0xF630, 0xEE10,
    0xEDEF, 0xEE30, 0xFEB2, 0xFE92, 0xF672, 0xF672, 0xF692, 0xF6B2, 0xF6D3, 0xFF15, 0xFF56, 0xFF35, 0xF736, 0xFF77, 0xFF77, 0xFF77,
    0xFF77, 0xFF78, 0xFF98, 0xFF78, 0xFF98, 0xFF78, 0xFF77, 0xFEF5, 0xFE92, 0xFEB2, 0xF671, 0xF651, 0xFE92, 0xFEF3, 0xFEF4, 0xFF14,
    0xFED4, 0xF6B3, 0xF6B3, 0xFED4, 0xFEF4, 0xFF55, 0x9BA8, 0xBCEF, 0xE696, 0xFFDB, 0xFF7A, 0xFF79, 0xFF7A, 0xFF7A, 0xEEF7, 0xEEB6,
    0xEE96, 0xF6F8, 0xF719, 0xF718, 0xF718, 0xF718, 0xF718, 0xF718, 0xEE96, 0xE675, 0xE675, 0xE654, 0xE675, 0xE655, 0xE654, 0xE655,
    0xE654, 0xE633, 0xE633, 0xDE12, 0xE612, 0xDDD1, 0xDD90, 0xDDB0, 0xDDB0, 0xD5B0, 0xDDD1, 0xE612, 0xE5F2, 0xE612, 0xE611, 0xDDB0,
    0xDDAF, 0xE5CF, 0xE5D0, 0xE5F1, 0xEE32, 0xE612, 0xDDCF, 0xE5D0, 0xE5F1, 0xE611, 0xE5D0, 0xE5D0, 0xE5F1, 0xE5F0, 0xE5F1, 0xEE32,
    0xEE53, 0xE612, 0xEE33, 0xEE33, 0xEE32, 0xEE73, 0xE612, 0xE5F1, 0xE5D0, 0xE611, 0xE5F1, 0xE5F0, 0xE5D0, 0xE5CF, 0xE5CF, 0xDDAF,
    0xDD6E, 0xDD6E, 0xE56E, 0xE58E, 0xDD2D, 0xD4EC, 0xD4EC, 0xCCCC, 0xC48B, 0xBC2A, 0xBC2A, 0xBC4A, 0xC46B, 0xC48B, 0xC46A, 0xC44A,
    0xBC29, 0xB409, 0xA367, 0x8284, 0x7A43, 0x7A43, 0x92C4, 0xBBC7, 0xB3A7, 0xBBE8, 0xCC49, 0xCC49, 0xCC8A, 0xCCAA, 0xD4EB, 0xDD2C,
    0xDD0C, 0xD4CB, 0xDD2C, 0xDD6D, 0xDD4D, 0xD50B, 0xD4EB, 0xD4EB, 0xD50C, 0xD52C, 0xDD2C, 0xD4EC, 0xCCCB, 0xCCCB, 0xD4CB, 0xCC8A,
    0xC449, 0xC429, 0xC408, 0xC428, 0xCC49, 0xD48A, 0xD48A, 0xCC6A, 0xD48A, 0xD4EB, 0xDCEB, 0xDD0C, 0xDD2D, 0xDD2D, 0xDD4D, 0xE58E,
    0xDD8E, 0xDD8E, 0xE58E, 0xDD8E, 0xDD8E, 0xDD8E, 0xDD6E, 0xDD6E, 0xDD8E, 0xDD8E, 0xDD8E, 0xDD8E, 0xDD8E, 0xDD8E, 0xE5AF, 0xABC9,
    0xFF98, 0xFF58, 0xFF78, 0xFF99, 0xFF99, 0xFFB9, 0xFFB9, 0xFF99, 0xFF78, 0xFF58, 0xFF78, 0xFF98, 0xFF99, 0xFF98, 0xFF78, 0xFF99,
    0xFFB9, 0xFF98, 0xFF56, 0xF6D4, 0xEE31, 0xE5AF, 0xEDD0, 0xEDCF, 0xE58F, 0xE58E, 0xF611, 0xF651, 0xFE72, 0xF610, 0xE5AF, 0xEDF0,
    0xE5AF, 0xE5AF, 0xEE10, 0xF631, 0xEDF0, 0xEDCF, 0xEDCF, 0xEDD0, 0xEDF0, 0xF610, 0xEE10, 0xEE51, 0xF6D3, 0xF672, 0xEE31, 0xEE31,
    0xEE11, 0xEE31, 0xF6B3, 0xFEF4, 0xFEF5, 0xFEF5, 0xFF15, 0xFF35, 0xFF77, 0xFF77, 0xFF57, 0xFF56, 0xFF57, 0xFF98, 0xFF98, 0xFF98,
    0xFF98, 0xFFD9, 0xFFD9, 0xFFB9, 0xFFB8, 0xFF98, 0xFF98, 0xFF36, 0xF672, 0xF672, 0xF692, 0xFE92, 0xFEB2, 0xFE92, 0xF692, 0xFF14,
    0xFF14, 0xFED4, 0xFEF4, 0xFF15, 0xFEF4, 0xFEF4, 0xFF76, 0x9368, 0x8B69, 0xDE96, 0xF738, 0xFF79, 0xFF59, 0xF718, 0xEED7, 0xEED7,
    0xEED7, 0xF718, 0xF718, 0xEED7, 0xF6F8, 0xF718, 0xF718, 0xF718, 0xE655, 0xE655, 0xE655, 0xE654, 0xE675, 0xE675, 0xE654, 0xE675,
    0xE634, 0xDE12, 0xDE12, 0xE612, 0xE612, 0xDDF2, 0xDDB0, 0xDDB0, 0xDDB0, 0xDDD1, 0xE612, 0xE5F2, 0xE5F1, 0xE611, 0xE611, 0xDDAF,
    0xDD8F, 0xE5CF, 0xE5CF, 0xDDCF, 0xEE32, 0xEE32, 0xE5F0, 0xDDCF, 0xE5D0, 0xE611, 0xE611, 0xE5F0, 0xE5F1, 0xEE31, 0xE631, 0xE632,
    0xEE53, 0xEE32, 0xE632, 0xEE32, 0xE611, 0xEE53, 0xEE32, 0xE611, 0xE5F0, 0xE5F1, 0xE5F1, 0xE5F1, 0xE5D0, 0xE5CF, 0xE5CF, 0xE5CF,
    0xE5AE, 0xDD6E, 0xDD8E, 0xDD8E, 0xDD4D, 0xD52D, 0xCCCC, 0xCCAB, 0xCCAB, 0xC48B, 0xC46B, 0xC46A, 0xC46A, 0xC46B, 0xC48B, 0xC46B,
    0xBC29, 0xB3E9, 0xAB87, 0x8AA4, 0x7A23, 0x9B25, 0xBBC7, 0xBBC7, 0xB3A7, 0xBBE8, 0xCC49, 0xCC49, 0xCC8A, 0xD4CA, 0xD4CA, 0xDD0C,
    0xDD0C, 0xCCCA, 0xD50B, 0xDD6D, 0xE56D, 0xDD2C, 0xD50C, 0xD50C, 0xD50C, 0xD52C, 0xD50C, 0xD4EB, 0xD4EB, 0xD4CB, 0xCCAA, 0xCCAA,
    0xCC49, 0xCC49, 0xC408, 0xC429, 0xCC6A, 0xD4AA, 0xD4CB, 0xD4AA, 0xCC8A, 0xD4CB, 0xDCEB, 0xDD0C, 0xDD4D, 0xDD6D, 0xDD6E, 0xDD6E,
    0xDD8E, 0xE5AF, 0xE5AF, 0xE5AF, 0xE58E, 0xE58F, 0xE5AF, 0xDD8E, 0xDD4D, 0xDD6E, 0xDD8E, 0xDD8E, 0xDD8E, 0xDD8E, 0xEE10, 0xABE9,
    0xFFB9, 0xFF99, 0xFF99, 0xFF99, 0xFF99, 0xFFB9, 0xFFB9, 0xFF78, 0xFF58, 0xFF58, 0xFF58, 0xFF78, 0xFF99, 0xFF78, 0xFF99, 0xFFB9,
    0xFF78, 0xFF57, 0xFF36, 0xF6F5, 0xF652, 0xE5CF, 0xEDF0, 0xE5AF, 0xEDD0, 0xEE10, 0xEE10, 0xEDF0, 0xEE10, 0xEDF0, 0xEDF0, 0xEDCF,
    0xE5AF, 0xEDF0, 0xF651, 0xEE10, 0xEDCF, 0xEDAF, 0xEDCF, 0xEDF0, 0xF631, 0xF651, 0xF672, 0xF673, 0xFEF5, 0xF6B3, 0xF6D4, 0xFF36,
    0xFF36, 0xFEF5, 0xFF16, 0xFF56, 0xFF77, 0xFF78, 0xFF98, 0xFF98, 0xFFB8, 0xFF77, 0xFF57, 0xFF78, 0xFF98, 0xFF78, 0xFF98, 0xFF98,
    0xFF98, 0xFFB9, 0xFFB9, 0xFF98, 0xFFB9, 0xFFB9, 0xFFB9, 0xFF98, 0xF6B3, 0xF672, 0xFEB2, 0xF692, 0xF651, 0xF651, 0xF692, 0xFED3,
    0xFF14, 0xFEF4, 0xFEF4, 0xFEF4, 0xFED4, 0xFED4, 0xFED4, 0xFEF4, 0xE611, 0x82C7, 0xE695, 0xF738, 0xF718, 0xF6F7, 0xEED7, 0xEED7,
    0xF718, 0xF719, 0xF718, 0xEEB6, 0xEEB6, 0xF6F8, 0xF6F8, 0xEED7, 0xE654, 0xE634, 0xE654, 0xE675, 0xEE95, 0xE675, 0xE654, 0xE675,
    0xE654, 0xDE12, 0xDE12, 0xDE32, 0xE612, 0xE612, 0xDDD0, 0xDDB0, 0xDDB0, 0xE5F1, 0xE632, 0xDDF1, 0xE5F1, 0xE611, 0xE5F1, 0xDDD0,
    0xDDAF, 0xDDCF, 0xE5F0, 0xE5F0, 0xE5F0, 0xE611, 0xEE31, 0xDDD0, 0xE5D0, 0xE611, 0xE611, 0xE5F1, 0xE611, 0xEE32, 0xE632, 0xE632,
    0xEE52, 0xEE73, 0xEE53, 0xEE32, 0xE611, 0xE612, 0xEE12, 0xEE12, 0xE5F1, 0xE5F0, 0xE5D0, 0xE5F0, 0xE5F0, 0xE5D0, 0xDDAF, 0xE5CF,
    0xE5CF, 0xDDAE, 0xDD8E, 0xDD6E, 0xDD6D, 0xDD6E, 0xD52D, 0xCCAB, 0xC48B, 0xC46A, 0xC46B, 0xC46A, 0xC44A, 0xBC4A, 0xBC4A, 0xC46B,
    0xBC2A, 0xB409, 0xABA8, 0x8AA4, 0x7A22, 0xA326, 0xBBE8, 0xBBC7, 0xBBE7, 0xC448, 0xCC69, 0xCC49, 0xCC8A, 0xD4CB, 0xD4CB, 0xD4EB,
    0xDD2C, 0xD4CB, 0xD4EB, 0xDD4D, 0xDD6D, 0xDD6D, 0xDD6D, 0xDD4C, 0xD52C, 0xDD2C, 0xD4EB, 0xD4EB, 0xD4EB, 0xD4EB, 0xCC8A, 0xC449,
    0xC449, 0xCC49, 0xCC49, 0xCC49, 0xCC69, 0xD4AA, 0xD4CB, 0xD4CB, 0xD4CA, 0xD4CB, 0xDCEB, 0xD50B, 0xDD4D, 0xE58E, 0xDD8E, 0xDD6E,
    0xDD8E, 0xDD6E, 0xDD8E, 0xE5AF, 0xE5AF, 0xE5AF, 0xE5AF, 0xE5AF, 0xE5AF, 0xE58E, 0xDD6E, 0xDD8E, 0xE58F, 0xDD6E, 0xC4CC, 0x9306,
    0xFF98, 0xFF99, 0xFF78, 0xFF78, 0xFF78, 0xFFB9, 0xFF99, 0xFF78, 0xFF99, 0xFFB9, 0xFF99, 0xFF78, 0xFF78, 0xFF58, 0xFF78, 0xFF99,
    0xFF58, 0xFF78, 0xFF57, 0xF6F5, 0xF693, 0xEE10, 0xEE31, 0xEDF0, 0xE5AF, 0xE5AF, 0xEDF0, 0xE5AF, 0xE56E, 0xEDD0, 0xF631, 0xEDF0,
    0xEDCF, 0xEDF0, 0xEDF0, 0xEDCF, 0xEDEF, 0xF672, 0xF693, 0xF6D4, 0xF6B3, 0xF6B4, 0xFF57, 0xFF57, 0xFF78, 0xFF98, 0xFF78, 0xFF77,
    0xFF57, 0xFF57, 0xFF57, 0xFF57, 0xFF78, 0xFF78, 0xFF78, 0xFF78, 0xFF78, 0xFF78, 0xFF98, 0xFF78, 0xFFB8, 0xFFB9, 0xFFB9, 0xFF98,
    0xFF98, 0xFFB9, 0xFFB9, 0xFF98, 0xFF98, 0xFFB9, 0xFF99, 0xFF78, 0xFF36, 0xF693, 0xFEB3, 0xFEB3, 0xF651, 0xF672, 0xFEB3, 0xFED3,
    0xFEF4, 0xFED3, 0xFEB3, 0xF6B3, 0xFEF4, 0xFEF4, 0xFEF3, 0xFED3, 0xFF14, 0xEE52, 0x8224, 0xBCEF, 0xFF99, 0xEED7, 0xEED7, 0xF6F7,
    0xF718, 0xF719, 0xF718, 0xEED7, 0xEED7, 0xF718, 0xEEB6, 0xE655, 0xE655, 0xE655, 0xE655, 0xEE95, 0xEE96, 0xEE75, 0xE654, 0xEE75,
    0xE654, 0xE632, 0xE632, 0xDE32, 0xE632, 0xE632, 0xE612, 0xE611, 0xDDD1, 0xE5F1, 0xE632, 0xDDD0, 0xE5F1, 0xE5F1, 0xE5F0, 0xE5F0,
    0xDDCF, 0xDDAF, 0xE5F1, 0xEE11, 0xE5F0, 0xE611, 0xE631, 0xE5F1, 0xE611, 0xE611, 0xE611, 0xE611, 0xE611, 0xEE32, 0xEE33, 0xE632,
    0xE632, 0xEE32, 0xEE32, 0xEE32, 0xE611, 0xE611, 0xE611, 0xE611, 0xE5F0, 0xE5F0, 0xE5F0, 0xE5F0, 0xE5F0, 0xE5F0, 0xDDAF, 0xDD8E,
    0xDDAE, 0xE5AF, 0xDD6E, 0xD52D, 0xDD6E, 0xDD6E, 0xDD4E, 0xD50C, 0xC48B, 0xC46A, 0xC46A, 0xC46A, 0xC44A, 0xBC2A, 0xBC29, 0xB409,
    0xABC8, 0x9B06, 0x8AA4, 0x8263, 0x9AE5, 0xB386, 0xBBE7, 0xBBC7, 0xC428, 0xCC8A, 0xCC8A, 0xCC6A, 0xCC8A, 0xCC8A, 0xD4CB, 0xDCEB,
    0xD50B, 0xDD0C, 0xD52C, 0xDD4D, 0xDD6D, 0xDD6D, 0xDD6D, 0xDD6D, 0xDD4D, 0xDD2C, 0xD50B, 0xD4EB, 0xD4EB, 0xD4EB, 0xD4CB, 0xCC69,
    0xC429, 0xC429, 0xCC69, 0xD48A, 0xCC8A, 0xCC8A, 0xCC8A, 0xD4AA, 0xD4CA, 0xD4CA, 0xDD0C, 0xDD4D, 0xDD2C, 0xDD6D, 0xE58E, 0xE58F,
    0xDD8E, 0xDD8E, 0xE58E, 0xDD8E, 0xE58F, 0xE5AF, 0xE5AF, 0xE5AF, 0xE5AF, 0xE5AF, 0xDD8E, 0xDD8E, 0xE5AF, 0xCD0E, 0x6161, 0x9B48,
    0xFF57, 0xFF78, 0xFF58, 0xFF78, 0xFF99, 0xFFB9, 0xFF99, 0xFF78, 0xFF99, 0xFF99, 0xFF99, 0xFF78, 0xFF78, 0xFF58, 0xFF78, 0xFF78,
    0xFF78, 0xFF58, 0xFF37, 0xF6F5, 0xF6D4, 0xF672, 0xE5CF, 0xEE31, 0xF692, 0xF652, 0xF631, 0xEDD0, 0xE58F, 0xEDAF, 0xEDCF, 0xF631,
    0xF610, 0xE5AF, 0xEDAF, 0xEDCF, 0xEE72, 0xFF15, 0xF715, 0xFF57, 0xFF37, 0xFF57, 0xFF78, 0xFF78, 0xFF78, 0xFF78, 0xFF77, 0xFF78,
    0xFF57, 0xFF57, 0xFF57, 0xFF78, 0xFF78, 0xFF57, 0xFF77, 0xFF77, 0xFF78, 0xFF78, 0xFF78, 0xFF78, 0xFF98, 0xFF78, 0xFF78, 0xFF78,
    0xFF78, 0xFF78, 0xFF98, 0xFF78, 0xFF98, 0xFF98, 0xFF98, 0xFF98, 0xFF56, 0xFE93, 0xF672, 0xF692, 0xF672, 0xF672, 0xFE92, 0xF692,
    0xF692, 0xF692, 0xF671, 0xFEB2, 0xFED4, 0xFEF4, 0xFED3, 0xFF55, 0xFF75, 0xFF75, 0xEEF5, 0x938A, 0x8AE6, 0xF717, 0xF718, 0xEEF7,
    0xF6F8, 0xF6F8, 0xF6F7, 0xF6F7, 0xF6F7, 0xF718, 0xEEB6, 0xE655, 0xE655, 0xE655, 0xE655, 0xEE95, 0xEE96, 0xEE75, 0xE675, 0xEE75,
    0xE654, 0xE633, 0xE633, 0xE632, 0xE632, 0xE612, 0xE633, 0xE633, 0xE5F1, 0xE611, 0xE632, 0xDDF0, 0xE5F1, 0xE5F1, 0xE5F0, 0xE5F0,
    0xE5F0, 0xDDCF, 0xE5F0, 0xE631, 0xE611, 0xE611, 0xE631, 0xE631, 0xE631, 0xE611, 0xE631, 0xE611, 0xE612, 0xEE32, 0xEE33, 0xE632,
    0xE612, 0xE612, 0xE612, 0xE611, 0xE611, 0xE5F1, 0xE611, 0xE5F1, 0xDDD0, 0xDDD0, 0xE5D0, 0xE5F0, 0xE5F0, 0xE5D0, 0xE5D0, 0xDD8E,
    0xDD6E, 0xDD6E, 0xDD6E, 0xDD2D, 0xD4EC, 0xD50C, 0xD50C, 0xCCCB, 0xCCAB, 0xC48B, 0xBC4A, 0xBC4A, 0xBC4A, 0xBC2A, 0xBC29, 0xABC8,
    0x9B46, 0x8AC5, 0x7A43, 0x8263, 0xAB86, 0xB3C7, 0xB3C7, 0xBC07, 0xCC69, 0xCC89, 0xCC89, 0xCC8A, 0xCC8A, 0xCC8A, 0xD4CB, 0xDCEB,
    0xD4EB, 0xDD2C, 0xDD2C, 0xDD4C, 0xDD6D, 0xE56D, 0xDD4D, 0xDD2C, 0xDD4D, 0xDD4D, 0xDD2C, 0xD4EB, 0xD4EB, 0xD4EB, 0xCC8A, 0xCC49,
    0xC449, 0xC429, 0xC449, 0xD4AB, 0xD4AA, 0xCC6A, 0xCC6A, 0xD48A, 0xDCEB, 0xDD2C, 0xDD4D, 0xDD6D, 0xDD4D, 0xDD2D, 0xDD4D, 0xE58E,
    0xE58E, 0xE58F, 0xE5AF, 0xE5AF, 0xDD8E, 0xDD8E, 0xE5AF, 0xDD8E, 0xE58E, 0xE5AF, 0xE5AF, 0xE5AF, 0xE5AF, 0xCD2E, 0x69A2, 0xCCED,
    0xFF78, 0xFF78, 0xFF78, 0xFF99, 0xFF99, 0xFFB9, 0xFF99, 0xFF99, 0xFF99, 0xFF79, 0xFF78, 0xFF78, 0xFF78, 0xFF98, 0xFF98, 0xFF78,
    0xFF57, 0xF6F6, 0xF6F5, 0xF6F5, 0xF6F5, 0xFED4, 0xF672, 0xF672, 0xF693, 0xF672, 0xEE31, 0xEDD0, 0xE56E, 0xE56E, 0xE58F, 0xEE10,
    0xEE10, 0xEE10, 0xEE31, 0xF692, 0xFF15, 0xFF36, 0xFF36, 0xFF37, 0xFF58, 0xFF78, 0xFF78, 0xFF77, 0xFF57, 0xFF57, 0xFF77, 0xFF57,
    0xFF57, 0xFF57, 0xFF57, 0xFF57, 0xFF57, 0xFF57, 0xFF78, 0xFF77, 0xFF57, 0xFF57, 0xFF57, 0xFF77, 0xFF78, 0xFF78, 0xFF78, 0xFF98,
    0xFF98, 0xFFB9, 0xFFB8, 0xFF98, 0xFFB8, 0xFFB9, 0xFF98, 0xFF98, 0xFF36, 0xF692, 0xF672, 0xF672, 0xF651, 0xF631, 0xF651, 0xF672,
    0xF671, 0xEE30, 0xEE31, 0xFEB2, 0xFED3, 0xFEF4, 0xFF35, 0xABE9, 0x9B47, 0x9B47, 0xA40B, 0xA40A, 0xA3C9, 0xCD70, 0xE654, 0xF718,
    0xF6F8, 0xF6F7, 0xF6F7, 0xF6F7, 0xF6F7, 0xF6F7, 0xE695, 0xE655, 0xE655, 0xE655, 0xE655, 0xEE95, 0xEE96, 0xEE96, 0xEE95, 0xEE95,
    0xE654, 0xE633, 0xE633, 0xE653, 0xEE53, 0xE612, 0xEE54, 0xE633, 0xE5F1, 0xE611, 0xE632, 0xE5F1, 0xE611, 0xE612, 0xE5F1, 0xE5F0,
    0xE5F0, 0xE5F0, 0xE5F0, 0xE631, 0xE611, 0xE631, 0xE631, 0xE631, 0xE631, 0xE631, 0xE611, 0xE631, 0xE632, 0xE632, 0xEE53, 0xEE53,
    0xE611, 0xE5F1, 0xE611, 0xE611, 0xE5D0, 0xE5D0, 0xE5F0, 0xE5F1, 0xE5F0, 0xDDD0, 0xDDD0, 0xDDCF, 0xE5CF, 0xE5CF, 0xE5CF, 0xDDAF,
    0xDD6E, 0xDD6E, 0xDD6E, 0xDD4D, 0xD50C, 0xCCAB, 0xCCAB, 0xCC8B, 0xCCAB, 0xCCAB, 0xC46A, 0xC46A, 0xBC4A, 0xB409, 0xB409, 0xB3E8,
    0x9B47, 0x92E5, 0x7A43, 0x8263, 0xAB66, 0xB3C7, 0xBBC7, 0xC428, 0xD489, 0xCC89, 0xCC89, 0xCC8A, 0xD4AA, 0xD4AA, 0xD4CB, 0xDCEB,
    0xDCEB, 0xD4EB, 0xDD2C, 0xDD4C, 0xDD6D, 0xDD6D, 0xDD6D, 0xDD2C, 0xDD2C, 0xDD2C, 0xDD4C, 0xD50C, 0xD4CB, 0xD4AB, 0xCC6A, 0xC449,
    0xCC49, 0xCC49, 0xCC69, 0xD4AB, 0xD4AB, 0xCC6A, 0xCC6A, 0xCC8A, 0xD4EB, 0xDD2C, 0xDD6D, 0xDD6E, 0xDD6E, 0xDD4E, 0xDD2D, 0xE58E,
    0xE58F, 0xE58F, 0xE5AF, 0xE5CF, 0xE5CF, 0xE58F, 0xE56E, 0xE58E, 0xDD6E, 0xDD8E, 0xE5AF, 0xDDAF, 0xE5CF, 0xCD0D, 0x69A2, 0xC48C,
    0xFF99, 0xFF99, 0xFF99, 0xFFB9, 0xFFBA, 0xFFBA, 0xFFB9, 0xFF99, 0xFF99, 0xFF99, 0xFF99, 0xFF98, 0xFF98, 0xFF78, 0xFF57, 0xFF37,
    0xF6F6, 0xFF16, 0xFF36, 0xF715, 0xF6D4, 0xF6B4, 0xF693, 0xEE31, 0xF652, 0xF693, 0xEE31, 0xDD6E, 0xE5AF, 0xEDD0, 0xEE11, 0xEE11,
    0xF672, 0xF6F5, 0xF715, 0xFF36, 0xFF57, 0xFF57, 0xFF57, 0xFF58, 0xFF78, 0xFF78, 0xFF58, 0xFF58, 0xFF57, 0xFF78, 0xFF98, 0xFF57,
    0xFF37, 0xFF57, 0xFF57, 0xFF57, 0xFF77, 0xFF57, 0xFF57, 0xFF57, 0xFF57, 0xFF57, 0xFF98, 0xFF98, 0xFF78, 0xFF98, 0xFF98, 0xFF78,
    0xFF98, 0xFFB9, 0xFFB9, 0xFFB9, 0xFF98, 0xFF98, 0xFF98, 0xFF78, 0xFF57, 0xFEF4, 0xFEB3, 0xFEB3, 0xF672, 0xF672, 0xF692, 0xFED3,
    0xFED3, 0xFEB3, 0xFEB3, 0xFEB3, 0xFF14, 0xF672, 0xB48B, 0xAC2B, 0xB44C, 0xB46C, 0xDE31, 0xFFB6, 0xC54E, 0x69A2, 0xAC6D, 0xF718,
    0xEED6, 0xF6F7, 0xF6F7, 0xF6F7, 0xF6D7, 0xEED6, 0xE695, 0xE675, 0xE675, 0xE655, 0xEE75, 0xEE96, 0xEE96, 0xEE96, 0xEE96, 0xEE95,
    0xE654, 0xE653, 0xE653, 0xE654, 0xEE74, 0xE633, 0xEE74, 0xE633, 0xE5F1, 0xE611, 0xE612, 0xEE33, 0xEE32, 0xE632, 0xE611, 0xE5F1,
    0xE5F1, 0xE5F1, 0xE5F0, 0xE631, 0xE631, 0xEE32, 0xE631, 0xE631, 0xE632, 0xE632, 0xE632, 0xE632, 0xE632, 0xE632, 0xE612, 0xEE32,
    0xEE32, 0xE5F1, 0xE5F1, 0xE611, 0xE5F1, 0xDDD0, 0xDDD0, 0xE5D0, 0xE5D0, 0xE5F0, 0xE5F0, 0xE5CF, 0xE5AF, 0xDD8E, 0xDD8E, 0xDD8E,
    0xDD6D, 0xDD6D, 0xDD4D, 0xDD4D, 0xDD2D, 0xCCCB, 0xC48A, 0xC48B, 0xC48B, 0xC48B, 0xC48B, 0xCC8B, 0xC46A, 0xB409, 0xB3E8, 0xB3C8,
    0xA367, 0x8AC5, 0x8263, 0x8A83, 0xAB86, 0xBBC7, 0xBBE7, 0xCC69, 0xCC89, 0xCC89, 0xCC89, 0xD4AA, 0xD4EB, 0xD4EB, 0xD4CB, 0xD4EB,
    0xD4EB, 0xD4CB, 0xD50B, 0xDD4C, 0xDD4D, 0xDD6D, 0xDD6D, 0xDD4D, 0xD52C, 0xDD2C, 0xDD0C, 0xDD2C, 0xD4CB, 0xCC49, 0xC449, 0xCC49,
    0xCC49, 0xCC6A, 0xCC8A, 0xD4AA, 0xD4CB, 0xD48A, 0xCC8A, 0xCC8A, 0xD4EB, 0xDD2C, 0xDD4D, 0xDD6E, 0xE56E, 0xE58E, 0xDD6E, 0xDD6E,
    0xE58F, 0xE58F, 0xE5AF, 0xE5AF, 0xE5CF, 0xE5D0, 0xE5AF, 0xE5AF, 0xE58E, 0xDD8F, 0xDD8F, 0xDD8F, 0xE5AF, 0xCD0D, 0x6182, 0xC48C,
    0xFFDA, 0xFFDA, 0xFFB9, 0xFFB9, 0xFFDA, 0xFFBA, 0xFFB9, 0xFF99, 0xFF99, 0xFF99, 0xFFB9, 0xFF98, 0xFF57, 0xFF37, 0xFF37, 0xF716,
    0xF6F6, 0xFF78, 0xFF78, 0xFF57, 0xFEF5, 0xF673, 0xF652, 0xE5D0, 0xEE32, 0xEE52, 0xF673, 0xF6B3, 0xF6D4, 0xFEF5, 0xFF35, 0xFF15,
    0xFF15, 0xF716, 0xF716, 0xF716, 0xF736, 0xFF37, 0xFF57, 0xFF78, 0xFF58, 0xFF78, 0xFF78, 0xFF78, 0xFF78, 0xFFB9, 0xFFB9, 0xFF78,
    0xFF57, 0xFF57, 0xFF57, 0xFF78, 0xFF98, 0xFF57, 0xF716, 0xFF57, 0xFF98, 0xFFB8, 0xFF98, 0xFFB8, 0xFFD9, 0xFFD9, 0xFFB9, 0xFF98,
    0xFF98, 0xFF98, 0xFF78, 0xFF57, 0xFF78, 0xFF78, 0xFF78, 0xFF78, 0xFF98, 0xF716, 0xF6B3, 0xFED4, 0xFEB3, 0xFEB3, 0xFED3, 0xFED3,
    0xFEB3, 0xFE92, 0xFEB3, 0xFEF4, 0xFF14, 0xD58F, 0x7A65, 0xEF36, 0xFFFC, 0xFFFB, 0xFF75, 0xFED2, 0xF6B2, 0xEE91, 0x9348, 0x82C7,
    0xBCEF, 0xFF79, 0xEED7, 0xF6D7, 0xEE96, 0xEE75, 0xEE75, 0xEE75, 0xE675, 0xE675, 0xEE95, 0xEEB6, 0xEE96, 0xEE96, 0xEE96, 0xEE95,
    0xEE95, 0xEE75, 0xEE75, 0xEE75, 0xEE75, 0xEE75, 0xEE75, 0xE653, 0xE5F1, 0xE611, 0xE612, 0xE632, 0xE632, 0xE633, 0xE633, 0xE612,
    0xE612, 0xE633, 0xE611, 0xE632, 0xE632, 0xEE53, 0xE632, 0xE632, 0xE632, 0xEE33, 0xEE53, 0xEE33, 0xEE33, 0xEE32, 0xE5F1, 0xE5F1,
    0xE611, 0xE5F1, 0xE5F1, 0xE5F1, 0xE5F1, 0xDDD0, 0xDDAF, 0xE5F0, 0xE5F0, 0xE5D0, 0xE5F0, 0xE5F0, 0xE5AF, 0xDD8E, 0xDD4D, 0xDD4D,
    0xDD4D, 0xDD4D, 0xDD4D, 0xDD4D, 0xDD4D, 0xD50C, 0xCCCB, 0xC48A, 0xC48A, 0xC46A, 0xC48A, 0xC48B, 0xC46B, 0xBC2A, 0xAB87, 0xA367,
    0xA367, 0x8AA4, 0x9305, 0xB3C7, 0xB3A6, 0xBBC7, 0xCC49, 0xD489, 0xCC89, 0xD489, 0xD4CA, 0xD4EB, 0xDD0B, 0xD4EB, 0xD4EB, 0xD4EB,
    0xD50B, 0xD50B, 0xD4EB, 0xD50B, 0xDD4C, 0xDD6D, 0xDD6D, 0xDD4D, 0xD50C, 0xDD2C, 0xD4EB, 0xD4EB, 0xDD0C, 0xCCAA, 0xC449, 0xCC49,
    0xCC69, 0xD4AA, 0xD4AA, 0xD4AA, 0xD4AA, 0xD4CB, 0xD4CB, 0xD4CB, 0xD4EB, 0xDD2D, 0xDD6E, 0xDD6E, 0xDD6E, 0xE58F, 0xE5AF, 0xE58F,
    0xDD8F, 0xE58F, 0xE58F, 0xDD6E, 0xDD6E, 0xE5AF, 0xE5AF, 0xE5AF, 0xE5AF, 0xE5AF, 0xDDAF, 0xDD8E, 0xDDAF, 0xCCED, 0x6182, 0xC48C,
    0xFFB9, 0xFFB9, 0xFFB9, 0xFFB9, 0xFFBA, 0xFFB9, 0xFF99, 0xFF99, 0xFF99, 0xFF98, 0xFF78, 0xFF58, 0xFF78, 0xFF77, 0xFF36, 0xFF57,
    0xFF57, 0xFF57, 0xFF16, 0xF716, 0xFEF5, 0xEE52, 0xEE12, 0xE5F1, 0xEE52, 0xF6B4, 0xF6D5, 0xFF16, 0xF716, 0xF736, 0xFF57, 0xFF57,
    0xFF57, 0xF736, 0xF716, 0xFF37, 0xFF57, 0xF757, 0xFF57, 0xFF57, 0xFF57, 0xFF58, 0xFF78, 0xFF99, 0xFF98, 0xFFB9, 0xFFD9, 0xFF98,
    0xFF78, 0xFF77, 0xFF57, 0xF737, 0xFF57, 0xFF57, 0xFF98, 0xFF98, 0xFF98, 0xFF98, 0xFFD9, 0xFFD9, 0xFFB9, 0xF798, 0xFF98, 0xFF98,
    0xFF99, 0xFF99, 0xFF78, 0xFF98, 0xFFB9, 0xFF99, 0xFFB9, 0xFFD9, 0xFFB9, 0xFF78, 0xFF15, 0xFE93, 0xF672, 0xF651, 0xFEB2, 0xFED3,
    0xFED3, 0xFEB3, 0xFED3, 0xFF55, 0xD5B0, 0x7204, 0xF758, 0xFFD9, 0xFFB9, 0xF756, 0xFF34, 0xF671, 0xF650, 0xF670, 0xEED6, 0xF759,
    0xB4EF, 0x8286, 0xE695, 0xFF99, 0xF6D6, 0xEE75, 0xEE75, 0xEE75, 0xEE75, 0xE675, 0xEE96, 0xEEB6, 0xEEB6, 0xEE95, 0xEE95, 0xEE95,
    0xEE95, 0xEE95, 0xEE95, 0xEE75, 0xEE75, 0xEE75, 0xEE75, 0xEE74, 0xE633, 0xE633, 0xE633, 0xE633, 0xE633, 0xE633, 0xE633, 0xE633,
    0xE632, 0xE653, 0xE632, 0xE632, 0xE632, 0xEE53, 0xEE53, 0xE632, 0xE632, 0xEE33, 0xEE53, 0xEE33, 0xEE32, 0xE632, 0xE611, 0xE5F0,
    0xE5D0, 0xE5F1, 0xE611, 0xE611, 0xE611, 0xE5F0, 0xDDB0, 0xE5F0, 0xE5F0, 0xE5D0, 0xE5D0, 0xE5F0, 0xDDAF, 0xDD8E, 0xDD6E, 0xD52C,
    0xD52C, 0xD52C, 0xD52C, 0xD52C, 0xDD2C, 0xD50C, 0xD4EC, 0xC48B, 0xC48A, 0xC48B, 0xC48B, 0xC46A, 0xBC4A, 0xBC29, 0xB409, 0xA387,
    0x9B06, 0x8A84, 0x92E5, 0xB3E7, 0xB3C6, 0xBBE7, 0xCC69, 0xCC8A, 0xCC8A, 0xCC8A, 0xDD0B, 0xDD4C, 0xDD2C, 0xD4EB, 0xD50B, 0xD50B,
    0xD50C, 0xDD0C, 0xDD0C, 0xD4EB, 0xDD2C, 0xDD4D, 0xDD4D, 0xDD4D, 0xDD4C, 0xD50C, 0xD4EB, 0xD4CB, 0xD4EB, 0xDD0C, 0xCC8A, 0xCC69,
    0xCC49, 0xD4AA, 0xD4AA, 0xD4AB, 0xD4CB, 0xD4EB, 0xD4CB, 0xD4EB, 0xD50C, 0xDD2D, 0xE58E, 0xE58E, 0xDD6E, 0xDD8E, 0xE58E, 0xE58F,
    0xE5AF, 0xE58F, 0xE58F, 0xDD6E, 0xDD6E, 0xDD6E, 0xE58F, 0xE5AF, 0xE5AF, 0xE5AF, 0xE5AF, 0xDD6F, 0xE5AF, 0xD52E, 0x5121, 0xBC4B,
    0xFF99, 0xFF99, 0xFF99, 0xFF99, 0xFF99, 0xFFB9, 0xFFB9, 0xFF98, 0xFF78, 0xFF58, 0xFF57, 0xF716, 0xF6D4, 0xFF15, 0xF6B4, 0xFF15,
    0xF6D4, 0xF693, 0xF6B3, 0xF6B3, 0xF6F5, 0xF6D4, 0xEEB4, 0xF736, 0xFF77, 0xFF77, 0xFF56, 0xF736, 0xF716, 0xF716, 0xF736, 0xFF36,
    0xF737, 0xF737, 0xF737, 0xFF57, 0xF757, 0xFF57, 0xFF57, 0xFF78, 0xFF58, 0xFF78, 0xFF78, 0xFF99, 0xFFB9, 0xFFB9, 0xFFB9, 0xFF98,
    0xFF78, 0xFF77, 0xFF37, 0xFF16, 0xF716, 0xFF57, 0xFFB8, 0xFF98, 0xFF78, 0xFFB8, 0xFFD9, 0xFFDA, 0xFFDA, 0xFFBA, 0xFFDA, 0xFFDA,
    0xFFDA, 0xFFDA, 0xFFB9, 0xFFB9, 0xFFB9, 0xFFB9, 0xFF99, 0xFF98, 0xFFB9, 0xFF98, 0xFEF5, 0xF672, 0xF651, 0xF651, 0xF672, 0xF672,
    0xFEB3, 0xFEF3, 0xFF14, 0xF6D4, 0x9347, 0xC571, 0xFFDA, 0xFFFA, 0xF714, 0xF671, 0xF670, 0xF650, 0xF64F, 0xF64F, 0xFF78, 0xFFFC,
    0xD614, 0xAC6D, 0xB48D, 0xB48E, 0xDDD2, 0xEEB6, 0xEE75, 0xEE75, 0xEE75, 0xEE75, 0xEE96, 0xEEB6, 0xEEB6, 0xEE95, 0xEE95, 0xEE95,
    0xEE95, 0xEE95, 0xEE75, 0xEE75, 0xEE75, 0xEE75, 0xEE75, 0xEE75, 0xEE54, 0xEE54, 0xEE53, 0xE633, 0xE633, 0xE633, 0xE633, 0xEE33,
    0xE633, 0xE633, 0xE632, 0xE632, 0xE632, 0xEE33, 0xEE53, 0xEE33, 0xEE32, 0xEE33, 0xE633, 0xE632, 0xE632, 0xE632, 0xE612, 0xE5F1,
    0xE5F1, 0xE5F0, 0xE5F0, 0xE5F1, 0xE5F1, 0xE5F1, 0xE5F0, 0xDDD0, 0xE5F0, 0xE5F0, 0xE5D0, 0xDDAF, 0xDDAE, 0xDD8E, 0xDD8E, 0xDD4D,
    0xD50C, 0xD52C, 0xDD2D, 0xD50C, 0xD4EC, 0xD50C, 0xD50C, 0xD4EC, 0xCCAB, 0xCCAB, 0xC48B, 0xC46A, 0xBC29, 0xBC29, 0xB409, 0xABA8,
    0x92E5, 0x8284, 0x92E4, 0xB3C7, 0xB3C7, 0xBC08, 0xCC89, 0xD4AA, 0xD4AA, 0xD4AA, 0xDD2B, 0xDD4B, 0xDD2C, 0xDD0B, 0xDD0B, 0xDD2C,
    0xDD2C, 0xDD4D, 0xDD4D, 0xD50C, 0xDD2C, 0xDD4D, 0xDD2C, 0xDD2C, 0xDD4D, 0xDD2C, 0xD4EB, 0xD4CB, 0xCCCB, 0xD4CB, 0xD4EB, 0xD4AA,
    0xCC69, 0xD4AA, 0xD4AA, 0xD4CB, 0xDD2C, 0xDD2C, 0xD4EB, 0xD52C, 0xDD2C, 0xDD4D, 0xDD8E, 0xE58F, 0xE5AF, 0xE58F, 0xDD6E, 0xDD4E,
    0xDD6E, 0xDD8E, 0xDD8E, 0xDD8E, 0xDD8E, 0xDD8E, 0xE58F, 0xE5AF, 0xE5AF, 0xE5AF, 0xDDAF, 0xE5B0, 0xC4AD, 0x9368, 0xAC0A, 0xC4ED,
    0xFF99, 0xFF99, 0xFF98, 0xFF99, 0xFF98, 0xFF57, 0xFF16, 0xFEF5, 0xF6D5, 0xF6D5, 0xF6D5, 0xF694, 0xF673, 0xF652, 0xEE32, 0xF652,
    0xE5F1, 0xE5D0, 0xEDF1, 0xEDF1, 0xF6D4, 0xFF36, 0xF736, 0xFF78, 0xFFB9, 0xFF78, 0xFF58, 0xFF78, 0xFF58, 0xFF57, 0xFF57, 0xFF57,
    0xF757, 0xF737, 0xF737, 0xFF57, 0xF757, 0xFF78, 0xFF78, 0xFF78, 0xFF78, 0xFF98, 0xFF99, 0xFFB9, 0xFFDA, 0xFFD9, 0xFFB9, 0xFF98,
    0xFF77, 0xFF57, 0xFF57, 0xFF57, 0xFF57, 0xFF77, 0xFF97, 0xFF77, 0xFF98, 0xFFB8, 0xFFB8, 0xFFB9, 0xFFD9, 0xFFFB, 0xFFFB, 0xFFDA,
    0xFFB9, 0xFFB9, 0xFF98, 0xFF98, 0xFF98, 0xFFB9, 0xFF98, 0xFF98, 0xFF99, 0xFFB9, 0xFF77, 0xFEF4, 0xFE92, 0xF672, 0xF671, 0xFE92,
    0xFEB2, 0xFE92, 0xFED3, 0xFF56, 0x8B07, 0xF778, 0xFFFB, 0xFFB8, 0xEE91, 0xF5CE, 0xEDEE, 0xF62F, 0xF64F, 0xF670, 0xFF78, 0xFFDA,
    0xFFFB, 0xF799, 0x9307, 0x8AE6, 0x7244, 0xD5D2, 0xEEB6, 0xE675, 0xEE75, 0xEE95, 0xEEB6, 0xEE96, 0xEE96, 0xEE95, 0xEE95, 0xEE95,
    0xEE95, 0xEE95, 0xE675, 0xE675, 0xEE95, 0xE675, 0xE654, 0xEE54, 0xEE54, 0xEE74, 0xEE53, 0xE633, 0xE633, 0xE633, 0xE633, 0xE633,
    0xE633, 0xE633, 0xE633, 0xE633, 0xEE33, 0xEE33, 0xEE33, 0xEE53, 0xEE53, 0xEE33, 0xE632, 0xE632, 0xE612, 0xE612, 0xE612, 0xE5F1,
    0xE5F1, 0xE5F0, 0xE5F0, 0xE5F0, 0xE5F0, 0xE5F1, 0xE611, 0xE5D0, 0xDDD0, 0xE5D0, 0xE5F0, 0xDDAF, 0xDD8E, 0xDD8E, 0xDD8E, 0xDD6D,
    0xD4EC, 0xCCCB, 0xD4EB, 0xD4EB, 0xCCCB, 0xCCCB, 0xD4EC, 0xD4EC, 0xCCCC, 0xCCAB, 0xC48B, 0xC48B, 0xBC4A, 0xB3E8, 0xABA8, 0xA387,
    0x92E5, 0x9305, 0xA366, 0xB3C7, 0xB3C7, 0xBC28, 0xCCAA, 0xD4CB, 0xD4CB, 0xD4CA, 0xDD2B, 0xDD4C, 0xDD6D, 0xDD2C, 0xD50C, 0xDD4D,
    0xDD6E, 0xDD6E, 0xDD6E, 0xDD4D, 0xDD2D, 0xDD4D, 0xDD2D, 0xD50C, 0xD50C, 0xDD2D, 0xDD0C, 0xD4EB, 0xCCAA, 0xCCAA, 0xD4CB, 0xD4CB,
    0xD4AA, 0xD4CA, 0xD4CA, 0xD4CB, 0xD50C, 0xDD4C, 0xDD4D, 0xDD4D, 0xDD4D, 0xDD4D, 0xDD6E, 0xE5AF, 0xE5AF, 0xE5AF, 0xE5AF, 0xDD8E,
    0xDD6E, 0xDD6E, 0xDD6E, 0xDD8E, 0xE5AF, 0xDDAF, 0xDD8F, 0xE5AF, 0xE5AF, 0xE5D0, 0xDDAF, 0xEE31, 0xB40B, 0x61C3, 0xE5F1, 0xD58F,
    0xFF99, 0xFF99, 0xFF78, 0xFF37, 0xFF37, 0xFEF6, 0xF6B4, 0xEE32, 0xEE32, 0xF652, 0xF673, 0xF673, 0xF652, 0xF632, 0xEE11, 0xEE11,
    0xEE32, 0xEE52, 0xEE31, 0xEDF1, 0xF693, 0xF6F5, 0xFF57, 0xFF99, 0xFF99, 0xFF78, 0xFF78, 0xFF98, 0xFF57, 0xF737, 0xFF58, 0xFF78,
    0xF757, 0xF737, 0xFF57, 0xFF99, 0xFFB9, 0xFF99, 0xFF99, 0xFF78, 0xFF78, 0xFFB9, 0xFFBA, 0xFFDA, 0xFFFB, 0xFFB9, 0xFF98, 0xFF98,
    0xFF77, 0xFF56, 0xFF78, 0xFF98, 0xFF77, 0xFF77, 0xFF77, 0xFF77, 0xFF97, 0xFF98, 0xFF98, 0xFF78, 0xFF98, 0xFF98, 0xFFB8, 0xFF98,
    0xFF78, 0xFF98, 0xFFB8, 0xFFB8, 0xFFB8, 0xFFB9, 0xFF98, 0xFF98, 0xFF99, 0xFFB9, 0xFF77, 0xF6B3, 0xF672, 0xF651, 0xFE92, 0xF672,
    0xF671, 0xFE92, 0xFEB2, 0xCD6F, 0xACAE, 0xEF59, 0xFFD9, 0xEE51, 0xEE0F, 0xF5EE, 0xF5EE, 0xF60E, 0xEE2F, 0xFF35, 0xFFDA, 0xFFDA,
    0xFFDA, 0xFF99, 0xFF98, 0xFF98, 0xDDF2, 0x82C6, 0x82C6, 0xF6B5, 0xF6F7, 0xEE75, 0xEE95, 0xEE95, 0xEE95, 0xEE95, 0xEE95, 0xEE95,
    0xEE95, 0xEE95, 0xE675, 0xE654, 0xE675, 0xE654, 0xE654, 0xE654, 0xEE74, 0xEE74, 0xEE54, 0xE633, 0xEE33, 0xE633, 0xE633, 0xE633,
    0xE633, 0xE633, 0xE633, 0xE633, 0xE633, 0xE632, 0xE632, 0xEE53, 0xEE32, 0xE612, 0xE612, 0xE612, 0xE5F1, 0xE5F1, 0xE611, 0xE611,
    0xE5F1, 0xE5F0, 0xE5F0, 0xDDCF, 0xE5F0, 0xDDD0, 0xE5F1, 0xE5F0, 0xE5D0, 0xDDAF, 0xE5AF, 0xE5D0, 0xDD8E, 0xDD6E, 0xDD6E, 0xDD6D,
    0xDD4D, 0xD50C, 0xCCAB, 0xCCCB, 0xCCCB, 0xC46A, 0xBC29, 0xCCAB, 0xD4EC, 0xCCCC, 0xC48A, 0xC46A, 0xBC29, 0xB3E9, 0xA387, 0xA346,
    0x92E5, 0xAB87, 0xB3E7, 0xB3C7, 0xB3C7, 0xC428, 0xCC69, 0xD4AB, 0xD4CB, 0xD4CB, 0xDD0B, 0xDD4C, 0xDD6E, 0xDD6E, 0xDD6E, 0xDD6E,
    0xDD8E, 0xDD8E, 0xDD6E, 0xDD6E, 0xDD4D, 0xDD4D, 0xDD4D, 0xD50C, 0xD4EB, 0xD4EC, 0xD4EB, 0xDD2C, 0xD4CB, 0xCCAA, 0xD4AA, 0xD4CB,
    0xD4CA, 0xD4CA, 0xD4CB, 0xD4EB, 0xD50C, 0xD50C, 0xDD4D, 0xDD6D, 0xDD6E, 0xDD6E, 0xDD6E, 0xDD8E, 0xDD8E, 0xDD8E, 0xE5AF, 0xE5AF,
    0xDD8E, 0xDD6E, 0xDD6E, 0xDD6E, 0xE5AF, 0xE5B0, 0xE5B0, 0xE5B0, 0xDDD0, 0xDDD0, 0xDDB0, 0xD54F, 0xABEA, 0x7A85, 0xD56F, 0xCD6F,
    0xFF16, 0xFF16, 0xFF15, 0xFED5, 0xF694, 0xF673, 0xF652, 0xF652, 0xF672, 0xF672, 0xF672, 0xF672, 0xF652, 0xF632, 0xEDF1, 0xF632,
    0xF693, 0xF693, 0xF652, 0xEDF0, 0xF693, 0xFEF5, 0xFF57, 0xFF78, 0xFF78, 0xFF78, 0xFF78, 0xFF78, 0xFF78, 0xFF78, 0xFF58, 0xFF57,
    0xF757, 0xF757, 0xFF78, 0xFF99, 0xFF99, 0xFF99, 0xFF99, 0xFF99, 0xFF99, 0xFF99, 0xFF99, 0xFFB9, 0xFFDA, 0xFF98, 0xFF57, 0xFF57,
    0xFF57, 0xF736, 0xFF98, 0xFF98, 0xFF77, 0xFF77, 0xFF77, 0xFF78, 0xFF77, 0xFF78, 0xFF78, 0xFF98, 0xFF78, 0xFF77, 0xFF97, 0xFF97,
    0xFF78, 0xFFB8, 0xFFB8, 0xFF98, 0xFF98, 0xFF78, 0xFFB9, 0xFFBA, 0xFFD9, 0xFF98, 0xFF56, 0xFEB3, 0xF651, 0xF651, 0xFE92, 0xFE92,
    0xF672, 0xFEB3, 0xFE92, 0x7A43, 0xDE55, 0xFFFB, 0xFF56, 0xEE0E, 0xEDCD, 0xEDEE, 0xEDEE, 0xF5EE, 0xEE2F, 0xFF77, 0xFFFB, 0xFFDA,
    0xFFDA, 0xFFDA, 0xF737, 0xF6D5, 0xFEF5, 0xC50E, 0xAC4B, 0x82C6, 0x9349, 0xEEB6, 0xFF18, 0xF6F7, 0xEE95, 0xEE95, 0xEE75, 0xEE95,
    0xEE96, 0xEE95, 0xE675, 0xE654, 0xEE54, 0xE654, 0xE654, 0xE654, 0xEE54, 0xEE54, 0xEE34, 0xEE33, 0xE633, 0xE633, 0xE633, 0xE633,
    0xE633, 0xE633, 0xE633, 0xE633, 0xE633, 0xE612, 0xE632, 0xE632, 0xE632, 0xE632, 0xE611, 0xDDD0, 0xE5F1, 0xE5D1, 0xE5F1, 0xE611,
    0xE5F1, 0xE5F0, 0xE611, 0xE5F1, 0xE5F1, 0xDDD0, 0xDDD0, 0xDDD0, 0xE5D0, 0xE5CF, 0xDD8F, 0xDDAF, 0xDD8E, 0xDD8E, 0xDD6D, 0xDD6D,
    0xDD6D, 0xDD4D, 0xD50C, 0xCCCB, 0xCCCB, 0xCC8A, 0xBC09, 0xBC29, 0xC48A, 0xCCAB, 0xC46A, 0xBC29, 0xB3E8, 0xABA8, 0xABA7, 0xA387,
    0xA367, 0xA346, 0xAB66, 0xC449, 0xC429, 0xC449, 0xCC6A, 0xD4CB, 0xD4CB, 0xD4EB, 0xD50C, 0xDD4D, 0xDD8E, 0xDD8E, 0xDD8E, 0xDD8E,
    0xE58F, 0xDD8F, 0xDD8F, 0xDD6E, 0xDD6E, 0xDD4D, 0xDD2C, 0xDD2C, 0xD50C, 0xD4CB, 0xCCCB, 0xD4EC, 0xDD0C, 0xD4EB, 0xD4CB, 0xD4CB,
    0xD4CB, 0xD4EB, 0xD4CB, 0xD4EB, 0xD50C, 0xD52C, 0xDD4D, 0xDD6D, 0xDD6E, 0xDD8E, 0xE58E, 0xDD6D, 0xDD4D, 0xDD4D, 0xDD4D, 0xDD4D,
    0xDD6E, 0xDD8E, 0xE58F, 0xDDAF, 0xE5B0, 0xE5B0, 0xE5B0, 0xE5B0, 0xDDD0, 0xE5D0, 0xF672, 0x8285, 0x8AC7, 0xD590, 0xCD4F, 0xD56F,
    0xFEF4, 0xFED4, 0xF6B4, 0xF693, 0xF672, 0xEE52, 0xF652, 0xF672, 0xF693, 0xF693, 0xEE11, 0xEE11, 0xEE31, 0xF632, 0xEE31, 0xEE11,
    0xEE11, 0xF631, 0xEE11, 0xEDF1, 0xF652, 0xEE72, 0xF6F5, 0xFF57, 0xFF78, 0xFF78, 0xFF78, 0xFF78, 0xFF78, 0xF757, 0xF737, 0xF757,
    0xFF57, 0xFF78, 0xFF98, 0xFF99, 0xFF79, 0xFF78, 0xFF78, 0xFF99, 0xFF78, 0xFF78, 0xFF98, 0xFF78, 0xFF78, 0xF757, 0xF737, 0xFF37,
    0xF736, 0xF757, 0xFFB8, 0xFF98, 0xFFB9, 0xFF98, 0xFF98, 0xFF77, 0xFF77, 0xFF77, 0xFF98, 0xFF98, 0xFF77, 0xFF77, 0xFF78, 0xFF98,
    0xFF98, 0xFFB8, 0xFF98, 0xFF98, 0xFF98, 0xFFB9, 0xFFDA, 0xFFDA, 0xFFB9, 0xFF98, 0xFF56, 0xF6D3, 0xF692, 0xFED3, 0xFEF3, 0xFED3,
    0xFEB2, 0xFED3, 0xFEB2, 0x8284, 0xD613, 0xFFFA, 0xF714, 0xEE0F, 0xEDEE, 0xEDEE, 0xEDEE, 0xF5EE, 0xF650, 0xFFB9, 0xFFDA, 0xFFDA,
    0xFFDA, 0xFFDA, 0xFF78, 0xF717, 0xEE94, 0xF6D5, 0xE612, 0x9B89, 0x9B68, 0x9B89, 0xA3AA, 0xA40B, 0xEE95, 0xEEB6, 0xE674, 0xEE75,
    0xEE95, 0xEE95, 0xEE75, 0xEE54, 0xE654, 0xE654, 0xE654, 0xE654, 0xE654, 0xEE54, 0xEE54, 0xE653, 0xE633, 0xE633, 0xEE34, 0xEE34,
    0xE633, 0xE633, 0xE633, 0xEE33, 0xE633, 0xE632, 0xE632, 0xE611, 0xE611, 0xE632, 0xE611, 0xDDF0, 0xDDD0, 0xE5D0, 0xE5F0, 0xE5F0,
    0xE5D0, 0xE5F1, 0xE5F1, 0xE611, 0xE5F1, 0xE5F1, 0xDDD0, 0xDDAF, 0xDDAF, 0xE5D0, 0xE5CF, 0xDD8F, 0xDD6E, 0xDD6D, 0xDD6D, 0xDD4D,
    0xDD4C, 0xDD4C, 0xDD4D, 0xD4EB, 0xCCAB, 0xCCCB, 0xC46A, 0xBC09, 0xBC09, 0xBC09, 0xC46A, 0xBC29, 0xB3E8, 0xABA7, 0xAB87, 0xB3C8,
    0xB409, 0xA366, 0xAB46, 0xCC6A, 0xC449, 0xC449, 0xCCAA, 0xD4CB, 0xD4EB, 0xD4EB, 0xDD2C, 0xDD6D, 0xDD8E, 0xDD8E, 0xDDAF, 0xDDAF,
    0xDDAF, 0xDDAF, 0xDD8F, 0xDD6E, 0xDD6E, 0xDD6E, 0xDD4D, 0xDD2D, 0xDD2C, 0xD4EB, 0xD4EB, 0xD4CB, 0xDD0C, 0xD4EB, 0xD4CB, 0xD4CB,
    0xD4CA, 0xDD2C, 0xDD0C, 0xD4EB, 0xDD2C, 0xD52C, 0xDD6E, 0xDD6E, 0xDD6E, 0xDD6E, 0xDD8E, 0xE5AE, 0xDD4D, 0xDD4D, 0xDD4D, 0xDD4D,
    0xDD4E, 0xDD4D, 0xE58E, 0xE5AF, 0xE5B0, 0xE5D0, 0xE5B0, 0xDDB0, 0xE5D0, 0xDD8F, 0xCCCD, 0x9327, 0x9B89, 0xDDB0, 0xCD4F, 0xCD6F,
    0xF673, 0xFE93, 0xF673, 0xEE52, 0xF673, 0xF693, 0xFE93, 0xF652, 0xEE32, 0xEDF1, 0xE5AF, 0xE5B0, 0xEE11, 0xF632, 0xEE31, 0xEE11,
    0xEE31, 0xF652, 0xF632, 0xF612, 0xEE11, 0xEE32, 0xF6D5, 0xFF58, 0xFF99, 0xFF99, 0xFF98, 0xFF78, 0xFF57, 0xF757, 0xFF57, 0xF757,
    0xF737, 0xFF57, 0xFF78, 0xFF78, 0xFF78, 0xFF58, 0xF758, 0xFF58, 0xFF57, 0xFF98, 0xFF99, 0xFF98, 0xFF78, 0xFF57, 0xFF78, 0xFF78,
    0xFF98, 0xFF99, 0xFFB9, 0xFFB9, 0xFFD9, 0xFFB9, 0xFF98, 0xFF77, 0xFF78, 0xFF78, 0xFF77, 0xFF78, 0xFF98, 0xFF78, 0xFF98, 0xFFB8,
    0xFFD9, 0xFFB9, 0xFFB9, 0xFFB9, 0xFFD9, 0xFFD9, 0xFFD9, 0xFFB9, 0xFFB9, 0xFF98, 0xFF78, 0xFF77, 0xFF35, 0xFEF4, 0xF6B3, 0xFEB3,
    0xFEF3, 0xFEF4, 0xFED3, 0x8284, 0xD614, 0xFFFA, 0xF6B2, 0xEDCD, 0xEDCD, 0xEDCD, 0xEDAD, 0xED8C, 0xEE71, 0xFFDA, 0xFFDA, 0xFFDA,
    0xFFDA, 0xFFBA, 0xFFDA, 0xFFB9, 0xEE94, 0xE632, 0xE612, 0xEE93, 0xE612, 0xA3A9, 0x9B88, 0x9BA9, 0xAC2C, 0xD5B2, 0xEEB6, 0xEE75,
    0xEE75, 0xEE95, 0xEE75, 0xEE75, 0xE654, 0xE654, 0xEE54, 0xE654, 0xEE54, 0xE654, 0xEE74, 0xE654, 0xE654, 0xEE33, 0xEE33, 0xE633,
    0xE633, 0xE633, 0xE633, 0xE633, 0xE633, 0xE632, 0xE632, 0xE611, 0xE611, 0xE632, 0xE612, 0xDDF1, 0xDDD0, 0xDDD0, 0xDDD0, 0xDDD0,
    0xDDB0, 0xDDD0, 0xDDD0, 0xE5F0, 0xE5F1, 0xE5F1, 0xE5F1, 0xE5D0, 0xDDAF, 0xDDCF, 0xE5D0, 0xDDAF, 0xDD8E, 0xDD6D, 0xD50C, 0xD4EB,
    0xD4EB, 0xCCEB, 0xD50C, 0xD50C, 0xCCAB, 0xCCAB, 0xCCAA, 0xC46A, 0xBC08, 0xBBE8, 0xBC29, 0xB3E8, 0xB3C8, 0xABA7, 0xABA7, 0xABC8,
    0xB3E8, 0xA366, 0xAB66, 0xCC6A, 0xC449, 0xC449, 0xCCAA, 0xD4EB, 0xD50B, 0xD50B, 0xDD2C, 0xDD4D, 0xDDAE, 0xDDAF, 0xDDAF, 0xDDAF,
    0xDDAF, 0xDDAF, 0xDD8F, 0xDD8F, 0xDD4D, 0xDD4D, 0xDD4D, 0xDD2D, 0xD50C, 0xD4EC, 0xD4EB, 0xD4EB, 0xD4EB, 0xD4CB, 0xD4CB, 0xD4EB,
    0xD4EB, 0xDD2C, 0xDD4D, 0xD50C, 0xDD2C, 0xDD4D, 0xDD6E, 0xDD8E, 0xDD6E, 0xDD6E, 0xDD8E, 0xDD8E, 0xDD6D, 0xDD4D, 0xDD4D, 0xDD6E,
    0xDD6E, 0xDD6E, 0xDD8E, 0xDD8E, 0xE5D0, 0xE5D0, 0xE5D0, 0xE5D0, 0xEE11, 0xDDD1, 0x6961, 0xB42B, 0xDDB0, 0xCD4F, 0xCD6F, 0xCD70,
    0xEE31, 0xF693, 0xFEB4, 0xF693, 0xF673, 0xF693, 0xFE93, 0xF652, 0xF652, 0xF652, 0xF632, 0xF652, 0xEE32, 0xEE11, 0xEE11, 0xF632,
    0xF652, 0xF631, 0xEE31, 0xF652, 0xF652, 0xFF15, 0xFF99, 0xFF79, 0xFF78, 0xFF58, 0xFF57, 0xFF57, 0xFF57, 0xFF57, 0xFF57, 0xF737,
    0xF716, 0xFF37, 0xF757, 0xF757, 0xFF57, 0xFF57, 0xFF57, 0xFF57, 0xFF57, 0xFF78, 0xFF99, 0xFF78, 0xF737, 0xFF57, 0xFF78, 0xFF98,
    0xFFB9, 0xFFDA, 0xFFDA, 0xFFDA, 0xFFD9, 0xFFB9, 0xFF98, 0xFF98, 0xFF98, 0xFF78, 0xFF78, 0xFF78, 0xFF78, 0xFF98, 0xFFB8, 0xFFB9,
    0xFFB9, 0xFFB9, 0xFFD9, 0xFFB9, 0xFF99, 0xFFD9, 0xFFB9, 0xFFB9, 0xFFDA, 0xFFDA, 0xFFDA, 0xFFB9, 0xFF35, 0xF693, 0xF6B3, 0xFEF4,
    0xF6B3, 0xF6B3, 0xFEB3, 0x7A43, 0xDE55, 0xFFFA, 0xE630, 0xEE0F, 0xF650, 0xF650, 0xEDEE, 0xE5AD, 0xEE72, 0xFFDA, 0xFFDA, 0xFFDA,
    0xFFDA, 0xFFBA, 0xFFBA, 0xFFB9, 0xFF57, 0xEE94, 0xDDF1, 0xDDF1, 0xDDF1, 0xEE32, 0xEE72, 0xDDB0, 0x7204, 0xB48D, 0xE634, 0xE654,
    0xEE95, 0xEE75, 0xEE75, 0xEE75, 0xEE74, 0xEE54, 0xEE54, 0xEE54, 0xEE54, 0xEE54, 0xEE54, 0xE654, 0xEE53, 0xE653, 0xE633, 0xE633,
    0xE633, 0xE633, 0xE653, 0xEE53, 0xE633, 0xE632, 0xE633, 0xE632, 0xE631, 0xE632, 0xE632, 0xE611, 0xDDD0, 0xE5D1, 0xE5D0, 0xE5D0,
    0xDDD0, 0xE5F1, 0xE5F0, 0xDDD0, 0xE611, 0xE5F1, 0xE5F1, 0xE5F0, 0xE5D0, 0xDDAF, 0xDDAF, 0xE5CF, 0xDD6E, 0xDD6D, 0xDD4D, 0xD4EB,
    0xCCCB, 0xD4CB, 0xCCCB, 0xCCCB, 0xCCEB, 0xCCCB, 0xCC8A, 0xC46A, 0xC44A, 0xB3E8, 0xB3E8, 0xB3C8, 0xB3E8, 0xB3E8, 0xB3E8, 0xB3E8,
    0xB409, 0xA366, 0xAB66, 0xCC6A, 0xC449, 0xCC69, 0xCCAA, 0xDD0B, 0xD52C, 0xDD6D, 0xDD6E, 0xDD4D, 0xDDAF, 0xDDAF, 0xDDAF, 0xDDAF,
    0xDDAF, 0xDD8F, 0xDDAF, 0xDD8F, 0xDD4D, 0xDD4D, 0xDD4D, 0xDD4D, 0xD50C, 0xD4CB, 0xD4CB, 0xD4CB, 0xD4CB, 0xD4CB, 0xD4CB, 0xDCEB,
    0xDD0C, 0xDD2C, 0xDD4D, 0xDD4D, 0xDD6D, 0xDD6D, 0xDD6D, 0xDD6E, 0xDD6E, 0xDD6E, 0xDD8E, 0xDD6E, 0xDD4D, 0xDD4D, 0xDD4D, 0xDD6E,
    0xE5AF, 0xDDAF, 0xE5AF, 0xDD8F, 0xE5D0, 0xE5D0, 0xE5D1, 0xEE11, 0xCD2E, 0x9308, 0x9B48, 0xC4AD, 0xD56F, 0xCD4F, 0xCD6F, 0xCD6F,
    0xF693, 0xF693, 0xF672, 0xF672, 0xF672, 0xF673, 0xF693, 0xF673, 0xF673, 0xFE93, 0xFE93, 0xFE93, 0xF693, 0xF652, 0xF632, 0xF631,
    0xEE11, 0xF632, 0xF652, 0xF652, 0xEE11, 0xF672, 0xF6D5, 0xF716, 0xF757, 0xFF57, 0xFF37, 0xF736, 0xF736, 0xF716, 0xEED5, 0xF6F6,
    0xF6F6, 0xF737, 0xF757, 0xFF57, 0xFF57, 0xFF77, 0xFF77, 0xFF78, 0xFF78, 0xFF78, 0xFF98, 0xFF57, 0xF757, 0xFF58, 0xFF78, 0xFFB8,
    0xFFB9, 0xFF99, 0xFFB9, 0xFFDA, 0xFFDA, 0xFFB9, 0xFF98, 0xFF99, 0xFF98, 0xFFB8, 0xFFB8, 0xFFB8, 0xFFB8, 0xFFB8, 0xFFB9, 0xFFB9,
    0xFF98, 0xFF98, 0xFF98, 0xFF99, 0xFFB9, 0xFFB9, 0xFFBA, 0xFFDA, 0xFFFA, 0xFFFA, 0xFFDA, 0xFF78, 0xFF15, 0xF693, 0xFEB3, 0xFED3,
    0xFEB3, 0xFEB3, 0xF692, 0x9B67, 0xBD0F, 0xEF16, 0xF6B3, 0xF6F5, 0xF6F5, 0xF6B3, 0xF6B3, 0xEE2F, 0xEE30, 0xF778, 0xFFBA, 0xFFDA,
    0xFFDA, 0xFFBA, 0xFFB9, 0xFF78, 0xFF98, 0xEED5, 0xE5F1, 0xE5F1, 0xDDF1, 0xDDD0, 0xDDB0, 0xDDB0, 0xE611, 0xAC0B, 0x61A2, 0xCD50,
    0xEE75, 0xEE75, 0xEE95, 0xEE74, 0xEE75, 0xEE74, 0xEE54, 0xEE74, 0xEE74, 0xEE74, 0xEE74, 0xEE54, 0xE654, 0xE654, 0xEE54, 0xEE54,
    0xE653, 0xE653, 0xE653, 0xEE53, 0xE653, 0xE633, 0xEE53, 0xEE33, 0xE632, 0xE632, 0xE632, 0xE612, 0xE611, 0xE5F1, 0xE5D0, 0xE5F1,
    0xE5D1, 0xE5F1, 0xE611, 0xE5F1, 0xE5F1, 0xE5F1, 0xE5F1, 0xE5F0, 0xE5D0, 0xDDAF, 0xD56E, 0xDD6E, 0xDD6E, 0xDD6D, 0xDD6D, 0xDD4D,
    0xD50C, 0xD4EB, 0xD4CB, 0xCCAB, 0xCC8A, 0xCC8B, 0xCC8A, 0xC46A, 0xC449, 0xB3E8, 0xB3E8, 0xB3E8, 0xB3C8, 0xB3E8, 0xB3E8, 0xB3E8,
    0xBC29, 0x9B26, 0xA326, 0xCC8A, 0xCC89, 0xD4AA, 0xCC8A, 0xD4EB, 0xD52C, 0xDD8E, 0xE5B0, 0xDDAF, 0xDDAF, 0xDDAF, 0xDDAF, 0xDDAF,
    0xDDAF, 0xDDAF, 0xDDAF, 0xDD6E, 0xDD4D, 0xDD4D, 0xDD2D, 0xDD2C, 0xDD2C, 0xD4EB, 0xD4AB, 0xD4CB, 0xD4CB, 0xD4CB, 0xD4CB, 0xD4CB,
    0xD4EB, 0xDD2C, 0xDD4D, 0xDD4D, 0xDD6E, 0xDD6E, 0xE58E, 0xDD6E, 0xDD6E, 0xDD6E, 0xDD6E, 0xDD6E, 0xDD6E, 0xDD4E, 0xDD4E, 0xDD6E,
    0xDDAF, 0xE5D0, 0xE5D0, 0xE5D0, 0xE5D0, 0xE5F1, 0xE5D1, 0xEE52, 0xD54F, 0x6141, 0xCD0E, 0xD54F, 0xCD4F, 0xCD4F, 0xCD6F, 0xCD70,
    0xF693, 0xEE32, 0xEE11, 0xF652, 0xF673, 0xF673, 0xF672, 0xF652, 0xF652, 0xF673, 0xF673, 0xF672, 0xF652, 0xF672, 0xF652, 0xEE11,
    0xEE11, 0xEE11, 0xEE11, 0xEE11, 0xEDF0, 0xE5D0, 0xF673, 0xF716, 0xF736, 0xFF37, 0xF6F5, 0xF6F5, 0xEED4, 0xEED4, 0xEE94, 0xF6D5,
    0xF736, 0xFF57, 0xF757, 0xFF57, 0xFF77, 0xFF78, 0xFF78, 0xFF99, 0xFF78, 0xF757, 0xFF78, 0xFF78, 0xFF78, 0xFF78, 0xFF98, 0xFF98,
    0xFF98, 0xFF98, 0xFF78, 0xFF98, 0xFF99, 0xFFB9, 0xFFD9, 0xFFD9, 0xFFB9, 0xFF98, 0xFFB8, 0xFFB9, 0xFF98, 0xFF78, 0xFF78, 0xFF78,
    0xFF78, 0xFF98, 0xFF98, 0xFF99, 0xFF99, 0xFF99, 0xFFB9, 0xFFDA, 0xFFDA, 0xFFB9, 0xFF98, 0xFF77, 0xFF15, 0xF6B3, 0xFE93, 0xF672,
    0xF692, 0xFEB3, 0xFE92, 0xFED3, 0x8264, 0xCD91, 0xFFD9, 0xFF37, 0xF716, 0xF6B4, 0xF672, 0xEE0F, 0xE5CE, 0xEEB3, 0xFFDA, 0xFFDA,
    0xFFDA, 0xFFBA, 0xF737, 0xFF37, 0xF716, 0xEE73, 0xE5F1, 0xE5F1, 0xDDD1, 0xDDD1, 0xDDD0, 0xDDB0, 0xD56F, 0xCD0D, 0xB44B, 0x7A24,
    0x69C3, 0xB46D, 0xEEB6, 0xEE95, 0xEE75, 0xEE54, 0xEE74, 0xEE74, 0xEE74, 0xEE74, 0xEE74, 0xEE74, 0xEE54, 0xE654, 0xEE74, 0xEE74,
    0xEE54, 0xEE54, 0xEE54, 0xEE53, 0xE653, 0xE653, 0xEE53, 0xEE53, 0xE632, 0xE632, 0xE632, 0xE612, 0xE612, 0xE612, 0xE5F1, 0xE5F1,
    0xE5F1, 0xE5D0, 0xE611, 0xE5F1, 0xE5F0, 0xE5F0, 0xE5F0, 0xE5F0, 0xE5D0, 0xDDAF, 0xDD6E, 0xD54D, 0xDD6D, 0xDD6D, 0xDD4D, 0xDD4D,
    0xD52C, 0xD4EB, 0xD4EB, 0xCCAA, 0xCC8A, 0xC46A, 0xC46A, 0xC46A, 0xBC29, 0xB3E8, 0xB3E8, 0xB3E8, 0xB3E8, 0xBC29, 0xBC29, 0xBC09,
    0xBC4A, 0x8AA4, 0x8AA4, 0xD4AB, 0xCC8A, 0xCCAA, 0xCCAA, 0xD4EB, 0xD52C, 0xDD8E, 0xE5D0, 0xDDD0, 0xDDAF, 0xDDB0, 0xDDB0, 0xDDAF,
    0xDDAF, 0xDDAF, 0xDD8F, 0xDD4D, 0xDD4D, 0xDD4D, 0xD50C, 0xD4CB, 0xDD2C, 0xD50C, 0xD4CB, 0xD4CB, 0xD4CB, 0xDCEB, 0xDD2C, 0xD4EB,
    0xD4CB, 0xDD4C, 0xDD4D, 0xDD4D, 0xDD6E, 0xDD8E, 0xDD8E, 0xDD6E, 0xD54D, 0xDD4D, 0xDD8E, 0xDD6E, 0xDD6E, 0xDD6E, 0xE56E, 0xDD6E,
    0xDD8F, 0xE5D0, 0xE5F1, 0xE5F1, 0xE5F1, 0xE5D1, 0xEE52, 0xD56F, 0xA3A9, 0x8AA6, 0xC4AD, 0xCD2E, 0xCD4F, 0xCD4F, 0xCD4F, 0xCD70,
    0xF673, 0xF652, 0xEE31, 0xEE11, 0xF652, 0xF673, 0xF672, 0xEE52, 0xF652, 0xF672, 0xF652, 0xF652, 0xEE31, 0xEE11, 0xEDF1, 0xEDD0,
    0xEE11, 0xF632, 0xF631, 0xF631, 0xF631, 0xE5D0, 0xEE52, 0xF6D4, 0xF715, 0xF716, 0xF716, 0xFF36, 0xFF16, 0xF716, 0xF6F5, 0xF716,
    0xFF57, 0xFF98, 0xFF98, 0xFF99, 0xFFB9, 0xFF78, 0xFFB9, 0xFFBA, 0xFF98, 0xFF78, 0xF757, 0xF757, 0xFF57, 0xFF57, 0xFF57, 0xF736,
    0xF757, 0xFF77, 0xFF77, 0xFF77, 0xFFB9, 0xFFD9, 0xFFB9, 0xFFD9, 0xFFB9, 0xFF98, 0xFF98, 0xFF98, 0xFF78, 0xFF78, 0xFF78, 0xFF78,
    0xFF78, 0xFF98, 0xFF98, 0xFFB9, 0xFFB9, 0xFFB9, 0xFF99, 0xFF99, 0xFFB9, 0xFF98, 0xFF77, 0xF736, 0xFF35, 0xFF14, 0xFED3, 0xFED4,
    0xFEB3, 0xF672, 0xF672, 0xFE72, 0xC48C, 0x9369, 0xEEB5, 0xFF78, 0xF6D5, 0xF6B4, 0xEE30, 0xE5EE, 0xE5CD, 0xEE72, 0xFF78, 0xFFB9,
    0xFFB9, 0xFFB9, 0xFF58, 0xFF37, 0xEE73, 0xE612, 0xE612, 0xDDF1, 0xDDD1, 0xDDD0, 0xDDB0, 0xD54E, 0xD52E, 0xD54E, 0xCD4E, 0x9B47,
    0x8AA5, 0x69E2, 0xAC2C, 0xE634, 0xE654, 0xEE95, 0xE634, 0xE653, 0xE654, 0xE633, 0xEE54, 0xEE74, 0xEE54, 0xEE54, 0xEE74, 0xEE74,
    0xEE54, 0xEE54, 0xEE74, 0xEE54, 0xEE74, 0xE653, 0xEE53, 0xEE33, 0xE632, 0xE632, 0xE632, 0xE611, 0xEE32, 0xE612, 0xE612, 0xE611,
    0xE611, 0xDDD0, 0xE5F0, 0xE5F1, 0xE5F1, 0xE5F0, 0xE5D0, 0xE5F0, 0xE5D0, 0xDDAF, 0xDD8E, 0xDD6D, 0xDD6D, 0xDD6D, 0xDD4D, 0xD52C,
    0xD50C, 0xCCCB, 0xCC8A, 0xCC8A, 0xC46A, 0xC44A, 0xBC08, 0xBC09, 0xBC08, 0xB3E8, 0xB3E8, 0xB3E8, 0xBC09, 0xBC29, 0xBC29, 0xBC29,
    0xC449, 0x8AA5, 0x8AA4, 0xD4CB, 0xCC8A, 0xCCAA, 0xCCAA, 0xD50C, 0xD52C, 0xDD8E, 0xDDD0, 0xDDD0, 0xDDD0, 0xDDB0, 0xDDD0, 0xDDAF,
    0xDDAF, 0xDDAF, 0xDD8F, 0xD52D, 0xDD2C, 0xDD4D, 0xD50C, 0xD4EC, 0xD4EC, 0xDD0C, 0xD4EC, 0xD4CB, 0xD4CB, 0xD4EB, 0xDD2D, 0xDD2D,
    0xDD2C, 0xDD4D, 0xDD4D, 0xDD4D, 0xDD6E, 0xE58E, 0xE58E, 0xDD8E, 0xDD4D, 0xDD4D, 0xDD6D, 0xDD8E, 0xDD6E, 0xDD8E, 0xDD6E, 0xDD6E,
    0xDD8F, 0xE5F0, 0xE5F1, 0xE5F1, 0xEDF1, 0xE5F1, 0xDDB0, 0xABEA, 0x71E3, 0xC48B, 0xBC6A, 0xC48C, 0xCD2E, 0xCD2E, 0xCD4F, 0xCD70,
    0xF672, 0xFE93, 0xF652, 0xF652, 0xF652, 0xF672, 0xF672, 0xF693, 0xFE93, 0xF672, 0xF652, 0xF652, 0xEE11, 0xEDF1, 0xEDF1, 0xEDF0,
    0xEE11, 0xF652, 0xF652, 0xEE11, 0xEE10, 0xDD8F, 0xE5D0, 0xEE51, 0xF715, 0xF716, 0xF716, 0xF736, 0xF716, 0xF716, 0xF736, 0xFF77,
    0xFF57, 0xF798, 0xFFDA, 0xFFBA, 0xFFBA, 0xFFB9, 0xFFDA, 0xFFBA, 0xFF99, 0xFF98, 0xFF57, 0xF736, 0xFF57, 0xFF77, 0xFF57, 0xF736,
    0xFF77, 0xFF77, 0xFF77, 0xFF98, 0xFFDA, 0xFFB9, 0xFF98, 0xFF98, 0xFF78, 0xFF78, 0xFF78, 0xFF78, 0xFFB9, 0xFF99, 0xFF98, 0xFF99,
    0xFF99, 0xFFB9, 0xFFB9, 0xFF99, 0xFFB9, 0xFF99, 0xFF78, 0xFF78, 0xFF98, 0xFFB9, 0xFF98, 0xFF77, 0xFF76, 0xFEF4, 0xF693, 0xFEF4,
    0xF693, 0xF652, 0xF672, 0xF671, 0xFEB2, 0xC48B, 0xAC2B, 0xEED5, 0xFF77, 0xF6B4, 0xEE11, 0xDD6D, 0xDD2D, 0xD52D, 0xE5D0, 0xFF37,
    0xF737, 0xF737, 0xF716, 0xEE74, 0xE632, 0xE632, 0xE612, 0xDDD1, 0xD58F, 0xDD8F, 0xD58F, 0xCD2E, 0xCCED, 0xCD2E, 0xDDB0, 0x82A5,
    0x8A84, 0xA368, 0x7223, 0x6181, 0xAC2C, 0xA3CA, 0x9348, 0xF695, 0xEE74, 0xEE74, 0xEE74, 0xE653, 0xE613, 0xE633, 0xEE74, 0xEE74,
    0xEE54, 0xEE74, 0xEE74, 0xEE74, 0xEE74, 0xEE54, 0xE653, 0xEE53, 0xE633, 0xE632, 0xE632, 0xE632, 0xEE32, 0xEE33, 0xE633, 0xE612,
    0xEE32, 0xE5F1, 0xDDD0, 0xE5F0, 0xE611, 0xE5F1, 0xE5F0, 0xE5D0, 0xE5F0, 0xE5D0, 0xDDAF, 0xDD8E, 0xDD6E, 0xDD2C, 0xDD4D, 0xD52D,
    0xD4EC, 0xCC8A, 0xC46A, 0xC46A, 0xC46A, 0xBC29, 0xBC08, 0xB3E8, 0xBC08, 0xB3E8, 0xBC29, 0xBC49, 0xBC29, 0xBC49, 0xBC29, 0xBC29,
    0xC46A, 0x92A5, 0x8A84, 0xD4CB, 0xCC8A, 0xCCAA, 0xCCAA, 0xDD2C, 0xDD6E, 0xDD6F, 0xDDB0, 0xDDD0, 0xDDD0, 0xDDD0, 0xDDD0, 0xDDCF,
    0xDD6E, 0xDD8F, 0xDDAF, 0xD50C, 0xD4EB, 0xD4EC, 0xD4EC, 0xD4EC, 0xD4CB, 0xD4EB, 0xDD2C, 0xD50C, 0xD4CB, 0xD4CB, 0xD4EC, 0xDD4D,
    0xDD4D, 0xDD4D, 0xDD4D, 0xDD4D, 0xDD6E, 0xE58E, 0xE5AF, 0xDD8E, 0xDD4D, 0xDD6D, 0xDD6E, 0xE58E, 0xDD8E, 0xE5AF, 0xE5AF, 0xE5AF,
    0xE5D0, 0xE5F1, 0xE5F1, 0xE5F1, 0xE5F1, 0xFEB4, 0x8B07, 0x7A24, 0xC44A, 0xB3E9, 0xB3E9, 0xBC0A, 0xBC6B, 0xBC4B, 0xCD0E, 0xD570,
    0xF672, 0xFE93, 0xF672, 0xF672, 0xF672, 0xF652, 0xF672, 0xF673, 0xF652, 0xF632, 0xF652, 0xF652, 0xEE11, 0xEE31, 0xF652, 0xEE11,
    0xEE11, 0xEDF0, 0xEDF0, 0xEDF0, 0xEDF0, 0xEE11, 0xF672, 0xEE31, 0xEE93, 0xF6F5, 0xF736, 0xF716, 0xF716, 0xFF57, 0xF737, 0xFF57,
    0xFF58, 0xFFB9, 0xFFB9, 0xFF99, 0xFFBA, 0xFFDA, 0xFFDA, 0xFFBA, 0xFF99, 0xFF78, 0xFF57, 0xF736, 0xFF77, 0xF756, 0xF715, 0xF716,
    0xF757, 0xFF57, 0xFF78, 0xFF98, 0xFF99, 0xFF78, 0xFF78, 0xF737, 0xF737, 0xFF98, 0xFFB9, 0xFFB9, 0xFFB9, 0xFFB9, 0xFFD9, 0xFFB9,
    0xFFB9, 0xFFB9, 0xFF99, 0xFF99, 0xFFB9, 0xFFB9, 0xFF98, 0xFF98, 0xFFB9, 0xFFB9, 0xFFB9, 0xFFB9, 0xFF97, 0xFF14, 0xF6B3, 0xEE51,
    0xEE31, 0xF651, 0xF651, 0xF671, 0xF671, 0xFE92, 0x8AC6, 0xAC2C, 0xD5B1, 0xF6B4, 0xEE31, 0xD52D, 0xD50C, 0xD50C, 0xDD6F, 0xE633,
    0xE633, 0xE633, 0xEE33, 0xE633, 0xE633, 0xE632, 0xE612, 0xDDB0, 0xD56F, 0xD56F, 0xD54E, 0xCD0D, 0xD56F, 0xABEA, 0x8AE7, 0x8265,
    0x92C5, 0xAB88, 0x8AC5, 0x8284, 0x8AA5, 0x8A84, 0x7A44, 0x8AE7, 0x82C7, 0x82C7, 0x7A86, 0xA3EA, 0xF6B4, 0xEE33, 0xE612, 0xE633,
    0xEE54, 0xEE74, 0xEE74, 0xEE74, 0xEE74, 0xEE74, 0xE654, 0xEE54, 0xE633, 0xE633, 0xE632, 0xE632, 0xEE33, 0xEE33, 0xEE33, 0xEE32,
    0xE611, 0xE5F0, 0xE5D0, 0xE5D0, 0xE5D0, 0xE5F0, 0xE5F0, 0xDDAF, 0xDDAF, 0xE5CF, 0xE5AF, 0xDD8E, 0xDD6D, 0xCCCB, 0xCCCB, 0xD4EC,
    0xD4EB, 0xCCAA, 0xCCAB, 0xC46A, 0xBC29, 0xBC08, 0xB3E8, 0xBC08, 0xBC08, 0xB3E8, 0xBC49, 0xC46A, 0xC46A, 0xC48A, 0xC449, 0xBC49,
    0xABA7, 0x7A03, 0x8A84, 0xD4CB, 0xCC8A, 0xCCCB, 0xCCCB, 0xD52D, 0xDD8F, 0xDD6F, 0xDDB0, 0xE5D0, 0xE5B0, 0xE5B0, 0xDDB0, 0xDDB0,
    0xDD6E, 0xDD4D, 0xDD8E, 0xD52D, 0xD4CB, 0xD4EB, 0xD4EC, 0xD4EC, 0xD4CB, 0xD4CB, 0xDD0C, 0xDD2C, 0xD50C, 0xD4CB, 0xD4CB, 0xDD2C,
    0xDD4D, 0xDD4D, 0xDD4D, 0xDD4D, 0xDD4D, 0xDD8E, 0xE58E, 0xDD8E, 0xDD8E, 0xDD6E, 0xDD6E, 0xDD8E, 0xE5AF, 0xE5D0, 0xE5D0, 0xE5D0,
    0xE5F1, 0xE5F1, 0xE5F1, 0xEE32, 0xE612, 0xAC2C, 0x9327, 0x92C6, 0xBC09, 0xB3E9, 0xBC09, 0xBC0A, 0xBC0A, 0xBC0A, 0xBC6B, 0xBC8B,
    0xF652, 0xF652, 0xF652, 0xF652, 0xEE11, 0xEE11, 0xF672, 0xF652, 0xEE11, 0xEE31, 0xF652, 0xF673, 0xF693, 0xF652, 0xEE31, 0xF652,
    0xF651, 0xF631, 0xF631, 0xFE92, 0xFE93, 0xF672, 0xF651, 0xEE11, 0xF652, 0xF6D4, 0xF6F5, 0xF716, 0xF757, 0xFF78, 0xFF78, 0xFF78,
    0xFF78, 0xFFB9, 0xFFBA, 0xFFDA, 0xFFDA, 0xFFDA, 0xFFDA, 0xFFDA, 0xFF99, 0xFF78, 0xF777, 0xFF77, 0xFF78, 0xF715, 0xEEF5, 0xF799,
    0xFF99, 0xFF98, 0xFF98, 0xFF78, 0xFF78, 0xFF78, 0xFF57, 0xF737, 0xF757, 0xFFB9, 0xFF98, 0xFF98, 0xFF99, 0xFFB9, 0xFFB9, 0xFFB9,
    0xFF99, 0xFF99, 0xFF99, 0xFF99, 0xFF99, 0xFFB9, 0xFFB9, 0xFFBA, 0xFFB9, 0xFFB9, 0xFF98, 0xFF98, 0xFF98, 0xFF76, 0xF6D3, 0xF651,
    0xF672, 0xFE92, 0xF672, 0xFE92, 0xF671, 0xF651, 0xFE51, 0x8285, 0x7A85, 0xEE32, 0xEE31, 0xD52D, 0xD50C, 0xD50D, 0xDD6F, 0xE632,
    0xE612, 0xE633, 0xE632, 0xE612, 0xDDF2, 0xDDF1, 0xDDB0, 0xD58F, 0xD56F, 0xD56F, 0xD58F, 0xCD0D, 0xBC6C, 0x7A24, 0x4860, 0x8224,
    0xAB88, 0xA346, 0xA367, 0xA387, 0xAB67, 0xABA8, 0x8AA5, 0x79E3, 0x7A03, 0x7A23, 0x7A03, 0x8AC7, 0xABEB, 0xC4CE, 0xEE53, 0xE612,
    0xE612, 0xEE74, 0xEE74, 0xEE74, 0xEE74, 0xEE74, 0xEE74, 0xEE54, 0xE633, 0xEE53, 0xEE53, 0xE632, 0xEE53, 0xEE53, 0xEE53, 0xEE32,
    0xE5D0, 0xE5D0, 0xE5D0, 0xE5D0, 0xDD8F, 0xDD8F, 0xE5AF, 0xDDAF, 0xDD6E, 0xD54D, 0xE58F, 0xDD8E, 0xD4EC, 0xCCAB, 0xCC8A, 0xBC08,
    0xCC8A, 0xCC8A, 0xCC8A, 0xBC29, 0xBC08, 0xBC09, 0xBC08, 0xBC08, 0xBC08, 0xB3E8, 0xBC09, 0xC46A, 0xC46A, 0xC46A, 0xC44A, 0xC46A,
    0x8AA5, 0x71C2, 0xA346, 0xCCCB, 0xCC8A, 0xCCEC, 0xD52D, 0xD52D, 0xDD8F, 0xDD8F, 0xDDB0, 0xDDB0, 0xDDB0, 0xDDB0, 0xDDB0, 0xDDAF,
    0xDD8E, 0xD4EC, 0xD4EC, 0xDD2D, 0xD4CB, 0xCCCB, 0xD4EC, 0xD4EC, 0xD4CB, 0xD4CB, 0xD4EB, 0xDD2D, 0xDD2D, 0xDD2C, 0xD4EB, 0xDD0C,
    0xDD4D, 0xDD4D, 0xDD4D, 0xDD4D, 0xDD4D, 0xDD4D, 0xDD6E, 0xDD8E, 0xDD8E, 0xDDAF, 0xDD6E, 0xE58F, 0xE5D0, 0xE5D0, 0xE5F0, 0xE5F1,
    0xE5F1, 0xE5F1, 0xE5F1, 0xDDB0, 0xCD2E, 0x5962, 0x8AA5, 0xC429, 0xB3C9, 0xBBE9, 0xBC0A, 0xB40A, 0xBC2A, 0xBC2A, 0xBC2A, 0xBC2A,
    0xEE11, 0xEE11, 0xEE11, 0xEE11, 0xE5AF, 0xE5D0, 0xEDF0, 0xEDF1, 0xEDF1, 0xEE11, 0xEE11, 0xF652, 0xF672, 0xF673, 0xF693, 0xF673,
    0xF672, 0xF672, 0xF672, 0xF672, 0xF651, 0xEDF0, 0xE5F0, 0xF651, 0xF693, 0xF6D5, 0xF6F5, 0xF6F6, 0xF737, 0xFF78, 0xF757, 0xF757,
    0xF758, 0xFFB9, 0xFFDA, 0xFFBA, 0xFFBA, 0xFFBA, 0xFFBA, 0xFFBA, 0xFF99, 0xFF57, 0xF737, 0xFF57, 0xF737, 0xF716, 0xF757, 0xFFB9,
    0xFFDB, 0xFFDA, 0xFFB9, 0xFF98, 0xFF78, 0xFF58, 0xFF78, 0xFF78, 0xFF78, 0xFF98, 0xFF78, 0xFF78, 0xFF78, 0xFF78, 0xFF78, 0xFF98,
    0xFF99, 0xFF99, 0xFFB9, 0xFFB9, 0xFFDA, 0xFFDA, 0xFFB9, 0xFFBA, 0xFFD9, 0xFFB9, 0xFF98, 0xFFB8, 0xFFB8, 0xFF56, 0xFED3, 0xFEB3,
    0xFED3, 0xFEB3, 0xFEB3, 0xFEB2, 0xF651, 0xFE72, 0xF610, 0xF610, 0xABC9, 0x61A2, 0xE5D0, 0xE5CF, 0xDD4D, 0xDD4D, 0xE5AF, 0xE632,
    0xE612, 0xE633, 0xE612, 0xD5B0, 0xD590, 0xDD8F, 0xDD8F, 0xD58F, 0xDDB0, 0xDD8F, 0xBCAC, 0xABEA, 0x48C0, 0x7A24, 0x9B26, 0x9B06,
    0xA347, 0xA347, 0xA347, 0xA347, 0xA367, 0xA366, 0xAB87, 0xB3A8, 0xABC8, 0xABC8, 0xB3E8, 0x9306, 0x5961, 0x8AC6, 0xC4AD, 0xC4CE,
    0xE612, 0xEE53, 0xEE74, 0xEE74, 0xEE74, 0xEE74, 0xEE74, 0xEE54, 0xEE54, 0xEE54, 0xEE53, 0xEE53, 0xEE53, 0xEE53, 0xEE53, 0xEE32,
    0xE5F0, 0xE5F0, 0xE5D0, 0xE5D0, 0xDD6E, 0xDD6E, 0xDD4E, 0xDD4E, 0xDD6E, 0xD50C, 0xD4EC, 0xDD6E, 0xDD6D, 0xCCAA, 0xCC6A, 0xBC08,
    0xBC08, 0xBC28, 0xBC08, 0xBC08, 0xBC08, 0xBC09, 0xC449, 0xC44A, 0xBC29, 0xB3E8, 0xBBE8, 0xC46A, 0xCC8A, 0xC46A, 0xC46A, 0xCCCB,
    0x8A84, 0x92A5, 0xD4EC, 0xC4AB, 0xCCAB, 0xCCEC, 0xD52D, 0xD52E, 0xD54E, 0xDD8F, 0xDDB0, 0xDDAF, 0xDDD0, 0xDD8F, 0xDDAF, 0xE5D0,
    0xD54D, 0xD4EC, 0xD4EC, 0xD50C, 0xD50C, 0xCCCB, 0xCCCB, 0xD4EC, 0xD4EC, 0xD4EC, 0xD4EC, 0xD4EC, 0xD50C, 0xDD4D, 0xDD2C, 0xDD0C,
    0xDD4D, 0xDD4D, 0xDD4D, 0xDD4D, 0xDD6E, 0xDD8D, 0xDD4D, 0xDD6E, 0xDDAF, 0xE5D0, 0xE58E, 0xE5D0, 0xE5D0, 0xE5D0, 0xE5F1, 0xE5F1,
    0xE5F1, 0xE5D0, 0xF6B4, 0xB42B, 0x48E0, 0x9B28, 0xBBE9, 0xB3C8, 0xB3E9, 0xB3E9, 0xBC0A, 0xBC0A, 0xBC0A, 0xBC0A, 0xBC2A, 0xBC2A,
    0xEE11, 0xE5F0, 0xE5B0, 0xDD8F, 0xDD8F, 0xDD6F, 0xDD8F, 0xE5AF, 0xDD6F, 0xE58F, 0xE5AF, 0xE5B0, 0xEDF1, 0xF672, 0xF652, 0xEE32,
    0xF673, 0xF672, 0xF651, 0xEE31, 0xEE10, 0xEE31, 0xEE31, 0xEDF0, 0xEE93, 0xFF56, 0xFF36, 0xFF57, 0xFF57, 0xFF58, 0xFF78, 0xFFBA,
    0xFF99, 0xFFB9, 0xFF99, 0xFFB9, 0xFFBA, 0xFFB9, 0xFFB9, 0xFFBA, 0xFF98, 0xF716, 0xEEF5, 0xEED5, 0xF737, 0xFFB9, 0xFFB9, 0xFFB9,
    0xFFDA, 0xFFDA, 0xFFB9, 0xFF98, 0xFF57, 0xFF57, 0xFF58, 0xFF78, 0xFF98, 0xFF98, 0xFF78, 0xFF78, 0xFF98, 0xFF98, 0xFF78, 0xFF98,
    0xFFB9, 0xFFB9, 0xFF99, 0xFF98, 0xFFB9, 0xFFB9, 0xFF98, 0xFF78, 0xFFB8, 0xFFB9, 0xFF98, 0xFF78, 0xFF77, 0xFF36, 0xFEB3, 0xFED3,
    0xFEB3, 0xF692, 0xFEB2, 0xFEB2, 0xFED3, 0xF6B3, 0xF672, 0xFE51, 0xE5AF, 0xD52E, 0x9B68, 0x9B47, 0xABC9, 0xABA8, 0xA3C8, 0xE5F1,
    0xEE32, 0xE632, 0xE612, 0xE5F1, 0xE5F1, 0xE5F1, 0xE5F1, 0xDDD0, 0xAC2A, 0xABCA, 0x6161, 0x6141, 0x8A85, 0x9AE5, 0xA366, 0xA367,
    0xA347, 0xA366, 0xA347, 0xA347, 0xA367, 0xA367, 0xA367, 0xA367, 0xA367, 0xAB67, 0xAB87, 0xABC8, 0xB409, 0x8AA5, 0x69C2, 0x8AC6,
    0xC4AD, 0xCD2F, 0xEE54, 0xEE74, 0xEE74, 0xEE74, 0xEE74, 0xEE74, 0xEE74, 0xEE54, 0xEE54, 0xEE53, 0xEE53, 0xEE53, 0xEE53, 0xEE32,
    0xE5D0, 0xDDD0, 0xE5D0, 0xE5D0, 0xDD6E, 0xDD4E, 0xDD4D, 0xD50D, 0xD52D, 0xD50C, 0xD4AB, 0xCC8B, 0xDD2D, 0xD4EC, 0xBC08, 0xBC08,
    0xBC08, 0xBC08, 0xBC08, 0xBC08, 0xBC08, 0xBC08, 0xC449, 0xCCAB, 0xCC8A, 0xC46A, 0xC449, 0xCC8A, 0xCC8A, 0xCC8A, 0xC44A, 0xABC9,
    0x8244, 0x8A85, 0xCCCC, 0xC4AC, 0xC4AB, 0xCCED, 0xD52E, 0xD52E, 0xD54E, 0xDDB0, 0xDDB0, 0xDDAF, 0xDDB0, 0xDD6F, 0xD54E, 0xDD8F,
    0xD50D, 0xD4CC, 0xD4EC, 0xCCCB, 0xD50C, 0xD4EC, 0xCCAB, 0xD4CB, 0xD4EC, 0xD50C, 0xDD4D, 0xD50C, 0xD50C, 0xDD2D, 0xDD4D, 0xDD4E,
    0xDD4D, 0xDD4D, 0xDD4D, 0xDD4D, 0xDD6E, 0xE5AF, 0xDD8E, 0xDD6E, 0xE5AF, 0xE5D0, 0xE5D0, 0xE5F0, 0xE5F1, 0xE5F1, 0xE5F1, 0xE5F1,
    0xE5F1, 0xEE32, 0xA3C9, 0x7224, 0x9307, 0xABA8, 0xB3E8, 0xB3C9, 0xB3C9, 0xB3E9, 0xBBE9, 0xBC0A, 0xBC2A, 0xBC2A, 0xBC2A, 0xBC2A,
    0xEDF0, 0xF652, 0xFE93, 0xEE31, 0xF652, 0xF672, 0xF672, 0xEE11, 0xEDF0, 0xF652, 0xFEB3, 0xEE11, 0xE5D0, 0xE5F1, 0xE5F1, 0xF652,
    0xF693, 0xF672, 0xEE31, 0xEE10, 0xE610, 0xEE31, 0xEE31, 0xEE31, 0xF693, 0xF6D4, 0xF6F5, 0xF716, 0xFF78, 0xFFB9, 0xFFDA, 0xFFBA,
    0xFFBA, 0xFFB9, 0xFF78, 0xFFB9, 0xFFB9, 0xFF99, 0xFF78, 0xF757, 0xF736, 0xF6F5, 0xF716, 0xFF98, 0xFF98, 0xFF99, 0xFFB9, 0xFF98,
    0xFF98, 0xFF98, 0xF757, 0xF737, 0xF737, 0xFF57, 0xFF57, 0xF757, 0xFF58, 0xFF58, 0xFF57, 0xFF78, 0xFF98, 0xFF98, 0xFF98, 0xFF98,
    0xFF99, 0xFF99, 0xFF99, 0xFF78, 0xFF78, 0xFF78, 0xFF78, 0xFF98, 0xFF98, 0xFF98, 0xFF98, 0xFF98, 0xFF77, 0xFF56, 0xFF36, 0xF692,
    0xF651, 0xFE92, 0xF671, 0xF651, 0xFEB3, 0xFED4, 0xFEB3, 0xF631, 0xFE92, 0xFEB3, 0xBC8C, 0xABA9, 0x6181, 0x6121, 0x6141, 0x7A65,
    0x8285, 0x7A65, 0x7A85, 0x8285, 0x8285, 0x8285, 0x82A5, 0x8285, 0x6182, 0x6961, 0x6982, 0x7A03, 0xAB67, 0xA347, 0xA346, 0xA367,
    0xA367, 0xA347, 0xA347, 0xA347, 0xA367, 0xA367, 0xA367, 0xAB87, 0xA387, 0xAB87, 0xAB87, 0xABA8, 0xABC8, 0xB429, 0xBC6A, 0x9B67,
    0x6181, 0xB46C, 0xFEF6, 0xEE95, 0xEE74, 0xEE74, 0xEE74, 0xEE74, 0xEE54, 0xEE54, 0xEE54, 0xEE32, 0xEE32, 0xEE53, 0xEE53, 0xEE32,
    0xE5F0, 0xDD8E, 0xDDAF, 0xE5AF, 0xDD6E, 0xD50C, 0xCCEB, 0xD50C, 0xD4EC, 0xCCCB, 0xD4CB, 0xCC6A, 0xCC6A, 0xCC8A, 0xBC08, 0xBC08,
    0xBC08, 0xC449, 0xC449, 0xBC28, 0xBC08, 0xBC08, 0xC469, 0xCC8A, 0xCC8A, 0xCCAB, 0xCCAB, 0xCCAB, 0xCC8A, 0xCC8A, 0xBC29, 0x6161,
    0xABCA, 0xC48C, 0xC4AC, 0xC4AC, 0xC4AC, 0xCCCD, 0xD52E, 0xD52E, 0xD52E, 0xDD6F, 0xDDB0, 0xDDAF, 0xDDB0, 0xDD8F, 0xD4ED, 0xDD2E,
    0xD50C, 0xCCCC, 0xD4CC, 0xD4CB, 0xCCCB, 0xD4EC, 0xD50C, 0xD4EC, 0xD4EC, 0xD50C, 0xDD4E, 0xE56E, 0xDD2C, 0xDD0C, 0xDD2D, 0xDD6E,
    0xDD6E, 0xDD4E, 0xDD8E, 0xDD8E, 0xDD8E, 0xE5AF, 0xDD8E, 0xDD6E, 0xE5AF, 0xE5D0, 0xE5F1, 0xE5F1, 0xE5F0, 0xE5F1, 0xE5F1, 0xE611,
    0xDDD0, 0xC4EE, 0x8AC6, 0x7A44, 0xB3C9, 0xB3E8, 0xB3C8, 0xB3C9, 0xB3C9, 0xB3C9, 0xB3C9, 0xB3E9, 0xBC0A, 0xBC2A, 0xBC2A, 0xBC2B,
    0xF673, 0xF673, 0xEE31, 0xEE31, 0xF652, 0xEE31, 0xE5D0, 0xDDAF, 0xE5D0, 0xF6B4, 0xFF36, 0xFEF5, 0xFEF5, 0xFED4, 0xFED4, 0xF693,
    0xEE31, 0xEE31, 0xEE31, 0xEE31, 0xF652, 0xF651, 0xEE11, 0xEE31, 0xEE52, 0xEE73, 0xFF57, 0xFF99, 0xFFDA, 0xFFDB, 0xFFDA, 0xFF99,
    0xFFBA, 0xFFDA, 0xFFDA, 0xFFDA, 0xFF98, 0xF737, 0xF737, 0xFF57, 0xF736, 0xF6F5, 0xF757, 0xFFD9, 0xFF98, 0xFF78, 0xFFB9, 0xFF98,
    0xFF78, 0xF757, 0xEEF6, 0xF716, 0xFF78, 0xFF78, 0xFF78, 0xFF77, 0xFF57, 0xFF58, 0xFF58, 0xFF58, 0xFF78, 0xFF78, 0xFF78, 0xFF98,
    0xFF98, 0xFF98, 0xFF99, 0xFF78, 0xFF78, 0xFF78, 0xFFB9, 0xFFB9, 0xFF98, 0xFF78, 0xFF77, 0xFF98, 0xFF98, 0xFF57, 0xFF36, 0xF692,
    0xEE31, 0xF651, 0xF672, 0xF672, 0xFE92, 0xF692, 0xFED3, 0xF672, 0xF692, 0xF651, 0xFEB2, 0xF630, 0xABC8, 0xA3A8, 0x9306, 0x8A84,
    0x8264, 0x8264, 0x7A23, 0x71E2, 0x71E2, 0x71E2, 0x71C2, 0x71C2, 0x9B26, 0xAB67, 0xA346, 0xA346, 0xA326, 0xA326, 0xA347, 0xA367,
    0xA367, 0xA367, 0xA367, 0xA367, 0xAB87, 0xAB87, 0xA387, 0xABC8, 0xB3E9, 0xB3E9, 0xABC8, 0xABC8, 0xB409, 0xB46A, 0xB44A, 0xB44A,
    0xA3C9, 0x9B48, 0xAC2C, 0xDDF2, 0xEE95, 0xEE74, 0xEE74, 0xEE74, 0xEE74, 0xEE74, 0xEE74, 0xEE32, 0xEE32, 0xEE53, 0xE632, 0xE611,
    0xE5F1, 0xDD8E, 0xDD8E, 0xDD8F, 0xDD6E, 0xCCEB, 0xCCAB, 0xCCAB, 0xCCAB, 0xCCAA, 0xCCAB, 0xCC8A, 0xC46A, 0xC449, 0xC449, 0xC409,
    0xC449, 0xCC6A, 0xCC8A, 0xC469, 0xBC08, 0xBC08, 0xBC08, 0xBC08, 0xBC29, 0xCC6A, 0xCCAB, 0xCCAB, 0xCCAB, 0xCCAA, 0xC44A, 0x69A2,
    0xB40A, 0xCCCD, 0xC48C, 0xC4AC, 0xC4AC, 0xCCCC, 0xD54E, 0xD54E, 0xCCED, 0xCCED, 0xD54E, 0xDD8F, 0xD54E, 0xD52E, 0xD50D, 0xCCEC,
    0xCCEC, 0xCCEC, 0xD4CC, 0xD4EC, 0xD4EB, 0xD4EC, 0xD50C, 0xD50C, 0xD50C, 0xD50C, 0xDD2D, 0xE56E, 0xDD4D, 0xD52D, 0xDD2D, 0xDD6E,
    0xDD6E, 0xDD4E, 0xE5AF, 0xDDD0, 0xDDAF, 0xE5D0, 0xE5B0, 0xDD8F, 0xE5D0, 0xE5F1, 0xE5F1, 0xE5F1, 0xE5F1, 0xE5F1, 0xE5F1, 0xEE32,
    0xD56F, 0x5941, 0x9B07, 0xC44A, 0xB3A8, 0xB3C8, 0xB3C9, 0xB3C9, 0xB3E9, 0xB3E9, 0xB3C9, 0xB3C9, 0xB3C9, 0xBC0A, 0xBC2A, 0xBC2B,
    0xF693, 0xF652, 0xEE31, 0xEE32, 0xEE31, 0xE5F1, 0xEE11, 0xEE32, 0xEE32, 0xF693, 0xF6B4, 0xF6B4, 0xFEB4, 0xF6B4, 0xFED4, 0xF693,
    0xEE31, 0xEE52, 0xFEB3, 0xFEF5, 0xF693, 0xEE31, 0xEE31, 0xEE11, 0xEE11, 0xF6B3, 0xFF77, 0xFF98, 0xFF78, 0xFF78, 0xFF99, 0xFFDA,
    0xFFDA, 0xFFDA, 0xFFDA, 0xFF99, 0xFF78, 0xF737, 0xF716, 0xF6F5, 0xF715, 0xFF98, 0xFFB9, 0xFFB9, 0xFFB8, 0xFFB9, 0xFFB9, 0xFF99,
    0xFF78, 0xFF57, 0xFF98, 0xFF98, 0xFF98, 0xFF98, 0xFF98, 0xFF77, 0xFF77, 0xFF78, 0xFF78, 0xFF78, 0xFF57, 0xFF57, 0xFF78, 0xFF78,
    0xFF78, 0xFFB9, 0xFFDA, 0xFFDA, 0xFFB9, 0xFF98, 0xFF78, 0xFF78, 0xFF78, 0xFF78, 0xFF78, 0xFF57, 0xFF57, 0xFF36, 0xF6F4, 0xF651,
    0xF651, 0xF672, 0xF672, 0xF672, 0xF671, 0xF672, 0xFEB3, 0xF672, 0xF652, 0xEDF0, 0xEE30, 0xEE51, 0xFEB2, 0xEE51, 0xD54D, 0xDD4D,
    0xDD4D, 0xDD4D, 0xBC49, 0xB3C7, 0xB3C7, 0xB3C7, 0xABA7, 0xAB87, 0xAB67, 0xAB67, 0xA366, 0xA346, 0xA346, 0xA346, 0xA367, 0xAB87,
    0xA367, 0xAB87, 0xAB87, 0xABA7, 0xB3C8, 0xB3C8, 0xB3E9, 0xB409, 0xB42A, 0xB46B, 0xB46B, 0xBC8B, 0xB48B, 0xB44A, 0xB44A, 0xB46A,
    0xBC8B, 0xA3A9, 0x5920, 0xCD50, 0xEE94, 0xEE74, 0xEE74, 0xEE74, 0xEE74, 0xEE54, 0xEE53, 0xEE32, 0xEE32, 0xE632, 0xE611, 0xE611,
    0xE5F1, 0xDD8F, 0xDD8E, 0xDD8E, 0xDD6E, 0xD52C, 0xCCCB, 0xCCAB, 0xCCAA, 0xCCAA, 0xCCAA, 0xCCAA, 0xCC69, 0xC449, 0xCC6A, 0xC449,
    0xCC69, 0xCC69, 0xCC8A, 0xCC8A, 0xCC6A, 0xCC6A, 0xBC29, 0xBC28, 0xC449, 0xC469, 0xCC8A, 0xCC8B, 0xCC8B, 0xD4CB, 0xCCAB, 0x6161,
    0xABCA, 0xCCAC, 0xC48B, 0xC4AC, 0xC48C, 0xCCCC, 0xD52E, 0xD54E, 0xCD0D, 0xCCCC, 0xCCED, 0xD56F, 0xD50D, 0xD4ED, 0xD50D, 0xD4EC,
    0xCCEC, 0xCCEC, 0xD4EC, 0xD4EC, 0xD4EC, 0xD4EC, 0xD50C, 0xD50C, 0xDD0C, 0xDD0D, 0xDD2D, 0xDD6E, 0xE58E, 0xE58E, 0xDD6E, 0xDD6E,
    0xE58E, 0xDD8E, 0xDDAF, 0xE5D0, 0xE5D0, 0xE5D0, 0xE5F1, 0xE5D0, 0xE5D0, 0xE5F1, 0xE5F1, 0xE611, 0xE611, 0xE5F1, 0xF6B4, 0xAC0B,
    0x69C3, 0xA368, 0xAB88, 0xB3C9, 0xB3C8, 0xB3C8, 0xB3C9, 0xB3E9, 0xB3E9, 0xB3C9, 0xBBE9, 0xBBEA, 0xB3E9, 0xB3E9, 0xBC2A, 0xBC2A,
    0xF672, 0xF652, 0xEE31, 0xEE32, 0xF652, 0xF693, 0xF693, 0xF673, 0xF673, 0xF652, 0xF673, 0xEE52, 0xEE52, 0xF693, 0xFED4, 0xFEB4,
    0xFEB3, 0xF673, 0xF6B3, 0xF6B3, 0xEE31, 0xEE72, 0xFEF5, 0xF6B4, 0xF693, 0xF6F4, 0xFF57, 0xFF78, 0xFF58, 0xFF98, 0xFF99, 0xFFBA,
    0xFFBA, 0xFFBA, 0xFFB9, 0xFF98, 0xFF78, 0xFF77, 0xF715, 0xEEB3, 0xEED4, 0xFFB9, 0xFFB9, 0xFFB9, 0xFFB9, 0xFFB9, 0xFF98, 0xFF57,
    0xFF37, 0xFF77, 0xFF77, 0xFF57, 0xFF77, 0xFF77, 0xF757, 0xF757, 0xFF77, 0xFF78, 0xFF77, 0xFF77, 0xFF78, 0xFF98, 0xFF98, 0xFF99,
    0xFFB9, 0xFFB9, 0xFFB9, 0xFF98, 0xFF98, 0xFF78, 0xFF98, 0xFF98, 0xFF78, 0xFF78, 0xF757, 0xF736, 0xFF57, 0xFF36, 0xFF15, 0xF6B4,
    0xF693, 0xF671, 0xFEB2, 0xF651, 0xF651, 0xF692, 0xFED3, 0xFEF4, 0xFED3, 0xF692, 0xF693, 0xF6B3, 0xF692, 0xF692, 0xF672, 0xF672,
    0xF672, 0xF652, 0xCCEC, 0xC48A, 0xB3A7, 0xAB87, 0xAB87, 0xAB66, 0xA386, 0xAB67, 0xAB67, 0xA367, 0xAB87, 0xB3C9, 0xB3C8, 0xB3C8,
    0xABA8, 0xB3C8, 0xB3C8, 0xB3E9, 0xB409, 0xB409, 0xB42A, 0xBC8B, 0xBC8B, 0xBC6B, 0xB46B, 0xBC8B, 0xBCAC, 0xBC8B, 0xBC8B, 0xB48B,
    0xBCAB, 0xB40A, 0x6162, 0xDDD2, 0xF6B5, 0xEE74, 0xEE74, 0xEE74, 0xEE74, 0xEE53, 0xEE32, 0xEE32, 0xE631, 0xEE31, 0xE611, 0xE611,
    0xE5F1, 0xDDAF, 0xDD8E, 0xDD6E, 0xDD6E, 0xDD6E, 0xD52C, 0xCCCB, 0xCCAA, 0xCCAA, 0xCCAA, 0xCC8A, 0xC449, 0xC449, 0xCC6A, 0xCC6A,
    0xCC6A, 0xCC6A, 0xCC8A, 0xD4AA, 0xD4AA, 0xCCAA, 0xCCAA, 0xCC8A, 0xCC8A, 0xC489, 0xCC6A, 0xCC8A, 0xCCCB, 0xB3C9, 0x8A85, 0x8AC6,
    0xBC2A, 0xC4AC, 0xC48C, 0xC4AC, 0xC48C, 0xC4AC, 0xCCCD, 0xD54F, 0xCCED, 0xCCCD, 0xCCED, 0xCCED, 0xD50D, 0xD50D, 0xD4ED, 0xCCCC,
    0xCCCC, 0xD4EC, 0xD4EC, 0xD4EC, 0xD4EC, 0xD50C, 0xD50C, 0xD50C, 0xDD0D, 0xDD0D, 0xDD4D, 0xDD6E, 0xDD6E, 0xDD8E, 0xE5AF, 0xE58F,
    0xE58E, 0xE58E, 0xE5B0, 0xE5F1, 0xE5F1, 0xE5F1, 0xE5F1, 0xE5F1, 0xE5F1, 0xE5F1, 0xE611, 0xE611, 0xE611, 0xDDD1, 0xB48C, 0x8AE7,
    0x7A03, 0xBBE9, 0xBBE9, 0xB3C9, 0xB3C8, 0xB3C9, 0xB3C9, 0xBBE9, 0xBC2A, 0xBBE9, 0xBBEA, 0xBC0A, 0xBC0A, 0xBC0A, 0xB3EA, 0xBC0A,
    0xE5D0, 0xDD6E, 0xD52D, 0xEDF1, 0xF693, 0xEE52, 0xEE11, 0xE5D0, 0xEE11, 0xF653, 0xEE32, 0xE611, 0xE5D0, 0xF673, 0xFED4, 0xF6B3,
    0xF693, 0xE5F1, 0xF672, 0xF693, 0xF693, 0xFEF5, 0xFF16, 0xFEF5, 0xFEB4, 0xF693, 0xFF36, 0xFF78, 0xFF57, 0xFF78, 0xFF99, 0xFFDA,
    0xFFDA, 0xFFDA, 0xFF78, 0xF757, 0xFF57, 0xF716, 0xEEB4, 0xEE93, 0xEED5, 0xFF78, 0xFF99, 0xFFD9, 0xFF99, 0xFF78, 0xF778, 0xFF57,
    0xFF57, 0xFF78, 0xFF78, 0xFF57, 0xFF78, 0xFF77, 0xF757, 0xFF77, 0xFF78, 0xFF57, 0xFF57, 0xFF57, 0xFF78, 0xFF98, 0xFFB9, 0xFFB9,
    0xFFB9, 0xFFB9, 0xFF77, 0xF757, 0xFF77, 0xFF98, 0xFF78, 0xFF77, 0xFF57, 0xFF57, 0xF737, 0xFF78, 0xFF77, 0xFF77, 0xFF77, 0xFF57,
    0xF6B3, 0xF672, 0xFEB3, 0xF672, 0xF672, 0xFEB3, 0xF672, 0xFEB3, 0xFEB3, 0xFED4, 0xFED4, 0xF672, 0xF672, 0xF672, 0xF693, 0xFEB3,
    0xFE93, 0xF672, 0xE5CF, 0xE5AE, 0xDD2C, 0xCCAA, 0xBC29, 0xABA7, 0xAB87, 0xA367, 0xA367, 0xB409, 0xBC6B, 0xC48B, 0xC48B, 0xBC8B,
    0xBC6B, 0xBC6B, 0xBC6B, 0xBC8B, 0xBC8B, 0xBC8B, 0xBC8B, 0xBCAC, 0xBC8C, 0xB48B, 0xBCAB, 0xBCAC, 0xB46B, 0xBC8B, 0xBCAB, 0xBC8B,
    0xBCAC, 0xB40A, 0x7A64, 0x8B08, 0xBCEE, 0xF6B4, 0xEE53, 0xEE53, 0xEE53, 0xEE53, 0xE632, 0xEE32, 0xE631, 0xEE31, 0xEE12, 0xE611,
    0xE5F1, 0xE5D0, 0xDDAF, 0xDDAF, 0xDDAE, 0xDD6E, 0xDD6E, 0xD4EC, 0xCCAA, 0xD4CB, 0xCCAA, 0xC449, 0xC408, 0xC449, 0xC449, 0xCC69,
    0xCC6A, 0xCC8A, 0xCC8A, 0xCC8A, 0xD4AA, 0xCCAA, 0xCCAA, 0xCCCB, 0xCCAA, 0xCCAA, 0xD4CB, 0xCCAB, 0xDD2C, 0xAB87, 0x6981, 0xCCAD,
    0xC4AC, 0xC48C, 0xC48C, 0xC48C, 0xC48C, 0xC48C, 0xCCAD, 0xCCED, 0xCCCD, 0xCCCD, 0xCCCD, 0xCCCC, 0xD4ED, 0xD50D, 0xD4ED, 0xCCEC,
    0xD4EC, 0xD4EC, 0xD4EC, 0xD4EC, 0xD4EC, 0xD50C, 0xD50D, 0xD50D, 0xD50D, 0xDD2D, 0xDD6E, 0xDD8F, 0xDD8F, 0xE58F, 0xE5AF, 0xE58F,
    0xDD8F, 0xE5AF, 0xE5D0, 0xE5F1, 0xE5F1, 0xE5F1, 0xE5F1, 0xE5F1, 0xE5F2, 0xE5F2, 0xE612, 0xE611, 0xEE52, 0xF6B4, 0x7224, 0x7A03,
    0xC42A, 0xB3A9, 0xB3C8, 0xB3C9, 0xB3C9, 0xBBE9, 0xB3C9, 0xBC09, 0xC46B, 0xC44B, 0xBC0A, 0xBC0A, 0xC42A, 0xBC2A, 0xBC0A, 0xBC0A,
    0xF631, 0xE5AF, 0xD52E, 0xEDF1, 0xEE32, 0xEE52, 0xF652, 0xF653, 0xF652, 0xF673, 0xFE93, 0xF673, 0xEE32, 0xFED4, 0xF6B4, 0xF673,
    0xF672, 0xEE32, 0xF672, 0xFED4, 0xFEF5, 0xFEF5, 0xF693, 0xEE52, 0xF693, 0xEE52, 0xF6D4, 0xFF77, 0xFF78, 0xF758, 0xFF99, 0xFF99,
    0xFFB9, 0xFFB9, 0xFF78, 0xFF57, 0xFF78, 0xEEF5, 0xEED5, 0xF757, 0xFF57, 0xFFB9, 0xFFDA, 0xFF98, 0xFF78, 0xFF99, 0xFFDA, 0xFF99,
    0xFF57, 0xFF37, 0xFF57, 0xFF78, 0xFF98, 0xFF57, 0xFF57, 0xFF78, 0xFF78, 0xFF77, 0xFF77, 0xFF77, 0xFF78, 0xFF78, 0xFF98, 0xFF99,
    0xFFB9, 0xFF78, 0xFF57, 0xFF57, 0xFF77, 0xFF77, 0xFF77, 0xFF57, 0xFF78, 0xFF78, 0xFF58, 0xFF57, 0xFF57, 0xFF98, 0xFF57, 0xF6B4,
    0xEE11, 0xF672, 0xF672, 0xF672, 0xF651, 0xFED3, 0xFE92, 0xF672, 0xF651, 0xFE92, 0xFE92, 0xFE92, 0xFE92, 0xFE92, 0xF672, 0xF672,
    0xF672, 0xF692, 0xF672, 0xEE30, 0xE5CF, 0xDD6D, 0xC449, 0xBC49, 0xBC4A, 0xBC6A, 0xBC6B, 0xC4AC, 0xC4CC, 0xBCAC, 0xBCCC, 0xBCCC,
    0xBCAB, 0xBCCC, 0xBCCC, 0xBCCC, 0xBCCC, 0xBCAC, 0xBCAC, 0xBCAC, 0xBCAC, 0xB48B, 0xBCAC, 0xBCAC, 0xBCAB, 0xBCAC, 0xBC8B, 0xBC8B,
    0xBC8B, 0xBC8B, 0xC4CC, 0x6162, 0xAC0B, 0xF6D5, 0xE632, 0xEE32, 0xEE32, 0xEE52, 0xE632, 0xEE31, 0xE631, 0xEE31, 0xEE31, 0xEE11,
    0xE5F0, 0xE5F0, 0xE5CF, 0xDDAF, 0xE5AF, 0xDD6E, 0xDD4D, 0xD4EC, 0xCCAA, 0xCCAA, 0xCC69, 0xC429, 0xC428, 0xCC49, 0xCC69, 0xCC8A,
    0xCC8A, 0xCC8A, 0xCCAA, 0xCC8A, 0xCC8A, 0xCCAA, 0xCCAA, 0xD4AA, 0xD4CB, 0xD4CB, 0xD4CB, 0xD4EB, 0xB3E9, 0x9B07, 0x92C5, 0xBC4B,
    0xC48C, 0xC48C, 0xC48C, 0xC48C, 0xC48C, 0xC48C, 0xCCAC, 0xCCCD, 0xCCCD, 0xCCCD, 0xCCCD, 0xCCCC, 0xD4ED, 0xD4ED, 0xD4ED, 0xD50D,
    0xD50D, 0xD4EC, 0xD4EC, 0xD50C, 0xD52C, 0xD52D, 0xD50D, 0xD50D, 0xDD2D, 0xD52D, 0xDD6E, 0xDD8F, 0xDD8F, 0xDD8F, 0xE5AF, 0xE5B0,
    0xE5CF, 0xE5F0, 0xE5F0, 0xE5F1, 0xE5F1, 0xE5F2, 0xE5F2, 0xE5F2, 0xE5F2, 0xE5F2, 0xEE52, 0xF6B4, 0xBCAD, 0x82E7, 0x9B69, 0xA388,
    0xB3C8, 0xB3C9, 0xB3A8, 0xB3C9, 0xBBE9, 0xBBE9, 0xBBE9, 0xBC09, 0xBC2A, 0xC44B, 0xC44B, 0xC42B, 0xBC2A, 0xBC0A, 0xBC0A, 0xBC2A,
    0xF672, 0xF673, 0xFEB4, 0xF673, 0xEDF1, 0xF673, 0xF693, 0xF693, 0xEE32, 0xEE32, 0xF673, 0xFEB4, 0xFED4, 0xFED4, 0xF693, 0xF673,
    0xF672, 0xEE11, 0xE5D0, 0xE5D0, 0xEE52, 0xFED4, 0xF693, 0xF6B4, 0xF6B3, 0xEE31, 0xEE93, 0xFF36, 0xFF98, 0xFFDA, 0xFFB9, 0xFF99,
    0xFF99, 0xFF99, 0xF757, 0xF757, 0xFF78, 0xFF98, 0xFF99, 0xFFDA, 0xFFDA, 0xFFDA, 0xFFB9, 0xFF98, 0xFFDA, 0xFFDA, 0xFFB9, 0xFF78,
    0xFF57, 0xF737, 0xF757, 0xFF77, 0xFF57, 0xFF57, 0xFF78, 0xFF77, 0xFF77, 0xFF77, 0xFF77, 0xFF78, 0xFF78, 0xFF78, 0xFF98, 0xFF98,
    0xFF78, 0xFF57, 0xFF77, 0xFF98, 0xFF57, 0xFF77, 0xFF98, 0xFF57, 0xFF77, 0xFF98, 0xFF78, 0xFF57, 0xFF57, 0xFF57, 0xF756, 0xF6B3,
    0xF672, 0xF672, 0xEE31, 0xF692, 0xF692, 0xFEB3, 0xFE92, 0xF672, 0xF651, 0xF651, 0xF672, 0xFE92, 0xFEB3, 0xFEB3, 0xF652, 0xF631,
    0xF651, 0xF651, 0xEE31, 0xF672, 0xF671, 0xE5AE, 0xD4EC, 0xDD6D, 0xD56E, 0xCD0D, 0xC4CC, 0xC4CC, 0xC4CC, 0xC4CC, 0xBCCC, 0xBCAB,
    0xBCCC, 0xBCAC, 0xBC8B, 0xBCCC, 0xBCAC, 0xBCAC, 0xBCAC, 0xBCAC, 0xBCAC, 0xBCAC, 0xBCCC, 0xBCAC, 0xBCAC, 0xBCAC, 0xB48B, 0xBC8B,
    0xBC8B, 0xBC8B, 0xBCAB, 0x69C3, 0xB46C, 0xF6D4, 0xE632, 0xEE32, 0xE632, 0xEE32, 0xE631, 0xE631, 0xE631, 0xEE31, 0xEE11, 0xEE11,
    0xEE11, 0xE5F0, 0xE5CF, 0xE5AF, 0xDD6E, 0xDD6E, 0xDD2C, 0xCCCB, 0xCC8A, 0xCC8A, 0xCC69, 0xC449, 0xC449, 0xCC8A, 0xCC69, 0xCC8A,
    0xCCAA, 0xCC8A, 0xCCAA, 0xD4AA, 0xCC8A, 0xCC8A, 0xCC8A, 0xCC8A, 0xCCAA, 0xCCCB, 0xD4CB, 0xDD4D, 0x7A03, 0x7A24, 0xCCCD, 0xBC4B,
    0xC46B, 0xBC4B, 0xBC6B, 0xC48C, 0xC48C, 0xC48C, 0xCCAC, 0xCCCD, 0xCCCD, 0xCCCD, 0xCCCD, 0xCCED, 0xD50D, 0xD4ED, 0xD50D, 0xD50D,
    0xD50D, 0xD50D, 0xD4ED, 0xD50D, 0xD52D, 0xD52D, 0xD52D, 0xDD2D, 0xDD8F, 0xDD8F, 0xDD8F, 0xDDAF, 0xDDAF, 0xDDAF, 0xDDD0, 0xE5D0,
    0xE5F0, 0xE5F1, 0xE611, 0xE611, 0xE5F2, 0xE5F2, 0xE5F2, 0xE5F2, 0xE5F2, 0xE5F2, 0xCD0E, 0xD54F, 0x9BAA, 0x61C3, 0xAC4B, 0xC50D,
    0xB42A, 0xB3A8, 0xB3A8, 0xB3C8, 0xBBE9, 0xBBE9, 0xBC09, 0xBC09, 0xBC2A, 0xC44B, 0xC44B, 0xC44B, 0xBC2A, 0xBC2A, 0xBC2A, 0xBC2A,
    0xEE32, 0xF653, 0xF673, 0xF652, 0xF652, 0xF693, 0xF673, 0xF673, 0xEE32, 0xE5F1, 0xE611, 0xF673, 0xFEB4, 0xF6B4, 0xF673, 0xF693,
    0xF673, 0xEE11, 0xE5D0, 0xDD8F, 0xF693, 0xFF36, 0xFF57, 0xFF56, 0xF693, 0xEE11, 0xEE72, 0xFF16, 0xFF98, 0xFFBA, 0xFFBA, 0xFFBA,
    0xFFBA, 0xFF98, 0xF716, 0xEF16, 0xF736, 0xF716, 0xF717, 0xF778, 0xFFDA, 0xFFB9, 0xFFB9, 0xFFDA, 0xFFDA, 0xFF99, 0xFF78, 0xFF57,
    0xFF37, 0xFF78, 0xFF98, 0xFF57, 0xFF57, 0xFF78, 0xFF98, 0xFF57, 0xFF57, 0xFF57, 0xFF57, 0xFF78, 0xFF78, 0xFF57, 0xFF57, 0xFF77,
    0xFF57, 0xFF77, 0xFF77, 0xFF78, 0xF757, 0xFF77, 0xFF57, 0xFF57, 0xF716, 0xEEF5, 0xFF57, 0xFF98, 0xFF78, 0xF736, 0xF736, 0xFEF5,
    0xFED4, 0xFED3, 0xFED3, 0xFED3, 0xFEB3, 0xFEB3, 0xF692, 0xF672, 0xF652, 0xF672, 0xEE31, 0xF672, 0xFE93, 0xF672, 0xF652, 0xF652,
    0xF692, 0xF692, 0xF693, 0xFED4, 0xF6B3, 0xF693, 0xF693, 0xE610, 0xEE31, 0xD56E, 0xC4EC, 0xC4EC, 0xC4CC, 0xC4CC, 0xC4EC, 0xC4EC,
    0xC4EC, 0xC4CC, 0xC4CC, 0xC4EC, 0xBCAC, 0xBCCC, 0xBCCC, 0xBCCC, 0xBCCC, 0xBCCC, 0xBCCC, 0xBCAB, 0xBCAC, 0xBCAC, 0xBCAC, 0xBCAB,
    0xB46B, 0xBC8B, 0xBCAB, 0x6182, 0xBCAE, 0xFEF5, 0xE632, 0xEE32, 0xEE32, 0xEE32, 0xE631, 0xE631, 0xE611, 0xEE31, 0xE5F0, 0xEE31,
    0xE610, 0xE5CF, 0xE5CF, 0xE5CF, 0xDD8E, 0xDD6D, 0xDD2C, 0xCCCB, 0xCC8A, 0xCC8A, 0xCC8A, 0xCC8A, 0xCC69, 0xCC8A, 0xCC8A, 0xCC8A,
    0xCCAA, 0xCCAA, 0xCCAA, 0xCCAA, 0xCCAA, 0xCCAA, 0xCCAA, 0xCC8A, 0xCCAA, 0xD4EC, 0xD50C, 0xC4AB, 0x8A85, 0x8AA5, 0xC46C, 0xBC4B,
    0xBC4B, 0xBC2B, 0xBC4B, 0xC48C, 0xC48C, 0xC48C, 0xC48C, 0xCCAC, 0xCCCD, 0xCCCD, 0xCCCD, 0xCCED, 0xD50D, 0xD50D, 0xD50D, 0xD50D,
    0xD50D, 0xD50D, 0xD50D, 0xD50D, 0xD52D, 0xDD2D, 0xD52D, 0xDD4E, 0xDD8F, 0xDD90, 0xDDB0, 0xDDB0, 0xDDB0, 0xDDB0, 0xE5D0, 0xE5D0,
    0xE5F1, 0xE5F1, 0xE5F1, 0xE5F1, 0xE612, 0xE612, 0xE5F1, 0xE612, 0xEE32, 0xE633, 0x7244, 0x50E0, 0x9327, 0xCD4F, 0xBCCC, 0xBCCC,
    0xBC8C, 0xBC6B, 0xB42A, 0xBC4A, 0xC46B, 0xBC2A, 0xBBE9, 0xBC0A, 0xC44A, 0xC44B, 0xC44B, 0xC44A, 0xC44A, 0xC44A, 0xC44A, 0xC44A,
    0xF652, 0xF672, 0xF673, 0xF673, 0xF693, 0xF673, 0xF673, 0xF653, 0xF673, 0xF693, 0xFED4, 0xF6B4, 0xFEF5, 0xFEF5, 0xF693, 0xF673,
    0xEE11, 0xE5B0, 0xF652, 0xFED4, 0xFEF4, 0xFF56, 0xFF57, 0xFF16, 0xF693, 0xEE11, 0xEE10, 0xF6D4, 0xFF78, 0xFFB9, 0xFF78, 0xFF78,
    0xFF99, 0xFF57, 0xF737, 0xF737, 0xF737, 0xF716, 0xF757, 0xFF99, 0xFFBA, 0xFFB9, 0xFF99, 0xFF99, 0xFF99, 0xFF98, 0xFF78, 0xFF57,
    0xFF57, 0xFF98, 0xFF99, 0xFF77, 0xFF57, 0xFF57, 0xFF57, 0xFF57, 0xFF77, 0xFF78, 0xFF77, 0xFF78, 0xFF78, 0xFF78, 0xFF78, 0xFF98,
    0xFF57, 0xF736, 0xF757, 0xFF57, 0xFF78, 0xFF57, 0xFF57, 0xFF37, 0xF737, 0xF737, 0xFF78, 0xFF98, 0xFF78, 0xFF77, 0xFF57, 0xFF36,
    0xF6B4, 0xEE31, 0xFE93, 0xFEB3, 0xF672, 0xF672, 0xF672, 0xFE92, 0xFEB3, 0xFEB3, 0xF693, 0xFED3, 0xFEB3, 0xF672, 0xF631, 0xF652,
    0xF672, 0xFE72, 0xFED4, 0xF715, 0xF715, 0xFF36, 0xFF15, 0xF6B3, 0xEE72, 0xEE52, 0xEE52, 0xDDCF, 0xD58E, 0xCD2D, 0xC4EC, 0xC4ED,
    0xC50D, 0xCD2D, 0xC4EC, 0xC4ED, 0xC4ED, 0xC4ED, 0xBCCC, 0xC4ED, 0xC4ED, 0xBCCC, 0xBCCC, 0xBCCC, 0xBCCC, 0xBCAC, 0xBCCC, 0xBC8B,
    0xB46B, 0xB48B, 0xBC8B, 0x9B68, 0x8AE7, 0xCD50, 0xF6B4, 0xEE32, 0xEE32, 0xEE32, 0xEE32, 0xEE31, 0xE611, 0xEE31, 0xE5F0, 0xE611,
    0xE611, 0xDDAF, 0xDDAF, 0xE5CF, 0xDD8E, 0xDD6D, 0xDD4D, 0xD4CB, 0xCC8A, 0xCC8A, 0xCC8A, 0xCCAA, 0xCC8A, 0xCC8A, 0xCC8A, 0xCCAA,
    0xCCAA, 0xCCAA, 0xCCAA, 0xCCAA, 0xCCAA, 0xCCAA, 0xD4CA, 0xCCCB, 0xCCCB, 0xD50C, 0xDD4D, 0x69C3, 0x9307, 0xC4AC, 0xBC4B, 0xBC4B,
    0xBC2B, 0xBC4B, 0xBC4B, 0xC48C, 0xC48C, 0xC48C, 0xC48C, 0xC48C, 0xCCAC, 0xCCCD, 0xCCCD, 0xCCED, 0xD50D, 0xD50D, 0xD50D, 0xD50D,
    0xD50D, 0xD50D, 0xD50D, 0xD50D, 0xD52D, 0xDD4D, 0xDD4D, 0xDD6E, 0xDD8F, 0xDD8F, 0xDD8F, 0xDDB0, 0xDDB0, 0xDDB0, 0xE5D0, 0xE5F1,
    0xE5F1, 0xE611, 0xE5F1, 0xE5F1, 0xDDD1, 0xDDD1, 0xF694, 0xBCCD, 0x6A04, 0x6A04, 0x9348, 0xB46B, 0xB44B, 0xBCCC, 0xBCAC, 0xBCCD,
    0xBCCD, 0xC4ED, 0xC50E, 0xC52E, 0xCD2E, 0xC4AC, 0xC48B, 0xC48B, 0xBC4A, 0xBC2A, 0xC44A, 0xC44B, 0xC44B, 0xC44B, 0xBC2A, 0xBBE9,
    0xF672, 0xF652, 0xEE52, 0xF673, 0xFEB4, 0xF693, 0xF693, 0xF693, 0xFE93, 0xF673, 0xEE32, 0xEE52, 0xFEF5, 0xF693, 0xEE11, 0xE5D0,
    0xE5D0, 0xEDF0, 0xF6B3, 0xF6D4, 0xF693, 0xF6B3, 0xF693, 0xF6F5, 0xF6D4, 0xE5AF, 0xE5AF, 0xFEF5, 0xFF77, 0xF736, 0xF757, 0xFF78,
    0xFF78, 0xF737, 0xF737, 0xF757, 0xFF57, 0xF757, 0xFF78, 0xFFDA, 0xFFBA, 0xFFB9, 0xFF99, 0xFF98, 0xFFB9, 0xFF77, 0xF737, 0xF737,
    0xFF77, 0xFF98, 0xFF78, 0xFF78, 0xFF57, 0xFF57, 0xFF57, 0xFF57, 0xFF77, 0xFF77, 0xFF78, 0xFF78, 0xFF57, 0xFF57, 0xFF77, 0xFF77,
    0xFF57, 0xFF36, 0xFF36, 0xFF77, 0xFF78, 0xFF37, 0xFF36, 0xFF57, 0xFF98, 0xFFB9, 0xFF99, 0xFF78, 0xFF57, 0xFF77, 0xFF57, 0xFF36,
    0xF6B4, 0xEE31, 0xF631, 0xF692, 0xF672, 0xF651, 0xF672, 0xF672, 0xF672, 0xFEB3, 0xFE93, 0xFEB3, 0xFED4, 0xFEB3, 0xFEB3, 0xF673,
    0xF672, 0xF6B3, 0xFEF5, 0xFF56, 0xFF36, 0xFF56, 0xF716, 0xFF36, 0xF6F5, 0xF6F5, 0xF6D4, 0xEE72, 0xEE72, 0xD5AF, 0xCD4E, 0xCD2D,
    0xCD2D, 0xC50D, 0xC4EC, 0xC50D, 0xC50D, 0xC4ED, 0xC4ED, 0xBCCC, 0xBCAC, 0xBCAC, 0xBCCC, 0xC4ED, 0xBCED, 0xBCAC, 0xBCAC, 0xB48B,
    0xB48B, 0xB48B, 0xBC8B, 0xCD0D, 0x71A2, 0xAC4C, 0xFF16, 0xEE33, 0xEE32, 0xEE32, 0xEE32, 0xEE31, 0xEE11, 0xEE11, 0xE5F0, 0xE611,
    0xE5F0, 0xDDAF, 0xDD8E, 0xDD8E, 0xDD8E, 0xDD6D, 0xDD6D, 0xD4EB, 0xD4EB, 0xD4CA, 0xCC8A, 0xCCAA, 0xCCAA, 0xCC8A, 0xCC8A, 0xCC8A,
    0xCCAA, 0xCCAA, 0xCCAA, 0xCCAA, 0xCCAA, 0xCCAA, 0xCCAA, 0xD4EB, 0xD52C, 0xD52D, 0xCCCC, 0x69A2, 0x9B27, 0xCCCD, 0xBC4B, 0xBC2B,
    0xBC4B, 0xB40A, 0xB40A, 0xC48C, 0xC46C, 0xC46B, 0xC46C, 0xC48C, 0xC46B, 0xCCAD, 0xCCCD, 0xD4ED, 0xD50D, 0xD50D, 0xD50D, 0xD50D,
    0xD50D, 0xD50D, 0xD50D, 0xD50E, 0xDD4F, 0xDD6F, 0xDD6F, 0xDD6F, 0xDDB0, 0xDDB0, 0xDDB0, 0xDDB0, 0xDDB0, 0xDDB0, 0xDDB0, 0xE5D1,
    0xE5F1, 0xDDB0, 0xE5F1, 0xE611, 0xE611, 0xCD2E, 0xAC0B, 0x8B07, 0x7A65, 0x82C6, 0xA40A, 0xC4ED, 0xBCAC, 0xBCAC, 0xBCAC, 0xBCAD,
    0xBCCD, 0xC4ED, 0xC52E, 0xC52E, 0xCD2E, 0xCD4F, 0xCD6F, 0xCD6E, 0xC4AC, 0xC4AC, 0xC4AC, 0xC46B, 0xC44B, 0xC44B, 0xC44B, 0xBC0A,
    0xFE93, 0xF672, 0xEE32, 0xF693, 0xFEB4, 0xF673, 0xF693, 0xF693, 0xF652, 0xEE32, 0xEE11, 0xEE11, 0xF673, 0xEE32, 0xEE11, 0xF652,
    0xF693, 0xEE31, 0xEE31, 0xEE31, 0xF652, 0xE611, 0xEE52, 0xFF36, 0xF6D5, 0xDD8F, 0xD54E, 0xF693, 0xF736, 0xF757, 0xFF99, 0xFF78,
    0xFF37, 0xFF57, 0xFF57, 0xEEF6, 0xF717, 0xF717, 0xF757, 0xFF99, 0xFF99, 0xFF99, 0xFF99, 0xFFBA, 0xFFBA, 0xFF77, 0xFF57, 0xFF77,
    0xFF57, 0xF737, 0xF736, 0xF736, 0xFF77, 0xFF57, 0xFF37, 0xF716, 0xFF57, 0xFF57, 0xFF57, 0xFF57, 0xFF57, 0xFF37, 0xF736, 0xFF57,
    0xFF57, 0xFF56, 0xFF36, 0xFF57, 0xFF57, 0xFF57, 0xFF57, 0xFF77, 0xFF77, 0xF757, 0xFF98, 0xFF78, 0xFF57, 0xFF57, 0xFF57, 0xFF36,
    0xFF15, 0xFEB3, 0xEE51, 0xF692, 0xFEB3, 0xF692, 0xF692, 0xFE93, 0xFEB3, 0xFE93, 0xF631, 0xEE31, 0xF652, 0xF693, 0xFF56, 0xF736,
    0xFF36, 0xFF77, 0xFF78, 0xFF77, 0xFF57, 0xF736, 0xF716, 0xFF36, 0xFF56, 0xFF36, 0xF715, 0xEEB4, 0xEEB3, 0xE652, 0xDDF0, 0xCD0D,
    0xCD0D, 0xCD0D, 0xC50D, 0xC50D, 0xC4EC, 0xC4ED, 0xC50D, 0xC4ED, 0xBCEC, 0xC4EC, 0xBCCC, 0xC50D, 0xC4ED, 0xBCCC, 0xBC8B, 0xBC8B,
    0xB48B, 0xB48B, 0xBC8B, 0xBCAC, 0x71E3, 0xBCAD, 0xFF37, 0xE632, 0xEE32, 0xEE52, 0xEE52, 0xEE31, 0xEE31, 0xE611, 0xE5D0, 0xE5F0,
    0xE5F0, 0xE5CF, 0xDDAE, 0xDD8E, 0xDD8E, 0xDD6D, 0xDD6D, 0xD52C, 0xD50C, 0xD4CB, 0xCCAA, 0xCCAA, 0xCC8A, 0xCC8A, 0xCCAA, 0xCC8A,
    0xCC89, 0xCCAA, 0xCCAA, 0xD4CB, 0xD4EB, 0xD4CB, 0xD50B, 0xD52C, 0xDD4D, 0xBC6B, 0x6161, 0x6161, 0x8AA5, 0x9306, 0xA388, 0xBC6C,
    0xBC2B, 0xA368, 0xA367, 0xC48C, 0xBC4B, 0xBC6B, 0xC46C, 0xC46C, 0xC46B, 0xC48C, 0xC4AC, 0xCCED, 0xD52E, 0xD50E, 0xD52E, 0xD52E,
    0xD52D, 0xD52D, 0xD52D, 0xD52E, 0xDD6F, 0xDD6F, 0xDD6F, 0xDD6F, 0xDD90, 0xDD8F, 0xDD90, 0xDDB0, 0xDD90, 0xDD8F, 0xDDB0, 0xE5D1,
    0xDDB0, 0xCD0E, 0xDDD1, 0xDDB0, 0xE5F2, 0xBC8D, 0x48A0, 0x5101, 0xAC2A, 0xC4ED, 0xB48C, 0xB46B, 0xBC8C, 0xBCAC, 0xBCAC, 0xBCCC,
    0xBCAD, 0xC4EE, 0xC52E, 0xC50E, 0xC52E, 0xCD6F, 0xD590, 0xD58F, 0xD590, 0xD5B0, 0xD590, 0xCD0D, 0xC46B, 0xC46B, 0xCC6B, 0xC44B,
    0xFEB4, 0xF693, 0xF673, 0xF673, 0xEE32, 0xF652, 0xF693, 0xEE32, 0xEE32, 0xF673, 0xFEB4, 0xFED4, 0xFED4, 0xFEF4, 0xFED4, 0xFED4,
    0xF693, 0xE5D0, 0xE58F, 0xE5CF, 0xEDF0, 0xF6D4, 0xFF15, 0xF6F5, 0xEE73, 0xE5AF, 0xE5CF, 0xF672, 0xF716, 0xFF78, 0xF737, 0xF757,
    0xFF58, 0xFF58, 0xF737, 0xF6F6, 0xF716, 0xF716, 0xFF58, 0xFF79, 0xFF99, 0xFFB9, 0xFFBA, 0xFFBA, 0xFF99, 0xFF78, 0xFF78, 0xFF77,
    0xF716, 0xF736, 0xF716, 0xF716, 0xFF57, 0xF736, 0xFF57, 0xF736, 0xFF57, 0xFF57, 0xFF57, 0xFF57, 0xFF57, 0xFF57, 0xFF57, 0xFF57,
    0xFF36, 0xFF36, 0xFF36, 0xFF36, 0xFF57, 0xFF98, 0xFFB8, 0xFF98, 0xFF57, 0xF757, 0xFF78, 0xFF78, 0xFF78, 0xF737, 0xFF78, 0xFF57,
    0xFED4, 0xFE93, 0xF651, 0xF672, 0xF672, 0xF692, 0xFEF4, 0xFED4, 0xF692, 0xF672, 0xF652, 0xF652, 0xF6D4, 0xFF36, 0xFF98, 0xFF78,
    0xFF77, 0xFF98, 0xFF98, 0xFF77, 0xFF57, 0xFF36, 0xFF36, 0xFF57, 0xFF37, 0xFF36, 0xFF36, 0xFF56, 0xF715, 0xEE52, 0xE632, 0xDDD0,
    0xD5AF, 0xD56E, 0xD56E, 0xCD4E, 0xC4CC, 0xC4ED, 0xC52D, 0xCD2E, 0xC50D, 0xC4EC, 0xBCEC, 0xC50D, 0xC4ED, 0xBCAC, 0xBCCC, 0xBCAC,
    0xBC8B, 0xBC8B, 0xBC8B, 0xC4CC, 0x71E2, 0xBCCE, 0xFF37, 0xEE94, 0xF694, 0xEE73, 0xEE53, 0xEE32, 0xEE31, 0xE5F0, 0xE5CF, 0xE5F0,
    0xE5F0, 0xE5CF, 0xE5CF, 0xDD8E, 0xDD6E, 0xDD6D, 0xD50C, 0xD50C, 0xD4EB, 0xD4EB, 0xCCAA, 0xCCAA, 0xCCAA, 0xC469, 0xCCAA, 0xCCAA,
    0xCCAA, 0xD4AA, 0xCCAA, 0xD4CB, 0xD50C, 0xD50C, 0xD50C, 0xD52C, 0xE58E, 0xCCCC, 0x6141, 0x8264, 0x8244, 0x7A23, 0x8AA5, 0x9B47,
    0xBC2B, 0x8AA5, 0x9B47, 0xC48C, 0xC46C, 0xC48C, 0xC46C, 0xC46B, 0xBC4B, 0xBC4B, 0xBC2B, 0xC4AC, 0xD52E, 0xD50E, 0xCCED, 0xD52E,
    0xD50E, 0xD52E, 0xD50E, 0xD52E, 0xD54E, 0xDD6F, 0xDD90, 0xD56F, 0xD54F, 0xCD2E, 0xD54F, 0xDDB0, 0xDD6F, 0xC4CD, 0xD54E, 0xDDB0,
    0xE5D0, 0xCCEE, 0xE612, 0x9348, 0x6162, 0x71E3, 0x9327, 0x9BA9, 0xB44B, 0xB46B, 0xB46B, 0xB46B, 0xBCAC, 0xBCAC, 0xBCCC, 0xBCED,
    0xBCED, 0xC50E, 0xC52E, 0xC52E, 0xCD2F, 0xCD6F, 0xD590, 0xD590, 0xD590, 0xD590, 0xD5B0, 0xD5B0, 0xD590, 0xD56F, 0xC4AC, 0xC48B,
    0xFED4, 0xFED4, 0xFEB4, 0xEE32, 0xE5F1, 0xEE11, 0xF693, 0xEE52, 0xEE11, 0xF652, 0xF673, 0xEE52, 0xF693, 0xFED4, 0xFED4, 0xFED4,
    0xF693, 0xEE11, 0xE58F, 0xE5AF, 0xEE11, 0xF672, 0xE611, 0xEE12, 0xEE32, 0xEE10, 0xEDF0, 0xEE52, 0xF6F5, 0xF6F5, 0xFF36, 0xFF78,
    0xF737, 0xF716, 0xF717, 0xF737, 0xF737, 0xF758, 0xFF99, 0xFF78, 0xFF99, 0xFF99, 0xFF99, 0xFF78, 0xF757, 0xFF57, 0xFF78, 0xFF57,
    0xF737, 0xFF77, 0xFF57, 0xFF77, 0xFF57, 0xF736, 0xFF77, 0xFF77, 0xF736, 0xFF57, 0xFF57, 0xFF37, 0xFF37, 0xF716, 0xFF57, 0xF736,
    0xFF36, 0xFF57, 0xFF57, 0xFF57, 0xFF57, 0xFF78, 0xFF98, 0xFF78, 0xFF77, 0xFF78, 0xFF78, 0xFF98, 0xFF77, 0xFF36, 0xFF77, 0xF6F5,
    0xFE93, 0xEE31, 0xEE51, 0xF672, 0xF672, 0xF672, 0xFEF5, 0xF6B3, 0xF672, 0xF693, 0xF6F5, 0xFF16, 0xFF98, 0xFF98, 0xFF98, 0xFF78,
    0xFF78, 0xFF98, 0xFF78, 0xF757, 0xF716, 0xFF36, 0xF736, 0xF716, 0xFF36, 0xFF57, 0xFF36, 0xF737, 0xF756, 0xF6D5, 0xF6B4, 0xF6D4,
    0xE632, 0xDDD0, 0xDDD0, 0xDD8F, 0xC4EC, 0xCD2D, 0xCD4E, 0xCD2E, 0xCD2E, 0xC50D, 0xC50D, 0xC50D, 0xC50D, 0xC4ED, 0xC4ED, 0xBCCC,
    0xBCAC, 0xBCAC, 0xBCAB, 0xC4CC, 0x71E2, 0xBCCE, 0xFF37, 0xF6B5, 0xF6B5, 0xEE73, 0xF653, 0xEE32, 0xEE32, 0xE5F0, 0xE5F0, 0xE5F0,
    0xE5D0, 0xE5CF, 0xE5CF, 0xDD8E, 0xDD6E, 0xDD6D, 0xD50C, 0xD4EB, 0xD4EB, 0xD4EB, 0xD4CB, 0xCCAA, 0xD4EB, 0xCCAA, 0xCC8A, 0xCCAA,
    0xCCCB, 0xD4EB, 0xD4EB, 0xCCCA, 0xD4EB, 0xDD0C, 0xD50C, 0xDD4D, 0xBC4A, 0x8AC6, 0x69A2, 0x7A23, 0x8263, 0x8244, 0x7A23, 0x8264,
    0xABCA, 0x8264, 0x9B27, 0xC46C, 0xB40A, 0xABA9, 0xBC4B, 0xBC6B, 0xBC4B, 0xBC4B, 0xBC4B, 0xCCCD, 0xD52E, 0xCCCD, 0xC48C, 0xD50E,
    0xD52E, 0xD52E, 0xD50E, 0xD52E, 0xD52E, 0xCD0E, 0xD50E, 0xD54F, 0xD54F, 0xD52E, 0xCD2E, 0xDD6F, 0xD54F, 0xC4AC, 0xC4AC, 0xD52E,
    0xDDD0, 0xD54F, 0x9B68, 0x8AE7, 0x8AE6, 0x6982, 0xA3A9, 0xB48B, 0xB46B, 0xB46B, 0xB46B, 0xB46B, 0xBCAC, 0xBCCC, 0xBCCD, 0xC52E,
    0xCD2F, 0xCD2F, 0xCD2F, 0xCD4F, 0xCD6F, 0xCD6F, 0xD590, 0xD590, 0xD5B0, 0xD590, 0xD5B0, 0xD5B0, 0xD5D1, 0xD5D1, 0xD590, 0xD58F,
    0xFEB4, 0xFEB4, 0xFEB4, 0xFEB4, 0xF673, 0xF673, 0xF673, 0xF673, 0xF652, 0xEE32, 0xEE12, 0xEE11, 0xF652, 0xE5B0, 0xEE52, 0xFEF5,
    0xF693, 0xEDF0, 0xE5AF, 0xE5AF, 0xE5F0, 0xEE31, 0xE611, 0xF693, 0xEE11, 0xEDF0, 0xE5D0, 0xEE52, 0xF736, 0xF736, 0xFF57, 0xFF78,
    0xF737, 0xF737, 0xFF98, 0xFF78, 0xFF78, 0xFF99, 0xFF99, 0xFF79, 0xFF99, 0xFF99, 0xFF79, 0xFF78, 0xFF78, 0xFF57, 0xF736, 0xF716,
    0xF716, 0xFF37, 0xFF36, 0xF716, 0xF6F6, 0xF6F6, 0xFF57, 0xFF37, 0xF716, 0xFF78, 0xFF78, 0xFF57, 0xFF78, 0xFF78, 0xFF57, 0xFF36,
    0xFF36, 0xFF36, 0xFF57, 0xFF57, 0xFF57, 0xFF77, 0xFF78, 0xFF98, 0xFF98, 0xFF77, 0xFF77, 0xFF77, 0xF6F5, 0xF693, 0xF693, 0xF692,
    0xFEB3, 0xF692, 0xFED4, 0xFEF5, 0xFEF5, 0xF6B4, 0xFEF5, 0xFF57, 0xFF77, 0xFF77, 0xFF98, 0xFF98, 0xFF98, 0xFF99, 0xFF98, 0xFF78,
    0xFF98, 0xFF98, 0xFF78, 0xFF78, 0xF737, 0xF736, 0xFF36, 0xF736, 0xFF57, 0xFF57, 0xFF57, 0xFF98, 0xFF98, 0xF6F5, 0xF6D5, 0xEEB4,
    0xEE93, 0xEE93, 0xDDF1, 0xD56E, 0xD54E, 0xDDAF, 0xC50D, 0xC50D, 0xCD2E, 0xC50D, 0xC50D, 0xC50D, 0xC50D, 0xC4ED, 0xC4EC, 0xBCCC,
    0xBCCC, 0xBCCC, 0xBCCC, 0xC4EC, 0x71C2, 0xC50F, 0xFF57, 0xEEB5, 0xF6B5, 0xF694, 0xF653, 0xEE52, 0xEE32, 0xE5F0, 0xE5F0, 0xE5F0,
    0xE5F0, 0xE5EF, 0xDDAE, 0xDD6E, 0xDD8E, 0xDD4D, 0xD52C, 0xD4CB, 0xD4AA, 0xD4EB, 0xD4CB, 0xCCAA, 0xD4CB, 0xD4CB, 0xCCAA, 0xCC8A,
    0xCCAA, 0xD4EB, 0xD4EB, 0xCCCB, 0xD4CB, 0xD50C, 0xD52C, 0xE5CF, 0xA3A8, 0x6140, 0x8A85, 0x8244, 0x8243, 0x8243, 0x8243, 0x7A43,
    0x7A23, 0x7A02, 0xA348, 0xC46C, 0x8AA4, 0x8243, 0xB40A, 0xBC6C, 0xBC4B, 0xBC6B, 0xA388, 0xABA9, 0xD52E, 0xC4CD, 0xC48C, 0xCCCD,
    0xCCCD, 0xCCED, 0xD52E, 0xD52E, 0xD52E, 0xBC4B, 0xB42A, 0xC4AC, 0xD52E, 0xCD0E, 0xBC8C, 0xBC6B, 0xBC6B, 0xBC8C, 0xC48C, 0xB44B,
    0xB42A, 0xBC4B, 0x9B27, 0xB40A, 0xCD0E, 0x69C3, 0x9B68, 0xB44B, 0xB44B, 0xB46B, 0xBCAC, 0xBCAC, 0xBCCD, 0xBCCD, 0xBCCD, 0xC52E,
    0xC52E, 0xC52E, 0xCD2E, 0xCD6F, 0xD58F, 0xD590, 0xD590, 0xD590, 0xD590, 0xD5B0, 0xD5B0, 0xD5B0, 0xD5B0, 0xD5D1, 0xDDD1, 0xDDD1,
    0xFE93, 0xF693, 0xFEB4, 0xFE93, 0xEE11, 0xE5D0, 0xEE11, 0xFEB4, 0xFEB4, 0xEE31, 0xEDF1, 0xF652, 0xF652, 0xD54F, 0xE611, 0xFF35,
    0xEE32, 0xD54E, 0xDD6E, 0xE58F, 0xEDF0, 0xE5F0, 0xEE32, 0xF693, 0xE5D0, 0xE58F, 0xDD8E, 0xEE52, 0xF716, 0xFF57, 0xFF77, 0xFF57,
    0xF716, 0xF717, 0xF737, 0xF737, 0xF737, 0xFF78, 0xFF79, 0xFF99, 0xFF99, 0xFFB9, 0xFF99, 0xFF99, 0xFF99, 0xFF57, 0xEED5, 0xEED4,
    0xF6F5, 0xFF36, 0xF6F5, 0xEEB4, 0xF6F6, 0xF716, 0xFF36, 0xFF16, 0xFF57, 0xFF78, 0xFF78, 0xFF78, 0xFF98, 0xFF78, 0xF736, 0xF716,
    0xF716, 0xFF36, 0xFF77, 0xFF77, 0xFF77, 0xFF77, 0xFF57, 0xF736, 0xFF77, 0xFF16, 0xF6F5, 0xFEF4, 0xEE31, 0xEE10, 0xEE11, 0xEE31,
    0xF693, 0xFF36, 0xFF15, 0xF6D4, 0xF716, 0xFF77, 0xFF77, 0xFF78, 0xFFB9, 0xFF98, 0xFF78, 0xFF78, 0xFF98, 0xFF99, 0xFF98, 0xFF98,
    0xFF78, 0xFF78, 0xFF78, 0xFF78, 0xF737, 0xFF36, 0xFF57, 0xFF57, 0xFF57, 0xFF57, 0xFF77, 0xFF57, 0xF6F5, 0xF6F5, 0xFF57, 0xF715,
    0xF6D4, 0xEE93, 0xEE72, 0xE611, 0xE611, 0xDDB0, 0xC4ED, 0xCD2E, 0xCD4E, 0xC50D, 0xC50D, 0xC50D, 0xC50D, 0xC4ED, 0xBCAC, 0xBCCC,
    0xBCCC, 0xBCCC, 0xC4CC, 0xC4EC, 0x71E2, 0xB44C, 0xF6D5, 0xF6B5, 0xF694, 0xF673, 0xEE73, 0xEE73, 0xEE32, 0xE5F0, 0xE610, 0xE5F0,
    0xE5CF, 0xE5EF, 0xDD8E, 0xDD6E, 0xDD8E, 0xDD4D, 0xD50C, 0xCCCA, 0xCC8A, 0xD4CB, 0xD4CB, 0xCCAA, 0xCCAA, 0xD4EB, 0xD4CB, 0xCCAA,
    0xCCCB, 0xD4EB, 0xD50C, 0xD50C, 0xDD2C, 0xDD2C, 0xE58F, 0x8B07, 0x7203, 0x8A84, 0x8A84, 0x8A84, 0x8A84, 0x8264, 0x8264, 0x7A43,
    0x7A23, 0x7A22, 0x9306, 0x9306, 0x8263, 0x8243, 0xB3EA, 0xBC4B, 0xBC2B, 0xC46B, 0x92E6, 0x7203, 0xD52E, 0xCCCD, 0xBC4B, 0xBC4B,
    0xC4AC, 0xC4CD, 0xBC6B, 0xBC6B, 0xD52E, 0xBC4B, 0xB40A, 0xB40A, 0xC48C, 0xCD0E, 0xBC6B, 0xB42A, 0xB42A, 0xBC4B, 0xC48B, 0xB42A,
    0xB42A, 0xBC4A, 0xC46B, 0xC48B, 0xBC8C, 0x69A2, 0x9B88, 0xB46B, 0xB46B, 0xBCAC, 0xC4ED, 0xBCCD, 0xBCCD, 0xBCCD, 0xC4ED, 0xC52E,
    0xC52E, 0xC52E, 0xCD2E, 0xCD6F, 0xD58F, 0xCD90, 0xD590, 0xD5B0, 0xD5B0, 0xD5B1, 0xD5B1, 0xD5D1, 0xD5B1, 0xD5D1, 0xD5D1, 0xDDD1,
    0xF693, 0xF673, 0xF673, 0xF652, 0xE5D0, 0xDD8F, 0xEE52, 0xF693, 0xF652, 0xEE11, 0xE5D0, 0xE5B0, 0xF673, 0xFEB4, 0xFEB4, 0xF693,
    0xEE11, 0xDD4E, 0xD52D, 0xDD2D, 0xDD6E, 0xEE11, 0xF652, 0xEE31, 0xDD6E, 0xDD4E, 0xE5AF, 0xE5D0, 0xEE73, 0xFF36, 0xFF57, 0xFF37,
    0xF6F6, 0xFF57, 0xFF98, 0xFF78, 0xFF78, 0xFF78, 0xFF58, 0xFF58, 0xFF78, 0xFF78, 0xFF78, 0xFF79, 0xFF78, 0xEEF6, 0xFF36, 0xFF36,
    0xFF36, 0xFF36, 0xFF16, 0xF716, 0xFF16, 0xFF16, 0xFF16, 0xF716, 0xFF57, 0xFF57, 0xFF36, 0xFF16, 0xF6D4, 0xF6B4, 0xF693, 0xF673,
    0xF673, 0xE611, 0xF693, 0xFF15, 0xFF36, 0xFF36, 0xFF15, 0xF6F5, 0xF6F4, 0xEE93, 0xF673, 0xEE31, 0xEDF0, 0xF651, 0xF651, 0xEDF0,
    0xEE11, 0xF693, 0xF6F5, 0xFF57, 0xFF57, 0xFF98, 0xFF98, 0xFF77, 0xF757, 0xFF57, 0xFF78, 0xFF78, 0xFFB9, 0xFFB9, 0xFF98, 0xFF78,
    0xFF78, 0xFF78, 0xFF78, 0xFF57, 0xFF57, 0xFF57, 0xFF36, 0xFF57, 0xFF57, 0xF736, 0xFF36, 0xF716, 0xF715, 0xFF16, 0xFF57, 0xFF56,
    0xFF36, 0xF715, 0xF6D4, 0xEE72, 0xEE72, 0xDDD0, 0xD5B0, 0xDDD0, 0xCD4E, 0xCD2E, 0xCD2E, 0xCD2E, 0xCD2E, 0xC50D, 0xBCCC, 0xBCCC,
    0xBCCC, 0xC4CC, 0xC4CC, 0xC4EC, 0xB42A, 0x71E3, 0xCD70, 0xFEF5, 0xF673, 0xEE73, 0xEE73, 0xEE73, 0xEE32, 0xE611, 0xEE11, 0xE5F0,
    0xE5CF, 0xE5CF, 0xE5AF, 0xDD8E, 0xDD8E, 0xDD4D, 0xD50C, 0xD50C, 0xCCAA, 0xD4CB, 0xD4EB, 0xCCAA, 0xCCAA, 0xD4CB, 0xCCCA, 0xD4CB,
    0xD4EB, 0xDD2C, 0xD52C, 0xD52C, 0xDD2C, 0xDD4D, 0xDDAF, 0x71E4, 0x6121, 0x92E5, 0x8AA5, 0x92A5, 0x92A5, 0x92A5, 0x92C5, 0x8AA4,
    0x8243, 0x8223, 0x7A23, 0x7A22, 0x8264, 0x8264, 0x8AA5, 0x92E6, 0xBC2B, 0x92E6, 0x8244, 0x7A24, 0xD50E, 0xC48C, 0xBC2A, 0xB42A,
    0xBC6B, 0xC4AC, 0xB40A, 0xB3E9, 0xBC6B, 0xB42A, 0xB40A, 0xB40A, 0xB40A, 0xBC4B, 0xBC4B, 0xB40A, 0xB3E9, 0xB40A, 0xBC4B, 0xC46B,
    0xC46B, 0xC46B, 0xC46B, 0xBC8B, 0xBCAC, 0x69A2, 0x9B68, 0xB46B, 0xB46B, 0xBCCD, 0xBCCD, 0xBCCC, 0xBCCD, 0xC50D, 0xC52E, 0xC52E,
    0xC52E, 0xC52E, 0xC52E, 0xCD6F, 0xCD6F, 0xD590, 0xD590, 0xD5B0, 0xD5B0, 0xDDD1, 0xDDD1, 0xDDD1, 0xD5D1, 0xD5D1, 0xD5D1, 0xDDD1,
    0xF673, 0xF673, 0xF652, 0xF652, 0xEE31, 0xEE11, 0xEE31, 0xEE31, 0xEE11, 0xEDF0, 0xE5AF, 0xE5B0, 0xEE11, 0xEE32, 0xEE32, 0xE5F0,
    0xEDF1, 0xE5D0, 0xDD8F, 0xDD6E, 0xE5D0, 0xEDF0, 0xEE11, 0xEE31, 0xE5D0, 0xE58F, 0xE5D0, 0xE5AF, 0xEE32, 0xF6F5, 0xF716, 0xF716,
    0xFF57, 0xFF99, 0xFF78, 0xFF58, 0xFF98, 0xFF78, 0xFF78, 0xFF78, 0xFF78, 0xFF78, 0xFF58, 0xFF58, 0xFF58, 0xF737, 0xFF78, 0xFF57,
    0xFF36, 0xF716, 0xFF36, 0xFF16, 0xF6F6, 0xF6F5, 0xF6F5, 0xFF36, 0xFF37, 0xF6D4, 0xF6B3, 0xF693, 0xEDF0, 0xDD6E, 0xDD6E, 0xDD6E,
    0xE58F, 0xDD6E, 0xEE11, 0xF6B3, 0xF6B3, 0xF6B3, 0xF693, 0xF693, 0xF693, 0xF672, 0xEE31, 0xE5CF, 0xEDF0, 0xEE10, 0xEE31, 0xEE31,
    0xF631, 0xF6D4, 0xFF78, 0xFFB9, 0xFF98, 0xFF78, 0xFF98, 0xFF78, 0xFF57, 0xFF78, 0xF757, 0xFF77, 0xFF98, 0xFF78, 0xFF98, 0xFF98,
    0xFF78, 0xFF78, 0xF736, 0xF716, 0xFF37, 0xFF37, 0xF716, 0xF716, 0xFF57, 0xFF37, 0xF716, 0xFF36, 0xFF57, 0xFF57, 0xFF77, 0xFF36,
    0xFF36, 0xFF16, 0xF6F5, 0xF6D4, 0xF6F4, 0xEE73, 0xDDF1, 0xDDB0, 0xD56F, 0xCD2E, 0xCD4E, 0xCD2E, 0xC50D, 0xC4ED, 0xC4EC, 0xBCCC,
    0xBCCC, 0xC4EC, 0xC4EC, 0xC4EC, 0xC4ED, 0x7A23, 0xD591, 0xF6D5, 0xEE73, 0xEE73, 0xEE73, 0xEE73, 0xEE32, 0xE611, 0xEE31, 0xE5F0,
    0xE5F0, 0xE5CF, 0xE5CF, 0xDD8E, 0xDD8E, 0xDD4D, 0xD50C, 0xD50C, 0xD4AA, 0xD4CB, 0xD4EB, 0xD4CB, 0xD4CB, 0xD4CB, 0xD4EB, 0xD4EB,
    0xD4EB, 0xD4EB, 0xD50C, 0xDD2D, 0xE56D, 0xE5AF, 0x69E3, 0x8264, 0x92E6, 0x92C5, 0x92C5, 0x92C5, 0x92C5, 0x92C5, 0x92C5, 0x92C5,
    0x8AA4, 0x8AA5, 0x8AA4, 0x8AA5, 0x8263, 0x8264, 0x7A43, 0x92E6, 0xC46C, 0x8264, 0x7A03, 0x7A03, 0x69A3, 0xA388, 0xBC4B, 0xB40A,
    0xB40A, 0xC46B, 0xB40A, 0xB3E9, 0xB3E9, 0xB409, 0xB40A, 0xB40A, 0xB409, 0xB409, 0xBC2A, 0xBC09, 0xBC09, 0xBC09, 0xBC4A, 0xC46A,
    0xC46A, 0xC46A, 0xC46A, 0xC48B, 0xC4AC, 0x69A2, 0x9B68, 0xB46B, 0xBC8B, 0xBCCD, 0xBCCD, 0xBCCC, 0xC50D, 0xCD4E, 0xCD4E, 0xCD4E,
    0xCD6F, 0xCD6F, 0xCD6F, 0xCD6F, 0xCD6F, 0xD58F, 0xD5B0, 0xD5B0, 0xD5B0, 0xDDD1, 0xDDD1, 0xDDD1, 0xDDD1, 0xDDD1, 0xDDD1, 0xDDD1,
    0xF673, 0xF673, 0xF673, 0xF652, 0xE5F0, 0xE5F0, 0xEE11, 0xE5B0, 0xD54E, 0xDD8F, 0xDD8F, 0xE5B0, 0xE5D0, 0xE5D0, 0xEDF0, 0xF673,
    0xF673, 0xEE31, 0xF652, 0xEE31, 0xEE10, 0xEDF0, 0xEDF0, 0xF652, 0xEE31, 0xEE11, 0xE5D0, 0xE5D0, 0xEE32, 0xEEB4, 0xF736, 0xFF57,
    0xFF78, 0xFF78, 0xFF58, 0xFF99, 0xFF99, 0xFF98, 0xFF98, 0xFF58, 0xF737, 0xFF99, 0xFFB9, 0xFF99, 0xFF78, 0xFF78, 0xFF98, 0xFF57,
    0xF716, 0xF6F5, 0xFF36, 0xF716, 0xF6F5, 0xF6F5, 0xEED4, 0xF6F5, 0xF6D4, 0xF672, 0xEE31, 0xEE10, 0xDD8E, 0xDD6E, 0xDD6E, 0xDD4E,
    0xE58E, 0xE5CF, 0xEDF0, 0xEE31, 0xF652, 0xEE31, 0xEE10, 0xEE11, 0xEE31, 0xEE11, 0xF611, 0xF651, 0xF651, 0xEE10, 0xEDD0, 0xEE31,
    0xEE11, 0xF6D4, 0xFF77, 0xFF57, 0xFF78, 0xFF98, 0xFFB9, 0xFF98, 0xFF78, 0xFF78, 0xFF57, 0xFF77, 0xFF78, 0xF757, 0xFF98, 0xFF98,
    0xFF78, 0xFF57, 0xF716, 0xF716, 0xFF37, 0xFF37, 0xFF36, 0xFF57, 0xFF78, 0xFF57, 0xFF36, 0xFF56, 0xFF77, 0xFF77, 0xFF36, 0xF715,
    0xFF57, 0xFF56, 0xFF36, 0xFF36, 0xFF36, 0xF6D4, 0xEE52, 0xD58F, 0xCD2E, 0xCD6E, 0xD56F, 0xCD4E, 0xCD2E, 0xC50D, 0xC4EC, 0xC50D,
    0xC50D, 0xC4ED, 0xC4EC, 0xC4EC, 0xC4CC, 0x7A24, 0xD5B1, 0xF6D5, 0xEE73, 0xEE73, 0xEE52, 0xEE52, 0xEE32, 0xEE31, 0xEE31, 0xE610,
    0xE5F0, 0xDDAF, 0xE5CF, 0xDD8E, 0xDD8E, 0xDD6D, 0xDD2C, 0xD52C, 0xD4CB, 0xD4AA, 0xD4CB, 0xD4CB, 0xD4CB, 0xD4CB, 0xD50B, 0xD50B,
    0xD4EB, 0xD4EB, 0xD50B, 0xDD4D, 0xDD6E, 0xCCED, 0x61A3, 0x7A44, 0x9B06, 0x92C5, 0x92C5, 0x92C5, 0x92C5, 0x92C5, 0x92C5, 0x92C5,
    0x92C5, 0x92C5, 0x9AE5, 0x92C5, 0x8264, 0x8264, 0x8264, 0x8AA4, 0x92E6, 0x8264, 0x8264, 0x7A24, 0x48A0, 0x9B48, 0xBC4B, 0xB40A,
    0xB40A, 0xB3E9, 0xB3E9, 0xB40A, 0xBC2A, 0xBC2A, 0xBC2A, 0xBC2A, 0xBC4A, 0xBC4A, 0xBC4A, 0xBC29, 0xBC49, 0xC44A, 0xC46A, 0xC46A,
    0xC46A, 0xC48A, 0xC48A, 0xC48B, 0xC4AC, 0x69A2, 0x9B68, 0xBC6B, 0xBCCC, 0xBCCD, 0xBCCD, 0xC4ED, 0xCD4E, 0xCD4F, 0xCD4E, 0xCD4F,
    0xCD6F, 0xD58F, 0xD58F, 0xD58F, 0xCD6F, 0xCD8F, 0xD5B0, 0xD5B1, 0xDDD1, 0xDDD1, 0xDDF1, 0xDDF2, 0xDDF1, 0xDDF1, 0xDDF1, 0xDDF1,
    0xEE11, 0xEE11, 0xEE32, 0xEE31, 0xE5D0, 0xE5D0, 0xE5B0, 0xDD8F, 0xE5AF, 0xE5AF, 0xDD8F, 0xE5AF, 0xE5D0, 0xE5D0, 0xE5AF, 0xEE32,
    0xF693, 0xF673, 0xF673, 0xE5D0, 0xE5D0, 0xEDF0, 0xE5D0, 0xEE31, 0xEE52, 0xEE31, 0xE5D0, 0xEE52, 0xF6B4, 0xF6D5, 0xFF36, 0xFF57,
    0xFF78, 0xFF58, 0xFF58, 0xFF99, 0xFF99, 0xFF78, 0xFF57, 0xF717, 0xF717, 0xFF79, 0xFF99, 0xFFBA, 0xFFBA, 0xFF78, 0xF716, 0xEED5,
    0xF6F6, 0xFF36, 0xFF36, 0xF6F5, 0xFF36, 0xFF36, 0xFF36, 0xFF15, 0xF6B3, 0xF672, 0xF651, 0xEE10, 0xDD8F, 0xE5D0, 0xEE10, 0xEDF0,
    0xEDD0, 0xE5AF, 0xE5CF, 0xE58F, 0xE5AF, 0xE5D0, 0xEE10, 0xEE11, 0xF631, 0xEE11, 0xE5CF, 0xEE10, 0xEDF0, 0xEDF0, 0xEE11, 0xEDF0,
    0xEE10, 0xEE31, 0xF6F5, 0xFF57, 0xFF57, 0xF737, 0xFF57, 0xF737, 0xF736, 0xF737, 0xFF78, 0xFF78, 0xFF98, 0xFF98, 0xFF98, 0xFF98,
    0xFF78, 0xFF57, 0xFF57, 0xFF98, 0xFF98, 0xFF78, 0xF736, 0xF736, 0xFF37, 0xF716, 0xF716, 0xF736, 0xFF57, 0xFF57, 0xFF36, 0xFF16,
    0xFF56, 0xFF36, 0xFF15, 0xFF15, 0xFF15, 0xF6F4, 0xF6B3, 0xEE52, 0xD5AF, 0xD58F, 0xDDB0, 0xD58F, 0xD58F, 0xC52D, 0xBCEC, 0xC50D,
    0xC4ED, 0xC4EC, 0xC4EC, 0xC4EC, 0xC4CC, 0x7A24, 0xD5B1, 0xFED5, 0xF673, 0xEE73, 0xEE53, 0xEE52, 0xEE32, 0xEE31, 0xEE31, 0xE610,
    0xE5F0, 0xDD8E, 0xE5AF, 0xE5AF, 0xDD8E, 0xE58E, 0xDD6D, 0xD52C, 0xD4EB, 0xCCAA, 0xD4CA, 0xD4CB, 0xD4CB, 0xD4CB, 0xD50B, 0xD50C,
    0xD50C, 0xDD4C, 0xDD4D, 0xE5CF, 0xDD6F, 0x5962, 0x8AA5, 0x92E5, 0x92C5, 0x92C5, 0x92C5, 0x92C5, 0x92C5, 0x92C5, 0x92C5, 0x92C5,
    0x92C5, 0x9AC5, 0x9AE5, 0x92E5, 0x92C5, 0x92E5, 0x92E5, 0x8AA4, 0x8284, 0x8AA5, 0x92A5, 0x8244, 0x50E0, 0xA389, 0xBC4B, 0xB409,
    0xB409, 0xABC8, 0xB409, 0xBC2A, 0xBC2A, 0xBC09, 0xBC09, 0xBC09, 0xBC29, 0xBC29, 0xBC29, 0xBC29, 0xBC29, 0xC429, 0xC46A, 0xC46A,
    0xC46A, 0xC48A, 0xC4AB, 0xC4AB, 0xC4CD, 0x69A3, 0x9B48, 0xBC6B, 0xBCCC, 0xBCCC, 0xBCCC, 0xCD2E, 0xCD4E, 0xCD4E, 0xCD4E, 0xCD6F,
    0xD58F, 0xD590, 0xD590, 0xD5B0, 0xD590, 0xD590, 0xD5B0, 0xD5D1, 0xDDD1, 0xDDD1, 0xDDF1, 0xDDF2, 0xDDF2, 0xDDF1, 0xDDF1, 0xDDF2,
    0xEE11, 0xEDF1, 0xEDF0, 0xE5D0, 0xE5F1, 0xEE11, 0xE5F1, 0xEE32, 0xEDF1, 0xDD4E, 0xD50D, 0xDD6E, 0xE5D0, 0xEDF1, 0xDD8F, 0xDDAF,
    0xF652, 0xF652, 0xEE11, 0xD54E, 0xE5F0, 0xEE11, 0xEE31, 0xF652, 0xE5F0, 0xEE11, 0xEE52, 0xF6B4, 0xEE93, 0xF6B4, 0xF716, 0xF717,
    0xF717, 0xFF57, 0xFF78, 0xFF78, 0xFF78, 0xFF57, 0xF6F6, 0xF716, 0xFF57, 0xF737, 0xFF57, 0xF758, 0xFF78, 0xFF78, 0xEED5, 0xF716,
    0xFF78, 0xFF16, 0xF6F5, 0xF6F5, 0xFF15, 0xEE72, 0xEE72, 0xEE31, 0xF6B3, 0xF693, 0xF651, 0xEDF0, 0xEE31, 0xEE11, 0xEE11, 0xEDD0,
    0xE5AF, 0xE5D0, 0xEDF0, 0xE58F, 0xE5AF, 0xEDF0, 0xEE11, 0xEE11, 0xEE11, 0xEE10, 0xEDF0, 0xEE10, 0xEDCF, 0xEDCF, 0xEDF0, 0xEDF0,
    0xEDF0, 0xEE31, 0xF715, 0xFF57, 0xFF78, 0xFF78, 0xFF57, 0xFF57, 0xFF57, 0xFF58, 0xFF78, 0xFF57, 0xFF78, 0xFF78, 0xFF78, 0xFF57,
    0xFF78, 0xFF98, 0xFF78, 0xFF57, 0xF715, 0xF736, 0xF736, 0xF736, 0xFF57, 0xFF56, 0xFF57, 0xFF57, 0xFF77, 0xFF77, 0xFF36, 0xF716,
    0xF715, 0xF6F5, 0xF6F4, 0xFF14, 0xFF35, 0xF6F4, 0xF6B4, 0xFEF5, 0xE652, 0xDDD0, 0xDDD0, 0xDDD0, 0xDDD0, 0xCD4E, 0xCD2E, 0xCD4E,
    0xCD2D, 0xC4ED, 0xC4EC, 0xC50D, 0xCD0D, 0x7A43, 0xD5D2, 0xFF36, 0xEE74, 0xEE73, 0xEE53, 0xEE73, 0xEE52, 0xEE32, 0xEE31, 0xEE10,
    0xE5F0, 0xDDAF, 0xE5CF, 0xE5CF, 0xDD6D, 0xDD6D, 0xDD6D, 0xD50C, 0xD52C, 0xD4EB, 0xD4CA, 0xD4CB, 0xD4CB, 0xCCCA, 0xD4EB, 0xDD0C,
    0xDD2C, 0xDD4D, 0xE58F, 0xDD6F, 0xCCCD, 0x69A3, 0x92A5, 0x9B05, 0x92E5, 0x92E5, 0x92E5, 0x92E5, 0x92E5, 0x92C5, 0x92C5, 0x92C5,
    0x92C5, 0x92C5, 0x9AE5, 0x9B06, 0x9B26, 0xA326, 0xA326, 0x92A5, 0x8AA4, 0x92A5, 0x92C5, 0x8244, 0x50E0, 0xA389, 0xBC4B, 0xBC4A,
    0xC48B, 0xB409, 0xB3E9, 0xBC09, 0xBC09, 0xBBE8, 0xBBE8, 0xBBE8, 0xBC09, 0xBC09, 0xBC09, 0xBC09, 0xC429, 0xC429, 0xC46A, 0xC46A,
    0xC48A, 0xC48A, 0xCCAB, 0xC4AB, 0x7A65, 0x5941, 0xA387, 0xB3E9, 0xB42A, 0xBCAC, 0xC50E, 0xCD4E, 0xCD4E, 0xCD4E, 0xCD6F, 0xCD6F,
    0xD58F, 0xD590, 0xD5B0, 0xD5B0, 0xD5B0, 0xD5B1, 0xD5B1, 0xD5D1, 0xDDD1, 0xDDF1, 0xDDF2, 0xDDF2, 0xDDF1, 0xDDF1, 0xDDF1, 0xDDF1,
    0xEE31, 0xE5D0, 0xDD6F, 0xDD4F, 0xDD8F, 0xE5F1, 0xEE11, 0xE5B0, 0xD4ED, 0xCCCD, 0xD52E, 0xD50D, 0xD50D, 0xDD6F, 0xEDF0, 0xE5F0,
    0xE5D0, 0xE5D0, 0xEE31, 0xEE11, 0xE5F0, 0xE5F1, 0xEE11, 0xF652, 0xEE52, 0xF693, 0xEE52, 0xE5B0, 0xDDB0, 0xF6D5, 0xF716, 0xFF37,
    0xF716, 0xF737, 0xFF98, 0xFF57, 0xF737, 0xEEF6, 0xF716, 0xFF57, 0xFF37, 0xF6F6, 0xF6F6, 0xEED5, 0xF716, 0xFF78, 0xFF77, 0xFF78,
    0xFF57, 0xEEB4, 0xF6B4, 0xF6B4, 0xE611, 0xDD6E, 0xE5AF, 0xE5AF, 0xEDF1, 0xEE11, 0xF651, 0xF652, 0xFEB3, 0xEE31, 0xE5D0, 0xE5AF,
    0xE5D0, 0xEDF0, 0xEDF0, 0xE5AF, 0xE5AF, 0xEDD0, 0xE5D0, 0xE5AF, 0xE58F, 0xEDF0, 0xF631, 0xF631, 0xEDF0, 0xEDCF, 0xEDF0, 0xEDF0,
    0xEDF0, 0xEE11, 0xF673, 0xFF36, 0xFF78, 0xFF98, 0xFF57, 0xFF78, 0xFF57, 0xFF78, 0xFF99, 0xFF78, 0xF757, 0xFF57, 0xFF78, 0xF737,
    0xFF57, 0xFF78, 0xFF57, 0xF716, 0xF715, 0xF736, 0xF716, 0xFF36, 0xFF77, 0xFF77, 0xFF57, 0xFF77, 0xFF57, 0xFF57, 0xF736, 0xF716,
    0xF6F5, 0xF6F5, 0xF6F4, 0xF6F4, 0xFF15, 0xF6D4, 0xF6B3, 0xFF35, 0xF715, 0xEE93, 0xDDB0, 0xDDB0, 0xDDD0, 0xDDD0, 0xD58F, 0xC52E,
    0xC50D, 0xCD2E, 0xCD2E, 0xCD2E, 0xB46B, 0x71C3, 0xDDF3, 0xFF37, 0xEE73, 0xF673, 0xEE73, 0xEE53, 0xEE52, 0xEE32, 0xEE32, 0xEE11,
    0xE610, 0xE5F0, 0xE5CF, 0xE5CF, 0xDD6D, 0xDD4D, 0xDD6D, 0xD52C, 0xD52C, 0xDD2C, 0xD4EB, 0xCCCA, 0xD4EB, 0xD50C, 0xD50C, 0xDD2C,
    0xDD2C, 0xDD4D, 0xF652, 0xA3CA, 0x6161, 0xA327, 0x9AE5, 0x9AE5, 0x92E5, 0x92E5, 0x92C5, 0x92E5, 0x92C5, 0x92C5, 0x92C5, 0x92C5,
    0xA326, 0xA326, 0x9B06, 0x9B26, 0xA347, 0xA346, 0xA347, 0x9B06, 0x9B06, 0x92C5, 0x92C5, 0x8264, 0x48C0, 0xABEA, 0xBC8B, 0xC4AC,
    0xCD0D, 0xBC2A, 0xBBE9, 0xBC09, 0xBC09, 0xBBE8, 0xBBE9, 0xBBE8, 0xC429, 0xBC29, 0xBC09, 0xBC09, 0xC44A, 0xCC6A, 0xC46A, 0xC46A,
    0xCCAB, 0xCCEC, 0xC4AB, 0xCCEC, 0x6182, 0x8AA5, 0xBC08, 0xB3A7, 0xB3C8, 0xB409, 0xBC6B, 0xC4ED, 0xCD6F, 0xCD6F, 0xCD6F, 0xD56F,
    0xD590, 0xD590, 0xD5B0, 0xD5B0, 0xD5B1, 0xD5B1, 0xD5D1, 0xDDD1, 0xD5D1, 0xDDD1, 0xDDF1, 0xDDF2, 0xDDF1, 0xDDF1, 0xDDF1, 0xDDF2,
    0xF632, 0xE5D0, 0xD52E, 0xD56F, 0xDD8F, 0xDD8F, 0xE5B0, 0xDD4E, 0xD52E, 0xE5B0, 0xE5D0, 0xE5D0, 0xE5B0, 0xE58F, 0xE5B0, 0xE5B0,
    0xE5F1, 0xEE11, 0xF632, 0xE5D0, 0xD54E, 0xD56F, 0xE5F1, 0xF673, 0xF693, 0xF6B3, 0xDD8F, 0xCCED, 0xEE32, 0xF6D5, 0xF716, 0xFF78,
    0xFF57, 0xFF58, 0xFF58, 0xFF37, 0xF717, 0xFF57, 0xF737, 0xF6F6, 0xF716, 0xFF57, 0xFF57, 0xFF58, 0xFF58, 0xF716, 0xF716, 0xF737,
    0xF6F5, 0xEE52, 0xEE72, 0xEE52, 0xE5AF, 0xE58F, 0xEDF0, 0xE5CF, 0xE5AF, 0xEE11, 0xFE93, 0xF6B3, 0xF652, 0xEE31, 0xEE10, 0xEDD0,
    0xF631, 0xEDF0, 0xE5D0, 0xE58F, 0xDD6E, 0xDD6E, 0xDD6E, 0xE5AF, 0xEE11, 0xEDF0, 0xE5AF, 0xE5AF, 0xEDD0, 0xEDF0, 0xEDF0, 0xE5AF,
    0xEDF0, 0xF611, 0xF6B3, 0xFF57, 0xFF78, 0xFF57, 0xF716, 0xFF98, 0xFF78, 0xFF98, 0xFF78, 0xF757, 0xFF78, 0xFF78, 0xFF78, 0xFF98,
    0xFF57, 0xFF57, 0xFF77, 0xFF77, 0xFF98, 0xFF98, 0xFF78, 0xFF77, 0xFF77, 0xFF77, 0xFF77, 0xFF98, 0xFF56, 0xFF36, 0xFF36, 0xF715,
    0xF715, 0xF6F5, 0xF6D4, 0xF6F4, 0xF6F4, 0xFF15, 0xF6F4, 0xFF35, 0xF715, 0xF6B4, 0xE631, 0xDDF0, 0xDDD0, 0xDDD0, 0xCD4E, 0xC50D,
    0xCD2E, 0xCD4E, 0xCD4E, 0xD56F, 0x8264, 0xA40C, 0xF79A, 0xFF58, 0xF694, 0xF674, 0xF673, 0xEE73, 0xEE52, 0xEE32, 0xEE32, 0xEE11,
    0xEE10, 0xEE10, 0xE5CF, 0xE5CF, 0xE5AE, 0xDD6D, 0xDD4D, 0xDD2C, 0xDD2C, 0xDD4C, 0xD50C, 0xD4CB, 0xD4EB, 0xDD2C, 0xDD2C, 0xDD2C,
    0xDD4D, 0xE5CF, 0xCD0E, 0x8AC7, 0x6161, 0xA326, 0x9AE5, 0x9AE5, 0x9AE5, 0x92E5, 0x92C5, 0x92C5, 0x92E5, 0x9B05, 0x9B06, 0xA306,
    0xA346, 0xA347, 0xA347, 0xAB67, 0xA347, 0xA346, 0xA346, 0xA347, 0xA347, 0x9AE5, 0x92E5, 0x8A85, 0x6162, 0x7A45, 0xBC4B, 0xD52D,
    0xD50E, 0xBC4A, 0xBC29, 0xC44A, 0xBC09, 0xBC08, 0xBC08, 0xC429, 0xC46A, 0xC46A, 0xBC29, 0xC429, 0xCC6A, 0xC46A, 0xCC6A, 0xC46A,
    0xCCAA, 0xD52D, 0xD56E, 0xD52D, 0x69C3, 0x92C6, 0xBC08, 0xB3C8, 0xB3C8, 0xB3C8, 0xBBE9, 0xC46B, 0xC4CC, 0xC4CC, 0xCD2E, 0xD590,
    0xD590, 0xD5B0, 0xD5B0, 0xD5B0, 0xDDD1, 0xDDD1, 0xDDD1, 0xDDD1, 0xDDD1, 0xDDF1, 0xDDF2, 0xDDF2, 0xDDF2, 0xDDF2, 0xDDF2, 0xDDF2,
    0xEE12, 0xEE11, 0xE5D0, 0xEE11, 0xEDF1, 0xE5D0, 0xDD8F, 0xE590, 0xEDF1, 0xEDF1, 0xE5B0, 0xE5D0, 0xE5D0, 0xE5D0, 0xE5D0, 0xE5F0,
    0xE5D1, 0xE5D0, 0xEE32, 0xEE11, 0xEE11, 0xEE32, 0xEE52, 0xEE32, 0xF652, 0xF673, 0xEE52, 0xEE73, 0xF6F5, 0xF6D5, 0xF716, 0xFF57,
    0xFF57, 0xFF37, 0xF737, 0xFF99, 0xFFB9, 0xF737, 0xEED5, 0xF6F5, 0xF736, 0xFF78, 0xFF57, 0xFF78, 0xFFB8, 0xFF57, 0xFF57, 0xFF78,
    0xF6D4, 0xDD8F, 0xE5AF, 0xE5AF, 0xE5AF, 0xEDF0, 0xF651, 0xEE31, 0xEE10, 0xEDF0, 0xE56E, 0xEDF0, 0xEDF0, 0xF631, 0xF652, 0xF651,
    0xF692, 0xEE11, 0xE5CF, 0xDD8F, 0xE58F, 0xE58F, 0xE5D0, 0xF631, 0xF631, 0xEE11, 0xEDF0, 0xEDCF, 0xEDF0, 0xEDF0, 0xE58F, 0xEDF0,
    0xF631, 0xF631, 0xF693, 0xF6F5, 0xF716, 0xF737, 0xFF98, 0xFFBA, 0xFFB9, 0xFF98, 0xFF57, 0xFF57, 0xFF78, 0xFF78, 0xFF78, 0xFF98,
    0xFF78, 0xFF78, 0xFF98, 0xFF57, 0xF736, 0xF736, 0xFF77, 0xFF77, 0xFF98, 0xFF98, 0xFF57, 0xFF37, 0xFF57, 0xFF56, 0xFF36, 0xFF36,
    0xFF56, 0xFF15, 0xF6F5, 0xF6F4, 0xFF15, 0xFF15, 0xF6F4, 0xFF35, 0xFF15, 0xFF15, 0xF6D4, 0xE631, 0xDDF1, 0xDDF0, 0xDDB0, 0xD5B0,
    0xD5B0, 0xD56F, 0xCD4E, 0xD58F, 0x8264, 0xC50F, 0xFFFC, 0xFF58, 0xEE94, 0xF674, 0xF673, 0xF653, 0xEE52, 0xEE52, 0xEE32, 0xEE31,
    0xE5F0, 0xE5F0, 0xE5CF, 0xE5CF, 0xE5CF, 0xDD8E, 0xDD4D, 0xDD6D, 0xDD4C, 0xDD2C, 0xDD4D, 0xDD2C, 0xD50C, 0xDD2C, 0xDD2C, 0xDD2C,
    0xDDAF, 0xFEB3, 0x7A45, 0x69A2, 0x9B05, 0x9AE5, 0x9AE5, 0x9AE5, 0x9AE5, 0x9AE5, 0x9AE5, 0x92E5, 0x9B26, 0xA326, 0xA346, 0xAB67,
    0xAB67, 0xAB67, 0xAB67, 0xAB67, 0xA346, 0xA346, 0xA346, 0xA346, 0xA346, 0xA326, 0x9B26, 0xA347, 0x8AC6, 0x48C0, 0xB40A, 0xD52E,
    0xD52E, 0xC48B, 0xC44A, 0xC46A, 0xBC09, 0xBC08, 0xBBE8, 0xC44A, 0xCC8A, 0xC46A, 0xBC09, 0xC429, 0xCCCB, 0xD4CB, 0xCCAA, 0xC46A,
    0xCC8A, 0xDD6E, 0xE632, 0xD56F, 0x69C2, 0x92A5, 0xBC09, 0xB3C8, 0xB3E8, 0xBBE9, 0xBC09, 0xBC0A, 0xBC2A, 0xBC2A, 0xCCCC, 0xCD2E,
    0xCD4F, 0xCD4F, 0xD590, 0xDDB1, 0xDDD1, 0xDDD1, 0xDDD1, 0xDDD1, 0xDDD1, 0xDDF1, 0xDDF2, 0xDDF2, 0xDDF2, 0xDE12, 0xDDF2, 0xDDF2,
    0xEE11, 0xEDF1, 0xEDF1, 0xE5B0, 0xE5B0, 0xDD8F, 0xD54E, 0xDD6F, 0xE5B0, 0xE5B0, 0xDD8F, 0xDD8F, 0xE5B0, 0xE58F, 0xE5B0, 0xE5D0,
    0xE5B0, 0xE5D0, 0xF673, 0xEE32, 0xE5D0, 0xE5D0, 0xDDB0, 0xE5D0, 0xF652, 0xF652, 0xEE31, 0xEE73, 0xF715, 0xFF36, 0xFF16, 0xF716,
    0xF716, 0xF716, 0xFF57, 0xF717, 0xEEF6, 0xF737, 0xFF36, 0xF6D4, 0xF6B4, 0xF6B4, 0xF693, 0xF6B4, 0xFF36, 0xFF36, 0xFF37, 0xFF57,
    0xF6B4, 0xE5D0, 0xEDD0, 0xE58F, 0xE58F, 0xE5AF, 0xDD8E, 0xDD4E, 0xE56E, 0xDD4E, 0xDD2D, 0xEDF0, 0xE5CF, 0xE5CF, 0xF651, 0xF672,
    0xF672, 0xF651, 0xF611, 0xE58F, 0xEDD0, 0xEDF0, 0xEDAF, 0xEDAF, 0xEDD0, 0xEE10, 0xFE72, 0xF631, 0xEDCF, 0xF610, 0xEDD0, 0xEE10,
    0xEDF0, 0xEDD0, 0xF631, 0xF693, 0xFF37, 0xFF98, 0xFF99, 0xFF99, 0xFFB9, 0xFF98, 0xFF78, 0xFF98, 0xFF98, 0xFF78, 0xFF57, 0xFF78,
    0xFF78, 0xFFB9, 0xFF78, 0xFF57, 0xFF37, 0xF716, 0xF736, 0xFF57, 0xFF77, 0xFF57, 0xFF57, 0xFF77, 0xFF77, 0xFF36, 0xFF56, 0xFF56,
    0xF715, 0xFF15, 0xF715, 0xFF36, 0xFF36, 0xFF15, 0xFF15, 0xFF15, 0xFF15, 0xF6F5, 0xF6D4, 0xF6D4, 0xEE93, 0xDDD0, 0xDDD0, 0xDDD0,
    0xD58F, 0xCD2E, 0xCD2E, 0xDDD0, 0x8264, 0xB46D, 0xFFFC, 0xFF58, 0xEE94, 0xF674, 0xF673, 0xF653, 0xEE52, 0xEE52, 0xEE32, 0xEE31,
    0xE5CF, 0xE5F0, 0xE5F0, 0xE5CF, 0xE5CF, 0xDDAF, 0xDD8E, 0xDD8E, 0xDD4D, 0xD52C, 0xDD2C, 0xDD2D, 0xDD2C, 0xD52C, 0xDD2C, 0xDD4E,
    0xDD6F, 0xBC4C, 0x7204, 0x8244, 0xA325, 0x9AE5, 0x9AE5, 0x9AE4, 0x9AE5, 0xA326, 0xA326, 0x9B26, 0xA346, 0xA346, 0xA346, 0xAB67,
    0xAB67, 0xAB67, 0xAB67, 0xA346, 0xA346, 0xA346, 0xA346, 0xA346, 0xA346, 0xA346, 0xA326, 0xA367, 0x8A85, 0x50E0, 0xBC8C, 0xD56F,
    0xD52F, 0xC4AC, 0xC46A, 0xC46B, 0xBC4A, 0xCCAB, 0xCCAB, 0xCCCB, 0xD4EC, 0xD4EC, 0xC46A, 0xCCCB, 0xD50C, 0xD50C, 0xD4EC, 0xCCEC,
    0xCCEB, 0xDD6E, 0xE632, 0xDD8F, 0x69C2, 0x92A5, 0xBC09, 0xB3C8, 0xBBE8, 0xBC09, 0xBC0A, 0xBC2A, 0xC44B, 0xC44B, 0xC46B, 0xC48B,
    0xC4AC, 0xC4AC, 0xCCED, 0xDD90, 0xDDD1, 0xDDD1, 0xDDD1, 0xDDD1, 0xDDF1, 0xDDF1, 0xDDF2, 0xDDF2, 0xDDF2, 0xDDF2, 0xDDF2, 0xDDF2,
    0xE5D0, 0xE5B0, 0xE5B0, 0xE5B0, 0xDD4E, 0xDD6F, 0xDD8F, 0xE5B0, 0xE58F, 0xE58F, 0xDD4E, 0xDD6F, 0xE58F, 0xDDAF, 0xDDB0, 0xE5F1,
    0xEE11, 0xEE32, 0xF652, 0xD54E, 0xD52E, 0xD54E, 0xD54E, 0xDD8F, 0xE5B0, 0xE5D0, 0xE5D0, 0xFED4, 0xF694, 0xDDF1, 0xF6B4, 0xF6F6,
    0xF716, 0xF716, 0xF736, 0xFF78, 0xFF58, 0xFF58, 0xF6D5, 0xEE52, 0xDD6F, 0xDD4E, 0xDD8F, 0xEE11, 0xF652, 0xEE52, 0xF652, 0xF672,
    0xE5AF, 0xE5AF, 0xDD8E, 0xDD4E, 0xE58E, 0xE58F, 0xDD4E, 0xDD6E, 0xE56E, 0xDD4E, 0xF631, 0xF672, 0xEE11, 0xEE31, 0xF672, 0xF632,
    0xEDF0, 0xE5D0, 0xDD6E, 0xE58F, 0xEDD0, 0xEDCF, 0xE58E, 0xE54E, 0xEDD0, 0xF631, 0xEE10, 0xEDD0, 0xEDF0, 0xEE10, 0xF611, 0xF611,
    0xE5AF, 0xE5D0, 0xF652, 0xEE73, 0xFF57, 0xFF99, 0xFF78, 0xFF98, 0xFF57, 0xF737, 0xFF98, 0xFFB9, 0xFF99, 0xFF78, 0xFF78, 0xFF78,
    0xFF78, 0xFF78, 0xFF57, 0xFF57, 0xFF77, 0xFF57, 0xFF57, 0xFF78, 0xF716, 0xF716, 0xFF78, 0xFF98, 0xFF77, 0xF736, 0xFF36, 0xF715,
    0xF6F5, 0xF715, 0xFF56, 0xFF36, 0xFF16, 0xFF16, 0xFF15, 0xFF15, 0xFF15, 0xFF15, 0xF6D4, 0xF6D4, 0xF6D4, 0xEE93, 0xDDF1, 0xDDB0,
    0xD56F, 0xCD4E, 0xD58F, 0xAC2B, 0x8AE7, 0xCDB3, 0xFFDB, 0xFF79, 0xF6F6, 0xF6B5, 0xF673, 0xEE72, 0xEE52, 0xEE53, 0xEE32, 0xEE32,
    0xE5D0, 0xE5F0, 0xE5F0, 0xE5CF, 0xDDAE, 0xDDAE, 0xDD8E, 0xDD8E, 0xDD4D, 0xD52C, 0xDD2C, 0xDD2C, 0xDD2C, 0xDD2C, 0xDD2C, 0xE5CF,
    0xE5D1, 0x5101, 0x8264, 0xA326, 0x9B05, 0x9AE5, 0x9AE4, 0x9AE5, 0x9B05, 0x9B05, 0xA326, 0xA346, 0xA346, 0xA346, 0xA346, 0xA346,
    0xAB66, 0xAB66, 0xAB67, 0xAB67, 0xAB66, 0xA346, 0xA346, 0xAB66, 0xA346, 0xA346, 0xA326, 0xA367, 0x92C6, 0x6182, 0x8AE7, 0xCCED,
    0xD56F, 0xC4AC, 0xC46B, 0xC48B, 0xCCAB, 0xD50D, 0xD50D, 0xD52D, 0xD52D, 0xD52D, 0xC48B, 0xD52D, 0xDD6E, 0xDD4E, 0xD50C, 0xD4EC,
    0xD50C, 0xDD6E, 0xE633, 0xD56F, 0x6182, 0x8A85, 0xBC09, 0xBBE8, 0xBC09, 0xBC0A, 0xBC2A, 0xBC2A, 0xC44A, 0xC46B, 0xC46B, 0xC46A,
    0xC48B, 0xC48B, 0xC48B, 0xCCCC, 0xCCED, 0xCD4E, 0xDDF1, 0xDDF2, 0xDDF2, 0xDDF2, 0xDDF2, 0xDDF2, 0xDDF2, 0xDDF2, 0xDDF2, 0xDDF2,
    0xE5B0, 0xEDF1, 0xEDF1, 0xE5D0, 0xD52E, 0xDD6F, 0xDD8F, 0xDD8F, 0xE5B0, 0xE5B0, 0xE58F, 0xE58F, 0xDDAF, 0xE5D0, 0xEE11, 0xEE52,
    0xF673, 0xF673, 0xEE31, 0xD54E, 0xCD2D, 0xD54E, 0xDD6E, 0xE5D0, 0xE5D0, 0xE5D0, 0xEE11, 0xEE32, 0xD56F, 0xD56F, 0xF6B4, 0xEEB4,
    0xF6B4, 0xF694, 0xEE73, 0xF716, 0xF6D5, 0xEE94, 0xEE32, 0xE5D0, 0xDD4E, 0xDD2E, 0xDD8F, 0xEDF0, 0xE58F, 0xE58F, 0xF610, 0xEDF0,
    0xE5AF, 0xF631, 0xEDF0, 0xEDD0, 0xEDD0, 0xEE10, 0xEE10, 0xE58F, 0xDD4E, 0xEDCF, 0xF651, 0xF652, 0xF651, 0xF652, 0xF631, 0xEE11,
    0xEDF0, 0xE58F, 0xDD4E, 0xE5AF, 0xEDF0, 0xEDF0, 0xEDAF, 0xE56E, 0xEDF0, 0xEDF0, 0xEDD0, 0xEE11, 0xEDF1, 0xEE11, 0xEDF0, 0xEE11,
    0xF611, 0xF631, 0xEE31, 0xEE31, 0xF6D4, 0xFF78, 0xFF99, 0xFF98, 0xFF78, 0xFF78, 0xFFB9, 0xFF78, 0xFF78, 0xFF77, 0xFF77, 0xFF57,
    0xFF78, 0xFF98, 0xFF78, 0xF737, 0xFF78, 0xFF57, 0xFF77, 0xFF77, 0xEEF5, 0xF716, 0xFF78, 0xFF78, 0xFF57, 0xF736, 0xF736, 0xF736,
    0xFF57, 0xFF77, 0xFF57, 0xFF36, 0xF716, 0xF6F5, 0xF6F5, 0xFF16, 0xFF15, 0xFF16, 0xFF16, 0xF715, 0xF6D4, 0xF6B4, 0xEE93, 0xDDD0,
    0xD5B0, 0xDDB0, 0xE632, 0x8286, 0xAC6E, 0xFFFC, 0xFF79, 0xFF79, 0xFF99, 0xFF37, 0xF673, 0xEE72, 0xEE53, 0xEE53, 0xEE32, 0xEE32,
    0xE5D0, 0xE5F0, 0xE5F0, 0xE5D0, 0xE5AF, 0xDD8E, 0xDD6E, 0xDD6E, 0xDD4D, 0xDD2C, 0xDD2C, 0xD52C, 0xDD2C, 0xDD2D, 0xDD8E, 0xBC8C,
    0x9349, 0x8245, 0x92C5, 0x9B05, 0x9B05, 0x9AE5, 0x9AE5, 0x9AE5, 0x9B05, 0x9B05, 0x9B05, 0xA346, 0xA346, 0xA346, 0xAB47, 0xAB67,
    0xAB66, 0xAB66, 0xAB87, 0xAB88, 0xB3A7, 0xAB87, 0xAB87, 0xAB66, 0xAB67, 0xA346, 0xA347, 0xA346, 0xA367, 0x9B06, 0x6121, 0xC4AD,
    0xDD70, 0xCCED, 0xCCED, 0xCCED, 0xD54E, 0xDD8F, 0xDDB0, 0xE5F1, 0xE611, 0xE611, 0xCD0D, 0xDD8F, 0xE611, 0xEE32, 0xE5F1, 0xDD6E,
    0xCCEC, 0xDD6E, 0xFED5, 0x8B28, 0x69A2, 0xB3C9, 0xBC29, 0xBC2A, 0xBC2A, 0xBC0A, 0xBC2A, 0xC42A, 0xC44A, 0xC44B, 0xC46B, 0xC46B,
    0xCC8B, 0xCC8B, 0xCC8B, 0xCC8B, 0xCC8B, 0xCCCC, 0xD56F, 0xD590, 0xDDB0, 0xDDF2, 0xDDF2, 0xDDF2, 0xDDF2, 0xDDF2, 0xDDF2, 0xDDF2,
    0xEDF0, 0xEE10, 0xF631, 0xDD6E, 0xD54E, 0xE5B0, 0xE58F, 0xE58F, 0xDD6F, 0xDD6F, 0xE5B0, 0xE5F0, 0xEE52, 0xEE31, 0xE58F, 0xD50D,
    0xD52D, 0xD50D, 0xE58F, 0xE5D0, 0xE5AF, 0xE5AF, 0xEDF0, 0xEE11, 0xE5D0, 0xDD6F, 0xDD6E, 0xDD6F, 0xE5F1, 0xF6B3, 0xF6F4, 0xEE12,
    0xE5F1, 0xE5F1, 0xEE31, 0xF672, 0xF693, 0xEE11, 0xE5B0, 0xE5D0, 0xEDF0, 0xEDF0, 0xF631, 0xF631, 0xE58E, 0xEDAF, 0xEDAF, 0xE58F,
    0xF611, 0xFE73, 0xF652, 0xF631, 0xEDF1, 0xEE11, 0xE5CF, 0xDD6E, 0xE58F, 0xE5AF, 0xEE11, 0xF672, 0xF652, 0xF652, 0xEDF0, 0xE5D0,
    0xE5D0, 0xE5D0, 0xEDF0, 0xF611, 0xEE10, 0xEDF0, 0xE58F, 0xD50C, 0xDD2D, 0xE58E, 0xEDD0, 0xEDF0, 0xEDD0, 0xEDD0, 0xE5D0, 0xEDD0,
    0xEDF0, 0xEDF0, 0xF631, 0xF693, 0xFEF5, 0xFF98, 0xFF98, 0xFF78, 0xFF78, 0xFF98, 0xFF78, 0xF757, 0xFF78, 0xFF78, 0xFF78, 0xFF78,
    0xFF57, 0xFF78, 0xF737, 0xFF37, 0xFF57, 0xFF57, 0xFF57, 0xF737, 0xF737, 0xFF98, 0xFF78, 0xFF57, 0xF716, 0xF736, 0xFF57, 0xFF78,
    0xFF57, 0xFF57, 0xFF57, 0xFF57, 0xFF57, 0xFF57, 0xF736, 0xFF57, 0xFF57, 0xF715, 0xFF36, 0xFF16, 0xF6F5, 0xF6F5, 0xF6D5, 0xDDD1,
    0xD5B0, 0xDDB0, 0xE632, 0x8AE7, 0xAC6D, 0xFFFB, 0xFF79, 0xFF99, 0xFF99, 0xF717, 0xEE93, 0xEE72, 0xEE73, 0xEE53, 0xEE32, 0xEE32,
    0xEE11, 0xE611, 0xE611, 0xE5D0, 0xE5CF, 0xE5AE, 0xDD6E, 0xDD2D, 0xDD2D, 0xDD4D, 0xD52C, 0xD50C, 0xDD2D, 0xDD6E, 0xEE31, 0x9328,
    0x4880, 0x9B06, 0x9B05, 0x9B05, 0x9B05, 0x9AE5, 0x9AE5, 0x9B05, 0x9B05, 0x9B05, 0x9B05, 0x9B26, 0xA367, 0xA366, 0xAB67, 0xAB67,
    0xAB66, 0xAB66, 0xAB87, 0xB3A8, 0xB3A8, 0xB3A8, 0xB3C8, 0xAB87, 0xAB67, 0xA346, 0xA346, 0xA347, 0xAB67, 0x92E6, 0x6161, 0xB44C,
    0xD54E, 0xCD0E, 0xCCEF, 0xCD0E, 0xDDD1, 0xDDF1, 0xE632, 0xEE53, 0xEE53, 0xEE73, 0xDDF1, 0xDDF1, 0xEE53, 0xEE53, 0xEE73, 0xE633,
    0xDD8F, 0xD590, 0xDE13, 0x82C7, 0x8244, 0xCC8B, 0xC44A, 0xC44A, 0xBC0A, 0xBC0A, 0xBC0A, 0xC44A, 0xBC2A, 0xC42A, 0xC46B, 0xCCAC,
    0xC48B, 0xCCAB, 0xCCAB, 0xCCAB, 0xCCAB, 0xCCAB, 0xCCAB, 0xCCCC, 0xD52D, 0xDDD1, 0xDDD1, 0xDDF2, 0xDDF2, 0xDDF2, 0xDDF2, 0xDDF2,
    0xD4ED, 0xD50D, 0xDD2E, 0xDD4E, 0xDD6E, 0xDD4E, 0xDD8F, 0xEDF1, 0xE5B0, 0xE5B0, 0xE5B0, 0xDD8F, 0xE590, 0xE5AF, 0xDD6E, 0xDD4E,
    0xDD6E, 0xDD6E, 0xDD4D, 0xDD6E, 0xE5CF, 0xE5CF, 0xE5AF, 0xDD8F, 0xDD6E, 0xE5D0, 0xEE52, 0xEE53, 0xF673, 0xEE93, 0xF6B4, 0xE5F0,
    0xE5AF, 0xDD2D, 0xD50D, 0xE5B0, 0xF693, 0xEE32, 0xEDF0, 0xE58F, 0xE58F, 0xE58F, 0xE58F, 0xEDAF, 0xE56E, 0xE56E, 0xDD4D, 0xDD4E,
    0xEDF0, 0xEDCF, 0xEDF0, 0xF631, 0xF631, 0xE5D0, 0xE5AF, 0xEDF0, 0xEDD0, 0xEDD0, 0xEE11, 0xF672, 0xF672, 0xF652, 0xEE11, 0xE5D0,
    0xE5AF, 0xEDF0, 0xEE10, 0xEDCF, 0xEDD0, 0xEDF0, 0xE58F, 0xD4EC, 0xD50C, 0xEDCF, 0xEE10, 0xE5CF, 0xE5AF, 0xEE10, 0xEE11, 0xEDF0,
    0xEDF0, 0xEDF0, 0xEDF0, 0xF672, 0xF6D4, 0xF736, 0xFF57, 0xFF78, 0xFF98, 0xFF98, 0xF737, 0xFF57, 0xFF78, 0xFF58, 0xFF78, 0xFF98,
    0xFF78, 0xFF78, 0xFF57, 0xFF78, 0xF716, 0xFF36, 0xFF37, 0xF736, 0xFF57, 0xFF98, 0xFF98, 0xFF37, 0xFF57, 0xFF57, 0xFF77, 0xFF57,
    0xFF37, 0xF757, 0xF757, 0xFF37, 0xFF77, 0xF737, 0xFF57, 0xFF98, 0xFF78, 0xFF36, 0xFF57, 0xFF37, 0xFF36, 0xEED4, 0xEE93, 0xD5B0,
    0xD590, 0xDDB0, 0xEE52, 0x8AE7, 0xAC6D, 0xFFFB, 0xFF79, 0xFF99, 0xFF79, 0xF717, 0xF6F6, 0xF694, 0xEE53, 0xEE53, 0xEE32, 0xEE32,
    0xEE32, 0xE5F1, 0xE5F0, 0xE5F0, 0xE5AF, 0xDDAF, 0xDD8E, 0xD52C, 0xD50C, 0xDD4D, 0xD54C, 0xD52D, 0xDD8F, 0xDDB0, 0x9B89, 0x8265,
    0x8264, 0x9B05, 0x9AE6, 0x9B06, 0xA325, 0x9AE5, 0x9AE5, 0x9B05, 0x9B05, 0x9B06, 0xA326, 0xA326, 0xAB67, 0xAB46, 0xAB66, 0xAB67,
    0xAB67, 0xAB67, 0xAB87, 0xAB87, 0xAB87, 0xB3A7, 0xB3A8, 0xAB87, 0xAB87, 0xAB87, 0xAB67, 0xA367, 0xAB67, 0x9B26, 0x7A03, 0x5101,
    0xC4CE, 0xCD4F, 0xCD0F, 0xD570, 0xDDD1, 0xDDF2, 0xE633, 0xEE53, 0xEE53, 0xEE73, 0xDDF2, 0xE612, 0xEE54, 0xEE53, 0xEE53, 0xEE53,
    0xEE94, 0xD591, 0x4921, 0x9327, 0xB3E9, 0xC42A, 0xC44B, 0xC44A, 0xBC0A, 0xBC0A, 0xBC2A, 0xC44A, 0xBC2A, 0xC44A, 0xC48B, 0xC48B,
    0xC48A, 0xC48B, 0xCCAB, 0xCCCB, 0xCCAB, 0xCCAB, 0xC48B, 0xC46B, 0xCCAB, 0xCD0D, 0xCD2E, 0xDDD1, 0xDDF1, 0xDDF2, 0xDDF2, 0xDDF2,
    0xD4ED, 0xD4ED, 0xDD2E, 0xD50D, 0xCCED, 0xDD6F, 0xE5B0, 0xE5B0, 0xE58F, 0xEDD0, 0xEDD0, 0xE5AF, 0xE5AF, 0xE5D0, 0xEDF0, 0xEDF0,
    0xEE11, 0xEE31, 0xE5F0, 0xE5D0, 0xEE52, 0xEE73, 0xF673, 0xE5F1, 0xEE11, 0xF693, 0xFEF5, 0xF6B4, 0xEE52, 0xF6B4, 0xEE53, 0xDD6E,
    0xE56E, 0xDD4D, 0xE56E, 0xF631, 0xF693, 0xEE11, 0xDD6E, 0xDD6E, 0xE58F, 0xEDD0, 0xEE11, 0xF651, 0xE5AF, 0xD4EC, 0xE56E, 0xEDD0,
    0xEDAF, 0xEDCF, 0xF611, 0xF611, 0xEE11, 0xE5AF, 0xE58F, 0xDD8F, 0xE5F0, 0xF652, 0xEE32, 0xEE31, 0xEE52, 0xEE11, 0xE5F0, 0xE5D0,
    0xE5D0, 0xEE11, 0xF631, 0xEDF0, 0xEDCF, 0xEDD0, 0xEDCF, 0xEDCF, 0xEDF0, 0xEDCF, 0xEDF0, 0xEE10, 0xE5CF, 0xEE10, 0xEE11, 0xEDF0,
    0xE5AF, 0xD52D, 0xEDD0, 0xF631, 0xF672, 0xF6D4, 0xFF78, 0xFF99, 0xFF78, 0xFF57, 0xFF57, 0xFF99, 0xFF78, 0xFF58, 0xFF58, 0xFF78,
    0xFF98, 0xFF77, 0xFF78, 0xFF78, 0xFF57, 0xFF57, 0xFF37, 0xFF57, 0xFF98, 0xFF77, 0xF736, 0xF716, 0xF736, 0xFF36, 0xF737, 0xF736,
    0xF716, 0xFF57, 0xFF77, 0xFF57, 0xFF77, 0xFF57, 0xFF57, 0xFF77, 0xFF57, 0xFF36, 0xFF37, 0xF6F6, 0xEED4, 0xEEB4, 0xEE73, 0xDDF1,
    0xE632, 0xE611, 0xEE53, 0x8B07, 0xAC6D, 0xFFFB, 0xFF79, 0xFF99, 0xFF79, 0xFF79, 0xFF79, 0xF6B5, 0xEE94, 0xEE53, 0xEE53, 0xEE32,
    0xEE32, 0xE5F1, 0xE5F0, 0xE5F1, 0xE5D0, 0xDD8E, 0xDD8E, 0xDD4D, 0xD50C, 0xD52D, 0xDD4D, 0xDD8F, 0xDDB1, 0xE5F1, 0x7204, 0x79E3,
    0xAB67, 0x9B06, 0x9AE6, 0xA306, 0xA326, 0x9B05, 0xA325, 0x9B05, 0x9B05, 0xA326, 0xA346, 0xA346, 0xA346, 0xAB66, 0xAB66, 0xAB66,
    0xAB67, 0xAB87, 0xB3A7, 0xB3A8, 0xB3A7, 0xB3A7, 0xAB87, 0xAB87, 0xAB87, 0xAB87, 0xAB87, 0xAB87, 0xAB88, 0xABA8, 0xA347, 0x6182,
    0x69E4, 0xAC2C, 0xD590, 0xDDD1, 0xDDF2, 0xE5F2, 0xEE53, 0xEE53, 0xEE53, 0xEE74, 0xE633, 0xE633, 0xEE74, 0xEE74, 0xEE74, 0xEE74,
    0xF695, 0xD591, 0x5101, 0x9B27, 0xBC09, 0xC44A, 0xC44B, 0xC44A, 0xC44A, 0xC44A, 0xC44A, 0xC44A, 0xBC2A, 0xC44A, 0xC48B, 0xC48B,
    0xC48A, 0xC48B, 0xCCAB, 0xCCCC, 0xCCCB, 0xCCAB, 0xCC8B, 0xC46A, 0xC46A, 0xC48B, 0xCCCC, 0xD52E, 0xD56F, 0xDDF1, 0xE612, 0xE612,
    0xD50D, 0xE58F, 0xE5D0, 0xE5B0, 0xE5D0, 0xEE11, 0xE5D0, 0xE5B0, 0xEDF1, 0xEDF1, 0xEDF1, 0xEDF0, 0xEDF0, 0xEDF1, 0xE5D0, 0xE5B0,
    0xEE11, 0xF693, 0xF6B4, 0xF6B4, 0xF6B4, 0xF6F5, 0xF6F5, 0xF6B4, 0xF6B4, 0xF6D5, 0xF6F5, 0xF6B4, 0xE632, 0xEE94, 0xF6D5, 0xE5B0,
    0xDD6E, 0xDD4E, 0xDD6E, 0xE5AF, 0xD52D, 0xDD4E, 0xEDD0, 0xEDD0, 0xEDD0, 0xEE11, 0xF672, 0xF672, 0xF631, 0xE58F, 0xEDF0, 0xEDAF,
    0xE58F, 0xF631, 0xF631, 0xEDAF, 0xE58F, 0xE58F, 0xE58F, 0xE5AF, 0xF652, 0xF652, 0xEE52, 0xF652, 0xF652, 0xEE31, 0xE5F0, 0xE5D0,
    0xEE11, 0xEE31, 0xF631, 0xEDF0, 0xE5AF, 0xE58F, 0xEDF0, 0xEE31, 0xF631, 0xEE31, 0xF631, 0xEDD0, 0xEDF0, 0xF631, 0xEE11, 0xEDD0,
    0xEDD0, 0xE5AF, 0xEDD0, 0xF651, 0xEE10, 0xEE73, 0xFF77, 0xFF98, 0xF736, 0xF737, 0xFF57, 0xF757, 0xFF99, 0xFF99, 0xFF98, 0xFF98,
    0xFF78, 0xFF77, 0xFF78, 0xF737, 0xFF78, 0xFF57, 0xF737, 0xFF78, 0xFF98, 0xFF78, 0xF757, 0xF716, 0xFF57, 0xFF78, 0xFF77, 0xF716,
    0xF737, 0xFF77, 0xFF77, 0xFF57, 0xFF57, 0xFF57, 0xFF57, 0xFF57, 0xFF57, 0xFF78, 0xFF78, 0xF716, 0xFF36, 0xFF57, 0xFF16, 0xEE73,
    0xEE93, 0xEE53, 0xEE73, 0x9307, 0xB48D, 0xFFFB, 0xFF79, 0xFF99, 0xFF99, 0xFF99, 0xFF99, 0xF6D6, 0xEE95, 0xEE53, 0xEE53, 0xEE32,
    0xEE32, 0xE611, 0xE5F0, 0xE5F1, 0xE5F0, 0xDD8E, 0xDD8E, 0xDD6E, 0xD52C, 0xDD4E, 0xDD8F, 0xDDB1, 0xDDD1, 0xE5F1, 0x7A45, 0x79E3,
    0xA327, 0x9B06, 0x9B06, 0xA326, 0xA326, 0x9B05, 0xA325, 0x9B05, 0x9B05, 0xA346, 0xAB66, 0xAB66, 0xA346, 0xA346, 0xA346, 0xA346,
    0xAB87, 0xB3A8, 0xB3A8, 0xB3C8, 0xB3C8, 0xB3A8, 0xAB87, 0xB3A7, 0xB3A8, 0xB3C8, 0xABA8, 0xAB87, 0xAB88, 0xABA8, 0xAB88, 0xAB88,
    0x5100, 0xAC0C, 0xDDB1, 0xDDB1, 0xDDF2, 0xE612, 0xEE53, 0xEE53, 0xEE74, 0xEE74, 0xE613, 0xE633, 0xEE74, 0xEE75, 0xEE75, 0xEE74,
    0xF6B5, 0xD5D2, 0x48E1, 0xA3A9, 0xCCAB, 0xC44A, 0xC44B, 0xC44B, 0xC44A, 0xC44A, 0xC44A, 0xC44A, 0xC46B, 0xC48B, 0xC46B, 0xC46B,
    0xC48B, 0xCCAB, 0xCCAB, 0xCCAC, 0xCCAB, 0xCCCC, 0xCCAB, 0xC48B, 0xCC8B, 0xCC8B, 0xCC8B, 0xCCAB, 0xCCCC, 0xD56E, 0xD56F, 0xDDD0,
    0xDD8F, 0xE5AF, 0xE5B0, 0xEDF1, 0xF652, 0xEE32, 0xE5D0, 0xDD6F, 0xE590, 0xEDF1, 0xF673, 0xEE52, 0xF673, 0xF673, 0xF694, 0xF6B5,
    0xF6F5, 0xFF16, 0xFF37, 0xFF37, 0xFF37, 0xFF37, 0xF6F6, 0xF716, 0xF717, 0xF737, 0xF757, 0xF737, 0xF716, 0xFF57, 0xFF57, 0xE5F0,
    0xD50C, 0xDD4E, 0xE5D0, 0xE5D0, 0xD54E, 0xE5AF, 0xF651, 0xEE11, 0xEDF0, 0xE5AF, 0xF611, 0xF611, 0xEDF0, 0xEDD0, 0xEDD0, 0xDD2D,
    0xE58E, 0xEDAF, 0xDD6E, 0xE58F, 0xEDF0, 0xEE11, 0xF631, 0xEE31, 0xF652, 0xEE32, 0xF652, 0xF652, 0xEE11, 0xEE11, 0xEE10, 0xE5CF,
    0xEE11, 0xEE11, 0xEE10, 0xEDF0, 0xE5AF, 0xEDD0, 0xEE31, 0xF6D3, 0xF6B3, 0xF672, 0xEDF0, 0xDD6E, 0xEE11, 0xF672, 0xEE11, 0xE5CF,
    0xEDF0, 0xF652, 0xEE11, 0xEDF0, 0xE5F0, 0xEE72, 0xF736, 0xF737, 0xF736, 0xFF57, 0xFF57, 0xFF37, 0xFF57, 0xF737, 0xF757, 0xFF37,
    0xFF58, 0xFF98, 0xFF57, 0xF736, 0xFF57, 0xFF57, 0xFF57, 0xFF57, 0xFF57, 0xFF57, 0xFF36, 0xF6F6, 0xFF78, 0xFFB9, 0xFF77, 0xF716,
    0xFF57, 0xFF78, 0xFF98, 0xFF57, 0xFF37, 0xF737, 0xFF57, 0xFF78, 0xFF57, 0xFF57, 0xF716, 0xF716, 0xF716, 0xFF37, 0xF716, 0xEEB4,
    0xEEB4, 0xEE53, 0xEE73, 0x9307, 0xB48E, 0xFFFB, 0xFF79, 0xFF99, 0xFF99, 0xFF99, 0xFF99, 0xF6F6, 0xEE94, 0xEE74, 0xEE53, 0xEE32,
    0xEE32, 0xE612, 0xE5F1, 0xE5F1, 0xE5F1, 0xE5B0, 0xDD6E, 0xDD6E, 0xD56D, 0xDD8F, 0xDDD2, 0xDDD2, 0xDDD2, 0xE5F2, 0x7245, 0x71E3,
    0xA346, 0x9B06, 0x9B26, 0xA326, 0xA326, 0xA325, 0xA325, 0x9B05, 0x9B05, 0xA346, 0xAB66, 0xA346, 0xAB66, 0xAB87, 0xAB87, 0xAB67,
    0xB3A7, 0xB3A7, 0xB3A7, 0xB3A7, 0xB3A7, 0xB3A7, 0xAB87, 0xB3A7, 0xB3C8, 0xBC09, 0xB3E9, 0xB3C9, 0xB3C8, 0xABA8, 0xABA8, 0xB3A8,
    0x8244, 0x5162, 0xA42C, 0xEE73, 0xDDF2, 0xE612, 0xE653, 0xEE53, 0xEE53, 0xF694, 0xCD50, 0xD5B1, 0xEE95, 0xEE75, 0xEE75, 0xEE74,
    0xE653, 0xCD50, 0x61A3, 0xB3C9, 0xD4ED, 0xC46B, 0xC44A, 0xC46B, 0xC46B, 0xC44A, 0xC44A, 0xC44A, 0xC48B, 0xCCAB, 0xC48B, 0xC48B,
    0xC48B, 0xCCAC, 0xCCAC, 0xCCAC, 0xCCCC, 0xCCCC, 0xCCCC, 0xCCAC, 0xCC8B, 0xCC8B, 0xCC8B, 0xCCAB, 0xCCCB, 0xCCCC, 0xCCCC, 0xD52D,
    0xF693, 0xEE32, 0xE5AF, 0xDD6F, 0xDD4E, 0xE5D0, 0xE5B0, 0xDD4F, 0xDD8F, 0xEE73, 0xFF36, 0xFF37, 0xFF37, 0xFF58, 0xFF78, 0xFF99,
    0xFF99, 0xFF79, 0xFF37, 0xF716, 0xF716, 0xF737, 0xFF37, 0xF716, 0xF716, 0xFF78, 0xFF79, 0xFF58, 0xFF78, 0xFF57, 0xF6D5, 0xE5F1,
    0xD50D, 0xE58F, 0xF652, 0xF652, 0xF652, 0xEDF0, 0xDD6E, 0xE5AF, 0xE5AF, 0xE58F, 0xE58F, 0xE58F, 0xDD6E, 0xDD6E, 0xE56E, 0xE56E,
    0xEDAF, 0xE5AF, 0xE58F, 0xEDF0, 0xEE11, 0xEE11, 0xEE11, 0xEE11, 0xF652, 0xF672, 0xF652, 0xEE11, 0xE5D0, 0xEE31, 0xEE11, 0xE5CF,
    0xEDF1, 0xEDF0, 0xDD8F, 0xEDF1, 0xF672, 0xF672, 0xF693, 0xEE72, 0xEE31, 0xEE31, 0xE5F0, 0xEDF0, 0xF651, 0xF652, 0xF672, 0xF672,
    0xEE10, 0xF631, 0xE5AF, 0xE58F, 0xEDD0, 0xF672, 0xF715, 0xF6F6, 0xFF57, 0xFF98, 0xFF98, 0xF757, 0xFF77, 0xFF77, 0xF757, 0xF716,
    0xF737, 0xFF77, 0xEEF5, 0xEEF5, 0xFF57, 0xFF78, 0xFF57, 0xF757, 0xFF78, 0xFF57, 0xFF37, 0xFF77, 0xFF78, 0xF757, 0xFF78, 0xFF77,
    0xFF77, 0xFF77, 0xFF37, 0xF716, 0xFF37, 0xFF78, 0xFF98, 0xFF78, 0xF736, 0xF6F6, 0xF6F6, 0xFF36, 0xFF36, 0xFF57, 0xF716, 0xF716,
    0xFF57, 0xEE73, 0xEE73, 0x9328, 0xB48E, 0xFFFB, 0xFF79, 0xFF99, 0xFF99, 0xFF99, 0xFF9A, 0xF717, 0xEE94, 0xEE95, 0xEE73, 0xEE52,
    0xEE53, 0xE632, 0xE5F1, 0xE5F1, 0xE5F1, 0xE5D0, 0xDD6E, 0xDD6E, 0xDD8F, 0xDDB0, 0xDDD1, 0xDDD2, 0xDDD2, 0xEE53, 0x7245, 0x69A2,
    0xA346, 0x9B06, 0xA326, 0xA326, 0xA326, 0xA325, 0xA325, 0xA325, 0xA326, 0xA346, 0xAB67, 0xAB87, 0xAB87, 0xB3A8, 0xB3A8, 0xB3A8,
    0xAB87, 0xAB87, 0xAB87, 0xAB87, 0xB3A7, 0xB3A7, 0xB3A7, 0xB3A8, 0xB3E8, 0xBC09, 0xBC4A, 0xBC2A, 0xB3E9, 0xB3C9, 0xB3E9, 0xABA8,
    0xA346, 0x5121, 0x82E8, 0xCD50, 0xE633, 0xEE53, 0xEE74, 0xEE94, 0xEE74, 0xEE73, 0xCD4F, 0xCD70, 0xEE95, 0xEE74, 0xEE54, 0xFF37,
    0xAC0B, 0x61A2, 0xCCCC, 0xC48B, 0xCCAC, 0xC46B, 0xC44A, 0xC46B, 0xCC8B, 0xC44A, 0xC44A, 0xC46A, 0xC48B, 0xCC8B, 0xC48B, 0xC48B,
    0xCC8B, 0xCCCC, 0xCCAB, 0xC48B, 0xCCAB, 0xCCAC, 0xCCCC, 0xD4EC, 0xCC8B, 0xCC8B, 0xCCAB, 0xCCAB, 0xCCAB, 0xCCAC, 0xCCAC, 0xD50C,
    0xF6D4, 0xFF16, 0xF6F5, 0xEE73, 0xEE73, 0xEE32, 0xDDB0, 0xF6D5, 0xF716, 0xF6F6, 0xF6F6, 0xF737, 0xFF58, 0xFF99, 0xFFBA, 0xFF79,
    0xFF58, 0xF738, 0xFF37, 0xF737, 0xF717, 0xF737, 0xFF58, 0xFF58, 0xFF58, 0xFF58, 0xFF58, 0xFF38, 0xFF58, 0xF737, 0xF737, 0xFF57,
    0xF6B4, 0xF693, 0xF672, 0xF672, 0xF631, 0xDD4E, 0xC48B, 0xEDF0, 0xEDF0, 0xE5AF, 0xEDB0, 0xDD6E, 0xD52D, 0xD50D, 0xDD4E, 0xE58E,
    0xEDF0, 0xF631, 0xEDF0, 0xEDF0, 0xE5CF, 0xE58F, 0xE5AF, 0xEDF0, 0xF631, 0xF652, 0xF672, 0xEE31, 0xE5D0, 0xEDF0, 0xE5AF, 0xDD8F,
    0xE5F0, 0xEE31, 0xF672, 0xF693, 0xFED4, 0xEE52, 0xF672, 0xEE31, 0xDDAF, 0xD56F, 0xE5F1, 0xF652, 0xF631, 0xEE11, 0xEE11, 0xF652,
    0xF651, 0xF652, 0xEE31, 0xF651, 0xF631, 0xF672, 0xF6D4, 0xFF58, 0xFF78, 0xFF57, 0xF737, 0xFF57, 0xFF99, 0xFF98, 0xF757, 0xF757,
    0xF716, 0xF6F6, 0xEEB5, 0xF716, 0xFF78, 0xFF78, 0xFF57, 0xFF78, 0xFF57, 0xFF57, 0xFF78, 0xFF98, 0xF737, 0xEEF5, 0xFF77, 0xFF57,
    0xFF57, 0xFF77, 0xFF37, 0xFF37, 0xFF37, 0xFF78, 0xFF58, 0xF736, 0xF716, 0xFF57, 0xFF37, 0xF716, 0xFF37, 0xFF57, 0xF716, 0xFF16,
    0xFF57, 0xEE94, 0xEE53, 0x9327, 0xB48E, 0xFFFC, 0xFF79, 0xFF99, 0xFF99, 0xFF99, 0xFF9A, 0xF6F7, 0xEE74, 0xEE95, 0xEE74, 0xEE53,
    0xEE53, 0xE632, 0xE5F1, 0xE5F0, 0xE5D1, 0xE5D0, 0xDD8F, 0xD56F, 0xDDB1, 0xDDD1, 0xDDD2, 0xDDD2, 0xDDD2, 0xC50F, 0x69E4, 0x7A23,
    0xA347, 0xA326, 0x9B26, 0x9B25, 0xA306, 0xA325, 0xA325, 0xA326, 0xA326, 0xA346, 0xAB87, 0xB3C8, 0xB3C8, 0xB3A8, 0xB3A8, 0xB3A8,
    0xB3A8, 0xB3A8, 0xB3A8, 0xB3A7, 0xB3A7, 0xB3A7, 0xB3A8, 0xBBE8, 0xBBE9, 0xBC29, 0xC44B, 0xBC2A, 0xB3E9, 0xB409, 0xB3E9, 0xABA8,
    0xABA8, 0xB3E9, 0x71C2, 0x7244, 0xDDD2, 0xDDD2, 0xDDD2, 0xDDF2, 0xDDD2, 0x8B08, 0xAC0B, 0xE613, 0xF6B6, 0xF6B5, 0xF6B6, 0xC510,
    0x9B89, 0x92E6, 0xCCAC, 0xCCAB, 0xCCCC, 0xCCAC, 0xCC8B, 0xC46B, 0xC46A, 0xC46A, 0xC48B, 0xCCAB, 0xCCAB, 0xC48B, 0xCCAB, 0xCCAB,
    0xCCAB, 0xCCAB, 0xCCAB, 0xCC8B, 0xC48B, 0xCCAB, 0xCCCC, 0xD4EC, 0xCCCC, 0xCCAB, 0xCC8B, 0xCCAC, 0xCCAC, 0xCCAB, 0xCCAC, 0xD4ED,
    0xF6F5, 0xF736, 0xFF57, 0xFF78, 0xFF78, 0xFF37, 0xF716, 0xFF98, 0xFF99, 0xFF78, 0xFF58, 0xFF79, 0xFF79, 0xFFBA, 0xFFBA, 0xF738,
    0xF717, 0xF737, 0xFF58, 0xF717, 0xF717, 0xF737, 0xFF58, 0xFF79, 0xFF78, 0xFF78, 0xFF58, 0xF737, 0xF716, 0xF737, 0xFF78, 0xF737,
    0xF6B4, 0xF693, 0xF672, 0xEE31, 0xEDF0, 0xDD8F, 0xE5CF, 0xF672, 0xEDF0, 0xDD4E, 0xD50D, 0xD52D, 0xCCEC, 0xC4AB, 0xE56E, 0xE5AF,
    0xEE10, 0xE5AF, 0xE5AF, 0xEDCF, 0xEDCF, 0xEDD0, 0xEDF0, 0xEDD0, 0xE5D0, 0xEE11, 0xEE11, 0xEE11, 0xEDF0, 0xEDD0, 0xE5D0, 0xEE10,
    0xEE31, 0xF6B3, 0xF693, 0xEE73, 0xF6B3, 0xEE11, 0xE611, 0xF693, 0xF672, 0xEE31, 0xF693, 0xF6B3, 0xEE51, 0xEE11, 0xEE10, 0xEE31,
    0xF672, 0xF672, 0xF672, 0xF651, 0xEE31, 0xF651, 0xEE31, 0xF736, 0xFF78, 0xFF57, 0xFF57, 0xFF78, 0xFF57, 0xF716, 0xF737, 0xFF78,
    0xFF78, 0xF716, 0xF6F5, 0xFF78, 0xFF78, 0xFF78, 0xFF98, 0xFF78, 0xF737, 0xF737, 0xFF77, 0xF757, 0xFF98, 0xFF98, 0xFF57, 0xF716,
    0xF716, 0xFF77, 0xFF78, 0xFF37, 0xF716, 0xFF57, 0xFF78, 0xFF37, 0xF716, 0xFF57, 0xFF57, 0xF6F5, 0xFF57, 0xFF78, 0xF737, 0xF6F6,
    0xF6F6, 0xF6F5, 0xF6D5, 0x9B48, 0xA3AA, 0xFFDA, 0xFF79, 0xFF99, 0xFF99, 0xFF99, 0xFF99, 0xF738, 0xEED6, 0xEE95, 0xEE74, 0xEE53,
    0xEE53, 0xE632, 0xE5F1, 0xE5F1, 0xDDAF, 0xDD8F, 0xDDB0, 0xDD8F, 0xDDD1, 0xDDD2, 0xDDD2, 0xDDD2, 0xE613, 0x69E4, 0x69C3, 0xAB88,
    0x9B26, 0xA326, 0x9B26, 0x9B05, 0xA306, 0xA346, 0xA346, 0xA326, 0xA346, 0xAB87, 0xB3A7, 0xB3A8, 0xB3A8, 0xB3A8, 0xB3A8, 0xB3A8,
    0xB3A8, 0xAB87, 0xB3A7, 0xB3A8, 0xB3A8, 0xB3A8, 0xB3C8, 0xBBE8, 0xBBE8, 0xBC09, 0xC44A, 0xC42A, 0xBC09, 0xBBE9, 0xBBE9, 0xBC0A,
    0xC42A, 0xC42A, 0xC48B, 0xA3A9, 0x5141, 0x5982, 0x6182, 0x6182, 0x61A2, 0x5100, 0x9B8B, 0xD5B2, 0xCD71, 0xD592, 0xCDB3, 0x61A3,
    0x92E6, 0xDD4D, 0xCCAC, 0xCCAC, 0xCCAC, 0xCC8B, 0xCCAC, 0xC46B, 0xBC4A, 0xC46B, 0xC48B, 0xC48B, 0xC48B, 0xCCCC, 0xCCCC, 0xCCCC,
    0xCCAB, 0xC48B, 0xCCAB, 0xCCAB, 0xCCCC, 0xCCCC, 0xCCCC, 0xD4CC, 0xCCCC, 0xD4EC, 0xCCAC, 0xCC8B, 0xCCAB, 0xCCAC, 0xCCAC, 0xCCAB,
    0xFF79, 0xF758, 0xFF57, 0xFF58, 0xFF58, 0xFF58, 0xFF78, 0xFF78, 0xFF79, 0xFF99, 0xFFBA, 0xFF99, 0xFF99, 0xFF99, 0xFF79, 0xF738,
    0xF717, 0xF737, 0xF717, 0xF717, 0xFF58, 0xFF58, 0xF737, 0xFF58, 0xFF58, 0xFF78, 0xFF58, 0xFF58, 0xF716, 0xF737, 0xFF78, 0xF6F5,
    0xF653, 0xEE32, 0xEDF1, 0xE5D0, 0xEDF0, 0xF651, 0xFE92, 0xF651, 0xEDF0, 0xD54E, 0xD52D, 0xE5D0, 0xEE11, 0xEDCF, 0xDD4D, 0xE58F,
    0xE5CF, 0xDD4E, 0xE58F, 0xE5AF, 0xE5AF, 0xF631, 0xF611, 0xE5AF, 0xE5AF, 0xEDF0, 0xEE10, 0xF651, 0xEE11, 0xEE31, 0xEE31, 0xEE52,
    0xF673, 0xF693, 0xEE73, 0xF6B4, 0xFF15, 0xFEF4, 0xFED4, 0xF6D4, 0xEE52, 0xEE31, 0xF693, 0xF672, 0xF652, 0xF652, 0xF652, 0xEE11,
    0xF651, 0xF672, 0xF651, 0xE5CF, 0xF651, 0xEE31, 0xE5D0, 0xF6B3, 0xF757, 0xFF58, 0xFF57, 0xFF78, 0xFF57, 0xF737, 0xFF78, 0xFF78,
    0xF737, 0xF716, 0xFF57, 0xFF78, 0xFF78, 0xFF78, 0xFF58, 0xFF78, 0xFF77, 0xFF57, 0xFF37, 0xFF57, 0xFF98, 0xFF77, 0xFF57, 0xF6F6,
    0xEEF6, 0xFF37, 0xFF37, 0xF6F6, 0xF736, 0xFF78, 0xFF78, 0xFF37, 0xF736, 0xFF57, 0xF716, 0xF716, 0xFF78, 0xFF78, 0xFF37, 0xF716,
    0xF6F6, 0xF6F6, 0xFF97, 0x9B8A, 0x9349, 0xFFDA, 0xFF99, 0xFF99, 0xFF99, 0xFF99, 0xFF99, 0xFF99, 0xF717, 0xEE95, 0xEE74, 0xEE53,
    0xE633, 0xE5F1, 0xE5F1, 0xE5F1, 0xDD8F, 0xD56F, 0xDD8F, 0xDDB0, 0xDDD1, 0xDDD2, 0xDDD2, 0xDDF2, 0xE633, 0x7225, 0x71E2, 0xAB67,
    0x9B26, 0x9B26, 0x9B26, 0xA346, 0xA326, 0xA346, 0xA346, 0xAB66, 0xAB66, 0xB3A7, 0xB3A7, 0xB3A8, 0xB3A8, 0xB3C8, 0xB3A8, 0xB3C8,
    0xB3A8, 0xB3A8, 0xB3A8, 0xB3A8, 0xB3A8, 0xB3C8, 0xB3E8, 0xBC09, 0xBC09, 0xBC09, 0xBC2A, 0xC42A, 0xBC0A, 0xBC09, 0xC42A, 0xC44A,
    0xCCAC, 0xCCCD, 0xD52E, 0xCD0E, 0xB44B, 0xB44C, 0xB44C, 0xB44C, 0xB46D, 0xB46C, 0x69E4, 0x5962, 0x6182, 0x6182, 0x5941, 0xA388,
    0xD4EC, 0xCCAB, 0xCCCC, 0xD4CC, 0xCCCC, 0xCC8B, 0xCC8B, 0xC46B, 0xC46A, 0xC48B, 0xC48B, 0xC48B, 0xC48B, 0xCCCC, 0xCCCC, 0xCCAB,
    0xCCAB, 0xC48B, 0xCCAB, 0xCCAC, 0xCCCC, 0xCCCC, 0xCCCC, 0xD4ED, 0xCCCC, 0xCCCC, 0xCCAB, 0xCC8B, 0xCCAB, 0xCC8B, 0xCCAC, 0xCCAC,
    0xFF99, 0xFF99, 0xFF99, 0xFF79, 0xFF58, 0xFF37, 0xFF38, 0xFF58, 0xFF58, 0xFF79, 0xFF79, 0xFF58, 0xFF79, 0xFF99, 0xFF79, 0xF758,
    0xFF58, 0xFF58, 0xF737, 0xF717, 0xFF78, 0xFF58, 0xFF58, 0xFF79, 0xFF58, 0xF737, 0xF717, 0xFF57, 0xFF58, 0xFF99, 0xFF78, 0xF6F5,
    0xE611, 0xE5D0, 0xE5F0, 0xEE11, 0xF651, 0xF651, 0xEE10, 0xE5AF, 0xEE10, 0xEDF0, 0xFE92, 0xF672, 0xF651, 0xEE10, 0xEDF0, 0xF631,
    0xE58E, 0xD4EC, 0xE58F, 0xE58E, 0xEDD0, 0xE5D0, 0xE5AF, 0xE5AF, 0xEE10, 0xDDAF, 0xE5D0, 0xEE11, 0xEE11, 0xEE31, 0xF672, 0xFEB3,
    0xF6B3, 0xFEB3, 0xFED4, 0xFEF4, 0xF6D4, 0xF6B4, 0xFED4, 0xF693, 0xEE31, 0xEE31, 0xF652, 0xEE10, 0xE5F0, 0xEE11, 0xEE11, 0xE5F0,
    0xEE10, 0xEE31, 0xEE31, 0xEE31, 0xF631, 0xEDF0, 0xE5F0, 0xF673, 0xFF36, 0xF737, 0xF737, 0xF757, 0xFF98, 0xFF98, 0xFF78, 0xFF78,
    0xF716, 0xF716, 0xFF57, 0xFF78, 0xFF78, 0xFF78, 0xF757, 0xF757, 0xF737, 0xFF57, 0xFF37, 0xFF78, 0xFF57, 0xFF57, 0xF737, 0xEED5,
    0xF737, 0xF757, 0xF737, 0xF716, 0xF737, 0xFF57, 0xF737, 0xF6F6, 0xF6F5, 0xFF57, 0xF6F6, 0xF737, 0xFF78, 0xFF78, 0xFF57, 0xF737,
    0xF6F5, 0xF6F6, 0xFF97, 0x9B69, 0x9328, 0xFFD9, 0xFF79, 0xFF99, 0xFF99, 0xFF99, 0xFF99, 0xFF99, 0xF717, 0xEE95, 0xEE74, 0xEE53,
    0xEE33, 0xE5F1, 0xE5F1, 0xE5F1, 0xDDB0, 0xDD8F, 0xDD8F, 0xDDB0, 0xDDD1, 0xDDD2, 0xDDD2, 0xDDF2, 0xE613, 0x7225, 0x69C2, 0xAB67,
    0x9B25, 0x9B25, 0xA326, 0xAB66, 0xAB66, 0xA346, 0xA326, 0xAB87, 0xB3A7, 0xB3C8, 0xB3A7, 0xB3A7, 0xB3A8, 0xB3C8, 0xB3C8, 0xB3C8,
    0xB3C8, 0xB3C8, 0xB3C8, 0xB3A8, 0xB3A8, 0xB3C8, 0xBC29, 0xC48B, 0xC48B, 0xBC09, 0xBBE9, 0xBC09, 0xC48B, 0xCCCC, 0xCCCD, 0xCCED,
    0xD56F, 0xD590, 0xD590, 0xD590, 0xDDB1, 0xD5B0, 0xD590, 0xD590, 0xD590, 0xD590, 0xCD4F, 0xCCED, 0xCCCC, 0xD50C, 0xD50C, 0xDD4C,
    0xD50C, 0xCCAB, 0xCCCC, 0xD4EC, 0xD4EC, 0xCCAC, 0xCCCC, 0xCCAC, 0xCC8B, 0xC48B, 0xC4AB, 0xCCAB, 0xCCAB, 0xCCCC, 0xCCCC, 0xCC8B,
    0xCCAB, 0xCCAB, 0xCCCC, 0xCCCC, 0xD4CC, 0xCCCC, 0xD50D, 0xD4ED, 0xD4EC, 0xD4EC, 0xCCAB, 0xCC8B, 0xCC8B, 0xCC8B, 0xCC8B, 0xCCAC,
    0xFF78, 0xFF79, 0xFF99, 0xFF99, 0xFF78, 0xF717, 0xF717, 0xFF78, 0xFF98, 0xFF78, 0xFF58, 0xFF58, 0xF737, 0xF737, 0xF737, 0xF737,
    0xFF58, 0xFF38, 0xF737, 0xF737, 0xFF78, 0xFF79, 0xFF79, 0xF757, 0xF737, 0xF757, 0xF737, 0xF737, 0xF717, 0xF737, 0xFF58, 0xFF57,
    0xF6D5, 0xF6B3, 0xF652, 0xEE11, 0xEE31, 0xE5F0, 0xEDD0, 0xEDF0, 0xEE11, 0xE5AF, 0xEDD0, 0xE5D0, 0xD50D, 0xE5AF, 0xEE10, 0xEDF0,
    0xDD4E, 0xDD6E, 0xEDF0, 0xEDCF, 0xE56E, 0xD50D, 0xE5AF, 0xEE10, 0xEE31, 0xEE11, 0xEE10, 0xE5D0, 0xDD6E, 0xE5D0, 0xF652, 0xF672,
    0xEE52, 0xF672, 0xF693, 0xEE72, 0xF672, 0xEE52, 0xEE32, 0xF672, 0xF672, 0xEE11, 0xEE31, 0xEE31, 0xE5CF, 0xEE11, 0xE5F0, 0xEE31,
    0xF672, 0xEDF0, 0xEE11, 0xF672, 0xF672, 0xF611, 0xEDCF, 0xEE31, 0xF694, 0xF6D5, 0xFF37, 0xF737, 0xFF98, 0xFF99, 0xFF78, 0xFF58,
    0xFF78, 0xFF37, 0xF717, 0xFF98, 0xFFB9, 0xFF99, 0xFF99, 0xFF78, 0xF6F6, 0xFF57, 0xF736, 0xFF57, 0xFF78, 0xFF78, 0xF716, 0xEEF6,
    0xF757, 0xFF98, 0xFF78, 0xFF57, 0xFF78, 0xFF78, 0xFF57, 0xF716, 0xF6F5, 0xFF57, 0xF716, 0xFF57, 0xFF78, 0xFF57, 0xFF57, 0xFF37,
    0xFF36, 0xF716, 0xFF97, 0x9B69, 0x9328, 0xFFDA, 0xFF99, 0xFF99, 0xFF99, 0xFF99, 0xFF79, 0xF717, 0xF6F6, 0xEEB5, 0xEE74, 0xEE53,
    0xE632, 0xDDF1, 0xDDF1, 0xDDD1, 0xDDD1, 0xDDB0, 0xDD8F, 0xDDB0, 0xDDD1, 0xDDD2, 0xDDD2, 0xDDD2, 0xE633, 0x7225, 0x69C2, 0xAB66,
    0x9B26, 0x9B25, 0xA326, 0xAB66, 0xAB66, 0xAB87, 0xAB67, 0xB3A7, 0xB3A7, 0xB3C8, 0xB3A7, 0xAB87, 0xB388, 0xB3A8, 0xB3A8, 0xB3C8,
    0xBBE9, 0xB3E8, 0xB409, 0xBC09, 0xB3E8, 0xB3E8, 0xC4AB, 0xCD2E, 0xCD0D, 0xBC4A, 0xBC09, 0xBC4A, 0xCD0E, 0xD56F, 0xDDB0, 0xDDB0,
    0xDDB0, 0xD5B0, 0xD5B0, 0xD5B0, 0xDDD1, 0xDDD1, 0xDDD1, 0xDDD1, 0xD5D1, 0xDDB1, 0xDDD0, 0xDD8F, 0xDD6E, 0xDDAD, 0xDDAC, 0xDD8C,
    0xD54C, 0xD4EC, 0xCCAB, 0xCCAB, 0xCCCC, 0xCCCC, 0xCCCC, 0xCCAC, 0xCCAB, 0xCCAB, 0xCCAB, 0xCCAB, 0xCCCB, 0xCCCB, 0xCCCB, 0xCCEC,
    0xCCCC, 0xCCCB, 0xCCAB, 0xCCAB, 0xD4EC, 0xD50D, 0xD50D, 0xD50D, 0xD50D, 0xD50D, 0xCCAC, 0xCC8B, 0xCC8B, 0xCC8B, 0xCC8B, 0xD4CC,
    0xFF57, 0xF717, 0xFF57, 0xF758, 0xFF78, 0xFF58, 0xFF99, 0xFF78, 0xF737, 0xF737, 0xF717, 0xEEF7, 0xEEF6, 0xF717, 0xFF58, 0xFF78,
    0xFF58, 0xF737, 0xF737, 0xF737, 0xFF58, 0xFF78, 0xFF78, 0xF737, 0xFF57, 0xFF57, 0xF737, 0xF737, 0xFF57, 0xF716, 0xF737, 0xFF57,
    0xFF36, 0xF693, 0xEE31, 0xE5D0, 0xE5CF, 0xE5D0, 0xE58F, 0xDD6E, 0xF693, 0xFE93, 0xCD0D, 0xCCCC, 0xCCEC, 0xDD6E, 0xD50D, 0xDD6E,
    0xDD6E, 0xE58E, 0xE58E, 0xDD4E, 0xD52D, 0xE58F, 0xE5D0, 0xE5D0, 0xE5F0, 0xEDF0, 0xEE31, 0xE5D0, 0xE5AF, 0xE5F0, 0xEE51, 0xEE52,
    0xE5F0, 0xEE31, 0xF652, 0xF652, 0xF652, 0xEE52, 0xF652, 0xF693, 0xEE31, 0xEE52, 0xF672, 0xEE52, 0xEE52, 0xF652, 0xEE32, 0xF652,
    0xF651, 0xEDF0, 0xF631, 0xEE31, 0xEDF0, 0xE5CF, 0xE58E, 0xEE10, 0xF693, 0xF6F5, 0xFF77, 0xF757, 0xF757, 0xFF78, 0xFF78, 0xFF78,
    0xFF57, 0xF737, 0xFF78, 0xFFB9, 0xFF98, 0xFF78, 0xFF78, 0xF737, 0xFF78, 0xF736, 0xF716, 0xFF77, 0xFF78, 0xF737, 0xF737, 0xF737,
    0xF736, 0xFF58, 0xFF58, 0xFF78, 0xFF78, 0xFF57, 0xFF57, 0xFF37, 0xF737, 0xFF78, 0xFF57, 0xFF78, 0xFF37, 0xFF57, 0xFF57, 0xFF57,
    0xFF37, 0xF716, 0xFF97, 0x8B08, 0x82A6, 0xFFD9, 0xFF79, 0xFF99, 0xFF99, 0xFF99, 0xFF58, 0xF6D5, 0xF6B5, 0xEEB5, 0xEE74, 0xE632,
    0xE612, 0xE5F2, 0xDDD1, 0xDDD1, 0xDDD1, 0xDDB0, 0xDDB0, 0xDDB0, 0xDDB0, 0xDDD2, 0xDDD2, 0xDDD2, 0xE613, 0x7225, 0x69C2, 0xAB66,
    0xA326, 0xA366, 0xAB66, 0xAB66, 0xAB67, 0xB3A7, 0xB3A7, 0xB3A8, 0xB3C7, 0xB3C8, 0xB3A7, 0xAB87, 0xB3E8, 0xBBE8, 0xBBE9, 0xB3E9,
    0xB3E8, 0xBC09, 0xC4CC, 0xCCEC, 0xC4AB, 0xC4AB, 0xCD2E, 0xD58F, 0xD58F, 0xD54F, 0xD54E, 0xD56F, 0xDD90, 0xD5B0, 0xD5B0, 0xDDB0,
    0xDDD0, 0xDDB0, 0xDDD1, 0xDDF1, 0xDDF1, 0xDDF1, 0xDDF1, 0xDDD1, 0xDDF1, 0xDDD1, 0xDDAF, 0xDDAE, 0xE5AD, 0xE5AC, 0xDD8C, 0xDDAC,
    0xDDCF, 0xDDB0, 0xDD8F, 0xD4ED, 0xCCCC, 0xCCCC, 0xCCCC, 0xCCAC, 0xCCAB, 0xCC8B, 0xCCAB, 0xCCAB, 0xCCAB, 0xCC8B, 0xCC8B, 0xD4CC,
    0xCCCC, 0xCCAB, 0xCCAB, 0xCCCC, 0xD50D, 0xDD2E, 0xDD2E, 0xDD2E, 0xDD4E, 0xDD2D, 0xCCCC, 0xCCAB, 0xCCAB, 0xCC8B, 0xCCAB, 0xD4ED,
    0xFF78, 0xF737, 0xFF78, 0xFF58, 0xFF38, 0xFF58, 0xFF58, 0xFF58, 0xFF58, 0xFF78, 0xFF78, 0xFF78, 0xFF58, 0xFF58, 0xFF78, 0xF738,
    0xF717, 0xFF58, 0xFF78, 0xFF58, 0xFF58, 0xFF58, 0xFF58, 0xFF58, 0xFF58, 0xFF57, 0xFF37, 0xFF57, 0xF716, 0xEEF6, 0xF6F6, 0xFF57,
    0xFF16, 0xF673, 0xEE11, 0xEDF0, 0xEE31, 0xEDF0, 0xE5D0, 0xF652, 0xF6B3, 0xDD8F, 0xE5D0, 0xEE11, 0xF631, 0xD54E, 0xD52D, 0xE58F,
    0xDD4E, 0xDD6E, 0xE56E, 0xDD2D, 0xDD4D, 0xE5CF, 0xE5F0, 0xF672, 0xF652, 0xEE31, 0xEE31, 0xEE31, 0xFE93, 0xF672, 0xF693, 0xF672,
    0xEE51, 0xEE52, 0xEE52, 0xF672, 0xF693, 0xEE52, 0xEE31, 0xF652, 0xEE11, 0xE5D0, 0xEE31, 0xEE11, 0xF652, 0xEE31, 0xEE11, 0xE5D0,
    0xE5CF, 0xEE31, 0xF651, 0xEE10, 0xE5CF, 0xE5CF, 0xE5CF, 0xE5CF, 0xEE31, 0xF693, 0xF715, 0xF757, 0xF737, 0xFF58, 0xFF57, 0xFF57,
    0xF757, 0xFF99, 0xFFBA, 0xFFB9, 0xFF78, 0xF736, 0xF736, 0xF737, 0xFF78, 0xF737, 0xFF58, 0xFF99, 0xFF99, 0xFF78, 0xFF57, 0xFF57,
    0xFF57, 0xFF58, 0xF737, 0xFF57, 0xFF58, 0xF737, 0xF717, 0xF737, 0xFF78, 0xFF98, 0xFF77, 0xFF57, 0xF737, 0xFF58, 0xFF57, 0xF737,
    0xFF57, 0xF6D5, 0x9368, 0xB4EF, 0xD5F3, 0xFF78, 0xFF99, 0xFF99, 0xFF99, 0xFF79, 0xF717, 0xF6D6, 0xF6B5, 0xF6B6, 0xEE74, 0xE612,
    0xE612, 0xE612, 0xE5F1, 0xDDD1, 0xDDD1, 0xDDD0, 0xDDB0, 0xDDD0, 0xDDD0, 0xDDD2, 0xDDD2, 0xDDD2, 0xE653, 0x7246, 0x69A2, 0xAB47,
    0xA326, 0xAB87, 0xAB87, 0xAB87, 0xAB87, 0xB3A7, 0xB3A7, 0xB3C8, 0xB3C8, 0xBBE8, 0xB3E8, 0xB3E8, 0xBC09, 0xC429, 0xC46A, 0xC4AB,
    0xC4AB, 0xCD0D, 0xD56F, 0xD58F, 0xD56E, 0xD56F, 0xD58F, 0xDDB0, 0xDDB0, 0xDDB0, 0xDDB0, 0xDDB0, 0xDDB0, 0xDDD1, 0xDDB0, 0xDDB0,
    0xDDD0, 0xDDD1, 0xDDF1, 0xDDF1, 0xDDF1, 0xDDF1, 0xDDD1, 0xDDF1, 0xDDF1, 0xDDD0, 0xDDAD, 0xDD8C, 0xDDAC, 0xE5AC, 0xDDAC, 0xDDAC,
    0xE5F0, 0xE5F1, 0xE611, 0xDD8F, 0xD56E, 0xCCEC, 0xCCAC, 0xCCAC, 0xCCAC, 0xCCAB, 0xCCAB, 0xCCAB, 0xCC8B, 0xCC8B, 0xCC8B, 0xCCAB,
    0xCCCB, 0xCCAB, 0xD4EC, 0xD52D, 0xDD2D, 0xDD2E, 0xDD2E, 0xDD2E, 0xE56F, 0xDD2E, 0xCCCC, 0xCCCC, 0xD4CC, 0xCCAB, 0xCCAC, 0xD4CC,
    0xFF99, 0xFF79, 0xFF58, 0xF758, 0xFF58, 0xFF58, 0xFF58, 0xFF58, 0xFF58, 0xFF79, 0xFF99, 0xFF78, 0xFF37, 0xF717, 0xF717, 0xF717,
    0xF758, 0xFF58, 0xFF78, 0xFF79, 0xFF58, 0xFF58, 0xFF58, 0xFF58, 0xFF57, 0xF737, 0xF716, 0xF716, 0xF716, 0xF716, 0xF6F6, 0xF736,
    0xF6D4, 0xE611, 0xEDF0, 0xEE10, 0xF631, 0xF651, 0xF652, 0xEE31, 0xD52E, 0xD50D, 0xEE11, 0xF652, 0xF652, 0xEE11, 0xE5AF, 0xD4ED,
    0xCCCC, 0xDD2D, 0xDD4E, 0xD50D, 0xDD2D, 0xE58F, 0xE5AF, 0xEE11, 0xF672, 0xF672, 0xEE31, 0xEE11, 0xEE31, 0xEE51, 0xF672, 0xF672,
    0xF672, 0xF693, 0xF693, 0xF672, 0xEE52, 0xF672, 0xEE10, 0xE5CF, 0xE5D0, 0xEDF0, 0xF651, 0xF651, 0xEE31, 0xEE31, 0xE5CF, 0xDD8E,
    0xE5F0, 0xF651, 0xEE31, 0xEDF0, 0xE5CF, 0xE5AF, 0xEDF0, 0xEDCF, 0xEDF0, 0xEDF0, 0xF693, 0xF6D4, 0xFF37, 0xF737, 0xF716, 0xF737,
    0xFF57, 0xFF98, 0xFF99, 0xFF99, 0xFF57, 0xEEF5, 0xF736, 0xFF78, 0xF716, 0xF716, 0xFF58, 0xFF99, 0xFF78, 0xF737, 0xF737, 0xFF78,
    0xFF57, 0xF737, 0xEED5, 0xF717, 0xFF37, 0xF716, 0xF717, 0xF717, 0xFF58, 0xFF78, 0xFF57, 0xFF57, 0xFF57, 0xFF57, 0xFF57, 0xFF57,
    0xFF57, 0xF736, 0x69C3, 0xD633, 0xFFFA, 0xF6F5, 0xFF57, 0xFF79, 0xFF99, 0xFF79, 0xF6D6, 0xF6D6, 0xF6B5, 0xF6B5, 0xEE74, 0xE612,
    0xE612, 0xE612, 0xE612, 0xE5F2, 0xE5F2, 0xDDD0, 0xD5B0, 0xDDD0, 0xDDD1, 0xDDB1, 0xD5B1, 0xDDD1, 0xB44C, 0x5941, 0x71E3, 0xAB67,
    0xA346, 0xAB87, 0xAB67, 0xAB87, 0xAB87, 0xB3C8, 0xB3C8, 0xB3C8, 0xB3E8, 0xBC29, 0xBC29, 0xC44A, 0xC48B, 0xCCEC, 0xCD0D, 0xD56F,
    0xD56F, 0xD5B0, 0xDDB0, 0xD5B0, 0xD5B0, 0xD5B0, 0xD590, 0xD5B1, 0xDDB1, 0xDDB1, 0xDDD1, 0xDDD1, 0xDDD1, 0xDDD1, 0xDDD1, 0xDDD1,
    0xDDF1, 0xDDF1, 0xDDF1, 0xDDF1, 0xDDF2, 0xDDF1, 0xDDF1, 0xDDF1, 0xDDF1, 0xE5F1, 0xE5CE, 0xDDAC, 0xE5AC, 0xE5AC, 0xDDAC, 0xDDAC,
    0xE5CE, 0xE5F1, 0xE611, 0xE611, 0xE611, 0xD56F, 0xD52E, 0xCCCC, 0xCCCC, 0xCCCB, 0xCCCB, 0xCCAB, 0xCCAB, 0xCC8B, 0xCC8B, 0xCCCB,
    0xCCCB, 0xCCCB, 0xD50C, 0xDD2D, 0xDD2E, 0xDD2E, 0xD50D, 0xD50D, 0xD52D, 0xD50D, 0xCCAC, 0xCCAC, 0xD4CC, 0xCCAC, 0xCCAC, 0xCCAC,
    0xFF37, 0xFF58, 0xF717, 0xF717, 0xFF78, 0xFF58, 0xFF58, 0xF717, 0xF738, 0xFF58, 0xFF78, 0xFF37, 0xF716, 0xF716, 0xF737, 0xF737,
    0xFF78, 0xFF78, 0xFF78, 0xF717, 0xF717, 0xFF57, 0xFF57, 0xF717, 0xF6F6, 0xF716, 0xF716, 0xF716, 0xFF37, 0xFF78, 0xFF58, 0xFF37,
    0xF6B4, 0xEE52, 0xF652, 0xEE11, 0xF631, 0xE5AF, 0xE58F, 0xE58F, 0xE5AF, 0xF652, 0xEE11, 0xEE31, 0xF631, 0xE5AF, 0xCCEC, 0xCCEC,
    0xDD8E, 0xE58F, 0xDD2D, 0xD4EC, 0xE58F, 0xE5D0, 0xDDAF, 0xE5AF, 0xE5D0, 0xEE31, 0xF652, 0xEE11, 0xEE51, 0xEE32, 0xF672, 0xF672,
    0xF693, 0xFED4, 0xFED4, 0xF672, 0xEE31, 0xF673, 0xE5F0, 0xF652, 0xF693, 0xF672, 0xF672, 0xF651, 0xEE11, 0xF631, 0xE5F0, 0xEDF0,
    0xEE10, 0xEDF0, 0xE5D0, 0xEDF0, 0xEDF0, 0xE5AF, 0xE5AF, 0xEDD0, 0xEDD0, 0xE5AF, 0xEDD0, 0xEE72, 0xFF57, 0xF716, 0xEEB5, 0xFF78,
    0xFF98, 0xFF78, 0xFF78, 0xFF78, 0xFF77, 0xFF57, 0xFF57, 0xF716, 0xF716, 0xF736, 0xFF57, 0xFF78, 0xFF57, 0xF737, 0xFF98, 0xF737,
    0xEED6, 0xEEB5, 0xF737, 0xFF57, 0xF6F6, 0xFF57, 0xFF58, 0xF757, 0xFF98, 0xFF98, 0xFF78, 0xFF58, 0xFF57, 0xFF57, 0xFF57, 0xFF78,
    0xF736, 0xDE53, 0x8308, 0xCDF2, 0xFFB8, 0xF652, 0xF6F4, 0xFF57, 0xFF79, 0xFF58, 0xF6D6, 0xF6D6, 0xF6B5, 0xF6B6, 0xEE74, 0xE633,
    0xE612, 0xE612, 0xE612, 0xE5F2, 0xE5F2, 0xDDD0, 0xD58F, 0xD590, 0xD5B0, 0xD590, 0xD590, 0xD5B1, 0xA3C9, 0x69E3, 0x71E3, 0xAB87,
    0xAB87, 0xAB87, 0xAB87, 0xAB87, 0xAB87, 0xB3E9, 0xBC09, 0xB3E8, 0xB3E8, 0xC46A, 0xC4AB, 0xC48B, 0xCD0D, 0xCD4F, 0xCD6F, 0xD590,
    0xD590, 0xD590, 0xD590, 0xD5B0, 0xD5B0, 0xD5B0, 0xD5B0, 0xDDB0, 0xDDB0, 0xDDD1, 0xDDD1, 0xDDD1, 0xDDD1, 0xDDD1, 0xDDF1, 0xDDF1,
    0xDDF2, 0xDDF2, 0xDDF1, 0xDDF1, 0xE612, 0xE612, 0xDDF1, 0xDDF2, 0xDDF1, 0xDDCF, 0xE5CE, 0xE5CD, 0xE5AC, 0xE5AC, 0xE5AC, 0xE5AC,
    0xE5CF, 0xE611, 0xE611, 0xE611, 0xE612, 0xE632, 0xE5F1, 0xD54E, 0xD50D, 0xD4EC, 0xCCCB, 0xCCAB, 0xCCAB, 0xCCAB, 0xD4CB, 0xD4EC,
    0xD4CC, 0xD4CC, 0xDD2D, 0xDD4E, 0xDD4E, 0xDD2E, 0xDD2E, 0xD4EC, 0xCCCC, 0xD4EC, 0xCCAB, 0xCCAB, 0xD4CC, 0xCCCC, 0xCCCC, 0xCCCC,
    0xF737, 0xFF58, 0xFF78, 0xFF58, 0xFF78, 0xFF58, 0xFF58, 0xFF58, 0xFF79, 0xFF79, 0xFF38, 0xF737, 0xEED6, 0xF716, 0xFF58, 0xFF78,
    0xFF58, 0xFF78, 0xF716, 0xEEF5, 0xF737, 0xF737, 0xF717, 0xEED5, 0xEEB5, 0xEED5, 0xFF37, 0xFF57, 0xFF78, 0xFF9A, 0xFFB9, 0xFF57,
    0xF6F5, 0xFEF5, 0xF692, 0xEE10, 0xD54E, 0xDD6E, 0xEDD0, 0xEDF0, 0xEDF0, 0xF631, 0xF672, 0xE5D0, 0xEDD0, 0xDD6E, 0xE58F, 0xEE10,
    0xE5CF, 0xE58E, 0xDD4D, 0xE58E, 0xE5CF, 0xE5F0, 0xE5F0, 0xDD8E, 0xDD6E, 0xEE31, 0xF652, 0xF652, 0xEE31, 0xEE31, 0xF672, 0xF672,
    0xF693, 0xF673, 0xF693, 0xF693, 0xEE51, 0xEE52, 0xEE31, 0xF693, 0xF672, 0xF652, 0xEE31, 0xEDF1, 0xEE11, 0xF632, 0xF652, 0xEE11,
    0xE5D0, 0xE5D0, 0xEDF0, 0xE5CF, 0xEDF0, 0xEDF0, 0xEDF0, 0xEE10, 0xE5AF, 0xE5AF, 0xEDF0, 0xF6B3, 0xF6F5, 0xFF16, 0xFF57, 0xFFB9,
    0xFFB9, 0xFFB9, 0xFF98, 0xFF78, 0xF736, 0xF6F6, 0xF6F6, 0xFF37, 0xFF57, 0xFF57, 0xFF98, 0xFF98, 0xFF78, 0xFF78, 0xFF78, 0xF737,
    0xF6F6, 0xF737, 0xFF78, 0xFF57, 0xFF57, 0xFF58, 0xF737, 0xF757, 0xFF98, 0xFF78, 0xFF57, 0xFF57, 0xFF37, 0xFF57, 0xF737, 0xFF98,
    0xE694, 0x7A65, 0xE6F6, 0xFFD9, 0xF715, 0xF671, 0xEE31, 0xEE93, 0xFF78, 0xFF78, 0xF6F6, 0xF6B5, 0xEEB5, 0xF6B5, 0xEE74, 0xE633,
    0xE612, 0xE612, 0xE612, 0xE612, 0xE612, 0xDDD0, 0xD58F, 0xD58F, 0xD58F, 0xD590, 0xD56F, 0xCD2E, 0xDDAF, 0xB44B, 0x69A2, 0xAB87,
    0xAB87, 0xAB87, 0xAB87, 0xAB87, 0xABA7, 0xBC29, 0xBC6A, 0xC4AB, 0xC4AB, 0xCD0D, 0xD56F, 0xD56F, 0xD58F, 0xD56F, 0xD56F, 0xD590,
    0xD5B0, 0xD5B0, 0xD5B0, 0xD590, 0xD5B0, 0xD5B0, 0xD5B0, 0xDDB0, 0xDDD0, 0xDDD1, 0xDDD1, 0xDDD1, 0xDDD1, 0xDDD1, 0xDDF1, 0xDDF2,
    0xDDF2, 0xDDF2, 0xDDF2, 0xDDF2, 0xDDF2, 0xE612, 0xDDF1, 0xDDF2, 0xDDF1, 0xDDCE, 0xDDCD, 0xE5CD, 0xE5CC, 0xE5AC, 0xE5AC, 0xE5CC,
    0xE5F0, 0xE612, 0xE612, 0xE612, 0xE612, 0xE612, 0xE632, 0xE612, 0xE5D0, 0xDD6E, 0xD50C, 0xCCCB, 0xCCCB, 0xD4CB, 0xD4EC, 0xD4EC,
    0xD50C, 0xD50D, 0xDD4E, 0xDD6E, 0xDD2E, 0xD50D, 0xD50D, 0xD4EC, 0xD4CC, 0xD4CC, 0xCCAB, 0xCCAB, 0xD4CC, 0xCCAC, 0xCCCC, 0xD4EC,
    0xFF57, 0xF737, 0xFF58, 0xFF78, 0xFF78, 0xFF78, 0xFF78, 0xFF78, 0xFF79, 0xFF79, 0xFF58, 0xF6F6, 0xF717, 0xF737, 0xF737, 0xF758,
    0xFF38, 0xF717, 0xEEF6, 0xFF58, 0xFF78, 0xFF78, 0xFF78, 0xF737, 0xFF37, 0xFF37, 0xFF37, 0xFF58, 0xFF78, 0xFF78, 0xF737, 0xF737,
    0xFF16, 0xF673, 0xEE11, 0xDD8F, 0xDD6E, 0xE58F, 0xE5AF, 0xE5AF, 0xEDF0, 0xF631, 0xEE31, 0xE5D0, 0xE5AF, 0xE5D0, 0xEDF0, 0xE5AF,
    0xDD6E, 0xDD6E, 0xDD4E, 0xDD4D, 0xE5AF, 0xE5D0, 0xEE10, 0xE5CF, 0xE5AF, 0xEE31, 0xEE10, 0xE5F0, 0xE5F0, 0xEE52, 0xFEB3, 0xF673,
    0xF673, 0xEE32, 0xEE52, 0xF652, 0xF672, 0xF652, 0xF652, 0xF652, 0xF652, 0xF631, 0xE5F0, 0xEE11, 0xEDF0, 0xEE10, 0xEE31, 0xE5D0,
    0xE58F, 0xEDF0, 0xEE10, 0xEDF0, 0xEDF0, 0xE5AF, 0xEDF0, 0xF651, 0xEDF0, 0xEE11, 0xEE11, 0xEE31, 0xEE32, 0xF694, 0xFF37, 0xFF58,
    0xFF98, 0xFF99, 0xFF98, 0xFF57, 0xEEB5, 0xEEB5, 0xF737, 0xFF78, 0xFF57, 0xFF78, 0xFF98, 0xFF78, 0xFF78, 0xF757, 0xFF58, 0xFF58,
    0xFF78, 0xFF78, 0xFF78, 0xFF78, 0xFF78, 0xFF58, 0xFF58, 0xFF78, 0xFF78, 0xF717, 0xFF37, 0xFF78, 0xFF57, 0xFF58, 0xFF78, 0xFFB9,
    0xEEB5, 0x7A44, 0xEEF6, 0xFFF9, 0xF6D3, 0xF62F, 0xE5AD, 0xE5AE, 0xEDEF, 0xDD8F, 0xF6B5, 0xF717, 0xF6F6, 0xF6D6, 0xEE74, 0xE632,
    0xE612, 0xE612, 0xDDD1, 0xDDD1, 0xDDD1, 0xDDB0, 0xDDB0, 0xD5AF, 0xD5AF, 0xD56E, 0xCD0D, 0xCD0D, 0xDD6F, 0xABEA, 0x6182, 0xAB87,
    0xAB67, 0xAB87, 0xAB87, 0xB409, 0xC46A, 0xC48B, 0xC4CC, 0xCD2E, 0xCD6E, 0xCD4F, 0xD56F, 0xD56F, 0xD590, 0xD590, 0xD590, 0xD5B0,
    0xD5B0, 0xD5B1, 0xD5B0, 0xD5B0, 0xD5B0, 0xDDB0, 0xDDD1, 0xDDD1, 0xDDD1, 0xDDD1, 0xDDD1, 0xDDD1, 0xDDD1, 0xDDF1, 0xDDF2, 0xDDF2,
    0xE612, 0xDDF2, 0xDDF2, 0xE612, 0xE612, 0xE612, 0xE612, 0xE612, 0xE5F1, 0xE5EF, 0xE5CD, 0xE5CD, 0xE5CC, 0xE5AC, 0xE5AC, 0xE5CC,
    0xE610, 0xE612, 0xE612, 0xE632, 0xE632, 0xE632, 0xE632, 0xE632, 0xE612, 0xE5F0, 0xDD6E, 0xD50C, 0xD50C, 0xDD4D, 0xD50C, 0xCCCB,
    0xDD0D, 0xD50D, 0xD52D, 0xD52D, 0xD4ED, 0xD4EC, 0xD4EC, 0xD4EC, 0xD4EC, 0xD4EC, 0xCCAB, 0xCC8B, 0xCCAB, 0xD4EC, 0xD4EC, 0xD4EC,
    0xF758, 0xF738, 0xFF58, 0xFF58, 0xFF37, 0xFF37, 0xF717, 0xFF37, 0xF737, 0xF737, 0xEEF6, 0xF716, 0xFF17, 0xF717, 0xF738, 0xFF58,
    0xF737, 0xF717, 0xF717, 0xFF78, 0xFF58, 0xF737, 0xF6F6, 0xF717, 0xFF57, 0xFF78, 0xFF57, 0xF717, 0xF716, 0xEEF5, 0xEEB5, 0xF737,
    0xFF37, 0xE611, 0xDD6E, 0xE5CF, 0xEDF0, 0xDD6E, 0xE5AF, 0xD54E, 0xDD8F, 0xF611, 0xEE10, 0xF631, 0xEDF0, 0xEDF0, 0xEE10, 0xE5AF,
    0xDD6E, 0xDD6E, 0xD52D, 0xDD6E, 0xE5AF, 0xE5AF, 0xEDF0, 0xEDF0, 0xEDF0, 0xEE10, 0xEE10, 0xEDF1, 0xEE31, 0xEE51, 0xEE52, 0xF673,
    0xF652, 0xF672, 0xF693, 0xF672, 0xEE51, 0xEE31, 0xEE31, 0xEE31, 0xEDF0, 0xE5F0, 0xEE11, 0xEE11, 0xEE10, 0xDD8E, 0xDD8E, 0xDD6E,
    0xDD8E, 0xEDF0, 0xEE10, 0xEE10, 0xEE10, 0xE5AF, 0xEDD0, 0xEE31, 0xEE11, 0xEE11, 0xEE11, 0xEDF0, 0xEE31, 0xEEB4, 0xF716, 0xF737,
    0xFF98, 0xFF78, 0xFF78, 0xF716, 0xEED6, 0xF6F6, 0xFF57, 0xFF57, 0xFF37, 0xFF78, 0xFF99, 0xFF78, 0xFF78, 0xFF58, 0xFF58, 0xFF78,
    0xFF78, 0xFF78, 0xFF58, 0xFF78, 0xFF78, 0xFF78, 0xFF78, 0xFF78, 0xFF57, 0xEEF6, 0xFF57, 0xFF57, 0xF737, 0xF737, 0xFF57, 0xFF98,
    0xEEB5, 0x7A44, 0xEED5, 0xFFD9, 0xF6B2, 0xFE2F, 0xEDCE, 0xED8C, 0xE54C, 0xDCEA, 0xDDAF, 0xDDF1, 0xDDB0, 0xEE53, 0xF694, 0xEE53,
    0xE632, 0xE612, 0xDDF1, 0xDDD1, 0xDDD0, 0xDDD1, 0xD54E, 0xCCCC, 0xCCEC, 0xCCCB, 0xC4CB, 0xCCED, 0xD56F, 0xAC0A, 0x6182, 0xA387,
    0xA367, 0xB409, 0xBC4A, 0xBC6B, 0xC48B, 0xC4AC, 0xCD4E, 0xCD6E, 0xCD6F, 0xCD6F, 0xD58F, 0xD58F, 0xD590, 0xD590, 0xD5B0, 0xD5B0,
    0xD5B0, 0xD5B0, 0xD5B0, 0xD5B1, 0xD5B0, 0xDDB0, 0xD5B0, 0xDDB0, 0xDDD1, 0xDDD1, 0xDDF1, 0xDDF1, 0xDDF1, 0xDDF2, 0xDDF2, 0xE5F2,
    0xE612, 0xE612, 0xE612, 0xE612, 0xE612, 0xE5F2, 0xDDF2, 0xE5F2, 0xE5F1, 0xE5F0, 0xE5CD, 0xE5CC, 0xE5CC, 0xE5CC, 0xE5CC, 0xE5CE,
    0xE611, 0xE612, 0xE612, 0xE612, 0xE612, 0xE632, 0xE632, 0xE632, 0xE632, 0xEE32, 0xE5D0, 0xE5B0, 0xE5D0, 0xE5F0, 0xDD8F, 0xD52D,
    0xDD6E, 0xE5AF, 0xDD8F, 0xDD4E, 0xDD2D, 0xD50D, 0xD4EC, 0xD4EC, 0xD4EC, 0xD4EC, 0xD4CC, 0xCCAB, 0xCCCB, 0xD4EC, 0xD50D, 0xD50D,
    0xFFB9, 0xFF9A, 0xFF78, 0xF737, 0xF737, 0xF717, 0xF716, 0xF717, 0xF716, 0xEEF6, 0xEEF5, 0xF6F6, 0xF716, 0xF737, 0xF758, 0xFF58,
    0xFF58, 0xFF78, 0xFF78, 0xFF79, 0xFF79, 0xFF58, 0xEED6, 0xE694, 0xEED6, 0xF716, 0xF716, 0xF716, 0xF717, 0xF737, 0xFF37, 0xFF58,
    0xF716, 0xEE73, 0xF672, 0xE5CF, 0xDD6E, 0xE5AF, 0xF651, 0xF611, 0xE5AF, 0xE58F, 0xEDD0, 0xEE11, 0xE5AF, 0xE5AF, 0xE5AF, 0xE56E,
    0xDD6E, 0xE56E, 0xDD6E, 0xEDF0, 0xEDF0, 0xE58F, 0xEDF0, 0xEE52, 0xF651, 0xEE31, 0xF652, 0xEE32, 0xEE11, 0xEE31, 0xF673, 0xF673,
    0xEE32, 0xF672, 0xE611, 0xEE11, 0xF652, 0xF631, 0xF631, 0xEE11, 0xE5D0, 0xEDF0, 0xEE10, 0xE58F, 0xEDF0, 0xEDF0, 0xE58E, 0xDD6E,
    0xE58F, 0xEDAF, 0xE58F, 0xEE10, 0xF651, 0xEE10, 0xEE10, 0xEE31, 0xF651, 0xF672, 0xF651, 0xEE11, 0xF6B3, 0xFF36, 0xFF78, 0xFFB9,
    0xFF98, 0xFF57, 0xF736, 0xF737, 0xFF98, 0xFF37, 0xFF37, 0xFF78, 0xFF58, 0xFF58, 0xFF57, 0xFF78, 0xFF78, 0xFF58, 0xFF78, 0xFF57,
    0xFF57, 0xF757, 0xFF58, 0xFF78, 0xFF99, 0xFF99, 0xFF78, 0xFF58, 0xF757, 0xF716, 0xFF98, 0xFF58, 0xFF57, 0xFF57, 0xFF78, 0xFFB9,
    0xEED5, 0x7A44, 0xEED5, 0xFFD9, 0xF6B2, 0xF64F, 0xF691, 0xEE2F, 0xE58C, 0xE56C, 0xBC28, 0xBC08, 0xBC09, 0xC4AC, 0xD54E, 0xD52E,
    0xDDB0, 0xDDF1, 0xD52E, 0xD50E, 0xCD0E, 0xCD2E, 0xCCEC, 0xC46A, 0xCC6A, 0xC46A, 0xC48B, 0xCCED, 0xD56F, 0xAC0A, 0x6162, 0xB3E9,
    0xB409, 0xBC8B, 0xC4AB, 0xC4AC, 0xC4AC, 0xC4ED, 0xCD6E, 0xCD4F, 0xCD6E, 0xD590, 0xD5B0, 0xD590, 0xD5B0, 0xD5B0, 0xD5B0, 0xD5B0,
    0xD5B0, 0xD5B0, 0xD590, 0xD5B0, 0xD5B0, 0xDDB0, 0xDDB0, 0xDDB0, 0xDDB1, 0xDDD1, 0xDDF1, 0xDDF1, 0xDDF1, 0xDDF1, 0xDDF2, 0xDE12,
    0xE612, 0xE612, 0xE612, 0xE612, 0xE612, 0xDE12, 0xDDF1, 0xDDF1, 0xDDF1, 0xE5F0, 0xE5CD, 0xE5CC, 0xE5CC, 0xE5CC, 0xE5CC, 0xE5EF,
    0xE632, 0xE612, 0xE612, 0xE632, 0xE632, 0xE632, 0xE632, 0xE633, 0xE633, 0xE633, 0xE653, 0xE653, 0xE632, 0xE632, 0xE611, 0xE5F0,
    0xE612, 0xE652, 0xE632, 0xDDB0, 0xE5B0, 0xDD6F, 0xD50D, 0xD4EC, 0xD4EC, 0xD4EC, 0xD4CC, 0xD4CC, 0xD4CC, 0xD4CC, 0xD50D, 0xD50D,
    0xFF78, 0xFF99, 0xFF99, 0xFF79, 0xFF58, 0xFF79, 0xFF79, 0xF737, 0xF6F6, 0xEED5, 0xF6F5, 0xF6F5, 0xF737, 0xFF58, 0xFF78, 0xFF58,
    0xFF58, 0xFF78, 0xFF78, 0xFF79, 0xFF58, 0xF738, 0xF758, 0xF758, 0xF758, 0xF758, 0xF738, 0xFF78, 0xFF78, 0xFF58, 0xFF37, 0xF716,
    0xF6D5, 0xF6F4, 0xEE51, 0xD50C, 0xDD4E, 0xEDF0, 0xF610, 0xEDF0, 0xE58F, 0xDD4E, 0xDD8F, 0xEE11, 0xE5D0, 0xEE31, 0xDD4E, 0xCCAB,
    0xD50C, 0xE56E, 0xF610, 0xF652, 0xE5D0, 0xE5D0, 0xF652, 0xF672, 0xF652, 0xEE51, 0xF672, 0xEE52, 0xF672, 0xEE52, 0xEE32, 0xF672,
    0xF693, 0xF693, 0xEE31, 0xF673, 0xF693, 0xE5D0, 0xEE11, 0xEE11, 0xEDD0, 0xE5D0, 0xDD6E, 0xE58F, 0xEDF0, 0xEE10, 0xEDF0, 0xE58E,
    0xE5CF, 0xEDD0, 0xEDF0, 0xF672, 0xF672, 0xEE10, 0xEE31, 0xF672, 0xF692, 0xF692, 0xEE31, 0xEE31, 0xF672, 0xF6B3, 0xF736, 0xFFB9,
    0xFF98, 0xFF78, 0xFF78, 0xFF98, 0xFF98, 0xF717, 0xF716, 0xF737, 0xF757, 0xFF57, 0xEEF6, 0xF757, 0xF737, 0xFF78, 0xF737, 0xE694,
    0xE674, 0xE674, 0xF6F6, 0xFF98, 0xFF99, 0xFF78, 0xF737, 0xF737, 0xF737, 0xF716, 0xFF57, 0xFF58, 0xFF57, 0xF737, 0xF737, 0xFF78,
    0xE6B5, 0x7A44, 0xEED5, 0xFFD9, 0xF692, 0xF691, 0xFF54, 0xF6D2, 0xE54C, 0xE54C, 0xE54B, 0xE54C, 0xDD0C, 0xBC29, 0xBC29, 0xBC09,
    0xC46A, 0xC4AB, 0xBC4A, 0xC429, 0xC429, 0xC429, 0xC46A, 0xCC6A, 0xCC8A, 0xC48A, 0xC4AB, 0xCCED, 0xD56F, 0xB42B, 0x6162, 0xBC8B,
    0xC4CC, 0xC4AC, 0xC4AC, 0xCD4E, 0xCD4E, 0xCD6E, 0xCD6E, 0xCD6F, 0xD56F, 0xD590, 0xD590, 0xD590, 0xD5B0, 0xD5B0, 0xD5B0, 0xD5B0,
    0xD5B0, 0xD5B0, 0xD5B0, 0xD5B0, 0xD5B0, 0xDDD1, 0xDDD1, 0xDDD1, 0xDDD1, 0xDDD1, 0xDDF2, 0xDDF1, 0xDDF1, 0xDDF1, 0xE612, 0xDDF2,
    0xE612, 0xE612, 0xE612, 0xE612, 0xE612, 0xE612, 0xE5F2, 0xE5F2, 0xE5F0, 0xE5EE, 0xE5ED, 0xE5CC, 0xE5CC, 0xE5CC, 0xE5CC, 0xE5EF,
    0xE632, 0xE632, 0xE632, 0xE632, 0xE632, 0xE632, 0xE632, 0xE632, 0xE653, 0xE653, 0xE653, 0xE653, 0xE633, 0xE633, 0xEE32, 0xE653,
    0xE633, 0xE633, 0xE653, 0xE632, 0xE632, 0xDD8F, 0xD50D, 0xD4EC, 0xD4EC, 0xD4EC, 0xD4CC, 0xD4CC, 0xD4EC, 0xD4EC, 0xD4ED, 0xCCAC,
    0xFF99, 0xFF99, 0xFF79, 0xFF58, 0xFF78, 0xFF99, 0xFF79, 0xF717, 0xF717, 0xEEF6, 0xF716, 0xF716, 0xFF58, 0xFF79, 0xFF58, 0xF738,
    0xFF58, 0xFF78, 0xFF78, 0xFF58, 0xF717, 0xFF78, 0xFFBA, 0xFFB9, 0xFFB9, 0xFFB9, 0xFFB9, 0xFF99, 0xFF78, 0xFF78, 0xFF57, 0xF716,
    0xF6D5, 0xF6B4, 0xEE11, 0xDD6E, 0xEE10, 0xF610, 0xE58E, 0xDD6E, 0xE56E, 0xE58F, 0xEE31, 0xF673, 0xF693, 0xFE92, 0xDD6E, 0xCC8B,
    0xD50D, 0xE56E, 0xF610, 0xEE11, 0xEE31, 0xFED4, 0xF672, 0xEDF0, 0xEE31, 0xF652, 0xF672, 0xF672, 0xEE11, 0xE5D0, 0xEE11, 0xF672,
    0xEE52, 0xF693, 0xFEB4, 0xFED4, 0xEE32, 0xD52D, 0xE5AF, 0xEDD0, 0xE58F, 0xD52D, 0xE5D0, 0xF651, 0xEE31, 0xEE31, 0xEDF0, 0xE5CF,
    0xF631, 0xF651, 0xF652, 0xEE51, 0xEE31, 0xF652, 0xF672, 0xF672, 0xEE31, 0xF672, 0xF672, 0xF672, 0xF651, 0xE5F0, 0xF6D4, 0xFF78,
    0xF737, 0xFF57, 0xFF78, 0xFF98, 0xFF98, 0xFF58, 0xF758, 0xFF98, 0xFF99, 0xFF99, 0xFF58, 0xFF78, 0xFF58, 0xFF98, 0xFF57, 0xF6D5,
    0xEEB5, 0xEE94, 0xF716, 0xFF57, 0xFF57, 0xFF78, 0xF757, 0xF737, 0xF717, 0xFF37, 0xFF78, 0xFF57, 0xFF58, 0xF737, 0xF717, 0xFF78,
    0xEED5, 0x8265, 0xEED5, 0xFFB9, 0xFF56, 0xFF56, 0xFF96, 0xF6F3, 0xE54B, 0xE54C, 0xE54B, 0xD4EA, 0xD4CB, 0xD4CB, 0xD4CB, 0xCC6A,
    0xBC29, 0xBC08, 0xBC08, 0xBC08, 0xBC08, 0xC429, 0xC449, 0xCC6A, 0xCC8A, 0xCC8A, 0xC48A, 0xCCCC, 0xD56E, 0xB44B, 0x6162, 0xB46B,
    0xC4CC, 0xBCAC, 0xC4AC, 0xCD4E, 0xCD6E, 0xCD4E, 0xCD6F, 0xD58F, 0xD590, 0xD590, 0xD590, 0xD590, 0xD5B0, 0xD5B0, 0xD5B0, 0xD5B0,
    0xD5B0, 0xDDD1, 0xD5B0, 0xD5B0, 0xDDD0, 0xDDD1, 0xDDD1, 0xDDD1, 0xDDF1, 0xDDF2, 0xDDF2, 0xDDF1, 0xDDF1, 0xE612, 0xE612, 0xE612,
    0xE612, 0xDDF2, 0xE612, 0xE612, 0xE612, 0xE612, 0xE612, 0xE5F1, 0xE5EF, 0xE5CD, 0xE5CD, 0xE5CC, 0xE5CC, 0xE5CC, 0xE5EF, 0xE611,
    0xE632, 0xE632, 0xE632, 0xE632, 0xE632, 0xE633, 0xE632, 0xE632, 0xE633, 0xE653, 0xE653, 0xE653, 0xE653, 0xE653, 0xE633, 0xEE53,
    0xEE53, 0xE633, 0xE653, 0xE653, 0xEE53, 0xE632, 0xE5AF, 0xD50D, 0xD4CC, 0xD4CC, 0xD4CC, 0xD4EC, 0xD50C, 0xD52D, 0xDD2E, 0xCCCC,
    0xFFBA, 0xFFBA, 0xFF99, 0xFF79, 0xFF99, 0xFF99, 0xFF99, 0xFF58, 0xF737, 0xF737, 0xF737, 0xFF58, 0xFF79, 0xFF59, 0xF738, 0xF737,
    0xFF79, 0xFF58, 0xF717, 0xEED6, 0xEEB6, 0xF738, 0xFF78, 0xFF78, 0xFF99, 0xFF79, 0xFF99, 0xFF58, 0xFF78, 0xFF79, 0xFF78, 0xFF78,
    0xF6F5, 0xEEB4, 0xF6B4, 0xF6B4, 0xFEB3, 0xE5CF, 0xE58F, 0xE56E, 0xDD8F, 0xEDF0, 0xFE93, 0xF693, 0xF693, 0xEE10, 0xDD4E, 0xE58F,
    0xE58F, 0xEDCF, 0xEDD0, 0xF631, 0xF692, 0xF672, 0xF652, 0xEE31, 0xF651, 0xEE52, 0xEE31, 0xF651, 0xEE11, 0xEE11, 0xF693, 0xF672,
    0xEE31, 0xF693, 0xF693, 0xF651, 0xE5D0, 0xE5AF, 0xE5D0, 0xE5AF, 0xE5CF, 0xF651, 0xF672, 0xEE11, 0xEE11, 0xE5CF, 0xDD6E, 0xE58F,
    0xEDF0, 0xEE31, 0xEE11, 0xEE31, 0xF672, 0xF652, 0xF672, 0xF672, 0xEE31, 0xF651, 0xF672, 0xF672, 0xEE31, 0xEE31, 0xF6F4, 0xF6F5,
    0xF716, 0xF736, 0xFF57, 0xFF78, 0xFF58, 0xFF99, 0xFF99, 0xFF99, 0xFF78, 0xFF78, 0xFF78, 0xFF78, 0xFF78, 0xF737, 0xF717, 0xF716,
    0xF6F6, 0xEEB5, 0xF716, 0xFF57, 0xFF78, 0xFF58, 0xFF78, 0xFF98, 0xFF78, 0xFF78, 0xFF98, 0xFF58, 0xFF78, 0xFF78, 0xFF57, 0xFFB9,
    0xEEB5, 0x7A24, 0xEEF5, 0xFFB8, 0xFF77, 0xFF77, 0xFF98, 0xFED2, 0xE54B, 0xDD0B, 0xDD0B, 0xD4CA, 0xD4CA, 0xD4AA, 0xCC69, 0xCC69,
    0xC449, 0xC449, 0xC429, 0xBC08, 0xC428, 0xC428, 0xC449, 0xCC8A, 0xCCAA, 0xCC8A, 0xCC8A, 0xCCAB, 0xD54E, 0xBC8C, 0x6182, 0xB44B,
    0xC4CC, 0xC50D, 0xCD2E, 0xCD4E, 0xCD6E, 0xCD4E, 0xD56F, 0xD590, 0xD590, 0xD590, 0xD5B0, 0xDDD1, 0xDDD0, 0xD5B0, 0xD5B0, 0xD5B1,
    0xD5B1, 0xDDD1, 0xDDD1, 0xD5B0, 0xDDD0, 0xDDD1, 0xDDD1, 0xDDD1, 0xDDF1, 0xDDF2, 0xDDF2, 0xDDF1, 0xDDF1, 0xDDF2, 0xE612, 0xE612,
    0xE612, 0xDE12, 0xDDF2, 0xDE12, 0xE612, 0xE612, 0xE611, 0xE5F0, 0xE5EE, 0xE5ED, 0xE5ED, 0xE5ED, 0xE5CC, 0xE5CC, 0xE610, 0xE632,
    0xE632, 0xE632, 0xE632, 0xE632, 0xE632, 0xE633, 0xE653, 0xE653, 0xE653, 0xE653, 0xEE53, 0xEE53, 0xEE53, 0xEE53, 0xE653, 0xEE53,
    0xE653, 0xE653, 0xE653, 0xEE53, 0xEE53, 0xEE73, 0xEE32, 0xE5D0, 0xDDAF, 0xDD8F, 0xCD0D, 0xCCCB, 0xD50D, 0xDD2D, 0xDD2E, 0xD50D,
    0xFF78, 0xFF79, 0xFF99, 0xFF78, 0xFF58, 0xF738, 0xF737, 0xF717, 0xF717, 0xF737, 0xFF37, 0xFF79, 0xFF79, 0xF738, 0xFF78, 0xFF78,
    0xFF58, 0xF6F7, 0xEEF6, 0xFF58, 0xFF99, 0xFF99, 0xFF78, 0xFF79, 0xFF99, 0xFF99, 0xFF78, 0xF758, 0xFF78, 0xFF79, 0xFF58, 0xF6F6,
    0xF6F6, 0xF6D5, 0xFEF5, 0xFED4, 0xF693, 0xEE10, 0xEDF0, 0xEDF0, 0xF651, 0xF672, 0xF672, 0xF652, 0xF652, 0xE58F, 0xDD4E, 0xE58F,
    0xE56E, 0xE56E, 0xDD6E, 0xEE10, 0xE5CF, 0xDD8E, 0xEDF0, 0xEE10, 0xEE11, 0xEE10, 0xEE11, 0xEE31, 0xEE11, 0xEE11, 0xEE11, 0xEE10,
    0xEE10, 0xEE31, 0xF632, 0xF652, 0xEE11, 0xEE11, 0xEE11, 0xEE11, 0xEE31, 0xEE10, 0xEDF0, 0xDD8E, 0xE5CF, 0xE5AF, 0xE5CF, 0xEDD0,
    0xEE10, 0xEE31, 0xEDF0, 0xEE31, 0xF651, 0xEE31, 0xF693, 0xF672, 0xEDF0, 0xEE31, 0xFED3, 0xF672, 0xE5D0, 0xEE31, 0xF6D4, 0xF6F5,
    0xFF77, 0xFF37, 0xFF57, 0xFF78, 0xFF99, 0xFF99, 0xFF99, 0xFF99, 0xFF78, 0xFF78, 0xF737, 0xF737, 0xFF78, 0xF737, 0xF716, 0xF6F6,
    0xEEB4, 0xEE94, 0xF716, 0xFF78, 0xFF78, 0xFF57, 0xFF58, 0xFF99, 0xFF57, 0xFF78, 0xFF98, 0xFF78, 0xFF77, 0xFF78, 0xFF78, 0xFF78,
    0xFF56, 0xAC4B, 0xAC8D, 0xFFFA, 0xFF77, 0xFF77, 0xFF97, 0xEE50, 0xDCEB, 0xD4AA, 0xD4CA, 0xD4AA, 0xD4AA, 0xD4AA, 0xCC69, 0xC448,
    0xC449, 0xC449, 0xC429, 0xBC08, 0xBBE8, 0xBC08, 0xCC69, 0xD4CB, 0xCCCB, 0xCC8A, 0xCC8A, 0xCCCB, 0xD56F, 0xB42B, 0x6182, 0xB44B,
    0xC4ED, 0xCD2E, 0xCD4E, 0xCD4E, 0xCD6E, 0xCD6F, 0xD590, 0xD5B0, 0xD5B0, 0xD5B0, 0xDDB0, 0xDDD1, 0xDDB0, 0xDDD1, 0xDDB0, 0xDDD1,
    0xDDD1, 0xDDD1, 0xDDD1, 0xDDD1, 0xDDD1, 0xDDD1, 0xDDD1, 0xDDF1, 0xDDF2, 0xE5F2, 0xDDF2, 0xDDF2, 0xE612, 0xDDF2, 0xDE12, 0xDE12,
    0xE612, 0xDDF2, 0xDDF2, 0xE612, 0xE612, 0xE5F2, 0xDDF1, 0xE5EF, 0xE5CD, 0xE5CD, 0xE5ED, 0xE5ED, 0xE5CD, 0xE5ED, 0xE610, 0xE612,
    0xE632, 0xE632, 0xE632, 0xE632, 0xE633, 0xEE53, 0xE653, 0xE653, 0xE653, 0xE653, 0xEE53, 0xEE53, 0xEE53, 0xEE53, 0xEE53, 0xEE53,
    0xEE53, 0xEE53, 0xEE73, 0xEE73, 0xEE53, 0xEE53, 0xEE53, 0xEE53, 0xEE53, 0xEE53, 0xDD8F, 0xDD6F, 0xDD6F, 0xDD2E, 0xD52E, 0xD4ED,
    0xFF78, 0xFF79, 0xFF99, 0xF737, 0xFF58, 0xFF58, 0xF738, 0xF717, 0xF737, 0xFF37, 0xFF37, 0xFF79, 0xFF79, 0xF738, 0xF737, 0xF717,
    0xF717, 0xEED6, 0xEEF7, 0xFF58, 0xFF78, 0xFF58, 0xFF78, 0xFF78, 0xFF58, 0xFF78, 0xFF58, 0xFF58, 0xFF58, 0xF738, 0xF717, 0xF6F6,
    0xFF17, 0xF716, 0xFF36, 0xEE32, 0xE5D0, 0xF672, 0xEE11, 0xF631, 0xEE31, 0xEE31, 0xF672, 0xF652, 0xE5CF, 0xE5AF, 0xE58F, 0xD52D,
    0xD4EC, 0xDD2D, 0xDD6E, 0xEDF0, 0xE5AF, 0xEDD0, 0xEE51, 0xEE10, 0xEE11, 0xEE31, 0xEE31, 0xEE11, 0xEE11, 0xEE11, 0xF672, 0xF651,
    0xE5F0, 0xE5F0, 0xE5F0, 0xF692, 0xEE51, 0xEE11, 0xEE31, 0xF631, 0xF631, 0xE5CF, 0xE5AF, 0xE5AF, 0xEE10, 0xF631, 0xE5F0, 0xEE31,
    0xFE93, 0xEE51, 0xEE31, 0xF672, 0xF652, 0xF693, 0xF693, 0xEDF0, 0xE5AF, 0xE5F0, 0xF672, 0xF672, 0xF652, 0xEE11, 0xEE93, 0xFF57,
    0xFF77, 0xF736, 0xFF77, 0xFF99, 0xFFB9, 0xFF99, 0xFF99, 0xFF99, 0xFF78, 0xFF78, 0xFF57, 0xFF37, 0xFF57, 0xFF58, 0xFF57, 0xF6F6,
    0xEED5, 0xF716, 0xFF78, 0xFF99, 0xFF78, 0xFF99, 0xFF98, 0xFF99, 0xFF78, 0xFF98, 0xFF98, 0xFF57, 0xFF57, 0xFF77, 0xFF77, 0xFF36,
    0xFF97, 0xDE53, 0x8AE7, 0xC5B1, 0xFFD9, 0xFF78, 0xFF77, 0xE5AF, 0xCCAA, 0xD4AA, 0xD4AA, 0xD4AA, 0xD4AA, 0xCC89, 0xC428, 0xC449,
    0xC449, 0xC449, 0xC449, 0xC428, 0xBBE8, 0xBBE7, 0xCC69, 0xD4CB, 0xCCAA, 0xCCAA, 0xCC8A, 0xCCCC, 0xE5D0, 0x7224, 0x7A45, 0xCD0D,
    0xC50D, 0xCD2E, 0xCD4E, 0xCD4E, 0xCD4E, 0xD58F, 0xDDD0, 0xDDD0, 0xDDD0, 0xDDB0, 0xDDB0, 0xDDB1, 0xDDD1, 0xDDD1, 0xDDD1, 0xDDD1,
    0xDDD0, 0xDDD0, 0xDDD1, 0xDDD1, 0xDDD1, 0xDDF1, 0xDDF1, 0xDDF1, 0xDDF2, 0xDDF2, 0xE612, 0xE5F2, 0xE612, 0xE612, 0xE612, 0xDE12,
    0xDE12, 0xDE12, 0xDE12, 0xE5F2, 0xE612, 0xE5F2, 0xDDF1, 0xE5EF, 0xE5AC, 0xE5AC, 0xE5CC, 0xE5ED, 0xE5CD, 0xE5CD, 0xE610, 0xE632,
    0xE632, 0xE632, 0xE632, 0xE632, 0xE653, 0xEE53, 0xEE53, 0xE633, 0xE653, 0xEE53, 0xEE53, 0xEE53, 0xEE53, 0xEE53, 0xEE53, 0xEE53,
    0xEE73, 0xEE73, 0xEE73, 0xEE73, 0xEE73, 0xEE53, 0xEE53, 0xEE53, 0xE653, 0xEE53, 0xEE53, 0xEE53, 0xEE53, 0xE612, 0xD54E, 0xCCED,
    0xFF99, 0xFF99, 0xF758, 0xFF58, 0xFF78, 0xFF58, 0xFF58, 0xFF58, 0xFF58, 0xF737, 0xF717, 0xF717, 0xF738, 0xF717, 0xF717, 0xF758,
    0xF758, 0xFF58, 0xFF79, 0xFF79, 0xFF58, 0xFF58, 0xF737, 0xFF58, 0xFF78, 0xFF58, 0xF737, 0xF737, 0xF737, 0xF738, 0xF737, 0xF737,
    0xF6F6, 0xFF57, 0xFF36, 0xEE31, 0xEE11, 0xEE31, 0xDD6E, 0xE58F, 0xEE31, 0xEE11, 0xEE52, 0xF693, 0xE5D0, 0xE5CF, 0xDD6E, 0xDD2D,
    0xD4EC, 0xD50D, 0xE5CF, 0xEE10, 0xDD6E, 0xF652, 0xFED4, 0xF6B3, 0xFED3, 0xF692, 0xF672, 0xF672, 0xF672, 0xF651, 0xF672, 0xEE10,
    0xEE11, 0xFEB3, 0xF6B3, 0xEE52, 0xE610, 0xF651, 0xF631, 0xEE11, 0xEE11, 0xE5AF, 0xD50D, 0xD52D, 0xE5CF, 0xF651, 0xF651, 0xF672,
    0xFEB3, 0xFEB3, 0xF693, 0xFED4, 0xFED4, 0xF693, 0xE5CF, 0xEDF0, 0xF631, 0xEE31, 0xF652, 0xF652, 0xF652, 0xEE10, 0xEE73, 0xFF78,
    0xFF78, 0xFF78, 0xFF98, 0xFFB9, 0xFF78, 0xFF78, 0xFF57, 0xFF57, 0xF716, 0xF737, 0xFF57, 0xF737, 0xF716, 0xEEB5, 0xEEB5, 0xEED5,
    0xF716, 0xF737, 0xFF78, 0xFF99, 0xFF99, 0xFF99, 0xFF78, 0xF737, 0xF737, 0xFF57, 0xFF78, 0xFF57, 0xFF57, 0xFF77, 0xF716, 0xF6F5,
    0xF6F5, 0xFF97, 0xAC0A, 0x8B49, 0xFFFB, 0xFF98, 0xF715, 0xDD8E, 0xD4CA, 0xE58D, 0xDCEB, 0xD4AA, 0xD4CA, 0xCC69, 0xB3C6, 0xC449,
    0xCC8A, 0xCC6A, 0xCC69, 0xCC69, 0xC408, 0xBBC7, 0xCC69, 0xD4EB, 0xCCCB, 0xCCAA, 0xCC8A, 0xCCEC, 0xE5F0, 0x7224, 0x8285, 0xCD2E,
    0xC50D, 0xCD4E, 0xCD4E, 0xCD4E, 0xD58F, 0xDDD0, 0xDDD0, 0xDDB0, 0xDDD1, 0xDDD1, 0xDDD1, 0xDDD1, 0xDDD1, 0xDDD1, 0xDDD1, 0xDDD1,
    0xDDD1, 0xDDD0, 0xDDD1, 0xDDD1, 0xDDF1, 0xDDF1, 0xDDF1, 0xDDF2, 0xDDF1, 0xDDF1, 0xDDF2, 0xE5F2, 0xE612, 0xDE12, 0xE612, 0xE612,
    0xDE12, 0xE612, 0xE5F2, 0xDDF2, 0xDE12, 0xE612, 0xDDF1, 0xE5EF, 0xE5CD, 0xE5AC, 0xE5CD, 0xEDED, 0xE5EE, 0xE60F, 0xE611, 0xE632,
    0xE633, 0xE633, 0xE633, 0xE632, 0xE633, 0xEE53, 0xEE53, 0xEE53, 0xEE53, 0xE653, 0xEE53, 0xEE53, 0xEE53, 0xEE53, 0xEE53, 0xEE53,
    0xEE73, 0xEE73, 0xEE73, 0xEE73, 0xEE53, 0xEE53, 0xEE54, 0xEE54, 0xEE53, 0xE653, 0xE653, 0xE653, 0xEE74, 0xE632, 0xD54F, 0xD52E,
    0xFF57, 0xFF37, 0xF737, 0xF737, 0xF717, 0xF6F6, 0xF717, 0xF717, 0xEED6, 0xF717, 0xFF58, 0xFF58, 0xFF38, 0xF738, 0xF737, 0xFF78,
    0xFF79, 0xFF99, 0xFF99, 0xFF58, 0xF737, 0xFF38, 0xF738, 0xFF79, 0xFF58, 0xF737, 0xFF58, 0xFF78, 0xFF58, 0xFF58, 0xFF58, 0xF758,
    0xF717, 0xFF78, 0xF716, 0xF693, 0xF632, 0xE5AF, 0xD52D, 0xDD8F, 0xEE11, 0xEDF0, 0xEE52, 0xF6B4, 0xEE31, 0xE5CF, 0xDD6E, 0xDD4E,
    0xD4EC, 0xD52D, 0xEE10, 0xEE51, 0xEE51, 0xF692, 0xF693, 0xF6B3, 0xF6B3, 0xFED4, 0xF692, 0xEE10, 0xEE31, 0xF631, 0xEE31, 0xEE31,
    0xF672, 0xF6B3, 0xEE31, 0xEE31, 0xF652, 0xF672, 0xEE11, 0xDD8F, 0xE5CF, 0xE58F, 0xEDD0, 0xEDF0, 0xEE31, 0xEE31, 0xF631, 0xF651,
    0xFEB3, 0xFEB3, 0xF692, 0xFE93, 0xEE31, 0xE5F0, 0xDDAF, 0xEDF0, 0xF631, 0xEE10, 0xEDF0, 0xEE11, 0xF631, 0xE5CF, 0xEE31, 0xF6D5,
    0xF736, 0xFF57, 0xFF78, 0xFF99, 0xFF99, 0xFF78, 0xFF78, 0xFF99, 0xFF78, 0xFF58, 0xF716, 0xE694, 0xEED5, 0xF6F6, 0xF6F6, 0xF716,
    0xFF78, 0xFF58, 0xFF78, 0xFF78, 0xF757, 0xF757, 0xFF78, 0xFF57, 0xFF77, 0xFF78, 0xFF78, 0xFF77, 0xF715, 0xFF36, 0xFF16, 0xFF15,
    0xF6F5, 0xFF97, 0xA3C9, 0x8B28, 0xFFDB, 0xFFB9, 0xFF36, 0xE58E, 0xD4EB, 0xEDAE, 0xE54C, 0xDD0B, 0xDD2C, 0xD4CA, 0xBBE7, 0xC469,
    0xCC69, 0xCC69, 0xCC8A, 0xCC8A, 0xCC69, 0xBBE7, 0xCC69, 0xDD6E, 0xDDAF, 0xD50C, 0xD54D, 0xDD6F, 0xEE31, 0x7A44, 0x8265, 0xCD2E,
    0xC50D, 0xCD4E, 0xCD4E, 0xCD6F, 0xDDD0, 0xDDD1, 0xDDD0, 0xDDD0, 0xDDF1, 0xDDF1, 0xDDF1, 0xDDD1, 0xDDD1, 0xDDD1, 0xDDD1, 0xDDF1,
    0xDDD0, 0xDDD0, 0xDDD0, 0xDDF1, 0xDDF1, 0xDDD1, 0xDDF1, 0xDDF1, 0xDDF1, 0xDDF1, 0xDDF1, 0xE611, 0xDDF1, 0xE612, 0xE612, 0xE612,
    0xDE12, 0xDE12, 0xDE12, 0xE612, 0xE612, 0xE612, 0xE5F1, 0xE5EE, 0xE5CD, 0xE5AC, 0xE5CD, 0xE5CD, 0xE5EE, 0xEE32, 0xEE53, 0xEE33,
    0xEE33, 0xEE33, 0xEE33, 0xEE53, 0xEE53, 0xEE53, 0xEE53, 0xEE53, 0xE653, 0xE653, 0xE653, 0xEE53, 0xEE53, 0xEE53, 0xEE53, 0xEE73,
    0xEE73, 0xEE73, 0xEE73, 0xEE74, 0xEE74, 0xEE74, 0xEE74, 0xEE54, 0xEE74, 0xEE54, 0xEE54, 0xE653, 0xE653, 0xEE53, 0xBC8C, 0xA3E9,
    0xFF78, 0xFF38, 0xFF78, 0xFF79, 0xFF79, 0xFF79, 0xF738, 0xFF59, 0xFF59, 0xFF79, 0xFF79, 0xFF79, 0xFF79, 0xF738, 0xF717, 0xF737,
    0xFF58, 0xFF78, 0xFF78, 0xF758, 0xF737, 0xEEF6, 0xFF37, 0xFF58, 0xEEF6, 0xF738, 0xFF58, 0xF737, 0xF737, 0xF737, 0xF737, 0xFF58,
    0xFF99, 0xFF79, 0xF6F5, 0xF693, 0xEE11, 0xCCEC, 0xD50D, 0xDD8F, 0xEDF1, 0xEDF1, 0xF652, 0xE611, 0xDD6F, 0xE5AF, 0xDD8E, 0xD50D,
    0xDD6E, 0xE5AF, 0xDD6E, 0xE5AF, 0xEE51, 0xF672, 0xF672, 0xFEB3, 0xF672, 0xF672, 0xEE31, 0xEE31, 0xEE31, 0xF631, 0xF631, 0xF672,
    0xF693, 0xF6B3, 0xEE11, 0xEE31, 0xF672, 0xFE93, 0xEE11, 0xE5D0, 0xEE52, 0xF693, 0xEE11, 0xEDF0, 0xF651, 0xEE31, 0xEE11, 0xF631,
    0xF652, 0xEE51, 0xF672, 0xF672, 0xEE10, 0xE5F0, 0xE5D0, 0xEE10, 0xEDF0, 0xEDF0, 0xEE11, 0xEE11, 0xEDF0, 0xEDF0, 0xEE11, 0xF652,
    0xF6D5, 0xF737, 0xFF57, 0xFF58, 0xFFB9, 0xFFB9, 0xFFB9, 0xFF99, 0xFF99, 0xFF78, 0xFF58, 0xF737, 0xFF37, 0xFF78, 0xFF57, 0xFF57,
    0xFF58, 0xFF37, 0xFF57, 0xFF78, 0xFF78, 0xFF99, 0xFF98, 0xFF58, 0xFF77, 0xF6F6, 0xEEB4, 0xF6F4, 0xF6B4, 0xF6D4, 0xF6B4, 0xFED4,
    0xF6B4, 0xFEF4, 0xE632, 0x9388, 0x93CA, 0xFFD9, 0xF6D4, 0xE5F0, 0xE5D0, 0xEDF0, 0xE5CF, 0xE5CF, 0xE5AF, 0xE5AF, 0xC489, 0xCCCB,
    0xD52D, 0xD4EC, 0xCCAA, 0xCCAA, 0xCCAA, 0xCCAA, 0xCCAA, 0xDDAF, 0xE611, 0xE5F1, 0xE5F1, 0xDDD0, 0xE5D1, 0x7224, 0x7A85, 0xCD4E,
    0xCD2E, 0xCD4E, 0xD56F, 0xDDD0, 0xDDF1, 0xDDD0, 0xDDD0, 0xDDD1, 0xDDF1, 0xDDF1, 0xDDF1, 0xDDF1, 0xDDF1, 0xDDD1, 0xDDD1, 0xDDD1,
    0xDDD0, 0xDDD0, 0xDDD0, 0xDDF1, 0xDDF1, 0xDDD1, 0xE5F1, 0xE5F1, 0xDDF1, 0xE611, 0xE611, 0xDDF1, 0xE611, 0xE612, 0xE612, 0xE612,
    0xE612, 0xDE12, 0xDDF2, 0xE5F2, 0xE612, 0xE612, 0xE5EF, 0xE5CE, 0xE5CD, 0xE5AC, 0xE5AC, 0xE5CC, 0xE5EF, 0xEE32, 0xE633, 0xE633,
    0xEE53, 0xE653, 0xE633, 0xEE53, 0xEE53, 0xEE53, 0xEE53, 0xEE53, 0xE653, 0xE653, 0xEE53, 0xEE53, 0xEE53, 0xE653, 0xEE73, 0xEE73,
    0xEE74, 0xEE74, 0xEE74, 0xEE74, 0xEE74, 0xEE74, 0xEE74, 0xEE74, 0xEE74, 0xEE74, 0xEE74, 0xE654, 0xE654, 0xEE94, 0xAC4B, 0x8B27,
    0xFF37, 0xFF78, 0xFF58, 0xFF58, 0xF758, 0xF738, 0xF738, 0xFF79, 0xFF9A, 0xFF9A, 0xFF59, 0xFF58, 0xF738, 0xEEF7, 0xF717, 0xFF58,
    0xFF38, 0xFF58, 0xFF78, 0xFF58, 0xF758, 0xF717, 0xFF58, 0xF737, 0xF738, 0xFF78, 0xFF58, 0xF758, 0xF737, 0xFF79, 0xFF79, 0xF758,
    0xF717, 0xFF58, 0xEEB5, 0xEE11, 0xE5F0, 0xD54E, 0xDD4E, 0xDD8F, 0xE5D0, 0xDDAF, 0xEE10, 0xE5F0, 0xE5AF, 0xDD6E, 0xD50D, 0xCCCC,
    0xE5AF, 0xE5AF, 0xE5AF, 0xEE52, 0xE5F0, 0xF692, 0xF693, 0xF672, 0xEE11, 0xEE11, 0xF652, 0xFEB3, 0xE5F0, 0xE5AF, 0xF652, 0xF672,
    0xF693, 0xF693, 0xF692, 0xF672, 0xFEB3, 0xF672, 0xEE32, 0xFEB3, 0xFEF5, 0xF672, 0xDD6E, 0xEDD0, 0xEE31, 0xEE10, 0xEE11, 0xEE10,
    0xEDF0, 0xEE31, 0xEE31, 0xF651, 0xEE31, 0xEE31, 0xEE31, 0xF672, 0xF652, 0xF651, 0xEE10, 0xEE11, 0xEE11, 0xEDF0, 0xEE31, 0xF631,
    0xFEF5, 0xFF78, 0xFF98, 0xFF99, 0xFF99, 0xFF99, 0xFF99, 0xFF99, 0xFF58, 0xFF58, 0xFF57, 0xFF57, 0xFF57, 0xFF78, 0xFF37, 0xFF58,
    0xFF58, 0xF737, 0xFF58, 0xFF98, 0xFF78, 0xFF57, 0xF6F6, 0xF6F5, 0xFF56, 0xFF36, 0xFED4, 0xF693, 0xF672, 0xF672, 0xF673, 0xFED4,
    0xF652, 0xEE11, 0xFF14, 0xBC8C, 0x7203, 0xFFB8, 0xDE32, 0xE611, 0xF6B4, 0xF6B5, 0xF6D4, 0xF6B4, 0xF6B4, 0xF693, 0xCCEC, 0xD52D,
    0xEE53, 0xE611, 0xD52D, 0xCCAA, 0xCCEB, 0xCCCB, 0xCCCB, 0xDDD0, 0xE612, 0xE5F2, 0xE5F1, 0xE632, 0x7A65, 0x9307, 0xBCAC, 0xC50D,
    0xCD0E, 0xCD6F, 0xD58F, 0xDDD0, 0xDDD1, 0xDDD0, 0xDDD0, 0xDDD1, 0xDDD1, 0xDDF1, 0xDDD1, 0xDDF1, 0xE5F1, 0xDDD1, 0xDDD0, 0xDDD1,
    0xDDF1, 0xDDF1, 0xDDF1, 0xDDF1, 0xDDF1, 0xDDF1, 0xDDF1, 0xE611, 0xE611, 0xDDF1, 0xE611, 0xE612, 0xE612, 0xE612, 0xE612, 0xE612,
    0xE612, 0xE612, 0xE612, 0xE612, 0xE5F1, 0xE5F0, 0xE5CE, 0xE5CD, 0xE5CD, 0xE5CD, 0xE5CC, 0xE5CD, 0xE5EF, 0xE612, 0xE632, 0xE632,
    0xEE53, 0xE653, 0xE632, 0xEE53, 0xEE53, 0xEE53, 0xEE53, 0xEE53, 0xEE73, 0xEE73, 0xEE74, 0xEE54, 0xEE53, 0xEE53, 0xEE73, 0xEE74,
    0xEE74, 0xEE74, 0xEE74, 0xEE74, 0xEE94, 0xEE94, 0xEE94, 0xEE74, 0xEE74, 0xEE74, 0xEE74, 0xEE95, 0xEE74, 0xE653, 0xC52F, 0xA40B,
    0xFF15, 0xF716, 0xF6F5, 0xF6F5, 0xF736, 0xF716, 0xF717, 0xFF99, 0xFF79, 0xEF17, 0xF738, 0xFF58, 0xF738, 0xFF79, 0xFF79, 0xFF58,
    0xF737, 0xEEF7, 0xFF79, 0xFF79, 0xFF58, 0xFF58, 0xF737, 0xF737, 0xFF58, 0xF758, 0xFF58, 0xFF58, 0xFF58, 0xF758, 0xF758, 0xF737,
    0xF717, 0xF737, 0xF737, 0xE632, 0xEE52, 0xEE11, 0xE5AF, 0xE5AF, 0xEE10, 0xE58F, 0xE58F, 0xE5AF, 0xE58F, 0xCCCC, 0xDD6E, 0xE5AF,
    0xDD6F, 0xDD4E, 0xEE11, 0xF6B3, 0xEE31, 0xF693, 0xF693, 0xF672, 0xEE11, 0xF631, 0xF652, 0xEE31, 0xEE10, 0xE5F0, 0xF652, 0xF693,
    0xF673, 0xF693, 0xFE93, 0xF652, 0xF672, 0xF652, 0xE5D0, 0xE5B0, 0xE5B0, 0xDD8F, 0xDD2D, 0xEDF0, 0xFE92, 0xEE31, 0xEDF0, 0xEE10,
    0xEDF0, 0xE5CF, 0xEE31, 0xF672, 0xEE31, 0xF651, 0xFE92, 0xFE92, 0xFEB3, 0xF692, 0xF692, 0xFEB3, 0xF631, 0xEDD0, 0xE5D0, 0xEDF0,
    0xF6B4, 0xFF78, 0xFF99, 0xFF99, 0xFF99, 0xFF99, 0xFF99, 0xFF99, 0xF737, 0xFF58, 0xFF78, 0xFF99, 0xFF99, 0xFF58, 0xFF57, 0xFF78,
    0xFF58, 0xFF78, 0xFF57, 0xF736, 0xF6D5, 0xF6D5, 0xF693, 0xF673, 0xF6F4, 0xF6D4, 0xFEB3, 0xF693, 0xF672, 0xFEF4, 0xFEB3, 0xF672,
    0xF672, 0xF651, 0xF671, 0xDD6E, 0xABE9, 0x8B48, 0xDDB0, 0xEE52, 0xF6D5, 0xFF37, 0xFF17, 0xFF17, 0xFEF6, 0xFF37, 0xDDF2, 0xDDB1,
    0xEE95, 0xE633, 0xE612, 0xE5D0, 0xDDAF, 0xCCEC, 0xCCEB, 0xE5F1, 0xE612, 0xE5F2, 0xE5F1, 0xC4CD, 0x71C3, 0x9B88, 0xCD2D, 0xC50D,
    0xCD2E, 0xD58F, 0xDDD0, 0xDDD0, 0xDDD0, 0xDDD1, 0xDDF1, 0xDDF1, 0xDDD1, 0xDDF1, 0xDDD1, 0xDDF1, 0xE5F1, 0xDDF1, 0xDDD1, 0xDDD1,
    0xDDF1, 0xDDF1, 0xDDF1, 0xDDF1, 0xDDF1, 0xDDF1, 0xDDF1, 0xE612, 0xE612, 0xE612, 0xE612, 0xE612, 0xE612, 0xE612, 0xE612, 0xE612,
    0xE612, 0xE612, 0xE612, 0xE612, 0xE5EF, 0xE5EE, 0xE5CD, 0xE5CC, 0xE5ED, 0xE5CD, 0xE5CC, 0xE5CD, 0xE5EF, 0xE612, 0xE632, 0xE632,
    0xEE53, 0xEE53, 0xEE53, 0xEE53, 0xEE53, 0xEE53, 0xEE53, 0xEE73, 0xEE73, 0xEE74, 0xEE74, 0xEE54, 0xE653, 0xEE73, 0xEE74, 0xEE74,
    0xEE74, 0xEE74, 0xEE74, 0xEE94, 0xEE95, 0xEE95, 0xEE94, 0xEE94, 0xEE74, 0xEE74, 0xEE74, 0xEE95, 0xEE74, 0xE633, 0xEEB4, 0xCD4F,
    0xFF54, 0xFF34, 0xFF14, 0xFF15, 0xFF36, 0xF716, 0xFF17, 0xFF58, 0xF737, 0xF737, 0xFF38, 0xF738, 0xF738, 0xF738, 0xF717, 0xF737,
    0xFF58, 0xFF79, 0xFF99, 0xFF79, 0xFF58, 0xF717, 0xEED6, 0xF717, 0xF717, 0xF717, 0xF737, 0xFF58, 0xF738, 0xF717, 0xF717, 0xFF58,
    0xFF58, 0xFF37, 0xFF37, 0xF6D5, 0xF6B3, 0xEDF0, 0xDD6E, 0xE5AF, 0xEE10, 0xD52D, 0xCCAB, 0xCCCC, 0xD50D, 0xCCCB, 0xDD6E, 0xDD6E,
    0xDD4E, 0xDD6E, 0xEE31, 0xF693, 0xF692, 0xF6D4, 0xFEF4, 0xF6B3, 0xEDF1, 0xEE11, 0xEE31, 0xEDF1, 0xF692, 0xFED3, 0xF693, 0xF693,
    0xFEB3, 0xF672, 0xF652, 0xEE11, 0xEE11, 0xEE11, 0xEE11, 0xEDF0, 0xD50D, 0xDD2E, 0xE58F, 0xEDF0, 0xEDF0, 0xEDF0, 0xF672, 0xF631,
    0xEDD0, 0xDD4E, 0xE5AF, 0xE5F0, 0xE5F0, 0xF651, 0xF672, 0xF672, 0xF652, 0xEDF0, 0xEE11, 0xEE10, 0xE58F, 0xE5AF, 0xE5D0, 0xF631,
    0xF673, 0xFF78, 0xFF99, 0xFF99, 0xFF99, 0xFF99, 0xFF99, 0xFF99, 0xFF78, 0xFF99, 0xFF78, 0xFF78, 0xFF37, 0xF716, 0xFF57, 0xFF57,
    0xF716, 0xF6D5, 0xEEB4, 0xF6F5, 0xF6D4, 0xF693, 0xF652, 0xF673, 0xFEB3, 0xF693, 0xEE52, 0xF652, 0xF693, 0xF693, 0xF652, 0xF652,
    0xF652, 0xF651, 0xEE31, 0xF631, 0xDD6E, 0x8264, 0xABEA, 0xE612, 0xFF17, 0xFF37, 0xFF37, 0xFF17, 0xF717, 0xFF38, 0xE674, 0xDE12,
    0xF6D5, 0xE653, 0xEE54, 0xEE74, 0xE5F2, 0xDDB0, 0xD54E, 0xDDD1, 0xDDF2, 0xE612, 0xF674, 0x7A24, 0x8A85, 0xCD0D, 0xC4CD, 0xCD2E,
    0xD56F, 0xDDB0, 0xDDD0, 0xDDD0, 0xDDD0, 0xDDD1, 0xDDF1, 0xDDF1, 0xDDF1, 0xDDF1, 0xDDF1, 0xDDF1, 0xDDF1, 0xDDF1, 0xDDF1, 0xDDD0,
    0xDDF1, 0xDDF1, 0xDDF1, 0xDDF1, 0xDDF1, 0xDDF1, 0xE611, 0xE612, 0xE612, 0xE612, 0xE612, 0xE612, 0xE612, 0xE612, 0xE612, 0xE612,
    0xE612, 0xDDF2, 0xE612, 0xE612, 0xE5EE, 0xE5CC, 0xE5CC, 0xE5CC, 0xE5CC, 0xE5CC, 0xE5CC, 0xE5CE, 0xE5EF, 0xE612, 0xE633, 0xE633,
    0xE653, 0xEE53, 0xEE53, 0xEE53, 0xEE53, 0xEE73, 0xEE73, 0xEE74, 0xEE74, 0xEE74, 0xEE74, 0xEE74, 0xEE53, 0xEE73, 0xEE74, 0xEE74,
    0xEE74, 0xEE74, 0xEE94, 0xF695, 0xF6B5, 0xEE95, 0xEE95, 0xEE95, 0xEE75, 0xEE74, 0xEE74, 0xEE95, 0xEE74, 0xE632, 0xD590, 0xBCCD,
    0xFEF1, 0xF6B1, 0xFEF3, 0xFF14, 0xFEF4, 0xFF16, 0xFEF5, 0xF716, 0xF716, 0xEEF6, 0xF717, 0xFF58, 0xFF58, 0xF717, 0xF738, 0xF738,
    0xF738, 0xFF58, 0xFF58, 0xF758, 0xFF58, 0xF737, 0xF6F7, 0xEED6, 0xF6F7, 0xFF38, 0xF758, 0xF738, 0xF737, 0xFF58, 0xFF58, 0xFF58,
    0xF716, 0xEEB4, 0xF6B4, 0xF6D4, 0xF672, 0xF632, 0xEDF0, 0xE5CF, 0xEDF0, 0xDD4E, 0xE5AF, 0xEDD0, 0xE5AF, 0xEDD0, 0xE5AF, 0xDD4E,
    0xDD4E, 0xDD6E, 0xEDF1, 0xE611, 0xF693, 0xFEF4, 0xF6F4, 0xF6B3, 0xEE52, 0xEE52, 0xEE31, 0xF693, 0xF673, 0xF672, 0xEE11, 0xF652,
    0xF672, 0xEE31, 0xF652, 0xF632, 0xF652, 0xFE93, 0xF672, 0xE5D0, 0xDD2E, 0xDD6E, 0xE56F, 0xE56F, 0xCCEC, 0xDD6E, 0xF651, 0xE5F0,
    0xEDCF, 0xE5CF, 0xF651, 0xF631, 0xEE31, 0xFE92, 0xFE92, 0xF631, 0xD50D, 0xDD6E, 0xE5CF, 0xE5AF, 0xDD4E, 0xE5AF, 0xF672, 0xF672,
    0xF6D5, 0xFF78, 0xFF99, 0xFF78, 0xFF78, 0xFF99, 0xFFBA, 0xFF99, 0xFF58, 0xFF58, 0xFF58, 0xFF57, 0xF737, 0xEEF5, 0xF736, 0xFF36,
    0xF6D4, 0xEE72, 0xF672, 0xF6B3, 0xF6B3, 0xF673, 0xF672, 0xF693, 0xF692, 0xFE93, 0xF651, 0xEE31, 0xF652, 0xFE92, 0xF672, 0xFE93,
    0xEE31, 0xEE11, 0xEE31, 0xEDCF, 0xEDF0, 0xD50D, 0x50E0, 0xCD91, 0xFF79, 0xFF17, 0xFF37, 0xFF37, 0xF717, 0xFF38, 0xE654, 0xE613,
    0xF6D6, 0xE654, 0xE654, 0xE653, 0xE633, 0xDE12, 0xCD4F, 0xDDF1, 0xF6D5, 0xCD4F, 0x82A6, 0x8285, 0xA347, 0xCCEC, 0xC4ED, 0xCD4E,
    0xDDB0, 0xDDD0, 0xDDD0, 0xDDD0, 0xDDD1, 0xDDD1, 0xDDD1, 0xDDF1, 0xDDF1, 0xDDF1, 0xDDF1, 0xE5F1, 0xE5F1, 0xDDF1, 0xDDF1, 0xDDF1,
    0xDDF1, 0xE5F1, 0xDDF1, 0xDDF1, 0xDDF1, 0xE611, 0xE611, 0xE612, 0xE612, 0xE612, 0xE612, 0xE632, 0xE632, 0xE612, 0xE612, 0xE612,
    0xE612, 0xE612, 0xE632, 0xE612, 0xE5EE, 0xE5CC, 0xE5CC, 0xE5CC, 0xE5CC, 0xE5EC, 0xE5AD, 0xDD6D, 0xDDAF, 0xE632, 0xE612, 0xE632,
    0xE653, 0xE652, 0xEE53, 0xEE53, 0xEE73, 0xEE93, 0xEE93, 0xF693, 0xF674, 0xF674, 0xF674, 0xEE73, 0xEE73, 0xEE73, 0xEE73, 0xEE74,
    0xEE74, 0xEE74, 0xEE74, 0xEE94, 0xEE95, 0xEEB5, 0xEE95, 0xEE95, 0xEE95, 0xEE95, 0xEE95, 0xEE95, 0xEE74, 0xE653, 0x9BCA, 0x9B88,
    0xFEF1, 0xFED1, 0xFEF3, 0xFEF2, 0xFEF2, 0xF6D2, 0xF692, 0xF6B4, 0xF6D5, 0xF6F6, 0xF717, 0xFF38, 0xFF58, 0xF738, 0xFF58, 0xFF58,
    0xF738, 0xF737, 0xF717, 0xF738, 0xFF58, 0xFF38, 0xFF38, 0xF717, 0xF717, 0xF737, 0xFF58, 0xF738, 0xF737, 0xFF58, 0xFF78, 0xF737,
    0xF716, 0xF6F5, 0xEEB4, 0xF6B4, 0xF652, 0xE58F, 0xD54D, 0xDD8F, 0xEDD0, 0xE58F, 0xEDF0, 0xEE10, 0xE5D0, 0xDD8F, 0xDD6E, 0xDD4E,
    0xE58F, 0xE5D0, 0xE5D0, 0xDDB0, 0xF693, 0xF6B4, 0xF6D4, 0xF6D4, 0xFEF4, 0xF6B3, 0xEE72, 0xF692, 0xEE31, 0xE5D0, 0xE5CF, 0xEE31,
    0xE5F0, 0xE5F0, 0xF672, 0xEE11, 0xF672, 0xFEB3, 0xE5D0, 0xDD6E, 0xE58F, 0xDD8E, 0xE58F, 0xE56F, 0xDD4E, 0xEE31, 0xF652, 0xEE10,
    0xEDF0, 0xEE31, 0xEE11, 0xEE10, 0xF631, 0xFE92, 0xF671, 0xEDF0, 0xDD6E, 0xEE10, 0xF672, 0xF631, 0xF631, 0xF652, 0xF672, 0xF672,
    0xF6F5, 0xFF78, 0xFF78, 0xF758, 0xFF99, 0xFF99, 0xFF78, 0xFF99, 0xF778, 0xF737, 0xF6D5, 0xFF16, 0xF716, 0xEED5, 0xF6D5, 0xF6F5,
    0xF6B4, 0xF6B3, 0xF652, 0xF673, 0xF693, 0xF672, 0xFED4, 0xF693, 0xEE11, 0xEE11, 0xFE72, 0xF692, 0xF632, 0xFEB3, 0xFEB3, 0xF672,
    0xF631, 0xF651, 0xF631, 0xEDCF, 0xEDCF, 0xE56E, 0xD4EC, 0x7A65, 0xDE14, 0xFF99, 0xFF17, 0xFF38, 0xF717, 0xFF38, 0xE654, 0xE613,
    0xF6D6, 0xE654, 0xE654, 0xE654, 0xE633, 0xE612, 0xDDB1, 0xAC2B, 0xA3EB, 0x9328, 0x69A1, 0xAB67, 0xC449, 0xC48B, 0xCCED, 0xD56F,
    0xDDB0, 0xDDD0, 0xDDD1, 0xDDD1, 0xDDD1, 0xDDD1, 0xDDD1, 0xDDD1, 0xDDF1, 0xDDF1, 0xDDF1, 0xE5F1, 0xE5F1, 0xDDD1, 0xE5F1, 0xE5F1,
    0xDDF1, 0xDDF1, 0xE5F1, 0xE612, 0xDDF2, 0xE612, 0xE612, 0xE632, 0xE632, 0xE612, 0xE612, 0xE632, 0xE632, 0xE612, 0xE612, 0xE612,
    0xE632, 0xE612, 0xE612, 0xE611, 0xE5EE, 0xE5CC, 0xE5CC, 0xE5CC, 0xE5CC, 0xE5EC, 0xE5AD, 0xDD2D, 0xDD4E, 0xDD8F, 0xDDB0, 0xE612,
    0xEE52, 0xE632, 0xE632, 0xEE73, 0xF693, 0xF693, 0xF692, 0xF693, 0xF673, 0xF693, 0xF693, 0xF673, 0xF693, 0xF693, 0xF694, 0xF694,
    0xF694, 0xEE74, 0xEE94, 0xEEB5, 0xF6B5, 0xEEB5, 0xEE95, 0xEE95, 0xEE95, 0xEE95, 0xEE94, 0xEE94, 0xEE74, 0xEE74, 0xAC4B, 0xA3A9,
    0xFED0, 0xFED1, 0xFEF1, 0xFEF0, 0xF6B0, 0xEE50, 0xEE51, 0xF6B4, 0xFF36, 0xFF78, 0xFF58, 0xFF37, 0xF738, 0xFF58, 0xFF78, 0xFF58,
    0xFF58, 0xFF78, 0xFF38, 0xF737, 0xFF38, 0xFF58, 0xFF58, 0xFF58, 0xFF58, 0xFF58, 0xFF58, 0xF737, 0xFF58, 0xFF78, 0xF757, 0xF717,
    0xF737, 0xF6F5, 0xEE94, 0xEE73, 0xEE11, 0xDD4E, 0xDD4E, 0xF672, 0xEE10, 0xCCCC, 0xD50D, 0xD50D, 0xD50D, 0xD52D, 0xDD4E, 0xD52D,
    0xDD6E, 0xEDF0, 0xE5F0, 0xE611, 0xFED4, 0xF6D4, 0xFEF4, 0xF693, 0xEE52, 0xEE11, 0xEE11, 0xEE31, 0xEE10, 0xE5AF, 0xE5CF, 0xEE31,
    0xE5D0, 0xF652, 0xEE11, 0xE5F0, 0xF672, 0xE5F1, 0xF632, 0xEDF0, 0xEE10, 0xF611, 0xE5D0, 0xF611, 0xF652, 0xFEF4, 0xF692, 0xEE31,
    0xEE10, 0xEE10, 0xEE10, 0xF651, 0xEE10, 0xF631, 0xF651, 0xF651, 0xFE72, 0xF651, 0xEE31, 0xEDD0, 0xF652, 0xF672, 0xF631, 0xEE11,
    0xF6B4, 0xFF78, 0xFF99, 0xFF99, 0xFFBA, 0xFF79, 0xF758, 0xFF99, 0xFF99, 0xF716, 0xF673, 0xF6B4, 0xFEF5, 0xFEF5, 0xF6B4, 0xF693,
    0xF673, 0xF6B3, 0xF672, 0xF6D4, 0xFEF5, 0xFED4, 0xFEF4, 0xEE11, 0xEDF0, 0xF652, 0xF693, 0xF672, 0xEE11, 0xF672, 0xF692, 0xFE92,
    0xF672, 0xF631, 0xF672, 0xEDD0, 0xEDF0, 0xEDCF, 0xE5AE, 0xB3EA, 0x9327, 0xD5F2, 0xFF58, 0xF717, 0xF717, 0xFF38, 0xEE74, 0xE653,
    0xF6D6, 0xEE74, 0xEE74, 0xEE54, 0xEE74, 0xD591, 0xB48D, 0x7A86, 0x5920, 0x69E3, 0xBC09, 0xC429, 0xC42A, 0xC44A, 0xC48B, 0xD58F,
    0xDDB0, 0xDDD1, 0xDDF1, 0xDDF1, 0xDDD1, 0xDDD1, 0xDDD1, 0xDDF1, 0xDDF1, 0xDDF1, 0xE5F2, 0xDDF1, 0xE5F1, 0xDDD1, 0xDDF1, 0xE611,
    0xE611, 0xE611, 0xE5F1, 0xDE11, 0xE612, 0xE612, 0xE612, 0xE612, 0xE612, 0xE632, 0xE612, 0xE612, 0xE612, 0xE612, 0xE632, 0xE612,
    0xE632, 0xE632, 0xE611, 0xE5EE, 0xE5ED, 0xE5CC, 0xE5CC, 0xE5CC, 0xE5CC, 0xE5ED, 0xE5AD, 0xD50C, 0xD4ED, 0xD4EC, 0xD50D, 0xDD8F,
    0xE5F1, 0xE5F1, 0xE5F1, 0xEE52, 0xF693, 0xF672, 0xF6B3, 0xF694, 0xF693, 0xF693, 0xF693, 0xF693, 0xF693, 0xF693, 0xF694, 0xF694,
    0xF694, 0xF6B4, 0xF6B5, 0xF6B5, 0xF6B5, 0xEEB5, 0xEE95, 0xF6B5, 0xEE95, 0xEE95, 0xEE95, 0xE653, 0xE653, 0xEE94, 0xA40B, 0x9B88,
    0xF6B0, 0xF6B0, 0xFEB0, 0xFEB0, 0xFED1, 0xFED1, 0xF6D1, 0xF6F4, 0xFF36, 0xFF36, 0xF716, 0xFF57, 0xF737, 0xFF58, 0xF758, 0xFF58,
    0xFF58, 0xFF58, 0xFF37, 0xF6F6, 0xF717, 0xF717, 0xF716, 0xEEF6, 0xEEF6, 0xF737, 0xF737, 0xF717, 0xFF58, 0xFF58, 0xFF58, 0xFF58,
    0xFF57, 0xEED5, 0xEE52, 0xDDAF, 0xE5AF, 0xEE11, 0xF672, 0xF652, 0xEDF0, 0xE58F, 0xD4EC, 0xCCAC, 0xCCCC, 0xDD2D, 0xDD4E, 0xD50D,
    0xD50D, 0xE58F, 0xEE11, 0xF693, 0xFEB4, 0xF6B4, 0xEE32, 0xE5F0, 0xEDF0, 0xE5D0, 0xE5AF, 0xDD8E, 0xE5CF, 0xEDF0, 0xEDF0, 0xEE31,
    0xEE11, 0xEE11, 0xE5D0, 0xEDF0, 0xEE11, 0xF652, 0xEE11, 0xE5CF, 0xE5CF, 0xE5D0, 0xEDF0, 0xF631, 0xF652, 0xFE92, 0xF651, 0xEE10,
    0xF631, 0xEE11, 0xEE10, 0xEE10, 0xEE10, 0xF651, 0xF672, 0xF651, 0xEDD0, 0xE5AF, 0xEDD0, 0xEDF0, 0xEE31, 0xF651, 0xE5D0, 0xEE32,
    0xF6F5, 0xFF57, 0xFF78, 0xFF99, 0xFF78, 0xFF57, 0xFF78, 0xFF57, 0xF6F5, 0xF6D4, 0xF693, 0xF693, 0xF6B3, 0xF673, 0xEE32, 0xF672,
    0xF672, 0xF693, 0xF693, 0xFEB3, 0xF6D4, 0xEE32, 0xEE11, 0xF632, 0xF672, 0xF672, 0xEE52, 0xEE31, 0xEE11, 0xF672, 0xFE92, 0xF672,
    0xF651, 0xF672, 0xFE93, 0xF652, 0xF651, 0xEDCF, 0xE56E, 0xEDCF, 0xABA8, 0x7A44, 0xBCCE, 0xFF99, 0xFF37, 0xFF99, 0xCD2F, 0xC4CE,
    0xEE74, 0xE633, 0xE633, 0xE613, 0xEE54, 0xB48D, 0x4880, 0x7A24, 0xC42A, 0xBC09, 0xBC09, 0xC44A, 0xC46A, 0xC44A, 0xC48B, 0xCD0D,
    0xDDD0, 0xDDD1, 0xDDD1, 0xDDF1, 0xDDF1, 0xDDF1, 0xDDD1, 0xDDF1, 0xDE12, 0xE612, 0xE612, 0xDE11, 0xE5F1, 0xE5F1, 0xDDF1, 0xE612,
    0xE611, 0xE611, 0xE611, 0xE611, 0xE612, 0xE612, 0xE612, 0xE612, 0xE612, 0xE632, 0xE612, 0xE632, 0xE632, 0xE632, 0xE632, 0xE632,
    0xE632, 0xE612, 0xE611, 0xE5ED, 0xE5EC, 0xE5EC, 0xE5CC, 0xE5CC, 0xE5CD, 0xE5CD, 0xDD4C, 0xD50C, 0xD4EC, 0xD4EC, 0xD52D, 0xDD4E,
    0xDD2E, 0xDD6F, 0xE5D0, 0xEE11, 0xEE72, 0xEE50, 0xF671, 0xF672, 0xF673, 0xF673, 0xF673, 0xF673, 0xF673, 0xF673, 0xF694, 0xF694,
    0xF694, 0xF6B4, 0xF6B5, 0xF6B5, 0xF6B5, 0xF6B5, 0xF6B5, 0xF6B5, 0xEEB5, 0xEE95, 0xEE95, 0xE673, 0xDDF2, 0x9BA9, 0x9BC9, 0xAC2A,
    0xFED1, 0xFED1, 0xF6B1, 0xFED1, 0xF6B1, 0xF6B1, 0xFED1, 0xFF13, 0xF6D2, 0xF6D3, 0xF6F4, 0xFF37, 0xFF58, 0xFF58, 0xF737, 0xFF79,
    0xFF58, 0xFF38, 0xF6F6, 0xF6F6, 0xFF37, 0xEEB5, 0xF6F6, 0xFF37, 0xFF58, 0xFF58, 0xF716, 0xF6F6, 0xFF58, 0xF737, 0xF757, 0xF717,
    0xF6F6, 0xEE94, 0xEE73, 0xE5D0, 0xEDF0, 0xF672, 0xEE31, 0xEDF0, 0xEE31, 0xEE11, 0xD52D, 0xD4ED, 0xD4EC, 0xD50D, 0xDD4E, 0xEDF0,
    0xF631, 0xEDF0, 0xE5D0, 0xF632, 0xF672, 0xFEB3, 0xF672, 0xF652, 0xEE31, 0xE5AF, 0xDD8F, 0xDD8F, 0xE5CF, 0xEDF0, 0xE5D0, 0xE5D0,
    0xE5D0, 0xE5D0, 0xE5F0, 0xEE11, 0xEDF0, 0xEE11, 0xEE11, 0xE5D0, 0xE5AF, 0xEDF0, 0xEE11, 0xEE31, 0xF631, 0xF651, 0xEDF0, 0xEDF0,
    0xEE10, 0xEE10, 0xEE31, 0xF631, 0xF631, 0xF651, 0xEE10, 0xE5AF, 0xD50D, 0xEDD0, 0xF631, 0xFEB3, 0xEE11, 0xDD6F, 0xDD8F, 0xEE32,
    0xF6D4, 0xF716, 0xFF15, 0xF716, 0xFF36, 0xF6B4, 0xF6F5, 0xFEF5, 0xFED4, 0xF693, 0xF672, 0xF672, 0xFEB3, 0xEE32, 0xF673, 0xF6B3,
    0xF672, 0xF693, 0xF693, 0xF652, 0xFEB3, 0xF652, 0xEDF0, 0xF631, 0xF672, 0xF672, 0xFEB3, 0xF672, 0xF631, 0xF652, 0xFE93, 0xF651,
    0xEE31, 0xFEB3, 0xFE93, 0xF672, 0xEE31, 0xE5AF, 0xE58E, 0xE58E, 0xEDEF, 0xC48B, 0x8285, 0x7A85, 0x82A6, 0x82A6, 0x69E3, 0x69A2,
    0x69A2, 0x69A2, 0x69A2, 0x69A2, 0x69A2, 0x6162, 0x9AE6, 0xAB88, 0xBC09, 0xC409, 0xBC29, 0xC44A, 0xC46A, 0xCC6A, 0xCC6A, 0xCCCC,
    0xDDD0, 0xDDD1, 0xDDD1, 0xDDF1, 0xE612, 0xE5F2, 0xDDD1, 0xDDD1, 0xDDF2, 0xE612, 0xE612, 0xE612, 0xE612, 0xE612, 0xE5F1, 0xE612,
    0xE612, 0xE612, 0xE612, 0xE612, 0xE612, 0xE612, 0xE612, 0xE612, 0xE612, 0xE612, 0xE612, 0xE612, 0xE632, 0xE632, 0xE632, 0xE632,
    0xE632, 0xE611, 0xE5EF, 0xE5EC, 0xEDED, 0xE5ED, 0xE5EC, 0xE5CC, 0xEDED, 0xE5AD, 0xD50C, 0xD4EC, 0xD4EC, 0xD4EC, 0xDD2D, 0xDD2E,
    0xD50D, 0xD52D, 0xDD2E, 0xDD6E, 0xE5AF, 0xE5CF, 0xEDEF, 0xEDEF, 0xEE30, 0xF651, 0xF672, 0xF673, 0xF673, 0xF673, 0xF673, 0xF693,
    0xF6B4, 0xF6B4, 0xF6B5, 0xF6B5, 0xF6B5, 0xF6B5, 0xF6B5, 0xEEB5, 0xEE95, 0xEEB5, 0xEE95, 0xEE73, 0xE632, 0x8B07, 0xA3C9, 0xB44B,
    0xF690, 0xF6B0, 0xFF12, 0xFF12, 0xF6B0, 0xF6B0, 0xFEF1, 0xFED1, 0xFEB1, 0xFEB1, 0xF6D2, 0xF6F4, 0xFF16, 0xF716, 0xF737, 0xF758,
    0xF737, 0xFF37, 0xFF37, 0xF717, 0xF717, 0xF737, 0xFF58, 0xFF58, 0xFF38, 0xF737, 0xEEF6, 0xEEF6, 0xFF37, 0xFF58, 0xFF58, 0xFF37,
    0xF737, 0xEEF5, 0xF716, 0xEE52, 0xE5F0, 0xE5B0, 0xEDF1, 0xEE52, 0xF652, 0xEE11, 0xEDF0, 0xEDF0, 0xE5AF, 0xE5AF, 0xEDF1, 0xEE31,
    0xEE11, 0xEDF0, 0xE5AF, 0xE5D0, 0xF652, 0xEE11, 0xEE11, 0xEE31, 0xEE11, 0xEE31, 0xEE31, 0xE5F0, 0xE5D0, 0xE5F0, 0xEE11, 0xEDF1,
    0xE5AF, 0xE5D0, 0xEDF0, 0xEE11, 0xEDF0, 0xEE11, 0xF632, 0xE5D0, 0xE5AF, 0xE5D0, 0xF611, 0xEE31, 0xF631, 0xEE11, 0xEDF0, 0xEDF0,
    0xEDF0, 0xEDF0, 0xEDF0, 0xEDF0, 0xEDF0, 0xF631, 0xEE30, 0xEE10, 0xE58F, 0xE5AF, 0xEDF0, 0xEE32, 0xE5F1, 0xEE53, 0xF715, 0xF6D5,
    0xF6D4, 0xF693, 0xF693, 0xF693, 0xF6B4, 0xEE72, 0xEE52, 0xF693, 0xF6B3, 0xF693, 0xF673, 0xEE52, 0xF673, 0xEE52, 0xFEB3, 0xF693,
    0xF693, 0xF693, 0xEE52, 0xEE31, 0xF652, 0xF651, 0xEE31, 0xF652, 0xF672, 0xF652, 0xFE93, 0xF631, 0xEDF0, 0xF631, 0xFE72, 0xF651,
    0xF652, 0xF672, 0xF652, 0xFE72, 0xF631, 0xE58F, 0xE58E, 0xE58F, 0xE58E, 0xEDCF, 0xBC4A, 0x9B06, 0x92E6, 0x8AC5, 0x9B27, 0xABC9,
    0x92E6, 0x9B07, 0x9B06, 0x9306, 0x9306, 0x9B06, 0xBC09, 0xC449, 0xBC29, 0xBC09, 0xBC29, 0xC44A, 0xCC8B, 0xCC8B, 0xCC8A, 0xCCAB,
    0xD54E, 0xDDD1, 0xDDF1, 0xDDF1, 0xE612, 0xDDF2, 0xDDD1, 0xDDF1, 0xE612, 0xE612, 0xE612, 0xE612, 0xE612, 0xE612, 0xE612, 0xE612,
    0xE612, 0xE632, 0xE632, 0xE612, 0xE632, 0xE612, 0xE612, 0xE612, 0xE612, 0xE632, 0xE612, 0xE612, 0xE611, 0xE632, 0xE632, 0xE632,
    0xE632, 0xE610, 0xE5ED, 0xEDEC, 0xEDEC, 0xEDEC, 0xE5EC, 0xE5ED, 0xEDED, 0xE5AD, 0xD50C, 0xD4EC, 0xCCCC, 0xD4ED, 0xD50D, 0xDD2D,
    0xD50D, 0xD50D, 0xD50D, 0xDD2D, 0xDD4D, 0xE56E, 0xE5AE, 0xE5CF, 0xEDEF, 0xEE10, 0xEE31, 0xF652, 0xF652, 0xF672, 0xF673, 0xF673,
    0xF694, 0xF6B4, 0xF6B5, 0xF6B5, 0xF6B5, 0xF6B5, 0xF6D5, 0xEEB5, 0xEE95, 0xF6B5, 0xEE74, 0xE653, 0xD590, 0x9BA9, 0xAC0A, 0xB44B,
    0xFEB0, 0xFEF2, 0xFED2, 0xEE70, 0xF690, 0xFED1, 0xFED1, 0xFEB0, 0xF690, 0xF690, 0xFEF2, 0xFEF3, 0xF6B3, 0xF6F5, 0xFF58, 0xF717,
    0xF717, 0xF717, 0xF717, 0xFF58, 0xFF58, 0xFF79, 0xFF78, 0xFF58, 0xFF58, 0xF716, 0xE6B5, 0xF717, 0xFF58, 0xFF38, 0xF717, 0xFF58,
    0xFF78, 0xFF78, 0xF737, 0xF6D4, 0xE5D0, 0xE5D0, 0xE58F, 0xE5D0, 0xEE11, 0xEDF0, 0xF631, 0xF631, 0xEE31, 0xEE11, 0xEE31, 0xEDF1,
    0xE5AF, 0xEDF0, 0xEE11, 0xEDF0, 0xEE11, 0xEE11, 0xF632, 0xF632, 0xEE31, 0xF672, 0xF652, 0xEDF0, 0xEE11, 0xEE31, 0xEE11, 0xE5AF,
    0xDD8F, 0xE5AF, 0xE5AF, 0xE5AF, 0xE5F0, 0xEE31, 0xEE11, 0xE5CF, 0xDD8F, 0xDD6F, 0xE5AF, 0xEE11, 0xEE31, 0xF631, 0xF651, 0xF631,
    0xF631, 0xF631, 0xEE31, 0xEE31, 0xE5AF, 0xEE10, 0xF651, 0xF672, 0xF672, 0xEE52, 0xF673, 0xF694, 0xF6F6, 0xFF57, 0xFF58, 0xFF37,
    0xF716, 0xEE93, 0xF693, 0xEE72, 0xEE31, 0xEE11, 0xE5F0, 0xF692, 0xF693, 0xF6B3, 0xF6B4, 0xF6B4, 0xFED4, 0xF673, 0xEE52, 0xF672,
    0xF672, 0xF693, 0xF693, 0xF672, 0xF672, 0xEE11, 0xF692, 0xFED3, 0xF673, 0xF672, 0xEE31, 0xF631, 0xEDF0, 0xE58F, 0xEDF0, 0xF692,
    0xFEB3, 0xFE93, 0xEE11, 0xEDF0, 0xEDF0, 0xE5AF, 0xE58E, 0xE58F, 0xE58E, 0xE56E, 0xEDCF, 0xEDCF, 0xCCCC, 0xD4EC, 0xD4EC, 0xCC8B,
    0xC48B, 0xCCAC, 0xCCAC, 0xCC8B, 0xCC8B, 0xCC8B, 0xC42A, 0xBC2A, 0xC44A, 0xC46A, 0xC46A, 0xCC8B, 0xCC8B, 0xC48B, 0xC48A, 0xCC8B,
    0xCCED, 0xDDD1, 0xDDF1, 0xE612, 0xE612, 0xE612, 0xE612, 0xE612, 0xE612, 0xE612, 0xDDF2, 0xE612, 0xE632, 0xE612, 0xE612, 0xE612,
    0xE632, 0xE632, 0xE632, 0xE612, 0xE612, 0xE632, 0xE612, 0xE612, 0xE612, 0xE612, 0xE632, 0xE632, 0xE632, 0xE632, 0xE632, 0xE632,
    0xEE53, 0xEE30, 0xE5EC, 0xE5CC, 0xE5CC, 0xEDED, 0xEDED, 0xE5CD, 0xE58D, 0xDD4C, 0xD4EC, 0xCCCC, 0xD4EC, 0xD50D, 0xD50D, 0xDD0D,
    0xDD2D, 0xD50D, 0xD50D, 0xDD2D, 0xDD2D, 0xDD4D, 0xDD4D, 0xDD8E, 0xE5AE, 0xE5CF, 0xEDF0, 0xEE10, 0xEE11, 0xEE31, 0xF652, 0xF673,
    0xF693, 0xF6B4, 0xF6B5, 0xF6B5, 0xF6B5, 0xF6D5, 0xF6D5, 0xF6B5, 0xEE95, 0xEEB5, 0xEE73, 0xEE53, 0xA40A, 0xA3C9, 0xBC8C, 0xBC8C,
    0xF6B1, 0xFED2, 0xFED2, 0xF6D1, 0xFEF2, 0xFEB0, 0xF690, 0xF66F, 0xF66F, 0xF690, 0xFED2, 0xFEF2, 0xFF13, 0xFEF3, 0xFF36, 0xF715,
    0xF716, 0xF6F6, 0xF717, 0xFF37, 0xFF37, 0xFF58, 0xFF78, 0xFF58, 0xFF38, 0xFF58, 0xF6F6, 0xFF58, 0xFF79, 0xF737, 0xF717, 0xFF79,
    0xFF99, 0xF738, 0xF6F6, 0xF6D5, 0xF693, 0xEE11, 0xD54E, 0xDD4E, 0xE58F, 0xDD6E, 0xEDCF, 0xEDF0, 0xE5AF, 0xEDD0, 0xEDF0, 0xEDD0,
    0xE5B0, 0xE5D0, 0xE5B0, 0xE5D0, 0xE5D0, 0xEDF1, 0xF632, 0xF652, 0xEDF0, 0xEE11, 0xEE11, 0xEE11, 0xEE11, 0xE5D0, 0xDD8F, 0xDD8F,
    0xDD8F, 0xDDAF, 0xDDAF, 0xE5AF, 0xEDF0, 0xEE11, 0xE5D0, 0xE5CF, 0xEE11, 0xEE11, 0xEE31, 0xF652, 0xF672, 0xFEB3, 0xEE31, 0xEE31,
    0xEE11, 0xEE31, 0xEE31, 0xF651, 0xEE31, 0xEE31, 0xE5AF, 0xEE31, 0xF716, 0xF716, 0xF716, 0xF717, 0xF717, 0xFF57, 0xFF58, 0xFF58,
    0xF737, 0xF6D4, 0xF6B3, 0xEE52, 0xEE51, 0xF693, 0xF673, 0xEE52, 0xEE31, 0xEE10, 0xFED4, 0xFEB4, 0xF673, 0xF672, 0xF693, 0xF673,
    0xF672, 0xFED4, 0xF673, 0xEDF0, 0xE5D0, 0xEDF0, 0xFEB3, 0xFEB3, 0xF672, 0xF672, 0xF652, 0xF631, 0xEDF0, 0xEDF0, 0xEE11, 0xEDF0,
    0xEE11, 0xEDF1, 0xE58F, 0xE5B0, 0xF631, 0xEDCF, 0xE5AF, 0xE5AF, 0xE5AF, 0xE58F, 0xE5AE, 0xE58E, 0xD4ED, 0xCCAC, 0xC48B, 0xC48B,
    0xC44A, 0xC46A, 0xC46A, 0xBC2A, 0xBC2A, 0xC44A, 0xC44A, 0xC46B, 0xCCAB, 0xCCAB, 0xCCCC, 0xCCAB, 0xC48B, 0xCCAB, 0xC48B, 0xC48B,
    0xCCAB, 0xCCEC, 0xDDD1, 0xE612, 0xE612, 0xE612, 0xE612, 0xE612, 0xE612, 0xE612, 0xE612, 0xE612, 0xE612, 0xE612, 0xE612, 0xE632,
    0xE632, 0xE632, 0xE632, 0xE632, 0xE632, 0xE632, 0xE632, 0xE612, 0xE632, 0xE612, 0xE632, 0xE632, 0xE632, 0xE632, 0xE632, 0xE631,
    0xEE30, 0xEE0E, 0xEDED, 0xE5CC, 0xE5CC, 0xEDEC, 0xE5ED, 0xE5ED, 0xDD4C, 0xD50C, 0xD4EC, 0xD4EC, 0xD4EC, 0xD50D, 0xD4ED, 0xD50D,
    0xD50D, 0xD50D, 0xD50D, 0xD50D, 0xDD2D, 0xDD0C, 0xD50C, 0xD50C, 0xDD4D, 0xDD4D, 0xDD4D, 0xE5AE, 0xE5AF, 0xE5CF, 0xF651, 0xF652,
    0xF673, 0xF694, 0xF6B4, 0xF6B5, 0xF6B5, 0xF6B5, 0xF6B5, 0xF6B5, 0xEE95, 0xEE94, 0xE653, 0xEE73, 0xC4ED, 0xA3C9, 0xB44B, 0xAC2A,
    0xEE30, 0xF692, 0xFED3, 0xF6D3, 0xF6D3, 0xF691, 0xF690, 0xF64F, 0xF66F, 0xF6B0, 0xFED1, 0xF6D1, 0xF6D1, 0xFEF2, 0xFF13, 0xFF13,
    0xFF14, 0xFF37, 0xFF37, 0xF716, 0xEED6, 0xF6F6, 0xEED6, 0xF6F6, 0xFF58, 0xFF78, 0xFF58, 0xFF58, 0xFF58, 0xF737, 0xF737, 0xF737,
    0xF717, 0xF717, 0xF716, 0xF6F5, 0xEE73, 0xE5D0, 0xE58F, 0xE5CF, 0xE58E, 0xDD4D, 0xE58E, 0xE5AF, 0xE58F, 0xE58F, 0xE58F, 0xE5AF,
    0xE5AF, 0xE5AF, 0xE58F, 0xE5AF, 0xE5AF, 0xEDF0, 0xEDF0, 0xEE10, 0xE58F, 0xE5D0, 0xDD8F, 0xE5CF, 0xEDD0, 0xE58F, 0xDD4E, 0xDD6F,
    0xDD8F, 0xDDAF, 0xE5AF, 0xE5AF, 0xDDAF, 0xE5D0, 0xEE31, 0xEE31, 0xEE11, 0xEE31, 0xF692, 0xF652, 0xEE11, 0xF672, 0xE5F0, 0xE5CF,
    0xEE10, 0xEE52, 0xEE10, 0xEE31, 0xFF15, 0xFEF6, 0xF6B4, 0xF6F5, 0xFF37, 0xF737, 0xF716, 0xFF57, 0xFF57, 0xFF58, 0xFF37, 0xF737,
    0xF716, 0xF737, 0xF715, 0xEE52, 0xF652, 0xF6B3, 0xFEB4, 0xF6B3, 0xF693, 0xF672, 0xFEB3, 0xEE51, 0xF652, 0xFE93, 0xEE72, 0xF672,
    0xFE93, 0xFEB3, 0xF652, 0xE5D0, 0xE5CF, 0xF672, 0xFEB3, 0xF652, 0xEE11, 0xF672, 0xF631, 0xE5AF, 0xEDD0, 0xF651, 0xEE11, 0xE5AF,
    0xEE11, 0xEE11, 0xE5D0, 0xF631, 0xEDD0, 0xEDF1, 0xEDF0, 0xEE10, 0xF631, 0xEE10, 0xF610, 0xEE10, 0xF610, 0xDD4D, 0xCCCC, 0xD50D,
    0xD50D, 0xD4EC, 0xD50D, 0xD4EC, 0xD4EC, 0xCCAB, 0xC46A, 0xCC8B, 0xC48B, 0xCCCC, 0xCCCC, 0xCCAB, 0xC48B, 0xCCAB, 0xCC8B, 0xCC8B,
    0xCC8B, 0xCCAB, 0xDDD0, 0xE612, 0xE612, 0xE611, 0xE611, 0xE612, 0xE632, 0xE612, 0xE612, 0xE612, 0xE612, 0xE612, 0xE612, 0xE632,
    0xE612, 0xE632, 0xE632, 0xE632, 0xE632, 0xE632, 0xE632, 0xE632, 0xE632, 0xE612, 0xE632, 0xE632, 0xE632, 0xE612, 0xE611, 0xE610,
    0xE60E, 0xEDEC, 0xEDED, 0xEDED, 0xEE0D, 0xEE0D, 0xEDED, 0xEDCD, 0xDD4D, 0xDD2D, 0xDD2D, 0xD50C, 0xD4CC, 0xCCCC, 0xCCCC, 0xD4ED,
    0xD4ED, 0xD4ED, 0xD4EC, 0xD4EC, 0xD50D, 0xD4EC, 0xD4EC, 0xD50C, 0xD50C, 0xD50C, 0xDD2D, 0xE58E, 0xE58E, 0xE5AF, 0xEDF0, 0xEDF0,
    0xEE11, 0xF673, 0xEE73, 0xEE94, 0xF6B5, 0xF6B5, 0xF6B5, 0xF6B5, 0xEE94, 0xEE94, 0xE653, 0xE632, 0xC4ED, 0xAC0A, 0xB46B, 0xAC09,
    0xF6B4, 0xFEF5, 0xF6F5, 0xEEB4, 0xF6F5, 0xFF36, 0xF6F2, 0xEE4F, 0xF690, 0xFED1, 0xFEF1, 0xF6D1, 0xF6B1, 0xFEF2, 0xF6D2, 0xF6D1,
    0xFF13, 0xFF35, 0xFF36, 0xF716, 0xFF58, 0xFF37, 0xF717, 0xF717, 0xFF58, 0xFF58, 0xFF58, 0xF757, 0xFF58, 0xF758, 0xFF58, 0xF738,
    0xEF17, 0xFF58, 0xFF58, 0xF716, 0xE5F1, 0xE5B0, 0xEDF0, 0xE5AF, 0xD50D, 0xD52D, 0xE5AF, 0xE56F, 0xDD6E, 0xDD6E, 0xDD6E, 0xDD8F,
    0xDD8F, 0xE5AF, 0xE5D0, 0xEDF1, 0xEDF1, 0xEE11, 0xEDF0, 0xEDD0, 0xEDF0, 0xEDF0, 0xEDF0, 0xEE10, 0xDD8F, 0xDD6E, 0xDD6E, 0xE5AF,
    0xDD8F, 0xD56E, 0xDDAF, 0xE5B0, 0xE5D0, 0xF652, 0xFEB4, 0xF652, 0xEE11, 0xF693, 0xF6D3, 0xE5F0, 0xE5F0, 0xEE72, 0xF673, 0xF693,
    0xF694, 0xF6F5, 0xF6D4, 0xF6B4, 0xFF16, 0xF6F6, 0xF6F5, 0xFF37, 0xF737, 0xF716, 0xFF57, 0xFF78, 0xFF58, 0xFF58, 0xFF37, 0xF737,
    0xFF78, 0xFF78, 0xF716, 0xF672, 0xEE31, 0xEE11, 0xEE11, 0xF652, 0xF672, 0xF672, 0xFEB3, 0xEE52, 0xF672, 0xFE93, 0xF672, 0xF672,
    0xF652, 0xF6B3, 0xEE31, 0xF631, 0xFEB3, 0xFED4, 0xF672, 0xEDF1, 0xEDF0, 0xF651, 0xEE11, 0xE5CF, 0xEDD0, 0xF652, 0xF651, 0xF652,
    0xFE93, 0xFED3, 0xFE93, 0xEE11, 0xEDF0, 0xEE31, 0xE5D0, 0xEDCF, 0xEDF0, 0xE5CF, 0xEDCF, 0xEDF0, 0xEDCF, 0xE5AF, 0xE58E, 0xE5AF,
    0xDD4D, 0xDD2D, 0xDD6E, 0xEDAF, 0xE58E, 0xD4EC, 0xD50D, 0xD50D, 0xCCCB, 0xD4EC, 0xCCCC, 0xCCAB, 0xCCAB, 0xCCAB, 0xCCAB, 0xCC8B,
    0xCC6A, 0xCCCB, 0xE5D0, 0xE612, 0xE612, 0xE612, 0xE612, 0xE612, 0xE612, 0xE612, 0xE612, 0xE612, 0xE612, 0xE612, 0xE612, 0xE612,
    0xE612, 0xE612, 0xE632, 0xE632, 0xE632, 0xE632, 0xE632, 0xE632, 0xE612, 0xE632, 0xE632, 0xE632, 0xE632, 0xE631, 0xE610, 0xE60E,
    0xEDED, 0xEDED, 0xEDED, 0xEDED, 0xEDED, 0xEE0D, 0xEDCD, 0xE56D, 0xDD4D, 0xDD2D, 0xDD2D, 0xDD0C, 0xD4EC, 0xCCCC, 0xCCCC, 0xD4ED,
    0xD4ED, 0xD4ED, 0xCCCC, 0xD4CC, 0xD4EC, 0xD4EC, 0xD4EC, 0xD50C, 0xD50C, 0xD50C, 0xDD0C, 0xDD2D, 0xE56E, 0xE56E, 0xE56E, 0xE56E,
    0xE5AF, 0xF611, 0xEE11, 0xEE73, 0xEE94, 0xF6B4, 0xF6B4, 0xF6B5, 0xF6B4, 0xEE74, 0xF6B4, 0xBCEE, 0x8B06, 0xAC2A, 0xB46B, 0xB44B,
    0xF736, 0xF737, 0xF716, 0xF736, 0xFF57, 0xF716, 0xF6D2, 0xF6B1, 0xF6D2, 0xF6D1, 0xFED1, 0xF6B1, 0xFED2, 0xF6D2, 0xF6B1, 0xF691,
    0xFF13, 0xFF34, 0xFF35, 0xFF56, 0xFF78, 0xFF78, 0xFF58, 0xFF99, 0xFF78, 0xFF58, 0xEEF6, 0xEED6, 0xFF37, 0xFF58, 0xFF79, 0xF758,
    0xF758, 0xFF79, 0xFF58, 0xF737, 0xEE93, 0xF693, 0xE5D0, 0xD52D, 0xDD4E, 0xDD6E, 0xE58F, 0xE58F, 0xE58F, 0xE58F, 0xE5AF, 0xE5AF,
    0xE5D0, 0xEE11, 0xF632, 0xF652, 0xEE31, 0xE5D0, 0xE5AF, 0xE5AF, 0xE5AF, 0xE5AF, 0xE5D0, 0xE5D0, 0xDD6E, 0xD50D, 0xD54E, 0xE5B0,
    0xE5D0, 0xE5CF, 0xE5D0, 0xE5F0, 0xDD8F, 0xEE11, 0xF693, 0xF672, 0xEE51, 0xF672, 0xF652, 0xEE52, 0xF6F5, 0xF6F5, 0xFF36, 0xFF57,
    0xFF37, 0xF737, 0xFF36, 0xFF57, 0xFF37, 0xF6F5, 0xEEF5, 0xFF37, 0xFF58, 0xFF58, 0xFF58, 0xF738, 0xFF58, 0xFF58, 0xF737, 0xFF78,
    0xFF58, 0xF757, 0xF6D4, 0xEE31, 0xEE31, 0xEE31, 0xEE31, 0xEE52, 0xF672, 0xF672, 0xFED4, 0xF652, 0xEE31, 0xF652, 0xF652, 0xF693,
    0xF693, 0xF693, 0xF672, 0xF672, 0xF693, 0xF693, 0xF652, 0xF631, 0xEDF0, 0xEE10, 0xEDF0, 0xEDF0, 0xE5AF, 0xF672, 0xF651, 0xF652,
    0xEE11, 0xF631, 0xEE11, 0xEE11, 0xF651, 0xF652, 0xF631, 0xEDD0, 0xE5AF, 0xE5AF, 0xEDD0, 0xF610, 0xE5AF, 0xEDF0, 0xEDAF, 0xE5AF,
    0xDD4E, 0xDD4D, 0xDD6E, 0xEDCF, 0xE56E, 0xCCCB, 0xE58E, 0xE58F, 0xDD2D, 0xD50D, 0xD4EC, 0xD50D, 0xD50C, 0xD50D, 0xCCAB, 0xCC8B,
    0xCC6A, 0xCCCB, 0xDD6E, 0xDDD0, 0xE612, 0xE612, 0xE612, 0xE612, 0xDE12, 0xE612, 0xE612, 0xE612, 0xE612, 0xE612, 0xE632, 0xE632,
    0xE612, 0xE612, 0xE632, 0xE632, 0xE632, 0xE632, 0xE632, 0xE632, 0xE632, 0xE611, 0xE612, 0xE611, 0xE610, 0xE610, 0xE610, 0xE5EC,
    0xE5CB, 0xEDCC, 0xEDED, 0xEE0D, 0xEE0D, 0xEDED, 0xE5AC, 0xD52D, 0xD50D, 0xD4EC, 0xD4EC, 0xD4ED, 0xD4CC, 0xCCCB, 0xCCCC, 0xCCAC,
    0xCCAB, 0xCCCB, 0xCCCC, 0xD4AB, 0xD4CB, 0xD4EC, 0xD4CB, 0xD4CC, 0xD4CB, 0xD4EC, 0xD50C, 0xD4EC, 0xD4EC, 0xDD2D, 0xDD2D, 0xDD4E,
    0xE56E, 0xE56F, 0xEDCF, 0xF652, 0xEE73, 0xEE72, 0xEE73, 0xF694, 0xEE94, 0xE653, 0xEE53, 0xBCEE, 0xA3C9, 0xB44B, 0xAC2A, 0xB44B,
    0xFF57, 0xF717, 0xF717, 0xFF57, 0xEED5, 0xEEB4, 0xF6F3, 0xF6D3, 0xFF14, 0xF6B1, 0xFED2, 0xF6D2, 0xFF13, 0xFF13, 0xFEF2, 0xFEF2,
    0xFF13, 0xFEF2, 0xF6B1, 0xEEB2, 0xF6F5, 0xF736, 0xF6F6, 0xF737, 0xEEB5, 0xEEF6, 0xF716, 0xF737, 0xFF58, 0xEEF6, 0xEEF6, 0xF717,
    0xF737, 0xFF79, 0xFF58, 0xFF57, 0xF716, 0xF6B4, 0xE5D0, 0xEDF0, 0xE5B0, 0xDD6E, 0xDD4D, 0xDD2D, 0xE58F, 0xE5B0, 0xE5D0, 0xEDF1,
    0xEE11, 0xF632, 0xF652, 0xF652, 0xEE11, 0xEDD0, 0xE58F, 0xDD8F, 0xE58F, 0xE58F, 0xEE10, 0xEE31, 0xEDF0, 0xDD8E, 0xDD6F, 0xE5F0,
    0xEDF0, 0xE5F0, 0xEE11, 0xE5F0, 0xD52E, 0xDD8F, 0xEE11, 0xEE31, 0xEE31, 0xF652, 0xF6B4, 0xFEF5, 0xFF16, 0xFF16, 0xFF37, 0xFF57,
    0xFF57, 0xFF37, 0xEEF6, 0xFF37, 0xF737, 0xEEF5, 0xF716, 0xFF58, 0xFF58, 0xFF57, 0xFF78, 0xFF79, 0xFF79, 0xFF78, 0xF737, 0xF737,
    0xEEF6, 0xFF57, 0xFF16, 0xEE52, 0xEE11, 0xEE52, 0xF672, 0xF672, 0xF652, 0xE5CF, 0xEDF1, 0xE5D0, 0xF631, 0xEDF0, 0xEE11, 0xEE31,
    0xEE31, 0xEE11, 0xF672, 0xF672, 0xEE31, 0xEE32, 0xEE31, 0xF632, 0xEDF0, 0xEDB0, 0xE5D0, 0xEE11, 0xE610, 0xFE93, 0xEE52, 0xF652,
    0xEE11, 0xF672, 0xF6B3, 0xF672, 0xF631, 0xF652, 0xF672, 0xEE11, 0xEDF1, 0xEDF0, 0xEDD0, 0xEDF0, 0xE5AF, 0xEDCF, 0xE58F, 0xEDAF,
    0xE58E, 0xDD4D, 0xDD6E, 0xEDCF, 0xDD2D, 0xD4EC, 0xE5AF, 0xE5AF, 0xE56E, 0xDD2D, 0xD50D, 0xDD2D, 0xD50D, 0xDD4D, 0xD4CC, 0xCC8B,
    0xCCAB, 0xD4EC, 0xD50C, 0xDDB0, 0xE612, 0xE612, 0xE612, 0xE612, 0xE612, 0xE632, 0xE633, 0xE612, 0xE612, 0xE612, 0xE632, 0xE633,
    0xE632, 0xE612, 0xE632, 0xE632, 0xE632, 0xE632, 0xE611, 0xEEB5, 0xEEF7, 0xE653, 0xE673, 0xEED6, 0xEEF6, 0xE652, 0xE630, 0xEED4,
    0xEF16, 0xF737, 0xF757, 0xEF38, 0xE694, 0xDD8B, 0xE632, 0xEEB7, 0xEE76, 0xEED8, 0xEEF9, 0xE6FA, 0xE697, 0xCD30, 0xEE76, 0xE655,
    0xDE13, 0xDE55, 0xDE76, 0xD570, 0xDD90, 0xCCCC, 0xD5D2, 0xE697, 0xD5D2, 0xDDD1, 0xCC8A, 0xDD91, 0xDDF3, 0xCCAB, 0xD54F, 0xE6B8,
    0xCD50, 0xEE96, 0xD52D, 0xDD6D, 0xE5AF, 0xEE32, 0xEF39, 0xE633, 0xE633, 0xEED8, 0xDE35, 0xB4CF, 0xABE9, 0xB46B, 0xAC2A, 0xAC0A,
    0xF716, 0xF737, 0xFF58, 0xFF78, 0xF716, 0xF6D5, 0xF6D4, 0xEEB4, 0xF6F5, 0xF6F4, 0xFF15, 0xFF56, 0xFF35, 0xFEF3, 0xFEF2, 0xFEF2,
    0xFEF2, 0xF6D1, 0xF691, 0xF6B1, 0xF6D3, 0xFF36, 0xFF57, 0xFF37, 0xF6F6, 0xF716, 0xF6F6, 0xFF58, 0xFF58, 0xF717, 0xEF16, 0xF737,
    0xEEF6, 0xF6F6, 0xEEF6, 0xF716, 0xEEB4, 0xEE73, 0xE5F0, 0xEDF1, 0xDD8F, 0xD52D, 0xD50D, 0xD50D, 0xE56F, 0xE56F, 0xDD8F, 0xE5D0,
    0xEE11, 0xEDF1, 0xEDF0, 0xE5F0, 0xEDD0, 0xEDF0, 0xEE11, 0xE5D0, 0xDD8F, 0xD54D, 0xE5AF, 0xEDF0, 0xE5B0, 0xE5AF, 0xDD6F, 0xE5B0,
    0xE5AF, 0xEE72, 0xF6D4, 0xF6B3, 0xE631, 0xEE32, 0xF693, 0xF6B4, 0xF693, 0xE632, 0xF6F5, 0xFF37, 0xFF36, 0xF6F6, 0xFF37, 0xFF57,
    0xF717, 0xF737, 0xF737, 0xFF37, 0xF6F6, 0xF6F6, 0xF716, 0xFF37, 0xF757, 0xF737, 0xFF78, 0xFF78, 0xF738, 0xFF58, 0xFF78, 0xFF78,
    0xFF57, 0xF737, 0xF6F5, 0xF6B4, 0xF6B4, 0xF6B4, 0xF693, 0xF693, 0xEE52, 0xEE11, 0xF672, 0xF672, 0xEE11, 0xE5D0, 0xEE31, 0xEDF0,
    0xE58F, 0xEDF0, 0xF693, 0xF673, 0xF693, 0xFEF4, 0xFED4, 0xF672, 0xEE10, 0xEDF0, 0xEE52, 0xFED4, 0xFEF4, 0xF6D4, 0xF6B3, 0xFEF4,
    0xFED4, 0xFEF4, 0xF6B3, 0xF673, 0xF672, 0xEE31, 0xEDF0, 0xE5CF, 0xEE11, 0xE5AF, 0xDD6E, 0xDD6E, 0xE58F, 0xE56E, 0xDD4E, 0xE58F,
    0xE56E, 0xDD4E, 0xDD4D, 0xDD4E, 0xD50D, 0xD4EC, 0xE56E, 0xDD6E, 0xDD6E, 0xE58E, 0xE58F, 0xD50D, 0xCCCC, 0xD4EC, 0xD50D, 0xCCAB,
    0xCCCC, 0xD4EC, 0xD4CC, 0xD50D, 0xDDD0, 0xE612, 0xE612, 0xE612, 0xE612, 0xE632, 0xE632, 0xE612, 0xE632, 0xE632, 0xE632, 0xE632,
    0xE632, 0xE632, 0xE632, 0xE632, 0xE632, 0xE632, 0xE632, 0xEF18, 0xE75B, 0xDEB9, 0xE719, 0xE6D8, 0xDED8, 0xDE97, 0xDDCE, 0xE717,
    0xB531, 0xDED7, 0xCE14, 0xC5B2, 0xC56F, 0xDD6C, 0xDDD0, 0xDDD2, 0xE655, 0xD636, 0xBD31, 0xD5F3, 0xCDB2, 0xD614, 0xDE55, 0xEF5A,
    0xCE57, 0xDED9, 0xE71B, 0xD656, 0xDE76, 0xBCCE, 0xE6FA, 0xF7BD, 0xEF1A, 0xE6D8, 0xE697, 0xE71A, 0xE697, 0xCCED, 0xE634, 0xF79D,
    0xDE57, 0xF75B, 0xE675, 0xE633, 0xE674, 0xE6D8, 0xDEFA, 0xF77C, 0xF77C, 0xFF7A, 0xFF5B, 0xD5F5, 0xA3C9, 0xB44B, 0xB44B, 0xA3E9,
    0xFF57, 0xFF78, 0xFF58, 0xFF58, 0xFF57, 0xFF37, 0xFF37, 0xFF37, 0xFF37, 0xFF78, 0xFF78, 0xFF36, 0xF6F3, 0xFEF3, 0xF6B2, 0xEE91,
    0xF6D1, 0xFED1, 0xFED1, 0xFED2, 0xFF14, 0xFF35, 0xFF15, 0xF6F5, 0xFF37, 0xFF36, 0xFF37, 0xF737, 0xF717, 0xFF37, 0xFF58, 0xF737,
    0xFF57, 0xF717, 0xF6F6, 0xF716, 0xEEB4, 0xEEB4, 0xEE52, 0xEE11, 0xEE11, 0xE5D0, 0xE5D0, 0xE5D0, 0xE5D0, 0xEDF0, 0xEDF1, 0xEE11,
    0xE5F0, 0xE58F, 0xDD8F, 0xE58F, 0xE5AF, 0xF631, 0xEDF0, 0xE5AF, 0xDD8F, 0xE5AF, 0xDD4E, 0xDD6E, 0xE5F0, 0xE5D0, 0xE5AF, 0xE5D0,
    0xE611, 0xF6D4, 0xF6F4, 0xF716, 0xF6F6, 0xEE73, 0xEEB4, 0xF736, 0xF716, 0xF716, 0xFF37, 0xFF57, 0xFF57, 0xFF57, 0xFF58, 0xF716,
    0xF737, 0xF737, 0xF737, 0xF717, 0xF737, 0xFF37, 0xF757, 0xFF78, 0xFF78, 0xFF78, 0xFF78, 0xF737, 0xFF58, 0xFF78, 0xFF78, 0xFF98,
    0xFF78, 0xFF78, 0xF715, 0xF6B4, 0xFEF4, 0xF693, 0xEE52, 0xF693, 0xF672, 0xEE31, 0xF651, 0xEE11, 0xE5F0, 0xF672, 0xF652, 0xEDD0,
    0xEDF0, 0xF693, 0xF6B3, 0xEE11, 0xF693, 0xFF15, 0xEE52, 0xE5D0, 0xEE11, 0xEE52, 0xF6D3, 0xF693, 0xFEB4, 0xFF15, 0xFF35, 0xF693,
    0xE5F0, 0xEDF0, 0xEE31, 0xF693, 0xFEB4, 0xF652, 0xF651, 0xEDF0, 0xEDF0, 0xE58F, 0xE5CF, 0xE5AF, 0xE58F, 0xE58E, 0xDD6E, 0xE56E,
    0xDD6E, 0xDD4D, 0xDD4D, 0xDD4D, 0xE56E, 0xDD2D, 0xDD4E, 0xDD2D, 0xE58E, 0xDD6E, 0xE56E, 0xDD6E, 0xDD4D, 0xDD6E, 0xD50D, 0xCCCC,
    0xD4EC, 0xD4EC, 0xD4CC, 0xD4CC, 0xDD8F, 0xDDF1, 0xE612, 0xE612, 0xE632, 0xE632, 0xE632, 0xE632, 0xE632, 0xE632, 0xE632, 0xE612,
    0xE632, 0xE632, 0xE632, 0xE632, 0xE632, 0xE632, 0xEE73, 0xC5B2, 0xCE56, 0xB552, 0xDED8, 0xCDB2, 0xDE12, 0xDE96, 0xDD6C, 0xEED3,
    0xD611, 0xDE74, 0xCE14, 0xDE74, 0xD58E, 0xEDAC, 0xDD6D, 0xEE75, 0xEF1A, 0xDE77, 0xE6D9, 0xEF1A, 0xCD91, 0xD613, 0xD5D3, 0xE6B7,
    0xBDB4, 0xCE56, 0xE6F9, 0xDE77, 0xC5B2, 0xBD2F, 0xE6FA, 0xE71A, 0xDEB9, 0xD657, 0xCE36, 0xD678, 0xE698, 0xCE15, 0xD657, 0xEF7C,
    0xE71A, 0xEF3B, 0xD657, 0xE6B7, 0xD697, 0xCE36, 0xEF3B, 0xCE37, 0xCE16, 0xEF1A, 0xDE15, 0xB4AE, 0xAC4B, 0xAC2A, 0xAC2B, 0xAC2A,
    0xFF57, 0xFF57, 0xFF57, 0xF737, 0xF716, 0xF737, 0xFF78, 0xFF79, 0xFF79, 0xFF79, 0xFF78, 0xEED4, 0xF6D3, 0xFF15, 0xFF14, 0xFED2,
    0xF6D1, 0xF6D2, 0xFEF2, 0xFED1, 0xFEF3, 0xFF14, 0xF691, 0xEE70, 0xF6F3, 0xFF35, 0xFF36, 0xFF35, 0xF715, 0xF6F5, 0xF716, 0xFF38,
    0xF717, 0xF6F6, 0xF716, 0xF717, 0xF716, 0xF6D5, 0xEE52, 0xEE12, 0xF652, 0xEE52, 0xF673, 0xF673, 0xEE32, 0xEE32, 0xEE31, 0xEE11,
    0xE5D0, 0xDD6E, 0xDD4E, 0xDD4E, 0xE58F, 0xEE11, 0xDD6E, 0xE5AF, 0xF631, 0xEDF0, 0xDDAF, 0xE610, 0xEDF1, 0xEDF0, 0xEDF0, 0xEE53,
    0xF715, 0xF6F5, 0xF6F5, 0xF715, 0xF716, 0xF716, 0xF6F6, 0xFF37, 0xFF58, 0xFF58, 0xFF78, 0xFF79, 0xFF99, 0xFF99, 0xFF78, 0xFF58,
    0xFF57, 0xFF57, 0xFF57, 0xFF57, 0xFF58, 0xFF78, 0xFF78, 0xFF78, 0xFF78, 0xFF57, 0xFF78, 0xFF78, 0xFF78, 0xFF58, 0xFF78, 0xFF58,
    0xF737, 0xFF98, 0xF716, 0xEE93, 0xEE73, 0xF693, 0xF6B3, 0xF672, 0xE5CF, 0xDD8E, 0xEDF0, 0xE5AF, 0xFE93, 0xFED4, 0xF6B3, 0xEE31,
    0xF672, 0xFED4, 0xFED4, 0xF672, 0xF673, 0xF693, 0xF631, 0xEE31, 0xEE52, 0xF673, 0xFEF4, 0xF693, 0xF6B3, 0xFED4, 0xF6D4, 0xEE52,
    0xDD8F, 0xDD8F, 0xE5F0, 0xF693, 0xF694, 0xF693, 0xF6B3, 0xEE51, 0xEE11, 0xEDF0, 0xF611, 0xEDD0, 0xE58E, 0xEDCF, 0xE56E, 0xE56E,
    0xDD6E, 0xDD6E, 0xDD4E, 0xDD2D, 0xDD2D, 0xE56E, 0xD52D, 0xD50D, 0xDD6E, 0xDD6E, 0xE58F, 0xEDAF, 0xE5AF, 0xE58F, 0xDD2D, 0xD50C,
    0xCCEC, 0xD4EC, 0xD50D, 0xD50C, 0xD50D, 0xE5B0, 0xE612, 0xE632, 0xE612, 0xE632, 0xE632, 0xE633, 0xEE53, 0xE632, 0xE612, 0xE612,
    0xE632, 0xE633, 0xE632, 0xE632, 0xE632, 0xE632, 0xE652, 0xE695, 0xF77C, 0xD676, 0xE6F9, 0xD614, 0xEE94, 0xDE55, 0xDE31, 0xEF39,
    0xE6F9, 0xEF5B, 0xE71A, 0xDED8, 0xE6D7, 0xDD8E, 0xDD8E, 0xF719, 0xDE77, 0xCDD4, 0xCDF4, 0xE71A, 0xBCF0, 0xDE34, 0xEEF9, 0xDE55,
    0xF75B, 0xC5D5, 0xDEB9, 0xCE15, 0xC530, 0xBD0F, 0xEF3A, 0xD677, 0xE6FA, 0xD657, 0xBD73, 0xCE36, 0xE677, 0xB46B, 0xBCAD, 0xE6D8,
    0xC592, 0xDE35, 0xBCAC, 0xCD0E, 0xBD71, 0xCE15, 0xF79D, 0xCE57, 0xC5F5, 0xD656, 0xC531, 0x8B26, 0xBC6C, 0xB44B, 0xA3E9, 0xA3C9,
    0xFF37, 0xFF57, 0xF716, 0xEEB5, 0xEED5, 0xF737, 0xFF58, 0xF758, 0xFF58, 0xFF79, 0xFF99, 0xFF58, 0xFF58, 0xFF78, 0xF6F5, 0xF6D3,
    0xF6B2, 0xFED2, 0xFEF2, 0xFED2, 0xFEF2, 0xF6F2, 0xEE70, 0xEE2F, 0xEE50, 0xFF35, 0xFF14, 0xF6D3, 0xEE92, 0xF6D2, 0xF6D3, 0xF6F4,
    0xF716, 0xF737, 0xF738, 0xF737, 0xEEB5, 0xEE73, 0xDDB0, 0xE5B0, 0xE5B0, 0xE5F0, 0xEE52, 0xFEB4, 0xF673, 0xF652, 0xE5F0, 0xE5D0,
    0xEDF0, 0xEDD0, 0xE5AF, 0xDD6E, 0xE5D0, 0xE58F, 0xDD6E, 0xE5F0, 0xDD6E, 0xE5AF, 0xEE72, 0xF6D4, 0xF6D5, 0xF6F5, 0xEEB4, 0xF6D4,
    0xF716, 0xF6F5, 0xF6F5, 0xF6D5, 0xF6F6, 0xFF78, 0xFF78, 0xFF58, 0xFF58, 0xFF58, 0xFF78, 0xFF79, 0xFF79, 0xFF58, 0xF717, 0xF737,
    0xF716, 0xF716, 0xF716, 0xFF37, 0xFF37, 0xFF78, 0xFF78, 0xFF78, 0xF757, 0xF716, 0xFF58, 0xFF99, 0xFF78, 0xFF58, 0xF737, 0xF736,
    0xFF58, 0xFF98, 0xF716, 0xF6F5, 0xF694, 0xF6B3, 0xEE52, 0xE5D0, 0xEDF1, 0xF672, 0xF672, 0xEE11, 0xF651, 0xFED4, 0xF6D4, 0xF672,
    0xF652, 0xF672, 0xF6B3, 0xEE52, 0xEE11, 0xF631, 0xEDF0, 0xF693, 0xF6B3, 0xFED4, 0xFEF4, 0xFEF4, 0xFF15, 0xF6B4, 0xF693, 0xFEB4,
    0xF693, 0xF672, 0xFED4, 0xFEF5, 0xFEF5, 0xFEF5, 0xF6B4, 0xF6B3, 0xFEB3, 0xEE11, 0xE5AF, 0xEDD0, 0xE5AF, 0xEDAF, 0xDD2D, 0xDD4D,
    0xDD4D, 0xE5AF, 0xE58E, 0xDD2D, 0xDD2D, 0xDD4D, 0xDD2D, 0xD50C, 0xDD4D, 0xE58F, 0xEDAF, 0xE58E, 0xE58E, 0xE5AF, 0xE58F, 0xDD4E,
    0xDD2D, 0xD50C, 0xD4CC, 0xD4EC, 0xD4EC, 0xD50D, 0xE5F1, 0xE632, 0xE612, 0xEE53, 0xE633, 0xEE53, 0xEE73, 0xE632, 0xE632, 0xE633,
    0xE632, 0xE632, 0xE632, 0xE632, 0xE632, 0xE632, 0xEE32, 0xD5D1, 0xEF1A, 0xC5D3, 0xD655, 0xD5F3, 0xE674, 0xDE76, 0xD56D, 0xCD91,
    0xC550, 0xE6D8, 0xC5B2, 0xCD2D, 0xCD6E, 0xD54C, 0xDDAE, 0xEED7, 0xEF1A, 0xDE97, 0xEF19, 0xEF3B, 0xC572, 0xCE14, 0xE677, 0xC4ED,
    0xEEFA, 0xB532, 0xE6D9, 0xDEB8, 0xB4CE, 0xCD92, 0xF75B, 0xCE57, 0xE6B9, 0xDE98, 0xACAF, 0xD657, 0xE676, 0xD4EB, 0xE675, 0xE73B,
    0xEF5B, 0xEF19, 0xEE97, 0xE634, 0xD613, 0xD677, 0xEF5C, 0xE71B, 0xE6FA, 0xCD92, 0xD5F5, 0xAC4D, 0xB46C, 0xB44B, 0xAC2A, 0x9347,
    0xFF37, 0xF6F6, 0xF6F6, 0xF737, 0xFF78, 0xFF58, 0xFF78, 0xF758, 0xFF58, 0xFF78, 0xFF79, 0xFF99, 0xFF79, 0xFF79, 0xFF57, 0xFF36,
    0xFF35, 0xFF34, 0xF6D2, 0xFED2, 0xF6D2, 0xF6D2, 0xF6D2, 0xF6B2, 0xEEB2, 0xFF14, 0xF6B2, 0xF6B2, 0xFF13, 0xFEF2, 0xF6B1, 0xF6D2,
    0xFF15, 0xFF36, 0xFF57, 0xFF58, 0xFF37, 0xF6F5, 0xEE73, 0xEE11, 0xE5AF, 0xEE31, 0xF673, 0xF693, 0xEE31, 0xE5B0, 0xE5B0, 0xEDF1,
    0xF631, 0xEE10, 0xEE11, 0xEE31, 0xEE31, 0xF672, 0xF693, 0xDD6E, 0xC4CC, 0xE611, 0xF6F5, 0xEED4, 0xF716, 0xF737, 0xF716, 0xEEF5,
    0xEED5, 0xFF36, 0xFF57, 0xEEB5, 0xF6F6, 0xF757, 0xF737, 0xFF58, 0xFF58, 0xF737, 0xF717, 0xFF58, 0xFF78, 0xF737, 0xF737, 0xF737,
    0xFF37, 0xFF37, 0xF737, 0xF737, 0xFF58, 0xFF78, 0xFF58, 0xFF57, 0xFF57, 0xFF57, 0xFF78, 0xFF58, 0xF717, 0xF716, 0xF716, 0xF758,
    0xFF99, 0xFF58, 0xF737, 0xFF57, 0xF6B4, 0xEE52, 0xEE31, 0xEE11, 0xEDF0, 0xEE31, 0xF651, 0xEDF0, 0xEE31, 0xF693, 0xEE11, 0xE5AF,
    0xE5AF, 0xE5CF, 0xEDF0, 0xEDF0, 0xEE31, 0xF652, 0xEE31, 0xF693, 0xF673, 0xF6B4, 0xF6D4, 0xF6B3, 0xFEF5, 0xF693, 0xF693, 0xF6B3,
    0xF672, 0xEE52, 0xF672, 0xF673, 0xF6B3, 0xF693, 0xF693, 0xF693, 0xF672, 0xEE11, 0xE5AF, 0xDD6E, 0xE58F, 0xE58F, 0xDD6E, 0xDD4D,
    0xDD2D, 0xDD6E, 0xDD4D, 0xDD4D, 0xDD2D, 0xD50C, 0xE56E, 0xE58E, 0xE56E, 0xDD4E, 0xDD4D, 0xDD4E, 0xE58F, 0xEDD0, 0xE58E, 0xDD4E,
    0xDD2D, 0xCC8B, 0xC44A, 0xCCAB, 0xD4EC, 0xD4EC, 0xDD6F, 0xE5F1, 0xE653, 0xE653, 0xE633, 0xEE53, 0xEE53, 0xE632, 0xE632, 0xE633,
    0xE632, 0xE632, 0xE632, 0xE632, 0xE632, 0xE632, 0xE611, 0xEED6, 0xD696, 0xDEB7, 0xE6F8, 0xEF39, 0xEF38, 0xD635, 0xDD8C, 0xEDEE,
    0xEE30, 0xF77A, 0xCDB0, 0xEDAB, 0xEDCC, 0xE5CC, 0xDD6C, 0xD590, 0xDE35, 0xDE97, 0xC593, 0xBD51, 0xBD2F, 0xBCCE, 0xEED8, 0xEF19,
    0xEEFA, 0xCDB4, 0xEF5B, 0xC5F5, 0xC5B2, 0xDE76, 0xF6F9, 0xE71B, 0xE71A, 0xDE98, 0xB4F0, 0xEF1A, 0xE655, 0xE653, 0xD656, 0xC4EE,
    0xDE34, 0xEF7C, 0xD615, 0xDD4F, 0xE6B6, 0xD677, 0xDE98, 0xBD93, 0xEF1A, 0xBD0F, 0xE697, 0xDE36, 0xB44B, 0xAC0A, 0xAC0A, 0x8B07,
    0xF737, 0xEEB5, 0xF716, 0xFF78, 0xFF38, 0xFF58, 0xFF99, 0xFF79, 0xFF79, 0xFF79, 0xFF99, 0xFF58, 0xF717, 0xF717, 0xFF79, 0xFF79,
    0xF736, 0xF714, 0xFF14, 0xF6B2, 0xFEF2, 0xFF34, 0xFF14, 0xFF54, 0xFF34, 0xFF35, 0xFF34, 0xFF13, 0xF6F2, 0xFED2, 0xF6B1, 0xF6B1,
    0xFF14, 0xFF15, 0xF736, 0xF717, 0xF717, 0xF6F6, 0xF6B4, 0xF673, 0xF652, 0xEE11, 0xE5F0, 0xE5F0, 0xEE31, 0xEE11, 0xEE31, 0xEE11,
    0xEDF1, 0xE5CF, 0xEE31, 0xEE72, 0xEE72, 0xF6B4, 0xEE93, 0xEE73, 0xF6D5, 0xFF36, 0xFF57, 0xF736, 0xF736, 0xF717, 0xF716, 0xF737,
    0xF716, 0xFF58, 0xFF78, 0xFF58, 0xFF57, 0xF717, 0xF737, 0xFF58, 0xFF58, 0xFF58, 0xFF58, 0xFF78, 0xFF58, 0xF737, 0xFF57, 0xF737,
    0xF716, 0xF737, 0xF737, 0xFF57, 0xFF78, 0xEF16, 0xFF57, 0xFF57, 0xFF57, 0xFF37, 0xFF57, 0xF6F6, 0xEEF6, 0xF736, 0xFF58, 0xFFB9,
    0xFF99, 0xF737, 0xFF78, 0xFF78, 0xFF57, 0xF6F5, 0xF673, 0xE5F0, 0xDDAF, 0xE5D0, 0xE5F0, 0xEDF0, 0xF672, 0xF693, 0xEDF1, 0xE5D0,
    0xEE10, 0xEDF0, 0xF672, 0xF672, 0xF652, 0xF652, 0xF652, 0xF6B3, 0xFEF5, 0xFEF5, 0xFED4, 0xF673, 0xF6B4, 0xFEF4, 0xF673, 0xF652,
    0xF672, 0xF673, 0xF652, 0xEE11, 0xF672, 0xF672, 0xEE52, 0xF693, 0xF693, 0xF672, 0xF652, 0xE58F, 0xDD4E, 0xDD4E, 0xDD6E, 0xE56E,
    0xE58E, 0xE56E, 0xE56E, 0xE58E, 0xDD6D, 0xD52D, 0xE56E, 0xE58E, 0xE56E, 0xDD4E, 0xD50D, 0xDD6E, 0xEDCF, 0xE58E, 0xDD4E, 0xDD2D,
    0xD4EC, 0xCC8B, 0xD4CC, 0xD50C, 0xD4EC, 0xD4EC, 0xD4EC, 0xDDB0, 0xEE73, 0xE632, 0xEE53, 0xEE53, 0xEE53, 0xE632, 0xEE53, 0xEE53,
    0xE632, 0xE632, 0xE632, 0xE632, 0xE632, 0xE632, 0xE652, 0xDE96, 0xC54F, 0xDDF1, 0xD633, 0xD613, 0xC56F, 0xCD4E, 0xE5ED, 0xEDED,
    0xEED4, 0xDEB8, 0xCD6F, 0xEDEC, 0xE5CC, 0xDD8C, 0xD52C, 0xE633, 0xE696, 0xC570, 0xEEF8, 0xDE77, 0xB4AD, 0xCD2F, 0xF6F8, 0xCDB2,
    0xC4EE, 0xC4CE, 0xC550, 0xC571, 0xCDD3, 0xEEB8, 0xDDD2, 0xC550, 0xCDD3, 0xE6B8, 0xCDF4, 0xDE36, 0xF6D8, 0xD5F3, 0xB4AD, 0xD50D,
    0xDD90, 0xEEF9, 0xC591, 0xD52D, 0xDE13, 0xD677, 0xDEB8, 0xCDF4, 0xDEB9, 0xC592, 0xE697, 0xC551, 0xAC2A, 0xB42B, 0xA3E9, 0x82C6,
    0xEED5, 0xF716, 0xFF57, 0xFF58, 0xFF58, 0xFF58, 0xFF58, 0xFF79, 0xFF79, 0xFF99, 0xFF78, 0xFF78, 0xF737, 0xF717, 0xFF58, 0xF737,
    0xF6F5, 0xFEF5, 0xF6F4, 0xFEF3, 0xF6D2, 0xF6D2, 0xFEF3, 0xFF14, 0xFF75, 0xFF76, 0xFF13, 0xF6B1, 0xF670, 0xF691, 0xF690, 0xF6D1,
    0xFF13, 0xFF14, 0xFF35, 0xFF37, 0xF736, 0xFF37, 0xF716, 0xEE52, 0xE611, 0xE5F0, 0xE5D0, 0xEE10, 0xEE10, 0xE5D0, 0xE5AF, 0xE5AF,
    0xDD8F, 0xE5D0, 0xEE51, 0xF693, 0xEE53, 0xE652, 0xF6D5, 0xFF78, 0xFF99, 0xFF78, 0xFF57, 0xF716, 0xF716, 0xF737, 0xF737, 0xFF37,
    0xFF57, 0xF737, 0xFF58, 0xFF58, 0xFF78, 0xFF58, 0xFF58, 0xFF99, 0xFF78, 0xFF78, 0xFF79, 0xFF78, 0xFF78, 0xFF58, 0xFF58, 0xF737,
    0xEEF6, 0xFF37, 0xFF58, 0xFF58, 0xFF58, 0xFF57, 0xFF58, 0xFF57, 0xF737, 0xF716, 0xF716, 0xEEF6, 0xFF58, 0xFF57, 0xF737, 0xFF78,
    0xFF79, 0xFF78, 0xFF99, 0xFF57, 0xFF58, 0xFF37, 0xF6D5, 0xEE52, 0xEE72, 0xEE52, 0xEE31, 0xEE11, 0xF672, 0xF632, 0xE5D0, 0xE5AF,
    0xEE11, 0xF631, 0xE5F0, 0xEDF0, 0xF631, 0xEE31, 0xEE31, 0xF672, 0xF6B3, 0xF693, 0xEE72, 0xF693, 0xF6B3, 0xFF35, 0xFF15, 0xFF15,
    0xF6B3, 0xF6B3, 0xF672, 0xEE11, 0xEE11, 0xEE11, 0xF693, 0xFED4, 0xFED4, 0xF693, 0xFEB3, 0xEE11, 0xDD6E, 0xDD4D, 0xDD4E, 0xE58E,
    0xE58E, 0xDD4D, 0xDD2D, 0xDD6E, 0xE56E, 0xDD2D, 0xDD2D, 0xDD6E, 0xDD6E, 0xE56E, 0xD50C, 0xDD4E, 0xE5AF, 0xE58E, 0xE56E, 0xDD0D,
    0xDD2D, 0xDD4D, 0xDD2D, 0xD4EC, 0xD50C, 0xD50C, 0xD4EC, 0xDDB0, 0xEE53, 0xE632, 0xEE53, 0xEE53, 0xEE73, 0xEE53, 0xEE53, 0xEE53,
    0xEE53, 0xE633, 0xE632, 0xE632, 0xE632, 0xE612, 0xE632, 0xDDF0, 0xE611, 0xE611, 0xE60F, 0xE5CE, 0xEE0D, 0xEE0D, 0xEE0D, 0xEE0D,
    0xEDED, 0xD58C, 0xE5CC, 0xEDEC, 0xE5AC, 0xD52C, 0xDE13, 0xF6F8, 0xF6F8, 0xEEB7, 0xEEB8, 0xEEB8, 0xDDD2, 0xCCEE, 0xEE97, 0xEEB7,
    0xEEB7, 0xEEB8, 0xEEB8, 0xCD0E, 0xD550, 0xE697, 0xD50D, 0xDD0C, 0xD52E, 0xF6D8, 0xCD2F, 0xDE13, 0xEE96, 0xCCAC, 0xEE35, 0xF6F9,
    0xF6D8, 0xF6F8, 0xEEB8, 0xF6F8, 0xD570, 0xDDB2, 0xDDF3, 0xD5B2, 0xEEB8, 0xBCCE, 0xBD10, 0xD5F4, 0xA3EA, 0xB44B, 0xA3A9, 0x61C2,
    0xF737, 0xFF58, 0xFF58, 0xFF58, 0xF716, 0xEED5, 0xF717, 0xFF58, 0xF737, 0xEEF6, 0xF6F6, 0xF737, 0xFF78, 0xFF79, 0xFF99, 0xFF57,
    0xFF37, 0xFF57, 0xF6F4, 0xF6B2, 0xFEF3, 0xFEF3, 0xF6D2, 0xFF13, 0xFF54, 0xF734, 0xFF13, 0xFF12, 0xF6B1, 0xEE4F, 0xF690, 0xFEF1,
    0xFF12, 0xFF13, 0xFF14, 0xF714, 0xF716, 0xF717, 0xF6D5, 0xEE52, 0xE5D0, 0xEE11, 0xEE31, 0xEE31, 0xDDAF, 0xEE31, 0xF672, 0xF673,
    0xF672, 0xF672, 0xEE73, 0xF6F5, 0xF6F5, 0xEEB4, 0xF716, 0xFF58, 0xFF57, 0xF757, 0xF737, 0xF716, 0xF716, 0xFF57, 0xFF57, 0xF737,
    0xF716, 0xFF57, 0xFF58, 0xFF58, 0xFF78, 0xFF58, 0xFF99, 0xFF79, 0xFF78, 0xFF78, 0xFF78, 0xFF58, 0xFF58, 0xFF58, 0xFF78, 0xF737,
    0xF6F6, 0xFF78, 0xFF57, 0xFF78, 0xFF57, 0xF737, 0xFF78, 0xFF57, 0xF737, 0xF716, 0xF717, 0xFF57, 0xFF58, 0xFF37, 0xF6F5, 0xFF37,
    0xFF58, 0xFF78, 0xFF99, 0xFF37, 0xFF57, 0xFF36, 0xF6D5, 0xFEF5, 0xFED4, 0xEE52, 0xEE31, 0xEE51, 0xF672, 0xEDF0, 0xEE10, 0xEE31,
    0xEE11, 0xEE11, 0xE5D0, 0xF631, 0xF672, 0xF672, 0xEE32, 0xEE32, 0xEDF0, 0xEE11, 0xEE52, 0xFEB4, 0xFE93, 0xFED4, 0xFED4, 0xFED4,
    0xF672, 0xF693, 0xF672, 0xEE52, 0xF693, 0xFEB4, 0xF693, 0xF693, 0xF673, 0xF652, 0xEE52, 0xEE31, 0xE5AF, 0xE56E, 0xDD4E, 0xE58E,
    0xDD6E, 0xDD4D, 0xD52C, 0xDD4D, 0xDD6D, 0xDD4D, 0xE58E, 0xDD4E, 0xDD6E, 0xDD6E, 0xDD4D, 0xE5AF, 0xEDAF, 0xEDD0, 0xDD6E, 0xDD2D,
    0xE58F, 0xE58E, 0xD50C, 0xCCAB, 0xDD2D, 0xDD4D, 0xD4EC, 0xDD6F, 0xE611, 0xE632, 0xEE53, 0xEE53, 0xEE73, 0xE653, 0xEE53, 0xEE53,
    0xE633, 0xEE53, 0xEE53, 0xE632, 0xE632, 0xE632, 0xE612, 0xEE32, 0xE631, 0xE610, 0xEE0F, 0xEE2E, 0xEE0D, 0xEE0D, 0xEE0D, 0xEE0D,
    0xEE0D, 0xF62D, 0xEE0D, 0xE5CC, 0xDD6C, 0xDD2C, 0xD54E, 0xDD90, 0xD54F, 0xD56F, 0xD56F, 0xD570, 0xD52E, 0xD4CC, 0xD52E, 0xDD70,
    0xDD90, 0xD54F, 0xD54F, 0xD50D, 0xD52E, 0xCD0E, 0xD50D, 0xE56E, 0xDD4E, 0xD54E, 0xD52E, 0xD52E, 0xD54E, 0xDD2D, 0xD54F, 0xDD90,
    0xDD6F, 0xDD6F, 0xDD90, 0xDD90, 0xDD2E, 0xDD4F, 0xDD4E, 0xDD4E, 0xDD6F, 0xBC4A, 0xAC0A, 0xB4AD, 0xAC2A, 0xABE9, 0x9BA9, 0x61A2,
    0xFF98, 0xFF99, 0xFF57, 0xEEF6, 0xF717, 0xFF58, 0xF717, 0xEED6, 0xEED6, 0xF6F6, 0xF717, 0xF737, 0xFF78, 0xFF99, 0xFF78, 0xFF57,
    0xFF37, 0xFF37, 0xF6D3, 0xF6B3, 0xFEF3, 0xFEF3, 0xEE71, 0xF6B2, 0xF6D2, 0xFF13, 0xFF12, 0xFEF2, 0xFEF2, 0xF6B0, 0xF6D0, 0xFEF1,
    0xF6B0, 0xF6B1, 0xFED1, 0xF6D2, 0xFF15, 0xF715, 0xF692, 0xEE11, 0xEE11, 0xF6B3, 0xF693, 0xF693, 0xF693, 0xF673, 0xF6B4, 0xF6D4,
    0xF6D4, 0xF6B4, 0xF716, 0xFF57, 0xFF57, 0xF6F5, 0xFF78, 0xFF57, 0xF737, 0xF757, 0xFF57, 0xFF57, 0xFF37, 0xFF37, 0xF737, 0xF737,
    0xFF57, 0xFF78, 0xFF57, 0xFF58, 0xF757, 0xF737, 0xFF78, 0xFF58, 0xFF58, 0xFF58, 0xFF58, 0xEF16, 0xFF57, 0xFF78, 0xFF57, 0xF717,
    0xF716, 0xFF58, 0xFF58, 0xFF57, 0xF6F6, 0xF737, 0xFF57, 0xF717, 0xF717, 0xF716, 0xFF58, 0xFF57, 0xFF37, 0xF737, 0xF716, 0xF716,
    0xFF57, 0xFF78, 0xF737, 0xF6F6, 0xFF37, 0xF716, 0xF6B4, 0xFF15, 0xEE52, 0xE611, 0xEE11, 0xFE93, 0xF652, 0xEE31, 0xF652, 0xF651,
    0xEDF0, 0xEDF0, 0xEDF0, 0xEE11, 0xEE31, 0xEE11, 0xEE11, 0xEDF1, 0xF632, 0xF673, 0xFED4, 0xFF15, 0xFED4, 0xF652, 0xEDF0, 0xEE11,
    0xF631, 0xF692, 0xEE52, 0xF6B3, 0xF673, 0xF693, 0xF693, 0xF673, 0xF652, 0xEE11, 0xEE51, 0xF652, 0xF651, 0xEDF0, 0xE58E, 0xDD8E,
    0xE56E, 0xE56E, 0xE56D, 0xDD4D, 0xDD4D, 0xE56E, 0xDD6E, 0xDD4D, 0xE58E, 0xDD4D, 0xDD6E, 0xE58E, 0xE58F, 0xEDF0, 0xE58F, 0xE58E,
    0xE58E, 0xDD2D, 0xDD6E, 0xDD4D, 0xDD2D, 0xDD2D, 0xD4EC, 0xDD6E, 0xDD8F, 0xE5F1, 0xEE53, 0xEE53, 0xEE53, 0xE653, 0xEE73, 0xEE53,
    0xEE53, 0xEE53, 0xE633, 0xE633, 0xE632, 0xE632, 0xE632, 0xE611, 0xE611, 0xE610, 0xE5EE, 0xE5EC, 0xEE0D, 0xEDCC, 0xE5CC, 0xEDEC,
    0xEDED, 0xEDED, 0xEDED, 0xE5AC, 0xDD4C, 0xDD4D, 0xDD2C, 0xDD2C, 0xD4EC, 0xCCEC, 0xDD2D, 0xDD2D, 0xD4EC, 0xD4ED, 0xDD2D, 0xDD0D,
    0xD50D, 0xD50C, 0xD50C, 0xD52D, 0xD50D, 0xDD0D, 0xDD4E, 0xDD4E, 0xD52D, 0xDD4D, 0xDD4E, 0xDD2D, 0xDD2D, 0xDD4D, 0xDD2D, 0xDD2D,
    0xDD0C, 0xDD0D, 0xDD2D, 0xDD2D, 0xDD2D, 0xDD2D, 0xDD2D, 0xDD0D, 0xDD0D, 0xB429, 0xA3C9, 0xB42A, 0xB42B, 0xA3C9, 0x7A85, 0x5982,
    0xEEF6, 0xEEB5, 0xE695, 0xEED5, 0xFF37, 0xFF37, 0xF717, 0xF716, 0xF716, 0xFF78, 0xFF99, 0xFF79, 0xFF78, 0xF738, 0xF757, 0xF716,
    0xF716, 0xF6D4, 0xEE93, 0xF6D3, 0xF6B3, 0xEE51, 0xEE50, 0xF691, 0xF692, 0xFEF2, 0xFEF2, 0xF6B1, 0xFED1, 0xF690, 0xF6D0, 0xFEF1,
    0xEE4F, 0xE60E, 0xF6B0, 0xFEF2, 0xFF14, 0xFF13, 0xFEF2, 0xF691, 0xF671, 0xFEF3, 0xFEF4, 0xFF15, 0xF6F4, 0xF6D3, 0xFEF4, 0xF6F5,
    0xF6F5, 0xF6D4, 0xF716, 0xF716, 0xF716, 0xF736, 0xFF99, 0xF757, 0xF757, 0xFF57, 0xFF58, 0xF737, 0xF716, 0xF716, 0xEEF6, 0xF737,
    0xFF78, 0xFF78, 0xFF58, 0xFF58, 0xF737, 0xFF58, 0xFF58, 0xFF58, 0xF757, 0xFF58, 0xFF78, 0xFF58, 0xFF99, 0xFF78, 0xF737, 0xF716,
    0xF716, 0xF716, 0xF737, 0xFF37, 0xF737, 0xFF78, 0xF716, 0xF716, 0xFF57, 0xF757, 0xFF57, 0xFF57, 0xFF58, 0xF737, 0xFF57, 0xF716,
    0xF737, 0xFF58, 0xFF57, 0xF6F6, 0xFF37, 0xFF37, 0xF6D5, 0xFF36, 0xEE53, 0xF6B4, 0xF693, 0xEE31, 0xEE31, 0xEDF0, 0xE5AF, 0xEE11,
    0xE5AF, 0xDD6E, 0xDD6F, 0xF652, 0xF652, 0xDD6F, 0xE58F, 0xEE11, 0xF672, 0xF673, 0xFEF4, 0xFF15, 0xFED4, 0xF693, 0xEE31, 0xF632,
    0xF631, 0xEE11, 0xE5D0, 0xEE10, 0xEE11, 0xF672, 0xF673, 0xF652, 0xEE31, 0xEE52, 0xEE11, 0xEE11, 0xF631, 0xE5CF, 0xE5AF, 0xE5AF,
    0xE5AF, 0xDD4D, 0xDD4D, 0xDD4D, 0xDD4D, 0xD52D, 0xD50C, 0xE58E, 0xE56E, 0xD52D, 0xDD6E, 0xDD6E, 0xE58E, 0xEDD0, 0xE58F, 0xDD6E,
    0xE56E, 0xE58E, 0xE5AF, 0xDD4E, 0xDD2D, 0xDD2D, 0xDD4D, 0xE56E, 0xDD8E, 0xE5D0, 0xEE73, 0xEE73, 0xEE52, 0xEE73, 0xEE73, 0xEE53,
    0xEE53, 0xE653, 0xE633, 0xE653, 0xE632, 0xE632, 0xE632, 0xE631, 0xE631, 0xE610, 0xEE0E, 0xEDEC, 0xEE0D, 0xEDCC, 0xEDCC, 0xEDED,
    0xEDED, 0xEDED, 0xE5AC, 0xDD6C, 0xD52C, 0xDD4C, 0xDD2C, 0xDD2D, 0xD4EC, 0xD4EC, 0xDD2D, 0xD50D, 0xD4ED, 0xD50D, 0xDD2E, 0xDD2E,
    0xD50D, 0xD50D, 0xDD4E, 0xDD4E, 0xDD4E, 0xDD4E, 0xDD4E, 0xDD2D, 0xD50D, 0xDD2E, 0xDD4D, 0xDD2D, 0xDD2D, 0xDD2D, 0xDD2D, 0xDD2E,
    0xDD2D, 0xDD2D, 0xDD4E, 0xDD4E, 0xDD4D, 0xDD4D, 0xDD2D, 0xDD0D, 0xDD2D, 0xBC4A, 0xABE9, 0xAC0A, 0xAC09, 0xA3E9, 0x61A2, 0x8307,
    0xF6F6, 0xEEB5, 0xE6B5, 0xF716, 0xF6F6, 0xF717, 0xF717, 0xF737, 0xFF58, 0xFF78, 0xFF79, 0xFF58, 0xFF78, 0xF737, 0xFF57, 0xF737,
    0xF717, 0xF6D4, 0xF693, 0xEE72, 0xE631, 0xDDEF, 0xE60F, 0xE630, 0xE60F, 0xF691, 0xEE70, 0xF650, 0xF691, 0xEE2F, 0xFF12, 0xFF12,
    0xF690, 0xEE6F, 0xFEF1, 0xFF12, 0xFF12, 0xFEF1, 0xFF11, 0xFEF1, 0xF68F, 0xF6D1, 0xFF13, 0xFEF3, 0xFEF3, 0xFF14, 0xFF14, 0xF6F4,
    0xF6D4, 0xF6F5, 0xF716, 0xFF37, 0xFF37, 0xFF57, 0xF757, 0xFF78, 0xFF58, 0xFF58, 0xFF58, 0xF737, 0xF737, 0xFF37, 0xF737, 0xFF57,
    0xFF58, 0xF757, 0xF757, 0xFF78, 0xFF58, 0xFF79, 0xFF79, 0xFF79, 0xFF79, 0xFF99, 0xFF78, 0xFF58, 0xF758, 0xF717, 0xF716, 0xF716,
    0xF737, 0xFF57, 0xFF57, 0xF757, 0xFF58, 0xFF79, 0xFF58, 0xFF78, 0xFF57, 0xFF78, 0xFF78, 0xFF58, 0xF757, 0xF737, 0xF737, 0xF737,
    0xF6F6, 0xFF99, 0xFF99, 0xF6F6, 0xFF37, 0xF737, 0xFF57, 0xFF98, 0xF736, 0xFF15, 0xF693, 0xF673, 0xF672, 0xEDF1, 0xE5D0, 0xF651,
    0xF672, 0xEE11, 0xE5F0, 0xF651, 0xEE31, 0xEE11, 0xF652, 0xFEB3, 0xFEB3, 0xF672, 0xF693, 0xF672, 0xF672, 0xF693, 0xF672, 0xF693,
    0xF652, 0xF652, 0xEE11, 0xEE10, 0xEE11, 0xEE31, 0xEE11, 0xEE31, 0xF652, 0xF672, 0xEE11, 0xEE11, 0xEE10, 0xEDF0, 0xE58F, 0xE58F,
    0xE5AF, 0xDD2D, 0xD50C, 0xDD6D, 0xDD6E, 0xDD4D, 0xDD4D, 0xE56E, 0xDD6E, 0xD52D, 0xDD6E, 0xE5AF, 0xE58F, 0xE58F, 0xE5AF, 0xEDF0,
    0xEE10, 0xE5AF, 0xDD6E, 0xDD4E, 0xDD2D, 0xDD4D, 0xDD2D, 0xDD8E, 0xDD8F, 0xE5D0, 0xE652, 0xEE73, 0xEE73, 0xEE73, 0xEE73, 0xEE53,
    0xEE53, 0xE653, 0xE652, 0xEE53, 0xE652, 0xE632, 0xE632, 0xE652, 0xE651, 0xE610, 0xEE2E, 0xEE0D, 0xEDEC, 0xEE0D, 0xEE0D, 0xEE2E,
    0xEE4F, 0xEE4F, 0xE5EE, 0xDD8D, 0xDD6D, 0xDD6D, 0xDD6D, 0xDD4D, 0xD50D, 0xDD2D, 0xDD2D, 0xD50D, 0xD50D, 0xD50D, 0xD50D, 0xD50D,
    0xD50D, 0xD50D, 0xD50D, 0xDD2D, 0xD50D, 0xD52D, 0xDD2D, 0xDD2D, 0xDD2D, 0xD52D, 0xDD2D, 0xDD2D, 0xDD2D, 0xDD2D, 0xDD2D, 0xDD2D,
    0xDD2D, 0xDD2D, 0xDD2D, 0xDD4D, 0xDD4E, 0xDD4D, 0xDD2D, 0xDD2D, 0xB409, 0xA3A8, 0xAC0A, 0xAC0A, 0xA3C8, 0xA3A9, 0x61C2, 0xA40B,
    0xFF57, 0xF717, 0xFF38, 0xFF38, 0xF737, 0xF757, 0xF737, 0xFF78, 0xFF78, 0xFF79, 0xFF58, 0xFF58, 0xFF99, 0xFF79, 0xF737, 0xF717,
    0xFF37, 0xF6D4, 0xEE72, 0xEE72, 0xDDF0, 0xDDAF, 0xE62F, 0xE630, 0xD58D, 0xF671, 0xF691, 0xEE70, 0xFEF2, 0xFF12, 0xFEF2, 0xEE6F,
    0xF690, 0xFF11, 0xFF11, 0xFF11, 0xFEF1, 0xFEF1, 0xFF11, 0xFED0, 0xF6AF, 0xF6B0, 0xFEF1, 0xF6F1, 0xFEF2, 0xFEF3, 0xFEF4, 0xEE93,
    0xEEB3, 0xF715, 0xEED5, 0xEEF5, 0xF716, 0xFF57, 0xFF57, 0xFF58, 0xFF58, 0xF757, 0xF716, 0xF716, 0xF716, 0xFF57, 0xFF58, 0xFF57,
    0xF737, 0xEF16, 0xFF57, 0xFF78, 0xFFB9, 0xFF99, 0xFF78, 0xFF58, 0xFF78, 0xFF78, 0xFF99, 0xFF58, 0xF6F6, 0xF737, 0xFF78, 0xFF58,
    0xFF58, 0xF757, 0xFF58, 0xFF78, 0xFF79, 0xFF99, 0xFF99, 0xF757, 0xF737, 0xFF58, 0xFF78, 0xF757, 0xF757, 0xF737, 0xF757, 0xFF58,
    0xFF57, 0xFF78, 0xFF78, 0xF716, 0xF6F6, 0xFF57, 0xFFB9, 0xFF98, 0xFF98, 0xF6B4, 0xF693, 0xF672, 0xEE31, 0xF652, 0xF672, 0xF672,
    0xF652, 0xEE31, 0xE5D0, 0xEDF0, 0xF652, 0xF672, 0xF673, 0xF6B3, 0xFEB4, 0xF672, 0xF672, 0xF673, 0xF693, 0xF672, 0xFE93, 0xFED4,
    0xF672, 0xFE72, 0xEE31, 0xEE11, 0xEE11, 0xEE10, 0xEE11, 0xEE31, 0xF672, 0xF672, 0xF652, 0xF631, 0xE5F0, 0xF631, 0xEDF0, 0xE5AF,
    0xE5AF, 0xE56E, 0xDD6E, 0xDD6D, 0xDD6D, 0xE58E, 0xDD4E, 0xDD4D, 0xE56E, 0xDD4D, 0xDD4E, 0xE5AF, 0xE58E, 0xE5CF, 0xEDF0, 0xEE10,
    0xEDF0, 0xE5CF, 0xDD8E, 0xE58E, 0xDD4D, 0xDD4D, 0xD50D, 0xDD6E, 0xDD4E, 0xDD8F, 0xE652, 0xEE73, 0xEE93, 0xEE93, 0xEE94, 0xEE73,
    0xEE73, 0xEE52, 0xEE52, 0xEE53, 0xE652, 0xE652, 0xEE52, 0xE651, 0xE651, 0xE62F, 0xEE2E, 0xEE0D, 0xEDEC, 0xEE0C, 0xEE0D, 0xEE2F,
    0xEE4F, 0xEE50, 0xEE30, 0xEE30, 0xEE10, 0xE5AE, 0xE5AF, 0xE58E, 0xDD4D, 0xDD6E, 0xDD6E, 0xDD2D, 0xD52D, 0xDD2D, 0xD50D, 0xDD2D,
    0xD50D, 0xD52D, 0xD52D, 0xDD2D, 0xD50D, 0xD52D, 0xDD2D, 0xDD2D, 0xDD2D, 0xDD2D, 0xDD2D, 0xDD2D, 0xDD2D, 0xDD2D, 0xDD2D, 0xDD2D,
    0xDD2D, 0xDD2D, 0xDD2D, 0xDD2D, 0xDD4D, 0xDD2D, 0xDD2D, 0xDD2D, 0xABA8, 0x9B67, 0xAC0A, 0xAC0A, 0xAC09, 0x9347, 0x61A2, 0xA42B,
};

#endif // PET_SAD_H
