// Auto-generated from pet_blink.png
// 240x320 RGB565, little-endian bytes as stored by esp_lcd.
#ifndef PET_BLINK_H
#define PET_BLINK_H

#include <stdint.h>

#define PET_BLINK_WIDTH  240
#define PET_BLINK_HEIGHT 320
#define PET_BLINK_PIXELS (240*320)

const uint16_t g_pet_blink[PET_BLINK_PIXELS] = {
    0x8200, 0x8221, 0x71A1, 0x6140, 0x5100, 0x3080, 0x30A0, 0x30A0, 0x30A0, 0x30A0, 0x38A0, 0x30A0, 0x38A0, 0x38A0, 0x30A0, 0x30A0,
    0x38A0, 0x38A0, 0x38A0, 0x40E0, 0x40E0, 0x38E0, 0x40E0, 0x40E0, 0x4121, 0x4941, 0x4921, 0x4921, 0x4921, 0x4921, 0x4921, 0x4941,
    0x4941, 0x4941, 0x4941, 0x4941, 0x4941, 0x4941, 0x5162, 0x5162, 0x5162, 0x5182, 0x5182, 0x59A2, 0x7265, 0x7AE7, 0x7AC7, 0x82E7,
    0x8308, 0x8308, 0x8308, 0x8308, 0x8308, 0x8B49, 0x9BCB, 0x9BCB, 0x9BEB, 0x9BEA, 0x9368, 0x9348, 0x9B68, 0x9B68, 0x9B68, 0x9B67,
    0x9B67, 0x9B67, 0xA367, 0x9B67, 0x9B67, 0x9B47, 0xABC8, 0xB3E9, 0xB3E8, 0xB3E9, 0xB3E9, 0xB3E9, 0xBC6B, 0xC4CD, 0xBCCE, 0xBCEE,
    0xBCEE, 0xBCEE, 0xBCEE, 0xBCEE, 0xBD0F, 0xC4EF, 0xC50F, 0xC50F, 0xC50F, 0xC50F, 0xC50F, 0xC52F, 0xC52F, 0xC52F, 0xC52F, 0xCD4F,
    0xC4ED, 0xC48B, 0xC46B, 0xC46B, 0xC46A, 0xC46A, 0xC46A, 0xC46A, 0xC46B, 0xC46B, 0xDD4D, 0xEDAE, 0xE58E, 0xE58D, 0xEDEF, 0xF671,
    0xF650, 0xF630, 0xF630, 0xF631, 0xFEB3, 0xFE93, 0xF693, 0xF693, 0xF6B3, 0xFEF5, 0xFEF6, 0xFF16, 0xFEF6, 0xFF16, 0xFF16, 0xF6F5,
    0xF6B4, 0xF6B4, 0xF6B4, 0xF693, 0xF693, 0xF673, 0xF6D4, 0xFF57, 0xFF37, 0xFF37, 0xFF37, 0xFF37, 0xFF37, 0xF737, 0xF717, 0xF717,
    0xF717, 0xF717, 0xF717, 0xF717, 0xF717, 0xF6F7, 0xF6F7, 0xF717, 0xF6D5, 0xEE11, 0xEDF1, 0xEDF1, 0xEDF0, 0xEDF0, 0xEDF0, 0xEDF0,
    0xEDF0, 0xEDF0, 0xEDF0, 0xEDF0, 0xEDF0, 0xEDF0, 0xEDF0, 0xEDF0, 0xEDF0, 0xEDD0, 0xF673, 0xF6D6, 0xF6F7, 0xF6F7, 0xF6F7, 0xF6F7,
    0xF6F7, 0xF6F7, 0xF6D7, 0xF6F7, 0xF6F7, 0xF6F7, 0xF6F7, 0xF717, 0xF717, 0xF717, 0xF717, 0xF6F7, 0xF717, 0xEE74, 0xEDF1, 0xE58F,
    0xE56E, 0xE58F, 0xE56F, 0xE58F, 0xE56F, 0xE56F, 0xE56F, 0xE58F, 0xE58F, 0xE58F, 0xDD6F, 0xDD8F, 0xEE12, 0xEE12, 0xEE33, 0xEE95,
    0xF6B6, 0xF695, 0xF695, 0xEE95, 0xEE75, 0xEE74, 0xEE12, 0xE5D1, 0xE5F1, 0xE5D1, 0xE5D1, 0xDD6F, 0xDD6F, 0xDD6F, 0xDD6F, 0xE612,
    0xEE54, 0xEE53, 0xE630, 0xDE2F, 0xDE2E, 0xDE0D, 0xD62D, 0xD62D, 0xDE2D, 0xDE2D, 0xE64E, 0xE66E, 0xE66F, 0xEE6F, 0xE66F, 0xE64F,
    0x79E0, 0x5941, 0x38A1, 0x3080, 0x30A0, 0x30A0, 0x30A0, 0x30A0, 0x30A0, 0x30A0, 0x38A0, 0x38A0, 0x38A0, 0x38A0, 0x38C0, 0x38C0,
    0x38C0, 0x38C0, 0x38E0, 0x38E0, 0x38E0, 0x38E0, 0x40E0, 0x40E0, 0x4121, 0x4941, 0x4941, 0x4941, 0x4941, 0x4941, 0x4941, 0x4941,
    0x4941, 0x4941, 0x4941, 0x4941, 0x4941, 0x4941, 0x5161, 0x4941, 0x59A3, 0x7266, 0x7266, 0x7266, 0x7AA6, 0x8307, 0x8308, 0x82E7,
    0x8307, 0x82E7, 0x8308, 0x8B69, 0x8B69, 0x938A, 0x9BCB, 0x9BEB, 0x9BEB, 0x9BEB, 0x9BCA, 0x9B68, 0x9B48, 0x9B68, 0x9B68, 0x9B68,
    0x9B67, 0xA367, 0xA367, 0xA387, 0xA388, 0xA387, 0xABC8, 0xB3E9, 0xB3E9, 0xB409, 0xB409, 0xB409, 0xB42A, 0xB44B, 0xBCCE, 0xBCEE,
    0xBCEE, 0xBCEE, 0xBCEE, 0xBD0F, 0xBD0F, 0xBD0F, 0xC50F, 0xC50F, 0xC50F, 0xC50F, 0xC50F, 0xC52F, 0xC52F, 0xC52F, 0xC52F, 0xC52F,
    0xC52F, 0xC4ED, 0xC48B, 0xC46A, 0xC44A, 0xC46A, 0xC44A, 0xCCAB, 0xE54D, 0xDD2D, 0xE56D, 0xE5AE, 0xEDEF, 0xEE10, 0xF671, 0xFEB2,
    0xF6B2, 0xF6D4, 0xF6D4, 0xF6D4, 0xF6B3, 0xF631, 0xF631, 0xF631, 0xF631, 0xF651, 0xF651, 0xF631, 0xF631, 0xF631, 0xF631, 0xEE31,
    0xEE31, 0xEE31, 0xEE31, 0xEE31, 0xEE11, 0xEE10, 0xF672, 0xF6F5, 0xFF37, 0xFF37, 0xF737, 0xF737, 0xF737, 0xF737, 0xF717, 0xF717,
    0xF717, 0xF717, 0xF717, 0xF717, 0xF717, 0xF6F7, 0xF6F7, 0xF717, 0xF6F6, 0xF6B5, 0xEE12, 0xEDF0, 0xEDF1, 0xEDF0, 0xEDF0, 0xEDF0,
    0xEDF0, 0xEDF0, 0xEDF0, 0xEDF0, 0xEDF1, 0xEDF0, 0xEDF0, 0xEDF0, 0xEDF0, 0xEDF0, 0xEDF1, 0xEE11, 0xF6D5, 0xF6F7, 0xF6F7, 0xF6F7,
    0xF6F7, 0xF6F7, 0xF6F7, 0xF6F7, 0xF6F7, 0xF6F7, 0xF6F7, 0xF695, 0xEE74, 0xEE94, 0xEE94, 0xEE94, 0xEE94, 0xEE94, 0xEE12, 0xE5B0,
    0xEDF1, 0xEDF1, 0xEDF1, 0xEDF1, 0xEE11, 0xEE12, 0xEE54, 0xEE75, 0xEE74, 0xEE75, 0xEE75, 0xEE74, 0xEE95, 0xF695, 0xF6B6, 0xEE74,
    0xE5D1, 0xE5D1, 0xE5B0, 0xE5B0, 0xDD90, 0xDD8F, 0xDD8F, 0xDD6F, 0xDD6F, 0xDD6F, 0xDD6F, 0xDD6F, 0xDD6F, 0xDD6F, 0xDD6F, 0xE5B0,
    0xE5F2, 0xE633, 0xE654, 0xE654, 0xEE73, 0xE652, 0xDE51, 0xDE51, 0xDE50, 0xD62E, 0xD60C, 0xD60C, 0xD62C, 0xDE2D, 0xDE4D, 0xE66E,
    0x40A0, 0x38A0, 0x3080, 0x30A0, 0x30A0, 0x30A0, 0x30A0, 0x30A0, 0x38A0, 0x30A0, 0x30A0, 0x38A0, 0x30A0, 0x38A0, 0x38E1, 0x4101,
    0x4100, 0x4100, 0x4100, 0x4100, 0x4100, 0x4100, 0x4100, 0x4100, 0x4121, 0x4921, 0x4921, 0x4921, 0x4921, 0x4941, 0x4941, 0x4941,
    0x4941, 0x4941, 0x4941, 0x4941, 0x4941, 0x4941, 0x5182, 0x59A2, 0x61E3, 0x82E7, 0x82E7, 0x8307, 0x8308, 0x82E7, 0x82E7, 0x8308,
    0x8328, 0x8328, 0x8B48, 0x93CA, 0x9BCA, 0x9BCB, 0x9BEB, 0x9BEB, 0x9BEB, 0x9BEB, 0xA40B, 0x9BCA, 0x9B89, 0x9B88, 0x9B68, 0x9B68,
    0x9B67, 0xA367, 0xA367, 0xABC8, 0xB409, 0xB409, 0xB3E9, 0xB409, 0xB409, 0xB409, 0xB409, 0xB409, 0xB409, 0xB42A, 0xBC6C, 0xBCCD,
    0xBD0E, 0xBD0F, 0xBD0F, 0xBD0F, 0xBD0F, 0xC50F, 0xBD0F, 0xC50F, 0xC52F, 0xC52F, 0xC52F, 0xC52F, 0xC52F, 0xC52F, 0xC52F, 0xC52F,
    0xC54F, 0xCD2E, 0xC4AC, 0xCCAB, 0xCCAB, 0xCCCC, 0xCCEC, 0xDD4D, 0xEDCE, 0xEDCF, 0xEDEF, 0xEE30, 0xFED3, 0xFEF4, 0xFF14, 0xFEF4,
    0xFF16, 0xFF58, 0xFF58, 0xFF58, 0xF716, 0xF693, 0xF631, 0xF631, 0xF631, 0xF631, 0xF631, 0xF631, 0xF631, 0xF631, 0xF631, 0xF631,
    0xF631, 0xF631, 0xEE31, 0xEE31, 0xEE31, 0xF631, 0xEE11, 0xEE31, 0xF6D5, 0xFF37, 0xFF38, 0xF737, 0xF737, 0xF737, 0xFF37, 0xF717,
    0xF717, 0xF717, 0xF717, 0xF717, 0xF717, 0xF717, 0xF717, 0xF717, 0xF717, 0xF717, 0xEE94, 0xEE52, 0xEDF1, 0xEDF0, 0xEDF0, 0xEDF0,
    0xEDF1, 0xEDF0, 0xEDF0, 0xEDF0, 0xEDF0, 0xEDF0, 0xEDF0, 0xEDF0, 0xEDD0, 0xEDD0, 0xEDD0, 0xEDD0, 0xEE11, 0xEE94, 0xF6F7, 0xF6D6,
    0xF6D5, 0xF6B5, 0xF6B5, 0xF6B5, 0xF6B5, 0xF6B5, 0xF6B5, 0xEDF1, 0xE5B0, 0xE5B0, 0xE5B0, 0xE5B0, 0xE5B0, 0xE5B0, 0xE5B0, 0xE5D0,
    0xEE53, 0xEE74, 0xEE95, 0xEE95, 0xEE95, 0xEE95, 0xEEB6, 0xF6B7, 0xF6D7, 0xF6D7, 0xF6D7, 0xEEB7, 0xF6B7, 0xF6D6, 0xF6D7, 0xF6B6,
    0xEE74, 0xE612, 0xDD8F, 0xE58F, 0xDD8F, 0xE58F, 0xDD8F, 0xDD8F, 0xDD6F, 0xDD6F, 0xDD6F, 0xDD6F, 0xDD6F, 0xDD6F, 0xE56F, 0xE56F,
    0xDD6F, 0xE5D1, 0xE612, 0xEE74, 0xEE75, 0xEE75, 0xEE75, 0xEE75, 0xEE95, 0xE653, 0xDE51, 0xDE51, 0xDE50, 0xDE30, 0xD62E, 0xD62C,
    0x3880, 0x38A0, 0x38A0, 0x38A0, 0x38A0, 0x30A0, 0x30A0, 0x30A0, 0x30A0, 0x38A0, 0x38C0, 0x38C0, 0x38E1, 0x40E1, 0x4101, 0x4121,
    0x4121, 0x4121, 0x4921, 0x4941, 0x4941, 0x4121, 0x4120, 0x4121, 0x4120, 0x4920, 0x4921, 0x4921, 0x4921, 0x4921, 0x4941, 0x4941,
    0x4941, 0x4941, 0x4921, 0x4941, 0x59C3, 0x6204, 0x7286, 0x7AC7, 0x7AC7, 0x7AC7, 0x82E7, 0x82E7, 0x8307, 0x8308, 0x8308, 0x8B28,
    0x9BCB, 0x9BCB, 0x9BCA, 0x9BCA, 0x9BCA, 0x9BEA, 0x9BEB, 0x9BEB, 0x9C0B, 0x9C0B, 0xA40B, 0xA42B, 0xA3EA, 0x9B68, 0x9B68, 0x9B67,
    0xA388, 0xB3E9, 0xB3E8, 0xB409, 0xB409, 0xB409, 0xB3E9, 0xB3E9, 0xB3E9, 0xB409, 0xB409, 0xB409, 0xB40A, 0xB40A, 0xB42A, 0xBC4B,
    0xBCEE, 0xBCEE, 0xC4EE, 0xBCEE, 0xBCEE, 0xC4EE, 0xC4EE, 0xC4EE, 0xC4EE, 0xC4CD, 0xBC8C, 0xBC6C, 0xBC8C, 0xBC8C, 0xC48C, 0xC48C,
    0xC48C, 0xC48B, 0xCCAB, 0xE5AF, 0xEE10, 0xF691, 0xFEB2, 0xFEB2, 0xFEB2, 0xFF15, 0xFF57, 0xFF56, 0xFF58, 0xFF57, 0xFF57, 0xFF57,
    0xFF57, 0xFF57, 0xFF58, 0xFF57, 0xFF58, 0xFF37, 0xF693, 0xF631, 0xF631, 0xF631, 0xF631, 0xF631, 0xF631, 0xF631, 0xEE31, 0xF631,
    0xF631, 0xEE31, 0xEE31, 0xEE31, 0xEE11, 0xEE31, 0xEE31, 0xF631, 0xEE11, 0xF693, 0xFF17, 0xFF38, 0xF737, 0xF737, 0xF737, 0xF737,
    0xF717, 0xF717, 0xF717, 0xF717, 0xF717, 0xF717, 0xF717, 0xF717, 0xF717, 0xF717, 0xF718, 0xF6F6, 0xEE32, 0xEDF1, 0xEDF0, 0xEDD0,
    0xEDF0, 0xEDF0, 0xEDF1, 0xEDF1, 0xEDF1, 0xEDF1, 0xEE32, 0xEE32, 0xEE12, 0xEE12, 0xF673, 0xF674, 0xF674, 0xF695, 0xF6D6, 0xF6B5,
    0xEDF1, 0xEDF1, 0xEDF1, 0xEDF1, 0xEDF1, 0xEDF1, 0xEDD1, 0xEDD0, 0xEDD0, 0xE5D0, 0xE5D0, 0xE5B0, 0xE5B0, 0xE5D0, 0xE5B0, 0xE5B0,
    0xE5B0, 0xEE53, 0xF6B5, 0xEEB6, 0xEEB6, 0xF6B6, 0xF6B6, 0xEEB6, 0xF6D6, 0xF6D6, 0xF6D6, 0xF6B6, 0xF6D6, 0xF6D6, 0xF6D6, 0xF6D6,
    0xF6F7, 0xEE95, 0xEE54, 0xE5D1, 0xE56F, 0xE58F, 0xDD8F, 0xE58F, 0xDD6F, 0xDD6F, 0xDD6F, 0xDD6F, 0xDD8F, 0xDD6F, 0xE56F, 0xE58F,
    0xE58F, 0xE58F, 0xE5B0, 0xE5F1, 0xE653, 0xEE95, 0xEE74, 0xEE75, 0xEE95, 0xEE95, 0xEE95, 0xEE95, 0xEE95, 0xEE95, 0xEE94, 0xE673,
    0x38A0, 0x38A0, 0x38A0, 0x38A0, 0x38A0, 0x38A0, 0x30A0, 0x30A0, 0x38C0, 0x38E0, 0x4101, 0x4101, 0x4121, 0x4121, 0x4121, 0x4121,
    0x4121, 0x4921, 0x4921, 0x4921, 0x4921, 0x4121, 0x4101, 0x4121, 0x4120, 0x4920, 0x4921, 0x4941, 0x4941, 0x4121, 0x4120, 0x4120,
    0x4120, 0x5182, 0x59C3, 0x59C3, 0x7265, 0x7AA6, 0x7AA6, 0x7AC7, 0x7AC7, 0x7AC7, 0x82E7, 0x8308, 0x8308, 0x9369, 0x9BCB, 0x9BCB,
    0x9BEB, 0x9BEB, 0x9BEB, 0x9BCA, 0x9BEB, 0xA40B, 0xA40B, 0xA40B, 0xA40B, 0xA40B, 0xA40B, 0xA42B, 0xAC0B, 0xA3C9, 0xA3C9, 0xA3A9,
    0xABC9, 0xB409, 0xB42A, 0xB40A, 0xB40A, 0xB42A, 0xB44A, 0xBC8C, 0xBC8C, 0xBC8C, 0xBCAD, 0xBCAD, 0xBCAD, 0xBCCD, 0xBCCD, 0xBCCD,
    0xBCEE, 0xBC6C, 0xBC4B, 0xBC4B, 0xBC4B, 0xBC4B, 0xBC4B, 0xBC4B, 0xBC4A, 0xBC4A, 0xBC4A, 0xBC4A, 0xBC6B, 0xBC6B, 0xBC6B, 0xC46B,
    0xCCCC, 0xD4EC, 0xD4CC, 0xE58E, 0xF651, 0xF692, 0xF692, 0xFF15, 0xFF56, 0xFF57, 0xFF57, 0xFF57, 0xFF57, 0xFF57, 0xFF57, 0xFF57,
    0xFF57, 0xFF57, 0xFF58, 0xFF57, 0xFF57, 0xFF37, 0xFF57, 0xF6B4, 0xF673, 0xF631, 0xF631, 0xF631, 0xF631, 0xF631, 0xF631, 0xF631,
    0xF631, 0xEE31, 0xEE31, 0xEE31, 0xEE31, 0xEE31, 0xEE11, 0xEE31, 0xF631, 0xEE31, 0xF673, 0xF6F5, 0xFF58, 0xFF38, 0xFF37, 0xFF37,
    0xFF37, 0xFF37, 0xF737, 0xFF37, 0xFF17, 0xFF17, 0xFF17, 0xFF17, 0xF6F6, 0xF6B5, 0xF6D6, 0xF6D5, 0xF6B4, 0xEE12, 0xEE32, 0xF653,
    0xEE53, 0xEE73, 0xF695, 0xF695, 0xF695, 0xF695, 0xF6F7, 0xF6F7, 0xF6F7, 0xF6F7, 0xFF18, 0xFF38, 0xFF38, 0xFF38, 0xFF38, 0xF6F6,
    0xEE33, 0xEDF1, 0xEDD1, 0xEDF1, 0xEDF1, 0xEDF1, 0xEDD0, 0xEDD0, 0xEDD0, 0xE5D0, 0xE5D0, 0xE5D0, 0xE5D0, 0xE5B0, 0xE5B0, 0xE5B0,
    0xEDB0, 0xE5B0, 0xE611, 0xF6B5, 0xEEB6, 0xF6B6, 0xF6B6, 0xF6D7, 0xF6D6, 0xF6D6, 0xF6D6, 0xF6D6, 0xF6D6, 0xF6D6, 0xF6D6, 0xF6D6,
    0xF6B6, 0xEED7, 0xEED7, 0xEE75, 0xE613, 0xE5D1, 0xDD8F, 0xE58F, 0xE58F, 0xDD8F, 0xDD6F, 0xDD6F, 0xDD6F, 0xDD6F, 0xE56F, 0xE56F,
    0xE56F, 0xE58F, 0xE58F, 0xE56F, 0xE5D1, 0xE633, 0xE613, 0xE633, 0xE633, 0xE633, 0xE633, 0xE633, 0xE633, 0xE633, 0xE633, 0xE633,
    0x38A0, 0x38A0, 0x38A0, 0x38A0, 0x38A0, 0x38A0, 0x38C0, 0x4101, 0x4101, 0x4101, 0x4101, 0x4121, 0x4121, 0x4121, 0x4921, 0x4941,
    0x4921, 0x4921, 0x4941, 0x4941, 0x4941, 0x4941, 0x4921, 0x4921, 0x4921, 0x4921, 0x4921, 0x4921, 0x4921, 0x4941, 0x59A2, 0x59A2,
    0x5182, 0x6A45, 0x7AA6, 0x7AA6, 0x7286, 0x7286, 0x7AA6, 0x7AA6, 0x7AA6, 0x7AA6, 0x8B49, 0x93AA, 0x9BAA, 0x9BCB, 0x9BEB, 0xA3EB,
    0xA3EB, 0xA3EB, 0xA3EB, 0xA3EB, 0xA3EA, 0xA3C9, 0xA3CA, 0xA3CA, 0xA3CA, 0xA3CA, 0xA3CA, 0xABEA, 0xABEA, 0xAC0A, 0xB46C, 0xB48C,
    0xB48C, 0xBCAD, 0xBCCD, 0xBCCE, 0xC4CE, 0xBCEE, 0xBD0E, 0xC52F, 0xC52F, 0xC530, 0xC530, 0xC530, 0xC530, 0xC550, 0xC550, 0xC550,
    0xC52F, 0xBCAD, 0xBC6B, 0xBC4A, 0xBC4A, 0xBC4A, 0xBC4A, 0xBC4A, 0xBC4A, 0xBC4B, 0xBC4B, 0xBC6B, 0xBC6B, 0xBC6B, 0xBC6B, 0xC48B,
    0xDD4D, 0xE56E, 0xE56D, 0xE58E, 0xEDAE, 0xF6B3, 0xFF36, 0xFF57, 0xFF78, 0xFF57, 0xFF57, 0xFF57, 0xFF57, 0xFF57, 0xFF57, 0xFF57,
    0xFF57, 0xFF58, 0xFF58, 0xFF57, 0xFF57, 0xFF57, 0xFF57, 0xFF57, 0xFF36, 0xF673, 0xF652, 0xF652, 0xF652, 0xF652, 0xF652, 0xF652,
    0xF651, 0xF631, 0xF631, 0xF631, 0xEE11, 0xEE11, 0xEE11, 0xEE11, 0xEE11, 0xEE11, 0xEDF1, 0xF652, 0xFEF6, 0xF6F6, 0xFEF6, 0xF6F5,
    0xF6F5, 0xF6D5, 0xF6D5, 0xF6D5, 0xF674, 0xF673, 0xF673, 0xF673, 0xF653, 0xEE12, 0xEE12, 0xEE12, 0xEE12, 0xEE11, 0xEE73, 0xF6D6,
    0xF717, 0xF717, 0xF717, 0xF718, 0xF718, 0xF738, 0xF718, 0xF718, 0xF738, 0xFF18, 0xF718, 0xF717, 0xF718, 0xF718, 0xF738, 0xFF38,
    0xFF38, 0xF694, 0xEE12, 0xEDD0, 0xEDF1, 0xEDF1, 0xEDF1, 0xEDD1, 0xEDD0, 0xEDD0, 0xE5D0, 0xEDD0, 0xE5D0, 0xE5D0, 0xE5D0, 0xE5B0,
    0xE5B0, 0xE5B0, 0xE5B0, 0xE5D0, 0xEE74, 0xF6D6, 0xF6B6, 0xF6D6, 0xF6D7, 0xF6D6, 0xF6D6, 0xF6B7, 0xF6D6, 0xF6D7, 0xF6D7, 0xF6D6,
    0xF6D7, 0xF6D7, 0xF6D7, 0xEED7, 0xEED7, 0xEE95, 0xEE12, 0xE5B0, 0xE58F, 0xE590, 0xE590, 0xE5B0, 0xE5B1, 0xE5D1, 0xE5D1, 0xE5D1,
    0xE5D1, 0xE5D1, 0xEE12, 0xEE33, 0xEE33, 0xEE34, 0xEE54, 0xEE54, 0xE633, 0xE5D2, 0xE5D1, 0xE5B1, 0xE5B1, 0xDDB0, 0xDD90, 0xDD90,
    0x38A0, 0x38A0, 0x38A0, 0x38C0, 0x40E0, 0x40E1, 0x4101, 0x4101, 0x4101, 0x4100, 0x4120, 0x4121, 0x4121, 0x4921, 0x4941, 0x4942,
    0x4941, 0x4941, 0x4941, 0x4941, 0x4941, 0x4941, 0x4961, 0x4921, 0x4921, 0x4920, 0x4920, 0x5161, 0x5161, 0x59C2, 0x7265, 0x7265,
    0x7286, 0x7286, 0x7AA6, 0x7AA6, 0x7AA6, 0x7AC7, 0x82E7, 0x8308, 0x8308, 0x8308, 0x9369, 0x9368, 0x9B68, 0x9B68, 0x9B68, 0x9B88,
    0x9B88, 0x9B88, 0x9B88, 0xA388, 0xA388, 0xA367, 0xA368, 0xA368, 0xA387, 0xA387, 0xABA8, 0xB3E9, 0xABE9, 0xB409, 0xBCAD, 0xBCEE,
    0xBCEE, 0xBCEE, 0xBCEE, 0xC50F, 0xC50F, 0xC50F, 0xC52F, 0xC52F, 0xC52F, 0xC530, 0xC52F, 0xC52F, 0xC52F, 0xC52F, 0xC52F, 0xC550,
    0xC54F, 0xCD50, 0xC4CD, 0xBC4B, 0xBC4B, 0xBC4A, 0xBC4B, 0xBC4B, 0xBC6B, 0xC46B, 0xBC6B, 0xC46B, 0xC46A, 0xD4EC, 0xDD2D, 0xDD2D,
    0xE54D, 0xE56E, 0xE56D, 0xEDAE, 0xF5EF, 0xF691, 0xFF15, 0xFF57, 0xFF57, 0xFF57, 0xFF57, 0xFF58, 0xFF57, 0xFF57, 0xFF57, 0xFF57,
    0xFF57, 0xFF58, 0xFF58, 0xFF58, 0xFF58, 0xFF58, 0xFF58, 0xFF58, 0xFF57, 0xFF36, 0xF693, 0xF651, 0xF652, 0xF652, 0xF651, 0xF652,
    0xF652, 0xF652, 0xF652, 0xF652, 0xF652, 0xEE52, 0xF673, 0xF6B5, 0xF6B4, 0xF6B4, 0xF6B4, 0xF6B4, 0xF6D6, 0xF6B4, 0xF632, 0xF652,
    0xF652, 0xF632, 0xF632, 0xF632, 0xEE32, 0xEE32, 0xF632, 0xEE32, 0xEE32, 0xEE32, 0xEE12, 0xEE12, 0xEE11, 0xEE11, 0xEE11, 0xEE53,
    0xF6D5, 0xF6F7, 0xF718, 0xF717, 0xF717, 0xF717, 0xF717, 0xF717, 0xF718, 0xFF18, 0xFF18, 0xF718, 0xF718, 0xF718, 0xF718, 0xFF38,
    0xF738, 0xFF59, 0xF6F7, 0xEE12, 0xEDF1, 0xEDF1, 0xEDF1, 0xEDD0, 0xEDD0, 0xEDD0, 0xEDD0, 0xEDD0, 0xEDD0, 0xE5D0, 0xE5D0, 0xE5B0,
    0xE5B0, 0xE5B0, 0xE5B0, 0xE58F, 0xEDD0, 0xE5F1, 0xEE74, 0xF6D7, 0xF6D7, 0xF6D7, 0xF6D6, 0xF6D6, 0xF6D6, 0xF6B6, 0xF6B6, 0xEE95,
    0xEE74, 0xEE74, 0xEE74, 0xEE54, 0xEE54, 0xEE54, 0xEE13, 0xE5B0, 0xE5D1, 0xEE33, 0xEE75, 0xEE75, 0xEE95, 0xEEB6, 0xEEB6, 0xEEB6,
    0xF696, 0xEEB6, 0xF6B6, 0xF6B7, 0xF6B6, 0xF6B6, 0xEEB6, 0xF6D6, 0xEE96, 0xEE34, 0xE5F2, 0xDD6F, 0xDD4F, 0xDD6F, 0xDD6F, 0xDD6F,
    0x38C0, 0x38C0, 0x40E0, 0x4101, 0x4100, 0x4100, 0x4101, 0x4100, 0x4101, 0x4120, 0x4120, 0x4921, 0x4921, 0x4941, 0x4941, 0x4941,
    0x4941, 0x4941, 0x4941, 0x4941, 0x4941, 0x4941, 0x4941, 0x4921, 0x4921, 0x4941, 0x59A2, 0x6A45, 0x7265, 0x7265, 0x7265, 0x7285,
    0x7285, 0x7AA6, 0x7AC7, 0x7AA6, 0x82E7, 0x93AA, 0x93AA, 0x93CA, 0x9BCA, 0x9BCB, 0x9BAA, 0x9327, 0x9B27, 0x9B27, 0x9B47, 0x9B47,
    0x9B47, 0x9B67, 0xA367, 0xA367, 0xA367, 0xA387, 0xA387, 0xA387, 0xABA8, 0xABE8, 0xB3E9, 0xB429, 0xB429, 0xB42A, 0xB44A, 0xBCCD,
    0xBCEE, 0xBCEE, 0xBCEF, 0xBD0F, 0xC50F, 0xC50F, 0xC52F, 0xC52F, 0xC530, 0xC530, 0xC52F, 0xC52F, 0xC52F, 0xC52F, 0xC54F, 0xC550,
    0xC54F, 0xCD50, 0xCD4F, 0xC4ED, 0xBC4B, 0xBC4A, 0xBC4B, 0xC44B, 0xC46A, 0xC46A, 0xC48B, 0xC48B, 0xCCCC, 0xE54D, 0xE58D, 0xED8E,
    0xEDCF, 0xF5EF, 0xF60F, 0xF62F, 0xFE50, 0xFE2F, 0xFE92, 0xFF57, 0xFF57, 0xFF77, 0xFF77, 0xFF78, 0xFF78, 0xFF57, 0xFF57, 0xFF57,
    0xFF57, 0xFF36, 0xFF36, 0xFF36, 0xFF36, 0xFF16, 0xFF16, 0xFF16, 0xFF36, 0xFF15, 0xF6B4, 0xF694, 0xF6B4, 0xF6B4, 0xF6B4, 0xF6B4,
    0xFF16, 0xFF37, 0xFF37, 0xFF37, 0xFF37, 0xFF37, 0xFF37, 0xFF58, 0xFF58, 0xFF58, 0xFF58, 0xFF58, 0xFF78, 0xFF58, 0xF6D5, 0xF652,
    0xF652, 0xF652, 0xF652, 0xF652, 0xF632, 0xF632, 0xF632, 0xF632, 0xF632, 0xEE12, 0xEE12, 0xEE12, 0xEE12, 0xEE12, 0xEE11, 0xEE11,
    0xEE12, 0xF6B5, 0xF6F7, 0xF717, 0xF717, 0xF717, 0xF717, 0xF738, 0xF718, 0xFF18, 0xFF38, 0xF718, 0xFF38, 0xFF38, 0xF718, 0xFF18,
    0xFF38, 0xFF18, 0xFF18, 0xF717, 0xEE73, 0xEDF1, 0xEDF1, 0xEDD0, 0xEDD0, 0xEDD0, 0xEDD0, 0xEDD0, 0xE5D0, 0xEDD0, 0xE5B0, 0xE5B0,
    0xE5B0, 0xE5AF, 0xE5B0, 0xEDF1, 0xEDF1, 0xE5D1, 0xEE74, 0xF6B6, 0xEE74, 0xEE74, 0xEE74, 0xEE53, 0xEE13, 0xEE12, 0xEE12, 0xEDF1,
    0xE5D1, 0xE5B1, 0xE5B1, 0xE5B0, 0xE5B0, 0xE5B0, 0xE5B0, 0xE5B0, 0xE5F2, 0xEE74, 0xEEB6, 0xEEB6, 0xEEB6, 0xEEB6, 0xEEB6, 0xEEB6,
    0xEEB6, 0xEEB6, 0xEEB6, 0xEEB6, 0xEEB6, 0xEEB6, 0xEEB6, 0xEEB6, 0xF6B6, 0xF6B7, 0xF6B6, 0xEE33, 0xDD90, 0xDD6F, 0xDD6F, 0xDD6F,
    0x40E0, 0x4100, 0x4100, 0x4100, 0x4100, 0x4121, 0x4121, 0x4921, 0x4121, 0x4921, 0x4921, 0x4921, 0x4921, 0x4941, 0x4941, 0x4941,
    0x4941, 0x4921, 0x4941, 0x4941, 0x4941, 0x4941, 0x4941, 0x5162, 0x6204, 0x6A45, 0x6A65, 0x7286, 0x72A6, 0x72A6, 0x7AC7, 0x7AC7,
    0x82E7, 0x8B69, 0x9389, 0x9389, 0x9389, 0x93AA, 0x93CA, 0x93CA, 0x9BCA, 0x9BEA, 0x9BEB, 0x9BCA, 0x9B47, 0x9B47, 0x9B47, 0x9B67,
    0x9B67, 0xA367, 0xA367, 0xA367, 0xA388, 0xA387, 0xABC8, 0xABC8, 0xB3E8, 0xB429, 0xB429, 0xB429, 0xB409, 0xB429, 0xB42A, 0xBC6C,
    0xBCEE, 0xBD0F, 0xC50F, 0xC50F, 0xC52F, 0xC52F, 0xC52F, 0xC52F, 0xC530, 0xC550, 0xC52F, 0xC550, 0xC550, 0xC54F, 0xC54F, 0xC54F,
    0xC54F, 0xC54F, 0xC550, 0xC52F, 0xC4CD, 0xC46B, 0xC44B, 0xBC6A, 0xBC4A, 0xBC4A, 0xDD2D, 0xE56E, 0xE56D, 0xE58E, 0xED8E, 0xEDAE,
    0xF60F, 0xF60F, 0xF62F, 0xF691, 0xF692, 0xFE91, 0xFED2, 0xF6F4, 0xFF56, 0xFF55, 0xFF34, 0xFF14, 0xFED3, 0xFED4, 0xFED4, 0xFED4,
    0xFED4, 0xFEB3, 0xFE72, 0xFE72, 0xF672, 0xF671, 0xF671, 0xF671, 0xF671, 0xF652, 0xF672, 0xF6B4, 0xFF57, 0xFF58, 0xFF58, 0xFF58,
    0xFF58, 0xFF58, 0xFF58, 0xFF58, 0xFF58, 0xFF57, 0xFF57, 0xFF57, 0xFF58, 0xFF58, 0xFF58, 0xFF58, 0xFF58, 0xFF58, 0xFF37, 0xF6F6,
    0xF652, 0xF631, 0xF652, 0xF632, 0xF632, 0xF632, 0xF632, 0xEE32, 0xF632, 0xEE12, 0xEE12, 0xEE12, 0xEE12, 0xEE12, 0xEE12, 0xEE12,
    0xEE12, 0xEDF1, 0xEE53, 0xF6F6, 0xF717, 0xF738, 0xF738, 0xF738, 0xFF38, 0xFF18, 0xFF38, 0xFF38, 0xFF38, 0xFF38, 0xFF38, 0xFF38,
    0xFF38, 0xFF38, 0xFF38, 0xFF38, 0xF738, 0xF6D5, 0xEDF1, 0xEDF0, 0xEDD0, 0xEDD0, 0xEDD1, 0xEDD1, 0xEDD1, 0xE5D1, 0xEE33, 0xF674,
    0xEE54, 0xEE53, 0xEE54, 0xF6F6, 0xF6F7, 0xF6F7, 0xF6F7, 0xF6B5, 0xEE54, 0xEDD1, 0xEDD1, 0xEDD1, 0xEDD1, 0xEDD1, 0xEDD1, 0xEDD1,
    0xEDD1, 0xE5D1, 0xE5D1, 0xE5D0, 0xE5D0, 0xE5B1, 0xE5B1, 0xE5B1, 0xE5B0, 0xE5D1, 0xE5F2, 0xEEB6, 0xEED7, 0xEEB6, 0xEEB6, 0xEEB6,
    0xF6B6, 0xF6B6, 0xF6B6, 0xF6B6, 0xF6B6, 0xF6B6, 0xF6B6, 0xEEB6, 0xEEB6, 0xEEB6, 0xF6B7, 0xF6B6, 0xF6B6, 0xEE33, 0xDD90, 0xE58F,
    0x4121, 0x4101, 0x4100, 0x4121, 0x4121, 0x4121, 0x4121, 0x4921, 0x4921, 0x4101, 0x4121, 0x4921, 0x4101, 0x4901, 0x4901, 0x4921,
    0x4920, 0x4921, 0x4921, 0x4921, 0x5141, 0x5961, 0x5961, 0x59A2, 0x7265, 0x7265, 0x7265, 0x7265, 0x8307, 0x8B49, 0x8B49, 0x8B69,
    0x8B69, 0x93AA, 0x93AA, 0x93CA, 0x93CA, 0x93CA, 0x9BCA, 0x9BCA, 0x9BCA, 0x9BEB, 0xA3EB, 0xA40B, 0x9BA8, 0x9B47, 0x9B67, 0x9B67,
    0xA367, 0xA367, 0xA387, 0xA387, 0xA387, 0xABA8, 0xBC2A, 0xBC2A, 0xBC29, 0xBC29, 0xBC29, 0xBC2A, 0xB42A, 0xBC2A, 0xBC2A, 0xB44A,
    0xBCCD, 0xC50E, 0xBD2F, 0xC52F, 0xC52F, 0xC52F, 0xC54F, 0xC54F, 0xC54F, 0xC550, 0xC550, 0xCD50, 0xCD50, 0xC550, 0xCD70, 0xCD50,
    0xCD50, 0xCD4F, 0xC54F, 0xCD50, 0xCD70, 0xC4AC, 0xC44A, 0xC48B, 0xCCCB, 0xCCAB, 0xE58D, 0xEE0F, 0xEDEF, 0xEDEF, 0xF671, 0xF714,
    0xF714, 0xF6F4, 0xF6F4, 0xFF76, 0xFFB7, 0xFFB7, 0xFF97, 0xFF97, 0xFF97, 0xFF35, 0xFED2, 0xFE92, 0xFE72, 0xF672, 0xF671, 0xF671,
    0xFE72, 0xFE72, 0xF672, 0xFE72, 0xF672, 0xF672, 0xF651, 0xF651, 0xF651, 0xF651, 0xF652, 0xF672, 0xF6B4, 0xFF57, 0xFF58, 0xFF58,
    0xFF57, 0xFF57, 0xFF57, 0xFF57, 0xFF57, 0xFF57, 0xFF57, 0xFF57, 0xFF58, 0xFF58, 0xFF58, 0xFF58, 0xFF58, 0xFF58, 0xFF58, 0xFF58,
    0xF6B5, 0xF673, 0xF632, 0xF632, 0xF632, 0xF632, 0xEE32, 0xEE32, 0xF632, 0xF632, 0xEE12, 0xEE32, 0xEE12, 0xEE32, 0xEE12, 0xEE12,
    0xEE11, 0xEE11, 0xEE11, 0xEE12, 0xF6D5, 0xF717, 0xF738, 0xFF38, 0xFF38, 0xFF38, 0xFF38, 0xFF38, 0xFF38, 0xF717, 0xEE95, 0xF694,
    0xF694, 0xF694, 0xF694, 0xF674, 0xEE74, 0xEE53, 0xEDF1, 0xEE12, 0xF6B5, 0xF6D6, 0xF6D6, 0xF6D6, 0xF6D6, 0xF6D6, 0xF717, 0xF738,
    0xF718, 0xF718, 0xF718, 0xF717, 0xF6F7, 0xF6F7, 0xF6F7, 0xF6F7, 0xF6F7, 0xEE74, 0xEE33, 0xEDD1, 0xEDD1, 0xEDF1, 0xEDD1, 0xEDD1,
    0xEDD1, 0xEDD1, 0xEDD1, 0xEDD1, 0xE5B1, 0xE5B0, 0xE5B0, 0xE5B0, 0xEDB0, 0xE5B0, 0xE5D0, 0xEE33, 0xEE74, 0xF6B7, 0xF6B7, 0xF6B6,
    0xF6B6, 0xF6B6, 0xF6B6, 0xEEB6, 0xEEB6, 0xF6B6, 0xF6B7, 0xF6B6, 0xEEB6, 0xF6B6, 0xF6B6, 0xEEB6, 0xEEB7, 0xEEB6, 0xF695, 0xEE12,
    0x4100, 0x4100, 0x4100, 0x4120, 0x4121, 0x4121, 0x4100, 0x4101, 0x4901, 0x4900, 0x4900, 0x4901, 0x4901, 0x4901, 0x4900, 0x4921,
    0x5121, 0x5141, 0x5961, 0x5961, 0x5982, 0x5982, 0x5981, 0x61A2, 0x7265, 0x7286, 0x7AC7, 0x7AE7, 0x8B69, 0x9BAA, 0x93AA, 0x93AA,
    0x93AA, 0x93AA, 0x93CA, 0x9BCA, 0x9BCA, 0x9BCA, 0x9BEA, 0x9BCA, 0x9BEB, 0x9BEB, 0xA40B, 0xA42B, 0xA40A, 0x9B67, 0xA367, 0xA367,
    0xA367, 0xA367, 0xA387, 0xB3E8, 0xB409, 0xB409, 0xBC4A, 0xBC49, 0xBC2A, 0xBC2A, 0xBC2A, 0xBC2A, 0xBC29, 0xB429, 0xB42A, 0xBC4A,
    0xBC4A, 0xBC8C, 0xC54F, 0xC52F, 0xC54F, 0xCD50, 0xCD50, 0xCD70, 0xCD70, 0xCD50, 0xCD4F, 0xCD4F, 0xCD4F, 0xCD4F, 0xC50E, 0xC4CD,
    0xC4CD, 0xC4CD, 0xC4CD, 0xC4CD, 0xC4CD, 0xCCCC, 0xD50C, 0xE5AE, 0xF670, 0xF650, 0xF691, 0xFEF3, 0xFF14, 0xFF14, 0xFF55, 0xFFD7,
    0xFFD7, 0xFFD7, 0xFFB7, 0xFFB7, 0xFFB7, 0xFFB6, 0xFFB7, 0xFFB7, 0xFF97, 0xFFB8, 0xFF15, 0xFE72, 0xF692, 0xF672, 0xF672, 0xF672,
    0xFE92, 0xFE72, 0xFE72, 0xFE72, 0xFE72, 0xF672, 0xF672, 0xF651, 0xF651, 0xF652, 0xF652, 0xF652, 0xF672, 0xF6B4, 0xFF37, 0xFF78,
    0xFF58, 0xFF57, 0xFF58, 0xFF57, 0xFF57, 0xFF57, 0xFF57, 0xFF57, 0xFF58, 0xFF58, 0xFF58, 0xFF58, 0xFF58, 0xFF58, 0xFF38, 0xFF37,
    0xFF58, 0xF716, 0xF653, 0xF632, 0xF632, 0xF632, 0xF632, 0xEE32, 0xF632, 0xF612, 0xF612, 0xF612, 0xF611, 0xEE11, 0xEE12, 0xEE32,
    0xEE32, 0xEE12, 0xEE12, 0xEE12, 0xEE12, 0xEE53, 0xFF17, 0xF717, 0xF6F7, 0xF6F6, 0xF6F6, 0xF6D6, 0xF6D6, 0xF6B5, 0xEE12, 0xEDF1,
    0xEDF1, 0xEDF1, 0xEDF1, 0xEDF1, 0xEDF1, 0xEDF1, 0xEDF1, 0xEE12, 0xEE74, 0xF6B6, 0xF738, 0xF717, 0xF717, 0xF717, 0xF717, 0xF6F7,
    0xF6F7, 0xF6F7, 0xF6F7, 0xF6F7, 0xF6F7, 0xF6F7, 0xF6D7, 0xF6F7, 0xF6F7, 0xF6F7, 0xF6D6, 0xEE53, 0xEE12, 0xEDD0, 0xEDF1, 0xEDD1,
    0xEDD1, 0xEDD1, 0xEDD1, 0xEDD1, 0xE5D1, 0xE5B0, 0xE5B0, 0xE5D0, 0xEDB0, 0xEDB0, 0xEDB0, 0xE5B0, 0xE5D1, 0xEE33, 0xEE54, 0xF6D7,
    0xF6D7, 0xF6D7, 0xF6D7, 0xF6B7, 0xF6B7, 0xF6B7, 0xF6B6, 0xF6B6, 0xF6B6, 0xF6D7, 0xF6D7, 0xF6D7, 0xF6D7, 0xF6D7, 0xF6D7, 0xF6D7,
    0x4961, 0x4961, 0x4961, 0x5161, 0x4921, 0x4900, 0x4901, 0x4901, 0x4900, 0x4900, 0x4901, 0x4901, 0x4901, 0x4900, 0x4900, 0x5141,
    0x5981, 0x5982, 0x5982, 0x6182, 0x5982, 0x5981, 0x5961, 0x69E3, 0x7AC6, 0x9369, 0x93AA, 0x9BAA, 0x93AA, 0x93AA, 0x93AA, 0x93AA,
    0x93AA, 0x93CA, 0x93CA, 0x9BCA, 0x9BCA, 0x9BEA, 0x9BEA, 0x9BEB, 0x9C0B, 0xA40B, 0xA42B, 0xA42C, 0xAC2C, 0xA3C9, 0xA367, 0xA367,
    0xA388, 0xABA8, 0xABA8, 0xBC29, 0xC44A, 0xBC4A, 0xBC49, 0xBC29, 0xBC4A, 0xBC29, 0xBC29, 0xBC4A, 0xBC4B, 0xBC4B, 0xBC6B, 0xBC6B,
    0xBC6B, 0xBC8C, 0xC4ED, 0xC4CD, 0xC4ED, 0xC4ED, 0xC4ED, 0xC4ED, 0xC4EE, 0xC4CD, 0xBC8B, 0xC48C, 0xC48C, 0xC48C, 0xC48C, 0xC46B,
    0xC46B, 0xC48B, 0xC48B, 0xCCAB, 0xCCAB, 0xD4EC, 0xDD2D, 0xEDEF, 0xFED2, 0xFEF3, 0xFF13, 0xFF76, 0xFFB8, 0xFFB7, 0xFFB7, 0xFF97,
    0xFF97, 0xFF97, 0xFFB7, 0xFFB7, 0xFFB7, 0xFFB7, 0xFF97, 0xFFB7, 0xFF97, 0xFF97, 0xFF97, 0xFF56, 0xF692, 0xF671, 0xF672, 0xF672,
    0xFE72, 0xFE72, 0xFE72, 0xFE72, 0xF672, 0xF672, 0xF672, 0xF672, 0xF672, 0xF672, 0xF672, 0xF652, 0xF652, 0xF631, 0xF6B4, 0xF737,
    0xFF58, 0xFF58, 0xFF58, 0xFF78, 0xFF57, 0xFF58, 0xFF58, 0xFF57, 0xFF58, 0xFF58, 0xFF58, 0xFF58, 0xFF58, 0xFF58, 0xFF58, 0xFF58,
    0xFF38, 0xFF37, 0xFF17, 0xF694, 0xF632, 0xEE32, 0xEE32, 0xEE32, 0xEE12, 0xEE12, 0xF673, 0xF694, 0xF674, 0xF694, 0xF674, 0xFF16,
    0xFF17, 0xFF17, 0xFEF7, 0xFEF7, 0xF6F6, 0xF6F6, 0xF717, 0xEE94, 0xEE11, 0xEE12, 0xEE12, 0xEE11, 0xEE11, 0xEE12, 0xEE12, 0xEE12,
    0xEE12, 0xEE11, 0xEE11, 0xEDF1, 0xEDF1, 0xEDF1, 0xEDF1, 0xEDF1, 0xEDD0, 0xEE12, 0xEE74, 0xF6D6, 0xF718, 0xF6F7, 0xF717, 0xF717,
    0xF717, 0xF6F7, 0xF717, 0xF6F7, 0xF6F7, 0xF6F7, 0xF6F7, 0xF6F7, 0xF6F7, 0xF6F7, 0xF6F7, 0xF717, 0xF694, 0xEE12, 0xEDD1, 0xEDB1,
    0xEDD1, 0xEDD1, 0xEDD1, 0xE5D1, 0xE5B0, 0xE5B0, 0xE5B0, 0xE5B0, 0xEDB0, 0xEDB0, 0xEDB0, 0xEDB0, 0xE5B0, 0xE5B0, 0xE5D1, 0xEE33,
    0xEE75, 0xF6B7, 0xF6B7, 0xF6D7, 0xF6D7, 0xF6D7, 0xF6D7, 0xF6D7, 0xF6D7, 0xF6B6, 0xEE75, 0xEE75, 0xEE75, 0xEE74, 0xEE74, 0xEE74,
    0x5181, 0x5181, 0x5181, 0x5182, 0x4941, 0x4900, 0x4920, 0x4901, 0x4900, 0x4900, 0x4900, 0x4900, 0x5961, 0x5982, 0x5982, 0x5982,
    0x5982, 0x5981, 0x5981, 0x5981, 0x61A2, 0x61E3, 0x61A2, 0x7265, 0x8B28, 0x93AA, 0x9389, 0x93A9, 0x93AA, 0x93AA, 0x93AA, 0x93AA,
    0x93AA, 0x9BCA, 0x9BCA, 0x9BEA, 0x9BEB, 0x9C0B, 0xA40B, 0xA40B, 0xA42B, 0xA42B, 0xA44C, 0xAC4C, 0xAC4C, 0xAC4B, 0xABE9, 0xABC9,
    0xAC2A, 0xBC8C, 0xBC8C, 0xBC8B, 0xBC8B, 0xBC8C, 0xBCAC, 0xBCAC, 0xBCAC, 0xBCAC, 0xBC8C, 0xC50E, 0xCD2F, 0xCD2F, 0xCD2F, 0xCD2F,
    0xC52F, 0xC52F, 0xC4CD, 0xBC8C, 0xBC6B, 0xC46B, 0xC46B, 0xBC6B, 0xC46B, 0xC46B, 0xC46B, 0xC48B, 0xC48B, 0xC46B, 0xC48B, 0xC48B,
    0xC48B, 0xC48B, 0xC46B, 0xD4EB, 0xE54C, 0xE52C, 0xE52C, 0xEDEE, 0xFEF3, 0xFF55, 0xFF97, 0xFF97, 0xFFB7, 0xFF97, 0xFF97, 0xFFB7,
    0xFFB7, 0xFFB7, 0xFFB7, 0xFFB7, 0xFFB7, 0xFFB7, 0xFFB7, 0xFFB7, 0xFF97, 0xFF97, 0xFF98, 0xFF98, 0xFF56, 0xF692, 0xF651, 0xF672,
    0xFE92, 0xFE72, 0xFE72, 0xFE72, 0xFE72, 0xF672, 0xF672, 0xF672, 0xF672, 0xF672, 0xF672, 0xF652, 0xF652, 0xF652, 0xF651, 0xF693,
    0xFF16, 0xFF78, 0xFF58, 0xFF78, 0xFF58, 0xFF58, 0xFF58, 0xFF58, 0xFF58, 0xFF78, 0xFF58, 0xFF78, 0xFF58, 0xF6D6, 0xF6D5, 0xF6D5,
    0xF6D5, 0xF6D5, 0xF6D5, 0xF694, 0xF652, 0xF6D4, 0xF6F5, 0xF6D6, 0xF6D6, 0xF6D6, 0xFF37, 0xFF58, 0xFF58, 0xFF58, 0xFF58, 0xFF58,
    0xFF58, 0xFF58, 0xFF58, 0xFF59, 0xFF59, 0xFF58, 0xFF59, 0xF6F6, 0xEE32, 0xEE32, 0xEE11, 0xEE12, 0xEE12, 0xEE32, 0xEE12, 0xEE12,
    0xEE12, 0xEE11, 0xEE11, 0xEDF1, 0xEDF1, 0xEDF1, 0xEDF1, 0xEDF1, 0xEDF0, 0xEDF0, 0xEDD0, 0xF653, 0xF6B6, 0xF718, 0xF717, 0xF717,
    0xF717, 0xF717, 0xF717, 0xF6F7, 0xF6F7, 0xF6F7, 0xF6F7, 0xF6F7, 0xF6F7, 0xF6F7, 0xF6F7, 0xF6F7, 0xF6F7, 0xF6F7, 0xEE33, 0xEDF1,
    0xEDD1, 0xEDD1, 0xEDD0, 0xE5B0, 0xE5B0, 0xE5B0, 0xE5B0, 0xE5B0, 0xEDD0, 0xEDD0, 0xEDB0, 0xEDD0, 0xE5D0, 0xEDD1, 0xEDD1, 0xE5B0,
    0xEE74, 0xF6D6, 0xF6B6, 0xEE74, 0xEE74, 0xEE75, 0xF695, 0xEE75, 0xF695, 0xEE12, 0xE590, 0xE5B0, 0xE5B0, 0xE5B0, 0xE590, 0xE590,
    0x5181, 0x5181, 0x5181, 0x5182, 0x5161, 0x4920, 0x4920, 0x4920, 0x4920, 0x5141, 0x5161, 0x5161, 0x5981, 0x5982, 0x5981, 0x5982,
    0x5982, 0x61A2, 0x61E3, 0x61C3, 0x6A24, 0x82E7, 0x7AE7, 0x82E7, 0x8328, 0x8B68, 0x93AA, 0x93AA, 0x93AA, 0x93AA, 0x93CA, 0x93CA,
    0x9BAA, 0x9BA9, 0x9B89, 0x9BA9, 0x9B89, 0x9BA9, 0xA3A9, 0xA3A9, 0xA3A9, 0xA3C9, 0xA3C9, 0xA3C9, 0xABC9, 0xABC9, 0xB46C, 0xC50F,
    0xC50E, 0xC52F, 0xC52F, 0xC52F, 0xC52F, 0xC550, 0xC550, 0xCD50, 0xCD50, 0xCD50, 0xCD70, 0xC570, 0xCD70, 0xCD70, 0xCD70, 0xCD50,
    0xCD50, 0xC550, 0xCD50, 0xC50E, 0xBC8B, 0xC48B, 0xC48B, 0xC48B, 0xC48B, 0xC48B, 0xC48B, 0xC48B, 0xC48B, 0xC48B, 0xC48B, 0xC48B,
    0xC48B, 0xD50D, 0xDD4C, 0xE56D, 0xEDAD, 0xEDAD, 0xEDCE, 0xF60F, 0xFE90, 0xFF13, 0xFFB8, 0xFFB7, 0xFFB7, 0xFFB7, 0xFFB7, 0xFFB7,
    0xFFB8, 0xFFB7, 0xFFB7, 0xFF97, 0xFFB7, 0xFFB7, 0xFFB7, 0xFFB7, 0xFF98, 0xFF98, 0xFF98, 0xFF98, 0xFF98, 0xFEF4, 0xF6D3, 0xF692,
    0xFE72, 0xFE92, 0xFE92, 0xFE92, 0xFE72, 0xFE72, 0xFE72, 0xF672, 0xF652, 0xFE52, 0xF652, 0xF651, 0xF651, 0xF631, 0xF631, 0xF631,
    0xF652, 0xF716, 0xFF58, 0xFF58, 0xFF57, 0xFF57, 0xFF57, 0xFF37, 0xF6D5, 0xF6B5, 0xF6D5, 0xF6D5, 0xF6B4, 0xEE32, 0xEE32, 0xEE32,
    0xEE32, 0xEE32, 0xEE32, 0xF632, 0xF632, 0xF674, 0xF737, 0xFF79, 0xFF58, 0xFF58, 0xFF58, 0xFF58, 0xFF58, 0xFF58, 0xFF58, 0xFF58,
    0xFF58, 0xFF58, 0xFF58, 0xFF58, 0xFF58, 0xF758, 0xF758, 0xF738, 0xFF37, 0xEE53, 0xEE11, 0xEE12, 0xEE12, 0xEE11, 0xEE12, 0xEE12,
    0xEE11, 0xEE11, 0xEE11, 0xEDF1, 0xEDF1, 0xEDF1, 0xEDF1, 0xEDF1, 0xEDF0, 0xEDF1, 0xEDF1, 0xEDD1, 0xEE32, 0xF6D6, 0xF6F7, 0xF718,
    0xF717, 0xF717, 0xF718, 0xF717, 0xF717, 0xF717, 0xF717, 0xF718, 0xF718, 0xF717, 0xF718, 0xF717, 0xF718, 0xF718, 0xF718, 0xF6D6,
    0xEDF1, 0xE5D0, 0xEE12, 0xEE12, 0xEE12, 0xEE12, 0xE5F2, 0xEE33, 0xF6B6, 0xF6B6, 0xEE95, 0xF6B6, 0xF6D6, 0xF6D6, 0xF6D6, 0xF6D6,
    0xF6D6, 0xF6D7, 0xF6D6, 0xEE33, 0xE590, 0xE5B0, 0xEDB0, 0xEDB0, 0xE5D1, 0xE5B0, 0xE5B0, 0xE5B0, 0xE5B0, 0xE5B0, 0xE5B0, 0xE5B0,
    0x5181, 0x5181, 0x5181, 0x51A1, 0x51A1, 0x4920, 0x4920, 0x5141, 0x5120, 0x5161, 0x5161, 0x5981, 0x5981, 0x5982, 0x5982, 0x61A2,
    0x5982, 0x7286, 0x8308, 0x8307, 0x8307, 0x8307, 0x8307, 0x8308, 0x8328, 0x8B48, 0x9B89, 0x9B89, 0x9B89, 0x9B89, 0x9B89, 0x9B89,
    0x9B89, 0x9B68, 0x9B47, 0x9B47, 0x9B47, 0xA367, 0xA367, 0xA387, 0xA367, 0xA387, 0xA387, 0xA387, 0xA387, 0xABC8, 0xB42A, 0xBCAC,
    0xC50E, 0xC52F, 0xC52F, 0xC52F, 0xC52F, 0xC54F, 0xC54F, 0xC550, 0xCD50, 0xCD70, 0xCD70, 0xCD50, 0xCD70, 0xCD50, 0xCD70, 0xCD50,
    0xCD50, 0xCD50, 0xCD70, 0xCD50, 0xC4CD, 0xC48B, 0xC48B, 0xC48B, 0xC48B, 0xC48B, 0xC48B, 0xC48B, 0xC48B, 0xC48B, 0xCCEB, 0xCCEB,
    0xCCCB, 0xEDAD, 0xF60E, 0xF60E, 0xFE70, 0xFE70, 0xFE70, 0xFE70, 0xFE6F, 0xFEF2, 0xFF96, 0xFFB7, 0xFFB7, 0xFFB8, 0xFFB8, 0xFFB8,
    0xFFB8, 0xFFB8, 0xFFB7, 0xFFB8, 0xFFB8, 0xFFB8, 0xFFB8, 0xFFB8, 0xFFB8, 0xFFB8, 0xFFB8, 0xFFB8, 0xFF98, 0xFF98, 0xFF77, 0xFEB3,
    0xFE72, 0xF672, 0xFE72, 0xFE72, 0xF692, 0xF6B3, 0xF693, 0xF693, 0xF673, 0xF693, 0xFF15, 0xFF16, 0xFF16, 0xFF16, 0xFEF6, 0xFEF6,
    0xFF16, 0xFF37, 0xFF37, 0xF694, 0xF694, 0xF694, 0xF693, 0xF673, 0xF652, 0xF652, 0xF652, 0xF632, 0xF632, 0xF652, 0xF652, 0xF632,
    0xEE32, 0xEE52, 0xF632, 0xF632, 0xF632, 0xEE32, 0xF694, 0xF6D5, 0xF737, 0xF757, 0xFF58, 0xFF58, 0xFF58, 0xFF58, 0xFF58, 0xFF58,
    0xFF58, 0xFF58, 0xFF58, 0xFF58, 0xFF58, 0xFF58, 0xFF58, 0xFF58, 0xFF58, 0xFF37, 0xF737, 0xEE73, 0xEE11, 0xEE12, 0xEE12, 0xEE12,
    0xEE11, 0xEE11, 0xEE11, 0xEDF1, 0xEDF1, 0xEDF1, 0xEDF1, 0xEDF1, 0xEDF1, 0xEDF1, 0xEDF1, 0xEDF1, 0xEDF1, 0xEDF0, 0xEE52, 0xF6F6,
    0xF717, 0xF717, 0xF738, 0xF738, 0xF738, 0xF738, 0xF717, 0xF6B5, 0xF695, 0xF695, 0xF695, 0xF695, 0xF695, 0xF674, 0xEE74, 0xEE74,
    0xEE11, 0xEDD1, 0xF6D6, 0xF718, 0xF6D7, 0xF6F7, 0xF6F7, 0xF6D7, 0xF6D7, 0xF6F7, 0xF6F7, 0xF6F7, 0xF6F7, 0xF6F7, 0xF6F7, 0xF6F7,
    0xF6F7, 0xF6F7, 0xF6F7, 0xF6F7, 0xF6B5, 0xE5D1, 0xE5B0, 0xEDB0, 0xEDB0, 0xE5B1, 0xE5B0, 0xE5B0, 0xE5B0, 0xE5B0, 0xE5B0, 0xE5B0,
    0x5181, 0x5181, 0x5181, 0x5161, 0x5161, 0x5961, 0x61A2, 0x61C3, 0x61C3, 0x61E3, 0x61E3, 0x61E3, 0x61E3, 0x7244, 0x7AC6, 0x7AC6,
    0x7AC6, 0x82E7, 0x8308, 0x8307, 0x8308, 0x8308, 0x93AA, 0x9BCA, 0x9BCA, 0x9BEB, 0x9B68, 0x9B47, 0x9B67, 0x9B47, 0x9B47, 0x9B47,
    0x9B47, 0x9B47, 0x9B47, 0x9B67, 0xA367, 0xA367, 0xA387, 0xA387, 0xA387, 0xA387, 0xABA8, 0xABC8, 0xABC8, 0xB409, 0xBC29, 0xB449,
    0xC50E, 0xC52F, 0xC52F, 0xC52F, 0xC52F, 0xCD50, 0xCD50, 0xCD50, 0xCD70, 0xCD70, 0xCD70, 0xCD70, 0xCD70, 0xCD70, 0xCD70, 0xCD70,
    0xCD70, 0xCD70, 0xCD70, 0xCD70, 0xCD2F, 0xC4CC, 0xC4AB, 0xC48B, 0xC48B, 0xC48B, 0xC48B, 0xC48B, 0xC46B, 0xC48B, 0xF5CE, 0xFE0E,
    0xF60E, 0xF60E, 0xF60E, 0xFE2F, 0xFE70, 0xFE70, 0xFE70, 0xFE70, 0xFE70, 0xFED1, 0xFF12, 0xFF75, 0xFFD8, 0xFFB8, 0xFFD8, 0xFFD8,
    0xFFB8, 0xFFD8, 0xFFB8, 0xFFB8, 0xFFD8, 0xFFB8, 0xFFB8, 0xFF98, 0xFF77, 0xFF77, 0xFF77, 0xFF77, 0xFF36, 0xFF15, 0xFF15, 0xFEB3,
    0xFEB3, 0xFEF4, 0xF6F5, 0xF6D4, 0xFF16, 0xFF78, 0xFF78, 0xFF78, 0xFF78, 0xFF78, 0xFF99, 0xFF99, 0xFF99, 0xFF99, 0xFF98, 0xFF98,
    0xFF78, 0xFF78, 0xFF57, 0xFF16, 0xF673, 0xF653, 0xF673, 0xF652, 0xF653, 0xF652, 0xF652, 0xF652, 0xF652, 0xF652, 0xF652, 0xF632,
    0xEE32, 0xEE32, 0xF632, 0xEE32, 0xF632, 0xF632, 0xF633, 0xEE52, 0xF6D5, 0xFF37, 0xFF58, 0xFF58, 0xFF58, 0xFF58, 0xFF58, 0xFF58,
    0xFF58, 0xFF58, 0xFF58, 0xFF58, 0xFF58, 0xFF58, 0xFF58, 0xFF58, 0xFF58, 0xFF58, 0xFF59, 0xF6F7, 0xF6B5, 0xEE12, 0xEE12, 0xEE12,
    0xEE11, 0xEE11, 0xEE11, 0xEDF1, 0xEDF1, 0xEDF1, 0xEDF1, 0xEDF1, 0xEDF1, 0xEDF0, 0xEDF1, 0xEDF0, 0xEDF1, 0xEDF1, 0xEDF1, 0xEE73,
    0xF717, 0xF6F7, 0xF6B5, 0xF6B5, 0xF6B5, 0xF6B5, 0xF674, 0xEDF1, 0xEDD0, 0xEDD0, 0xEDD0, 0xEDD0, 0xEDD0, 0xEDD0, 0xEDD0, 0xEDD0,
    0xEDD0, 0xEDD0, 0xEE33, 0xEE95, 0xF6F7, 0xF6D7, 0xF6D7, 0xF6D7, 0xF6F7, 0xF6F7, 0xF6F7, 0xF6F7, 0xF6F7, 0xF6F7, 0xF6F7, 0xF6F7,
    0xF6F7, 0xF6F7, 0xF6F7, 0xF6F7, 0xF6F7, 0xF6B6, 0xF694, 0xE5D1, 0xEDB0, 0xEDD0, 0xE5D1, 0xE5D0, 0xE5B0, 0xE5B0, 0xE5B0, 0xE5B0,
    0x5141, 0x5141, 0x5961, 0x5961, 0x5941, 0x61C2, 0x6A25, 0x6A25, 0x7245, 0x7AE7, 0x82E7, 0x82E7, 0x8307, 0x8308, 0x8B28, 0x8308,
    0x8308, 0x8308, 0x8307, 0x9BAA, 0x9BCA, 0x9BCA, 0xA3EB, 0xA40B, 0xA40B, 0xA40B, 0xA3C9, 0x9B67, 0xA368, 0xA367, 0xA367, 0xA367,
    0xA367, 0xA367, 0xA367, 0xA367, 0xA367, 0xA387, 0xA387, 0xAB88, 0xAB87, 0xAB87, 0xB409, 0xBC49, 0xBC49, 0xBC49, 0xBC49, 0xBC4A,
    0xC4CD, 0xC50F, 0xC530, 0xC530, 0xCD50, 0xCD50, 0xCD70, 0xCD70, 0xCD70, 0xCD70, 0xCD70, 0xCD70, 0xCD70, 0xCD70, 0xCD70, 0xCD70,
    0xCD70, 0xCD70, 0xCD70, 0xCD70, 0xCD70, 0xCD4F, 0xC4AB, 0xC4AB, 0xC48B, 0xC48B, 0xCCAB, 0xE58E, 0xE58D, 0xE58D, 0xF60E, 0xFE2E,
    0xFE0E, 0xF60E, 0xF60E, 0xF62E, 0xFE4F, 0xFE4F, 0xFE4F, 0xFE4F, 0xFE6F, 0xFEB0, 0xFF12, 0xFF33, 0xFF96, 0xFF97, 0xFF97, 0xFF97,
    0xFF97, 0xFF77, 0xFF77, 0xFF77, 0xFF77, 0xFF76, 0xFF56, 0xFF35, 0xFEB3, 0xFEB3, 0xFE93, 0xFE93, 0xF692, 0xFE92, 0xFE93, 0xFE93,
    0xFEB3, 0xFF77, 0xFF98, 0xFF98, 0xFF98, 0xFF98, 0xFF78, 0xFF98, 0xFF98, 0xFF99, 0xFF99, 0xFF78, 0xFF78, 0xFF78, 0xFF78, 0xFF58,
    0xFF78, 0xFF78, 0xFF78, 0xFF78, 0xFF16, 0xF6B4, 0xF652, 0xF653, 0xF653, 0xF652, 0xF652, 0xF652, 0xF652, 0xF652, 0xF652, 0xF652,
    0xF632, 0xF632, 0xF652, 0xEE32, 0xEE32, 0xF652, 0xF652, 0xF653, 0xF633, 0xF6B4, 0xFF57, 0xFF58, 0xFF58, 0xFF58, 0xFF58, 0xFF58,
    0xFF58, 0xFF58, 0xFF58, 0xFF58, 0xFF58, 0xF758, 0xFF58, 0xFF58, 0xFF58, 0xFF79, 0xFF58, 0xFF79, 0xFF78, 0xF6B5, 0xF673, 0xEE32,
    0xEE11, 0xEE11, 0xEDF1, 0xEDF1, 0xEDF1, 0xEDF1, 0xEDF0, 0xEDF0, 0xEDD0, 0xF674, 0xF6F6, 0xF6D6, 0xF6F6, 0xF6F6, 0xF6F6, 0xF6F7,
    0xFF38, 0xF6D6, 0xE5D1, 0xEDF1, 0xEDF1, 0xEDD1, 0xEDD1, 0xEDF1, 0xEDF1, 0xEDD1, 0xEDD1, 0xEDD0, 0xEDD0, 0xEDD0, 0xEDD0, 0xEDD0,
    0xEDD0, 0xEDD0, 0xEDB0, 0xEDF1, 0xEE74, 0xF6B6, 0xF6F7, 0xF6F7, 0xF6D7, 0xF6F7, 0xF6F7, 0xF6F7, 0xF6F7, 0xF6F7, 0xF6F7, 0xF6F7,
    0xF6F7, 0xF6F7, 0xF6F7, 0xF6F7, 0xF6F7, 0xF717, 0xF6F7, 0xF695, 0xEE53, 0xE5B0, 0xE5D0, 0xEDB0, 0xE5B0, 0xE5B0, 0xE5B0, 0xE5B0,
    0x5941, 0x5961, 0x5961, 0x5961, 0x5961, 0x61A2, 0x6A45, 0x7245, 0x7265, 0x7AE7, 0x8307, 0x8307, 0x8308, 0x8308, 0x8307, 0x8B48,
    0x9389, 0x9389, 0x9389, 0xA3EB, 0xA40B, 0xA40B, 0xA40B, 0xA40B, 0xA40B, 0xA40B, 0xA40B, 0xA3A8, 0xA368, 0xA368, 0xA367, 0xA367,
    0xA367, 0xA367, 0xA367, 0xA367, 0xA387, 0xA387, 0xABA7, 0xBC09, 0xBC29, 0xBC29, 0xBC29, 0xBC29, 0xBC29, 0xBC49, 0xBC49, 0xBC4A,
    0xBC4A, 0xC50E, 0xC550, 0xC530, 0xCD50, 0xCD50, 0xCD50, 0xCD70, 0xCD70, 0xCD70, 0xCD70, 0xCD70, 0xCD70, 0xCD70, 0xCD70, 0xCD70,
    0xCD90, 0xCD90, 0xCD90, 0xCD90, 0xCD90, 0xCD70, 0xCD4E, 0xCCCC, 0xCCAC, 0xC4AB, 0xCCCB, 0xF5EE, 0xF60E, 0xF60E, 0xF62E, 0xF62F,
    0xF650, 0xFEF3, 0xF6F3, 0xFEF3, 0xFEF3, 0xFF13, 0xFF14, 0xFF34, 0xFF34, 0xFF55, 0xFF96, 0xFF96, 0xFF97, 0xFF14, 0xFED2, 0xFED3,
    0xFED2, 0xFED3, 0xFED3, 0xFEB2, 0xFEB2, 0xFEB2, 0xFEB2, 0xFEB2, 0xFEB3, 0xFEB3, 0xFEB3, 0xFE93, 0xFE93, 0xFE93, 0xFE92, 0xFE93,
    0xFE93, 0xFED4, 0xFF77, 0xFF98, 0xFF98, 0xFF78, 0xFF98, 0xFF78, 0xFF98, 0xFF98, 0xFF79, 0xFF78, 0xFF78, 0xFF78, 0xFF78, 0xFF78,
    0xFF78, 0xFF58, 0xFF78, 0xFF78, 0xFF99, 0xFF37, 0xF6B4, 0xF652, 0xF653, 0xF653, 0xF652, 0xF652, 0xF653, 0xF652, 0xF652, 0xF652,
    0xF652, 0xF652, 0xF632, 0xF652, 0xEE32, 0xEE32, 0xF652, 0xF653, 0xF652, 0xF653, 0xF694, 0xFF57, 0xFF78, 0xFF78, 0xFF78, 0xFF78,
    0xFF78, 0xFF78, 0xFF78, 0xFF78, 0xFF78, 0xFF78, 0xFF78, 0xFF78, 0xFF58, 0xF6F6, 0xF6F6, 0xF716, 0xF6F6, 0xF694, 0xEE53, 0xF632,
    0xF673, 0xF6B4, 0xF694, 0xF6B4, 0xF6B4, 0xF6D5, 0xF6F5, 0xF6F5, 0xF6D6, 0xF717, 0xFF58, 0xFF38, 0xF738, 0xFF38, 0xF738, 0xF738,
    0xF738, 0xF717, 0xFEF6, 0xEE53, 0xEDD1, 0xEDF1, 0xEDF1, 0xEDF1, 0xEDF1, 0xEDF1, 0xEDF1, 0xEDD1, 0xEDD0, 0xEDD0, 0xEDD0, 0xEDD0,
    0xEDD0, 0xEDD1, 0xEDD1, 0xEDD1, 0xEDD0, 0xEE32, 0xF695, 0xF6D6, 0xF6F7, 0xF6F7, 0xF6F7, 0xF6F7, 0xF6F7, 0xF6F8, 0xFEF8, 0xFEF8,
    0xF6F7, 0xF717, 0xF6F7, 0xF6F7, 0xF6F7, 0xF6F7, 0xF6F7, 0xF718, 0xF6D6, 0xF674, 0xEE12, 0xEDD1, 0xEDD0, 0xE5B0, 0xE5B0, 0xE5B0,
    0x5941, 0x5941, 0x5941, 0x5961, 0x5961, 0x61A2, 0x7AA6, 0x8307, 0x8307, 0x8307, 0x8307, 0x8307, 0x8307, 0x8B48, 0x8B48, 0x938A,
    0xA40B, 0xA40B, 0xA40B, 0xA40B, 0xA40B, 0xA40B, 0xA40B, 0xA40B, 0xA40B, 0xA40C, 0xAC2C, 0xABEA, 0xA367, 0xA388, 0xA387, 0xA388,
    0xA368, 0xA367, 0xA367, 0xA367, 0xB3C8, 0xBC09, 0xBC29, 0xBC49, 0xBC49, 0xBC49, 0xBC49, 0xBC4A, 0xBC49, 0xBC49, 0xBC49, 0xBC6A,
    0xBC4A, 0xC4AC, 0xC52F, 0xCD50, 0xCD70, 0xCD70, 0xCD70, 0xCD91, 0xCD91, 0xCD91, 0xCD91, 0xCD90, 0xCD90, 0xCD91, 0xCD4F, 0xCD0E,
    0xCD0E, 0xCD0E, 0xCD0E, 0xCD0E, 0xCD0E, 0xCCED, 0xCCED, 0xE58E, 0xEE51, 0xF672, 0xEE71, 0xFEB2, 0xFEB2, 0xFED2, 0xFF55, 0xFF96,
    0xFF96, 0xFFD9, 0xFFF9, 0xFFF9, 0xFFF9, 0xFFF9, 0xFFF9, 0xFFF9, 0xFFF9, 0xFFD9, 0xFFF9, 0xFFD9, 0xFFD9, 0xFF34, 0xFED2, 0xFED3,
    0xFEB2, 0xFEB2, 0xFEB2, 0xFEB2, 0xFEB2, 0xFEB2, 0xFEB2, 0xFEB2, 0xFEB2, 0xFEB2, 0xFEB2, 0xFEB3, 0xFEB2, 0xFE92, 0xFE92, 0xFEB2,
    0xFE92, 0xFEB3, 0xFF15, 0xFF57, 0xFF78, 0xFF78, 0xFF98, 0xFF79, 0xFF98, 0xFF99, 0xFF79, 0xFF78, 0xFF78, 0xFF78, 0xFF78, 0xFF78,
    0xFF78, 0xFF78, 0xFF78, 0xFF78, 0xFF78, 0xFF99, 0xFF58, 0xF6B4, 0xF652, 0xF652, 0xF653, 0xF652, 0xF653, 0xF652, 0xF652, 0xF652,
    0xF652, 0xF652, 0xF652, 0xF652, 0xF652, 0xEE52, 0xEE32, 0xEE32, 0xEE32, 0xEE32, 0xF652, 0xF6B4, 0xFF37, 0xFF58, 0xFF78, 0xFF58,
    0xFF57, 0xFF57, 0xFF37, 0xFF37, 0xFF37, 0xFF37, 0xFF37, 0xFF37, 0xF717, 0xEE32, 0xEE12, 0xEE32, 0xEE32, 0xEE32, 0xF632, 0xEE32,
    0xF6F5, 0xFF58, 0xFF79, 0xFF79, 0xFF78, 0xFF78, 0xFF78, 0xFF78, 0xFF78, 0xFF58, 0xF738, 0xF738, 0xF738, 0xF738, 0xF738, 0xF738,
    0xF738, 0xF738, 0xFF38, 0xF6D6, 0xF694, 0xEDF1, 0xEDD1, 0xEDF1, 0xEDF1, 0xEDF1, 0xEDF1, 0xEDF1, 0xEDD1, 0xEDD1, 0xEDD0, 0xEDD0,
    0xEDD0, 0xEDD0, 0xEDD0, 0xEDD0, 0xEDD1, 0xEDF1, 0xEDD1, 0xEE53, 0xF738, 0xF738, 0xF718, 0xF718, 0xF718, 0xF718, 0xFEF8, 0xFEF8,
    0xFEF7, 0xF717, 0xFF18, 0xFF18, 0xFF18, 0xF718, 0xF718, 0xFF17, 0xFF18, 0xFF18, 0xF6F6, 0xF674, 0xEDF1, 0xEDD1, 0xEDF1, 0xEDF1,
    0x5961, 0x5981, 0x5981, 0x5981, 0x7244, 0x7AA6, 0x82E7, 0x8307, 0x8307, 0x8307, 0x8307, 0x8B48, 0x9369, 0xA3EB, 0xA40B, 0xA40B,
    0xA40B, 0xA40B, 0xA40B, 0xA40B, 0xA40B, 0xAC0B, 0xA40B, 0xA40B, 0xA42C, 0xAC2C, 0xAC4C, 0xAC4C, 0xABC9, 0xA367, 0xA367, 0xA367,
    0xA367, 0xAB88, 0xB3C8, 0xB3C8, 0xBC09, 0xBC4A, 0xBC4A, 0xBC2A, 0xBC29, 0xBC29, 0xBC29, 0xBC4A, 0xBC29, 0xBC4A, 0xBC4A, 0xBC6A,
    0xBC6B, 0xBC6B, 0xC4ED, 0xC50E, 0xCD0F, 0xCD0E, 0xCD2E, 0xCD2E, 0xCD2E, 0xCD2F, 0xCD2E, 0xCD0E, 0xCD0E, 0xCD2E, 0xCCED, 0xC48B,
    0xC48B, 0xC4AB, 0xC48B, 0xCCAB, 0xCCAB, 0xDD2D, 0xDD4D, 0xEDCE, 0xFEB2, 0xFEF3, 0xFED3, 0xFED3, 0xFF76, 0xFF97, 0xFFD8, 0xFFF9,
    0xFFF8, 0xFFD8, 0xFFD8, 0xFFD8, 0xFFD8, 0xFFD9, 0xFFD9, 0xFFD9, 0xFFD9, 0xFFD9, 0xFFD9, 0xFFD9, 0xFFD9, 0xFFD8, 0xFF35, 0xFEB2,
    0xFEB3, 0xFEB3, 0xFEB2, 0xFEB2, 0xFEB2, 0xFEB2, 0xFEB2, 0xFEB2, 0xFEB2, 0xFEB2, 0xFEB2, 0xFEB2, 0xFE92, 0xFE92, 0xFEB2, 0xFEB2,
    0xFEB2, 0xFEB3, 0xFE92, 0xFEF4, 0xFF98, 0xFF78, 0xFF98, 0xFF99, 0xFF99, 0xFF99, 0xFF99, 0xFF99, 0xFF79, 0xFF79, 0xFF78, 0xFF78,
    0xFF78, 0xFF78, 0xFF78, 0xFF79, 0xFF79, 0xFF78, 0xFF78, 0xFF58, 0xF6F5, 0xF673, 0xF652, 0xF652, 0xEE52, 0xF652, 0xF652, 0xF652,
    0xF632, 0xF632, 0xEE32, 0xEE32, 0xEE32, 0xEE32, 0xF694, 0xF6D5, 0xF6F6, 0xF6F6, 0xF6F6, 0xF716, 0xF737, 0xF716, 0xF694, 0xF694,
    0xF673, 0xF652, 0xF632, 0xEE32, 0xEE32, 0xEE32, 0xF632, 0xF632, 0xEE32, 0xF632, 0xF632, 0xF632, 0xF632, 0xF632, 0xEE32, 0xEE32,
    0xEE32, 0xEE73, 0xFF58, 0xFF58, 0xFF58, 0xFF58, 0xFF58, 0xFF58, 0xFF58, 0xFF78, 0xFF78, 0xFF78, 0xFF78, 0xFF79, 0xFF79, 0xFF58,
    0xF738, 0xF738, 0xFF37, 0xF738, 0xFF38, 0xF6B5, 0xF652, 0xEDD0, 0xEDF1, 0xEDF1, 0xEDF1, 0xEDF1, 0xEDD1, 0xEDD1, 0xEDD1, 0xEDD0,
    0xEDD0, 0xEDD0, 0xEDD0, 0xEDD0, 0xEDF1, 0xEDF1, 0xEDF1, 0xEE12, 0xF653, 0xF6B5, 0xFF58, 0xFF58, 0xFF38, 0xFF58, 0xFF58, 0xFF38,
    0xF758, 0xF737, 0xF6B5, 0xF6D5, 0xF6D6, 0xF6D6, 0xF6D6, 0xF695, 0xF674, 0xEE74, 0xF695, 0xEE33, 0xEDF1, 0xEDF1, 0xF6B6, 0xFED7,
    0x61A2, 0x69E3, 0x69E3, 0x69E3, 0x7A86, 0x8307, 0x8307, 0x8307, 0x8B48, 0x8B48, 0x8B28, 0xA3EB, 0xAC2C, 0xA40B, 0xA40B, 0xA40B,
    0xAC2C, 0xAC2C, 0xA42C, 0xA42C, 0xAC2C, 0xAC2C, 0xAC2C, 0xAC2C, 0xAC4C, 0xAC4C, 0xB46C, 0xB48D, 0xB42B, 0xABC9, 0xABE9, 0xABE9,
    0xABE9, 0xB42A, 0xC48C, 0xC48B, 0xC4AC, 0xC48B, 0xBC8B, 0xBC8B, 0xBC6A, 0xBC6B, 0xC4AC, 0xC50E, 0xC4EE, 0xCCEE, 0xC4EE, 0xCD0E,
    0xCD2F, 0xCD2F, 0xCD2F, 0xC4CD, 0xC46A, 0xC46B, 0xC46B, 0xC48B, 0xC46B, 0xC46B, 0xC46B, 0xC46B, 0xC46B, 0xC46B, 0xC48B, 0xC48B,
    0xCCAB, 0xCCAB, 0xCCAB, 0xCCCB, 0xCCCC, 0xEDCE, 0xFE2F, 0xF5EE, 0xF670, 0xF6D2, 0xFEF4, 0xFF14, 0xFFB7, 0xFFD8, 0xFFD8, 0xFFD8,
    0xFFD8, 0xFFD9, 0xFFD9, 0xFFD9, 0xFFD9, 0xFFD9, 0xFFD9, 0xFFD9, 0xFFD9, 0xFFD9, 0xFFD9, 0xFFD9, 0xFFD9, 0xFFD9, 0xFF98, 0xFF35,
    0xFEB2, 0xFEB3, 0xFEB2, 0xFEB2, 0xFEB2, 0xFEB2, 0xFEB2, 0xFEB2, 0xFEB3, 0xFEB3, 0xFEB2, 0xFEB2, 0xFEB2, 0xFEB2, 0xFEB2, 0xFEB2,
    0xFEB2, 0xFEB3, 0xFEB3, 0xFEB3, 0xFEF4, 0xFF98, 0xFF99, 0xFF99, 0xFF99, 0xFF99, 0xFF99, 0xFF99, 0xFF99, 0xFF99, 0xFF99, 0xFF98,
    0xFF99, 0xFF99, 0xFF78, 0xFF58, 0xFF58, 0xFF57, 0xFF57, 0xFF58, 0xFF57, 0xF694, 0xF673, 0xF673, 0xF673, 0xF673, 0xF653, 0xF6B4,
    0xFF16, 0xF6F6, 0xF6F6, 0xF6F6, 0xF6F6, 0xF716, 0xFF58, 0xFF79, 0xFF99, 0xFF99, 0xFF99, 0xFF99, 0xFF99, 0xFF78, 0xF6F6, 0xF6B4,
    0xF673, 0xF652, 0xF652, 0xF652, 0xF632, 0xF632, 0xF632, 0xF632, 0xF631, 0xF631, 0xF632, 0xF632, 0xF632, 0xF611, 0xF631, 0xF632,
    0xF611, 0xF632, 0xEE52, 0xFF16, 0xFF78, 0xFF78, 0xFF78, 0xFF78, 0xFF78, 0xFF98, 0xFF99, 0xFF99, 0xFF99, 0xFF99, 0xFF99, 0xFF78,
    0xFF78, 0xFF78, 0xF738, 0xF737, 0xFF38, 0xFF58, 0xF6F6, 0xF694, 0xEE32, 0xEDD0, 0xEDF1, 0xEDD1, 0xEDF1, 0xEDF0, 0xEDD0, 0xEDD0,
    0xEDD0, 0xEDB0, 0xEDB0, 0xEDB0, 0xEDD0, 0xEDD0, 0xEDD0, 0xEDD1, 0xEDF0, 0xEE32, 0xF6B5, 0xF717, 0xFF38, 0xFF37, 0xF6F6, 0xF6F6,
    0xF716, 0xF6F6, 0xEE12, 0xEDF1, 0xEE11, 0xEDF1, 0xEDF1, 0xE5D1, 0xEDD0, 0xEDD0, 0xEDD0, 0xEDD1, 0xEDF1, 0xEDD1, 0xEE32, 0xEE74,
    0x7A65, 0x7A85, 0x7A85, 0x7A85, 0x7AA6, 0x82C6, 0x82C6, 0x9369, 0xA40C, 0xA40B, 0xA40B, 0xA40B, 0xAC0C, 0xAC2C, 0xAC2C, 0xAC2C,
    0xAC2C, 0xAC0B, 0xAC0B, 0xAC2B, 0xAC2B, 0xAC0B, 0xAC0A, 0xABEA, 0xABEA, 0xABEA, 0xAC0A, 0xB40A, 0xB42A, 0xBCAC, 0xC50E, 0xCD0F,
    0xCD2F, 0xC52F, 0xCD2F, 0xCD4F, 0xCD4F, 0xCD4F, 0xCD50, 0xCD4F, 0xCD4F, 0xCD4F, 0xCD50, 0xCD70, 0xCD70, 0xCD70, 0xCD70, 0xCD70,
    0xCD70, 0xCD70, 0xD591, 0xCD0E, 0xC46A, 0xC48B, 0xC48B, 0xC48B, 0xC48B, 0xC48B, 0xC48B, 0xC48B, 0xC48B, 0xCC8B, 0xCC8B, 0xCCAB,
    0xCCAB, 0xCC8B, 0xDD2D, 0xF5CE, 0xEDCE, 0xF5EE, 0xF5EE, 0xF5EE, 0xF5EE, 0xF691, 0xFFD8, 0xFFD8, 0xFFD8, 0xFFD8, 0xFFD8, 0xFFD8,
    0xFFD9, 0xFFD9, 0xFFD9, 0xFFD9, 0xFFD9, 0xFFF9, 0xFFD9, 0xFFD9, 0xFFD9, 0xFFD9, 0xFFD9, 0xFFD9, 0xFFD9, 0xFFB9, 0xFFD9, 0xFFB8,
    0xFF15, 0xFED3, 0xFEB2, 0xFEB2, 0xFEB2, 0xFEB2, 0xFEB2, 0xFEB2, 0xFEB3, 0xFEB2, 0xFEB2, 0xFEB2, 0xFEB2, 0xFEB2, 0xFEB2, 0xFEB2,
    0xFEB2, 0xFE92, 0xFEB2, 0xFE92, 0xFE92, 0xFED4, 0xFF77, 0xFF78, 0xFF78, 0xFF78, 0xFF78, 0xFF78, 0xFF78, 0xFF78, 0xFF57, 0xFF57,
    0xFF58, 0xFF78, 0xF6F5, 0xF693, 0xF693, 0xF694, 0xF694, 0xF694, 0xF694, 0xF673, 0xF6B4, 0xFF37, 0xFF58, 0xFF58, 0xFF57, 0xFF78,
    0xFF99, 0xFF99, 0xFF99, 0xFFB9, 0xFFB9, 0xFF99, 0xFF99, 0xFF99, 0xFF99, 0xFF99, 0xFF99, 0xFF99, 0xFF99, 0xFF79, 0xFF99, 0xFF16,
    0xF694, 0xF652, 0xF632, 0xF632, 0xF632, 0xF632, 0xF632, 0xF632, 0xF632, 0xF632, 0xF632, 0xF611, 0xF611, 0xF631, 0xEE11, 0xEE11,
    0xF631, 0xF631, 0xF611, 0xF652, 0xF6B4, 0xFF57, 0xFF78, 0xFF79, 0xFF99, 0xFF98, 0xFF99, 0xFF99, 0xFF99, 0xFF99, 0xFF99, 0xFF99,
    0xFF99, 0xFF98, 0xFF78, 0xFF58, 0xFF37, 0xFF38, 0xFF58, 0xFF78, 0xF6F6, 0xEE53, 0xEDF0, 0xEDD0, 0xEDD0, 0xEDD0, 0xEDD0, 0xEDD0,
    0xEDF1, 0xEE32, 0xEE12, 0xEE11, 0xEE12, 0xEE32, 0xEE32, 0xEE32, 0xEE33, 0xEE53, 0xEE33, 0xF6D5, 0xFF58, 0xF6D5, 0xEDF2, 0xF612,
    0xF632, 0xEE12, 0xF612, 0xEE11, 0xEE11, 0xEDF1, 0xEDF1, 0xEDF1, 0xEDF1, 0xEDF1, 0xEDF1, 0xEDD1, 0xEDD1, 0xEDD1, 0xEDD1, 0xEDD0,
    0x7A85, 0x7A85, 0x7A85, 0x7A86, 0x7AA6, 0x82E7, 0x8B28, 0x9B89, 0x9BAA, 0x9BA9, 0x9BA9, 0xA3CA, 0xA3CA, 0xA3CA, 0xA3CA, 0xA3CA,
    0xA3C9, 0xA388, 0xA388, 0xA3A8, 0xA388, 0xA3A8, 0xA3A8, 0xABA8, 0xABA8, 0xABA8, 0xABC8, 0xABC8, 0xB3E8, 0xBC6B, 0xC50E, 0xC52F,
    0xC52F, 0xCD2F, 0xCD2F, 0xCD4F, 0xCD4F, 0xCD4F, 0xCD70, 0xCD70, 0xCD70, 0xCD70, 0xCD50, 0xCD50, 0xCD50, 0xCD70, 0xCD70, 0xCD70,
    0xCD70, 0xCD70, 0xCD70, 0xCD70, 0xCCCC, 0xC48B, 0xC48B, 0xC48B, 0xC48B, 0xC48B, 0xC48B, 0xC48B, 0xC48B, 0xC48B, 0xC48B, 0xCCAB,
    0xE56E, 0xE58E, 0xEDAE, 0xF5EF, 0xF5EF, 0xF5EF, 0xF5EF, 0xF5EF, 0xFE50, 0xFED2, 0xFF55, 0xFFB8, 0xFFD9, 0xFFD8, 0xFFD8, 0xFFD8,
    0xFFD9, 0xFFD9, 0xFFD9, 0xFFF9, 0xFFD9, 0xFFD9, 0xFFD9, 0xFFD9, 0xFFD9, 0xFFD9, 0xFFD9, 0xFFD9, 0xFFD9, 0xFFD9, 0xFFB9, 0xFFD9,
    0xFFB8, 0xFED4, 0xFED2, 0xFED2, 0xFEB2, 0xFEB2, 0xFEB2, 0xFEB2, 0xFEB2, 0xFEB2, 0xFED3, 0xFED3, 0xFEB3, 0xFEB3, 0xFEB3, 0xFEB3,
    0xFEB3, 0xFEF4, 0xFF15, 0xFF15, 0xFF14, 0xFEF5, 0xFF36, 0xF6D4, 0xF6B4, 0xF6B4, 0xF6B4, 0xF6B4, 0xF694, 0xF694, 0xF694, 0xF694,
    0xF694, 0xF694, 0xF694, 0xF693, 0xF693, 0xF693, 0xF673, 0xF673, 0xF673, 0xF673, 0xF673, 0xF694, 0xFF58, 0xFF79, 0xFF78, 0xFF79,
    0xFF79, 0xFF79, 0xFF79, 0xFF99, 0xFF99, 0xFF99, 0xFF99, 0xFF99, 0xFF99, 0xFF99, 0xFF99, 0xFF99, 0xFF99, 0xFF99, 0xFF98, 0xFF99,
    0xFF78, 0xF693, 0xF652, 0xF652, 0xF652, 0xF652, 0xF632, 0xF652, 0xF632, 0xF632, 0xF632, 0xF611, 0xF611, 0xEE11, 0xEE31, 0xEE11,
    0xF611, 0xF631, 0xF631, 0xF611, 0xF611, 0xF693, 0xFF78, 0xFF79, 0xFF98, 0xFF99, 0xFF99, 0xFF99, 0xFF99, 0xFF99, 0xFF99, 0xFF99,
    0xFF99, 0xFF98, 0xFF99, 0xFF78, 0xFF57, 0xFF37, 0xFF37, 0xFF37, 0xFF58, 0xF6D5, 0xEE11, 0xEE32, 0xF633, 0xEE32, 0xF652, 0xEE32,
    0xF6B5, 0xFF58, 0xFF58, 0xFF58, 0xFF58, 0xFF58, 0xFF58, 0xFF58, 0xFF58, 0xFF58, 0xFF58, 0xFF58, 0xFF58, 0xFF17, 0xF6D5, 0xF653,
    0xF611, 0xF612, 0xF612, 0xF611, 0xF611, 0xEDF1, 0xEDF1, 0xEDF1, 0xEDF1, 0xEDF1, 0xEDF1, 0xEDF1, 0xEDF1, 0xEDD1, 0xEDD1, 0xEDF1,
    0x82E7, 0x8307, 0x82E7, 0x8B28, 0x9389, 0x9BAA, 0x9BEB, 0x9BCA, 0x9347, 0x9B47, 0x9B68, 0x9B67, 0x9B67, 0x9B68, 0x9B68, 0xA388,
    0xA388, 0xA388, 0xA3A8, 0xA3A8, 0xA3A8, 0xA3A8, 0xABA8, 0xABA8, 0xABA8, 0xB409, 0xBC29, 0xBC29, 0xBC4A, 0xBC6B, 0xC4ED, 0xC52F,
    0xC52F, 0xCD4F, 0xCD4F, 0xCD4F, 0xCD4F, 0xCD70, 0xCD70, 0xCD70, 0xCD70, 0xCD70, 0xCD70, 0xCD70, 0xCD70, 0xCD70, 0xCD70, 0xCD70,
    0xCD70, 0xCD70, 0xCD70, 0xD591, 0xCD4F, 0xC4AB, 0xC48B, 0xC48B, 0xC48B, 0xC48B, 0xCCAB, 0xCC8B, 0xCCAB, 0xD50C, 0xD50C, 0xDD2C,
    0xF5CF, 0xF5EF, 0xF5EF, 0xF5EF, 0xF5EF, 0xF60F, 0xF60F, 0xF60F, 0xFE70, 0xFE91, 0xFE91, 0xFF55, 0xFFB8, 0xFFD8, 0xFFD8, 0xFFD9,
    0xFFD9, 0xFFD9, 0xFFD9, 0xFFF9, 0xFFF9, 0xFFF9, 0xFFF9, 0xFFD9, 0xFFD9, 0xFFD9, 0xFFD9, 0xFFD9, 0xFFD9, 0xFFD9, 0xFFD9, 0xFFB9,
    0xFFB8, 0xFF56, 0xFED3, 0xFEB3, 0xFEB3, 0xFEB3, 0xFEB3, 0xFEB3, 0xFEB2, 0xFED4, 0xFF36, 0xFF36, 0xFF77, 0xFF78, 0xFF78, 0xFF77,
    0xFF78, 0xFFB9, 0xFFB9, 0xFFB9, 0xFFB9, 0xFFB9, 0xFFB9, 0xFEF5, 0xF673, 0xFE93, 0xF693, 0xF693, 0xF693, 0xF694, 0xF694, 0xF694,
    0xF693, 0xF694, 0xF694, 0xF693, 0xF693, 0xF693, 0xF693, 0xF693, 0xF673, 0xF673, 0xF673, 0xF673, 0xF694, 0xF6F6, 0xFF99, 0xFF79,
    0xFF99, 0xFF99, 0xFF99, 0xFF99, 0xFF99, 0xFF99, 0xFF99, 0xFF99, 0xFF99, 0xFF99, 0xFF99, 0xFF99, 0xFF99, 0xFF99, 0xFF79, 0xFF99,
    0xFF79, 0xFF78, 0xFF16, 0xF652, 0xF652, 0xF652, 0xF652, 0xF652, 0xF652, 0xF652, 0xF632, 0xF611, 0xF611, 0xF631, 0xF631, 0xEE11,
    0xF611, 0xF611, 0xF611, 0xF610, 0xF610, 0xF631, 0xF652, 0xF6F5, 0xFF99, 0xFFB9, 0xFFB9, 0xFFB9, 0xFFB9, 0xFFBA, 0xFF99, 0xFF57,
    0xFF37, 0xFF16, 0xF6B4, 0xF652, 0xF652, 0xF652, 0xF632, 0xEE32, 0xEE32, 0xEE32, 0xEE11, 0xEE94, 0xFF79, 0xFF58, 0xFF38, 0xFF58,
    0xFF58, 0xFF58, 0xFF58, 0xFF58, 0xFF58, 0xFF58, 0xFF58, 0xFF58, 0xFF58, 0xFF58, 0xFF78, 0xFF58, 0xFF58, 0xFF78, 0xFF79, 0xF6D6,
    0xF694, 0xF632, 0xF611, 0xF612, 0xF612, 0xF611, 0xEDF1, 0xEDF1, 0xEDF1, 0xEDF1, 0xEDF1, 0xEDF1, 0xEDF1, 0xEDF1, 0xEDD1, 0xEDF1,
    0x9BAA, 0x9BCA, 0x9BCA, 0x9BCA, 0xA3EB, 0xA3EB, 0x9BEB, 0xA3EB, 0x9B88, 0x9B68, 0x9B88, 0x9B88, 0x9B88, 0xA388, 0xA3A8, 0xA3A8,
    0xA3A8, 0xA3A8, 0xA3A8, 0xABA8, 0xABA8, 0xABC8, 0xABC8, 0xB409, 0xBC29, 0xBC29, 0xBC49, 0xBC4A, 0xBC6A, 0xBC49, 0xC4CD, 0xCD4F,
    0xC52F, 0xCD4F, 0xCD4F, 0xCD4F, 0xCD70, 0xCD70, 0xCD70, 0xCD70, 0xCD70, 0xCD70, 0xCD70, 0xCD70, 0xCD70, 0xCD90, 0xCD90, 0xCD90,
    0xCD70, 0xCD70, 0xCD90, 0xD591, 0xD590, 0xCCCD, 0xCC8B, 0xCCAB, 0xCC8B, 0xCC8B, 0xCCAB, 0xCC8B, 0xD4CB, 0xEDCE, 0xF60F, 0xF5EF,
    0xF5EF, 0xF5EF, 0xF5EF, 0xEDEF, 0xF5CE, 0xF630, 0xFE91, 0xFE91, 0xFE91, 0xFE91, 0xFEB2, 0xFE91, 0xFF55, 0xFFFA, 0xFFF9, 0xFFF9,
    0xFFF9, 0xFFF9, 0xFFF9, 0xFFD8, 0xFFD8, 0xFFD8, 0xFFD8, 0xFFD8, 0xFFB8, 0xFF56, 0xFF56, 0xFF56, 0xFF56, 0xFF35, 0xFF15, 0xFF15,
    0xFF15, 0xFF15, 0xFF14, 0xFF77, 0xFF78, 0xFF98, 0xFF78, 0xFF98, 0xFF78, 0xFF98, 0xFF99, 0xFFB9, 0xFFB9, 0xFFBA, 0xFFBA, 0xFFBA,
    0xFFB9, 0xFFB9, 0xFFB9, 0xFFB9, 0xFFB9, 0xFFB9, 0xFFB9, 0xFF98, 0xFF36, 0xF673, 0xFE93, 0xF693, 0xFE93, 0xFE94, 0xF694, 0xF694,
    0xFE94, 0xF694, 0xF694, 0xF693, 0xF693, 0xF693, 0xF693, 0xF693, 0xF693, 0xF673, 0xF673, 0xF673, 0xF673, 0xF693, 0xF716, 0xFF99,
    0xFF79, 0xFF99, 0xFF99, 0xFF99, 0xFF99, 0xFF99, 0xFF99, 0xFF99, 0xFF99, 0xFF99, 0xFF99, 0xFF99, 0xFF99, 0xFF99, 0xFF99, 0xFF99,
    0xFF79, 0xFF99, 0xFF78, 0xFF16, 0xF693, 0xF631, 0xF632, 0xF632, 0xF632, 0xF632, 0xF631, 0xF631, 0xF631, 0xF631, 0xF631, 0xF631,
    0xF611, 0xF611, 0xEE11, 0xF652, 0xF693, 0xF693, 0xF672, 0xF6F5, 0xFF78, 0xFF16, 0xFEF5, 0xF6F6, 0xF6F6, 0xF6F6, 0xF6D5, 0xF6B4,
    0xF6B4, 0xF673, 0xF632, 0xF631, 0xF631, 0xF611, 0xEE11, 0xEE11, 0xEE11, 0xEE11, 0xEE11, 0xF632, 0xF694, 0xF716, 0xFF79, 0xFF58,
    0xFF58, 0xFF58, 0xFF58, 0xFF58, 0xFF58, 0xFF58, 0xFF58, 0xFF58, 0xFF58, 0xFF58, 0xFF58, 0xFF58, 0xFF58, 0xFF58, 0xFF58, 0xFF79,
    0xFF78, 0xF6B5, 0xF653, 0xF612, 0xEE11, 0xF611, 0xEE11, 0xEE11, 0xEDF1, 0xEDF1, 0xEDF1, 0xEDF1, 0xEDF1, 0xEDF1, 0xEDF1, 0xEDF1,
    0xA3EB, 0xA3EB, 0xA3EB, 0xA3EB, 0xA3EB, 0xA3EB, 0xA40B, 0xA40B, 0x9BA9, 0xA388, 0xA3A8, 0xA3A8, 0xA3A8, 0xA3A8, 0xA3A8, 0xABA8,
    0xABA8, 0xABA8, 0xABA8, 0xABA8, 0xB3E8, 0xBC29, 0xBC29, 0xBC2A, 0xBC4A, 0xBC4A, 0xBC4A, 0xBC4A, 0xBC4A, 0xBC6A, 0xBC6B, 0xC4ED,
    0xCD4F, 0xCD4F, 0xCD4F, 0xCD4F, 0xCD70, 0xCD70, 0xCD70, 0xCD70, 0xCD70, 0xCD70, 0xCD70, 0xCD90, 0xCD90, 0xCD90, 0xCD90, 0xCD90,
    0xCD70, 0xCD70, 0xCD90, 0xD590, 0xD590, 0xD590, 0xCD0D, 0xCCAB, 0xCC8B, 0xC46A, 0xDD0C, 0xED8D, 0xED8E, 0xEDCE, 0xEDCE, 0xF5CF,
    0xF5EF, 0xF5EF, 0xF60F, 0xF630, 0xF630, 0xFE71, 0xFE91, 0xFE91, 0xFE91, 0xFE91, 0xFEB1, 0xFEB2, 0xFF35, 0xFFB8, 0xFF97, 0xFF97,
    0xFF97, 0xFF97, 0xFF97, 0xFF35, 0xFF35, 0xFF35, 0xFF35, 0xFF35, 0xFF35, 0xFED3, 0xFED3, 0xFED3, 0xFED3, 0xFED3, 0xFED3, 0xFED3,
    0xFED3, 0xFED3, 0xFEF4, 0xFF36, 0xFF99, 0xFF99, 0xFF99, 0xFFB9, 0xFFB9, 0xFFB9, 0xFF99, 0xFFB9, 0xFFB9, 0xFFB9, 0xFFB9, 0xFFB9,
    0xFFB9, 0xFFB9, 0xFFB9, 0xFFB9, 0xFFB9, 0xFFB9, 0xFF99, 0xFF99, 0xFF99, 0xF715, 0xF693, 0xF693, 0xFE93, 0xFE94, 0xFE94, 0xFE94,
    0xF694, 0xF694, 0xF694, 0xF693, 0xF693, 0xF693, 0xF693, 0xF693, 0xF693, 0xF693, 0xF693, 0xF693, 0xF693, 0xF673, 0xF6B4, 0xF716,
    0xFF99, 0xFF99, 0xFF99, 0xFF99, 0xFF99, 0xFF99, 0xFF99, 0xFF99, 0xFF99, 0xFF99, 0xFF99, 0xFF99, 0xFF99, 0xFF99, 0xFF99, 0xFF99,
    0xFF99, 0xFF99, 0xFF99, 0xFF99, 0xFF37, 0xF6F5, 0xF652, 0xF632, 0xF632, 0xF632, 0xF631, 0xF631, 0xF631, 0xF631, 0xF631, 0xF693,
    0xFED4, 0xFED4, 0xF6B4, 0xFF57, 0xFFB9, 0xFF99, 0xFF99, 0xFF99, 0xFF99, 0xF6F6, 0xF652, 0xF632, 0xF632, 0xF632, 0xF632, 0xF632,
    0xF632, 0xF632, 0xF632, 0xF632, 0xEE32, 0xEE31, 0xEE11, 0xEE11, 0xEE11, 0xEE11, 0xEE11, 0xEE11, 0xEDF0, 0xF673, 0xF6F6, 0xFF58,
    0xFF78, 0xFF58, 0xFF58, 0xFF58, 0xFF58, 0xFF58, 0xFF58, 0xFF58, 0xFF58, 0xFF58, 0xFF58, 0xFF58, 0xFF58, 0xFF58, 0xFF78, 0xFF78,
    0xFF58, 0xFF79, 0xFF58, 0xEE53, 0xEE32, 0xEE11, 0xEE11, 0xEE12, 0xF611, 0xF611, 0xEDF1, 0xEDF1, 0xEDF1, 0xEDF1, 0xEDF1, 0xEDF1,
    0xA3EB, 0xA3EB, 0xA3EB, 0xA3EB, 0xA40B, 0xA40B, 0xA40B, 0xAC2C, 0xA3EA, 0xA3A8, 0xA3A8, 0xA3A8, 0xA3A8, 0xA3A8, 0xABA8, 0xABA8,
    0xABA8, 0xABC8, 0xB3E8, 0xB409, 0xBC29, 0xBC4A, 0xBC4A, 0xBC4A, 0xBC4A, 0xBC4A, 0xBC4A, 0xBC4A, 0xBC6A, 0xBC6A, 0xBC4A, 0xC4CC,
    0xCD50, 0xCD4F, 0xCD4F, 0xCD70, 0xCD70, 0xCD70, 0xCD70, 0xCD70, 0xCD70, 0xCD90, 0xCD90, 0xCD91, 0xCD91, 0xD591, 0xD591, 0xD591,
    0xD591, 0xD590, 0xD591, 0xD591, 0xD591, 0xD5B1, 0xD56F, 0xCCAB, 0xDD4D, 0xDD6E, 0xE5AE, 0xF5EE, 0xF5EF, 0xEE0F, 0xEE0F, 0xEE30,
    0xF630, 0xF630, 0xF6B2, 0xFF55, 0xFF55, 0xFF55, 0xFF55, 0xFF55, 0xFF56, 0xFF56, 0xFF77, 0xFFB8, 0xFF97, 0xFF76, 0xFF35, 0xFED3,
    0xFEF3, 0xFEF3, 0xFEF3, 0xFEF3, 0xFEF3, 0xFED3, 0xFED3, 0xFED3, 0xFED3, 0xFED4, 0xFED4, 0xFED3, 0xFED3, 0xFED3, 0xFED3, 0xFED3,
    0xFED3, 0xFED3, 0xFED3, 0xFEF3, 0xFF57, 0xFF99, 0xFF99, 0xFF98, 0xFFB9, 0xFFB9, 0xFFB9, 0xFFB9, 0xFFB9, 0xFFB9, 0xFFB9, 0xFFB9,
    0xFFB9, 0xFFB9, 0xFFB9, 0xFFB9, 0xFFB9, 0xFFB9, 0xFF99, 0xFF99, 0xFF99, 0xFF98, 0xFF36, 0xF6B4, 0xF694, 0xF6B4, 0xFEB4, 0xFEB4,
    0xF694, 0xF694, 0xF694, 0xF694, 0xF694, 0xF694, 0xF693, 0xF694, 0xF693, 0xF693, 0xF693, 0xF693, 0xF693, 0xF693, 0xFE93, 0xF693,
    0xFEF5, 0xFF57, 0xFFB9, 0xFF99, 0xFF99, 0xFF99, 0xFF99, 0xFF99, 0xFF99, 0xFF99, 0xFF99, 0xFF99, 0xFF98, 0xFF99, 0xFF78, 0xFF78,
    0xFF78, 0xFF78, 0xFF78, 0xFF58, 0xFF78, 0xFF37, 0xF693, 0xF693, 0xF673, 0xF6B4, 0xFF57, 0xFF37, 0xFF37, 0xFF57, 0xFF57, 0xFF78,
    0xFF98, 0xFF99, 0xFF99, 0xFF79, 0xFF79, 0xFF98, 0xFF99, 0xFF99, 0xFF99, 0xFFB9, 0xF716, 0xF694, 0xF653, 0xF652, 0xF653, 0xF653,
    0xF632, 0xF632, 0xF632, 0xF632, 0xF632, 0xEE31, 0xEE11, 0xEE11, 0xEE11, 0xEE11, 0xEE11, 0xEE11, 0xEE11, 0xEE11, 0xEE11, 0xF6D5,
    0xFF58, 0xFF79, 0xFF78, 0xFF78, 0xFF78, 0xFF78, 0xFF58, 0xFF58, 0xFF78, 0xFF58, 0xFF58, 0xFF78, 0xFF58, 0xFF78, 0xFF78, 0xFF79,
    0xFF79, 0xFF78, 0xFF58, 0xFF58, 0xF6F6, 0xF633, 0xF632, 0xF611, 0xEE12, 0xF611, 0xEDF1, 0xEDF1, 0xEDF1, 0xEDF1, 0xEDF1, 0xEDF1,
    0xA3EB, 0xA40B, 0xA40B, 0xA40B, 0xA40B, 0xAC2C, 0xAC2C, 0xAC4C, 0xAC4C, 0xA3A8, 0xA3A8, 0xA3A8, 0xA3A8, 0xABA8, 0xABA8, 0xABA8,
    0xABA8, 0xB409, 0xC46A, 0xBC4A, 0xBC4A, 0xBC4A, 0xBC4A, 0xBC4A, 0xBC4A, 0xBC6A, 0xBC6A, 0xBC6A, 0xBC6A, 0xBC6A, 0xBC6A, 0xBC8B,
    0xC50E, 0xCD70, 0xCD70, 0xCD70, 0xCD70, 0xCD70, 0xD570, 0xD570, 0xD570, 0xD570, 0xD570, 0xD570, 0xD570, 0xD590, 0xD590, 0xD590,
    0xD590, 0xCD0E, 0xCCED, 0xCCED, 0xCCED, 0xCCED, 0xD52E, 0xE5AF, 0xEE30, 0xF692, 0xF6F4, 0xF6F4, 0xF6F4, 0xFF56, 0xFF76, 0xFF76,
    0xFF75, 0xFF76, 0xFF76, 0xFF96, 0xFF96, 0xFF96, 0xFF96, 0xFF97, 0xFF97, 0xFF97, 0xFFB8, 0xFFFA, 0xFFDA, 0xFFFA, 0xFF97, 0xFED3,
    0xFEF3, 0xFEF3, 0xFEF3, 0xFEF3, 0xFEF3, 0xFEF3, 0xFED3, 0xFED3, 0xFED4, 0xFED3, 0xFED3, 0xFED3, 0xFED3, 0xFED3, 0xFED3, 0xFED3,
    0xFED3, 0xFED3, 0xFED3, 0xFED4, 0xFEF4, 0xFF57, 0xFF98, 0xFF99, 0xFF99, 0xFFB9, 0xFFB9, 0xFFB9, 0xFFB9, 0xFFB9, 0xFFB9, 0xFFB9,
    0xFFB9, 0xFFB9, 0xFFB9, 0xFFB9, 0xFFB9, 0xFFB9, 0xFFB9, 0xFFB9, 0xFF99, 0xFF99, 0xFF99, 0xFF57, 0xF6B4, 0xF693, 0xFE94, 0xF694,
    0xF694, 0xF6B4, 0xF694, 0xF694, 0xF693, 0xF693, 0xF693, 0xF673, 0xF673, 0xF673, 0xF673, 0xF673, 0xFE73, 0xF693, 0xF693, 0xF693,
    0xF673, 0xF6B4, 0xFF57, 0xFF99, 0xFF99, 0xFF99, 0xFF99, 0xFF99, 0xFF98, 0xFF16, 0xFEF6, 0xFEF5, 0xFEF5, 0xFEF5, 0xF6B4, 0xF693,
    0xF693, 0xF673, 0xF673, 0xF693, 0xF673, 0xF673, 0xF673, 0xF672, 0xFF57, 0xFF99, 0xFF99, 0xFF99, 0xFFB9, 0xFFB9, 0xFFB9, 0xFF99,
    0xFF99, 0xFF99, 0xFF99, 0xFF99, 0xFF79, 0xFF79, 0xFF79, 0xFF99, 0xFF99, 0xFF78, 0xFF99, 0xFF77, 0xF6B4, 0xF673, 0xF632, 0xF652,
    0xF632, 0xF632, 0xF632, 0xF632, 0xF631, 0xF632, 0xF631, 0xEE31, 0xF631, 0xF631, 0xF611, 0xF611, 0xEE11, 0xF611, 0xF631, 0xEE11,
    0xF673, 0xF6F6, 0xFF58, 0xFF79, 0xFF78, 0xFF78, 0xFF79, 0xFF79, 0xFF79, 0xFF58, 0xFF78, 0xFF78, 0xFF78, 0xFF79, 0xFF79, 0xFF79,
    0xFF79, 0xFF79, 0xFF79, 0xFF79, 0xFF58, 0xFF58, 0xF694, 0xEE11, 0xF632, 0xEE32, 0xEE32, 0xEE32, 0xEE32, 0xEE12, 0xEE12, 0xEE11,
    0xAC0B, 0xAC0B, 0xAC2B, 0xAC4C, 0xAC4C, 0xAC4C, 0xAC4C, 0xB44C, 0xB44C, 0xAC0A, 0xABA8, 0xABA8, 0xABA8, 0xABC8, 0xB409, 0xBC4A,
    0xBC4A, 0xBC4A, 0xBC4A, 0xBC4A, 0xBC4A, 0xBC4A, 0xBC4A, 0xBC4A, 0xBC4A, 0xBC4A, 0xBC6A, 0xBC6A, 0xBC6A, 0xBC6A, 0xBC6B, 0xBC6A,
    0xC4ED, 0xCD4F, 0xCD2F, 0xCD2F, 0xCD2F, 0xCD0E, 0xC4EE, 0xCCEE, 0xCD0E, 0xCCED, 0xC4AC, 0xC4AC, 0xC4AC, 0xCCAC, 0xCCCC, 0xCCCC,
    0xCCCC, 0xCCAC, 0xC48B, 0xCC8C, 0xCCAB, 0xCC8B, 0xD4EC, 0xEDEF, 0xF672, 0xF6F4, 0xFF56, 0xFF76, 0xFF76, 0xFF76, 0xFF76, 0xFF76,
    0xFF76, 0xFF76, 0xFF76, 0xFF76, 0xFF76, 0xFF76, 0xFF76, 0xFF97, 0xFFB8, 0xFFD9, 0xFFD9, 0xFFFA, 0xFFDA, 0xFFDA, 0xFFD9, 0xFF55,
    0xFEF3, 0xFEF3, 0xFEF3, 0xFEF3, 0xFEF3, 0xFEF3, 0xFED3, 0xFED3, 0xFED3, 0xFED3, 0xFED3, 0xFED3, 0xFED3, 0xFED3, 0xFED4, 0xFED4,
    0xFED3, 0xFED3, 0xFED3, 0xFED3, 0xFED4, 0xFEF4, 0xFF56, 0xFF99, 0xFF99, 0xFF99, 0xFF99, 0xFFB9, 0xFFB9, 0xFFB9, 0xFFB9, 0xFFB9,
    0xFFB9, 0xFFB9, 0xFFB9, 0xFFB9, 0xFFB9, 0xFFB9, 0xFFB9, 0xFFB9, 0xFF99, 0xFF99, 0xFF99, 0xFFB9, 0xFF37, 0xFEB4, 0xF694, 0xFE93,
    0xF693, 0xF693, 0xF693, 0xF6B4, 0xF6D4, 0xF6B4, 0xF6B4, 0xF6B4, 0xF6B4, 0xF6B4, 0xF6B4, 0xF6B5, 0xF6D5, 0xFF57, 0xFF58, 0xFF57,
    0xFF57, 0xFF37, 0xFF78, 0xFF37, 0xFEF5, 0xFEF4, 0xFED4, 0xFEF4, 0xFED4, 0xFE92, 0xFE72, 0xFE72, 0xFE72, 0xFE92, 0xFE92, 0xFE72,
    0xFE72, 0xF672, 0xF672, 0xF672, 0xF652, 0xF652, 0xF652, 0xF672, 0xF6F5, 0xFF37, 0xFF99, 0xFF99, 0xFF99, 0xFF99, 0xFF99, 0xFF99,
    0xFF99, 0xFF99, 0xFF99, 0xFF99, 0xFF99, 0xFF79, 0xFF79, 0xFF79, 0xFF79, 0xFF79, 0xFF79, 0xFF78, 0xFF78, 0xF716, 0xF653, 0xF653,
    0xF632, 0xF632, 0xF632, 0xF632, 0xF631, 0xF632, 0xF632, 0xEE11, 0xF611, 0xF631, 0xF631, 0xF611, 0xF611, 0xF611, 0xF611, 0xF611,
    0xEE11, 0xEE11, 0xFEF5, 0xFF78, 0xFF79, 0xFF79, 0xFF79, 0xFF79, 0xFF79, 0xFF79, 0xFF79, 0xFF78, 0xFF79, 0xFF78, 0xFF79, 0xF6F6,
    0xF694, 0xF694, 0xF694, 0xF694, 0xF694, 0xF694, 0xF652, 0xF611, 0xF6B5, 0xFF38, 0xFF17, 0xFF17, 0xFF37, 0xFF37, 0xFF37, 0xFF17,
    0xB44C, 0xB46C, 0xB46C, 0xAC4C, 0xAC4C, 0xAC4C, 0xB46C, 0xB46C, 0xB46D, 0xB44B, 0xABA8, 0xABC8, 0xB429, 0xB409, 0xBC4A, 0xBC6A,
    0xBC4A, 0xBC4A, 0xBC4A, 0xBC6A, 0xBC6A, 0xBC4A, 0xBC4A, 0xBC4A, 0xCD0D, 0xCD2E, 0xCD2F, 0xCD2F, 0xCD4F, 0xCD4F, 0xCD4F, 0xCD4F,
    0xCD70, 0xCD2E, 0xC4AC, 0xC4AC, 0xC4AC, 0xC4AC, 0xC48C, 0xC48C, 0xC4AB, 0xC48B, 0xC48B, 0xC4AB, 0xC48B, 0xC4AB, 0xC4AB, 0xC4AB,
    0xCCAC, 0xC4AB, 0xC4AB, 0xCCCC, 0xE58E, 0xE5AE, 0xEDCF, 0xEDCF, 0xF6D3, 0xFF77, 0xFF56, 0xFF56, 0xFF56, 0xFF76, 0xFF76, 0xFF76,
    0xFF77, 0xFF77, 0xFF76, 0xFF96, 0xFF77, 0xFF97, 0xFF97, 0xFF97, 0xFFD9, 0xFFFA, 0xFFDA, 0xFFDA, 0xFFFA, 0xFFFA, 0xFFFA, 0xFFD8,
    0xFF54, 0xFEF3, 0xFEF3, 0xFEF3, 0xFEF3, 0xFEF3, 0xFED3, 0xFED3, 0xFED3, 0xFED3, 0xFED3, 0xFED3, 0xFED3, 0xFED3, 0xFED3, 0xFED4,
    0xFED4, 0xFED3, 0xFED3, 0xFED3, 0xFED4, 0xFED4, 0xFEF4, 0xFF57, 0xFFB9, 0xFF99, 0xFF99, 0xFFB9, 0xFFB9, 0xFFB9, 0xFFB9, 0xFFB9,
    0xFFBA, 0xFFDA, 0xFFBA, 0xFFBA, 0xFFBA, 0xFFBA, 0xFFBA, 0xFFBA, 0xFF99, 0xFF99, 0xFF99, 0xFF99, 0xFF99, 0xFF16, 0xF6B4, 0xF6D4,
    0xF6D5, 0xF6D5, 0xF6D4, 0xFF16, 0xFF78, 0xFFB9, 0xFFBA, 0xFFBA, 0xFFB9, 0xFFB9, 0xFFB9, 0xFFB9, 0xFFB9, 0xFFB9, 0xFF99, 0xFFB9,
    0xFFBA, 0xFFB9, 0xFFBA, 0xFF99, 0xFF15, 0xFE93, 0xFE92, 0xFE92, 0xFE72, 0xFE92, 0xF672, 0xF672, 0xF672, 0xF672, 0xF672, 0xFE93,
    0xFE92, 0xFE92, 0xFE92, 0xF672, 0xF672, 0xF672, 0xF672, 0xF672, 0xF651, 0xF6B4, 0xFF78, 0xFF99, 0xFF99, 0xFF99, 0xFF99, 0xFF99,
    0xFF99, 0xFF99, 0xFF99, 0xFF99, 0xFF79, 0xFF79, 0xFF79, 0xFF79, 0xFF79, 0xFF79, 0xFF79, 0xFF79, 0xFF79, 0xFF78, 0xFF78, 0xF6D5,
    0xF632, 0xF652, 0xF652, 0xF652, 0xF632, 0xF632, 0xF631, 0xEE11, 0xF631, 0xF631, 0xF631, 0xF631, 0xF631, 0xF631, 0xF631, 0xF611,
    0xF611, 0xF611, 0xEDF0, 0xF6D5, 0xFF79, 0xFF79, 0xFF78, 0xFF58, 0xFF58, 0xFF78, 0xF6F6, 0xF673, 0xF694, 0xF694, 0xF694, 0xF653,
    0xEE11, 0xEE11, 0xF611, 0xF611, 0xF611, 0xEE11, 0xEE11, 0xEE11, 0xF673, 0xF6B5, 0xFF37, 0xFF58, 0xFF58, 0xFF58, 0xFF58, 0xFF58,
    0xB44B, 0xB44B, 0xB42B, 0xAC0A, 0xAC0A, 0xAC0A, 0xABEA, 0xAC0A, 0xAC0A, 0xB409, 0xBC4A, 0xC4AD, 0xC4ED, 0xCD0E, 0xC50E, 0xCD0E,
    0xCD0E, 0xCD2E, 0xCD2F, 0xCD2F, 0xCD2F, 0xCD2F, 0xCD2E, 0xCD2F, 0xCD70, 0xCD70, 0xCD70, 0xCD70, 0xD590, 0xD591, 0xCD90, 0xD590,
    0xD5B1, 0xCD4F, 0xC48B, 0xC4AC, 0xC4AB, 0xC4AB, 0xC4AB, 0xC4AB, 0xC4AB, 0xC4AB, 0xC4AB, 0xC4AB, 0xC4AB, 0xC4AB, 0xCCAB, 0xCCAC,
    0xCCAB, 0xD50C, 0xDD2D, 0xDD4D, 0xEDEF, 0xF5EF, 0xF60F, 0xF60F, 0xF671, 0xF6D3, 0xFF35, 0xFF77, 0xFF77, 0xFF97, 0xFF97, 0xFF97,
    0xFF97, 0xFF97, 0xFF97, 0xFF77, 0xFF98, 0xFFD9, 0xFFD9, 0xFFD9, 0xFFDA, 0xFFDA, 0xFFDA, 0xFFFA, 0xFFDA, 0xFFFA, 0xFFDA, 0xFFFA,
    0xFFB8, 0xFEF3, 0xFEF4, 0xFEF4, 0xFEF4, 0xFEF3, 0xFED3, 0xFED3, 0xFED4, 0xFED3, 0xFED4, 0xFED4, 0xFED4, 0xFED4, 0xFED4, 0xFED4,
    0xFEF3, 0xFEF4, 0xFED3, 0xFED3, 0xFED3, 0xFED4, 0xFED3, 0xFEF4, 0xFF77, 0xFFB9, 0xFFB9, 0xFFB9, 0xFFB9, 0xFFB9, 0xFFBA, 0xFFDA,
    0xFF78, 0xFF36, 0xFF36, 0xFF36, 0xFF36, 0xFF36, 0xFF36, 0xFF36, 0xFF15, 0xFF15, 0xFF15, 0xFEF5, 0xFEF5, 0xFED4, 0xFEF5, 0xFF98,
    0xFF99, 0xFF99, 0xFFBA, 0xFFBA, 0xFFB9, 0xFFB9, 0xFFBA, 0xFFBA, 0xFFBA, 0xFFBA, 0xFFB9, 0xFFB9, 0xFFB9, 0xFF99, 0xFF99, 0xFF99,
    0xFF99, 0xFF99, 0xFF99, 0xFF99, 0xFF58, 0xFF36, 0xFF35, 0xFF14, 0xFF14, 0xFEF4, 0xFEF4, 0xFEF4, 0xFEF4, 0xFEF4, 0xFED4, 0xFE92,
    0xFE92, 0xFE92, 0xFE92, 0xFE72, 0xFE72, 0xFE92, 0xFE92, 0xFE92, 0xFE72, 0xF673, 0xF673, 0xFF36, 0xFF99, 0xFF99, 0xFF99, 0xFF99,
    0xFF99, 0xFF99, 0xFF99, 0xFF99, 0xFF79, 0xFF79, 0xFF79, 0xFF79, 0xFF79, 0xFF79, 0xFF79, 0xFF79, 0xFF79, 0xFF79, 0xFF79, 0xFF58,
    0xF736, 0xF653, 0xF652, 0xF652, 0xF652, 0xF632, 0xF632, 0xF632, 0xF631, 0xF631, 0xF611, 0xF611, 0xEE11, 0xF611, 0xEE10, 0xF652,
    0xFEF6, 0xF6F6, 0xF6F6, 0xFF37, 0xFF99, 0xF6D6, 0xF674, 0xF653, 0xF653, 0xF673, 0xF632, 0xEE12, 0xEE12, 0xF632, 0xF612, 0xF632,
    0xF632, 0xF632, 0xF632, 0xEE32, 0xEE32, 0xEE32, 0xEE12, 0xEE12, 0xF611, 0xEE11, 0xF6B4, 0xFF17, 0xFF58, 0xFF58, 0xFF38, 0xFF58,
    0xABC9, 0xABC9, 0xABC9, 0xABA8, 0xABA8, 0xABA8, 0xABA8, 0xABC9, 0xABC8, 0xB3E9, 0xC4AC, 0xCD4F, 0xCD70, 0xCD70, 0xCD90, 0xCD90,
    0xCD90, 0xCD70, 0xCD90, 0xCD71, 0xCD71, 0xCD70, 0xCD70, 0xCD70, 0xCD71, 0xCD70, 0xCD70, 0xCD70, 0xD591, 0xD591, 0xD570, 0xD590,
    0xD591, 0xD570, 0xCD0E, 0xC4AC, 0xC4CB, 0xC4AB, 0xC4AB, 0xC4AB, 0xC4AB, 0xCCAB, 0xCCAB, 0xCCAB, 0xCCAB, 0xCCAB, 0xCCCB, 0xD4EC,
    0xD4EC, 0xE5AE, 0xF630, 0xF60F, 0xF60F, 0xF610, 0xF610, 0xF630, 0xF610, 0xF651, 0xFF35, 0xFF77, 0xFF77, 0xFF97, 0xFF97, 0xFF97,
    0xFF97, 0xFF77, 0xFF97, 0xFFD8, 0xFFB9, 0xFFD9, 0xFFD9, 0xFFD9, 0xFFDA, 0xFFDA, 0xFFFA, 0xFFFA, 0xFFFA, 0xFFFA, 0xFFFA, 0xFFDA,
    0xFFDA, 0xFF97, 0xFEF3, 0xFEF4, 0xFEF4, 0xFEF4, 0xFEF3, 0xFEF4, 0xFED3, 0xFED3, 0xFED3, 0xFED3, 0xFED3, 0xFED4, 0xFEF4, 0xFEF4,
    0xFEF4, 0xFEF4, 0xFF15, 0xFF36, 0xFF36, 0xFF36, 0xFF36, 0xFF15, 0xFF57, 0xFF77, 0xFF15, 0xFF36, 0xFF36, 0xFF36, 0xFF35, 0xFF35,
    0xFEF4, 0xFED3, 0xFED3, 0xFED3, 0xFED3, 0xFED3, 0xFED3, 0xFEB3, 0xFEB3, 0xFEB3, 0xFEB3, 0xFEB3, 0xFEB3, 0xFEB3, 0xFED4, 0xFF36,
    0xFF99, 0xFFBA, 0xFFBA, 0xFFBA, 0xFFBA, 0xFFBA, 0xFFBA, 0xFFBA, 0xFF99, 0xFF99, 0xFFB9, 0xFFB9, 0xFFB9, 0xFF99, 0xFF99, 0xFF99,
    0xFF99, 0xFF99, 0xFF99, 0xFFDA, 0xFFFC, 0xD633, 0x93CA, 0x9C2C, 0xA42B, 0xA44C, 0xA46C, 0xAC8D, 0xAC8D, 0xAC8D, 0xB4CD, 0xF673,
    0xFEB3, 0xFE93, 0xFE92, 0xFE92, 0xFE92, 0xFE92, 0xFE92, 0xFE92, 0xFE72, 0xF692, 0xFE72, 0xF672, 0xF6F5, 0xFFB9, 0xFFB9, 0xFFB9,
    0xFF99, 0xFF99, 0xFF99, 0xFF99, 0xFF99, 0xFF99, 0xFF99, 0xFF99, 0xFF79, 0xFF99, 0xFF99, 0xFF99, 0xFF99, 0xFF79, 0xFF79, 0xFF99,
    0xFF99, 0xFF37, 0xF6B4, 0xF632, 0xF632, 0xF632, 0xF631, 0xF611, 0xF631, 0xF6F5, 0xFF16, 0xFEF6, 0xF6F6, 0xF6F6, 0xF6D5, 0xFF17,
    0xFF99, 0xFF99, 0xFF9A, 0xFF99, 0xFF99, 0xFF79, 0xF717, 0xEE53, 0xF632, 0xF612, 0xF632, 0xF632, 0xF632, 0xF632, 0xF632, 0xF632,
    0xF632, 0xF632, 0xF632, 0xF632, 0xEE32, 0xEE32, 0xEE12, 0xEE32, 0xF632, 0xF632, 0xEE12, 0xF632, 0xF6B5, 0xFF58, 0xFF59, 0xFF58,
    0xABC8, 0xABC8, 0xABC8, 0xABC8, 0xB3E9, 0xB3E9, 0xB3E9, 0xBC4A, 0xBC4A, 0xBC4A, 0xC4AC, 0xC54E, 0xCD70, 0xCD70, 0xCD70, 0xCD70,
    0xCD70, 0xCD70, 0xCD70, 0xCD70, 0xCD70, 0xCD70, 0xCD70, 0xCD70, 0xCD70, 0xCD70, 0xCD70, 0xCD70, 0xD590, 0xD570, 0xD590, 0xD590,
    0xD590, 0xD5B1, 0xD56F, 0xC4AC, 0xCCAB, 0xC4AB, 0xC4AB, 0xCCAB, 0xCCAB, 0xCCAB, 0xCCAB, 0xCCAB, 0xCCAB, 0xCCAB, 0xD50C, 0xF60F,
    0xEDEF, 0xF60F, 0xF60F, 0xF610, 0xF610, 0xF610, 0xF610, 0xF630, 0xF630, 0xF671, 0xFED2, 0xFF56, 0xFF98, 0xFF97, 0xFF97, 0xFF97,
    0xFFB8, 0xFFB8, 0xFFD9, 0xFFF9, 0xFFD9, 0xFFD9, 0xFFFA, 0xFFDA, 0xFFD9, 0xFFDA, 0xFFDA, 0xFFFA, 0xFFFA, 0xFFFA, 0xFFFA, 0xFFFA,
    0xFFFA, 0xFFDA, 0xFF56, 0xFEF4, 0xFED3, 0xFED3, 0xFED3, 0xFED3, 0xFEF4, 0xFF15, 0xFF15, 0xFF15, 0xFF35, 0xFF77, 0xFF98, 0xFF78,
    0xFF98, 0xFF78, 0xFFB9, 0xFFDA, 0xFFDA, 0xFFDA, 0xFFBA, 0xFFBA, 0xFFDA, 0xFF77, 0xFF15, 0xFED4, 0xFEF4, 0xFED4, 0xFED4, 0xFED3,
    0xFED4, 0xFED3, 0xFEF3, 0xFED4, 0xFED4, 0xFED4, 0xFED4, 0xFED3, 0xFED3, 0xFED4, 0xFED4, 0xFEB4, 0xFED4, 0xFED3, 0xFED3, 0xFEB3,
    0xFF57, 0xFF99, 0xFFBA, 0xFFB9, 0xFFB9, 0xFFB9, 0xFFB9, 0xFFB9, 0xFFB9, 0xFF99, 0xFF99, 0xFFB9, 0xFFB9, 0xFF99, 0xFF99, 0xFF99,
    0xFF99, 0xFFB9, 0xFFFB, 0xC5D3, 0x840D, 0x5AA8, 0x1040, 0x1881, 0x1881, 0x1881, 0x18A2, 0x20A2, 0x20C2, 0x18A2, 0x3122, 0xF693,
    0xFED4, 0xFE92, 0xFE93, 0xFE93, 0xFE93, 0xFE92, 0xFE92, 0xFE72, 0xF672, 0xFE92, 0xF692, 0xFE92, 0xF692, 0xF6D4, 0xFF98, 0xFFB9,
    0xFF99, 0xFF99, 0xFF99, 0xFF99, 0xFF99, 0xFF99, 0xFF99, 0xFF99, 0xFF99, 0xFF78, 0xFF58, 0xFF78, 0xFF78, 0xFF58, 0xFF58, 0xFF17,
    0xF716, 0xFF36, 0xF6D4, 0xF673, 0xF716, 0xFF37, 0xFF16, 0xFF17, 0xF716, 0xFF78, 0xFF99, 0xFF99, 0xFF99, 0xFF9A, 0xFF9A, 0xFF99,
    0xFF79, 0xFF79, 0xFF79, 0xFF79, 0xFF79, 0xFF99, 0xFF79, 0xFF79, 0xF694, 0xEE12, 0xF632, 0xF632, 0xF632, 0xF632, 0xF632, 0xF632,
    0xF632, 0xF632, 0xF632, 0xF632, 0xF632, 0xF632, 0xF632, 0xF632, 0xEE32, 0xF632, 0xEE32, 0xF632, 0xEE32, 0xF6D5, 0xFEF6, 0xFF58,
    0xABC8, 0xABC8, 0xABC8, 0xB3E8, 0xBC4A, 0xBC4A, 0xBC4A, 0xBC6A, 0xC46A, 0xC46A, 0xC48A, 0xC4CC, 0xCD90, 0xCD90, 0xCD70, 0xCD70,
    0xCD70, 0xCD70, 0xD591, 0xD591, 0xD591, 0xCD70, 0xCD70, 0xCD70, 0xCD70, 0xCD70, 0xCD70, 0xD590, 0xD590, 0xD591, 0xD590, 0xD590,
    0xD5B1, 0xD591, 0xDDB1, 0xD54E, 0xCCAB, 0xCCAB, 0xCCAB, 0xCCCB, 0xCCAC, 0xCCAB, 0xCCAB, 0xD4CB, 0xEDAE, 0xEDCE, 0xEDCE, 0xF630,
    0xF630, 0xF610, 0xF610, 0xF610, 0xF610, 0xF610, 0xF630, 0xFE91, 0xFE91, 0xFE92, 0xFEB2, 0xFF35, 0xFF77, 0xFF98, 0xFF97, 0xFF97,
    0xFFD9, 0xFFF9, 0xFFDA, 0xFFDA, 0xFFDA, 0xFFFA, 0xFFFA, 0xFFDA, 0xFFDA, 0xFFFA, 0xFFFA, 0xFFFA, 0xFFFA, 0xFFFA, 0xFF77, 0xFF35,
    0xFF56, 0xFF56, 0xFF55, 0xFF35, 0xFF57, 0xFF57, 0xFF57, 0xFF57, 0xFF78, 0xFFDA, 0xFFDA, 0xFFDA, 0xFFDA, 0xFFDA, 0xFFBA, 0xFFBA,
    0xFFDA, 0xFFDA, 0xFFDA, 0xFFBA, 0xFFBA, 0xFFBA, 0xFFBA, 0xFFBA, 0xFFBA, 0xFFDA, 0xFF98, 0xFEF4, 0xFEF4, 0xFEF4, 0xFEF4, 0xFEF4,
    0xFED3, 0xFED3, 0xFEF3, 0xFED3, 0xFED3, 0xFED3, 0xFED3, 0xFED3, 0xFED3, 0xFED3, 0xFED3, 0xFEB4, 0xFEB3, 0xFED3, 0xFED3, 0xFED4,
    0xFEB4, 0xFF36, 0xFFBA, 0xFF9A, 0xFFB9, 0xFFB9, 0xFFB9, 0xFFB9, 0xFFB9, 0xFF99, 0xFFB9, 0xFF99, 0xFF99, 0xFF99, 0xFF99, 0xFF99,
    0xFF78, 0xEF18, 0xEF79, 0x83CC, 0x0000, 0x2903, 0x39A5, 0x3985, 0x3985, 0x39A5, 0x39A5, 0x2103, 0x18C2, 0x10A1, 0x3143, 0xCD70,
    0xEE52, 0xFEB3, 0xFEB3, 0xFEB3, 0xFEB3, 0xFE92, 0xFE92, 0xFE92, 0xFE92, 0xFE92, 0xF672, 0xFE72, 0xFE72, 0xF692, 0xFEB3, 0xFF78,
    0xFFB9, 0xFF99, 0xFF99, 0xFF98, 0xFF98, 0xFF78, 0xFF78, 0xFF78, 0xFF98, 0xFF16, 0xF673, 0xF693, 0xF693, 0xFE93, 0xF693, 0xF673,
    0xF652, 0xF652, 0xF652, 0xF652, 0xFF37, 0xFF99, 0xFF99, 0xFF99, 0xFF99, 0xFF99, 0xFF99, 0xFF99, 0xFF79, 0xFF79, 0xFF79, 0xFF99,
    0xFF99, 0xFF99, 0xFF99, 0xFF99, 0xFF99, 0xFF79, 0xFF99, 0xFF99, 0xFF58, 0xF6F6, 0xEE52, 0xEE11, 0xF632, 0xF632, 0xF632, 0xF632,
    0xF632, 0xF632, 0xF632, 0xF632, 0xF632, 0xF631, 0xF632, 0xF632, 0xF632, 0xF632, 0xF632, 0xF632, 0xF632, 0xF631, 0xEE52, 0xFF16,
    0xB409, 0xBC09, 0xBC4A, 0xBC4A, 0xBC6A, 0xBC6A, 0xBC6A, 0xC46A, 0xC46A, 0xC48A, 0xC48A, 0xC4EC, 0xCD70, 0xCD90, 0xCD90, 0xCD90,
    0xCD70, 0xD590, 0xD591, 0xD591, 0xD591, 0xCD71, 0xCD70, 0xCD70, 0xCD70, 0xD590, 0xD590, 0xD590, 0xD590, 0xD590, 0xD590, 0xD5B0,
    0xD5B1, 0xD591, 0xD5B1, 0xD54E, 0xCCAB, 0xCCCC, 0xCCCC, 0xCCAB, 0xCCAB, 0xD52C, 0xE56D, 0xE56D, 0xF60F, 0xF610, 0xF610, 0xF60F,
    0xF610, 0xF610, 0xF610, 0xF630, 0xF650, 0xFE51, 0xFE71, 0xFEB2, 0xFEB2, 0xFE92, 0xFE92, 0xFE92, 0xFF35, 0xFFD9, 0xFFD9, 0xFFD9,
    0xFFD9, 0xFFFA, 0xFFFA, 0xFFD9, 0xFFD9, 0xFFD9, 0xFFD9, 0xFFD9, 0xFFDA, 0xFF77, 0xFF35, 0xFF35, 0xFF35, 0xFF36, 0xFEF3, 0xFED3,
    0xFED3, 0xFED3, 0xFED3, 0xFF76, 0xFFDA, 0xFFDA, 0xFFDA, 0xFFDA, 0xFFDA, 0xFFDA, 0xFFD9, 0xFFDA, 0xFFDA, 0xFFBA, 0xFFBA, 0xFFBA,
    0xFFB9, 0xFFBA, 0xFFBA, 0xFFBA, 0xFFDA, 0xFFDA, 0xFFDA, 0xFFDA, 0xFFBA, 0xFFBA, 0xFFB9, 0xFFB8, 0xFEF4, 0xFEF3, 0xFEF4, 0xFEF4,
    0xFEF3, 0xFEF3, 0xFED3, 0xFED3, 0xFED3, 0xFED3, 0xFED3, 0xFED3, 0xFED3, 0xFED3, 0xFED3, 0xFED4, 0xFED4, 0xFED4, 0xFED4, 0xFED4,
    0xFED4, 0xFEF5, 0xF736, 0xFF98, 0xFFBA, 0xFFB9, 0xFFB9, 0xFFB9, 0xFFB9, 0xFFB9, 0xFF99, 0xFFDA, 0xFFFB, 0xFFFB, 0xFFFB, 0xFFFC,
    0xF779, 0x3985, 0x2903, 0x3984, 0x39C5, 0x3985, 0x3164, 0x3164, 0x3165, 0x3185, 0x3185, 0x2924, 0x2103, 0x2103, 0x18A1, 0x0840,
    0xBD2F, 0xFF55, 0xF672, 0xFEB3, 0xFE93, 0xFE92, 0xFE92, 0xFE92, 0xFE92, 0xFE71, 0xF671, 0xFEB4, 0xFEF5, 0xFEF4, 0xFF15, 0xFF56,
    0xFED5, 0xFEB4, 0xFEB4, 0xFED4, 0xF6B4, 0xF694, 0xFE93, 0xFE93, 0xF694, 0xF693, 0xF673, 0xFE73, 0xF673, 0xF673, 0xF673, 0xF672,
    0xF652, 0xF652, 0xF652, 0xF652, 0xF672, 0xF6D4, 0xFF99, 0xFF99, 0xFF78, 0xFF99, 0xFF99, 0xFF99, 0xFF99, 0xFF79, 0xFF99, 0xFF99,
    0xFF99, 0xFF99, 0xFF99, 0xFF99, 0xFF99, 0xFF99, 0xFF99, 0xFF99, 0xFF99, 0xFF99, 0xF737, 0xF6D5, 0xF611, 0xF631, 0xF632, 0xF632,
    0xF632, 0xF632, 0xF632, 0xF632, 0xF632, 0xF632, 0xF632, 0xF632, 0xF632, 0xF632, 0xF632, 0xF632, 0xF632, 0xF652, 0xF632, 0xF632,
    0xBC49, 0xBC4A, 0xBC4A, 0xBC6A, 0xC46A, 0xC46A, 0xC46A, 0xC46A, 0xC48A, 0xC48A, 0xC48A, 0xC4ED, 0xD590, 0xCD70, 0xD590, 0xCD90,
    0xCD70, 0xD591, 0xD591, 0xD591, 0xD591, 0xD591, 0xD590, 0xD590, 0xCD90, 0xD590, 0xD590, 0xD590, 0xD591, 0xD591, 0xD591, 0xD5B1,
    0xD5B1, 0xD5B1, 0xD5B1, 0xD56F, 0xD4ED, 0xCCCB, 0xCCCB, 0xD50C, 0xD4EC, 0xE58E, 0xF610, 0xEDEF, 0xEDEF, 0xEDEF, 0xF5EF, 0xF610,
    0xF610, 0xF610, 0xF610, 0xF631, 0xFEB2, 0xFED3, 0xFED3, 0xFEB3, 0xFED3, 0xFEF3, 0xFEF4, 0xFEF3, 0xFF35, 0xFF56, 0xFF56, 0xFF56,
    0xFF56, 0xFF56, 0xFF56, 0xFF14, 0xFEF4, 0xFEF4, 0xFF14, 0xFF14, 0xFF14, 0xFEF4, 0xFED3, 0xFED3, 0xFED3, 0xFED3, 0xFED3, 0xFED3,
    0xFED3, 0xFED3, 0xFEF3, 0xFF13, 0xFF35, 0xFFBA, 0xFFDA, 0xFFBA, 0xFFDA, 0xFFB9, 0xFFBA, 0xFFDA, 0xFFDA, 0xFFDA, 0xFFDA, 0xFFDA,
    0xFFDA, 0xFFDA, 0xFFDA, 0xFFDA, 0xFFDA, 0xFFDA, 0xFFDA, 0xFFDA, 0xFFDA, 0xFFDA, 0xFFDA, 0xFFB9, 0xFF77, 0xFF15, 0xFED4, 0xFEF4,
    0xFEF4, 0xFEF4, 0xFEF4, 0xFEF3, 0xFEF3, 0xFEF3, 0xFED3, 0xFED3, 0xFED3, 0xFED4, 0xFED4, 0xFED4, 0xFED4, 0xFED4, 0xFED4, 0xFED4,
    0xFED4, 0xFEF4, 0xFEF4, 0xFF15, 0xFF78, 0xFFBA, 0xFFBA, 0xFFBA, 0xFFBA, 0xFF99, 0xFFFC, 0xCE55, 0x7B8C, 0x7BCD, 0x7BAC, 0x7BAC,
    0x6B2A, 0x2903, 0x3184, 0x3984, 0x39A5, 0x3985, 0x3985, 0x3185, 0x3185, 0x3185, 0x3185, 0x3185, 0x3985, 0x39A5, 0x2923, 0x18C2,
    0x5A47, 0xB4CE, 0xFFB7, 0xFEF5, 0xFF36, 0xFF57, 0xFF57, 0xFF57, 0xFF57, 0xFF37, 0xFF36, 0xFF98, 0xFFBA, 0xFFB9, 0xFFB9, 0xFFB9,
    0xFF37, 0xFF16, 0xFED5, 0xFE73, 0xF693, 0xF693, 0xFE73, 0xFE73, 0xF673, 0xF673, 0xF673, 0xF693, 0xF673, 0xF673, 0xF673, 0xF653,
    0xF653, 0xF652, 0xF652, 0xF652, 0xF652, 0xF673, 0xF6B4, 0xF716, 0xFFB9, 0xFF99, 0xFF99, 0xFF99, 0xFF99, 0xFF99, 0xFF99, 0xFF99,
    0xFF99, 0xFF99, 0xFF99, 0xFF99, 0xFF99, 0xFF99, 0xFF99, 0xFF99, 0xFF99, 0xFF99, 0xFF9A, 0xFF58, 0xF6D5, 0xF673, 0xF612, 0xF652,
    0xF652, 0xF632, 0xF632, 0xF632, 0xF632, 0xF632, 0xF632, 0xF632, 0xF632, 0xF632, 0xF632, 0xF612, 0xF612, 0xF612, 0xF632, 0xF6B5,
    0xBC49, 0xBC4A, 0xC46A, 0xC46A, 0xC46A, 0xC48A, 0xC46A, 0xC46A, 0xC48B, 0xC48B, 0xC48B, 0xC4CC, 0xCD2F, 0xD570, 0xD590, 0xD590,
    0xD590, 0xD591, 0xD591, 0xD591, 0xD591, 0xD591, 0xD591, 0xD591, 0xD590, 0xD590, 0xD590, 0xD590, 0xD5B1, 0xD5B1, 0xD5B1, 0xD5B1,
    0xD5B0, 0xDDB0, 0xDD90, 0xDDB1, 0xDD6F, 0xD4EC, 0xD52D, 0xEDF0, 0xEDD0, 0xEDF0, 0xEE11, 0xEE31, 0xF651, 0xF631, 0xF672, 0xFF16,
    0xFF36, 0xFF36, 0xFF36, 0xFF16, 0xFF36, 0xFF36, 0xFF56, 0xFF56, 0xFF57, 0xFFB9, 0xFFD9, 0xFFFA, 0xFFB9, 0xFF14, 0xFED2, 0xFED2,
    0xFED2, 0xFED2, 0xFED2, 0xFED2, 0xFEB2, 0xFED3, 0xFED2, 0xFED2, 0xFED3, 0xFED3, 0xFED3, 0xFED3, 0xFED3, 0xFED3, 0xFED3, 0xFED3,
    0xFED3, 0xFED3, 0xFEF3, 0xFED3, 0xFEF3, 0xFF56, 0xFFB9, 0xFFDA, 0xFFDA, 0xFFDA, 0xFFDA, 0xFFDA, 0xFFDA, 0xFFDA, 0xFFDA, 0xFFDA,
    0xFFDA, 0xFFDA, 0xFFDA, 0xFFDA, 0xFFDA, 0xFFDA, 0xFFDA, 0xFFDA, 0xFFD9, 0xFFD9, 0xFFD9, 0xFFD9, 0xFFDA, 0xFF77, 0xFEF4, 0xFEF4,
    0xFEF4, 0xFEF4, 0xFEF4, 0xFEF4, 0xFEF4, 0xFEF4, 0xFED3, 0xFED3, 0xFED3, 0xFED3, 0xFED4, 0xFED4, 0xFED4, 0xFED4, 0xFED4, 0xFED4,
    0xFED4, 0xFEF4, 0xFEF5, 0xFED4, 0xFF36, 0xFF98, 0xFF99, 0xFFB9, 0xFFBA, 0xFF9A, 0xE6F8, 0x83ED, 0x0000, 0x2903, 0x2903, 0x2903,
    0x2103, 0x3985, 0x39A5, 0x3164, 0x2923, 0x2943, 0x2943, 0x2943, 0x3165, 0x3165, 0x3165, 0x3184, 0x3184, 0x3164, 0x39A5, 0x2944,
    0x0000, 0x4A27, 0xCE55, 0xF758, 0xFFDA, 0xFFDA, 0xFFBA, 0xFFBA, 0xFFBA, 0xFFBA, 0xFFBA, 0xFFBA, 0xFFB9, 0xFFB9, 0xFFBA, 0xFFBA,
    0xFFB9, 0xFFBA, 0xFF57, 0xF6D4, 0xFE94, 0xFE93, 0xFE93, 0xFE93, 0xFE93, 0xFE93, 0xFE93, 0xF673, 0xF673, 0xF673, 0xF673, 0xF673,
    0xF652, 0xF673, 0xF673, 0xF652, 0xF652, 0xF652, 0xF651, 0xF693, 0xFF36, 0xFF58, 0xFFB9, 0xFF99, 0xFF99, 0xFF99, 0xFF99, 0xFF99,
    0xFF99, 0xFF99, 0xFF99, 0xFF99, 0xFF99, 0xFF99, 0xFF99, 0xFF99, 0xFF99, 0xFF99, 0xFF99, 0xFF99, 0xFFB9, 0xF716, 0xF673, 0xF653,
    0xF652, 0xF652, 0xF632, 0xF632, 0xF632, 0xF632, 0xF632, 0xF632, 0xF632, 0xF612, 0xF6B4, 0xF6F6, 0xF6D5, 0xF6D5, 0xF6D6, 0xFF79,
    0xBC6A, 0xC46A, 0xC46A, 0xC48A, 0xC48A, 0xC48A, 0xC48A, 0xC48B, 0xC4AB, 0xC4AB, 0xC4AB, 0xC4AB, 0xC4CD, 0xD590, 0xD590, 0xD591,
    0xD591, 0xD591, 0xD591, 0xD591, 0xD591, 0xD5B1, 0xD5B1, 0xD591, 0xD591, 0xD570, 0xD50E, 0xD50D, 0xD50E, 0xD52E, 0xD52E, 0xD52D,
    0xD50D, 0xD50D, 0xD4ED, 0xD50D, 0xD50D, 0xE5CF, 0xEE32, 0xEE73, 0xEE73, 0xEE73, 0xF6B5, 0xFF57, 0xFF57, 0xFF57, 0xFF37, 0xFF57,
    0xFF57, 0xFF57, 0xFF57, 0xFF57, 0xFF57, 0xFF37, 0xFF78, 0xFFF9, 0xFFD9, 0xFFFA, 0xFFDA, 0xFFDA, 0xFFDA, 0xFFB8, 0xFEF3, 0xFED2,
    0xFED3, 0xFED3, 0xFED2, 0xFED2, 0xFED2, 0xFED2, 0xFED3, 0xFED3, 0xFED3, 0xFED3, 0xFED3, 0xFED3, 0xFED3, 0xFED3, 0xFED3, 0xFED3,
    0xFED3, 0xFED3, 0xFED3, 0xFEF3, 0xFEF3, 0xFED2, 0xFF77, 0xFFDA, 0xFFDA, 0xFFDA, 0xFFDA, 0xFFDA, 0xFFDA, 0xFFDA, 0xFFDA, 0xFFDA,
    0xFFDA, 0xFFDA, 0xFFDA, 0xFFDA, 0xFFDA, 0xFFDA, 0xFFD9, 0xFFD9, 0xFFD9, 0xFFD9, 0xFFD9, 0xFFD9, 0xFFB9, 0xFFD9, 0xFF57, 0xFED4,
    0xFEF4, 0xFEF4, 0xFEF4, 0xFEF4, 0xFEF4, 0xFEF4, 0xFED3, 0xFED3, 0xFED3, 0xFED3, 0xFED4, 0xFEF4, 0xFEF4, 0xFEF4, 0xFEF4, 0xFEF4,
    0xFEF5, 0xFEF5, 0xFEF5, 0xFF15, 0xFF15, 0xFF16, 0xFF57, 0xFF77, 0xFF78, 0xFFFC, 0x5A87, 0x1860, 0x3143, 0x4A06, 0x4A06, 0x41E6,
    0x41E6, 0x41C5, 0x3985, 0x20E2, 0x18C1, 0x18C2, 0x18C2, 0x18C2, 0x2103, 0x3164, 0x3165, 0x3184, 0x3185, 0x3184, 0x3164, 0x3164,
    0x3164, 0x18A1, 0x20C2, 0xCDD2, 0xEF36, 0xFFBA, 0xFFB9, 0xFFB9, 0xFFB9, 0xFFB9, 0xFFB9, 0xFFB9, 0xFFB9, 0xFFB9, 0xFFB9, 0xFFB9,
    0xFF99, 0xFF99, 0xFFB9, 0xFF98, 0xF6D4, 0xFE93, 0xFE94, 0xFE93, 0xFE93, 0xFE93, 0xFE93, 0xF673, 0xF673, 0xF673, 0xF673, 0xF673,
    0xF673, 0xF673, 0xF673, 0xF672, 0xF672, 0xF672, 0xF672, 0xF672, 0xF652, 0xF6D4, 0xFF78, 0xFF98, 0xFF99, 0xFF99, 0xFF99, 0xFF99,
    0xFF99, 0xFF99, 0xFF99, 0xFF99, 0xFF99, 0xFF99, 0xFF99, 0xFF99, 0xFF99, 0xFF99, 0xFF79, 0xFF99, 0xFF99, 0xFF99, 0xFF99, 0xF6D4,
    0xF652, 0xF652, 0xF632, 0xF652, 0xF652, 0xF632, 0xF694, 0xFF16, 0xFF16, 0xFF16, 0xFF78, 0xFFB9, 0xFF99, 0xFF9A, 0xFF99, 0xFF99,
    0xC48A, 0xC46A, 0xC46A, 0xC46A, 0xC46A, 0xC46A, 0xC48A, 0xC48B, 0xC48B, 0xC48B, 0xC4AB, 0xC4AB, 0xCCCC, 0xD570, 0xD591, 0xD590,
    0xD590, 0xCD2E, 0xCCED, 0xCCED, 0xCCED, 0xCCED, 0xCCED, 0xCCED, 0xCCED, 0xCCED, 0xCCCC, 0xCCCC, 0xCCCC, 0xD4CC, 0xD4EC, 0xCCCC,
    0xD4CC, 0xD4CC, 0xD50C, 0xE56D, 0xE54D, 0xEDCF, 0xEE52, 0xF6D5, 0xFF36, 0xFF36, 0xFF36, 0xFF57, 0xFF37, 0xFF37, 0xFF57, 0xFF37,
    0xFF57, 0xFF37, 0xFF37, 0xFF57, 0xFF98, 0xFFB8, 0xFFD9, 0xFFF9, 0xFFFA, 0xFFFA, 0xFFFA, 0xFFFA, 0xFFFA, 0xFFFA, 0xFF76, 0xFF13,
    0xFED2, 0xFED2, 0xFED2, 0xFED2, 0xFED2, 0xFED2, 0xFED2, 0xFED3, 0xFED3, 0xFED3, 0xFED3, 0xFED3, 0xFED3, 0xFED3, 0xFED3, 0xFED2,
    0xFED3, 0xFED2, 0xFED3, 0xFEF3, 0xFEF3, 0xFEF3, 0xFEF4, 0xFF77, 0xFFDA, 0xFFDA, 0xFFDA, 0xFFDA, 0xFFDA, 0xFFDA, 0xFFDA, 0xFFDA,
    0xFFD9, 0xFFDA, 0xFFDA, 0xFFDA, 0xFFDA, 0xFFDA, 0xFFD9, 0xFFD9, 0xFFD9, 0xFFDA, 0xFFDA, 0xFFDA, 0xFFD9, 0xFFD9, 0xFFDA, 0xFF77,
    0xFEF4, 0xFEF3, 0xFED3, 0xFED3, 0xFED3, 0xFED3, 0xFEB2, 0xFED3, 0xFED3, 0xFED3, 0xFEB3, 0xFF56, 0xFFD9, 0xFFB9, 0xFFB9, 0xFFB9,
    0xFFB9, 0xFFB9, 0xFFB9, 0xFFB9, 0xFFB9, 0xFFD9, 0xFF98, 0xFF96, 0xC5B1, 0x41E6, 0x41E6, 0x41A5, 0x41C5, 0x41C6, 0x41C6, 0x41C5,
    0x39C5, 0x39A5, 0x39A5, 0x3164, 0x2944, 0x2944, 0x2944, 0x2944, 0x2944, 0x2944, 0x3164, 0x3164, 0x3164, 0x3164, 0x3164, 0x3164,
    0x3164, 0x3144, 0x2923, 0x1840, 0xC5D3, 0xFFFC, 0xFF99, 0xFFB9, 0xFFB9, 0xFFBA, 0xFFB9, 0xFFB9, 0xFFB9, 0xFFBA, 0xFFBA, 0xFFBA,
    0xFFB9, 0xFFB9, 0xFFBA, 0xFFB9, 0xFF98, 0xFF37, 0xFE93, 0xFE93, 0xFE93, 0xFE93, 0xFE93, 0xFE93, 0xF673, 0xF673, 0xF673, 0xF673,
    0xF673, 0xF673, 0xF673, 0xF673, 0xF672, 0xF672, 0xF672, 0xF672, 0xF672, 0xF672, 0xF672, 0xFF37, 0xFF9A, 0xFF99, 0xFF99, 0xFF99,
    0xFF99, 0xFF99, 0xFF99, 0xFF99, 0xFFBA, 0xFFBA, 0xFFBA, 0xFFBA, 0xFFBA, 0xFFB9, 0xFFBA, 0xFF78, 0xF6F6, 0xFEF6, 0xF6F6, 0xF6D5,
    0xF673, 0xFEF6, 0xF757, 0xFF37, 0xFF37, 0xFF37, 0xFF58, 0xFF99, 0xFF99, 0xFF99, 0xFF99, 0xFF99, 0xFF79, 0xFF79, 0xFF79, 0xFF99,
    0xC46A, 0xC46A, 0xC48B, 0xC48B, 0xC48B, 0xC4AB, 0xCCCC, 0xCCCD, 0xCCED, 0xCD0E, 0xCD0E, 0xCD2E, 0xD54F, 0xD52F, 0xCCED, 0xCCED,
    0xCCED, 0xCCCC, 0xCCAB, 0xCCAB, 0xCCAB, 0xCCAB, 0xCCAB, 0xCCAB, 0xCCAB, 0xCCAB, 0xCCCC, 0xCCCC, 0xD4EC, 0xD4EC, 0xD4EC, 0xD4EC,
    0xDD2D, 0xDD4D, 0xE58E, 0xF5EF, 0xF610, 0xF60F, 0xF692, 0xFF37, 0xFF37, 0xFF57, 0xFF57, 0xFF57, 0xFF57, 0xFF57, 0xFF57, 0xFF57,
    0xFF57, 0xFF78, 0xFF98, 0xFF98, 0xFFD9, 0xFFFA, 0xFFF9, 0xFFF9, 0xFFFA, 0xFFFA, 0xFFFA, 0xFFFA, 0xFFFA, 0xFFFA, 0xFFD9, 0xFF55,
    0xFED2, 0xFED2, 0xFED2, 0xFED2, 0xFED2, 0xFED2, 0xFEB2, 0xFED2, 0xFED2, 0xFED2, 0xFED2, 0xFED2, 0xFED2, 0xFED2, 0xFED2, 0xFED2,
    0xFED2, 0xFED2, 0xFED2, 0xFEF2, 0xFEF2, 0xFEF3, 0xFEF2, 0xFF14, 0xFF77, 0xFFDA, 0xFFDA, 0xFFDA, 0xFFDA, 0xFFDA, 0xFFDA, 0xFFDA,
    0xFFDA, 0xFFDA, 0xFFDA, 0xFFFA, 0xFFFA, 0xFFDA, 0xFFDA, 0xFFDA, 0xFFD9, 0xFFB9, 0xFFB9, 0xFFB9, 0xFFD9, 0xFFB9, 0xFFB9, 0xFF98,
    0xFF36, 0xFF56, 0xFF77, 0xFF57, 0xFF57, 0xFF57, 0xFF56, 0xFF78, 0xFF98, 0xFF98, 0xFF78, 0xFFB9, 0xFFDA, 0xFFDA, 0xFFDA, 0xFFD9,
    0xFFDA, 0xFFDA, 0xFFDA, 0xFFDA, 0xFFDA, 0xFFB9, 0xFFFB, 0xD633, 0x62A7, 0x20E2, 0x41C6, 0x41E6, 0x41E6, 0x41E6, 0x41E6, 0x39C5,
    0x3164, 0x3164, 0x3164, 0x3164, 0x3164, 0x3164, 0x2923, 0x2924, 0x2944, 0x2923, 0x2944, 0x3165, 0x3164, 0x2944, 0x2944, 0x3164,
    0x3144, 0x3144, 0x2924, 0x1881, 0x8C0D, 0xCE34, 0xFFBA, 0xFF99, 0xFFBA, 0xFFB9, 0xFFB9, 0xFFB9, 0xFFB9, 0xFFB9, 0xFFBA, 0xFFBA,
    0xFFB9, 0xFFB9, 0xFFB9, 0xFFB9, 0xFFBA, 0xFFB9, 0xFF57, 0xFED4, 0xFE73, 0xFE93, 0xFE93, 0xF693, 0xF673, 0xF673, 0xFE73, 0xF673,
    0xF673, 0xF673, 0xF673, 0xF673, 0xF672, 0xF672, 0xF672, 0xF672, 0xF672, 0xF652, 0xF631, 0xF652, 0xF6D5, 0xFF79, 0xFF99, 0xFFBA,
    0xFF9A, 0xFF9A, 0xFFBA, 0xFF58, 0xF6D5, 0xF6F5, 0xF6D6, 0xF6D5, 0xF6D5, 0xFED6, 0xF6F6, 0xF6B5, 0xF632, 0xF632, 0xF632, 0xF652,
    0xF653, 0xF694, 0xF716, 0xFFBA, 0xFF9A, 0xFF99, 0xFF99, 0xFF99, 0xFF98, 0xFF99, 0xFF99, 0xFF99, 0xFF99, 0xFF99, 0xFF99, 0xFF99,
    0xC4AC, 0xC4CC, 0xD54F, 0xD56F, 0xD56F, 0xD570, 0xD591, 0xD5B1, 0xD5B1, 0xDDB1, 0xDDB1, 0xDDD1, 0xDDD2, 0xD54F, 0xCCCC, 0xCCCC,
    0xCCCC, 0xCCCC, 0xCCCC, 0xCCCB, 0xCCCB, 0xCCAB, 0xCCAB, 0xCCCB, 0xCCCB, 0xCCCC, 0xCCCC, 0xCCCC, 0xCCCC, 0xD50C, 0xE56E, 0xE56E,
    0xED8E, 0xEDAE, 0xEDAE, 0xF60F, 0xFE51, 0xFE70, 0xFE92, 0xFF15, 0xFF37, 0xFF57, 0xFF57, 0xFF57, 0xFF57, 0xFF57, 0xFF78, 0xFF78,
    0xFF98, 0xFFD9, 0xFFF9, 0xFFFA, 0xFFFA, 0xFFFA, 0xFFFA, 0xFFFA, 0xFFFA, 0xFFFA, 0xFFFA, 0xFFFA, 0xFFFA, 0xFFFA, 0xFFD9, 0xFF55,
    0xFED2, 0xFED2, 0xFED2, 0xFED2, 0xFED2, 0xFED2, 0xFED2, 0xFED2, 0xFED2, 0xFED2, 0xFED2, 0xFED2, 0xFED2, 0xFEB2, 0xFED2, 0xFED2,
    0xFED2, 0xFED2, 0xFED2, 0xFED2, 0xFED2, 0xFED2, 0xFEF3, 0xFED3, 0xFF14, 0xFFB8, 0xFFFB, 0xFFFA, 0xFFDA, 0xFFFA, 0xFFFA, 0xFFD9,
    0xFFB9, 0xFFB9, 0xFFB9, 0xFFB9, 0xFFD9, 0xFFB9, 0xFFB9, 0xFFB9, 0xFF77, 0xFEF4, 0xFEF4, 0xFEF4, 0xFEF4, 0xFEF4, 0xFEF4, 0xFEF4,
    0xFF15, 0xFFDA, 0xFFDA, 0xFFDA, 0xFFDA, 0xFFDA, 0xFFDA, 0xFFDA, 0xFFDA, 0xFFDA, 0xFFDA, 0xFFDA, 0xFFD9, 0xFFDA, 0xFFD9, 0xFFD9,
    0xFFD9, 0xFFD9, 0xFFD9, 0xFFD9, 0xFFD9, 0xFFB9, 0xEF79, 0x8C2D, 0x1040, 0x4A26, 0x41C6, 0x39A5, 0x39A5, 0x39A5, 0x41C6, 0x3985,
    0x2923, 0x2102, 0x18C2, 0x2103, 0x2923, 0x2123, 0x10A1, 0x18E2, 0x2923, 0x2923, 0x2923, 0x2924, 0x2923, 0x18C2, 0x18E2, 0x2924,
    0x2924, 0x2924, 0x2924, 0x3164, 0x0000, 0x5AC9, 0xFFFD, 0xFFBA, 0xFF99, 0xFFB9, 0xFFBA, 0xFFBA, 0xFFB9, 0xFFB9, 0xFFBA, 0xFFBA,
    0xFFB9, 0xFFBA, 0xFFB9, 0xFFBA, 0xFFB9, 0xFFB9, 0xFFDA, 0xFF58, 0xF6D4, 0xFE93, 0xFE73, 0xFE73, 0xF673, 0xFE73, 0xF673, 0xF673,
    0xFE73, 0xF672, 0xF672, 0xF672, 0xF672, 0xF673, 0xF673, 0xF673, 0xF673, 0xF6B5, 0xF6F5, 0xF6D5, 0xF6F5, 0xFF58, 0xFF58, 0xFF37,
    0xFF16, 0xFF16, 0xFF36, 0xF6D5, 0xF652, 0xF652, 0xF652, 0xF652, 0xF652, 0xF632, 0xF632, 0xF632, 0xF652, 0xF652, 0xF652, 0xF652,
    0xF653, 0xF632, 0xF653, 0xF6D5, 0xF716, 0xFF99, 0xFF99, 0xFF99, 0xFF99, 0xFF99, 0xFF99, 0xFF99, 0xFF99, 0xFF99, 0xFF99, 0xFF99,
    0xD590, 0xD591, 0xD5B1, 0xD5B1, 0xD5B1, 0xD5B1, 0xD5B1, 0xD5B1, 0xD5B1, 0xD5B1, 0xD5B1, 0xD5B1, 0xD5B1, 0xDDB1, 0xCD0D, 0xCCCC,
    0xCCCC, 0xCCCC, 0xCCCC, 0xCCCC, 0xCCCC, 0xCCCB, 0xCCCB, 0xCCCB, 0xCCCB, 0xCCCC, 0xCCCC, 0xD50C, 0xD50D, 0xDD4D, 0xED8E, 0xED8E,
    0xEDCE, 0xF5EF, 0xF5EF, 0xFE50, 0xFE71, 0xFE71, 0xFE71, 0xF692, 0xFF57, 0xFF57, 0xFF57, 0xFF57, 0xFF77, 0xFF98, 0xFFF9, 0xFFF9,
    0xFFF9, 0xFFF9, 0xFFF9, 0xFFFA, 0xFFFA, 0xFFFA, 0xFFFA, 0xFFFA, 0xFFF9, 0xFFD9, 0xFFD9, 0xFFD9, 0xFFD9, 0xFFD9, 0xFFF9, 0xFF77,
    0xFEF2, 0xFED2, 0xFED2, 0xFED2, 0xFED2, 0xFED2, 0xFED2, 0xFED2, 0xFED2, 0xFED2, 0xFED2, 0xFED2, 0xFED2, 0xFED2, 0xFED2, 0xFEB2,
    0xFEB2, 0xFEB2, 0xFEB2, 0xFEF3, 0xFF14, 0xFF13, 0xFF14, 0xFF34, 0xFF34, 0xFF35, 0xFF77, 0xFF77, 0xFF77, 0xFF77, 0xFF77, 0xFF56,
    0xFF14, 0xFF15, 0xFF15, 0xFF15, 0xFF15, 0xFF14, 0xFF14, 0xFF14, 0xFEF4, 0xFED3, 0xFED3, 0xFED3, 0xFED3, 0xFED3, 0xFED3, 0xFED3,
    0xFEF4, 0xFF98, 0xFFB9, 0xFFB9, 0xFFB9, 0xFFB9, 0xFFB9, 0xFFB9, 0xFFB9, 0xFFD9, 0xFFD9, 0xFFDA, 0xFFDA, 0xFFBA, 0xFFBA, 0xFFB9,
    0xFFD9, 0xFFD9, 0xFFD9, 0xFFD9, 0xFFB9, 0xFFFA, 0x83AB, 0x1040, 0x2903, 0x3144, 0x2944, 0x2923, 0x20E2, 0x2102, 0x2943, 0x2923,
    0x2923, 0x2102, 0x1080, 0x1081, 0x1081, 0x1081, 0x10C1, 0x2103, 0x2123, 0x2123, 0x2103, 0x2103, 0x2103, 0x10A1, 0x10A1, 0x10A1,
    0x2103, 0x2924, 0x2924, 0x2944, 0x1040, 0x4A47, 0xB593, 0xE6D7, 0xFFFC, 0xFFFC, 0xFFBA, 0xFFBA, 0xFFDA, 0xFFBA, 0xFFBA, 0xFFBA,
    0xFFBA, 0xFFB9, 0xFFB9, 0xFFB9, 0xFFBA, 0xFFB9, 0xFFB9, 0xFFBA, 0xFFB9, 0xFEF5, 0xF693, 0xF673, 0xF673, 0xF673, 0xF673, 0xF672,
    0xF6B4, 0xFF16, 0xFEF6, 0xF6F6, 0xF716, 0xF716, 0xF716, 0xF716, 0xF717, 0xFF99, 0xFFBA, 0xFFBA, 0xFFBA, 0xFFBA, 0xF737, 0xF716,
    0xF672, 0xF652, 0xF653, 0xF673, 0xFE73, 0xF673, 0xF673, 0xF673, 0xF673, 0xF673, 0xF653, 0xF653, 0xF652, 0xF652, 0xF652, 0xF652,
    0xF652, 0xF652, 0xF632, 0xF631, 0xF673, 0xFF37, 0xFF58, 0xFF99, 0xFF99, 0xFF99, 0xFF99, 0xFF99, 0xFF99, 0xFF99, 0xFF99, 0xFF99,
    0xD5B0, 0xD590, 0xD5B1, 0xD5B1, 0xD5B1, 0xD5B1, 0xD5B1, 0xD5B1, 0xD5B1, 0xD5B1, 0xD5B1, 0xD5B1, 0xD5B1, 0xDDB1, 0xCD0D, 0xCCCC,
    0xCCEC, 0xCCCC, 0xCCCC, 0xCCCC, 0xCCCC, 0xCCCC, 0xCCCC, 0xCCCC, 0xD4CC, 0xD4CC, 0xD4EC, 0xEDAE, 0xEDAE, 0xEDAE, 0xEDCE, 0xEDAE,
    0xF630, 0xFE71, 0xFE71, 0xFE71, 0xFE71, 0xFE71, 0xFE71, 0xF671, 0xF6D3, 0xFF57, 0xFF77, 0xFFD9, 0xFFD9, 0xFFD9, 0xFFF9, 0xFFF9,
    0xFFF9, 0xFFF9, 0xFFF9, 0xFFF9, 0xFFFA, 0xFFFA, 0xFFFA, 0xFFFA, 0xFFFA, 0xFFD9, 0xFFD9, 0xFFD9, 0xFFD9, 0xFFD9, 0xFFD9, 0xFFD9,
    0xFF76, 0xFED2, 0xFED2, 0xFEB2, 0xFEB2, 0xFEB2, 0xFED2, 0xFEB2, 0xFEB2, 0xFEB2, 0xFEB2, 0xFEB2, 0xFEB1, 0xFEB1, 0xFEF3, 0xFF55,
    0xFF35, 0xFF35, 0xFF35, 0xFF98, 0xFFF9, 0xFFD9, 0xFFD9, 0xFFFA, 0xFFDA, 0xFFD9, 0xFF15, 0xFED3, 0xFEF4, 0xFEF3, 0xFEF4, 0xFEF4,
    0xFEF4, 0xFEF4, 0xFEF4, 0xFEF4, 0xFEF4, 0xFEF4, 0xFEF4, 0xFEF3, 0xFEF3, 0xFEF4, 0xFED3, 0xFED3, 0xFEF3, 0xFEF3, 0xFEF3, 0xFEF3,
    0xFEF3, 0xFEF4, 0xFF98, 0xFFDA, 0xFFBA, 0xFFDA, 0xFFDA, 0xFFDA, 0xFFDA, 0xFFDA, 0xFFDA, 0xFFDA, 0xFFDA, 0xFFDA, 0xFFDA, 0xFFB9,
    0xFFD9, 0xFFD9, 0xFFD9, 0xFFD9, 0xFFB9, 0xFFFD, 0x83AC, 0x0000, 0x18E2, 0x20E2, 0x20E2, 0x2102, 0x2103, 0x2102, 0x2923, 0x2923,
    0x2923, 0x20E2, 0x1080, 0x1081, 0x1081, 0x1081, 0x2103, 0x2123, 0x2103, 0x2103, 0x2103, 0x2103, 0x20E3, 0x10A1, 0x10A1, 0x10A1,
    0x18C2, 0x2923, 0x2924, 0x2923, 0x3144, 0x20E3, 0x0000, 0x5246, 0x944E, 0x840C, 0xF799, 0xFFFB, 0xFFBA, 0xFFDA, 0xFFDA, 0xFFBA,
    0xFFBA, 0xFFBA, 0xFFBA, 0xFFBA, 0xFFB9, 0xFFB9, 0xFF99, 0xFF99, 0xFF99, 0xFF98, 0xFED4, 0xF693, 0xF6F5, 0xFF36, 0xFF37, 0xFF37,
    0xFF78, 0xFFBA, 0xFFBA, 0xFFBA, 0xFFBA, 0xFFBA, 0xFFBA, 0xFFBA, 0xFFBA, 0xFF99, 0xFF99, 0xFF99, 0xFFB9, 0xFFBA, 0xFFBA, 0xFFBA,
    0xF6B5, 0xF693, 0xF672, 0xF673, 0xF673, 0xF673, 0xF673, 0xF673, 0xF673, 0xF673, 0xF653, 0xF653, 0xF652, 0xF652, 0xF652, 0xF652,
    0xF652, 0xF632, 0xF632, 0xF652, 0xF632, 0xF632, 0xF693, 0xFF78, 0xFF99, 0xFF99, 0xFF99, 0xFF99, 0xFF99, 0xFF99, 0xFF99, 0xFF99,
    0xD5B1, 0xD5B1, 0xD5B1, 0xD5B1, 0xD5B1, 0xD5B1, 0xD5B1, 0xD5B1, 0xD5B1, 0xD5B1, 0xD5B1, 0xD5B1, 0xD5B1, 0xD5B1, 0xD570, 0xD50D,
    0xCCCC, 0xCCCC, 0xCCCC, 0xCCCC, 0xCCCC, 0xCCCC, 0xCCAB, 0xD4CC, 0xE58E, 0xED8E, 0xED8E, 0xED8E, 0xED8E, 0xEDCE, 0xFE50, 0xFE71,
    0xFE71, 0xFE71, 0xFE71, 0xFE71, 0xFE71, 0xFE71, 0xFE71, 0xF670, 0xFED3, 0xFF78, 0xFF78, 0xFFF9, 0xFFF9, 0xFFFA, 0xFFFA, 0xFFF9,
    0xFFF9, 0xFFF9, 0xFFFA, 0xFFFA, 0xFFFA, 0xFFFA, 0xFFFA, 0xFFFA, 0xFFFA, 0xFFF9, 0xFFF9, 0xFFF9, 0xFFF9, 0xFFF9, 0xFFF9, 0xFFF9,
    0xFF97, 0xFED3, 0xFED2, 0xFED2, 0xFED2, 0xFED2, 0xFED2, 0xFF35, 0xFF76, 0xFF76, 0xFF77, 0xFF76, 0xFF77, 0xFF56, 0xFF97, 0xFFDA,
    0xFFDA, 0xFFFA, 0xFFFA, 0xFFFA, 0xFFFA, 0xFFFA, 0xFFFA, 0xFFFA, 0xFFDA, 0xFFFB, 0xFF98, 0xFF15, 0xFEF3, 0xFEF4, 0xFEF4, 0xFEF4,
    0xFEF4, 0xFEF4, 0xFF14, 0xFF14, 0xFF14, 0xFF14, 0xFEF4, 0xFEF4, 0xFEF4, 0xFEF4, 0xFEF3, 0xFEF3, 0xFEF3, 0xFEF3, 0xFEF4, 0xFEF4,
    0xFEF4, 0xFEF4, 0xFF15, 0xFF98, 0xFFDA, 0xFFBA, 0xFFDA, 0xFFDA, 0xFFDA, 0xFFDA, 0xFFDA, 0xFFDA, 0xFFDA, 0xFFDA, 0xFFDA, 0xFFB9,
    0xFFB9, 0xFFB9, 0xFFB9, 0xFFD9, 0xF758, 0xB572, 0x62E9, 0x2103, 0x20E2, 0x0840, 0x0840, 0x18C2, 0x2944, 0x2923, 0x2923, 0x2923,
    0x2123, 0x2103, 0x2103, 0x2103, 0x2103, 0x2103, 0x2923, 0x2123, 0x2103, 0x18C2, 0x20E3, 0x2103, 0x20E3, 0x10A1, 0x10A1, 0x10A1,
    0x18C2, 0x2923, 0x2923, 0x2923, 0x2923, 0x2924, 0x2923, 0x20C2, 0x1061, 0x18A1, 0x944E, 0xEF38, 0xFFD9, 0xFFB9, 0xFFB9, 0xFFB9,
    0xFFB9, 0xFFB9, 0xFFB9, 0xFFB9, 0xFF77, 0xF6D4, 0xFED4, 0xFED4, 0xFED4, 0xFED4, 0xFEB4, 0xFEF5, 0xFF77, 0xFFB9, 0xFFB9, 0xFFBA,
    0xFFBA, 0xFFB9, 0xFFB9, 0xFFB9, 0xFFB9, 0xFFBA, 0xFFBA, 0xFF9A, 0xFF99, 0xFF99, 0xFF99, 0xFFBA, 0xFFBA, 0xFFBA, 0xFFBA, 0xFF99,
    0xFFBA, 0xFF58, 0xF694, 0xF673, 0xF673, 0xFE73, 0xFE73, 0xF673, 0xF673, 0xF673, 0xF653, 0xF653, 0xF652, 0xF652, 0xF652, 0xF652,
    0xF632, 0xF632, 0xF632, 0xF632, 0xF632, 0xF632, 0xF652, 0xF673, 0xF6F6, 0xFFB9, 0xFF99, 0xFF99, 0xFF99, 0xFF99, 0xFFB9, 0xFFB9,
    0xDDB1, 0xDDB1, 0xDDB1, 0xD5B1, 0xD5B1, 0xD5B1, 0xD5B1, 0xD5B1, 0xD5B1, 0xD5B1, 0xD5B1, 0xD5B1, 0xD5B1, 0xD5B1, 0xDDD1, 0xD52D,
    0xCCCC, 0xCCEC, 0xCCCC, 0xCCCC, 0xCCCC, 0xDD0C, 0xE56D, 0xE56D, 0xEDAE, 0xEDAE, 0xEDAE, 0xF60F, 0xF610, 0xF630, 0xFE51, 0xFE71,
    0xFE71, 0xFE71, 0xFE71, 0xFE71, 0xFE71, 0xFE71, 0xFE71, 0xFE70, 0xFEB2, 0xFF57, 0xFFB8, 0xFFF9, 0xFFF9, 0xFFFA, 0xFFFA, 0xFFFA,
    0xFFFA, 0xFFFA, 0xFFFA, 0xFFFA, 0xFFFA, 0xFFFA, 0xFFFA, 0xFFFA, 0xFFB8, 0xFF77, 0xFF97, 0xFF97, 0xFF77, 0xFF76, 0xFF76, 0xFF56,
    0xFF55, 0xFF14, 0xFF55, 0xFF98, 0xFF98, 0xFF97, 0xFF97, 0xFFD9, 0xFFDA, 0xFFDA, 0xFFFA, 0xFFFA, 0xFFFA, 0xFFFB, 0xFFDA, 0xFFDA,
    0xFFDA, 0xFFDA, 0xFFDA, 0xFFDA, 0xFFDA, 0xFFDA, 0xFFDA, 0xFFDA, 0xFFDA, 0xFFDA, 0xFFFA, 0xFF77, 0xFEF4, 0xFEF4, 0xFEF3, 0xFEF3,
    0xFEF4, 0xFF14, 0xFF14, 0xFF14, 0xFF14, 0xFF14, 0xFEF4, 0xFEF4, 0xFEF4, 0xFEF4, 0xFEF4, 0xFEF4, 0xFEF4, 0xFEF4, 0xFEF3, 0xFEF4,
    0xFEF4, 0xFEF4, 0xFEF4, 0xFF35, 0xFF56, 0xFFB9, 0xFFDA, 0xFFDA, 0xFFDA, 0xFFDA, 0xFFDA, 0xFFDA, 0xFFBA, 0xFFB9, 0xFFB9, 0xFFDA,
    0xFFBA, 0xFFDA, 0xFFB9, 0xFFFB, 0xFFDA, 0x18A1, 0x1061, 0x3985, 0x3164, 0x2923, 0x2123, 0x2923, 0x2123, 0x18A1, 0x1081, 0x18E2,
    0x2923, 0x2923, 0x2924, 0x2924, 0x2924, 0x2923, 0x2103, 0x2103, 0x20E3, 0x10A1, 0x18A1, 0x18C2, 0x18C2, 0x1081, 0x1081, 0x1081,
    0x18C2, 0x2123, 0x2123, 0x2923, 0x2923, 0x2943, 0x3144, 0x3164, 0x3985, 0x3985, 0x0800, 0x5227, 0xFF56, 0xFF35, 0xFED4, 0xFEF4,
    0xFEF4, 0xFEF4, 0xFED4, 0xFED4, 0xFEB4, 0xFE93, 0xFE93, 0xFE93, 0xFE93, 0xFE93, 0xFE93, 0xF672, 0xFEF5, 0xFF99, 0xFF99, 0xFFB9,
    0xFFBA, 0xFFBA, 0xFFBA, 0xFFBA, 0xFFBA, 0xFFBA, 0xFFBA, 0xFFBA, 0xFF99, 0xFF99, 0xFF99, 0xFF99, 0xFF99, 0xFFBA, 0xFF9A, 0xFF9A,
    0xFF99, 0xFF99, 0xFF99, 0xF6B5, 0xF673, 0xFE73, 0xFE73, 0xF673, 0xF673, 0xF653, 0xF653, 0xF653, 0xF653, 0xF653, 0xF652, 0xF652,
    0xF632, 0xF632, 0xF632, 0xF652, 0xF632, 0xF652, 0xF652, 0xF632, 0xF673, 0xF6B4, 0xFF37, 0xFFBA, 0xFF99, 0xFF99, 0xFFB9, 0xFF99,
    0xDDD1, 0xDDD1, 0xDDD1, 0xDDD1, 0xDDB1, 0xD5B1, 0xD5B1, 0xD5B1, 0xDDD2, 0xDDD2, 0xDDD1, 0xD5D1, 0xD5D1, 0xDDD1, 0xDDD1, 0xD54E,
    0xD4EC, 0xD4CC, 0xD4EC, 0xD4CC, 0xD4EC, 0xE56D, 0xEDAE, 0xEDAE, 0xED8E, 0xEDCF, 0xF610, 0xF651, 0xFE71, 0xFE71, 0xFE71, 0xFE71,
    0xFE71, 0xFE71, 0xFE71, 0xFE71, 0xFE71, 0xFE91, 0xFE91, 0xFE91, 0xFE91, 0xFF35, 0xFF98, 0xFFFA, 0xFFDA, 0xFFF9, 0xFFF9, 0xFFF9,
    0xFFFA, 0xFFFA, 0xFFF9, 0xFFF9, 0xFFF9, 0xFF56, 0xFF35, 0xFF35, 0xFF15, 0xFEF4, 0xFEF4, 0xFEF4, 0xFEF4, 0xFEF4, 0xFEF3, 0xFED3,
    0xFED3, 0xFED3, 0xFF56, 0xFFDA, 0xFFDA, 0xFFDA, 0xFFDA, 0xFFDA, 0xFFBA, 0xFFBA, 0xFFDA, 0xFFDA, 0xFFDA, 0xFFDA, 0xFFDA, 0xFFDA,
    0xFFDA, 0xFFDA, 0xFFDA, 0xFFDA, 0xFFDA, 0xFFDA, 0xFFDA, 0xFFDA, 0xFFDA, 0xFFDA, 0xFFDA, 0xFFDA, 0xFF35, 0xFEF3, 0xFEF3, 0xFEF3,
    0xFEF3, 0xFEF4, 0xFEF4, 0xFEF4, 0xFF14, 0xFEF4, 0xFEF4, 0xFEF4, 0xFEF4, 0xFEF4, 0xFEF4, 0xFEF4, 0xFEF4, 0xFEF4, 0xFEF3, 0xFEF3,
    0xFEF3, 0xFEF4, 0xFEF4, 0xFEF4, 0xFF14, 0xFF97, 0xFFB9, 0xFFDA, 0xFFDA, 0xFFDA, 0xFFDA, 0xFFDA, 0xFFD9, 0xFFD9, 0xFFB9, 0xFFB9,
    0xFFB9, 0xFFDA, 0xFFFA, 0x946E, 0x6B4A, 0x2923, 0x20E2, 0x2924, 0x2103, 0x2123, 0x2923, 0x2103, 0x1081, 0x1060, 0x0860, 0x10A1,
    0x18C2, 0x18C2, 0x18C2, 0x18A2, 0x18C2, 0x2103, 0x2103, 0x2103, 0x2103, 0x18C2, 0x1081, 0x1081, 0x1081, 0x1081, 0x1081, 0x1081,
    0x1081, 0x10A1, 0x18C1, 0x2944, 0x2944, 0x2923, 0x2923, 0x2943, 0x3124, 0x2923, 0x18A2, 0x18A1, 0x5A87, 0xD5D0, 0xFF35, 0xFEB3,
    0xFEB3, 0xFEB3, 0xFEB3, 0xFEB3, 0xFEB3, 0xFEB3, 0xFEB3, 0xFE93, 0xFE93, 0xFE93, 0xFE93, 0xFE92, 0xF693, 0xF6D4, 0xFF98, 0xFFBA,
    0xFFBA, 0xFFBA, 0xFFBA, 0xFFBA, 0xFFBA, 0xFFBA, 0xFFBA, 0xFFBA, 0xFF99, 0xFF99, 0xFF99, 0xFF99, 0xFF9A, 0xFFB9, 0xFFB9, 0xFFB9,
    0xFF99, 0xFF99, 0xFF99, 0xFF79, 0xFF57, 0xF693, 0xF673, 0xF673, 0xF673, 0xF673, 0xF653, 0xF653, 0xF653, 0xF652, 0xF652, 0xF652,
    0xF652, 0xF652, 0xF632, 0xF632, 0xF632, 0xF632, 0xF652, 0xF652, 0xF652, 0xF652, 0xF6D4, 0xFF16, 0xFF58, 0xFFB9, 0xFF99, 0xFF99,
    0xDDD1, 0xDDD1, 0xDDD1, 0xDDD1, 0xDDD1, 0xDDD1, 0xDDD1, 0xDDD2, 0xDDD1, 0xDDD2, 0xDDD1, 0xDDD1, 0xD5D1, 0xDDD1, 0xDDD1, 0xDDD0,
    0xD52E, 0xD4EC, 0xE56D, 0xE58D, 0xE58D, 0xED8D, 0xED8D, 0xEDCE, 0xEDEF, 0xF630, 0xFE71, 0xFE51, 0xFE71, 0xFE71, 0xFE71, 0xFE71,
    0xFE71, 0xFE91, 0xFE91, 0xFE71, 0xFEB2, 0xFF74, 0xFF75, 0xFF75, 0xFF75, 0xFF76, 0xFF76, 0xFF55, 0xFF35, 0xFF35, 0xFF35, 0xFF35,
    0xFF35, 0xFF35, 0xFF35, 0xFF35, 0xFF35, 0xFF15, 0xFF14, 0xFF14, 0xFEF4, 0xFEF4, 0xFEF4, 0xFEF4, 0xFEF4, 0xFEF4, 0xFEF4, 0xFEF4,
    0xFEF3, 0xFEF4, 0xFF14, 0xFF77, 0xFFB9, 0xFFB9, 0xFFD9, 0xFFD9, 0xFFDA, 0xFFDA, 0xFFDA, 0xFFDA, 0xFFDA, 0xFFDA, 0xFFDA, 0xFFDA,
    0xFFDA, 0xFFDA, 0xFFDA, 0xFFDA, 0xFFDA, 0xFFDA, 0xFFDA, 0xFFDA, 0xFFDA, 0xFFDA, 0xFFDA, 0xFFDA, 0xFFB9, 0xFF15, 0xFEF3, 0xFEF3,
    0xFEF3, 0xFEF4, 0xFEF4, 0xFEF4, 0xFF14, 0xFEF4, 0xFEF4, 0xFEF4, 0xFEF4, 0xFEF4, 0xFEF4, 0xFEF4, 0xFEF4, 0xFEF4, 0xFEF4, 0xFEF4,
    0xFEF4, 0xFEF4, 0xFEF4, 0xFEF4, 0xFF14, 0xFF13, 0xFF98, 0xFFDA, 0xFFDA, 0xFFDA, 0xFFDA, 0xFFDA, 0xFFDA, 0xFFDA, 0xFFDA, 0xFFDA,
    0xFFDA, 0xFFB9, 0xF7BA, 0x41E5, 0x1060, 0x3165, 0x3144, 0x2924, 0x2103, 0x20E3, 0x10A1, 0x1081, 0x1081, 0x1081, 0x0860, 0x0860,
    0x0860, 0x1081, 0x1081, 0x1081, 0x10A1, 0x18C2, 0x18C2, 0x18E3, 0x18E3, 0x10A1, 0x1081, 0x1081, 0x1081, 0x1081, 0x1081, 0x1081,
    0x1081, 0x1081, 0x1081, 0x20E2, 0x18C2, 0x2923, 0x3124, 0x2924, 0x2103, 0x2102, 0x2903, 0x2903, 0x0000, 0x7308, 0xDE31, 0xFED4,
    0xFEB3, 0xFEB3, 0xFEB3, 0xFEB3, 0xFEB3, 0xFEB3, 0xFEB3, 0xFE93, 0xFE93, 0xFE93, 0xFE93, 0xFE93, 0xFE72, 0xF692, 0xFEB4, 0xFF16,
    0xFFDA, 0xFFBA, 0xFFBA, 0xFFBA, 0xFFBA, 0xFFBA, 0xFFBA, 0xFFBA, 0xFF99, 0xFF99, 0xFF99, 0xFF99, 0xFF9A, 0xFFB9, 0xFFB9, 0xFFB9,
    0xFF99, 0xFF99, 0xFF99, 0xFFB9, 0xFF99, 0xFF57, 0xF6D4, 0xF652, 0xF673, 0xF673, 0xF672, 0xF652, 0xF652, 0xF652, 0xF652, 0xF652,
    0xF652, 0xF652, 0xF652, 0xF652, 0xF632, 0xF631, 0xF631, 0xF631, 0xF652, 0xF652, 0xF672, 0xF672, 0xFEF5, 0xFF57, 0xFF79, 0xFFBA,
    0xDDD1, 0xDDD1, 0xDDD1, 0xDDD1, 0xDDD1, 0xDDD1, 0xDDD1, 0xDDD2, 0xDDD1, 0xDDD2, 0xDDD2, 0xDDD1, 0xD5D1, 0xDDD1, 0xDDD1, 0xDDD1,
    0xDD6F, 0xDD2D, 0xE58D, 0xE58D, 0xEDCE, 0xEDEF, 0xEDCE, 0xF672, 0xFEB3, 0xFE92, 0xF672, 0xF692, 0xFE92, 0xFE92, 0xFE92, 0xFE92,
    0xF6B3, 0xFF77, 0xFF97, 0xFF97, 0xFF97, 0xFFF9, 0xFFD9, 0xFFF9, 0xFFF9, 0xFFD9, 0xFF96, 0xFF34, 0xFF14, 0xFF14, 0xFF14, 0xFF34,
    0xFF15, 0xFF15, 0xFF15, 0xFF15, 0xFF15, 0xFF14, 0xFF15, 0xFF15, 0xFF14, 0xFF14, 0xFF14, 0xFF14, 0xFF14, 0xFEF4, 0xFEF4, 0xFEF4,
    0xFEF4, 0xFEF4, 0xFEF3, 0xFF77, 0xFFDA, 0xFFB9, 0xFFD9, 0xFFD9, 0xFFDA, 0xFFDA, 0xFFDA, 0xFFDA, 0xFFDA, 0xFFDA, 0xFFDA, 0xFFDA,
    0xFFDA, 0xFFDA, 0xFFDA, 0xFFDA, 0xFFDA, 0xFFDA, 0xFFDA, 0xFFDA, 0xFFDA, 0xFFDA, 0xFFDA, 0xFFDA, 0xFFDA, 0xFF98, 0xFF55, 0xFEF3,
    0xFEF3, 0xFEF4, 0xFEF4, 0xFF14, 0xFF14, 0xFF14, 0xFF14, 0xFEF4, 0xFEF4, 0xFEF4, 0xFEF4, 0xFEF4, 0xFEF4, 0xFEF4, 0xFEF4, 0xFEF4,
    0xFEF4, 0xFEF3, 0xFEF3, 0xFEF3, 0xFEF4, 0xFEF4, 0xFF15, 0xFF77, 0xFFB9, 0xFFB9, 0xFFB9, 0xFF98, 0xFF77, 0xFF77, 0xFF57, 0xFF57,
    0xFFB8, 0xD613, 0x3984, 0x2923, 0x3144, 0x3144, 0x2944, 0x2944, 0x2103, 0x20E2, 0x10A1, 0x10A1, 0x10A2, 0x1081, 0x0840, 0x0840,
    0x0860, 0x1081, 0x10A1, 0x10A2, 0x10A1, 0x10A1, 0x10A1, 0x10A1, 0x1081, 0x0861, 0x0860, 0x0861, 0x0881, 0x1081, 0x1081, 0x1081,
    0x1081, 0x1081, 0x1081, 0x0881, 0x0861, 0x20E2, 0x2103, 0x2103, 0x2103, 0x2103, 0x2103, 0x20E2, 0x18C2, 0x0000, 0x9C2C, 0xFFB6,
    0xFEB3, 0xFEB3, 0xFEB3, 0xFEB3, 0xFEB3, 0xFEB3, 0xFEB3, 0xFEB3, 0xFE93, 0xFE93, 0xFE92, 0xF692, 0xF692, 0xFE92, 0xFE92, 0xF693,
    0xF6F5, 0xFF78, 0xFFDA, 0xFFBA, 0xFFBA, 0xFFBA, 0xFFBA, 0xFFBA, 0xFFBA, 0xFFBA, 0xFFBA, 0xFF99, 0xFF99, 0xFFB9, 0xFFB9, 0xFF99,
    0xFF99, 0xFF9A, 0xFFB9, 0xFFB9, 0xFFB9, 0xFFBA, 0xFF78, 0xF716, 0xF673, 0xF652, 0xF672, 0xF652, 0xF652, 0xF632, 0xF632, 0xF632,
    0xF632, 0xF652, 0xF652, 0xF652, 0xF672, 0xF6F5, 0xF6F5, 0xF6F5, 0xFF16, 0xFF16, 0xFF16, 0xFF37, 0xFF78, 0xFF79, 0xFF99, 0xFF57,
    0xDDF2, 0xDDF2, 0xDDF2, 0xDDF2, 0xDDF2, 0xDDD2, 0xDDF2, 0xDDD1, 0xD590, 0xD570, 0xD570, 0xD570, 0xD56F, 0xD54F, 0xDD90, 0xDDB0,
    0xE5F1, 0xF652, 0xF693, 0xF694, 0xFEF6, 0xFF36, 0xFF16, 0xFF36, 0xFF37, 0xFF57, 0xFF57, 0xFF57, 0xFF57, 0xFF78, 0xFF78, 0xFF78,
    0xFF98, 0xFFB8, 0xFFD9, 0xFFF9, 0xFFFA, 0xFFFA, 0xFFFA, 0xFFFA, 0xFFFA, 0xFFFA, 0xFFB8, 0xFF55, 0xFF35, 0xFF35, 0xFF35, 0xFF14,
    0xFF15, 0xFF15, 0xFF15, 0xFF35, 0xFF35, 0xFF35, 0xFF15, 0xFF15, 0xFF15, 0xFF15, 0xFF15, 0xFF15, 0xFF15, 0xFF14, 0xFEF4, 0xFEF4,
    0xFEF4, 0xFEF4, 0xFEF4, 0xFF35, 0xFF77, 0xFFB9, 0xFFD9, 0xFFD9, 0xFFD9, 0xFFDA, 0xFFDA, 0xFFDA, 0xFFDA, 0xFFDA, 0xFFDA, 0xFFDA,
    0xFFDA, 0xFFDA, 0xFFDA, 0xFFDA, 0xFFDA, 0xFFDA, 0xFFDA, 0xFFDA, 0xFFDA, 0xFFDA, 0xFFDA, 0xFFDA, 0xFFDA, 0xFFDB, 0xFF98, 0xFF15,
    0xFF14, 0xFF14, 0xFF14, 0xFF14, 0xFF14, 0xFF14, 0xFF14, 0xFEF4, 0xFEF4, 0xFEF4, 0xFEF4, 0xFEF4, 0xFED4, 0xFED4, 0xFED4, 0xFED4,
    0xFEF4, 0xFF35, 0xFF36, 0xFF35, 0xFF35, 0xFF77, 0xFF77, 0xFF77, 0xFF56, 0xFEF4, 0xFEF4, 0xFEF4, 0xFEF4, 0xFEF4, 0xFEF4, 0xFED4,
    0xFF35, 0xCDB0, 0x18A0, 0x3164, 0x3144, 0x3144, 0x2944, 0x2924, 0x2103, 0x18E2, 0x10A1, 0x10A1, 0x10A1, 0x1081, 0x0860, 0x0860,
    0x0860, 0x0881, 0x0881, 0x0881, 0x0881, 0x0881, 0x0861, 0x0860, 0x0840, 0x0840, 0x0860, 0x0840, 0x0861, 0x1081, 0x0881, 0x1081,
    0x1081, 0x1081, 0x0881, 0x1081, 0x1081, 0x1081, 0x1081, 0x18A2, 0x2903, 0x2103, 0x2102, 0x20E2, 0x2923, 0x0820, 0x7329, 0xBD4F,
    0xE631, 0xFED3, 0xFEB3, 0xFEB3, 0xFEB3, 0xFEB3, 0xFEB3, 0xFEB3, 0xFE93, 0xFE93, 0xFE92, 0xFE92, 0xF692, 0xFE93, 0xFE93, 0xFE93,
    0xFE72, 0xF6D5, 0xFF58, 0xFFBA, 0xFFBA, 0xFFBA, 0xFFBA, 0xFFBA, 0xFFBA, 0xFFBA, 0xFFBA, 0xFFB9, 0xFFB9, 0xFFB9, 0xFFB9, 0xFF99,
    0xFFB9, 0xFFB9, 0xFF99, 0xFF9A, 0xFFBA, 0xFFB9, 0xFFB9, 0xFFBA, 0xF717, 0xF6B4, 0xF672, 0xF673, 0xF694, 0xF6B4, 0xF694, 0xF694,
    0xF694, 0xF6D5, 0xFF37, 0xFF16, 0xFF57, 0xFFB9, 0xFFBA, 0xFFBA, 0xFFBA, 0xFFBA, 0xFFBA, 0xFFBA, 0xFFBA, 0xFFBA, 0xFFB9, 0xFF58,
    0xDD90, 0xDD90, 0xDD90, 0xDD90, 0xDD90, 0xDD70, 0xDD70, 0xDD6F, 0xD50D, 0xCCED, 0xD4ED, 0xD4ED, 0xD4ED, 0xD50D, 0xE56E, 0xE58E,
    0xEDD0, 0xF693, 0xFF17, 0xFF37, 0xFF37, 0xFF37, 0xFF37, 0xFF37, 0xFF57, 0xFF57, 0xFF78, 0xFF78, 0xFF78, 0xFF78, 0xFF78, 0xFF99,
    0xFFD9, 0xFFB9, 0xFFD9, 0xFFF9, 0xFFFA, 0xFFFA, 0xFFFA, 0xFFFA, 0xFFFA, 0xFFFA, 0xFFFA, 0xFF76, 0xFF35, 0xFF15, 0xFF15, 0xFF15,
    0xFF15, 0xFF15, 0xFF35, 0xFF35, 0xFF35, 0xFF35, 0xFF15, 0xFF35, 0xFF35, 0xFF15, 0xFF35, 0xFF15, 0xFF15, 0xFF15, 0xFF14, 0xFF14,
    0xFF14, 0xFF14, 0xFF14, 0xFF14, 0xFF15, 0xFFB9, 0xFFD9, 0xFFD9, 0xFFD9, 0xFFDA, 0xFFDA, 0xFFDA, 0xFFDA, 0xFFDA, 0xFFDA, 0xFFDA,
    0xFFDA, 0xFFDA, 0xFFDA, 0xFFDA, 0xFFDA, 0xFFDA, 0xFFDA, 0xFFDA, 0xFFDA, 0xFFDA, 0xFFDA, 0xFFDA, 0xFFDA, 0xFFDA, 0xFFDA, 0xFF98,
    0xFEF4, 0xFF14, 0xFF14, 0xFF14, 0xFF14, 0xFF14, 0xFF15, 0xFF15, 0xFF15, 0xFF15, 0xFF35, 0xFF57, 0xFF77, 0xFF78, 0xFF78, 0xFF77,
    0xFF77, 0xFFB9, 0xFFDA, 0xFFDA, 0xFFDA, 0xFFDA, 0xFFBA, 0xFFDA, 0xFF77, 0xFED3, 0xFED3, 0xFED4, 0xFED3, 0xFEF4, 0xFED4, 0xFF35,
    0xBCEE, 0x3943, 0x2923, 0x3164, 0x3144, 0x2924, 0x18C2, 0x10A1, 0x10A1, 0x10A1, 0x1081, 0x1081, 0x1081, 0x1081, 0x10A1, 0x1081,
    0x1081, 0x0881, 0x0840, 0x0840, 0x0840, 0x0840, 0x0040, 0x0040, 0x0040, 0x0040, 0x0840, 0x0860, 0x10A1, 0x10A1, 0x0860, 0x0860,
    0x0860, 0x0860, 0x0860, 0x0860, 0x0860, 0x1081, 0x1081, 0x18A1, 0x20C2, 0x20E2, 0x20E3, 0x2103, 0x2103, 0x20C2, 0x1061, 0x0000,
    0xACAD, 0xFF34, 0xFE93, 0xFEB3, 0xFEB3, 0xFEB3, 0xFEB3, 0xFEB3, 0xFE93, 0xFE93, 0xFE93, 0xFE92, 0xFE92, 0xFE92, 0xFE92, 0xFE92,
    0xF692, 0xFE72, 0xFEB3, 0xFF78, 0xFF99, 0xFFBA, 0xFFBA, 0xFFBA, 0xFFBA, 0xFFBA, 0xFFBA, 0xFFBA, 0xFFBA, 0xFFBA, 0xFFBA, 0xFFB9,
    0xFFB9, 0xFFB9, 0xFFB9, 0xFFB9, 0xFF58, 0xF716, 0xFF16, 0xFF16, 0xFF16, 0xF6B4, 0xF6B4, 0xFF57, 0xFF99, 0xFFBA, 0xFFBA, 0xFFBA,
    0xFFBA, 0xFFBA, 0xFFBA, 0xFFBA, 0xFFBA, 0xFFB9, 0xFFB9, 0xFF99, 0xFFB9, 0xFF99, 0xFF99, 0xFFB9, 0xFFB9, 0xFFB9, 0xFFBA, 0xFFBA,
    0xD4EC, 0xD4EC, 0xD4CC, 0xD4EC, 0xCCCC, 0xD4CC, 0xD4CC, 0xD4CC, 0xD4CC, 0xD4EC, 0xD4EC, 0xDD2D, 0xD50D, 0xEDCF, 0xF630, 0xF630,
    0xF630, 0xF672, 0xFF16, 0xFF16, 0xFF37, 0xFF37, 0xFF37, 0xFF37, 0xFF37, 0xFF57, 0xFF57, 0xFF77, 0xFF77, 0xFF77, 0xFF98, 0xFFD9,
    0xFFFA, 0xFFFA, 0xFFFA, 0xFFFA, 0xFFFA, 0xFFFA, 0xFFFA, 0xFFFA, 0xFFFA, 0xFFFA, 0xFFFA, 0xFF76, 0xFF35, 0xFF14, 0xFF35, 0xFF35,
    0xFF35, 0xFF35, 0xFF35, 0xFF35, 0xFF35, 0xFF35, 0xFF15, 0xFF35, 0xFF35, 0xFF15, 0xFF15, 0xFF15, 0xFF15, 0xFF15, 0xFF15, 0xFF15,
    0xFF15, 0xFF15, 0xFF15, 0xFEF4, 0xFF14, 0xFF56, 0xFFD9, 0xFFDA, 0xFFD9, 0xFFDA, 0xFFDA, 0xFFDA, 0xFFDA, 0xFFDA, 0xFFDA, 0xFFDA,
    0xFFDA, 0xFFFA, 0xFFDA, 0xFFDA, 0xFFDA, 0xFFFA, 0xFFFA, 0xFFDA, 0xFFDA, 0xFFDA, 0xFFDA, 0xFFDA, 0xFFDA, 0xFFDA, 0xFFBA, 0xFFB9,
    0xFF76, 0xFF55, 0xFF77, 0xFF98, 0xFF98, 0xFF98, 0xFF99, 0xFFB9, 0xFFB9, 0xFFB9, 0xFFB9, 0xFFBA, 0xFFDA, 0xFFDA, 0xFFDA, 0xFFFA,
    0xFFDA, 0xFFDA, 0xFFDA, 0xFFDA, 0xFFBA, 0xFFBA, 0xFFB9, 0xFFB9, 0xFFB9, 0xFF98, 0xFEF3, 0xFED3, 0xFED4, 0xFEF4, 0xFED4, 0xFF55,
    0xAC8C, 0x1860, 0x39A5, 0x3164, 0x3164, 0x2923, 0x1081, 0x1081, 0x1081, 0x1081, 0x1081, 0x1081, 0x1081, 0x1081, 0x1081, 0x1081,
    0x1081, 0x1081, 0x0840, 0x0840, 0x0840, 0x0840, 0x0840, 0x0860, 0x0861, 0x0881, 0x0881, 0x1081, 0x10A2, 0x18E2, 0x10A1, 0x0860,
    0x0840, 0x0840, 0x0860, 0x0860, 0x0860, 0x0861, 0x1081, 0x1081, 0x0880, 0x18C2, 0x20E2, 0x20E2, 0x2103, 0x18C2, 0x10A1, 0x0820,
    0xAC8C, 0xFF13, 0xFEB3, 0xFEB3, 0xFEB3, 0xFEB3, 0xFEB3, 0xFEB3, 0xFE93, 0xFE93, 0xFE93, 0xFE92, 0xFE92, 0xFE92, 0xFE92, 0xFE92,
    0xFE72, 0xFE72, 0xFE93, 0xF692, 0xFF57, 0xFFBA, 0xFFBA, 0xFFBA, 0xFFBA, 0xFFBA, 0xFFBA, 0xFFB9, 0xFFB9, 0xFFB9, 0xFFB9, 0xF716,
    0xF6B4, 0xF6D5, 0xF6B4, 0xF6D5, 0xF694, 0xFE72, 0xF673, 0xF653, 0xF652, 0xF672, 0xF673, 0xF673, 0xFF37, 0xFFDA, 0xFF9A, 0xFFBA,
    0xFFBA, 0xFFBA, 0xFFBA, 0xFF99, 0xFFB9, 0xFFB9, 0xFFB9, 0xFFB9, 0xFFB9, 0xFFB9, 0xFFB9, 0xFFB9, 0xFFB9, 0xFFB9, 0xFFBA, 0xFFB9,
    0xD4EC, 0xD4EC, 0xD4EC, 0xD4EC, 0xD4EC, 0xD4EC, 0xD4EC, 0xD4EC, 0xD4EC, 0xD4EC, 0xDD2D, 0xF630, 0xF630, 0xFE30, 0xFE31, 0xFE31,
    0xFE31, 0xF692, 0xFF37, 0xFF17, 0xFF37, 0xFF37, 0xFF57, 0xFF57, 0xFF57, 0xFF57, 0xFF57, 0xFF77, 0xFF97, 0xFFB8, 0xFFD9, 0xFFFA,
    0xFFFA, 0xFFFA, 0xFFFA, 0xFFFA, 0xFFFA, 0xFFFA, 0xFFFA, 0xFFFA, 0xFFFA, 0xFFFA, 0xFFFA, 0xFFD9, 0xFF35, 0xFF14, 0xFF35, 0xFF35,
    0xFF35, 0xFF15, 0xFF15, 0xFF35, 0xFF35, 0xFF35, 0xFF15, 0xFF15, 0xFF35, 0xFF15, 0xFF15, 0xFF15, 0xFF15, 0xFF15, 0xFF15, 0xFF15,
    0xFF35, 0xFF15, 0xFF14, 0xFEF4, 0xFEF4, 0xFF15, 0xFFB9, 0xFFDA, 0xFFDA, 0xFFDA, 0xFFFA, 0xFFDA, 0xFFDA, 0xFFFA, 0xFFFA, 0xFFFA,
    0xFFDA, 0xFFDA, 0xFFDA, 0xFFDA, 0xFFB9, 0xFFD9, 0xFFD9, 0xFFD9, 0xFFB9, 0xFF77, 0xFF56, 0xFF56, 0xFF56, 0xFF35, 0xFF35, 0xFF15,
    0xFF34, 0xFF96, 0xFFDA, 0xFFFB, 0xFFFB, 0xFFFB, 0xFFFB, 0xFFFB, 0xFFFB, 0xFFFB, 0xFFFA, 0xFFDA, 0xFFDA, 0xFFDA, 0xFFDA, 0xFFDA,
    0xFFDA, 0xFFDA, 0xFFDA, 0xFFDA, 0xFFDA, 0xFFDA, 0xFFDA, 0xFFD9, 0xFFDA, 0xFFDA, 0xFF76, 0xFF14, 0xFED3, 0xFEF4, 0xFED4, 0xFF55,
    0xACAD, 0x20A1, 0x3985, 0x3164, 0x3184, 0x2923, 0x10A1, 0x1061, 0x1081, 0x1081, 0x1081, 0x1081, 0x1081, 0x1081, 0x0881, 0x0861,
    0x0881, 0x0881, 0x0860, 0x0860, 0x0860, 0x0860, 0x0860, 0x0860, 0x1081, 0x10A1, 0x10A1, 0x10A1, 0x10C2, 0x18C2, 0x18C2, 0x10A1,
    0x1081, 0x10A1, 0x1081, 0x10A2, 0x10A1, 0x0881, 0x1081, 0x1081, 0x1081, 0x18C2, 0x2903, 0x20E2, 0x2103, 0x18C2, 0x18A1, 0x0000,
    0xA46B, 0xFF14, 0xFE93, 0xFEB3, 0xFEB3, 0xFEB3, 0xFEB3, 0xFEB3, 0xFEB3, 0xFE93, 0xFE93, 0xFE72, 0xFE72, 0xFE72, 0xFE72, 0xFE72,
    0xFE72, 0xFE93, 0xFE93, 0xFE93, 0xFF16, 0xFF79, 0xFF78, 0xFF57, 0xFF57, 0xFF57, 0xFF57, 0xF6D5, 0xF694, 0xF6B4, 0xF6D4, 0xF693,
    0xF672, 0xF673, 0xF673, 0xF673, 0xF673, 0xFE73, 0xFE73, 0xFE73, 0xF673, 0xF673, 0xF673, 0xF652, 0xF6B4, 0xFF37, 0xFFBA, 0xFFBA,
    0xFFBA, 0xFFBA, 0xFFBA, 0xFFB9, 0xFFBA, 0xFFBA, 0xFFBA, 0xFFBA, 0xFF99, 0xFFB9, 0xFFB9, 0xFFB9, 0xFFB9, 0xFFB9, 0xFFBA, 0xFFBA,
    0xD4EC, 0xD4EC, 0xD4EC, 0xD4EC, 0xD4EC, 0xCCCC, 0xD4EC, 0xD4EC, 0xE5AE, 0xF60F, 0xF60F, 0xFE50, 0xF630, 0xFE30, 0xFE31, 0xFE31,
    0xF630, 0xFE72, 0xF6F5, 0xFF37, 0xFF37, 0xFF37, 0xFF57, 0xFF57, 0xFF57, 0xFF57, 0xFF77, 0xFF77, 0xFFD9, 0xFFFA, 0xFFFA, 0xFFFA,
    0xFFFA, 0xFFFA, 0xFFFA, 0xFFFA, 0xFFFA, 0xFFFA, 0xFFFA, 0xFFFA, 0xFFFA, 0xFFFA, 0xFFFA, 0xFFD9, 0xFF35, 0xFF34, 0xFF15, 0xFF14,
    0xFF34, 0xFF14, 0xFF15, 0xFF35, 0xFF35, 0xFF35, 0xFF35, 0xFF35, 0xFF35, 0xFF15, 0xFF15, 0xFF15, 0xFF15, 0xFF15, 0xFF15, 0xFF15,
    0xFF15, 0xFEF4, 0xFEF4, 0xFEF4, 0xFEF4, 0xFEF4, 0xFF56, 0xFFB9, 0xFFD9, 0xFFD9, 0xFFB9, 0xFFD9, 0xFFB9, 0xFFD9, 0xFFD9, 0xFFB9,
    0xFF77, 0xFF76, 0xFF76, 0xFF76, 0xFF35, 0xFF35, 0xFF35, 0xFF35, 0xFF35, 0xFF35, 0xFF14, 0xFF14, 0xFF14, 0xFF14, 0xFF55, 0xFF55,
    0xFF34, 0xE672, 0xEED5, 0xEF17, 0xEF17, 0xEF17, 0xEF17, 0xEF17, 0xEF17, 0xEF17, 0xF737, 0xFFB9, 0xFFDA, 0xFFBA, 0xFFBA, 0xFFBA,
    0xFFDA, 0xFFDA, 0xFFDA, 0xFFDA, 0xFFDA, 0xFFDA, 0xFFBA, 0xFFB9, 0xFFD9, 0xFFBA, 0xFFFA, 0xFF57, 0xFEF4, 0xFEF4, 0xFED4, 0xFF55,
    0xAC8D, 0x1881, 0x3985, 0x3144, 0x2103, 0x18E2, 0x1081, 0x0860, 0x0861, 0x10A1, 0x10A1, 0x10A1, 0x10A1, 0x1081, 0x0860, 0x0860,
    0x0860, 0x0860, 0x0860, 0x0860, 0x0860, 0x0860, 0x0860, 0x0860, 0x0861, 0x0860, 0x0861, 0x10A1, 0x10A1, 0x1081, 0x10A2, 0x18C2,
    0x18C2, 0x18C2, 0x1081, 0x10A2, 0x10A1, 0x0881, 0x1081, 0x1081, 0x1081, 0x1081, 0x18C2, 0x2903, 0x20E2, 0x18C2, 0x18A1, 0x0000,
    0xA46B, 0xFEF3, 0xFE92, 0xFEB3, 0xFEB3, 0xFEB3, 0xFEB3, 0xFEB3, 0xFE93, 0xFE93, 0xFEB3, 0xFEB4, 0xFEB4, 0xFEB4, 0xFEB3, 0xF693,
    0xFF36, 0xFF99, 0xFF99, 0xFF99, 0xFF9A, 0xFFDA, 0xFF78, 0xFEB4, 0xFE93, 0xF693, 0xF693, 0xF693, 0xF672, 0xF673, 0xF673, 0xF673,
    0xF673, 0xF673, 0xF673, 0xF673, 0xF673, 0xFE73, 0xFE73, 0xF673, 0xF673, 0xF673, 0xF673, 0xF673, 0xF652, 0xF694, 0xFF36, 0xFF99,
    0xFFB9, 0xFFB9, 0xFFBA, 0xFFB9, 0xFFB9, 0xFFBA, 0xFFBA, 0xFFBA, 0xFFB9, 0xFFB9, 0xFFB9, 0xFFB9, 0xFFB9, 0xFFBA, 0xFFBA, 0xFFBA,
    0xD4EC, 0xD4EC, 0xD4EC, 0xD4EC, 0xCCCB, 0xD4EC, 0xE5AE, 0xEDAE, 0xF610, 0xFE50, 0xFE50, 0xF630, 0xF630, 0xFE30, 0xFE30, 0xFE30,
    0xF631, 0xF631, 0xF672, 0xFF37, 0xFF37, 0xFF37, 0xFF57, 0xFF57, 0xFF57, 0xFF77, 0xFFB8, 0xFFD9, 0xFFD9, 0xFFFA, 0xFFFA, 0xFFFA,
    0xFFFA, 0xFFFA, 0xFFFA, 0xFFFA, 0xFFFA, 0xFFFA, 0xFFFA, 0xFFFA, 0xFFFA, 0xFFFA, 0xFFFA, 0xFFFA, 0xFFD9, 0xFF55, 0xFF14, 0xFF34,
    0xFF14, 0xFF14, 0xFF14, 0xFF35, 0xFF35, 0xFF35, 0xFF35, 0xFF35, 0xFF15, 0xFF15, 0xFF15, 0xFF15, 0xFF15, 0xFF15, 0xFF15, 0xFF56,
    0xFF56, 0xFF36, 0xFF36, 0xFF36, 0xFF56, 0xFF37, 0xFF77, 0xFF35, 0xFF35, 0xFF35, 0xFF14, 0xFEF4, 0xFEF4, 0xFF14, 0xFF14, 0xFF14,
    0xFF15, 0xFF15, 0xFF15, 0xFF34, 0xFF14, 0xFF14, 0xFF14, 0xFF14, 0xFF34, 0xFF55, 0xFF76, 0xFF76, 0xFF76, 0xFF55, 0xE5F0, 0xE5F0,
    0xDDF0, 0xC570, 0xA3A9, 0x9B47, 0x9B48, 0x9B47, 0x9B47, 0x9B48, 0x9B47, 0x9306, 0xA3A9, 0xFFFC, 0xFFFC, 0xFFFC, 0xFFFC, 0xFFFC,
    0xFFDA, 0xFFDA, 0xFFDA, 0xFFDA, 0xFFDA, 0xFFDA, 0xFFDA, 0xFFDA, 0xFFDA, 0xFFDA, 0xFFD9, 0xFFDA, 0xFF56, 0xFEF4, 0xFED4, 0xFF55,
    0xAC8D, 0x1860, 0x3164, 0x2923, 0x1080, 0x1080, 0x0860, 0x0840, 0x0860, 0x0861, 0x0881, 0x1081, 0x10A1, 0x10A1, 0x0860, 0x0860,
    0x0840, 0x0840, 0x0860, 0x0860, 0x0860, 0x0860, 0x0860, 0x0860, 0x0840, 0x0040, 0x0861, 0x1081, 0x1081, 0x10A1, 0x10C2, 0x18C2,
    0x18C2, 0x18C2, 0x18C2, 0x10C2, 0x1081, 0x0861, 0x1081, 0x1081, 0x1081, 0x0881, 0x10A1, 0x20E2, 0x20E3, 0x18A2, 0x18A1, 0x0000,
    0xB4CD, 0xFFB5, 0xF6D3, 0xFED3, 0xFEF3, 0xFF15, 0xFF16, 0xFF16, 0xFF16, 0xFF16, 0xFF57, 0xFFBA, 0xFFBA, 0xFFB9, 0xFF99, 0xFFB9,
    0xFFBA, 0xFFBA, 0xFFBA, 0xFFBA, 0xFFBA, 0xFFBA, 0xFFBA, 0xFF99, 0xF6F5, 0xF693, 0xF673, 0xF693, 0xF673, 0xF673, 0xF673, 0xFE73,
    0xFE93, 0xFE73, 0xFE73, 0xF673, 0xF673, 0xFE73, 0xFE73, 0xF673, 0xF673, 0xF673, 0xF673, 0xF673, 0xF673, 0xF673, 0xF653, 0xF6D5,
    0xFF37, 0xFFBA, 0xFFB9, 0xFFB9, 0xFFB9, 0xFFBA, 0xFFBA, 0xFFBA, 0xFFB9, 0xFFB9, 0xFFB9, 0xFFB9, 0xFFBA, 0xFFBA, 0xFFBA, 0xFFBA,
    0xD4EC, 0xD4EC, 0xD4CC, 0xDD0C, 0xE58E, 0xE58E, 0xF610, 0xFE51, 0xF630, 0xF630, 0xF630, 0xF630, 0xFE30, 0xF630, 0xF630, 0xFE51,
    0xFE50, 0xF630, 0xF693, 0xFF37, 0xFF37, 0xFF57, 0xFF57, 0xFF57, 0xFF98, 0xFFFA, 0xFFFA, 0xFFFA, 0xFFF9, 0xFFF9, 0xFFFA, 0xFFFA,
    0xFFFA, 0xFFFA, 0xFFFA, 0xFFFA, 0xFFFA, 0xFFFA, 0xFFFA, 0xFFFA, 0xFFFA, 0xFFFA, 0xFFFA, 0xFFFA, 0xFFFA, 0xFF56, 0xFF15, 0xFF34,
    0xFF14, 0xFF15, 0xFF14, 0xFF15, 0xFF35, 0xFF35, 0xFF35, 0xFF15, 0xFF15, 0xFF56, 0xFF77, 0xFF77, 0xFF77, 0xFF77, 0xFF77, 0xFFDA,
    0xFFDA, 0xFFDA, 0xFFDA, 0xFFDA, 0xFFFA, 0xFFDA, 0xFFDA, 0xFF56, 0xFF14, 0xFEF3, 0xFEF3, 0xFEF3, 0xFEF3, 0xFEF4, 0xFF14, 0xFF14,
    0xFF14, 0xFF15, 0xFF15, 0xFF15, 0xFF15, 0xFF15, 0xFF15, 0xFF15, 0xFF55, 0xEE72, 0xDDF0, 0xE5F1, 0xE611, 0xD5AF, 0xB44C, 0xAC2B,
    0xBCEF, 0xFFFF, 0xF79C, 0xF77B, 0xF77B, 0xF77B, 0xF75B, 0xEF5B, 0xEF5B, 0xEF3B, 0xDE97, 0xC50F, 0xCD2F, 0xC550, 0xC52F, 0xD5B1,
    0xFFDA, 0xFFDA, 0xFFDA, 0xFFFA, 0xFFDA, 0xFFDA, 0xFFDA, 0xFFDA, 0xFFDA, 0xFFDA, 0xFFD9, 0xFFDA, 0xFFD9, 0xFF97, 0xFEB3, 0xFF55,
    0xACAD, 0x0820, 0x20E2, 0x2943, 0x3143, 0x2103, 0x1081, 0x0860, 0x0860, 0x0860, 0x0840, 0x0840, 0x0860, 0x0861, 0x0861, 0x0881,
    0x0860, 0x0860, 0x0840, 0x0860, 0x0881, 0x0881, 0x0860, 0x0860, 0x0860, 0x0840, 0x0860, 0x0860, 0x10A1, 0x10A2, 0x10C2, 0x18C2,
    0x18A2, 0x18C2, 0x18C2, 0x0881, 0x0840, 0x0840, 0x0840, 0x0860, 0x0881, 0x0881, 0x0881, 0x18A2, 0x20E3, 0x18C2, 0x10A1, 0x0820,
    0x5246, 0x7B8A, 0xF757, 0xFFB9, 0xFF57, 0xFFB9, 0xFFB9, 0xFFB9, 0xFFB9, 0xFFB9, 0xFFBA, 0xFFBA, 0xFFDA, 0xFFBA, 0xFFBA, 0xFFBA,
    0xFFBA, 0xFFBA, 0xFFBA, 0xFFBA, 0xFFBA, 0xFFBA, 0xFFBA, 0xFFBA, 0xFFBA, 0xF6F5, 0xF6B4, 0xF693, 0xF673, 0xF673, 0xF673, 0xF673,
    0xFE93, 0xFE93, 0xFE93, 0xF673, 0xF693, 0xFE73, 0xFE93, 0xFE73, 0xF673, 0xF673, 0xF673, 0xF673, 0xF673, 0xF673, 0xF673, 0xF673,
    0xF694, 0xFF37, 0xFF78, 0xFFB9, 0xFFB9, 0xFFB9, 0xFFB9, 0xFFBA, 0xFFBA, 0xFFB9, 0xFFB9, 0xFFB9, 0xFFBA, 0xFFBA, 0xFFBA, 0xFFBA,
    0xD50C, 0xDD2C, 0xDD2C, 0xE56D, 0xFE51, 0xFE31, 0xF630, 0xF630, 0xF630, 0xF630, 0xF630, 0xF630, 0xF630, 0xFE50, 0xFE51, 0xF651,
    0xF630, 0xF650, 0xF6D4, 0xFF37, 0xFF57, 0xFF57, 0xFFB9, 0xFFDA, 0xFFFA, 0xFFFA, 0xFFFA, 0xFFFA, 0xFFFA, 0xFFFA, 0xFFFA, 0xFFFA,
    0xFFFA, 0xFFFA, 0xFFFA, 0xFFFA, 0xFFFA, 0xFFFA, 0xFFFA, 0xFFFA, 0xFFFA, 0xFFFA, 0xFFFA, 0xFFFA, 0xFFDA, 0xFF77, 0xFF15, 0xFF15,
    0xFF35, 0xFFB8, 0xFFB9, 0xFFB9, 0xFFB9, 0xFFB9, 0xFFB9, 0xFFB9, 0xFFB9, 0xFFDA, 0xFFFA, 0xFFFB, 0xFFFB, 0xFFFB, 0xFFDA, 0xFFD9,
    0xFFD9, 0xFFDA, 0xFFDA, 0xFFDA, 0xFFDA, 0xFFDA, 0xFFDA, 0xFFDA, 0xFF56, 0xFEF3, 0xFF14, 0xFEF3, 0xFEF3, 0xFF14, 0xFF14, 0xFF14,
    0xFF15, 0xFF35, 0xFF35, 0xFF35, 0xFF55, 0xFF35, 0xFF14, 0xFF35, 0xFF36, 0xABE9, 0xA368, 0xABA9, 0xA368, 0xA368, 0xEF5A, 0xFFFF,
    0xFFFE, 0xFFFE, 0xFFFE, 0xFFFE, 0xFFFE, 0xFFFE, 0xFFFE, 0xFFFE, 0xFFFE, 0xFFFF, 0xF77C, 0xAC4C, 0xB44D, 0xB46D, 0xAC2C, 0xB4CE,
    0xFFBA, 0xFFDA, 0xFFDA, 0xFFD9, 0xFFDA, 0xFFD9, 0xFFDA, 0xFFDA, 0xFFDA, 0xFFDA, 0xFFDA, 0xFFD9, 0xFFDA, 0xFFB9, 0xFF36, 0xFF55,
    0xACAD, 0x0820, 0x2923, 0x3144, 0x3164, 0x2123, 0x1081, 0x10A1, 0x10A1, 0x1081, 0x0860, 0x0840, 0x0840, 0x0840, 0x0860, 0x0860,
    0x0860, 0x0840, 0x0040, 0x0040, 0x0860, 0x0860, 0x0860, 0x0860, 0x0860, 0x0840, 0x0840, 0x0840, 0x0860, 0x0861, 0x0861, 0x0861,
    0x1081, 0x18C2, 0x18C2, 0x0860, 0x0840, 0x0840, 0x0040, 0x0860, 0x0881, 0x0881, 0x0881, 0x18C2, 0x20E3, 0x20E3, 0x20C2, 0x18A2,
    0x0000, 0x1040, 0xBD92, 0xEEF6, 0xFFB9, 0xFF99, 0xFFB9, 0xFFB9, 0xFFB9, 0xFFB9, 0xFFB9, 0xFFBA, 0xFFBA, 0xFFBA, 0xFFBA, 0xFFBA,
    0xFFBA, 0xFFBA, 0xFFBA, 0xFFBA, 0xFFBA, 0xFFBA, 0xFFBA, 0xFFBA, 0xFF9A, 0xFFBA, 0xFF78, 0xF693, 0xFE73, 0xF693, 0xF673, 0xF673,
    0xFE93, 0xFE93, 0xFE93, 0xFE93, 0xFE93, 0xFE93, 0xFE93, 0xFE93, 0xFE93, 0xF673, 0xF673, 0xF673, 0xF673, 0xF672, 0xF672, 0xF673,
    0xF673, 0xF673, 0xFED5, 0xFF98, 0xFF99, 0xFFBA, 0xFFB9, 0xFFBA, 0xFFB9, 0xFFB9, 0xFFB9, 0xFFB9, 0xFFBA, 0xFFBA, 0xFFBA, 0xFFBA,
    0xDD2C, 0xEDCE, 0xFE50, 0xF630, 0xF630, 0xF630, 0xF630, 0xF630, 0xF630, 0xF650, 0xF630, 0xF630, 0xFE50, 0xFE50, 0xFE30, 0xF631,
    0xFE30, 0xFE51, 0xFED5, 0xFF37, 0xFF98, 0xFFB9, 0xFFDA, 0xFFFA, 0xFFFA, 0xFFFA, 0xFFFA, 0xFFFA, 0xFFFA, 0xFFFA, 0xFFFA, 0xFFFA,
    0xFFFA, 0xFFFA, 0xFFD8, 0xFFD8, 0xFFD8, 0xFFD9, 0xFFD9, 0xFFD9, 0xFFD9, 0xFFD9, 0xFFD9, 0xFF76, 0xFF36, 0xFF35, 0xFF56, 0xFFB8,
    0xFFB9, 0xFFDA, 0xFFFA, 0xFFFB, 0xFFFB, 0xFFFB, 0xFFFB, 0xFFFB, 0xFFFA, 0xFFFA, 0xFFDA, 0xFFDA, 0xFFDA, 0xFFDA, 0xFFDA, 0xFFDA,
    0xFFDA, 0xFFDA, 0xFFDA, 0xFFDA, 0xFFDA, 0xFFDA, 0xFFDA, 0xFFDA, 0xFFB9, 0xFF55, 0xFF14, 0xFF14, 0xFF14, 0xFF14, 0xFEF4, 0xFF75,
    0xC4EC, 0xAB88, 0xB3E9, 0xB3E9, 0xB409, 0xB3E9, 0xEE92, 0xFFB7, 0xF735, 0xB48D, 0xFFFE, 0xFFFE, 0xFFFD, 0xFFDD, 0xFFFE, 0xFFFE,
    0xFFFE, 0xFFFE, 0xFFFE, 0xFFFE, 0xFFFD, 0xFFFE, 0xFFFE, 0xFFFE, 0xFFFE, 0xFFFE, 0xFFFE, 0xFFFF, 0xFFFF, 0xFFFF, 0xFFFE, 0xF77A,
    0xA3EB, 0xABAA, 0xA389, 0xBCCE, 0xFFFC, 0xFFFB, 0xFFFA, 0xFFDA, 0xFFD9, 0xFFD9, 0xFFD9, 0xFFD9, 0xFFD9, 0xFFD9, 0xFFB9, 0xFFB7,
    0xB4EE, 0x0820, 0x3164, 0x3144, 0x3164, 0x2923, 0x10A1, 0x10A2, 0x10A2, 0x10A2, 0x1081, 0x0860, 0x0840, 0x0860, 0x0840, 0x0840,
    0x0040, 0x0860, 0x0860, 0x0860, 0x0860, 0x0860, 0x0860, 0x0860, 0x0860, 0x0860, 0x0840, 0x0040, 0x0040, 0x0040, 0x0840, 0x0840,
    0x0860, 0x10A1, 0x18C2, 0x0861, 0x0840, 0x0040, 0x0040, 0x0840, 0x0881, 0x0881, 0x0881, 0x18C2, 0x20E3, 0x20E2, 0x20E3, 0x20E3,
    0x1061, 0x20C2, 0x1860, 0x7B8B, 0xFFBA, 0xFFBA, 0xFFBA, 0xFFB9, 0xFFB9, 0xFFB9, 0xFFB9, 0xFFB9, 0xFFB9, 0xFFB9, 0xFFB9, 0xFFBA,
    0xFFDA, 0xFFBA, 0xFFBA, 0xFFBA, 0xFFBA, 0xFFBA, 0xFFBA, 0xFFBA, 0xFFBA, 0xFFBA, 0xFFBA, 0xFF78, 0xF6B4, 0xFE73, 0xF693, 0xFE93,
    0xFE93, 0xFE93, 0xFE93, 0xFE93, 0xFE93, 0xFE93, 0xFE93, 0xFE93, 0xFE93, 0xFE73, 0xF673, 0xF673, 0xF673, 0xF672, 0xF672, 0xF672,
    0xF673, 0xFE93, 0xFE93, 0xFE93, 0xFF16, 0xFFDA, 0xFFB9, 0xFFBA, 0xFFB9, 0xFFBA, 0xFFB9, 0xFFB9, 0xFFB9, 0xFFBA, 0xFFBA, 0xFFDA,
    0xF610, 0xF610, 0xFE30, 0xF630, 0xF630, 0xF630, 0xF630, 0xF630, 0xF630, 0xF630, 0xFE51, 0xFE50, 0xFE51, 0xFE51, 0xF651, 0xF671,
    0xFE71, 0xFE71, 0xFE92, 0xF6F4, 0xFFD9, 0xFFFA, 0xFFFA, 0xFFFA, 0xFFFA, 0xFFD9, 0xFFB8, 0xFFB8, 0xFFB8, 0xFFB8, 0xFFB8, 0xFFB8,
    0xFFB7, 0xFF96, 0xFF34, 0xFF14, 0xFF14, 0xFF34, 0xFF34, 0xFF34, 0xFF14, 0xFF14, 0xFF35, 0xFF14, 0xFF14, 0xFF14, 0xFF77, 0xFFFB,
    0xFFDA, 0xFFDA, 0xFFDA, 0xFFFA, 0xFFFA, 0xFFFA, 0xFFDB, 0xFFFB, 0xFFFA, 0xFFDA, 0xFFDA, 0xFFDA, 0xFFDA, 0xFFDA, 0xFFDA, 0xFFDA,
    0xFFDA, 0xFFDA, 0xFFDA, 0xFFDA, 0xFFDA, 0xFFDA, 0xFFDA, 0xFFDA, 0xFFDA, 0xFF97, 0xFF35, 0xFF55, 0xFF55, 0xFF34, 0xFF75, 0xE610,
    0xBCCE, 0xDE57, 0xDE77, 0xE698, 0xE6B8, 0xE6B8, 0xC50F, 0xAC0A, 0xB46C, 0xDE77, 0xFFFF, 0xFFFF, 0xFFFE, 0xFFFE, 0xFFFE, 0xFFFE,
    0xFFFE, 0xFFFF, 0xFFFE, 0xFFFD, 0xFFFD, 0xFFFD, 0xFFFE, 0xFFFE, 0xFFFE, 0xFFFE, 0xFFFE, 0xFFFE, 0xFFFE, 0xFFFD, 0xFFDC, 0xF79B,
    0xE6B8, 0xE6B8, 0xE6B9, 0xCD92, 0xDE54, 0xDE74, 0xE6D5, 0xFFF9, 0xFFD9, 0xFFD9, 0xFFD9, 0xFFD9, 0xFFD9, 0xFFD9, 0xFFD9, 0xDE73,
    0x8BAA, 0x1061, 0x3164, 0x3144, 0x2944, 0x2923, 0x18E2, 0x10A1, 0x10A1, 0x10A2, 0x10A2, 0x1081, 0x0840, 0x0860, 0x0840, 0x0840,
    0x0840, 0x0860, 0x0881, 0x0881, 0x0881, 0x0860, 0x0860, 0x0860, 0x0860, 0x0860, 0x0840, 0x0040, 0x0040, 0x0040, 0x0861, 0x1081,
    0x1081, 0x10A1, 0x18C2, 0x0860, 0x0040, 0x0840, 0x0840, 0x0860, 0x0881, 0x0881, 0x0881, 0x18C1, 0x20E2, 0x20E2, 0x20E2, 0x20E2,
    0x0840, 0x18A1, 0x20A1, 0x1881, 0x6B09, 0xEF58, 0xFFB9, 0xFFB9, 0xFFB9, 0xFFB9, 0xFFB9, 0xFFB9, 0xFFB9, 0xFFB9, 0xFFBA, 0xFFBA,
    0xFFDA, 0xFFDA, 0xFFBA, 0xFFBA, 0xFFBA, 0xFFBA, 0xFFBA, 0xFFBA, 0xFFBA, 0xFFBA, 0xFFBA, 0xFFBA, 0xFF78, 0xFEF6, 0xF673, 0xFE93,
    0xFE93, 0xFE93, 0xFE93, 0xFE93, 0xFE93, 0xFE93, 0xFE93, 0xFE93, 0xFE93, 0xFE93, 0xF673, 0xF673, 0xF673, 0xF673, 0xF673, 0xF673,
    0xF673, 0xF693, 0xF693, 0xFE73, 0xFEB4, 0xFF16, 0xFF99, 0xFFB9, 0xFFBA, 0xFFBA, 0xFFBA, 0xFFDA, 0xFFDA, 0xFFDA, 0xFF57, 0xFF16,
    0xFE51, 0xFE31, 0xF630, 0xF630, 0xF630, 0xF630, 0xF610, 0xF630, 0xF630, 0xF630, 0xF630, 0xF631, 0xF631, 0xFE30, 0xF651, 0xFEB2,
    0xFED3, 0xFEB3, 0xFE72, 0xF6D3, 0xFF77, 0xFF98, 0xFF98, 0xFF98, 0xFFB8, 0xFF55, 0xFF13, 0xFF13, 0xFF13, 0xFF13, 0xFF13, 0xFF13,
    0xFF13, 0xFF14, 0xFF14, 0xFF34, 0xFF34, 0xFF34, 0xFF34, 0xFF34, 0xFF34, 0xFF14, 0xFF14, 0xFF15, 0xFF15, 0xFF14, 0xFF77, 0xFFDA,
    0xFFDA, 0xFFFA, 0xFFFA, 0xFFFA, 0xFFFA, 0xFFFA, 0xFFFB, 0xFFFB, 0xFFFA, 0xFFFA, 0xFFDA, 0xFFDA, 0xFFDA, 0xFFDA, 0xFFDA, 0xFFDA,
    0xFFDA, 0xFFDA, 0xFFDA, 0xFFDA, 0xFFDA, 0xFFDA, 0xFFDA, 0xFFDA, 0xFFDA, 0xFFDA, 0xFF97, 0xF692, 0xF692, 0xF692, 0xF6F4, 0xCD2F,
    0xCD93, 0xFFFF, 0xFFFF, 0xFFFF, 0xFFFF, 0xFFFF, 0xE6D9, 0xDE15, 0xDE77, 0xFFFE, 0xFFFF, 0xFFFE, 0xFFFE, 0xFFFE, 0xFFFE, 0xFFFE,
    0xFFFE, 0xFFFE, 0xFFFE, 0xFFFD, 0xFFFD, 0xFFFD, 0xFFFE, 0xFFFE, 0xFFFE, 0xFFFE, 0xFFFE, 0xFFFE, 0xFFFF, 0xFFFE, 0xFFFE, 0xFFFE,
    0xFFFE, 0xFFFE, 0xFFFF, 0xCDB3, 0x9B69, 0xA389, 0xBCCD, 0xFF77, 0xF757, 0xF757, 0xF757, 0xF757, 0xFF57, 0xF737, 0xFFB8, 0x7B49,
    0x1020, 0x3164, 0x3164, 0x3164, 0x2923, 0x20E2, 0x18C2, 0x1081, 0x1081, 0x1081, 0x1081, 0x0881, 0x10A1, 0x0881, 0x0860, 0x0040,
    0x0040, 0x0860, 0x0860, 0x0860, 0x0860, 0x0860, 0x0840, 0x0840, 0x0860, 0x0840, 0x0840, 0x0840, 0x0860, 0x0861, 0x1081, 0x10A1,
    0x0861, 0x0861, 0x10A1, 0x1081, 0x0860, 0x0840, 0x0860, 0x0860, 0x0860, 0x0881, 0x1081, 0x10A1, 0x10A1, 0x10A1, 0x20E2, 0x20C2,
    0x0840, 0x1040, 0x5A46, 0x5A46, 0x1000, 0x8BAB, 0xFFD9, 0xFFB9, 0xFFB9, 0xFFB9, 0xFFB9, 0xFFB9, 0xFFB9, 0xFFB9, 0xFFB9, 0xFFBA,
    0xFFDA, 0xFFBA, 0xFFBA, 0xFFBA, 0xFFBA, 0xFFBA, 0xFFBA, 0xFFBA, 0xFFBA, 0xFFBA, 0xFFBA, 0xFFBA, 0xFFBA, 0xFF98, 0xF716, 0xFEB4,
    0xFE73, 0xFE93, 0xFE94, 0xFE94, 0xFE93, 0xFE93, 0xFE94, 0xFE94, 0xFE94, 0xF694, 0xF693, 0xF673, 0xF673, 0xF672, 0xF672, 0xF672,
    0xF672, 0xF672, 0xF673, 0xFEB4, 0xFEB4, 0xF6D4, 0xFF78, 0xFFB9, 0xFF78, 0xFF78, 0xFF57, 0xFF37, 0xFF37, 0xFF37, 0xF6B4, 0xFE73,
    0xF630, 0xF630, 0xFE30, 0xF630, 0xF631, 0xFE51, 0xF651, 0xF631, 0xF631, 0xF631, 0xF631, 0xF651, 0xFEF5, 0xFF15, 0xFF15, 0xFF36,
    0xFF37, 0xFF37, 0xFF37, 0xFF36, 0xFEF3, 0xFEF2, 0xFEF3, 0xFEF3, 0xFEF3, 0xFEF3, 0xFEF2, 0xFF13, 0xFF13, 0xFF13, 0xFF13, 0xFF13,
    0xFF14, 0xFF34, 0xFF34, 0xFF34, 0xFF34, 0xFF34, 0xFF34, 0xFF34, 0xFF14, 0xFF14, 0xFF14, 0xFF14, 0xFF14, 0xFEF4, 0xFF77, 0xFFFA,
    0xFFDA, 0xFFFA, 0xFFFA, 0xFFDA, 0xFFFA, 0xFFFA, 0xFFDA, 0xFFDB, 0xFFDA, 0xFFDA, 0xFFDA, 0xFFDA, 0xFFDA, 0xFFDA, 0xFFD9, 0xFFDA,
    0xFFDA, 0xFFDA, 0xFFDA, 0xFFDA, 0xFFDA, 0xFFDA, 0xFFDA, 0xFFDA, 0xFFDA, 0xFFFB, 0xFFB9, 0xB3C9, 0xAB88, 0xABA8, 0xA388, 0xEF1A,
    0xFFFF, 0xFFDE, 0xFFFE, 0xFFFE, 0xFFFE, 0xFFFE, 0xFFFF, 0xFFFF, 0xFFFF, 0xFFFE, 0xFFFF, 0xFFFE, 0xFFFE, 0xFFFE, 0xFFFE, 0xFFFE,
    0xFFFE, 0xFFFE, 0xFFFE, 0xFFFD, 0xFFFD, 0xFFFE, 0xFFFE, 0xFFFF, 0xFFFF, 0xFFFF, 0xFFFE, 0xFFFE, 0xFFFE, 0xFFFE, 0xFFFE, 0xFFFE,
    0xFFBC, 0xFF9B, 0xFFBB, 0xFF9B, 0xF79B, 0xFFDD, 0xE697, 0x92E7, 0x92E7, 0x8AE7, 0x8AC6, 0x8AC6, 0x82A6, 0x8286, 0x82A6, 0x51A4,
    0x1880, 0x3164, 0x3164, 0x3164, 0x2923, 0x2103, 0x18E2, 0x1081, 0x10A1, 0x0860, 0x0840, 0x0860, 0x10A2, 0x10A2, 0x1081, 0x0860,
    0x0860, 0x0860, 0x0860, 0x0840, 0x0840, 0x0840, 0x0840, 0x0860, 0x0860, 0x0840, 0x0840, 0x0040, 0x0861, 0x1081, 0x1081, 0x0861,
    0x0860, 0x0840, 0x10A1, 0x10C2, 0x10A2, 0x0860, 0x0840, 0x0860, 0x0860, 0x1081, 0x1081, 0x1081, 0x1081, 0x1081, 0x20E2, 0x20E2,
    0x1060, 0x1040, 0xC570, 0xEED5, 0xB50F, 0xDE31, 0xFF35, 0xFF15, 0xFFB9, 0xFFBA, 0xFFB9, 0xFFBA, 0xFFB9, 0xFFB9, 0xFFB9, 0xFFB9,
    0xFFBA, 0xFFBA, 0xFFBA, 0xFFBA, 0xFFBA, 0xFFBA, 0xFFBA, 0xFFBA, 0xFFBA, 0xFFBA, 0xFFBA, 0xFFBA, 0xFF99, 0xFFBA, 0xFFBA, 0xFF16,
    0xFEB4, 0xFE94, 0xFE94, 0xFE94, 0xFE94, 0xFE94, 0xFE93, 0xFE73, 0xFE73, 0xF673, 0xF673, 0xFE73, 0xFE94, 0xFEB4, 0xFEB4, 0xFEB4,
    0xFEB4, 0xF6D5, 0xFF78, 0xFF99, 0xFF99, 0xFF99, 0xFFB9, 0xFFBA, 0xFF37, 0xFED5, 0xFE93, 0xF673, 0xF673, 0xF673, 0xFE73, 0xF673,
    0xF60F, 0xF610, 0xF630, 0xF671, 0xFE92, 0xFEB3, 0xFED4, 0xFF15, 0xFEF5, 0xFEF5, 0xFEF5, 0xF6F5, 0xFF58, 0xFF78, 0xFF78, 0xFF57,
    0xFF78, 0xFF78, 0xFF78, 0xFF77, 0xFEF3, 0xFEF3, 0xFEF3, 0xFEF2, 0xFED2, 0xFEF2, 0xFEF2, 0xFF13, 0xFF34, 0xFF34, 0xFF34, 0xFF14,
    0xFF13, 0xFF34, 0xFF35, 0xFF34, 0xFF34, 0xFF34, 0xFF34, 0xFF34, 0xFF14, 0xFF14, 0xFF34, 0xFF14, 0xFF14, 0xFEF4, 0xFF14, 0xFF56,
    0xFFFA, 0xFFFA, 0xFFFA, 0xFFDA, 0xFFDA, 0xFFFA, 0xFFFA, 0xFFDA, 0xFFFA, 0xFFFA, 0xFFDA, 0xFFDA, 0xFFDA, 0xFFDA, 0xFFDA, 0xFFDA,
    0xFFDA, 0xFFDA, 0xFFDA, 0xFFDA, 0xFFDA, 0xFFDA, 0xFFDA, 0xFFDA, 0xFFFB, 0xDE32, 0xCD2D, 0xE6D8, 0xF77C, 0xEF5C, 0xEF5C, 0xFFDE,
    0xFFFF, 0xFFFE, 0xFFFE, 0xFFFE, 0xFFFD, 0xFFFD, 0xFFFD, 0xFFFE, 0xFFFE, 0xFFFE, 0xFFFF, 0xFFFE, 0xFFFE, 0xFFFE, 0xFFFE, 0xFFFE,
    0xFFFF, 0xFFFE, 0xFFFE, 0xFFFE, 0xFFFE, 0xFFFF, 0xFFFE, 0xFFFE, 0xFFFE, 0xFFFE, 0xFFFE, 0xFFDC, 0xFFDC, 0xFFDC, 0xFFDC, 0xFFDC,
    0xFFBB, 0xFF9B, 0xFF9B, 0xFFBB, 0xFFBB, 0xFFDC, 0xF79B, 0xE6F9, 0xE6F9, 0xE6F9, 0xE6F9, 0xE6F9, 0xE6D9, 0xDED8, 0xE6FA, 0x7B6C,
    0x1040, 0x3184, 0x3184, 0x3164, 0x2923, 0x18C2, 0x18C2, 0x10A1, 0x10A1, 0x0860, 0x0840, 0x0840, 0x0861, 0x10A1, 0x0881, 0x0860,
    0x0861, 0x0881, 0x0860, 0x0840, 0x0840, 0x0840, 0x0840, 0x0860, 0x0860, 0x0860, 0x0840, 0x0040, 0x0860, 0x0881, 0x0881, 0x0861,
    0x0860, 0x0840, 0x1081, 0x10A2, 0x10A2, 0x0861, 0x0840, 0x0860, 0x0861, 0x1081, 0x1081, 0x1081, 0x1081, 0x1081, 0x20C2, 0x20E2,
    0x0860, 0x18A1, 0x28E2, 0x6246, 0xFF55, 0xFF14, 0xFED3, 0xFED3, 0xFF15, 0xFFB9, 0xFFBA, 0xFFB9, 0xFFDA, 0xFFB9, 0xFFB9, 0xFFDA,
    0xFFDA, 0xFFB9, 0xFFBA, 0xFFBA, 0xFFBA, 0xFFBA, 0xFFBA, 0xFFBA, 0xFFBA, 0xFFBA, 0xFFBA, 0xFFBA, 0xFFBA, 0xFFBA, 0xFFBA, 0xFFBA,
    0xFF78, 0xFEB4, 0xFE93, 0xFE93, 0xFE93, 0xFE93, 0xFE93, 0xFEF5, 0xFF17, 0xFF16, 0xFF16, 0xFF16, 0xFF58, 0xFF78, 0xFF78, 0xFF78,
    0xFF58, 0xFF78, 0xFFBA, 0xFFBA, 0xFFBA, 0xFFBA, 0xFFBA, 0xFFDA, 0xFF99, 0xFF78, 0xF6D5, 0xF693, 0xFE93, 0xFE93, 0xFE93, 0xFE93,
    0xF6D4, 0xF6D3, 0xF6D4, 0xFF36, 0xFF36, 0xFF37, 0xFF57, 0xFF58, 0xFF58, 0xFF58, 0xFF58, 0xFF78, 0xFF57, 0xFF57, 0xFF57, 0xFF58,
    0xFF78, 0xFF57, 0xFF99, 0xFF97, 0xFEF3, 0xFEF3, 0xFEF2, 0xFEF2, 0xFEF2, 0xFEF2, 0xFEF2, 0xFF13, 0xFF54, 0xFF55, 0xFF54, 0xFF34,
    0xFF34, 0xFF34, 0xFF35, 0xFF34, 0xFF34, 0xFF34, 0xFF34, 0xFF14, 0xFF14, 0xFF14, 0xFF14, 0xFF13, 0xFEF3, 0xFEF4, 0xFED3, 0xFF15,
    0xFFFA, 0xFFFA, 0xFFFA, 0xFFDA, 0xFFDA, 0xFFDA, 0xFFDA, 0xFFDA, 0xFFDA, 0xFFDA, 0xFFDA, 0xFFDA, 0xFFDA, 0xFFDA, 0xFFDA, 0xFFDA,
    0xFFD9, 0xFFDA, 0xFFDA, 0xFFD9, 0xFFDA, 0xFFB9, 0xFFB9, 0xF758, 0xF778, 0xC52E, 0xB3C9, 0xF75B, 0xFFFF, 0xFFFF, 0xFFFF, 0xFFFF,
    0xFFFF, 0xFFFE, 0xFFFE, 0xFFFD, 0xFFFC, 0xFFFD, 0xFFFD, 0xFFFE, 0xFFFE, 0xFFFF, 0xFFFE, 0xFFFE, 0xFFFE, 0xFFFE, 0xFFFD, 0xFFFE,
    0xFFFE, 0xFFFE, 0xFFFE, 0xFFFE, 0xFFFE, 0xFFFE, 0xFFFD, 0xFFDC, 0xFFDC, 0xFFDC, 0xFFBC, 0xFFBB, 0xFFBB, 0xFFDC, 0xFFDC, 0xFFDD,
    0xFFDC, 0xFFBC, 0xFF9B, 0xFFBC, 0xFFDD, 0xFFBC, 0xFFBC, 0xFFFD, 0xFFFE, 0xFFFE, 0xFFFE, 0xFFFE, 0xFFFE, 0xFFFD, 0xFFFF, 0x7BAC,
    0x0000, 0x20E2, 0x2943, 0x3184, 0x2103, 0x1081, 0x1081, 0x10A1, 0x10A1, 0x0861, 0x0840, 0x0840, 0x0840, 0x1081, 0x1081, 0x0881,
    0x0881, 0x0881, 0x0861, 0x0840, 0x0840, 0x0840, 0x0860, 0x0860, 0x0860, 0x0860, 0x0840, 0x0840, 0x0040, 0x0860, 0x0860, 0x0860,
    0x0861, 0x1081, 0x1081, 0x10A2, 0x10A2, 0x0881, 0x0860, 0x0860, 0x0861, 0x1081, 0x1081, 0x1081, 0x1081, 0x1081, 0x20C2, 0x20E3,
    0x0860, 0x20C1, 0x1881, 0x4983, 0xFED3, 0xFED3, 0xFED3, 0xFED3, 0xFEB3, 0xFF15, 0xFFB9, 0xFFDA, 0xFFBA, 0xFFDA, 0xFFBA, 0xFFDA,
    0xFFDA, 0xFFDA, 0xFFDA, 0xFFDA, 0xFFBA, 0xFFBA, 0xFFBA, 0xFFBA, 0xFFBA, 0xFFBA, 0xFFBA, 0xFFB9, 0xFF99, 0xFF98, 0xFF78, 0xFF78,
    0xFF78, 0xFEF5, 0xFED4, 0xFF36, 0xFF37, 0xFF37, 0xFF57, 0xFFB9, 0xFFDA, 0xFFDA, 0xFFDA, 0xFFDA, 0xFFDA, 0xFFDA, 0xFFDA, 0xFFDA,
    0xFFDA, 0xFFDA, 0xFFBA, 0xFFBA, 0xFFBA, 0xFFBA, 0xFFBA, 0xFFBA, 0xFFBA, 0xFFDA, 0xFFBA, 0xFF16, 0xF6B3, 0xFEB4, 0xFE93, 0xFE93,
    0xFF57, 0xFF57, 0xFF57, 0xFF37, 0xFF37, 0xFF37, 0xFF37, 0xFF37, 0xFF37, 0xFF57, 0xFF57, 0xFF57, 0xFF58, 0xFF57, 0xFF57, 0xFF58,
    0xFF78, 0xFF99, 0xFFB9, 0xFFB8, 0xFF14, 0xFEF2, 0xFEF2, 0xFEF2, 0xFEF2, 0xFF12, 0xFEF2, 0xFF13, 0xFF34, 0xFF55, 0xFF54, 0xFF54,
    0xFF55, 0xFF55, 0xFF35, 0xFF35, 0xFF34, 0xFEF3, 0xFEF3, 0xFEF3, 0xFEF3, 0xFED3, 0xFEF3, 0xFEF3, 0xFEF3, 0xFEF3, 0xFEF3, 0xFF35,
    0xFFFB, 0xFFDA, 0xFFDA, 0xFFDA, 0xFFDA, 0xFFDA, 0xFFDA, 0xFFDA, 0xFFDA, 0xFFDA, 0xFFDA, 0xFFDA, 0xFFDA, 0xFFDA, 0xFFD9, 0xFFD9,
    0xFFD9, 0xFFD9, 0xFFDA, 0xFFBA, 0xFFDA, 0xFFFB, 0xFFFC, 0xC4AC, 0xABC8, 0xF7DC, 0xFFFF, 0xFFFE, 0xFFFE, 0xFFFF, 0xFFFF, 0xFFFF,
    0xFFFF, 0xFFFE, 0xFFFE, 0xFFFD, 0xFFFC, 0xFFFE, 0xFFFE, 0xFFFE, 0xFFFE, 0xFFFE, 0xFFFE, 0xFFFF, 0xFFFE, 0xFFFE, 0xFFDC, 0xFFFD,
    0xFFFE, 0xFFFE, 0xFFFE, 0xFFFE, 0xFFDD, 0xFFBC, 0xFFBC, 0xFFDC, 0xFFDC, 0xFFDC, 0xFFDD, 0xFFDC, 0xFFDC, 0xFFFD, 0xFFFE, 0xFFFF,
    0xFFFF, 0xFFFE, 0xFFFE, 0xFFFE, 0xFFFE, 0xFFFD, 0xFFDD, 0xFFDD, 0xFFFE, 0xFFFD, 0xFFDD, 0xFFDC, 0xFFBD, 0xFFDD, 0xFFDD, 0xCE57,
    0xB573, 0xBDB5, 0x4A27, 0x20E2, 0x2103, 0x1081, 0x10A1, 0x0860, 0x0881, 0x1081, 0x1081, 0x0861, 0x0860, 0x0840, 0x0881, 0x0881,
    0x0881, 0x1081, 0x0861, 0x0840, 0x0840, 0x0840, 0x0860, 0x0860, 0x0860, 0x0860, 0x0840, 0x0840, 0x0840, 0x0860, 0x0880, 0x0860,
    0x0881, 0x10A1, 0x10A1, 0x10A2, 0x10A2, 0x10A1, 0x0861, 0x1081, 0x1081, 0x1081, 0x1081, 0x1081, 0x1081, 0x1081, 0x18C2, 0x18C2,
    0x1040, 0x18A2, 0x1860, 0x8BAA, 0xFF14, 0xFED3, 0xFED3, 0xFED3, 0xFEB3, 0xFEB3, 0xFED4, 0xFF57, 0xFFFB, 0xFFDA, 0xFFBA, 0xFFB9,
    0xFFDA, 0xFFDA, 0xFFDA, 0xFFD9, 0xFFD9, 0xFFDA, 0xFFB9, 0xFF99, 0xFF99, 0xFF99, 0xFF99, 0xFF58, 0xF6B4, 0xF6B4, 0xF6B4, 0xF694,
    0xF693, 0xF673, 0xF694, 0xFF16, 0xFFBA, 0xFFDB, 0xFFBA, 0xFFBA, 0xFFBA, 0xFFBA, 0xFFBA, 0xFFBA, 0xFFBA, 0xFFBA, 0xFFBA, 0xFFBA,
    0xFFBA, 0xFFBA, 0xFFBA, 0xFFDA, 0xFFDA, 0xFFBA, 0xFFBA, 0xFFBA, 0xFFBA, 0xFFBA, 0xFFBA, 0xFFBA, 0xFF79, 0xF6B4, 0xF693, 0xFEB3,
    0xFF37, 0xFF37, 0xFF37, 0xFF37, 0xFF37, 0xFF37, 0xFF57, 0xFF37, 0xFF57, 0xFF57, 0xFF57, 0xFF57, 0xFF57, 0xFF57, 0xFF98, 0xFF98,
    0xFFB9, 0xFFFA, 0xFFFA, 0xFFFA, 0xFF76, 0xFEF2, 0xFEF2, 0xFEF2, 0xFEF2, 0xFF12, 0xFF13, 0xFF13, 0xFF35, 0xFF35, 0xFF35, 0xFF35,
    0xFF34, 0xFF14, 0xFEF3, 0xFEF3, 0xFEF3, 0xFEF3, 0xFEF3, 0xFEF4, 0xFEF3, 0xFEF3, 0xFEF3, 0xFEF2, 0xFED3, 0xFED3, 0xFED3, 0xFF14,
    0xFFB8, 0xFFDA, 0xFFFA, 0xFFD9, 0xFFD9, 0xFFD9, 0xFFD9, 0xFFD9, 0xFFDA, 0xFFDA, 0xFFDA, 0xFFD9, 0xFFD9, 0xFFD9, 0xFFD9, 0xFFD9,
    0xFFD9, 0xFFD9, 0xFFDA, 0xFFFA, 0xF799, 0xDDF2, 0xD5B0, 0xC550, 0xE6B8, 0xFFDD, 0xFFFF, 0xFFFE, 0xFFFE, 0xFFFE, 0xFFFE, 0xFFFE,
    0xFFFE, 0xFFFE, 0xFFFE, 0xFFFE, 0xFFFE, 0xFFFE, 0xFFFE, 0xFFFE, 0xFFFF, 0xFFFE, 0xFFFD, 0xFFDD, 0xFFFE, 0xFFFE, 0xFFFD, 0xFFFD,
    0xFFFD, 0xFFFE, 0xFFFE, 0xFFDC, 0xFFDC, 0xFFDC, 0xFFDC, 0xFFDC, 0xFFDD, 0xFFFE, 0xFFFE, 0xFFFE, 0xFFFE, 0xFFFE, 0xFFFE, 0xFFFE,
    0xFFFE, 0xFFFE, 0xFFFE, 0xFFFE, 0xFFFE, 0xFFFE, 0xFFFE, 0xFFFF, 0xFFFE, 0xFFFE, 0xFFFE, 0xFFFD, 0xFFDD, 0xFFDD, 0xFFDD, 0xFFFE,
    0xFFFE, 0xFFFF, 0x62EA, 0x1081, 0x18C2, 0x18A2, 0x10A1, 0x10A1, 0x10A1, 0x10A1, 0x1081, 0x1081, 0x0860, 0x0020, 0x0040, 0x0860,
    0x0881, 0x1081, 0x0881, 0x0840, 0x0840, 0x0840, 0x0840, 0x0860, 0x0860, 0x0840, 0x0840, 0x0840, 0x0840, 0x0860, 0x0881, 0x0860,
    0x0861, 0x1081, 0x1081, 0x1081, 0x10A2, 0x10A1, 0x0881, 0x1081, 0x1081, 0x1081, 0x1081, 0x1081, 0x10A1, 0x10A1, 0x18A1, 0x18A2,
    0x18A1, 0x0820, 0x93EB, 0xF6F4, 0xFEF3, 0xFED3, 0xFED3, 0xFED3, 0xFEB3, 0xFEB3, 0xFE92, 0xFED4, 0xFF57, 0xFFBA, 0xFFDA, 0xFFDA,
    0xFFB9, 0xFFB9, 0xFFB9, 0xFFB9, 0xFFB9, 0xFFB9, 0xFF16, 0xF6B4, 0xF6B4, 0xF6B4, 0xF6B4, 0xFEB4, 0xFE93, 0xF693, 0xF693, 0xFE93,
    0xF693, 0xF693, 0xF673, 0xF693, 0xFF57, 0xFF79, 0xFF9A, 0xFFBA, 0xFFBA, 0xFFBA, 0xFFBA, 0xFFBA, 0xFFBA, 0xFFBA, 0xFFBA, 0xFFBA,
    0xFFBA, 0xFFBA, 0xFFBA, 0xFFBA, 0xFFDA, 0xFFBA, 0xFFBA, 0xFFBA, 0xFFBA, 0xFFBA, 0xFFBA, 0xFFBA, 0xFFBA, 0xFF99, 0xFF57, 0xFEB4,
    0xFF37, 0xFF37, 0xFF37, 0xFF37, 0xFF37, 0xFF37, 0xFF57, 0xFF57, 0xFF58, 0xFF57, 0xFF57, 0xFF57, 0xFF77, 0xFF78, 0xFFD9, 0xFFFA,
    0xFFFA, 0xFFFA, 0xFFFA, 0xFFFA, 0xFFB8, 0xFF34, 0xFEF2, 0xFEF2, 0xFEF3, 0xFF13, 0xFF13, 0xFF13, 0xFF34, 0xFF14, 0xFF14, 0xFF13,
    0xFED2, 0xFED2, 0xFED2, 0xFED2, 0xFED2, 0xFED3, 0xFEF3, 0xFEF4, 0xFEF3, 0xFED3, 0xFED2, 0xFED2, 0xFED3, 0xFED2, 0xFEF2, 0xFED2,
    0xFEF3, 0xFFB9, 0xFFDA, 0xFFDA, 0xFFDA, 0xFFDA, 0xFFDA, 0xFFDA, 0xFFD9, 0xFFD9, 0xFFDA, 0xFFDA, 0xFFD9, 0xFFD9, 0xFFDA, 0xFFDA,
    0xFFD9, 0xFFB8, 0xFFB8, 0xFFDA, 0xE6B5, 0xB3E9, 0xB42B, 0xD5F5, 0xFFFF, 0xFFFE, 0xFFFE, 0xFFFE, 0xFFFE, 0xFFFE, 0xFFFE, 0xFFFE,
    0xFFFE, 0xFFFE, 0xFFFE, 0xFFFE, 0xFFFE, 0xFFFE, 0xFFFE, 0xFFFE, 0xFFFE, 0xFFFE, 0xFFDD, 0xFFDC, 0xFFDD, 0xFFDD, 0xFFFD, 0xFFFD,
    0xFFFE, 0xFFFE, 0xFFFE, 0xFFFE, 0xFFFE, 0xFFFE, 0xFFFE, 0xFFFE, 0xFFFE, 0xFFFE, 0xFFFE, 0xFFFE, 0xFFFE, 0xFFFE, 0xFFFE, 0xFFFE,
    0xFFFE, 0xFFFE, 0xFFFE, 0xFFFE, 0xFFFE, 0xFFFE, 0xFFFE, 0xFFFE, 0xFFFE, 0xFFFE, 0xFFFF, 0xFFFF, 0xFFFE, 0xFFDD, 0xFFDC, 0xFFBC,
    0xFF9C, 0xF79B, 0xEF3A, 0xC5F5, 0x18C1, 0x0820, 0x18C2, 0x1081, 0x0840, 0x1081, 0x1081, 0x1081, 0x0861, 0x0861, 0x0860, 0x0040,
    0x0860, 0x0860, 0x0860, 0x0840, 0x0860, 0x0860, 0x0840, 0x0860, 0x0860, 0x0840, 0x0840, 0x0840, 0x0840, 0x0860, 0x0881, 0x1081,
    0x1081, 0x1081, 0x1081, 0x1081, 0x1081, 0x1081, 0x1081, 0x1081, 0x1081, 0x1081, 0x0861, 0x0861, 0x10A1, 0x1081, 0x10A1, 0x18C2,
    0x18C2, 0x0820, 0xC550, 0xFF34, 0xFEB2, 0xFEB3, 0xFEB3, 0xFEB3, 0xFED3, 0xFED4, 0xFED4, 0xFEB3, 0xF6D4, 0xFF98, 0xFF57, 0xFF57,
    0xFF16, 0xFED5, 0xFED5, 0xFED5, 0xFED5, 0xFEB4, 0xFEB4, 0xFE94, 0xFEB4, 0xFE93, 0xFE93, 0xFE93, 0xF693, 0xF693, 0xFE93, 0xFE93,
    0xF693, 0xFE93, 0xFE93, 0xF693, 0xF693, 0xF6B4, 0xFF78, 0xFFBA, 0xFFBA, 0xFFBA, 0xFFBA, 0xFFBA, 0xFFBA, 0xFFBA, 0xFFBA, 0xFFBA,
    0xFFBA, 0xFFBA, 0xFFBA, 0xFFBA, 0xFFBA, 0xFFBA, 0xFFBA, 0xFFBA, 0xFFBA, 0xFFBA, 0xFFBA, 0xFFBA, 0xFFBA, 0xFFBA, 0xFFB9, 0xFF57,
    0xFF37, 0xFF37, 0xFF37, 0xFF37, 0xFF57, 0xFF57, 0xFF57, 0xFF57, 0xFF57, 0xFF57, 0xFF57, 0xFF77, 0xFFF9, 0xFFFA, 0xFFFA, 0xFFFA,
    0xFFFA, 0xFFFA, 0xFFFA, 0xFFFA, 0xFFFA, 0xFF55, 0xFED2, 0xFEF2, 0xFEF2, 0xFF12, 0xFF13, 0xFF13, 0xFF13, 0xFF13, 0xFF14, 0xFF13,
    0xFEF2, 0xFED2, 0xFED2, 0xFED2, 0xFED2, 0xFED2, 0xFED2, 0xFED2, 0xFED3, 0xFED2, 0xFED2, 0xFED2, 0xFED3, 0xFED2, 0xFEF2, 0xFED2,
    0xFEF3, 0xFFB8, 0xFFDA, 0xFFDA, 0xFFDA, 0xFFDA, 0xFFDA, 0xFFD9, 0xFFDA, 0xFFD9, 0xFFB8, 0xFFB9, 0xFFD9, 0xFFD9, 0xFFD9, 0xFFD9,
    0xFF97, 0xFF97, 0xFFD7, 0xFF55, 0xA367, 0xDE34, 0xFFFF, 0xFFFF, 0xFFFE, 0xFFFE, 0xFFFE, 0xFFFE, 0xFFFE, 0xFFFE, 0xFFFE, 0xFFFE,
    0xFFFE, 0xFFFE, 0xFFFE, 0xFFFE, 0xFFFE, 0xFFFE, 0xFFFE, 0xFFDD, 0xFFBC, 0xFFDC, 0xFFDC, 0xFFDC, 0xFFDC, 0xFFDD, 0xFFFE, 0xFFFE,
    0xFFFE, 0xFFFE, 0xFFFE, 0xFFFE, 0xFFFE, 0xFFFE, 0xFFFE, 0xFFFE, 0xFFFE, 0xFFFE, 0xFFFE, 0xFFFE, 0xFFFE, 0xFFFE, 0xFFFE, 0xFFFE,
    0xFFFE, 0xFFFE, 0xFFFE, 0xFFFE, 0xFFFE, 0xFFFE, 0xFFFE, 0xFFFE, 0xFFFE, 0xFFFE, 0xFFFF, 0xFFFE, 0xFFFE, 0xFFFD, 0xFFDC, 0xFFBB,
    0xFF9B, 0xFF9B, 0xFFBC, 0xF77B, 0xA4D1, 0x62EA, 0x0000, 0x2923, 0x4206, 0x18C2, 0x1081, 0x1081, 0x1081, 0x1081, 0x0881, 0x0840,
    0x0840, 0x0840, 0x0840, 0x0860, 0x0860, 0x0860, 0x0840, 0x0840, 0x0840, 0x0840, 0x0860, 0x0840, 0x0840, 0x0840, 0x0861, 0x10A1,
    0x1081, 0x1081, 0x1081, 0x1081, 0x1081, 0x1081, 0x1081, 0x0881, 0x0860, 0x0860, 0x0840, 0x0860, 0x10A1, 0x10A1, 0x18A1, 0x18C2,
    0x18C2, 0x0820, 0xB4CE, 0xFF34, 0xFEF4, 0xFEF4, 0xFF14, 0xFEF4, 0xFF77, 0xFFB9, 0xFFB9, 0xFFBA, 0xFFBA, 0xFFDA, 0xFF37, 0xFEF5,
    0xFED4, 0xFEB4, 0xFEB4, 0xFEB4, 0xFEB4, 0xFEB4, 0xFEB4, 0xFEB4, 0xFEB4, 0xFEB4, 0xFE93, 0xFE93, 0xFE93, 0xFE93, 0xFE93, 0xFEB4,
    0xFEB4, 0xFEB4, 0xFE93, 0xFE93, 0xFE93, 0xFE93, 0xFEB4, 0xF6F6, 0xFFBA, 0xFFBA, 0xFFBA, 0xFFDA, 0xFFBA, 0xFFBA, 0xFFBA, 0xFFBA,
    0xFFBA, 0xFFBA, 0xFFBA, 0xFFBA, 0xFFBA, 0xFFBA, 0xFFBA, 0xFFBA, 0xFFBA, 0xFFBA, 0xFFBA, 0xFFBA, 0xFFBA, 0xFFBA, 0xFFBA, 0xFFDA,
    0xFF37, 0xFF37, 0xFF37, 0xFF37, 0xFF57, 0xFF57, 0xFF57, 0xFF57, 0xFF77, 0xFF98, 0xFFDA, 0xFFDA, 0xFFFA, 0xFFFA, 0xFFFA, 0xFFFA,
    0xFFFA, 0xFFFA, 0xFFFA, 0xFFFA, 0xFFD9, 0xFF56, 0xFEF2, 0xFEF2, 0xFEF2, 0xFEF2, 0xFEF2, 0xFF13, 0xFF13, 0xFF13, 0xFF14, 0xFF14,
    0xFF14, 0xFEF3, 0xFED2, 0xFED2, 0xFED2, 0xFED2, 0xFED2, 0xFEF2, 0xFEF2, 0xFEF2, 0xFEF2, 0xFEF2, 0xFED2, 0xFED2, 0xFED2, 0xFED2,
    0xFED2, 0xFF56, 0xFFFA, 0xFFFA, 0xFFFA, 0xFFDA, 0xFFD9, 0xFFD9, 0xFFD9, 0xFF98, 0xFF34, 0xFF14, 0xFF34, 0xFF34, 0xFF34, 0xFF14,
    0xFF35, 0xEE92, 0xE671, 0xDE30, 0xDE96, 0xF77B, 0xFFDD, 0xFFDC, 0xFFDD, 0xFFFE, 0xFFFF, 0xFFFE, 0xFFFE, 0xFFFE, 0xFFFE, 0xFFFE,
    0xFFFE, 0xFFFE, 0xFFFE, 0xFFFE, 0xFFFE, 0xFFFE, 0xFFFF, 0xFFDD, 0xFFDC, 0xFFBC, 0xFFDC, 0xFFDC, 0xFFDC, 0xFFFD, 0xFFFE, 0xFFFE,
    0xFFFE, 0xFFFE, 0xFFFE, 0xFFFE, 0xFFFE, 0xFFFE, 0xFFFE, 0xFFFE, 0xFFFE, 0xFFFE, 0xFFFE, 0xFFFE, 0xFFFE, 0xFFFE, 0xFFFE, 0xFFFE,
    0xFFFD, 0xFFFD, 0xFFFE, 0xFFFE, 0xFFFE, 0xFFFE, 0xFFFE, 0xFFFE, 0xFFFE, 0xFFFE, 0xFFFF, 0xFFFF, 0xFFFE, 0xFFFE, 0xFFFE, 0xFF9C,
    0xFF9B, 0xFF7B, 0xF75A, 0xF75A, 0xFFBC, 0xD656, 0x7BAD, 0xC615, 0xEF3A, 0x1081, 0x0020, 0x10A1, 0x1081, 0x0861, 0x1081, 0x0861,
    0x0860, 0x0840, 0x0840, 0x0840, 0x0860, 0x0840, 0x0860, 0x0840, 0x0840, 0x0840, 0x0860, 0x0860, 0x0860, 0x0840, 0x0840, 0x0860,
    0x0860, 0x1081, 0x1081, 0x1081, 0x1081, 0x0881, 0x0840, 0x0840, 0x0840, 0x0840, 0x0840, 0x0860, 0x10A1, 0x10A2, 0x18C2, 0x18C2,
    0x18C2, 0x0860, 0x2923, 0xE6F7, 0xFFFA, 0xFFBA, 0xFFDA, 0xFFDA, 0xFFDB, 0xFFDB, 0xFFDA, 0xFFDA, 0xFFDA, 0xFFDA, 0xFFDA, 0xFF57,
    0xFEB4, 0xFED4, 0xFEB4, 0xFEB4, 0xFEB4, 0xFEB4, 0xFEB4, 0xFEB4, 0xFEB4, 0xFEB4, 0xFEB4, 0xFE93, 0xFE93, 0xFE93, 0xFE93, 0xFEB4,
    0xFEB4, 0xFEB4, 0xFEB4, 0xFE93, 0xFEB4, 0xF693, 0xFE93, 0xFEB4, 0xF6D5, 0xFF98, 0xFFDA, 0xFFBA, 0xFFBA, 0xFFBA, 0xFFBA, 0xFFBA,
    0xFFBA, 0xFFBA, 0xFFBA, 0xFFDA, 0xFFBA, 0xFFBA, 0xFFBA, 0xFFBA, 0xFFBA, 0xFFBA, 0xFFBA, 0xFFBA, 0xFFBA, 0xFFBA, 0xFFBA, 0xFFBA,
    0xFF57, 0xFF57, 0xFF57, 0xFF57, 0xFF57, 0xFF57, 0xFF57, 0xFF77, 0xFFD9, 0xFFFA, 0xFFFB, 0xFFFB, 0xFFFB, 0xFFFB, 0xFFFB, 0xFFFB,
    0xFFFB, 0xFFFB, 0xFFFB, 0xFFFA, 0xFFFA, 0xFF56, 0xFEF2, 0xFEF2, 0xFEF2, 0xFEF2, 0xFEF2, 0xFF13, 0xFF13, 0xFEF3, 0xFEF3, 0xFEF3,
    0xFF13, 0xFF13, 0xFEF2, 0xFED2, 0xFED2, 0xFEF2, 0xFED2, 0xFED2, 0xFED2, 0xFEF2, 0xFEF2, 0xFF13, 0xFF14, 0xFF14, 0xFF14, 0xFF14,
    0xFF14, 0xFF56, 0xFF97, 0xFF97, 0xFF97, 0xFF56, 0xFF35, 0xFF35, 0xFF55, 0xFF55, 0xFF14, 0xFF14, 0xFF14, 0xFF14, 0xFF14, 0xFF14,
    0xFF34, 0xB46C, 0x9349, 0x9B8A, 0xEF7D, 0xFFFD, 0xFF9A, 0xFF9B, 0xFFBB, 0xFFFE, 0xFFFF, 0xFFFF, 0xFFFE, 0xFFFE, 0xFFFE, 0xFFFE,
    0xFFFE, 0xFFFF, 0xFFFE, 0xFFFE, 0xFFFE, 0xFFFF, 0xFFFF, 0xFFFF, 0xFFFD, 0xFFDD, 0xFFFD, 0xFFFD, 0xFFFC, 0xFFFD, 0xFFFE, 0xFFFE,
    0xFFFE, 0xFFFE, 0xFFFE, 0xFFFE, 0xFFFE, 0xFFFE, 0xFFFE, 0xFFFE, 0xFFFE, 0xFFFE, 0xFFFE, 0xFFFE, 0xFFFE, 0xFFFE, 0xFFFE, 0xFFFD,
    0xFFFC, 0xFFFD, 0xFFFE, 0xFFFE, 0xFFFE, 0xFFFE, 0xFFFE, 0xFFFE, 0xFFFE, 0xFFFE, 0xFFFF, 0xFFFF, 0xFFFE, 0xFFFE, 0xFFFD, 0xFF9B,
    0xFF9B, 0xFFBC, 0xFFBC, 0xFFBC, 0xF75A, 0xF79B, 0xFFFD, 0xFFBB, 0xEF19, 0xA4D1, 0x39A5, 0x0020, 0x10A1, 0x1061, 0x0860, 0x0860,
    0x0861, 0x0860, 0x0840, 0x0840, 0x0840, 0x0860, 0x0860, 0x0840, 0x0840, 0x0840, 0x0860, 0x0860, 0x0860, 0x0840, 0x0840, 0x0840,
    0x0840, 0x0860, 0x0860, 0x0860, 0x0860, 0x0860, 0x0840, 0x0840, 0x0860, 0x0860, 0x0860, 0x0880, 0x10A1, 0x10A2, 0x18C2, 0x18C2,
    0x18C2, 0x0860, 0x18A1, 0xE717, 0xFFFB, 0xFFBA, 0xFFDA, 0xFFDA, 0xFFDA, 0xFFDA, 0xFFDA, 0xFFDA, 0xFFDA, 0xFFDA, 0xFFDA, 0xFFBA,
    0xFF78, 0xFEB4, 0xFEB4, 0xFEB4, 0xFEB4, 0xFEB4, 0xFEB4, 0xFEB4, 0xFE94, 0xFE94, 0xFE93, 0xFE93, 0xFE93, 0xFE93, 0xFE93, 0xFEB4,
    0xFE93, 0xFEB4, 0xFEB4, 0xFEB4, 0xFE93, 0xF693, 0xFE93, 0xFE93, 0xFE73, 0xF6D5, 0xFF78, 0xFFDA, 0xFFBA, 0xFFBA, 0xFFDA, 0xFFBA,
    0xFFDA, 0xFFDA, 0xFFDA, 0xFFDA, 0xFFDA, 0xFFBA, 0xFFBA, 0xFFBA, 0xFFBA, 0xFFBA, 0xFFBA, 0xFFBA, 0xFFBA, 0xFFBA, 0xFFBA, 0xFFBA,
    0xFF57, 0xFF57, 0xFF57, 0xFF57, 0xFF57, 0xFF77, 0xFF98, 0xFFB8, 0xFFFA, 0xFFFB, 0xFFFB, 0xFFFB, 0xFFFB, 0xFFFB, 0xFFFB, 0xFFFB,
    0xFFFB, 0xFFFB, 0xFFFB, 0xFFFA, 0xFFD9, 0xFF97, 0xFF13, 0xFEF2, 0xFEF3, 0xFF13, 0xFEF2, 0xFEF2, 0xFF13, 0xFEF2, 0xFEF2, 0xFEF3,
    0xFEF2, 0xFED2, 0xFED2, 0xFED2, 0xFED2, 0xFEF2, 0xFF14, 0xFF56, 0xFF55, 0xFF55, 0xFF55, 0xFF97, 0xFFDA, 0xFFDA, 0xFFD9, 0xFFD9,
    0xFFD9, 0xFFD9, 0xFF34, 0xFF13, 0xFF14, 0xFF14, 0xFF14, 0xFF14, 0xFF14, 0xFF34, 0xFF14, 0xFF14, 0xFF14, 0xFF14, 0xFF13, 0xFF75,
    0xBCAC, 0xCD94, 0xFFDF, 0xF7BD, 0xFFFE, 0xFFDC, 0xFF9B, 0xFFBB, 0xFFBB, 0xFFFD, 0xFFFE, 0xFFFE, 0xFFFE, 0xFFFE, 0xFFFE, 0xFFFE,
    0xFFFE, 0xFFFE, 0xFFFE, 0xFFFE, 0xFFFE, 0xFFFE, 0xFFFE, 0xFFFE, 0xFFFE, 0xFFFE, 0xFFFE, 0xFFFE, 0xFFFE, 0xFFFE, 0xFFFE, 0xFFFE,
    0xFFFE, 0xFFFE, 0xFFFE, 0xFFFE, 0xFFFE, 0xFFFE, 0xFFFE, 0xFFFE, 0xFFFE, 0xFFFE, 0xFFFE, 0xFFFE, 0xFFFE, 0xFFFE, 0xFFFE, 0xFFFD,
    0xFFFD, 0xFFFE, 0xFFFE, 0xFFFE, 0xFFFE, 0xFFFE, 0xFFFE, 0xFFFE, 0xFFFE, 0xFFFE, 0xFFFF, 0xFFFF, 0xFFFF, 0xFFFE, 0xF79B, 0xFF9C,
    0xFFDC, 0xFFFD, 0xFFFD, 0xFFFD, 0xFFFD, 0xFFFD, 0xFFDC, 0xF77B, 0xF75A, 0xFFFD, 0x9CB0, 0x20E2, 0x1081, 0x2103, 0x2944, 0x2944,
    0x2944, 0x0860, 0x0840, 0x0860, 0x0860, 0x0860, 0x0860, 0x0860, 0x0840, 0x0860, 0x0860, 0x0860, 0x0840, 0x0840, 0x0840, 0x0840,
    0x0840, 0x0840, 0x0840, 0x0840, 0x0840, 0x0840, 0x0860, 0x0860, 0x0860, 0x0860, 0x10A1, 0x10A1, 0x10A1, 0x10A2, 0x18C2, 0x18C2,
    0x18C2, 0x0860, 0x20E2, 0xEF38, 0xFFFB, 0xFFBA, 0xFFDA, 0xFFDA, 0xFFDA, 0xFFDA, 0xFFDA, 0xFFDA, 0xFFDA, 0xFFDA, 0xFFDA, 0xFFDA,
    0xFFBA, 0xFF37, 0xFF16, 0xFEB4, 0xFEB4, 0xFEB4, 0xFEB4, 0xFEB4, 0xFEB4, 0xFEB4, 0xFE93, 0xF693, 0xF693, 0xF693, 0xFEB3, 0xFE93,
    0xFE93, 0xFEB3, 0xFEB4, 0xFEB4, 0xF693, 0xF693, 0xFE73, 0xFE93, 0xFE93, 0xF693, 0xFEF5, 0xFF78, 0xFFB9, 0xFFDA, 0xFFBA, 0xFFDA,
    0xFFDA, 0xFFDA, 0xFFDA, 0xFFDA, 0xFFDA, 0xFFBA, 0xFFBA, 0xFFBA, 0xFFBA, 0xFFBA, 0xFFBA, 0xFFBA, 0xFFBA, 0xFFBA, 0xFFBA, 0xFFBA,
    0xFF57, 0xFF57, 0xFF57, 0xFF77, 0xFF77, 0xFFD8, 0xFFFA, 0xFFFB, 0xFFFA, 0xFFFB, 0xFFFB, 0xFFFB, 0xFFFB, 0xFFFB, 0xFFFB, 0xFFFA,
    0xFFFA, 0xFFFA, 0xFFFA, 0xFFFA, 0xFFDA, 0xFFD9, 0xFF54, 0xFEF2, 0xFEF2, 0xFEF2, 0xFEF2, 0xFEF2, 0xFEF2, 0xFEF2, 0xFEF2, 0xFEF3,
    0xFF34, 0xFF34, 0xFF34, 0xFF34, 0xFF34, 0xFF35, 0xFF98, 0xFFFA, 0xFFFB, 0xFFFB, 0xFFFB, 0xFFFA, 0xFFFA, 0xFFFA, 0xFFDA, 0xFFFA,
    0xFFDA, 0xFFFA, 0xFF55, 0xFF14, 0xFF34, 0xFF14, 0xFF14, 0xFF34, 0xFF14, 0xFF14, 0xFF14, 0xFF14, 0xFF14, 0xFF14, 0xFF54, 0xFFB6,
    0xBC6B, 0xCD73, 0xFFFF, 0xFFFE, 0xFFFE, 0xFFFD, 0xFFBB, 0xFFBB, 0xFFBB, 0xFFFD, 0xFFFD, 0xFFFD, 0xFFFE, 0xFFFE, 0xFFFE, 0xFFFE,
    0xFFFE, 0xFFFE, 0xFFFE, 0xFFFE, 0xFFFE, 0xFFFE, 0xFFFE, 0xFFFE, 0xFFFE, 0xFFFD, 0xFFFE, 0xFFFE, 0xFFFE, 0xFFFE, 0xFFFE, 0xFFFE,
    0xFFFE, 0xFFFE, 0xFFFE, 0xFFFE, 0xFFFE, 0xFFFE, 0xFFFE, 0xFFFE, 0xFFFE, 0xFFFE, 0xFFFE, 0xFFFE, 0xFFFE, 0xFFFD, 0xFFDC, 0xFFFC,
    0xFFFD, 0xFFFE, 0xFFFE, 0xFFFE, 0xFFFE, 0xFFFE, 0xFFFE, 0xFFFE, 0xFFFE, 0xFFFE, 0xFFFE, 0xFFFE, 0xFFFE, 0xFFDD, 0xF79B, 0xFFDD,
    0xFFFD, 0xFFFD, 0xFFFD, 0xFFFD, 0xFFFD, 0xFFDD, 0xFFFD, 0xFFFD, 0xF77B, 0xEF3A, 0xFF9B, 0xB573, 0x840E, 0x2944, 0x0000, 0x0861,
    0x1081, 0x0860, 0x0840, 0x0860, 0x0860, 0x0840, 0x0840, 0x0860, 0x0860, 0x0840, 0x0840, 0x0840, 0x0840, 0x0840, 0x0840, 0x0840,
    0x0840, 0x0860, 0x0860, 0x0860, 0x0840, 0x0840, 0x0840, 0x0840, 0x0840, 0x1081, 0x10A1, 0x10A1, 0x10A1, 0x10A1, 0x18C2, 0x18C2,
    0x18C2, 0x0820, 0x18A1, 0xEF38, 0xFFFB, 0xFFDA, 0xFFDA, 0xFFDA, 0xFFDA, 0xFFDA, 0xFFDA, 0xFFDA, 0xFFDA, 0xFFDA, 0xFFDA, 0xFFBA,
    0xFFDA, 0xFFFB, 0xFF99, 0xFED4, 0xFEB4, 0xFEB4, 0xFEB4, 0xFEB4, 0xFEB4, 0xFE94, 0xFE94, 0xFE93, 0xFE93, 0xFE93, 0xFE93, 0xFE93,
    0xFE93, 0xFEB4, 0xFEB4, 0xFEB4, 0xFEB4, 0xFE93, 0xFE93, 0xFE93, 0xFE93, 0xFE93, 0xFE93, 0xFE93, 0xFF57, 0xFFBA, 0xFFDA, 0xFFBA,
    0xFFDA, 0xFFBA, 0xFFDA, 0xFFDA, 0xFFBA, 0xFFBA, 0xFFBA, 0xFFBA, 0xFFBA, 0xFFBA, 0xFFBA, 0xFFBA, 0xFFBA, 0xFFDA, 0xFFDA, 0xFFDA,
    0xFF57, 0xFF57, 0xFF77, 0xFFF9, 0xFFFA, 0xFFFA, 0xFFFA, 0xFFFB, 0xFFFB, 0xFFFB, 0xFFFB, 0xFFFB, 0xFFFB, 0xFFFB, 0xFFFA, 0xFFFB,
    0xFFFB, 0xFFFB, 0xFFFB, 0xFFFB, 0xFFFA, 0xFFFA, 0xFF55, 0xFEF2, 0xFEF2, 0xFEF2, 0xFEF3, 0xFEF3, 0xFF34, 0xFF75, 0xFF55, 0xFF56,
    0xFFD9, 0xFFFA, 0xFFFA, 0xFFFA, 0xFFFA, 0xFFFA, 0xFFFA, 0xFFDA, 0xFFDA, 0xFFFA, 0xFFFA, 0xFFFA, 0xFFFA, 0xFFFA, 0xFFFA, 0xFFFA,
    0xFFDA, 0xFFFA, 0xFFD9, 0xFF35, 0xFF14, 0xFF14, 0xFF14, 0xFF34, 0xFF34, 0xFF34, 0xFF14, 0xFF14, 0xFF14, 0xF6F3, 0xEE71, 0xEE91,
    0xE6D6, 0xEF5A, 0xFFBB, 0xFFBC, 0xFFDC, 0xFFDC, 0xFFDC, 0xFFBB, 0xFFBB, 0xFFFD, 0xFFFD, 0xFFFD, 0xFFFD, 0xFFFE, 0xFFFE, 0xFFFE,
    0xFFFE, 0xFFFE, 0xFFFE, 0xFFFE, 0xFFFE, 0xFFFE, 0xFFFE, 0xFFFD, 0xFFFD, 0xFFFC, 0xFFFE, 0xFFFE, 0xFFFE, 0xFFFE, 0xFFFE, 0xFFFE,
    0xFFFE, 0xFFFE, 0xFFFE, 0xFFFE, 0xFFFE, 0xFFFE, 0xFFFE, 0xFFFE, 0xFFFE, 0xFFFE, 0xFFFE, 0xFFFC, 0xFFFC, 0xFFFC, 0xFFDC, 0xFFDC,
    0xFFFD, 0xFFFE, 0xFFFE, 0xFFFE, 0xFFFE, 0xFFFE, 0xFFFE, 0xFFFE, 0xFFDE, 0xFFDC, 0xFFBC, 0xFFBC, 0xFFBC, 0xFFBC, 0xFFBC, 0xFFDD,
    0xFFFD, 0xFFFD, 0xFFFD, 0xFFBC, 0xFFDC, 0xFFFD, 0xFFFD, 0xFFFD, 0xFFBC, 0xF77B, 0xF77B, 0xFFBC, 0xFFFD, 0x9CD1, 0x630B, 0x18E2,
    0x0020, 0x0860, 0x0860, 0x0860, 0x0860, 0x0840, 0x0840, 0x0840, 0x0840, 0x0840, 0x0840, 0x0860, 0x0840, 0x0840, 0x0040, 0x0840,
    0x0840, 0x0840, 0x0840, 0x0860, 0x0860, 0x0860, 0x0861, 0x0881, 0x0861, 0x1081, 0x10A1, 0x10A1, 0x10A2, 0x1081, 0x1081, 0x10A1,
    0x1081, 0x18C2, 0x41E6, 0xEF59, 0xFFFB, 0xFFDA, 0xFFDA, 0xFFDA, 0xFFDA, 0xFFDA, 0xFFDA, 0xFFDA, 0xFFDA, 0xFFDA, 0xFFDA, 0xFFDA,
    0xFFDA, 0xFFDA, 0xFFDA, 0xFFB9, 0xFED5, 0xFEB4, 0xFEB4, 0xFEB4, 0xFEB4, 0xFE94, 0xFE94, 0xFE93, 0xFE93, 0xFE93, 0xFE73, 0xFE94,
    0xFE93, 0xFE93, 0xFE93, 0xFE93, 0xFE93, 0xFE93, 0xFE93, 0xFE93, 0xFE93, 0xFE93, 0xFE93, 0xFE93, 0xFE93, 0xFEF5, 0xFFDA, 0xFFDA,
    0xFFBA, 0xFFDA, 0xFFDA, 0xFFDA, 0xFFBA, 0xFFBA, 0xFFBA, 0xFFBA, 0xFFBA, 0xFFBA, 0xFFBA, 0xFFBA, 0xFF99, 0xF717, 0xFF17, 0xFF16,
    0xFF57, 0xFF98, 0xFFF9, 0xFFF9, 0xFFF9, 0xFFF9, 0xFFFA, 0xFFFB, 0xFFFB, 0xFFFB, 0xFFFB, 0xFFFB, 0xFFFB, 0xFFFB, 0xFFB8, 0xFF77,
    0xFF77, 0xFF76, 0xFF56, 0xFF56, 0xFF56, 0xFF56, 0xFF34, 0xFF55, 0xFFB7, 0xFFB8, 0xFFB8, 0xFFB8, 0xFFD9, 0xFFFA, 0xFFFA, 0xFFFA,
    0xFFFA, 0xFFF9, 0xFFFA, 0xFFFA, 0xFFFA, 0xFFFA, 0xFFFA, 0xFFDA, 0xFFFA, 0xFFFA, 0xFFFA, 0xFFFA, 0xFFFA, 0xFFFA, 0xFFFA, 0xFFFA,
    0xFFFA, 0xFFDA, 0xFFFA, 0xFF96, 0xFEF4, 0xFF14, 0xFF34, 0xFF34, 0xFF34, 0xFF34, 0xFF34, 0xFF14, 0xFF95, 0xEE71, 0xA346, 0xB42B,
    0xEEF8, 0xFFFD, 0xFFBC, 0xFFDD, 0xFFFE, 0xFFFD, 0xFFDC, 0xFFBB, 0xFFBB, 0xFFFD, 0xFFFE, 0xFFFE, 0xFFFE, 0xFFFE, 0xFFFE, 0xFFFE,
    0xFFFE, 0xFFFF, 0xFFFF, 0xFFFE, 0xFFFE, 0xFFFF, 0xFFFE, 0xFFFC, 0xFFFC, 0xFFFD, 0xFFFE, 0xFFFE, 0xFFFE, 0xFFFE, 0xFFFE, 0xFFFE,
    0xFFFE, 0xFFFE, 0xFFFD, 0xFFFD, 0xFFFD, 0xFFFE, 0xFFFE, 0xFFFD, 0xFFFE, 0xFFFF, 0xFFFE, 0xFFFD, 0xFFFC, 0xFFDC, 0xFFDC, 0xFFFD,
    0xFFFE, 0xFFFD, 0xFFFE, 0xFFFE, 0xFFFE, 0xFFFE, 0xFFFE, 0xFFFE, 0xFFDC, 0xFFBC, 0xFFBC, 0xFFBC, 0xFF9C, 0xFFBC, 0xFFFE, 0xFFFE,
    0xFFDC, 0xFF9B, 0xFF9B, 0xF79B, 0xFFDC, 0xFFFD, 0xFFDD, 0xFFFD, 0xFFDD, 0xFFFD, 0xFFDC, 0xFFBC, 0xF7BC, 0xFFBC, 0xFFBC, 0xC5D5,
    0x20E2, 0x0000, 0x1081, 0x0860, 0x0860, 0x0860, 0x0860, 0x0840, 0x0840, 0x0840, 0x0840, 0x0860, 0x0840, 0x0840, 0x0040, 0x0040,
    0x0840, 0x0840, 0x0840, 0x1081, 0x10A1, 0x10A1, 0x10A2, 0x10A2, 0x10A2, 0x10A2, 0x10A1, 0x0860, 0x0840, 0x0860, 0x1081, 0x10A1,
    0x0000, 0x7BAC, 0xFFFD, 0xFFBA, 0xFFDB, 0xFFDA, 0xFFDA, 0xFFDA, 0xFFDA, 0xFFDA, 0xFFDA, 0xFFDA, 0xFFDA, 0xFFDA, 0xFFDA, 0xFFDA,
    0xFFDA, 0xFFDA, 0xFFDA, 0xFFDA, 0xFF99, 0xFF15, 0xFEB3, 0xFEB4, 0xFEB4, 0xFEB4, 0xFEB4, 0xFEB4, 0xFEB4, 0xFE93, 0xFEB4, 0xFEB4,
    0xFE93, 0xF673, 0xFE93, 0xF693, 0xF693, 0xF693, 0xFE93, 0xF693, 0xFE93, 0xFE93, 0xFE93, 0xFE93, 0xFE73, 0xFE93, 0xF6D4, 0xFF99,
    0xFFDB, 0xFFDA, 0xFFDA, 0xFFDA, 0xFFDA, 0xFFDA, 0xFFB9, 0xFF37, 0xFF16, 0xFF16, 0xFEF6, 0xFEF6, 0xFED5, 0xF673, 0xF673, 0xF673,
    0xFFD9, 0xFFF9, 0xFFFA, 0xFFFA, 0xFFFA, 0xFFF9, 0xFFFA, 0xFF98, 0xFF77, 0xFF77, 0xFF77, 0xFF76, 0xFF76, 0xFF76, 0xFF55, 0xFF34,
    0xFF34, 0xFF13, 0xFF13, 0xFEF3, 0xFEF3, 0xFEF3, 0xFEF3, 0xFF35, 0xFFF9, 0xFFFA, 0xFFFA, 0xFFFA, 0xFFFA, 0xFFF9, 0xFFF9, 0xFFD9,
    0xFFD9, 0xFFD9, 0xFFD9, 0xFFD9, 0xFFD9, 0xFFDA, 0xFFDA, 0xFFDA, 0xFFFA, 0xFFFA, 0xFFFA, 0xFFFA, 0xFFFA, 0xFFFA, 0xFFFA, 0xFFFA,
    0xFFFA, 0xFFFA, 0xFFFA, 0xFF98, 0xFF35, 0xFF14, 0xFF14, 0xFF34, 0xFF34, 0xFF34, 0xFF14, 0xFF34, 0xDDCF, 0xBCAC, 0xBD0F, 0xFFFE,
    0xFFBC, 0xFFDD, 0xFFFE, 0xFFFE, 0xFFFE, 0xFFFE, 0xFFBB, 0xFFBB, 0xFFBC, 0xFFFD, 0xFFFE, 0xFFFE, 0xFFFE, 0xFFFF, 0xFFFE, 0xFFFF,
    0xFFFD, 0xFFFE, 0xFFFF, 0xFFFF, 0xFFFF, 0xFFFE, 0xFFFD, 0xFFFD, 0xFFFC, 0xFFFD, 0xFFFE, 0xFFFE, 0xFFFE, 0xFFFE, 0xFFFE, 0xFFFD,
    0xFFFD, 0xFFFD, 0xFFFE, 0xFFFE, 0xFFFE, 0xFFFE, 0xFFDD, 0xFFBC, 0xFFDD, 0xFFFE, 0xFFFE, 0xFFFD, 0xFFFD, 0xFFFD, 0xFFFD, 0xFFFE,
    0xFFFE, 0xFFFD, 0xFFFE, 0xFFFE, 0xFFFE, 0xFFFE, 0xFFFE, 0xFFFE, 0xFFDD, 0xFFDC, 0xFFBC, 0xFFBC, 0xFF9C, 0xFFBC, 0xFFFE, 0xFFFD,
    0xFFBC, 0xFFBC, 0xFFBC, 0xFFDC, 0xFFFD, 0xFFBC, 0xFF9B, 0xFFBC, 0xFFDD, 0xFFFD, 0xFFFD, 0xFFFD, 0xFFDD, 0xF73A, 0xEEF9, 0xF73A,
    0xC5D5, 0x5ACA, 0x0000, 0x0860, 0x0860, 0x0860, 0x0860, 0x0840, 0x0860, 0x0860, 0x0840, 0x0840, 0x0840, 0x0840, 0x0040, 0x0840,
    0x0840, 0x0840, 0x0840, 0x0861, 0x0861, 0x1081, 0x10A2, 0x1081, 0x0840, 0x0840, 0x0840, 0x0860, 0x0860, 0x0860, 0x1080, 0x1081,
    0x2923, 0x9CD0, 0xFFFC, 0xFFBA, 0xFFDB, 0xFFDA, 0xFFDA, 0xFFDA, 0xFFDA, 0xFFDA, 0xFFDA, 0xFFDA, 0xFFDA, 0xFFDA, 0xFFDA, 0xFFDA,
    0xFFDA, 0xFFDA, 0xFFDA, 0xFFDA, 0xFFDB, 0xFF98, 0xFF16, 0xFEB4, 0xFEB3, 0xFEB4, 0xFEB3, 0xFEB3, 0xFEB3, 0xFE93, 0xFEB3, 0xFEB4,
    0xFE93, 0xF693, 0xFE93, 0xFE93, 0xFE73, 0xFE73, 0xF672, 0xF673, 0xFE73, 0xFE73, 0xF693, 0xF6B4, 0xF6B4, 0xF6B4, 0xF693, 0xF737,
    0xFF99, 0xFF78, 0xFF16, 0xFF16, 0xFF16, 0xFF16, 0xFEF5, 0xFEB4, 0xFE93, 0xFE93, 0xFE93, 0xFE93, 0xFE93, 0xFE93, 0xFE94, 0xFE93,
    0xFFB8, 0xFFB8, 0xFFB8, 0xFF97, 0xFF97, 0xFF97, 0xFF96, 0xFF55, 0xFF13, 0xFF14, 0xFF14, 0xFF14, 0xFF14, 0xFF14, 0xFF14, 0xFF34,
    0xFF14, 0xFF34, 0xFF33, 0xFF13, 0xFF13, 0xFEF3, 0xFEF3, 0xFF35, 0xFFD9, 0xFFD9, 0xFFF9, 0xFFFA, 0xFFFA, 0xFFDA, 0xFFDA, 0xFFFA,
    0xFFFA, 0xFFFA, 0xFFFA, 0xFFFA, 0xFFFA, 0xFFFB, 0xFFFB, 0xFFFC, 0xFFFB, 0xFFFA, 0xFFFA, 0xFFFA, 0xFFFA, 0xFFFA, 0xFFFA, 0xFFFA,
    0xFFFA, 0xFFFA, 0xFFFA, 0xFFD9, 0xFFD8, 0xFF14, 0xFF14, 0xFF34, 0xFF14, 0xFF34, 0xFF55, 0xFFF7, 0xABC8, 0xAC6E, 0xFFDE, 0xFFDD,
    0xFFFE, 0xFFFE, 0xFFFE, 0xFFFE, 0xFFFE, 0xFFFE, 0xFFBB, 0xFFBB, 0xFFBC, 0xFFFD, 0xFFFE, 0xFFFE, 0xFFFE, 0xFFFF, 0xFFFE, 0xFFFE,
    0xFFDD, 0xFFFD, 0xFFFF, 0xFFFF, 0xFFFF, 0xFFFE, 0xFFFD, 0xFFFD, 0xFFFD, 0xFFFE, 0xFFFE, 0xFFFE, 0xFFFE, 0xFFFD, 0xFFFD, 0xFFDC,
    0xFFDB, 0xFFFD, 0xFFFE, 0xFFFE, 0xFFFE, 0xFFFE, 0xFFDC, 0xFFBC, 0xFFDD, 0xFFFE, 0xFFFE, 0xFFFE, 0xFFFE, 0xFFFE, 0xFFFE, 0xFFFE,
    0xFFFE, 0xFFFE, 0xFFFE, 0xFFFE, 0xFFFE, 0xFFFF, 0xFFFE, 0xFFFE, 0xFFFE, 0xFFDD, 0xFFBC, 0xFFBC, 0xFFDD, 0xFFFD, 0xFFFD, 0xFFDD,
    0xFFBC, 0xFFFC, 0xFFDD, 0xFFDC, 0xFFDC, 0xFFBC, 0xFFBC, 0xFFDC, 0xFFFD, 0xFFDC, 0xFFFD, 0xFFBC, 0xF719, 0xF719, 0xF71A, 0xEEF9,
    0xFFDC, 0xA4D1, 0x39C6, 0x18E2, 0x0020, 0x0880, 0x0860, 0x0860, 0x0861, 0x0860, 0x0840, 0x0840, 0x0840, 0x0840, 0x0040, 0x0840,
    0x0840, 0x0040, 0x0840, 0x0840, 0x0840, 0x0860, 0x0860, 0x0860, 0x0040, 0x0040, 0x0860, 0x0860, 0x1060, 0x1081, 0x1081, 0x0000,
    0x944E, 0xFFFC, 0xFFBA, 0xFFDA, 0xFFDB, 0xFFDA, 0xFFDA, 0xFFDA, 0xFFDA, 0xFFDA, 0xFFDA, 0xFFDA, 0xFFDA, 0xFFDA, 0xFFDA, 0xFFDA,
    0xFFDA, 0xFFDA, 0xFFDA, 0xFFDA, 0xFFDA, 0xFFDA, 0xFFD9, 0xFF15, 0xFED4, 0xFEB3, 0xFEB3, 0xFEB3, 0xFEB3, 0xFE93, 0xFEB3, 0xFEB4,
    0xFE93, 0xFE93, 0xFE93, 0xFE93, 0xFE93, 0xF6B4, 0xF6B4, 0xF694, 0xFE94, 0xF694, 0xF737, 0xFFBA, 0xFFBA, 0xFFBA, 0xFFB9, 0xFF99,
    0xFFBA, 0xFF78, 0xFE72, 0xFE73, 0xFE93, 0xFE93, 0xFE93, 0xFE93, 0xFE94, 0xFE94, 0xFE94, 0xFE94, 0xFE94, 0xFE93, 0xFE93, 0xFE93,
    0xFED2, 0xFED2, 0xFED3, 0xFF14, 0xFF13, 0xFF14, 0xFF13, 0xFF34, 0xFF14, 0xFF34, 0xFF34, 0xFF34, 0xFF34, 0xFF34, 0xFF34, 0xFF34,
    0xFF34, 0xFF13, 0xFF13, 0xFF13, 0xFEF3, 0xFEF3, 0xFEF3, 0xFF13, 0xFF76, 0xFFF9, 0xFFFA, 0xFFFA, 0xFFFA, 0xFFFA, 0xFFFB, 0xEF58,
    0xDEB7, 0xDED7, 0xDED7, 0xDED7, 0xDED7, 0xDED7, 0xDED7, 0xDEB7, 0xF779, 0xFFDA, 0xFFDA, 0xFFFA, 0xFFDA, 0xFFDA, 0xFFFA, 0xFFFA,
    0xFFFA, 0xFFFA, 0xFFFA, 0xFFFA, 0xFFB8, 0xFF35, 0xFF34, 0xFF14, 0xFF34, 0xFF75, 0xC4EC, 0xB3E8, 0xCDB2, 0xDEB8, 0xFFFE, 0xFFDD,
    0xFFFE, 0xFFFE, 0xFFFE, 0xFFFE, 0xFFFE, 0xFFFE, 0xFFDD, 0xFFBC, 0xFFDC, 0xFFFD, 0xFFFE, 0xFFFE, 0xFFFE, 0xFFFF, 0xFFFE, 0xFFFE,
    0xFFFD, 0xFFFD, 0xFFFF, 0xFFFF, 0xFFFF, 0xFFFE, 0xFFFD, 0xFFFE, 0xFFFE, 0xFFFE, 0xFFFE, 0xFFFE, 0xFFFE, 0xFFDC, 0xFFDC, 0xFFBC,
    0xFFDC, 0xFFFD, 0xFFFE, 0xFFFE, 0xFFFE, 0xFFFD, 0xFFDC, 0xFFDC, 0xFFFD, 0xFFFD, 0xFFFD, 0xFFFE, 0xFFFE, 0xFFFE, 0xFFFE, 0xFFFE,
    0xFFFE, 0xFFFE, 0xFFFE, 0xFFFE, 0xFFFE, 0xFFDD, 0xFFBC, 0xFFDC, 0xFFDC, 0xFFDC, 0xFFBC, 0xFFBC, 0xFFFD, 0xFFFD, 0xFFFD, 0xFFFD,
    0xFFDD, 0xFFDC, 0xFFBB, 0xFFBB, 0xFFFD, 0xFFFE, 0xFFFD, 0xFFFD, 0xFFFD, 0xFFDC, 0xFFDC, 0xFFDC, 0xF71A, 0xF719, 0xF71A, 0xF73A,
    0xEEF9, 0xE697, 0xEED8, 0x6B0A, 0x10A1, 0x0000, 0x0000, 0x0000, 0x0020, 0x0860, 0x0840, 0x0840, 0x0840, 0x0840, 0x0040, 0x0840,
    0x0840, 0x0040, 0x0840, 0x0040, 0x0040, 0x0040, 0x0040, 0x0040, 0x0860, 0x0881, 0x1081, 0x1081, 0x1081, 0x1060, 0x18A1, 0x840D,
    0xCE55, 0xFFDB, 0xFFBA, 0xFFDA, 0xFFDA, 0xFFDA, 0xFFDA, 0xFFDA, 0xFFDA, 0xFFDA, 0xFFDA, 0xFFDA, 0xFFDA, 0xFFDA, 0xFFDA, 0xFFDA,
    0xFFDA, 0xFFDA, 0xFFDA, 0xFFDA, 0xFFDA, 0xFFDA, 0xFFBA, 0xFFDA, 0xFF57, 0xFE92, 0xFEB3, 0xFEB3, 0xFEB3, 0xFE93, 0xFE93, 0xFEB4,
    0xF6B4, 0xF6B4, 0xF6D4, 0xF6B4, 0xFF37, 0xFFBA, 0xFFBA, 0xFFBA, 0xFFBA, 0xFFBA, 0xFFBA, 0xFFDA, 0xFFDA, 0xFFDB, 0xFFDB, 0xFFDB,
    0xFFDB, 0xFFB9, 0xF6D4, 0xFEB4, 0xFE93, 0xFEB4, 0xFEB4, 0xFEB4, 0xFEB4, 0xFEB4, 0xFEB4, 0xFEB4, 0xFE94, 0xFEB4, 0xFEB4, 0xFEB4,
    0xFED2, 0xFED2, 0xFEF3, 0xFF14, 0xFF14, 0xFF14, 0xFF14, 0xFF14, 0xFF14, 0xFF14, 0xFF14, 0xFF14, 0xFF14, 0xFF34, 0xFF34, 0xFF34,
    0xFF34, 0xFEF2, 0xFEF2, 0xFF13, 0xFEF3, 0xFEF3, 0xFF13, 0xFF12, 0xFF34, 0xFFD9, 0xFFD9, 0xFFD9, 0xFFDA, 0xFFB9, 0xFFFC, 0x9CB0,
    0x0840, 0x18C2, 0x18A1, 0x18A1, 0x18A1, 0x18A1, 0x18A1, 0x0840, 0xBDD3, 0xFFFD, 0xFFFB, 0xFFFB, 0xFFFB, 0xFFFB, 0xFFFA, 0xFFFA,
    0xFFFA, 0xFFFA, 0xFFFA, 0xFFFA, 0xFFD9, 0xFFD9, 0xFF76, 0xFF34, 0xFF34, 0xFF34, 0xBC8C, 0xABEC, 0xEF5A, 0xFFFE, 0xFFFE, 0xFFFE,
    0xFFFE, 0xFFFE, 0xFFFE, 0xFFFE, 0xFFFE, 0xFFFE, 0xFFFE, 0xFFFD, 0xFFFD, 0xFFFE, 0xFFFD, 0xFFDC, 0xFFFE, 0xFFFF, 0xFFFE, 0xFFFF,
    0xFFFD, 0xFFDD, 0xFFFF, 0xFFFE, 0xFFFF, 0xFFFF, 0xFFFF, 0xFFFE, 0xFFFE, 0xFFFE, 0xFFFE, 0xFFFD, 0xFFFD, 0xFFBC, 0xFFBC, 0xFFDC,
    0xFFFE, 0xFFFE, 0xFFFE, 0xFFFE, 0xFFFE, 0xFFBC, 0xFFBC, 0xFFDC, 0xFFDD, 0xFFDD, 0xFFFD, 0xFFFF, 0xFFFE, 0xFFFE, 0xFFFE, 0xFFFE,
    0xFFFE, 0xFFFF, 0xFFFF, 0xFFFD, 0xFFFD, 0xFFDC, 0xFFBB, 0xFFBC, 0xFFBC, 0xFFBC, 0xFF7B, 0xFFBC, 0xFFFD, 0xFFFD, 0xFFDC, 0xFF9B,
    0xFF9B, 0xFF9B, 0xFF9B, 0xFF9B, 0xFFDD, 0xFFFD, 0xFFBC, 0xFF7B, 0xFFBC, 0xFFBC, 0xFFDC, 0xFFBB, 0xF719, 0xF719, 0xF71A, 0xF73A,
    0xF73A, 0xEEF9, 0xEF19, 0xE6B7, 0x62A8, 0x39A5, 0x946F, 0x946F, 0x5288, 0x0000, 0x0860, 0x0840, 0x0840, 0x0840, 0x0040, 0x0040,
    0x0040, 0x0040, 0x0040, 0x0040, 0x0840, 0x0840, 0x0840, 0x0861, 0x0881, 0x1081, 0x1081, 0x1081, 0x10A1, 0x1060, 0x1040, 0xEF19,
    0xFFFC, 0xFFBA, 0xFFDA, 0xFFDA, 0xFFDA, 0xFFDA, 0xFFDA, 0xFFDA, 0xFFDA, 0xFFDA, 0xFFDA, 0xFFDA, 0xFFDA, 0xFFDA, 0xFFDA, 0xFFDA,
    0xFFDA, 0xFFDA, 0xFFDA, 0xFFDA, 0xFFDA, 0xFFDA, 0xFFDB, 0xFFFB, 0xFFBA, 0xFF57, 0xFF15, 0xFF37, 0xFF57, 0xFF57, 0xFF57, 0xFF78,
    0xFF99, 0xFF99, 0xFF99, 0xFF99, 0xFFBA, 0xFFDB, 0xFFDB, 0xFFDB, 0xFFDB, 0xFFDB, 0xFFBB, 0xFFBA, 0xFFBA, 0xFFBA, 0xFFBA, 0xFFBA,
    0xFFBA, 0xFFDA, 0xFFDA, 0xFF57, 0xF6B3, 0xFEB3, 0xFEB4, 0xFEB4, 0xFEB4, 0xFEB4, 0xFEB4, 0xFEB4, 0xFEB4, 0xFEB4, 0xFEB4, 0xFEB4,
    0xFED2, 0xFED2, 0xFED3, 0xFF14, 0xFF14, 0xFF14, 0xFF14, 0xFF14, 0xFF14, 0xFF14, 0xFF14, 0xFF14, 0xFF14, 0xFF14, 0xFF34, 0xFF13,
    0xFF13, 0xFEF2, 0xFEF2, 0xFEF3, 0xFF13, 0xFF13, 0xFEF3, 0xFEF2, 0xFF75, 0xFFFB, 0xFFFB, 0xFFFC, 0xF799, 0x5226, 0x4A06, 0x2943,
    0x20E2, 0x3184, 0x2944, 0x2123, 0x2123, 0x2103, 0x2923, 0x18A1, 0x4206, 0x5288, 0xBDB3, 0xF799, 0xEF38, 0xE717, 0xEF58, 0xFFDA,
    0xFFFA, 0xFFFA, 0xFFFA, 0xFFFA, 0xFFDA, 0xFFD9, 0xFF76, 0xFF35, 0xBC2A, 0x9B25, 0xC4EF, 0xFFFF, 0xFFDD, 0xFFFD, 0xFFFE, 0xFFFF,
    0xFFFE, 0xFFFE, 0xFFFE, 0xFFFE, 0xFFFE, 0xFFFE, 0xFFFE, 0xFFFE, 0xFFFE, 0xFFFD, 0xFFFD, 0xFFDC, 0xFFFE, 0xFFFF, 0xFFFE, 0xFFFF,
    0xFFFD, 0xFFFD, 0xFFFE, 0xFFFE, 0xFFFE, 0xFFFE, 0xFFFE, 0xFFFE, 0xFFFE, 0xFFFE, 0xFFFE, 0xFFBC, 0xFFBB, 0xFFBC, 0xFFDC, 0xFFFE,
    0xFFFD, 0xFFFE, 0xFFFE, 0xFFDD, 0xFFDD, 0xFFDC, 0xFFBC, 0xFFBC, 0xFFBC, 0xFFBB, 0xFFDC, 0xFFFE, 0xFFFE, 0xFFFE, 0xFFFE, 0xFFFE,
    0xFFFE, 0xFFFE, 0xFFFE, 0xFFBC, 0xF75A, 0xF75A, 0xF75A, 0xF75A, 0xF75A, 0xF75A, 0xF75A, 0xFFDD, 0xFFFD, 0xFFFC, 0xFFBB, 0xFF9B,
    0xFF9B, 0xFF9B, 0xFF9B, 0xFF9B, 0xFF9B, 0xFFBC, 0xF75A, 0xF719, 0xF719, 0xF719, 0xF719, 0xF719, 0xF719, 0xF719, 0xF71A, 0xF73A,
    0xF73A, 0xF73A, 0xFF5A, 0xEEF9, 0xD636, 0xE6B7, 0xFF5A, 0xFFBC, 0xA4B0, 0x18A2, 0x0840, 0x0840, 0x0840, 0x0840, 0x0040, 0x0040,
    0x0040, 0x0040, 0x0040, 0x0040, 0x0861, 0x1081, 0x1081, 0x1081, 0x1081, 0x1081, 0x1081, 0x10A1, 0x0000, 0x5AC8, 0xCE12, 0xEF16,
    0xFFDA, 0xFFDA, 0xFFDA, 0xFFDA, 0xFFDA, 0xFFDA, 0xFFDA, 0xFFDA, 0xFFDA, 0xFFDB, 0xFFDB, 0xFFDA, 0xFFDB, 0xFFDB, 0xFFDB, 0xFFDA,
    0xFFDA, 0xFFDA, 0xFFDA, 0xFFFA, 0xFFB9, 0xFF16, 0xFF15, 0xFF15, 0xFF15, 0xFF15, 0xFED3, 0xFF78, 0xFFDB, 0xFFBA, 0xFFDA, 0xFFBA,
    0xFFBB, 0xFFDA, 0xFFDB, 0xFFDA, 0xFFDA, 0xFFBA, 0xFFBA, 0xFFBA, 0xFFBA, 0xFFBA, 0xFFBA, 0xFFBA, 0xFFBA, 0xFFBA, 0xFFBA, 0xFFBA,
    0xFFBA, 0xFFBA, 0xFFBA, 0xFFBA, 0xFF98, 0xF6D4, 0xFEB4, 0xFEB4, 0xFEB4, 0xFEB4, 0xFEB4, 0xFEB4, 0xFEB4, 0xFEB4, 0xFEB4, 0xFEB4,
    0xFED2, 0xFED2, 0xFED3, 0xFF14, 0xFF14, 0xFF14, 0xFF14, 0xFF14, 0xFF14, 0xFF14, 0xFF14, 0xFF34, 0xFF13, 0xFEF3, 0xFEF2, 0xFEF2,
    0xFEF2, 0xFEF2, 0xFEF2, 0xFEF2, 0xFEF2, 0xFEF2, 0xFF13, 0xFF94, 0xC54F, 0x6B09, 0x734A, 0x7B8B, 0x6B09, 0x1880, 0x2903, 0x3164,
    0x3164, 0x3985, 0x2923, 0x20E2, 0x2103, 0x2923, 0x2924, 0x18C2, 0x0020, 0x0000, 0x20E2, 0x3163, 0x2923, 0x1881, 0x83EC, 0xFFFD,
    0xFFFA, 0xFFFA, 0xFFFA, 0xFFDA, 0xFFD9, 0xFF36, 0xFF76, 0xFF55, 0xB44C, 0xEEF9, 0xF75B, 0xFFFE, 0xFFFE, 0xFFFE, 0xFFFE, 0xFFFF,
    0xFFFE, 0xFFFE, 0xFFFE, 0xFFFE, 0xFFFE, 0xFFFE, 0xFFFE, 0xFFFE, 0xFFFD, 0xFFFE, 0xFFDD, 0xFFDC, 0xFFFE, 0xFFFF, 0xFFFE, 0xFFFE,
    0xFFFD, 0xFFFD, 0xFFFE, 0xFFFE, 0xFFFF, 0xFFFE, 0xFFFE, 0xFFFE, 0xFFFE, 0xFFFE, 0xFFDD, 0xFFBC, 0xFFBC, 0xFFBC, 0xFFDC, 0xFFDD,
    0xFFBC, 0xFFDD, 0xFFBC, 0xFF9B, 0xFFBC, 0xFFDC, 0xFFBC, 0xFFBC, 0xFFBC, 0xFFBC, 0xFFBC, 0xFFDD, 0xFFFD, 0xFFFD, 0xFFFD, 0xFFDD,
    0xFFDC, 0xFFDC, 0xFFDD, 0xF79B, 0xF739, 0xF739, 0xF739, 0xF739, 0xF73A, 0xF73A, 0xF75A, 0xFFFD, 0xFFDC, 0xFF9B, 0xFF9B, 0xFF9B,
    0xFF9B, 0xFF9B, 0xFF7B, 0xFF7B, 0xFF7B, 0xFF7B, 0xF75A, 0xF719, 0xF719, 0xF719, 0xF719, 0xF719, 0xF719, 0xF719, 0xF73A, 0xF73A,
    0xF73A, 0xF73A, 0xF73A, 0xF75B, 0xFF9C, 0xEF3A, 0xE6B8, 0xE6B8, 0xF719, 0x944F, 0x0861, 0x1081, 0x0840, 0x0840, 0x0840, 0x0840,
    0x0840, 0x0040, 0x0040, 0x0040, 0x0860, 0x1081, 0x1081, 0x1081, 0x1081, 0x1081, 0x1081, 0x10A2, 0x3163, 0x9C6D, 0xFFF8, 0xFF55,
    0xFF76, 0xFFDA, 0xFFDA, 0xFFDA, 0xFFDA, 0xFFDA, 0xFFDA, 0xFFDA, 0xFFDA, 0xFFDA, 0xFFDA, 0xFFDA, 0xFFDA, 0xFFDA, 0xFFDA, 0xFF16,
    0xFEF5, 0xFEF6, 0xFEF5, 0xFEF5, 0xFEF5, 0xFEB3, 0xFE93, 0xFE93, 0xFE93, 0xFE92, 0xFE92, 0xFEF5, 0xFF78, 0xFFBA, 0xFFBA, 0xFFBA,
    0xFFBA, 0xFFBA, 0xFFBA, 0xFFBA, 0xFFBA, 0xFFBA, 0xFFBA, 0xFFBA, 0xFFBA, 0xFFDB, 0xFFBA, 0xFFBA, 0xFFBA, 0xFFBA, 0xFFBA, 0xFFBA,
    0xFFDA, 0xFFBA, 0xFFBA, 0xFFBA, 0xFFBA, 0xFF99, 0xFF79, 0xF694, 0xFE93, 0xFEB4, 0xFEB4, 0xFEB4, 0xFEB4, 0xFEB4, 0xFEB4, 0xFEB4,
    0xFED2, 0xFED3, 0xFED3, 0xFF13, 0xFF14, 0xFF14, 0xFF14, 0xFF14, 0xFF14, 0xFF14, 0xFF34, 0xFF14, 0xFF13, 0xFEF3, 0xFEF3, 0xFEF2,
    0xFEF2, 0xFEF2, 0xFEF2, 0xFEF2, 0xFEF2, 0xFF53, 0xE651, 0xDEB3, 0x7B6A, 0x0000, 0x20C2, 0x1881, 0x10A1, 0x20E2, 0x2923, 0x39A5,
    0x3985, 0x3164, 0x18C1, 0x18C1, 0x2103, 0x2923, 0x2123, 0x18C2, 0x1081, 0x3164, 0x2923, 0x2903, 0x18A1, 0x0000, 0x6B4B, 0xDED7,
    0xEF38, 0xFFFB, 0xFFFA, 0xFFDA, 0xFFD9, 0xFF56, 0xEEB3, 0xDDF0, 0xABEA, 0xFFFE, 0xFFFF, 0xFFFD, 0xFFDD, 0xFFDD, 0xFFDD, 0xFFFE,
    0xFFFE, 0xFFFE, 0xFFFE, 0xFFFE, 0xFFFE, 0xFFFE, 0xFFFE, 0xFFFE, 0xFFFD, 0xFFFD, 0xFFDC, 0xFFBC, 0xFFFE, 0xFFFE, 0xFFFE, 0xFFFE,
    0xFFFE, 0xFFFE, 0xFFFD, 0xFFFE, 0xFFFF, 0xFFFE, 0xFFFD, 0xFFFD, 0xFFFD, 0xFFFD, 0xFFBC, 0xFFBB, 0xFFBC, 0xFFBC, 0xFFBC, 0xFFBC,
    0xFFBC, 0xFFBC, 0xFFBB, 0xFF9B, 0xFF9B, 0xFFBB, 0xFFBC, 0xFFBC, 0xFFBC, 0xFFBC, 0xFFBC, 0xFFDC, 0xFFDD, 0xFFDD, 0xFF9B, 0xF739,
    0xF73A, 0xF73A, 0xF73A, 0xF73A, 0xF739, 0xF739, 0xF739, 0xF739, 0xF739, 0xFFBB, 0xFFDC, 0xFFDD, 0xFFBC, 0xFF7B, 0xFF9B, 0xFF9B,
    0xFF9B, 0xFF7B, 0xF75A, 0xF75A, 0xF75A, 0xF73A, 0xF719, 0xF719, 0xF719, 0xF719, 0xF719, 0xF719, 0xF719, 0xF739, 0xF73A, 0xF73A,
    0xF73A, 0xF75A, 0xF73A, 0xF79C, 0xFFFE, 0xFFFD, 0xF77B, 0xE6D8, 0xEED8, 0xE697, 0xBDB4, 0x1081, 0x0000, 0x0860, 0x0840, 0x0840,
    0x0840, 0x0040, 0x0860, 0x0861, 0x0860, 0x0880, 0x1081, 0x1081, 0x1081, 0x1081, 0x0000, 0x1060, 0xE652, 0xFF75, 0xFF14, 0xFF35,
    0xFF35, 0xFF76, 0xFFDA, 0xFFDA, 0xFFDA, 0xFFB9, 0xFFB9, 0xFFB9, 0xFFB8, 0xFF36, 0xFEF5, 0xFEF5, 0xFEF5, 0xFEF5, 0xFEF5, 0xFED4,
    0xFED4, 0xFED4, 0xFED4, 0xFEB4, 0xFEB4, 0xFEB4, 0xFEB3, 0xFEB3, 0xFEB3, 0xFEB3, 0xFEB3, 0xFE93, 0xFEF4, 0xFFB9, 0xFFBA, 0xFFBA,
    0xFFBA, 0xFFBA, 0xFFBA, 0xFFBA, 0xFFBA, 0xFFBA, 0xFFBA, 0xFFBA, 0xFFDA, 0xFFBA, 0xFFBA, 0xFFBA, 0xFFDB, 0xFFDA, 0xFFBA, 0xFFBA,
    0xFFDA, 0xFFDA, 0xFFDA, 0xFFBA, 0xFFBA, 0xFFDA, 0xFFDA, 0xFF78, 0xFF16, 0xFE93, 0xFEB4, 0xFEB4, 0xFEB4, 0xFEB4, 0xFEB4, 0xFEB4,
    0xFED3, 0xFED3, 0xFED3, 0xFEF3, 0xFEF3, 0xFEF3, 0xFEF3, 0xFF14, 0xFF14, 0xFF14, 0xFF14, 0xFF13, 0xFF13, 0xFF13, 0xFF13, 0xFF12,
    0xFEF2, 0xFEF2, 0xFEF2, 0xFF12, 0xFEF2, 0xC56F, 0x39A4, 0x18A2, 0x20E2, 0x3185, 0x41C6, 0x39C5, 0x41A5, 0x39A5, 0x39A5, 0x3985,
    0x3985, 0x3184, 0x2923, 0x20E2, 0x2103, 0x2103, 0x2923, 0x10A1, 0x1081, 0x3144, 0x3144, 0x3144, 0x2903, 0x2102, 0x20E2, 0x0820,
    0xA511, 0xFFBB, 0xF7B9, 0xFFB9, 0xFFFA, 0xFFFA, 0xBCCE, 0xAC4D, 0xC572, 0xF79C, 0xFFFE, 0xFFDD, 0xFFBB, 0xFFBB, 0xFFBB, 0xFFDC,
    0xFFFE, 0xFFFE, 0xFFFE, 0xFFFE, 0xFFFE, 0xFFFE, 0xFFFE, 0xFFFE, 0xFFFE, 0xFFBC, 0xFF9B, 0xFFBC, 0xFFDD, 0xFFBC, 0xFFDD, 0xFFFE,
    0xFFFE, 0xFFFE, 0xFFFE, 0xFFFE, 0xFFFE, 0xFFFE, 0xFFFD, 0xFFFD, 0xFFFD, 0xFFFD, 0xFFBC, 0xFFBC, 0xFFBC, 0xFFBB, 0xFFBB, 0xFFBB,
    0xFF9B, 0xFF9B, 0xFFBB, 0xFFBC, 0xFFBC, 0xFFBC, 0xFFBB, 0xFF9B, 0xFF9B, 0xFF9B, 0xFF9B, 0xFFDC, 0xFFBC, 0xF79B, 0xF75A, 0xF73A,
    0xF73A, 0xF73A, 0xF739, 0xF739, 0xF739, 0xF739, 0xF739, 0xF739, 0xF73A, 0xFFBC, 0xFFDD, 0xFFFE, 0xFFFE, 0xFFFD, 0xFFBC, 0xFF9B,
    0xFF9B, 0xF75A, 0xF75A, 0xFF5A, 0xFF3A, 0xF73A, 0xF719, 0xF719, 0xF719, 0xF719, 0xF719, 0xF719, 0xF719, 0xF739, 0xF73A, 0xF73A,
    0xF719, 0xF73A, 0xF73A, 0xFF9B, 0xFFFD, 0xFFFD, 0xFFFD, 0xFFBC, 0xF79B, 0xF73A, 0xEEF8, 0x4A06, 0x18C2, 0x0860, 0x0860, 0x0840,
    0x0840, 0x0840, 0x0861, 0x1081, 0x1061, 0x1081, 0x1081, 0x1081, 0x1081, 0x1060, 0x2943, 0x3964, 0xE652, 0xFF55, 0xFF35, 0xFF35,
    0xFF35, 0xFF56, 0xFF77, 0xFF36, 0xFF15, 0xFF15, 0xFEF5, 0xFEF5, 0xFEF4, 0xFEF4, 0xFED4, 0xFED4, 0xFED4, 0xFED4, 0xFED4, 0xFED4,
    0xFED4, 0xFED4, 0xFED4, 0xFED4, 0xFED4, 0xFEB4, 0xFEB3, 0xFEB3, 0xFEB3, 0xFEB3, 0xFEB3, 0xFEB3, 0xFEB3, 0xFEF4, 0xFF78, 0xFFDA,
    0xFFBA, 0xFFBA, 0xFFBA, 0xFFBA, 0xFFBA, 0xFFBA, 0xFFBA, 0xFFBA, 0xFFBA, 0xFFBA, 0xFFBA, 0xFFDB, 0xFFDB, 0xFFBA, 0xFFBA, 0xFFBA,
    0xFFDA, 0xFFDA, 0xFFDA, 0xFFBA, 0xFFBA, 0xFFBA, 0xFFDA, 0xFFFB, 0xFFBA, 0xFF58, 0xFF16, 0xFEB3, 0xFEB4, 0xFEB4, 0xFEB4, 0xFEB4,
    0xFED3, 0xFED3, 0xFED3, 0xFED3, 0xFED3, 0xFED3, 0xFEF3, 0xFF13, 0xFF14, 0xFF14, 0xFF13, 0xFF13, 0xFF13, 0xFF13, 0xFF13, 0xFEF2,
    0xFEF2, 0xFEF2, 0xFED2, 0xEEB2, 0xE692, 0x2902, 0x2944, 0x39A5, 0x39A5, 0x3985, 0x3985, 0x3184, 0x3985, 0x3164, 0x3164, 0x3164,
    0x3164, 0x3164, 0x3144, 0x2943, 0x2923, 0x2923, 0x18E2, 0x1081, 0x1081, 0x2923, 0x2923, 0x2924, 0x2944, 0x2944, 0x18E2, 0x1060,
    0x2923, 0x20E3, 0xAD31, 0xFFFF, 0xDE54, 0xB48C, 0xAC2C, 0xFFFD, 0xFFFF, 0xFFFE, 0xFFFE, 0xFFFE, 0xFFFD, 0xFFDC, 0xFFBB, 0xFFBC,
    0xFFFD, 0xFFFE, 0xFFFE, 0xFFFE, 0xFFFE, 0xFFFE, 0xFFFE, 0xFFFE, 0xFFDD, 0xFF9B, 0xFF9B, 0xFF9B, 0xFFBC, 0xFFDC, 0xFFFD, 0xFFFE,
    0xFFFE, 0xFFFE, 0xFFFD, 0xFFFD, 0xFFFE, 0xFFFE, 0xFFFE, 0xFFFE, 0xFFFE, 0xFFFE, 0xFFFD, 0xFFFE, 0xFFFD, 0xFFBC, 0xFF9B, 0xFF9B,
    0xFFBB, 0xFF9B, 0xFFDC, 0xFFFE, 0xFFFE, 0xFFFE, 0xFFBB, 0xFFBB, 0xFFBB, 0xFFBC, 0xFFBC, 0xFFBB, 0xFF9B, 0xFF9B, 0xF75A, 0xF73A,
    0xF739, 0xF739, 0xF739, 0xF739, 0xF73A, 0xF71A, 0xF77B, 0xFFDD, 0xFFDD, 0xFFBB, 0xFF9C, 0xFFDD, 0xFFDD, 0xFFDD, 0xFF9C, 0xFF7B,
    0xFF7B, 0xF75A, 0xFF5A, 0xF719, 0xF719, 0xF719, 0xF719, 0xF719, 0xF739, 0xFF9B, 0xFF9B, 0xF739, 0xEED8, 0xEEF8, 0xEEF8, 0xEEF8,
    0xEED8, 0xF719, 0xF739, 0xFFBC, 0xFFFD, 0xFFFD, 0xFFFD, 0xFFFE, 0xFFFD, 0xF73A, 0xF719, 0xFFBC, 0x6B2B, 0x0000, 0x1081, 0x0860,
    0x0860, 0x0840, 0x0861, 0x1081, 0x1081, 0x1081, 0x1081, 0x1081, 0x1081, 0x0820, 0xC5F3, 0xF7BA, 0xF799, 0xFFDA, 0xFFDA, 0xFFDA,
    0xFFDA, 0xFFDA, 0xFFD9, 0xFF16, 0xFEF4, 0xFEF4, 0xFEF4, 0xFEF4, 0xFED4, 0xFEF4, 0xFED4, 0xFED4, 0xFED4, 0xFED4, 0xFED4, 0xFED4,
    0xFED4, 0xFED4, 0xFED4, 0xFED4, 0xFED4, 0xFED4, 0xFED4, 0xFED4, 0xFED3, 0xFEB3, 0xFEB3, 0xFEB4, 0xFEB4, 0xFEB3, 0xFEF5, 0xFF57,
    0xFFBA, 0xFFDA, 0xFFBA, 0xFFBA, 0xFFBA, 0xFFBA, 0xFFBA, 0xFFBA, 0xFFBA, 0xFFBA, 0xFFDB, 0xFFDB, 0xFFDB, 0xFFDA, 0xFFBA, 0xFFBA,
    0xFFDA, 0xFFDA, 0xFFDA, 0xFFBA, 0xFFBA, 0xFFDA, 0xFFDA, 0xFFDA, 0xFFDB, 0xFFFB, 0xFF99, 0xFEF5, 0xFED4, 0xFEB4, 0xFEB4, 0xFEB4,
    0xFED3, 0xFED3, 0xFED3, 0xFED3, 0xFED3, 0xFED3, 0xFED3, 0xFED3, 0xFEF3, 0xFF14, 0xFF13, 0xFF13, 0xFF13, 0xFEF3, 0xFEF2, 0xFEF2,
    0xFED2, 0xFF12, 0xFF54, 0x49C5, 0x20C1, 0x20C1, 0x3985, 0x39A5, 0x3985, 0x3985, 0x3985, 0x3984, 0x3184, 0x2102, 0x18C1, 0x18C2,
    0x18C2, 0x18A2, 0x1081, 0x18C2, 0x20E2, 0x2103, 0x18C2, 0x0860, 0x1081, 0x10A1, 0x2103, 0x2923, 0x2923, 0x2923, 0x2103, 0x2923,
    0x18A1, 0x0000, 0x4A06, 0x736C, 0x944D, 0xBD11, 0xBD30, 0xFFBD, 0xFFFE, 0xFFFE, 0xFFFE, 0xFFFE, 0xFFFE, 0xFFFE, 0xFFDC, 0xFFBC,
    0xFFDD, 0xFFFE, 0xFFFE, 0xFFFE, 0xFFFE, 0xFFFE, 0xFFFE, 0xFFFD, 0xFF9B, 0xFF9B, 0xFF7B, 0xFF9B, 0xFFBB, 0xFFFE, 0xFFFE, 0xFFFE,
    0xFFFE, 0xFFFD, 0xFFDC, 0xFFFD, 0xFFFE, 0xFFFE, 0xFFFE, 0xFFFE, 0xFFFD, 0xFFFE, 0xFFFE, 0xFFDD, 0xFFDC, 0xFFDC, 0xFFDC, 0xFFBC,
    0xFFBC, 0xFFBC, 0xFFDC, 0xFFDC, 0xFFDC, 0xFFDC, 0xFFDC, 0xFFDC, 0xFFDC, 0xFFDC, 0xFFDC, 0xFF9B, 0xFF9B, 0xFF9B, 0xFF7A, 0xF73A,
    0xFF9B, 0xFFBC, 0xFFBC, 0xFFBC, 0xFFDC, 0xFFBC, 0xFFDD, 0xFFFE, 0xFFFE, 0xFFDD, 0xFFBC, 0xFF9B, 0xFF9B, 0xFF9B, 0xFF9B, 0xFF9B,
    0xF77A, 0xF73A, 0xF719, 0xF6F8, 0xEED8, 0xF6F9, 0xF719, 0xF739, 0xFF9B, 0xFFDD, 0xFFBB, 0xF739, 0xEED8, 0xEED8, 0xEED8, 0xEED8,
    0xEED8, 0xF719, 0xF73A, 0xF77B, 0xFFDD, 0xFFDC, 0xFFDC, 0xFFBC, 0xF75A, 0xF73A, 0xF73A, 0xFF7B, 0xB574, 0x2965, 0x0000, 0x0020,
    0x0860, 0x0860, 0x0861, 0x1081, 0x1081, 0x1081, 0x1081, 0x1081, 0x10A1, 0x0020, 0xBDD3, 0xFFFC, 0xFFFA, 0xFFFB, 0xFFFA, 0xFFFA,
    0xFFDB, 0xFFDB, 0xFFFB, 0xFF99, 0xFF36, 0xFEF4, 0xFEF5, 0xFEF4, 0xFEF4, 0xFEF4, 0xFEF4, 0xFED4, 0xFED4, 0xFED4, 0xFED4, 0xFED4,
    0xFED4, 0xFED4, 0xFED4, 0xFED4, 0xFED4, 0xFED4, 0xFED4, 0xFED4, 0xFED4, 0xFED4, 0xFED4, 0xFED4, 0xFEB4, 0xFEB4, 0xFEB3, 0xFED4,
    0xFF78, 0xFFB9, 0xFFBA, 0xFFBA, 0xFFBA, 0xFFBA, 0xFFBA, 0xFFBA, 0xFFDB, 0xFFDB, 0xFFDB, 0xFFDB, 0xFFDB, 0xFFDA, 0xFFBA, 0xFFBA,
    0xFFDA, 0xFFDA, 0xFFDA, 0xFFBA, 0xFFBA, 0xFFDA, 0xFFDA, 0xFFDA, 0xFFDB, 0xFFDB, 0xFFDB, 0xFFDB, 0xFF16, 0xFEB3, 0xFEB4, 0xFEB4,
    0xFED3, 0xFED3, 0xFED3, 0xFEF3, 0xFED3, 0xFED3, 0xFED2, 0xFED3, 0xFEF3, 0xFEF3, 0xFF13, 0xFF13, 0xFF13, 0xFEF2, 0xFEF2, 0xFED2,
    0xFF13, 0xDE10, 0x72E8, 0x2902, 0x20E2, 0x3144, 0x39A5, 0x39A5, 0x39A5, 0x3164, 0x2923, 0x2923, 0x2923, 0x2102, 0x18C2, 0x18C2,
    0x18C2, 0x10A2, 0x0861, 0x0861, 0x1081, 0x18C2, 0x10A1, 0x0860, 0x1081, 0x1081, 0x20E3, 0x2103, 0x2103, 0x2923, 0x2924, 0x2924,
    0x2923, 0x2102, 0x18A1, 0x0000, 0x738C, 0xFFFF, 0xF77B, 0xFFDD, 0xFFFE, 0xFFFE, 0xFFFE, 0xFFFE, 0xFFFE, 0xFFFE, 0xFFDD, 0xFFDC,
    0xFFFD, 0xFFFE, 0xFFFE, 0xFFFE, 0xFFFE, 0xFFFE, 0xFFFE, 0xFFDD, 0xFF9A, 0xFF9B, 0xFF9B, 0xFF9B, 0xFFDC, 0xFFFE, 0xFFFE, 0xFFFD,
    0xFFFE, 0xFFFD, 0xFFDC, 0xFFDC, 0xFFFD, 0xFFFE, 0xFFFD, 0xFFDC, 0xFFDC, 0xFFFE, 0xFFFD, 0xFFDC, 0xFFDC, 0xFFDC, 0xFFFD, 0xFFDC,
    0xFFDC, 0xFFDC, 0xFFDC, 0xFFDC, 0xFFDC, 0xFFBB, 0xFFBC, 0xFFBC, 0xFFBB, 0xFF9B, 0xFF9C, 0xFF9B, 0xFF9B, 0xFF7B, 0xF73A, 0xF6F9,
    0xF75A, 0xFF7B, 0xFF9B, 0xFFFD, 0xFFDD, 0xFFFD, 0xFFFE, 0xFFFE, 0xFFFD, 0xFFFE, 0xFFDD, 0xFFDC, 0xFFDC, 0xFFDC, 0xFFDC, 0xFF7B,
    0xFF7B, 0xF739, 0xEED8, 0xF6D8, 0xEED8, 0xF719, 0xF739, 0xF75A, 0xFFBC, 0xF77B, 0xFF7B, 0xFF9B, 0xF6F9, 0xEED8, 0xEED8, 0xEED8,
    0xEED8, 0xF719, 0xF73A, 0xF739, 0xF73A, 0xF739, 0xF719, 0xF719, 0xF739, 0xF73A, 0xF73A, 0xEF19, 0xFFFC, 0x9C90, 0x4A27, 0x2944,
    0x0000, 0x0840, 0x0860, 0x0861, 0x1081, 0x1081, 0x1081, 0x1081, 0x10A1, 0x0840, 0xBDB2, 0xFFFB, 0xFFDA, 0xFFFA, 0xFFDA, 0xFFDA,
    0xFFFA, 0xFFFA, 0xFFFA, 0xFFFB, 0xFF98, 0xFF36, 0xFEF4, 0xFEF4, 0xFEF4, 0xFEF4, 0xFED4, 0xFED4, 0xFED4, 0xFED4, 0xFED4, 0xFEF4,
    0xFEF4, 0xFEF5, 0xFEF4, 0xFED4, 0xFED4, 0xFED4, 0xFED4, 0xFED4, 0xFED4, 0xFED4, 0xFED4, 0xFED4, 0xFEB3, 0xFEB3, 0xFEB3, 0xFEB3,
    0xFEB3, 0xFF36, 0xFFDA, 0xFFBA, 0xFFBA, 0xFFBA, 0xFFBA, 0xFFDB, 0xFFDB, 0xFFDB, 0xFFDB, 0xFFDB, 0xFFDB, 0xFFDB, 0xFFDA, 0xFFDA,
    0xFFDA, 0xFFBA, 0xFFBA, 0xFFBA, 0xFFBA, 0xFFDA, 0xFFDA, 0xFFDA, 0xFFDB, 0xFFDB, 0xFFDA, 0xFFDB, 0xFFBA, 0xFF78, 0xFED5, 0xFEB4,
    0xFED3, 0xFED3, 0xFED3, 0xFEF3, 0xFEF3, 0xFED3, 0xFED3, 0xFED3, 0xFEF3, 0xFEF3, 0xFEF3, 0xFEF3, 0xFEF3, 0xFED2, 0xFED2, 0xFEB2,
    0xFF54, 0xC56F, 0x0000, 0x3164, 0x41E6, 0x41C5, 0x39A5, 0x39A5, 0x3144, 0x20E2, 0x20C1, 0x20C2, 0x18C2, 0x20C2, 0x20E2, 0x18C2,
    0x18E2, 0x18C2, 0x0860, 0x0840, 0x0860, 0x0860, 0x0860, 0x0860, 0x0881, 0x1081, 0x1081, 0x1081, 0x10A2, 0x2103, 0x2103, 0x2103,
    0x2103, 0x2103, 0x2923, 0x1060, 0x7BAD, 0xFFFD, 0xFF7A, 0xFF9B, 0xFFBC, 0xFFFE, 0xFFFE, 0xFFFE, 0xFFFE, 0xFFFE, 0xFFFD, 0xFFFD,
    0xFFFE, 0xFFFE, 0xFFFE, 0xFFFE, 0xFFFE, 0xFFFE, 0xFFBC, 0xFF9B, 0xFF9B, 0xFF9B, 0xFF9B, 0xFF7B, 0xFFDC, 0xFFFE, 0xFFFD, 0xFFDC,
    0xFFDC, 0xFFFD, 0xFFFD, 0xFFFC, 0xFFFC, 0xFFDC, 0xFFDC, 0xFFDD, 0xFFFE, 0xFFFE, 0xFFDC, 0xFFBC, 0xFFBC, 0xFFBC, 0xFFDC, 0xFFDC,
    0xFFBC, 0xFFDC, 0xFFDC, 0xFFDC, 0xFFDC, 0xFF7B, 0xFF7B, 0xFF9B, 0xFFBB, 0xFF9B, 0xFF9B, 0xFF9B, 0xFF9B, 0xF73A, 0xF6F9, 0xF6F9,
    0xF6F9, 0xF6F9, 0xF719, 0xF719, 0xF719, 0xF75B, 0xFFFD, 0xFFDD, 0xFFDC, 0xFFDC, 0xFFDC, 0xFFDC, 0xFFBC, 0xFFBC, 0xFFBC, 0xFF7B,
    0xFF5A, 0xF719, 0xEED8, 0xEED8, 0xEED8, 0xF719, 0xF739, 0xF739, 0xF739, 0xF739, 0xF759, 0xFF5A, 0xEEF9, 0xEEB8, 0xEED8, 0xEED8,
    0xEED8, 0xF719, 0xF73A, 0xF739, 0xF73A, 0xF77B, 0xFF9B, 0xFF9B, 0xF75A, 0xF73A, 0xEEF9, 0xEED8, 0xEEB8, 0xEEF8, 0xFF9B, 0x736C,
    0x1081, 0x20E2, 0x0860, 0x0861, 0x1061, 0x1081, 0x10A1, 0x10A1, 0x1060, 0x0000, 0xB572, 0xFFFC, 0xFFDA, 0xFFFA, 0xFFFA, 0xFFFA,
    0xFFDA, 0xFFDA, 0xFFDA, 0xFFDA, 0xFFFA, 0xFFDA, 0xFF15, 0xFEF4, 0xFED4, 0xFED4, 0xFED4, 0xFED4, 0xFED4, 0xFED4, 0xFEF4, 0xFEF4,
    0xFEF4, 0xFEF4, 0xFEF4, 0xFED4, 0xFED4, 0xFED4, 0xFED4, 0xFED4, 0xFED4, 0xFEB4, 0xFED4, 0xFEB4, 0xFEB3, 0xFEB3, 0xFEB3, 0xFEB3,
    0xFEB3, 0xFED4, 0xFF37, 0xFFBA, 0xFFBA, 0xFFB9, 0xFFDA, 0xFFDA, 0xFFDB, 0xFFDA, 0xFFDB, 0xFFDB, 0xFFDB, 0xFFDB, 0xFFDB, 0xFFDB,
    0xFFBA, 0xFFBA, 0xFFBA, 0xFFBA, 0xFFBA, 0xFFBA, 0xFFDA, 0xFFDA, 0xFFDA, 0xFFDA, 0xFFDB, 0xFFDB, 0xFFDB, 0xFFDA, 0xFFB9, 0xFF16,
    0xFED3, 0xFED3, 0xFED3, 0xFEF3, 0xFEF3, 0xFED3, 0xFED3, 0xFED2, 0xFED2, 0xFED2, 0xFED2, 0xFEB2, 0xFED2, 0xFF33, 0xFF94, 0xF6B2,
    0x51E5, 0x3963, 0x3984, 0x39A5, 0x39A5, 0x39A5, 0x3984, 0x2923, 0x20E2, 0x20C2, 0x20C1, 0x20C1, 0x20C1, 0x18C2, 0x18C2, 0x18A1,
    0x18C2, 0x18E2, 0x18C2, 0x18C2, 0x0860, 0x0840, 0x0860, 0x0860, 0x0881, 0x1081, 0x1081, 0x1081, 0x1081, 0x1081, 0x20E2, 0x18C2,
    0x18C2, 0x20E2, 0x18A1, 0x0000, 0x7BAC, 0xFFFD, 0xF759, 0xFF7A, 0xFF9B, 0xFFFE, 0xFFFE, 0xFFFE, 0xFFFE, 0xFFFE, 0xFFFE, 0xFFFE,
    0xFFFE, 0xFFFE, 0xFFFE, 0xFFFE, 0xFFFE, 0xFFFE, 0xFFBB, 0xFF9A, 0xFF9B, 0xFF9A, 0xFFBB, 0xFFDC, 0xFFFD, 0xFFFE, 0xFFDD, 0xFFBC,
    0xFFBB, 0xFFDD, 0xFFFD, 0xFFDC, 0xFFFC, 0xFFFD, 0xFFFC, 0xFFFD, 0xFFFE, 0xFFFD, 0xFFDC, 0xFFBC, 0xF77A, 0xF77A, 0xFF9B, 0xFFBB,
    0xFFBB, 0xFFBB, 0xFFDC, 0xFFDC, 0xFFDC, 0xFF7A, 0xF75A, 0xFF7A, 0xFF7A, 0xFF9B, 0xFF9B, 0xFFBC, 0xFF7B, 0xF719, 0xF719, 0xF6F9,
    0xF6F9, 0xF6F9, 0xF6F9, 0xF6F8, 0xEEF8, 0xF6F8, 0xF719, 0xF719, 0xF719, 0xEF19, 0xF79A, 0xFFDC, 0xFFDC, 0xFFDC, 0xFF7B, 0xFF5B,
    0xF73A, 0xEED8, 0xEED8, 0xEED8, 0xEED7, 0xF719, 0xF73A, 0xF739, 0xF73A, 0xFF5A, 0xEEF8, 0xEED8, 0xEED8, 0xEED8, 0xEEB8, 0xEEB8,
    0xEEB8, 0xEED8, 0xF75A, 0xF77A, 0xFFBB, 0xFFDC, 0xFFDC, 0xFF7B, 0xF73A, 0xF719, 0xF719, 0xF73A, 0xF719, 0xEEB8, 0xEEB8, 0xD615,
    0xDE56, 0x7B8C, 0x0000, 0x0861, 0x0860, 0x0020, 0x0000, 0x0000, 0x39A5, 0x9490, 0xDED7, 0xFFFB, 0xFFDA, 0xFFFA, 0xFFFA, 0xFFFA,
    0xFFDA, 0xFFDA, 0xFFDA, 0xFFDA, 0xFFDA, 0xFFDA, 0xFFB9, 0xFF35, 0xFEF4, 0xFEF4, 0xFED4, 0xFED4, 0xFED4, 0xFED4, 0xFED4, 0xFED4,
    0xFED4, 0xFEF5, 0xFEF5, 0xFED4, 0xFED4, 0xFED4, 0xFED4, 0xFED4, 0xFED4, 0xFEB4, 0xFEB4, 0xFED4, 0xFEB4, 0xFEB4, 0xFEB4, 0xFEB3,
    0xFEB3, 0xFEB3, 0xFED4, 0xFF57, 0xFF78, 0xFFBA, 0xFFB9, 0xFFBA, 0xFFDA, 0xFFDA, 0xFFDA, 0xFFDB, 0xFFDB, 0xFFDB, 0xFFDB, 0xFFDB,
    0xFFBA, 0xFFBA, 0xFFBA, 0xFFBA, 0xFFDA, 0xFFDA, 0xFFDA, 0xFFDA, 0xFFDA, 0xFFDA, 0xFFFB, 0xFFDB, 0xFFDB, 0xFFFB, 0xFFDA, 0xFF57,
    0xFEF3, 0xFEF3, 0xFED3, 0xFEF3, 0xFEF3, 0xFED3, 0xFED3, 0xFEF3, 0xFEF3, 0xFEF3, 0xFED2, 0xFEF3, 0xFF33, 0x8369, 0x72E7, 0x72E8,
    0x2923, 0x3144, 0x39A5, 0x39A5, 0x31A5, 0x3985, 0x3164, 0x2923, 0x2102, 0x18C2, 0x20C1, 0x18C1, 0x20C2, 0x18C2, 0x18A2, 0x1081,
    0x1081, 0x10A1, 0x18E2, 0x18E2, 0x18C2, 0x0881, 0x0840, 0x0860, 0x0881, 0x1081, 0x1081, 0x1081, 0x1081, 0x1081, 0x10C2, 0x10A1,
    0x18C2, 0x10A1, 0x2923, 0x4A27, 0x5A88, 0xD656, 0xFFDC, 0xFFBC, 0xFFDD, 0xFFFE, 0xFFFE, 0xFFFE, 0xFFFE, 0xFFFE, 0xFFFE, 0xFFFE,
    0xFFFE, 0xFFFE, 0xFFFE, 0xFFFE, 0xFFFE, 0xFFFE, 0xFFBC, 0xFF9B, 0xFF9B, 0xFFBB, 0xFFDC, 0xFFFD, 0xFFDC, 0xFFFD, 0xFFDD, 0xFFDC,
    0xFFDC, 0xFFDD, 0xFFFD, 0xFFFC, 0xFFFC, 0xFFFD, 0xFFFD, 0xFFFD, 0xFFBC, 0xFFBC, 0xFFBB, 0xFF9B, 0xF77A, 0xF77A, 0xFFBB, 0xFFBB,
    0xFF9A, 0xFF9A, 0xFF9B, 0xFF9B, 0xFF9B, 0xF75A, 0xF73A, 0xF739, 0xF739, 0xF75A, 0xF75A, 0xF73A, 0xF719, 0xF719, 0xF719, 0xF719,
    0xF6F9, 0xEEF8, 0xF6F8, 0xF6F8, 0xEEF8, 0xF6F8, 0xEEF8, 0xEEF8, 0xEEF8, 0xEED8, 0xF719, 0xFF7B, 0xFF7A, 0xF77A, 0xF719, 0xF719,
    0xEEF8, 0xEED8, 0xEED7, 0xEED8, 0xEED8, 0xEEF8, 0xEEF8, 0xF719, 0xFF5A, 0xFF5A, 0xEED8, 0xEE97, 0xEEB7, 0xEEB7, 0xEEB7, 0xEEB8,
    0xEEB7, 0xEEB7, 0xF719, 0xEF19, 0xF739, 0xF739, 0xF75A, 0xEF19, 0xEF19, 0xF719, 0xF75A, 0xFF9B, 0xEF19, 0xEED8, 0xEED8, 0xF719,
    0xEEF8, 0xC5B4, 0xBD73, 0x4A26, 0x0000, 0x2103, 0x5267, 0x41E6, 0x83EC, 0xFFFD, 0xFFFB, 0xFFDA, 0xFFFA, 0xFFFA, 0xFFFA, 0xFFFA,
    0xFFFA, 0xFFDA, 0xFFDA, 0xFFDA, 0xFFDA, 0xFFDA, 0xFFDA, 0xFFDA, 0xFF77, 0xFED4, 0xFED4, 0xFED4, 0xFED4, 0xFED4, 0xFED4, 0xFED4,
    0xFED4, 0xFEF5, 0xFEF5, 0xFED4, 0xFED4, 0xFED4, 0xFED4, 0xFED4, 0xFED4, 0xFED4, 0xFEB4, 0xFEB4, 0xFEB4, 0xFEB4, 0xFEB4, 0xFEB4,
    0xFEB3, 0xFEB4, 0xFEB4, 0xFEB3, 0xFF36, 0xFF98, 0xFFBA, 0xFFBA, 0xFFDA, 0xFFBA, 0xFFDA, 0xFFDA, 0xFFDA, 0xFFDA, 0xFFDA, 0xFFBA,
    0xFFBA, 0xFFBA, 0xFFBA, 0xFFDA, 0xFFDA, 0xFFDA, 0xFFDA, 0xFFDA, 0xFFDA, 0xFFB9, 0xFF57, 0xFF58, 0xFF58, 0xFF58, 0xFF58, 0xFF56,
    0xFEF3, 0xFEF3, 0xFEF3, 0xFEF3, 0xFEF3, 0xFEF3, 0xFEF3, 0xFEF3, 0xFF77, 0xFFB8, 0xFFB8, 0xDE74, 0xB551, 0x2903, 0x1040, 0x1060,
    0x3984, 0x41E6, 0x39C5, 0x39A5, 0x3185, 0x3985, 0x3144, 0x18C2, 0x20E2, 0x18E2, 0x20E2, 0x20C2, 0x20C3, 0x20C2, 0x18C2, 0x10A1,
    0x0860, 0x1081, 0x18C2, 0x18C2, 0x18E2, 0x10A1, 0x0840, 0x0860, 0x0860, 0x0881, 0x1081, 0x1081, 0x0881, 0x1081, 0x10A1, 0x10A1,
    0x18C2, 0x0000, 0x5AA9, 0xFFFE, 0xD697, 0xE719, 0xFFFE, 0xFFFE, 0xFFFE, 0xFFFE, 0xFFFE, 0xFFFE, 0xFFFE, 0xFFFE, 0xFFFE, 0xFFFE,
    0xFFFE, 0xFFFE, 0xFFFD, 0xFFFD, 0xFFFD, 0xFFFD, 0xFFBC, 0xFF9A, 0xFF9A, 0xFFDC, 0xFFFD, 0xFFFD, 0xFFDC, 0xFFDC, 0xFFDC, 0xFFDD,
    0xFFFD, 0xFFFD, 0xFFFD, 0xFFFC, 0xFFFD, 0xFFFC, 0xFFFD, 0xFFFD, 0xFF9B, 0xF77A, 0xF77A, 0xF77A, 0xFF7A, 0xF77A, 0xFF9B, 0xFF9B,
    0xFF9A, 0xFF9A, 0xFF7A, 0xFF7A, 0xFF7A, 0xF75A, 0xF73A, 0xF739, 0xF739, 0xF739, 0xF719, 0xF719, 0xF719, 0xF6F8, 0xF6F8, 0xF6F8,
    0xEED8, 0xF6F8, 0xEEF8, 0xEEF8, 0xEEF8, 0xEEF8, 0xEEF8, 0xEEF8, 0xEEF8, 0xEEF8, 0xEEF8, 0xEEF8, 0xEEF8, 0xEED8, 0xEED8, 0xEED8,
    0xEED8, 0xEED8, 0xEEB7, 0xEEB7, 0xEEB7, 0xEEB7, 0xEEB7, 0xEEF8, 0xF739, 0xEEF8, 0xEEB7, 0xEE97, 0xEE97, 0xEE97, 0xEEB7, 0xEEB7,
    0xEEB7, 0xEEB7, 0xEEB7, 0xEEB7, 0xEEB7, 0xEEB7, 0xEEF8, 0xF719, 0xF739, 0xF739, 0xF739, 0xF739, 0xEED8, 0xEEB8, 0xEED8, 0xF719,
    0xE6B7, 0xE697, 0xF6F8, 0xC593, 0x5227, 0x62C8, 0xFFFC, 0xFFDB, 0xFFDA, 0xFFB9, 0xFFFA, 0xFFFA, 0xFFFA, 0xFFFA, 0xFFFA, 0xFFFA,
    0xFFFA, 0xFFFA, 0xFFFA, 0xFFDA, 0xFFDA, 0xFFDA, 0xFFDA, 0xFFFB, 0xFFB9, 0xFF57, 0xFEF5, 0xFED4, 0xFED4, 0xFED4, 0xFED4, 0xFED4,
    0xFED4, 0xFED4, 0xFED4, 0xFED4, 0xFED4, 0xFED4, 0xFED4, 0xFED4, 0xFED4, 0xFED4, 0xFED4, 0xFED4, 0xFED4, 0xFEB4, 0xFEB4, 0xFEB4,
    0xFEB4, 0xFEB4, 0xFEB4, 0xFEB4, 0xFED4, 0xFF16, 0xFFB9, 0xFFBA, 0xFFDA, 0xFFBA, 0xFFBA, 0xFFBA, 0xFFBA, 0xFFBA, 0xFFDA, 0xFFDA,
    0xFFDA, 0xFFDA, 0xFFBA, 0xFF78, 0xFF78, 0xFF78, 0xFF78, 0xFF78, 0xFF98, 0xFF36, 0xFE93, 0xFE93, 0xFEB4, 0xFEB4, 0xFEB4, 0xFED4,
    0xFF14, 0xFF14, 0xFF98, 0xFFD9, 0xFFB9, 0xFFD9, 0xFFB9, 0xFFB9, 0xFFFA, 0xFFDA, 0xFFFD, 0xA511, 0x0000, 0x3143, 0x4A07, 0x49E6,
    0x41C6, 0x39A5, 0x3164, 0x3164, 0x39A5, 0x39C5, 0x2944, 0x18A1, 0x18C2, 0x18A2, 0x18A2, 0x18C2, 0x20C2, 0x20C2, 0x20E3, 0x18C2,
    0x0860, 0x10A1, 0x18C2, 0x18C2, 0x18C2, 0x18C2, 0x10A1, 0x0860, 0x0860, 0x0861, 0x0861, 0x0861, 0x0861, 0x1081, 0x10A1, 0x1081,
    0x1081, 0x0000, 0x5268, 0xFFFE, 0xFFFE, 0xFFFE, 0xFFFD, 0xFFFE, 0xFFFE, 0xFFFE, 0xFFFE, 0xFFFE, 0xFFFE, 0xFFFE, 0xFFFE, 0xFFFE,
    0xFFFE, 0xFFFE, 0xFFDC, 0xFFDC, 0xFFDC, 0xFFDC, 0xFFBB, 0xFF9B, 0xFF9B, 0xFFDD, 0xFFFE, 0xFFFD, 0xFFDC, 0xFFDC, 0xFFDC, 0xFFDC,
    0xFFFD, 0xFFBC, 0xFFBC, 0xFFFD, 0xFFFD, 0xFFBC, 0xFFBC, 0xFFDC, 0xFF9B, 0xFF7A, 0xF77A, 0xF77A, 0xFF7A, 0xF75A, 0xF75A, 0xF75A,
    0xFF7A, 0xFF9A, 0xEEF8, 0xF739, 0xFF7A, 0xF75A, 0xF719, 0xEED7, 0xEEF8, 0xF718, 0xF718, 0xF719, 0xF719, 0xE676, 0xE655, 0xE655,
    0xE656, 0xEED8, 0xEEF8, 0xEED8, 0xF6D8, 0xEED8, 0xEED8, 0xEED8, 0xEEF8, 0xEEF8, 0xF6F8, 0xF6F8, 0xEEF8, 0xEEF8, 0xEED8, 0xEED8,
    0xEEB7, 0xEEB7, 0xEEB7, 0xEEB7, 0xEEB7, 0xEEB7, 0xEEB7, 0xEEB7, 0xEEB7, 0xEEB7, 0xEEB7, 0xEEB7, 0xEEB7, 0xEEB7, 0xEEB7, 0xEEB8,
    0xEEB7, 0xEEB7, 0xEEB8, 0xEEB8, 0xEEB8, 0xEEB7, 0xEED8, 0xEED8, 0xEF19, 0xF719, 0xEEB8, 0xEED8, 0xEED8, 0xEED8, 0xEED8, 0xEEF8,
    0xEED8, 0xE697, 0xDE76, 0xFF3A, 0xC572, 0x7B29, 0x7308, 0xDE96, 0xFFFD, 0xFFFB, 0xFFDA, 0xFFFA, 0xFFFA, 0xFFFA, 0xFFFA, 0xFFFA,
    0xFFFA, 0xFFFA, 0xFFFA, 0xFFDA, 0xFFDA, 0xFFDA, 0xFFDA, 0xFFDA, 0xFFDA, 0xFFDA, 0xFF15, 0xFED4, 0xFED4, 0xFED4, 0xFED4, 0xFED4,
    0xFED4, 0xFED4, 0xFED4, 0xFED4, 0xFEB4, 0xFEB4, 0xFED4, 0xFED4, 0xFED4, 0xFED4, 0xFED4, 0xFED4, 0xFED4, 0xFEB4, 0xFEB4, 0xFEB4,
    0xFEB4, 0xFEB4, 0xFEB4, 0xFEB4, 0xFEB4, 0xFED4, 0xFEF5, 0xFFB9, 0xFFDA, 0xFFDA, 0xFFDA, 0xFFDA, 0xFFDA, 0xFFDB, 0xFF78, 0xFF57,
    0xFF57, 0xFF57, 0xFF16, 0xF6B4, 0xFEB4, 0xFEB4, 0xFEB4, 0xFEB3, 0xFE94, 0xFEB3, 0xFEB4, 0xFEB4, 0xFED4, 0xFED5, 0xFED5, 0xFED5,
    0xFFDA, 0xFFDA, 0xFFFA, 0xFFFA, 0xFFFA, 0xFFFB, 0xFFFB, 0xFFFB, 0xFFDA, 0xFFDA, 0xD676, 0x736B, 0x2902, 0x41A5, 0x39A5, 0x39A5,
    0x39A5, 0x3164, 0x20E2, 0x2102, 0x3164, 0x3164, 0x2923, 0x18A1, 0x18C2, 0x1081, 0x0860, 0x18C2, 0x18E2, 0x20C3, 0x20C3, 0x18C2,
    0x1081, 0x10A1, 0x10A2, 0x18C2, 0x18C2, 0x18C2, 0x18A2, 0x0860, 0x0860, 0x0860, 0x0860, 0x0860, 0x0860, 0x0861, 0x1081, 0x10A1,
    0x10A1, 0x0000, 0x4A27, 0xFFFD, 0xFFDC, 0xFFFD, 0xFFFD, 0xFFFE, 0xFFFE, 0xFFFE, 0xFFFE, 0xFFFE, 0xFFFE, 0xFFFE, 0xFFFE, 0xFFFE,
    0xFFFE, 0xFFFE, 0xFFDC, 0xFFDC, 0xFFDC, 0xFFDC, 0xFFBB, 0xFFDD, 0xFFFD, 0xFFFD, 0xFFFE, 0xFFFD, 0xFFDC, 0xFFDC, 0xFFDC, 0xFFDC,
    0xFFFD, 0xF77B, 0xF739, 0xF77A, 0xFF9B, 0xFF7B, 0xFF7B, 0xFF9B, 0xFF9B, 0xFF7A, 0xFF7A, 0xF75A, 0xF718, 0xEED7, 0xEED7, 0xEED7,
    0xF719, 0xFF7A, 0xEED8, 0xF739, 0xFF7A, 0xFF7A, 0xF718, 0xE696, 0xEE96, 0xEE97, 0xEE96, 0xEE96, 0xEE97, 0xE676, 0xE656, 0xE655,
    0xE655, 0xE655, 0xE635, 0xE655, 0xF6D8, 0xF6F8, 0xF6D8, 0xF6D8, 0xF6D8, 0xF6F8, 0xF6F8, 0xF6F8, 0xF6D8, 0xF6D8, 0xEED8, 0xEEB7,
    0xEEB7, 0xEEB7, 0xEE97, 0xEEB7, 0xE676, 0xE655, 0xEE97, 0xEEB7, 0xEEB7, 0xEEB7, 0xEEB7, 0xEEB7, 0xEE97, 0xEEB7, 0xEEB7, 0xE697,
    0xE696, 0xEEB7, 0xEED8, 0xEED8, 0xEED8, 0xEEB7, 0xEEB7, 0xEEF8, 0xF739, 0xEF19, 0xEED8, 0xEED8, 0xEED8, 0xEED8, 0xEEB8, 0xF75A,
    0xFFDC, 0xFF9B, 0xEED8, 0xE697, 0xE697, 0xF6F9, 0x834A, 0x8BCB, 0xACAE, 0xBDB1, 0xFFFC, 0xFFFB, 0xFFFA, 0xFFFA, 0xFFFB, 0xFFFA,
    0xFFFA, 0xFFDA, 0xFFDA, 0xFFDA, 0xFFDA, 0xFFDA, 0xFFDA, 0xFFDA, 0xFFDA, 0xFFDA, 0xFFD9, 0xFF16, 0xFED4, 0xFED4, 0xFED4, 0xFED4,
    0xFED4, 0xFED4, 0xFED4, 0xFED4, 0xFEB4, 0xFEB4, 0xFEB4, 0xFEB4, 0xFEB4, 0xFED4, 0xFED4, 0xFED4, 0xFEB4, 0xFEB4, 0xFEB4, 0xFEB4,
    0xFEB4, 0xFEB4, 0xFEB4, 0xFEB3, 0xFEB4, 0xFEB3, 0xFEB4, 0xFF36, 0xFF57, 0xFF57, 0xFF57, 0xFF57, 0xFF57, 0xFF57, 0xFED5, 0xFEB4,
    0xFEB4, 0xFEB4, 0xFEB4, 0xFEB4, 0xFEB4, 0xFEB4, 0xFEB4, 0xFEB4, 0xFEB3, 0xFEB4, 0xFEB4, 0xFEB4, 0xFED4, 0xFED4, 0xFED4, 0xFED4,
    0xFFFB, 0xFFFA, 0xFFDA, 0xFFFA, 0xFFDA, 0xFFFA, 0xFFFA, 0xFFFA, 0xFFB9, 0xFFFE, 0x738B, 0x0800, 0x41E6, 0x39A5, 0x3985, 0x39A5,
    0x2943, 0x20E2, 0x18C2, 0x20E2, 0x2103, 0x18C2, 0x18C2, 0x18C2, 0x18C2, 0x1081, 0x1081, 0x18E2, 0x18C2, 0x18C2, 0x18A2, 0x18A2,
    0x10A1, 0x0860, 0x0860, 0x18A2, 0x18C2, 0x18C2, 0x18C2, 0x1081, 0x0840, 0x0860, 0x0860, 0x0860, 0x0860, 0x0881, 0x0000, 0x4A48,
    0xE6F9, 0xBD94, 0xC5F5, 0xFFBB, 0xFFFD, 0xFFFD, 0xFFFD, 0xFFFE, 0xFFFE, 0xFFFE, 0xFFFE, 0xFFDD, 0xFFBC, 0xFFDD, 0xFFFE, 0xFFFD,
    0xFFFE, 0xFFFE, 0xFFDC, 0xFFBB, 0xFFBB, 0xFFBB, 0xFFBB, 0xFFDC, 0xFFFE, 0xFFFD, 0xFFFE, 0xFFDD, 0xFFBB, 0xFFDB, 0xFFDC, 0xFFDC,
    0xFFFC, 0xFF7A, 0xF719, 0xF739, 0xFF7B, 0xFF9B, 0xFF7A, 0xF739, 0xFF7A, 0xFF7A, 0xFF7A, 0xF718, 0xE676, 0xE656, 0xE676, 0xEE76,
    0xE697, 0xF739, 0xF739, 0xF739, 0xF759, 0xF719, 0xEED7, 0xEEB7, 0xEE96, 0xE676, 0xE635, 0xE635, 0xE635, 0xE635, 0xE635, 0xE635,
    0xDE14, 0xDDD3, 0xE634, 0xE655, 0xE655, 0xE655, 0xE656, 0xEE76, 0xE656, 0xE656, 0xE656, 0xE656, 0xE656, 0xE656, 0xE655, 0xE655,
    0xE635, 0xDE35, 0xE635, 0xEE97, 0xE655, 0xD5D3, 0xE655, 0xF6D7, 0xEEB7, 0xEEB7, 0xEEB7, 0xEEB7, 0xDDF4, 0xE676, 0xF6D7, 0xEE96,
    0xDE55, 0xEEB7, 0xEED8, 0xEED8, 0xEED8, 0xEED8, 0xEEB7, 0xF75A, 0xFFBC, 0xFFBB, 0xF739, 0xEEB8, 0xEED8, 0xEED8, 0xEED8, 0xF739,
    0xFF9B, 0xF77A, 0xEEF8, 0xEED8, 0xE6B7, 0xE6B8, 0xE697, 0xB4D0, 0x59A2, 0x9BCB, 0xF79A, 0xFFDB, 0xFFDB, 0xFFFA, 0xFFFA, 0xFFDA,
    0xFFDA, 0xFFDA, 0xFFDA, 0xFFDA, 0xFFDA, 0xFFDA, 0xFFDA, 0xFFDA, 0xFFDA, 0xFFDA, 0xFFDA, 0xFF99, 0xFF36, 0xFED4, 0xFED4, 0xFED4,
    0xFED4, 0xFED4, 0xFED4, 0xFED4, 0xFEB3, 0xFEB3, 0xFEB3, 0xFEB3, 0xFEB4, 0xFEB3, 0xFEB3, 0xFEB4, 0xFEB4, 0xFEB4, 0xFEB3, 0xFEB4,
    0xFEB4, 0xFEB3, 0xFF15, 0xFF57, 0xFF57, 0xFF57, 0xFF57, 0xFF57, 0xFF77, 0xF6B4, 0xFE73, 0xFEB3, 0xFEB3, 0xFEB4, 0xFEB4, 0xFED4,
    0xFED4, 0xFED4, 0xFEB4, 0xFEB4, 0xFEB4, 0xFEB4, 0xFEB4, 0xFEB4, 0xFEB4, 0xFEB4, 0xFEB4, 0xFEB4, 0xFED4, 0xFED5, 0xFED5, 0xFED5,
    0xFFFA, 0xFFFA, 0xFFFA, 0xFFFA, 0xFFDA, 0xFFFA, 0xFFFA, 0xFFDA, 0xFFDA, 0xA531, 0x4A47, 0x2902, 0x41A5, 0x3985, 0x3985, 0x39A5,
    0x2903, 0x1060, 0x1081, 0x10A1, 0x18E2, 0x18C2, 0x18C2, 0x18C2, 0x18C2, 0x1081, 0x1081, 0x18C2, 0x18C2, 0x20C3, 0x18A2, 0x10A2,
    0x18A2, 0x1061, 0x0860, 0x10A1, 0x10A1, 0x1081, 0x10A2, 0x1081, 0x0840, 0x0860, 0x0860, 0x0860, 0x0860, 0x0881, 0x0000, 0x5289,
    0xF77C, 0xFFBC, 0xF79B, 0xF79B, 0xFFFD, 0xFFFD, 0xFFFD, 0xFFFE, 0xFFFE, 0xFFFE, 0xFFFE, 0xFFFE, 0xFFDC, 0xFFBC, 0xFFBC, 0xFFBC,
    0xFFDD, 0xFFFE, 0xFFDC, 0xFFBB, 0xFFBB, 0xFFBB, 0xFFBB, 0xFFDC, 0xFFFD, 0xFFFE, 0xFFDD, 0xFFBC, 0xFFBB, 0xFFBB, 0xFFBB, 0xFF9B,
    0xF75A, 0xF739, 0xF719, 0xF739, 0xFF5A, 0xFF7A, 0xFF5A, 0xF719, 0xF718, 0xF719, 0xF718, 0xEEB7, 0xE676, 0xEEB7, 0xEE96, 0xE676,
    0xE676, 0xF6F8, 0xF739, 0xF739, 0xF718, 0xEE97, 0xEE76, 0xD572, 0xCD71, 0xD5B3, 0xDDF4, 0xDDF4, 0xDDF4, 0xDDD4, 0xDDD3, 0xDDB3,
    0xD592, 0xD592, 0xB46E, 0xA3CB, 0xC530, 0xDE14, 0xDDF4, 0xDE14, 0xDDF4, 0xDDF4, 0xDDF4, 0xDDF4, 0xDDF4, 0xDE14, 0xDE14, 0xDE15,
    0xDE35, 0xDE15, 0xE635, 0xE656, 0xE655, 0xDDF3, 0xDDF4, 0xE635, 0xE655, 0xE676, 0xEEB7, 0xEEB7, 0xD5F4, 0xE656, 0xF6D8, 0xEE97,
    0xDE35, 0xEEB7, 0xF6D8, 0xEED8, 0xEED8, 0xF6D8, 0xEEB7, 0xF75A, 0xFFDC, 0xFFBC, 0xEEF9, 0xEEB8, 0xEEF8, 0xEEF8, 0xEEF8, 0xEEF8,
    0xEEF8, 0xEEF9, 0xF6F8, 0xF6F8, 0xEED8, 0xEED8, 0xEEF8, 0xEED8, 0xEED8, 0xA3EB, 0x82E7, 0xF779, 0xFFFB, 0xFFDA, 0xFFFA, 0xFFDA,
    0xFFDA, 0xFFFA, 0xFFDA, 0xFFDA, 0xFFDA, 0xFFDA, 0xFFDA, 0xFFDA, 0xFFDA, 0xFFDA, 0xFFDA, 0xFFFA, 0xFF98, 0xFED4, 0xFED4, 0xFED4,
    0xFED4, 0xFED4, 0xFED4, 0xFEB3, 0xFEB3, 0xFEB3, 0xFEB3, 0xFEB3, 0xFEB3, 0xFEB3, 0xFE93, 0xFED4, 0xFF58, 0xFF58, 0xFF57, 0xFF58,
    0xFF58, 0xFF37, 0xFF99, 0xFFDA, 0xFFDA, 0xFFDA, 0xFFDA, 0xFFDA, 0xFFDA, 0xF757, 0xFEF5, 0xFE93, 0xFEB4, 0xFEB3, 0xFEB3, 0xFED4,
    0xFED4, 0xFEB4, 0xFEB4, 0xFEB4, 0xFEB4, 0xFEB4, 0xFEB4, 0xFEB4, 0xFEB4, 0xFEB4, 0xFED4, 0xFED5, 0xFED5, 0xFEF5, 0xFED5, 0xFED5,
    0xFFFB, 0xFFFA, 0xFFFA, 0xFFFA, 0xFFFA, 0xFFFA, 0xFFFA, 0xFFDA, 0xFFFB, 0x3184, 0x20C2, 0x41E6, 0x39A5, 0x3985, 0x3985, 0x3985,
    0x3985, 0x18A1, 0x1081, 0x10A1, 0x10A1, 0x1081, 0x10A1, 0x10A1, 0x18C2, 0x10A1, 0x0860, 0x10A1, 0x20E3, 0x20C3, 0x18A2, 0x10A2,
    0x18A2, 0x1081, 0x0860, 0x0860, 0x0860, 0x0860, 0x0861, 0x0861, 0x0840, 0x0860, 0x0860, 0x0860, 0x0860, 0x0860, 0x0860, 0x0840,
    0x41E5, 0xEF3A, 0xFFFE, 0xFFFE, 0xFFFE, 0xFFFE, 0xFFFE, 0xFFFE, 0xFFFE, 0xFFDD, 0xFFFD, 0xFFFE, 0xFFDD, 0xFFBC, 0xFFBB, 0xFF9B,
    0xFFBC, 0xFFFD, 0xFFDC, 0xFFBB, 0xFFBB, 0xFFBB, 0xFFFD, 0xFFFD, 0xFFFD, 0xFFFD, 0xFFBB, 0xFFBB, 0xFFBB, 0xFFBB, 0xFFBB, 0xF759,
    0xF719, 0xF719, 0xF719, 0xF718, 0xF718, 0xF719, 0xF719, 0xF6F8, 0xF6F8, 0xEED8, 0xEEB7, 0xEE97, 0xDE14, 0x938A, 0xC531, 0xEEB7,
    0xE656, 0xE656, 0xE676, 0xE676, 0xE676, 0xE656, 0xE635, 0x82E7, 0x5941, 0x936A, 0xE656, 0xDDD3, 0xDDD3, 0xDDD3, 0xDDD3, 0xDE14,
    0xD592, 0xC4F0, 0x7A45, 0x50C0, 0x9B69, 0xCD30, 0xC4EF, 0xCD30, 0xE614, 0xE635, 0xE635, 0xE635, 0xE635, 0xDDF4, 0xD5B3, 0xD5B3,
    0xDDD3, 0xE635, 0xE635, 0xE635, 0xE635, 0xEE55, 0xE614, 0xD5B3, 0xDDD3, 0xE635, 0xEEB7, 0xE676, 0xD5D3, 0xE676, 0xF6F8, 0xEEB7,
    0xEE96, 0xEEB7, 0xE676, 0xEE76, 0xF6D8, 0xEED8, 0xEEF8, 0xF739, 0xFF9B, 0xFFDC, 0xF719, 0xEED8, 0xEEF8, 0xEEF8, 0xEEF8, 0xF718,
    0xF718, 0xF719, 0xEF18, 0xEF18, 0xF739, 0xF73A, 0xF719, 0xEED8, 0xEEF8, 0xEEB8, 0xAC6D, 0x9BCA, 0xFFFA, 0xFFFA, 0xFFFA, 0xFFFA,
    0xFFDA, 0xFFFA, 0xFFDA, 0xFFDA, 0xFFDA, 0xFFDA, 0xFFDA, 0xFFDA, 0xFFDA, 0xFFDA, 0xFFDA, 0xFFDA, 0xFFB9, 0xFF98, 0xFF16, 0xFED4,
    0xFED4, 0xFEB3, 0xFEB3, 0xFEB3, 0xFEB3, 0xFEB3, 0xFED4, 0xFF57, 0xFF57, 0xFF77, 0xFF57, 0xFF78, 0xFFDB, 0xFFDB, 0xFFDB, 0xFFDB,
    0xFFDA, 0xFFDA, 0xFFDA, 0xFFDA, 0xFFDA, 0xFFDA, 0xFFDA, 0xFFBA, 0xFFBA, 0xFFFB, 0xFF78, 0xF6B4, 0xFEB4, 0xFEB3, 0xFEB3, 0xFEB3,
    0xFEB4, 0xFEB4, 0xFEB4, 0xFEB4, 0xFEB4, 0xFEB4, 0xFEB4, 0xFEB4, 0xFEB4, 0xFEB4, 0xFED4, 0xFED5, 0xFED4, 0xFED5, 0xFED5, 0xFED5,
    0xFFFA, 0xFFFA, 0xFFFA, 0xFFFA, 0xFFFA, 0xFFFA, 0xFFDA, 0xFFD9, 0xFFDB, 0x4206, 0x2903, 0x41C5, 0x39A5, 0x3984, 0x2902, 0x3164,
    0x39A5, 0x18C2, 0x1060, 0x1081, 0x18C1, 0x18E2, 0x18E2, 0x18C2, 0x18C2, 0x18C2, 0x18C2, 0x18E2, 0x18E3, 0x20E3, 0x10A2, 0x10A2,
    0x18A2, 0x1081, 0x0840, 0x0860, 0x0860, 0x0860, 0x0860, 0x0840, 0x0860, 0x0860, 0x0860, 0x0860, 0x0860, 0x0860, 0x0861, 0x0020,
    0x20E2, 0xD655, 0xFFFC, 0xFFFD, 0xFFFE, 0xFFFE, 0xFFFE, 0xFFFE, 0xFFFD, 0xFF9B, 0xFFBB, 0xFFFD, 0xFFDD, 0xFFDC, 0xFF9B, 0xF77B,
    0xFFBC, 0xFFFD, 0xFFDC, 0xFFBB, 0xFFBB, 0xFF9B, 0xFFFD, 0xFFFD, 0xFFFD, 0xFFDD, 0xFFBB, 0xFFBB, 0xFFBB, 0xFFBB, 0xFF9B, 0xF718,
    0xF719, 0xF719, 0xF719, 0xF718, 0xF718, 0xF719, 0xF6F8, 0xF6D8, 0xEEB7, 0xEEB7, 0xEE97, 0xE655, 0xC530, 0x48E0, 0xA40C, 0xE676,
    0xE635, 0xE635, 0xE635, 0xE635, 0xE635, 0xE635, 0xEEB7, 0xC530, 0x6981, 0x7A24, 0x8B29, 0xCD92, 0xE655, 0xE615, 0xDE14, 0xCD31,
    0xBC4D, 0x9B28, 0xA327, 0x8A22, 0x8A42, 0x79A1, 0x7181, 0x79E2, 0xB40C, 0xB44D, 0xB44C, 0xB42C, 0xBCAE, 0xC4AE, 0x7A24, 0x7A04,
    0x9B28, 0xDDB3, 0xDDD4, 0xE635, 0xE635, 0xE635, 0xE635, 0xD5D3, 0xD5B3, 0xE615, 0xEEB7, 0xEE96, 0xD5D3, 0xE655, 0xF6D7, 0xEEB7,
    0xEEB7, 0xEEB7, 0xE656, 0xE656, 0xF6D8, 0xEED8, 0xF6F8, 0xEED8, 0xF719, 0xF77A, 0xEEF8, 0xEEF8, 0xF6F8, 0xEEF8, 0xEEF8, 0xF718,
    0xEF18, 0xF719, 0xF719, 0xEF18, 0xF739, 0xF73A, 0xF73A, 0xF719, 0xEEB7, 0xF739, 0xB48E, 0xC591, 0xFFFB, 0xFFDA, 0xFFFA, 0xFFFA,
    0xFFDA, 0xFFDA, 0xFFDA, 0xFFDA, 0xFFFA, 0xFFFB, 0xFFFA, 0xFFDA, 0xFFDA, 0xFFDA, 0xFFDA, 0xFFB9, 0xFFB9, 0xFFD9, 0xFF36, 0xFF16,
    0xFF77, 0xFF57, 0xFF57, 0xFF57, 0xFF57, 0xFF57, 0xFF78, 0xFFDB, 0xFFDB, 0xFFDB, 0xFFDB, 0xFFDB, 0xFFDA, 0xFFBA, 0xFFBA, 0xFFDA,
    0xFFBA, 0xFFBA, 0xFFBA, 0xFFBA, 0xFFDA, 0xFFDA, 0xFFDA, 0xFFDA, 0xFFDA, 0xFFDA, 0xFFBA, 0xFFB9, 0xFEF5, 0xFEB3, 0xFED4, 0xFED4,
    0xFEB4, 0xFEB4, 0xFEB4, 0xFEB4, 0xFEB4, 0xFEB4, 0xFEB4, 0xFEB5, 0xFEB4, 0xFEB4, 0xFED4, 0xFED4, 0xFEB4, 0xFED4, 0xFED5, 0xFED5,
    0xFFFA, 0xFFFA, 0xFFFA, 0xFFFA, 0xFFFA, 0xFFFA, 0xFFDA, 0xFFFA, 0xFFFD, 0x4A06, 0x2902, 0x41C6, 0x41A5, 0x3144, 0x18A1, 0x20E2,
    0x2943, 0x2923, 0x18E2, 0x18C2, 0x18E2, 0x20E3, 0x18E3, 0x10A2, 0x1081, 0x10A1, 0x18E2, 0x18C2, 0x18C2, 0x18C3, 0x18C2, 0x10A2,
    0x10A2, 0x1081, 0x0840, 0x0881, 0x0881, 0x0860, 0x0860, 0x0860, 0x0860, 0x0840, 0x0860, 0x0860, 0x0860, 0x0860, 0x0861, 0x0020,
    0x5247, 0xDE97, 0xFFDC, 0xFFDC, 0xFFFD, 0xFFFD, 0xFFFE, 0xFFFE, 0xFFFD, 0xFF9B, 0xFF9B, 0xFFBB, 0xFFBB, 0xFF9B, 0xFF9B, 0xFF9B,
    0xFF9B, 0xFF9B, 0xFFBB, 0xFFBC, 0xFFBC, 0xFFBC, 0xFFFD, 0xFFFD, 0xFFFD, 0xFFBC, 0xFFBB, 0xFFBB, 0xFFBB, 0xFFBB, 0xFFBB, 0xF739,
    0xF719, 0xF719, 0xF719, 0xF6F8, 0xF6F8, 0xEED8, 0xF6F8, 0xEE97, 0xDE14, 0xDE14, 0xE656, 0x936A, 0x6161, 0x6182, 0x5962, 0xBCAF,
    0xF6B7, 0xEE76, 0xEE76, 0xEE76, 0xEE76, 0xEE76, 0xBCCF, 0x9B68, 0x71A2, 0x6981, 0x6161, 0xABEC, 0xBCCE, 0xBCAE, 0xB44D, 0x79E2,
    0x7160, 0xA327, 0xA326, 0x9242, 0x9A83, 0x9A83, 0x9263, 0x79C2, 0x7981, 0x7981, 0x79A1, 0x7981, 0x9264, 0x9AC6, 0x8A02, 0x81C1,
    0x7981, 0x6941, 0xB44D, 0xE5F3, 0xDDD3, 0xE634, 0xEE75, 0xC4F0, 0xB48E, 0xE635, 0xE676, 0xEE97, 0xE635, 0xDDF4, 0xDDF4, 0xD5D3,
    0xE655, 0xF6D7, 0xE656, 0xE635, 0xF6D8, 0xF6D8, 0xEED8, 0xEEF8, 0xEED8, 0xEED8, 0xEED8, 0xEED8, 0xEED8, 0xEED8, 0xEEF8, 0xF718,
    0xF6F8, 0xEEF8, 0xEEB7, 0xEEB7, 0xEEF8, 0xF73A, 0xF75A, 0xF719, 0xEEB7, 0xE655, 0x9349, 0xE6B6, 0xFFFC, 0xFFDA, 0xFFDA, 0xFFFB,
    0xFFFA, 0xFFFB, 0xFFFA, 0xFFDB, 0xFFDA, 0xFF98, 0xFF98, 0xFF78, 0xFF77, 0xFF98, 0xFF77, 0xFF15, 0xFEF5, 0xFF15, 0xFEF4, 0xFF56,
    0xFFB9, 0xFFDA, 0xFFDB, 0xFFDB, 0xFFDA, 0xFFDB, 0xFFDA, 0xFFBA, 0xFFBA, 0xFFBA, 0xFFBA, 0xFFBA, 0xFFBA, 0xFFDA, 0xFFDB, 0xFFDB,
    0xFFDA, 0xFFDA, 0xFFDA, 0xFFDA, 0xFFDA, 0xFFBA, 0xFFBA, 0xFFBA, 0xFFDA, 0xFFDB, 0xFFDB, 0xFFDB, 0xFF9A, 0xFF78, 0xFEB3, 0xFEB3,
    0xFEB4, 0xFEB4, 0xFEB4, 0xFED4, 0xFED4, 0xFEB4, 0xFEB4, 0xFED5, 0xFEB5, 0xFEB5, 0xFED4, 0xFEB4, 0xFEB4, 0xFED4, 0xFED5, 0xFED5,
    0xFFFA, 0xFFFA, 0xFFFA, 0xFFFA, 0xFFFA, 0xFFDA, 0xFFFA, 0xEF78, 0xAD32, 0x3143, 0x2923, 0x41C5, 0x41A5, 0x2943, 0x18C1, 0x18E2,
    0x2103, 0x2123, 0x2103, 0x2103, 0x2103, 0x2103, 0x18E2, 0x0840, 0x0840, 0x0840, 0x0840, 0x10A1, 0x18C2, 0x18C2, 0x18C2, 0x0861,
    0x0860, 0x0860, 0x0860, 0x1081, 0x1081, 0x1081, 0x1081, 0x1081, 0x0840, 0x0840, 0x0860, 0x0860, 0x0860, 0x0860, 0x0861, 0x0000,
    0xB594, 0xFFFE, 0xFFBC, 0xFFDD, 0xFFDD, 0xFFFD, 0xFFFD, 0xFFFD, 0xFFDD, 0xFF9B, 0xFF9B, 0xFF9B, 0xFF9B, 0xFF9B, 0xFF7B, 0xFF9B,
    0xFF7A, 0xF77A, 0xF79B, 0xFFFE, 0xFFFE, 0xFFFE, 0xFFFE, 0xFFFD, 0xFFFD, 0xFFDC, 0xFFBB, 0xFF9B, 0xF77A, 0xFF7A, 0xFF9B, 0xFF5A,
    0xF6F8, 0xF6F8, 0xF718, 0xF718, 0xF718, 0xDE35, 0xDDF4, 0xDE14, 0xDDF4, 0xD5D3, 0xDE14, 0x8B08, 0x58E0, 0x6161, 0x5900, 0x7A25,
    0x8AC8, 0x82A7, 0x8AA7, 0x8AA7, 0x8AA7, 0x8AA6, 0x6981, 0x69A1, 0x79E2, 0x79E2, 0x79C2, 0x71A1, 0x7181, 0x79A0, 0x79A1, 0x81E1,
    0x7980, 0xA326, 0xA326, 0x9242, 0x9A63, 0x9A83, 0xA2A3, 0xA2A4, 0xA2C4, 0xAAC4, 0xA2E4, 0xC46A, 0xA305, 0xA2A3, 0xAAE4, 0x9243,
    0x9284, 0xB387, 0x8244, 0x8223, 0xABAA, 0xD550, 0xD571, 0xB42C, 0x8AC6, 0xB42C, 0xE676, 0xE656, 0xE676, 0xE635, 0xDE15, 0xDE14,
    0xDDF4, 0xDE14, 0xDDF4, 0xDDD3, 0xE655, 0xEEB7, 0xF6F8, 0xEED8, 0xEED8, 0xEED8, 0xEEF8, 0xEEB7, 0xE656, 0xE696, 0xEED7, 0xF6F8,
    0xF6F8, 0xEEB8, 0xEE97, 0xEE97, 0xF6D8, 0xF719, 0xEED8, 0xEED8, 0xEE97, 0xE697, 0xEE97, 0xB4EF, 0x9369, 0xE6D6, 0xFFFB, 0xFFB8,
    0xFFB9, 0xFFB9, 0xFFB8, 0xFFB9, 0xFF98, 0xFF35, 0xFEF4, 0xFEF4, 0xFEF4, 0xFEF4, 0xFEF4, 0xFEF4, 0xFEF4, 0xFEF4, 0xFEF4, 0xFED4,
    0xFF36, 0xFFBA, 0xFFBA, 0xFFBA, 0xFFBA, 0xFFBA, 0xFFDA, 0xFFDA, 0xFFDA, 0xFFBA, 0xFFDA, 0xFFBA, 0xFFBA, 0xFFDB, 0xFFDB, 0xFFDB,
    0xFFDA, 0xFFDA, 0xFFDA, 0xFFDA, 0xFFDA, 0xFFDA, 0xFFBA, 0xFFBA, 0xFFDB, 0xFFDB, 0xFFDB, 0xFFDB, 0xFFDB, 0xFFDA, 0xFEF5, 0xFED4,
    0xFED4, 0xFED4, 0xFED4, 0xFED4, 0xFED4, 0xFED4, 0xFEB4, 0xFEB5, 0xFED5, 0xFED5, 0xFED5, 0xFED5, 0xFEB4, 0xFEB5, 0xFED5, 0xFED5,
    0xFFFA, 0xFFFA, 0xFFFA, 0xFFFA, 0xFFFA, 0xFFDA, 0xFFFB, 0xD696, 0x1060, 0x3123, 0x39A5, 0x39A5, 0x41A5, 0x2943, 0x18C1, 0x18C1,
    0x2102, 0x20E2, 0x20E3, 0x2103, 0x2103, 0x20E3, 0x18E3, 0x10A1, 0x1081, 0x1081, 0x0840, 0x0861, 0x18C2, 0x18C2, 0x1081, 0x0840,
    0x0840, 0x0840, 0x0840, 0x1081, 0x10A1, 0x10A1, 0x1081, 0x1081, 0x0861, 0x0860, 0x0860, 0x0860, 0x0860, 0x0861, 0x0861, 0x0000,
    0xA4F2, 0xFFFF, 0xFFDC, 0xFFDD, 0xFFFD, 0xFFFD, 0xFFDC, 0xFFBB, 0xFF9B, 0xFF9B, 0xFF9B, 0xFF9B, 0xFF9B, 0xFF7B, 0xFF7B, 0xF75A,
    0xFF7A, 0xFF7A, 0xFF9B, 0xFFDC, 0xFFDC, 0xFFDD, 0xFFDD, 0xFFDD, 0xFFFD, 0xFFBC, 0xFF9B, 0xF73A, 0xEEB8, 0xF719, 0xFF7A, 0xF718,
    0xF6F8, 0xF6F8, 0xF6F8, 0xEE97, 0xEE96, 0xDE14, 0xD5D3, 0xDDD3, 0xD5D3, 0xDDF4, 0xE655, 0x9349, 0x6120, 0x71A2, 0x71A2, 0x6961,
    0x6961, 0x6961, 0x6961, 0x6961, 0x6961, 0x6961, 0x79E2, 0x92A5, 0x9284, 0x9284, 0x9284, 0x9284, 0x8A64, 0x8A23, 0x8A23, 0x8A43,
    0x8A02, 0xAB67, 0xA326, 0x9222, 0xA2A3, 0xA2C4, 0xA2C3, 0xA2C4, 0xA2A4, 0xA2E4, 0xCC89, 0xBBA7, 0xB305, 0xAAE4, 0xA2A3, 0xB325,
    0xCC49, 0xC3E8, 0x9AA4, 0x9AA4, 0x8A23, 0x81E3, 0x8203, 0x8203, 0x81E2, 0x8244, 0xD592, 0xF6D7, 0xEE96, 0xEEB7, 0xF6D7, 0xEEB7,
    0xEE76, 0xEE76, 0xDE14, 0xD5B3, 0xD5B2, 0xDDD3, 0xDE14, 0xDE34, 0xEE97, 0xEED7, 0xE676, 0xDE35, 0xE655, 0xE676, 0xEE96, 0xEEB7,
    0xEEB7, 0xEEB7, 0xEE97, 0xEE97, 0xEEB8, 0xEED8, 0xEE97, 0xEE97, 0xEE97, 0xEE97, 0xEED8, 0xCD73, 0xA40C, 0xC530, 0xEEB4, 0xFF35,
    0xFF35, 0xFF15, 0xFF14, 0xFF14, 0xFF14, 0xFF14, 0xFF14, 0xFEF4, 0xFEF4, 0xFF14, 0xFEF4, 0xFEF4, 0xFEF4, 0xFEF4, 0xFEF4, 0xFEF4,
    0xFF14, 0xFF15, 0xFFB9, 0xFFDA, 0xFFDA, 0xFFDA, 0xFFDA, 0xFFDA, 0xFFBA, 0xFFDA, 0xFFDA, 0xFFBA, 0xFFBA, 0xFFDB, 0xFFDB, 0xFFDB,
    0xFFDA, 0xFFDA, 0xFFDA, 0xFFDA, 0xFFDA, 0xFFDA, 0xFFBA, 0xFFBA, 0xFFDB, 0xFFDB, 0xFFDB, 0xFFDB, 0xFFDB, 0xFFDA, 0xFFFB, 0xFF78,
    0xFEB4, 0xFED4, 0xFED4, 0xFED4, 0xFED4, 0xFED4, 0xFED4, 0xFED5, 0xFED5, 0xFED5, 0xFED4, 0xFED4, 0xFEB4, 0xFEB4, 0xFED4, 0xFED4,
    0xFFFB, 0xFFFA, 0xFFFA, 0xFFFA, 0xFFFA, 0xFFFA, 0xFFFB, 0xDEB6, 0x20E2, 0x41C6, 0x41A5, 0x39A5, 0x39A5, 0x3144, 0x18C1, 0x18C2,
    0x18C2, 0x18C2, 0x18E3, 0x20E3, 0x2103, 0x20E3, 0x20E3, 0x20E3, 0x20E3, 0x2103, 0x10A2, 0x0840, 0x1081, 0x1081, 0x0840, 0x0840,
    0x0840, 0x0840, 0x0840, 0x1081, 0x1081, 0x1081, 0x1081, 0x1081, 0x10A1, 0x0861, 0x0860, 0x0860, 0x0861, 0x0000, 0x1080, 0x0840,
    0x9470, 0xFFFE, 0xFFBC, 0xFFDD, 0xFFFD, 0xFFFD, 0xFFDC, 0xFF9B, 0xFF9B, 0xFF9B, 0xFF9B, 0xFF7B, 0xFF7B, 0xFF9B, 0xF739, 0xF719,
    0xF739, 0xFF7A, 0xFF7A, 0xFF7A, 0xFFBC, 0xFFFC, 0xFFFC, 0xFFFD, 0xFFFD, 0xF77B, 0xEEF8, 0xEED8, 0xEED8, 0xF719, 0xF719, 0xEEF8,
    0xF6F8, 0xF6F8, 0xF6F8, 0xDE15, 0xDE14, 0xDE14, 0xDE14, 0xDE15, 0xE614, 0xAC2C, 0xA3CB, 0x8286, 0x7181, 0x79E2, 0x79E2, 0x7A02,
    0x8223, 0x8223, 0x8223, 0x8223, 0x8243, 0x8A64, 0x8A64, 0x9284, 0x9284, 0x9284, 0x9264, 0x8A63, 0x8A63, 0x8A23, 0x9263, 0x9AA4,
    0x9243, 0xBBA8, 0xA325, 0x8A22, 0xAB25, 0xC3C7, 0xAB04, 0xA2A4, 0xA2C4, 0xAB25, 0xD4CA, 0xB325, 0xAAE4, 0xAAC4, 0xBB66, 0xD469,
    0xBB87, 0xAAE4, 0xB345, 0xB345, 0xA2A4, 0xA284, 0x9A42, 0x9A63, 0xAB67, 0xB3C9, 0x8AC6, 0xA349, 0x9B69, 0x9B69, 0x9B49, 0x9B49,
    0x9B49, 0xA349, 0xA36A, 0xD592, 0xD5D3, 0xDDD3, 0xDDF3, 0xDDF3, 0xDDF4, 0xDE14, 0xDDF4, 0xDDF4, 0xE635, 0xEE76, 0xE656, 0xE656,
    0xE676, 0xEE97, 0xEE97, 0xEE97, 0xEE97, 0xEE97, 0xEE97, 0xEE97, 0xEE97, 0xEE97, 0xE697, 0xF6F9, 0xEE97, 0x9B49, 0xAC0B, 0xFF76,
    0xFF14, 0xFF14, 0xFF15, 0xFF14, 0xFF14, 0xFF14, 0xFF14, 0xFEF4, 0xFEF4, 0xFEF4, 0xFEF4, 0xFEF4, 0xFEF4, 0xFEF4, 0xFEF4, 0xFEF4,
    0xFEF4, 0xFEF4, 0xFF57, 0xFFB9, 0xFFDB, 0xFFDA, 0xFFDA, 0xFFDA, 0xFFDA, 0xFFDA, 0xFFDA, 0xFFDA, 0xFFDA, 0xFFDA, 0xFFDB, 0xFFDB,
    0xFFDB, 0xFFDB, 0xFFDB, 0xFFDB, 0xFFDB, 0xFFDB, 0xFFBA, 0xFFBA, 0xFFDB, 0xFFDB, 0xFFDB, 0xFFDB, 0xFFDB, 0xFFDB, 0xFFFB, 0xFFBA,
    0xFF57, 0xFED5, 0xFEB4, 0xFED4, 0xFED4, 0xFED4, 0xFED4, 0xFED4, 0xFED4, 0xFED4, 0xFEB4, 0xFEB3, 0xFEB3, 0xFEB3, 0xFED3, 0xFEB4,
    0xFFFB, 0xFFFA, 0xFFFA, 0xFFFA, 0xFFDA, 0xF779, 0xF79A, 0xCE35, 0x18A1, 0x39A5, 0x41C5, 0x3985, 0x3984, 0x3184, 0x2103, 0x18C1,
    0x18E2, 0x18C1, 0x18E2, 0x2103, 0x2103, 0x20E3, 0x20E3, 0x20E3, 0x20E3, 0x20E3, 0x2103, 0x18C2, 0x0040, 0x0840, 0x0840, 0x0840,
    0x0860, 0x0860, 0x0860, 0x1081, 0x1081, 0x1081, 0x1081, 0x0861, 0x0861, 0x0860, 0x0860, 0x0861, 0x0840, 0x7BAD, 0xBDD5, 0xC5D4,
    0xD677, 0xFFBB, 0xF75A, 0xFF9B, 0xFFDC, 0xFFBB, 0xFFBB, 0xFF9B, 0xFF9B, 0xFF9B, 0xFF7B, 0xFF9B, 0xFF9B, 0xFF7A, 0xF719, 0xF719,
    0xF719, 0xF739, 0xF739, 0xF719, 0xF739, 0xF739, 0xF739, 0xF739, 0xF73A, 0xEF19, 0xEED8, 0xEED8, 0xEED8, 0xEED7, 0xEED8, 0xEED8,
    0xEED8, 0xEED8, 0xEED7, 0xDDF4, 0xC4EF, 0xC4CE, 0xBCAE, 0xBC8E, 0xBC6D, 0x69A2, 0x6100, 0x7181, 0x79E2, 0x79E2, 0x79E2, 0x7A02,
    0x7A02, 0x7A02, 0x7A02, 0x7A02, 0x8223, 0x92A4, 0x9284, 0x9284, 0x9284, 0x9284, 0xA2E5, 0xA305, 0x92A4, 0x8A02, 0x9264, 0x9AA4,
    0x9243, 0xBB87, 0xAB46, 0x9AA3, 0xBB87, 0xCC08, 0xBB86, 0xAAC4, 0xAB25, 0xDD2C, 0xB365, 0xB325, 0xB305, 0xB325, 0xCC69, 0xC408,
    0xAB04, 0xB345, 0xB325, 0xB345, 0xAAE4, 0x9AA3, 0xB387, 0xBC29, 0xCCAB, 0xAB88, 0x9263, 0x9223, 0x9243, 0x9243, 0x9243, 0x9243,
    0x9243, 0x9223, 0x81C2, 0xB3CB, 0xBC2C, 0xBC4D, 0xCD10, 0xCD51, 0xDDD3, 0xDDD3, 0xDE14, 0xE634, 0xDE14, 0xE655, 0xE676, 0xE656,
    0xE676, 0xEE97, 0xEE97, 0xEE97, 0xEE97, 0xEE97, 0xEE97, 0xEEB7, 0xEE97, 0xE697, 0xEE97, 0xE677, 0xF6F8, 0xCD51, 0xB42B, 0xFFB7,
    0xFF15, 0xFF14, 0xFF15, 0xFF15, 0xFF14, 0xFF14, 0xFF14, 0xFF14, 0xFEF4, 0xFEF4, 0xFEF4, 0xFEF4, 0xFEF4, 0xFEF4, 0xFEF4, 0xFEF4,
    0xFEF4, 0xFEF4, 0xFED3, 0xFF56, 0xFFB9, 0xFFDA, 0xFFDA, 0xFFDA, 0xFFDA, 0xFFDA, 0xFFDA, 0xFFDA, 0xFFDA, 0xFFDA, 0xFFDA, 0xFFDB,
    0xFFDB, 0xFFDB, 0xFFDB, 0xFFDB, 0xFFDB, 0xFFDB, 0xFFBA, 0xFFDB, 0xFFDB, 0xFFDB, 0xFFDB, 0xFFDB, 0xFFDB, 0xFFDA, 0xFFDA, 0xFFDB,
    0xFFFB, 0xFF16, 0xFED4, 0xFED4, 0xFED4, 0xFED4, 0xFEB4, 0xFEB3, 0xFEB3, 0xFEB3, 0xFEB3, 0xFEB3, 0xFEB3, 0xFEB3, 0xFEB3, 0xFEB3,
    0xFFFB, 0xFFFA, 0xFFFA, 0xFFFB, 0xF7BA, 0x41E6, 0x3144, 0x2943, 0x3144, 0x41C6, 0x41C6, 0x2102, 0x20E2, 0x2944, 0x2123, 0x18C1,
    0x10A1, 0x10A1, 0x18C2, 0x18C2, 0x18E3, 0x2103, 0x20E3, 0x20E3, 0x20E3, 0x20E3, 0x20E3, 0x18C2, 0x0840, 0x0840, 0x0840, 0x0840,
    0x0860, 0x0860, 0x0860, 0x0860, 0x0860, 0x0860, 0x0861, 0x0840, 0x0860, 0x0860, 0x0840, 0x0000, 0x18C2, 0xDED8, 0xFFFF, 0xFFFE,
    0xFFFD, 0xF79B, 0xFF7B, 0xFF5A, 0xFF7A, 0xFF7A, 0xFF7B, 0xFF9B, 0xFF7B, 0xFF9B, 0xFF9B, 0xFF9B, 0xFF9B, 0xFF7A, 0xF719, 0xF719,
    0xF719, 0xF6F9, 0xEEF8, 0xEEF8, 0xEED8, 0xEED8, 0xEEB8, 0xEEB8, 0xEEB8, 0xEED8, 0xEED8, 0xEED8, 0xE676, 0xE656, 0xE656, 0xE635,
    0xE635, 0xDDF4, 0xDE14, 0xD571, 0x71C2, 0x7160, 0x7180, 0x7160, 0x7160, 0x79C2, 0x9284, 0x9263, 0x79E2, 0x79E2, 0x8A43, 0x8A63,
    0x79E2, 0x7A02, 0x7A03, 0x8203, 0x8A43, 0x92A4, 0x9284, 0x9284, 0x8A84, 0x9264, 0xAB66, 0xBBA7, 0xAB46, 0x9263, 0x9AA4, 0xAB05,
    0x9A63, 0xBB87, 0xCC28, 0xC408, 0xCC08, 0xCC08, 0xCC28, 0xB325, 0xB366, 0xDD4D, 0xB304, 0xBB25, 0xB305, 0xD4CB, 0xD489, 0xB325,
    0xBB66, 0xB345, 0xB345, 0xAB04, 0xB386, 0xDCCB, 0xDD0D, 0xCC49, 0x9A63, 0x9A83, 0xC3C7, 0xC3C7, 0xC3C7, 0xC3C7, 0xC3C7, 0xC3C7,
    0xC3E8, 0xB387, 0x8A03, 0x81C3, 0x81C2, 0x8A44, 0xB42D, 0xBC6D, 0xD551, 0xDDB3, 0xE635, 0xE614, 0xDDF4, 0xDDF4, 0xE655, 0xE676,
    0xE676, 0xEE97, 0xEE97, 0xEE97, 0xEEB7, 0xEE97, 0xEE97, 0xEE97, 0xEE97, 0xE697, 0xE697, 0xE697, 0xF6F8, 0xC511, 0xA389, 0xEE93,
    0xF6F4, 0xFF35, 0xFF15, 0xFF15, 0xFF14, 0xFF14, 0xFF14, 0xFF14, 0xFEF4, 0xFEF4, 0xFEF4, 0xFEF4, 0xFEF4, 0xFEF4, 0xFEF4, 0xFEF4,
    0xFEF4, 0xFEF4, 0xFEF4, 0xFED3, 0xFF15, 0xFFB9, 0xFFDA, 0xFFDA, 0xFFDA, 0xFFDA, 0xFFDA, 0xFFDA, 0xFFDA, 0xFFDA, 0xFFDA, 0xFFDB,
    0xFFDB, 0xFFDB, 0xFFDB, 0xFFDB, 0xFFDB, 0xFFDB, 0xFFDB, 0xFFDB, 0xFFDB, 0xFFDB, 0xFFDB, 0xFFDA, 0xFFDA, 0xFFDA, 0xFFDA, 0xFFDA,
    0xFFDA, 0xFFBA, 0xFF98, 0xFEB4, 0xFEB4, 0xFED4, 0xFEB3, 0xFEB3, 0xFEB3, 0xFEB3, 0xFEB3, 0xFEB3, 0xFEB3, 0xFEB3, 0xFEB3, 0xFEB3,
    0xFFFA, 0xFFDA, 0xFFFB, 0xBDD2, 0x5AA8, 0x3985, 0x3164, 0x3964, 0x39A5, 0x3985, 0x3165, 0x20E2, 0x10A1, 0x18C2, 0x2102, 0x18A1,
    0x1081, 0x10A1, 0x1081, 0x1081, 0x18E2, 0x2103, 0x2103, 0x2103, 0x2103, 0x20E3, 0x20E3, 0x18E3, 0x0861, 0x0840, 0x0860, 0x0860,
    0x0860, 0x0860, 0x0860, 0x0860, 0x0860, 0x0860, 0x0840, 0x0020, 0x0020, 0x0020, 0x18C2, 0x18C2, 0x5A88, 0xE6D8, 0xCE35, 0xE6D9,
    0xFFFD, 0xFFDD, 0xFFDD, 0xFF9C, 0xFF7B, 0xFF7A, 0xFF9A, 0xFF9B, 0xFF7B, 0xFF7B, 0xFF7B, 0xFF7B, 0xF75A, 0xF73A, 0xF719, 0xF719,
    0xF719, 0xF719, 0xF6F8, 0xEEF8, 0xEEF8, 0xEEF8, 0xEED8, 0xEED8, 0xEED8, 0xEED8, 0xF6D8, 0xEE97, 0xE635, 0xE655, 0xE655, 0xE635,
    0xDE14, 0xDE14, 0xE655, 0xD592, 0x79A2, 0x89E2, 0x9284, 0x9264, 0x9284, 0x9284, 0x9284, 0x9263, 0x8222, 0x8222, 0x92A4, 0x9AE5,
    0x9284, 0x8223, 0x7A03, 0x8223, 0x92A4, 0x9284, 0x9284, 0x9B05, 0x9AE5, 0x9284, 0xB366, 0xBB87, 0xBBA7, 0xA305, 0xB387, 0xD48A,
    0x9AA4, 0xBB87, 0xCC08, 0xC408, 0xC408, 0xCC08, 0xC408, 0xC3E7, 0xDCCA, 0xBB86, 0xB345, 0xB325, 0xDCCB, 0xD4AA, 0xC3A6, 0xC387,
    0xBB86, 0xB346, 0xB325, 0xCC29, 0xD4CB, 0xDCCB, 0xBB66, 0xBB45, 0xBB66, 0xB346, 0xC386, 0xBB86, 0xC3A6, 0xBBA6, 0xBBA6, 0xBBA7,
    0xBBC7, 0xB3A7, 0xBC09, 0xBBE9, 0x9244, 0x9285, 0xABCB, 0xABAA, 0xABCA, 0xAC0C, 0xB42C, 0xC4F0, 0xD592, 0xD592, 0xE635, 0xE676,
    0xE676, 0xE676, 0xE676, 0xEEB7, 0xEEB7, 0xEE97, 0xEE97, 0xEE97, 0xEE97, 0xEE97, 0xEE97, 0xEE97, 0xEEB7, 0xE636, 0xC511, 0x7A44,
    0xE611, 0xFF55, 0xFF14, 0xFF14, 0xFF15, 0xFF14, 0xFF14, 0xFF14, 0xFEF4, 0xFEF4, 0xFEF4, 0xFEF4, 0xFEF4, 0xFEF4, 0xFEF4, 0xFEF4,
    0xFEF4, 0xFEF4, 0xFEF4, 0xFED3, 0xFEF3, 0xFEF4, 0xFF98, 0xFFDB, 0xFFDA, 0xFFDA, 0xFFDA, 0xFFDA, 0xFFDA, 0xFFDA, 0xFFDA, 0xFFDA,
    0xFFDA, 0xFFDA, 0xFFDA, 0xFFDA, 0xFFDB, 0xFFDB, 0xFFDB, 0xFFDB, 0xFFDB, 0xFFDB, 0xFFDA, 0xFFDA, 0xFFDA, 0xFFDA, 0xFFDA, 0xFFDA,
    0xFFDA, 0xFFDB, 0xFFBA, 0xFF57, 0xFED4, 0xFE93, 0xFEB3, 0xFE93, 0xFEB3, 0xFEB3, 0xFEB3, 0xFEB3, 0xFEB3, 0xFEB3, 0xFEB3, 0xFEB3,
    0xFFF9, 0xFFD9, 0xFFFB, 0x948E, 0x0820, 0x41C5, 0x39A5, 0x39A5, 0x41A5, 0x2943, 0x10A1, 0x18C2, 0x10A1, 0x18C2, 0x2102, 0x10A1,
    0x1081, 0x1081, 0x10A1, 0x10A1, 0x20E3, 0x2103, 0x20E3, 0x20E3, 0x20E3, 0x20E3, 0x18C2, 0x1081, 0x0840, 0x0840, 0x0860, 0x0860,
    0x0860, 0x0860, 0x0860, 0x0860, 0x0840, 0x0840, 0x1081, 0x2103, 0x1903, 0x10C2, 0x3185, 0x62A9, 0x62C9, 0x9C6F, 0xDE56, 0xE6D8,
    0xFFDD, 0xFFDD, 0xFFDD, 0xFFFD, 0xFFDC, 0xFF7A, 0xFF7B, 0xFF7B, 0xFF7B, 0xFF7B, 0xFF7B, 0xFF9B, 0xF73A, 0xF719, 0xF719, 0xF719,
    0xF719, 0xF719, 0xEEF8, 0xEEF8, 0xEEF8, 0xEED8, 0xE676, 0xE697, 0xE697, 0xE697, 0xEE97, 0xE655, 0xE635, 0xE635, 0xE655, 0xDE14,
    0xD5D3, 0xC510, 0xBCAF, 0xB42C, 0x81C1, 0x8A01, 0x9AA4, 0x9AA4, 0x9AA4, 0x9AA4, 0x9A83, 0x9AA4, 0x9284, 0x8222, 0x9AC4, 0xA305,
    0xA305, 0x9284, 0x8202, 0x8243, 0x92A4, 0x92A4, 0x92A4, 0xA345, 0xB386, 0xB387, 0xB386, 0xBB87, 0xBBA7, 0xB387, 0xCC49, 0xD46A,
    0xB366, 0xC3E8, 0xC3E7, 0xCC07, 0xCC48, 0xCC28, 0xCC08, 0xCC08, 0xED4C, 0xBB66, 0xB345, 0xC408, 0xE54C, 0xCC07, 0xCBC6, 0xC3A6,
    0xBB66, 0xBB86, 0xC429, 0xDCEC, 0xDCAA, 0xBB45, 0xC386, 0xC3A6, 0xC3A6, 0xC3A7, 0xC3A6, 0xC3A7, 0xC3A6, 0xC3A6, 0xBBC7, 0xC3E8,
    0xC429, 0xCC49, 0xCC49, 0xC449, 0xC409, 0x9AC6, 0x8A65, 0x8A45, 0x7A24, 0x7A24, 0x71E3, 0xBC6D, 0xDDF4, 0xD592, 0xDDD3, 0xE656,
    0xE676, 0xE676, 0xE676, 0xE676, 0xEE77, 0xEE77, 0xEE97, 0xEEB7, 0xEE97, 0xEE97, 0xE697, 0xE697, 0xE697, 0xEED8, 0xE676, 0x8265,
    0xE631, 0xFF55, 0xFF14, 0xFF15, 0xFF15, 0xFF14, 0xFF14, 0xFF14, 0xFEF4, 0xFEF4, 0xFEF4, 0xFEF4, 0xFEF4, 0xFEF4, 0xFEF4, 0xFEF4,
    0xFEF4, 0xFEF4, 0xFEF4, 0xFED3, 0xFED3, 0xFED3, 0xFF15, 0xFFB9, 0xFFDB, 0xFFDA, 0xFFDB, 0xFFDB, 0xFFDA, 0xFFDA, 0xFFDA, 0xFFDA,
    0xFFDA, 0xFFDA, 0xFFDA, 0xFFDA, 0xFFDB, 0xFFDB, 0xFFDB, 0xFFDB, 0xFFDB, 0xFFDB, 0xFFDB, 0xFFDB, 0xFFDB, 0xFFDA, 0xFFDA, 0xFFDA,
    0xFFDA, 0xFFDA, 0xFFDA, 0xFFDB, 0xF716, 0xFEB3, 0xFEB3, 0xFEB3, 0xFEB3, 0xFEB3, 0xFEB3, 0xFEB3, 0xFEB3, 0xFEB3, 0xFEB4, 0xFEB4,
    0xFFFA, 0xFFDA, 0xFFFB, 0x9CAE, 0x18A1, 0x41C5, 0x39A5, 0x3985, 0x39A5, 0x2944, 0x10A1, 0x18C2, 0x10A2, 0x18C2, 0x2102, 0x10A1,
    0x1081, 0x10A1, 0x20E2, 0x2103, 0x18A2, 0x18C2, 0x18C2, 0x1061, 0x1081, 0x1081, 0x1081, 0x0861, 0x0840, 0x0840, 0x0840, 0x0860,
    0x0860, 0x0860, 0x0860, 0x0860, 0x0861, 0x0860, 0x18C2, 0x2944, 0x2144, 0x2123, 0x0840, 0x0000, 0x0000, 0x5267, 0xEED8, 0xE697,
    0xE6D8, 0xF77B, 0xFFDC, 0xFFDC, 0xFFBC, 0xFF7B, 0xFF7B, 0xFF7B, 0xFF7B, 0xFF9B, 0xF77A, 0xF73A, 0xF719, 0xF719, 0xF719, 0xF719,
    0xF719, 0xF719, 0xEEF8, 0xEEF8, 0xEEF8, 0xEED8, 0xDE35, 0xDE15, 0xDDF4, 0xDDF4, 0xDE15, 0xDDF4, 0xDE14, 0xE634, 0xE5F4, 0xDDB2,
    0xE5F3, 0x8AC6, 0x7160, 0x81E1, 0x89E2, 0x9263, 0xB346, 0xAB26, 0x9A84, 0x9A84, 0x9A84, 0x9AA4, 0xAB25, 0x9AE4, 0xA305, 0xA325,
    0xA305, 0x8A84, 0x8223, 0x8A43, 0x92C4, 0xAB46, 0xAB66, 0xA325, 0xB3A7, 0xC408, 0xBBC7, 0xBBA7, 0xBBA7, 0xBBA7, 0xD469, 0xDCAA,
    0xD489, 0xD449, 0xC3C7, 0xC3E7, 0xD489, 0xD469, 0xCC28, 0xCC08, 0xDCEB, 0xB366, 0xBB86, 0xD4CA, 0xD468, 0xCBC7, 0xCC07, 0xC3C7,
    0xC3E8, 0xCC29, 0xEDAD, 0xCC28, 0xBB66, 0xC3A7, 0xC3A6, 0xC3A6, 0xC3A6, 0xC3A6, 0xC3A6, 0xC3A7, 0xC3A7, 0xC3A7, 0xC3C7, 0xCC28,
    0xCC29, 0xCC28, 0xCC49, 0xCC8A, 0xCC8A, 0xC429, 0xBBE9, 0x9AC6, 0x8265, 0x8A86, 0x8265, 0xA3CB, 0xBCAF, 0xD5B2, 0xDDF3, 0xEE76,
    0xE676, 0xE676, 0xE676, 0xE676, 0xE676, 0xE676, 0xEE97, 0xEE97, 0xEE97, 0xEE97, 0xE697, 0xEE97, 0xE697, 0xEEB7, 0xE635, 0x8285,
    0xE631, 0xFF35, 0xFF14, 0xFF14, 0xFF14, 0xFF14, 0xFF14, 0xFF14, 0xFEF4, 0xFEF4, 0xFEF4, 0xFEF4, 0xFEF4, 0xFEF4, 0xFEF4, 0xFEF4,
    0xFEF4, 0xFEF4, 0xFED4, 0xFED4, 0xFEF3, 0xFEF3, 0xFED3, 0xFF36, 0xFF99, 0xFFDB, 0xFFDA, 0xFFDA, 0xFFDA, 0xFFDA, 0xFFDA, 0xFFDA,
    0xFFDA, 0xFFDA, 0xFFDA, 0xFFDA, 0xFFDA, 0xFFDB, 0xFFDB, 0xFFDB, 0xFFDB, 0xFFDB, 0xFFDA, 0xFFDA, 0xFFDA, 0xFFDA, 0xFFDA, 0xFFDA,
    0xFFDA, 0xFFDA, 0xFFDA, 0xFFBA, 0xFFBA, 0xFF77, 0xFEB3, 0xFEB3, 0xFED3, 0xFED3, 0xFED3, 0xFED3, 0xFEB3, 0xFEB4, 0xFED3, 0xFEB3,
    0xFF97, 0xFF76, 0xFFF9, 0x9CAE, 0x1880, 0x3164, 0x3143, 0x39A5, 0x3985, 0x18C2, 0x10A1, 0x18C2, 0x10A1, 0x18C1, 0x2103, 0x10A1,
    0x1081, 0x10A1, 0x18E2, 0x2103, 0x1081, 0x10A1, 0x18A2, 0x0840, 0x0861, 0x0861, 0x0861, 0x0861, 0x0840, 0x0840, 0x0840, 0x0840,
    0x0860, 0x0860, 0x0860, 0x0840, 0x1081, 0x1081, 0x0040, 0x0020, 0x0020, 0x0020, 0x0020, 0x10A1, 0x41E6, 0xC593, 0xDE76, 0xDE77,
    0xE6B7, 0xEED8, 0xF75A, 0xFF7B, 0xFF7B, 0xFF9B, 0xFFBC, 0xFFDC, 0xFFDC, 0xFFFD, 0xF77B, 0xF719, 0xF719, 0xF719, 0xF719, 0xF719,
    0xEEF9, 0xEEF8, 0xEEF8, 0xEEF8, 0xEEF8, 0xF718, 0xEED7, 0xDE14, 0xD5D3, 0xCD92, 0xCD92, 0xD5B3, 0xDDD3, 0xDDD3, 0xDDD3, 0xD572,
    0x9B08, 0x8A23, 0x8A02, 0x8A22, 0x89E1, 0xAAE5, 0xC3C8, 0xBBA7, 0xA2E5, 0x9AA4, 0x9AA4, 0x9AC4, 0xB366, 0xB386, 0xBBE8, 0xBBC7,
    0xA305, 0x92A4, 0x8A63, 0x8243, 0x9AC4, 0xAB66, 0xBBE7, 0xB386, 0xBBC7, 0xCC28, 0xCC49, 0xCC28, 0xBBA7, 0xBB87, 0xD469, 0xDCEB,
    0xDCCA, 0xD469, 0xC3A7, 0xC3C7, 0xD489, 0xD469, 0xD469, 0xDCCA, 0xC3C7, 0xBB86, 0xD4AB, 0xE56D, 0xC3A6, 0xCC07, 0xCC07, 0xC386,
    0xDD4D, 0xEE0F, 0xCC28, 0xD469, 0xD448, 0xC3A6, 0xC3A7, 0xC3C7, 0xC3C7, 0xC3C7, 0xC3E7, 0xC3C7, 0xC3A7, 0xC3A7, 0xC3C7, 0xC3C7,
    0xBBA7, 0xC3C7, 0xB346, 0xAB26, 0xB367, 0xBBC8, 0xCC4A, 0xC44B, 0xBC0A, 0xBC2A, 0xB40A, 0x8285, 0x82A6, 0xBCAE, 0xD572, 0xDDF4,
    0xE635, 0xE656, 0xE635, 0xE635, 0xE635, 0xE656, 0xEE97, 0xEE97, 0xEE97, 0xEE97, 0xEE97, 0xEE97, 0xEE97, 0xEEB8, 0xE635, 0x7A44,
    0xEE72, 0xFF96, 0xFF14, 0xFF14, 0xFF14, 0xFF14, 0xFF14, 0xFF14, 0xFEF4, 0xFEF4, 0xFEF4, 0xFEF4, 0xFEF4, 0xFEF4, 0xFEF4, 0xFEF4,
    0xFEF4, 0xFEF4, 0xFEF4, 0xFED4, 0xFED3, 0xFEF4, 0xFED4, 0xFED3, 0xFF36, 0xFFBA, 0xFFBA, 0xFFDA, 0xFFDA, 0xFFDA, 0xFFDA, 0xFFDA,
    0xFFDA, 0xFFDA, 0xFFDA, 0xFFDA, 0xFFDA, 0xFFDA, 0xFFDA, 0xFFDA, 0xFFDA, 0xFFDA, 0xFFDA, 0xFFDA, 0xFFDA, 0xFFDA, 0xFFDA, 0xFFDA,
    0xFFBA, 0xFFDA, 0xFFDA, 0xFFBA, 0xFFDA, 0xFF99, 0xFF36, 0xFED4, 0xFEB3, 0xFEB3, 0xFEB2, 0xFEB3, 0xFEB3, 0xFEB3, 0xFED3, 0xFEF5,
    0xFF34, 0xFF14, 0xFF96, 0x944C, 0x1881, 0x20E2, 0x20E2, 0x41C5, 0x3985, 0x18A1, 0x10A1, 0x1081, 0x10A1, 0x10A1, 0x18C1, 0x10A1,
    0x10A1, 0x18C2, 0x18E2, 0x18E2, 0x1081, 0x10C2, 0x10A1, 0x0840, 0x0861, 0x0861, 0x0861, 0x0840, 0x0840, 0x0840, 0x0840, 0x0840,
    0x0840, 0x0860, 0x0840, 0x0840, 0x0840, 0x0840, 0x0840, 0x0840, 0x0840, 0x0861, 0x0000, 0x5248, 0xEED8, 0xE676, 0xE6B8, 0xF77B,
    0xFFBC, 0xF77B, 0xF73A, 0xF77B, 0xFFBC, 0xFFDC, 0xFFFD, 0xFFFD, 0xFFDC, 0xFFBC, 0xF75A, 0xF719, 0xF719, 0xF719, 0xF719, 0xF719,
    0xEED8, 0xE697, 0xEEB7, 0xF719, 0xEEF8, 0xEED8, 0xF6D7, 0xDE35, 0xDE14, 0xCD92, 0xCD71, 0xC4CF, 0xD571, 0xE614, 0xDDF3, 0xB3EA,
    0x81C2, 0x8A22, 0x9242, 0x8A22, 0x8A02, 0xAB05, 0xC3E8, 0xC3E8, 0xC3C8, 0xB346, 0xB346, 0xA2E4, 0xC3E8, 0xC408, 0xC408, 0xC408,
    0xB387, 0xA326, 0xA305, 0x9283, 0x9AC4, 0xAB46, 0xC408, 0xC408, 0xC408, 0xCC49, 0xCC69, 0xCC69, 0xBBC7, 0xBBA7, 0xD469, 0xDD0B,
    0xDD0B, 0xD489, 0xC3A7, 0xC3E8, 0xD489, 0xD489, 0xDCAA, 0xDCEB, 0xC3C7, 0xE58E, 0xDD2E, 0xC3A6, 0xCC07, 0xCBE7, 0xCBE7, 0xE58E,
    0xE5AE, 0xD449, 0xDCAA, 0xDCAA, 0xD489, 0xC3C7, 0xC3C7, 0xC3E7, 0xD469, 0xCC49, 0xCC08, 0xC3C7, 0xC3E7, 0xC3E7, 0xBBA6, 0xC3C7,
    0xC3C7, 0xC3C7, 0xA2C4, 0x9243, 0x9243, 0x8A43, 0xA306, 0xAB48, 0xAB48, 0xA368, 0xA369, 0x92E7, 0x8AA7, 0x8286, 0xB42C, 0xCD51,
    0xDDD3, 0xD5D3, 0xD5D3, 0xD5D3, 0xD5B3, 0xDE14, 0xE635, 0xEE97, 0xEEB7, 0xEEB7, 0xEE97, 0xEE97, 0xEE97, 0xEEB7, 0xE656, 0xA3CB,
    0xBCCD, 0xC52D, 0xFF35, 0xFF14, 0xFF14, 0xFF15, 0xFF14, 0xFF14, 0xFEF4, 0xFEF4, 0xFEF4, 0xFEF4, 0xFEF4, 0xFEF4, 0xFEF4, 0xFEF4,
    0xFEF4, 0xFEF4, 0xFEF5, 0xFED4, 0xFED4, 0xFED4, 0xFED4, 0xFED4, 0xFED4, 0xFF15, 0xFFB9, 0xFFDA, 0xFFDA, 0xFFDA, 0xFFDA, 0xFFDA,
    0xFFDA, 0xFFDA, 0xFFDA, 0xFFDA, 0xFFDA, 0xFFDA, 0xFFDA, 0xFFDA, 0xFFDA, 0xFFDA, 0xFFDA, 0xFFDA, 0xFFDA, 0xFFDA, 0xFFDA, 0xFFDA,
    0xFFDA, 0xFFDA, 0xFFDA, 0xFFDA, 0xFFDA, 0xFFDA, 0xFFDA, 0xFF36, 0xFF14, 0xFF35, 0xFF36, 0xFF36, 0xFF16, 0xFF15, 0xFF36, 0xFFB9,
    0xFF14, 0xFF35, 0xEE93, 0x4183, 0x20C2, 0x2923, 0x3985, 0x41A5, 0x2923, 0x18C2, 0x1081, 0x0861, 0x1081, 0x10A1, 0x1081, 0x1081,
    0x18C2, 0x20E3, 0x20E3, 0x18C2, 0x0861, 0x10A2, 0x1081, 0x0860, 0x0861, 0x0860, 0x0860, 0x0860, 0x0860, 0x0860, 0x0840, 0x0840,
    0x0840, 0x0840, 0x0840, 0x0840, 0x0840, 0x0840, 0x0840, 0x0840, 0x0840, 0x0840, 0x0000, 0x4A06, 0xEEB8, 0xE697, 0xFFDC, 0xFFFC,
    0xFFFD, 0xFFFD, 0xFFBC, 0xFFDC, 0xFFFD, 0xFFFC, 0xFFDC, 0xFFFD, 0xFFBB, 0xF719, 0xF6F9, 0xF6F9, 0xEEF8, 0xF6F9, 0xF6D8, 0xEED8,
    0xEEB7, 0xE697, 0xEEB7, 0xFF5A, 0xEED8, 0xE676, 0xEE96, 0xDDD3, 0xCD31, 0xE614, 0xE614, 0x92A6, 0x9AE6, 0xABA9, 0xABA9, 0x9263,
    0x9242, 0x9A63, 0x9A84, 0x9A83, 0x8A02, 0xAB05, 0xC408, 0xCC29, 0xCC28, 0xBBA7, 0xBBC7, 0xBB86, 0xC3E8, 0xC408, 0xC408, 0xCC08,
    0xC3E8, 0xAB46, 0xAB66, 0xAB46, 0xAB46, 0xAB46, 0xB3A7, 0xC408, 0xC408, 0xCC69, 0xD4A9, 0xCC89, 0xBBC7, 0xBBA7, 0xD469, 0xDD0B,
    0xDCEB, 0xD469, 0xBBA7, 0xC3E7, 0xD48A, 0xD489, 0xDCAA, 0xDCEB, 0xC3E7, 0xE56E, 0xE56E, 0xCBE7, 0xCC28, 0xCC27, 0xE54C, 0xE58E,
    0xDCAA, 0xD4AA, 0xDCAA, 0xDCAA, 0xD469, 0xC3A7, 0xCC08, 0xD469, 0xD489, 0xCC08, 0xBBA7, 0xCC08, 0xD448, 0xC3E7, 0xBBA7, 0xC3C7,
    0xC3C7, 0xC3C7, 0xAB05, 0xAB05, 0xA2C5, 0x79A1, 0x7981, 0x7981, 0x7981, 0x71E4, 0x7A66, 0x9308, 0x8AC7, 0x8AA6, 0x8AC7, 0xABEB,
    0xBCCE, 0xCD50, 0xDDD3, 0xDDD3, 0xDDD3, 0xDDD3, 0xDDF4, 0xE656, 0xE656, 0xE676, 0xEE97, 0xEE97, 0xEE97, 0xEE97, 0xEE97, 0xFF3A,
    0xB48F, 0x9307, 0xFF55, 0xFF14, 0xFF15, 0xFF14, 0xFF14, 0xFF14, 0xFEF4, 0xFEF4, 0xFEF4, 0xFEF4, 0xFEF4, 0xFEF4, 0xFEF4, 0xFED4,
    0xFED4, 0xFEF4, 0xFEF5, 0xFEF4, 0xFED3, 0xFEF4, 0xFEF4, 0xFED4, 0xFED4, 0xFEF4, 0xFF35, 0xFF98, 0xFFDA, 0xFFDA, 0xFFDA, 0xFFDA,
    0xFFDA, 0xFFDA, 0xFFDA, 0xFFDA, 0xFFDA, 0xFFDA, 0xFFDA, 0xFFDA, 0xFFDA, 0xFFDA, 0xFFDA, 0xFFDA, 0xFFDA, 0xFFDA, 0xFFDA, 0xFFDA,
    0xFFDA, 0xFFDA, 0xFFDA, 0xFF78, 0xFF16, 0xFF16, 0xFF16, 0xFF15, 0xFF15, 0xFFDA, 0xFFDB, 0xFFDA, 0xFFDA, 0xFFDA, 0xFFDA, 0xFFDA,
    0xFEF3, 0xFF34, 0xEE92, 0x3942, 0x20C2, 0x41C6, 0x41A5, 0x2923, 0x18A2, 0x10A1, 0x1081, 0x1081, 0x0861, 0x1081, 0x10A1, 0x10A2,
    0x18C2, 0x18C2, 0x20E3, 0x18E2, 0x0861, 0x0861, 0x0861, 0x0861, 0x0860, 0x0860, 0x0860, 0x0860, 0x0860, 0x0860, 0x0840, 0x0840,
    0x0840, 0x0840, 0x0840, 0x0840, 0x0840, 0x0840, 0x0840, 0x0840, 0x0840, 0x1081, 0x41E7, 0x7B8C, 0xE697, 0xE6B7, 0xFF9B, 0xFF9B,
    0xFFDC, 0xFFDD, 0xFFFD, 0xFFFD, 0xFFFD, 0xFFBB, 0xFFBB, 0xFFDC, 0xFFBB, 0xF739, 0xF6F8, 0xEEF8, 0xEEF8, 0xEED8, 0xE697, 0xE696,
    0xE697, 0xEED7, 0xFF5A, 0xFF5A, 0xEED8, 0xE697, 0xEE97, 0xD572, 0x92E6, 0x9AE6, 0xB3EA, 0xC4EE, 0x9223, 0x81C1, 0x89E1, 0xAB45,
    0xBBA7, 0x9242, 0xAAE4, 0xA2C4, 0x8A02, 0xA304, 0xC408, 0xD449, 0xD469, 0xCC49, 0xC3E8, 0xCC08, 0xC408, 0xC408, 0xCC29, 0xCC49,
    0xC3E8, 0xB3A7, 0xB3A7, 0xB366, 0xB346, 0xB366, 0xAB66, 0xC3E8, 0xC428, 0xD489, 0xD4CA, 0xD489, 0xC3C7, 0xBBA7, 0xD489, 0xDCEB,
    0xDCEA, 0xDCCA, 0xCC08, 0xC3C7, 0xCC28, 0xCC28, 0xDCCA, 0xD48A, 0xE54C, 0xDCEB, 0xDCAA, 0xDCAA, 0xCC08, 0xD4AA, 0xEE70, 0xE56D,
    0xDC8A, 0xDCCA, 0xDCAA, 0xDCAA, 0xD469, 0xCC28, 0xDC6A, 0xDC89, 0xD449, 0xC3C7, 0xCC28, 0xD469, 0xCC28, 0xC3C7, 0xC3C7, 0xBBA7,
    0xBBA7, 0xBBA7, 0xBBA7, 0xC3E7, 0xAB25, 0x79A1, 0x81C2, 0x81C2, 0x81C2, 0x7A25, 0x82A7, 0x9328, 0x9308, 0x9308, 0x9328, 0x9B28,
    0x9B69, 0xCD51, 0xDDD3, 0xDDD3, 0xDDD3, 0xDDF3, 0xDDF3, 0xDDF4, 0xDDF4, 0xE635, 0xEE96, 0xEE76, 0xEE96, 0xE697, 0xE697, 0xEEF8,
    0xBCAF, 0x9B88, 0xFF55, 0xFF14, 0xFF15, 0xFF14, 0xFF14, 0xFF14, 0xFEF4, 0xFEF4, 0xFEF4, 0xFEF4, 0xFEF4, 0xFEF4, 0xFEF4, 0xFEF4,
    0xFED4, 0xFED4, 0xFED4, 0xFEF4, 0xFEF4, 0xFEF4, 0xFEF4, 0xFED4, 0xFEF4, 0xFEF4, 0xFED4, 0xFF35, 0xFF99, 0xFFBA, 0xFFDA, 0xFFDA,
    0xFFDA, 0xFFDA, 0xFFDA, 0xFFDA, 0xFFDA, 0xFFDA, 0xFFDA, 0xFFDA, 0xFFB9, 0xFF99, 0xFF99, 0xFFB9, 0xFFB9, 0xFFB9, 0xFF77, 0xF6F5,
    0xFEF5, 0xFF15, 0xFF15, 0xFED4, 0xFEB3, 0xFEB3, 0xFEB3, 0xFEB3, 0xFED4, 0xFF37, 0xFF99, 0xFFDA, 0xFFBA, 0xFFBA, 0xFFDA, 0xFFDA,
    0xFEF3, 0xFEF3, 0xFF34, 0xA46C, 0x1880, 0x49E6, 0x41A5, 0x20C2, 0x1081, 0x1081, 0x1081, 0x1081, 0x0861, 0x18A2, 0x20E3, 0x20E3,
    0x18C2, 0x0861, 0x0861, 0x1061, 0x0861, 0x0861, 0x0860, 0x0860, 0x0860, 0x0860, 0x0860, 0x0860, 0x0860, 0x0860, 0x0840, 0x0840,
    0x0840, 0x0840, 0x0840, 0x0840, 0x0840, 0x0840, 0x0840, 0x0860, 0x0000, 0x0841, 0xC593, 0xDE76, 0xDE76, 0xE6B8, 0xFF9B, 0xFF9B,
    0xFFFD, 0xFFFD, 0xFFDC, 0xF79B, 0xF75A, 0xFF9B, 0xFFDC, 0xFFDC, 0xFF9B, 0xEF19, 0xEEF8, 0xEEF8, 0xEEF8, 0xDE76, 0xDE35, 0xF6F8,
    0xF718, 0xF739, 0xFF7A, 0xFF5A, 0xEED8, 0xE696, 0xEE97, 0xD5B3, 0x8A64, 0x89E2, 0x9222, 0x9AC5, 0xC4AC, 0xAB46, 0x8A01, 0xA2C4,
    0xD4AB, 0xBBE8, 0xB304, 0xBB66, 0xB345, 0xB345, 0xC408, 0xD469, 0xD469, 0xD469, 0xCC29, 0xC408, 0xC408, 0xC408, 0xD4AA, 0xD4CA,
    0xCC48, 0xCC29, 0xC408, 0xBBC8, 0xB366, 0xB366, 0xB366, 0xC3E8, 0xC428, 0xD4A9, 0xD4CA, 0xD4A9, 0xC3E7, 0xC3C7, 0xD489, 0xDCEB,
    0xDCCA, 0xDCEB, 0xD449, 0xC3C7, 0xC3E7, 0xC3E7, 0xDCCB, 0xD48A, 0xEDEF, 0xDD0C, 0xDC8A, 0xD469, 0xDD4D, 0xF671, 0xE54D, 0xDCEB,
    0xE52C, 0xE50C, 0xE52C, 0xDCAA, 0xD489, 0xDCAA, 0xDCAA, 0xD469, 0xCC28, 0xD469, 0xD469, 0xD449, 0xC408, 0xCC08, 0xCC08, 0xC3E8,
    0xC407, 0xC3E7, 0xCC28, 0xBBC7, 0xAB05, 0xAB25, 0x9243, 0x7961, 0x79A1, 0x7A25, 0x82A7, 0x9328, 0x9329, 0x9329, 0x9329, 0x9B69,
    0xA3AB, 0xDDB2, 0xE614, 0xE614, 0xE614, 0xE614, 0xDDD3, 0xDDF3, 0xEE76, 0xEE76, 0xEE76, 0xEE76, 0xEE76, 0xEE77, 0xE697, 0xF6F8,
    0xBC8E, 0x9B68, 0xFF56, 0xFF14, 0xFF14, 0xFF14, 0xFF14, 0xFF14, 0xFEF4, 0xFEF4, 0xFEF4, 0xFEF4, 0xFEF4, 0xFEF4, 0xFEF4, 0xFEF4,
    0xFEF4, 0xFED3, 0xFEF3, 0xFEF4, 0xFEF4, 0xFEF4, 0xFEF4, 0xFEF4, 0xFEF4, 0xFED4, 0xFEF4, 0xFEF4, 0xFF36, 0xFFDA, 0xFFDB, 0xFFDB,
    0xFFDA, 0xFFDA, 0xFFDA, 0xFFDA, 0xFFBA, 0xFFBA, 0xFFBA, 0xFF78, 0xFED4, 0xFEB4, 0xFEB4, 0xFEB4, 0xFEB4, 0xFEB4, 0xFEB4, 0xFE93,
    0xFEB3, 0xFEB3, 0xFEB3, 0xFEB3, 0xFEB3, 0xFEB3, 0xFEB3, 0xFEB3, 0xFED4, 0xFE93, 0xFF15, 0xFF99, 0xFFBA, 0xFFBA, 0xFFDA, 0xFFDA,
    0xFEF3, 0xFEF3, 0xFF75, 0xCDB1, 0x28E2, 0x3985, 0x3164, 0x2102, 0x0880, 0x1081, 0x1081, 0x1081, 0x0860, 0x18A2, 0x2103, 0x20E3,
    0x18C2, 0x0861, 0x0840, 0x0860, 0x0860, 0x0860, 0x0860, 0x0860, 0x0860, 0x0860, 0x0860, 0x0860, 0x0860, 0x0840, 0x0840, 0x0840,
    0x0840, 0x0840, 0x0840, 0x0840, 0x0840, 0x0840, 0x0860, 0x0000, 0x2103, 0x5227, 0xB4F1, 0xD615, 0xDE56, 0xE677, 0xEED9, 0xEEF9,
    0xF75B, 0xFF9B, 0xFFBB, 0xF739, 0xF75A, 0xFFBC, 0xFFDC, 0xFF7B, 0xFF7A, 0xEF19, 0xEEF8, 0xEEF8, 0xEEF8, 0xD5F4, 0xE676, 0xFF9A,
    0xFF7A, 0xFF7A, 0xFF7A, 0xF6F8, 0xE676, 0xE656, 0xE676, 0xDE14, 0x8A64, 0x8A02, 0x9263, 0x9A22, 0x9A63, 0xCCAB, 0xBBA7, 0xA2A4,
    0xAB26, 0xD4AB, 0xD48A, 0xC3A7, 0xCBE8, 0xC3E8, 0xCC28, 0xD469, 0xD48A, 0xDC8A, 0xCC29, 0xC3E8, 0xCC08, 0xC408, 0xD4AA, 0xDCEA,
    0xDCEB, 0xDCCA, 0xC408, 0xC3E8, 0xC3E8, 0xB366, 0xB366, 0xC408, 0xCC49, 0xD4A9, 0xD4CA, 0xD4CA, 0xD468, 0xCC07, 0xD489, 0xDCEB,
    0xDCEA, 0xE50B, 0xCC28, 0xC386, 0xC3C7, 0xCC07, 0xDCCA, 0xD4CA, 0xEDAE, 0xD48A, 0xDC8A, 0xD48A, 0xEE51, 0xEE51, 0xE52C, 0xE52C,
    0xE52C, 0xE54C, 0xE54C, 0xD4AA, 0xDC8A, 0xDCAA, 0xDCAA, 0xD48A, 0xD469, 0xD48A, 0xD48A, 0xD469, 0xCC28, 0xCC28, 0xCC28, 0xCC29,
    0xCC49, 0xCC48, 0xCC48, 0xC3C7, 0xBBA7, 0xBBC7, 0xA2E5, 0x9A63, 0x9A84, 0x7A04, 0x8266, 0x9308, 0x9349, 0x9329, 0x9329, 0xA369,
    0xA3CB, 0xDDD3, 0xDDF4, 0xDDF3, 0xDE14, 0xDDF4, 0xDDF3, 0xDDF4, 0xEE76, 0xEE97, 0xEE96, 0xEE76, 0xEE77, 0xEE77, 0xEE97, 0xF719,
    0xB44D, 0x9327, 0xFF97, 0xFF35, 0xFF14, 0xFF14, 0xFF14, 0xFF14, 0xFEF4, 0xFEF4, 0xFEF4, 0xFEF4, 0xFEF4, 0xFEF4, 0xFEF4, 0xFEF4,
    0xFEF4, 0xFEF4, 0xFEF4, 0xFEF4, 0xFEF4, 0xFEF4, 0xFEF4, 0xFEF4, 0xFED4, 0xFED4, 0xFEF4, 0xFEF4, 0xFEF5, 0xFF57, 0xFFBA, 0xFFDA,
    0xFFB9, 0xFFB9, 0xFFB9, 0xFFB9, 0xFF15, 0xFED4, 0xFED4, 0xFED4, 0xFEB3, 0xFEB3, 0xFEB3, 0xFEB3, 0xFEB3, 0xFEB4, 0xFEB4, 0xFEB4,
    0xFEB3, 0xFEB3, 0xFEB3, 0xFEB3, 0xFEB3, 0xFEB3, 0xFEB3, 0xFEB3, 0xFEB3, 0xFEB3, 0xFEB4, 0xF6D4, 0xFF98, 0xFFBA, 0xFFDA, 0xFFDA,
    0xFF14, 0xFF14, 0xFF14, 0xF6D4, 0xEED6, 0x41A5, 0x1040, 0x3123, 0x1081, 0x1081, 0x1061, 0x1081, 0x1080, 0x0861, 0x18A2, 0x2103,
    0x1081, 0x0840, 0x0860, 0x0860, 0x0860, 0x0861, 0x0861, 0x0860, 0x0860, 0x0860, 0x0860, 0x0860, 0x0860, 0x0860, 0x0860, 0x0860,
    0x0840, 0x0840, 0x0840, 0x0840, 0x0840, 0x0840, 0x0020, 0x41C6, 0xACD0, 0xD5F4, 0xCDB4, 0xD5F5, 0xE677, 0xEF19, 0xEF19, 0xEF19,
    0xEED8, 0xEED8, 0xEEF9, 0xEED8, 0xF739, 0xFFBC, 0xFFBC, 0xF75A, 0xEEF9, 0xF6F8, 0xF6F9, 0xEEF8, 0xEEF8, 0xDE14, 0xDE14, 0xEEB6,
    0xEEB7, 0xEE97, 0xEEB7, 0xE655, 0xDE14, 0xE676, 0xEEB8, 0xEE97, 0xCD0F, 0x9AA4, 0x9A42, 0xA283, 0xA283, 0xA2C4, 0xDD0C, 0xCC6A,
    0xAB26, 0xC3E8, 0xE54D, 0xCC08, 0xC3C7, 0xC3E8, 0xD469, 0xDCAA, 0xD4AA, 0xE52B, 0xD489, 0xCC08, 0xCC08, 0xCC08, 0xD48A, 0xDCEA,
    0xDCEA, 0xDCEA, 0xD48A, 0xC408, 0xC3E8, 0xB386, 0xB366, 0xC3C8, 0xC3E8, 0xD4AA, 0xD4CA, 0xD4CA, 0xD469, 0xCC28, 0xD489, 0xDD0A,
    0xE54C, 0xF5AD, 0xDCCA, 0xD489, 0xCC07, 0xC3E7, 0xDCAA, 0xD4CA, 0xEDAE, 0xDCCA, 0xDC8A, 0xEE31, 0xF692, 0xDD2C, 0xE52C, 0xE54D,
    0xE52C, 0xE52C, 0xE52C, 0xE52C, 0xE50B, 0xD48A, 0xDC8A, 0xDCAA, 0xDCEA, 0xDCAA, 0xDCAA, 0xDCCA, 0xDCCA, 0xE4EA, 0xD489, 0xCC28,
    0xCC48, 0xCC48, 0xCC48, 0xCC29, 0xCC49, 0xC3E7, 0xB366, 0xB346, 0xAB05, 0x8244, 0x8A65, 0x8A85, 0x92E8, 0x9349, 0x9349, 0x9B89,
    0xABEB, 0xD592, 0xDDD3, 0xDDF3, 0xDDF3, 0xDDF3, 0xDDF3, 0xDDF4, 0xEE75, 0xE675, 0xEE76, 0xEE76, 0xEE77, 0xEE97, 0xE697, 0xEED8,
    0xCD52, 0xAC4D, 0xA3A9, 0xDDF0, 0xFF55, 0xFEF4, 0xFF14, 0xFEF4, 0xFEF4, 0xFEF4, 0xFEF4, 0xFEF4, 0xFEF4, 0xFEF4, 0xFF14, 0xFF14,
    0xFEF4, 0xFEF4, 0xFEF4, 0xFEF4, 0xFEF3, 0xFEF3, 0xFEF4, 0xFEF4, 0xFEF4, 0xFED4, 0xFED4, 0xFEF5, 0xFF36, 0xFF36, 0xFF98, 0xFF36,
    0xFEF4, 0xFED4, 0xFED4, 0xFED4, 0xFED4, 0xFEB3, 0xFEB3, 0xFEB3, 0xFEB3, 0xFEB3, 0xFEB3, 0xFEB3, 0xFEB3, 0xFEB4, 0xFEB3, 0xFEB3,
    0xFEB3, 0xFEB3, 0xFEB3, 0xFE93, 0xFEB3, 0xFEB3, 0xFEB3, 0xFEB3, 0xFEB3, 0xFEB3, 0xFEB4, 0xFEB3, 0xF6D5, 0xFFB9, 0xFFDA, 0xFFDA,
    0xFF14, 0xFF14, 0xFF14, 0xFF34, 0xFF96, 0x49E5, 0x1040, 0x3943, 0x3123, 0x1081, 0x0860, 0x0860, 0x0860, 0x0860, 0x18A2, 0x2103,
    0x1081, 0x0840, 0x0860, 0x0860, 0x0860, 0x0861, 0x0881, 0x0861, 0x0861, 0x0861, 0x0860, 0x0860, 0x0860, 0x0861, 0x0881, 0x0861,
    0x0840, 0x0840, 0x0840, 0x0840, 0x0840, 0x0860, 0x0000, 0x732A, 0xCDD4, 0xCDB4, 0xCDF5, 0xCDD5, 0xE6F9, 0xFFFD, 0xFFFC, 0xFFFC,
    0xF75A, 0xEED8, 0xEED8, 0xEED8, 0xF6F8, 0xF6F9, 0xF6F9, 0xF6F9, 0xF6F9, 0xF6F9, 0xF6F9, 0xF6F8, 0xF6F8, 0xEE97, 0xD592, 0xD592,
    0xD572, 0xDDB3, 0xDDD3, 0xD5B3, 0xDDF4, 0xBCAE, 0xC4AD, 0xCD2F, 0xD550, 0xA2E5, 0x9222, 0xA283, 0xBB65, 0xBB45, 0xB365, 0xDD4C,
    0xD4AB, 0xC3C7, 0xD48A, 0xDCCB, 0xC3E8, 0xC3C7, 0xD449, 0xDCAA, 0xD4AA, 0xE4EB, 0xE50B, 0xDCAA, 0xCC08, 0xCC08, 0xCC28, 0xD448,
    0xDCEA, 0xE50B, 0xDCEB, 0xC428, 0xC3E8, 0xBB87, 0xB366, 0xB346, 0xB386, 0xD4CA, 0xD4CA, 0xD4CA, 0xD469, 0xCC28, 0xD469, 0xE50A,
    0xED6B, 0xF5AD, 0xEDAD, 0xF5CD, 0xCC28, 0xCBE8, 0xD489, 0xD4AA, 0xE54C, 0xED4D, 0xE56D, 0xEE93, 0xEE31, 0xE58D, 0xE58E, 0xE52C,
    0xE52C, 0xE52C, 0xE54C, 0xE56D, 0xDCEB, 0xD48A, 0xD4AA, 0xDCEB, 0xE56D, 0xDCCA, 0xDCCA, 0xDCEB, 0xDCEB, 0xDCEB, 0xD469, 0xCC28,
    0xCC28, 0xCC28, 0xCC28, 0xCC28, 0xCC28, 0xC3C7, 0xBBA7, 0xB366, 0xBB87, 0xBBC7, 0xB386, 0x8203, 0x8A86, 0x9B69, 0x9349, 0xA3AA,
    0xABEB, 0xABEB, 0xCD10, 0xE614, 0xDDF3, 0xDDF4, 0xDDF3, 0xDDD3, 0xDE13, 0xDDF3, 0xE675, 0xEE96, 0xEE96, 0xEE97, 0xEE97, 0xE697,
    0xF6D8, 0xEED8, 0x79E4, 0xCD4E, 0xFF75, 0xFEF4, 0xFF14, 0xFEF4, 0xFEF4, 0xFEF4, 0xFEF4, 0xFEF3, 0xFEF4, 0xFEF4, 0xFEF4, 0xFEF4,
    0xFEF3, 0xFED3, 0xFEF4, 0xFF14, 0xFEF4, 0xFEF4, 0xFF15, 0xFF98, 0xFFB9, 0xFF99, 0xFF98, 0xFFB9, 0xFFDA, 0xFFFA, 0xFFB9, 0xFF37,
    0xFEF4, 0xFED3, 0xFED3, 0xFEB3, 0xFED4, 0xFED3, 0xFED3, 0xFED3, 0xFED3, 0xFED4, 0xFED3, 0xFED3, 0xFEB3, 0xFEB3, 0xFEB3, 0xFEB3,
    0xFEB3, 0xFEB3, 0xFE93, 0xFE93, 0xFE93, 0xFEB3, 0xFEB3, 0xFEB3, 0xFEB3, 0xFEB3, 0xFEB3, 0xFEB4, 0xFEB4, 0xFEF4, 0xFF78, 0xFFDA,
    0xFF14, 0xFF14, 0xFF14, 0xFF14, 0xFF55, 0x49E5, 0x1040, 0x3943, 0x3123, 0x1080, 0x0860, 0x0860, 0x0860, 0x0860, 0x18A1, 0x2103,
    0x1081, 0x0860, 0x0861, 0x0860, 0x0860, 0x0860, 0x0860, 0x0860, 0x0861, 0x0860, 0x0860, 0x0860, 0x0840, 0x0861, 0x0881, 0x0881,
    0x0840, 0x0840, 0x0840, 0x0840, 0x0840, 0x0860, 0x0040, 0x0000, 0x730A, 0xDE36, 0xCDB4, 0xCD94, 0xE6B8, 0xFFFD, 0xFFDC, 0xFFFD,
    0xFFDC, 0xEEF9, 0xF6D8, 0xF6D8, 0xF6D8, 0xF6D8, 0xEED8, 0xEED8, 0xEED8, 0xEED8, 0xF6F9, 0xF6F9, 0xEEF8, 0xE676, 0xE614, 0xC510,
    0x69E5, 0x9B6A, 0xD571, 0xDDF3, 0xE634, 0xB40B, 0x92A4, 0xA305, 0xA305, 0xAB05, 0xAB05, 0xAB04, 0xBB86, 0xC3A5, 0xC385, 0xCC07,
    0xDD2C, 0xD48A, 0xCC08, 0xDCEB, 0xDCEB, 0xC3E8, 0xD449, 0xDCAA, 0xDCAA, 0xDCCA, 0xE4EA, 0xDCAA, 0xCC28, 0xCC28, 0xCC08, 0xD428,
    0xDCEB, 0xDD0B, 0xDCEA, 0xDCCA, 0xCC49, 0xBB87, 0xBB67, 0xB366, 0xBBA7, 0xD4CA, 0xD4AA, 0xDCA9, 0xD489, 0xD428, 0xD469, 0xE50B,
    0xED8C, 0xF60E, 0xF60F, 0xF62F, 0xD448, 0xCC08, 0xD489, 0xD48A, 0xE52C, 0xE54D, 0xF672, 0xF672, 0xEDCF, 0xF610, 0xF610, 0xEDCF,
    0xE54D, 0xE52D, 0xE52D, 0xE50C, 0xE56D, 0xEE30, 0xEDCF, 0xE58D, 0xDD0B, 0xDD0C, 0xE52C, 0xE50B, 0xE50B, 0xDCEB, 0xD4AA, 0xD4AA,
    0xD4AA, 0xDCCA, 0xD4AA, 0xC408, 0xC3E8, 0xC3E8, 0xC3E8, 0xC3E8, 0xC3E8, 0xC3E8, 0xBBC7, 0x9264, 0x79A3, 0x71A2, 0x8A86, 0xABCB,
    0xABEB, 0xABEB, 0xBC6E, 0xC4EF, 0xC4CF, 0xDDD3, 0xDDF3, 0xD5D2, 0xDDF3, 0xDDF3, 0xE675, 0xEE96, 0xEE96, 0xEE97, 0xEE97, 0xEE97,
    0xEE97, 0xEE76, 0x8A65, 0xD56E, 0xFF75, 0xFF14, 0xFF13, 0xFEF3, 0xFEF3, 0xFEF3, 0xFED3, 0xFED3, 0xFED3, 0xFEF3, 0xFF36, 0xFF56,
    0xFF56, 0xFF36, 0xFF57, 0xFFDA, 0xFFBA, 0xFFDA, 0xFFDA, 0xFFDB, 0xFFFB, 0xFFFA, 0xFFFB, 0xFFDA, 0xFFDA, 0xFFDA, 0xFFDA, 0xFFDA,
    0xFF15, 0xFED3, 0xFED4, 0xFED3, 0xFED3, 0xFED3, 0xFED3, 0xFED3, 0xFEB3, 0xFED4, 0xFED3, 0xFEB3, 0xFEB3, 0xFEB3, 0xFEB3, 0xFEB3,
    0xFEB3, 0xFEB3, 0xFE92, 0xFE93, 0xFE93, 0xFEB3, 0xFEB3, 0xFEB3, 0xFEB3, 0xFEB3, 0xFEB3, 0xFEB3, 0xFEB3, 0xFE93, 0xF6F5, 0xFF98,
    0xFF34, 0xFF14, 0xFF14, 0xFF14, 0xFF55, 0x49E5, 0x1060, 0x3943, 0x3123, 0x18A1, 0x0860, 0x0860, 0x0860, 0x0860, 0x18A1, 0x20E3,
    0x18E2, 0x10A1, 0x0860, 0x0860, 0x0860, 0x0860, 0x0860, 0x0860, 0x0861, 0x0861, 0x0860, 0x0860, 0x0840, 0x0861, 0x0881, 0x0860,
    0x0840, 0x0840, 0x0840, 0x0840, 0x0840, 0x0020, 0x20E2, 0x4A07, 0x8BCC, 0xD615, 0xDE56, 0xDE56, 0xE6F9, 0xFFFD, 0xFFFC, 0xFFFD,
    0xFF9B, 0xEED8, 0xF6D8, 0xF6D8, 0xF6D8, 0xEED8, 0xEEB7, 0xEEB7, 0xEEB7, 0xE696, 0xEEB7, 0xE676, 0xE655, 0xDE14, 0xE635, 0xBCAF,
    0x5922, 0x5942, 0xBCAD, 0xE612, 0xDDD1, 0xDDB0, 0xDD90, 0xDDAF, 0xDD8F, 0xE5B0, 0xDD0C, 0xCC49, 0xCBE7, 0xCC28, 0xD448, 0xCC48,
    0xD48A, 0xE56D, 0xD48A, 0xDCCB, 0xED6D, 0xCC49, 0xCC49, 0xDC8A, 0xDCCA, 0xDCCA, 0xDCCA, 0xDCCA, 0xE50B, 0xD448, 0xCC08, 0xD448,
    0xDCEA, 0xDCCA, 0xDD0B, 0xE50B, 0xD4AA, 0xBBA7, 0xB366, 0xB366, 0xBBA7, 0xD4AA, 0xDCAA, 0xDCA9, 0xDC89, 0xD428, 0xD469, 0xE52B,
    0xED6C, 0xF62F, 0xF650, 0xF64F, 0xD469, 0xCC08, 0xD489, 0xD4AA, 0xE50B, 0xF630, 0xF692, 0xEDEF, 0xF631, 0xF692, 0xF692, 0xF630,
    0xE54D, 0xE54D, 0xE54D, 0xE58D, 0xEE10, 0xE56D, 0xDCAA, 0xDD0B, 0xEDCE, 0xEDCE, 0xEDAD, 0xDD2C, 0xDCEB, 0xDCEB, 0xDCEB, 0xDD0B,
    0xE50B, 0xE50B, 0xCC69, 0xC408, 0xC428, 0xCC28, 0xCC28, 0xCC28, 0xCC49, 0xCC48, 0xCC69, 0xB367, 0x92A5, 0x92A5, 0x8A65, 0x9308,
    0xABEB, 0xABEC, 0xB42D, 0xBC8E, 0xBC8E, 0xDDD3, 0xDDF3, 0xD5D2, 0xDDF3, 0xDDF3, 0xEE75, 0xEE96, 0xEE96, 0xEE97, 0xEE97, 0xEE97,
    0xEEB7, 0xEE97, 0x8245, 0xD56F, 0xFF55, 0xFEF4, 0xFF14, 0xFF14, 0xFF14, 0xFF56, 0xFF77, 0xFF77, 0xFF77, 0xFF77, 0xFFD9, 0xFFFA,
    0xFFFA, 0xFFFB, 0xFFFA, 0xFFDA, 0xFFDA, 0xFFDA, 0xFFDA, 0xFFDA, 0xFFDA, 0xFFDA, 0xFFDA, 0xFFDA, 0xFFDA, 0xFFDA, 0xFFDA, 0xFFDA,
    0xFFB9, 0xFEF5, 0xFEB3, 0xFED4, 0xFED3, 0xFED3, 0xFED3, 0xFED3, 0xFEB3, 0xFEB3, 0xFEB3, 0xFEB3, 0xFEB3, 0xFEB3, 0xFEB3, 0xFEB3,
    0xFEB3, 0xFE93, 0xFE93, 0xFE93, 0xFEB3, 0xFEB3, 0xFEB3, 0xFEB3, 0xFEB3, 0xFEB3, 0xFEB3, 0xFEB3, 0xFEB3, 0xFEB3, 0xFEB3, 0xFED4,
    0xFF56, 0xFF14, 0xFF14, 0xFF14, 0xFF55, 0x4184, 0x0820, 0x4164, 0x3103, 0x28E2, 0x20C2, 0x18A1, 0x1080, 0x0860, 0x0860, 0x1081,
    0x2103, 0x18E2, 0x1081, 0x0860, 0x0860, 0x0860, 0x0860, 0x0860, 0x0861, 0x1081, 0x1081, 0x0840, 0x0840, 0x0840, 0x0860, 0x0840,
    0x0840, 0x0840, 0x0860, 0x0840, 0x0860, 0x0000, 0x41C6, 0xDE15, 0xD5D4, 0xCDB4, 0xEF19, 0xFFFC, 0xFFBC, 0xFFDC, 0xFF9C, 0xF73A,
    0xF6F9, 0xF6D9, 0xF6D8, 0xF6D8, 0xEED8, 0xEEB7, 0xEED7, 0xEED7, 0xEED7, 0xEE76, 0xDE14, 0xDE14, 0xDE14, 0xDDD3, 0xE655, 0xCD51,
    0x92E6, 0x9B06, 0x9AA5, 0x8A43, 0x9A84, 0xA2A4, 0xA2C4, 0xA2C4, 0xAB04, 0xB325, 0xD48A, 0xE58E, 0xDD4D, 0xD4AA, 0xCC28, 0xD469,
    0xD449, 0xE56D, 0xEDAF, 0xD48A, 0xDCCB, 0xDCAA, 0xCC08, 0xD448, 0xDCAA, 0xDCCA, 0xE52B, 0xDD0B, 0xE54C, 0xD4A9, 0xD448, 0xD448,
    0xD469, 0xD448, 0xE52B, 0xEDAD, 0xE52B, 0xBBA7, 0xBB87, 0xB366, 0xBBA7, 0xCC48, 0xD489, 0xE50B, 0xDCA9, 0xD449, 0xDCA9, 0xE52B,
    0xEDAD, 0xF64F, 0xF650, 0xF650, 0xE52B, 0xD469, 0xCC48, 0xD489, 0xE52C, 0xF651, 0xF630, 0xEDEF, 0xF672, 0xF672, 0xF672, 0xF651,
    0xED6D, 0xE54C, 0xEDCE, 0xF630, 0xD48A, 0xD469, 0xDCCA, 0xE54C, 0xED8D, 0xE54C, 0xE54D, 0xE54D, 0xDD0B, 0xDD0B, 0xE52C, 0xD4CA,
    0xDCCA, 0xD4AA, 0xCC49, 0xCC69, 0xDCCA, 0xDCCA, 0xD489, 0xCC69, 0xD489, 0xCC69, 0xCC49, 0xCC69, 0xD48A, 0xD4CB, 0x9284, 0x71A2,
    0x8A85, 0xABCB, 0xB44D, 0xBCAE, 0xBCAE, 0xDDD3, 0xDE14, 0xDDD2, 0xDDF2, 0xDDF2, 0xE613, 0xE655, 0xEE97, 0xEE97, 0xEE97, 0xEE97,
    0xEEB7, 0xEE96, 0x8245, 0xD5B0, 0xFFF8, 0xFF76, 0xFF77, 0xFF97, 0xFF97, 0xFFB9, 0xFFBA, 0xFFDA, 0xFFDA, 0xFFDA, 0xFFDA, 0xFFDA,
    0xFFDA, 0xFFDB, 0xFFDB, 0xFFDA, 0xFFDA, 0xFFDA, 0xFFDA, 0xFFDA, 0xFFDA, 0xFFDA, 0xFFDA, 0xFFDA, 0xFFDA, 0xFFDA, 0xFFDA, 0xFFDA,
    0xFFFA, 0xFF99, 0xFF15, 0xFEB3, 0xFED4, 0xFED4, 0xFED4, 0xFED3, 0xFEB3, 0xFEB3, 0xFEB3, 0xFEB3, 0xFEB3, 0xFEB3, 0xFEB3, 0xFEB3,
    0xFE93, 0xFE92, 0xFE93, 0xFEB3, 0xFEB3, 0xFEB3, 0xFEB3, 0xFEB3, 0xFEB3, 0xFEB3, 0xFEB3, 0xFEB3, 0xFEB3, 0xFEB3, 0xFEB3, 0xFE93,
    0xFF76, 0xFF55, 0xFF34, 0xFF14, 0xFF35, 0x7B4A, 0x2923, 0x0800, 0x3122, 0x3123, 0x28E2, 0x28E2, 0x20C2, 0x1081, 0x0860, 0x0860,
    0x18E2, 0x2103, 0x18C2, 0x0840, 0x0860, 0x0860, 0x0860, 0x0860, 0x0861, 0x0861, 0x0861, 0x0860, 0x0840, 0x0840, 0x0840, 0x0840,
    0x0840, 0x0840, 0x0840, 0x0840, 0x0860, 0x0000, 0x39A5, 0xCDB3, 0xCDB4, 0xD5F4, 0xE676, 0xE697, 0xF719, 0xF73A, 0xF719, 0xEED8,
    0xF6D9, 0xF6F9, 0xF6F9, 0xF6F9, 0xF6F8, 0xE655, 0xDE35, 0xE635, 0xE635, 0xE634, 0xDE14, 0xDE14, 0xE635, 0xDDB3, 0xA3AA, 0x9B49,
    0x79E3, 0x79A1, 0x9223, 0x9A43, 0xA2A4, 0xA2A3, 0xAAC4, 0xAAC3, 0xB304, 0xC386, 0xC386, 0xC408, 0xDD0C, 0xDD0B, 0xDD2B, 0xCC69,
    0xD489, 0xD469, 0xEDD0, 0xE56E, 0xD469, 0xDCAA, 0xCC28, 0xCC28, 0xCC28, 0xDCEA, 0xEDAD, 0xED8C, 0xED6C, 0xE52B, 0xD4A9, 0xD448,
    0xD468, 0xD448, 0xE52B, 0xEDCD, 0xE54C, 0xCC28, 0xBBA7, 0xBB86, 0xC3A7, 0xC3E7, 0xD489, 0xED4B, 0xDCAA, 0xD449, 0xE4EA, 0xE52B,
    0xF60E, 0xFE50, 0xF650, 0xFE90, 0xE52B, 0xD448, 0xCC49, 0xCC49, 0xE58D, 0xF630, 0xEDEF, 0xF630, 0xF692, 0xF693, 0xFEB3, 0xF651,
    0xED6D, 0xED8D, 0xF5CE, 0xE50C, 0xE50B, 0xE54C, 0xE54C, 0xED6C, 0xE52C, 0xE50C, 0xE56D, 0xED8D, 0xEDEE, 0xE58D, 0xDD2C, 0xD4AA,
    0xDCAA, 0xDCCA, 0xDCCA, 0xDCAA, 0xD4AA, 0xD4CA, 0xDCCA, 0xDCEA, 0xDCCA, 0xCC69, 0xCC69, 0xCC69, 0xCC69, 0xCC89, 0xCC69, 0xB3C8,
    0x7181, 0x9B28, 0xB44C, 0xBC8E, 0xBCAE, 0xDDD3, 0xDDF3, 0xDDD2, 0xDDF2, 0xDDF2, 0xDDF3, 0xDE14, 0xEE96, 0xEE97, 0xEE97, 0xEE97,
    0xEEB7, 0xE696, 0x8245, 0xC4EE, 0xEEB4, 0xE673, 0xFFD9, 0xFFFA, 0xFF98, 0xFF98, 0xFFFB, 0xFFFB, 0xFFFB, 0xFFFB, 0xFFFB, 0xFFFB,
    0xFFDA, 0xFFDB, 0xFFDB, 0xFFDA, 0xFFDA, 0xFFDA, 0xFFDA, 0xFFDA, 0xFFDA, 0xFFDA, 0xFFDA, 0xFFDA, 0xFFDA, 0xFFDA, 0xFFDA, 0xFFDA,
    0xFFDA, 0xFFDB, 0xFF78, 0xFED3, 0xFED4, 0xFED4, 0xFED4, 0xFED3, 0xFED3, 0xFED3, 0xFED3, 0xFEB3, 0xFEB3, 0xFEB3, 0xFEB3, 0xFEB3,
    0xFE93, 0xFE92, 0xFEB3, 0xFEB3, 0xFEB3, 0xFEB3, 0xFEB3, 0xFEB3, 0xFEB3, 0xFEB3, 0xFEB3, 0xFE93, 0xFEB3, 0xFE93, 0xFE93, 0xFE93,
    0xFF77, 0xFF55, 0xFF35, 0xFF15, 0xFF14, 0xFF96, 0xCDF2, 0x62A7, 0x1060, 0x1020, 0x20E2, 0x28E2, 0x28E2, 0x18A1, 0x0860, 0x0860,
    0x18E2, 0x2103, 0x18C2, 0x10A1, 0x0860, 0x0860, 0x0860, 0x0860, 0x0840, 0x0840, 0x0840, 0x0840, 0x0840, 0x0840, 0x0840, 0x0840,
    0x0840, 0x0840, 0x0840, 0x0840, 0x0860, 0x0000, 0x3985, 0xCDB4, 0xCD93, 0xD5F4, 0xE656, 0xE656, 0xE697, 0xEEB8, 0xF6F9, 0xF6F9,
    0xF6F9, 0xF6F9, 0xF6F9, 0xF6F9, 0xEED8, 0xDE35, 0xDE14, 0xDDF4, 0xDDF3, 0xDDF4, 0xDDD3, 0xCD51, 0xCD30, 0xB44C, 0x79E3, 0x6120,
    0x7161, 0x79C2, 0x9222, 0x9243, 0xA2C4, 0xAAC4, 0xAAC4, 0xAAA3, 0xB304, 0xC3A7, 0xBB86, 0xC3E7, 0xCC28, 0xD48A, 0xE54C, 0xE54D,
    0xD4AA, 0xD469, 0xDCCB, 0xEDAE, 0xD4AA, 0xD449, 0xD469, 0xCC08, 0xCC07, 0xDCEA, 0xEDCD, 0xEDAD, 0xEDCD, 0xEDCD, 0xE52B, 0xD448,
    0xD468, 0xD448, 0xE52B, 0xF5CD, 0xE54C, 0xCC48, 0xC3C7, 0xC3A7, 0xC3C7, 0xC3A7, 0xDC89, 0xED6B, 0xDCCA, 0xD449, 0xE4EA, 0xE52A,
    0xF60E, 0xFE70, 0xF650, 0xFE91, 0xE54C, 0xD448, 0xCC28, 0xCC08, 0xE56D, 0xF650, 0xF5EF, 0xF630, 0xFE93, 0xFED4, 0xF692, 0xF60F,
    0xED6D, 0xE54C, 0xE56C, 0xED8D, 0xEDCE, 0xED6C, 0xE56C, 0xE56C, 0xE56D, 0xED8D, 0xED8D, 0xED6D, 0xE54C, 0xDD0B, 0xDD0B, 0xDCEB,
    0xE50B, 0xDCEB, 0xDCCA, 0xDCAA, 0xDCAA, 0xD4AA, 0xD4C9, 0xD4C9, 0xD4CA, 0xD4A9, 0xD4A9, 0xD4AA, 0xD4AA, 0xD4AA, 0xD4EA, 0xCCAA,
    0xB3C9, 0x9285, 0x9B08, 0xBC8D, 0xBC8E, 0xC4EF, 0xD591, 0xDE13, 0xDDF2, 0xDDF2, 0xDDF3, 0xDE14, 0xE635, 0xE656, 0xEE97, 0xEE97,
    0xEEB8, 0xE676, 0x8A66, 0x9284, 0xA306, 0xA327, 0xBC8D, 0xBC8D, 0xEEB4, 0xEEF6, 0xAC0B, 0xB44D, 0xB44D, 0xBC6D, 0xB42C, 0xCD91,
    0xFFFC, 0xFFDA, 0xFFDA, 0xFFDA, 0xFFDA, 0xFFDA, 0xFFDA, 0xFFDA, 0xFFDA, 0xFFDA, 0xFFDA, 0xFFDA, 0xFFDA, 0xFFDA, 0xFFDA, 0xFFDA,
    0xFFDA, 0xFFDA, 0xFFDA, 0xFFBA, 0xFED4, 0xFEB3, 0xFED4, 0xFED3, 0xFED3, 0xFED3, 0xFED3, 0xFED3, 0xFEB3, 0xFEB3, 0xFEB3, 0xFEB3,
    0xFEB3, 0xFEB3, 0xFEB3, 0xFEB3, 0xFEB3, 0xFEB3, 0xFEB3, 0xFEB3, 0xFEB3, 0xFEB3, 0xFEB3, 0xFE93, 0xFE93, 0xFE93, 0xFE93, 0xFE93,
    0xFFB8, 0xFF76, 0xFF34, 0xFF34, 0xFF34, 0xFF14, 0xFF75, 0xF6F4, 0x7B49, 0x6B08, 0x1881, 0x1040, 0x28E2, 0x20C2, 0x1081, 0x1881,
    0x20C2, 0x18C2, 0x18C2, 0x18C2, 0x1081, 0x0840, 0x0860, 0x0860, 0x0840, 0x0840, 0x0840, 0x0840, 0x0840, 0x0840, 0x0840, 0x0840,
    0x0840, 0x0840, 0x0840, 0x0860, 0x0860, 0x0000, 0x3985, 0xCD93, 0xCDB4, 0xDE15, 0xE656, 0xE676, 0xE656, 0xE676, 0xF6D8, 0xF6D8,
    0xF6D8, 0xF719, 0xF75A, 0xF6F9, 0xE676, 0xEE96, 0xDE34, 0xBCCF, 0xDDD3, 0xDDF4, 0xDDF4, 0xC4F0, 0x8A65, 0x7161, 0x79A2, 0x9AC5,
    0x9284, 0x9A84, 0x9A83, 0xA283, 0xAAC4, 0xAAE4, 0xB325, 0xB345, 0xBB45, 0xC3A7, 0xCC28, 0xCC48, 0xD489, 0xD469, 0xD48A, 0xDD2C,
    0xE5AE, 0xDD0C, 0xD469, 0xD4AA, 0xE58E, 0xD48A, 0xC3C6, 0xC407, 0xC3E7, 0xDCEA, 0xF5CE, 0xEDCD, 0xF60E, 0xF60E, 0xE56C, 0xD468,
    0xDC89, 0xD468, 0xE52B, 0xF5ED, 0xE54B, 0xCC28, 0xC3C7, 0xC3A6, 0xC3C7, 0xC3A6, 0xDC89, 0xED6C, 0xE4CA, 0xD468, 0xE4EA, 0xE52A,
    0xF60E, 0xFE70, 0xFE70, 0xFE90, 0xDD2C, 0xD448, 0xCC28, 0xCC07, 0xD4AA, 0xEDCE, 0xF60F, 0xF692, 0xFEF4, 0xFEF4, 0xF651, 0xF5EE,
    0xE52C, 0xE54C, 0xF62F, 0xF650, 0xF60F, 0xED8D, 0xED8D, 0xED8D, 0xEDCE, 0xEDCE, 0xE56D, 0xE56C, 0xE56D, 0xE56C, 0xE58D, 0xEDAD,
    0xE56C, 0xDCCA, 0xDCCA, 0xDCAA, 0xDCCA, 0xDCCA, 0xDCCA, 0xDCEB, 0xDD2B, 0xDD2B, 0xDD2B, 0xDD2C, 0xE54C, 0xDD2B, 0xD4EB, 0xD4EB,
    0xDD4D, 0xABA8, 0x9AE6, 0x8A85, 0xB42C, 0xC4CF, 0xCD30, 0xD591, 0xDDD2, 0xDDF2, 0xDDF2, 0xDE14, 0xDE34, 0xE655, 0xEE97, 0xEEB7,
    0xEEB8, 0xE656, 0x8265, 0xD48A, 0xF5AD, 0xE54C, 0xBC09, 0xB387, 0xBC6B, 0xC4AC, 0xAB46, 0xB3A8, 0xBBC8, 0xB387, 0xAB05, 0xB3A8,
    0xC50E, 0xF758, 0xFFFC, 0xFFFB, 0xFFDA, 0xFFDA, 0xFFDA, 0xFFDA, 0xFFDA, 0xFFDA, 0xFFDA, 0xFFDA, 0xFFDA, 0xFFDA, 0xFFDA, 0xFFDA,
    0xFFDA, 0xFFDA, 0xFFDA, 0xFFDA, 0xFF78, 0xFF15, 0xFED3, 0xFED3, 0xFED3, 0xFED4, 0xFED4, 0xFEB3, 0xFED3, 0xFEB3, 0xFEB3, 0xFEB3,
    0xFEB3, 0xFEB3, 0xFEB3, 0xFEB3, 0xFEB3, 0xFEB3, 0xFEB3, 0xFEB3, 0xFEB3, 0xFEB3, 0xFEB3, 0xFEB3, 0xFEB3, 0xFE93, 0xFE93, 0xFE93,
    0xFFFB, 0xFF97, 0xFF14, 0xFF34, 0xFF34, 0xFF14, 0xFF14, 0xFF14, 0xFF75, 0xFF54, 0xBD2E, 0x6AC8, 0x0800, 0x1860, 0x28C2, 0x3102,
    0x20C2, 0x18C1, 0x18C1, 0x18C2, 0x18A1, 0x0860, 0x0860, 0x0860, 0x0840, 0x0840, 0x0840, 0x0840, 0x0840, 0x0840, 0x0840, 0x0840,
    0x0840, 0x0840, 0x0840, 0x0020, 0x0020, 0x0020, 0x3184, 0xC573, 0xD5D4, 0xE676, 0xE656, 0xE656, 0xE656, 0xE697, 0xEED8, 0xEED8,
    0xEED8, 0xF719, 0xFF7A, 0xEF18, 0xEEB7, 0xF6F8, 0xD5D3, 0xAC0C, 0xD5D3, 0xDE14, 0xDDD3, 0xC4CF, 0x7181, 0x6940, 0x7981, 0x8A02,
    0xA2C4, 0xAB04, 0xAAE4, 0xAAE4, 0xA2C4, 0xAAA3, 0xBB86, 0xCC28, 0xCBE8, 0xC3A7, 0xD449, 0xD489, 0xD489, 0xD489, 0xDCAA, 0xE54C,
    0xE58E, 0xEE0F, 0xDD0C, 0xD46A, 0xDD0C, 0xE54D, 0xCC48, 0xC3E6, 0xC3E7, 0xDCCA, 0xF5CE, 0xEDEE, 0xF60E, 0xF60E, 0xF5EE, 0xE54B,
    0xDC69, 0xDC69, 0xE50B, 0xED8C, 0xED8C, 0xE52B, 0xCC48, 0xBBA6, 0xC3C7, 0xC3A7, 0xD4A9, 0xED6C, 0xE4EA, 0xDCA9, 0xE52A, 0xE52A,
    0xF60E, 0xFE70, 0xFE70, 0xFE71, 0xF650, 0xDD2B, 0xCC07, 0xD428, 0xCBE7, 0xE54C, 0xF630, 0xFED3, 0xFED4, 0xFEB3, 0xF650, 0xEDEE,
    0xEDAE, 0xF60F, 0xF670, 0xF670, 0xF650, 0xF650, 0xF650, 0xF650, 0xEDEF, 0xEDCE, 0xEE0F, 0xF650, 0xF650, 0xF670, 0xF64F, 0xF62F,
    0xE58C, 0xD4AA, 0xDCCA, 0xDCEA, 0xDCEA, 0xDCEA, 0xE52B, 0xE56C, 0xE56C, 0xE56C, 0xE56C, 0xE58C, 0xE58C, 0xE56C, 0xDD2C, 0xD50C,
    0xD4EB, 0xDD4D, 0xCCCB, 0x71C3, 0xB42C, 0xCD0F, 0xC4CF, 0xC4CE, 0xD591, 0xDDD2, 0xDE13, 0xE676, 0xE676, 0xE675, 0xEE97, 0xEEB7,
    0xEEB8, 0xEED8, 0xCDB3, 0x92E7, 0xE56C, 0xF5ED, 0xF62E, 0xF5EE, 0xBBE8, 0xC469, 0xFE6F, 0xFE4F, 0xFE4F, 0xCCCB, 0xD50C, 0xED8D,
    0xAB05, 0xABEA, 0xB44C, 0xAC4C, 0xF799, 0xFFFC, 0xFFFB, 0xFFFB, 0xFFFB, 0xFFDA, 0xFFDA, 0xFFDA, 0xFFDA, 0xFFDA, 0xFFDA, 0xFFDA,
    0xFFDA, 0xFFDA, 0xFFDA, 0xFFDA, 0xFFFB, 0xFF99, 0xFEF4, 0xFED4, 0xFED3, 0xFED4, 0xFED4, 0xFED3, 0xFED3, 0xFED3, 0xFEB3, 0xFEB3,
    0xFEB3, 0xFEB3, 0xFEB3, 0xFEB3, 0xFEB3, 0xFEB3, 0xFED4, 0xFED4, 0xFED4, 0xFED4, 0xFED4, 0xFEB3, 0xFEB3, 0xFE93, 0xFE93, 0xFE93,
    0xFFFB, 0xFFB9, 0xFF76, 0xFF14, 0xFF14, 0xFF14, 0xFF14, 0xFF13, 0xFEF3, 0xFED2, 0xFFB4, 0xA46C, 0x2923, 0x3184, 0x1860, 0x28E2,
    0x20E2, 0x18C1, 0x18C2, 0x20C2, 0x1081, 0x0040, 0x0840, 0x0860, 0x0860, 0x0860, 0x0860, 0x0860, 0x0860, 0x0840, 0x0840, 0x0840,
    0x0840, 0x0840, 0x0040, 0x20E3, 0x39A5, 0x62A8, 0x732A, 0xC532, 0xD5D4, 0xE676, 0xE656, 0xEE97, 0xEEB7, 0xEED8, 0xEED8, 0xEED8,
    0xF6D8, 0xF6F9, 0xF6F8, 0xF6F8, 0xF6F8, 0xF6F8, 0xD592, 0xA3EC, 0xDDD3, 0xEEB7, 0xD572, 0x79E3, 0x8A23, 0x8A23, 0x8A23, 0x8A02,
    0xA2C4, 0xAAE4, 0xAB05, 0xB325, 0xBB66, 0xB325, 0xBB65, 0xCC08, 0xCC28, 0xD428, 0xCC28, 0xD48A, 0xD489, 0xD489, 0xD489, 0xE56D,
    0xEDAE, 0xEDAE, 0xEDAE, 0xE54D, 0xCC49, 0xE58E, 0xDD0C, 0xC3E7, 0xCBE7, 0xDCEB, 0xF5EE, 0xF5EE, 0xF62F, 0xF60F, 0xF60E, 0xEDAC,
    0xDCA9, 0xDCA9, 0xDC89, 0xE4EA, 0xED8C, 0xF5AC, 0xDCA9, 0xC3A6, 0xC3C7, 0xCBE7, 0xE50A, 0xE54B, 0xE52B, 0xED2B, 0xED4B, 0xED2B,
    0xF62F, 0xF670, 0xF670, 0xFE71, 0xFE91, 0xE56C, 0xCBE7, 0xD428, 0xCC28, 0xE54C, 0xF630, 0xFED3, 0xFEB3, 0xF651, 0xF630, 0xEE0F,
    0xFE91, 0xF691, 0xF671, 0xF671, 0xF670, 0xF650, 0xF651, 0xF671, 0xF671, 0xF671, 0xF671, 0xF650, 0xF62F, 0xF60F, 0xED8D, 0xDCAA,
    0xDCCA, 0xDCCA, 0xE50B, 0xDD0A, 0xDD0B, 0xDCEA, 0xE52B, 0xE56C, 0xE54C, 0xE54C, 0xE54C, 0xE58D, 0xE58D, 0xE58D, 0xE58D, 0xDD4C,
    0xDD0C, 0xDD0C, 0xD4EC, 0xC46B, 0x92C6, 0x8A86, 0xBC8D, 0xC4EF, 0xD591, 0xD5D2, 0xE634, 0xEE96, 0xE676, 0xEE97, 0xEEB7, 0xEEB7,
    0xEEB7, 0xEED8, 0xEE97, 0x8AA6, 0xED8C, 0xEDCD, 0xEDAD, 0xEDAD, 0xEDCD, 0xEDCE, 0xEDAD, 0xEDCD, 0xE56C, 0xD4CB, 0xED8D, 0xEDCD,
    0xCC69, 0xBBE8, 0xBBC7, 0xAB67, 0xDE75, 0xEF18, 0xEEF7, 0xEEF7, 0xEF17, 0xFFBA, 0xFFDA, 0xFFBA, 0xFFDA, 0xFFDA, 0xFFDA, 0xFFDA,
    0xFFDA, 0xFFDA, 0xFFDA, 0xFFDA, 0xFFDA, 0xFFDA, 0xFFB9, 0xFEF4, 0xFED3, 0xFED4, 0xFED3, 0xFED3, 0xFED3, 0xFEB3, 0xFEB3, 0xFED3,
    0xFED3, 0xFED3, 0xFEB3, 0xFEB3, 0xFEB3, 0xFEB4, 0xFED4, 0xFED4, 0xFED4, 0xFED4, 0xFEB3, 0xFEB3, 0xFEB3, 0xFEB3, 0xFE93, 0xFE93,
    0xFFFB, 0xFFFB, 0xFFB8, 0xFF14, 0xFF14, 0xFF14, 0xFEF3, 0xFEF3, 0xFEF2, 0xFED1, 0xFEB1, 0xEF14, 0xFFDB, 0xC614, 0x2902, 0x3123,
    0x18A0, 0x28E2, 0x20E2, 0x20C2, 0x18A1, 0x1081, 0x1081, 0x0860, 0x0860, 0x0860, 0x0860, 0x0860, 0x0860, 0x0840, 0x0840, 0x0840,
    0x0840, 0x0860, 0x0000, 0x5268, 0xBD53, 0xC552, 0xC593, 0xC553, 0xD5D4, 0xE676, 0xE656, 0xEED8, 0xF6F8, 0xF6F8, 0xEEF8, 0xF6F8,
    0xF6F8, 0xF6F9, 0xF6F9, 0xF6F8, 0xF6F8, 0xEE97, 0xDE14, 0xD5B3, 0xCD51, 0xC4CF, 0xC48D, 0x8A43, 0xAB05, 0xAB04, 0xAB05, 0xAB05,
    0xAB05, 0xAAE4, 0xB325, 0xBB86, 0xC3C7, 0xC3E7, 0xC3C7, 0xCC08, 0xCC28, 0xCC28, 0xCC49, 0xD469, 0xD48A, 0xD48A, 0xD489, 0xDD0C,
    0xEDAE, 0xED8E, 0xEDAE, 0xEDAE, 0xDCEB, 0xDCCB, 0xEDAE, 0xDCAB, 0xCC07, 0xDCCA, 0xEDCE, 0xF62F, 0xF630, 0xF650, 0xF62F, 0xF62E,
    0xED4B, 0xDC68, 0xDCA9, 0xDCA9, 0xED4B, 0xF5CD, 0xDCA9, 0xC3A6, 0xC3E7, 0xCC07, 0xE50A, 0xE52B, 0xE52A, 0xF5ED, 0xEDAD, 0xE52A,
    0xF62F, 0xFE70, 0xFE70, 0xFE50, 0xFE71, 0xE52C, 0xC3E7, 0xCC28, 0xCC07, 0xE56D, 0xF650, 0xFED3, 0xF692, 0xF650, 0xF671, 0xFE92,
    0xF691, 0xF691, 0xF691, 0xF691, 0xF671, 0xF691, 0xF671, 0xF671, 0xFE71, 0xF671, 0xFE91, 0xFE91, 0xF670, 0xE5AD, 0xDD2B, 0xDCCA,
    0xDCCA, 0xDCEA, 0xE50B, 0xE50A, 0xDD0A, 0xE50B, 0xE54C, 0xE56C, 0xE56C, 0xE56C, 0xE56C, 0xE58D, 0xE58D, 0xE58D, 0xE58D, 0xE58D,
    0xE56D, 0xDD2C, 0xDD2D, 0xDD2D, 0x9AC5, 0x81E3, 0xBC6D, 0xCD10, 0xD5B1, 0xD5D2, 0xE634, 0xE696, 0xE696, 0xEE96, 0xEE96, 0xEEB7,
    0xEEB7, 0xEED8, 0xEE76, 0xABA8, 0xE56C, 0xEDAD, 0xEDAC, 0xEDAD, 0xEDAD, 0xE56C, 0xE56C, 0xE56C, 0xE56C, 0xE58D, 0xE58D, 0xE58D,
    0xEDAD, 0xEDCD, 0xF5EE, 0xD4EB, 0x8A24, 0x8A44, 0x8A44, 0x8203, 0x92C6, 0xFFFA, 0xFFFC, 0xFFFC, 0xFFFA, 0xFFDA, 0xFFDA, 0xFFDA,
    0xFFDA, 0xFFDA, 0xFFDA, 0xFFDA, 0xFFDA, 0xFFDA, 0xFFDA, 0xFF98, 0xFF15, 0xFEB2, 0xFED4, 0xFED3, 0xFED3, 0xFED4, 0xFED4, 0xFED4,
    0xFED4, 0xFED4, 0xFED4, 0xFEB3, 0xFEB3, 0xFED3, 0xFED3, 0xFED3, 0xFED4, 0xFEB3, 0xFE93, 0xFEB3, 0xFEB3, 0xFEB3, 0xFEB3, 0xFEB3,
    0xFFFB, 0xFFFB, 0xFFB8, 0xFF14, 0xFF14, 0xFF14, 0xFF14, 0xFF56, 0xFF97, 0xFF76, 0xFF76, 0xFFB8, 0xFFFC, 0xF79A, 0xF79B, 0x840D,
    0x20C2, 0x20C1, 0x20C2, 0x28E2, 0x28E2, 0x28C2, 0x20E2, 0x18A1, 0x0840, 0x0860, 0x0860, 0x0860, 0x0860, 0x0860, 0x0860, 0x0860,
    0x0860, 0x0840, 0x0840, 0x0820, 0xACD0, 0xD5D4, 0xCD93, 0xD5D4, 0xE636, 0xE656, 0xE656, 0xEED7, 0xF6F8, 0xEED8, 0xEED8, 0xF6F8,
    0xF6F8, 0xF719, 0xF6F9, 0xF719, 0xEE97, 0xE635, 0xE635, 0xE635, 0xC4AE, 0x6920, 0x81E2, 0xA2E4, 0xA2C4, 0xAAE4, 0xAAE4, 0xAAE4,
    0xAAE4, 0xAAE4, 0xB345, 0xBB86, 0xBB86, 0xC3E7, 0xCC08, 0xCC08, 0xCC28, 0xCC28, 0xCC28, 0xCC28, 0xD449, 0xDD0B, 0xE52C, 0xE54D,
    0xEDAE, 0xEE30, 0xEE10, 0xEE10, 0xEDEF, 0xE52C, 0xDD0C, 0xDCCA, 0xD489, 0xD469, 0xE52B, 0xF62F, 0xFE50, 0xF650, 0xFE50, 0xFE4F,
    0xEDED, 0xE50A, 0xDCA9, 0xDCA9, 0xE52B, 0xFE2E, 0xE50A, 0xCC28, 0xCBE7, 0xCC07, 0xE50A, 0xED4B, 0xED8C, 0xFE2F, 0xF5EE, 0xE54B,
    0xF60E, 0xFE70, 0xF62F, 0xF630, 0xF671, 0xEDAE, 0xDCCA, 0xCC07, 0xCC07, 0xDCEB, 0xEE0F, 0xFED3, 0xF692, 0xFE92, 0xF692, 0xF692,
    0xF692, 0xF692, 0xF692, 0xF692, 0xFEB2, 0xFE92, 0xF671, 0xF692, 0xFE91, 0xFE91, 0xF670, 0xEE2F, 0xEE0F, 0xEDCD, 0xE54B, 0xDCA9,
    0xDCCA, 0xDCEA, 0xE50A, 0xE50A, 0xE50A, 0xE50B, 0xE52B, 0xE50B, 0xE54C, 0xE56C, 0xE56C, 0xE56C, 0xE58C, 0xE58D, 0xE58D, 0xE58D,
    0xE58D, 0xDD4C, 0xDD2D, 0xDD2C, 0xDD2D, 0x92C5, 0xC4AE, 0xCD50, 0xDDB2, 0xDDD2, 0xE634, 0xE696, 0xE696, 0xEE96, 0xEE96, 0xEE97,
    0xEE97, 0xF6F8, 0xC510, 0x9AE6, 0xA347, 0xE58C, 0xEDAD, 0xED8C, 0xE56C, 0xDD4C, 0xE54C, 0xE56D, 0xE56C, 0xE56C, 0xE58D, 0xE58D,
    0xE56C, 0xE58D, 0xE58D, 0xE56C, 0xCCAB, 0xD4CB, 0xCCCB, 0xD4CB, 0xC48A, 0xBD0F, 0xC550, 0xBD0F, 0xE6D6, 0xFFDB, 0xFFBA, 0xFFDA,
    0xFFDA, 0xFFDA, 0xFFDA, 0xFFDA, 0xFFDA, 0xFFDA, 0xFFDA, 0xFFFB, 0xFFB9, 0xFF15, 0xFEB3, 0xFED3, 0xFED3, 0xFED4, 0xFED4, 0xFED4,
    0xFED4, 0xFED4, 0xFEB4, 0xFEB4, 0xFEB4, 0xFEB3, 0xFEB3, 0xFEB3, 0xFEB3, 0xFEB3, 0xFE93, 0xFE93, 0xFEB3, 0xFEB3, 0xFEB3, 0xFEB3,
    0xFF77, 0xFF77, 0xFF56, 0xFF77, 0xFFB8, 0xFFB8, 0xFF98, 0xFFDA, 0xFFFB, 0xFFFC, 0xFFFC, 0xFFFC, 0xFFFB, 0xFFFB, 0xFFFC, 0xFFDC,
    0xBDB4, 0x1061, 0x18C2, 0x1060, 0x1060, 0x20C1, 0x28E2, 0x20C1, 0x1881, 0x1081, 0x1080, 0x1081, 0x1080, 0x1080, 0x0861, 0x0000,
    0x0020, 0x0840, 0x0000, 0x4A27, 0xC573, 0xCDB4, 0xCD93, 0xD5F5, 0xE656, 0xE656, 0xE656, 0xEED8, 0xF6F8, 0xF739, 0xF739, 0xF719,
    0xF6F8, 0xF719, 0xF719, 0xF6F8, 0xE676, 0xE655, 0xE635, 0xDE13, 0xC4CE, 0x7161, 0x81E2, 0xA2C4, 0x9AA3, 0xA2C4, 0xA2E4, 0xB366,
    0xB346, 0xB325, 0xB325, 0xBB86, 0xBBA6, 0xCC28, 0xCC49, 0xCC49, 0xCC28, 0xD48A, 0xD4CA, 0xE52C, 0xE54D, 0xEDCE, 0xEE0F, 0xE58E,
    0xEDAE, 0xF671, 0xF692, 0xF671, 0xF671, 0xEE10, 0xE52C, 0xDCA9, 0xDCA9, 0xDC89, 0xE50B, 0xF650, 0xF670, 0xFE50, 0xFE50, 0xFE50,
    0xFE70, 0xEDAD, 0xE50A, 0xED6B, 0xED2B, 0xFE2E, 0xED6C, 0xE50B, 0xD448, 0xCC28, 0xE4EA, 0xEDAD, 0xF60E, 0xF60F, 0xF5EE, 0xF5CD,
    0xF5EE, 0xF650, 0xEDAD, 0xEDAD, 0xF60F, 0xF60F, 0xE56C, 0xCBE7, 0xCC07, 0xDCEA, 0xEE10, 0xFEB3, 0xF6B3, 0xFEB3, 0xF6B2, 0xF692,
    0xF692, 0xF692, 0xF692, 0xF692, 0xFEB3, 0xFEB2, 0xEE10, 0xEDCE, 0xEDCE, 0xEDCE, 0xEDEF, 0xEDEE, 0xE56C, 0xD4A9, 0xD448, 0xCC47,
    0xDCC9, 0xE4EA, 0xDCCA, 0xDCCA, 0xDCCA, 0xDCCA, 0xDCCA, 0xDCA9, 0xE52B, 0xE58C, 0xE56C, 0xE56C, 0xE56C, 0xE58D, 0xE58D, 0xE58D,
    0xE58E, 0xE58E, 0xE56E, 0xDD6D, 0xDD4D, 0x8A64, 0xA3AA, 0xBC8E, 0xD591, 0xD591, 0xE634, 0xEE96, 0xEE96, 0xEE96, 0xEE96, 0xEE97,
    0xEE97, 0xEEB7, 0xDE14, 0xAC2C, 0x7A24, 0xEDAD, 0xEDAD, 0xDD4C, 0xDD2C, 0xDD2C, 0xDD4C, 0xE56D, 0xE56D, 0xE58D, 0xE58D, 0xDD2C,
    0xDD2B, 0xE58C, 0xE58C, 0xE58D, 0xEDAD, 0xEDCD, 0xEDAD, 0xEDCE, 0xDD0B, 0x9AE5, 0xA2E6, 0x9284, 0xDE54, 0xFFFD, 0xFFFC, 0xFFFC,
    0xFFFB, 0xFFDA, 0xFFDA, 0xFFDA, 0xFFDA, 0xFFDA, 0xFFDA, 0xFFDA, 0xFFFB, 0xFF98, 0xF6D3, 0xFED4, 0xFED4, 0xFED4, 0xFED4, 0xFED4,
    0xFEB4, 0xFEB3, 0xFEB4, 0xFEB4, 0xFED4, 0xFEB3, 0xFEB3, 0xFEB3, 0xFEB3, 0xFE93, 0xFE93, 0xFE93, 0xFEB3, 0xFEB3, 0xFEB3, 0xFEB3,
    0xFEF4, 0xFF14, 0xFF15, 0xFF97, 0xFFFA, 0xFFFB, 0xFFFB, 0xFFFA, 0xFFFA, 0xFFFB, 0xFFFB, 0xFFFB, 0xFFFB, 0xFFFB, 0xFFFB, 0xFFFC,
    0xF79A, 0xE719, 0xA4F1, 0x2124, 0x39A5, 0x2902, 0x1881, 0x20C1, 0x20C1, 0x18A1, 0x18A1, 0x10A1, 0x10A1, 0x1080, 0x0840, 0x4A27,
    0x2964, 0x1061, 0x18C2, 0x942E, 0xD5D4, 0xCD93, 0xCDB3, 0xD5D4, 0xDE36, 0xE656, 0xE656, 0xE677, 0xF739, 0xFFDC, 0xFFBB, 0xF739,
    0xF719, 0xF719, 0xEEB7, 0xE676, 0xE635, 0xE614, 0xDE14, 0xD592, 0xBC8D, 0x7161, 0x81C2, 0x9A83, 0x9A83, 0x9A83, 0x9AA3, 0xB345,
    0xBBA7, 0xC3A7, 0xC3A7, 0xC3C7, 0xC3C7, 0xCC28, 0xD469, 0xCC49, 0xDCEB, 0xE56D, 0xED8D, 0xE52C, 0xDD0B, 0xE56D, 0xEDCE, 0xF610,
    0xEDEF, 0xEE0F, 0xF671, 0xF671, 0xF671, 0xF6B2, 0xE5AD, 0xD469, 0xDCAA, 0xDC89, 0xE50B, 0xEDEE, 0xFE70, 0xFE70, 0xFE70, 0xFE70,
    0xFE70, 0xED8D, 0xE52B, 0xED8B, 0xE52B, 0xFE2E, 0xED6C, 0xE50B, 0xD468, 0xCC28, 0xDCEA, 0xEDCD, 0xFE2F, 0xF62F, 0xF5CE, 0xEDAD,
    0xF5EE, 0xF62F, 0xEDAD, 0xE56D, 0xEDEF, 0xEE0F, 0xE54C, 0xC3C6, 0xCBE7, 0xED6D, 0xF672, 0xF6B3, 0xF6B3, 0xF6B3, 0xF693, 0xF692,
    0xF692, 0xF693, 0xF693, 0xF692, 0xF671, 0xF651, 0xE5AE, 0xE52C, 0xE52B, 0xED6C, 0xD489, 0xBBC6, 0xC3C6, 0xC3C6, 0xC3C6, 0xC3C6,
    0xC3C6, 0xC3C6, 0xC3C6, 0xC3A6, 0xC3A6, 0xD428, 0xDC89, 0xDC89, 0xDCAA, 0xDCEB, 0xED8D, 0xE58C, 0xE58C, 0xE56C, 0xE56D, 0xE58E,
    0xE58E, 0xE5AE, 0xE5AE, 0xE5AE, 0xE5AE, 0xB3E9, 0x9B07, 0x8224, 0xD591, 0xD5B2, 0xE614, 0xEE75, 0xEE76, 0xEE96, 0xEE96, 0xEE97,
    0xEEB7, 0xEE97, 0xF719, 0xD5B3, 0x7A24, 0xED8D, 0xE56C, 0xDD2C, 0xDD2C, 0xDD2B, 0xDD4C, 0xE58D, 0xE58D, 0xEDAD, 0xE56C, 0xDD0B,
    0xDD2B, 0xE58D, 0xE56D, 0xE58D, 0xDD0C, 0xD4EC, 0xD50C, 0xDD4C, 0xDD6C, 0xE58D, 0xE58D, 0xE58D, 0xBC6B, 0xAC0B, 0xB44C, 0xB42C,
    0xCD70, 0xFFFA, 0xFFDA, 0xFFDA, 0xFFDA, 0xFFDA, 0xFFDA, 0xFFDA, 0xFFDA, 0xFFDA, 0xFFD9, 0xFEF5, 0xFEB3, 0xFED4, 0xFED4, 0xFED4,
    0xFED4, 0xFEB4, 0xFEB3, 0xFED4, 0xFED4, 0xFEB3, 0xFEB3, 0xFEB3, 0xFEB3, 0xFE93, 0xFEB3, 0xFEB3, 0xFE93, 0xFE93, 0xFEB3, 0xFEF4,
    0xFF14, 0xFF35, 0xFF56, 0xFF98, 0xFFFA, 0xFFFA, 0xFFDA, 0xFFFB, 0xFFFB, 0xFFFB, 0xFFFB, 0xFFFB, 0xFFFB, 0xFFFB, 0xFFFB, 0xFFFB,
    0xFFFB, 0xFFFC, 0xFFFB, 0xF7BB, 0xFFFB, 0x5AA8, 0x18C2, 0x20E1, 0x1040, 0x1080, 0x18A1, 0x1081, 0x1060, 0x0000, 0x2102, 0xFFFC,
    0x8C0D, 0x6AC9, 0xC572, 0xBD32, 0xC572, 0xC593, 0xD5F5, 0xDE36, 0xE636, 0xE656, 0xE656, 0xE656, 0xE676, 0xF719, 0xF739, 0xF719,
    0xF719, 0xFF39, 0xE655, 0xD592, 0xD5B3, 0xDDD3, 0xDDF3, 0x8AE7, 0x79C2, 0x8202, 0x8A23, 0x9A83, 0x9AA3, 0x9A83, 0x9A83, 0x9A83,
    0xB366, 0xC3E7, 0xC3C7, 0xC3E7, 0xC3E7, 0xCC28, 0xD469, 0xDCEB, 0xE54C, 0xDCCB, 0xD449, 0xDCAA, 0xE52B, 0xE50B, 0xE56C, 0xEDEE,
    0xF630, 0xF650, 0xF672, 0xF672, 0xF671, 0xF692, 0xE58E, 0xD489, 0xDCA9, 0xDC89, 0xDCA9, 0xE54B, 0xFE70, 0xFE70, 0xFE70, 0xF670,
    0xFE70, 0xF62F, 0xED8C, 0xEDAC, 0xF5AC, 0xF60E, 0xE54B, 0xE50B, 0xD468, 0xCC28, 0xDCEA, 0xEDCD, 0xF62F, 0xF62F, 0xEDCE, 0xEDAD,
    0xF5EE, 0xF60F, 0xE54C, 0xE52C, 0xEDCE, 0xEDEF, 0xED8E, 0xD489, 0xCC49, 0xEDAE, 0xF693, 0xF6B3, 0xF6B3, 0xF6B3, 0xF6B3, 0xF693,
    0xF6B3, 0xF6B3, 0xFED4, 0xF672, 0xE56E, 0xE58E, 0xEDAE, 0xEDAE, 0xE52C, 0xE52C, 0xC407, 0xAAC3, 0xAAC3, 0xA2C3, 0xAAC3, 0xBB45,
    0xBB65, 0xBB45, 0xBB45, 0xBB65, 0xBB65, 0xCBE7, 0xD448, 0xD449, 0xD449, 0xD469, 0xDCEB, 0xDCEA, 0xDCEB, 0xDCEA, 0xE52C, 0xE58D,
    0xE58E, 0xE5AE, 0xE5AE, 0xE5AE, 0xE5AE, 0xEE0F, 0xD50C, 0x8245, 0xD571, 0xDDD2, 0xDDD3, 0xDDF3, 0xEE96, 0xEE96, 0xEE96, 0xEE97,
    0xEE97, 0xEE97, 0xF6F8, 0xCD92, 0x7A24, 0xE54C, 0xDD2C, 0xDD2C, 0xDD2C, 0xDD4C, 0xE58C, 0xE58D, 0xEDAD, 0xE58D, 0xDD0B, 0xDD0B,
    0xDD2C, 0xE56C, 0xEDAD, 0xDD0C, 0xC44A, 0xBC4A, 0xD4CB, 0xDD4C, 0xDD4C, 0xE54C, 0xDD4C, 0xE58C, 0xAB67, 0x9243, 0x9AA4, 0x9243,
    0xB42A, 0xFFFB, 0xFFDA, 0xFFBA, 0xFFBA, 0xFFDA, 0xFFDA, 0xFFDA, 0xFFDA, 0xFFDA, 0xFFDA, 0xFF78, 0xFF15, 0xFEB3, 0xFEB4, 0xFED4,
    0xFED4, 0xFED4, 0xFED4, 0xFED4, 0xFED4, 0xFEB3, 0xFEB4, 0xFEB3, 0xFEB3, 0xFE93, 0xFEB3, 0xF6D4, 0xF6F4, 0xFED4, 0xFED4, 0xFF36,
    0xFEF4, 0xFF15, 0xFF15, 0xFF77, 0xFFFA, 0xFFFA, 0xFFFA, 0xFFFB, 0xFFFB, 0xFFFB, 0xFFFB, 0xFFFB, 0xFFFA, 0xFFFB, 0xFFFB, 0xFFFB,
    0xFFFB, 0xFFFB, 0xFFFB, 0xFFFB, 0xFFFB, 0xEF59, 0xEF7B, 0x8C2E, 0x2923, 0x2923, 0x1061, 0x1060, 0x2103, 0x10A2, 0x5267, 0xD5D3,
    0xACAF, 0xB4F0, 0xC551, 0xC552, 0xDE15, 0xDE16, 0xE636, 0xE656, 0xE636, 0xE636, 0xE656, 0xE656, 0xDE35, 0xE676, 0xEEB7, 0xF719,
    0xE656, 0xDE14, 0xDDF3, 0xD592, 0xCD72, 0xC4CF, 0xCD0F, 0x8245, 0x6960, 0x8A42, 0x8A22, 0x9AA4, 0xAB46, 0xA2E4, 0xA2A4, 0xA2A3,
    0xAB04, 0xBBA6, 0xC3E7, 0xC3E7, 0xC3E7, 0xCC29, 0xD4CB, 0xE56D, 0xD4AA, 0xDCCA, 0xDCCA, 0xDCEA, 0xE52B, 0xE54C, 0xE52C, 0xE52B,
    0xEDAE, 0xF692, 0xF6B3, 0xF672, 0xF672, 0xF672, 0xF671, 0xED6C, 0xDC69, 0xDCA9, 0xDC89, 0xE54B, 0xFE70, 0xFE70, 0xF670, 0xFE70,
    0xFE70, 0xF64F, 0xEDAC, 0xF5AC, 0xF5CD, 0xF5ED, 0xE54B, 0xE52B, 0xD468, 0xCC28, 0xDCEA, 0xF5CE, 0xF60F, 0xF62F, 0xEDCE, 0xEDAD,
    0xE56C, 0xE58D, 0xDD0C, 0xDD0C, 0xE58E, 0xEDF0, 0xEDCF, 0xEDEF, 0xEDF0, 0xF631, 0xF693, 0xF6B3, 0xF6B3, 0xF6B3, 0xF6B3, 0xF6B4,
    0xF672, 0xEE10, 0xE5CF, 0xE5AF, 0xF5EF, 0xA3A9, 0x4943, 0x51A3, 0x5163, 0x5142, 0x4921, 0x4901, 0x69C3, 0xB304, 0xAAE3, 0xB304,
    0xBB65, 0xC3C6, 0xC3A6, 0xCC07, 0xD469, 0xD469, 0xD428, 0xCC28, 0xD449, 0xD449, 0xD449, 0xD449, 0xD469, 0xD489, 0xDCEB, 0xDD2C,
    0xE58D, 0xE5AE, 0xE5AE, 0xE5AE, 0xE5AE, 0xE5CE, 0xCCAB, 0x7A04, 0xDDB2, 0xDDF3, 0xDDD3, 0xDDF3, 0xDE14, 0xDE35, 0xEE76, 0xE676,
    0xEE97, 0xEEB7, 0xF6F8, 0xD592, 0x7A04, 0xDD4C, 0xDD2C, 0xDD2B, 0xDD2C, 0xE58C, 0xED8D, 0xED8D, 0xED8D, 0xED8D, 0xE56C, 0xE54C,
    0xED8D, 0xED8D, 0xDD0C, 0xCC8B, 0xC46A, 0xCC8A, 0xCCAB, 0xCCAB, 0xCCAB, 0xD4CB, 0xDD4C, 0xE54C, 0xE56D, 0xE58D, 0xE58D, 0xEDCE,
    0xBC8A, 0x8AE6, 0xCD70, 0xFFFC, 0xFFFA, 0xFFB9, 0xFFDA, 0xFFDA, 0xFFDA, 0xFFDA, 0xFFDA, 0xFFFB, 0xFF56, 0xFE93, 0xFEB3, 0xFEB3,
    0xFEB3, 0xFEB3, 0xFEB4, 0xFEB4, 0xFEB4, 0xFEB4, 0xFEB4, 0xFED4, 0xFED4, 0xFED4, 0xF6D4, 0xFFB9, 0xFFDA, 0xFFDA, 0xFFDA, 0xFFDB,
    0xFEF4, 0xFF15, 0xFF15, 0xFF98, 0xFFFA, 0xFFFB, 0xFFFB, 0xFFFB, 0xFFFB, 0xFFFB, 0xFFFB, 0xFFFB, 0xFFFA, 0xFFFB, 0xFFFB, 0xFFFB,
    0xFFFB, 0xFFFB, 0xFFFB, 0xFFDB, 0xFFDB, 0xFFFB, 0xFFFC, 0xF7BB, 0xFFDC, 0x6B4B, 0x0000, 0x0000, 0xB573, 0xEF7B, 0xEF5A, 0xBD71,
    0xB4CF, 0xC531, 0xBD31, 0xC552, 0xE656, 0xE657, 0xE636, 0xE636, 0xE636, 0xE636, 0xE636, 0xE636, 0xDE15, 0xDE14, 0xDE14, 0xDE15,
    0xD5B3, 0xD592, 0xD592, 0xD5B2, 0xCD50, 0x79C2, 0x7161, 0x79A2, 0x79C2, 0x8A02, 0x8A22, 0x9242, 0xA2C4, 0xBB87, 0xBBC7, 0xBBA6,
    0xB366, 0xBBA6, 0xC3E7, 0xC3E7, 0xC3E7, 0xD4CA, 0xE52C, 0xD469, 0xE54B, 0xED8C, 0xED6C, 0xE56C, 0xE54C, 0xE54C, 0xE54C, 0xE54C,
    0xE54C, 0xF671, 0xF6B3, 0xF6B3, 0xF692, 0xF672, 0xF692, 0xE58D, 0xDC89, 0xDCA9, 0xD468, 0xDD0A, 0xF60E, 0xF64F, 0xF650, 0xF60F,
    0xF62F, 0xF650, 0xEDAD, 0xED8C, 0xF5CD, 0xF5ED, 0xE56C, 0xED8C, 0xCC69, 0xD489, 0xDCEB, 0xED6D, 0xEDAE, 0xF62F, 0xF5EE, 0xEDAD,
    0xDD0B, 0xDD0B, 0xDCEB, 0xDD2C, 0xEDF0, 0xEE32, 0xF653, 0xF673, 0xEE11, 0xEE52, 0xF693, 0xF693, 0xF693, 0xF6B3, 0xF693, 0xF693,
    0xEE11, 0xDD4E, 0xEDAE, 0xB42A, 0x6204, 0x4963, 0x2040, 0x2060, 0x2060, 0x2060, 0x2880, 0x2040, 0x48E1, 0xC3E7, 0xCC07, 0xCC07,
    0xD468, 0xDCCA, 0xDCA9, 0xDCA9, 0xD4A9, 0xDCA9, 0xD489, 0xD489, 0xD449, 0xD449, 0xD469, 0xD469, 0xDCCB, 0xDCEA, 0xDCEB, 0xDD0C,
    0xE56D, 0xE58E, 0xE5AE, 0xE5AE, 0xE5AE, 0xEDCF, 0xCCEC, 0x92A6, 0x9B28, 0xCD51, 0xDDF3, 0xDDD3, 0xDE14, 0xE635, 0xE676, 0xE676,
    0xE697, 0xEE97, 0xEED8, 0xD592, 0x7A04, 0xDD2C, 0xDD2C, 0xDD2C, 0xE56C, 0xE58C, 0xE58C, 0xED8C, 0xEDAD, 0xEDAD, 0xEDAD, 0xEDAD,
    0xEDAD, 0xE56D, 0xCC8A, 0xCC8A, 0xD4CB, 0xDD0C, 0xCCAB, 0xCC8A, 0xCC8A, 0xCCAA, 0xDD2C, 0xE54C, 0xE54C, 0xE54C, 0xE54C, 0xE58D,
    0xC469, 0x92C4, 0xB46B, 0xD5F3, 0xE694, 0xFFFA, 0xFFFA, 0xFFFA, 0xFFFA, 0xFFDA, 0xFFDA, 0xFFDA, 0xFF98, 0xFF56, 0xFEB3, 0xFE92,
    0xFE93, 0xFE93, 0xFED4, 0xFED4, 0xFED4, 0xFEB4, 0xFEF5, 0xFFB9, 0xFFBA, 0xFFB9, 0xFFB9, 0xFFBA, 0xFFDA, 0xFFDA, 0xFFDA, 0xFFDA,
    0xFEF4, 0xFF15, 0xFF56, 0xFF77, 0xFFD9, 0xFFFB, 0xFFFB, 0xFFFB, 0xFFFB, 0xFFFB, 0xFFFB, 0xFFFB, 0xFFFB, 0xFFFB, 0xFFFB, 0xFFFB,
    0xFFFB, 0xFFFB, 0xFFFB, 0xFFDB, 0xFFDB, 0xFFDB, 0xFFDB, 0xFFFB, 0xFFFC, 0xD696, 0xBDD4, 0xBDD4, 0xEF59, 0xFFFC, 0xCE14, 0xE718,
    0xF79A, 0xC551, 0xC552, 0xC572, 0xD5D4, 0xDE15, 0xE656, 0xE656, 0xE657, 0xE636, 0xDE15, 0xDE35, 0xDE15, 0xDE14, 0xDDF4, 0xDDF3,
    0xDDF3, 0xD5B3, 0xD592, 0xD593, 0xD551, 0x79C3, 0x7161, 0x8A02, 0x8A02, 0x8A02, 0x8A22, 0x8A22, 0x8A22, 0x9A83, 0xA304, 0xBBA7,
    0xC3E7, 0xC3E7, 0xC3E7, 0xC3E7, 0xD48A, 0xED6C, 0xDCAA, 0xD489, 0xE52B, 0xED6C, 0xE54C, 0xE54B, 0xED4C, 0xE54C, 0xE54C, 0xE54C,
    0xE56C, 0xE5AD, 0xF651, 0xF6B2, 0xF692, 0xF692, 0xF692, 0xF671, 0xDD0B, 0xDC89, 0xD448, 0xDCCA, 0xEDCD, 0xEDEE, 0xF64F, 0xEDEE,
    0xF62F, 0xEDCD, 0xED8C, 0xED8C, 0xEDCD, 0xF5EE, 0xED8C, 0xE56C, 0xD489, 0xDCCA, 0xD4EB, 0xE54C, 0xEDAE, 0xF60F, 0xF60F, 0xED8D,
    0xDD0B, 0xDD0B, 0xDCEB, 0xDD2C, 0xEE11, 0xEE53, 0xF6D5, 0xF6B5, 0xEE32, 0xEE52, 0xEE93, 0xF673, 0xF673, 0xF6B3, 0xEE11, 0xE58E,
    0xE54D, 0xABA8, 0x82C7, 0x6224, 0x1820, 0x2060, 0x28C1, 0x28A0, 0x2080, 0x1820, 0x4102, 0xC44A, 0xC46A, 0xE52C, 0xED6C, 0xE54B,
    0xDCCA, 0xDCAA, 0xDCAA, 0xDCEA, 0xE4EA, 0xE50B, 0xE52B, 0xE50B, 0xD469, 0xD449, 0xD449, 0xD469, 0xD4AA, 0xDCEB, 0xDD0B, 0xDD0B,
    0xE58D, 0xE58E, 0xE58E, 0xE5AE, 0xE5AE, 0xE5AE, 0xE5CF, 0xDD2D, 0x81E2, 0xCD0F, 0xDE14, 0xDDD3, 0xE614, 0xEE76, 0xE676, 0xE676,
    0xE676, 0xE696, 0xF6F8, 0xD5B3, 0x7A04, 0xDD2B, 0xDD2C, 0xE54C, 0xED8C, 0xE58C, 0xED8C, 0xEDAC, 0xEDAD, 0xEDAD, 0xEDAD, 0xEDAD,
    0xEDAD, 0xE58D, 0xDD2C, 0xDD2C, 0xDD2C, 0xD4CB, 0xCC8A, 0xCC8A, 0xD4CB, 0xDD0C, 0xDD2C, 0xDD2C, 0xDD2C, 0xDD4C, 0xE54C, 0xE54C,
    0xE56D, 0xEDEF, 0xAB46, 0x81A1, 0xA3A8, 0xE6D6, 0xE6B6, 0xE6B6, 0xEF37, 0xFFDA, 0xFFDA, 0xFFD9, 0xFFDA, 0xFFB9, 0xFEF4, 0xFEF4,
    0xFED4, 0xF6D4, 0xFF98, 0xFF99, 0xFF99, 0xFF99, 0xFFB9, 0xFFDA, 0xFFBA, 0xFFDA, 0xFFDA, 0xFFBA, 0xFFDA, 0xFFDA, 0xFFDA, 0xFFDA,
    0xFEF4, 0xFED4, 0xFEF4, 0xFF35, 0xFFB8, 0xFFFA, 0xFFFA, 0xFFFA, 0xFFFB, 0xFFFB, 0xFFFB, 0xFFFB, 0xFFFB, 0xFFFB, 0xFFFB, 0xFFFB,
    0xFFFB, 0xFFFB, 0xFFFB, 0xFFFB, 0xFFFB, 0xFFFB, 0xFFFB, 0xFFFB, 0xFFFB, 0xFFFC, 0xFFFC, 0xFFFC, 0xFFFB, 0xFFFB, 0x93CB, 0xBD31,
    0xF77B, 0xC552, 0xC572, 0xC573, 0xC572, 0xD5D4, 0xE656, 0xE677, 0xE657, 0xE656, 0xDE14, 0xDE14, 0xDE14, 0xDE14, 0xDE14, 0xDE14,
    0xDE14, 0xD5B3, 0xD592, 0xD592, 0xD591, 0x7A03, 0x7961, 0x8A02, 0x8A02, 0x8A02, 0x8A02, 0x8A22, 0x9AC4, 0x9AC4, 0x9AA3, 0xA2E4,
    0xBB86, 0xC3E7, 0xC3E7, 0xCC08, 0xE52C, 0xDCCA, 0xD469, 0xDC89, 0xDCAA, 0xDCA9, 0xDD0A, 0xF60E, 0xF5ED, 0xEDED, 0xF5CD, 0xE56C,
    0xE54C, 0xE54C, 0xF60F, 0xF650, 0xF671, 0xF692, 0xF692, 0xF692, 0xF671, 0xE50B, 0xD427, 0xD489, 0xE54C, 0xE54C, 0xF5EE, 0xEDCE,
    0xEDCE, 0xE54C, 0xE52B, 0xDD2B, 0xE56C, 0xF5CD, 0xED8D, 0xE56D, 0xDCEB, 0xDCEB, 0xDCEB, 0xE56D, 0xED8E, 0xE5AE, 0xEDEF, 0xE56D,
    0xDCEB, 0xDCEB, 0xDCEB, 0xDD4D, 0xEE11, 0xEE53, 0xF6B5, 0xF6B5, 0xEE53, 0xEE73, 0xEE53, 0xEE73, 0xEE52, 0xE5AF, 0xDD2D, 0xB3EA,
    0xA388, 0x59A3, 0x1000, 0x2060, 0x30A1, 0x2880, 0x1840, 0x1000, 0x7A46, 0x9B68, 0xABA9, 0xED8D, 0xFE0E, 0xF5EE, 0xEDCD, 0xE52B,
    0xDCA9, 0xDCAA, 0xDCCA, 0xE50B, 0xE50B, 0xE50B, 0xE50B, 0xE50B, 0xDCEB, 0xD449, 0xD469, 0xD469, 0xCC69, 0xD4CA, 0xDCEB, 0xDD0B,
    0xE54C, 0xDD6D, 0xE5AE, 0xE58E, 0xE5AE, 0xE58E, 0xE5CF, 0xD52D, 0x8A44, 0xCD10, 0xDDF4, 0xDDD3, 0xDE14, 0xE676, 0xE656, 0xE676,
    0xE676, 0xE676, 0xEEB7, 0xC531, 0x71C3, 0xDD2C, 0xE54C, 0xE56C, 0xE58C, 0xE58C, 0xE58C, 0xE58C, 0xED8D, 0xED8D, 0xEDAD, 0xE58D,
    0xDD2C, 0xDD0C, 0xDD0C, 0xDD2C, 0xDD2C, 0xD4CB, 0xCC8A, 0xCC8B, 0xCCCB, 0xDD0C, 0xD50C, 0xDD2C, 0xDD2C, 0xDD4C, 0xDD4C, 0xE56D,
    0xE56C, 0xDD6C, 0xD4CB, 0xD4EB, 0xAB87, 0x7A03, 0x8244, 0x79E3, 0xAC2B, 0xFFD8, 0xFF36, 0xFF36, 0xFF36, 0xFF35, 0xFF15, 0xFF57,
    0xFFB8, 0xFF99, 0xFFDA, 0xFFDA, 0xFFDA, 0xFFDA, 0xFFDA, 0xFFBA, 0xFFDA, 0xFFDA, 0xFFDA, 0xFFDA, 0xFFDA, 0xFFDA, 0xFFDA, 0xFFDA,
    0xFEF4, 0xFEF4, 0xFEF3, 0xFF15, 0xFFB8, 0xFFD9, 0xFFB9, 0xFFB9, 0xFFDA, 0xFFFB, 0xFFFB, 0xFFFB, 0xFFFB, 0xFFFB, 0xFFFB, 0xFFFB,
    0xFFFB, 0xFFFB, 0xFFFB, 0xFFFB, 0xFFFB, 0xFFFB, 0xFFFB, 0xFFFB, 0xFFFB, 0xFFDB, 0xFFDA, 0xFFDA, 0xFFFB, 0xFFFB, 0xFFBA, 0xA3EB,
    0xA42D, 0xCDD4, 0xCD93, 0xCDB3, 0xCDB3, 0xDE35, 0xE676, 0xE677, 0xE657, 0xE676, 0xDE35, 0xDE35, 0xDE35, 0xDE35, 0xE635, 0xE635,
    0xDE14, 0xD5D3, 0xD5B3, 0xC510, 0x8A85, 0x71A2, 0x81E2, 0x8A22, 0x8A02, 0x8A42, 0xAB25, 0xA305, 0xB366, 0xB386, 0xC3C7, 0xBBA6,
    0xC3C7, 0xC3E7, 0xC3C7, 0xD469, 0xDCEA, 0xDCCA, 0xDCCA, 0xDCEA, 0xDCCA, 0xDCCA, 0xDCEA, 0xE54C, 0xEDCD, 0xF62F, 0xF62F, 0xF60E,
    0xEDEE, 0xEDCD, 0xF60F, 0xF650, 0xF671, 0xF692, 0xF692, 0xF692, 0xFED3, 0xE54C, 0xD427, 0xD489, 0xE54C, 0xE54C, 0xE56D, 0xE56D,
    0xE54C, 0xDCEB, 0xD4CA, 0xD4AA, 0xD4CA, 0xE56C, 0xE58D, 0xE56D, 0xE54C, 0xDD0C, 0xDCEB, 0xE56D, 0xE58E, 0xE58E, 0xEDCE, 0xE54D,
    0xDCCB, 0xDCEB, 0xDCEB, 0xE5CF, 0xEE53, 0xF6B5, 0xF6D6, 0xF6B5, 0xEE73, 0xEE53, 0xEE74, 0xEE32, 0xE56E, 0xDD0C, 0xCC8B, 0x38E1,
    0x2040, 0x2880, 0x28A1, 0x28A1, 0x1840, 0x2881, 0x6A45, 0x6A25, 0xC46B, 0xFE2F, 0xF671, 0xF650, 0xEDED, 0xF5EE, 0xEDAD, 0xDCA9,
    0xDCA9, 0xDCAA, 0xDCEA, 0xE50B, 0xE50B, 0xE50B, 0xE50B, 0xE50B, 0xDD0B, 0xDCCA, 0xD469, 0xD469, 0xD449, 0xD469, 0xDCEB, 0xDD0B,
    0xDD0B, 0xDD2C, 0xE56D, 0xE58E, 0xE58E, 0xE58E, 0xE5CF, 0xD50D, 0x81E3, 0xCD10, 0xDE14, 0xDDD3, 0xDE14, 0xE676, 0xE676, 0xE656,
    0xE656, 0xEED7, 0xBC8E, 0x8244, 0xBBE8, 0xE54C, 0xE56C, 0xED8C, 0xE56C, 0xEDAD, 0xDD2B, 0xDD0B, 0xEDAD, 0xED8D, 0xE54C, 0xDD2C,
    0xD50B, 0xDD0C, 0xDD0C, 0xDD0C, 0xD4EB, 0xCCAB, 0xC46A, 0xC46A, 0xD4CB, 0xDD2C, 0xDD0C, 0xDD2C, 0xDD2C, 0xDD2C, 0xD4AA, 0xD4AA,
    0xD4AB, 0xCCAA, 0xD50C, 0xE58D, 0xDD2C, 0xD4CB, 0xD4EB, 0xD4CB, 0xB3E9, 0xBC8B, 0xFEF3, 0xFF34, 0xFEB3, 0xFED3, 0xFED3, 0xFF15,
    0xFF97, 0xFF99, 0xFFBA, 0xFFB9, 0xFFB9, 0xFFDA, 0xFFDA, 0xFFDA, 0xFFDA, 0xFFDA, 0xFFDA, 0xFFDA, 0xFFDA, 0xFFDA, 0xFFDA, 0xFFDA,
    0xFEF4, 0xFEF4, 0xFEF4, 0xFF15, 0xFFB8, 0xFFB9, 0xFFB8, 0xFFD9, 0xFFFB, 0xFFFB, 0xFFFB, 0xFFFB, 0xFFFB, 0xFFFB, 0xFFFB, 0xFFFB,
    0xFFFB, 0xFFFB, 0xFFFB, 0xFFFB, 0xFFFB, 0xFFFB, 0xFFFB, 0xFFFB, 0xFFFB, 0xFFFA, 0xFFFA, 0xFFFA, 0xFFFB, 0xFFDA, 0xFFFC, 0xAC0C,
    0xAC2C, 0xD5F4, 0xCD93, 0xD5F4, 0xDE36, 0xE656, 0xE677, 0xE677, 0xE677, 0xE677, 0xE676, 0xE656, 0xE656, 0xE655, 0xE635, 0xE635,
    0xDE14, 0xD5B2, 0xD5B3, 0xCD30, 0x71A2, 0x81C2, 0x8A43, 0x8A22, 0x8A02, 0x8A22, 0xA305, 0xB386, 0xB366, 0xB366, 0xC3E7, 0xCC28,
    0xCC28, 0xCC28, 0xCC28, 0xDC8A, 0xDCA9, 0xDCA9, 0xDCCA, 0xE50B, 0xE54C, 0xED4C, 0xE56C, 0xE54B, 0xEDCD, 0xF62F, 0xF62F, 0xFE50,
    0xF670, 0xF670, 0xF670, 0xF691, 0xF692, 0xF692, 0xF692, 0xF692, 0xF6B3, 0xF630, 0xE54C, 0xDD0B, 0xE52C, 0xE5AE, 0xE58D, 0xE56D,
    0xE56D, 0xD4AA, 0xD4AA, 0xD4AA, 0xD4AA, 0xE52C, 0xE56D, 0xE56D, 0xE56D, 0xE52C, 0xDCEB, 0xE56D, 0xE58E, 0xE58E, 0xEDAE, 0xE56D,
    0xDCCB, 0xDCEB, 0xDCEB, 0xE5F0, 0xF694, 0xF6D6, 0xF6D6, 0xF6B5, 0xEE74, 0xEE73, 0xE5F1, 0xE56E, 0xDCEB, 0x61E4, 0x4142, 0x28C0,
    0x28A0, 0x2880, 0x1840, 0x2060, 0x4983, 0x6204, 0xE56E, 0xEDCE, 0xEDEF, 0xFEB2, 0xFED3, 0xFED2, 0xF60E, 0xED8D, 0xE4EB, 0xDCA9,
    0xDC89, 0xDCCA, 0xE50A, 0xE4EA, 0xE4EB, 0xE4EB, 0xE50B, 0xE50B, 0xE56C, 0xE52B, 0xD449, 0xD449, 0xD469, 0xD469, 0xD469, 0xDCEA,
    0xE54C, 0xE54C, 0xE54D, 0xE58E, 0xDD8E, 0xE58E, 0xE5AF, 0xD52D, 0x9AE6, 0xCD0F, 0xDDB2, 0xDDD3, 0xDE14, 0xE676, 0xE676, 0xE676,
    0xE655, 0xF6F8, 0xBC8E, 0x9284, 0xF5EE, 0xE56C, 0xED8D, 0xE56C, 0xD4EA, 0xDD0B, 0xDD0B, 0xDD0B, 0xE54C, 0xE54C, 0xD50B, 0xD50B,
    0xDD0C, 0xDD0C, 0xDD2C, 0xD4EB, 0xCC8A, 0xCCAB, 0xD50C, 0xD4EB, 0xDD0C, 0xDD2C, 0xDD2C, 0xDD2C, 0xDD2C, 0xDD2C, 0xCC8A, 0xCC6A,
    0xCC6A, 0xCC6A, 0xCC8A, 0xD4CB, 0xDD2C, 0xDD4C, 0xDD4C, 0xE56D, 0xBC29, 0x8A43, 0xD58E, 0xEE51, 0xFEF4, 0xFED3, 0xFED3, 0xFED3,
    0xFEF3, 0xFF98, 0xFFBA, 0xFFBA, 0xFFDA, 0xFFDA, 0xFFDA, 0xFFDA, 0xFFDA, 0xFFDA, 0xFFDA, 0xFFDA, 0xFFDA, 0xFFDA, 0xFFDA, 0xFFDA,
    0xFED4, 0xFED4, 0xFEF4, 0xFF56, 0xFFB8, 0xFFD9, 0xFFDA, 0xFFFA, 0xFFFB, 0xFFFB, 0xFFFB, 0xFFFB, 0xFFFB, 0xFFFB, 0xFFFB, 0xFFFB,
    0xFFFB, 0xFFFB, 0xFFFB, 0xFFFB, 0xFFFB, 0xFFFB, 0xFFFB, 0xFFFB, 0xFFFA, 0xFFFA, 0xFFFA, 0xFFFA, 0xFFFA, 0xFFDA, 0xFFFB, 0xAC2C,
    0xAC4E, 0xD5D4, 0xD5D4, 0xDE35, 0xDE36, 0xE656, 0xE677, 0xE677, 0xE676, 0xE676, 0xE676, 0xE676, 0xE656, 0xE656, 0xE656, 0xEE55,
    0xDDF3, 0xD592, 0xBCCF, 0x8244, 0x79C2, 0x9243, 0x9A83, 0x9263, 0x9263, 0x9263, 0x8A42, 0xAB25, 0xB387, 0xBBA6, 0xBBC7, 0xCC08,
    0xC408, 0xCC48, 0xDCAA, 0xDC89, 0xDCAA, 0xDCCA, 0xDCCA, 0xE50B, 0xED6C, 0xED8D, 0xED8D, 0xED8C, 0xF5EE, 0xFE70, 0xFE91, 0xFE91,
    0xF691, 0xFED2, 0xFED3, 0xFED3, 0xF6D3, 0xF6D3, 0xF6D3, 0xF692, 0xF692, 0xF6B3, 0xEE31, 0xE58E, 0xE56D, 0xEE32, 0xF653, 0xE5AE,
    0xE58E, 0xD4AA, 0xD489, 0xD48A, 0xD48A, 0xD4AA, 0xDD2C, 0xE56D, 0xE56D, 0xE56D, 0xE54D, 0xED8E, 0xE58E, 0xE58E, 0xEDAE, 0xE56D,
    0xD4EB, 0xDCEB, 0xDCEC, 0xEE10, 0xF6D5, 0xF6D6, 0xF6D6, 0xF695, 0xEE53, 0xEE32, 0xD4CA, 0x92E6, 0x7225, 0x30A1, 0x1840, 0x2880,
    0x2060, 0x28A1, 0x4963, 0x59E4, 0xDD4D, 0xEDAD, 0xE56D, 0xDD6D, 0xEE30, 0xFEF3, 0xFEF2, 0xEDEE, 0xE54B, 0xDCEA, 0xDC89, 0xDC89,
    0xDCCA, 0xE4EA, 0xE50A, 0xE4EA, 0xE4EB, 0xE4EB, 0xDD0B, 0xDD0B, 0xE54B, 0xDD2B, 0xD4AA, 0xD489, 0xD469, 0xD469, 0xD489, 0xE52B,
    0xE56D, 0xE56D, 0xE56D, 0xE58E, 0xDD8E, 0xE58E, 0xE58E, 0xE58E, 0xEE10, 0xB3EA, 0x9B27, 0xE614, 0xDE14, 0xE656, 0xE656, 0xE656,
    0xE676, 0xE655, 0x9B8A, 0x92A4, 0xEDCD, 0xE56C, 0xD4CA, 0xD4EA, 0xD4EB, 0xD4EB, 0xDCEB, 0xDCEB, 0xD4EB, 0xD4EB, 0xD4EB, 0xD4EB,
    0xDD0C, 0xE54D, 0xE56D, 0xE56D, 0xDD0C, 0xD4EB, 0xDD0C, 0xDD2C, 0xDD0C, 0xD4EC, 0xD4EB, 0xD4EB, 0xCCCB, 0xD4EB, 0xDD2C, 0xD50C,
    0xDD0C, 0xD50B, 0xD4EB, 0xD4EB, 0xDD0C, 0xDD0C, 0xDD0C, 0xDD4C, 0xD50C, 0x9B06, 0x8AA5, 0x9B47, 0xEE31, 0xFED3, 0xFED3, 0xFED3,
    0xFED3, 0xFEF4, 0xFF77, 0xFFD9, 0xFFBA, 0xFFBA, 0xFFDA, 0xFFBA, 0xFFDA, 0xFFDA, 0xFFDA, 0xFFDA, 0xFFDA, 0xFFDA, 0xFFDA, 0xFFDB,
    0xFED4, 0xFED3, 0xFEF4, 0xFEF4, 0xFF36, 0xFFD9, 0xFFFB, 0xFFFB, 0xFFFB, 0xFFFB, 0xFFFB, 0xFFFB, 0xFFFB, 0xFFFB, 0xFFFB, 0xFFFB,
    0xFFFB, 0xFFFB, 0xFFFB, 0xFFFB, 0xFFFB, 0xFFFB, 0xFFFB, 0xFFFB, 0xFFFA, 0xFFFA, 0xFFFA, 0xFFDA, 0xFFFA, 0xFFDA, 0xFFFC, 0xAC4C,
    0xB46E, 0xD5F5, 0xD5D4, 0xE636, 0xE636, 0xE656, 0xE656, 0xE676, 0xE676, 0xE676, 0xE676, 0xE676, 0xE656, 0xDDF4, 0xD5B2, 0xD592,
    0xCD30, 0xCD51, 0xB46D, 0x6941, 0x79C1, 0x9263, 0x9A83, 0x9263, 0xAB25, 0xBBA6, 0xBBA6, 0xBBA7, 0xBBA7, 0xC3C7, 0xC3E7, 0xC407,
    0xCC08, 0xCC28, 0xD489, 0xD489, 0xD4A9, 0xD4AA, 0xDCEA, 0xDCEA, 0xEDAD, 0xFE70, 0xFE70, 0xFE91, 0xFE91, 0xFED2, 0xFED3, 0xFED3,
    0xFEF3, 0xFED3, 0xFED3, 0xFED3, 0xFED3, 0xFEF3, 0xFED3, 0xF693, 0xF692, 0xF693, 0xF672, 0xF673, 0xEE32, 0xF673, 0xF6B5, 0xEE73,
    0xEE12, 0xDD4D, 0xD4AA, 0xCC69, 0xD48A, 0xD48A, 0xE54C, 0xE56D, 0xE56D, 0xE56D, 0xED8E, 0xE56D, 0xE56D, 0xE58E, 0xEDAE, 0xE56D,
    0xDCEB, 0xDCEB, 0xE5CF, 0xEE53, 0xF6B5, 0xF6D6, 0xF6D6, 0xF694, 0xE5D1, 0xD4CB, 0xD489, 0x61C4, 0x1000, 0x2880, 0x2880, 0x2880,
    0x28A1, 0x5183, 0xE5AE, 0xEDAE, 0xE58E, 0xE56D, 0xEDEF, 0xFE92, 0xFED2, 0xF691, 0xEDAE, 0xE4EA, 0xDCA9, 0xDCAA, 0xDCAA, 0xDCCA,
    0xDCCA, 0xDCCA, 0xDCCA, 0xE4EA, 0xE4EB, 0xE50B, 0xE50B, 0xE50B, 0xE52B, 0xE54C, 0xE56C, 0xDCCA, 0xD469, 0xD469, 0xD489, 0xD4AA,
    0xDCEB, 0xE54D, 0xE56D, 0xE58E, 0xDD8E, 0xE58E, 0xE58E, 0xE58E, 0xE5F0, 0xB3C9, 0x9B07, 0xE614, 0xDE14, 0xE656, 0xE676, 0xE655,
    0xEE97, 0xBCAF, 0x6161, 0xBBE9, 0xC46A, 0xBC09, 0xBC09, 0xD4CA, 0xD4CA, 0xCC8A, 0xD4CB, 0xDCEB, 0xD50B, 0xD4EB, 0xD4EB, 0xD4EB,
    0xD50B, 0xDD0B, 0xDD0B, 0xDD0C, 0xDD0C, 0xD4EB, 0xD4EB, 0xDD2C, 0xDD0C, 0xCCAB, 0xCCAB, 0xCCAB, 0xD4CB, 0xD4EB, 0xDD2C, 0xDD0C,
    0xD4EB, 0xD4EB, 0xD4EB, 0xD4EB, 0xDD0C, 0xDD2C, 0xDD2C, 0xDD0C, 0xDD2C, 0xE56D, 0xE5AD, 0xC46A, 0x8244, 0xEE31, 0xF692, 0xFEB3,
    0xFED3, 0xFED2, 0xFEF3, 0xFF56, 0xFFDA, 0xFFBA, 0xFFDA, 0xFFBA, 0xFFDA, 0xFFDA, 0xFFDA, 0xFFDA, 0xFFDA, 0xFFDA, 0xFFDA, 0xFFDA,
    0xFF15, 0xFF15, 0xFF15, 0xFEF4, 0xFF15, 0xFFB9, 0xFFFB, 0xFFFB, 0xFFFB, 0xFFFB, 0xFFFB, 0xFFFB, 0xFFFB, 0xFFFB, 0xFFFB, 0xFFFB,
    0xFFFB, 0xFFFB, 0xFFFB, 0xFFFB, 0xFFFB, 0xFFFB, 0xFFFB, 0xFFFB, 0xFFFA, 0xFFDA, 0xFFDA, 0xFFDA, 0xFFDA, 0xFFDA, 0xF79A, 0xA3CB,
    0xB46E, 0xD5D4, 0xD5D4, 0xE656, 0xE636, 0xE656, 0xE636, 0xE656, 0xE677, 0xEE77, 0xEE77, 0xE677, 0xE656, 0xDDD3, 0xCD71, 0xCD30,
    0xBCCF, 0xAC0C, 0x9B08, 0x79A2, 0x9243, 0x9AA3, 0x9AA3, 0xA2C4, 0xAB05, 0xBBA6, 0xC3C7, 0xC3C7, 0xC3C7, 0xC3E7, 0xC3E7, 0xC407,
    0xCC08, 0xCC08, 0xCC48, 0xD489, 0xDCCA, 0xDD0B, 0xE54B, 0xED8C, 0xF60F, 0xF670, 0xFE71, 0xFEB2, 0xFED3, 0xFED3, 0xFED3, 0xFED3,
    0xFED3, 0xFED3, 0xFED3, 0xFED3, 0xFED3, 0xFED4, 0xFED4, 0xFEB3, 0xF6B3, 0xF673, 0xF673, 0xEE73, 0xF674, 0xF6B5, 0xF6B5, 0xF6D6,
    0xF6B5, 0xEE11, 0xDD0C, 0xCC8A, 0xCC6A, 0xCC89, 0xD4EB, 0xE56D, 0xE56D, 0xED8E, 0xEDAE, 0xE56D, 0xE54D, 0xE58E, 0xE58E, 0xE58E,
    0xE56D, 0xE52C, 0xE5F0, 0xEE73, 0xFEF6, 0xFEF6, 0xFF17, 0xEE74, 0xEDF1, 0x9B48, 0x5183, 0x4102, 0x2080, 0x2080, 0x2060, 0x38E2,
    0xC4AC, 0xDD4C, 0xEDAE, 0xED8E, 0xEDEF, 0xF630, 0xF691, 0xFED2, 0xF62F, 0xE56C, 0xDC89, 0xDCCA, 0xDCCA, 0xDCCA, 0xDCCA, 0xE4AA,
    0xDCCA, 0xDCCA, 0xDCEA, 0xDD0B, 0xE50B, 0xE4EA, 0xE4EA, 0xDCEA, 0xE56C, 0xE56C, 0xE54C, 0xDCEA, 0xD489, 0xD469, 0xD469, 0xD469,
    0xD4AA, 0xE52C, 0xDD2C, 0xDD4C, 0xDD6D, 0xE58E, 0xE58E, 0xDD6E, 0xE5D0, 0xB3C9, 0x9B27, 0xE635, 0xE614, 0xE676, 0xE676, 0xE676,
    0xFF18, 0xC510, 0x6962, 0xABA8, 0xA368, 0xAB88, 0xC469, 0xD4AA, 0xC429, 0xB3A8, 0xD4CB, 0xDD0B, 0xD50B, 0xD4EB, 0xD4EB, 0xD4EB,
    0xD4EB, 0xD4EB, 0xD4EB, 0xD4CB, 0xD4CB, 0xD4CB, 0xCCAB, 0xD4EB, 0xDD2C, 0xDD0C, 0xDD0C, 0xDD0C, 0xDD2C, 0xDD2C, 0xDD2C, 0xDD0C,
    0xD4CB, 0xCCCB, 0xCCAA, 0xD4CB, 0xDD0C, 0xDD0C, 0xDD0C, 0xD4CB, 0xCCAB, 0xCCCB, 0xD50C, 0xD4CB, 0xB3C9, 0x8A84, 0xE5CF, 0xFF75,
    0xFED3, 0xFEF3, 0xFED2, 0xFF14, 0xFF77, 0xFFBA, 0xFFDA, 0xFFDA, 0xFFDA, 0xFFDA, 0xFFDA, 0xFFDA, 0xFFDA, 0xFFDA, 0xFFDA, 0xFFDA,
    0xFEF5, 0xFEF5, 0xFEF5, 0xFF15, 0xFF36, 0xFFB9, 0xFFFB, 0xFFFB, 0xFFFB, 0xFFFB, 0xFFFB, 0xFFFB, 0xFFFB, 0xFFFB, 0xFFFB, 0xFFFB,
    0xFFFB, 0xFFFB, 0xFFFB, 0xFFFB, 0xFFFB, 0xFFFA, 0xFFDA, 0xFFFA, 0xFFDA, 0xFFDA, 0xFFD9, 0xFFDA, 0xFFFA, 0xFFDA, 0xABEB, 0xC4CF,
    0xD5F4, 0xDDF5, 0xDE15, 0xE656, 0xE656, 0xE656, 0xDE36, 0xDE15, 0xDE35, 0xE676, 0xEE77, 0xE677, 0xE655, 0xE634, 0xE634, 0xD5B3,
    0xCD51, 0x9B28, 0x7140, 0x81A1, 0x9263, 0xA2C4, 0x9AC4, 0xBB86, 0xBBA6, 0xBBA6, 0xBBC6, 0xC3E7, 0xC408, 0xCC08, 0xCC28, 0xCC28,
    0xCC48, 0xCC68, 0xD4A9, 0xDD2B, 0xE52B, 0xE52B, 0xE56C, 0xEE0E, 0xF650, 0xFE50, 0xFE71, 0xFEB2, 0xFEB2, 0xFED3, 0xFED3, 0xFED3,
    0xFED3, 0xFED3, 0xFED3, 0xFED4, 0xFED4, 0xFED4, 0xFED4, 0xFED4, 0xF6B4, 0xF673, 0xF673, 0xF673, 0xF674, 0xF6B5, 0xF6B5, 0xF6D6,
    0xF6D6, 0xF6B5, 0xEE12, 0xDD4D, 0xCC69, 0xCC8A, 0xD4CA, 0xE56D, 0xE56D, 0xEDAE, 0xEDCF, 0xE56D, 0xE56D, 0xE58E, 0xE56D, 0xE56D,
    0xED8E, 0xE56D, 0xE5D0, 0xEE94, 0xFF17, 0xFF37, 0xFF37, 0xF694, 0xCCEE, 0x59C4, 0x1020, 0x2880, 0x2060, 0x2880, 0xA3C9, 0xCCAC,
    0xE54D, 0xEDAE, 0xEDCF, 0xEDEF, 0xFEB2, 0xFEF2, 0xFED2, 0xF62F, 0xE4EA, 0xDCA9, 0xE4EA, 0xDCCA, 0xDCCA, 0xDCCA, 0xDCCA, 0xDCA9,
    0xE50B, 0xEDAD, 0xEDAD, 0xED8D, 0xE52B, 0xE52B, 0xE56C, 0xE56C, 0xE58D, 0xED8D, 0xE54C, 0xE52B, 0xDCEB, 0xD489, 0xD489, 0xD489,
    0xDCCA, 0xDD2C, 0xDD0C, 0xDD0C, 0xDD2C, 0xE56E, 0xE5AF, 0xDD6E, 0xE5D0, 0xB3C9, 0x9B27, 0xE634, 0xDDF4, 0xE676, 0xEE76, 0xDDF4,
    0xBCF0, 0x9BEC, 0x6982, 0xABA8, 0xABA8, 0xAB88, 0xB3E9, 0xBC09, 0xB3C8, 0xBBE8, 0xD4CB, 0xDD0B, 0xD50B, 0xD50B, 0xD4EB, 0xD4EB,
    0xD4EB, 0xD50B, 0xD4CB, 0xC46A, 0xC46A, 0xC46A, 0xC44A, 0xD4AB, 0xDD2C, 0xDD0C, 0xDD0C, 0xDD0C, 0xDD2C, 0xDD0C, 0xD4EB, 0xD4CB,
    0xD4CB, 0xCCAA, 0xCCAA, 0xD4CB, 0xCC8A, 0xC46A, 0xCC8A, 0xCC8A, 0xCCCB, 0xCCCB, 0xCCCB, 0xD4EB, 0xD4EB, 0x92A4, 0xABA8, 0xC4AB,
    0xF6B2, 0xFED3, 0xFED3, 0xFEF2, 0xFEF3, 0xFF98, 0xFFBA, 0xFFDA, 0xFFDA, 0xFFDA, 0xFFDA, 0xFFDA, 0xFFDA, 0xFFDA, 0xFFDA, 0xFFDA,
    0xFF15, 0xFEF4, 0xFF15, 0xFF35, 0xFF35, 0xFFB9, 0xFFFB, 0xFFFB, 0xFFFB, 0xFFFB, 0xFFFB, 0xFFFB, 0xFFFB, 0xFFFB, 0xFFFB, 0xFFFB,
    0xFFFB, 0xFFFB, 0xFFFB, 0xFFFB, 0xFFFB, 0xFFDA, 0xFFDA, 0xFFDA, 0xFFDA, 0xFFDA, 0xFFF9, 0xFFF9, 0xFFFA, 0xFFDA, 0xA3EA, 0xBCAE,
    0xE676, 0xE656, 0xE656, 0xE656, 0xE656, 0xE656, 0xE636, 0xDE35, 0xDE36, 0xE677, 0xEE76, 0xEE76, 0xE676, 0xE655, 0xE634, 0xD592,
    0xD571, 0xA369, 0x7981, 0x81C1, 0x9263, 0xAB05, 0xAB25, 0xBBC7, 0xCC28, 0xCC28, 0xCC28, 0xCC48, 0xD469, 0xD469, 0xD469, 0xD469,
    0xDCCA, 0xE52B, 0xE54B, 0xE54B, 0xE54B, 0xE54B, 0xEDAD, 0xF630, 0xF630, 0xF670, 0xFEB2, 0xFED2, 0xFEB2, 0xFED2, 0xFED3, 0xFEF4,
    0xFEF3, 0xFEF4, 0xFED4, 0xFEB4, 0xF6D4, 0xF6B4, 0xFEB4, 0xFED4, 0xF6B4, 0xF673, 0xF673, 0xEE12, 0xE5F1, 0xF694, 0xF6D6, 0xF6D6,
    0xF6F7, 0xF6F6, 0xEE95, 0xE611, 0xD4EC, 0xD48A, 0xD4CB, 0xE56D, 0xE56E, 0xEDAE, 0xF5EF, 0xE56D, 0xE56D, 0xF5EF, 0xEDCF, 0xEDAE,
    0xEDAE, 0xEDCE, 0xEDF0, 0xEE94, 0xFF37, 0xFF37, 0xFF37, 0xFED5, 0x8B29, 0x1840, 0x2880, 0x1000, 0x6A66, 0xC4CD, 0xDD2D, 0xE54D,
    0xE56E, 0xF650, 0xF6B1, 0xFEB1, 0xEE0F, 0xEDEE, 0xED8C, 0xE4EB, 0xE4CA, 0xE4EA, 0xE4CA, 0xDCCA, 0xDCA9, 0xDCAA, 0xE50B, 0xEDCE,
    0xF5EF, 0xF62F, 0xED8C, 0xE56C, 0xEDCD, 0xEDEE, 0xEE0F, 0xEE0F, 0xEDEF, 0xEDCE, 0xE58D, 0xE54C, 0xE52C, 0xE52C, 0xE52B, 0xE52B,
    0xE52B, 0xDD2B, 0xDD0B, 0xDD0B, 0xDD0C, 0xE56E, 0xE58E, 0xDD8E, 0xE5D0, 0xB3E9, 0xA368, 0xEE76, 0xE655, 0xEE96, 0xFF19, 0xC531,
    0x3880, 0x7203, 0xABA8, 0xAB88, 0xAB88, 0xAB88, 0xA367, 0xA347, 0xAB87, 0xCC8A, 0xD4CB, 0xD4AA, 0xCC8A, 0xD4EB, 0xD50B, 0xD50B,
    0xDD0B, 0xDD0C, 0xCC8A, 0xC44A, 0xC44A, 0xCC6A, 0xCC6A, 0xCC8A, 0xCC8A, 0xCC8A, 0xCCAA, 0xCCAA, 0xCCAB, 0xCCAA, 0xC48A, 0xC48A,
    0xCC8A, 0xCC8A, 0xCC8A, 0xD4CB, 0xD4EB, 0xD4EB, 0xC46A, 0xC48A, 0xCC8B, 0xCC8B, 0xCC8A, 0xCC8A, 0xC46A, 0xCCAB, 0xA347, 0x6982,
    0xF672, 0xFED3, 0xFED3, 0xFED3, 0xFEF3, 0xFEF4, 0xFF77, 0xFFDA, 0xFFDA, 0xFFDA, 0xFFDA, 0xFFDA, 0xFFDA, 0xFFDA, 0xFFDA, 0xFFDA,
    0xFF15, 0xFEF4, 0xFF15, 0xFF56, 0xFF35, 0xFFD9, 0xFFFB, 0xFFFB, 0xFFFB, 0xFFFB, 0xFFFB, 0xFFFB, 0xFFFB, 0xFFFB, 0xFFFB, 0xFFFB,
    0xFFFA, 0xFFFA, 0xFFFA, 0xFFFA, 0xFFFA, 0xFFFA, 0xFFFA, 0xFFFA, 0xFFFA, 0xFFFA, 0xFFF9, 0xFFF9, 0xFFDA, 0xFFFB, 0xE6B5, 0x8245,
    0xD5B3, 0xE657, 0xE636, 0xE656, 0xE656, 0xE656, 0xE656, 0xE656, 0xE656, 0xE656, 0xDE14, 0xDE14, 0xDE14, 0xDDD3, 0xCD51, 0xC50F,
    0xAC0C, 0x8AA6, 0x7961, 0x9AA4, 0xA2E4, 0xAB25, 0xBBC7, 0xC3E8, 0xCC48, 0xCC49, 0xCC49, 0xCC48, 0xCC48, 0xCC48, 0xD468, 0xD468,
    0xD489, 0xD4C9, 0xDCEA, 0xDCEA, 0xE56C, 0xF60F, 0xF630, 0xF630, 0xF630, 0xF650, 0xF691, 0xF671, 0xF671, 0xEE0F, 0xE54D, 0xE54D,
    0xDD2D, 0xE52E, 0xED8E, 0xED8E, 0xEDAF, 0xEDAF, 0xEDAF, 0xEDAF, 0xEDCF, 0xEDEF, 0xEDD0, 0xE590, 0xDD90, 0xDDB1, 0xF695, 0xFEF7,
    0xF6F7, 0xFF17, 0xFF38, 0xF717, 0xEE11, 0xD4CB, 0xD4AB, 0xE58E, 0xE56D, 0xEDCE, 0xF60F, 0xEDEF, 0xEDEF, 0xF630, 0xFE71, 0xF630,
    0xEE0F, 0xF630, 0xEE30, 0xF693, 0xFF37, 0xFF37, 0xFF37, 0xFED5, 0x9349, 0x1000, 0x4984, 0x6226, 0xB40B, 0xE54E, 0xDD6E, 0xEE92,
    0xF6B3, 0xFEF2, 0xF670, 0xEDCD, 0xED4B, 0xED2B, 0xED0B, 0xE4EA, 0xE4CA, 0xDCCA, 0xDCA9, 0xE4EA, 0xEDAD, 0xEDCD, 0xF5EE, 0xF62F,
    0xF62F, 0xF62F, 0xF5EF, 0xF60F, 0xF630, 0xEDEE, 0xEDCE, 0xEDCE, 0xEDCE, 0xEDCE, 0xEDCE, 0xEDCE, 0xEDCE, 0xE54C, 0xE52C, 0xE52C,
    0xE52C, 0xDD4C, 0xE54C, 0xE54C, 0xDD4D, 0xE58E, 0xE5D0, 0xE5AF, 0xE5F0, 0xC48B, 0xB3EB, 0xEEB7, 0xEE96, 0xE655, 0xD5D4, 0xAC4E,
    0x5941, 0x92C6, 0xABC9, 0xA388, 0xA388, 0xA368, 0xABA8, 0xB3C8, 0xB3E9, 0xC449, 0xC46A, 0xC44A, 0xC44A, 0xD4EB, 0xDD2C, 0xD4CB,
    0xCCAA, 0xCCAA, 0xCCAA, 0xCCAB, 0xD4AB, 0xD4AB, 0xC44A, 0xCC6A, 0xC44A, 0xCC6A, 0xCC6A, 0xCC8A, 0xCC8A, 0xCC8A, 0xCCAB, 0xD4EB,
    0xD50C, 0xD50C, 0xD50C, 0xD4EB, 0xD4EB, 0xD4EC, 0xCC8A, 0xC48A, 0xBC2A, 0xBC09, 0xBC29, 0xC46A, 0xC46A, 0xCCAB, 0xC46A, 0xB3E9,
    0x9B26, 0xD56D, 0xFF13, 0xFEB2, 0xFED3, 0xFED3, 0xFEF4, 0xFF56, 0xFFDB, 0xFFDA, 0xFFDA, 0xFFDA, 0xFFDA, 0xFFDA, 0xFFDA, 0xFFDA,
    0xFF15, 0xFF15, 0xFEF5, 0xFEF4, 0xFF15, 0xFF98, 0xFFFA, 0xFFFB, 0xFFFB, 0xFFFB, 0xFFFA, 0xFFFB, 0xFFFA, 0xFFFB, 0xFFFB, 0xFFFB,
    0xFFFA, 0xFFFA, 0xFFFA, 0xFFFA, 0xFFFA, 0xFFFA, 0xFFFA, 0xFFFA, 0xFFFA, 0xFFD9, 0xFFF9, 0xFFFA, 0xFFDA, 0xFFFB, 0xEF58, 0x8AA5,
    0xD5B3, 0xE677, 0xE656, 0xE656, 0xE656, 0xE656, 0xE656, 0xE656, 0xE676, 0xE656, 0xD5D3, 0xDDD3, 0xD571, 0xC50F, 0xC4EF, 0xC4EF,
    0x79E3, 0x7181, 0x9243, 0xA2C4, 0xA2C4, 0xAB45, 0xCC49, 0xCC28, 0xCC28, 0xCC48, 0xCC48, 0xD489, 0xD4C9, 0xD4C9, 0xDCC9, 0xDCCA,
    0xDCCA, 0xDCCA, 0xDCCA, 0xE52B, 0xF5EE, 0xF62F, 0xF630, 0xF62F, 0xF62F, 0xF62F, 0xF60F, 0xF5EE, 0xED8D, 0xE52C, 0xDCEB, 0xDCEB,
    0xE4EB, 0xD48A, 0x8AC6, 0x7245, 0x7A65, 0x7A65, 0x7A65, 0x7A66, 0x7A86, 0x7A86, 0xBC2A, 0xDD0C, 0xDD0D, 0xDD0C, 0xE5D1, 0xEE95,
    0xF717, 0xFF17, 0xFF38, 0xFF38, 0xEE32, 0xDD2C, 0xDD2C, 0xE56E, 0xE58E, 0xEDEF, 0xF610, 0xEE10, 0xEE0F, 0xF630, 0xF671, 0xF650,
    0xF630, 0xF630, 0xF630, 0xF672, 0xFF37, 0xFF37, 0xFF58, 0xF693, 0xA3AA, 0x4122, 0xABEA, 0xFE31, 0xEDF1, 0xE612, 0xEE93, 0xFF77,
    0xFEF3, 0xF671, 0xF5EE, 0xED4B, 0xED4C, 0xED4C, 0xED2B, 0xE4EA, 0xED6B, 0xED8C, 0xED8C, 0xEDAD, 0xF64F, 0xF64F, 0xF64F, 0xF650,
    0xF64F, 0xF650, 0xFE70, 0xF671, 0xF650, 0xF630, 0xF651, 0xF631, 0xF630, 0xEDCF, 0xEDAE, 0xE5CE, 0xEDCE, 0xE58D, 0xE56D, 0xE56D,
    0xE56D, 0xF692, 0xF693, 0xF672, 0xF693, 0xEE31, 0xE5D0, 0xE5B0, 0xEE11, 0xC46B, 0xA369, 0xEE96, 0xEE97, 0xCD72, 0x5962, 0x7204,
    0x8A85, 0x9B26, 0x9B27, 0x9B27, 0x9B07, 0x9B47, 0xB409, 0xBC09, 0xBC09, 0xBC09, 0xBBE9, 0xC44A, 0xCC8A, 0xD4AA, 0xD4AA, 0xCC6A,
    0xC44A, 0xC469, 0xD4AA, 0xD4CB, 0xD4EB, 0xCC6A, 0xBC09, 0xC409, 0xC429, 0xCC8B, 0xCC8A, 0xCC8A, 0xCC8A, 0xCCAA, 0xDD0C, 0xDD2C,
    0xDD2C, 0xDD2C, 0xDD2C, 0xCCCB, 0xC46A, 0xC46A, 0xC48A, 0xC48A, 0xC46A, 0xC46A, 0xC46A, 0xCC8A, 0xCC8A, 0xCCAB, 0xD4CB, 0xDD0C,
    0x92A5, 0xBC6A, 0xFEF3, 0xFED3, 0xFEB2, 0xFED3, 0xFED3, 0xFF14, 0xFF98, 0xFFBA, 0xFFDA, 0xFFDA, 0xFFDA, 0xFFDA, 0xFFDA, 0xFFDA,
    0xFF14, 0xFF14, 0xFF14, 0xFF14, 0xFF14, 0xFEF4, 0xFFB8, 0xFFFB, 0xFFFB, 0xFFFA, 0xFFFA, 0xFFFA, 0xFFFA, 0xFFFA, 0xFFFA, 0xFFDA,
    0xFFDA, 0xFFFA, 0xFFFA, 0xFFDA, 0xFFFA, 0xFFFA, 0xFFFA, 0xFFFA, 0xFFFA, 0xFFD9, 0xFFB8, 0xFFD9, 0xFFD9, 0xFFFA, 0xEF37, 0x8A85,
    0xD5B3, 0xE676, 0xE656, 0xE656, 0xE656, 0xE656, 0xE656, 0xE656, 0xE656, 0xE635, 0xDDF3, 0xDDF3, 0xCD71, 0xC4EF, 0xB46D, 0xB44C,
    0x7A04, 0x81E2, 0xAB05, 0xA2C4, 0xAB25, 0xB366, 0xCC48, 0xCC48, 0xCC48, 0xCC48, 0xCC48, 0xD4CA, 0xDCEA, 0xDCEA, 0xDCEA, 0xDCEA,
    0xDD0A, 0xDCEA, 0xDCCA, 0xDCEA, 0xE52B, 0xE52B, 0xE52B, 0xE54C, 0xED6C, 0xDD2C, 0xD50C, 0xE54C, 0xB409, 0x61A3, 0x61C3, 0x61E4,
    0x61E4, 0x61A3, 0x30A0, 0x2040, 0x2840, 0x2860, 0x2860, 0x2060, 0x2060, 0x2040, 0x61C3, 0x7A45, 0x7265, 0x7245, 0xABC9, 0xDDF1,
    0xFF58, 0xFF18, 0xFF38, 0xFF38, 0xEE32, 0xEDCF, 0xEDAF, 0xEDAE, 0xEDCF, 0xF60F, 0xEDEF, 0xEDEF, 0xEE10, 0xF630, 0xF630, 0xF630,
    0xF630, 0xF631, 0xF630, 0xF651, 0xF6D4, 0xFF17, 0xFF78, 0xEDF1, 0xD46A, 0xDCCB, 0xD4AB, 0xEDB0, 0xFED4, 0xFF98, 0xFF98, 0xFF57,
    0xF62F, 0xF5AC, 0xF58C, 0xF56C, 0xED4C, 0xED4B, 0xEDAD, 0xF60F, 0xFE70, 0xFE90, 0xFE90, 0xFE6F, 0xF64F, 0xF64F, 0xF64F, 0xF64F,
    0xFE50, 0xF650, 0xF630, 0xF650, 0xF693, 0xF6B4, 0xF6B4, 0xF6B4, 0xFEB3, 0xEE31, 0xEDF0, 0xEDCF, 0xEDCF, 0xEE10, 0xF692, 0xEE92,
    0xF6B3, 0xEE93, 0xDD4D, 0xDD4D, 0xE56D, 0xE58E, 0xE5AF, 0xE5AF, 0xEDF1, 0xC48C, 0xA38A, 0xEE96, 0xEE97, 0xCD72, 0x5962, 0x92E6,
    0x92E6, 0x92C5, 0x9306, 0x9B07, 0x9306, 0x9B27, 0xA368, 0xA367, 0xA368, 0xA367, 0x9B27, 0xB3C8, 0xBC09, 0xC44A, 0xCC6A, 0xCC6A,
    0xCC8A, 0xD4CB, 0xD4AA, 0xD4AA, 0xD4AB, 0xC429, 0xC409, 0xC409, 0xCC4A, 0xD4AA, 0xCCAA, 0xCC8A, 0xCC8A, 0xCCAA, 0xD4CB, 0xD4EB,
    0xCCAA, 0xC44A, 0xC44A, 0xC46A, 0xC46A, 0xC48A, 0xC48A, 0xC48A, 0xCC8A, 0xCC8A, 0xCC8A, 0xCC8A, 0xCC8A, 0xC44A, 0xC44A, 0xC44A,
    0xC44A, 0xB3C8, 0x92A5, 0xDDAF, 0xFF55, 0xFED3, 0xFED3, 0xFEF3, 0xFEF3, 0xFFB9, 0xFFDB, 0xFFDA, 0xFFDA, 0xFFDA, 0xFFDA, 0xFFBA,
    0xFF14, 0xFF14, 0xFF14, 0xFF14, 0xFF14, 0xFF14, 0xFFB8, 0xFFFB, 0xFFFB, 0xFFFA, 0xFFFA, 0xFFFA, 0xFFFA, 0xFFFA, 0xFFFA, 0xFFFA,
    0xFFDA, 0xFFFA, 0xFFDA, 0xFFFA, 0xFFB9, 0xFFB7, 0xFFB8, 0xFFB8, 0xFFB8, 0xFFB8, 0xFFD8, 0xFFB8, 0xFFB7, 0xFFB8, 0xEEF6, 0x8A85,
    0xD5B3, 0xE676, 0xE656, 0xE656, 0xE656, 0xE656, 0xE656, 0xDE15, 0xDDF4, 0xDDF4, 0xDDF3, 0xDDF3, 0xCD71, 0xC50F, 0xBC8E, 0xB42C,
    0x7A04, 0x79C2, 0xA2E4, 0xA2C4, 0xC408, 0xCC49, 0xCC48, 0xCC49, 0xCC48, 0xD489, 0xDCEA, 0xDCEA, 0xDCEA, 0xDCEA, 0xDCEA, 0xDCEA,
    0xDCEA, 0xDCEA, 0xDCCA, 0xDCCA, 0xDCA9, 0xDCA9, 0xDCA9, 0xD469, 0xDD0B, 0x9306, 0x40C1, 0x4922, 0x40E1, 0x3080, 0x3080, 0x3080,
    0x3060, 0x2880, 0x30A0, 0x30A0, 0x30A0, 0x30A0, 0x30A0, 0x30A0, 0x30C0, 0x30C0, 0x2860, 0x2040, 0x2860, 0x1820, 0x6A25, 0xC4CE,
    0xE674, 0xFF38, 0xFF59, 0xFF58, 0xF6D5, 0xEE73, 0xEDAF, 0xEDAE, 0xF650, 0xF691, 0xF691, 0xF6B1, 0xF630, 0xED8D, 0xE58D, 0xEDAE,
    0xF630, 0xF610, 0xF630, 0xF630, 0xEE10, 0xF6F5, 0xFF78, 0xEE11, 0xD48A, 0xD4AB, 0xD4CB, 0xEDF1, 0xF6B4, 0xFF58, 0xFF78, 0xFF57,
    0xF62F, 0xF5CD, 0xF5CE, 0xF5CD, 0xF5CE, 0xEDCE, 0xFE91, 0xFF13, 0xFEF3, 0xFEF3, 0xFEF2, 0xF690, 0xFE6F, 0xF670, 0xF66F, 0xF66F,
    0xF670, 0xF670, 0xF670, 0xF671, 0xF693, 0xF6B4, 0xF6B3, 0xF6B3, 0xF6B3, 0xF693, 0xF6D3, 0xFF57, 0xFF57, 0xF715, 0xF6D4, 0xE5AF,
    0xE58E, 0xE5AF, 0xE58E, 0xDD6D, 0xE56D, 0xE58E, 0xE5AF, 0xE5AF, 0xEE10, 0xC48B, 0xABCA, 0xF6D7, 0xF6D7, 0xCD72, 0x5962, 0x8AC5,
    0x92C5, 0x8AC5, 0x8AC5, 0x92E6, 0x9B47, 0x9B07, 0x9306, 0x9306, 0x9307, 0x9B27, 0x9B47, 0x9B47, 0x9B47, 0xC44A, 0xCCAA, 0xCC8A,
    0xD4AA, 0xD4AA, 0xCC6A, 0xC429, 0xC409, 0xC409, 0xC409, 0xC409, 0xCC6A, 0xCC8A, 0xD4AA, 0xD4AA, 0xD4AA, 0xD4AA, 0xD4AA, 0xCCAA,
    0xD4CB, 0xBC29, 0xBBE9, 0xBBE9, 0xBBE9, 0xC46A, 0xC48A, 0xC48A, 0xCC8A, 0xCC8A, 0xCC8A, 0xCC8A, 0xC449, 0xBC09, 0xBC09, 0xBC09,
    0xBC29, 0xBC4A, 0x92A6, 0xBC2A, 0xDDAF, 0xF692, 0xFED3, 0xFED3, 0xFED3, 0xFEF4, 0xFF78, 0xFFDB, 0xFFDA, 0xFFDA, 0xFFDA, 0xFFDA,
    0xFF14, 0xFEF4, 0xFED4, 0xFED4, 0xFED4, 0xFEF4, 0xFFB9, 0xFFFB, 0xFFFB, 0xFFFA, 0xFFFA, 0xFFFA, 0xFFD9, 0xFFD9, 0xFFD9, 0xFFB8,
    0xFF98, 0xFF97, 0xFF97, 0xFFB7, 0xFF55, 0xFF13, 0xFF14, 0xFF14, 0xFF14, 0xFF55, 0xFF55, 0xFF55, 0xFF34, 0xFF34, 0xEE92, 0x8A85,
    0xD5B3, 0xE676, 0xE656, 0xE656, 0xE656, 0xDE35, 0xE635, 0xDE35, 0xDE14, 0xDDF4, 0xDDF4, 0xDDF3, 0xD5B2, 0xCD50, 0xC50F, 0xAC4C,
    0x7A04, 0x81C2, 0xA304, 0x9AC4, 0xC408, 0xD468, 0xCC48, 0xCC49, 0xCC68, 0xD4CA, 0xDD0A, 0xDCEA, 0xDCEA, 0xDCEA, 0xDCEA, 0xDCEA,
    0xDD0B, 0xDD0A, 0xDCEA, 0xDCEA, 0xD4A9, 0xCC48, 0xD448, 0xAB05, 0x50E1, 0x40E1, 0x38C0, 0x38C0, 0x3060, 0x2840, 0x2840, 0x2840,
    0x3080, 0x3080, 0x3080, 0x3080, 0x30A0, 0x30A0, 0x30C0, 0x30A0, 0x2060, 0x2060, 0x2860, 0x2880, 0x2880, 0x2880, 0x2880, 0x2020,
    0x938A, 0xFF56, 0xFF38, 0xFF58, 0xFF79, 0xF737, 0xEE31, 0xEDCF, 0xFEB1, 0xFED2, 0xFEF2, 0xFEB1, 0xEE0F, 0xF60E, 0xF62F, 0xF62F,
    0xEDCE, 0xEDCE, 0xEDCE, 0xEDAE, 0xE5AE, 0xF6B3, 0xFEF5, 0xF693, 0xF652, 0xF672, 0xF652, 0xF631, 0xF652, 0xFF36, 0xFF57, 0xFF57,
    0xFED3, 0xFEF3, 0xFF55, 0xFF14, 0xFEF2, 0xFEF3, 0xFED3, 0xFED2, 0xFED2, 0xFED2, 0xFED2, 0xFED2, 0xFED2, 0xFED2, 0xF670, 0xFE50,
    0xFEB2, 0xFED3, 0xFED3, 0xF6D3, 0xF6B3, 0xF6B4, 0xF6B4, 0xF694, 0xF6D4, 0xF715, 0xF715, 0xF6F5, 0xF6F5, 0xEE52, 0xE5F0, 0xEDF0,
    0xEDEF, 0xE5AF, 0xE5AF, 0xE58E, 0xE58E, 0xE5AE, 0xE5CF, 0xE5CF, 0xEE11, 0xBC6B, 0x9B48, 0xDDB3, 0xDDF4, 0xC510, 0x5100, 0x92E6,
    0x8AC5, 0x8AC5, 0x8AA5, 0x92E6, 0xA367, 0x9B27, 0x9B27, 0x9B27, 0x9B27, 0x9B47, 0x9B47, 0x9B47, 0xA347, 0xC46A, 0xCCAA, 0xD4AA,
    0xD4AA, 0xCC69, 0xC409, 0xC429, 0xC409, 0xC409, 0xC409, 0xBC09, 0xC409, 0xD4CA, 0xD4CA, 0xD4CA, 0xD4CB, 0xD4CA, 0xD4CB, 0xD4CB,
    0xD4CB, 0xC42A, 0xBC0A, 0xBBE9, 0xB3E8, 0xBC09, 0xBC09, 0xC44A, 0xC48A, 0xC48A, 0xCC8A, 0xC46A, 0xC44A, 0xC449, 0xC46A, 0xBC2A,
    0xBC0A, 0xBC29, 0xCCAB, 0xA347, 0x71A2, 0xF692, 0xFF14, 0xFEB2, 0xFED3, 0xFED3, 0xFF36, 0xFFB9, 0xFFB9, 0xFFDA, 0xFFDA, 0xFFDA,
    0xFF14, 0xFF15, 0xFEF4, 0xFEF4, 0xFEF4, 0xFF14, 0xFFB9, 0xFFFB, 0xFFFA, 0xFFFA, 0xFFFB, 0xFFFA, 0xFFB7, 0xFF55, 0xFF55, 0xFEF3,
    0xFEB2, 0xFEB2, 0xFED2, 0xFED2, 0xFED2, 0xFEF3, 0xFED3, 0xFEF3, 0xFF13, 0xFF13, 0xFEF3, 0xFEF3, 0xFEF3, 0xFF34, 0xEE71, 0x8A85,
    0xD5B3, 0xE656, 0xE656, 0xE656, 0xE636, 0xDE35, 0xDE35, 0xDE35, 0xDE35, 0xDE35, 0xDE14, 0xDE13, 0xD5D2, 0xCD50, 0xC50F, 0xAC4C,
    0x7A04, 0x79C2, 0xA2E4, 0xA2C4, 0xC408, 0xD469, 0xCC49, 0xCC49, 0xDCEA, 0xDD0A, 0xDCEA, 0xDCEA, 0xDCEA, 0xDCEA, 0xDCEA, 0xDCCA,
    0xD489, 0xD489, 0xD489, 0xD469, 0xCC48, 0xC3C6, 0xC3C6, 0xBB45, 0x9284, 0x5122, 0x2840, 0x2840, 0x61E4, 0x82C7, 0x7AA7, 0x7AA7,
    0xB48C, 0xCD0E, 0xCD0D, 0xCD0E, 0xCD0E, 0xBC6C, 0xBC4B, 0xA3A9, 0x7A45, 0x7A65, 0x7265, 0x30A1, 0x30A1, 0x30A1, 0x2060, 0x2060,
    0x4123, 0xA40B, 0xFF36, 0xFF59, 0xFF59, 0xF737, 0xF672, 0xF630, 0xF670, 0xF670, 0xFE90, 0xF64F, 0xFE2F, 0xF64F, 0xFE2F, 0xF62F,
    0xEDEE, 0xEDCE, 0xEDCE, 0xEDEF, 0xEDCE, 0xEDEF, 0xEDCF, 0xEE10, 0xFE93, 0xFE73, 0xFE93, 0xF6F4, 0xF6F5, 0xFF76, 0xFF97, 0xFF97,
    0xFF97, 0xFF98, 0xFF98, 0xFF14, 0xFEF3, 0xFEF3, 0xFEF3, 0xFEF3, 0xFF14, 0xFEF3, 0xFED2, 0xFED2, 0xFED2, 0xFED2, 0xFED2, 0xFEB2,
    0xFED3, 0xFEF4, 0xFEF4, 0xFEF4, 0xF6B4, 0xF693, 0xF6D4, 0xFF36, 0xFF56, 0xF6F5, 0xF6D4, 0xEE52, 0xEE32, 0xEE31, 0xEE31, 0xEE31,
    0xEE31, 0xEDF0, 0xEDF0, 0xEE11, 0xEE11, 0xEE11, 0xEE32, 0xEE32, 0xEE12, 0xD54F, 0xABEB, 0xB42D, 0xBCAE, 0xD551, 0x82C7, 0x7203,
    0x8AA5, 0x8AC5, 0x8AA5, 0x8AA5, 0x8AC5, 0x9B27, 0xA347, 0x9B47, 0x9B47, 0xA347, 0x9B47, 0x9B47, 0x9B47, 0xA347, 0xAB67, 0xAB47,
    0xAB67, 0xBC08, 0xC429, 0xC409, 0xC409, 0xC409, 0xC409, 0xBC09, 0xC429, 0xDCEB, 0xD4EA, 0xD4EB, 0xDCEB, 0xD4AA, 0xC44A, 0xC42A,
    0xBC0A, 0xBC0A, 0xBC0A, 0xBC09, 0xB3E9, 0xB3C9, 0xB3C8, 0xB3C8, 0xB3E8, 0xBBE8, 0xC44A, 0xCC8A, 0xC46A, 0xC46A, 0xC46A, 0xBC09,
    0xBC0A, 0xBC2A, 0xBC2A, 0xBBE9, 0xABA9, 0x9307, 0xD54D, 0xFF55, 0xFED3, 0xFEF3, 0xFEF3, 0xFEF4, 0xFF78, 0xFFBA, 0xFFBA, 0xFFDA,
    0xFF14, 0xFF14, 0xFEF4, 0xFED4, 0xFED4, 0xFEB3, 0xFF56, 0xFFB8, 0xFFB8, 0xFFB7, 0xFF97, 0xFF75, 0xFF35, 0xFEF3, 0xFEF3, 0xFED2,
    0xFEB2, 0xFEB2, 0xFED2, 0xFED2, 0xFEF3, 0xFF13, 0xFED2, 0xFEF3, 0xFF13, 0xFF13, 0xFF13, 0xFF13, 0xFF13, 0xFF54, 0xEE71, 0x8244,
    0xE614, 0xEE97, 0xE635, 0xE656, 0xE656, 0xE656, 0xE656, 0xE656, 0xE636, 0xE656, 0xDE15, 0xDE13, 0xD5D2, 0xCD50, 0xC50F, 0xB44C,
    0x7A25, 0x79E2, 0xC3E7, 0xC3E8, 0xCC29, 0xCC49, 0xCC48, 0xD469, 0xDCEA, 0xDD0A, 0xDD0A, 0xDCEA, 0xDCEA, 0xDCEA, 0xDCC9, 0xDC89,
    0xC3C6, 0xC3A6, 0xBB86, 0xBB86, 0xBB86, 0xBB45, 0xC365, 0xCC08, 0xF5CE, 0xC4CC, 0x9BA9, 0x9BCA, 0xE5AF, 0xFED2, 0xFEB2, 0xFEB2,
    0xFEB2, 0xFEB2, 0xFE92, 0xFEB2, 0xFE92, 0xEDCF, 0xE5AF, 0xE56E, 0xE54D, 0xE56E, 0xDD4D, 0xBC4A, 0xC48B, 0x8AE7, 0x2880, 0x2881,
    0x1000, 0x6205, 0xFF15, 0xFF38, 0xFF59, 0xFF58, 0xF692, 0xF630, 0xF650, 0xF650, 0xFE50, 0xFE50, 0xFE4F, 0xF62F, 0xFE70, 0xFEB2,
    0xFED2, 0xF691, 0xF650, 0xE58E, 0xE5AE, 0xEDCF, 0xEDCF, 0xEDEF, 0xF652, 0xF693, 0xF6B4, 0xFF98, 0xFFFA, 0xFFDA, 0xFFDA, 0xFFDA,
    0xFFFA, 0xFFFA, 0xFFB9, 0xFF77, 0xFF77, 0xFF77, 0xFF77, 0xFF98, 0xFFB8, 0xFF55, 0xFED3, 0xFED3, 0xFEF3, 0xFED3, 0xFEF4, 0xFEF4,
    0xFEF4, 0xFEF4, 0xFEF4, 0xFEB4, 0xF6B4, 0xFF36, 0xFF36, 0xF736, 0xF6F5, 0xF673, 0xF673, 0xF673, 0xEE52, 0xEE52, 0xEE31, 0xEE31,
    0xEE32, 0xEE53, 0xEE53, 0xEE73, 0xEE73, 0xEE73, 0xEE73, 0xEE74, 0xE633, 0xEE34, 0xEE75, 0xEE75, 0xEE55, 0xEE75, 0xDDB2, 0x6161,
    0x8285, 0x8AA5, 0x82A5, 0x8AA5, 0x8AA5, 0x8AC5, 0x92E6, 0x9B47, 0xA347, 0x9B47, 0x9B47, 0x92E6, 0x92E5, 0x9B26, 0xA347, 0xA327,
    0xA347, 0xBBE8, 0xC409, 0xC409, 0xC3E8, 0xC409, 0xC429, 0xC409, 0xC429, 0xCC8A, 0xD48A, 0xD4AA, 0xD4AA, 0xCC6A, 0xC429, 0xBC09,
    0xBBEA, 0xBC0A, 0xBBEA, 0xB3C9, 0xB3C9, 0xB3E9, 0xC46A, 0xC46A, 0xCC6A, 0xCC6A, 0xCC6A, 0xCC8A, 0xC46A, 0xCC6A, 0xC46A, 0xC44A,
    0xBC4A, 0xBC09, 0xBC2A, 0xC449, 0xC46A, 0x8A64, 0x9306, 0xC50D, 0xFEF3, 0xFED3, 0xFED3, 0xFED3, 0xFF15, 0xFF78, 0xFFBA, 0xFFBA,
    0xFEF4, 0xFF14, 0xFF76, 0xFF56, 0xFF76, 0xFF77, 0xFF97, 0xFF56, 0xFF55, 0xFF75, 0xFEF3, 0xFE91, 0xFEB2, 0xFEB1, 0xFEB2, 0xFEB2,
    0xFEB2, 0xFED2, 0xFF13, 0xFF13, 0xFEF3, 0xFF13, 0xFF13, 0xFF13, 0xFF13, 0xFF13, 0xFEF3, 0xFF13, 0xFF13, 0xFF54, 0xEE71, 0xA3A9,
    0xBCAE, 0xCD72, 0xEED7, 0xEE97, 0xE676, 0xE656, 0xE656, 0xE656, 0xE636, 0xE635, 0xDE15, 0xDE14, 0xD5B2, 0xCD50, 0xCD0F, 0xB46D,
    0x7A45, 0x81E2, 0xCC49, 0xCC28, 0xCC28, 0xCC48, 0xCC48, 0xCC69, 0xDD0A, 0xDD0A, 0xDD0A, 0xDD0A, 0xDD0A, 0xDCEA, 0xDCA9, 0xD468,
    0xCBE7, 0xC3A6, 0xC3A6, 0xC3A6, 0xBBA6, 0xC3A6, 0xD428, 0xE54C, 0xF671, 0xFEB2, 0xFED3, 0xFEF2, 0xFE91, 0xF651, 0xF651, 0xF651,
    0xF651, 0xF651, 0xF651, 0xF651, 0xF651, 0xF671, 0xF671, 0xFE92, 0xF691, 0xFE92, 0xF671, 0xEE0F, 0xE58E, 0xCCED, 0xD56F, 0x8B49,
    0x59C5, 0x82C7, 0xAC0A, 0xEEB4, 0xFF17, 0xF717, 0xF693, 0xF630, 0xF650, 0xF650, 0xF64F, 0xFE50, 0xFE50, 0xF64F, 0xFEB1, 0xFF14,
    0xFEF3, 0xFED3, 0xFEB2, 0xE5EF, 0xDD2D, 0xE58E, 0xEDEF, 0xEDEF, 0xF651, 0xF6B4, 0xFF17, 0xFF78, 0xFFDA, 0xFFDA, 0xFFDA, 0xFFDA,
    0xFFDA, 0xFFDA, 0xFFBA, 0xFFDA, 0xFFDA, 0xFFDA, 0xFFDA, 0xFFDA, 0xFFB9, 0xFF77, 0xFF57, 0xFF56, 0xFF35, 0xFF15, 0xFF15, 0xFEF4,
    0xFEF5, 0xFEF5, 0xFEF5, 0xFF58, 0xFF78, 0xF716, 0xF6D5, 0xF694, 0xF694, 0xF694, 0xF673, 0xEE53, 0xEE53, 0xEE32, 0xEE11, 0xEE11,
    0xE611, 0xEE52, 0xEE53, 0xEE53, 0xEE53, 0xEE73, 0xEE73, 0xEE74, 0xEE33, 0xE613, 0xE634, 0xE655, 0xEE75, 0xC4EF, 0x7A45, 0x7A23,
    0x9B47, 0xA368, 0xA388, 0x9306, 0x8AC5, 0x8AC5, 0x92C5, 0x9B27, 0x9B27, 0x9B27, 0x9B27, 0x9306, 0x92E6, 0x9B26, 0xA347, 0xA347,
    0xA347, 0xB387, 0xB387, 0xB387, 0xB3A7, 0xC408, 0xC429, 0xCC29, 0xCC49, 0xC429, 0xCC29, 0xCC49, 0xC429, 0xC409, 0xBC09, 0xBBE9,
    0xB3C9, 0xB3C9, 0xB3C9, 0xB3A8, 0xABA8, 0xB3A8, 0xB3C9, 0xB3E9, 0xB3E9, 0xBC09, 0xC44A, 0xCC8A, 0xC46A, 0xCC8B, 0xC46A, 0xCC8B,
    0xCC6A, 0xC44A, 0xBC2A, 0xBC4A, 0xBC29, 0xCCAB, 0x92C6, 0x8AC5, 0xFF34, 0xFEF4, 0xFED3, 0xFEF3, 0xFED3, 0xFF35, 0xFF99, 0xFFBA,
    0xFF56, 0xFF77, 0xFFDA, 0xFFFB, 0xFFFB, 0xFFFA, 0xFFB7, 0xFEF3, 0xFED3, 0xFED3, 0xFEB2, 0xFEB2, 0xFED2, 0xFED2, 0xFEF3, 0xFEF3,
    0xFF13, 0xFEF3, 0xFED2, 0xFED2, 0xFED2, 0xFED3, 0xFEF3, 0xFF13, 0xFEF3, 0xFEF3, 0xFEF3, 0xFEF3, 0xFEF3, 0xFEF3, 0xFF13, 0xFFB7,
    0x9326, 0xABEB, 0xFF59, 0xF6D7, 0xEE96, 0xE656, 0xE656, 0xE656, 0xE635, 0xDDF4, 0xDE14, 0xDDF3, 0xCD71, 0xCD50, 0xCD30, 0xCD0F,
    0x7A45, 0x81E2, 0xCC28, 0xC428, 0xC428, 0xCC49, 0xD4CA, 0xD4CA, 0xD4EA, 0xD4EA, 0xD4EA, 0xD4EA, 0xD4CA, 0xD4A9, 0xCC27, 0xC3E6,
    0xC3C6, 0xC3C6, 0xD4A9, 0xE50A, 0xDCEA, 0xDCCA, 0xDCA9, 0xED6C, 0xFE91, 0xF671, 0xF651, 0xF671, 0xFE71, 0xF671, 0xF671, 0xF671,
    0xF691, 0xFE92, 0xFE92, 0xFE92, 0xFE92, 0xFE92, 0xFE92, 0xFEB2, 0xFEB2, 0xFEB2, 0xFEB2, 0xFED3, 0xFF15, 0xFF36, 0xF6F4, 0xEE32,
    0xF632, 0xF632, 0xCCCD, 0xEE52, 0xF692, 0xF6D4, 0xF672, 0xF630, 0xF630, 0xF630, 0xEDAD, 0xEDEE, 0xFE70, 0xFE4F, 0xFE91, 0xFEF4,
    0xFEF3, 0xFED3, 0xF692, 0xF672, 0xE5CF, 0xDD2D, 0xEDCF, 0xEDEF, 0xEE52, 0xF6B5, 0xFF38, 0xFF79, 0xFFDA, 0xFFDA, 0xFFFA, 0xFFFA,
    0xFFFA, 0xFFFA, 0xFFBA, 0xFFBA, 0xFFBA, 0xFFBA, 0xFFBA, 0xFFBA, 0xFFBA, 0xFFDA, 0xFFDA, 0xFF78, 0xFF16, 0xFF36, 0xFF16, 0xFEF5,
    0xFEF5, 0xFF37, 0xFF79, 0xF737, 0xF6D6, 0xF695, 0xF695, 0xF6B5, 0xF695, 0xF674, 0xEE73, 0xEE73, 0xEE73, 0xEE32, 0xE5F1, 0xEE11,
    0xEE11, 0xEE53, 0xEE53, 0xEE53, 0xEE53, 0xEE73, 0xEE73, 0xEE74, 0xE633, 0xE614, 0xE634, 0xE655, 0xF6B7, 0xB44D, 0x5100, 0x8264,
    0x8264, 0x8264, 0x8AA5, 0xABC9, 0xABEA, 0xB3EA, 0x9306, 0x8A84, 0x92C5, 0x9B06, 0x9B06, 0x9B26, 0x9B26, 0x9B26, 0xA327, 0x9B07,
    0xA347, 0xB388, 0xAB87, 0xAB87, 0xB3A8, 0xC429, 0xCC29, 0xCC29, 0xC429, 0xCC49, 0xCC69, 0xCC69, 0xCC4A, 0xCC4A, 0xBBE9, 0xB3C9,
    0xB3EA, 0xB3E9, 0xB3C9, 0xABA8, 0xABA8, 0xB3A8, 0xABA8, 0xABA8, 0xAB88, 0xB3C8, 0xBC09, 0xBC29, 0xC42A, 0xC46A, 0xC46A, 0xC46A,
    0xCC6B, 0xC46A, 0xC44A, 0xC44A, 0xBC4A, 0xCC8B, 0x9B27, 0x9306, 0xE631, 0xEE51, 0xFED2, 0xFED3, 0xFED3, 0xFED3, 0xFF35, 0xFFBA,
    0xFFFA, 0xFFFA, 0xFFFB, 0xFFFB, 0xFFFA, 0xFFD9, 0xFF97, 0xFED3, 0xFEB2, 0xFEB2, 0xFED2, 0xFED2, 0xFEF2, 0xFF13, 0xFEF3, 0xFED3,
    0xFED2, 0xFED2, 0xFED2, 0xFED2, 0xFED2, 0xFED2, 0xFED3, 0xFED2, 0xFED2, 0xFEF3, 0xFEF3, 0xFEF3, 0xFEF3, 0xFEF3, 0xFF13, 0xFF96,
    0x9306, 0xB44C, 0xFFBB, 0xF6D7, 0xEE96, 0xE656, 0xE656, 0xE656, 0xE656, 0xD5D3, 0xCD92, 0xCD92, 0xCD71, 0xCD30, 0xC4EF, 0xC4CD,
    0x8245, 0x8203, 0xCC49, 0xC428, 0xC428, 0xCC49, 0xDCCA, 0xD4CA, 0xDCCA, 0xD4CA, 0xD4CA, 0xD4CA, 0xD468, 0xC3E7, 0xCBE7, 0xCC07,
    0xDCA9, 0xD4A9, 0xDCEA, 0xDCEA, 0xDCEA, 0xDCEA, 0xDCEA, 0xE4EA, 0xDCEB, 0xEDEF, 0xFEB2, 0xFE92, 0xFE92, 0xF691, 0xFE92, 0xFE92,
    0xEDCE, 0xED8D, 0xEDEE, 0xEDEF, 0xEDEF, 0xEDEF, 0xEDEF, 0xEDEF, 0xF610, 0xEE30, 0xF692, 0xFEF4, 0xFF16, 0xFF36, 0xF693, 0xEDB1,
    0xEE32, 0xFF36, 0xFED4, 0xF692, 0xF672, 0xF672, 0xF651, 0xF650, 0xF60F, 0xE56D, 0xED8D, 0xF650, 0xFED3, 0xFED4, 0xFF16, 0xFF37,
    0xFF37, 0xFF57, 0xF716, 0xF6D4, 0xE5D0, 0xDCED, 0xCCCC, 0xCCAB, 0xEE11, 0xF6B6, 0xFF99, 0xFFBA, 0xFFBA, 0xFFBA, 0xFFDA, 0xFFDA,
    0xFFDA, 0xFFBA, 0xFFBA, 0xFFBA, 0xFFBA, 0xFFDA, 0xFFDA, 0xFFDA, 0xFF99, 0xFF58, 0xFF58, 0xFF58, 0xFF37, 0xFF37, 0xFF37, 0xFF58,
    0xFF58, 0xF717, 0xF6F7, 0xF6B6, 0xF695, 0xF6B5, 0xF6B5, 0xF6B5, 0xF6B5, 0xF694, 0xEE53, 0xEE32, 0xEE32, 0xEE11, 0xEE32, 0xEE53,
    0xEE53, 0xEE53, 0xEE54, 0xEE54, 0xEE54, 0xEE74, 0xEE74, 0xEE74, 0xE633, 0xE614, 0xE614, 0xEE96, 0xCD31, 0x71E3, 0x8285, 0x8284,
    0x8244, 0x8244, 0x7A23, 0x8264, 0x8264, 0x9B47, 0xABC9, 0xABC9, 0xABC9, 0xA367, 0x9B27, 0x9306, 0x9306, 0x9B06, 0x9B27, 0xA327,
    0xAB67, 0xAB88, 0xAB87, 0xAB87, 0xAB67, 0xBBE8, 0xCC49, 0xCC29, 0xCC49, 0xC408, 0xBBC8, 0xC409, 0xC429, 0xC409, 0xBBE9, 0xB3C9,
    0xB3A9, 0xB3A9, 0xABA8, 0xAB88, 0xAB88, 0xA347, 0xA347, 0xA347, 0xABA8, 0xB3E9, 0xB3C8, 0xB3C8, 0xB3C8, 0xB3C8, 0xB3E8, 0xB3E8,
    0xC44A, 0xC46A, 0xC46A, 0xC46A, 0xC46A, 0xBC4A, 0xBC2A, 0xBC29, 0x8A64, 0x8285, 0xFEB2, 0xFED3, 0xFED3, 0xFED3, 0xFED4, 0xFF15,
    0xFFFB, 0xFFFA, 0xFFDA, 0xFFFA, 0xFFFB, 0xFFDA, 0xFF97, 0xFEF3, 0xFEB2, 0xFEB2, 0xFED2, 0xFED2, 0xFEB2, 0xFE91, 0xFEB1, 0xFEB1,
    0xFEB2, 0xFED2, 0xFED2, 0xFED3, 0xFED3, 0xFED3, 0xFED3, 0xFED2, 0xFED2, 0xFEF3, 0xFF13, 0xFF13, 0xFF13, 0xFF14, 0xFF14, 0xFF55,
    0xC50D, 0xAC0B, 0xCD51, 0xF6D7, 0xEE76, 0xE676, 0xE676, 0xE676, 0xE676, 0xDE15, 0xD5D3, 0xCD71, 0xCD71, 0xCD30, 0xC4CE, 0xBCAD,
    0x8245, 0x8203, 0xCC29, 0xCC29, 0xC428, 0xCC49, 0xDCCA, 0xD4CA, 0xD4A9, 0xD4AA, 0xD489, 0xCC07, 0xCC07, 0xCBE7, 0xCBE7, 0xCC28,
    0xDCCA, 0xDCCA, 0xDCCA, 0xDCCA, 0xDCAA, 0xD489, 0xD489, 0xD489, 0xDC68, 0xDCEB, 0xE56D, 0xE56D, 0xF5EF, 0xF630, 0xF630, 0xF650,
    0xE56C, 0xE4EA, 0xE50B, 0xE4EB, 0xE50B, 0xE50B, 0xE50B, 0xE50B, 0xE52C, 0xE54C, 0xEDEE, 0xF6B2, 0xFF15, 0xFF15, 0xF6F5, 0xF6F6,
    0xF737, 0xFF78, 0xFF15, 0xF692, 0xF630, 0xF651, 0xF651, 0xF650, 0xEDEF, 0xE54D, 0xEDAE, 0xFE91, 0xFEF5, 0xFF58, 0xFF58, 0xFF58,
    0xFF58, 0xFF58, 0xFF59, 0xFF79, 0xE5F1, 0xD4ED, 0xCCAC, 0xCC8C, 0xE5F1, 0xF6B5, 0xFFBA, 0xFFDA, 0xFFBA, 0xFFBA, 0xFFBA, 0xFFBA,
    0xFFBA, 0xFFBA, 0xFFBA, 0xFFBA, 0xFFBA, 0xFF9A, 0xFF99, 0xFF99, 0xFF79, 0xFF38, 0xFF38, 0xFF38, 0xFF58, 0xFF99, 0xFF79, 0xF738,
    0xF717, 0xF6B6, 0xF6B6, 0xF6B6, 0xF6B6, 0xF6B6, 0xF6B5, 0xEE74, 0xEE53, 0xEE53, 0xEE32, 0xEE11, 0xEE11, 0xEE31, 0xEE32, 0xEE53,
    0xEE53, 0xEE74, 0xEE74, 0xEE53, 0xEE53, 0xEE53, 0xEE53, 0xEE74, 0xE613, 0xE634, 0xEE55, 0xF6D7, 0xCD30, 0x6961, 0x92E6, 0x92E5,
    0x8AA5, 0x7A23, 0x7A24, 0x7A23, 0x7A23, 0x7A23, 0x8284, 0x8AC5, 0x8AC5, 0xABA9, 0xABC9, 0xABA8, 0xABA9, 0xAB88, 0x9B06, 0x9B06,
    0x9B26, 0x9B06, 0xAB67, 0xC409, 0xBBE8, 0xC429, 0xCC49, 0xCC29, 0xC428, 0xBBA8, 0xAB67, 0xB387, 0xB3A8, 0xB3A8, 0xB3A8, 0xAB88,
    0xAB68, 0xAB88, 0xAB88, 0xAB88, 0xA347, 0x9B26, 0x9B26, 0x9B06, 0xA367, 0xA388, 0xA387, 0xABA8, 0xB3A8, 0xB3A8, 0xB3A8, 0xB3A8,
    0xB3C8, 0xB3E9, 0xB3E9, 0xB3E9, 0xB3E9, 0xBC09, 0xBC09, 0xBC29, 0x9B06, 0x8284, 0xFEB2, 0xFEB3, 0xFEB2, 0xFEB3, 0xFEB3, 0xFEB2,
    0xFFFA, 0xFFFA, 0xFFFA, 0xFFFA, 0xFFFA, 0xFFFB, 0xFFD9, 0xFF34, 0xFED2, 0xFEB2, 0xFEB2, 0xFEB2, 0xFEB2, 0xFE91, 0xFED2, 0xFEB2,
    0xFED2, 0xFEF3, 0xFEF3, 0xFEF3, 0xFEF3, 0xFEF3, 0xFEF3, 0xFEF2, 0xFED2, 0xFEF3, 0xFEF3, 0xFF13, 0xFF14, 0xFF14, 0xFF14, 0xFF13,
    0xFFD6, 0xB46B, 0x9B07, 0xF6D7, 0xEE76, 0xEE76, 0xE676, 0xE676, 0xE676, 0xE676, 0xE635, 0xCD71, 0xCD71, 0xCD71, 0xC4CE, 0xBCAD,
    0x8224, 0x8223, 0xCC69, 0xCC29, 0xC428, 0xCC49, 0xDCCA, 0xD4CA, 0xD469, 0xD469, 0xD468, 0xC3E7, 0xC3E7, 0xC3C7, 0xCC28, 0xDCCA,
    0xDCCA, 0xDCCA, 0xDCCA, 0xDCCA, 0xDCA9, 0xD489, 0xD489, 0xD489, 0xDC89, 0xDC89, 0xDC88, 0xDC89, 0xDCA9, 0xDCCA, 0xE4CA, 0xE4EA,
    0xE50B, 0xE50B, 0xE50B, 0xE50B, 0xE50B, 0xE50B, 0xE50B, 0xED4B, 0xED8C, 0xF58C, 0xED8C, 0xF60F, 0xF692, 0xFF15, 0xFF98, 0xFFFA,
    0xFFDA, 0xFF16, 0xFF36, 0xF692, 0xEDCF, 0xEE10, 0xF671, 0xF630, 0xDD4D, 0xDD2D, 0xEDCE, 0xFE91, 0xFEF5, 0xFF38, 0xFF58, 0xFF58,
    0xFF79, 0xFF79, 0xFF79, 0xFF38, 0xE5F1, 0xD50E, 0xCCCD, 0xCCAC, 0xE653, 0xF717, 0xFF99, 0xFFDB, 0xFFDA, 0xFFBA, 0xFFBA, 0xFFBA,
    0xFFBA, 0xFFBA, 0xFFBA, 0xFFDA, 0xFF79, 0xF717, 0xF737, 0xF737, 0xFF37, 0xFF38, 0xF738, 0xFF79, 0xFF59, 0xF738, 0xF717, 0xF6B6,
    0xF6B6, 0xF6B6, 0xF6D6, 0xEEB6, 0xF6B6, 0xF6B6, 0xF6B5, 0xEE54, 0xE612, 0xEE12, 0xEE12, 0xEE32, 0xEE32, 0xEE32, 0xEE32, 0xEE53,
    0xEE53, 0xEE53, 0xEE53, 0xEE52, 0xEE52, 0xEE32, 0xEE52, 0xE633, 0xE5F3, 0xEE55, 0xF6B6, 0xFF18, 0xCD51, 0x7182, 0x92E5, 0x9306,
    0x8AA5, 0x7203, 0x7A44, 0x7A44, 0x7A44, 0x7A44, 0x8264, 0x8AA5, 0x8AC5, 0x8AC5, 0x92E6, 0xA368, 0xA388, 0xA388, 0xA388, 0xA368,
    0xA327, 0xA327, 0xAB67, 0xBC09, 0xBC09, 0xBC09, 0xC409, 0xC408, 0xBBA7, 0xAB47, 0xAB47, 0xAB47, 0xAB67, 0xAB67, 0xAB67, 0xAB88,
    0xAB88, 0xAB67, 0xAB67, 0xA367, 0x9B26, 0x9B26, 0x9B26, 0x9B26, 0x9B26, 0x9B26, 0x9306, 0xA367, 0xB3C8, 0xB3C8, 0xB3C8, 0xB3C8,
    0xB3C8, 0xABA8, 0xABA8, 0xABA8, 0xABA8, 0xBC09, 0xBC2A, 0xBC29, 0x9B06, 0x8AA5, 0xFEB2, 0xFEB2, 0xFEB2, 0xFEB3, 0xFEB3, 0xFEB3,
    0xFFFB, 0xFFFB, 0xFFFB, 0xFFFB, 0xFFFA, 0xFFFA, 0xFFD9, 0xFF34, 0xFED2, 0xFEB2, 0xFEB2, 0xFED3, 0xFF13, 0xFED2, 0xFED2, 0xFED2,
    0xFEF3, 0xFF13, 0xFEF3, 0xFEF3, 0xFEF3, 0xFEF3, 0xFEF3, 0xFED2, 0xFED2, 0xFED2, 0xFEF3, 0xFF13, 0xFF14, 0xFF14, 0xFF14, 0xFF14,
    0xFF75, 0xBC4B, 0xA369, 0xF6F7, 0xEE76, 0xEE76, 0xEE76, 0xE676, 0xE676, 0xE656, 0xDE15, 0xCD71, 0xCD71, 0xCD71, 0xCD50, 0xC4CE,
    0x8AA6, 0x79E3, 0xA2E5, 0xCC49, 0xCC69, 0xD489, 0xD4AA, 0xD4AA, 0xD489, 0xD489, 0xD468, 0xC407, 0xCC08, 0xCC08, 0xCC28, 0xD448,
    0xDCEA, 0xE50B, 0xE50B, 0xDCAA, 0xD489, 0xD489, 0xD489, 0xD489, 0xD489, 0xDC89, 0xDC89, 0xDCA9, 0xDCAA, 0xDCCA, 0xDCCA, 0xE4EA,
    0xE4EA, 0xE4EB, 0xE4EA, 0xED4C, 0xED8C, 0xED8D, 0xED8D, 0xED8C, 0xED8C, 0xEDCE, 0xEDEE, 0xF651, 0xF6B4, 0xFF98, 0xFFDA, 0xFFDA,
    0xFFBA, 0xFF78, 0xFF57, 0xF6B3, 0xEDCF, 0xEE31, 0xF631, 0xEDCF, 0xDD2D, 0xDD0D, 0xDD0D, 0xE5F0, 0xFF36, 0xFF58, 0xFF38, 0xFF38,
    0xFF38, 0xFF38, 0xF6D6, 0xE530, 0xDBEB, 0xD38A, 0xCBAA, 0xCCAD, 0xF6D7, 0xF718, 0xF779, 0xFFDB, 0xFFDB, 0xFFDB, 0xFFDB, 0xFFBB,
    0xFFBB, 0xFFBA, 0xFFBA, 0xFFBA, 0xFF58, 0xF718, 0xF718, 0xF717, 0xF738, 0xFF99, 0xFFBA, 0xF758, 0xF6F7, 0xF6D6, 0xF6D6, 0xF6D7,
    0xF6D6, 0xF6D6, 0xF6D6, 0xF6D6, 0xF6B6, 0xF695, 0xEE74, 0xEE33, 0xE612, 0xE612, 0xE5F1, 0xE611, 0xEE31, 0xEE11, 0xE611, 0xEE32,
    0xEE12, 0xE5F1, 0xE611, 0xE611, 0xE611, 0xE611, 0xE611, 0xE5F2, 0xDDB3, 0xE614, 0xEE96, 0x9B8A, 0x71C2, 0x79A1, 0x8263, 0x8A84,
    0x7A23, 0x6181, 0x69A1, 0x69A2, 0x71C2, 0x71E2, 0x7202, 0x7A43, 0x8243, 0x8AA5, 0x92E6, 0x92E6, 0x92E6, 0x92E6, 0xA368, 0xA368,
    0xA327, 0xA327, 0xA327, 0xA326, 0xAB47, 0xAB67, 0xB387, 0xC409, 0xBBC8, 0xB387, 0xB3A8, 0xB3A8, 0xB3A7, 0xAB46, 0xA347, 0xA367,
    0xA367, 0x9B26, 0x92E5, 0x9AE5, 0x9B06, 0x9B26, 0x9B06, 0x9B26, 0x9B26, 0x9B26, 0x9B26, 0xA347, 0xAB87, 0xABA8, 0xB3C8, 0xB3C8,
    0xBC09, 0xB3E8, 0xABA8, 0xABA8, 0xABA8, 0xABC8, 0xABC8, 0xB3E9, 0x92C6, 0x8285, 0xFF14, 0xFEF3, 0xFEB2, 0xFEB3, 0xFEB3, 0xFEB3,
    0xFFFB, 0xFFFB, 0xFFFB, 0xFFFA, 0xFFD9, 0xFFFA, 0xFFD9, 0xFF55, 0xFEF3, 0xFEB2, 0xFED2, 0xFEF3, 0xFEF3, 0xFED2, 0xFED2, 0xFED2,
    0xFEF3, 0xFEF3, 0xFEF3, 0xFEF3, 0xFEF3, 0xFEF3, 0xFEF3, 0xFEF3, 0xFEF3, 0xFEF3, 0xFEF3, 0xFEF3, 0xFF13, 0xFF14, 0xFF14, 0xFEF3,
    0xFF75, 0xBC6B, 0xAB89, 0xEE75, 0xE656, 0xE676, 0xEE76, 0xEE76, 0xE676, 0xE635, 0xD592, 0xCD71, 0xCD71, 0xCD71, 0xCD91, 0xC4EF,
    0xCCEE, 0xA389, 0x79E2, 0xCC8A, 0xD4AA, 0xD4CA, 0xD4AA, 0xD48A, 0xCC48, 0xD448, 0xCC48, 0xCC28, 0xCC28, 0xCC28, 0xCC28, 0xCC28,
    0xDCEA, 0xE50B, 0xE50B, 0xDCEA, 0xDCEA, 0xE50B, 0xE50B, 0xE50B, 0xDCCA, 0xDCCA, 0xDCCA, 0xDCCA, 0xDCCA, 0xDCCA, 0xE4EA, 0xE4EB,
    0xED8C, 0xEDAD, 0xEDAD, 0xEDCD, 0xF5EE, 0xF5ED, 0xF5EE, 0xF60E, 0xEDCE, 0xF692, 0xFF56, 0xFF57, 0xFF98, 0xFFBA, 0xFFBA, 0xFFDA,
    0xFFDB, 0xFFFB, 0xFF58, 0xFEF5, 0xF693, 0xF6D5, 0xF652, 0xE5AF, 0xDD2D, 0xD4CC, 0xD4CC, 0xE58F, 0xFED5, 0xFE96, 0xF635, 0xF634,
    0xF614, 0xED92, 0xDBEC, 0xDB4A, 0xDB09, 0xDB09, 0xDB29, 0xD4AD, 0xD570, 0xC4CE, 0xFFFC, 0xFFDC, 0xFFDB, 0xFFDB, 0xFFDB, 0xFFDB,
    0xFFDB, 0xFFDB, 0xFFDB, 0xF738, 0xF6F7, 0xF717, 0xFF59, 0xFF59, 0xFF59, 0xF738, 0xF758, 0xF6D7, 0xF6D6, 0xF6F7, 0xF6D7, 0xF6D7,
    0xF6D6, 0xF6D6, 0xF6D6, 0xF6D6, 0xF6D6, 0xEE94, 0xE5F2, 0xEE33, 0xEE74, 0xEE54, 0xEE54, 0xEE74, 0xEE94, 0xF6B5, 0xF6B5, 0xF6D6,
    0xF6F6, 0xF6D6, 0xF6D6, 0xF6D6, 0xF6D6, 0xF6D6, 0xF6D6, 0xF6B6, 0xE696, 0xEEB7, 0xFF9A, 0xC510, 0xABEB, 0xC4EE, 0xC4CE, 0xC4EE,
    0xBCCE, 0xB44D, 0xB46C, 0xB44C, 0xB46C, 0xB46C, 0xB44C, 0xB44C, 0xBC6C, 0x9B47, 0x8A84, 0x8AC5, 0x8AC5, 0x92E6, 0x92E6, 0x9AE6,
    0x9B06, 0x9B06, 0x9B26, 0xA326, 0xAB47, 0xAB67, 0xAB67, 0xB387, 0xBBC8, 0xBBE8, 0xBBE8, 0xBBE8, 0xBBC8, 0xAB47, 0xAB67, 0xA346,
    0xA346, 0xA326, 0x9B26, 0x9B06, 0x9B26, 0xA367, 0xA367, 0x9B26, 0x9B26, 0xA367, 0xABA8, 0xAB88, 0xABA8, 0xB3C8, 0xBC09, 0xBC09,
    0xBC09, 0xBC09, 0xB3E8, 0xABA8, 0xABA8, 0xABA8, 0xABA8, 0xB3C9, 0x9B06, 0x8AA5, 0xCD2E, 0xDDAF, 0xFEB3, 0xFEB2, 0xFEB3, 0xFEF4,
    0xFFFA, 0xFFFA, 0xFFD9, 0xFFD9, 0xFFD9, 0xFFFA, 0xFFB9, 0xFF35, 0xFEF3, 0xFEF3, 0xFEF2, 0xFED2, 0xFED2, 0xFED2, 0xFED2, 0xFEB2,
    0xFED2, 0xFED2, 0xFEF3, 0xFEF3, 0xFED2, 0xFED2, 0xFED3, 0xFEF3, 0xFEF3, 0xFEF3, 0xFEF3, 0xFEF3, 0xFEF3, 0xFEF3, 0xFF13, 0xFF13,
    0xFEF3, 0xFEF3, 0xE611, 0x92C6, 0xDDD4, 0xEE77, 0xE656, 0xDE15, 0xDE15, 0xDDF4, 0xCD71, 0xCD71, 0xCD71, 0xCD71, 0xCD91, 0xC4EF,
    0xC4EF, 0xA3AA, 0x8203, 0xD4AA, 0xD4CA, 0xD4AA, 0xD4AA, 0xD4AA, 0xCC28, 0xCC08, 0xCC28, 0xCC28, 0xCC28, 0xCC28, 0xCC28, 0xD469,
    0xE50A, 0xE50B, 0xE50B, 0xE50B, 0xE50B, 0xE52B, 0xE52B, 0xE52B, 0xE56C, 0xEDCD, 0xF5EE, 0xF5EE, 0xF5EE, 0xF5EE, 0xF5CE, 0xF5EE,
    0xF60E, 0xF60E, 0xF60F, 0xF5EE, 0xF5EE, 0xEDEE, 0xF60F, 0xFED2, 0xFED3, 0xFED3, 0xFF98, 0xFFB9, 0xFFB9, 0xFFBA, 0xFFDA, 0xFFDB,
    0xFFDB, 0xFFDB, 0xFF9A, 0xFF37, 0xFF37, 0xF737, 0xEE94, 0xE5F1, 0xDD4E, 0xCCCC, 0xD4ED, 0xED2F, 0xF591, 0xE4AE, 0xD329, 0xDB29,
    0xDB29, 0xD329, 0xDAE9, 0xDB09, 0xE329, 0xE32A, 0xDB29, 0xB308, 0xB3AA, 0xD531, 0xFFDC, 0xFFFC, 0xFFDB, 0xFFDB, 0xFFDB, 0xFFBA,
    0xFF9A, 0xFFBA, 0xFFBA, 0xFF99, 0xFF79, 0xFF79, 0xF738, 0xF738, 0xF738, 0xEEB6, 0xEE96, 0xF6D6, 0xF6D6, 0xF6D6, 0xF6D6, 0xF6B6,
    0xEE96, 0xEE96, 0xEEB6, 0xEEB5, 0xEE95, 0xEE75, 0xEE54, 0xF6F6, 0xFF38, 0xFF38, 0xFF38, 0xFF37, 0xF717, 0xF6D6, 0xF6D6, 0xF6F6,
    0xF6D6, 0xF6F6, 0xF6D6, 0xF6D6, 0xF6D6, 0xF6D6, 0xF6D6, 0xF6D7, 0xF6F8, 0xF6F7, 0xAC2D, 0xAC0B, 0xC4CD, 0xBC6D, 0xB44C, 0xB44C,
    0xB46C, 0xAC2B, 0xAC0B, 0xAC0B, 0xAC0B, 0xAC2C, 0xB44C, 0xB48D, 0xBC8D, 0xABEA, 0xA3A8, 0xABC9, 0xABA9, 0x92E5, 0x92C5, 0x92E5,
    0x9B06, 0x9B26, 0x9B26, 0xA326, 0xAB67, 0xAB67, 0xAB67, 0xAB67, 0xB387, 0xB387, 0xB387, 0xB3A7, 0xB3A8, 0xBBA8, 0xBBC8, 0xB387,
    0xAB67, 0xAB47, 0xA326, 0x9B26, 0x9B26, 0x9B26, 0x9B26, 0x9B27, 0x9B26, 0x9B46, 0xA346, 0xA326, 0xB3C8, 0xBC0A, 0xBC09, 0xC42A,
    0xBC09, 0xBC09, 0xBC09, 0xBC09, 0xBC0A, 0xBC0A, 0xB3C9, 0xABC8, 0xABC9, 0xB40A, 0x79E3, 0xA368, 0xFEF4, 0xFEB3, 0xFEB3, 0xFEF5,
    0xFFDA, 0xFFD9, 0xFFB9, 0xFFB9, 0xFFD9, 0xFFFA, 0xFFD9, 0xFF97, 0xFF34, 0xFED2, 0xFED2, 0xFED2, 0xFED2, 0xFED2, 0xFED2, 0xFEB2,
    0xFED2, 0xFED2, 0xFED2, 0xFED2, 0xFED2, 0xFED3, 0xFED3, 0xFEF3, 0xFEF3, 0xFF13, 0xFEF3, 0xFEF3, 0xFEF3, 0xFEF3, 0xFF13, 0xFF14,
    0xFEF3, 0xFF34, 0xEE51, 0x8A44, 0xE634, 0xF6D8, 0xE656, 0xDDF4, 0xDDF4, 0xDDF4, 0xCD91, 0xCD91, 0xCD71, 0xCD71, 0xD591, 0xC4EF,
    0xC4CF, 0xA38A, 0x8203, 0xD4CA, 0xD4CB, 0xD4AA, 0xD4AA, 0xD4AA, 0xD469, 0xD469, 0xD469, 0xCC48, 0xCC28, 0xCC28, 0xCC48, 0xE52B,
    0xE52B, 0xE50B, 0xE52B, 0xE52B, 0xE52B, 0xE52B, 0xED6C, 0xED8D, 0xEDAD, 0xEDAD, 0xF60E, 0xF62F, 0xF62F, 0xF62F, 0xF64F, 0xFE70,
    0xFE70, 0xFE90, 0xFE91, 0xFE91, 0xFEB1, 0xFF13, 0xFEF4, 0xFF14, 0xFF35, 0xFF35, 0xFF56, 0xFF77, 0xFF99, 0xFFBA, 0xFFBA, 0xFFDB,
    0xFFDB, 0xFFDB, 0xFFDB, 0xFFDB, 0xFFBB, 0xFFBA, 0xF717, 0xF6D6, 0xE633, 0xC46B, 0xDC8C, 0xE3AA, 0xE34A, 0xE349, 0xE309, 0xDB09,
    0xDB09, 0xDAE9, 0xE309, 0xE329, 0xCAA8, 0xCAA8, 0xCAC8, 0x8922, 0xD510, 0xFFFD, 0xFFDC, 0xFFFC, 0xFFDC, 0xFFDC, 0xFFDC, 0xF759,
    0xF718, 0xF717, 0xFF37, 0xF6D6, 0xF6F7, 0xF717, 0xE654, 0xEE54, 0xF6B6, 0xF717, 0xF717, 0xF718, 0xF718, 0xFF38, 0xF759, 0xF759,
    0xF779, 0xF759, 0xF738, 0xF738, 0xF717, 0xF718, 0xF737, 0xEE33, 0xE5D0, 0xE5F1, 0xE5F1, 0xE5F1, 0xE5F1, 0xE5F1, 0xE5F1, 0xE5F1,
    0xE611, 0xE5F1, 0xE5F1, 0xE5F1, 0xE611, 0xE612, 0xE612, 0xE633, 0xE635, 0xF6B6, 0x7A25, 0x9AA4, 0xCC48, 0x92A4, 0x79E2, 0x7A22,
    0x7A23, 0x7A02, 0x6181, 0x5961, 0x5961, 0x61A2, 0x69E2, 0x7A23, 0x7202, 0xA3A8, 0xCD2E, 0xC4AC, 0xCCED, 0xB3E9, 0xA367, 0xA388,
    0x92E6, 0x9AE6, 0x9B26, 0xA326, 0xAB87, 0xB387, 0xB387, 0xB367, 0xB367, 0xB367, 0xB367, 0xB367, 0xB367, 0xAB67, 0xAB47, 0xAB67,
    0xB387, 0xAB87, 0xAB67, 0xA347, 0xA326, 0x9B26, 0x9B46, 0x9B46, 0x9B26, 0x9B47, 0x9B47, 0xA347, 0xAB47, 0xAB67, 0xB3A8, 0xBC09,
    0xBC09, 0xBBE9, 0xBBE9, 0xBBE9, 0xBC09, 0xBC09, 0xB3E9, 0xABA8, 0xABC9, 0xB3E9, 0x8223, 0xABC9, 0xFEF3, 0xFEB3, 0xFEB3, 0xFEF5,
    0xFFD9, 0xFFD9, 0xFFD9, 0xFFD9, 0xFFD9, 0xFFDA, 0xFFDA, 0xFFDA, 0xFF76, 0xFED3, 0xFEF3, 0xFED2, 0xFEB2, 0xFEB2, 0xFEB2, 0xFEB2,
    0xFEB2, 0xFEB2, 0xFEB2, 0xFEB2, 0xFEB2, 0xFED2, 0xFED3, 0xFEF3, 0xFF13, 0xFEF3, 0xFEF3, 0xFEF3, 0xFEF3, 0xFEF3, 0xFEF3, 0xFF14,
    0xFEF3, 0xFF34, 0xF671, 0xA347, 0xB44C, 0xAC4D, 0xEE96, 0xE655, 0xDE14, 0xDDF4, 0xD5D3, 0xCD91, 0xCD71, 0xCD71, 0xD592, 0xC4EF,
    0xC4CF, 0xA389, 0x8223, 0xD4CA, 0xD4CA, 0xD4AA, 0xD4AA, 0xD4AA, 0xD4AA, 0xD4AA, 0xD4AA, 0xD489, 0xCC28, 0xCC28, 0xCC48, 0xDCEA,
    0xE52B, 0xE58C, 0xEDAD, 0xEDAD, 0xEDAE, 0xEDCE, 0xEDCE, 0xEDCE, 0xEDEE, 0xF5EE, 0xF5EE, 0xF60F, 0xF60E, 0xF62F, 0xFE30, 0xFE50,
    0xFE70, 0xFE70, 0xFE71, 0xFE90, 0xFEB2, 0xFF35, 0xFF36, 0xFF36, 0xFF76, 0xFF77, 0xFF77, 0xFF98, 0xFFDA, 0xFFBA, 0xFFDA, 0xFFDB,
    0xFFDB, 0xFFDB, 0xFFDB, 0xFFFC, 0xFFDC, 0xFFFC, 0xFF9B, 0xF759, 0xEEF7, 0xCBEB, 0xDB6A, 0xE36A, 0xEB6A, 0xEB4A, 0xE34A, 0xE309,
    0xE309, 0xDAE9, 0xEB4A, 0xCAA8, 0x6041, 0x5800, 0xAA66, 0xE530, 0xF6D7, 0xFFFC, 0xFFFC, 0xFFFC, 0xFFDC, 0xFFDC, 0xFFFC, 0xFFFC,
    0xFFBB, 0xF717, 0xF717, 0xF6D6, 0xF738, 0xFF58, 0xF6F7, 0xF717, 0xF6F7, 0xF717, 0xF717, 0xF717, 0xF718, 0xF717, 0xEEB6, 0xEEB6,
    0xEEB5, 0xEE54, 0xE612, 0xE5F2, 0xDDD1, 0xDDD1, 0xE5D1, 0xE5D0, 0xE5D0, 0xE5D0, 0xE5F1, 0xE5F1, 0xEE11, 0xEE32, 0xEE32, 0xEE32,
    0xEE32, 0xEE32, 0xEE32, 0xEE32, 0xE632, 0xEE54, 0xEE75, 0xEE75, 0xF6B7, 0xDDD3, 0x7A45, 0xAB46, 0xDCAA, 0xA326, 0x8A64, 0x8AA4,
    0x8AA4, 0x8AA5, 0x71E3, 0x69E3, 0x69E3, 0x7203, 0x7A44, 0x8285, 0x8AA5, 0x8285, 0x8264, 0x7A44, 0x9327, 0xCCEE, 0xC4CD, 0xC4CD,
    0xB3E9, 0xB3C9, 0x9B26, 0x9AE5, 0xA326, 0xAB66, 0xAB67, 0xB367, 0xB367, 0xB367, 0xB367, 0xB367, 0xAB67, 0xAB47, 0xAB46, 0xAB46,
    0xB387, 0xB388, 0xAB67, 0xAB87, 0xB3A8, 0xB3A8, 0xB3A8, 0xB3A8, 0xAB67, 0x9B26, 0xA347, 0xA347, 0xAB67, 0xAB67, 0xAB67, 0xB3A8,
    0xBC09, 0xBBE9, 0xB3C8, 0xB3A8, 0xB3E9, 0xBC09, 0xB3C9, 0xABA8, 0xABA8, 0xB3E9, 0x79E2, 0xB40A, 0xFF75, 0xFEB2, 0xFEB3, 0xFEF4,
    0xFFD9, 0xFFD9, 0xFFD9, 0xFFD9, 0xFFD9, 0xFFD9, 0xFFD9, 0xFFDA, 0xFF76, 0xFEF3, 0xFED3, 0xFED2, 0xFED2, 0xFEB2, 0xFEB1, 0xFEB1,
    0xFE91, 0xFE71, 0xFE71, 0xFE91, 0xFEB1, 0xFEB2, 0xFED3, 0xFED3, 0xFEF3, 0xFEF3, 0xFEF3, 0xFEF3, 0xFEF3, 0xFEF3, 0xFEF3, 0xFEF3,
    0xFEF3, 0xFF13, 0xFF13, 0xFF55, 0xDDF1, 0x7A44, 0xF6F8, 0xFF7A, 0xE655, 0xD5F3, 0xDDF4, 0xD5D3, 0xD5D3, 0xD592, 0xCD92, 0xCD51,
    0xCD51, 0xA3AA, 0x8203, 0xD4CA, 0xD4AA, 0xD4AA, 0xD4AA, 0xD4AA, 0xD48A, 0xD48A, 0xD489, 0xCC48, 0xCC48, 0xD448, 0xD449, 0xCC49,
    0xDCEA, 0xE58D, 0xEDCE, 0xEDCE, 0xEDCE, 0xEDCE, 0xEDCE, 0xEDCE, 0xFE71, 0xFE91, 0xF691, 0xFE91, 0xF691, 0xFEB1, 0xFEB1, 0xFEB1,
    0xFEB1, 0xFEB2, 0xFED3, 0xFED3, 0xFED3, 0xFF77, 0xFF98, 0xFF98, 0xFF98, 0xFF98, 0xFF98, 0xFFDA, 0xFFDB, 0xFFDB, 0xFFDB, 0xFFDB,
    0xFFFC, 0xFFFC, 0xFFFC, 0xFFDC, 0xFFDB, 0xFFFC, 0xF759, 0xD592, 0xCD0F, 0xD46C, 0xE38B, 0xDB4A, 0xCB29, 0xCB09, 0xDB2A, 0xE32A,
    0xE2E9, 0xDAE9, 0xEB4A, 0x8964, 0x5881, 0xAA67, 0xD4AF, 0xFF79, 0xFF7A, 0xFFBB, 0xFFFC, 0xFFFC, 0xFFFC, 0xFFFC, 0xFFFC, 0xFFFC,
    0xFFFC, 0xFFFB, 0xFFDB, 0xFFDB, 0xFFDB, 0xFFBB, 0xFFDB, 0xFFDB, 0xF718, 0xF6B6, 0xEE95, 0xEEB5, 0xF6B6, 0xF6B5, 0xF716, 0xF737,
    0xF716, 0xEE54, 0xE612, 0xE5F1, 0xDD90, 0xDD8F, 0xDD8F, 0xDD90, 0xDDB0, 0xE5D0, 0xE5D0, 0xE5D0, 0xE5F1, 0xEE32, 0xEE32, 0xEE32,
    0xEE32, 0xEE32, 0xEE32, 0xEE32, 0xEE32, 0xEE54, 0xEE76, 0xE655, 0xD592, 0x7204, 0x8A43, 0xCC49, 0xCC49, 0xCC29, 0xB3A7, 0x8A64,
    0x8A84, 0x8A84, 0x7223, 0x69E3, 0x69C2, 0x69C2, 0x69E2, 0x7203, 0x7A24, 0x8264, 0x92E6, 0x92C6, 0x92C5, 0x8AA5, 0x8AA5, 0x8AC5,
    0xC4CD, 0xCD0D, 0xBC4A, 0xB3C8, 0xAB87, 0xA305, 0xA326, 0xAB46, 0xB367, 0xB367, 0xB367, 0xB367, 0xB387, 0xB387, 0xB367, 0xB367,
    0xB3A8, 0xB387, 0xAB47, 0xB387, 0xBBC8, 0xBBC9, 0xBBC8, 0xBBC8, 0xB3A8, 0xAB87, 0xAB88, 0xAB67, 0xA347, 0xAB67, 0xAB67, 0xB3C8,
    0xBC09, 0xBC09, 0xBC09, 0xB3C9, 0xABA8, 0xAB88, 0xABA8, 0xAB88, 0xABA8, 0xABC9, 0x8A84, 0x9B27, 0xBC8C, 0xF693, 0xFED3, 0xFEF4,
    0xFFD9, 0xFFD9, 0xFFD9, 0xFFB9, 0xFFD9, 0xFFDA, 0xFFD9, 0xFFD9, 0xFF76, 0xFED3, 0xFEB2, 0xFEB2, 0xFEB2, 0xFED2, 0xFEB2, 0xFEB1,
    0xFE91, 0xFEB2, 0xFED2, 0xFEF3, 0xFF13, 0xFF14, 0xFF14, 0xFF13, 0xFEF3, 0xFEF3, 0xFF13, 0xFEF3, 0xFEF3, 0xFF14, 0xFF14, 0xFED3,
    0xFED3, 0xFEF3, 0xFEF3, 0xFF34, 0xEE51, 0x8A85, 0xF718, 0xFF7A, 0xE655, 0xDDF4, 0xDE14, 0xDE14, 0xDE14, 0xDDF3, 0xD592, 0xD592,
    0xDDF3, 0xAC0B, 0x8203, 0xD4EB, 0xD4CB, 0xD4AA, 0xD4CA, 0xD4AA, 0xD489, 0xD489, 0xD469, 0xCC49, 0xD449, 0xCC48, 0xD4CA, 0xE52C,
    0xDD4C, 0xE58D, 0xEDCE, 0xEDCE, 0xEDCE, 0xEDCE, 0xEDCE, 0xEDEE, 0xF650, 0xF691, 0xFED3, 0xFED3, 0xFED3, 0xFED3, 0xFEF3, 0xFEF3,
    0xFEF4, 0xFF15, 0xFF77, 0xFF77, 0xFF77, 0xFF78, 0xFF78, 0xFF78, 0xFF98, 0xFF99, 0xFF99, 0xFFB9, 0xFFDB, 0xFFFC, 0xFFFC, 0xFFDC,
    0xFFFC, 0xFFFC, 0xFFFC, 0xFFFC, 0xFFFC, 0xFFFC, 0xFFDB, 0xFF9A, 0xBCAF, 0xA267, 0xCB08, 0xA205, 0x4000, 0x4000, 0x7923, 0xE32A,
    0xE2E9, 0xDAE9, 0xEB4A, 0xC288, 0xAA67, 0xE4F0, 0xEE15, 0xFF9B, 0xFF7A, 0xFFBB, 0xFFDC, 0xFFDC, 0xFFDC, 0xFFDC, 0xFFDC, 0xFFDC,
    0xFFDB, 0xFFBB, 0xFFDB, 0xFFDB, 0xFFDB, 0xFFBB, 0xFFBB, 0xFFDB, 0xFFDB, 0xFFBA, 0xFF9A, 0xF759, 0xF6F7, 0xF6F6, 0xF6D6, 0xEEF6,
    0xEED6, 0xEE74, 0xDDF1, 0xDD8F, 0xDD8F, 0xDD6F, 0xDD6F, 0xDD6F, 0xDD8F, 0xE5D0, 0xE5D0, 0xE5D0, 0xE5F1, 0xEE32, 0xEE32, 0xEE32,
    0xEE32, 0xEE32, 0xEE32, 0xEE33, 0xEE54, 0xEE76, 0xEE96, 0xE614, 0x71E3, 0x9AC6, 0xBBC8, 0xCC49, 0xCC49, 0xD489, 0xBBC8, 0x8264,
    0x8A85, 0x8AA5, 0x8AA5, 0x71E3, 0x61C2, 0x69C2, 0x69C2, 0x7203, 0x7203, 0x8264, 0x92E6, 0x92C5, 0x8AC5, 0x92E5, 0x92C5, 0x92E5,
    0x8AC5, 0x8AA4, 0xABC9, 0xB42A, 0xB3E9, 0xBBE9, 0xBBE9, 0xB387, 0xAB46, 0xB367, 0xB367, 0xB367, 0xBBA8, 0xC3E9, 0xBBE9, 0xBBC8,
    0xBBC8, 0xBBC8, 0xBBC8, 0xBBC8, 0xBBC8, 0xBBC8, 0xBBC8, 0xBBC8, 0xBBC8, 0xB3A8, 0xB3C8, 0xB388, 0xAB67, 0xB3A8, 0xB3C8, 0xBBE9,
    0xBBE9, 0xBBE9, 0xB3E9, 0xB409, 0xABC9, 0xAB88, 0xAB88, 0xA388, 0xABA8, 0xABA8, 0xB3E9, 0x8AA5, 0x71E3, 0xF692, 0xFEF3, 0xFEF4,
    0xFFD9, 0xFFD9, 0xFFD9, 0xFFD9, 0xFFDA, 0xFFDA, 0xFFFA, 0xFFFA, 0xFF76, 0xFED3, 0xFEB2, 0xFEB2, 0xFEB2, 0xFEB2, 0xFEB2, 0xFE91,
    0xFEB2, 0xFF13, 0xFF34, 0xFF34, 0xFF34, 0xFF34, 0xFF34, 0xFF14, 0xFF13, 0xFF13, 0xFF13, 0xFF14, 0xFEF3, 0xFEF3, 0xFEF3, 0xFEF3,
    0xFEF3, 0xFEF3, 0xFEF3, 0xFF34, 0xE631, 0x8A85, 0xF718, 0xFF7A, 0xE656, 0xDE14, 0xDE14, 0xDE15, 0xDE14, 0xDE14, 0xD592, 0xD592,
    0xDDD3, 0xAC0B, 0x8203, 0xD4CB, 0xD4AA, 0xD4AA, 0xD48A, 0xD48A, 0xD489, 0xD489, 0xD489, 0xD48A, 0xD48A, 0xD48A, 0xDD2C, 0xE5AE,
    0xE58E, 0xE5CF, 0xEE0F, 0xF610, 0xEE10, 0xEE0F, 0xEE2F, 0xF651, 0xF650, 0xF671, 0xFED2, 0xFED3, 0xFED3, 0xFED3, 0xFED3, 0xFED3,
    0xFF56, 0xFF78, 0xFF78, 0xFF78, 0xFF78, 0xFF98, 0xFF98, 0xFF98, 0xFF99, 0xFF99, 0xFF99, 0xFF99, 0xFFDB, 0xFFDC, 0xFFDB, 0xFFFC,
    0xFFFC, 0xFFFC, 0xFFFC, 0xFFFC, 0xFFFC, 0xFFFC, 0xFFFC, 0xFFFC, 0xF79B, 0xEF18, 0xCBCC, 0xAA87, 0x69A5, 0x6124, 0x7903, 0xDAE9,
    0xE309, 0xDAC8, 0xE30A, 0xEB6B, 0xEBCC, 0xEE55, 0xFF39, 0xFF7A, 0xFF7A, 0xFF7A, 0xFF7A, 0xFF7A, 0xFF7A, 0xFF7A, 0xFF7A, 0xFF7A,
    0xFF59, 0xF759, 0xFF79, 0xFF79, 0xFF79, 0xFF79, 0xFF58, 0xFF58, 0xFF59, 0xFF79, 0xFF79, 0xFF79, 0xFF79, 0xF6F7, 0xEE74, 0xEE54,
    0xEE54, 0xEE33, 0xDDB0, 0xDD8F, 0xDD8F, 0xDD8F, 0xDD6F, 0xDD8F, 0xDD8F, 0xE5D0, 0xE5F1, 0xEE11, 0xEE12, 0xEE32, 0xEE32, 0xEE32,
    0xEE32, 0xEE32, 0xEE54, 0xEE96, 0xEE96, 0xEE96, 0xF6D7, 0xEE75, 0x8204, 0xBBA8, 0xD489, 0xCC49, 0xCC49, 0xCC69, 0xAB87, 0x8244,
    0x8A84, 0x8A84, 0x8AA5, 0x71E3, 0x69C2, 0x69C2, 0x69E2, 0x69C2, 0x71E3, 0x8AA5, 0x8AC5, 0x8AC5, 0x8AC5, 0x92C5, 0x92C5, 0x8AC5,
    0x92C5, 0x92E5, 0x8AA5, 0x8AA5, 0x92E5, 0xC48B, 0xCCAC, 0xC44A, 0xC42A, 0xC3E9, 0xBBA8, 0xBBC8, 0xC3C8, 0xBBC8, 0xBBC8, 0xBBC8,
    0xBBC8, 0xBBC8, 0xBBC8, 0xBBC8, 0xBBC8, 0xBBC8, 0xBBC8, 0xBBC8, 0xBBA8, 0xB388, 0xB388, 0xAB88, 0xAB88, 0xBBC9, 0xBBE9, 0xBC09,
    0xBC09, 0xBBE9, 0xB3A8, 0xABA8, 0xABA8, 0xABA9, 0xABA9, 0xABA8, 0xABA8, 0xABA8, 0xABE9, 0x92C5, 0x8A85, 0xFEB2, 0xFED3, 0xFEF4,
    0xFFFA, 0xFFD9, 0xFFB8, 0xFFD9, 0xFFFA, 0xFFDA, 0xFFB9, 0xFFD9, 0xFF76, 0xFED3, 0xFEB2, 0xFEB2, 0xFEB2, 0xFEB2, 0xFEB2, 0xFF13,
    0xFF34, 0xFF34, 0xFF34, 0xFF34, 0xFF34, 0xFF34, 0xFF34, 0xFF34, 0xFF34, 0xFF14, 0xFF13, 0xFF13, 0xFEF3, 0xFED3, 0xFED3, 0xFED3,
    0xFEF3, 0xFEF3, 0xFEF3, 0xFF34, 0xEE31, 0x8A85, 0xF6F8, 0xFF7A, 0xE655, 0xDE15, 0xDE15, 0xDE15, 0xDE15, 0xDE14, 0xD592, 0xD592,
    0xDDF3, 0xAC0B, 0x8203, 0xD4EB, 0xD4AB, 0xD48A, 0xD48A, 0xD489, 0xD48A, 0xD48A, 0xD48A, 0xD4AA, 0xD4AA, 0xDCEB, 0xE56D, 0xDD6E,
    0xE5AE, 0xEE10, 0xEE10, 0xEE30, 0xF651, 0xF651, 0xF692, 0xFED4, 0xFED4, 0xFED4, 0xFED4, 0xFEF4, 0xFEF4, 0xFEF4, 0xFEF4, 0xFEF4,
    0xFF77, 0xFF99, 0xFF78, 0xFF98, 0xFF98, 0xFF79, 0xFF79, 0xFF78, 0xFF79, 0xFF79, 0xFF79, 0xFF99, 0xFFBA, 0xFFBA, 0xFFBA, 0xFFFC,
    0xFFFC, 0xFFFC, 0xFFFC, 0xFFDC, 0xFFFC, 0xFFFC, 0xFFFC, 0xFFFD, 0xFFFD, 0xFFFD, 0xF75A, 0xF676, 0xEDB3, 0xDCF0, 0xD32A, 0xDAC9,
    0xDAEA, 0xD288, 0xDAE9, 0xE32A, 0xDB8B, 0xF6D8, 0xFF9B, 0xFF7A, 0xFF7A, 0xFF7A, 0xFF7A, 0xFF7A, 0xFF7A, 0xFF7A, 0xF738, 0xEE95,
    0xF6B6, 0xEED6, 0xEED6, 0xEED6, 0xEEB6, 0xEE96, 0xEE95, 0xEE95, 0xF6F7, 0xFF38, 0xFF58, 0xFF79, 0xFF79, 0xF6D6, 0xEE75, 0xEE74,
    0xEE95, 0xE633, 0xDDB0, 0xDD8F, 0xDD6E, 0xDD6E, 0xDD6E, 0xDD6E, 0xDD6E, 0xE5AF, 0xEE11, 0xEE31, 0xEE32, 0xEE32, 0xEE32, 0xEE53,
    0xEE95, 0xEE95, 0xEE96, 0xEE96, 0xF697, 0xEE96, 0xDDF3, 0xCD30, 0x81E4, 0xAB26, 0xD469, 0xCC49, 0xCC49, 0xCC49, 0xC429, 0xABA7,
    0x8284, 0x8284, 0x8284, 0x8264, 0x7203, 0x69C2, 0x69E2, 0x69C2, 0x71E3, 0x7A23, 0x7A23, 0x7A44, 0x8244, 0x8264, 0x8AA5, 0x8AC5,
    0x92C5, 0x92C5, 0x92E5, 0x92E5, 0x9AE5, 0xAB06, 0xA305, 0xBBE9, 0xD4ED, 0xCC8B, 0xCC4A, 0xBBE9, 0xBBC8, 0xC3C8, 0xBBC8, 0xBBC8,
    0xBBC8, 0xBBC8, 0xBBC8, 0xBBC8, 0xBBC8, 0xBBC8, 0xBBC8, 0xBBA8, 0xBBA8, 0xBBC8, 0xBBE9, 0xB3A8, 0xB388, 0xAB87, 0xB388, 0xBBC8,
    0xBBE9, 0xBBE9, 0xB3C8, 0xABA9, 0xABA9, 0xABA9, 0xABA9, 0xABA8, 0xABC9, 0xABA9, 0xB3E9, 0x8A85, 0x8A64, 0xFF13, 0xFEF3, 0xFEF3,
    0xFFDA, 0xFFDA, 0xFFB9, 0xFFDA, 0xFFFA, 0xFFB9, 0xFF78, 0xFFB8, 0xFF77, 0xFEF3, 0xFED3, 0xFEF3, 0xFEF3, 0xFED2, 0xFED2, 0xFF34,
    0xFF75, 0xFF75, 0xFF75, 0xFF55, 0xFF34, 0xFF55, 0xFF34, 0xFF14, 0xFF14, 0xFEF3, 0xFEF3, 0xFEF3, 0xFEF3, 0xFEF3, 0xFED3, 0xFEF3,
    0xFEF3, 0xFEF3, 0xFEF3, 0xFF34, 0xE610, 0x8A85, 0xFF79, 0xFF7A, 0xEE96, 0xDE15, 0xDE35, 0xDE35, 0xDE15, 0xDE15, 0xD592, 0xD572,
    0xDDF3, 0xB40B, 0x8203, 0xD4EB, 0xD4CA, 0xD4CA, 0xD4AA, 0xD48A, 0xD469, 0xD469, 0xDCEB, 0xDD2C, 0xDD0C, 0xDD6D, 0xDD6E, 0xE58E,
    0xE58E, 0xEDEF, 0xEDF0, 0xEE10, 0xF651, 0xF693, 0xF692, 0xF6B4, 0xF6F7, 0xF717, 0xFF17, 0xFF58, 0xFF78, 0xFF79, 0xFF59, 0xFF79,
    0xFF79, 0xFF79, 0xFF99, 0xFF99, 0xFF79, 0xFF79, 0xFF78, 0xF737, 0xFF17, 0xFF37, 0xFF38, 0xFF79, 0xFFBA, 0xFFBA, 0xFFBB, 0xFFDB,
    0xFFBB, 0xFFBA, 0xFFDB, 0xFFFC, 0xFFFC, 0xFFFC, 0xFFFC, 0xFFFC, 0xFFFD, 0xFFFD, 0xFFFC, 0xFFBB, 0xFF7A, 0xEE76, 0xD3AB, 0xD288,
    0xDAEA, 0xD268, 0xDAC9, 0xDAE9, 0xE4D0, 0xFF59, 0xFF7A, 0xFF7A, 0xFF7A, 0xFF7A, 0xFF7A, 0xFF7A, 0xFF7A, 0xFF7A, 0xFF39, 0xF6F7,
    0xF6F7, 0xFF38, 0xFF79, 0xFF79, 0xFF58, 0xEEB6, 0xEEB6, 0xF738, 0xF758, 0xFF79, 0xFFBA, 0xFFDB, 0xFFDC, 0xFFBC, 0xFFBC, 0xFFBB,
    0xFFBB, 0xF779, 0xF737, 0xEF17, 0xEEF7, 0xEEF6, 0xEEF6, 0xEEF6, 0xEED6, 0xEED5, 0xEE94, 0xEE94, 0xEE94, 0xEE94, 0xEE53, 0xEE54,
    0xEE75, 0xEE76, 0xEE76, 0xEE76, 0xEE96, 0xEE96, 0x8AA6, 0x8223, 0xCC49, 0xC428, 0xCC49, 0xCC49, 0xCC49, 0xCC49, 0xCC69, 0xBBE8,
    0x7A43, 0x8284, 0x8284, 0x8284, 0x8264, 0x71E3, 0x69C2, 0x69C2, 0x71E2, 0x7A44, 0x7A44, 0x7A44, 0x7A44, 0x8244, 0x8AA5, 0x92C5,
    0x92C5, 0x92C5, 0x92E5, 0x92E5, 0x9B05, 0xAB46, 0xB346, 0xB347, 0xAB46, 0xB3A8, 0xC44A, 0xD4EC, 0xD4EC, 0xC409, 0xBBC8, 0xBBC8,
    0xBBC8, 0xBBC8, 0xBBC8, 0xB387, 0xB387, 0xBBC8, 0xBBC8, 0xBBA8, 0xB3A8, 0xAB87, 0xAB67, 0xB387, 0xB3A8, 0xB3A8, 0xB388, 0xAB87,
    0xAB88, 0xABA8, 0xABA8, 0xABA9, 0xABA9, 0xABA8, 0xABA8, 0xABA8, 0xABC9, 0xABC9, 0xABE9, 0x9306, 0x8244, 0xABE9, 0xF692, 0xFF14,
    0xFFFA, 0xFFDA, 0xFFDA, 0xFFDA, 0xFFDA, 0xFFDA, 0xFFDA, 0xFFD9, 0xFF56, 0xFF13, 0xFEF3, 0xFED2, 0xFED3, 0xFED3, 0xFED3, 0xFED3,
    0xFEF3, 0xFF34, 0xFF75, 0xFF75, 0xFF55, 0xFF55, 0xFF34, 0xFF13, 0xFF13, 0xFEF3, 0xFED2, 0xFED3, 0xFEF3, 0xFF14, 0xFF13, 0xFEF3,
    0xFEF3, 0xFEF3, 0xFEF3, 0xFF14, 0xF6B3, 0x8A85, 0xA3AA, 0xFF9A, 0xFF79, 0xDDF4, 0xDE15, 0xDE35, 0xDE35, 0xDE15, 0xD592, 0xCD50,
    0xDDF3, 0xABCB, 0x79C2, 0xDCEB, 0xD4AB, 0xD4AA, 0xD4CB, 0xD4EC, 0xD50B, 0xDD0B, 0xDD2C, 0xDD6D, 0xE56E, 0xDD6E, 0xE56E, 0xDD4E,
    0xEE11, 0xF6D4, 0xF6B3, 0xF6B3, 0xF6D4, 0xF6D4, 0xF6F5, 0xFF16, 0xFF38, 0xFF38, 0xFF38, 0xFF58, 0xFF78, 0xFF79, 0xFF79, 0xFF79,
    0xFF79, 0xFF99, 0xFF99, 0xFF99, 0xFF99, 0xFF79, 0xFF58, 0xF738, 0xF738, 0xF738, 0xFF38, 0xFF79, 0xFFBA, 0xFFBA, 0xFFBA, 0xFFBA,
    0xF717, 0xE6B5, 0xFF9A, 0xFFFC, 0xFFFC, 0xFFFC, 0xFFFD, 0xFFFD, 0xFFFC, 0xFFFC, 0xFFBB, 0xFFBB, 0xFFBB, 0xFF9A, 0xEE96, 0xDCAF,
    0xD268, 0xCA27, 0xD288, 0xE4AF, 0xEDD4, 0xFF59, 0xFF7A, 0xFF7A, 0xFF7A, 0xFF7A, 0xFF7A, 0xFF7A, 0xFF7A, 0xFF7A, 0xFF7A, 0xFF7A,
    0xFF7A, 0xFF7A, 0xFF9A, 0xFF9A, 0xFF79, 0xFF58, 0xFF59, 0xFF9A, 0xFF79, 0xFF59, 0xFF59, 0xF759, 0xF759, 0xF759, 0xFF79, 0xFF79,
    0xFF99, 0xFF99, 0xF758, 0xFF58, 0xFF79, 0xF779, 0xF779, 0xF779, 0xFF79, 0xF779, 0xF759, 0xF739, 0xF738, 0xF759, 0xFF79, 0xF717,
    0xEED7, 0xEED7, 0xEED7, 0xEED7, 0xEEB7, 0xF6F7, 0x9B28, 0x8A23, 0xCC28, 0xC407, 0xCBE8, 0xC408, 0xCC29, 0xCC49, 0xCC49, 0xC409,
    0x92E5, 0x8264, 0x8285, 0x8284, 0x7A23, 0x69E2, 0x69C2, 0x69C2, 0x69E2, 0x7203, 0x8284, 0x8AC5, 0x8AC5, 0x8AC5, 0x8AC5, 0x92C5,
    0x92C5, 0x92C5, 0x92C5, 0x92E5, 0x9AE5, 0xAB46, 0xB346, 0xB346, 0xB346, 0xB346, 0xAB46, 0xC409, 0xC40A, 0xCC8B, 0xD4CC, 0xC42A,
    0xBBC8, 0xBBC8, 0xBBC8, 0xBBA8, 0xBBA8, 0xBBC8, 0xBBC8, 0xBBC8, 0xB387, 0xB387, 0xAB67, 0xAB67, 0xAB87, 0xAB87, 0xAB88, 0xAB88,
    0xA347, 0xA346, 0xA367, 0xABA8, 0xABC9, 0xABA8, 0xA367, 0xA388, 0xABA9, 0xABA9, 0xABC9, 0xB3E9, 0x9AE6, 0x79E2, 0xF692, 0xFF34,
    0xFFFA, 0xFFDA, 0xFFDA, 0xFFDA, 0xFFDA, 0xFFDA, 0xFFDA, 0xFFD9, 0xFF56, 0xFEF4, 0xFED3, 0xFED2, 0xFED3, 0xFED3, 0xFED3, 0xFED2,
    0xFEB2, 0xFEF3, 0xFF34, 0xFEF3, 0xFEF3, 0xFEF3, 0xFF13, 0xFF13, 0xFEF3, 0xFEF3, 0xFED3, 0xFED3, 0xFEF3, 0xFEF3, 0xFEF3, 0xFEF3,
    0xFED3, 0xFED3, 0xFED3, 0xFEF3, 0xFF34, 0xC4ED, 0xAC0B, 0xC530, 0xD614, 0xEED8, 0xE676, 0xDE15, 0xDE15, 0xDE15, 0xDDF4, 0xDDF3,
    0xDDF3, 0xB44C, 0x92C6, 0xA347, 0xCC8B, 0xDD2C, 0xD52C, 0xDD4D, 0xDD4D, 0xDD2D, 0xDD4C, 0xDD6D, 0xDD6E, 0xE54D, 0xE5CF, 0xF692,
    0xEE72, 0xEE52, 0xEE72, 0xEE73, 0xF6B4, 0xF6B3, 0xF6D4, 0xF717, 0xF738, 0xFF38, 0xFF38, 0xFF38, 0xFF58, 0xF738, 0xF717, 0xF717,
    0xF738, 0xFF58, 0xFF58, 0xFF58, 0xFF58, 0xF758, 0xFF79, 0xFF9A, 0xFF9A, 0xF779, 0xFF79, 0xFF99, 0xFF99, 0xFF79, 0xF738, 0xF758,
    0xFFBB, 0xFFBB, 0xFFFC, 0xFFFC, 0xFFDC, 0xFFDC, 0xFFDC, 0xFFDC, 0xFFDC, 0xFFDC, 0xFFBB, 0xFF9B, 0xFF9A, 0xFFBB, 0xFF9A, 0xEE15,
    0xDC2E, 0xCB0A, 0xC268, 0xEDB3, 0xEE55, 0xF719, 0xFF7A, 0xFF7A, 0xFF7A, 0xFF7A, 0xFF7A, 0xFF7A, 0xFF7A, 0xFF7A, 0xFF5A, 0xFF79,
    0xFF7A, 0xFF7A, 0xFF7A, 0xFF7A, 0xFF7A, 0xFF7A, 0xFF7A, 0xFF79, 0xFF59, 0xFF59, 0xFF58, 0xFF58, 0xFF58, 0xFF58, 0xFF58, 0xF6F7,
    0xE634, 0xDE13, 0xE613, 0xE613, 0xDE13, 0xE633, 0xEEB5, 0xEED6, 0xEED6, 0xF6D6, 0xF6F7, 0xF6D7, 0xF6D7, 0xEED7, 0xF6F8, 0xF6F8,
    0xF6F8, 0xF6F8, 0xF6F8, 0xF718, 0xF739, 0xDE34, 0xDDD1, 0xDE11, 0xE5F0, 0xE5F0, 0xE5CF, 0xE5CF, 0xD4EC, 0xC3E8, 0xC3E8, 0xC408,
    0xA346, 0x7A23, 0x8244, 0x8244, 0x69C2, 0x69C2, 0x69E2, 0x69E2, 0x69E3, 0x69C2, 0x8264, 0x92E6, 0x92C6, 0x92C5, 0x92C5, 0x92C5,
    0x92C5, 0x92E5, 0xA326, 0xA326, 0xA326, 0xAB26, 0xAB46, 0xAB46, 0xB367, 0xB367, 0xB367, 0xBBA8, 0xBBC8, 0xBBE9, 0xBBE9, 0xBBC9,
    0xBBC8, 0xBBC8, 0xBBC8, 0xBBC8, 0xBBC8, 0xBBC8, 0xBBC8, 0xBBC8, 0xBBC8, 0xBBC8, 0xB3A8, 0xB388, 0xAB87, 0xA347, 0xA326, 0x9B26,
    0x9B26, 0x9B26, 0x9B26, 0xA367, 0xA388, 0xA388, 0xA368, 0x9B27, 0x9B47, 0x9B47, 0xA388, 0xABC8, 0x92E5, 0x8244, 0xF692, 0xFF34,
    0xFFDA, 0xFFDA, 0xFFDA, 0xFFDA, 0xFFDA, 0xFFDA, 0xFFDA, 0xFFD9, 0xFFB8, 0xFF76, 0xFED3, 0xFED2, 0xFED3, 0xFED2, 0xFED2, 0xFEB2,
    0xFEB2, 0xFED2, 0xFEF3, 0xFED3, 0xFED3, 0xFEF3, 0xFF13, 0xFF13, 0xFF13, 0xFF13, 0xFEF3, 0xFEF3, 0xFED3, 0xFED3, 0xFED3, 0xFEF3,
    0xFEF3, 0xFEF3, 0xFEF3, 0xFEF3, 0xFEF4, 0xFF76, 0xFFB8, 0x8224, 0xBCCF, 0xFFFE, 0xEEF7, 0xDDF4, 0xDE15, 0xDE15, 0xDE15, 0xDE35,
    0xDDD3, 0xD571, 0xCCEF, 0x92E5, 0xCCCC, 0xDD6E, 0xDD4D, 0xDD4D, 0xDD2C, 0xDD0C, 0xDD2C, 0xE56E, 0xDD4D, 0xEE31, 0xF6B3, 0xEE72,
    0xEE10, 0xE5AF, 0xE5CF, 0xEE10, 0xEE72, 0xF693, 0xF6B4, 0xF6D6, 0xF6D6, 0xF6F7, 0xF6F7, 0xF6F7, 0xF717, 0xF6F7, 0xF6F7, 0xF6F7,
    0xF6F7, 0xF6F7, 0xF6D6, 0xF6D6, 0xF6D6, 0xF6B6, 0xF6D6, 0xF6D7, 0xF6F7, 0xEED6, 0xF6D6, 0xF758, 0xFF99, 0xFF9A, 0xFF79, 0xFF9A,
    0xFFFB, 0xFFFC, 0xFFFC, 0xFFDB, 0xFFDB, 0xFFBB, 0xFFBB, 0xFFBB, 0xFFBB, 0xFFBB, 0xFFBB, 0xFF9B, 0xFF9B, 0xFF9B, 0xFF5A, 0xF6D7,
    0xFF18, 0xDCD0, 0xBAC9, 0xE572, 0xEE35, 0xEE35, 0xEE96, 0xF6D8, 0xF6F8, 0xFF5A, 0xFF7A, 0xFF5A, 0xFF7A, 0xFF7A, 0xFF7A, 0xFF59,
    0xF739, 0xFF59, 0xFF59, 0xFF59, 0xFF59, 0xFF59, 0xFF59, 0xFF59, 0xFF59, 0xFF79, 0xFF79, 0xFF79, 0xFF79, 0xFF79, 0xFF79, 0xFF79,
    0xEED6, 0xDE34, 0xE634, 0xE633, 0xE634, 0xE633, 0xE633, 0xE613, 0xE613, 0xE654, 0xF6F7, 0xF6F7, 0xF6F7, 0xF717, 0xF718, 0xF6F8,
    0xF6F8, 0xF6F8, 0xF6F8, 0xEED7, 0xE676, 0x9308, 0xAB26, 0xE52C, 0xDD4D, 0xE5CF, 0xEE10, 0xF6F3, 0xEEB3, 0xE5AF, 0xE5AF, 0xE5AF,
    0xB42A, 0x9327, 0x9B47, 0x9306, 0x6181, 0x6181, 0x6181, 0x69C2, 0x71E3, 0x69C2, 0x7A24, 0x8AA5, 0x92C6, 0x92C5, 0x92C5, 0x92C5,
    0x92C5, 0x9AE5, 0xB367, 0xB388, 0xB388, 0xB367, 0xB347, 0xB367, 0xBBC8, 0xBBC8, 0xBBC9, 0xBBC9, 0xBBC9, 0xBBC8, 0xBBC8, 0xB388,
    0xB387, 0xB3A8, 0xBBA8, 0xBBC8, 0xBBC8, 0xBBC8, 0xBBC8, 0xBBC8, 0xBBC8, 0xBBC8, 0xBBC8, 0xBBC9, 0xBBE9, 0xA347, 0x9B06, 0x9B26,
    0x9B26, 0x9B26, 0x9B26, 0x9B26, 0x9B26, 0x9B06, 0x9B06, 0x9B26, 0x9B27, 0x9B47, 0xA367, 0xABC8, 0x92C5, 0x8244, 0xF6B3, 0xFF34,
    0xFFDA, 0xFFDA, 0xFFDA, 0xFFDA, 0xFFDA, 0xFFDA, 0xFFDA, 0xFFDA, 0xFFFA, 0xFF97, 0xFED2, 0xFED3, 0xFED3, 0xFED3, 0xFED3, 0xFED2,
    0xFEB2, 0xFEB2, 0xFEB2, 0xFED2, 0xFEF3, 0xFF13, 0xFEF3, 0xFED2, 0xFED3, 0xFEF3, 0xFEF3, 0xFEF3, 0xFED3, 0xFED3, 0xFED2, 0xFED3,
    0xFEF3, 0xFEF3, 0xFEF3, 0xFEF4, 0xFEF3, 0xFF35, 0xFF98, 0x92A6, 0xBCEF, 0xFFFE, 0xEEF8, 0xDDF4, 0xDE15, 0xDE15, 0xDE15, 0xDE35,
    0xD5D3, 0xCD50, 0xC4CE, 0x9B06, 0xCCCC, 0xDD6E, 0xDD4D, 0xDD4D, 0xDD6D, 0xDD6E, 0xE56E, 0xDD2D, 0xEE51, 0xF6B3, 0xE5F0, 0xE5CF,
    0xE5EF, 0xE5F0, 0xEDF0, 0xEE11, 0xEE52, 0xF6B4, 0xF6D5, 0xF6F6, 0xF6F6, 0xF6F6, 0xF6F7, 0xF6F7, 0xF6F7, 0xF6F7, 0xF6F7, 0xF6F7,
    0xF6F7, 0xF6F6, 0xF6F6, 0xF6F6, 0xF6F6, 0xF6D6, 0xF6D6, 0xF6F6, 0xEEF6, 0xF717, 0xEED7, 0xF718, 0xFFDB, 0xFFFC, 0xFFFC, 0xFFFC,
    0xFFFB, 0xFFFC, 0xFFFC, 0xF759, 0xF718, 0xF739, 0xFF9A, 0xFFBB, 0xFFBB, 0xFFBB, 0xFFBB, 0xFF9B, 0xFF9B, 0xFF9A, 0xF6F8, 0xEE56,
    0xF676, 0xD48F, 0xBAA9, 0xE572, 0xEE55, 0xEE35, 0xEE55, 0xEE55, 0xEE76, 0xEE96, 0xEE97, 0xEE96, 0xF718, 0xFF39, 0xFF39, 0xF6F8,
    0xEE76, 0xEE96, 0xEE96, 0xEE75, 0xE675, 0xEE75, 0xEE75, 0xEE75, 0xEE95, 0xF6F7, 0xFF59, 0xFF79, 0xFF79, 0xFF79, 0xF717, 0xF6D6,
    0xEED6, 0xF6F7, 0xF717, 0xF717, 0xF717, 0xF6F6, 0xEE75, 0xE675, 0xE654, 0xE634, 0xE5F3, 0xE5F3, 0xE5F2, 0xE634, 0xF6B6, 0xF6F7,
    0xF6F7, 0xF6F7, 0xF718, 0xF6F7, 0xEED6, 0xD5D2, 0xDD90, 0xE5AF, 0xE5AF, 0xE5AF, 0xE5AF, 0xD4CB, 0xD4EB, 0xDD2D, 0xDD4E, 0xE5AF,
    0xE5F1, 0xE612, 0xEE73, 0xDDF2, 0x82E6, 0x7AA5, 0x82A5, 0x69E2, 0x6181, 0x69A2, 0x6181, 0x7A23, 0x92C5, 0x92C5, 0x92C5, 0x9AE6,
    0xA327, 0xA347, 0xAB67, 0xB368, 0xB388, 0xB3A8, 0xB3A8, 0xBBA8, 0xBBC8, 0xBBC8, 0xBBC8, 0xBBC9, 0xBBC9, 0xBBC9, 0xBBC9, 0xBBA8,
    0xB387, 0xB387, 0xB387, 0xBBA8, 0xBBC8, 0xBBC8, 0xBBC8, 0xBBC8, 0xBBC8, 0xBBC8, 0xBBC8, 0xBBC8, 0xBBC8, 0xAB87, 0xA326, 0x9B26,
    0x9B26, 0x9B26, 0x9B26, 0x9B26, 0x9B26, 0x9B26, 0x9B06, 0x9B26, 0x9B47, 0x9B47, 0xA367, 0xA367, 0x92A5, 0x7A23, 0xEE51, 0xFF55,
    0xFFFA, 0xFFDA, 0xFFDA, 0xFFDA, 0xFFDA, 0xFFDA, 0xFFDA, 0xFFDA, 0xFFDA, 0xFF77, 0xFEB2, 0xFED3, 0xFEB2, 0xFEB2, 0xFEB2, 0xFED2,
    0xFED2, 0xFEB2, 0xFEB2, 0xFEF3, 0xFF13, 0xFEF2, 0xFED2, 0xFED2, 0xFED2, 0xFED2, 0xFED2, 0xFED2, 0xFED2, 0xFEB2, 0xFED2, 0xFED3,
    0xFED3, 0xFEF3, 0xFF35, 0xFF77, 0xFF98, 0xFFB8, 0xFFD9, 0x92A5, 0xBCCF, 0xFFFF, 0xEF18, 0xDDF4, 0xDE15, 0xDE14, 0xDE14, 0xDE35,
    0xD5D3, 0xCD30, 0xC4AE, 0x9B06, 0xD50D, 0xE58E, 0xDD6E, 0xDD6E, 0xDD8E, 0xE56E, 0xDD6E, 0xF672, 0xEE72, 0xEDF0, 0xE5AF, 0xEDF0,
    0xEDF0, 0xEDF0, 0xEDF0, 0xEE10, 0xEE31, 0xF6B4, 0xF6D4, 0xF6D5, 0xF6F6, 0xF6F7, 0xF6F7, 0xF6F7, 0xF6F6, 0xEEB5, 0xEE95, 0xEE95,
    0xEE95, 0xEE95, 0xEE75, 0xEE95, 0xEEB5, 0xEED6, 0xEED6, 0xF6D6, 0xEEB6, 0xF759, 0xFFDB, 0xFFDB, 0xFFDB, 0xFFDB, 0xFFFB, 0xFFDB,
    0xFF9A, 0xFF58, 0xFF58, 0xF738, 0xF718, 0xF759, 0xFFBB, 0xFFBB, 0xFFBA, 0xFFBA, 0xFFBB, 0xFF9A, 0xFFBB, 0xFF59, 0xEE56, 0xEE56,
    0xEE35, 0xDD51, 0xC36B, 0xDD51, 0xE5F4, 0xE5F4, 0xE655, 0xEE76, 0xEE76, 0xEE76, 0xEE56, 0xEE76, 0xEE76, 0xEE76, 0xEE96, 0xEE96,
    0xEE96, 0xEE96, 0xEE96, 0xF6B6, 0xF6D6, 0xEEB6, 0xEE75, 0xEE75, 0xEE95, 0xEE95, 0xEE95, 0xEE96, 0xEEB6, 0xF6D6, 0xEEB6, 0xF6B6,
    0xE634, 0xDDD2, 0xDDD2, 0xDDD2, 0xDDD2, 0xDDF3, 0xF6F7, 0xF759, 0xF739, 0xF738, 0xEEB6, 0xEED6, 0xEEB6, 0xEE75, 0xE613, 0xE5F3,
    0xE613, 0xEE34, 0xE634, 0xF6B5, 0xAC4D, 0xB3C9, 0xEDEF, 0xE5F0, 0xEE11, 0xEE31, 0xEE93, 0xE611, 0xDD4E, 0xDD6F, 0xD54E, 0xAB46,
    0xA305, 0x9AE5, 0x7A24, 0x9B68, 0xDDD2, 0xD591, 0xD5D2, 0xBCAE, 0xAC0B, 0xAC2C, 0xAC2C, 0x9328, 0x8AA5, 0x8AC6, 0x8AC5, 0x92E5,
    0xA347, 0xAB47, 0xAB67, 0xB368, 0xB387, 0xB387, 0xB388, 0xB3A8, 0xBBC8, 0xBBC8, 0xBBC9, 0xBBC8, 0xBBC9, 0xBBC9, 0xBBC9, 0xBBC9,
    0xBBC8, 0xB387, 0xB387, 0xB367, 0xAB67, 0xB387, 0xB388, 0xB388, 0xB3C8, 0xB3C8, 0xBBC8, 0xBBC8, 0xB3C8, 0xB387, 0xAB67, 0x9B26,
    0x9B26, 0x9B26, 0x9B26, 0x9B06, 0x9B06, 0x9B26, 0x9306, 0x9B47, 0xABC9, 0xABA8, 0xABC9, 0xABC9, 0xABA8, 0x71E3, 0xB42A, 0xFF95,
    0xFFD9, 0xFFDA, 0xFFDA, 0xFFDA, 0xFFDA, 0xFFDA, 0xFFDA, 0xFFD9, 0xFF97, 0xFF35, 0xFEB2, 0xFED3, 0xFEB2, 0xFEB2, 0xFEB2, 0xFEF3,
    0xFED3, 0xFEB2, 0xFEB2, 0xFED3, 0xFEF3, 0xFED2, 0xFEB2, 0xFEB2, 0xFED2, 0xFEF2, 0xFED2, 0xFED2, 0xFEB2, 0xFF15, 0xFF98, 0xFF97,
    0xFF97, 0xFF97, 0xFF98, 0xFFDA, 0xFFFA, 0xFFD9, 0xFFDA, 0x92C6, 0xBCCF, 0xFFFE, 0xF739, 0xEE96, 0xE676, 0xDE14, 0xDE14, 0xDE15,
    0xDDF4, 0xDDD3, 0xC4AE, 0x92C5, 0xAB88, 0xCCCC, 0xE58E, 0xDD6E, 0xE58E, 0xDD4E, 0xEE52, 0xEE52, 0xE5AF, 0xE5AF, 0xE5F0, 0xE5F0,
    0xE5F0, 0xEDF0, 0xEE10, 0xEE10, 0xEE31, 0xEE31, 0xEE52, 0xF6B4, 0xF6B5, 0xF6B5, 0xF6B5, 0xF6B5, 0xEE95, 0xE674, 0xE653, 0xE654,
    0xE674, 0xE674, 0xE654, 0xEEF6, 0xFF79, 0xF779, 0xF738, 0xEE95, 0xF717, 0xFF9A, 0xFFDB, 0xFFDB, 0xFFDB, 0xFFBA, 0xFF99, 0xFF99,
    0xF717, 0xF695, 0xEE95, 0xFF99, 0xFFBA, 0xFFBA, 0xFFBA, 0xFFBA, 0xFFBA, 0xFFBB, 0xFFBB, 0xFFDB, 0xEEF8, 0xEE96, 0xEE76, 0xEE55,
    0xEE15, 0xE5F4, 0xC36B, 0xB2C8, 0xD4CF, 0xE5F3, 0xE635, 0xEE76, 0xEE76, 0xEE76, 0xEE76, 0xEE76, 0xEE76, 0xEE76, 0xEE76, 0xEE96,
    0xEE96, 0xEE96, 0xEE96, 0xF6D7, 0xFF18, 0xFF18, 0xF6F7, 0xEED6, 0xEE95, 0xF6D6, 0xF6F7, 0xF6F7, 0xEEB6, 0xE634, 0xE634, 0xE613,
    0xE5F3, 0xE5F3, 0xE674, 0xE695, 0xE675, 0xE675, 0xE613, 0xE5F3, 0xE614, 0xE654, 0xE675, 0xF6F7, 0xF6F7, 0xF6F7, 0xEED7, 0xEED7,
    0xEED7, 0xEED7, 0xEE75, 0x9B6A, 0x69C4, 0xC3A6, 0xD448, 0xCC48, 0xCC49, 0xCC49, 0xCC69, 0xE5D0, 0xEE32, 0xEE31, 0xEE72, 0xE5F1,
    0xEDF0, 0xC48C, 0x71E2, 0x7203, 0x71E2, 0x71E3, 0x7203, 0x82C6, 0x8B07, 0x8AE7, 0x8B28, 0xCD10, 0xD550, 0xD550, 0xD571, 0xD550,
    0xA306, 0x9B05, 0xA326, 0xB387, 0xB388, 0xB388, 0xB388, 0xB3A8, 0xBBA8, 0xBBC8, 0xBBC9, 0xBBC8, 0xBBC9, 0xB3A8, 0xB367, 0xB388,
    0xB388, 0xB388, 0xB387, 0xAB67, 0xAB47, 0xAB46, 0xB367, 0xB3A8, 0xB3C8, 0xB3C8, 0xBBA8, 0xBBC8, 0xBBC8, 0xAB67, 0xA326, 0x9B26,
    0x9B26, 0x9B26, 0x9B06, 0x9B26, 0x9B47, 0x9B27, 0x9306, 0x9B27, 0xA388, 0xA388, 0xABA8, 0xABA9, 0xBC2A, 0x7A24, 0xB40A, 0xFF95,
    0xFFB9, 0xFFD9, 0xFFDA, 0xFFDA, 0xFFDA, 0xFFFA, 0xFFFA, 0xFFD8, 0xFF56, 0xFF14, 0xFEB3, 0xFED3, 0xFED2, 0xFEB2, 0xFE92, 0xFE92,
    0xFEB2, 0xFEB2, 0xFE92, 0xFEB2, 0xFED2, 0xFEF3, 0xFEF2, 0xFEF2, 0xFEF3, 0xFF77, 0xFF98, 0xFF97, 0xFF77, 0xFF98, 0xFFDA, 0xFFDA,
    0xFFFA, 0xFFDA, 0xFFDA, 0xFFDA, 0xFFD9, 0xFFD9, 0xFFFA, 0x8A85, 0xBCCF, 0xFFFF, 0xFF7A, 0xF6D7, 0xEEB7, 0xDE14, 0xDE14, 0xDE14,
    0xDDF4, 0xDE14, 0xD5B2, 0xD551, 0x92E6, 0xC46A, 0xE5AF, 0xE56E, 0xDD6E, 0xEDF0, 0xEE93, 0xDD8F, 0xE5AF, 0xE5F0, 0xE5CF, 0xE5F0,
    0xE5F0, 0xE5CF, 0xE5AF, 0xE5CF, 0xE5AF, 0xE5CF, 0xEE11, 0xEE12, 0xE5F1, 0xE5F1, 0xE5F1, 0xE5F1, 0xE5D1, 0xE5D1, 0xDDD1, 0xE695,
    0xFF9A, 0xF779, 0xFF9A, 0xF758, 0xE674, 0xEE54, 0xE633, 0xE654, 0xFFDB, 0xFFDB, 0xFFDB, 0xFFDA, 0xFFBA, 0xF738, 0xF695, 0xF6D6,
    0xF717, 0xF6F6, 0xF758, 0xFFBA, 0xFF9A, 0xFFBA, 0xFFBB, 0xFFBB, 0xFFBA, 0xFFBA, 0xF759, 0xF6F8, 0xEE96, 0xEE56, 0xEE76, 0xEE35,
    0xE614, 0xD4CF, 0xB288, 0xA1E5, 0xB2A8, 0xB309, 0xDD72, 0xE614, 0xE614, 0xEE76, 0xEE76, 0xEE76, 0xEE76, 0xEE76, 0xEE76, 0xEE96,
    0xEEB6, 0xEE96, 0xEE96, 0xEE96, 0xEEB6, 0xF6B7, 0xF6F7, 0xF6F7, 0xF6F7, 0xEEB6, 0xF6D6, 0xF717, 0xFF79, 0xF717, 0xEE95, 0xDDB1,
    0xDDB1, 0xDDD2, 0xEEB6, 0xF6F7, 0xEEF7, 0xF738, 0xF717, 0xEED6, 0xE654, 0xE614, 0xE634, 0xE634, 0xE635, 0xE676, 0xEEB6, 0xEEB6,
    0xF6D7, 0xF6D7, 0xF6B5, 0xC52F, 0xBC8D, 0xDD6E, 0xD48A, 0xCC49, 0xD469, 0xD489, 0xD48A, 0xD469, 0xD489, 0xD489, 0xD4CA, 0xE54C,
    0xE58E, 0xDDB0, 0xD5B0, 0xD56F, 0x7A84, 0x7223, 0x71E3, 0x6181, 0x6181, 0x69A1, 0x6181, 0x8264, 0x92E6, 0x9306, 0xA368, 0xAB89,
    0xCCCD, 0xD52E, 0xDD0E, 0xB3A8, 0xAB46, 0xAB67, 0xB388, 0xBBA8, 0xBBA8, 0xBBA8, 0xBBC8, 0xBBC8, 0xBBC9, 0xBBA8, 0xB3A8, 0xB387,
    0xB387, 0xB388, 0xB388, 0xB3A8, 0xB3A8, 0xBBA8, 0xBBA8, 0xBBC8, 0xB3A8, 0xB3C8, 0xBBC8, 0xBBC8, 0xBBC8, 0xBBE9, 0xAB67, 0x9B26,
    0x9B26, 0x9B26, 0x9B06, 0x9B06, 0x9B06, 0x9B47, 0xA347, 0x9B26, 0x9306, 0x9B06, 0xA368, 0xABA8, 0xB40A, 0x7A23, 0xB40A, 0xFF96,
    0xFFD9, 0xFFD9, 0xFFB8, 0xFFB9, 0xFFB9, 0xFFB9, 0xFFB8, 0xFF98, 0xFF76, 0xFF14, 0xFE92, 0xFEB2, 0xFEB2, 0xFED3, 0xFEB3, 0xFEB2,
    0xFEB2, 0xFEF3, 0xFEF3, 0xFEF3, 0xFF76, 0xFFB8, 0xFFB8, 0xFFB8, 0xFFB8, 0xFFDA, 0xFFDA, 0xFFFA, 0xFFFA, 0xFFDA, 0xFFB9, 0xFFDA,
    0xFFD9, 0xFFD9, 0xFFD9, 0xFFDA, 0xFFD9, 0xFFDA, 0xFFFA, 0xA3CA, 0xAC4D, 0xDE77, 0xEF19, 0xFF39, 0xF6F8, 0xDE14, 0xDE14, 0xDE14,
    0xDDF4, 0xDDF4, 0xDE14, 0xE635, 0xA327, 0xC46B, 0xE5CF, 0xE58E, 0xE58F, 0xEE72, 0xE5D0, 0xDD8E, 0xEE10, 0xE5F0, 0xE5F0, 0xE5F0,
    0xE5EF, 0xE5AF, 0xE56E, 0xDD6E, 0xDD6E, 0xE5AF, 0xE5F1, 0xE5D1, 0xDDB0, 0xDDB0, 0xE5D0, 0xE612, 0xEE74, 0xF737, 0xF738, 0xEF17,
    0xE633, 0xE633, 0xE633, 0xE613, 0xDDF2, 0xE5F2, 0xE633, 0xEEB6, 0xFFDB, 0xFFDB, 0xFFBA, 0xF738, 0xF6D6, 0xEED6, 0xF6F7, 0xFF79,
    0xFFBA, 0xFFBA, 0xFFBA, 0xFFBA, 0xFFBA, 0xFFBA, 0xFFBA, 0xFF7A, 0xF759, 0xFF9A, 0xEEB7, 0xEE76, 0xEE76, 0xEE76, 0xEE56, 0xE5F5,
    0xEE15, 0xA287, 0xC3AB, 0xD4AF, 0xD46D, 0xCC2D, 0xB34A, 0xAAE8, 0xC42D, 0xEE55, 0xE614, 0xE614, 0xEE55, 0xEE96, 0xEE76, 0xEE96,
    0xEE96, 0xEE96, 0xEE96, 0xEE96, 0xEE96, 0xEE96, 0xEE96, 0xEE96, 0xF6F7, 0xFF37, 0xEE95, 0xDDF3, 0xE654, 0xEEB6, 0xF717, 0xEEF7,
    0xE695, 0xDDD2, 0xDDD2, 0xDDF3, 0xDDF3, 0xE655, 0xEED6, 0xEED7, 0xF718, 0xEEF8, 0xEEF8, 0xEEB6, 0xE655, 0xE655, 0xE654, 0xE654,
    0xEE75, 0xE613, 0xBC4B, 0xDD4D, 0xE5AE, 0xEE10, 0xE610, 0xE5F0, 0xDD6E, 0xD4AA, 0xD4AA, 0xD4AA, 0xD4AA, 0xD4AA, 0xD4AA, 0xD4CA,
    0xA326, 0x92E6, 0x82A5, 0x9328, 0xC52F, 0xC52F, 0x8B07, 0x7224, 0x6A03, 0x61A1, 0x61C2, 0x71E3, 0x8243, 0x8264, 0x8A84, 0x92A4,
    0xB3E9, 0xBC0A, 0xBC0A, 0xCC8B, 0xCCAB, 0xCCAC, 0xC42A, 0xB367, 0xB388, 0xBBC8, 0xBBC8, 0xBBC8, 0xBBC8, 0xBBC9, 0xBBC9, 0xBBA8,
    0xB388, 0xB388, 0xB388, 0xB387, 0xB3A8, 0xBBC8, 0xBBC8, 0xB3C8, 0xB3A8, 0xB3C8, 0xB3C8, 0xBBC8, 0xB3A8, 0xAB67, 0xAB67, 0x9B26,
    0x9B27, 0x9B27, 0x9B26, 0x9306, 0x92E6, 0x9B06, 0x9B27, 0x9B47, 0x9B47, 0x9B47, 0x9B47, 0xA367, 0xB409, 0x7A23, 0xB40A, 0xFF76,
    0xFFFA, 0xFFDA, 0xFF97, 0xFF77, 0xFF76, 0xFF35, 0xFF35, 0xFF35, 0xFF34, 0xFF14, 0xFEF4, 0xFEF4, 0xFEF4, 0xFF55, 0xFF55, 0xFF35,
    0xFF56, 0xFFB9, 0xFFB9, 0xFFB8, 0xFFD9, 0xFFFA, 0xFFDA, 0xFFDA, 0xFFDA, 0xFFDA, 0xFFDA, 0xFFD9, 0xFFDA, 0xFFDA, 0xFFDA, 0xFFDA,
    0xFFD9, 0xFFD9, 0xFFD9, 0xFFDA, 0xFFDA, 0xFFDA, 0xFFDA, 0xFFFB, 0xC591, 0x8AC6, 0xCD92, 0xF719, 0xF739, 0xF739, 0xDE14, 0xDDF4,
    0xDDF4, 0xDDF4, 0xDE14, 0xDDF3, 0x9B06, 0xC48B, 0xE5CF, 0xDD8E, 0xEE31, 0xE5F0, 0xDD4D, 0xE5AF, 0xE5CF, 0xE5AF, 0xE5AF, 0xE5AF,
    0xE5AE, 0xDD8E, 0xE56E, 0xDD6E, 0xDD6E, 0xDD8F, 0xE5B0, 0xDDB0, 0xEE74, 0xEEB5, 0xF716, 0xEEF6, 0xEEB5, 0xE674, 0xE653, 0xE612,
    0xDDB0, 0xDDB1, 0xDDB1, 0xDDD1, 0xDDF1, 0xDDF1, 0xF718, 0xFFFB, 0xFFDB, 0xFF9A, 0xF738, 0xF738, 0xFF58, 0xFF99, 0xFFBA, 0xFFBA,
    0xFFBA, 0xFF9A, 0xFF9A, 0xFF9A, 0xFFBA, 0xF6F8, 0xEEB6, 0xEEB7, 0xF6D7, 0xF6F7, 0xEE97, 0xEE97, 0xEE97, 0xE656, 0xEE97, 0xDD52,
    0xAB29, 0xCC6E, 0xDD31, 0xE592, 0xE572, 0xE572, 0xDD11, 0xDD52, 0xD4CF, 0xB38B, 0xB3AB, 0xB38B, 0xD531, 0xE614, 0xE614, 0xEE75,
    0xE675, 0xEE76, 0xEE96, 0xEE95, 0xEE95, 0xEE75, 0xEE95, 0xEE95, 0xEE75, 0xF6B5, 0xFF37, 0xEEB5, 0xDDD2, 0xDD91, 0xE613, 0xF717,
    0xF758, 0xF718, 0xF718, 0xDE14, 0xE5F3, 0xE614, 0xE614, 0xE614, 0xEE96, 0xEED7, 0xEED7, 0xF738, 0xF738, 0xEEF7, 0xEEF7, 0xEE96,
    0x9B48, 0x92E6, 0xCC29, 0xCC08, 0xCC49, 0xD469, 0xDD2C, 0xDD2D, 0xE611, 0xEEF5, 0xF716, 0xE5F1, 0xDCCB, 0xDD0C, 0xDCEC, 0xDCEB,
    0x9B06, 0x8A64, 0x7A03, 0x69C2, 0x7203, 0x69E3, 0xAC4C, 0xDDF3, 0x9BAA, 0x7A24, 0x7A45, 0x7203, 0x8243, 0x8A84, 0x8A84, 0x8A84,
    0x9AC5, 0xA2E5, 0xA305, 0xBC09, 0xC46B, 0xC46B, 0xCC6B, 0xCC8B, 0xC42A, 0xB387, 0xB3A7, 0xBBC8, 0xBBC8, 0xBBC9, 0xBBC9, 0xBBC9,
    0xBBA8, 0xBBA8, 0xB3A8, 0xB387, 0xAB87, 0xAB87, 0xB3A8, 0xB3C8, 0xB3C8, 0xB3C8, 0xB3C8, 0xBBC8, 0xB3A8, 0xA326, 0xA306, 0x9B26,
    0x9B27, 0x9B27, 0xA347, 0xA347, 0x9B26, 0x92C5, 0x92E6, 0x9B27, 0x9B47, 0x9B47, 0x9B47, 0x9B47, 0xA3A8, 0x7203, 0xB40A, 0xFF76,
    0xFF35, 0xFF35, 0xFF14, 0xFF14, 0xFEF3, 0xFE92, 0xFE72, 0xFE72, 0xF671, 0xF6D3, 0xFFB8, 0xFFB8, 0xFFB8, 0xFFD9, 0xFFB9, 0xFFB9,
    0xFFB9, 0xFFDA, 0xFFDA, 0xFFDA, 0xFFDA, 0xFFDA, 0xFFDA, 0xFFD9, 0xFFD9, 0xFFD9, 0xFFD9, 0xFFD9, 0xFFD9, 0xFFDA, 0xFFDA, 0xFFDA,
    0xFFDA, 0xFFDA, 0xFFDA, 0xFFDA, 0xFFFA, 0xFFFA, 0xFFDA, 0xFFDA, 0xFFFC, 0xD5F3, 0x8A65, 0x8AE7, 0x9BEB, 0xCD92, 0xE676, 0xE655,
    0xE635, 0xDDF4, 0xDE14, 0xDDF3, 0x9B07, 0xB3E9, 0xE5AF, 0xE5CF, 0xEE73, 0xDD4D, 0xE56E, 0xDD8E, 0xDD8E, 0xDD6E, 0xDD4D, 0xDD4D,
    0xDD6E, 0xDD6E, 0xDD4D, 0xDD2D, 0xD50C, 0xDD8F, 0xF6D5, 0xF6F6, 0xEEB4, 0xEE95, 0xEE95, 0xDDD1, 0xD56F, 0xDD6F, 0xDD8F, 0xDD90,
    0xDDB0, 0xDDD1, 0xDDD1, 0xE5D1, 0xDDD1, 0xEE95, 0xFFDB, 0xFF9A, 0xF759, 0xF718, 0xFF59, 0xFFBA, 0xFFBA, 0xFFBA, 0xFF9A, 0xFF9A,
    0xFFB9, 0xFF79, 0xF6D7, 0xEED7, 0xF6F8, 0xEEB7, 0xEE96, 0xEE96, 0xEE96, 0xEE96, 0xEE96, 0xEE97, 0xEE97, 0xF6F8, 0xD552, 0xBB6B,
    0xC3CC, 0xE592, 0xE593, 0xDD73, 0xE593, 0xE5B3, 0xE5D4, 0xE5D4, 0xE593, 0xDD52, 0xDD92, 0xDD72, 0xDD72, 0xDDB2, 0xDDD3, 0xEE55,
    0xEE75, 0xEE75, 0xEE76, 0xEE75, 0xEE75, 0xEE75, 0xEE75, 0xEE75, 0xEE95, 0xEE75, 0xEE54, 0xF6B5, 0xF6F7, 0xE634, 0xDDF2, 0xDDD2,
    0xE634, 0xF718, 0xF718, 0xEF18, 0xF738, 0xE695, 0xE634, 0xE655, 0xE655, 0xE655, 0xEE55, 0xEE96, 0xF6D7, 0xF718, 0xFF9A, 0xEED7,
    0xA368, 0xAB88, 0xCC8A, 0xD48A, 0xD469, 0xD489, 0xD469, 0xD469, 0xD4AA, 0xDD2C, 0xDD2D, 0xE5EF, 0xF672, 0xF652, 0xF692, 0xE5CF,
    0xBC2A, 0xAB88, 0x71E3, 0x6161, 0x69A2, 0x69C2, 0x7203, 0x7203, 0x9348, 0xC4CE, 0xBC8D, 0x8AA5, 0x8A84, 0x8264, 0x8A64, 0x8A84,
    0x9AE5, 0xAB26, 0xAB26, 0xA305, 0xAB06, 0xA305, 0xBBE9, 0xD4CC, 0xCC6B, 0xC44B, 0xC42A, 0xB367, 0xB367, 0xBBC8, 0xBBC9, 0xBBC9,
    0xBBC9, 0xBBC9, 0xBBC9, 0xBBA8, 0xB3A8, 0xB3A8, 0xB3A8, 0xBBC8, 0xB3C8, 0xBBC8, 0xBBC8, 0xBBC8, 0xBBC8, 0xB387, 0xAB67, 0x9B06,
    0x9305, 0x9305, 0x9B06, 0xA367, 0xA367, 0xA347, 0x9306, 0x92E5, 0x9B26, 0x9B47, 0x9B47, 0x9B47, 0xA388, 0x71E3, 0xB42A, 0xFF76,
    0xFE51, 0xFE51, 0xFE51, 0xFE71, 0xFE71, 0xFE71, 0xFE72, 0xFE71, 0xFE71, 0xFE92, 0xFED4, 0xFF77, 0xFFB9, 0xFFB9, 0xFFB9, 0xFFB9,
    0xFFD9, 0xFFB9, 0xFFB9, 0xFFB8, 0xFFB8, 0xFFD9, 0xFFD9, 0xFFD9, 0xFFB9, 0xFFB9, 0xFFB8, 0xFFB9, 0xFFD9, 0xFFDA, 0xFFDA, 0xFFDA,
    0xFFDA, 0xFFDA, 0xFFDA, 0xFFFA, 0xFFD9, 0xFFD9, 0xFFD9, 0xFFD9, 0xFFD9, 0xF778, 0xEED6, 0xEF57, 0xD5D2, 0x92E7, 0xEE96, 0xE656,
    0xE635, 0xDE35, 0xDE14, 0xDDD4, 0xD592, 0xB40B, 0xBC2A, 0xEE31, 0xDD8F, 0xE54D, 0xDD6D, 0xDD6D, 0xDD4D, 0xDD4D, 0xDD4D, 0xDD4D,
    0xD50C, 0xD4CC, 0xE611, 0xEEF5, 0xEED4, 0xEED4, 0xEE32, 0xE632, 0xD56F, 0xD52E, 0xD54E, 0xDD6F, 0xDD90, 0xDD90, 0xDD90, 0xDD90,
    0xDDB0, 0xDDB1, 0xDD90, 0xDDF2, 0xF779, 0xFF7A, 0xF779, 0xF718, 0xF718, 0xFF9A, 0xFFDB, 0xFF9A, 0xFF99, 0xFF99, 0xFF79, 0xF738,
    0xF738, 0xF6D6, 0xEE96, 0xEEB6, 0xEEB6, 0xEEB6, 0xEEB6, 0xEEB6, 0xEEB6, 0xEEB6, 0xEE96, 0xEE96, 0xEE76, 0xC4D0, 0xBBEC, 0xCC6E,
    0xE592, 0xE592, 0xE593, 0xE593, 0xE5D4, 0xEE55, 0xEE55, 0xEE55, 0xEE55, 0xEE55, 0xEE75, 0xEE55, 0xE655, 0xEE55, 0xEE55, 0xEE75,
    0xEE75, 0xEE75, 0xEE75, 0xEE75, 0xEE75, 0xEE75, 0xEE74, 0xEE54, 0xEE95, 0xF6B6, 0xEE54, 0xEE13, 0xEE95, 0xF718, 0xEEB6, 0xE613,
    0xE613, 0xE613, 0xDE14, 0xEEB6, 0xEED7, 0xF759, 0xF759, 0xEE96, 0xEE55, 0xEE75, 0xEE75, 0xEE75, 0xE634, 0xF6B5, 0xAC2C, 0x9307,
    0xD58F, 0xFF56, 0xFF16, 0xE5CF, 0xD469, 0xD4AB, 0xD48A, 0xD489, 0xD4AA, 0xDCCA, 0xDCCA, 0xDCEB, 0xDD0B, 0xE50B, 0xE56D, 0xE5CF,
    0xE5CF, 0xE5D0, 0xB40A, 0xAC2A, 0x7A64, 0x5941, 0x6161, 0x6181, 0x61A2, 0x5941, 0x8AE6, 0xC4EE, 0xB46C, 0x92E5, 0x92E5, 0x92C5,
    0xA305, 0xAB26, 0xA326, 0xAB26, 0xAB46, 0xB367, 0xB347, 0xAB46, 0xB387, 0xCC6B, 0xC46A, 0xBC09, 0xBBC8, 0xB367, 0xB388, 0xBBA8,
    0xBBC9, 0xBBC8, 0xBBC8, 0xBBC8, 0xBBC8, 0xBBC8, 0xBBA8, 0xBBC8, 0xBBC8, 0xB3A8, 0xB388, 0xB3A8, 0xB3A8, 0xBBC8, 0xB3A8, 0xA306,
    0x92E5, 0x92E5, 0x92E5, 0x92E6, 0x9B06, 0xA347, 0x9B26, 0x92E5, 0x92E5, 0x9306, 0x9B47, 0x9B47, 0xA388, 0x71C2, 0xB40A, 0xFF76,
    0xFEB2, 0xFEB2, 0xFE92, 0xFE71, 0xFE91, 0xFE92, 0xFE72, 0xFE72, 0xFE71, 0xFE71, 0xF671, 0xFF76, 0xFFD9, 0xFFB9, 0xFFB9, 0xFFB9,
    0xFFB9, 0xFFB9, 0xFFB8, 0xFFB8, 0xFFB8, 0xFFB8, 0xFFB8, 0xFFB8, 0xFFB8, 0xFFB8, 0xFFB8, 0xFFB9, 0xFFD9, 0xFFDA, 0xFFDA, 0xFFDA,
    0xFFDA, 0xFFDA, 0xFFDA, 0xFFD9, 0xFFD9, 0xFFD9, 0xFFD9, 0xFFD9, 0xFFD9, 0xFFDA, 0xFFFA, 0xFFFB, 0xE6F6, 0xA369, 0xEE96, 0xE676,
    0xDE35, 0xE635, 0xE615, 0xDDF4, 0xE614, 0xB40A, 0xA388, 0xEE31, 0xE56D, 0xDD4D, 0xDD6D, 0xDD6D, 0xDD6D, 0xDD2C, 0xD50C, 0xDD0C,
    0xE652, 0xE673, 0xE673, 0xE632, 0xEE53, 0xE631, 0xD50D, 0xDD0D, 0xDD4E, 0xD54E, 0xD54E, 0xD54E, 0xD54E, 0xD56F, 0xDD90, 0xDD90,
    0xDD6F, 0xD56F, 0xEEF6, 0xF738, 0xEEB6, 0xEED7, 0xF718, 0xF739, 0xFFDB, 0xFFDB, 0xFF99, 0xFF79, 0xFF9A, 0xFF79, 0xF6D7, 0xEE96,
    0xEE96, 0xEE96, 0xEEB6, 0xF6D6, 0xF6D6, 0xF6D7, 0xEEB6, 0xEE96, 0xEE96, 0xEE96, 0xEE96, 0xF6B6, 0xD530, 0xB3CB, 0xCC8E, 0xE5F4,
    0xE5B3, 0xE5D4, 0xE635, 0xE614, 0xEE35, 0xEE75, 0xEE75, 0xEE76, 0xEE76, 0xEE76, 0xEE75, 0xEE95, 0xEE75, 0xEE75, 0xEE75, 0xEE96,
    0xEE96, 0xEE75, 0xEE96, 0xEE75, 0xEE75, 0xEE75, 0xEE74, 0xE654, 0xEE54, 0xEE74, 0xF6D6, 0xEE75, 0xEE13, 0xE674, 0xF717, 0xEED6,
    0xE634, 0xE614, 0xE634, 0xE614, 0xE614, 0xEE96, 0xEEF8, 0xFF7A, 0xF738, 0xEE75, 0xE655, 0xE654, 0xEE95, 0xDDD2, 0x8286, 0x9284,
    0xDCEB, 0xDD0C, 0xDD0C, 0xE611, 0xF6B3, 0xEE93, 0xDD2C, 0xDCEB, 0xD4CB, 0xD4CA, 0xDCCA, 0xDCEB, 0xDD0C, 0xDD0C, 0xDD0B, 0xDD0C,
    0xAB87, 0xA347, 0xB42A, 0xB42B, 0xABEA, 0xBC8C, 0xB46C, 0x6A04, 0x61C2, 0x61C2, 0x61A2, 0x6181, 0x7A64, 0xD52E, 0xD52D, 0xA326,
    0x9AE5, 0xA2E5, 0xA305, 0xAB26, 0xAB46, 0xB367, 0xB387, 0xB387, 0xB367, 0xAB46, 0xB387, 0xCC8C, 0xC44B, 0xBBC9, 0xBBC8, 0xB387,
    0xBBA8, 0xBBA8, 0xBBA8, 0xBBA8, 0xB3A8, 0xB3A8, 0xBBC8, 0xBBC8, 0xB3C8, 0xB3A8, 0xB387, 0xAB67, 0xAB67, 0xB387, 0xAB46, 0xA326,
    0x92E5, 0x92E5, 0x92E5, 0x92C5, 0x92C5, 0x9306, 0x9B26, 0x92E5, 0x92E5, 0x92E5, 0x9B26, 0x9B47, 0xA3A8, 0x69A2, 0xB42A, 0xFFB7,
    0xFEB2, 0xFED2, 0xFEB2, 0xFE71, 0xFE72, 0xFEB2, 0xFE92, 0xFE92, 0xFE72, 0xFE92, 0xFED3, 0xFF97, 0xFFD9, 0xFFD9, 0xFFD9, 0xFFD9,
    0xFFB9, 0xFFB8, 0xFFB8, 0xFFB8, 0xFFB8, 0xFFB8, 0xFFB8, 0xFFB8, 0xFFB8, 0xFFB8, 0xFFB8, 0xFFB8, 0xFFD9, 0xFFD9, 0xFFDA, 0xFFDA,
    0xFFD9, 0xFFD9, 0xFFD9, 0xFFB9, 0xFFB9, 0xFFB9, 0xFFD9, 0xFFB9, 0xFFD9, 0xFFD9, 0xFFB9, 0xFFFA, 0xE6B5, 0x9B69, 0xEEB7, 0xE676,
    0xDE35, 0xDE15, 0xDE15, 0xDDF4, 0xDDF3, 0xCD50, 0xB42B, 0xBC4A, 0xD50D, 0xDD6D, 0xDD6D, 0xDD4D, 0xDD4D, 0xDDAF, 0xE632, 0xEEB5,
    0xF716, 0xEE94, 0xDDD0, 0xD4CC, 0xD4ED, 0xD4ED, 0xDD2D, 0xDD4E, 0xDD4E, 0xDD4E, 0xD54E, 0xD54E, 0xD52E, 0xD56F, 0xD54E, 0xD52E,
    0xEE74, 0xE695, 0xEE95, 0xDE13, 0xD550, 0xE654, 0xFF59, 0xFFDB, 0xFF9A, 0xFF79, 0xFF59, 0xFF58, 0xF6D6, 0xEEB6, 0xEE95, 0xEE75,
    0xEE96, 0xF6D6, 0xF6D7, 0xF6D7, 0xF6D7, 0xF6D7, 0xEE96, 0xE675, 0xEE55, 0xEE96, 0xCD10, 0xBC0D, 0xAB6A, 0xD531, 0xEE35, 0xE5D4,
    0xE614, 0xEE35, 0xEE55, 0xEE35, 0xEE55, 0xEE75, 0xEE75, 0xEE76, 0xEE75, 0xEE75, 0xEE76, 0xEE76, 0xEE76, 0xEE76, 0xEE96, 0xEE96,
    0xEE96, 0xEE75, 0xEE96, 0xEE95, 0xEE75, 0xEE74, 0xEE54, 0xE654, 0xEE54, 0xE633, 0xEE74, 0xF717, 0xEE75, 0xE633, 0xE634, 0xF6F7,
    0xF717, 0xEEB6, 0xE613, 0xE654, 0xE635, 0xE634, 0xE634, 0xEEB6, 0xEEF7, 0xF779, 0xF6F8, 0xE654, 0xD5D2, 0xABEA, 0xAB87, 0xCC8A,
    0xDCEB, 0xD4CA, 0xDCCA, 0xDCEB, 0xDCEC, 0xD50C, 0xEE72, 0xF6D4, 0xE610, 0xDD2C, 0xDD4D, 0xDD0C, 0xDCEB, 0xDCEC, 0xDD0C, 0xDD0C,
    0xAB87, 0x9B07, 0x8AA5, 0x6161, 0x7223, 0x9327, 0x9B88, 0xA3CA, 0xA3CA, 0xA3EB, 0x9368, 0x8AE6, 0x92E6, 0x9306, 0x9327, 0xD54F,
    0xC44B, 0xB387, 0xAB46, 0xAB05, 0xAB26, 0xAB26, 0xAB67, 0xB367, 0xAB67, 0xAB67, 0xB367, 0xAB67, 0xB3A8, 0xC42A, 0xCC6A, 0xC409,
    0xB3A8, 0xB367, 0xB387, 0xAB87, 0xAB46, 0xAB46, 0xAB67, 0xB3C8, 0xBBE9, 0xBBE9, 0xBBE9, 0xBBE8, 0xBBC8, 0xB3A8, 0xAB46, 0xA306,
    0x9B06, 0xA347, 0x9B26, 0x92E6, 0x8AC5, 0x8AC5, 0x92E5, 0x8AC5, 0x8AC5, 0x8AC5, 0x8AC5, 0x92E6, 0x9B27, 0x8A85, 0x8265, 0x9307,
    0xFE91, 0xFE71, 0xFE71, 0xFE71, 0xFE71, 0xFE92, 0xFE92, 0xFE92, 0xFE71, 0xFE72, 0xFF35, 0xFF97, 0xFF98, 0xFFD9, 0xFFD9, 0xFFD9,
    0xFFD9, 0xFFD9, 0xFFD9, 0xFFD9, 0xFFB9, 0xFFB9, 0xFFB8, 0xFFB8, 0xFFB8, 0xFFB8, 0xFFB9, 0xFFB9, 0xFFB9, 0xFFD9, 0xFFD9, 0xFFD9,
    0xFFD9, 0xFFB8, 0xFFB8, 0xFFB9, 0xFFB9, 0xFFB9, 0xFFB9, 0xFFD9, 0xFFD9, 0xFFD9, 0xFFB9, 0xFFFA, 0xE6B5, 0x9B69, 0xF719, 0xEEB7,
    0xE656, 0xDE35, 0xDE14, 0xDE14, 0xDDF3, 0xDE14, 0xE614, 0xB40B, 0xABC9, 0xE58E, 0xDD4C, 0xDD6D, 0xDD6E, 0xF737, 0xEEF7, 0xEEF7,
    0xDDD1, 0xDD0C, 0xDD2D, 0xDD4D, 0xDD2D, 0xDD4E, 0xDD4E, 0xDD4E, 0xDD4E, 0xDD4E, 0xD52E, 0xD54E, 0xD52E, 0xD50D, 0xDE12, 0xEED5,
    0xEEB5, 0xE654, 0xD570, 0xD570, 0xE613, 0xEED7, 0xFF99, 0xF779, 0xF738, 0xF6F7, 0xFF38, 0xF717, 0xEE95, 0xF6D7, 0xF718, 0xEEB6,
    0xF6B6, 0xF6D6, 0xF6D7, 0xF6D6, 0xF6B6, 0xEEB6, 0xE655, 0xE655, 0xE655, 0xEE55, 0xCCF0, 0xC48E, 0xDDB2, 0xE5D3, 0xE635, 0xE635,
    0xEE55, 0xEE55, 0xEE55, 0xEE55, 0xEE55, 0xEE75, 0xEE76, 0xEE76, 0xEE96, 0xEE96, 0xEE96, 0xEE76, 0xEE76, 0xEE96, 0xEE96, 0xEE76,
    0xEE76, 0xEE75, 0xEE96, 0xEE95, 0xEE74, 0xEE74, 0xEE74, 0xEE54, 0xEE53, 0xEE54, 0xE633, 0xEE95, 0xF738, 0xE654, 0xEE34, 0xE634,
    0xEEB6, 0xFF59, 0xF717, 0xE634, 0xE635, 0xE655, 0xE655, 0xE634, 0xE634, 0xE655, 0xF738, 0xF717, 0x8AE7, 0x8AE5, 0xD4CA, 0xDCEB,
    0xD4CB, 0xD4CB, 0xD4CA, 0xD4CA, 0xDCCA, 0xD4CA, 0xD4EB, 0xD4CB, 0xE5F0, 0xF6F5, 0xF715, 0xE5F0, 0xDCEC, 0xDD0C, 0xDCEB, 0xD4CB,
    0xAB87, 0xA327, 0x92E6, 0x71E3, 0x69A2, 0x6181, 0x6161, 0x69C3, 0x7203, 0x71E3, 0x7A44, 0xBC8C, 0xBCCD, 0xBCAD, 0xC4AD, 0xDDB1,
    0xE5F2, 0xE5F2, 0xD54F, 0xBBE9, 0xBC2A, 0xBC2A, 0xBC09, 0xBBC9, 0xB3A9, 0xB388, 0xB387, 0xB367, 0xB367, 0xAB46, 0xB3A7, 0xCCCC,
    0xCCAC, 0xB3A8, 0xB387, 0xAB67, 0xA346, 0xAB87, 0xB3A8, 0xBBC8, 0xBC09, 0xC40A, 0xC42A, 0xC42A, 0xC409, 0xBBC8, 0xAB47, 0xA306,
    0x9B05, 0x9B26, 0x9B26, 0x9B06, 0x8AC5, 0x8AC5, 0x8AA4, 0x8AA4, 0x8AA5, 0x8AC5, 0x8AC5, 0x8AE5, 0x92E6, 0x9B47, 0x7A03, 0x79C2,
    0xF630, 0xF610, 0xFE31, 0xFE71, 0xFE51, 0xFE51, 0xFE72, 0xFE92, 0xFE92, 0xFE92, 0xFE71, 0xFEB3, 0xFF56, 0xFFB9, 0xFFD9, 0xFFDA,
    0xFFD9, 0xFFD9, 0xFFD9, 0xFFDA, 0xFFB9, 0xFFB9, 0xFFB9, 0xFFB9, 0xFFB9, 0xFFB9, 0xFFD9, 0xFFD9, 0xFFB9, 0xFFB8, 0xFFB8, 0xFFB9,
    0xFFB8, 0xFFB8, 0xFFB9, 0xFFB9, 0xFFB9, 0xFFB9, 0xFFD9, 0xFFD9, 0xFFD9, 0xFFD9, 0xFFD9, 0xFFFA, 0xE6B5, 0x8A65, 0x9328, 0xAC4D,
    0xFFFC, 0xEED7, 0xD5F3, 0xDE14, 0xDDF4, 0xD5D3, 0xDE34, 0xBC4C, 0xB40A, 0xDD4D, 0xD52D, 0xF6F6, 0xF716, 0xEE53, 0xDD8F, 0xDD6E,
    0xDD8F, 0xDDB0, 0xDD8F, 0xDD6F, 0xD54E, 0xDD6F, 0xDD6F, 0xDD6F, 0xDD6E, 0xDD6E, 0xD54E, 0xD50D, 0xDD6F, 0xE5F1, 0xE674, 0xEEB6,
    0xD570, 0xD52F, 0xD550, 0xDDD2, 0xFFDA, 0xFFBA, 0xE654, 0xE634, 0xE634, 0xF6F7, 0xF759, 0xF6D7, 0xF6B6, 0xF759, 0xFF9A, 0xF6D7,
    0xF6D6, 0xF6D6, 0xF6D7, 0xEE75, 0xE654, 0xE655, 0xE655, 0xEE75, 0xE634, 0xD592, 0xD592, 0xDDD3, 0xE614, 0xEE55, 0xEE76, 0xEE75,
    0xEE75, 0xEE75, 0xEE75, 0xEE76, 0xEE75, 0xEE76, 0xEE96, 0xEE96, 0xEE96, 0xEE96, 0xEE96, 0xEE96, 0xEE96, 0xEE96, 0xEE96, 0xEE76,
    0xEE96, 0xEE96, 0xEE75, 0xEE75, 0xE674, 0xEE54, 0xEE74, 0xEE54, 0xEE54, 0xEE54, 0xEE54, 0xE634, 0xEE95, 0xF737, 0xE675, 0xEE54,
    0xEE55, 0xEE75, 0xF738, 0xF738, 0xE635, 0xE654, 0xE655, 0xE655, 0xE634, 0xEE95, 0xCD50, 0x9B89, 0xEEF7, 0xE6D6, 0xD50C, 0xD4AA,
    0xD4AA, 0xD4CA, 0xDCCA, 0xD4CA, 0xDCCA, 0xDCCB, 0xDCCA, 0xDCEB, 0xDCEB, 0xDD2C, 0xDD0C, 0xEE72, 0xF716, 0xF715, 0xD54D, 0xCC6A,
    0xC46A, 0xC429, 0x92E6, 0x69C2, 0x69C2, 0x69C2, 0x69C2, 0x61A2, 0x61A1, 0x61A1, 0x69A2, 0x69C2, 0x71C2, 0x7A03, 0x92C5, 0x9AC4,
    0x9AE5, 0xA347, 0xDD6F, 0xDD6F, 0xD50E, 0xCCCD, 0xD50E, 0xCCED, 0xCCCD, 0xCCAC, 0xCC8C, 0xC46B, 0xC44B, 0xC42A, 0xBBE9, 0xBBC8,
    0xBC09, 0xD4AC, 0xBC0A, 0xB3A8, 0xB3A8, 0xBBC8, 0xBBE9, 0xBBE9, 0xBBE9, 0xB388, 0xB387, 0xB387, 0xBBC8, 0xBBC8, 0xB367, 0xA306,
    0x92C4, 0x8AC4, 0x8AC5, 0x8AA5, 0x8AC5, 0x8AC5, 0x8AA5, 0x8AA5, 0x8AC5, 0x8AC5, 0x92E5, 0x9306, 0x9306, 0x9B26, 0x8244, 0x8243,
    0xFE51, 0xFE51, 0xFE51, 0xFE51, 0xFE51, 0xFE51, 0xF651, 0xF651, 0xFE72, 0xFE72, 0xFE71, 0xFEB3, 0xFF76, 0xFFB9, 0xFFD9, 0xFFD9,
    0xFFDA, 0xFFDA, 0xFFBA, 0xFFBA, 0xFFB9, 0xFFB9, 0xFFB9, 0xFFD9, 0xFFDA, 0xFFDA, 0xFFDA, 0xFFD9, 0xFFD9, 0xFFB9, 0xFFB8, 0xFFB9,
    0xFFB8, 0xFFB8, 0xFFB9, 0xFFB9, 0xFFB9, 0xFFB9, 0xFFD9, 0xFFDA, 0xFFD9, 0xFFDA, 0xFFD9, 0xFFFA, 0xF758, 0xB44D, 0x9BA9, 0xB46E,
    0xEEF7, 0xDE35, 0xDDF4, 0xDE14, 0xDDF4, 0xD5D3, 0xE634, 0xCD2F, 0xBCCE, 0xEED6, 0xF717, 0xDDF2, 0xD590, 0xDDB0, 0xDDB0, 0xDDD0,
    0xDDB0, 0xDDB0, 0xDDB0, 0xDD90, 0xDD8F, 0xDD6F, 0xDD6F, 0xDD6F, 0xDD6F, 0xD54F, 0xD52E, 0xDDB0, 0xE632, 0xEEB4, 0xDD90, 0xCD0E,
    0xD52F, 0xCD0F, 0xEEB6, 0xF779, 0xEEB6, 0xE654, 0xDDF2, 0xDDD2, 0xEED7, 0xF717, 0xEE75, 0xEE75, 0xF738, 0xFF79, 0xEED7, 0xF6B6,
    0xF6B6, 0xEE96, 0xEE95, 0xEE75, 0xE634, 0xE635, 0xE634, 0xE635, 0xE614, 0xDDD3, 0xE5F3, 0xE614, 0xEE75, 0xEE76, 0xEE76, 0xEE76,
    0xEE76, 0xEE76, 0xEE76, 0xEE76, 0xEE76, 0xEE76, 0xEE96, 0xEE96, 0xEE96, 0xEE96, 0xEE96, 0xEE96, 0xEE96, 0xEE96, 0xEE96, 0xEE96,
    0xEE96, 0xEE96, 0xEE75, 0xE653, 0xE654, 0xE654, 0xEE54, 0xE654, 0xEE54, 0xEE53, 0xE633, 0xE633, 0xE613, 0xEE75, 0xF738, 0xE655,
    0xEE75, 0xEE75, 0xEE75, 0xF6F7, 0xF718, 0xEE75, 0xE634, 0xEE75, 0xF6D6, 0xC4AE, 0x9B07, 0x92A4, 0xDD6E, 0xE5F0, 0xF717, 0xEE53,
    0xDD2C, 0xD4A9, 0xD4AA, 0xDCCA, 0xDCCA, 0xD4CA, 0xDCCA, 0xDCEB, 0xDD0B, 0xDD0B, 0xE50B, 0xE54D, 0xE56D, 0xE5CF, 0xEED4, 0xEEB4,
    0xCD2D, 0xB3C8, 0x8284, 0x69C2, 0x69E3, 0x69C3, 0x69C2, 0x69C2, 0x69A2, 0x69C2, 0x69C2, 0x71C2, 0x71C2, 0x7A02, 0x92C5, 0x9AC4,
    0xA2E5, 0xA325, 0xB3A8, 0xD4AC, 0xD4CC, 0xB387, 0xB367, 0xB367, 0xB387, 0xB367, 0xBBC8, 0xCC4A, 0xC42A, 0xBBE9, 0xB387, 0xB387,
    0xB387, 0xAB87, 0xBC0A, 0xC46B, 0xB3C9, 0xBBE9, 0xBBE9, 0xBBE9, 0xC3E9, 0xBBA8, 0xB387, 0xB367, 0xB3A8, 0xBBC8, 0xB387, 0xAB67,
    0x9AE5, 0x8AC5, 0x8AC4, 0x8AC4, 0x8AC4, 0x8AA4, 0x8AA5, 0x8AA5, 0x8AA4, 0x8AC5, 0x9306, 0x9306, 0x9306, 0x9B26, 0x8244, 0x8223,
    0xFE71, 0xFE71, 0xFE71, 0xFE51, 0xFE51, 0xFE51, 0xFE51, 0xF651, 0xFE71, 0xFE71, 0xFE72, 0xFEF3, 0xFF56, 0xFF77, 0xFFB9, 0xFFD9,
    0xFFD9, 0xFFDA, 0xFFDA, 0xFFBA, 0xFFB9, 0xFFB9, 0xFFB9, 0xFFB9, 0xFFDA, 0xFFDA, 0xFFD9, 0xFFB9, 0xFFB9, 0xFFB9, 0xFFB9, 0xFFB9,
    0xFFB9, 0xFFB9, 0xFFB9, 0xFFB9, 0xFFB9, 0xFFB9, 0xFFB9, 0xFFB9, 0xFFD9, 0xFFD9, 0xFFDA, 0xFFDA, 0xFFFA, 0xFFFB, 0xFFFC, 0xEF17,
    0x9A43, 0xBC4B, 0xE655, 0xDDF4, 0xDDF4, 0xD5B3, 0xE634, 0xF738, 0xF738, 0xD5D2, 0xCD30, 0xCD0F, 0xCD0F, 0xDDB0, 0xDDD0, 0xDDB0,
    0xDDB0, 0xDDB0, 0xDD8F, 0xDD8F, 0xDD8F, 0xDD8F, 0xDD6F, 0xDD6F, 0xD54E, 0xD54E, 0xE673, 0xEEF5, 0xDDD1, 0xCD0E, 0xD54F, 0xD50E,
    0xDDF2, 0xF6F7, 0xE675, 0xDE34, 0xD591, 0xD5B1, 0xD5B1, 0xEEB5, 0xEED6, 0xDE14, 0xDE13, 0xF6F7, 0xF738, 0xEEB6, 0xEEB6, 0xEEB6,
    0xF6D7, 0xE654, 0xEE95, 0xF6F7, 0xE655, 0xE614, 0xE614, 0xE614, 0xE614, 0xE614, 0xE614, 0xE635, 0xEE55, 0xEE76, 0xEE76, 0xEE76,
    0xEE76, 0xEE76, 0xEE76, 0xEE76, 0xEE76, 0xEE76, 0xEE96, 0xEE96, 0xEE96, 0xEE96, 0xEE96, 0xEE96, 0xEE96, 0xEE96, 0xEE96, 0xEE96,
    0xEE76, 0xEE55, 0xEE54, 0xEE54, 0xEE53, 0xEE54, 0xEE54, 0xEE54, 0xEE74, 0xE634, 0xDDB2, 0xDDD3, 0xDDF4, 0xE614, 0xEEB7, 0xF6D7,
    0xEE55, 0xEE76, 0xEE76, 0xEE76, 0xF718, 0xF718, 0xE695, 0xCD50, 0xC50F, 0x9B06, 0xAB26, 0xDCEC, 0xD4AA, 0xD4AB, 0xDD4E, 0xEE73,
    0xF6D5, 0xD50C, 0xDCEB, 0xD4AA, 0xDCCA, 0xDCEB, 0xDCEB, 0xDD0B, 0xDD0B, 0xDD0B, 0xE56D, 0xE56C, 0xDD0B, 0xDD0B, 0xE56E, 0xDD6D,
    0xE611, 0xDDF2, 0xC4EE, 0x8285, 0x5940, 0x6182, 0x69C3, 0x69C2, 0x69C2, 0x69C2, 0x69C2, 0x71E2, 0x71E2, 0x7A02, 0x8243, 0x92A4,
    0x9B05, 0xA305, 0xAB26, 0xB387, 0xC409, 0xDD2D, 0xCC8B, 0xB387, 0xB387, 0xB3A7, 0xBBC8, 0xBBE9, 0xBBE8, 0xBBC8, 0xBBC8, 0xB3A7,
    0xB386, 0xAB66, 0xAB66, 0xBBC9, 0xC46B, 0xC44A, 0xC409, 0xC409, 0xC409, 0xC42A, 0xC409, 0xBBC8, 0xBBC8, 0xBBC8, 0xB387, 0xAB67,
    0xA326, 0x9AE5, 0x8AC4, 0x8AC5, 0x8AC5, 0x8AA4, 0x8AA5, 0x8AC5, 0x92E6, 0x8AA5, 0x92C5, 0x9306, 0x9306, 0x9B26, 0x8244, 0x8223,
    0xFE71, 0xFE72, 0xFE72, 0xFE51, 0xF610, 0xF631, 0xFE51, 0xFE51, 0xFE51, 0xF651, 0xFEB2, 0xFF34, 0xFF36, 0xFF57, 0xFFB9, 0xFFDA,
    0xFFDA, 0xFFDA, 0xFFDA, 0xFFDA, 0xFFB9, 0xFF99, 0xFFB9, 0xFFB9, 0xFFD9, 0xFFDA, 0xFFD9, 0xFFD9, 0xFFB9, 0xFFB9, 0xFFB9, 0xFFD9,
    0xFFD9, 0xFFD9, 0xFFD9, 0xFFB8, 0xFFB9, 0xFFB9, 0xFFB9, 0xFFB9, 0xFFD9, 0xFFD9, 0xFFDA, 0xFFDA, 0xFFDA, 0xFFB9, 0xFFFA, 0xE6F7,
    0xA2E5, 0xC48D, 0xE655, 0xDE14, 0xDDF3, 0xE675, 0xF717, 0xEE96, 0xE655, 0xCD51, 0xCCEF, 0xC4EF, 0xC50F, 0xD570, 0xDD90, 0xDDB0,
    0xDDB0, 0xDDB0, 0xDD8F, 0xDD8F, 0xDD8F, 0xDD90, 0xDD6F, 0xD54F, 0xDDF1, 0xE633, 0xEEB5, 0xCD4F, 0xD52E, 0xD50E, 0xD570, 0xEE95,
    0xEEF7, 0xEEB6, 0xD591, 0xD570, 0xDDB1, 0xD591, 0xEEB6, 0xEEF7, 0xDDD3, 0xD5D2, 0xEEF7, 0xF718, 0xE654, 0xE654, 0xE614, 0xE655,
    0xF717, 0xE654, 0xEE96, 0xE654, 0xE634, 0xE614, 0xDE14, 0xE614, 0xE635, 0xEE55, 0xEE55, 0xEE55, 0xEE55, 0xEE76, 0xEE75, 0xEE76,
    0xEE76, 0xEE76, 0xEE76, 0xEE76, 0xEE76, 0xEE76, 0xEE96, 0xF696, 0xEE96, 0xEE96, 0xEE96, 0xEE96, 0xF696, 0xEE75, 0xE655, 0xEE55,
    0xEE55, 0xEE54, 0xEE54, 0xE654, 0xE654, 0xEE54, 0xEE54, 0xEE74, 0xDDF3, 0xD592, 0xDE14, 0xE634, 0xEE75, 0xEE75, 0xEE56, 0xF6D7,
    0xEED7, 0xEE76, 0xEE96, 0xEE76, 0xEE96, 0xF717, 0xFF9A, 0x9348, 0x79C1, 0xC46A, 0xD4CB, 0xD4EB, 0xD4EB, 0xD4CB, 0xD4CB, 0xCCAA,
    0xDDD0, 0xF737, 0xEE73, 0xD4AA, 0xD4CA, 0xE54C, 0xEDAD, 0xEDAD, 0xEDAD, 0xEDAD, 0xEDAD, 0xE56C, 0xE52C, 0xE52C, 0xDCEB, 0xD4AA,
    0xB3E9, 0xA388, 0xA388, 0xC4AD, 0xBC8D, 0x9B89, 0x6181, 0x6161, 0x69A2, 0x69C2, 0x69C2, 0x71E2, 0x71E2, 0x7A23, 0x8243, 0x8A43,
    0x8A63, 0xA306, 0xB367, 0xB346, 0xB346, 0xBBC8, 0xE52E, 0xD4CC, 0xBBC9, 0xB387, 0xBBC8, 0xBBC8, 0xBBC8, 0xBBC8, 0xBBE8, 0xBBC8,
    0xB366, 0xAB66, 0xB386, 0xB387, 0xB388, 0xC42A, 0xC42A, 0xC40A, 0xC42A, 0xC409, 0xC409, 0xBBE9, 0xBBC8, 0xBBC8, 0xAB46, 0x9B05,
    0x9B06, 0x9B06, 0x92E5, 0x8AC5, 0x8AC5, 0x8AC5, 0x8AA5, 0x92E6, 0x9B26, 0x92E5, 0x92C5, 0x92E5, 0x92E5, 0x9B26, 0x8244, 0x8223,
    0xFE51, 0xFE51, 0xFE71, 0xFE71, 0xFE51, 0xFE51, 0xFE31, 0xFE51, 0xFE51, 0xFE71, 0xFEB2, 0xFEF3, 0xFF76, 0xFF98, 0xFFB9, 0xFFDA,
    0xFFDA, 0xFFDA, 0xFFD9, 0xFFB9, 0xFFB9, 0xFFB9, 0xFFB9, 0xFFD9, 0xFFD9, 0xFFDA, 0xFFDA, 0xFFDA, 0xFFD9, 0xFFD9, 0xFFD9, 0xFFD9,
    0xFFD9, 0xFFD9, 0xFFD9, 0xFFB8, 0xFFB9, 0xFFD9, 0xFFFA, 0xFFDA, 0xFFD9, 0xFFD9, 0xFFDA, 0xFFDA, 0xFFDA, 0xFFDA, 0xFFDA, 0xFFB9,
    0xF779, 0xC550, 0xD591, 0xE675, 0xF759, 0xEED7, 0xE655, 0xDDF3, 0xD5D3, 0xDDF4, 0xDDF3, 0xCD30, 0xC510, 0xC4EF, 0xC4EF, 0xD570,
    0xDDB0, 0xDDB0, 0xDD90, 0xDDB0, 0xDDB0, 0xDD8F, 0xDDB0, 0xE633, 0xF6F6, 0xE632, 0xCD0E, 0xD54F, 0xD52F, 0xDDF2, 0xEE95, 0xF717,
    0xD5D2, 0xCD4F, 0xD5B1, 0xD591, 0xD5B1, 0xEEB5, 0xEEB6, 0xDDD2, 0xD5B2, 0xEEB6, 0xF717, 0xDE34, 0xEE54, 0xE654, 0xDE13, 0xE675,
    0xDE13, 0xE6B6, 0xEEF7, 0xD5B2, 0xDE14, 0xE634, 0xE634, 0xE635, 0xE655, 0xE655, 0xE655, 0xE655, 0xEE75, 0xEE76, 0xEE75, 0xEE76,
    0xEE76, 0xEE76, 0xEE76, 0xEE75, 0xEE75, 0xEE76, 0xEE96, 0xEE96, 0xEE96, 0xEE96, 0xEE96, 0xEE96, 0xEE96, 0xEE75, 0xE654, 0xE654,
    0xE654, 0xEE54, 0xEE54, 0xEE74, 0xEE74, 0xEE74, 0xEE74, 0xD592, 0xD592, 0xDDD3, 0xEE76, 0xEE96, 0xEE76, 0xEE76, 0xEE76, 0xEE76,
    0xF6F7, 0xEEB6, 0xEE96, 0xFF18, 0xD5B2, 0x9B27, 0xA3AA, 0xCDD2, 0xC46A, 0xDCEB, 0xDD0C, 0xD4EB, 0xD4EB, 0xDD0C, 0xDD2C, 0xDD0C,
    0xDD2C, 0xDD6D, 0xEEB4, 0xF737, 0xE5F0, 0xE56C, 0xEDAD, 0xEDAD, 0xEDAD, 0xEDAD, 0xEDAD, 0xE58D, 0xE54C, 0xE52C, 0xD4CB, 0xCC69,
    0xAB67, 0xA326, 0x7A03, 0x7A85, 0x8B07, 0x9B89, 0xAC0B, 0xABEB, 0x7A44, 0x6160, 0x69C2, 0x71E2, 0x71E2, 0x7A23, 0x8243, 0x8A63,
    0x8A63, 0x9284, 0x9AA4, 0xB367, 0xB367, 0xB366, 0xB367, 0xD4CC, 0xD4CC, 0xC429, 0xBBA8, 0xBBC8, 0xBBE9, 0xBBC8, 0xBBC8, 0xBBC8,
    0xB366, 0xAB66, 0xAB67, 0xB3A8, 0xB3A8, 0xB3A8, 0xB3C8, 0xC409, 0xC42A, 0xC42A, 0xC42A, 0xB3A8, 0xB367, 0xB387, 0xAB67, 0x9B06,
    0x9B26, 0x9B06, 0x9B06, 0x9B06, 0x8AA5, 0x8AC5, 0x8AC5, 0x8AC5, 0x8AC5, 0x92C5, 0x92C5, 0x92C5, 0x92C5, 0x9B47, 0x8264, 0x7A03,
    0xFE71, 0xFE92, 0xFE92, 0xFE92, 0xFE92, 0xFE92, 0xFE92, 0xFEB2, 0xFEB2, 0xFE92, 0xFEB2, 0xFEB2, 0xFF97, 0xFFD9, 0xFFDA, 0xFFDA,
    0xFFD9, 0xFFD9, 0xFFB9, 0xFFB9, 0xFFB9, 0xFFB9, 0xFFB9, 0xFFD9, 0xFFDA, 0xFFDA, 0xFFDA, 0xFFDA, 0xFFD9, 0xFFD9, 0xFFD9, 0xFFD9,
    0xFFD9, 0xFFD9, 0xFFD9, 0xFFD9, 0xFFD9, 0xFFDA, 0xFFDA, 0xFFFA, 0xFFDA, 0xFFD9, 0xFFD9, 0xFFDA, 0xFFFA, 0xFFDA, 0xFFDA, 0xFFD9,
    0xFFFC, 0xBCCE, 0xE654, 0xFFDB, 0xF6F7, 0xE655, 0xDE14, 0xDE34, 0xDE14, 0xDE14, 0xDE14, 0xE614, 0xD571, 0xCD10, 0xCD0F, 0xCD30,
    0xD590, 0xDD90, 0xDDB0, 0xDD90, 0xDD90, 0xDDB0, 0xF6D6, 0xF6D6, 0xD570, 0xD570, 0xD550, 0xDD6F, 0xDDF1, 0xF716, 0xE653, 0xD570,
    0xD590, 0xD5B1, 0xD591, 0xD5B1, 0xEE74, 0xEED6, 0xD5B2, 0xD5B2, 0xE675, 0xF738, 0xE613, 0xE633, 0xEE75, 0xDDF3, 0xEEB6, 0xF718,
    0xD5B2, 0xEEB6, 0xEEF7, 0xD5D2, 0xE634, 0xE655, 0xE655, 0xE655, 0xEE55, 0xE655, 0xE655, 0xE655, 0xEE75, 0xEE76, 0xEE76, 0xEE75,
    0xEE76, 0xEE76, 0xEE76, 0xEE75, 0xEE75, 0xEE75, 0xEE96, 0xEE75, 0xEE96, 0xEE96, 0xEE96, 0xEE54, 0xE654, 0xE654, 0xE654, 0xE654,
    0xEE54, 0xE654, 0xEE54, 0xE634, 0xDDD3, 0xDDF3, 0xDDD3, 0xDDB3, 0xDDF4, 0xEE96, 0xEE76, 0xEE76, 0xEE96, 0xEE76, 0xEE76, 0xEE76,
    0xEE75, 0xF6F7, 0xD5F3, 0xB44D, 0xA369, 0x8203, 0xB3A8, 0xE611, 0xF6F4, 0xD4CB, 0xD4EB, 0xD50C, 0xD50C, 0xDD4D, 0xDD6D, 0xDD4D,
    0xDD4C, 0xDD4C, 0xE5AE, 0xE5AE, 0xF715, 0xF6D4, 0xE5AD, 0xEDAD, 0xEDAD, 0xEDAD, 0xEDAD, 0xED8D, 0xE56D, 0xD4CB, 0xC449, 0xCC6A,
    0xAB67, 0xA367, 0x7A44, 0x61A1, 0x6161, 0x7203, 0x9B48, 0x9B48, 0xABEA, 0xB42B, 0x9327, 0x6160, 0x71C1, 0x8223, 0x8A63, 0x8A63,
    0x8A64, 0x8A63, 0x9283, 0xB367, 0xB367, 0xBB87, 0xBB87, 0xB366, 0xC3E9, 0xE54E, 0xC44A, 0xBBE9, 0xBBC8, 0xBBC8, 0xBBE8, 0xBBC8,
    0xB366, 0xAB66, 0xAB46, 0xAB67, 0xB387, 0xB3A8, 0xB388, 0xBBE9, 0xC42A, 0xC409, 0xC42A, 0xC409, 0xB3A8, 0xAB46, 0xA347, 0xA326,
    0x9B06, 0x9B06, 0x9B06, 0x9B06, 0x92C5, 0x8AA4, 0x8AC5, 0x8AC5, 0x8AC5, 0x8AC5, 0x8AC5, 0x92C5, 0x92E5, 0x9B26, 0x9B26, 0x7A23,
    0xFE71, 0xFE92, 0xFE92, 0xFEB2, 0xFEB2, 0xFED3, 0xFED3, 0xFEF3, 0xFED3, 0xFED3, 0xFEB2, 0xFEB3, 0xFF76, 0xFFB9, 0xFFDA, 0xFFDA,
    0xFFDA, 0xFFDA, 0xFFDA, 0xFFDA, 0xFFB9, 0xFFB9, 0xFFD9, 0xFFD9, 0xFFDA, 0xFFDA, 0xFFDA, 0xFFD9, 0xFFB9, 0xFFB9, 0xFFD9, 0xFFD9,
    0xFFD9, 0xFFD9, 0xFFD9, 0xFFD9, 0xFFD9, 0xFFD9, 0xFFDA, 0xFFDA, 0xFFDA, 0xFFFA, 0xFFFA, 0xFFFA, 0xFFFA, 0xFFFA, 0xFFFA, 0xFFDA,
    0xFFFA, 0xDE75, 0xC50F, 0xD591, 0xE635, 0xE655, 0xE635, 0xE634, 0xDE14, 0xDE14, 0xDE14, 0xDE14, 0xDDF3, 0xE614, 0xD591, 0xC4EF,
    0xCD0F, 0xCD2F, 0xD570, 0xD570, 0xF6D6, 0xF717, 0xE5F3, 0xD591, 0xD590, 0xD590, 0xD550, 0xE653, 0xF736, 0xDDF2, 0xD590, 0xD5B1,
    0xD5B1, 0xD590, 0xD590, 0xEEB4, 0xEE95, 0xD591, 0xD591, 0xDE34, 0xF737, 0xE634, 0xDE13, 0xEEB5, 0xDE13, 0xE654, 0xEF17, 0xDE54,
    0xD5D2, 0xE6B6, 0xEEF7, 0xD5D2, 0xE634, 0xE655, 0xE655, 0xE655, 0xEE55, 0xEE55, 0xE655, 0xE655, 0xEE55, 0xEE76, 0xEE75, 0xEE76,
    0xEE76, 0xEE76, 0xEE76, 0xEE76, 0xEE75, 0xEE75, 0xEE75, 0xEE75, 0xEE75, 0xEE75, 0xEE55, 0xE654, 0xE633, 0xE634, 0xE654, 0xE634,
    0xE634, 0xE634, 0xEE54, 0xDDD3, 0xCD71, 0xD572, 0xCD51, 0xE635, 0xEE96, 0xEE76, 0xEE96, 0xEE76, 0xEE76, 0xEE96, 0xEE96, 0xEE96,
    0xE655, 0xEED7, 0xCD71, 0x81E2, 0xB3C8, 0xBC09, 0xDD2C, 0xD50C, 0xDDB0, 0xEE32, 0xD4EB, 0xD4EC, 0xDD0C, 0xDD0C, 0xDD4D, 0xDD4D,
    0xE54D, 0xE56D, 0xE54D, 0xE56C, 0xE5AE, 0xEE72, 0xFF55, 0xF671, 0xE58D, 0xEDAD, 0xEDAD, 0xEDAD, 0xED8D, 0xED8D, 0xED8D, 0xDCEB,
    0xAB67, 0xAB87, 0x8264, 0x69C2, 0x69E2, 0x69C2, 0x61A1, 0x6181, 0x8AC6, 0x9327, 0xABEA, 0xB44B, 0x9B68, 0x71C1, 0x8223, 0x8A64,
    0x8A84, 0x8A84, 0x9AE4, 0xB367, 0xBB87, 0xBB87, 0xBB87, 0xBB87, 0xBB87, 0xB387, 0xD4EC, 0xD4EC, 0xBBE9, 0xBBC8, 0xBBC8, 0xBBC8,
    0xB387, 0xB367, 0xB387, 0xB387, 0xB388, 0xB3A8, 0xB3A8, 0xBBC8, 0xC409, 0xC429, 0xC429, 0xC409, 0xC409, 0xB387, 0xAB47, 0xA326,
    0x92C4, 0x8AC4, 0x92E5, 0x9306, 0x92E6, 0x8284, 0x8AA5, 0x8AC5, 0x8AC5, 0x8AC5, 0x8AA5, 0x92C5, 0x9B26, 0x9B26, 0x9B26, 0x92E6,
    0xFE71, 0xFE92, 0xFEB2, 0xFEB2, 0xFEB2, 0xFED3, 0xFED3, 0xFED3, 0xFEF3, 0xFED3, 0xFEB2, 0xFEB2, 0xFF35, 0xFF97, 0xFF98, 0xFF99,
    0xFFDA, 0xFFDA, 0xFFDA, 0xFFDA, 0xFFDA, 0xFFD9, 0xFFD9, 0xFFDA, 0xFFD9, 0xFFD9, 0xFFD9, 0xFFB9, 0xFFB9, 0xFFD9, 0xFFD9, 0xFFD9,
    0xFFD9, 0xFFD9, 0xFFD9, 0xFFD9, 0xFFD9, 0xFFD9, 0xFFD9, 0xFFD9, 0xFFDA, 0xFFFA, 0xFFFA, 0xFFF9, 0xFFFA, 0xFFFA, 0xFFFA, 0xFFDA,
    0xFFFA, 0xFFB9, 0xD634, 0xABC9, 0xCD51, 0xEED7, 0xDE34, 0xE634, 0xDE14, 0xDE14, 0xDE14, 0xDE14, 0xDE14, 0xDE14, 0xDDD3, 0xD572,
    0xCD50, 0xCD50, 0xDDF2, 0xF6B6, 0xE634, 0xDDF3, 0xD570, 0xD591, 0xD570, 0xD570, 0xF716, 0xF6F6, 0xDDD1, 0xDDB0, 0xDDB1, 0xDDB1,
    0xD5B1, 0xD5B1, 0xEE95, 0xE694, 0xD591, 0xD591, 0xDE13, 0xF758, 0xDE34, 0xDDF3, 0xEE95, 0xE654, 0xDDD2, 0xEEB6, 0xEED6, 0xD5B2,
    0xDE34, 0xEEB6, 0xEE96, 0xDDF3, 0xE614, 0xE675, 0xE675, 0xE675, 0xE655, 0xE655, 0xE635, 0xE614, 0xE634, 0xE614, 0xE635, 0xEE76,
    0xEE75, 0xEE76, 0xEE76, 0xEE76, 0xE634, 0xE614, 0xE634, 0xE634, 0xE634, 0xE614, 0xE633, 0xE634, 0xE654, 0xE654, 0xE654, 0xDDF3,
    0xD572, 0xD572, 0xD572, 0xCD71, 0xD572, 0xE635, 0xEE55, 0xEE75, 0xEE76, 0xEE76, 0xEE96, 0xEE96, 0xEE96, 0xEE96, 0xEE96, 0xEEB7,
    0xF6B6, 0x9B28, 0xABEB, 0xD58F, 0xDD4D, 0xDD2D, 0xD50C, 0xD52D, 0xDD4D, 0xF693, 0xEE11, 0xD50C, 0xDD0C, 0xDD2D, 0xDD4C, 0xE58D,
    0xE56D, 0xE56D, 0xE56D, 0xE58D, 0xE56C, 0xE56C, 0xEE30, 0xF736, 0xF6F4, 0xEDCE, 0xED8D, 0xEDAD, 0xED8D, 0xE56D, 0xE56D, 0xDCEC,
    0xA347, 0x9B06, 0x8264, 0x7203, 0x69E2, 0x69C2, 0x69E2, 0x69E2, 0x69A1, 0x6161, 0x7A44, 0x9348, 0xABEA, 0xBC6B, 0xAB88, 0x8222,
    0x8243, 0x8A63, 0xAB46, 0xBB87, 0xB387, 0xBB87, 0xBB87, 0xBB87, 0xBB87, 0xBB87, 0xB367, 0xBBE9, 0xDD6E, 0xCC4B, 0xBBC9, 0xBBC8,
    0xAB46, 0xAB05, 0xAB46, 0xB387, 0xB388, 0xB3A8, 0xBBA8, 0xBBA8, 0xBBC8, 0xBBC9, 0xC409, 0xCC2A, 0xCC2A, 0xB3A8, 0xAB47, 0xA347,
    0x9B05, 0x8A84, 0x8284, 0x8A84, 0x8AA4, 0x8A84, 0x8AA5, 0x8AC5, 0x8AC5, 0x8AC5, 0x8AA5, 0x9B06, 0x9B06, 0x9B26, 0x9B26, 0xA327,
    0xF651, 0xF671, 0xF671, 0xFE92, 0xFED3, 0xFED3, 0xFED3, 0xFED3, 0xFED3, 0xFED3, 0xFEB2, 0xFEB2, 0xFF35, 0xFF76, 0xFF57, 0xFF98,
    0xFFDA, 0xFFDA, 0xFFDA, 0xFFD9, 0xFFB9, 0xFFB9, 0xFFB9, 0xFFD9, 0xFFD9, 0xFFD9, 0xFFD9, 0xFFD9, 0xFFD9, 0xFFD9, 0xFFD9, 0xFFD9,
    0xFFD9, 0xFFD9, 0xFFD9, 0xFFD9, 0xFFB9, 0xFFD9, 0xFFD9, 0xFFD9, 0xFFD9, 0xFFB9, 0xFFB8, 0xFFD9, 0xFFFA, 0xFFFA, 0xFFDA, 0xFFDA,
    0xFFDA, 0xFFDA, 0xFFFC, 0xD5F3, 0xC571, 0xCD50, 0xDE14, 0xE635, 0xDE34, 0xDE34, 0xDE14, 0xDE14, 0xDE14, 0xDE14, 0xDDF4, 0xE614,
    0xE655, 0xE676, 0xEE75, 0xCD50, 0xBC8D, 0xBC8D, 0xCD2F, 0xD550, 0xE654, 0xF737, 0xE653, 0xDDB1, 0xDDB1, 0xDDD1, 0xDDB1, 0xDDB1,
    0xD590, 0xEEB5, 0xEEB5, 0xD591, 0xD591, 0xDDD2, 0xF737, 0xE654, 0xD5D2, 0xE675, 0xF6F7, 0xD591, 0xDE34, 0xF738, 0xD5F3, 0xD5D2,
    0xEED6, 0xEEB5, 0xDDD2, 0xDE13, 0xE614, 0xE655, 0xE655, 0xE655, 0xE614, 0xDE14, 0xDE14, 0xE614, 0xE614, 0xE614, 0xE614, 0xE634,
    0xE634, 0xE634, 0xE634, 0xE614, 0xE613, 0xE613, 0xE613, 0xE614, 0xE613, 0xE613, 0xE633, 0xE633, 0xDDF3, 0xDDF3, 0xDDF3, 0xD5B2,
    0xCD51, 0xCD51, 0xD592, 0xD5B2, 0xD5B3, 0xEE75, 0xEE96, 0xEE76, 0xEE96, 0xEE96, 0xEE96, 0xEE96, 0xEE96, 0xEE96, 0xEE96, 0xE614,
    0xCD10, 0x8A64, 0xBC6C, 0xFF77, 0xD4ED, 0xD52D, 0xD52D, 0xDD6D, 0xDD6E, 0xDD4D, 0xF6D4, 0xEDF0, 0xDD4C, 0xE58E, 0xE56D, 0xE58D,
    0xE58D, 0xE56D, 0xE56D, 0xE56D, 0xE56D, 0xE56D, 0xE56D, 0xE5AE, 0xEEB3, 0xFF36, 0xEE72, 0xE56D, 0xDD0C, 0xDD0C, 0xC46A, 0xC429,
    0x8264, 0x7203, 0x7224, 0x7A44, 0x7203, 0x69C2, 0x69C2, 0x69C2, 0x69E2, 0x7203, 0x71E2, 0x6981, 0x8A64, 0xBC2A, 0xB3E9, 0xBC6B,
    0xB3E9, 0x8A83, 0xA305, 0xBB87, 0xB387, 0xB387, 0xBB87, 0xBB87, 0xBB87, 0xBB87, 0xBB87, 0xBB87, 0xBBC8, 0xD4EC, 0xDD0D, 0xBC09,
    0xB387, 0xAB26, 0xAB26, 0xAB67, 0xB367, 0xB387, 0xBBA8, 0xBBA8, 0xBBA8, 0xBBA8, 0xBBC9, 0xBBA8, 0xB388, 0xAB47, 0xA326, 0xA326,
    0x9B06, 0x8AA4, 0x8284, 0x8284, 0x8284, 0x8A84, 0x8A84, 0x8AA5, 0x92C5, 0x8AC5, 0x8AC5, 0x8AA5, 0x92E5, 0x9B06, 0x9B06, 0x9B06,
    0xF630, 0xF630, 0xF630, 0xF651, 0xFEB2, 0xFEB3, 0xFEB3, 0xFEB3, 0xFEB2, 0xFEB2, 0xFEB2, 0xFEB2, 0xFED3, 0xFF15, 0xFF98, 0xFFD9,
    0xFFDA, 0xFFDA, 0xFFDA, 0xFFD9, 0xFFB9, 0xFFB9, 0xFFD9, 0xFFD9, 0xFFD9, 0xFFD9, 0xFFD9, 0xFFD9, 0xFFD9, 0xFFD9, 0xFFD9, 0xFFDA,
    0xFFD9, 0xFFB9, 0xFFB9, 0xFFB9, 0xFFB9, 0xFFD9, 0xFFDA, 0xFFD9, 0xFFB8, 0xFFB8, 0xFFB8, 0xFFD9, 0xFFDA, 0xFFDA, 0xFFDA, 0xFFDA,
    0xFFDA, 0xFFDA, 0xFFD9, 0xFFFD, 0xD613, 0x92A6, 0xE654, 0xE634, 0xDE34, 0xDE35, 0xDE15, 0xE614, 0xDDF4, 0xDE14, 0xEE96, 0xEED7,
    0xEEB7, 0xE676, 0xDDD3, 0xD571, 0xD5B2, 0xD550, 0xC4AE, 0xDE13, 0xEEB5, 0xDDF3, 0xDDB1, 0xDDB1, 0xDDB1, 0xDDB1, 0xDDB1, 0xD590,
    0xEEB5, 0xE674, 0xD5B1, 0xD5B1, 0xD5B2, 0xF737, 0xE675, 0xD5B2, 0xE634, 0xF717, 0xD5B2, 0xDDF3, 0xF717, 0xE6B6, 0xDDD3, 0xD5D3,
    0xEEF7, 0xEEB6, 0xDDF2, 0xDE13, 0xDE13, 0xDE13, 0xDE13, 0xDE13, 0xDE13, 0xDE13, 0xDE13, 0xE613, 0xDE13, 0xE613, 0xDE13, 0xDE13,
    0xDE13, 0xDE13, 0xDE13, 0xDDF3, 0xDE13, 0xDE13, 0xE614, 0xE614, 0xE614, 0xE614, 0xE634, 0xE614, 0xCD71, 0xCD51, 0xCD51, 0xD592,
    0xD5B2, 0xD5B2, 0xEE55, 0xEE76, 0xEE76, 0xEE96, 0xEE96, 0xEE96, 0xEE96, 0xEE96, 0xEE96, 0xEE96, 0xEE96, 0xEE76, 0xF6D7, 0xC4CF,
    0x79E3, 0xD50D, 0xDD6E, 0xEE73, 0xE694, 0xD4EC, 0xDD4D, 0xDD6D, 0xDD6D, 0xDD6D, 0xE5F0, 0xF673, 0xE5CF, 0xE56D, 0xE56D, 0xE58D,
    0xE58D, 0xE56D, 0xE56D, 0xE56D, 0xE56D, 0xE56D, 0xE56D, 0xE56D, 0xE5AD, 0xEE51, 0xFF57, 0xEE93, 0xE58E, 0xD4CB, 0xC449, 0xBC09,
    0x8264, 0x7A23, 0x7A24, 0x7A23, 0x69C2, 0x69C2, 0x69C2, 0x69C2, 0x71E2, 0x8243, 0x8243, 0x8263, 0x8243, 0x79E2, 0x8223, 0xA347,
    0xAB88, 0xCCCC, 0xDD6F, 0xBBC8, 0xAB25, 0xB366, 0xB367, 0xBB87, 0xB387, 0xB387, 0xBB87, 0xBBA8, 0xBBC8, 0xBBC8, 0xCC6A, 0xDD6F,
    0xCC8C, 0xB3A8, 0xB388, 0xB388, 0xB3A8, 0xBBA8, 0xBBA8, 0xBBA8, 0xBBA8, 0xBBA8, 0xBBC8, 0xB367, 0xA306, 0x9AE5, 0x8AA4, 0x8AA5,
    0x8AA5, 0x8AA4, 0x8284, 0x8264, 0x8263, 0x8284, 0x8284, 0x8284, 0x8AA4, 0x8AC5, 0x92C5, 0x92E5, 0x92E5, 0xB387, 0xB3C8, 0xB3A8,
    0xF630, 0xF630, 0xF630, 0xFE92, 0xFEB2, 0xFEB2, 0xFEB2, 0xFEB2, 0xFEB2, 0xFEB2, 0xFEB2, 0xFEB2, 0xFF14, 0xFF56, 0xFFB9, 0xFFD9,
    0xFFD9, 0xFFDA, 0xFFD9, 0xFFD9, 0xFFB9, 0xFFB9, 0xFFD9, 0xFFD9, 0xFFD9, 0xFFD9, 0xFFD9, 0xFFD9, 0xFFD9, 0xFFD9, 0xFFD9, 0xFFD9,
    0xFFB9, 0xFFB8, 0xFFD9, 0xFFD9, 0xFFD9, 0xFFD9, 0xFFD9, 0xFFD9, 0xFFD9, 0xFFD9, 0xFFD9, 0xFFD9, 0xFFD9, 0xFFD9, 0xFFD9, 0xFFD9,
    0xFFD9, 0xFFD9, 0xFFD9, 0xFFDA, 0xFFBA, 0xDE74, 0x9B48, 0xE614, 0xEE96, 0xE635, 0xDDF4, 0xDDF4, 0xEED7, 0xEED7, 0xEE96, 0xEEB6,
    0xDDF4, 0xDDF3, 0xDDF4, 0xDE14, 0xDE14, 0xD592, 0xDE54, 0xDE34, 0xC50F, 0xBC8D, 0xDDD1, 0xDDF2, 0xDDD2, 0xDDD2, 0xD590, 0xE694,
    0xEED6, 0xD5B1, 0xD571, 0xD5D2, 0xF758, 0xE695, 0xD5D2, 0xD591, 0xEE75, 0xEEB6, 0xD571, 0xE675, 0xF738, 0xD5F3, 0xDDF3, 0xD5D3,
    0xEEF7, 0xEEB6, 0xDDF2, 0xE633, 0xDDF3, 0xDDF3, 0xDE13, 0xDE13, 0xDE13, 0xDE13, 0xDE13, 0xE613, 0xE634, 0xE634, 0xE634, 0xE634,
    0xE634, 0xE614, 0xE614, 0xE614, 0xDE13, 0xDE13, 0xE614, 0xDDF3, 0xD571, 0xD571, 0xD572, 0xD572, 0xCD51, 0xCD51, 0xCD51, 0xE634,
    0xEE76, 0xEE76, 0xEE96, 0xEE76, 0xEE96, 0xEE96, 0xEE96, 0xEE96, 0xEE96, 0xEE96, 0xEE96, 0xEE96, 0xF6B7, 0xEE97, 0xF6F8, 0xC510,
    0x8204, 0xDD8F, 0xE5AF, 0xE611, 0xEEB5, 0xDDB0, 0xDD6D, 0xDD6E, 0xDD6D, 0xDD6D, 0xDD6D, 0xEE72, 0xF693, 0xE56D, 0xE56D, 0xE58D,
    0xE58D, 0xE58D, 0xE58D, 0xE56D, 0xE56D, 0xE56D, 0xE56D, 0xE58E, 0xEDEF, 0xEDCE, 0xEE51, 0xFEF5, 0xE611, 0xEDF0, 0xCCCB, 0xB3C8,
    0x8264, 0x7A23, 0x7A24, 0x7A24, 0x69C2, 0x69C2, 0x69C2, 0x69C2, 0x71E2, 0x8243, 0x8243, 0x8243, 0x8A43, 0x8A63, 0x8A63, 0x8202,
    0x8A22, 0xB3C9, 0xC44A, 0xD4CC, 0xD4ED, 0xD4AC, 0xC3E9, 0xB346, 0xB346, 0xB387, 0xB387, 0xBBA7, 0xC3E8, 0xBBC8, 0xBBC8, 0xBBC8,
    0xD4ED, 0xDD6F, 0xBC2A, 0xBBA8, 0xBBA8, 0xB3A8, 0xBBA8, 0xBBC8, 0xBBC8, 0xBBC8, 0xBBC8, 0xB3A8, 0xB367, 0xA306, 0x8AA4, 0x8AA4,
    0x8AA4, 0x8AA4, 0x8284, 0x8A84, 0x92C5, 0x8AA4, 0x8263, 0x8A83, 0x8AA4, 0x92A4, 0x92A4, 0xA326, 0xBBC8, 0xBBE8, 0xC3E8, 0xC3E8,
    0xF630, 0xF630, 0xF630, 0xFE92, 0xFEB2, 0xFEB2, 0xFEB2, 0xFE92, 0xFE92, 0xFEB2, 0xFEB2, 0xFEB2, 0xFF35, 0xFF76, 0xFFB9, 0xFFB9,
    0xFFBA, 0xFFDA, 0xFFB9, 0xFFD9, 0xFFD9, 0xFFD9, 0xFFD9, 0xFFD9, 0xFFD9, 0xFFD9, 0xFFD9, 0xFFD9, 0xFFD9, 0xFFD9, 0xFFD9, 0xFFB9,
    0xFFB8, 0xFFD9, 0xFFD9, 0xFFD9, 0xFFD9, 0xFFD9, 0xFFD9, 0xFFD9, 0xFFDA, 0xFFDA, 0xFFD9, 0xFFD9, 0xFFD9, 0xFFB8, 0xFFB8, 0xFFD9,
    0xFFD9, 0xFFD9, 0xFFD9, 0xFFD9, 0xFFD9, 0xF778, 0xD5B1, 0xABCB, 0x9B28, 0xABEB, 0xF739, 0xF718, 0xEED7, 0xE696, 0xD5F3, 0xDDF4,
    0xDE14, 0xDE14, 0xDE14, 0xDDF3, 0xDDF3, 0xF718, 0xF739, 0xD5B2, 0xCD30, 0xCD50, 0xCD0E, 0xCD0E, 0xCD0E, 0xCD0E, 0xE653, 0xEEB5,
    0xD5B2, 0xD570, 0xD5B1, 0xEEF6, 0xEEB6, 0xD592, 0xD5B2, 0xEEB6, 0xE654, 0xD5B2, 0xD592, 0xEEB6, 0xDE34, 0xD5B2, 0xD5D3, 0xE634,
    0xE654, 0xDDF3, 0xE613, 0xE634, 0xDDF3, 0xDDF3, 0xDE13, 0xDE13, 0xDE13, 0xDE13, 0xE614, 0xDDD3, 0xD592, 0xD5B2, 0xD592, 0xD592,
    0xD5B2, 0xDDD3, 0xDDD3, 0xDDD3, 0xDDD3, 0xDDD2, 0xDDD2, 0xD592, 0xCD51, 0xCD51, 0xCD51, 0xCD31, 0xCD51, 0xE614, 0xE614, 0xEE55,
    0xEE75, 0xEE76, 0xEE96, 0xEE96, 0xEE96, 0xEE96, 0xEE96, 0xEE96, 0xEE96, 0xEE96, 0xEE96, 0xEE75, 0xDDF3, 0xE655, 0xEEB6, 0xC4EF,
    0x79E3, 0xDD4E, 0xE5B0, 0xDD8F, 0xE632, 0xEEF6, 0xD54D, 0xDD6E, 0xDD6D, 0xDD6E, 0xE56E, 0xDD6D, 0xEE31, 0xE5F0, 0xE56D, 0xE58E,
    0xE58D, 0xE58D, 0xE56D, 0xE56D, 0xE56D, 0xE56D, 0xE58E, 0xEDAE, 0xEDCF, 0xEDEF, 0xEDEF, 0xEE10, 0xF693, 0xDE12, 0xDD6F, 0xDD6F,
    0x7A23, 0x71E2, 0x7A44, 0x7A23, 0x69C2, 0x69C2, 0x69C2, 0x69C2, 0x71C2, 0x8243, 0x8A63, 0x8A63, 0x8A63, 0x9283, 0x9283, 0x9AE4,
    0xA2E5, 0xA2A4, 0xAAE4, 0xC44A, 0xCC8B, 0xE56F, 0xDD6E, 0xC429, 0xC409, 0xB346, 0xB346, 0xB366, 0xC3C8, 0xC3C8, 0xC3E8, 0xBBC8,
    0xBBC8, 0xC46B, 0xDD2E, 0xC46B, 0xBBC9, 0xBBE9, 0xBBC9, 0xBBA8, 0xBBC8, 0xBBC8, 0xBBC8, 0xBBC8, 0xBBC8, 0xA306, 0x8AA4, 0x8AA4,
    0x8A84, 0x8A84, 0x8264, 0x92C5, 0x9B06, 0x9B05, 0x92C5, 0x92A4, 0x92A4, 0x92A4, 0x9AC4, 0xAB26, 0xC409, 0xC3E8, 0xBBE8, 0xBBE8,
    0xF630, 0xF651, 0xF631, 0xF651, 0xFE92, 0xFE92, 0xFE92, 0xFE92, 0xFE92, 0xFEB2, 0xFEB2, 0xFEB2, 0xFF34, 0xFF56, 0xFFB9, 0xFFB9,
    0xFFD9, 0xFFB9, 0xFFB9, 0xFFD9, 0xFFD9, 0xFFD9, 0xFFD9, 0xFFD9, 0xFFB9, 0xFFB9, 0xFFB9, 0xFFB9, 0xFFB9, 0xFFB9, 0xFFD9, 0xFFD9,
    0xFFD9, 0xFFDA, 0xFFB9, 0xFFD8, 0xFFB9, 0xFFB8, 0xFFD9, 0xFFD9, 0xFFD9, 0xFFD9, 0xFFD9, 0xFFD9, 0xFFD9, 0xFFD8, 0xFFD8, 0xFFD9,
    0xFFFA, 0xFFD9, 0xFFD9, 0xFFD8, 0xFF56, 0xFF76, 0xFFF8, 0xC4EE, 0xBC6B, 0xC48C, 0xCD71, 0xD5D3, 0xE635, 0xDE14, 0xDE14, 0xDE14,
    0xDE14, 0xDE14, 0xDDF4, 0xDE14, 0xEEF7, 0xF718, 0xE635, 0xE635, 0xEE76, 0xDDF3, 0xC50F, 0xC4EE, 0xBC6D, 0xCD4F, 0xEEB5, 0xD5B1,
    0xCD71, 0xD591, 0xE674, 0xF717, 0xD5B2, 0xD592, 0xD5D2, 0xF6D6, 0xD5F3, 0xD5B2, 0xDE34, 0xF6F7, 0xDE34, 0xD5D3, 0xD5D2, 0xEE96,
    0xE654, 0xDDB2, 0xDE13, 0xE634, 0xDDF3, 0xDDF3, 0xDDF3, 0xE614, 0xDDD3, 0xCD71, 0xD592, 0xCD31, 0xC4F0, 0xC510, 0xC510, 0xC510,
    0xC510, 0xCD30, 0xC530, 0xCD30, 0xCD30, 0xCD30, 0xCD31, 0xCD51, 0xD5B2, 0xD592, 0xD592, 0xDDF3, 0xDDF3, 0xEE75, 0xEE96, 0xEE76,
    0xEE96, 0xEE96, 0xEE96, 0xEE96, 0xEE96, 0xEE96, 0xEE96, 0xEE96, 0xEE96, 0xEE76, 0xF717, 0xE634, 0x92C6, 0xA368, 0xABA9, 0xA389,
    0xAB88, 0xDD4E, 0xDDAF, 0xDD8F, 0xE632, 0xEED5, 0xDD6E, 0xDD6D, 0xDD6E, 0xDD6E, 0xE56E, 0xDD6D, 0xEDF0, 0xF672, 0xE5AE, 0xE58E,
    0xE58E, 0xEDEF, 0xEDEF, 0xE5CF, 0xE5AF, 0xEDCF, 0xF630, 0xEE10, 0xEE10, 0xEE10, 0xEE10, 0xEDF0, 0xEE10, 0xEE52, 0xC50E, 0xA3AA,
    0xD54F, 0xA3CA, 0x71E3, 0x7223, 0x69C2, 0x69C2, 0x69C2, 0x69C2, 0x69C2, 0x71E2, 0x79E2, 0x8A63, 0x9283, 0x9283, 0x9283, 0xA2E5,
    0xAB05, 0xAB25, 0xB345, 0xB345, 0xB305, 0xC409, 0xDD2D, 0xDD0D, 0xDD2D, 0xCC8B, 0xCC6A, 0xC429, 0xBBA7, 0xBBA8, 0xBBC8, 0xBBC8,
    0xBBC8, 0xBBA8, 0xBBC8, 0xCC8C, 0xD4CC, 0xCCAC, 0xCC8B, 0xBBE9, 0xBBC8, 0xBBC8, 0xBBC9, 0xB367, 0xAB46, 0xA306, 0x8A84, 0x8A84,
    0x8A84, 0x8A64, 0x8A64, 0x8A84, 0x8A84, 0x92A4, 0x9B05, 0xA305, 0xAB66, 0xAB66, 0xBBE8, 0xC3E8, 0xC3E8, 0xC3E8, 0xBBE8, 0xC3E8,
    0xF5EF, 0xF630, 0xF631, 0xF631, 0xF651, 0xFE71, 0xFE92, 0xFE92, 0xFE92, 0xFEB2, 0xFEB2, 0xFED3, 0xFF35, 0xFF35, 0xFF15, 0xFF77,
    0xFFB9, 0xFFB9, 0xFFB9, 0xFFD9, 0xFFD9, 0xFFD9, 0xFFD9, 0xFFB9, 0xFFB9, 0xFFB9, 0xFFB9, 0xFFB9, 0xFFB9, 0xFFB9, 0xFFD9, 0xFFD9,
    0xFFD9, 0xFFB9, 0xFFB8, 0xFFB8, 0xFFB8, 0xFFB8, 0xFFB8, 0xFFD9, 0xFFD9, 0xFFD9, 0xFFD9, 0xFFD9, 0xFFD9, 0xFFD9, 0xFFFA, 0xFFFA,
    0xFF97, 0xFF35, 0xFF55, 0xFF35, 0xFEF3, 0xFED3, 0xFF35, 0xFFB7, 0xFFF9, 0xC50D, 0x9284, 0x9B68, 0xE634, 0xDE14, 0xDE14, 0xDE14,
    0xDE14, 0xDE14, 0xDE34, 0xF718, 0xF718, 0xDE35, 0xE635, 0xE655, 0xE635, 0xE635, 0xE655, 0xE614, 0xE675, 0xEEF7, 0xC52F, 0xCD30,
    0xC530, 0xDE34, 0xF738, 0xD5B2, 0xD5B2, 0xD5D2, 0xEEB6, 0xE655, 0xD5B2, 0xD5D3, 0xF738, 0xE696, 0xD5B2, 0xDDD3, 0xD5B2, 0xEE96,
    0xE654, 0xDDB2, 0xE613, 0xE634, 0xDDF3, 0xDDF3, 0xDDF3, 0xCD71, 0xC510, 0xC4CF, 0xBCCF, 0xC4F0, 0xCD31, 0xCD31, 0xCD30, 0xCD30,
    0xCD31, 0xCD31, 0xC530, 0xC510, 0xC510, 0xC510, 0xD572, 0xDDD3, 0xD5B2, 0xD5B2, 0xD5B3, 0xEE55, 0xEE75, 0xEE75, 0xEE96, 0xEE96,
    0xEE96, 0xEE96, 0xEE96, 0xEE96, 0xEE96, 0xEE96, 0xEE96, 0xEE96, 0xEE96, 0xF6F7, 0xD570, 0xB3EB, 0x9285, 0xCCCD, 0xCD0E, 0xD50E,
    0xDD6F, 0xD56F, 0xDD8F, 0xDDAF, 0xE5D0, 0xEE94, 0xF6D5, 0xDD6D, 0xE5AF, 0xE5CF, 0xDD8E, 0xDD6D, 0xDD6D, 0xEE31, 0xEE71, 0xE56D,
    0xE58E, 0xE5AE, 0xEE30, 0xEE52, 0xEE31, 0xF631, 0xEE31, 0xEE31, 0xEE31, 0xEE31, 0xF651, 0xE5AF, 0xD4CC, 0xDD4E, 0xD54F, 0x9BA9,
    0x9327, 0xC4CD, 0xBC8C, 0x7203, 0x6160, 0x69C2, 0x69C2, 0x69C2, 0x69C2, 0x69A2, 0x71E2, 0x9284, 0x9283, 0x9283, 0x9AA3, 0x9AA3,
    0x9AA3, 0xAB05, 0xB345, 0xB366, 0xBB86, 0xBB66, 0xB346, 0xB346, 0xB387, 0xD50D, 0xDD4D, 0xDD4D, 0xCC6A, 0xC44A, 0xC429, 0xBBA8,
    0xBBA8, 0xBBC8, 0xBBC8, 0xBBC8, 0xBBC8, 0xBBC8, 0xCC4A, 0xCCAC, 0xCC8B, 0xC42A, 0xBBE9, 0xBBA8, 0xA306, 0xA306, 0x9AE5, 0x92A5,
    0x8A84, 0x8A64, 0x8A64, 0x8A63, 0x8A64, 0x8A83, 0x9AC4, 0xA325, 0xC3E8, 0xC3E8, 0xC3E8, 0xC3E8, 0xC3E8, 0xC409, 0xC409, 0xC409,
    0xF5EF, 0xF5EF, 0xEDF0, 0xF610, 0xF610, 0xF630, 0xF651, 0xF651, 0xFE51, 0xFE51, 0xFE51, 0xFE51, 0xFE92, 0xFEB3, 0xFEF3, 0xFF77,
    0xFFB9, 0xFFB9, 0xFFB9, 0xFFB9, 0xFFB9, 0xFFB9, 0xFFD9, 0xFFB9, 0xFFB9, 0xFFB9, 0xFFB9, 0xFFB9, 0xFFB9, 0xFFB9, 0xFFB9, 0xFFB9,
    0xFFB9, 0xFFB9, 0xFFD9, 0xFFB9, 0xFFD9, 0xFFD9, 0xFFD9, 0xFF56, 0xFF35, 0xFF35, 0xFF35, 0xFF35, 0xFF34, 0xFF35, 0xFF55, 0xFF56,
    0xFF14, 0xFED2, 0xFED2, 0xFEB2, 0xFEB2, 0xFEB2, 0xFEF3, 0xFF34, 0xFF34, 0xFF14, 0xFFB7, 0xD5D0, 0x8285, 0xBC8D, 0xEE76, 0xE635,
    0xE654, 0xE634, 0xEEB7, 0xF718, 0xDE35, 0xE655, 0xE655, 0xE635, 0xE635, 0xE635, 0xDDF3, 0xE675, 0xF718, 0xDE14, 0xD5B2, 0xD5B2,
    0xDE14, 0xEF17, 0xDE14, 0xD5B2, 0xCD71, 0xE675, 0xEED6, 0xD5D3, 0xDDD3, 0xD592, 0xF739, 0xE696, 0xD5B2, 0xDDD3, 0xD5D2, 0xF6D6,
    0xE654, 0xDD92, 0xDDD2, 0xE634, 0xD592, 0xC510, 0xC510, 0xC4F0, 0xC4EF, 0xC4EF, 0xBCCF, 0xC510, 0xDDB3, 0xDDB3, 0xDDB3, 0xDDB3,
    0xDDB3, 0xCD31, 0xD592, 0xDDD3, 0xDDD3, 0xDDD3, 0xDDF3, 0xE614, 0xE635, 0xEE55, 0xEE75, 0xEE76, 0xEE76, 0xEE96, 0xEE96, 0xEE96,
    0xEEB6, 0xEE96, 0xEE96, 0xEE96, 0xEE96, 0xEEB6, 0xEEB6, 0xEEB6, 0xEE75, 0xE634, 0x9328, 0x92C5, 0xCCCD, 0xD54E, 0xD56F, 0xD56F,
    0xDD8F, 0xDD6F, 0xD56F, 0xDDB0, 0xE5AF, 0xE632, 0xF6D5, 0xDD2C, 0xE5AF, 0xEDF0, 0xE5F0, 0xDD6E, 0xE56D, 0xDD8E, 0xF652, 0xE5CF,
    0xE58E, 0xE58E, 0xE5CF, 0xEE11, 0xEE51, 0xEE31, 0xEE31, 0xEE31, 0xEE31, 0xF631, 0xF651, 0xE5AF, 0xD4EC, 0xD4AB, 0xAB88, 0xD54F,
    0xA388, 0x7A23, 0xA368, 0xBC8C, 0x9327, 0x6181, 0x61A2, 0x69C2, 0x69C2, 0x69C2, 0x71C2, 0x8223, 0x8A63, 0x92A4, 0x9AA4, 0x9AA4,
    0x9AA3, 0xAB25, 0xB346, 0xB366, 0xB366, 0xB366, 0xB366, 0xBB87, 0xBB67, 0xB346, 0xB326, 0xBBE8, 0xDD0D, 0xD4EC, 0xDD2D, 0xCC8B,
    0xCC4A, 0xBBE9, 0xB3A8, 0xBBA8, 0xBBC8, 0xBBC9, 0xBBC8, 0xBBA8, 0xBBE9, 0xBBE9, 0xBBE9, 0xC3E9, 0xAB26, 0xA306, 0xA306, 0xA306,
    0x92C5, 0x8A63, 0x8A64, 0x8A64, 0x8A63, 0xA305, 0xB387, 0xBB87, 0xC3C7, 0xC3C7, 0xC3C8, 0xC3E8, 0xC3E8, 0xCC49, 0xD4AA, 0xCC8A,
    0xF5EF, 0xEDEF, 0xEDF0, 0xEDF0, 0xEDF0, 0xF610, 0xF630, 0xF630, 0xF630, 0xFE51, 0xFE51, 0xF650, 0xF630, 0xFE30, 0xFED2, 0xFF77,
    0xFFB9, 0xFFB9, 0xFFB9, 0xFFB9, 0xFFB9, 0xFFB9, 0xFFD9, 0xFFD9, 0xFFB9, 0xFFB9, 0xFFB9, 0xFFD9, 0xFFB9, 0xFFB9, 0xFF97, 0xFF97,
    0xFFB8, 0xFFB8, 0xFFB8, 0xFFB8, 0xFF35, 0xFF35, 0xFF35, 0xFEF3, 0xFEB2, 0xFEB2, 0xFEB2, 0xFE91, 0xFEB1, 0xFEB1, 0xFEB1, 0xFEB2,
    0xFED2, 0xFEB2, 0xFEB2, 0xFEB2, 0xFED2, 0xFED2, 0xFED2, 0xFED2, 0xFED2, 0xFF13, 0xFF96, 0xF756, 0xEF16, 0xB40B, 0x9AE6, 0xA328,
    0x9AE7, 0xDDF3, 0xFF79, 0xE615, 0xE655, 0xE655, 0xE635, 0xE635, 0xE635, 0xE635, 0xE675, 0xE696, 0xE676, 0xDE14, 0xDE15, 0xDE34,
    0xF718, 0xE696, 0xCD71, 0xD5B3, 0xDE14, 0xF6F7, 0xE655, 0xD5B3, 0xD5D3, 0xE675, 0xE6B6, 0xDE14, 0xCD92, 0xCD92, 0xDDF3, 0xEEB6,
    0xD592, 0xCD51, 0xCD51, 0xD5B2, 0xCD51, 0xC4F0, 0xC4EF, 0xCD30, 0xDDF4, 0xDE14, 0xDDF3, 0xDE14, 0xDE14, 0xDE14, 0xDDF3, 0xDDF3,
    0xDDD3, 0xDDB3, 0xE614, 0xE634, 0xE634, 0xE634, 0xE634, 0xE634, 0xE655, 0xEE75, 0xEE96, 0xEE96, 0xEE96, 0xEE96, 0xEE96, 0xEE96,
    0xEE96, 0xEE96, 0xEE76, 0xEE96, 0xF6B6, 0xEEB6, 0xEEB6, 0xF6D7, 0xDDD2, 0x8A44, 0xABC9, 0xCCCD, 0xDD90, 0xD54E, 0xD54F, 0xD54F,
    0xDDB0, 0xE5D0, 0xDD8F, 0xE5B0, 0xE5D0, 0xE611, 0xEE73, 0xE611, 0xDD8E, 0xE5AF, 0xEE10, 0xE5CF, 0xDD6E, 0xDD4D, 0xE5D0, 0xEE30,
    0xEE10, 0xEE31, 0xEE10, 0xEDF0, 0xEE31, 0xEE31, 0xEE31, 0xEE31, 0xEE31, 0xEE31, 0xF651, 0xE5AF, 0xD4EC, 0xD4EC, 0x9AE5, 0xA388,
    0xD52E, 0x9B27, 0x7A03, 0x9B07, 0xB42B, 0xA389, 0x7203, 0x6181, 0x69C2, 0x69C2, 0x71C2, 0x71C2, 0x8222, 0x92A4, 0x9AA4, 0x9AA3,
    0x9AA4, 0xA2E4, 0xAB25, 0xBBA7, 0xBBA7, 0xBBA7, 0xBBA7, 0xB366, 0xBB67, 0xBB87, 0xBB87, 0xBB87, 0xBB87, 0xBBA8, 0xC42A, 0xDD2E,
    0xD52D, 0xCCAC, 0xC42A, 0xCC6A, 0xC3E9, 0xBBA8, 0xBBC8, 0xBBA8, 0xB388, 0xB388, 0xB3A8, 0xB388, 0xA306, 0x9AC5, 0x92A4, 0x92A4,
    0x8AA4, 0x8A84, 0x8A63, 0x92C5, 0x9AE5, 0xB366, 0xC3C7, 0xC3C7, 0xC3C7, 0xC3E8, 0xC3E8, 0xC428, 0xD48A, 0xCC8A, 0xD4AA, 0xD4AA,
    0xF5EF, 0xEDEF, 0xF610, 0xF631, 0xF631, 0xFE31, 0xF610, 0xF610, 0xF5EF, 0xF5EF, 0xF5EF, 0xF610, 0xF630, 0xF651, 0xFEB2, 0xFF77,
    0xFFD9, 0xFFB9, 0xFFB9, 0xFFB9, 0xFFB9, 0xFFD9, 0xFFD9, 0xFFD9, 0xFFB9, 0xFFB9, 0xFF98, 0xFF77, 0xFF77, 0xFF77, 0xFF15, 0xFEF4,
    0xFF14, 0xFF14, 0xFF14, 0xFF14, 0xFE92, 0xFE71, 0xFE71, 0xFE91, 0xFE91, 0xFE91, 0xFE91, 0xFE92, 0xFEB1, 0xFEB1, 0xFEB1, 0xFEB2,
    0xFEB2, 0xFEB2, 0xFEB2, 0xFED2, 0xFEF2, 0xFED2, 0xFED2, 0xFED2, 0xFEF2, 0xFF13, 0xFF75, 0xFFB7, 0xFFF8, 0xEED5, 0xDE32, 0xE694,
    0xCD90, 0x8AA5, 0xAC2C, 0xF6F8, 0xEEB7, 0xEEB7, 0xEEB7, 0xEEB7, 0xEE76, 0xE635, 0xF718, 0xE696, 0xDE14, 0xE635, 0xDE35, 0xFF79,
    0xE696, 0xD5B3, 0xD5D3, 0xD5D3, 0xF6F7, 0xE675, 0xDDD3, 0xDE14, 0xDDF3, 0xF759, 0xDE34, 0xCD92, 0xD5B3, 0xCD92, 0xDE14, 0xEEB6,
    0xC530, 0xCD71, 0xD571, 0xCD51, 0xD572, 0xDDD3, 0xDDD3, 0xDDD3, 0xE634, 0xE655, 0xE655, 0xE655, 0xE655, 0xE655, 0xE655, 0xDDF4,
    0xDDF3, 0xE634, 0xE634, 0xE634, 0xE634, 0xE634, 0xE634, 0xDE34, 0xEE76, 0xEE96, 0xEE96, 0xEE96, 0xEEB6, 0xEE96, 0xEEB6, 0xEE96,
    0xEE76, 0xEEB6, 0xFF39, 0xC4CF, 0x8A86, 0x9307, 0x92E6, 0x92A6, 0xA347, 0xBC4B, 0xDD90, 0xDD90, 0xD54E, 0xD54F, 0xD54F, 0xD56F,
    0xDDB0, 0xE5F1, 0xE5F1, 0xE5F1, 0xE5F1, 0xE5D0, 0xEE31, 0xF6D4, 0xDD6E, 0xDD8E, 0xE5CF, 0xEE11, 0xE5AF, 0xDD8E, 0xDD6E, 0xE5D0,
    0xF652, 0xEE31, 0xF631, 0xEE31, 0xEE32, 0xEE32, 0xEE31, 0xEE31, 0xEE31, 0xEE31, 0xF672, 0xE5CF, 0xDD0D, 0xD4EC, 0x9B06, 0x92A5,
    0x8AA5, 0xD54F, 0x9B68, 0x6981, 0x7A03, 0xA368, 0xA368, 0x7A43, 0x69C2, 0x71A2, 0x71C2, 0x71A2, 0x7A02, 0x9284, 0x9AA3, 0x9AA3,
    0x9AA4, 0x9AA3, 0xA2C4, 0xBB86, 0xBBA7, 0xBBA7, 0xBBC7, 0xC3A8, 0xBBA7, 0xBB87, 0xBB87, 0xBB87, 0xBB87, 0xC3E8, 0xC3E8, 0xC3C8,
    0xBBC8, 0xCC4A, 0xD4AC, 0xD4CC, 0xCC8B, 0xCC4A, 0xBBE9, 0xB387, 0xAB68, 0xB388, 0xA306, 0x9284, 0x92A4, 0x92A4, 0x92A4, 0x8A83,
    0x8A84, 0x8A84, 0x8263, 0xA326, 0xC3C8, 0xBBA7, 0xBBA7, 0xC3A7, 0xC3C7, 0xC408, 0xD48A, 0xD4AA, 0xD4AA, 0xD4AA, 0xD4AA, 0xD4AA,
    0xF5EF, 0xF5EF, 0xF610, 0xFE31, 0xFE31, 0xF630, 0xF5EF, 0xF5EF, 0xEDCF, 0xEDCF, 0xEDCF, 0xF5EF, 0xFE30, 0xF630, 0xFEB2, 0xFF77,
    0xFFB9, 0xFFB9, 0xFFB9, 0xFFD9, 0xFFDA, 0xFFB8, 0xFF76, 0xFF76, 0xFF76, 0xFF97, 0xFF56, 0xFEB2, 0xFEB2, 0xFEB3, 0xF691, 0xFE70,
    0xFE71, 0xFE71, 0xFE91, 0xFE91, 0xFEB2, 0xFED2, 0xFED2, 0xFEB2, 0xFEB2, 0xFEB2, 0xFEB1, 0xFEB1, 0xFEB2, 0xFEB2, 0xFEB2, 0xFEB2,
    0xFE91, 0xFEB2, 0xFEB2, 0xFEB2, 0xFED2, 0xFEB2, 0xFEB2, 0xFED2, 0xFED2, 0xFEF3, 0xFED3, 0xFF55, 0xFF97, 0xFFD8, 0xFFF9, 0xFFFB,
    0xF799, 0xBD30, 0xBCCE, 0xBC6D, 0xB44D, 0xBC4D, 0xBC4C, 0xBC4C, 0xD592, 0xF718, 0xEEB6, 0xDE15, 0xE635, 0xDE15, 0xE676, 0xEF17,
    0xDE14, 0xDDD3, 0xD5B3, 0xDE34, 0xEED7, 0xDE14, 0xDE14, 0xDE14, 0xE635, 0xFF59, 0xDE35, 0xD5D3, 0xDDF3, 0xD5D3, 0xDE34, 0xF6D7,
    0xD5B3, 0xDDF3, 0xDDF3, 0xE614, 0xE634, 0xE655, 0xE655, 0xE614, 0xDE14, 0xE635, 0xE635, 0xE635, 0xE655, 0xDDF4, 0xDDD3, 0xDDD3,
    0xE634, 0xE634, 0xE614, 0xE614, 0xE614, 0xE614, 0xE655, 0xE675, 0xEE96, 0xEE96, 0xEE96, 0xEEB6, 0xEEB6, 0xEE96, 0xEE96, 0xEE96,
    0xF6D7, 0xDDB2, 0xBCAE, 0xB44C, 0xABA9, 0xABC9, 0xABC9, 0xA388, 0xBC6B, 0xDDB1, 0xD570, 0xD56F, 0xDD90, 0xDDB0, 0xD56F, 0xD56F,
    0xDDB0, 0xE5F1, 0xE5F1, 0xE5F1, 0xE5F1, 0xE5F1, 0xEE32, 0xEE93, 0xDD4E, 0xDD8E, 0xE5AF, 0xEDF0, 0xEE11, 0xEDF0, 0xE5AF, 0xE5AF,
    0xEE11, 0xEE31, 0xEE31, 0xF652, 0xEE31, 0xEE10, 0xEE31, 0xEE31, 0xEE31, 0xEE31, 0xEDF0, 0xDD8E, 0xD4EC, 0xCC8B, 0x92E5, 0x92E6,
    0x92C5, 0x92E6, 0xC4AD, 0xABC9, 0x71C2, 0x71E2, 0x8AC6, 0xC4AD, 0x8285, 0x6160, 0x69C2, 0x71C2, 0x71C1, 0x8222, 0x9AA3, 0x9AA4,
    0x9AA4, 0x9AA4, 0xAB05, 0xBB87, 0xBBA7, 0xBBA7, 0xBBC7, 0xBBC8, 0xBBC7, 0xBB87, 0xBB87, 0xBB87, 0xBB87, 0xC3C8, 0xC3E8, 0xC3E8,
    0xC3E9, 0xC3E8, 0xBBC8, 0xBBE9, 0xCC6B, 0xCC8B, 0xC42A, 0xBBE9, 0xBBC9, 0xBBC9, 0xAB47, 0x9AC5, 0x92A5, 0x92A4, 0x92A4, 0x92A4,
    0x8A83, 0x8A84, 0x92A4, 0xAB46, 0xBBA7, 0xBB87, 0xBB87, 0xBBA7, 0xC3C8, 0xC408, 0xD4AA, 0xD4AA, 0xD4AA, 0xD4CB, 0xDD0C, 0xDD2C,
    0xF5CF, 0xEDCF, 0xF5EF, 0xF5F0, 0xF5F0, 0xF5F0, 0xEDEF, 0xF5EF, 0xEDCF, 0xEDCF, 0xEDCF, 0xF5EF, 0xFE30, 0xF650, 0xFEB2, 0xFF97,
    0xFFDA, 0xFFB9, 0xFF98, 0xFF77, 0xFF77, 0xFF76, 0xFF55, 0xFF14, 0xFEF3, 0xFEF4, 0xFEF3, 0xFEB2, 0xFEB1, 0xFE92, 0xFE91, 0xFE91,
    0xFE91, 0xFE91, 0xFE91, 0xFE92, 0xFE91, 0xFEB2, 0xFE92, 0xFE91, 0xFE91, 0xFE91, 0xFE91, 0xFE71, 0xFE91, 0xFEB2, 0xFEB2, 0xFEB2,
    0xFEB2, 0xFEB2, 0xFEB2, 0xFEB2, 0xFEB2, 0xFEB2, 0xFED2, 0xFED2, 0xFED2, 0xFED2, 0xFEB2, 0xFF34, 0xFF96, 0xFF97, 0xFFB8, 0xFFB9,
    0xFFD9, 0xFFFC, 0xE6B6, 0x9308, 0x9B69, 0x9B69, 0xA389, 0x9307, 0xB42C, 0xEED7, 0xE676, 0xE676, 0xE676, 0xDE35, 0xEED7, 0xDE14,
    0xDDD3, 0xDDF4, 0xDE14, 0xEE96, 0xDE34, 0xDDF4, 0xDDF4, 0xD5F3, 0xEEB6, 0xE675, 0xD5D3, 0xD5F3, 0xD5F3, 0xD5D3, 0xDE14, 0xF6F7,
    0xDDD3, 0xDDF3, 0xDDF3, 0xE634, 0xE655, 0xE655, 0xE675, 0xE635, 0xDDF4, 0xE635, 0xE655, 0xE655, 0xE655, 0xDDD3, 0xD592, 0xDDF4,
    0xE615, 0xE635, 0xE635, 0xE655, 0xE655, 0xE655, 0xEE76, 0xEE96, 0xEE96, 0xEE96, 0xEEB6, 0xEEB6, 0xEE96, 0xEE75, 0xEE96, 0xEE75,
    0xEE96, 0xC48D, 0x8203, 0xABEA, 0xE5D1, 0xDD90, 0xDD90, 0xDD90, 0xDD70, 0xE5D1, 0xE5F2, 0xE5D1, 0xE5D1, 0xDDD1, 0xDD90, 0xD54F,
    0xE5D0, 0xE5F1, 0xE5F1, 0xE5F1, 0xE5F1, 0xE5F1, 0xE5F1, 0xEE52, 0xE5D0, 0xE58E, 0xDD8E, 0xE5CF, 0xEE11, 0xEE11, 0xEE11, 0xEE11,
    0xEE11, 0xEE31, 0xEE31, 0xEE31, 0xEE31, 0xE5F0, 0xE5F0, 0xEE11, 0xEE31, 0xEE51, 0xDD8E, 0xC46A, 0xABC8, 0xABC8, 0x92E5, 0x92C6,
    0x92C5, 0x92A5, 0x92C6, 0xBC6C, 0xA3A9, 0x69A1, 0x71E2, 0x71E3, 0x8AC6, 0xA388, 0x7A03, 0x69A1, 0x79C2, 0x8A22, 0xA2C4, 0x9AA3,
    0xA2E4, 0xAB05, 0xB366, 0xBB86, 0xBBA7, 0xBBC7, 0xBBA7, 0xBBC7, 0xBBC7, 0xBB87, 0xBB87, 0xBBC8, 0xC3E8, 0xC3E8, 0xC3E8, 0xC3E8,
    0xC3E9, 0xC3E9, 0xC3E9, 0xC3E9, 0xBBA8, 0xBBA8, 0xBBA8, 0xBBE9, 0xBBE9, 0xBBE9, 0xBBC9, 0xB388, 0x9AE5, 0x92A4, 0x92A4, 0x92A4,
    0x9AC5, 0x9AC5, 0xB386, 0xBB87, 0xBB87, 0xBBC7, 0xC3E8, 0xC408, 0xCC49, 0xCC69, 0xD4AA, 0xD4AA, 0xD4AA, 0xDD0C, 0xDD2C, 0xDD2C,
    0xF5EF, 0xEDEF, 0xF5EF, 0xF5EF, 0xF5EF, 0xF5EF, 0xF5EF, 0xF5EF, 0xF5EF, 0xEDEF, 0xF60F, 0xF610, 0xF650, 0xF651, 0xFED3, 0xFF76,
    0xFF77, 0xFF77, 0xFF15, 0xFED3, 0xFED3, 0xFEF3, 0xFEF3, 0xFED2, 0xFED2, 0xFEB2, 0xFEB2, 0xFEB2, 0xFEB2, 0xFE91, 0xFE91, 0xFE91,
    0xFE71, 0xFE91, 0xFE91, 0xFE51, 0xFE91, 0xFEB2, 0xFE91, 0xFE71, 0xFE91, 0xFE91, 0xFE91, 0xFE91, 0xFE71, 0xFE91, 0xFEB2, 0xFED2,
    0xFED2, 0xFED2, 0xFED2, 0xFEB2, 0xFEB2, 0xFEB2, 0xFED2, 0xFED2, 0xFEF2, 0xFED2, 0xFED2, 0xFED2, 0xFF34, 0xFF97, 0xFFD9, 0xFFD9,
    0xFFD9, 0xFFB9, 0xFFFA, 0xFFFB, 0xFFFC, 0xFFFB, 0xFFFC, 0xFFB9, 0xABCA, 0xCD50, 0xC530, 0xCD31, 0xCD30, 0xFF58, 0xF759, 0xDE14,
    0xE634, 0xDE14, 0xE655, 0xEEB6, 0xD5B3, 0xD5D3, 0xD5D3, 0xD5B3, 0xEED7, 0xDE55, 0xD5D3, 0xDDF3, 0xDDF3, 0xD5F3, 0xE676, 0xDE14,
    0xDDF3, 0xDDF4, 0xDDF4, 0xE634, 0xEE75, 0xE675, 0xE675, 0xDE34, 0xDDF3, 0xE614, 0xE634, 0xE634, 0xD5D3, 0xD592, 0xDDF4, 0xE614,
    0xE635, 0xEE76, 0xEE96, 0xEEB6, 0xEEB6, 0xEEB6, 0xEE96, 0xEE96, 0xEE96, 0xEEB6, 0xEE96, 0xEEB6, 0xEEB6, 0xEE75, 0xFF17, 0xD591,
    0x8A44, 0x9B27, 0xDD90, 0xDD70, 0xD54F, 0xD54F, 0xD54F, 0xD54F, 0xD54F, 0xDDB0, 0xDDF1, 0xE5F1, 0xDDF1, 0xE5F1, 0xE5F1, 0xD54F,
    0xDD8F, 0xE5F1, 0xE5F1, 0xE5F1, 0xE5F1, 0xE5F1, 0xE5D0, 0xEE73, 0xEE52, 0xE56E, 0xE5AE, 0xE5AE, 0xE5D0, 0xEE11, 0xEE11, 0xEE11,
    0xEE32, 0xEE32, 0xEE31, 0xE5F0, 0xEE31, 0xEE31, 0xEE31, 0xEE11, 0xEE11, 0xF652, 0xE58E, 0xCCAB, 0xB3E9, 0xA367, 0x9B26, 0x9AE6,
    0x92E5, 0x92E5, 0x8AA5, 0x92C5, 0xB42B, 0x9B68, 0x69A2, 0x71E2, 0x69C2, 0x92E6, 0xC48C, 0x9B27, 0x6960, 0x8222, 0xA2C4, 0x9AA3,
    0xAB05, 0xBB86, 0xB386, 0xB366, 0xBB86, 0xC3C7, 0xC3E8, 0xC3E8, 0xC3E8, 0xBBC7, 0xBB87, 0xBBC8, 0xC3E8, 0xC3E9, 0xC409, 0xC3E9,
    0xC3E9, 0xC3E9, 0xC409, 0xC3E9, 0xC3E9, 0xBBE9, 0xBBC8, 0xBBA8, 0xBBA8, 0xB367, 0xAB27, 0xA347, 0x9AE5, 0x92A4, 0x92A4, 0x92A4,
    0xB367, 0xB387, 0xB387, 0xBBA7, 0xBBA7, 0xC3E8, 0xCC09, 0xCC49, 0xD4AA, 0xD4AA, 0xD4AA, 0xD4AA, 0xD4AA, 0xD4CB, 0xDCEB, 0xDD0C,
    0xF60F, 0xF5EF, 0xF610, 0xF5EF, 0xF5F0, 0xF5F0, 0xF610, 0xF5F0, 0xF5EF, 0xF610, 0xFED3, 0xFEF3, 0xFEF3, 0xFEF3, 0xFF14, 0xFEF3,
    0xFEB2, 0xFED2, 0xFEB2, 0xFEB2, 0xFEB2, 0xFEB2, 0xFEB2, 0xFEB2, 0xFED2, 0xFED2, 0xFEB2, 0xFEB2, 0xFEB2, 0xFE71, 0xFE71, 0xFE91,
    0xFE91, 0xFE91, 0xFE71, 0xF671, 0xFE91, 0xFE91, 0xFE71, 0xFE50, 0xFE71, 0xFE91, 0xFE91, 0xFE91, 0xFE71, 0xFE91, 0xFEB1, 0xFEB2,
    0xFED2, 0xFED2, 0xFED2, 0xFED2, 0xFED2, 0xFED2, 0xFEB2, 0xFEB2, 0xFED2, 0xFED2, 0xFED2, 0xFEB1, 0xFF14, 0xFFB9, 0xFFB9, 0xFFB9,
    0xFFD9, 0xFFD9, 0xFFDA, 0xFFD9, 0xFFDA, 0xFFFB, 0xE6B5, 0xB44B, 0xB42C, 0xAC2C, 0xB42C, 0xA368, 0xC4AD, 0xD5F3, 0xB4CF, 0xC510,
    0xC510, 0xE655, 0xF6F8, 0xD5D3, 0xD5D3, 0xD5D3, 0xD5B3, 0xDDF4, 0xF718, 0xDE35, 0xD5D3, 0xDDF4, 0xDDF4, 0xD5F4, 0xF6D7, 0xDDF4,
    0xDDF4, 0xDDF4, 0xDDF4, 0xDE14, 0xE614, 0xE634, 0xE634, 0xDE14, 0xDE14, 0xD5B2, 0xD571, 0xD5D3, 0xD5D3, 0xDDF4, 0xE655, 0xE655,
    0xE675, 0xEE96, 0xEEB6, 0xEEB6, 0xEE96, 0xEEB6, 0xEEB6, 0xEEB6, 0xEEB6, 0xEE96, 0xEE96, 0xEE96, 0xEE96, 0xEE95, 0xBC6D, 0xB3EB,
    0xC46C, 0xC48C, 0xDD90, 0xDD90, 0xDDB1, 0xE5F2, 0xE5F2, 0xE5F2, 0xDD90, 0xD56F, 0xDDF1, 0xE5F2, 0xE5F1, 0xE5F1, 0xE5F2, 0xDD90,
    0xD54E, 0xDDAF, 0xE5F1, 0xE5F1, 0xE5F1, 0xE5F1, 0xE5D0, 0xF673, 0xEE52, 0xDD6E, 0xE5AF, 0xE5AE, 0xE5AF, 0xE5F0, 0xEE11, 0xEE31,
    0xEE32, 0xEE32, 0xEE32, 0xEDF1, 0xE5CF, 0xEE11, 0xEE31, 0xEE10, 0xEE31, 0xE5CF, 0xD50D, 0xCCCB, 0xCC8B, 0xA367, 0x9B26, 0x9B26,
    0x92C5, 0x8AC5, 0x92C5, 0x8A84, 0x7A23, 0xBC8C, 0x9B48, 0x6161, 0x71E3, 0x71C2, 0x7A24, 0x9306, 0xB40A, 0x8A83, 0x9AA3, 0x9AA3,
    0xAB04, 0xB366, 0xB366, 0xBB86, 0xB366, 0xBBA7, 0xC3E8, 0xC408, 0xC408, 0xC408, 0xBBC7, 0xBBA7, 0xBBA7, 0xC3C8, 0xC3E9, 0xC3E9,
    0xC3E9, 0xC3E9, 0xC409, 0xC3E9, 0xC409, 0xC3E9, 0xB388, 0xB388, 0xB3A8, 0xB388, 0xA306, 0x92A4, 0x92C4, 0x92A4, 0x92A4, 0x92A4,
    0xA305, 0xAB06, 0xBB87, 0xCC29, 0xCC09, 0xCC08, 0xC409, 0xCC49, 0xD4CB, 0xD4CB, 0xD4CB, 0xDD0B, 0xDD0C, 0xDD0C, 0xDD0C, 0xDD2C,
    0xF5EF, 0xF5EF, 0xF5EF, 0xF610, 0xF610, 0xF610, 0xF631, 0xFEB3, 0xFEB3, 0xFEB3, 0xFF57, 0xFF98, 0xFF98, 0xFF98, 0xFF35, 0xFED3,
    0xFEB2, 0xFEB2, 0xFED2, 0xFEB2, 0xFEB2, 0xFEB2, 0xFEB2, 0xFEB2, 0xFEB2, 0xFEB2, 0xFEB2, 0xFEB2, 0xFEB2, 0xFE71, 0xFE91, 0xFE91,
    0xFE91, 0xFE71, 0xFE71, 0xFE91, 0xFE71, 0xF650, 0xF650, 0xFE50, 0xFE50, 0xFE70, 0xFE71, 0xFE91, 0xFE91, 0xFE71, 0xFE91, 0xFEB1,
    0xFEB1, 0xFEB2, 0xFEB2, 0xFEB2, 0xFEB2, 0xFED2, 0xFEB2, 0xFE91, 0xFE91, 0xFED2, 0xFED1, 0xFED3, 0xFF35, 0xFF98, 0xFFB9, 0xFFB9,
    0xFFD9, 0xFFD9, 0xFFD9, 0xFFD9, 0xFFD9, 0xFFFB, 0xD5D2, 0x9265, 0xFFFC, 0xFFFD, 0xFFFC, 0xF738, 0xF77A, 0xC551, 0xAC0C, 0xB44D,
    0xA3CB, 0xDE35, 0xF6F8, 0xDDF4, 0xDDF4, 0xDDF4, 0xD5B3, 0xEED7, 0xF718, 0xDDF4, 0xD5D3, 0xDDF4, 0xDE14, 0xDE14, 0xEED7, 0xDE14,
    0xDDF4, 0xDDF4, 0xDDF4, 0xDE14, 0xDDF4, 0xDE14, 0xDE14, 0xE634, 0xE655, 0xD592, 0xCD51, 0xE655, 0xEEB6, 0xEEB6, 0xEE96, 0xEE96,
    0xEEB6, 0xEEB6, 0xEEB6, 0xEEB6, 0xEEB6, 0xEEB6, 0xEEB6, 0xEE96, 0xEE75, 0xEE96, 0xEE96, 0xF6D7, 0xFF18, 0xB42C, 0x9B07, 0xB3EA,
    0xE5D1, 0xDDB1, 0xDD90, 0xDDB0, 0xE613, 0xE613, 0xE613, 0xE633, 0xDDB0, 0xDD6F, 0xE5D1, 0xE612, 0xE5F2, 0xE5F1, 0xE5F2, 0xE612,
    0xDD6E, 0xD50C, 0xDD8F, 0xE5F1, 0xE5F1, 0xE5F1, 0xE5D0, 0xE611, 0xF6D4, 0xEE31, 0xE5AE, 0xE5CF, 0xE5CF, 0xE5CE, 0xE5CF, 0xEDF0,
    0xEE32, 0xEE32, 0xEE32, 0xEE32, 0xEE31, 0xEE11, 0xEE11, 0xEE11, 0xEE31, 0xDD6E, 0xD4AB, 0xCCAB, 0xD4CC, 0xBC09, 0x9B06, 0x9B06,
    0x92E6, 0x92C5, 0x92A5, 0x8AA5, 0x7A02, 0x7A23, 0xBC6C, 0x9B88, 0x6181, 0x7A03, 0x71C2, 0x7A03, 0x9B06, 0xC44A, 0xBBC7, 0xA2E4,
    0xAB05, 0xB366, 0xB366, 0xBB86, 0xBBA7, 0xBBA7, 0xC3E8, 0xC408, 0xCC28, 0xCC09, 0xBBC8, 0xBBA8, 0xBBA7, 0xC3C8, 0xC409, 0xC409,
    0xC409, 0xC409, 0xC3E9, 0xC409, 0xC409, 0xBBC8, 0xB387, 0xB367, 0xB388, 0xB3A8, 0xA326, 0x9AC4, 0x92C4, 0x92C4, 0x92A4, 0x9AC4,
    0xA305, 0xA2E5, 0xB387, 0xCC09, 0xC408, 0xC408, 0xC3E9, 0xCC49, 0xD4CB, 0xD4CB, 0xD4EB, 0xE56D, 0xE58E, 0xE58D, 0xE58D, 0xE58D,
    0xF650, 0xF672, 0xF672, 0xF692, 0xFED4, 0xFEB3, 0xFED4, 0xFF57, 0xFF57, 0xFF57, 0xFF98, 0xFFB9, 0xFFB9, 0xFFD9, 0xFF56, 0xFEF3,
    0xFED3, 0xFED2, 0xFED2, 0xFED2, 0xFED2, 0xFED2, 0xFE91, 0xFE50, 0xFE91, 0xFEB1, 0xFEB1, 0xFE91, 0xFE91, 0xFE91, 0xFE91, 0xFE91,
    0xFE91, 0xFE91, 0xFE71, 0xFE71, 0xFE71, 0xFE50, 0xFE50, 0xFE50, 0xFE30, 0xFE70, 0xFE91, 0xFEB2, 0xFEB2, 0xFEB2, 0xFED2, 0xFED2,
    0xFEB2, 0xFEB2, 0xFEB2, 0xFEB2, 0xFEB2, 0xFED2, 0xFEF2, 0xFEB2, 0xFEB2, 0xFED2, 0xFED2, 0xFF35, 0xFF35, 0xFF55, 0xFFB8, 0xFFB9,
    0xFFD9, 0xFFD9, 0xFFDA, 0xFFDA, 0xFFD9, 0xFFFB, 0xDE33, 0x9AE6, 0xFFDB, 0xFFFC, 0xFFDB, 0xFFFC, 0xFFDB, 0xF758, 0xF738, 0xDDD3,
    0xBCAF, 0xDE34, 0xCD92, 0xCD71, 0xD592, 0xD5D3, 0xD5B2, 0xEEB6, 0xE675, 0xDDF3, 0xDDF4, 0xDDF4, 0xDE14, 0xDE14, 0xEED7, 0xDE14,
    0xDDF4, 0xDDF4, 0xDDF4, 0xDDF4, 0xDDF4, 0xDE14, 0xE634, 0xDDD3, 0xD592, 0xC530, 0xD5B2, 0xEEB6, 0xEEB6, 0xEEB6, 0xEEB6, 0xEEB6,
    0xEEB6, 0xEEB6, 0xEEB6, 0xEEB6, 0xEEB6, 0xEEB6, 0xEE96, 0xF6D7, 0xE634, 0xEE96, 0xF6D7, 0xC4CF, 0xB3EB, 0xA368, 0xD54F, 0xDDB0,
    0xDD70, 0xDD90, 0xDD90, 0xDDB0, 0xE612, 0xE613, 0xE613, 0xE613, 0xDD90, 0xDD6F, 0xDDB0, 0xE5F1, 0xE5F1, 0xE5F1, 0xE5F1, 0xE612,
    0xDD6E, 0xD4EC, 0xD4EC, 0xDD8F, 0xE5D0, 0xDD8F, 0xE5D0, 0xDDAF, 0xF6D5, 0xF693, 0xEDCF, 0xEDEF, 0xE5CF, 0xEDCE, 0xE5CE, 0xE5CE,
    0xE5EF, 0xE5EF, 0xEE11, 0xEE32, 0xEE12, 0xEE32, 0xEE32, 0xEE11, 0xEE31, 0xE5AF, 0xD4CB, 0xB3C8, 0xAB87, 0xAB67, 0xA326, 0xA347,
    0xA327, 0x92E6, 0x8AA5, 0x8AA5, 0x7A23, 0x71E2, 0x7A23, 0xBC8C, 0x9B88, 0x69A1, 0x7A03, 0x71E2, 0x71A2, 0x8A64, 0xD48A, 0xDCEB,
    0xB366, 0xB345, 0xB346, 0xBB87, 0xC3E8, 0xC3E8, 0xC3E8, 0xC3E8, 0xC3E8, 0xCC08, 0xC409, 0xC3E8, 0xBBC8, 0xC3E8, 0xC409, 0xC3E9,
    0xC3E9, 0xC3E9, 0xC409, 0xC409, 0xC409, 0xC3E9, 0xBBC8, 0xAB67, 0xAB47, 0xAB67, 0xA326, 0x9B05, 0x9AE5, 0x9AE5, 0x9AE5, 0xA2E5,
    0xAB46, 0xBBA8, 0xC3E8, 0xC3E8, 0xC409, 0xCC49, 0xCC69, 0xD48A, 0xD4CB, 0xD4CB, 0xDCEB, 0xDD4C, 0xDD4C, 0xE56D, 0xE58D, 0xE58D,
    0xFF14, 0xFF36, 0xFF35, 0xFF56, 0xFF98, 0xFF78, 0xFF98, 0xFFB9, 0xFFB9, 0xFFB9, 0xFF99, 0xFFB9, 0xFFB8, 0xFFB9, 0xFF77, 0xFEF3,
    0xFEB2, 0xFEB2, 0xFED2, 0xFED2, 0xFED2, 0xFED2, 0xFEB1, 0xFE91, 0xFE91, 0xFE71, 0xFE71, 0xFE50, 0xFE71, 0xFE91, 0xFE91, 0xFE91,
    0xFE91, 0xFE91, 0xFE91, 0xFE71, 0xFE71, 0xFE91, 0xFE91, 0xFE71, 0xF671, 0xFE92, 0xFEB2, 0xFEB1, 0xFEB2, 0xFEB2, 0xFED2, 0xFED2,
    0xFED2, 0xFED2, 0xFED2, 0xFEB2, 0xFED2, 0xFED2, 0xFEF2, 0xFED2, 0xFEB2, 0xFEB1, 0xFF55, 0xFF14, 0xFED2, 0xFF13, 0xFF98, 0xFFD9,
    0xFFD9, 0xFFD9, 0xFFD9, 0xFFDA, 0xFFD9, 0xFFFB, 0xDE33, 0x9AE6, 0xFFDB, 0xFFFC, 0xFFFC, 0xFFFC, 0xFFFC, 0xFFFB, 0xF799, 0xEE75,
    0xEE95, 0xDDF3, 0xCD30, 0xBC8E, 0xBC8E, 0xBC8E, 0xB44D, 0xDE34, 0xDDF3, 0xD5B2, 0xE635, 0xDE35, 0xE635, 0xDE14, 0xEE96, 0xE634,
    0xE634, 0xE635, 0xE635, 0xE635, 0xE614, 0xDDD3, 0xDDD3, 0xCD51, 0xCD51, 0xE634, 0xE675, 0xEEB6, 0xEEB6, 0xEEB6, 0xEEB6, 0xEEB6,
    0xEEB6, 0xEEB6, 0xEEB6, 0xEEB6, 0xF6F7, 0xF6F7, 0xF6F8, 0xC4CE, 0xB40B, 0xE634, 0xEE75, 0xABEB, 0x9285, 0xBC0B, 0xDDB1, 0xD570,
    0xDD90, 0xDD90, 0xDD90, 0xDDB1, 0xE612, 0xE612, 0xE612, 0xE612, 0xE5D1, 0xDD8F, 0xDD8F, 0xDDD0, 0xE611, 0xE611, 0xE5B0, 0xE5D0,
    0xDD8E, 0xD4EC, 0xD4EC, 0xD50D, 0xDD6E, 0xD50C, 0xDD2D, 0xD50C, 0xEE73, 0xEE31, 0xE58D, 0xE5CF, 0xE5CF, 0xE5CE, 0xE5CE, 0xE5CE,
    0xE5AE, 0xE5AE, 0xEE10, 0xEE12, 0xEE12, 0xEE32, 0xEE32, 0xE5F0, 0xE5AF, 0xDD2D, 0xCCAB, 0xABA8, 0xA326, 0xA346, 0xA346, 0xA347,
    0xA347, 0x92E5, 0x8AA5, 0x8AA5, 0x7A23, 0x7A02, 0x71C1, 0x8264, 0xBC8B, 0x92E5, 0x71C2, 0x7A03, 0x71C2, 0x8203, 0xAB05, 0xAB25,
    0xDCCB, 0xC3E8, 0xB345, 0xBB86, 0xC3E8, 0xC3E8, 0xC3E8, 0xC3E8, 0xC3E8, 0xC3E8, 0xC3E8, 0xCC29, 0xC409, 0xC409, 0xC3E8, 0xC3C8,
    0xC3C8, 0xC3E9, 0xC409, 0xC3E9, 0xC3C8, 0xBBC8, 0xBBC8, 0xAB47, 0xA325, 0xA305, 0xA305, 0xA305, 0x9B05, 0x9B05, 0xA305, 0xA305,
    0xB366, 0xC3E8, 0xC408, 0xC3E8, 0xCC29, 0xD4AA, 0xD4AA, 0xD4CA, 0xD4CA, 0xD4CA, 0xD4CA, 0xDCEB, 0xDD0B, 0xDD2C, 0xE56D, 0xE58E,
    0xFFB9, 0xFF98, 0xFF98, 0xFF98, 0xFF99, 0xFF99, 0xFF99, 0xFF99, 0xFF99, 0xFF99, 0xFF99, 0xFFB9, 0xFFB9, 0xFFB9, 0xFFB8, 0xFF14,
    0xFEB2, 0xFEB2, 0xFED2, 0xFED2, 0xFED2, 0xFED2, 0xFED2, 0xFED2, 0xFEB2, 0xFE91, 0xF671, 0xF650, 0xFE71, 0xFE91, 0xFEB1, 0xFE91,
    0xFE91, 0xFE91, 0xFEB2, 0xFE92, 0xFED2, 0xFEF3, 0xFF14, 0xFEF4, 0xFF14, 0xFF14, 0xFEF3, 0xFEB2, 0xFEB2, 0xFE91, 0xFE91, 0xFE91,
    0xFEB1, 0xFEB2, 0xFEB2, 0xFEB2, 0xFEB2, 0xFEB2, 0xFED2, 0xFED2, 0xFEB1, 0xFF35, 0xFF15, 0xFED2, 0xFEB2, 0xFEF3, 0xFF34, 0xFF98,
    0xFFD9, 0xFFD9, 0xFFD9, 0xFFDA, 0xFFD9, 0xFFFB, 0xDE33, 0x9AE6, 0xFFFC, 0xFFFD, 0xFFFC, 0xFFFC, 0xFFFC, 0xFFFB, 0xFFBA, 0xEEB6,
    0xEE75, 0xEE75, 0xEE54, 0xD591, 0xD571, 0xD571, 0xD591, 0xE695, 0xDE13, 0xD592, 0xC4F0, 0xC4EF, 0xC4CF, 0xBCCF, 0xDDF3, 0xC510,
    0xC4EF, 0xC510, 0xC510, 0xC510, 0xD591, 0xCD71, 0xCD71, 0xD5B2, 0xDE14, 0xEE96, 0xEED6, 0xEEB6, 0xF6D6, 0xEED6, 0xEED6, 0xEEB6,
    0xEEB6, 0xEEB6, 0xEEB7, 0xEEB6, 0xDDB2, 0xDDB2, 0xDDD2, 0xA368, 0x92A6, 0xA388, 0x9B27, 0xBC6C, 0xDDD1, 0xDD70, 0xDD90, 0xDD90,
    0xDDB0, 0xDDB1, 0xDD90, 0xDDB1, 0xE612, 0xE612, 0xE612, 0xE612, 0xE611, 0xDD8F, 0xE5D0, 0xE611, 0xE611, 0xE611, 0xE5AF, 0xDD8E,
    0xDD8E, 0xD4EC, 0xDD0C, 0xDD0C, 0xDD2D, 0xD50C, 0xD4EB, 0xCCAA, 0xEE52, 0xE5AF, 0xDCEA, 0xE52C, 0xE5AE, 0xE5AE, 0xE5CE, 0xEDEF,
    0xEDF0, 0xE5EF, 0xE610, 0xEE32, 0xEE12, 0xEE32, 0xEE32, 0xEE31, 0xDD4E, 0xC44A, 0xC449, 0xB3C8, 0xA346, 0xA347, 0xA347, 0xA347,
    0xA347, 0x9B06, 0x9B06, 0x92E5, 0x8244, 0x7202, 0x7A03, 0x71A1, 0x8AA5, 0xCCCC, 0x8284, 0x6981, 0x71E2, 0x8223, 0xA2E5, 0xA2C4,
    0xB366, 0xD4AA, 0xDCCB, 0xB386, 0xC3E8, 0xC3E8, 0xC408, 0xCC08, 0xC408, 0xC408, 0xC408, 0xCC29, 0xCC49, 0xCC29, 0xC409, 0xC3C8,
    0xC3C8, 0xC3E9, 0xC3E9, 0xC3C9, 0xBBA8, 0xBBC8, 0xBBC8, 0xB367, 0xA326, 0xA305, 0xA305, 0xA305, 0xA305, 0xA305, 0xA2E4, 0xA305,
    0xB366, 0xC3E8, 0xC3E8, 0xC3E8, 0xCC28, 0xD4A9, 0xD4AA, 0xD4AA, 0xD4CA, 0xDCEB, 0xDD0B, 0xDD0B, 0xDD2B, 0xDD0B, 0xE54C, 0xE58E,
    0xFFB9, 0xFFB9, 0xFFB9, 0xFF99, 0xFF99, 0xFFB9, 0xFFB9, 0xFFB9, 0xFF99, 0xFF99, 0xFFB9, 0xFFB9, 0xFFB9, 0xFFB9, 0xFF98, 0xFF14,
    0xFF13, 0xFED2, 0xFED2, 0xFED2, 0xFED2, 0xFEB2, 0xFEB2, 0xFED2, 0xFEB2, 0xFEB2, 0xFE91, 0xFE71, 0xFE71, 0xFE91, 0xFEB1, 0xFEB1,
    0xFE91, 0xFEF2, 0xFF13, 0xFEF3, 0xFF13, 0xFF34, 0xFF34, 0xFF14, 0xFF14, 0xFF14, 0xFF13, 0xFEF3, 0xFEF2, 0xFEB1, 0xFE91, 0xFE71,
    0xFE91, 0xFE91, 0xFEB2, 0xFEB2, 0xFE91, 0xFE92, 0xFEB2, 0xFEB2, 0xFEF3, 0xFF35, 0xFED2, 0xFEB2, 0xFED2, 0xFED2, 0xFED2, 0xFF98,
    0xFFDA, 0xFFD9, 0xFFD9, 0xFFD9, 0xFFD9, 0xFFFB, 0xDE53, 0xA327, 0xF77A, 0xF79A, 0xFFFC, 0xFFFC, 0xFFFC, 0xFFFB, 0xFFFB, 0xFFDA,
    0xEED6, 0xEE54, 0xEE54, 0xEE75, 0xEE95, 0xEE75, 0xF6F7, 0xF6F6, 0xE614, 0xDDD3, 0xC4EF, 0xC4F0, 0xC4EF, 0xC4EF, 0xDDD3, 0xC4EF,
    0xBCAE, 0xBCCE, 0xC4AE, 0x9B89, 0xBCAE, 0xCD71, 0xDDD3, 0xEE96, 0xEE75, 0xEE75, 0xEEB6, 0xEED6, 0xEED6, 0xEEB6, 0xEEB6, 0xEEB6,
    0xEEB6, 0xF6B6, 0xF6F7, 0xEE95, 0x9B06, 0x92C5, 0x92A5, 0xC4AD, 0xD570, 0xCD0F, 0xCD0F, 0xD52F, 0xDD90, 0xDD90, 0xD590, 0xDDD1,
    0xE633, 0xE5F2, 0xDD8F, 0xDDB1, 0xE613, 0xE612, 0xE612, 0xE612, 0xE612, 0xE611, 0xE611, 0xE611, 0xE611, 0xE611, 0xE5F0, 0xE5AF,
    0xE5AF, 0xE56E, 0xDD2D, 0xDD0C, 0xE58E, 0xD50C, 0xCC8A, 0xCC8A, 0xEE73, 0xE611, 0xDD0B, 0xDD4C, 0xE54C, 0xE56D, 0xE5CF, 0xEE11,
    0xEE32, 0xEE32, 0xEE31, 0xEE32, 0xEE32, 0xEE32, 0xEE32, 0xEE32, 0xE56E, 0xCC6A, 0xC429, 0xBC09, 0xAB87, 0xA346, 0xA347, 0xA367,
    0xA347, 0xA347, 0xA326, 0x8A84, 0x7A23, 0x71E2, 0x71E2, 0x7202, 0x69A2, 0x8244, 0xBC6B, 0x92E6, 0x6981, 0x8A43, 0xAAE5, 0xA2E4,
    0xAB05, 0xB386, 0xC429, 0xE54D, 0xCC49, 0xC3E8, 0xCBE8, 0xCC08, 0xCC29, 0xCC09, 0xCC09, 0xCC29, 0xCC49, 0xCC4A, 0xCC2A, 0xC3E9,
    0xC3C8, 0xC409, 0xC409, 0xC409, 0xC3E9, 0xBBA8, 0xB388, 0xB388, 0xAB46, 0x9B05, 0xA305, 0xA305, 0xA305, 0xA325, 0xAB66, 0xB366,
    0xC3A7, 0xC3E8, 0xC3E8, 0xCC08, 0xCC29, 0xD4AA, 0xD4AA, 0xD4AA, 0xD4CA, 0xDD0B, 0xDD2C, 0xDD2C, 0xDD4C, 0xE56D, 0xE56D, 0xE58E,
    0xFFB9, 0xFFB9, 0xFF99, 0xFF99, 0xFF99, 0xFFB9, 0xFFB9, 0xFF99, 0xFF99, 0xFFB9, 0xFFB9, 0xFFB9, 0xFFB9, 0xFFB9, 0xFFB8, 0xFF55,
    0xFF13, 0xFED2, 0xFED2, 0xFEB2, 0xFE91, 0xF671, 0xFE71, 0xFE91, 0xFEB1, 0xFEB2, 0xFE91, 0xFE91, 0xFE91, 0xFE91, 0xFE91, 0xF650,
    0xF650, 0xFE92, 0xFEB2, 0xFE91, 0xFE91, 0xFE92, 0xFEB2, 0xFED3, 0xFEF3, 0xFEF3, 0xFEF3, 0xFED2, 0xFED2, 0xFED2, 0xFEB2, 0xFE71,
    0xFE91, 0xFE91, 0xFE71, 0xFE51, 0xFE71, 0xFE91, 0xFEB2, 0xFED3, 0xFF77, 0xFED3, 0xFEB1, 0xFEB2, 0xFEB2, 0xFEB2, 0xFED2, 0xFF14,
    0xFF97, 0xFFDA, 0xFFD9, 0xFFDA, 0xFFDA, 0xFFDA, 0xF799, 0xF739, 0xA388, 0xB44C, 0xFFFD, 0xFFFC, 0xFFFC, 0xFFFB, 0xFFFB, 0xFFFB,
    0xFFBA, 0xEE95, 0xEE54, 0xEE54, 0xEE54, 0xE654, 0xEEB5, 0xF6B6, 0xE614, 0xE634, 0xEE54, 0xE654, 0xE654, 0xDE13, 0xE634, 0xDDD2,
    0xDDD2, 0xDDF2, 0xDDF2, 0xA3AA, 0xCD30, 0xEE96, 0xE655, 0xE675, 0xE675, 0xEE75, 0xEED6, 0xEED6, 0xEED6, 0xF6F7, 0xF717, 0xF6F7,
    0xF718, 0xB42C, 0x9B48, 0xABC9, 0xCD2F, 0xD550, 0xCD2F, 0xD570, 0xDD91, 0xDD91, 0xDDB1, 0xDDB1, 0xDDB1, 0xDDB1, 0xE612, 0xE613,
    0xE633, 0xE5F2, 0xDD90, 0xDDB1, 0xE613, 0xE612, 0xE612, 0xE612, 0xE612, 0xE632, 0xE611, 0xE611, 0xE611, 0xE611, 0xE611, 0xEDF1,
    0xE5AF, 0xE5AF, 0xDD6E, 0xDD6D, 0xDD6D, 0xDD4D, 0xDD4D, 0xD50C, 0xE5AF, 0xF692, 0xE56C, 0xE54C, 0xE54C, 0xE56D, 0xE5CF, 0xEE11,
    0xEE12, 0xEE32, 0xEE32, 0xEE32, 0xEE32, 0xEE32, 0xEE11, 0xEE11, 0xE58E, 0xC44A, 0xB3C8, 0xBBC8, 0xB3C8, 0xAB87, 0xAB67, 0xA346,
    0xA347, 0xA367, 0xA347, 0x8A64, 0x7A23, 0x7202, 0x71E2, 0x71E2, 0x7203, 0x69C1, 0x92E6, 0xB40A, 0x8AA5, 0x8202, 0xAB25, 0xAB25,
    0xB346, 0xB386, 0xBB86, 0xC3E8, 0xD48A, 0xD48A, 0xCC29, 0xCC09, 0xCC29, 0xCC29, 0xCC49, 0xCC29, 0xCC49, 0xCC4A, 0xCC4A, 0xCC2A,
    0xC409, 0xC409, 0xCC2A, 0xCC2A, 0xCC4A, 0xC3E9, 0xB3A8, 0xB388, 0xB388, 0xAB67, 0xA305, 0xA305, 0xA305, 0xAB45, 0xC3E8, 0xCC08,
    0xCC08, 0xCC08, 0xC3E8, 0xD469, 0xD4CA, 0xD4CA, 0xD4CA, 0xD4CA, 0xDD0B, 0xDD2C, 0xDD2C, 0xDD2C, 0xE56D, 0xE58E, 0xE58E, 0xE58E,
    0xFFB9, 0xFFB9, 0xFFB9, 0xFFB9, 0xFFB9, 0xFFB9, 0xFFB9, 0xFFB9, 0xFFB9, 0xFFB9, 0xFFB9, 0xFFB9, 0xFFB9, 0xFFB9, 0xFFB9, 0xFF97,
    0xFEB2, 0xFE71, 0xF671, 0xF650, 0xF650, 0xF650, 0xF650, 0xFE70, 0xF670, 0xFE91, 0xFEB1, 0xFEB1, 0xFEB2, 0xFEB2, 0xFE91, 0xF650,
    0xF651, 0xFE71, 0xFE71, 0xFE50, 0xF630, 0xF650, 0xFE91, 0xFEB2, 0xFED3, 0xFEF3, 0xFED2, 0xFEB2, 0xFEB2, 0xFEB2, 0xFE91, 0xFE91,
    0xFEB2, 0xFE91, 0xFE71, 0xFE71, 0xFE92, 0xFE92, 0xFEF4, 0xFF77, 0xFED2, 0xFEB2, 0xFED2, 0xFEB2, 0xFED2, 0xFED2, 0xFED2, 0xFEF2,
    0xFF97, 0xFFD9, 0xFFD9, 0xFFD9, 0xFFDA, 0xFFDA, 0xFFFA, 0xFFFC, 0xA306, 0xB42B, 0xFFFE, 0xFFDC, 0xFFFC, 0xFFFB, 0xFFFB, 0xFFFB,
    0xFFFC, 0xEEF7, 0xEE75, 0xEE55, 0xEE54, 0xEEB6, 0xEED6, 0xE634, 0xE634, 0xE634, 0xE634, 0xE634, 0xE634, 0xDDF2, 0xDDD2, 0xDDD2,
    0xDDD2, 0xDDD2, 0xDDD2, 0xA3AA, 0xCD71, 0xEED7, 0xEE76, 0xE675, 0xEE75, 0xEE75, 0xEE96, 0xEE96, 0xEEB6, 0xDDF3, 0xD5B2, 0xD5B2,
    0xD5B2, 0xB42B, 0xABA9, 0xABEA, 0xD591, 0xDDB2, 0xDDB2, 0xDD91, 0xD591, 0xD570, 0xD5B1, 0xE612, 0xDDF2, 0xDDB1, 0xE633, 0xE633,
    0xE633, 0xE5F2, 0xDD8F, 0xDDB0, 0xE612, 0xE612, 0xE612, 0xE612, 0xE632, 0xE631, 0xE611, 0xE611, 0xE611, 0xE611, 0xE5F1, 0xE5F1,
    0xE5D0, 0xE5AF, 0xE5CF, 0xE5CF, 0xE5AF, 0xE58E, 0xE56E, 0xE58D, 0xE56D, 0xEE31, 0xE58D, 0xE56C, 0xE5CE, 0xEDF0, 0xEDF1, 0xEE12,
    0xEE31, 0xEE32, 0xEE32, 0xEE32, 0xEE32, 0xEE11, 0xDD6E, 0xDD4D, 0xDD4E, 0xCC8B, 0xB3C8, 0xAB88, 0xB3A8, 0xB3A8, 0xB3C8, 0xAB88,
    0xAB67, 0xAB67, 0xAB67, 0x9B06, 0x92E5, 0x7A23, 0x71E2, 0x71E2, 0x71E2, 0x7203, 0x69A1, 0x8A84, 0xB3C9, 0x9AC4, 0xAB25, 0xAB26,
    0xB366, 0xBB86, 0xBB86, 0xBB86, 0xBB86, 0xCC69, 0xE52C, 0xD48A, 0xC409, 0xCC29, 0xCC4A, 0xCC49, 0xCC4A, 0xCC4A, 0xCC4A, 0xCC4A,
    0xCC4A, 0xCC2A, 0xCC2A, 0xCC2A, 0xCC2A, 0xCC2A, 0xBBC8, 0xB387, 0xB387, 0xB3A7, 0xB387, 0xAB46, 0xAB25, 0xAB25, 0xC3C7, 0xCBE8,
    0xC3E8, 0xCC08, 0xC3E8, 0xD469, 0xD4CA, 0xD4EA, 0xDD2C, 0xDD2C, 0xDD2C, 0xDD2C, 0xDD2C, 0xDD2C, 0xE54D, 0xE58E, 0xE58E, 0xE5AE,
    0xFFB9, 0xFFB9, 0xFFB9, 0xFFB9, 0xFFB9, 0xFFB9, 0xFFB9, 0xFFB9, 0xFFB9, 0xFFB9, 0xFFB9, 0xFFB9, 0xFFB9, 0xFFB9, 0xFFB9, 0xFF98,
    0xFEB2, 0xFE71, 0xF650, 0xF650, 0xFE71, 0xFE71, 0xFE71, 0xFE71, 0xFE70, 0xFE91, 0xFEB2, 0xFEB2, 0xFEB2, 0xFEB2, 0xFEB2, 0xFEB2,
    0xFEB2, 0xFE91, 0xFE91, 0xFE91, 0xF671, 0xFE91, 0xFE91, 0xFEB2, 0xFEB2, 0xFE91, 0xFE91, 0xFE91, 0xFED2, 0xFEB2, 0xFE91, 0xFED2,
    0xFEF3, 0xFEF3, 0xFEF3, 0xFEF3, 0xFEF3, 0xFEF4, 0xFF36, 0xFF14, 0xFED2, 0xFED2, 0xFED2, 0xFED2, 0xFED2, 0xFED2, 0xFEB1, 0xFF35,
    0xFFD9, 0xFFD9, 0xFFD9, 0xFFD9, 0xFFDA, 0xFFFA, 0xFFD9, 0xFFFB, 0xA327, 0xBC6C, 0xFFFE, 0xFFDC, 0xFFFC, 0xFFFB, 0xFFFB, 0xFFFB,
    0xFFFB, 0xFFFB, 0xEF18, 0xEE55, 0xEE54, 0xF6F6, 0xF717, 0xE614, 0xEE34, 0xE634, 0xE634, 0xE634, 0xE634, 0xDDF3, 0xDDD2, 0xDDD2,
    0xDDD2, 0xDDD2, 0xDDD2, 0x9B69, 0xCD51, 0xF6F7, 0xEE96, 0xEE76, 0xEE76, 0xEE75, 0xE675, 0xEEB6, 0xF6D6, 0xABAA, 0x9285, 0x9AE6,
    0x92C6, 0xCD0E, 0xDDD2, 0xDDD1, 0xD5B1, 0xD591, 0xD5B1, 0xD5B1, 0xDDD2, 0xE5F2, 0xE5F3, 0xE613, 0xDDF2, 0xDDD1, 0xE633, 0xE633,
    0xE633, 0xDDF2, 0xDD8F, 0xDDB0, 0xDDB0, 0xE612, 0xE612, 0xE611, 0xE612, 0xE611, 0xE611, 0xE611, 0xE611, 0xE611, 0xE611, 0xE611,
    0xE5F0, 0xE5AF, 0xE5CF, 0xE5D0, 0xEE11, 0xE5CF, 0xE58E, 0xE58E, 0xE58D, 0xEE52, 0xEE11, 0xEE11, 0xEE11, 0xEE32, 0xEE32, 0xEE12,
    0xEE32, 0xEE32, 0xEE32, 0xEE32, 0xEE32, 0xEE52, 0xE5D0, 0xD50D, 0xCCAB, 0xCC8B, 0xC42A, 0xB3C8, 0xB3A8, 0xB3A8, 0xB3C8, 0xBBE9,
    0xBBC9, 0xAB88, 0xAB67, 0xAB67, 0x9B06, 0x7A23, 0x71E2, 0x71E2, 0x71E2, 0x71E2, 0x7A03, 0x71C2, 0x7A23, 0xB3A8, 0xB367, 0xAB46,
    0xB366, 0xC3C7, 0xC3C7, 0xC3E7, 0xC3E7, 0xC408, 0xCC49, 0xD4AB, 0xD48A, 0xCC4A, 0xCC49, 0xCC4A, 0xCC4A, 0xCC4A, 0xCC4A, 0xCC4A,
    0xCC4A, 0xCC4A, 0xCC2A, 0xCC2A, 0xCC2A, 0xCC2A, 0xC409, 0xBBC8, 0xB367, 0xAB46, 0xB367, 0xAB46, 0xB346, 0xB345, 0xC3C7, 0xC408,
    0xC3E8, 0xCC08, 0xC408, 0xCC69, 0xD489, 0xD4CA, 0xDD2C, 0xDD2C, 0xDD2C, 0xDD2C, 0xDD2C, 0xDD4C, 0xE54C, 0xE5AE, 0xE5AE, 0xE5AE,
    0xFF98, 0xFF99, 0xFFB9, 0xFFB9, 0xFFB9, 0xFFB9, 0xFFB9, 0xFFB9, 0xFFB9, 0xFFB9, 0xFF99, 0xFF99, 0xFFB9, 0xFFB9, 0xFFB9, 0xFF98,
    0xF6B2, 0xFE70, 0xF670, 0xFE91, 0xFE91, 0xFE91, 0xFE50, 0xF650, 0xFE70, 0xFE91, 0xFEB1, 0xFEB2, 0xFEB2, 0xFED2, 0xFEB2, 0xFE91,
    0xF671, 0xF650, 0xF630, 0xF630, 0xFE51, 0xFE71, 0xFE91, 0xFE91, 0xFE91, 0xFE71, 0xFE71, 0xFE71, 0xFE91, 0xFE91, 0xFE91, 0xFED2,
    0xFED2, 0xFEF2, 0xFEF3, 0xFEF3, 0xFEF3, 0xFF36, 0xFF15, 0xFED2, 0xFED3, 0xFEF3, 0xFF13, 0xFEF3, 0xFED2, 0xFED2, 0xFF14, 0xFF14,
    0xFF76, 0xFFD9, 0xFFB9, 0xFFD9, 0xFFD9, 0xFFD9, 0xFFD9, 0xFFFB, 0xA2E5, 0xBC6D, 0xFFFF, 0xFFDC, 0xFFFB, 0xFFFB, 0xFFFB, 0xFFDB,
    0xFFFB, 0xFFFB, 0xFFDB, 0xEEF7, 0xE613, 0xEEB6, 0xF717, 0xE634, 0xEE34, 0xE634, 0xE634, 0xE634, 0xE634, 0xDDF3, 0xDDD2, 0xDDD2,
    0xDDD2, 0xDDD2, 0xDDD2, 0xBCAE, 0xB46D, 0xC50F, 0xEEB6, 0xEE76, 0xEE75, 0xEEB6, 0xEE95, 0xABEB, 0xA3AA, 0xC4CE, 0xD570, 0xCD50,
    0xD550, 0xD570, 0xD590, 0xD5B1, 0xD5B1, 0xD5B1, 0xD5B1, 0xDDD2, 0xE613, 0xE614, 0xE613, 0xE633, 0xE613, 0xE613, 0xE633, 0xE633,
    0xE633, 0xE612, 0xDDB0, 0xDD90, 0xDDB0, 0xE5F1, 0xE612, 0xDDB0, 0xE5F1, 0xEE11, 0xE611, 0xEE31, 0xEE11, 0xE611, 0xE611, 0xE5D0,
    0xE5F1, 0xEDF1, 0xE5F0, 0xE5D0, 0xEE11, 0xEE11, 0xEE11, 0xEE10, 0xE5AE, 0xEE52, 0xEE31, 0xEE31, 0xEE32, 0xEE32, 0xEE32, 0xEE32,
    0xEE32, 0xEE11, 0xEE12, 0xEE32, 0xEE32, 0xEE32, 0xEDF0, 0xDD4E, 0xBBE9, 0xBBE8, 0xBC09, 0xBC09, 0xBC09, 0xBBE9, 0xBBE9, 0xBBC9,
    0xBBA8, 0xB3A8, 0xB388, 0xAB67, 0x9B06, 0x7A03, 0x71E2, 0x71E2, 0x71E2, 0x7203, 0x71E2, 0x71E3, 0x79E2, 0xA305, 0xC3E8, 0xBBA7,
    0xB386, 0xC3E7, 0xC3E7, 0xC3E8, 0xC3E8, 0xCC29, 0xCC49, 0xCC29, 0xD4AA, 0xD4AA, 0xCC49, 0xCC29, 0xCC4A, 0xCC4A, 0xCC4A, 0xCC4A,
    0xCC4A, 0xCC4A, 0xCC4A, 0xCC2A, 0xCC2A, 0xCC2A, 0xCC2A, 0xC409, 0xC3E9, 0xAB26, 0xAB05, 0xAB25, 0xBB86, 0xC3C7, 0xC3E7, 0xC3E7,
    0xCBE7, 0xD469, 0xD469, 0xD489, 0xD48A, 0xDCCA, 0xDD2C, 0xDD2C, 0xDD2C, 0xDD2C, 0xDD4C, 0xDD4C, 0xE54C, 0xE58E, 0xE5AE, 0xE58E,
    0xFF98, 0xFFB9, 0xFFB9, 0xFFB9, 0xFFB9, 0xFFB9, 0xFFB9, 0xFFB9, 0xFFB9, 0xFFB9, 0xFF98, 0xFF98, 0xFFB9, 0xFFB9, 0xFFB9, 0xFF98,
    0xFED3, 0xFE71, 0xFE50, 0xFE91, 0xFE91, 0xF670, 0xF62F, 0xF60F, 0xF670, 0xFE91, 0xFEB2, 0xFEB2, 0xFED2, 0xFED2, 0xFED2, 0xF650,
    0xF630, 0xF630, 0xF630, 0xF630, 0xFE71, 0xFE71, 0xFE91, 0xFE91, 0xFE91, 0xFE71, 0xFE91, 0xFE91, 0xFE51, 0xFE50, 0xFE71, 0xFE91,
    0xFEB1, 0xFED2, 0xFEF3, 0xFED2, 0xFF14, 0xFF35, 0xFED3, 0xFED3, 0xFED3, 0xFED3, 0xFED2, 0xFED2, 0xFED2, 0xFED2, 0xFF55, 0xFF13,
    0xFF35, 0xFF98, 0xFFB9, 0xFFD9, 0xFFB9, 0xFFB9, 0xFFD9, 0xFFFA, 0xABA8, 0xC4EE, 0xEF5A, 0xFFBB, 0xFFFB, 0xFFFB, 0xFFFB, 0xFFDB,
    0xFFFB, 0xFFFB, 0xFFFC, 0xF779, 0xEEF6, 0xF758, 0xF717, 0xE614, 0xE635, 0xE634, 0xE634, 0xE634, 0xE634, 0xE634, 0xE614, 0xDDF3,
    0xE613, 0xDDD2, 0xDDF2, 0xE654, 0xBC8D, 0xB44C, 0xF717, 0xEEB7, 0xEEB6, 0xC530, 0xC4CE, 0xBC6D, 0xABEB, 0xCD0F, 0xDDD2, 0xDDB1,
    0xDDB1, 0xD591, 0xD591, 0xDDB1, 0xDDD2, 0xDDD2, 0xDDD2, 0xDDF3, 0xE634, 0xE614, 0xE613, 0xE633, 0xE633, 0xE633, 0xE633, 0xE633,
    0xE633, 0xE633, 0xE612, 0xDDB0, 0xDDB0, 0xDDD1, 0xE612, 0xDD6E, 0xDD6E, 0xE611, 0xE5D0, 0xDD4E, 0xEE11, 0xE631, 0xEE11, 0xE5D0,
    0xE5D0, 0xEE32, 0xEE12, 0xEE11, 0xE5D0, 0xEE11, 0xEE32, 0xEE32, 0xEE32, 0xF652, 0xEE32, 0xEE32, 0xEE32, 0xEE32, 0xEE32, 0xEE32,
    0xEE32, 0xEE33, 0xEE53, 0xEE11, 0xE5AF, 0xE5D0, 0xD4EC, 0xCCAB, 0xC42A, 0xBBE9, 0xBBC8, 0xBBE9, 0xBC09, 0xC409, 0xC409, 0xBBE9,
    0xB3A8, 0xB3A8, 0xB3A8, 0xB388, 0x9B06, 0x7202, 0x71E2, 0x7202, 0x71E2, 0x71E2, 0x71E2, 0x71E2, 0x71E2, 0x9284, 0xB386, 0xCC08,
    0xC408, 0xBBC7, 0xCC28, 0xCC49, 0xCC49, 0xCC29, 0xCC29, 0xCC29, 0xCC29, 0xCC49, 0xD46A, 0xD449, 0xCC29, 0xCC4A, 0xCC4A, 0xCC4A,
    0xCC4A, 0xCC4A, 0xCC4A, 0xCC29, 0xC3E9, 0xC3E9, 0xC3E9, 0xC3C8, 0xBBC8, 0xAB26, 0xAB25, 0xAB25, 0xBB86, 0xC3C7, 0xC3E7, 0xC407,
    0xC408, 0xD469, 0xD489, 0xD489, 0xDCEB, 0xDD2B, 0xDD2C, 0xDD2C, 0xDD2C, 0xDD2C, 0xDD4C, 0xDD4D, 0xE58E, 0xE5AE, 0xE58E, 0xE58E,
    0xFFB8, 0xFFB9, 0xFFB9, 0xFFB9, 0xFFB9, 0xFFB9, 0xFFB9, 0xFFB9, 0xFFB9, 0xFFB9, 0xFF98, 0xFF98, 0xFFB9, 0xFF99, 0xFFB9, 0xFF98,
    0xFF55, 0xFE91, 0xFE50, 0xF650, 0xF650, 0xF630, 0xFE50, 0xF650, 0xF630, 0xFE71, 0xFED2, 0xFED2, 0xFED2, 0xFED2, 0xFEF2, 0xFEB2,
    0xFE91, 0xF671, 0xF671, 0xF671, 0xFE91, 0xFE91, 0xFE91, 0xFE91, 0xFE71, 0xFEB2, 0xFED2, 0xFED2, 0xFEB2, 0xFEB2, 0xFEB2, 0xFED2,
    0xFED2, 0xFEB2, 0xFEB2, 0xFEF4, 0xFF36, 0xFEF3, 0xFED2, 0xFEF3, 0xFEF3, 0xFED2, 0xFEB2, 0xFED2, 0xFED2, 0xFF55, 0xFEF4, 0xFEB1,
    0xFEB2, 0xFED3, 0xFFB8, 0xFFF9, 0xFFD9, 0xFFD9, 0xFFD9, 0xFFD9, 0xFFDA, 0xDE13, 0x9306, 0xFFFB, 0xFFFD, 0xFFFB, 0xFFFB, 0xFFDB,
    0xFFFB, 0xFFFB, 0xFFFB, 0xFFFB, 0xFFFC, 0xFFFB, 0xF738, 0xEE75, 0xEE55, 0xE634, 0xE634, 0xE634, 0xE634, 0xE634, 0xE634, 0xE634,
    0xE634, 0xE613, 0xDDF3, 0xE633, 0xBC8D, 0xB44C, 0xE614, 0xDDD2, 0xDDF3, 0xABEA, 0xA369, 0xDDF2, 0xE612, 0xDDD1, 0xDDB1, 0xDDB1,
    0xDDB1, 0xDDB2, 0xDDB1, 0xD5B1, 0xDDF3, 0xE614, 0xE614, 0xE614, 0xE634, 0xE634, 0xE634, 0xE613, 0xE633, 0xE633, 0xE633, 0xE633,
    0xE633, 0xE633, 0xE633, 0xE5F1, 0xDD8F, 0xDDB0, 0xE611, 0xDD6E, 0xD50D, 0xDD6E, 0xE5AF, 0xCC8B, 0xE5D0, 0xEE32, 0xEE11, 0xEE11,
    0xEE11, 0xEE11, 0xEE12, 0xEE32, 0xEE11, 0xE5F0, 0xEE11, 0xEE32, 0xEE32, 0xEE32, 0xEE32, 0xEE11, 0xE5F1, 0xEE32, 0xEE32, 0xEE32,
    0xEE32, 0xEE32, 0xEE53, 0xEE12, 0xE5D0, 0xDD4E, 0xCC6A, 0xC409, 0xCC4A, 0xC42A, 0xBBE9, 0xBBC9, 0xBBC9, 0xBC09, 0xBC09, 0xC409,
    0xB3A8, 0xB3A8, 0xB3A8, 0xB3A8, 0x9B06, 0x8264, 0x7A03, 0x71E2, 0x71E2, 0x71E2, 0x71E2, 0x7202, 0x7A02, 0x71C2, 0xAB46, 0xCC07,
    0xC3E8, 0xCC49, 0xD469, 0xCC69, 0xD48A, 0xCC49, 0xCC29, 0xCC29, 0xCC29, 0xCC29, 0xCC49, 0xCC49, 0xCC49, 0xCC4A, 0xCC4A, 0xCC4A,
    0xCC4A, 0xCC4A, 0xCC4A, 0xCC4A, 0xC409, 0xC3C8, 0xBBC8, 0xB366, 0xAB46, 0xB346, 0xAB46, 0xB346, 0xBBA7, 0xC3C7, 0xC3E7, 0xD469,
    0xD489, 0xD469, 0xD469, 0xD489, 0xDCEB, 0xE52C, 0xDD2C, 0xDD2C, 0xDD2C, 0xDD2C, 0xDD2C, 0xDD4D, 0xE58E, 0xE58E, 0xE58E, 0xE58E,
    0xFF98, 0xFFB9, 0xFFB9, 0xFFB9, 0xFFB9, 0xFFB9, 0xFFB9, 0xFFB9, 0xFFB8, 0xFFB8, 0xFF98, 0xFF98, 0xFF98, 0xFF98, 0xFFB9, 0xFF98,
    0xFF35, 0xFE92, 0xF650, 0xF630, 0xF630, 0xF630, 0xF650, 0xF650, 0xF630, 0xFE91, 0xFED2, 0xFED2, 0xFED2, 0xFED2, 0xFEB2, 0xFEB2,
    0xFE91, 0xF651, 0xF650, 0xFE71, 0xFE71, 0xFE71, 0xF650, 0xFE51, 0xFE71, 0xFE91, 0xFEB2, 0xFED2, 0xFED2, 0xFED2, 0xFED2, 0xFF13,
    0xFEF3, 0xFED2, 0xFEB2, 0xFF55, 0xFEB2, 0xFEB1, 0xFEF3, 0xFEF2, 0xFEF3, 0xFEF3, 0xFEF3, 0xFEF2, 0xFF14, 0xFEF4, 0xFEB2, 0xFEB1,
    0xFEB2, 0xFF14, 0xFFD9, 0xFFFA, 0xFFD9, 0xFFD9, 0xFFF9, 0xFFD9, 0xFFFB, 0xDE53, 0xA348, 0xD5B1, 0xDE13, 0xFFFB, 0xFFFB, 0xFFFB,
    0xFFFB, 0xFFFB, 0xFFFB, 0xFFFB, 0xFFDB, 0xFFDA, 0xFFBA, 0xFFB9, 0xEE55, 0xE634, 0xE634, 0xE634, 0xE634, 0xEE35, 0xE634, 0xE634,
    0xE634, 0xE614, 0xDDF3, 0xE613, 0xC4EF, 0xB40B, 0xABEB, 0xABEB, 0xAC2B, 0xD590, 0xDDB1, 0xDDD1, 0xDDD1, 0xDDD1, 0xDDD1, 0xDDB1,
    0xDDB2, 0xDDB2, 0xDDD2, 0xE613, 0xE613, 0xE614, 0xE614, 0xE634, 0xE634, 0xE634, 0xE634, 0xE634, 0xE633, 0xE633, 0xE633, 0xE613,
    0xE633, 0xE633, 0xE633, 0xE5F2, 0xDD8F, 0xDD8F, 0xDDAF, 0xDD6E, 0xDD2D, 0xDD2D, 0xDD4D, 0xCC8B, 0xCCAB, 0xE5F0, 0xEE12, 0xEE11,
    0xEE31, 0xEE11, 0xEE11, 0xEE12, 0xEE12, 0xE5F1, 0xE5F1, 0xEE12, 0xEE32, 0xEE32, 0xEE32, 0xEE32, 0xEE11, 0xEE32, 0xEE32, 0xEE32,
    0xEE32, 0xEE32, 0xEE32, 0xEE33, 0xEE11, 0xC44A, 0xC429, 0xCC49, 0xC449, 0xC44A, 0xC42A, 0xBBE9, 0xBBE9, 0xBBC9, 0xBBC9, 0xBBC8,
    0xB3C8, 0xB3A8, 0xB3A8, 0xB387, 0x9AE6, 0x9B06, 0x8A84, 0x71E2, 0x71E2, 0x71E2, 0x71E2, 0x7202, 0x7A02, 0x71C1, 0xAB46, 0xCC08,
    0xC3E7, 0xD469, 0xD469, 0xCC69, 0xCC69, 0xCC69, 0xCC6A, 0xCC49, 0xCC29, 0xCC49, 0xCC49, 0xCC49, 0xCC49, 0xD46A, 0xD48B, 0xCC6A,
    0xCC4A, 0xCC4A, 0xCC4A, 0xCC4A, 0xCC29, 0xC3E8, 0xBBC8, 0xB366, 0xAB46, 0xB346, 0xB346, 0xB346, 0xBBA7, 0xC3E7, 0xCC08, 0xD469,
    0xD489, 0xD469, 0xD469, 0xD469, 0xDCEB, 0xE52C, 0xDD2C, 0xE54C, 0xE56D, 0xDD4D, 0xDD4C, 0xDD4C, 0xDD4C, 0xDD6D, 0xE58E, 0xE58E,
    0xFF98, 0xFF98, 0xFF98, 0xFF98, 0xFF98, 0xFF98, 0xFF98, 0xFF98, 0xFF98, 0xFF98, 0xFF98, 0xFF98, 0xFF98, 0xFFB8, 0xFFB9, 0xFF98,
    0xFF35, 0xFEB2, 0xF650, 0xF671, 0xFE71, 0xFE71, 0xFE71, 0xF650, 0xF650, 0xF650, 0xFE71, 0xFE71, 0xFE91, 0xFE92, 0xFE91, 0xFE92,
    0xFEB2, 0xFEB2, 0xFE91, 0xFE71, 0xFE71, 0xFE71, 0xF630, 0xF610, 0xFE50, 0xFE71, 0xFE71, 0xFE71, 0xFE71, 0xFE91, 0xFE91, 0xFED2,
    0xFED2, 0xFEB2, 0xFF13, 0xFEF3, 0xFEB2, 0xFEB2, 0xFED2, 0xFED2, 0xFED2, 0xFEB1, 0xFEB1, 0xFE91, 0xFF56, 0xFEB2, 0xF650, 0xFEB2,
    0xFEB1, 0xFF35, 0xFFFA, 0xFFDA, 0xFFFA, 0xFFD9, 0xFFD9, 0xFFD9, 0xFFD9, 0xFFB9, 0xFF99, 0xBC6B, 0xAB87, 0xFFFC, 0xFFFB, 0xFFFB,
    0xFFFB, 0xFFFC, 0xFFDA, 0xFFDA, 0xFFFB, 0xFFDA, 0xFFDA, 0xFFB9, 0xE655, 0xE634, 0xEE34, 0xE634, 0xE634, 0xE634, 0xE634, 0xE634,
    0xE635, 0xE634, 0xDDF3, 0xDDF3, 0xE5F3, 0xE5F3, 0xDDD2, 0xDDB2, 0xDDB2, 0xDDF2, 0xDDF2, 0xDDD2, 0xDDD2, 0xDDD1, 0xDDD2, 0xDDD2,
    0xDDD2, 0xDDB2, 0xDDD2, 0xE634, 0xE634, 0xE634, 0xE634, 0xE634, 0xE634, 0xE634, 0xE634, 0xE634, 0xE612, 0xDDF1, 0xE613, 0xE613,
    0xE633, 0xE633, 0xE612, 0xE632, 0xDDD0, 0xDD6E, 0xDD6E, 0xDD6E, 0xDD6E, 0xDD6E, 0xDD4D, 0xD50C, 0xCC8B, 0xD4EC, 0xE5D0, 0xEE32,
    0xEE11, 0xEE11, 0xEE11, 0xEE11, 0xEE32, 0xEE32, 0xEE11, 0xEE32, 0xEE32, 0xEE32, 0xEE32, 0xEE32, 0xEE32, 0xEE32, 0xEE32, 0xEE32,
    0xEE32, 0xEE32, 0xEE32, 0xEE32, 0xEE32, 0xCC8B, 0xC429, 0xC449, 0xC449, 0xC449, 0xC44A, 0xCC4A, 0xCC4A, 0xBBC9, 0xBBC8, 0xB3C8,
    0xB3C8, 0xB3A8, 0xB3A8, 0xB3A8, 0xA347, 0x92E6, 0x8AA4, 0x7A43, 0x7202, 0x7202, 0x7202, 0x71E2, 0x7A02, 0x8243, 0xB346, 0xCC08,
    0xC3E7, 0xCC28, 0xCC69, 0xCC69, 0xCC69, 0xCC69, 0xCC69, 0xD46A, 0xCC29, 0xCC29, 0xCC49, 0xCC49, 0xCC4A, 0xCC6A, 0xD48B, 0xD48B,
    0xCC6A, 0xCC4A, 0xCC4A, 0xCC4A, 0xCC4A, 0xC3E8, 0xBBC8, 0xB367, 0xB346, 0xB346, 0xAB25, 0xB345, 0xC3C7, 0xC3E7, 0xCC49, 0xD469,
    0xD469, 0xD48A, 0xD48A, 0xD489, 0xDD0B, 0xE52C, 0xE54C, 0xE56D, 0xE58E, 0xE58F, 0xE58F, 0xE58E, 0xE58E, 0xE58E, 0xE58E, 0xE58E,
    0xFF98, 0xFF77, 0xFF77, 0xFF98, 0xFF98, 0xFF98, 0xFF98, 0xFF98, 0xFF98, 0xFF98, 0xFF98, 0xFFB8, 0xFF98, 0xFF98, 0xFF98, 0xFF98,
    0xFF36, 0xFE92, 0xF650, 0xFE71, 0xFE91, 0xFE91, 0xFE91, 0xFE91, 0xFE71, 0xF610, 0xF60F, 0xEE0F, 0xF60F, 0xEE0F, 0xF610, 0xF630,
    0xFE71, 0xFE92, 0xFE71, 0xFE71, 0xFE91, 0xFE71, 0xFE50, 0xFE50, 0xF650, 0xF650, 0xFE51, 0xFE71, 0xFE71, 0xFE71, 0xFE71, 0xFE92,
    0xFEB2, 0xFED2, 0xFEF3, 0xFE91, 0xFE91, 0xFEB2, 0xFEB1, 0xFEB1, 0xFEB1, 0xFEB1, 0xFE71, 0xFEF5, 0xFF14, 0xFED2, 0xFEF3, 0xFED2,
    0xFEB1, 0xFF35, 0xFFD9, 0xFFD9, 0xFFFA, 0xFFFA, 0xFFD9, 0xFFD9, 0xFFD9, 0xFFD9, 0xFFFC, 0xCD2E, 0xABA8, 0xFFFB, 0xFFFB, 0xFFFB,
    0xFFFB, 0xFFFC, 0xFFBA, 0xF799, 0xFFFB, 0xFFDA, 0xFFB9, 0xF758, 0xEE55, 0xE655, 0xE655, 0xE655, 0xE655, 0xE654, 0xE654, 0xE634,
    0xE635, 0xE634, 0xDDF3, 0xDDF3, 0xDDF3, 0xDDF3, 0xE613, 0xE613, 0xDE13, 0xDDF2, 0xDDD2, 0xDDD2, 0xDDD2, 0xDDF3, 0xE613, 0xE613,
    0xE613, 0xE634, 0xE614, 0xE634, 0xE634, 0xE634, 0xE634, 0xE634, 0xE634, 0xE634, 0xE634, 0xEE34, 0xDDF1, 0xDDD1, 0xE633, 0xE633,
    0xE612, 0xE612, 0xE612, 0xE632, 0xDDB0, 0xDD6E, 0xDD6F, 0xDD6E, 0xDD6E, 0xDD6E, 0xE58E, 0xDD8E, 0xDD2D, 0xCC8A, 0xDD6D, 0xEE10,
    0xEE32, 0xEE11, 0xEE11, 0xEE11, 0xEE32, 0xEE32, 0xEE32, 0xEE32, 0xEE32, 0xEE32, 0xEE32, 0xEE32, 0xEE32, 0xEE32, 0xEE32, 0xEE32,
    0xEE32, 0xEE32, 0xEE32, 0xDD8F, 0xDD6E, 0xD4CB, 0xC44A, 0xCC4A, 0xC44A, 0xC449, 0xCC4A, 0xCC4A, 0xCC4A, 0xC409, 0xBBC9, 0xB3C8,
    0xB3C8, 0xB3A8, 0xB3A8, 0xB3C8, 0xA326, 0x92E5, 0x8AA4, 0x8264, 0x7A23, 0x7202, 0x7202, 0x71E2, 0x8222, 0xB366, 0xBBC7, 0xCBE7,
    0xCBE7, 0xC3E7, 0xCC28, 0xCC69, 0xCC69, 0xCC69, 0xD469, 0xD46A, 0xD48A, 0xD48A, 0xD48A, 0xCC6A, 0xCC49, 0xCC4A, 0xCC4A, 0xCC6A,
    0xD48B, 0xCC4A, 0xCC29, 0xCC29, 0xCC29, 0xC429, 0xBBC8, 0xB387, 0xB366, 0xB386, 0xBBA7, 0xBB86, 0xC3E7, 0xC3C7, 0xCC28, 0xD469,
    0xD469, 0xDCEB, 0xDD0B, 0xDD2B, 0xE52C, 0xE52C, 0xE54C, 0xE54D, 0xDD6D, 0xE5AF, 0xE5AF, 0xE5AF, 0xE5AF, 0xE5AF, 0xE5AF, 0xE5AF,
    0xFF98, 0xFF77, 0xFF77, 0xFFB8, 0xFFB8, 0xFF98, 0xFF98, 0xFF98, 0xFF98, 0xFF98, 0xFF98, 0xFF98, 0xFF98, 0xFF98, 0xFF78, 0xFF78,
    0xFF77, 0xFED3, 0xFE71, 0xFE51, 0xFE91, 0xFE91, 0xFE91, 0xFE91, 0xFE51, 0xF630, 0xF630, 0xF610, 0xF60F, 0xF610, 0xF630, 0xF610,
    0xF650, 0xFE71, 0xFE71, 0xFE91, 0xFE71, 0xFE50, 0xFE50, 0xFE51, 0xFE51, 0xF650, 0xF650, 0xFE51, 0xFE71, 0xFE71, 0xFE71, 0xFE91,
    0xFED2, 0xFF34, 0xFEB3, 0xFE91, 0xFEB2, 0xFEB2, 0xFE91, 0xFE91, 0xFEB2, 0xFEB2, 0xFEF3, 0xFF35, 0xFEB2, 0xFED2, 0xFEF3, 0xFEB2,
    0xFEB2, 0xFED2, 0xFF14, 0xFFD9, 0xFFD9, 0xFFD9, 0xFFD9, 0xFFD9, 0xFFD9, 0xFFD9, 0xFFFB, 0xC4AC, 0xAB67, 0xFFFE, 0xFFFC, 0xFFFB,
    0xFFFC, 0xFFFB, 0xFFDB, 0xFFDA, 0xFFFA, 0xFFDA, 0xEEF7, 0xE675, 0xEE96, 0xEEB6, 0xEE96, 0xE655, 0xE655, 0xE654, 0xE654, 0xE654,
    0xE655, 0xE634, 0xDE13, 0xDDF2, 0xDDF3, 0xDDF3, 0xDDF3, 0xDDF3, 0xDE13, 0xE614, 0xE614, 0xE613, 0xE613, 0xE614, 0xE634, 0xE634,
    0xE634, 0xE634, 0xE634, 0xE634, 0xE634, 0xE634, 0xE634, 0xE634, 0xE634, 0xE634, 0xE634, 0xE654, 0xDDF1, 0xDDD0, 0xDDD1, 0xDDF2,
    0xE632, 0xE612, 0xE612, 0xE632, 0xDDD0, 0xDD8F, 0xDD8F, 0xE5D0, 0xE5D0, 0xDD8F, 0xE58E, 0xE5AF, 0xE5AF, 0xD4CB, 0xD4AB, 0xE5AE,
    0xEE11, 0xEE11, 0xEE11, 0xEE11, 0xEE32, 0xEE32, 0xEE32, 0xEE32, 0xEE32, 0xEE32, 0xEE32, 0xEE32, 0xEE32, 0xEE32, 0xEE32, 0xEE33,
    0xEE33, 0xEE32, 0xEE32, 0xD52D, 0xCC4A, 0xCC6A, 0xCC4A, 0xCC4A, 0xCC4A, 0xC449, 0xC44A, 0xC44A, 0xC44A, 0xC409, 0xC409, 0xBBC8,
    0xB3A8, 0xB3A8, 0xB3A8, 0xBBC8, 0x9B26, 0x92C5, 0x8AA4, 0x8263, 0x7202, 0x7202, 0x7202, 0x71E2, 0x7A02, 0xAB45, 0xBBA7, 0xC3E8,
    0xC3E7, 0xC3E7, 0xC3E8, 0xCC49, 0xD46A, 0xCC69, 0xCC69, 0xCC69, 0xD48A, 0xD4AA, 0xD4AA, 0xD4AA, 0xD46A, 0xCC49, 0xCC49, 0xCC49,
    0xCC4A, 0xCC4A, 0xCC4A, 0xC429, 0xC409, 0xC409, 0xBBC8, 0xB367, 0xB366, 0xBBA7, 0xCC08, 0xCC08, 0xC408, 0xCC28, 0xD469, 0xD469,
    0xD469, 0xD4AA, 0xD4CA, 0xDCEB, 0xE52C, 0xE54C, 0xE54C, 0xE54D, 0xE56D, 0xDD6D, 0xDD6D, 0xDD6D, 0xE58F, 0xE58F, 0xE58F, 0xE5AF,
    0xFF77, 0xFF98, 0xFF98, 0xFF98, 0xFF98, 0xFF98, 0xFF98, 0xFF98, 0xFF98, 0xFF98, 0xFF98, 0xFF98, 0xFF98, 0xFF98, 0xFF98, 0xFF98,
    0xFF97, 0xFEF4, 0xFE91, 0xF650, 0xFE91, 0xFE91, 0xFE91, 0xFE91, 0xFE71, 0xF650, 0xF630, 0xF630, 0xF630, 0xF671, 0xFE91, 0xFE91,
    0xFE91, 0xFE71, 0xFE71, 0xFE71, 0xF650, 0xF650, 0xFE50, 0xF650, 0xF630, 0xF630, 0xFE51, 0xFE71, 0xFE71, 0xF651, 0xFE50, 0xFEB2,
    0xFF35, 0xFF34, 0xFEF3, 0xFEB2, 0xFED2, 0xFEF2, 0xFEF3, 0xFEF3, 0xFED2, 0xFED2, 0xFF14, 0xFED3, 0xFE91, 0xFEF2, 0xFEF2, 0xFED2,
    0xFEB2, 0xFE91, 0xFED3, 0xFFD9, 0xFFD9, 0xFFD9, 0xFFD9, 0xFFD9, 0xFFD9, 0xFFD9, 0xFFFA, 0xDDD1, 0xB46C, 0xD5D2, 0xF759, 0xFFFD,
    0xFFFB, 0xFFFB, 0xFFFB, 0xFFFB, 0xFFDA, 0xF738, 0xF6F7, 0xF6D7, 0xEED7, 0xEED7, 0xEE96, 0xE655, 0xE655, 0xE655, 0xE654, 0xE654,
    0xE655, 0xE634, 0xE634, 0xDE13, 0xDDF3, 0xDE13, 0xDE13, 0xDE13, 0xDE13, 0xE634, 0xE634, 0xE634, 0xE634, 0xE634, 0xE634, 0xE634,
    0xE634, 0xE634, 0xE634, 0xE634, 0xE634, 0xE634, 0xE634, 0xE654, 0xE634, 0xE654, 0xE654, 0xE654, 0xE633, 0xDDD0, 0xD58F, 0xDDB1,
    0xE632, 0xE612, 0xE612, 0xE632, 0xEE32, 0xDDAF, 0xDD8F, 0xEE11, 0xE611, 0xEE11, 0xE5D0, 0xE58F, 0xE5AF, 0xDD6E, 0xDD0D, 0xE56E,
    0xE5CF, 0xEE11, 0xEE11, 0xE5F0, 0xEE10, 0xEE32, 0xEE32, 0xEE32, 0xEE32, 0xE611, 0xE611, 0xEE12, 0xEE12, 0xEE12, 0xEE32, 0xEE33,
    0xEE53, 0xE5D0, 0xD52D, 0xD4CC, 0xCC6A, 0xCC6A, 0xCC4A, 0xCC4A, 0xC44A, 0xC44A, 0xC429, 0xC409, 0xC409, 0xC409, 0xC409, 0xBBE9,
    0xBBC9, 0xBBC8, 0xAB67, 0x9B05, 0x9B06, 0x92C5, 0x8A84, 0x8263, 0x7202, 0x7202, 0x7202, 0x71E2, 0x7A02, 0xAB25, 0xBBA7, 0xC3E8,
    0xCC08, 0xCC08, 0xCC08, 0xD449, 0xD48A, 0xD46A, 0xCC69, 0xD469, 0xD48A, 0xD4AB, 0xD4AB, 0xD4AB, 0xD4AA, 0xCC6A, 0xCC49, 0xCC4A,
    0xCC4A, 0xCC29, 0xC429, 0xC429, 0xC409, 0xBBE8, 0xBBA8, 0xBB87, 0xBB87, 0xC3C7, 0xCC08, 0xCC08, 0xCC08, 0xD48A, 0xDCCB, 0xDCAA,
    0xD48A, 0xD489, 0xD4AA, 0xDCCA, 0xDCCA, 0xDD2B, 0xE56C, 0xE54D, 0xE54D, 0xE56D, 0xDD6D, 0xDD6D, 0xE58E, 0xE5AF, 0xE5AF, 0xE5AF,
    0xFF98, 0xFF98, 0xFF98, 0xFF98, 0xFF98, 0xFF98, 0xFF77, 0xFF98, 0xFF98, 0xFF98, 0xFF98, 0xFF98, 0xFF98, 0xFF98, 0xFF98, 0xFF98,
    0xFF97, 0xFED3, 0xFE71, 0xFE71, 0xFE71, 0xFE51, 0xFE50, 0xFE71, 0xFE91, 0xF630, 0xEDEF, 0xF5EF, 0xF650, 0xFE91, 0xFE92, 0xFEB2,
    0xFE91, 0xF650, 0xF630, 0xF630, 0xFE71, 0xFE71, 0xFE71, 0xF650, 0xF630, 0xFE51, 0xFE71, 0xFE71, 0xFE71, 0xF650, 0xFE30, 0xFEB2,
    0xFF13, 0xFEF3, 0xFED3, 0xFEB2, 0xFE91, 0xFEB1, 0xFEB2, 0xFEB2, 0xF650, 0xF691, 0xFEF3, 0xF671, 0xF650, 0xFE71, 0xFE91, 0xFE91,
    0xFE71, 0xFE71, 0xFEF3, 0xFFD9, 0xFFD9, 0xFFD9, 0xFFD9, 0xFFD9, 0xFFD9, 0xFFD9, 0xFFD9, 0xFFFB, 0xE6B5, 0x9B06, 0xD5F2, 0xF779,
    0xFFDB, 0xFFFB, 0xFFFB, 0xFFFB, 0xFFDB, 0xFFDB, 0xFFFB, 0xF779, 0xEEB6, 0xEEB7, 0xEE96, 0xE675, 0xE655, 0xE655, 0xE654, 0xE654,
    0xE654, 0xE654, 0xE654, 0xE634, 0xDE13, 0xDDF3, 0xDE13, 0xDDF3, 0xDE13, 0xE634, 0xE634, 0xE634, 0xE634, 0xE634, 0xE634, 0xE634,
    0xE634, 0xE634, 0xE634, 0xE654, 0xE634, 0xE634, 0xE634, 0xE654, 0xE654, 0xE654, 0xE654, 0xE654, 0xEE54, 0xDDD1, 0xD58F, 0xDDD1,
    0xE633, 0xE612, 0xE632, 0xEE33, 0xEE32, 0xE5D0, 0xE5F1, 0xE611, 0xE611, 0xEE12, 0xE611, 0xE5F0, 0xE5F0, 0xE5CF, 0xE5CF, 0xE58E,
    0xE5AF, 0xEE10, 0xEE10, 0xE5F0, 0xE5EF, 0xEE11, 0xEE32, 0xEE32, 0xEE32, 0xEE32, 0xEE11, 0xE611, 0xEE12, 0xEE12, 0xEE12, 0xEE33,
    0xEE33, 0xEDF1, 0xDD0C, 0xD4AB, 0xCC6A, 0xCC6A, 0xCC4A, 0xCC4A, 0xCC4A, 0xC449, 0xC42A, 0xC409, 0xC409, 0xC409, 0xC409, 0xC409,
    0xC409, 0xBC09, 0xAB87, 0x92C5, 0x92C5, 0x8AA5, 0x8AA4, 0x8264, 0x7202, 0x7202, 0x71E2, 0x9AC5, 0xAB26, 0xB345, 0xBB86, 0xC3C7,
    0xCC49, 0xD469, 0xD469, 0xD46A, 0xD48A, 0xD48A, 0xD48A, 0xD48A, 0xD46A, 0xD48A, 0xD4AA, 0xD4AB, 0xD4CB, 0xD48A, 0xCC49, 0xCC4A,
    0xCC4A, 0xCC29, 0xC429, 0xC429, 0xC3E8, 0xBBA8, 0xBB87, 0xBB87, 0xBB87, 0xC3C7, 0xCC08, 0xCC08, 0xCC08, 0xD489, 0xDCCB, 0xDCCA,
    0xDCCA, 0xDCEB, 0xDD0B, 0xDD0B, 0xDD0B, 0xDD2B, 0xDD4C, 0xDD4C, 0xDD4D, 0xDD6D, 0xDD6D, 0xDD6E, 0xDD6E, 0xE58E, 0xE58E, 0xE58F,
    0xFF98, 0xFF77, 0xFF77, 0xFF77, 0xFF77, 0xFF78, 0xFF77, 0xFF77, 0xFF98, 0xFF98, 0xFF98, 0xFF98, 0xFF98, 0xFF98, 0xFF98, 0xFF98,
    0xFF98, 0xFF15, 0xFE91, 0xF60F, 0xF5EF, 0xF5EF, 0xF5EF, 0xF610, 0xF630, 0xF610, 0xF630, 0xF650, 0xFE71, 0xFE91, 0xF650, 0xF630,
    0xF60F, 0xEDCF, 0xEDCF, 0xF5EF, 0xFE51, 0xF651, 0xFE51, 0xFE51, 0xF630, 0xFE30, 0xFE51, 0xFE71, 0xFE71, 0xFE71, 0xFE91, 0xFED2,
    0xF651, 0xFE91, 0xFEB2, 0xFE92, 0xF651, 0xF650, 0xFE91, 0xFED2, 0xFEB2, 0xFEF3, 0xFEB2, 0xFEB1, 0xFE91, 0xFE92, 0xFEB2, 0xFEB2,
    0xFEB1, 0xFE91, 0xFED2, 0xFF14, 0xFF55, 0xFFB8, 0xFFD9, 0xFFD9, 0xFFD9, 0xFFD9, 0xFFD9, 0xFFD9, 0xFFFA, 0xFF99, 0xAB46, 0xB3C9,
    0xFFFC, 0xFFFB, 0xFFFB, 0xFFFB, 0xFFFB, 0xFFFB, 0xFFFB, 0xF779, 0xEE96, 0xEEB6, 0xEEB6, 0xEE96, 0xE675, 0xE675, 0xE655, 0xE654,
    0xE654, 0xE654, 0xE654, 0xE634, 0xE613, 0xDE13, 0xDE13, 0xDE14, 0xE614, 0xE614, 0xE614, 0xE634, 0xE634, 0xE634, 0xE634, 0xE634,
    0xE634, 0xE634, 0xE634, 0xEE34, 0xE634, 0xE634, 0xE654, 0xE654, 0xE654, 0xE654, 0xE654, 0xE634, 0xE654, 0xDDD1, 0xDD8F, 0xDDD1,
    0xE632, 0xE632, 0xE632, 0xEE32, 0xEE32, 0xE5F0, 0xEE11, 0xE612, 0xEE12, 0xEE11, 0xEE32, 0xEE32, 0xEE31, 0xE5F0, 0xE5EF, 0xE5CF,
    0xE5CF, 0xEDF0, 0xE5CF, 0xE5F0, 0xEDF0, 0xEE10, 0xE5F0, 0xEE31, 0xEE32, 0xEE32, 0xEE33, 0xEE32, 0xEE11, 0xEE12, 0xEE32, 0xE5F0,
    0xDDAF, 0xE5AF, 0xDD2D, 0xD4CB, 0xD4AB, 0xCC8A, 0xCC8A, 0xCC8A, 0xCC4A, 0xCC4A, 0xC409, 0xC409, 0xC409, 0xC409, 0xC409, 0xC409,
    0xC409, 0xBBE9, 0xB387, 0x9AE5, 0x8AA4, 0x8A85, 0x8AA5, 0x8264, 0x7A23, 0x7A23, 0x7A03, 0x9AC4, 0xBBA7, 0xC3C7, 0xC3C7, 0xC3C7,
    0xD449, 0xD46A, 0xD46A, 0xD46A, 0xD46A, 0xD48A, 0xD48A, 0xD48A, 0xD48A, 0xD48A, 0xD4AA, 0xD4AA, 0xD4AA, 0xD48A, 0xCC6A, 0xCC6A,
    0xCC29, 0xC409, 0xCC29, 0xC409, 0xC3C8, 0xBBA7, 0xBBA7, 0xBBA7, 0xBBA7, 0xC3E8, 0xCC08, 0xCC28, 0xD449, 0xD469, 0xDCCA, 0xDCCA,
    0xDCCB, 0xE54C, 0xE56D, 0xE56D, 0xE56D, 0xDD4C, 0xDD2C, 0xDD4C, 0xDD4D, 0xDD6D, 0xDD6E, 0xDD6E, 0xDD6E, 0xDD6E, 0xDD6E, 0xE58E,
    0xFF77, 0xFF57, 0xFF57, 0xFF57, 0xFF57, 0xFF98, 0xFF98, 0xFF98, 0xFFB8, 0xFFB8, 0xFF98, 0xFF98, 0xFF98, 0xFF98, 0xFF78, 0xFF97,
    0xFF97, 0xFF98, 0xFEF3, 0xF5EF, 0xF5EF, 0xF60F, 0xEDCF, 0xEDCF, 0xEDCF, 0xF5EF, 0xFE71, 0xFE91, 0xFE91, 0xFE71, 0xFE71, 0xFE71,
    0xF630, 0xF630, 0xF630, 0xF630, 0xFE51, 0xF651, 0xF651, 0xFE71, 0xF630, 0xF630, 0xF650, 0xF650, 0xF630, 0xF630, 0xFE71, 0xF671,
    0xF650, 0xFE71, 0xFE91, 0xFED3, 0xFED3, 0xFEB2, 0xFED2, 0xFEF3, 0xFEF3, 0xFED2, 0xFED2, 0xFEF3, 0xFEF3, 0xFEF3, 0xFEF3, 0xFEF3,
    0xFED2, 0xFE91, 0xFEB1, 0xFED2, 0xFF98, 0xFFD9, 0xFFD9, 0xFFD9, 0xFFD9, 0xFFD9, 0xFFD9, 0xFFD9, 0xFFD9, 0xF7B8, 0xB3E9, 0xBC2A,
    0xFFBB, 0xFFDB, 0xFFFB, 0xFFFB, 0xFFFB, 0xFFDB, 0xFFFB, 0xF779, 0xE676, 0xEE96, 0xEEB6, 0xEED7, 0xF6D7, 0xEE96, 0xE675, 0xE654,
    0xE654, 0xE654, 0xE654, 0xE654, 0xDE13, 0xE613, 0xE654, 0xE655, 0xE634, 0xE5F3, 0xE613, 0xEE34, 0xE634, 0xE634, 0xE634, 0xE634,
    0xE654, 0xE634, 0xE634, 0xE634, 0xE634, 0xE634, 0xE654, 0xE654, 0xE654, 0xE654, 0xE654, 0xE634, 0xE654, 0xDDD1, 0xDD90, 0xDDB0,
    0xDDD1, 0xEE32, 0xE632, 0xE632, 0xEE32, 0xEE11, 0xE611, 0xEE32, 0xEE32, 0xEE32, 0xEE31, 0xEE32, 0xEE32, 0xEE10, 0xE5F0, 0xEE10,
    0xEE10, 0xEE11, 0xEDF0, 0xE610, 0xE5F0, 0xEE11, 0xE5EF, 0xE5EF, 0xEE11, 0xEE32, 0xEE32, 0xEE53, 0xEE32, 0xEE32, 0xEE32, 0xE5F0,
    0xDD4D, 0xDD4D, 0xDD0C, 0xDCEC, 0xDCEC, 0xCC8A, 0xCC8A, 0xD48A, 0xCC4A, 0xCC2A, 0xC3E9, 0xC3E9, 0xC3E9, 0xC3E9, 0xC3E9, 0xC409,
    0xC409, 0xC409, 0xBBE9, 0xB387, 0x92A5, 0x8243, 0x8243, 0x8264, 0x8243, 0x8243, 0x7A02, 0x92A4, 0xBB86, 0xCC08, 0xCC28, 0xCC08,
    0xD449, 0xD469, 0xD46A, 0xD46A, 0xD48A, 0xD48A, 0xD48A, 0xD48A, 0xD4AA, 0xDCCB, 0xD4EB, 0xD4AA, 0xCC6A, 0xCC6A, 0xD48A, 0xD46A,
    0xCC4A, 0xC409, 0xC408, 0xC3E8, 0xC3E8, 0xC3C8, 0xBBA7, 0xBB87, 0xCC08, 0xD469, 0xCC28, 0xD469, 0xDCEA, 0xDCCA, 0xDCCA, 0xDCCA,
    0xDCCA, 0xDD0B, 0xE54C, 0xE54D, 0xE54D, 0xE56D, 0xE56D, 0xE56D, 0xE56D, 0xDD6D, 0xDD6D, 0xDD6E, 0xDD6E, 0xDD6E, 0xDD6E, 0xE58E,
    0xFF77, 0xFF77, 0xFF57, 0xFF57, 0xFF98, 0xFFB8, 0xFFB8, 0xFF98, 0xFF98, 0xFF78, 0xFF77, 0xFF98, 0xFF98, 0xFF98, 0xFF98, 0xFF98,
    0xFF98, 0xFF97, 0xFEF3, 0xEDEF, 0xF5EF, 0xF5CF, 0xEDCF, 0xF60F, 0xF630, 0xF630, 0xFE50, 0xF650, 0xF610, 0xFE71, 0xFE71, 0xFE71,
    0xFE91, 0xFE91, 0xFE71, 0xFE71, 0xFE51, 0xFE51, 0xFE51, 0xFE51, 0xF630, 0xF630, 0xFE50, 0xFE51, 0xFE51, 0xFE50, 0xF630, 0xF630,
    0xFE51, 0xFE51, 0xFE71, 0xFEB2, 0xFED3, 0xFED3, 0xFED2, 0xFED2, 0xFED3, 0xF671, 0xFE71, 0xFED2, 0xFED2, 0xFEF2, 0xFEB2, 0xFEB1,
    0xFE71, 0xFE91, 0xFEB1, 0xFED2, 0xFFD9, 0xFFFA, 0xFFD9, 0xFFF9, 0xFFD9, 0xFFD9, 0xFFD9, 0xFFD9, 0xFFD9, 0xFFD9, 0xFFD9, 0xF778,
    0xAB88, 0xE695, 0xFFFC, 0xFFDB, 0xFFFB, 0xFFFB, 0xFFFB, 0xFFBA, 0xF759, 0xFF99, 0xF718, 0xF6F7, 0xF6F8, 0xEE96, 0xE655, 0xE675,
    0xEE75, 0xE675, 0xE654, 0xE654, 0xDE13, 0xE613, 0xE654, 0xE655, 0xE634, 0xE5F3, 0xE614, 0xE634, 0xE634, 0xE634, 0xE634, 0xE634,
    0xE654, 0xE654, 0xE634, 0xE613, 0xE613, 0xEE54, 0xE634, 0xDDF3, 0xE634, 0xE655, 0xE654, 0xE654, 0xE654, 0xE5D1, 0xDD8F, 0xDDB0,
    0xDDD1, 0xEE32, 0xEE32, 0xEE32, 0xEE32, 0xEE32, 0xE611, 0xEE31, 0xEE32, 0xEE32, 0xEE32, 0xEE32, 0xEE32, 0xEE11, 0xE5F0, 0xEE10,
    0xEE10, 0xEE11, 0xEE11, 0xEE32, 0xE5F0, 0xEE11, 0xEE31, 0xEDF1, 0xEE11, 0xEE32, 0xEE52, 0xEE53, 0xEE32, 0xE5F1, 0xE5F1, 0xEDF0,
    0xDD4D, 0xDD0C, 0xDD0C, 0xD4EC, 0xD4EC, 0xD4CB, 0xCC8A, 0xCC4A, 0xCC6A, 0xCC4A, 0xC409, 0xBBE9, 0xBBE9, 0xC3E9, 0xC3E9, 0xC3E9,
    0xC3E9, 0xC409, 0xC409, 0xB3A8, 0xA326, 0x8264, 0x7A43, 0x8243, 0x8243, 0x8263, 0x92A4, 0x9AC4, 0xB346, 0xCC08, 0xCC08, 0xCC28,
    0xD449, 0xD449, 0xDCAA, 0xD48A, 0xD48A, 0xD48A, 0xD48A, 0xD48A, 0xD4CB, 0xD4EB, 0xD4EB, 0xD4EB, 0xD4CB, 0xCC8A, 0xCC6A, 0xCC4A,
    0xCC6A, 0xCC49, 0xC408, 0xC3E8, 0xC3E8, 0xC3C8, 0xBBA7, 0xBBA7, 0xC408, 0xD489, 0xDCA9, 0xDCA9, 0xDCCA, 0xDCCA, 0xDCCA, 0xDCCA,
    0xDCCA, 0xDCCA, 0xDD0B, 0xE54C, 0xE54D, 0xE56D, 0xDD6D, 0xDD6D, 0xE56D, 0xDD6D, 0xDD6D, 0xDD6E, 0xDD6E, 0xDD6E, 0xDD6E, 0xE58E,
    0xFF77, 0xFF77, 0xFF77, 0xFF78, 0xFF98, 0xFF78, 0xFF78, 0xFF77, 0xFF78, 0xFF77, 0xFF77, 0xFF98, 0xFF98, 0xFF98, 0xFF98, 0xFF98,
    0xFF98, 0xFF97, 0xFED3, 0xF5CF, 0xEDAE, 0xED8E, 0xEDAE, 0xF60F, 0xF630, 0xF630, 0xF630, 0xF630, 0xEDEF, 0xF630, 0xFE51, 0xF671,
    0xFE71, 0xFE71, 0xFE71, 0xFE71, 0xF630, 0xF630, 0xF630, 0xF610, 0xF630, 0xFE50, 0xFE51, 0xF630, 0xF630, 0xF650, 0xFE50, 0xFE50,
    0xF630, 0xF60F, 0xF630, 0xFE51, 0xFE71, 0xFED2, 0xFED3, 0xFED3, 0xFED2, 0xFE71, 0xFE71, 0xFEB2, 0xFED2, 0xFED2, 0xFEB2, 0xFE91,
    0xFE91, 0xFEB1, 0xFE71, 0xFE71, 0xFF34, 0xFFD8, 0xFFD9, 0xFFD9, 0xFFF9, 0xFFD9, 0xFFD9, 0xFFD9, 0xFFD9, 0xFFD9, 0xFFF9, 0xF777,
    0x9264, 0xE6B5, 0xFFFD, 0xFFDA, 0xFFFB, 0xFFDB, 0xFFDB, 0xFFDB, 0xFFFB, 0xFFFB, 0xF759, 0xF718, 0xEEB7, 0xEE96, 0xEE96, 0xEEB7,
    0xF6D8, 0xEEB7, 0xE654, 0xE654, 0xE634, 0xE654, 0xE655, 0xE655, 0xE634, 0xE614, 0xE614, 0xE654, 0xE654, 0xE634, 0xE634, 0xE654,
    0xE654, 0xE654, 0xE634, 0xE612, 0xE633, 0xEE54, 0xE634, 0xDDD2, 0xE634, 0xE655, 0xE654, 0xEE54, 0xEE34, 0xE5F2, 0xDDD1, 0xDDD1,
    0xE5D1, 0xEE32, 0xEE32, 0xEE32, 0xEE32, 0xEE32, 0xEE32, 0xEE32, 0xEE32, 0xEE32, 0xEE32, 0xE5D0, 0xE5AF, 0xEE31, 0xE5F0, 0xE5F0,
    0xEE10, 0xEE11, 0xEE11, 0xEE32, 0xEE31, 0xEE31, 0xEE53, 0xEE53, 0xEE52, 0xEE52, 0xEE53, 0xEE53, 0xEE53, 0xE5D0, 0xDD6D, 0xE58D,
    0xDD4D, 0xDD2C, 0xDD0C, 0xD4EC, 0xD4EC, 0xDD0C, 0xD4AB, 0xCC4A, 0xCC4A, 0xCC4A, 0xC429, 0xBC09, 0xBBE9, 0xC409, 0xC3E9, 0xC3E9,
    0xBBC8, 0xB3C8, 0xB3A8, 0xAB87, 0xA347, 0x8A84, 0x8243, 0x8243, 0x8243, 0x8A64, 0xBB87, 0xBB86, 0xB366, 0xCC08, 0xCC08, 0xCC28,
    0xD429, 0xD449, 0xD4AA, 0xD4AA, 0xD48A, 0xD48A, 0xD4AA, 0xD4AA, 0xD4EB, 0xD4EB, 0xDCEB, 0xDCEB, 0xD4CB, 0xDCCB, 0xCC49, 0xC408,
    0xCC29, 0xCC49, 0xCC29, 0xC408, 0xC3E8, 0xC3C8, 0xBBA7, 0xBBA7, 0xC3C8, 0xD469, 0xDCCA, 0xDCCA, 0xDCCA, 0xDCCA, 0xDCEA, 0xDCCA,
    0xDCEB, 0xDCEB, 0xDCCA, 0xDD2C, 0xDD6D, 0xDD6D, 0xE56D, 0xE56D, 0xE56D, 0xDD6D, 0xDD6E, 0xDD6E, 0xE56E, 0xDD6E, 0xDD6E, 0xDD6E,
    0xFF77, 0xFF57, 0xFF97, 0xFF98, 0xFF77, 0xFF57, 0xFF57, 0xFF77, 0xFF98, 0xFF77, 0xFF77, 0xFF98, 0xFF98, 0xFF98, 0xFF98, 0xFF98,
    0xFF98, 0xFF77, 0xF6D3, 0xEDCE, 0xED8E, 0xED8E, 0xEDCE, 0xF5EF, 0xF610, 0xF651, 0xF651, 0xF630, 0xF610, 0xF630, 0xEDCF, 0xED8E,
    0xEDAE, 0xF630, 0xF630, 0xF630, 0xF630, 0xF610, 0xF610, 0xF610, 0xF610, 0xF630, 0xF630, 0xF630, 0xF630, 0xFE71, 0xFE71, 0xF671,
    0xF610, 0xF5EF, 0xF650, 0xFE71, 0xFE71, 0xFEB2, 0xFEF3, 0xFED2, 0xFE50, 0xFE50, 0xFE50, 0xFE71, 0xF650, 0xFE50, 0xFE71, 0xFE91,
    0xFED2, 0xFED2, 0xFE71, 0xFE71, 0xFEF3, 0xFF97, 0xFFB8, 0xFFB8, 0xFFD9, 0xFFD9, 0xFFB8, 0xFF96, 0xFF75, 0xFF76, 0xFF75, 0xFF55,
    0xE631, 0xC4CC, 0xCD30, 0xFFFC, 0xFFBA, 0xFFDB, 0xFFDB, 0xFFDB, 0xFFDB, 0xFFFB, 0xF779, 0xF6F7, 0xEEB7, 0xEED7, 0xEED7, 0xEED7,
    0xEEB7, 0xEE96, 0xE675, 0xE654, 0xE634, 0xEE55, 0xE655, 0xE655, 0xE634, 0xE614, 0xEE34, 0xEE34, 0xEE34, 0xE654, 0xE654, 0xE634,
    0xE654, 0xE654, 0xE633, 0xE612, 0xE633, 0xEE54, 0xEE34, 0xDDD2, 0xE634, 0xE655, 0xE654, 0xE654, 0xEE34, 0xE634, 0xEE34, 0xE5D1,
    0xDDD0, 0xE632, 0xEE32, 0xEE32, 0xEE32, 0xEE32, 0xEE32, 0xEE32, 0xEE32, 0xEE32, 0xEE32, 0xE5CF, 0xE58E, 0xEDF0, 0xEDF0, 0xE5CF,
    0xE5F0, 0xEE10, 0xEE31, 0xEE32, 0xEE32, 0xEE32, 0xEE33, 0xEE32, 0xEE52, 0xEE52, 0xEE53, 0xEE53, 0xEE53, 0xEE32, 0xDD6E, 0xDD6D,
    0xDD4D, 0xDD2C, 0xDD2C, 0xDD0C, 0xDD0C, 0xDD0C, 0xDCEC, 0xD48B, 0xCC4A, 0xCC4A, 0xCC4A, 0xC409, 0xBC09, 0xC409, 0xC3E9, 0xBBE9,
    0xBBC8, 0xB387, 0xA326, 0xAB47, 0xA346, 0x8A64, 0x8243, 0x8243, 0x8263, 0x8A63, 0xBBA7, 0xC3E8, 0xC3E7, 0xC3E7, 0xCC28, 0xD48A,
    0xD489, 0xD469, 0xD469, 0xD48A, 0xD48A, 0xD48A, 0xD4AA, 0xDD0B, 0xDD0B, 0xD4EB, 0xDCEB, 0xDCEB, 0xD4AA, 0xD4AA, 0xCC69, 0xC408,
    0xC408, 0xCC09, 0xCC29, 0xC408, 0xC3E8, 0xC3C8, 0xC3E8, 0xC3E8, 0xC3E8, 0xC3E7, 0xD489, 0xDCCA, 0xDCCA, 0xDCCA, 0xDCCA, 0xDCEA,
    0xDCCA, 0xDD0B, 0xDD2C, 0xDD4C, 0xE54D, 0xE56D, 0xE56D, 0xE56D, 0xE56D, 0xDD6D, 0xE56E, 0xE56E, 0xE56E, 0xDD6E, 0xDD6E, 0xE58E,
    0xFF56, 0xFF56, 0xFF57, 0xFF57, 0xFF57, 0xFF57, 0xFF57, 0xFF77, 0xFF77, 0xFF78, 0xFF78, 0xFF98, 0xFF98, 0xFF98, 0xFF98, 0xFF98,
    0xFF98, 0xFF97, 0xFF56, 0xF651, 0xF5CF, 0xF5EF, 0xF5CF, 0xED8E, 0xEDCE, 0xF630, 0xF630, 0xF60F, 0xEDEF, 0xEDCF, 0xEDEF, 0xEDEF,
    0xF610, 0xF630, 0xEDEF, 0xEDCF, 0xEDCF, 0xF610, 0xF5EF, 0xF60F, 0xF610, 0xF630, 0xF630, 0xFE51, 0xFE71, 0xFE71, 0xF630, 0xF650,
    0xFE71, 0xFE71, 0xFE91, 0xFE91, 0xFE91, 0xFEB2, 0xFED2, 0xFE91, 0xFE30, 0xFE50, 0xFE50, 0xFE50, 0xFE50, 0xFE50, 0xFE71, 0xFEB2,
    0xFED2, 0xFED3, 0xFEF3, 0xFEF3, 0xFF14, 0xFF97, 0xFFD8, 0xFF96, 0xFF76, 0xFF76, 0xFF76, 0xFF55, 0xFF13, 0xFF14, 0xFF13, 0xFF13,
    0xFFF6, 0xAB67, 0xBC4C, 0xFFFE, 0xFFDB, 0xFFDB, 0xFFFB, 0xFFDB, 0xFFDB, 0xFFFB, 0xF779, 0xEEB7, 0xEED7, 0xEED7, 0xEED7, 0xEED7,
    0xEEB7, 0xE675, 0xE655, 0xE654, 0xE634, 0xE655, 0xE655, 0xE655, 0xE655, 0xEE35, 0xEE35, 0xEE34, 0xEE34, 0xEE34, 0xE634, 0xE634,
    0xE654, 0xE654, 0xE633, 0xE5F2, 0xE613, 0xEE54, 0xE612, 0xDDD1, 0xE634, 0xEE55, 0xEE54, 0xE654, 0xEE34, 0xE634, 0xE634, 0xE5D1,
    0xDDB0, 0xE632, 0xEE32, 0xEE32, 0xEE32, 0xEE32, 0xEE32, 0xEE32, 0xEE32, 0xE5F0, 0xEE11, 0xE5D0, 0xE58E, 0xE5AE, 0xEDF0, 0xE5CF,
    0xE5CF, 0xEDF0, 0xEE32, 0xEE33, 0xEE33, 0xEE33, 0xEE33, 0xEE52, 0xEE52, 0xEE53, 0xEE53, 0xEE32, 0xEE11, 0xEE11, 0xE5CF, 0xDD6D,
    0xDD2C, 0xDD4D, 0xDD2C, 0xDD2C, 0xDD2C, 0xDD2C, 0xDD0C, 0xD4CB, 0xCC6A, 0xCC4A, 0xC44A, 0xC42A, 0xC409, 0xBBE9, 0xC409, 0xC409,
    0xBBE9, 0xB3A8, 0xAB46, 0xAB47, 0xAB67, 0x8A64, 0x8243, 0x8243, 0x8243, 0x8A63, 0xBBA7, 0xC3E8, 0xC3E7, 0xC3E7, 0xD469, 0xDCEB,
    0xDCEB, 0xD4CA, 0xD48A, 0xD48A, 0xD48A, 0xD48A, 0xD4AA, 0xDCEB, 0xDD2C, 0xD4EB, 0xD4CB, 0xDCEB, 0xD4CB, 0xCC69, 0xCC49, 0xCC49,
    0xCC29, 0xC408, 0xC3E8, 0xC3E8, 0xC3E8, 0xC3C8, 0xCC28, 0xD489, 0xD469, 0xCC48, 0xD469, 0xDCEA, 0xDCCA, 0xDCEA, 0xDD0B, 0xE52B,
    0xDD0B, 0xE54C, 0xE56D, 0xE56D, 0xE56D, 0xE56D, 0xE56D, 0xE56E, 0xE56E, 0xE56E, 0xE56E, 0xE56E, 0xE56E, 0xE56E, 0xE58E, 0xE58E,
    0xFF97, 0xFF77, 0xFF77, 0xFF77, 0xFF57, 0xFF57, 0xFF57, 0xFF77, 0xFF78, 0xFF98, 0xFFB9, 0xFFB8, 0xFF98, 0xFF77, 0xFF77, 0xFF77,
    0xFF98, 0xFF98, 0xFF56, 0xF672, 0xF5CF, 0xEDAE, 0xEDAE, 0xE56D, 0xE56D, 0xE58E, 0xEDCF, 0xF60F, 0xEDEF, 0xEDEF, 0xF630, 0xF651,
    0xF651, 0xF630, 0xF610, 0xF610, 0xF630, 0xF631, 0xF630, 0xF610, 0xF610, 0xF610, 0xF610, 0xF630, 0xF60F, 0xF630, 0xF630, 0xFE71,
    0xFEB2, 0xFE91, 0xFE50, 0xF610, 0xF5EF, 0xF630, 0xFEB2, 0xFED2, 0xFE91, 0xFE50, 0xFE71, 0xFF14, 0xFF34, 0xFF14, 0xFF34, 0xFF76,
    0xFF76, 0xFF76, 0xFF76, 0xFF97, 0xFFB8, 0xFF97, 0xFF76, 0xFF34, 0xFF13, 0xFF13, 0xFF13, 0xFF13, 0xFF13, 0xFF33, 0xFF54, 0xFF54,
    0xFF34, 0xF6D3, 0xD5AF, 0xA348, 0xCD91, 0xFFFC, 0xFFDB, 0xFFDB, 0xFFDB, 0xFFFB, 0xF759, 0xEEB6, 0xEEF7, 0xF718, 0xEEB7, 0xEED7,
    0xEE96, 0xE655, 0xE655, 0xEE75, 0xEE55, 0xEE75, 0xE655, 0xE655, 0xE655, 0xE655, 0xEE55, 0xEE54, 0xEE54, 0xEE54, 0xE634, 0xE634,
    0xE634, 0xE634, 0xE633, 0xE5F1, 0xE612, 0xE612, 0xDDB0, 0xDDB0, 0xE634, 0xE5F2, 0xE633, 0xEE54, 0xEE34, 0xE633, 0xE634, 0xDDD1,
    0xDDB0, 0xEE32, 0xEE11, 0xEE32, 0xEE32, 0xEE32, 0xEE32, 0xEE32, 0xEE32, 0xE5CF, 0xE5CF, 0xE5CF, 0xE5AE, 0xE5AE, 0xEE10, 0xEE11,
    0xE5F0, 0xE5F0, 0xEE32, 0xEE33, 0xEE33, 0xEE33, 0xEE33, 0xEE53, 0xEE53, 0xEE33, 0xEE53, 0xEE11, 0xE5CF, 0xE5AF, 0xE5CF, 0xE5AE,
    0xDD4D, 0xDD2C, 0xDD2C, 0xDD2C, 0xDD2C, 0xDD2C, 0xDCEC, 0xD4CB, 0xD4AB, 0xCC6A, 0xC44A, 0xC42A, 0xCC4A, 0xC42A, 0xC42A, 0xCC4A,
    0xC429, 0xBBC9, 0xB3A8, 0x9B06, 0x8A84, 0x8243, 0x8243, 0x8243, 0xAB45, 0xB366, 0xC3C7, 0xC3E7, 0xC3C7, 0xC3C7, 0xD469, 0xDCEA,
    0xDCEB, 0xDCEB, 0xD46A, 0xD48A, 0xD4CB, 0xD4CB, 0xD4CB, 0xDCEB, 0xDD2C, 0xDD2C, 0xD4CB, 0xD4AA, 0xDCEB, 0xD4CB, 0xCC6A, 0xCC49,
    0xCC49, 0xC3E8, 0xC3E8, 0xC3E8, 0xC3E8, 0xC3C8, 0xCC28, 0xD4AA, 0xDCCA, 0xDCCA, 0xDCCA, 0xDCCA, 0xDCCA, 0xDD0B, 0xE54C, 0xE52C,
    0xE54C, 0xE54C, 0xE56D, 0xE56D, 0xE56D, 0xE56D, 0xDD6D, 0xE56E, 0xE58E, 0xE56E, 0xE56E, 0xE56E, 0xE56E, 0xE58E, 0xE58E, 0xE58E,
    0xFFB8, 0xFF98, 0xFF98, 0xFF97, 0xFFB8, 0xFF98, 0xFF98, 0xFFB8, 0xFFB9, 0xFFB9, 0xFFB9, 0xFFB8, 0xFF98, 0xFF98, 0xFF98, 0xFF98,
    0xFF98, 0xFF97, 0xFF56, 0xF651, 0xE58D, 0xE56D, 0xED8E, 0xEDCF, 0xF5EF, 0xF5EF, 0xF610, 0xF610, 0xF630, 0xFE51, 0xF630, 0xF630,
    0xF630, 0xF5EF, 0xF5EF, 0xF630, 0xFE51, 0xFE51, 0xFE51, 0xF630, 0xF630, 0xF60F, 0xF5EF, 0xF5CE, 0xF5CE, 0xF60F, 0xFE71, 0xFE71,
    0xF650, 0xFE71, 0xF650, 0xF630, 0xF610, 0xF630, 0xFE92, 0xFEF3, 0xFED2, 0xFE50, 0xFEB2, 0xFF76, 0xFFB8, 0xFF97, 0xFF97, 0xFF97,
    0xFF97, 0xFF97, 0xFF97, 0xFFB8, 0xFFD9, 0xFFB8, 0xFF55, 0xFF13, 0xFF34, 0xFEF3, 0xFEF2, 0xFEF3, 0xFEF3, 0xFF13, 0xFF34, 0xFF54,
    0xFF34, 0xFFB6, 0xE630, 0xB366, 0xC4ED, 0xFFDB, 0xFFBA, 0xFFFB, 0xFFFB, 0xFFDB, 0xFFBA, 0xFFB9, 0xFFDA, 0xF758, 0xEEB7, 0xEE96,
    0xEE75, 0xE655, 0xEE75, 0xEE75, 0xEE75, 0xEE75, 0xEE75, 0xEE55, 0xEE55, 0xEE55, 0xEE55, 0xEE55, 0xEE55, 0xEE34, 0xE634, 0xE634,
    0xEE34, 0xE633, 0xE611, 0xE5F1, 0xE5F1, 0xDDD0, 0xDD8F, 0xDD90, 0xE613, 0xDD90, 0xE612, 0xEE54, 0xEE34, 0xE633, 0xE633, 0xDDD1,
    0xDDB0, 0xEE32, 0xE5D0, 0xEE11, 0xEE32, 0xEE31, 0xE5F0, 0xEE11, 0xEE32, 0xE5CF, 0xE5AE, 0xE5AE, 0xE5AF, 0xE5AE, 0xE5F0, 0xEE32,
    0xEE12, 0xEE11, 0xEE32, 0xEE33, 0xEE33, 0xEE12, 0xEE33, 0xEE53, 0xEE53, 0xE5F0, 0xE5F0, 0xEE11, 0xEE11, 0xE5EF, 0xE5CF, 0xE5CF,
    0xE5AE, 0xE58E, 0xE58E, 0xDD4C, 0xDD2C, 0xDD2C, 0xDD0C, 0xD4AB, 0xCC6A, 0xCC8A, 0xCC4A, 0xC42A, 0xCC4A, 0xCC4A, 0xCC4A, 0xCC4A,
    0xC409, 0xC409, 0xBBE9, 0x9AE5, 0x7A03, 0x8243, 0x8243, 0x8A43, 0xBBA7, 0xCBE8, 0xC3E7, 0xC3E7, 0xC408, 0xCC08, 0xD469, 0xDCCA,
    0xDCEB, 0xDCEB, 0xD4AA, 0xD4CB, 0xDD2C, 0xDD2C, 0xDD0B, 0xDCEB, 0xDD0C, 0xDD2C, 0xDD2C, 0xDCEB, 0xD4AA, 0xD4EB, 0xD4CB, 0xCC69,
    0xCC49, 0xCC08, 0xC3E8, 0xC3E8, 0xC3E8, 0xCC29, 0xCC28, 0xCC49, 0xDCCA, 0xDCCA, 0xDCCA, 0xDCCA, 0xDCEA, 0xE52B, 0xE52C, 0xE52C,
    0xE52C, 0xDD4C, 0xDD4C, 0xDD6D, 0xE56E, 0xE56E, 0xDD4D, 0xDD4D, 0xDD6D, 0xE56E, 0xE58E, 0xE58E, 0xE58E, 0xE58E, 0xDD6D, 0xE58E,
    0xFF98, 0xFF77, 0xFF77, 0xFF78, 0xFF98, 0xFF98, 0xFF98, 0xFFB8, 0xFFB9, 0xFFB9, 0xFFB9, 0xFF98, 0xFF99, 0xFFB9, 0xFFB8, 0xFFB8,
    0xFF98, 0xFF77, 0xFF56, 0xF6B3, 0xF60F, 0xEDAE, 0xEDAE, 0xF5CF, 0xEDCF, 0xEDCF, 0xEDEF, 0xEDCF, 0xF5EF, 0xF630, 0xF610, 0xF630,
    0xF610, 0xEDCF, 0xF5EF, 0xF610, 0xFE51, 0xFE51, 0xF630, 0xF5EF, 0xF5EF, 0xF5EF, 0xF5EF, 0xF630, 0xF650, 0xF630, 0xFE50, 0xF60F,
    0xF5EF, 0xFE91, 0xFED2, 0xFEB2, 0xFEB2, 0xFEB2, 0xFEF3, 0xFF13, 0xFF34, 0xFF56, 0xFF76, 0xFF97, 0xFF98, 0xFF98, 0xFF98, 0xFFB8,
    0xFFD9, 0xFFDA, 0xFFD9, 0xFFD9, 0xFFD9, 0xFFD9, 0xFF55, 0xFED2, 0xFED2, 0xFEB1, 0xFEB1, 0xFED2, 0xFF13, 0xFF13, 0xFF13, 0xFF13,
    0xFF13, 0xFF13, 0xFF75, 0xF713, 0xB3A8, 0xAB87, 0xD613, 0xFFFC, 0xFFDB, 0xFFDB, 0xFFDA, 0xFFDA, 0xFFFA, 0xF758, 0xEEB7, 0xEE96,
    0xE675, 0xEE75, 0xEE75, 0xEE75, 0xEE75, 0xEE75, 0xEE76, 0xEE55, 0xEE54, 0xEE55, 0xEE55, 0xEE55, 0xEE34, 0xEE34, 0xE634, 0xE634,
    0xEE54, 0xE612, 0xE5F1, 0xE5F1, 0xE5D0, 0xDDB0, 0xDD90, 0xDDB0, 0xDDB0, 0xDD8F, 0xE612, 0xEE54, 0xE633, 0xE613, 0xE633, 0xE5D1,
    0xE5AF, 0xEDF0, 0xE5D0, 0xE5F0, 0xEE32, 0xEE31, 0xE5CF, 0xE5EF, 0xEE31, 0xE5CF, 0xE5AE, 0xE5AE, 0xE5F0, 0xEE11, 0xEE11, 0xEE32,
    0xEE32, 0xEE32, 0xEE32, 0xEE53, 0xEE53, 0xE611, 0xE612, 0xEE53, 0xEE53, 0xEE12, 0xE5CF, 0xE5CF, 0xEE10, 0xEE10, 0xE5AF, 0xE5AE,
    0xEDCE, 0xEDCE, 0xEDCF, 0xDD4D, 0xDD0C, 0xDD2C, 0xE52C, 0xDCEB, 0xCC6A, 0xCC8A, 0xC44A, 0xC429, 0xCC4A, 0xCC4A, 0xCC4A, 0xCC4A,
    0xC409, 0xBBE9, 0xBBE8, 0x9B05, 0x7A23, 0x8243, 0x8223, 0x8223, 0xBB87, 0xC3E7, 0xC3E7, 0xC3E7, 0xCC49, 0xD48A, 0xD48A, 0xD4CA,
    0xDCEB, 0xD4EB, 0xDD0B, 0xDD2C, 0xDD2B, 0xDD2C, 0xDD2C, 0xDD0C, 0xDD0B, 0xDD0B, 0xDD0C, 0xDD0C, 0xD4EB, 0xD4AA, 0xD4AB, 0xCC69,
    0xCC29, 0xCC29, 0xC3E8, 0xC3E8, 0xCC08, 0xCC29, 0xCC49, 0xCC48, 0xD489, 0xDCCA, 0xDCCA, 0xDCCA, 0xDCEA, 0xE52C, 0xE52C, 0xDD2C,
    0xE54C, 0xE54C, 0xDD4D, 0xE56D, 0xE56E, 0xE58E, 0xE58E, 0xDD4D, 0xDD4D, 0xDD4D, 0xE56E, 0xE58E, 0xE58E, 0xE58E, 0xDD4D, 0xDD2D,
    0xFFB8, 0xFF98, 0xFFB8, 0xFFB9, 0xFF99, 0xFF98, 0xFF98, 0xFF98, 0xFF78, 0xFF98, 0xFF78, 0xFF98, 0xFF99, 0xFFB9, 0xFFB8, 0xFFB8,
    0xFF98, 0xFF77, 0xFF56, 0xFF35, 0xF651, 0xEDCF, 0xF5EF, 0xEDCE, 0xEDCF, 0xF610, 0xFE51, 0xFE51, 0xFE51, 0xF630, 0xEDCF, 0xF5EF,
    0xEDAE, 0xF60F, 0xFE71, 0xFE51, 0xF610, 0xF5EF, 0xF5EF, 0xF60F, 0xF5EF, 0xF5EF, 0xF60F, 0xFEB2, 0xFF14, 0xFE71, 0xFE50, 0xF630,
    0xF630, 0xF651, 0xFED3, 0xFF35, 0xFF15, 0xFF15, 0xFF76, 0xFF98, 0xFF97, 0xFF98, 0xFF98, 0xFF98, 0xFF98, 0xFF98, 0xFF98, 0xFFB9,
    0xFFD9, 0xFFD9, 0xFFD9, 0xFFD9, 0xFFD9, 0xFFD9, 0xFF76, 0xFED3, 0xFEB2, 0xFEB2, 0xFED2, 0xFED2, 0xFF13, 0xFF13, 0xFEF3, 0xFEF3,
    0xFF13, 0xFF34, 0xFF34, 0xFEF3, 0xFF33, 0xABC7, 0xCD50, 0xFFFC, 0xFFBA, 0xFFDA, 0xFFDA, 0xFFDA, 0xFFDA, 0xFF99, 0xFF79, 0xEED6,
    0xE655, 0xEED6, 0xEE96, 0xEE75, 0xEE75, 0xEE75, 0xEE76, 0xEE75, 0xE654, 0xEE55, 0xEE54, 0xE654, 0xEE55, 0xEE54, 0xEE54, 0xE634,
    0xE654, 0xE633, 0xE5F1, 0xE5F1, 0xE5F1, 0xDDD0, 0xDDAF, 0xDDB0, 0xDD8F, 0xDD8F, 0xE613, 0xEE54, 0xE612, 0xE5F1, 0xE612, 0xE5D0,
    0xE58E, 0xE5AF, 0xE5CF, 0xE5AF, 0xEE11, 0xEE31, 0xE5CF, 0xE5CF, 0xEE10, 0xE5F0, 0xE5CF, 0xE5AE, 0xEDF1, 0xEE33, 0xEE32, 0xEE32,
    0xEE32, 0xEE32, 0xEE11, 0xEE53, 0xF653, 0xEE52, 0xE5F1, 0xE5F1, 0xEE32, 0xEE33, 0xE611, 0xE5F0, 0xE5AE, 0xE5AE, 0xE5AE, 0xE58E,
    0xE5AE, 0xEDCE, 0xEDCE, 0xDD4D, 0xDD2C, 0xDD2C, 0xDD0C, 0xDD2C, 0xD4EB, 0xCC8A, 0xCC4A, 0xC429, 0xCC4A, 0xCC4A, 0xCC6A, 0xCC6A,
    0xCC4A, 0xC42A, 0xBC09, 0x9B05, 0x7A23, 0x8243, 0x92A4, 0x9AC4, 0xBBA7, 0xC3E7, 0xC3E7, 0xC3E8, 0xCC28, 0xD4AA, 0xD4AA, 0xD4CA,
    0xDD0B, 0xD4AA, 0xD4CA, 0xDD2C, 0xDD4C, 0xDD4B, 0xDD4C, 0xDD2C, 0xDD0B, 0xDD0B, 0xDD0B, 0xDD0C, 0xDD2C, 0xD4AA, 0xCC69, 0xCC29,
    0xC408, 0xC408, 0xC3E8, 0xC3C8, 0xCC08, 0xCC29, 0xD469, 0xDCCA, 0xDCAA, 0xDC8A, 0xDCCA, 0xDCEA, 0xDCEA, 0xE54C, 0xE54C, 0xE54C,
    0xE54D, 0xE54D, 0xE54D, 0xDD6D, 0xE56E, 0xE58E, 0xE58E, 0xE5AF, 0xE5AF, 0xDD2D, 0xDD2C, 0xE56D, 0xE58E, 0xE58E, 0xE58E, 0xE56E,
    0xFFB9, 0xFFB9, 0xFFB8, 0xFF98, 0xFFB8, 0xFFB9, 0xFF99, 0xFF99, 0xFF98, 0xFF98, 0xFF98, 0xFF98, 0xFF98, 0xFF98, 0xFFB8, 0xFFB8,
    0xFF98, 0xFF77, 0xFF56, 0xFF35, 0xF651, 0xEDCE, 0xF5EF, 0xF60F, 0xF60F, 0xF60F, 0xF610, 0xF610, 0xF630, 0xF630, 0xEDCF, 0xF5CF,
    0xF5EF, 0xF610, 0xF610, 0xF610, 0xF5CF, 0xEDCE, 0xF5CE, 0xF5EF, 0xF651, 0xF6B3, 0xF6B2, 0xFF35, 0xFF77, 0xFF55, 0xFF56, 0xFF56,
    0xFF56, 0xFF56, 0xFF97, 0xFF98, 0xFF98, 0xFFB8, 0xFF98, 0xFF98, 0xFF98, 0xFF98, 0xFF98, 0xFFB8, 0xFFB9, 0xFFB9, 0xFFD9, 0xFFDA,
    0xFFD9, 0xFFDA, 0xFFDA, 0xFFD9, 0xFFD9, 0xFFDA, 0xFFB9, 0xFF55, 0xFED2, 0xFEB2, 0xFEB2, 0xFEB2, 0xFE92, 0xFEB2, 0xFEF3, 0xFEF3,
    0xFF13, 0xFF13, 0xFF13, 0xFF12, 0xFF53, 0xEE70, 0xCD2D, 0xBC6C, 0xFFFB, 0xFFFB, 0xFFBA, 0xFFDA, 0xFFDA, 0xFFDA, 0xFFFB, 0xEED7,
    0xE654, 0xEEF6, 0xEE96, 0xEE75, 0xEE76, 0xEE76, 0xEE76, 0xEE54, 0xE654, 0xEE54, 0xE633, 0xE653, 0xEE54, 0xEE54, 0xEE54, 0xE634,
    0xE634, 0xE633, 0xE611, 0xE612, 0xE632, 0xE5D1, 0xDD8F, 0xDDAF, 0xE5D1, 0xE5D0, 0xE612, 0xEE33, 0xE5F1, 0xE5F1, 0xE611, 0xE5D0,
    0xE5AE, 0xE5AE, 0xE5EF, 0xE5CF, 0xEDF0, 0xEE31, 0xE5EF, 0xE5CF, 0xE5CF, 0xEE31, 0xEE11, 0xE5CF, 0xEE11, 0xEE33, 0xEE33, 0xEE32,
    0xEE33, 0xEE32, 0xEE32, 0xEE32, 0xEE33, 0xEE32, 0xEE12, 0xE5D0, 0xE5F1, 0xEDF1, 0xEE12, 0xEE11, 0xE5D0, 0xE5AF, 0xE5AE, 0xE5AE,
    0xE5AE, 0xE5AE, 0xE5CE, 0xE5AE, 0xE56D, 0xDD0C, 0xDCEB, 0xDD0C, 0xD4EB, 0xD48B, 0xD48B, 0xCC6A, 0xC44A, 0xC44A, 0xC44A, 0xC44A,
    0xCC4A, 0xC42A, 0xBC09, 0x9B05, 0x7A23, 0x8A43, 0xB345, 0xBBA7, 0xBBA7, 0xC3C7, 0xCC08, 0xCC28, 0xCC28, 0xDCAA, 0xDCCB, 0xDCCB,
    0xDD0B, 0xD4CA, 0xD48A, 0xDD0B, 0xDD4C, 0xDD4C, 0xDD4C, 0xDD4C, 0xDD2C, 0xDD2C, 0xDD0B, 0xDD0B, 0xDD0B, 0xDD2C, 0xD4AA, 0xCC29,
    0xC3E8, 0xC408, 0xC408, 0xC3E8, 0xCC08, 0xCC29, 0xD489, 0xDCEA, 0xDCCA, 0xDCAA, 0xDCCA, 0xDCEB, 0xDCEA, 0xDD2B, 0xE58E, 0xE58E,
    0xE58E, 0xDD6D, 0xE56E, 0xE56E, 0xE56E, 0xE58E, 0xE58F, 0xE58F, 0xE58F, 0xE56E, 0xDD4D, 0xDD2D, 0xDD4D, 0xE58E, 0xE58E, 0xE5AE,
    0xFF98, 0xFF98, 0xFF98, 0xFF98, 0xFFB9, 0xFFB9, 0xFFB9, 0xFFB9, 0xFFB9, 0xFFB9, 0xFF99, 0xFF98, 0xFF98, 0xFF78, 0xFF98, 0xFF78,
    0xFF77, 0xFF77, 0xFF56, 0xFF35, 0xF651, 0xEDAE, 0xF5EF, 0xF60F, 0xF610, 0xF610, 0xF630, 0xF610, 0xEDEF, 0xEDCF, 0xF5EF, 0xFE50,
    0xF60F, 0xEDAE, 0xEDAE, 0xEDCE, 0xEDAE, 0xF672, 0xF6D4, 0xF6B3, 0xFF15, 0xFF77, 0xFF76, 0xFF77, 0xFF98, 0xFF98, 0xFFB8, 0xFFB8,
    0xFF98, 0xFF98, 0xFF98, 0xFF98, 0xFF98, 0xFF98, 0xFFB8, 0xFF98, 0xFF98, 0xFF98, 0xFFB8, 0xFFB9, 0xFFD9, 0xFFD9, 0xFFD9, 0xFFD9,
    0xFFD9, 0xFFDA, 0xFFD9, 0xFFD9, 0xFFD9, 0xFFD9, 0xFFB9, 0xFF76, 0xFED3, 0xFEB2, 0xFEB2, 0xFE91, 0xFE91, 0xFEF3, 0xFEF3, 0xFF13,
    0xFF12, 0xFEF2, 0xFEF2, 0xFEF2, 0xFEF2, 0xFFB4, 0xD58E, 0x9AE6, 0xDE12, 0xF778, 0xFFFB, 0xFFBA, 0xFFBA, 0xFFBA, 0xFFBA, 0xF759,
    0xF738, 0xF758, 0xEE96, 0xEE76, 0xEE76, 0xEE75, 0xEE54, 0xEE54, 0xE654, 0xE653, 0xE653, 0xE654, 0xEE34, 0xEE54, 0xEE54, 0xEE54,
    0xEE34, 0xE633, 0xE633, 0xEE33, 0xEE33, 0xE5D0, 0xDD8F, 0xDDD0, 0xE612, 0xE5D0, 0xE632, 0xE611, 0xE5F0, 0xE611, 0xE611, 0xE5D0,
    0xE5AE, 0xE5AF, 0xE5CF, 0xEDF0, 0xEDF0, 0xEE11, 0xEE31, 0xE5F0, 0xE5EF, 0xEE31, 0xEE53, 0xEE32, 0xEE32, 0xEE33, 0xEE33, 0xEE33,
    0xEE33, 0xEE32, 0xEE32, 0xEE12, 0xEE12, 0xEE32, 0xEE32, 0xEE32, 0xE5F0, 0xE5D0, 0xE5D0, 0xE5D0, 0xE5D0, 0xE5AF, 0xE5AE, 0xE5AE,
    0xE58E, 0xE58D, 0xDD4C, 0xE58E, 0xE5AE, 0xE56D, 0xD4CB, 0xCC8A, 0xD4AB, 0xD4AB, 0xCC8B, 0xCC6B, 0xCC6A, 0xC44A, 0xC42A, 0xBC09,
    0xB3C8, 0xAB67, 0xAB47, 0x92A4, 0x8243, 0xA305, 0xBB86, 0xBB86, 0xBBC7, 0xCC28, 0xCC48, 0xCC48, 0xCC28, 0xD48A, 0xDD0B, 0xDCEB,
    0xDCEB, 0xDCEB, 0xDD0B, 0xDD4C, 0xDD4C, 0xDD4C, 0xDD4C, 0xDD4C, 0xDD4C, 0xDD4C, 0xE54C, 0xD4AA, 0xD4AB, 0xDCEB, 0xD4CB, 0xCC29,
    0xC3E8, 0xC408, 0xC408, 0xCC08, 0xCC49, 0xCC29, 0xD489, 0xDCEA, 0xDCCA, 0xDCEB, 0xDCEB, 0xDCEA, 0xDD0B, 0xDD0B, 0xDD4D, 0xE58E,
    0xE58E, 0xE58E, 0xE58E, 0xE58F, 0xE58E, 0xDD6E, 0xE58E, 0xE58E, 0xE58F, 0xE5AF, 0xE58E, 0xE56E, 0xDD4D, 0xDD6D, 0xDD6E, 0xE58E,
    0xFF78, 0xFF99, 0xFF99, 0xFFB9, 0xFFB9, 0xFFB9, 0xFFB9, 0xFFB9, 0xFFB9, 0xFF99, 0xFF99, 0xFF98, 0xFF98, 0xFF78, 0xFF77, 0xFF77,
    0xFF77, 0xFF77, 0xFF36, 0xFF15, 0xFED4, 0xF651, 0xF5EF, 0xF630, 0xFE71, 0xFE71, 0xF650, 0xF630, 0xEDEF, 0xEDAE, 0xEDCF, 0xFE50,
    0xEDEF, 0xE58E, 0xEDAE, 0xF630, 0xF672, 0xFF15, 0xFF56, 0xFF56, 0xFF77, 0xFF77, 0xFF77, 0xFF77, 0xFF77, 0xFF97, 0xFF98, 0xFF98,
    0xFF97, 0xFF97, 0xFF97, 0xFF97, 0xFF98, 0xFF98, 0xFFB8, 0xFFB8, 0xFFB8, 0xFF98, 0xFF98, 0xFF98, 0xFF98, 0xFF98, 0xFFB8, 0xFFB8,
    0xFFB8, 0xFFD9, 0xFFD9, 0xFFD9, 0xFFD9, 0xFFD9, 0xFFD9, 0xFF76, 0xFED2, 0xFE91, 0xFE91, 0xFE71, 0xFE91, 0xFED2, 0xFED2, 0xFEF2,
    0xFED2, 0xFED1, 0xFEF2, 0xFEF2, 0xFF13, 0xFEF2, 0xFF74, 0xE651, 0x91E1, 0xDE32, 0xFFBA, 0xFF9A, 0xFFBA, 0xFFBA, 0xFFBA, 0xFFBA,
    0xFFDA, 0xFFBA, 0xF696, 0xEE75, 0xEE96, 0xEE75, 0xE653, 0xEE54, 0xEE54, 0xE653, 0xE653, 0xEE54, 0xEE34, 0xEE54, 0xEE54, 0xE634,
    0xEE54, 0xEE53, 0xE633, 0xE633, 0xEE53, 0xE5F1, 0xE5F1, 0xEE33, 0xEE33, 0xE5F1, 0xE611, 0xE5F1, 0xE5F0, 0xE611, 0xE611, 0xE5F0,
    0xE5CF, 0xE5CF, 0xE5AE, 0xE5F0, 0xEE31, 0xEE32, 0xEE32, 0xEE52, 0xEE10, 0xEE32, 0xEE53, 0xEE33, 0xEE33, 0xEE33, 0xEE33, 0xEE53,
    0xEE33, 0xEE12, 0xEE32, 0xEE32, 0xEE12, 0xEE32, 0xEE12, 0xEE32, 0xEE11, 0xE5D0, 0xE5CF, 0xE5CF, 0xE5AF, 0xE5AE, 0xE5AE, 0xE58D,
    0xE58D, 0xE58D, 0xDCEB, 0xDD0C, 0xDD4D, 0xE58D, 0xDD2C, 0xD4CB, 0xD48A, 0xCC8A, 0xCC8B, 0xCC8B, 0xCC6A, 0xC44A, 0xC44A, 0xBC09,
    0xB3C8, 0xAB46, 0xA346, 0x8A84, 0x8243, 0xAB25, 0xBBA7, 0xBB86, 0xC3C7, 0xD449, 0xD449, 0xCC28, 0xCC28, 0xD469, 0xDCEB, 0xDCEB,
    0xDCEB, 0xDCEB, 0xDD0B, 0xDD4C, 0xDD6C, 0xDD4C, 0xDD4C, 0xDD4C, 0xDD2C, 0xDD4C, 0xE54C, 0xDCCB, 0xD46A, 0xD48A, 0xD4AA, 0xCC49,
    0xC408, 0xC408, 0xC3E8, 0xC408, 0xD489, 0xD48A, 0xD469, 0xD489, 0xDCCA, 0xDCEB, 0xDCEB, 0xDD2B, 0xE54D, 0xE54C, 0xDD2B, 0xDD6D,
    0xE5AF, 0xE5AF, 0xE5AF, 0xE5AF, 0xE58E, 0xDD6E, 0xE58E, 0xE58E, 0xE56E, 0xDD6E, 0xE58E, 0xE56E, 0xDD6E, 0xDD6E, 0xDD6E, 0xDD6E,
    0xFF99, 0xFFB9, 0xFFB9, 0xFFB9, 0xFFB9, 0xFFB9, 0xFFB9, 0xFFB9, 0xFFB9, 0xFFB9, 0xFFB9, 0xFFB8, 0xFF98, 0xFF78, 0xFF78, 0xFF77,
    0xFF57, 0xFF36, 0xFF15, 0xFF15, 0xFF35, 0xFED3, 0xF651, 0xFE71, 0xFE71, 0xFE51, 0xF610, 0xEDCF, 0xED8E, 0xE58E, 0xEDCF, 0xF5CF,
    0xF630, 0xF651, 0xF651, 0xFF15, 0xFF77, 0xFF57, 0xFF77, 0xFF77, 0xFF77, 0xFF77, 0xFF77, 0xFF77, 0xFF77, 0xFF98, 0xFFB8, 0xFF97,
    0xFF97, 0xFF97, 0xFF97, 0xFF98, 0xFF98, 0xFF98, 0xFFB8, 0xFFB8, 0xFF97, 0xFF77, 0xFF97, 0xFF97, 0xFF98, 0xFF98, 0xFFB8, 0xFFB8,
    0xFFD9, 0xFFD9, 0xFFDA, 0xFFD9, 0xFFD9, 0xFFDA, 0xFFD9, 0xFF97, 0xFED3, 0xFE71, 0xFE71, 0xFE51, 0xFE51, 0xFE70, 0xFE91, 0xFEB1,
    0xFE90, 0xFE90, 0xFEF2, 0xFEF2, 0xFF12, 0xFF53, 0xFF94, 0xE671, 0xA2A4, 0x8A02, 0xD5B1, 0xFFFD, 0xFFFB, 0xFFDA, 0xFFBA, 0xFFBA,
    0xFFBA, 0xFFBA, 0xF717, 0xEE75, 0xF696, 0xEE96, 0xEE53, 0xEE54, 0xEE75, 0xE653, 0xEE54, 0xEE75, 0xE654, 0xEE34, 0xE634, 0xE634,
    0xEE54, 0xE653, 0xE633, 0xEE53, 0xE633, 0xE633, 0xEE54, 0xEE74, 0xEE54, 0xEE32, 0xE5F0, 0xE5F1, 0xE5F1, 0xE611, 0xE612, 0xEE11,
    0xEDEF, 0xE5CF, 0xE5CE, 0xEE10, 0xEE32, 0xEE32, 0xEE32, 0xEE53, 0xEE53, 0xEE53, 0xEE53, 0xEE53, 0xEE33, 0xEE53, 0xEE53, 0xEE32,
    0xEE32, 0xEE32, 0xEE12, 0xEE12, 0xEE11, 0xE5F0, 0xE5F0, 0xEDF0, 0xEE11, 0xEDF1, 0xE5CF, 0xE5CF, 0xEDCF, 0xE5AE, 0xE5AE, 0xE58D,
    0xE58D, 0xE58D, 0xDD2C, 0xDCEB, 0xD4CB, 0xDCEB, 0xDD0B, 0xDD0B, 0xCC8A, 0xCC6A, 0xCC6B, 0xCC6B, 0xCC6A, 0xCC4A, 0xC44A, 0xC40A,
    0xB3C8, 0xAB47, 0xA347, 0x8AA4, 0x8243, 0xA325, 0xBBA7, 0xBB86, 0xC3C7, 0xD449, 0xD449, 0xD469, 0xCC69, 0xD489, 0xDCEB, 0xDCEB,
    0xDCEB, 0xDCEB, 0xDCEB, 0xE54C, 0xDD6C, 0xDD6C, 0xDD6C, 0xDD4C, 0xDD0B, 0xDD2C, 0xDD4C, 0xDD0B, 0xD48A, 0xCC49, 0xCC49, 0xCC29,
    0xCC28, 0xC408, 0xC408, 0xCC28, 0xD489, 0xD4AA, 0xD4AA, 0xD469, 0xDCAA, 0xDCEB, 0xDD0B, 0xE56D, 0xE56E, 0xE56D, 0xE56D, 0xDD4D,
    0xE56E, 0xE58E, 0xE58E, 0xE58E, 0xE5AF, 0xE5AF, 0xE58E, 0xE58E, 0xE58E, 0xDD6E, 0xDD4D, 0xDD4D, 0xDD6E, 0xDD6E, 0xE58E, 0xE5AF,
    0xFFB9, 0xFF99, 0xFFB9, 0xFFB9, 0xFF99, 0xFFB9, 0xFFB9, 0xFFB9, 0xFFB9, 0xFFB9, 0xFFB9, 0xFFB9, 0xFFB9, 0xFF78, 0xFF78, 0xFF77,
    0xFF57, 0xFF56, 0xFF56, 0xFF15, 0xFF15, 0xFED3, 0xF650, 0xF630, 0xF630, 0xF671, 0xF631, 0xEDCF, 0xEE10, 0xF610, 0xF610, 0xF610,
    0xFF15, 0xFF56, 0xFF56, 0xFF57, 0xFF56, 0xFF57, 0xFF77, 0xFF77, 0xFF77, 0xFF77, 0xFF77, 0xFF77, 0xFF78, 0xFFB8, 0xFFD9, 0xFF77,
    0xFF97, 0xFF98, 0xFF97, 0xFF98, 0xFF98, 0xFF97, 0xFF97, 0xFF77, 0xFF97, 0xFF98, 0xFFB8, 0xFFB8, 0xFFB8, 0xFFB8, 0xFFD9, 0xFFD9,
    0xFFDA, 0xFFFA, 0xFFFA, 0xFFDA, 0xFFD9, 0xFFD9, 0xFFD9, 0xFFD9, 0xFF14, 0xFE91, 0xFE71, 0xFE91, 0xFE91, 0xFED2, 0xFF12, 0xFF12,
    0xFED1, 0xFED1, 0xFEF2, 0xFEF2, 0xFF12, 0xD54D, 0xA306, 0xB3E9, 0xF777, 0xD5B1, 0xCD6F, 0xCD90, 0xCD4F, 0xF738, 0xFFFB, 0xFFBA,
    0xFFBA, 0xFFDA, 0xFF79, 0xEE75, 0xF696, 0xEE95, 0xEE54, 0xEE94, 0xEE95, 0xEE53, 0xEE74, 0xEE75, 0xEE54, 0xEE54, 0xEE54, 0xEE54,
    0xEE54, 0xE633, 0xE633, 0xEE74, 0xEE54, 0xEE54, 0xEE74, 0xEE74, 0xEE74, 0xEE33, 0xE5F0, 0xEE32, 0xEE53, 0xEE52, 0xEE53, 0xEE32,
    0xE5F0, 0xE611, 0xE5CF, 0xEDF1, 0xEE32, 0xEE32, 0xEE33, 0xEE53, 0xEE53, 0xEE53, 0xEE53, 0xEE53, 0xEE33, 0xEE53, 0xEE53, 0xEE12,
    0xE5F1, 0xEE12, 0xEE12, 0xEE12, 0xEE11, 0xE5F0, 0xE5EF, 0xE5F0, 0xEDF0, 0xEE10, 0xEE10, 0xE5CF, 0xE5AE, 0xE5AE, 0xE58E, 0xE58D,
    0xE58D, 0xE58D, 0xE58D, 0xDD2C, 0xD4CB, 0xD48A, 0xD48A, 0xCC8A, 0xCC8A, 0xCC6A, 0xCC8B, 0xCC4A, 0xC409, 0xC409, 0xC409, 0xBC09,
    0xBBC9, 0xAB67, 0x9B06, 0x8A84, 0x8243, 0xA305, 0xBBA7, 0xBB86, 0xC3C7, 0xD469, 0xD469, 0xDCAA, 0xDCEB, 0xDCCA, 0xDCEA, 0xDCEA,
    0xDCEB, 0xDCCB, 0xDCEB, 0xDCEB, 0xE54C, 0xDD6C, 0xE56C, 0xE54C, 0xDCEB, 0xDD0B, 0xDD2C, 0xE52C, 0xD4CA, 0xCC49, 0xCC29, 0xCC08,
    0xCC08, 0xCC28, 0xD469, 0xD469, 0xD48A, 0xD4AA, 0xDCCA, 0xD48A, 0xDCAA, 0xDCCB, 0xE52C, 0xE56D, 0xE56D, 0xE58E, 0xE5AE, 0xE58E,
    0xDD4D, 0xDD4D, 0xDD4D, 0xDD6D, 0xE58F, 0xE5AF, 0xE5AF, 0xE5AF, 0xE5AF, 0xE58F, 0xDD6E, 0xDD6E, 0xDD4E, 0xE58E, 0xC46B, 0x9B27,
    0xFFB9, 0xFF99, 0xFF99, 0xFFB9, 0xFFB9, 0xFFB9, 0xFFB9, 0xFFB9, 0xFFB9, 0xFFB9, 0xFFB9, 0xFF98, 0xFF78, 0xFF78, 0xFF78, 0xFF78,
    0xFF78, 0xFFB8, 0xFF97, 0xFF15, 0xFF15, 0xFE92, 0xEDEF, 0xF5EF, 0xF60F, 0xFE92, 0xFEB3, 0xFED3, 0xFF35, 0xFF56, 0xFF56, 0xFF56,
    0xFF56, 0xFF56, 0xFF56, 0xFF56, 0xFF56, 0xFF77, 0xFF57, 0xFF77, 0xFF77, 0xFF97, 0xFF98, 0xFFB8, 0xFFB8, 0xFFD9, 0xFFD9, 0xFFB8,
    0xFFB8, 0xFFB8, 0xFF98, 0xFF98, 0xFFB8, 0xFF97, 0xFF77, 0xFF77, 0xFFB8, 0xFFD8, 0xFFD9, 0xFFD9, 0xFFD9, 0xFFD9, 0xFFD9, 0xFFB9,
    0xFFD9, 0xFFD9, 0xFFB9, 0xFF98, 0xFFB8, 0xFFB8, 0xFFB8, 0xFFD8, 0xFF35, 0xFED3, 0xFED2, 0xFED2, 0xFED2, 0xFEF2, 0xFF13, 0xFED2,
    0xFEB1, 0xFF13, 0xFF13, 0xFF33, 0xF6F2, 0xAB66, 0xCD4E, 0xDE33, 0xFFFA, 0xFFFC, 0xBC6C, 0x9264, 0x9AC6, 0xD5F3, 0xEF17, 0xFF99,
    0xFFBA, 0xFFDA, 0xFF78, 0xF695, 0xF696, 0xF696, 0xEE75, 0xEEB6, 0xEE95, 0xE653, 0xEE74, 0xEE95, 0xEE54, 0xE634, 0xEE54, 0xEE54,
    0xEE54, 0xE633, 0xE633, 0xEE75, 0xEE75, 0xEE74, 0xEE74, 0xEE74, 0xEE74, 0xEE53, 0xE632, 0xEE33, 0xEE54, 0xEE53, 0xEE53, 0xEE52,
    0xEE32, 0xEE52, 0xE5F0, 0xE611, 0xEE53, 0xEE33, 0xEE53, 0xEE53, 0xEE53, 0xEE53, 0xEE53, 0xEE32, 0xEE53, 0xEE53, 0xEE53, 0xEE31,
    0xE5F0, 0xEE11, 0xEE12, 0xEE12, 0xEE12, 0xEE11, 0xEDF0, 0xE5F0, 0xEDF0, 0xE5F0, 0xEDF0, 0xE5CF, 0xE5AE, 0xE58D, 0xE58D, 0xE58D,
    0xE58D, 0xE58D, 0xE58D, 0xE56D, 0xE56D, 0xD4CB, 0xD48A, 0xCC8A, 0xCC8A, 0xCC8A, 0xCC8B, 0xCC6A, 0xC409, 0xBBE9, 0xBBC9, 0xBBC9,
    0xBBE9, 0xA306, 0x8A84, 0x92A4, 0xB366, 0xB367, 0xBBA6, 0xBB86, 0xBBC7, 0xD469, 0xD489, 0xDCCA, 0xDCEA, 0xDCEA, 0xDCEA, 0xDCEA,
    0xDCEB, 0xDCEB, 0xD4CA, 0xD4CB, 0xDD2C, 0xDD6C, 0xDD6C, 0xE56C, 0xDD2B, 0xDCEB, 0xDD0B, 0xDD2B, 0xDD0B, 0xD48A, 0xCC49, 0xCC49,
    0xCC28, 0xCC28, 0xCC49, 0xD4AA, 0xD4AA, 0xD4AA, 0xD4AA, 0xDCCA, 0xDCCB, 0xDCCB, 0xE54D, 0xE58E, 0xE56D, 0xE58E, 0xE5AF, 0xE5AF,
    0xDD6D, 0xDD4D, 0xDD4D, 0xDD6D, 0xDD6D, 0xE58E, 0xE58E, 0xE5AF, 0xE5AF, 0xE5AF, 0xE5AF, 0xDD8F, 0xDD4E, 0xE5CF, 0xAB88, 0x79C2,
    0xFFB9, 0xFFB9, 0xFFB9, 0xFFB9, 0xFFB9, 0xFFB9, 0xFFB9, 0xFFB9, 0xFF99, 0xFF99, 0xFF98, 0xFF78, 0xFF78, 0xFF77, 0xFF77, 0xFF98,
    0xFF77, 0xFF36, 0xFF15, 0xFF15, 0xFF15, 0xF6B3, 0xF651, 0xF692, 0xF6D4, 0xFF35, 0xFF36, 0xFF56, 0xFF57, 0xFF77, 0xFF77, 0xFF77,
    0xFF56, 0xFF56, 0xFF56, 0xFF56, 0xFF57, 0xFF57, 0xFF77, 0xFF77, 0xFF77, 0xFF98, 0xFFB9, 0xFFD9, 0xFFD9, 0xFFD9, 0xFFD9, 0xFFD9,
    0xFFB8, 0xFF97, 0xFF97, 0xFF97, 0xFF97, 0xFF97, 0xFFB8, 0xFFB8, 0xFFB7, 0xFFB8, 0xFFD9, 0xFFDA, 0xFFD9, 0xFFB9, 0xFFB9, 0xFFFA,
    0xFFFA, 0xFFD9, 0xFFB9, 0xFFB8, 0xFFD9, 0xFFF9, 0xFFF9, 0xFFF9, 0xFFF9, 0xFF56, 0xFEF3, 0xFE71, 0xFE70, 0xFEB1, 0xFEF2, 0xFEF2,
    0xFF12, 0xFF13, 0xFF54, 0xE5CF, 0xB3A8, 0xBCAC, 0xFFFA, 0xFFFB, 0xFF75, 0xFF54, 0xFF54, 0xFF93, 0xF6F2, 0x8A03, 0xA328, 0xFFFB,
    0xFFFB, 0xFFDB, 0xFF79, 0xEE95, 0xF695, 0xF6B5, 0xF6B5, 0xF6B6, 0xEE95, 0xE653, 0xEE75, 0xEE95, 0xEE54, 0xEE54, 0xEE54, 0xEE54,
    0xEE54, 0xE632, 0xEE53, 0xEE75, 0xEE75, 0xEE75, 0xEE74, 0xEE74, 0xEE75, 0xEE74, 0xEE74, 0xEE54, 0xEE53, 0xEE53, 0xEE53, 0xEE53,
    0xEE53, 0xEE53, 0xEE32, 0xEE32, 0xEE53, 0xEE33, 0xEE33, 0xEE53, 0xEE53, 0xEE53, 0xEE53, 0xEE12, 0xEE32, 0xEE53, 0xEE53, 0xEE32,
    0xE5F0, 0xE5F0, 0xEE11, 0xE611, 0xEE11, 0xEE11, 0xEDF0, 0xEDF0, 0xEE11, 0xEE11, 0xE5F0, 0xE5AE, 0xE5AE, 0xE5AD, 0xE58D, 0xE58D,
    0xE58D, 0xE58D, 0xE58D, 0xE56D, 0xE56D, 0xDD2C, 0xD4AA, 0xCC6A, 0xCC6A, 0xD48A, 0xD48A, 0xCC8A, 0xCC6A, 0xC409, 0xBBE9, 0xBBC9,
    0xBBC8, 0x9AE5, 0x9284, 0x9AA4, 0xBB87, 0xBB87, 0xBB86, 0xC3E7, 0xCC28, 0xD469, 0xD489, 0xDCEA, 0xDCEA, 0xDCEA, 0xDCEA, 0xDCCB,
    0xDD0B, 0xDD4C, 0xDCEB, 0xDCCA, 0xDCEB, 0xE56C, 0xE54C, 0xE56C, 0xDD2C, 0xDD0B, 0xDCEB, 0xDD0B, 0xDD2C, 0xDCEB, 0xD489, 0xD469,
    0xD48A, 0xD489, 0xD48A, 0xD4AA, 0xD4AA, 0xD4AA, 0xDCAA, 0xDCCA, 0xDCCB, 0xDCEB, 0xDD0C, 0xE56D, 0xE58E, 0xE58E, 0xE58E, 0xE58F,
    0xE56E, 0xE56D, 0xE56D, 0xDD4D, 0xDD4D, 0xDD4D, 0xDD4D, 0xE58E, 0xE5AF, 0xE5AF, 0xE5AF, 0xE58F, 0xDD6E, 0xE5CF, 0xABA9, 0x8A24,
    0xFFB9, 0xFF99, 0xFF99, 0xFF99, 0xFFB9, 0xFFB9, 0xFFB9, 0xFFDA, 0xFF99, 0xFF98, 0xFF78, 0xFF78, 0xFF56, 0xF692, 0xF6D4, 0xF715,
    0xF6B3, 0xF651, 0xF692, 0xFEB3, 0xFEF4, 0xF6F4, 0xF6B3, 0xFF56, 0xFFB9, 0xFF98, 0xFF98, 0xFF77, 0xFF77, 0xFF57, 0xFF77, 0xFF77,
    0xFF77, 0xFF57, 0xFF57, 0xFF77, 0xFF77, 0xFF77, 0xFF77, 0xFF77, 0xFF77, 0xFF98, 0xFFB9, 0xFFD9, 0xFFD9, 0xFFD9, 0xFFD9, 0xFFD9,
    0xFF98, 0xFF97, 0xFF77, 0xFF77, 0xFF77, 0xFF97, 0xFFB8, 0xFFB8, 0xFFB8, 0xFFD9, 0xFFD9, 0xFFD9, 0xFFFA, 0xFFDA, 0xFFFA, 0xFFFA,
    0xFFFA, 0xFFFA, 0xFFFA, 0xFFFA, 0xFFFA, 0xFFF9, 0xFFD9, 0xFFF9, 0xFFF9, 0xFF55, 0xFED2, 0xFE71, 0xFE70, 0xFE71, 0xFE91, 0xFEB1,
    0xFED2, 0xFEF2, 0xFFB5, 0xDDAE, 0xABA7, 0xFFFB, 0xFFDA, 0xFFD8, 0xFED0, 0xFEAF, 0xFED0, 0xFEF0, 0xF733, 0xD5F2, 0xC52F, 0xBC8D,
    0xBC6C, 0xF799, 0xFFFB, 0xF695, 0xF6B6, 0xF6B5, 0xF695, 0xF695, 0xEE95, 0xEE74, 0xEE75, 0xEE95, 0xEE74, 0xEE54, 0xEE54, 0xEE54,
    0xEE54, 0xEE54, 0xEE54, 0xEE75, 0xEE75, 0xEE75, 0xEE74, 0xEE74, 0xEE75, 0xEE74, 0xEE74, 0xEE74, 0xEE73, 0xEE73, 0xEE73, 0xEE53,
    0xEE53, 0xEE53, 0xEE53, 0xEE53, 0xEE53, 0xEE53, 0xEE53, 0xEE53, 0xEE33, 0xEE53, 0xEE53, 0xEE32, 0xE611, 0xE611, 0xEE32, 0xEE11,
    0xE610, 0xE5EF, 0xE5F0, 0xE611, 0xEE11, 0xEE11, 0xEE11, 0xEE11, 0xE611, 0xEE11, 0xEDF0, 0xE5AE, 0xE5AE, 0xE5AE, 0xE58D, 0xE58D,
    0xE58D, 0xE56D, 0xE56D, 0xE54C, 0xE54C, 0xE54C, 0xDCEC, 0xD4AB, 0xCC8A, 0xCC8A, 0xD46A, 0xCC8A, 0xCC6A, 0xC44A, 0xC409, 0xB3A8,
    0xAB67, 0x9AE5, 0x9AC4, 0xA2E5, 0xB387, 0xBB87, 0xBB86, 0xCC49, 0xD489, 0xCC49, 0xCC69, 0xDCEB, 0xDCEB, 0xDCEA, 0xDCEA, 0xDCEB,
    0xDCEB, 0xDD6C, 0xE54C, 0xDD0B, 0xDD0B, 0xE56C, 0xE54C, 0xE54C, 0xDD4C, 0xDD2C, 0xDCEB, 0xDD0B, 0xDD0B, 0xDD0B, 0xDCCB, 0xD48A,
    0xD4AA, 0xD4AA, 0xD4AA, 0xD4AA, 0xD4AA, 0xD4AA, 0xD4AA, 0xDCCB, 0xDCCB, 0xD4CB, 0xD4CA, 0xDD4D, 0xE58E, 0xE58E, 0xE58E, 0xE58E,
    0xE58E, 0xE58E, 0xE56E, 0xDD6D, 0xDD4D, 0xDD4D, 0xDD4D, 0xE58E, 0xE5AF, 0xE5AF, 0xE5AF, 0xE58F, 0xDD6F, 0xEDD0, 0xABA9, 0x8224,
    0xFF99, 0xFF99, 0xFFB9, 0xFFB9, 0xFFB9, 0xFF98, 0xFF77, 0xF6D4, 0xF6D4, 0xF6D4, 0xFED4, 0xFF36, 0xFF15, 0xF671, 0xF6B2, 0xEE10,
    0xEDAE, 0xEDCF, 0xF5EF, 0xF610, 0xF671, 0xFEF5, 0xFF77, 0xFF78, 0xFF98, 0xFF98, 0xFF77, 0xFF77, 0xFF77, 0xFF77, 0xFF77, 0xFF77,
    0xFF77, 0xFF77, 0xFF77, 0xFFB8, 0xFFB9, 0xFFB9, 0xFFB9, 0xFF98, 0xFF77, 0xFFB9, 0xFFD9, 0xFFD9, 0xFFD9, 0xFFDA, 0xFFD9, 0xFFB8,
    0xFF98, 0xFF97, 0xFF97, 0xFF97, 0xFF98, 0xFFB8, 0xFFB8, 0xFFB8, 0xFFB8, 0xFFD9, 0xFFD9, 0xFFD9, 0xFFFA, 0xFFFA, 0xFFFA, 0xFFFA,
    0xFFD9, 0xFFD9, 0xFFD9, 0xFFD9, 0xFFD9, 0xFFD9, 0xFFD9, 0xFFD9, 0xFFF9, 0xFFB7, 0xFF75, 0xFEB2, 0xFE70, 0xFE71, 0xFE91, 0xFE91,
    0xFEB1, 0xFF53, 0xDDCE, 0xB3E8, 0xCD2E, 0xFFFB, 0xFFFB, 0xFFD7, 0xFE8E, 0xFE4D, 0xFE4D, 0xFE4D, 0xFF53, 0xFFFC, 0xE6B5, 0xA389,
    0xAC0B, 0xD5F3, 0xE6B6, 0xEE75, 0xF695, 0xF6B5, 0xF695, 0xF695, 0xF695, 0xF695, 0xF695, 0xEE96, 0xEE75, 0xEE54, 0xEE54, 0xEE54,
    0xEE75, 0xEE75, 0xEE75, 0xF675, 0xEE75, 0xEE75, 0xEE74, 0xEE75, 0xEE75, 0xEE74, 0xEE74, 0xEE74, 0xEE74, 0xEE73, 0xEE73, 0xEE53,
    0xEE53, 0xEE53, 0xEE53, 0xEE53, 0xEE53, 0xEE53, 0xEE53, 0xEE53, 0xEE33, 0xEE53, 0xEE53, 0xEE33, 0xE611, 0xE610, 0xEE11, 0xEE11,
    0xEE11, 0xE5F0, 0xE5F0, 0xEE11, 0xEE11, 0xEE11, 0xEE11, 0xEE12, 0xEDF1, 0xE5AF, 0xE5AE, 0xE5AE, 0xE5AE, 0xE5AE, 0xE58D, 0xE58D,
    0xDD2C, 0xDD0C, 0xDD4C, 0xDD2C, 0xDD0B, 0xDD0B, 0xDD0B, 0xDCEB, 0xD4CB, 0xD48B, 0xD48A, 0xD48A, 0xCC6A, 0xC42A, 0xBBE9, 0xBBC8,
    0xB367, 0xAB26, 0xB367, 0xBBA7, 0xB387, 0xBB87, 0xB386, 0xCC28, 0xCC69, 0xD489, 0xD4CA, 0xDD0B, 0xDCEB, 0xDCEB, 0xDCEB, 0xDCEB,
    0xDCEB, 0xDD6C, 0xDD6C, 0xDD6C, 0xDD4C, 0xE54C, 0xE54C, 0xE54C, 0xDD4C, 0xDD4C, 0xDD2B, 0xDCEB, 0xDCEB, 0xDCEB, 0xDCEB, 0xDCCB,
    0xD4AA, 0xD4AA, 0xD4AA, 0xD4AA, 0xD4AA, 0xD4AA, 0xD4AA, 0xDCCB, 0xDD2C, 0xDD2C, 0xDD0B, 0xE54D, 0xE58E, 0xE58E, 0xE58E, 0xE58E,
    0xE56E, 0xE56D, 0xE56D, 0xDD6D, 0xE58E, 0xE58E, 0xE58E, 0xDD8F, 0xDD8F, 0xE58F, 0xE58F, 0xE58F, 0xDD6E, 0xE5AF, 0x9B48, 0x7A03,
    0xFFB9, 0xFFB9, 0xFF98, 0xFF56, 0xFF57, 0xFF15, 0xFEF5, 0xF652, 0xF651, 0xF651, 0xF651, 0xF672, 0xFE92, 0xF672, 0xF651, 0xF651,
    0xFE51, 0xFE71, 0xF630, 0xF5F0, 0xF631, 0xFF15, 0xFFB8, 0xFF99, 0xFF98, 0xFF98, 0xFF78, 0xFF78, 0xFF77, 0xFF77, 0xFF77, 0xFF77,
    0xFF77, 0xFF77, 0xFF78, 0xFFB9, 0xFFB9, 0xFFB9, 0xFFB9, 0xFFB9, 0xFFB9, 0xFFD9, 0xFFD9, 0xFFDA, 0xFFDA, 0xFFD9, 0xFFD9, 0xFFB8,
    0xFF97, 0xFF97, 0xFFB8, 0xFFB8, 0xFFB8, 0xFFB8, 0xFFB8, 0xFFB8, 0xFFB8, 0xFFB8, 0xFFB9, 0xFFD9, 0xFFB9, 0xFFB9, 0xFFD9, 0xFFD9,
    0xFFB8, 0xFFB8, 0xFFB8, 0xFFB9, 0xFFB9, 0xFFB9, 0xFFD9, 0xFFF9, 0xFFF9, 0xFFD9, 0xFF34, 0xFE91, 0xFE70, 0xFE70, 0xFE71, 0xFE91,
    0xFEF2, 0xFF74, 0xC46A, 0xA388, 0xFFFC, 0xFFFC, 0xFF76, 0xFEF1, 0xFE8E, 0xFE4D, 0xFE6E, 0xFE6D, 0xFF33, 0xFFD9, 0xFFFA, 0xFFFC,
    0xFFFB, 0x9B48, 0x8203, 0xDDD2, 0xFF58, 0xEE95, 0xEE95, 0xF695, 0xF695, 0xF695, 0xF695, 0xF695, 0xF695, 0xEE75, 0xEE54, 0xEE54,
    0xEE75, 0xEE75, 0xEE75, 0xEE55, 0xEE75, 0xEE54, 0xEE54, 0xEE75, 0xEE74, 0xEE74, 0xEE74, 0xEE74, 0xEE54, 0xEE54, 0xEE54, 0xEE53,
    0xEE53, 0xEE53, 0xEE53, 0xEE53, 0xEE53, 0xEE53, 0xEE53, 0xEE33, 0xEE33, 0xEE33, 0xEE53, 0xEE32, 0xE611, 0xE611, 0xEE10, 0xEE11,
    0xEE11, 0xEE11, 0xEE11, 0xEE11, 0xEE11, 0xEE11, 0xEE11, 0xEE11, 0xEDF1, 0xE5AF, 0xE5AE, 0xE5AE, 0xE5AE, 0xE5AE, 0xE58D, 0xE58D,
    0xDD4C, 0xDD0B, 0xDD0B, 0xDD0B, 0xDD0B, 0xCC8A, 0xD4AB, 0xD4CB, 0xD4AB, 0xD48B, 0xD48A, 0xCC6A, 0xCC4A, 0xCC29, 0xBBC8, 0xBBC8,
    0xBBC8, 0xB387, 0xAB66, 0xB387, 0xB386, 0xBBC7, 0xC408, 0xCC49, 0xCC69, 0xD4CA, 0xDD2B, 0xDD0B, 0xDD0B, 0xDD0B, 0xDD0B, 0xDD0B,
    0xDD2C, 0xE56D, 0xE56D, 0xDD6C, 0xDD6C, 0xDD4C, 0xDD4C, 0xDD4C, 0xDD4C, 0xDD2C, 0xDD4C, 0xDD0B, 0xD48A, 0xD4AA, 0xDCEB, 0xD4CA,
    0xD4AA, 0xDCAA, 0xDCAA, 0xDCAA, 0xDCAA, 0xDCCA, 0xD4CB, 0xD4AB, 0xDD2C, 0xE58E, 0xE58E, 0xE58E, 0xDD6D, 0xE58E, 0xE58E, 0xE58F,
    0xE56D, 0xDD2C, 0xDD4D, 0xDD6D, 0xE58F, 0xE58F, 0xE5AF, 0xE58F, 0xE58F, 0xE58F, 0xE58F, 0xE5D0, 0xB3E9, 0x8244, 0x9B27, 0x9307,
    0xFF77, 0xFF77, 0xFF35, 0xFEB3, 0xFEB3, 0xF672, 0xF651, 0xF652, 0xF671, 0xF672, 0xFE92, 0xF651, 0xF631, 0xF631, 0xF610, 0xF651,
    0xFE71, 0xFE71, 0xF630, 0xEDEF, 0xF651, 0xFED4, 0xF715, 0xFF98, 0xFF98, 0xFF98, 0xFF78, 0xFF78, 0xFF78, 0xFF77, 0xFF77, 0xFF77,
    0xFF77, 0xFF78, 0xFF98, 0xFF98, 0xFF98, 0xFF98, 0xFF98, 0xFFB9, 0xFFB9, 0xFFB9, 0xFFD9, 0xFFD9, 0xFFD9, 0xFF98, 0xFF77, 0xFF97,
    0xFF77, 0xFF97, 0xFFB8, 0xFFB8, 0xFFB8, 0xFFB8, 0xFFB8, 0xFFB8, 0xFFB8, 0xFFB8, 0xFFB9, 0xFFB8, 0xFFB8, 0xFFB8, 0xFFB8, 0xFFB8,
    0xFFB8, 0xFFB8, 0xFFB8, 0xFFB9, 0xFFB9, 0xFFD9, 0xFFD9, 0xFFF9, 0xFFF9, 0xFFD8, 0xFF55, 0xFE91, 0xFE70, 0xFE71, 0xFE91, 0xFE91,
    0xFED2, 0xFF74, 0xCCAA, 0xABC9, 0xFFFC, 0xFFFC, 0xFF34, 0xFE6E, 0xFE8E, 0xFE4D, 0xFE4E, 0xFE6D, 0xF64E, 0xFF97, 0xFFFB, 0xFFFA,
    0xFFBA, 0xF779, 0xD5D2, 0xBC4B, 0xD550, 0xF6B6, 0xF6D6, 0xF695, 0xF695, 0xF695, 0xEE95, 0xEE95, 0xEE95, 0xEE95, 0xEE74, 0xEE74,
    0xEE75, 0xEE95, 0xEE75, 0xEE34, 0xEE54, 0xE633, 0xEE33, 0xEE74, 0xEE75, 0xEE75, 0xEE74, 0xEE74, 0xEE54, 0xEE55, 0xEE54, 0xEE54,
    0xEE54, 0xEE54, 0xEE54, 0xEE54, 0xEE54, 0xEE54, 0xEE53, 0xEE33, 0xEE53, 0xEE32, 0xEE32, 0xEE32, 0xE611, 0xE611, 0xEE10, 0xEE11,
    0xEE11, 0xEE11, 0xEE11, 0xEE11, 0xEE11, 0xEE12, 0xE5F1, 0xE5D0, 0xEDF0, 0xE5AF, 0xE5AE, 0xE5AE, 0xE5AE, 0xE5AE, 0xE58D, 0xE58D,
    0xE58D, 0xDD4C, 0xD50B, 0xDD0B, 0xDD0B, 0xD4CB, 0xCC49, 0xCC6A, 0xD4AB, 0xD48B, 0xD48B, 0xCC6A, 0xC409, 0xC409, 0xBBC8, 0xBBC8,
    0xBBC8, 0xBBA7, 0xBBA7, 0xBBA7, 0xB386, 0xC3E8, 0xCC69, 0xCC69, 0xCC69, 0xD4CA, 0xDD0B, 0xDD0B, 0xDD2C, 0xDD4C, 0xDD0B, 0xDD2C,
    0xE5AE, 0xE5AE, 0xE58D, 0xDD6C, 0xDD4C, 0xDD4C, 0xDD4C, 0xDD4C, 0xDD2C, 0xDD2C, 0xDD2B, 0xDD0B, 0xDCCB, 0xD4AA, 0xD4CB, 0xD4CB,
    0xDCAA, 0xD4AA, 0xDCAA, 0xDCAA, 0xDCAA, 0xDCCB, 0xDD2C, 0xDD0C, 0xDD0C, 0xE56D, 0xDD6D, 0xE56D, 0xDD2C, 0xDD2C, 0xDD6D, 0xE5AF,
    0xE56E, 0xDD2C, 0xDD2C, 0xDD4D, 0xDD8E, 0xDD8F, 0xE58F, 0xE58F, 0xE58F, 0xE58F, 0xDD8F, 0xEDF1, 0xAB89, 0x79E4, 0xD54F, 0xD52E,
    0xFEB3, 0xFEB3, 0xFE92, 0xFE72, 0xFE72, 0xFE72, 0xFE72, 0xFE72, 0xFE72, 0xF651, 0xF651, 0xF630, 0xF630, 0xF631, 0xF631, 0xF610,
    0xEE10, 0xF610, 0xF5F0, 0xF610, 0xEE10, 0xF631, 0xF6F4, 0xFF98, 0xFF98, 0xFF78, 0xFF78, 0xFF78, 0xFF98, 0xFF77, 0xFF77, 0xFF77,
    0xFF77, 0xFF78, 0xFF98, 0xFF98, 0xFF98, 0xFF98, 0xFF98, 0xFF98, 0xFFB8, 0xFFB8, 0xFFB9, 0xFFB8, 0xFF98, 0xFF77, 0xFF77, 0xFF77,
    0xFF77, 0xFF98, 0xFFD9, 0xFFB9, 0xFFD9, 0xFFB8, 0xFFB8, 0xFFB8, 0xFFB8, 0xFFB8, 0xFFB8, 0xFFB8, 0xFFB8, 0xFFB8, 0xFFB9, 0xFFB8,
    0xFFD8, 0xFFB9, 0xFFB9, 0xFFD9, 0xFFD9, 0xFFD9, 0xFFF9, 0xFFD9, 0xFFD9, 0xFFF9, 0xFF55, 0xFEB2, 0xFEB2, 0xFED2, 0xFED2, 0xFED2,
    0xFEF2, 0xFF74, 0xCCAA, 0xABA9, 0xFFFC, 0xFFFC, 0xFF34, 0xFE4D, 0xFE4D, 0xFE4D, 0xFE4E, 0xFE4D, 0xFE2D, 0xFF77, 0xFFFB, 0xFFFA,
    0xFFFA, 0xFFFB, 0xFFFC, 0xC4CE, 0x9285, 0xDDF2, 0xE632, 0xF695, 0xF6B5, 0xF6B5, 0xEE95, 0xEE95, 0xEE95, 0xEE95, 0xEE94, 0xEE94,
    0xEE75, 0xEE95, 0xEE75, 0xEE34, 0xEE34, 0xE633, 0xEE34, 0xEE74, 0xEE74, 0xEE54, 0xEE53, 0xEE54, 0xEE54, 0xEE53, 0xEE54, 0xEE54,
    0xEE54, 0xEE54, 0xEE54, 0xEE54, 0xEE54, 0xEE54, 0xEE53, 0xEE53, 0xEE53, 0xEE33, 0xE611, 0xE611, 0xE611, 0xEE10, 0xEE10, 0xE610,
    0xE611, 0xEE11, 0xEE11, 0xEE11, 0xEE11, 0xEE11, 0xEDF1, 0xE5CF, 0xE5CF, 0xE5CF, 0xE5CF, 0xE5AE, 0xE58D, 0xE58D, 0xE5AE, 0xE56D,
    0xDD4C, 0xE58D, 0xE54C, 0xD4EB, 0xD4CB, 0xD4CB, 0xD48A, 0xCC49, 0xC429, 0xCC6A, 0xD48B, 0xCC6A, 0xBBC8, 0xBBC8, 0xBBC8, 0xBBC8,
    0xC3E8, 0xC428, 0xC428, 0xBBC7, 0xB386, 0xC3E8, 0xCC69, 0xCC69, 0xCC69, 0xD4CB, 0xDD0B, 0xDD0B, 0xDD4D, 0xE58E, 0xDD6D, 0xDD2C,
    0xE5AE, 0xE5AE, 0xE58D, 0xDD6C, 0xDD4D, 0xDD4C, 0xDD4C, 0xDD4C, 0xDD2C, 0xDD0C, 0xD48A, 0xDCAB, 0xDCEB, 0xD4CB, 0xD4CB, 0xD4CB,
    0xDCCA, 0xD4AA, 0xD4AA, 0xD4EB, 0xD4CA, 0xD4CA, 0xDD2C, 0xDD4C, 0xDD4D, 0xDD4D, 0xE56D, 0xDD6D, 0xDD2D, 0xDD0C, 0xDD2C, 0xE56D,
    0xDD6D, 0xDD4C, 0xDD2C, 0xDD2C, 0xDD6E, 0xDD8F, 0xE58F, 0xE58F, 0xE58F, 0xE5B0, 0xDD8F, 0xEE11, 0xABA9, 0x7A04, 0xCD2E, 0xCD0E,
    0xF672, 0xFE92, 0xFE92, 0xFE92, 0xFE72, 0xFE72, 0xFE72, 0xF651, 0xF630, 0xF610, 0xEDCF, 0xEDCF, 0xF611, 0xF631, 0xF631, 0xF631,
    0xF631, 0xF630, 0xF631, 0xFE51, 0xF651, 0xF6B3, 0xFF77, 0xFF97, 0xFF78, 0xFF77, 0xFF78, 0xFF98, 0xFF98, 0xFF77, 0xFF77, 0xFF77,
    0xFF77, 0xFF77, 0xFF78, 0xFF98, 0xFF98, 0xFF98, 0xFF97, 0xFF77, 0xFF97, 0xFFB8, 0xFFB8, 0xFF98, 0xFF77, 0xFF97, 0xFF97, 0xFFB8,
    0xFFB9, 0xFFD9, 0xFFD9, 0xFFFA, 0xFFFA, 0xFFF9, 0xFFB8, 0xFF98, 0xFFB8, 0xFFB8, 0xFFB8, 0xFFB8, 0xFFB8, 0xFFB9, 0xFFD9, 0xFFD9,
    0xFFB9, 0xFFD9, 0xFFD9, 0xFFD9, 0xFFD9, 0xFFD9, 0xFFD9, 0xFFD9, 0xFFD9, 0xFFD9, 0xFFD9, 0xFF96, 0xFF54, 0xFED2, 0xFEB1, 0xFEF2,
    0xFEF2, 0xFF73, 0xCCAA, 0xABC9, 0xFFFC, 0xFFFB, 0xFF33, 0xFE4D, 0xFE6E, 0xFE8E, 0xFE6E, 0xFE4D, 0xFE2D, 0xFF97, 0xFFFB, 0xFFDA,
    0xFFFA, 0xFFDA, 0xFFFA, 0xFFFB, 0xE6D6, 0x92E5, 0xA3A7, 0xEE53, 0xE633, 0xEE53, 0xF6B5, 0xF6B5, 0xF695, 0xEE95, 0xEE94, 0xEE94,
    0xEE74, 0xEE95, 0xEE75, 0xEE34, 0xEE34, 0xEE34, 0xEE54, 0xEE53, 0xEE53, 0xEE53, 0xEE53, 0xEE53, 0xEE54, 0xEE53, 0xEE53, 0xEE53,
    0xEE54, 0xEE54, 0xEE54, 0xEE54, 0xEE54, 0xEE54, 0xEE54, 0xEE32, 0xEE32, 0xEE33, 0xE611, 0xE610, 0xE610, 0xE610, 0xEE10, 0xE5F0,
    0xE5F0, 0xE611, 0xE5F0, 0xEE11, 0xEE12, 0xEE11, 0xEE11, 0xEE11, 0xEDF0, 0xE5CF, 0xE5CF, 0xE5AF, 0xE58E, 0xDD4C, 0xDD2C, 0xDD0B,
    0xD4CB, 0xDD0B, 0xE52C, 0xDD0B, 0xD4AA, 0xD4AA, 0xD4AB, 0xD48A, 0xCC49, 0xC408, 0xCC29, 0xCC29, 0xBBC8, 0xBBA8, 0xBBA8, 0xBBA8,
    0xC3E8, 0xC428, 0xCC28, 0xBBE8, 0xB386, 0xBBE8, 0xD48A, 0xD4AA, 0xCC89, 0xD4CA, 0xDD2B, 0xDD0B, 0xE56D, 0xE5AE, 0xE58E, 0xE58D,
    0xE5AE, 0xE5AE, 0xE5AE, 0xE58E, 0xDD6D, 0xDD4C, 0xDD4C, 0xDD4C, 0xDD4C, 0xDD2C, 0xD4AB, 0xD48A, 0xD4CB, 0xDCCB, 0xDCCB, 0xDCCB,
    0xD4CB, 0xD4AA, 0xD4AA, 0xDD2C, 0xDD0B, 0xD4CB, 0xDD2C, 0xDD6D, 0xDD4D, 0xDD4D, 0xDD4D, 0xDD4D, 0xDD4D, 0xDD0C, 0xDD2C, 0xDD2C,
    0xDD2C, 0xDD4C, 0xDD2C, 0xDD2C, 0xDD6E, 0xE58F, 0xE58F, 0xE590, 0xE5B0, 0xE5B0, 0xDD90, 0xE611, 0xA368, 0x71A3, 0xD54F, 0xCD4F,
    0xF651, 0xFE92, 0xFE92, 0xFE92, 0xFE92, 0xFE72, 0xFE92, 0xF651, 0xF651, 0xF651, 0xF631, 0xF631, 0xF651, 0xF631, 0xF631, 0xF651,
    0xFE71, 0xF651, 0xF651, 0xFE51, 0xFE92, 0xFF56, 0xFF77, 0xFF57, 0xFF77, 0xFF77, 0xFF98, 0xFF98, 0xFF98, 0xFF98, 0xFF77, 0xFF56,
    0xFF56, 0xFF77, 0xFF77, 0xFF77, 0xFF97, 0xFF77, 0xFF77, 0xFF77, 0xFF97, 0xFFB8, 0xFFB8, 0xFF97, 0xFF77, 0xFF97, 0xFF98, 0xFFB8,
    0xFFD9, 0xFFD9, 0xFFF9, 0xFFFA, 0xFFFA, 0xFFD9, 0xFFB8, 0xFFB8, 0xFFB8, 0xFFB8, 0xFFB8, 0xFFB8, 0xFFB8, 0xFFB9, 0xFFD9, 0xFFD9,
    0xFFD9, 0xFFDA, 0xFFD9, 0xFFD9, 0xFFD9, 0xFFD9, 0xFFD9, 0xFFD9, 0xFFD9, 0xFFD9, 0xFFFA, 0xFF97, 0xFED2, 0xFEB2, 0xFEF2, 0xFEF2,
    0xFEB2, 0xFF53, 0xC449, 0xA389, 0xFFFC, 0xFFF9, 0xFF13, 0xFEB0, 0xFEF1, 0xFED1, 0xFE6F, 0xFE4D, 0xF64D, 0xFF97, 0xFFFA, 0xFFDA,
    0xFFDA, 0xFFFA, 0xFFDA, 0xFFFB, 0xF778, 0xEEB5, 0xDDF2, 0x92A6, 0x8203, 0xBC6C, 0xFEF6, 0xEE94, 0xF695, 0xF695, 0xEE95, 0xEE94,
    0xEE95, 0xEE95, 0xEE95, 0xEE54, 0xEE74, 0xEE74, 0xEE53, 0xEE53, 0xEE33, 0xEE53, 0xEE53, 0xEE53, 0xEE54, 0xEE54, 0xEE53, 0xEE53,
    0xEE53, 0xEE54, 0xEE54, 0xEE54, 0xEE54, 0xEE54, 0xEE54, 0xE632, 0xE631, 0xEE32, 0xE611, 0xE610, 0xE610, 0xE610, 0xEE10, 0xE5F0,
    0xE5AF, 0xE5D0, 0xE5F0, 0xE5F0, 0xEE11, 0xEE11, 0xE611, 0xEE11, 0xEE11, 0xE5CF, 0xE5AF, 0xE5AF, 0xEDCF, 0xDD4C, 0xD4AA, 0xD4CA,
    0xD4CA, 0xD4CA, 0xD4CB, 0xD4CA, 0xD4AA, 0xD4AA, 0xD4AA, 0xD4CB, 0xCC6A, 0xBBE8, 0xC3E8, 0xBBC8, 0xBBA8, 0xBBC8, 0xBBC8, 0xBBC8,
    0xC408, 0xC428, 0xBBC8, 0xBBC8, 0xBBA7, 0xBBE7, 0xD4CA, 0xDD0B, 0xD4AA, 0xD4CA, 0xDD2C, 0xDD0C, 0xE56D, 0xE5AE, 0xE5AE, 0xE5AF,
    0xE5AF, 0xE5AF, 0xE5CF, 0xE5AF, 0xE56D, 0xDD4C, 0xE54C, 0xDD4C, 0xDD4C, 0xE54D, 0xDCCB, 0xD48A, 0xD48A, 0xD4AA, 0xDCCB, 0xDCEB,
    0xD4EB, 0xD4CB, 0xD4AA, 0xDD2C, 0xDD4D, 0xDD0C, 0xDD0C, 0xDD4D, 0xDD4D, 0xDD6D, 0xDD2C, 0xDD2C, 0xDD4C, 0xDD2C, 0xDD2C, 0xDD2C,
    0xDD2C, 0xDD2C, 0xDD2D, 0xDD4D, 0xDD6E, 0xDD8F, 0xE5B0, 0xE5B0, 0xDD8F, 0xE5D0, 0x9B27, 0x79E3, 0x9B07, 0xABEA, 0xCD2E, 0xCD2F,
    0xFEB2, 0xFE92, 0xFE92, 0xFE92, 0xFE92, 0xFE92, 0xFE92, 0xFE72, 0xFE92, 0xFE92, 0xFE72, 0xF672, 0xF672, 0xF651, 0xF631, 0xF631,
    0xF631, 0xF651, 0xF651, 0xFE31, 0xF630, 0xEE10, 0xF672, 0xFF56, 0xFF77, 0xFF77, 0xFF57, 0xFF56, 0xFF36, 0xFF36, 0xFF36, 0xFF35,
    0xFF36, 0xFF57, 0xFF77, 0xFF77, 0xFF97, 0xFF97, 0xFF97, 0xFF98, 0xFF97, 0xFF97, 0xFF97, 0xFF97, 0xFF97, 0xFF98, 0xFF98, 0xFFB8,
    0xFFB8, 0xFFB8, 0xFFD9, 0xFFD9, 0xFFD9, 0xFFD9, 0xFFD9, 0xFFD9, 0xFFD9, 0xFFD9, 0xFFB9, 0xFFD9, 0xFFD9, 0xFFB9, 0xFFB9, 0xFFB9,
    0xFFB9, 0xFFD9, 0xFFB9, 0xFFB9, 0xFFD9, 0xFFD9, 0xFFD9, 0xFFD9, 0xFFD9, 0xFFD9, 0xFFDA, 0xFF97, 0xFED2, 0xFED2, 0xFF13, 0xFEF2,
    0xFE91, 0xFEF2, 0xDD8D, 0xBC6B, 0xC4EE, 0xF777, 0xFFB9, 0xFFB8, 0xFF55, 0xFED2, 0xFED2, 0xF66F, 0xFE4E, 0xFFB8, 0xFFFA, 0xFFDA,
    0xFFFA, 0xFFFA, 0xFFFA, 0xFFFA, 0xF758, 0xFF38, 0xEE94, 0xC4AD, 0xCCCD, 0xABC9, 0x9AE6, 0xBC8D, 0xF6F6, 0xEE74, 0xEE94, 0xEE94,
    0xEE95, 0xEE95, 0xF695, 0xF695, 0xF695, 0xEE75, 0xEE54, 0xEE54, 0xEE54, 0xEE33, 0xEE33, 0xEE54, 0xEE54, 0xEE54, 0xEE54, 0xEE54,
    0xEE53, 0xEE33, 0xEE54, 0xEE54, 0xEE54, 0xEE54, 0xEE53, 0xEE53, 0xE611, 0xEE11, 0xEE11, 0xE611, 0xE610, 0xE610, 0xE611, 0xE610,
    0xE5CF, 0xE5D0, 0xEE11, 0xE5F0, 0xEE11, 0xEE11, 0xEE11, 0xEE11, 0xEE11, 0xE5CF, 0xE5CF, 0xE58E, 0xE5AE, 0xE58E, 0xDD0B, 0xD4CA,
    0xD4CA, 0xD4CA, 0xD4CA, 0xD4CA, 0xD4CB, 0xD4AA, 0xD4AA, 0xC408, 0xC408, 0xC3E8, 0xBBE8, 0xBBE8, 0xBBA8, 0xBBC7, 0xCC29, 0xCC29,
    0xCC49, 0xC409, 0x8A43, 0xAB26, 0xBBE8, 0xBBC7, 0xD4AA, 0xDD0C, 0xD4EB, 0xDCEB, 0xDD2C, 0xDD2C, 0xDD8D, 0xDDAF, 0xDDAE, 0xDDAF,
    0xE5AF, 0xE5AF, 0xE5AF, 0xE5CF, 0xE56D, 0xE54D, 0xE54C, 0xDD4D, 0xDD0C, 0xDD0C, 0xDCCB, 0xD48A, 0xD48A, 0xD48A, 0xD48A, 0xD4AA,
    0xDCEB, 0xDCEB, 0xDCEB, 0xDD0B, 0xDD4D, 0xDD4D, 0xDD2C, 0xDD2C, 0xDD4D, 0xE56D, 0xDD4D, 0xDD0C, 0xDD2C, 0xDD2C, 0xDD2C, 0xDD2C,
    0xDD2D, 0xDD4D, 0xDD6E, 0xE590, 0xDD6E, 0xDD8F, 0xE5B0, 0xE5B0, 0xE590, 0xEDF0, 0x8A85, 0x7A04, 0xD52E, 0xD54F, 0xCD2E, 0xCD2E,
    0xFE92, 0xF672, 0xF651, 0xF672, 0xF692, 0xFE92, 0xFE92, 0xFE72, 0xFE92, 0xFE72, 0xF651, 0xF651, 0xF651, 0xF651, 0xF651, 0xF631,
    0xF630, 0xF630, 0xF630, 0xF630, 0xEE10, 0xEDF0, 0xF672, 0xFF77, 0xFF57, 0xFF56, 0xF736, 0xF6F5, 0xF6F5, 0xF6F5, 0xF6D5, 0xFF36,
    0xFF77, 0xFF98, 0xFF98, 0xFF98, 0xFFB9, 0xFFB8, 0xFFB9, 0xFFB9, 0xFF98, 0xFF97, 0xFF97, 0xFFB8, 0xFFB8, 0xFFB8, 0xFFB8, 0xFFB8,
    0xFF98, 0xFF98, 0xFF98, 0xFFB8, 0xFFB9, 0xFFD9, 0xFFD9, 0xFFD9, 0xFFD9, 0xFFD9, 0xFFD9, 0xFFB8, 0xFFB8, 0xFFB8, 0xFFB8, 0xFFB8,
    0xFFB8, 0xFFB8, 0xFFB8, 0xFFB9, 0xFFD9, 0xFFD9, 0xFFF9, 0xFFF9, 0xFFD9, 0xFFD9, 0xFFD8, 0xFF76, 0xFED2, 0xFE91, 0xFE91, 0xFEB1,
    0xFEB1, 0xFEB1, 0xFF33, 0xEE0F, 0x9A22, 0xEF16, 0xFFD9, 0xFFB9, 0xFF56, 0xFED3, 0xFED2, 0xF64F, 0xF62D, 0xF6F3, 0xFFFB, 0xFFDA,
    0xFFFA, 0xFFDA, 0xFFFA, 0xFFFB, 0xF758, 0xF6F6, 0xEE94, 0xE612, 0xE632, 0xD54F, 0xC48C, 0x92E6, 0x9307, 0xE633, 0xFF16, 0xEE95,
    0xEE95, 0xEE95, 0xF695, 0xF695, 0xF695, 0xF675, 0xEE74, 0xF695, 0xF695, 0xEE54, 0xEE54, 0xEE54, 0xEE54, 0xEE54, 0xEE54, 0xEE54,
    0xEE54, 0xEE34, 0xEE54, 0xEE54, 0xEE54, 0xEE54, 0xEE53, 0xEE53, 0xEE52, 0xEE31, 0xEE31, 0xE611, 0xE611, 0xE611, 0xE610, 0xE611,
    0xE5F0, 0xE5D0, 0xEE11, 0xEE11, 0xEE11, 0xE611, 0xEE11, 0xEE11, 0xEE11, 0xEDF0, 0xEDF0, 0xE58D, 0xDD6D, 0xE56D, 0xDD6C, 0xDD2C,
    0xD4EB, 0xD4CB, 0xD4CA, 0xD4CA, 0xD4CA, 0xD4AA, 0xD4AA, 0xC3E8, 0xBBE8, 0xBBE8, 0xC3E8, 0xBBE8, 0xC408, 0xC408, 0xCC29, 0xCC29,
    0xCC49, 0xC429, 0x8A43, 0xAB26, 0xC408, 0xC408, 0xD4AA, 0xDD0C, 0xDD0C, 0xDD2C, 0xDD2C, 0xDD2C, 0xE56E, 0xE5CF, 0xE5CF, 0xE5AF,
    0xE5AF, 0xE5AF, 0xE5AF, 0xE5CF, 0xE58E, 0xE54D, 0xDD0C, 0xDD0C, 0xDCEB, 0xDCCB, 0xDCCB, 0xDCCB, 0xD48A, 0xD48A, 0xD48A, 0xD48A,
    0xDCCB, 0xDCEB, 0xDCEB, 0xDD0B, 0xDD4D, 0xDD4D, 0xDD4D, 0xDD4D, 0xDD4D, 0xE54D, 0xDD4C, 0xDD2C, 0xDD2C, 0xDD2C, 0xDD2C, 0xDD2C,
    0xDD4C, 0xE58F, 0xE5B1, 0xE5B1, 0xE5B0, 0xDD90, 0xDD90, 0xDD8F, 0xE5D0, 0xF652, 0x8A65, 0x8245, 0xD56F, 0xCD0E, 0xCD2E, 0xCD2E,
    0xFE72, 0xFE92, 0xF631, 0xF631, 0xF651, 0xFE92, 0xFE92, 0xFE92, 0xFE92, 0xFE72, 0xF651, 0xF651, 0xF631, 0xF631, 0xF610, 0xF5F0,
    0xF610, 0xF630, 0xF630, 0xF630, 0xF631, 0xEE10, 0xF651, 0xFEF5, 0xFF36, 0xFF36, 0xFF56, 0xFF56, 0xFF56, 0xFF36, 0xFF36, 0xFF77,
    0xFFB8, 0xFFB9, 0xFFB9, 0xFFB9, 0xFFD9, 0xFFD9, 0xFFD9, 0xFFDA, 0xFFB9, 0xFF98, 0xFF97, 0xFF97, 0xFF98, 0xFF97, 0xFF97, 0xFF77,
    0xFF97, 0xFF97, 0xFF97, 0xFFB8, 0xFFD9, 0xFFD9, 0xFFD9, 0xFFD9, 0xFFD9, 0xFFB8, 0xFFB8, 0xFFB8, 0xFFB8, 0xFFB8, 0xFFB8, 0xFFB8,
    0xFFB8, 0xFFB8, 0xFFB8, 0xFFB9, 0xFFD9, 0xFFD9, 0xFFD9, 0xFFD9, 0xFFD8, 0xFFB8, 0xFFB7, 0xFF34, 0xFF13, 0xFF12, 0xFED2, 0xFED2,
    0xFEB1, 0xFEB1, 0xFEF2, 0xE5AE, 0x9243, 0xFF98, 0xFFDA, 0xFFB9, 0xFF56, 0xFEF3, 0xFEB2, 0xF60E, 0xF60D, 0xF670, 0xFFB9, 0xFFBA,
    0xFFDA, 0xFFDA, 0xFFBA, 0xFF99, 0xFF58, 0xE653, 0xE5F2, 0xDDD1, 0xDDD1, 0xDDB0, 0xD54E, 0xB42B, 0xA347, 0xA389, 0xB44C, 0xEE74,
    0xF6B5, 0xEE74, 0xF675, 0xF695, 0xF675, 0xF695, 0xF695, 0xEE95, 0xEE94, 0xEE74, 0xEE74, 0xEE74, 0xEE54, 0xEE54, 0xEE54, 0xEE54,
    0xEE54, 0xEE34, 0xEE53, 0xEE73, 0xEE73, 0xEE53, 0xEE53, 0xEE53, 0xEE53, 0xEE53, 0xEE53, 0xEE53, 0xEE53, 0xE611, 0xE610, 0xE610,
    0xEE11, 0xEE10, 0xE610, 0xEE11, 0xEE11, 0xE610, 0xE5F0, 0xEE10, 0xE5F0, 0xE5F0, 0xEDF0, 0xE58E, 0xDD4C, 0xDD4C, 0xDD4C, 0xE54C,
    0xDD2C, 0xDD2B, 0xD4CA, 0xD4CA, 0xD4CA, 0xD4AB, 0xD4AA, 0xC429, 0xBBE8, 0xC3E8, 0xC3E8, 0xBBE8, 0xC409, 0xCC49, 0xCC49, 0xCC49,
    0xCC49, 0xCC29, 0x8A43, 0xAB46, 0xCC49, 0xC408, 0xD4AA, 0xDD2C, 0xDD0C, 0xDD2C, 0xDD8E, 0xE58E, 0xE5AE, 0xE5AF, 0xE5AF, 0xE5AF,
    0xE5CF, 0xE5AF, 0xDD6E, 0xE5AF, 0xE58E, 0xE54D, 0xDCEC, 0xDCEB, 0xDCEB, 0xDCCB, 0xDCCB, 0xDCEB, 0xD4AB, 0xD48A, 0xD48A, 0xD48A,
    0xD4AA, 0xDCEB, 0xDCEB, 0xDD0B, 0xDD2C, 0xDD4D, 0xDD4D, 0xDD6D, 0xE54D, 0xDD4D, 0xDD2C, 0xDD2C, 0xDD2C, 0xDD2C, 0xDD2C, 0xDD2C,
    0xDD4D, 0xE58F, 0xE5D1, 0xE5B0, 0xE5B0, 0xE5B0, 0xE5B0, 0xEDF1, 0xB40A, 0x9B48, 0x9AE7, 0x9B06, 0xD50E, 0xCD2E, 0xCD2E, 0xCD2E,
    0xFEB2, 0xFEB2, 0xFE92, 0xFE72, 0xFE92, 0xFE92, 0xFE92, 0xFE92, 0xFE72, 0xFE72, 0xF651, 0xFE51, 0xF631, 0xF631, 0xF610, 0xF5F0,
    0xF631, 0xFE71, 0xFE71, 0xF651, 0xF631, 0xEDCF, 0xEDD0, 0xEE31, 0xFF15, 0xFF36, 0xFF77, 0xFF77, 0xFF56, 0xFF56, 0xFF56, 0xFF77,
    0xFF77, 0xFFB9, 0xFFD9, 0xFFD9, 0xFFD9, 0xFFD9, 0xFFD9, 0xFFD9, 0xFFD9, 0xFFB8, 0xFF97, 0xFF77, 0xFF98, 0xFF98, 0xFF97, 0xFF77,
    0xFF77, 0xFF97, 0xFFB8, 0xFFB8, 0xFFD9, 0xFFB8, 0xFFB8, 0xFFB8, 0xFFB8, 0xFF98, 0xFF98, 0xFFB8, 0xFFB8, 0xFFB8, 0xFFB9, 0xFFD9,
    0xFFD9, 0xFFD9, 0xFFD9, 0xFFD9, 0xFFD9, 0xFFD9, 0xFFD9, 0xFFD9, 0xFFB8, 0xFFB8, 0xFF98, 0xFF35, 0xFF14, 0xFED2, 0xFED2, 0xFED2,
    0xFEB1, 0xFEB1, 0xFED2, 0xF630, 0xBBE9, 0xA3CA, 0xE6D5, 0xFFFA, 0xFF16, 0xFEF4, 0xF691, 0xEDCD, 0xEDAD, 0xEE0E, 0xE610, 0xF777,
    0xFFFB, 0xFFFB, 0xFFDA, 0xF717, 0xEE94, 0xDDF2, 0xDDD1, 0xE5D1, 0xDDB0, 0xD54E, 0xD52D, 0xDD6E, 0xC4CD, 0x9284, 0x9AC6, 0xE613,
    0xE612, 0xF6B5, 0xF6B5, 0xEE74, 0xF695, 0xF6B5, 0xF695, 0xF674, 0xEE94, 0xF695, 0xF674, 0xEE74, 0xEE74, 0xEE74, 0xEE74, 0xEE54,
    0xEE74, 0xEE34, 0xEE54, 0xEE74, 0xEE74, 0xEE54, 0xEE54, 0xEE54, 0xEE73, 0xEE53, 0xEE53, 0xEE53, 0xEE53, 0xE632, 0xE611, 0xEE11,
    0xEE11, 0xEE11, 0xEE11, 0xEE11, 0xEE11, 0xEE11, 0xEE10, 0xE5F0, 0xE5F0, 0xE5D0, 0xE5CF, 0xE5CF, 0xE5AE, 0xDD6D, 0xDD4D, 0xDD2C,
    0xDD0B, 0xDCEB, 0xDCEB, 0xDCEB, 0xD4AA, 0xC408, 0xC409, 0xC408, 0xC3E8, 0xC3E8, 0xC3E8, 0xC3E8, 0xC429, 0xCC49, 0xCC49, 0xCC49,
    0xCC49, 0xCC29, 0x8A43, 0xAB46, 0xCC49, 0xC408, 0xD4AB, 0xDD2C, 0xDD0C, 0xDD2C, 0xDD8E, 0xDDAF, 0xE5AF, 0xE5AF, 0xE5AF, 0xE5AF,
    0xE5AF, 0xE5CF, 0xE56E, 0xDD4D, 0xE56D, 0xE54D, 0xDCEB, 0xDCEB, 0xDCEB, 0xD4CB, 0xD4AB, 0xD4CB, 0xDCEB, 0xD4CB, 0xD48A, 0xD48A,
    0xD4AA, 0xDD0C, 0xDD0C, 0xDD0C, 0xDD0C, 0xE54D, 0xDD4D, 0xDD6D, 0xDD6D, 0xDD4D, 0xDD2C, 0xDD2C, 0xDD2C, 0xDD4E, 0xDD6E, 0xDD6D,
    0xDD4D, 0xE58F, 0xE5D1, 0xE5B1, 0xE5B1, 0xE5B0, 0xD54E, 0xB42B, 0x8264, 0x6100, 0xBBA8, 0xC42A, 0xBC09, 0xBC2A, 0xC48C, 0xCD4F,
    0xFEB2, 0xFEB2, 0xFE92, 0xFE92, 0xFE92, 0xFE72, 0xFE72, 0xFE72, 0xF671, 0xF651, 0xFE71, 0xFE51, 0xF631, 0xF651, 0xF651, 0xF651,
    0xF671, 0xF630, 0xEDCF, 0xEDF0, 0xEDEF, 0xEE10, 0xF651, 0xF631, 0xF6B3, 0xF715, 0xFF77, 0xFF57, 0xFF56, 0xFF56, 0xFF56, 0xFF77,
    0xFF77, 0xFFB9, 0xFFB9, 0xFFD9, 0xFFD9, 0xFFD9, 0xFFD9, 0xFFD9, 0xFFD9, 0xFFB9, 0xFF97, 0xFF98, 0xFFB8, 0xFF98, 0xFF56, 0xFF56,
    0xFF77, 0xFF97, 0xFFB8, 0xFFB8, 0xFFB8, 0xFFB8, 0xFF98, 0xFF77, 0xFF98, 0xFFB8, 0xFFB9, 0xFFD9, 0xFFB9, 0xFFB9, 0xFFD9, 0xFFD9,
    0xFFD9, 0xFFD9, 0xFFD9, 0xFFD9, 0xFFD9, 0xFFD9, 0xFFD9, 0xFFD9, 0xFFD9, 0xFFD9, 0xFFD9, 0xFFD9, 0xFF96, 0xFEF3, 0xFE71, 0xFE91,
    0xFEB1, 0xFEB1, 0xFEB1, 0xFED2, 0xFF13, 0x92A4, 0xB46C, 0xEED5, 0xFF36, 0xFED4, 0xEE10, 0xE52D, 0xDCEC, 0xE58D, 0xE5D0, 0xF6F5,
    0xF757, 0xF737, 0xF757, 0xEE94, 0xDDF1, 0xDDD1, 0xDDD1, 0xDDB0, 0xD54E, 0xD52E, 0xD52E, 0xCD0D, 0xCD0D, 0xDDAF, 0xABC9, 0x6941,
    0x71A2, 0x9B28, 0xBC8D, 0xF6D5, 0xEE33, 0xDDB1, 0xE633, 0xF694, 0xF6B5, 0xEE75, 0xEE74, 0xEE74, 0xEE74, 0xEE74, 0xF675, 0xEE75,
    0xEE74, 0xEE74, 0xEE74, 0xEE74, 0xEE74, 0xEE74, 0xEE54, 0xEE54, 0xEE73, 0xEE53, 0xEE53, 0xEE53, 0xEE53, 0xEE53, 0xEE53, 0xEE31,
    0xE610, 0xE611, 0xE610, 0xEE10, 0xEE11, 0xEE11, 0xEE10, 0xE5CF, 0xE5F0, 0xE5EF, 0xE5CF, 0xE5CF, 0xE5AE, 0xE56D, 0xE56D, 0xE54C,
    0xD4EB, 0xD4CA, 0xD4CA, 0xDCCA, 0xCC69, 0xBBC7, 0xC3E8, 0xC3E8, 0xC3E8, 0xC408, 0xCC49, 0xCC49, 0xCC49, 0xCC49, 0xCC49, 0xCC49,
    0xCC49, 0xCC29, 0x8A23, 0xAB46, 0xCC69, 0xC408, 0xCC8A, 0xDD0C, 0xDD4D, 0xDD6E, 0xE58E, 0xDDAF, 0xDDAF, 0xE5AF, 0xE5AF, 0xE5AF,
    0xE5AF, 0xE5CF, 0xE5AF, 0xDD2D, 0xDD2D, 0xDD2C, 0xDCEB, 0xD4CB, 0xD4CB, 0xD4CB, 0xD4AB, 0xD4AB, 0xD4CB, 0xDCEB, 0xD4CB, 0xD4AA,
    0xD4AA, 0xDD0C, 0xDD0C, 0xDD0C, 0xDD2C, 0xDD2C, 0xDD4D, 0xDD4D, 0xDD6D, 0xDD4D, 0xDD2C, 0xDD2C, 0xDD2C, 0xE5B0, 0xE5D1, 0xE5B0,
    0xE5B0, 0xE5D1, 0xE5D1, 0xE5D1, 0xE5B0, 0xEDF1, 0xDD8F, 0x6140, 0x92A5, 0xB3A8, 0xBBA8, 0xBBE9, 0xBBE9, 0xBBC9, 0xBC0A, 0xC46B,
    0xFE71, 0xFE71, 0xF651, 0xF651, 0xF610, 0xEDF0, 0xFE51, 0xF651, 0xF631, 0xF630, 0xF651, 0xFE71, 0xFE72, 0xFE72, 0xFE72, 0xFE72,
    0xFE71, 0xF631, 0xEE10, 0xF672, 0xFE92, 0xFE92, 0xF651, 0xEE10, 0xEE31, 0xFEF5, 0xFF57, 0xFF56, 0xFF57, 0xFF77, 0xFF77, 0xFF77,
    0xFF98, 0xFFD9, 0xFFD9, 0xFFD9, 0xFFD9, 0xFFD9, 0xFFD9, 0xFFD9, 0xFFB9, 0xFFB8, 0xFF98, 0xFFB8, 0xFFB8, 0xFF76, 0xFF76, 0xFFB8,
    0xFFB8, 0xFFB8, 0xFFB8, 0xFFB8, 0xFFB8, 0xFFB8, 0xFF98, 0xFF77, 0xFF98, 0xFFB8, 0xFFB8, 0xFFB8, 0xFFB9, 0xFFD9, 0xFFD9, 0xFFD9,
    0xFFD9, 0xFFD9, 0xFFB9, 0xFFB9, 0xFFB9, 0xFFB9, 0xFFD9, 0xFFD9, 0xFFD9, 0xFFD9, 0xFFD9, 0xFFB9, 0xFFD8, 0xFF34, 0xF651, 0xFE91,
    0xFEB1, 0xFEB1, 0xFEB1, 0xFEB1, 0xFEB1, 0xF670, 0x9263, 0x92C6, 0xFF98, 0xF6F5, 0xEDEF, 0xE52D, 0xDCEC, 0xDD4D, 0xE5D0, 0xE5D1,
    0xDDD1, 0xDDD1, 0xDDD1, 0xDDD1, 0xDDD1, 0xDDD1, 0xDDF1, 0xD58F, 0xD52E, 0xD52E, 0xD52E, 0xD54E, 0xD56F, 0xABA8, 0x8203, 0x7161,
    0x81C3, 0x7140, 0x92C6, 0xE5F2, 0xB40B, 0x7160, 0xBC6C, 0xF6B5, 0xABE9, 0xEE74, 0xFEF6, 0xF695, 0xEE74, 0xEE74, 0xEE74, 0xEE74,
    0xEE75, 0xEE74, 0xEE74, 0xEE74, 0xEE54, 0xEE74, 0xEE73, 0xEE74, 0xEE74, 0xEE53, 0xEE53, 0xEE53, 0xEE53, 0xEE53, 0xEE53, 0xEE31,
    0xE611, 0xEE11, 0xEE11, 0xE611, 0xE5F0, 0xE5CF, 0xEE10, 0xE5CF, 0xE5CF, 0xE5CF, 0xEDCF, 0xE58E, 0xDD4D, 0xD4CB, 0xD4CA, 0xDCEB,
    0xDCEB, 0xDCEA, 0xC448, 0xC408, 0xC408, 0xC3E8, 0xC3E8, 0xC3E8, 0xC3E8, 0xCC49, 0xCC49, 0xCC49, 0xCC49, 0xCC49, 0xCC69, 0xCC69,
    0xD48A, 0xCC69, 0x8A22, 0xAB67, 0xD4EC, 0xD4CB, 0xD4CB, 0xD4EC, 0xDD6E, 0xE5D0, 0xE5AF, 0xDDAF, 0xDDAF, 0xE5AF, 0xE5AF, 0xE5AF,
    0xE5AF, 0xE5AF, 0xE58F, 0xE56E, 0xDD2C, 0xD4CB, 0xD4CB, 0xD4CB, 0xD4AB, 0xD4AB, 0xD4AA, 0xD4AA, 0xD4AA, 0xD4CB, 0xDD2C, 0xDCEB,
    0xD4AA, 0xDD0C, 0xDD4C, 0xDD4C, 0xDD4D, 0xDD4D, 0xDD4D, 0xDD6D, 0xDD6D, 0xDD4D, 0xDD4D, 0xDD4C, 0xDD2C, 0xE5B0, 0xE5D2, 0xE5D1,
    0xE5D1, 0xE5D1, 0xE5D1, 0xE5D1, 0xEDF1, 0xC48C, 0xA389, 0x7181, 0x9AC6, 0xCC2A, 0xBBC9, 0xBBE9, 0xBBE9, 0xBBE9, 0xBBE9, 0xBBE9,
    0xF610, 0xF630, 0xF630, 0xF610, 0xEDD0, 0xEDCF, 0xF610, 0xF610, 0xF610, 0xF610, 0xF631, 0xF651, 0xF651, 0xF672, 0xFE92, 0xFE72,
    0xFE72, 0xFE71, 0xFE71, 0xF672, 0xF671, 0xF630, 0xEE10, 0xEE10, 0xF672, 0xFEF5, 0xFF57, 0xFF36, 0xFF56, 0xFF77, 0xFF97, 0xFF98,
    0xFF98, 0xFFD9, 0xFFFA, 0xFFDA, 0xFFDA, 0xFFDA, 0xFFD9, 0xFFD9, 0xFFB9, 0xFFB8, 0xFF98, 0xFF98, 0xFF77, 0xFF56, 0xFF98, 0xFFFA,
    0xFFDA, 0xFFDA, 0xFFD9, 0xFFB8, 0xFF98, 0xFF98, 0xFF97, 0xFF98, 0xFF98, 0xFF98, 0xFF98, 0xFF98, 0xFF98, 0xFFB8, 0xFFB8, 0xFFB8,
    0xFFB9, 0xFFD9, 0xFFD9, 0xFFD9, 0xFFF9, 0xFFD9, 0xFFD9, 0xFFD9, 0xFFD9, 0xFFD9, 0xFFD9, 0xFFB8, 0xFF76, 0xFF13, 0xFEB2, 0xFED2,
    0xFED2, 0xFED2, 0xFEB1, 0xFEB1, 0xFEB1, 0xFED2, 0xD54D, 0xBC4A, 0xA2E6, 0xC4AC, 0xF692, 0xDD6D, 0xDCEC, 0xD4EC, 0xDD8F, 0xE5D1,
    0xDDD0, 0xDDD1, 0xDDD1, 0xDDD1, 0xDDB0, 0xD56F, 0xD56F, 0xD54F, 0xD56F, 0xD56F, 0xD52E, 0xBC4B, 0xBC6B, 0x8A64, 0x7181, 0x9AC5,
    0xB388, 0xB388, 0xA2E6, 0x8203, 0x8A23, 0x81C2, 0x9AC6, 0xAB88, 0x9AE5, 0xC4AC, 0xC4AD, 0xE612, 0xF6D5, 0xF6B5, 0xF695, 0xEE75,
    0xEE74, 0xEE74, 0xEE74, 0xEE74, 0xEE74, 0xEE74, 0xEE74, 0xEE74, 0xEE74, 0xEE74, 0xEE74, 0xEE53, 0xEE53, 0xEE53, 0xEE53, 0xEE32,
    0xEE11, 0xEDF0, 0xEE11, 0xEE31, 0xE5CF, 0xDD4D, 0xE5CF, 0xE5CF, 0xE5AF, 0xE56E, 0xE58E, 0xEDCF, 0xE56D, 0xD48A, 0xCC49, 0xCC28,
    0xCC69, 0xD48A, 0xCC69, 0xC408, 0xC3E8, 0xC3E8, 0xBBE8, 0xC3E8, 0xC3E8, 0xCC29, 0xCC49, 0xCC6A, 0xCC6A, 0xCC6A, 0xCC69, 0xD48A,
    0xAB47, 0x9AC5, 0x81E2, 0xB388, 0xD50D, 0xCCEC, 0xD50D, 0xD50D, 0xDD4E, 0xE5AF, 0xE5AF, 0xE5AF, 0xE5AF, 0xE5AF, 0xDDAF, 0xDDAF,
    0xE5CF, 0xDD6E, 0xE54D, 0xE56E, 0xE52C, 0xD4CB, 0xD4CB, 0xD4AB, 0xD4AB, 0xD4AA, 0xD4CB, 0xD4CB, 0xD4AA, 0xD4AB, 0xDD0C, 0xDD2C,
    0xDD2C, 0xDD4D, 0xDD6D, 0xDD6D, 0xDD6D, 0xE56D, 0xDD6D, 0xDD6D, 0xE56E, 0xDD8E, 0xDD4D, 0xDD4C, 0xDD4D, 0xE5B0, 0xE5D2, 0xE5D1,
    0xE5D1, 0xE5D1, 0xE5D1, 0xE5B0, 0xF632, 0xA389, 0x6120, 0xB368, 0xBBC9, 0xBBC9, 0xBBC9, 0xBBE9, 0xBBE9, 0xBBE9, 0xBBE9, 0xBBE9,
    0xF5F0, 0xEDF0, 0xEDEF, 0xE5AE, 0xE58E, 0xE58E, 0xE58F, 0xE5AF, 0xE58F, 0xEDAF, 0xEDCF, 0xEDD0, 0xEDF0, 0xF651, 0xF651, 0xF651,
    0xFE72, 0xF651, 0xF651, 0xF631, 0xF631, 0xF630, 0xF650, 0xF651, 0xF672, 0xFF15, 0xFF56, 0xFF36, 0xFF56, 0xFFB9, 0xFFD9, 0xFFDA,
    0xFFDA, 0xFFB9, 0xFFB8, 0xFFB9, 0xFFD9, 0xFFB9, 0xFFDA, 0xFFD9, 0xFFD9, 0xFF77, 0xFF56, 0xFF57, 0xFFB8, 0xFFD9, 0xFFD9, 0xFFD9,
    0xFFDA, 0xFFD9, 0xFFD9, 0xFFB8, 0xFF98, 0xFF98, 0xFF98, 0xFFB8, 0xFF98, 0xFF98, 0xFF98, 0xFF98, 0xFF98, 0xFF98, 0xFFB8, 0xFFD9,
    0xFFD8, 0xFFB9, 0xFFD9, 0xFFD9, 0xFFD9, 0xFFD9, 0xFFD9, 0xFFD9, 0xFFD9, 0xFFD9, 0xFFB9, 0xFF97, 0xFF13, 0xFEF2, 0xFED2, 0xFED2,
    0xFED2, 0xFEF2, 0xFEF2, 0xFEF2, 0xFED2, 0xFEB2, 0xFF33, 0xE5EF, 0x91E1, 0xAB47, 0xC48B, 0xD4EC, 0xDD4D, 0xDCEC, 0xE58F, 0xDDB0,
    0xE5F1, 0xE5D1, 0xDDD1, 0xE5D1, 0xDDD0, 0xDD8F, 0xDD8F, 0xDD6F, 0xCCED, 0xD50E, 0xC48C, 0x7181, 0x6920, 0x71A2, 0xAB67, 0xAB67,
    0xAB67, 0xAB67, 0xAB47, 0xA306, 0xA306, 0xAB67, 0x9285, 0x8A23, 0xC3E9, 0x8203, 0x6920, 0xC4AD, 0xE633, 0xDDB1, 0xE612, 0xF694,
    0xEE73, 0xEE74, 0xEE75, 0xEE74, 0xEE74, 0xEE74, 0xEE74, 0xEE54, 0xEE74, 0xEE74, 0xEE74, 0xEE53, 0xEE53, 0xEE53, 0xEE53, 0xEE32,
    0xEE11, 0xE5AF, 0xEE11, 0xEE11, 0xE5AF, 0xDD2D, 0xDD6D, 0xE58E, 0xE5AE, 0xDD2C, 0xD48A, 0xDD0C, 0xE56D, 0xDD0C, 0xC429, 0xC3E8,
    0xC3E8, 0xC3E8, 0xC408, 0xC408, 0xC3E8, 0xC3E8, 0xBBE8, 0xBBE8, 0xC3E8, 0xC3E8, 0xCC28, 0xCC6A, 0xCC6A, 0xD48A, 0xD48A, 0xD4AB,
    0x8A64, 0x9AE6, 0xCC8B, 0xCC8B, 0xD4EC, 0xD4CC, 0xDD2E, 0xDD4E, 0xDD4E, 0xDDAF, 0xE5D0, 0xE5D0, 0xDDCF, 0xE5B0, 0xDD8F, 0xDDAF,
    0xDDAF, 0xDD4E, 0xD4CB, 0xD4EB, 0xDD0C, 0xDCEB, 0xD4AA, 0xD4AA, 0xD4AA, 0xD4AA, 0xDCEB, 0xDD0C, 0xDCCB, 0xD4CB, 0xD4CB, 0xDD2C,
    0xE56D, 0xE54D, 0xE54D, 0xE56D, 0xDD4D, 0xDD4D, 0xDD6D, 0xDD6D, 0xE58E, 0xE5D1, 0xE5D0, 0xE58F, 0xDD4D, 0xE5B0, 0xE5F2, 0xE5D1,
    0xE5D1, 0xE5D1, 0xE5F2, 0xD54F, 0x9B06, 0x9AC6, 0x9AE6, 0xBBC9, 0xBBC9, 0xBBC9, 0xBBC9, 0xBBE9, 0xBBE9, 0xBBE9, 0xBBE9, 0xBBE9,
    0xF610, 0xF651, 0xFE72, 0xF631, 0xF630, 0xF651, 0xF651, 0xF5F0, 0xEDCF, 0xF631, 0xFE72, 0xF631, 0xEDF0, 0xF631, 0xEE10, 0xF631,
    0xFE72, 0xFE71, 0xF630, 0xF610, 0xF610, 0xF650, 0xF651, 0xF650, 0xF671, 0xFF36, 0xFF77, 0xFF57, 0xFF77, 0xFFB9, 0xFFDA, 0xFFDA,
    0xFFD9, 0xFFB8, 0xFF98, 0xFFB9, 0xFFD9, 0xFFB9, 0xFF98, 0xFF77, 0xFF57, 0xF756, 0xFF77, 0xFFD9, 0xFFD9, 0xFFDA, 0xFFD9, 0xFFD9,
    0xFFD9, 0xFFD9, 0xFFB8, 0xFF97, 0xFF77, 0xFF77, 0xFF98, 0xFF98, 0xFF97, 0xFF97, 0xFF97, 0xFF98, 0xFF98, 0xFF98, 0xFFB8, 0xFFD9,
    0xFFD9, 0xFFD9, 0xFFD9, 0xFFB9, 0xFFB9, 0xFFB8, 0xFFB8, 0xFFB8, 0xFFD9, 0xFFD8, 0xFFB8, 0xFFB8, 0xFF76, 0xFF35, 0xFED3, 0xFE91,
    0xFEB1, 0xFEB2, 0xFEB1, 0xFEB2, 0xFEF3, 0xFEF2, 0xFED2, 0xF691, 0xEE0F, 0xDD4D, 0x8223, 0xBBE9, 0xCCAB, 0xC44A, 0xB3E8, 0xBC4B,
    0xDDD0, 0xD58F, 0xD58F, 0xD56F, 0xDD6F, 0xD56E, 0xDD6E, 0xD52E, 0x79E3, 0x6982, 0x7182, 0x8A44, 0xA2E5, 0x9AC5, 0xAB47, 0xAB67,
    0xAB67, 0xAB67, 0xAB67, 0xB387, 0xB387, 0xB388, 0xAB27, 0xAB26, 0xBBC8, 0xA326, 0xA327, 0x8A64, 0x79E2, 0x71A2, 0xABEA, 0xF674,
    0xE612, 0xEE53, 0xEE74, 0xEE54, 0xEE74, 0xF674, 0xEE74, 0xEE74, 0xEE74, 0xEE74, 0xEE74, 0xEE54, 0xEE53, 0xEE53, 0xEE53, 0xEE32,
    0xEE11, 0xE58E, 0xE58E, 0xE5F0, 0xE5CF, 0xDD2C, 0xDD2D, 0xDD2D, 0xDD4D, 0xDD2C, 0xCC69, 0xCC29, 0xD4AA, 0xDD0C, 0xCC08, 0xC3E8,
    0xC3E8, 0xC3E8, 0xC3E8, 0xC3E8, 0xC3E8, 0xC408, 0xCC49, 0xC429, 0xC408, 0xC408, 0xC408, 0xCC49, 0xCC6A, 0xD48A, 0xD48A, 0xDCCB,
    0x9284, 0xA327, 0xDD2D, 0xCCCC, 0xCCCC, 0xCCCC, 0xD52E, 0xDD4F, 0xDD4F, 0xDD6F, 0xDDAF, 0xE5D0, 0xE5B0, 0xDD6F, 0xD54E, 0xDD4E,
    0xDD8F, 0xDD4E, 0xD4CB, 0xD4CB, 0xD4CB, 0xDCEC, 0xD4AB, 0xD4AB, 0xD4AA, 0xD4AA, 0xD4CB, 0xDD0C, 0xDD2C, 0xDD0C, 0xD4AB, 0xDD2C,
    0xE54D, 0xE54D, 0xE54D, 0xDD6D, 0xE58F, 0xE5AF, 0xE56E, 0xDD4D, 0xE58E, 0xE5F1, 0xE5F1, 0xE5F1, 0xE58F, 0xE5D1, 0xE5F2, 0xE5D2,
    0xE5D2, 0xDD90, 0xE5D1, 0xD50F, 0x6961, 0xA2E6, 0xC40A, 0xBBA8, 0xB3A8, 0xBBC9, 0xBBC9, 0xBBC9, 0xBBE9, 0xBBE9, 0xBBC9, 0xBBC9,
    0xFE92, 0xFE92, 0xF671, 0xF651, 0xF671, 0xF610, 0xEDD0, 0xE5AF, 0xE5AF, 0xF672, 0xFEF3, 0xFED3, 0xFED3, 0xFEF3, 0xFED3, 0xFE92,
    0xF610, 0xF610, 0xF610, 0xF651, 0xF671, 0xFE71, 0xF630, 0xF630, 0xFEB2, 0xFEF4, 0xFF77, 0xFFD9, 0xFFB9, 0xFFD9, 0xFFD9, 0xFFB9,
    0xFFD9, 0xFFD9, 0xFFB9, 0xFFD9, 0xFF98, 0xFF57, 0xFF56, 0xFF56, 0xFF56, 0xFF36, 0xFF77, 0xFFD9, 0xFFD9, 0xFFD9, 0xFFD9, 0xFFB9,
    0xFFB8, 0xFF77, 0xFF56, 0xFF77, 0xFF77, 0xFF97, 0xFF97, 0xFF97, 0xFF77, 0xFF97, 0xFF97, 0xFF97, 0xFF98, 0xFF98, 0xFF98, 0xFFB8,
    0xFFB8, 0xFFB8, 0xFFB9, 0xFFB9, 0xFFB9, 0xFFB9, 0xFFB9, 0xFFD9, 0xFFB8, 0xFF98, 0xFFB8, 0xFFB8, 0xFFB8, 0xFFB7, 0xFF14, 0xFE71,
    0xFE91, 0xFE91, 0xFE91, 0xFEB1, 0xFED2, 0xFEF2, 0xFED2, 0xFEF2, 0xFEF2, 0xFED1, 0xDD6D, 0x79C2, 0x7161, 0x7161, 0x6940, 0x6982,
    0x71A3, 0x69A2, 0x69A2, 0x6982, 0x69A2, 0x69A2, 0x71A2, 0x7182, 0x8224, 0x9285, 0x8A64, 0xA306, 0xB387, 0xAB67, 0xAB47, 0xAB47,
    0xAB67, 0xAB67, 0xAB67, 0xAB67, 0xAB67, 0xAB87, 0xB387, 0xB3A8, 0xB387, 0xBBC8, 0xC44A, 0x9B06, 0x8203, 0x8224, 0x8A84, 0x8264,
    0x9307, 0xEE53, 0xEE33, 0xE613, 0xEE54, 0xEE54, 0xEE54, 0xEE74, 0xEE74, 0xEE74, 0xEE74, 0xEE54, 0xEE53, 0xEE53, 0xEE53, 0xEE53,
    0xEE11, 0xE58E, 0xE56D, 0xE5AF, 0xE58E, 0xDD6D, 0xDCEB, 0xD4AA, 0xD4CB, 0xD4CB, 0xD46A, 0xCC49, 0xCC29, 0xCC49, 0xCC28, 0xC408,
    0xC408, 0xC408, 0xC3E8, 0xC408, 0xC3E8, 0xC428, 0xCC49, 0xCC69, 0xCC6A, 0xCC6A, 0xCC6A, 0xCC69, 0xCC69, 0xCC6A, 0xD48A, 0xDCEB,
    0x8A64, 0x9AC6, 0xD4ED, 0xCCAC, 0xCCAC, 0xCCCC, 0xDD4F, 0xDD4F, 0xDD6F, 0xDD6F, 0xDDAF, 0xE5F0, 0xE5B0, 0xD50D, 0xD4ED, 0xD4ED,
    0xD54E, 0xD52D, 0xD4CB, 0xD4CB, 0xD4CB, 0xD4AB, 0xD4AB, 0xD4AB, 0xD4AA, 0xD4AA, 0xD4AB, 0xDD0C, 0xDD2C, 0xDD2C, 0xDD0C, 0xDD4D,
    0xDD4D, 0xE54D, 0xE56D, 0xDD6D, 0xE5D0, 0xEE12, 0xE5B0, 0xE54D, 0xE58E, 0xE5F1, 0xE5F1, 0xE5F1, 0xE5F2, 0xE5F2, 0xE5F2, 0xE5F2,
    0xEE12, 0xDD6F, 0x9285, 0x9AC6, 0x8A64, 0xAB47, 0xBBC9, 0xBBA8, 0xBBC8, 0xBBC8, 0xBBC9, 0xBBC9, 0xBBC9, 0xBBC9, 0xBBC9, 0xBBC9,
    0xFEB2, 0xF671, 0xF631, 0xF631, 0xF651, 0xEE10, 0xEDF0, 0xF631, 0xEE11, 0xFE72, 0xFEB3, 0xFED3, 0xFED3, 0xFEB3, 0xFED3, 0xFEB3,
    0xF610, 0xF631, 0xFE92, 0xFED3, 0xFED3, 0xF651, 0xF630, 0xF630, 0xF671, 0xF692, 0xFF57, 0xFFB9, 0xFF98, 0xFFB8, 0xFFB9, 0xFFD9,
    0xFFDA, 0xFFDA, 0xFFDA, 0xFFB8, 0xFF77, 0xFF77, 0xFF57, 0xFF56, 0xFF56, 0xFF97, 0xFFB9, 0xFFD9, 0xFFD9, 0xFFD9, 0xFFD9, 0xFFD9,
    0xFFB8, 0xFF97, 0xFF97, 0xFF98, 0xFF97, 0xFF97, 0xFF97, 0xFF97, 0xFF98, 0xFF98, 0xFF98, 0xFF97, 0xFF98, 0xFF98, 0xFFB8, 0xFFD9,
    0xFFD9, 0xFFD9, 0xFFD9, 0xFFD9, 0xFFB9, 0xFFD9, 0xFFB9, 0xFFB9, 0xFFB8, 0xFFB8, 0xFF98, 0xFF98, 0xFFB8, 0xFF76, 0xFEB2, 0xFE91,
    0xFE91, 0xFE91, 0xFE91, 0xFE91, 0xFEB2, 0xFED2, 0xFED2, 0xFED2, 0xFE91, 0xFEB1, 0xFE91, 0xC48B, 0xC46B, 0xC4AB, 0xCCEC, 0xB409,
    0x9264, 0x9285, 0x92A5, 0x92A5, 0x92A5, 0x9285, 0x9285, 0x8A44, 0xAB47, 0xBBC8, 0xB3A8, 0xB367, 0xAB47, 0xAB47, 0xAB67, 0xAB67,
    0xAB67, 0xAB67, 0xAB67, 0xAB67, 0xAB67, 0xAB67, 0xB387, 0xB3A8, 0xB3A8, 0xB3C8, 0xBC2A, 0xBC2A, 0xBC4A, 0xBC4A, 0xBC4A, 0x8203,
    0x8A04, 0xCCCE, 0xDD91, 0xEE33, 0xEE33, 0xE633, 0xE633, 0xEE54, 0xEE54, 0xEE74, 0xEE74, 0xEE54, 0xEE53, 0xEE53, 0xEE33, 0xEE12,
    0xEE11, 0xE5AE, 0xE56D, 0xE56D, 0xDD6D, 0xE58E, 0xD4EC, 0xD48A, 0xD48A, 0xD4AA, 0xD48A, 0xCC49, 0xCC49, 0xCC29, 0xCC08, 0xC408,
    0xCC28, 0xCC49, 0xCC69, 0xCC49, 0xC3E8, 0xC3E8, 0xC408, 0xCC29, 0xCC69, 0xD48A, 0xD48A, 0xCC6A, 0xCC6A, 0xD48A, 0xCC6A, 0xC429,
    0x92C5, 0xA327, 0xD4EC, 0xCCAC, 0xCCAC, 0xCCAC, 0xDD4E, 0xDD6F, 0xDD6F, 0xD50D, 0xD54E, 0xDDAF, 0xE5D0, 0xD50D, 0xCCCC, 0xD4CC,
    0xD4CC, 0xD4CC, 0xD4CB, 0xD4CB, 0xD4CB, 0xD4AB, 0xD4AB, 0xD4AB, 0xD4CB, 0xD4CB, 0xD4CB, 0xDD0C, 0xDD2C, 0xDD2C, 0xDD4D, 0xDD4D,
    0xDD4D, 0xE54D, 0xE54D, 0xE54D, 0xE5D0, 0xE5F2, 0xEDF2, 0xE5B0, 0xE58F, 0xE5F1, 0xE5F2, 0xE5F2, 0xE5F2, 0xE612, 0xE5F2, 0xE612,
    0xDD90, 0xC48C, 0x7161, 0x9AA5, 0xC40A, 0xB3A8, 0xB3A8, 0xB3A9, 0xB3A8, 0xB3A8, 0xBBC9, 0xBBC9, 0xBBC9, 0xBBC9, 0xBBC9, 0xBBC9,
    0xFEB2, 0xFE72, 0xF671, 0xF651, 0xF651, 0xFE92, 0xFE92, 0xFE72, 0xF672, 0xF672, 0xF672, 0xEE31, 0xEE10, 0xFE92, 0xFED3, 0xFEB3,
    0xFE92, 0xFE92, 0xFEB2, 0xFE92, 0xFE92, 0xF692, 0xF6B2, 0xFE92, 0xFE92, 0xFEB3, 0xFF56, 0xFF97, 0xFF77, 0xFFB8, 0xFFB9, 0xFFB9,
    0xFFDA, 0xFFDA, 0xFFD9, 0xFF98, 0xFF77, 0xFF77, 0xFF56, 0xF6D5, 0xEED4, 0xFFB8, 0xFFD9, 0xFFD9, 0xFFD9, 0xFFD9, 0xFFB8, 0xFF98,
    0xFF98, 0xFF97, 0xFF97, 0xFF98, 0xFF98, 0xFF98, 0xFF98, 0xFF98, 0xFF98, 0xFF98, 0xFF98, 0xFF98, 0xFF98, 0xFFD9, 0xFFD9, 0xFFD9,
    0xFFD9, 0xFFDA, 0xFFD9, 0xFFD9, 0xFFB8, 0xFF98, 0xFF98, 0xFF98, 0xFFB8, 0xFFB8, 0xFF98, 0xFF98, 0xFF98, 0xFF76, 0xFED2, 0xFE91,
    0xFE91, 0xFE91, 0xFE91, 0xFE91, 0xFE71, 0xFE91, 0xFEB2, 0xFED2, 0xFE91, 0xFEB2, 0xFEF2, 0xFEF2, 0xFED2, 0xFED2, 0xFF12, 0xE5AE,
    0xC3C8, 0xC429, 0xC3E8, 0xC3E8, 0xC3C8, 0xBBC8, 0xBBC8, 0xBBC8, 0xB387, 0xB387, 0xB367, 0xB367, 0xAB47, 0xAB67, 0xAB67, 0xAB67,
    0xAB67, 0xAB87, 0xB387, 0xAB87, 0xAB87, 0xAB67, 0xBBE9, 0xCCAC, 0xC4AC, 0xC4CC, 0xC48B, 0xBC4A, 0xBC4A, 0xBC2A, 0xBC4A, 0xAB88,
    0x9AE6, 0x6961, 0xCCEE, 0xF695, 0xE613, 0xEE33, 0xEE33, 0xEE54, 0xEE53, 0xEE54, 0xEE54, 0xEE53, 0xEE33, 0xEE53, 0xEE32, 0xEE11,
    0xEE11, 0xE58E, 0xE56D, 0xE56D, 0xE56D, 0xE56E, 0xD4CB, 0xD48A, 0xD4AA, 0xD4AA, 0xD48A, 0xCC49, 0xCC49, 0xCC49, 0xCC28, 0xCC28,
    0xCC49, 0xCC69, 0xCC69, 0xCC69, 0xC429, 0xC408, 0xC3E8, 0xC3E8, 0xC408, 0xCC29, 0xCC49, 0xCC8A, 0xD48A, 0xDCEC, 0xC42A, 0x7182,
    0xBC0A, 0xCCAC, 0xC48C, 0xCC8C, 0xCCAC, 0xCC8C, 0xD50D, 0xDD90, 0xDD6F, 0xCCAC, 0xCCAC, 0xD50D, 0xE5B0, 0xD50D, 0xCCCC, 0xD4CC,
    0xD4CC, 0xD4CC, 0xD4CB, 0xD4CB, 0xD4CB, 0xD4CB, 0xD4AB, 0xD4CB, 0xDD0C, 0xDD0C, 0xDD2C, 0xDD2C, 0xDD0C, 0xDD6D, 0xE5D0, 0xDD6E,
    0xDD4D, 0xDD6D, 0xE58E, 0xE58F, 0xE5D1, 0xE5F2, 0xEDF2, 0xEE12, 0xEDF2, 0xE5F2, 0xE5F2, 0xE612, 0xE612, 0xE5F2, 0xE5F2, 0xF674,
    0xC48C, 0x79A1, 0x8A23, 0xA2E6, 0xBBC9, 0xB3A8, 0xB3A8, 0xB3A8, 0xB3A8, 0xB3A8, 0xBBC9, 0xBBC9, 0xBBC9, 0xBBC9, 0xBBC9, 0xBBC9,
    0xEDEF, 0xEDAF, 0xEDCF, 0xF631, 0xFE72, 0xF631, 0xEE10, 0xEE11, 0xF651, 0xF652, 0xF672, 0xEE30, 0xE5F0, 0xFE92, 0xFED3, 0xFEB3,
    0xFEB3, 0xF651, 0xF651, 0xFE72, 0xF6B2, 0xFF35, 0xFF35, 0xFED3, 0xFEB2, 0xFED3, 0xFFB8, 0xFF98, 0xFF98, 0xFF98, 0xFFB9, 0xFFB9,
    0xFFB9, 0xFFB9, 0xFFB9, 0xFF77, 0xFF56, 0xF735, 0xEED4, 0xEEB3, 0xF736, 0xFFB9, 0xFFD9, 0xFFD9, 0xFFDA, 0xFFD9, 0xFFB9, 0xFFB8,
    0xFF97, 0xFF97, 0xFF97, 0xFF97, 0xFF98, 0xFF97, 0xFF97, 0xFF97, 0xFFB8, 0xFF98, 0xFF98, 0xFF98, 0xFFB8, 0xFFB9, 0xFFD9, 0xFFD9,
    0xFFD9, 0xFFD9, 0xFF98, 0xFF97, 0xFFB8, 0xFF98, 0xFF98, 0xFF98, 0xFFB8, 0xFFB8, 0xFF98, 0xFFB8, 0xFF98, 0xFF97, 0xFF77, 0xFF55,
    0xFE91, 0xFE91, 0xFE91, 0xFE91, 0xFE71, 0xFEB2, 0xFEB2, 0xFEF2, 0xFF13, 0xFEF3, 0xFED2, 0xFE91, 0xFE71, 0xFE70, 0xFE70, 0xF650,
    0xF650, 0xF6B1, 0xCCAA, 0xB346, 0xBB87, 0xB387, 0xB387, 0xB387, 0xB387, 0xB387, 0xB387, 0xB367, 0xAB67, 0xAB67, 0xAB67, 0xAB67,
    0xB387, 0xC46B, 0xC48B, 0xC48B, 0xC48B, 0xC46B, 0xC4AC, 0xCCCD, 0xC4CC, 0xC4EC, 0xC4CC, 0xBC6A, 0xBC2A, 0xBC4A, 0xBC4A, 0xC48B,
    0xB409, 0x8244, 0xA348, 0xCCEE, 0xEE53, 0xEE13, 0xEE33, 0xEE54, 0xEE54, 0xEE53, 0xEE32, 0xEE32, 0xEE32, 0xEE31, 0xEE11, 0xEE31,
    0xEE10, 0xE58E, 0xE56D, 0xE56D, 0xE56E, 0xE56E, 0xDD4D, 0xDD0C, 0xD48A, 0xD4AA, 0xD48A, 0xCC49, 0xCC29, 0xCC28, 0xCC49, 0xD489,
    0xD489, 0xCC69, 0xCC69, 0xCC69, 0xCC69, 0xC428, 0xC429, 0xCC29, 0xCC29, 0xCC49, 0xCC49, 0xCC8A, 0xCC8A, 0xDD0C, 0xCCAB, 0x79C2,
    0xBC0A, 0xCCAC, 0xCC8C, 0xCCAC, 0xCCAC, 0xCCAC, 0xCCCD, 0xDD8F, 0xDD6F, 0xCCAC, 0xCCCC, 0xD4ED, 0xD4CD, 0xD4CD, 0xD4CC, 0xD4CC,
    0xD4CC, 0xD4CC, 0xD4CB, 0xD4AB, 0xD4CB, 0xD4CB, 0xDCEC, 0xDD2C, 0xDD2D, 0xDD2D, 0xDD2C, 0xDD2C, 0xDD2C, 0xDD8E, 0xE5F1, 0xE5AF,
    0xDD6E, 0xDD6E, 0xE5F1, 0xEE12, 0xE5F2, 0xE5F2, 0xEE12, 0xEDF2, 0xE5F2, 0xE612, 0xE612, 0xE612, 0xE612, 0xEE53, 0xEE53, 0xABC9,
    0x92A5, 0x8203, 0xBBC9, 0xBBA8, 0xBBA8, 0xB3A8, 0xB3A8, 0xB3A8, 0xBBC9, 0xBBC9, 0xBBC9, 0xBBC9, 0xBBC9, 0xBBC9, 0xBBC9, 0xBBE9,
    0xF650, 0xE58E, 0xDD4D, 0xF631, 0xF672, 0xF652, 0xF672, 0xF672, 0xFE93, 0xFEB3, 0xFEB3, 0xFEB3, 0xF672, 0xFEB3, 0xFEB3, 0xFE93,
    0xFE92, 0xF671, 0xF692, 0xFEB3, 0xFEF3, 0xFEF4, 0xFED3, 0xF692, 0xF672, 0xF672, 0xF6B3, 0xFF77, 0xFF77, 0xFF78, 0xFFB9, 0xFFB9,
    0xFFB9, 0xFFB9, 0xFFB8, 0xFF77, 0xFF97, 0xFF56, 0xF716, 0xF716, 0xFFB9, 0xFFDB, 0xFFDA, 0xFFD9, 0xFFD9, 0xFFDA, 0xFFDA, 0xFFD9,
    0xFF98, 0xFF97, 0xFF97, 0xFF98, 0xFF98, 0xFF98, 0xFF98, 0xFF98, 0xFF98, 0xFF98, 0xFF98, 0xFF98, 0xFF98, 0xFFB9, 0xFFD9, 0xFFD9,
    0xFFD9, 0xFF98, 0xFF97, 0xFF97, 0xFF98, 0xFF98, 0xFF98, 0xFFB8, 0xFFB8, 0xFFB8, 0xFF97, 0xFF77, 0xFF98, 0xFF97, 0xFF35, 0xFED2,
    0xF670, 0xFE91, 0xFE91, 0xFE91, 0xFEB2, 0xFED2, 0xFEB1, 0xFEB2, 0xFEB2, 0xFEB2, 0xFED2, 0xFEB2, 0xFEB1, 0xFEB1, 0xFEB1, 0xFEB2,
    0xFED2, 0xFEF2, 0xE5CE, 0xDD6D, 0xCC8A, 0xC429, 0xBBC8, 0xB3A7, 0xB387, 0xB387, 0xB367, 0xAB46, 0xC44A, 0xCCAB, 0xC48B, 0xC48B,
    0xC48B, 0xC4EC, 0xCCED, 0xCCED, 0xCCED, 0xCCED, 0xCCED, 0xCCCD, 0xC4ED, 0xC4ED, 0xCCED, 0xC4CC, 0xC4AB, 0xBC4A, 0xBC4A, 0xBC4A,
    0xBC6A, 0xBC2B, 0x7100, 0xA368, 0xF694, 0xE613, 0xEE33, 0xEE54, 0xEE34, 0xEE32, 0xEE31, 0xEE31, 0xEE11, 0xEE11, 0xEE11, 0xEE11,
    0xEE10, 0xE58E, 0xE58E, 0xE58D, 0xE58D, 0xE56D, 0xE58D, 0xDD4C, 0xD48A, 0xD48A, 0xD48A, 0xCC49, 0xCC08, 0xCC28, 0xCC28, 0xD469,
    0xD469, 0xCC69, 0xCC69, 0xCC69, 0xCC69, 0xD48A, 0xD48A, 0xD48A, 0xD48A, 0xCC8A, 0xD48A, 0xD4AB, 0xDD2C, 0xD50D, 0xA327, 0x79E3,
    0xBC0A, 0xC46B, 0xC44B, 0xC44B, 0xCC8C, 0xCCAC, 0xCC8C, 0xD52E, 0xDD90, 0xC4AC, 0xCCAC, 0xD4CD, 0xD4CC, 0xD4CC, 0xD4CC, 0xD4CC,
    0xD4CC, 0xD4CC, 0xD4CC, 0xD4EC, 0xD4EC, 0xD4EC, 0xDD0D, 0xDD2D, 0xDD2D, 0xDD2D, 0xDD2D, 0xDD4D, 0xD52C, 0xE58E, 0xE5D1, 0xE5D0,
    0xE5D0, 0xE58F, 0xE5F1, 0xE5F1, 0xEDF2, 0xEDF2, 0xEDF2, 0xEDF2, 0xE5F2, 0xE5F2, 0xE612, 0xE5F2, 0xE5F1, 0xC46C, 0xC46C, 0x79E2,
    0x8203, 0xAB68, 0xB3A8, 0xB3A8, 0xB3A8, 0xB3A8, 0xB3A8, 0xB3A8, 0xBBE9, 0xBBE9, 0xBBE9, 0xBBE9, 0xBBC9, 0xBBC9, 0xBBC9, 0xBBC9,
    0xFEB2, 0xFE92, 0xF672, 0xFE72, 0xF672, 0xFEB3, 0xFEB3, 0xFEB3, 0xF652, 0xF651, 0xFE72, 0xFEB3, 0xFEB3, 0xFED3, 0xFEB3, 0xFE93,
    0xFE92, 0xF651, 0xEE10, 0xF630, 0xF651, 0xF672, 0xF692, 0xFEB2, 0xFEB2, 0xFEB2, 0xFEB3, 0xFF56, 0xFF98, 0xFFB8, 0xFF98, 0xFF78,
    0xFF98, 0xFFB9, 0xFF98, 0xFF98, 0xFF98, 0xFFB8, 0xFFD9, 0xFFDA, 0xFFB9, 0xFFDA, 0xFFD9, 0xFFD9, 0xFFDA, 0xFFDA, 0xFFD9, 0xFFB8,
    0xFF97, 0xFF77, 0xFF77, 0xFF98, 0xFF98, 0xFF98, 0xFF98, 0xFF98, 0xFF98, 0xFF98, 0xFF98, 0xFFB8, 0xFF98, 0xFFB8, 0xFFB8, 0xFFB8,
    0xFF98, 0xFF97, 0xFF97, 0xFF98, 0xFF97, 0xFF98, 0xFF98, 0xFFB7, 0xFFB8, 0xFFB8, 0xFF98, 0xFF97, 0xFF97, 0xFF77, 0xFF15, 0xFE50,
    0xFE70, 0xFE91, 0xFE91, 0xFE91, 0xFED2, 0xFED2, 0xFEB2, 0xFEB1, 0xFE91, 0xFE91, 0xFEB2, 0xFED2, 0xFED2, 0xFED2, 0xFED2, 0xFED2,
    0xFED2, 0xFED2, 0xFEF2, 0xFEF2, 0xDD4C, 0xD48A, 0xC408, 0xBBA8, 0xBBC8, 0xC44A, 0xC48B, 0xC46A, 0xCCCC, 0xCD0C, 0xCCEC, 0xCCED,
    0xCCED, 0xCCED, 0xCCED, 0xCCCC, 0xCCCC, 0xCCED, 0xCCED, 0xCCED, 0xCCED, 0xCCED, 0xCCEC, 0xCCEC, 0xCCEC, 0xBC6A, 0xBC4A, 0xBC6A,
    0xC46B, 0xBC2A, 0x92C6, 0x9B07, 0x9B07, 0xE5D2, 0xEE53, 0xEE33, 0xEE33, 0xEE31, 0xEE31, 0xEE31, 0xEE31, 0xEE11, 0xEE11, 0xEE11,
    0xEE10, 0xE58E, 0xE58E, 0xE58E, 0xE58D, 0xE58E, 0xE58E, 0xDD4C, 0xD48A, 0xD48A, 0xD48A, 0xCC49, 0xCC28, 0xCC28, 0xCC49, 0xD469,
    0xD489, 0xD469, 0xD489, 0xCC89, 0xCC89, 0xD489, 0xD469, 0xD489, 0xCC69, 0xD469, 0xD48A, 0xDD4D, 0xD50D, 0x8A65, 0x9286, 0xBBEA,
    0xBC0A, 0xBC0B, 0xBC0A, 0xBC0A, 0xCCAC, 0xCCAC, 0xCCAC, 0xCCCD, 0xCCED, 0xCCAC, 0xCCAC, 0xD4CC, 0xD4CC, 0xD4CC, 0xD4CC, 0xD4CC,
    0xD4CC, 0xD4CC, 0xD4EC, 0xDD2D, 0xDD2D, 0xDD2D, 0xDD2D, 0xD52D, 0xDD2D, 0xD52D, 0xDD4E, 0xE5AF, 0xDD6E, 0xE5AF, 0xE5D0, 0xE5D1,
    0xE5F1, 0xE5F1, 0xE5F1, 0xE5F1, 0xEDF2, 0xE5F2, 0xE5F2, 0xE5F2, 0xE5F2, 0xE5F2, 0xE5F1, 0xE612, 0xEE33, 0x8A24, 0x7140, 0xA347,
    0xABA9, 0xBC2A, 0xB3A9, 0xB3A9, 0xB3A9, 0xB3A9, 0xBBE9, 0xBBE9, 0xBBE9, 0xBBE9, 0xBBE9, 0xBBEA, 0xBBEA, 0xBBE9, 0xBBC9, 0xBBC9,
    0xFE72, 0xFE92, 0xFE92, 0xFE72, 0xFE72, 0xFE72, 0xFE72, 0xF672, 0xF631, 0xF631, 0xEE31, 0xF672, 0xFEB3, 0xFEB3, 0xFEB3, 0xFEB3,
    0xFE92, 0xFE72, 0xF630, 0xEDCF, 0xF671, 0xFEF3, 0xFED4, 0xFED4, 0xFE92, 0xEE10, 0xF672, 0xFF35, 0xFFB8, 0xFFB8, 0xFFB8, 0xFF98,
    0xFFB9, 0xFF98, 0xFF57, 0xFF36, 0xFF36, 0xFF56, 0xFF77, 0xFFB9, 0xFFB9, 0xFFB9, 0xFFB9, 0xFFDA, 0xFFDA, 0xFFB9, 0xFFB8, 0xFF98,
    0xFF77, 0xFF77, 0xFF98, 0xFF98, 0xFF98, 0xFF98, 0xFF98, 0xFF98, 0xFF98, 0xFF98, 0xFF98, 0xFF98, 0xFF98, 0xFF98, 0xFF98, 0xFF98,
    0xFF97, 0xFF97, 0xFF97, 0xFF98, 0xFF98, 0xFF98, 0xFF98, 0xFF97, 0xFF98, 0xFF98, 0xFF98, 0xFFB8, 0xFF97, 0xFF77, 0xFF56, 0xFF14,
    0xFED2, 0xFED2, 0xFEB1, 0xFEB2, 0xFED2, 0xFEB2, 0xFEB2, 0xFEB2, 0xFE91, 0xFE91, 0xFEB2, 0xFED2, 0xFEB2, 0xFEB2, 0xFEB1, 0xFEB1,
    0xFEB2, 0xFEB2, 0xFEB1, 0xFED2, 0xFED2, 0xE58C, 0xD4EA, 0xDD4C, 0xD4EB, 0xCCAB, 0xCD0C, 0xD50D, 0xCD0C, 0xCCEC, 0xCCEC, 0xCCEC,
    0xCCED, 0xCCED, 0xCCED, 0xCCED, 0xCCED, 0xCCED, 0xCCED, 0xCCED, 0xCCED, 0xCCED, 0xCCEC, 0xC4EC, 0xCCEC, 0xC4AC, 0xC4AB, 0xBC6B,
    0xBC6A, 0xBC6B, 0xCCEC, 0xAB88, 0x81E3, 0xE5F2, 0xEE33, 0xEE33, 0xEE32, 0xEE31, 0xEE31, 0xEE31, 0xEE31, 0xEE11, 0xEE11, 0xEE31,
    0xEE11, 0xE5CF, 0xE5AE, 0xE58E, 0xE58D, 0xE58D, 0xDD4D, 0xDD0C, 0xD48A, 0xD489, 0xD469, 0xD489, 0xD469, 0xD469, 0xD489, 0xD489,
    0xD489, 0xD489, 0xD489, 0xD489, 0xD489, 0xD489, 0xD489, 0xD489, 0xD48A, 0xD48A, 0xD48A, 0xE58E, 0xCCEC, 0x6100, 0x9AE7, 0xC46C,
    0xBC0B, 0xBC0B, 0xBC0B, 0xBC0A, 0xC46B, 0xCCAC, 0xCCAC, 0xCCAC, 0xCC8C, 0xCCAC, 0xCCAC, 0xCCAC, 0xD4CC, 0xD4CC, 0xD4CC, 0xD4CC,
    0xD4CC, 0xD4EC, 0xDD2D, 0xDD2D, 0xD52D, 0xD52D, 0xDD2D, 0xDD2D, 0xDD2D, 0xDD2D, 0xDD4E, 0xE5D0, 0xE5D0, 0xE5D0, 0xE5D1, 0xE5F1,
    0xE5F1, 0xE5F1, 0xE5F1, 0xE5F1, 0xEDF2, 0xE5F2, 0xE5F2, 0xEDF2, 0xEE32, 0xE5D1, 0xE5D1, 0xCD0E, 0xABAA, 0x9285, 0x8A44, 0xC48C,
    0xC48C, 0xBC4B, 0xB3A8, 0xB388, 0xB388, 0xB388, 0xBBE9, 0xBC0A, 0xBC09, 0xBC09, 0xBBE9, 0xBBEA, 0xC40A, 0xBBEA, 0xBBE9, 0xBBE9,
    0xFE72, 0xFE72, 0xFE72, 0xFE92, 0xFE72, 0xFE72, 0xFE72, 0xF672, 0xFE72, 0xFEB3, 0xFEB3, 0xFEB3, 0xFED3, 0xFED3, 0xFED3, 0xFEB3,
    0xF631, 0xEDF0, 0xEE10, 0xF671, 0xFED3, 0xFF14, 0xFEF4, 0xFEF4, 0xF651, 0xDD6D, 0xF610, 0xFF14, 0xFF97, 0xFF98, 0xFF98, 0xFFB8,
    0xFFB8, 0xFF78, 0xFF57, 0xFF56, 0xFF56, 0xFF56, 0xFF57, 0xFF99, 0xFFBA, 0xFFB9, 0xFFB9, 0xFF99, 0xFFB9, 0xFF98, 0xFF98, 0xFF97,
    0xFF77, 0xFF98, 0xFF98, 0xFF98, 0xFF98, 0xFF98, 0xFF98, 0xFF98, 0xFF98, 0xFF98, 0xFF98, 0xFF98, 0xFF98, 0xFF98, 0xFF98, 0xFF98,
    0xFF98, 0xFF98, 0xFF97, 0xFF97, 0xFF97, 0xFF97, 0xFF97, 0xFF97, 0xFF97, 0xFF77, 0xFF97, 0xFFB8, 0xFF97, 0xFF77, 0xFF76, 0xFF56,
    0xFEB2, 0xFEB1, 0xFEB2, 0xFEB2, 0xFEB2, 0xFEB2, 0xFEB2, 0xFEB2, 0xFE91, 0xFE91, 0xFEB2, 0xFED2, 0xFEB2, 0xFEB2, 0xFEB2, 0xFEB2,
    0xFEB2, 0xFEB1, 0xFEB1, 0xFF33, 0xFF75, 0xF714, 0xF714, 0xFF95, 0xEE71, 0xD56E, 0xD54D, 0xCCEC, 0xCD0D, 0xCD0D, 0xCCEC, 0xCCED,
    0xCCED, 0xCCED, 0xCCED, 0xCCEC, 0xCCEC, 0xCCEC, 0xCCEC, 0xCCEC, 0xCCEC, 0xCCEC, 0xCCEC, 0xC4EC, 0xC4CC, 0xCCEC, 0xC4AB, 0xBC6A,
    0xBC6A, 0xBC6A, 0xC48B, 0xAB88, 0x8224, 0xE612, 0xEE33, 0xEE32, 0xEE32, 0xEE32, 0xEE31, 0xEE31, 0xEE31, 0xEE11, 0xEE10, 0xEE10,
    0xEE10, 0xEE10, 0xE5AE, 0xE58E, 0xE58E, 0xE58D, 0xDD2C, 0xD4EB, 0xD4AA, 0xD469, 0xD469, 0xD489, 0xD489, 0xD489, 0xD489, 0xD489,
    0xD489, 0xD489, 0xD489, 0xD489, 0xD489, 0xD489, 0xD489, 0xD489, 0xD48A, 0xD48A, 0xD4CB, 0xDD4E, 0xC4AC, 0x6941, 0x92C6, 0xC44B,
    0xBC0A, 0xBC0A, 0xBC0B, 0xBC0A, 0xC42B, 0xCCAC, 0xCCAC, 0xCCAC, 0xCCAC, 0xCCAC, 0xCCAC, 0xCCAC, 0xD4CC, 0xD4CD, 0xD4CC, 0xD4CC,
    0xD4ED, 0xD50D, 0xDD2E, 0xDD2D, 0xDD2D, 0xDD2D, 0xDD2D, 0xDD2D, 0xDD2D, 0xDD2D, 0xDD4E, 0xE5D0, 0xE5D0, 0xE5D0, 0xE5D1, 0xE5F1,
    0xE5F1, 0xE5F1, 0xE5F2, 0xE5F2, 0xEDF2, 0xEDF2, 0xE5F2, 0xE5D1, 0xDD90, 0xDD70, 0xE5D1, 0xBC4B, 0x60E0, 0xB40A, 0xC4AC, 0xBC6B,
    0xBC8C, 0xC4AC, 0xCCCD, 0xCCCC, 0xCCCC, 0xCCCC, 0xC46B, 0xBBC9, 0xBBE9, 0xBBE9, 0xBBE9, 0xBC09, 0xBC09, 0xBC09, 0xC40A, 0xC42A,
    0xFE72, 0xFE72, 0xF652, 0xFE92, 0xFE72, 0xFE72, 0xFE72, 0xFE72, 0xFE92, 0xFE72, 0xF651, 0xF651, 0xFED3, 0xFEB2, 0xF672, 0xF651,
    0xEDF0, 0xEDAF, 0xF651, 0xFEB2, 0xFEF3, 0xFEF3, 0xFEF3, 0xFEF4, 0xF692, 0xEDCF, 0xEDEF, 0xF6D3, 0xFF97, 0xFF77, 0xFF98, 0xFFB8,
    0xFF98, 0xFF77, 0xFF57, 0xFF57, 0xFF57, 0xFF56, 0xFF98, 0xFFBA, 0xFFBA, 0xFFB9, 0xFFB9, 0xFFB9, 0xFFB9, 0xFF98, 0xFF77, 0xFF57,
    0xFF77, 0xFF97, 0xFF98, 0xFF98, 0xFF98, 0xFF98, 0xFF77, 0xFF77, 0xFF98, 0xFF98, 0xFF98, 0xFF98, 0xFF98, 0xFF98, 0xFF98, 0xFF98,
    0xFF98, 0xFF98, 0xFF97, 0xFF97, 0xFF97, 0xFF97, 0xFF97, 0xFF97, 0xFFB8, 0xFFB8, 0xFFB8, 0xFF98, 0xFF77, 0xFF77, 0xFF76, 0xFF55,
    0xF692, 0xFE91, 0xFEB2, 0xFEB2, 0xFEB2, 0xFEB2, 0xFEB2, 0xFEB2, 0xFED2, 0xFED2, 0xFEB2, 0xFED2, 0xFED2, 0xFEB2, 0xFE91, 0xFE91,
    0xFE91, 0xFEF3, 0xFF35, 0xFF55, 0xFF76, 0xFF97, 0xFF97, 0xFF76, 0xFF76, 0xFFB7, 0xDDEF, 0xCCEC, 0xCD2D, 0xCD0D, 0xCD0D, 0xCD0D,
    0xCD0D, 0xCD0D, 0xCCED, 0xCCED, 0xCCED, 0xCCED, 0xCCEC, 0xCCEC, 0xCCEC, 0xCCEC, 0xCCEC, 0xCCEC, 0xC4EC, 0xCCEC, 0xC48B, 0xBC6A,
    0xBC6B, 0xBC6A, 0xC4AB, 0xAB68, 0x8223, 0xEE12, 0xEE33, 0xEE12, 0xEE32, 0xEE32, 0xEE31, 0xEE31, 0xEE31, 0xEE11, 0xE5EF, 0xEE10,
    0xEE10, 0xEE10, 0xE5AE, 0xE58E, 0xE58E, 0xE5AE, 0xDD2C, 0xDCEB, 0xD4CB, 0xD469, 0xD469, 0xD489, 0xD489, 0xD489, 0xD489, 0xD489,
    0xD489, 0xD489, 0xD489, 0xD489, 0xD489, 0xD489, 0xD489, 0xD48A, 0xD48A, 0xCC69, 0xDD0C, 0x9AE7, 0x6941, 0x9AC7, 0xAB68, 0xABA9,
    0xABA9, 0xABA9, 0xBBEA, 0xBC0A, 0xC44B, 0xCCAC, 0xCCAC, 0xCCAC, 0xCCAC, 0xCCAC, 0xCCAC, 0xCCAC, 0xD4CC, 0xD4CC, 0xD4CC, 0xD4CC,
    0xDD0D, 0xDD2E, 0xDD2E, 0xDD2D, 0xDD2D, 0xDD2D, 0xDD2D, 0xDD2D, 0xDD2D, 0xDD2D, 0xDD4E, 0xE5D0, 0xE5D0, 0xE5D0, 0xE5D0, 0xE5F1,
    0xE5F1, 0xE5F1, 0xE5F2, 0xE5F2, 0xE5F2, 0xE5D1, 0xEE53, 0xDDD1, 0x7A03, 0x79C2, 0x79E3, 0x8224, 0x8A85, 0xBC2B, 0xC4AC, 0xBC8B,
    0xBC6B, 0xCCED, 0xD58F, 0xD56F, 0xD56F, 0xD590, 0xCD0D, 0xC44B, 0xC46B, 0xC46B, 0xC44A, 0xBBE9, 0xC3E9, 0xC409, 0xC409, 0xC409,
    0xFE72, 0xFE52, 0xF652, 0xFE72, 0xFE92, 0xFE72, 0xFE72, 0xFE72, 0xFE92, 0xF651, 0xEE10, 0xEDF0, 0xFE71, 0xEDF0, 0xEDAF, 0xEDF0,
    0xF651, 0xF610, 0xF630, 0xF630, 0xF651, 0xF631, 0xF6B3, 0xFF15, 0xFEB3, 0xEDAE, 0xE58E, 0xF692, 0xFF77, 0xFF98, 0xFFD9, 0xFF98,
    0xFF57, 0xFF57, 0xFF98, 0xFF77, 0xFF57, 0xFF56, 0xFF98, 0xFFB9, 0xFFB9, 0xFFB9, 0xFFB9, 0xFFB9, 0xFFD9, 0xFF98, 0xFF77, 0xFF76,
    0xFF77, 0xFF77, 0xFF77, 0xFF77, 0xFF77, 0xFF77, 0xFF77, 0xFF77, 0xFF97, 0xFF98, 0xFF98, 0xFF98, 0xFF98, 0xFF98, 0xFF98, 0xFF98,
    0xFF97, 0xFF97, 0xFF97, 0xFF97, 0xFF97, 0xFF97, 0xFF98, 0xFF97, 0xFF98, 0xFF77, 0xFF97, 0xFF98, 0xFF77, 0xFF77, 0xFF76, 0xFF76,
    0xFF14, 0xFED2, 0xFEB1, 0xFEB2, 0xFEB2, 0xFEB2, 0xFEB2, 0xFEB2, 0xFEF2, 0xFED2, 0xFE92, 0xFEB1, 0xFE91, 0xFEB2, 0xFF14, 0xFF14,
    0xFEF4, 0xFF97, 0xFFB8, 0xFFB8, 0xFFB8, 0xFF97, 0xFF96, 0xFF76, 0xFF76, 0xFF97, 0xF735, 0xF735, 0xDDCF, 0xCCCC, 0xCD0D, 0xCD0D,
    0xCD0D, 0xCD0D, 0xCD0D, 0xCCEC, 0xCCEC, 0xCCED, 0xCCED, 0xCCEC, 0xCCEC, 0xCCEC, 0xCCEC, 0xCCEC, 0xCCEC, 0xCCEC, 0xC48B, 0xBC4A,
    0xBC6B, 0xBC6A, 0xC4AB, 0xAB68, 0x8A24, 0xEE33, 0xEE53, 0xEE32, 0xEE32, 0xEE32, 0xEE31, 0xEE31, 0xEE31, 0xEE11, 0xE5D0, 0xEE10,
    0xEE10, 0xEE10, 0xE5AE, 0xE58E, 0xE5AE, 0xE5AE, 0xDD2C, 0xDCEB, 0xD4CA, 0xD469, 0xD469, 0xD489, 0xD489, 0xD489, 0xD489, 0xD489,
    0xD489, 0xD489, 0xD489, 0xD489, 0xD489, 0xD489, 0xD489, 0xD489, 0xD48A, 0xCC69, 0xE56D, 0x9B06, 0x60E0, 0xA348, 0xB3A9, 0xABA9,
    0xAB89, 0xAB88, 0xB3EA, 0xBC0A, 0xBC2A, 0xC44B, 0xC42B, 0xC44B, 0xCCAC, 0xCCAC, 0xCCAC, 0xCCAC, 0xCCCC, 0xD50D, 0xD50D, 0xD50D,
    0xDD2D, 0xDD2E, 0xDD2E, 0xDD2D, 0xDD2D, 0xDD2E, 0xDD2E, 0xDD2E, 0xD52D, 0xDD2E, 0xDD4E, 0xE5D0, 0xE5F1, 0xE5F1, 0xE5F1, 0xE5F1,
    0xDDB0, 0xE5D1, 0xE5F2, 0xE5F2, 0xEE32, 0xCD0D, 0xBC6C, 0xC46C, 0x79E3, 0x7A03, 0x79A2, 0x92E6, 0xCCCC, 0xC48B, 0xC48B, 0xC4AC,
    0xC4CD, 0xCD0E, 0xD54F, 0xCD4E, 0xD54F, 0xCD4F, 0xD54F, 0xD56F, 0xD56F, 0xD56F, 0xD52E, 0xC46B, 0xC46B, 0xC44A, 0xBBE9, 0xBBE9,
    0xFE72, 0xFE72, 0xFE72, 0xFE92, 0xFE92, 0xFE72, 0xFE72, 0xF652, 0xF652, 0xFE52, 0xFE72, 0xFEB3, 0xFEB2, 0xFE92, 0xFEB3, 0xFEB3,
    0xFE92, 0xEDF0, 0xEDCF, 0xEDAF, 0xEE10, 0xFEB2, 0xFED3, 0xFEB3, 0xF672, 0xEDCF, 0xE5AE, 0xF6D3, 0xFF77, 0xFF97, 0xFF98, 0xFF77,
    0xFF77, 0xFF97, 0xFF98, 0xFF57, 0xFF36, 0xFF57, 0xFF98, 0xFF98, 0xFFB9, 0xFFB9, 0xFFB9, 0xFFDA, 0xFFB9, 0xFF98, 0xFF77, 0xFF77,
    0xFF77, 0xFF77, 0xFF36, 0xFF57, 0xFF77, 0xFF77, 0xFF77, 0xFF57, 0xFF77, 0xFF77, 0xFF97, 0xFF98, 0xFF98, 0xFF98, 0xFF98, 0xFF98,
    0xFF98, 0xFF97, 0xFF98, 0xFF97, 0xFF98, 0xFF98, 0xFF98, 0xFF98, 0xFF97, 0xFF97, 0xFF97, 0xFF98, 0xFF97, 0xFF77, 0xFF77, 0xFF77,
    0xFF35, 0xF691, 0xF671, 0xFEB2, 0xFEB2, 0xFED2, 0xFEF3, 0xFED2, 0xFEB1, 0xFE91, 0xFEB2, 0xFEB2, 0xFE91, 0xFEF3, 0xFFB8, 0xFFB8,
    0xFFB8, 0xFFB8, 0xFF98, 0xFF97, 0xFFB8, 0xFF97, 0xFF97, 0xFF97, 0xFF97, 0xFF97, 0xFF97, 0xFFB7, 0xEED4, 0xEE92, 0xD56E, 0xCCEC,
    0xCD0D, 0xCD0D, 0xCD0C, 0xCD0C, 0xCD0C, 0xCD0D, 0xCCED, 0xCCED, 0xCCED, 0xCCED, 0xCCEC, 0xCCEC, 0xCCEC, 0xCCEC, 0xC4AB, 0xC48B,
    0xBC6A, 0xBC6A, 0xC4AB, 0xAB67, 0x8224, 0xEE53, 0xF694, 0xEE73, 0xEE33, 0xEE32, 0xEE32, 0xEE31, 0xEE31, 0xEE10, 0xE5D0, 0xEE30,
    0xEE10, 0xEE10, 0xE5AE, 0xE58E, 0xE58E, 0xE5AE, 0xE54C, 0xDCEB, 0xDCEA, 0xDCCA, 0xD489, 0xD489, 0xD489, 0xD489, 0xD489, 0xD489,
    0xD489, 0xD489, 0xD4AA, 0xD4CA, 0xD4AA, 0xD48A, 0xD489, 0xD4AA, 0xDD0C, 0xDD2C, 0xDD2E, 0x9AE6, 0x6921, 0x8203, 0x8A64, 0x9B07,
    0xAB68, 0xAB88, 0xB3EA, 0xBC0A, 0xBC0A, 0xBC0A, 0xBC0A, 0xBC0A, 0xC44B, 0xCCAC, 0xCCAC, 0xCC8C, 0xCCAC, 0xDD4E, 0xDD4E, 0xDD2E,
    0xDD2E, 0xDD2E, 0xDD2E, 0xDD2E, 0xDD2E, 0xDD2E, 0xDD2E, 0xDD2E, 0xDD4E, 0xDD4E, 0xDD4E, 0xE5B0, 0xE590, 0xDDB0, 0xE5B0, 0xE5F1,
    0xCCCC, 0xD50E, 0xE5F1, 0xDDB1, 0xD54F, 0xC4AC, 0x7182, 0x7120, 0x8A24, 0xC48B, 0xC46B, 0xC46B, 0xC46B, 0xC48B, 0xBC8B, 0xCD0D,
    0xD56F, 0xCD4F, 0xCD4E, 0xCD4F, 0xCD4F, 0xD54F, 0xD54F, 0xD54F, 0xD54F, 0xD56F, 0xD570, 0xD54F, 0xD52E, 0xD50E, 0xC46B, 0xC44A,
    0xFE92, 0xFE92, 0xFE92, 0xF672, 0xF610, 0xF631, 0xFE72, 0xF651, 0xF611, 0xEDF0, 0xF631, 0xF651, 0xFEB3, 0xFED3, 0xFEB3, 0xFEB3,
    0xF671, 0xEE10, 0xEDCF, 0xEDAF, 0xF610, 0xF631, 0xEE10, 0xF651, 0xEE10, 0xEDCF, 0xEDCF, 0xF6D3, 0xFF36, 0xFF36, 0xFF77, 0xFF77,
    0xFF98, 0xFF77, 0xFF57, 0xFF57, 0xFF77, 0xFF98, 0xFF98, 0xFF78, 0xFFB9, 0xFFBA, 0xFFB9, 0xFF98, 0xFF98, 0xFF77, 0xFF77, 0xFF77,
    0xFF77, 0xFF77, 0xFF57, 0xFF77, 0xFF77, 0xFF77, 0xFF77, 0xFF77, 0xFF77, 0xFF77, 0xFF77, 0xFF77, 0xFF77, 0xFF77, 0xFF77, 0xFF97,
    0xFF97, 0xFF98, 0xFF98, 0xFF97, 0xFF98, 0xFF98, 0xFF98, 0xFF98, 0xFF98, 0xFF98, 0xFF98, 0xFFB8, 0xFF97, 0xFF77, 0xFF77, 0xFF77,
    0xFF14, 0xF671, 0xFE91, 0xFE91, 0xFE91, 0xFED3, 0xFF13, 0xFEB1, 0xFEB1, 0xFE91, 0xFF35, 0xFFB8, 0xFF97, 0xFF97, 0xFFB7, 0xFFB8,
    0xFFB8, 0xFFB8, 0xFFB8, 0xFF98, 0xFF97, 0xFF97, 0xFF97, 0xFF97, 0xFF97, 0xFF97, 0xFF77, 0xFF77, 0xFFB7, 0xFFB7, 0xDDF0, 0xD5AF,
    0xD54E, 0xCCED, 0xCD0C, 0xCD0C, 0xCD0C, 0xCD0D, 0xCD0D, 0xCD0D, 0xCCED, 0xCCED, 0xCCED, 0xCCED, 0xCCEC, 0xCCEC, 0xCCEC, 0xCCCC,
    0xBC6A, 0xBC6A, 0xC4AB, 0xAB67, 0x8223, 0xEE73, 0xF695, 0xEE74, 0xEE53, 0xEE53, 0xEE53, 0xEE32, 0xEE11, 0xE5CF, 0xE5CF, 0xEE10,
    0xEE10, 0xEE10, 0xEDEF, 0xE5AE, 0xE5AE, 0xE5AE, 0xDD4C, 0xDCEA, 0xD4CA, 0xDCCA, 0xD489, 0xD489, 0xD489, 0xD489, 0xD489, 0xD489,
    0xD489, 0xD489, 0xD4AA, 0xD4EB, 0xD4CB, 0xD4CA, 0xD4CA, 0xDD0C, 0xE58E, 0xEDF0, 0x79E3, 0x71A2, 0x8223, 0x79C2, 0x79C2, 0x79C2,
    0xAB48, 0xAB68, 0xB3CA, 0xBC0A, 0xBC0A, 0xBC2A, 0xBC2A, 0xC42B, 0xBC0A, 0xCC8C, 0xCCAC, 0xC46B, 0xB3E9, 0xDD2E, 0xDD4E, 0xD50E,
    0xD52E, 0xD52E, 0xDD2E, 0xDD2E, 0xD50D, 0xC48B, 0xD4ED, 0xDD4E, 0xDD4E, 0xDD4E, 0xDD4E, 0xDD4E, 0xD52E, 0xDD2E, 0xE5B0, 0xEE11,
    0xC44B, 0xC44A, 0xE611, 0xD54F, 0x7982, 0x7982, 0x8224, 0xAB68, 0xB3A9, 0xC46B, 0xBC6B, 0xC46B, 0xBC8B, 0xBC8B, 0xBC8B, 0xCCED,
    0xD54F, 0xCD4F, 0xCD4F, 0xCD4F, 0xD54F, 0xD54F, 0xD54F, 0xD56F, 0xD56F, 0xD56F, 0xD570, 0xD590, 0xD590, 0xD590, 0xDD90, 0xCD0D,
    0xFE72, 0xFE72, 0xFE72, 0xFE72, 0xF631, 0xF631, 0xF651, 0xF631, 0xEE11, 0xEDF0, 0xF631, 0xF652, 0xFE92, 0xF631, 0xF672, 0xFEB2,
    0xFE92, 0xF631, 0xEDAF, 0xEDAF, 0xF610, 0xF610, 0xF610, 0xFE92, 0xF630, 0xEDCF, 0xEDCF, 0xF6D4, 0xFF16, 0xFF56, 0xFF98, 0xFF98,
    0xFF78, 0xFF57, 0xFF77, 0xFF98, 0xFF98, 0xFFB8, 0xFF98, 0xFF98, 0xFFB9, 0xFFB9, 0xFFB9, 0xFF98, 0xFF98, 0xFF97, 0xFF57, 0xFF56,
    0xFF36, 0xFF36, 0xFF57, 0xFF77, 0xFF57, 0xFF36, 0xFF77, 0xFF77, 0xFF77, 0xFF97, 0xFF77, 0xFF77, 0xFF77, 0xFF97, 0xFF77, 0xFF97,
    0xFF98, 0xFF97, 0xFF97, 0xFF98, 0xFF97, 0xFF98, 0xFF98, 0xFFB8, 0xFF98, 0xFF77, 0xFF97, 0xFF77, 0xFED3, 0xFED3, 0xFED3, 0xFEF4,
    0xFF14, 0xFED3, 0xFED2, 0xFED2, 0xFE91, 0xFED2, 0xFF34, 0xFF35, 0xFF76, 0xFF76, 0xFF97, 0xFFB8, 0xFFB8, 0xFFB8, 0xFFB8, 0xFFB8,
    0xFFB8, 0xFFB8, 0xFFB8, 0xFFB8, 0xFF97, 0xFF77, 0xFF77, 0xFF77, 0xFF77, 0xFF97, 0xFF97, 0xFF97, 0xFF97, 0xFF77, 0xFF77, 0xFFB7,
    0xDDD0, 0xCCEC, 0xCD2D, 0xD54D, 0xCD0D, 0xCD0D, 0xCD0D, 0xCD2D, 0xCD0D, 0xCCED, 0xCD0D, 0xCCED, 0xCCEC, 0xCCED, 0xCCED, 0xCCEC,
    0xC46B, 0xBC6B, 0xC4AB, 0xAB67, 0x8A23, 0xEE94, 0xF6B5, 0xEE74, 0xEE54, 0xEE53, 0xEE53, 0xEE31, 0xEE11, 0xE5AF, 0xE5D0, 0xEE30,
    0xEDEF, 0xEE10, 0xEE10, 0xE5CF, 0xE5AE, 0xE5AE, 0xE54C, 0xDCEA, 0xDCCA, 0xDCCA, 0xD4AA, 0xD489, 0xD489, 0xD489, 0xD489, 0xD489,
    0xD489, 0xD489, 0xD489, 0xD4CA, 0xD4CA, 0xD4CA, 0xD4CB, 0xDD4D, 0xCCCC, 0xA347, 0x7182, 0x79C2, 0x9284, 0x8A44, 0x8203, 0x8203,
    0x8203, 0x79C2, 0xAB68, 0xC42B, 0xBC0B, 0xBC2B, 0xBC0A, 0x9AE6, 0xAB68, 0xCC8C, 0xCCAC, 0xC42B, 0xAB89, 0xDD4F, 0xDD4F, 0xC44C,
    0xC44B, 0xCCAC, 0xDD2E, 0xDD4E, 0xD50D, 0xC44B, 0xCC8B, 0xDD2E, 0xD50D, 0xDD2E, 0xDD4E, 0xDD4E, 0xBC0A, 0xBC0A, 0xC44B, 0xC46B,
    0xBBE9, 0xB3C9, 0xB3E9, 0xB3A9, 0xAB88, 0xA327, 0x8A44, 0xC48C, 0xC46B, 0xBC4B, 0xBC4B, 0xBC6B, 0xBC8B, 0xBC8B, 0xC4AC, 0xCD4F,
    0xD54F, 0xCD4F, 0xCD4F, 0xD54F, 0xD54F, 0xD54F, 0xD54F, 0xD56F, 0xD56F, 0xD570, 0xD590, 0xD570, 0xD590, 0xD590, 0xD590, 0xD590,
    0xF651, 0xF651, 0xFE72, 0xFE72, 0xF631, 0xEDF0, 0xEDF0, 0xF631, 0xF651, 0xF631, 0xF631, 0xF672, 0xF651, 0xDD2D, 0xEE10, 0xFED4,
    0xF631, 0xE58F, 0xEDAF, 0xEDCF, 0xEDCF, 0xEDEF, 0xF651, 0xF651, 0xEDCF, 0xEDAF, 0xEDAF, 0xF672, 0xF6D4, 0xFF56, 0xFF98, 0xFF98,
    0xFF78, 0xFF37, 0xFF57, 0xFF78, 0xFF98, 0xFF98, 0xFF98, 0xFF98, 0xFFB9, 0xFFB9, 0xFFB9, 0xFFB9, 0xFFB8, 0xFF77, 0xFF36, 0xFF16,
    0xFF36, 0xFF36, 0xFF36, 0xFF16, 0xFF36, 0xFF56, 0xFF56, 0xFF56, 0xFF77, 0xFF97, 0xFF97, 0xFF97, 0xFF98, 0xFFB8, 0xFF97, 0xFF56,
    0xFF56, 0xFF77, 0xFFB8, 0xFFB8, 0xFF97, 0xFF97, 0xFF97, 0xFF97, 0xFF97, 0xFF76, 0xFF36, 0xFF34, 0xF671, 0xFE30, 0xF630, 0xFE91,
    0xFEF3, 0xFEF3, 0xFED3, 0xFF14, 0xFF35, 0xFF35, 0xFF97, 0xFF97, 0xFFD8, 0xFFD8, 0xFFD8, 0xFFB8, 0xFFB8, 0xFFB8, 0xFFB8, 0xFFB8,
    0xFFB8, 0xFFB8, 0xFFB8, 0xFFB8, 0xFF98, 0xFF77, 0xFF97, 0xFF97, 0xFF97, 0xFF97, 0xFF97, 0xFFB7, 0xFF97, 0xFF97, 0xFF97, 0xFF97,
    0xF715, 0xF715, 0xEED4, 0xE5D0, 0xCD2D, 0xCCEC, 0xCD0D, 0xCD2D, 0xCD0D, 0xCD0D, 0xCD0D, 0xCCED, 0xCCED, 0xCCED, 0xCCED, 0xC4CC,
    0xC4AC, 0xC4AB, 0xC4CC, 0xA347, 0x8203, 0xE633, 0xEE95, 0xF695, 0xEE54, 0xEE53, 0xEE53, 0xEE32, 0xEE11, 0xE5AF, 0xE5D0, 0xEE30,
    0xE5CE, 0xE5CF, 0xE5EF, 0xE5CF, 0xE58D, 0xE58D, 0xE56D, 0xDCEA, 0xD489, 0xD4AA, 0xD489, 0xD489, 0xD489, 0xD489, 0xD489, 0xD489,
    0xD489, 0xD489, 0xD469, 0xD4AA, 0xD4EB, 0xD4CA, 0xD4CA, 0xE58D, 0xCCCB, 0x58C0, 0x8A44, 0x9284, 0x9264, 0x9264, 0x9264, 0x8A64,
    0x79C2, 0x7181, 0xAB69, 0xC44B, 0xBC2B, 0xC44B, 0xBC0A, 0x8223, 0x9AE6, 0xCCAC, 0xBC2B, 0x7A03, 0x79E3, 0xDD2F, 0xD52F, 0xC42B,
    0xC42B, 0xC44B, 0xC46C, 0xDD4E, 0xD4ED, 0xBBC9, 0xBBE9, 0xBBC9, 0xBBC9, 0xD50D, 0xDD6E, 0xDD4E, 0xBBC9, 0xB367, 0xB388, 0xB367,
    0xB3C8, 0xBBC9, 0xB388, 0xB3A8, 0xCCCC, 0xC44A, 0x8A44, 0xBC4B, 0xBC4B, 0xBC4B, 0xBC4B, 0xBC6B, 0xBC6B, 0xBC6B, 0xC4AC, 0xD54F,
    0xD54F, 0xD54F, 0xD54F, 0xD54F, 0xD54F, 0xD54F, 0xD56F, 0xD56F, 0xD570, 0xD590, 0xD590, 0xD590, 0xD590, 0xD590, 0xD590, 0xD590,
    0xF631, 0xF631, 0xF631, 0xEE10, 0xE58F, 0xDD4E, 0xEDD0, 0xF652, 0xF631, 0xF5F0, 0xEDAF, 0xEDCF, 0xFE72, 0xF651, 0xFE92, 0xFED3,
    0xF631, 0xE58E, 0xDD2D, 0xDD2C, 0xE56D, 0xEDEF, 0xF631, 0xF610, 0xE5AE, 0xE58E, 0xEDAE, 0xE5AE, 0xF651, 0xFF56, 0xFF98, 0xFF77,
    0xFF77, 0xFF98, 0xFFB9, 0xFFB9, 0xFF99, 0xFF99, 0xFF99, 0xFF99, 0xFF98, 0xFFB8, 0xFFB8, 0xFFB8, 0xFF98, 0xF736, 0xFF77, 0xFF56,
    0xFF56, 0xFF56, 0xFF36, 0xFF16, 0xFF56, 0xFF76, 0xFF56, 0xFF57, 0xFF97, 0xFF77, 0xFF76, 0xFF76, 0xFF35, 0xF714, 0xF6F3, 0xF692,
    0xF671, 0xF6B2, 0xFED3, 0xFF14, 0xFF97, 0xFF97, 0xFF56, 0xFEF4, 0xFF14, 0xFF34, 0xF671, 0xF630, 0xF630, 0xF651, 0xFE51, 0xFE71,
    0xFEB2, 0xFF14, 0xFF35, 0xFF77, 0xFFD9, 0xFFD9, 0xFFB8, 0xFFB8, 0xFFB8, 0xFFB8, 0xFFB8, 0xFFB8, 0xFFB8, 0xFFB8, 0xFFB8, 0xFFB8,
    0xFFB8, 0xFFB8, 0xFFB8, 0xFFB8, 0xFFB8, 0xFF98, 0xFFB8, 0xFFB8, 0xFF97, 0xFF97, 0xFF97, 0xFF97, 0xFF97, 0xFF77, 0xFF77, 0xFF77,
    0xFF97, 0xFFB7, 0xF715, 0xEE31, 0xE5EF, 0xE5F0, 0xD56E, 0xCCED, 0xCD0D, 0xCD0D, 0xCD0D, 0xCD0D, 0xCCED, 0xCCED, 0xCCED, 0xCD0D,
    0xCD0D, 0xC4CC, 0xC48B, 0xBC4A, 0xABA8, 0x9264, 0xDDB1, 0xFF17, 0xEE94, 0xEE53, 0xEE53, 0xEE53, 0xEE31, 0xE5CF, 0xEDD0, 0xEE30,
    0xE5CE, 0xE5CE, 0xE5CF, 0xEDCF, 0xDD4D, 0xDD4C, 0xE54C, 0xDD0B, 0xD489, 0xD489, 0xD489, 0xD489, 0xD489, 0xD489, 0xD489, 0xD489,
    0xD4AA, 0xDCCA, 0xD4AA, 0xD4AA, 0xD4CA, 0xD4EB, 0xDD6E, 0xCCAB, 0xA388, 0x79A2, 0x9264, 0x9284, 0x9264, 0x8A64, 0x9264, 0x9264,
    0x8A23, 0x8203, 0x9284, 0x9AC6, 0x9AC6, 0x9AC6, 0x92C5, 0x8223, 0x9AE6, 0xCC8C, 0x8A64, 0x6120, 0x8204, 0xD50F, 0xCCEE, 0xC42C,
    0xC42B, 0xBBEA, 0xC44B, 0xDD4E, 0xCCAC, 0xB387, 0xB388, 0xB388, 0xB388, 0xBBC9, 0xBBEA, 0xBC0A, 0xBBC9, 0xB3A8, 0xBBC9, 0xBBC9,
    0xBBE9, 0xCC6A, 0xCC6B, 0xCC8B, 0xBC2A, 0x8A65, 0x92A5, 0xC46B, 0xBC4B, 0xBC4B, 0xBC4B, 0xC4AC, 0xCCED, 0xCCED, 0xCD0D, 0xCD4F,
    0xD54F, 0xCD4F, 0xCD2E, 0xCD4E, 0xD56F, 0xD56F, 0xD56F, 0xD56F, 0xD570, 0xD590, 0xD590, 0xD590, 0xD590, 0xD590, 0xD590, 0xD590,
    0xF652, 0xF651, 0xF631, 0xEE10, 0xEDF0, 0xEDF0, 0xEDF0, 0xEDF0, 0xEDD0, 0xEDCF, 0xEDAF, 0xEDD0, 0xF651, 0xFE72, 0xF672, 0xF610,
    0xF5F0, 0xEDAF, 0xE56E, 0xE58E, 0xEDAF, 0xEDCF, 0xEDEF, 0xF5F0, 0xEDF0, 0xEDCF, 0xEDAF, 0xEDAE, 0xF651, 0xFF56, 0xFF77, 0xFF57,
    0xFF77, 0xFFB8, 0xFF98, 0xFF78, 0xFF98, 0xFFB9, 0xFFB9, 0xFF98, 0xFF98, 0xFF98, 0xFF98, 0xFF99, 0xFF98, 0xF757, 0xFF98, 0xFF77,
    0xFF36, 0xFF36, 0xFF36, 0xFF36, 0xFF36, 0xFF35, 0xFF36, 0xFF77, 0xFF77, 0xFF15, 0xF6D4, 0xFED4, 0xF631, 0xED8E, 0xED8E, 0xEDAE,
    0xEDCF, 0xEDCF, 0xEDCF, 0xFE92, 0xFEF3, 0xFEF4, 0xFED3, 0xFE91, 0xFEB2, 0xFE92, 0xF630, 0xF60F, 0xF60F, 0xF630, 0xFE51, 0xF630,
    0xF671, 0xFF76, 0xFFD9, 0xFFD9, 0xFFB8, 0xFFB8, 0xFFB8, 0xFFB8, 0xFFB8, 0xFFB8, 0xFFB8, 0xFFB9, 0xFFB8, 0xFFB9, 0xFFB9, 0xFFB8,
    0xFFB8, 0xFFB8, 0xFFB8, 0xFFB8, 0xFFB8, 0xFFB8, 0xFFB8, 0xFFB8, 0xFFB8, 0xFF97, 0xFF97, 0xFF97, 0xFF97, 0xFF97, 0xFF97, 0xFF77,
    0xFF77, 0xFF76, 0xFF97, 0xFF56, 0xEE72, 0xF6B2, 0xDDAF, 0xD52D, 0xD50D, 0xCD0D, 0xCD0D, 0xCD0D, 0xCD0D, 0xCCED, 0xCCED, 0xCCED,
    0xCCED, 0xC4EC, 0xC4CC, 0xCCCC, 0xC4AC, 0x8A03, 0xDDD1, 0xFF58, 0xF6B5, 0xEE53, 0xEE53, 0xEE53, 0xEE32, 0xEE31, 0xF631, 0xEE30,
    0xE5CE, 0xE5AE, 0xE5CF, 0xE5CE, 0xDD4C, 0xDD4C, 0xDD4C, 0xDD2B, 0xD4A9, 0xD489, 0xD48A, 0xD48A, 0xD48A, 0xD489, 0xD489, 0xD469,
    0xD4AA, 0xDCEB, 0xDCEB, 0xDCEA, 0xD4EB, 0xDD4D, 0xEE11, 0xA3A9, 0x7181, 0xA2E5, 0x9284, 0x9284, 0x9284, 0x9284, 0x9284, 0x9284,
    0x9284, 0x9264, 0x8A64, 0x9264, 0x9264, 0x9284, 0x9264, 0x8A64, 0x9284, 0x9B06, 0x7A03, 0x6941, 0x7182, 0x8244, 0xBC0B, 0xC42C,
    0xBBEA, 0xB388, 0xBBA8, 0xBBC9, 0xB3A8, 0xB388, 0xB388, 0xB3A8, 0xBBE9, 0xB3C8, 0xBBC8, 0xBBC8, 0xBBE9, 0xC409, 0xC409, 0xC42A,
    0xC44A, 0xC44A, 0xC44A, 0xCC8A, 0xB3C9, 0x6120, 0x9B07, 0xC48C, 0xBC4B, 0xBC6B, 0xBC6B, 0xC4CC, 0xD54F, 0xCD4F, 0xCD4F, 0xCD4F,
    0xD54F, 0xD54F, 0xCD2E, 0xCD4F, 0xD56F, 0xD56F, 0xD570, 0xD570, 0xD570, 0xD590, 0xD590, 0xD590, 0xD590, 0xD590, 0xD590, 0xD590,
    0xF672, 0xF651, 0xEE31, 0xEE10, 0xEDCF, 0xEDF0, 0xEDD0, 0xE56E, 0xE56E, 0xE56E, 0xE58F, 0xE58F, 0xEDAF, 0xEDCF, 0xEDCF, 0xF611,
    0xF651, 0xF610, 0xEDF0, 0xF610, 0xEDF0, 0xEDF0, 0xEDF0, 0xEDF0, 0xEDF0, 0xEDEF, 0xEDCF, 0xEDAF, 0xEE51, 0xFF36, 0xFF36, 0xFF98,
    0xFF98, 0xFFB9, 0xFF78, 0xFF78, 0xFF98, 0xFF99, 0xFFB8, 0xFF78, 0xFF57, 0xFF98, 0xFFB9, 0xFF99, 0xFF98, 0xFFB9, 0xFFB9, 0xFF77,
    0xFF16, 0xFF16, 0xFF36, 0xFF36, 0xFF15, 0xFF15, 0xFF15, 0xFF36, 0xF6D4, 0xF651, 0xF631, 0xF630, 0xEDEF, 0xE58E, 0xE58E, 0xED8E,
    0xEDCF, 0xEDCF, 0xEDEF, 0xF651, 0xFE71, 0xFE71, 0xFE51, 0xF650, 0xF650, 0xF630, 0xFE51, 0xFE71, 0xFE51, 0xF610, 0xF610, 0xFE30,
    0xF631, 0xFF35, 0xFF98, 0xFF97, 0xFF97, 0xFFB8, 0xFFB8, 0xFFB8, 0xFFD9, 0xFF98, 0xFF77, 0xFFB9, 0xFFB8, 0xFFB8, 0xFFB9, 0xFFB8,
    0xFFB8, 0xFFB8, 0xFFB8, 0xFFB8, 0xFFB8, 0xFFB8, 0xFFB8, 0xFFB8, 0xFFB8, 0xFF97, 0xFF97, 0xFF97, 0xFFB8, 0xFFB8, 0xFF97, 0xFF97,
    0xFF97, 0xFF97, 0xFF97, 0xFF77, 0xFF77, 0xF714, 0xF671, 0xF6B2, 0xD56E, 0xCCEC, 0xCD0D, 0xCD0D, 0xCD0D, 0xCD0D, 0xCCED, 0xCCEC,
    0xCCEC, 0xCCEC, 0xCCED, 0xCCCC, 0xC48B, 0x8A23, 0xDDD1, 0xFF58, 0xF6B5, 0xEE53, 0xEE73, 0xEE53, 0xEE52, 0xF651, 0xF651, 0xEE30,
    0xE5CE, 0xE5CE, 0xE5CE, 0xEDCF, 0xE5AE, 0xDD4C, 0xDD4C, 0xE52B, 0xD4A9, 0xD489, 0xD48A, 0xD48A, 0xD48A, 0xD4AA, 0xD4AA, 0xD4AA,
    0xD4CA, 0xDCEA, 0xD4EA, 0xDD0C, 0xDD6D, 0xD52D, 0x92C7, 0x8224, 0x81E3, 0x9AC5, 0xA305, 0xA306, 0xA306, 0xA306, 0xA305, 0xA305,
    0xA306, 0xA306, 0x92A4, 0x8A44, 0x9264, 0x9264, 0x8A64, 0x9284, 0x9284, 0x9AC5, 0x8203, 0x7182, 0x7181, 0x6961, 0xB3AA, 0xC40B,
    0xBBEA, 0xBBC9, 0xBBA8, 0xB3A8, 0xBBA8, 0xBBC8, 0xBBC8, 0xB3A8, 0xBBE9, 0xC409, 0xC409, 0xC429, 0xC409, 0xC409, 0xC409, 0xC44A,
    0xC44A, 0xC46A, 0xCC6A, 0xCC8A, 0xB3C9, 0x6941, 0x9AE6, 0xC48C, 0xBC6B, 0xBC8B, 0xC4CC, 0xC4CD, 0xCD2E, 0xCD4E, 0xCD4E, 0xCD4F,
    0xD54F, 0xD56F, 0xD56F, 0xD56F, 0xD56F, 0xD56F, 0xD570, 0xD590, 0xD590, 0xD590, 0xD590, 0xD590, 0xD590, 0xD590, 0xD590, 0xD590,
    0xEDF0, 0xEDF0, 0xEDF0, 0xEDF0, 0xEDCF, 0xEDCF, 0xEDCF, 0xE58F, 0xEDAF, 0xE58E, 0xE56E, 0xE56E, 0xEDCF, 0xEDF0, 0xEDCF, 0xF651,
    0xFE72, 0xF672, 0xF651, 0xEDF0, 0xEDF0, 0xEDF0, 0xEDEF, 0xEDF0, 0xEE10, 0xEDF0, 0xF631, 0xFE92, 0xFED3, 0xFF35, 0xFF56, 0xFF77,
    0xFFB8, 0xFFB9, 0xFF78, 0xFF78, 0xFF98, 0xFF98, 0xFF98, 0xFF57, 0xFF57, 0xFFB9, 0xFFB9, 0xFFB9, 0xFFB9, 0xFF99, 0xFF77, 0xFF15,
    0xF6F5, 0xFF36, 0xFF77, 0xFF36, 0xFF56, 0xFF56, 0xFF15, 0xFF14, 0xFED3, 0xF672, 0xF692, 0xF610, 0xEDAF, 0xEDF0, 0xF610, 0xF5EF,
    0xEDCF, 0xEDCF, 0xEDCF, 0xF5EF, 0xF60F, 0xF610, 0xF630, 0xFE50, 0xFE51, 0xF630, 0xF630, 0xF630, 0xF610, 0xF610, 0xF630, 0xF630,
    0xF610, 0xFEF4, 0xFF97, 0xFF77, 0xFF77, 0xFF98, 0xFFB8, 0xFFB8, 0xFF98, 0xFF98, 0xFF98, 0xFFB9, 0xFFB9, 0xFFB8, 0xFFB8, 0xFFB9,
    0xFFB9, 0xFFB9, 0xFFB9, 0xFFB8, 0xFFB8, 0xFFB8, 0xFFB8, 0xFFB8, 0xFFB8, 0xFF98, 0xFF97, 0xFF98, 0xFFB8, 0xFF98, 0xFF77, 0xFF97,
    0xFF97, 0xFF97, 0xFF97, 0xFF97, 0xFFB7, 0xFF35, 0xF6B2, 0xF6B2, 0xEE31, 0xCD2D, 0xCD0C, 0xCD0D, 0xCD2D, 0xCD0D, 0xCCEC, 0xCCEC,
    0xCCEC, 0xCCEC, 0xCCEC, 0xCCEC, 0xC48C, 0x8A03, 0xDDD2, 0xFF58, 0xF6B5, 0xEE53, 0xEE53, 0xEE52, 0xF651, 0xF631, 0xF651, 0xEE30,
    0xEDEF, 0xEDEF, 0xE5CE, 0xEDCE, 0xEDCE, 0xDD4C, 0xDD2B, 0xDD2B, 0xE50B, 0xD4AA, 0xD489, 0xD48A, 0xD489, 0xD4AA, 0xDCEB, 0xDCEB,
    0xDCEB, 0xD4EA, 0xDD0B, 0xDD4D, 0xDD6E, 0xD52D, 0x71A2, 0x9264, 0xA306, 0xA305, 0xA325, 0xA305, 0xA306, 0xA305, 0xA305, 0xA305,
    0xA305, 0xA306, 0x9AA4, 0x9264, 0x9264, 0x9284, 0x9284, 0x9284, 0x9284, 0x92A5, 0x9284, 0x92A5, 0x8223, 0x6961, 0xBBEA, 0xC44B,
    0xC42B, 0xC40A, 0xBBA8, 0xBBA8, 0xBBE8, 0xC408, 0xC3E8, 0xBBE8, 0xBC09, 0xC409, 0xC409, 0xC409, 0xC409, 0xC429, 0xC429, 0xC429,
    0xCC6A, 0xCC6A, 0xCC6A, 0xCC8B, 0xCC8B, 0x6961, 0x9AE6, 0xC46B, 0xBC6B, 0xC4AC, 0xC4CC, 0xC4CD, 0xCD4E, 0xCD4F, 0xCD4F, 0xCD6F,
    0xD56F, 0xD56F, 0xD58F, 0xD58F, 0xD58F, 0xD590, 0xD570, 0xD590, 0xD590, 0xD590, 0xD590, 0xD590, 0xD590, 0xD590, 0xD590, 0xD590,
    0xEDF0, 0xEDF0, 0xEDAF, 0xE5AF, 0xEDAF, 0xEDF0, 0xEE10, 0xEDF0, 0xEDD0, 0xDD4E, 0xDD2D, 0xDD2D, 0xE58E, 0xEDF0, 0xE58F, 0xEDF0,
    0xF651, 0xF651, 0xF631, 0xE5AF, 0xEDF0, 0xEE10, 0xEDF0, 0xF610, 0xEDF0, 0xEDEF, 0xF671, 0xFEB2, 0xFE92, 0xFEF4, 0xFF36, 0xFF57,
    0xFF77, 0xFF77, 0xFF98, 0xFF98, 0xFF98, 0xFF98, 0xFF78, 0xFF77, 0xFF78, 0xFF98, 0xFF98, 0xFF78, 0xFF98, 0xFF98, 0xFF36, 0xFF36,
    0xFF77, 0xFF56, 0xFF36, 0xFF15, 0xFF15, 0xFF15, 0xF672, 0xF631, 0xFEB2, 0xFE92, 0xF651, 0xF5F0, 0xF5EF, 0xF5F0, 0xF5EF, 0xEDCF,
    0xEDCF, 0xEDEF, 0xF5EF, 0xF60F, 0xF60F, 0xF60F, 0xF630, 0xF630, 0xF630, 0xF650, 0xFE71, 0xF610, 0xF5EF, 0xF60F, 0xF610, 0xF630,
    0xF610, 0xF692, 0xFF35, 0xFFB8, 0xFF98, 0xFF98, 0xFFB8, 0xFF98, 0xFF98, 0xFF98, 0xFFB8, 0xFFB9, 0xFFB9, 0xFFB8, 0xFFB8, 0xFFB9,
    0xFFB9, 0xFFB9, 0xFFB8, 0xFF98, 0xFF97, 0xFF98, 0xFF97, 0xFF77, 0xFF77, 0xFF77, 0xFF97, 0xFF97, 0xFF97, 0xFF97, 0xFF97, 0xFF97,
    0xFF97, 0xFF76, 0xFF75, 0xFF55, 0xFF54, 0xFF55, 0xFF14, 0xF692, 0xF692, 0xE5CF, 0xDDAE, 0xD56E, 0xCD2D, 0xCD2D, 0xCD0C, 0xCCEC,
    0xCCED, 0xCCED, 0xCCED, 0xCCEC, 0xC4AC, 0x8A03, 0xDDD2, 0xFF59, 0xF6D5, 0xEE53, 0xF653, 0xF652, 0xF651, 0xF651, 0xF651, 0xEE31,
    0xEDF0, 0xEDEF, 0xEDCF, 0xE5AE, 0xE5AE, 0xDD4C, 0xDD2B, 0xDD2B, 0xE54C, 0xD4A9, 0xD489, 0xD4AA, 0xD4AA, 0xD4CA, 0xDCEB, 0xD4EB,
    0xDCEB, 0xD4EB, 0xDD2C, 0xDD4D, 0xE5AE, 0xDD6E, 0x71A3, 0x9284, 0xAB26, 0xA305, 0xA305, 0xA305, 0xA305, 0xA305, 0xA305, 0xA305,
    0xA305, 0xA325, 0xAB46, 0xAB46, 0xAB46, 0xAB46, 0xAB47, 0xA2E5, 0x8A64, 0x9264, 0x9284, 0x9AC5, 0x8223, 0x6961, 0xBC2A, 0xCC8B,
    0xCC8B, 0xBC2A, 0xB3A8, 0xBBE8, 0xBBE8, 0xC3E8, 0xC3E8, 0xC3E8, 0xC409, 0xC409, 0xC409, 0xC409, 0xC429, 0xC429, 0xC429, 0xC449,
    0xCC69, 0xCC6A, 0xCC69, 0xCCAB, 0xD4EC, 0x6982, 0x9285, 0xB388, 0xBC4B, 0xC4CC, 0xC4AC, 0xC4CD, 0xCD4E, 0xD56F, 0xD56F, 0xCD6F,
    0xCD6F, 0xD56F, 0xD58F, 0xD58F, 0xD58F, 0xD590, 0xD590, 0xD590, 0xD590, 0xD590, 0xD590, 0xD590, 0xD590, 0xD590, 0xD590, 0xD590,
    0xEDF0, 0xEDCF, 0xE56E, 0xDD4E, 0xE56E, 0xE5AF, 0xEDCF, 0xDD4E, 0xD4EC, 0xDD2D, 0xDD2D, 0xDD2D, 0xDD0D, 0xE58E, 0xEDCF, 0xEDCF,
    0xEDF0, 0xEE10, 0xF631, 0xEDF0, 0xEDCF, 0xEDCF, 0xEDCF, 0xF651, 0xF671, 0xF671, 0xF651, 0xE5CF, 0xDD6E, 0xF6B3, 0xFF36, 0xFF57,
    0xFF57, 0xFF77, 0xFF78, 0xFF78, 0xFF77, 0xFF37, 0xFF57, 0xFF57, 0xFF57, 0xFF36, 0xFF36, 0xF736, 0xFF57, 0xFF77, 0xFF78, 0xFF98,
    0xFF77, 0xFEF4, 0xFEB3, 0xFEF4, 0xEE11, 0xE5AF, 0xEDCF, 0xEDF0, 0xF630, 0xF651, 0xF651, 0xF671, 0xFEB2, 0xF630, 0xEDEF, 0xEDCF,
    0xEDCF, 0xF5EF, 0xF630, 0xEDEF, 0xEDEF, 0xF60F, 0xF5EF, 0xF60F, 0xF60F, 0xF630, 0xFE51, 0xF610, 0xF5EF, 0xF5EF, 0xF60F, 0xF60F,
    0xF630, 0xF630, 0xF692, 0xFFB8, 0xFF98, 0xFFB8, 0xFFB9, 0xFFB8, 0xFF98, 0xFFB8, 0xFFB9, 0xFFB9, 0xFFB9, 0xFFB8, 0xFFB8, 0xFFB9,
    0xFF98, 0xFFB8, 0xFFB8, 0xFF98, 0xFF97, 0xFF77, 0xFF97, 0xFF77, 0xFF77, 0xFF77, 0xFF78, 0xFF97, 0xFF98, 0xFF97, 0xFF97, 0xFF97,
    0xFF97, 0xFF55, 0xFF55, 0xFF55, 0xFF55, 0xFF54, 0xFF54, 0xFF55, 0xF6B3, 0xF651, 0xF671, 0xDD8E, 0xCD2D, 0xD52D, 0xCD2D, 0xCD2D,
    0xCD2E, 0xCCED, 0xCCEC, 0xCCEC, 0xC4AC, 0x8A03, 0xDDD2, 0xFF79, 0xF6D5, 0xEE53, 0xF673, 0xF652, 0xF652, 0xF652, 0xF651, 0xF651,
    0xEE10, 0xEDF0, 0xE5CF, 0xE5AE, 0xE58E, 0xE58D, 0xDD4C, 0xDD2B, 0xE52B, 0xDCEB, 0xD4CA, 0xD4AA, 0xDCEB, 0xDCEB, 0xDCEB, 0xD4EB,
    0xDD0B, 0xE54D, 0xDD4D, 0xDD6E, 0xBC4A, 0xAB88, 0x8A24, 0x9AA4, 0xAB06, 0xA305, 0xA305, 0xA305, 0xA305, 0xA305, 0xA305, 0xA305,
    0xA305, 0xA326, 0xAB67, 0xAB67, 0xAB67, 0xAB66, 0xB367, 0xA326, 0x9AC5, 0x9AE5, 0x9AA5, 0x9AA4, 0x8223, 0x6962, 0xBC2B, 0xCC8B,
    0xCC8B, 0xBC09, 0xB387, 0xC408, 0xC408, 0xC408, 0xC408, 0xC408, 0xC408, 0xC409, 0xC408, 0xC408, 0xC429, 0xC449, 0xC449, 0xCC49,
    0xCC69, 0xCC6A, 0xCC6A, 0xCCAB, 0xCCCC, 0x6961, 0x9285, 0xBBA8, 0xB3A8, 0xBBC8, 0xBC2A, 0xC4CC, 0xCD4E, 0xCD4F, 0xD56F, 0xCD6F,
    0xD58F, 0xD58F, 0xD58F, 0xD58F, 0xD58F, 0xD590, 0xD590, 0xD590, 0xD590, 0xD590, 0xD590, 0xD590, 0xD590, 0xD590, 0xD590, 0xD590,
    0xEDF0, 0xEDAF, 0xE56E, 0xE56E, 0xE58E, 0xE58E, 0xE58E, 0xDD4E, 0xDD2D, 0xEDCF, 0xEDD0, 0xEDAF, 0xE58E, 0xE58F, 0xEDAF, 0xEDCF,
    0xEDF0, 0xEE10, 0xF631, 0xE5AF, 0xDD6E, 0xE5AF, 0xEDF0, 0xF651, 0xF672, 0xF672, 0xEDCF, 0xE58E, 0xF672, 0xFEF4, 0xFF36, 0xFF77,
    0xFF77, 0xFF77, 0xFF78, 0xFF78, 0xFF58, 0xFF78, 0xFF16, 0xF716, 0xFF36, 0xFF77, 0xFF77, 0xFF77, 0xFF57, 0xFF77, 0xFF77, 0xFF78,
    0xFF56, 0xF672, 0xF671, 0xF671, 0xEDEF, 0xF5CF, 0xEDEF, 0xEDCF, 0xEDCF, 0xF630, 0xFEB2, 0xFEB2, 0xF692, 0xF650, 0xF610, 0xF630,
    0xF630, 0xEDCF, 0xEDCE, 0xEDAE, 0xEDAE, 0xEDAE, 0xEDCF, 0xF60F, 0xF630, 0xF610, 0xF5F0, 0xF5EF, 0xF5EF, 0xF5EF, 0xF5EF, 0xF60F,
    0xF650, 0xF651, 0xFED3, 0xFFB8, 0xFF98, 0xFF98, 0xFFB8, 0xFFB8, 0xFFB8, 0xFFB9, 0xFFB8, 0xFFB8, 0xFFB9, 0xFFB9, 0xFFB8, 0xFFB8,
    0xFF98, 0xFF98, 0xFFB8, 0xFFB8, 0xFFB8, 0xFFB8, 0xFFB8, 0xFF98, 0xFF98, 0xFF98, 0xFF98, 0xFF97, 0xFF97, 0xFF97, 0xFF97, 0xFF77,
    0xFF76, 0xFF75, 0xFF55, 0xFF55, 0xFF55, 0xFF55, 0xFF55, 0xFF75, 0xFF34, 0xEE71, 0xEE30, 0xEE30, 0xDDCF, 0xD52E, 0xD54E, 0xCD4E,
    0xCD0D, 0xCCED, 0xCCED, 0xCCEC, 0xC4AC, 0x81E2, 0xDDD2, 0xFF79, 0xF6B5, 0xEE53, 0xF672, 0xF652, 0xF652, 0xF652, 0xEE51, 0xEE52,
    0xEE10, 0xEDF0, 0xE5CF, 0xE58E, 0xE58D, 0xE58D, 0xDD2C, 0xDD2B, 0xE52C, 0xDD0B, 0xDD0B, 0xD4AA, 0xDCEB, 0xDCEB, 0xDCEB, 0xDCEB,
    0xDD0B, 0xDD4D, 0xDD6D, 0xE5CF, 0x92C6, 0x7141, 0xB366, 0xAB26, 0xA305, 0xA305, 0xA305, 0xA305, 0xA305, 0xA326, 0xAB26, 0xAB26,
    0xAB26, 0xAB46, 0xAB67, 0xAB67, 0xAB67, 0xAB67, 0xAB66, 0xAB67, 0xAB67, 0xB387, 0x9AC5, 0x9284, 0x8223, 0x6982, 0xBC4B, 0xCC8C,
    0xCC8C, 0xBC0A, 0xB367, 0xC408, 0xC408, 0xC408, 0xC408, 0xC408, 0xC409, 0xCC49, 0xC429, 0xC408, 0xC429, 0xCC6A, 0xCC69, 0xCC69,
    0xCC6A, 0xCC69, 0xC429, 0xCC8A, 0xCCCC, 0x6961, 0x9284, 0xBBC8, 0xB387, 0xB387, 0xBBC8, 0xBC09, 0xBC09, 0xC4CC, 0xD58F, 0xD58F,
    0xD58F, 0xD58F, 0xD58F, 0xD590, 0xD590, 0xD590, 0xD590, 0xD590, 0xD590, 0xD590, 0xD590, 0xD590, 0xD590, 0xD590, 0xD590, 0xD590,
    0xEDD0, 0xEDCF, 0xEDCF, 0xEDAF, 0xEDAF, 0xEDAF, 0xE5AF, 0xEDAF, 0xEDCF, 0xEDD0, 0xEDAF, 0xE58F, 0xEDAF, 0xE5AF, 0xE5AF, 0xEDAF,
    0xE5AF, 0xE5CF, 0xEE31, 0xEDF0, 0xEDF0, 0xF651, 0xF651, 0xF651, 0xF651, 0xF672, 0xF651, 0xF692, 0xFF35, 0xFF35, 0xFF36, 0xFF57,
    0xFF57, 0xFF57, 0xFF78, 0xFF98, 0xFF99, 0xFF78, 0xF716, 0xF6F5, 0xFF36, 0xFF77, 0xFF77, 0xFF77, 0xFF98, 0xFF98, 0xFFB8, 0xFF98,
    0xF6F4, 0xEDCF, 0xEDCF, 0xEDCF, 0xEDCF, 0xF610, 0xF610, 0xEDCF, 0xEDAE, 0xEDAE, 0xEDAE, 0xF630, 0xF630, 0xF630, 0xF630, 0xFE71,
    0xFE71, 0xF630, 0xEDEF, 0xEDAE, 0xEDAE, 0xEDAE, 0xF60F, 0xFE30, 0xF630, 0xF630, 0xF610, 0xF610, 0xF5EF, 0xF5EF, 0xEDCF, 0xF610,
    0xFE50, 0xF651, 0xFEB2, 0xFF76, 0xFF98, 0xFF98, 0xFF98, 0xFFB8, 0xFFB9, 0xFFB9, 0xFFB8, 0xFFB8, 0xFFB9, 0xFFB9, 0xFFB9, 0xFFB8,
    0xFF98, 0xFF98, 0xFFB8, 0xFF98, 0xFF98, 0xFF77, 0xFF98, 0xFF98, 0xFF98, 0xFF98, 0xFF98, 0xFF97, 0xFF97, 0xFF97, 0xFF97, 0xFF77,
    0xFF76, 0xFF75, 0xFF55, 0xFF75, 0xFF55, 0xFF55, 0xFF55, 0xFF55, 0xFF75, 0xFF34, 0xF714, 0xEE51, 0xEE30, 0xD58E, 0xCD2D, 0xD54E,
    0xCD2E, 0xCD2D, 0xCD0D, 0xCCEC, 0xC4AC, 0x8203, 0xDDD2, 0xFF79, 0xF6F6, 0xF6D5, 0xF693, 0xF651, 0xF652, 0xF651, 0xEE31, 0xEE31,
    0xEE10, 0xEDF0, 0xEDF0, 0xE5AE, 0xE58D, 0xE58D, 0xDD4D, 0xDD4C, 0xDD4C, 0xD4EB, 0xDD0B, 0xDD0B, 0xDD0B, 0xDCEB, 0xDCEB, 0xDD0B,
    0xDD0B, 0xDD6D, 0xDD6E, 0x92C6, 0x92A5, 0xAB05, 0xAB25, 0xAB06, 0xA325, 0xA305, 0xA305, 0xA305, 0xA305, 0xA326, 0xAB46, 0xB367,
    0xAB67, 0xAB67, 0xAB67, 0xAB67, 0xAB67, 0xAB67, 0xAB67, 0xAB67, 0xAB67, 0xAB67, 0xA305, 0xA306, 0x8A64, 0x6982, 0xBC2B, 0xD4ED,
    0xD52F, 0xCC8C, 0xBBC8, 0xCC6A, 0xC429, 0xC408, 0xC408, 0xC408, 0xC429, 0xD48A, 0xCC49, 0xC408, 0xC429, 0xD4AA, 0xCC8A, 0xCC6A,
    0xCC6A, 0xD4EC, 0xD52D, 0xD4EC, 0xCCAB, 0x6961, 0x9284, 0xBBC8, 0xBBA7, 0xBBA8, 0xBBA8, 0xBBA8, 0xBBA8, 0xC44A, 0xCC8C, 0xC48B,
    0xCD0E, 0xD590, 0xD590, 0xD590, 0xD590, 0xD590, 0xD590, 0xD590, 0xD590, 0xD590, 0xD590, 0xD590, 0xD590, 0xD590, 0xD590, 0xD590,
    0xEDF0, 0xEDF0, 0xEDF0, 0xEDAF, 0xE58F, 0xE58E, 0xE56E, 0xE58F, 0xEDCF, 0xEDCF, 0xE56E, 0xE56E, 0xE58E, 0xE58E, 0xE58E, 0xE58F,
    0xE58F, 0xE5AF, 0xF651, 0xF611, 0xEDF0, 0xEDCF, 0xE5AF, 0xEDD0, 0xF651, 0xF651, 0xF651, 0xFEB3, 0xFF15, 0xFF35, 0xFF15, 0xFF36,
    0xFF36, 0xFF36, 0xFF57, 0xFF57, 0xFF37, 0xFF57, 0xFF77, 0xF6B4, 0xF693, 0xFEF4, 0xF6D4, 0xF6F4, 0xFF56, 0xFF57, 0xFF57, 0xFF56,
    0xF692, 0xF610, 0xF5EF, 0xEDAF, 0xEDAE, 0xED8E, 0xE56E, 0xE56D, 0xE56D, 0xE56D, 0xE56E, 0xF630, 0xF610, 0xF630, 0xF650, 0xF651,
    0xFE50, 0xFE51, 0xF610, 0xEDCE, 0xF60F, 0xF60F, 0xEDEF, 0xEDCF, 0xF610, 0xFE71, 0xFE92, 0xF630, 0xF5EF, 0xF5EF, 0xF610, 0xF630,
    0xF630, 0xF651, 0xFE51, 0xF6D4, 0xFFD9, 0xFFB9, 0xFFB9, 0xFFB9, 0xFFB9, 0xFFB8, 0xFFB9, 0xFFB9, 0xFFB9, 0xFFB9, 0xFF98, 0xFF98,
    0xFF98, 0xFFB8, 0xFFB8, 0xFF98, 0xFF97, 0xFF77, 0xFF97, 0xFF98, 0xFF98, 0xFF98, 0xFF98, 0xFF98, 0xFF97, 0xFF97, 0xFF97, 0xFF97,
    0xFF97, 0xFF75, 0xFF75, 0xFF75, 0xFF55, 0xFF55, 0xFF55, 0xFF55, 0xFF55, 0xFF75, 0xFF55, 0xEE92, 0xEE71, 0xEE30, 0xDDCF, 0xD52E,
    0xD54E, 0xD54E, 0xCD2D, 0xCD0D, 0x9AE5, 0x6900, 0xD591, 0xFF99, 0xF6F7, 0xF6F7, 0xF693, 0xF651, 0xF652, 0xF651, 0xEE31, 0xEE32,
    0xEE11, 0xE5D0, 0xEDF0, 0xE5CF, 0xE58D, 0xE58D, 0xE58E, 0xE58D, 0xE58D, 0xDD0B, 0xDCEB, 0xDCEB, 0xDCEB, 0xDD0B, 0xDD0B, 0xDD0B,
    0xDD0C, 0xE5AE, 0xE5AF, 0x71C3, 0x8A44, 0xB366, 0xAB25, 0xAB25, 0xAB25, 0xA325, 0xAB26, 0xAB46, 0xAB46, 0xAB46, 0xAB67, 0xAB67,
    0xAB67, 0xB367, 0xB367, 0xB367, 0xAB67, 0xB367, 0xB367, 0xAB67, 0xB367, 0xB367, 0xAB67, 0xB387, 0x92A5, 0x6140, 0x7A03, 0xCCCD,
    0xDD70, 0xCCAD, 0xBBC8, 0xCC6A, 0xC429, 0xC408, 0xCC69, 0xD4EB, 0xD4CB, 0xD4AA, 0xCC49, 0xC449, 0xD4CB, 0xD4CB, 0xD4CB, 0xD4AA,
    0xCC6A, 0xDD6F, 0xEE53, 0xE5B0, 0xCCAB, 0x6961, 0x9284, 0xBBC8, 0xB3A7, 0xBBA8, 0xBBC8, 0xBBC9, 0xBBE9, 0xBC09, 0xC409, 0xBBE9,
    0xC46B, 0xCCED, 0xCCCD, 0xCCCD, 0xD54F, 0xD590, 0xD5B0, 0xD590, 0xD590, 0xD590, 0xD590, 0xD590, 0xD590, 0xD590, 0xD590, 0xD590,
    0xE58F, 0xE58F, 0xE5AF, 0xEDAF, 0xE56E, 0xE56E, 0xE58F, 0xEDAF, 0xEDAF, 0xE58F, 0xDD4E, 0xDD4E, 0xE56E, 0xE58F, 0xE58E, 0xEDF0,
    0xEDF0, 0xEE10, 0xEE10, 0xDD4D, 0xE56E, 0xE56E, 0xE56E, 0xE58F, 0xE5AF, 0xE5AF, 0xEE10, 0xF671, 0xEE31, 0xEE31, 0xF6D4, 0xFF36,
    0xFF36, 0xFF36, 0xF736, 0xFF78, 0xFF78, 0xFF78, 0xF6F5, 0xEE31, 0xEDAF, 0xE58E, 0xEDF0, 0xF651, 0xF631, 0xEE10, 0xF631, 0xF651,
    0xEDF0, 0xEDEF, 0xEDAE, 0xE56E, 0xED8E, 0xED6D, 0xE54D, 0xE56E, 0xED8E, 0xE58E, 0xF630, 0xFE71, 0xF630, 0xF651, 0xF651, 0xF630,
    0xF60F, 0xEDCF, 0xE58E, 0xEDAE, 0xF610, 0xF60F, 0xEDAE, 0xEDAE, 0xF60F, 0xFE50, 0xF630, 0xF610, 0xF5F0, 0xF610, 0xF630, 0xF630,
    0xF610, 0xF631, 0xFE51, 0xF6D3, 0xFF98, 0xFFB8, 0xFFB9, 0xFFB9, 0xFFB8, 0xFFB9, 0xFFB9, 0xFFB9, 0xFFB9, 0xFFB9, 0xFF98, 0xFF98,
    0xFF98, 0xFF98, 0xFF98, 0xFF98, 0xFF98, 0xFF97, 0xFF77, 0xFF97, 0xFF98, 0xFF98, 0xFFB8, 0xFFB8, 0xFFB7, 0xFF97, 0xFF98, 0xFF97,
    0xFF97, 0xFF96, 0xFF96, 0xFF96, 0xFF75, 0xFF54, 0xFF75, 0xFF55, 0xFF54, 0xFF55, 0xFF55, 0xFF76, 0xF6D2, 0xF651, 0xEE51, 0xDD8E,
    0xD54E, 0xD52E, 0xD56E, 0xB3C9, 0x9AE6, 0xBCAD, 0xE674, 0xFF59, 0xF717, 0xF6F7, 0xF693, 0xF651, 0xF652, 0xF652, 0xEE52, 0xEE31,
    0xEE31, 0xEDCF, 0xEDF0, 0xE5CF, 0xE56D, 0xE58D, 0xE58D, 0xE58D, 0xE56D, 0xDD4C, 0xDD0B, 0xDCEB, 0xDCEB, 0xDD0B, 0xDD0B, 0xDD2C,
    0xE5CF, 0xC4AC, 0x8A65, 0x92A5, 0x9AC5, 0xAB46, 0xAB25, 0xAB25, 0xAB26, 0xAB26, 0xAB46, 0xAB67, 0xAB67, 0xAB67, 0xAB67, 0xAB67,
    0xB367, 0xAB67, 0xB367, 0xB367, 0xB367, 0xB367, 0xB367, 0xB367, 0xB367, 0xB367, 0xB367, 0xB387, 0x92A5, 0x6961, 0x79C3, 0xCCEE,
    0xDD70, 0xCCCD, 0xBC0A, 0xCC8B, 0xCC6A, 0xD4AB, 0xD4EC, 0xDD2C, 0xDD2C, 0xDD2D, 0xD4AB, 0xCCAB, 0xD4EC, 0xD4CB, 0xD4EB, 0xD4EB,
    0xD4EB, 0xDD6F, 0xEE33, 0xC4CD, 0x8A65, 0x6961, 0x9285, 0xBBC8, 0xBBA7, 0xBBA8, 0xBBA8, 0xBBE9, 0xBC0A, 0xBC09, 0xC409, 0xC409,
    0xC429, 0xC429, 0xC429, 0xC42A, 0xCCED, 0xD54F, 0xD56F, 0xD56F, 0xD590, 0xD590, 0xD590, 0xD5B0, 0xD590, 0xD590, 0xD590, 0xD590,
    0xE5AF, 0xEDAF, 0xEDD0, 0xEDAF, 0xDD2D, 0xE56E, 0xE58F, 0xE58F, 0xEDAF, 0xEDAF, 0xE58F, 0xE58E, 0xE58F, 0xEDAF, 0xEDCF, 0xEE31,
    0xF672, 0xF651, 0xEE10, 0xDD2D, 0xDD2D, 0xE58E, 0xE5AF, 0xEDAF, 0xEDAF, 0xEDCF, 0xEDCF, 0xE5AF, 0xDD6E, 0xEDF0, 0xFEF4, 0xF6D4,
    0xF6B3, 0xF693, 0xF6D4, 0xF716, 0xF6F5, 0xF6F5, 0xEE31, 0xEDAF, 0xE58E, 0xE56E, 0xEDCF, 0xF610, 0xEDAF, 0xEDAE, 0xF5CF, 0xEDCF,
    0xEDEF, 0xF610, 0xEDCF, 0xEDAF, 0xF5CF, 0xF5EF, 0xF5EF, 0xED8E, 0xE54D, 0xEDAE, 0xF671, 0xFE71, 0xFE51, 0xFE51, 0xF630, 0xF610,
    0xF5EF, 0xED8E, 0xE56D, 0xEDCF, 0xF630, 0xF630, 0xEDCF, 0xEDAE, 0xF610, 0xF610, 0xF610, 0xF610, 0xF610, 0xF630, 0xF630, 0xF610,
    0xF630, 0xFE51, 0xF671, 0xFE51, 0xF6D3, 0xFFD8, 0xFFB9, 0xFFB9, 0xFFB8, 0xFFB9, 0xFFB9, 0xFFB8, 0xFFB9, 0xFFB9, 0xFF98, 0xFF98,
    0xFF98, 0xFF98, 0xFF98, 0xFF98, 0xFF98, 0xFF98, 0xFF98, 0xFF98, 0xFF97, 0xFF77, 0xFFB8, 0xFFB9, 0xFFB8, 0xFF97, 0xFF98, 0xFF97,
    0xFF97, 0xFF97, 0xFFB7, 0xFFB7, 0xFF76, 0xFF54, 0xFF75, 0xFF55, 0xFF76, 0xFF55, 0xFF55, 0xFF76, 0xF6F3, 0xF6B2, 0xF671, 0xEE30,
    0xD56E, 0xD54E, 0xDDAF, 0xA347, 0xA348, 0xFFDA, 0xFF58, 0xFF38, 0xFF17, 0xF717, 0xF693, 0xF652, 0xF652, 0xF652, 0xF652, 0xEE31,
    0xEE11, 0xEDCF, 0xEDCF, 0xE5CF, 0xE5CF, 0xE58E, 0xE56D, 0xE56D, 0xDD6D, 0xE54D, 0xDD2C, 0xDCEB, 0xDD0B, 0xDD0B, 0xDD0B, 0xE58F,
    0xEE32, 0xB42B, 0x6920, 0xB346, 0xB346, 0xAB26, 0xAB26, 0xAB26, 0xAB26, 0xAB26, 0xAB46, 0xAB46, 0xAB67, 0xAB67, 0xAB67, 0xAB67,
    0xB367, 0xB367, 0xB367, 0xB367, 0xB367, 0xB367, 0xB367, 0xB367, 0xB367, 0xB367, 0xB367, 0xAB67, 0xB388, 0x9AC6, 0x69A2, 0xBC4C,
    0xD52F, 0xCCEE, 0xC48C, 0xD4ED, 0xD4ED, 0xDD4E, 0xDD6F, 0xDD8F, 0xDD8F, 0xE5B0, 0xE5B0, 0xDD4E, 0xDD8F, 0xE5B0, 0xE5D0, 0xDD6E,
    0xDD0C, 0xDD8F, 0xEE54, 0xBC6D, 0x6941, 0xAB27, 0xB387, 0xBBA8, 0xBBA8, 0xBBC8, 0xBBC8, 0xBBE9, 0xC40A, 0xC409, 0xC409, 0xC40A,
    0xC429, 0xC429, 0xC429, 0xC429, 0xC46A, 0xC48B, 0xC46A, 0xCCED, 0xDDB1, 0xD5B1, 0xD5B0, 0xD5B0, 0xD5B0, 0xD5B0, 0xD5B0, 0xD5B0,
    0xF610, 0xF610, 0xF610, 0xE58E, 0xDD4E, 0xE58F, 0xE58F, 0xE58E, 0xE56E, 0xE56E, 0xE58F, 0xEDAF, 0xEDF0, 0xEDCF, 0xDD6E, 0xDD0D,
    0xDD0D, 0xD50D, 0xE56E, 0xE56E, 0xDD4D, 0xE5AF, 0xEDAF, 0xEDAF, 0xE5AF, 0xE58E, 0xDD2D, 0xE58E, 0xF651, 0xF672, 0xF672, 0xF651,
    0xF651, 0xF651, 0xF672, 0xF651, 0xF631, 0xEE10, 0xF610, 0xEDF0, 0xEDCF, 0xF610, 0xF610, 0xF630, 0xEDCF, 0xEDAE, 0xEDAE, 0xEDAE,
    0xFE30, 0xFE51, 0xF631, 0xF631, 0xF630, 0xF610, 0xEDCF, 0xEDCF, 0xEDAE, 0xEDCE, 0xF630, 0xFE91, 0xFE71, 0xFE51, 0xF610, 0xEDEF,
    0xEDEF, 0xEDCF, 0xF610, 0xF630, 0xF630, 0xF630, 0xEDAE, 0xE54D, 0xE56D, 0xF5EF, 0xF610, 0xF610, 0xF5F0, 0xF610, 0xF610, 0xEDEF,
    0xEDEF, 0xF630, 0xFE72, 0xFE71, 0xFED3, 0xFFB8, 0xFFB9, 0xFFB9, 0xFFB8, 0xFFB9, 0xFFB8, 0xFFB8, 0xFFB9, 0xFF98, 0xFF98, 0xFF98,
    0xFF98, 0xFF98, 0xFF98, 0xFF77, 0xFF77, 0xFF97, 0xFF97, 0xFF97, 0xFF77, 0xFF77, 0xFF98, 0xFF98, 0xFF98, 0xFF97, 0xFF98, 0xFF97,
    0xFFB7, 0xFF97, 0xFF97, 0xFF97, 0xFF97, 0xFF76, 0xFF76, 0xFF77, 0xFF97, 0xFF55, 0xFF56, 0xFF76, 0xFF77, 0xFF76, 0xF692, 0xF651,
    0xEE10, 0xDD8F, 0xDDAF, 0xAB67, 0x9B07, 0xFF98, 0xFF78, 0xFF58, 0xFF38, 0xFF37, 0xF694, 0xF672, 0xF653, 0xF652, 0xF652, 0xEE52,
    0xEE31, 0xE5CF, 0xE5CF, 0xE5D0, 0xE5F0, 0xE5AE, 0xE56D, 0xE58D, 0xDD2C, 0xDD2C, 0xDD2C, 0xDD0B, 0xDD0B, 0xDD0B, 0xDD2C, 0xDDAF,
    0xEE52, 0xBC6C, 0x7161, 0xAB26, 0xAB46, 0xAB26, 0xAB26, 0xAB26, 0xAB26, 0xAB26, 0xAB26, 0xAB46, 0xAB67, 0xAB67, 0xAB67, 0xAB67,
    0xAB67, 0xAB67, 0xB367, 0xB387, 0xB387, 0xB387, 0xB387, 0xB387, 0xB387, 0xB387, 0xB367, 0xB387, 0xB387, 0xAB27, 0x79E3, 0x6961,
    0xCCEE, 0xD52F, 0xC4AD, 0xDD4F, 0xD54F, 0xDD6F, 0xE5D1, 0xEE12, 0xE613, 0xEE33, 0xE612, 0xD54F, 0xEDF2, 0xEE54, 0xEE53, 0xEE33,
    0xDD8F, 0xDD8F, 0xEE34, 0xC4AD, 0x7182, 0xBBA9, 0xC3E9, 0xBBC8, 0xBBA8, 0xBBC8, 0xBBC8, 0xBBE8, 0xC409, 0xC409, 0xC42A, 0xC42A,
    0xC429, 0xC429, 0xC429, 0xC429, 0xC429, 0xC429, 0xC409, 0xCC8B, 0xD54F, 0xD52E, 0xD56F, 0xD5B0, 0xD5B0, 0xD5B0, 0xD5B0, 0xD5B0,
    0xDD2D, 0xDD2D, 0xDD2D, 0xDD2D, 0xDD2D, 0xDD4E, 0xEDAF, 0xE58F, 0xE56E, 0xE58F, 0xEDAF, 0xEDAF, 0xEDAF, 0xEDAF, 0xE56E, 0xE54E,
    0xE56E, 0xDD6E, 0xDD4D, 0xE56E, 0xE58E, 0xE58E, 0xE58E, 0xE5AE, 0xE5AF, 0xE5AF, 0xF611, 0xF651, 0xFE72, 0xFE93, 0xF631, 0xEDCF,
    0xE58E, 0xE56E, 0xE54D, 0xEDF0, 0xF672, 0xF610, 0xEDCF, 0xEDAF, 0xED8E, 0xEDCF, 0xEDAF, 0xEDAE, 0xED8E, 0xED8E, 0xED8E, 0xED8E,
    0xF5F0, 0xF5F0, 0xF5F0, 0xF631, 0xF610, 0xF5EF, 0xEDEF, 0xF610, 0xF5EF, 0xF5F0, 0xF651, 0xFE72, 0xFE71, 0xFE51, 0xF610, 0xEDCF,
    0xEDCE, 0xF60F, 0xF610, 0xF610, 0xF630, 0xF60F, 0xE58E, 0xDCEC, 0xE54D, 0xF60F, 0xF630, 0xEDEF, 0xEDCE, 0xEDEF, 0xEDEF, 0xF610,
    0xEDEF, 0xF60F, 0xF630, 0xF630, 0xF6B2, 0xFFB8, 0xFFB9, 0xFFB8, 0xFF97, 0xFF98, 0xFF97, 0xFF98, 0xFFB9, 0xFF98, 0xFF98, 0xFF98,
    0xFF98, 0xFF98, 0xFF98, 0xFF77, 0xFF57, 0xFF77, 0xFF97, 0xFF77, 0xFF77, 0xFF98, 0xFF98, 0xFF98, 0xFFB8, 0xFF98, 0xFF98, 0xFF97,
    0xFF97, 0xFF97, 0xFF97, 0xFF97, 0xFFB8, 0xFF98, 0xFF98, 0xFF98, 0xFF97, 0xFF97, 0xFF76, 0xFF76, 0xFF55, 0xFF55, 0xFF55, 0xF6B2,
    0xE5F0, 0xE5AF, 0xEE10, 0xAB88, 0x92C6, 0xFFDA, 0xFFFA, 0xFF79, 0xFF18, 0xFF37, 0xF737, 0xF6B5, 0xEE52, 0xEE53, 0xEE53, 0xF653,
    0xEE32, 0xE5CF, 0xE5F0, 0xE5F0, 0xE5F0, 0xE58E, 0xE56D, 0xE58E, 0xDD0C, 0xD4EB, 0xDD0C, 0xDD0B, 0xDD0B, 0xDD2C, 0xE5F1, 0xD52E,
    0x9285, 0xA306, 0x9AC5, 0xAB26, 0xAB46, 0xAB46, 0xAB46, 0xAB26, 0xAB26, 0xAB26, 0xAB26, 0xAB46, 0xAB46, 0xAB46, 0xAB46, 0xAB67,
    0xAB67, 0xAB67, 0xB387, 0xB387, 0xB387, 0xB387, 0xB387, 0xB387, 0xB387, 0xB387, 0xB387, 0xB387, 0xB387, 0xBBA8, 0xA306, 0x6101,
    0xC48D, 0xD4EF, 0xCCEE, 0xDD70, 0xD54F, 0xDDB1, 0xEE53, 0xEE33, 0xEE54, 0xEE54, 0xEE54, 0xDD91, 0xEE33, 0xEE54, 0xEE54, 0xEE54,
    0xEE12, 0xE5D1, 0xF695, 0xC4CE, 0x6941, 0xB389, 0xC3E9, 0xBBC8, 0xBBA8, 0xBBC8, 0xBBC8, 0xC409, 0xC409, 0xC409, 0xC429, 0xC42A,
    0xC429, 0xC429, 0xC429, 0xC42A, 0xC42A, 0xC42A, 0xC42A, 0xC42A, 0xC44A, 0xC42A, 0xCCCC, 0xDDD1, 0xDDD1, 0xDDD0, 0xDDB0, 0xDDB0,
    0xDCEC, 0xDD2D, 0xDD2D, 0xD50D, 0xD4EC, 0xE56E, 0xEDAF, 0xE58F, 0xE5AF, 0xEDCF, 0xEDCF, 0xE5AF, 0xE58E, 0xE58F, 0xEDAF, 0xE5AF,
    0xEE10, 0xF692, 0xF631, 0xEDAF, 0xEE11, 0xF672, 0xF692, 0xEE30, 0xF631, 0xFE93, 0xFE93, 0xF672, 0xE5F0, 0xF693, 0xF652, 0xE56E,
    0xE54D, 0xE56D, 0xE56E, 0xF630, 0xF672, 0xEE10, 0xE58E, 0xED8E, 0xED8E, 0xEDAF, 0xF610, 0xF631, 0xEDAF, 0xE54D, 0xED8E, 0xEDCF,
    0xEDCF, 0xEDCF, 0xF610, 0xF631, 0xF610, 0xEDCF, 0xEDCF, 0xEDAF, 0xF610, 0xFE71, 0xFE51, 0xF651, 0xF651, 0xF631, 0xF610, 0xEDF0,
    0xF5EF, 0xF650, 0xF630, 0xF610, 0xF60F, 0xF60F, 0xF5EF, 0xEDCF, 0xF610, 0xF630, 0xF630, 0xF5EF, 0xEDCE, 0xF610, 0xF610, 0xF610,
    0xEDCF, 0xE56D, 0xEDEF, 0xF610, 0xF671, 0xFF77, 0xFF98, 0xFFB8, 0xFF98, 0xFF97, 0xFF77, 0xFFB8, 0xFF98, 0xFF77, 0xFF97, 0xFF77,
    0xFF98, 0xFF98, 0xFF98, 0xFF98, 0xFF77, 0xFF98, 0xFF97, 0xFF98, 0xFF98, 0xFF98, 0xFF98, 0xFF98, 0xFF98, 0xFFB8, 0xFF97, 0xFF77,
    0xFF97, 0xFF98, 0xFF98, 0xFFB8, 0xFF97, 0xFF97, 0xFF98, 0xFF98, 0xFF97, 0xFF97, 0xFF76, 0xFF34, 0xFF35, 0xFF35, 0xFF55, 0xF6D3,
    0xEE51, 0xE610, 0xF651, 0xABA8, 0x92A6, 0xFFDA, 0xFFDA, 0xFF58, 0xFF37, 0xFF38, 0xF738, 0xF6B5, 0xEE53, 0xF653, 0xEE53, 0xEE53,
    0xEE32, 0xE5F0, 0xE5F0, 0xE5F0, 0xE5F0, 0xE5AF, 0xDD4D, 0xDD4D, 0xDD2C, 0xD4EB, 0xD50C, 0xDD0B, 0xDD6D, 0xDDB0, 0xEE52, 0xD54F,
    0x7141, 0x9AC4, 0xB366, 0xAB26, 0xAB26, 0xAB46, 0xAB46, 0xAB26, 0xAB26, 0xAB26, 0xAB46, 0xAB46, 0xAB46, 0xAB46, 0xAB46, 0xAB46,
    0xAB67, 0xB387, 0xB387, 0xB3A7, 0xB387, 0xB387, 0xB387, 0xB387, 0xB387, 0xB387, 0xB387, 0xB387, 0xB387, 0xB387, 0xAB26, 0x9AC6,
    0x71A3, 0x9B08, 0xDD91, 0xD570, 0xD550, 0xDDB1, 0xEE53, 0xEE34, 0xEE54, 0xEE54, 0xEE54, 0xDDB1, 0xEE33, 0xEE54, 0xEE54, 0xEE54,
    0xEE54, 0xE5F2, 0xB3EB, 0x9B07, 0x79E3, 0xB3A8, 0xBBE9, 0xBBE9, 0xC3E9, 0xC409, 0xC409, 0xC429, 0xC429, 0xC429, 0xC409, 0xC42A,
    0xC429, 0xC429, 0xC429, 0xC42A, 0xC42A, 0xC42A, 0xC42A, 0xC42A, 0xC42A, 0xC429, 0xCC8B, 0xD50E, 0xCCED, 0xD54E, 0xDDD1, 0xDDD1,
    0xDD2D, 0xEDAF, 0xEDAF, 0xE58E, 0xE5AF, 0xEDD0, 0xE5AF, 0xE5AF, 0xEDD0, 0xF5F0, 0xF610, 0xE5AF, 0xE58E, 0xE58E, 0xE58F, 0xE58F,
    0xF631, 0xFEB3, 0xFED4, 0xFEF5, 0xFF15, 0xFF57, 0xFF57, 0xF6D4, 0xF6B4, 0xFF15, 0xFF15, 0xF6D4, 0xE632, 0xF6D4, 0xF6D4, 0xE5AF,
    0xE54D, 0xE54E, 0xE54E, 0xE56E, 0xE56E, 0xE56E, 0xEDCF, 0xEDCF, 0xEDEF, 0xF631, 0xF671, 0xFE71, 0xF5F0, 0xEDAE, 0xF5EF, 0xEDAF,
    0xEDCF, 0xF610, 0xF610, 0xF5F0, 0xEDCF, 0xEDAF, 0xEDAF, 0xF5EF, 0xFE51, 0xFE51, 0xF651, 0xFE51, 0xFE51, 0xF631, 0xEDEF, 0xF5F0,
    0xF630, 0xF650, 0xF650, 0xF610, 0xF5EF, 0xF610, 0xF650, 0xFE51, 0xFE51, 0xFE50, 0xFE50, 0xF5EF, 0xEDEF, 0xF610, 0xF610, 0xF610,
    0xF5EF, 0xEDCF, 0xF610, 0xF610, 0xF5EF, 0xF6B3, 0xFF97, 0xFFB8, 0xFF98, 0xFF97, 0xFF77, 0xFFB8, 0xFF98, 0xFF98, 0xFF97, 0xFF97,
    0xFF98, 0xFF98, 0xFF77, 0xFF97, 0xFF98, 0xFF97, 0xFF97, 0xFF98, 0xFF98, 0xFF98, 0xFF98, 0xFF77, 0xFF98, 0xFF98, 0xFF97, 0xFF77,
    0xFF97, 0xFF98, 0xFF98, 0xFF98, 0xFF98, 0xFF98, 0xFF98, 0xFF98, 0xFF97, 0xFF98, 0xFF77, 0xFF76, 0xFF97, 0xFF97, 0xFFB7, 0xFF76,
    0xFF55, 0xEE30, 0xF651, 0xABA8, 0x92C6, 0xFFDA, 0xFFDA, 0xFFBA, 0xFFBA, 0xFF38, 0xF738, 0xF6B5, 0xF653, 0xEE53, 0xEE53, 0xEE53,
    0xEE53, 0xEE11, 0xE5D0, 0xE5D0, 0xE5D0, 0xE5CF, 0xDD2D, 0xDD2C, 0xDD2C, 0xD50C, 0xD50B, 0xDD0C, 0xDD8F, 0xDDF2, 0xCD0F, 0xBC6C,
    0x7982, 0x9AC5, 0xB346, 0xAB26, 0xAB46, 0xAB46, 0xAB46, 0xAB46, 0xAB46, 0xAB46, 0xAB46, 0xAB46, 0xAB46, 0xAB46, 0xAB46, 0xB367,
    0xB387, 0xB387, 0xB387, 0xB387, 0xB3A8, 0xB3C8, 0xB3A8, 0xB387, 0xB387, 0xB387, 0xB387, 0xB387, 0xB387, 0xB387, 0xB387, 0xBBC8,
    0x6961, 0x9B07, 0xE5F2, 0xD550, 0xD570, 0xDDB1, 0xEE53, 0xEE33, 0xEE34, 0xEE54, 0xEE54, 0xD5B1, 0xEE33, 0xEE54, 0xEE54, 0xEE54,
    0xEE74, 0xDDB1, 0x6120, 0x9AC6, 0xC44A, 0xBBC9, 0xBBE9, 0xC409, 0xC429, 0xC429, 0xC409, 0xC409, 0xC429, 0xC429, 0xC429, 0xC429,
    0xC429, 0xC429, 0xC42A, 0xC42A, 0xC44A, 0xC44A, 0xC42A, 0xC42A, 0xC42A, 0xCC4A, 0xCC4A, 0xC42A, 0xC42A, 0xCCAC, 0xDD90, 0xD58F,
    0xE58E, 0xE5AF, 0xEDCF, 0xEDF0, 0xEDF0, 0xEDF0, 0xEDAF, 0xE58F, 0xE56E, 0xEE11, 0xF6B4, 0xF693, 0xF6B4, 0xF6D4, 0xF6F5, 0xF6F6,
    0xF736, 0xF736, 0xFF36, 0xFF57, 0xFF57, 0xFF57, 0xF737, 0xFF37, 0xFF57, 0xFF78, 0xFF78, 0xFF78, 0xFF78, 0xFF78, 0xFF36, 0xEDCF,
    0xE54D, 0xE56E, 0xEDCF, 0xEDAF, 0xE5AF, 0xEDCF, 0xEDF0, 0xEDF0, 0xF5F0, 0xEDEF, 0xF610, 0xF610, 0xF5F0, 0xF5F0, 0xEDCF, 0xE54D,
    0xEDCF, 0xEDEF, 0xEDAE, 0xEDAF, 0xF610, 0xF630, 0xF630, 0xFE51, 0xFE71, 0xFE51, 0xFE51, 0xF651, 0xF630, 0xF631, 0xF5F0, 0xF5EF,
    0xF610, 0xF630, 0xF610, 0xF5F0, 0xEDCF, 0xF610, 0xF692, 0xFEB3, 0xF692, 0xFE51, 0xEDEF, 0xEDCF, 0xF631, 0xF631, 0xF610, 0xEDEF,
    0xEE0F, 0xF630, 0xF630, 0xF5EF, 0xF5EF, 0xF6B2, 0xFF77, 0xFF98, 0xFF56, 0xFF97, 0xFF77, 0xFF77, 0xFF98, 0xFF98, 0xFF98, 0xFF98,
    0xFF98, 0xFF98, 0xFF98, 0xFF98, 0xFF97, 0xFF77, 0xFF98, 0xFFB8, 0xFF98, 0xFFB8, 0xFF98, 0xFF97, 0xFFB8, 0xFF98, 0xFF97, 0xFF98,
    0xFF98, 0xFF98, 0xFF98, 0xFF98, 0xFF98, 0xFF98, 0xFF98, 0xFF98, 0xFF97, 0xFF97, 0xFF97, 0xFF97, 0xFF97, 0xFF97, 0xFF97, 0xFF97,
    0xFF34, 0xEE31, 0xF671, 0xABA8, 0x92C6, 0xFFFA, 0xFFDA, 0xFFDA, 0xFFDA, 0xFF38, 0xF718, 0xF6B5, 0xEE53, 0xEE74, 0xEE53, 0xEE53,
    0xEE53, 0xEE32, 0xE5F0, 0xE5D0, 0xE5D0, 0xE5D0, 0xDD4D, 0xDD2C, 0xDD2D, 0xDD2D, 0xDD2C, 0xDD2D, 0xE5D0, 0xDDD1, 0x71C3, 0x8223,
    0xAB26, 0xAB26, 0xAB46, 0xAB46, 0xAB46, 0xAB46, 0xAB46, 0xAB46, 0xAB46, 0xAB46, 0xAB46, 0xAB46, 0xAB46, 0xB367, 0xB367, 0xB387,
    0xB387, 0xB387, 0xB387, 0xB387, 0xB3A8, 0xB3A8, 0xB3A8, 0xB387, 0xB387, 0xB387, 0xB387, 0xB387, 0xB387, 0xB387, 0xB387, 0xBBA8,
    0x8A64, 0x6962, 0xA389, 0xDD91, 0xD550, 0xE5D1, 0xEE53, 0xEE33, 0xEE33, 0xEE54, 0xE613, 0xD571, 0xEE33, 0xEE54, 0xEE54, 0xEE54,
    0xEE74, 0xDDD2, 0x6982, 0x9AE6, 0xC42A, 0xBBC9, 0xBBE9, 0xC409, 0xC429, 0xC429, 0xC429, 0xC429, 0xC429, 0xC429, 0xC429, 0xC429,
    0xC429, 0xC429, 0xC44A, 0xC44A, 0xCC4A, 0xCC4A, 0xC44A, 0xC42A, 0xC42A, 0xC44A, 0xC44A, 0xC44A, 0xC44A, 0xCC6A, 0xCC6A, 0xCC6A,
    0xF631, 0xEE31, 0xEDF0, 0xEDAF, 0xEDCF, 0xEDD0, 0xE58F, 0xEDF0, 0xEE52, 0xF6B4, 0xFF56, 0xFF57, 0xFF78, 0xFF99, 0xFF99, 0xFF99,
    0xFFB9, 0xFF98, 0xFF57, 0xFF57, 0xFF57, 0xFF57, 0xF737, 0xF737, 0xFF37, 0xFF78, 0xFF78, 0xFF98, 0xFF78, 0xFF77, 0xF6F5, 0xE5D0,
    0xDD4D, 0xEDAF, 0xF630, 0xF630, 0xF651, 0xEDF0, 0xE54D, 0xE56E, 0xE56D, 0xED8E, 0xEDCF, 0xEDAF, 0xEDAE, 0xED8E, 0xE58E, 0xED6E,
    0xEDCF, 0xEDCF, 0xEDAE, 0xF610, 0xF631, 0xF631, 0xF630, 0xF651, 0xFE71, 0xFE71, 0xFE71, 0xF631, 0xEDF0, 0xF630, 0xF610, 0xEDEF,
    0xF610, 0xEDEF, 0xF5EF, 0xF651, 0xF651, 0xF651, 0xF692, 0xFE92, 0xF671, 0xF631, 0xEDEF, 0xF610, 0xF651, 0xF651, 0xF631, 0xF610,
    0xEDEF, 0xF630, 0xEDEF, 0xEDCF, 0xEDCF, 0xF6B3, 0xFF15, 0xFF15, 0xFF16, 0xFF97, 0xFF77, 0xFF77, 0xFF77, 0xFF77, 0xFF77, 0xFF77,
    0xFF97, 0xFF98, 0xFF77, 0xFF57, 0xFF77, 0xFFB8, 0xFF98, 0xFF98, 0xFF98, 0xFF77, 0xFF98, 0xFF98, 0xFFB8, 0xFF98, 0xFF97, 0xFF98,
    0xFF98, 0xFF98, 0xFF98, 0xFF97, 0xFF97, 0xFF98, 0xFF98, 0xFF98, 0xFF97, 0xFF97, 0xFF97, 0xFF97, 0xFF97, 0xFF97, 0xFF97, 0xFF76,
    0xFF76, 0xFF56, 0xF6D3, 0xB3C8, 0x9AE6, 0xFFFA, 0xFFDA, 0xFFDA, 0xFFDA, 0xF738, 0xF717, 0xF6F7, 0xF695, 0xEE74, 0xEE73, 0xEE53,
    0xEE53, 0xEE53, 0xEE11, 0xE5D0, 0xE5D0, 0xE5D0, 0xDDAF, 0xDD4D, 0xDD2D, 0xDDB0, 0xDDD1, 0xDDD1, 0xE612, 0xDDD1, 0x79E3, 0x8A44,
    0xB387, 0xAB46, 0xAB46, 0xAB46, 0xAB46, 0xAB46, 0xAB46, 0xAB46, 0xAB46, 0xAB46, 0xAB46, 0xB367, 0xB367, 0xB387, 0xB387, 0xB387,
    0xB387, 0xB387, 0xB3A8, 0xB387, 0xB387, 0xB387, 0xB387, 0xB387, 0xB387, 0xBBA8, 0xBBC8, 0xBBA8, 0xB387, 0xB387, 0xB387, 0xB3A8,
    0xB388, 0x8223, 0x8A85, 0xD550, 0xD530, 0xDDB1, 0xE633, 0xE613, 0xE613, 0xEE74, 0xDDB1, 0xBCAD, 0xE613, 0xEE54, 0xEE54, 0xEE34,
    0xEE54, 0xDDD2, 0x6961, 0x9AE6, 0xC42A, 0xBBE9, 0xBC09, 0xC409, 0xC429, 0xC429, 0xC429, 0xC429, 0xC429, 0xC429, 0xC429, 0xC429,
    0xC429, 0xC44A, 0xC44A, 0xCC4A, 0xC44A, 0xC44A, 0xC44A, 0xC44A, 0xC44A, 0xC44A, 0xC44A, 0xC44A, 0xCC4A, 0xCC6B, 0xCC6A, 0xCC6A,
    0xFED4, 0xFF36, 0xFF15, 0xF6B4, 0xF6D5, 0xF693, 0xEE52, 0xF6F5, 0xFF77, 0xF736, 0xF716, 0xFF37, 0xFF78, 0xFF99, 0xFF99, 0xFF98,
    0xFF98, 0xFF78, 0xFF57, 0xFF37, 0xF717, 0xFF57, 0xFF78, 0xFF78, 0xFF78, 0xFF98, 0xFF78, 0xFF78, 0xFF78, 0xFF78, 0xFF77, 0xFF15,
    0xF671, 0xF630, 0xF651, 0xF631, 0xF610, 0xE56E, 0xDD2D, 0xEDCF, 0xEDAE, 0xEDAE, 0xEDCF, 0xE56D, 0xE54D, 0xE54D, 0xEDAE, 0xEDAE,
    0xEDEF, 0xF610, 0xF5EF, 0xEDEF, 0xEDEF, 0xEDCF, 0xEDCF, 0xF631, 0xFE71, 0xF651, 0xFE71, 0xF631, 0xEDEF, 0xF5F0, 0xEDCF, 0xEDCF,
    0xF610, 0xF651, 0xF671, 0xFEB2, 0xFEB2, 0xF651, 0xF651, 0xF610, 0xE5AE, 0xEDAF, 0xF610, 0xF651, 0xF631, 0xF631, 0xF631, 0xFE51,
    0xF651, 0xF651, 0xF630, 0xF630, 0xF610, 0xF651, 0xF6B3, 0xFF56, 0xFF77, 0xFF97, 0xFF77, 0xFF77, 0xFF98, 0xFF98, 0xFF77, 0xFF56,
    0xFF57, 0xFF77, 0xFF56, 0xFF56, 0xFF98, 0xFFB8, 0xFF98, 0xFF98, 0xFF98, 0xFF77, 0xFF98, 0xFFB8, 0xFF98, 0xFF98, 0xFF97, 0xFF97,
    0xFF97, 0xFF98, 0xFF98, 0xFF98, 0xFF98, 0xFF98, 0xFF98, 0xFF98, 0xFF97, 0xFF97, 0xFF97, 0xFF97, 0xFF97, 0xFF97, 0xFF97, 0xFF77,
    0xFF76, 0xFF56, 0xFF95, 0xAB88, 0x9AE7, 0xFFFB, 0xFFDA, 0xFFDA, 0xFFDA, 0xFF79, 0xFEF7, 0xF6F7, 0xF6D6, 0xF674, 0xEE73, 0xEE53,
    0xEE53, 0xEE53, 0xEE12, 0xE5F1, 0xE5F0, 0xE5D0, 0xE5D0, 0xDD6E, 0xDD2D, 0xE5D1, 0xDDF2, 0xDDF2, 0xE5F2, 0xDDD1, 0x79E3, 0x8A44,
    0xB367, 0xAB46, 0xAB46, 0xAB46, 0xAB46, 0xAB46, 0xAB46, 0xAB46, 0xAB46, 0xB367, 0xAB67, 0xB387, 0xB3A8, 0xB387, 0xB387, 0xB387,
    0xB387, 0xB387, 0xB387, 0xB387, 0xB387, 0xB387, 0xB387, 0xB387, 0xB387, 0xBBC9, 0xC429, 0xBBC8, 0xB387, 0xB387, 0xB387, 0xB387,
    0xB3A7, 0xB387, 0x81E3, 0x7A04, 0xD550, 0xEE53, 0xEE54, 0xEE54, 0xF695, 0xBCAD, 0xABCA, 0xC4EE, 0xE5F3, 0xEE34, 0xE633, 0xF674,
    0xDDD2, 0x92E7, 0xB367, 0xB3A8, 0xC40A, 0xC42A, 0xC42A, 0xC429, 0xC429, 0xC429, 0xC429, 0xC429, 0xC429, 0xC429, 0xC429, 0xC42A,
    0xC429, 0xC44A, 0xC44A, 0xC44A, 0xCC4A, 0xC44A, 0xC44A, 0xCC6A, 0xCC6A, 0xC44A, 0xC44A, 0xC44A, 0xC44A, 0xCC4A, 0xCC4A, 0xCC6A,
    0xFF16, 0xFF57, 0xFF78, 0xFFB9, 0xFFB9, 0xFF98, 0xFF98, 0xFF78, 0xFF98, 0xFF78, 0xFF78, 0xFF78, 0xFFB9, 0xFF99, 0xFF99, 0xFF57,
    0xF737, 0xFF37, 0xFF57, 0xFF37, 0xF737, 0xFF37, 0xFF78, 0xFF98, 0xFF98, 0xFF98, 0xFF78, 0xFF57, 0xF737, 0xFF78, 0xFF98, 0xF715,
    0xF692, 0xF671, 0xF630, 0xEDCF, 0xE5AE, 0xE54E, 0xEDAF, 0xF651, 0xEDF0, 0xE58E, 0xE56E, 0xE52D, 0xDCCB, 0xDCEC, 0xED8E, 0xEDCF,
    0xF5F0, 0xEDAF, 0xEDCF, 0xEDCF, 0xF5EF, 0xF610, 0xF5F0, 0xF610, 0xF630, 0xF630, 0xF631, 0xF630, 0xEE10, 0xEDF0, 0xEDF0, 0xEDF0,
    0xF610, 0xFE92, 0xFEB2, 0xF692, 0xFEB2, 0xEDF0, 0xF610, 0xFE92, 0xF651, 0xF610, 0xFE92, 0xFE92, 0xF630, 0xEE10, 0xF630, 0xF651,
    0xF671, 0xF671, 0xF671, 0xFE92, 0xF630, 0xF630, 0xF692, 0xFF97, 0xFF97, 0xFF97, 0xFF77, 0xFF78, 0xFFB8, 0xFF77, 0xFF77, 0xFF77,
    0xFF77, 0xFF57, 0xF736, 0xFF77, 0xFFB8, 0xFF98, 0xFF98, 0xFF98, 0xFF98, 0xFF98, 0xFF98, 0xFFB8, 0xFF98, 0xFF98, 0xFF97, 0xFF97,
    0xFF97, 0xFF98, 0xFF98, 0xFF98, 0xFF98, 0xFF98, 0xFF97, 0xFF97, 0xFF97, 0xFF97, 0xFF97, 0xFF77, 0xFF97, 0xFF97, 0xFF97, 0xFF77,
    0xFF76, 0xFF55, 0xFF76, 0xC4AC, 0xABA9, 0xF778, 0xFFDB, 0xFFDA, 0xFFFA, 0xFFDA, 0xF738, 0xF6F7, 0xF6D6, 0xEE74, 0xEE74, 0xEE53,
    0xEE53, 0xEE53, 0xEE33, 0xEE33, 0xE5F1, 0xDDCF, 0xE5B0, 0xDDAF, 0xE5D0, 0xE5D1, 0xDDF1, 0xDDF1, 0xE5F2, 0xDDD1, 0x79E3, 0x8A44,
    0xB367, 0xAB46, 0xAB46, 0xAB46, 0xAB46, 0xAB46, 0xAB46, 0xAB46, 0xAB46, 0xB3A7, 0xB387, 0xB3A7, 0xB3A7, 0xB3A7, 0xB3A7, 0xB3A7,
    0xB3A7, 0xB387, 0xB387, 0xB387, 0xB387, 0xB387, 0xB387, 0xBBA8, 0xBBA8, 0xBBE9, 0xC409, 0xBBE9, 0xB3A8, 0xB3A8, 0xB3A8, 0xB3A8,
    0xB3A7, 0xAB87, 0x92A4, 0x8243, 0x92E7, 0x9B28, 0x9B28, 0x9B28, 0x9B49, 0x71C3, 0x8265, 0xEE53, 0xEE54, 0xEE54, 0xF695, 0xDDB1,
    0x92A6, 0x92A5, 0xCC4A, 0xC42A, 0xC42A, 0xC44A, 0xC42A, 0xC429, 0xC429, 0xC429, 0xC429, 0xC429, 0xC429, 0xC429, 0xC42A, 0xC44A,
    0xC44A, 0xC44A, 0xC44A, 0xC44A, 0xCC4A, 0xC44A, 0xCC4A, 0xCC6A, 0xC44A, 0xCC4A, 0xCC4A, 0xC44A, 0xC44A, 0xC44A, 0xCC4A, 0xCC4A,
    0xFF99, 0xFF78, 0xFF98, 0xFF98, 0xFF98, 0xFF78, 0xFF78, 0xFF78, 0xFF78, 0xFF98, 0xFF99, 0xFF99, 0xFF98, 0xFFB9, 0xFF98, 0xFF57,
    0xF737, 0xF737, 0xFF37, 0xFF37, 0xFF78, 0xFF78, 0xFF78, 0xFF78, 0xFF98, 0xFF98, 0xFF98, 0xFF78, 0xFF57, 0xFF78, 0xFF77, 0xF6B3,
    0xF630, 0xF630, 0xEDF0, 0xEDCF, 0xEDCF, 0xF610, 0xF630, 0xF630, 0xF610, 0xE54E, 0xD50C, 0xE5AE, 0xEDEF, 0xEDCF, 0xDD4E, 0xEDAF,
    0xEDCF, 0xE56E, 0xEDAE, 0xEDAE, 0xEDEF, 0xF630, 0xF5F0, 0xEDCE, 0xF5EF, 0xF5EF, 0xF610, 0xF631, 0xF610, 0xF631, 0xF651, 0xF651,
    0xF671, 0xFE92, 0xF692, 0xFED3, 0xFEF3, 0xFED3, 0xFED3, 0xFEF4, 0xF672, 0xFE72, 0xFEB2, 0xFEB2, 0xFE71, 0xF651, 0xF671, 0xF651,
    0xFE71, 0xF671, 0xF671, 0xF630, 0xF631, 0xF630, 0xF631, 0xF6D4, 0xFF98, 0xFFB8, 0xFF98, 0xFFB8, 0xFF97, 0xFF77, 0xFF97, 0xFF98,
    0xFF98, 0xFF57, 0xFF77, 0xFF98, 0xFF98, 0xFF98, 0xFF98, 0xFF98, 0xFFB8, 0xFF98, 0xFF98, 0xFF98, 0xFF98, 0xFF98, 0xFF97, 0xFF57,
    0xFF77, 0xFF98, 0xFF98, 0xFF97, 0xFF98, 0xFF98, 0xFF97, 0xFF97, 0xFF98, 0xFF97, 0xFF97, 0xFF57, 0xFF97, 0xFF97, 0xFF77, 0xFF77,
    0xFF77, 0xFF76, 0xFF35, 0xFFD8, 0xB42A, 0xB40B, 0xFFFB, 0xFFDA, 0xFFDA, 0xFFFB, 0xFF59, 0xF6B7, 0xF6F7, 0xF6B5, 0xEE74, 0xEE54,
    0xF674, 0xF653, 0xEE33, 0xEE32, 0xE5F1, 0xDDD0, 0xE5B0, 0xDDAF, 0xE5F1, 0xE5F2, 0xE5F1, 0xDDF2, 0xE5F2, 0xDDF2, 0x79E3, 0x8A44,
    0xB387, 0xAB46, 0xAB46, 0xAB46, 0xAB46, 0xAB46, 0xB367, 0xB387, 0xB387, 0xB3A7, 0xB3A7, 0xB3A7, 0xB3A7, 0xB3A7, 0xB3A7, 0xB3A7,
    0xB387, 0xB387, 0xB387, 0xB387, 0xB387, 0xB387, 0xB3A8, 0xBBC8, 0xBBC8, 0xBBC8, 0xBBE9, 0xC409, 0xBBC8, 0xBBA8, 0xB387, 0xB387,
    0xB367, 0xB3A7, 0xCC6A, 0xC48C, 0x7A04, 0x6982, 0x71C3, 0x71C3, 0x71C3, 0x7A03, 0x7A03, 0x8AC6, 0x8AC7, 0x8AA7, 0x8AC7, 0x8A86,
    0xA306, 0xC409, 0xC429, 0xCC4A, 0xCC4A, 0xCC4A, 0xC44A, 0xC429, 0xC429, 0xC429, 0xC429, 0xC429, 0xC429, 0xC429, 0xC42A, 0xC44A,
    0xC44A, 0xCC4A, 0xC44A, 0xC44A, 0xCC4A, 0xCC4A, 0xCC6A, 0xCC6B, 0xC44A, 0xCC4A, 0xCC4A, 0xC44A, 0xC44A, 0xCC4A, 0xCC4A, 0xCC4A,
    0xFF99, 0xFFB9, 0xFFB9, 0xFF98, 0xFF98, 0xFF98, 0xFF78, 0xFF78, 0xFF98, 0xFF98, 0xFF98, 0xFF99, 0xFFB9, 0xFFB9, 0xFF98, 0xFF58,
    0xFF78, 0xFF77, 0xFF37, 0xFF37, 0xFF78, 0xFF78, 0xFF78, 0xFF78, 0xFF98, 0xFF98, 0xFF98, 0xFF98, 0xFF78, 0xFF78, 0xFF77, 0xF6F5,
    0xF671, 0xEDD0, 0xEDF0, 0xF630, 0xF631, 0xF610, 0xEDEF, 0xEDCF, 0xF610, 0xF610, 0xF651, 0xF651, 0xFE51, 0xF631, 0xEE10, 0xF610,
    0xE56D, 0xDD2C, 0xEDAE, 0xEDAE, 0xF5F0, 0xEDF0, 0xEDCF, 0xEDAE, 0xF5EF, 0xEDCF, 0xF610, 0xF630, 0xF630, 0xF631, 0xF672, 0xFE92,
    0xFEB2, 0xFEB2, 0xFED3, 0xFEF4, 0xFEF3, 0xFEF4, 0xFEF4, 0xFED3, 0xF671, 0xF651, 0xF651, 0xF630, 0xF630, 0xF651, 0xF630, 0xEE10,
    0xF630, 0xF671, 0xF651, 0xFE71, 0xFE92, 0xF671, 0xF610, 0xFEB3, 0xFF97, 0xFF98, 0xFF98, 0xFF98, 0xFF98, 0xFF98, 0xFF98, 0xFF98,
    0xFF77, 0xFF77, 0xFF98, 0xFFB8, 0xFF98, 0xFFB8, 0xFF98, 0xFF98, 0xFF98, 0xFF98, 0xFF98, 0xFF98, 0xFF98, 0xFF77, 0xFF97, 0xFF36,
    0xFF56, 0xFF97, 0xFF98, 0xFF97, 0xFF98, 0xFF98, 0xFF97, 0xFF98, 0xFF98, 0xFF98, 0xFF77, 0xFF56, 0xFF98, 0xFFB8, 0xFF98, 0xFF97,
    0xFF77, 0xFF56, 0xFF55, 0xFFB7, 0xB3E9, 0xBC0A, 0xFFFC, 0xFFDA, 0xFFDA, 0xFFFA, 0xFF99, 0xF717, 0xF6F7, 0xF6F7, 0xEE74, 0xF674,
    0xEE53, 0xEE33, 0xEE32, 0xEE32, 0xE5F1, 0xE5D0, 0xDDD0, 0xDDCF, 0xE5F1, 0xE5F2, 0xE5F2, 0xE5F2, 0xE612, 0xE5F1, 0x71E3, 0x8A44,
    0xB387, 0xAB46, 0xAB66, 0xAB66, 0xAB66, 0xB387, 0xB387, 0xBBA7, 0xBBA8, 0xBBA7, 0xBBA7, 0xB3A8, 0xB3A8, 0xB3A8, 0xB3A7, 0xB3A8,
    0xB387, 0xB387, 0xB387, 0xB387, 0xB387, 0xB387, 0xB387, 0xBBA8, 0xBBA8, 0xBBC8, 0xBBC8, 0xBBC8, 0xBBE9, 0xBBE9, 0xC44A, 0xC46A,
    0xC46B, 0xC46B, 0xCD0D, 0xD54F, 0xCCCD, 0xC4CD, 0xC4EE, 0xCD0E, 0xCD0E, 0xCD2E, 0xB44B, 0xA367, 0xAB87, 0xAB67, 0xA366, 0xAB87,
    0xD48A, 0xCC6A, 0xCC4A, 0xCC4A, 0xCC4A, 0xCC4A, 0xCC4A, 0xCC4A, 0xC429, 0xC429, 0xC429, 0xC42A, 0xC42A, 0xC429, 0xC44A, 0xC44A,
    0xC44A, 0xCC4A, 0xC44A, 0xC44A, 0xC44A, 0xC44A, 0xCC6A, 0xCC8B, 0xCC6A, 0xCC8B, 0xCC6A, 0xC44A, 0xC44A, 0xCC4A, 0xCC4A, 0xCC4A,
    0xFF99, 0xFFB9, 0xFFB9, 0xFF99, 0xFF98, 0xFF78, 0xFF78, 0xFF78, 0xFF98, 0xFF98, 0xFF78, 0xFF78, 0xFF78, 0xFF78, 0xF757, 0xF737,
    0xFF78, 0xFF77, 0xFF57, 0xFF57, 0xFF58, 0xFF78, 0xFF78, 0xFF78, 0xFF57, 0xFF57, 0xFF57, 0xF737, 0xF737, 0xFF57, 0xFF57, 0xFF77,
    0xFEF4, 0xF671, 0xF651, 0xEDF0, 0xEDEF, 0xEDAF, 0xEDAF, 0xEDCF, 0xEDF0, 0xEDEF, 0xF610, 0xEDCF, 0xDD4D, 0xEDEF, 0xF610, 0xEDEF,
    0xE58E, 0xEDAE, 0xF5F0, 0xF5F0, 0xEDAF, 0xDD6E, 0xF5EF, 0xF60F, 0xF610, 0xF610, 0xF610, 0xEDEF, 0xEDCF, 0xF610, 0xF651, 0xFE92,
    0xFE92, 0xFEB2, 0xFEB3, 0xF692, 0xF692, 0xF652, 0xF651, 0xFE92, 0xF651, 0xF610, 0xF651, 0xF651, 0xF630, 0xF651, 0xF630, 0xF610,
    0xF630, 0xF651, 0xF691, 0xFE92, 0xFE71, 0xF631, 0xF630, 0xFE92, 0xFEF4, 0xFF35, 0xFF77, 0xFF98, 0xFF98, 0xFF98, 0xFF98, 0xFF98,
    0xFF98, 0xFF98, 0xFF98, 0xFF98, 0xFF98, 0xFF98, 0xFF98, 0xFF98, 0xFF77, 0xFF97, 0xFF97, 0xFF98, 0xFF98, 0xFF98, 0xFF77, 0xFF56,
    0xFF77, 0xFF97, 0xFF97, 0xFF97, 0xFF98, 0xFF98, 0xFF98, 0xFF97, 0xFF97, 0xFF98, 0xFF77, 0xFF57, 0xFF98, 0xFFB8, 0xFF98, 0xFF98,
    0xFF97, 0xFF76, 0xFF55, 0xFFF9, 0xB3E9, 0xB3CA, 0xFFFC, 0xFFDA, 0xFFDA, 0xFFDA, 0xFFDA, 0xFFB9, 0xF6F7, 0xF6F7, 0xEE74, 0xF674,
    0xEE12, 0xEE32, 0xEE32, 0xEE12, 0xE5F1, 0xE5D0, 0xDDCF, 0xDDCF, 0xE5F1, 0xE5F2, 0xE5F2, 0xE5F2, 0xE612, 0xDDD1, 0x71C3, 0x8A44,
    0xB387, 0xAB46, 0xB366, 0xAB66, 0xB366, 0xBBA8, 0xBBA7, 0xBBA7, 0xBBA7, 0xBBA7, 0xBBA7, 0xB3A7, 0xB3A7, 0xB3A7, 0xB3A7, 0xB3A7,
    0xB3A7, 0xB3A7, 0xB387, 0xB387, 0xB3A7, 0xBBA8, 0xBBC8, 0xC3E9, 0xBBE9, 0xBBC8, 0xBBA8, 0xBBC8, 0xC44A, 0xC44A, 0xD54E, 0xDD8F,
    0xD590, 0xD58F, 0xD56F, 0xD56F, 0xCD0E, 0xC4ED, 0xCD0E, 0xCD0E, 0xCD0E, 0xCD0E, 0xD52E, 0xDD6B, 0xE54A, 0xE56B, 0xE56B, 0xDD4A,
    0xD4CA, 0xCC6A, 0xCC4A, 0xCC4A, 0xCC6A, 0xCC4A, 0xCC4A, 0xCC4A, 0xCC4A, 0xC44A, 0xC42A, 0xC42A, 0xC42A, 0xCC4A, 0xCC4A, 0xCC6B,
    0xCC6A, 0xCC4A, 0xCC4A, 0xCC4A, 0xCC6A, 0xCC6A, 0xCC6A, 0xCC8B, 0xCC8B, 0xCC8B, 0xCC6B, 0xC44A, 0xC44A, 0xCC4A, 0xCC4A, 0xCC4A,
    0xFF78, 0xFF57, 0xFF78, 0xFF78, 0xFF98, 0xFF78, 0xFF98, 0xFF98, 0xFF57, 0xFF57, 0xFF57, 0xF737, 0xF717, 0xFF58, 0xFF78, 0xFF98,
    0xFF57, 0xFF57, 0xFF78, 0xFF77, 0xFF77, 0xFF77, 0xFF77, 0xFF77, 0xFF57, 0xFF57, 0xFF37, 0xFF57, 0xFF57, 0xFF57, 0xFF57, 0xFF57,
    0xF6D4, 0xF671, 0xF630, 0xEDF0, 0xEDEF, 0xEDCF, 0xE58F, 0xDD4E, 0xF672, 0xFEB2, 0xE5AF, 0xD50C, 0xD4EC, 0xE56D, 0xE56D, 0xEDAE,
    0xE58E, 0xF5EF, 0xEDAF, 0xED8E, 0xE54D, 0xF5F0, 0xF5F0, 0xEDF0, 0xF610, 0xF630, 0xF610, 0xEDCF, 0xEDCF, 0xF630, 0xF672, 0xF671,
    0xEE31, 0xF651, 0xF672, 0xF651, 0xF651, 0xF631, 0xF651, 0xFEB2, 0xF651, 0xF651, 0xFE72, 0xF671, 0xF651, 0xF651, 0xF651, 0xFE71,
    0xF651, 0xF651, 0xFE92, 0xFE71, 0xFE51, 0xF630, 0xEDCF, 0xF630, 0xFEB3, 0xFF15, 0xFF97, 0xFF98, 0xFF98, 0xFF98, 0xFF98, 0xFF98,
    0xFF98, 0xFF78, 0xFF98, 0xFFB8, 0xFF98, 0xFFB8, 0xFFB8, 0xFF98, 0xFFB8, 0xFF97, 0xFF57, 0xFF98, 0xFFB8, 0xFF98, 0xFF77, 0xFF77,
    0xFF97, 0xFF97, 0xFFB8, 0xFF98, 0xFF98, 0xFF98, 0xFF98, 0xFF98, 0xFF77, 0xFF98, 0xFFB8, 0xFF98, 0xFFB8, 0xFF98, 0xFF98, 0xFF98,
    0xFF98, 0xFFB8, 0xFF56, 0xAC0A, 0xB44B, 0xDDF1, 0xFFFB, 0xFFDA, 0xFFDA, 0xFFDA, 0xFFDA, 0xFF99, 0xF6F7, 0xF6F7, 0xEE74, 0xEE53,
    0xEE32, 0xEE12, 0xEE12, 0xE612, 0xE612, 0xE5F1, 0xE5F0, 0xDDCF, 0xE5D1, 0xE5F2, 0xE5F1, 0xE5F2, 0xE612, 0xDDD1, 0x71C3, 0x8A44,
    0xB387, 0xAB66, 0xB366, 0xB3A7, 0xBBA7, 0xBBA7, 0xBBA7, 0xBBA7, 0xBBA7, 0xBBA7, 0xBBA7, 0xBBC7, 0xBBA7, 0xBBA7, 0xBBA7, 0xB3A7,
    0xBBA7, 0xB387, 0xB387, 0xB387, 0xB387, 0xBBC8, 0xC46A, 0xC46B, 0xC46A, 0xC44A, 0xC44A, 0xC46B, 0xD52D, 0xD52E, 0xD56F, 0xD56F,
    0xD56F, 0xD56F, 0xD56F, 0xD58F, 0xD58F, 0xD590, 0xD590, 0xD590, 0xD590, 0xDD90, 0xDD8F, 0xD50A, 0xDD09, 0xDD09, 0xD529, 0xD509,
    0xDD4D, 0xD50D, 0xD50D, 0xCCAC, 0xCC2A, 0xCC4A, 0xCC4A, 0xCC4A, 0xCC4A, 0xCC4A, 0xC44A, 0xC42A, 0xCC4A, 0xCC4A, 0xCC4A, 0xCC6B,
    0xCC4A, 0xC44A, 0xCC4A, 0xCC4A, 0xCC6A, 0xCC6B, 0xCC6B, 0xD48B, 0xCC8B, 0xD4AB, 0xCC8B, 0xC44A, 0xCC4A, 0xCC4A, 0xCC4A, 0xCC4A,
    0xFF98, 0xFF77, 0xFF77, 0xFF78, 0xFF78, 0xFF78, 0xFF98, 0xFF98, 0xFF78, 0xFF98, 0xFF99, 0xFF98, 0xFF98, 0xFF78, 0xFF78, 0xFF58,
    0xF737, 0xFF57, 0xFF57, 0xFF77, 0xFF77, 0xFF77, 0xFF57, 0xFF77, 0xFF57, 0xFF57, 0xFF57, 0xFF57, 0xFF57, 0xF716, 0xF736, 0xFF57,
    0xF6D4, 0xF651, 0xF610, 0xEE10, 0xEE10, 0xEDCF, 0xEDCF, 0xF671, 0xF672, 0xE5AF, 0xEDEF, 0xF610, 0xF610, 0xDD4D, 0xE54D, 0xEDAE,
    0xE58E, 0xEDCF, 0xED8E, 0xE54E, 0xED8E, 0xF610, 0xF630, 0xF692, 0xF651, 0xF650, 0xF651, 0xF671, 0xF671, 0xF651, 0xF671, 0xF672,
    0xF651, 0xF651, 0xF651, 0xF671, 0xF672, 0xF671, 0xF671, 0xF692, 0xF651, 0xF651, 0xF672, 0xF671, 0xF651, 0xF651, 0xF651, 0xF631,
    0xF630, 0xFE71, 0xFE71, 0xFE51, 0xF630, 0xF630, 0xF610, 0xF5EF, 0xF651, 0xFEF3, 0xFF76, 0xFF77, 0xFF98, 0xFF98, 0xFF98, 0xFF98,
    0xFFB8, 0xFFB8, 0xFFB8, 0xFFB8, 0xFFB8, 0xFF98, 0xFF98, 0xFF98, 0xFFB8, 0xFF77, 0xFF77, 0xFFB8, 0xFF98, 0xFF98, 0xFF98, 0xFF98,
    0xFF98, 0xFF98, 0xFF98, 0xFF98, 0xFF98, 0xFF98, 0xFF77, 0xFF98, 0xFF77, 0xFF97, 0xFFB8, 0xFFB8, 0xFFB8, 0xFF98, 0xFF98, 0xFF98,
    0xFF98, 0xFFB8, 0xFF57, 0x8A44, 0xDDD0, 0xFFF9, 0xFFBA, 0xFFBA, 0xFFDA, 0xFFDA, 0xFFDA, 0xFF99, 0xF6F7, 0xFEF7, 0xEE54, 0xEE33,
    0xEE32, 0xEE12, 0xEE12, 0xE612, 0xE612, 0xE612, 0xE612, 0xE5F1, 0xDDD0, 0xDDD0, 0xE5F1, 0xE5F2, 0xE612, 0xDDB1, 0x71A3, 0x9264,
    0xB3A7, 0xAB66, 0xB366, 0xBBA7, 0xBBA7, 0xBBA7, 0xBBA7, 0xBBC7, 0xBBC7, 0xBBC7, 0xBBC7, 0xBBC7, 0xBBA7, 0xBBC8, 0xBBC8, 0xBBC8,
    0xBBE8, 0xC42A, 0xC42A, 0xC42A, 0xC42A, 0xC44A, 0xD52D, 0xD54E, 0xD54E, 0xD54F, 0xD56F, 0xD56F, 0xD58F, 0xD58F, 0xD56F, 0xD58F,
    0xD58F, 0xD58F, 0xD58F, 0xD58F, 0xD58F, 0xD590, 0xD590, 0xD590, 0xD590, 0xDD90, 0xDDB0, 0xDD2B, 0xDD29, 0xDD29, 0xDD29, 0xD52A,
    0xDD6D, 0xDD8F, 0xDDAF, 0xDD6E, 0xD4ED, 0xCC6B, 0xCC4A, 0xCC4A, 0xCC4A, 0xCC4A, 0xCC4A, 0xC44A, 0xCC4A, 0xCC4A, 0xCC4A, 0xCC4A,
    0xCC4A, 0xCC4A, 0xCC4A, 0xCC4A, 0xCC6B, 0xD48C, 0xD4AC, 0xD4AC, 0xD4AC, 0xD4AC, 0xCC8B, 0xCC4A, 0xCC6A, 0xCC6A, 0xCC6A, 0xCC4A,
    0xFF98, 0xFF98, 0xFF98, 0xFF78, 0xFF78, 0xFF98, 0xFF98, 0xFF98, 0xFF99, 0xFF99, 0xFFBA, 0xFFB9, 0xFF98, 0xF737, 0xF737, 0xF717,
    0xFF37, 0xFF78, 0xFF57, 0xFF57, 0xFF57, 0xFF57, 0xFF77, 0xFF77, 0xFF57, 0xFF57, 0xF736, 0xF716, 0xF716, 0xF716, 0xF736, 0xFF57,
    0xFF36, 0xF692, 0xF610, 0xF610, 0xEE10, 0xEE10, 0xF630, 0xF631, 0xE5AF, 0xE5AE, 0xF630, 0xFE51, 0xF651, 0xEDF0, 0xE58E, 0xDD2D,
    0xDD2C, 0xE54D, 0xE56E, 0xE54D, 0xE56E, 0xE5AF, 0xEDCF, 0xFE71, 0xFE92, 0xF671, 0xF651, 0xF631, 0xF671, 0xF651, 0xF651, 0xF671,
    0xF651, 0xFE92, 0xFEB2, 0xF671, 0xF672, 0xF672, 0xEE31, 0xEDF0, 0xEDF0, 0xF631, 0xF672, 0xF651, 0xEE30, 0xF631, 0xF610, 0xEDF0,
    0xF630, 0xFE71, 0xFE51, 0xF630, 0xF610, 0xF610, 0xF610, 0xF610, 0xF630, 0xF630, 0xFEB2, 0xFEF4, 0xFF78, 0xFF98, 0xFF97, 0xFF98,
    0xFFB9, 0xFFB9, 0xFFB9, 0xFFB8, 0xFFB8, 0xFF77, 0xFF77, 0xFFB8, 0xFF98, 0xFF77, 0xFF77, 0xFF98, 0xFF98, 0xFF98, 0xFF98, 0xFF98,
    0xFFB8, 0xFF97, 0xFF77, 0xFF98, 0xFFB8, 0xFF98, 0xFF77, 0xFF97, 0xFFB8, 0xFF98, 0xFF98, 0xFF98, 0xFF98, 0xFFB8, 0xFFB8, 0xFF98,
    0xFF98, 0xFFD9, 0xFFB8, 0x9284, 0xDDB0, 0xFF97, 0xFF56, 0xFFD9, 0xFFDA, 0xFFDA, 0xFFDA, 0xFF99, 0xF6F7, 0xFEF7, 0xEE74, 0xEE33,
    0xEE33, 0xEE32, 0xEE12, 0xE612, 0xE612, 0xE612, 0xE612, 0xE612, 0xE5D1, 0xDDB0, 0xE5D1, 0xE5F2, 0xE5F1, 0xD54F, 0x7182, 0x8A44,
    0xB367, 0xB387, 0xB3A7, 0xBBA7, 0xBBA7, 0xBBC7, 0xBBC7, 0xBBC7, 0xBBC7, 0xBBC8, 0xBBC7, 0xBBC7, 0xBBC8, 0xBBE8, 0xBBE8, 0xBBE8,
    0xBC29, 0xD50D, 0xD52E, 0xD52E, 0xD52E, 0xD52E, 0xD56F, 0xD58F, 0xD56F, 0xD56F, 0xD56F, 0xD58F, 0xD56F, 0xD56F, 0xD590, 0xD590,
    0xD58F, 0xD58F, 0xD58F, 0xD58F, 0xD58F, 0xD590, 0xD590, 0xD590, 0xD590, 0xDDB0, 0xD590, 0xDD2B, 0xDD29, 0xDD29, 0xDD2A, 0xDD2A,
    0xDD6D, 0xDD8F, 0xDD8F, 0xDDAF, 0xDDB0, 0xD50E, 0xCD0D, 0xCC6B, 0xCC4A, 0xCC4A, 0xCC4A, 0xCC4A, 0xCC4A, 0xC44A, 0xC449, 0xC449,
    0xC44A, 0xCC4A, 0xCC6A, 0xCC6A, 0xD48B, 0xD4AC, 0xD4AC, 0xD4AC, 0xD4AC, 0xD4AC, 0xCC8B, 0xCC6A, 0xCC6A, 0xCC6A, 0xCC6A, 0xCC4A,
    0xFF78, 0xFF78, 0xFF78, 0xFF78, 0xFF98, 0xFF98, 0xFF98, 0xFF78, 0xFF78, 0xFF99, 0xFF98, 0xFF78, 0xFF78, 0xF737, 0xFF37, 0xFF37,
    0xFF57, 0xFF78, 0xFF37, 0xF716, 0xF6F6, 0xF737, 0xF737, 0xF736, 0xF716, 0xF716, 0xF737, 0xFF37, 0xFF37, 0xFF57, 0xFF77, 0xFF57,
    0xFF15, 0xF692, 0xF630, 0xF630, 0xF610, 0xE5AF, 0xE5AF, 0xE5AF, 0xEDCF, 0xFE51, 0xF651, 0xF610, 0xF631, 0xEDCF, 0xDD4D, 0xE54D,
    0xE56E, 0xED8E, 0xE52D, 0xE54D, 0xEDAF, 0xEDCF, 0xEDCF, 0xEDEF, 0xF610, 0xF671, 0xF651, 0xF671, 0xF651, 0xF631, 0xF651, 0xF672,
    0xFE92, 0xFEB3, 0xFEB3, 0xF671, 0xF672, 0xF672, 0xEE10, 0xF651, 0xF672, 0xF672, 0xF672, 0xF651, 0xF630, 0xF630, 0xF610, 0xF610,
    0xF651, 0xF631, 0xF630, 0xF630, 0xF630, 0xF5EF, 0xF5EF, 0xF630, 0xF630, 0xF60F, 0xF60F, 0xFED3, 0xFFB8, 0xFF77, 0xFF36, 0xFF77,
    0xFFB8, 0xFF98, 0xFF98, 0xFFB8, 0xFFB8, 0xFF97, 0xFF98, 0xFF98, 0xF756, 0xFF98, 0xFF98, 0xFF98, 0xFF98, 0xFF98, 0xFFB8, 0xFF98,
    0xFF56, 0xFF57, 0xFF98, 0xFF98, 0xFF98, 0xFF98, 0xFF98, 0xFF98, 0xFF98, 0xFF98, 0xFFB7, 0xFF98, 0xFF98, 0xFFB8, 0xFFB8, 0xFF98,
    0xFFF9, 0xD5B1, 0xABC9, 0x92C6, 0xDDD0, 0xFF75, 0xFF13, 0xFF77, 0xFFDA, 0xFFDA, 0xFFDA, 0xFF99, 0xFF17, 0xFF17, 0xF6D5, 0xEE53,
    0xEE32, 0xEE33, 0xEE12, 0xEE12, 0xEE12, 0xE612, 0xE612, 0xE612, 0xE5F1, 0xDDB0, 0xDDB0, 0xDDD1, 0xE5D1, 0xCD0E, 0x7182, 0x81E3,
    0xAB46, 0xB3A7, 0xBBA7, 0xBBC7, 0xBBC7, 0xBBA7, 0xBBC7, 0xBBC8, 0xBBE8, 0xBBE8, 0xBBC8, 0xC3E8, 0xC46A, 0xD52E, 0xD52E, 0xD52E,
    0xD52E, 0xD56F, 0xD58F, 0xD58F, 0xD58F, 0xD56F, 0xD56F, 0xD56F, 0xD56F, 0xD56F, 0xD56F, 0xD58F, 0xD58F, 0xD58F, 0xD58F, 0xD58F,
    0xD58F, 0xD58F, 0xD590, 0xD590, 0xD590, 0xD590, 0xD590, 0xD590, 0xD5B0, 0xDD90, 0xDD8F, 0xDD2A, 0xDD29, 0xDD29, 0xDD2A, 0xDD2A,
    0xDD4D, 0xDD90, 0xDD8F, 0xDD8F, 0xDDAF, 0xDDB0, 0xDDB0, 0xCCAC, 0xCC6B, 0xCC6B, 0xCC4A, 0xCC4A, 0xCC4A, 0xCC4A, 0xCC4A, 0xCC4A,
    0xC44A, 0xCC4A, 0xCC8A, 0xD4AB, 0xD4AC, 0xD4AC, 0xD4CC, 0xD4AC, 0xCC8B, 0xCC8B, 0xCC6B, 0xCC6A, 0xCC6A, 0xCC6A, 0xCC6A, 0xCC6A,
    0xFF78, 0xFF78, 0xFF78, 0xFF78, 0xFF98, 0xFF98, 0xFF98, 0xFF98, 0xFF98, 0xFF99, 0xFF58, 0xF717, 0xF716, 0xFF37, 0xFF57, 0xFF57,
    0xFF58, 0xFF57, 0xF716, 0xF716, 0xFF37, 0xFF57, 0xF716, 0xF6F6, 0xF6F5, 0xF716, 0xFF37, 0xFF78, 0xFF78, 0xFF78, 0xFF78, 0xFF16,
    0xF6B3, 0xF671, 0xFE71, 0xEDEF, 0xDD4D, 0xE58E, 0xEDAF, 0xEDCF, 0xF610, 0xF631, 0xF631, 0xEDCF, 0xEDCF, 0xE56E, 0xEDAF, 0xF610,
    0xEDAF, 0xE58E, 0xE56D, 0xED8E, 0xEDCF, 0xEDCF, 0xEDCF, 0xE58E, 0xEDCF, 0xF671, 0xF671, 0xF671, 0xF631, 0xEE31, 0xF672, 0xF672,
    0xFEB3, 0xFEB2, 0xF692, 0xF671, 0xF672, 0xF672, 0xF651, 0xF672, 0xF672, 0xFE72, 0xF651, 0xF610, 0xF630, 0xF630, 0xF631, 0xF630,
    0xF610, 0xF610, 0xF630, 0xFE30, 0xF630, 0xF630, 0xF630, 0xFE50, 0xF630, 0xF5EF, 0xF60F, 0xFED3, 0xFF15, 0xFF15, 0xFF77, 0xFFB8,
    0xFFB8, 0xFFB8, 0xFF98, 0xFFB9, 0xFFB8, 0xFF77, 0xFF57, 0xFF77, 0xFF77, 0xFF98, 0xFF98, 0xFF98, 0xFF98, 0xFFB8, 0xFFB8, 0xFF98,
    0xFF77, 0xFF77, 0xFFB8, 0xFF98, 0xFFB8, 0xFFB8, 0xFFB8, 0xFFB8, 0xFFB8, 0xFF98, 0xFFB8, 0xFF98, 0xFF98, 0xFFB8, 0xFFB8, 0xFF98,
    0xFFFA, 0xBC8C, 0x8A43, 0xF777, 0xF775, 0xFEF2, 0xFEF2, 0xFF13, 0xFFB9, 0xFFDA, 0xFFDA, 0xFFB9, 0xFF18, 0xF716, 0xFEF5, 0xEE53,
    0xEE33, 0xEE33, 0xEE32, 0xEE12, 0xEE12, 0xEE12, 0xE5F2, 0xDDB0, 0xDDB0, 0xDDB0, 0xDDB0, 0xDD90, 0xD54F, 0xCCCD, 0x7162, 0x7141,
    0x9AC5, 0xBBA7, 0xBBA8, 0xBBC7, 0xBBC7, 0xBBA8, 0xBBA7, 0xBBC8, 0xCC49, 0xCC6A, 0xCC8B, 0xCCAB, 0xCCCC, 0xD58F, 0xD590, 0xD590,
    0xD58F, 0xD58F, 0xD58F, 0xD58F, 0xD58F, 0xD58F, 0xD56F, 0xD56F, 0xD56F, 0xD56F, 0xD56F, 0xD58F, 0xD58F, 0xD58F, 0xD58F, 0xD58F,
    0xD58F, 0xD58F, 0xD590, 0xD590, 0xD590, 0xD590, 0xD590, 0xD590, 0xD5B0, 0xDD8F, 0xD54B, 0xDD49, 0xDD2A, 0xDD49, 0xDD29, 0xDD4B,
    0xDD8F, 0xDDB0, 0xDDB0, 0xDDB0, 0xDDB0, 0xDDB0, 0xDDB0, 0xDD8F, 0xDD8F, 0xD54F, 0xC44A, 0xC42A, 0xC42A, 0xC42A, 0xCC4A, 0xCC6A,
    0xCC6B, 0xCC6A, 0xCC6B, 0xCC8B, 0xD4AC, 0xD4AC, 0xCC8B, 0xCC8B, 0xCC8B, 0xCC6B, 0xCC6A, 0xCC6A, 0xCC6A, 0xCC6B, 0xCC6A, 0xCC4A,
    0xFF78, 0xFF57, 0xFF78, 0xFF98, 0xFF98, 0xFF98, 0xFF98, 0xFF99, 0xFF98, 0xFF99, 0xFF57, 0xF737, 0xFF37, 0xFF37, 0xFF37, 0xFF57,
    0xFF57, 0xFF37, 0xF737, 0xFF78, 0xFF57, 0xFF57, 0xFF57, 0xFF57, 0xFF57, 0xFF57, 0xFF57, 0xFF78, 0xFF78, 0xFF58, 0xFF57, 0xF6F5,
    0xFEF5, 0xEE31, 0xE5AE, 0xE58E, 0xED8F, 0xEDAF, 0xEDAF, 0xE58E, 0xEDCF, 0xF631, 0xF630, 0xF5F0, 0xEDCF, 0xEDAF, 0xF5F0, 0xF5F0,
    0xEDAE, 0xE56E, 0xE56E, 0xE56E, 0xEDEF, 0xF630, 0xEE10, 0xEDCF, 0xEDF0, 0xF651, 0xF631, 0xF630, 0xEE10, 0xF651, 0xFE92, 0xF692,
    0xF692, 0xF651, 0xF672, 0xF692, 0xFE92, 0xF672, 0xF651, 0xF671, 0xF672, 0xFE72, 0xF631, 0xF630, 0xF610, 0xF631, 0xF651, 0xEDF0,
    0xEDAE, 0xF610, 0xF630, 0xF630, 0xF630, 0xF610, 0xF630, 0xFE51, 0xFE50, 0xFE30, 0xF630, 0xFE71, 0xF650, 0xFEB2, 0xFF77, 0xFFB8,
    0xFFB9, 0xFFB9, 0xFFB9, 0xFFB8, 0xFF77, 0xFF36, 0xFF56, 0xFF98, 0xFF98, 0xFF98, 0xFF98, 0xFF98, 0xFF98, 0xFF77, 0xFF77, 0xFFB8,
    0xFFB8, 0xFFB8, 0xFFB8, 0xFFB8, 0xFF98, 0xFFB8, 0xFFB8, 0xFFB8, 0xFFB8, 0xFF98, 0xFF77, 0xFF98, 0xFF98, 0xFFB8, 0xFFB8, 0xFF98,
    0xFFF9, 0xC4CD, 0x92A4, 0xFFF8, 0xFF96, 0xFEF1, 0xFE70, 0xF64F, 0xF650, 0xFF14, 0xFFD9, 0xFFB8, 0xFF37, 0xFF16, 0xFEF5, 0xEE53,
    0xEE33, 0xEE32, 0xEE32, 0xEE12, 0xEE32, 0xEE32, 0xE612, 0xDDB0, 0xDDB0, 0xDDB0, 0xD56F, 0xD50D, 0xD50D, 0xCCAC, 0x8A65, 0x7142,
    0x9285, 0xBBC8, 0xBBA7, 0xBBC7, 0xBBC7, 0xBBC8, 0xC429, 0xC46A, 0xCCAB, 0xCCED, 0xD58F, 0xD56F, 0xD58F, 0xD58F, 0xD58F, 0xD58F,
    0xD58F, 0xD58F, 0xD58F, 0xD58F, 0xD58F, 0xD58F, 0xD56F, 0xD56F, 0xD56F, 0xD56F, 0xD58F, 0xD58F, 0xD590, 0xD590, 0xD58F, 0xD590,
    0xD590, 0xD590, 0xD590, 0xD590, 0xD590, 0xD590, 0xD590, 0xD590, 0xD5B0, 0xDD8F, 0xDD2A, 0xDD49, 0xDD49, 0xDD49, 0xDD49, 0xDD6C,
    0xDDB0, 0xDDB0, 0xDDB0, 0xDDB0, 0xDDB0, 0xDDB0, 0xDDB0, 0xDDB0, 0xDDD1, 0xDDB0, 0xD4ED, 0xD4CC, 0xD4CC, 0xD4EC, 0xCC8B, 0xCC6A,
    0xCC6B, 0xCC8B, 0xCC8B, 0xCC8B, 0xD4AC, 0xCC8B, 0xCC6A, 0xCC8B, 0xCC8B, 0xCC8B, 0xCC6A, 0xCC4A, 0xCC6A, 0xCC6A, 0xCC6A, 0xCC6A,
    0xFF78, 0xFF78, 0xFF78, 0xFF78, 0xFF57, 0xFF57, 0xFF57, 0xFF57, 0xFF57, 0xFF57, 0xFF36, 0xFF36, 0xF737, 0xFF37, 0xFF37, 0xFF57,
    0xFF57, 0xFF57, 0xFF57, 0xFF78, 0xFF37, 0xF716, 0xF716, 0xF6F6, 0xFF57, 0xFF57, 0xFF57, 0xFF57, 0xF6F6, 0xF6F6, 0xF6F5, 0xF716,
    0xFF15, 0xEE31, 0xE58E, 0xEDCF, 0xF5CF, 0xE56E, 0xEDCF, 0xDD4D, 0xE58E, 0xF630, 0xF610, 0xF610, 0xEDCF, 0xEDEF, 0xEDEF, 0xEDEF,
    0xED8E, 0xE56D, 0xE56D, 0xED8E, 0xF5EF, 0xF610, 0xF631, 0xF630, 0xF610, 0xF631, 0xF631, 0xF631, 0xEE10, 0xEE31, 0xF651, 0xF692,
    0xF671, 0xF651, 0xF672, 0xFE92, 0xF692, 0xF671, 0xF651, 0xF651, 0xF631, 0xF631, 0xF631, 0xF630, 0xEDCF, 0xEDAF, 0xEDAF, 0xEDAF,
    0xEDCF, 0xF60F, 0xF610, 0xF630, 0xF630, 0xF60F, 0xF630, 0xFE51, 0xFE51, 0xFE51, 0xFE51, 0xFE50, 0xFE71, 0xFED3, 0xFF77, 0xFFB8,
    0xFFB9, 0xFFB9, 0xFFB8, 0xFF98, 0xFF57, 0xFF56, 0xFF77, 0xFF98, 0xFF98, 0xFF98, 0xFF98, 0xFF98, 0xFF98, 0xFF77, 0xFF77, 0xFFB8,
    0xFFB8, 0xFFB8, 0xFFB8, 0xFFB8, 0xFFB8, 0xFFB8, 0xFFB8, 0xFFB8, 0xFFB8, 0xFF98, 0xFF77, 0xFF97, 0xFFB8, 0xFFB8, 0xFFB8, 0xFF98,
    0xFFFA, 0xC4AD, 0x9264, 0xFFB8, 0xFF96, 0xFEF1, 0xF5ED, 0xF5AC, 0xF5AC, 0xF62E, 0xE58E, 0xE5AF, 0xFF36, 0xFF37, 0xFF37, 0xEE94,
    0xEE33, 0xEE33, 0xE633, 0xE5F1, 0xE5F1, 0xE5F1, 0xE5F1, 0xDDB0, 0xDD6E, 0xDD2E, 0xD50D, 0xCCCC, 0xCCEC, 0xCCED, 0xD50D, 0x79C3,
    0x9285, 0xBBC8, 0xBBC8, 0xBBE8, 0xBBE8, 0xC409, 0xCCAB, 0xD50D, 0xD56F, 0xD56F, 0xD56F, 0xD58F, 0xD58F, 0xD58F, 0xD58F, 0xD58F,
    0xD590, 0xD58F, 0xD58F, 0xD58F, 0xD58F, 0xD58F, 0xD58F, 0xD58F, 0xD56F, 0xD58F, 0xD58F, 0xD58F, 0xDD90, 0xD590, 0xD590, 0xD590,
    0xD590, 0xD590, 0xD590, 0xD590, 0xD590, 0xD590, 0xD590, 0xDDB0, 0xDDB0, 0xDD8F, 0xDD4A, 0xDD49, 0xDD49, 0xDD49, 0xDD4A, 0xDD4B,
    0xDDB0, 0xDDB0, 0xDDB0, 0xDDB0, 0xDDB0, 0xDDB0, 0xDDB0, 0xDDB0, 0xDDB0, 0xDDD1, 0xDDF1, 0xDDD1, 0xDD90, 0xDDAF, 0xD4ED, 0xCC8B,
    0xCCAB, 0xCC6B, 0xCC8B, 0xCC8B, 0xCC8B, 0xCC8B, 0xCC6B, 0xCC6B, 0xCC6B, 0xCC6B, 0xCC6B, 0xCC6A, 0xCC4A, 0xCC6A, 0xCC6B, 0xCC6A,
    0xFFB8, 0xFFB8, 0xFF98, 0xFF78, 0xFF57, 0xFF57, 0xFF37, 0xFF37, 0xFF16, 0xFF16, 0xFF15, 0xF716, 0xFF16, 0xFF57, 0xFF57, 0xFF78,
    0xFF58, 0xFF57, 0xFF78, 0xFF78, 0xFF98, 0xFF37, 0xEEB5, 0xEEB5, 0xF6D5, 0xF6F6, 0xF716, 0xFF57, 0xFF57, 0xFF57, 0xFF57, 0xFF57,
    0xFF15, 0xF631, 0xF610, 0xEDAF, 0xE54E, 0xEDAF, 0xEDF0, 0xEDF0, 0xEDCF, 0xEDAF, 0xEDCF, 0xF5F0, 0xEDAF, 0xEDCF, 0xEDAE, 0xE56D,
    0xE54D, 0xE56E, 0xEDCF, 0xF610, 0xF610, 0xEDCF, 0xF651, 0xF651, 0xF671, 0xF651, 0xF671, 0xF651, 0xF631, 0xF651, 0xF672, 0xF672,
    0xF671, 0xF672, 0xEE31, 0xF651, 0xF672, 0xF651, 0xF651, 0xF651, 0xEE10, 0xF630, 0xEDEF, 0xEDCF, 0xEDCF, 0xEDEF, 0xEDAE, 0xE58E,
    0xEDAE, 0xF5EF, 0xF5EF, 0xF5EF, 0xF650, 0xF60F, 0xF630, 0xFE71, 0xFE71, 0xFE71, 0xFE71, 0xFE50, 0xFEF3, 0xFF55, 0xFF98, 0xFFB9,
    0xFFB9, 0xFFB9, 0xFF98, 0xFF98, 0xFFB8, 0xFF97, 0xFF77, 0xFF98, 0xFF98, 0xFF98, 0xFF98, 0xFF98, 0xFF77, 0xFF77, 0xFF97, 0xFF98,
    0xFF98, 0xFF97, 0xFF98, 0xFF98, 0xFFB8, 0xFFB8, 0xFFB8, 0xFFB8, 0xFFB8, 0xFF98, 0xFF98, 0xFF98, 0xFF97, 0xFFB8, 0xFFB8, 0xFFB8,
    0xFFFA, 0xC4AD, 0x9264, 0xFFD8, 0xFF96, 0xFED0, 0xF62E, 0xF62E, 0xF60E, 0xF5ED, 0xCC28, 0xC3E8, 0xD4CB, 0xD50C, 0xD52D, 0xDD4E,
    0xEDF1, 0xEE53, 0xEE32, 0xDD8F, 0xDD6E, 0xDD6F, 0xDD4E, 0xD50D, 0xCC8B, 0xCC4A, 0xCC8A, 0xCC8A, 0xCCAB, 0xCCCC, 0xCCCD, 0x71A2,
    0x92A5, 0xBBE8, 0xBC09, 0xCC8B, 0xCCCB, 0xCCCC, 0xCCCC, 0xCD2D, 0xD56F, 0xD56F, 0xD58F, 0xD58F, 0xD58F, 0xD58F, 0xD58F, 0xD590,
    0xD590, 0xD58F, 0xD58F, 0xD58F, 0xD58F, 0xD58F, 0xD58F, 0xD58F, 0xD58F, 0xD58F, 0xD590, 0xDD90, 0xDD90, 0xD590, 0xD590, 0xD590,
    0xD590, 0xD590, 0xD590, 0xD590, 0xDDB0, 0xDDB0, 0xDDB0, 0xD590, 0xDDB0, 0xDDB0, 0xDD4A, 0xDD49, 0xDD49, 0xDD4A, 0xDD4A, 0xDD4B,
    0xDDB0, 0xDDB0, 0xDDB0, 0xDDB0, 0xDDB0, 0xDDB0, 0xDDB0, 0xDDB0, 0xDDB0, 0xDDB1, 0xDDD1, 0xDDD1, 0xDDB1, 0xDDB0, 0xDDB0, 0xDDD1,
    0xDD6F, 0xD4ED, 0xD50D, 0xD4ED, 0xD4ED, 0xD4AB, 0xCC6B, 0xCC6B, 0xCC6B, 0xCC6B, 0xCC6B, 0xCC6B, 0xCC6B, 0xCC6A, 0xCC6A, 0xCC6A,
    0xFF98, 0xFFB8, 0xFF98, 0xFF98, 0xFF78, 0xFF98, 0xFF98, 0xFF57, 0xFF16, 0xF715, 0xFF15, 0xFF16, 0xFF37, 0xFF58, 0xFF58, 0xFF78,
    0xFF77, 0xFF78, 0xFF78, 0xFF78, 0xFF78, 0xFF57, 0xFF57, 0xFF77, 0xFF77, 0xFF57, 0xFF78, 0xFF78, 0xFF78, 0xFF78, 0xFF78, 0xFF36,
    0xF6D4, 0xFEB3, 0xEDF0, 0xE56E, 0xEDCF, 0xEDCF, 0xE58E, 0xEDAE, 0xEDAF, 0xE58E, 0xEDAF, 0xF610, 0xEE10, 0xF651, 0xE54D, 0xCC8A,
    0xDD0C, 0xE58E, 0xFE30, 0xF651, 0xEDF0, 0xEDF0, 0xFE92, 0xF692, 0xFE92, 0xF671, 0xF672, 0xF672, 0xF671, 0xF651, 0xF651, 0xF692,
    0xFEB2, 0xF672, 0xF631, 0xF6B2, 0xF692, 0xEE10, 0xF651, 0xF651, 0xF610, 0xEDCF, 0xE56E, 0xE58E, 0xF610, 0xF630, 0xEDEF, 0xE5AE,
    0xEDCF, 0xF5EF, 0xEDEF, 0xF650, 0xFEB2, 0xF630, 0xF650, 0xFE71, 0xFE91, 0xFEB2, 0xFE71, 0xFE50, 0xFE91, 0xFED2, 0xFF98, 0xFFB9,
    0xFFB9, 0xFFB8, 0xFF98, 0xFF98, 0xFFB8, 0xFF98, 0xFF77, 0xFF77, 0xFF77, 0xFF98, 0xFF77, 0xFF77, 0xFF98, 0xFF98, 0xFF77, 0xF6F5,
    0xF6F5, 0xF6F5, 0xF716, 0xFF97, 0xFFB8, 0xFFB8, 0xFF98, 0xFF97, 0xFF98, 0xFF98, 0xFF98, 0xFFB8, 0xFFB8, 0xFFB8, 0xFFB8, 0xFFB8,
    0xFFFA, 0xC4AD, 0x9264, 0xFFD9, 0xFFB7, 0xFEB0, 0xFE8F, 0xFED0, 0xFE8F, 0xEDAC, 0xE52B, 0xE50B, 0xD469, 0xCC49, 0xCC49, 0xC408,
    0xCC6A, 0xCCAB, 0xCC8B, 0xC44A, 0xC429, 0xD4ED, 0xDD2D, 0xC429, 0xCC49, 0xCC6A, 0xCC6A, 0xCC6A, 0xCCAB, 0xCCCC, 0xCCCC, 0x7182,
    0x9B06, 0xCCCC, 0xC46B, 0xC4AB, 0xD54E, 0xD54E, 0xD52E, 0xD54E, 0xD56F, 0xD56F, 0xD58F, 0xD58F, 0xD58F, 0xD58F, 0xD58F, 0xD58F,
    0xD590, 0xD590, 0xD58F, 0xD58F, 0xD58F, 0xD58F, 0xD58F, 0xD58F, 0xD58F, 0xD58F, 0xD590, 0xD590, 0xD590, 0xD590, 0xD590, 0xD590,
    0xD590, 0xD590, 0xD590, 0xD590, 0xDDB0, 0xDDB0, 0xDDB0, 0xDDB0, 0xDD6D, 0xDD6C, 0xDD4A, 0xDD4A, 0xDD4A, 0xDD2A, 0xDD4C, 0xDD8E,
    0xDDB0, 0xDDB0, 0xDDB0, 0xDDB0, 0xDDB0, 0xDDB0, 0xDDB0, 0xDDB0, 0xDDD0, 0xDDD1, 0xDDD1, 0xDDD1, 0xDDD1, 0xDDD1, 0xDDD1, 0xDDD1,
    0xDDD1, 0xDDD1, 0xDDD1, 0xE5D1, 0xE5F1, 0xCCCC, 0xCC4A, 0xCC6A, 0xCC6B, 0xCC6B, 0xCC6B, 0xCC6B, 0xCC6B, 0xCC6B, 0xCC6A, 0xCC6A,
    0xFFB9, 0xFFB9, 0xFF98, 0xFF78, 0xFF78, 0xFF99, 0xFF98, 0xFF37, 0xFF16, 0xFF36, 0xFF16, 0xFF37, 0xFF58, 0xFF78, 0xFF78, 0xFF58,
    0xFF78, 0xFF78, 0xFF78, 0xFF57, 0xFF37, 0xFF78, 0xFF98, 0xFF98, 0xFF98, 0xFF98, 0xFF98, 0xFF78, 0xFF78, 0xFF78, 0xFF78, 0xFF36,
    0xF6D4, 0xFED4, 0xF651, 0xF631, 0xEE10, 0xEDEF, 0xE58E, 0xE54D, 0xE56D, 0xEDEF, 0xF651, 0xF672, 0xF692, 0xF692, 0xE56E, 0xD4CC,
    0xE56E, 0xEDAE, 0xF610, 0xF630, 0xF672, 0xFEB3, 0xF672, 0xF630, 0xF651, 0xF671, 0xF672, 0xF671, 0xF630, 0xEDCF, 0xF630, 0xF671,
    0xF650, 0xF692, 0xFED3, 0xFEF4, 0xF651, 0xED8E, 0xEE10, 0xF631, 0xEDCF, 0xE56E, 0xEDAF, 0xF610, 0xF630, 0xF610, 0xF610, 0xEDEF,
    0xF630, 0xF651, 0xF651, 0xFE71, 0xF671, 0xF671, 0xFE91, 0xFE92, 0xFE92, 0xFE92, 0xFEB2, 0xFE91, 0xFE91, 0xFE71, 0xFEF4, 0xFF77,
    0xFFB8, 0xFF98, 0xFF98, 0xFF98, 0xFF98, 0xFF98, 0xFF77, 0xFF98, 0xFF98, 0xFF98, 0xFF98, 0xFF98, 0xFF98, 0xFF98, 0xFF77, 0xFF36,
    0xFF36, 0xF715, 0xFF16, 0xFF97, 0xFFB8, 0xFF98, 0xFF98, 0xFF98, 0xFF98, 0xFF98, 0xFFB8, 0xFFB8, 0xFFB8, 0xFFB8, 0xFFB8, 0xFF98,
    0xFFFA, 0xC4CD, 0x9264, 0xFFD9, 0xFFB7, 0xFEB0, 0xFED1, 0xFEF2, 0xFE90, 0xE56B, 0xED6B, 0xED6C, 0xED6C, 0xED6C, 0xE56C, 0xCC8A,
    0xBBE8, 0xC408, 0xC409, 0xC409, 0xBBC7, 0xC408, 0xC428, 0xCC29, 0xCC8A, 0xCC8A, 0xCC8A, 0xCC8A, 0xCCAB, 0xCCCC, 0xCCCC, 0x7182,
    0x9B06, 0xCCEC, 0xC4AB, 0xCCEC, 0xD56E, 0xD56E, 0xD56E, 0xD56F, 0xD58F, 0xD58F, 0xD58F, 0xD58F, 0xD58F, 0xD58F, 0xD58F, 0xD58F,
    0xD590, 0xD590, 0xD58F, 0xD58F, 0xD58F, 0xD58F, 0xD58F, 0xD58F, 0xD58F, 0xD590, 0xD590, 0xD590, 0xD590, 0xD590, 0xD590, 0xDDB0,
    0xDDB0, 0xD590, 0xD590, 0xDDB0, 0xDDB0, 0xDDB0, 0xDD90, 0xDDB0, 0xDD4B, 0xDD4A, 0xDD4A, 0xDD4A, 0xDD4A, 0xDD2A, 0xDD6C, 0xDDB0,
    0xDDB0, 0xDDB0, 0xDDB0, 0xDDB0, 0xDDD1, 0xDDB0, 0xDDB0, 0xDDD0, 0xDDD1, 0xDDD1, 0xDDD1, 0xDDD1, 0xDDD1, 0xDDD1, 0xDDD1, 0xDDD1,
    0xDDD1, 0xDDD1, 0xDDD1, 0xE5D1, 0xDDD1, 0xDD6F, 0xDD4E, 0xDD4E, 0xCC6B, 0xCC4A, 0xCC4A, 0xCC6A, 0xCC6B, 0xCC6B, 0xCC6B, 0xCC6B,
    0xFFB9, 0xFFB9, 0xFFB9, 0xFF99, 0xFF99, 0xFF99, 0xFF99, 0xFF58, 0xFF37, 0xFF57, 0xFF78, 0xFF78, 0xFF78, 0xFF57, 0xFF57, 0xFF78,
    0xFF78, 0xFF57, 0xF737, 0xF716, 0xF716, 0xF737, 0xF757, 0xFF78, 0xFF98, 0xFF98, 0xFF98, 0xFF78, 0xFF78, 0xFF78, 0xFF78, 0xFF57,
    0xFF15, 0xFED4, 0xFEF4, 0xFED3, 0xF630, 0xEDEF, 0xEDAE, 0xE58E, 0xE5AE, 0xF651, 0xF692, 0xF692, 0xF672, 0xEDCF, 0xE54D, 0xE58E,
    0xF5EF, 0xEDEF, 0xEDCE, 0xF651, 0xFEB2, 0xFE92, 0xF651, 0xF630, 0xF631, 0xF651, 0xF651, 0xF650, 0xF630, 0xF671, 0xFE92, 0xFE72,
    0xF651, 0xF692, 0xFEB2, 0xF651, 0xEE10, 0xEDEF, 0xEDEF, 0xEDCF, 0xEDCF, 0xEDEF, 0xF651, 0xF630, 0xF651, 0xF630, 0xE5AE, 0xEDCF,
    0xF610, 0xF650, 0xF650, 0xFE51, 0xFE71, 0xFE92, 0xFE72, 0xFE92, 0xFE71, 0xFE91, 0xFED2, 0xFE91, 0xFE71, 0xFE71, 0xFEB2, 0xFF36,
    0xFFB8, 0xFF98, 0xFF98, 0xFF98, 0xFF98, 0xFFB8, 0xFFB8, 0xFFB8, 0xFF98, 0xFF98, 0xFF98, 0xFF98, 0xFF98, 0xFF77, 0xFF77, 0xFF77,
    0xFF77, 0xFF16, 0xFF37, 0xFF98, 0xFF98, 0xFF77, 0xFF98, 0xFFB8, 0xFFB8, 0xFFB8, 0xFFB8, 0xFFB8, 0xFFB8, 0xFFB8, 0xFFB8, 0xFF98,
    0xFFFA, 0xC4AD, 0x9285, 0xFFD9, 0xFFB9, 0xFF35, 0xFF56, 0xFF76, 0xFEB0, 0xE56C, 0xE54B, 0xE56B, 0xE54B, 0xE54B, 0xDCEA, 0xCC49,
    0xC428, 0xCC49, 0xCC49, 0xCC29, 0xC408, 0xC408, 0xC3E7, 0xCC49, 0xD4AA, 0xD4AA, 0xD4AA, 0xD4AA, 0xCCAB, 0xCCCC, 0xD50D, 0x7162,
    0x9B07, 0xCD0D, 0xC4CC, 0xD54E, 0xD56F, 0xD56F, 0xD58F, 0xD58F, 0xD58F, 0xD58F, 0xD58F, 0xD58F, 0xD58F, 0xD58F, 0xD58F, 0xDDB0,
    0xD590, 0xD590, 0xDDB0, 0xD58F, 0xD58F, 0xD58F, 0xD58F, 0xD58F, 0xD58F, 0xD590, 0xDD90, 0xD590, 0xD590, 0xDDB0, 0xDDB0, 0xD590,
    0xDDB0, 0xDDB0, 0xDDB0, 0xDDB0, 0xDDB0, 0xDDB0, 0xDDB1, 0xDDB0, 0xDD6C, 0xDD4A, 0xDD4A, 0xDD4A, 0xDD4A, 0xDD4A, 0xDD6C, 0xDDB0,
    0xDDB0, 0xDDB0, 0xDDB0, 0xDDB0, 0xDDB0, 0xDDB0, 0xDDD1, 0xDDD1, 0xDDD1, 0xDDD1, 0xDDD1, 0xDDD1, 0xDDD1, 0xDDD1, 0xDDD1, 0xDDD1,
    0xDDD1, 0xE5D1, 0xDDD1, 0xDDD1, 0xDDF1, 0xDDF1, 0xDDF1, 0xDDF1, 0xD52E, 0xD52E, 0xD52D, 0xC44A, 0xCC4A, 0xCC6A, 0xCC6B, 0xCC6A,
    0xFF98, 0xFF98, 0xFF98, 0xFF98, 0xFF78, 0xFF78, 0xFF78, 0xFF58, 0xFF57, 0xFF57, 0xFF78, 0xFF78, 0xFF98, 0xFF78, 0xFF78, 0xFF78,
    0xFF57, 0xF716, 0xF716, 0xFF57, 0xFF79, 0xFF78, 0xFF98, 0xFF98, 0xFF99, 0xFF98, 0xFF78, 0xFF78, 0xFF78, 0xFF78, 0xFF78, 0xF715,
    0xF6D5, 0xFED4, 0xFED4, 0xFEB3, 0xF672, 0xFE92, 0xF651, 0xF630, 0xF631, 0xF651, 0xF672, 0xF671, 0xEDF0, 0xE56E, 0xE56D, 0xE56D,
    0xE56E, 0xE56E, 0xEDAE, 0xF630, 0xEDEF, 0xEDF0, 0xF630, 0xF610, 0xF630, 0xF630, 0xF610, 0xF651, 0xF651, 0xF651, 0xF671, 0xF671,
    0xF671, 0xF692, 0xFE92, 0xF671, 0xF631, 0xF651, 0xF630, 0xEE10, 0xF631, 0xF651, 0xF630, 0xE58E, 0xEDAF, 0xEDEF, 0xEDEF, 0xEDCF,
    0xF650, 0xF650, 0xEE30, 0xF651, 0xF671, 0xFE72, 0xFE92, 0xFE92, 0xF650, 0xF650, 0xFED2, 0xFF13, 0xFE91, 0xFE50, 0xFED2, 0xFF77,
    0xFF98, 0xFF98, 0xFF98, 0xFF98, 0xFF98, 0xFF98, 0xFF98, 0xFF98, 0xFF98, 0xFF98, 0xFF98, 0xFF98, 0xFF98, 0xFF77, 0xFF77, 0xFF56,
    0xFF36, 0xFF36, 0xFF57, 0xFF98, 0xFF98, 0xFF98, 0xFFB8, 0xFFB8, 0xFFB8, 0xFFB8, 0xFFB8, 0xFFB8, 0xFFB8, 0xFFB8, 0xFFB8, 0xFFB8,
    0xFFFB, 0xC4AD, 0x9285, 0xFFDA, 0xFFB9, 0xFFB9, 0xFFB9, 0xFFB8, 0xFEB1, 0xE56C, 0xE54B, 0xE56C, 0xDCCA, 0xCC48, 0xCC28, 0xCC08,
    0xCC08, 0xCC08, 0xCC28, 0xCC28, 0xCC28, 0xCC28, 0xC3A6, 0xC407, 0xD4AA, 0xD4AA, 0xD4AA, 0xCCAA, 0xCCAA, 0xCCCC, 0xBC2A, 0x7162,
    0x9B07, 0xCD0D, 0xCCCC, 0xD56E, 0xD56F, 0xD56F, 0xD58F, 0xD58F, 0xD58F, 0xD58F, 0xD58F, 0xD58F, 0xD58F, 0xDD90, 0xDD90, 0xDD90,
    0xDD90, 0xD590, 0xD590, 0xD590, 0xD590, 0xD58F, 0xD58F, 0xD590, 0xDD90, 0xDD90, 0xDD90, 0xDDB0, 0xDDB0, 0xDDB0, 0xDDB0, 0xDDB0,
    0xDDB1, 0xDDB0, 0xDDB1, 0xDDB1, 0xDDB1, 0xDDB0, 0xDDB1, 0xDDAF, 0xDD4B, 0xDD4A, 0xDD4A, 0xDD4A, 0xDD4A, 0xDD49, 0xDD6D, 0xDDB0,
    0xDDB0, 0xDDB0, 0xDDB0, 0xDDB0, 0xDDB0, 0xDDB0, 0xDDB0, 0xDDD1, 0xDDD1, 0xDDB0, 0xDDD1, 0xDDD1, 0xDDD1, 0xDDD1, 0xDDD1, 0xE5D1,
    0xDDD1, 0xE5D1, 0xDDD1, 0xDDD1, 0xDDD1, 0xDDD1, 0xDDD1, 0xDDD1, 0xDDF1, 0xE612, 0xDDD1, 0xCC8B, 0xCC6B, 0xCC8B, 0xCC8B, 0xCC4A,
    0xFF98, 0xFFB9, 0xFFB8, 0xFF78, 0xFF78, 0xFF78, 0xFF78, 0xFF78, 0xFF78, 0xFF78, 0xFF78, 0xFF98, 0xFF78, 0xFF58, 0xFF57, 0xF737,
    0xF716, 0xF716, 0xF736, 0xFF78, 0xFF78, 0xFF78, 0xFF78, 0xFF78, 0xFF78, 0xFF57, 0xFF77, 0xFF78, 0xFF78, 0xFF78, 0xFF57, 0xFF36,
    0xFEF5, 0xFEF4, 0xFEF5, 0xF692, 0xF671, 0xF671, 0xEDCF, 0xEDEF, 0xF610, 0xF651, 0xF672, 0xF630, 0xE58E, 0xE56E, 0xE56E, 0xDD0C,
    0xDCEC, 0xDD2D, 0xEDAE, 0xF5EF, 0xE58E, 0xEE10, 0xF651, 0xF630, 0xF651, 0xF630, 0xF651, 0xF651, 0xF651, 0xF631, 0xF651, 0xF651,
    0xF630, 0xF630, 0xF651, 0xFEB2, 0xF651, 0xF610, 0xF630, 0xF631, 0xF630, 0xEDEF, 0xEDCF, 0xE56E, 0xEDCF, 0xF610, 0xF5F0, 0xEE30,
    0xFEB2, 0xF671, 0xF671, 0xF671, 0xF651, 0xFEB2, 0xFED3, 0xFEB2, 0xF630, 0xF650, 0xFEB2, 0xFED2, 0xFE71, 0xFE50, 0xFEF3, 0xFFB8,
    0xFF98, 0xFF98, 0xFF98, 0xFF98, 0xFFB8, 0xFF98, 0xFF98, 0xFF98, 0xFF98, 0xFF98, 0xFF98, 0xFF98, 0xFF98, 0xFF98, 0xFF98, 0xFF56,
    0xFF56, 0xFF97, 0xFF98, 0xFFB8, 0xFFB8, 0xFFB8, 0xFFB8, 0xFFB8, 0xFFB8, 0xFFB8, 0xFFB8, 0xFFB8, 0xFFB8, 0xFFB8, 0xFFB8, 0xFFB8,
    0xFFFB, 0xBC6C, 0x9244, 0xFFFA, 0xFFD9, 0xFF98, 0xFF98, 0xFF98, 0xF670, 0xE54B, 0xE54B, 0xE50A, 0xCC27, 0xCC07, 0xCC08, 0xC408,
    0xCC08, 0xCC28, 0xCC28, 0xCC28, 0xCC28, 0xCC28, 0xBB86, 0xC3C7, 0xD4AA, 0xD4CB, 0xD4AA, 0xCC8A, 0xD4EC, 0xD52E, 0x6962, 0x9AE6,
    0xCCED, 0xC4CC, 0xCCED, 0xD56F, 0xD56F, 0xD58F, 0xD58F, 0xD58F, 0xD58F, 0xD58F, 0xD58F, 0xD58F, 0xDD8F, 0xDD90, 0xDD90, 0xDD90,
    0xD590, 0xD590, 0xD590, 0xDDB0, 0xD590, 0xD590, 0xD590, 0xD590, 0xDD90, 0xDD90, 0xDDB0, 0xDDB0, 0xDDB0, 0xDDB0, 0xDDB1, 0xDDB1,
    0xDDB1, 0xDDB1, 0xDDB1, 0xDDB0, 0xDDB1, 0xDDB0, 0xDDB1, 0xDDAF, 0xDD4A, 0xDD4A, 0xDD4A, 0xDD4A, 0xDD4A, 0xDD4B, 0xDD6D, 0xDDB0,
    0xDDB1, 0xDDD1, 0xDDB1, 0xDDD1, 0xDDB0, 0xDDD0, 0xDDD1, 0xDDD1, 0xDDD1, 0xDDD1, 0xDDD1, 0xDDD1, 0xDDD1, 0xDDD1, 0xE5D1, 0xE5D1,
    0xE5D1, 0xE5D1, 0xDDD1, 0xDDD1, 0xDDD1, 0xDDD1, 0xDDD1, 0xDDD1, 0xDDD1, 0xDDF1, 0xE5F1, 0xE5D1, 0xE5D1, 0xE5F1, 0xD54E, 0xD4CC,
    0xFFB9, 0xFF98, 0xFF78, 0xFF57, 0xFF58, 0xFF78, 0xFF78, 0xFF57, 0xFF58, 0xFF58, 0xFF57, 0xFF58, 0xFF58, 0xFF57, 0xFF57, 0xFF78,
    0xFF78, 0xFF78, 0xFF78, 0xFF78, 0xFF57, 0xFF58, 0xFF78, 0xFF78, 0xFF78, 0xFF57, 0xFF57, 0xFF57, 0xFF57, 0xFF57, 0xFF78, 0xFF57,
    0xFEF6, 0xFF57, 0xFF77, 0xF672, 0xF651, 0xF5EF, 0xE52D, 0xEDCE, 0xF630, 0xF610, 0xF651, 0xF651, 0xEDAF, 0xE5AE, 0xE54D, 0xDD0C,
    0xDCEC, 0xE54D, 0xEDEF, 0xF610, 0xEDCF, 0xF672, 0xFED3, 0xFEB3, 0xFEB3, 0xF692, 0xF692, 0xF671, 0xFE92, 0xF671, 0xF672, 0xF631,
    0xF692, 0xFEB3, 0xFEB3, 0xF651, 0xEE30, 0xF631, 0xF630, 0xF610, 0xF630, 0xE58E, 0xDD0C, 0xDD4D, 0xEDEF, 0xF630, 0xF651, 0xFE92,
    0xFEB2, 0xFE92, 0xFE72, 0xFE92, 0xFEB2, 0xFEB2, 0xF630, 0xF630, 0xF630, 0xF650, 0xFE91, 0xFE91, 0xFE91, 0xFE50, 0xFEF3, 0xFFB8,
    0xFF98, 0xFFB8, 0xFF98, 0xFF98, 0xFFB8, 0xFF98, 0xFFB8, 0xFF98, 0xFF78, 0xFF98, 0xFF98, 0xFF77, 0xFF77, 0xFF57, 0xFF56, 0xFF36,
    0xFF98, 0xFFB8, 0xFFB8, 0xFFB8, 0xFFB8, 0xFFB8, 0xFFB8, 0xFFB9, 0xFFB8, 0xFFB8, 0xFF98, 0xFFB8, 0xFFB8, 0xFFB8, 0xFFB8, 0xFF97,
    0xFFB8, 0xE673, 0xD54F, 0x9B68, 0xDE73, 0xFFB9, 0xFF98, 0xFF77, 0xEE0E, 0xED8C, 0xEDAC, 0xDCC9, 0xC407, 0xCC07, 0xCC28, 0xBBC6,
    0xC408, 0xDCCA, 0xD4AA, 0xD469, 0xCC28, 0xCC28, 0xBB86, 0xBB65, 0xD4A9, 0xDD4D, 0xD4AA, 0xD48A, 0xD50C, 0xD54E, 0x6982, 0xA347,
    0xD54D, 0xC4CC, 0xCD0D, 0xD56F, 0xD56F, 0xD58F, 0xD58F, 0xD58F, 0xD58F, 0xDD8F, 0xD58F, 0xDD8F, 0xDD8F, 0xD590, 0xD590, 0xD590,
    0xD590, 0xD590, 0xD590, 0xDDB0, 0xDDB0, 0xDDB0, 0xDDB0, 0xDDB0, 0xDD90, 0xDDB0, 0xDDB0, 0xDDB0, 0xDDB0, 0xDDB0, 0xDDB1, 0xDDB1,
    0xDDB1, 0xDDB1, 0xDDB1, 0xDDB1, 0xDDB1, 0xDDB0, 0xDDB1, 0xDDAF, 0xDD4A, 0xDD4A, 0xDD4A, 0xDD4A, 0xDD4A, 0xDD8E, 0xDDB0, 0xDDB0,
    0xDDB1, 0xDDB1, 0xDDB1, 0xDDD1, 0xDDD1, 0xDDD1, 0xDDD1, 0xDDD1, 0xDDD1, 0xDDD1, 0xDDD1, 0xDDD1, 0xDDD1, 0xDDD1, 0xE5D1, 0xDDD1,
    0xDDD1, 0xE5D1, 0xE5D1, 0xDDD1, 0xDDD1, 0xDDD1, 0xDDD1, 0xDDD1, 0xDDF1, 0xDDF1, 0xE5F2, 0xE612, 0xE612, 0xE612, 0xDD8F, 0xD50D,
    0xFF98, 0xFF78, 0xFF58, 0xFF57, 0xF737, 0xF717, 0xF716, 0xF716, 0xF716, 0xF737, 0xFF78, 0xFF78, 0xFF78, 0xFF78, 0xFF78, 0xFF78,
    0xFF78, 0xFF99, 0xFF99, 0xFF57, 0xFF57, 0xFF57, 0xFF58, 0xFF78, 0xFF58, 0xFF57, 0xFF58, 0xFF78, 0xFF58, 0xFF57, 0xFF78, 0xFF78,
    0xFF78, 0xFF78, 0xFF16, 0xFEB3, 0xF5EF, 0xE56D, 0xE54D, 0xEDAE, 0xF630, 0xF630, 0xF671, 0xF651, 0xEDCF, 0xEDEF, 0xE58E, 0xDD0D,
    0xDD0C, 0xED8E, 0xF610, 0xF630, 0xF692, 0xFED3, 0xFEB3, 0xFEB3, 0xFED3, 0xFED3, 0xF672, 0xF651, 0xF651, 0xF651, 0xF651, 0xF672,
    0xFED3, 0xFEF4, 0xF672, 0xEE31, 0xF651, 0xF671, 0xEE10, 0xEDEF, 0xEDAF, 0xEDAF, 0xEDCF, 0xF5F0, 0xF610, 0xF630, 0xF630, 0xF671,
    0xFE71, 0xF671, 0xFE72, 0xFEB3, 0xFEB2, 0xF630, 0xEE0F, 0xF610, 0xF610, 0xF630, 0xF630, 0xF651, 0xFE71, 0xFE30, 0xF692, 0xF755,
    0xFF98, 0xFF98, 0xFF98, 0xFF98, 0xFFB8, 0xFFB8, 0xFFB8, 0xFF98, 0xFF98, 0xFF98, 0xFF77, 0xFF36, 0xFF56, 0xFF57, 0xFF77, 0xFF77,
    0xFF98, 0xFFB8, 0xFFB8, 0xFFB8, 0xFFB8, 0xFFB9, 0xFFB8, 0xFFB8, 0xFF98, 0xFFB8, 0xFFB8, 0xFFB8, 0xFF97, 0xFF97, 0xFF97, 0xFF35,
    0xFF35, 0xFF96, 0xFF34, 0x81A2, 0xE613, 0xFFFA, 0xFF98, 0xF6F3, 0xEDCD, 0xF5CD, 0xEDCC, 0xDD0A, 0xD489, 0xD4A9, 0xD468, 0xBBA6,
    0xC428, 0xD4CA, 0xD4AA, 0xD48A, 0xCC48, 0xCC69, 0xCC28, 0xBB65, 0xD4AA, 0xDD6E, 0xD4EC, 0xD4EC, 0xDD4E, 0xD56E, 0x6983, 0x9B27,
    0xCD2D, 0xC4EC, 0xC50D, 0xD56F, 0xD58F, 0xD58F, 0xD58F, 0xD58F, 0xDD8F, 0xDD8F, 0xDDB0, 0xDDB0, 0xDDB0, 0xD590, 0xD590, 0xD590,
    0xD590, 0xD590, 0xD590, 0xD590, 0xDDB0, 0xDDB0, 0xDDB0, 0xDDB0, 0xDDB0, 0xDDB0, 0xDDB0, 0xDDB0, 0xD590, 0xDDB0, 0xDDB1, 0xDDB1,
    0xDDB1, 0xDDB1, 0xDDB1, 0xDDB1, 0xDDB1, 0xDDB0, 0xDDB1, 0xDDB0, 0xDD4A, 0xDD4A, 0xDD4A, 0xDD4A, 0xDD4A, 0xDDAF, 0xDDB0, 0xDDB0,
    0xDDB0, 0xDDB0, 0xDDD1, 0xDDD1, 0xDDD1, 0xDDD1, 0xDDD1, 0xDDD1, 0xDDD1, 0xDDD1, 0xDDD1, 0xDDD1, 0xDDD1, 0xE5D1, 0xE5D1, 0xE5D1,
    0xE5D1, 0xE5D1, 0xE5F1, 0xE5D1, 0xE5D1, 0xDDD1, 0xDDD1, 0xDDF1, 0xDDF2, 0xDDF2, 0xDDD1, 0xDDD1, 0xDDD1, 0xDDD1, 0xDDD1, 0xD52E,
    0xFF78, 0xFF98, 0xFF98, 0xFF78, 0xFF98, 0xFF57, 0xF757, 0xFF78, 0xFF78, 0xFF78, 0xFF98, 0xFF78, 0xFF98, 0xFF58, 0xFF37, 0xFF58,
    0xFF78, 0xFF78, 0xFF78, 0xFF58, 0xFF57, 0xF737, 0xFF78, 0xFF58, 0xFF57, 0xFF78, 0xFF78, 0xFF57, 0xFF37, 0xFF58, 0xFF78, 0xFF78,
    0xFF78, 0xFF78, 0xFEF5, 0xFEB3, 0xEDCF, 0xDD2C, 0xE52D, 0xEDAE, 0xF630, 0xF610, 0xF651, 0xEE10, 0xEDCF, 0xEDAF, 0xE54D, 0xD4EC,
    0xE56D, 0xEDCF, 0xEDCF, 0xEDCF, 0xF651, 0xFE92, 0xFED3, 0xFEB3, 0xF692, 0xFEB3, 0xF672, 0xF651, 0xF631, 0xF631, 0xF672, 0xFEB2,
    0xFED3, 0xFED3, 0xEE10, 0xF651, 0xFE72, 0xF672, 0xF610, 0xEDF0, 0xF692, 0xF651, 0xF610, 0xF610, 0xF631, 0xF631, 0xF630, 0xF651,
    0xFE51, 0xF671, 0xFE92, 0xF692, 0xF651, 0xF610, 0xF60F, 0xF610, 0xF630, 0xF630, 0xF610, 0xF630, 0xF630, 0xF631, 0xF610, 0xF693,
    0xFFB8, 0xFF98, 0xFF98, 0xFF97, 0xFFB8, 0xFFB8, 0xFF98, 0xFF98, 0xFF98, 0xFF98, 0xFF98, 0xFF78, 0xFF78, 0xFF98, 0xFF98, 0xFF98,
    0xFF98, 0xFFB8, 0xFFB8, 0xFFB9, 0xFFB9, 0xFFB9, 0xFFB9, 0xFFD9, 0xFFB9, 0xFF98, 0xFF56, 0xFF35, 0xFF14, 0xFF34, 0xFF76, 0xFF35,
    0xFF14, 0xFF34, 0xF6B3, 0xA326, 0xC50E, 0xEEF5, 0xFFB8, 0xF6F3, 0xEDCD, 0xEDAD, 0xEDCD, 0xEDCD, 0xEDCD, 0xEDED, 0xE54C, 0xC3C7,
    0xCC48, 0xDD2C, 0xDD0C, 0xE52C, 0xDD2C, 0xD4CA, 0xD4AA, 0xCC28, 0xD4CB, 0xE5AF, 0xDD8F, 0xDDAF, 0xDDAF, 0xDD6F, 0x69A3, 0x9B27,
    0xD54E, 0xCCED, 0xCD2D, 0xD56F, 0xD590, 0xD58F, 0xDD8F, 0xDD8F, 0xDD8F, 0xDDB0, 0xDDB0, 0xDDB0, 0xDDB0, 0xDDB0, 0xD590, 0xD590,
    0xDDB0, 0xD590, 0xD590, 0xDDB0, 0xDDB0, 0xDDB0, 0xDDB0, 0xDDB0, 0xDDB0, 0xDDB0, 0xDDB0, 0xDDB0, 0xDDB0, 0xDDB0, 0xDDB1, 0xDDB1,
    0xDDB1, 0xDDB1, 0xDDB1, 0xDDB1, 0xDDB1, 0xDDB0, 0xDD8E, 0xDD6C, 0xDD4A, 0xDD4A, 0xDD4A, 0xDD4A, 0xDD4B, 0xDDAF, 0xDDB0, 0xDDB0,
    0xDDB0, 0xDDB0, 0xDDD1, 0xDDD1, 0xDDD1, 0xDDD1, 0xDDD1, 0xDDD1, 0xDDD1, 0xDDD1, 0xDDD1, 0xDDD1, 0xDDD1, 0xDDD1, 0xE5D1, 0xE5F1,
    0xE5F1, 0xE5F1, 0xE5F1, 0xE5F1, 0xE5D1, 0xDDD1, 0xDDD1, 0xDDD1, 0xDDD1, 0xDDD1, 0xEE73, 0xF736, 0xF6F5, 0xF736, 0xD5B0, 0xAC0A,
    0xFF57, 0xFF77, 0xFF57, 0xFF57, 0xFF57, 0xFF57, 0xFF78, 0xFF98, 0xFF99, 0xFF99, 0xFF78, 0xFF58, 0xFF78, 0xF737, 0xFF57, 0xFF78,
    0xFF78, 0xFF78, 0xFF78, 0xFF78, 0xFF78, 0xFF58, 0xFF58, 0xFF58, 0xFF99, 0xFF99, 0xFF98, 0xFF78, 0xFF78, 0xFF99, 0xFF98, 0xFF58,
    0xFF57, 0xFF36, 0xF694, 0xFEB3, 0xF630, 0xEDCF, 0xED8E, 0xEDAE, 0xEDCF, 0xEDCF, 0xEDEF, 0xEE10, 0xE5AE, 0xE52D, 0xDD2D, 0xDD0C,
    0xE58E, 0xEDAE, 0xEE10, 0xF692, 0xF630, 0xF6B2, 0xFED3, 0xFE92, 0xF610, 0xF651, 0xFEB2, 0xFEB2, 0xEE31, 0xEE10, 0xFE71, 0xFE92,
    0xFEB3, 0xFEB3, 0xFE92, 0xF672, 0xFE72, 0xF672, 0xF651, 0xF631, 0xFF35, 0xF651, 0xED8E, 0xF610, 0xF651, 0xF630, 0xF610, 0xF630,
    0xF630, 0xF651, 0xF651, 0xF651, 0xF630, 0xF610, 0xF630, 0xF630, 0xFE91, 0xFE92, 0xF651, 0xF630, 0xF630, 0xF630, 0xFE30, 0xF692,
    0xFF36, 0xFFB8, 0xFF98, 0xFF98, 0xFFB8, 0xFFB8, 0xFFB8, 0xFF98, 0xFF98, 0xFF98, 0xFF98, 0xFF98, 0xFF98, 0xFF98, 0xFF98, 0xFF98,
    0xFF98, 0xFF98, 0xFFB8, 0xFFD9, 0xFFB9, 0xFFD9, 0xFF97, 0xFF56, 0xFFB8, 0xFFB8, 0xFF35, 0xFF14, 0xFED2, 0xFED2, 0xFEF3, 0xFEF3,
    0xFED2, 0xFEB2, 0xFED2, 0xFEF2, 0x8A84, 0xC52F, 0xFFFB, 0xF6D3, 0xEDCE, 0xF692, 0xFEB4, 0xF6B3, 0xF6B3, 0xF6B3, 0xFE93, 0xCCAB,
    0xD4AB, 0xEE11, 0xEDF0, 0xEE11, 0xE5AF, 0xD4AA, 0xD4CB, 0xCCAA, 0xD50D, 0xE5D1, 0xDDB0, 0xDDB0, 0xDD8F, 0xD52E, 0x6983, 0xA368,
    0xD54E, 0xCD0D, 0xDD8F, 0xD590, 0xD590, 0xD590, 0xDD90, 0xDD90, 0xDDB0, 0xDDB0, 0xDDB0, 0xDDB0, 0xDDB0, 0xDDB0, 0xDDB0, 0xDDB0,
    0xD590, 0xD590, 0xD590, 0xDDB0, 0xDDB0, 0xDDB0, 0xDD90, 0xDD90, 0xDDB0, 0xDDB0, 0xDDB0, 0xDDB0, 0xDDB0, 0xDDB0, 0xDDB1, 0xDDB0,
    0xDDB0, 0xDDB0, 0xDDB0, 0xDDB0, 0xDDB0, 0xDDB1, 0xDD4C, 0xDD29, 0xDD4A, 0xDD4A, 0xDD4A, 0xDD4A, 0xDD2B, 0xDDAF, 0xDDD1, 0xDDB0,
    0xDDB1, 0xDDD1, 0xDDD1, 0xDDD1, 0xDDD1, 0xDDD1, 0xDDD1, 0xDDD1, 0xDDD1, 0xDDD1, 0xDDD1, 0xDDD1, 0xDDD1, 0xE5D1, 0xE5D1, 0xE5D1,
    0xE5F1, 0xE5F1, 0xE5D1, 0xE5D1, 0xE5D1, 0xE5D1, 0xDDF1, 0xDDF1, 0xDDF2, 0xDDD1, 0xEE94, 0xFFB8, 0xFF77, 0xFFD8, 0xD5B0, 0xA368,
    0xFF35, 0xFF36, 0xFF36, 0xF736, 0xFF78, 0xFF98, 0xFF78, 0xFF78, 0xFF98, 0xF757, 0xFF57, 0xFF78, 0xFF78, 0xFF78, 0xFF98, 0xFF78,
    0xFF98, 0xFF78, 0xFF78, 0xFF78, 0xFF78, 0xFF58, 0xFF37, 0xFF78, 0xFF98, 0xFF98, 0xFF98, 0xFF98, 0xFF78, 0xFF58, 0xFF58, 0xFF58,
    0xFF57, 0xFF37, 0xF6B4, 0xF6D4, 0xFE92, 0xF651, 0xEDCF, 0xEDAF, 0xEDCF, 0xE58E, 0xE54D, 0xE58E, 0xDD2D, 0xD4AB, 0xE58E, 0xEDCF,
    0xE54D, 0xDD2C, 0xEE10, 0xFF14, 0xF672, 0xFEF3, 0xFED3, 0xF692, 0xF610, 0xF630, 0xF671, 0xF672, 0xF651, 0xF651, 0xF671, 0xFE92,
    0xFE92, 0xFE92, 0xFEB2, 0xF692, 0xFE92, 0xF610, 0xE5AF, 0xEDAF, 0xF692, 0xEDF0, 0xDD4D, 0xF630, 0xF671, 0xF630, 0xF610, 0xEE10,
    0xEE10, 0xEDEF, 0xF651, 0xF671, 0xF630, 0xF650, 0xF671, 0xFE91, 0xFEB2, 0xFEB3, 0xFE91, 0xFE51, 0xFE51, 0xFE51, 0xFE31, 0xF610,
    0xF672, 0xFF98, 0xFF98, 0xFFB8, 0xFF98, 0xFFB8, 0xFFB8, 0xFF98, 0xFF98, 0xFF98, 0xFF98, 0xFF98, 0xFFB8, 0xFF98, 0xFF98, 0xFF98,
    0xFF98, 0xFFB9, 0xFFB8, 0xFF55, 0xFF55, 0xFF55, 0xFEF3, 0xFEB1, 0xFF13, 0xFF34, 0xFF33, 0xFF13, 0xFE91, 0xFEB2, 0xFEB2, 0xFEB2,
    0xFEB2, 0xFE91, 0xFE91, 0xFEB2, 0xB409, 0xBC4B, 0xCD4F, 0xFEF4, 0xEE30, 0xF6D5, 0xFF37, 0xFF16, 0xFF16, 0xFF16, 0xFF37, 0xDDB0,
    0xD50D, 0xF694, 0xEE54, 0xEE74, 0xE5D1, 0xD4EB, 0xD4EB, 0xCCCB, 0xD54E, 0xE5F1, 0xDDB1, 0xEE12, 0xC4EE, 0x71C3, 0x9B07, 0xBC8B,
    0xCD2E, 0xD56F, 0xDD8F, 0xDD90, 0xDD90, 0xD590, 0xDDB0, 0xDDB0, 0xDDB0, 0xDDB0, 0xDDB0, 0xDDB0, 0xDDB0, 0xDDB0, 0xDDB0, 0xDDB0,
    0xDDB0, 0xDDB0, 0xDDB0, 0xDDB0, 0xDDB0, 0xDD90, 0xDD90, 0xDD90, 0xDDB0, 0xDDB0, 0xDDB0, 0xDDB1, 0xDDB1, 0xDDB0, 0xD5B0, 0xDDB0,
    0xDDB0, 0xDDB0, 0xDDB0, 0xDDB0, 0xDDD0, 0xDDD0, 0xDD6C, 0xDD4A, 0xDD4A, 0xDD4A, 0xDD4A, 0xDD4A, 0xDD6D, 0xDDB0, 0xDDB0, 0xDDB1,
    0xDDD1, 0xDDD1, 0xDDD1, 0xDDD1, 0xDDD1, 0xDDD1, 0xDDD1, 0xE5D1, 0xDDD1, 0xDDD1, 0xDDD1, 0xDDD1, 0xDDD1, 0xE5D1, 0xE5D1, 0xE5D1,
    0xE5D1, 0xE5F1, 0xE5F1, 0xE5D1, 0xE5D1, 0xDDD1, 0xE5F1, 0xDDD1, 0xE632, 0xFF57, 0xFF57, 0xFF77, 0xFF77, 0xFF97, 0xF6F5, 0xB44C,
    0xFF12, 0xFF13, 0xFF35, 0xFF57, 0xFF57, 0xF736, 0xFF36, 0xFF37, 0xFF57, 0xFF37, 0xFF58, 0xFF58, 0xFF78, 0xFF78, 0xFF78, 0xFF78,
    0xFF78, 0xFF99, 0xFF99, 0xFF78, 0xFF58, 0xFF37, 0xFF57, 0xFF78, 0xFF58, 0xFF78, 0xFF78, 0xFF78, 0xFF57, 0xFF37, 0xFF57, 0xFF78,
    0xFF78, 0xFF57, 0xFF36, 0xFF15, 0xF672, 0xF630, 0xEDAF, 0xEDCF, 0xEDCF, 0xDD0D, 0xDCEC, 0xDD4D, 0xE54D, 0xDD4D, 0xE5AE, 0xE56E,
    0xE52D, 0xE54D, 0xEE10, 0xF651, 0xF672, 0xFED3, 0xFED4, 0xFEB3, 0xF631, 0xF631, 0xF651, 0xF652, 0xFE92, 0xFE92, 0xFE92, 0xFE92,
    0xFE92, 0xFEB2, 0xFE92, 0xF672, 0xFE72, 0xF630, 0xEDEF, 0xEDAF, 0xE58E, 0xE56E, 0xEDCF, 0xF610, 0xEDEF, 0xF610, 0xF630, 0xEE10,
    0xEE10, 0xEDEF, 0xF610, 0xF630, 0xF60F, 0xF630, 0xFE92, 0xFEB2, 0xFED2, 0xFEB2, 0xF671, 0xFE51, 0xF630, 0xEDEF, 0xF610, 0xF610,
    0xF692, 0xFF98, 0xFF98, 0xFFB8, 0xFFB8, 0xFFB8, 0xFFB8, 0xFFB8, 0xFF98, 0xFF98, 0xFF98, 0xFF98, 0xFF77, 0xFF77, 0xFF98, 0xFF98,
    0xFF77, 0xFF35, 0xFF35, 0xFF13, 0xFEF3, 0xFED2, 0xFED1, 0xFEB1, 0xFEF2, 0xFF12, 0xFEB2, 0xFEB2, 0xFEB1, 0xFED2, 0xFEB2, 0xFE91,
    0xFE91, 0xFE91, 0xFE91, 0xFE71, 0xFF13, 0xBBE9, 0x7121, 0xB40A, 0xEE73, 0xFF16, 0xF716, 0xFEF6, 0xFEF6, 0xFEF6, 0xFF37, 0xE612,
    0xDD70, 0xF695, 0xEE54, 0xEE54, 0xEE53, 0xE5D1, 0xDD8F, 0xD52E, 0xD54E, 0xDDD1, 0xE5F2, 0xDDB1, 0x9B08, 0x6941, 0xCC8B, 0xCD0D,
    0xCD2E, 0xDDAF, 0xD58F, 0xDD90, 0xDD90, 0xDDB0, 0xDDB0, 0xDDB0, 0xDDB0, 0xDDB0, 0xDDB0, 0xDDB0, 0xDDB0, 0xDDB0, 0xDDB0, 0xDDB0,
    0xDDB0, 0xDDB0, 0xDDB0, 0xDDB0, 0xDDB0, 0xDDB0, 0xDD90, 0xDDB0, 0xDDB0, 0xDDB0, 0xDDB0, 0xDDB1, 0xDDB1, 0xDDB0, 0xDDB0, 0xDDB0,
    0xDDB0, 0xDDB0, 0xDDB0, 0xDDD1, 0xDD8E, 0xDD4B, 0xDD4A, 0xDD4A, 0xDD4A, 0xDD4A, 0xDD4A, 0xDD2A, 0xDD6E, 0xDDB0, 0xDDB0, 0xDDB1,
    0xDDD1, 0xDDD1, 0xDDD1, 0xDDD1, 0xDDD1, 0xDDD1, 0xDDD1, 0xDDD1, 0xDDD1, 0xDDD1, 0xDDD1, 0xDDD1, 0xDDD1, 0xDDD1, 0xE5D1, 0xE5D1,
    0xE5D1, 0xE5F1, 0xE5F1, 0xE5D1, 0xE5D1, 0xDDF1, 0xE5D1, 0xE632, 0xEED5, 0xFFB8, 0xFF98, 0xFF77, 0xFF77, 0xFF57, 0xFF57, 0xBCAD,
    0xFF10, 0xFF10, 0xFF11, 0xFF33, 0xFF55, 0xFF34, 0xFF14, 0xFEF5, 0xFEF5, 0xFF37, 0xFF58, 0xFF58, 0xFF78, 0xFF78, 0xFF78, 0xFF78,
    0xFF78, 0xFF78, 0xFF78, 0xFF78, 0xFF78, 0xFF57, 0xFF37, 0xFF57, 0xFF78, 0xFF78, 0xFF78, 0xFF78, 0xFF57, 0xFF78, 0xFF78, 0xFF57,
    0xF716, 0xF716, 0xFF15, 0xFED4, 0xF672, 0xF630, 0xEDAF, 0xEDAF, 0xEDEF, 0xE56E, 0xEDAF, 0xEDCF, 0xEDCF, 0xEDAF, 0xE5AF, 0xE58E,
    0xE56E, 0xE58E, 0xEDF0, 0xEDF0, 0xF671, 0xFED4, 0xFED3, 0xFED3, 0xFED3, 0xFEB3, 0xF672, 0xFE92, 0xF692, 0xF672, 0xF651, 0xF631,
    0xF671, 0xF671, 0xFE92, 0xF671, 0xF672, 0xFEB2, 0xF671, 0xEDCF, 0xED8E, 0xE58E, 0xEDAF, 0xEDCF, 0xEDAE, 0xEDCF, 0xF610, 0xF630,
    0xF610, 0xEDEF, 0xF5EF, 0xF5EF, 0xF60F, 0xF651, 0xFE92, 0xFEB2, 0xEE30, 0xEDCF, 0xEDCF, 0xF610, 0xEDAF, 0xE56E, 0xF610, 0xFE51,
    0xFED3, 0xFF98, 0xFFB8, 0xFF98, 0xFF98, 0xFFB8, 0xFF98, 0xFF98, 0xFF99, 0xFF98, 0xFFB8, 0xFFB8, 0xFF36, 0xFF16, 0xFF36, 0xFF77,
    0xFF14, 0xFE92, 0xFEB2, 0xFED2, 0xFED2, 0xFEB1, 0xFEB1, 0xFEB1, 0xFED2, 0xFEF2, 0xFEB2, 0xFEB1, 0xFE71, 0xFE71, 0xFE91, 0xFE91,
    0xFE91, 0xFE70, 0xFE70, 0xFE70, 0xFE70, 0xEDEF, 0xCCCB, 0x81E3, 0xE632, 0xFF17, 0xFEF6, 0xFEF6, 0xFEF6, 0xFEF6, 0xFF37, 0xE612,
    0xDD90, 0xF695, 0xEE54, 0xEE54, 0xEE54, 0xEE33, 0xEE33, 0xD54F, 0xD54F, 0xEE33, 0xD570, 0x9B48, 0x71C2, 0x9AC6, 0xC44A, 0xCCEC,
    0xD52E, 0xD590, 0xD590, 0xD590, 0xD590, 0xDDB0, 0xDDB0, 0xDDB0, 0xDDB0, 0xDDB0, 0xDDB0, 0xDDB0, 0xDDB0, 0xDDB0, 0xDDB0, 0xDDB0,
    0xDDB0, 0xDDB0, 0xDDB0, 0xDDB0, 0xDDB0, 0xDDB0, 0xDDB0, 0xDDB0, 0xDDB0, 0xDDB0, 0xDDB0, 0xDDB0, 0xDDB0, 0xDDB0, 0xDDB0, 0xDDD1,
    0xDDD1, 0xDDD1, 0xDDD0, 0xDDD1, 0xDD8D, 0xDD49, 0xDD4A, 0xDD4A, 0xDD4A, 0xDD4A, 0xDD4A, 0xDD2B, 0xDD6E, 0xDDB0, 0xDDB0, 0xDDB0,
    0xDDD1, 0xDDD1, 0xDDD1, 0xDDD1, 0xDDD1, 0xDDD1, 0xDDD1, 0xDDD1, 0xDDD1, 0xDDD1, 0xDDD1, 0xDDD1, 0xE5D1, 0xE5D1, 0xE5D1, 0xE5D1,
    0xE5D1, 0xE5F1, 0xE5D1, 0xE5D1, 0xE5D1, 0xE5F1, 0xDDB1, 0xEEB4, 0xFFD8, 0xFF98, 0xFF98, 0xFF97, 0xFF97, 0xE674, 0xB46C, 0xA389,
    0xFF10, 0xFEF0, 0xFEF1, 0xFEF1, 0xFEF1, 0xFEF2, 0xFED2, 0xFEF3, 0xF6F5, 0xFF57, 0xFF57, 0xFF57, 0xFF78, 0xFF78, 0xFF78, 0xFF78,
    0xFF78, 0xFF78, 0xFF78, 0xFF78, 0xFF78, 0xFF78, 0xFF78, 0xFF78, 0xFF78, 0xFF78, 0xFF78, 0xFF78, 0xFF78, 0xFF78, 0xFF78, 0xFF58,
    0xFF57, 0xFF36, 0xFF15, 0xF651, 0xEDCF, 0xE58E, 0xE54E, 0xEDCF, 0xF610, 0xE58E, 0xE58E, 0xE58E, 0xE58E, 0xE56E, 0xE56E, 0xE56E,
    0xE58E, 0xEDF0, 0xEE10, 0xEDF0, 0xF692, 0xFED4, 0xFED3, 0xFED3, 0xFED4, 0xFEB3, 0xF672, 0xF672, 0xEE31, 0xEDF0, 0xEE10, 0xF631,
    0xEDF0, 0xF651, 0xFE72, 0xF651, 0xF672, 0xFE92, 0xEDF0, 0xE58E, 0xEDAF, 0xE58E, 0xE58E, 0xEDAF, 0xE56D, 0xEDEF, 0xF651, 0xEE0F,
    0xEDEF, 0xEDEF, 0xF610, 0xF630, 0xF651, 0xFE92, 0xFE92, 0xFE91, 0xEDAF, 0xE58F, 0xF610, 0xF630, 0xF5F0, 0xF651, 0xFE71, 0xFE71,
    0xFEF4, 0xFF98, 0xFFB8, 0xFF98, 0xFF98, 0xFFB8, 0xFFB8, 0xFFB8, 0xFFB9, 0xFFB9, 0xFF77, 0xFF77, 0xFF56, 0xFF56, 0xFF36, 0xFF56,
    0xFEB3, 0xFE92, 0xFE92, 0xFE92, 0xFEB2, 0xFEB2, 0xFEB1, 0xFEB2, 0xFE91, 0xFE91, 0xFEB2, 0xFEF2, 0xFE91, 0xFE71, 0xFEB2, 0xFEB1,
    0xFE91, 0xFE91, 0xFE91, 0xF650, 0xF610, 0xFE70, 0xEDEF, 0x8A03, 0xE5D1, 0xFF58, 0xFF17, 0xFEF6, 0xF6F6, 0xF6F6, 0xFF37, 0xE633,
    0xDDB1, 0xF695, 0xEE54, 0xEE54, 0xEE34, 0xEE33, 0xEE13, 0xDD90, 0xCD0E, 0xBC4C, 0x9B48, 0x6941, 0x9AE6, 0xCC6A, 0xC429, 0xC44A,
    0xD52E, 0xDDB0, 0xD590, 0xDDB0, 0xDDB0, 0xDDB0, 0xDDB0, 0xDDB0, 0xDDD0, 0xDDB0, 0xDDB0, 0xDDD0, 0xDDB0, 0xDDB0, 0xDDB0, 0xDDB0,
    0xDDB0, 0xDDB0, 0xDDB0, 0xDDB0, 0xDDB0, 0xDDB0, 0xDDB0, 0xDDB0, 0xDDB0, 0xDDB0, 0xDDB0, 0xDDB0, 0xDDB0, 0xDDD1, 0xDDD1, 0xDDD1,
    0xDDD1, 0xDDD1, 0xDDB0, 0xDDD1, 0xDD8D, 0xDD4A, 0xDD4A, 0xDD4A, 0xDD4A, 0xDD4A, 0xDD2A, 0xD4AA, 0xCC8B, 0xD4ED, 0xD54E, 0xDD8F,
    0xE5D1, 0xDDD1, 0xDDD1, 0xDDD1, 0xDDD1, 0xDDD1, 0xDDD1, 0xDDD1, 0xDDD1, 0xDDD1, 0xE5D1, 0xE5D1, 0xDDD1, 0xE5D1, 0xE5D1, 0xE5D1,
    0xE5D1, 0xE5F1, 0xE5F1, 0xE5D1, 0xE5D1, 0xDDD1, 0xF6D5, 0xFF57, 0xFF98, 0xFF98, 0xFF98, 0xFF97, 0xFF77, 0xFF77, 0x9BA9, 0x9307,
    0xFEAF, 0xFEAF, 0xFEF1, 0xFEF1, 0xFED0, 0xFEB0, 0xFEB1, 0xFEF3, 0xFF36, 0xFF78, 0xFF58, 0xFF58, 0xFF58, 0xFF58, 0xFF78, 0xFF78,
    0xFF78, 0xFF58, 0xFF57, 0xFF57, 0xFF57, 0xFF57, 0xFF78, 0xFF57, 0xFF58, 0xFF78, 0xFF78, 0xFF57, 0xFF57, 0xFF78, 0xFF78, 0xFF58,
    0xFF78, 0xFF36, 0xF715, 0xF651, 0xEDAE, 0xE56E, 0xF610, 0xF651, 0xEDF0, 0xDD4D, 0xDD2D, 0xDD4D, 0xDD4D, 0xE54D, 0xE54D, 0xDD0D,
    0xE52D, 0xEDD0, 0xEDF0, 0xF631, 0xF692, 0xF6B3, 0xFED3, 0xF692, 0xF631, 0xEE10, 0xF5F0, 0xEDF0, 0xEDEF, 0xEDEF, 0xEE10, 0xF631,
    0xEDF0, 0xF692, 0xF651, 0xEE31, 0xF672, 0xF651, 0xF630, 0xEDF0, 0xF610, 0xEDEF, 0xEDAF, 0xEDEF, 0xEDF0, 0xFE71, 0xF671, 0xEE10,
    0xF610, 0xF610, 0xEDF0, 0xF5F0, 0xF610, 0xF630, 0xF651, 0xF651, 0xF671, 0xF671, 0xF651, 0xF630, 0xF610, 0xFE71, 0xFE71, 0xF610,
    0xF631, 0xFF36, 0xFF98, 0xFF98, 0xFFB8, 0xFFB9, 0xFFB8, 0xFFB8, 0xFFB8, 0xFFB9, 0xFF35, 0xFEF4, 0xFF14, 0xFF15, 0xFF14, 0xFED3,
    0xFE92, 0xFE92, 0xFE92, 0xFEB2, 0xFED2, 0xFED2, 0xFED2, 0xFE91, 0xF630, 0xF630, 0xFEB1, 0xFEF2, 0xFE71, 0xFE51, 0xFE91, 0xFE91,
    0xFED2, 0xFEB1, 0xFE91, 0xFE50, 0xFE30, 0xFE30, 0xF60F, 0xCC8B, 0x8AA5, 0xD590, 0xF6D5, 0xF6D6, 0xF6D6, 0xF6D6, 0xFF16, 0xD550,
    0xCD0F, 0xEE74, 0xEE34, 0xEE33, 0xEE33, 0xEE33, 0xE633, 0xC4AD, 0xABA9, 0x7161, 0x9264, 0xC409, 0xBBC9, 0xC409, 0xC42A, 0xC429,
    0xD52D, 0xD58F, 0xDD90, 0xDDB0, 0xDDB0, 0xDDB0, 0xDDD0, 0xDDD0, 0xDDD0, 0xDDB0, 0xDDB0, 0xDDD0, 0xDDB0, 0xDDB0, 0xDDB0, 0xDDB0,
    0xD5B0, 0xD5B0, 0xDDB0, 0xDDB0, 0xDDB0, 0xDDB0, 0xDDB0, 0xDDB0, 0xDDB0, 0xDDB0, 0xDDB0, 0xDDD1, 0xDDD1, 0xDDD1, 0xDDD1, 0xDDD1,
    0xDDD1, 0xDDB0, 0xDDD1, 0xDDAF, 0xDD6C, 0xDD4A, 0xDD4A, 0xDD4A, 0xDD4A, 0xDD4A, 0xDD2A, 0xCC6A, 0xCC6B, 0xCCAB, 0xCCCC, 0xD52E,
    0xDD8F, 0xDD90, 0xDDB0, 0xE5D1, 0xE5D1, 0xE5F1, 0xDDF1, 0xE5D1, 0xE5D1, 0xE5D1, 0xE5D1, 0xE5D1, 0xE5D1, 0xE5D1, 0xE5D1, 0xE5F1,
    0xE5F1, 0xE5F2, 0xE5F2, 0xDDD1, 0xE632, 0xF716, 0xFF98, 0xFF98, 0xFF98, 0xFF98, 0xFF98, 0xFF77, 0xFF77, 0xFF77, 0xA40A, 0x9307,
    0xFEF0, 0xFEF0, 0xFEF1, 0xFED0, 0xFEF1, 0xFEF1, 0xFED1, 0xFEF2, 0xFF54, 0xFF35, 0xFF35, 0xFF57, 0xFF78, 0xFF78, 0xFF78, 0xFF78,
    0xFF78, 0xFF58, 0xF737, 0xF716, 0xFF37, 0xFF36, 0xF716, 0xFF16, 0xFF57, 0xFF58, 0xFF57, 0xFF37, 0xFF57, 0xFF57, 0xFF57, 0xFF37,
    0xFF16, 0xF6F5, 0xF6D5, 0xEE31, 0xEE10, 0xF610, 0xF651, 0xF651, 0xEE10, 0xE58E, 0xDD4D, 0xDD0D, 0xE52D, 0xDD2D, 0xDD2D, 0xDD2D,
    0xDD4D, 0xE5AF, 0xF631, 0xF652, 0xFEB3, 0xF692, 0xF631, 0xF610, 0xEDF0, 0xEDAF, 0xEDAF, 0xEDAF, 0xEDF0, 0xEE10, 0xEE10, 0xEE10,
    0xEE30, 0xEE30, 0xF631, 0xF631, 0xEE10, 0xEE31, 0xF631, 0xEDEF, 0xEDF0, 0xEDCF, 0xEDEF, 0xF610, 0xF631, 0xFE92, 0xF651, 0xF610,
    0xEE10, 0xEE10, 0xEE0F, 0xF610, 0xF610, 0xF610, 0xF630, 0xF651, 0xFE51, 0xF651, 0xF610, 0xF610, 0xEE10, 0xF610, 0xF610, 0xF5F0,
    0xF671, 0xFF56, 0xFFB8, 0xFFD9, 0xFFB9, 0xFFB9, 0xFF56, 0xFF35, 0xFF35, 0xFF15, 0xFED3, 0xFE92, 0xFE92, 0xFE71, 0xFE91, 0xFE92,
    0xFE92, 0xFE92, 0xFE92, 0xFE91, 0xFEF3, 0xFEB2, 0xFEB2, 0xFE71, 0xFE71, 0xFE91, 0xFE71, 0xFE30, 0xFE10, 0xFE30, 0xFE91, 0xFE91,
    0xFEB2, 0xFE91, 0xFE71, 0xF650, 0xF630, 0xFE30, 0xF630, 0xFE50, 0xBBA7, 0x79C1, 0xE612, 0xFF58, 0xFF16, 0xFF16, 0xFF78, 0xB40B,
    0xB3CA, 0xFEF6, 0xF695, 0xF694, 0xF694, 0xF674, 0xF695, 0x8AA6, 0x6900, 0xB368, 0xBBC8, 0xC409, 0xC42A, 0xC42A, 0xC42A, 0xC42A,
    0xC44A, 0xD54E, 0xDDB0, 0xD5B0, 0xDDB0, 0xDDB0, 0xDDD0, 0xDDD0, 0xDDD0, 0xDDD0, 0xDDB0, 0xDDB0, 0xDDD0, 0xDDD0, 0xDDD0, 0xDDD0,
    0xDDB0, 0xDDB0, 0xDDB0, 0xDDB0, 0xDDB0, 0xDDB0, 0xDDB0, 0xDDB0, 0xDDB0, 0xDDB0, 0xDDD1, 0xDDD1, 0xDDD1, 0xDDD1, 0xDDD1, 0xDDD1,
    0xDDD1, 0xDDD0, 0xDDD1, 0xDD6C, 0xDD4A, 0xDD4A, 0xDD4A, 0xDD4A, 0xDD4A, 0xDD4A, 0xDD2A, 0xCC6A, 0xCC6B, 0xCC8B, 0xCC6B, 0xD4CC,
    0xD4EC, 0xD4EC, 0xD4EC, 0xDD4E, 0xDD8F, 0xE5D1, 0xE5F1, 0xE5D1, 0xE5D1, 0xE5D1, 0xE5D1, 0xE5F1, 0xE5F1, 0xE5F1, 0xE5F1, 0xE5F1,
    0xE5F2, 0xE5F2, 0xE5F2, 0xDDF2, 0xEEB4, 0xFF98, 0xFF98, 0xFF98, 0xFF98, 0xFF98, 0xFF57, 0xFF57, 0xFF77, 0xFFB8, 0xA3EA, 0x8AE6,
    0xFF10, 0xFF11, 0xFEF0, 0xFEF0, 0xFF10, 0xFEF1, 0xFF11, 0xFF11, 0xFF11, 0xFF12, 0xFF33, 0xFF34, 0xFF77, 0xFF78, 0xFF78, 0xFF78,
    0xFF78, 0xFF58, 0xFF57, 0xFF37, 0xF736, 0xEED5, 0xF6F6, 0xFF37, 0xFF57, 0xFF37, 0xF716, 0xF737, 0xFF37, 0xFF37, 0xFF37, 0xFF57,
    0xF6F6, 0xEED5, 0xF6D4, 0xEE31, 0xEE30, 0xF631, 0xEDF0, 0xF610, 0xF610, 0xEDF0, 0xE58E, 0xE54D, 0xE54D, 0xE54D, 0xE58E, 0xEDEF,
    0xEDEF, 0xEDF0, 0xEE10, 0xF631, 0xF651, 0xF672, 0xF671, 0xF631, 0xF5F0, 0xEDAF, 0xE58E, 0xE5AE, 0xEDF0, 0xEE10, 0xEE10, 0xEDF0,
    0xEE10, 0xEDF0, 0xEDCF, 0xEE10, 0xF651, 0xF651, 0xEE10, 0xEDF0, 0xEDF0, 0xEE10, 0xEE10, 0xF610, 0xF631, 0xFE71, 0xF630, 0xF610,
    0xF630, 0xF630, 0xF610, 0xF610, 0xF630, 0xF630, 0xF630, 0xF630, 0xEDCF, 0xEDCF, 0xF610, 0xF610, 0xEDEF, 0xEDCF, 0xEDAF, 0xF5F0,
    0xFE92, 0xFF15, 0xFF36, 0xFF56, 0xFF56, 0xFF77, 0xFF14, 0xFEF4, 0xFF14, 0xFEF3, 0xFEB2, 0xFEB2, 0xFE92, 0xFE71, 0xFE91, 0xFEB2,
    0xFE92, 0xFE92, 0xFE92, 0xFE71, 0xFED3, 0xFE71, 0xF630, 0xFE51, 0xFE71, 0xFE71, 0xF671, 0xFE71, 0xFE50, 0xFE71, 0xFE91, 0xFE91,
    0xFE71, 0xFE71, 0xFE91, 0xFE71, 0xFE50, 0xFE30, 0xF60F, 0xF60F, 0xF5EF, 0xD4EC, 0x9B27, 0x9AE7, 0x9B07, 0x9B07, 0x9B28, 0x8224,
    0x79E3, 0x92E7, 0x8AC7, 0x8AC6, 0x92C6, 0x92C6, 0x8AA7, 0x9AE6, 0xAB26, 0xC3E9, 0xC409, 0xC409, 0xC429, 0xC42A, 0xC42A, 0xC42A,
    0xC42A, 0xCCAC, 0xD56F, 0xDDD0, 0xDDD0, 0xDDD0, 0xDDD0, 0xDDD0, 0xDDD0, 0xDDD0, 0xDDD0, 0xDDD0, 0xDDD0, 0xDDD0, 0xDDD0, 0xDDD0,
    0xDDD0, 0xDDD0, 0xDDD1, 0xDDB0, 0xDDB0, 0xDDB0, 0xDDB0, 0xDDB0, 0xDDB0, 0xDDB0, 0xDDD1, 0xDDD1, 0xDDD1, 0xDDD1, 0xDDD1, 0xDDD1,
    0xDDD1, 0xDDD1, 0xDDD1, 0xDD6C, 0xDD4A, 0xDD4A, 0xDD4A, 0xDD4A, 0xDD4B, 0xDD2A, 0xD50A, 0xCC6A, 0xCC6B, 0xCC6B, 0xCC6B, 0xCC8B,
    0xCC8B, 0xCC8B, 0xCC8B, 0xD4EC, 0xDD2D, 0xDD8F, 0xDD8F, 0xDDB0, 0xE5F1, 0xE5D1, 0xE5F1, 0xE5F2, 0xE5F1, 0xE5F2, 0xE5F2, 0xE5F2,
    0xE5F2, 0xE5F2, 0xDDD1, 0xE632, 0xFF98, 0xFF98, 0xFF98, 0xFF98, 0xFF98, 0xFF98, 0xFF57, 0xFF77, 0xEEB4, 0xA40A, 0xA3CA, 0xA3C9,
    0xFEF0, 0xFED0, 0xFEF1, 0xFEF0, 0xFED0, 0xFEF1, 0xFF11, 0xFF11, 0xFED0, 0xFEF1, 0xFF33, 0xFF33, 0xFF34, 0xFF35, 0xFF36, 0xFF57,
    0xFF57, 0xFF57, 0xFF57, 0xFF57, 0xFF37, 0xFF37, 0xFF78, 0xFF57, 0xFF37, 0xFF16, 0xF716, 0xFF78, 0xFF57, 0xFF37, 0xFF37, 0xFF37,
    0xFF37, 0xFF37, 0xF6F5, 0xEE31, 0xEDF0, 0xE5AF, 0xEDCF, 0xF651, 0xF651, 0xF610, 0xF610, 0xF610, 0xEDCF, 0xEDCF, 0xEDF0, 0xEDF0,
    0xEDCF, 0xEDEF, 0xEDCF, 0xEDF0, 0xF611, 0xEE10, 0xF610, 0xEE10, 0xF630, 0xEDF0, 0xEDF0, 0xEDF0, 0xEE10, 0xEE10, 0xEE10, 0xEDF0,
    0xEDCF, 0xE5CF, 0xE5CF, 0xEE10, 0xF631, 0xF651, 0xF651, 0xEDF0, 0xEDEF, 0xEDF0, 0xF610, 0xF610, 0xF630, 0xF610, 0xEE10, 0xF610,
    0xEE10, 0xEE10, 0xF610, 0xF610, 0xF630, 0xF630, 0xF630, 0xF60F, 0xED8E, 0xED8E, 0xF630, 0xF630, 0xF672, 0xEE52, 0xEE51, 0xF693,
    0xFF14, 0xFEF4, 0xF6D3, 0xFED3, 0xFED3, 0xFED3, 0xFE92, 0xFEB2, 0xFEF4, 0xFED3, 0xFEB2, 0xFE92, 0xFE92, 0xFE91, 0xFE91, 0xFEB2,
    0xFEB2, 0xFE92, 0xFE71, 0xFE71, 0xFEB2, 0xFEB2, 0xF630, 0xFE50, 0xFE71, 0xFE71, 0xFE91, 0xFEB1, 0xFE70, 0xFE71, 0xFE91, 0xFE71,
    0xFE30, 0xFE91, 0xFEB1, 0xFEB1, 0xFE51, 0xF610, 0xF60F, 0xF60F, 0xF630, 0xF630, 0x9AE6, 0x8A43, 0x8A43, 0x8A23, 0x8A23, 0x8A24,
    0x8223, 0x79E3, 0x79E3, 0x79E3, 0x8203, 0x8203, 0x79C2, 0xAB67, 0xCC4A, 0xC409, 0xC409, 0xC42A, 0xC42A, 0xC42A, 0xC42A, 0xC42A,
    0xC42A, 0xC409, 0xD52D, 0xDDD1, 0xDDB0, 0xDDD0, 0xDDB0, 0xDDB0, 0xDDB0, 0xDDB0, 0xDDB0, 0xDDB0, 0xDDD0, 0xDDD0, 0xDDD0, 0xDDD0,
    0xDDD0, 0xDDD0, 0xDDB0, 0xDDD1, 0xDDD1, 0xDDB0, 0xDDB0, 0xDDB0, 0xDDD1, 0xDDD1, 0xDDD1, 0xDDD1, 0xDDD1, 0xDDD1, 0xDDD1, 0xDDD1,
    0xDDD1, 0xDDD0, 0xDDD0, 0xDD6C, 0xDD4A, 0xDD4A, 0xDD4A, 0xDD4A, 0xDD4B, 0xD4CA, 0xCC6A, 0xCC6A, 0xCC6A, 0xCC6B, 0xCC6B, 0xCC6B,
    0xCC8B, 0xCC6B, 0xCC6B, 0xD48B, 0xD4CC, 0xD4EC, 0xD50C, 0xDD4E, 0xDD6F, 0xDD8F, 0xDD8F, 0xDDB1, 0xE5F2, 0xE5F1, 0xE5F2, 0xE5F2,
    0xE5F2, 0xDDF2, 0xEEB4, 0xF756, 0xFF98, 0xFF98, 0xFF98, 0xFF98, 0xFF98, 0xFF98, 0xFF78, 0xFF97, 0xEE73, 0x8285, 0xB40A, 0xBC6B,
    0xFF11, 0xFF12, 0xFF32, 0xFEB0, 0xFEB0, 0xFEF1, 0xFF11, 0xFEF0, 0xFED0, 0xFEF0, 0xFF11, 0xFF32, 0xFF33, 0xFF13, 0xFF14, 0xFF16,
    0xF6F5, 0xFF16, 0xFF37, 0xFF57, 0xFF58, 0xFF78, 0xFF98, 0xFF57, 0xFF17, 0xF716, 0xF716, 0xFF78, 0xFF57, 0xF717, 0xFF57, 0xFF58,
    0xFF58, 0xFF57, 0xF716, 0xF693, 0xEDEF, 0xE58E, 0xEDCF, 0xEDF0, 0xEDEF, 0xEDCF, 0xF610, 0xF610, 0xEDF0, 0xF610, 0xEDF0, 0xEDCF,
    0xEDCF, 0xEDEF, 0xEDF0, 0xEDF0, 0xEDD0, 0xEDF0, 0xF631, 0xF651, 0xF651, 0xF671, 0xF651, 0xF631, 0xF631, 0xF610, 0xF610, 0xEE10,
    0xE5CF, 0xE5CF, 0xE5CF, 0xEDD0, 0xEDF0, 0xF631, 0xF651, 0xEDF0, 0xEDCF, 0xEDCF, 0xEDCF, 0xEE10, 0xF610, 0xF610, 0xF610, 0xF610,
    0xEE10, 0xEE10, 0xF630, 0xF630, 0xF5EF, 0xEDEF, 0xF610, 0xF650, 0xF692, 0xF672, 0xF692, 0xF6B3, 0xFF57, 0xFF98, 0xFF98, 0xFFB8,
    0xFF98, 0xF6F4, 0xFEB2, 0xFE92, 0xFE71, 0xFE71, 0xFE31, 0xFE51, 0xFED3, 0xFEB2, 0xFEB2, 0xFEB2, 0xFEB2, 0xFE91, 0xFE91, 0xFEB2,
    0xFED2, 0xFE92, 0xFE71, 0xFE71, 0xFE92, 0xFE71, 0xF650, 0xFE71, 0xFEB2, 0xFE91, 0xFE91, 0xFE71, 0xF630, 0xFE50, 0xFE50, 0xFE50,
    0xFE50, 0xFE91, 0xFE91, 0xFE91, 0xF610, 0xF5EF, 0xF60F, 0xF60F, 0xF60F, 0xF60F, 0xFE10, 0xF5CE, 0xED4D, 0xE52C, 0xD4AB, 0xCC6B,
    0xCC6A, 0xCC4A, 0xC44A, 0xCC4A, 0xCC4A, 0xCC4A, 0xCC4A, 0xC429, 0xC409, 0xC409, 0xC42A, 0xC42A, 0xC44A, 0xC42A, 0xC42A, 0xC42A,
    0xC44A, 0xC42A, 0xD50D, 0xDDB0, 0xDDB0, 0xDDD0, 0xDDB0, 0xDDB0, 0xDDB0, 0xDDB0, 0xDDB0, 0xDDB0, 0xDDD0, 0xDDD0, 0xDDD0, 0xDDD0,
    0xDDD1, 0xDDD1, 0xDDD1, 0xDDD1, 0xDDD1, 0xDDD1, 0xDDB0, 0xDDB0, 0xDDD1, 0xDDD1, 0xDDD1, 0xDDD1, 0xDDD1, 0xDDD1, 0xDDD1, 0xDDD0,
    0xDDD1, 0xDDAE, 0xDD6C, 0xDD6B, 0xDD4A, 0xDD4A, 0xDD4A, 0xDD4A, 0xDD4B, 0xD4CA, 0xCC4A, 0xCC6A, 0xCC6A, 0xCC6A, 0xCC8B, 0xCC8B,
    0xCC8B, 0xCC8B, 0xCC6B, 0xCC8B, 0xCC8B, 0xD48B, 0xD4AB, 0xD4AB, 0xD4AB, 0xDD2D, 0xDD4D, 0xDD8F, 0xE5D0, 0xE5D0, 0xE5F1, 0xE612,
    0xEE53, 0xE632, 0xF716, 0xFFD8, 0xFF98, 0xFF98, 0xFFB8, 0xFF98, 0xFF98, 0xFF98, 0xFF98, 0xFF97, 0xF6D4, 0x9307, 0xABE9, 0xB44A,
    0xFEF2, 0xFEF2, 0xFEF1, 0xFED1, 0xFF12, 0xFEF0, 0xFED0, 0xFED0, 0xFED0, 0xFED0, 0xFED0, 0xFF11, 0xFF32, 0xFF32, 0xFF35, 0xFF57,
    0xFF36, 0xFF36, 0xFF57, 0xFF57, 0xFF58, 0xFF78, 0xFF98, 0xFF57, 0xFF57, 0xFF58, 0xFF78, 0xFF78, 0xFF57, 0xFF37, 0xFF57, 0xFF37,
    0xFF58, 0xFF57, 0xF737, 0xF6F5, 0xEE10, 0xEDCF, 0xE58E, 0xE58E, 0xE56E, 0xE58E, 0xEDCF, 0xEDCF, 0xEDAE, 0xEDCF, 0xEDCF, 0xEDCF,
    0xEDAF, 0xEDAF, 0xEDAF, 0xEDAF, 0xEDAF, 0xEDF0, 0xF651, 0xF651, 0xF630, 0xF631, 0xF630, 0xF631, 0xEDF0, 0xEDCF, 0xEDCF, 0xEDCF,
    0xEDCF, 0xEDCF, 0xE5AF, 0xEDF0, 0xEDF0, 0xEDF0, 0xEDF0, 0xEDF0, 0xEDCF, 0xEDCF, 0xEDCF, 0xF631, 0xF630, 0xF630, 0xF610, 0xF610,
    0xF610, 0xF610, 0xF630, 0xF650, 0xF630, 0xF630, 0xF60F, 0xF651, 0xFF14, 0xFF35, 0xFF77, 0xFF78, 0xFF98, 0xFF98, 0xFF98, 0xFF98,
    0xFF98, 0xFF76, 0xFF14, 0xFE51, 0xFE71, 0xFE71, 0xFE51, 0xFE71, 0xF650, 0xF630, 0xF671, 0xFEB2, 0xFE91, 0xFE92, 0xFE92, 0xFEB2,
    0xFEB2, 0xFEB2, 0xFEB3, 0xF671, 0xF5EF, 0xF5EF, 0xFE71, 0xFED2, 0xFEB2, 0xFE91, 0xFE71, 0xF630, 0xF5EF, 0xF60F, 0xFE30, 0xFE50,
    0xFE71, 0xFE91, 0xFE51, 0xF610, 0xF5EF, 0xF5EF, 0xF60F, 0xF60F, 0xF610, 0xF60F, 0xF5CF, 0xF5CE, 0xED6D, 0xE54D, 0xCC6B, 0xCC6A,
    0xC449, 0xBBC8, 0xBBE9, 0xC40A, 0xC42A, 0xC40A, 0xC409, 0xC40A, 0xC42A, 0xCC2A, 0xCC2A, 0xC42A, 0xC42A, 0xC44A, 0xCC4A, 0xC44A,
    0xC44A, 0xC44A, 0xC44A, 0xCCEC, 0xDDD0, 0xDDD0, 0xDDB0, 0xDDB0, 0xDDB0, 0xDDB0, 0xDDB0, 0xDDB0, 0xDDD0, 0xDDD0, 0xDDD0, 0xDDD0,
    0xDDD1, 0xDDD1, 0xDDD1, 0xDDD1, 0xDDD1, 0xDDD1, 0xDDD1, 0xDDD1, 0xDDB0, 0xDDB0, 0xDDD1, 0xDDD0, 0xDDD1, 0xDDB0, 0xDDD1, 0xDDD0,
    0xDDD0, 0xDD8D, 0xDD4A, 0xDD6A, 0xDD6A, 0xDD4A, 0xDD4A, 0xDD4A, 0xDD4A, 0xD4AA, 0xCC4A, 0xCC4A, 0xCC6A, 0xCC6A, 0xCC6B, 0xCC8B,
    0xCC8B, 0xCC8B, 0xCC8B, 0xCC8B, 0xCC6B, 0xCC8B, 0xD4AB, 0xD4AB, 0xD4AB, 0xD50C, 0xDD2C, 0xDD0C, 0xDD2D, 0xDD4E, 0xE5AF, 0xF692,
    0xFEF3, 0xFF35, 0xFF98, 0xFF98, 0xFF98, 0xFFB8, 0xFFB8, 0xFFB8, 0xFF98, 0xFF98, 0xFF98, 0xFF57, 0xEEB4, 0x9B48, 0xABC9, 0xB42A,
    0xF692, 0xFED3, 0xFEF3, 0xFF34, 0xFF33, 0xFED1, 0xFED0, 0xFEB0, 0xFED0, 0xFEF1, 0xFEF1, 0xFEF0, 0xFEF0, 0xFEF1, 0xFF32, 0xFF34,
    0xFF57, 0xFF58, 0xFF57, 0xFF37, 0xF716, 0xFF37, 0xF736, 0xF736, 0xFF78, 0xFF78, 0xFF78, 0xFF58, 0xFF37, 0xFF37, 0xFF37, 0xF737,
    0xFF57, 0xFF37, 0xF736, 0xFF36, 0xFEF4, 0xEE10, 0xE58E, 0xED8E, 0xE56E, 0xE58E, 0xEDAF, 0xEDAF, 0xEDAF, 0xEDAF, 0xEDAF, 0xEDAF,
    0xEDAF, 0xEDAF, 0xEDAF, 0xE58E, 0xEDAF, 0xF610, 0xF630, 0xF610, 0xEDCF, 0xEDCF, 0xE5AF, 0xEDEF, 0xEDCF, 0xE58E, 0xDD6D, 0xE5AE,
    0xEDCF, 0xE5AF, 0xE5AF, 0xEDF0, 0xEDF0, 0xEDF0, 0xEE10, 0xEE10, 0xEE10, 0xF651, 0xF651, 0xF630, 0xF651, 0xF671, 0xF610, 0xF610,
    0xF5EF, 0xF651, 0xF651, 0xF651, 0xFEF4, 0xFEF4, 0xFED3, 0xFEF4, 0xFF36, 0xFF36, 0xFF57, 0xFF77, 0xFF78, 0xFF78, 0xFF78, 0xFF78,
    0xFF77, 0xFF97, 0xF715, 0xF671, 0xFE51, 0xFE71, 0xFE92, 0xFEB2, 0xFE71, 0xF651, 0xFE91, 0xFE92, 0xF671, 0xFE92, 0xFE92, 0xFEB2,
    0xFEB2, 0xFEB2, 0xFE92, 0xF630, 0xEDEF, 0xF610, 0xFEB2, 0xFEB2, 0xFE91, 0xFE71, 0xFE71, 0xF630, 0xF5EF, 0xF630, 0xFE51, 0xF5EF,
    0xEDAE, 0xEDCF, 0xEDAF, 0xEDAF, 0xEDCF, 0xFE30, 0xF610, 0xF630, 0xFE50, 0xFE50, 0xFE50, 0xFE50, 0xFE50, 0xFE50, 0xED6D, 0xED6D,
    0xE52C, 0xD4AB, 0xCC4A, 0xC3E8, 0xC409, 0xC409, 0xC409, 0xCC4A, 0xCC6B, 0xCC6B, 0xCC6B, 0xCC8B, 0xCC6A, 0xC44A, 0xCC4A, 0xCC4A,
    0xCC4A, 0xCC4A, 0xC429, 0xCCCC, 0xDDF1, 0xDDD0, 0xDDB0, 0xDDB0, 0xDDB0, 0xDDB0, 0xDDB0, 0xDDB0, 0xDDD0, 0xDDD0, 0xDDD0, 0xDDD0,
    0xDDD1, 0xDDD1, 0xDDD1, 0xDDD1, 0xDDD1, 0xDDD1, 0xDDD1, 0xDDD1, 0xDDD1, 0xDDD1, 0xDDD1, 0xDDD1, 0xDDD1, 0xDDB0, 0xDDB0, 0xDDB0,
    0xDDB0, 0xDD8D, 0xDD6A, 0xE56A, 0xDD4A, 0xDD4A, 0xDD4B, 0xE54B, 0xD4AA, 0xCC6A, 0xCC4A, 0xCC6A, 0xCC6A, 0xCC6A, 0xCC6A, 0xCC6B,
    0xCC6B, 0xCC6B, 0xCC6A, 0xCC6B, 0xCC6B, 0xCC6A, 0xCC6B, 0xCC6B, 0xCC8B, 0xD4AB, 0xD48B, 0xD48B, 0xD4AB, 0xCC8A, 0xE58E, 0xFE91,
    0xFEB0, 0xFF34, 0xFFB8, 0xFF97, 0xFF98, 0xFF98, 0xFF98, 0xFFB8, 0xFF98, 0xFF98, 0xFFB8, 0xF6F5, 0xB42A, 0xB40A, 0xB40A, 0xB40A,
    0xF6B3, 0xFEF5, 0xF6F5, 0xF6F5, 0xFEF5, 0xFF14, 0xFEF2, 0xFED0, 0xFECF, 0xFF11, 0xFF11, 0xFF10, 0xFEF0, 0xFEF0, 0xFF11, 0xFF32,
    0xFF13, 0xFF56, 0xFF57, 0xFF57, 0xFF57, 0xFF57, 0xFF37, 0xFF57, 0xFF78, 0xFF78, 0xFF78, 0xFF58, 0xFF57, 0xFF57, 0xFF37, 0xF717,
    0xFF37, 0xFF37, 0xF736, 0xFF57, 0xF6B4, 0xE58E, 0xE58E, 0xE56E, 0xDD0D, 0xE56E, 0xEDCF, 0xEDAF, 0xED8E, 0xE56E, 0xE54E, 0xED8F,
    0xEDAF, 0xEDAF, 0xEDAF, 0xEDAF, 0xEDEF, 0xF610, 0xF610, 0xEDF0, 0xEDF0, 0xEDCF, 0xEDCF, 0xEDCF, 0xEDAF, 0xE56E, 0xE56E, 0xE58E,
    0xE58E, 0xE5AE, 0xE5AF, 0xE5AF, 0xE5AF, 0xEE10, 0xF671, 0xEE31, 0xEE30, 0xF671, 0xF651, 0xEDCF, 0xF630, 0xF651, 0xF651, 0xFEF4,
    0xFED4, 0xFF15, 0xFED4, 0xF692, 0xFF35, 0xFF16, 0xFF35, 0xFF36, 0xFF77, 0xFF36, 0xFF57, 0xFF77, 0xFF77, 0xFF78, 0xFF78, 0xFF98,
    0xFF57, 0xFF98, 0xFF97, 0xFF13, 0xF651, 0xF631, 0xFE51, 0xF651, 0xFE92, 0xFE92, 0xFE92, 0xFE71, 0xFE71, 0xFEB2, 0xF671, 0xFE92,
    0xFE92, 0xFED2, 0xFE92, 0xF651, 0xFE71, 0xFEB2, 0xFED3, 0xFE91, 0xF610, 0xFE51, 0xFE71, 0xF630, 0xF5EF, 0xF610, 0xFE71, 0xF610,
    0xF610, 0xFE91, 0xF631, 0xF630, 0xFE31, 0xFE51, 0xF610, 0xFE30, 0xFE71, 0xFE50, 0xFE30, 0xFE50, 0xFE50, 0xF630, 0xEDAE, 0xED8E,
    0xEDAE, 0xEDAD, 0xE56D, 0xE54D, 0xE56D, 0xDD0C, 0xC409, 0xC429, 0xD4AB, 0xD4AB, 0xD4AC, 0xD4CC, 0xD4AB, 0xCC6A, 0xCC4A, 0xCC4A,
    0xCC4A, 0xCC4A, 0xCC4A, 0xCC6A, 0xCCCC, 0xDDB0, 0xDDD0, 0xDDD0, 0xDDB0, 0xDDB0, 0xDDB0, 0xDDB0, 0xDDD0, 0xDDD0, 0xDDD0, 0xDDD0,
    0xDDD1, 0xDDD1, 0xDDD1, 0xDDD1, 0xDDD1, 0xDDD1, 0xDDD1, 0xDDD1, 0xDDD1, 0xDDD1, 0xDDD1, 0xDDD1, 0xDDD1, 0xDDB0, 0xDDB0, 0xDDAF,
    0xE58D, 0xDD6B, 0xDD6A, 0xE56A, 0xE56A, 0xE56A, 0xE56B, 0xE54B, 0xCC8A, 0xCC4A, 0xCC6A, 0xCC6A, 0xCC6A, 0xCC6A, 0xCC6A, 0xCC6B,
    0xCC6B, 0xCC6A, 0xCC6A, 0xCC6A, 0xCC6A, 0xCC6A, 0xCC6A, 0xCC6B, 0xCC6A, 0xCC8A, 0xCC8A, 0xCC6A, 0xCC8B, 0xCC8B, 0xDD2C, 0xFE4F,
    0xFEB0, 0xFEF1, 0xFF12, 0xFF34, 0xFF98, 0xFFB8, 0xFFB8, 0xFFB8, 0xFF98, 0xFF98, 0xFFB8, 0xF715, 0xBC6A, 0xB42A, 0xB40A, 0xB40A,
    0xFF16, 0xFF16, 0xF716, 0xFF36, 0xFF36, 0xFF36, 0xFEF4, 0xFEF3, 0xFF33, 0xFF32, 0xFF11, 0xFEF0, 0xFEF0, 0xFEF0, 0xFEF0, 0xFEF1,
    0xFEF1, 0xFF12, 0xFF13, 0xFF78, 0xFF99, 0xFF98, 0xFF78, 0xFF78, 0xFF78, 0xFF78, 0xFF37, 0xF737, 0xFF57, 0xFF58, 0xFF58, 0xF737,
    0xFF57, 0xFF58, 0xFF57, 0xFF57, 0xF693, 0xE56E, 0xE58E, 0xE56E, 0xE54D, 0xE56E, 0xED8E, 0xE58E, 0xED8E, 0xED8E, 0xE58E, 0xE58E,
    0xEDCF, 0xEE10, 0xEE10, 0xF610, 0xF610, 0xEDCF, 0xEDCF, 0xEDAF, 0xEDAF, 0xE58E, 0xEDAF, 0xEDAF, 0xDD4D, 0xDD4D, 0xE56E, 0xE58E,
    0xE5AE, 0xE5AE, 0xEDAE, 0xEDAF, 0xE5AE, 0xEE10, 0xF671, 0xF630, 0xEE30, 0xF651, 0xF692, 0xF6B3, 0xF6D4, 0xF6F4, 0xF6F4, 0xFF77,
    0xFF77, 0xFF77, 0xFF56, 0xFF36, 0xFF57, 0xFF36, 0xFF15, 0xFF36, 0xFF77, 0xFF57, 0xFF78, 0xFF78, 0xFF78, 0xFF57, 0xFF78, 0xFF78,
    0xFF98, 0xFF98, 0xFF77, 0xFEF3, 0xF651, 0xF631, 0xF631, 0xF631, 0xFE71, 0xF671, 0xFE92, 0xFE71, 0xF651, 0xFE91, 0xFE92, 0xFE72,
    0xFE92, 0xFEB2, 0xFE92, 0xFE71, 0xFE92, 0xFEB2, 0xFEB2, 0xFE71, 0xF630, 0xF630, 0xF60F, 0xF610, 0xF5CF, 0xF630, 0xFE71, 0xFE71,
    0xFE71, 0xFEB2, 0xFE92, 0xF650, 0xFE51, 0xFE51, 0xF630, 0xF60F, 0xF5EF, 0xF610, 0xF5EF, 0xFE50, 0xF630, 0xF610, 0xF610, 0xF610,
    0xF5EF, 0xE5AD, 0xEDEE, 0xFE30, 0xFE30, 0xF5EF, 0xD4CB, 0xE54D, 0xD4CC, 0xD48B, 0xD4AB, 0xD4AC, 0xD4AB, 0xD4AB, 0xCC6B, 0xCC4A,
    0xCC4A, 0xCC4A, 0xC44A, 0xCC4A, 0xCC6A, 0xDD8F, 0xDDB0, 0xDD90, 0xDD8F, 0xDDB0, 0xDDB0, 0xDDB0, 0xDDD0, 0xDDD0, 0xDDD0, 0xDDD0,
    0xDDD1, 0xDDD1, 0xDDD1, 0xDDD1, 0xDDD1, 0xDDD1, 0xDDD1, 0xDDD1, 0xDDD1, 0xDDD1, 0xDDD1, 0xDDB0, 0xD5B0, 0xDDD1, 0xE5F1, 0xDD8E,
    0xE56B, 0xDD6A, 0xDD6B, 0xE56A, 0xE56A, 0xDD6A, 0xDD4A, 0xDD2B, 0xCC6A, 0xC449, 0xCC4A, 0xCC4A, 0xCC4A, 0xCC4A, 0xC44A, 0xC44A,
    0xC429, 0xC429, 0xCC29, 0xCC4A, 0xCC6B, 0xCC6A, 0xCC4A, 0xC42A, 0xCC4A, 0xCC6A, 0xCC6A, 0xC449, 0xCC6A, 0xE54D, 0xE54D, 0xEDCE,
    0xF62F, 0xEE2F, 0xFEB0, 0xFF12, 0xFF76, 0xFF96, 0xFF96, 0xFFB9, 0xFF98, 0xF778, 0xFF98, 0xEEB4, 0xABA8, 0xB42B, 0xB40A, 0xB40A,
    0xFF57, 0xFF36, 0xFF16, 0xFF36, 0xF6F5, 0xF6F5, 0xF6F5, 0xF715, 0xFF55, 0xFF33, 0xFF12, 0xFF11, 0xFF11, 0xFF12, 0xFEF1, 0xFEF0,
    0xFEF1, 0xFEF1, 0xFED0, 0xFF14, 0xFF55, 0xFF77, 0xF716, 0xFF57, 0xF6F6, 0xEEB5, 0xFF37, 0xFF37, 0xFF37, 0xFF57, 0xFF57, 0xFF57,
    0xFF58, 0xFF78, 0xFF78, 0xFF78, 0xF6D4, 0xF692, 0xEE10, 0xE58E, 0xED8E, 0xE54D, 0xE54D, 0xE56E, 0xED8E, 0xEDCF, 0xEDF0, 0xEE10,
    0xF630, 0xF631, 0xF631, 0xF631, 0xF631, 0xEDCF, 0xE58E, 0xE58E, 0xEDAF, 0xE58E, 0xEDF0, 0xF610, 0xEDCF, 0xEDAF, 0xE56E, 0xEDCF,
    0xEDCF, 0xE5AE, 0xEDEF, 0xEDF0, 0xE58E, 0xE5AE, 0xEDEF, 0xEDEF, 0xEE10, 0xF610, 0xF6B3, 0xFF36, 0xFF36, 0xFF57, 0xFF77, 0xFF57,
    0xFF57, 0xFF57, 0xFF57, 0xFF57, 0xFF56, 0xFF36, 0xFF57, 0xFF77, 0xFF77, 0xFF77, 0xFF78, 0xFF98, 0xFF78, 0xFF78, 0xFF78, 0xFF77,
    0xF737, 0xFF57, 0xFF36, 0xFEF3, 0xF651, 0xF631, 0xF631, 0xF651, 0xF671, 0xF610, 0xF651, 0xF631, 0xF650, 0xF630, 0xF630, 0xFE51,
    0xFE51, 0xFE71, 0xF671, 0xFE71, 0xFE71, 0xFE71, 0xFE71, 0xFE71, 0xF630, 0xF60F, 0xF5EF, 0xF60F, 0xF5EF, 0xF651, 0xFE92, 0xFE71,
    0xFE51, 0xFE51, 0xFE91, 0xF671, 0xF650, 0xFE51, 0xFE71, 0xFE30, 0xF610, 0xF610, 0xF60F, 0xFE50, 0xF60F, 0xF610, 0xF610, 0xF610,
    0xF60F, 0xEDCE, 0xEDEF, 0xF60F, 0xF5EF, 0xF5CE, 0xEDCE, 0xF60F, 0xE58E, 0xE56D, 0xDCEC, 0xD4CB, 0xDD0C, 0xDD0C, 0xDCCC, 0xCC6A,
    0xC44A, 0xCC6A, 0xCC6A, 0xCC4A, 0xD4AB, 0xDD6E, 0xE631, 0xEE72, 0xEE92, 0xDDF0, 0xDDB0, 0xDDB0, 0xDDD0, 0xDDD0, 0xDDD0, 0xDDD0,
    0xDDD0, 0xDDD1, 0xDDD1, 0xDDD1, 0xDDD1, 0xDDD1, 0xDDD1, 0xDDD1, 0xDDD1, 0xDDD1, 0xDDB0, 0xEE53, 0xF6D5, 0xF6D4, 0xF671, 0xEE2F,
    0xE54A, 0xE54A, 0xE54A, 0xE56A, 0xE56A, 0xE54A, 0xE5F0, 0xEE96, 0xE635, 0xE635, 0xE615, 0xE656, 0xD550, 0xC46B, 0xE676, 0xDDD3,
    0xCD30, 0xD550, 0xD52F, 0xC48C, 0xCC6A, 0xCC4A, 0xCD0F, 0xE614, 0xCCCD, 0xCC6A, 0xDD0C, 0xDDD2, 0xE613, 0xDD4D, 0xE5D1, 0xE634,
    0xDD90, 0xF6B6, 0xEDEF, 0xF64F, 0xFEB1, 0xFEF1, 0xF6F3, 0xF757, 0xF737, 0xF77A, 0xEF59, 0xE696, 0xA368, 0xB44B, 0xB42A, 0xB40A,
    0xFF37, 0xF716, 0xFF37, 0xFF57, 0xFF36, 0xF6F5, 0xF6F5, 0xF6F5, 0xFEF5, 0xF714, 0xFF55, 0xFF76, 0xFF56, 0xFF34, 0xFF11, 0xFEF1,
    0xFEF0, 0xFEF0, 0xFEF0, 0xFEF1, 0xFEF1, 0xFF77, 0xFF77, 0xFF57, 0xFF36, 0xF716, 0xFF57, 0xFF57, 0xFF57, 0xFF57, 0xF737, 0xFF37,
    0xFF37, 0xFF57, 0xFF58, 0xFF37, 0xF716, 0xF6F5, 0xEDCF, 0xED8E, 0xE58E, 0xDD4D, 0xDD2D, 0xE56E, 0xE56E, 0xE58E, 0xEDAF, 0xF631,
    0xF631, 0xF631, 0xF610, 0xEDEF, 0xEDF0, 0xEDEF, 0xEDCF, 0xEDAF, 0xE58E, 0xE56E, 0xEDCF, 0xEDEF, 0xF5EF, 0xEDCF, 0xE58E, 0xEDAF,
    0xED8E, 0xE58E, 0xF692, 0xF6B3, 0xE58E, 0xE58E, 0xF651, 0xFEB3, 0xF692, 0xF651, 0xFEB3, 0xFF36, 0xFF36, 0xFF57, 0xFF57, 0xFF57,
    0xFF57, 0xFF57, 0xFF57, 0xFF56, 0xFF36, 0xF736, 0xFF57, 0xFF77, 0xFF77, 0xFF57, 0xFF78, 0xFF78, 0xFF78, 0xFF78, 0xFF78, 0xFF78,
    0xFF77, 0xFF57, 0xFF35, 0xFEF4, 0xF672, 0xF692, 0xF672, 0xF672, 0xF672, 0xF610, 0xF651, 0xF651, 0xF651, 0xF610, 0xF5EF, 0xF630,
    0xF5F0, 0xF610, 0xF692, 0xFEB3, 0xF692, 0xFED3, 0xFED3, 0xFED3, 0xF630, 0xF5CF, 0xF5EF, 0xFE91, 0xFED2, 0xFEB2, 0xFE92, 0xFE92,
    0xFEB2, 0xFE92, 0xFED3, 0xFED2, 0xFE71, 0xFE71, 0xFE71, 0xFE50, 0xF630, 0xF630, 0xEDEF, 0xEDCF, 0xEDEF, 0xF610, 0xF60F, 0xF60F,
    0xF60F, 0xF5EF, 0xF5EF, 0xF60F, 0xF5EF, 0xEDAE, 0xEDAE, 0xED8E, 0xF62F, 0xF60F, 0xEDCE, 0xEDCF, 0xE54D, 0xDD2C, 0xE52D, 0xDCCB,
    0xCC6A, 0xDCCB, 0xE50C, 0xD48A, 0xDCEC, 0xF5CF, 0xFED2, 0xFF96, 0xFF97, 0xDDD0, 0xDD8F, 0xDDB0, 0xDDD0, 0xDDD0, 0xDDD0, 0xDDD0,
    0xDDD0, 0xDDD1, 0xDDD1, 0xDDD1, 0xDDD1, 0xDDD1, 0xDDD1, 0xDDD1, 0xDDB0, 0xDDD1, 0xDDB0, 0xF6B3, 0xFF56, 0xFF14, 0xFEB0, 0xF66E,
    0xE56A, 0xE56A, 0xEDAB, 0xEDEB, 0xED8B, 0xEDAB, 0xDD8E, 0xD550, 0xD570, 0xD551, 0xD551, 0xD571, 0xCCCD, 0xCCAC, 0xDE14, 0xDDF4,
    0xDE14, 0xE614, 0xEEB8, 0xD530, 0xCC4A, 0xC44A, 0xE5F4, 0xF73A, 0xDDF3, 0xD4AB, 0xDCEB, 0xEE75, 0xF6F8, 0xDD2C, 0xEE34, 0xF6F9,
    0xEE95, 0xF719, 0xEE95, 0xEE96, 0xE5F0, 0xEE10, 0xF758, 0xFF79, 0xFFBB, 0xFFFD, 0xFFDC, 0xD5F4, 0xB40A, 0xBC4B, 0xBC4B, 0xABE9,
    0xFF37, 0xFF37, 0xFF57, 0xFF58, 0xFF57, 0xFF36, 0xFF36, 0xFF36, 0xFF36, 0xFF36, 0xFF56, 0xFF56, 0xFF55, 0xFF12, 0xFED0, 0xFED0,
    0xFEF0, 0xFEF1, 0xFF11, 0xFEF1, 0xFEF2, 0xFF77, 0xFF34, 0xFF12, 0xFF56, 0xFF57, 0xFF57, 0xFF57, 0xFF37, 0xFF78, 0xFF78, 0xFF37,
    0xFF37, 0xFF37, 0xF736, 0xFF36, 0xFF16, 0xF6F5, 0xEE11, 0xF610, 0xEDCF, 0xEDAF, 0xEDCF, 0xEDAF, 0xEDCF, 0xEDCF, 0xEDCF, 0xF610,
    0xEE10, 0xEDCF, 0xEDCF, 0xEDCF, 0xEDCF, 0xEDF0, 0xF5F0, 0xE5AE, 0xE56D, 0xE58E, 0xEDCF, 0xEDAF, 0xEDAE, 0xEDAE, 0xED8E, 0xEE10,
    0xEE31, 0xEE31, 0xF6D4, 0xFEF4, 0xF692, 0xF672, 0xF6D4, 0xFF15, 0xFF15, 0xFF36, 0xFF57, 0xFF57, 0xFF57, 0xFF57, 0xFF57, 0xFF57,
    0xFF57, 0xFF57, 0xFF57, 0xFF57, 0xFF57, 0xFF57, 0xFF57, 0xFF77, 0xFF77, 0xFF77, 0xFF78, 0xFF78, 0xFF78, 0xFF78, 0xFF78, 0xFF98,
    0xFF78, 0xFF57, 0xFF57, 0xFF15, 0xFF14, 0xFED3, 0xF672, 0xF672, 0xFE92, 0xFE92, 0xF692, 0xFE71, 0xF610, 0xF610, 0xF630, 0xF630,
    0xF610, 0xF651, 0xF6B2, 0xFE92, 0xF692, 0xFF35, 0xF6B3, 0xF630, 0xF630, 0xF610, 0xF671, 0xFEB2, 0xFED3, 0xFEF3, 0xFEF3, 0xFED3,
    0xFEB2, 0xFE92, 0xFEB2, 0xFE92, 0xFEB2, 0xFEB2, 0xFE92, 0xF650, 0xF630, 0xF610, 0xEDCF, 0xF5EF, 0xF5CF, 0xF610, 0xEDCF, 0xF5EF,
    0xF5EF, 0xF5EF, 0xEDCF, 0xF5EF, 0xF5EF, 0xEDCF, 0xED8E, 0xED8D, 0xF610, 0xF60F, 0xF630, 0xF630, 0xEDAE, 0xEDAE, 0xEDAE, 0xED8E,
    0xE52C, 0xDCEB, 0xDD0C, 0xDD0C, 0xDD0C, 0xE54D, 0xFE91, 0xFF76, 0xFF97, 0xEED4, 0xEED4, 0xE612, 0xE611, 0xDDD1, 0xDDD0, 0xDDD0,
    0xDDD0, 0xDDD1, 0xDDD1, 0xDDD1, 0xDDD1, 0xDDD1, 0xDDD1, 0xDDD1, 0xDDB0, 0xD5B0, 0xD590, 0xEE93, 0xFF35, 0xFF14, 0xFE90, 0xFE8F,
    0xFE8E, 0xFE8E, 0xFEAE, 0xFEAE, 0xFE8E, 0xF60D, 0xE58D, 0xE634, 0xEE75, 0xEE55, 0xEE76, 0xE615, 0xC46B, 0xC44B, 0xCD30, 0xD550,
    0xCD30, 0xC48C, 0xE675, 0xDD91, 0xCC6A, 0xD4CD, 0xEE76, 0xE676, 0xF6B7, 0xDD2D, 0xDCCB, 0xE654, 0xF6D7, 0xDD4E, 0xE5F2, 0xEE96,
    0xF6B6, 0xF6F8, 0xEE95, 0xEEB6, 0xEDD1, 0xEDF0, 0xFF39, 0xEE74, 0xEE53, 0xFF38, 0xF6F7, 0xBCAD, 0xB44B, 0xBC4B, 0xBC4B, 0xABE9,
    0xFF37, 0xFF57, 0xFF57, 0xFF78, 0xFF57, 0xFF57, 0xFF57, 0xFF78, 0xFF98, 0xFF98, 0xFF98, 0xFF15, 0xFED3, 0xFEF2, 0xFEF2, 0xFF12,
    0xFEF1, 0xFF32, 0xFF11, 0xFEF1, 0xFEF2, 0xFF34, 0xFED0, 0xFEAF, 0xFEF2, 0xFF55, 0xFF57, 0xFF57, 0xFF36, 0xFF37, 0xFF37, 0xFF58,
    0xFF58, 0xF737, 0xFF37, 0xFF36, 0xFF37, 0xFEF5, 0xEE31, 0xF631, 0xF672, 0xF672, 0xF652, 0xF631, 0xF610, 0xF630, 0xF610, 0xF630,
    0xEDCF, 0xE58E, 0xE58E, 0xE58E, 0xE5AF, 0xF5F0, 0xEDAF, 0xE5AE, 0xEDF0, 0xEE10, 0xEDEF, 0xEDEF, 0xEDEF, 0xEDEF, 0xEDCF, 0xF6B2,
    0xFF35, 0xFF36, 0xFF36, 0xFF56, 0xFF16, 0xF716, 0xFF36, 0xFF57, 0xFF57, 0xFF78, 0xFF78, 0xFF78, 0xFF78, 0xFF78, 0xFF78, 0xFF78,
    0xFF77, 0xFF77, 0xFF77, 0xFF77, 0xFF57, 0xFF77, 0xFF77, 0xFF98, 0xFF98, 0xFF98, 0xFF78, 0xFF78, 0xFF98, 0xFF78, 0xFF78, 0xFF78,
    0xFF78, 0xFF78, 0xFF77, 0xFF15, 0xFEF4, 0xF692, 0xF672, 0xF671, 0xF610, 0xEDCF, 0xF630, 0xF610, 0xF651, 0xFE92, 0xF671, 0xF630,
    0xF671, 0xFED3, 0xFED3, 0xF651, 0xF671, 0xFEB3, 0xF630, 0xF5EF, 0xF630, 0xF630, 0xFEB2, 0xFE92, 0xF671, 0xFED3, 0xFEF3, 0xFEB2,
    0xF630, 0xF610, 0xF610, 0xF651, 0xFE92, 0xFEB2, 0xFED3, 0xFE92, 0xF610, 0xF630, 0xF610, 0xF610, 0xEDCF, 0xF610, 0xF5EF, 0xF5EF,
    0xF5EF, 0xF5EF, 0xF5EF, 0xEDCE, 0xEDCF, 0xF5EF, 0xED8E, 0xED8D, 0xF630, 0xF610, 0xF60F, 0xF60F, 0xF60F, 0xF5EF, 0xEDAE, 0xEDAE,
    0xED8E, 0xE54D, 0xE52D, 0xE56D, 0xED8E, 0xED8E, 0xF60F, 0xFF14, 0xFFB7, 0xFFB7, 0xFFB7, 0xFF76, 0xEED4, 0xDD90, 0xDDD1, 0xDDD1,
    0xDDD0, 0xDDD0, 0xDDD1, 0xDDD1, 0xDDD1, 0xDDD1, 0xDDD1, 0xDDD1, 0xDDD1, 0xE612, 0xE632, 0xF6D3, 0xFEF3, 0xFEB1, 0xF66F, 0xFE8F,
    0xFECE, 0xFECE, 0xFECE, 0xFECE, 0xFEEE, 0xF62D, 0xEDCF, 0xFF18, 0xE612, 0xDD8F, 0xE5D1, 0xF6F8, 0xD50D, 0xD50E, 0xF6F8, 0xE655,
    0xEED8, 0xDD70, 0xEE96, 0xE5F2, 0xDCCB, 0xDDB1, 0xEEB7, 0xD54F, 0xF6D8, 0xE590, 0xDD0C, 0xEE55, 0xF6B7, 0xE54E, 0xE56E, 0xDD0D,
    0xDDB1, 0xF6D8, 0xDD2E, 0xDD4E, 0xED8E, 0xE5F1, 0xF6F8, 0xEE53, 0xE5D1, 0xEE74, 0xF695, 0xA346, 0xB44A, 0xBC6B, 0xBC4B, 0xB40A,
    0xFF37, 0xFF37, 0xFF37, 0xF716, 0xF6F6, 0xFF37, 0xFF78, 0xFF78, 0xFF78, 0xFF78, 0xFF99, 0xFF78, 0xFF78, 0xFF78, 0xFF56, 0xFF13,
    0xFEF1, 0xFEF1, 0xFEF1, 0xFEF1, 0xFEF2, 0xFED1, 0xFEAF, 0xFEAF, 0xFED1, 0xFF55, 0xFF56, 0xF6D2, 0xFEF2, 0xFF12, 0xFF14, 0xFF77,
    0xFF78, 0xFF78, 0xFF78, 0xFF57, 0xF6F5, 0xF673, 0xEE10, 0xEE10, 0xEE11, 0xEE10, 0xF651, 0xF692, 0xF651, 0xF631, 0xEE10, 0xEE10,
    0xEDF0, 0xEDCF, 0xE5AF, 0xE58E, 0xEE10, 0xEDCF, 0xE56E, 0xEDF0, 0xEDF0, 0xEE10, 0xEE30, 0xEE31, 0xF6B3, 0xFF15, 0xF6F4, 0xF6F5,
    0xFF15, 0xFF36, 0xFF57, 0xFF57, 0xFF77, 0xFF78, 0xFF78, 0xFF78, 0xFF78, 0xFF78, 0xFF78, 0xFF78, 0xFF78, 0xFF78, 0xFF57, 0xFF37,
    0xFF57, 0xFF36, 0xFF57, 0xFF57, 0xFF57, 0xFF78, 0xFF78, 0xFF98, 0xFF77, 0xFF57, 0xFF78, 0xFF98, 0xFF99, 0xFF58, 0xFF57, 0xFF57,
    0xFF78, 0xFF78, 0xFF77, 0xFF36, 0xFEF4, 0xF6B2, 0xF651, 0xF630, 0xF630, 0xF630, 0xF630, 0xF60F, 0xF671, 0xF692, 0xFE92, 0xF671,
    0xF671, 0xFEB3, 0xFEB3, 0xF651, 0xF651, 0xF651, 0xEDEF, 0xF630, 0xFE92, 0xFEB2, 0xFED3, 0xFEB2, 0xFEB2, 0xFED3, 0xFEB2, 0xFEB2,
    0xFE91, 0xF651, 0xF651, 0xFE92, 0xFEF3, 0xFEF3, 0xFEF3, 0xFED3, 0xFEB2, 0xFE71, 0xF60F, 0xF610, 0xEDCF, 0xF610, 0xEDCF, 0xEDAE,
    0xEDCF, 0xF5CF, 0xF610, 0xEDCF, 0xEDAE, 0xF5EF, 0xEDAE, 0xEDAE, 0xF5EF, 0xF60F, 0xF60F, 0xF5EF, 0xF60F, 0xF60F, 0xF5EF, 0xF5EF,
    0xF5EF, 0xF5CF, 0xF5CE, 0xED8E, 0xED8E, 0xED8E, 0xE54D, 0xEDEF, 0xFF76, 0xFF97, 0xFF77, 0xFF97, 0xF756, 0xEED4, 0xE653, 0xDDB0,
    0xDDD0, 0xDDD1, 0xDDD1, 0xDDD1, 0xDDD1, 0xDDD1, 0xDDD1, 0xDDD1, 0xDDD1, 0xF6B4, 0xFF35, 0xFF14, 0xFED1, 0xF64E, 0xF64F, 0xFE8E,
    0xFEAE, 0xFEAE, 0xFEAE, 0xFEAE, 0xFEEF, 0xF62D, 0xE5AF, 0xF6F8, 0xF6D6, 0xEEB6, 0xEEB6, 0xF6F8, 0xDD6F, 0xE590, 0xF6D7, 0xD52E,
    0xF696, 0xDDB1, 0xEE96, 0xE5F2, 0xD4CB, 0xE613, 0xEED7, 0xDD70, 0xF6D8, 0xE613, 0xDD0C, 0xEE75, 0xEEB7, 0xDD2D, 0xE58F, 0xF6D7,
    0xF6F8, 0xF718, 0xF6F8, 0xEE75, 0xE56E, 0xE5D1, 0xF6F9, 0xF6D7, 0xF6F8, 0xE612, 0xDE15, 0xB44C, 0xBC6B, 0xBC6B, 0xBC6B, 0xB409,
    0xFF37, 0xFF36, 0xFF36, 0xFF37, 0xFF57, 0xFF58, 0xFF78, 0xFF57, 0xFF57, 0xFF78, 0xFF99, 0xFFB9, 0xFF99, 0xFF99, 0xFF36, 0xFF14,
    0xFF13, 0xFEF2, 0xFEF1, 0xFEF1, 0xFEF1, 0xFEF1, 0xFEF1, 0xFEF1, 0xFF33, 0xFF33, 0xFF12, 0xFEF1, 0xFEF0, 0xFEF0, 0xFF11, 0xFF13,
    0xFF36, 0xFF57, 0xFF57, 0xFF78, 0xFF16, 0xFF16, 0xF6B4, 0xEE30, 0xEDF0, 0xEE10, 0xF651, 0xFE92, 0xF651, 0xEDF0, 0xEDAF, 0xEDF0,
    0xF631, 0xF631, 0xF630, 0xEE30, 0xF651, 0xF651, 0xF651, 0xE5AF, 0xE56E, 0xF693, 0xF6F4, 0xF6D4, 0xF715, 0xF735, 0xFF35, 0xFF15,
    0xFF16, 0xFF57, 0xFF36, 0xF716, 0xFF57, 0xFF77, 0xFF57, 0xFF57, 0xFF78, 0xFF78, 0xFF78, 0xFF78, 0xFF78, 0xFF78, 0xFF57, 0xFF37,
    0xFF57, 0xFF57, 0xFF57, 0xFF57, 0xFF57, 0xFF78, 0xFF78, 0xFF78, 0xFF77, 0xFF57, 0xFF77, 0xFF78, 0xFF78, 0xFF57, 0xFF36, 0xFF57,
    0xFF78, 0xFF78, 0xFF77, 0xFF77, 0xFEF5, 0xFED4, 0xFEB2, 0xF651, 0xF630, 0xF630, 0xF651, 0xF630, 0xF651, 0xF672, 0xF651, 0xF610,
    0xEDEF, 0xEDEF, 0xEDEF, 0xEDCF, 0xF5EF, 0xF610, 0xF610, 0xF651, 0xFE92, 0xFE92, 0xFEB3, 0xFEB2, 0xFEB2, 0xFEB2, 0xFE92, 0xFEB2,
    0xFEB2, 0xFEB2, 0xFEB2, 0xFEB2, 0xFEB2, 0xFED3, 0xFED2, 0xFED2, 0xFED2, 0xFE91, 0xF5EF, 0xF5EF, 0xEDEF, 0xF5EF, 0xF5EF, 0xE56D,
    0xED8E, 0xEDAE, 0xF5EF, 0xEDCE, 0xED8E, 0xE56D, 0xEDAE, 0xF5EF, 0xF5EF, 0xF5EF, 0xF5EF, 0xF5CE, 0xF5CE, 0xF630, 0xF630, 0xF630,
    0xF5EF, 0xEDCF, 0xED8D, 0xE56D, 0xE54D, 0xE54D, 0xED8D, 0xEDCE, 0xFF55, 0xFF97, 0xFF97, 0xFF77, 0xFF97, 0xFFD8, 0xEEB4, 0xDDB0,
    0xDDD1, 0xDDD0, 0xDDD1, 0xDDD1, 0xDDD0, 0xDDD1, 0xDDD1, 0xDDD1, 0xDDB1, 0xEE72, 0xFF13, 0xFEF2, 0xFED0, 0xFE4E, 0xFE6F, 0xFE8E,
    0xFEAE, 0xFEAE, 0xFEAE, 0xFEAE, 0xF62D, 0xEDCD, 0xED8D, 0xE5D1, 0xE612, 0xDD6F, 0xDDD1, 0xDDB1, 0xDD2C, 0xE58F, 0xF6F8, 0xF6B7,
    0xF6B7, 0xDD70, 0xEE75, 0xE5D1, 0xD4EC, 0xEE96, 0xF739, 0xF719, 0xF719, 0xEE76, 0xDD0C, 0xEE55, 0xF6B7, 0xDD0D, 0xDD0D, 0xDD90,
    0xE634, 0xF6F8, 0xE5F2, 0xE5D0, 0xE56E, 0xEE12, 0xF6B7, 0xDD4E, 0xF6B6, 0xDDB1, 0xDE16, 0xDE15, 0xBC6C, 0xBC4B, 0xB42A, 0xB40A,
    0xFF36, 0xF6F6, 0xFF36, 0xFF57, 0xFF57, 0xFF78, 0xFF98, 0xFF78, 0xFF78, 0xFF99, 0xFF99, 0xFF99, 0xFF78, 0xFF78, 0xFF98, 0xFF98,
    0xFF57, 0xFF13, 0xFEF1, 0xFEF1, 0xFEF2, 0xFF13, 0xFF33, 0xFF33, 0xFF33, 0xFF33, 0xFF11, 0xFEF1, 0xFED0, 0xFEF0, 0xFED0, 0xFEF1,
    0xFF35, 0xFF36, 0xFF37, 0xFF57, 0xFF57, 0xFF78, 0xF6F5, 0xF610, 0xF631, 0xF610, 0xEDF0, 0xF631, 0xF672, 0xEDF0, 0xEDF0, 0xEE31,
    0xEE10, 0xEE30, 0xF651, 0xF672, 0xF672, 0xFE93, 0xF6B3, 0xEE72, 0xF693, 0xFF16, 0xFF77, 0xFF77, 0xFF77, 0xFF77, 0xFF57, 0xFF56,
    0xFF57, 0xFF77, 0xFF77, 0xFF57, 0xFF77, 0xFF57, 0xFF78, 0xFF78, 0xFF58, 0xF757, 0xFF78, 0xFF78, 0xFF78, 0xFF57, 0xFF57, 0xFF57,
    0xFF57, 0xFF57, 0xFF57, 0xFF57, 0xFF98, 0xFF77, 0xFF78, 0xFF98, 0xFF78, 0xFF78, 0xFF78, 0xFF78, 0xFF36, 0xF736, 0xFF57, 0xFF98,
    0xFF98, 0xFF78, 0xFF78, 0xFF98, 0xFF56, 0xFF35, 0xFED3, 0xF671, 0xF610, 0xF610, 0xF630, 0xEE10, 0xF651, 0xF671, 0xEDEF, 0xEDCF,
    0xEDEF, 0xEDCF, 0xF5EF, 0xF630, 0xF650, 0xF651, 0xF650, 0xFEB2, 0xFEB2, 0xFEB2, 0xFED3, 0xFEB2, 0xFEB2, 0xFEB2, 0xFE92, 0xF671,
    0xFE71, 0xFE71, 0xFE71, 0xF671, 0xF651, 0xFE92, 0xFE92, 0xFE91, 0xFEB2, 0xFE91, 0xF630, 0xEDEF, 0xEDCF, 0xEDCF, 0xEDCF, 0xEDAE,
    0xEDAE, 0xEDAE, 0xEDCE, 0xF5CF, 0xEDCE, 0xEDAE, 0xED8E, 0xF5EF, 0xF5EF, 0xF5EF, 0xEDCE, 0xED8D, 0xEDAE, 0xFE30, 0xFE30, 0xF60F,
    0xED8E, 0xEDCE, 0xE54D, 0xE50C, 0xE52C, 0xED8E, 0xED8E, 0xEDAE, 0xF692, 0xFF14, 0xFF97, 0xFF97, 0xFF97, 0xFF77, 0xFF56, 0xF756,
    0xE652, 0xDDB0, 0xDDD1, 0xDDD1, 0xDDD0, 0xDDD1, 0xDDD1, 0xDDD1, 0xDDB1, 0xEE72, 0xFF13, 0xFEF2, 0xFED0, 0xFE4E, 0xFE4E, 0xFE8E,
    0xFEAE, 0xFEAE, 0xFEAE, 0xFEAE, 0xEE0D, 0xEDAE, 0xE58E, 0xEE54, 0xF6B6, 0xCCEC, 0xEE75, 0xEE54, 0xDD0D, 0xE590, 0xF6D8, 0xDD91,
    0xD56F, 0xDD2E, 0xD54F, 0xD50D, 0xDD2E, 0xF6D8, 0xE5B1, 0xDD6E, 0xE5F3, 0xF6F8, 0xD50D, 0xEE54, 0xF6B7, 0xDD2D, 0xDD6F, 0xDD2E,
    0xE5D2, 0xF6D8, 0xDD6F, 0xE590, 0xE56E, 0xEE33, 0xEE96, 0xDD90, 0xEED7, 0xE654, 0xE657, 0xC531, 0xBC2A, 0xBC6B, 0xB40A, 0xA388,
    0xF716, 0xFF37, 0xFF57, 0xFF57, 0xFF57, 0xFF58, 0xFF78, 0xFF78, 0xFF78, 0xFF99, 0xFF99, 0xFF99, 0xFF57, 0xFF57, 0xFF78, 0xFF77,
    0xFF16, 0xFF35, 0xFF12, 0xFEF2, 0xFEF2, 0xFF33, 0xFF34, 0xFF33, 0xFF33, 0xFF33, 0xFF11, 0xFED0, 0xFEAF, 0xFEAF, 0xFEF0, 0xFF10,
    0xFF11, 0xFF33, 0xFF56, 0xFF57, 0xFF37, 0xFF57, 0xF6D5, 0xF631, 0xEE10, 0xEDCF, 0xEDCF, 0xF630, 0xF631, 0xF610, 0xEE10, 0xEDCF,
    0xEDCF, 0xEE10, 0xF692, 0xF6B3, 0xF672, 0xF693, 0xFF36, 0xFF97, 0xFF97, 0xFF77, 0xFF77, 0xF736, 0xFF57, 0xFF77, 0xFF77, 0xFF77,
    0xFF77, 0xFF77, 0xFF77, 0xFF78, 0xFF78, 0xFF57, 0xFF78, 0xFF98, 0xFF78, 0xFF78, 0xFF98, 0xFF78, 0xFF78, 0xFF78, 0xFF77, 0xFF57,
    0xF736, 0xFF57, 0xFF77, 0xFF77, 0xFF98, 0xFF77, 0xFF97, 0xFF97, 0xFF77, 0xFF57, 0xFF57, 0xFF57, 0xFF57, 0xFF77, 0xFF77, 0xFF98,
    0xFF99, 0xFF78, 0xFF98, 0xFF98, 0xFF97, 0xFF77, 0xFF15, 0xF692, 0xF651, 0xF630, 0xF630, 0xF610, 0xF651, 0xF651, 0xEDEF, 0xEDEF,
    0xF630, 0xFE50, 0xF630, 0xF60F, 0xF610, 0xF630, 0xF630, 0xFE71, 0xFEB2, 0xFEB2, 0xFEB2, 0xFEB2, 0xFE92, 0xFEF3, 0xFEF3, 0xFEB2,
    0xFED2, 0xFEB2, 0xFEB2, 0xFE91, 0xF651, 0xF671, 0xF672, 0xFEB2, 0xFED3, 0xFED3, 0xFE92, 0xFE51, 0xEDEF, 0xEDCF, 0xEDCF, 0xEDCF,
    0xF5CF, 0xED8E, 0xE58D, 0xEDCE, 0xF5CF, 0xEDAE, 0xE56D, 0xEDCE, 0xF5EF, 0xF5EF, 0xF5CF, 0xED8D, 0xF5CE, 0xF60F, 0xF630, 0xF60F,
    0xED8E, 0xED8E, 0xE54D, 0xE54D, 0xED6D, 0xEDAE, 0xED8E, 0xEDAE, 0xFE50, 0xFEF3, 0xFF97, 0xFF97, 0xFF97, 0xFF97, 0xFF97, 0xFFB8,
    0xE673, 0xDDD0, 0xDDF1, 0xDDD1, 0xDDD1, 0xDDD1, 0xDDD1, 0xDDD1, 0xDDD1, 0xEE72, 0xFF13, 0xFED1, 0xFEB0, 0xFE4E, 0xFE6E, 0xFE8E,
    0xFEAE, 0xFEAE, 0xFEAE, 0xFEAE, 0xF60E, 0xED8D, 0xEE74, 0xF739, 0xF719, 0xF6D8, 0xF6F8, 0xF719, 0xEE34, 0xD54E, 0xF6D7, 0xF6D8,
    0xF6B7, 0xF6D8, 0xF6D8, 0xD54F, 0xE5B0, 0xEEB7, 0xD4ED, 0xE4EB, 0xDD4E, 0xF6D8, 0xD54F, 0xE613, 0xEE96, 0xD50D, 0xE654, 0xF719,
    0xF6F8, 0xF6F8, 0xF6D8, 0xF719, 0xE5D1, 0xEE33, 0xE654, 0xEE34, 0xF6F8, 0xC4CD, 0xC510, 0xD5D4, 0xB42B, 0xB44B, 0xB42B, 0x8AA5,
    0xFF37, 0xFF57, 0xFF58, 0xFF57, 0xF717, 0xF716, 0xFF57, 0xFF58, 0xFF57, 0xFF57, 0xFF58, 0xFF58, 0xFF78, 0xFF78, 0xFF78, 0xFF78,
    0xFF77, 0xFF57, 0xFF35, 0xFF13, 0xFEF2, 0xFF33, 0xFF13, 0xFF12, 0xFF33, 0xFF32, 0xFF31, 0xFF11, 0xFED0, 0xFEAF, 0xFF10, 0xFEF0,
    0xFF10, 0xFF10, 0xFF12, 0xFF34, 0xFF58, 0xFF57, 0xFF57, 0xF692, 0xF630, 0xF630, 0xF651, 0xF631, 0xEDCF, 0xF631, 0xFE92, 0xF692,
    0xF693, 0xF6B3, 0xF6B3, 0xF6D4, 0xEEB3, 0xF6B3, 0xFF56, 0xFF77, 0xFF77, 0xFF77, 0xFF77, 0xFF57, 0xFF57, 0xFF77, 0xFF77, 0xFF77,
    0xFF77, 0xFF77, 0xFF77, 0xFF78, 0xFF98, 0xFF78, 0xFF98, 0xFF98, 0xFF98, 0xFF98, 0xFF98, 0xFF98, 0xFF78, 0xFF78, 0xFF78, 0xFF57,
    0xF736, 0xFF57, 0xFF57, 0xFF77, 0xFF78, 0xFF78, 0xFF78, 0xFF98, 0xFF77, 0xFF37, 0xFF57, 0xFF57, 0xFF78, 0xFF78, 0xFF37, 0xFF57,
    0xFF98, 0xFF78, 0xFF98, 0xFF78, 0xFF77, 0xFF77, 0xFF56, 0xFF36, 0xFF14, 0xF651, 0xF630, 0xF631, 0xF631, 0xF610, 0xF610, 0xF610,
    0xF630, 0xFE51, 0xEDCF, 0xEDAE, 0xF630, 0xF630, 0xF610, 0xF60F, 0xF631, 0xF630, 0xFE71, 0xFEB2, 0xFE92, 0xFED3, 0xFEF3, 0xFF14,
    0xFEF3, 0xFED3, 0xFEB2, 0xF651, 0xF671, 0xFE92, 0xFEB2, 0xFED3, 0xFED3, 0xFEB2, 0xFE92, 0xFE71, 0xEDEF, 0xF5CF, 0xEDCF, 0xEDCF,
    0xF5CF, 0xEDAE, 0xE56D, 0xEDAE, 0xEDAE, 0xEDAE, 0xE58D, 0xEDCE, 0xF5CF, 0xEDAE, 0xEDCE, 0xED8E, 0xF5EF, 0xF5EF, 0xF630, 0xF5EF,
    0xED6D, 0xEDAE, 0xF5CF, 0xEDCE, 0xE54D, 0xED8E, 0xEDAE, 0xEDAE, 0xEDEF, 0xF671, 0xFF35, 0xFF76, 0xFF97, 0xFF97, 0xFF97, 0xFF97,
    0xE652, 0xDDB0, 0xDDD0, 0xDDF1, 0xDDD1, 0xDDD1, 0xDDD1, 0xDDD1, 0xDDD1, 0xE630, 0xF64E, 0xF64E, 0xFE6E, 0xFE6E, 0xFE6E, 0xFE8E,
    0xFEAE, 0xFEAE, 0xFECE, 0xF66E, 0xF5EE, 0xEDAE, 0xE5CF, 0xEDD0, 0xE5CF, 0xE5AF, 0xE5AF, 0xE5B0, 0xE5AF, 0xE54D, 0xDD6E, 0xE58F,
    0xE58F, 0xE58F, 0xE56F, 0xDD2D, 0xDD2D, 0xDD4E, 0xE52D, 0xE52D, 0xE54E, 0xDD6E, 0xDD4E, 0xDD4E, 0xDD6F, 0xE52D, 0xDD6F, 0xE590,
    0xDD90, 0xDD90, 0xDD90, 0xE5B0, 0xE56E, 0xE56F, 0xDD4E, 0xE56E, 0xDD6F, 0xA347, 0xB42A, 0xBCCD, 0xB42B, 0xB3EA, 0xB42A, 0x8AC6,
    0xFF58, 0xFF58, 0xFF37, 0xF717, 0xFF37, 0xFF57, 0xFF58, 0xFF37, 0xF717, 0xF717, 0xFF37, 0xFF37, 0xFF98, 0xFF98, 0xFF78, 0xFF77,
    0xFF77, 0xFF56, 0xFF35, 0xFF14, 0xFF13, 0xFF13, 0xFED1, 0xFEB1, 0xFF12, 0xFF11, 0xFEF1, 0xFEF0, 0xFED0, 0xFED0, 0xFEF0, 0xFED0,
    0xFECF, 0xFEF0, 0xFEF0, 0xFEF2, 0xFF56, 0xFF36, 0xFF36, 0xF692, 0xF671, 0xFED3, 0xFED3, 0xFEB3, 0xFEB2, 0xFED3, 0xFEF4, 0xF714,
    0xFEF5, 0xF715, 0xFF16, 0xFF36, 0xFF36, 0xFF56, 0xFF98, 0xFF77, 0xFF77, 0xFF78, 0xFF78, 0xFF78, 0xFF78, 0xFF77, 0xFF77, 0xFF57,
    0xFF77, 0xFF77, 0xFF77, 0xFF78, 0xFF78, 0xFF78, 0xFF98, 0xFF98, 0xFF98, 0xFF98, 0xFF98, 0xFF78, 0xFF78, 0xFF98, 0xFF78, 0xFF57,
    0xFF56, 0xFF77, 0xFF77, 0xFF77, 0xFF57, 0xFF77, 0xFF98, 0xFF78, 0xFF57, 0xFF57, 0xFF77, 0xFF77, 0xFF78, 0xFF77, 0xFF56, 0xFF57,
    0xFF77, 0xFF98, 0xFF98, 0xFF57, 0xFF57, 0xFF57, 0xFF36, 0xFF76, 0xFEF4, 0xF631, 0xF630, 0xF631, 0xF651, 0xF630, 0xFE51, 0xFE51,
    0xF630, 0xFE51, 0xF630, 0xF610, 0xF610, 0xF630, 0xF630, 0xF60F, 0xF610, 0xF630, 0xFE72, 0xFEF3, 0xFED3, 0xFEB2, 0xFE91, 0xFE71,
    0xF671, 0xFEB2, 0xFEB2, 0xFEB2, 0xFEB2, 0xFEB2, 0xFED3, 0xFEB3, 0xFE92, 0xF671, 0xF651, 0xF651, 0xF610, 0xF610, 0xEDCF, 0xEDCF,
    0xF5CF, 0xEDCE, 0xF5CE, 0xF5CF, 0xEDAE, 0xED8E, 0xEDCE, 0xF5CF, 0xF5CF, 0xEDAE, 0xEDAE, 0xEDAE, 0xF5EF, 0xFE30, 0xF630, 0xF5EF,
    0xED8E, 0xEDCE, 0xEDCF, 0xEDCE, 0xE56D, 0xEDCE, 0xEDAE, 0xEDCE, 0xF5AE, 0xF60F, 0xFE51, 0xFF35, 0xFF97, 0xFF97, 0xFF97, 0xFF97,
    0xF715, 0xF6F5, 0xEEB4, 0xDDD1, 0xDDF1, 0xDDF1, 0xDDF1, 0xDDF1, 0xDDF0, 0xEE0F, 0xF60D, 0xF62D, 0xFE6E, 0xFE6E, 0xFE6E, 0xFE8E,
    0xFEAE, 0xFEAE, 0xFEAE, 0xF64E, 0xF5EE, 0xEDCE, 0xEDAE, 0xEDAD, 0xED8D, 0xED4D, 0xED4D, 0xE56D, 0xED8E, 0xE56D, 0xE54D, 0xE54C,
    0xE54D, 0xE52C, 0xE50C, 0xE52D, 0xE54D, 0xE56D, 0xE56E, 0xE56E, 0xE56E, 0xE56D, 0xE56D, 0xE56D, 0xE54D, 0xE54D, 0xE54D, 0xE52D,
    0xE54D, 0xE54D, 0xE54D, 0xE54D, 0xE54D, 0xE54D, 0xE54D, 0xED4D, 0xDD2C, 0xABA7, 0xB42A, 0xB42A, 0xBC4B, 0xABE9, 0xA3A9, 0x8AC6,
    0xF716, 0xF716, 0xF6F6, 0xF716, 0xFF57, 0xFF57, 0xFF57, 0xF737, 0xFF37, 0xFF78, 0xFF98, 0xFF98, 0xFF98, 0xFF78, 0xFF57, 0xFF57,
    0xFF57, 0xF735, 0xFF34, 0xFEF4, 0xF6B2, 0xF6B1, 0xF6B1, 0xFEB1, 0xFED1, 0xFED0, 0xFED0, 0xFEF0, 0xFEF0, 0xFEF0, 0xFEF0, 0xF64E,
    0xEE0D, 0xFEAF, 0xFEF0, 0xFEF0, 0xFF11, 0xFF11, 0xFEF1, 0xFEF1, 0xFED2, 0xFF13, 0xFEF3, 0xFEF3, 0xFEF3, 0xFEF3, 0xFEF4, 0xFEF5,
    0xFEF5, 0xF6F5, 0xFF36, 0xFF36, 0xF715, 0xFF57, 0xFF98, 0xFF77, 0xFF78, 0xFF98, 0xFF98, 0xFF77, 0xFF57, 0xFF57, 0xFF57, 0xFF77,
    0xFF78, 0xFF78, 0xFF77, 0xFF78, 0xF737, 0xFF57, 0xFF98, 0xFF98, 0xFF98, 0xFF98, 0xFF98, 0xFF98, 0xFF98, 0xFF78, 0xFF57, 0xFF57,
    0xFF57, 0xFF57, 0xFF77, 0xFF57, 0xF736, 0xFF77, 0xFF77, 0xFF77, 0xFF77, 0xFF77, 0xFF98, 0xFF98, 0xFF77, 0xFF77, 0xFF77, 0xFF57,
    0xFF57, 0xFF98, 0xFF78, 0xFF36, 0xFF56, 0xFF36, 0xFF16, 0xFF77, 0xF6F5, 0xF692, 0xF671, 0xF631, 0xF630, 0xF630, 0xF610, 0xF630,
    0xF630, 0xF5EF, 0xF5EF, 0xF650, 0xF630, 0xEDCF, 0xEDCE, 0xEDEF, 0xF630, 0xF671, 0xFED3, 0xFF14, 0xFED3, 0xFEB2, 0xFE71, 0xFE51,
    0xFE51, 0xFE71, 0xFE71, 0xFE91, 0xFE71, 0xF671, 0xFEB2, 0xFE92, 0xFEB2, 0xF671, 0xF671, 0xF650, 0xF630, 0xF630, 0xF5EF, 0xEDCF,
    0xEDCF, 0xEDCE, 0xEDAE, 0xEDCE, 0xEDAE, 0xED8E, 0xE58D, 0xED8D, 0xF5CF, 0xF5CE, 0xEDAE, 0xEDCE, 0xEDEF, 0xF630, 0xF630, 0xF5EF,
    0xEDAE, 0xEDCF, 0xEDAE, 0xF60F, 0xF5EF, 0xEDCE, 0xEDCE, 0xEDCE, 0xF5CE, 0xF60F, 0xFE2F, 0xFF35, 0xFFB8, 0xFF97, 0xFF97, 0xFF97,
    0xFFB7, 0xFFD8, 0xFF97, 0xEE93, 0xDDD1, 0xDDF1, 0xDDF1, 0xE610, 0xEE30, 0xEE2F, 0xF62D, 0xF62D, 0xF64D, 0xF66E, 0xFEAE, 0xFEAE,
    0xFECE, 0xFEAE, 0xF60E, 0xF5EE, 0xF5CF, 0xEDAE, 0xEDCE, 0xF60F, 0xF5CE, 0xE54D, 0xED6E, 0xEDAE, 0xED8E, 0xED6E, 0xE54D, 0xE54D,
    0xE54D, 0xE54D, 0xE54D, 0xE54D, 0xE54D, 0xE54D, 0xE54D, 0xE56D, 0xE54D, 0xE56D, 0xE56D, 0xE56E, 0xE54E, 0xE54D, 0xE54D, 0xE54D,
    0xE54D, 0xE54D, 0xE54D, 0xE54D, 0xE54D, 0xE56D, 0xE54D, 0xE56E, 0xE54D, 0xAB87, 0xB42A, 0xBC6B, 0xB44B, 0xAC0A, 0x82A5, 0x82A5,
    0xFF36, 0xFF16, 0xF716, 0xFF37, 0xFF36, 0xFF57, 0xFF57, 0xFF57, 0xFF57, 0xFF98, 0xFF98, 0xFF78, 0xFF78, 0xFF57, 0xFF57, 0xFF57,
    0xFF57, 0xFF35, 0xFF14, 0xF6F3, 0xF671, 0xF650, 0xF670, 0xF650, 0xF690, 0xFEAF, 0xFED0, 0xFEB0, 0xF68F, 0xFEF0, 0xFECF, 0xF66E,
    0xF64E, 0xFECF, 0xFF10, 0xFF10, 0xFF10, 0xFF10, 0xFF11, 0xFEF1, 0xFED0, 0xFEF1, 0xFF12, 0xFF12, 0xFF12, 0xFEF3, 0xFEF4, 0xFEF3,
    0xFEF4, 0xFF15, 0xFF36, 0xFF36, 0xFF57, 0xFF77, 0xFF77, 0xFF98, 0xFF98, 0xFF98, 0xFF78, 0xFF57, 0xFF57, 0xFF57, 0xFF57, 0xFF78,
    0xFF98, 0xFF78, 0xFF98, 0xFF98, 0xFF57, 0xFF78, 0xFF98, 0xFF99, 0xFF98, 0xFF99, 0xFF99, 0xFF98, 0xFF98, 0xFF77, 0xFF57, 0xFF57,
    0xFF57, 0xFF57, 0xFF77, 0xFF77, 0xFF57, 0xFF98, 0xFF77, 0xFF77, 0xFF98, 0xFF78, 0xFF98, 0xFF98, 0xFF77, 0xFF57, 0xFF77, 0xFF77,
    0xFF37, 0xFF78, 0xFF98, 0xFF56, 0xFF56, 0xFF36, 0xFF36, 0xFF77, 0xFF77, 0xFF57, 0xF692, 0xF651, 0xF651, 0xF630, 0xEDCF, 0xF630,
    0xF651, 0xF610, 0xEDEF, 0xF630, 0xF630, 0xF610, 0xF610, 0xFE51, 0xFE91, 0xF671, 0xFE92, 0xFEB2, 0xFE92, 0xFEB2, 0xFE92, 0xFE71,
    0xFE71, 0xF651, 0xF671, 0xF671, 0xFE71, 0xF671, 0xFE71, 0xFE91, 0xFE91, 0xF671, 0xF650, 0xF630, 0xF630, 0xF630, 0xEDEF, 0xF5EF,
    0xF5EF, 0xEDCF, 0xE56D, 0xEDAE, 0xEDAE, 0xEDAE, 0xE54D, 0xED8E, 0xF5CF, 0xEDCE, 0xEDAE, 0xF5CF, 0xF60F, 0xF630, 0xF630, 0xF5EF,
    0xEDEE, 0xF5EF, 0xF610, 0xEDEF, 0xEDCE, 0xEDCE, 0xEDCE, 0xEDCE, 0xEDCF, 0xF60F, 0xF62F, 0xFF14, 0xFF97, 0xFF97, 0xFF97, 0xFF97,
    0xFF97, 0xFF97, 0xFF97, 0xFF97, 0xEEB3, 0xE611, 0xDDF1, 0xE611, 0xEE4F, 0xEE2F, 0xF60D, 0xF62D, 0xFE8E, 0xFEAE, 0xFECE, 0xFECE,
    0xFECE, 0xFECE, 0xFE6F, 0xF64F, 0xF64F, 0xEDEE, 0xF5EE, 0xF62F, 0xF5EF, 0xED8D, 0xED8E, 0xEDCE, 0xED8E, 0xED8E, 0xE56D, 0xE54D,
    0xE54D, 0xE54D, 0xE54D, 0xE54D, 0xE54D, 0xE52C, 0xE54D, 0xE56E, 0xE54D, 0xE56D, 0xE56D, 0xE54D, 0xE54E, 0xE54D, 0xE54D, 0xE54D,
    0xE54D, 0xE54D, 0xE54D, 0xE54D, 0xE54D, 0xE54D, 0xE54D, 0xE54D, 0xD4EC, 0xA388, 0xB42A, 0xBC6B, 0xB42A, 0xABE9, 0x8285, 0x82C6,
    0xFF57, 0xFF57, 0xFF57, 0xFF57, 0xFF57, 0xFF77, 0xFF78, 0xFF78, 0xFF98, 0xFF98, 0xFF78, 0xFF78, 0xFF78, 0xFF57, 0xFF57, 0xFF57,
    0xFF56, 0xF6F4, 0xF692, 0xF691, 0xF671, 0xF670, 0xF670, 0xF650, 0xF64F, 0xFEB0, 0xFEF1, 0xFEB0, 0xF64E, 0xFECF, 0xFEF0, 0xFEF0,
    0xFEF0, 0xFF10, 0xFF30, 0xFF30, 0xFF10, 0xFF10, 0xFF31, 0xFEF0, 0xFEAF, 0xFEF0, 0xFF12, 0xFF12, 0xFF12, 0xFF13, 0xFF13, 0xFED1,
    0xF6F2, 0xF6F5, 0xF715, 0xF735, 0xFF56, 0xFF57, 0xFF77, 0xFF78, 0xFF98, 0xFF98, 0xFF77, 0xFF77, 0xFF77, 0xFF98, 0xFF98, 0xFF98,
    0xFF77, 0xFF57, 0xFF98, 0xFFB9, 0xFF98, 0xFF98, 0xFF98, 0xFF98, 0xFF99, 0xFF99, 0xFF99, 0xFF98, 0xFF77, 0xFF57, 0xFF77, 0xFF77,
    0xFF77, 0xFF77, 0xFF77, 0xFF78, 0xFF78, 0xFF98, 0xFF98, 0xFF98, 0xFF98, 0xFF98, 0xFF98, 0xFF98, 0xFF77, 0xFF56, 0xFF77, 0xFF98,
    0xFF77, 0xFF98, 0xFFB8, 0xFF77, 0xFF36, 0xFF36, 0xFF97, 0xFF97, 0xFF77, 0xFF77, 0xFE92, 0xF651, 0xF651, 0xF630, 0xF650, 0xF671,
    0xFE92, 0xFE51, 0xF610, 0xF5EF, 0xF630, 0xFE91, 0xFEB2, 0xFEB2, 0xFE92, 0xF671, 0xF671, 0xFE71, 0xFE71, 0xF691, 0xFEB2, 0xFEB2,
    0xFE71, 0xFE71, 0xF671, 0xFE71, 0xFE71, 0xFE71, 0xF671, 0xF651, 0xFE50, 0xFE71, 0xFE71, 0xF630, 0xF630, 0xFE50, 0xF610, 0xF5EF,
    0xF5EF, 0xF5CF, 0xE56D, 0xED8E, 0xEDAE, 0xEDAE, 0xED8E, 0xEDAE, 0xED8E, 0xEDAE, 0xEDAE, 0xF5EF, 0xF62F, 0xF630, 0xFE50, 0xF5EF,
    0xF62F, 0xF630, 0xF630, 0xEDCE, 0xEDCE, 0xEDCF, 0xEDCE, 0xEDCE, 0xEDCF, 0xF5EF, 0xF60F, 0xF691, 0xF714, 0xFF97, 0xFF97, 0xFF97,
    0xFF97, 0xFF97, 0xFF97, 0xFF97, 0xFF97, 0xE672, 0xDDD1, 0xE611, 0xEE50, 0xEE2E, 0xF60C, 0xF62C, 0xFECE, 0xFECE, 0xFECE, 0xFECE,
    0xFECE, 0xFECF, 0xFECF, 0xFECF, 0xFEAF, 0xFE6F, 0xF62F, 0xF60F, 0xF5EE, 0xF5CE, 0xEDCE, 0xEDAE, 0xED8D, 0xED6D, 0xED6D, 0xE54D,
    0xE54D, 0xE54D, 0xE54D, 0xE54D, 0xE54D, 0xE54D, 0xE54D, 0xE56E, 0xE56D, 0xE56D, 0xE54D, 0xE54D, 0xE54D, 0xE54D, 0xE54D, 0xE54D,
    0xE54D, 0xE54D, 0xE54D, 0xE54D, 0xE54D, 0xE54D, 0xED4D, 0xE52C, 0xABA7, 0xA367, 0xB42A, 0xBC4B, 0xB44A, 0xB40A, 0x7A85, 0x82C6,
};

#endif // PET_BLINK_H
