// Auto-generated from pet_idle.png
// 240x320 RGB565, little-endian bytes as stored by esp_lcd.
#ifndef PET_IDLE_H
#define PET_IDLE_H

#include <stdint.h>

#define PET_IDLE_WIDTH  240
#define PET_IDLE_HEIGHT 320
#define PET_IDLE_PIXELS (240*320)

const uint16_t g_pet_idle[PET_IDLE_PIXELS] = {
    0xC50F, 0xC50F, 0xC50F, 0xC50F, 0xC50F, 0xC50F, 0xBD0F, 0xBD0F, 0xBD0F, 0xBD0F, 0xBD0F, 0xBD0F, 0xBCEF, 0xBCEE, 0xBCEE, 0xBCCE,
    0xBCCE, 0xBCCE, 0xBCCE, 0xBCEE, 0xBCEE, 0xBCEE, 0xBCEE, 0xBCEE, 0xBCEE, 0xBCEE, 0xBCCE, 0xBCEE, 0xBCEE, 0xBCCE, 0xBCCE, 0xBCCE,
    0xBCEE, 0xBCEE, 0x9C0B, 0x93CB, 0xB4F0, 0xCD93, 0xC592, 0xC593, 0xC592, 0xC592, 0xC592, 0xC593, 0xC592, 0xC593, 0xC593, 0xC593,
    0xC592, 0xC592, 0xC592, 0xC593, 0xC592, 0xC592, 0xC592, 0xC592, 0xC593, 0xC592, 0xC593, 0xC593, 0xC593, 0xC593, 0xC593, 0xC593,
    0xC593, 0xC592, 0xC592, 0xC592, 0xCD93, 0xC593, 0xC593, 0xCDB3, 0xC593, 0xC593, 0xC593, 0xCDB3, 0xCDB3, 0xCDB3, 0xCDB3, 0xCDB3,
    0xCDB3, 0xCDB3, 0xCDB3, 0xCDD4, 0xCDD3, 0xD5D3, 0xD5D3, 0xD5D3, 0xD5F3, 0xD5F3, 0xD5F3, 0xD5F3, 0xD5F3, 0xD5F3, 0xD5F3, 0xD614,
    0xD614, 0xDE14, 0xDE14, 0xDE34, 0xDE34, 0xDE54, 0xDE54, 0xDE75, 0xE675, 0xE695, 0xE6B6, 0xEEB6, 0xEED7, 0xEED7, 0xEEF7, 0xEEF7,
    0xEEF7, 0xF717, 0xF718, 0xF718, 0xF718, 0xF738, 0xF738, 0xF738, 0xF758, 0xFF59, 0xFF79, 0xFF79, 0xFF7A, 0xFF9A, 0xFF9A, 0xFF9B,
    0xFF9A, 0xFF9A, 0xFF9A, 0xFF9B, 0xFF9B, 0xFF9B, 0xFF9B, 0xFF7B, 0xFF7B, 0xFF7B, 0xFF9B, 0xFF9B, 0xFF7B, 0xFF9B, 0xFF9B, 0xFF9B,
    0xFF9B, 0xFF9B, 0xFF9B, 0xFF9B, 0xFF9B, 0xFF9B, 0xFF9B, 0xFF9B, 0xFF7B, 0xFF7B, 0xFF9B, 0xFF9B, 0xFF9B, 0xFF9B, 0xFF9B, 0xFF9B,
    0xFF9B, 0xFF9B, 0xFF9B, 0xFF9B, 0xFF9B, 0xFF9B, 0xFF9B, 0xFF9B, 0xFF9B, 0xFF7B, 0xFF7A, 0xFF7A, 0xFF7A, 0xFF7A, 0xFF9B, 0xFF9B,
    0xFF7A, 0xFF7A, 0xFF7A, 0xFF7A, 0xFF7A, 0xFF7A, 0xFF7A, 0xFF7A, 0xFF7A, 0xFF7A, 0xFF7A, 0xFF7A, 0xFF5A, 0xFF5A, 0xFF7A, 0xFF7A,
    0xFF7A, 0xFF7A, 0xFF7A, 0xFF7A, 0xFF7A, 0xFF7A, 0xFF7A, 0xFF7A, 0xF75A, 0xF75A, 0xF75A, 0xF75A, 0xF75A, 0xF75A, 0xF73A, 0xF73A,
    0xF73A, 0xF739, 0xF759, 0xF739, 0xF739, 0xF739, 0xF739, 0xF739, 0xF739, 0xF739, 0xF739, 0xF739, 0xF739, 0xF739, 0xF73A, 0xF73A,
    0xF73A, 0xF73A, 0xF739, 0xF739, 0xF739, 0xF739, 0xF75A, 0xF739, 0xF739, 0xF739, 0xF739, 0xF759, 0xF739, 0xF759, 0xF759, 0xF759,
    0xC50F, 0xC50F, 0xC50F, 0xC50F, 0xC50F, 0xC50F, 0xBD0F, 0xBD0F, 0xBD0F, 0xBD0F, 0xBD0F, 0xBD0F, 0xBCEF, 0xBCEE, 0xBCEE, 0xBCCE,
    0xBCCE, 0xBCCE, 0xBCEE, 0xBCEE, 0xBCEE, 0xBCEE, 0xBCEE, 0xBCEE, 0xBCEE, 0xBCEE, 0xBCEE, 0xBCEE, 0xBCEE, 0xBCCE, 0xBCCE, 0xBCCE,
    0xBCEE, 0xBCEE, 0x9C0C, 0x93CB, 0xB4F0, 0xCD93, 0xC592, 0xC593, 0xC592, 0xC592, 0xC592, 0xC592, 0xC593, 0xC593, 0xC593, 0xC593,
    0xC592, 0xC592, 0xC592, 0xC592, 0xC592, 0xC592, 0xC592, 0xC592, 0xC592, 0xC593, 0xC593, 0xC593, 0xC593, 0xC593, 0xC593, 0xC593,
    0xC592, 0xC592, 0xC592, 0xC592, 0xCD93, 0xCD93, 0xCDB3, 0xCDB3, 0xCDB3, 0xCDB3, 0xCDB3, 0xCDB3, 0xCDB3, 0xCDB3, 0xCDB3, 0xCDB3,
    0xCDB3, 0xCDB3, 0xCDB3, 0xCDD3, 0xCDD3, 0xD5D3, 0xD5D3, 0xD5D3, 0xD5D3, 0xD5D3, 0xD5F3, 0xD5F3, 0xD5F3, 0xD5F3, 0xD5F3, 0xD5F3,
    0xD5F3, 0xDE14, 0xDE34, 0xDE34, 0xDE34, 0xDE54, 0xDE54, 0xDE75, 0xE675, 0xE695, 0xE6B6, 0xEEB6, 0xEED7, 0xEED7, 0xEEF7, 0xEEF7,
    0xEEF7, 0xEEF7, 0xF718, 0xF718, 0xF738, 0xF738, 0xF738, 0xF738, 0xF758, 0xFF59, 0xFF79, 0xFF79, 0xFF7A, 0xFF7A, 0xFF9A, 0xFF9A,
    0xFF9A, 0xFF9A, 0xFF9A, 0xFF9B, 0xFF9B, 0xFF7B, 0xFF7B, 0xFF7B, 0xFF7B, 0xFF7B, 0xFF7B, 0xFF7B, 0xFF9B, 0xFF9B, 0xFF9B, 0xFF9B,
    0xFF9B, 0xFF9B, 0xFF9B, 0xFF9B, 0xFF7B, 0xFF7B, 0xFF7B, 0xFF7B, 0xFF9B, 0xFF9B, 0xFF9B, 0xFF9B, 0xFF9B, 0xFF9B, 0xFF9B, 0xFF9B,
    0xFF9B, 0xFF9B, 0xFF9B, 0xFF9B, 0xFF9B, 0xFF9B, 0xFF9B, 0xFF9B, 0xFF9B, 0xFF7A, 0xFF7A, 0xFF7A, 0xFF7A, 0xFF9B, 0xFF7A, 0xFF7A,
    0xFF7A, 0xFF7A, 0xFF7A, 0xFF7A, 0xFF7A, 0xFF7A, 0xFF7A, 0xFF7A, 0xFF7A, 0xFF7A, 0xFF7A, 0xFF5A, 0xFF7A, 0xFF5A, 0xFF5A, 0xFF5A,
    0xFF5A, 0xFF7B, 0xFF7A, 0xFF7A, 0xFF7A, 0xFF7A, 0xF77A, 0xFF7A, 0xF75A, 0xF75A, 0xF75A, 0xF75A, 0xF75A, 0xF739, 0xF739, 0xF73A,
    0xF73A, 0xF73A, 0xF739, 0xF739, 0xF739, 0xF739, 0xF739, 0xF739, 0xF739, 0xF739, 0xF739, 0xF739, 0xF739, 0xF739, 0xF739, 0xF73A,
    0xF73A, 0xF73A, 0xF739, 0xF739, 0xF739, 0xF739, 0xF739, 0xF739, 0xF739, 0xF739, 0xF739, 0xF739, 0xF739, 0xF739, 0xF739, 0xF759,
    0xC50F, 0xC50F, 0xC50F, 0xC50F, 0xC50F, 0xC50F, 0xBD0F, 0xBD0F, 0xBD0F, 0xBD0F, 0xBD0F, 0xBD0F, 0xBCEF, 0xBCEE, 0xBCEE, 0xBCCE,
    0xBCCE, 0xBCCE, 0xBCEE, 0xBCEE, 0xBCEE, 0xBCEE, 0xBCEE, 0xBCEE, 0xBCEE, 0xBCEE, 0xBCEE, 0xBCEE, 0xBCEE, 0xBCEE, 0xBCEE, 0xBCEE,
    0xBCEE, 0xBCEE, 0x9C0C, 0x93CB, 0xBD10, 0xCDB3, 0xC592, 0xC592, 0xC592, 0xC592, 0xC592, 0xC592, 0xC592, 0xC592, 0xC593, 0xC593,
    0xC592, 0xC592, 0xC592, 0xC592, 0xC592, 0xC592, 0xC592, 0xC593, 0xC592, 0xC592, 0xC592, 0xC593, 0xC593, 0xC593, 0xC593, 0xC593,
    0xC592, 0xC592, 0xC592, 0xC592, 0xCD93, 0xC593, 0xC593, 0xC593, 0xCDB3, 0xCDB3, 0xCDB3, 0xCDB3, 0xCDB3, 0xCDB3, 0xCDB3, 0xCDB3,
    0xCDB3, 0xCDB3, 0xCDB3, 0xCDD3, 0xCDD3, 0xD5D3, 0xD5D3, 0xD5D3, 0xD5D3, 0xD5D3, 0xD5F3, 0xD5F3, 0xD5F3, 0xD5F3, 0xD5F3, 0xD5F3,
    0xD5F3, 0xDE14, 0xDE34, 0xDE34, 0xDE54, 0xDE54, 0xDE54, 0xE675, 0xE675, 0xE695, 0xE696, 0xEEB6, 0xEEB6, 0xEED7, 0xEED7, 0xEEF7,
    0xEEF7, 0xEEF7, 0xEEF7, 0xF718, 0xF718, 0xF738, 0xF738, 0xF738, 0xF738, 0xF759, 0xFF79, 0xFF79, 0xFF7A, 0xFF7A, 0xFF9A, 0xFF9A,
    0xFF9A, 0xFF9A, 0xFF9A, 0xFF9B, 0xFF9B, 0xFF7B, 0xFF7B, 0xFF7B, 0xFF7B, 0xFF7B, 0xFF7B, 0xFF7B, 0xFF9B, 0xFF9B, 0xFF9B, 0xFF9B,
    0xFF9B, 0xFF9B, 0xFF9B, 0xFF9B, 0xFF7B, 0xFF7B, 0xFF9B, 0xFF7B, 0xFF7B, 0xFF7B, 0xFF7B, 0xFF9B, 0xFF7B, 0xFF7B, 0xFF9B, 0xFF7B,
    0xFF9B, 0xFF9B, 0xFF9B, 0xFF9A, 0xFF9B, 0xFF9A, 0xFF9B, 0xFF7A, 0xFF7B, 0xFF7B, 0xFF7A, 0xFF7A, 0xFF7A, 0xFF9B, 0xFF7A, 0xFF7A,
    0xFF7A, 0xFF7A, 0xFF7A, 0xFF7A, 0xFF7A, 0xFF7A, 0xFF7A, 0xFF7A, 0xFF7A, 0xFF7A, 0xFF7A, 0xFF5A, 0xFF5A, 0xFF7A, 0xFF5A, 0xFF5A,
    0xFF7A, 0xFF7A, 0xFF7A, 0xFF7A, 0xFF5A, 0xFF7A, 0xF75A, 0xF75A, 0xF75A, 0xF75A, 0xF75A, 0xF75A, 0xF75A, 0xF739, 0xF739, 0xF73A,
    0xF73A, 0xF739, 0xF739, 0xF739, 0xF739, 0xF739, 0xF739, 0xF739, 0xF739, 0xF739, 0xF739, 0xF739, 0xF739, 0xF739, 0xF739, 0xF739,
    0xF739, 0xF73A, 0xF739, 0xF739, 0xF739, 0xF739, 0xF739, 0xF739, 0xF739, 0xF739, 0xF739, 0xF739, 0xF739, 0xF739, 0xF739, 0xF759,
    0xC50F, 0xC50F, 0xC50F, 0xC50F, 0xC50F, 0xC50F, 0xBD0F, 0xBD0F, 0xBD0F, 0xBD0F, 0xBD0F, 0xBD0F, 0xBCEF, 0xBCEE, 0xBCEE, 0xBCCE,
    0xBCCE, 0xBCEE, 0xBCEE, 0xBCEE, 0xBCEE, 0xBCEE, 0xBCEE, 0xBCEE, 0xBCEE, 0xBCCE, 0xBCCE, 0xBCEE, 0xBCEE, 0xBCEE, 0xBCEE, 0xBCEE,
    0xBCEE, 0xBCEE, 0xA40C, 0x93CB, 0xBD10, 0xCDB3, 0xC592, 0xC592, 0xC592, 0xC592, 0xC572, 0xC592, 0xC592, 0xC592, 0xC592, 0xC592,
    0xC592, 0xC592, 0xC592, 0xC592, 0xC592, 0xC592, 0xC592, 0xC592, 0xC592, 0xC592, 0xC592, 0xC592, 0xC592, 0xC592, 0xC592, 0xC592,
    0xC592, 0xC592, 0xC593, 0xC593, 0xC593, 0xC593, 0xC593, 0xC593, 0xCDB3, 0xCDB3, 0xCDB3, 0xCDB3, 0xCDB3, 0xCDB3, 0xCDB3, 0xCDB3,
    0xCDB3, 0xCDB3, 0xCDB3, 0xCDD3, 0xCDD3, 0xD5D3, 0xD5F3, 0xD5F3, 0xD5F3, 0xD5F3, 0xD5F3, 0xD5F3, 0xD5F3, 0xD5F4, 0xD5F3, 0xD5F3,
    0xD5F3, 0xDE14, 0xDE14, 0xDE34, 0xDE54, 0xDE54, 0xDE55, 0xE675, 0xE675, 0xE695, 0xE696, 0xEEB6, 0xEEB6, 0xEED6, 0xEED7, 0xEEF7,
    0xEEF7, 0xEEF7, 0xF717, 0xF718, 0xF718, 0xF738, 0xF738, 0xF738, 0xF738, 0xF759, 0xFF59, 0xFF79, 0xFF79, 0xFF7A, 0xFF9A, 0xFF9A,
    0xFF9A, 0xFF9A, 0xFF9A, 0xFF9B, 0xFF9B, 0xFF9B, 0xFF7B, 0xFF7B, 0xFF7B, 0xFF7B, 0xFF7B, 0xFF9B, 0xFF9B, 0xFF9B, 0xFF9B, 0xFF9B,
    0xFF9B, 0xFF9B, 0xFF9B, 0xFF7B, 0xFF7B, 0xFF7B, 0xFF7B, 0xFF7B, 0xFF9B, 0xFF7B, 0xFF7B, 0xFF7B, 0xFF7B, 0xFF7B, 0xFF7B, 0xFF7B,
    0xFF9B, 0xFF9B, 0xFF7A, 0xFF9B, 0xFF7A, 0xFF7A, 0xFF9B, 0xFF9B, 0xFF9B, 0xFF7A, 0xFF7A, 0xFF7A, 0xFF7A, 0xFF7A, 0xFF7A, 0xFF7A,
    0xFF7A, 0xFF7A, 0xFF7A, 0xFF7A, 0xFF7A, 0xFF7A, 0xFF7A, 0xFF7A, 0xFF7A, 0xFF7A, 0xFF7A, 0xFF7A, 0xFF5A, 0xFF5A, 0xFF5A, 0xFF5A,
    0xFF5A, 0xFF7A, 0xFF7A, 0xFF7A, 0xFF5A, 0xFF5A, 0xF77A, 0xF75A, 0xF75A, 0xF75A, 0xF75A, 0xF75A, 0xF75A, 0xF75A, 0xF73A, 0xF73A,
    0xF73A, 0xF73A, 0xF73A, 0xF73A, 0xF73A, 0xF739, 0xF739, 0xF739, 0xF739, 0xF739, 0xF739, 0xF739, 0xF739, 0xF739, 0xF739, 0xF739,
    0xF739, 0xF73A, 0xF73A, 0xF739, 0xF739, 0xF739, 0xF739, 0xF739, 0xF739, 0xF739, 0xF739, 0xF739, 0xF739, 0xF739, 0xF739, 0xF759,
    0xC50F, 0xC50F, 0xC50F, 0xC50F, 0xC50F, 0xC50F, 0xBD0F, 0xBD0F, 0xBD0F, 0xBD0F, 0xBD0F, 0xBD0F, 0xBCEF, 0xBCEF, 0xBCEE, 0xBCEE,
    0xBCCE, 0xBCEE, 0xBCEE, 0xBCEE, 0xBCEE, 0xBCEE, 0xBCEE, 0xBCEE, 0xBCEE, 0xBCEE, 0xBCEE, 0xBCEE, 0xBCEE, 0xBCEE, 0xBCEE, 0xBCEE,
    0xBCEE, 0xBCEE, 0xA40C, 0x93CB, 0xBD10, 0xCD93, 0xC592, 0xC592, 0xC592, 0xC592, 0xC592, 0xC592, 0xC592, 0xC592, 0xC592, 0xC592,
    0xC592, 0xC593, 0xC592, 0xC592, 0xC592, 0xC592, 0xC592, 0xC592, 0xC593, 0xC592, 0xC592, 0xC592, 0xC592, 0xC592, 0xC592, 0xC592,
    0xC592, 0xC592, 0xC593, 0xC593, 0xCDB3, 0xCDB3, 0xCDB3, 0xCDB3, 0xCDB3, 0xCDB3, 0xCDB3, 0xCDB3, 0xCDB3, 0xCDB3, 0xCDB3, 0xCDB3,
    0xCDB3, 0xCDB3, 0xCDB3, 0xCDD3, 0xCDD3, 0xD5D3, 0xD5F3, 0xD5F3, 0xD5F3, 0xD5F3, 0xD5F3, 0xD5F3, 0xD5F3, 0xD5F3, 0xD5F3, 0xD5F3,
    0xD5F3, 0xDE14, 0xDE34, 0xDE34, 0xDE34, 0xDE54, 0xDE54, 0xE675, 0xE675, 0xE695, 0xE696, 0xEEB6, 0xEEB6, 0xEED6, 0xEED7, 0xEED7,
    0xEEF7, 0xEEF7, 0xF717, 0xF718, 0xF718, 0xF718, 0xF738, 0xF738, 0xF759, 0xF759, 0xFF79, 0xFF79, 0xFF79, 0xFF7A, 0xFF9A, 0xFF9B,
    0xFF9A, 0xFF9A, 0xFF9B, 0xFF9B, 0xFF9B, 0xFF9B, 0xFF9B, 0xFF7B, 0xFF7B, 0xFF9B, 0xFF7B, 0xFF7B, 0xFF9B, 0xFF9B, 0xFF9B, 0xFF9B,
    0xFF9B, 0xFF9B, 0xFF9B, 0xFF9B, 0xFF9B, 0xFF7B, 0xFF7B, 0xFF9B, 0xFF9B, 0xFF9B, 0xFF7B, 0xFF7B, 0xFF9B, 0xFF7B, 0xFF7B, 0xFF7B,
    0xFF9B, 0xFF9B, 0xFF9B, 0xFF9B, 0xFF9B, 0xFF9B, 0xFF7A, 0xFF7A, 0xFF7A, 0xFF7A, 0xFF7A, 0xFF7A, 0xFF7A, 0xFF7A, 0xFF7A, 0xFF7A,
    0xFF7A, 0xFF7A, 0xFF7A, 0xFF7A, 0xFF7A, 0xFF7A, 0xFF7A, 0xFF7A, 0xFF7A, 0xFF7A, 0xFF7A, 0xFF7A, 0xFF5A, 0xFF5A, 0xFF5A, 0xFF5A,
    0xFF5A, 0xFF5A, 0xFF7A, 0xFF5A, 0xFF5A, 0xFF5A, 0xF75A, 0xF75A, 0xF75A, 0xF75A, 0xF75A, 0xF75A, 0xF75A, 0xF759, 0xF75A, 0xF73A,
    0xF73A, 0xF73A, 0xF73A, 0xF73A, 0xF73A, 0xF739, 0xF739, 0xF739, 0xF739, 0xF739, 0xF73A, 0xF73A, 0xF73A, 0xF73A, 0xF73A, 0xF73A,
    0xF73A, 0xF73A, 0xF739, 0xF739, 0xF739, 0xF739, 0xF739, 0xF739, 0xF739, 0xF75A, 0xF739, 0xF739, 0xF739, 0xF759, 0xF739, 0xF759,
    0xC50F, 0xC50F, 0xC50F, 0xC50F, 0xC50F, 0xC50F, 0xC50F, 0xC50F, 0xBD0F, 0xBD0F, 0xBD0F, 0xBD0F, 0xBCEF, 0xBCEF, 0xBCEF, 0xBCEE,
    0xBCEF, 0xBCEF, 0xBCEF, 0xBCEF, 0xBCEF, 0xBCEF, 0xBCEE, 0xBCEE, 0xBCEE, 0xBCEE, 0xBCEE, 0xBCEF, 0xBCEF, 0xBCEF, 0xBCEE, 0xBCEE,
    0xBCEE, 0xBCEE, 0xA40B, 0x93CB, 0xBD10, 0xCD93, 0xC592, 0xC592, 0xC592, 0xC592, 0xC592, 0xC592, 0xC592, 0xC592, 0xC593, 0xC593,
    0xC593, 0xC593, 0xC593, 0xC593, 0xC593, 0xC592, 0xC592, 0xC592, 0xC592, 0xC592, 0xC592, 0xC592, 0xC592, 0xC592, 0xC592, 0xC592,
    0xC593, 0xC593, 0xC593, 0xCDB3, 0xCDB3, 0xCDB3, 0xCDB3, 0xCDB3, 0xCDB3, 0xCDB3, 0xCDB3, 0xCDB3, 0xCDB3, 0xCDB3, 0xCDB3, 0xCDB3,
    0xCDB3, 0xCDB3, 0xCDB3, 0xCDD3, 0xCDD3, 0xD5D3, 0xD5F3, 0xD5F3, 0xD5F3, 0xD5F3, 0xD5F3, 0xD5F3, 0xD5F3, 0xD5F3, 0xD5F3, 0xD5F3,
    0xD5F3, 0xDE14, 0xDE34, 0xDE34, 0xDE34, 0xDE54, 0xE655, 0xE675, 0xE675, 0xE695, 0xE696, 0xEEB6, 0xEEB6, 0xEEB6, 0xEED7, 0xEEF7,
    0xEEF7, 0xEEF7, 0xF717, 0xF718, 0xF718, 0xF718, 0xF738, 0xF738, 0xF738, 0xFF59, 0xFF59, 0xFF79, 0xFF79, 0xFF7A, 0xFF9A, 0xFF9A,
    0xFF9A, 0xFF9A, 0xFF9B, 0xFF9B, 0xFF9B, 0xFF9B, 0xFF9B, 0xFF9B, 0xFF9B, 0xFF9B, 0xFF9B, 0xFF9B, 0xFF9B, 0xFF9B, 0xFF9B, 0xFF9B,
    0xFF9B, 0xFF9B, 0xFF9B, 0xFF9B, 0xFF9B, 0xFF9B, 0xFF9B, 0xFF9B, 0xFF9B, 0xFF9B, 0xFF9B, 0xFF9B, 0xFF7B, 0xFF7B, 0xFF7B, 0xFF9B,
    0xFF7B, 0xFF7B, 0xFF7B, 0xFF7B, 0xFF7B, 0xFF7B, 0xFF7B, 0xFF7B, 0xFF7A, 0xFF7A, 0xFF7A, 0xFF7A, 0xFF7A, 0xFF7A, 0xFF7A, 0xFF7A,
    0xFF7A, 0xFF7A, 0xFF7A, 0xFF7A, 0xFF7A, 0xFF7A, 0xFF7A, 0xFF7A, 0xFF7A, 0xFF7A, 0xFF7A, 0xFF7A, 0xFF5A, 0xFF5A, 0xFF5A, 0xFF5A,
    0xFF5A, 0xFF5A, 0xFF5A, 0xFF5A, 0xFF5A, 0xFF5A, 0xF75A, 0xF75A, 0xF75A, 0xF75A, 0xF75A, 0xF75A, 0xF73A, 0xF75A, 0xF73A, 0xF73A,
    0xF73A, 0xF739, 0xF73A, 0xF73A, 0xF73A, 0xF73A, 0xF73A, 0xF739, 0xF739, 0xF73A, 0xF73A, 0xF73A, 0xF73A, 0xF73A, 0xF73A, 0xF73A,
    0xF73A, 0xF739, 0xF739, 0xF739, 0xF739, 0xF739, 0xF739, 0xF739, 0xF739, 0xF739, 0xF75A, 0xF759, 0xF759, 0xF759, 0xF759, 0xF75A,
    0xC50F, 0xC50F, 0xC50F, 0xC50F, 0xC50F, 0xC50F, 0xC50F, 0xC50F, 0xBD0F, 0xBD0F, 0xBD0F, 0xBD0F, 0xBD0F, 0xBD0F, 0xBCEF, 0xBCEF,
    0xBCEF, 0xBCEF, 0xBCEF, 0xBCEF, 0xBCEF, 0xBCEF, 0xBCEE, 0xBCEE, 0xBCEE, 0xBCEE, 0xBCEE, 0xBCEF, 0xBCEF, 0xBCEF, 0xBCEE, 0xBCEE,
    0xBCEE, 0xBCEE, 0xB48D, 0x9C0C, 0x9C0C, 0xB4F0, 0xCD93, 0xC592, 0xC592, 0xC592, 0xC592, 0xC592, 0xC592, 0xC592, 0xC593, 0xC593,
    0xC593, 0xC593, 0xC593, 0xC593, 0xC593, 0xC592, 0xC592, 0xC592, 0xC592, 0xC592, 0xC592, 0xC592, 0xC592, 0xC592, 0xC593, 0xC593,
    0xCDB3, 0xC593, 0xC593, 0xCDB3, 0xCDB3, 0xCDB3, 0xCDB3, 0xCDB3, 0xCDB3, 0xCDB3, 0xCDB3, 0xCDB3, 0xCDB3, 0xCDB3, 0xCDB3, 0xCDB3,
    0xCDB3, 0xCDB3, 0xCDB3, 0xCDD3, 0xCDD3, 0xD5D3, 0xD5F3, 0xD5F3, 0xD5F3, 0xD5F3, 0xD5F3, 0xD5F3, 0xD5F3, 0xD5F4, 0xD5F3, 0xD5F3,
    0xD5F3, 0xDE14, 0xDE34, 0xDE34, 0xDE34, 0xDE54, 0xE654, 0xE655, 0xE675, 0xE695, 0xE696, 0xEEB6, 0xEEB6, 0xEED7, 0xEED7, 0xEED7,
    0xEEF7, 0xEEF7, 0xEEF7, 0xF718, 0xF718, 0xF718, 0xF738, 0xF738, 0xF738, 0xFF59, 0xFF59, 0xFF79, 0xFF7A, 0xFF7A, 0xFF9A, 0xFF9A,
    0xFF9A, 0xFF9A, 0xFF9B, 0xFF9B, 0xFF9B, 0xFF9A, 0xFF9B, 0xFF9B, 0xFF9B, 0xFF9B, 0xFF9B, 0xFF9B, 0xFF9B, 0xFF9B, 0xFF9B, 0xFF9B,
    0xFF9B, 0xFF9B, 0xFF9B, 0xFF9B, 0xFF9B, 0xFF9B, 0xFF9B, 0xFF9B, 0xFF9B, 0xFF9B, 0xFF9B, 0xFF9B, 0xFF7B, 0xFF7B, 0xFF7B, 0xFF9B,
    0xFF7B, 0xFF7B, 0xFF7B, 0xFF7A, 0xFF9B, 0xFF9B, 0xFF7A, 0xFF9B, 0xFF7A, 0xFF7A, 0xFF7A, 0xFF7A, 0xFF7A, 0xFF7A, 0xFF7A, 0xFF7A,
    0xFF7A, 0xFF7A, 0xFF7A, 0xFF7A, 0xFF7A, 0xFF7A, 0xFF7A, 0xFF7A, 0xFF7A, 0xFF7A, 0xFF7A, 0xFF7A, 0xFF7A, 0xFF5A, 0xFF5A, 0xFF5A,
    0xFF5A, 0xFF5A, 0xFF5A, 0xFF5A, 0xFF5A, 0xFF5A, 0xFF5A, 0xF75A, 0xF75A, 0xF75A, 0xF75A, 0xF75A, 0xF75A, 0xF739, 0xF739, 0xF73A,
    0xF739, 0xF739, 0xF73A, 0xF73A, 0xF73A, 0xF739, 0xF73A, 0xF73A, 0xF739, 0xF73A, 0xF73A, 0xF73A, 0xF73A, 0xF73A, 0xF73A, 0xF73A,
    0xF73A, 0xF73A, 0xF739, 0xF739, 0xF739, 0xF739, 0xF739, 0xF75A, 0xF75A, 0xF75A, 0xF75A, 0xF759, 0xF759, 0xF759, 0xF75A, 0xF75A,
    0xC50F, 0xC50F, 0xC50F, 0xC52F, 0xC50F, 0xC50F, 0xC50F, 0xC50F, 0xC50F, 0xC50F, 0xC50F, 0xC50F, 0xBD0F, 0xBD0F, 0xBD0F, 0xBCEF,
    0xBCEE, 0xBCEE, 0xBCEF, 0xBCEF, 0xBCEF, 0xBCEF, 0xBCEE, 0xBCEE, 0xBCEE, 0xBCEE, 0xBCEF, 0xBCEF, 0xBCEF, 0xBCEF, 0xBCEF, 0xBCEE,
    0xBCCE, 0xBCCE, 0xBCEF, 0xA44C, 0x93CB, 0xACCF, 0xCDB3, 0xC592, 0xC592, 0xC592, 0xC592, 0xC592, 0xC592, 0xC592, 0xC593, 0xC592,
    0xC592, 0xC593, 0xCD93, 0xC593, 0xC593, 0xCD93, 0xCD93, 0xC593, 0xC592, 0xC592, 0xC593, 0xC593, 0xC592, 0xC592, 0xC593, 0xC593,
    0xCD93, 0xC593, 0xCDB3, 0xCDB3, 0xCDB3, 0xCDB3, 0xCDB3, 0xCDB3, 0xCDB3, 0xCDB3, 0xCDB3, 0xCDB3, 0xCDB3, 0xCDB3, 0xCDB3, 0xCDB3,
    0xCDB3, 0xCDB3, 0xCDB3, 0xCDD3, 0xCDD3, 0xD5D3, 0xD5F3, 0xD5F3, 0xD5F3, 0xD5F3, 0xD5F3, 0xD5F3, 0xD5F3, 0xD5F4, 0xD5F3, 0xD5F3,
    0xD5F4, 0xDE14, 0xDE34, 0xDE34, 0xDE34, 0xDE54, 0xE654, 0xE675, 0xE675, 0xE695, 0xE696, 0xE696, 0xEEB6, 0xEEB6, 0xEED7, 0xEED7,
    0xEEF7, 0xEEF7, 0xEEF7, 0xF718, 0xF718, 0xF718, 0xF738, 0xF738, 0xF738, 0xFF59, 0xFF59, 0xFF79, 0xFF7A, 0xFF7A, 0xFF9A, 0xFF9A,
    0xFF9A, 0xFF9A, 0xFF9B, 0xFF9B, 0xFF9B, 0xFF9B, 0xFF9B, 0xFF9B, 0xFF9B, 0xFF9B, 0xFF9B, 0xFF9B, 0xFF9B, 0xFF9B, 0xFF9B, 0xFF9B,
    0xFF9B, 0xFF9B, 0xFF9B, 0xFF9B, 0xFF9B, 0xFF9B, 0xFF9B, 0xFF9B, 0xFF9B, 0xFF9B, 0xFF9B, 0xFF7B, 0xFF7B, 0xFF7B, 0xFF7B, 0xFF9B,
    0xFF9A, 0xFF7A, 0xFF9A, 0xFF9A, 0xFF9A, 0xFF7A, 0xFF7A, 0xFF7A, 0xFF7A, 0xFF7A, 0xFF7A, 0xFF7A, 0xFF7A, 0xFF7A, 0xFF7A, 0xFF7A,
    0xFF7A, 0xFF7A, 0xFF7A, 0xFF7A, 0xFF7A, 0xFF7A, 0xFF7A, 0xFF7A, 0xFF7A, 0xFF7A, 0xFF7A, 0xFF7A, 0xFF7A, 0xFF5A, 0xFF5A, 0xFF5A,
    0xFF5A, 0xFF5A, 0xFF7A, 0xFF7A, 0xFF5A, 0xFF5A, 0xFF5A, 0xF75A, 0xF75A, 0xF75A, 0xF75A, 0xF759, 0xF75A, 0xF759, 0xF739, 0xF739,
    0xF739, 0xF739, 0xF739, 0xF73A, 0xF73A, 0xF73A, 0xF73A, 0xF73A, 0xF739, 0xF73A, 0xF73A, 0xF73A, 0xF73A, 0xF73A, 0xF73A, 0xF73A,
    0xF73A, 0xF739, 0xF739, 0xF739, 0xF739, 0xF739, 0xF739, 0xF75A, 0xF75A, 0xF75A, 0xF75A, 0xF759, 0xF759, 0xF759, 0xF759, 0xF75A,
    0xC52F, 0xC52F, 0xC52F, 0xC52F, 0xC52F, 0xC52F, 0xC50F, 0xC50F, 0xC50F, 0xC50F, 0xC50F, 0xC50F, 0xBD0F, 0xBD0F, 0xBD0F, 0xBCEF,
    0xBCEF, 0xBCEF, 0xBCEF, 0xBCEF, 0xBCEF, 0xBCEF, 0xBCEF, 0xBCEF, 0xBCEE, 0xBCEE, 0xBCEE, 0xBCEE, 0xBCEE, 0xBCEF, 0xBCEF, 0xBCEE,
    0xBCEE, 0xBCCE, 0xBCEE, 0xA44C, 0x93CB, 0xB4CF, 0xCD93, 0xC592, 0xC592, 0xC592, 0xC592, 0xC592, 0xC592, 0xC592, 0xC592, 0xC593,
    0xCD93, 0xCD93, 0xCDB3, 0xCD93, 0xCD93, 0xC593, 0xC5B3, 0xC593, 0xC592, 0xC592, 0xC593, 0xC593, 0xC593, 0xC593, 0xC593, 0xC593,
    0xC593, 0xCDB3, 0xCDB3, 0xCDB3, 0xCDB3, 0xCDB3, 0xCDB3, 0xCDB3, 0xCDB3, 0xCDB3, 0xCDB3, 0xCDB3, 0xCDB3, 0xCDB3, 0xCDB3, 0xCDB3,
    0xCDB3, 0xCDB3, 0xCDB3, 0xCDD3, 0xCDD3, 0xCDD3, 0xD5F3, 0xD5F3, 0xD5F3, 0xD5F3, 0xD5F3, 0xD5F3, 0xD5F4, 0xD5F4, 0xD5F3, 0xD5F3,
    0xD5F3, 0xDE14, 0xDE34, 0xDE34, 0xDE34, 0xDE54, 0xE654, 0xE675, 0xE675, 0xE695, 0xE696, 0xE696, 0xEEB6, 0xEEB6, 0xEED7, 0xEEF7,
    0xEEF7, 0xEEF7, 0xF717, 0xF718, 0xF718, 0xF718, 0xF738, 0xF738, 0xF738, 0xFF59, 0xFF59, 0xFF79, 0xFF7A, 0xFF7A, 0xFF9A, 0xFF9A,
    0xFF9A, 0xFF9A, 0xFF9A, 0xFF9B, 0xFF9A, 0xFF9B, 0xFF9B, 0xFF9B, 0xFF9B, 0xFF9B, 0xFF9B, 0xFF9B, 0xFF9B, 0xFF9B, 0xFF9B, 0xFF9B,
    0xFF9B, 0xFF9B, 0xFF9B, 0xFF9B, 0xFF9B, 0xFF9B, 0xFF9B, 0xFF9B, 0xFF9B, 0xFF9B, 0xFF9B, 0xFF7B, 0xFF7B, 0xFF9B, 0xFF7A, 0xFF9B,
    0xFF7A, 0xFF9B, 0xFF9A, 0xFF9B, 0xFF7A, 0xFF7A, 0xFF9B, 0xFF9B, 0xFF7A, 0xFF7A, 0xFF7A, 0xFF7A, 0xFF7A, 0xFF7A, 0xFF7A, 0xFF7A,
    0xFF7A, 0xFF7A, 0xFF7A, 0xFF7A, 0xFF7A, 0xFF7A, 0xFF7A, 0xFF7A, 0xFF7A, 0xFF7A, 0xFF7A, 0xFF7A, 0xFF7A, 0xFF5A, 0xFF5A, 0xFF5A,
    0xFF5A, 0xFF5A, 0xFF5A, 0xFF5A, 0xFF5A, 0xFF5A, 0xFF5A, 0xF75A, 0xF75A, 0xF759, 0xF759, 0xF759, 0xF739, 0xF759, 0xF759, 0xF739,
    0xF739, 0xF739, 0xF739, 0xF739, 0xF739, 0xF739, 0xF739, 0xF73A, 0xF73A, 0xF73A, 0xF73A, 0xF73A, 0xF73A, 0xF73A, 0xF73A, 0xF73A,
    0xF73A, 0xF739, 0xF739, 0xF73A, 0xF739, 0xF739, 0xF75A, 0xF739, 0xF759, 0xF75A, 0xF75A, 0xF75A, 0xF759, 0xF75A, 0xF73A, 0xF73A,
    0xC52F, 0xC50F, 0xC52F, 0xC52F, 0xC52F, 0xC52F, 0xC50F, 0xC50F, 0xC50F, 0xC50F, 0xC50F, 0xC50F, 0xBD0F, 0xBD0F, 0xBD0F, 0xBCEF,
    0xBCEF, 0xBCEF, 0xBCEF, 0xBCEF, 0xBCEF, 0xBCEF, 0xBCEF, 0xBCEF, 0xBCEE, 0xBCEE, 0xBCEE, 0xBCEF, 0xBCEF, 0xBCEE, 0xBCEE, 0xBCEE,
    0xBCCE, 0xBCCE, 0xBCEF, 0xA44C, 0x93CB, 0xB4CF, 0xCDB3, 0xC592, 0xC592, 0xC592, 0xC592, 0xC592, 0xC592, 0xC592, 0xC592, 0xC592,
    0xC592, 0xCD93, 0xCD93, 0xCD93, 0xC592, 0xC593, 0xC593, 0xC592, 0xC592, 0xC592, 0xC593, 0xC593, 0xC593, 0xC593, 0xC593, 0xC593,
    0xCDB3, 0xCDB3, 0xCDB3, 0xCDB3, 0xCDB3, 0xCDB3, 0xCDB3, 0xCDB3, 0xCDB3, 0xCDB3, 0xCDB3, 0xCDB3, 0xCDB3, 0xCDB3, 0xCDB3, 0xCDB3,
    0xCDB3, 0xCDB3, 0xCDB3, 0xCDD3, 0xCDD3, 0xCDD3, 0xD5F3, 0xD5F3, 0xD5D3, 0xD5D3, 0xD5F3, 0xD5F4, 0xD5F4, 0xD5F4, 0xD5F3, 0xD5F3,
    0xD5F3, 0xDE14, 0xDE34, 0xDE34, 0xDE34, 0xDE34, 0xE654, 0xE675, 0xE675, 0xE675, 0xE696, 0xE6B6, 0xEEB6, 0xEED6, 0xEED7, 0xEEF7,
    0xEEF7, 0xEEF7, 0xEEF7, 0xF718, 0xF718, 0xF718, 0xF718, 0xF738, 0xF738, 0xFF59, 0xFF59, 0xFF79, 0xFF79, 0xFF7A, 0xFF9A, 0xFF9A,
    0xFF9A, 0xFF9A, 0xFF9A, 0xFF9B, 0xFF9A, 0xFF9B, 0xFF9B, 0xFF9B, 0xFF9B, 0xFF9B, 0xFF9B, 0xFF9B, 0xFF9B, 0xFF9B, 0xFF9B, 0xFF9B,
    0xFF9B, 0xFF9B, 0xFF9B, 0xFF9B, 0xFF9B, 0xFF9B, 0xFF9B, 0xFF9B, 0xFF9B, 0xFF9B, 0xFF9B, 0xFF7A, 0xFF7A, 0xFF7A, 0xFF9B, 0xFF9B,
    0xFF7B, 0xFF9B, 0xFF9A, 0xFF9A, 0xFF7A, 0xFF7A, 0xFF9B, 0xFF9B, 0xFF7A, 0xFF7A, 0xFF7A, 0xFF7A, 0xFF7A, 0xFF7A, 0xFF7A, 0xFF7A,
    0xFF7A, 0xFF7A, 0xFF7A, 0xFF7A, 0xFF7A, 0xFF7A, 0xFF7A, 0xFF7A, 0xFF7A, 0xFF7A, 0xFF7A, 0xFF7A, 0xFF7A, 0xFF5A, 0xFF5A, 0xFF5A,
    0xFF5A, 0xFF5A, 0xFF5A, 0xFF5A, 0xFF5A, 0xFF5A, 0xFF5A, 0xFF5A, 0xFF5A, 0xF759, 0xF759, 0xF759, 0xF759, 0xF759, 0xF739, 0xF739,
    0xF739, 0xF739, 0xF739, 0xF739, 0xF739, 0xF739, 0xF73A, 0xF73A, 0xF73A, 0xF73A, 0xF73A, 0xF73A, 0xF73A, 0xF73A, 0xF73A, 0xF73A,
    0xF73A, 0xF739, 0xF739, 0xF739, 0xF739, 0xF739, 0xF75A, 0xF739, 0xF759, 0xF759, 0xF739, 0xF759, 0xF759, 0xF739, 0xF73A, 0xF73A,
    0xC52F, 0xC52F, 0xC52F, 0xC52F, 0xC52F, 0xC52F, 0xC50F, 0xC50F, 0xC50F, 0xC50F, 0xC50F, 0xC50F, 0xBD0F, 0xBD0F, 0xBD0F, 0xBCEF,
    0xBCEF, 0xBCEF, 0xBCEF, 0xBCEF, 0xBCEF, 0xBCEF, 0xBCEF, 0xBCEF, 0xBCEE, 0xBCEE, 0xBCEE, 0xBCEF, 0xBCEF, 0xBCEE, 0xBCEE, 0xBCCE,
    0xBCCE, 0xBCCE, 0xBCEF, 0xA44C, 0x93CB, 0xB4CF, 0xCDB3, 0xC592, 0xC592, 0xC592, 0xC592, 0xC592, 0xC592, 0xC592, 0xC592, 0xC592,
    0xC592, 0xC592, 0xCD93, 0xCD93, 0xC592, 0xC593, 0xC593, 0xC592, 0xC592, 0xC592, 0xC592, 0xC593, 0xC593, 0xC592, 0xC593, 0xC593,
    0xCDB3, 0xCDB3, 0xCDB3, 0xCDB3, 0xCDB3, 0xCDB3, 0xCDB3, 0xCDB3, 0xCDB3, 0xCDB3, 0xCDB3, 0xCDB3, 0xCDB3, 0xCDB3, 0xCDB3, 0xCDB3,
    0xCDB3, 0xCDB3, 0xCDB3, 0xCDD3, 0xCDD3, 0xD5D3, 0xD5D3, 0xD5D3, 0xD5D3, 0xD5D3, 0xD5F3, 0xD5F4, 0xD5F4, 0xD5F4, 0xD5F3, 0xD5F3,
    0xD5F3, 0xDE14, 0xDE14, 0xDE34, 0xDE34, 0xDE54, 0xE654, 0xE655, 0xE675, 0xE675, 0xE696, 0xE6B6, 0xEEB6, 0xEED6, 0xEED7, 0xEEF7,
    0xEEF7, 0xEEF7, 0xF6F7, 0xF718, 0xF718, 0xF718, 0xF718, 0xF738, 0xF738, 0xFF59, 0xFF59, 0xFF79, 0xFF79, 0xFF7A, 0xFF7A, 0xFF9A,
    0xFF9A, 0xFF9A, 0xFF9A, 0xFF9B, 0xFF9A, 0xFF9B, 0xFF9B, 0xFF9B, 0xFF9B, 0xFF9B, 0xFF9A, 0xFF9B, 0xFF9B, 0xFF9B, 0xFF9B, 0xFF9B,
    0xFF9B, 0xFF9B, 0xFF9B, 0xFF9B, 0xFF9B, 0xFF9B, 0xFF9B, 0xFF9B, 0xFF9A, 0xFF9A, 0xFF9A, 0xFF7A, 0xFF7A, 0xFF7A, 0xFF7A, 0xFF7A,
    0xFF7A, 0xFF9B, 0xFF9A, 0xFF7A, 0xFF7A, 0xFF7A, 0xFF7A, 0xFF7A, 0xFF7A, 0xFF7A, 0xFF7A, 0xFF7A, 0xFF7A, 0xFF7A, 0xFF7A, 0xFF7A,
    0xFF7A, 0xFF7A, 0xFF7A, 0xFF7A, 0xFF7A, 0xFF7A, 0xFF7A, 0xFF7A, 0xFF7A, 0xFF7A, 0xFF7A, 0xFF7A, 0xFF7A, 0xFF5A, 0xFF5A, 0xFF5A,
    0xFF5A, 0xFF5A, 0xFF5A, 0xFF5A, 0xFF5A, 0xFF5A, 0xFF5A, 0xFF5A, 0xF75A, 0xF75A, 0xF759, 0xF759, 0xF739, 0xF739, 0xF739, 0xF739,
    0xF739, 0xF739, 0xF739, 0xF739, 0xF739, 0xF739, 0xF739, 0xF739, 0xF739, 0xF73A, 0xF73A, 0xF73A, 0xF73A, 0xF73A, 0xF73A, 0xF73A,
    0xF73A, 0xF739, 0xF739, 0xF739, 0xF739, 0xF739, 0xF75A, 0xF739, 0xF759, 0xF739, 0xF759, 0xF759, 0xF739, 0xF739, 0xF73A, 0xF73A,
    0xC52F, 0xC52F, 0xC52F, 0xC52F, 0xC52F, 0xC52F, 0xC52F, 0xC52F, 0xC50F, 0xC50F, 0xC50F, 0xC50F, 0xBD0F, 0xBD0F, 0xBD0F, 0xBCEF,
    0xBCEF, 0xBCEF, 0xBCEF, 0xBCEF, 0xBCEF, 0xBCEF, 0xBCEF, 0xBCEF, 0xBCEE, 0xBCEF, 0xBCEF, 0xBCEF, 0xBCEF, 0xBCEE, 0xBCEE, 0xBCCE,
    0xBCCE, 0xBCCE, 0xBCEF, 0xA44D, 0x93CB, 0xB4CF, 0xCDB3, 0xC593, 0xC592, 0xC592, 0xC592, 0xC592, 0xC592, 0xC592, 0xC592, 0xC592,
    0xCD93, 0xC592, 0xC592, 0xCD93, 0xC592, 0xCD93, 0xCD93, 0xC592, 0xC592, 0xC592, 0xC592, 0xC592, 0xC592, 0xC592, 0xC592, 0xC593,
    0xC593, 0xCDB3, 0xCDB3, 0xCDB3, 0xCDB3, 0xCDB3, 0xCDB3, 0xCDB3, 0xCDB3, 0xCDB3, 0xCDB3, 0xCDB3, 0xCDB3, 0xCDB3, 0xCDB3, 0xCDB3,
    0xCDB3, 0xCDB3, 0xCDD3, 0xCDD3, 0xCDD3, 0xD5D3, 0xD5D3, 0xD5D3, 0xD5D3, 0xD5D3, 0xD5F3, 0xD5F3, 0xD5F4, 0xD5F4, 0xD5F3, 0xD613,
    0xD613, 0xDE14, 0xDE14, 0xDE33, 0xDE34, 0xDE54, 0xE655, 0xE655, 0xE675, 0xE696, 0xE696, 0xE6B6, 0xEEB6, 0xEEB6, 0xEED7, 0xEED7,
    0xEEF7, 0xEEF7, 0xF6F8, 0xF718, 0xF718, 0xF718, 0xF738, 0xF738, 0xF738, 0xFF59, 0xFF59, 0xFF79, 0xFF79, 0xFF7A, 0xFF7A, 0xFF7A,
    0xFF9A, 0xFF9A, 0xFF9A, 0xFF9A, 0xFF9A, 0xFF9B, 0xFF9B, 0xFF9B, 0xFF7B, 0xFF9B, 0xFF9A, 0xFF9A, 0xFF9B, 0xFF9B, 0xFF9B, 0xFF9B,
    0xFF9B, 0xFF9B, 0xFF9B, 0xFF9B, 0xFF9B, 0xFF9B, 0xFF9A, 0xFF9A, 0xFF9A, 0xFF9A, 0xFF7A, 0xFF7A, 0xFF7A, 0xFF7A, 0xFF7A, 0xFF7A,
    0xFF7A, 0xFF9B, 0xFF9A, 0xFF7A, 0xFF7A, 0xFF7A, 0xFF7A, 0xFF7A, 0xFF7A, 0xFF7A, 0xFF7A, 0xFF7A, 0xFF7A, 0xFF7A, 0xFF7A, 0xFF7A,
    0xFF7A, 0xFF7A, 0xFF7A, 0xFF7A, 0xFF7A, 0xFF7A, 0xFF7A, 0xFF7A, 0xFF7A, 0xFF7A, 0xFF7A, 0xFF7A, 0xFF7A, 0xFF5A, 0xFF5A, 0xFF5A,
    0xFF5A, 0xFF5A, 0xFF5A, 0xFF5A, 0xFF5A, 0xFF5A, 0xFF5A, 0xFF5A, 0xF75A, 0xF75A, 0xF75A, 0xF759, 0xF739, 0xF739, 0xF739, 0xF739,
    0xF739, 0xF739, 0xF739, 0xF739, 0xF739, 0xF739, 0xF739, 0xF739, 0xF739, 0xF739, 0xF739, 0xF73A, 0xF73A, 0xF73A, 0xF73A, 0xF73A,
    0xF73A, 0xF739, 0xF739, 0xF739, 0xF739, 0xF739, 0xF739, 0xF759, 0xF75A, 0xF75A, 0xF75A, 0xF759, 0xF739, 0xF739, 0xF73A, 0xF73A,
    0xC52F, 0xC52F, 0xC52F, 0xC52F, 0xC52F, 0xC52F, 0xC52F, 0xC50F, 0xC50F, 0xC50F, 0xC50F, 0xC50F, 0xBD0F, 0xBD0F, 0xBD0F, 0xBD0F,
    0xBCEF, 0xBCEF, 0xBCEF, 0xBCEF, 0xBCEF, 0xBCEF, 0xBCEF, 0xBCEE, 0xBCEF, 0xBCEE, 0xBCEF, 0xBCEF, 0xBCEF, 0xBCEE, 0xBCCE, 0xBCCE,
    0xBCEE, 0xBCEE, 0xBCEF, 0xA44D, 0x93CB, 0xB4CF, 0xCDB3, 0xC592, 0xC592, 0xC592, 0xC592, 0xC592, 0xC592, 0xC592, 0xC592, 0xC592,
    0xCD93, 0xC592, 0xC592, 0xC592, 0xC592, 0xC592, 0xCD93, 0xC592, 0xC592, 0xC592, 0xC592, 0xC592, 0xC592, 0xC593, 0xC593, 0xCDB3,
    0xCDB3, 0xCDB3, 0xCDB3, 0xCDB3, 0xCDB3, 0xCDB3, 0xCDB3, 0xCDB3, 0xCDB3, 0xCDB3, 0xCDB3, 0xCDB3, 0xCDB3, 0xCDB3, 0xCDB3, 0xCDB3,
    0xCDB3, 0xCDB3, 0xCDB3, 0xCDD3, 0xCDD3, 0xD5D3, 0xD5D3, 0xD5D3, 0xD5D3, 0xD5D3, 0xD5F3, 0xD5F3, 0xD5F4, 0xD5F3, 0xD5F3, 0xD5F3,
    0xD613, 0xDE13, 0xDE13, 0xDE13, 0xDE34, 0xDE54, 0xE655, 0xE655, 0xE675, 0xE696, 0xE696, 0xE696, 0xEEB6, 0xEEB6, 0xEEB6, 0xEED7,
    0xEEF7, 0xEEF7, 0xF6F8, 0xF718, 0xF718, 0xF718, 0xF718, 0xF738, 0xF738, 0xFF59, 0xFF59, 0xFF59, 0xFF59, 0xFF7A, 0xFF7A, 0xFF7A,
    0xFF9A, 0xFF9A, 0xFF9A, 0xFF9A, 0xFF9A, 0xFF9B, 0xFF9B, 0xFF9B, 0xFF9B, 0xFF9B, 0xFF7B, 0xFF9B, 0xFF9B, 0xFF9B, 0xFF9B, 0xFF9B,
    0xFF9B, 0xFF9B, 0xFF9B, 0xFF9B, 0xFF9B, 0xFF9A, 0xFF9A, 0xFF9A, 0xFF9A, 0xFF7A, 0xFF7A, 0xFF9B, 0xFF7A, 0xFF7A, 0xFF7A, 0xFF7A,
    0xFF7A, 0xFF7A, 0xFF9A, 0xFF9A, 0xFF7A, 0xFF7A, 0xFF7A, 0xFF7A, 0xFF7A, 0xFF7A, 0xFF7A, 0xFF7A, 0xFF7A, 0xFF7A, 0xFF7A, 0xFF7A,
    0xFF7A, 0xFF7A, 0xFF7A, 0xFF7A, 0xFF7A, 0xFF7A, 0xFF7A, 0xFF7A, 0xFF7A, 0xFF7A, 0xFF7A, 0xFF7A, 0xFF7A, 0xFF5A, 0xFF7A, 0xFF7A,
    0xFF7A, 0xFF5A, 0xFF5A, 0xFF5A, 0xFF7A, 0xFF5A, 0xFF5A, 0xFF5A, 0xF75A, 0xF75A, 0xF75A, 0xF739, 0xF739, 0xF739, 0xF739, 0xF739,
    0xF739, 0xF739, 0xF739, 0xF739, 0xF739, 0xF739, 0xF739, 0xF739, 0xF739, 0xF739, 0xF739, 0xF73A, 0xF73A, 0xF73A, 0xF73A, 0xF73A,
    0xF739, 0xF739, 0xF759, 0xF739, 0xF739, 0xF73A, 0xF739, 0xF759, 0xF739, 0xF739, 0xF75A, 0xF759, 0xF759, 0xF739, 0xF73A, 0xF73A,
    0xC52F, 0xC52F, 0xC52F, 0xC52F, 0xC52F, 0xC52F, 0xC52F, 0xC52F, 0xC50F, 0xC50F, 0xC50F, 0xC50F, 0xC50F, 0xBD0F, 0xBD0F, 0xBD0F,
    0xBCEF, 0xBCEF, 0xBCEF, 0xBCEF, 0xBCEF, 0xBCEF, 0xBCEF, 0xBCEF, 0xBCEF, 0xBCEE, 0xBCEE, 0xBCEF, 0xBCEF, 0xBCEE, 0xBCEE, 0xBCEE,
    0xBCEE, 0xBCEE, 0xBCEF, 0xA42C, 0x93AB, 0xB4EF, 0xCDB3, 0xC592, 0xC592, 0xC592, 0xC592, 0xC592, 0xC592, 0xC592, 0xC592, 0xC592,
    0xC592, 0xC593, 0xC593, 0xCD93, 0xCD93, 0xCD93, 0xCD93, 0xC592, 0xC592, 0xC592, 0xC592, 0xC592, 0xCD93, 0xCD93, 0xCD93, 0xCDB3,
    0xCDB3, 0xCDB3, 0xCDB3, 0xCDB3, 0xCDB3, 0xCDB3, 0xCDB3, 0xCDB3, 0xCDB3, 0xCDB3, 0xCDB3, 0xCDB3, 0xCDB3, 0xCDB3, 0xCDB3, 0xCDB3,
    0xCDB3, 0xCDB3, 0xCDB3, 0xCDD3, 0xCDD3, 0xD5D3, 0xD5D3, 0xD5D3, 0xD5D3, 0xD5D3, 0xD5F3, 0xD5F3, 0xD5F3, 0xD5F3, 0xD5F3, 0xD613,
    0xD613, 0xDE13, 0xDE13, 0xDE14, 0xDE34, 0xDE54, 0xE655, 0xE655, 0xE675, 0xE695, 0xE696, 0xE696, 0xEEB6, 0xEEB6, 0xEED6, 0xEED7,
    0xEEF7, 0xEEF7, 0xEEF7, 0xF718, 0xF717, 0xF718, 0xF718, 0xF738, 0xF738, 0xFF59, 0xFF59, 0xFF59, 0xFF79, 0xFF7A, 0xFF7A, 0xFF7A,
    0xFF9A, 0xFF9A, 0xFF9A, 0xFF9A, 0xFF9A, 0xFF9A, 0xFF9B, 0xFF9B, 0xFF9A, 0xFF9A, 0xFF7A, 0xFF9A, 0xFF9B, 0xFF9B, 0xFF9B, 0xFF9A,
    0xFF9B, 0xFF9B, 0xFF9B, 0xFF9B, 0xFF9B, 0xFF9A, 0xFF9A, 0xFF9A, 0xFF9B, 0xFF9A, 0xFF7A, 0xFF9B, 0xFF7A, 0xFF7A, 0xFF7A, 0xFF7A,
    0xFF7A, 0xFF7A, 0xFF7A, 0xFF7A, 0xFF7A, 0xFF7A, 0xFF7A, 0xFF7A, 0xFF7A, 0xFF7A, 0xFF7A, 0xFF7A, 0xFF7A, 0xFF7A, 0xFF7A, 0xFF7A,
    0xFF7A, 0xFF7A, 0xFF7A, 0xFF7A, 0xFF7A, 0xFF7A, 0xFF7A, 0xFF7A, 0xFF7A, 0xFF7A, 0xFF7A, 0xFF7A, 0xFF7A, 0xFF7A, 0xFF7A, 0xFF7A,
    0xFF7A, 0xFF7A, 0xFF5A, 0xFF7A, 0xFF5A, 0xFF5A, 0xFF5A, 0xFF5A, 0xF75A, 0xF75A, 0xF759, 0xF739, 0xF739, 0xF739, 0xF739, 0xF739,
    0xF739, 0xF739, 0xF739, 0xF739, 0xF739, 0xF739, 0xF739, 0xF739, 0xF739, 0xF739, 0xF739, 0xF739, 0xF73A, 0xF73A, 0xF73A, 0xF73A,
    0xF739, 0xF759, 0xF739, 0xF739, 0xF739, 0xF73A, 0xF75A, 0xF739, 0xF739, 0xF739, 0xF739, 0xF759, 0xF759, 0xF739, 0xF73A, 0xF73A,
    0xC52F, 0xC52F, 0xC52F, 0xC52F, 0xC52F, 0xC52F, 0xC52F, 0xC52F, 0xC50F, 0xC50F, 0xC50F, 0xC50F, 0xC50F, 0xBD0F, 0xBD0F, 0xBD0F,
    0xBCEF, 0xBCEF, 0xBCEF, 0xBCEF, 0xBCEF, 0xBD0F, 0xBCEF, 0xBCEF, 0xBCEF, 0xBCEE, 0xBCEE, 0xBCEF, 0xBCEE, 0xBCEE, 0xBCEE, 0xBCEE,
    0xBCEF, 0xBCEF, 0xBCEF, 0xA44C, 0x93CB, 0xACAF, 0xCD93, 0xC592, 0xC592, 0xC592, 0xC592, 0xC592, 0xC592, 0xC592, 0xC592, 0xC592,
    0xC592, 0xC593, 0xC593, 0xCD93, 0xCD93, 0xCD93, 0xCD93, 0xCD93, 0xC592, 0xCD92, 0xCD93, 0xCD93, 0xCD93, 0xCD93, 0xCD93, 0xCDB3,
    0xCDB3, 0xCDB3, 0xCDB3, 0xCDB3, 0xCDB3, 0xCDB3, 0xCDB3, 0xCDB3, 0xCDB2, 0xCDB3, 0xCDB3, 0xCDB3, 0xCDB3, 0xCDB3, 0xCDB3, 0xCDB3,
    0xCDB3, 0xCDB3, 0xCDB3, 0xCDD3, 0xCDD3, 0xD5D3, 0xD5D3, 0xD5D3, 0xD5D3, 0xD5D3, 0xD5D3, 0xD5F3, 0xD5F3, 0xD5F3, 0xD5F3, 0xD5F3,
    0xD5F3, 0xDE13, 0xDE14, 0xDE14, 0xDE34, 0xDE54, 0xE654, 0xE655, 0xE675, 0xE675, 0xE696, 0xE696, 0xEEB6, 0xEEB6, 0xEEB6, 0xEED7,
    0xEEF7, 0xEEF7, 0xEEF7, 0xF6F7, 0xF718, 0xF718, 0xF718, 0xF738, 0xF738, 0xF759, 0xFF59, 0xFF59, 0xFF79, 0xFF7A, 0xFF7A, 0xFF7A,
    0xFF7A, 0xFF9A, 0xFF9A, 0xFF9A, 0xFF9A, 0xFF9A, 0xFF9B, 0xFF9B, 0xFF9A, 0xFF9A, 0xFF9A, 0xFF9B, 0xFF9B, 0xFF7B, 0xFF7B, 0xFF9A,
    0xFF9A, 0xFF9A, 0xFF9A, 0xFF9B, 0xFF9A, 0xFF9A, 0xFF9A, 0xFF9A, 0xFF9B, 0xFF9B, 0xFF7B, 0xFF9B, 0xFF7A, 0xFF7A, 0xFF7A, 0xFF7A,
    0xFF7A, 0xFF7A, 0xFF7A, 0xFF7A, 0xFF7A, 0xFF7A, 0xFF7A, 0xFF7A, 0xFF7A, 0xFF7A, 0xFF7A, 0xFF7A, 0xFF7A, 0xFF7A, 0xFF7A, 0xFF7A,
    0xFF7A, 0xFF7A, 0xFF7A, 0xFF7A, 0xFF7B, 0xFF9A, 0xFF7A, 0xFF7A, 0xFF7A, 0xFF7A, 0xFF7A, 0xFF7A, 0xFF7A, 0xFF7A, 0xFF7A, 0xFF7A,
    0xFF7A, 0xFF7A, 0xFF7A, 0xFF7A, 0xFF5A, 0xFF5A, 0xFF5A, 0xFF5A, 0xFF5A, 0xF75A, 0xF759, 0xF739, 0xF739, 0xF739, 0xF739, 0xF739,
    0xF739, 0xF739, 0xF739, 0xF739, 0xF739, 0xF739, 0xF739, 0xF739, 0xF739, 0xF739, 0xF739, 0xF739, 0xF73A, 0xF739, 0xF739, 0xF739,
    0xF73A, 0xF739, 0xF73A, 0xF739, 0xF73A, 0xF739, 0xF739, 0xF739, 0xF739, 0xF739, 0xF739, 0xF739, 0xF739, 0xF739, 0xF73A, 0xF73A,
    0xC52F, 0xC52F, 0xC52F, 0xC52F, 0xC52F, 0xC52F, 0xC52F, 0xC52F, 0xC50F, 0xC50F, 0xC50F, 0xC50F, 0xC50F, 0xBD0F, 0xBD0F, 0xBD0F,
    0xBCEF, 0xBCEF, 0xBCEF, 0xBCEF, 0xBCEF, 0xBCEF, 0xBCEF, 0xBCEF, 0xBCEF, 0xBCEE, 0xBCEE, 0xBCEF, 0xBCEE, 0xBCEE, 0xBCEE, 0xBCEE,
    0xBCEF, 0xBCEF, 0xBCEF, 0xBCEF, 0x9C0C, 0x93EC, 0xBD51, 0xC592, 0xC592, 0xC592, 0xC592, 0xC592, 0xC592, 0xC592, 0xC592, 0xC592,
    0xC592, 0xC593, 0xC593, 0xCD93, 0xCD93, 0xCD93, 0xCD93, 0xC592, 0xC592, 0xC592, 0xC592, 0xCD93, 0xCD93, 0xCDB3, 0xCDB3, 0xCDB3,
    0xCDB3, 0xCDB3, 0xCDB3, 0xCDB3, 0xCDB3, 0xCDB3, 0xCDB3, 0xCDB3, 0xCDB3, 0xCDB3, 0xCDB3, 0xCDB3, 0xCDB3, 0xCDB3, 0xCDB3, 0xCDB3,
    0xCDB3, 0xCDB3, 0xCDB3, 0xCDD3, 0xCDD3, 0xD5D3, 0xD5D3, 0xD5D3, 0xD5D3, 0xD5D3, 0xD5F3, 0xD5F3, 0xD5F3, 0xD5F3, 0xD5F3, 0xD5F3,
    0xD5F3, 0xDE13, 0xDE14, 0xDE14, 0xDE34, 0xDE34, 0xE654, 0xE655, 0xE675, 0xE675, 0xE696, 0xE696, 0xE6B6, 0xEEB6, 0xEEB6, 0xEED7,
    0xEEF7, 0xEEF7, 0xEEF7, 0xF718, 0xF718, 0xF718, 0xF718, 0xF738, 0xF738, 0xF759, 0xFF59, 0xFF59, 0xFF59, 0xFF7A, 0xFF7A, 0xFF7A,
    0xFF7A, 0xFF9A, 0xFF9A, 0xFF9A, 0xFF9A, 0xFF7A, 0xFF9B, 0xFF7B, 0xFF7B, 0xFF9B, 0xFF7A, 0xFF7A, 0xFF7B, 0xFF9A, 0xFF9A, 0xFF9A,
    0xFF9A, 0xFF9A, 0xFF9A, 0xFF9A, 0xFF9A, 0xFF9A, 0xFF9A, 0xFF9A, 0xFF9B, 0xFF9B, 0xFF9B, 0xFF7A, 0xFF7A, 0xFF9B, 0xFF9B, 0xFF7A,
    0xFF9A, 0xFF9A, 0xFF7A, 0xFF7A, 0xFF9A, 0xFF9A, 0xFF7A, 0xFF7A, 0xFF7A, 0xFF7A, 0xFF7A, 0xFF7A, 0xFF7A, 0xFF7A, 0xFF7A, 0xFF7A,
    0xFF7A, 0xFF7A, 0xFF7A, 0xFF7A, 0xFF7A, 0xFF7A, 0xFF7A, 0xFF7A, 0xFF7A, 0xFF7A, 0xFF7A, 0xFF7A, 0xFF7A, 0xFF7A, 0xFF7A, 0xFF7A,
    0xFF7A, 0xFF7A, 0xFF7A, 0xFF7A, 0xFF7A, 0xFF5A, 0xFF5A, 0xFF5A, 0xFF5A, 0xF75A, 0xF739, 0xF73A, 0xF739, 0xF739, 0xF739, 0xF73A,
    0xF739, 0xF739, 0xF739, 0xF739, 0xF739, 0xF739, 0xF739, 0xF739, 0xF739, 0xF739, 0xF739, 0xF739, 0xF73A, 0xF73A, 0xF73A, 0xF73A,
    0xF73A, 0xF739, 0xF73A, 0xF739, 0xF739, 0xF739, 0xF739, 0xF739, 0xF739, 0xF739, 0xF739, 0xF73A, 0xF73A, 0xF73A, 0xF73A, 0xF73A,
    0xC52F, 0xC52F, 0xC52F, 0xC52F, 0xC52F, 0xC52F, 0xC52F, 0xC50F, 0xC50F, 0xC50F, 0xC50F, 0xC50F, 0xBD0F, 0xBD0F, 0xBD0F, 0xBD0F,
    0xBD0F, 0xBCEF, 0xBCEE, 0xBCEE, 0xBCEE, 0xBCEF, 0xBCEF, 0xBCEF, 0xBCEF, 0xBCEF, 0xBCEE, 0xBCEE, 0xBCEE, 0xBCEE, 0xBCEE, 0xBCEE,
    0xBCEF, 0xBCEF, 0xBCEF, 0xBCEF, 0xA42C, 0x9BEC, 0xC551, 0xC592, 0xC592, 0xC592, 0xC592, 0xC592, 0xC592, 0xC592, 0xC592, 0xC592,
    0xC592, 0xC592, 0xC592, 0xC592, 0xC593, 0xCD93, 0xCD93, 0xCD93, 0xC592, 0xCD93, 0xCD93, 0xCD93, 0xCDB3, 0xCDB3, 0xCDB3, 0xCDB3,
    0xCDB3, 0xCDB3, 0xCDB3, 0xCDB3, 0xCDB3, 0xCDB3, 0xCDB3, 0xCDB3, 0xCDB3, 0xCDB3, 0xCDB3, 0xCDB3, 0xCDB3, 0xCDB3, 0xCDB3, 0xCDB3,
    0xCDB3, 0xCDB3, 0xCDB3, 0xCDD3, 0xCDD3, 0xD5D3, 0xD5D3, 0xD5D3, 0xD5D3, 0xD5D3, 0xD5F3, 0xD5F3, 0xD5F3, 0xD5F3, 0xD5F3, 0xD5F3,
    0xD5F3, 0xDE13, 0xDE13, 0xDE14, 0xDE34, 0xDE34, 0xDE54, 0xDE54, 0xE655, 0xE675, 0xE675, 0xE696, 0xE6B6, 0xE6B6, 0xEED6, 0xEED7,
    0xEEF7, 0xEEF7, 0xEEF7, 0xF718, 0xF718, 0xF718, 0xF718, 0xF738, 0xF739, 0xF739, 0xF759, 0xFF59, 0xFF59, 0xFF7A, 0xFF7A, 0xFF9A,
    0xFF7A, 0xFF9A, 0xFF9B, 0xFF9A, 0xFF9A, 0xFF9A, 0xFF9A, 0xFF9B, 0xFF9B, 0xFF9B, 0xFF9B, 0xFF7A, 0xFF7A, 0xFF7A, 0xFF9A, 0xFF9A,
    0xFF9A, 0xFF9A, 0xFF9A, 0xFF9A, 0xFF9A, 0xFF9B, 0xFF9B, 0xFF9B, 0xFF9B, 0xFF9B, 0xFF9B, 0xFF9B, 0xFF7A, 0xFF9B, 0xFF7A, 0xFF7A,
    0xFF9A, 0xFF9A, 0xFF9A, 0xFF9A, 0xFF9A, 0xFF7A, 0xFF7A, 0xFF7A, 0xFF7A, 0xFF9A, 0xFF7A, 0xFF7A, 0xFF7A, 0xFF7A, 0xFF7A, 0xFF7A,
    0xFF7A, 0xFF7A, 0xFF7A, 0xFF7A, 0xFF7A, 0xFF7A, 0xFF7A, 0xFF7A, 0xFF7A, 0xFF7A, 0xFF7A, 0xFF7A, 0xFF7A, 0xFF7A, 0xFF7A, 0xFF7A,
    0xFF7A, 0xFF7A, 0xFF7A, 0xFF5A, 0xFF5A, 0xFF5A, 0xF759, 0xFF5A, 0xFF5A, 0xF75A, 0xF759, 0xF739, 0xF739, 0xF739, 0xF73A, 0xF73A,
    0xF739, 0xF739, 0xF739, 0xF739, 0xF739, 0xF739, 0xF739, 0xF739, 0xF739, 0xF739, 0xF739, 0xF73A, 0xF73A, 0xF73A, 0xF73A, 0xF73A,
    0xF73A, 0xF73A, 0xF73A, 0xF739, 0xF739, 0xF739, 0xF739, 0xF739, 0xF73A, 0xF73A, 0xF73A, 0xF73A, 0xF73A, 0xF73A, 0xF73A, 0xF73A,
    0xC52F, 0xC52F, 0xC52F, 0xC52F, 0xC52F, 0xC52F, 0xC52F, 0xC52F, 0xC50F, 0xC50F, 0xC50F, 0xC50F, 0xBD0F, 0xBD0F, 0xBD0F, 0xBD0F,
    0xBCEF, 0xBCEF, 0xBCEE, 0xBCEE, 0xBCEE, 0xBCEF, 0xBCEF, 0xBCEF, 0xBCEF, 0xBCEE, 0xBCEE, 0xBCEF, 0xBCEE, 0xBCEE, 0xBCEE, 0xBCEE,
    0xBCEF, 0xBCEF, 0xBCEF, 0xBCEF, 0xA42C, 0x93EB, 0xBD31, 0xC592, 0xC592, 0xC592, 0xC592, 0xC592, 0xC592, 0xC592, 0xC592, 0xC592,
    0xC592, 0xC592, 0xC592, 0xC592, 0xC592, 0xC593, 0xCD93, 0xCD93, 0xCD93, 0xCDB3, 0xCDB3, 0xCD93, 0xCDB3, 0xCDB3, 0xCDB3, 0xCDB3,
    0xCDB3, 0xCDB3, 0xCDB3, 0xCDB3, 0xCDB3, 0xCDB3, 0xCDB3, 0xCDB3, 0xCDB3, 0xCDB3, 0xCDB3, 0xCDB3, 0xCDB3, 0xCDB3, 0xCDB3, 0xCDB3,
    0xCDB3, 0xCDB3, 0xCDB3, 0xCDD3, 0xCDD3, 0xD5D3, 0xD5D3, 0xD5D3, 0xD5D3, 0xD5D3, 0xD5F3, 0xD5F3, 0xD5F3, 0xD5F3, 0xD5F3, 0xD5F3,
    0xD5F3, 0xDE13, 0xDE13, 0xDE14, 0xDE34, 0xDE34, 0xDE54, 0xE655, 0xE655, 0xE675, 0xE695, 0xE696, 0xE696, 0xE6B6, 0xE6B6, 0xEED7,
    0xEEF7, 0xEEF7, 0xEEF8, 0xF718, 0xF718, 0xF718, 0xF718, 0xF738, 0xF739, 0xF739, 0xF759, 0xFF59, 0xFF79, 0xFF7A, 0xFF7A, 0xFF9A,
    0xFF9A, 0xFF9A, 0xFF9A, 0xFF9A, 0xFF9A, 0xFF9A, 0xFF9A, 0xFF9B, 0xFF9B, 0xFF9B, 0xFF9B, 0xFF7A, 0xFF7A, 0xFF9A, 0xFF9A, 0xFF9A,
    0xFF9A, 0xFF9A, 0xFF9A, 0xFF9A, 0xFF9A, 0xFF9B, 0xFF9B, 0xFF9B, 0xFF9B, 0xFF7A, 0xFF9B, 0xFF9B, 0xFF9B, 0xFF9B, 0xFF7A, 0xFF7A,
    0xFF9A, 0xFF7A, 0xFF7A, 0xFF7A, 0xFF7A, 0xFF7A, 0xFF7A, 0xFF7A, 0xFF7A, 0xFF7A, 0xFF7A, 0xFF7A, 0xFF7A, 0xFF7A, 0xFF7A, 0xFF7A,
    0xFF7A, 0xFF7A, 0xFF7A, 0xFF7A, 0xFF7A, 0xFF7A, 0xFF7A, 0xFF7A, 0xFF7A, 0xFF7A, 0xFF7A, 0xFF7A, 0xFF7A, 0xFF7A, 0xFF7A, 0xFF7A,
    0xFF7A, 0xFF5A, 0xFF5A, 0xFF5A, 0xFF5A, 0xFF5A, 0xFF59, 0xFF5A, 0xFF5A, 0xF759, 0xF759, 0xF739, 0xF739, 0xF739, 0xF739, 0xF739,
    0xF739, 0xF739, 0xF739, 0xF739, 0xF739, 0xF739, 0xF739, 0xF739, 0xF739, 0xF739, 0xF739, 0xF73A, 0xF73A, 0xF739, 0xF739, 0xF73A,
    0xF73A, 0xF73A, 0xF73A, 0xF739, 0xF739, 0xF739, 0xF739, 0xF73A, 0xF73A, 0xF73A, 0xF73A, 0xF73A, 0xF73A, 0xF73A, 0xF73A, 0xF73A,
    0xC52F, 0xC52F, 0xC52F, 0xC52F, 0xC52F, 0xC52F, 0xC52F, 0xC52F, 0xC50F, 0xC50F, 0xC50F, 0xC50F, 0xC50F, 0xBD0F, 0xBD0F, 0xBD0F,
    0xBCEF, 0xBCEE, 0xBCEE, 0xBCEE, 0xBCEE, 0xBCEF, 0xBCEF, 0xBCEF, 0xBCEF, 0xBCEE, 0xBCEE, 0xBCEF, 0xBCEF, 0xBCEE, 0xBCEE, 0xBCEE,
    0xBCEF, 0xBCEF, 0xBCEF, 0xBCEF, 0x9C2C, 0x93EB, 0xBD51, 0xC592, 0xC592, 0xC592, 0xC592, 0xC592, 0xC592, 0xC592, 0xC592, 0xC592,
    0xC592, 0xC592, 0xC593, 0xC593, 0xC592, 0xC592, 0xC592, 0xCD92, 0xCDB3, 0xCDB3, 0xCDB3, 0xCDB3, 0xCDB3, 0xCDB3, 0xCDB3, 0xCDB3,
    0xCDB3, 0xCDB3, 0xCDB3, 0xCDB3, 0xCDB3, 0xCDB3, 0xCDB3, 0xCDB3, 0xCDB3, 0xCDB3, 0xCDB3, 0xCDB3, 0xCDB3, 0xCDB3, 0xCDB3, 0xCDB3,
    0xCDB3, 0xCDB3, 0xCDB3, 0xCDD3, 0xCDD3, 0xD5D3, 0xD5D3, 0xD5D3, 0xD5D3, 0xD5D3, 0xD5D3, 0xD5F3, 0xD5F3, 0xD5F3, 0xD5F3, 0xD5F3,
    0xD5F3, 0xD5F3, 0xDE13, 0xDE14, 0xDE34, 0xDE34, 0xDE54, 0xE654, 0xE655, 0xE675, 0xE675, 0xE696, 0xE696, 0xE6B6, 0xEED6, 0xEED7,
    0xEEF7, 0xEEF7, 0xEEF8, 0xF718, 0xF718, 0xF718, 0xF718, 0xF738, 0xF738, 0xF739, 0xF759, 0xFF59, 0xFF79, 0xFF7A, 0xFF7A, 0xFF7A,
    0xFF9A, 0xFF9A, 0xFF9A, 0xFF9A, 0xFF9A, 0xFF9A, 0xFF9A, 0xFF9B, 0xFF9B, 0xFF9B, 0xFF9B, 0xFF9B, 0xFF9B, 0xFF9B, 0xFF7B, 0xFF7B,
    0xFF9A, 0xFF9A, 0xFF9A, 0xFF9B, 0xFF9A, 0xFF9B, 0xFF9B, 0xFF9B, 0xFF9B, 0xFF9B, 0xFF9B, 0xFF9B, 0xFF9B, 0xFF9B, 0xFF9B, 0xFF7A,
    0xFF9A, 0xFF9A, 0xFF7A, 0xFF7A, 0xFF7A, 0xFF7A, 0xFF7A, 0xFF7A, 0xFF7A, 0xFF7A, 0xFF7A, 0xFF7A, 0xFF7A, 0xFF7A, 0xFF7A, 0xFF7A,
    0xFF7A, 0xFF7A, 0xFF7A, 0xFF7A, 0xFF7A, 0xFF7A, 0xFF7A, 0xFF7A, 0xFF7A, 0xFF7A, 0xFF7A, 0xFF7A, 0xFF7A, 0xFF7A, 0xFF7A, 0xFF7A,
    0xFF7A, 0xFF5A, 0xFF5A, 0xFF5A, 0xFF5A, 0xFF5A, 0xFF5A, 0xFF5A, 0xFF5A, 0xF75A, 0xF739, 0xF739, 0xF739, 0xF739, 0xF739, 0xF719,
    0xF739, 0xF739, 0xF739, 0xF739, 0xF739, 0xF739, 0xF739, 0xF739, 0xF739, 0xF739, 0xF739, 0xF73A, 0xF73A, 0xF73A, 0xF73A, 0xF73A,
    0xF73A, 0xF73A, 0xF73A, 0xF73A, 0xF739, 0xF739, 0xF739, 0xF73A, 0xF73A, 0xF73A, 0xF73A, 0xF73A, 0xF73A, 0xF73A, 0xF73A, 0xF73A,
    0xC530, 0xC52F, 0xC52F, 0xC52F, 0xC52F, 0xC52F, 0xC52F, 0xC52F, 0xC50F, 0xC50F, 0xC50F, 0xC50F, 0xBD0F, 0xBD0F, 0xBD0F, 0xBD0F,
    0xBCEF, 0xBCEE, 0xBCEE, 0xBCEE, 0xBCEE, 0xBCEF, 0xBCEF, 0xBCEF, 0xBCEF, 0xBCEF, 0xBCEE, 0xBCEE, 0xBCEE, 0xBCEE, 0xBCEE, 0xBCEE,
    0xBCEF, 0xBCEF, 0xBCEF, 0xBCEF, 0x9C2C, 0x93EB, 0xBD51, 0xC592, 0xC592, 0xC592, 0xC592, 0xC592, 0xC592, 0xC592, 0xC592, 0xC592,
    0xC592, 0xC592, 0xCD93, 0xCD93, 0xCD92, 0xC592, 0xC593, 0xC593, 0xC5B3, 0xCDB3, 0xCDB3, 0xCDB3, 0xCDB3, 0xCDB3, 0xCDB3, 0xCDB3,
    0xCDB3, 0xCDB3, 0xCDB3, 0xCDB3, 0xCDB3, 0xCDB3, 0xCDB3, 0xCDB3, 0xCDB3, 0xCDB3, 0xCDB3, 0xCDB3, 0xCDB3, 0xCDB3, 0xCDB3, 0xCDB3,
    0xCDB3, 0xCDB3, 0xCDB3, 0xCDD3, 0xCDD3, 0xCDD3, 0xD5D3, 0xD5F3, 0xD5D3, 0xD5D3, 0xD5F3, 0xD5F3, 0xD5F3, 0xD5F3, 0xD5F3, 0xD5F3,
    0xD5F3, 0xD613, 0xDE13, 0xDE13, 0xDE34, 0xDE34, 0xDE34, 0xDE54, 0xE655, 0xE675, 0xE675, 0xE696, 0xE696, 0xE6B6, 0xEED6, 0xEED7,
    0xEEF7, 0xEEF7, 0xEEF7, 0xF718, 0xF718, 0xF718, 0xF738, 0xF738, 0xF738, 0xF759, 0xF759, 0xFF59, 0xFF59, 0xFF79, 0xFF7A, 0xFF9A,
    0xFF9A, 0xFF9A, 0xFF9A, 0xFF9A, 0xFF9A, 0xFF9A, 0xFF9A, 0xFF9B, 0xFF9B, 0xFF9B, 0xFF9B, 0xFF9B, 0xFF9B, 0xFF7A, 0xFF7A, 0xFF7A,
    0xFF7A, 0xFF9B, 0xFF9B, 0xFF9B, 0xFF9B, 0xFF9B, 0xFF9B, 0xFF9B, 0xFF9B, 0xFF9B, 0xFF9B, 0xFF9B, 0xFF9B, 0xFF9B, 0xFF9A, 0xFF7A,
    0xFF9A, 0xFF9A, 0xFF7A, 0xFF7A, 0xFF7A, 0xFF7A, 0xFF9A, 0xFF7A, 0xFF7A, 0xFF7A, 0xFF7A, 0xFF7A, 0xFF7A, 0xFF7A, 0xFF7A, 0xFF7A,
    0xFF7A, 0xFF7A, 0xFF7A, 0xFF7A, 0xFF7A, 0xFF7A, 0xFF7A, 0xFF7A, 0xFF7A, 0xFF7A, 0xFF7A, 0xFF7A, 0xFF7A, 0xFF7A, 0xFF7A, 0xFF7A,
    0xFF5A, 0xFF5A, 0xFF5A, 0xFF5A, 0xFF5A, 0xFF5A, 0xFF59, 0xF759, 0xF75A, 0xF75A, 0xF739, 0xF739, 0xF739, 0xF739, 0xF739, 0xF739,
    0xF739, 0xF739, 0xF739, 0xF739, 0xF739, 0xF739, 0xF739, 0xF739, 0xF739, 0xF739, 0xF73A, 0xF73A, 0xF73A, 0xF73A, 0xF73A, 0xF73A,
    0xF73A, 0xF73A, 0xF73A, 0xF73A, 0xF739, 0xF739, 0xF739, 0xF73A, 0xF73A, 0xF73A, 0xF73A, 0xF73A, 0xF73A, 0xF73A, 0xF73A, 0xF73A,
    0xC52F, 0xC50F, 0xC52F, 0xC52F, 0xC52F, 0xC52F, 0xC52F, 0xC530, 0xC50F, 0xC50F, 0xC50F, 0xC50F, 0xC50F, 0xC50F, 0xBD0F, 0xBD0F,
    0xBCEF, 0xBCEF, 0xBCEE, 0xBCEE, 0xBCEE, 0xBCEF, 0xBCEF, 0xBCEF, 0xBCEF, 0xBCEF, 0xBCEE, 0xBCEE, 0xBCEE, 0xBCEE, 0xBCEE, 0xBCEE,
    0xBCEF, 0xBCEF, 0xBCEF, 0xBCEF, 0x9C2C, 0x93EB, 0xBD51, 0xC592, 0xC592, 0xC592, 0xC592, 0xC592, 0xC592, 0xC592, 0xC592, 0xC592,
    0xC592, 0xC592, 0xC593, 0xCD93, 0xCD92, 0xC592, 0xC593, 0xC593, 0xC593, 0xCDB3, 0xCDB3, 0xCDB3, 0xCDB3, 0xCDB3, 0xCDB3, 0xCDB3,
    0xCDB3, 0xCDB3, 0xCDB3, 0xCDB3, 0xCDB3, 0xCDB3, 0xCDB3, 0xCDB3, 0xCDB3, 0xCDB3, 0xCDB3, 0xCDB3, 0xCDB3, 0xCDB3, 0xCDB3, 0xCDB3,
    0xCDB3, 0xCDB3, 0xCDB3, 0xCDD3, 0xCDD3, 0xCDD3, 0xD5D3, 0xD5F3, 0xD5D3, 0xD5D3, 0xD5D3, 0xD5F3, 0xD5F3, 0xD5F3, 0xD5F3, 0xD5F3,
    0xD5F3, 0xD613, 0xDE13, 0xDE14, 0xDE34, 0xDE34, 0xDE34, 0xDE54, 0xE655, 0xE675, 0xE675, 0xE696, 0xE696, 0xE6B6, 0xEED6, 0xEED7,
    0xEEF7, 0xEEF7, 0xEEF7, 0xF718, 0xF718, 0xF718, 0xF718, 0xF738, 0xF738, 0xF759, 0xF759, 0xFF59, 0xFF79, 0xFF79, 0xFF7A, 0xFF9A,
    0xFF9A, 0xFF9A, 0xFF9A, 0xFF9A, 0xFF9A, 0xFF9A, 0xFF9A, 0xFF9B, 0xFF9B, 0xFF9B, 0xFF9B, 0xFF9B, 0xFF7A, 0xFF9B, 0xFF9B, 0xFF7A,
    0xFF9B, 0xFF9B, 0xFF7A, 0xFF7A, 0xFF9B, 0xFF9B, 0xFF9B, 0xFF9B, 0xFF9B, 0xFF9B, 0xFF9B, 0xFF9B, 0xFF9B, 0xFF9A, 0xFF9A, 0xFF9A,
    0xFF9A, 0xFF9A, 0xFF7A, 0xFF7A, 0xFF7A, 0xFF7A, 0xFF7A, 0xFF7A, 0xFF7A, 0xFF7A, 0xFF7A, 0xFF7A, 0xFF7A, 0xFF7A, 0xFF7A, 0xFF7A,
    0xFF7A, 0xFF7A, 0xFF7A, 0xFF7A, 0xFF7A, 0xFF7A, 0xFF7A, 0xFF7A, 0xFF7A, 0xFF7A, 0xFF7A, 0xFF7A, 0xFF7A, 0xFF7A, 0xFF7A, 0xFF7A,
    0xFF5A, 0xFF5A, 0xFF5A, 0xFF5A, 0xFF5A, 0xFF5A, 0xFF5A, 0xF759, 0xF75A, 0xF75A, 0xF739, 0xF739, 0xF739, 0xF739, 0xF739, 0xF739,
    0xF739, 0xF739, 0xF739, 0xF739, 0xF739, 0xF739, 0xF739, 0xF739, 0xF739, 0xF739, 0xF73A, 0xF73A, 0xF73A, 0xF73A, 0xF73A, 0xF73A,
    0xF73A, 0xF73A, 0xF73A, 0xF73A, 0xF739, 0xF739, 0xF739, 0xF73A, 0xF73A, 0xF73A, 0xF73A, 0xF73A, 0xF73A, 0xF73A, 0xF73A, 0xF75A,
    0xC52F, 0xC50F, 0xC52F, 0xC52F, 0xC52F, 0xC530, 0xC530, 0xC510, 0xC530, 0xC510, 0xC510, 0xC50F, 0xC50F, 0xC50F, 0xC50F, 0xBD0F,
    0xBCEF, 0xBCEF, 0xBCEE, 0xBCEE, 0xBCEE, 0xBCEF, 0xBCEF, 0xBCEF, 0xBCEF, 0xBCEF, 0xBCEE, 0xBCEF, 0xBCEF, 0xBCEF, 0xBCEF, 0xBCEF,
    0xBCEF, 0xBCEF, 0xBCEF, 0xBCEF, 0xA40C, 0x93EB, 0xBD51, 0xC593, 0xC592, 0xC592, 0xC592, 0xC592, 0xC592, 0xC592, 0xC592, 0xC592,
    0xC592, 0xC592, 0xCD93, 0xC593, 0xC593, 0xC593, 0xC5B3, 0xCDB3, 0xC593, 0xCDB3, 0xCDB3, 0xCDB3, 0xCDB3, 0xCDB3, 0xCDB3, 0xCDB3,
    0xCDB3, 0xCDB3, 0xCDB3, 0xCDB3, 0xCDB3, 0xCDB3, 0xCDB3, 0xCDB3, 0xCDB3, 0xCDB3, 0xCDB3, 0xCDB3, 0xCDB3, 0xCDB3, 0xCDB3, 0xCDB3,
    0xCDB3, 0xCDB3, 0xCDB3, 0xCDD3, 0xCDD3, 0xD5D3, 0xD5F3, 0xD5D3, 0xD5D3, 0xD5D3, 0xD5D3, 0xD5F3, 0xD5F3, 0xD5F3, 0xD5F3, 0xD5F3,
    0xD5F3, 0xD5F3, 0xDE14, 0xDE14, 0xDE34, 0xDE34, 0xDE34, 0xDE54, 0xE655, 0xE675, 0xE675, 0xE695, 0xE696, 0xE6B6, 0xEED6, 0xEED7,
    0xEEF7, 0xEEF7, 0xEEF7, 0xF6F8, 0xF718, 0xF718, 0xF718, 0xF738, 0xF738, 0xF739, 0xF759, 0xFF59, 0xFF59, 0xFF79, 0xFF7A, 0xFF9A,
    0xFF9A, 0xFF9A, 0xFF9A, 0xFF9A, 0xFF9A, 0xFF9A, 0xFF9A, 0xFF9B, 0xFF9B, 0xFF9B, 0xFF9B, 0xFF7A, 0xFF7A, 0xFF9B, 0xFF9B, 0xFF9B,
    0xFF9B, 0xFF9B, 0xFF9B, 0xFF9B, 0xFF9B, 0xFF9B, 0xFF9B, 0xFF9B, 0xFF9B, 0xFF9B, 0xFF9B, 0xFF9B, 0xFF9B, 0xFF9A, 0xFF9A, 0xFF7A,
    0xFF9A, 0xFF9A, 0xFF7A, 0xFF7A, 0xFF7A, 0xFF9A, 0xFF7A, 0xFF7A, 0xFF7A, 0xFF7A, 0xFF7A, 0xFF7A, 0xFF7A, 0xFF7A, 0xFF7A, 0xFF7A,
    0xFF7A, 0xFF9B, 0xFF7A, 0xFF7A, 0xFF7A, 0xFF7A, 0xFF7A, 0xFF7A, 0xFF7A, 0xFF7A, 0xFF7A, 0xFF7A, 0xFF7A, 0xFF7A, 0xFF7A, 0xFF5A,
    0xFF5A, 0xFF5A, 0xFF5A, 0xFF5A, 0xFF5A, 0xFF5A, 0xFF5A, 0xF75A, 0xFF5A, 0xF75A, 0xF759, 0xF739, 0xF739, 0xF739, 0xF739, 0xF739,
    0xF739, 0xF739, 0xF739, 0xF739, 0xF739, 0xF739, 0xF739, 0xF739, 0xF739, 0xF739, 0xF739, 0xF73A, 0xF73A, 0xF73A, 0xF73A, 0xF73A,
    0xF73A, 0xF73A, 0xF73A, 0xF73A, 0xF73A, 0xF73A, 0xF73A, 0xF73A, 0xF73A, 0xF73A, 0xF73A, 0xF73A, 0xF73A, 0xF75A, 0xF75A, 0xF75A,
    0xC52F, 0xC52F, 0xC52F, 0xC52F, 0xC52F, 0xC530, 0xC530, 0xC530, 0xC530, 0xC510, 0xC510, 0xC50F, 0xC50F, 0xC50F, 0xC50F, 0xBD0F,
    0xC4EF, 0xBCEF, 0xBCEF, 0xBCEE, 0xBCEE, 0xBCEF, 0xBCEF, 0xBCEF, 0xBCEF, 0xBCEF, 0xBCEF, 0xBCEF, 0xBCEF, 0xBCEF, 0xBCEF, 0xBCEF,
    0xBCEF, 0xBCEF, 0xBCEF, 0xBD0F, 0x9C0C, 0x93EB, 0xC551, 0xCD93, 0xC592, 0xC592, 0xC592, 0xC592, 0xC592, 0xC593, 0xC593, 0xC593,
    0xC592, 0xC592, 0xCD93, 0xC593, 0xC593, 0xC593, 0xC593, 0xCDB3, 0xCDB3, 0xCDB3, 0xCDB3, 0xCDB3, 0xCDB3, 0xCDB3, 0xCDB3, 0xCDB3,
    0xCDB3, 0xCDB3, 0xCDB3, 0xCDB3, 0xCDB3, 0xCDB3, 0xCDB3, 0xCDB3, 0xCDB3, 0xCDB3, 0xCDB3, 0xCDB3, 0xCDB3, 0xCDB3, 0xCDB3, 0xCDB3,
    0xCDB3, 0xCDB3, 0xCDB3, 0xCDD3, 0xCDD3, 0xD5F3, 0xD5D3, 0xD5F3, 0xD5D3, 0xD5D3, 0xD5D3, 0xD5F3, 0xD5F3, 0xD5F3, 0xD5F3, 0xD5F3,
    0xD5F3, 0xD5F3, 0xDE14, 0xDE14, 0xDE34, 0xDE34, 0xDE34, 0xDE34, 0xE654, 0xE675, 0xE675, 0xE695, 0xE696, 0xE6B6, 0xE6D6, 0xEED7,
    0xEEF7, 0xEEF7, 0xEEF7, 0xF6F8, 0xF6F8, 0xF718, 0xF718, 0xF738, 0xF738, 0xF759, 0xF759, 0xFF59, 0xFF59, 0xFF79, 0xFF7A, 0xFF9A,
    0xFF9A, 0xFF9A, 0xFF9B, 0xFF9A, 0xFF9A, 0xFF9A, 0xFF9A, 0xFF9B, 0xFF9B, 0xFF9B, 0xFF9B, 0xFF7A, 0xFF7A, 0xFF9B, 0xFF9B, 0xFF9B,
    0xFF9B, 0xFF9B, 0xFF9B, 0xFF9B, 0xFF9B, 0xFF9B, 0xFF9B, 0xFF9B, 0xFF9B, 0xFF9A, 0xFF9A, 0xFF9A, 0xFF9A, 0xFF9A, 0xFF9A, 0xFF7A,
    0xFF9A, 0xFF9A, 0xFF9A, 0xFF7A, 0xFF9A, 0xFF9A, 0xFF7A, 0xFF7A, 0xFF7A, 0xFF7A, 0xFF7A, 0xFF7A, 0xFF7A, 0xFF7A, 0xFF7A, 0xFF7A,
    0xFF9A, 0xFF9A, 0xFF7A, 0xFF7A, 0xFF7A, 0xFF7A, 0xFF7A, 0xFF7A, 0xFF7A, 0xFF7A, 0xFF7A, 0xFF7A, 0xFF7A, 0xFF7A, 0xFF7A, 0xFF5A,
    0xFF5A, 0xFF5A, 0xFF5A, 0xFF5A, 0xFF5A, 0xFF5A, 0xFF5A, 0xFF5A, 0xFF5A, 0xF75A, 0xF759, 0xF739, 0xF739, 0xF739, 0xF739, 0xF739,
    0xF739, 0xF739, 0xF739, 0xF739, 0xF739, 0xF739, 0xF739, 0xF739, 0xF739, 0xF739, 0xF739, 0xF73A, 0xF73A, 0xF73A, 0xF73A, 0xF73A,
    0xF73A, 0xF73A, 0xF73A, 0xF73A, 0xF73A, 0xF73A, 0xF73A, 0xF73A, 0xF73A, 0xF73A, 0xF73A, 0xF75A, 0xF75A, 0xF75A, 0xF75A, 0xF75A,
    0xC52F, 0xC52F, 0xC52F, 0xC52F, 0xC52F, 0xC530, 0xC530, 0xC530, 0xC530, 0xC510, 0xC510, 0xC50F, 0xC50F, 0xC50F, 0xC50F, 0xBD0F,
    0xC50F, 0xBCEF, 0xBCEF, 0xBCEE, 0xBCEE, 0xBCEF, 0xBCEF, 0xBCEF, 0xBCEF, 0xBCEF, 0xBCEF, 0xBCEF, 0xBCEF, 0xBCEF, 0xBCEF, 0xBCEF,
    0xBCEF, 0xBD0F, 0xBCEF, 0xBD0F, 0xA44D, 0x9BEB, 0xB4EF, 0xC592, 0xC593, 0xC592, 0xC592, 0xC592, 0xC592, 0xC593, 0xC593, 0xC593,
    0xCD93, 0xC592, 0xC593, 0xC593, 0xC593, 0xC593, 0xC593, 0xCDB3, 0xCDB3, 0xCDB3, 0xC593, 0xCDB3, 0xCDB3, 0xCDB3, 0xCDB3, 0xCDB3,
    0xCDB3, 0xCDB3, 0xCDB3, 0xCDB3, 0xCDB3, 0xCDB3, 0xCDB3, 0xCDB3, 0xCDB3, 0xCDB3, 0xCDB3, 0xCDB3, 0xCDD3, 0xCDB3, 0xCDB3, 0xCDD3,
    0xCDD3, 0xCDB3, 0xCDB3, 0xCDD3, 0xCDD3, 0xD5D3, 0xD5F3, 0xD5F3, 0xD5D3, 0xD5D3, 0xD5D3, 0xD5F3, 0xD5F3, 0xD5F3, 0xD5F3, 0xD5F3,
    0xD5F3, 0xD5F3, 0xDE14, 0xDE14, 0xDE34, 0xDE34, 0xDE34, 0xDE34, 0xE654, 0xE675, 0xE675, 0xE695, 0xE696, 0xE6B6, 0xEED6, 0xEED7,
    0xEEF7, 0xEEF7, 0xEEF7, 0xF6F8, 0xF6F8, 0xF718, 0xF718, 0xF738, 0xF738, 0xF759, 0xF759, 0xFF59, 0xFF59, 0xFF79, 0xFF7A, 0xFF7A,
    0xFF9A, 0xFF9A, 0xFF9B, 0xFF9A, 0xFF9A, 0xFF9A, 0xFF9A, 0xFF9B, 0xFF9B, 0xFF9B, 0xFF9B, 0xFF9B, 0xFF7A, 0xFF9B, 0xFF9B, 0xFF9B,
    0xFF9B, 0xFF9B, 0xFF9B, 0xFF9B, 0xFF9B, 0xFF9B, 0xFF9A, 0xFF9B, 0xFF9B, 0xFF9A, 0xFF9A, 0xFF9A, 0xFF9A, 0xFF9A, 0xFF9A, 0xFF9A,
    0xFF9A, 0xFF9A, 0xFF9A, 0xFF9A, 0xFF9A, 0xFF9A, 0xFF9A, 0xFF9A, 0xFF7A, 0xFF7A, 0xFF7A, 0xFF7A, 0xFF7A, 0xFF7A, 0xFF9A, 0xFF7A,
    0xFF7A, 0xFF7A, 0xFF7A, 0xFF7A, 0xFF7A, 0xFF7A, 0xFF7A, 0xFF7A, 0xFF7A, 0xFF7A, 0xFF7A, 0xFF7A, 0xFF7A, 0xFF7A, 0xFF7A, 0xFF5A,
    0xFF5A, 0xFF5A, 0xFF5A, 0xFF5A, 0xFF5A, 0xFF59, 0xF759, 0xFF5A, 0xF75A, 0xF75A, 0xF75A, 0xF739, 0xF739, 0xF739, 0xF739, 0xF739,
    0xF739, 0xF739, 0xF739, 0xF739, 0xF739, 0xF739, 0xF739, 0xF739, 0xF739, 0xF739, 0xF73A, 0xF73A, 0xF73A, 0xF73A, 0xF73A, 0xF73A,
    0xF73A, 0xF73A, 0xF73A, 0xF73A, 0xF73A, 0xF73A, 0xF73A, 0xF73A, 0xF73A, 0xF73A, 0xF73A, 0xF75A, 0xF75A, 0xF75A, 0xF75A, 0xF75A,
    0xC52F, 0xC50F, 0xC52F, 0xC52F, 0xC52F, 0xC52F, 0xC530, 0xC530, 0xC50F, 0xC530, 0xC530, 0xC530, 0xC50F, 0xC50F, 0xC50F, 0xBD0F,
    0xBD0F, 0xBD0F, 0xBCEF, 0xBCEF, 0xBCEE, 0xBCEF, 0xBCEF, 0xBD0F, 0xBCEF, 0xBCEF, 0xBCEF, 0xBCEF, 0xBCEF, 0xBD0F, 0xBD0F, 0xBCEF,
    0xBCEF, 0xBD0F, 0xBD0F, 0xBCEF, 0xC50F, 0xA44D, 0x93EC, 0xBD31, 0xCDB3, 0xC592, 0xC593, 0xCD93, 0xCD93, 0xCDB3, 0xCDB3, 0xC593,
    0xCDB3, 0xC593, 0xC593, 0xC593, 0xC593, 0xC593, 0xCDB3, 0xCDB3, 0xCDB3, 0xCDB3, 0xCDB3, 0xCDB3, 0xCDB3, 0xCDB3, 0xCDB3, 0xCDB3,
    0xCDB3, 0xCDB3, 0xCDB3, 0xCDB3, 0xCDB3, 0xCDB3, 0xCDB3, 0xCDB3, 0xCDB3, 0xCDB3, 0xCDB3, 0xCDB3, 0xCDB3, 0xCDB3, 0xCDB3, 0xCDD3,
    0xCDB3, 0xCDD3, 0xCDD3, 0xCDD3, 0xCDD3, 0xD5D3, 0xD5F3, 0xD5F3, 0xD5D3, 0xD5D3, 0xD5D3, 0xD5F3, 0xD5F3, 0xD5F3, 0xD5F3, 0xD5F3,
    0xD5F3, 0xD613, 0xDE14, 0xDE14, 0xDE34, 0xDE34, 0xDE34, 0xDE54, 0xE654, 0xE675, 0xE675, 0xE696, 0xE696, 0xE6B6, 0xE6B6, 0xEED7,
    0xEEF7, 0xEEF7, 0xEEF7, 0xF6F8, 0xF6F8, 0xF718, 0xF718, 0xF738, 0xF738, 0xF759, 0xF759, 0xFF59, 0xFF59, 0xFF59, 0xFF7A, 0xFF7A,
    0xFF7A, 0xFF9A, 0xFF9A, 0xFF9A, 0xFF9A, 0xFF9A, 0xFF9B, 0xFF9B, 0xFF9B, 0xFF9B, 0xFF9B, 0xFF7A, 0xFF7A, 0xFF7A, 0xFF9A, 0xFF9A,
    0xFF9A, 0xFF9A, 0xFF9A, 0xFF9A, 0xFF9A, 0xFF9B, 0xFF9B, 0xFF9A, 0xFF9A, 0xFF9B, 0xFF9A, 0xFF9A, 0xFF9A, 0xFF9A, 0xFF9A, 0xFF9A,
    0xFF9A, 0xFF9A, 0xFF9A, 0xFF9A, 0xFF9A, 0xFF9A, 0xFF9A, 0xFF7A, 0xFF7A, 0xFF7A, 0xFF7A, 0xFF7A, 0xFF7A, 0xFF7A, 0xFF7A, 0xFF7A,
    0xFF7A, 0xFF7A, 0xFF7A, 0xFF7A, 0xFF7A, 0xFF7A, 0xFF7A, 0xFF7A, 0xFF7A, 0xFF7A, 0xFF7A, 0xFF5A, 0xFF5A, 0xFF7A, 0xFF7A, 0xFF5A,
    0xFF5A, 0xFF5A, 0xFF5A, 0xFF5A, 0xFF5A, 0xF759, 0xFF5A, 0xFF5A, 0xF75A, 0xF75A, 0xF759, 0xF739, 0xF739, 0xF739, 0xF739, 0xF739,
    0xF739, 0xF739, 0xF739, 0xF739, 0xF739, 0xF739, 0xF739, 0xF739, 0xF739, 0xF739, 0xF739, 0xF73A, 0xF73A, 0xF73A, 0xF73A, 0xF73A,
    0xF73A, 0xF73A, 0xF73A, 0xF73A, 0xF73A, 0xF73A, 0xF73A, 0xF73A, 0xF73A, 0xF73A, 0xF73A, 0xF75A, 0xF75A, 0xF75A, 0xF75A, 0xF75A,
    0xC52F, 0xC50F, 0xC52F, 0xC52F, 0xC52F, 0xC52F, 0xC530, 0xC530, 0xC530, 0xC530, 0xC530, 0xC530, 0xC530, 0xC50F, 0xC50F, 0xC50F,
    0xC50F, 0xC50F, 0xBCEF, 0xBCEF, 0xBCEE, 0xC4EF, 0xBCEF, 0xBD0F, 0xBD0F, 0xBCEF, 0xBCEF, 0xBCEF, 0xBCEF, 0xBD0F, 0xBD0F, 0xBD0F,
    0xBD0F, 0xBD0F, 0xBD0F, 0xC50F, 0xC50F, 0xA44D, 0x93EC, 0xBD31, 0xCDB3, 0xC592, 0xC593, 0xCD93, 0xCD93, 0xCDB3, 0xCDB3, 0xCDB3,
    0xCDB3, 0xC593, 0xCDB3, 0xCDB3, 0xCDB3, 0xCDB3, 0xCDB3, 0xCDB3, 0xCDB3, 0xCDB3, 0xCDB3, 0xCDB3, 0xCDB3, 0xCDB3, 0xCDB3, 0xCDB3,
    0xCDB3, 0xCDB3, 0xCDB3, 0xCDB3, 0xCDB3, 0xCDB3, 0xCDB3, 0xCDB3, 0xCDB3, 0xCDB3, 0xCDB3, 0xCDB3, 0xCDB3, 0xCDB3, 0xCDB3, 0xCDD3,
    0xCDB3, 0xCDD3, 0xCDD3, 0xCDD3, 0xCDD3, 0xD5D3, 0xD5F3, 0xD5F3, 0xD5D3, 0xD5D3, 0xD5D3, 0xD5F3, 0xD5F3, 0xD5F3, 0xD5F3, 0xD5F3,
    0xD5F3, 0xD613, 0xDE13, 0xDE14, 0xDE34, 0xDE34, 0xDE34, 0xDE34, 0xE654, 0xE675, 0xE675, 0xE695, 0xE696, 0xE6B6, 0xE6D6, 0xEED7,
    0xEEF7, 0xEEF7, 0xEEF7, 0xF718, 0xF6F8, 0xF718, 0xF718, 0xF738, 0xF738, 0xF759, 0xF759, 0xFF59, 0xFF59, 0xFF79, 0xFF7A, 0xFF7A,
    0xFF9A, 0xFF9A, 0xFF9A, 0xFF9A, 0xFF9A, 0xFF9A, 0xFF9A, 0xFF9B, 0xFF9B, 0xFF9B, 0xFF9B, 0xFF9B, 0xFF7B, 0xFF9A, 0xFF9A, 0xFF9A,
    0xFF9A, 0xFF9A, 0xFF9A, 0xFF9A, 0xFF9A, 0xFF9A, 0xFF9B, 0xFF9A, 0xFF9A, 0xFF9B, 0xFF9A, 0xFF9A, 0xFF9A, 0xFF9A, 0xFF9A, 0xFF9A,
    0xFF9A, 0xFF9A, 0xFF9A, 0xFF9A, 0xFF9A, 0xFF9A, 0xFF9A, 0xFF7A, 0xFF9A, 0xFF7A, 0xFF7A, 0xFF7A, 0xFF7A, 0xFF7A, 0xFF7A, 0xFF7A,
    0xFF7A, 0xFF7A, 0xFF7A, 0xFF7A, 0xFF7A, 0xFF7A, 0xFF7A, 0xFF7A, 0xFF7A, 0xFF7A, 0xFF7A, 0xFF5A, 0xFF5A, 0xFF7A, 0xFF5A, 0xFF5A,
    0xFF5A, 0xFF5A, 0xFF5A, 0xFF5A, 0xFF5A, 0xF759, 0xFF5A, 0xFF5A, 0xF75A, 0xF75A, 0xF75A, 0xF739, 0xF739, 0xF739, 0xF739, 0xF739,
    0xF739, 0xF739, 0xF739, 0xF739, 0xF739, 0xF739, 0xF739, 0xF739, 0xF739, 0xF739, 0xF739, 0xF73A, 0xF73A, 0xF73A, 0xF73A, 0xF73A,
    0xF73A, 0xF73A, 0xF73A, 0xF73A, 0xF73A, 0xF73A, 0xF73A, 0xF75A, 0xF75A, 0xF75A, 0xF75A, 0xF75A, 0xF75A, 0xF75A, 0xF75A, 0xF75A,
    0xC52F, 0xC52F, 0xC52F, 0xC52F, 0xC52F, 0xC52F, 0xC530, 0xC530, 0xC530, 0xC530, 0xC530, 0xC530, 0xC530, 0xC50F, 0xC50F, 0xC50F,
    0xC50F, 0xC50F, 0xBCEF, 0xBCEF, 0xBCEE, 0xBCEF, 0xBCEF, 0xBD0F, 0xBD0F, 0xBCEF, 0xBCEF, 0xBCEF, 0xBCEF, 0xBD0F, 0xBD0F, 0xBD0F,
    0xBD0F, 0xBD0F, 0xBD0F, 0xC50F, 0xC52F, 0xA44D, 0x93EC, 0xBD31, 0xCDB3, 0xC592, 0xC592, 0xC592, 0xCD93, 0xCDB3, 0xCDB3, 0xCDB3,
    0xCDB3, 0xC593, 0xCDB3, 0xCDB3, 0xCDB3, 0xCDB3, 0xCDB3, 0xCDB3, 0xCDB3, 0xCDB3, 0xCDB3, 0xCDB3, 0xCDB3, 0xCDB3, 0xCDB3, 0xCDB3,
    0xCDB3, 0xCDB3, 0xCDB3, 0xCDB3, 0xCDB3, 0xCDB3, 0xCDB3, 0xCDB3, 0xCDB3, 0xCDB3, 0xCDB3, 0xCDB3, 0xCDB3, 0xCDB3, 0xCDB3, 0xCDB3,
    0xCDB3, 0xCDB3, 0xCDB3, 0xCDB3, 0xCDD3, 0xCDD3, 0xD5F3, 0xD5F3, 0xD5D3, 0xD5D3, 0xD5F3, 0xD5F3, 0xD5F3, 0xD5F3, 0xD5F3, 0xD5F3,
    0xD5F3, 0xD613, 0xDE14, 0xDE14, 0xDE34, 0xDE34, 0xDE34, 0xDE34, 0xDE54, 0xE675, 0xE675, 0xE695, 0xE696, 0xE6B6, 0xEED6, 0xEED7,
    0xEEF7, 0xEEF7, 0xEEF7, 0xF6F8, 0xEEF8, 0xF718, 0xF718, 0xF738, 0xF738, 0xF739, 0xF759, 0xFF59, 0xFF59, 0xFF79, 0xFF7A, 0xFF7A,
    0xFF9A, 0xFF9A, 0xFF9A, 0xFF9A, 0xFF9A, 0xFF9A, 0xFF9A, 0xFF9B, 0xFF9B, 0xFF9B, 0xFF9B, 0xFF9B, 0xFF9B, 0xFF9A, 0xFF9A, 0xFF9A,
    0xFF9A, 0xFF9A, 0xFF9B, 0xFF9B, 0xFF9A, 0xFF9A, 0xFF9A, 0xFF9A, 0xFF9A, 0xFF9A, 0xFF9A, 0xFF9A, 0xFF9A, 0xFF9A, 0xFF9A, 0xFF9A,
    0xFF9A, 0xFF9A, 0xFF9A, 0xFF9A, 0xFF9A, 0xFF9A, 0xFF9A, 0xFF9A, 0xFF7A, 0xFF7A, 0xFF7A, 0xFF7A, 0xFF7A, 0xFF7A, 0xFF7A, 0xFF7A,
    0xFF7A, 0xFF7A, 0xFF7A, 0xFF7A, 0xFF7A, 0xFF7A, 0xFF7A, 0xFF7A, 0xFF7A, 0xFF5A, 0xFF7A, 0xFF5A, 0xFF5A, 0xFF5A, 0xFF7A, 0xFF7A,
    0xFF5A, 0xFF5A, 0xFF5A, 0xFF5A, 0xFF5A, 0xF759, 0xF75A, 0xF75A, 0xF75A, 0xF75A, 0xF75A, 0xF739, 0xF739, 0xF739, 0xF739, 0xF739,
    0xF739, 0xF739, 0xF739, 0xF739, 0xF739, 0xF739, 0xF739, 0xF739, 0xF73A, 0xF73A, 0xF73A, 0xF73A, 0xF73A, 0xF73A, 0xF73A, 0xF73A,
    0xF73A, 0xF73A, 0xF73A, 0xF73A, 0xF73A, 0xF73A, 0xF73A, 0xF75A, 0xF75A, 0xF75A, 0xF75A, 0xF75A, 0xF75A, 0xF75A, 0xF75A, 0xF75A,
    0xC52F, 0xC52F, 0xC52F, 0xC52F, 0xC50F, 0xC52F, 0xC530, 0xC530, 0xC530, 0xC530, 0xC530, 0xC530, 0xC50F, 0xC50F, 0xC50F, 0xC50F,
    0xC50F, 0xBD0F, 0xBCEF, 0xBCEF, 0xBCEF, 0xBCEF, 0xBD0F, 0xBD0F, 0xBCEF, 0xBCEF, 0xBCEF, 0xBCEF, 0xBCEF, 0xBD0F, 0xBD0F, 0xBD0F,
    0xBD0F, 0xBD0F, 0xC50F, 0xC50F, 0xC50F, 0xA44D, 0x93EC, 0xBD31, 0xCDB3, 0xC592, 0xC592, 0xC592, 0xC593, 0xCDB3, 0xCDB3, 0xCDB3,
    0xCDB3, 0xCD93, 0xCDB3, 0xCDB3, 0xCDB3, 0xCDB3, 0xCDB3, 0xCDB3, 0xCDB3, 0xCDB3, 0xCDB3, 0xCDB3, 0xCDB3, 0xCDB3, 0xCDB3, 0xCDB3,
    0xCDB3, 0xCDB3, 0xCDB3, 0xCDB3, 0xCDB3, 0xCDB3, 0xCDB3, 0xCDB3, 0xCDB3, 0xCDB3, 0xCDB3, 0xCDB3, 0xCDB3, 0xCDB3, 0xCDB3, 0xCDB3,
    0xCDB3, 0xCDB3, 0xCDB3, 0xCDB3, 0xCDD3, 0xCDD3, 0xD5D3, 0xD5D3, 0xD5D3, 0xD5D3, 0xD5F3, 0xD5F3, 0xD5F3, 0xD5F3, 0xD5F3, 0xD5F3,
    0xD5F3, 0xD5F3, 0xD613, 0xDE13, 0xDE34, 0xDE34, 0xDE34, 0xDE34, 0xDE54, 0xE675, 0xE675, 0xE675, 0xE696, 0xE696, 0xEED6, 0xEED7,
    0xEEF7, 0xEEF7, 0xEEF7, 0xF718, 0xF6F8, 0xF718, 0xF718, 0xF718, 0xF738, 0xF739, 0xF759, 0xFF59, 0xFF59, 0xFF79, 0xFF7A, 0xFF7A,
    0xFF9A, 0xFF9A, 0xFF9A, 0xFF9A, 0xFF9A, 0xFF9A, 0xFF9A, 0xFF9B, 0xFF9B, 0xFF9B, 0xFF9B, 0xFF9B, 0xFF9B, 0xFF9A, 0xFF9A, 0xFF9A,
    0xFF9B, 0xFF9B, 0xFF9B, 0xFF9A, 0xFF9B, 0xFF9A, 0xFF9A, 0xFF9A, 0xFF9A, 0xFF9A, 0xFF9A, 0xFF9A, 0xFF9A, 0xFF9A, 0xFF9A, 0xFF9A,
    0xFF9B, 0xFF9B, 0xFF9A, 0xFF9A, 0xFF9A, 0xFF9A, 0xFF9A, 0xFF9A, 0xFF7A, 0xFF7A, 0xFF7A, 0xFF7A, 0xFF7A, 0xFF7A, 0xFF7A, 0xFF7A,
    0xFF7A, 0xFF7A, 0xFF7A, 0xFF7A, 0xFF7A, 0xFF7A, 0xFF7A, 0xFF7A, 0xFF7A, 0xFF5A, 0xFF7A, 0xFF5A, 0xFF5A, 0xFF7A, 0xFF7A, 0xFF5A,
    0xFF5A, 0xFF5A, 0xFF5A, 0xFF5A, 0xFF5A, 0xF75A, 0xF75A, 0xF75A, 0xF75A, 0xF75A, 0xF75A, 0xF739, 0xF739, 0xF739, 0xF739, 0xF739,
    0xF739, 0xF739, 0xF739, 0xF739, 0xF739, 0xF739, 0xF739, 0xF739, 0xF73A, 0xF73A, 0xF73A, 0xF73A, 0xF73A, 0xF73A, 0xF73A, 0xF73A,
    0xF73A, 0xF73A, 0xF73A, 0xF73A, 0xF73A, 0xF75A, 0xF75A, 0xF75A, 0xF75A, 0xF75A, 0xF75A, 0xF75A, 0xF75A, 0xF75A, 0xF75A, 0xF75A,
    0xC52F, 0xC52F, 0xC52F, 0xC52F, 0xC52F, 0xC530, 0xC530, 0xC530, 0xC530, 0xC530, 0xC530, 0xC530, 0xC50F, 0xC50F, 0xC50F, 0xC50F,
    0xC50F, 0xC50F, 0xBCEF, 0xBCEF, 0xBCEF, 0xBCEF, 0xBD0F, 0xBCEF, 0xBCEF, 0xBCEF, 0xBCEF, 0xBCEF, 0xBCEF, 0xBD0F, 0xBD0F, 0xBD0F,
    0xBD0F, 0xBD0F, 0xC50F, 0xC4EF, 0xC50F, 0xA44D, 0x93EC, 0xBD31, 0xCDB3, 0xCD93, 0xC593, 0xC592, 0xC593, 0xCDB3, 0xCDB3, 0xCDB3,
    0xCDB3, 0xCDB3, 0xCDB3, 0xCDB3, 0xCDB3, 0xCDB3, 0xCDB3, 0xCDB3, 0xCDB3, 0xCDB3, 0xCDB3, 0xCDB3, 0xCDB3, 0xCDB3, 0xCDB3, 0xCDB3,
    0xCDB3, 0xCDB3, 0xCDB3, 0xCDB3, 0xCDB3, 0xCDB3, 0xCDB3, 0xCDB3, 0xCDB3, 0xCDB3, 0xCDB3, 0xCDD3, 0xCDB3, 0xCDB3, 0xCDB3, 0xCDB3,
    0xCDB3, 0xCDB3, 0xCDB3, 0xCDD3, 0xCDD3, 0xCDD3, 0xD5D3, 0xD5D3, 0xD5D3, 0xD5D3, 0xD5D3, 0xD5F3, 0xD5F3, 0xD5F3, 0xD5F3, 0xD5F3,
    0xD5F3, 0xD5F3, 0xD613, 0xDE13, 0xDE34, 0xDE34, 0xDE34, 0xDE34, 0xDE54, 0xDE75, 0xE675, 0xE675, 0xE696, 0xE6B6, 0xEED6, 0xEEF7,
    0xEEF7, 0xEEF7, 0xEEF7, 0xF718, 0xF6F8, 0xF718, 0xF718, 0xF718, 0xF738, 0xF739, 0xF759, 0xFF59, 0xFF59, 0xFF79, 0xFF7A, 0xFF7A,
    0xFF9A, 0xFF9A, 0xFF9A, 0xFF9A, 0xFF9A, 0xFF9A, 0xFF9A, 0xFF9B, 0xFF9B, 0xFF9A, 0xFF9A, 0xFF9B, 0xFF9A, 0xFF9A, 0xFF9A, 0xFF9A,
    0xFF9A, 0xFF9A, 0xFF9A, 0xFF9A, 0xFF9A, 0xFF9A, 0xFF9A, 0xFF9A, 0xFF9A, 0xFF9A, 0xFF9A, 0xFF9A, 0xFF9A, 0xFF9A, 0xFF9A, 0xFF9A,
    0xFF9A, 0xFF9A, 0xFF9A, 0xFF9A, 0xFF9A, 0xFF9A, 0xFF9A, 0xFF9A, 0xFF7A, 0xFF7A, 0xFF7A, 0xFF7A, 0xFF7A, 0xFF7A, 0xFF7A, 0xFF7A,
    0xFF7A, 0xFF7A, 0xFF7A, 0xFF7A, 0xFF7A, 0xFF7A, 0xFF7A, 0xFF7A, 0xFF7A, 0xFF5A, 0xFF5A, 0xFF5A, 0xFF5A, 0xFF7A, 0xFF5A, 0xFF5A,
    0xFF5A, 0xFF5A, 0xFF5A, 0xFF5A, 0xFF5A, 0xF75A, 0xF75A, 0xF75A, 0xF75A, 0xF75A, 0xF75A, 0xF759, 0xF739, 0xF739, 0xF739, 0xF739,
    0xF739, 0xF739, 0xF739, 0xF739, 0xF739, 0xF739, 0xF739, 0xF739, 0xF73A, 0xF73A, 0xF73A, 0xF73A, 0xF73A, 0xF73A, 0xF73A, 0xF73A,
    0xF75A, 0xF75A, 0xF73A, 0xF73A, 0xF73A, 0xF73A, 0xF75A, 0xF75A, 0xF75A, 0xF75A, 0xF75A, 0xF75A, 0xF75A, 0xF75A, 0xF75A, 0xF75A,
    0xC530, 0xC530, 0xC530, 0xC530, 0xC530, 0xC530, 0xC530, 0xC530, 0xC530, 0xC530, 0xC530, 0xC530, 0xC50F, 0xC50F, 0xC50F, 0xC50F,
    0xC50F, 0xC50F, 0xBCEF, 0xBCEF, 0xBCEF, 0xBCEF, 0xBD0F, 0xBD0F, 0xBCEF, 0xBCEF, 0xBCEF, 0xBCEF, 0xBCEF, 0xBD0F, 0xBD0F, 0xBCEF,
    0xBD0F, 0xBD0F, 0xBD0F, 0xC50F, 0xC52F, 0xA44D, 0x93EC, 0xBD31, 0xCDB3, 0xC592, 0xC593, 0xC593, 0xC593, 0xCDB3, 0xCDB3, 0xCDB3,
    0xCDB3, 0xCDB3, 0xCDB3, 0xCDB3, 0xCDB3, 0xCDB3, 0xCDB3, 0xCDB3, 0xCDB3, 0xCDB3, 0xCDB3, 0xCDB3, 0xCDB3, 0xCDB3, 0xCDB3, 0xCDB3,
    0xCDB3, 0xCDB3, 0xCDB3, 0xCDB3, 0xCDB3, 0xCDB3, 0xCDB3, 0xCDB3, 0xCDB3, 0xCDB3, 0xCDB3, 0xCDB3, 0xCDB3, 0xCDB3, 0xCDB3, 0xCDB3,
    0xCDB3, 0xCDB3, 0xCDB3, 0xCDB3, 0xCDD3, 0xCDD3, 0xD5D3, 0xD5D3, 0xD5D3, 0xD5D3, 0xD5D3, 0xD5F3, 0xD5F3, 0xD5F3, 0xD5F3, 0xD5F3,
    0xD5F3, 0xD5F3, 0xD613, 0xDE13, 0xDE34, 0xDE34, 0xDE34, 0xDE34, 0xDE55, 0xE675, 0xE675, 0xE675, 0xE696, 0xE696, 0xEEB6, 0xEED7,
    0xEEF7, 0xEEF7, 0xEEF7, 0xF718, 0xF718, 0xF718, 0xF718, 0xF738, 0xF738, 0xF759, 0xF759, 0xFF59, 0xFF59, 0xFF79, 0xFF7A, 0xFF9A,
    0xFF9A, 0xFF9A, 0xFF9A, 0xFF9A, 0xFF9A, 0xFF9A, 0xFF9A, 0xFF9B, 0xFF9A, 0xFF9A, 0xFF9A, 0xFF9A, 0xFF9A, 0xFF9A, 0xFF9A, 0xFF9A,
    0xFF9A, 0xFF9A, 0xFF9A, 0xFF9A, 0xFF9B, 0xFFBB, 0xFFBB, 0xFFBB, 0xFFBB, 0xFF9A, 0xFF7A, 0xFF7A, 0xFF7A, 0xFF7A, 0xFF9A, 0xFF9A,
    0xFF9A, 0xFF7A, 0xFF9A, 0xFF9A, 0xFF9A, 0xFF9A, 0xFF9A, 0xFF9A, 0xFF9A, 0xFF7A, 0xFF7A, 0xFF7A, 0xFF7A, 0xFF7A, 0xFF7A, 0xFF7A,
    0xFF7A, 0xFF7A, 0xFF7A, 0xFF7A, 0xFF7A, 0xFF7A, 0xFF7A, 0xFF7A, 0xFF7A, 0xFF7A, 0xFF7A, 0xFF5A, 0xFF5A, 0xFF5A, 0xFF5A, 0xFF5A,
    0xFF5A, 0xFF5A, 0xFF5A, 0xFF5A, 0xFF5A, 0xF75A, 0xF75A, 0xF75A, 0xF75A, 0xF75A, 0xF75A, 0xF739, 0xF739, 0xF739, 0xF739, 0xF739,
    0xF739, 0xF739, 0xF739, 0xF739, 0xF739, 0xF739, 0xF739, 0xF739, 0xF73A, 0xF73A, 0xF73A, 0xF73A, 0xF73A, 0xF73A, 0xF73A, 0xF73A,
    0xF73A, 0xF73A, 0xF73A, 0xF73A, 0xF73A, 0xF73A, 0xF75A, 0xF75A, 0xF75A, 0xF75A, 0xF75A, 0xF75A, 0xF75A, 0xF75A, 0xF75A, 0xF75A,
    0xC530, 0xC530, 0xC530, 0xC530, 0xC530, 0xC530, 0xC530, 0xC530, 0xC530, 0xC530, 0xC530, 0xC530, 0xC50F, 0xC50F, 0xC50F, 0xC50F,
    0xC50F, 0xC50F, 0xBD0F, 0xBCEF, 0xBCEF, 0xBCEF, 0xBD0F, 0xBD0F, 0xBCEF, 0xBCEF, 0xBCEF, 0xBCEF, 0xBCEF, 0xBCEF, 0xBCEF, 0xBCEF,
    0xBD0F, 0xBD0F, 0xBD0F, 0xBD0F, 0xC50F, 0xA42C, 0x93CB, 0xBD51, 0xCDB3, 0xC592, 0xC593, 0xC593, 0xC593, 0xC593, 0xCDB3, 0xCDB3,
    0xCDB3, 0xCDB3, 0xCDB3, 0xCDB3, 0xCDB3, 0xCDB3, 0xCDB3, 0xCDB3, 0xCDB3, 0xCDB3, 0xCDB3, 0xCDB3, 0xCDB3, 0xCDB3, 0xCDB3, 0xCDB3,
    0xCDB3, 0xCDB3, 0xCDB3, 0xCDB3, 0xCDB3, 0xCDB3, 0xCDB3, 0xCDB3, 0xCDB3, 0xCDB3, 0xCDB3, 0xCDB3, 0xCDB3, 0xCDB3, 0xCDB3, 0xCDB3,
    0xCDB3, 0xCDB3, 0xCDB3, 0xCDB3, 0xCDD3, 0xCDD3, 0xD5D3, 0xD5D3, 0xD5D3, 0xD5D3, 0xD5D3, 0xD5F3, 0xD5F3, 0xD5F3, 0xD5F3, 0xD5F3,
    0xD5F3, 0xD5F3, 0xD613, 0xDE13, 0xDE14, 0xDE34, 0xDE34, 0xDE34, 0xDE55, 0xE675, 0xE675, 0xE675, 0xE696, 0xE696, 0xEEB6, 0xEED7,
    0xEEF7, 0xEEF7, 0xEEF7, 0xF718, 0xF718, 0xF718, 0xF718, 0xF738, 0xF738, 0xF759, 0xF759, 0xFF59, 0xFF59, 0xFF79, 0xFF7A, 0xFF9A,
    0xFF9A, 0xFF9A, 0xFF9A, 0xFF9A, 0xFF9A, 0xFF9A, 0xFF9B, 0xFF9A, 0xFF9A, 0xFF9A, 0xFF9A, 0xFF9A, 0xFF9A, 0xFF9A, 0xFF9A, 0xFF9A,
    0xFF9A, 0xFF9A, 0xFF9A, 0xFF9A, 0xF77A, 0xEF19, 0xEF19, 0xEF19, 0xE6F8, 0xF77A, 0xFFFB, 0xFFDB, 0xFFDB, 0xFFDB, 0xFF9A, 0xFF9A,
    0xFF9A, 0xFF9A, 0xFF9A, 0xFF9A, 0xFF9A, 0xFF9A, 0xFF9A, 0xFF9A, 0xFF9A, 0xFF7A, 0xFF7A, 0xFF7A, 0xFF7A, 0xFF7A, 0xFF7A, 0xFF7A,
    0xFF7A, 0xFF7A, 0xFF7A, 0xFF7A, 0xFF7A, 0xFF7A, 0xFF7A, 0xFF7A, 0xFF7A, 0xFF7A, 0xFF7A, 0xFF5A, 0xFF5A, 0xFF5A, 0xFF5A, 0xFF5A,
    0xFF5A, 0xFF5A, 0xFF5A, 0xF75A, 0xF75A, 0xF75A, 0xF75A, 0xF75A, 0xF75A, 0xF75A, 0xF75A, 0xF739, 0xF739, 0xF739, 0xF739, 0xF739,
    0xF739, 0xF739, 0xF739, 0xF739, 0xF739, 0xF739, 0xF739, 0xF739, 0xF739, 0xF73A, 0xF73A, 0xF73A, 0xF73A, 0xF73A, 0xF73A, 0xF73A,
    0xF73A, 0xF73A, 0xF73A, 0xF73A, 0xF73A, 0xF73A, 0xF75A, 0xF75A, 0xF75A, 0xF75A, 0xF75A, 0xF75A, 0xF75A, 0xF75A, 0xF75A, 0xF75A,
    0xC530, 0xC530, 0xC530, 0xC530, 0xC530, 0xC530, 0xC530, 0xC530, 0xC530, 0xC50F, 0xC50F, 0xC530, 0xC50F, 0xC50F, 0xC50F, 0xC50F,
    0xC50F, 0xC50F, 0xBD0F, 0xBCEF, 0xBCEF, 0xBCEF, 0xBD0F, 0xBCEF, 0xBCEF, 0xBCEF, 0xBCEF, 0xBCEF, 0xBCEF, 0xBCEF, 0xBCEF, 0xBCEF,
    0xBCEF, 0xBCEF, 0xBD0F, 0xBCEF, 0xC50F, 0xB4AE, 0x9BEB, 0xAC8F, 0xCD93, 0xCD93, 0xC593, 0xC593, 0xC593, 0xC593, 0xCDB3, 0xCDB3,
    0xCDB3, 0xCDB3, 0xCDB3, 0xCDB3, 0xCDB3, 0xCDB3, 0xCDB3, 0xCDB3, 0xCDB3, 0xCDB3, 0xCDB3, 0xCDB3, 0xCDB3, 0xCDB3, 0xCDB3, 0xCDB3,
    0xCDB3, 0xCDB3, 0xCDB3, 0xCDB3, 0xCDB3, 0xCDB3, 0xCDB3, 0xCDB3, 0xCDB3, 0xCDB3, 0xCDB3, 0xCDB3, 0xCDB3, 0xCDB3, 0xCDB3, 0xCDB3,
    0xCDB3, 0xCDB3, 0xCDB3, 0xCDB3, 0xCDD3, 0xCDD3, 0xD5D3, 0xD5D3, 0xD5D3, 0xD5D3, 0xD5D3, 0xD5F3, 0xD5F3, 0xD5F3, 0xD5F3, 0xD5F3,
    0xD5F3, 0xD5F3, 0xD5F3, 0xDE14, 0xDE14, 0xDE34, 0xDE34, 0xDE34, 0xDE54, 0xDE55, 0xE655, 0xE675, 0xE696, 0xE696, 0xEEB6, 0xEED7,
    0xEEF7, 0xEEF7, 0xEEF7, 0xF718, 0xF718, 0xF718, 0xF718, 0xF738, 0xF738, 0xF759, 0xF759, 0xF759, 0xFF79, 0xFF79, 0xFF7A, 0xFF7A,
    0xFF9A, 0xFF9A, 0xFF9A, 0xFF9A, 0xFF9A, 0xFF9A, 0xFF9B, 0xFF9A, 0xFF9A, 0xFF9A, 0xFF9A, 0xFF9A, 0xFF9A, 0xFF9A, 0xFF9A, 0xFF9A,
    0xFF7A, 0xFF7A, 0xF77A, 0xFFFC, 0x9C8F, 0x20C2, 0x3144, 0x2943, 0x20C2, 0x83ED, 0xDEB7, 0xD656, 0xCE36, 0xD656, 0xF759, 0xFF7A,
    0xFF7A, 0xFF9A, 0xFF9A, 0xFF9A, 0xFF9A, 0xFF9A, 0xFF9A, 0xFF9A, 0xFF9A, 0xFF9A, 0xFF9A, 0xFF9A, 0xFF7A, 0xFF7A, 0xFF9A, 0xFF7A,
    0xFF7A, 0xFF7A, 0xFF7A, 0xFF7A, 0xFF7A, 0xFF7A, 0xFF7A, 0xFF7A, 0xFF7A, 0xFF7A, 0xFF7A, 0xFF5A, 0xFF5A, 0xFF5A, 0xFF5A, 0xFF5A,
    0xFF5A, 0xFF5A, 0xFF5A, 0xF75A, 0xF75A, 0xF75A, 0xF75A, 0xF75A, 0xF75A, 0xF75A, 0xF759, 0xF739, 0xF739, 0xF739, 0xF739, 0xF739,
    0xF739, 0xF739, 0xF739, 0xF739, 0xF739, 0xF73A, 0xF739, 0xF739, 0xF73A, 0xF73A, 0xF73A, 0xF73A, 0xF73A, 0xF73A, 0xF75A, 0xF75A,
    0xF75A, 0xF75A, 0xF73A, 0xF73A, 0xF73A, 0xF73A, 0xF75A, 0xF75A, 0xF75A, 0xF75A, 0xF75A, 0xF75A, 0xF75A, 0xF75A, 0xF75A, 0xF75A,
    0xC530, 0xC530, 0xC530, 0xC530, 0xC530, 0xC530, 0xC530, 0xC530, 0xC530, 0xC530, 0xC530, 0xC530, 0xC50F, 0xC50F, 0xC50F, 0xC50F,
    0xC50F, 0xC50F, 0xBD0F, 0xBCEF, 0xBCEF, 0xBCEF, 0xBD0F, 0xBCEF, 0xBCEF, 0xBCEF, 0xBCEF, 0xBCEF, 0xBCEF, 0xBCEF, 0xBCEF, 0xBCEF,
    0xBCEF, 0xBCEF, 0xBCEF, 0xBCEF, 0xBD0F, 0xBD0F, 0x9C0C, 0x9C0C, 0xC592, 0xCDB3, 0xC593, 0xC593, 0xC593, 0xC593, 0xC593, 0xCDB3,
    0xC593, 0xCDB3, 0xCDB3, 0xCDB3, 0xCDB3, 0xCDB3, 0xCDB3, 0xCDB3, 0xCDB3, 0xCDB3, 0xCDB3, 0xCDB3, 0xCDB3, 0xCDB3, 0xCDB3, 0xCDB3,
    0xCDB3, 0xCDB3, 0xCDB3, 0xCDB3, 0xCDB3, 0xCDB3, 0xCDB3, 0xCDB3, 0xCDB3, 0xCDB3, 0xCDB3, 0xCDB3, 0xCDB3, 0xCDB3, 0xCDB3, 0xCDB3,
    0xCDB3, 0xCDB3, 0xCDB3, 0xCDD3, 0xCDD3, 0xD5D3, 0xD5D3, 0xD5D3, 0xD5D3, 0xD5D3, 0xD5F3, 0xD5F3, 0xD5F3, 0xD5F3, 0xD5F3, 0xD5F3,
    0xD5F3, 0xD5F3, 0xD613, 0xDE13, 0xDE34, 0xDE34, 0xDE34, 0xDE34, 0xDE54, 0xE655, 0xE655, 0xE675, 0xE696, 0xE696, 0xE6B6, 0xEED7,
    0xEEF7, 0xEEF7, 0xEEF8, 0xF718, 0xF718, 0xF718, 0xF738, 0xF738, 0xF738, 0xFF59, 0xFF59, 0xFF59, 0xFF79, 0xFF79, 0xFF7A, 0xFF7A,
    0xFF9A, 0xFF9A, 0xFF9A, 0xFF9A, 0xFF9A, 0xFF9A, 0xFF9A, 0xFF9A, 0xFF9A, 0xFF9A, 0xFF9A, 0xFF9A, 0xFF9A, 0xFF9A, 0xFF7A, 0xFF7A,
    0xFFBB, 0xFFFE, 0xACF0, 0x41A5, 0x39A5, 0x2943, 0x2944, 0x2944, 0x2923, 0x18A1, 0x18A1, 0x20A1, 0x1060, 0x3143, 0xFF9B, 0xFFFC,
    0xFF7A, 0xFF9A, 0xFF9A, 0xFF9A, 0xFF9A, 0xFF9A, 0xFF9A, 0xFF7A, 0xFF9A, 0xFF9A, 0xFF9A, 0xFF9A, 0xFF9A, 0xFF7A, 0xFF9A, 0xFF7A,
    0xFF7A, 0xFF7A, 0xFF7A, 0xFF7A, 0xFF7A, 0xFF7A, 0xFF7A, 0xFF7A, 0xFF7A, 0xFF5A, 0xFF5A, 0xFF5A, 0xFF5A, 0xFF5A, 0xFF5A, 0xFF5A,
    0xFF5A, 0xFF5A, 0xFF5A, 0xFF5A, 0xFF5A, 0xF75A, 0xF75A, 0xF75A, 0xF75A, 0xF75A, 0xF759, 0xF739, 0xF739, 0xF739, 0xF739, 0xF739,
    0xF739, 0xF739, 0xF739, 0xF739, 0xF73A, 0xF73A, 0xF73A, 0xF75A, 0xF73A, 0xF73A, 0xF73A, 0xF73A, 0xF75A, 0xF75A, 0xF75A, 0xF73A,
    0xF73A, 0xF73A, 0xF73A, 0xF73A, 0xF73A, 0xF73A, 0xF73A, 0xF73A, 0xF75A, 0xF75A, 0xF75A, 0xF75A, 0xF75A, 0xF75A, 0xF75A, 0xF75A,
    0xC530, 0xC530, 0xC530, 0xC530, 0xC530, 0xC530, 0xC530, 0xC530, 0xC530, 0xC530, 0xC530, 0xC530, 0xC530, 0xC50F, 0xC50F, 0xC50F,
    0xC50F, 0xC50F, 0xBD0F, 0xBCEF, 0xBCEF, 0xBCEF, 0xBD0F, 0xBCEF, 0xBCEF, 0xBCEF, 0xBCEF, 0xBCEF, 0xBCEF, 0xBCEF, 0xBCEF, 0xBCEF,
    0xBCEF, 0xBCEF, 0xBCEF, 0xBCEF, 0xBD0F, 0xBCEF, 0x9C0C, 0x9C0C, 0xCD92, 0xCDB3, 0xCDB3, 0xCDB3, 0xC5B3, 0xC593, 0xC593, 0xC593,
    0xC593, 0xCDB3, 0xCDB3, 0xCDB3, 0xCDB3, 0xCDB3, 0xCDB3, 0xCDB3, 0xCDB3, 0xCDB3, 0xCDB3, 0xCDB3, 0xCDB3, 0xCDB3, 0xCDB3, 0xCDB3,
    0xCDB3, 0xCDB3, 0xCDB3, 0xCDB3, 0xCDB3, 0xCDB3, 0xCDB3, 0xCDB3, 0xCDB3, 0xCDB3, 0xCDB3, 0xCDB3, 0xCDB3, 0xCDB3, 0xCDB3, 0xCDB3,
    0xCDB3, 0xCDB3, 0xCDB3, 0xCDD3, 0xCDD3, 0xD5D3, 0xD5D3, 0xD5D3, 0xD5D3, 0xD5F3, 0xD5F3, 0xD5F3, 0xD5F3, 0xD5F3, 0xD5F3, 0xD5F3,
    0xD5F3, 0xD5F3, 0xD614, 0xDE13, 0xDE34, 0xDE34, 0xDE34, 0xDE34, 0xDE54, 0xE675, 0xE675, 0xE675, 0xE696, 0xE696, 0xE6B6, 0xEED7,
    0xEEF7, 0xEEF8, 0xEEF8, 0xF718, 0xF718, 0xF718, 0xF738, 0xF738, 0xF739, 0xFF59, 0xFF59, 0xFF59, 0xFF79, 0xFF79, 0xFF7A, 0xFF7A,
    0xFF9A, 0xFF9A, 0xFF9A, 0xFF9B, 0xFF9B, 0xFF9A, 0xFF9A, 0xFF9A, 0xFF9A, 0xFF9A, 0xFF9A, 0xFFDB, 0xFFFC, 0xFFFC, 0xFFFC, 0xFFFD,
    0xB552, 0x736C, 0x5247, 0x2102, 0x3184, 0x39C5, 0x39A5, 0x39A5, 0x39A5, 0x2944, 0x2923, 0x2923, 0x2923, 0x2943, 0x7B8C, 0xA4F1,
    0xFF9A, 0xFF9A, 0xFF9A, 0xFF9A, 0xFF9A, 0xFF9A, 0xFF9A, 0xFF9A, 0xFF9A, 0xFF9A, 0xFF9A, 0xFF9A, 0xFF9A, 0xFF7A, 0xFF9A, 0xFF9A,
    0xFF7A, 0xFF7A, 0xFF7A, 0xFF7A, 0xFF7A, 0xFF7A, 0xFF7A, 0xFF7A, 0xFF7A, 0xFF5A, 0xFF5A, 0xFF7A, 0xFF5A, 0xFF5A, 0xFF5A, 0xFF5A,
    0xFF5A, 0xFF5A, 0xFF5A, 0xFF5A, 0xFF5A, 0xF75A, 0xF75A, 0xF75A, 0xF75A, 0xF75A, 0xF75A, 0xF739, 0xF739, 0xF739, 0xF739, 0xF739,
    0xF739, 0xF739, 0xF739, 0xF739, 0xF739, 0xF73A, 0xF73A, 0xF73A, 0xF73A, 0xF73A, 0xF73A, 0xF75A, 0xF75A, 0xF75A, 0xF75A, 0xF73A,
    0xF73A, 0xF73A, 0xF73A, 0xF73A, 0xF73A, 0xF73A, 0xF73A, 0xF73A, 0xF75A, 0xF75A, 0xF75A, 0xF75A, 0xF75A, 0xF75A, 0xF75A, 0xF75A,
    0xC530, 0xC530, 0xC530, 0xC530, 0xC530, 0xC530, 0xC530, 0xC530, 0xC530, 0xC530, 0xC530, 0xC530, 0xC530, 0xC50F, 0xC50F, 0xC50F,
    0xC50F, 0xC50F, 0xBD0F, 0xBCEF, 0xBCEF, 0xBCEF, 0xBD0F, 0xBD0F, 0xBCEF, 0xBCEF, 0xBCEF, 0xBCEF, 0xBCEF, 0xBCEF, 0xBCEF, 0xBCEF,
    0xBCEF, 0xBCEF, 0xBCEF, 0xBCEF, 0xBD0F, 0xBCEF, 0x9C0C, 0x9C0C, 0xCD92, 0xCDB3, 0xCDB3, 0xCDB3, 0xC593, 0xC593, 0xC593, 0xC593,
    0xC593, 0xCDB3, 0xCDB3, 0xCDB3, 0xCDB3, 0xCDB3, 0xCDB3, 0xCDB3, 0xCDB3, 0xCDB3, 0xCDB3, 0xCDB3, 0xCDB3, 0xCDB3, 0xCDB3, 0xCDB3,
    0xCDB3, 0xCDB3, 0xCDB3, 0xCDB3, 0xCDB3, 0xCDB3, 0xCDB3, 0xCDB3, 0xCDB3, 0xCDB3, 0xCDB3, 0xCDB3, 0xCDB3, 0xCDB3, 0xCDB3, 0xCDB3,
    0xCDB3, 0xCDB3, 0xCDB3, 0xCDD3, 0xCDD3, 0xD5D3, 0xD5D3, 0xD5D3, 0xD5D3, 0xD5F3, 0xD5F3, 0xD5F3, 0xD5F3, 0xD5F3, 0xD5F3, 0xD5F3,
    0xD5F3, 0xD5F3, 0xD613, 0xDE14, 0xDE14, 0xDE34, 0xDE34, 0xDE34, 0xDE54, 0xDE55, 0xE675, 0xE675, 0xE696, 0xE696, 0xE6B6, 0xEED7,
    0xEEF7, 0xEEF7, 0xEEF8, 0xF718, 0xF718, 0xF718, 0xF738, 0xF738, 0xF738, 0xF759, 0xFF59, 0xFF59, 0xFF79, 0xFF79, 0xFF7A, 0xFF7A,
    0xFF9A, 0xFF9A, 0xFF9A, 0xFF9A, 0xFF9A, 0xFF9A, 0xFF9A, 0xFF9B, 0xFF9A, 0xFF9A, 0xFF9A, 0xDE97, 0xC5F4, 0xC5F4, 0xBDB4, 0xC5F5,
    0x5268, 0x0000, 0x2102, 0x41E6, 0x39A5, 0x39A5, 0x3185, 0x3185, 0x3185, 0x31A5, 0x39A5, 0x39A5, 0x39A5, 0x2923, 0x0000, 0x5268,
    0xFFFD, 0xFF7A, 0xFF9A, 0xFF9A, 0xFF9A, 0xFF9A, 0xFF7A, 0xFF9A, 0xFF9A, 0xFF9A, 0xFF9A, 0xFF9A, 0xFF7A, 0xFF7A, 0xFF9A, 0xFF9A,
    0xFF7A, 0xFF7A, 0xFF7A, 0xFF7A, 0xFF7A, 0xFF7A, 0xFF7A, 0xFF7A, 0xFF7A, 0xFF7A, 0xFF5A, 0xFF5A, 0xFF5A, 0xFF5A, 0xFF5A, 0xFF5A,
    0xFF5A, 0xFF5A, 0xFF5A, 0xFF5A, 0xFF5A, 0xF75A, 0xF75A, 0xF75A, 0xF75A, 0xF75A, 0xF75A, 0xF739, 0xF739, 0xF739, 0xF739, 0xF739,
    0xF739, 0xF739, 0xF739, 0xF739, 0xF759, 0xF75A, 0xF73A, 0xF73A, 0xF73A, 0xF73A, 0xF73A, 0xF75A, 0xF75A, 0xF75A, 0xF75A, 0xF75A,
    0xF73A, 0xF73A, 0xF73A, 0xF73A, 0xF73A, 0xF73A, 0xF73A, 0xF73A, 0xF75A, 0xF75A, 0xF75A, 0xF75A, 0xF75A, 0xF75A, 0xF75A, 0xF75A,
    0xC530, 0xC530, 0xC530, 0xC530, 0xC530, 0xC530, 0xC530, 0xC530, 0xC530, 0xC530, 0xC530, 0xC530, 0xC530, 0xC50F, 0xC50F, 0xC50F,
    0xC50F, 0xC50F, 0xBD0F, 0xBCEF, 0xBCEF, 0xBCEF, 0xBD0F, 0xBD0F, 0xBCEF, 0xBCEF, 0xBCEF, 0xBCEF, 0xBCEF, 0xBCEF, 0xBCEF, 0xBCEF,
    0xBCEF, 0xBCEF, 0xBCEF, 0xBCEF, 0xBD0F, 0xBCEF, 0x9C0C, 0x9C0C, 0xCD92, 0xCDB3, 0xCD93, 0xCD93, 0xCD93, 0xC593, 0xC593, 0xCDB3,
    0xCDB3, 0xCDB3, 0xCDB3, 0xCDB3, 0xCDB3, 0xCDB3, 0xCDB3, 0xCDB3, 0xCDB3, 0xCDB3, 0xCDB3, 0xCDB3, 0xCDB3, 0xCDB3, 0xCDB3, 0xCDB3,
    0xCDB3, 0xCDB3, 0xCDB3, 0xCDB3, 0xCDB3, 0xCDB3, 0xCDB3, 0xCDB3, 0xCDB3, 0xCDB3, 0xCDB3, 0xCDB3, 0xCDB3, 0xCDB3, 0xCDB3, 0xCDB3,
    0xCDB3, 0xCDD3, 0xCDD3, 0xCDD3, 0xCDD3, 0xD5F3, 0xD5D3, 0xD5D3, 0xD5F3, 0xD5F3, 0xD5F3, 0xD5F3, 0xD5F3, 0xD5F3, 0xD5F3, 0xD5F3,
    0xD5F3, 0xD613, 0xDE13, 0xDE14, 0xDE34, 0xDE34, 0xDE34, 0xDE34, 0xE654, 0xE655, 0xE675, 0xE676, 0xE696, 0xE696, 0xEEB6, 0xEEB6,
    0xEED7, 0xEEF7, 0xEEF7, 0xF718, 0xF718, 0xF718, 0xF738, 0xF738, 0xF738, 0xFF59, 0xFF59, 0xFF79, 0xFF79, 0xFF7A, 0xFF7A, 0xFF9A,
    0xFF9A, 0xFF9A, 0xFF9A, 0xFF9A, 0xFF9A, 0xFF9A, 0xFF9A, 0xFF9A, 0xFF7A, 0xFF9B, 0xFFFF, 0x738C, 0x0820, 0x20C1, 0x18A1, 0x1060,
    0x2943, 0x41E6, 0x39A5, 0x39A5, 0x39A5, 0x3185, 0x3164, 0x3185, 0x3185, 0x3184, 0x3164, 0x3185, 0x3985, 0x3184, 0x2923, 0x3164,
    0x9CB0, 0xFFFC, 0xFF9A, 0xFF9A, 0xFF9A, 0xFF9A, 0xFF9A, 0xFF9A, 0xFF9A, 0xFF9A, 0xFF9A, 0xFF9A, 0xFF9A, 0xFF7A, 0xFF9A, 0xFF9A,
    0xFF7A, 0xFF7A, 0xFF7A, 0xFF7A, 0xFF7A, 0xFF7A, 0xFF7A, 0xFF7A, 0xFF7A, 0xFF7A, 0xFF5A, 0xFF5A, 0xFF5A, 0xFF7A, 0xFF7A, 0xFF5A,
    0xFF5A, 0xFF5A, 0xFF5A, 0xFF5A, 0xF75A, 0xF75A, 0xF75A, 0xF75A, 0xF75A, 0xF75A, 0xF739, 0xF739, 0xF739, 0xF739, 0xF739, 0xF739,
    0xF739, 0xF739, 0xF739, 0xF73A, 0xF73A, 0xF73A, 0xF73A, 0xF73A, 0xF73A, 0xF73A, 0xF73A, 0xF73A, 0xF73A, 0xF75A, 0xF75A, 0xF75A,
    0xF73A, 0xF73A, 0xF73A, 0xF73A, 0xF73A, 0xF73A, 0xF73A, 0xF73A, 0xF73A, 0xF73A, 0xF75A, 0xF73A, 0xF75A, 0xF73A, 0xF73A, 0xF75A,
    0xC530, 0xC530, 0xC530, 0xC530, 0xC530, 0xC530, 0xC530, 0xC530, 0xC530, 0xC530, 0xC530, 0xC530, 0xC530, 0xC50F, 0xC50F, 0xC50F,
    0xC50F, 0xC50F, 0xBD0F, 0xBD0F, 0xBCEF, 0xBCEF, 0xBD0F, 0xBD0F, 0xBCEF, 0xBCEF, 0xBCEF, 0xBCEF, 0xBCEF, 0xBCEF, 0xBCEF, 0xBCEF,
    0xBCEF, 0xBCEF, 0xBCEF, 0xBD0F, 0xBD0F, 0xBCEF, 0x9C0C, 0x9C0C, 0xCD92, 0xCDB3, 0xCDB3, 0xCDB3, 0xCD93, 0xC593, 0xC593, 0xCDB3,
    0xCDB3, 0xCDB3, 0xCDB3, 0xCDB3, 0xCDB3, 0xCDB3, 0xCDB3, 0xCDB3, 0xCDB3, 0xCDB3, 0xCDB3, 0xCDB3, 0xCDB3, 0xCDB3, 0xCDB3, 0xCDB3,
    0xCDB3, 0xCDB3, 0xCDB3, 0xCDB3, 0xCDB3, 0xCDB3, 0xCDB3, 0xCDB3, 0xCDB3, 0xCDB3, 0xCDB3, 0xCDB3, 0xCDB3, 0xCDB3, 0xCDB3, 0xCDB3,
    0xCDD3, 0xCDD3, 0xCDD3, 0xCDD3, 0xCDD3, 0xD5F3, 0xD5D3, 0xD5D3, 0xD5F3, 0xD5F3, 0xD5F3, 0xD5F3, 0xD5F3, 0xD5F3, 0xD5F3, 0xD5F3,
    0xD5F3, 0xD613, 0xDE13, 0xDE14, 0xDE34, 0xDE34, 0xDE34, 0xDE34, 0xE654, 0xDE55, 0xDE55, 0xE676, 0xE696, 0xE696, 0xE6B6, 0xEEB6,
    0xEED7, 0xEEF7, 0xEEF7, 0xF718, 0xF718, 0xF718, 0xF738, 0xF738, 0xF738, 0xFF59, 0xFF59, 0xFF79, 0xFF79, 0xFF7A, 0xFF7A, 0xFF9A,
    0xFF9A, 0xFF9A, 0xFF9A, 0xFF9A, 0xFF9A, 0xFF9A, 0xFF9A, 0xFF9B, 0xFFFD, 0xD676, 0x83ED, 0x4A06, 0x2923, 0x39E6, 0x39A5, 0x39A5,
    0x39A5, 0x39A5, 0x3164, 0x2103, 0x2123, 0x2103, 0x2103, 0x2944, 0x2964, 0x3164, 0x3164, 0x3165, 0x3185, 0x3985, 0x3184, 0x18C1,
    0x20E2, 0xA4D0, 0xFFFC, 0xFFBB, 0xFF9A, 0xFF9A, 0xFF9A, 0xFF9A, 0xFF9A, 0xFF9A, 0xFF9A, 0xFF9A, 0xFF9A, 0xFF9A, 0xFF9A, 0xFF9A,
    0xFF7A, 0xFF7A, 0xFF7A, 0xFF7A, 0xFF7A, 0xFF7A, 0xFF7A, 0xFF7A, 0xFF7A, 0xFF7A, 0xFF5A, 0xFF5A, 0xFF5A, 0xFF5A, 0xFF5A, 0xFF5A,
    0xFF5A, 0xFF5A, 0xFF5A, 0xFF5A, 0xF75A, 0xF75A, 0xFF5A, 0xF75A, 0xF75A, 0xF75A, 0xF75A, 0xF739, 0xF739, 0xF739, 0xF739, 0xF739,
    0xF739, 0xF739, 0xF73A, 0xF73A, 0xF73A, 0xF73A, 0xF73A, 0xF73A, 0xF73A, 0xF73A, 0xF73A, 0xF73A, 0xF73A, 0xF73A, 0xF73A, 0xF73A,
    0xF73A, 0xF73A, 0xF73A, 0xF73A, 0xF75A, 0xF75A, 0xF73A, 0xF73A, 0xF73A, 0xF73A, 0xF75A, 0xF75A, 0xF75A, 0xF73A, 0xF75A, 0xF73A,
    0xC530, 0xC530, 0xC530, 0xC530, 0xC530, 0xC530, 0xC530, 0xC530, 0xC530, 0xC530, 0xC530, 0xC530, 0xC530, 0xC530, 0xC50F, 0xC50F,
    0xC50F, 0xC50F, 0xBD0F, 0xBD0F, 0xBCEF, 0xBCEF, 0xBD0F, 0xBD0F, 0xBCEF, 0xBCEF, 0xBCEF, 0xBCEF, 0xBCEF, 0xBCEF, 0xBCEF, 0xBCEF,
    0xBCEF, 0xBCEF, 0xBCEF, 0xBD0F, 0xBD0F, 0xBCEF, 0x9C0C, 0x9C0C, 0xC592, 0xCDB3, 0xCDB3, 0xCDB3, 0xCD93, 0xCD93, 0xCD93, 0xCDB3,
    0xCDB3, 0xCDB3, 0xCDB3, 0xCDB3, 0xCDB3, 0xCDB3, 0xCDB3, 0xCDB3, 0xCDB3, 0xCDB3, 0xCDB3, 0xCDB3, 0xCDB3, 0xCDB3, 0xCDB3, 0xCDB3,
    0xCDB3, 0xCDB3, 0xCDB3, 0xCDB3, 0xCDB3, 0xCDB3, 0xCDB3, 0xCDB3, 0xCDB3, 0xCDB3, 0xCDB3, 0xCDB3, 0xCDB3, 0xCDB3, 0xCDB3, 0xCDB3,
    0xCDB3, 0xCDD3, 0xCDD3, 0xCDD3, 0xCDD3, 0xD5F3, 0xD5F3, 0xD5F3, 0xD5F3, 0xD5F3, 0xD5F3, 0xD5F3, 0xD5F3, 0xD5F3, 0xD5F3, 0xD5F3,
    0xD5F3, 0xD613, 0xDE14, 0xDE14, 0xDE34, 0xDE34, 0xDE34, 0xDE34, 0xDE55, 0xE675, 0xE655, 0xE676, 0xE696, 0xE696, 0xEEB6, 0xEEB6,
    0xEED7, 0xEEF7, 0xEEF7, 0xF6F8, 0xF718, 0xF718, 0xF738, 0xF738, 0xF738, 0xF758, 0xFF59, 0xFF79, 0xFF79, 0xFF7A, 0xFF7A, 0xFF9A,
    0xFF9A, 0xFF9A, 0xFF9A, 0xFF9A, 0xFF9A, 0xFF7A, 0xFFDB, 0xE6F8, 0xAD32, 0x83CC, 0x1040, 0x20C1, 0x3184, 0x39A5, 0x39A5, 0x39A5,
    0x39A5, 0x39A5, 0x2944, 0x18E2, 0x2102, 0x2103, 0x2103, 0x18E2, 0x18E2, 0x2943, 0x3184, 0x3164, 0x3185, 0x3185, 0x3185, 0x39A5,
    0x20C2, 0x20E2, 0x9CB0, 0xEF19, 0xFFDB, 0xFF9A, 0xFF9A, 0xFF9A, 0xFF9A, 0xFF9A, 0xFF9A, 0xFF9A, 0xFF9A, 0xFF9A, 0xFF9A, 0xFF9A,
    0xFF7A, 0xFF7A, 0xFF7A, 0xFF7A, 0xFF7A, 0xFF7A, 0xFF7A, 0xFF7A, 0xFF7A, 0xFF7A, 0xFF7A, 0xFF7A, 0xFF5A, 0xFF5A, 0xFF5A, 0xFF5A,
    0xFF5A, 0xFF7A, 0xFF5A, 0xF75A, 0xF75A, 0xFF5A, 0xFF5A, 0xF75A, 0xF75A, 0xF75A, 0xF75A, 0xF739, 0xF75A, 0xF739, 0xF739, 0xF739,
    0xF739, 0xF739, 0xF73A, 0xF73A, 0xF73A, 0xF739, 0xF739, 0xF73A, 0xF73A, 0xF73A, 0xF73A, 0xF73A, 0xF73A, 0xF73A, 0xF73A, 0xF73A,
    0xF73A, 0xF73A, 0xF73A, 0xF73A, 0xF73A, 0xF75A, 0xF73A, 0xF73A, 0xF73A, 0xF75A, 0xF75A, 0xF75A, 0xF75A, 0xF73A, 0xF73A, 0xF73A,
    0xC50F, 0xC530, 0xC530, 0xC50F, 0xC50F, 0xC530, 0xC530, 0xC530, 0xC530, 0xC530, 0xC530, 0xC530, 0xC530, 0xC530, 0xC530, 0xC50F,
    0xC50F, 0xC50F, 0xBD0F, 0xBD0F, 0xBCEF, 0xBCEF, 0xBD0F, 0xBD0F, 0xBCEF, 0xBCEF, 0xBCEF, 0xBCEF, 0xBCEF, 0xBCEF, 0xBCEF, 0xBCEF,
    0xBCEF, 0xBCEF, 0xBCEF, 0xBCEF, 0xBD0F, 0xBCEF, 0x9C0C, 0x9C0C, 0xC592, 0xCDB3, 0xCDB3, 0xCDB3, 0xCDB3, 0xCDB3, 0xCDB3, 0xCDB3,
    0xCDB3, 0xCDB3, 0xCDB3, 0xCDB3, 0xCDB3, 0xCDB3, 0xCDB3, 0xCDB3, 0xCDB3, 0xCDB3, 0xCDB3, 0xCDB3, 0xCDB3, 0xCDB3, 0xCDB3, 0xCDB3,
    0xCDB3, 0xCDB3, 0xCDB3, 0xCDB3, 0xCDB3, 0xCDB3, 0xCDB3, 0xCDB3, 0xCDB3, 0xCDB3, 0xCDB3, 0xCDB3, 0xCDB3, 0xCDB3, 0xCDB3, 0xCDD3,
    0xCDD3, 0xCDD3, 0xCDD3, 0xCDD3, 0xCDD3, 0xD5F3, 0xD5F3, 0xD5F3, 0xD5F3, 0xD5F3, 0xD5F3, 0xD5F3, 0xD5F3, 0xD5F3, 0xD5F3, 0xD5F3,
    0xD5F3, 0xD613, 0xDE14, 0xDE14, 0xDE34, 0xDE34, 0xDE34, 0xDE34, 0xDE54, 0xE675, 0xE675, 0xE676, 0xE696, 0xE696, 0xE6B6, 0xEEB6,
    0xEED7, 0xEEF7, 0xEEF7, 0xEEF7, 0xF717, 0xF718, 0xF718, 0xF738, 0xF738, 0xFF58, 0xFF59, 0xFF59, 0xFF79, 0xFF7A, 0xFF7A, 0xFF9A,
    0xFF9A, 0xFF9A, 0xFF9A, 0xFF9A, 0xFF9A, 0xFF9A, 0xFFBA, 0xAD11, 0x20E2, 0x39A5, 0x41E6, 0x39C6, 0x31A5, 0x31A5, 0x3185, 0x3185,
    0x3184, 0x3184, 0x3164, 0x2964, 0x2964, 0x2964, 0x2964, 0x2943, 0x2102, 0x2123, 0x3164, 0x3164, 0x3185, 0x3185, 0x3184, 0x3164,
    0x3185, 0x3185, 0x1060, 0xA4D1, 0xF79A, 0xFF9A, 0xFF7A, 0xFF9A, 0xFF9A, 0xFF9A, 0xFF9A, 0xFF9A, 0xFF9A, 0xFF9A, 0xFF9A, 0xFF7A,
    0xFF7A, 0xFF7A, 0xFF7A, 0xFF7A, 0xFF7A, 0xFF7A, 0xFF7A, 0xFF7A, 0xFF7A, 0xFF7A, 0xFF7A, 0xFF7A, 0xFF5A, 0xFF5A, 0xFF7A, 0xFF5A,
    0xFF7A, 0xFF7A, 0xFF7A, 0xF77A, 0xF75A, 0xF75A, 0xF75A, 0xF75A, 0xF75A, 0xF75A, 0xF75A, 0xF75A, 0xF75A, 0xF739, 0xF739, 0xF739,
    0xF75A, 0xF73A, 0xF73A, 0xF73A, 0xF73A, 0xF73A, 0xF739, 0xF739, 0xF73A, 0xF73A, 0xF73A, 0xF73A, 0xF73A, 0xF73A, 0xF73A, 0xF73A,
    0xF73A, 0xF73A, 0xF73A, 0xF73A, 0xF73A, 0xF73A, 0xF73A, 0xF73A, 0xF73A, 0xF75A, 0xF75A, 0xF75A, 0xF73A, 0xF73A, 0xF73A, 0xF73A,
    0xC50F, 0xC50F, 0xC530, 0xC530, 0xC50F, 0xC50F, 0xC530, 0xC530, 0xC530, 0xC530, 0xC530, 0xC530, 0xC50F, 0xC530, 0xC530, 0xC50F,
    0xC50F, 0xC50F, 0xC50F, 0xBD0F, 0xBD0F, 0xBCEF, 0xBCEF, 0xBD0F, 0xBD0F, 0xBCEF, 0xBCEF, 0xBCEF, 0xBCEF, 0xBCEF, 0xBCEF, 0xBCEF,
    0xBCEF, 0xBCEF, 0xBCEF, 0xBD0F, 0xBD0F, 0xBCEF, 0x9C0C, 0x9C0C, 0xC592, 0xCDB3, 0xCDB3, 0xCDB3, 0xCDB3, 0xCDB3, 0xCDB3, 0xCDB3,
    0xCDB3, 0xCDB3, 0xCDB3, 0xCDB3, 0xCDB3, 0xCDB3, 0xCDB3, 0xCDB3, 0xCDB3, 0xCDB3, 0xCDB3, 0xCDB3, 0xCDB3, 0xCDB3, 0xCDB3, 0xCDB3,
    0xCDB3, 0xCDB3, 0xCDB3, 0xCDB3, 0xCDB3, 0xCDB3, 0xCDB3, 0xCDB3, 0xCDB3, 0xCDB3, 0xCDB3, 0xCDB3, 0xCDB3, 0xCDB3, 0xCDB3, 0xCDD3,
    0xCDD3, 0xCDD3, 0xCDD3, 0xCDD3, 0xD5D3, 0xD5F3, 0xD5F3, 0xD5F3, 0xD5F3, 0xD5F3, 0xD5F3, 0xD5F3, 0xD5F3, 0xD5F3, 0xD5F3, 0xD5F3,
    0xD5F3, 0xD613, 0xDE14, 0xDE14, 0xDE34, 0xDE34, 0xDE34, 0xDE34, 0xDE55, 0xE655, 0xE675, 0xE675, 0xE676, 0xE696, 0xE696, 0xEEB6,
    0xEED7, 0xEEF7, 0xEEF7, 0xF6F7, 0xF718, 0xF718, 0xF738, 0xF738, 0xF738, 0xFF59, 0xFF59, 0xFF79, 0xFF79, 0xFF7A, 0xFF7A, 0xFF9A,
    0xFF9A, 0xFF9A, 0xFF9A, 0xFF9A, 0xFF9A, 0xFFBB, 0xCE56, 0x3143, 0x39A5, 0x39C6, 0x39C5, 0x39A5, 0x39A5, 0x3185, 0x3185, 0x3164,
    0x2943, 0x2123, 0x2943, 0x2944, 0x2944, 0x2944, 0x2123, 0x2944, 0x2943, 0x2943, 0x2964, 0x2944, 0x2923, 0x2944, 0x3164, 0x3164,
    0x3164, 0x3185, 0x3164, 0x0840, 0xA4D0, 0xFFFC, 0xFF9A, 0xFF9A, 0xFF9A, 0xFF9A, 0xFF9A, 0xFF9A, 0xFF9A, 0xFF9A, 0xFF9A, 0xFF7A,
    0xFF7A, 0xFF7A, 0xFF7A, 0xFF7A, 0xFF7A, 0xFF7A, 0xFF7A, 0xFF7A, 0xFF7A, 0xFF7A, 0xFF7A, 0xFF7A, 0xFF7A, 0xFF5A, 0xFF5A, 0xFF5A,
    0xFF5A, 0xFF7A, 0xFF7A, 0xF77A, 0xF75A, 0xF75A, 0xF75A, 0xF75A, 0xF75A, 0xF75A, 0xF75A, 0xF75A, 0xF75A, 0xF739, 0xF739, 0xF75A,
    0xF75A, 0xF73A, 0xF73A, 0xF73A, 0xF73A, 0xF73A, 0xF739, 0xF739, 0xF73A, 0xF73A, 0xF73A, 0xF73A, 0xF73A, 0xF73A, 0xF73A, 0xF73A,
    0xF73A, 0xF73A, 0xF73A, 0xF73A, 0xF73A, 0xF73A, 0xF73A, 0xF73A, 0xF73A, 0xF75A, 0xF75A, 0xF75A, 0xF75A, 0xF75A, 0xF73A, 0xF73A,
    0xC50F, 0xC50F, 0xC530, 0xC530, 0xC50F, 0xC530, 0xC530, 0xC530, 0xC530, 0xC530, 0xC530, 0xC530, 0xC530, 0xC530, 0xC530, 0xC50F,
    0xC50F, 0xC50F, 0xC50F, 0xC50F, 0xBD0F, 0xBD0F, 0xBCEF, 0xBCEF, 0xBCEF, 0xBCEF, 0xBCEF, 0xBCEF, 0xBCEF, 0xBCEF, 0xBCEF, 0xBCEF,
    0xBCEF, 0xBCEF, 0xBCEF, 0xBCEF, 0xBD0F, 0xBCEF, 0x9C0C, 0x9C0C, 0xCD92, 0xCDB3, 0xCDB2, 0xCDB3, 0xCDB3, 0xCDB3, 0xCDB3, 0xCDB3,
    0xCD93, 0xCDB3, 0xCDB3, 0xCDB3, 0xCDB3, 0xCDB3, 0xCDB3, 0xCDB3, 0xCDB3, 0xCDB3, 0xCDB3, 0xCDB3, 0xCDB3, 0xCDB3, 0xCDB3, 0xCDB3,
    0xCDB3, 0xCDB3, 0xCDB3, 0xCDB3, 0xCDB3, 0xCDB3, 0xCDB3, 0xCDB3, 0xCDB3, 0xCDB3, 0xCDB3, 0xCDB3, 0xCDB3, 0xCDB3, 0xCDD3, 0xCDD3,
    0xCDD3, 0xCDD3, 0xCDD3, 0xCDD3, 0xCDD3, 0xD5F3, 0xD5F3, 0xD5F3, 0xD5F3, 0xD5F3, 0xD5F3, 0xD5F3, 0xD5F3, 0xD5F3, 0xD5F3, 0xD5F3,
    0xD5F3, 0xDE13, 0xDE14, 0xDE34, 0xDE34, 0xDE34, 0xDE34, 0xDE34, 0xDE54, 0xDE55, 0xDE55, 0xE675, 0xE695, 0xE696, 0xEEB6, 0xEEB6,
    0xEED7, 0xEEF7, 0xEEF7, 0xF6F8, 0xF718, 0xF718, 0xF718, 0xF738, 0xF738, 0xFF59, 0xFF59, 0xFF59, 0xFF79, 0xFF79, 0xFF7A, 0xFF9A,
    0xFF9A, 0xFF9A, 0xFF9A, 0xFF7A, 0xFFFC, 0x944F, 0x2102, 0x39A5, 0x3184, 0x3184, 0x2944, 0x2944, 0x2964, 0x2964, 0x3185, 0x3164,
    0x2123, 0x10A1, 0x18C1, 0x18E2, 0x18E2, 0x18C2, 0x18E2, 0x2103, 0x2123, 0x2944, 0x2944, 0x2924, 0x18C2, 0x10A1, 0x2123, 0x2964,
    0x3164, 0x2964, 0x3164, 0x18A1, 0x8C0E, 0xEF39, 0xE6D7, 0xFFBB, 0xFFDB, 0xFF7A, 0xFF9A, 0xFF9A, 0xFF9A, 0xFF9A, 0xFF9A, 0xFF9A,
    0xFF7A, 0xFF7A, 0xFF7A, 0xFF7A, 0xFF7A, 0xFF7A, 0xFF7A, 0xFF7A, 0xFF7A, 0xFF7A, 0xFF7A, 0xFF7A, 0xFF5A, 0xFF5A, 0xFF5A, 0xFF5A,
    0xFF5A, 0xFF5A, 0xFF5A, 0xFF7A, 0xF75A, 0xF75A, 0xF75A, 0xF75A, 0xF75A, 0xF759, 0xF75A, 0xF75A, 0xF75A, 0xF73A, 0xF73A, 0xF73A,
    0xF75A, 0xF73A, 0xF73A, 0xF73A, 0xF73A, 0xF73A, 0xF73A, 0xF73A, 0xF73A, 0xF73A, 0xF73A, 0xF73A, 0xF73A, 0xF73A, 0xF73A, 0xF73A,
    0xF73A, 0xF73A, 0xF73A, 0xF73A, 0xF73A, 0xF73A, 0xF73A, 0xF73A, 0xF73A, 0xF75A, 0xF75A, 0xF75A, 0xF75A, 0xF75A, 0xF75A, 0xF75A,
    0xC530, 0xC50F, 0xC530, 0xC530, 0xC530, 0xC530, 0xC530, 0xC530, 0xC530, 0xC530, 0xC530, 0xC530, 0xC530, 0xC530, 0xC530, 0xC530,
    0xC50F, 0xC50F, 0xC50F, 0xC50F, 0xBD0F, 0xBCEF, 0xBD0F, 0xBD0F, 0xBCEF, 0xBCEF, 0xBCEF, 0xBCEF, 0xBCEF, 0xBCEF, 0xBCEF, 0xBCEF,
    0xBCEF, 0xBCEF, 0xBCEF, 0xBCEF, 0xBCEF, 0xBCEF, 0xB4AE, 0xA42C, 0xAC8E, 0xCD92, 0xCDB3, 0xCDB3, 0xCDB3, 0xCDB3, 0xCDB3, 0xCDB3,
    0xCDB3, 0xCDB3, 0xCDB3, 0xCDB3, 0xCDB3, 0xCDB3, 0xCDB3, 0xCDB3, 0xCDB3, 0xCDB3, 0xCDB3, 0xCDB3, 0xCDB3, 0xCDB3, 0xCDB3, 0xCDB3,
    0xCDB3, 0xCDB3, 0xCDB3, 0xCDB3, 0xCDB3, 0xCDB3, 0xCDB3, 0xCDB3, 0xCDB3, 0xCDB3, 0xCDB3, 0xCDB3, 0xCDB3, 0xCDB3, 0xCDD3, 0xCDD3,
    0xCDD3, 0xCDD3, 0xCDD3, 0xCDD3, 0xCDD3, 0xD5F3, 0xD5F3, 0xD5F3, 0xD5F3, 0xD5F3, 0xD5F3, 0xD5F3, 0xD5F3, 0xD5F3, 0xD5F3, 0xD5F3,
    0xD5F3, 0xD613, 0xDE13, 0xDE14, 0xDE34, 0xDE34, 0xDE34, 0xDE34, 0xDE54, 0xDE55, 0xDE75, 0xE675, 0xE695, 0xE696, 0xEEB6, 0xEED6,
    0xEED7, 0xEED7, 0xEEF7, 0xEEF8, 0xF718, 0xF718, 0xF718, 0xF738, 0xF738, 0xFF59, 0xFF59, 0xFF59, 0xFF79, 0xFF7A, 0xFF7A, 0xFF9A,
    0xFF9A, 0xFF9A, 0xFF9A, 0xFF7A, 0xFFFC, 0x8C2E, 0x0840, 0x3184, 0x3184, 0x2923, 0x2103, 0x2944, 0x2923, 0x2923, 0x2943, 0x2943,
    0x2123, 0x10A1, 0x1081, 0x1081, 0x10A1, 0x18C2, 0x2123, 0x2123, 0x2123, 0x2123, 0x2123, 0x2923, 0x18E2, 0x10A1, 0x10A1, 0x2123,
    0x2944, 0x2944, 0x2944, 0x3164, 0x2923, 0x20E2, 0x3143, 0xC5D4, 0xEF18, 0xFFBB, 0xFF7A, 0xFF9A, 0xFF9A, 0xFF9A, 0xFF9A, 0xFF7A,
    0xFF7A, 0xFF7A, 0xFF7A, 0xFF7A, 0xFF7A, 0xFF7A, 0xFF7A, 0xFF7A, 0xFF7A, 0xFF7A, 0xFF7A, 0xFF7A, 0xFF5A, 0xFF5A, 0xFF5A, 0xFF5A,
    0xFF5A, 0xFF5A, 0xFF5A, 0xFF7A, 0xF75A, 0xFF7A, 0xF75A, 0xF75A, 0xF75A, 0xF759, 0xF759, 0xF73A, 0xF73A, 0xF73A, 0xF73A, 0xF73A,
    0xF739, 0xF73A, 0xF73A, 0xF73A, 0xF73A, 0xF73A, 0xF73A, 0xF73A, 0xF73A, 0xF73A, 0xF73A, 0xF73A, 0xF73A, 0xF73A, 0xF75A, 0xF73A,
    0xF73A, 0xF73A, 0xF73A, 0xF73A, 0xF73A, 0xF73A, 0xF73A, 0xF73A, 0xF75A, 0xF75A, 0xF75A, 0xF75A, 0xF75A, 0xF73A, 0xF73A, 0xF75A,
    0xC50F, 0xC52F, 0xC530, 0xC52F, 0xC52F, 0xC52F, 0xC52F, 0xC530, 0xC530, 0xC530, 0xC530, 0xC530, 0xC530, 0xC530, 0xC530, 0xC52F,
    0xC50F, 0xC50F, 0xC50F, 0xC50F, 0xBD0F, 0xBD0F, 0xBCEF, 0xBD0F, 0xBD0F, 0xBCEF, 0xBCEF, 0xBCEF, 0xBCEF, 0xBCEF, 0xBCEF, 0xBCEF,
    0xBCEF, 0xBCEF, 0xBCEF, 0xBCEF, 0xBCEF, 0xBCEF, 0xC50F, 0xA42D, 0x9C2C, 0xCD92, 0xCDB3, 0xCDB3, 0xCDB3, 0xCDB3, 0xCDB3, 0xCDB3,
    0xCDB3, 0xCDB3, 0xCDB3, 0xCDB3, 0xCDB3, 0xCDB3, 0xCDB3, 0xCDB3, 0xCDB3, 0xCDB3, 0xCDB3, 0xCDB3, 0xCDB3, 0xCDB3, 0xCDB3, 0xCDB3,
    0xCDB3, 0xCDB3, 0xCDB3, 0xCDB3, 0xCDB3, 0xCDB3, 0xCDB3, 0xCDB3, 0xCDB3, 0xCDB3, 0xCDB3, 0xCDB3, 0xCDB3, 0xCDB3, 0xCDD3, 0xCDD3,
    0xCDD3, 0xCDD3, 0xCDD3, 0xCDD3, 0xCDD3, 0xD5D3, 0xD5F3, 0xD5F3, 0xD5F3, 0xD5F3, 0xD5F3, 0xD5F3, 0xD5F3, 0xD5F3, 0xD5F3, 0xD5F3,
    0xD5F3, 0xD613, 0xDE13, 0xDE14, 0xDE34, 0xDE34, 0xDE34, 0xDE34, 0xDE54, 0xDE55, 0xE675, 0xE675, 0xE675, 0xE696, 0xEEB6, 0xEEB6,
    0xEED7, 0xEED7, 0xEEF7, 0xF6F8, 0xF718, 0xF718, 0xF718, 0xF738, 0xF738, 0xFF59, 0xFF59, 0xFF79, 0xFF79, 0xFF7A, 0xFF9A, 0xFF9A,
    0xFF9A, 0xFF9A, 0xFF9A, 0xFFBB, 0xFFFE, 0x9CB0, 0x1060, 0x10A1, 0x1081, 0x1081, 0x10A1, 0x18E2, 0x2123, 0x2944, 0x2924, 0x2123,
    0x2123, 0x10A1, 0x1081, 0x1081, 0x18E2, 0x2123, 0x2123, 0x2123, 0x2123, 0x2123, 0x2123, 0x2123, 0x18E2, 0x10A1, 0x10A2, 0x10C2,
    0x2123, 0x2944, 0x2944, 0x2944, 0x2923, 0x2103, 0x2102, 0x18A1, 0x41E6, 0xEF18, 0xFFDB, 0xFF7A, 0xFF9A, 0xFF9A, 0xFF9A, 0xFF7A,
    0xFF7A, 0xFF7A, 0xFF7A, 0xFF7A, 0xFF7A, 0xFF7A, 0xFF7A, 0xFF7A, 0xFF7A, 0xFF7A, 0xFF7A, 0xFF7A, 0xFF7A, 0xFF5A, 0xFF5A, 0xFF5A,
    0xFF5A, 0xFF5A, 0xFF5A, 0xFF5A, 0xFF5A, 0xF75A, 0xF75A, 0xF75A, 0xF75A, 0xF759, 0xF75A, 0xF75A, 0xF73A, 0xF73A, 0xF73A, 0xF73A,
    0xF739, 0xF73A, 0xF73A, 0xF73A, 0xF73A, 0xF73A, 0xF73A, 0xF73A, 0xF73A, 0xF73A, 0xF73A, 0xF73A, 0xF73A, 0xF73A, 0xF75A, 0xF75A,
    0xF73A, 0xF75A, 0xF75A, 0xF73A, 0xF73A, 0xF73A, 0xF73A, 0xF73A, 0xF75A, 0xF75A, 0xF75A, 0xF75A, 0xF75A, 0xF73A, 0xF73A, 0xF73A,
    0xC50F, 0xC50F, 0xC50F, 0xC50F, 0xC50F, 0xC50F, 0xC50F, 0xC52F, 0xC530, 0xC530, 0xC530, 0xC530, 0xC530, 0xC530, 0xC52F, 0xC52F,
    0xC530, 0xC50F, 0xC50F, 0xC50F, 0xBD0F, 0xBD0F, 0xBD0F, 0xBCEF, 0xBCEF, 0xBCEF, 0xBCEF, 0xBCEF, 0xBCEF, 0xBCEF, 0xBCEF, 0xBCEF,
    0xBCEF, 0xBCEF, 0xBCEF, 0xBCEF, 0xBCEF, 0xBCEF, 0xBCEF, 0xA44D, 0xA42D, 0xCD92, 0xCDB3, 0xCDB3, 0xCD93, 0xCDB3, 0xCD93, 0xCD93,
    0xCDB3, 0xCDB3, 0xCDB3, 0xCDB3, 0xCDB3, 0xCDB3, 0xCDB3, 0xCDB3, 0xCDB3, 0xCDB3, 0xCDB3, 0xCDB3, 0xCDB3, 0xCDB3, 0xCDB3, 0xCDB3,
    0xCDB3, 0xCDB3, 0xCDB3, 0xCDB3, 0xCDB3, 0xCDB3, 0xCDB2, 0xCDB3, 0xCDB3, 0xCDB3, 0xCDB3, 0xCDB3, 0xCDB3, 0xCDB3, 0xCDD3, 0xCDB3,
    0xCDB3, 0xCDB3, 0xCDB3, 0xCDD3, 0xCDD3, 0xD5D3, 0xD5D3, 0xD5F3, 0xD5F3, 0xD5F3, 0xD5F3, 0xD5F3, 0xD5F3, 0xD5F3, 0xD5F3, 0xD5F3,
    0xD5F3, 0xD5F4, 0xD614, 0xDE14, 0xDE34, 0xDE34, 0xDE34, 0xDE34, 0xE655, 0xE655, 0xE675, 0xE675, 0xE695, 0xE696, 0xEEB6, 0xEEB6,
    0xEED7, 0xEED7, 0xEEF7, 0xF6F8, 0xF6F8, 0xF718, 0xF718, 0xF738, 0xF738, 0xFF59, 0xFF59, 0xFF59, 0xFF7A, 0xFF9A, 0xFF9A, 0xFF9A,
    0xFF9A, 0xFF9A, 0xFFBB, 0xE6F8, 0xCE36, 0x7BCD, 0x20E2, 0x2123, 0x18E2, 0x18E2, 0x18C2, 0x2103, 0x2123, 0x2103, 0x2103, 0x2943,
    0x2944, 0x2123, 0x2123, 0x2123, 0x2123, 0x2123, 0x2123, 0x2123, 0x18E2, 0x10C2, 0x2103, 0x18E2, 0x10A1, 0x10A1, 0x10A2, 0x10A2,
    0x18C2, 0x2123, 0x2944, 0x2944, 0x2944, 0x2944, 0x2943, 0x2944, 0x18A1, 0x62C9, 0xE718, 0xFFBB, 0xFF7A, 0xFF9A, 0xFF9A, 0xFF9A,
    0xFF7A, 0xFF7A, 0xFF7A, 0xFF7A, 0xFF7A, 0xFF7A, 0xFF7A, 0xFF7A, 0xFF7A, 0xFF7A, 0xFF7A, 0xFF7A, 0xFF7A, 0xFF5A, 0xFF5A, 0xFF5A,
    0xFF5A, 0xFF5A, 0xFF5A, 0xFF5A, 0xFF5A, 0xF75A, 0xFF7A, 0xF75A, 0xF75A, 0xF759, 0xF75A, 0xF75A, 0xF73A, 0xF73A, 0xF739, 0xF739,
    0xF73A, 0xF73A, 0xF73A, 0xF73A, 0xF739, 0xF73A, 0xF73A, 0xF73A, 0xF73A, 0xF73A, 0xF73A, 0xF73A, 0xF73A, 0xF73A, 0xF75A, 0xF73A,
    0xF73A, 0xF75A, 0xF75A, 0xF73A, 0xF73A, 0xF73A, 0xF73A, 0xF73A, 0xF75A, 0xF75A, 0xF75A, 0xF75A, 0xF75A, 0xF75A, 0xF75A, 0xF75A,
    0xC52F, 0xC50F, 0xC52F, 0xC52F, 0xC50F, 0xC52F, 0xC52F, 0xC52F, 0xC530, 0xC530, 0xC530, 0xC530, 0xC530, 0xC52F, 0xC52F, 0xC52F,
    0xC50F, 0xC50F, 0xBD0F, 0xBD0F, 0xBD0F, 0xBD0F, 0xBD0F, 0xBCEF, 0xBD0F, 0xBCEF, 0xBCEF, 0xBCEF, 0xBCEF, 0xBCEF, 0xBCEF, 0xBCEF,
    0xBCEF, 0xBCEF, 0xBCEF, 0xBD0F, 0xBD0F, 0xBCEF, 0xC4EF, 0xA44D, 0xA42D, 0xCD92, 0xCDB3, 0xCDB3, 0xCD93, 0xCD93, 0xCDB3, 0xCDB3,
    0xCDB3, 0xCDB3, 0xCDB3, 0xCDB3, 0xCDB3, 0xCDB3, 0xCDB3, 0xCDB3, 0xCDB3, 0xCDB3, 0xCDB3, 0xCDB3, 0xCDB3, 0xCDB3, 0xCDB3, 0xCDB3,
    0xCDB3, 0xCDB3, 0xCDB3, 0xCDB3, 0xCDB3, 0xCDB3, 0xCDB2, 0xCDB3, 0xCDB3, 0xCDB3, 0xCDB3, 0xCDB3, 0xCDB3, 0xCDB3, 0xCDB3, 0xCDB3,
    0xCDD3, 0xCDD3, 0xCDB3, 0xCDD3, 0xD5D3, 0xD5D3, 0xD5D3, 0xD5D3, 0xD5D3, 0xD5F3, 0xD5F3, 0xD5F3, 0xD5F3, 0xD5F3, 0xD5F3, 0xD5F3,
    0xD5F3, 0xD5F4, 0xDE14, 0xDE14, 0xDE34, 0xDE34, 0xDE34, 0xDE54, 0xE655, 0xE655, 0xE675, 0xE675, 0xE695, 0xE696, 0xEEB6, 0xEEB6,
    0xEED7, 0xEEF7, 0xEEF7, 0xF6F8, 0xF718, 0xF718, 0xF718, 0xF738, 0xF738, 0xFF59, 0xFF59, 0xFF59, 0xFF7A, 0xFF9A, 0xFF9A, 0xFF9A,
    0xFF9A, 0xF759, 0xFFFC, 0xBDB4, 0x0800, 0x2943, 0x39E6, 0x39C5, 0x39C5, 0x31A5, 0x31A5, 0x3184, 0x18C1, 0x1081, 0x18C2, 0x2144,
    0x2123, 0x2123, 0x2123, 0x2123, 0x2123, 0x2123, 0x2123, 0x2103, 0x2103, 0x18C2, 0x10A2, 0x10A1, 0x10A1, 0x10A1, 0x10A1, 0x10A2,
    0x10A1, 0x18C2, 0x1903, 0x2944, 0x2123, 0x2123, 0x2923, 0x2923, 0x3164, 0x2923, 0x39A4, 0xD676, 0xFFFB, 0xFF7A, 0xFF9A, 0xFF7A,
    0xFF7A, 0xFF7A, 0xFF7A, 0xFF7A, 0xFF7A, 0xFF7A, 0xFF7A, 0xFF7A, 0xFF7A, 0xFF7A, 0xFF7A, 0xFF7A, 0xFF5A, 0xFF5A, 0xFF5A, 0xFF5A,
    0xFF5A, 0xFF5A, 0xFF5A, 0xFF5A, 0xFF5A, 0xFF5A, 0xF75A, 0xF75A, 0xF75A, 0xF759, 0xF75A, 0xF75A, 0xF73A, 0xF75A, 0xF75A, 0xF739,
    0xF73A, 0xF73A, 0xF73A, 0xF73A, 0xF73A, 0xF73A, 0xF73A, 0xF73A, 0xF73A, 0xF73A, 0xF73A, 0xF73A, 0xF73A, 0xF73A, 0xF73A, 0xF73A,
    0xF73A, 0xF73A, 0xF73A, 0xF73A, 0xF73A, 0xF73A, 0xF73A, 0xF73A, 0xF73A, 0xF75A, 0xF75A, 0xF73A, 0xF75A, 0xF75A, 0xF75A, 0xF75A,
    0xC50F, 0xC50F, 0xC52F, 0xC50F, 0xC50F, 0xC52F, 0xC50F, 0xC510, 0xC530, 0xC530, 0xC530, 0xC530, 0xC52F, 0xC52F, 0xC52F, 0xC52F,
    0xC50F, 0xC50F, 0xBD0F, 0xBD0F, 0xBD0F, 0xBD0F, 0xBD0F, 0xBD0F, 0xBD0F, 0xBCEF, 0xBD0F, 0xBD0F, 0xBD0F, 0xBCEF, 0xBCEF, 0xBCEF,
    0xBD0F, 0xBCEF, 0xBCEF, 0xBD0F, 0xBD0F, 0xBD0F, 0xBD0F, 0xA44D, 0xA42C, 0xCD92, 0xCDB3, 0xCDB3, 0xCDB3, 0xCDB3, 0xCDB3, 0xCDB3,
    0xCDB3, 0xCDB3, 0xCDB3, 0xCDB3, 0xCDB3, 0xCDB3, 0xCDB3, 0xCDB3, 0xCDB3, 0xCDB3, 0xCDB3, 0xCDB3, 0xCDB3, 0xCDB3, 0xCDB3, 0xCDB3,
    0xCDB3, 0xCDB3, 0xCDB3, 0xCDB3, 0xCDB3, 0xCD93, 0xCDB3, 0xCDB3, 0xCDB3, 0xCDB3, 0xCDB3, 0xCDB3, 0xCDB3, 0xCDB3, 0xCDB3, 0xCDB3,
    0xCDB3, 0xCDB3, 0xCDB3, 0xCDD3, 0xD5D3, 0xD5D3, 0xD5D3, 0xD5D3, 0xD5D3, 0xD5F3, 0xD5F3, 0xD5F3, 0xD5F3, 0xD5F3, 0xD5F3, 0xD5F3,
    0xD5F3, 0xD614, 0xDE14, 0xDE14, 0xDE34, 0xDE34, 0xDE34, 0xDE34, 0xE655, 0xE655, 0xE675, 0xE675, 0xE696, 0xE696, 0xEEB6, 0xEED7,
    0xEED7, 0xEEF7, 0xEEF7, 0xF6F8, 0xF718, 0xF718, 0xF738, 0xF738, 0xF739, 0xFF59, 0xFF59, 0xFF79, 0xFF79, 0xFF9A, 0xFF9A, 0xFF9A,
    0xFF9A, 0xFFFD, 0xE6F8, 0x5268, 0x1081, 0x2943, 0x3184, 0x2123, 0x2123, 0x2123, 0x2123, 0x2103, 0x10A1, 0x10A1, 0x10A1, 0x10C2,
    0x10C2, 0x18C2, 0x10C2, 0x18C2, 0x18C2, 0x18C2, 0x2103, 0x2103, 0x2123, 0x10C2, 0x1081, 0x0881, 0x10A1, 0x10A1, 0x10A1, 0x10A1,
    0x10A1, 0x10A1, 0x18C2, 0x18E2, 0x2123, 0x2943, 0x2123, 0x2123, 0x2103, 0x2103, 0x18A1, 0x39A5, 0xD656, 0xFFFC, 0xFF7A, 0xFF9A,
    0xFF7A, 0xFF9A, 0xFF9A, 0xFF7A, 0xFF7A, 0xFF7A, 0xFF7A, 0xFF7A, 0xFF7A, 0xFF7A, 0xFF7A, 0xFF7A, 0xFF5A, 0xFF5A, 0xFF5A, 0xFF5A,
    0xFF5A, 0xFF5A, 0xFF5A, 0xFF5A, 0xFF5A, 0xF75A, 0xF75A, 0xF75A, 0xF75A, 0xF75A, 0xF75A, 0xF75A, 0xF73A, 0xF739, 0xF73A, 0xF73A,
    0xF73A, 0xF73A, 0xF73A, 0xF73A, 0xF73A, 0xF73A, 0xF73A, 0xF73A, 0xF73A, 0xF73A, 0xF73A, 0xF73A, 0xF73A, 0xF73A, 0xF73A, 0xF73A,
    0xF73A, 0xF73A, 0xF73A, 0xF73A, 0xF73A, 0xF73A, 0xF73A, 0xF73A, 0xF75A, 0xF75A, 0xF75A, 0xF75A, 0xF75A, 0xF75A, 0xF75A, 0xF75A,
    0xC50F, 0xC50F, 0xC52F, 0xC50F, 0xC50F, 0xC510, 0xC510, 0xC510, 0xC530, 0xC510, 0xC530, 0xC52F, 0xC52F, 0xC52F, 0xC52F, 0xC52F,
    0xC50F, 0xBD0F, 0xBD0F, 0xBD0F, 0xBD0F, 0xBD0F, 0xBD0F, 0xBD0F, 0xBD0F, 0xBD0F, 0xBD0F, 0xBD0F, 0xBD0F, 0xBD0F, 0xBD0F, 0xBCEF,
    0xBCEF, 0xBD0F, 0xBD0F, 0xBD0F, 0xBD0F, 0xBD0F, 0xBD0F, 0xA44D, 0x9C2C, 0xCD92, 0xCDB3, 0xCDB3, 0xCDB3, 0xCDB3, 0xCDB3, 0xCDB3,
    0xCDB3, 0xCDB3, 0xCDB3, 0xCDB3, 0xCDB3, 0xCDB3, 0xCDB3, 0xCDB3, 0xCDB3, 0xCDB3, 0xCDB3, 0xCDB3, 0xCDB3, 0xCDB3, 0xCDB3, 0xCDB3,
    0xCDB3, 0xCDB3, 0xCDB3, 0xCDB3, 0xCDB3, 0xCDB3, 0xCDB3, 0xCDB3, 0xCDB3, 0xCDB3, 0xCDB3, 0xCDB3, 0xCDB3, 0xCDB3, 0xCDB3, 0xCDB3,
    0xCDB3, 0xCDB3, 0xCDB3, 0xCDD3, 0xD5D3, 0xD5D3, 0xD5D3, 0xD5D3, 0xD5D3, 0xD5F3, 0xD5F3, 0xD5F3, 0xD5F3, 0xD5F3, 0xD5F3, 0xD5F3,
    0xD5F3, 0xDE14, 0xDE14, 0xDE34, 0xDE34, 0xDE34, 0xDE34, 0xDE34, 0xDE55, 0xE655, 0xE675, 0xE676, 0xE696, 0xE696, 0xEEB6, 0xEED7,
    0xEED7, 0xEED7, 0xEEF7, 0xF6F8, 0xF718, 0xF718, 0xF738, 0xF738, 0xF738, 0xFF59, 0xFF59, 0xFF79, 0xFF79, 0xFF7A, 0xFF9A, 0xFF9A,
    0xFFDB, 0xBDD4, 0x7B8C, 0x20C2, 0x2964, 0x3185, 0x2102, 0x10A1, 0x10A1, 0x10A1, 0x10A1, 0x10A1, 0x1081, 0x0860, 0x0860, 0x0881,
    0x10A1, 0x10A1, 0x10A1, 0x10A1, 0x10A2, 0x10A2, 0x18C2, 0x10C2, 0x10C2, 0x1081, 0x0861, 0x0881, 0x1081, 0x10A1, 0x10A1, 0x10A1,
    0x10A1, 0x10A1, 0x10A1, 0x10A1, 0x18E2, 0x2103, 0x2123, 0x2924, 0x18C2, 0x18A1, 0x2103, 0x18A1, 0x62A8, 0xE718, 0xFFBB, 0xFF7A,
    0xFF9A, 0xFF9A, 0xFF9A, 0xFF7A, 0xFF7A, 0xFF7A, 0xFF7A, 0xFF7A, 0xFF7A, 0xFF7A, 0xFF7A, 0xFF7A, 0xFF5A, 0xFF5A, 0xFF5A, 0xFF5A,
    0xFF5A, 0xFF5A, 0xFF5A, 0xFF5A, 0xFF5A, 0xFF5A, 0xF75A, 0xF75A, 0xF75A, 0xF75A, 0xF73A, 0xF73A, 0xF73A, 0xF739, 0xF739, 0xF739,
    0xF73A, 0xF73A, 0xF73A, 0xF73A, 0xF73A, 0xF73A, 0xF73A, 0xF73A, 0xF73A, 0xF73A, 0xF73A, 0xF73A, 0xF73A, 0xF73A, 0xF73A, 0xF73A,
    0xF73A, 0xF73A, 0xF73A, 0xF73A, 0xF73A, 0xF73A, 0xF75A, 0xF75A, 0xF75A, 0xF75A, 0xF75A, 0xF75A, 0xF75A, 0xF75A, 0xF75A, 0xF75A,
    0xC52F, 0xC52F, 0xC52F, 0xC52F, 0xC50F, 0xC50F, 0xC510, 0xC510, 0xC510, 0xC510, 0xC52F, 0xC52F, 0xC52F, 0xC52F, 0xC52F, 0xC52F,
    0xC50F, 0xBD0F, 0xBD0F, 0xBD0F, 0xBD0F, 0xBD0F, 0xBD0F, 0xBD0F, 0xBD0F, 0xBD0F, 0xBD0F, 0xBD0F, 0xBD0F, 0xBD0F, 0xBD0F, 0xBD0F,
    0xBD0F, 0xBD0F, 0xBD0F, 0xBD0F, 0xBD0F, 0xBD0F, 0xBD0F, 0xA44D, 0xA42C, 0xCD92, 0xCDB3, 0xCDB3, 0xCDB3, 0xCDB3, 0xCDB3, 0xCDB3,
    0xCDB3, 0xCDB3, 0xCDB3, 0xCDB3, 0xCDB3, 0xCDB3, 0xCDB3, 0xCDB3, 0xCDB3, 0xCDB3, 0xCDB3, 0xCDB3, 0xCDB3, 0xCDB3, 0xCDB3, 0xCDB3,
    0xCDB3, 0xCDB3, 0xCDB3, 0xCDB3, 0xCDB3, 0xCDB3, 0xCDB3, 0xCDB3, 0xCDB3, 0xCDB3, 0xCDB3, 0xCDB3, 0xCDB3, 0xCDB3, 0xCDB3, 0xCDB3,
    0xCDB3, 0xCDB3, 0xCDD3, 0xCDD3, 0xD5D3, 0xD5D3, 0xD5D3, 0xD5D3, 0xD5D3, 0xD5F3, 0xD5F3, 0xD5F3, 0xD5F3, 0xD5F3, 0xD5F3, 0xD5F3,
    0xD5F3, 0xD5F4, 0xDE14, 0xDE34, 0xDE34, 0xDE34, 0xDE34, 0xDE54, 0xE655, 0xE655, 0xE675, 0xE675, 0xE696, 0xE696, 0xEEB6, 0xEED7,
    0xEED7, 0xEEF7, 0xEEF7, 0xF6F8, 0xF6F8, 0xF718, 0xF718, 0xF738, 0xF738, 0xFF59, 0xFF59, 0xFF79, 0xFF79, 0xFF7A, 0xFF9A, 0xFF9A,
    0xEF39, 0x41E5, 0x18C2, 0x39C6, 0x39A6, 0x39A6, 0x2103, 0x10A1, 0x18C2, 0x10A1, 0x10A1, 0x10A1, 0x10A1, 0x1081, 0x0860, 0x0860,
    0x1081, 0x10A1, 0x10A1, 0x10A1, 0x10A1, 0x10A1, 0x10A1, 0x0861, 0x0860, 0x0860, 0x0861, 0x0881, 0x1081, 0x10A1, 0x10A1, 0x10A1,
    0x10A1, 0x10A1, 0x10A1, 0x10A1, 0x10A1, 0x2103, 0x2123, 0x2923, 0x18E2, 0x18E2, 0x20E2, 0x2123, 0x1060, 0xAD31, 0xF79A, 0xFF7A,
    0xFF7A, 0xFF7A, 0xFF7A, 0xFF7A, 0xFF7A, 0xFF7A, 0xFF7A, 0xFF7A, 0xFF7A, 0xFF7A, 0xFF7A, 0xFF7A, 0xFF7A, 0xFF7A, 0xFF7A, 0xFF5A,
    0xFF5A, 0xFF5A, 0xFF5A, 0xFF5A, 0xFF5A, 0xFF5A, 0xF75A, 0xF75A, 0xF75A, 0xF75A, 0xF73A, 0xF73A, 0xF73A, 0xF739, 0xF739, 0xF759,
    0xF73A, 0xF73A, 0xF73A, 0xF73A, 0xF73A, 0xF73A, 0xF73A, 0xF73A, 0xF73A, 0xF73A, 0xF73A, 0xF73A, 0xF73A, 0xF73A, 0xF73A, 0xF73A,
    0xF73A, 0xF73A, 0xF73A, 0xF73A, 0xF73A, 0xF75A, 0xF75A, 0xF75A, 0xF75A, 0xF75A, 0xF75A, 0xF75A, 0xF75A, 0xF75A, 0xF75A, 0xF75A,
    0xC52F, 0xC52F, 0xC50F, 0xC50F, 0xC50F, 0xC50F, 0xC50F, 0xC50F, 0xC50F, 0xC50F, 0xC50F, 0xC52F, 0xC52F, 0xC50F, 0xC50F, 0xC50F,
    0xC50F, 0xC50F, 0xC4EF, 0xC50F, 0xC50F, 0xC50F, 0xBD0F, 0xBD0F, 0xBD0F, 0xBD0F, 0xBD0F, 0xBD0F, 0xBD0F, 0xBD0F, 0xBD0F, 0xBD0F,
    0xBD0F, 0xBD0F, 0xBD0F, 0xBD0F, 0xBD0F, 0xBD0F, 0xC50F, 0xA44D, 0xA42C, 0xCD92, 0xCDB3, 0xCDB2, 0xCDB2, 0xCDB2, 0xCDB3, 0xCDB3,
    0xCDB3, 0xCDB3, 0xCDB3, 0xCDB3, 0xCDB3, 0xCDB3, 0xCDB3, 0xCDB3, 0xCDB3, 0xCDB3, 0xCDB3, 0xCDB3, 0xCDB3, 0xCDB3, 0xCDB3, 0xCDB3,
    0xCDB3, 0xCDB3, 0xCDB3, 0xCDB3, 0xCDB3, 0xCDB3, 0xCDB3, 0xCDB3, 0xCDB3, 0xCDB3, 0xCDB3, 0xCDB3, 0xCDB3, 0xCDB3, 0xCDB3, 0xCDB3,
    0xCDB3, 0xCDB3, 0xCDD3, 0xCDD3, 0xD5D3, 0xD5D3, 0xD5D3, 0xD5D3, 0xD5D3, 0xD5F3, 0xD5F3, 0xD5F3, 0xD5F3, 0xD5F3, 0xDDF3, 0xDE13,
    0xD614, 0xD614, 0xDE14, 0xDE34, 0xDE34, 0xDE34, 0xDE34, 0xDE34, 0xE655, 0xE655, 0xE675, 0xE695, 0xE695, 0xE696, 0xEEB6, 0xEED7,
    0xEED7, 0xEEF7, 0xEEF7, 0xF6F8, 0xF718, 0xF718, 0xF718, 0xF738, 0xF738, 0xF759, 0xFF59, 0xFF79, 0xFF79, 0xFF7A, 0xFFBB, 0xEF19,
    0x3964, 0x20E2, 0x2964, 0x2923, 0x2923, 0x20E2, 0x18C2, 0x10A1, 0x10A1, 0x10C2, 0x10A1, 0x10A1, 0x10A1, 0x10A1, 0x1081, 0x0881,
    0x0860, 0x0860, 0x0861, 0x0861, 0x0860, 0x0860, 0x0860, 0x0860, 0x0860, 0x0860, 0x0861, 0x1081, 0x1081, 0x1081, 0x1081, 0x1081,
    0x1081, 0x1081, 0x10A1, 0x1081, 0x10A1, 0x10A1, 0x18E2, 0x2103, 0x2103, 0x2903, 0x2903, 0x2103, 0x2102, 0x18A1, 0x6B0A, 0xFFDB,
    0xFF7A, 0xFF7A, 0xFF7A, 0xFF7A, 0xFF7A, 0xFF7A, 0xFF7A, 0xFF7A, 0xFF7A, 0xFF7A, 0xFF7A, 0xFF7A, 0xFF7A, 0xFF7A, 0xFF7A, 0xFF5A,
    0xFF5A, 0xFF5A, 0xFF5A, 0xF75A, 0xF75A, 0xF75A, 0xF75A, 0xF75A, 0xF759, 0xF759, 0xF73A, 0xF73A, 0xF739, 0xF759, 0xF75A, 0xF73A,
    0xF73A, 0xF73A, 0xF73A, 0xF73A, 0xF73A, 0xF73A, 0xF73A, 0xF73A, 0xF73A, 0xF73A, 0xF73A, 0xF73A, 0xF73A, 0xF73A, 0xF73A, 0xF73A,
    0xF73A, 0xF75A, 0xF75A, 0xF75A, 0xF73A, 0xF73A, 0xF73A, 0xF73A, 0xF73A, 0xF73A, 0xF73A, 0xF73A, 0xF75A, 0xF73A, 0xF73A, 0xF75B,
    0xC50F, 0xC50F, 0xC50F, 0xC50F, 0xC50F, 0xC50F, 0xC50F, 0xC50F, 0xC50F, 0xC50F, 0xC50F, 0xC50F, 0xC50F, 0xC52F, 0xC50F, 0xC50F,
    0xC50F, 0xC50F, 0xC4EF, 0xC50F, 0xC4EF, 0xC50F, 0xBD0F, 0xBD0F, 0xBD0F, 0xBD0F, 0xBD0F, 0xBD0F, 0xBD0F, 0xBD0F, 0xBD0F, 0xBD0F,
    0xBD0F, 0xBD0F, 0xBD0F, 0xBD0F, 0xBD0F, 0xBD0F, 0xC50F, 0xA44D, 0xA42C, 0xCD92, 0xCDB3, 0xCDB2, 0xCDB2, 0xCDB2, 0xCDB3, 0xCDB3,
    0xCDB3, 0xCDB3, 0xCDB3, 0xCDB3, 0xCDB3, 0xCDB3, 0xCDB3, 0xCDB3, 0xCDB3, 0xCDB3, 0xCDB3, 0xCDB3, 0xCDB3, 0xCDB3, 0xCDB3, 0xCDB3,
    0xCDB3, 0xCDB3, 0xCDB3, 0xCDB3, 0xCDB3, 0xCDB3, 0xCDB3, 0xCDB3, 0xCDB3, 0xCDB3, 0xCDB3, 0xCDB3, 0xCDB3, 0xCDB3, 0xCDB3, 0xCDB3,
    0xCDB3, 0xCDB3, 0xCDB3, 0xCDD3, 0xD5D3, 0xD5D3, 0xD5D3, 0xD5D3, 0xD5D3, 0xD5F3, 0xD5F3, 0xD5F3, 0xD5F3, 0xD5F3, 0xD5F3, 0xDE13,
    0xDE13, 0xDE14, 0xDE14, 0xDE34, 0xDE34, 0xDE34, 0xDE54, 0xE654, 0xE655, 0xE655, 0xE675, 0xE695, 0xE695, 0xE696, 0xE6B6, 0xEEB6,
    0xEED7, 0xEEF7, 0xEEF7, 0xF6F8, 0xF718, 0xF718, 0xF718, 0xF718, 0xF738, 0xFF59, 0xFF59, 0xFF59, 0xFF79, 0xFF7A, 0xFFBB, 0xE6F8,
    0x28E2, 0x18A1, 0x2923, 0x2103, 0x2103, 0x18C2, 0x10A1, 0x10A1, 0x10A1, 0x10A1, 0x10A1, 0x10A1, 0x10A1, 0x10A2, 0x18C2, 0x10A2,
    0x0860, 0x0840, 0x0840, 0x0860, 0x0860, 0x0860, 0x0860, 0x0840, 0x0860, 0x0860, 0x0860, 0x10C2, 0x18C2, 0x10A1, 0x0881, 0x0861,
    0x0881, 0x0861, 0x1081, 0x10A1, 0x10A1, 0x1081, 0x10C1, 0x18E2, 0x2103, 0x2923, 0x2923, 0x2923, 0x2923, 0x0840, 0x5288, 0xFFDB,
    0xFF7A, 0xFF7A, 0xFF7A, 0xFF7A, 0xFF7A, 0xFF7A, 0xFF7A, 0xFF7A, 0xFF7A, 0xFF7A, 0xFF5A, 0xFF7A, 0xFF7A, 0xFF7A, 0xFF7A, 0xFF7A,
    0xFF5A, 0xFF5A, 0xFF5A, 0xF75A, 0xF75A, 0xF75A, 0xF759, 0xF75A, 0xF759, 0xF759, 0xF73A, 0xF73A, 0xF739, 0xF739, 0xF75A, 0xF73A,
    0xF73A, 0xF73A, 0xF73A, 0xF73A, 0xF73A, 0xF73A, 0xF73A, 0xF73A, 0xF73A, 0xF73A, 0xF73A, 0xF73A, 0xF73A, 0xF73A, 0xF73A, 0xF73A,
    0xF75A, 0xF75A, 0xF75A, 0xF73A, 0xF75A, 0xF73A, 0xF73A, 0xF73A, 0xF73A, 0xF73A, 0xF73A, 0xF73A, 0xF73A, 0xF75A, 0xF75A, 0xF75A,
    0xC50F, 0xC50F, 0xC50F, 0xC50F, 0xC50F, 0xC50F, 0xC50F, 0xC50F, 0xC50F, 0xC50F, 0xC50F, 0xC50F, 0xC50F, 0xC50F, 0xC50F, 0xBD0F,
    0xC50F, 0xC50F, 0xC4EF, 0xC50F, 0xC50F, 0xBD0F, 0xBD0F, 0xBD0F, 0xBD0F, 0xBD0F, 0xBD0F, 0xBD0F, 0xBD0F, 0xBD0F, 0xBD0F, 0xBD0F,
    0xBD0F, 0xBD0F, 0xBD0F, 0xBD0F, 0xBD0F, 0xBD0F, 0xBD0F, 0xA44D, 0xA42C, 0xCD92, 0xCDB3, 0xCDB2, 0xCDB2, 0xCDB2, 0xCDB3, 0xCDB3,
    0xCDB3, 0xCDB3, 0xCDB3, 0xCDB3, 0xCDB3, 0xCDB3, 0xCDB3, 0xCDB3, 0xCDB3, 0xCDB3, 0xCDB3, 0xCDB3, 0xCDB3, 0xCDB3, 0xCDB3, 0xCDB3,
    0xCDB3, 0xCDB3, 0xCDB3, 0xCDB3, 0xCDB3, 0xCDB3, 0xCDB3, 0xCDB3, 0xCDB3, 0xCDB3, 0xCDB3, 0xCDB3, 0xCDB3, 0xCDB3, 0xCDB3, 0xCDB3,
    0xCDB3, 0xCDB3, 0xCDB3, 0xCDD3, 0xCDD3, 0xD5D3, 0xD5D3, 0xD5D3, 0xD5D3, 0xD5F3, 0xD5F3, 0xD5F3, 0xD5F3, 0xD5F3, 0xDE13, 0xDE14,
    0xDE14, 0xDE14, 0xDE34, 0xDE34, 0xDE54, 0xDE54, 0xDE54, 0xE654, 0xE655, 0xE675, 0xE675, 0xE695, 0xE695, 0xE696, 0xEEB6, 0xEEB6,
    0xEED7, 0xEED7, 0xEEF7, 0xF6F8, 0xF718, 0xF718, 0xF718, 0xF738, 0xF738, 0xFF58, 0xFF59, 0xFF79, 0xFF79, 0xFF79, 0xFFBA, 0xE6F8,
    0x2902, 0x18C2, 0x2944, 0x2943, 0x2923, 0x18E2, 0x10A1, 0x10A1, 0x10A1, 0x10A1, 0x10A1, 0x1081, 0x1081, 0x1081, 0x1081, 0x1081,
    0x0861, 0x0860, 0x0860, 0x0860, 0x0860, 0x0860, 0x0861, 0x1081, 0x1081, 0x1081, 0x10A1, 0x18C2, 0x18E2, 0x18C2, 0x1081, 0x0861,
    0x0861, 0x10A1, 0x10A2, 0x1081, 0x1081, 0x10A1, 0x10A1, 0x10A1, 0x18C2, 0x20E2, 0x2903, 0x2923, 0x2903, 0x0840, 0x5A88, 0xFFDB,
    0xFF7A, 0xFF7A, 0xFF7A, 0xFF7A, 0xFF7A, 0xFF7A, 0xFF7A, 0xFF7A, 0xFF7A, 0xFF7A, 0xFF7A, 0xFF7A, 0xFF7A, 0xFF7A, 0xFF7A, 0xFF7A,
    0xFF5A, 0xFF5A, 0xFF5A, 0xF75A, 0xF75A, 0xF75A, 0xF759, 0xF759, 0xF759, 0xF759, 0xF73A, 0xF73A, 0xF739, 0xF759, 0xF739, 0xF739,
    0xF73A, 0xF73A, 0xF73A, 0xF73A, 0xF73A, 0xF73A, 0xF73A, 0xF75A, 0xF73A, 0xF73A, 0xF73A, 0xF73A, 0xF73A, 0xF73A, 0xF73A, 0xF73A,
    0xF75A, 0xF75A, 0xF75A, 0xF73A, 0xF73A, 0xF73A, 0xF73A, 0xF73A, 0xF75A, 0xF75A, 0xF73A, 0xF75A, 0xF73A, 0xF75A, 0xF75A, 0xF75A,
    0xC52F, 0xC52F, 0xC52F, 0xC50F, 0xC50F, 0xC50F, 0xC50F, 0xC50F, 0xC50F, 0xC50F, 0xC50F, 0xC50F, 0xC50F, 0xC50F, 0xBD0F, 0xBD0F,
    0xBD0F, 0xC50F, 0xC4EF, 0xBCEF, 0xC50F, 0xBD0F, 0xBD0F, 0xBCEF, 0xBCEF, 0xC50F, 0xBD0F, 0xBD0F, 0xBD0F, 0xBD0F, 0xBD0F, 0xBD0F,
    0xBD0F, 0xBD0F, 0xBD0F, 0xBD0F, 0xBD0F, 0xC50F, 0xC50F, 0xAC6D, 0xA42D, 0xCD92, 0xCDB3, 0xCDB2, 0xCDB2, 0xCDB2, 0xCDB2, 0xCDB3,
    0xCDB3, 0xCDB3, 0xCDB3, 0xCDB3, 0xCDB3, 0xCDB3, 0xCDB3, 0xCDB3, 0xCDB3, 0xCDB3, 0xCDB3, 0xCDB3, 0xCDB3, 0xCDB3, 0xCDB3, 0xCDB3,
    0xCDB3, 0xCDB3, 0xCDB3, 0xCDB3, 0xCDB3, 0xCDB3, 0xCDB3, 0xCDB3, 0xCDB3, 0xCDB3, 0xCDB3, 0xCDB3, 0xCDB3, 0xCDB3, 0xCDB3, 0xCDB3,
    0xCDB3, 0xCDB3, 0xCDB3, 0xCDD3, 0xCDD3, 0xD5D3, 0xD5D3, 0xD5D3, 0xD5F3, 0xD5F3, 0xD5F3, 0xD5F3, 0xD5F3, 0xD5F4, 0xD5D3, 0xD5F3,
    0xD5F3, 0xD5D3, 0xD5F3, 0xD5F3, 0xD5F2, 0xDDF3, 0xE654, 0xE654, 0xE655, 0xE675, 0xE675, 0xE695, 0xE695, 0xE696, 0xEEB6, 0xEED7,
    0xEED7, 0xEED7, 0xEEF7, 0xEEF7, 0xF717, 0xF717, 0xF718, 0xF738, 0xF738, 0xFF59, 0xFF59, 0xFF79, 0xFF79, 0xFF79, 0xFFBA, 0xF739,
    0x2903, 0x2103, 0x3164, 0x2944, 0x3164, 0x18C2, 0x0860, 0x0860, 0x0860, 0x10A1, 0x10A1, 0x10A1, 0x1081, 0x0860, 0x0861, 0x0881,
    0x0861, 0x0860, 0x0860, 0x0860, 0x0860, 0x0860, 0x0860, 0x1081, 0x10A2, 0x18C2, 0x18C2, 0x18C2, 0x18C2, 0x18E2, 0x18E2, 0x18E2,
    0x18E2, 0x18C2, 0x10A2, 0x10A2, 0x1081, 0x1081, 0x1081, 0x1081, 0x1081, 0x18C1, 0x2923, 0x2903, 0x2903, 0x0820, 0x5268, 0xFFBB,
    0xFF7A, 0xFF7A, 0xFF7A, 0xFF7A, 0xFF7A, 0xFF7A, 0xFF7A, 0xFF7A, 0xFF7A, 0xFF7A, 0xFF7A, 0xFF7A, 0xFF7A, 0xFF7A, 0xFF7A, 0xFF7A,
    0xFF5A, 0xFF5A, 0xFF5A, 0xF75A, 0xF75A, 0xF75A, 0xF759, 0xF759, 0xF759, 0xF759, 0xF73A, 0xF739, 0xF739, 0xF739, 0xF739, 0xF739,
    0xF759, 0xF73A, 0xF73A, 0xF73A, 0xF73A, 0xF75A, 0xF75A, 0xF75A, 0xF75A, 0xF75A, 0xF75A, 0xF73A, 0xF73A, 0xF73A, 0xF73A, 0xF73A,
    0xF73A, 0xF73A, 0xF73A, 0xF73A, 0xF75A, 0xF73A, 0xF75A, 0xF75A, 0xF75A, 0xF75A, 0xF73A, 0xF73A, 0xF75A, 0xF75A, 0xF75A, 0xF75A,
    0xC52F, 0xC52F, 0xC52F, 0xC52F, 0xC50F, 0xC50F, 0xC50F, 0xC50F, 0xC50F, 0xC50F, 0xC50F, 0xC50F, 0xC50F, 0xC50F, 0xBD0F, 0xBD0F,
    0xC50F, 0xC50F, 0xC4EF, 0xBCEF, 0xC4EF, 0xBD0F, 0xBD0F, 0xBCEF, 0xBCEF, 0xBCEF, 0xBCEF, 0xBD0F, 0xBD0F, 0xBD0F, 0xBD0F, 0xBD0F,
    0xBD0F, 0xBD0F, 0xBD0F, 0xBD0F, 0xBD0F, 0xBCEF, 0xC50F, 0xB4AE, 0x9C0C, 0xACAE, 0xCDB3, 0xCDB3, 0xCDB2, 0xCDB2, 0xCDB2, 0xCDB2,
    0xCDB3, 0xCDB3, 0xCDB3, 0xCDB3, 0xCDB3, 0xCDB3, 0xCDB3, 0xCDB3, 0xCDB3, 0xCDB3, 0xCDB3, 0xCDB3, 0xCDB3, 0xCDB3, 0xCDB3, 0xCDB3,
    0xCDB3, 0xCDB3, 0xCDB3, 0xCDB3, 0xCDB3, 0xCDB3, 0xCDB3, 0xCDB3, 0xCDB3, 0xCDB3, 0xCDB3, 0xCDB3, 0xCDB3, 0xCDB3, 0xCDB3, 0xCDB3,
    0xCDB3, 0xCDB3, 0xCDD3, 0xCDD3, 0xD5D3, 0xD5D3, 0xD5D3, 0xD5F3, 0xD5D3, 0xD5F3, 0xD5F3, 0xD5F3, 0xDDF3, 0xE654, 0xAC4C, 0x9348,
    0x9B89, 0x9B89, 0x9B89, 0x9B89, 0x9388, 0xAC2C, 0xEEB6, 0xEEB6, 0xEEB6, 0xEEB6, 0xEE95, 0xE695, 0xE695, 0xE6B6, 0xEEB6, 0xEED7,
    0xEED7, 0xEED7, 0xEEF7, 0xEEF7, 0xF717, 0xF718, 0xF718, 0xF738, 0xF738, 0xFF59, 0xFF59, 0xFF79, 0xFF79, 0xFF79, 0xFF9A, 0xBDB4,
    0x28E2, 0x2923, 0x3164, 0x18A1, 0x1080, 0x0860, 0x0860, 0x0860, 0x0860, 0x18C2, 0x18C2, 0x18C2, 0x10C2, 0x0861, 0x0860, 0x0861,
    0x0861, 0x0860, 0x0860, 0x0860, 0x0860, 0x0860, 0x0860, 0x0860, 0x0861, 0x1081, 0x10C2, 0x18C2, 0x10C2, 0x18C2, 0x18E2, 0x18E2,
    0x18E3, 0x10A1, 0x1081, 0x10A2, 0x0861, 0x1081, 0x1081, 0x1081, 0x1081, 0x18C1, 0x2903, 0x2903, 0x2903, 0x0820, 0x5A88, 0xFFDB,
    0xFF7A, 0xFF9A, 0xFF9A, 0xFF9A, 0xFF7A, 0xFF7A, 0xFF7A, 0xFF7A, 0xFF7A, 0xFF7A, 0xFF7A, 0xFF7A, 0xFF7A, 0xFF7A, 0xFF7A, 0xFF7A,
    0xFF5A, 0xFF5A, 0xFF5A, 0xF75A, 0xF759, 0xF75A, 0xF75A, 0xF759, 0xF759, 0xF759, 0xF73A, 0xF75A, 0xF73A, 0xF739, 0xF739, 0xF75A,
    0xF75A, 0xF73A, 0xF73A, 0xF75A, 0xF75A, 0xF73A, 0xF75A, 0xF75A, 0xF75A, 0xF73A, 0xF73A, 0xF73A, 0xF73A, 0xF73A, 0xF73A, 0xF73A,
    0xF73A, 0xF75A, 0xF75A, 0xF73A, 0xF75A, 0xF75A, 0xF75A, 0xF75A, 0xF75A, 0xF75A, 0xF75A, 0xF75A, 0xF75A, 0xF75A, 0xF75A, 0xF75A,
    0xC50F, 0xC50F, 0xC52F, 0xC52F, 0xC52F, 0xC50F, 0xC50F, 0xC50F, 0xC50F, 0xC50F, 0xC50F, 0xC52F, 0xC50F, 0xC50F, 0xBD0F, 0xC50F,
    0xC50F, 0xC50F, 0xC4EF, 0xC50F, 0xBD0F, 0xBD0F, 0xBCEF, 0xBCEF, 0xBCEF, 0xBCEF, 0xBCEF, 0xBCEF, 0xBD0F, 0xBD0F, 0xBD0F, 0xC50F,
    0xBD0F, 0xBD0F, 0xBD0F, 0xBD0F, 0xBD0F, 0xBCEF, 0xBD0F, 0xB4AE, 0x9C0C, 0xAC6D, 0xCDB3, 0xCDB3, 0xCDB3, 0xCDB3, 0xCDB3, 0xCDB3,
    0xCDB3, 0xCDB3, 0xCDB3, 0xCDB3, 0xCDB3, 0xCDB3, 0xCDB3, 0xCDB3, 0xCDB3, 0xCDB3, 0xCDB3, 0xCDB3, 0xCDB3, 0xCDB3, 0xCDB3, 0xCDB3,
    0xCDB3, 0xCDB3, 0xCDB3, 0xCDB3, 0xCDB3, 0xCDB3, 0xCDB3, 0xCDB3, 0xCDB3, 0xCDB3, 0xCDB3, 0xCDB3, 0xCDB3, 0xCDB3, 0xCDB3, 0xCDB3,
    0xCDB3, 0xCDB3, 0xCDB3, 0xCDD3, 0xCDD3, 0xD5D3, 0xD5F3, 0xD5F3, 0xD614, 0xDE34, 0xDE34, 0xE655, 0xD5B2, 0x9B88, 0xB4D0, 0xE6FA,
    0xE6F9, 0xEF1A, 0xEF1A, 0xEF1A, 0xEF3B, 0xCDF4, 0xA3EA, 0xAC4C, 0xAC4C, 0xAC4C, 0xDE34, 0xEEB6, 0xE696, 0xEEB6, 0xEED6, 0xEED7,
    0xEED7, 0xF6F7, 0xF6F7, 0xF717, 0xF717, 0xF718, 0xF718, 0xF738, 0xF738, 0xFF59, 0xFF59, 0xFF79, 0xFF79, 0xFF99, 0xF779, 0x41A5,
    0x1060, 0x2943, 0x3164, 0x18C2, 0x0840, 0x0861, 0x0860, 0x0860, 0x0860, 0x0861, 0x0861, 0x1081, 0x1081, 0x0860, 0x0861, 0x0861,
    0x0860, 0x0860, 0x0860, 0x0860, 0x0860, 0x0860, 0x0860, 0x0860, 0x0840, 0x0860, 0x10A2, 0x18C2, 0x10C2, 0x18C2, 0x18C2, 0x18C2,
    0x18E2, 0x18C2, 0x10A2, 0x1081, 0x0860, 0x0881, 0x1081, 0x0881, 0x0860, 0x1081, 0x18C2, 0x2903, 0x2903, 0x0820, 0x5A88, 0xFF9A,
    0xF759, 0xFF7A, 0xFF9A, 0xFF9A, 0xFF9A, 0xFF7A, 0xFF7A, 0xFF7A, 0xFF7A, 0xFF7A, 0xFF7A, 0xFF7A, 0xFF7A, 0xFF7A, 0xFF7A, 0xFF7A,
    0xFF7A, 0xFF5A, 0xFF5A, 0xFF5A, 0xF759, 0xF759, 0xF759, 0xF759, 0xF759, 0xF75A, 0xF75A, 0xF75A, 0xF75A, 0xF739, 0xF739, 0xF73A,
    0xF73A, 0xF73A, 0xF73A, 0xF73A, 0xF73A, 0xF73A, 0xF73A, 0xF75A, 0xF73A, 0xF73A, 0xF73A, 0xF73A, 0xF73A, 0xF73A, 0xF73A, 0xF73A,
    0xF73A, 0xF73A, 0xF73A, 0xF75A, 0xF75A, 0xF75A, 0xF75A, 0xF75A, 0xF75A, 0xF75A, 0xF75A, 0xF75A, 0xF73A, 0xF73A, 0xF75A, 0xF75A,
    0xC50F, 0xC50F, 0xC52F, 0xC52F, 0xC52F, 0xC50F, 0xC50F, 0xC50F, 0xC50F, 0xC50F, 0xC50F, 0xC52F, 0xC50F, 0xC50F, 0xC50F, 0xC50F,
    0xC50F, 0xC50F, 0xC4EF, 0xBCEF, 0xBD0F, 0xBD0F, 0xBCEF, 0xBCEF, 0xBCEF, 0xBCEF, 0xBCEF, 0xBCEF, 0xBCEF, 0xBD0F, 0xBD0F, 0xC50F,
    0xBD0F, 0xBD0F, 0xBD0F, 0xBD0F, 0xBD0F, 0xBD0F, 0xC50F, 0xB4CE, 0xA40C, 0xAC6E, 0xCDB3, 0xCDB3, 0xCDB3, 0xCDB3, 0xCDB3, 0xCDB3,
    0xCDB3, 0xCDB3, 0xCDB3, 0xCDB3, 0xCDB3, 0xCDB3, 0xCDB3, 0xCDB3, 0xCDB3, 0xCDB3, 0xCDB3, 0xCDB3, 0xCDB3, 0xCDB3, 0xCDB3, 0xCDB3,
    0xCDB3, 0xCDB3, 0xCDB3, 0xCDB3, 0xCDB3, 0xCDB3, 0xCDB3, 0xCDB3, 0xCDB3, 0xCDB3, 0xCDB3, 0xCDB3, 0xCDB3, 0xCDB3, 0xCDB3, 0xCDD3,
    0xD5D3, 0xD5F3, 0xD5F3, 0xD5F4, 0xD5F4, 0xD5F4, 0xD5F4, 0xD634, 0xC530, 0xB44B, 0xB46C, 0xB44C, 0xC551, 0xCDF5, 0xE6D9, 0xFFFF,
    0xFFFF, 0xFFFF, 0xFFFF, 0xFFFF, 0xFFFF, 0xE71A, 0xB4F0, 0xBD31, 0xBD11, 0xBCF0, 0xE654, 0xEEB6, 0xEEB6, 0xEEB6, 0xEED7, 0xF6F7,
    0xF717, 0xEEF7, 0xF6F7, 0xEEF7, 0xF717, 0xF717, 0xF718, 0xF738, 0xF758, 0xFF59, 0xFF59, 0xFF79, 0xFF79, 0xFF9A, 0xFF9A, 0x41C5,
    0x18A1, 0x3164, 0x2964, 0x2944, 0x2103, 0x18C2, 0x18A2, 0x0840, 0x0840, 0x0840, 0x0840, 0x0840, 0x0860, 0x0861, 0x0861, 0x0861,
    0x0860, 0x0860, 0x0860, 0x0860, 0x0860, 0x0860, 0x0860, 0x0860, 0x0860, 0x0860, 0x0861, 0x18C2, 0x10C2, 0x18C2, 0x18C2, 0x18C2,
    0x18E2, 0x18E2, 0x10A2, 0x0840, 0x0860, 0x0861, 0x0881, 0x0860, 0x0860, 0x1081, 0x18A1, 0x20C2, 0x2103, 0x18C2, 0x18C2, 0x3184,
    0xE6F8, 0xFFFD, 0xFFBB, 0xFF7A, 0xFF9A, 0xFF7A, 0xFF7A, 0xFF7A, 0xFF7A, 0xFF7A, 0xFF7A, 0xFF7A, 0xFF7A, 0xFF7A, 0xFF7A, 0xFF7A,
    0xFF7A, 0xFF5A, 0xFF5A, 0xFF5A, 0xF759, 0xF759, 0xF739, 0xF739, 0xF75A, 0xF75A, 0xF75A, 0xF75A, 0xF75A, 0xF759, 0xF739, 0xF73A,
    0xF73A, 0xF73A, 0xF73A, 0xF73A, 0xF73A, 0xF73A, 0xF73A, 0xF73A, 0xF73A, 0xF73A, 0xF73A, 0xF73A, 0xF73A, 0xF73A, 0xF73A, 0xF73A,
    0xF73A, 0xF73A, 0xF73A, 0xF75A, 0xF75A, 0xF75A, 0xF75A, 0xF75A, 0xF75A, 0xF75A, 0xF75A, 0xF75A, 0xF73A, 0xF73A, 0xF75A, 0xF75A,
    0xC50F, 0xC50F, 0xC52F, 0xC52F, 0xC52F, 0xC50F, 0xC50F, 0xC50F, 0xC50F, 0xC50F, 0xC50F, 0xC50F, 0xC50F, 0xC50F, 0xC50F, 0xC50F,
    0xC50F, 0xC50F, 0xC4EF, 0xC4EF, 0xBD0F, 0xBD0F, 0xBCEF, 0xC4EF, 0xBCEF, 0xBCEF, 0xBCEF, 0xBCEF, 0xC50F, 0xBD0F, 0xC50F, 0xC50F,
    0xC50F, 0xC50F, 0xBD0F, 0xBD0F, 0xBD0F, 0xBD0F, 0xC50F, 0xB4CE, 0x9C0C, 0xAC6D, 0xCDB3, 0xCDB3, 0xCDB3, 0xCDB3, 0xCDB3, 0xCDB3,
    0xCDB3, 0xCDB3, 0xCDB3, 0xCDB3, 0xCDB3, 0xCDB3, 0xCDB3, 0xCDB3, 0xCDB3, 0xCDB3, 0xCDB3, 0xCDB3, 0xCDB3, 0xCDB3, 0xCDB3, 0xCDB3,
    0xCDB3, 0xCDB3, 0xCDB3, 0xCDB3, 0xCDB3, 0xCDB3, 0xCDB3, 0xCDB3, 0xCDB3, 0xCDB3, 0xCDB3, 0xCDB3, 0xCDB3, 0xCDB3, 0xCDB3, 0xCD92,
    0xC530, 0xC530, 0xC530, 0xC550, 0xC551, 0xD5B3, 0xD5B2, 0xCD91, 0xAC0C, 0xBD31, 0xBD52, 0xBD10, 0xD677, 0xFFFF, 0xFFFF, 0xFFFE,
    0xFFFE, 0xFFFE, 0xFFFE, 0xFFFE, 0xFFFE, 0xFFFF, 0xFFFF, 0xFFFF, 0xFFFF, 0xFFFE, 0xAC6D, 0xA3CA, 0xA40B, 0xAC0B, 0xA3EB, 0xA3AA,
    0xAC0B, 0xEEF7, 0xF759, 0xF738, 0xF738, 0xF759, 0xF738, 0xF738, 0xF759, 0xFF59, 0xFF59, 0xFF79, 0xFF79, 0xFF9A, 0xFF7A, 0x41C6,
    0x18C1, 0x3164, 0x2943, 0x2944, 0x2923, 0x18C2, 0x18C2, 0x10A2, 0x1081, 0x0840, 0x0860, 0x0860, 0x0860, 0x0860, 0x0860, 0x0860,
    0x0860, 0x0860, 0x0860, 0x0860, 0x0860, 0x0860, 0x0860, 0x0860, 0x0860, 0x0840, 0x0860, 0x0860, 0x0861, 0x0860, 0x0860, 0x0861,
    0x10A2, 0x18E2, 0x10A1, 0x0840, 0x0840, 0x0840, 0x0860, 0x0860, 0x0860, 0x1081, 0x18C2, 0x18E2, 0x2103, 0x2123, 0x1081, 0x0840,
    0x8C2E, 0x9CB0, 0xDE97, 0xFFDB, 0xFF7A, 0xFF9A, 0xFF7A, 0xFF7A, 0xFF7A, 0xFF7A, 0xFF7A, 0xFF7A, 0xFF7A, 0xFF7A, 0xFF7A, 0xFF5A,
    0xFF7A, 0xFF5A, 0xFF5A, 0xFF5A, 0xF759, 0xF759, 0xF759, 0xF739, 0xF75A, 0xF75A, 0xF739, 0xF739, 0xF75A, 0xF759, 0xF75A, 0xF73A,
    0xF73A, 0xF73A, 0xF73A, 0xF73A, 0xF73A, 0xF73A, 0xF73A, 0xF73A, 0xF73A, 0xF73A, 0xF73A, 0xF73A, 0xF73A, 0xF73A, 0xF73A, 0xF73A,
    0xF73A, 0xF73A, 0xF75A, 0xF75A, 0xF75A, 0xF75A, 0xF75A, 0xF75A, 0xF75A, 0xF75A, 0xF75A, 0xF75A, 0xF75A, 0xF75A, 0xF75A, 0xF75A,
    0xC50F, 0xC50F, 0xC52F, 0xC52F, 0xC52F, 0xC50F, 0xC50F, 0xC50F, 0xC50F, 0xC52F, 0xC52F, 0xC52F, 0xC50F, 0xC50F, 0xC50F, 0xC50F,
    0xC50F, 0xC50F, 0xC4EF, 0xBCEF, 0xBCEF, 0xBCEF, 0xBCEF, 0xBCEF, 0xBCEF, 0xBCEF, 0xBCEF, 0xBCEF, 0xBCEF, 0xBD0F, 0xC50F, 0xC50F,
    0xC50F, 0xC50F, 0xC50F, 0xBD0F, 0xBD0F, 0xBD0F, 0xC50F, 0xB4CE, 0xA42C, 0xAC6E, 0xCDB2, 0xCDB3, 0xCDB3, 0xCDB3, 0xCDB3, 0xCDB3,
    0xCDB3, 0xCDB3, 0xCDB3, 0xCDB3, 0xCDB3, 0xCDB3, 0xCDB3, 0xCDB3, 0xCDB3, 0xCDB3, 0xCDB3, 0xCDB3, 0xCDB3, 0xCDB3, 0xCDB3, 0xCDB3,
    0xCDB3, 0xCDB3, 0xCDB3, 0xCDB3, 0xCDB3, 0xCDB3, 0xCDB3, 0xCDB3, 0xCDB3, 0xCDB3, 0xCDB3, 0xCDD3, 0xD5F3, 0xCDF3, 0xD5F4, 0xC571,
    0xA3CB, 0xA3EB, 0xA3EB, 0xA3EB, 0xA3CB, 0xABEA, 0xB42C, 0xA3EA, 0xBD10, 0xFFFF, 0xFFFF, 0xFFFF, 0xFFFF, 0xFFFE, 0xFFFE, 0xFFFE,
    0xFFFE, 0xFFFE, 0xFFFE, 0xFFFE, 0xFFFE, 0xFFFE, 0xFFFE, 0xFFFE, 0xFFFE, 0xFFDD, 0xE6B9, 0xDEB8, 0xE6B9, 0xE6D9, 0xC593, 0xA44D,
    0xB4AF, 0xDE14, 0xDE34, 0xDE54, 0xE655, 0xE655, 0xEEB6, 0xF739, 0xF739, 0xFF59, 0xFF59, 0xFF79, 0xFF7A, 0xFF9A, 0xFF9A, 0x41C5,
    0x18C2, 0x2923, 0x18C2, 0x2923, 0x2923, 0x18C2, 0x18C2, 0x18E2, 0x18E2, 0x10C2, 0x0860, 0x0860, 0x0860, 0x0860, 0x0860, 0x0860,
    0x0840, 0x0881, 0x10A1, 0x10A1, 0x0881, 0x0860, 0x0860, 0x0860, 0x0860, 0x0840, 0x0860, 0x0860, 0x0860, 0x0861, 0x0861, 0x0861,
    0x10A1, 0x18E3, 0x10A1, 0x0840, 0x0860, 0x0860, 0x0860, 0x0881, 0x0861, 0x1081, 0x18E2, 0x2103, 0x2103, 0x2103, 0x18C2, 0x10A1,
    0x1081, 0x0000, 0xB553, 0xFFDC, 0xFF7A, 0xFF9A, 0xFF9A, 0xFF7A, 0xFF7A, 0xFF7A, 0xFF7A, 0xFF7A, 0xFF7A, 0xFF7A, 0xFF5A, 0xFF5A,
    0xFF5A, 0xFF5A, 0xFF5A, 0xFF5A, 0xF75A, 0xF759, 0xF759, 0xF75A, 0xF75A, 0xF75A, 0xF75A, 0xF75A, 0xF75A, 0xF75A, 0xF75A, 0xF739,
    0xF73A, 0xF73A, 0xF73A, 0xF73A, 0xF73A, 0xF73A, 0xF73A, 0xF73A, 0xF75A, 0xF73A, 0xF73A, 0xF73A, 0xF73A, 0xF73A, 0xF73A, 0xF73A,
    0xF73A, 0xF75A, 0xF75A, 0xF73A, 0xF75A, 0xF75A, 0xF75A, 0xF75A, 0xF75A, 0xF75A, 0xF75A, 0xF75A, 0xF75A, 0xF75A, 0xF75A, 0xF75A,
    0xC50F, 0xC50F, 0xC52F, 0xC52F, 0xC50F, 0xC50F, 0xC50F, 0xC50F, 0xC50F, 0xC52F, 0xC52F, 0xC50F, 0xC50F, 0xC50F, 0xC50F, 0xC50F,
    0xC50F, 0xC50F, 0xC4EF, 0xC50F, 0xBCEF, 0xC50F, 0xC50F, 0xBCEF, 0xBCEF, 0xBCEF, 0xBCEF, 0xBCEF, 0xBCEF, 0xC50F, 0xC50F, 0xC50F,
    0xC50F, 0xC50F, 0xC50F, 0xBD0F, 0xBD0F, 0xBD0F, 0xC50F, 0xBCCF, 0xA42C, 0xAC6E, 0xCDB2, 0xCDB3, 0xCDB3, 0xCDB3, 0xCDB3, 0xCDB3,
    0xCDB3, 0xCDB3, 0xCDB3, 0xCDB3, 0xCDB3, 0xCDB3, 0xCDB3, 0xCDB3, 0xCDB3, 0xCDB3, 0xCDB3, 0xCDB3, 0xCDB3, 0xCDB3, 0xCDB3, 0xCDB3,
    0xCDB3, 0xCDB3, 0xCDB3, 0xCDB3, 0xCDB3, 0xCDB3, 0xCDB3, 0xCDB3, 0xCDB3, 0xCDB3, 0xCDB3, 0xAC4D, 0x9BAA, 0xA3CA, 0x9B89, 0xAC6D,
    0xF7BD, 0xF7BD, 0xF7BD, 0xFFBE, 0xE6D8, 0xAC0A, 0xE6B8, 0xFFBD, 0xF7BD, 0xFFFF, 0xFFFE, 0xFFFE, 0xFFFF, 0xFFFF, 0xFFFF, 0xFFFE,
    0xFFFD, 0xFFFD, 0xFFFE, 0xFFFE, 0xFFFE, 0xFFFE, 0xFFFE, 0xFFFE, 0xFFFE, 0xFFFF, 0xFFFF, 0xFFFF, 0xFFFF, 0xFFFF, 0xFFFF, 0xFFFF,
    0xF7BD, 0xA3EB, 0x9BAA, 0x9BEB, 0xA3EB, 0x9B8A, 0xC530, 0xFFDB, 0xFF9A, 0xFFBA, 0xFF79, 0xFF59, 0xFF59, 0xFF79, 0xFF9A, 0x41E6,
    0x18C1, 0x2123, 0x18A1, 0x2923, 0x2923, 0x18C2, 0x18C2, 0x18A2, 0x10C2, 0x10A2, 0x0861, 0x0860, 0x0860, 0x0860, 0x0860, 0x0860,
    0x0840, 0x0881, 0x10A1, 0x1081, 0x0881, 0x0860, 0x0860, 0x0860, 0x0860, 0x0860, 0x0860, 0x0860, 0x0881, 0x10A2, 0x10A2, 0x10A2,
    0x10A2, 0x10A2, 0x10A1, 0x0861, 0x0860, 0x0860, 0x0860, 0x0860, 0x0860, 0x0881, 0x18C2, 0x18E2, 0x18E3, 0x18E3, 0x10C2, 0x1081,
    0x18E2, 0x1061, 0x20E2, 0x83ED, 0xFFBB, 0xFF7A, 0xFF7A, 0xFF7A, 0xFF7A, 0xFF7A, 0xFF7A, 0xFF7A, 0xFF7A, 0xFF7A, 0xFF7A, 0xFF5A,
    0xFF5A, 0xFF5A, 0xFF5A, 0xFF5A, 0xFF5A, 0xF759, 0xF759, 0xF75A, 0xF759, 0xF759, 0xF759, 0xF759, 0xF759, 0xF75A, 0xF739, 0xF739,
    0xF73A, 0xF73A, 0xF73A, 0xF73A, 0xF73A, 0xF73A, 0xF73A, 0xF73A, 0xF73A, 0xF73A, 0xF73A, 0xF73A, 0xF73A, 0xF73A, 0xF73A, 0xF73A,
    0xF75A, 0xF75A, 0xF73A, 0xF73A, 0xF73A, 0xF75A, 0xF75A, 0xF75A, 0xF75A, 0xF75A, 0xF75A, 0xF75A, 0xF75A, 0xF75A, 0xF75A, 0xF75A,
    0xC50F, 0xC50F, 0xC50F, 0xC50F, 0xC50F, 0xC50F, 0xC50F, 0xC50F, 0xC50F, 0xC50F, 0xC52F, 0xC52F, 0xC50F, 0xC52F, 0xC50F, 0xC50F,
    0xC50F, 0xC50F, 0xC4EF, 0xC50F, 0xC50F, 0xC50F, 0xBD0F, 0xBD0F, 0xBCEF, 0xBCEF, 0xBCEF, 0xC50F, 0xC50F, 0xC50F, 0xC50F, 0xC50F,
    0xC50F, 0xC50F, 0xBD0F, 0xBD0F, 0xBD0F, 0xBD0F, 0xC50F, 0xBCCE, 0xA40C, 0xAC6E, 0xCDB3, 0xCDB3, 0xCDB3, 0xCDB3, 0xCDB3, 0xCDB3,
    0xCDB3, 0xCDB3, 0xCDB3, 0xCDB3, 0xCDB3, 0xCDB3, 0xCDB3, 0xCDB3, 0xCDB3, 0xCDB3, 0xCDB3, 0xCDB3, 0xCDB3, 0xCDB3, 0xCDB3, 0xCDB3,
    0xCDB3, 0xCDB3, 0xCDB3, 0xCDB3, 0xCDB3, 0xCDB3, 0xCDB3, 0xCDB3, 0xCDD3, 0xD614, 0xD5D3, 0xB4F0, 0xCDB4, 0xCDD4, 0xC593, 0xD636,
    0xFFFF, 0xFFFF, 0xFFFF, 0xFFFF, 0xFFDE, 0xEF1A, 0xFFBD, 0xFFFF, 0xFFFF, 0xFFFE, 0xFFFF, 0xFFFF, 0xFFFF, 0xFFFE, 0xFFFF, 0xFFFE,
    0xFFFE, 0xFFFE, 0xFFFE, 0xFFFE, 0xFFFE, 0xFFFE, 0xFFFE, 0xFFFF, 0xFFFE, 0xFFFF, 0xFFFF, 0xFFFE, 0xFFFF, 0xFFDE, 0xFFDE, 0xFFDE,
    0xFFDD, 0xF79C, 0xF79C, 0xF7BC, 0xF79C, 0xF7BD, 0xCE15, 0xA40C, 0xB46D, 0xAC4C, 0xDE75, 0xFFFC, 0xFFDB, 0xFFBB, 0x62E9, 0x18A2,
    0x2903, 0x2923, 0x18C2, 0x2923, 0x2923, 0x18C2, 0x10A2, 0x1061, 0x0881, 0x0861, 0x0881, 0x10A1, 0x10A2, 0x0860, 0x0840, 0x0860,
    0x0860, 0x0860, 0x0860, 0x0860, 0x0840, 0x0860, 0x0860, 0x0860, 0x0860, 0x0860, 0x0860, 0x0860, 0x10A1, 0x10A2, 0x1081, 0x0861,
    0x0860, 0x1081, 0x10A2, 0x1081, 0x0840, 0x0860, 0x0860, 0x0860, 0x0860, 0x1081, 0x1081, 0x1081, 0x18C2, 0x2103, 0x18E2, 0x18E2,
    0x1081, 0x736A, 0x5A67, 0x2901, 0xB531, 0xFFFC, 0xFF7A, 0xFF7A, 0xFF7A, 0xFF7A, 0xFF7A, 0xFF7A, 0xFF7A, 0xFF7A, 0xFF7A, 0xFF5A,
    0xFF5A, 0xFF5A, 0xFF5A, 0xFF5A, 0xFF5A, 0xF759, 0xF759, 0xF759, 0xF759, 0xF759, 0xF759, 0xF759, 0xF759, 0xF759, 0xF739, 0xF739,
    0xF73A, 0xF73A, 0xF73A, 0xF73A, 0xF73A, 0xF73A, 0xF73A, 0xF73A, 0xF73A, 0xF73A, 0xF73A, 0xF73A, 0xF73A, 0xF73A, 0xF73A, 0xF73A,
    0xF75A, 0xF75A, 0xF73A, 0xF73A, 0xF73A, 0xF75A, 0xF75A, 0xF75A, 0xF75A, 0xF75A, 0xF75A, 0xF75A, 0xF75A, 0xF75A, 0xF75A, 0xF75A,
    0xC52F, 0xC50F, 0xC50F, 0xC50F, 0xC50F, 0xC50F, 0xC50F, 0xC50F, 0xC50F, 0xC50F, 0xC50F, 0xC52F, 0xC52F, 0xC50F, 0xC50F, 0xC50F,
    0xC50F, 0xC50F, 0xC50F, 0xC50F, 0xC50F, 0xC50F, 0xBD0F, 0xBD0F, 0xBD0F, 0xBCEF, 0xBCEF, 0xC50F, 0xC50F, 0xBD0F, 0xBD0F, 0xC50F,
    0xC50F, 0xC50F, 0xC50F, 0xBD0F, 0xBD0F, 0xBD0F, 0xC50F, 0xBCEF, 0xA44C, 0xA46D, 0xC572, 0xCDB3, 0xCDB3, 0xCDB3, 0xCDB3, 0xCDB3,
    0xCDB3, 0xCDB3, 0xCDB3, 0xCDB3, 0xCDB3, 0xCDB3, 0xCDB3, 0xCDB3, 0xCDB3, 0xCDB3, 0xCDB3, 0xCDB3, 0xCDB3, 0xCDB3, 0xCDB3, 0xCDB3,
    0xCDB3, 0xCDB3, 0xCDB3, 0xCDB3, 0xCDB3, 0xCDB3, 0xCDB3, 0xD5F4, 0xBD10, 0xA3CA, 0x9BA9, 0xC593, 0xFFFF, 0xFFFF, 0xFFFF, 0xFFFF,
    0xFFFF, 0xFFFF, 0xFFFE, 0xFFFE, 0xFFFF, 0xFFFF, 0xFFFF, 0xFFFE, 0xFFFE, 0xFFFE, 0xFFFF, 0xFFFF, 0xFFFF, 0xFFFF, 0xFFFE, 0xFFFE,
    0xFFFF, 0xFFFF, 0xFFFF, 0xFFFF, 0xFFFF, 0xFFFE, 0xFFFE, 0xFFFF, 0xFFFF, 0xFFDE, 0xFFFE, 0xFFFE, 0xFFFE, 0xFFBC, 0xFFBB, 0xFFBB,
    0xFFDB, 0xFFDC, 0xFFDD, 0xFFDD, 0xFFDC, 0xFFFD, 0xDE97, 0xB4AF, 0xBD31, 0xB510, 0xACAE, 0xCD71, 0xC551, 0xCD71, 0x3963, 0x0820,
    0x2944, 0x3164, 0x2944, 0x2923, 0x18E2, 0x18C2, 0x10A2, 0x0861, 0x0881, 0x0881, 0x0881, 0x18C2, 0x18C2, 0x0881, 0x0860, 0x0860,
    0x0860, 0x0860, 0x0860, 0x0860, 0x0860, 0x0860, 0x0860, 0x0860, 0x0860, 0x0860, 0x0860, 0x0861, 0x10A2, 0x10A2, 0x1081, 0x0840,
    0x0840, 0x1081, 0x10A2, 0x10A2, 0x1081, 0x0860, 0x0860, 0x0860, 0x0881, 0x1081, 0x1081, 0x1081, 0x18C2, 0x20E3, 0x2102, 0x18E2,
    0x20E2, 0x734A, 0xE696, 0xE6B7, 0xEEF8, 0xFF9B, 0xFF7A, 0xFF7A, 0xFF7A, 0xFF7A, 0xFF7A, 0xFF7A, 0xFF7A, 0xFF7A, 0xFF7A, 0xFF5A,
    0xFF5A, 0xFF5A, 0xFF5A, 0xFF5A, 0xFF5A, 0xF75A, 0xF75A, 0xF75A, 0xF75A, 0xF759, 0xF759, 0xF759, 0xF759, 0xF759, 0xF739, 0xF739,
    0xF73A, 0xF73A, 0xF73A, 0xF73A, 0xF73A, 0xF73A, 0xF73A, 0xF73A, 0xF73A, 0xF73A, 0xF73A, 0xF73A, 0xF73A, 0xF73A, 0xF73A, 0xF73A,
    0xF73A, 0xF73A, 0xF73A, 0xF73A, 0xF75A, 0xF75A, 0xF75A, 0xF73A, 0xF73A, 0xF73A, 0xF73A, 0xF75A, 0xF75A, 0xF75A, 0xF75A, 0xF75A,
    0xC50F, 0xC50F, 0xC50F, 0xC50F, 0xC50F, 0xC50F, 0xC50F, 0xC50F, 0xC50F, 0xC50F, 0xC50F, 0xC50F, 0xC50F, 0xC50F, 0xC50F, 0xC50F,
    0xC50F, 0xC50F, 0xC50F, 0xC50F, 0xC50F, 0xC50F, 0xC4EF, 0xC4EF, 0xBD0F, 0xBD0F, 0xBD0F, 0xC50F, 0xC50F, 0xBD0F, 0xBD0F, 0xBD0F,
    0xC50F, 0xC50F, 0xBD0F, 0xBD0F, 0xBD0F, 0xC50F, 0xC50F, 0xC50F, 0xBCEF, 0xA42C, 0xA46E, 0xCDB3, 0xCDB3, 0xCDB3, 0xCDB3, 0xCDB3,
    0xCDB3, 0xCDB3, 0xCDB3, 0xCDB3, 0xCDB3, 0xCDB3, 0xCDB3, 0xCDB3, 0xCDB3, 0xCDB3, 0xCDB3, 0xCDB3, 0xCDB3, 0xCDB3, 0xCDB3, 0xCDB3,
    0xCDB3, 0xCDB3, 0xCDB3, 0xCDB3, 0xCDB3, 0xCDB3, 0xCDB2, 0xCD71, 0xC572, 0xBD32, 0xBD11, 0xDE77, 0xFFFF, 0xFFDE, 0xFFFE, 0xFFFE,
    0xFFFF, 0xFFFF, 0xFFFD, 0xFFFD, 0xFFFD, 0xFFFE, 0xFFFE, 0xFFFE, 0xFFFE, 0xFFFE, 0xFFFF, 0xFFFF, 0xFFFF, 0xFFFF, 0xFFFF, 0xFFFF,
    0xFFFF, 0xFFFF, 0xFFFF, 0xFFFE, 0xFFFE, 0xFFFF, 0xFFFF, 0xFFFE, 0xFFFE, 0xFFBC, 0xFFBC, 0xFFBC, 0xFFBC, 0xFFBC, 0xFFBB, 0xFFBC,
    0xFFDD, 0xFFDD, 0xFFBC, 0xFFDC, 0xFFDC, 0xFFDB, 0xFFFC, 0xFFFE, 0xFFFE, 0xFFFE, 0xACB0, 0x9BAB, 0x9BEB, 0xA3EB, 0x49A5, 0x0840,
    0x2944, 0x3185, 0x2964, 0x2102, 0x18C2, 0x18E2, 0x18E2, 0x18C2, 0x1081, 0x0861, 0x0861, 0x0861, 0x10A1, 0x0881, 0x0861, 0x0861,
    0x0861, 0x0860, 0x0860, 0x0860, 0x0860, 0x0860, 0x0860, 0x0860, 0x0860, 0x0860, 0x0860, 0x0861, 0x0881, 0x0881, 0x0861, 0x0840,
    0x0860, 0x0861, 0x10A2, 0x10A2, 0x10A1, 0x0860, 0x0860, 0x0881, 0x1081, 0x1081, 0x1081, 0x1081, 0x18C2, 0x20E3, 0x18E2, 0x2102,
    0x2103, 0x0860, 0x6B2A, 0xEF59, 0xFFBB, 0xFF7A, 0xFF7A, 0xFF7A, 0xFF7A, 0xFF7A, 0xFF7A, 0xFF7A, 0xFF7A, 0xFF7A, 0xFF7A, 0xFF5A,
    0xFF5A, 0xFF5A, 0xFF5A, 0xFF5A, 0xFF5A, 0xF759, 0xF75A, 0xF75A, 0xF759, 0xF759, 0xF759, 0xF759, 0xF759, 0xF759, 0xF739, 0xF73A,
    0xF73A, 0xF73A, 0xF73A, 0xF73A, 0xF73A, 0xF73A, 0xF73A, 0xF73A, 0xF73A, 0xF73A, 0xF73A, 0xF73A, 0xF73A, 0xF73A, 0xF73A, 0xF73A,
    0xF73A, 0xF73A, 0xF73A, 0xF73A, 0xF75A, 0xF73A, 0xF73A, 0xF73A, 0xF73A, 0xF73A, 0xF73A, 0xF73A, 0xF75A, 0xF75A, 0xF75A, 0xF75A,
    0xC50F, 0xC50F, 0xC50F, 0xC50F, 0xC50F, 0xC50F, 0xC50F, 0xC50F, 0xC50F, 0xC50F, 0xC50F, 0xC50F, 0xC50F, 0xBD0F, 0xBD0F, 0xBD0F,
    0xC50F, 0xC50F, 0xC50F, 0xC50F, 0xC50F, 0xC50F, 0xC50F, 0xC50F, 0xC50F, 0xBD0F, 0xC50F, 0xC50F, 0xBCEE, 0xBD0F, 0xBD0F, 0xC50F,
    0xBD0F, 0xC50F, 0xBD0F, 0xBD0F, 0xBD0F, 0xBD0F, 0xBD0F, 0xC50F, 0xBD0F, 0xA42C, 0xA46E, 0xCD93, 0xCDB3, 0xCDB3, 0xCDB3, 0xCDB3,
    0xCDB3, 0xCDB3, 0xCDB3, 0xCDB3, 0xCDB3, 0xCDB3, 0xCDB3, 0xCDB3, 0xCDB3, 0xCDB3, 0xCDB3, 0xCDB3, 0xCDB3, 0xCDB3, 0xCDB3, 0xCDB3,
    0xCDB3, 0xCDB3, 0xCDB3, 0xCDB3, 0xCDD3, 0xD614, 0xCD92, 0x9B69, 0xD5F4, 0xFFFF, 0xFFFF, 0xFFFF, 0xFFFE, 0xFFFF, 0xFFFF, 0xFFFF,
    0xFFFF, 0xFFFE, 0xFFFD, 0xFFFD, 0xFFFE, 0xFFFE, 0xFFFF, 0xFFFF, 0xFFFF, 0xFFFF, 0xFFFF, 0xFFFE, 0xFFFE, 0xFFFE, 0xFFFF, 0xFFFF,
    0xFFFF, 0xFFFF, 0xFFDD, 0xFFDC, 0xFFDC, 0xFFFE, 0xFFFF, 0xFFDD, 0xFFBC, 0xFFDC, 0xFFDD, 0xFFFF, 0xFFFE, 0xFFFF, 0xFFFF, 0xFFFF,
    0xFFFF, 0xFFFE, 0xFFFD, 0xFFFD, 0xFFFD, 0xFFFD, 0xFFDC, 0xFFDC, 0xFFDC, 0xFFDC, 0xFFFD, 0xFFFE, 0xFFFE, 0xFFFD, 0xE71A, 0x7BEE,
    0x0000, 0x18A1, 0x2103, 0x18E2, 0x18C2, 0x10A1, 0x10A1, 0x10A1, 0x0861, 0x0860, 0x0860, 0x0861, 0x0861, 0x0861, 0x0861, 0x0861,
    0x0861, 0x0860, 0x0860, 0x0860, 0x0860, 0x0860, 0x0860, 0x0860, 0x0860, 0x0860, 0x0860, 0x0860, 0x0860, 0x0860, 0x0860, 0x0861,
    0x0881, 0x1081, 0x10A2, 0x10A2, 0x10A2, 0x0840, 0x0861, 0x1081, 0x1081, 0x1081, 0x10A1, 0x1081, 0x18C2, 0x2103, 0x20E2, 0x20E2,
    0x18C2, 0x2102, 0x0800, 0xBDB4, 0xFFDB, 0xFF7A, 0xFF7A, 0xFF7A, 0xFF7A, 0xFF7A, 0xFF7A, 0xFF7A, 0xFF7A, 0xFF7A, 0xFF7A, 0xFF5A,
    0xFF5A, 0xFF5A, 0xFF5A, 0xFF5A, 0xFF5A, 0xF75A, 0xF75A, 0xF75A, 0xF759, 0xF759, 0xF759, 0xF759, 0xF759, 0xF759, 0xF759, 0xF73A,
    0xF73A, 0xF73A, 0xF73A, 0xF73A, 0xF73A, 0xF73A, 0xF73A, 0xF73A, 0xF73A, 0xF73A, 0xF73A, 0xF73A, 0xF73A, 0xF73A, 0xF73A, 0xF73A,
    0xF73A, 0xF73A, 0xF73A, 0xF73A, 0xF73A, 0xF73A, 0xF73A, 0xF73A, 0xF73A, 0xF73A, 0xF73A, 0xF73A, 0xF75A, 0xF75A, 0xF75A, 0xF75A,
    0xC50F, 0xC50F, 0xC50F, 0xC50F, 0xC50F, 0xC50F, 0xC50F, 0xC50F, 0xC50F, 0xC50F, 0xC50F, 0xC52F, 0xC50F, 0xBD0F, 0xBD0F, 0xBD0F,
    0xC50F, 0xC50F, 0xC50F, 0xC50F, 0xBCEF, 0xBCEF, 0xBD0F, 0xC50F, 0xC50F, 0xC50F, 0xC50F, 0xC50F, 0xC50F, 0xBD0F, 0xBD0F, 0xC50F,
    0xBD0F, 0xC50F, 0xC50F, 0xBD0F, 0xBD0F, 0xBD0F, 0xBD0F, 0xC50F, 0xBD0F, 0xA42C, 0xA46E, 0xCD93, 0xCDB3, 0xCDB3, 0xCDB3, 0xCDB3,
    0xCDB3, 0xCDB3, 0xCDB3, 0xCDB3, 0xCDB3, 0xCDB3, 0xCDB3, 0xCDB3, 0xCDB3, 0xCDB3, 0xCDB3, 0xCDB3, 0xCDB3, 0xCDB3, 0xCDB3, 0xCDB3,
    0xCDB3, 0xCDB3, 0xCDB3, 0xCDD4, 0xCDB3, 0xBCEE, 0xB4AD, 0xDEB8, 0xF79D, 0xFFFE, 0xFFFE, 0xFFFE, 0xFFFE, 0xFFFF, 0xFFFE, 0xFFFE,
    0xFFFE, 0xFFFE, 0xFFFE, 0xFFFF, 0xFFFF, 0xFFFE, 0xFFFF, 0xFFFF, 0xFFFE, 0xFFFF, 0xFFFF, 0xFFFE, 0xFFBC, 0xFFDB, 0xFFFE, 0xFFFF,
    0xFFFF, 0xFFFE, 0xFFDC, 0xFFDD, 0xFFDC, 0xFFDD, 0xFFFE, 0xFFFE, 0xFFFE, 0xFFFE, 0xFFFF, 0xFFFF, 0xFFFF, 0xFFFF, 0xFFFF, 0xFFFF,
    0xFFFF, 0xFFFF, 0xFFFF, 0xFFFF, 0xFFFF, 0xFFFF, 0xFFFD, 0xFFFD, 0xFFDD, 0xFFDC, 0xFFDC, 0xFFDC, 0xFFDD, 0xFFBC, 0xFFFE, 0xE6F9,
    0x9CB2, 0x5289, 0x0000, 0x18C2, 0x18C2, 0x18C2, 0x1081, 0x0860, 0x0860, 0x0860, 0x0860, 0x0861, 0x0861, 0x0861, 0x0861, 0x0861,
    0x0860, 0x0860, 0x0860, 0x0860, 0x0860, 0x0860, 0x0860, 0x0860, 0x0860, 0x0860, 0x0860, 0x0860, 0x0860, 0x0860, 0x1081, 0x1081,
    0x1081, 0x10A1, 0x10A1, 0x10A2, 0x10A2, 0x0860, 0x0881, 0x1081, 0x1081, 0x1081, 0x10A1, 0x1081, 0x18C2, 0x2103, 0x2103, 0x2103,
    0x0860, 0x28E1, 0xA4B0, 0xEF39, 0xFF9A, 0xFF7A, 0xFF7A, 0xFF7A, 0xFF7A, 0xFF7A, 0xFF7A, 0xFF7A, 0xFF7A, 0xFF7A, 0xFF7A, 0xFF7A,
    0xFF5A, 0xFF5A, 0xFF5A, 0xFF5A, 0xFF5A, 0xF75A, 0xF759, 0xF759, 0xF759, 0xF759, 0xF759, 0xF759, 0xF759, 0xF759, 0xF759, 0xF73A,
    0xF73A, 0xF73A, 0xF73A, 0xF73A, 0xF73A, 0xF73A, 0xF73A, 0xF73A, 0xF73A, 0xF73A, 0xF73A, 0xF73A, 0xF73A, 0xF73A, 0xF73A, 0xF73A,
    0xF73A, 0xF73A, 0xF73A, 0xF73A, 0xF73A, 0xF73A, 0xF73A, 0xF73A, 0xF73A, 0xF73A, 0xF73A, 0xF73A, 0xF73A, 0xF75A, 0xF75A, 0xF75A,
    0xC50F, 0xC50F, 0xC50F, 0xC50F, 0xC50F, 0xC50F, 0xC50F, 0xC50F, 0xC50F, 0xC50F, 0xC50F, 0xC50F, 0xBD0F, 0xBD0F, 0xBD0F, 0xBD0F,
    0xC50F, 0xC50F, 0xC50F, 0xC50F, 0xC50F, 0xBCEF, 0xC50F, 0xBCEF, 0xC50F, 0xC50F, 0xC50F, 0xC50F, 0xBCEF, 0xBD0F, 0xBD0F, 0xBD0F,
    0xBD0F, 0xBD0F, 0xBD0F, 0xBD0F, 0xBD0F, 0xBD0F, 0xC50F, 0xC50F, 0xBD0F, 0xA42C, 0xA46E, 0xCDB3, 0xCDB3, 0xCDB3, 0xCDB3, 0xCDB3,
    0xCDB3, 0xCDB3, 0xCDB3, 0xCDB3, 0xCDB3, 0xCDB3, 0xCDB3, 0xCDB3, 0xCDB3, 0xCDB3, 0xCDB3, 0xCDB3, 0xCDB3, 0xCDB3, 0xCDB3, 0xCDB3,
    0xCDB3, 0xCDB3, 0xCD93, 0xC551, 0xC530, 0xB4AE, 0xB4CF, 0xF79C, 0xFFFF, 0xFFFE, 0xFFFE, 0xFFFE, 0xFFFE, 0xFFFE, 0xFFFD, 0xFFFD,
    0xFFFE, 0xFFFF, 0xFFFF, 0xFFFF, 0xFFFF, 0xFFFF, 0xFFFF, 0xFFFD, 0xFFDD, 0xFFFD, 0xFFFE, 0xFFFE, 0xFFDD, 0xFFDC, 0xFFFE, 0xFFFF,
    0xFFFF, 0xFFFE, 0xFFFE, 0xFFFE, 0xFFFF, 0xFFFE, 0xFFFE, 0xFFFF, 0xFFFF, 0xFFFF, 0xFFFF, 0xFFFF, 0xFFFF, 0xFFFF, 0xFFFF, 0xFFFF,
    0xFFFE, 0xFFFF, 0xFFFF, 0xFFFE, 0xFFFE, 0xFFFF, 0xFFFF, 0xFFFE, 0xFFFE, 0xFFFE, 0xFFFE, 0xFFFE, 0xFFBC, 0xFFDC, 0xFFBC, 0xFFDC,
    0xFFFF, 0xAD33, 0x39C6, 0x10A1, 0x0840, 0x18E2, 0x18C2, 0x1081, 0x0860, 0x0860, 0x0860, 0x0860, 0x0861, 0x0860, 0x0860, 0x0860,
    0x0860, 0x0860, 0x0860, 0x0860, 0x0860, 0x0860, 0x0860, 0x0860, 0x0860, 0x0860, 0x0860, 0x0860, 0x0860, 0x0860, 0x1081, 0x1081,
    0x1081, 0x10A1, 0x10A1, 0x10A2, 0x10A1, 0x0861, 0x1081, 0x1081, 0x1081, 0x10A1, 0x1081, 0x1081, 0x10A2, 0x18C2, 0x18C2, 0x18C2,
    0x0861, 0x8C0D, 0xFF7A, 0xFFBB, 0xFF7A, 0xFF7A, 0xFF9A, 0xFF7A, 0xFF7A, 0xFF7A, 0xFF7A, 0xFF7A, 0xFF7A, 0xFF7A, 0xFF7A, 0xFF7A,
    0xFF7A, 0xFF5A, 0xFF5A, 0xFF5A, 0xF75A, 0xF75A, 0xF759, 0xF759, 0xF759, 0xF759, 0xF759, 0xF759, 0xF759, 0xF759, 0xF759, 0xF75A,
    0xF73A, 0xF73A, 0xF73A, 0xF73A, 0xF73A, 0xF73A, 0xF73A, 0xF73A, 0xF73A, 0xF73A, 0xF73A, 0xF73A, 0xF73A, 0xF73A, 0xF73A, 0xF73A,
    0xF73A, 0xF73A, 0xF73A, 0xF73A, 0xF73A, 0xF73A, 0xF73A, 0xF73A, 0xF73A, 0xF73A, 0xF73A, 0xF73A, 0xF75A, 0xF75A, 0xF75A, 0xF75A,
    0xC50F, 0xC50F, 0xC50F, 0xC50F, 0xC50F, 0xC50F, 0xC50F, 0xC50F, 0xC50F, 0xC50F, 0xC50F, 0xBD0F, 0xBD0F, 0xC50F, 0xC50F, 0xC50F,
    0xC50F, 0xC50F, 0xC50F, 0xBCEE, 0xBCEE, 0xBCEE, 0xC50F, 0xC50F, 0xC50F, 0xC50F, 0xC50F, 0xBCEF, 0xBCEF, 0xBCEF, 0xC50F, 0xC50F,
    0xC50F, 0xC50F, 0xC50F, 0xC50F, 0xC50F, 0xC50F, 0xC50F, 0xC50F, 0xC50F, 0xA42C, 0xA44D, 0xCDB2, 0xCDB3, 0xCDB3, 0xCDB3, 0xCDB3,
    0xCDB3, 0xCDB3, 0xCDB3, 0xCDB3, 0xCDB3, 0xCDB3, 0xCDB3, 0xCDB3, 0xCDB3, 0xCDB3, 0xCDB3, 0xCDB3, 0xCDB3, 0xCDB3, 0xCDB3, 0xCDB3,
    0xCDB3, 0xCDF4, 0xD5D3, 0x9389, 0x9368, 0xEF5B, 0xFFFF, 0xFFFE, 0xFFFE, 0xFFFE, 0xFFFE, 0xFFFE, 0xFFFE, 0xFFFD, 0xFFFE, 0xFFFF,
    0xFFFF, 0xFFFF, 0xFFFF, 0xFFFF, 0xFFFE, 0xFFFE, 0xFFFE, 0xFFDD, 0xFFDC, 0xFFDC, 0xFFDC, 0xFFDD, 0xFFFF, 0xFFFF, 0xFFFF, 0xFFFE,
    0xFFFF, 0xFFFF, 0xFFFF, 0xFFFF, 0xFFFF, 0xFFFF, 0xFFFF, 0xFFFF, 0xFFFF, 0xFFFF, 0xFFFF, 0xFFFF, 0xFFFF, 0xFFFF, 0xFFFE, 0xFFFD,
    0xFFFD, 0xFFFE, 0xFFFF, 0xFFFF, 0xFFFF, 0xFFFF, 0xFFFF, 0xFFFF, 0xFFFF, 0xFFFF, 0xFFFF, 0xFFFF, 0xFFDE, 0xFFDC, 0xFFDC, 0xFFBC,
    0xFFBC, 0xFFBC, 0xF79C, 0x62EA, 0x18E2, 0x1061, 0x1081, 0x0020, 0x0860, 0x0860, 0x0860, 0x0881, 0x0881, 0x0861, 0x0861, 0x0861,
    0x0860, 0x0860, 0x0860, 0x0860, 0x0860, 0x0860, 0x0860, 0x0860, 0x0860, 0x0860, 0x0860, 0x0860, 0x0860, 0x0840, 0x1081, 0x10A1,
    0x10A1, 0x10A1, 0x10A1, 0x10A2, 0x10A1, 0x1081, 0x0881, 0x0861, 0x0861, 0x0881, 0x1081, 0x10A1, 0x10A1, 0x10A1, 0x18C2, 0x18A2,
    0x0860, 0xD677, 0xFFDB, 0xFF7A, 0xFF7A, 0xFF7A, 0xFF7A, 0xFF7A, 0xFF7A, 0xFF7A, 0xFF7A, 0xFF7A, 0xFF7A, 0xFF7A, 0xFF7A, 0xFF7A,
    0xFF7A, 0xFF5A, 0xFF5A, 0xF75A, 0xF75A, 0xF759, 0xF759, 0xF759, 0xF759, 0xF759, 0xF739, 0xF739, 0xF739, 0xF739, 0xF739, 0xF759,
    0xF73A, 0xF73A, 0xF73A, 0xF73A, 0xF73A, 0xF73A, 0xF73A, 0xF73A, 0xF73A, 0xF73A, 0xF73A, 0xF73A, 0xF73A, 0xF73A, 0xF73A, 0xF73A,
    0xF73A, 0xF73A, 0xF73A, 0xF73A, 0xF73A, 0xF73A, 0xF73A, 0xF73A, 0xF73A, 0xF73A, 0xF73A, 0xF75A, 0xF75A, 0xF75A, 0xF75A, 0xF75A,
    0xC50F, 0xC50F, 0xC50F, 0xC50F, 0xC50F, 0xC50F, 0xC50F, 0xC50F, 0xC50F, 0xC50F, 0xC50F, 0xBD0F, 0xBD0F, 0xC50F, 0xC50F, 0xC50F,
    0xC50F, 0xC50F, 0xC50F, 0xBCEE, 0xBCEE, 0xBCEE, 0xC50F, 0xC50F, 0xC50F, 0xC50F, 0xC50F, 0xC50F, 0xC50F, 0xC50F, 0xC50F, 0xC50F,
    0xC50F, 0xC50F, 0xC50F, 0xC50F, 0xC50F, 0xC50F, 0xC50F, 0xC50F, 0xC50F, 0xA40C, 0xA44D, 0xCDB2, 0xCDB3, 0xCDB3, 0xCDB3, 0xCDB3,
    0xCDB3, 0xCDB3, 0xCDB3, 0xCDB3, 0xCDB3, 0xCDB3, 0xCDB3, 0xCDB3, 0xCDB3, 0xCDB3, 0xCDB3, 0xCDB3, 0xCDB3, 0xCDB3, 0xCDB3, 0xCDB3,
    0xCDD3, 0xC571, 0xB48D, 0xD656, 0xE6FA, 0xFFDD, 0xFFFE, 0xFFFE, 0xFFFE, 0xFFFE, 0xFFFE, 0xFFFF, 0xFFFF, 0xFFFE, 0xFFFE, 0xFFFF,
    0xFFFF, 0xFFFF, 0xFFFF, 0xFFFF, 0xFFFE, 0xFFDD, 0xFFDD, 0xFFFD, 0xFFFE, 0xFFFE, 0xFFFD, 0xFFFE, 0xFFFF, 0xFFFF, 0xFFFF, 0xFFFE,
    0xFFFF, 0xFFFF, 0xFFFF, 0xFFFF, 0xFFFF, 0xFFFF, 0xFFFF, 0xFFFF, 0xFFFF, 0xFFFF, 0xFFFF, 0xFFFF, 0xFFFF, 0xFFFF, 0xFFFE, 0xFFFD,
    0xFFFD, 0xFFFE, 0xFFFF, 0xFFFF, 0xFFFF, 0xFFFF, 0xFFFF, 0xFFFF, 0xFFFF, 0xFFFF, 0xFFFF, 0xFFFF, 0xFFFF, 0xFFDD, 0xFFDC, 0xFFDC,
    0xFFBC, 0xF79B, 0xF77B, 0xFFFD, 0x5AC9, 0x0000, 0x18E2, 0x31A5, 0x18C2, 0x0860, 0x1081, 0x1081, 0x1081, 0x1081, 0x1081, 0x0861,
    0x0860, 0x0860, 0x0860, 0x0860, 0x0860, 0x0860, 0x0860, 0x0860, 0x0860, 0x0860, 0x0860, 0x0860, 0x0860, 0x0840, 0x0860, 0x0860,
    0x1081, 0x10A2, 0x1081, 0x0881, 0x0881, 0x1081, 0x0860, 0x0840, 0x0840, 0x0860, 0x1081, 0x10A1, 0x10A1, 0x18C2, 0x2123, 0x2903,
    0x0860, 0xD656, 0xFFFC, 0xFF7A, 0xFF9A, 0xFF7A, 0xFF9A, 0xFF7A, 0xFF7A, 0xFF7A, 0xFF7A, 0xFF7A, 0xFF7A, 0xFF7A, 0xFF7A, 0xFF7A,
    0xFF5A, 0xFF5A, 0xFF5A, 0xF75A, 0xF75A, 0xF759, 0xF759, 0xF759, 0xF759, 0xF739, 0xF759, 0xF739, 0xF739, 0xF739, 0xF739, 0xF759,
    0xF739, 0xF739, 0xF73A, 0xF73A, 0xF73A, 0xF73A, 0xF73A, 0xF73A, 0xF73A, 0xF73A, 0xF73A, 0xF73A, 0xF73A, 0xF73A, 0xF73A, 0xF73A,
    0xF73A, 0xF73A, 0xF73A, 0xF73A, 0xF73A, 0xF73A, 0xF73A, 0xF73A, 0xF73A, 0xF73A, 0xF73A, 0xF73A, 0xF75A, 0xF75A, 0xF75A, 0xF75A,
    0xC50F, 0xC50F, 0xC50F, 0xC50F, 0xC50F, 0xC50F, 0xC50F, 0xC50F, 0xC50F, 0xC50F, 0xC50F, 0xBD0F, 0xBD0F, 0xC50F, 0xC50F, 0xC50F,
    0xC50F, 0xC50F, 0xC50F, 0xC50E, 0xBCEE, 0xBCEE, 0xC50F, 0xC50F, 0xC50F, 0xC50F, 0xC50F, 0xC50F, 0xC50F, 0xC50F, 0xC50F, 0xC50F,
    0xC50F, 0xC50F, 0xC50F, 0xC50F, 0xC50F, 0xC50F, 0xC50F, 0xC50F, 0xC50F, 0x9C0C, 0xA44D, 0xCDB2, 0xCDB2, 0xCDB3, 0xCDB3, 0xCDB3,
    0xCDB3, 0xCDB3, 0xCDB3, 0xCDB3, 0xCDB3, 0xCDB3, 0xCDB3, 0xCDB3, 0xCDB3, 0xCDB3, 0xCDB3, 0xCDB3, 0xCDB3, 0xCDB3, 0xCDB3, 0xCDB3,
    0xD5D3, 0xC530, 0x9BEB, 0xEF3A, 0xFFFF, 0xFFFD, 0xFFDC, 0xFFDD, 0xFFFF, 0xFFFE, 0xFFFE, 0xFFFF, 0xFFFF, 0xFFFF, 0xFFFF, 0xFFFF,
    0xFFFF, 0xFFFF, 0xFFFF, 0xFFFF, 0xFFFF, 0xFFFE, 0xFFFE, 0xFFFF, 0xFFFF, 0xFFFF, 0xFFFF, 0xFFFF, 0xFFFF, 0xFFFF, 0xFFFF, 0xFFFE,
    0xFFFF, 0xFFFF, 0xFFFF, 0xFFFF, 0xFFFF, 0xFFFF, 0xFFFF, 0xFFFF, 0xFFFF, 0xFFFF, 0xFFFF, 0xFFFF, 0xFFFF, 0xFFFF, 0xFFFE, 0xFFFD,
    0xFFFD, 0xFFFE, 0xFFFF, 0xFFFF, 0xFFFF, 0xFFFF, 0xFFFF, 0xFFFF, 0xFFFF, 0xFFFF, 0xFFFF, 0xFFFF, 0xFFFF, 0xFFDD, 0xFFDC, 0xFFBC,
    0xFFBC, 0xF79B, 0xF79B, 0xFF9B, 0xD677, 0xC5D5, 0xDE98, 0xFFDD, 0x5268, 0x0000, 0x10A1, 0x1081, 0x0861, 0x0861, 0x0861, 0x0860,
    0x0860, 0x0860, 0x0860, 0x0860, 0x0860, 0x0860, 0x0860, 0x0860, 0x0860, 0x0860, 0x0860, 0x0860, 0x0860, 0x0840, 0x0040, 0x0040,
    0x0860, 0x0861, 0x0860, 0x0840, 0x0840, 0x0840, 0x0840, 0x0840, 0x0860, 0x0861, 0x1081, 0x10A1, 0x10A1, 0x18C2, 0x2103, 0x2103,
    0x1081, 0x4A47, 0xD677, 0xFFBB, 0xFF7A, 0xFF7A, 0xFF9A, 0xFF7A, 0xFF7A, 0xFF7A, 0xFF7A, 0xFF7A, 0xFF7A, 0xFF7A, 0xFF7A, 0xFF5A,
    0xFF5A, 0xFF5A, 0xFF5A, 0xF75A, 0xF759, 0xFF5A, 0xF759, 0xF759, 0xF759, 0xF759, 0xF759, 0xF759, 0xF759, 0xF759, 0xF739, 0xF759,
    0xF759, 0xF739, 0xF739, 0xF739, 0xF73A, 0xF739, 0xF739, 0xF73A, 0xF73A, 0xF73A, 0xF73A, 0xF73A, 0xF73A, 0xF73A, 0xF73A, 0xF73A,
    0xF73A, 0xF73A, 0xF73A, 0xF73A, 0xF73A, 0xF73A, 0xF73A, 0xF73A, 0xF73A, 0xF73A, 0xF73A, 0xF73A, 0xF75A, 0xF75A, 0xF75A, 0xF75A,
    0xC50F, 0xC50F, 0xC50F, 0xC50F, 0xC50F, 0xC50F, 0xC50F, 0xC50F, 0xC50F, 0xC50F, 0xC50F, 0xC50F, 0xC50F, 0xC50F, 0xC50F, 0xC50F,
    0xC50F, 0xC50F, 0xC50F, 0xC50E, 0xBCEE, 0xBCEE, 0xC50F, 0xC50F, 0xC50F, 0xC50F, 0xC50F, 0xC50F, 0xC50F, 0xC50F, 0xC50F, 0xC50F,
    0xC50F, 0xC50F, 0xC50F, 0xC50F, 0xC50F, 0xC50F, 0xC50F, 0xC50F, 0xC50F, 0x9C0B, 0xA44D, 0xCDB2, 0xCDB2, 0xCDB3, 0xCDB3, 0xCDB3,
    0xCDB3, 0xCDB3, 0xCDB3, 0xCDB3, 0xCDB3, 0xCDB3, 0xCDB3, 0xCDB3, 0xCDB3, 0xCDB3, 0xCDB3, 0xCDB3, 0xCDB3, 0xCDB3, 0xCDB3, 0xD614,
    0x9BCA, 0xAC8E, 0xFFFF, 0xFFDD, 0xFFFE, 0xFFFC, 0xFFDC, 0xFFDD, 0xFFFE, 0xFFFE, 0xFFFE, 0xFFFF, 0xFFFF, 0xFFFE, 0xFFFE, 0xFFFE,
    0xFFFF, 0xFFFF, 0xFFFF, 0xFFFF, 0xFFFF, 0xFFFF, 0xFFFF, 0xFFFF, 0xFFFF, 0xFFFE, 0xFFFF, 0xFFFF, 0xFFFF, 0xFFFF, 0xFFFE, 0xFFFE,
    0xFFFE, 0xFFFE, 0xFFFE, 0xFFFE, 0xFFFE, 0xFFFF, 0xFFFF, 0xFFFF, 0xFFFF, 0xFFFF, 0xFFFF, 0xFFFF, 0xFFFF, 0xFFFE, 0xFFFE, 0xFFFE,
    0xFFFE, 0xFFFF, 0xFFFF, 0xFFFF, 0xFFFF, 0xFFFF, 0xFFFF, 0xFFFF, 0xFFFF, 0xFFFF, 0xFFFF, 0xFFFF, 0xFFFF, 0xFFDD, 0xFFDC, 0xFFDD,
    0xFFFD, 0xFFFE, 0xFFDD, 0xF7BC, 0xFF9C, 0xFFDC, 0xFF9C, 0xF77B, 0xDE97, 0x736C, 0x0000, 0x18C2, 0x18E2, 0x18C2, 0x18C2, 0x10A1,
    0x0860, 0x0840, 0x0840, 0x0860, 0x0860, 0x0860, 0x0860, 0x0860, 0x0840, 0x0860, 0x0860, 0x0860, 0x0860, 0x0860, 0x0860, 0x0840,
    0x0840, 0x0040, 0x0840, 0x0840, 0x0840, 0x0840, 0x0840, 0x0840, 0x0840, 0x0860, 0x1081, 0x10A1, 0x10A1, 0x18C2, 0x2103, 0x2103,
    0x10A1, 0x0000, 0xC5D4, 0xFFFC, 0xFF7A, 0xFF9A, 0xFF9A, 0xFF7A, 0xFF7A, 0xFF7A, 0xFF7A, 0xFF7A, 0xFF7A, 0xFF7A, 0xFF7A, 0xFF5A,
    0xFF5A, 0xFF5A, 0xFF5A, 0xFF59, 0xFF59, 0xFF59, 0xFF59, 0xF759, 0xF759, 0xF759, 0xF759, 0xF739, 0xF759, 0xF759, 0xF73A, 0xF759,
    0xF759, 0xF739, 0xF739, 0xF739, 0xF739, 0xF739, 0xF739, 0xF739, 0xF73A, 0xF73A, 0xF73A, 0xF73A, 0xF739, 0xF739, 0xF73A, 0xF73A,
    0xF73A, 0xF73A, 0xF73A, 0xF73A, 0xEF3A, 0xF73A, 0xF73A, 0xF73A, 0xF73A, 0xF73A, 0xF73A, 0xF73A, 0xF73A, 0xF75A, 0xF75A, 0xF75A,
    0xC50F, 0xC50F, 0xC50F, 0xC50F, 0xC50F, 0xC50F, 0xC50F, 0xC50F, 0xC50F, 0xC50F, 0xC50F, 0xC50F, 0xC50F, 0xC50F, 0xC50F, 0xC50F,
    0xC50F, 0xC50F, 0xC50F, 0xC50E, 0xBCEE, 0xBCEE, 0xBCEE, 0xC50F, 0xC50F, 0xC50F, 0xC50F, 0xC50F, 0xC50F, 0xC50F, 0xC50F, 0xC50F,
    0xC50F, 0xC50F, 0xC50F, 0xC50F, 0xC50F, 0xC50F, 0xC50F, 0xC50F, 0xBD0F, 0x9C0B, 0xA44D, 0xCDB3, 0xCDB3, 0xCDB3, 0xCDB3, 0xCDB3,
    0xCDB3, 0xCDB3, 0xCDB3, 0xCDB3, 0xCDB3, 0xCDB3, 0xCDB3, 0xCDB3, 0xCDB3, 0xCDB3, 0xCDB3, 0xCDB3, 0xCDB3, 0xCDB3, 0xD5F4, 0xBCEF,
    0xB4EF, 0xD636, 0xFFFE, 0xFFFD, 0xFFFD, 0xFFFD, 0xFFFC, 0xFFFD, 0xFFFE, 0xFFFE, 0xFFFE, 0xFFFF, 0xFFFF, 0xFFFE, 0xFFFE, 0xFFFE,
    0xFFFF, 0xFFFF, 0xFFFF, 0xFFFF, 0xFFFF, 0xFFFF, 0xFFFF, 0xFFFE, 0xFFFE, 0xFFFF, 0xFFFF, 0xFFFF, 0xFFFF, 0xFFFF, 0xFFFE, 0xFFFE,
    0xFFFE, 0xFFFF, 0xFFFE, 0xFFFE, 0xFFFE, 0xFFFF, 0xFFFF, 0xFFFF, 0xFFFF, 0xFFFF, 0xFFFF, 0xFFFE, 0xFFFE, 0xFFFE, 0xFFFE, 0xFFFF,
    0xFFFF, 0xFFFF, 0xFFFE, 0xFFFE, 0xFFFE, 0xFFFF, 0xFFFF, 0xFFFF, 0xFFFF, 0xFFFF, 0xFFFF, 0xFFFE, 0xFFDD, 0xFFDC, 0xFFDD, 0xFFFE,
    0xFFFE, 0xFFFE, 0xFFFE, 0xFFDD, 0xF7BC, 0xFFBD, 0xFFBC, 0xF75B, 0xFFDC, 0xBDB4, 0x738C, 0x2923, 0x2103, 0x2964, 0x3185, 0x2123,
    0x0040, 0x0040, 0x0040, 0x0840, 0x0840, 0x0860, 0x0840, 0x0840, 0x0860, 0x0860, 0x0840, 0x0860, 0x0860, 0x0860, 0x0860, 0x0860,
    0x0860, 0x0860, 0x0860, 0x0860, 0x0840, 0x0840, 0x0840, 0x0861, 0x1081, 0x1081, 0x1081, 0x10A1, 0x10A2, 0x18E2, 0x2103, 0x2103,
    0x1081, 0x1060, 0xCDF5, 0xFFDB, 0xFF7A, 0xFF7A, 0xFF7A, 0xFF7A, 0xFF7A, 0xFF7A, 0xFF7A, 0xFF7A, 0xFF7A, 0xFF7A, 0xFF7A, 0xFF5A,
    0xFF5A, 0xFF5A, 0xFF7A, 0xFF5A, 0xFF59, 0xF759, 0xF759, 0xF759, 0xF759, 0xF759, 0xF759, 0xF739, 0xF739, 0xF739, 0xF73A, 0xF759,
    0xF739, 0xF739, 0xF739, 0xF739, 0xF739, 0xF739, 0xF739, 0xF739, 0xF73A, 0xF73A, 0xF73A, 0xF73A, 0xF739, 0xF739, 0xF73A, 0xF73A,
    0xF739, 0xF73A, 0xF73A, 0xF73A, 0xF73A, 0xF73A, 0xF73A, 0xF73A, 0xF73A, 0xF73A, 0xF73A, 0xF73A, 0xF73A, 0xF75A, 0xF75A, 0xF75A,
    0xC50F, 0xC50F, 0xC50F, 0xC50F, 0xC50F, 0xC50F, 0xC50F, 0xC50F, 0xC50F, 0xC50F, 0xC50F, 0xC50F, 0xC50F, 0xC50F, 0xC50F, 0xC50F,
    0xC50F, 0xC50F, 0xC50F, 0xC50F, 0xC50F, 0xBCEE, 0xBCEE, 0xC50F, 0xC50F, 0xC50F, 0xC50F, 0xC50E, 0xC50E, 0xC50F, 0xC50F, 0xC50F,
    0xC50F, 0xC50F, 0xC50F, 0xC50F, 0xC50F, 0xC50F, 0xC50F, 0xC50F, 0xC4EF, 0xA40B, 0xA42D, 0xC551, 0xCDB3, 0xCDB3, 0xCDB3, 0xCDB3,
    0xCDB3, 0xCDB3, 0xCDB3, 0xCDB3, 0xCDB3, 0xCDB3, 0xCDB3, 0xCDB3, 0xCDB3, 0xCDB3, 0xCDB3, 0xCDB3, 0xCDB3, 0xD614, 0xA42C, 0x82C6,
    0xE6D8, 0xFFFF, 0xFFDC, 0xFFFC, 0xFFFC, 0xFFFD, 0xFFFD, 0xFFFD, 0xFFFD, 0xFFFE, 0xFFFE, 0xFFFF, 0xFFFF, 0xFFFF, 0xFFFE, 0xFFFE,
    0xFFFF, 0xFFFF, 0xFFFF, 0xFFFF, 0xFFFF, 0xFFFF, 0xFFFF, 0xFFFE, 0xFFFD, 0xFFFF, 0xFFFF, 0xFFFF, 0xFFFF, 0xFFFF, 0xFFFF, 0xFFFF,
    0xFFFE, 0xFFFE, 0xFFFE, 0xFFFF, 0xFFFF, 0xFFFE, 0xFFFF, 0xFFFF, 0xFFFF, 0xFFFF, 0xFFFE, 0xFFFD, 0xFFFD, 0xFFFE, 0xFFFE, 0xFFFE,
    0xFFFE, 0xFFFE, 0xFFFE, 0xFFFE, 0xFFFE, 0xFFFF, 0xFFFF, 0xFFFE, 0xFFFF, 0xFFFE, 0xFFFD, 0xFFFD, 0xFFDC, 0xFFFD, 0xFFFE, 0xFFFE,
    0xFFFE, 0xFFFD, 0xFFDD, 0xFFDD, 0xFFFE, 0xFFFE, 0xFFFD, 0xF79B, 0xF75A, 0xF75A, 0xF73A, 0x738C, 0x4A48, 0x0020, 0x0020, 0x0020,
    0x0861, 0x18C2, 0x18E2, 0x1081, 0x0040, 0x0840, 0x0860, 0x0840, 0x0840, 0x0840, 0x0840, 0x0860, 0x0860, 0x0840, 0x0840, 0x0860,
    0x0860, 0x0860, 0x0840, 0x0840, 0x0840, 0x0840, 0x0861, 0x1081, 0x1081, 0x1081, 0x1081, 0x10A1, 0x10A2, 0x18C2, 0x20E2, 0x2103,
    0x10A1, 0x1060, 0xCE15, 0xFFDB, 0xFF7A, 0xFF7A, 0xFF7A, 0xFF7A, 0xFF7A, 0xFF7A, 0xFF7A, 0xFF7A, 0xFF7A, 0xFF7A, 0xFF7A, 0xFF5A,
    0xFF5A, 0xFF5A, 0xFF5A, 0xFF5A, 0xF759, 0xF759, 0xF759, 0xF739, 0xF739, 0xF739, 0xF739, 0xF739, 0xF739, 0xF739, 0xF739, 0xF739,
    0xF739, 0xF739, 0xF739, 0xF739, 0xF739, 0xF739, 0xF739, 0xF739, 0xF739, 0xF73A, 0xF73A, 0xF73A, 0xF73A, 0xF73A, 0xF73A, 0xF73A,
    0xF73A, 0xF73A, 0xF73A, 0xF73A, 0xF73A, 0xF73A, 0xF73A, 0xF73A, 0xF73A, 0xF73A, 0xF73A, 0xF73A, 0xF75A, 0xF75A, 0xF75A, 0xF75A,
    0xC50F, 0xC50F, 0xC50F, 0xC50F, 0xC52F, 0xC50F, 0xC50F, 0xC50F, 0xC50F, 0xC50F, 0xC50F, 0xC50F, 0xC50F, 0xC50F, 0xC50F, 0xC50F,
    0xC50F, 0xC50F, 0xC50F, 0xC50F, 0xC50F, 0xBCEE, 0xBCEE, 0xC50E, 0xC50F, 0xC50F, 0xC50F, 0xC50E, 0xC50E, 0xC50F, 0xC50F, 0xC50F,
    0xC50F, 0xC50F, 0xC50F, 0xC50F, 0xC50F, 0xC50F, 0xC50F, 0xC50F, 0xC50F, 0xBCCE, 0x9C0C, 0xB4CF, 0xCDB3, 0xCDB3, 0xCDB3, 0xCDB2,
    0xCDB3, 0xCDB3, 0xCDB3, 0xCDB3, 0xCDB3, 0xCDB3, 0xCDB3, 0xCDB3, 0xCDB3, 0xCDB3, 0xCDB3, 0xD5F4, 0xCDB3, 0xA40C, 0xC592, 0xDE76,
    0xF77B, 0xFFFE, 0xFFFE, 0xFFFE, 0xFFFD, 0xFFFC, 0xFFFD, 0xFFFD, 0xFFFE, 0xFFFE, 0xFFFE, 0xFFFE, 0xFFFF, 0xFFFF, 0xFFFE, 0xFFFE,
    0xFFFF, 0xFFFF, 0xFFFF, 0xFFFF, 0xFFFF, 0xFFFE, 0xFFFE, 0xFFFE, 0xFFFD, 0xFFFE, 0xFFFF, 0xFFFF, 0xFFFF, 0xFFFF, 0xFFFF, 0xFFFE,
    0xFFFE, 0xFFFD, 0xFFFE, 0xFFFF, 0xFFFF, 0xFFFF, 0xFFFF, 0xFFFF, 0xFFFF, 0xFFFE, 0xFFFD, 0xFFFD, 0xFFFD, 0xFFFE, 0xFFFE, 0xFFFE,
    0xFFFE, 0xFFFE, 0xFFFE, 0xFFFE, 0xFFFE, 0xFFFF, 0xFFFE, 0xFFDC, 0xFFDD, 0xFFFD, 0xFFDC, 0xFFDC, 0xFFDC, 0xFFFE, 0xFFFF, 0xFFFE,
    0xFFFE, 0xFFBB, 0xF79B, 0xFFDD, 0xFFDD, 0xFFDD, 0xFFDD, 0xFFDD, 0xF77B, 0xEF1A, 0xEEF9, 0xFFBC, 0xDEB8, 0x3185, 0x1081, 0x0860,
    0x0861, 0x0881, 0x0860, 0x0860, 0x0840, 0x0840, 0x0860, 0x0840, 0x0840, 0x0840, 0x0840, 0x0840, 0x0840, 0x0860, 0x0860, 0x0860,
    0x0860, 0x0860, 0x0881, 0x0881, 0x0861, 0x0881, 0x1081, 0x1081, 0x10A1, 0x10A1, 0x10A1, 0x10A1, 0x1081, 0x10A1, 0x2103, 0x1081,
    0x3144, 0xCE15, 0xF759, 0xFF9A, 0xFF7A, 0xFF7A, 0xFF7A, 0xFF7A, 0xFF7A, 0xFF7A, 0xFF7A, 0xFF7A, 0xFF7A, 0xFF7A, 0xFF7A, 0xFF5A,
    0xFF5A, 0xFF5A, 0xFF5A, 0xF759, 0xF759, 0xF739, 0xF739, 0xF739, 0xF739, 0xF739, 0xF739, 0xF739, 0xF739, 0xF739, 0xF739, 0xF739,
    0xF739, 0xF739, 0xF75A, 0xF739, 0xF739, 0xF739, 0xF739, 0xF739, 0xF739, 0xF739, 0xF739, 0xF739, 0xF739, 0xF739, 0xF73A, 0xF739,
    0xF73A, 0xF73A, 0xF73A, 0xF73A, 0xF73A, 0xF73A, 0xF73A, 0xF73A, 0xF73A, 0xF73A, 0xF73A, 0xF73A, 0xF75A, 0xF75A, 0xF75A, 0xF75A,
    0xC50F, 0xC50F, 0xC50F, 0xC52F, 0xC52F, 0xC50F, 0xC50F, 0xC50F, 0xC50F, 0xC50F, 0xC50F, 0xC50F, 0xC50F, 0xC50F, 0xC50F, 0xC50F,
    0xC50F, 0xC50F, 0xC50F, 0xC50F, 0xBCEF, 0xBCEE, 0xBCEE, 0xC50E, 0xC50F, 0xC50F, 0xC50F, 0xC50E, 0xC50E, 0xC50F, 0xC50F, 0xC50F,
    0xC50F, 0xC50F, 0xC50F, 0xC50F, 0xC50F, 0xC50F, 0xC50F, 0xC50F, 0xC50F, 0xC4EF, 0x9C0C, 0xB4CF, 0xCDD3, 0xCDB3, 0xCDB3, 0xCDB2,
    0xCDB2, 0xCDB3, 0xCDB3, 0xCDB3, 0xCDB3, 0xCDB3, 0xCDB3, 0xCDB3, 0xCDB3, 0xCDB3, 0xCDD3, 0xCD92, 0xCD71, 0x9C0C, 0xEF5A, 0xFFFF,
    0xFFDD, 0xFFFE, 0xFFFF, 0xFFFF, 0xFFFD, 0xFFFD, 0xFFFD, 0xFFFD, 0xFFFE, 0xFFFE, 0xFFFE, 0xFFFE, 0xFFFF, 0xFFFF, 0xFFFF, 0xFFFF,
    0xFFFF, 0xFFFF, 0xFFFF, 0xFFFF, 0xFFFE, 0xFFFD, 0xFFFD, 0xFFFD, 0xFFFE, 0xFFFF, 0xFFFF, 0xFFFF, 0xFFFF, 0xFFFF, 0xFFFE, 0xFFFE,
    0xFFFE, 0xFFFE, 0xFFFE, 0xFFFE, 0xFFFE, 0xFFFE, 0xFFFE, 0xFFFF, 0xFFFF, 0xFFFF, 0xFFFE, 0xFFFD, 0xFFFD, 0xFFFE, 0xFFFE, 0xFFFE,
    0xFFFE, 0xFFFE, 0xFFFE, 0xFFFE, 0xFFFE, 0xFFFE, 0xFFFE, 0xFFDC, 0xFFDC, 0xFFDC, 0xFFDC, 0xFFDC, 0xFFDC, 0xFFFE, 0xFFFE, 0xFFFD,
    0xFFFD, 0xFFBC, 0xFFBC, 0xFFFD, 0xFFDC, 0xFFDB, 0xFFDC, 0xF7BC, 0xFFFD, 0xFFDD, 0xF77B, 0xF75A, 0xEF1A, 0xEED9, 0xA4F1, 0x9490,
    0x2964, 0x0020, 0x0860, 0x0860, 0x0860, 0x0840, 0x0040, 0x0040, 0x0040, 0x0840, 0x0840, 0x0840, 0x0840, 0x0840, 0x0860, 0x0840,
    0x0860, 0x0860, 0x10A1, 0x10A1, 0x10A2, 0x10A2, 0x10A2, 0x1081, 0x0861, 0x0861, 0x0860, 0x0861, 0x1081, 0x10A1, 0x18C2, 0x1040,
    0x3164, 0xFF9A, 0xFF9A, 0xFF7A, 0xFF7A, 0xFF7A, 0xFF7A, 0xFF7A, 0xFF7A, 0xFF7A, 0xFF7A, 0xFF7A, 0xFF7A, 0xFF7A, 0xFF7A, 0xFF7A,
    0xFF5A, 0xFF5A, 0xFF5A, 0xF759, 0xF759, 0xF759, 0xF739, 0xF739, 0xF739, 0xF739, 0xF739, 0xF739, 0xF739, 0xF739, 0xF73A, 0xF739,
    0xF739, 0xF739, 0xF739, 0xF739, 0xF739, 0xF739, 0xF739, 0xF739, 0xF739, 0xF739, 0xF739, 0xF739, 0xF739, 0xF759, 0xF739, 0xF739,
    0xF739, 0xF739, 0xF73A, 0xF73A, 0xF73A, 0xF73A, 0xF73A, 0xF73A, 0xF73A, 0xF73A, 0xF73A, 0xF73A, 0xF75A, 0xF75A, 0xF75A, 0xF75A,
    0xC50F, 0xC50F, 0xC50F, 0xC52F, 0xC50F, 0xC52F, 0xC50F, 0xC50F, 0xC50F, 0xC50F, 0xC50F, 0xC50F, 0xC50F, 0xC50F, 0xC50F, 0xC50F,
    0xC50F, 0xC50F, 0xC50F, 0xBCEE, 0xBCEE, 0xC50E, 0xC50E, 0xC50F, 0xC50F, 0xC50F, 0xC50F, 0xC50F, 0xC50F, 0xC50E, 0xCD2F, 0xCD50,
    0xCD50, 0xCD50, 0xCD50, 0xCD50, 0xCD4F, 0xCD50, 0xCD2F, 0xC50F, 0xC52F, 0xC4EF, 0x9C2C, 0xB4CF, 0xCDD3, 0xCDB3, 0xCDB3, 0xCDB3,
    0xCDB2, 0xCDB3, 0xCDB2, 0xCDB2, 0xCDB3, 0xCDB3, 0xCDB3, 0xCDB3, 0xCDD3, 0xCDB3, 0xDE35, 0xAC6E, 0x9BCB, 0xFFFE, 0xFFFD, 0xFFDE,
    0xFFFF, 0xFFFF, 0xFFFF, 0xFFFF, 0xFFFD, 0xFFFC, 0xFFFC, 0xFFFD, 0xFFFF, 0xFFFE, 0xFFFE, 0xFFFF, 0xFFFF, 0xFFFF, 0xFFFF, 0xFFFD,
    0xFFFE, 0xFFFF, 0xFFFF, 0xFFFF, 0xFFFE, 0xFFFD, 0xFFFD, 0xFFFD, 0xFFFF, 0xFFFF, 0xFFFF, 0xFFFF, 0xFFFE, 0xFFFE, 0xFFFD, 0xFFFC,
    0xFFFD, 0xFFFE, 0xFFFE, 0xFFFE, 0xFFFE, 0xFFDC, 0xFFDD, 0xFFFF, 0xFFFF, 0xFFFF, 0xFFFE, 0xFFFE, 0xFFFE, 0xFFFE, 0xFFFF, 0xFFFE,
    0xFFFE, 0xFFFF, 0xFFFF, 0xFFFF, 0xFFFE, 0xFFFE, 0xFFFE, 0xFFFE, 0xFFDD, 0xFFDB, 0xFFDB, 0xFFFD, 0xFFFE, 0xFFFE, 0xFFFE, 0xFFFD,
    0xFFFE, 0xFFFE, 0xFFFE, 0xFFFD, 0xFFFC, 0xFFDC, 0xFFDC, 0xFFFD, 0xFFFD, 0xFFFD, 0xFFDD, 0xF7BC, 0xF73A, 0xF71A, 0xF719, 0xF73A,
    0x31A5, 0x0000, 0x1080, 0x0880, 0x0860, 0x0860, 0x0860, 0x0860, 0x0860, 0x0860, 0x0840, 0x0860, 0x0860, 0x0860, 0x0840, 0x0860,
    0x0860, 0x0860, 0x0860, 0x0861, 0x0861, 0x0861, 0x0861, 0x0860, 0x0840, 0x0860, 0x0860, 0x0860, 0x10A1, 0x18C2, 0x0020, 0x4A27,
    0xD676, 0xF759, 0xFF9A, 0xFF7A, 0xFF7A, 0xFF7A, 0xFF7A, 0xFF7A, 0xFF7A, 0xFF7A, 0xFF7A, 0xFF7A, 0xFF7A, 0xFF7A, 0xFF7A, 0xFF7A,
    0xFF5A, 0xFF5A, 0xFF5A, 0xF759, 0xF759, 0xF739, 0xF739, 0xF739, 0xF739, 0xF739, 0xF739, 0xF739, 0xF739, 0xF739, 0xF739, 0xF73A,
    0xF739, 0xF739, 0xF739, 0xF739, 0xF75A, 0xF739, 0xF739, 0xF739, 0xF739, 0xF739, 0xF739, 0xF739, 0xF739, 0xF739, 0xF75A, 0xF759,
    0xF739, 0xF739, 0xF739, 0xF73A, 0xF73A, 0xF73A, 0xF73A, 0xF739, 0xF73A, 0xF73A, 0xF73A, 0xF73A, 0xF73A, 0xF73A, 0xF75A, 0xF75B,
    0xC50F, 0xC50F, 0xC50F, 0xC50F, 0xC50F, 0xC50F, 0xC50F, 0xC50F, 0xC50F, 0xC50F, 0xC50F, 0xC50F, 0xC50F, 0xC50F, 0xC50F, 0xC50F,
    0xC50F, 0xC50F, 0xC50F, 0xC50E, 0xC50E, 0xC50E, 0xC50E, 0xC50F, 0xC50F, 0xC50F, 0xC50F, 0xC50E, 0xC4EE, 0xC50F, 0xAC6D, 0x9C0C,
    0xA42C, 0xA42C, 0x9C0C, 0x9C0C, 0x9C0C, 0x9BEC, 0xAC6D, 0xCD50, 0xC50F, 0xBCEF, 0x9C0C, 0xB4CF, 0xCDD3, 0xCDB3, 0xCDB3, 0xCDB3,
    0xCDB2, 0xCDB2, 0xCDB3, 0xCDB3, 0xCDD3, 0xCDD3, 0xCDD3, 0xCDB3, 0xCDD3, 0xC572, 0x9BA9, 0xBD51, 0xEF5C, 0xFFDD, 0xFFFD, 0xFFFE,
    0xFFFF, 0xFFFF, 0xFFFF, 0xFFFF, 0xFFFE, 0xFFFD, 0xFFFC, 0xFFFD, 0xFFFF, 0xFFFE, 0xFFFF, 0xFFFF, 0xFFFF, 0xFFFF, 0xFFFE, 0xFFFD,
    0xFFFE, 0xFFFF, 0xFFFF, 0xFFFF, 0xFFFE, 0xFFFD, 0xFFFD, 0xFFFE, 0xFFFF, 0xFFFF, 0xFFFF, 0xFFFF, 0xFFFD, 0xFFFD, 0xFFFC, 0xFFFC,
    0xFFFE, 0xFFFE, 0xFFFE, 0xFFFE, 0xFFFD, 0xFFDC, 0xFFDD, 0xFFFF, 0xFFFF, 0xFFFF, 0xFFFF, 0xFFFF, 0xFFFF, 0xFFFF, 0xFFFF, 0xFFFE,
    0xFFFE, 0xFFFF, 0xFFFF, 0xFFFF, 0xFFFE, 0xFFFE, 0xFFFE, 0xFFFE, 0xFFDD, 0xFFDC, 0xFFDC, 0xFFFD, 0xFFFF, 0xFFFE, 0xFFFE, 0xFFFE,
    0xFFFE, 0xFFFD, 0xFFFC, 0xFFFC, 0xFFFC, 0xFFFC, 0xFFFC, 0xFFFC, 0xFFFC, 0xFFFC, 0xFFDC, 0xEF19, 0xEF19, 0xEF19, 0xF71A, 0xEF1A,
    0xAD12, 0x4A28, 0x0020, 0x0020, 0x0860, 0x0881, 0x0881, 0x0861, 0x0860, 0x0860, 0x0860, 0x0860, 0x0860, 0x0840, 0x0840, 0x0860,
    0x0860, 0x0840, 0x0840, 0x0840, 0x0840, 0x0840, 0x0840, 0x0840, 0x0861, 0x10A1, 0x10A1, 0x10A1, 0x10A1, 0x18C2, 0x0000, 0x5A88,
    0xFFFD, 0xFF79, 0xFF7A, 0xFF7A, 0xFF7A, 0xFF7A, 0xFF7A, 0xFF7A, 0xFF7A, 0xFF7A, 0xFF7A, 0xFF7A, 0xFF7A, 0xFF7A, 0xFF7A, 0xFF7A,
    0xFF5A, 0xFF5A, 0xF759, 0xF759, 0xF759, 0xF739, 0xF739, 0xF739, 0xF739, 0xF739, 0xF739, 0xF739, 0xF739, 0xF739, 0xF73A, 0xF73A,
    0xF739, 0xF739, 0xF739, 0xF739, 0xF739, 0xF75A, 0xF739, 0xF739, 0xF739, 0xF739, 0xF739, 0xF739, 0xF759, 0xF739, 0xF75A, 0xF739,
    0xF75A, 0xF739, 0xF739, 0xF739, 0xF739, 0xF739, 0xF739, 0xF73A, 0xF739, 0xF73A, 0xF73A, 0xF73A, 0xF73A, 0xF75A, 0xF75A, 0xF75A,
    0xC50F, 0xC50F, 0xC50F, 0xC50F, 0xC50F, 0xC50F, 0xC50F, 0xC50F, 0xC50F, 0xC50F, 0xC50F, 0xC50F, 0xC50F, 0xC50F, 0xC50F, 0xC50F,
    0xC50F, 0xC50F, 0xC50F, 0xC50E, 0xC50E, 0xC50E, 0xC50E, 0xC50F, 0xC50F, 0xC50F, 0xBD0E, 0xCD2F, 0xCD4F, 0xD590, 0x5A26, 0x0820,
    0x18A1, 0x1881, 0x1881, 0x1081, 0x1081, 0x1060, 0x3143, 0x93CB, 0xCD50, 0xC52F, 0x9C0C, 0xB4EF, 0xD5D3, 0xCDB3, 0xCDB3, 0xCDB3,
    0xCDB3, 0xCDB3, 0xCDD3, 0xCDB3, 0xCDD3, 0xCDD3, 0xCDB3, 0xCDB2, 0xD5D3, 0xC551, 0x8B48, 0xC593, 0xFFFF, 0xFFDD, 0xFFFD, 0xFFFE,
    0xFFFF, 0xFFFF, 0xFFFF, 0xFFFF, 0xFFFF, 0xFFFE, 0xFFFC, 0xFFFE, 0xFFFF, 0xFFFE, 0xFFFF, 0xFFFF, 0xFFFF, 0xFFFF, 0xFFFE, 0xFFFC,
    0xFFFE, 0xFFFF, 0xFFFF, 0xFFFF, 0xFFFF, 0xFFFE, 0xFFFE, 0xFFFF, 0xFFFF, 0xFFFF, 0xFFFF, 0xFFFF, 0xFFFD, 0xFFFC, 0xFFFC, 0xFFFC,
    0xFFFE, 0xFFFE, 0xFFFE, 0xFFFE, 0xFFDC, 0xFFDC, 0xFFFE, 0xFFFF, 0xFFFF, 0xFFFF, 0xFFFF, 0xFFFF, 0xFFFF, 0xFFFF, 0xFFFF, 0xFFFE,
    0xFFFE, 0xFFFE, 0xFFFE, 0xFFFE, 0xFFDD, 0xFFDD, 0xFFDD, 0xFFFE, 0xFFFD, 0xFFDC, 0xFFDC, 0xFFFE, 0xFFFE, 0xFFFF, 0xFFFE, 0xFFFC,
    0xFFFC, 0xFFFC, 0xFFFC, 0xFFFC, 0xFFFD, 0xFFFC, 0xFFDC, 0xFFFC, 0xFFFC, 0xFFFC, 0xFFDC, 0xEF39, 0xEF39, 0xEF19, 0xF71A, 0xEEF9,
    0xF71A, 0xDE98, 0x5AA9, 0x2103, 0x0860, 0x0000, 0x0000, 0x0000, 0x0860, 0x0860, 0x0840, 0x0860, 0x0840, 0x0840, 0x0840, 0x0840,
    0x0860, 0x0840, 0x0860, 0x0860, 0x0840, 0x0860, 0x0860, 0x0840, 0x0860, 0x10A1, 0x10A1, 0x10A1, 0x18C1, 0x0000, 0x62EA, 0xCE37,
    0xFF7A, 0xFF7A, 0xFF7A, 0xFF7A, 0xFF7A, 0xFF7A, 0xFF7A, 0xFF7A, 0xFF7A, 0xFF7A, 0xFF7A, 0xFF7A, 0xFF7A, 0xFF7A, 0xFF7A, 0xFF5A,
    0xFF5A, 0xFF5A, 0xF759, 0xF759, 0xF759, 0xF739, 0xF739, 0xF739, 0xF739, 0xF739, 0xF739, 0xF739, 0xF739, 0xF739, 0xF73A, 0xF73A,
    0xF739, 0xF739, 0xF739, 0xF739, 0xF739, 0xF739, 0xF759, 0xF739, 0xF739, 0xF759, 0xF759, 0xF73A, 0xF75A, 0xF75A, 0xF75A, 0xF75A,
    0xF75A, 0xF739, 0xF739, 0xF739, 0xF739, 0xF739, 0xF739, 0xF739, 0xF73A, 0xF73A, 0xF73A, 0xF73A, 0xF73A, 0xF73A, 0xF75A, 0xF75A,
    0xC50F, 0xC50F, 0xC50F, 0xC50F, 0xC50F, 0xC50F, 0xC50F, 0xC50F, 0xC50F, 0xC50F, 0xC50F, 0xC50F, 0xC50F, 0xC50F, 0xC50F, 0xC50F,
    0xC50F, 0xC50F, 0xC50F, 0xC50F, 0xC50F, 0xC50F, 0xC50E, 0xBCEE, 0xCD2F, 0xCD70, 0xD590, 0x836A, 0x5226, 0x5A46, 0x3984, 0x3164,
    0x3184, 0x3185, 0x3985, 0x3985, 0x39A5, 0x39C5, 0x20C2, 0x18A1, 0x41C5, 0x5206, 0x9C0C, 0xBD10, 0xD5D3, 0xCDB2, 0xCDB2, 0xCDB3,
    0xCDD3, 0xCDD3, 0xCDD3, 0xCDB3, 0xCDD3, 0xCDB3, 0xD5F3, 0xCDB2, 0x93AA, 0x9BEB, 0xF79B, 0xFFFD, 0xFFDC, 0xFFFC, 0xFFFF, 0xFFFF,
    0xFFFF, 0xFFFF, 0xFFFF, 0xFFFF, 0xFFFF, 0xFFFE, 0xFFFD, 0xFFFE, 0xFFFF, 0xFFFF, 0xFFFF, 0xFFFF, 0xFFFF, 0xFFFF, 0xFFFE, 0xFFFC,
    0xFFFE, 0xFFFF, 0xFFFF, 0xFFFF, 0xFFFF, 0xFFFF, 0xFFFF, 0xFFFF, 0xFFFF, 0xFFFF, 0xFFFF, 0xFFFE, 0xFFFD, 0xFFFD, 0xFFFE, 0xFFFE,
    0xFFFE, 0xFFFE, 0xFFFE, 0xFFFE, 0xFFDC, 0xFFFC, 0xFFFD, 0xFFFD, 0xFFFE, 0xFFFE, 0xFFFF, 0xFFFF, 0xFFFF, 0xFFFF, 0xFFFF, 0xFFFF,
    0xFFFD, 0xFFFE, 0xFFFE, 0xFFDD, 0xFFBC, 0xFFBC, 0xFFDC, 0xFFFD, 0xFFBC, 0xF7BB, 0xFFFE, 0xFFFF, 0xFFFF, 0xFFFE, 0xFFFD, 0xFFFC,
    0xFFDC, 0xFFFD, 0xFFFD, 0xFFFC, 0xFFFC, 0xFFFC, 0xFFFC, 0xFFFC, 0xFFBC, 0xF77A, 0xF77A, 0xF75A, 0xF739, 0xF719, 0xF71A, 0xF71A,
    0xEF1A, 0xE6B8, 0xE6D8, 0xB532, 0x1081, 0x52A9, 0x5AA9, 0x4A27, 0x1081, 0x0840, 0x0840, 0x0840, 0x0840, 0x0840, 0x0840, 0x0040,
    0x0840, 0x0860, 0x0860, 0x0860, 0x0861, 0x0881, 0x0881, 0x0880, 0x1081, 0x10A1, 0x10A1, 0x10A1, 0x0840, 0x4A27, 0xD697, 0xFFFD,
    0xFF7A, 0xFF7A, 0xFF7A, 0xFF7A, 0xFF7A, 0xFF7A, 0xFF7A, 0xFF7A, 0xFF7A, 0xFF7A, 0xFF7A, 0xFF7A, 0xFF7A, 0xFF7A, 0xFF7A, 0xFF7A,
    0xFF5A, 0xFF5A, 0xF759, 0xF759, 0xF739, 0xF739, 0xF739, 0xF739, 0xF739, 0xF739, 0xF739, 0xF73A, 0xF739, 0xF739, 0xF739, 0xF739,
    0xF73A, 0xF739, 0xF739, 0xF739, 0xF759, 0xF759, 0xF739, 0xF739, 0xF739, 0xF739, 0xF739, 0xF739, 0xF75A, 0xF75A, 0xF75A, 0xF75A,
    0xF739, 0xF739, 0xF739, 0xF739, 0xF739, 0xF739, 0xF73A, 0xF73A, 0xF73A, 0xF73A, 0xF75A, 0xF73A, 0xF73A, 0xF75A, 0xF75A, 0xF73A,
    0xC50F, 0xC50F, 0xC50F, 0xC50F, 0xC50F, 0xC50F, 0xC50F, 0xC50F, 0xC50F, 0xC50F, 0xC50F, 0xC50F, 0xC50F, 0xC50F, 0xC50F, 0xC50F,
    0xC50F, 0xC50F, 0xC50F, 0xC50F, 0xC50F, 0xBCEE, 0xC52F, 0xD5B1, 0x9C0B, 0x6AA6, 0x7B29, 0x3143, 0x0020, 0x0840, 0x20E3, 0x39A5,
    0x3185, 0x3164, 0x2923, 0x2923, 0x2923, 0x2903, 0x2103, 0x18C2, 0x10A2, 0x1881, 0x3102, 0x3964, 0x3123, 0x5A47, 0xDE14, 0xDE14,
    0xCDD3, 0xCDD3, 0xCDD3, 0xCDB3, 0xCDB3, 0xCDB2, 0xD5D2, 0xBD0F, 0x9BEB, 0xE6D7, 0xFFDD, 0xFFFD, 0xFFFC, 0xFFFD, 0xFFFE, 0xFFFF,
    0xFFFF, 0xFFFF, 0xFFFF, 0xFFFF, 0xFFFF, 0xFFFF, 0xFFFF, 0xFFFF, 0xFFFF, 0xFFFE, 0xFFFE, 0xFFFF, 0xFFFF, 0xFFFF, 0xFFFE, 0xFFFC,
    0xFFFE, 0xFFFF, 0xFFFF, 0xFFFF, 0xFFFF, 0xFFFE, 0xFFFE, 0xFFFF, 0xFFFF, 0xFFFF, 0xFFFE, 0xFFFC, 0xFFDC, 0xFFFD, 0xFFFE, 0xFFFE,
    0xFFFD, 0xFFFD, 0xFFFD, 0xFFFD, 0xFFFD, 0xFFFD, 0xFFFC, 0xFFFD, 0xFFFD, 0xFFFE, 0xFFFF, 0xFFFF, 0xFFFF, 0xFFFF, 0xFFDD, 0xFFDD,
    0xFFFE, 0xFFFD, 0xFFDD, 0xFFBB, 0xFFBB, 0xFFBB, 0xFFBB, 0xFFBB, 0xF77A, 0xFFBB, 0xFFFD, 0xFFFD, 0xFFFD, 0xFFFD, 0xFFFD, 0xFFFC,
    0xFFDC, 0xFFFC, 0xFFFD, 0xFFFD, 0xFFFD, 0xFFDC, 0xFFDC, 0xFFDC, 0xF79B, 0xF75A, 0xFF7A, 0xF77A, 0xFF7A, 0xF73A, 0xEF1A, 0xF71A,
    0xEF1A, 0xEF1A, 0xF71A, 0xDE97, 0xBD94, 0xF75A, 0xFF9B, 0xD677, 0x0020, 0x0840, 0x0860, 0x0840, 0x0840, 0x0840, 0x0840, 0x0840,
    0x0860, 0x0860, 0x0860, 0x0861, 0x1081, 0x1081, 0x1081, 0x1081, 0x10A1, 0x10A1, 0x10A1, 0x18C2, 0x18A2, 0xC5F5, 0xFFFC, 0xF759,
    0xFF7A, 0xFF7A, 0xFF7A, 0xFF7A, 0xFF7A, 0xFF7A, 0xFF7A, 0xFF7A, 0xFF7A, 0xFF7A, 0xFF7A, 0xFF7A, 0xFF7A, 0xFF7A, 0xFF5A, 0xFF7A,
    0xFF5A, 0xFF5A, 0xF759, 0xF759, 0xF739, 0xF739, 0xF739, 0xF739, 0xF739, 0xF739, 0xF739, 0xF73A, 0xF73A, 0xF739, 0xF739, 0xF739,
    0xF739, 0xF739, 0xF739, 0xF739, 0xF739, 0xF739, 0xF739, 0xF739, 0xF739, 0xF759, 0xF739, 0xF739, 0xF75A, 0xF75A, 0xF75A, 0xF739,
    0xF75A, 0xF739, 0xF739, 0xF739, 0xF739, 0xF739, 0xF73A, 0xF73A, 0xF73A, 0xF73A, 0xF73A, 0xF75A, 0xF75A, 0xF73A, 0xF73A, 0xF75A,
    0xC50F, 0xC50F, 0xC50F, 0xC50F, 0xC50F, 0xC52F, 0xC52F, 0xC52F, 0xC52F, 0xC50F, 0xC50F, 0xC50F, 0xC50F, 0xC50F, 0xC50F, 0xC50F,
    0xC50F, 0xC50F, 0xC50F, 0xC50F, 0xC50E, 0xDDB1, 0x93CA, 0x49E5, 0x3143, 0x1060, 0x1081, 0x2103, 0x3184, 0x2944, 0x2923, 0x3164,
    0x3165, 0x2923, 0x18C2, 0x18C2, 0x18C2, 0x18C2, 0x18C2, 0x20E2, 0x2944, 0x2964, 0x2103, 0x2103, 0x18A2, 0x2902, 0x9C4E, 0x944D,
    0xC551, 0xD5D3, 0xCDB3, 0xCDB3, 0xCDB2, 0xDE34, 0xA3CA, 0xA44D, 0xEF5B, 0xFFFE, 0xFFFE, 0xFFDD, 0xFFDC, 0xFFFD, 0xFFFE, 0xFFFE,
    0xFFFF, 0xFFFF, 0xFFFF, 0xFFFF, 0xFFFF, 0xFFFF, 0xFFFF, 0xFFFE, 0xFFFD, 0xFFFC, 0xFFFD, 0xFFFF, 0xFFFF, 0xFFFF, 0xFFFE, 0xFFFC,
    0xFFFE, 0xFFFF, 0xFFFF, 0xFFFF, 0xFFFF, 0xFFFD, 0xFFFE, 0xFFFF, 0xFFFF, 0xFFFE, 0xFFFD, 0xFFDC, 0xFFDC, 0xFFDD, 0xFFDC, 0xFFDC,
    0xFFDC, 0xFFDC, 0xFFDC, 0xFFBC, 0xFFFD, 0xFFFD, 0xFFFD, 0xFFFD, 0xFFFD, 0xFFFD, 0xFFFD, 0xFFFD, 0xFFFD, 0xFFFD, 0xFFBB, 0xFFBB,
    0xFFFE, 0xFFBC, 0xF79B, 0xF77B, 0xF79B, 0xF77B, 0xF77A, 0xFF9A, 0xF77B, 0xFFBB, 0xFFDC, 0xFFDC, 0xFFDC, 0xFFDC, 0xFFFC, 0xFFDC,
    0xFFFD, 0xFFDC, 0xFF7B, 0xF77B, 0xF77B, 0xF77A, 0xF75A, 0xF75A, 0xF75A, 0xF77A, 0xFF7A, 0xF77A, 0xFF7A, 0xFF7A, 0xEF1A, 0xF71A,
    0xEF1A, 0xF75A, 0xF77B, 0xF77B, 0xFFBC, 0xF75A, 0xF75A, 0xE6F9, 0x73AD, 0x0840, 0x0020, 0x0860, 0x0840, 0x0860, 0x0860, 0x0860,
    0x0860, 0x0860, 0x0860, 0x0860, 0x1081, 0x1081, 0x1081, 0x1081, 0x1081, 0x10A1, 0x0000, 0x20E2, 0xE6D8, 0xF759, 0xFF7A, 0xFF7A,
    0xFF7A, 0xFF7A, 0xFF7A, 0xFF7A, 0xFF7A, 0xFF7A, 0xFF7A, 0xFF7A, 0xFF7A, 0xFF7A, 0xFF7A, 0xFF7A, 0xFF7A, 0xFF7A, 0xFF5A, 0xFF5A,
    0xFF5A, 0xF759, 0xF759, 0xF759, 0xF759, 0xF739, 0xF739, 0xF739, 0xF739, 0xF739, 0xF739, 0xF73A, 0xF739, 0xF739, 0xF739, 0xF739,
    0xF739, 0xF739, 0xF739, 0xF739, 0xF739, 0xF739, 0xF739, 0xF739, 0xF759, 0xF759, 0xF759, 0xF75A, 0xF739, 0xF75A, 0xF75A, 0xF739,
    0xF73A, 0xF73A, 0xF73A, 0xF739, 0xF739, 0xF739, 0xF739, 0xF73A, 0xF73A, 0xF73A, 0xF73A, 0xF75A, 0xF75A, 0xF73A, 0xF73A, 0xF73A,
    0xC50E, 0xC50E, 0xC50F, 0xC52F, 0xC52F, 0xC52F, 0xC52F, 0xC52F, 0xC52F, 0xC52F, 0xC52F, 0xC52F, 0xC52F, 0xC50F, 0xC50F, 0xC50F,
    0xC50F, 0xC50F, 0xC50F, 0xCD70, 0xC52F, 0x7B29, 0x49E5, 0x18C2, 0x2964, 0x39A5, 0x3185, 0x39A5, 0x39A5, 0x39A5, 0x3185, 0x3164,
    0x3165, 0x3144, 0x2923, 0x18E2, 0x18C2, 0x18C2, 0x18C2, 0x10A1, 0x2123, 0x2964, 0x3164, 0x3164, 0x2964, 0x20E2, 0x18C2, 0x1060,
    0xA48F, 0xDE34, 0xCD92, 0xCDD3, 0xCD92, 0xA40B, 0xB4CF, 0xD657, 0xFFFF, 0xFFFE, 0xFFFF, 0xFFFD, 0xFFDC, 0xFFFC, 0xFFDC, 0xFFFD,
    0xFFFF, 0xFFFF, 0xFFFF, 0xFFFE, 0xFFFE, 0xFFFE, 0xFFFE, 0xFFFE, 0xFFFD, 0xFFFD, 0xFFFD, 0xFFFE, 0xFFFF, 0xFFFF, 0xFFFE, 0xFFFD,
    0xFFFD, 0xFFFE, 0xFFFF, 0xFFFF, 0xFFFE, 0xFFFD, 0xFFFD, 0xFFFF, 0xFFFF, 0xFFFD, 0xFFFC, 0xFFDC, 0xFFFC, 0xFFDD, 0xFFDC, 0xFFDB,
    0xFFDB, 0xFFDB, 0xFFBB, 0xFFBB, 0xFFDC, 0xFFDD, 0xFFDC, 0xFFFD, 0xFFFD, 0xFFFD, 0xFFFD, 0xFFDC, 0xFFDC, 0xFFDC, 0xFFBB, 0xFF9B,
    0xFFBC, 0xFF9B, 0xF77B, 0xFF9B, 0xF77A, 0xF77B, 0xFF7A, 0xFF7A, 0xF79A, 0xFFDC, 0xFFFC, 0xFFFC, 0xFFDC, 0xFFDC, 0xFFFC, 0xFFFD,
    0xFFDC, 0xFF9B, 0xF73A, 0xF73A, 0xF73A, 0xF739, 0xF759, 0xF75A, 0xF75A, 0xFF7A, 0xFF7A, 0xFF7A, 0xF77A, 0xF73A, 0xEF19, 0xF6FA,
    0xEEF9, 0xFF9B, 0xFFDC, 0xFFDC, 0xFFDC, 0xFFBC, 0xF75B, 0xF77B, 0xF75B, 0x5248, 0x18C2, 0x0840, 0x0860, 0x0860, 0x0861, 0x0881,
    0x1081, 0x0881, 0x0861, 0x0861, 0x1081, 0x1081, 0x1081, 0x1081, 0x1081, 0x0860, 0x62EA, 0xA4F0, 0xFF7A, 0xFF9A, 0xFF7A, 0xFF7A,
    0xFF7A, 0xFF7A, 0xFF7A, 0xFF7A, 0xFF7A, 0xFF7A, 0xFF7A, 0xFF7A, 0xFF7A, 0xFF7A, 0xFF7A, 0xFF7A, 0xFF7A, 0xFF5A, 0xFF5A, 0xFF5A,
    0xFF5A, 0xF759, 0xF739, 0xF759, 0xF739, 0xF739, 0xF739, 0xF739, 0xF739, 0xF739, 0xF739, 0xF73A, 0xF739, 0xF739, 0xF739, 0xF739,
    0xF739, 0xF739, 0xF739, 0xF739, 0xF739, 0xF739, 0xF739, 0xF739, 0xF739, 0xF739, 0xF739, 0xF739, 0xF75A, 0xF75A, 0xF75A, 0xF75A,
    0xF73A, 0xF73A, 0xF73A, 0xF739, 0xF739, 0xF739, 0xF739, 0xF73A, 0xF73A, 0xF73A, 0xF73A, 0xF75A, 0xF75A, 0xF75A, 0xF73A, 0xF75A,
    0xC50E, 0xC50F, 0xC50F, 0xC52F, 0xC52F, 0xC52F, 0xC52F, 0xC52F, 0xC52F, 0xC52F, 0xC52F, 0xC50F, 0xC50F, 0xC50F, 0xC50F, 0xC50F,
    0xC50F, 0xC50F, 0xBCEE, 0xA44C, 0x8BCB, 0x18A1, 0x20E2, 0x41E6, 0x39A5, 0x39A5, 0x39A5, 0x3185, 0x3184, 0x3164, 0x3164, 0x2944,
    0x2944, 0x2944, 0x2964, 0x2103, 0x18E2, 0x18C2, 0x10A1, 0x1081, 0x2123, 0x3164, 0x2923, 0x2923, 0x2923, 0x2923, 0x2923, 0x2103,
    0x39A5, 0x4A06, 0xBD71, 0xDE34, 0xD5D3, 0x7A85, 0xD636, 0xFFFF, 0xFFDE, 0xFFFE, 0xFFFF, 0xFFFD, 0xFFDC, 0xFFFC, 0xFFFC, 0xFFFD,
    0xFFFF, 0xFFFF, 0xFFFF, 0xFFFE, 0xFFFE, 0xFFFE, 0xFFFF, 0xFFDD, 0xFFDC, 0xFFDC, 0xFFDC, 0xFFDD, 0xFFFE, 0xFFFF, 0xFFFE, 0xFFFD,
    0xFFFD, 0xFFFD, 0xFFFE, 0xFFFF, 0xFFFE, 0xFFFE, 0xFFFE, 0xFFFF, 0xFFFF, 0xFFFD, 0xFFFD, 0xFFFD, 0xFFFD, 0xFFFD, 0xFFDC, 0xFFDB,
    0xFFDB, 0xFFDC, 0xFFDC, 0xFFDC, 0xFFDC, 0xFFBC, 0xFFBB, 0xFFDD, 0xFFFE, 0xFFFD, 0xFFFD, 0xFFBC, 0xFF9B, 0xFF9B, 0xFF9B, 0xFF9B,
    0xF77A, 0xF77A, 0xFF7A, 0xFF7A, 0xF77A, 0xF77A, 0xF77B, 0xF7BC, 0xFFBC, 0xFFFD, 0xFFFE, 0xFFFE, 0xFFFD, 0xFFFC, 0xFFFC, 0xFFFD,
    0xF77A, 0xF73A, 0xF73A, 0xF73A, 0xF73A, 0xF73A, 0xF75A, 0xF75A, 0xF75A, 0xF75A, 0xF75A, 0xFF7A, 0xF75A, 0xEEF9, 0xEEF9, 0xEEFA,
    0xEEF9, 0xF77B, 0xFFBC, 0xFFBC, 0xFFBC, 0xFFBC, 0xFFBC, 0xFF9C, 0xF75B, 0xFFFD, 0x630B, 0x0000, 0x1081, 0x0860, 0x0861, 0x1081,
    0x1081, 0x1081, 0x1081, 0x1081, 0x1081, 0x1081, 0x1081, 0x1081, 0x1081, 0x0000, 0xAD32, 0xFFFE, 0xFF59, 0xFF7A, 0xFF7A, 0xFF7A,
    0xFF7A, 0xFF7A, 0xFF7A, 0xFF7A, 0xFF7A, 0xFF7A, 0xFF7A, 0xFF7A, 0xFF7A, 0xFF7A, 0xFF7A, 0xFF7A, 0xFF7A, 0xFF5A, 0xFF5A, 0xFF5A,
    0xF759, 0xF739, 0xF739, 0xF739, 0xF739, 0xF739, 0xF739, 0xF739, 0xF739, 0xF739, 0xF739, 0xF739, 0xF739, 0xF739, 0xF739, 0xF739,
    0xF739, 0xF739, 0xF739, 0xF739, 0xF739, 0xF739, 0xF739, 0xF759, 0xF739, 0xF739, 0xF739, 0xF75A, 0xF75A, 0xF739, 0xF75A, 0xF739,
    0xF73A, 0xF73A, 0xF73A, 0xF739, 0xF739, 0xF739, 0xF73A, 0xF73A, 0xF73A, 0xF73A, 0xF75A, 0xF75A, 0xF75A, 0xF75A, 0xF75A, 0xF75A,
    0xC50F, 0xC50F, 0xC50F, 0xC52F, 0xC52F, 0xC52F, 0xC52F, 0xC52F, 0xC52F, 0xC52F, 0xC52F, 0xC52F, 0xC52F, 0xC50F, 0xC50F, 0xC50F,
    0xC50F, 0xC52F, 0xB4AE, 0x1881, 0x1080, 0x41C5, 0x41C5, 0x39A5, 0x39A5, 0x3164, 0x3184, 0x3185, 0x3164, 0x20E2, 0x20E2, 0x20E2,
    0x18C2, 0x18C2, 0x2123, 0x2123, 0x2103, 0x2103, 0x1081, 0x0861, 0x10A1, 0x10A2, 0x2123, 0x2944, 0x2123, 0x2123, 0x2103, 0x20E2,
    0x18C2, 0x20C2, 0x5227, 0x5206, 0x83AB, 0xE6D7, 0xEEF8, 0xFFFE, 0xFFFF, 0xFFFE, 0xFFFF, 0xFFFE, 0xFFFD, 0xFFFC, 0xFFFC, 0xFFFC,
    0xFFFE, 0xFFFF, 0xFFFF, 0xFFFE, 0xFFFF, 0xFFFE, 0xFFFF, 0xFFDD, 0xFFDB, 0xFFDB, 0xFFDB, 0xFFDD, 0xFFFF, 0xFFFF, 0xFFFE, 0xFFFE,
    0xFFFD, 0xFFFD, 0xFFFE, 0xFFFF, 0xFFFF, 0xFFFF, 0xFFFF, 0xFFFF, 0xFFFE, 0xFFFE, 0xFFFF, 0xFFFE, 0xFFFD, 0xFFFE, 0xFFFD, 0xFFDC,
    0xFFDB, 0xFFFD, 0xFFFE, 0xFFFE, 0xFFFE, 0xFFFE, 0xFFFD, 0xFFFD, 0xFFFE, 0xFFFE, 0xFFFD, 0xFFBC, 0xFFBB, 0xFFBB, 0xFF9B, 0xFF9B,
    0xFF9B, 0xF77B, 0xFFBC, 0xFFDD, 0xF79C, 0xF79B, 0xFFDD, 0xFFFE, 0xFFFD, 0xFFFD, 0xFFFE, 0xFFFD, 0xFFDC, 0xFFFC, 0xFFFC, 0xFFFC,
    0xF77B, 0xF739, 0xF739, 0xF739, 0xF75A, 0xF73A, 0xF739, 0xF75A, 0xFF9B, 0xF75A, 0xEF19, 0xEEF9, 0xEF19, 0xEEF9, 0xEEF9, 0xEEF9,
    0xEEF9, 0xEF1A, 0xFFDC, 0xFFDC, 0xFFDC, 0xFFBC, 0xFFBC, 0xFFBC, 0xFF9B, 0xFFBC, 0xD698, 0x62EA, 0x0000, 0x1081, 0x0861, 0x1081,
    0x1081, 0x1081, 0x1081, 0x1081, 0x1081, 0x1081, 0x1081, 0x0840, 0x31A4, 0xB572, 0xDE77, 0xFF9B, 0xFF7A, 0xFF7A, 0xFF7A, 0xFF7A,
    0xFF7A, 0xFF7A, 0xFF7A, 0xFF7A, 0xFF7A, 0xFF7A, 0xFF7A, 0xFF7A, 0xFF7A, 0xFF7A, 0xFF7A, 0xFF7A, 0xFF7A, 0xFF5A, 0xFF5A, 0xFF5A,
    0xFF5A, 0xF759, 0xF739, 0xF739, 0xF739, 0xF739, 0xF739, 0xF739, 0xF739, 0xF739, 0xF739, 0xF739, 0xF739, 0xF739, 0xF739, 0xF739,
    0xF739, 0xF739, 0xF739, 0xF739, 0xF739, 0xF739, 0xF739, 0xF75A, 0xF739, 0xF739, 0xF739, 0xF739, 0xF739, 0xF759, 0xF759, 0xF739,
    0xF75A, 0xF739, 0xF739, 0xF759, 0xF739, 0xF759, 0xF75A, 0xF73A, 0xF73A, 0xF73A, 0xF73A, 0xF75A, 0xF75A, 0xF75A, 0xF75A, 0xF75A,
    0xC50F, 0xC50F, 0xC50F, 0xC52F, 0xC52F, 0xC52F, 0xC52F, 0xC52F, 0xC52F, 0xC52F, 0xC52F, 0xC52F, 0xC52F, 0xC50F, 0xC50F, 0xC50F,
    0xC52F, 0xBD0F, 0x49C5, 0x3164, 0x3184, 0x39A5, 0x39A5, 0x3184, 0x2923, 0x2102, 0x2102, 0x2103, 0x2103, 0x20E2, 0x20E2, 0x20E2,
    0x18C2, 0x1081, 0x1081, 0x0881, 0x18E2, 0x2123, 0x1081, 0x0860, 0x0860, 0x0861, 0x2103, 0x2123, 0x2944, 0x2924, 0x20E2, 0x10A1,
    0x2923, 0x2944, 0x1060, 0x20C2, 0xC616, 0xFFFD, 0xF79B, 0xFFFE, 0xFFFF, 0xFFFE, 0xFFFF, 0xFFFF, 0xFFFF, 0xFFFE, 0xFFFD, 0xFFFC,
    0xFFFE, 0xFFFE, 0xFFFF, 0xFFFF, 0xFFFE, 0xFFFE, 0xFFFE, 0xFFDD, 0xFFBB, 0xFFDB, 0xFFDC, 0xFFFD, 0xFFFF, 0xFFFF, 0xFFFF, 0xFFFF,
    0xFFFD, 0xFFFD, 0xFFFD, 0xFFFE, 0xFFFF, 0xFFFE, 0xFFFD, 0xFFFD, 0xFFFF, 0xFFFE, 0xFFFE, 0xFFFD, 0xFFFD, 0xFFFE, 0xFFFD, 0xFFFD,
    0xFFDD, 0xFFFD, 0xFFFE, 0xFFFE, 0xFFFE, 0xFFFE, 0xFFFE, 0xFFFD, 0xFFFD, 0xFFFE, 0xFFFD, 0xFFBC, 0xFF9B, 0xFF9B, 0xFF9B, 0xFF9B,
    0xFFDC, 0xFFBC, 0xFFDD, 0xFFFE, 0xFFFE, 0xFFFD, 0xFFFD, 0xFFFD, 0xFFFD, 0xFFFD, 0xFFFD, 0xFFFE, 0xFFDD, 0xFFFC, 0xFFDC, 0xFFBC,
    0xF77A, 0xF739, 0xF739, 0xF739, 0xF759, 0xF73A, 0xF75A, 0xFFBC, 0xFFFD, 0xFFFD, 0xF77B, 0xEEF9, 0xEEF9, 0xEEF9, 0xEEF9, 0xEEF9,
    0xEEF9, 0xEF1A, 0xFF9B, 0xFF9B, 0xFF9B, 0xF75A, 0xF73A, 0xF73A, 0xF73A, 0xEF3A, 0xFFDD, 0xBDB4, 0x2103, 0x0000, 0x0820, 0x1081,
    0x1081, 0x1081, 0x1081, 0x1081, 0x10A1, 0x1081, 0x1081, 0x1081, 0x18A1, 0xCE35, 0xFFFC, 0xFF7A, 0xFF7A, 0xFF7A, 0xFF7A, 0xFF7A,
    0xFF7A, 0xFF7A, 0xFF7A, 0xFF7A, 0xFF7A, 0xFF7A, 0xFF7A, 0xFF7A, 0xFF7A, 0xFF7A, 0xFF7A, 0xFF7A, 0xFF7A, 0xFF5A, 0xFF5A, 0xF759,
    0xF759, 0xF759, 0xF759, 0xF739, 0xF739, 0xF739, 0xF739, 0xF739, 0xF739, 0xF739, 0xF739, 0xF739, 0xF739, 0xF739, 0xF739, 0xF739,
    0xF739, 0xF739, 0xF739, 0xF739, 0xF739, 0xF739, 0xF739, 0xF73A, 0xF739, 0xF759, 0xF75A, 0xF739, 0xF739, 0xF739, 0xF759, 0xF75A,
    0xF75A, 0xF739, 0xF739, 0xF75A, 0xF739, 0xF739, 0xF739, 0xF73A, 0xF73A, 0xF73A, 0xF75A, 0xF75A, 0xF75A, 0xF75A, 0xF75A, 0xF75A,
    0xC50F, 0xC50F, 0xC50F, 0xC52F, 0xC52F, 0xC52F, 0xC52F, 0xC52F, 0xC52F, 0xC52F, 0xC52F, 0xC52F, 0xC50F, 0xCD50, 0xD570, 0xD590,
    0xC50F, 0x51E5, 0x1081, 0x39C5, 0x39C5, 0x39A5, 0x39C5, 0x2964, 0x18E2, 0x2102, 0x2102, 0x20E2, 0x20E2, 0x20E2, 0x20E2, 0x2103,
    0x18C2, 0x0860, 0x0860, 0x0860, 0x10A1, 0x18E2, 0x0881, 0x0860, 0x0861, 0x0861, 0x1081, 0x2103, 0x2103, 0x2103, 0x2103, 0x18C2,
    0x2123, 0x2944, 0x18A1, 0x3164, 0xFFBC, 0xFFDC, 0xFFBC, 0xFFBD, 0xFFFE, 0xFFFF, 0xFFFF, 0xFFFF, 0xFFFF, 0xFFFE, 0xFFFD, 0xFFFE,
    0xFFFE, 0xFFFF, 0xFFFF, 0xFFFF, 0xFFFE, 0xFFFD, 0xFFDC, 0xFFBC, 0xFFBB, 0xFFBB, 0xFFFD, 0xFFFE, 0xFFFE, 0xFFFD, 0xFFFE, 0xFFFF,
    0xFFFD, 0xFFFD, 0xFFFC, 0xFFFD, 0xFFFE, 0xFFDD, 0xFFDC, 0xFFFD, 0xFFFF, 0xFFFE, 0xFFFD, 0xFFFE, 0xFFFE, 0xFFFE, 0xFFFE, 0xFFFE,
    0xFFFE, 0xFFFE, 0xFFFE, 0xFFFE, 0xFFFE, 0xFFFE, 0xFFFE, 0xFFFD, 0xFFFE, 0xFFFD, 0xFFDC, 0xFFBB, 0xFF9B, 0xFFBB, 0xF77A, 0xF75A,
    0xF75B, 0xFFBC, 0xFFFD, 0xFFDD, 0xFFBC, 0xFFFD, 0xFFFD, 0xFFFD, 0xFFFD, 0xFFFD, 0xFFFD, 0xFFFD, 0xFFFD, 0xFFFC, 0xFFDC, 0xF77B,
    0xF75A, 0xF73A, 0xF73A, 0xF73A, 0xF75A, 0xF73A, 0xFF9B, 0xFFFD, 0xFFBC, 0xFFBC, 0xF77B, 0xEEF9, 0xEEF9, 0xEEF9, 0xEEF9, 0xEEF9,
    0xEEF9, 0xEEF9, 0xEEF9, 0xEEF9, 0xEEF9, 0xF77B, 0xFFBB, 0xF79B, 0xF73A, 0xEF1A, 0xEEF9, 0xFFBB, 0x9CD0, 0x4A48, 0x2944, 0x0000,
    0x0861, 0x1081, 0x1081, 0x1081, 0x1081, 0x1081, 0x1081, 0x10A1, 0x0000, 0x9CD1, 0xFFFC, 0xFF7A, 0xFF7A, 0xFF7A, 0xFF7A, 0xFF7A,
    0xFF7A, 0xFF7A, 0xFF7A, 0xFF7A, 0xFF7A, 0xFF7A, 0xFF7A, 0xFF7A, 0xFF7A, 0xFF7A, 0xFF7A, 0xFF7A, 0xFF7A, 0xFF5A, 0xFF5A, 0xFF5A,
    0xF75A, 0xF759, 0xF759, 0xF739, 0xF739, 0xF739, 0xF739, 0xF739, 0xF739, 0xF739, 0xF739, 0xF739, 0xF739, 0xF739, 0xF739, 0xF739,
    0xF739, 0xF739, 0xF739, 0xF739, 0xF739, 0xF739, 0xF739, 0xF739, 0xF73A, 0xF739, 0xF739, 0xF75A, 0xF75A, 0xF759, 0xF759, 0xF75A,
    0xF75A, 0xF75A, 0xF75A, 0xF75A, 0xF739, 0xF739, 0xF759, 0xF75A, 0xF75A, 0xF75A, 0xF75A, 0xF75A, 0xF75A, 0xF75A, 0xF75A, 0xF75A,
    0xC50F, 0xC50F, 0xC50F, 0xC50F, 0xC50F, 0xC50F, 0xC50F, 0xC52F, 0xC52F, 0xC52F, 0xC52F, 0xC50F, 0xCD70, 0xA44C, 0x834A, 0x8B8A,
    0x7309, 0x18A1, 0x2103, 0x39C5, 0x39A5, 0x3184, 0x3185, 0x2943, 0x20E2, 0x20E2, 0x20E2, 0x20E2, 0x18E2, 0x18E2, 0x18E2, 0x2103,
    0x2103, 0x2102, 0x1081, 0x0840, 0x0860, 0x0840, 0x0860, 0x0861, 0x0861, 0x0861, 0x0860, 0x10A1, 0x0860, 0x10A1, 0x18E2, 0x2103,
    0x2123, 0x2103, 0x1081, 0x20E2, 0xCE36, 0xFFFD, 0xFFBC, 0xFFBC, 0xFFDD, 0xFFFF, 0xFFFF, 0xFFFF, 0xFFFF, 0xFFFE, 0xFFFE, 0xFFFF,
    0xFFFF, 0xFFFF, 0xFFFF, 0xFFFE, 0xFFFE, 0xFFFD, 0xFFDC, 0xFFBB, 0xFFBB, 0xFFBC, 0xFFFE, 0xFFFF, 0xFFFE, 0xFFFD, 0xFFFD, 0xFFFE,
    0xFFFE, 0xFFFD, 0xFFFD, 0xFFFD, 0xFFFD, 0xFFDC, 0xFFFE, 0xFFFF, 0xFFFE, 0xFFFD, 0xFFFD, 0xFFFD, 0xF7BC, 0xFFFD, 0xFFFE, 0xFFFE,
    0xFFFE, 0xFFFE, 0xFFFE, 0xFFDD, 0xFF9B, 0xFFDC, 0xFFDD, 0xFFDD, 0xFFDD, 0xFFDC, 0xFFBB, 0xFFBB, 0xFF9B, 0xFF7B, 0xF73A, 0xEEF9,
    0xF71A, 0xFF7B, 0xF79B, 0xF77B, 0xF75B, 0xFFBC, 0xFFFD, 0xFFFD, 0xFFBC, 0xFF9B, 0xFFBB, 0xFFDC, 0xFFDC, 0xFFDD, 0xFFDC, 0xF73A,
    0xF719, 0xF73A, 0xF73A, 0xF73A, 0xF719, 0xF75A, 0xFF9A, 0xFF9B, 0xFF9B, 0xF73A, 0xEEF9, 0xEEF9, 0xEEF9, 0xEEF9, 0xEEF9, 0xEEF9,
    0xEEF9, 0xEEF9, 0xEEF9, 0xF73A, 0xF77B, 0xFFDC, 0xFFFC, 0xFF9B, 0xEF1A, 0xEF19, 0xF71A, 0xEF19, 0xF73A, 0xFFDC, 0x9C90, 0x31A5,
    0x0860, 0x0020, 0x0860, 0x0861, 0x0881, 0x1081, 0x0860, 0x10A1, 0x4A68, 0xC5F4, 0xFFDC, 0xFF7A, 0xFF9A, 0xFF7A, 0xFF7A, 0xFF7A,
    0xFF7A, 0xFF7A, 0xFF7A, 0xFF7A, 0xFF7A, 0xFF7A, 0xFF7A, 0xFF7A, 0xFF7A, 0xFF7A, 0xFF7A, 0xFF7A, 0xFF7A, 0xFF5A, 0xFF5A, 0xFF5A,
    0xF75A, 0xF759, 0xF759, 0xF759, 0xF739, 0xF739, 0xF739, 0xF739, 0xF739, 0xF739, 0xF739, 0xF739, 0xF759, 0xF739, 0xF739, 0xF739,
    0xF739, 0xF739, 0xF739, 0xF739, 0xF739, 0xF759, 0xF759, 0xF739, 0xF739, 0xF739, 0xF739, 0xF739, 0xF739, 0xF759, 0xF759, 0xF75A,
    0xF75A, 0xF75A, 0xF75A, 0xF75A, 0xF75A, 0xF759, 0xF75A, 0xF75A, 0xF75A, 0xF75A, 0xF73A, 0xF75A, 0xF75A, 0xF75A, 0xF75A, 0xF75A,
    0xC50F, 0xC50F, 0xC50F, 0xC50F, 0xC52F, 0xC50F, 0xC50F, 0xC50F, 0xC52F, 0xC52F, 0xC52F, 0xC50F, 0xBD0F, 0x6288, 0x0820, 0x1060,
    0x1060, 0x41E6, 0x4A06, 0x39A5, 0x2944, 0x2103, 0x2102, 0x2102, 0x2102, 0x20E2, 0x2102, 0x20E2, 0x18E2, 0x18E2, 0x18C2, 0x18C2,
    0x2103, 0x2123, 0x2123, 0x1081, 0x0860, 0x0861, 0x0860, 0x0861, 0x0861, 0x0861, 0x0861, 0x0861, 0x0861, 0x0860, 0x0880, 0x10A1,
    0x2123, 0x10A1, 0x1080, 0x0000, 0x7BAD, 0xFFFE, 0xFFBD, 0xFFDD, 0xFFFE, 0xFFFF, 0xFFFF, 0xFFFF, 0xFFFF, 0xFFFF, 0xFFFF, 0xFFFE,
    0xFFFE, 0xFFFE, 0xFFFE, 0xFFFD, 0xFFFD, 0xFFFD, 0xFFDC, 0xFFBB, 0xFFBB, 0xFFFE, 0xFFFF, 0xFFFF, 0xFFFE, 0xFFFC, 0xFFFD, 0xFFFD,
    0xFFFD, 0xFFFD, 0xFFFD, 0xFFFD, 0xFFFD, 0xFFDC, 0xFFFE, 0xFFFE, 0xFFFE, 0xFFDD, 0xFFFD, 0xF79B, 0xEF39, 0xFFDD, 0xFFFE, 0xFFFE,
    0xFFFE, 0xFFFE, 0xFFFE, 0xFFDD, 0xFF7A, 0xFF7B, 0xFF9B, 0xFF9B, 0xFF9B, 0xFFBB, 0xFFBB, 0xFFBB, 0xF77A, 0xEEF9, 0xEF1A, 0xEEF9,
    0xF719, 0xF75A, 0xF73A, 0xF73A, 0xF73A, 0xF73A, 0xF79B, 0xFFBC, 0xF77B, 0xF739, 0xF75A, 0xFFDC, 0xFFFD, 0xFFDC, 0xF79B, 0xEF19,
    0xEED9, 0xEED9, 0xEED9, 0xEEF8, 0xEEF9, 0xFF5A, 0xFF7A, 0xFF7A, 0xFF9A, 0xF73A, 0xEEF9, 0xEEF9, 0xEEF8, 0xEEF9, 0xEED9, 0xEEF9,
    0xEEF9, 0xEEF9, 0xEEF9, 0xFFBC, 0xFFDD, 0xFF9B, 0xF719, 0xEF19, 0xEF19, 0xEF19, 0xF71A, 0xEF19, 0xEF19, 0xEF3A, 0xF75A, 0xE6B7,
    0x3143, 0x18C2, 0x10A2, 0x0881, 0x0861, 0x0840, 0x0840, 0x39A5, 0xFFBB, 0xFFBB, 0xFF7A, 0xFF9A, 0xFF7A, 0xFF7A, 0xFF7A, 0xFF7A,
    0xFF7A, 0xFF7A, 0xFF7A, 0xFF7A, 0xFF7A, 0xFF7A, 0xFF7A, 0xFF7A, 0xFF7A, 0xFF7A, 0xFF7A, 0xFF7A, 0xFF7A, 0xFF5A, 0xFF5A, 0xFF59,
    0xFF5A, 0xF759, 0xF759, 0xF739, 0xF739, 0xF739, 0xF739, 0xF739, 0xF739, 0xF739, 0xF759, 0xF759, 0xF739, 0xF739, 0xF739, 0xF739,
    0xF739, 0xF739, 0xF739, 0xF739, 0xF739, 0xF739, 0xF739, 0xF739, 0xF739, 0xF759, 0xF739, 0xF739, 0xF739, 0xF739, 0xF759, 0xF739,
    0xF75A, 0xF75A, 0xF75A, 0xF75A, 0xF75A, 0xF739, 0xF75A, 0xF75A, 0xF75A, 0xF75A, 0xF73A, 0xF75A, 0xF75A, 0xF75A, 0xF75A, 0xF75A,
    0xC50F, 0xC50F, 0xC50F, 0xC50F, 0xC52F, 0xC52F, 0xC50F, 0xC50F, 0xC50F, 0xC52F, 0xC50F, 0xCD50, 0x4184, 0x1060, 0x20C2, 0x41C5,
    0x41E6, 0x41E6, 0x39C6, 0x3184, 0x2123, 0x2103, 0x2103, 0x2102, 0x18C2, 0x18E2, 0x2103, 0x2103, 0x20E3, 0x20E3, 0x18C2, 0x18C2,
    0x18C2, 0x18E2, 0x2123, 0x2123, 0x10A1, 0x0840, 0x0860, 0x0860, 0x0861, 0x0861, 0x0861, 0x0861, 0x0861, 0x1081, 0x0881, 0x10A2,
    0x2103, 0x18A1, 0xBDD5, 0xB574, 0xBDD5, 0xFFFE, 0xFFFE, 0xFFFF, 0xFFFF, 0xFFFF, 0xFFFF, 0xFFFF, 0xFFFF, 0xFFFF, 0xFFFE, 0xFFFE,
    0xFFFD, 0xFFFD, 0xFFFD, 0xFFFD, 0xFFFD, 0xFFFD, 0xFFDC, 0xFFBB, 0xFFBB, 0xFFFE, 0xFFFE, 0xFFFE, 0xFFFD, 0xFFFD, 0xFFFF, 0xFFFF,
    0xFFFD, 0xFFFD, 0xFFFD, 0xFFFD, 0xFFFD, 0xFFFD, 0xFFFD, 0xFFDD, 0xFFFD, 0xFFDD, 0xFFFD, 0xF77A, 0xEF19, 0xFFDD, 0xFFFE, 0xFFDD,
    0xFF9C, 0xFF9C, 0xFFBD, 0xFFDD, 0xFF7B, 0xFF9B, 0xFF7A, 0xFF7A, 0xFF7A, 0xFF9B, 0xFF9B, 0xFF7B, 0xF73A, 0xEEF9, 0xEEF9, 0xEEF9,
    0xF6F9, 0xF719, 0xF719, 0xF719, 0xF73A, 0xF739, 0xF719, 0xF719, 0xF73A, 0xF73A, 0xF75A, 0xFF9B, 0xFFDC, 0xFFDC, 0xFF9B, 0xEF19,
    0xEED9, 0xEED9, 0xEED8, 0xEED8, 0xEED8, 0xF739, 0xFF7A, 0xFF7A, 0xFF7A, 0xEF19, 0xEEF9, 0xEEF8, 0xEEF8, 0xEED8, 0xEED9, 0xEED9,
    0xEEF9, 0xEEF9, 0xEEF9, 0xEEF9, 0xEF19, 0xF71A, 0xEF1A, 0xEF19, 0xF73A, 0xF75A, 0xF75A, 0xF719, 0xEF19, 0xFF9B, 0xFFDC, 0xEF19,
    0xDE36, 0xD636, 0x3164, 0x0000, 0x20E2, 0x20E2, 0x8C0D, 0xEF39, 0xFF7A, 0xFF9A, 0xFF7A, 0xFF7A, 0xFF7A, 0xFF7A, 0xFF7A, 0xFF7A,
    0xFF7A, 0xFF7A, 0xFF7A, 0xFF7A, 0xFF7A, 0xFF7A, 0xFF7A, 0xFF7A, 0xFF7A, 0xFF7A, 0xFF7A, 0xFF7A, 0xFF5A, 0xFF5A, 0xFF5A, 0xFF5A,
    0xFF5A, 0xFF59, 0xF759, 0xF759, 0xF759, 0xF759, 0xF739, 0xF739, 0xF739, 0xF739, 0xF739, 0xF739, 0xF759, 0xF759, 0xF739, 0xF739,
    0xF739, 0xF739, 0xF739, 0xF739, 0xF739, 0xF739, 0xF739, 0xF739, 0xF739, 0xF739, 0xF739, 0xF75A, 0xF739, 0xF759, 0xF759, 0xF739,
    0xF73A, 0xF75A, 0xF73A, 0xF73A, 0xF73A, 0xF73A, 0xF73A, 0xF75A, 0xF75A, 0xF75A, 0xF75A, 0xF75A, 0xF75A, 0xF75A, 0xF75A, 0xF75A,
    0xC50F, 0xC50F, 0xC50F, 0xC50F, 0xC52F, 0xC50F, 0xC50F, 0xC50F, 0xC50F, 0xC530, 0xC50F, 0x5A46, 0x2943, 0x39A5, 0x39A5, 0x41E6,
    0x4206, 0x3185, 0x2943, 0x2923, 0x2103, 0x2103, 0x2123, 0x2102, 0x18A2, 0x18A1, 0x18C2, 0x2103, 0x2103, 0x20E3, 0x18C2, 0x18C2,
    0x18C2, 0x18C2, 0x18C2, 0x2103, 0x18C2, 0x1081, 0x0860, 0x0860, 0x0860, 0x0861, 0x0861, 0x0861, 0x0861, 0x0881, 0x1081, 0x18C2,
    0x18E2, 0x18C2, 0xE73A, 0xFFFF, 0xFFFE, 0xFFFE, 0xFFFE, 0xFFFE, 0xFFFF, 0xFFFF, 0xFFFF, 0xFFFF, 0xFFFF, 0xFFFF, 0xFFFF, 0xFFFE,
    0xFFFD, 0xFFFD, 0xFFFD, 0xFFFD, 0xFFFD, 0xFFFD, 0xFFDC, 0xFFBB, 0xFFBC, 0xFFFE, 0xFFFE, 0xFFFD, 0xFFFD, 0xFFFD, 0xFFFF, 0xFFFE,
    0xFFFD, 0xFFFD, 0xFFFD, 0xFFDD, 0xFFBC, 0xFFDC, 0xFFFD, 0xFFDD, 0xFFBB, 0xFFBC, 0xFFBC, 0xF75A, 0xEF39, 0xFFDD, 0xFFFE, 0xF7BC,
    0xF739, 0xF759, 0xF79B, 0xFFBC, 0xFF7B, 0xFF9B, 0xEEF9, 0xEEF8, 0xF719, 0xEEF9, 0xEF19, 0xEF19, 0xF6F9, 0xF719, 0xF6F9, 0xF6F9,
    0xEEF9, 0xEED8, 0xEED8, 0xEEF8, 0xF73A, 0xF739, 0xF739, 0xF739, 0xF719, 0xEF19, 0xF719, 0xF719, 0xF739, 0xF739, 0xF739, 0xEEF9,
    0xEED8, 0xEED8, 0xEED8, 0xEED8, 0xEED8, 0xEED8, 0xF6F9, 0xEF19, 0xEEF9, 0xEED8, 0xEED8, 0xEED8, 0xEED8, 0xEED8, 0xEED9, 0xEED9,
    0xEED9, 0xEED9, 0xEED9, 0xEEF9, 0xEED9, 0xF73A, 0xFF7B, 0xF77B, 0xF77B, 0xF73A, 0xF73A, 0xF719, 0xEEF9, 0xEF19, 0xFFBC, 0xF73A,
    0xEEF9, 0xEED8, 0xB512, 0x5248, 0x6B29, 0xFFDB, 0xF739, 0xFFBB, 0xFF9A, 0xFF7A, 0xFF9A, 0xFF7A, 0xFF7A, 0xFF7A, 0xFF7A, 0xFF7A,
    0xFF7A, 0xFF7A, 0xFF7A, 0xFF7A, 0xFF7A, 0xFF7A, 0xFF7A, 0xFF7A, 0xFF7A, 0xFF7A, 0xFF7A, 0xFF7A, 0xFF5A, 0xFF5A, 0xFF5A, 0xFF5A,
    0xFF5A, 0xF759, 0xF759, 0xFF59, 0xF759, 0xF759, 0xF759, 0xF759, 0xF739, 0xF739, 0xF739, 0xF759, 0xF759, 0xF739, 0xF759, 0xF739,
    0xF739, 0xF739, 0xF739, 0xF739, 0xF739, 0xF739, 0xF739, 0xF739, 0xF739, 0xF739, 0xF73A, 0xF739, 0xF739, 0xF75A, 0xF75A, 0xF75A,
    0xF73A, 0xF75A, 0xF759, 0xF73A, 0xF73A, 0xF73A, 0xF73A, 0xF73A, 0xF75A, 0xF73A, 0xF75A, 0xF75A, 0xF75A, 0xF75A, 0xF75A, 0xF75A,
    0xC50F, 0xC50F, 0xC50F, 0xC50F, 0xC52F, 0xC50F, 0xC50F, 0xC50F, 0xC50F, 0xC530, 0xBCEE, 0x2902, 0x2122, 0x4A27, 0x41E6, 0x41E6,
    0x31A5, 0x20E2, 0x18E2, 0x20E2, 0x2123, 0x2923, 0x2923, 0x2103, 0x18C2, 0x10A2, 0x18C2, 0x2103, 0x18E2, 0x20E3, 0x20E3, 0x18C2,
    0x18C2, 0x18C1, 0x10A1, 0x18C2, 0x18E2, 0x18C2, 0x0860, 0x0860, 0x0860, 0x0860, 0x0861, 0x0861, 0x0861, 0x0881, 0x0861, 0x0000,
    0x0000, 0x0840, 0xD6B9, 0xFFFE, 0xFFDE, 0xFFFE, 0xFFFE, 0xFFFE, 0xFFFF, 0xFFFF, 0xFFFF, 0xFFFF, 0xFFFF, 0xFFFF, 0xFFFF, 0xFFFE,
    0xFFFD, 0xFFFD, 0xFFFD, 0xFFFD, 0xFFFE, 0xFFFD, 0xFFFE, 0xFFFE, 0xFFFE, 0xFFFE, 0xFFFD, 0xFFFD, 0xFFFE, 0xFFFE, 0xFFFE, 0xFFDC,
    0xFFDC, 0xFFFD, 0xFFFE, 0xFFDD, 0xF77B, 0xFF9C, 0xFFDD, 0xFFFD, 0xF77A, 0xF75A, 0xF77A, 0xEF39, 0xEF39, 0xF77A, 0xF77B, 0xF77B,
    0xF75A, 0xEEF8, 0xF75A, 0xFF9B, 0xFF9B, 0xF77B, 0xE6B7, 0xEEF8, 0xF719, 0xF6F9, 0xEEF8, 0xEED8, 0xE697, 0xE697, 0xE697, 0xE677,
    0xE697, 0xEED8, 0xEED8, 0xEED8, 0xF719, 0xF739, 0xF739, 0xF739, 0xF719, 0xEED8, 0xEEF8, 0xEEF8, 0xEED8, 0xEED8, 0xEED8, 0xEED8,
    0xEED8, 0xEED8, 0xEED8, 0xEEB8, 0xEED8, 0xEED8, 0xEED8, 0xEEF8, 0xEEF8, 0xEED8, 0xEED8, 0xEEF9, 0xEED9, 0xEED8, 0xEED8, 0xEED9,
    0xEED9, 0xEED9, 0xEED9, 0xEEF9, 0xEEF9, 0xEEF9, 0xEF19, 0xEF19, 0xEF19, 0xEF19, 0xEEF9, 0xEEF9, 0xEEF9, 0xEEF9, 0xF77A, 0xFFBB,
    0xEF19, 0xE697, 0xF719, 0xCDB4, 0x9C2E, 0xB4F0, 0xFFBB, 0xFFBA, 0xFF79, 0xFF9A, 0xFF9A, 0xFF7A, 0xFF7A, 0xFF7A, 0xFF7A, 0xFF7A,
    0xFF7A, 0xFF7A, 0xFF7A, 0xFF7A, 0xFF7A, 0xFF7A, 0xFF7A, 0xFF7A, 0xFF7A, 0xFF7A, 0xFF7A, 0xFF5A, 0xFF5A, 0xFF5A, 0xFF5A, 0xFF5A,
    0xFF5A, 0xF759, 0xF759, 0xF759, 0xF759, 0xF759, 0xF739, 0xF739, 0xF739, 0xF739, 0xF739, 0xF759, 0xF759, 0xF739, 0xF739, 0xF739,
    0xF73A, 0xF73A, 0xF739, 0xF739, 0xF739, 0xF739, 0xF739, 0xF739, 0xF73A, 0xF739, 0xF75A, 0xF75A, 0xF75A, 0xF73A, 0xF73A, 0xF73A,
    0xF73A, 0xF739, 0xF75A, 0xF75A, 0xF75A, 0xF739, 0xF739, 0xF73A, 0xF73A, 0xF73A, 0xF75A, 0xF75A, 0xF75A, 0xF75A, 0xF75A, 0xF75A,
    0xC50F, 0xC50F, 0xC50F, 0xC50F, 0xC50F, 0xC50F, 0xC50F, 0xC50F, 0xC530, 0xBCEF, 0x3963, 0x2943, 0x3184, 0x3184, 0x3184, 0x2964,
    0x18E2, 0x1081, 0x10A1, 0x18C2, 0x2103, 0x2103, 0x2103, 0x20E2, 0x18A2, 0x10A2, 0x18C2, 0x18E2, 0x18E2, 0x18E3, 0x1903, 0x18E2,
    0x18C2, 0x10A2, 0x0861, 0x10C1, 0x18E2, 0x18C2, 0x0860, 0x0860, 0x0860, 0x0860, 0x0860, 0x0861, 0x0861, 0x0860, 0x18C2, 0x630B,
    0x5ACA, 0x4A48, 0xDEFA, 0xFFFE, 0xFFFE, 0xFFFE, 0xFFFE, 0xFFFE, 0xFFFF, 0xFFFF, 0xFFFF, 0xFFFF, 0xFFFE, 0xFFFF, 0xFFFF, 0xFFFD,
    0xFFFD, 0xFFFD, 0xFFDD, 0xFFDC, 0xFFDD, 0xFFDC, 0xFFFE, 0xFFFF, 0xFFFF, 0xFFFF, 0xFFFD, 0xFFFC, 0xFFFE, 0xFFFE, 0xFFFE, 0xFFBB,
    0xFFBB, 0xFFDC, 0xFFDC, 0xFFBC, 0xFF7B, 0xF77A, 0xF79B, 0xFFFD, 0xFF9B, 0xFF7A, 0xF759, 0xF719, 0xF739, 0xF719, 0xF719, 0xF719,
    0xF719, 0xEEB8, 0xF739, 0xFFBB, 0xFF9B, 0xF75A, 0xE6B7, 0xE697, 0xE6B7, 0xEEB7, 0xEED8, 0xEEB7, 0xE697, 0xDE56, 0xDE56, 0xDE36,
    0xDE56, 0xE676, 0xE676, 0xE676, 0xE6B7, 0xEEF8, 0xEEF8, 0xEEF8, 0xEEF8, 0xEEF8, 0xEEF8, 0xEEF8, 0xEEF8, 0xEEF8, 0xEEF8, 0xEEF8,
    0xEED8, 0xEED8, 0xEED8, 0xE697, 0xE697, 0xEEB7, 0xEEF8, 0xEEF9, 0xEEF9, 0xEEF9, 0xEEF9, 0xEEF8, 0xEED8, 0xEEF8, 0xEED8, 0xEED9,
    0xEED9, 0xEEF9, 0xEEF9, 0xEEF9, 0xEEF9, 0xEEF9, 0xEEF9, 0xEF19, 0xEEF9, 0xEEF9, 0xF6F9, 0xEEF9, 0xEEF9, 0xEEF8, 0xF77A, 0xFFBB,
    0xF77A, 0xEED8, 0xE677, 0xEEB7, 0xD5F4, 0x9BEC, 0xACAF, 0xDE96, 0xFFDB, 0xFF7A, 0xFF7A, 0xFF7A, 0xFF7A, 0xFF7A, 0xFF7A, 0xFF7A,
    0xFF7A, 0xFF7A, 0xFF7A, 0xFF7A, 0xFF7A, 0xFF7A, 0xFF7A, 0xFF7A, 0xFF7A, 0xFF7A, 0xFF7A, 0xFF7A, 0xFF5A, 0xFF5A, 0xFF5A, 0xFF5A,
    0xFF59, 0xFF59, 0xF759, 0xF759, 0xF759, 0xF759, 0xF739, 0xF739, 0xF739, 0xF739, 0xF739, 0xF739, 0xF739, 0xF739, 0xF739, 0xF739,
    0xF739, 0xF739, 0xF739, 0xF739, 0xF739, 0xF739, 0xF739, 0xF739, 0xF739, 0xF75A, 0xF75A, 0xF75A, 0xF75A, 0xF73A, 0xF73A, 0xF73A,
    0xF73A, 0xF73A, 0xF73A, 0xF73A, 0xF73A, 0xF73A, 0xF739, 0xF73A, 0xF73A, 0xF73A, 0xF75A, 0xF75A, 0xF75A, 0xF75A, 0xF75A, 0xF75A,
    0xC50F, 0xC50F, 0xC50F, 0xC50F, 0xC50F, 0xC50F, 0xC50F, 0xC50F, 0xCD30, 0xC550, 0x3102, 0x2923, 0x3184, 0x3184, 0x3184, 0x2103,
    0x1081, 0x10A1, 0x10A1, 0x10A1, 0x10A1, 0x18C2, 0x18C2, 0x18C2, 0x18A2, 0x1081, 0x18C2, 0x2102, 0x18E2, 0x18C2, 0x10A2, 0x10C2,
    0x18C2, 0x10A2, 0x0861, 0x10A1, 0x10A1, 0x10A2, 0x0840, 0x0860, 0x0860, 0x0860, 0x0860, 0x0860, 0x0881, 0x0020, 0x3184, 0xFFFE,
    0xFFFF, 0xFFFE, 0xFFFE, 0xFFFE, 0xFFFE, 0xFFFE, 0xFFFE, 0xFFFE, 0xFFFF, 0xFFFF, 0xFFFF, 0xFFFE, 0xFFDD, 0xFFFE, 0xFFFD, 0xFFFD,
    0xFFFD, 0xFFFD, 0xFFBB, 0xFFBB, 0xFFBC, 0xFFDD, 0xFFFE, 0xFFFE, 0xFFFE, 0xFFFE, 0xFFFD, 0xFFDC, 0xFFDC, 0xFFDC, 0xFFDC, 0xFFBB,
    0xFFBB, 0xFFBB, 0xFFDC, 0xFFBB, 0xF739, 0xF719, 0xF739, 0xF75A, 0xF77B, 0xFF7A, 0xF739, 0xEED8, 0xEEB7, 0xEEB7, 0xEED8, 0xEED8,
    0xEEB7, 0xEEB7, 0xF719, 0xF77A, 0xEED8, 0xEED8, 0xEEB7, 0xDE55, 0xDE15, 0xDE35, 0xE676, 0xE697, 0xDE76, 0xDE35, 0xDE15, 0xDE15,
    0xD5F4, 0xCD72, 0xCDB2, 0xEE96, 0xE656, 0xE656, 0xE656, 0xE656, 0xE676, 0xE676, 0xE676, 0xE697, 0xE697, 0xE697, 0xE697, 0xE677,
    0xE677, 0xEEB7, 0xEED8, 0xE676, 0xCDD4, 0xDE35, 0xEED8, 0xEED8, 0xEEF9, 0xEEF9, 0xEED8, 0xD5F4, 0xE676, 0xF719, 0xEED8, 0xE6B7,
    0xEED9, 0xEEF9, 0xEEF9, 0xEEF9, 0xEEF9, 0xEEF9, 0xF75B, 0xFFDC, 0xF75A, 0xEEF9, 0xEEF9, 0xEEF9, 0xEEF9, 0xEF19, 0xF739, 0xF75A,
    0xF73A, 0xF73A, 0xF71A, 0xEEF9, 0xF6F9, 0xDE15, 0x8349, 0xBD31, 0xE6B7, 0xFF7A, 0xFF7A, 0xFF7A, 0xFF7A, 0xFF7A, 0xFF7A, 0xFF7A,
    0xFF7A, 0xFF7A, 0xFF7A, 0xFF7A, 0xFF7A, 0xFF7A, 0xFF7A, 0xFF7A, 0xFF7A, 0xFF7A, 0xFF7A, 0xFF7A, 0xFF5A, 0xFF5A, 0xFF5A, 0xFF5A,
    0xFF59, 0xF759, 0xF759, 0xF759, 0xF739, 0xF739, 0xF739, 0xF739, 0xF739, 0xF739, 0xF739, 0xF739, 0xF739, 0xF739, 0xF739, 0xF739,
    0xF739, 0xF739, 0xF739, 0xF739, 0xF739, 0xF739, 0xF739, 0xF739, 0xF739, 0xF739, 0xF739, 0xF739, 0xF739, 0xF73A, 0xF73A, 0xF73A,
    0xF73A, 0xF73A, 0xF73A, 0xF73A, 0xF73A, 0xF73A, 0xF73A, 0xF73A, 0xF73A, 0xF73A, 0xF75A, 0xF75A, 0xF75A, 0xF75A, 0xF75A, 0xF75A,
    0xC50F, 0xC50F, 0xC50F, 0xC50F, 0xC50F, 0xC50F, 0xC50F, 0xCD50, 0xAC6D, 0x49E5, 0x20E2, 0x2943, 0x3184, 0x3184, 0x3184, 0x2923,
    0x18E2, 0x10A1, 0x10A1, 0x10A1, 0x10A1, 0x18C2, 0x18C2, 0x18C2, 0x18C2, 0x1081, 0x18C2, 0x2103, 0x18E2, 0x1903, 0x10A2, 0x10A1,
    0x18C2, 0x10A2, 0x0860, 0x0860, 0x0861, 0x10A1, 0x1081, 0x0861, 0x0860, 0x0861, 0x0860, 0x0860, 0x0861, 0x0860, 0x10A2, 0x738C,
    0xEF5B, 0xFFFF, 0xFFFE, 0xFFFE, 0xFFFE, 0xFFFE, 0xFFFF, 0xFFFF, 0xFFFE, 0xFFFE, 0xFFFE, 0xFFFF, 0xFFFD, 0xFFFC, 0xFFFC, 0xFFFD,
    0xFFFD, 0xFFFD, 0xFFBB, 0xFFBC, 0xFFBC, 0xFFFD, 0xFFFE, 0xFFFE, 0xFFFE, 0xFFFE, 0xFFFD, 0xFFDC, 0xFFDC, 0xFFDB, 0xFFDB, 0xFFBC,
    0xF75A, 0xF75A, 0xF75A, 0xF73A, 0xF739, 0xF739, 0xF719, 0xF719, 0xEEF9, 0xEEF8, 0xEED8, 0xEEB7, 0xE656, 0xE656, 0xE697, 0xEEB7,
    0xEEB7, 0xEE97, 0xE6B7, 0xE697, 0xE697, 0xE6B7, 0x9BCB, 0x7A65, 0xC552, 0xE656, 0xD5F4, 0xDE15, 0xD615, 0xDDF5, 0xD615, 0xDE56,
    0xD614, 0x7265, 0x7224, 0x9349, 0xD5B3, 0xDE15, 0xDE15, 0xE656, 0xDE56, 0xDE56, 0xDE56, 0xDE56, 0xDE55, 0xE676, 0xE677, 0xE656,
    0xDE35, 0xE656, 0xE697, 0xEEB7, 0xE656, 0xD5D4, 0xDE35, 0xE696, 0xEEB8, 0xEEF8, 0xEED8, 0xCDD3, 0xDE56, 0xF719, 0xEED8, 0xE697,
    0xEED9, 0xEEF9, 0xEEF9, 0xEEF9, 0xEEF9, 0xF6F9, 0xF75B, 0xFFDD, 0xEF3A, 0xEEF9, 0xEEF9, 0xEF19, 0xF75A, 0xF75A, 0xF739, 0xF739,
    0xF739, 0xF739, 0xF739, 0xF73A, 0xF73A, 0xF719, 0xFF9B, 0xA42D, 0x9BEB, 0xFFDB, 0xFF9A, 0xFF7A, 0xFF7A, 0xFF7A, 0xFF7A, 0xFF7A,
    0xFF7A, 0xFF7A, 0xFF7A, 0xFF7A, 0xFF7A, 0xFF7A, 0xFF7A, 0xFF7A, 0xFF7A, 0xFF5A, 0xFF7A, 0xFF5A, 0xFF5A, 0xFF5A, 0xFF5A, 0xFF59,
    0xF759, 0xF759, 0xF759, 0xF759, 0xF739, 0xF739, 0xF739, 0xF739, 0xF739, 0xF739, 0xF739, 0xF739, 0xF739, 0xF739, 0xF739, 0xF739,
    0xF739, 0xF739, 0xF739, 0xF739, 0xF739, 0xF739, 0xF739, 0xF739, 0xF739, 0xF739, 0xF739, 0xF739, 0xF73A, 0xF73A, 0xF73A, 0xF73A,
    0xF73A, 0xF73A, 0xF73A, 0xF73A, 0xF73A, 0xF73A, 0xF73A, 0xF73A, 0xF73A, 0xF75A, 0xF75A, 0xF75A, 0xF75A, 0xF75A, 0xF75A, 0xF75A,
    0xC50F, 0xC50F, 0xC50F, 0xC50F, 0xC50F, 0xC50F, 0xC50F, 0xCD50, 0x9C0C, 0x1080, 0x3144, 0x3184, 0x3184, 0x3184, 0x2944, 0x2964,
    0x2964, 0x2103, 0x18E2, 0x18C2, 0x18E3, 0x20E3, 0x20E3, 0x18C2, 0x18C2, 0x18E3, 0x18E3, 0x18E2, 0x18E2, 0x18E2, 0x18E2, 0x10A1,
    0x18C2, 0x10A2, 0x0860, 0x0860, 0x0861, 0x0861, 0x0881, 0x0860, 0x0860, 0x0860, 0x0860, 0x0860, 0x0861, 0x1081, 0x0020, 0x2102,
    0xF77B, 0xFFFE, 0xFFFE, 0xFFFE, 0xFFFE, 0xFFFE, 0xFFFE, 0xFFFF, 0xFFFD, 0xFFFC, 0xFFFD, 0xFFFE, 0xFFFD, 0xFFDC, 0xFFDC, 0xFFFD,
    0xFFFD, 0xFFFD, 0xFFBC, 0xFFBB, 0xFFBB, 0xFFFD, 0xFFFE, 0xFFFE, 0xFFFE, 0xFFDD, 0xFFDC, 0xFFDC, 0xFFDC, 0xFFBB, 0xFFDC, 0xFFDC,
    0xF73A, 0xF719, 0xF719, 0xF719, 0xF719, 0xF719, 0xF719, 0xF719, 0xE6B7, 0xE697, 0xE6B7, 0xD615, 0x9BCB, 0xAC4D, 0xEEB8, 0xE696,
    0xE676, 0xE676, 0xE676, 0xE656, 0xE697, 0xEEF8, 0x8B08, 0x5920, 0x8286, 0xAC6F, 0xE676, 0xD5F4, 0xD5F4, 0xD5F4, 0xC551, 0xA40C,
    0xA3EB, 0x71E3, 0x6981, 0x6981, 0x7A44, 0x7203, 0xAC6D, 0xDE35, 0xD5D4, 0xD5F4, 0xD5F4, 0xD5D4, 0xDE15, 0xC511, 0xAC4E, 0xCD92,
    0xE676, 0xDE35, 0xE656, 0xEEB7, 0xEEB7, 0xDE15, 0xDE14, 0xDE35, 0xE656, 0xEEB8, 0xEED8, 0xCDD3, 0xE656, 0xF719, 0xEEF8, 0xEED8,
    0xEED8, 0xE6B8, 0xE697, 0xEED8, 0xF719, 0xF75B, 0xFFFD, 0xFFFD, 0xFFBD, 0xEF1A, 0xEEF9, 0xF73A, 0xF79A, 0xF75A, 0xF73A, 0xF73A,
    0xF739, 0xF739, 0xF73A, 0xF73A, 0xF73A, 0xF73A, 0xF75A, 0xE6B7, 0xAC4E, 0xAC8D, 0xF718, 0xFF9A, 0xFF7A, 0xFF7A, 0xFF7A, 0xFF7A,
    0xFF7A, 0xFF7A, 0xFF7A, 0xFF79, 0xFF79, 0xFF7A, 0xFF7A, 0xFF7A, 0xFF79, 0xFF79, 0xFF7A, 0xFF7A, 0xFF5A, 0xFF5A, 0xFF59, 0xFF59,
    0xF759, 0xF759, 0xFF59, 0xF759, 0xF739, 0xF739, 0xF739, 0xF759, 0xF739, 0xF739, 0xF739, 0xF739, 0xF739, 0xF739, 0xF739, 0xF739,
    0xF739, 0xF739, 0xF739, 0xF739, 0xF739, 0xF739, 0xF739, 0xF739, 0xF739, 0xF739, 0xF739, 0xF73A, 0xF73A, 0xF73A, 0xF73A, 0xF73A,
    0xF73A, 0xF73A, 0xF73A, 0xF73A, 0xF73A, 0xF73A, 0xF73A, 0xF73A, 0xF73A, 0xF75A, 0xF75A, 0xF75A, 0xF75A, 0xF75A, 0xF75A, 0xF75A,
    0xC50F, 0xC50F, 0xC50F, 0xC50F, 0xC50F, 0xC50F, 0xC50F, 0xCD50, 0x9C0C, 0x18C1, 0x3185, 0x3185, 0x3185, 0x3185, 0x20E2, 0x20E2,
    0x2943, 0x2944, 0x2123, 0x18C2, 0x18E2, 0x18C2, 0x1081, 0x0861, 0x1081, 0x18E2, 0x18E3, 0x18E2, 0x18E2, 0x2103, 0x18C2, 0x1081,
    0x18C2, 0x10A2, 0x0840, 0x0840, 0x0860, 0x0860, 0x0860, 0x0860, 0x0860, 0x0861, 0x1081, 0x0881, 0x0861, 0x1081, 0x0040, 0x31A5,
    0xF75A, 0xFFDD, 0xFFFE, 0xFFFE, 0xFFFE, 0xFFFE, 0xFFFE, 0xFFFE, 0xFFFD, 0xFFFC, 0xFFFC, 0xFFFD, 0xFFFC, 0xFFFC, 0xFFDC, 0xFFDC,
    0xFFFD, 0xFFDD, 0xFFBC, 0xFFBB, 0xFFBB, 0xFFFD, 0xFFFE, 0xFFFE, 0xFFFD, 0xFFDC, 0xFFDC, 0xFFDC, 0xFFDC, 0xFFBB, 0xF77A, 0xF77A,
    0xF739, 0xF719, 0xF719, 0xF719, 0xF719, 0xF739, 0xF739, 0xF719, 0xDE56, 0xD5F4, 0xDE35, 0xC551, 0x48E0, 0x7245, 0xD5F4, 0xE676,
    0xE697, 0xE677, 0xE677, 0xE697, 0xCDB3, 0xCD93, 0x82C7, 0x6161, 0x5940, 0x7A86, 0xBD11, 0xDE35, 0xDE35, 0xE696, 0xBCCE, 0x6140,
    0x6981, 0x8A64, 0x9284, 0x9284, 0x9263, 0x9263, 0x7203, 0x6A04, 0x6A04, 0x69E4, 0x61C3, 0x6A04, 0x7225, 0x61C3, 0x6182, 0xAC2C,
    0xCD92, 0xDE35, 0xE676, 0xE656, 0xE676, 0xE696, 0xD5F4, 0xD5F4, 0xE656, 0xEEB7, 0xEEB7, 0xDE15, 0xDE35, 0xEEF8, 0xEED8, 0xEEF9,
    0xEED9, 0xE697, 0xDE77, 0xEED8, 0xF73A, 0xF73A, 0xF75A, 0xFF9C, 0xFFFD, 0xF73A, 0xEEF9, 0xF73A, 0xFF9A, 0xFF9A, 0xFF9A, 0xF79A,
    0xF739, 0xF719, 0xF719, 0xF73A, 0xF73A, 0xF73A, 0xF73A, 0xFF7B, 0xE677, 0x8308, 0xFF9A, 0xFFDB, 0xFF7A, 0xFF7A, 0xFF7A, 0xFF7A,
    0xFF7A, 0xFF7A, 0xFF7A, 0xFF7A, 0xFF79, 0xFF7A, 0xFF7A, 0xFF7A, 0xFF79, 0xFF59, 0xFF7A, 0xFF7A, 0xFF5A, 0xFF5A, 0xFF59, 0xF759,
    0xF759, 0xF759, 0xF759, 0xF739, 0xF739, 0xF739, 0xF739, 0xF739, 0xF739, 0xF739, 0xF739, 0xF739, 0xF739, 0xF739, 0xF739, 0xF739,
    0xF739, 0xF739, 0xF739, 0xF739, 0xF739, 0xF739, 0xF739, 0xF739, 0xF739, 0xF739, 0xF739, 0xF739, 0xF73A, 0xF73A, 0xF73A, 0xF73A,
    0xF73A, 0xF73A, 0xF73A, 0xF73A, 0xF73A, 0xF73A, 0xF75A, 0xF75A, 0xF75A, 0xF75A, 0xF75A, 0xF75A, 0xF75A, 0xF75A, 0xF75A, 0xF75A,
    0xC50F, 0xC52F, 0xC52F, 0xC50F, 0xC50F, 0xC52F, 0xC50F, 0xD591, 0xA44D, 0x18A1, 0x3184, 0x3185, 0x3185, 0x3184, 0x20E2, 0x18C2,
    0x2123, 0x2123, 0x2123, 0x18C2, 0x18C2, 0x18C2, 0x0840, 0x0840, 0x0840, 0x0840, 0x10A1, 0x18E3, 0x18E3, 0x18C2, 0x1081, 0x0840,
    0x0861, 0x0860, 0x0861, 0x1081, 0x1081, 0x0861, 0x0860, 0x0861, 0x0861, 0x0861, 0x1081, 0x1081, 0x0881, 0x1081, 0x0040, 0x31A5,
    0xF759, 0xFFBC, 0xFFFE, 0xFFFE, 0xFFFE, 0xFFFE, 0xFFFE, 0xFFFD, 0xFFDD, 0xFFDC, 0xFFBB, 0xFFBB, 0xFFBB, 0xFFDB, 0xFFDB, 0xFFDC,
    0xFFDC, 0xFFFD, 0xFFFE, 0xFFFE, 0xFFFD, 0xFFFE, 0xFFFE, 0xFFFE, 0xFFDC, 0xFFDC, 0xFFDC, 0xFFDC, 0xFFDC, 0xFFDC, 0xF75A, 0xF6F9,
    0xF719, 0xF719, 0xF739, 0xF73A, 0xF73A, 0xEED8, 0xE697, 0xE6B7, 0xDE55, 0xC572, 0x8B48, 0x7204, 0x69A2, 0x6182, 0x61C3, 0xB4AF,
    0xC531, 0xC511, 0xC531, 0xCD52, 0x82A6, 0x6161, 0x69C2, 0x71E2, 0x71E3, 0x71A2, 0x71E3, 0x9348, 0x9328, 0x9328, 0x8AA6, 0x7A02,
    0xA368, 0x92A4, 0x9AA4, 0x9AA4, 0xA2C4, 0xA2E4, 0x9AA4, 0x9283, 0x9263, 0x9AE5, 0xAB67, 0x8A63, 0x9263, 0x7A03, 0x71E3, 0x69A2,
    0x7224, 0xC551, 0xCD92, 0xD5D4, 0xE676, 0xE676, 0xD5F4, 0x9BCB, 0xCD92, 0xEEB8, 0xEE97, 0xE676, 0xCDB3, 0xCDD3, 0xDE56, 0xEED9,
    0xEED8, 0xE697, 0xE697, 0xEED8, 0xF739, 0xF739, 0xF739, 0xF73A, 0xF77B, 0xF73A, 0xF71A, 0xF73A, 0xF75A, 0xF75A, 0xF75A, 0xF75A,
    0xEEF9, 0xEED8, 0xEED8, 0xEF19, 0xF73A, 0xF73A, 0xF71A, 0xF73A, 0xEEF9, 0xB4D0, 0xACAE, 0xDE75, 0xFFDC, 0xFF7A, 0xFF7A, 0xFF7A,
    0xFF7A, 0xFF7A, 0xFF79, 0xFF7A, 0xFF79, 0xFF7A, 0xFF7A, 0xFF7A, 0xFF7A, 0xFF7A, 0xFF7A, 0xFF5A, 0xFF5A, 0xFF5A, 0xFF59, 0xF759,
    0xF759, 0xF759, 0xF759, 0xF739, 0xF739, 0xF739, 0xF739, 0xF739, 0xF739, 0xF739, 0xF739, 0xF739, 0xF739, 0xF739, 0xF739, 0xF739,
    0xF739, 0xF739, 0xF739, 0xF739, 0xF739, 0xF739, 0xF739, 0xF739, 0xF739, 0xF739, 0xF739, 0xF73A, 0xF73A, 0xF73A, 0xF73A, 0xF73A,
    0xF73A, 0xF73A, 0xF73A, 0xF75A, 0xF75A, 0xF75A, 0xF75A, 0xF75A, 0xF75A, 0xF75A, 0xF75A, 0xF75A, 0xF75A, 0xF75A, 0xF75A, 0xF75A,
    0xC52F, 0xC52F, 0xC52F, 0xC50F, 0xC50F, 0xC50F, 0xCD30, 0x9C0C, 0x5A47, 0x18A2, 0x3164, 0x3164, 0x3164, 0x2923, 0x18C2, 0x18C2,
    0x2123, 0x2944, 0x2123, 0x18C2, 0x18C2, 0x18C2, 0x10A2, 0x10A1, 0x1081, 0x1081, 0x0840, 0x10A2, 0x18E3, 0x0861, 0x0840, 0x0860,
    0x0860, 0x0840, 0x1081, 0x18C2, 0x18C2, 0x10A1, 0x0860, 0x0860, 0x0860, 0x0861, 0x1081, 0x1081, 0x10A1, 0x10A2, 0x0000, 0x2944,
    0xF77A, 0xFFDC, 0xFFFD, 0xFFFD, 0xFFFD, 0xFFFD, 0xFFFE, 0xFFDC, 0xFFDC, 0xFFDC, 0xFFBB, 0xFFBB, 0xFFBB, 0xFFBB, 0xFFBB, 0xFFBB,
    0xFFDC, 0xFFFD, 0xFFFE, 0xFFFE, 0xFFFD, 0xFFFD, 0xFFFD, 0xFFFD, 0xFFDC, 0xFFFC, 0xFFDC, 0xF77B, 0xF79B, 0xFFDC, 0xFF9B, 0xF719,
    0xF719, 0xF719, 0xEEB7, 0xE6B7, 0xEEB7, 0xDE56, 0xD615, 0xD614, 0xDE14, 0xCD92, 0x82A6, 0x5941, 0x61A2, 0x6182, 0x6182, 0x5941,
    0x5941, 0x5961, 0x5961, 0x69A3, 0x71E3, 0x71C2, 0x7A03, 0x92A5, 0x8A84, 0x8A84, 0x8A44, 0x71A1, 0x6981, 0x6981, 0x71A1, 0x8223,
    0xC46B, 0x92A4, 0x9284, 0x9AA4, 0x9AC4, 0xA2E4, 0xAB04, 0xAB05, 0xA2E4, 0xBBE8, 0xDD0C, 0xA305, 0xA305, 0xA2E4, 0x9263, 0xABA8,
    0x8AC6, 0x79C2, 0x71C2, 0xABEB, 0xDE14, 0xDDF3, 0xD5B2, 0x7A44, 0xC510, 0xEEB7, 0xE676, 0xE697, 0xE655, 0xD5D4, 0xD5F4, 0xDE35,
    0xDE35, 0xDE55, 0xDE56, 0xEED8, 0xF719, 0xF6F9, 0xEEF8, 0xEEF8, 0xEED8, 0xEEB8, 0xEEB7, 0xEED8, 0xF719, 0xF719, 0xF719, 0xF719,
    0xEED8, 0xEED8, 0xEEB8, 0xF6F9, 0xF73A, 0xF6F9, 0xEEF9, 0xEED8, 0xF71A, 0xE676, 0x7A86, 0xA44C, 0xE6B7, 0xFF9A, 0xFF7A, 0xFF7A,
    0xFF7A, 0xFF7A, 0xFF7A, 0xFF7A, 0xFF79, 0xFF7A, 0xFF7A, 0xFF7A, 0xFF7A, 0xFF7A, 0xFF7A, 0xFF5A, 0xFF5A, 0xFF59, 0xFF59, 0xF759,
    0xF759, 0xF759, 0xF759, 0xF739, 0xF739, 0xF739, 0xF739, 0xF739, 0xF739, 0xF739, 0xF739, 0xF739, 0xF739, 0xF739, 0xF739, 0xF739,
    0xF739, 0xF739, 0xF739, 0xF739, 0xF739, 0xF739, 0xF739, 0xF739, 0xF739, 0xF739, 0xF73A, 0xF73A, 0xF73A, 0xF73A, 0xF73A, 0xF73A,
    0xF73A, 0xF73A, 0xF73A, 0xF75A, 0xF75A, 0xF75A, 0xF73A, 0xF75A, 0xF75A, 0xF75A, 0xF75A, 0xF75A, 0xF75A, 0xF75A, 0xF75A, 0xF75A,
    0xC52F, 0xC52F, 0xC50F, 0xC50F, 0xC52F, 0xC52F, 0xDD91, 0x6267, 0x0000, 0x2923, 0x2964, 0x2964, 0x3164, 0x2103, 0x18C2, 0x18C2,
    0x2103, 0x2103, 0x2103, 0x2103, 0x20E3, 0x20E3, 0x2103, 0x2103, 0x2103, 0x18E2, 0x0861, 0x0860, 0x0860, 0x0860, 0x0860, 0x0860,
    0x0860, 0x0860, 0x1081, 0x18C2, 0x10C2, 0x10A2, 0x0861, 0x0860, 0x0860, 0x0861, 0x0861, 0x1081, 0x0020, 0x0000, 0x2964, 0x5268,
    0xF75A, 0xFFDC, 0xFFFD, 0xFFFD, 0xFFFD, 0xFFFD, 0xFFFD, 0xFFBC, 0xFFBB, 0xFFBB, 0xFFBB, 0xFFBB, 0xFFBB, 0xFFBB, 0xFFBB, 0xFF9B,
    0xFF9B, 0xFFFD, 0xFFFD, 0xFFDD, 0xFFDC, 0xFFDC, 0xFFDC, 0xFFFC, 0xFFDC, 0xFF9B, 0xFF9B, 0xF75A, 0xFFBB, 0xF79B, 0xF719, 0xF719,
    0xF719, 0xF6F8, 0xDE56, 0xD615, 0xD615, 0xD615, 0xDE35, 0xDE35, 0xE697, 0xAC6E, 0x5961, 0x69A2, 0x6182, 0x69A2, 0x7203, 0x69C2,
    0x69C2, 0x69C2, 0x69C2, 0x7A23, 0x8A84, 0x8A64, 0x8A64, 0x8A84, 0x8A84, 0x92A4, 0x9AE5, 0x9AE5, 0x7A02, 0x79E2, 0x79E1, 0x92A4,
    0xCC8B, 0x9284, 0x9284, 0xB366, 0xB386, 0xA2E4, 0xA2E4, 0xA2C4, 0xB3A7, 0xCC49, 0xAB45, 0xB366, 0xB346, 0xAB25, 0xBC29, 0xC48A,
    0xAB66, 0x9AA3, 0x8A43, 0x8203, 0x8244, 0x8244, 0x8223, 0x71C3, 0x8244, 0xB44C, 0xEED8, 0xEED8, 0xF6D8, 0xEED8, 0xEED7, 0xEEB7,
    0xCD93, 0xBCF0, 0xCD92, 0xD614, 0xDE35, 0xDE35, 0xE676, 0xF6D8, 0xF6F8, 0xE697, 0xDE35, 0xE656, 0xEED8, 0xEEF8, 0xEED8, 0xEED8,
    0xEED8, 0xEED8, 0xEEB8, 0xF6F9, 0xF71A, 0xEEB8, 0xEEB8, 0xEEB8, 0xEED8, 0xEEB8, 0xF739, 0xAC6E, 0xA40C, 0xFFFC, 0xFF7A, 0xFF7A,
    0xFF7A, 0xFF7A, 0xFF7A, 0xFF7A, 0xFF7A, 0xFF79, 0xFF59, 0xFF79, 0xFF5A, 0xFF5A, 0xFF5A, 0xFF5A, 0xFF5A, 0xFF59, 0xF759, 0xF759,
    0xF759, 0xF759, 0xF759, 0xF739, 0xF739, 0xF739, 0xF739, 0xF739, 0xF739, 0xF739, 0xF739, 0xF739, 0xF739, 0xF739, 0xF739, 0xF739,
    0xF739, 0xF739, 0xF739, 0xF739, 0xF739, 0xF739, 0xF739, 0xF739, 0xF739, 0xF719, 0xF739, 0xF739, 0xF739, 0xF739, 0xF739, 0xF739,
    0xF73A, 0xF73A, 0xF73A, 0xF75A, 0xF75A, 0xF75A, 0xF75A, 0xF75A, 0xF75A, 0xF75A, 0xF75A, 0xF75A, 0xF75A, 0xF75A, 0xF75A, 0xF75A,
    0xC50F, 0xC50F, 0xC50F, 0xC50F, 0xC52F, 0xB4AE, 0xBCEF, 0x5A67, 0x18A1, 0x3164, 0x2964, 0x3164, 0x3164, 0x2944, 0x2103, 0x18C2,
    0x18C2, 0x10A1, 0x18E2, 0x2103, 0x2103, 0x2103, 0x20E3, 0x2103, 0x2103, 0x20E3, 0x18E3, 0x0881, 0x0840, 0x0860, 0x0860, 0x0860,
    0x0860, 0x0860, 0x10A1, 0x18C2, 0x10A2, 0x0861, 0x0860, 0x0860, 0x0860, 0x0861, 0x0861, 0x0840, 0x83EE, 0xA512, 0xE71A, 0xF77B,
    0xF75A, 0xFF9B, 0xFFBC, 0xFFDC, 0xFFFD, 0xFFFD, 0xFFFD, 0xFFDC, 0xFFBB, 0xFFBB, 0xFFBB, 0xFFBB, 0xFFBB, 0xFFBB, 0xFFBB, 0xFF9B,
    0xFF9B, 0xFFDC, 0xFFDD, 0xFFDD, 0xFFDD, 0xFFDC, 0xFF9C, 0xFF7B, 0xFF7B, 0xFF7B, 0xF73A, 0xF6F9, 0xF719, 0xF719, 0xEEF9, 0xEED8,
    0xEED8, 0xE697, 0xDE56, 0xD615, 0xDE15, 0xDE56, 0xBCCF, 0x8AE8, 0x9349, 0x8286, 0x6161, 0x69A2, 0x71C2, 0x8264, 0x7A44, 0x7A43,
    0x7A23, 0x7A23, 0x7A43, 0x8284, 0x8A84, 0x8A84, 0x8A84, 0x8A84, 0x8A84, 0x92A4, 0x9AE5, 0x9AE5, 0x8A63, 0x8A43, 0x8A43, 0x9AE5,
    0xD4CB, 0xAB66, 0xB386, 0xBBC7, 0xC3E7, 0xBBA7, 0xA305, 0xAB05, 0xC428, 0xBBE7, 0xB366, 0xB366, 0xB345, 0xBBE8, 0xD50C, 0xAB46,
    0xA2E4, 0xAB45, 0xAB25, 0xA2C4, 0x9243, 0x81E2, 0x9AE5, 0xAB87, 0x9284, 0x8265, 0xC4F0, 0xBCCF, 0xBCCF, 0xBCCF, 0xBCAE, 0xD5B2,
    0xD5B2, 0xBCCF, 0xCD72, 0xCDB3, 0xCD93, 0xD5B3, 0xDE35, 0xE676, 0xE677, 0xE656, 0xDE56, 0xE656, 0xE676, 0xE676, 0xEEB8, 0xEED8,
    0xEEB8, 0xEEB8, 0xEEB8, 0xEEB8, 0xEEB8, 0xEEB8, 0xEEB8, 0xEEB8, 0xEED8, 0xEEB8, 0xF73A, 0xB4AF, 0x9BCB, 0xFFBB, 0xFF5A, 0xFF7A,
    0xFF7A, 0xFF7A, 0xFF7A, 0xFF7A, 0xFF7A, 0xFF7A, 0xFF79, 0xFF59, 0xFF59, 0xFF7A, 0xFF5A, 0xFF5A, 0xFF59, 0xFF59, 0xFF59, 0xFF59,
    0xFF59, 0xF759, 0xF739, 0xF739, 0xF739, 0xF739, 0xF739, 0xF739, 0xF739, 0xF739, 0xF739, 0xF739, 0xF739, 0xF739, 0xF739, 0xF739,
    0xF739, 0xF739, 0xF739, 0xF739, 0xF739, 0xF739, 0xF739, 0xF739, 0xF739, 0xF739, 0xF739, 0xF739, 0xF739, 0xF739, 0xF739, 0xF739,
    0xF739, 0xF739, 0xF73A, 0xF73A, 0xF73A, 0xF73A, 0xF73A, 0xF73A, 0xF75A, 0xF75A, 0xF75A, 0xF75A, 0xF75A, 0xF75A, 0xF75A, 0xF75A,
    0xC50F, 0xC50F, 0xC50F, 0xCD50, 0xB4CF, 0x3143, 0x2102, 0x2102, 0x2103, 0x3164, 0x2964, 0x2103, 0x2944, 0x2944, 0x2103, 0x10A1,
    0x10A1, 0x10A1, 0x18C2, 0x18E2, 0x18E2, 0x18E2, 0x18E3, 0x2103, 0x18E2, 0x18E2, 0x1903, 0x1081, 0x0840, 0x0860, 0x0860, 0x0860,
    0x0860, 0x0840, 0x1081, 0x10A1, 0x1081, 0x0860, 0x0860, 0x0860, 0x0860, 0x0861, 0x0860, 0x0840, 0xE6F9, 0xFFFF, 0xFFBC, 0xFFBC,
    0xFFBC, 0xFFBC, 0xFF9B, 0xFF9B, 0xFF9B, 0xFF9B, 0xFFBB, 0xFFBB, 0xFFBB, 0xFFBB, 0xFFBB, 0xFFBB, 0xFFBB, 0xFFBB, 0xFFBB, 0xFF9B,
    0xFF9B, 0xFF7B, 0xFF9B, 0xFF9B, 0xFF9B, 0xFF9B, 0xFF7B, 0xFF7B, 0xFF7B, 0xFF7B, 0xF719, 0xEEF8, 0xEEF9, 0xEEF8, 0xE697, 0xE677,
    0xE676, 0xDE56, 0xE676, 0xB4CF, 0x7A86, 0x8AE7, 0x7A65, 0x6140, 0x6960, 0x6961, 0x7A03, 0x8244, 0x8244, 0x8AA5, 0x8A85, 0x8284,
    0x7A23, 0x7A23, 0x7A43, 0x8AC5, 0x8A84, 0x8A64, 0x8A84, 0x8A84, 0x8A84, 0x92C4, 0x9AE5, 0xA2E5, 0x9AA4, 0x9AA4, 0xAB26, 0xA305,
    0xD4CB, 0xBBC7, 0xBBC7, 0xBBC7, 0xBBC7, 0xC3E8, 0xA2E4, 0xB3C7, 0xDD2C, 0xB366, 0xBB86, 0xB366, 0xBBC8, 0xDD2C, 0xBBA7, 0xB346,
    0xB387, 0xB386, 0xB366, 0xB366, 0xAB87, 0xC4AC, 0xD52E, 0x9AE5, 0x8A23, 0x71C2, 0x7182, 0x71A2, 0x71A2, 0x71C2, 0x71A1, 0x8285,
    0x9329, 0x8B08, 0x9BCB, 0xC552, 0xD5B3, 0xCDB3, 0xCDB3, 0xDDF4, 0xDE35, 0xE655, 0xDE55, 0xDE56, 0xE656, 0xE656, 0xEEB8, 0xEED8,
    0xEEB8, 0xEEB8, 0xEEB8, 0xEEB8, 0xEEB8, 0xEEB8, 0xEEB8, 0xEED8, 0xEED8, 0xEED8, 0xEEF9, 0xE656, 0xC572, 0x8B29, 0xDE55, 0xFFBB,
    0xFF79, 0xFF7A, 0xFF7A, 0xFF7A, 0xFF7A, 0xFF7A, 0xFF79, 0xFF79, 0xFF59, 0xFF7A, 0xFF5A, 0xFF5A, 0xFF59, 0xFF59, 0xF759, 0xF759,
    0xF759, 0xF759, 0xF759, 0xF739, 0xF739, 0xF739, 0xF739, 0xF739, 0xF739, 0xF739, 0xF739, 0xF739, 0xF739, 0xF739, 0xF739, 0xF739,
    0xF739, 0xF739, 0xF739, 0xF739, 0xF739, 0xF739, 0xF739, 0xF739, 0xF739, 0xF739, 0xF739, 0xF739, 0xF739, 0xF739, 0xF739, 0xF739,
    0xF739, 0xF739, 0xF739, 0xF73A, 0xF73A, 0xF73A, 0xF73A, 0xF73A, 0xF75A, 0xF75A, 0xF75A, 0xF75A, 0xF75A, 0xF75A, 0xF75A, 0xF75A,
    0xC50F, 0xC50F, 0xC50F, 0xAC8D, 0x6267, 0x3144, 0x31A5, 0x31A5, 0x3185, 0x2923, 0x2123, 0x10C2, 0x18C2, 0x2124, 0x2103, 0x10A1,
    0x10A1, 0x10A1, 0x10A1, 0x18E2, 0x2103, 0x2102, 0x2103, 0x2102, 0x20E3, 0x18E2, 0x1903, 0x1081, 0x0840, 0x0860, 0x0860, 0x0860,
    0x0860, 0x0860, 0x0840, 0x0840, 0x0860, 0x0860, 0x0840, 0x0840, 0x0840, 0x0860, 0x0860, 0x10A1, 0xB573, 0xE6D8, 0xEEF9, 0xFFDD,
    0xFFFE, 0xFFDD, 0xFFBC, 0xFF9B, 0xFF9A, 0xFF9B, 0xFF9B, 0xFFBB, 0xFFBB, 0xFFBB, 0xFFBB, 0xFF9B, 0xFF9B, 0xFF9B, 0xFF9B, 0xFF9B,
    0xFF9B, 0xFF7B, 0xFF7B, 0xF75A, 0xF75A, 0xF73A, 0xF73A, 0xF75A, 0xF75A, 0xFF5A, 0xEEF9, 0xEED8, 0xEEB8, 0xE677, 0xE656, 0xDE56,
    0xDE56, 0xE676, 0xEED8, 0xB46E, 0x5900, 0x79E2, 0x8223, 0x8243, 0x8223, 0x8A63, 0x92C5, 0x92A5, 0x8264, 0x8A84, 0x92C5, 0x8AA5,
    0x7A23, 0x7A23, 0x8264, 0x92C5, 0x92C5, 0x8AA4, 0x8A84, 0x9AE5, 0x9AE5, 0xA305, 0xA326, 0xB386, 0xBBA7, 0xAB05, 0xC3C7, 0xAB25,
    0xD4CB, 0xBBA6, 0xC3E7, 0xDCAA, 0xCC28, 0xC408, 0xAAE4, 0xBBE8, 0xCC8A, 0xB366, 0xB386, 0xCC69, 0xE56E, 0xCC49, 0xBBE7, 0xBBA7,
    0xBBC7, 0xBBC7, 0xB386, 0xBC09, 0xE58F, 0xCC8B, 0xAB47, 0x9264, 0x9A84, 0xAB86, 0xB3A7, 0xB3A7, 0xB3A8, 0xB387, 0x9AC5, 0x79E3,
    0x79E3, 0x7182, 0x7204, 0xA3CB, 0xC531, 0xD5D4, 0xD5D4, 0xCDB3, 0xD5B3, 0xCD92, 0xD5F4, 0xE676, 0xE656, 0xE656, 0xEEB7, 0xEEB8,
    0xEEB8, 0xEEB8, 0xEEB8, 0xEEB8, 0xEEB8, 0xEEB8, 0xEED8, 0xEED8, 0xEED9, 0xEED9, 0xEED8, 0xF71A, 0xE6B7, 0x82A6, 0xDE35, 0xFFBA,
    0xFF79, 0xFF7A, 0xFF7A, 0xFF7A, 0xFF7A, 0xFF7A, 0xFF79, 0xFF79, 0xFF59, 0xFF59, 0xFF59, 0xFF59, 0xFF59, 0xF759, 0xF759, 0xF739,
    0xF759, 0xF759, 0xF739, 0xF739, 0xF739, 0xF739, 0xF739, 0xF739, 0xF739, 0xF739, 0xF739, 0xF739, 0xF739, 0xF739, 0xF739, 0xF739,
    0xF739, 0xF739, 0xF739, 0xF739, 0xF739, 0xF739, 0xF739, 0xF739, 0xF739, 0xF739, 0xF739, 0xF739, 0xF739, 0xF739, 0xF739, 0xF739,
    0xF739, 0xF739, 0xF739, 0xF73A, 0xF73A, 0xF73A, 0xF73A, 0xF73A, 0xF75A, 0xF75A, 0xF75A, 0xF75A, 0xF75A, 0xF75A, 0xF75A, 0xF75A,
    0xC50F, 0xC50F, 0xCD2F, 0x41C4, 0x18C2, 0x39C5, 0x39A5, 0x39A5, 0x3185, 0x18C1, 0x10A1, 0x10A2, 0x10A1, 0x2103, 0x2103, 0x10A1,
    0x10A1, 0x10A1, 0x10A1, 0x18C2, 0x2103, 0x20E2, 0x2103, 0x20E3, 0x20E3, 0x18E3, 0x18E2, 0x0881, 0x0840, 0x0860, 0x0860, 0x0860,
    0x0860, 0x0860, 0x0860, 0x0860, 0x0860, 0x0861, 0x10A1, 0x10A1, 0x1081, 0x18E2, 0x4207, 0x39E6, 0x18A1, 0xA4D0, 0xF73A, 0xF79C,
    0xFFDD, 0xFFDD, 0xFFDD, 0xFFBC, 0xFF9B, 0xFF9B, 0xFFBB, 0xFFBB, 0xFFBB, 0xFFBB, 0xFF9B, 0xFF9B, 0xFF9B, 0xFF9B, 0xFF9B, 0xFF9B,
    0xFF9B, 0xFF7B, 0xF77A, 0xEEF8, 0xEEF8, 0xEED8, 0xEED8, 0xEEF9, 0xEEF8, 0xEED8, 0xEEB8, 0xEEB8, 0xE697, 0xDE36, 0xDE56, 0xDE56,
    0xDE15, 0xBCCF, 0xC4F0, 0xA38A, 0x6981, 0x9284, 0xA2E4, 0x9AA4, 0x9AA4, 0x9AC5, 0xA305, 0x9AE5, 0x8244, 0x8A64, 0x92C5, 0x8AA5,
    0x7A23, 0x7A44, 0x8264, 0x8AC5, 0x9B06, 0x9AE5, 0x9284, 0xBBC7, 0xBBE8, 0xAB26, 0xAB46, 0xBBA7, 0xC408, 0xC3E7, 0xCC08, 0xB366,
    0xD4CB, 0xBBA7, 0xC408, 0xDCEA, 0xCC49, 0xC3C7, 0xC429, 0xC429, 0xBBA7, 0xBBA7, 0xBBE8, 0xE58E, 0xC428, 0xCC29, 0xC408, 0xBBC8,
    0xBBC7, 0xBBA7, 0xE56E, 0xCCAB, 0xB386, 0xBB87, 0xB386, 0xB386, 0xB366, 0xBBC7, 0xC408, 0xC3E8, 0xC408, 0xBBA7, 0xA2C5, 0xBBA7,
    0xC3E8, 0x9AA5, 0x9265, 0x9AE6, 0x9369, 0xBCAE, 0xBCAE, 0xBC8E, 0xBCAE, 0xC510, 0xCD71, 0xDE14, 0xE656, 0xE656, 0xE656, 0xE656,
    0xE676, 0xEEB8, 0xEEB8, 0xEED8, 0xEED8, 0xEED9, 0xEEB8, 0xE697, 0xEEB8, 0xEED9, 0xEED8, 0xF6F9, 0xE676, 0x82A5, 0xE696, 0xFFBB,
    0xFF79, 0xFF7A, 0xFF7A, 0xFF7A, 0xFF7A, 0xFF7A, 0xFF7A, 0xFF79, 0xFF59, 0xFF59, 0xF759, 0xF759, 0xF759, 0xF759, 0xF739, 0xF739,
    0xF739, 0xF759, 0xF739, 0xF739, 0xF739, 0xF739, 0xF739, 0xF739, 0xF739, 0xF739, 0xF739, 0xF739, 0xF739, 0xF739, 0xF739, 0xF739,
    0xF739, 0xF739, 0xF739, 0xF739, 0xF739, 0xF739, 0xF739, 0xF739, 0xF739, 0xF739, 0xF739, 0xF739, 0xF739, 0xF739, 0xF739, 0xF739,
    0xF739, 0xF739, 0xF73A, 0xF73A, 0xF73A, 0xF73A, 0xF73A, 0xF73A, 0xF73A, 0xF73A, 0xF75A, 0xF75A, 0xF75A, 0xF75A, 0xF75A, 0xF75A,
    0xC50F, 0xC50F, 0xCD4F, 0x49E5, 0x2103, 0x39C6, 0x3185, 0x39A5, 0x3185, 0x18E2, 0x10A1, 0x10A2, 0x1081, 0x18E2, 0x2103, 0x10A1,
    0x10A1, 0x10A1, 0x18E2, 0x18E3, 0x18C2, 0x18E2, 0x10A2, 0x18C2, 0x1903, 0x18E2, 0x0861, 0x0860, 0x0860, 0x0860, 0x0860, 0x0860,
    0x0840, 0x0860, 0x0860, 0x0861, 0x0840, 0x10A2, 0x2965, 0x2944, 0x2944, 0x18E3, 0x1081, 0x0000, 0x20C2, 0xBD93, 0xEF19, 0xE6F9,
    0xF79B, 0xFF9B, 0xFF9B, 0xFF9B, 0xFF9B, 0xFF9B, 0xFF9B, 0xFF9B, 0xFF9B, 0xFFBB, 0xFF9B, 0xFF9B, 0xFF9B, 0xFF9B, 0xFF9B, 0xFF7B,
    0xFF9B, 0xFF9B, 0xFF7A, 0xEEF8, 0xEED8, 0xEEB8, 0xEEB8, 0xEED8, 0xEED8, 0xEED8, 0xE677, 0xDE36, 0xDE56, 0xDE36, 0xDE35, 0xD5F4,
    0xD5B2, 0x71E3, 0x6100, 0x71C1, 0x9AE5, 0x9AE4, 0x9AE5, 0x9283, 0x8A63, 0xA305, 0xB366, 0xAB46, 0xA326, 0xA326, 0xA346, 0x9B06,
    0x7A43, 0x7A44, 0x8264, 0x92C5, 0xA326, 0xAB46, 0xB367, 0xBBA7, 0xC408, 0xCC49, 0xAB67, 0xBBA7, 0xCC28, 0xD469, 0xD469, 0xD48A,
    0xDCAA, 0xBBA7, 0xC408, 0xDCCA, 0xCC29, 0xBBA7, 0xD4EC, 0xDCEC, 0xBB87, 0xBBE8, 0xE54C, 0xCC69, 0xC408, 0xCC49, 0xC429, 0xBBE8,
    0xD50C, 0xDD4E, 0xC429, 0xC3C7, 0xBBA7, 0xBBA7, 0xBBA7, 0xBBA7, 0xBBC7, 0xBBE7, 0xBBE8, 0xC3E8, 0xBBE8, 0xC3E8, 0xC408, 0xC3E8,
    0xC3E8, 0xC3E8, 0xAB27, 0x92A6, 0x8AA6, 0x8224, 0x8265, 0x8244, 0x9B69, 0xCD92, 0xC530, 0xD5B2, 0xE676, 0xDE55, 0xDE55, 0xDE55,
    0xE656, 0xE656, 0xEEB8, 0xEEB8, 0xEEB8, 0xEED8, 0xEEB8, 0xEEB8, 0xEEB8, 0xEED9, 0xEED9, 0xF6F9, 0xE677, 0xA40C, 0xD614, 0xEF18,
    0xFF7A, 0xFF79, 0xFF7A, 0xFF7A, 0xFF7A, 0xFF79, 0xFF79, 0xFF59, 0xFF59, 0xF759, 0xF759, 0xF759, 0xF759, 0xF739, 0xF739, 0xF739,
    0xF759, 0xF739, 0xF739, 0xF739, 0xF739, 0xF739, 0xF739, 0xF739, 0xF739, 0xF739, 0xF739, 0xF739, 0xF739, 0xF739, 0xF739, 0xF739,
    0xF739, 0xF739, 0xF739, 0xF739, 0xF739, 0xF739, 0xF739, 0xF739, 0xF739, 0xF739, 0xF739, 0xF739, 0xF739, 0xF739, 0xF739, 0xF739,
    0xF739, 0xF739, 0xF739, 0xF73A, 0xF73A, 0xF73A, 0xF73A, 0xF73A, 0xF73A, 0xF73A, 0xF73A, 0xF75A, 0xF75A, 0xF73A, 0xF75A, 0xF75A,
    0xC50F, 0xC50F, 0xCD50, 0x4A05, 0x1081, 0x20E2, 0x2944, 0x39A5, 0x2944, 0x18E2, 0x10A1, 0x10A1, 0x1081, 0x18E2, 0x2103, 0x10A1,
    0x10A1, 0x10A1, 0x2103, 0x18E2, 0x0861, 0x1081, 0x0861, 0x1081, 0x18E2, 0x18C2, 0x0861, 0x0861, 0x0860, 0x0860, 0x0860, 0x0860,
    0x0840, 0x0840, 0x0860, 0x0860, 0x0861, 0x0860, 0x0840, 0x0840, 0x0840, 0x0840, 0x0840, 0x4A27, 0xBD94, 0xF73A, 0xE6D8, 0xE6D8,
    0xF73A, 0xFF9B, 0xFF9B, 0xFF9B, 0xFF9B, 0xFF9B, 0xFFDC, 0xFFDC, 0xFFBC, 0xFF9B, 0xFF9B, 0xFF9B, 0xFF9B, 0xFFBB, 0xFF7B, 0xF719,
    0xF75A, 0xF73A, 0xF719, 0xEEF8, 0xF6F9, 0xE697, 0xD615, 0xD615, 0xD615, 0xDE15, 0xD615, 0xDE15, 0xDE55, 0xDE36, 0xE676, 0x8AE7,
    0x7A23, 0x8243, 0x8223, 0x8A64, 0xA2E5, 0xAB46, 0xBBA7, 0xA2E4, 0x92A4, 0xA305, 0xAB46, 0xAB46, 0xB386, 0xBC08, 0xB3C8, 0x9B26,
    0x7A23, 0x8264, 0x8263, 0x9B05, 0xB3A7, 0xAB66, 0xBBC8, 0xBBA7, 0xC408, 0xD48A, 0xC408, 0xC3C8, 0xC3E8, 0xD48A, 0xE54C, 0xE52B,
    0xD48A, 0xBBC7, 0xCC28, 0xDCCA, 0xD489, 0xCC49, 0xDCEC, 0xC429, 0xBBA7, 0xDD0C, 0xDCCB, 0xC408, 0xCC29, 0xCC69, 0xCC29, 0xE54E,
    0xDD2D, 0xD48A, 0xC3E8, 0xBBC7, 0xC3E8, 0xCC28, 0xC3E8, 0xBB87, 0xC3E7, 0xC408, 0xBBE8, 0xC3E8, 0xBBE8, 0xC3E8, 0xC3E8, 0xC429,
    0xD4AB, 0xD4EC, 0xD4CC, 0xD4CC, 0xC46B, 0x9B27, 0x9AE6, 0x8AA5, 0x8265, 0x82C8, 0xAC4E, 0xC551, 0xC551, 0xDE15, 0xE656, 0xDE35,
    0xDE35, 0xDE55, 0xE656, 0xDE56, 0xE697, 0xEED8, 0xEEB8, 0xEED8, 0xEED9, 0xEED9, 0xEED9, 0xEED9, 0xEED8, 0xFF5B, 0x9BAA, 0xB4CF,
    0xFFDB, 0xFF79, 0xFF79, 0xFF79, 0xFF79, 0xFF79, 0xFF79, 0xFF59, 0xFF59, 0xF759, 0xF759, 0xF759, 0xF759, 0xF759, 0xF739, 0xF739,
    0xF739, 0xF739, 0xF739, 0xF739, 0xF739, 0xF739, 0xF739, 0xF739, 0xF739, 0xF739, 0xF739, 0xF739, 0xF739, 0xF739, 0xF739, 0xF739,
    0xF739, 0xF739, 0xF739, 0xF739, 0xF739, 0xF739, 0xF739, 0xF739, 0xF739, 0xF739, 0xF739, 0xF739, 0xF739, 0xF739, 0xF739, 0xF739,
    0xF739, 0xF739, 0xF739, 0xF73A, 0xF73A, 0xF73A, 0xF73A, 0xF73A, 0xF73A, 0xF73A, 0xF73A, 0xF73A, 0xF73A, 0xF73A, 0xF73A, 0xF75A,
    0xC50F, 0xC50F, 0xCD50, 0x5205, 0x0820, 0x18A1, 0x3164, 0x3184, 0x18C2, 0x10A1, 0x10A1, 0x10A1, 0x1081, 0x18C2, 0x18E2, 0x10A1,
    0x10A1, 0x18C2, 0x2103, 0x18E2, 0x0861, 0x0861, 0x0861, 0x0861, 0x0861, 0x0861, 0x0861, 0x0861, 0x0861, 0x0860, 0x0860, 0x0840,
    0x0840, 0x0840, 0x0860, 0x0860, 0x0861, 0x0860, 0x0860, 0x0860, 0x0860, 0x0861, 0x0020, 0xB593, 0xFFBC, 0xEEF9, 0xEF1A, 0xFFBC,
    0xFF9B, 0xF77B, 0xFF9B, 0xFF9B, 0xFFDC, 0xFFFD, 0xFFFE, 0xFFFE, 0xFFDC, 0xFF9B, 0xFF9B, 0xFFBB, 0xF77B, 0xF75A, 0xF739, 0xEEF8,
    0xEEF8, 0xEEF8, 0xEED8, 0xEED8, 0xF6F9, 0xE697, 0xD615, 0xD614, 0xD5F4, 0xD5F4, 0xD5D4, 0xDDF5, 0xEEB7, 0xDE35, 0xA3CB, 0x7A43,
    0x8202, 0x92A4, 0x9AC5, 0x9AE5, 0xA325, 0xBBA7, 0xC408, 0xC408, 0xB367, 0xAB46, 0xB387, 0xAB66, 0xB3A7, 0xCC49, 0xBBC8, 0xAB67,
    0x9B05, 0x8264, 0x8264, 0x9AE5, 0xB387, 0xAB87, 0xBBC8, 0xBBC7, 0xC408, 0xD48A, 0xCC49, 0xC408, 0xC3E8, 0xDCCA, 0xFE0E, 0xEDAD,
    0xCC69, 0xC3E7, 0xCC28, 0xDCAA, 0xDCAA, 0xDD2B, 0xDD2D, 0xBBC8, 0xD4EC, 0xE56D, 0xCC29, 0xCC29, 0xC408, 0xDD0D, 0xEDCF, 0xD4CC,
    0xD48B, 0xCC8A, 0xCC49, 0xC408, 0xCC69, 0xDCEB, 0xCC08, 0xBBA7, 0xCC28, 0xC408, 0xBBE8, 0xBBE8, 0xBBE8, 0xC3E8, 0xBBE8, 0xCC6A,
    0xC429, 0xBBC9, 0xBC0A, 0xC46B, 0xC46B, 0xCCAC, 0xBC2B, 0xA368, 0x8265, 0x6141, 0x9BAB, 0xAC6E, 0xAC8E, 0xD5F4, 0xE676, 0xDE56,
    0xDE35, 0xDE35, 0xDE35, 0xDE35, 0xE676, 0xEEB8, 0xEEB8, 0xEED8, 0xEED8, 0xEED8, 0xEED9, 0xEED9, 0xEED9, 0xF73A, 0x9BAA, 0xBD0F,
    0xFFFC, 0xFF59, 0xFF79, 0xFF79, 0xFF79, 0xFF7A, 0xFF79, 0xFF59, 0xFF59, 0xF759, 0xF759, 0xF759, 0xF759, 0xF759, 0xF759, 0xF739,
    0xF739, 0xF739, 0xF739, 0xF739, 0xF739, 0xF739, 0xF739, 0xF739, 0xF739, 0xF739, 0xF739, 0xF739, 0xF739, 0xF739, 0xF739, 0xF739,
    0xF739, 0xF739, 0xF739, 0xF739, 0xF739, 0xF739, 0xF739, 0xF739, 0xF739, 0xF739, 0xF739, 0xF739, 0xF739, 0xF739, 0xF739, 0xF739,
    0xF739, 0xF739, 0xF739, 0xF73A, 0xF73A, 0xF739, 0xF739, 0xF739, 0xF739, 0xF739, 0xF739, 0xF73A, 0xF73A, 0xF73A, 0xF73A, 0xF73A,
    0xC50F, 0xCD2F, 0xAC6D, 0x20A1, 0x1081, 0x3164, 0x3185, 0x2103, 0x18C2, 0x10A1, 0x10A1, 0x1081, 0x1081, 0x1081, 0x1081, 0x1081,
    0x18E2, 0x18E2, 0x18E2, 0x18E2, 0x10A2, 0x0861, 0x0861, 0x0861, 0x0861, 0x0861, 0x0861, 0x0861, 0x0861, 0x0860, 0x0840, 0x0840,
    0x0840, 0x0840, 0x0840, 0x0840, 0x0840, 0x0840, 0x0860, 0x0860, 0x0840, 0x0840, 0x0020, 0xAD32, 0xF77B, 0xF79B, 0xFFBC, 0xFFFD,
    0xFFFD, 0xFFDD, 0xFFFD, 0xFFFD, 0xFFFD, 0xFFFE, 0xFFFE, 0xFFFD, 0xFFBB, 0xFF9B, 0xFF9B, 0xFF9B, 0xF75A, 0xEEF8, 0xEEF8, 0xEEF8,
    0xEEF8, 0xEED8, 0xEED8, 0xEED8, 0xEED8, 0xE696, 0xDDF4, 0xDE15, 0xDE35, 0xE655, 0xBD30, 0xAC2C, 0xBCCF, 0xB48E, 0x7A03, 0x8202,
    0xA305, 0x9AE5, 0x9AC5, 0x9AA4, 0xBBE8, 0xC408, 0xC408, 0xCC28, 0xB386, 0xAB46, 0xC408, 0xC408, 0xC429, 0xC429, 0xC408, 0xC429,
    0xBBE8, 0x8284, 0x8264, 0x92E5, 0xB387, 0xC3E8, 0xBBC8, 0xBBC7, 0xCC69, 0xD4AA, 0xCC69, 0xC408, 0xCC28, 0xDCCA, 0xF5CD, 0xED6C,
    0xD449, 0xC408, 0xC3E8, 0xD48A, 0xDCAA, 0xE52C, 0xCC6A, 0xCC49, 0xED8E, 0xD4AA, 0xD449, 0xD46A, 0xD4EC, 0xDD6E, 0xDD2D, 0xCC6A,
    0xD48A, 0xD4AB, 0xD4AB, 0xCC49, 0xD469, 0xD4AA, 0xC408, 0xC408, 0xCC29, 0xBBC7, 0xBBE8, 0xC428, 0xBBE8, 0xC3E8, 0xC3E8, 0xC3E8,
    0xA305, 0x9244, 0xA306, 0xB3CA, 0xABAA, 0xABA9, 0xABA9, 0xB40A, 0xBBEA, 0xA348, 0x82A6, 0x7AA7, 0xA40C, 0xBCF0, 0xC551, 0xE655,
    0xE655, 0xDE34, 0xDE14, 0xDE15, 0xDE35, 0xDE35, 0xEE97, 0xEEB8, 0xEED8, 0xEED8, 0xEED9, 0xEED9, 0xEED8, 0xF71A, 0x938A, 0xBCEF,
    0xF77A, 0xFF59, 0xFF79, 0xFF79, 0xFF7A, 0xFF79, 0xFF79, 0xFF59, 0xFF59, 0xF759, 0xF759, 0xF759, 0xF759, 0xF759, 0xF759, 0xF739,
    0xF739, 0xF739, 0xF739, 0xF739, 0xF739, 0xF739, 0xF739, 0xF739, 0xF739, 0xF739, 0xF739, 0xF739, 0xF739, 0xF739, 0xF739, 0xF739,
    0xF739, 0xF739, 0xF739, 0xF739, 0xF739, 0xF719, 0xF719, 0xF739, 0xF739, 0xF739, 0xF739, 0xF739, 0xF739, 0xF739, 0xF739, 0xF739,
    0xF739, 0xF739, 0xF739, 0xF73A, 0xF73A, 0xF739, 0xF739, 0xF73A, 0xF73A, 0xF73A, 0xF73A, 0xF73A, 0xF73A, 0xF73A, 0xF73A, 0xF73A,
    0xC50F, 0xCD50, 0xA44D, 0x1060, 0x2103, 0x39C6, 0x2123, 0x18E3, 0x18C2, 0x10A1, 0x10A1, 0x1081, 0x1081, 0x1081, 0x10A1, 0x10A2,
    0x18E2, 0x2103, 0x18E2, 0x1081, 0x1081, 0x0861, 0x0861, 0x0861, 0x0861, 0x0861, 0x0861, 0x0861, 0x0861, 0x0860, 0x0860, 0x0860,
    0x0840, 0x0840, 0x0840, 0x0840, 0x0840, 0x0840, 0x0840, 0x0840, 0x0840, 0x0861, 0x0840, 0xB553, 0xF75B, 0xFF9B, 0xF79B, 0xF7BC,
    0xFFFE, 0xFFFD, 0xFFFE, 0xFFFE, 0xFFDC, 0xFFDD, 0xFFFE, 0xFFDD, 0xFFBB, 0xFF7B, 0xFF7B, 0xF739, 0xEEF8, 0xEEF8, 0xEEF8, 0xEED8,
    0xEF19, 0xF739, 0xEEF8, 0xEED8, 0xEEB8, 0xEED8, 0xD5D3, 0x9328, 0x8AE6, 0xB44C, 0xA3CA, 0x71C1, 0x8223, 0x79E2, 0xB3C9, 0x9AC4,
    0xAB05, 0xBBC7, 0xAB66, 0x9AA4, 0xBBC7, 0xCC29, 0xC408, 0xCC49, 0xD4AB, 0xC408, 0xCC28, 0xCC29, 0xCC49, 0xD4AA, 0xD4EA, 0xD48A,
    0xC429, 0xB3C8, 0xB3C8, 0xB3A7, 0xAB67, 0xC3E8, 0xBBE8, 0xBBC7, 0xDCCA, 0xE52B, 0xD469, 0xC408, 0xD469, 0xE4EA, 0xED8C, 0xED6C,
    0xE50B, 0xCC28, 0xC3E8, 0xD469, 0xDCCB, 0xE56D, 0xC429, 0xDD0C, 0xEDAE, 0xD46A, 0xD46A, 0xDCEB, 0xEDEF, 0xD4EB, 0xCC6A, 0xD4AA,
    0xD4AA, 0xD4AA, 0xD48A, 0xD48A, 0xD4AA, 0xC408, 0xCC09, 0xCC49, 0xC408, 0xBBC8, 0xCC49, 0xCC29, 0xBBC7, 0xC3E8, 0xC3E8, 0xBBC7,
    0xAB46, 0xBBA7, 0xAB46, 0x8244, 0x7A24, 0x8A64, 0x9284, 0x9284, 0x9AE6, 0x92E6, 0x82E7, 0x9369, 0x9BCB, 0xAC4D, 0xB4AF, 0xC530,
    0xC551, 0xCD92, 0xDE14, 0xDE14, 0xDE14, 0xDE14, 0xDE15, 0xDE36, 0xEED8, 0xEED8, 0xEED8, 0xEED9, 0xEED9, 0xEED9, 0xE697, 0xB4CF,
    0x9389, 0xFF7A, 0xFF7A, 0xFF7A, 0xFF7A, 0xFF7A, 0xFF79, 0xFF79, 0xFF59, 0xF759, 0xFF59, 0xFF59, 0xFF59, 0xF739, 0xF739, 0xF739,
    0xF739, 0xF739, 0xF739, 0xF739, 0xF739, 0xF739, 0xF739, 0xF739, 0xF739, 0xF739, 0xF739, 0xF739, 0xF739, 0xF739, 0xF739, 0xF739,
    0xF739, 0xF739, 0xF739, 0xF739, 0xF739, 0xF719, 0xF739, 0xF739, 0xF739, 0xF739, 0xF739, 0xF739, 0xF739, 0xF739, 0xF739, 0xF739,
    0xF739, 0xF739, 0xF739, 0xF739, 0xF739, 0xF739, 0xF739, 0xF739, 0xF73A, 0xF73A, 0xF73A, 0xF73A, 0xF73A, 0xF73A, 0xF73A, 0xF73A,
    0xC50F, 0xCD2F, 0xA44D, 0x0820, 0x2102, 0x39A5, 0x2123, 0x18C2, 0x10A1, 0x1081, 0x1081, 0x1081, 0x1081, 0x18C2, 0x18C2, 0x18C2,
    0x18E2, 0x18E2, 0x18C2, 0x0860, 0x0861, 0x0861, 0x0861, 0x0861, 0x0861, 0x0861, 0x0861, 0x0861, 0x0861, 0x0861, 0x0860, 0x0840,
    0x0840, 0x0840, 0x0860, 0x0840, 0x0840, 0x0840, 0x0840, 0x0881, 0x0000, 0x5267, 0xC5D5, 0xDE77, 0xFF9C, 0xFF9B, 0xF77A, 0xFFBC,
    0xFFFE, 0xFFFE, 0xFFFE, 0xFFDD, 0xFFBC, 0xFFFD, 0xFFFD, 0xFF7B, 0xF75A, 0xFF5B, 0xFF7B, 0xF719, 0xEED8, 0xEEF8, 0xEF19, 0xEF19,
    0xF739, 0xFFBB, 0xF77A, 0xEEB8, 0xEEB8, 0xEED9, 0xD5D3, 0x8244, 0x79A0, 0x81E1, 0xA306, 0xA346, 0x8A43, 0x9284, 0xAB46, 0xBC6A,
    0xBBE8, 0xBB86, 0xBBA7, 0xB366, 0xC3E8, 0xCC49, 0xC429, 0xCC69, 0xDD0B, 0xD48A, 0xCC29, 0xCC49, 0xCC28, 0xDD2B, 0xE58C, 0xDD0B,
    0xC428, 0xC408, 0xC408, 0xB3C8, 0xAB87, 0xC408, 0xBBE8, 0xBBE8, 0xDCCA, 0xE52B, 0xCC29, 0xC3E8, 0xD469, 0xDCEA, 0xED8C, 0xED6C,
    0xED4B, 0xC408, 0xC408, 0xC428, 0xDCCB, 0xDD2D, 0xCC29, 0xE56D, 0xDD0C, 0xD48A, 0xDD0C, 0xEDEF, 0xDD0C, 0xD4AA, 0xD4CB, 0xD4AA,
    0xD4AB, 0xD4AB, 0xD4AB, 0xD48A, 0xCC69, 0xCC49, 0xCC49, 0xCC49, 0xC428, 0xCC6A, 0xD48A, 0xC3E8, 0xC3E8, 0xC3E8, 0xC3E8, 0xC3E8,
    0xC3C8, 0xC3E8, 0x92A5, 0x71C2, 0x71E3, 0x8223, 0x9264, 0x9A84, 0x69E2, 0x6A24, 0x8308, 0xA3EC, 0xA42D, 0x9BEC, 0xA42D, 0xBCCF,
    0xBCF0, 0xC551, 0xCDB3, 0xD5D3, 0xDE14, 0xDE14, 0xD614, 0xD615, 0xEED8, 0xEED8, 0xEED8, 0xEED9, 0xEED9, 0xEED8, 0xFF5B, 0xC511,
    0x9369, 0xFF9A, 0xFF7A, 0xFF79, 0xFF7A, 0xFF7A, 0xFF79, 0xFF59, 0xFF5A, 0xFF59, 0xFF59, 0xFF59, 0xFF59, 0xF759, 0xF739, 0xF739,
    0xF739, 0xF739, 0xF739, 0xF739, 0xF739, 0xF739, 0xF739, 0xF739, 0xF739, 0xF739, 0xF739, 0xF739, 0xF739, 0xF739, 0xF739, 0xF739,
    0xF739, 0xF739, 0xF739, 0xF739, 0xF739, 0xF739, 0xF739, 0xF739, 0xF739, 0xF739, 0xF739, 0xF739, 0xF739, 0xF739, 0xF739, 0xF739,
    0xF739, 0xF739, 0xF739, 0xF739, 0xF739, 0xF739, 0xF739, 0xF739, 0xF73A, 0xF73A, 0xF73A, 0xF73A, 0xF73A, 0xF73A, 0xF73A, 0xF73A,
    0xC50F, 0xC52F, 0xB48E, 0x5206, 0x20C2, 0x2103, 0x2943, 0x10A2, 0x1061, 0x1081, 0x1081, 0x1081, 0x1061, 0x18C2, 0x2103, 0x18E2,
    0x0860, 0x0860, 0x0860, 0x0860, 0x0861, 0x0861, 0x0861, 0x0861, 0x0861, 0x0861, 0x0861, 0x0860, 0x0861, 0x0861, 0x0840, 0x0840,
    0x0840, 0x0840, 0x0840, 0x0840, 0x0840, 0x0840, 0x0861, 0x0020, 0x2123, 0xA4D1, 0xEED8, 0xE6B8, 0xFFDD, 0xFFBB, 0xFF7B, 0xF77B,
    0xF77B, 0xF77B, 0xF75B, 0xFFBC, 0xFFFD, 0xFFFD, 0xFFDC, 0xF77B, 0xF75A, 0xF75A, 0xFF7B, 0xF719, 0xDE56, 0xE697, 0xFFBB, 0xFFDC,
    0xFFBB, 0xFF9B, 0xF739, 0xEED8, 0xEEB8, 0xEED8, 0xDE14, 0x8AA4, 0x81E1, 0x8A42, 0x9243, 0xB387, 0xB3C8, 0xAB05, 0xAAE4, 0xBBE8,
    0xCCCC, 0xC429, 0xBBC7, 0xBBE8, 0xC408, 0xCC69, 0xDCEB, 0xDD0B, 0xDD0B, 0xD489, 0xCC48, 0xCC48, 0xCC48, 0xDD0B, 0xE56C, 0xDD0B,
    0xD4AA, 0xC408, 0xBBE8, 0xB3A7, 0xAB67, 0xBBC7, 0xC408, 0xC3E8, 0xDCCA, 0xE52B, 0xDCCA, 0xD469, 0xD448, 0xE50A, 0xED8C, 0xED8C,
    0xED6C, 0xE50B, 0xCC49, 0xC408, 0xDCEB, 0xD50D, 0xEDCF, 0xFE50, 0xD4CB, 0xEDAE, 0xFEB2, 0xDD4D, 0xD4AB, 0xD4AB, 0xE5AE, 0xEDEF,
    0xDD4D, 0xD4AA, 0xD4AB, 0xCC6A, 0xCC29, 0xCC49, 0xCC49, 0xD469, 0xDCCB, 0xDCEB, 0xCC6A, 0xCC6A, 0xD469, 0xC408, 0xBBC8, 0xC3E8,
    0xC3E8, 0xC3E8, 0xA306, 0x92C5, 0x9B06, 0x8A64, 0x8A43, 0x9264, 0x71E3, 0x7244, 0x82E8, 0x9BEC, 0xA42D, 0xA42D, 0xAC4D, 0xB4CF,
    0xC551, 0xD5F3, 0xD5F3, 0xD5F4, 0xD5F4, 0xDE35, 0xE676, 0xE677, 0xEEB8, 0xEEB8, 0xEED8, 0xEED8, 0xEED9, 0xEED8, 0xF739, 0xBD10,
    0x9389, 0xFF7A, 0xFF7A, 0xFF7A, 0xFF7A, 0xFF7A, 0xFF79, 0xFF79, 0xFF5A, 0xFF5A, 0xFF5A, 0xFF59, 0xFF59, 0xF759, 0xF739, 0xF739,
    0xF739, 0xF739, 0xF739, 0xF739, 0xF719, 0xF739, 0xF739, 0xF739, 0xF739, 0xF739, 0xF739, 0xF739, 0xF739, 0xF739, 0xF739, 0xF739,
    0xF739, 0xF739, 0xF739, 0xF739, 0xF739, 0xF739, 0xF739, 0xF739, 0xF739, 0xF739, 0xF739, 0xF739, 0xF739, 0xF739, 0xF739, 0xF739,
    0xF739, 0xF739, 0xF739, 0xF739, 0xF739, 0xF73A, 0xF73A, 0xF73A, 0xF73A, 0xF73A, 0xF73A, 0xF73A, 0xF73A, 0xF73A, 0xF73A, 0xF73A,
    0xC50F, 0xC50F, 0xC52F, 0xC550, 0x4184, 0x1080, 0x18E2, 0x18E2, 0x1081, 0x1081, 0x1081, 0x1081, 0x0861, 0x1081, 0x2103, 0x18E2,
    0x0860, 0x0860, 0x0860, 0x0860, 0x0861, 0x0861, 0x0861, 0x0861, 0x0861, 0x0861, 0x0861, 0x0861, 0x0861, 0x0861, 0x0860, 0x0840,
    0x0841, 0x0841, 0x0840, 0x0840, 0x0840, 0x0840, 0x0860, 0x0000, 0x41E6, 0xCDF5, 0xDE56, 0xDE97, 0xFFBC, 0xFFFD, 0xFFBC, 0xF79B,
    0xEF1A, 0xF73A, 0xF71A, 0xF77B, 0xFFFD, 0xFFDD, 0xF75A, 0xF75A, 0xF75A, 0xF75A, 0xFF5A, 0xF719, 0xDE56, 0xDE55, 0xEF19, 0xEEF9,
    0xEEF8, 0xEED8, 0xEED8, 0xEED8, 0xEEB8, 0xF719, 0xEE76, 0x9306, 0x8202, 0x8A22, 0x9A63, 0x9263, 0xC44A, 0xCCAB, 0xB366, 0xB325,
    0xCCAB, 0xDD4E, 0xBBE8, 0xC3E8, 0xC408, 0xD469, 0xE50C, 0xED8D, 0xEDAD, 0xED8D, 0xD48A, 0xCC29, 0xCC29, 0xDCEB, 0xE54C, 0xE54B,
    0xE56C, 0xCC69, 0xBBE8, 0xBBC8, 0xB387, 0xB387, 0xC408, 0xC408, 0xD4AA, 0xE54C, 0xED8C, 0xDCEA, 0xD448, 0xE50A, 0xF5AC, 0xEDAD,
    0xF62F, 0xED8D, 0xCC49, 0xC408, 0xDCEC, 0xD52D, 0xE58E, 0xF5EF, 0xE58E, 0xF651, 0xF671, 0xDD2D, 0xDCCB, 0xE56D, 0xEE0F, 0xE58E,
    0xDD0C, 0xD4CB, 0xD4AB, 0xCC69, 0xCC49, 0xD48A, 0xDD0C, 0xDCEB, 0xD48A, 0xD48A, 0xD48A, 0xD46A, 0xD46A, 0xCC69, 0xCC69, 0xCC49,
    0xC408, 0xBBC8, 0xBBC8, 0xBBC8, 0xA306, 0x8A64, 0x8A43, 0x8A43, 0x71E2, 0x7244, 0x82E7, 0x9BEC, 0xA42D, 0xA42D, 0xAC4D, 0xB4CF,
    0xD5D3, 0xD5F4, 0xDDF4, 0xDE14, 0xD5F4, 0xDE55, 0xE697, 0xE677, 0xE676, 0xE697, 0xEED8, 0xEED8, 0xEED8, 0xEEB8, 0xF73A, 0xBCAF,
    0x8B48, 0xFFFC, 0xFF9A, 0xFF7A, 0xFF7A, 0xFF7A, 0xFF7A, 0xFF79, 0xFF5A, 0xFF5A, 0xFF5A, 0xFF5A, 0xFF59, 0xF759, 0xF739, 0xF739,
    0xF739, 0xF739, 0xF739, 0xF739, 0xF739, 0xF739, 0xF739, 0xF739, 0xF739, 0xF719, 0xF719, 0xF719, 0xF739, 0xF739, 0xF739, 0xF739,
    0xF739, 0xF739, 0xF739, 0xF739, 0xF739, 0xF739, 0xF739, 0xF739, 0xF739, 0xF739, 0xF739, 0xF739, 0xF739, 0xF739, 0xF739, 0xF739,
    0xF739, 0xF739, 0xF739, 0xF739, 0xF739, 0xF739, 0xF73A, 0xF73A, 0xF739, 0xF739, 0xF73A, 0xF73A, 0xF73A, 0xF73A, 0xF73A, 0xF73A,
    0xC50F, 0xC50F, 0xC50F, 0xC4EF, 0xBCEF, 0x3963, 0x1081, 0x2103, 0x1081, 0x1061, 0x1081, 0x1081, 0x0881, 0x1061, 0x2103, 0x18E2,
    0x0840, 0x0861, 0x0861, 0x0860, 0x0861, 0x0861, 0x0861, 0x0861, 0x0861, 0x0861, 0x0861, 0x0861, 0x0860, 0x0861, 0x0860, 0x0840,
    0x0841, 0x0840, 0x0840, 0x0840, 0x0840, 0x0020, 0x2944, 0xB574, 0xA4F1, 0xC5B4, 0xDE56, 0xEED8, 0xF77B, 0xFFDD, 0xFFFD, 0xFFDD,
    0xFFBC, 0xF75A, 0xF73A, 0xF73A, 0xF75B, 0xF77B, 0xF75A, 0xF73A, 0xF75A, 0xF75A, 0xF75A, 0xFF7A, 0xEED8, 0xDE56, 0xDE35, 0xDE56,
    0xDE36, 0xE656, 0xEE97, 0xEEB7, 0xDDF4, 0xBCAF, 0xCD50, 0xD52E, 0xB3A8, 0x9A83, 0xAB05, 0xAB25, 0xAB25, 0xD4EC, 0xC449, 0xBB86,
    0xBBA7, 0xD4EC, 0xE54D, 0xC428, 0xCC6A, 0xCC69, 0xDD0C, 0xED8D, 0xEDCE, 0xEDEE, 0xD4AA, 0xCC28, 0xD449, 0xD489, 0xE50B, 0xE54B,
    0xE52C, 0xE54C, 0xC449, 0xBBE8, 0xBBA7, 0xAB86, 0xC3E8, 0xC408, 0xD4AA, 0xE54C, 0xE56C, 0xDCEA, 0xD468, 0xDCA9, 0xED6C, 0xEDAD,
    0xFE91, 0xEDAD, 0xD4AA, 0xCC48, 0xDCEC, 0xDD6E, 0xE58E, 0xE56E, 0xEE10, 0xF6D3, 0xEE10, 0xDD2D, 0xDD4D, 0xF692, 0xE5AF, 0xDCCB,
    0xDCCB, 0xD4CB, 0xDD0C, 0xDCEC, 0xDD2C, 0xED8E, 0xDCCB, 0xD48A, 0xD4AA, 0xD48A, 0xD48A, 0xD48A, 0xD4AA, 0xDCCA, 0xD489, 0xC408,
    0xC3E8, 0xBBE8, 0xBBC7, 0xB3A8, 0x92A4, 0x8A64, 0x8A43, 0x8243, 0x7A23, 0x7A44, 0x82E7, 0x9BCB, 0x9BEC, 0xA42D, 0xAC4D, 0xBCCF,
    0xD5B3, 0xDDF4, 0xD5F4, 0xDE14, 0xDE14, 0xDE35, 0xE656, 0xE676, 0xE676, 0xE677, 0xE697, 0xEED8, 0xEED8, 0xEED8, 0xF6F9, 0xD5B4,
    0xAC8E, 0xB4CE, 0xEEF7, 0xFF9A, 0xFF7A, 0xFF7A, 0xFF79, 0xFF7A, 0xFF5A, 0xFF5A, 0xFF5A, 0xFF5A, 0xFF59, 0xF759, 0xF739, 0xF739,
    0xF739, 0xF739, 0xF739, 0xF739, 0xF739, 0xF739, 0xF739, 0xF739, 0xF739, 0xF719, 0xF719, 0xF739, 0xF739, 0xF719, 0xF719, 0xF739,
    0xF739, 0xF739, 0xF739, 0xF739, 0xF739, 0xF739, 0xF739, 0xF739, 0xF739, 0xF739, 0xF739, 0xF739, 0xF739, 0xF739, 0xF739, 0xF719,
    0xF719, 0xF739, 0xF739, 0xF739, 0xF739, 0xF739, 0xF739, 0xF739, 0xF73A, 0xF739, 0xF73A, 0xF73A, 0xF73A, 0xF73A, 0xF73A, 0xF73A,
    0xC50F, 0xC50F, 0xC50F, 0xC50F, 0xCD30, 0x3963, 0x10A1, 0x2103, 0x18A2, 0x10A1, 0x1081, 0x1081, 0x1061, 0x0861, 0x10A1, 0x2102,
    0x18C2, 0x0861, 0x0861, 0x0861, 0x0861, 0x0861, 0x0861, 0x0861, 0x0861, 0x0861, 0x0861, 0x0861, 0x0860, 0x0861, 0x0861, 0x0860,
    0x0840, 0x0840, 0x0840, 0x0840, 0x0840, 0x0040, 0x18E3, 0x942F, 0xEEF9, 0xE698, 0xDE77, 0xE6B8, 0xE6F9, 0xFFBC, 0xFFFD, 0xFFFD,
    0xFFFD, 0xF75A, 0xF739, 0xF73A, 0xF73A, 0xF73A, 0xF75A, 0xF73A, 0xF73A, 0xF75A, 0xF719, 0xF719, 0xEEB7, 0xE6B7, 0xCDD3, 0x936A,
    0x936A, 0xCDB3, 0xDE35, 0xDE35, 0xDE14, 0x8AA6, 0x8A84, 0x9B06, 0x9AC5, 0xB366, 0xB3A7, 0xAB25, 0xBB87, 0xBBC8, 0xD54D, 0xD4EC,
    0xBBA6, 0xD4CB, 0xE58E, 0xCC89, 0xCC69, 0xD46A, 0xE52C, 0xE58D, 0xEDCD, 0xF5EE, 0xDCEA, 0xE52B, 0xDCCA, 0xCC48, 0xDCCA, 0xE54C,
    0xE54C, 0xE56C, 0xCC49, 0xC408, 0xBBC7, 0xB387, 0xC3E8, 0xC408, 0xD489, 0xE54B, 0xE54C, 0xDCCA, 0xD469, 0xD489, 0xED4C, 0xEDAD,
    0xFE70, 0xF670, 0xEDCE, 0xD489, 0xDD0C, 0xEE10, 0xE58E, 0xE58E, 0xEE10, 0xF6B4, 0xE5AF, 0xEE30, 0xF6B3, 0xEDF0, 0xDD4D, 0xDD2C,
    0xDD2C, 0xE56D, 0xE5CE, 0xEDCF, 0xF630, 0xEDEE, 0xE54C, 0xDD0C, 0xCC6A, 0xD46A, 0xD4CB, 0xE58D, 0xDD2C, 0xD4AA, 0xD469, 0xCC49,
    0xCC49, 0xCC29, 0xBBA7, 0xB387, 0xB387, 0xB387, 0xA305, 0x9AC4, 0xA2E5, 0x8A84, 0x8285, 0x7A65, 0x8AE7, 0xA44E, 0xA44D, 0xBCF0,
    0xC551, 0xD5B3, 0xDDF4, 0xDE14, 0xDE15, 0xD5F4, 0xDE14, 0xDE56, 0xE676, 0xE677, 0xE697, 0xEED8, 0xEED8, 0xEED8, 0xEED8, 0xF73A,
    0xE697, 0x7A85, 0xE696, 0xFFBB, 0xFF7A, 0xFF7A, 0xFF7A, 0xFF7A, 0xFF7A, 0xFF7A, 0xFF5A, 0xFF5A, 0xFF5A, 0xF759, 0xF739, 0xF739,
    0xF739, 0xF739, 0xF739, 0xF739, 0xF739, 0xF719, 0xF739, 0xF719, 0xF719, 0xF719, 0xF719, 0xF719, 0xF719, 0xF719, 0xF739, 0xF739,
    0xF739, 0xF739, 0xF739, 0xF739, 0xF739, 0xF739, 0xF739, 0xF739, 0xF739, 0xF739, 0xF739, 0xF739, 0xF739, 0xF739, 0xF719, 0xF719,
    0xF719, 0xF719, 0xF739, 0xF739, 0xF739, 0xF739, 0xF739, 0xF739, 0xF73A, 0xF73A, 0xF73A, 0xF73A, 0xF73A, 0xF73A, 0xF73A, 0xF73A,
    0xC50F, 0xC50F, 0xC50F, 0xC50F, 0xC52F, 0x3963, 0x10A1, 0x2923, 0x2102, 0x18E2, 0x1081, 0x0861, 0x0860, 0x0861, 0x1081, 0x2123,
    0x2103, 0x0860, 0x0861, 0x0860, 0x0861, 0x0861, 0x0861, 0x0861, 0x0861, 0x0861, 0x0861, 0x0861, 0x0860, 0x0861, 0x0861, 0x0860,
    0x0840, 0x0840, 0x0840, 0x0840, 0x0840, 0x0840, 0x0000, 0x5268, 0xF739, 0xEED8, 0xDE57, 0xEED8, 0xFFBC, 0xFFDD, 0xFFFD, 0xF79B,
    0xF75A, 0xF73A, 0xF71A, 0xF73A, 0xF73A, 0xF75A, 0xF73A, 0xF75A, 0xF73A, 0xEEF9, 0xE697, 0xE697, 0xE697, 0xEED8, 0xC572, 0x6162,
    0x69E4, 0xBCEF, 0xD5B2, 0xD571, 0xD570, 0xC4AC, 0xC46B, 0xC46A, 0xC4AB, 0xD50D, 0xD50D, 0xBBE9, 0xB3C7, 0xC409, 0xCC6A, 0xE58E,
    0xCC69, 0xCC08, 0xE5AE, 0xE54D, 0xCC28, 0xD469, 0xDCCB, 0xE52C, 0xEDAD, 0xEDCD, 0xEDCD, 0xF5CE, 0xDCCA, 0xD448, 0xDCCA, 0xDD0A,
    0xDD2B, 0xED8C, 0xE54C, 0xDD0B, 0xB3C8, 0xB3A7, 0xBBC8, 0xD4AA, 0xD4EA, 0xE52B, 0xDCCA, 0xDC89, 0xD469, 0xDCA9, 0xED6C, 0xEDAD,
    0xFE70, 0xFE70, 0xEDAD, 0xD448, 0xDD0C, 0xEDCE, 0xDD0C, 0xEDEF, 0xEE11, 0xF693, 0xEE52, 0xF6B3, 0xF671, 0xE54D, 0xDD2C, 0xE54D,
    0xDD2C, 0xDD6D, 0xEDEF, 0xEDEF, 0xE58E, 0xD4AB, 0xDD0C, 0xEDCE, 0xEDEF, 0xDD2C, 0xDCEB, 0xDD0B, 0xD4CA, 0xD4AA, 0xD4AA, 0xD4AA,
    0xD489, 0xCC69, 0xC408, 0xBBE8, 0xB386, 0xB386, 0xB387, 0xB387, 0xAB46, 0x9AE5, 0x8AA5, 0x8A64, 0x9307, 0xA40C, 0xAC4E, 0xB4AF,
    0xB4AF, 0xCD92, 0xDE14, 0xD5B3, 0xDDF4, 0xDE14, 0xDE14, 0xDE15, 0xDE56, 0xEEB7, 0xEED8, 0xEED8, 0xEED8, 0xEED8, 0xEED8, 0xEEF9,
    0xDE55, 0x82E6, 0xE6B7, 0xFFBB, 0xFF7A, 0xFF7A, 0xFF7A, 0xFF7A, 0xFF7A, 0xFF7A, 0xFF7A, 0xFF7A, 0xFF5A, 0xFF59, 0xF739, 0xF739,
    0xF739, 0xF739, 0xF739, 0xF739, 0xF739, 0xF719, 0xF719, 0xF719, 0xF719, 0xF719, 0xF719, 0xF719, 0xF739, 0xF719, 0xF739, 0xF739,
    0xF739, 0xF739, 0xF739, 0xF719, 0xF739, 0xF739, 0xF739, 0xF739, 0xF739, 0xF739, 0xF739, 0xF719, 0xF719, 0xF719, 0xF719, 0xF719,
    0xF739, 0xF739, 0xF739, 0xF738, 0xF739, 0xF739, 0xF739, 0xF739, 0xF73A, 0xF75A, 0xF75A, 0xF73A, 0xF73A, 0xF73A, 0xF73A, 0xF73A,
    0xC50F, 0xC50F, 0xC50F, 0xC50F, 0xC50F, 0x3963, 0x18A1, 0x2923, 0x2103, 0x20E2, 0x10A1, 0x1081, 0x1081, 0x0860, 0x1081, 0x2123,
    0x2103, 0x1081, 0x0860, 0x0860, 0x0861, 0x0861, 0x0861, 0x0861, 0x0861, 0x0861, 0x0861, 0x0861, 0x0861, 0x0860, 0x0860, 0x0840,
    0x0840, 0x0840, 0x0840, 0x0840, 0x0020, 0x18A2, 0x41E6, 0x83CD, 0xE697, 0xE697, 0xEEF9, 0xE6F8, 0xFFBC, 0xFFBC, 0xF79C, 0xF73A,
    0xEEF9, 0xF719, 0xF719, 0xF73A, 0xF73A, 0xF73A, 0xF75A, 0xF75A, 0xF73A, 0xE697, 0xE697, 0xE697, 0xE676, 0xE676, 0xCD72, 0x9349,
    0x9B69, 0x7A65, 0x7A45, 0x9AA4, 0x9AA4, 0x9AC4, 0x9AC4, 0xB386, 0xB366, 0xB366, 0xB387, 0xD4EC, 0xE5AE, 0xD50C, 0xCC6A, 0xD4CC,
    0xE54D, 0xCC69, 0xDD0C, 0xE5AE, 0xD4AA, 0xCC49, 0xCC28, 0xDCCA, 0xEDCD, 0xEDAD, 0xEDAD, 0xF5CE, 0xDCCA, 0xD448, 0xDCA9, 0xDCCA,
    0xDD0B, 0xEDAC, 0xEDCD, 0xE54B, 0xBBE8, 0xBBC7, 0xBBE8, 0xD4CB, 0xDD0B, 0xE50B, 0xDCEA, 0xD489, 0xD448, 0xDD0A, 0xF60E, 0xF60E,
    0xFE70, 0xFE70, 0xEDCE, 0xD489, 0xDCA9, 0xDCCA, 0xDD2C, 0xEE10, 0xEE52, 0xF6B3, 0xFEF4, 0xF6B3, 0xEDEF, 0xE52C, 0xE54D, 0xE52C,
    0xE58D, 0xEDEE, 0xF670, 0xF62F, 0xCCAB, 0xC44A, 0xE52C, 0xE54C, 0xE58D, 0xEDCE, 0xDD0C, 0xD48A, 0xD48A, 0xDD2C, 0xE52C, 0xD4AA,
    0xD469, 0xD469, 0xD489, 0xCC49, 0xC408, 0xC428, 0xBBE8, 0xBBC7, 0xAB46, 0xA346, 0xA326, 0x9AE5, 0x92C5, 0x8AE7, 0xAC6E, 0xB48F,
    0xB4AF, 0xC531, 0xC571, 0xC551, 0xD5D3, 0xDE14, 0xD5F4, 0xDE15, 0xDE56, 0xEEB7, 0xEED8, 0xEED8, 0xEEB8, 0xEED8, 0xEED8, 0xEEF9,
    0xDE35, 0x82C6, 0xE6B7, 0xFFBB, 0xFF7A, 0xFF7A, 0xFF7A, 0xFF7A, 0xFF7A, 0xFF7A, 0xFF7A, 0xFF7A, 0xFF5A, 0xFF59, 0xF739, 0xF739,
    0xF739, 0xF739, 0xF739, 0xF739, 0xF739, 0xF739, 0xF739, 0xF739, 0xF739, 0xF739, 0xF739, 0xF739, 0xF739, 0xF739, 0xF719, 0xF739,
    0xF739, 0xF739, 0xF739, 0xF739, 0xF719, 0xF739, 0xF739, 0xF739, 0xF739, 0xF739, 0xF739, 0xF719, 0xF719, 0xF719, 0xF719, 0xF719,
    0xF719, 0xF739, 0xF739, 0xF719, 0xF719, 0xF739, 0xF739, 0xF739, 0xF739, 0xF739, 0xF73A, 0xF73A, 0xF73A, 0xF75A, 0xF75A, 0xF75A,
    0xC50F, 0xC50F, 0xC50F, 0xC50F, 0xC50F, 0x3963, 0x1080, 0x20E2, 0x2103, 0x2103, 0x2103, 0x2103, 0x18E2, 0x0860, 0x0860, 0x10A1,
    0x2103, 0x18E2, 0x0860, 0x0861, 0x0861, 0x0861, 0x0861, 0x0861, 0x0861, 0x0861, 0x0861, 0x0861, 0x0861, 0x0861, 0x0860, 0x0840,
    0x0840, 0x0840, 0x0840, 0x0840, 0x0000, 0x2964, 0xD615, 0xD5F5, 0xD615, 0xE6D8, 0xFFDC, 0xFFBC, 0xFFDD, 0xF79B, 0xEEF9, 0xF719,
    0xF71A, 0xF719, 0xF719, 0xF73A, 0xF6F9, 0xE677, 0xEED8, 0xEF19, 0xEEF9, 0xE697, 0xEE97, 0xDE35, 0xD5F4, 0xCDB2, 0x9BAA, 0x71E3,
    0x7204, 0x6962, 0x7162, 0x9A84, 0xA2C4, 0xA2C4, 0xA2C4, 0xB366, 0xBBA7, 0xBB87, 0xB366, 0xB386, 0xCC6A, 0xD4EC, 0xDD2D, 0xDD0C,
    0xE56D, 0xE54D, 0xCC49, 0xE5AE, 0xDD6D, 0xCC08, 0xCC49, 0xD4AA, 0xE56C, 0xEDAD, 0xEDCD, 0xF5CE, 0xDCCA, 0xD448, 0xDCAA, 0xDCEA,
    0xE50B, 0xED4B, 0xEDCD, 0xDD2B, 0xBC08, 0xBBE8, 0xC3E8, 0xBBE8, 0xD489, 0xE50B, 0xE54B, 0xD4A9, 0xD448, 0xDCEA, 0xF60E, 0xF62F,
    0xFE70, 0xFE50, 0xF62F, 0xE56D, 0xD469, 0xD489, 0xDD2C, 0xEE31, 0xF6D4, 0xFED4, 0xFED4, 0xF6B3, 0xF630, 0xE54D, 0xE52C, 0xEDCF,
    0xF671, 0xF691, 0xF650, 0xEDAE, 0xED6D, 0xE56D, 0xED6D, 0xED4C, 0xDCAB, 0xDCCB, 0xE54D, 0xEDCE, 0xE56D, 0xDD0B, 0xD4CA, 0xD48A,
    0xD46A, 0xCC69, 0xCC49, 0xCC49, 0xCC69, 0xCC69, 0xCC49, 0xCC49, 0xCC69, 0xD4AA, 0xC428, 0x92C4, 0x9AE5, 0x92C5, 0x8AC6, 0x936A,
    0xBCF0, 0xB4AF, 0xBCF0, 0xC531, 0xD5D3, 0xDE14, 0xD5F4, 0xDE15, 0xE656, 0xE697, 0xEEB7, 0xEEB8, 0xEEB8, 0xEEB8, 0xEEB8, 0xEEF9,
    0xDE35, 0x82C6, 0xE6B7, 0xFFBB, 0xFF79, 0xFF7A, 0xFF7A, 0xFF7A, 0xFF5A, 0xFF5A, 0xFF5A, 0xFF7A, 0xFF5A, 0xFF59, 0xF759, 0xF739,
    0xF739, 0xF739, 0xF739, 0xF739, 0xF739, 0xF739, 0xF739, 0xF739, 0xF739, 0xF739, 0xF739, 0xF739, 0xF739, 0xF739, 0xF739, 0xF739,
    0xF739, 0xF739, 0xF739, 0xF719, 0xF719, 0xF739, 0xF739, 0xF739, 0xF739, 0xF739, 0xF719, 0xF719, 0xF719, 0xF719, 0xF719, 0xF719,
    0xF719, 0xF719, 0xF719, 0xF719, 0xF739, 0xF739, 0xF739, 0xF739, 0xF739, 0xF739, 0xF75A, 0xF75A, 0xF75A, 0xF75A, 0xF75A, 0xF75A,
    0xC50F, 0xC50F, 0xC50F, 0xC50F, 0xC50F, 0xB4CE, 0x72E9, 0x0000, 0x20E2, 0x2123, 0x2103, 0x2103, 0x20E2, 0x10A1, 0x1081, 0x0840,
    0x18E2, 0x2102, 0x1081, 0x0861, 0x0861, 0x0861, 0x0861, 0x0860, 0x0861, 0x0861, 0x0861, 0x0861, 0x0861, 0x0861, 0x0860, 0x0840,
    0x0840, 0x0840, 0x0840, 0x0840, 0x0000, 0x2944, 0xCDD4, 0xD615, 0xD615, 0xDE97, 0xEF39, 0xF75A, 0xF75A, 0xF73A, 0xEEF9, 0xF719,
    0xF719, 0xF719, 0xF719, 0xF739, 0xEEF8, 0xD5F5, 0xDE15, 0xDE56, 0xE656, 0xE656, 0xE676, 0xDDF4, 0xD5D4, 0xA40C, 0x69A3, 0x7161,
    0x79C2, 0x81E2, 0x81E2, 0x9A83, 0xAB05, 0xAB25, 0xAB05, 0xA2C4, 0xBBA7, 0xD48A, 0xCC69, 0xC428, 0xCC49, 0xCC6A, 0xE56E, 0xE56D,
    0xEDCE, 0xEDEF, 0xD4CB, 0xCCAB, 0xE58E, 0xD489, 0xCC28, 0xD469, 0xDCEA, 0xF64F, 0xFE90, 0xF60E, 0xEDCD, 0xED6B, 0xF5CD, 0xE52B,
    0xE4EA, 0xE52B, 0xF5CD, 0xE56C, 0xD48A, 0xC428, 0xBBE8, 0xBBE8, 0xD489, 0xE50B, 0xE54C, 0xD489, 0xCC48, 0xDCEA, 0xF60E, 0xFE70,
    0xFE71, 0xFE70, 0xFE91, 0xE56D, 0xD469, 0xDCAA, 0xDCAA, 0xEDF0, 0xFED4, 0xF6B4, 0xF6D4, 0xF6D3, 0xEE0F, 0xE56D, 0xEE0F, 0xF691,
    0xF691, 0xF650, 0xEDEF, 0xEDCE, 0xEDAE, 0xEDAD, 0xEDAD, 0xEDCE, 0xEDAE, 0xEDAD, 0xE56D, 0xDD2C, 0xE52C, 0xDCEB, 0xD4AA, 0xCC89,
    0xD48A, 0xD4AA, 0xD4CA, 0xD4CA, 0xD4AA, 0xD4AA, 0xD4AA, 0xD4AA, 0xD4AA, 0xD4CA, 0xD4AA, 0xCC8A, 0xBC08, 0x92A4, 0x8A85, 0x8B49,
    0xC531, 0xBCD0, 0xBD10, 0xC531, 0xD5D4, 0xDE15, 0xD5F4, 0xDE14, 0xDE35, 0xDE35, 0xE656, 0xEEB8, 0xEED8, 0xEED8, 0xEED8, 0xEEF9,
    0xDE35, 0x82A6, 0xE6B7, 0xFF9B, 0xFF7A, 0xFF9A, 0xFF7A, 0xFF9A, 0xFFDB, 0xFFBB, 0xFF7A, 0xFF59, 0xFF59, 0xF739, 0xF739, 0xF739,
    0xF739, 0xF739, 0xF739, 0xF739, 0xF739, 0xF739, 0xF739, 0xF739, 0xF739, 0xF739, 0xF739, 0xF739, 0xF739, 0xF739, 0xF739, 0xF739,
    0xF739, 0xF739, 0xF739, 0xF739, 0xF739, 0xF739, 0xF739, 0xF739, 0xF739, 0xF739, 0xF739, 0xF739, 0xF719, 0xF718, 0xF718, 0xF719,
    0xF719, 0xF719, 0xF719, 0xF739, 0xF739, 0xF739, 0xF739, 0xF739, 0xF739, 0xF739, 0xF75A, 0xF75A, 0xF75A, 0xF75A, 0xF75A, 0xF75A,
    0xC50F, 0xC50F, 0xC50F, 0xC50F, 0xC50F, 0xCD70, 0xB4AE, 0x7B29, 0x20E2, 0x0820, 0x18A1, 0x18C2, 0x20E2, 0x2103, 0x18E2, 0x18C2,
    0x18C2, 0x10C1, 0x1081, 0x0840, 0x0860, 0x0860, 0x0860, 0x0860, 0x0860, 0x0860, 0x0860, 0x0861, 0x0861, 0x0861, 0x0860, 0x0840,
    0x0840, 0x0840, 0x0840, 0x0840, 0x0020, 0x2944, 0xCDF4, 0xD615, 0xD615, 0xD615, 0xDE77, 0xEED9, 0xEED8, 0xEED8, 0xEEF8, 0xEEF8,
    0xF719, 0xFF9B, 0xFF7B, 0xEEF8, 0xE6B7, 0xDE15, 0xDE15, 0xDE15, 0xDE35, 0xE635, 0xAC6D, 0xB4AF, 0xB44D, 0x7A24, 0x6940, 0x8A43,
    0x9A84, 0x9A83, 0x9A83, 0x9AA4, 0xA2E5, 0xBBC7, 0xBBC7, 0xBB87, 0xBB87, 0xCC49, 0xCC8A, 0xD4AA, 0xDD2C, 0xEDEF, 0xE5CF, 0xE58E,
    0xEE10, 0xF650, 0xEDCF, 0xCC8A, 0xDCEB, 0xDD2C, 0xD449, 0xD469, 0xDCEB, 0xFE90, 0xFEB1, 0xFE70, 0xFE90, 0xF5CD, 0xF60E, 0xE52B,
    0xE4EA, 0xE50B, 0xF5CD, 0xED8C, 0xDCCA, 0xCC28, 0xC3E8, 0xC408, 0xD489, 0xE50A, 0xE54C, 0xDCCA, 0xD489, 0xDCEA, 0xF60E, 0xFE70,
    0xFE71, 0xFE70, 0xFEB1, 0xE54C, 0xD448, 0xDCAA, 0xDC89, 0xEDF0, 0xFEF4, 0xF6B4, 0xF6D4, 0xF672, 0xF630, 0xF651, 0xFE91, 0xF691,
    0xF671, 0xF671, 0xF60F, 0xF630, 0xF691, 0xF691, 0xF691, 0xF671, 0xF630, 0xEDCE, 0xE54C, 0xDCEB, 0xDD0C, 0xDD2C, 0xDD0B, 0xDCEB,
    0xD4CA, 0xDD0B, 0xDD2B, 0xDD2B, 0xDD2B, 0xDD2B, 0xDD0B, 0xDD0B, 0xDD2C, 0xDD0B, 0xD4EB, 0xDD0B, 0xD4CA, 0xCC6A, 0x9B26, 0x8286,
    0x9328, 0xAC2C, 0xBD31, 0xC531, 0xD5F4, 0xDE15, 0xDDF4, 0xDE14, 0xDE15, 0xDE15, 0xE676, 0xE697, 0xEE97, 0xEEB8, 0xEEB8, 0xEEF9,
    0xDE35, 0x82C6, 0xEED7, 0xFFBB, 0xFF9A, 0xF759, 0xFF9A, 0xEF18, 0xCDB2, 0xCDB2, 0xEEF7, 0xFF7A, 0xFF9B, 0xFF9A, 0xFF9A, 0xFF7A,
    0xF739, 0xF739, 0xF739, 0xF739, 0xF739, 0xF739, 0xF739, 0xF739, 0xF739, 0xF739, 0xF739, 0xF739, 0xF739, 0xF739, 0xF739, 0xF739,
    0xF739, 0xF739, 0xF739, 0xF739, 0xF739, 0xF739, 0xF739, 0xF739, 0xF739, 0xF719, 0xF719, 0xF719, 0xF719, 0xF718, 0xF718, 0xF718,
    0xF719, 0xF719, 0xF719, 0xF719, 0xF739, 0xF739, 0xF739, 0xF739, 0xF739, 0xF739, 0xF73A, 0xF75A, 0xF75A, 0xF75A, 0xF75A, 0xF75A,
    0xC50F, 0xC50F, 0xC50F, 0xC50F, 0xC50F, 0xC50F, 0xC52F, 0xD570, 0x836A, 0x7309, 0x2923, 0x0000, 0x10A1, 0x18E2, 0x2103, 0x2943,
    0x18C2, 0x1081, 0x1081, 0x1061, 0x0881, 0x0860, 0x0861, 0x0861, 0x0860, 0x0860, 0x0861, 0x0861, 0x0861, 0x0861, 0x0860, 0x0840,
    0x0840, 0x0840, 0x0840, 0x0860, 0x0000, 0x2103, 0xCDF5, 0xD5F5, 0xDE56, 0xE697, 0xEEB8, 0xEEF9, 0xEED9, 0xEED9, 0xEED9, 0xEEF9,
    0xF739, 0xFFFD, 0xF77B, 0xEED8, 0xEEF8, 0xE676, 0xB46E, 0xCD72, 0xDE14, 0xDE14, 0xAC4D, 0x9348, 0x69A2, 0x7181, 0x7982, 0x8A03,
    0xA2E4, 0xA2C4, 0x9AA4, 0xA2E4, 0xAB26, 0xBBA7, 0xC3C8, 0xC3E8, 0xC3E8, 0xBBC7, 0xC429, 0xD4AB, 0xDD2C, 0xE58E, 0xEDEF, 0xEDF0,
    0xE5AF, 0xF610, 0xF651, 0xE58E, 0xCC6A, 0xE5AE, 0xD48A, 0xD469, 0xDCEB, 0xFE71, 0xFE91, 0xFED2, 0xFED1, 0xF5AC, 0xF60E, 0xE52B,
    0xE4EA, 0xE50A, 0xEDAD, 0xEDAD, 0xDCEA, 0xC428, 0xC3E8, 0xC3E8, 0xD469, 0xE4EB, 0xED6C, 0xDCEA, 0xDCAA, 0xDCEA, 0xF5ED, 0xFE70,
    0xFE70, 0xFE70, 0xFE91, 0xF630, 0xDCCA, 0xD449, 0xD489, 0xEE10, 0xFEF4, 0xF6D4, 0xF6B4, 0xF630, 0xFE91, 0xFF13, 0xFEB2, 0xF671,
    0xF671, 0xF671, 0xF692, 0xFED3, 0xFEF3, 0xFF13, 0xF671, 0xF650, 0xF670, 0xF670, 0xF670, 0xF670, 0xF630, 0xEDAD, 0xDCEA, 0xD4EA,
    0xDD0B, 0xDD0B, 0xDD0B, 0xDD2B, 0xDD2B, 0xDD2B, 0xE56C, 0xE56D, 0xE56D, 0xE54C, 0xDD4C, 0xDD4C, 0xDD0C, 0xDD2C, 0xC46A, 0x9B47,
    0x71C2, 0xAC0C, 0xC572, 0xC530, 0xC571, 0xD5D3, 0xDE14, 0xDE14, 0xDE15, 0xDE35, 0xDE56, 0xE656, 0xE676, 0xEEB8, 0xEED8, 0xEEF9,
    0xDE35, 0x7A85, 0xD5F3, 0xEEB6, 0xE675, 0xD5D2, 0xE654, 0xBD0F, 0x8284, 0x8AC5, 0xE673, 0xF717, 0xD5F3, 0xDE14, 0xD5F3, 0xE676,
    0xFF59, 0xF739, 0xF739, 0xF739, 0xF739, 0xF739, 0xF739, 0xF739, 0xF739, 0xF739, 0xF739, 0xF739, 0xF739, 0xF739, 0xF739, 0xF739,
    0xF739, 0xF739, 0xF739, 0xF739, 0xF739, 0xF739, 0xF739, 0xF739, 0xF719, 0xF719, 0xF719, 0xF719, 0xF718, 0xF718, 0xF719, 0xF719,
    0xF719, 0xF719, 0xF719, 0xF739, 0xF739, 0xF739, 0xF739, 0xF739, 0xF739, 0xF739, 0xF739, 0xF739, 0xF73A, 0xF73A, 0xF75A, 0xF75A,
    0xC50F, 0xC50F, 0xC50F, 0xC50F, 0xC50F, 0xC50F, 0xC50F, 0xC50F, 0xCD50, 0xD5B1, 0x836A, 0x5206, 0x3143, 0x1061, 0x2103, 0x2923,
    0x20E2, 0x18C2, 0x18C2, 0x18E2, 0x10C2, 0x0861, 0x0860, 0x0861, 0x0860, 0x0860, 0x0860, 0x0861, 0x0861, 0x0861, 0x0860, 0x0860,
    0x0840, 0x0860, 0x0040, 0x0000, 0x3165, 0x5A88, 0xCDB4, 0xDE15, 0xEEF8, 0xEEF8, 0xEEF9, 0xEED9, 0xEEF9, 0xEEF9, 0xEEF9, 0xEEF9,
    0xF719, 0xF77B, 0xF77B, 0xF73A, 0xFF5A, 0xE676, 0xA3EC, 0xC531, 0xE656, 0xDE35, 0xBC8E, 0x6141, 0x9283, 0x9AC4, 0x9AA4, 0x9AA4,
    0xA2E4, 0xA2C4, 0xAB46, 0xB366, 0xB387, 0xB387, 0xBBC7, 0xBBC8, 0xC3E8, 0xC3E8, 0xC3E8, 0xD4AA, 0xE52C, 0xDCEB, 0xE5AE, 0xF671,
    0xF651, 0xF631, 0xF630, 0xF630, 0xE54D, 0xE54C, 0xDD0B, 0xD469, 0xDCEB, 0xFE91, 0xFE91, 0xFEF2, 0xFEF2, 0xEDEE, 0xFEB0, 0xEDAD,
    0xE50A, 0xE50A, 0xED8C, 0xF60E, 0xEDCD, 0xC428, 0xC3C7, 0xC408, 0xD489, 0xDCCA, 0xED6C, 0xDCEA, 0xE52B, 0xF5CE, 0xF5EE, 0xFE70,
    0xFE71, 0xFE71, 0xFE71, 0xFED2, 0xDD0B, 0xCBE7, 0xD489, 0xE5AD, 0xF672, 0xFEF4, 0xFED4, 0xF692, 0xFEB2, 0xFF14, 0xF6B2, 0xF651,
    0xF671, 0xF671, 0xF671, 0xF692, 0xF691, 0xF691, 0xF650, 0xEE0F, 0xEE30, 0xEE30, 0xEE30, 0xEDEF, 0xDD4C, 0xDCEB, 0xDCEA, 0xDCEA,
    0xDCEA, 0xDD2B, 0xDD2B, 0xDD2B, 0xE54C, 0xE54C, 0xE56C, 0xE56D, 0xE56C, 0xE54C, 0xE54C, 0xDD6C, 0xDD2C, 0xD50C, 0xE56D, 0xC48B,
    0x8AA5, 0xA3EB, 0xB48E, 0xC531, 0xBD10, 0xCD93, 0xDE15, 0xDE14, 0xDE15, 0xDE35, 0xE676, 0xE677, 0xE697, 0xEED8, 0xEED8, 0xEEF9,
    0xDE56, 0x8B08, 0x7A65, 0x8265, 0x8265, 0x8A85, 0x7A44, 0x9306, 0xDD6D, 0xCCEB, 0xD54E, 0xBC8C, 0x8244, 0x8AA6, 0x7A23, 0xC4EF,
    0xFFBB, 0xFF59, 0xFF59, 0xF739, 0xF739, 0xF739, 0xF759, 0xF739, 0xF739, 0xF739, 0xF739, 0xF739, 0xF739, 0xF739, 0xF739, 0xF739,
    0xF739, 0xF739, 0xF739, 0xF739, 0xF739, 0xF739, 0xF739, 0xF719, 0xF719, 0xF719, 0xF719, 0xF719, 0xF719, 0xF719, 0xF719, 0xF719,
    0xF719, 0xF719, 0xF739, 0xF739, 0xF739, 0xF739, 0xF739, 0xF739, 0xF739, 0xF739, 0xF739, 0xF739, 0xF739, 0xF739, 0xF75A, 0xF75A,
    0xBCEF, 0xC50F, 0xC50F, 0xC50F, 0xC50F, 0xC50F, 0xC50F, 0xC50F, 0xBD0F, 0xBD0F, 0xC52F, 0xD5B1, 0x6AC8, 0x1060, 0x18A1, 0x2923,
    0x2943, 0x2903, 0x2102, 0x2102, 0x1081, 0x0860, 0x0860, 0x0840, 0x0861, 0x0860, 0x0861, 0x0861, 0x0861, 0x0861, 0x0860, 0x0860,
    0x0860, 0x0020, 0x2924, 0x7BAD, 0xA4B0, 0xACD0, 0xC5B4, 0xD636, 0xEED8, 0xEEF8, 0xEEF9, 0xEEF9, 0xEED9, 0xEEF9, 0xEEF9, 0xF6F9,
    0xEEF9, 0xEF19, 0xFF7B, 0xFF5A, 0xF719, 0xE697, 0xD5B3, 0xCD72, 0xEE97, 0xDDF3, 0x92E5, 0x9AC4, 0xA2C4, 0x9AC4, 0xA2C4, 0xA2E4,
    0xA2E4, 0xA2E4, 0xB346, 0xBBC8, 0xBBA7, 0xBBC7, 0xBBA7, 0xBBE8, 0xCC6A, 0xCC29, 0xCC29, 0xD4CB, 0xDD0C, 0xDCEB, 0xE58E, 0xF630,
    0xFE92, 0xFEF3, 0xF671, 0xF610, 0xEDEF, 0xEDCE, 0xD4AA, 0xD469, 0xDCCA, 0xEDEF, 0xFE91, 0xFED2, 0xFEF2, 0xFEF2, 0xFF12, 0xEDAD,
    0xE4EA, 0xE50A, 0xED8C, 0xF60E, 0xF5EE, 0xE52C, 0xC408, 0xC408, 0xD489, 0xDCEA, 0xED6C, 0xDCEA, 0xE52B, 0xF62F, 0xF62F, 0xFE71,
    0xFE71, 0xFE71, 0xFE71, 0xFEB1, 0xDD0B, 0xCBE7, 0xD4AA, 0xE56C, 0xF651, 0xFEF5, 0xF6B3, 0xFED4, 0xFEF4, 0xF6F4, 0xFED3, 0xFF13,
    0xFF14, 0xFF14, 0xFF55, 0xEE10, 0xB3E8, 0xCCCB, 0xF650, 0xEE0F, 0xEE0F, 0xEDEF, 0xEDCF, 0xEDCE, 0xE5AD, 0xDCEB, 0xDCAA, 0xDCEA,
    0xDD0B, 0xE52B, 0xDD2B, 0xE52C, 0xE54C, 0xE56C, 0xE56C, 0xE56C, 0xE56C, 0xE5AD, 0xE5AE, 0xE5AE, 0xE5AE, 0xE5AE, 0xDD6D, 0xD52C,
    0xE56E, 0x7A44, 0x7A86, 0xCD92, 0xC531, 0xC572, 0xCDB3, 0xDE15, 0xDE15, 0xDE55, 0xE677, 0xEED8, 0xF6D9, 0xEED8, 0xEED8, 0xEED8,
    0xF719, 0xD5D3, 0x8284, 0xA387, 0xABC8, 0x92E6, 0xABA8, 0xCCCB, 0xDD6C, 0xD4EC, 0x82A6, 0x8285, 0xC48A, 0xD52C, 0xCCEB, 0x8B07,
    0x8B28, 0x9307, 0xA40B, 0xFF9A, 0xFFBB, 0xFF7A, 0xF739, 0xF739, 0xF739, 0xF739, 0xF739, 0xF739, 0xF739, 0xF739, 0xF739, 0xF739,
    0xF739, 0xF739, 0xF739, 0xF739, 0xF739, 0xF739, 0xF739, 0xF739, 0xF739, 0xF719, 0xF719, 0xF719, 0xF719, 0xF719, 0xF719, 0xF719,
    0xF739, 0xF739, 0xF739, 0xF739, 0xF739, 0xF739, 0xF739, 0xF739, 0xF739, 0xF739, 0xF739, 0xF739, 0xF739, 0xF739, 0xF739, 0xF759,
    0xC50F, 0xC50F, 0xC50F, 0xC50F, 0xC50F, 0xC50F, 0xC50F, 0xC50F, 0xC52F, 0xC52F, 0xBD0F, 0xC50F, 0xB4AE, 0xB4AE, 0x836A, 0x0820,
    0x18C2, 0x3143, 0x2923, 0x2922, 0x20E2, 0x18E2, 0x18C2, 0x1081, 0x0860, 0x0860, 0x0860, 0x0860, 0x0860, 0x0860, 0x0860, 0x0860,
    0x0860, 0x0000, 0x39C6, 0xD636, 0xCDD5, 0xCDD4, 0xCDF5, 0xD615, 0xE677, 0xEEF9, 0xEED8, 0xEEF9, 0xF77B, 0xF79B, 0xF71A, 0xEEF9,
    0xEEF9, 0xF75A, 0xFF9B, 0xF75A, 0xE676, 0xE676, 0xE655, 0xCD92, 0xBCF0, 0x9B8A, 0x9284, 0xA2E4, 0xA2C4, 0xA2E5, 0xA305, 0xA2E5,
    0xA305, 0xAB25, 0xB346, 0xC408, 0xC408, 0xC408, 0xC408, 0xC408, 0xCC6A, 0xDCEB, 0xE54C, 0xE54D, 0xE56D, 0xE58E, 0xEDEF, 0xEE0F,
    0xF692, 0xFEF4, 0xFED3, 0xF691, 0xEDEF, 0xEE0F, 0xDD2C, 0xDCA9, 0xD468, 0xE54C, 0xFE71, 0xFED1, 0xFEF2, 0xFEF2, 0xFEF2, 0xF650,
    0xE56C, 0xE50B, 0xE52B, 0xEDCC, 0xF62E, 0xE56C, 0xC3E8, 0xC408, 0xD489, 0xED6C, 0xED6C, 0xE50B, 0xE52B, 0xF60F, 0xEDEE, 0xFE50,
    0xFE91, 0xFE91, 0xFE71, 0xFE91, 0xDD0B, 0xC3E7, 0xD4AA, 0xE56D, 0xF672, 0xF6D4, 0xF6B3, 0xF6D4, 0xFED5, 0xFF76, 0xDDD0, 0x93AA,
    0x7B6A, 0x836A, 0x7B6A, 0x8B69, 0xAB67, 0xAB87, 0xB3E8, 0xB3A8, 0xBBE8, 0xD4CA, 0xD4CA, 0xD4CA, 0xD4CA, 0xD489, 0xD489, 0xDCEA,
    0xDD0B, 0xE50B, 0xDD0B, 0xDCEB, 0xDD2B, 0xE54C, 0xE56C, 0xE54C, 0xE54C, 0xE5AE, 0xEDCE, 0xEDCE, 0xEDCE, 0xEDEE, 0xE58E, 0xDD2D,
    0xDD6D, 0xABC9, 0x9328, 0xAC2C, 0xC551, 0xC552, 0xCD93, 0xDE14, 0xDE35, 0xE676, 0xE677, 0xEEB8, 0xEED8, 0xEED8, 0xEED8, 0xEED8,
    0xF73A, 0xCDB3, 0x9305, 0xDD4C, 0xD50C, 0xCCAA, 0xD50B, 0xDD6D, 0xDD4C, 0xDD2C, 0xCCCB, 0xCCEB, 0xDD4C, 0xDD6C, 0xDD4D, 0xA367,
    0x9B26, 0xA346, 0xABC8, 0xC50F, 0xBCCE, 0xD5D2, 0xFFBB, 0xFF9B, 0xFF9A, 0xF759, 0xF739, 0xF739, 0xF739, 0xF739, 0xF739, 0xF739,
    0xF739, 0xF739, 0xF739, 0xF739, 0xF739, 0xF739, 0xF739, 0xF739, 0xF739, 0xF739, 0xF739, 0xF719, 0xF719, 0xF719, 0xF719, 0xF719,
    0xF739, 0xF739, 0xF739, 0xF739, 0xF739, 0xF739, 0xF739, 0xF739, 0xF739, 0xF739, 0xF739, 0xF739, 0xF739, 0xF739, 0xF739, 0xF759,
    0xC50F, 0xC50F, 0xC50F, 0xC50F, 0xC50F, 0xC50F, 0xC50F, 0xC50F, 0xC50F, 0xC50F, 0xC50F, 0xC50F, 0xC50F, 0xCD4F, 0xB4AE, 0x6AC8,
    0x3964, 0x1061, 0x1081, 0x1081, 0x2102, 0x2102, 0x2102, 0x18A1, 0x0840, 0x0860, 0x0861, 0x0861, 0x0861, 0x0860, 0x0020, 0x0020,
    0x0860, 0x0000, 0x3185, 0xC5D5, 0xC5B4, 0xDE36, 0xE677, 0xDE77, 0xE6B8, 0xEEF9, 0xEED9, 0xEEF9, 0xF79B, 0xFFDC, 0xF73A, 0xEEF9,
    0xF75A, 0xFF9B, 0xF75A, 0xEED8, 0xE676, 0xE656, 0xDE15, 0xD592, 0xA40C, 0x71C1, 0x9AA3, 0x9A83, 0x9A83, 0x9AA4, 0xA346, 0xA305,
    0xA2E5, 0xB386, 0xC408, 0xC3E8, 0xC408, 0xC408, 0xC3E8, 0xCC49, 0xD4EB, 0xE58E, 0xDD6D, 0xDD4D, 0xE610, 0xF6D3, 0xF6B2, 0xF692,
    0xF6B2, 0xFED3, 0xFEF3, 0xFED3, 0xEE30, 0xEDEF, 0xF64F, 0xDD0A, 0xD448, 0xE56C, 0xF690, 0xFED1, 0xFEF2, 0xFEF2, 0xFEF2, 0xFF12,
    0xEDEE, 0xE50B, 0xE52A, 0xED8C, 0xF64F, 0xEDAD, 0xC428, 0xCC28, 0xD489, 0xED8C, 0xED8C, 0xF60E, 0xF5EE, 0xF60F, 0xE58D, 0xEDEE,
    0xFE91, 0xFE91, 0xF650, 0xEE0F, 0xD4CA, 0xC3E7, 0xD4CA, 0xEDCF, 0xF693, 0xF6D4, 0xF6B4, 0xFF55, 0xE632, 0x93CB, 0x7AE7, 0x2060,
    0x0000, 0x0800, 0x0000, 0x1000, 0x30C1, 0x28C1, 0x5142, 0xA284, 0x9A84, 0xBBA7, 0xBBC7, 0xCC28, 0xCC68, 0xCC69, 0xD469, 0xDCEA,
    0xE50B, 0xDCEB, 0xDD0B, 0xDD0B, 0xE52C, 0xE54C, 0xE54C, 0xE54C, 0xE56C, 0xEDCE, 0xEDCE, 0xEDCE, 0xEDCE, 0xE5CE, 0xE5CE, 0xE58E,
    0xDD2D, 0xE5CF, 0xABA9, 0x82A6, 0xCD92, 0xC572, 0xCD93, 0xDDF4, 0xDE35, 0xE697, 0xE697, 0xE697, 0xEEB8, 0xEED8, 0xEED8, 0xEED8,
    0xF73A, 0xCDB3, 0x9306, 0xDD2C, 0xD4CB, 0xD50B, 0xDD2C, 0xDD4D, 0xDD4C, 0xDD4C, 0xE56D, 0xDD6C, 0xDD4C, 0xDD4C, 0xDD4C, 0xE58D,
    0xE58D, 0xEDCE, 0xCCCB, 0x8A64, 0x8A64, 0x9B89, 0xCD92, 0xC531, 0xCDD3, 0xFF5A, 0xFF59, 0xFF59, 0xFF59, 0xF739, 0xF739, 0xF739,
    0xF739, 0xF739, 0xF739, 0xF739, 0xF739, 0xF739, 0xF739, 0xF739, 0xF739, 0xF739, 0xF719, 0xF719, 0xF719, 0xF719, 0xF739, 0xF739,
    0xF739, 0xF739, 0xF739, 0xF739, 0xF739, 0xF739, 0xF739, 0xF739, 0xF739, 0xF739, 0xF739, 0xF739, 0xF739, 0xF739, 0xF759, 0xF739,
    0xC50F, 0xC50F, 0xC50F, 0xC50F, 0xC50F, 0xC50F, 0xC50F, 0xC50F, 0xC50F, 0xC50F, 0xC50F, 0xC4EF, 0xBCEF, 0xBCEF, 0xBCEF, 0xD591,
    0x7B29, 0x18A2, 0x3123, 0x2903, 0x18C2, 0x18C1, 0x18C1, 0x20E2, 0x18C2, 0x18C2, 0x18A1, 0x18A1, 0x1081, 0x1081, 0x5AC9, 0x4A67,
    0x0840, 0x0840, 0x3185, 0xC5D5, 0xC5D4, 0xDE77, 0xE6B8, 0xE698, 0xE6B8, 0xEED8, 0xEEB8, 0xEEF9, 0xFFBC, 0xFFDC, 0xF73A, 0xF73A,
    0xF77A, 0xF75A, 0xEED8, 0xDE56, 0xDE15, 0xD5D4, 0xD5F4, 0xAC6D, 0x8AE7, 0x8A43, 0x9A83, 0x9263, 0x9263, 0x9243, 0x9AA4, 0xB387,
    0xB366, 0xB366, 0xC408, 0xC3E8, 0xC3E8, 0xBBA7, 0xD4CB, 0xEDCE, 0xE58D, 0xDD4C, 0xE56D, 0xE56D, 0xE58D, 0xE5AE, 0xF671, 0xFED4,
    0xF6B3, 0xFED4, 0xFED4, 0xFEF4, 0xF6B2, 0xEE30, 0xEE2F, 0xDCEA, 0xD448, 0xE54C, 0xF670, 0xFED1, 0xFED2, 0xFEF2, 0xFED2, 0xFEF2,
    0xF60E, 0xE52B, 0xE52B, 0xED8C, 0xF64F, 0xEDCE, 0xD4A9, 0xCC69, 0xD469, 0xED6C, 0xEDAD, 0xF64F, 0xEDCE, 0xED8E, 0xED8D, 0xEDCE,
    0xFE91, 0xF650, 0xEDEE, 0xEDEF, 0xDCEB, 0xCC29, 0xDD0C, 0xF651, 0xF6D4, 0xF6D4, 0xF6B4, 0xB4CE, 0x7B09, 0x0000, 0x0820, 0x1060,
    0x39C4, 0x4A25, 0x4A24, 0x3142, 0x20C1, 0x1060, 0x2881, 0x6183, 0x9264, 0xA2A4, 0x9AA4, 0xC408, 0xD469, 0xD469, 0xD469, 0xD4A9,
    0xDCEA, 0xE52B, 0xE52B, 0xE54C, 0xE54C, 0xE54C, 0xE54C, 0xE54C, 0xE54C, 0xE56C, 0xE58D, 0xE5AE, 0xE5CE, 0xE5CE, 0xE5CE, 0xEDCF,
    0xDD4D, 0xDD6D, 0xB3E9, 0x9327, 0xAC2C, 0xC572, 0xCD93, 0xD5D4, 0xDE14, 0xE676, 0xE697, 0xE697, 0xE676, 0xEEB8, 0xEED8, 0xEED8,
    0xF739, 0xCD92, 0x8AC5, 0xCCCB, 0xD4EB, 0xCCEB, 0xD50B, 0xD52C, 0xD52C, 0xDD2C, 0xDD4C, 0xDD4C, 0xDD4C, 0xDD4C, 0xD50C, 0xD50C,
    0xDD4C, 0xDD4C, 0xDD4C, 0xDD6D, 0xE5AE, 0xABA8, 0x7223, 0x7A03, 0x9368, 0xFF7A, 0xFF5A, 0xFF59, 0xF759, 0xF759, 0xF739, 0xF739,
    0xF739, 0xF739, 0xF739, 0xF739, 0xF739, 0xF739, 0xF739, 0xF739, 0xF739, 0xF739, 0xF739, 0xF739, 0xF739, 0xF739, 0xF739, 0xF739,
    0xF739, 0xF739, 0xF739, 0xF739, 0xF739, 0xF739, 0xF739, 0xF739, 0xF739, 0xF739, 0xF739, 0xF739, 0xF739, 0xF739, 0xF739, 0xF759,
    0xC50F, 0xC50F, 0xC50F, 0xC50F, 0xC50F, 0xC50F, 0xC4EF, 0xBCEE, 0xBCEF, 0xBCEF, 0xBCEE, 0xBCEE, 0xBCEE, 0xBCEE, 0xBCEE, 0xBCCE,
    0xBCCF, 0xB4CF, 0xC50F, 0xA48E, 0x18A1, 0x1081, 0x18A1, 0x18E2, 0x20E2, 0x20E2, 0x18C1, 0x18C1, 0x1081, 0x18A1, 0x8C4F, 0x6B2A,
    0x3164, 0xB511, 0xB511, 0xC5B4, 0xC5D4, 0xCDD4, 0xD636, 0xE6B8, 0xE698, 0xE698, 0xE677, 0xEEF9, 0xFFBC, 0xFFBC, 0xFFBC, 0xFFBC,
    0xF75A, 0xE697, 0xE677, 0xD615, 0xD5D4, 0xCD93, 0xCD71, 0x8B28, 0x71A1, 0x9AA4, 0x9AA4, 0x9AA4, 0xA2E4, 0xA2E4, 0x9AA4, 0xA305,
    0xBBC7, 0xC408, 0xC408, 0xC3E8, 0xCC28, 0xD4EB, 0xD4EB, 0xD4AA, 0xD4AA, 0xE56D, 0xE5AD, 0xE5AD, 0xEDAD, 0xEDAD, 0xEDCD, 0xF62F,
    0xFEF3, 0xFEF4, 0xFED4, 0xFED4, 0xFEF4, 0xF6B2, 0xF650, 0xDCEA, 0xD468, 0xD488, 0xEDCE, 0xFE91, 0xFED2, 0xFED2, 0xFED2, 0xFED2,
    0xFEB1, 0xE56C, 0xEDAD, 0xF62E, 0xF62F, 0xEDCD, 0xD489, 0xD4AA, 0xCC68, 0xED8C, 0xF62F, 0xF62F, 0xEDAD, 0xE56D, 0xED8D, 0xEDCE,
    0xFED2, 0xF62F, 0xE56D, 0xEDEF, 0xDD6E, 0xE5B0, 0xE5CF, 0xF673, 0xF694, 0xE632, 0xD590, 0x28E2, 0x0000, 0x20E2, 0x2942, 0x2102,
    0x39A3, 0x41E4, 0x4A04, 0x5A85, 0x62C6, 0x3983, 0x1840, 0x1840, 0x69C3, 0x8A24, 0xA2A5, 0xA2C4, 0xBB86, 0xD449, 0xCC48, 0xD489,
    0xDCCA, 0xDCEA, 0xDCCA, 0xDCCA, 0xD4CA, 0xDD0B, 0xE56C, 0xE56C, 0xE54C, 0xE54C, 0xE54C, 0xEDAE, 0xEDCE, 0xE5CE, 0xE5CE, 0xE5CF,
    0xE5CF, 0xDD8E, 0xDD8F, 0xCCAC, 0x8A85, 0xC552, 0xCD93, 0xD5D4, 0xDDF4, 0xE676, 0xE697, 0xE697, 0xE676, 0xE6B7, 0xEEF8, 0xEED8,
    0xF739, 0xCDD3, 0x6A04, 0x7A85, 0xCCCB, 0xCCCB, 0xCCCB, 0xCCAA, 0xC48A, 0xCCCB, 0xDD4D, 0xDD4C, 0xDD4C, 0xDD4D, 0xCCCB, 0xD4EB,
    0xDD4C, 0xDD4C, 0xDD4C, 0xDD4D, 0xDD4D, 0xD52C, 0xD50C, 0xDD4D, 0xBC6B, 0x82C7, 0x8AE8, 0x9308, 0x8AE7, 0xCD71, 0xFF9B, 0xF739,
    0xF739, 0xF739, 0xF739, 0xF739, 0xF739, 0xF739, 0xF739, 0xF739, 0xF739, 0xF739, 0xF739, 0xF739, 0xF739, 0xF739, 0xF739, 0xF739,
    0xF739, 0xF739, 0xF739, 0xF739, 0xF739, 0xF739, 0xF739, 0xF739, 0xF739, 0xF739, 0xF739, 0xF739, 0xF739, 0xF739, 0xF75A, 0xF759,
    0xC50F, 0xC50F, 0xC50F, 0xBCEF, 0xBCEF, 0xBCEF, 0xBCEE, 0xBCEF, 0xBCEF, 0xBCEE, 0xBCEE, 0xBCEE, 0xBCEE, 0xBCEE, 0xBCEF, 0xBCEE,
    0xBCEF, 0xBCEF, 0xBCEF, 0xBCEE, 0xAC6D, 0xB4AE, 0x93EC, 0x1060, 0x1060, 0x1881, 0x10A1, 0x1081, 0x0840, 0x1060, 0x1040, 0x0820,
    0x8C0E, 0xCDF4, 0xC5B4, 0xCDD4, 0xD615, 0xD5F5, 0xDE36, 0xE698, 0xE698, 0xE698, 0xE697, 0xE697, 0xE698, 0xF77B, 0xFFDC, 0xEEF9,
    0xE676, 0xE656, 0xDE55, 0xD5D4, 0xCDB3, 0xDDD4, 0x8AE8, 0x6982, 0x8A43, 0x9AA3, 0xA2C4, 0xA305, 0xAB45, 0xAB45, 0xA2E4, 0xA2E5,
    0xAB25, 0xC3E7, 0xC428, 0xC3E8, 0xCC8A, 0xDD4C, 0xCCAA, 0xCC89, 0xD48A, 0xCC8A, 0xE56D, 0xEDCD, 0xEDAD, 0xE5AD, 0xEDAD, 0xF60E,
    0xF670, 0xFED3, 0xFEF4, 0xFEF4, 0xFED4, 0xFEF4, 0xFEB2, 0xDCC9, 0xDC88, 0xD468, 0xEDAD, 0xF670, 0xF670, 0xFED2, 0xFED2, 0xFEB2,
    0xFED1, 0xE54C, 0xEDAD, 0xF64F, 0xF62F, 0xEDCE, 0xDCEA, 0xDCCA, 0xD469, 0xE56C, 0xF60E, 0xF650, 0xEDAE, 0xE56D, 0xEDAD, 0xEDCE,
    0xF630, 0xEDCE, 0xE56D, 0xEE10, 0xEE32, 0xEE53, 0xEE53, 0xEE53, 0xE611, 0xDDB1, 0x20A1, 0x18A1, 0x3142, 0x2922, 0x18C1, 0x18A1,
    0x18A1, 0x1080, 0x3163, 0x5AA6, 0x5A65, 0x62C6, 0x6AE6, 0x2081, 0x1820, 0x4922, 0xA2A4, 0x9A84, 0xAB05, 0xB345, 0xBB86, 0xBBA7,
    0xBBA6, 0xC3C7, 0xC3E7, 0xCC08, 0xCC28, 0xD469, 0xD4AA, 0xD4CA, 0xDD2B, 0xE56C, 0xE54C, 0xE56D, 0xE56D, 0xE5AE, 0xE5CF, 0xE5CF,
    0xE5CF, 0xDD6E, 0xE58E, 0xCCAC, 0x9307, 0xD5B2, 0xCD93, 0xD5D3, 0xDE14, 0xE676, 0xE697, 0xE697, 0xE677, 0xE6B7, 0xEEF8, 0xEEF8,
    0xEEF8, 0xF719, 0xBCF0, 0x7244, 0xCCCC, 0xD4CB, 0xCCCB, 0xDD2C, 0xDD4C, 0xDD2C, 0xDD4C, 0xDD4D, 0xDD4C, 0xDD2C, 0xDD4C, 0xDD4C,
    0xDD4C, 0xDD4C, 0xDD4C, 0xDD4C, 0xD52C, 0xD50C, 0xDD6D, 0xDD6D, 0xC48B, 0xA368, 0xAB88, 0xA367, 0x7A03, 0xBCEF, 0xFF7A, 0xF739,
    0xF739, 0xF739, 0xF739, 0xF739, 0xF739, 0xF739, 0xF739, 0xF739, 0xF739, 0xF739, 0xF739, 0xF739, 0xF739, 0xF739, 0xF739, 0xF739,
    0xF739, 0xF739, 0xF739, 0xF739, 0xF739, 0xF739, 0xF739, 0xF739, 0xF739, 0xF739, 0xF739, 0xF739, 0xF739, 0xF739, 0xF739, 0xF739,
    0xC4EF, 0xC4EF, 0xBCEF, 0xBCEE, 0xBCEF, 0xBCEF, 0xBCEE, 0xBCEE, 0xBCEE, 0xBCEE, 0xBCEE, 0xBCEE, 0xBCEE, 0xBCEF, 0xBCEF, 0xBCEF,
    0xBCEF, 0xBCEF, 0xBCEF, 0xBCEF, 0xC50F, 0xC52F, 0xBCCE, 0xA44D, 0x5A67, 0x0000, 0x0000, 0x0000, 0x6287, 0x7B08, 0x838B, 0x942E,
    0xBD73, 0xC5D4, 0xCDD4, 0xDE57, 0xE698, 0xE698, 0xE698, 0xE698, 0xE698, 0xE697, 0xE677, 0xDE77, 0xE677, 0xE677, 0xE677, 0xDE56,
    0xDE35, 0xD5F4, 0xCD92, 0xCDB3, 0xA42D, 0x7245, 0x71E3, 0x8222, 0x8A63, 0x8A43, 0x9243, 0xAB26, 0xBBC7, 0xBB87, 0xB366, 0xB367,
    0xB366, 0xC3C8, 0xC408, 0xCC49, 0xD4AA, 0xCC69, 0xCC69, 0xD4AA, 0xDCEB, 0xDD0B, 0xDD0B, 0xE54C, 0xEDCD, 0xF62F, 0xEE0E, 0xEDEE,
    0xF62F, 0xF691, 0xF6B2, 0xFED3, 0xFF14, 0xFEF4, 0xFEF4, 0xE5EE, 0xD448, 0xD468, 0xDCEA, 0xF62F, 0xF670, 0xFE91, 0xFE91, 0xFEB2,
    0xFEB1, 0xE54C, 0xEDAD, 0xF60E, 0xEDEE, 0xF62F, 0xEDAD, 0xDCCA, 0xD469, 0xD4CA, 0xEDCE, 0xF650, 0xEDCE, 0xEDCE, 0xEDAE, 0xE58D,
    0xE58D, 0xDD2C, 0xE56D, 0xEE10, 0xEE74, 0xEE53, 0xEE53, 0xF674, 0xCD91, 0x5226, 0x1860, 0x20E1, 0x2902, 0x20E2, 0x18C1, 0x18A1,
    0x18C1, 0x18C1, 0x18C1, 0x3163, 0x7B88, 0x83A8, 0x83A8, 0x62A5, 0x20A1, 0x38C1, 0x9AE5, 0xAB46, 0xA2A4, 0xAAE5, 0xB325, 0xB346,
    0xBB66, 0xBB66, 0xBB86, 0xC3E7, 0xC408, 0xCC28, 0xD449, 0xD469, 0xD4AA, 0xD4CA, 0xDCEA, 0xE54C, 0xE56C, 0xE5AE, 0xE5AE, 0xE5CF,
    0xE5CF, 0xE5AF, 0xE5CF, 0xCCEC, 0x8AC6, 0x9BAA, 0xC531, 0xD5D4, 0xDE14, 0xDE35, 0xE656, 0xE676, 0xE676, 0xEEB7, 0xEEF8, 0xEEF8,
    0xEEF8, 0xFF5A, 0xCDB3, 0x7A44, 0xCCCC, 0xCCCB, 0xCCCB, 0xDD2C, 0xDD6C, 0xDD4C, 0xDD4C, 0xDD4D, 0xDD4D, 0xDD6D, 0xDD4C, 0xD50C,
    0xD50C, 0xDD4D, 0xCCAA, 0xC46A, 0xCCCB, 0xCCEB, 0xD4EC, 0xCCCB, 0xCCCC, 0xD50C, 0xD50C, 0xD52C, 0xD52C, 0x9327, 0x8AE7, 0x82C6,
    0xC571, 0xFFBB, 0xF719, 0xF739, 0xF739, 0xF759, 0xF739, 0xF739, 0xF739, 0xF739, 0xF739, 0xF739, 0xF739, 0xF739, 0xF739, 0xF739,
    0xF739, 0xF739, 0xF739, 0xF739, 0xF739, 0xF739, 0xF739, 0xF739, 0xF739, 0xF739, 0xF739, 0xF73A, 0xF739, 0xF739, 0xF739, 0xF73A,
    0xC4EE, 0xBCEE, 0xBCEE, 0xBCEE, 0xBCEE, 0xBCEE, 0xBCEE, 0xBCEE, 0xBCEE, 0xBCEE, 0xBCEE, 0xBCEF, 0xBCEF, 0xBCEF, 0xBCEF, 0xBCEF,
    0xBCEF, 0xBCEF, 0xBCEF, 0xBCEF, 0xBCCF, 0xBCEF, 0xBCEE, 0xCD50, 0x9C0C, 0x5A46, 0x6267, 0x72E8, 0xCD2F, 0x7AC7, 0xCDF4, 0xFFDC,
    0xCDD4, 0xCDD5, 0xCDF5, 0xD636, 0xE677, 0xE698, 0xE698, 0xE698, 0xE697, 0xE697, 0xDE56, 0xDE56, 0xDE56, 0xDE36, 0xDE35, 0xDE35,
    0xDE35, 0xDE35, 0xD5F4, 0xCDB3, 0x9BAB, 0x58E0, 0x6981, 0x8223, 0x8A43, 0x8A43, 0x8202, 0x8A43, 0x9AC4, 0xB366, 0xC3E8, 0xC3E8,
    0xC408, 0xC408, 0xC408, 0xDCCA, 0xCC89, 0xCC69, 0xD48A, 0xD48A, 0xD4CA, 0xD4EA, 0xDD0B, 0xE52C, 0xE56C, 0xF650, 0xFE70, 0xF62F,
    0xF650, 0xFED2, 0xFEB2, 0xFEF3, 0xFF14, 0xFF13, 0xFF14, 0xF651, 0xDD0A, 0xD468, 0xDCA9, 0xEDAD, 0xF60F, 0xF650, 0xF650, 0xF671,
    0xE58D, 0xE50B, 0xEDAD, 0xEDCE, 0xE58D, 0xF670, 0xE5AD, 0xD4AA, 0xCC69, 0xD4CB, 0xE54C, 0xEDEE, 0xF60F, 0xEDEE, 0xEDAE, 0xDD0B,
    0xE54D, 0xDD4C, 0xE54D, 0xEE11, 0xEE53, 0xEE53, 0xEE53, 0xE633, 0x834A, 0x0800, 0x41A3, 0x41C3, 0x18A0, 0x1080, 0x1080, 0x18C1,
    0x18C2, 0x18C1, 0x18A1, 0x18C1, 0x3983, 0x7B88, 0x9429, 0x9429, 0x20A1, 0x1020, 0x7A65, 0xCC4A, 0xBBA7, 0xB326, 0xAAE5, 0xB325,
    0xC3E7, 0xC408, 0xC3E7, 0xCC69, 0xDCEB, 0xD469, 0xCC49, 0xD469, 0xD469, 0xD489, 0xDCCA, 0xE56C, 0xE56D, 0xE5AE, 0xE5AE, 0xE5CF,
    0xE5CF, 0xE5CF, 0xE5CF, 0xE5CF, 0xCCCD, 0x7A24, 0xC510, 0xD5F4, 0xDE14, 0xE656, 0xE656, 0xDE56, 0xE676, 0xE6B7, 0xEED8, 0xEEF8,
    0xEEF8, 0xF759, 0xCD72, 0x7A65, 0xCCCC, 0xCCCB, 0xCCCB, 0xDD2C, 0xDD6C, 0xDD4C, 0xDD4C, 0xDD4D, 0xE56D, 0xDD2C, 0xCCEB, 0xDD4C,
    0xDD4D, 0xD4EB, 0xC44A, 0xBC49, 0xCCAB, 0xCCCB, 0xCCAB, 0xCCAB, 0xCCCB, 0xCCEB, 0xD50C, 0xD52C, 0xDD4C, 0xBC29, 0xB3E8, 0xB429,
    0x9BA9, 0xD614, 0xFFFC, 0xFF7A, 0xF739, 0xF739, 0xF739, 0xF739, 0xF739, 0xF739, 0xF739, 0xF739, 0xF739, 0xF739, 0xF739, 0xF739,
    0xF739, 0xF739, 0xF739, 0xF739, 0xF739, 0xF739, 0xF739, 0xF739, 0xF739, 0xF739, 0xF739, 0xF73A, 0xF73A, 0xF73A, 0xF73A, 0xF73A,
    0xBCEE, 0xBCEE, 0xBCEE, 0xBCEE, 0xBCEF, 0xBCEF, 0xBCEF, 0xBCEF, 0xBCEF, 0xBCEF, 0xBCEF, 0xBCEF, 0xBCEF, 0xBCEF, 0xBCEF, 0xBCEF,
    0xBCEF, 0xBCEF, 0xBCEF, 0xBCEF, 0xBCEF, 0xBCEE, 0xBCEE, 0xBCEE, 0xC50F, 0xCD50, 0xCD50, 0xCD50, 0xCD50, 0x7286, 0xBD52, 0xF79B,
    0xD636, 0xCDF5, 0xD5F5, 0xD615, 0xE677, 0xE698, 0xE698, 0xE698, 0xE677, 0xDE56, 0xE677, 0xE697, 0xE677, 0xDE56, 0xDE36, 0xDE35,
    0xDE35, 0xDE35, 0xDE14, 0xCDB3, 0xA3EB, 0x6981, 0x8202, 0x8222, 0x8202, 0x9AC5, 0xAB66, 0x9AC4, 0x9263, 0x9AA4, 0xA2E5, 0xA2E5,
    0xC3E8, 0xCC29, 0xD48A, 0xCC6A, 0xD469, 0xDD0A, 0xE56B, 0xE52B, 0xDD0B, 0xDCEB, 0xE54C, 0xEDAD, 0xEDEE, 0xF62F, 0xF670, 0xF670,
    0xF671, 0xFF14, 0xFF14, 0xFF14, 0xFEF4, 0xFEF4, 0xFEF4, 0xFEF3, 0xF691, 0xCC88, 0xCC88, 0xEDAD, 0xEDAE, 0xEDAE, 0xEDCE, 0xEDEE,
    0xDD2B, 0xDD0B, 0xED8D, 0xEDAE, 0xE58D, 0xEE0F, 0xE5AD, 0xDCEB, 0xD4CB, 0xDCEC, 0xDD0C, 0xEDCE, 0xF60F, 0xEDCE, 0xE58D, 0xD4EB,
    0xDD2C, 0xE54D, 0xE58E, 0xEE11, 0xEE74, 0xE653, 0xEE94, 0xDDD2, 0x1860, 0x2902, 0x41E3, 0x3983, 0x18C1, 0x39A5, 0x4206, 0x18C1,
    0x18C2, 0x18C1, 0x18C1, 0x18C2, 0x1081, 0x62C6, 0x83E8, 0x9429, 0x6265, 0x1880, 0x61C4, 0xCC8A, 0xED6D, 0xC408, 0xBB66, 0xC3C7,
    0xD489, 0xD489, 0xD489, 0xDCEA, 0xE50B, 0xD4AA, 0xD4AA, 0xD489, 0xD469, 0xD469, 0xDCEB, 0xE5AD, 0xE58D, 0xE5AE, 0xE5AE, 0xE5CF,
    0xE5CF, 0xE5CF, 0xE5CF, 0xEE10, 0xD54E, 0x8264, 0xC510, 0xD5D4, 0xDDF4, 0xE656, 0xE697, 0xE696, 0xE697, 0xE676, 0xE697, 0xEED8,
    0xEED8, 0xF759, 0xCD92, 0x7A65, 0xCCCB, 0xCCCB, 0xD4EB, 0xDD4C, 0xDD6D, 0xDD4C, 0xDD4C, 0xDD4D, 0xDD4C, 0xDD2C, 0xD50C, 0xDD4C,
    0xDD4C, 0xCCAB, 0xC48A, 0xCC8A, 0xCCCB, 0xCCCB, 0xCCCB, 0xCCCB, 0xD52C, 0xD52C, 0xDD2C, 0xD50B, 0xD4EB, 0xDD4C, 0xDD4C, 0xE5AE,
    0xABC8, 0x9368, 0xA42C, 0xBCCF, 0xFF9A, 0xFF7A, 0xFF5A, 0xF739, 0xF739, 0xF739, 0xF739, 0xF739, 0xF739, 0xF739, 0xF739, 0xF739,
    0xF739, 0xF739, 0xF739, 0xF739, 0xF739, 0xF739, 0xF739, 0xF739, 0xF739, 0xF739, 0xF739, 0xF73A, 0xF75A, 0xF73A, 0xF73A, 0xF75A,
    0xBCEF, 0xBCEF, 0xBCEF, 0xBCEE, 0xBCEF, 0xBCEF, 0xBCEF, 0xBCEF, 0xBCEF, 0xBCEF, 0xBCEF, 0xBCEF, 0xBCEF, 0xBCEF, 0xBCEF, 0xBCEF,
    0xBCEF, 0xBCEF, 0xBCEF, 0xBCEF, 0xBCEF, 0xBCEE, 0xBCEE, 0xBCEE, 0xBCEF, 0xBCCF, 0xBCEE, 0xBCEE, 0xC50F, 0x8308, 0x6A66, 0xDEB8,
    0xE6B8, 0xD5F5, 0xD615, 0xD615, 0xE677, 0xE698, 0xE698, 0xE698, 0xE657, 0xDE15, 0xE677, 0xE697, 0xE697, 0xDE56, 0xDE35, 0xDE35,
    0xDE35, 0xDE35, 0xD5F4, 0xBD11, 0x936A, 0x6981, 0x8A23, 0x8222, 0x8222, 0x8A43, 0xB386, 0xBBC7, 0xBBA7, 0xB3A7, 0xB3A7, 0xB3A7,
    0xBBC7, 0xC429, 0xD4AA, 0xCC6A, 0xD48A, 0xDCCA, 0xDD0B, 0xE54C, 0xEDCE, 0xF60E, 0xF60F, 0xEE0F, 0xF691, 0xFED2, 0xFED3, 0xFEF3,
    0xFED3, 0xFED3, 0xFEF3, 0xFEF3, 0xFEF3, 0xFEF3, 0xFED3, 0xFED3, 0xF6B3, 0xEE0F, 0xE56C, 0xE5AE, 0xEDCE, 0xEDAD, 0xEDAE, 0xE54C,
    0xD4EA, 0xDCEB, 0xD4EA, 0xDD2C, 0xE58D, 0xE58D, 0xE58D, 0xDCCB, 0xD4CB, 0xDCEC, 0xDD2C, 0xEDCE, 0xF60F, 0xE5AD, 0xDD2C, 0xD4EB,
    0xD4CB, 0xDD2C, 0xEDD0, 0xEE32, 0xEEB6, 0xEEB6, 0xEE75, 0x7B09, 0x20A1, 0x5224, 0x4A23, 0x3142, 0x2923, 0x73CE, 0x73CE, 0x2964,
    0x18C1, 0x18C2, 0x18C1, 0x18C1, 0x18C2, 0x18A1, 0x62E6, 0xA4AA, 0xACAB, 0x28E1, 0x1840, 0xA388, 0xED4C, 0xDCEB, 0xDCAA, 0xD489,
    0xCC68, 0xD489, 0xDCAA, 0xD4A9, 0xDCEA, 0xE54C, 0xE54C, 0xDCCA, 0xD469, 0xD489, 0xD48A, 0xDCCA, 0xE56C, 0xE5AE, 0xE5AE, 0xE5AE,
    0xE5CF, 0xE5CF, 0xE5CF, 0xEE10, 0xD50D, 0x7A24, 0xCD72, 0xDDF4, 0xDDF4, 0xE656, 0xE697, 0xE696, 0xE696, 0xE676, 0xE697, 0xEEB7,
    0xEED8, 0xF739, 0xC552, 0x7A44, 0xCCCB, 0xCCCB, 0xDD2C, 0xDD4D, 0xDD4C, 0xD4EC, 0xC48B, 0xDD2C, 0xDD4C, 0xDD4C, 0xDD4C, 0xDD4D,
    0xD52C, 0xCCCB, 0xCCCB, 0xCCCB, 0xCCCB, 0xCCCB, 0xCCCB, 0xD4EC, 0xDD4D, 0xCCAB, 0xCCAA, 0xD4EB, 0xD50C, 0xD50C, 0xD50C, 0xD50C,
    0xE56E, 0xA388, 0x71C2, 0x8AE7, 0xDE35, 0xD614, 0xE6B6, 0xFF5A, 0xF739, 0xF739, 0xF739, 0xF739, 0xF739, 0xF739, 0xF739, 0xF739,
    0xF739, 0xF739, 0xF739, 0xF739, 0xF739, 0xF739, 0xF739, 0xF739, 0xF739, 0xF739, 0xF73A, 0xF73A, 0xF75A, 0xF73A, 0xF73A, 0xF75A,
    0xBCEE, 0xBCEE, 0xBCEE, 0xBCEF, 0xBCEF, 0xBCEF, 0xBCEF, 0xBCEF, 0xBCEF, 0xBCEF, 0xBCEF, 0xBCEF, 0xBCEF, 0xBCEF, 0xBCEF, 0xBCEF,
    0xBCEF, 0xBCEF, 0xBCEF, 0xBCEF, 0xBCEF, 0xBCEE, 0xBCEE, 0xBCEE, 0xBCEE, 0xBCEE, 0xBCEE, 0xBCEF, 0xC50F, 0xBCCE, 0x6A24, 0xB48E,
    0xDE77, 0xDE56, 0xDE56, 0xD636, 0xDE36, 0xE698, 0xE698, 0xE698, 0xE697, 0xE656, 0xDE36, 0xDE36, 0xDE36, 0xDE56, 0xDE36, 0xDE35,
    0xDE35, 0xDE15, 0xE655, 0x9349, 0x5941, 0x71C2, 0x8202, 0x8202, 0x8202, 0x8222, 0x9AE4, 0xAB45, 0xBBE7, 0xC3E7, 0xC3E8, 0xBBE7,
    0xC3E8, 0xCC6A, 0xD48A, 0xDCCB, 0xDCCB, 0xD4CB, 0xD4CA, 0xDD0B, 0xEDAD, 0xF60E, 0xF650, 0xFEF3, 0xFEF3, 0xFEF3, 0xF6D3, 0xFEF4,
    0xFF35, 0xFF56, 0xFF56, 0xFF56, 0xFF56, 0xFF35, 0xFF35, 0xFEF4, 0xF693, 0xF693, 0xF652, 0xF653, 0xF632, 0xE5AE, 0xEDAE, 0xE54C,
    0xD4AA, 0xD4AA, 0xD489, 0xD4EB, 0xE58E, 0xE58D, 0xE58D, 0xDD0C, 0xDD0C, 0xDD0C, 0xE54D, 0xEDAE, 0xF5EF, 0xEDEF, 0xDD0C, 0xD4EB,
    0xD4CB, 0xDD2D, 0xE5D0, 0xE612, 0xEED7, 0xEEB7, 0xE696, 0x3123, 0x28E1, 0x5A64, 0x5224, 0x3162, 0x2923, 0x6B8D, 0x73AE, 0x4A48,
    0x1081, 0x18C2, 0x18C1, 0x18C1, 0x18C1, 0x1081, 0x62C6, 0xA4AB, 0xA46B, 0x28C1, 0x1840, 0xA3A8, 0xED6D, 0xDD4D, 0xDCCA, 0xD468,
    0xD4A9, 0xDCCA, 0xDCCA, 0xDCCA, 0xDCEA, 0xE52B, 0xE54B, 0xE50B, 0xDCAA, 0xD469, 0xD469, 0xD469, 0xDD0B, 0xE58D, 0xE5AE, 0xEDCE,
    0xE5CF, 0xE5CF, 0xE5CF, 0xEE10, 0xD52D, 0x8AA6, 0xAC0B, 0xD5B2, 0xDE14, 0xDE35, 0xE676, 0xE697, 0xE697, 0xE6B7, 0xEEB7, 0xEEB7,
    0xF719, 0xBD51, 0x82C7, 0xABA8, 0xCCAB, 0xCCAB, 0xD50C, 0xDD4D, 0xCCAB, 0xC48B, 0xC48B, 0xDD2C, 0xDD4D, 0xDD4C, 0xDD2C, 0xD4EC,
    0xCCAB, 0xCCAB, 0xCCAB, 0xCCCB, 0xCCCB, 0xCCCB, 0xCCCB, 0xCCEB, 0xD4EC, 0xCCAB, 0xCCAB, 0xD4EB, 0xD50C, 0xD50C, 0xD52C, 0xDD2C,
    0xDD4C, 0xDD4D, 0xE56D, 0xB429, 0x71E3, 0x79E3, 0xC510, 0xFF9A, 0xF739, 0xF719, 0xF739, 0xFF59, 0xFF59, 0xF739, 0xF739, 0xF739,
    0xF739, 0xF739, 0xF739, 0xF739, 0xF739, 0xF739, 0xF739, 0xF739, 0xF739, 0xF73A, 0xF73A, 0xF73A, 0xF75A, 0xFF5A, 0xF75A, 0xF75A,
    0xBCEE, 0xBCEE, 0xBCEF, 0xBCEF, 0xBCEF, 0xBCEF, 0xBCEF, 0xBCEF, 0xBCEF, 0xBCEF, 0xBCEF, 0xBCEF, 0xBCEF, 0xBCEF, 0xBCEF, 0xBCEF,
    0xBCEF, 0xBCEF, 0xBCEF, 0xBCEF, 0xBCEF, 0xBCEE, 0xBCEE, 0xBCEE, 0xBCEE, 0xBCEE, 0xBCEE, 0xBCCE, 0xC4EF, 0xB4AD, 0x6A24, 0xAC4C,
    0xE677, 0xDE57, 0xDE57, 0xDE56, 0xDE57, 0xE697, 0xE697, 0xE697, 0xE697, 0xE677, 0xE697, 0xE697, 0xE697, 0xE676, 0xDE56, 0xDE55,
    0xDE14, 0xD5B3, 0xA42C, 0x8286, 0x6981, 0x79E2, 0x8A63, 0x8A43, 0x8222, 0x9AA4, 0xB366, 0xBBC7, 0xBBE8, 0xBBE7, 0xC3E8, 0xC408,
    0xC428, 0xD4CB, 0xDCCB, 0xD4CB, 0xD4AB, 0xDCEB, 0xDD0B, 0xE54C, 0xEDEF, 0xF691, 0xF6B2, 0xFEF4, 0xF6F4, 0xFF14, 0xFF96, 0xDDF0,
    0x7AE7, 0x5226, 0x5226, 0x5226, 0x5226, 0x5A46, 0x49E6, 0xACAE, 0xFF76, 0xEE73, 0xEE74, 0xF6B4, 0xF6B5, 0xEE10, 0xEDAE, 0xE56D,
    0xCCAA, 0xCC89, 0xCC69, 0xD4EB, 0xE56D, 0xE56D, 0xE56D, 0xE56D, 0xE54C, 0xDD0C, 0xE54D, 0xEDCE, 0xEDCE, 0xEDAE, 0xDD0C, 0xDCEB,
    0xD4CB, 0xDD2C, 0xEE31, 0xEE94, 0xEED7, 0xEED7, 0xE696, 0x3964, 0x5204, 0x6AE5, 0x4A24, 0x3182, 0x20E2, 0x4227, 0x3184, 0x1081,
    0x20E2, 0x18C1, 0x18C1, 0x18C1, 0x18C1, 0x1081, 0x62C6, 0xA48B, 0x9C6B, 0x28C1, 0x1840, 0xA388, 0xED4C, 0xF630, 0xDD0C, 0xD469,
    0xDCAA, 0xD489, 0xD4A9, 0xDCEA, 0xDCEB, 0xE52B, 0xE54C, 0xE54B, 0xDCEB, 0xD48A, 0xD469, 0xD469, 0xD469, 0xDD0B, 0xE58D, 0xE5CE,
    0xE5CF, 0xE5CF, 0xE5CF, 0xEDCF, 0xE5EF, 0xDD6E, 0x7A44, 0xC530, 0xDE35, 0xDE15, 0xDE56, 0xEEB7, 0xEEB7, 0xEEB7, 0xEEB7, 0xEEB7,
    0xF739, 0xC572, 0x82A5, 0xCCCB, 0xC48A, 0xC48A, 0xCCAB, 0xCCAB, 0xC46A, 0xCCAB, 0xDD2C, 0xDD4D, 0xDD2D, 0xD50C, 0xDD2C, 0xD52C,
    0xCCEB, 0xCCEB, 0xD4EB, 0xCCCB, 0xCCCB, 0xCCCB, 0xCCCB, 0xCCCB, 0xCCCB, 0xCCCB, 0xCCCB, 0xD4EB, 0xD50C, 0xD4EB, 0xC48A, 0xBC6A,
    0xC46A, 0xC4AA, 0xD52C, 0xCCEB, 0xC48B, 0xCCCC, 0x8AE7, 0x7AA7, 0x7A86, 0xC592, 0xFF9A, 0xF739, 0xFF39, 0xFF5A, 0xFF5A, 0xFF59,
    0xF739, 0xF739, 0xF739, 0xF739, 0xF739, 0xF739, 0xF73A, 0xF73A, 0xF73A, 0xF75A, 0xF75A, 0xF73A, 0xF73A, 0xF75A, 0xFF5A, 0xF75A,
    0xBCEF, 0xBCEF, 0xBCEF, 0xBCEF, 0xBCEF, 0xBCEF, 0xBCEF, 0xBCEF, 0xBCEF, 0xBCEF, 0xBCEF, 0xBCEF, 0xBCEF, 0xBCEF, 0xBCEF, 0xBCEF,
    0xBCEF, 0xBCEF, 0xBCEF, 0xBCEF, 0xBCEF, 0xBCEE, 0xBCEE, 0xBCEE, 0xBCEE, 0xC4EF, 0xC4EF, 0xC4EF, 0xC52F, 0xBCAE, 0x6A24, 0xC531,
    0xE697, 0xDE56, 0xDE57, 0xE677, 0xE677, 0xE677, 0xE677, 0xE677, 0xE697, 0xE697, 0xE697, 0xE697, 0xEE97, 0xE656, 0xDDF4, 0xDDF4,
    0xD5D3, 0xCD51, 0x7A23, 0x6981, 0x71A2, 0x71C1, 0xA325, 0xAB46, 0xA305, 0xAB45, 0xC3E7, 0xC428, 0xC408, 0xC428, 0xCC48, 0xCC49,
    0xCC49, 0xD4CB, 0xDCCB, 0xDD0C, 0xDD2C, 0xE56C, 0xEDAD, 0xEDCE, 0xF670, 0xF6D3, 0xF6F3, 0xF6B3, 0xFED2, 0xBCAC, 0x7329, 0x6266,
    0x2060, 0x0000, 0x0820, 0x0820, 0x0820, 0x0820, 0x0000, 0x2923, 0x5227, 0xB4CE, 0xFED5, 0xEE74, 0xF6D6, 0xF695, 0xF694, 0xEE32,
    0xCCAA, 0xCC69, 0xCC8A, 0xD4AA, 0xDD0B, 0xE58D, 0xE56D, 0xE58D, 0xE56D, 0xDD0C, 0xE54D, 0xE5AD, 0xEDCE, 0xE58D, 0xDD0C, 0xDCEB,
    0xD4CB, 0xDD0C, 0xF653, 0xF6D7, 0xEED7, 0xEED7, 0xEEB6, 0x3943, 0x62A6, 0x7346, 0x4A23, 0x3983, 0x18A0, 0x18C1, 0x18A1, 0x18C1,
    0x5ACA, 0x2943, 0x18A1, 0x18C1, 0x18A1, 0x1081, 0x62C6, 0xA48B, 0x9C6A, 0x20A1, 0x1840, 0xA42B, 0xF650, 0xF650, 0xE56D, 0xD489,
    0xD489, 0xD489, 0xDCAA, 0xDCCA, 0xDCEA, 0xE52B, 0xE56C, 0xE56C, 0xE56C, 0xDCCA, 0xD469, 0xD489, 0xD48A, 0xD48A, 0xE52C, 0xE5CE,
    0xE5CF, 0xE5CF, 0xE5CF, 0xE5CF, 0xE5EF, 0xDD8E, 0x8AA5, 0xCD50, 0xDE35, 0xE656, 0xEE97, 0xE697, 0xEEB7, 0xEEB7, 0xEEB7, 0xEEB7,
    0xEEB7, 0xB4AF, 0x8285, 0xC46A, 0xC48A, 0xC48A, 0xC48A, 0xC48A, 0xC46A, 0xCCAB, 0xDD2C, 0xD50C, 0xCCCB, 0xCCCB, 0xDD4D, 0xDD2C,
    0xDD2C, 0xDD2C, 0xDD4C, 0xD52C, 0xDD4C, 0xD50C, 0xCCCB, 0xD4CB, 0xCCEB, 0xCCEB, 0xD4EB, 0xD4EC, 0xD4EC, 0xCCCB, 0xC48A, 0xBC4A,
    0xBC4A, 0xC46A, 0xD4EB, 0xD50B, 0xDD2C, 0xDD2C, 0xABA8, 0xA387, 0x9B26, 0x9BEB, 0xBD31, 0xC531, 0xF718, 0xF718, 0xF718, 0xF718,
    0xF739, 0xF739, 0xF759, 0xF759, 0xF759, 0xF739, 0xF73A, 0xF73A, 0xF73A, 0xF75A, 0xF73A, 0xF75A, 0xFF5A, 0xFF5A, 0xFF5A, 0xFF5A,
    0xBCEF, 0xBCEF, 0xBCEF, 0xBCEE, 0xBCEF, 0xBCEF, 0xBCEF, 0xBCEF, 0xBCEF, 0xBCEF, 0xBCEF, 0xBCEF, 0xBCEF, 0xBCEF, 0xBCEF, 0xBCEF,
    0xBCEF, 0xBCEF, 0xBCEF, 0xBCEF, 0xBCEF, 0xBCEE, 0xBCEE, 0xBCEE, 0xBCCE, 0xB48D, 0xB48D, 0xB46D, 0x93AA, 0x8B28, 0x6A24, 0xCDB4,
    0xE697, 0xDE56, 0xDE57, 0xE677, 0xE677, 0xE677, 0xE677, 0xE677, 0xE697, 0xE697, 0xE697, 0xE697, 0xEE97, 0xD5D3, 0xBCF0, 0xBCCF,
    0xB48E, 0x9BEC, 0x7A44, 0x71C2, 0x8243, 0x8A83, 0xA325, 0xB346, 0xBBC8, 0xBBE8, 0xC3E8, 0xC3E8, 0xC429, 0xD469, 0xD489, 0xD4AA,
    0xDCCB, 0xDCEB, 0xDCEB, 0xE56D, 0xE5AD, 0xE5AD, 0xEDEE, 0xF650, 0xF650, 0xF650, 0xF650, 0xEDEE, 0xB409, 0x59C4, 0x0000, 0x0820,
    0x1061, 0x2922, 0x3162, 0x3142, 0x3142, 0x3142, 0x2902, 0x1060, 0x0800, 0x20C2, 0x93EB, 0xFEF6, 0xEE95, 0xF6D6, 0xFEF7, 0xEE74,
    0xDD8E, 0xD4EB, 0xCC8A, 0xCC69, 0xD4CA, 0xE58D, 0xE58D, 0xEDCE, 0xE5AE, 0xE58E, 0xE58D, 0xDD6D, 0xEDCF, 0xEDAE, 0xDD2C, 0xD4EB,
    0xDD4D, 0xE5AE, 0xEE53, 0xEED6, 0xEEF7, 0xEED7, 0xEED7, 0x3964, 0x6285, 0x7326, 0x4A23, 0x4A04, 0x20C1, 0x1080, 0x1080, 0x18C1,
    0x41E6, 0x20E2, 0x18A1, 0x18A1, 0x18A1, 0x1060, 0x62A5, 0xA4AB, 0xA48B, 0x20A1, 0x1000, 0xACAD, 0xFF95, 0xF672, 0xF60F, 0xDCAA,
    0xD469, 0xDCAA, 0xDCCA, 0xDCAA, 0xDCAA, 0xE52B, 0xED8C, 0xE56C, 0xE56C, 0xE56C, 0xE54C, 0xD4AA, 0xD4AA, 0xE52C, 0xE54C, 0xE58D,
    0xE5CE, 0xE5CE, 0xE5CF, 0xE5CF, 0xE5EF, 0xDD8E, 0x8285, 0xCD51, 0xDE35, 0xE656, 0xEEB7, 0xE697, 0xE697, 0xE697, 0xE697, 0xEEF8,
    0xCDB3, 0x61C3, 0xA3A8, 0xC46A, 0xC46A, 0xC46A, 0xC46A, 0xC48A, 0xC48A, 0xC48A, 0xC48A, 0xC48B, 0xC46A, 0xC48B, 0xCCCB, 0xCCAB,
    0xD50C, 0xDD2C, 0xD52C, 0xCCEB, 0xCCEB, 0xD4EC, 0xD4EC, 0xCCCC, 0xCCCB, 0xCCCB, 0xC48A, 0xC48B, 0xCCAB, 0xCCAB, 0xCCCB, 0xD4EB,
    0xD4EB, 0xD4EB, 0xD4EB, 0xD4EB, 0xD4EB, 0xD50C, 0xDD4D, 0xE56D, 0xD50C, 0x7A44, 0x61C3, 0x8B08, 0xD5D3, 0xD614, 0xDE14, 0xDE35,
    0xEED8, 0xF739, 0xF718, 0xF718, 0xF739, 0xF739, 0xF73A, 0xF75A, 0xF75A, 0xF75A, 0xF75A, 0xF75A, 0xFF5A, 0xF75A, 0xFF5A, 0xF75A,
    0xBCEE, 0xBCEE, 0xBCEE, 0xBCEE, 0xBCEF, 0xBCEF, 0xBCEF, 0xBCEF, 0xBCEF, 0xBCEF, 0xBCEF, 0xBCEF, 0xBCEF, 0xBCEF, 0xBCEF, 0xBCEF,
    0xBCEF, 0xBCEF, 0xBCEF, 0xBCEE, 0xBCEF, 0xC50F, 0xC50F, 0xC530, 0xC4EF, 0x7AA6, 0x7265, 0x7265, 0x6A24, 0x6A04, 0x6A24, 0xCDB3,
    0xE697, 0xDE56, 0xDE56, 0xDE76, 0xE677, 0xE677, 0xE677, 0xE677, 0xE697, 0xE697, 0xE697, 0xE697, 0xDE56, 0xD615, 0xCD93, 0xBD10,
    0xAC6E, 0x9BCB, 0x7A44, 0x71A1, 0x9AE5, 0xB366, 0xAB45, 0xBBC7, 0xC408, 0xC408, 0xC428, 0xCC49, 0xD469, 0xD489, 0xD489, 0xD4CA,
    0xDD0B, 0xE54C, 0xE56C, 0xE58D, 0xE58D, 0xE58D, 0xF650, 0xF691, 0xF650, 0xF64F, 0xDD8D, 0xBC29, 0x3902, 0x1020, 0x18A1, 0x41C4,
    0x3983, 0x2902, 0x20E1, 0x20E1, 0x20E1, 0x20E1, 0x20E1, 0x3142, 0x3183, 0x18C1, 0x28E2, 0x7309, 0xFF37, 0xF6F7, 0xF6F7, 0xF6D6,
    0xEE94, 0xE5F0, 0xD4EB, 0xCC69, 0xD4CA, 0xDD4C, 0xE56D, 0xEDEF, 0xEDAE, 0xE5AE, 0xE58D, 0xDD6D, 0xEDCF, 0xE58D, 0xE56D, 0xDD0C,
    0xDD4D, 0xE5D0, 0xEE73, 0xEED7, 0xEEF7, 0xF6F8, 0xE696, 0x3964, 0x62A6, 0x8BC8, 0x5264, 0x62A4, 0x3142, 0x1060, 0x1081, 0x1080,
    0x1060, 0x18A1, 0x18A1, 0x18A1, 0x18A1, 0x2902, 0x6B06, 0xA4AA, 0xACCB, 0x1861, 0x3102, 0xBD0E, 0xFF13, 0xF651, 0xDD0B, 0xD468,
    0xDC89, 0xDCA9, 0xDCAA, 0xE50B, 0xE52B, 0xE54C, 0xED6C, 0xE56C, 0xED6D, 0xE54C, 0xE52B, 0xDCCA, 0xDCCA, 0xE54B, 0xE54C, 0xE54C,
    0xE58D, 0xE58E, 0xE5AE, 0xE5AE, 0xEDEF, 0xDD6E, 0x8284, 0xD592, 0xDE35, 0xE656, 0xEEB7, 0xE697, 0xE697, 0xE697, 0xE697, 0xEEB8,
    0xCDB3, 0x6A03, 0xB409, 0xC46A, 0xB409, 0xABC8, 0xBC29, 0xC48A, 0xC48A, 0xC48A, 0xC48A, 0xC48B, 0xC46A, 0xBC4A, 0xBC4A, 0xBC4A,
    0xC48A, 0xCCCB, 0xCCAB, 0xCC8B, 0xCCAB, 0xCCCB, 0xCCCB, 0xC48B, 0xC48B, 0xC48B, 0xC48B, 0xC48A, 0xC48A, 0xC46A, 0xC48A, 0xD4CB,
    0xCCAB, 0xCCAB, 0xD4EB, 0xD4EB, 0xC48B, 0xC48B, 0xCCAB, 0xD4EB, 0xD4EB, 0xCCCB, 0xD50D, 0x7A85, 0xA42C, 0xF6F7, 0xE675, 0xDE54,
    0xD614, 0xD5F3, 0xD5F3, 0xD5F3, 0xEED7, 0xFF5A, 0xF759, 0xFF5A, 0xF75A, 0xF75A, 0xF75A, 0xF75A, 0xFF5A, 0xFF5A, 0xFF5A, 0xF75A,
    0xBCEF, 0xBCEF, 0xBCEF, 0xBCEE, 0xBCEF, 0xBCEF, 0xBCEF, 0xBCEF, 0xBCEF, 0xBCEF, 0xBCEF, 0xBCEF, 0xBCEF, 0xBCEF, 0xBCEF, 0xBCEF,
    0xBCEF, 0xC50F, 0xC50F, 0xC510, 0xBCCE, 0x9BCA, 0x9BAA, 0x93A9, 0x9389, 0x7AA5, 0x7A85, 0x7A85, 0x7AA6, 0x7A85, 0x6A24, 0xCD93,
    0xDE57, 0xDE56, 0xE697, 0xE697, 0xE677, 0xE677, 0xE677, 0xDE77, 0xE677, 0xEE98, 0xEE98, 0xEEB7, 0xE656, 0xDE35, 0xE656, 0xC551,
    0xB4AF, 0x8B08, 0x79E3, 0x71A1, 0x9AC4, 0xAB46, 0xB386, 0xCC69, 0xD469, 0xD489, 0xD489, 0xD48A, 0xD489, 0xD48A, 0xD48A, 0xD4AA,
    0xD4AA, 0xD4EB, 0xDD2C, 0xE58D, 0xF62F, 0xF630, 0xF650, 0xF650, 0xF650, 0xEDAD, 0xBC29, 0x2060, 0x1860, 0x28E1, 0x5A86, 0x5A65,
    0x3161, 0x18C1, 0x1080, 0x10A0, 0x10A1, 0x1081, 0x18A1, 0x2101, 0x41C3, 0x5244, 0x2902, 0x18A1, 0x83CC, 0xF717, 0xFF38, 0xFF38,
    0xF717, 0xEE72, 0xDD6D, 0xCC69, 0xD48A, 0xD4CB, 0xE56D, 0xEDEF, 0xEDCE, 0xEE0F, 0xE58D, 0xDD2C, 0xEDEF, 0xEDEF, 0xE56E, 0xDD4D,
    0xDD4D, 0xEE11, 0xEE95, 0xEED7, 0xEEF8, 0xF739, 0xBD30, 0x3102, 0x2902, 0xA48C, 0x6B05, 0x5A64, 0x41C3, 0x1040, 0x1080, 0x1080,
    0x18A1, 0x18A1, 0x18A1, 0x1881, 0x0820, 0x62C5, 0x83C8, 0xA4AA, 0xA48B, 0x0000, 0x9C0B, 0xFF54, 0xFED3, 0xE54C, 0xD468, 0xD489,
    0xD489, 0xD489, 0xDCEA, 0xED4C, 0xED6C, 0xE52B, 0xDD0B, 0xED8D, 0xED8D, 0xDD0B, 0xDCCA, 0xDCEA, 0xDCEA, 0xD4CA, 0xD4CA, 0xDD2B,
    0xE58D, 0xE58D, 0xE58E, 0xE5AE, 0xE5CF, 0xDD6E, 0x82A5, 0xB44D, 0xDDF4, 0xE656, 0xE6B7, 0xEEB7, 0xE697, 0xE697, 0xE697, 0xF719,
    0xDE14, 0x69E3, 0xABA8, 0xB409, 0xABA8, 0xB3E9, 0xBC4A, 0xC46A, 0xC46A, 0xC46A, 0xC46A, 0xC44A, 0xBC4A, 0xC46A, 0xCC8B, 0xCCCB,
    0xCCAB, 0xC48A, 0xC48B, 0xC48B, 0xC48B, 0xC46A, 0xC46A, 0xC48A, 0xC48B, 0xC48B, 0xC48B, 0xC48B, 0xD4EB, 0xD4EC, 0xD4EB, 0xD4EB,
    0xC48A, 0xC48B, 0xD4EB, 0xD4EB, 0xC48B, 0xC48B, 0xCCCB, 0xD4EC, 0xD4EC, 0xD50C, 0xD50C, 0xB409, 0xA3C9, 0xB46D, 0xD591, 0xEEB5,
    0xE674, 0xE675, 0xE674, 0xE654, 0xDE55, 0xDE35, 0xDE35, 0xD635, 0xF719, 0xFF7A, 0xFF7A, 0xFF7A, 0xFF7A, 0xFF5A, 0xFF5A, 0xF75A,
    0xBCCE, 0xBCCE, 0xBCEE, 0xBCEE, 0xBCEF, 0xBCEF, 0xBCEF, 0xBCEF, 0xBCEF, 0xBCEF, 0xBCEF, 0xBCEF, 0xBCEF, 0xBCEF, 0xBCEF, 0xBCEF,
    0xBCCE, 0xB4AD, 0xB4AE, 0xBCCE, 0xAC2C, 0x6A24, 0x6A44, 0x6A44, 0x6A44, 0x7AC6, 0x82C6, 0x82C5, 0x82C6, 0x7AA5, 0x6A24, 0xD636,
    0xEF3B, 0xE697, 0xE6B7, 0xE6B7, 0xE677, 0xE697, 0xE677, 0xE677, 0xE697, 0xE677, 0xE676, 0xE677, 0xE656, 0xDE35, 0xDE15, 0xCD51,
    0xA3EB, 0x7A24, 0x79C2, 0x9284, 0xA305, 0xAB45, 0xC408, 0xCC69, 0xCC69, 0xD469, 0xD469, 0xD489, 0xD489, 0xD489, 0xD4AA, 0xD4AA,
    0xD489, 0xD4CA, 0xDD2B, 0xE56C, 0xE5AD, 0xE5AD, 0xE56D, 0xE52C, 0xDCEB, 0xB3C8, 0x59A3, 0x1860, 0x2902, 0x5A64, 0x6B06, 0x4A04,
    0x18C1, 0x20E2, 0x20E2, 0x18E1, 0x18C1, 0x18C1, 0x18A1, 0x18C1, 0x2102, 0x41E4, 0x5A85, 0x41C3, 0x1061, 0xB530, 0xEED6, 0xFF59,
    0xF738, 0xFF59, 0xE611, 0xCC49, 0xCC8A, 0xD4AA, 0xE56D, 0xEDEF, 0xEDCE, 0xF630, 0xE5CE, 0xDD2C, 0xE5AE, 0xEE0F, 0xEDCF, 0xE58E,
    0xDD6E, 0xE5D0, 0xEEB5, 0xF6F8, 0xF6F8, 0xFF59, 0xBD10, 0x4183, 0x0800, 0x6AC7, 0x8C09, 0x5AA5, 0x5A85, 0x39A3, 0x1060, 0x1081,
    0x1080, 0x1081, 0x1081, 0x1080, 0x3983, 0x6AC6, 0xACCA, 0x944A, 0x1881, 0x6AA6, 0xDDD0, 0xFF35, 0xE5CF, 0xD489, 0xD489, 0xD469,
    0xDCA9, 0xE50B, 0xE54C, 0xE54C, 0xE54C, 0xEDAD, 0xEDCE, 0xEDCE, 0xEDCE, 0xE56D, 0xDD0B, 0xDCCA, 0xDCCA, 0xE54C, 0xE56D, 0xE56D,
    0xE56D, 0xE56D, 0xE58E, 0xE5AF, 0xE5AF, 0xEE10, 0xD54E, 0x8285, 0xD5D3, 0xE656, 0xE697, 0xEEB7, 0xE697, 0xEED8, 0xDE55, 0xAC4D,
    0x9BAB, 0x7A44, 0x9B47, 0xA3A8, 0xB409, 0xC46A, 0xBC2A, 0xB409, 0xBC49, 0xC48A, 0xC46A, 0xC46A, 0xBC4A, 0xC48B, 0xD50C, 0xD4EC,
    0xCCCB, 0xCC8A, 0xC48A, 0xBC2A, 0xBC4A, 0xBC4A, 0xC46A, 0xCCCB, 0xCCCB, 0xD4EC, 0xD4EC, 0xD4EC, 0xD52C, 0xD50C, 0xD50C, 0xD50C,
    0xDD4D, 0xD52C, 0xD4EB, 0xD50C, 0xD50C, 0xD4EB, 0xCCCB, 0xCCCB, 0xCCCB, 0xCCCB, 0xCCAB, 0xD50D, 0xA367, 0x71C1, 0xB46C, 0xF717,
    0xEEB5, 0xEEB5, 0xEEB5, 0xEEB5, 0xE675, 0xDE54, 0xDE54, 0xDE34, 0xE6B7, 0xEED8, 0xE6D7, 0xE6B7, 0xF719, 0xFF9B, 0xFF7B, 0xFF7B,
    0xBCCE, 0xBCCE, 0xBCEE, 0xBCEF, 0xBCEF, 0xBCEF, 0xBCEF, 0xC4EF, 0xBCEF, 0xBCEF, 0xBCEF, 0xBCEF, 0xC4EF, 0xC50F, 0xC4EF, 0xC530,
    0xA40B, 0x6A44, 0x7285, 0x7285, 0x7285, 0x7AC6, 0x7AC6, 0x7AC6, 0x7AC5, 0x7AC5, 0x82C6, 0x82C6, 0x82C6, 0x7AA6, 0x6A04, 0xE6F9,
    0xFFFF, 0xE6B7, 0xE697, 0xE697, 0xE697, 0xE697, 0xE697, 0xE677, 0xE697, 0xDE56, 0xCDB3, 0xCDB3, 0xCDB3, 0xCDB3, 0xBCCF, 0xA3EB,
    0x7A24, 0x71A2, 0x8202, 0xA305, 0xBBE7, 0xC3E8, 0xC428, 0xCC69, 0xD4A9, 0xD4AA, 0xD4AA, 0xD4AA, 0xDCEA, 0xDCEB, 0xD4AA, 0xD4AA,
    0xD4A9, 0xDCEA, 0xE54C, 0xE54C, 0xDD2B, 0xDD0B, 0xD489, 0xCC28, 0xC3A7, 0x8A85, 0x1840, 0x0800, 0x39A3, 0x8BC8, 0x5224, 0x3184,
    0xCE78, 0xB595, 0x20E2, 0x18A1, 0x18C2, 0x18C2, 0x18C1, 0x18C1, 0x1081, 0x2922, 0x5265, 0x5AA5, 0x49E4, 0x18A1, 0xD655, 0xFF79,
    0xFF59, 0xFF7A, 0xEEB5, 0xDD6E, 0xCC8A, 0xD4CA, 0xE58D, 0xEDEF, 0xEDCF, 0xEE0F, 0xEDEF, 0xE5AE, 0xE5CE, 0xEDEF, 0xEDF0, 0xEE10,
    0xEDF0, 0xE5CF, 0xF6B5, 0xFF59, 0xF739, 0xFF7A, 0xBD10, 0x4983, 0x0820, 0x28C1, 0x8C0A, 0x7B87, 0x5A84, 0x5264, 0x3162, 0x18C1,
    0x1080, 0x1080, 0x18E1, 0x20E1, 0x62E6, 0x9429, 0xACEC, 0x6AE7, 0x0000, 0xC52F, 0xFF75, 0xEE10, 0xDD0B, 0xD469, 0xD4CA, 0xDCEA,
    0xDD0B, 0xE52B, 0xE50B, 0xE54C, 0xF5EE, 0xF62F, 0xF630, 0xF630, 0xEE30, 0xF630, 0xEDAE, 0xE54C, 0xDD2C, 0xE56D, 0xE58E, 0xE58D,
    0xE58D, 0xE56D, 0xDD4C, 0xE56D, 0xE5CF, 0xEE11, 0xDDD0, 0x8AE6, 0xCD71, 0xDE14, 0xE697, 0xE6B7, 0xE697, 0xEED8, 0xD5F4, 0x5942,
    0x6162, 0x9B67, 0xA3A8, 0xA3A8, 0xABC8, 0xB3E9, 0xB3E9, 0xBC29, 0xBC29, 0xBC4A, 0xBC4A, 0xBC4A, 0xC46A, 0xC46A, 0xC46A, 0xC48B,
    0xCC8B, 0xCCAB, 0xC48A, 0xBC2A, 0xBC4A, 0xC44A, 0xC44A, 0xC46A, 0xC44A, 0xC44A, 0xC46A, 0xC46B, 0xC46A, 0xCCAA, 0xD50C, 0xD4EB,
    0xD50C, 0xD50B, 0xD50B, 0xD50C, 0xDD2C, 0xD4EB, 0xBC4A, 0xBC4A, 0xBC6A, 0xBC6A, 0xC48B, 0xC48B, 0xC48C, 0xA3A8, 0xABEA, 0xD5D2,
    0xE613, 0xEEB5, 0xEE95, 0xEEB4, 0xEEB5, 0xEEB5, 0xEEB5, 0xEEB5, 0xE655, 0xDE34, 0xDE35, 0xD634, 0xE696, 0xEEF8, 0xEEF8, 0xEEF8,
    0xBCEE, 0xBCEE, 0xBCEE, 0xBCEE, 0xBCEF, 0xC4EF, 0xC4EF, 0xC4EF, 0xC50F, 0xC50F, 0xC50F, 0xC530, 0x9BCA, 0x8B28, 0x8B48, 0x8B48,
    0x82E7, 0x7285, 0x7A85, 0x7A85, 0x7AA6, 0x82C6, 0x82C6, 0x82C6, 0x82C6, 0x82C6, 0x82A6, 0x82C6, 0x82C6, 0x7AA6, 0x6A04, 0xE6D9,
    0xFFFE, 0xE6B7, 0xE697, 0xE697, 0xE697, 0xE697, 0xE697, 0xE677, 0xDE56, 0xD5F5, 0xCDD3, 0xCDB3, 0xCD92, 0xC531, 0xAC6D, 0x9BCA,
    0x9B69, 0x79C2, 0xA305, 0xB386, 0xBBC7, 0xC429, 0xCC89, 0xDD0B, 0xDD0B, 0xDD0B, 0xDD0B, 0xDD0B, 0xDD0B, 0xDD0B, 0xD4AA, 0xD4AA,
    0xD4A9, 0xD4AA, 0xD4AA, 0xD4AA, 0xD489, 0xD469, 0xCC49, 0xC3C8, 0x9A84, 0x5942, 0x2081, 0x20C2, 0x6AC6, 0x8388, 0x4A24, 0x4206,
    0xFFFF, 0xCE79, 0x4228, 0x4A68, 0x20E2, 0x18C1, 0x18C1, 0x18A1, 0x18A1, 0x1880, 0x5244, 0x6B26, 0x5A85, 0x1040, 0xA46C, 0xFF37,
    0xFF5A, 0xFF79, 0xFF9A, 0xF6F6, 0xD50C, 0xDD2C, 0xE5AE, 0xF5EF, 0xEDCF, 0xEE0F, 0xF60F, 0xEE0F, 0xEE10, 0xEE10, 0xEE10, 0xEE10,
    0xEE31, 0xEE30, 0xF694, 0xFF38, 0xFF59, 0xFF7A, 0xCDB2, 0x6246, 0x0000, 0x0800, 0x2902, 0x9C4A, 0x7B87, 0x5A85, 0x5A85, 0x2922,
    0x0840, 0x0840, 0x5A86, 0x942A, 0xC5AE, 0xDE70, 0x41A4, 0x0000, 0x8BCA, 0xE652, 0xF6B2, 0xDD0B, 0xD4CA, 0xE50B, 0xE50B, 0xE52B,
    0xE50B, 0xE58D, 0xEDCE, 0xEDCE, 0xF60F, 0xF610, 0xF610, 0xF610, 0xF610, 0xEE10, 0xF630, 0xEDEF, 0xE5AE, 0xE58E, 0xE58D, 0xE56D,
    0xE54C, 0xE5AF, 0xE5F0, 0xE5D0, 0xEED4, 0xF6F6, 0xEE73, 0x9B69, 0xC510, 0xD5F3, 0xE696, 0xE6B7, 0xEED8, 0x936A, 0x7AA5, 0x8AE6,
    0x8B06, 0x9B88, 0xA3A8, 0xA3A8, 0xA388, 0xA388, 0xABC9, 0xBC2A, 0xBC2A, 0xBC2A, 0xBC4A, 0xBC4A, 0xBC6A, 0xC46A, 0xC46A, 0xBC4A,
    0xBC4A, 0xC44A, 0xCC8A, 0xC48A, 0xC48A, 0xC449, 0xC449, 0xBC29, 0xBC29, 0xBC29, 0xBC29, 0xBC2A, 0xC44A, 0xD4CB, 0xD50B, 0xD4EB,
    0xD50C, 0xD50C, 0xD4EB, 0xCCAB, 0xCCCB, 0xCCAB, 0xBC4A, 0xBC4A, 0xBC6A, 0xBC6A, 0xBC6B, 0xC46B, 0xC48B, 0xBC2A, 0x9306, 0x7A23,
    0xBC8D, 0xF716, 0xEE94, 0xEEB4, 0xEEB5, 0xEEB5, 0xEEB5, 0xEEB5, 0xEEB5, 0xEEB5, 0xEEB5, 0xEED5, 0xE675, 0xD5F4, 0xD614, 0xD5F4,
    0xBCEE, 0xBCCE, 0xBCEE, 0xBCEE, 0xBCEE, 0xBCEF, 0xBCEF, 0xBCEF, 0xBCAE, 0xB4AE, 0xB4AE, 0xB4AE, 0x82E7, 0x6A44, 0x7265, 0x7264,
    0x7A85, 0x82E6, 0x82C6, 0x82C6, 0x82C6, 0x82C6, 0x82C6, 0x82C6, 0x82C6, 0x82C6, 0x82C6, 0x82C6, 0x82E6, 0x7AA5, 0x6A04, 0xE6F9,
    0xFFFE, 0xE6B7, 0xE697, 0xE6B7, 0xE697, 0xE697, 0xE697, 0xE697, 0xD615, 0xCDD4, 0xD5D4, 0xCDB3, 0xCD72, 0xB4CF, 0xAC4D, 0xA3EB,
    0x9BA9, 0x79C2, 0xAB46, 0xBBC7, 0xBBC7, 0xC429, 0xD4AA, 0xE52B, 0xDD0B, 0xDD0B, 0xDD0B, 0xDD0B, 0xDD0B, 0xDD0B, 0xDCCA, 0xD4AA,
    0xD4AA, 0xD4AA, 0xD489, 0xD469, 0xD449, 0xCC28, 0xC3E8, 0xAAE5, 0x9A63, 0x5962, 0x2060, 0x3122, 0x8BA8, 0x8388, 0x5A45, 0x2102,
    0x5289, 0x5B0B, 0x5B4C, 0x634C, 0x2123, 0x18A1, 0x18C2, 0x18A1, 0x18A1, 0x10A1, 0x5244, 0x6B05, 0x8388, 0x2902, 0x3984, 0xD5F3,
    0xFF9A, 0xFF5A, 0xFF9A, 0xFF37, 0xEE0F, 0xEDCF, 0xEDCF, 0xEDEF, 0xF630, 0xF650, 0xEDEF, 0xF60F, 0xF630, 0xF671, 0xF671, 0xF651,
    0xEE51, 0xEE31, 0xF693, 0xFF38, 0xFF5A, 0xFF5A, 0xFF38, 0x9BEB, 0x4143, 0x5A05, 0x2081, 0x20C1, 0x8BA8, 0xA4AB, 0x8C09, 0x8BE9,
    0x8C09, 0x9409, 0x9C6A, 0x8BE9, 0x6AC7, 0x41C4, 0x49E5, 0x838A, 0xEEB3, 0xF691, 0xE54C, 0xE54C, 0xE54C, 0xDD2B, 0xE54C, 0xF5EE,
    0xF5EE, 0xF60E, 0xF60F, 0xF60F, 0xF630, 0xFE92, 0xF651, 0xF630, 0xF630, 0xF630, 0xEE0F, 0xEDCF, 0xE5AE, 0xE58E, 0xE58D, 0xE5AE,
    0xE5AE, 0xEE93, 0xF758, 0xF716, 0xE5F0, 0xE5CF, 0xE5AF, 0x9328, 0xD5B2, 0xE655, 0xE656, 0xEEB7, 0xEEF8, 0x82C7, 0x7203, 0x9B87,
    0x9B68, 0x9B68, 0x9B88, 0xA3A8, 0xA3A8, 0xA3A8, 0xA3A8, 0xABC9, 0xABC8, 0xB409, 0xC46A, 0xC46A, 0xC46A, 0xBC4A, 0xBC4A, 0xBC29,
    0xBC09, 0xC44A, 0xCCAB, 0xCCAB, 0xCC8A, 0xC449, 0xC44A, 0xC44A, 0xCC8A, 0xCC8A, 0xCC8A, 0xCC8A, 0xCCAB, 0xD4CB, 0xD4EB, 0xD4EC,
    0xD4EC, 0xD50C, 0xD4EC, 0xC46A, 0xC46A, 0xC46A, 0xC46A, 0xC46A, 0xC46A, 0xBC6A, 0xBC4A, 0xBC4A, 0xBC4B, 0xBC6B, 0xC48B, 0xBC4A,
    0x8B07, 0xA42B, 0xF6D5, 0xEEB5, 0xEEB5, 0xEEB5, 0xEEB5, 0xEEB5, 0xEEB5, 0xEEB5, 0xEEB5, 0xEEB5, 0xEEB5, 0xEE95, 0xE695, 0xE675,
    0xBCCE, 0xBCCE, 0xBCCE, 0xC50F, 0xC52F, 0xC50F, 0xC530, 0xBCEF, 0x72A5, 0x6A65, 0x7265, 0x7265, 0x7AA6, 0x82C6, 0x82C6, 0x82C6,
    0x82C6, 0x82C6, 0x82C6, 0x82C6, 0x82C6, 0x82C6, 0x82C6, 0x82C6, 0x82C6, 0x82C6, 0x82C6, 0x82C6, 0x82E6, 0x7AA5, 0x6A04, 0xE6F9,
    0xFFFE, 0xE6B7, 0xE697, 0xE697, 0xE657, 0xDE56, 0xDE56, 0xDE56, 0xD615, 0xCDD4, 0xD5D4, 0xCDB3, 0xC571, 0xB4CF, 0xAC6D, 0xA3EB,
    0xA3AA, 0x79C2, 0xAB46, 0xBC08, 0xBBE7, 0xC449, 0xD4CA, 0xDD2B, 0xDD0B, 0xDD0B, 0xDD2B, 0xDD2B, 0xDD2B, 0xDD2B, 0xDCCA, 0xD4CA,
    0xDCCA, 0xDCCA, 0xDCCA, 0xDCCA, 0xD48A, 0xBB86, 0xAAE5, 0xA2C5, 0x9243, 0x5121, 0x2061, 0x28E2, 0x8BA8, 0x83A7, 0x5A85, 0x1080,
    0x0840, 0x4A68, 0x5AEA, 0x2123, 0x18C1, 0x18C1, 0x18C2, 0x18A1, 0x18A1, 0x1081, 0x4A44, 0x62E5, 0xACAB, 0x5224, 0x0000, 0xA4AF,
    0xFFDB, 0xFF59, 0xFF7A, 0xFF79, 0xF6F6, 0xF630, 0xF630, 0xF671, 0xFEB2, 0xFED2, 0xF692, 0xEE0F, 0xEDEF, 0xEDEF, 0xEE30, 0xF6B2,
    0xF671, 0xF651, 0xF672, 0xF716, 0xFF59, 0xFF7A, 0xF737, 0xDD70, 0xDD0E, 0xE58F, 0x8329, 0x72C8, 0x6AA7, 0x4183, 0x39A3, 0x49E3,
    0x5A45, 0x5A65, 0x5A65, 0x49C4, 0x20A2, 0x1061, 0xB4EF, 0xFFF8, 0xF692, 0xE54C, 0xE54C, 0xED8D, 0xF5EF, 0xF60F, 0xF62F, 0xFE50,
    0xF650, 0xF60F, 0xF630, 0xF671, 0xF692, 0xFEB3, 0xF692, 0xFE92, 0xFE92, 0xF672, 0xF651, 0xEDEF, 0xEDCF, 0xEDF0, 0xEE11, 0xF716,
    0xF758, 0xEE31, 0xE58E, 0xE5AF, 0xE5AF, 0xE5EF, 0xE5AF, 0x9327, 0xCD92, 0xDE35, 0xE656, 0xEED8, 0xF718, 0x8308, 0x7A44, 0x9327,
    0x8AE6, 0x8B06, 0x8B06, 0x9B67, 0xA388, 0xA388, 0xA388, 0xA388, 0xABA8, 0xBC29, 0xBC29, 0xBC0A, 0xBC2A, 0xBC09, 0xB409, 0xBC09,
    0xBC09, 0xC44A, 0xC46A, 0xC46A, 0xC44A, 0xC44A, 0xC44A, 0xC44A, 0xCC8A, 0xCC8A, 0xCC8A, 0xCC8B, 0xCCAB, 0xCCCB, 0xCCCB, 0xCCAA,
    0xCC8A, 0xCCAB, 0xD4CB, 0xCC8B, 0xC46A, 0xC46A, 0xC46A, 0xC46A, 0xC46A, 0xC46B, 0xBC4A, 0xABE9, 0xABE9, 0xBC2A, 0xBC4A, 0xBC6B,
    0x8AE6, 0x8B27, 0xDE12, 0xE674, 0xEEB5, 0xEEB5, 0xEEB5, 0xEEB5, 0xEEB5, 0xEEB5, 0xEEB5, 0xEEB5, 0xEEB5, 0xEEB5, 0xEEB5, 0xEEB5,
    0xBCCE, 0xBCEE, 0xC4EF, 0xA3EB, 0x8B68, 0x9389, 0x9389, 0x8B68, 0x7AA5, 0x7AA6, 0x7AA6, 0x7AA6, 0x82C6, 0x82C6, 0x82C6, 0x82C6,
    0x82C6, 0x82C6, 0x82C6, 0x82C6, 0x82C6, 0x82C6, 0x82C6, 0x82C6, 0x82C6, 0x82C6, 0x82C6, 0x82C6, 0x82E6, 0x7AA5, 0x6A25, 0xEF3A,
    0xFFFE, 0xE6B7, 0xE697, 0xE697, 0xDE36, 0xDE36, 0xDE35, 0xDE35, 0xDE35, 0xDE15, 0xD615, 0xD5D4, 0xC551, 0xC551, 0xB4AF, 0x9BAA,
    0x8A85, 0x71A2, 0xAB67, 0xCC8A, 0xC449, 0xD4CB, 0xDD2C, 0xDD2B, 0xDD2B, 0xDD2B, 0xDD2B, 0xE52B, 0xDD0B, 0xDD0B, 0xDCCA, 0xDCCA,
    0xCC68, 0xCC48, 0xCC49, 0xCC28, 0xC3E7, 0xB346, 0xAAE5, 0x9A84, 0xBBA8, 0x7244, 0x2040, 0x2922, 0xD60E, 0xACAA, 0x5A65, 0x10A1,
    0x18C1, 0x3164, 0x2964, 0x1080, 0x10A1, 0x18A1, 0x1081, 0x18A1, 0x18A1, 0x1081, 0x4A45, 0x62E6, 0xA48A, 0x5225, 0x0000, 0xA4AF,
    0xFF9A, 0xFF59, 0xFF7A, 0xFF9A, 0xFF59, 0xF652, 0xF650, 0xFED2, 0xFED3, 0xFED3, 0xFF13, 0xEE30, 0xEDAE, 0xE5AE, 0xE5CF, 0xF692,
    0xF672, 0xF671, 0xEE51, 0xF694, 0xFF58, 0xFF59, 0xF717, 0xE611, 0xE590, 0xDD6F, 0xEE12, 0xFF37, 0xE675, 0x940D, 0x8C0D, 0x62A9,
    0x1040, 0x2081, 0x1820, 0x5206, 0xF6F6, 0xE6B5, 0xF6B4, 0xF671, 0xF630, 0xF60F, 0xF5EF, 0xF62F, 0xFE70, 0xFE70, 0xFE70, 0xF650,
    0xF691, 0xF692, 0xF6B2, 0xFEB3, 0xFEB2, 0xFEB3, 0xFE93, 0xFEB3, 0xF6B3, 0xF693, 0xFEB3, 0xF6B4, 0xF6D5, 0xF759, 0xF738, 0xE5D0,
    0xE5AE, 0xE5AF, 0xE5AF, 0xE5CF, 0xE5AF, 0xEDF0, 0xE5D0, 0x8B07, 0xCD71, 0xE696, 0xEEB7, 0xEEB8, 0xEEB7, 0x7AA6, 0x8284, 0x82A5,
    0x82A5, 0x82A5, 0x8B06, 0x9347, 0x9B67, 0x9B47, 0xABA8, 0xB409, 0xB409, 0xABA8, 0xABA9, 0xABA8, 0xB3E9, 0xBC09, 0xB409, 0xB409,
    0xB409, 0xB409, 0xBC09, 0xBC09, 0xBC29, 0xC46A, 0xC46A, 0xC44A, 0xC449, 0xC449, 0xC46A, 0xCCAB, 0xCCAB, 0xCCAB, 0xCCAB, 0xCCAB,
    0xCC8B, 0xC46B, 0xC48B, 0xC46A, 0xC46A, 0xC46A, 0xC46A, 0xC46A, 0xC46B, 0xC48B, 0xBC6A, 0xB40A, 0xB40A, 0xB40A, 0xBC4A, 0xBC4A,
    0xC46B, 0xB3E9, 0x69E2, 0xDE12, 0xFF16, 0xEE95, 0xEEB5, 0xEEB5, 0xEEB5, 0xEEB5, 0xEEB5, 0xEEB5, 0xEEB5, 0xEEB5, 0xEEB5, 0xEEB5,
    0xBCAE, 0xBCAE, 0xBCCE, 0x8B28, 0x6A24, 0x7265, 0x7264, 0x7265, 0x82C6, 0x82E6, 0x82C6, 0x82C6, 0x82C6, 0x82C6, 0x7AC6, 0x82C6,
    0x82C6, 0x82C6, 0x82C6, 0x82C6, 0x82C6, 0x82C6, 0x82C6, 0x82C6, 0x82C6, 0x82C6, 0x82C6, 0x82C6, 0x82E6, 0x7AA5, 0x6A24, 0xDEB7,
    0xFFFD, 0xF75A, 0xE697, 0xE697, 0xE677, 0xE677, 0xE677, 0xE677, 0xE677, 0xDE56, 0xDE15, 0xD5F4, 0xC552, 0xCD71, 0xB4AF, 0xA3AA,
    0x8203, 0x8223, 0xAB87, 0xCC6A, 0xC429, 0xD4EB, 0xDD2C, 0xDD2B, 0xDD2B, 0xDD2B, 0xDD2B, 0xE52B, 0xDD2B, 0xDCCA, 0xD4A9, 0xD4A9,
    0xBBA6, 0xB345, 0xB325, 0xB325, 0xB325, 0xAAC4, 0xB326, 0xBBC8, 0xD4EC, 0x9307, 0x2040, 0x3122, 0xDE6F, 0xB4EB, 0x5A65, 0x1080,
    0x18A1, 0x1080, 0x1080, 0x1081, 0x1080, 0x2964, 0x39C6, 0x18A1, 0x18A1, 0x1060, 0x4A25, 0x62C5, 0xACAA, 0x6286, 0x0000, 0x4183,
    0xBCEE, 0xFF9A, 0xFF59, 0xFF7A, 0xFF7A, 0xF716, 0xEE10, 0xFEB2, 0xFED2, 0xFED3, 0xFEB2, 0xEDEF, 0xEDCE, 0xEDCE, 0xEDCE, 0xE5CF,
    0xE5CF, 0xEE10, 0xF672, 0xF672, 0xF693, 0xF694, 0xF6B4, 0xF6B4, 0xEE32, 0xE590, 0xE5F2, 0xEEB5, 0xFF17, 0xFF59, 0xFF79, 0xF718,
    0xDE76, 0xE6B7, 0xE6B7, 0xE6D6, 0xFF58, 0xFEF5, 0xF650, 0xF62F, 0xF62F, 0xF60F, 0xF670, 0xFE91, 0xFE71, 0xF650, 0xF651, 0xFE92,
    0xFEB3, 0xFED3, 0xFED3, 0xF692, 0xF692, 0xF6B3, 0xFEB3, 0xFEB4, 0xFE93, 0xF6D4, 0xFF9A, 0xFFBB, 0xEE94, 0xE612, 0xE612, 0xE5AF,
    0xE5AF, 0xE5AF, 0xE5AF, 0xE5AF, 0xE5AF, 0xEE11, 0xE5F1, 0x8B07, 0xCD72, 0xE697, 0xEEB7, 0xEED8, 0xE676, 0x7245, 0x7A64, 0x8285,
    0x8285, 0x82A5, 0x8B06, 0x9327, 0x9327, 0x9327, 0x9B47, 0xA367, 0xABA8, 0xABC9, 0xB3C9, 0xB3E9, 0xBC09, 0xBC09, 0xBC09, 0xB409,
    0xB40A, 0xB409, 0xB3E9, 0xB3E9, 0xBC09, 0xC44A, 0xC44A, 0xC46A, 0xCC8B, 0xCCAB, 0xCC8A, 0xCC8A, 0xCCAB, 0xCCAB, 0xCCCB, 0xCCAB,
    0xCC8A, 0xC48A, 0xC46A, 0xC46A, 0xC46A, 0xC46A, 0xBC4A, 0xB42A, 0xBC2A, 0xBC4A, 0xC46A, 0xC48A, 0xC48B, 0xBC2A, 0xB42A, 0xBC2A,
    0xBC4A, 0xB3EA, 0x9B67, 0x8B07, 0xB48D, 0xFF37, 0xEED5, 0xEEB5, 0xEED5, 0xEEB5, 0xEEB5, 0xEEB5, 0xEEB5, 0xEEB5, 0xEEB5, 0xEEB5,
    0x7285, 0x7285, 0x7285, 0x7A85, 0x82C6, 0x82C6, 0x82C6, 0x82C6, 0x82C6, 0x82C6, 0x82C6, 0x82C6, 0x82C6, 0x82C6, 0x7AC6, 0x82C6,
    0x82C6, 0x82C6, 0x82C6, 0x82C6, 0x82C6, 0x82C6, 0x82C6, 0x82C6, 0x82C6, 0x82C6, 0x82C6, 0x82C6, 0x82E6, 0x82E6, 0x7264, 0x8308,
    0xF7BC, 0xFFDD, 0xF73A, 0xEEB8, 0xE697, 0xE6B8, 0xE6B7, 0xE6B7, 0xE677, 0xDE36, 0xDE15, 0xD5F4, 0xC552, 0xC551, 0xBCF0, 0xA3EB,
    0x8223, 0xB3A8, 0xC429, 0xCC6A, 0xC449, 0xD4CA, 0xDD2C, 0xDD2B, 0xDD2B, 0xDD2B, 0xDD2B, 0xDD2B, 0xDD0B, 0xDCA9, 0xC407, 0xC3E7,
    0xC3C7, 0xBB66, 0xAB05, 0xAB05, 0xB305, 0xB325, 0xCC08, 0xE54E, 0xE5AE, 0x9307, 0x2040, 0x3143, 0xE68F, 0xACAA, 0x5A64, 0x18C1,
    0x18A1, 0x18A1, 0x1080, 0x10A1, 0x0840, 0x4A48, 0x632C, 0x10A1, 0x18A1, 0x18C1, 0x5265, 0x7347, 0xA48A, 0x41C4, 0x0000, 0x28C1,
    0x9B89, 0xF738, 0xFF7A, 0xFF5A, 0xFF7A, 0xFF36, 0xF671, 0xFEB2, 0xFE91, 0xF62F, 0xF60F, 0xEDCE, 0xEDEE, 0xF60F, 0xEE0F, 0xE5AE,
    0xE58E, 0xEDAE, 0xEDCF, 0xEE51, 0xF6B3, 0xF672, 0xEE31, 0xEE73, 0xF694, 0xEE53, 0xF674, 0xF6D5, 0xFF17, 0xF738, 0xF738, 0xFF59,
    0xFF78, 0xFF35, 0xFF35, 0xFF36, 0xFF15, 0xFEF3, 0xFEB1, 0xFEB2, 0xFEB2, 0xFED2, 0xFED2, 0xF671, 0xFE91, 0xFE91, 0xFEB2, 0xFEB2,
    0xFEB3, 0xFEF4, 0xFEF4, 0xFED4, 0xFED4, 0xFED4, 0xFE93, 0xF6B4, 0xFF9A, 0xF77A, 0xEEB4, 0xEEB5, 0xEE73, 0xEE32, 0xEE52, 0xEE53,
    0xEE52, 0xEE52, 0xE5D0, 0xE5CF, 0xE5CF, 0xEE11, 0xE5F1, 0x8B07, 0xCD51, 0xEE97, 0xEED7, 0xEED8, 0xE676, 0x7245, 0x8264, 0x82A5,
    0x8285, 0x8285, 0x8AC6, 0x9327, 0x9327, 0x9347, 0x9347, 0x9347, 0xA387, 0xABA8, 0xABA8, 0xA3A8, 0xA388, 0xA3A8, 0xABA8, 0xABA8,
    0xABA8, 0xABC8, 0xBC09, 0xBC09, 0xB3E9, 0xB3E9, 0xB3E9, 0xB3E9, 0xBC29, 0xCCAB, 0xCCAB, 0xCCAB, 0xCCAB, 0xC44A, 0xC44A, 0xC46A,
    0xC44A, 0xC44A, 0xC46A, 0xBC49, 0xBC4A, 0xBC4A, 0xBC29, 0xB409, 0xB40A, 0xBC2A, 0xC46A, 0xC48A, 0xC48B, 0xBC4A, 0xB42A, 0xBC2A,
    0xBC2A, 0xBC4A, 0xC46B, 0x82A5, 0x9368, 0xCD91, 0xEEB5, 0xF6D5, 0xEED5, 0xEED5, 0xEEB5, 0xEEB5, 0xEEB5, 0xEEB5, 0xEEB5, 0xEEB5,
    0x7A85, 0x7A85, 0x7AA5, 0x7AC6, 0x82E6, 0x82C6, 0x82C6, 0x82C6, 0x82C6, 0x82C6, 0x82C6, 0x82C6, 0x82C6, 0x82C6, 0x82C6, 0x82C6,
    0x82C6, 0x82C6, 0x82C6, 0x82C6, 0x82C6, 0x82C6, 0x82C6, 0x82C6, 0x82C6, 0x82E6, 0x82E6, 0x82E6, 0x82E6, 0x82E7, 0x82C6, 0x82E6,
    0xF79B, 0xFFFD, 0xFFFD, 0xF79B, 0xEF19, 0xE6B7, 0xEEB8, 0xE697, 0xDE35, 0xDE15, 0xDE35, 0xD5F4, 0xC551, 0xC531, 0xC551, 0xAC0B,
    0x8223, 0xBBE9, 0xCC8A, 0xC46A, 0xCC8A, 0xD4AA, 0xDD0B, 0xDD2C, 0xDD2B, 0xDD2B, 0xDD2B, 0xE54B, 0xD489, 0xC3E7, 0xCC07, 0xC3E7,
    0xC3C7, 0xC3E7, 0xC3C7, 0xC3C7, 0xC3C7, 0xCC08, 0xD469, 0xE56E, 0xEDEF, 0xA3A9, 0x2880, 0x3143, 0xCDEE, 0xBD4C, 0x9C49, 0x5AA6,
    0x0840, 0x1081, 0x1081, 0x1080, 0x1080, 0x20E2, 0x2103, 0x18A1, 0x1060, 0x4A24, 0x6B46, 0x9C49, 0xACAB, 0x1061, 0x0840, 0x4984,
    0x9B48, 0xE654, 0xFF7A, 0xFF7A, 0xFF79, 0xFF15, 0xFEF3, 0xFED2, 0xF650, 0xF60E, 0xF60E, 0xF5EE, 0xEDEE, 0xF630, 0xF651, 0xF671,
    0xEE10, 0xEE10, 0xE58E, 0xE58F, 0xEE51, 0xF693, 0xE5F0, 0xEE11, 0xF6B4, 0xFEF6, 0xF6F5, 0xFF16, 0xFF16, 0xFFBA, 0xFFDB, 0xFFDB,
    0xFF98, 0xFF14, 0xFF14, 0xFF34, 0xFF14, 0xFF14, 0xFF35, 0xFF34, 0xFF35, 0xFF34, 0xF6B2, 0xF691, 0xFE91, 0xFE91, 0xFE92, 0xF6B2,
    0xFF14, 0xFEF5, 0xFEF5, 0xFEF5, 0xFED4, 0xFEF5, 0xFF37, 0xF758, 0xF6F6, 0xF6F6, 0xEE52, 0xEE52, 0xEE53, 0xEE53, 0xEE52, 0xEE53,
    0xEE73, 0xEE73, 0xEE53, 0xEE53, 0xEE73, 0xF673, 0xE632, 0x9328, 0xCD51, 0xEE97, 0xEED8, 0xEED8, 0xE676, 0x7245, 0x7A44, 0x7A64,
    0x7A64, 0x8285, 0x82A5, 0x82C6, 0x8AE6, 0x9347, 0x9347, 0x9B47, 0x9B47, 0x9B27, 0x9B27, 0x9347, 0x9B47, 0x9347, 0x9B67, 0xA388,
    0xA388, 0xABA8, 0xB3E9, 0xB3E9, 0xB3C8, 0xB3C8, 0xB3C8, 0xB3E8, 0xBC09, 0xC46A, 0xC46A, 0xC44A, 0xC44A, 0xB3E9, 0xB3C9, 0xB3E9,
    0xB3E9, 0xB3E9, 0xBC29, 0xBC2A, 0xBC2A, 0xBC2A, 0xBC2A, 0xBC2A, 0xC46B, 0xC48B, 0xC46A, 0xC46B, 0xC48B, 0xC46B, 0xBC6B, 0xBC4A,
    0xBC4A, 0xBC4A, 0xBC4A, 0xCCCC, 0xA3A8, 0x61E3, 0xE653, 0xF6F6, 0xEEB5, 0xF6D5, 0xEED5, 0xEED6, 0xEED5, 0xEEB5, 0xEEB5, 0xEEB5,
    0x82C6, 0x82E6, 0x82E6, 0x82C6, 0x82C6, 0x82C6, 0x82C6, 0x82C6, 0x82E6, 0x82C6, 0x82C6, 0x82C6, 0x82C6, 0x82C6, 0x82C6, 0x82C6,
    0x82C6, 0x82C6, 0x82C6, 0x82C6, 0x82C6, 0x82C6, 0x82C6, 0x82C6, 0x82E6, 0x82E6, 0x82E6, 0x82C6, 0x7285, 0x7285, 0x7244, 0x8328,
    0xFFFD, 0xFFFE, 0xFFDD, 0xFFFE, 0xF77B, 0xEEB8, 0xEED8, 0xE676, 0xD615, 0xDE15, 0xD5F4, 0xCD92, 0xC531, 0xC531, 0xC531, 0xAC0B,
    0x8203, 0xB3C8, 0xCC8A, 0xC469, 0xDCEB, 0xDD2B, 0xDD0B, 0xDD0B, 0xDD0B, 0xDD0B, 0xDD0B, 0xD489, 0xCC48, 0xCC08, 0xC3E7, 0xCC28,
    0xD4A9, 0xDCCA, 0xDCEB, 0xDCEA, 0xDD0B, 0xDCEB, 0xE52C, 0xE5AF, 0xEDF0, 0xF651, 0x6A86, 0x0800, 0x49E4, 0xDE4F, 0xB52C, 0x6B07,
    0x18A1, 0x1081, 0x1080, 0x1080, 0x1080, 0x1060, 0x1060, 0x1080, 0x20E1, 0x4A24, 0x8C08, 0xACCB, 0x8BE9, 0x0000, 0x41A5, 0xC4AD,
    0x8AC6, 0xCD0D, 0xEEB5, 0xFF9B, 0xFF79, 0xFEF4, 0xFED2, 0xFE91, 0xF62F, 0xF62F, 0xF60E, 0xF60F, 0xEE0E, 0xF650, 0xF672, 0xF672,
    0xF672, 0xF692, 0xE5F0, 0xD52D, 0xDDAF, 0xF672, 0xEE31, 0xEDF0, 0xEE52, 0xFED5, 0xF6D5, 0xFEF5, 0xFF57, 0xFFBA, 0xFFDB, 0xFFDB,
    0xFFDA, 0xFFB9, 0xFFBA, 0xFFD9, 0xFF98, 0xFF98, 0xFFB8, 0xFFB9, 0xFF56, 0xFEF4, 0xFEF4, 0xFEF4, 0xFEF3, 0xFED3, 0xFEF4, 0xFF14,
    0xFF36, 0xFF15, 0xFEF4, 0xFEF5, 0xFF57, 0xF738, 0xF738, 0xF717, 0xEE52, 0xEE52, 0xEE73, 0xEE53, 0xEE73, 0xEE32, 0xEE11, 0xEE32,
    0xEE74, 0xEE74, 0xEE74, 0xEE74, 0xEE74, 0xF694, 0xEE53, 0x9328, 0xCD71, 0xEEB7, 0xEED8, 0xF6F8, 0xF6F8, 0x7245, 0x9BA9, 0xBCAD,
    0xBCAD, 0x9B89, 0x7203, 0x7223, 0x7A85, 0x9327, 0x9347, 0x9B47, 0x9B47, 0x9B47, 0x9B47, 0x9B47, 0x9B47, 0x9B47, 0x9B47, 0xA388,
    0xA388, 0xA387, 0xA387, 0xA387, 0xABA8, 0xB3C8, 0xB3E8, 0xBC29, 0xBC09, 0xBC09, 0xBC09, 0xBC29, 0xB3E9, 0xB3C9, 0xB3C9, 0xB3E9,
    0xB3C9, 0xB3E9, 0xBC2A, 0xBC2A, 0xB3E9, 0xABA8, 0xABA8, 0xABA8, 0xB409, 0xBC2A, 0xC46A, 0xC46B, 0xC46B, 0xBC6B, 0xBC4B, 0xBC4A,
    0xBC4A, 0xBC4A, 0xBC6B, 0xC46A, 0xBC6B, 0xA3A9, 0x8285, 0xE674, 0xFF37, 0xEED5, 0xEED6, 0xEED5, 0xEED5, 0xEEB5, 0xEEB5, 0xEED5,
    0x82C5, 0x82C6, 0x82C6, 0x82C6, 0x82C6, 0x82C6, 0x82C6, 0x82C6, 0x82C6, 0x82C6, 0x82C6, 0x82C6, 0x82C6, 0x82C6, 0x82C6, 0x82C6,
    0x82C6, 0x82C6, 0x82C6, 0x82C6, 0x82C6, 0x82C6, 0x82C6, 0x82C6, 0x82C6, 0x82C6, 0x82C6, 0x7AC6, 0x8307, 0x8B27, 0x8327, 0x7AE6,
    0xBD51, 0xE719, 0xFFFE, 0xF77B, 0xEEF8, 0xEED8, 0xEED8, 0xEED8, 0xDE56, 0xD614, 0xCD92, 0xC551, 0xC531, 0xBD11, 0xC531, 0xAC2B,
    0x8223, 0xB3C8, 0xCC8A, 0xC46A, 0xD4EB, 0xDD0B, 0xDD0B, 0xDD0B, 0xDD0B, 0xD4AA, 0xD469, 0xCC08, 0xCC08, 0xCC08, 0xCC28, 0xD489,
    0xDCCA, 0xD4AA, 0xD4AA, 0xD4A9, 0xD4AA, 0xD48A, 0xE54D, 0xF651, 0xEE31, 0xFE92, 0x7AC7, 0x1020, 0x28E2, 0x942A, 0xDE4F, 0x9429,
    0x62E7, 0x18A1, 0x0860, 0x10A0, 0x1080, 0x1080, 0x18A1, 0x0840, 0x3142, 0x83A8, 0xBD2C, 0x9C4B, 0x0800, 0x28E2, 0xA3EC, 0xD530,
    0xAC2B, 0xE5AF, 0xF693, 0xFF17, 0xFF38, 0xFED3, 0xFE70, 0xF650, 0xF62F, 0xF60E, 0xEDCD, 0xF60F, 0xF650, 0xF671, 0xF693, 0xF6D5,
    0xF672, 0xF652, 0xF673, 0xE611, 0xD52D, 0xE5D0, 0xF672, 0xEE11, 0xEE52, 0xF6D5, 0xF6F6, 0xF757, 0xFFBA, 0xFFDB, 0xFFDB, 0xFFDA,
    0xFFDA, 0xFFDA, 0xFFBA, 0xFFBA, 0xFFDA, 0xFFDA, 0xFFDA, 0xFFDA, 0xFF99, 0xFF98, 0xFF99, 0xFF98, 0xFF56, 0xFF15, 0xFF16, 0xFF16,
    0xFF15, 0xFF16, 0xFF57, 0xFF58, 0xF759, 0xF6F6, 0xEE53, 0xEE53, 0xEE73, 0xEE53, 0xEE53, 0xEE53, 0xEE11, 0xEE11, 0xEE32, 0xEE74,
    0xEE74, 0xEE74, 0xEE74, 0xEE74, 0xEE74, 0xEE95, 0xE654, 0x8B28, 0xCD72, 0xEEB7, 0xF719, 0xE656, 0x9BCB, 0x7224, 0x82A6, 0x8B07,
    0x82E6, 0x9B88, 0xA40A, 0xAC0B, 0x9BA9, 0x82A5, 0x8B06, 0x9306, 0x9326, 0x9B47, 0x9B47, 0x9B47, 0x9B47, 0x9B67, 0x9B47, 0xA387,
    0xABA8, 0xA387, 0xA388, 0xA368, 0xAB88, 0xBC09, 0xC429, 0xC429, 0xBC29, 0xBC09, 0xBC09, 0xBC29, 0xBC29, 0xBC2A, 0xBC2A, 0xBBE9,
    0xB3E9, 0xB3C9, 0xB3E9, 0xB3C9, 0xB3E9, 0xABC8, 0xA3A8, 0xABC9, 0xABC9, 0xABC9, 0xBC4A, 0xB42A, 0xBC2A, 0xBC2A, 0xBC2A, 0xBC4A,
    0xBC4B, 0xBC4A, 0xB42A, 0xB42A, 0xB42A, 0xABE9, 0x8AA6, 0xA3CA, 0xB48C, 0xEE94, 0xEEB4, 0xEEB4, 0xEED5, 0xEED6, 0xEED6, 0xEED5,
    0x82C6, 0x82C6, 0x82C6, 0x82C6, 0x82C6, 0x82C6, 0x82C6, 0x82C6, 0x82C6, 0x82C6, 0x82C6, 0x82C6, 0x82C6, 0x82C6, 0x82C6, 0x82C6,
    0x82C6, 0x82C6, 0x82C6, 0x82C6, 0x82C6, 0x82C6, 0x82E6, 0x7AA6, 0x6A44, 0x6A44, 0x6A24, 0x7AA5, 0xAC4C, 0xAC6C, 0xB46C, 0x9BC9,
    0x69E3, 0xC5D4, 0xFFFF, 0xF77B, 0xEEF8, 0xEEF9, 0xEEF9, 0xF6F9, 0xE677, 0xD5F4, 0xD5D3, 0xCD93, 0xC552, 0xBD10, 0xC531, 0xAC2C,
    0x8223, 0xB3C8, 0xCC8A, 0xC44A, 0xD4CB, 0xDD0B, 0xDD0B, 0xDD0B, 0xDD0B, 0xD489, 0xCC28, 0xCC08, 0xC408, 0xC3E7, 0xDCCA, 0xDCEA,
    0xD4A9, 0xD4AA, 0xD4AA, 0xD4A9, 0xD4AA, 0xD489, 0xDD0B, 0xEDCF, 0xF672, 0xF672, 0xE5F0, 0x6A45, 0x1820, 0x3943, 0xCDCF, 0xB50C,
    0x9428, 0x62C6, 0x2102, 0x0000, 0x0840, 0x0820, 0x0840, 0x5245, 0x7B88, 0xC56D, 0x9C4A, 0x5245, 0x3123, 0xA44C, 0xFED4, 0xEED6,
    0xFF58, 0xF692, 0xF650, 0xF694, 0xF717, 0xF692, 0xF650, 0xF630, 0xF60F, 0xE56C, 0xEDCE, 0xF630, 0xF650, 0xF6D4, 0xFF37, 0xFF38,
    0xF6D6, 0xF6D6, 0xF6B5, 0xE632, 0xD50E, 0xCD0D, 0xE5D0, 0xE5F1, 0xEE74, 0xF738, 0xF759, 0xFFDB, 0xFFDB, 0xFFDB, 0xFFDB, 0xFFDA,
    0xFFDA, 0xFFDB, 0xFFDA, 0xFFBA, 0xFFBA, 0xFFBA, 0xFFBA, 0xFFBA, 0xFFBA, 0xFFDA, 0xFFDB, 0xFFDA, 0xFF78, 0xFF37, 0xFF16, 0xFF16,
    0xFF57, 0xF737, 0xF779, 0xF738, 0xEE74, 0xF674, 0xEE74, 0xEE53, 0xEE53, 0xEE53, 0xEE73, 0xEE73, 0xEE52, 0xEE53, 0xF694, 0xEE95,
    0xEE95, 0xEE95, 0xEE75, 0xEE75, 0xEE75, 0xEE95, 0xE654, 0x8B28, 0xCD72, 0xEEB8, 0xF719, 0xD615, 0x69A2, 0x7A24, 0x7224, 0x6A03,
    0x7223, 0x7A85, 0x8B07, 0x8B07, 0x9348, 0xBC6C, 0xBC6C, 0xBC8C, 0xAC0A, 0x9306, 0x9B47, 0x9B47, 0x9B27, 0x9B27, 0x9B47, 0x9B67,
    0x9B67, 0xA367, 0xA388, 0xAB88, 0xB3C8, 0xBC29, 0xBC09, 0xC429, 0xC429, 0xB3C8, 0xB3A8, 0xB3C8, 0xBC09, 0xBBE9, 0xB3E9, 0xB3C9,
    0xB3C9, 0xB3E9, 0xB3C9, 0xB3E9, 0xB3E9, 0xABA8, 0xA388, 0xABC8, 0xABE9, 0xB42A, 0xB40A, 0xABE9, 0xABE9, 0xABE9, 0xABE9, 0xB40A,
    0xB42A, 0xBC4A, 0xB40A, 0xAC09, 0xAC09, 0xB40A, 0xBC8C, 0x8264, 0x8AC4, 0xE610, 0xE5F0, 0xDDF1, 0xEE94, 0xEED5, 0xEED5, 0xEED5,
    0x82C6, 0x82C6, 0x82C6, 0x82C6, 0x82C6, 0x82C6, 0x82C6, 0x82C6, 0x82C6, 0x82C6, 0x82C6, 0x82C6, 0x82C6, 0x82C6, 0x82C6, 0x82C6,
    0x82C6, 0x82C6, 0x7AC6, 0x7AA5, 0x7A85, 0x7AA5, 0x7285, 0x7AC6, 0x9BA9, 0x9BA9, 0x9BA9, 0x9BCA, 0xAC4C, 0xAC4B, 0xAC4B, 0xB48D,
    0x82A6, 0xCE15, 0xFFFF, 0xF77B, 0xEEF8, 0xEED8, 0xEED8, 0xEEF8, 0xE676, 0xD5F4, 0xD5F4, 0xD5F4, 0xCD92, 0xBD10, 0xC531, 0xAC2C,
    0x8223, 0xABA8, 0xCCAA, 0xC46A, 0xD4CB, 0xDD0B, 0xDCEB, 0xDCEB, 0xD4AA, 0xCC69, 0xCC49, 0xCC28, 0xCC28, 0xCC48, 0xDCCA, 0xDCEA,
    0xDCCA, 0xDCEA, 0xD4AA, 0xD489, 0xD489, 0xD489, 0xD48A, 0xD4AA, 0xE5AE, 0xFE92, 0xFE92, 0xE610, 0x49A3, 0x1020, 0x3102, 0xC54E,
    0xD60F, 0xACEB, 0x62E7, 0x4A05, 0x4A05, 0x4A04, 0x49E4, 0x9429, 0xBD2D, 0x942A, 0x49E4, 0x3123, 0xEEB5, 0xFEF6, 0xF6B5, 0xF737,
    0xFF58, 0xF692, 0xF650, 0xF6B4, 0xF6F6, 0xF692, 0xFE71, 0xEE0F, 0xE5AE, 0xEDAE, 0xEE0F, 0xF6B2, 0xF6B3, 0xFEF5, 0xFF59, 0xFF39,
    0xFF59, 0xFF59, 0xEED6, 0xEE95, 0xE5F2, 0xC48C, 0xC4AD, 0xE5B0, 0xEEB5, 0xF779, 0xFF9A, 0xFFDB, 0xFFDB, 0xFFDB, 0xFFDB, 0xFFDB,
    0xFFDB, 0xFFDB, 0xFFBB, 0xFFBA, 0xFFBA, 0xFFBA, 0xFFBA, 0xFFBA, 0xFFBA, 0xFFBA, 0xFFBA, 0xFFBA, 0xFFBA, 0xFF78, 0xFF38, 0xFF58,
    0xF779, 0xF759, 0xF6B4, 0xF674, 0xF694, 0xF694, 0xEE74, 0xEE73, 0xEE73, 0xEE52, 0xEE32, 0xEE32, 0xF674, 0xEE95, 0xEE75, 0xEE75,
    0xEE74, 0xE654, 0xEE74, 0xEE95, 0xEE75, 0xEEB5, 0xE674, 0x82C7, 0xCD72, 0xEEF8, 0xF739, 0xDE56, 0x7224, 0x7224, 0x7244, 0x7243,
    0x7223, 0x7223, 0x6A03, 0x69E3, 0x7223, 0x8AE6, 0x9327, 0x8B07, 0xA3EA, 0xBC8D, 0xBC6C, 0xBC6B, 0xA3A9, 0xA3A9, 0x9B47, 0x9B26,
    0x9B26, 0x9B47, 0xABA8, 0xBC09, 0xC42A, 0xC429, 0xC429, 0xB3C8, 0xAB87, 0xAB88, 0xAB88, 0xAB88, 0xAB88, 0xA367, 0xA368, 0xA388,
    0xA388, 0xA367, 0xA388, 0xA388, 0xA388, 0xA387, 0x9B67, 0x9B47, 0xABC8, 0xABE9, 0xABE9, 0xB409, 0xB40A, 0xB409, 0xABE9, 0xABE9,
    0xB3E9, 0xBC4A, 0xB40A, 0xB40A, 0xB40A, 0xB40A, 0xBC4B, 0x8AA5, 0x9326, 0xEE30, 0xE5F0, 0xE5F0, 0xE611, 0xE611, 0xE611, 0xEE52,
    0x82C6, 0x82C6, 0x82C6, 0x82C6, 0x82C6, 0x82C6, 0x82C6, 0x82C6, 0x82C6, 0x82C6, 0x82C6, 0x82C6, 0x82C6, 0x82C6, 0x82C6, 0x82E6,
    0x82C6, 0x82E6, 0x7AA6, 0x6A44, 0x6A64, 0x7265, 0x6A44, 0x8307, 0xB48D, 0xB46C, 0xB46C, 0xAC6C, 0xAC4C, 0xAC4C, 0xAC4C, 0xB46C,
    0x7A85, 0xDE77, 0xFFFF, 0xF79B, 0xEED8, 0xE676, 0xE676, 0xE677, 0xDE56, 0xDDF4, 0xD5D4, 0xD5D4, 0xCD93, 0xC551, 0xC551, 0xA3EB,
    0x8A85, 0xAB67, 0xD4CB, 0xCCAB, 0xD4EB, 0xD4EA, 0xCC89, 0xD489, 0xCC49, 0xCC49, 0xCC49, 0xD469, 0xD469, 0xD489, 0xE52B, 0xE52B,
    0xE52B, 0xE52C, 0xE52B, 0xE52B, 0xE52C, 0xD4AA, 0xD489, 0xD489, 0xD4CA, 0xEDCE, 0xF651, 0xFEB3, 0xDE10, 0x7B28, 0x0000, 0x28C1,
    0x5245, 0xACCC, 0xA4AB, 0xA4AB, 0xA48B, 0xA4AB, 0x9C8B, 0x9C4A, 0x7B48, 0x28E3, 0x5A67, 0xEED4, 0xFF37, 0xFF36, 0xFFBA, 0xFFBB,
    0xF6F5, 0xFE92, 0xF651, 0xEE31, 0xF692, 0xF6B3, 0xF671, 0xE5CF, 0xDD8F, 0xEDCF, 0xE5F0, 0xF6B3, 0xFF36, 0xFF16, 0xFF39, 0xFF59,
    0xFF59, 0xFF39, 0xF718, 0xF739, 0xE675, 0xC4AD, 0xC4AC, 0xE5B0, 0xF6D6, 0xFFBB, 0xFF9A, 0xFFDB, 0xFFDB, 0xFFDB, 0xFFDB, 0xFFDB,
    0xFFDB, 0xFFDB, 0xFFDB, 0xFFBB, 0xFFBB, 0xFFBA, 0xFFBA, 0xFFBA, 0xFF9A, 0xFF9A, 0xFF9A, 0xFFBA, 0xFFBB, 0xFFBB, 0xFF9B, 0xFF9B,
    0xF6D6, 0xF695, 0xF6B5, 0xEE94, 0xF694, 0xF6B4, 0xF674, 0xEE53, 0xEE52, 0xE611, 0xE5D0, 0xE5D0, 0xEE32, 0xEE94, 0xEE95, 0xEE74,
    0xEE74, 0xEE74, 0xEE95, 0xEE75, 0xF6B6, 0xBCEF, 0xA42C, 0xC531, 0xDE35, 0xEED8, 0xE696, 0xD5D4, 0x7224, 0x8285, 0x82C6, 0x82C5,
    0x82C5, 0x7A65, 0x6A24, 0x7244, 0x7223, 0x6A03, 0x82A5, 0x82A5, 0x8AE6, 0x9327, 0x9306, 0xAC0A, 0xBC8C, 0xBC8C, 0xB40A, 0xB3EA,
    0xB3E9, 0xB3E9, 0xAB88, 0xABA8, 0xABA8, 0xBBE9, 0xC42A, 0xB3C8, 0xB3A8, 0xB3A8, 0xB3A8, 0xB3C8, 0xB3E9, 0xBC09, 0xBBE9, 0xBC09,
    0xABA8, 0x9B26, 0x9B47, 0x9B47, 0x9B47, 0x9B47, 0x9B67, 0x9B67, 0xA388, 0xA3A8, 0xA3A8, 0xA3A8, 0xA3A8, 0xA3C8, 0xB409, 0xB409,
    0xB42A, 0xBC2A, 0xAC09, 0xABE9, 0xB40A, 0xB40A, 0xBC4B, 0x8285, 0x9306, 0xE5CF, 0xDDAF, 0xE5CF, 0xE5F0, 0xE610, 0xE610, 0xEE31,
    0x82C6, 0x82E6, 0x82C6, 0x82C6, 0x82C6, 0x82C6, 0x82E6, 0x82E6, 0x82C6, 0x82C6, 0x82C6, 0x82C6, 0x82C6, 0x82C6, 0x7AA6, 0x7264,
    0x7265, 0x6A44, 0x7285, 0x9BEA, 0xA40B, 0xA42B, 0xA42B, 0xAC2B, 0xAC6C, 0xAC6C, 0xAC4C, 0xAC4C, 0xAC4C, 0xAC4C, 0xAC4C, 0xB48C,
    0x8AE7, 0x938A, 0xB512, 0xFF9C, 0xEF19, 0xE676, 0xE676, 0xE676, 0xDE35, 0xD5D3, 0xD5D3, 0xD5F4, 0xD5D3, 0xC572, 0xC551, 0xCD51,
    0x9B48, 0xA347, 0xD4EC, 0xCCCB, 0xD4EB, 0xD4EB, 0xD4CA, 0xCC89, 0xCC69, 0xCC69, 0xD469, 0xD469, 0xCC69, 0xD469, 0xD4CA, 0xE52B,
    0xE52B, 0xE52C, 0xE52C, 0xDD0B, 0xDD0B, 0xD4AA, 0xD489, 0xCC89, 0xD469, 0xCC28, 0xDD8D, 0xFEB2, 0xFF54, 0xDDF0, 0xA48C, 0x62A7,
    0x1020, 0x20A0, 0x2080, 0x2080, 0x20A0, 0x2080, 0x2080, 0x1860, 0x28E2, 0xE695, 0xFF78, 0xFF78, 0xFF78, 0xFF58, 0xFFDB, 0xFFDC,
    0xF6F6, 0xF6B4, 0xF692, 0xEDEF, 0xEE10, 0xF672, 0xF651, 0xDD8F, 0xDD8F, 0xE5D0, 0xE5AF, 0xEE73, 0xFF38, 0xFF38, 0xFF59, 0xFF59,
    0xFF59, 0xFF7A, 0xFF7A, 0xEEB7, 0xE655, 0xC46C, 0xD50F, 0xEDF1, 0xEED6, 0xF759, 0xFF9A, 0xFFBA, 0xFFDB, 0xFFDB, 0xFFDB, 0xFFDB,
    0xFFDB, 0xFFDB, 0xFFDB, 0xFFDB, 0xFFDB, 0xFF9A, 0xFF58, 0xFF59, 0xFF59, 0xFF59, 0xFF59, 0xFF7A, 0xFFBC, 0xFFBB, 0xF717, 0xF6D6,
    0xF6F6, 0xF6D6, 0xF6B5, 0xEE95, 0xF694, 0xF694, 0xEE53, 0xDDD0, 0xDDD0, 0xE5D0, 0xE5D0, 0xE5D0, 0xE5F1, 0xEE74, 0xEE75, 0xEE75,
    0xEE74, 0xEE75, 0xEE75, 0xEE75, 0xF6B6, 0xAC2C, 0x82E7, 0xEEB6, 0xE656, 0xE676, 0x8AC6, 0x6981, 0x6981, 0x7A23, 0x8AC6, 0x8AC5,
    0x8AE6, 0x7A64, 0x61A1, 0x61A1, 0x61A1, 0x61A2, 0x7244, 0x7A64, 0x8284, 0x8AC5, 0x8AC5, 0x9306, 0x9B27, 0x9B47, 0xABC9, 0xB3EA,
    0xB3E9, 0xABC9, 0xA367, 0xABA8, 0xABA8, 0xB3C8, 0xBBE9, 0xBC09, 0xBC09, 0xBC09, 0xBC09, 0xC42A, 0xB3C8, 0xAB87, 0xAB88, 0xABA8,
    0xABA8, 0x9B47, 0x9B47, 0x9B47, 0x9B67, 0x9B47, 0x9B67, 0x9B67, 0x9B47, 0x9B47, 0x9B47, 0x9B67, 0xA388, 0xA3A8, 0xBC2A, 0xBC2A,
    0xBC4A, 0xB409, 0xABC8, 0xA3C9, 0xABE9, 0xAC0A, 0xB42A, 0xABE9, 0xA3C9, 0x6A24, 0xAC2A, 0xE5EF, 0xDDAF, 0xDDCF, 0xDDCF, 0xDDCF,
    0x82C6, 0x82E6, 0x82C6, 0x82C6, 0x82C6, 0x82C6, 0x82C6, 0x82C6, 0x82C6, 0x82C6, 0x82C6, 0x82C6, 0x82C6, 0x7AC6, 0x7AC6, 0x7AC6,
    0x7AE7, 0x7AE7, 0x8327, 0xAC4C, 0xAC6C, 0xAC6C, 0xAC6C, 0xAC6C, 0xAC6C, 0xAC6C, 0xAC6C, 0xAC6C, 0xAC4C, 0xAC6C, 0xAC4C, 0xAC6C,
    0xAC2B, 0x8B07, 0x8B49, 0xFFFD, 0xEF19, 0xDE35, 0xE676, 0xE697, 0xDE15, 0xD5B3, 0xD5D4, 0xD5F4, 0xCDB3, 0xC552, 0xC572, 0xCD72,
    0x9B69, 0xA367, 0xD4EC, 0xCCCB, 0xD4EB, 0xD50B, 0xD4CA, 0xCC89, 0xD489, 0xD469, 0xD469, 0xD469, 0xCC49, 0xD469, 0xDCEA, 0xDD2B,
    0xDD2B, 0xE52B, 0xDD0B, 0xD4CA, 0xD4AA, 0xD4AA, 0xD4AA, 0xCC89, 0xCC69, 0xCC48, 0xCC68, 0xD4AA, 0xDD0B, 0xF671, 0xFF54, 0xEE92,
    0xCD6F, 0x72C7, 0x5225, 0x5A45, 0x6266, 0x6246, 0x836A, 0xBD71, 0xC571, 0xF757, 0xFF76, 0xFF77, 0xFFDC, 0xFFFC, 0xFFFC, 0xFFFC,
    0xFFBB, 0xFFDB, 0xF6F5, 0xEDCF, 0xEE31, 0xF693, 0xE5F0, 0xDD6F, 0xDD6F, 0xE58F, 0xEDD0, 0xF674, 0xFF17, 0xFF38, 0xF6F7, 0xFF18,
    0xFF59, 0xF696, 0xEE15, 0xD40C, 0xD38B, 0xC38A, 0xAB8A, 0xE5B1, 0xF6D6, 0xE675, 0xFF7A, 0xFF9B, 0xFFDB, 0xFFDB, 0xFFDB, 0xFFDB,
    0xFFDB, 0xFFDB, 0xFFDB, 0xFFBA, 0xFF9A, 0xFF59, 0xFF59, 0xFF59, 0xFF59, 0xFF7A, 0xFFBB, 0xF77A, 0xF6D6, 0xF6D6, 0xF6F7, 0xF6D6,
    0xF6F6, 0xF6D6, 0xF6B5, 0xF6B5, 0xF694, 0xDDD0, 0xDDD0, 0xDDD0, 0xE5D0, 0xDDD0, 0xE5D0, 0xE5D0, 0xDDD0, 0xEE94, 0xEEB5, 0xF6B6,
    0xEEB6, 0xEEB6, 0xEED6, 0xEEB6, 0xFF38, 0xCDB3, 0xACCF, 0xEF19, 0xEF19, 0xF75A, 0xBD10, 0xA3EC, 0xAC4D, 0xB48D, 0xBCCE, 0xBCCE,
    0xBCEF, 0xB48D, 0xA40B, 0xA42C, 0xA42C, 0xA40B, 0xAC6C, 0xB4AD, 0xA3EA, 0x8264, 0x8AA5, 0x92E5, 0x9B47, 0x9B47, 0x9B47, 0x9B47,
    0x9B47, 0x9B47, 0xA347, 0xB3A8, 0xB3C8, 0xB3A8, 0xB3A8, 0xB3C8, 0xBBE8, 0xBC09, 0xC429, 0xC42A, 0xBBE9, 0xB3C8, 0xB3C8, 0xA367,
    0x9B47, 0x9B47, 0x9B67, 0x9B67, 0x9B67, 0xA388, 0xA388, 0xA367, 0x9B67, 0x9B67, 0xA367, 0xB3E9, 0xB40A, 0xB42A, 0xBC2A, 0xBC2A,
    0xBC4A, 0xBC2A, 0xB409, 0xABE9, 0xABE9, 0xABE9, 0xAC0A, 0xB42A, 0xB42A, 0x61A2, 0xA3E9, 0xE5F0, 0xDDAF, 0xDDAF, 0xDDAF, 0xDDAF,
    0x82C6, 0x82C6, 0x82C6, 0x82E6, 0x82E6, 0x82C6, 0x82E6, 0x82E6, 0x82C6, 0x82E6, 0x7A85, 0x7244, 0x7244, 0x6A44, 0x7285, 0xAC6C,
    0xB48D, 0xB48C, 0xAC6C, 0xAC4C, 0xAC4C, 0xAC4C, 0xAC4C, 0xAC4C, 0xAC6C, 0xAC6C, 0xAC6C, 0xAC6B, 0xAC6C, 0xAC6C, 0xAC6C, 0xAC6C,
    0xB48C, 0xAC4C, 0x82E7, 0xE6D8, 0xFFBD, 0xE6D8, 0xE676, 0xE697, 0xDE35, 0xD5F4, 0xDE15, 0xDE15, 0xCDB3, 0xC572, 0xC572, 0xCD72,
    0x9B69, 0xA367, 0xD4EC, 0xD4CB, 0xD4EB, 0xD4CA, 0xD4AA, 0xD489, 0xD489, 0xCC89, 0xD469, 0xD469, 0xD469, 0xD489, 0xDD0B, 0xDD0B,
    0xDD0B, 0xDD0B, 0xDCEA, 0xD4AA, 0xD4AA, 0xD4CA, 0xD4CA, 0xD4CA, 0xD4CA, 0xCC89, 0xD489, 0xD489, 0xD489, 0xDD2C, 0xE58D, 0xEDEF,
    0xF650, 0xFEB2, 0xFED3, 0xFED3, 0xFEF3, 0xFEF3, 0xFF15, 0xFFB8, 0xFFB9, 0xFF77, 0xFF99, 0xFFBB, 0xFFFC, 0xFFDC, 0xFFDC, 0xFFFC,
    0xFFFC, 0xFFFC, 0xF6F5, 0xEE31, 0xF693, 0xF6B4, 0xE632, 0xD54F, 0xE590, 0xD4CD, 0xDD70, 0xFED5, 0xFEB6, 0xF695, 0xED51, 0xF592,
    0xED51, 0xDC0C, 0xDB4A, 0xDB8A, 0xDB8A, 0xCB6A, 0xAAC8, 0xDD71, 0xBC8E, 0xE656, 0xFFDC, 0xFFDC, 0xFFDC, 0xFFDC, 0xFFDC, 0xFFDC,
    0xFFDC, 0xFFDB, 0xFFBB, 0xFF9A, 0xF759, 0xF759, 0xFF79, 0xFF9A, 0xFF9A, 0xF759, 0xF738, 0xF718, 0xF6F7, 0xF6F7, 0xF6F6, 0xF6D6,
    0xF6D6, 0xEE94, 0xEE74, 0xEE74, 0xEE74, 0xDDD1, 0xDDD1, 0xDDF1, 0xDE12, 0xF718, 0xF739, 0xF718, 0xF738, 0xF77A, 0xF77A, 0xF77A,
    0xF77A, 0xF77A, 0xF75A, 0xFFBA, 0xC593, 0xD615, 0xFF7A, 0xF739, 0xF75B, 0xCDD5, 0xC530, 0xE611, 0xCD30, 0xA44E, 0xAC6E, 0xAC8E,
    0xAC6D, 0xA44D, 0xA44D, 0xA44D, 0xAC4D, 0xA44D, 0xB4AE, 0xB4AD, 0xB4AD, 0xC50E, 0xCD4F, 0xB46C, 0x92E5, 0x9B06, 0x9B27, 0xA347,
    0x9B67, 0xA367, 0xA367, 0xB3C8, 0xB3C8, 0xB3A8, 0xB3C8, 0xB3A8, 0xB3C8, 0xBC09, 0xB3C8, 0xBBC8, 0xBBE8, 0xBBE9, 0xBC09, 0xB3A8,
    0xAB88, 0xAB88, 0xAB88, 0xAB88, 0xA388, 0xAB88, 0xA347, 0x9B47, 0x9B67, 0x9B67, 0xA367, 0xA387, 0xB3E9, 0xB409, 0xB409, 0xBC2A,
    0xBC4A, 0xBC4A, 0xBC4A, 0xBC4A, 0xBC4A, 0xB42A, 0xABE9, 0xABE9, 0xABEA, 0x69E2, 0xAC09, 0xE5F0, 0xDDAF, 0xDDAF, 0xDDAF, 0xDDAF,
    0x82C6, 0x82C6, 0x82E6, 0x82E6, 0x82E6, 0x82C6, 0x7AC6, 0x7AC6, 0x7AA6, 0x7AA6, 0x82E6, 0x8B68, 0x8B68, 0x9369, 0x93A9, 0xAC6C,
    0xAC6C, 0xAC6C, 0xAC4C, 0xAC4C, 0xAC4C, 0xAC4C, 0xAC6C, 0xAC6C, 0xAC6C, 0xAC6C, 0xAC6C, 0xAC6C, 0xAC6C, 0xAC6C, 0xAC6C, 0xAC6C,
    0xAC6C, 0xAC4C, 0x7204, 0xAC6E, 0xE6FA, 0xF7BD, 0xEF19, 0xE696, 0xE656, 0xDE15, 0xDE15, 0xD614, 0xCD93, 0xCD92, 0xCD92, 0xCD72,
    0x9348, 0xA347, 0xD4EC, 0xD4CB, 0xD4EB, 0xD4CB, 0xD4AA, 0xD4CA, 0xD4CB, 0xDCEB, 0xD469, 0xD469, 0xD469, 0xD489, 0xDCEB, 0xE54C,
    0xE54C, 0xE54C, 0xE54C, 0xDD2C, 0xDD0B, 0xD4AA, 0xD4AA, 0xD4AA, 0xD4CA, 0xDCCA, 0xDCCA, 0xDCCA, 0xDCCA, 0xD4AA, 0xD4CA, 0xDCCB,
    0xD4EB, 0xEE0F, 0xF671, 0xF671, 0xF671, 0xF692, 0xF6B3, 0xF6F4, 0xF6F4, 0xFF15, 0xFFDC, 0xFFFD, 0xFFDC, 0xFFDC, 0xFFDC, 0xFFDC,
    0xFFFC, 0xFFFC, 0xFFBB, 0xFF79, 0xFF58, 0xF6F6, 0xEE94, 0xDD70, 0xD50E, 0xCC0B, 0xDCCE, 0xE4EF, 0xD38B, 0xDBCB, 0xDBAB, 0xDBAA,
    0xD329, 0xDB4A, 0xE38B, 0xE3CB, 0xE3EC, 0xE3EB, 0xDB8A, 0xBB6A, 0xD511, 0xF759, 0xFFDC, 0xFFDC, 0xFFDC, 0xFFDC, 0xFFDC, 0xFFFC,
    0xFFFC, 0xFFDB, 0xFF9A, 0xFF9A, 0xFF79, 0xFF7A, 0xFF9A, 0xF759, 0xF6F7, 0xF6D7, 0xF6B6, 0xF6B6, 0xEEB6, 0xF6B6, 0xEED6, 0xF6D6,
    0xF6F7, 0xF6F7, 0xF6F8, 0xF718, 0xF739, 0xF719, 0xF739, 0xF739, 0xF6F7, 0xEE95, 0xE674, 0xE654, 0xEE74, 0xEE54, 0xEE54, 0xEE54,
    0xEE54, 0xEE74, 0xE633, 0xE633, 0x8B28, 0xAC6E, 0xF6D7, 0xE676, 0xF717, 0xA40C, 0x8A83, 0xDCC9, 0xAB86, 0x4900, 0x7224, 0x7A44,
    0x7224, 0x5981, 0x5161, 0x5961, 0x5961, 0x5961, 0x61C2, 0x7203, 0x82E6, 0xBD0E, 0xBCCE, 0xC52F, 0xDDD1, 0xDDF2, 0xBC8C, 0x9326,
    0x9B47, 0x9B47, 0xA347, 0xAB88, 0xB3A8, 0xB3A8, 0xB3A8, 0xB3A8, 0xB3A8, 0xB388, 0xAB87, 0xAB87, 0xAB87, 0xAB87, 0xB3A8, 0xB3A8,
    0xABA8, 0xAB88, 0xAB88, 0xB3C9, 0xB3C9, 0xB3C9, 0xB3C8, 0xABA8, 0xA367, 0xA367, 0xA367, 0xA387, 0xA387, 0xAB88, 0xAB88, 0xBC09,
    0xBC4A, 0xBC2A, 0xB409, 0xABE9, 0xABE9, 0xABE9, 0xABE9, 0xABE9, 0xABE9, 0x69E3, 0xAC2A, 0xE60F, 0xDD8E, 0xDD8E, 0xDD8E, 0xDD8E,
    0x82C6, 0x82C6, 0x82E6, 0x82E6, 0x82E7, 0x7AC6, 0x6A44, 0x7264, 0x7265, 0x6A44, 0x9369, 0xB4AD, 0xB46C, 0xB48C, 0xB48C, 0xAC6C,
    0xAC6C, 0xAC6C, 0xAC6C, 0xAC6C, 0xAC6C, 0xAC4C, 0xAC6C, 0xAC6C, 0xAC6C, 0xAC6C, 0xAC6C, 0xAC6C, 0xAC6C, 0xAC6C, 0xAC6C, 0xAC6C,
    0xAC6C, 0xAC6B, 0xAC6C, 0x9B89, 0x7286, 0xFFBC, 0xFFDC, 0xE697, 0xE676, 0xDE15, 0xDE35, 0xD614, 0xD5D4, 0xD5D3, 0xD5B3, 0xC551,
    0xAC2C, 0x9B27, 0xBC29, 0xD4EC, 0xD4EB, 0xD4CB, 0xD4EB, 0xDD2C, 0xDD4C, 0xDD0B, 0xCC69, 0xD469, 0xD469, 0xD489, 0xDD0B, 0xE56C,
    0xEDCD, 0xEDCE, 0xEDCE, 0xEDEE, 0xEDAD, 0xDCEB, 0xDCEB, 0xDCEB, 0xDD2B, 0xE52C, 0xDD0B, 0xDD0B, 0xDCEB, 0xDD2B, 0xF64F, 0xF650,
    0xF650, 0xF691, 0xFEB1, 0xFE91, 0xF692, 0xFF55, 0xFF76, 0xFF56, 0xFF56, 0xFF57, 0xFF99, 0xFFBA, 0xFFFC, 0xFFDC, 0xFFDC, 0xFFFC,
    0xFFFC, 0xFFFC, 0xFFFC, 0xFFDC, 0xFFDB, 0xFF7A, 0xFF38, 0xE632, 0xC42C, 0xCBAB, 0xDBAB, 0xD32A, 0xD32A, 0xD329, 0xD309, 0xD309,
    0xDB2A, 0xDB6A, 0xEBEB, 0xD3AA, 0xAAA8, 0xB2A8, 0xC34A, 0xBBAB, 0xF6F8, 0xFFFD, 0xFFDC, 0xFFDC, 0xFFDC, 0xFFDC, 0xFFDC, 0xF77A,
    0xF738, 0xFF79, 0xF718, 0xEE96, 0xEE75, 0xE655, 0xE655, 0xEEB6, 0xF6F7, 0xF6F7, 0xF718, 0xF718, 0xF6F8, 0xF718, 0xF77B, 0xF79B,
    0xF77A, 0xF75A, 0xF75A, 0xEF19, 0xDE12, 0xDDF1, 0xE5F1, 0xE5F1, 0xE5F1, 0xE5F1, 0xE5F1, 0xE632, 0xE633, 0xEE33, 0xEE53, 0xEE53,
    0xEE53, 0xEE74, 0xE612, 0x9369, 0xBCEF, 0xDE55, 0xF6D7, 0xEEB7, 0xF718, 0xAC6E, 0x92E5, 0xE50A, 0xBC29, 0x6A24, 0x7A85, 0x82A6,
    0x82C6, 0x7244, 0x6A03, 0x61E3, 0x61E3, 0x61E3, 0x6A03, 0x82C6, 0x82A5, 0x7A64, 0x7A44, 0x8AE6, 0xA3C9, 0x9B88, 0xB44B, 0xDDD1,
    0xDDD1, 0xBC6C, 0x9B06, 0x9B26, 0xA347, 0xA367, 0xB3A8, 0xB388, 0xAB88, 0xAB88, 0xB388, 0xAB87, 0xB3A8, 0xBBE9, 0xBBE9, 0xBC09,
    0xB3E8, 0xABA8, 0xB3A8, 0xB3C9, 0xBC0A, 0xBC2A, 0xBC2A, 0xBC0A, 0xABA8, 0xABA8, 0xAB88, 0xAB88, 0xAB88, 0xAB88, 0xABA8, 0xABC9,
    0xB3E9, 0xB40A, 0xABE9, 0xA3C8, 0xABC9, 0xABE9, 0xABE9, 0xABE9, 0xABE9, 0x61C2, 0xA3C9, 0xDD8F, 0xD56E, 0xDD8E, 0xD56E, 0xD56E,
    0x82C6, 0x82C6, 0x7265, 0x6A44, 0x6A44, 0x6A24, 0x8B48, 0xAC4C, 0xAC2B, 0xAC4B, 0xAC4C, 0xAC6C, 0xAC6C, 0xAC4C, 0xAC6C, 0xAC6C,
    0xAC6C, 0xAC6C, 0xAC6C, 0xAC6C, 0xAC6C, 0xAC6C, 0xAC6C, 0xAC6C, 0xAC6C, 0xAC6C, 0xAC6C, 0xAC6C, 0xB46C, 0xAC6C, 0xAC6C, 0xAC6C,
    0xAC6C, 0xAC6C, 0xB4AD, 0xA3CA, 0x82A6, 0xFF9C, 0xFFDC, 0xE6B7, 0xE676, 0xDE56, 0xDE56, 0xE676, 0xE676, 0xD5D3, 0xD5B3, 0xD5D4,
    0xDDD3, 0x9B88, 0xB3E8, 0xD50C, 0xD4CB, 0xD4EB, 0xDD0B, 0xDD0C, 0xDD0B, 0xD4EB, 0xCC69, 0xCC69, 0xD4AA, 0xDD0B, 0xE52C, 0xE54C,
    0xE5AD, 0xEDCE, 0xEDCE, 0xEDCE, 0xEDCE, 0xEDCE, 0xEDAD, 0xEDAD, 0xEDAD, 0xE5AD, 0xEDEF, 0xF650, 0xF650, 0xF650, 0xFEB1, 0xFEB1,
    0xFEB1, 0xFE91, 0xFE91, 0xFED3, 0xFF14, 0xFF35, 0xFF56, 0xFFB8, 0xFF98, 0xFFB8, 0xFF97, 0xFFBA, 0xFFFC, 0xFFFC, 0xFFFC, 0xFFFC,
    0xFFFC, 0xFFFC, 0xFFDC, 0xFFDC, 0xFFDC, 0xF77A, 0xDDB3, 0xE653, 0xD4CE, 0xCB8A, 0xE3AB, 0xE3AB, 0xE38B, 0xE38B, 0xDB4A, 0xDB29,
    0xDB09, 0xE38A, 0xDBCB, 0x7123, 0x60C2, 0x7964, 0xAB6B, 0xFF39, 0xFFDB, 0xFFDC, 0xFFDC, 0xFFDC, 0xFFDC, 0xFFDC, 0xFFDC, 0xFFBB,
    0xEED7, 0xF738, 0xF759, 0xEF18, 0xF718, 0xF738, 0xF718, 0xEED6, 0xEED7, 0xF738, 0xF75A, 0xF75A, 0xF77A, 0xF759, 0xEF18, 0xF718,
    0xEE95, 0xE633, 0xE612, 0xDDF1, 0xDDB0, 0xDDAF, 0xE5CF, 0xE5D0, 0xE5F0, 0xE5F0, 0xE5F0, 0xE611, 0xE612, 0xEE53, 0xEE53, 0xEE53,
    0xEE53, 0xEE74, 0xE613, 0x9328, 0xDDF3, 0xF6F8, 0xEEB7, 0xEEB7, 0xFF59, 0xB4CF, 0x92C5, 0xDCCA, 0xCC89, 0xCCAA, 0x69E4, 0x69E3,
    0x82A6, 0x82C6, 0x7265, 0x59A2, 0x61E3, 0x61C3, 0x6A03, 0x7224, 0x7244, 0x7244, 0x7244, 0x7A44, 0x82A5, 0x8284, 0x9306, 0xA3C9,
    0xA3A9, 0xABEA, 0xD56F, 0xC4CD, 0x9B06, 0x9AE5, 0xA326, 0xAB67, 0xAB67, 0xAB67, 0xAB87, 0xAB67, 0xB3A8, 0xBBE9, 0xBBE8, 0xBBE8,
    0xBBE9, 0xBBE9, 0xBC09, 0xBC0A, 0xBC0A, 0xBC2A, 0xBC29, 0xBC2A, 0xC42A, 0xC42A, 0xB3C8, 0xAB88, 0xAB88, 0xABA8, 0xABA8, 0xB3E9,
    0xB3E9, 0xB3E9, 0xABE9, 0xABC9, 0xA388, 0xA3A8, 0xA3A9, 0xABE9, 0xA3C9, 0x9307, 0x8AE6, 0x7244, 0xCD0D, 0xDD8E, 0xD56E, 0xD56E,
    0x7AC6, 0x7AA5, 0x7AA5, 0x7AC6, 0x7AC6, 0x82E6, 0xA40A, 0xB48C, 0xB46C, 0xAC6C, 0xAC6C, 0xAC6C, 0xAC6C, 0xAC6C, 0xAC6C, 0xAC6C,
    0xAC6C, 0xAC6C, 0xAC6C, 0xAC6C, 0xAC6C, 0xAC6C, 0xAC6C, 0xAC6C, 0xAC6C, 0xAC6C, 0xAC6C, 0xAC6C, 0xAC6C, 0xAC6C, 0xAC6C, 0xAC6C,
    0xAC6C, 0xAC4C, 0xB48C, 0x9BA9, 0x82C7, 0xFFDD, 0xFFDD, 0xE697, 0xE676, 0xE676, 0xE676, 0xE676, 0xE676, 0xD5D4, 0xD5B3, 0xD5B3,
    0xD5B3, 0xA389, 0xBBE9, 0xDD0C, 0xD4CB, 0xD4CB, 0xD4CB, 0xD4AB, 0xD4AA, 0xD4AA, 0xD4AA, 0xD4CA, 0xDCEB, 0xE54C, 0xDD6C, 0xEDCE,
    0xEDCE, 0xEDCE, 0xEDCE, 0xEDCE, 0xEDAE, 0xEDAD, 0xE58D, 0xE58D, 0xEDCE, 0xF60F, 0xF630, 0xF670, 0xFE91, 0xFE91, 0xFE91, 0xFE91,
    0xFE91, 0xFE91, 0xF691, 0xFEF3, 0xFF76, 0xFF35, 0xFF76, 0xFFD9, 0xFFDA, 0xFFDB, 0xFFDB, 0xFFDB, 0xFFFC, 0xFFFC, 0xFFFC, 0xFFFC,
    0xFFFC, 0xFFFC, 0xFFDC, 0xFFDC, 0xFFDC, 0xFFDB, 0xCD93, 0xB3EC, 0xC42C, 0xDC4D, 0xC309, 0xB2C8, 0xB2C8, 0xCB2A, 0xE38B, 0xDB2A,
    0xDB09, 0xEBAB, 0xBB09, 0x3800, 0x9247, 0xED72, 0xE5F4, 0xFFBB, 0xFFDB, 0xFFDC, 0xFFFC, 0xFFFC, 0xFFDC, 0xFFDC, 0xFFDC, 0xFFDC,
    0xFFFC, 0xFFFC, 0xFFFC, 0xFFFC, 0xFFFC, 0xFFFC, 0xFFDB, 0xFF7A, 0xF759, 0xEE95, 0xEE95, 0xEEB5, 0xEEB6, 0xEEB6, 0xEED6, 0xF6D6,
    0xEE75, 0xE654, 0xE612, 0xDDF1, 0xDDB0, 0xDDAF, 0xDDAF, 0xE5D0, 0xE5F0, 0xE5F0, 0xE5F1, 0xE5F0, 0xE612, 0xEE53, 0xEE53, 0xEE53,
    0xEE54, 0xF6B5, 0xEE53, 0xA3EB, 0xE655, 0xEEB7, 0xEED8, 0xE655, 0xAC0C, 0x8B08, 0x9306, 0xD4CA, 0xD4AA, 0xCCAA, 0x61C3, 0x6A03,
    0x82A6, 0x82A6, 0x7A65, 0x69E3, 0x61C3, 0x61E3, 0x61E2, 0x69E3, 0x7224, 0x7244, 0x7A44, 0x82A5, 0x8AE6, 0x8AE6, 0x9306, 0x8AC5,
    0x8AC5, 0x9B26, 0xB3C9, 0xABC9, 0xC48C, 0xCCED, 0xB40A, 0x9B06, 0xAB47, 0xB3C8, 0xB3C8, 0xB3C8, 0xB3E8, 0xBBE8, 0xBBE8, 0xBBE9,
    0xBBE9, 0xBBE9, 0xBBE9, 0xBBE9, 0xBBE9, 0xBC09, 0xBC2A, 0xC42A, 0xC42A, 0xBC29, 0xBC09, 0xB3C8, 0xABA8, 0xB3C8, 0xB3E9, 0xBC09,
    0xBC0A, 0xB3E9, 0xABE9, 0xABE9, 0xABC9, 0xA3A8, 0xA3C9, 0xA3C9, 0xA3C9, 0xAC0A, 0x9B88, 0x7203, 0xCD0D, 0xDD8E, 0xD56E, 0xD56E,
    0x6A44, 0x6A64, 0xA40A, 0xB46C, 0xAC6C, 0xB46C, 0xAC6C, 0xAC6C, 0xAC6C, 0xAC6C, 0xAC6C, 0xAC6C, 0xAC6C, 0xAC6C, 0xAC6C, 0xAC6C,
    0xAC6C, 0xAC6C, 0xAC6C, 0xAC6C, 0xAC6C, 0xAC6C, 0xAC6C, 0xAC6C, 0xB46C, 0xAC6C, 0xAC6C, 0xAC6C, 0xAC6C, 0xAC6C, 0xAC6C, 0xAC6C,
    0xAC6C, 0xAC6C, 0xB48C, 0xA3CA, 0x82E7, 0xEF19, 0xFFBC, 0xEED8, 0xEEB7, 0xE696, 0xE676, 0xE676, 0xE676, 0xD5F4, 0xD5B3, 0xD5B3,
    0xD5D3, 0xA389, 0xBBE9, 0xDD0C, 0xD4CB, 0xD4CB, 0xD4CB, 0xD4EB, 0xD4CB, 0xCCAA, 0xD4CB, 0xE56D, 0xE56D, 0xE54D, 0xE54D, 0xE5AD,
    0xEDCE, 0xEDCE, 0xEDCE, 0xEDCE, 0xF60F, 0xF630, 0xEE0F, 0xEDEF, 0xEDEF, 0xF650, 0xF670, 0xF671, 0xF691, 0xF691, 0xF691, 0xFE91,
    0xFEB2, 0xFEF4, 0xFF14, 0xFF35, 0xFF56, 0xFF98, 0xFFB9, 0xFFDA, 0xFFDB, 0xFFDC, 0xFFFC, 0xFFFC, 0xFFDC, 0xFFFC, 0xFFFC, 0xFFFC,
    0xFFFC, 0xFFFC, 0xFFFC, 0xFFFC, 0xFFDC, 0xFFDC, 0xFFFE, 0xCD93, 0xC4AF, 0xBB8B, 0x6923, 0x3020, 0x3000, 0x58C2, 0xDB6B, 0xDB4A,
    0xDB2A, 0xE3AB, 0xCB6A, 0x81A5, 0xBB6B, 0xEE14, 0xF719, 0xFFDC, 0xFFDB, 0xFFDC, 0xFFFD, 0xFFFC, 0xFFFC, 0xFFDC, 0xFFFC, 0xFFFC,
    0xFFFC, 0xFFFC, 0xFFDC, 0xFFDB, 0xFFDB, 0xFFDB, 0xFFDB, 0xFFFC, 0xFFBB, 0xF718, 0xF718, 0xEEF7, 0xF6D6, 0xF6D6, 0xEED6, 0xEED7,
    0xEE95, 0xE654, 0xE612, 0xDDD0, 0xDDB0, 0xDDB0, 0xDDB0, 0xE5D0, 0xE5F0, 0xE5F0, 0xE5F1, 0xEE33, 0xEE54, 0xEE54, 0xEE54, 0xEE54,
    0xF694, 0xC52F, 0xBD0F, 0xDE35, 0xEEF8, 0xEEB7, 0xEE96, 0xDE14, 0x8285, 0x7203, 0x9B27, 0xD4CA, 0xD4AA, 0xCC8A, 0x7224, 0x6A04,
    0x7A85, 0x7A85, 0x82A6, 0x7A64, 0x61C2, 0x61E3, 0x61E2, 0x61C2, 0x7223, 0x8285, 0x8285, 0x8AE6, 0x9306, 0x9306, 0x9306, 0x9306,
    0x9306, 0x9B26, 0x9B26, 0x9B26, 0xB3E9, 0xB40A, 0xB409, 0xCCCC, 0xCCCC, 0xC44A, 0xB3C8, 0xBBC8, 0xBBE8, 0xBC09, 0xBC09, 0xBC09,
    0xB3E9, 0xBBE9, 0xBBE9, 0xBC0A, 0xBC2A, 0xBC2A, 0xC44A, 0xC44A, 0xC44A, 0xBC09, 0xB3C8, 0xB3C9, 0xABA8, 0xB3C8, 0xBC09, 0xBC09,
    0xBC0A, 0xB40A, 0xABE9, 0xABC9, 0xABC9, 0xABC9, 0xA3C9, 0xA3C9, 0xA3C9, 0xABE9, 0x9B68, 0x7224, 0xCD0D, 0xDD8E, 0xD56E, 0xD56E,
    0x9BAA, 0x9BEA, 0xAC6C, 0xAC6C, 0xAC6C, 0xAC6C, 0xAC6C, 0xAC6C, 0xAC6C, 0xAC6C, 0xAC6C, 0xAC6C, 0xAC6C, 0xAC6C, 0xAC6C, 0xAC6C,
    0xAC6C, 0xAC6C, 0xAC6C, 0xAC6C, 0xAC6C, 0xAC6C, 0xAC6C, 0xAC6C, 0xAC6C, 0xAC6C, 0xAC6C, 0xAC6C, 0xAC6C, 0xAC6C, 0xAC6C, 0xB46C,
    0xB46C, 0xB46C, 0xB46C, 0xB46C, 0xA40A, 0x7266, 0xDEB8, 0xF759, 0xE697, 0xEEB7, 0xDE76, 0xE676, 0xE676, 0xD5F4, 0xCDB3, 0xD5B3,
    0xD5B2, 0x9B69, 0xB409, 0xD50C, 0xD4CB, 0xCCAB, 0xD50C, 0xDD6D, 0xDD4D, 0xDD2D, 0xDD4D, 0xDD4D, 0xDD4D, 0xDD4D, 0xE56D, 0xEE10,
    0xEE30, 0xEE0F, 0xEDEE, 0xEDCE, 0xF650, 0xF671, 0xF691, 0xFED3, 0xFEF3, 0xFEF4, 0xFEF4, 0xF6B2, 0xF692, 0xFE92, 0xFE92, 0xF691,
    0xF6D3, 0xFF77, 0xFF99, 0xFF99, 0xFF99, 0xFFBA, 0xFFDB, 0xFFBA, 0xFFDB, 0xFFBB, 0xFFDB, 0xFFFC, 0xFFFC, 0xFFFC, 0xFFFC, 0xFFDC,
    0xFFDC, 0xFFDC, 0xFFDC, 0xFFDC, 0xFFDC, 0xFFFC, 0xFFDC, 0xFFFE, 0xFFFD, 0xD572, 0xCCCF, 0x9B0A, 0x8A67, 0x81A5, 0xDB4A, 0xE34A,
    0xD2C9, 0xDB6A, 0xE3CC, 0xEC6E, 0xED92, 0xF718, 0xFFDC, 0xFFBB, 0xFFDB, 0xFFDC, 0xFFFC, 0xFFFC, 0xFFFC, 0xFFFC, 0xFFBB, 0xFF9A,
    0xFF9A, 0xFFBA, 0xFFBA, 0xFFBA, 0xFFBA, 0xFF9A, 0xFF7A, 0xFF7A, 0xFF9A, 0xFFBB, 0xFFDB, 0xF718, 0xEE95, 0xEEB6, 0xEEB6, 0xEEB6,
    0xE654, 0xE612, 0xE5F1, 0xDDD0, 0xE5D0, 0xE5D0, 0xE5D0, 0xDDD0, 0xE5D0, 0xE5D0, 0xE5F0, 0xEE33, 0xEE54, 0xEE54, 0xEE74, 0xEE74,
    0xFEF6, 0x9BCA, 0x93AB, 0xFF39, 0xEEB8, 0xF718, 0xAC2C, 0x7A45, 0xA367, 0xCC8A, 0xC469, 0xD4AA, 0xD4AA, 0xCCAA, 0xD4CB, 0x8AC5,
    0x7244, 0x82C6, 0x7264, 0x61E3, 0x61C2, 0x61E3, 0x61C3, 0x6A03, 0x82A5, 0x82A5, 0x82A5, 0x7A64, 0x7A64, 0x7A64, 0x82A5, 0x9306,
    0x9306, 0x9306, 0x9B26, 0x9B26, 0xA326, 0xA326, 0xAB67, 0xB3C8, 0xB3E9, 0xCCCC, 0xCCCB, 0xCCAB, 0xC46A, 0xC44A, 0xBC29, 0xBBE9,
    0xBBE9, 0xBBE9, 0xBBE9, 0xBC0A, 0xC44A, 0xC44A, 0xC44A, 0xC44A, 0xC42A, 0xC42A, 0xC42A, 0xBC2A, 0xBBE9, 0xB3A8, 0xB3E9, 0xBC09,
    0xBC09, 0xB409, 0xABC9, 0xA3A8, 0xA3C9, 0xA3C9, 0xA3C9, 0xA3C9, 0xA3C9, 0xABE9, 0x9B47, 0x7223, 0xCD0D, 0xDD8E, 0xD56E, 0xD56E,
    0xB48C, 0xB48D, 0xAC6C, 0xAC6C, 0xAC6C, 0xAC6C, 0xAC6C, 0xAC6C, 0xAC6C, 0xAC6C, 0xAC6C, 0xAC6C, 0xAC6C, 0xAC6C, 0xAC6C, 0xAC6C,
    0xAC6C, 0xAC6C, 0xAC6C, 0xAC6C, 0xAC6C, 0xAC6C, 0xAC6C, 0xAC6C, 0xAC6C, 0xAC6C, 0xAC6C, 0xB46C, 0xB46C, 0xB46C, 0xB46C, 0xB46C,
    0xB46C, 0xB46C, 0xB46C, 0xB48C, 0xB46B, 0x7245, 0xDEB7, 0xFF7B, 0xEED8, 0xEEB7, 0xDE76, 0xE696, 0xE676, 0xD5F4, 0xCD93, 0xCD93,
    0xCD92, 0xCD51, 0x9B68, 0xBC2A, 0xDD2D, 0xD50C, 0xDD4D, 0xDD4D, 0xDD4D, 0xDD6D, 0xDD6D, 0xDD6D, 0xE56E, 0xE58E, 0xE58E, 0xEE31,
    0xEE31, 0xEE10, 0xEE10, 0xF671, 0xF672, 0xF672, 0xF6B3, 0xFEF5, 0xFF15, 0xFF15, 0xFF15, 0xFF14, 0xFEF4, 0xFEF4, 0xFF14, 0xFF35,
    0xFF57, 0xFF99, 0xFF9A, 0xFFBA, 0xFFBA, 0xFFBA, 0xFFBA, 0xFFDA, 0xFFDA, 0xFF9A, 0xFFBB, 0xFFFC, 0xFFFC, 0xFFFC, 0xFFFC, 0xFFDC,
    0xFFFC, 0xFFFD, 0xFFDC, 0xFFDC, 0xFFDC, 0xFFDC, 0xFFDC, 0xFFDC, 0xFFDC, 0xFFFD, 0xFF9B, 0xF615, 0xE571, 0xE40D, 0xE38B, 0xE32A,
    0xD288, 0xDB2A, 0xE38B, 0xDC6F, 0xF718, 0xFF9A, 0xFFBB, 0xFFBB, 0xFFDB, 0xFFDB, 0xFFDB, 0xFFDB, 0xFFDB, 0xFFDC, 0xEF18, 0xEEB7,
    0xF6F8, 0xF718, 0xF718, 0xEEB6, 0xEE96, 0xEEB6, 0xF739, 0xFF5A, 0xFF9B, 0xFF9B, 0xFFBC, 0xFF9B, 0xF77A, 0xF77A, 0xF75A, 0xF75A,
    0xEF19, 0xEEF8, 0xEEF7, 0xEED7, 0xEED7, 0xEEB6, 0xEE95, 0xEE75, 0xEE75, 0xEE74, 0xEE74, 0xEE74, 0xEE74, 0xEE74, 0xEE74, 0xE613,
    0xCD30, 0xB4AE, 0xC551, 0xF6F8, 0xEEB8, 0xF719, 0xA40B, 0x8264, 0xCCAA, 0xD4AA, 0xD4AA, 0xCCAA, 0xD4AA, 0xD4AA, 0xD4CB, 0x8284,
    0x6A03, 0x82A6, 0x7A65, 0x61C2, 0x61C2, 0x61C3, 0x61C3, 0x69E3, 0x7244, 0x7A64, 0x7A64, 0x7A64, 0x7A64, 0x7A84, 0x8284, 0x92E6,
    0x9306, 0x9306, 0x9B26, 0x9B26, 0xA346, 0xAB67, 0xAB67, 0xAB47, 0xAB67, 0xBC09, 0xBC4A, 0xC44A, 0xD4EC, 0xCCCC, 0xCC8C, 0xC44B,
    0xBC2A, 0xBC2A, 0xBC0A, 0xB3E9, 0xBC09, 0xC44A, 0xC44A, 0xBC09, 0xB3A8, 0xB3A8, 0xB3A8, 0xB3E9, 0xBC2A, 0xB3E9, 0xABA8, 0xABA8,
    0xABC8, 0xB409, 0xBC2A, 0xB40A, 0xA3C9, 0xA3C9, 0xA3C9, 0xA3C9, 0xA3C9, 0xABE9, 0x9347, 0x7203, 0xCD2D, 0xDD8E, 0xD56E, 0xD56E,
    0xAC6C, 0xAC6C, 0xAC6C, 0xAC6C, 0xAC6C, 0xAC6C, 0xAC6C, 0xAC6C, 0xAC6C, 0xAC6C, 0xAC6C, 0xAC6C, 0xAC6C, 0xAC6C, 0xAC6C, 0xAC6C,
    0xAC6C, 0xAC6C, 0xAC6C, 0xAC6C, 0xAC6C, 0xAC6C, 0xAC6C, 0xAC6C, 0xB46C, 0xAC6C, 0xAC6C, 0xAC6C, 0xAC6C, 0xAC6C, 0xB46C, 0xB46C,
    0xB46C, 0xB46C, 0xB46C, 0xB48C, 0xAC4C, 0x7A85, 0xE6F9, 0xFFFF, 0xF77B, 0xE676, 0xDE76, 0xE696, 0xE697, 0xD615, 0xD5D4, 0xD5D3,
    0xD5D4, 0xDE14, 0x9369, 0xB409, 0xDD4D, 0xD52D, 0xD52C, 0xD54D, 0xDD4D, 0xDD4D, 0xDD4D, 0xDD6E, 0xE5CF, 0xE5EF, 0xE5CF, 0xEE10,
    0xEE10, 0xEE51, 0xEE72, 0xF6B4, 0xF6D4, 0xF6D4, 0xFEF5, 0xFEF6, 0xFEF5, 0xFEF5, 0xF6D4, 0xFEF5, 0xFF57, 0xFF58, 0xFF57, 0xFF78,
    0xFFBA, 0xFFDA, 0xFFBA, 0xFFBA, 0xFFBA, 0xFFBA, 0xFFBA, 0xFFBA, 0xFFBA, 0xFF9A, 0xFF9A, 0xFFBB, 0xFFFC, 0xFFFC, 0xFFFC, 0xFFDC,
    0xFFBB, 0xFFDC, 0xFFFC, 0xFFFC, 0xFFFC, 0xFFDC, 0xFFDC, 0xFFDC, 0xFFDC, 0xFFDC, 0xFFBB, 0xF77B, 0xEED8, 0xED73, 0xE38B, 0xE30A,
    0xD2A8, 0xDB0A, 0xE36B, 0xDC6F, 0xFF5A, 0xFFDB, 0xFFBB, 0xFFBB, 0xFFDB, 0xFFBB, 0xFFBB, 0xFFDB, 0xFFBB, 0xFFBB, 0xF77A, 0xF739,
    0xFF79, 0xFF7A, 0xFF9A, 0xF718, 0xF6F8, 0xF718, 0xFF9A, 0xF79A, 0xF759, 0xF75A, 0xF77A, 0xFF7A, 0xF77A, 0xF77A, 0xFF7A, 0xF75A,
    0xE6B6, 0xE6B6, 0xE6B7, 0xEEB7, 0xEEB7, 0xF739, 0xFFDC, 0xFFBB, 0xFFBB, 0xFFBC, 0xFFBC, 0xFFBC, 0xFFBB, 0xFFBB, 0xFFBB, 0xEF19,
    0xD614, 0xEEF8, 0xF739, 0xEEF8, 0xEED8, 0xFF5A, 0xAC2D, 0x7A02, 0xCC89, 0xCC69, 0xCC69, 0xCC89, 0xCC89, 0xCCAA, 0xD4CA, 0xABC8,
    0x6A03, 0x7A65, 0x7A65, 0x61C3, 0x61C2, 0x61C2, 0x61C2, 0x61C2, 0x69E3, 0x7A64, 0x7A64, 0x8AC5, 0x8AC5, 0x8AC5, 0x8AC5, 0x9306,
    0x9306, 0x9306, 0x9306, 0x9B26, 0xA346, 0xAB67, 0xAB67, 0xAB67, 0xAB87, 0xAB67, 0xAB67, 0xAB67, 0xB3A8, 0xB3E9, 0xBC2A, 0xC44A,
    0xC44B, 0xC44B, 0xBC2A, 0xBC09, 0xBC2A, 0xC42A, 0xC42A, 0xBC09, 0xB3E9, 0xB3A8, 0xABA8, 0xABA8, 0xABA8, 0xB3A8, 0xB3C8, 0xABC8,
    0x9B67, 0x9B67, 0x9B67, 0xA3C8, 0xABE9, 0x9B88, 0x9B88, 0xA3A8, 0xA3C9, 0xABE9, 0x9347, 0x7203, 0xCD0D, 0xDD6E, 0xDD8E, 0xDD8E,
    0xAC6C, 0xAC6C, 0xAC6C, 0xAC6C, 0xAC6C, 0xAC6C, 0xAC6C, 0xAC6C, 0xAC6C, 0xAC6C, 0xAC6C, 0xAC6C, 0xAC6C, 0xAC6C, 0xAC6C, 0xAC6C,
    0xAC6C, 0xAC6C, 0xAC6C, 0xAC6C, 0xAC6C, 0xAC6C, 0xAC6C, 0xAC6C, 0xB46C, 0xAC6C, 0xAC6C, 0xAC6C, 0xAC6C, 0xB46C, 0xB46C, 0xB46C,
    0xB46C, 0xB46C, 0xB46C, 0xB48C, 0xAC6C, 0x7245, 0xC5B3, 0xFFFE, 0xF7BC, 0xEEB7, 0xEED7, 0xE697, 0xE677, 0xE697, 0xE676, 0xDE35,
    0xD5D4, 0xD5F4, 0x9348, 0xB409, 0xDD6E, 0xD54D, 0xDD6E, 0xDD6E, 0xDD6E, 0xDD4D, 0xDD8E, 0xE5AF, 0xE5EF, 0xE5CF, 0xE5F0, 0xEE93,
    0xEE94, 0xF6D5, 0xF6F6, 0xF6F6, 0xFF37, 0xFF37, 0xFF37, 0xF737, 0xFF79, 0xFF79, 0xFF99, 0xFF99, 0xFF99, 0xFF99, 0xFF99, 0xFF99,
    0xFF99, 0xFF9A, 0xFFBA, 0xFFBB, 0xFFBB, 0xFFDB, 0xFF79, 0xF738, 0xFF58, 0xFF59, 0xFF9A, 0xFFBB, 0xFFFC, 0xFFDB, 0xFFDC, 0xFF9B,
    0xF717, 0xF79A, 0xFFFD, 0xFFFC, 0xFFFC, 0xFFDC, 0xFFDC, 0xFFDC, 0xFFDC, 0xFFDC, 0xFFDC, 0xFFFD, 0xFFDC, 0xF73A, 0xE4B0, 0xDB4B,
    0xD2A8, 0xD288, 0xDC4E, 0xE615, 0xF739, 0xFFBB, 0xFFBB, 0xFFBB, 0xFFBB, 0xFFBB, 0xFFBB, 0xFFDB, 0xFFBB, 0xFFBB, 0xFFBB, 0xFFDB,
    0xFFBB, 0xFFBB, 0xFFBB, 0xFFDB, 0xFFDB, 0xFFDB, 0xFFBA, 0xFFBA, 0xF738, 0xF6F7, 0xF717, 0xF717, 0xF717, 0xF717, 0xF717, 0xF6F7,
    0xDDD2, 0xD5B1, 0xD5B1, 0xD5B1, 0xD590, 0xDE13, 0xF6F7, 0xEEF7, 0xF717, 0xF718, 0xF738, 0xF759, 0xF759, 0xF759, 0xF779, 0xEEF8,
    0xE6B7, 0xF718, 0xEF19, 0xF739, 0xF739, 0xE6B7, 0xC550, 0xB48B, 0xDD6D, 0xD52D, 0xD50C, 0xD52D, 0xD52D, 0xCCAB, 0xCC69, 0xD4CA,
    0x8264, 0x69E3, 0x7A44, 0x61E3, 0x61E3, 0x61E3, 0x61C3, 0x61C2, 0x61E2, 0x6A03, 0x8284, 0x9306, 0x9B26, 0x9B26, 0x9B26, 0x9B26,
    0x9B26, 0x9B26, 0x9B26, 0x9B26, 0x9B06, 0x9B26, 0xAB87, 0xB3A7, 0xB3A8, 0xB3A8, 0xB3A8, 0xB3A8, 0xB3A8, 0xB3C8, 0xB3A8, 0xABA8,
    0xB3A8, 0xB3A8, 0xB3C8, 0xB3E8, 0xB3E9, 0xBC09, 0xBC09, 0xBC09, 0xBC2A, 0xB3C9, 0xB3A8, 0xB3A8, 0xB3A8, 0xABA8, 0xA367, 0xA388,
    0x9B47, 0x9347, 0x9347, 0x9367, 0x9B67, 0x9347, 0x9347, 0x9347, 0xA388, 0xA3C9, 0x9347, 0x69C2, 0x6A03, 0xA3C9, 0xE5CF, 0xDD8E,
    0xAC6C, 0xAC6C, 0xAC6C, 0xAC6C, 0xAC6C, 0xAC6C, 0xAC6C, 0xAC6C, 0xAC6C, 0xAC6C, 0xAC6C, 0xAC6C, 0xAC6C, 0xAC6C, 0xAC6C, 0xAC6C,
    0xAC6C, 0xAC6C, 0xAC6C, 0xAC6C, 0xAC6C, 0xAC6C, 0xAC6C, 0xAC6C, 0xB46C, 0xAC6C, 0xAC6C, 0xAC6C, 0xAC6C, 0xB46C, 0xB46C, 0xB46C,
    0xB46C, 0xB46C, 0xB46C, 0xB46C, 0xB46C, 0x9369, 0x8B28, 0xDEB7, 0xFFBC, 0xF79A, 0xF77A, 0xE697, 0xE676, 0xE697, 0xE676, 0xD5F4,
    0xD5F4, 0xD5F4, 0x9BCB, 0xB3EA, 0xD50D, 0xDDCF, 0xDDAF, 0xDDAF, 0xDDAF, 0xDD6E, 0xE5CF, 0xE5F0, 0xE5D0, 0xE611, 0xEEB4, 0xEED5,
    0xEED5, 0xEE94, 0xEE93, 0xEE94, 0xF6F6, 0xF6F6, 0xFF37, 0xFF58, 0xFF58, 0xFF58, 0xFF58, 0xFF58, 0xFF79, 0xFF99, 0xFF99, 0xFF9A,
    0xFF9A, 0xFF9A, 0xFFBA, 0xFFDB, 0xFFDB, 0xFFDB, 0xFF9A, 0xF779, 0xFF79, 0xF79A, 0xFFDB, 0xFFDC, 0xFF79, 0xFF58, 0xF779, 0xFFBB,
    0xFFBC, 0xFFDC, 0xFFFD, 0xFFFD, 0xFFFC, 0xFFDC, 0xFFDC, 0xFFDC, 0xFFDC, 0xFFDC, 0xFFDC, 0xFFDC, 0xFFFD, 0xFFBC, 0xF75A, 0xE572,
    0xD30A, 0xC247, 0xE552, 0xE676, 0xF759, 0xFFBB, 0xFFBB, 0xFFDC, 0xFFDB, 0xFFDB, 0xFFDB, 0xFFDB, 0xFFBB, 0xFFBB, 0xFFDB, 0xFFDB,
    0xFFDB, 0xFFDB, 0xFFDB, 0xFFBB, 0xFFBB, 0xFFBB, 0xFFBB, 0xFFDB, 0xFFDB, 0xFFBB, 0xFFBB, 0xFF9A, 0xFF59, 0xFF58, 0xF718, 0xF739,
    0xF759, 0xF759, 0xF759, 0xF77A, 0xF79A, 0xF759, 0xEED7, 0xE655, 0xE655, 0xE654, 0xE674, 0xEE75, 0xEE95, 0xEE95, 0xEED6, 0xEEB6,
    0xEEB7, 0xEED8, 0xEED7, 0xEEB7, 0xFF39, 0x9BAB, 0x8AC5, 0xED8D, 0xDD6E, 0xEE73, 0xEE93, 0xEE94, 0xEEB4, 0xE5F0, 0xDDCF, 0xDDAF,
    0x9B89, 0x7AA6, 0x82C6, 0x7244, 0x5140, 0x5161, 0x5981, 0x61C2, 0x61C2, 0x69E3, 0x8264, 0x8284, 0x9306, 0x9B26, 0x9306, 0x9B26,
    0x9B26, 0x9B26, 0xAB87, 0xAB87, 0xA367, 0xAB67, 0xB3A7, 0xB3C8, 0xBC09, 0xBC09, 0xBC09, 0xBC29, 0xBC0A, 0xC42A, 0xB3E8, 0xB3C8,
    0xB3C8, 0xB3C8, 0xB3A8, 0xABA8, 0xB3C8, 0xBC09, 0xBC09, 0xBC09, 0xBC09, 0xBC0A, 0xBC0A, 0xBC0A, 0xBC0A, 0xAB87, 0x9326, 0x9327,
    0x9B47, 0x9347, 0x9347, 0x9327, 0x9327, 0x9327, 0x9327, 0x9347, 0xA3A8, 0xA3A9, 0xA388, 0x9347, 0x61C3, 0x9B88, 0xE5F0, 0xDD8E,
    0xAC6C, 0xAC6C, 0xAC6C, 0xAC6C, 0xAC6C, 0xAC6C, 0xAC6C, 0xAC6C, 0xAC6C, 0xAC6C, 0xAC6C, 0xAC6C, 0xAC6C, 0xAC6C, 0xAC6C, 0xAC6C,
    0xAC6C, 0xAC6C, 0xAC6C, 0xAC6C, 0xAC6C, 0xB46C, 0xB46C, 0xB46C, 0xAC6C, 0xAC6C, 0xAC6C, 0xAC6C, 0xAC6C, 0xAC6C, 0xAC6C, 0xAC6C,
    0xAC6C, 0xAC6C, 0xB46C, 0xB46C, 0xB46C, 0xBCAD, 0xB46C, 0x7A65, 0xDEB8, 0xFFFF, 0xF7BC, 0xE677, 0xE696, 0xE697, 0xE676, 0xD5F4,
    0xD5F4, 0xD5F4, 0xDE14, 0x9B89, 0xABEA, 0xE5F0, 0xDDAF, 0xDDAF, 0xE5CF, 0xE5CF, 0xE5F0, 0xE5CF, 0xEE72, 0xF6F6, 0xEE73, 0xE5F0,
    0xE5F0, 0xEE52, 0xF694, 0xF6B4, 0xF6F5, 0xF6F6, 0xFF37, 0xFF17, 0xFF16, 0xFF16, 0xFF16, 0xF717, 0xF758, 0xFF59, 0xFF58, 0xFF58,
    0xFF58, 0xFF59, 0xF738, 0xF717, 0xF6F7, 0xF717, 0xF717, 0xF717, 0xF738, 0xF717, 0xEEF7, 0xF79A, 0xFFDB, 0xFF9A, 0xFFBB, 0xFFFD,
    0xFFFD, 0xFFFD, 0xFFDC, 0xFFFD, 0xFFFD, 0xFFFC, 0xFFDC, 0xFFDC, 0xFFDC, 0xFFDC, 0xFFDC, 0xFFDC, 0xFFDD, 0xFFDC, 0xF719, 0xEE76,
    0xE572, 0xCB4B, 0xDD31, 0xEE96, 0xE696, 0xEED8, 0xFF7A, 0xF739, 0xF759, 0xFFDB, 0xFF9B, 0xFF9A, 0xFFBB, 0xFFBB, 0xFF9A, 0xFF7A,
    0xFF9A, 0xFF9A, 0xF779, 0xF759, 0xF759, 0xFF9A, 0xFF9A, 0xFF9A, 0xFF9A, 0xFF9A, 0xFFBB, 0xFFDC, 0xFF79, 0xFF58, 0xEEB6, 0xDDF2,
    0xDDF2, 0xDE13, 0xDE13, 0xE634, 0xEEB6, 0xEEB6, 0xEED7, 0xF77B, 0xF77B, 0xF77B, 0xEED7, 0xEEB6, 0xEEB6, 0xEEB6, 0xDE35, 0xDE35,
    0xEED7, 0xF739, 0xF759, 0xEF19, 0xE6D8, 0xD635, 0xCDB1, 0xEE52, 0xE611, 0xE5F1, 0xD56F, 0xCD0D, 0xD4EC, 0xD54E, 0xDDD0, 0xDE11,
    0xD5D1, 0xC571, 0xC591, 0xCD90, 0xA42B, 0xA42B, 0x8B68, 0x5981, 0x5982, 0x61A2, 0x7203, 0x7202, 0x8264, 0x92E5, 0x9B26, 0x9B26,
    0x9B26, 0x9B26, 0xB3A8, 0xB3A8, 0xB3A8, 0xB3A8, 0xB3A7, 0xB3C8, 0xBC09, 0xBC09, 0xC42A, 0xC42A, 0xC42A, 0xC42A, 0xBC09, 0xBBE9,
    0xB3C8, 0xB3A8, 0xABA8, 0xABA8, 0xB3C9, 0xB3E9, 0xBBE9, 0xBC0A, 0xBC0A, 0xBC0A, 0xBBEA, 0xBC0A, 0xBC0A, 0xBBE9, 0xABA8, 0x9B67,
    0x9347, 0x9327, 0x9327, 0x9347, 0x9347, 0x9347, 0x9327, 0x9B88, 0xA3C9, 0xA3A8, 0xA3A8, 0xABE9, 0x7223, 0x9B88, 0xE5F0, 0xDDAF,
    0xAC6C, 0xAC6C, 0xAC6C, 0xAC6C, 0xAC6C, 0xAC6C, 0xAC6C, 0xAC6C, 0xAC6C, 0xAC6C, 0xAC6C, 0xAC6C, 0xAC6C, 0xAC6C, 0xAC6C, 0xAC6C,
    0xB46C, 0xAC6C, 0xAC6C, 0xAC6C, 0xAC6C, 0xB46C, 0xB46C, 0xB46C, 0xAC6C, 0xAC6C, 0xAC6C, 0xAC6C, 0xAC6C, 0xB46C, 0xAC6C, 0xB46C,
    0xB46C, 0xB46C, 0xB46C, 0xB46C, 0xB46C, 0xB48C, 0xAC4C, 0x7A64, 0xE6B7, 0xFFFE, 0xF7BC, 0xE677, 0xE697, 0xE697, 0xE676, 0xD5F4,
    0xD5D4, 0xD5F4, 0xDE14, 0x9B49, 0xB42A, 0xE610, 0xDDAF, 0xDDAF, 0xDDAF, 0xE5CF, 0xE5CF, 0xEE72, 0xEE93, 0xEE31, 0xE610, 0xEE31,
    0xE611, 0xEE72, 0xF694, 0xF694, 0xF6B4, 0xF6B5, 0xF6F6, 0xFF37, 0xFF17, 0xFF17, 0xFF17, 0xFF17, 0xFF17, 0xF717, 0xF737, 0xF737,
    0xF717, 0xF717, 0xF6F7, 0xEEF6, 0xEE95, 0xF6D6, 0xF6D6, 0xF6D6, 0xF6F7, 0xF6F7, 0xF717, 0xFFBB, 0xFFFD, 0xFFFD, 0xFFFD, 0xFFFC,
    0xFFFD, 0xFFDC, 0xFF7A, 0xF75A, 0xFFDC, 0xFFFC, 0xFFDC, 0xFFDC, 0xFFDC, 0xFFDC, 0xFFDC, 0xFFDC, 0xFFDC, 0xFF9B, 0xF719, 0xEE76,
    0xEE76, 0xD42D, 0xDD31, 0xEE96, 0xE656, 0xEE76, 0xF6D7, 0xEEB7, 0xEED8, 0xF759, 0xF6F8, 0xEED8, 0xF739, 0xF759, 0xF6F8, 0xEEB7,
    0xEED7, 0xF6F8, 0xE675, 0xDE14, 0xDE34, 0xF6D7, 0xF6D7, 0xF6D7, 0xEED7, 0xF6D7, 0xF6F7, 0xF738, 0xF759, 0xFF58, 0xF758, 0xE654,
    0xDDD2, 0xDDD2, 0xDDD2, 0xDDF2, 0xDDF2, 0xDDF3, 0xDE13, 0xE655, 0xE675, 0xEEB7, 0xF739, 0xF739, 0xF75A, 0xF759, 0xE656, 0xE655,
    0xE676, 0xE656, 0xEEB7, 0xB4CF, 0x69E3, 0xC4AC, 0xEE11, 0xE632, 0xE674, 0xEE94, 0xEE94, 0xF757, 0xFFB9, 0xEED5, 0xBC09, 0xC449,
    0x9B26, 0x61A2, 0x7A03, 0x9389, 0xA42C, 0x9BEB, 0xB4CE, 0xC571, 0xC530, 0xC530, 0xC530, 0xC530, 0xB46C, 0x8264, 0x8AA4, 0x8AC5,
    0x9306, 0xA346, 0xA346, 0xAB87, 0xB3A7, 0xB387, 0xB3A7, 0xB3A7, 0xBBE9, 0xBC09, 0xBC09, 0xBC09, 0xBBE9, 0xBBE9, 0xBBE9, 0xBBE9,
    0xB3C9, 0xB3C8, 0xB3A8, 0xB3A8, 0xABA8, 0xABA8, 0xB3C8, 0xBBE9, 0xBC09, 0xBC09, 0xBBE9, 0xBBE9, 0xBBE9, 0xBBEA, 0x9B67, 0x9346,
    0x9347, 0x9327, 0x9327, 0x9347, 0x9347, 0x9347, 0x9326, 0x9347, 0x9B88, 0xA3A8, 0xA3A8, 0xA3C9, 0x6A03, 0x9BA8, 0xEE10, 0xDDAF,
    0xAC6C, 0xAC6C, 0xAC6C, 0xB46C, 0xB46C, 0xB46C, 0xAC6C, 0xAC6C, 0xAC6C, 0xAC6C, 0xAC6C, 0xAC6C, 0xAC6C, 0xAC6C, 0xAC6C, 0xAC6C,
    0xAC6C, 0xAC6C, 0xAC6C, 0xAC6C, 0xAC6C, 0xB46C, 0xB46C, 0xB46C, 0xB46C, 0xB46C, 0xAC6C, 0xAC6C, 0xAC6C, 0xB46C, 0xB46C, 0xB46C,
    0xB46C, 0xB46C, 0xB46C, 0xB46C, 0xB46C, 0xB48D, 0xB46C, 0x8284, 0xE6D8, 0xFFFE, 0xFFFD, 0xEEF8, 0xE676, 0xE697, 0xE676, 0xE656,
    0xD615, 0xD5D4, 0xD5F4, 0x9B89, 0xABEA, 0xD56E, 0xDDAF, 0xE5F0, 0xE5F0, 0xE5F0, 0xEE72, 0xEE52, 0xEE11, 0xE611, 0xEE11, 0xEE11,
    0xE611, 0xEE73, 0xF6B4, 0xF6B4, 0xF694, 0xF6B4, 0xFF16, 0xFF37, 0xFF17, 0xFF17, 0xFF17, 0xF737, 0xFF37, 0xF6F7, 0xF6D6, 0xF6D6,
    0xF6F7, 0xF717, 0xF717, 0xF6F7, 0xEEB6, 0xF717, 0xF737, 0xF6F7, 0xEED7, 0xFFBB, 0xFFFC, 0xFFDC, 0xFFFD, 0xFFDC, 0xFFBB, 0xFFBB,
    0xFFDB, 0xFF79, 0xF6F7, 0xF718, 0xFFBB, 0xFFDC, 0xFFDC, 0xFFDC, 0xFFDC, 0xFFDC, 0xFFDC, 0xFFFC, 0xF77B, 0xEEB7, 0xEE97, 0xEE55,
    0xEE56, 0xCBED, 0xD4D0, 0xE656, 0xE656, 0xE676, 0xE676, 0xEEB7, 0xF6D8, 0xEED8, 0xEED8, 0xF6D8, 0xEED7, 0xEEB7, 0xEED7, 0xEED7,
    0xEED7, 0xF718, 0xF6F7, 0xF6D7, 0xF6D7, 0xE675, 0xE655, 0xEE96, 0xF6F7, 0xF717, 0xF6F7, 0xF6D6, 0xF6D7, 0xEEB5, 0xDE34, 0xE6B6,
    0xF738, 0xF717, 0xE655, 0xE634, 0xE634, 0xE613, 0xDE13, 0xDE14, 0xE634, 0xE635, 0xE655, 0xE655, 0xE655, 0xEE96, 0xF739, 0xF739,
    0xF739, 0xF739, 0xFF9A, 0xBD31, 0x7A44, 0xBC08, 0xCC27, 0xCC48, 0xCC69, 0xD489, 0xD4AA, 0xEE31, 0xF6D5, 0xEED4, 0xEE73, 0xEEB4,
    0xDE33, 0xB44B, 0x8AE6, 0x61A2, 0x5961, 0x5120, 0x69C3, 0x8B07, 0x8AE7, 0x8B07, 0x8B28, 0x9368, 0xABEA, 0xB40A, 0xD54F, 0xDDD1,
    0xB42B, 0x8AA4, 0x9AE5, 0xA346, 0xAB67, 0xB387, 0xAB87, 0xAB87, 0xB3C8, 0xBC09, 0xBC09, 0xBC09, 0xB3E9, 0xB3C8, 0xB3C8, 0xB3E9,
    0xB3C8, 0xB3C8, 0xB3C9, 0xB3C9, 0xB3C8, 0xB3A8, 0xB3E9, 0xBBE9, 0xBBE9, 0xBBE9, 0xBC0A, 0xBBE9, 0xBBEA, 0xBBEA, 0x9B47, 0x9326,
    0x9326, 0x9327, 0x9327, 0x9347, 0x9347, 0x9347, 0x9B67, 0x9B67, 0x9347, 0x9B68, 0xA3A8, 0xA3C9, 0x6A03, 0xA3A9, 0xEE10, 0xDDCF,
    0xB46C, 0xB46C, 0xB46D, 0xB48C, 0xB48C, 0xB46C, 0xB46C, 0xAC6C, 0xB46C, 0xB46C, 0xB46C, 0xB46C, 0xB46C, 0xAC6C, 0xAC6C, 0xB46C,
    0xB46C, 0xAC6C, 0xAC6C, 0xB46C, 0xAC6C, 0xB46C, 0xB46C, 0xB46C, 0xB46C, 0xB46C, 0xB46C, 0xB46C, 0xB46C, 0xB46C, 0xB46C, 0xB46C,
    0xB46C, 0xB46C, 0xB46C, 0xB46C, 0xB46D, 0xB4AD, 0xB46C, 0x8265, 0xE6F8, 0xFFFE, 0xFFFD, 0xEEF9, 0xE676, 0xE696, 0xDE76, 0xE696,
    0xDE56, 0xD5D4, 0xD5D4, 0xDDF4, 0xB44D, 0x8B07, 0xE5F0, 0xEE11, 0xE5F0, 0xEE32, 0xEE93, 0xE611, 0xEE11, 0xEE31, 0xEE31, 0xEE31,
    0xEE31, 0xEE11, 0xEE11, 0xEE31, 0xF6B4, 0xF694, 0xF694, 0xF694, 0xF716, 0xFF37, 0xFF37, 0xFF17, 0xEEB5, 0xEE74, 0xEE53, 0xEE53,
    0xEE95, 0xEED7, 0xEED6, 0xF759, 0xF77A, 0xFF9A, 0xF779, 0xF77A, 0xF77A, 0xFFFC, 0xFFDC, 0xFFFC, 0xFFFD, 0xFFFD, 0xFFBA, 0xF6F7,
    0xEEF7, 0xE696, 0xF75A, 0xFFFC, 0xFFDC, 0xFFFC, 0xFFFC, 0xFFFC, 0xFFDC, 0xFFFC, 0xFFDC, 0xEF19, 0xEED8, 0xEEB7, 0xEE96, 0xE635,
    0xEE55, 0xCC2E, 0xC3AC, 0xDDB3, 0xEE76, 0xE677, 0xE676, 0xEE97, 0xEEB7, 0xF6D8, 0xEED8, 0xF6D8, 0xF6D8, 0xEED8, 0xEED7, 0xEED7,
    0xEED7, 0xEED7, 0xEED7, 0xF738, 0xF739, 0xF738, 0xF738, 0xF718, 0xF6F7, 0xF738, 0xFF59, 0xFF59, 0xF717, 0xDE14, 0xDDD3, 0xDE14,
    0xE655, 0xE696, 0xF718, 0xF739, 0xF719, 0xEEB6, 0xE6B6, 0xE695, 0xDE34, 0xE634, 0xE655, 0xE655, 0xE675, 0xE675, 0xE655, 0xE655,
    0xE675, 0xEED6, 0xC571, 0xE695, 0xF7B9, 0xE631, 0xDD4D, 0xD4EC, 0xCC8A, 0xD4AA, 0xD48A, 0xD48A, 0xD48A, 0xD4AA, 0xD4CB, 0xCCCC,
    0xD56F, 0xCD4F, 0xCDB1, 0xE674, 0x8B07, 0x5961, 0x61A2, 0x5961, 0x6181, 0x61A2, 0x6181, 0x71E2, 0x8A84, 0xA388, 0xBC8C, 0xBC8C,
    0xCD4F, 0xCCEE, 0xCCED, 0xCCED, 0xC4AC, 0xAB88, 0xAB46, 0xAB67, 0xB3A8, 0xB3C8, 0xB3C8, 0xB3E9, 0xBBE9, 0xB3E9, 0xBBE9, 0xB3E9,
    0xB3C8, 0xB3C8, 0xB3C8, 0xB3C8, 0xB3E9, 0xB3E9, 0xBC09, 0xBC09, 0xBC09, 0xBBE9, 0xBBE9, 0xBBE9, 0xBC0A, 0xBC0A, 0xB3C8, 0xA387,
    0x9B67, 0x9326, 0x9347, 0x9347, 0x9327, 0x9347, 0x9B88, 0xA3A8, 0x9B88, 0x9B67, 0x9B68, 0xA388, 0x6A03, 0xA3A9, 0xEE10, 0xE5CF,
    0xB48C, 0xB48C, 0xB48D, 0xB46C, 0xB46C, 0xB46C, 0xB46C, 0xB46C, 0xB46C, 0xB46C, 0xB48C, 0xB48C, 0xB46C, 0xB46C, 0xAC6C, 0xAC6C,
    0xB46C, 0xB46C, 0xB46C, 0xB46C, 0xAC6C, 0xB46C, 0xB46C, 0xB46C, 0xB46C, 0xB46C, 0xB46C, 0xB46C, 0xB46C, 0xB46C, 0xB46C, 0xB46C,
    0xB46C, 0xB48D, 0xB46C, 0xB46C, 0xB48D, 0xB4AD, 0xB46C, 0x7A65, 0xE6B8, 0xFFFE, 0xFFFE, 0xFFDD, 0xFFBC, 0xEEF8, 0xDE76, 0xE696,
    0xDE56, 0xD5D4, 0xD5D3, 0xDE56, 0xB48E, 0x9347, 0xE611, 0xEE11, 0xE631, 0xEE93, 0xE611, 0xE611, 0xEE52, 0xEE51, 0xEE51, 0xEE51,
    0xEE31, 0xE5CF, 0xE5CF, 0xE5D0, 0xE611, 0xEE73, 0xF694, 0xEE94, 0xEE74, 0xEE53, 0xEE33, 0xEE32, 0xE632, 0xEE74, 0xEE74, 0xE674,
    0xEED6, 0xF79B, 0xEF59, 0xF77A, 0xEED6, 0xE674, 0xE695, 0xF77A, 0xFFFD, 0xFFDC, 0xFFFC, 0xFFDC, 0xF759, 0xF718, 0xEED6, 0xF718,
    0xFFBA, 0xFF9A, 0xFFBC, 0xFFDC, 0xFFDC, 0xFFDC, 0xFFFD, 0xFFFD, 0xFFBC, 0xF759, 0xF77A, 0xEEB7, 0xEEB7, 0xEEB7, 0xEE76, 0xE655,
    0xDDF4, 0xBB2A, 0xB288, 0xBB4A, 0xD511, 0xDDF4, 0xEE97, 0xEE97, 0xEE97, 0xEEB7, 0xEED8, 0xEED8, 0xEED8, 0xF6D8, 0xEED7, 0xEED7,
    0xEED7, 0xEEB7, 0xEEB7, 0xEED7, 0xF6D7, 0xF6F7, 0xF6D7, 0xF738, 0xF739, 0xEEB6, 0xEEB7, 0xF759, 0xF77A, 0xF718, 0xE655, 0xDE13,
    0xDDF2, 0xDDF3, 0xDE14, 0xDE13, 0xDE54, 0xF759, 0xF75A, 0xF759, 0xEEF8, 0xEED8, 0xE6B7, 0xE655, 0xE655, 0xE655, 0xE655, 0xF6F7,
    0xD5B2, 0x9348, 0xB3C8, 0xBC49, 0xDD4D, 0xDDAF, 0xE631, 0xF6D4, 0xE611, 0xEE11, 0xEE52, 0xDD6E, 0xCC69, 0xCC8A, 0xCC8A, 0xCCAB,
    0xBC2A, 0x7224, 0x7A65, 0x82C6, 0xC530, 0xD634, 0xD5F3, 0x82E6, 0x61C2, 0x61A2, 0x6182, 0x7203, 0x7A44, 0x8244, 0x8A84, 0x8A63,
    0xABA8, 0xBC6B, 0xB42A, 0xC4AD, 0xDD90, 0xBC6B, 0xBC29, 0xB3C9, 0xAB47, 0xAB67, 0xB3C8, 0xBC09, 0xBC09, 0xBC09, 0xBC0A, 0xBC09,
    0xB3E8, 0xB3C8, 0xB3C8, 0xB3C8, 0xB3E8, 0xBC09, 0xBC29, 0xBC29, 0xC429, 0xBC09, 0xBBE9, 0xB3E8, 0xB3A8, 0xB3C8, 0xABA8, 0xA388,
    0xA388, 0x9B67, 0x9347, 0x9347, 0x9347, 0x9326, 0x9326, 0x9B47, 0xA3A8, 0xA388, 0x9B68, 0xA3A8, 0x69E3, 0xA3C9, 0xF671, 0xE5EF,
    0xB48C, 0xB48C, 0xB48D, 0xB48D, 0xB48D, 0xB48C, 0xB48C, 0xB48C, 0xB48D, 0xB48C, 0xB48C, 0xB48C, 0xB48C, 0xB46C, 0xB46C, 0xB46C,
    0xB46C, 0xB46C, 0xB46C, 0xB46C, 0xB46C, 0xB46C, 0xB46C, 0xB46C, 0xB46C, 0xB46C, 0xB46C, 0xB46C, 0xB46C, 0xB46C, 0xB46C, 0xB46C,
    0xB48D, 0xB48D, 0xB48D, 0xB48D, 0xB48D, 0xB48D, 0xB4AD, 0xAC4C, 0x72A7, 0xBD51, 0xFFBB, 0xF7BC, 0xFFFE, 0xEEF8, 0xDE56, 0xE696,
    0xDE56, 0xD615, 0xDDF4, 0xDE55, 0xB48D, 0x9B67, 0xEE51, 0xE611, 0xF6D5, 0xEE32, 0xE610, 0xEE11, 0xEE11, 0xE610, 0xE610, 0xEE31,
    0xEE31, 0xE5F0, 0xE5D0, 0xE5CF, 0xE5AF, 0xE5F0, 0xEE11, 0xE5F1, 0xE5F1, 0xE633, 0xEE74, 0xEE73, 0xEEB5, 0xF779, 0xF759, 0xF759,
    0xF759, 0xEEB6, 0xE612, 0xDE12, 0xE612, 0xE612, 0xF779, 0xFFFD, 0xFFDC, 0xFFFD, 0xFFBB, 0xFF59, 0xF717, 0xF718, 0xEF18, 0xFF9B,
    0xFFFC, 0xFFDC, 0xFFDC, 0xFFBC, 0xFFDC, 0xFFBB, 0xF739, 0xFFBB, 0xF77A, 0xE697, 0xEE97, 0xEEB7, 0xEEB7, 0xEEB7, 0xEE76, 0xDDF4,
    0xC3CC, 0xBB4A, 0xC3CC, 0xBB8C, 0xBB4A, 0xCCB0, 0xE615, 0xDDD4, 0xE615, 0xE697, 0xE697, 0xEE96, 0xEE96, 0xEEB7, 0xEEB7, 0xEEB7,
    0xEEB7, 0xEED7, 0xEEB7, 0xEEB7, 0xEEB6, 0xF6D7, 0xF6D7, 0xEED7, 0xF759, 0xF77A, 0xF739, 0xE634, 0xE655, 0xEEF7, 0xF738, 0xF739,
    0xE696, 0xDE34, 0xDDF3, 0xE613, 0xE634, 0xE655, 0xE655, 0xE676, 0xEF18, 0xEF19, 0xF75A, 0xF77A, 0xF719, 0xEEB7, 0xEEB7, 0xCD92,
    0xA3EC, 0x7204, 0xBC08, 0xBBE7, 0xBBE8, 0xC408, 0xC448, 0xDD4D, 0xE611, 0xEE73, 0xEEB4, 0xEE94, 0xE611, 0xEE32, 0xDD6E, 0xC429,
    0xBC09, 0x7A24, 0x6A03, 0x61A2, 0x82E7, 0x938A, 0x8B49, 0xB4EF, 0xCD71, 0x8328, 0x82E7, 0x7A24, 0x7A03, 0x8264, 0x9AE5, 0x92C5,
    0x9B06, 0xA346, 0xA305, 0xAB87, 0xBC2A, 0xBC4A, 0xC48B, 0xCCAC, 0xBC2A, 0xBC2A, 0xABA8, 0xAB87, 0xABA8, 0xB3C8, 0xBBE9, 0xBC29,
    0xBC09, 0xB3E8, 0xB3E9, 0xB3C9, 0xB3C8, 0xB3C8, 0xB3C8, 0xBC09, 0xBC09, 0xC42A, 0xC44A, 0xBC09, 0xAB67, 0xAB87, 0xA367, 0x9B26,
    0x9B26, 0xA388, 0x9B68, 0x9347, 0x9347, 0x9327, 0x9326, 0x9326, 0x9347, 0x9B67, 0x9B67, 0x9B88, 0x7244, 0x7A65, 0xA3E9, 0xE5F0,
    0xB48C, 0xB48D, 0xB48D, 0xB48C, 0xB48D, 0xB48D, 0xB48D, 0xB48D, 0xB48D, 0xB48C, 0xB48C, 0xB48C, 0xB48C, 0xB48C, 0xB46C, 0xB46C,
    0xB46C, 0xB46C, 0xB46C, 0xB46C, 0xB46C, 0xB46C, 0xB46C, 0xB46C, 0xB46C, 0xB46C, 0xB46C, 0xB46C, 0xB46C, 0xB46C, 0xB48D, 0xB48D,
    0xB48D, 0xB48D, 0xB48D, 0xB48D, 0xB48D, 0xB4AD, 0xBCAD, 0xBCEE, 0x9389, 0x9348, 0x9389, 0xF77B, 0xFFFF, 0xEF19, 0xE676, 0xE697,
    0xDE56, 0xDE35, 0xDE15, 0xE676, 0xB46D, 0x9327, 0xC4CD, 0xDDB0, 0xEEB4, 0xE611, 0xE611, 0xE5F1, 0xDDAF, 0xDDAF, 0xDD8F, 0xE5F0,
    0xE5F0, 0xE5AF, 0xE5AF, 0xE5AF, 0xE5AF, 0xDD8E, 0xDD6E, 0xDDB0, 0xDDB0, 0xF739, 0xF77B, 0xF75A, 0xEF39, 0xE633, 0xE5F2, 0xE5F2,
    0xDDF1, 0xDDF1, 0xDDF1, 0xE5F2, 0xDDF2, 0xEED6, 0xFFDB, 0xFFFC, 0xFFDC, 0xFF9B, 0xF758, 0xF738, 0xFFBB, 0xFFFC, 0xFFFC, 0xFFDC,
    0xFFDB, 0xFFDB, 0xFFDB, 0xFFDC, 0xFFBC, 0xF75A, 0xEED8, 0xEEF8, 0xEED7, 0xEEB7, 0xEEB7, 0xEEB7, 0xEE97, 0xEE97, 0xE635, 0xD4F0,
    0xB2C9, 0xC44E, 0xD552, 0xD552, 0xDD72, 0xCC8F, 0xBBAC, 0xBBAC, 0xC46E, 0xE635, 0xE615, 0xE635, 0xE696, 0xE696, 0xEE96, 0xE676,
    0xEE96, 0xEEB7, 0xEEB7, 0xEEB7, 0xEEB6, 0xEED7, 0xF6D7, 0xF6D7, 0xEE96, 0xEF18, 0xF739, 0xEED6, 0xE634, 0xDDD3, 0xDDF3, 0xE675,
    0xF79B, 0xEF19, 0xE676, 0xE676, 0xDE14, 0xE635, 0xE655, 0xE655, 0xE655, 0xE655, 0xE696, 0xEEF8, 0xEEF8, 0xEED7, 0xF759, 0xB4F0,
    0x9348, 0xBC4A, 0xBC4A, 0xBC08, 0xC408, 0xC448, 0xCC89, 0xCC69, 0xCC69, 0xD4AA, 0xD489, 0xDD6E, 0xEE52, 0xEE52, 0xEE53, 0xE632,
    0xDDF2, 0xB46C, 0x7A65, 0x5961, 0x5141, 0x5941, 0x5941, 0x7265, 0xA40B, 0xB48D, 0xCD70, 0x9388, 0x8AE7, 0x92E6, 0x92C5, 0x92C5,
    0x9B06, 0xA347, 0xAB67, 0xAB67, 0xAB46, 0xAB46, 0xAB26, 0xBC09, 0xD4ED, 0xD4ED, 0xBC2A, 0xB3E9, 0xAB88, 0xA367, 0xABA7, 0xB3C8,
    0xB3E8, 0xB3E9, 0xB3E9, 0xB3E9, 0xB3C9, 0xB3C9, 0xB3C8, 0xB3E9, 0xBC09, 0xBC09, 0xC42A, 0xC42A, 0xBC09, 0xBC09, 0xABA8, 0x9B47,
    0x9326, 0x9306, 0x9306, 0x9347, 0x9347, 0x9347, 0x9347, 0x9367, 0x9B67, 0x9B67, 0x9B67, 0x9B67, 0xA3A8, 0x7A65, 0x6A03, 0xEE31,
    0xB48C, 0xB48D, 0xB48D, 0xB48D, 0xB48D, 0xB48D, 0xB48D, 0xB48D, 0xB48D, 0xB48C, 0xB48C, 0xB48C, 0xB48C, 0xB48C, 0xB46C, 0xB46C,
    0xB46C, 0xB46C, 0xB46C, 0xB46C, 0xB46C, 0xB46C, 0xB46C, 0xB46C, 0xB46C, 0xB46C, 0xB46C, 0xB46C, 0xB46C, 0xB46C, 0xB48D, 0xB48D,
    0xB48D, 0xB48D, 0xB48D, 0xB48D, 0xB4AD, 0xB4AD, 0xBCAD, 0xBCAD, 0xC50E, 0xAC2B, 0x7A86, 0xDEB7, 0xEF3A, 0xF79B, 0xFFDC, 0xEEF8,
    0xDE35, 0xDE35, 0xDE15, 0xDE35, 0xD5D3, 0xC4EF, 0x92E6, 0xD56F, 0xF693, 0xE5F0, 0xE611, 0xE5F0, 0xDDB0, 0xDDAF, 0xDDAF, 0xDD8F,
    0xDD6F, 0xDD6E, 0xD52D, 0xCCCC, 0xD58F, 0xFF78, 0xFF99, 0xEF38, 0xF758, 0xE695, 0xD54F, 0xD58F, 0xDD90, 0xDDB0, 0xDDD0, 0xDDD1,
    0xDDF1, 0xDDF1, 0xDDD1, 0xDDD1, 0xEED5, 0xFFDC, 0xFFFD, 0xFFDA, 0xFF79, 0xF758, 0xF779, 0xFFFC, 0xFFDB, 0xFFDB, 0xFFDB, 0xFFDC,
    0xFFFC, 0xF779, 0xF739, 0xFF79, 0xF719, 0xEED8, 0xEED8, 0xEED8, 0xEED7, 0xEEB7, 0xEEB7, 0xEE97, 0xEE97, 0xEE97, 0xD4AF, 0xC36B,
    0xD531, 0xD552, 0xDD72, 0xDD92, 0xDDB3, 0xDDB3, 0xDD93, 0xDDD4, 0xDD93, 0xC48F, 0xBC4E, 0xCCF0, 0xE676, 0xE676, 0xE696, 0xEE96,
    0xE696, 0xEEB6, 0xEEB7, 0xEED7, 0xEED7, 0xEEB6, 0xEEB6, 0xF6F7, 0xF718, 0xE655, 0xE655, 0xEEF7, 0xF717, 0xEEB6, 0xDDD2, 0xDDF3,
    0xDDF4, 0xEEF8, 0xF79C, 0xF79B, 0xEEF8, 0xEED7, 0xE655, 0xE655, 0xE676, 0xE676, 0xE676, 0xE635, 0xEE96, 0xE675, 0x9B89, 0xB46D,
    0xEED6, 0xFF99, 0xF738, 0xCD4E, 0xC46A, 0xCCCB, 0xCC8A, 0xCC89, 0xD4CA, 0xDCEB, 0xDCEB, 0xD4CB, 0xD4AA, 0xD489, 0xD50C, 0xD56F,
    0xD590, 0xDDF2, 0xCD70, 0xCDB2, 0xA42C, 0x5161, 0x61A2, 0x5961, 0x5920, 0x6181, 0x7203, 0xBD0E, 0xDE95, 0xCD2F, 0x8AC5, 0x92C5,
    0x92E5, 0x9AE5, 0xA347, 0xAB67, 0xAB67, 0xAB67, 0xB367, 0xAB47, 0xAB47, 0xA326, 0xC46B, 0xDD90, 0xB40A, 0xAB67, 0xAB67, 0xAB88,
    0xAB87, 0xAB88, 0xB3C8, 0xB3C9, 0xB3A8, 0xABA8, 0xB3E9, 0xBBE9, 0xBC09, 0xBBE9, 0xBBE9, 0xBC09, 0xBC09, 0xBC09, 0xBBE9, 0xA387,
    0x9B47, 0x9B47, 0x9327, 0x9347, 0x9347, 0x9347, 0x9347, 0x9347, 0x9347, 0x9347, 0x9B67, 0x9B68, 0xA3C9, 0x7A85, 0x7A64, 0xEE71,
    0xB46C, 0xB48D, 0xB48D, 0xB48D, 0xB48D, 0xB48D, 0xB48D, 0xB48D, 0xB48D, 0xB48C, 0xB48C, 0xB48C, 0xB48C, 0xB48C, 0xB48C, 0xB48C,
    0xB48C, 0xB46C, 0xB46C, 0xB46C, 0xB46C, 0xB46C, 0xB46C, 0xB46C, 0xB46C, 0xB46C, 0xB46C, 0xB46C, 0xB48D, 0xB48D, 0xB48D, 0xB48D,
    0xB48D, 0xB48D, 0xB48D, 0xB48D, 0xB4AD, 0xBCAD, 0xBCAD, 0xBCAD, 0xBCAD, 0xBCAD, 0xB48D, 0xAC4C, 0x82A6, 0xDE97, 0xFFFE, 0xEEF8,
    0xDE35, 0xDE15, 0xDE15, 0xDE35, 0xE656, 0xDDF4, 0x9B27, 0xCD0D, 0xE5F0, 0xDDD0, 0xDDD0, 0xDDB0, 0xDDAF, 0xDDAF, 0xDDB0, 0xDD90,
    0xD54E, 0xD54E, 0xEEB5, 0xEED7, 0xEED6, 0xDE12, 0xDDF1, 0xD56F, 0xD54E, 0xD54E, 0xD56F, 0xD56F, 0xDD8F, 0xDD90, 0xDDB0, 0xDDB0,
    0xDDD1, 0xD590, 0xE612, 0xF738, 0xFFDB, 0xFF9A, 0xFF9A, 0xFF99, 0xF759, 0xFFDB, 0xFFFC, 0xFFDB, 0xFFDC, 0xFFDC, 0xFFDB, 0xFFBA,
    0xF718, 0xEEB7, 0xEEB7, 0xEEF8, 0xEEF8, 0xF718, 0xF6F8, 0xEED8, 0xEED7, 0xEEB7, 0xEE97, 0xEED8, 0xDDD4, 0xC42E, 0xC3CC, 0xDD72,
    0xDDD3, 0xDDD3, 0xDDD4, 0xDDF4, 0xDE15, 0xE656, 0xE656, 0xDE35, 0xE615, 0xDDF4, 0xD5B3, 0xDDD3, 0xD5F4, 0xDE14, 0xE696, 0xE696,
    0xEE96, 0xEE96, 0xEE96, 0xEE96, 0xEE96, 0xEE96, 0xEE96, 0xEE96, 0xF6D7, 0xF6F7, 0xD5F3, 0xCD51, 0xE695, 0xF758, 0xF739, 0xE634,
    0xDE14, 0xDE34, 0xDE35, 0xE696, 0xF77A, 0xF7BB, 0xF739, 0xEEB7, 0xE656, 0xE676, 0xE676, 0xEE96, 0xD5D3, 0xBCEF, 0xA388, 0xABA7,
    0xC48A, 0xD4EC, 0xD4CB, 0xE611, 0xEF17, 0xEF16, 0xE612, 0xDD6E, 0xD4EC, 0xD4AA, 0xD4AA, 0xD50B, 0xDCEC, 0xDCEB, 0xD4CB, 0xBBE8,
    0xA367, 0x7224, 0x7AA6, 0x8307, 0x9BEB, 0xB4CF, 0xB4CF, 0xB4CF, 0xB4CE, 0x7A85, 0x6181, 0x61A1, 0x6181, 0xBC6C, 0xDDF1, 0xB40A,
    0x8A84, 0x8AA5, 0x9B26, 0xAB87, 0xAB67, 0xAB67, 0xAB67, 0xAB67, 0xAB67, 0xAB67, 0xAB87, 0xAB67, 0xBBE9, 0xCCAC, 0xB409, 0xAB88,
    0xAB87, 0xAB87, 0xABA8, 0xABA8, 0xABA8, 0xABA8, 0xB3C9, 0xBC09, 0xBC0A, 0xBC09, 0xBBE9, 0xB3C8, 0xAB87, 0xAB87, 0xAB87, 0xA367,
    0x9B67, 0x9B67, 0x9B67, 0x9B67, 0x9347, 0x9347, 0x9347, 0x9327, 0x8AC5, 0x9306, 0x9B68, 0x9B68, 0xA3C9, 0x7A85, 0x7A85, 0xF692,
    0xB48D, 0xB48D, 0xB48D, 0xB48D, 0xB48D, 0xB48D, 0xB48D, 0xB48D, 0xB48D, 0xB48D, 0xB48C, 0xB48C, 0xB48C, 0xB48C, 0xB48C, 0xB48C,
    0xB48C, 0xB48C, 0xB48C, 0xB48C, 0xB48C, 0xB46C, 0xB46C, 0xB46C, 0xB46C, 0xB46C, 0xB46C, 0xB48D, 0xB48D, 0xB48D, 0xB48D, 0xB48D,
    0xB48D, 0xB48D, 0xB48D, 0xB4AD, 0xBCAD, 0xBCAD, 0xBCAD, 0xBCAD, 0xBCCD, 0xBCCD, 0xBCEE, 0xBCCD, 0x82A6, 0xE697, 0xFFFD, 0xEEF8,
    0xDE35, 0xDE15, 0xDE35, 0xDE35, 0xDE56, 0xD5D3, 0x9B47, 0xB44B, 0xD54E, 0xE5D0, 0xDDB0, 0xDDD0, 0xDDB0, 0xDDAF, 0xDD4E, 0xE612,
    0xF737, 0xEF17, 0xEED5, 0xE654, 0xE632, 0xD54E, 0xD52E, 0xD54E, 0xD54E, 0xD54E, 0xD54F, 0xD56F, 0xD56F, 0xD570, 0xDD90, 0xD590,
    0xD5B1, 0xEEF6, 0xF759, 0xEF17, 0xF6D7, 0xFF58, 0xF759, 0xFFDB, 0xFFFC, 0xFFDC, 0xFFDB, 0xFFFC, 0xFFFC, 0xFFBA, 0xEEF7, 0xEED6,
    0xEE95, 0xEED6, 0xF6F8, 0xF738, 0xF718, 0xEEF8, 0xEED8, 0xEED8, 0xEEB7, 0xEEB7, 0xF6D8, 0xE655, 0xC46E, 0xCC8F, 0xDD92, 0xDDF5,
    0xE615, 0xDE14, 0xDDD4, 0xDE14, 0xEE76, 0xEE97, 0xEE96, 0xEE76, 0xE676, 0xEE96, 0xE676, 0xE655, 0xE635, 0xDE35, 0xE655, 0xE675,
    0xEE96, 0xE696, 0xEE95, 0xEE96, 0xEE96, 0xEE96, 0xEE96, 0xEE95, 0xE655, 0xEEB6, 0xF738, 0xDE34, 0xCD71, 0xD5D2, 0xE6D8, 0xF75A,
    0xE696, 0xE655, 0xE675, 0xE676, 0xE676, 0xEE97, 0xF759, 0xF77A, 0xF739, 0xEEB7, 0xE676, 0xEE96, 0xB46D, 0x7224, 0xC44A, 0xD4CB,
    0xCC89, 0xCC89, 0xD489, 0xD4AA, 0xCCCB, 0xD4EB, 0xEE94, 0xF757, 0xEEB4, 0xE5EF, 0xE5F0, 0xD4CB, 0xD4AA, 0xD4CB, 0xDCEB, 0xC449,
    0xABC8, 0x82A5, 0x7244, 0x5981, 0x69E3, 0x7AA6, 0x7AC7, 0x82E7, 0x82E7, 0x8B68, 0xBCEF, 0xB4AD, 0xAC6C, 0xAC4B, 0xB44B, 0xE633,
    0xCD50, 0xB44C, 0x8AC5, 0x9B05, 0xAB26, 0xA326, 0xA326, 0xA326, 0xA326, 0xAB46, 0xAB46, 0xAB46, 0xAB47, 0xAB88, 0xC44A, 0xB429,
    0xAB88, 0xAB87, 0xAB67, 0xAB88, 0xAB88, 0xAB68, 0xB3C9, 0xC42A, 0xC42A, 0xC42A, 0xC44A, 0xC44A, 0xBC09, 0xB3A8, 0xAB88, 0x9B47,
    0x9326, 0x9326, 0x9306, 0x8B06, 0x8B06, 0x8B06, 0x9347, 0x9327, 0x8AE6, 0x8AE6, 0x9327, 0x9B88, 0xA3A8, 0x82A5, 0x61A2, 0x82C5,
    0xB48D, 0xB48D, 0xB48D, 0xB48D, 0xB48D, 0xB48D, 0xB48D, 0xB48D, 0xB48D, 0xB48D, 0xB48D, 0xB48D, 0xB48C, 0xB48C, 0xB48C, 0xB48C,
    0xB48D, 0xB48C, 0xB48C, 0xB48C, 0xB48C, 0xB48C, 0xB48C, 0xB46C, 0xB46C, 0xB46C, 0xB48D, 0xB48D, 0xB48D, 0xB48D, 0xB48D, 0xB48D,
    0xB48D, 0xB48D, 0xB4AD, 0xB4AD, 0xBCAD, 0xBCAD, 0xBCAD, 0xBCAD, 0xBCCD, 0xBCCD, 0xBCCE, 0xBCAD, 0x8AC6, 0xE6D8, 0xFFFE, 0xF75A,
    0xEED8, 0xDE56, 0xDE15, 0xDE35, 0xDE35, 0xDE35, 0xDE14, 0xAC2C, 0xB44B, 0xE611, 0xDDAF, 0xDD8F, 0xDD6F, 0xE612, 0xEF17, 0xEED5,
    0xE674, 0xEE74, 0xDDD0, 0xDD6F, 0xD54F, 0xD54E, 0xD54E, 0xD54E, 0xD54E, 0xD54E, 0xD54F, 0xD56F, 0xD570, 0xD590, 0xD56F, 0xDE33,
    0xF779, 0xEEB6, 0xE674, 0xDE13, 0xE634, 0xFF7A, 0xFFFC, 0xFFFC, 0xFFDB, 0xFFDB, 0xFFDB, 0xF738, 0xF718, 0xF6F7, 0xEE75, 0xEE96,
    0xF718, 0xF718, 0xF718, 0xF718, 0xEED8, 0xEEB7, 0xEE97, 0xEE97, 0xEEB7, 0xE656, 0xDDD3, 0xD4F0, 0xCCCF, 0xDDF4, 0xE655, 0xDE14,
    0xE656, 0xE676, 0xE635, 0xE656, 0xEE97, 0xEE97, 0xEE97, 0xEEB7, 0xEEB7, 0xEEB7, 0xEE97, 0xEEB6, 0xEEB7, 0xE696, 0xE676, 0xEE96,
    0xEE96, 0xEE96, 0xEE96, 0xEE96, 0xEE96, 0xEE96, 0xEE95, 0xE675, 0xE675, 0xE655, 0xEEB6, 0xF759, 0xDE14, 0xCD50, 0xD592, 0xEEF9,
    0xF79C, 0xEEF8, 0xE675, 0xE676, 0xE696, 0xE696, 0xE676, 0xEEB7, 0xEEF8, 0xF718, 0xFF7A, 0xCE14, 0x8308, 0x8AA5, 0xCCCA, 0xD4AA,
    0xCCAA, 0xD4AA, 0xD4AA, 0xD4AA, 0xD4AA, 0xD4EA, 0xD4CA, 0xD50B, 0xEE93, 0xEED4, 0xF715, 0xE611, 0xE5F0, 0xDD2D, 0xD4AA, 0xC429,
    0xB3C8, 0xA367, 0x82A5, 0x61C2, 0x61C2, 0x59A2, 0x61A1, 0x59A1, 0x5981, 0x7224, 0x8B48, 0x8B28, 0x8B48, 0xB42B, 0xBC4B, 0xC4AD,
    0xCCEE, 0xCD91, 0xE654, 0xCD4F, 0xC48B, 0xC48C, 0xC4AC, 0xC48C, 0xC48C, 0xC46B, 0xC46B, 0xC44A, 0xC42B, 0xBC2A, 0xBC0A, 0xC46B,
    0xDD4F, 0xCCED, 0xBC0A, 0xBC0A, 0xBC09, 0xBC09, 0xBC2A, 0xBC2A, 0xBC2A, 0xBC2A, 0xBC2A, 0xBC2A, 0xC44A, 0xB3C8, 0xA367, 0x92E5,
    0x82A4, 0x82A5, 0x82A5, 0x82A5, 0x82A5, 0x82C5, 0x8B06, 0x8B06, 0x8AE6, 0x8AE6, 0x9327, 0x9B68, 0x9B88, 0x9B68, 0x7244, 0x61A2,
    0xB48D, 0xB48D, 0xB48D, 0xB48D, 0xB48D, 0xB48D, 0xB48D, 0xB48D, 0xB48D, 0xB48D, 0xB48D, 0xB48D, 0xB48D, 0xB48D, 0xB48D, 0xB48C,
    0xB48C, 0xB48C, 0xB48C, 0xB48C, 0xB48C, 0xB48C, 0xB48C, 0xB48D, 0xB48D, 0xB48D, 0xB48D, 0xB48D, 0xB48D, 0xB48D, 0xB48D, 0xB48D,
    0xB48D, 0xB48D, 0xB4AD, 0xBCAD, 0xBCAD, 0xBCAD, 0xBCCD, 0xBCCD, 0xBCCE, 0xBCCE, 0xBCCE, 0xBCAD, 0x82A6, 0xD635, 0xF77B, 0xF79B,
    0xFFDC, 0xF739, 0xEEF7, 0xE656, 0xDE35, 0xDE35, 0xE676, 0xC531, 0xABEB, 0xA3A9, 0xC50E, 0xEE73, 0xEEB5, 0xEEF6, 0xEEF7, 0xE674,
    0xDD6F, 0xDD8F, 0xDDB0, 0xDDB0, 0xDD90, 0xDD90, 0xDD90, 0xD56F, 0xD54F, 0xD54F, 0xD56F, 0xD54F, 0xCD0E, 0xDDD1, 0xF737, 0xEF17,
    0xDE54, 0xDDD2, 0xDDD2, 0xDE14, 0xF759, 0xFFBB, 0xFFDB, 0xFFBA, 0xFF9A, 0xF759, 0xF758, 0xEEB5, 0xEE94, 0xEE95, 0xEED6, 0xF718,
    0xFF59, 0xF6F7, 0xF6F8, 0xEEF7, 0xE696, 0xEE97, 0xEE96, 0xE696, 0xEE97, 0xDDB3, 0xC46E, 0xCCCF, 0xDDD3, 0xDE35, 0xEE76, 0xEE76,
    0xEE76, 0xEE96, 0xEE97, 0xEE96, 0xEE97, 0xEE97, 0xEE97, 0xEEB7, 0xEEB7, 0xEEB7, 0xEEB6, 0xEEB6, 0xEEB6, 0xEEB6, 0xEEB6, 0xEE96,
    0xEE96, 0xEE96, 0xEE96, 0xEE96, 0xEE96, 0xE675, 0xE674, 0xE675, 0xE675, 0xE675, 0xE614, 0xE675, 0xEF18, 0xD5F4, 0xDDF3, 0xE675,
    0xE696, 0xF75A, 0xF739, 0xE696, 0xE696, 0xE696, 0xE696, 0xE676, 0xEE96, 0xDE34, 0xBD30, 0xCE15, 0xCDF4, 0xCD4F, 0xD4AB, 0xCC8A,
    0xCCAB, 0xCCAA, 0xCCAA, 0xD4CA, 0xD4AA, 0xD4CA, 0xD4CA, 0xDCEB, 0xE52C, 0xDD0B, 0xE5CF, 0xF736, 0xF756, 0xEE93, 0xDD8E, 0xC48B,
    0xA367, 0x9B47, 0x82A5, 0x61C2, 0x61C3, 0x61C2, 0x61C2, 0x61E2, 0x61E2, 0x61C2, 0x61A1, 0x6182, 0x61A2, 0x9284, 0x9AC4, 0x9AC4,
    0x9283, 0xA388, 0xD570, 0xE5F2, 0xDD90, 0xBC8C, 0xC48B, 0xC48C, 0xC4AC, 0xC4AC, 0xC48C, 0xC4AC, 0xC48C, 0xC48B, 0xC48B, 0xC46B,
    0xBC2A, 0xC46B, 0xD4ED, 0xC48C, 0xBC2A, 0xBC2A, 0xBC09, 0xBC2A, 0xBBE9, 0xB3A8, 0xB3A8, 0xABA8, 0xB3E9, 0xB3C8, 0xA367, 0x9306,
    0x82A5, 0x82A5, 0x82C5, 0x82C5, 0x82C5, 0x82C5, 0x82C5, 0x82C5, 0x82C5, 0x9327, 0x9348, 0x9347, 0x9347, 0xA3A8, 0x82C6, 0x69E2,
    0xB48D, 0xB48D, 0xB48D, 0xB48D, 0xB48D, 0xB48D, 0xB48D, 0xB48D, 0xB48D, 0xB48D, 0xB48D, 0xB48D, 0xB48D, 0xB48C, 0xB48D, 0xB48C,
    0xB48C, 0xB48C, 0xB48C, 0xB48C, 0xB48D, 0xB48D, 0xB48D, 0xB48D, 0xB48D, 0xB48D, 0xB48D, 0xB48D, 0xB48D, 0xB48D, 0xB48D, 0xB48D,
    0xB48D, 0xB4AD, 0xB4AD, 0xBCAD, 0xBCAD, 0xBCAD, 0xBCAD, 0xBCCD, 0xBCAD, 0xBCCE, 0xBCCE, 0xBCCE, 0x9B69, 0x82E7, 0x7A86, 0xCDD3,
    0xFFFE, 0xFF7A, 0xF759, 0xE696, 0xDE15, 0xDE35, 0xDE14, 0xDE35, 0xD5F3, 0xB4AE, 0xD634, 0xE6F8, 0xEEB7, 0xDDF1, 0xD54E, 0xDDB0,
    0xDDB0, 0xDDB0, 0xDDB0, 0xDDB0, 0xDDB0, 0xDDB1, 0xDDB1, 0xD590, 0xD56F, 0xD56F, 0xCD2E, 0xD5B0, 0xEED5, 0xEED6, 0xD5D2, 0xD5B2,
    0xD591, 0xD591, 0xDE34, 0xFF9A, 0xF77A, 0xEEF7, 0xF6D6, 0xF6F7, 0xF799, 0xEEF7, 0xEE74, 0xEED7, 0xF738, 0xF717, 0xFF58, 0xFF79,
    0xFF38, 0xEEB6, 0xEE96, 0xEE96, 0xEE97, 0xE696, 0xEEB7, 0xDE55, 0xD5D3, 0xCD31, 0xD531, 0xDE14, 0xDE14, 0xE635, 0xEE96, 0xEE96,
    0xEE96, 0xEE76, 0xEE96, 0xEE96, 0xEE97, 0xEE97, 0xEE97, 0xEE97, 0xEEB7, 0xEEB7, 0xEEB7, 0xEEB6, 0xEEB6, 0xEEB6, 0xEEB6, 0xEE96,
    0xEE96, 0xEE96, 0xE675, 0xE654, 0xE675, 0xE654, 0xE675, 0xE655, 0xEE95, 0xE654, 0xBCAE, 0xB44D, 0xCDB3, 0xF77A, 0xE696, 0xEE96,
    0xEEB6, 0xE6B7, 0xF739, 0xF739, 0xE676, 0xEE97, 0xE696, 0xE676, 0xDE34, 0xD5D3, 0x7286, 0x8AA5, 0xE611, 0xF758, 0xDE12, 0xD52C,
    0xCC89, 0xCCA9, 0xD4CA, 0xD4CA, 0xD4EB, 0xE54C, 0xE54C, 0xE54D, 0xE58D, 0xE58D, 0xE58D, 0xE56D, 0xE54D, 0xE631, 0xE6B5, 0xE653,
    0xE632, 0x9B88, 0x7203, 0x5140, 0x5982, 0x61E3, 0x61C2, 0x61C2, 0x61E2, 0x69E3, 0x69E3, 0x69E3, 0x6A03, 0x9AE5, 0x9B05, 0x9B06,
    0xA305, 0xAB46, 0xA325, 0xAB67, 0xCCEE, 0xDD8F, 0xB3C8, 0xAB46, 0xAB67, 0xAB87, 0xAB87, 0xB3A8, 0xB3C8, 0xB3C8, 0xB3C8, 0xAB67,
    0xAB66, 0xAB67, 0xABA8, 0xCC8C, 0xC48C, 0xBC09, 0xB3E9, 0xBC09, 0xC42A, 0xBBE9, 0xABA8, 0xAB87, 0xB3E9, 0xB3E8, 0xA347, 0x9B26,
    0x9326, 0x8AE6, 0x82A5, 0x82C5, 0x82C5, 0x82C5, 0x82C5, 0x82C5, 0x82C5, 0x8B06, 0x9347, 0x9347, 0x9347, 0x9B88, 0x82A5, 0x69C2,
    0xB48D, 0xB48D, 0xB48D, 0xB48D, 0xB48D, 0xB48D, 0xB48D, 0xB48D, 0xB48D, 0xB48D, 0xB48D, 0xB48D, 0xB48D, 0xB48D, 0xB48D, 0xB48C,
    0xB48C, 0xB48C, 0xB48C, 0xB48D, 0xB48D, 0xB48D, 0xB48D, 0xB48D, 0xB48D, 0xB48D, 0xB48D, 0xB48D, 0xB48D, 0xB48D, 0xB48D, 0xB48D,
    0xB48D, 0xB4AD, 0xB4AD, 0xBCAD, 0xBCAD, 0xBCAD, 0xBCAD, 0xBCAD, 0xBCCD, 0xBCCD, 0xBCCD, 0xBCCD, 0xC4CE, 0xC4CE, 0x9307, 0xB4EF,
    0xDE96, 0xEEF7, 0xF759, 0xE676, 0xDE15, 0xDE35, 0xDE55, 0xE697, 0xF75A, 0xF75A, 0xE676, 0x8308, 0xAC2B, 0xEE12, 0xE5D1, 0xDDB0,
    0xDDB0, 0xDDD1, 0xDDB1, 0xDDD1, 0xDDD1, 0xDDB1, 0xDDB1, 0xDDD1, 0xDD90, 0xCD4F, 0xDE12, 0xEEB5, 0xE695, 0xDE13, 0xD591, 0xD550,
    0xDDF2, 0xEEF7, 0xF759, 0xE6D7, 0xD5F3, 0xDE13, 0xE654, 0xF738, 0xEF18, 0xE654, 0xEED6, 0xF79B, 0xFFBB, 0xFF58, 0xFF39, 0xF6F7,
    0xF6D7, 0xEEF7, 0xEE96, 0xEE96, 0xEE96, 0xEE96, 0xE655, 0xDE14, 0xD5D3, 0xDE14, 0xDE35, 0xDE35, 0xE675, 0xE676, 0xEE96, 0xEE96,
    0xEE97, 0xEE97, 0xEE97, 0xEE97, 0xEE97, 0xEEB7, 0xEEB7, 0xEE97, 0xEEB7, 0xEEB7, 0xEEB6, 0xEEB6, 0xEEB6, 0xEEB6, 0xEEB6, 0xEE96,
    0xEE96, 0xEEB6, 0xE675, 0xE654, 0xE655, 0xE655, 0xE655, 0xE675, 0xDDF3, 0xC510, 0xCD51, 0xCD92, 0xD5B3, 0xEED7, 0xF739, 0xEEB7,
    0xEE96, 0xEEB6, 0xE696, 0xEED7, 0xF718, 0xE696, 0xE676, 0xF6D7, 0xC510, 0x7A85, 0x9307, 0xCCCB, 0xD50B, 0xD54D, 0xEEB5, 0xEED5,
    0xDDB0, 0xDD4D, 0xCCA9, 0xD4CA, 0xDD0B, 0xE5AE, 0xEDAE, 0xE5AE, 0xE5AE, 0xE58E, 0xE58D, 0xE58E, 0xE58E, 0xDD2C, 0xD4EB, 0xC4AC,
    0xAC4B, 0xD5B1, 0xBCEF, 0x93AA, 0x7A86, 0x5120, 0x5981, 0x61E3, 0x69E3, 0x69E3, 0x69E3, 0x69E2, 0x6A03, 0x92C5, 0x9AE5, 0x9AE5,
    0x9AE5, 0xAB67, 0xB387, 0xAB67, 0xAB87, 0xC46B, 0xE5B0, 0xCCED, 0xB3C8, 0xB387, 0xB3C8, 0xB3E9, 0xBBE9, 0xB3E9, 0xB3E9, 0xB3C8,
    0xA367, 0xAB67, 0xAB87, 0xBC09, 0xBC0A, 0xCCAC, 0xD4CC, 0xC44A, 0xC44A, 0xC44A, 0xC44A, 0xBC29, 0xC42A, 0xBBE9, 0xA347, 0x9B26,
    0x9B47, 0x9326, 0x82A4, 0x82A5, 0x82C5, 0x82A5, 0x82A5, 0x82C5, 0x82C6, 0x8AE6, 0x9327, 0x9327, 0x9347, 0x9B88, 0x82A5, 0x61C2,
    0xB48D, 0xB48D, 0xB48D, 0xB48D, 0xB48D, 0xB48D, 0xB48D, 0xB48D, 0xB48D, 0xB48D, 0xB48D, 0xB48D, 0xB48D, 0xB48D, 0xB48D, 0xB48D,
    0xB48C, 0xB48C, 0xB48C, 0xB48D, 0xB48D, 0xB48D, 0xB48D, 0xB48D, 0xB48D, 0xB48D, 0xB48D, 0xB48D, 0xB48D, 0xB48D, 0xB48D, 0xB48D,
    0xB48D, 0xB4AD, 0xB4AD, 0xBCAD, 0xBCAD, 0xBCAD, 0xBCAD, 0xBCAD, 0xBCCD, 0xBCCD, 0xBCCD, 0xBCCD, 0xBCCE, 0xBCCE, 0xC4EE, 0xA3CA,
    0x7223, 0xE696, 0xFF7A, 0xE676, 0xDE15, 0xDE76, 0xF75A, 0xF77A, 0xE697, 0xDE15, 0xDDF4, 0xCD92, 0xB48E, 0xABEA, 0xC4CD, 0xE5F2,
    0xDDD1, 0xDDD1, 0xDDB1, 0xDDB1, 0xDDB1, 0xDDB1, 0xDDB1, 0xDD91, 0xDDD2, 0xE654, 0xE696, 0xE675, 0xD570, 0xD570, 0xD570, 0xE696,
    0xF759, 0xE6D7, 0xDE55, 0xD5B2, 0xD5D2, 0xDE13, 0xF758, 0xEED7, 0xE634, 0xE654, 0xF77B, 0xF77A, 0xF718, 0xF718, 0xEEB6, 0xEEB6,
    0xF6F7, 0xEEB6, 0xEE96, 0xEE97, 0xEE97, 0xEE96, 0xDE34, 0xDDF4, 0xDDF4, 0xDE34, 0xDE34, 0xE675, 0xEE96, 0xEE96, 0xEEB6, 0xEE96,
    0xEE97, 0xEE97, 0xEE97, 0xEE97, 0xEEB7, 0xEEB7, 0xEEB7, 0xEEB7, 0xEEB7, 0xEEB7, 0xEEB7, 0xEEB6, 0xEEB6, 0xEEB6, 0xEEB6, 0xE675,
    0xE655, 0xE675, 0xE675, 0xE675, 0xE675, 0xE655, 0xE675, 0xEEB6, 0xD5D3, 0xAC6E, 0xDE35, 0xF6F7, 0xEEB7, 0xEE96, 0xEED8, 0xF738,
    0xEEB7, 0xEEB7, 0xEE96, 0xEE97, 0xF738, 0xFF59, 0xC551, 0x9BAB, 0x9BCA, 0x9B67, 0xCCAB, 0xDD4D, 0xD50C, 0xD50C, 0xD4AA, 0xDDAF,
    0xEEF6, 0xEEB5, 0xDDAF, 0xD50B, 0xD4EA, 0xE56D, 0xE5AE, 0xE58D, 0xE58E, 0xE58E, 0xE58D, 0xE58E, 0xE56D, 0xE58D, 0xDD4C, 0xC46A,
    0x8264, 0x9388, 0xAC4C, 0xAC6D, 0xA44C, 0xA42C, 0x9389, 0x5961, 0x5981, 0x69E2, 0x6A03, 0x6A03, 0x7A43, 0x8263, 0x92C4, 0x9AE5,
    0x9AE5, 0xA326, 0xAB67, 0xB387, 0xB387, 0xB387, 0xB3A8, 0xD54F, 0xD52E, 0xB3E9, 0xB3A8, 0xB3E9, 0xBBE9, 0xB3E9, 0xB3E9, 0xB3A8,
    0xA367, 0xA367, 0xAB67, 0xBC09, 0xBC09, 0xBC0A, 0xC44A, 0xCC8B, 0xC46B, 0xCC8B, 0xC46B, 0xBC2A, 0xC409, 0xBBE9, 0xA387, 0x9B26,
    0x9B47, 0x9B46, 0x9306, 0x82C5, 0x82A5, 0x82C5, 0x82A5, 0x82C5, 0x9327, 0x9327, 0x9327, 0x9327, 0x9327, 0x9B68, 0x82A5, 0x61C2,
    0xB48D, 0xB48D, 0xB48D, 0xB48D, 0xB48D, 0xB48D, 0xB48D, 0xB48D, 0xB48D, 0xB48D, 0xB48D, 0xB48D, 0xB48D, 0xB48D, 0xB48D, 0xB48D,
    0xB48D, 0xB48D, 0xB48D, 0xB48D, 0xB48D, 0xB48D, 0xB48D, 0xB48D, 0xB48D, 0xB48D, 0xB48D, 0xB48D, 0xB48D, 0xB48D, 0xB48D, 0xB48D,
    0xB48D, 0xB48D, 0xB4AD, 0xBCAD, 0xBCAD, 0xBCCD, 0xBCAD, 0xBCAD, 0xBCCD, 0xBCCD, 0xBCCD, 0xBCCD, 0xBCCE, 0xBCCD, 0xCD2E, 0xB46C,
    0x82C6, 0xCDD2, 0xF779, 0xE6B7, 0xEF19, 0xF77A, 0xDE55, 0xDE15, 0xDE34, 0xDE35, 0xE635, 0xE676, 0xCD92, 0xB4AE, 0xAC2B, 0xCD4F,
    0xDDB1, 0xDDB1, 0xDDB1, 0xDD91, 0xD590, 0xD590, 0xD570, 0xE633, 0xEED6, 0xEED6, 0xCD30, 0xCD2F, 0xCD70, 0xCD70, 0xEEF7, 0xEF39,
    0xE675, 0xD591, 0xD5B2, 0xD5B2, 0xD5D2, 0xEF18, 0xEED7, 0xDDF3, 0xDE34, 0xF73A, 0xF739, 0xEED6, 0xF718, 0xE675, 0xDE35, 0xEEB6,
    0xEEF7, 0xEE76, 0xEE96, 0xEEB7, 0xEE96, 0xE676, 0xDE35, 0xE635, 0xE655, 0xE655, 0xE675, 0xE696, 0xEE96, 0xEE96, 0xEEB6, 0xEE97,
    0xEE97, 0xEE97, 0xEEB7, 0xEE96, 0xEE96, 0xEEB7, 0xEEB7, 0xEEB7, 0xEEB7, 0xEEB7, 0xEEB6, 0xEEB6, 0xEEB7, 0xEE96, 0xE675, 0xE655,
    0xE655, 0xE655, 0xE655, 0xE675, 0xE675, 0xEE96, 0xC551, 0xB4AE, 0xBCF0, 0xE676, 0xEE96, 0xE696, 0xEE96, 0xEEB7, 0xE696, 0xEF18,
    0xEF18, 0xE696, 0xEEB7, 0xEEB7, 0xCDB2, 0xDE14, 0xC550, 0x82C5, 0xABC8, 0xEDD0, 0xDD4D, 0xD50C, 0xD50C, 0xDD0D, 0xD52D, 0xD50C,
    0xCCAB, 0xD58F, 0xF799, 0xE673, 0xE5CF, 0xE58D, 0xE58D, 0xE58E, 0xE58D, 0xE58D, 0xE58D, 0xE58E, 0xDD4C, 0xCC8A, 0xC46A, 0xC449,
    0xC429, 0x7223, 0x5141, 0x5120, 0x7AA6, 0xBCCE, 0xB4AD, 0x9BA9, 0x9BA9, 0x6A03, 0x6181, 0x69E2, 0x8263, 0x8A84, 0x92C5, 0x9AC5,
    0x9AE5, 0x9AE5, 0xAB67, 0xB3A8, 0xB3C8, 0xB3A8, 0xB3A8, 0xB387, 0xC46B, 0xE58F, 0xBC09, 0xB3C9, 0xBBE9, 0xBC09, 0xBBE9, 0xBC09,
    0xAB87, 0xA347, 0xAB67, 0xABA8, 0xB3C9, 0xBBE9, 0xBC09, 0xC46B, 0xC46B, 0xCC6B, 0xC46B, 0xC42A, 0xB3C8, 0xB3C8, 0xB3C8, 0xA367,
    0x9B26, 0x9B47, 0x9B67, 0x8AE6, 0x82A5, 0x82A5, 0x82A5, 0x82A5, 0x8B06, 0x9347, 0x9327, 0x8AE6, 0x8B06, 0x9B88, 0x82A5, 0x5982,
    0xB48D, 0xB48D, 0xB48D, 0xB48D, 0xB48D, 0xB48D, 0xB48D, 0xB4AD, 0xB48D, 0xB4AD, 0xB48D, 0xB48D, 0xB48D, 0xB48D, 0xB4AD, 0xB48D,
    0xB4AD, 0xB48D, 0xB48D, 0xB48D, 0xBC8D, 0xB48D, 0xB48D, 0xB48D, 0xB48D, 0xB48D, 0xB48D, 0xB48D, 0xB48D, 0xB48D, 0xB48D, 0xB48D,
    0xB48D, 0xB4AD, 0xB4AD, 0xBCAD, 0xBCAD, 0xBCCD, 0xBCCD, 0xBCCD, 0xBCCD, 0xBCCD, 0xBCCD, 0xBCCE, 0xBCAD, 0xC54F, 0xDDF3, 0xDE34,
    0xC52F, 0x82C6, 0xE6D8, 0xFF9B, 0xE697, 0xE656, 0xDE35, 0xDE35, 0xDE35, 0xDE35, 0xDE35, 0xDE35, 0xE655, 0xDE14, 0xA3EB, 0xA3EB,
    0xC52F, 0xD570, 0xCD50, 0xCD2F, 0xCD51, 0xCD30, 0xDE34, 0xF718, 0xD5D2, 0xCD2F, 0xD570, 0xCD2F, 0xDE13, 0xF759, 0xE695, 0xD5D2,
    0xD591, 0xD5D2, 0xD5B2, 0xD5D2, 0xEEF7, 0xE696, 0xD5F3, 0xDDF3, 0xEEF7, 0xF75A, 0xE696, 0xEED7, 0xEED7, 0xDE14, 0xEF3A, 0xEED8,
    0xDE34, 0xF6D7, 0xE655, 0xEED7, 0xDE34, 0xDE34, 0xDE34, 0xDE34, 0xE675, 0xEE96, 0xEE96, 0xE696, 0xEE96, 0xEE96, 0xEE97, 0xEE97,
    0xEE97, 0xEE97, 0xEE97, 0xE696, 0xEE96, 0xEEB6, 0xEEB7, 0xEEB6, 0xEEB6, 0xEEB6, 0xE696, 0xE675, 0xE676, 0xE675, 0xE655, 0xE655,
    0xE655, 0xE655, 0xE655, 0xE675, 0xDDF3, 0xD5B2, 0xAC8E, 0xB4CF, 0xC551, 0xEE96, 0xEE97, 0xEE96, 0xEEB6, 0xEEB7, 0xEEB7, 0xEEB7,
    0xF718, 0xF6F8, 0xDE14, 0xDDF4, 0xAC6D, 0x7203, 0x9B68, 0xEE31, 0xE5CF, 0xE56E, 0xE5AF, 0xE5AF, 0xD50C, 0xD4EC, 0xDD2D, 0xDD2C,
    0xDD2D, 0xDD2C, 0xD50C, 0xEEF5, 0xFFBA, 0xEEB5, 0xE58E, 0xE56D, 0xE5AE, 0xE58D, 0xE58D, 0xE58E, 0xE58E, 0xCCCB, 0xBBE9, 0xBBC8,
    0xBBE9, 0x8284, 0x61C2, 0x61E3, 0x61A2, 0x5120, 0x7224, 0xBCEE, 0xC52F, 0xA3EA, 0x8307, 0x82C6, 0x7202, 0x8222, 0x92A5, 0x9AE5,
    0x9AC5, 0xAB67, 0xAB67, 0xAB87, 0xB3C8, 0xB3A8, 0xB3C8, 0xB3A8, 0xB3A8, 0xBBC8, 0xDD4E, 0xCCED, 0xBC09, 0xB3E9, 0xBC09, 0xBC09,
    0xB3C8, 0xAB87, 0xAB87, 0xAB88, 0xABA8, 0xBBE9, 0xBBE9, 0xBC09, 0xC46B, 0xCC6B, 0xCC6B, 0xC46A, 0xBC09, 0xB3C8, 0xB3C9, 0xA387,
    0x9306, 0x9306, 0x9B67, 0x9B67, 0x8AE6, 0x7AA4, 0x82A5, 0x82A4, 0x9327, 0x9347, 0x9327, 0x8AE6, 0x9307, 0x9B68, 0x8AE6, 0x69E3,
    0xB48D, 0xB48D, 0xB48D, 0xB48D, 0xB48D, 0xB48D, 0xB48D, 0xB4AD, 0xB4AD, 0xB4AD, 0xB4AD, 0xB48D, 0xB4AD, 0xBCAD, 0xB4AD, 0xB48D,
    0xB48D, 0xB48D, 0xB48D, 0xB48D, 0xBC8D, 0xB48D, 0xB48D, 0xB48D, 0xB48D, 0xB48D, 0xB48D, 0xB48D, 0xB48D, 0xB48D, 0xB48D, 0xB48D,
    0xBC8D, 0xBCAD, 0xBCAD, 0xBCAD, 0xBCAD, 0xBCCD, 0xBCCD, 0xBCCD, 0xBCAD, 0xBCAD, 0xBCAD, 0xC52F, 0xD5B1, 0xD5D2, 0xD5F3, 0xD5F3,
    0xD5F3, 0xD5B1, 0x7AE7, 0xC5B3, 0xFF39, 0xDE35, 0xDE35, 0xDE35, 0xDE35, 0xDE35, 0xDE35, 0xDE35, 0xDE35, 0xDE35, 0xDE35, 0xDE34,
    0xA40C, 0x9BCB, 0xA42C, 0xAC8E, 0xE6D8, 0xF6F8, 0xE696, 0xCD71, 0xD570, 0xD570, 0xCD2F, 0xE696, 0xEF39, 0xE675, 0xDDB1, 0xD5B1,
    0xD5D2, 0xD591, 0xD5D2, 0xF75A, 0xE696, 0xD5D2, 0xD5B2, 0xEED8, 0xF77B, 0xDE75, 0xE655, 0xF718, 0xDE34, 0xDE55, 0xEF19, 0xE676,
    0xE696, 0xEEB6, 0xDE55, 0xEED7, 0xDE34, 0xDE34, 0xDE34, 0xDE34, 0xE675, 0xE696, 0xE696, 0xE676, 0xE696, 0xEE96, 0xEE96, 0xEE96,
    0xEE96, 0xEE96, 0xEE96, 0xEE96, 0xEE96, 0xEEB6, 0xEEB6, 0xEEB6, 0xE676, 0xE675, 0xE675, 0xE675, 0xE655, 0xE655, 0xE675, 0xE675,
    0xE655, 0xE655, 0xE675, 0xEE96, 0xBCF0, 0xBCCF, 0xC551, 0xE676, 0xEEB7, 0xE696, 0xE696, 0xEE96, 0xEEB6, 0xEEB6, 0xEEB7, 0xEEB7,
    0xEED7, 0xFF9A, 0xACAF, 0x6A03, 0x82A6, 0xA387, 0xBC29, 0xD54D, 0xEEB3, 0xE5AF, 0xDD8E, 0xE610, 0xE610, 0xDD8F, 0xD50C, 0xDD4D,
    0xE56E, 0xE56E, 0xDD6D, 0xDD4D, 0xE5D0, 0xF779, 0xF779, 0xE5F0, 0xE54C, 0xE58D, 0xE58E, 0xE58D, 0xE58D, 0xEDCE, 0xD4EB, 0xBBE8,
    0xC42A, 0x82A4, 0x61A2, 0x61C2, 0x61C2, 0x69E3, 0x61C2, 0x5961, 0x61A1, 0xAC2B, 0xB4CE, 0xC50F, 0xB46C, 0xA388, 0x92A4, 0x9263,
    0x92C4, 0x9B05, 0x9AE5, 0xAB67, 0xBBC8, 0xB3C8, 0xB3C8, 0xB3A8, 0xB3A8, 0xB3A8, 0xB387, 0xD50D, 0xDD4F, 0xC44A, 0xB3E9, 0xBBE9,
    0xBBE9, 0xB3C8, 0xABA8, 0xAB88, 0xABA8, 0xB3E9, 0xB3E9, 0xBBE9, 0xBC2A, 0xCC6B, 0xC46B, 0xC46B, 0xC46A, 0xB3C8, 0xAB87, 0xA347,
    0x9306, 0x8B06, 0x9306, 0x9327, 0x8AE6, 0x7AA4, 0x82A4, 0x8284, 0x82A5, 0x82C5, 0x8B06, 0x9327, 0x9B27, 0x9B27, 0x9B47, 0xA388,
    0xB48D, 0xB48D, 0xB48D, 0xB48D, 0xB48D, 0xB4AD, 0xB4AD, 0xB4AD, 0xBCAD, 0xBCAD, 0xBCAE, 0xBCAE, 0xBCAE, 0xBCAD, 0xB4AD, 0xB48D,
    0xB48D, 0xB48D, 0xB48D, 0xB48D, 0xBC8D, 0xB48D, 0xB48D, 0xB48D, 0xB48D, 0xB48D, 0xB48D, 0xBC8D, 0xBC8D, 0xB48D, 0xB48D, 0xB4AD,
    0xBCAD, 0xBCAD, 0xBCAD, 0xBCAD, 0xBCAD, 0xBCAD, 0xBCAD, 0xBCCE, 0xCD50, 0xCD70, 0xCD70, 0xD591, 0xD5D3, 0xD5F2, 0xD5D2, 0xD5D3,
    0xDDF3, 0xDE33, 0x9BAA, 0xB4CE, 0xD5F3, 0xE696, 0xE676, 0xE655, 0xDE35, 0xDE35, 0xDE35, 0xDE35, 0xDE55, 0xDE55, 0xE656, 0xE676,
    0xCD71, 0xBCEF, 0xCDB2, 0xF75A, 0xDE76, 0xAC4C, 0xB48D, 0xBCCE, 0xC50F, 0xCD91, 0xEF18, 0xEF18, 0xDDF3, 0xD591, 0xD5D2, 0xD5D2,
    0xD591, 0xDE34, 0xF75A, 0xE696, 0xD5B2, 0xD5B2, 0xE696, 0xEF18, 0xE676, 0xDDD3, 0xEED6, 0xE696, 0xD5F4, 0xF73A, 0xE676, 0xDDF4,
    0xEED7, 0xE676, 0xE655, 0xEEF7, 0xDE34, 0xE635, 0xDE34, 0xDE34, 0xE655, 0xE655, 0xE655, 0xE675, 0xE696, 0xEE96, 0xEE96, 0xEE96,
    0xEE96, 0xEE96, 0xEE96, 0xEE96, 0xEE96, 0xEE96, 0xE695, 0xEE96, 0xE675, 0xE655, 0xE655, 0xE655, 0xE655, 0xE655, 0xE655, 0xE675,
    0xEE96, 0xEE96, 0xBCEF, 0xB48E, 0xAC6E, 0xDE14, 0xF6D7, 0xEE97, 0xEE96, 0xEE97, 0xEE97, 0xE6B6, 0xEEB6, 0xEEB6, 0xEE96, 0xF6F8,
    0xBCF0, 0xAC6D, 0xC591, 0x8AE7, 0x9327, 0xC4AB, 0xE5AE, 0xDD2C, 0xE631, 0xEEB4, 0xE5D0, 0xDD6E, 0xEE52, 0xEE93, 0xDD8E, 0xDD4D,
    0xE58E, 0xE58E, 0xE58E, 0xE58E, 0xE56D, 0xDD8E, 0xEED5, 0xF758, 0xF6F5, 0xE5EE, 0xE58D, 0xE58D, 0xE5AD, 0xE58D, 0xE56D, 0xC44A,
    0x9306, 0x7A44, 0x61C2, 0x61C3, 0x61C2, 0x61C2, 0x61C2, 0x7203, 0x7203, 0x69C2, 0x6160, 0x8AC6, 0xD5B0, 0xD5B1, 0xC4CC, 0xB409,
    0xA346, 0x9284, 0x92C5, 0xAB47, 0xB3A8, 0xB3A8, 0xB3C8, 0xB3C8, 0xB3C8, 0xB3A8, 0xB3A7, 0xAB67, 0xBC09, 0xE590, 0xD50E, 0xBC0A,
    0xB3C8, 0xA367, 0xAB88, 0xABA8, 0xAB88, 0xB3A8, 0xB3E9, 0xBBE9, 0xBBE9, 0xBC2A, 0xC42A, 0xC42A, 0xBC09, 0xBC09, 0xAB88, 0xA346,
    0x92E5, 0x8AC5, 0x8AC5, 0x82C5, 0x82A5, 0x82A4, 0x7AA4, 0x82A4, 0x8285, 0x7A84, 0x8AC5, 0x9B47, 0xA367, 0xA367, 0xA388, 0xBC09,
    0xB48D, 0xBC8D, 0xBC8D, 0xB48D, 0xB4AD, 0xB4AD, 0xB4AD, 0xB4AD, 0xBCAD, 0xBCAD, 0xBCAD, 0xBCAD, 0xBCAD, 0xBCAD, 0xBCAD, 0xB4AD,
    0xB48D, 0xB48D, 0xB48D, 0xBC8D, 0xBC8D, 0xBC8D, 0xBC8D, 0xBC8D, 0xB48D, 0xBC8D, 0xBC8D, 0xB48D, 0xBC8D, 0xB48D, 0xBC8D, 0xBCAD,
    0xBCAD, 0xBCAD, 0xBCAD, 0xBCAD, 0xBCCE, 0xC4EF, 0xC50E, 0xC52F, 0xD5D3, 0xD5F3, 0xD5F3, 0xD5D3, 0xD5D2, 0xD5D3, 0xD5D3, 0xD5F3,
    0xD5F3, 0xD5D2, 0xE654, 0xB4AD, 0x7AA5, 0xDE14, 0xE696, 0xE676, 0xDE35, 0xDE35, 0xDE35, 0xDE35, 0xE655, 0xDE35, 0xDE14, 0xDE35,
    0xFF9B, 0xFFDC, 0xF739, 0xDE34, 0xD614, 0xD5D3, 0xCD71, 0x7AC7, 0xA46E, 0xEF3A, 0xDE55, 0xD5B1, 0xDDB1, 0xD5D2, 0xD5D2, 0xD5B1,
    0xDE14, 0xEF5A, 0xE697, 0xCDB2, 0xD5B2, 0xDE34, 0xF75A, 0xE655, 0xD5B2, 0xE696, 0xEEF7, 0xDE14, 0xDE76, 0xF75A, 0xDE35, 0xDE35,
    0xEEF7, 0xDE14, 0xEEB6, 0xEED7, 0xDE34, 0xE655, 0xDE55, 0xE655, 0xE654, 0xDE34, 0xDE34, 0xE675, 0xEE96, 0xE696, 0xEE96, 0xE696,
    0xEE96, 0xE696, 0xE696, 0xE675, 0xE655, 0xE655, 0xE655, 0xE655, 0xE655, 0xE655, 0xE655, 0xE655, 0xE675, 0xE675, 0xE675, 0xDDF3,
    0xCD92, 0xCD92, 0xC551, 0xCD72, 0xCD72, 0xDE34, 0xE696, 0xEE96, 0xEE96, 0xEE97, 0xEE97, 0xEE96, 0xEEB6, 0xEEB7, 0xEE97, 0xF6F8,
    0xB4AF, 0x8AE6, 0xE673, 0xCD4F, 0xC46A, 0xDD6D, 0xD52D, 0xDD6D, 0xDD4D, 0xEE53, 0xEE73, 0xE58E, 0xDD6E, 0xEE11, 0xF692, 0xE5AF,
    0xE58E, 0xE58E, 0xE58E, 0xE58E, 0xE58E, 0xDD8E, 0xDD4D, 0xEE73, 0xF779, 0xF758, 0xE5CE, 0xE5CE, 0xE56D, 0xCCAA, 0xBC29, 0xA387,
    0x61A2, 0x61C2, 0x61C3, 0x61C3, 0x61C3, 0x61C3, 0x69C3, 0x7A43, 0x7A23, 0x7203, 0x7203, 0x71E3, 0x7A02, 0x8A43, 0xCD0E, 0xE612,
    0xC4AD, 0xA347, 0xAB88, 0xA347, 0xA346, 0xAB67, 0xB388, 0xB3A8, 0xBBE8, 0xBBE9, 0xBBC8, 0xB3A8, 0xB3C8, 0xBC09, 0xCCAC, 0xE570,
    0xBC0A, 0xBBC8, 0xB3C9, 0xB3A9, 0xABA8, 0xAB88, 0xB3C9, 0xBBE9, 0xBBE9, 0xBBE9, 0xBBE9, 0xBBE9, 0xA346, 0x9B26, 0x9B26, 0x9B26,
    0x8AE5, 0x8AC5, 0x82C5, 0x82A5, 0x82A4, 0x82A4, 0x8284, 0x82A4, 0x8284, 0x8AA5, 0x8AC5, 0xABC8, 0xBC09, 0xBC09, 0xB409, 0xB409,
    0xBC8D, 0xBC8D, 0xBC8D, 0xB48D, 0xB4AD, 0xBCAD, 0xB4AD, 0xBCAD, 0xBCAD, 0xBCAD, 0xBCAD, 0xBCAD, 0xBCAD, 0xBCAD, 0xBCAD, 0xB4AD,
    0xB48D, 0xB48D, 0xB48D, 0xBC8D, 0xBC8D, 0xBC8D, 0xBC8D, 0xBC8D, 0xBC8D, 0xBC8D, 0xB48D, 0xBC8D, 0xBC8D, 0xBC8D, 0xBC8D, 0xBCAD,
    0xBCAD, 0xBCAD, 0xBCAD, 0xB4AD, 0xCD50, 0xD5D2, 0xD5D2, 0xD5D2, 0xD5D2, 0xD5D2, 0xD5D2, 0xD5D2, 0xD5D2, 0xD5D3, 0xD5D3, 0xD5D3,
    0xD5F3, 0xD5D2, 0xD5D2, 0xDDD2, 0xD5B1, 0x8B07, 0xD5D3, 0xE6B7, 0xDE35, 0xDE35, 0xDE35, 0xDE35, 0xDE14, 0xE676, 0xF759, 0xF739,
    0xE6B7, 0xE6B7, 0xE696, 0xDE34, 0xDE55, 0xDE55, 0xDE56, 0xD635, 0xEEF9, 0xB4F0, 0x9B48, 0xC4CE, 0xDDF2, 0xDDF2, 0xDDD2, 0xD5D2,
    0xEF18, 0xE697, 0xCD92, 0xD5D3, 0xD5D3, 0xF77A, 0xEED7, 0xD5D3, 0xDE34, 0xF718, 0xDE55, 0xDE35, 0xF77B, 0xD5F4, 0xD5F3, 0xE675,
    0xEEF7, 0xD5F4, 0xEED7, 0xDE34, 0xDE34, 0xE634, 0xE635, 0xE655, 0xDE34, 0xDE14, 0xDE14, 0xDE34, 0xE675, 0xE696, 0xE696, 0xEE96,
    0xE676, 0xE675, 0xDE35, 0xE635, 0xE635, 0xE635, 0xE635, 0xE655, 0xE655, 0xE655, 0xE655, 0xDE55, 0xDE55, 0xE655, 0xE675, 0xC530,
    0xAC4D, 0xAC2D, 0xD5D3, 0xEED7, 0xE696, 0xE676, 0xE696, 0xEEB7, 0xEEB7, 0xEEB7, 0xEEB6, 0xEEB7, 0xEEB7, 0xEEB7, 0xEE96, 0xF739,
    0xB4F0, 0x9307, 0xE611, 0xF737, 0xDDAF, 0xD54D, 0xDD4D, 0xDD6D, 0xDD8E, 0xDD6E, 0xEE93, 0xEE52, 0xDD6D, 0xE5AE, 0xE5F0, 0xEE51,
    0xE5AE, 0xE58E, 0xE58E, 0xE58E, 0xE58E, 0xE58E, 0xE5CF, 0xE5AE, 0xE5F0, 0xF738, 0xFF99, 0xEE93, 0xEDEF, 0xCC8A, 0xB3A7, 0xA347,
    0x69E3, 0x69E3, 0x61C3, 0x61C3, 0x61C3, 0x61C2, 0x69C2, 0x7A44, 0x8264, 0x8243, 0x7A23, 0x71E3, 0x8A64, 0x9AA4, 0x9284, 0x8A42,
    0xBC8B, 0xEE74, 0xE653, 0xB3E9, 0xA306, 0xAB47, 0xAB87, 0xB387, 0xB3A8, 0xB3A8, 0xB3A8, 0xB3C8, 0xBBE8, 0xBBE8, 0xBBE9, 0xC44A,
    0xDD4E, 0xCCCD, 0xB3A8, 0xB3C9, 0xB3C9, 0xB3C9, 0xB3C9, 0xBBE9, 0xBBE9, 0xBBE9, 0xBBE9, 0xBBE9, 0xA367, 0x9B06, 0x9306, 0x9306,
    0x92E6, 0x8AE5, 0x82A5, 0x8284, 0x7A84, 0x8284, 0x82A5, 0x82A4, 0x8AA5, 0xA347, 0xAB87, 0xB3E8, 0xBBE8, 0xBBE9, 0xB3E9, 0xB409,
    0xBC8D, 0xBCAD, 0xBCAD, 0xBCAD, 0xBCAD, 0xBCAD, 0xBCAD, 0xBCAD, 0xBCAD, 0xBCAD, 0xBCAD, 0xBCAD, 0xBCAD, 0xBCAD, 0xBCAD, 0xBCAD,
    0xB48D, 0xB48D, 0xB48D, 0xBC8D, 0xBC8D, 0xBC8D, 0xBC8D, 0xBC8D, 0xB48D, 0xB48D, 0xB48D, 0xBC8D, 0xBC8D, 0xBC8D, 0xBC8D, 0xB48D,
    0xBCCE, 0xCD71, 0xCD91, 0xCD91, 0xCDB2, 0xD5D2, 0xD5D2, 0xD5D2, 0xD5D2, 0xD5D2, 0xD5D2, 0xD5D2, 0xD5D2, 0xD5D2, 0xD5D2, 0xD5D2,
    0xD5D2, 0xD5D2, 0xD5D2, 0xD5F2, 0xD5D1, 0x8AE6, 0xCD91, 0xE6B7, 0xDE15, 0xD614, 0xDE35, 0xEEB7, 0xEF19, 0xEEF8, 0xEEF8, 0xEED8,
    0xDE35, 0xDE15, 0xDE35, 0xDE35, 0xDE35, 0xE655, 0xEEF8, 0xFF9B, 0xF718, 0xD614, 0xD5F3, 0xB48E, 0x9389, 0xA40B, 0xCD91, 0xFF59,
    0xE675, 0xDDF4, 0xDE14, 0xD5D3, 0xEF39, 0xEEF8, 0xDE13, 0xDDF3, 0xEEF7, 0xE6B7, 0xD5B2, 0xE6B6, 0xEF39, 0xD5F3, 0xDE14, 0xDE55,
    0xDE34, 0xD5F3, 0xEED7, 0xDE34, 0xDE34, 0xDE14, 0xDE34, 0xDE14, 0xDE14, 0xDE14, 0xDE14, 0xDE14, 0xDE34, 0xDE34, 0xDE34, 0xDE34,
    0xDE34, 0xDE34, 0xDE34, 0xE635, 0xE635, 0xE635, 0xE635, 0xDE34, 0xE635, 0xE635, 0xE655, 0xC530, 0xB4AF, 0xBCCF, 0xB4CF, 0xD5D3,
    0xE675, 0xDE55, 0xE655, 0xE676, 0xE696, 0xE696, 0xEEB7, 0xEEB7, 0xEEB7, 0xEEB7, 0xEEB7, 0xEEB7, 0xEEB7, 0xEEB7, 0xEED7, 0xB48E,
    0xA3EA, 0xBC8B, 0xDD8F, 0xE633, 0xEED5, 0xDD2C, 0xDD6D, 0xDD6E, 0xDD8E, 0xE58E, 0xE5F0, 0xEE73, 0xE631, 0xE5AE, 0xE5CF, 0xE5F0,
    0xF651, 0xEDF0, 0xDD8E, 0xE58E, 0xE58E, 0xE5AE, 0xE5AF, 0xE5CF, 0xE5CE, 0xE5EF, 0xF6D4, 0xF758, 0xEE93, 0xE58E, 0xBC4A, 0x9305,
    0x61A2, 0x61E3, 0x61C3, 0x61C2, 0x61C3, 0x61C2, 0x69C2, 0x69E2, 0x7A23, 0x8A84, 0x8263, 0x8A64, 0x9284, 0x9AA4, 0x9AC4, 0x9AC4,
    0xA2E5, 0xA326, 0xA326, 0xCCAC, 0xDD8F, 0xD54F, 0xB387, 0xAB66, 0xAB87, 0xB387, 0xB3A7, 0xB3A8, 0xBBE8, 0xBBE9, 0xBBE9, 0xBBE8,
    0xBC2A, 0xCCCC, 0xE54F, 0xD4ED, 0xB3A9, 0xB3C9, 0xB3A8, 0xB3C9, 0xBBE9, 0xBBE9, 0xBBE9, 0xBBE9, 0xB3C9, 0xA367, 0x9305, 0x9306,
    0x9306, 0x8AC5, 0x8AA5, 0x9306, 0x9306, 0x8AC5, 0x8284, 0x8284, 0xA347, 0xBBE8, 0xB3C8, 0xB3E8, 0xBBE9, 0xBBE9, 0xBC09, 0xBC29,
    0xBCAD, 0xBCAD, 0xBCAD, 0xBCAD, 0xBCAD, 0xBCAD, 0xBCAD, 0xBCAD, 0xBCAD, 0xBCAD, 0xBCAD, 0xBCAD, 0xBCAD, 0xBCAD, 0xBCAD, 0xBCAD,
    0xB4AD, 0xB48D, 0xB48D, 0xBC8D, 0xBC8D, 0xBC8D, 0xBC8D, 0xBC8D, 0xB48D, 0xB48D, 0xBC8D, 0xBC8D, 0xBC8D, 0xBCAD, 0xBCCE, 0xBCCE,
    0xC50F, 0xD5D2, 0xD5D2, 0xD5D3, 0xD5D2, 0xD5D2, 0xD5D3, 0xD5D3, 0xD5D3, 0xD5D2, 0xD5D2, 0xD5D2, 0xD5D2, 0xD5D2, 0xD5D2, 0xD5D2,
    0xD5D2, 0xD5D2, 0xD5D2, 0xD5D2, 0xD5D2, 0xCD70, 0x9BA9, 0xA42B, 0xF758, 0xF759, 0xF75A, 0xFF9B, 0xEF19, 0xE6B7, 0xDE14, 0xDE15,
    0xDE35, 0xDE56, 0xDE35, 0xDE55, 0xDE56, 0xF759, 0xF77B, 0xE697, 0xE675, 0xEEB7, 0xEED7, 0xE655, 0xD5B3, 0xA46D, 0xDE76, 0xD613,
    0xBD30, 0xC530, 0xBCEF, 0xDE75, 0xF738, 0xE654, 0xDE13, 0xEEB6, 0xEEF7, 0xD5D3, 0xDE14, 0xEF19, 0xD5F4, 0xD5D3, 0xE6B7, 0xE6D8,
    0xCD92, 0xD5F3, 0xEED7, 0xDE34, 0xDE34, 0xDE34, 0xDE34, 0xDE34, 0xDE34, 0xDE34, 0xDE34, 0xDE14, 0xDDF4, 0xDE14, 0xDDF4, 0xDDF4,
    0xDE14, 0xDE14, 0xDE14, 0xDE14, 0xDDF4, 0xDDF4, 0xDE14, 0xD5D3, 0xC571, 0xCD92, 0xCD72, 0xCD71, 0xCD92, 0xCD72, 0xC551, 0xDE14,
    0xE676, 0xE675, 0xE675, 0xE696, 0xEED7, 0xEED7, 0xEEB7, 0xEEB7, 0xEEB7, 0xEEB7, 0xEEB7, 0xE697, 0xE675, 0xEEB6, 0xF6D7, 0x9348,
    0xB44A, 0xEE10, 0xE5AE, 0xDDD0, 0xF718, 0xDDAF, 0xDD4D, 0xDD6E, 0xE5AF, 0xE5AF, 0xE58E, 0xE611, 0xF6F5, 0xE5CF, 0xE5AF, 0xE5CF,
    0xE5F0, 0xEE10, 0xEDF0, 0xE5AF, 0xE5AF, 0xEE10, 0xEDF0, 0xEDF0, 0xEDF0, 0xEDF0, 0xEDCE, 0xEE52, 0xF758, 0xDE12, 0xDD8F, 0xC4CD,
    0x7AA5, 0x61A2, 0x61C2, 0x61C3, 0x61C2, 0x61C2, 0x61C2, 0x61C2, 0x69E2, 0x8264, 0x92A4, 0x92A4, 0x92A4, 0x9AA4, 0x9AC4, 0xA305,
    0xAB05, 0xA2E4, 0xA2C4, 0xB3C7, 0xC42A, 0xC46A, 0xDD8E, 0xE5AF, 0xD54E, 0xAB67, 0xAB67, 0xB3A8, 0xBBE9, 0xBBE9, 0xBC09, 0xBC09,
    0xBBE8, 0xBC09, 0xBC2A, 0xCC8B, 0xDD4E, 0xDD4E, 0xBC09, 0xB3C9, 0xB3C9, 0xB3E9, 0xBBE9, 0xB3C9, 0xABA8, 0x9B06, 0x9306, 0x92E5,
    0x8AC5, 0x8AC5, 0x8AA5, 0x92E5, 0x9306, 0x9B26, 0x92C5, 0x92C5, 0xA367, 0xBBE8, 0xB3C8, 0xB3C8, 0xB3E8, 0xBC09, 0xCC8B, 0xCC8B,
    0xBCAD, 0xBCAD, 0xBCAD, 0xBCAD, 0xBCAD, 0xBCAD, 0xBCAD, 0xBCAD, 0xBCAD, 0xBCAD, 0xBCAD, 0xBCAD, 0xBCAD, 0xBCAD, 0xBCAD, 0xBCAD,
    0xB4AD, 0xB4AD, 0xBCAD, 0xBC8D, 0xBC8D, 0xBC8D, 0xB48D, 0xB48D, 0xB48D, 0xB48D, 0xB48C, 0xB48C, 0xB46C, 0xC50F, 0xD5D2, 0xD5B2,
    0xD5B2, 0xD5D2, 0xD5D2, 0xD5D2, 0xD5D2, 0xD5D2, 0xD5D2, 0xD5D2, 0xD5D2, 0xD5D2, 0xD5D2, 0xD5D3, 0xD5D2, 0xD5D2, 0xD5D2, 0xD5D2,
    0xD5D2, 0xD5D2, 0xD5B2, 0xD5B1, 0xD5D2, 0xEED6, 0xDE55, 0xCDB2, 0xDE34, 0xE675, 0xDE35, 0xDE13, 0xDE35, 0xE656, 0xE676, 0xE676,
    0xDE56, 0xE656, 0xDE56, 0xE697, 0xFFBB, 0xE6D8, 0xDE35, 0xE655, 0xE676, 0xE676, 0xE676, 0xEE96, 0xEEB7, 0xFF7A, 0xE6D7, 0xA42C,
    0x9BEC, 0x9BEB, 0xACAF, 0xE6D7, 0xD5F3, 0xD592, 0xDE34, 0xEEF7, 0xDE55, 0xDDD2, 0xE696, 0xEEF7, 0xDDF3, 0xD5D3, 0xEEB7, 0xEED8,
    0xD5B2, 0xD5F3, 0xEEB6, 0xDE34, 0xDE34, 0xDE34, 0xDE34, 0xDDF3, 0xD5B2, 0xCD92, 0xCD92, 0xD5D3, 0xD5D3, 0xD5D3, 0xD5D3, 0xD5D3,
    0xD5D3, 0xD5D3, 0xDDF4, 0xD5B2, 0xCD92, 0xCD92, 0xD5B3, 0xC551, 0xAC8E, 0xB4AF, 0xAC6E, 0xCD92, 0xE696, 0xE676, 0xE696, 0xE676,
    0xDE55, 0xE655, 0xE676, 0xEE97, 0xEEB7, 0xEEB7, 0xEEB7, 0xEEB7, 0xEEB7, 0xF6F8, 0xF739, 0xE676, 0x9348, 0x9348, 0x9369, 0xA3CA,
    0xCCCD, 0xDDAF, 0xDDAF, 0xDDD0, 0xEE94, 0xF738, 0xDD8F, 0xE58E, 0xE5CF, 0xE5CF, 0xE5AF, 0xE5AE, 0xEE32, 0xEE72, 0xE58E, 0xE5AF,
    0xE5AE, 0xEE10, 0xEE51, 0xEE11, 0xEDF0, 0xEE10, 0xEE10, 0xEE10, 0xEE10, 0xEE10, 0xEDF0, 0xEDEF, 0xE611, 0xF716, 0xBD0E, 0xB46B,
    0xD570, 0x82E6, 0x61C3, 0x59A2, 0x61E3, 0x61C2, 0x61C2, 0x61C2, 0x61A2, 0x7202, 0x8244, 0x92A4, 0x92A4, 0x9AA4, 0x9AC4, 0xAB25,
    0xB366, 0xB366, 0xAB45, 0xB366, 0xB366, 0xB366, 0xC46A, 0xC46A, 0xCCAB, 0xDDD1, 0xE5B0, 0xB3E9, 0xB387, 0xBBE8, 0xBBE9, 0xBC09,
    0xBC09, 0xBBE9, 0xBBE8, 0xBBE9, 0xC42A, 0xC46B, 0xD4CC, 0xD4EC, 0xBC09, 0xB3C9, 0xB3C9, 0xB3A8, 0xAB88, 0x9B06, 0x9306, 0x92E5,
    0x8AA4, 0x8AA4, 0x82A4, 0x8264, 0x92C5, 0xAB87, 0xB3C8, 0xB3C8, 0xB3C8, 0xB3C8, 0xB3C8, 0xBBE8, 0xCC6A, 0xCC6A, 0xCC8A, 0xCC8A,
    0xBCAD, 0xBCAD, 0xBCAD, 0xBCAD, 0xBCAD, 0xBCAD, 0xBCAD, 0xBCAD, 0xBCAD, 0xBCAD, 0xBCAD, 0xBCAD, 0xBCAD, 0xBCAD, 0xBCAD, 0xBCAD,
    0xBCAD, 0xBCAD, 0xBCAD, 0xBC8D, 0xBC8D, 0xBC8D, 0xB48D, 0xB48D, 0xB48C, 0xBCAD, 0xC52F, 0xC52F, 0xC52F, 0xCD71, 0xD5D2, 0xD5D2,
    0xD5D2, 0xD5D2, 0xD5D2, 0xD5D2, 0xD5D2, 0xD5D2, 0xD5D2, 0xD5D2, 0xD5D2, 0xD5D2, 0xD5D2, 0xCDB1, 0xCDB1, 0xD5B1, 0xD5B2, 0xD5B2,
    0xD5B1, 0xD5B1, 0xEE95, 0xF6D6, 0xEEF7, 0xFF79, 0xFFBB, 0xE675, 0x9B89, 0x8244, 0x8264, 0x9307, 0xEED6, 0xEEB7, 0xE676, 0xDE76,
    0xDE56, 0xE656, 0xE676, 0xF739, 0xE696, 0xDE55, 0xDE55, 0xDE55, 0xDE55, 0xE676, 0xE676, 0xE697, 0xF739, 0xEEF8, 0xE676, 0xE676,
    0xE676, 0xE676, 0xF77B, 0xD615, 0x9BCB, 0xAC2D, 0xD5F3, 0xE675, 0xCD71, 0xD5D3, 0xF779, 0xE655, 0xDE14, 0xDDF4, 0xEED7, 0xE6B7,
    0xD5B2, 0xDDF4, 0xEE96, 0xDE34, 0xDE34, 0xDE34, 0xE655, 0xCD71, 0xB4CF, 0xB4AE, 0xB4AE, 0xC530, 0xC551, 0xC551, 0xC551, 0xC551,
    0xC551, 0xC551, 0xCD71, 0xCD72, 0xCD72, 0xCD92, 0xC551, 0xB4AF, 0xC531, 0xDE55, 0xD614, 0xDE15, 0xDE35, 0xE676, 0xE676, 0xE676,
    0xE696, 0xE696, 0xEEB7, 0xEEB7, 0xEEB7, 0xEED7, 0xEEB7, 0xEEB7, 0xEEB7, 0xD5D3, 0xD5D3, 0xC510, 0xA389, 0xBCAD, 0xBC8D, 0xDD90,
    0xD54E, 0xDD8F, 0xDDD0, 0xDDAF, 0xDDAF, 0xF718, 0xDDB0, 0xDD8E, 0xE5D0, 0xE5CF, 0xDD6E, 0xE56E, 0xE5CF, 0xF673, 0xEE31, 0xE5AE,
    0xE5AF, 0xE5F0, 0xEE31, 0xEE31, 0xEE31, 0xEE31, 0xEE10, 0xEDF0, 0xEDF0, 0xEDF0, 0xEE10, 0xE5F0, 0xE5AE, 0xD54E, 0xE632, 0xB44B,
    0x7223, 0xC4AD, 0x9B89, 0x7244, 0x5982, 0x69E2, 0x61C2, 0x61C2, 0x69C2, 0x61A2, 0x69C2, 0x9284, 0x92A4, 0x9AC4, 0x9AC4, 0x9AC4,
    0xA2E4, 0xBB87, 0xB386, 0xB387, 0xB387, 0xB387, 0xAB66, 0xAB46, 0xB387, 0xBC2A, 0xBC4A, 0xDD6F, 0xE5D0, 0xD4ED, 0xBBE9, 0xBC09,
    0xBC09, 0xBBE9, 0xBC09, 0xBBE9, 0xB3C9, 0xB3C9, 0xBBE9, 0xBBE9, 0xCC8B, 0xCC8B, 0xBC2A, 0xB3A8, 0xABA8, 0xA387, 0x9B26, 0x9B06,
    0x8AC5, 0x8AA4, 0x8AA5, 0x9B05, 0xAB67, 0xB387, 0xB3A7, 0xB3C8, 0xB3C8, 0xB3C8, 0xB3C8, 0xBBE8, 0xCC8A, 0xCCAB, 0xCC8B, 0xCC8B,
    0xBCAD, 0xBCAD, 0xBCAD, 0xBCAD, 0xBCAD, 0xBCAD, 0xBCAD, 0xBCAD, 0xBCAD, 0xBCAD, 0xBCAD, 0xBCAD, 0xBCAD, 0xBCAD, 0xBCAD, 0xBCAD,
    0xBCAD, 0xBCAD, 0xBCAD, 0xBCAD, 0xBC8D, 0xBC8D, 0xBCAD, 0xB4AD, 0xB48C, 0xC50F, 0xD5D3, 0xD5D2, 0xD5D2, 0xD5D2, 0xD5D2, 0xD5D2,
    0xD5D2, 0xD5D2, 0xD5D2, 0xD5D2, 0xD5D2, 0xD5D2, 0xD5D2, 0xD5D2, 0xD5D2, 0xD5D2, 0xE675, 0xEF39, 0xEF38, 0xEF39, 0xEF39, 0xF739,
    0xF739, 0xF759, 0xEEB5, 0xE652, 0xEE73, 0xEE93, 0xF673, 0xFF15, 0xE673, 0xCD70, 0xDDF1, 0xC52F, 0x8B06, 0xA3EA, 0xF6F8, 0xEED8,
    0xEED8, 0xE676, 0xE697, 0xEEF8, 0xDE35, 0xDE35, 0xDE55, 0xDE55, 0xE656, 0xDE56, 0xE676, 0xE6D8, 0xEF19, 0xE676, 0xDE56, 0xE676,
    0xDE55, 0xF739, 0xEF19, 0xDE14, 0xD614, 0xEEF8, 0xE696, 0x9BCB, 0x938B, 0xCD93, 0xF718, 0xD5D3, 0xD5B2, 0xD592, 0xEEF8, 0xEEB7,
    0xD5B3, 0xD5D3, 0xDE14, 0xDE14, 0xCD92, 0xC530, 0xC531, 0xBCF0, 0xC530, 0xC531, 0xC530, 0xC551, 0xC551, 0xC551, 0xC551, 0xC551,
    0xC571, 0xC551, 0xB4AF, 0xB4AF, 0xB4CF, 0xB4CF, 0xBCCF, 0xC551, 0xCDB3, 0xDE56, 0xE697, 0xEEB7, 0xEEB7, 0xE697, 0xE676, 0xEEB7,
    0xEED7, 0xEED7, 0xEED7, 0xEEB7, 0xEEB7, 0xEEB7, 0xEEB7, 0xEEB7, 0xEEB6, 0x9B48, 0x92C6, 0x8AC6, 0xB46C, 0xDDD1, 0xDDB1, 0xD590,
    0xD54E, 0xD56F, 0xDD8F, 0xE5AF, 0xE5D0, 0xF738, 0xDD8F, 0xDD8E, 0xE5D0, 0xE5D0, 0xE5CF, 0xDD6E, 0xDD6E, 0xE5F0, 0xF652, 0xE58E,
    0xE5AE, 0xE5AF, 0xE5F0, 0xEE31, 0xEE32, 0xEE32, 0xEE11, 0xEE11, 0xEE11, 0xEE10, 0xEE10, 0xE5CF, 0xDD6E, 0xC4AC, 0x9B68, 0xD590,
    0xC50E, 0x61A1, 0xABEA, 0xC4CE, 0x7A85, 0x5981, 0x61C2, 0x61E2, 0x61C2, 0x61C2, 0x61A1, 0x7202, 0x9AC4, 0x9AC4, 0x9AC4, 0x9AE4,
    0xA2E5, 0xB366, 0xB386, 0xBBA7, 0xBBC7, 0xBBC7, 0xB3A7, 0xB387, 0xB387, 0xB366, 0xAB67, 0xC44A, 0xC46B, 0xCCAB, 0xE58F, 0xE58F,
    0xC46B, 0xBC0A, 0xBC09, 0xBBE9, 0xB3C9, 0xBBC9, 0xB3C9, 0xBBC9, 0xB3C9, 0xB3C9, 0xBC09, 0xB3A8, 0xA367, 0xAB88, 0x9B26, 0x9B06,
    0x92E5, 0x8A84, 0x8AA5, 0xA346, 0xAB87, 0xB387, 0xB3A8, 0xB3A7, 0xB3A8, 0xBBE8, 0xCC49, 0xCC6A, 0xCC8A, 0xCC8B, 0xCC8B, 0xCCAB,
    0xBCAD, 0xBCAD, 0xBCAD, 0xBCAD, 0xBCAD, 0xBCAD, 0xBCAD, 0xBCAD, 0xBCAD, 0xBCAD, 0xBCAD, 0xBCAD, 0xBCAD, 0xBCAD, 0xBCAD, 0xBCAD,
    0xBCAD, 0xBCAD, 0xBC8D, 0xBC8D, 0xB48D, 0xB48D, 0xCD71, 0xD5B2, 0xCDB2, 0xD5B2, 0xD5D2, 0xD5D2, 0xD5D2, 0xD5D2, 0xD5D2, 0xD5D3,
    0xD5D2, 0xD5D3, 0xD5F3, 0xD5D2, 0xD5B1, 0xD590, 0xD590, 0xD590, 0xD590, 0xD590, 0xD5D1, 0xDE33, 0xDE33, 0xDE33, 0xE633, 0xE653,
    0xE674, 0xF6D6, 0xEEB4, 0xEE72, 0xF694, 0xFED5, 0xFF15, 0xFF15, 0xFF56, 0xFF77, 0xFFD9, 0xEEF6, 0xAC6D, 0xAC6D, 0xA3EB, 0xA3EB,
    0x9BCB, 0xE6B6, 0xF718, 0xDE35, 0xDE55, 0xDE55, 0xDE55, 0xDE55, 0xDE56, 0xDE56, 0xEF18, 0xEEF8, 0xD614, 0xDE55, 0xDE56, 0xDE35,
    0xEF18, 0xF75A, 0xDE35, 0xDE15, 0xD635, 0xEF18, 0xE676, 0xCDB3, 0xCDD3, 0xEF19, 0xBCEF, 0xAC2C, 0xAC6D, 0xAC2C, 0xE6D7, 0xCDB3,
    0xC531, 0xC551, 0xC572, 0xCD92, 0xC510, 0xBCCF, 0xC531, 0xC530, 0xD5D3, 0xDDF4, 0xD5F4, 0xD5D3, 0xD5B3, 0xD5D3, 0xD5B3, 0xC551,
    0xC531, 0xBD10, 0xC572, 0xCDB3, 0xCD93, 0xCD92, 0xCDB3, 0xDE35, 0xDE35, 0xDE55, 0xEEB7, 0xEED7, 0xEEB7, 0xEEB7, 0xE696, 0xEEB7,
    0xEED7, 0xEED7, 0xEEB7, 0xEED8, 0xF6F8, 0xF6F9, 0xF719, 0xF6F8, 0xAC4C, 0xBC8D, 0xD5B1, 0xD570, 0xD570, 0xD570, 0xD570, 0xD590,
    0xD56F, 0xD56F, 0xDD6F, 0xDDAF, 0xE5D0, 0xEED5, 0xEEF6, 0xE5D0, 0xE5AF, 0xE5D0, 0xEE31, 0xEE11, 0xE5AF, 0xDD4D, 0xEDF1, 0xEE52,
    0xE5CF, 0xE5AF, 0xE5CF, 0xE5F0, 0xEE32, 0xEE52, 0xEE52, 0xEE52, 0xEE52, 0xE5D0, 0xDD8E, 0xDD8F, 0xDD4E, 0xBC6B, 0x9B47, 0x9347,
    0xCD70, 0xC570, 0x5982, 0x7A85, 0xB44C, 0x9368, 0x61C2, 0x59A2, 0x61C2, 0x61C2, 0x61C1, 0x69A2, 0x7202, 0x9AC5, 0x9AE4, 0xA2E4,
    0xA2E5, 0xA2E4, 0xAB25, 0xBBC7, 0xBBE8, 0xBBE8, 0xBBC8, 0xB3A7, 0xB387, 0xB387, 0xB387, 0xB387, 0xAB66, 0xBBC8, 0xCC8B, 0xCC8B,
    0xD52E, 0xDD8F, 0xCCCD, 0xC44A, 0xB3C9, 0xAB88, 0xB388, 0xB3A8, 0xAB88, 0xAB68, 0xB3C9, 0xABA8, 0x92E5, 0x92E5, 0x92E5, 0x8AA4,
    0x8A84, 0x8AA5, 0x8284, 0x92C4, 0xAB67, 0xB388, 0xB388, 0xB3C8, 0xBBE8, 0xC409, 0xCC6A, 0xCC8A, 0xCC8A, 0xCC8B, 0xCC8B, 0xCCAB,
    0xBCAD, 0xBCAD, 0xBCAD, 0xBCAD, 0xBCAD, 0xBCAD, 0xBCAE, 0xBCAE, 0xBCAD, 0xBCAD, 0xBCAD, 0xBCAD, 0xBCAD, 0xBCAD, 0xBCAD, 0xBCAD,
    0xBCAD, 0xBCAD, 0xBCEE, 0xBCEE, 0xBCEE, 0xBCEE, 0xD5D2, 0xD5F3, 0xD5F3, 0xD5F3, 0xD5D2, 0xD5D3, 0xD5D3, 0xD5D2, 0xD5B1, 0xD591,
    0xD5B1, 0xD5B1, 0xD5B1, 0xD5B1, 0xD590, 0xD590, 0xD590, 0xD590, 0xD590, 0xD590, 0xD56F, 0xD54E, 0xD54F, 0xD56F, 0xD58F, 0xDDB0,
    0xDDD0, 0xEE52, 0xF6B3, 0xF6B4, 0xF6D5, 0xFF16, 0xFF36, 0xFF36, 0xFF36, 0xFF16, 0xFF37, 0xFFB9, 0xFFFD, 0xE6B6, 0x8B28, 0x93AA,
    0x8B48, 0xBCCF, 0xD5F3, 0xE696, 0xE677, 0xE676, 0xE656, 0xE676, 0xDE35, 0xEEF8, 0xEF39, 0xD635, 0xDE56, 0xDE56, 0xDE35, 0xE6B7,
    0xF75A, 0xDE76, 0xDE15, 0xD614, 0xF6F8, 0xE6B7, 0xDE35, 0xE656, 0xE697, 0xF75A, 0xDE14, 0xD5F3, 0xD5F3, 0xCD92, 0xEED7, 0xBCF0,
    0xBCF0, 0xBD10, 0xC530, 0xC551, 0xCD71, 0xCD92, 0xDE14, 0xDE35, 0xDE35, 0xDE15, 0xDE34, 0xDE34, 0xDE34, 0xDE14, 0xD5B3, 0xC552,
    0xCD93, 0xCD92, 0xDE15, 0xE676, 0xDE56, 0xE656, 0xE656, 0xE656, 0xE676, 0xE697, 0xEEB7, 0xEED7, 0xEEB7, 0xEED7, 0xEED7, 0xEED7,
    0xEED7, 0xEED8, 0xF739, 0xE676, 0xAC0B, 0xAC2C, 0xAC0B, 0xA3EB, 0x9B89, 0xCD0F, 0xDDB1, 0xD591, 0xD591, 0xD570, 0xDDB1, 0xDDD1,
    0xDDD1, 0xD590, 0xDD8F, 0xDD8F, 0xE5D0, 0xE5F1, 0xF738, 0xE612, 0xE5B0, 0xEDF1, 0xEE31, 0xEE52, 0xEE11, 0xE5CF, 0xDDAF, 0xEE32,
    0xEE52, 0xEE31, 0xEE31, 0xEE31, 0xEE32, 0xEE32, 0xEE52, 0xEE52, 0xEE52, 0xE5F1, 0xD54E, 0xC4AB, 0xBC8B, 0xA3A8, 0x9B27, 0x92C6,
    0x9B68, 0xD5D2, 0xAC6C, 0x5120, 0x6A03, 0x9368, 0x9BA9, 0x6A23, 0x5981, 0x61C2, 0x61C2, 0x61A2, 0x69C1, 0x8A63, 0x9AC4, 0xA2E5,
    0xA2E5, 0xA2E4, 0xAB25, 0xBBC7, 0xBBE8, 0xBBE8, 0xC3E8, 0xC3E8, 0xBBC8, 0xB3A7, 0xB387, 0xB3A8, 0xB3A8, 0xBBC8, 0xC42A, 0xC42A,
    0xC44B, 0xC46B, 0xC46B, 0xD4ED, 0xC48B, 0xC46B, 0xB409, 0xA347, 0xAB68, 0xAB68, 0xAB68, 0xA347, 0x92E5, 0x92E5, 0x92E5, 0x92C5,
    0x8AA4, 0x8A84, 0x8263, 0x92C5, 0xAB67, 0xB3A7, 0xB3C8, 0xC429, 0xCC49, 0xCC4A, 0xCC6A, 0xCC8A, 0xD4CB, 0xD4CB, 0xD4EC, 0xD4EC,
    0xBCAD, 0xBCAD, 0xBCAD, 0xBCAD, 0xBCAD, 0xBCAD, 0xBCAD, 0xBCAD, 0xBCAD, 0xBCAD, 0xBCAD, 0xBCAD, 0xBCAD, 0xBCAD, 0xBCAD, 0xBCAD,
    0xBC8D, 0xBCAD, 0xD5B1, 0xD5D2, 0xD5D2, 0xD5D2, 0xD5D2, 0xD5B1, 0xD5B1, 0xD5B1, 0xD5B1, 0xD5B1, 0xD5B1, 0xD5B1, 0xD56F, 0xD56F,
    0xD56F, 0xD570, 0xD590, 0xD590, 0xD590, 0xD590, 0xD590, 0xD590, 0xD590, 0xD590, 0xD590, 0xD590, 0xDDF1, 0xE612, 0xE632, 0xEE73,
    0xF693, 0xFEF5, 0xFF16, 0xFEF6, 0xFF15, 0xFF16, 0xFF36, 0xFF16, 0xFF16, 0xFF16, 0xFF36, 0xFF78, 0xFF99, 0xFFBA, 0xFFFB, 0xFFFC,
    0xEF59, 0x8B28, 0xA3EB, 0xD5F4, 0xD5B3, 0xD5F4, 0xE676, 0xDE35, 0xEED8, 0xE6D7, 0xDE56, 0xDE35, 0xDE55, 0xDE55, 0xDE76, 0xF739,
    0xE6B7, 0xDE15, 0xDE35, 0xE697, 0xEF18, 0xDE56, 0xDE55, 0xDE35, 0xEED8, 0xF718, 0xE676, 0xE676, 0xE676, 0xE6B7, 0xEEF8, 0xDE14,
    0xDE14, 0xC551, 0xC530, 0xDDF4, 0xE676, 0xE676, 0xDE35, 0xDE34, 0xDE35, 0xDE35, 0xDE34, 0xDE34, 0xDE34, 0xD5D3, 0xC572, 0xCD93,
    0xDE35, 0xE656, 0xDE35, 0xDE35, 0xDE35, 0xDE35, 0xDE35, 0xEEB7, 0xEED8, 0xEED8, 0xEED8, 0xEED8, 0xEEB8, 0xEED7, 0xEED8, 0xEEB7,
    0xEED8, 0xE676, 0xD5B3, 0xCD51, 0x92E6, 0xA368, 0xB42B, 0xAC0B, 0xCD2F, 0xD591, 0xD591, 0xD591, 0xD591, 0xD591, 0xDDD1, 0xE612,
    0xE612, 0xDDF1, 0xE5F2, 0xDDD0, 0xE5D0, 0xE611, 0xF6F6, 0xF737, 0xE5B0, 0xEE11, 0xEE31, 0xEE32, 0xEE52, 0xEE31, 0xE611, 0xEE31,
    0xEE52, 0xEE52, 0xEE52, 0xEE52, 0xEE52, 0xEE52, 0xEE32, 0xEE32, 0xEE52, 0xEE52, 0xEE32, 0xBC6B, 0xA3A8, 0x9B47, 0x9306, 0x9B27,
    0x8AC5, 0x8B06, 0xC50E, 0x9BEA, 0x61A2, 0x61A2, 0x7A85, 0xBC8C, 0x9BA9, 0x5161, 0x61A2, 0x61A2, 0x69C1, 0x79E2, 0x9AC4, 0xA2E5,
    0xA2E5, 0xB366, 0xB386, 0xBBC7, 0xC3E8, 0xC3E8, 0xC3E8, 0xC3E8, 0xC408, 0xBBC8, 0xB388, 0xB3A8, 0xBBC8, 0xBC09, 0xC44A, 0xC42A,
    0xC42A, 0xC429, 0xC429, 0xC42A, 0xC46B, 0xCC8B, 0xC46B, 0xBC0A, 0xBC2A, 0xAB88, 0xA347, 0x9B26, 0x92C5, 0x92E5, 0x92C5, 0x92C5,
    0x8AC4, 0x92A4, 0x9B05, 0xA306, 0xB3A7, 0xC408, 0xC429, 0xC429, 0xCC49, 0xCC6A, 0xCC6A, 0xCCAA, 0xDD4D, 0xE56D, 0xDD6D, 0xDD6D,
    0xBCAD, 0xBCAD, 0xBCAD, 0xBCAD, 0xBCAD, 0xBCAD, 0xBCAD, 0xBCAD, 0xBCAD, 0xBCAD, 0xBCAD, 0xBCAD, 0xBCCD, 0xBCAD, 0xBCCD, 0xBCCD,
    0xBCCE, 0xBCCE, 0xD591, 0xD5B2, 0xD5B2, 0xD5B2, 0xD5B1, 0xD590, 0xD56F, 0xD56F, 0xD56F, 0xCD6F, 0xCD6F, 0xCD6F, 0xD56F, 0xD570,
    0xD590, 0xD570, 0xD590, 0xD590, 0xD590, 0xD590, 0xD590, 0xD590, 0xD590, 0xDDD1, 0xDDD1, 0xDDD1, 0xE632, 0xEE52, 0xEE73, 0xF6B4,
    0xF6D5, 0xFF16, 0xFF16, 0xFF16, 0xFF16, 0xFF16, 0xFF16, 0xFF36, 0xFF16, 0xFF16, 0xFF16, 0xFF78, 0xFFBA, 0xFFBA, 0xFFBB, 0xFFBA,
    0xFF9A, 0xFFFB, 0xD614, 0x7A86, 0x82E7, 0x9BCA, 0xCDB2, 0xDE55, 0xF75A, 0xE6B7, 0xE676, 0xE697, 0xE676, 0xDE35, 0xEED8, 0xF739,
    0xDE14, 0xDE55, 0xDE35, 0xEEB7, 0xE676, 0xDE35, 0xDE56, 0xDE35, 0xEEF8, 0xE6B7, 0xDE56, 0xE676, 0xDE56, 0xE6B7, 0xEED8, 0xE676,
    0xE655, 0xDE14, 0xDE14, 0xDE35, 0xE656, 0xE656, 0xE656, 0xE655, 0xDE35, 0xDE35, 0xDE35, 0xDE35, 0xCD92, 0xC552, 0xC572, 0xDE15,
    0xE676, 0xDE56, 0xDE56, 0xE676, 0xEE97, 0xEEB7, 0xEE97, 0xEEB7, 0xEED8, 0xEED8, 0xEED8, 0xEED7, 0xEEB7, 0xEEB8, 0xEEB7, 0xEED8,
    0xEEF8, 0xCD91, 0x8AC6, 0x9B68, 0xB42B, 0xBCCE, 0xDDD2, 0xD5B1, 0xD591, 0xD5B1, 0xDDB1, 0xDDF2, 0xE613, 0xDDF2, 0xD5B1, 0xE612,
    0xE612, 0xE632, 0xE632, 0xE612, 0xE5F1, 0xE5F1, 0xE653, 0xF737, 0xDDAF, 0xEDF1, 0xEE11, 0xEDF0, 0xEE31, 0xEE52, 0xEE52, 0xEE52,
    0xEE32, 0xEE32, 0xEE52, 0xEE52, 0xEE53, 0xEE52, 0xE611, 0xEE31, 0xE5D0, 0xE5D0, 0xEE11, 0xDD6F, 0xB40A, 0x9326, 0x9B27, 0x9327,
    0x9306, 0x8284, 0x82A5, 0xCD8F, 0x9BC9, 0x61A2, 0x61C2, 0x7244, 0xA3EA, 0xAC4B, 0x69E3, 0x61A1, 0x69C2, 0x8202, 0x9AC4, 0xA2E5,
    0xA2E4, 0xBB87, 0xBBA7, 0xBBC7, 0xC3E8, 0xC408, 0xC408, 0xC429, 0xC409, 0xBBC8, 0xBBC8, 0xBBC8, 0xBC09, 0xC44A, 0xC42A, 0xC42A,
    0xC42A, 0xC42A, 0xC429, 0xC42A, 0xC40A, 0xBBE9, 0xB3C8, 0xBBE9, 0xBC2A, 0xBC0A, 0xBBE9, 0xABA8, 0x92E5, 0x92E5, 0x92C5, 0x92C5,
    0x92A4, 0x9AE5, 0xBBE8, 0xC408, 0xC409, 0xC409, 0xC429, 0xC429, 0xCC4A, 0xCC6A, 0xD4CB, 0xDD2C, 0xDD4D, 0xDD4D, 0xDD4D, 0xDD4D,
    0xBCAD, 0xBCAD, 0xBCAD, 0xBCAD, 0xBCAD, 0xBCAD, 0xBCAD, 0xBCAD, 0xBCAD, 0xBCAD, 0xBCAD, 0xBCAD, 0xBCAD, 0xBC8D, 0xCD4F, 0xD590,
    0xD56F, 0xD570, 0xD570, 0xD590, 0xD590, 0xD590, 0xD590, 0xD590, 0xD570, 0xD570, 0xD570, 0xD570, 0xCD6F, 0xCD6F, 0xCD6F, 0xD570,
    0xD570, 0xD570, 0xD570, 0xD590, 0xD590, 0xD590, 0xD590, 0xD590, 0xDDD1, 0xE632, 0xEE32, 0xEE53, 0xF6D5, 0xF6D5, 0xF6F5, 0xFF16,
    0xFF16, 0xFF16, 0xFF16, 0xFF16, 0xFF16, 0xFF16, 0xFF16, 0xFF36, 0xFF16, 0xFF16, 0xFF16, 0xFF37, 0xFF58, 0xFFDA, 0xFFBA, 0xFFBA,
    0xFFBA, 0xFFDB, 0xF779, 0xEEF7, 0xF779, 0x9BEB, 0x69A1, 0xDE55, 0xC5D3, 0xB4AF, 0xBCF0, 0xBCCF, 0xC592, 0xEEF8, 0xF77A, 0xDE55,
    0xDE35, 0xDE35, 0xEEB7, 0xEED7, 0xDE35, 0xDE56, 0xDE35, 0xE697, 0xEED7, 0xDE56, 0xDE56, 0xE676, 0xDE56, 0xEEB7, 0xEED8, 0xE656,
    0xE676, 0xE676, 0xE676, 0xE656, 0xE656, 0xE676, 0xE676, 0xE676, 0xD614, 0xDE14, 0xDDF4, 0xD5D3, 0xBD31, 0xD5B3, 0xE656, 0xE676,
    0xE676, 0xEE97, 0xEED8, 0xEEB7, 0xEEB7, 0xEEB7, 0xEEB7, 0xEEB7, 0xEED8, 0xEED8, 0xEED8, 0xEED7, 0xE6B6, 0xEEB8, 0xEEB7, 0xEE96,
    0xC571, 0xA3A9, 0xCD0F, 0xCD2F, 0xD590, 0xD570, 0xD570, 0xD570, 0xD591, 0xDDF2, 0xDDF2, 0xDDF2, 0xE613, 0xE613, 0xDDB1, 0xD590,
    0xE612, 0xE632, 0xE632, 0xEE32, 0xEE32, 0xE612, 0xEE53, 0xF717, 0xDD8F, 0xEDF0, 0xEE31, 0xE5F0, 0xE610, 0xEE11, 0xEE32, 0xEE32,
    0xEE32, 0xEE32, 0xE611, 0xE631, 0xEE31, 0xEE52, 0xEE31, 0xEE31, 0xE5D0, 0xD52D, 0xE5AF, 0xE5AF, 0xCCCC, 0xA388, 0x9B27, 0x9306,
    0x8AC5, 0x8AA5, 0x7223, 0x7223, 0xCD90, 0x9BE9, 0x69A2, 0x61A2, 0x7204, 0x8AC6, 0xB46D, 0x8AE6, 0x6181, 0x7A02, 0x9AE4, 0xAB25,
    0xAB25, 0xBBA7, 0xBBA7, 0xBBA7, 0xBBC7, 0xC3E8, 0xC429, 0xCC29, 0xCC49, 0xC429, 0xBBE8, 0xBBE8, 0xBBE9, 0xC429, 0xC42A, 0xC42A,
    0xC42A, 0xC42A, 0xC42A, 0xC42A, 0xC42A, 0xBC09, 0xBBE9, 0xBBE9, 0xA367, 0x9B46, 0xA367, 0xA367, 0x92E5, 0x92E5, 0x92E5, 0x9AE5,
    0xAB66, 0xB3A7, 0xBBC8, 0xC409, 0xC408, 0xC409, 0xC409, 0xC449, 0xCCAA, 0xD4AB, 0xD4EB, 0xDD2C, 0xE54D, 0xDD4D, 0xDD4D, 0xDD4D,
    0xBCCD, 0xBCCD, 0xBCAD, 0xBCAD, 0xBCAD, 0xBCAD, 0xBCAD, 0xBCAD, 0xBCAD, 0xBCAD, 0xC50F, 0xCD71, 0xCD70, 0xCD70, 0xD591, 0xD590,
    0xD56F, 0xD570, 0xD570, 0xD590, 0xD570, 0xD570, 0xD570, 0xD590, 0xD570, 0xD570, 0xD570, 0xD570, 0xCD6F, 0xD570, 0xD570, 0xD570,
    0xD570, 0xD570, 0xD570, 0xD590, 0xD590, 0xD5B0, 0xD5B0, 0xDDD1, 0xE612, 0xEE73, 0xEE73, 0xEE93, 0xFF16, 0xFF16, 0xFF16, 0xFF16,
    0xFF16, 0xFF16, 0xFF16, 0xFF16, 0xFF16, 0xFF16, 0xFF16, 0xFF16, 0xFF16, 0xFF16, 0xFF16, 0xFF36, 0xFF78, 0xFF99, 0xFFBA, 0xFFBA,
    0xFFBA, 0xFFBA, 0xFFBA, 0xFFDB, 0xFFFB, 0xE6D7, 0xCDF3, 0xA42C, 0x8B08, 0x82A6, 0x82E7, 0x7A45, 0xB4AE, 0xF759, 0xDE55, 0xE656,
    0xE655, 0xDE56, 0xEEF8, 0xE696, 0xDE35, 0xDE56, 0xDE35, 0xEEB7, 0xEEB7, 0xDE56, 0xE656, 0xE676, 0xDE56, 0xEED8, 0xEEB7, 0xE676,
    0xE696, 0xE676, 0xE676, 0xE676, 0xDE56, 0xE655, 0xE655, 0xE656, 0xD5D3, 0xC510, 0xBCEF, 0xC551, 0xD5D3, 0xDE35, 0xE697, 0xE676,
    0xE676, 0xEEB7, 0xEEB7, 0xEED8, 0xEEB7, 0xEEB7, 0xEEB7, 0xEEB7, 0xEED8, 0xEED8, 0xEED8, 0xEED7, 0xE696, 0xEED8, 0xEEF8, 0xA40B,
    0x9389, 0xB44C, 0xD591, 0xD571, 0xCD70, 0xD570, 0xD571, 0xD571, 0xD590, 0xDDD2, 0xDDF3, 0xDDF2, 0xE613, 0xE633, 0xE5F2, 0xD54F,
    0xDDB0, 0xE632, 0xE633, 0xE632, 0xE632, 0xEE32, 0xEE52, 0xEED6, 0xEEB5, 0xEE31, 0xEE31, 0xE5F0, 0xE5CF, 0xE5F0, 0xEE31, 0xEE32,
    0xEE32, 0xEE32, 0xEE32, 0xEE32, 0xE611, 0xEE31, 0xEE31, 0xEE31, 0xEE31, 0xD52D, 0xC4AB, 0xBC2A, 0xBC2A, 0xA3A8, 0x9B26, 0x9306,
    0x8AE5, 0x8AA5, 0x7A44, 0x69C2, 0x7223, 0xC550, 0x9BA9, 0x61A1, 0x69A2, 0x61A2, 0x7224, 0xAC2C, 0xB42C, 0x7A22, 0x9AC4, 0xAB25,
    0xAB46, 0xBBA7, 0xBBC8, 0xC408, 0xBBE8, 0xBBE8, 0xCC29, 0xCC49, 0xCC4A, 0xCC4A, 0xBC09, 0xBBE9, 0xBBE8, 0xC429, 0xC44A, 0xC42A,
    0xC42A, 0xC42A, 0xC42A, 0xC42A, 0xBC09, 0xBBE9, 0xBBE9, 0xBBE9, 0xABA8, 0x9B26, 0x92C5, 0x92E6, 0x92E5, 0x9B06, 0x9AE5, 0x9AE5,
    0xAB87, 0xBBE8, 0xC408, 0xC449, 0xCC49, 0xCC49, 0xCC6A, 0xCC8A, 0xDD0C, 0xDD0C, 0xDD2C, 0xDD4D, 0xDD6D, 0xDD6D, 0xDD2C, 0xD52C,
    0xC4AD, 0xC4AD, 0xBCAD, 0xBCCD, 0xBCAD, 0xBCAD, 0xBCCE, 0xC4EE, 0xC4EF, 0xBCEE, 0xCD71, 0xDE14, 0xD5F3, 0xD5F3, 0xD5D2, 0xD590,
    0xD570, 0xD570, 0xD570, 0xD570, 0xD590, 0xD590, 0xD570, 0xD570, 0xD570, 0xD570, 0xD570, 0xD570, 0xD570, 0xCD6F, 0xCD6F, 0xD570,
    0xD56F, 0xD56F, 0xD56F, 0xD56F, 0xDDD0, 0xE612, 0xE612, 0xEE52, 0xF6B4, 0xF6D5, 0xF6D5, 0xF6F5, 0xFF16, 0xFF16, 0xFF16, 0xFF16,
    0xFF16, 0xFF16, 0xFF16, 0xFF16, 0xFF16, 0xFF16, 0xFF16, 0xFF16, 0xFF16, 0xFF36, 0xFF16, 0xFF78, 0xFF99, 0xFF37, 0xFFBA, 0xFFBA,
    0xFFBA, 0xFFBA, 0xFFBA, 0xFFBA, 0xFFBA, 0xFFFC, 0xFFDB, 0x7A23, 0xBCEF, 0xFFDB, 0xF79A, 0xDE54, 0xD5F3, 0xBD31, 0x82E8, 0xA40C,
    0x9BAB, 0xDE35, 0xEF39, 0xD5F4, 0xDE56, 0xDE55, 0xE676, 0xE6B7, 0xE676, 0xDE76, 0xDE76, 0xDE76, 0xDE76, 0xF719, 0xEEB7, 0xE676,
    0xE697, 0xE676, 0xE676, 0xE676, 0xE655, 0xDE15, 0xE635, 0xE635, 0xBD10, 0xBCCF, 0xCD92, 0xDE35, 0xEE97, 0xE676, 0xE697, 0xEED7,
    0xEED7, 0xEED7, 0xEED7, 0xEED8, 0xEED8, 0xEED8, 0xEED8, 0xEED8, 0xEED8, 0xEED8, 0xEED8, 0xEED8, 0xEEF8, 0xB4AE, 0x9BA9, 0xA40A,
    0xCD0F, 0xD591, 0xCD70, 0xD570, 0xD5B1, 0xE613, 0xE5F2, 0xD591, 0xD590, 0xD591, 0xDDD2, 0xDDF2, 0xE613, 0xE633, 0xEE33, 0xDDB0,
    0xCD0D, 0xDDB0, 0xE5F1, 0xE633, 0xEE33, 0xEE32, 0xE632, 0xE653, 0xFF99, 0xEE32, 0xE610, 0xEE10, 0xE5F0, 0xE5F0, 0xEE10, 0xEE11,
    0xEE32, 0xEE33, 0xEE53, 0xEE53, 0xEE52, 0xEE31, 0xEE31, 0xEE31, 0xEE31, 0xEE51, 0xC4AB, 0xA367, 0x9B47, 0x9B47, 0x9B47, 0x9B47,
    0x9B26, 0x8AC6, 0x7A44, 0x6A03, 0x69C2, 0x7223, 0xC52F, 0x9368, 0x69C2, 0x69E3, 0x69A2, 0x7203, 0x9B27, 0xCCAB, 0xC409, 0xA305,
    0xAB46, 0xB366, 0xB366, 0xC408, 0xCC49, 0xCC29, 0xCC29, 0xCC49, 0xCC4A, 0xCC4A, 0xBBE9, 0xBBE9, 0xC429, 0xC429, 0xC429, 0xC429,
    0xC42A, 0xC42A, 0xC42A, 0xC42A, 0xC429, 0xC42A, 0xBBE9, 0xBBE9, 0xBC09, 0xA367, 0x92E5, 0x92E6, 0x92E5, 0x9B06, 0xA305, 0xA305,
    0xA325, 0xBBC7, 0xC429, 0xCC6A, 0xCC6A, 0xD48A, 0xCC8A, 0xD4AB, 0xDD2D, 0xDD2C, 0xDD4D, 0xE56D, 0xE56D, 0xE56D, 0xDD6D, 0xDD6D,
    0xC4CD, 0xC4AD, 0xC4AD, 0xBCAD, 0xBCAD, 0xBCAD, 0xC52F, 0xDE14, 0xD5F3, 0xD5F3, 0xD5F3, 0xD5F3, 0xD5F3, 0xD5F3, 0xD5D2, 0xD590,
    0xD590, 0xD570, 0xD570, 0xD570, 0xD590, 0xD570, 0xD570, 0xD570, 0xD570, 0xD570, 0xD570, 0xCD6F, 0xD570, 0xCD6F, 0xCD6F, 0xCD6F,
    0xD56F, 0xD58F, 0xD5B0, 0xD5B0, 0xDDF1, 0xE652, 0xE653, 0xEE73, 0xF6D5, 0xFF16, 0xFF16, 0xFF16, 0xFF16, 0xFF16, 0xFF16, 0xFF16,
    0xFF16, 0xFF16, 0xFF16, 0xFF16, 0xFF16, 0xFF16, 0xFF16, 0xFF16, 0xFF16, 0xFF16, 0xFF58, 0xFF78, 0xFF16, 0xFF57, 0xFFBA, 0xFFBA,
    0xFFBA, 0xFFBA, 0xFFBA, 0xFFBA, 0xFFBA, 0xFFBB, 0xF779, 0x8244, 0xC571, 0xFFFD, 0xFFDA, 0xFFFC, 0xF759, 0xCD50, 0xBCAF, 0xB48E,
    0xB44E, 0xD615, 0xC572, 0xAC6D, 0xB4AF, 0xB48E, 0xD5D4, 0xF719, 0xEEB7, 0xE6B7, 0xE676, 0xDE76, 0xDE76, 0xEEF8, 0xDE55, 0xDE35,
    0xDE55, 0xE676, 0xE676, 0xE676, 0xE656, 0xE696, 0xDE55, 0xCD92, 0xB48E, 0xCD92, 0xEED7, 0xEEB7, 0xEED7, 0xEED8, 0xEED7, 0xF6F8,
    0xEEF7, 0xEEF7, 0xEED7, 0xEED8, 0xEED8, 0xEED8, 0xEEB7, 0xEEF7, 0xEED8, 0xEED8, 0xE6B7, 0xDE34, 0xE675, 0xA3EA, 0x9348, 0xD590,
    0xD570, 0xD570, 0xD570, 0xDDB2, 0xE633, 0xE633, 0xE633, 0xDDD2, 0xD570, 0xD590, 0xD590, 0xDDF2, 0xE613, 0xE633, 0xEE74, 0xE5D1,
    0xD52D, 0xD50D, 0xDD8F, 0xEE32, 0xE612, 0xEE52, 0xEE52, 0xEE73, 0xF758, 0xE611, 0xE5F0, 0xEE11, 0xEE10, 0xEE10, 0xEE10, 0xE611,
    0xE631, 0xEE32, 0xEE53, 0xEE53, 0xEE53, 0xEE52, 0xEE53, 0xEE32, 0xE610, 0xEE30, 0xCCAC, 0xA388, 0x9B47, 0x9B47, 0x9B47, 0x9B47,
    0x9B47, 0x9306, 0x7A84, 0x6A03, 0x7203, 0x69E2, 0x69E2, 0xC52F, 0x9BA9, 0x6161, 0x7203, 0x71E3, 0x71E3, 0x92C5, 0xD4CC, 0xD4EC,
    0xB387, 0xB386, 0xB387, 0xC408, 0xCC49, 0xCC49, 0xCC29, 0xCC29, 0xCC49, 0xCC4A, 0xCC4A, 0xC42A, 0xC429, 0xC409, 0xBC09, 0xBC09,
    0xC429, 0xC42A, 0xC429, 0xC429, 0xC429, 0xC42A, 0xB3A8, 0xAB88, 0xABA8, 0xA347, 0x9B06, 0x9AE5, 0x9B05, 0x9B05, 0xA305, 0xA305,
    0xBBA7, 0xC409, 0xC408, 0xCC6A, 0xCC6A, 0xD48A, 0xCC8A, 0xD4AB, 0xDD2C, 0xDD2C, 0xDD4D, 0xDD6D, 0xDD6D, 0xDD6D, 0xDD6D, 0xE56D,
    0xBCAD, 0xBCAC, 0xC4EE, 0xD5B2, 0xD5B2, 0xD5B2, 0xD5D3, 0xDDF3, 0xD5F3, 0xD5F3, 0xD5F3, 0xD5F3, 0xD5F3, 0xD5F3, 0xD5D3, 0xD590,
    0xD570, 0xD570, 0xD570, 0xD590, 0xD570, 0xD570, 0xD570, 0xD570, 0xD570, 0xD570, 0xD570, 0xCD70, 0xCD6F, 0xD56F, 0xD590, 0xD590,
    0xD5B0, 0xE5F1, 0xE612, 0xE632, 0xEE93, 0xFEF5, 0xFEF5, 0xFEF5, 0xFF16, 0xFF16, 0xFF16, 0xFF16, 0xFF16, 0xFF16, 0xFF16, 0xFF16,
    0xFF16, 0xFF16, 0xFF16, 0xFF16, 0xFF16, 0xFF16, 0xFF16, 0xFF16, 0xFF16, 0xFF57, 0xFF58, 0xFF57, 0xFF36, 0xFF36, 0xFF78, 0xFF99,
    0xFFBA, 0xFFBA, 0xFFBA, 0xFFBA, 0xFFBA, 0xFFDB, 0xF799, 0x7A44, 0xBD10, 0xFFDC, 0xFFDB, 0xFFDB, 0xF758, 0xF717, 0xF717, 0xF6F7,
    0xFFBA, 0xCDD3, 0xA3CB, 0xAC4D, 0xB46E, 0xA3CB, 0xCD72, 0xD655, 0xAC6E, 0xB4D0, 0xE676, 0xE6B7, 0xE6B7, 0xEEF8, 0xDE35, 0xDE35,
    0xDE35, 0xDE35, 0xE676, 0xE697, 0xE676, 0xDE14, 0xBD10, 0xA40C, 0xD5B3, 0xF6F8, 0xEEB7, 0xEED7, 0xF718, 0xF718, 0xF6F8, 0xEEF7,
    0xEEF8, 0xEEF8, 0xEED7, 0xEED7, 0xEEB7, 0xEED8, 0xF739, 0xCDB2, 0xDE35, 0xFF9B, 0xDE35, 0x9328, 0x9348, 0xBCCE, 0xD591, 0xD5B1,
    0xD5B1, 0xD591, 0xD5B1, 0xE633, 0xE633, 0xE633, 0xE613, 0xE613, 0xDDB1, 0xD590, 0xD5B0, 0xDDD2, 0xE613, 0xE5D1, 0xE5F1, 0xEE12,
    0xD54E, 0xD50D, 0xD54D, 0xDD6E, 0xDD6E, 0xDD8F, 0xDD8F, 0xDDAF, 0xF758, 0xE631, 0xE5F0, 0xEE11, 0xEE11, 0xEE10, 0xEE11, 0xEE11,
    0xEE10, 0xEE31, 0xEE32, 0xEE53, 0xEE53, 0xEE53, 0xEE53, 0xEE73, 0xDDAF, 0xC46A, 0xBC4A, 0xABA8, 0x9B47, 0x9B47, 0x9B47, 0x9B47,
    0x9B47, 0x9B47, 0x9326, 0x7A64, 0x6A03, 0x7203, 0x69E3, 0x7223, 0xB48C, 0x9BA9, 0x6181, 0x7A23, 0x7203, 0x8243, 0xB366, 0xBBC8,
    0xD4CB, 0xCC6A, 0xBBA7, 0xBBE8, 0xC449, 0xCC29, 0xCC49, 0xCC29, 0xCC29, 0xC449, 0xCC6A, 0xCC6B, 0xCC6A, 0xCC4A, 0xC409, 0xC409,
    0xC429, 0xC42A, 0xC429, 0xC42A, 0xC42A, 0xC42A, 0xB3A8, 0xA367, 0xA367, 0xA347, 0xA326, 0x9B06, 0xA305, 0xA305, 0xA305, 0x9AE4,
    0xB3A7, 0xC429, 0xC428, 0xCC6A, 0xD48A, 0xCC8A, 0xCC8A, 0xD4AA, 0xD4CB, 0xD4EB, 0xDD2C, 0xDD2C, 0xDD2C, 0xDD2D, 0xDD4D, 0xE56D,
    0xCD50, 0xCD50, 0xD591, 0xDE13, 0xDDF4, 0xDE13, 0xD5F3, 0xD5F3, 0xD5F3, 0xD5F3, 0xD5F3, 0xD5F3, 0xD5F3, 0xD5F3, 0xD5D3, 0xD590,
    0xD56F, 0xD570, 0xD570, 0xD570, 0xD570, 0xD570, 0xD570, 0xD570, 0xD570, 0xD570, 0xCD6F, 0xD570, 0xD56F, 0xD590, 0xDDD1, 0xDDD1,
    0xE5F1, 0xEE73, 0xEE73, 0xEE93, 0xF6D5, 0xFF16, 0xFF16, 0xFF16, 0xFF16, 0xFF16, 0xFF16, 0xFF16, 0xFF16, 0xFF16, 0xFF16, 0xFF16,
    0xFF16, 0xFF16, 0xFF16, 0xFF16, 0xFF16, 0xFF16, 0xFF16, 0xFF16, 0xFF57, 0xFF78, 0xFF37, 0xFF16, 0xFF36, 0xFF36, 0xFF16, 0xFF79,
    0xFFBB, 0xFFBA, 0xFFBA, 0xFFBA, 0xFFBA, 0xFFBB, 0xFFBA, 0xE6F9, 0xAC4C, 0xBCCE, 0xFFFE, 0xFF9A, 0xF779, 0xF759, 0xF6F6, 0xF6F6,
    0xF738, 0xEEB7, 0xE634, 0xE655, 0xE675, 0xD591, 0xDE35, 0xC572, 0x9369, 0xA42C, 0xCDB3, 0xD5D4, 0xCDD3, 0xEED8, 0xDE35, 0xDE14,
    0xDE14, 0xDE14, 0xD5F4, 0xD5B3, 0xCD72, 0xB48E, 0xDDF4, 0xDE14, 0xE676, 0xF718, 0xEEF8, 0xEEF8, 0xEEF8, 0xEEF8, 0xEEF8, 0xEEF8,
    0xEEF8, 0xEED7, 0xF718, 0xF719, 0xF739, 0xE696, 0xB48E, 0x9B8A, 0xAC0C, 0xB4AF, 0xB46D, 0xBCAD, 0xBCAE, 0xD591, 0xDDF2, 0xDDB2,
    0xDDD2, 0xD591, 0xDDD2, 0xEE53, 0xE633, 0xE633, 0xDDF2, 0xE633, 0xE633, 0xE612, 0xDDF2, 0xDDD2, 0xE633, 0xE5D1, 0xDDAF, 0xE5F0,
    0xDDAF, 0xD50C, 0xDD2D, 0xDD4D, 0xDD2D, 0xD4EC, 0xCCCC, 0xCCAB, 0xEED6, 0xE5F1, 0xDDAF, 0xE5F0, 0xEE10, 0xE610, 0xEE11, 0xEE32,
    0xE611, 0xEE11, 0xEE31, 0xEE53, 0xEE53, 0xEE53, 0xEE53, 0xEE74, 0xE612, 0xCC8B, 0xB3E9, 0xABA8, 0xA367, 0x9B47, 0x9B47, 0x9B47,
    0x9B26, 0x82A5, 0x82A5, 0x7A84, 0x7203, 0x7203, 0x7203, 0x69C2, 0x7A64, 0xBCAD, 0xA3CA, 0x69A1, 0x7A23, 0x8A64, 0xB366, 0xB366,
    0xBBE8, 0xD4CB, 0xD4CC, 0xC3E8, 0xC409, 0xCC49, 0xCC49, 0xCC49, 0xCC49, 0xCC6A, 0xCC6A, 0xCC8B, 0xD4AB, 0xCC8B, 0xC429, 0xC409,
    0xC429, 0xC44A, 0xCC4A, 0xC42A, 0xC429, 0xC429, 0xC42A, 0xA367, 0x9B26, 0x9B26, 0x9B26, 0xA305, 0xA305, 0xA305, 0xA305, 0xB387,
    0xBBE8, 0xC408, 0xCC29, 0xCC6A, 0xCC8A, 0xCC8A, 0xCC8A, 0xD48A, 0xCCAA, 0xD4CB, 0xDD2C, 0xDD2C, 0xDD2C, 0xDD2C, 0xDD6D, 0xDD6E,
    0xDDF3, 0xDDF3, 0xDDF3, 0xD5F3, 0xD5F3, 0xD5F3, 0xD5F3, 0xD5F3, 0xD5F3, 0xD5F3, 0xD5F3, 0xD5F3, 0xD5F3, 0xD5F3, 0xD5D2, 0xD570,
    0xD56F, 0xD56F, 0xD56F, 0xD56F, 0xD56F, 0xD56F, 0xD58F, 0xD58F, 0xD570, 0xD570, 0xD590, 0xD5B0, 0xDDB1, 0xDDF1, 0xE632, 0xE632,
    0xEE73, 0xF6D5, 0xF6F5, 0xFEF5, 0xFEF5, 0xFF16, 0xFF16, 0xFF16, 0xFF16, 0xFF16, 0xFF16, 0xFF16, 0xFF16, 0xFF16, 0xFF16, 0xFF16,
    0xFF16, 0xFF16, 0xFF16, 0xFF16, 0xFF16, 0xFF16, 0xFF16, 0xFF36, 0xFF78, 0xFF37, 0xFF15, 0xFF36, 0xFF36, 0xFF36, 0xFF16, 0xFF99,
    0xFFBB, 0xFFBA, 0xFFBA, 0xFFBA, 0xFFBA, 0xFFDA, 0xFFBA, 0xFFFD, 0xB4AD, 0xB48D, 0xFFFF, 0xFFDC, 0xFFFD, 0xFFBB, 0xF717, 0xF717,
    0xEED7, 0xE675, 0xE675, 0xE675, 0xE675, 0xEE75, 0xF6D7, 0xEE75, 0xE635, 0xDE14, 0xA40B, 0x9BCB, 0xA42C, 0xDE76, 0xB48F, 0xAC4D,
    0xAC4D, 0xD5B3, 0xC531, 0xA42D, 0xB4AF, 0xD5B3, 0xEED7, 0xF6F8, 0xEEF7, 0xEEF8, 0xEEF8, 0xEEF8, 0xEEF8, 0xEEF8, 0xEEF8, 0xEEF8,
    0xEED8, 0xEEF7, 0xD5D3, 0xC530, 0xCD91, 0xBCCE, 0x9BAA, 0xB48D, 0xB46D, 0xB42C, 0xB48D, 0xDDF3, 0xDDF3, 0xDDD2, 0xD5D2, 0xDDD2,
    0xDDD2, 0xDDD1, 0xDDD2, 0xE633, 0xE634, 0xEE54, 0xE613, 0xE633, 0xEE54, 0xEE33, 0xEE33, 0xE633, 0xE633, 0xE5F1, 0xDDD0, 0xE5D0,
    0xE5F1, 0xDD8F, 0xDD4D, 0xDD4D, 0xE5AF, 0xD52D, 0xD4EC, 0xC48B, 0xE694, 0xD54F, 0xCCCB, 0xDDAF, 0xEE10, 0xE5F0, 0xE610, 0xEE52,
    0xEE53, 0xEE52, 0xEE52, 0xEE73, 0xEE74, 0xEE53, 0xEE53, 0xEE74, 0xEE53, 0xD4EC, 0xB3E9, 0xB3E9, 0xB3C8, 0x9B47, 0x9B47, 0x9B47,
    0x9B47, 0x8AE6, 0x82A5, 0x7A64, 0x7203, 0x6A03, 0x6A03, 0x6A03, 0x69C2, 0x7A65, 0xBCCE, 0xA3A9, 0x71C2, 0x8A84, 0xB366, 0xB386,
    0xBBA7, 0xC408, 0xCC8A, 0xDD2D, 0xD4AB, 0xC429, 0xCC49, 0xCC49, 0xCC49, 0xCC6A, 0xD48B, 0xD4AC, 0xD4AB, 0xD4AB, 0xCC6A, 0xC42A,
    0xC42A, 0xCC4A, 0xCC6A, 0xCC6A, 0xCC6A, 0xC42A, 0xBC09, 0xBBE9, 0x9B46, 0x9B06, 0x9B26, 0xA326, 0xA305, 0xA305, 0xA325, 0xC3E8,
    0xC408, 0xC408, 0xCC49, 0xCC8A, 0xCC8A, 0xDCEC, 0xDD2C, 0xDD0C, 0xDD2C, 0xDD2C, 0xDD4C, 0xDD4C, 0xDD4D, 0xDD6D, 0xE58E, 0xE58E,
    0xD5F3, 0xD5F3, 0xD5F3, 0xD5F3, 0xD5F3, 0xD5F3, 0xD5F3, 0xD5F3, 0xD5F3, 0xD5F3, 0xD5F3, 0xD5F3, 0xD5F3, 0xD5F3, 0xD5D2, 0xCD90,
    0xD56F, 0xD58F, 0xD58F, 0xD590, 0xD590, 0xD56F, 0xD58F, 0xD56F, 0xD570, 0xD590, 0xDDF1, 0xE612, 0xE632, 0xEE53, 0xEE94, 0xF6B4,
    0xF6D5, 0xFEF6, 0xFEF6, 0xFF16, 0xFF16, 0xFF16, 0xFF16, 0xFF16, 0xFF16, 0xFF16, 0xFF16, 0xFF16, 0xFF16, 0xFF16, 0xFF16, 0xFF16,
    0xFF16, 0xFF16, 0xFF16, 0xFF16, 0xFF16, 0xFF16, 0xFF16, 0xFF99, 0xFF37, 0xFF16, 0xFF16, 0xFF36, 0xFF36, 0xFF36, 0xFF16, 0xFF99,
    0xFFBB, 0xFFBA, 0xFFBA, 0xFFBA, 0xFFBA, 0xFFBA, 0xFFBA, 0xFFFC, 0xB4AD, 0xB46D, 0xFFFE, 0xFFFD, 0xFFFD, 0xFF9A, 0xF738, 0xF738,
    0xEED6, 0xEEB6, 0xEEB6, 0xEEB6, 0xEE96, 0xEED7, 0xEEB7, 0xE655, 0xE675, 0xE655, 0xDE14, 0xDDF4, 0xE635, 0xE6B7, 0xAC4E, 0xAC2D,
    0xAC2C, 0xB48E, 0xAC4D, 0xC571, 0xF6F7, 0xF6F7, 0xEEF8, 0xEED8, 0xEEF8, 0xEEF8, 0xEEF8, 0xEEF8, 0xEED8, 0xEEF8, 0xEED7, 0xE696,
    0xEEB7, 0xF718, 0xBCAE, 0x9348, 0x9B89, 0x9B49, 0xBCEF, 0xDDF3, 0xD5D3, 0xD5F3, 0xDDF3, 0xD5D3, 0xD5D2, 0xD5D2, 0xDDF3, 0xE613,
    0xDDF2, 0xDDF2, 0xDDF2, 0xE633, 0xE654, 0xEE54, 0xEE54, 0xEE54, 0xEE54, 0xE633, 0xE633, 0xE633, 0xE633, 0xEE33, 0xE5F1, 0xE5D1,
    0xE611, 0xEE52, 0xE5B0, 0xDD6E, 0xE5AF, 0xE5AF, 0xDD8E, 0xCCEB, 0xEEB4, 0xDDB0, 0xD50C, 0xE5AF, 0xEE10, 0xE611, 0xE610, 0xE632,
    0xEE54, 0xEE54, 0xEE53, 0xEE74, 0xEE74, 0xEE53, 0xE5F1, 0xE5D0, 0xE5AF, 0xCCAB, 0xB3E9, 0xB3C8, 0xB3E9, 0xB3C9, 0xA388, 0x9B26,
    0x9B46, 0xA367, 0x9B26, 0x7244, 0x6A03, 0x6A03, 0x6A03, 0x69E2, 0x6A03, 0x61A2, 0x82C6, 0xCD2F, 0x9326, 0x8222, 0xB387, 0xB386,
    0xBBC7, 0xC3E8, 0xC3C7, 0xCC8A, 0xDD0C, 0xD4AB, 0xC449, 0xCC49, 0xCC6A, 0xD4AB, 0xD4AB, 0xD4AB, 0xD4AB, 0xD4AB, 0xD48B, 0xCC8B,
    0xC44A, 0xCC4A, 0xCC6A, 0xCC6A, 0xCC6A, 0xCC6A, 0xC429, 0xBBE9, 0xB3A8, 0xA347, 0xA326, 0xA326, 0xA306, 0xA306, 0xBBA7, 0xC408,
    0xC408, 0xC429, 0xCC49, 0xD4CB, 0xDD0C, 0xDD2C, 0xDD2C, 0xDD2C, 0xDD2C, 0xDD2C, 0xDD4C, 0xDD4C, 0xE56E, 0xE5AE, 0xE58E, 0xE58E,
    0xD5F3, 0xD5F3, 0xD5F3, 0xD5F3, 0xD5F3, 0xD5F3, 0xD5F3, 0xD5F3, 0xD5F3, 0xD5F3, 0xD5F3, 0xD5F3, 0xD5F3, 0xD5F3, 0xD5D3, 0xD5D3,
    0xD590, 0xD58F, 0xD590, 0xD590, 0xD590, 0xD56F, 0xD590, 0xDDB1, 0xDDD1, 0xDDD1, 0xE652, 0xEE73, 0xEE73, 0xF6B4, 0xFEF6, 0xFEF6,
    0xFEF6, 0xFEF6, 0xFEF6, 0xFEF6, 0xFF16, 0xFF16, 0xFF16, 0xFF16, 0xFF16, 0xFF16, 0xFF16, 0xFF16, 0xFF16, 0xFF16, 0xFF16, 0xFF16,
    0xFF16, 0xFF16, 0xFF16, 0xFF16, 0xFF16, 0xFF16, 0xFF78, 0xFF58, 0xFF36, 0xFF36, 0xFF36, 0xFF36, 0xFF36, 0xFF36, 0xFF36, 0xFF57,
    0xFF9A, 0xFFBA, 0xFFBA, 0xFFBA, 0xFFBA, 0xFFBA, 0xFFBA, 0xFFFC, 0xC550, 0x82A5, 0xCE15, 0xFFFE, 0xFFFC, 0xFFFC, 0xFFFC, 0xF779,
    0xEED6, 0xEEB6, 0xEEB6, 0xEEB6, 0xEE96, 0xF738, 0xF6F8, 0xE635, 0xE655, 0xE655, 0xE676, 0xE676, 0xEE96, 0xEEF8, 0xD5D3, 0xD5F3,
    0xD5D3, 0xA40C, 0x936A, 0xC571, 0xF718, 0xEED7, 0xEEF8, 0xEEF8, 0xEEF8, 0xEEF8, 0xEEF8, 0xEEF8, 0xF718, 0xFF59, 0xEEB7, 0xE675,
    0xCD71, 0x9B69, 0xB4AE, 0xDDF3, 0xD5B3, 0xD5B3, 0xCD92, 0xCD92, 0xCDB2, 0xD5D3, 0xD5D3, 0xD5D3, 0xD5F3, 0xE634, 0xE654, 0xE633,
    0xDDF2, 0xDDF2, 0xDDF2, 0xE613, 0xEE54, 0xEE54, 0xEE54, 0xEE54, 0xEE53, 0xEE53, 0xEE53, 0xE653, 0xEE33, 0xEE33, 0xE5F1, 0xE5F1,
    0xEE32, 0xEE32, 0xEE32, 0xEE12, 0xE5AF, 0xE5AF, 0xE5AF, 0xD50C, 0xEE74, 0xEE73, 0xE5F0, 0xE610, 0xE5F0, 0xEE32, 0xEE53, 0xEE54,
    0xEE54, 0xEE54, 0xEE54, 0xEE54, 0xEE74, 0xEE74, 0xEE73, 0xD52D, 0xCCCC, 0xC42A, 0xBC09, 0xBC0A, 0xABC8, 0xB3C9, 0xB3E9, 0xABA8,
    0xA347, 0x9B47, 0x9B47, 0x9306, 0x7224, 0x69E2, 0x6A03, 0x6A03, 0x69E3, 0x6A03, 0x61A2, 0x82A6, 0xC4CD, 0xB40A, 0xAB46, 0xBBA7,
    0xC3E8, 0xC3E8, 0xC3E8, 0xC3C7, 0xCC29, 0xD4EB, 0xDCEB, 0xCC8A, 0xD48A, 0xD4CB, 0xD4AB, 0xD4AB, 0xD4AB, 0xD4AB, 0xD4AB, 0xD48B,
    0xCC6A, 0xCC6A, 0xCC6A, 0xCC6A, 0xCC6A, 0xCC6B, 0xC429, 0xBBE8, 0xBC09, 0xAB87, 0xA326, 0xA346, 0xA326, 0xA326, 0xBBE8, 0xC428,
    0xC408, 0xC429, 0xCC49, 0xDCEB, 0xDD0C, 0xDD2C, 0xDD2C, 0xDD2C, 0xDD4C, 0xDD4C, 0xDD4C, 0xDD4D, 0xE56E, 0xE58E, 0xE58E, 0xE58E,
    0xD5F3, 0xD5F3, 0xD5F3, 0xD5F3, 0xD5F3, 0xD5F3, 0xD5F3, 0xD5F3, 0xD5F3, 0xD5F3, 0xD5F3, 0xD5F3, 0xD5F3, 0xD5F3, 0xD5F3, 0xD5F3,
    0xD590, 0xD58F, 0xD590, 0xD590, 0xD590, 0xD590, 0xDDD0, 0xE612, 0xE632, 0xE652, 0xF6B4, 0xF6D5, 0xF6D5, 0xF6F5, 0xFF16, 0xF6F6,
    0xF716, 0xF716, 0xFF16, 0xFEF6, 0xFF16, 0xFF16, 0xFF16, 0xFF16, 0xFF16, 0xFF16, 0xFF16, 0xFF16, 0xFF16, 0xFF16, 0xFF16, 0xFF16,
    0xFF16, 0xFF16, 0xFF16, 0xFF16, 0xFF36, 0xFF37, 0xFF58, 0xFF36, 0xFF36, 0xFF36, 0xFF36, 0xFF36, 0xFF36, 0xFF36, 0xFF36, 0xFF16,
    0xFF99, 0xFFBB, 0xFFBA, 0xFFBA, 0xFFBA, 0xFFBA, 0xFFBA, 0xFFFB, 0xEED6, 0x8244, 0xC593, 0xFFFF, 0xFFFC, 0xFFFC, 0xFFFC, 0xF779,
    0xEEF7, 0xEEB6, 0xEEB6, 0xEEB6, 0xEE96, 0xF738, 0xEEF7, 0xE655, 0xE675, 0xE655, 0xE655, 0xE655, 0xE696, 0xE6B7, 0xDE14, 0xDE35,
    0xDE35, 0xD5D3, 0x9BCB, 0xC551, 0xF738, 0xEED7, 0xEEF8, 0xEEF8, 0xEEF8, 0xF6F8, 0xEEF8, 0xF719, 0xD5F4, 0xC551, 0xC551, 0xBD10,
    0xB48E, 0xB48E, 0xC550, 0xD5D3, 0xD5B2, 0xCD93, 0xCD92, 0xCDB2, 0xDE14, 0xE654, 0xDE14, 0xDE14, 0xDE34, 0xE675, 0xE675, 0xE654,
    0xE633, 0xDDF2, 0xE5F2, 0xE612, 0xE633, 0xE633, 0xEE54, 0xEE54, 0xEE54, 0xEE53, 0xE653, 0xE653, 0xEE53, 0xEE53, 0xE612, 0xE5D1,
    0xEE32, 0xEE32, 0xEE32, 0xEE33, 0xEE12, 0xE5D0, 0xE5D0, 0xE5D0, 0xEE94, 0xEE73, 0xE611, 0xEE33, 0xEE53, 0xEE53, 0xEE53, 0xE633,
    0xEE54, 0xEE54, 0xEE54, 0xEE74, 0xEE74, 0xEE53, 0xEE12, 0xDD4F, 0xCCAB, 0xBC09, 0xBC2A, 0xBC2A, 0xB3E9, 0xABC9, 0xB409, 0xBC0A,
    0xAB88, 0xA347, 0x9B27, 0x9B47, 0x7A44, 0x7223, 0x6A03, 0x69E3, 0x6A03, 0x6A03, 0x7203, 0x69A2, 0x92E6, 0xC4AC, 0xBBE8, 0xBBE8,
    0xC3E8, 0xC3E8, 0xC408, 0xC408, 0xCC29, 0xCC49, 0xD4AB, 0xDD0C, 0xD4AB, 0xD4AB, 0xD4AB, 0xCCAB, 0xCC8B, 0xD4AB, 0xD4AB, 0xD4AB,
    0xCC6B, 0xCC6A, 0xCC6A, 0xCC6A, 0xCC6B, 0xCC8B, 0xC44A, 0xBBE8, 0xBBE8, 0xBC09, 0xAB87, 0xA326, 0xAB26, 0xAB46, 0xBBE8, 0xC408,
    0xC429, 0xCC49, 0xCC69, 0xD4CB, 0xDCEB, 0xDD2C, 0xDD4D, 0xDD4D, 0xDD6D, 0xE56D, 0xE56D, 0xE56D, 0xE58E, 0xE5AE, 0xE58E, 0xE58E,
    0xDDF3, 0xD5F3, 0xDDF3, 0xD5F3, 0xD5F3, 0xD5F3, 0xD5F3, 0xD5F3, 0xD5F3, 0xD5F3, 0xD5F3, 0xD5F3, 0xD5F3, 0xD5F3, 0xD5F3, 0xD5F3,
    0xD590, 0xD58F, 0xD58F, 0xD5B0, 0xDDB0, 0xDDB0, 0xE611, 0xEE73, 0xEE94, 0xEEB4, 0xFEF6, 0xFF16, 0xFF16, 0xFF16, 0xF6F6, 0xF6F6,
    0xF6F6, 0xFF16, 0xFF16, 0xFF16, 0xFF16, 0xFF16, 0xFF16, 0xFF16, 0xFF16, 0xFF16, 0xFF16, 0xFF16, 0xFF16, 0xFF16, 0xFF16, 0xFF16,
    0xFF16, 0xFF16, 0xFF36, 0xFF16, 0xFF37, 0xFF79, 0xFF16, 0xFF16, 0xFF36, 0xFF36, 0xFF36, 0xFF36, 0xFF36, 0xFF36, 0xFF36, 0xFF36,
    0xFF99, 0xFFBB, 0xFFBA, 0xFFBA, 0xFFBA, 0xFFBA, 0xFFBA, 0xFFDB, 0xF779, 0x9B89, 0xBD51, 0xEF3A, 0xFFDC, 0xFFFC, 0xFFFC, 0xFFFC,
    0xF759, 0xF717, 0xEED6, 0xEEB6, 0xEE96, 0xF738, 0xEEF7, 0xE676, 0xEE96, 0xE675, 0xE675, 0xE676, 0xEE96, 0xDE35, 0xDE14, 0xDE14,
    0xDE14, 0xE675, 0x9BCB, 0xB4AE, 0xEED7, 0xEEF8, 0xEEF8, 0xEEF8, 0xEEF8, 0xEEF8, 0xF719, 0xEED7, 0xB48E, 0xA3CC, 0xAC2D, 0xA40C,
    0xBCCF, 0xDE14, 0xD5D3, 0xD5B3, 0xD5B3, 0xD5B3, 0xD592, 0xD5D3, 0xE655, 0xE655, 0xE675, 0xE675, 0xE675, 0xE655, 0xE655, 0xE675,
    0xE654, 0xE5F2, 0xDDF1, 0xE612, 0xE612, 0xE612, 0xEE54, 0xEE53, 0xE653, 0xEE54, 0xEE54, 0xEE53, 0xEE53, 0xEE53, 0xEE53, 0xE5F1,
    0xEE32, 0xEE52, 0xEE32, 0xEE33, 0xEE53, 0xEE11, 0xE5F1, 0xEE11, 0xEE94, 0xEE73, 0xEE32, 0xEE53, 0xEE54, 0xEE54, 0xEE53, 0xE633,
    0xEE54, 0xEE74, 0xEE74, 0xEE74, 0xEE74, 0xEE32, 0xE5B0, 0xE5B0, 0xCCAC, 0xB3C9, 0xBC0A, 0xBC0A, 0xBC2A, 0xBC09, 0xBBE9, 0xB3E9,
    0xB3C9, 0xABA8, 0x9B27, 0x9B26, 0x8AE5, 0x8AC5, 0x82A5, 0x7A44, 0x69E3, 0x6A03, 0x69E3, 0x7203, 0x8243, 0x9AE5, 0xCCCB, 0xC429,
    0xBBC8, 0xC408, 0xD4AA, 0xD4AA, 0xD48A, 0xD48A, 0xD4AA, 0xD48B, 0xDD2D, 0xDD4D, 0xCC8B, 0xCC8A, 0xCC8A, 0xCC8B, 0xCC8B, 0xCC8B,
    0xCC6A, 0xCC6A, 0xCC6A, 0xCC6A, 0xC44A, 0xCC6A, 0xCC6A, 0xBC09, 0xB3C8, 0xAB66, 0xAB46, 0xAB26, 0xAB46, 0xBBC7, 0xC408, 0xC408,
    0xCC49, 0xD4CB, 0xD4CA, 0xD4CA, 0xD4CB, 0xDD4C, 0xDD6D, 0xE56D, 0xE58D, 0xE56D, 0xE58D, 0xE58D, 0xE58E, 0xE5AF, 0xE5AF, 0xE58E,
    0xDDF3, 0xDDF3, 0xDDF3, 0xD5F3, 0xD5F3, 0xD5F3, 0xD5F3, 0xD5F3, 0xD5F3, 0xD5F3, 0xD5F3, 0xD5F3, 0xD5F3, 0xD5F3, 0xD5F3, 0xD5F3,
    0xD5B0, 0xDDD0, 0xDDD1, 0xE611, 0xEE73, 0xEE94, 0xF6B4, 0xF6F5, 0xFEF5, 0xF6F5, 0xFF16, 0xF6F6, 0xFF16, 0xFF16, 0xF6F6, 0xFF16,
    0xF6F6, 0xF6F6, 0xFF16, 0xFF16, 0xFF16, 0xFF16, 0xFF16, 0xFF16, 0xFF16, 0xFF16, 0xFF16, 0xFF16, 0xFF16, 0xFF16, 0xFF16, 0xFF16,
    0xFF16, 0xFF16, 0xFF16, 0xFF37, 0xFF57, 0xFF36, 0xFF16, 0xFF16, 0xFF36, 0xFF36, 0xFF36, 0xFF36, 0xFF36, 0xFF58, 0xFF57, 0xFF36,
    0xFF99, 0xFFBA, 0xFFBA, 0xFFBA, 0xFFBA, 0xFFBA, 0xFFBA, 0xFFBA, 0xFFBA, 0xFFFC, 0xC530, 0x9B89, 0xFFFC, 0xFFFC, 0xFFFC, 0xFFFC,
    0xFFDB, 0xFFDB, 0xEED7, 0xEEB6, 0xEE96, 0xF738, 0xEED7, 0xE676, 0xEE96, 0xEE96, 0xE696, 0xE696, 0xE696, 0xEE96, 0xE655, 0xDE14,
    0xDE14, 0xDE14, 0xDE14, 0xA40B, 0xB4AE, 0xF739, 0xEEF8, 0xEEF8, 0xF718, 0xEEF7, 0xE695, 0xAC2C, 0xBCCF, 0xE635, 0xDDF3, 0xDDF4,
    0xDDD3, 0xD5B3, 0xD5B3, 0xD5B3, 0xD5B3, 0xE634, 0xE655, 0xE655, 0xE675, 0xE675, 0xE675, 0xE675, 0xE675, 0xE675, 0xE655, 0xE675,
    0xE654, 0xE633, 0xE612, 0xDDD1, 0xE5D1, 0xE612, 0xE633, 0xE612, 0xEE74, 0xEE54, 0xE612, 0xEE53, 0xEE53, 0xEE53, 0xEE53, 0xEE53,
    0xEE52, 0xEE53, 0xEE32, 0xE611, 0xEE11, 0xEE32, 0xEE32, 0xEE11, 0xEE94, 0xEE73, 0xEE32, 0xEE54, 0xEE54, 0xEE54, 0xEE54, 0xEE54,
    0xEE54, 0xEE54, 0xEE74, 0xE612, 0xE5F1, 0xE5D0, 0xCCCC, 0xCCAC, 0xC46B, 0xBC09, 0xBBE9, 0xB3C8, 0xB3E9, 0xBC0A, 0xBC0A, 0xB3E9,
    0xB3C8, 0xB3C9, 0xABA8, 0x9306, 0x9306, 0x8AC5, 0x7A43, 0x7223, 0x69E3, 0x69E3, 0x6A03, 0x69E3, 0x8A84, 0x9AA4, 0xA325, 0xC449,
    0xCC69, 0xC408, 0xD4AA, 0xD4EA, 0xD4CA, 0xD4CB, 0xDCCB, 0xD4AB, 0xD48B, 0xD4EC, 0xDD2D, 0xCCAB, 0xCC8B, 0xCC8B, 0xCC8B, 0xCC8B,
    0xCC6A, 0xCC6A, 0xCC6A, 0xCC6A, 0xBC09, 0xBBE8, 0xBBE8, 0xBBE9, 0xB3C8, 0xA326, 0xA326, 0xAB46, 0xC3E8, 0xC408, 0xC408, 0xC408,
    0xCC49, 0xD4CB, 0xD4CB, 0xD4CB, 0xD4EB, 0xDD4C, 0xE56D, 0xE56D, 0xE56D, 0xE58D, 0xE58D, 0xE58E, 0xE5AE, 0xE5AF, 0xE5AF, 0xE5AF,
    0xDDF3, 0xDDF3, 0xDDF3, 0xD5F3, 0xD5F3, 0xD5F3, 0xD5F3, 0xD5F3, 0xD5F3, 0xD5F3, 0xD5F3, 0xD5F3, 0xD5F3, 0xD5F3, 0xD5F3, 0xD5F3,
    0xDDF2, 0xE5F1, 0xE5F2, 0xEE32, 0xF6D5, 0xF6F5, 0xFEF6, 0xFF16, 0xFF16, 0xFF16, 0xFF16, 0xFF16, 0xFF16, 0xFEF6, 0xFEF6, 0xF6F6,
    0xF716, 0xF716, 0xFF16, 0xFF16, 0xFF16, 0xFF16, 0xFF16, 0xFF16, 0xFF16, 0xFF16, 0xFF16, 0xFF16, 0xFF16, 0xFF16, 0xFF16, 0xFF16,
    0xFF16, 0xFF16, 0xFF16, 0xFF78, 0xFF58, 0xFF16, 0xFF16, 0xFF16, 0xFF16, 0xFF36, 0xFF36, 0xFF36, 0xFF78, 0xFF37, 0xFF37, 0xFF36,
    0xFF36, 0xFF99, 0xFFBB, 0xFFBA, 0xFFBA, 0xFFBA, 0xFFBA, 0xFFBA, 0xFFBA, 0xFFFC, 0xCD50, 0xABAA, 0xFFFD, 0xFFFC, 0xFFFC, 0xFFFC,
    0xFFFD, 0xFFBB, 0xF6B6, 0xEEB6, 0xEEB6, 0xF738, 0xEED7, 0xE676, 0xEE96, 0xEE96, 0xEE96, 0xEE96, 0xEE96, 0xEEB7, 0xDE55, 0xDDF4,
    0xDE14, 0xDE14, 0xEE96, 0xB46D, 0xBCCF, 0xF739, 0xEEF8, 0xF739, 0xEEB7, 0xB48E, 0x9B8A, 0xC510, 0xD5B2, 0xD5D3, 0xD5D3, 0xD5D3,
    0xD5D3, 0xD5B3, 0xD5D3, 0xDE35, 0xE655, 0xE675, 0xE675, 0xE675, 0xE675, 0xE675, 0xE675, 0xE675, 0xE675, 0xE675, 0xE675, 0xE675,
    0xE675, 0xE675, 0xE654, 0xE5F1, 0xDDD0, 0xE5F1, 0xE5F2, 0xDD90, 0xE613, 0xEE74, 0xDDD1, 0xD56F, 0xEE74, 0xEE53, 0xEE53, 0xEE53,
    0xEE53, 0xEE53, 0xEE53, 0xEE32, 0xEE31, 0xEE12, 0xEE32, 0xEE12, 0xEE94, 0xEE94, 0xEE32, 0xEE54, 0xEE54, 0xEE54, 0xEE54, 0xEE54,
    0xEE54, 0xEE54, 0xEE74, 0xEE53, 0xDD6E, 0xDD4D, 0xCC8B, 0xC42A, 0xC42A, 0xC44A, 0xBC2A, 0xB3C8, 0xB3C8, 0xB3C9, 0xBBE9, 0xB3E9,
    0xB3C8, 0xB3C8, 0xABA8, 0x9B26, 0x9306, 0x8AA5, 0x69E3, 0x6A03, 0x6A03, 0x69E3, 0x6A03, 0x69E3, 0x8AA4, 0xA305, 0xA305, 0xBBC7,
    0xCC8A, 0xDCCB, 0xD4CA, 0xD4CA, 0xD4CB, 0xD4CA, 0xD4CB, 0xD48B, 0xCC6A, 0xCC8B, 0xD4AB, 0xDD0C, 0xD48B, 0xCC6A, 0xCC8B, 0xCC8B,
    0xCC8B, 0xCC6A, 0xCC6A, 0xCC6A, 0xBC09, 0xBBE8, 0xBBE8, 0xBBE9, 0xBBC8, 0xAB46, 0xAB46, 0xAB26, 0xC408, 0xCC49, 0xCC49, 0xCC49,
    0xCC69, 0xD4CB, 0xD4CB, 0xDD0B, 0xDD4C, 0xE54D, 0xE56D, 0xE56D, 0xE56D, 0xE56D, 0xE58D, 0xE58E, 0xE58E, 0xE5AE, 0xE5AF, 0xE5CF,
    0xDDF3, 0xD5F3, 0xD5F3, 0xD5F3, 0xD5F3, 0xD5F3, 0xD5F3, 0xD5F3, 0xD5F3, 0xD5F3, 0xD5F3, 0xD5F3, 0xD5F3, 0xDE13, 0xE675, 0xE695,
    0xEEB5, 0xF694, 0xF6B4, 0xF6B4, 0xFEF5, 0xFEF6, 0xFEF6, 0xFEF6, 0xF716, 0xFF16, 0xFF16, 0xFF16, 0xF716, 0xF716, 0xFF16, 0xF716,
    0xF716, 0xFF16, 0xFF16, 0xFF16, 0xFF16, 0xFF16, 0xFF16, 0xFF16, 0xFF16, 0xFF16, 0xFF16, 0xFF16, 0xFF16, 0xFF16, 0xFF16, 0xFF16,
    0xFF16, 0xFF36, 0xFF57, 0xFF57, 0xFF37, 0xFF16, 0xFF16, 0xFF16, 0xFF16, 0xFF36, 0xFF36, 0xFF36, 0xFF78, 0xFF36, 0xFF36, 0xFF36,
    0xFF36, 0xFF99, 0xFFBB, 0xFFBA, 0xFFBA, 0xFFBA, 0xFFBA, 0xFFBA, 0xFFBA, 0xFFFC, 0xC50F, 0xA389, 0xFFFE, 0xFFFD, 0xFFFC, 0xFFFC,
    0xFFFC, 0xFF9A, 0xF738, 0xF759, 0xF6D7, 0xF738, 0xEEB6, 0xEE76, 0xEE96, 0xEE96, 0xEE96, 0xEEB6, 0xEEB6, 0xEEB7, 0xE655, 0xDE34,
    0xDE34, 0xDE14, 0xE675, 0xAC2C, 0xBCEF, 0xFF7A, 0xF738, 0xE696, 0xC510, 0xAC2C, 0xC4EF, 0xD5D3, 0xD5F3, 0xD5D3, 0xD5D3, 0xD5D3,
    0xD5D3, 0xD5F4, 0xD5F4, 0xE655, 0xE675, 0xE675, 0xE675, 0xE675, 0xE675, 0xE676, 0xE675, 0xE675, 0xE675, 0xE655, 0xE654, 0xE675,
    0xEE75, 0xE675, 0xEE75, 0xE5F1, 0xDDD1, 0xDDF1, 0xDDD0, 0xD52D, 0xDD4E, 0xE612, 0xE5D0, 0xBC6B, 0xE5F1, 0xEE74, 0xEE53, 0xEE53,
    0xEE73, 0xEE53, 0xEE53, 0xEE53, 0xEE53, 0xEE32, 0xEE32, 0xEE32, 0xEE74, 0xEE94, 0xEE32, 0xEE52, 0xEE54, 0xEE54, 0xEE54, 0xEE54,
    0xEE54, 0xEE74, 0xEE74, 0xEE54, 0xDD6E, 0xDD2D, 0xCCAB, 0xC44A, 0xC44A, 0xC44A, 0xC44A, 0xC42A, 0xB3C9, 0xB3C8, 0xB3C8, 0xB3C8,
    0xB3C8, 0xB3C8, 0xB3C8, 0xAB88, 0x9B26, 0x8AA5, 0x7A44, 0x6A03, 0x69E3, 0x6A03, 0x71E3, 0x69E3, 0x7A43, 0xA2E5, 0xAB25, 0xBBC7,
    0xD489, 0xD4EB, 0xD4CA, 0xD4CA, 0xD4CA, 0xD4CA, 0xD4CA, 0xCC8B, 0xCC6A, 0xCC6A, 0xCC6A, 0xD4AB, 0xD4EC, 0xD4CB, 0xCC8B, 0xCC8B,
    0xCC8B, 0xCC8B, 0xCC6A, 0xCC6A, 0xCC4A, 0xC409, 0xBBE9, 0xB3A8, 0xB387, 0xAB46, 0xAB26, 0xAB46, 0xC408, 0xD449, 0xCC49, 0xCC69,
    0xD46A, 0xD4CB, 0xDCEB, 0xDCEB, 0xE54C, 0xE56D, 0xE56D, 0xE58D, 0xE54D, 0xDD2C, 0xDD2C, 0xDD2C, 0xDD4C, 0xDD6D, 0xE5AF, 0xE58F,
    0xDDF3, 0xDDF3, 0xD5F3, 0xDDF3, 0xDDF3, 0xDDF3, 0xD5F3, 0xD5F3, 0xDDF3, 0xDDF3, 0xDDF3, 0xDE34, 0xE654, 0xE655, 0xF6F7, 0xF6F7,
    0xF6F6, 0xFF16, 0xFF16, 0xFF16, 0xFEF6, 0xFEF6, 0xFF16, 0xFF16, 0xFEF6, 0xFF16, 0xFEF6, 0xF716, 0xF716, 0xFF16, 0xF716, 0xF716,
    0xF6F6, 0xFEF6, 0xFEF6, 0xFF16, 0xFF16, 0xFF16, 0xFF16, 0xFF16, 0xFF16, 0xFF16, 0xFF16, 0xFF16, 0xFF16, 0xFF16, 0xFF16, 0xFF16,
    0xFF16, 0xFF37, 0xFF99, 0xFF36, 0xFF15, 0xFF36, 0xFF16, 0xFF16, 0xFF16, 0xFF36, 0xFF16, 0xFF58, 0xFF57, 0xFF36, 0xFF36, 0xFF36,
    0xFF36, 0xFF99, 0xFFDB, 0xFFBA, 0xFFBA, 0xFFBA, 0xFFBA, 0xFFBA, 0xFF9A, 0xFFFC, 0xCD71, 0xAC2C, 0xDE97, 0xEF59, 0xFFFD, 0xFFFC,
    0xFFFC, 0xFFFC, 0xFFFC, 0xFFDB, 0xF6F7, 0xF718, 0xEEB6, 0xE696, 0xEE96, 0xEE96, 0xEE96, 0xEEB7, 0xEEB7, 0xEEB6, 0xEEB6, 0xE676,
    0xDE34, 0xDE34, 0xE655, 0xD591, 0xAC4C, 0xA40C, 0xAC4D, 0x9BCB, 0x8B49, 0xBCCF, 0xE655, 0xD5F3, 0xD5F3, 0xD5D3, 0xD5F3, 0xDDF4,
    0xDE14, 0xE675, 0xDE34, 0xE655, 0xE675, 0xE675, 0xEE75, 0xEE76, 0xE676, 0xE676, 0xE676, 0xE676, 0xEE96, 0xE634, 0xE633, 0xE675,
    0xE675, 0xE675, 0xEE75, 0xDDF1, 0xDDD0, 0xE611, 0xDDD1, 0xD52E, 0xD52D, 0xD54E, 0xE5D1, 0xBC4A, 0xC4AC, 0xEE32, 0xEE32, 0xEE53,
    0xEE53, 0xEE53, 0xEE53, 0xEE53, 0xEE53, 0xEE53, 0xEE53, 0xEE53, 0xEE53, 0xEE53, 0xEE53, 0xEE32, 0xEE53, 0xEE54, 0xEE54, 0xEE54,
    0xEE54, 0xEE53, 0xE633, 0xEE53, 0xDD6E, 0xDD2D, 0xCCAB, 0xC44A, 0xC44A, 0xC44A, 0xC44A, 0xC44A, 0xC44A, 0xBC09, 0xB3C8, 0xB3A8,
    0xB3C8, 0xB3A8, 0xB3A8, 0xB3A8, 0xA347, 0x92E5, 0x9306, 0x7243, 0x69E3, 0x6A03, 0x69E3, 0x7203, 0x69C2, 0x9AC4, 0xB346, 0xC3E8,
    0xD4AA, 0xCC89, 0xD4CA, 0xD4CA, 0xD4CA, 0xD4CB, 0xD4CB, 0xD4AB, 0xCC8A, 0xCCAB, 0xCC6A, 0xCC6A, 0xD4CB, 0xD4EC, 0xD4AB, 0xCC8B,
    0xCC8B, 0xCC8B, 0xCC6A, 0xC429, 0xC429, 0xC409, 0xBC09, 0xB387, 0xAB46, 0xAB46, 0xAB46, 0xC408, 0xCC49, 0xCC48, 0xCC49, 0xCC49,
    0xD4CB, 0xDCEB, 0xD4EB, 0xDD2C, 0xE56D, 0xE56D, 0xE58D, 0xE58D, 0xE58E, 0xE56D, 0xE56D, 0xE56D, 0xDD6D, 0xDD6D, 0xE5AF, 0xE5AF,
    0xDDF3, 0xDDF3, 0xDDF3, 0xDDF3, 0xDDF3, 0xDDF3, 0xDDF3, 0xDE13, 0xDE13, 0xE654, 0xE675, 0xE675, 0xEED6, 0xF6F7, 0xFF59, 0xF759,
    0xF738, 0xFF16, 0xFF16, 0xFF16, 0xFEF6, 0xFEF6, 0xFF16, 0xFF16, 0xFF16, 0xFEF6, 0xFEF6, 0xF6F6, 0xFEF6, 0xFEF6, 0xFEF6, 0xFEF6,
    0xF6F6, 0xFF16, 0xFF16, 0xFF16, 0xFF16, 0xFF16, 0xFF16, 0xFF16, 0xFF16, 0xFF16, 0xFF16, 0xFF16, 0xFF16, 0xFF16, 0xFF16, 0xFF16,
    0xFF37, 0xFF79, 0xFF37, 0xFF36, 0xFF16, 0xFF16, 0xFF16, 0xFF16, 0xFF16, 0xFF16, 0xFF37, 0xFF37, 0xFF37, 0xFF36, 0xFF36, 0xFF36,
    0xFF36, 0xFF98, 0xFFBA, 0xFFBA, 0xFFBA, 0xFFBA, 0xFFBA, 0xFFBA, 0xFFBA, 0xFFBA, 0xFFBA, 0xFF9A, 0x8AA5, 0xC571, 0xFFFE, 0xFFFC,
    0xFFFC, 0xFFFC, 0xFFFC, 0xF759, 0xF6F7, 0xF759, 0xFFBB, 0xF739, 0xEE96, 0xEE96, 0xEEB6, 0xEEB6, 0xEE96, 0xEE97, 0xEEB7, 0xE696,
    0xDE34, 0xE655, 0xDE34, 0xE655, 0xDDF3, 0xCD92, 0xCD92, 0xD5B2, 0xD5B3, 0xDDF3, 0xDE14, 0xDDF3, 0xDDF3, 0xD5D3, 0xDE14, 0xE675,
    0xE675, 0xE675, 0xE675, 0xE675, 0xE675, 0xE675, 0xE675, 0xE676, 0xE696, 0xE696, 0xE675, 0xE675, 0xEE76, 0xE633, 0xE633, 0xEE76,
    0xEE75, 0xE674, 0xEE74, 0xDDF1, 0xDDB0, 0xE612, 0xE612, 0xDDD0, 0xDD8F, 0xDD6E, 0xE5D0, 0xDD6F, 0xBC4A, 0xCCED, 0xEE32, 0xEE32,
    0xEE53, 0xEE53, 0xEE73, 0xEE73, 0xEE53, 0xEE53, 0xEE53, 0xEE53, 0xEE53, 0xEE54, 0xEE54, 0xEE53, 0xEE54, 0xEE54, 0xEE54, 0xEE54,
    0xEE54, 0xE611, 0xE5D0, 0xE5B0, 0xDD4D, 0xD4EC, 0xD4CC, 0xC44A, 0xC44A, 0xC44A, 0xC44A, 0xC44A, 0xC44A, 0xBC09, 0xBBE9, 0xB3C8,
    0xB3C8, 0xB3A8, 0xB3A8, 0xB3A8, 0xA367, 0x8AC5, 0x8AC5, 0x7223, 0x69E3, 0x6A03, 0x6A02, 0x7202, 0x69E2, 0x9AC5, 0xB366, 0xC3E7,
    0xD48A, 0xD489, 0xCC89, 0xD4AA, 0xD4CB, 0xD4CB, 0xD4CA, 0xD4CB, 0xD4CB, 0xD4CB, 0xD4AB, 0xD48B, 0xCC6A, 0xD4AB, 0xD4CC, 0xD4AB,
    0xCC8B, 0xCC6A, 0xCC6A, 0xC44A, 0xC409, 0xC409, 0xBBE8, 0xAB87, 0xAB46, 0xAB26, 0xB366, 0xCC49, 0xCC49, 0xCC48, 0xD48A, 0xDCCB,
    0xD4CB, 0xD4EB, 0xD4EB, 0xE54C, 0xE58D, 0xE56D, 0xE56D, 0xE58E, 0xE58E, 0xE5AE, 0xE5AF, 0xE5AF, 0xE5AF, 0xE5AF, 0xE58F, 0xE5AF,
    0xD5F3, 0xDDF3, 0xDDF3, 0xDDF3, 0xDDF3, 0xDDF2, 0xE613, 0xE654, 0xE675, 0xEEB6, 0xF6F7, 0xF717, 0xFF58, 0xFF99, 0xFF9A, 0xFF9A,
    0xFF9A, 0xFF17, 0xFF16, 0xFF16, 0xFF16, 0xFF16, 0xFEF6, 0xFF16, 0xFEF6, 0xFEF6, 0xFEF6, 0xF6F6, 0xFF16, 0xF6F6, 0xF6F6, 0xF6F6,
    0xF6F6, 0xFF16, 0xF716, 0xFF16, 0xFF16, 0xFF16, 0xFF16, 0xFF16, 0xFF16, 0xFF16, 0xFF16, 0xFF16, 0xFF16, 0xFF16, 0xFF16, 0xFF16,
    0xFF57, 0xFF58, 0xFF16, 0xFF16, 0xFF16, 0xFF16, 0xFF16, 0xFF16, 0xFF16, 0xFF16, 0xFF57, 0xFF37, 0xFF16, 0xFF16, 0xFF16, 0xFF16,
    0xFF37, 0xFF36, 0xFF78, 0xFFBA, 0xFFBA, 0xFFBA, 0xFFBA, 0xFFBA, 0xFFBA, 0xFFBA, 0xFFDA, 0xFFBA, 0x9307, 0xCDD3, 0xFFFE, 0xFFFC,
    0xFFFC, 0xFFFC, 0xFFFC, 0xF759, 0xF77A, 0xFFDC, 0xFFDB, 0xEEF8, 0xEEB6, 0xEED7, 0xEEB7, 0xEEB7, 0xEEB7, 0xEEB7, 0xEEB7, 0xE696,
    0xE635, 0xE655, 0xE655, 0xE634, 0xE655, 0xEE96, 0xEE96, 0xEE96, 0xEE96, 0xEE76, 0xE655, 0xE655, 0xE655, 0xE634, 0xDE34, 0xE675,
    0xE675, 0xE675, 0xE675, 0xE675, 0xE675, 0xE675, 0xE696, 0xE696, 0xE695, 0xE696, 0xE655, 0xDE13, 0xE613, 0xDDF3, 0xDDF1, 0xE654,
    0xEE54, 0xE653, 0xE654, 0xE632, 0xE5F1, 0xE612, 0xE632, 0xE632, 0xE5F1, 0xE5D0, 0xE5F1, 0xE5D0, 0xD52D, 0xD50C, 0xE5D0, 0xEE53,
    0xEE32, 0xEE53, 0xEE73, 0xEE73, 0xEE53, 0xEE53, 0xEE53, 0xEE53, 0xEE54, 0xEE74, 0xEE54, 0xEE54, 0xEE54, 0xEE54, 0xEE54, 0xEE54,
    0xEE54, 0xE611, 0xDD6E, 0xDD4E, 0xDD4E, 0xCCAB, 0xC44A, 0xC44A, 0xC44A, 0xC44A, 0xC44A, 0xC44A, 0xC44A, 0xBC09, 0xBBE9, 0xB3C8,
    0xB3C8, 0xB3C8, 0xB3C8, 0xAB67, 0x9B06, 0x8284, 0x7A64, 0x7223, 0x69E2, 0x6A03, 0x6A03, 0x69C3, 0x7A43, 0xAB66, 0xB346, 0xC3E8,
    0xD48A, 0xD469, 0xD469, 0xCC69, 0xD4AA, 0xD4CB, 0xD4CB, 0xD4CB, 0xD4CB, 0xD4CB, 0xD4CB, 0xD4CB, 0xD4CB, 0xCCAB, 0xCC6A, 0xD4AB,
    0xCC8A, 0xC44A, 0xCC4A, 0xC44A, 0xC429, 0xC429, 0xBBC8, 0xAB46, 0xAB46, 0xB387, 0xC3E8, 0xCC49, 0xCC49, 0xCC49, 0xCC69, 0xDD0B,
    0xDD0B, 0xDD0B, 0xDD0C, 0xDD0C, 0xDD0C, 0xDD0C, 0xDD0C, 0xDD0C, 0xDD0C, 0xE56D, 0xE5AE, 0xE5AF, 0xE58F, 0xE58F, 0xE58F, 0xE5AF,
    0xDDF3, 0xDDF3, 0xDDF3, 0xDE33, 0xE654, 0xE654, 0xEEB6, 0xF6F7, 0xF717, 0xFF59, 0xFF79, 0xFF79, 0xFF9A, 0xFF9A, 0xFF7A, 0xFF9A,
    0xFF99, 0xFF17, 0xFF16, 0xFF16, 0xFF16, 0xFF16, 0xFEF6, 0xFF16, 0xFF16, 0xFF16, 0xFF16, 0xFF16, 0xFF16, 0xFF16, 0xFF16, 0xF6F6,
    0xF6F6, 0xFF16, 0xFF16, 0xFF16, 0xFF16, 0xFF16, 0xFF16, 0xFF16, 0xFF16, 0xFF16, 0xFF16, 0xFF16, 0xFF16, 0xFF16, 0xFF16, 0xFF16,
    0xFF58, 0xFF16, 0xFF16, 0xFF16, 0xFF16, 0xFF36, 0xFF16, 0xFF36, 0xFF16, 0xFF16, 0xFF17, 0xFF16, 0xFF36, 0xFF16, 0xFF16, 0xFF16,
    0xFF36, 0xFF36, 0xFF78, 0xFFBA, 0xFFBA, 0xFFBA, 0xFFBA, 0xFFBA, 0xFFBA, 0xFFBA, 0xFFDA, 0xFFBA, 0x8AA5, 0xC571, 0xFFDC, 0xFFDB,
    0xFFFC, 0xFFFC, 0xFFFC, 0xFFFC, 0xFFFC, 0xFFFD, 0xF77A, 0xF738, 0xFFBB, 0xF759, 0xEEB6, 0xEEB7, 0xEEB7, 0xEEB7, 0xEEB7, 0xE696,
    0xDE34, 0xE675, 0xE655, 0xE655, 0xE655, 0xE655, 0xE675, 0xE655, 0xE675, 0xE675, 0xE675, 0xE675, 0xE675, 0xE675, 0xE675, 0xE675,
    0xE675, 0xE675, 0xE675, 0xE676, 0xE676, 0xE676, 0xE696, 0xE696, 0xE696, 0xEE96, 0xE675, 0xDE13, 0xDE13, 0xDDF2, 0xDDB0, 0xE633,
    0xEE54, 0xE653, 0xE653, 0xE653, 0xE611, 0xE612, 0xE612, 0xE611, 0xE612, 0xE612, 0xE612, 0xE632, 0xE611, 0xDD2D, 0xDD8F, 0xEE52,
    0xE632, 0xE632, 0xEE53, 0xEE73, 0xEE53, 0xEE53, 0xEE53, 0xEE53, 0xEE53, 0xEE53, 0xEE54, 0xEE54, 0xEE54, 0xEE54, 0xEE54, 0xEE54,
    0xEE74, 0xE612, 0xDD4D, 0xCC8B, 0xCCAB, 0xCC8A, 0xCC6A, 0xCC8B, 0xC46A, 0xC44A, 0xC44A, 0xC44A, 0xC44A, 0xC42A, 0xBBE9, 0xB3C8,
    0xB3C8, 0xB3C8, 0xB3C8, 0xAB67, 0x9306, 0x7A64, 0x7A64, 0x7A44, 0x69E2, 0x6A02, 0x69E2, 0x7A63, 0xAB46, 0xBBC7, 0xBBC7, 0xCC49,
    0xD489, 0xD469, 0xD469, 0xCC69, 0xD48A, 0xD4AA, 0xD4CB, 0xD4CB, 0xD4EB, 0xD4CB, 0xD4CB, 0xD4EB, 0xD4EB, 0xD4CB, 0xD4AB, 0xCC6A,
    0xC44A, 0xCC4A, 0xCC4A, 0xC44A, 0xC429, 0xC409, 0xBBC8, 0xAB46, 0xA325, 0xBBC7, 0xD449, 0xCC48, 0xCC49, 0xD489, 0xD4CA, 0xDD0B,
    0xDD0B, 0xDD2C, 0xDD2C, 0xDD2C, 0xDD4D, 0xDD2C, 0xDD4D, 0xDD4D, 0xDD4D, 0xE58E, 0xE5AF, 0xE5AF, 0xE58F, 0xE58F, 0xE5AF, 0xE5AF,
    0xDE13, 0xDE33, 0xDE33, 0xE654, 0xEEB5, 0xEEB5, 0xF717, 0xFF58, 0xFF58, 0xFF79, 0xFF9A, 0xFF9A, 0xFF9A, 0xFF9A, 0xFF9A, 0xFF9A,
    0xFF9A, 0xFF17, 0xFEF6, 0xFEF6, 0xFEF6, 0xFF16, 0xFF16, 0xFF16, 0xFF16, 0xFF16, 0xFF16, 0xFF16, 0xFF16, 0xFF16, 0xFEF6, 0xFEF6,
    0xFF16, 0xFF16, 0xFF16, 0xFF16, 0xFF16, 0xFF16, 0xFF16, 0xFF16, 0xFF16, 0xFF16, 0xFF16, 0xFF16, 0xFF16, 0xFF16, 0xFF36, 0xFF37,
    0xFF37, 0xFF16, 0xFF16, 0xFF16, 0xFF16, 0xFF16, 0xFF16, 0xFF16, 0xFF16, 0xFF36, 0xFF16, 0xFF16, 0xFF16, 0xFF16, 0xFF16, 0xFF16,
    0xFF36, 0xFF37, 0xFF78, 0xFFBA, 0xFFBA, 0xFFBA, 0xFFBA, 0xFFBA, 0xFFBA, 0xFFBA, 0xFFBA, 0xFF9A, 0xD634, 0xB4CF, 0x93AA, 0xFFDB,
    0xFFFC, 0xFFFC, 0xFFFC, 0xFFFC, 0xFFFC, 0xFFFC, 0xFFDC, 0xFFFC, 0xFFFC, 0xF739, 0xEEB6, 0xEEB7, 0xEEB7, 0xEEB7, 0xEEB7, 0xEE96,
    0xE696, 0xEEB6, 0xE655, 0xE655, 0xE655, 0xE675, 0xE675, 0xE675, 0xE675, 0xE675, 0xE675, 0xE675, 0xE675, 0xE675, 0xE675, 0xE675,
    0xE675, 0xE696, 0xE676, 0xE676, 0xEE76, 0xE676, 0xE696, 0xE696, 0xEE96, 0xEE96, 0xE675, 0xDE13, 0xDE13, 0xDDF2, 0xDDD1, 0xE613,
    0xEE54, 0xEE53, 0xEE53, 0xEE53, 0xE612, 0xE612, 0xE632, 0xE612, 0xEE54, 0xEE74, 0xEE74, 0xEE74, 0xEE53, 0xE611, 0xE5F0, 0xE5F0,
    0xE632, 0xE612, 0xE611, 0xE611, 0xEE53, 0xEE53, 0xEE53, 0xEE53, 0xEE32, 0xE632, 0xEE54, 0xEE54, 0xEE54, 0xEE54, 0xEE54, 0xE633,
    0xEE54, 0xE632, 0xDD4E, 0xCC8B, 0xC46A, 0xCC6A, 0xCC8B, 0xD4EC, 0xCC8B, 0xC44A, 0xC44A, 0xC44A, 0xC44A, 0xC42A, 0xC42A, 0xBC09,
    0xBBE9, 0xB3C8, 0xB3C8, 0xAB87, 0x9B06, 0x7A64, 0x7A44, 0x7A44, 0x7223, 0x7203, 0x69E2, 0x8AC5, 0xBBC7, 0xBBC7, 0xCC49, 0xCC69,
    0xCC69, 0xD48A, 0xD4CB, 0xD48A, 0xD48A, 0xD48A, 0xD4AB, 0xD4EB, 0xD4EB, 0xD4EB, 0xD4EB, 0xD4EB, 0xD4EC, 0xD4CB, 0xD4CB, 0xCC6A,
    0xC44A, 0xCC4A, 0xCC4A, 0xCC4A, 0xC429, 0xBBC8, 0xB387, 0xB387, 0xBBC7, 0xC3E7, 0xCC28, 0xCC28, 0xD469, 0xE50B, 0xDD0B, 0xDD0B,
    0xDD0B, 0xDD0B, 0xDD0B, 0xDD2C, 0xE58D, 0xE58E, 0xE5AE, 0xE5AE, 0xE5AE, 0xE5AF, 0xE58F, 0xE5AE, 0xE5AF, 0xE5AF, 0xE5AF, 0xDDAF,
    0xEE95, 0xEEB5, 0xEEB5, 0xF6F7, 0xF738, 0xF738, 0xFF59, 0xFF79, 0xFF79, 0xFF9A, 0xFF9A, 0xFF9A, 0xFF9A, 0xFF9A, 0xFF9A, 0xFF9A,
    0xFF9A, 0xFF79, 0xFF16, 0xFEF6, 0xFEF6, 0xFEF6, 0xFF16, 0xFF16, 0xFF16, 0xFF16, 0xFF16, 0xFF16, 0xFF16, 0xFF16, 0xFF16, 0xFF16,
    0xFEF6, 0xFF16, 0xFF16, 0xFF16, 0xFF16, 0xFF16, 0xFF16, 0xFF16, 0xFF16, 0xFF16, 0xFF16, 0xFF16, 0xFF16, 0xFF16, 0xFF16, 0xFF37,
    0xFF16, 0xFF16, 0xFF16, 0xFF16, 0xFF16, 0xFF16, 0xFF16, 0xFF16, 0xFF16, 0xFF16, 0xFF16, 0xFF16, 0xFF16, 0xFF16, 0xFF16, 0xFF36,
    0xFF36, 0xFF37, 0xFF37, 0xFF58, 0xFFBA, 0xFFBA, 0xFFBA, 0xFFBA, 0xFFBA, 0xFFBA, 0xFFBA, 0xFFBA, 0xFFFE, 0xCDB2, 0x82E7, 0xFFFC,
    0xFFFC, 0xFFDC, 0xFFFC, 0xFFFC, 0xFFFC, 0xFFFC, 0xFFFC, 0xFFFC, 0xFFDB, 0xF718, 0xEEB7, 0xEEB7, 0xEEB7, 0xEEB7, 0xEEB7, 0xEED7,
    0xF6F7, 0xEE96, 0xE655, 0xE675, 0xE675, 0xE675, 0xE675, 0xE675, 0xE675, 0xE675, 0xE675, 0xE675, 0xE675, 0xE675, 0xE675, 0xE675,
    0xE696, 0xE676, 0xE696, 0xEE96, 0xEE96, 0xE696, 0xE696, 0xEE96, 0xEE76, 0xEE96, 0xEE75, 0xEE75, 0xE654, 0xDDF2, 0xDDB1, 0xE612,
    0xEE54, 0xEE54, 0xEE53, 0xEE53, 0xE632, 0xE5F1, 0xEE74, 0xEE74, 0xEE74, 0xEE74, 0xEE74, 0xEE74, 0xEE75, 0xEE95, 0xE612, 0xE5D0,
    0xE632, 0xEE32, 0xE611, 0xE611, 0xE612, 0xEE53, 0xEE53, 0xEE53, 0xEE74, 0xEE33, 0xEE53, 0xEE54, 0xEE54, 0xEE54, 0xEE33, 0xE5F0,
    0xE5F0, 0xE5D0, 0xDD6E, 0xD52D, 0xCC6A, 0xCC6A, 0xCC8B, 0xD4EC, 0xCCAB, 0xC44A, 0xBBE9, 0xBC09, 0xBBE9, 0xBC09, 0xC42A, 0xC42A,
    0xC42A, 0xBC09, 0xBBE9, 0xAB87, 0x9B06, 0x7A64, 0x7A44, 0x7A44, 0x7A44, 0x7223, 0x6A03, 0x8AC4, 0xBBA7, 0xBBC7, 0xCC49, 0xCC49,
    0xD4AA, 0xDCEC, 0xDCEB, 0xDCEB, 0xD4CB, 0xD4AB, 0xD4AA, 0xD4EB, 0xD4EB, 0xD4EB, 0xD4EB, 0xD4EC, 0xD4EC, 0xD4EB, 0xD4CB, 0xCC8B,
    0xC44A, 0xCC4A, 0xCC4A, 0xCC4A, 0xC409, 0xBBA7, 0xB387, 0xB387, 0xC408, 0xCC48, 0xCC28, 0xD469, 0xDCAA, 0xDD0B, 0xDD0B, 0xDD0C,
    0xDD0B, 0xE54C, 0xDD4C, 0xDD4C, 0xDD2C, 0xE56D, 0xE5AE, 0xE58E, 0xE58E, 0xE58E, 0xE58E, 0xE58E, 0xDD8E, 0xE58E, 0xE58F, 0xDDAF,
    0xF6D6, 0xF6F7, 0xF6F7, 0xFF58, 0xFFBA, 0xFFBA, 0xFF9A, 0xFF9A, 0xFF9A, 0xFF9A, 0xFF9A, 0xFF9A, 0xFF9A, 0xFF9A, 0xFF9A, 0xFF9A,
    0xFF99, 0xFF9A, 0xFF16, 0xFF16, 0xFF16, 0xFF16, 0xFF16, 0xFF16, 0xFF16, 0xFF16, 0xFF16, 0xFF16, 0xFF16, 0xFEF6, 0xFEF6, 0xFF16,
    0xFF16, 0xFF16, 0xFF16, 0xFF16, 0xFF16, 0xFF16, 0xFF16, 0xFF16, 0xFF16, 0xFF16, 0xFF16, 0xFF16, 0xFF16, 0xFF37, 0xFF37, 0xFF16,
    0xFF16, 0xFF16, 0xFF16, 0xFF16, 0xFF16, 0xFF16, 0xFF16, 0xFF16, 0xFF16, 0xFF16, 0xFF16, 0xFF16, 0xFF16, 0xFF16, 0xFF16, 0xFF16,
    0xFF16, 0xFF36, 0xFF36, 0xFF37, 0xFF9A, 0xFFBA, 0xFFBA, 0xFFBA, 0xFFBA, 0xFFBA, 0xFFBA, 0xFFBA, 0xFFDB, 0xEF59, 0xE6F8, 0xB4AE,
    0xCD91, 0xFFFE, 0xFFFC, 0xFFFC, 0xFFFC, 0xFFFC, 0xFFFC, 0xFFFC, 0xFF9A, 0xF6D7, 0xF759, 0xF739, 0xEED7, 0xF6D7, 0xEED7, 0xF6D7,
    0xF6F7, 0xEE96, 0xE655, 0xF6F7, 0xF6D7, 0xE675, 0xEEB6, 0xEE96, 0xE675, 0xE675, 0xE675, 0xE675, 0xE675, 0xE675, 0xE675, 0xE675,
    0xE696, 0xE676, 0xE676, 0xE676, 0xE676, 0xE696, 0xE675, 0xE655, 0xEE96, 0xEE96, 0xEE75, 0xEE96, 0xE654, 0xDDF2, 0xE5F2, 0xE612,
    0xE633, 0xEE54, 0xEE53, 0xEE54, 0xEE54, 0xE611, 0xEE54, 0xEE74, 0xEE74, 0xEE74, 0xEE74, 0xEE74, 0xEE74, 0xEE74, 0xEE53, 0xE5F1,
    0xE611, 0xEE53, 0xEE33, 0xE611, 0xEE11, 0xE611, 0xEE33, 0xEE74, 0xEE74, 0xEE74, 0xEE54, 0xEE54, 0xEE54, 0xEE54, 0xEE54, 0xE611,
    0xDD4E, 0xDD2D, 0xDD2D, 0xD52D, 0xD50C, 0xCCAB, 0xC46A, 0xC46A, 0xCC8B, 0xC44A, 0xB3E9, 0xBBE9, 0xBBE9, 0xBBE9, 0xBC09, 0xC42A,
    0xC42A, 0xC44A, 0xB3A8, 0x8AA4, 0x8264, 0x7A44, 0x7A44, 0x7A43, 0x7A44, 0x92E5, 0x7223, 0x8AA4, 0xBBC7, 0xC3E8, 0xCC49, 0xCC49,
    0xCC6A, 0xD4AB, 0xDCEC, 0xDCEC, 0xDD0C, 0xDD0C, 0xDD0C, 0xDD0C, 0xD50C, 0xD50C, 0xDD2C, 0xD4EB, 0xD4EC, 0xD4EC, 0xD4EB, 0xD4CB,
    0xD4AB, 0xCC6A, 0xCC4A, 0xCC49, 0xC409, 0xB3A7, 0xB3A7, 0xB387, 0xBBC8, 0xCC49, 0xCC28, 0xD489, 0xDCCB, 0xD4CA, 0xDCEB, 0xDD0C,
    0xDD2C, 0xE54C, 0xE56D, 0xE56D, 0xE56D, 0xE58E, 0xE5AE, 0xE5AE, 0xE5AE, 0xE58E, 0xE58E, 0xE58E, 0xDD6E, 0xDD6E, 0xDD6E, 0xDDAF,
    0xF738, 0xFF58, 0xFF58, 0xFF79, 0xFF9A, 0xFF9A, 0xFF9A, 0xFF9A, 0xFF9A, 0xFF9A, 0xFF9A, 0xFF9A, 0xFF9A, 0xFF9A, 0xFF9A, 0xFF9A,
    0xFF99, 0xFF99, 0xFF16, 0xFF16, 0xFF16, 0xFF16, 0xFF16, 0xFF16, 0xFF16, 0xFF16, 0xFF16, 0xFF16, 0xFF16, 0xFF16, 0xFF16, 0xFF16,
    0xFF16, 0xFF16, 0xFF16, 0xFF16, 0xFF16, 0xFF16, 0xFF16, 0xFF16, 0xFF16, 0xFF16, 0xFF16, 0xFF16, 0xFF16, 0xFF37, 0xFF37, 0xFF16,
    0xFF16, 0xFF16, 0xFF16, 0xFF16, 0xFF16, 0xFF16, 0xFF16, 0xFF16, 0xFF16, 0xFF16, 0xFF16, 0xFF16, 0xFF36, 0xFF36, 0xFF36, 0xFF36,
    0xFF36, 0xFF16, 0xFF36, 0xFF57, 0xFFBA, 0xFFBA, 0xFFBA, 0xFFBA, 0xFFBA, 0xFFBA, 0xFFBA, 0xFFBB, 0xFFDB, 0xFFFB, 0xFFFD, 0x9307,
    0xAC0B, 0xF77B, 0xFFBB, 0xFFFC, 0xFFFC, 0xFFFC, 0xFFFC, 0xFFBB, 0xF759, 0xFF7A, 0xFFDB, 0xFF9A, 0xF6F7, 0xF6F8, 0xF6F8, 0xF6F8,
    0xF6F7, 0xEED7, 0xF6F7, 0xF718, 0xEED7, 0xEE96, 0xF718, 0xEEB6, 0xE696, 0xEE96, 0xE676, 0xE676, 0xE696, 0xE696, 0xE675, 0xE696,
    0xE696, 0xE675, 0xE675, 0xE675, 0xE675, 0xE696, 0xE675, 0xE654, 0xEE96, 0xEE96, 0xEE95, 0xEE96, 0xE654, 0xDDF2, 0xE5F2, 0xE5F1,
    0xE612, 0xEE54, 0xEE54, 0xEE54, 0xEE74, 0xE632, 0xEE54, 0xEE74, 0xEE74, 0xEE74, 0xEE74, 0xEE74, 0xEE74, 0xEE54, 0xEE54, 0xEE33,
    0xE632, 0xEE33, 0xEE74, 0xEE32, 0xEE11, 0xEE32, 0xEE33, 0xEE74, 0xEE74, 0xEE74, 0xEE74, 0xEE74, 0xEE32, 0xEE11, 0xEE12, 0xE611,
    0xDD6E, 0xDD2D, 0xD50C, 0xD50C, 0xDD2D, 0xCCCB, 0xCCAB, 0xCC8B, 0xCC8B, 0xC44A, 0xBBE9, 0xB3E9, 0xBBE9, 0xB3C9, 0xBBE9, 0xC42A,
    0xC42A, 0xC42A, 0xBBE9, 0x9B06, 0x7A64, 0x7A44, 0x7A44, 0x7244, 0x7A64, 0x9B26, 0x92E5, 0x9B05, 0xBBC7, 0xC408, 0xD48A, 0xCC8A,
    0xCC6A, 0xCC6A, 0xD4CB, 0xD4CB, 0xDCEB, 0xDD0C, 0xDD0C, 0xDD0C, 0xDD0C, 0xD50C, 0xDD2C, 0xDD2C, 0xD4EB, 0xD4CB, 0xD4CB, 0xD4CB,
    0xD4CB, 0xCC6A, 0xCC4A, 0xC409, 0xC408, 0xC3E8, 0xBBE8, 0xBBA7, 0xBBE8, 0xCC49, 0xCC49, 0xD48A, 0xDCAA, 0xD4CA, 0xDD0B, 0xDD2C,
    0xDD2C, 0xDD2C, 0xDD4C, 0xE56D, 0xE58E, 0xE58E, 0xE58E, 0xE58E, 0xE5AE, 0xE58E, 0xE58E, 0xE58E, 0xE58F, 0xE5AF, 0xE5AF, 0xE58F,
    0xFFBA, 0xFFBA, 0xFFBA, 0xFF9A, 0xFF9A, 0xFF9A, 0xFF9A, 0xFF9A, 0xFF9A, 0xFF9A, 0xFF9A, 0xFF9A, 0xFF9A, 0xFF9A, 0xFF9A, 0xFF9A,
    0xFF9A, 0xFF7A, 0xFF16, 0xFF16, 0xFF16, 0xFF16, 0xFF16, 0xFF16, 0xFF16, 0xFF16, 0xFF16, 0xFF16, 0xFF16, 0xFF16, 0xFF16, 0xFF16,
    0xFF16, 0xFF16, 0xFF16, 0xFF16, 0xFF16, 0xFF16, 0xFF16, 0xFF16, 0xFF16, 0xFF16, 0xFF16, 0xFF16, 0xFF16, 0xFF16, 0xFF16, 0xFF16,
    0xFF16, 0xFF16, 0xFF16, 0xFF16, 0xFF16, 0xFF16, 0xFF16, 0xFF16, 0xFF16, 0xFF16, 0xFF16, 0xFF16, 0xFF16, 0xFF36, 0xFF36, 0xFF16,
    0xFF36, 0xFF36, 0xFF16, 0xFF37, 0xFF99, 0xFFBA, 0xFFBA, 0xFFBA, 0xFFBA, 0xFFBA, 0xFFBA, 0xFF9A, 0xFFBA, 0xFF9A, 0xFFBA, 0xD5D2,
    0xBCCE, 0x8B07, 0xEF39, 0xFFFC, 0xFFFC, 0xFFFC, 0xFFFC, 0xFF9B, 0xFF9A, 0xFFFC, 0xFFFC, 0xFF7A, 0xF6F8, 0xF6F8, 0xF6F8, 0xF6F8,
    0xF6F7, 0xF6F7, 0xF6F7, 0xF6F7, 0xF718, 0xF6F7, 0xF718, 0xEEB6, 0xF6F7, 0xF718, 0xE696, 0xE696, 0xE696, 0xE696, 0xE675, 0xE696,
    0xE675, 0xE675, 0xE675, 0xE675, 0xE675, 0xE676, 0xE675, 0xE634, 0xEE96, 0xEE96, 0xEE95, 0xEE96, 0xE654, 0xDDF2, 0xE5F2, 0xDDF1,
    0xE612, 0xEE54, 0xEE53, 0xEE74, 0xEE74, 0xEE74, 0xEE74, 0xEE75, 0xEE74, 0xEE74, 0xEE74, 0xEE32, 0xEE52, 0xEE54, 0xEE53, 0xEE53,
    0xEE53, 0xEE54, 0xEE74, 0xEE74, 0xEE32, 0xEE54, 0xEE74, 0xEE74, 0xEE74, 0xEE74, 0xEE74, 0xEE94, 0xEE74, 0xE5F1, 0xE5AF, 0xE5AF,
    0xE5AF, 0xE58E, 0xDD2D, 0xD50C, 0xD50C, 0xD50C, 0xD50C, 0xCCAB, 0xC46A, 0xC44A, 0xC44A, 0xBC09, 0xB3E9, 0xBBE9, 0xBBE9, 0xBBC9,
    0xBBE9, 0xBBE8, 0xB3C8, 0xABA8, 0x92E6, 0x7A44, 0x7A44, 0x7A44, 0x7A64, 0x8AC5, 0xAB67, 0xB3A7, 0xBBC8, 0xC3E8, 0xD4AA, 0xD4AA,
    0xD4AA, 0xD4AA, 0xD4AA, 0xD4AA, 0xD4AA, 0xDCEB, 0xDD0C, 0xDD0C, 0xDD0C, 0xD4EB, 0xD50C, 0xDD2C, 0xD4EC, 0xD4AB, 0xCC8A, 0xCC8A,
    0xCC8A, 0xCC6A, 0xCC6A, 0xC409, 0xC3E8, 0xC3E8, 0xC3E8, 0xBBC7, 0xC408, 0xCC69, 0xD4AB, 0xDCCB, 0xDCCB, 0xD4EB, 0xDD2C, 0xDD4C,
    0xDD2C, 0xDD4C, 0xDD4C, 0xE58E, 0xE58E, 0xE5AE, 0xE5AE, 0xE5AE, 0xE5AE, 0xE5AF, 0xE58F, 0xE58F, 0xE58F, 0xE58F, 0xE5AF, 0xE58F,
    0xFF9A, 0xFF9A, 0xFF9A, 0xFF9A, 0xFF9A, 0xFF9A, 0xFF9A, 0xFF9A, 0xFF9A, 0xFF9A, 0xFF9A, 0xFF9A, 0xFF9A, 0xFF9A, 0xFF9A, 0xFF9A,
    0xFF9A, 0xFF9A, 0xFF16, 0xFF16, 0xFF16, 0xFF16, 0xFF16, 0xFF16, 0xFF16, 0xFF16, 0xFF16, 0xFF16, 0xFF16, 0xFF16, 0xFF16, 0xFF16,
    0xFF16, 0xFF16, 0xFF16, 0xFF16, 0xFF16, 0xFF16, 0xFF16, 0xFF16, 0xFF16, 0xFF16, 0xFF16, 0xFF16, 0xFF16, 0xFF16, 0xFF16, 0xFF16,
    0xFF16, 0xFF16, 0xFF16, 0xFF16, 0xFF16, 0xFF16, 0xFF16, 0xFF16, 0xFF16, 0xFF16, 0xFF16, 0xFF36, 0xFF36, 0xFF36, 0xFF37, 0xFF36,
    0xFF36, 0xFF36, 0xFF36, 0xFF36, 0xFF37, 0xFF99, 0xFFBA, 0xFF99, 0xFF99, 0xFF99, 0xFF99, 0xFF58, 0xFF57, 0xFF57, 0xFF37, 0xFFFA,
    0xE674, 0x7A03, 0xF79B, 0xFFFD, 0xFFDB, 0xFFFC, 0xFFFC, 0xFFFC, 0xFFFC, 0xFFFC, 0xFFFC, 0xFF7A, 0xF6F8, 0xF6F8, 0xF6F8, 0xF6F8,
    0xF6F8, 0xF6F8, 0xF6F8, 0xF6F8, 0xF718, 0xF718, 0xF718, 0xF6F8, 0xF718, 0xF718, 0xE696, 0xEE96, 0xEE96, 0xEE96, 0xE696, 0xE676,
    0xE696, 0xE675, 0xE675, 0xE676, 0xE676, 0xEE96, 0xE634, 0xDE13, 0xEE96, 0xEE96, 0xEE96, 0xEE96, 0xE654, 0xE612, 0xE613, 0xE5F1,
    0xE5F1, 0xEE53, 0xEE74, 0xEE74, 0xEE74, 0xEE74, 0xEE74, 0xEE74, 0xEE74, 0xEE74, 0xEE75, 0xEE12, 0xE5F0, 0xEE53, 0xEE53, 0xEE53,
    0xEE53, 0xEE74, 0xEE75, 0xEE75, 0xEE74, 0xEE74, 0xEE74, 0xEE74, 0xEE74, 0xEE74, 0xEE73, 0xEE53, 0xEE74, 0xEE73, 0xE5AF, 0xE58F,
    0xE58F, 0xE5AF, 0xE56E, 0xD50C, 0xD50C, 0xD4EC, 0xD4EC, 0xD4CB, 0xCC8B, 0xBC2A, 0xC42A, 0xC42A, 0xBC0A, 0xBC0A, 0xBC09, 0xB3C9,
    0xB3C8, 0xB3A8, 0xB3A8, 0xB3A8, 0x9B26, 0x7A43, 0x7A44, 0x7A44, 0x7223, 0x7223, 0xB3A7, 0xCC28, 0xC408, 0xC428, 0xD4AA, 0xD4AA,
    0xD4AA, 0xD4AA, 0xD4AA, 0xD4AA, 0xD4AA, 0xD4AB, 0xDD0C, 0xDD2C, 0xDD2C, 0xDD0C, 0xD4EB, 0xD4EB, 0xD4EC, 0xDD0C, 0xCCAA, 0xC44A,
    0xCC6A, 0xCC6A, 0xCC6A, 0xC409, 0xC408, 0xC3E8, 0xC429, 0xD48A, 0xD48A, 0xD4AA, 0xD4AB, 0xD4CB, 0xDD4C, 0xE54C, 0xDD4C, 0xDD2C,
    0xDD2C, 0xDD4C, 0xE58D, 0xE5AE, 0xE58E, 0xE5AE, 0xE5AE, 0xE5AE, 0xE5AE, 0xE5AF, 0xE58F, 0xE58F, 0xE58F, 0xE58F, 0xDD8E, 0xDD8E,
    0xFF9A, 0xFF9A, 0xFF9A, 0xFF9A, 0xFF9A, 0xFF9A, 0xFF9A, 0xFF9A, 0xFF9A, 0xFF9A, 0xFF9A, 0xFF9A, 0xFF9A, 0xFF9A, 0xFF7A, 0xFF9A,
    0xFF9A, 0xFF9A, 0xFF78, 0xFF16, 0xFF16, 0xFF16, 0xFF16, 0xFF16, 0xFF16, 0xFF16, 0xFF16, 0xFF16, 0xFF16, 0xFF16, 0xFF16, 0xFF16,
    0xFF16, 0xFF16, 0xFF16, 0xFF16, 0xFF16, 0xFF16, 0xFF16, 0xFF16, 0xFF16, 0xFF16, 0xFF16, 0xFF16, 0xFF16, 0xFF16, 0xFF16, 0xFF16,
    0xFF16, 0xFF16, 0xFF16, 0xFF16, 0xFF16, 0xFF16, 0xFF16, 0xFF16, 0xFF16, 0xFF16, 0xFF16, 0xFF36, 0xFF36, 0xFF36, 0xFF36, 0xFF36,
    0xFF58, 0xFF79, 0xFF79, 0xFF99, 0xFF99, 0xFF99, 0xFF58, 0xFF37, 0xFF37, 0xFF37, 0xFF57, 0xFF57, 0xFF57, 0xFF57, 0xFF57, 0xFF58,
    0xEED5, 0xC550, 0xAC6C, 0xBD71, 0xFFFE, 0xFFFB, 0xFFFC, 0xFFFC, 0xFFFC, 0xFFFC, 0xFFFC, 0xFF7A, 0xF77A, 0xFFBB, 0xFFDB, 0xFF7A,
    0xF6F8, 0xF718, 0xF718, 0xF718, 0xF6F8, 0xF6F8, 0xF718, 0xF718, 0xF718, 0xF718, 0xEED7, 0xEED7, 0xEE96, 0xEE96, 0xE696, 0xE696,
    0xE695, 0xE675, 0xE676, 0xE675, 0xE675, 0xEE96, 0xE633, 0xE613, 0xEE96, 0xEE96, 0xEE96, 0xEE96, 0xEE75, 0xE655, 0xE654, 0xE5F1,
    0xE5F1, 0xEE53, 0xEE54, 0xEE74, 0xEE74, 0xEE74, 0xEE75, 0xEE75, 0xEE74, 0xEE74, 0xEE75, 0xEE32, 0xE5F0, 0xEE32, 0xEE53, 0xEE53,
    0xE652, 0xEE74, 0xEE74, 0xEE75, 0xEE75, 0xEE75, 0xEE75, 0xEE74, 0xEE74, 0xEE74, 0xEE74, 0xEE53, 0xE611, 0xE612, 0xE5D0, 0xDD8E,
    0xE58F, 0xE5AF, 0xE58E, 0xDD4D, 0xD50C, 0xD4EC, 0xD4EC, 0xD4EB, 0xD4CB, 0xC46A, 0xBC2A, 0xC42A, 0xC42A, 0xBC2A, 0xBC2A, 0xC42A,
    0xBBE9, 0xB3C8, 0xB3A8, 0x92E6, 0x82A5, 0x7A44, 0x7A44, 0x7A63, 0x92C5, 0x92C5, 0xBBC7, 0xCC49, 0xCC29, 0xCC49, 0xD4AA, 0xD4CB,
    0xDCCB, 0xD4AB, 0xD48A, 0xD48B, 0xD4AB, 0xD4AA, 0xDD0C, 0xDD2C, 0xDD2C, 0xDD2C, 0xDD0C, 0xDD2C, 0xD4EB, 0xCCAA, 0xCC8A, 0xCC6A,
    0xCC6A, 0xCC6A, 0xCC4A, 0xC408, 0xC408, 0xC3E8, 0xC409, 0xD48A, 0xDCCB, 0xDCCB, 0xD4AB, 0xD4CB, 0xDD2C, 0xDD4C, 0xDD6D, 0xE56D,
    0xE56D, 0xDD4D, 0xE56D, 0xE58E, 0xE5AF, 0xE5AE, 0xE5AE, 0xE5AE, 0xE5AE, 0xE5AF, 0xE5AF, 0xE5AF, 0xE58E, 0xE58F, 0xDD8F, 0xDD8E,
    0xFF9A, 0xFF9A, 0xFF9A, 0xFF9A, 0xFF9A, 0xFF9A, 0xFF9A, 0xFF9A, 0xFF9A, 0xFF9A, 0xFF9A, 0xFF9A, 0xFF9A, 0xFF9A, 0xFF9A, 0xFF9A,
    0xFF9A, 0xFF9A, 0xFF9A, 0xFF37, 0xFF16, 0xFF16, 0xFF16, 0xFF16, 0xFF16, 0xFF16, 0xFF16, 0xFF16, 0xFF16, 0xFF16, 0xFF16, 0xFF16,
    0xFF16, 0xFF16, 0xFF16, 0xFF16, 0xFF16, 0xFF16, 0xFF16, 0xFF16, 0xFF16, 0xFF16, 0xFF16, 0xFF16, 0xFF16, 0xFF16, 0xFF16, 0xFF16,
    0xFF16, 0xFF16, 0xFF16, 0xFF16, 0xFF16, 0xFF16, 0xFF16, 0xFF16, 0xFF16, 0xFF16, 0xFF16, 0xFF37, 0xFF79, 0xFF79, 0xFF78, 0xFF78,
    0xFF9A, 0xFFBA, 0xFFBA, 0xFFBA, 0xFFBA, 0xFF79, 0xFF37, 0xFF37, 0xFF57, 0xFF57, 0xFF57, 0xFF57, 0xFF57, 0xFF57, 0xFF57, 0xFF57,
    0xFF78, 0xFFFB, 0x9B89, 0xA40B, 0xE6B6, 0xF79A, 0xFFFC, 0xFFFC, 0xFFFC, 0xFFFC, 0xFFFC, 0xFFDB, 0xFFFC, 0xFFFC, 0xFFFC, 0xFF9A,
    0xF6F8, 0xF719, 0xF759, 0xF6F8, 0xF718, 0xF718, 0xF718, 0xF718, 0xF718, 0xF718, 0xF718, 0xF6F8, 0xEE96, 0xEE96, 0xEE96, 0xEE95,
    0xE675, 0xE676, 0xE676, 0xE675, 0xE655, 0xEE96, 0xE613, 0xE613, 0xEE96, 0xE675, 0xEE75, 0xEE75, 0xEE75, 0xE675, 0xE654, 0xE5F1,
    0xE5F1, 0xEE53, 0xE653, 0xEE74, 0xEE75, 0xEE74, 0xEE74, 0xEE95, 0xEE53, 0xEE32, 0xEE74, 0xE631, 0xE5D0, 0xE5F1, 0xEE53, 0xEE53,
    0xE633, 0xEE55, 0xEE75, 0xEE75, 0xEE75, 0xEE75, 0xEE75, 0xEE75, 0xEE74, 0xEE74, 0xEE74, 0xEE53, 0xEE32, 0xEE11, 0xE5F0, 0xE5AF,
    0xE58F, 0xE5AF, 0xE5AF, 0xE58E, 0xD50C, 0xD4EC, 0xD4EC, 0xD4EB, 0xCCAB, 0xCC8B, 0xC44A, 0xC44A, 0xC44A, 0xC44A, 0xC44A, 0xC44A,
    0xC44A, 0xBBE9, 0xB3A9, 0x8284, 0x7A43, 0x7A44, 0x7A43, 0x8264, 0xB3A7, 0xC408, 0xC408, 0xCC49, 0xCC49, 0xCC49, 0xDCEB, 0xDD0B,
    0xDD0C, 0xDD0C, 0xDCEB, 0xDD0B, 0xDD0C, 0xDD2C, 0xDD2C, 0xDD2C, 0xDD2C, 0xDD2C, 0xE54D, 0xDD4C, 0xDD2C, 0xCCAA, 0xCC6A, 0xCC6A,
    0xCC6A, 0xCC69, 0xCC49, 0xCC29, 0xCC29, 0xC3E8, 0xC3E8, 0xD48A, 0xD4CB, 0xD4AB, 0xDCCB, 0xDD0C, 0xDD4C, 0xDD4C, 0xE56D, 0xE5AE,
    0xE5AE, 0xE58E, 0xE56D, 0xE58E, 0xE5AF, 0xE5AE, 0xE5AF, 0xE5AF, 0xE5AE, 0xE5AF, 0xE5AF, 0xE5AF, 0xE58F, 0xE58F, 0xE58F, 0xDD8F,
    0xFF9A, 0xFF9A, 0xFF9A, 0xFF9A, 0xFF9A, 0xFF9A, 0xFF9A, 0xFF9A, 0xFF9A, 0xFF9A, 0xFF9A, 0xFF9A, 0xFF9A, 0xFF7A, 0xFF7A, 0xFF7A,
    0xFF9A, 0xFF9A, 0xFF99, 0xFF17, 0xFF16, 0xFF16, 0xFF16, 0xFF16, 0xFF16, 0xFF16, 0xFF16, 0xFF16, 0xFF16, 0xFF16, 0xFF16, 0xFF16,
    0xFF16, 0xFF16, 0xFF16, 0xFF16, 0xFF16, 0xFF16, 0xFF16, 0xFF16, 0xFF16, 0xFF16, 0xFF16, 0xFF16, 0xFF16, 0xFF16, 0xFF16, 0xFF36,
    0xFF16, 0xFF16, 0xFF16, 0xFF16, 0xFF16, 0xFF57, 0xFF78, 0xFF78, 0xFF78, 0xFF78, 0xFF78, 0xFF99, 0xFFBA, 0xFFBA, 0xFFBA, 0xFFBA,
    0xFFBA, 0xFFBA, 0xFFBA, 0xFFBA, 0xFFBA, 0xFF79, 0xFF37, 0xFF57, 0xFF37, 0xFF37, 0xFF37, 0xFF57, 0xFF57, 0xFF57, 0xFF57, 0xFF57,
    0xFF57, 0xFF37, 0xFFB9, 0xD5B1, 0x92A4, 0xF79B, 0xFFFD, 0xFFDC, 0xFFFC, 0xFFFC, 0xFFFC, 0xFFFC, 0xFFFC, 0xFFFC, 0xF77A, 0xF739,
    0xF6F8, 0xF759, 0xFF9B, 0xF739, 0xF718, 0xF718, 0xF718, 0xF718, 0xF718, 0xF718, 0xF718, 0xF6F7, 0xEE96, 0xEE96, 0xEE74, 0xEE95,
    0xEE96, 0xE676, 0xE676, 0xE675, 0xE633, 0xE613, 0xE5F2, 0xE633, 0xEE75, 0xE613, 0xEE55, 0xE675, 0xE675, 0xE655, 0xE674, 0xE5F1,
    0xE5F1, 0xEE53, 0xE632, 0xEE74, 0xEE75, 0xEE53, 0xEE52, 0xEE74, 0xEE53, 0xEE11, 0xE631, 0xEE11, 0xE5F0, 0xE611, 0xEE53, 0xEE75,
    0xEE75, 0xEE75, 0xEE75, 0xEE75, 0xEE75, 0xEE75, 0xEE74, 0xEE74, 0xEE73, 0xEE53, 0xEE73, 0xEE73, 0xEE32, 0xE611, 0xE5F0, 0xE5F0,
    0xE5AF, 0xE5AF, 0xE5AF, 0xE5AE, 0xDD6E, 0xDD4D, 0xD50C, 0xD4EC, 0xCC8A, 0xC44A, 0xC46A, 0xC44A, 0xC44A, 0xC44A, 0xC44A, 0xC44A,
    0xC44A, 0xBC09, 0xABA8, 0x92E6, 0x7A44, 0x7A44, 0x7223, 0x8263, 0xAB86, 0xCC49, 0xCC49, 0xCC49, 0xCC49, 0xCC49, 0xDCEB, 0xDD0C,
    0xDD0C, 0xDD2C, 0xDD4C, 0xDD4C, 0xDD4C, 0xDD2C, 0xDD2C, 0xDD2C, 0xDD4C, 0xDD2C, 0xDD2C, 0xDD2C, 0xDD4C, 0xE54C, 0xD48A, 0xCC6A,
    0xCC6A, 0xCC69, 0xCC49, 0xCC49, 0xCC49, 0xCC49, 0xD48A, 0xD4AB, 0xD4AB, 0xD4AA, 0xDD0B, 0xE54C, 0xDD4C, 0xDD4C, 0xDD4D, 0xE5AE,
    0xE5AE, 0xE5AF, 0xE5AF, 0xE5AF, 0xE5CF, 0xE5CF, 0xE5AE, 0xE58E, 0xE5AF, 0xE5AF, 0xE5AF, 0xE5AF, 0xE5AF, 0xE5AF, 0xE5AF, 0xD54E,
    0xFFBA, 0xFF9A, 0xFF9A, 0xFF9A, 0xFF9A, 0xFF9A, 0xFF9A, 0xFF9A, 0xFF9A, 0xFF9A, 0xFF9A, 0xFF9A, 0xFF9A, 0xFF9A, 0xFF9A, 0xFF7A,
    0xFF9A, 0xFF9A, 0xFF99, 0xFF37, 0xFF16, 0xFF16, 0xFF16, 0xFF16, 0xFF16, 0xFF16, 0xFF16, 0xFF16, 0xFF16, 0xFF16, 0xFF16, 0xFF16,
    0xFF16, 0xF716, 0xFF16, 0xFF16, 0xFF16, 0xFF16, 0xFF16, 0xFF16, 0xFF16, 0xFF16, 0xFF16, 0xFF16, 0xFF16, 0xFF16, 0xFF16, 0xFF36,
    0xFF37, 0xFF37, 0xFF37, 0xFF37, 0xFF37, 0xFF99, 0xFFBB, 0xFFBA, 0xFFBB, 0xFFBB, 0xFFBB, 0xFFBB, 0xFFBA, 0xFFBA, 0xFFBA, 0xFFBA,
    0xFFBA, 0xFFBA, 0xFFBA, 0xFFBA, 0xFFBA, 0xFF99, 0xFF57, 0xFF57, 0xFF37, 0xFF57, 0xFF57, 0xFF37, 0xFF57, 0xFF57, 0xFF57, 0xFF57,
    0xFF58, 0xFF57, 0xFFD9, 0xD591, 0x8A43, 0xE6D6, 0xFFDB, 0xFFDB, 0xFFFC, 0xFFFC, 0xFFFC, 0xFFFC, 0xFFFC, 0xFFFC, 0xF77A, 0xF6D7,
    0xF6F8, 0xFFBB, 0xFFFC, 0xFF79, 0xF718, 0xF718, 0xF718, 0xF718, 0xF718, 0xF718, 0xEED7, 0xEED6, 0xEEB6, 0xEE96, 0xEE74, 0xEEB6,
    0xEEB6, 0xEE95, 0xEE96, 0xEE75, 0xE5F1, 0xE5F1, 0xE5F1, 0xE633, 0xE674, 0xDDD1, 0xE612, 0xE675, 0xE655, 0xE655, 0xE655, 0xE5F1,
    0xE5F1, 0xEE52, 0xE611, 0xE632, 0xEE74, 0xEE54, 0xE610, 0xEE32, 0xEE53, 0xEE11, 0xEE10, 0xEE11, 0xEE11, 0xEE32, 0xEE54, 0xEE74,
    0xEE75, 0xEE75, 0xEE75, 0xEE75, 0xEE75, 0xEE75, 0xEE53, 0xEE52, 0xEE52, 0xE611, 0xE612, 0xEE52, 0xEE11, 0xE5F0, 0xE5F0, 0xE5F0,
    0xE5CF, 0xE5AF, 0xE5AF, 0xE5AF, 0xDD6D, 0xDD6D, 0xDD2C, 0xD50C, 0xCC8A, 0xC44A, 0xC42A, 0xC44A, 0xC46B, 0xC46A, 0xC44A, 0xC44A,
    0xBC09, 0xB3C8, 0xABA8, 0x8AC6, 0x7A44, 0x7A64, 0x92E5, 0x9AE5, 0xAB86, 0xCC49, 0xCC49, 0xCC49, 0xCC49, 0xCC49, 0xDCEB, 0xDD0C,
    0xDD0C, 0xD4EB, 0xDCEB, 0xE58D, 0xE58D, 0xE54D, 0xDD2C, 0xDD2C, 0xDD2C, 0xDD2C, 0xDD2C, 0xDD0C, 0xDD2C, 0xDD2C, 0xCC8A, 0xCC6A,
    0xCC6A, 0xCC49, 0xCC49, 0xCC49, 0xCC49, 0xCC49, 0xD4CB, 0xDCCB, 0xD4AB, 0xD4AB, 0xDD0C, 0xE56C, 0xDD4C, 0xDD4C, 0xDD4D, 0xE5AE,
    0xE5AF, 0xE5AE, 0xE5AF, 0xE5CF, 0xE5CF, 0xE5CF, 0xE58E, 0xDD4D, 0xE58E, 0xE58E, 0xE5AF, 0xE5AF, 0xE5AF, 0xE58F, 0xE5D0, 0x9307,
    0xFFBA, 0xFF9A, 0xFF9A, 0xFF9A, 0xFF9A, 0xFF9A, 0xFF9A, 0xFF9A, 0xFF9A, 0xFF9A, 0xFF9A, 0xFF9A, 0xFF9A, 0xFF9A, 0xFF9A, 0xFF7A,
    0xFF9A, 0xFF9A, 0xFF9A, 0xFF79, 0xFF16, 0xFF16, 0xFF16, 0xFF16, 0xFF16, 0xFF16, 0xFF16, 0xFF16, 0xFF16, 0xFF16, 0xFF16, 0xFF16,
    0xFEF6, 0xFF16, 0xFF16, 0xFF16, 0xFF16, 0xFF16, 0xFF16, 0xFF16, 0xFF16, 0xFF16, 0xFF16, 0xFF16, 0xFF16, 0xFF17, 0xFF37, 0xFF37,
    0xFF9A, 0xFF9A, 0xFF9A, 0xFF9A, 0xFF9A, 0xFF9A, 0xFF9A, 0xFFBA, 0xFFBA, 0xFFBA, 0xFFBA, 0xFFBA, 0xFFBA, 0xFFBB, 0xFFBB, 0xFFBB,
    0xFFBA, 0xFFBA, 0xFFBA, 0xFFBA, 0xFFBA, 0xFFBA, 0xFF99, 0xFF37, 0xFF37, 0xFF57, 0xFF57, 0xFF57, 0xFF57, 0xFF57, 0xFF57, 0xFF57,
    0xFF58, 0xFF58, 0xFF78, 0xEED5, 0xD5B1, 0x92E5, 0xD5F3, 0xFFFF, 0xFFDB, 0xFFFC, 0xFFFC, 0xFFFC, 0xFFFC, 0xFFFC, 0xF759, 0xF6D7,
    0xF759, 0xFFDB, 0xF77A, 0xF759, 0xFF79, 0xFF59, 0xF718, 0xF718, 0xF738, 0xF6F8, 0xEEB6, 0xEEB6, 0xEEB6, 0xEEB6, 0xEE74, 0xEEB6,
    0xEEB6, 0xEE95, 0xEE95, 0xEE95, 0xE653, 0xE5F1, 0xE5F1, 0xE612, 0xE612, 0xE5D1, 0xE612, 0xEE75, 0xE654, 0xE654, 0xE675, 0xE5F1,
    0xE5F0, 0xE611, 0xE611, 0xE611, 0xEE54, 0xEE54, 0xE610, 0xE5F0, 0xE632, 0xEE32, 0xEE11, 0xEE11, 0xEE53, 0xEE74, 0xEE74, 0xEE54,
    0xEE74, 0xEE74, 0xEE75, 0xEE74, 0xE653, 0xEE75, 0xEE53, 0xEE32, 0xEE52, 0xEE32, 0xE611, 0xE5F1, 0xE5F0, 0xE5F0, 0xE5F0, 0xE5F0,
    0xE5CF, 0xE5CF, 0xE5AF, 0xE5AF, 0xDD6D, 0xD4EB, 0xDD2C, 0xDD2C, 0xCCAB, 0xC46A, 0xC44A, 0xC44A, 0xC44A, 0xC46B, 0xC46B, 0xC46B,
    0xC44A, 0xBC09, 0xABA8, 0x8AE6, 0x7A44, 0x7A64, 0xAB46, 0xB366, 0xB3A6, 0xCC49, 0xCC49, 0xCC49, 0xCC49, 0xCC69, 0xDD0B, 0xDD2C,
    0xDD2C, 0xDCEB, 0xDCEB, 0xE56D, 0xE58E, 0xE58E, 0xDD4D, 0xDD2C, 0xDD2D, 0xDD4C, 0xDD2C, 0xDCEC, 0xDCEB, 0xDCEC, 0xD4CB, 0xD48A,
    0xCC69, 0xCC49, 0xCC49, 0xCC49, 0xCC49, 0xCC49, 0xD4AA, 0xDCEB, 0xDCEB, 0xDCCB, 0xDCEB, 0xDD4C, 0xDD4C, 0xE56D, 0xE56D, 0xE5AE,
    0xE5AF, 0xE5AF, 0xE5AF, 0xE5CF, 0xE5CF, 0xE5AF, 0xE5AF, 0xE58E, 0xDD4D, 0xDD4D, 0xE58E, 0xE5AF, 0xE5AF, 0xE58F, 0xE5CF, 0x92E6,
    0xFF9A, 0xFF9A, 0xFF9A, 0xFF9A, 0xFF9A, 0xFF9A, 0xFF9A, 0xFF9A, 0xFF9A, 0xFF9A, 0xFF9A, 0xFF9A, 0xFF9A, 0xFF9A, 0xFF9A, 0xFF9A,
    0xFF9A, 0xFF9A, 0xFF9A, 0xFF79, 0xFF16, 0xFF16, 0xFF16, 0xFF16, 0xFF16, 0xFF16, 0xFF16, 0xFF16, 0xFF16, 0xFF16, 0xFF16, 0xFF16,
    0xFF16, 0xFF16, 0xFF16, 0xFF16, 0xFF15, 0xFF15, 0xFF16, 0xFF16, 0xFF16, 0xFF16, 0xF716, 0xFF79, 0xFF99, 0xFF79, 0xFF99, 0xFF99,
    0xFF9A, 0xFF9A, 0xFF9A, 0xFF9A, 0xFF9A, 0xFF9A, 0xFF9A, 0xFFBA, 0xFFBA, 0xFFBA, 0xFFBA, 0xFFBA, 0xFFBB, 0xFFBB, 0xFFBB, 0xFFBB,
    0xFFBA, 0xFFBA, 0xFFBA, 0xFFBA, 0xFFBA, 0xFFBA, 0xFF99, 0xFF37, 0xFF57, 0xFF57, 0xFF57, 0xFF57, 0xFF57, 0xFF57, 0xFF57, 0xFF57,
    0xFF57, 0xFF58, 0xFF57, 0xFF78, 0xFFB9, 0xAC0B, 0xB4AE, 0xD635, 0xFFDB, 0xFFFC, 0xFFFC, 0xFFFC, 0xFFFC, 0xFFFC, 0xF77A, 0xF739,
    0xFFFC, 0xFFDB, 0xF719, 0xF75A, 0xFFDB, 0xFF9A, 0xF718, 0xF718, 0xF718, 0xEED7, 0xEEB6, 0xEEB6, 0xEEB6, 0xEEB6, 0xEE74, 0xEEB6,
    0xEEB6, 0xEEB5, 0xEEB6, 0xEEB6, 0xEEB5, 0xE5F1, 0xE5D1, 0xE5F1, 0xE5D0, 0xE5F1, 0xE612, 0xEE75, 0xE634, 0xE654, 0xEE74, 0xE611,
    0xE5F0, 0xE5F1, 0xE611, 0xE611, 0xE632, 0xEE31, 0xE5F0, 0xE5F0, 0xE610, 0xEE53, 0xEE31, 0xEE11, 0xEE53, 0xEE75, 0xEE74, 0xEE74,
    0xEE74, 0xEE74, 0xEE75, 0xEE74, 0xE652, 0xEE53, 0xEE53, 0xE632, 0xE611, 0xEE52, 0xEE31, 0xE5F0, 0xE5F0, 0xE5F0, 0xE5F0, 0xE5F0,
    0xE5CF, 0xE5CF, 0xE5CF, 0xE5AE, 0xE5AE, 0xDD4D, 0xCCCB, 0xD4EC, 0xD4EC, 0xCCAB, 0xC44A, 0xC44A, 0xC44A, 0xC44A, 0xC46B, 0xC46B,
    0xCC8B, 0xBC2A, 0xABA8, 0xA367, 0x82A5, 0x7A63, 0xA325, 0xB386, 0xC3E7, 0xCC49, 0xCC49, 0xCC49, 0xCC49, 0xD48A, 0xDD2C, 0xDD2C,
    0xE56D, 0xDCEB, 0xD4CB, 0xE56D, 0xE58D, 0xE58D, 0xE58E, 0xE56D, 0xDD4C, 0xDD2D, 0xDD2C, 0xDD0C, 0xDCEC, 0xDCEC, 0xDD0C, 0xD4CB,
    0xCC49, 0xCC49, 0xCC49, 0xCC49, 0xCC69, 0xCC69, 0xD4AA, 0xDCEB, 0xDD0B, 0xDD0B, 0xDD0B, 0xDCEB, 0xDD4C, 0xE5AE, 0xE5AE, 0xE5AF,
    0xE5AF, 0xE5CF, 0xE5CF, 0xE5CF, 0xE5CF, 0xE5CF, 0xE5CF, 0xE5CF, 0xE5AF, 0xDD4E, 0xDD4D, 0xDD6E, 0xE5AF, 0xE58F, 0xE5CF, 0x9306,
    0xFF9A, 0xFF9A, 0xFF9A, 0xFF9A, 0xFF9A, 0xFF9A, 0xFF9A, 0xFF9A, 0xFF9A, 0xFF9A, 0xFFBA, 0xFF9A, 0xFF9A, 0xFF9A, 0xFF9A, 0xFF9A,
    0xFF9A, 0xFF9A, 0xFF9A, 0xFF79, 0xFF16, 0xFF16, 0xFF16, 0xFF16, 0xFF16, 0xFF16, 0xFF16, 0xFF16, 0xFF16, 0xFF16, 0xFF16, 0xFF16,
    0xFF16, 0xFF16, 0xFEF6, 0xFF16, 0xFF57, 0xFF58, 0xFF58, 0xFF58, 0xFF78, 0xFF78, 0xFF78, 0xFF9A, 0xFF9A, 0xFF9A, 0xFF9A, 0xFF9A,
    0xFF9A, 0xFF9A, 0xFF9A, 0xFF9A, 0xFF9A, 0xFF9A, 0xFF9A, 0xFFBA, 0xFFBA, 0xFFBA, 0xFFBA, 0xFFBA, 0xFFBB, 0xFFBB, 0xFFBB, 0xFFBB,
    0xFFBA, 0xFFBA, 0xFFBA, 0xFFBA, 0xFFBA, 0xFFBA, 0xFF9A, 0xFF57, 0xFF57, 0xFF57, 0xFF57, 0xFF57, 0xFF57, 0xFF57, 0xFF57, 0xFF57,
    0xFF57, 0xFF57, 0xFF57, 0xFF57, 0xFF57, 0xFFF9, 0xB4AD, 0x82A6, 0xE717, 0xF79A, 0xFFDC, 0xFFFC, 0xFFFC, 0xFFFC, 0xFFFC, 0xFFDB,
    0xFFDB, 0xFFDB, 0xF739, 0xFF7A, 0xFFDB, 0xF77A, 0xF718, 0xF738, 0xEED6, 0xEEB6, 0xEEB6, 0xF6D7, 0xEEB6, 0xEEB6, 0xEE95, 0xEEB6,
    0xEEB6, 0xEEB6, 0xEEB6, 0xEEB6, 0xEE95, 0xE5F1, 0xE5F1, 0xE5F2, 0xE5D1, 0xE633, 0xEE53, 0xE612, 0xE633, 0xE653, 0xE612, 0xE611,
    0xE5F0, 0xE5F0, 0xE611, 0xEE11, 0xE611, 0xE610, 0xE611, 0xE610, 0xE610, 0xEE53, 0xEE53, 0xE631, 0xEE53, 0xEE75, 0xEE74, 0xEE74,
    0xEE75, 0xEE75, 0xEE54, 0xEE53, 0xEE52, 0xEE53, 0xEE53, 0xE611, 0xE611, 0xEE31, 0xEE11, 0xE5F1, 0xE5F0, 0xE5F0, 0xE5F0, 0xEDF0,
    0xE5EF, 0xE5AE, 0xDD4D, 0xE58E, 0xE5CF, 0xE5AE, 0xD4EC, 0xCCAB, 0xD4AB, 0xCCAB, 0xCCAB, 0xC46A, 0xC44A, 0xC44A, 0xC44A, 0xC42A,
    0xC42A, 0xABA8, 0x9B06, 0x8AA5, 0x8284, 0x9B05, 0xAB45, 0xBBE7, 0xCC29, 0xCC29, 0xCC49, 0xCC49, 0xCC28, 0xCC89, 0xDD2C, 0xDD2C,
    0xE54C, 0xDD2C, 0xDD4C, 0xE58D, 0xE58D, 0xE58D, 0xE58E, 0xE5AE, 0xE58D, 0xDD4D, 0xDD4D, 0xDD2C, 0xD50C, 0xDCEC, 0xDD0C, 0xD4CB,
    0xCC69, 0xCC49, 0xCC49, 0xCC49, 0xD4AA, 0xD48A, 0xD48A, 0xD4AB, 0xDCEB, 0xDD0B, 0xDD0B, 0xDD2C, 0xE56D, 0xE58E, 0xE5AE, 0xE5AF,
    0xE5AF, 0xE5CF, 0xE5AE, 0xDD6D, 0xE56E, 0xE58E, 0xE5CF, 0xE5CF, 0xE5CF, 0xE5AF, 0xE5AF, 0xDD6E, 0xDD8F, 0xE58F, 0xE5CF, 0x9307,
    0xFF9A, 0xFF9A, 0xFF9A, 0xFF9A, 0xFF9A, 0xFF9A, 0xFF9A, 0xFF9A, 0xFF9A, 0xFF9A, 0xFF9A, 0xFF9A, 0xFF9A, 0xFF9A, 0xFF9A, 0xFF9A,
    0xFF9A, 0xFF9A, 0xFF9A, 0xFF79, 0xFF37, 0xFF16, 0xFF16, 0xFF16, 0xFF16, 0xFF16, 0xFF16, 0xFF16, 0xFF16, 0xFF16, 0xFF16, 0xFF16,
    0xFF16, 0xFF16, 0xFEF6, 0xFF17, 0xFF9A, 0xFF9A, 0xFF9A, 0xFF9A, 0xFF9A, 0xFFBA, 0xFF9A, 0xFF9A, 0xFF9A, 0xFF9A, 0xFF9A, 0xFF9A,
    0xFF9A, 0xFF9A, 0xFF9A, 0xFF9A, 0xFF9A, 0xFF9A, 0xFF9A, 0xFF9A, 0xFFBA, 0xFFBA, 0xFFBA, 0xFFBA, 0xFFBA, 0xFFBB, 0xFFBB, 0xFFBB,
    0xFFBA, 0xFFBA, 0xFFBA, 0xFFBA, 0xFFBA, 0xFFBA, 0xFFBA, 0xFF79, 0xFF57, 0xFF57, 0xFF57, 0xFF57, 0xFF57, 0xFF57, 0xFF57, 0xFF57,
    0xFF57, 0xFF57, 0xFF57, 0xFF57, 0xFF58, 0xFF58, 0xFF77, 0xE694, 0x8A85, 0xC591, 0xFFFE, 0xFFBB, 0xFFDB, 0xFFFC, 0xFFFC, 0xFFDC,
    0xFFFC, 0xFFDB, 0xF739, 0xFF7A, 0xFFDB, 0xF779, 0xF718, 0xF738, 0xEEB6, 0xEEB6, 0xFF38, 0xF6F8, 0xEEB6, 0xEEB6, 0xEEB6, 0xEEB6,
    0xEEB6, 0xEEB6, 0xEEB6, 0xEEB6, 0xEE95, 0xEE53, 0xEE74, 0xE612, 0xDDD1, 0xE654, 0xEE54, 0xE611, 0xEE53, 0xE652, 0xE611, 0xE611,
    0xE5F1, 0xE5F0, 0xE611, 0xEE52, 0xEE32, 0xE611, 0xEE54, 0xEE32, 0xE610, 0xEE53, 0xEE74, 0xEE53, 0xEE74, 0xEE75, 0xEE74, 0xEE74,
    0xEE75, 0xEE75, 0xEE53, 0xE653, 0xEE53, 0xEE53, 0xEE53, 0xE611, 0xE611, 0xE5F1, 0xE611, 0xE611, 0xE5F1, 0xE5F1, 0xE5D0, 0xE5CF,
    0xE5CF, 0xE5AF, 0xDD6D, 0xD52C, 0xDD4D, 0xE58D, 0xE58D, 0xD4CB, 0xCCAB, 0xCCAB, 0xCC8B, 0xC44A, 0xC44A, 0xC46A, 0xC46A, 0xBC29,
    0xB3C8, 0x9B26, 0x92C5, 0x7A44, 0x8263, 0xAB46, 0xAB45, 0xC408, 0xCC69, 0xCC49, 0xCC49, 0xCC49, 0xCC69, 0xD4AA, 0xDD2C, 0xDD2C,
    0xDD4C, 0xE54D, 0xE56D, 0xE58D, 0xE58D, 0xE58E, 0xE58E, 0xE58E, 0xDD6D, 0xDD4C, 0xE54D, 0xDD4D, 0xD4EB, 0xD4AB, 0xD4CB, 0xD4AA,
    0xD46A, 0xCC69, 0xCC49, 0xCC49, 0xD4CB, 0xD4AB, 0xD48A, 0xD48A, 0xD4AB, 0xDD0B, 0xDD0B, 0xE56D, 0xE5AF, 0xE58E, 0xDD8E, 0xE58E,
    0xE5AF, 0xE5AF, 0xE5AF, 0xE58E, 0xDD6D, 0xDD4D, 0xE5AF, 0xE5CF, 0xE5CF, 0xE5CF, 0xE5CF, 0xE5CF, 0xE5AF, 0xDD8F, 0xE5AF, 0x92E7,
    0xFF9A, 0xFF9A, 0xFF9A, 0xFF9A, 0xFF9A, 0xFF9A, 0xFF9A, 0xFF9A, 0xFF9A, 0xFF9A, 0xFF9A, 0xFF9A, 0xFF9A, 0xFF9A, 0xFF9A, 0xFF9A,
    0xFF9A, 0xFF9A, 0xFF9A, 0xFF9A, 0xFF99, 0xFF37, 0xFF16, 0xFF16, 0xFF16, 0xFF16, 0xFF16, 0xFF16, 0xFF16, 0xFF16, 0xFF78, 0xFF99,
    0xFF99, 0xFF99, 0xFF99, 0xFF99, 0xFF9A, 0xFF9A, 0xFF9A, 0xFF9A, 0xFF9A, 0xFF9A, 0xFF9A, 0xFF9A, 0xFF9A, 0xFF9A, 0xFF9A, 0xFF9A,
    0xFF9A, 0xFF9A, 0xFF9A, 0xFF9A, 0xFFBA, 0xFFBA, 0xFFBA, 0xFF9A, 0xFFBA, 0xFFBA, 0xFFBA, 0xFFBA, 0xFFBA, 0xFFBA, 0xFFBB, 0xFFBA,
    0xFFBA, 0xFFBA, 0xFFBA, 0xFFBA, 0xFFBA, 0xFF9A, 0xFFBB, 0xFF9A, 0xFF57, 0xFF57, 0xFF57, 0xFF57, 0xFF57, 0xFF57, 0xFF57, 0xFF57,
    0xFF57, 0xFF57, 0xFF57, 0xFF57, 0xFF57, 0xFF37, 0xFF98, 0xFFD9, 0xEEF4, 0x9BC9, 0x938A, 0xF79A, 0xFFFD, 0xFFDB, 0xFFFC, 0xFFFC,
    0xFFFC, 0xFFBB, 0xFFBB, 0xFFBB, 0xFFDB, 0xFF7A, 0xF718, 0xF738, 0xEED6, 0xEEB6, 0xFF79, 0xF718, 0xEED7, 0xEED7, 0xEED7, 0xEEB6,
    0xEEB6, 0xEEB6, 0xEEB6, 0xEED6, 0xEE95, 0xEE74, 0xEE75, 0xE612, 0xE612, 0xEE75, 0xEE53, 0xE611, 0xE653, 0xEE74, 0xE612, 0xE611,
    0xE611, 0xE5F1, 0xE611, 0xEE53, 0xEE52, 0xE611, 0xEE54, 0xEE74, 0xEE53, 0xEE73, 0xEE74, 0xEE75, 0xEE75, 0xEE74, 0xEE75, 0xEE75,
    0xEE75, 0xEE74, 0xEE53, 0xEE53, 0xEE32, 0xE632, 0xEE52, 0xEE52, 0xE611, 0xE5F1, 0xE611, 0xE611, 0xE5F0, 0xEE10, 0xE5F0, 0xE5AF,
    0xE5AF, 0xEDCF, 0xEDCF, 0xDD2C, 0xCCAA, 0xD4EB, 0xDD4C, 0xD4CB, 0xCCAB, 0xCCAB, 0xCC8B, 0xC46A, 0xC44A, 0xC44A, 0xC46A, 0xC44A,
    0xBBE9, 0x9B26, 0x92E6, 0x8264, 0x8263, 0xAB46, 0xAB45, 0xC408, 0xCC69, 0xCC49, 0xCC29, 0xCC8A, 0xDD2C, 0xDD0B, 0xDD2C, 0xDD2C,
    0xDD2C, 0xDD2C, 0xDD4C, 0xE58D, 0xE58D, 0xE58D, 0xE58E, 0xE5AE, 0xDD4D, 0xDD0C, 0xDD4C, 0xDD6D, 0xDD0C, 0xD48A, 0xD46A, 0xD46A,
    0xCC69, 0xCC6A, 0xCC69, 0xCC49, 0xD4CB, 0xDCEB, 0xDCCB, 0xD4CB, 0xD4AB, 0xDD0B, 0xDD0C, 0xE58E, 0xE5AF, 0xE5AF, 0xDD6E, 0xDD6E,
    0xE58F, 0xE5AF, 0xE5AF, 0xE5AF, 0xE58E, 0xDD6E, 0xDD6E, 0xE5AF, 0xE5CF, 0xE5AF, 0xE5AF, 0xE5AF, 0xE5AF, 0xE5AF, 0xD54E, 0x7203,
    0xFFBA, 0xFF9A, 0xFF9A, 0xFF9A, 0xFF9A, 0xFF9A, 0xFF9A, 0xFF9A, 0xFF9A, 0xFF9A, 0xFF9A, 0xFF9A, 0xFF9A, 0xFF9A, 0xFF9A, 0xFF9A,
    0xFF9A, 0xFF9A, 0xFF9A, 0xFF9A, 0xFF9A, 0xFF37, 0xFF16, 0xFF16, 0xFF16, 0xFF37, 0xFF57, 0xFF57, 0xFF57, 0xFF58, 0xFF9A, 0xFF9A,
    0xFF9A, 0xFF9A, 0xFFBA, 0xFF9A, 0xFF9A, 0xFF9A, 0xFF9A, 0xFF9A, 0xFF9A, 0xFF9A, 0xFFBA, 0xFF9A, 0xFF9A, 0xFF9A, 0xFF9A, 0xFF9A,
    0xFF9A, 0xFF9A, 0xFF9A, 0xFF9A, 0xFF9A, 0xFF9A, 0xFFBA, 0xFFBA, 0xFFBA, 0xFFBA, 0xFFBA, 0xFFBA, 0xFFBA, 0xFFBA, 0xFFBB, 0xFFBB,
    0xFFBA, 0xFFBA, 0xFFBA, 0xFFBA, 0xFFBA, 0xFFBA, 0xFFBA, 0xFF99, 0xFF57, 0xFF57, 0xFF57, 0xFF57, 0xFF57, 0xFF57, 0xFF57, 0xFF57,
    0xFF57, 0xFF57, 0xFF57, 0xFF57, 0xFF37, 0xFFFA, 0xCDB1, 0x9B48, 0xABCA, 0x8AE7, 0x9348, 0xA3EB, 0xDE96, 0xFFFE, 0xFFFC, 0xFFDB,
    0xFFDB, 0xFFDB, 0xFFDB, 0xFFDB, 0xFFDB, 0xFF9A, 0xF738, 0xF738, 0xF6F7, 0xF6F7, 0xFF79, 0xF718, 0xF6F8, 0xF6F8, 0xF6F8, 0xF6F8,
    0xEEB6, 0xEEB6, 0xEEB6, 0xEED6, 0xEE95, 0xEE95, 0xEE95, 0xEE74, 0xEE54, 0xEE75, 0xEE53, 0xE611, 0xE653, 0xEE95, 0xE653, 0xE632,
    0xEE32, 0xE611, 0xE611, 0xEE52, 0xEE74, 0xEE53, 0xEE54, 0xEE74, 0xEE75, 0xEE74, 0xEE75, 0xEE75, 0xEE75, 0xEE75, 0xEE74, 0xE653,
    0xEE54, 0xEE53, 0xEE53, 0xEE53, 0xE632, 0xE611, 0xE612, 0xEE53, 0xE632, 0xE611, 0xE611, 0xE5F1, 0xE5F0, 0xE5CF, 0xE5EF, 0xE5CF,
    0xE5AF, 0xE58E, 0xE5AE, 0xE5AE, 0xDD2C, 0xD4AB, 0xCCAA, 0xCCAB, 0xCCAB, 0xCCAB, 0xCCAB, 0xCC8B, 0xC44A, 0xC44A, 0xC44A, 0xC42A,
    0xBBE9, 0x9B06, 0x8AC5, 0x8A84, 0x8AA4, 0xAB66, 0xAB66, 0xC428, 0xCC69, 0xCC49, 0xCC49, 0xD48A, 0xDD2C, 0xDD2C, 0xDD2C, 0xDD2C,
    0xDD2C, 0xDD2C, 0xDD2C, 0xDD4D, 0xE58D, 0xE58D, 0xE58E, 0xE5AE, 0xDD4D, 0xDD0C, 0xDD2C, 0xDD2C, 0xDD4D, 0xDD0C, 0xCC6A, 0xD48A,
    0xCC69, 0xCC6A, 0xD48A, 0xCC6A, 0xD4CB, 0xDD0B, 0xDCEB, 0xD4EB, 0xD4CB, 0xDD0C, 0xE58E, 0xE5AE, 0xE5AF, 0xE5AF, 0xEDAF, 0xE58F,
    0xE58F, 0xE5AF, 0xE5AF, 0xE5AF, 0xE5D0, 0xE5AF, 0xE58E, 0xE58E, 0xE58F, 0xE58F, 0xDD6E, 0xDD6E, 0xDD8F, 0xE5AF, 0xD52D, 0x71E3,
    0xFFBA, 0xFFBA, 0xFF9A, 0xFF9A, 0xFF9A, 0xFF9A, 0xFF9A, 0xFF9A, 0xFF9A, 0xFF9A, 0xFF9A, 0xFF9A, 0xFF9A, 0xFF9A, 0xFF9A, 0xFF9A,
    0xFF9A, 0xFF9A, 0xFF99, 0xFF99, 0xFF99, 0xFF37, 0xFF16, 0xFF16, 0xFF16, 0xFF78, 0xFFBA, 0xFF9A, 0xFFBA, 0xFFBA, 0xFF9A, 0xFF9A,
    0xFF99, 0xFF99, 0xFF99, 0xFF99, 0xFF9A, 0xFF9A, 0xFF9A, 0xFF9A, 0xFF9A, 0xFF9A, 0xFF9A, 0xFF9A, 0xFF9A, 0xFF9A, 0xFF9A, 0xFF9A,
    0xFF9A, 0xFF9A, 0xFF9A, 0xFF9A, 0xFF9A, 0xFFBA, 0xFFBA, 0xFFBA, 0xFFBA, 0xFFBA, 0xFFBA, 0xFFBA, 0xFFBA, 0xFFBA, 0xFFBA, 0xFFBA,
    0xFFBA, 0xFFBA, 0xFFBA, 0xFFBA, 0xFFBA, 0xFFBA, 0xFFBA, 0xFFBA, 0xFF99, 0xFF57, 0xFF57, 0xFF57, 0xFF57, 0xFF57, 0xFF57, 0xFF57,
    0xFF57, 0xFF57, 0xFF57, 0xFF57, 0xFF78, 0xBD2F, 0x9B68, 0xABEB, 0xAC0B, 0xDE95, 0xFFFC, 0x8AE7, 0xBD30, 0xE6F8, 0xF7BB, 0xFFFC,
    0xFFDB, 0xFFDB, 0xFFDB, 0xFFDB, 0xFFDB, 0xFFDB, 0xFF59, 0xF718, 0xF738, 0xFF79, 0xFFBA, 0xF738, 0xF6F8, 0xF6F8, 0xF6F8, 0xF6F8,
    0xEEB6, 0xEEB6, 0xEEB6, 0xEED6, 0xEE95, 0xEE96, 0xEEB6, 0xEEB6, 0xEE75, 0xEE75, 0xEE53, 0xE611, 0xEE53, 0xEE75, 0xEE74, 0xEE95,
    0xEE53, 0xEE11, 0xE611, 0xEE32, 0xEE74, 0xEE74, 0xEE74, 0xEE74, 0xEE74, 0xEE74, 0xEE75, 0xEE75, 0xEE75, 0xEE75, 0xEE74, 0xE611,
    0xE632, 0xEE53, 0xE632, 0xEE32, 0xE632, 0xE611, 0xE611, 0xE611, 0xEE32, 0xE611, 0xE611, 0xE611, 0xE5CF, 0xE5AF, 0xE5AE, 0xE5AE,
    0xE58E, 0xE58E, 0xE58E, 0xE58E, 0xE58E, 0xDD4D, 0xCC8A, 0xCC8B, 0xCC8B, 0xCCAB, 0xCCAB, 0xCC8B, 0xCC8A, 0xC46A, 0xBC2A, 0xB3E9,
    0xB3E9, 0x92E6, 0x8AA5, 0x9B26, 0xB3A7, 0xB366, 0xBBC7, 0xCC49, 0xCC49, 0xCC69, 0xCC49, 0xD48A, 0xDD2C, 0xDD2C, 0xDD2C, 0xDD2C,
    0xDD2C, 0xDD2C, 0xDD0C, 0xDD2C, 0xDD6D, 0xE58E, 0xE58E, 0xE58E, 0xDD6D, 0xDD0C, 0xDD2C, 0xDD0C, 0xDD0C, 0xDD2C, 0xD4CB, 0xD48A,
    0xD46A, 0xCC6A, 0xD4AB, 0xDCEB, 0xDCEB, 0xDCEB, 0xDCEB, 0xDCEB, 0xDCEB, 0xDD0B, 0xE58E, 0xE5AF, 0xE5AE, 0xE5AF, 0xEDAF, 0xE5AF,
    0xE5AF, 0xE5AF, 0xE58F, 0xE58E, 0xE58F, 0xE5AF, 0xE5D0, 0xE58F, 0xE58E, 0xE58F, 0xE58F, 0xDD8F, 0xDD6F, 0xE5AF, 0xD56F, 0x69C3,
    0xFFBA, 0xFFBA, 0xFF9A, 0xFF9A, 0xFFBA, 0xFFBA, 0xFFBA, 0xFF9A, 0xFF9A, 0xFFBA, 0xFFBA, 0xFFBA, 0xFF9A, 0xFF9A, 0xFF79, 0xFF79,
    0xFF79, 0xFF58, 0xFF37, 0xFF37, 0xFF37, 0xFF78, 0xFF99, 0xFF99, 0xFF9A, 0xFF9A, 0xFF9A, 0xFF9A, 0xFF9A, 0xFF9A, 0xFF9A, 0xFF9A,
    0xFF99, 0xFF99, 0xFF99, 0xFF9A, 0xFF99, 0xFF9A, 0xFF9A, 0xFF9A, 0xFF9A, 0xFF9A, 0xFF9A, 0xFF9A, 0xFF9A, 0xFF9A, 0xFF99, 0xFF99,
    0xFF9A, 0xFF9A, 0xFF9A, 0xFFBA, 0xFFBA, 0xFFBA, 0xFFBA, 0xFFBA, 0xFFBA, 0xFFBA, 0xFFBA, 0xFFBA, 0xFFBA, 0xFFBA, 0xFFBA, 0xFFBA,
    0xFFBA, 0xFFBA, 0xFFBA, 0xFFBA, 0xFFBA, 0xFFBA, 0xFFBA, 0xFFBB, 0xFFBA, 0xFF57, 0xFF57, 0xFF57, 0xFF57, 0xFF57, 0xFF57, 0xFF57,
    0xFF57, 0xFF57, 0xFF57, 0xFF37, 0xFF78, 0x9BA9, 0xABCA, 0xFFFB, 0xFFFA, 0xFFB7, 0xFF97, 0xFFFA, 0xABEA, 0x8A85, 0xEF39, 0xFFFC,
    0xFFBA, 0xFFDB, 0xFFDB, 0xFFDB, 0xFFDB, 0xFFDB, 0xF779, 0xF738, 0xFF79, 0xFFBA, 0xFFBA, 0xF738, 0xF6F8, 0xF6F8, 0xF718, 0xF6F8,
    0xEE96, 0xEEB6, 0xEED7, 0xEED6, 0xEEB6, 0xEEB6, 0xEEB7, 0xEEB6, 0xE675, 0xEE95, 0xEE53, 0xEE31, 0xEE53, 0xEE95, 0xEE75, 0xEE75,
    0xEE53, 0xEE32, 0xEE53, 0xEE54, 0xEE74, 0xEE74, 0xEE74, 0xEE74, 0xEE74, 0xEE74, 0xEE75, 0xEE75, 0xEE75, 0xEE75, 0xEE74, 0xE611,
    0xE611, 0xEE52, 0xE632, 0xE632, 0xEE53, 0xE632, 0xE611, 0xE611, 0xE611, 0xE611, 0xE611, 0xE611, 0xE5F0, 0xE5CF, 0xE58E, 0xDD8E,
    0xE58E, 0xE58E, 0xE58E, 0xE58E, 0xE58E, 0xDD6D, 0xD50C, 0xCC8B, 0xCC8B, 0xCCAB, 0xCCAB, 0xCCAB, 0xCCAB, 0xC46A, 0xC42A, 0xBBE9,
    0xB3C8, 0x8AE5, 0x8285, 0x9B06, 0xB386, 0xAB66, 0xBBC7, 0xCC49, 0xD48A, 0xD4AA, 0xDCCB, 0xDD0C, 0xDD2C, 0xDD2C, 0xDD2C, 0xDD2C,
    0xDD2C, 0xDD4D, 0xDD4D, 0xD50C, 0xDD4D, 0xE58E, 0xE58E, 0xDD6D, 0xDD2C, 0xDD2C, 0xDD2C, 0xDD0C, 0xD4CB, 0xD4EB, 0xDD2C, 0xD4AA,
    0xD46A, 0xD4AA, 0xDCEB, 0xDCEB, 0xDCEB, 0xDD0C, 0xDD0B, 0xD4EB, 0xD4EB, 0xDD0C, 0xE58E, 0xE5AF, 0xE5AF, 0xE5AE, 0xE56E, 0xE5AF,
    0xE5CF, 0xE5CF, 0xE58E, 0xDD6D, 0xDD6E, 0xDD8E, 0xE5AF, 0xE5AF, 0xE5AF, 0xE58F, 0xE58F, 0xE58F, 0xE5B0, 0xC4CD, 0xA3CA, 0x82C6,
    0xFF9A, 0xFFBA, 0xFFBA, 0xFFBA, 0xFFBA, 0xFFBA, 0xFFBA, 0xFFBA, 0xFF9A, 0xFF79, 0xFF79, 0xFF79, 0xFF59, 0xFF38, 0xFF37, 0xFF37,
    0xFF37, 0xFF37, 0xFF37, 0xFF37, 0xFF37, 0xFF79, 0xFF9A, 0xFF9A, 0xFF9A, 0xFF9A, 0xFF9A, 0xFF9A, 0xFF9A, 0xFF9A, 0xFF9A, 0xFF9A,
    0xFF9A, 0xFF9A, 0xFF9A, 0xFF9A, 0xFF9A, 0xFF9A, 0xFF9A, 0xFF9A, 0xFF9A, 0xFF9A, 0xFFBA, 0xFFBA, 0xFF9A, 0xFF9A, 0xFF9A, 0xFF9A,
    0xFF9A, 0xFF9A, 0xFF9A, 0xFFBA, 0xFFBA, 0xFFBA, 0xFFBA, 0xFFBA, 0xFFBA, 0xFFBA, 0xFFBA, 0xFFBA, 0xFFBA, 0xFFBA, 0xFFBA, 0xFFBA,
    0xFFBA, 0xFFBA, 0xFFBA, 0xFFBA, 0xFFBA, 0xFFBA, 0xFFBA, 0xFFBB, 0xFF9A, 0xFF37, 0xFF57, 0xFF57, 0xFF57, 0xFF57, 0xFF57, 0xFF57,
    0xFF57, 0xFF57, 0xFF98, 0xEED5, 0x82A5, 0xDE96, 0xFFFC, 0xFF98, 0xFF13, 0xFED1, 0xFED0, 0xFEF3, 0xEEF6, 0xEEF5, 0x9327, 0xBD10,
    0xFFFF, 0xFFFC, 0xFFBB, 0xFFDB, 0xFFDB, 0xFFBB, 0xFFBA, 0xF759, 0xFF7A, 0xFFBA, 0xFFBA, 0xF739, 0xF6F8, 0xF718, 0xF719, 0xF6F8,
    0xE696, 0xEEB6, 0xF6D7, 0xEED7, 0xF6D7, 0xEED7, 0xEED7, 0xEEB6, 0xE675, 0xEE75, 0xEE95, 0xEE94, 0xEE75, 0xEE75, 0xEE75, 0xEE74,
    0xEE74, 0xEE75, 0xEE74, 0xEE74, 0xEE74, 0xEE74, 0xEE74, 0xEE74, 0xEE74, 0xEE74, 0xEE74, 0xEE75, 0xEE75, 0xEE74, 0xEE74, 0xEE32,
    0xE611, 0xE631, 0xE631, 0xE631, 0xEE32, 0xEE53, 0xE612, 0xE611, 0xE611, 0xE611, 0xE611, 0xE611, 0xE611, 0xE5CF, 0xDD8E, 0xDD8E,
    0xE58E, 0xE58E, 0xE58E, 0xE58E, 0xE56D, 0xDD6D, 0xDD6D, 0xD4EC, 0xCC8B, 0xCCAB, 0xCCAB, 0xCCAB, 0xCCAB, 0xCC6A, 0xBC09, 0xB3A8,
    0xABA8, 0x8AC5, 0x8284, 0x9B06, 0xB387, 0xB386, 0xBBC7, 0xCC49, 0xD4AA, 0xD4CA, 0xDD0C, 0xDD4C, 0xDD2C, 0xDD2C, 0xDD2C, 0xDD4C,
    0xDD2C, 0xE56D, 0xE5AE, 0xE58D, 0xE56E, 0xE58E, 0xE58E, 0xE58D, 0xDD6D, 0xDD0C, 0xDD2C, 0xDD4C, 0xDD0C, 0xD4AA, 0xD4AB, 0xD4AB,
    0xD4AB, 0xD4AB, 0xD4EB, 0xDCEB, 0xDCEB, 0xDD2C, 0xDD2C, 0xD50C, 0xE58E, 0xE56E, 0xE5AF, 0xE5AF, 0xE5AF, 0xEDCF, 0xE58E, 0xDD6E,
    0xE5CF, 0xE5CF, 0xE5AF, 0xDD6E, 0xDD6E, 0xDD6E, 0xE5AF, 0xE58F, 0xE58F, 0xE58F, 0xE58F, 0xDD8F, 0xEE11, 0xABEA, 0x69C3, 0xD570,
    0xFFBA, 0xFFBA, 0xFFBA, 0xFFBA, 0xFF9A, 0xFF9A, 0xFF9A, 0xFFBA, 0xFF99, 0xFF37, 0xFF37, 0xFF37, 0xFF37, 0xFF37, 0xFF37, 0xFF37,
    0xFF37, 0xFF37, 0xFF37, 0xFF37, 0xFF37, 0xFF79, 0xFF9A, 0xFF9A, 0xFF9A, 0xFF9A, 0xFF9A, 0xFF9A, 0xFF9A, 0xFF9A, 0xFF9A, 0xFF9A,
    0xFF9A, 0xFF9A, 0xFF9A, 0xFF9A, 0xFF9A, 0xFF9A, 0xFF9A, 0xFF9A, 0xFF9A, 0xFFBA, 0xFFBA, 0xFFBA, 0xFF9A, 0xFF9A, 0xFF9A, 0xFF9A,
    0xFF9A, 0xFF9A, 0xFF9A, 0xFFBA, 0xFFBA, 0xFFBA, 0xFFBA, 0xFFBA, 0xFFBA, 0xFFBA, 0xFFBA, 0xFFBB, 0xFFBB, 0xFFBB, 0xFFBB, 0xFFBA,
    0xFFBA, 0xFFBA, 0xFFBA, 0xFFBA, 0xFFBA, 0xFFBA, 0xFFBA, 0xFFBA, 0xFFBA, 0xFF78, 0xFF37, 0xFF37, 0xFF57, 0xFF37, 0xFF37, 0xFF37,
    0xFF57, 0xFF57, 0xFF37, 0xE694, 0xA42C, 0xEF18, 0xFFDA, 0xFF55, 0xFE90, 0xFE8F, 0xFE8F, 0xFEB0, 0xFF76, 0xFFFB, 0xBD51, 0xBD31,
    0xD615, 0xEF18, 0xFFFD, 0xFFBB, 0xFFBB, 0xFFDB, 0xFFDB, 0xFF59, 0xFF7A, 0xFFBA, 0xFFBA, 0xF739, 0xF6F8, 0xF718, 0xF719, 0xF6F8,
    0xEE96, 0xEEB6, 0xF6F7, 0xF6D7, 0xF6D7, 0xEED7, 0xEED7, 0xEEB6, 0xE675, 0xEE75, 0xEE75, 0xEE95, 0xEE94, 0xEE75, 0xEE74, 0xEE74,
    0xEE75, 0xEE74, 0xEE74, 0xEE74, 0xEE74, 0xEE74, 0xEE74, 0xEE74, 0xEE74, 0xEE74, 0xEE74, 0xEE74, 0xEE74, 0xE653, 0xEE53, 0xEE52,
    0xEE32, 0xE611, 0xE611, 0xE611, 0xE632, 0xE611, 0xE611, 0xE611, 0xE5F1, 0xE5F1, 0xE5D0, 0xE5CF, 0xE5F0, 0xE5AF, 0xDD8E, 0xE58E,
    0xE58E, 0xE58E, 0xDD6D, 0xDD2C, 0xDD6D, 0xDD6D, 0xDD6D, 0xD52D, 0xCCCC, 0xCCAB, 0xCCAB, 0xCCAB, 0xCCAB, 0xCC8A, 0xBC29, 0xABA8,
    0xB3A8, 0xAB67, 0xA367, 0xAB67, 0xB3A7, 0xC449, 0xCC69, 0xCC8A, 0xD4AB, 0xD4CB, 0xDD2C, 0xDD2C, 0xDD4C, 0xDD4D, 0xDD4C, 0xDD6D,
    0xE56E, 0xE58E, 0xE5AE, 0xE5AE, 0xE58E, 0xE58E, 0xE58D, 0xE58D, 0xE58D, 0xDD4C, 0xDD0C, 0xDD0C, 0xDD2C, 0xDD0C, 0xD4CB, 0xD4CB,
    0xD4CB, 0xD4CB, 0xD4CB, 0xDCEC, 0xDCEB, 0xDD2C, 0xE56D, 0xDD2D, 0xE5AF, 0xE5CF, 0xE5CF, 0xE5CF, 0xE5CF, 0xE5CF, 0xEDCF, 0xE5AF,
    0xDD6E, 0xE5AF, 0xE5AF, 0xE5AF, 0xE5AF, 0xE5AF, 0xE5AF, 0xE58F, 0xE58F, 0xE58F, 0xE5AF, 0xDD8F, 0xDDB0, 0xAC0A, 0x69E3, 0xC50F,
    0xFFBA, 0xFFBA, 0xFF9A, 0xFF58, 0xFF58, 0xFF58, 0xFF58, 0xFF58, 0xFF58, 0xFF37, 0xFF37, 0xFF37, 0xFF37, 0xFF37, 0xFF37, 0xFF37,
    0xFF37, 0xFF37, 0xFF37, 0xFF37, 0xFF37, 0xFF79, 0xFFBA, 0xFF9A, 0xFF9A, 0xFF9A, 0xFF9A, 0xFF9A, 0xFF9A, 0xFF9A, 0xFF9A, 0xFF9A,
    0xFF9A, 0xFF9A, 0xFF9A, 0xFF9A, 0xFF9A, 0xFF9A, 0xFF9A, 0xFF9A, 0xFFBA, 0xFF9A, 0xFF9A, 0xFF9A, 0xFF9A, 0xFF9A, 0xFF9A, 0xFF9A,
    0xFF9A, 0xFFBA, 0xFFBA, 0xFF9A, 0xFFBA, 0xFFBA, 0xFFBA, 0xFFBA, 0xFFBA, 0xFFBA, 0xFFBA, 0xFFBB, 0xFFBA, 0xFFBB, 0xFFBB, 0xFFBA,
    0xFFBA, 0xFFBA, 0xFFBA, 0xFFBA, 0xFFBA, 0xFFBA, 0xFFBA, 0xFFBA, 0xFFBA, 0xFF9A, 0xFF37, 0xFF57, 0xFF57, 0xFF57, 0xFF57, 0xFF57,
    0xFF37, 0xFFB9, 0xBCCE, 0x8B07, 0xFFFD, 0xFFFC, 0xFF35, 0xFE4E, 0xFE90, 0xFE8F, 0xFE90, 0xFE6F, 0xF6B2, 0xFFDB, 0xFFFF, 0xCDB3,
    0x92E6, 0xBCEE, 0xDE55, 0xFFBB, 0xFFFC, 0xFFBB, 0xF779, 0xF759, 0xFF9A, 0xFFBA, 0xFFDB, 0xF739, 0xF718, 0xF719, 0xF719, 0xF6F8,
    0xE695, 0xEEB6, 0xF6F7, 0xEED7, 0xEED7, 0xEED7, 0xEED7, 0xEEB7, 0xEE75, 0xEE75, 0xEE75, 0xEE75, 0xEE75, 0xEE95, 0xEE74, 0xEE75,
    0xEE75, 0xEE74, 0xEE74, 0xEE74, 0xEE74, 0xEE74, 0xEE74, 0xEE74, 0xEE74, 0xEE53, 0xEE73, 0xEE74, 0xEE74, 0xEE52, 0xE632, 0xEE32,
    0xE632, 0xE632, 0xE631, 0xE632, 0xE612, 0xE632, 0xE611, 0xE611, 0xE5F1, 0xE5F1, 0xE5D0, 0xE5CF, 0xE5CF, 0xE5AF, 0xDD8E, 0xE58E,
    0xDD6E, 0xDD4D, 0xD50C, 0xD4CB, 0xD4CB, 0xDD2C, 0xDD4D, 0xDD2D, 0xD50D, 0xCCAB, 0xCCAB, 0xCCAB, 0xCCAB, 0xC46A, 0xBBE9, 0xABA8,
    0xB3A8, 0xB3A8, 0xABA8, 0xAB88, 0xB3A7, 0xCC6A, 0xCC8A, 0xD4AA, 0xD4AA, 0xD4CA, 0xDD0B, 0xDD4D, 0xE58E, 0xDD6D, 0xDD4D, 0xE56D,
    0xE5CF, 0xE5CF, 0xE5CF, 0xE5AE, 0xDD8E, 0xE58E, 0xE58D, 0xDD6D, 0xDD4C, 0xE56D, 0xDD4D, 0xD4EB, 0xDCEB, 0xDD0C, 0xD4CB, 0xD4CB,
    0xD4CB, 0xD4CB, 0xDCEB, 0xDCEC, 0xDD0C, 0xDD0C, 0xDD4D, 0xE58E, 0xE5AE, 0xE5CF, 0xE58E, 0xDD8E, 0xEDCF, 0xE5CF, 0xEDCF, 0xEDF0,
    0xE5AF, 0xDD8E, 0xE58F, 0xE5B0, 0xE5B0, 0xE5B0, 0xE5AF, 0xE5B0, 0xDDB0, 0xDD8F, 0xE5B0, 0xD54F, 0x7224, 0x9328, 0xA40B, 0xBCEE,
    0xFF79, 0xFF79, 0xFF58, 0xFF37, 0xFF37, 0xFF37, 0xFF37, 0xFF37, 0xFF37, 0xFF37, 0xFF37, 0xFF37, 0xFF37, 0xFF37, 0xFF37, 0xFF37,
    0xFF37, 0xFF37, 0xFF37, 0xFF37, 0xFF37, 0xFF58, 0xFF99, 0xFF9A, 0xFF9A, 0xFF9A, 0xFF9A, 0xFF9A, 0xFF9A, 0xFF9A, 0xFF9A, 0xFF9A,
    0xFF9A, 0xFF9A, 0xFF9A, 0xFF9A, 0xFF9A, 0xFF9A, 0xFF9A, 0xFFBA, 0xFF9A, 0xFF9A, 0xFF9A, 0xFF9A, 0xFF9A, 0xFF9A, 0xFF9A, 0xFF9A,
    0xFF9A, 0xFF9A, 0xFFBA, 0xFFBA, 0xFFBA, 0xFFBA, 0xFFBA, 0xFFBA, 0xFFBA, 0xFFBA, 0xFFBA, 0xFFBA, 0xFFBA, 0xFFBA, 0xFFBA, 0xFFBA,
    0xFFBA, 0xFFBA, 0xFFBA, 0xFFBA, 0xFFBA, 0xFFBA, 0xFFBA, 0xFFBA, 0xFFBA, 0xFF9A, 0xFF57, 0xFF57, 0xFF57, 0xFF57, 0xFF57, 0xFF57,
    0xFF37, 0xFFB9, 0xBCAD, 0x8AC6, 0xFFDC, 0xFFFC, 0xFF56, 0xFE6F, 0xFE8F, 0xFE8F, 0xFE8F, 0xFE6F, 0xFED2, 0xFFFC, 0xFFDB, 0xFFDB,
    0xFFFD, 0xAC4C, 0x8285, 0xDE34, 0xEF18, 0xFFDB, 0xFF79, 0xFF99, 0xFFDB, 0xFFBA, 0xFFDA, 0xF759, 0xF718, 0xF719, 0xF719, 0xF718,
    0xE695, 0xEEB6, 0xF6F7, 0xF6D7, 0xEE96, 0xEED7, 0xEED7, 0xEE96, 0xEE75, 0xEE75, 0xEE75, 0xEE75, 0xEE75, 0xEE75, 0xEE75, 0xEE75,
    0xEE95, 0xEE75, 0xEE75, 0xEE74, 0xEE74, 0xEE74, 0xEE74, 0xEE74, 0xEE74, 0xEE53, 0xE632, 0xEE53, 0xEE53, 0xE632, 0xE632, 0xEE32,
    0xE632, 0xE632, 0xE632, 0xE632, 0xE612, 0xE612, 0xE612, 0xE5F1, 0xE5F1, 0xE5F1, 0xE5F0, 0xE5CF, 0xDDAF, 0xE5AE, 0xE58E, 0xE58E,
    0xE58E, 0xDD4D, 0xDD2C, 0xD4EB, 0xD4CB, 0xCC8A, 0xC46A, 0xD4CC, 0xD4EC, 0xCCAB, 0xCCAB, 0xCCAB, 0xD4CB, 0xC44A, 0xBBE8, 0xB3A8,
    0xABA8, 0xABA8, 0xAB88, 0xAB88, 0xB3C7, 0xCC8A, 0xCC8A, 0xD4AA, 0xD4AA, 0xD4AA, 0xD50B, 0xDD6D, 0xE5CF, 0xE5AE, 0xDD6D, 0xE58E,
    0xE5D0, 0xE5D0, 0xE5D0, 0xE5CF, 0xE58E, 0xE58E, 0xE58E, 0xDD6D, 0xDD0C, 0xE54D, 0xE56D, 0xDD2C, 0xD4CB, 0xDCEC, 0xDCEB, 0xDCEB,
    0xD4CB, 0xD4CB, 0xD4EB, 0xDD0C, 0xDD0C, 0xDD2C, 0xDD2C, 0xE56D, 0xE5CF, 0xE5CF, 0xE5AF, 0xDD8E, 0xE5AF, 0xEDCF, 0xEDCF, 0xE5AE,
    0xE5AF, 0xE5AF, 0xE5AF, 0xE5B0, 0xE5B0, 0xE5B0, 0xE5B0, 0xE5B0, 0xDDB0, 0xDD90, 0xE5B0, 0xE5F1, 0x69C2, 0x9B89, 0xCD50, 0xBCCE,
    0xFF37, 0xFF37, 0xFF37, 0xFF38, 0xFF38, 0xFF58, 0xFF58, 0xFF38, 0xFF37, 0xFF37, 0xFF37, 0xFF37, 0xFF37, 0xFF37, 0xFF37, 0xFF37,
    0xFF37, 0xFF37, 0xFF37, 0xFF37, 0xFF37, 0xF737, 0xFF79, 0xFF9A, 0xFF9A, 0xFF9A, 0xFF9A, 0xFF9A, 0xFF9A, 0xFF9A, 0xFF9A, 0xFF9A,
    0xFF9A, 0xFF9A, 0xFF9A, 0xFF9A, 0xFF9A, 0xFF9A, 0xFF9A, 0xFFBA, 0xFF9A, 0xFF9A, 0xFF9A, 0xFF9A, 0xFF9A, 0xFF9A, 0xFF9A, 0xFF9A,
    0xFF9A, 0xFF9A, 0xFFBA, 0xFFBA, 0xFFBA, 0xFFBA, 0xFFBA, 0xFFBA, 0xFFBA, 0xFFBA, 0xFF9A, 0xFFBA, 0xFFBA, 0xFFBA, 0xFFBA, 0xFFBA,
    0xFFBB, 0xFFBB, 0xFFBB, 0xFFBB, 0xFFBA, 0xFFBA, 0xFFBA, 0xFFBA, 0xFFBA, 0xFFBA, 0xFF99, 0xFF37, 0xFF57, 0xFF57, 0xFF57, 0xFF57,
    0xFF37, 0xFFB9, 0xBCCD, 0x92E6, 0xFFFB, 0xFFBA, 0xF6D2, 0xFE8F, 0xFE90, 0xFE8F, 0xFE8F, 0xFE6F, 0xFED2, 0xFFFC, 0xFFFB, 0xFFFB,
    0xFFFC, 0xF7BB, 0xE6F8, 0x8AA5, 0xB48D, 0xEF59, 0xE6D6, 0xFF79, 0xFF99, 0xFFBA, 0xFFDB, 0xFF9A, 0xF718, 0xF739, 0xF718, 0xF6D7,
    0xEE96, 0xEEB6, 0xEED7, 0xEEB6, 0xEE96, 0xEEB7, 0xEED7, 0xEE96, 0xEE75, 0xEE95, 0xEE75, 0xEE75, 0xEE96, 0xEE76, 0xEE75, 0xEE75,
    0xEE75, 0xEE75, 0xEE75, 0xEE75, 0xEE74, 0xEE74, 0xEE74, 0xEE74, 0xEE74, 0xEE53, 0xE612, 0xE611, 0xE631, 0xE631, 0xE632, 0xE632,
    0xEE32, 0xEE32, 0xE632, 0xE612, 0xE632, 0xE611, 0xE5F0, 0xE612, 0xE5F0, 0xE5AF, 0xE5AF, 0xE5AF, 0xDD8E, 0xDD6E, 0xDD8E, 0xE58E,
    0xDD8E, 0xDD8E, 0xE58E, 0xD50C, 0xD4EB, 0xC46A, 0xBC29, 0xC46A, 0xCC8B, 0xCCAB, 0xCCAB, 0xBC29, 0xC429, 0xBC09, 0xB3C8, 0xB3A8,
    0xB3A8, 0xABA7, 0xABA8, 0xABA7, 0xBBE8, 0xCC8A, 0xD48A, 0xD48A, 0xD4AA, 0xD4AA, 0xDD0B, 0xDD6D, 0xE5CF, 0xE5CF, 0xE5AE, 0xE5AE,
    0xE5D0, 0xE5D0, 0xE5F0, 0xE5F0, 0xE5D0, 0xE58E, 0xE58E, 0xDD6D, 0xDD0C, 0xDD0C, 0xD4EB, 0xDD0C, 0xD4CB, 0xDCEC, 0xDCEB, 0xDCEB,
    0xDCEB, 0xD4EB, 0xDD2C, 0xDD4D, 0xDD0C, 0xE56D, 0xE56D, 0xE58E, 0xE5CF, 0xE5CF, 0xEDCF, 0xE5AF, 0xDD4D, 0xE5AE, 0xEDCF, 0xE58E,
    0xDD4D, 0xDD6E, 0xDD8E, 0xE5AF, 0xE5B0, 0xE5B0, 0xE5B0, 0xE5B0, 0xDDB0, 0xE5B0, 0xD54F, 0xAC0B, 0x82A6, 0xAC0B, 0xBCEF, 0xBCCE,
    0xFF57, 0xFF57, 0xFF58, 0xFF58, 0xFF38, 0xFF58, 0xFF58, 0xFF37, 0xFF37, 0xFF37, 0xFF37, 0xFF37, 0xFF37, 0xFF37, 0xFF37, 0xFF37,
    0xFF37, 0xFF37, 0xFF37, 0xFF37, 0xFF37, 0xFF37, 0xFF99, 0xFF9A, 0xFF9A, 0xFF9A, 0xFF9A, 0xFF9A, 0xFF9A, 0xFF9A, 0xFF9A, 0xFF9A,
    0xFF9A, 0xFF9A, 0xFF9A, 0xFF9A, 0xFF9A, 0xFF99, 0xFF9A, 0xFF9A, 0xFF9A, 0xFF9A, 0xFF9A, 0xFF9A, 0xFF9A, 0xFF9A, 0xFF9A, 0xFF9A,
    0xFF9A, 0xFF9A, 0xFFBA, 0xFFBA, 0xFFBA, 0xFFBA, 0xFFBA, 0xFFBA, 0xFFBA, 0xFF9A, 0xFF9A, 0xFFBA, 0xFF9A, 0xFFBA, 0xFFBA, 0xFFBA,
    0xFFBA, 0xFFBB, 0xFFBA, 0xFFBA, 0xFFBB, 0xFFBA, 0xFFBA, 0xFFBA, 0xFFBA, 0xFFBA, 0xFF99, 0xFF57, 0xFF57, 0xFF57, 0xFF57, 0xFF57,
    0xFF37, 0xFFB9, 0xBCCD, 0x8AE6, 0xFFFB, 0xF799, 0xF64E, 0xFE6F, 0xFE8F, 0xFE90, 0xFE90, 0xFE6F, 0xFED3, 0xFFDC, 0xFFFB, 0xFFFB,
    0xFFFB, 0xFFFC, 0xFFDC, 0xEEF8, 0xDE54, 0x7A25, 0x7AA6, 0xF717, 0xFF58, 0xFF79, 0xFFFB, 0xFFBA, 0xF738, 0xFF39, 0xF6F7, 0xEE96,
    0xEEB6, 0xEE96, 0xEE96, 0xEE96, 0xEE96, 0xEE96, 0xEE96, 0xEE95, 0xEE75, 0xEE95, 0xEE75, 0xEE76, 0xEE96, 0xEE95, 0xEE75, 0xEE75,
    0xEE75, 0xEE75, 0xEE75, 0xEE75, 0xEE74, 0xEE74, 0xE653, 0xE654, 0xEE74, 0xEE53, 0xE612, 0xE632, 0xE631, 0xE631, 0xE632, 0xE632,
    0xE611, 0xE632, 0xE632, 0xE632, 0xE632, 0xE612, 0xE5F1, 0xE5F0, 0xE5F1, 0xE5D0, 0xE5CF, 0xE5AF, 0xE58E, 0xDD8E, 0xDD4D, 0xDD4D,
    0xDD4D, 0xDD4D, 0xDD4D, 0xDD4D, 0xDD2D, 0xD4CC, 0xC44A, 0xC449, 0xBC29, 0xC429, 0xCC6A, 0xBBE9, 0xB3C8, 0xB3C8, 0xB3C8, 0xB3C8,
    0xC44A, 0xBC09, 0xAB87, 0xBBE8, 0xD4AA, 0xCC8A, 0xD48A, 0xD4AA, 0xD4AA, 0xD4AA, 0xDD0B, 0xDD6D, 0xE5CF, 0xE5CF, 0xE5D0, 0xE5D0,
    0xE5D0, 0xE5F0, 0xE5D0, 0xE5D0, 0xE5F0, 0xE5AF, 0xE58E, 0xE56D, 0xD4EB, 0xD4CB, 0xD4AB, 0xD4CB, 0xD4CB, 0xD4EB, 0xDCEB, 0xDCEC,
    0xDD2C, 0xDD2C, 0xDD6D, 0xE58E, 0xDD2C, 0xE58E, 0xE5AF, 0xE5CF, 0xE5CF, 0xE5CF, 0xE5CF, 0xE5AF, 0xDD4D, 0xDD6E, 0xE58E, 0xE56E,
    0xDD4E, 0xDD6E, 0xDD6D, 0xE58F, 0xE5D0, 0xE5D0, 0xE5D0, 0xE5D0, 0xDDB0, 0xE5F1, 0xCD0E, 0x6161, 0xB44C, 0xC530, 0xBCCE, 0xBCEE,
    0xFF57, 0xFF57, 0xFF57, 0xFF58, 0xFF58, 0xFF58, 0xFF37, 0xFF37, 0xFF37, 0xFF37, 0xFF37, 0xFF38, 0xFF38, 0xFF37, 0xFF37, 0xFF37,
    0xFF37, 0xFF37, 0xFF37, 0xF737, 0xFF37, 0xFF37, 0xFF79, 0xFF9A, 0xFF9A, 0xFF9A, 0xFF9A, 0xFF9A, 0xFF9A, 0xFF9A, 0xFF99, 0xFF99,
    0xFF9A, 0xFF9A, 0xFF9A, 0xFF99, 0xFF99, 0xFF99, 0xFF9A, 0xFF9A, 0xFF9A, 0xFF9A, 0xFF9A, 0xFF9A, 0xFF9A, 0xFF9A, 0xFF9A, 0xFF9A,
    0xFFBA, 0xFFBA, 0xFFBA, 0xFFBA, 0xFFBA, 0xFF9A, 0xFF9A, 0xFF9A, 0xFF9A, 0xFFBA, 0xFFBA, 0xFF9A, 0xFF9A, 0xFFBA, 0xFFBA, 0xFFBA,
    0xFFBA, 0xFFBA, 0xFFBA, 0xFFBA, 0xFFBB, 0xFFBA, 0xFFBA, 0xFFBA, 0xFFBA, 0xFFBA, 0xFF9A, 0xFF57, 0xFF57, 0xFF57, 0xFF57, 0xFF57,
    0xFF37, 0xFFB9, 0xBCCD, 0x8AC6, 0xFFFB, 0xF6D4, 0xF670, 0xFF34, 0xFF12, 0xFE90, 0xFE90, 0xFE6F, 0xFED3, 0xFFDC, 0xFFDB, 0xFFDB,
    0xFFFB, 0xFFFB, 0xFFFC, 0xFFFC, 0xF717, 0xC50F, 0xCD2F, 0xA3EB, 0xBCCE, 0xFFFB, 0xFFDA, 0xFFBA, 0xFF59, 0xFF59, 0xF738, 0xF718,
    0xEEB6, 0xEEB6, 0xEE96, 0xEEB6, 0xEEB6, 0xEEB6, 0xEE96, 0xEE96, 0xEE95, 0xEE95, 0xEE96, 0xEE96, 0xEE75, 0xEE95, 0xEE95, 0xEE95,
    0xEE75, 0xEE75, 0xEE75, 0xEE75, 0xEE75, 0xEE75, 0xE654, 0xE633, 0xE653, 0xE653, 0xE633, 0xE633, 0xE612, 0xE610, 0xE632, 0xE632,
    0xE611, 0xE612, 0xE612, 0xEE12, 0xEE12, 0xE612, 0xE612, 0xE5F1, 0xEE12, 0xEE11, 0xE5F0, 0xE5F0, 0xE5AF, 0xE58E, 0xDD4D, 0xD4EB,
    0xD50C, 0xD50C, 0xD50C, 0xDD2C, 0xDD2C, 0xDD2C, 0xCCCB, 0xC449, 0xC429, 0xBC09, 0xBBE8, 0xBBE8, 0xBBE8, 0xBBE8, 0xB3C8, 0xB3C8,
    0xCC6A, 0xC44A, 0xB3A8, 0xBBC8, 0xD4AA, 0xCC8A, 0xCCAA, 0xD48A, 0xD4AA, 0xD50C, 0xDD4D, 0xDD6E, 0xE5D0, 0xE5CF, 0xE5D0, 0xE5D0,
    0xE5F0, 0xE5F0, 0xE5F0, 0xE5D0, 0xE5AF, 0xE5AF, 0xDD8E, 0xDD4D, 0xDD2C, 0xD4CB, 0xD4AB, 0xD4AB, 0xD4AB, 0xD4AB, 0xD4CB, 0xD4CB,
    0xDD2C, 0xDD2C, 0xDD4D, 0xE5AE, 0xE56E, 0xE5AF, 0xE5AF, 0xE5AF, 0xE5CF, 0xE5AF, 0xE5CF, 0xE5AF, 0xDD4D, 0xDD4D, 0xDD4D, 0xE58E,
    0xDD8E, 0xDD6E, 0xDD8E, 0xE58F, 0xE5D0, 0xE5D0, 0xE5D0, 0xE5D0, 0xDDD0, 0xE5B0, 0xCD0E, 0x69E2, 0xAC2C, 0xC50F, 0xBCEF, 0xBCEF,
    0xFF57, 0xFF57, 0xFF57, 0xFF58, 0xFF58, 0xFF58, 0xFF57, 0xFF57, 0xFF37, 0xFF37, 0xFF37, 0xFF37, 0xFF37, 0xFF37, 0xFF37, 0xFF37,
    0xFF37, 0xFF37, 0xF737, 0xFF37, 0xF737, 0xF737, 0xF738, 0xFF79, 0xFF9A, 0xFF9A, 0xFF9A, 0xFF99, 0xFF99, 0xFF99, 0xFF99, 0xFF99,
    0xFF99, 0xFF99, 0xFF99, 0xFF99, 0xFF99, 0xFF99, 0xFF9A, 0xFF9A, 0xFF9A, 0xFF9A, 0xFF9A, 0xFF9A, 0xFF9A, 0xFF9A, 0xFF9A, 0xFFBA,
    0xFFBA, 0xFFBA, 0xFFBA, 0xFFBA, 0xFFBA, 0xFF9A, 0xFF9A, 0xFF9A, 0xFF9A, 0xFFBA, 0xFFBA, 0xFF9A, 0xFFBA, 0xFFBA, 0xFFBA, 0xFFBA,
    0xFFBA, 0xFFBA, 0xFFBB, 0xFFBA, 0xFFBB, 0xFFBA, 0xFFBA, 0xFFBA, 0xFFBA, 0xFFBA, 0xFFBA, 0xFF78, 0xFF57, 0xFF57, 0xFF57, 0xFF57,
    0xFF37, 0xFFB9, 0xBCCD, 0x8AC5, 0xFFDB, 0xF777, 0xFF97, 0xFFD9, 0xFF75, 0xFF34, 0xFEB1, 0xFE6F, 0xF6B2, 0xFFBA, 0xFFDB, 0xFFDB,
    0xFFFB, 0xFFFC, 0xFFFC, 0xF77A, 0xF717, 0xFF37, 0xEE52, 0xABCA, 0x8B07, 0xAC6D, 0xF717, 0xFF79, 0xFF59, 0xFF59, 0xFF79, 0xFF79,
    0xEEB6, 0xEE96, 0xEE96, 0xEEB6, 0xEEB6, 0xEE96, 0xEEB6, 0xEE96, 0xEE96, 0xEE95, 0xEE96, 0xEE96, 0xEE96, 0xEE96, 0xEE96, 0xEE95,
    0xEE75, 0xEE75, 0xEE75, 0xEE75, 0xEE75, 0xEE75, 0xEE74, 0xEE54, 0xEE54, 0xE633, 0xE633, 0xE633, 0xE612, 0xE611, 0xE611, 0xE611,
    0xE5F1, 0xE612, 0xE612, 0xEE12, 0xEE12, 0xE612, 0xE612, 0xE612, 0xE612, 0xE5F1, 0xDDAE, 0xE5AE, 0xE5AE, 0xE58E, 0xE56D, 0xD4EB,
    0xD4EB, 0xD50B, 0xD50C, 0xD4EC, 0xD4CB, 0xD4CB, 0xCCCB, 0xC46A, 0xC44A, 0xC429, 0xBBE9, 0xBBE8, 0xBBE8, 0xBBE8, 0xBC09, 0xC44A,
    0xCC6A, 0xC44A, 0xAB88, 0xB3A8, 0xD4AA, 0xD4AA, 0xD4AA, 0xCC8A, 0xD4CB, 0xDD6D, 0xDD6D, 0xDD8E, 0xE5D0, 0xE5CF, 0xE5D0, 0xE5D0,
    0xE5F0, 0xE5F0, 0xE5F0, 0xE5D0, 0xDD2D, 0xDD2D, 0xE58E, 0xDD4D, 0xDD2C, 0xD4CB, 0xD4AB, 0xD4AB, 0xD4AB, 0xD4CB, 0xD4AB, 0xD4CB,
    0xDD2C, 0xDD2C, 0xDD6D, 0xE5AE, 0xE5AF, 0xE5AF, 0xE5AF, 0xE5AF, 0xE5AF, 0xE5AF, 0xE5CF, 0xE5AE, 0xDD4D, 0xDD4D, 0xDD6D, 0xDD6E,
    0xDD6D, 0xE5AF, 0xE5D1, 0xE5D0, 0xE5D0, 0xE5D0, 0xE5D0, 0xE5D0, 0xEE11, 0x9B69, 0x82A6, 0xC4CE, 0xC4EF, 0xC4EF, 0xBCEF, 0xC4EF,
    0xFF57, 0xFF37, 0xFF57, 0xFF58, 0xFF58, 0xFF38, 0xFF38, 0xFF38, 0xFF37, 0xFF37, 0xFF37, 0xFF37, 0xFF37, 0xFF37, 0xFF37, 0xF737,
    0xF737, 0xFF37, 0xFF37, 0xFF37, 0xFF37, 0xF737, 0xFF37, 0xFF79, 0xFF9A, 0xFF9A, 0xFF9A, 0xFF99, 0xFF99, 0xFF99, 0xFF99, 0xFF99,
    0xFF9A, 0xFF9A, 0xFF9A, 0xFF9A, 0xFF9A, 0xFF99, 0xFF9A, 0xFF9A, 0xFF9A, 0xFF9A, 0xFF9A, 0xFF9A, 0xFF9A, 0xFF9A, 0xFF9A, 0xFF9A,
    0xFF9A, 0xFFBA, 0xFFBA, 0xFFBA, 0xFF9A, 0xFF9A, 0xFF9A, 0xFF9A, 0xFF9A, 0xFFBA, 0xFFBA, 0xFFBA, 0xFFBA, 0xFFBA, 0xFFBA, 0xFFBA,
    0xFFBB, 0xFFBA, 0xFFBA, 0xFFBA, 0xFFBA, 0xFFBA, 0xFFBA, 0xFFBA, 0xFFBA, 0xFFBA, 0xFFBA, 0xFF99, 0xFF57, 0xFF57, 0xFF57, 0xFF57,
    0xFF37, 0xFFD9, 0xB48D, 0x8AA5, 0xFFFD, 0xFFFC, 0xFFD9, 0xFFD9, 0xFF76, 0xFF55, 0xFED2, 0xFE6F, 0xF6B1, 0xFF99, 0xFFDB, 0xFFDB,
    0xFFDB, 0xFFDC, 0xFFFC, 0xFF9A, 0xF717, 0xF6F6, 0xDDD0, 0xE611, 0xBC6C, 0x8285, 0xE6B6, 0xDE33, 0xE634, 0xFF79, 0xF738, 0xF738,
    0xEEB6, 0xEEB6, 0xEEB6, 0xEEB6, 0xEEB6, 0xEE96, 0xEE96, 0xEE96, 0xEE95, 0xEE95, 0xEE95, 0xEE95, 0xEE96, 0xEE96, 0xEE95, 0xEE95,
    0xEE75, 0xEE75, 0xEE75, 0xEE75, 0xEE75, 0xEE75, 0xEE75, 0xEE75, 0xEE74, 0xE633, 0xE633, 0xE633, 0xE632, 0xE611, 0xE610, 0xE611,
    0xE611, 0xE612, 0xE632, 0xE612, 0xE612, 0xE612, 0xE5F1, 0xE5F1, 0xE5F1, 0xE5F1, 0xDD8E, 0xDD6D, 0xE58E, 0xE58E, 0xE58E, 0xDD4D,
    0xD50C, 0xD4EB, 0xD50C, 0xD4EC, 0xCCAB, 0xCCAB, 0xCCAB, 0xCCAB, 0xCCAB, 0xC46A, 0xBC09, 0xBBE9, 0xBBE8, 0xBC09, 0xC44A, 0xCC8A,
    0xCC6A, 0xCC6A, 0xA346, 0xAB87, 0xD4AB, 0xD4AA, 0xD4AA, 0xD4AA, 0xD4CB, 0xDD6D, 0xDD6D, 0xE58E, 0xE5D0, 0xE5D0, 0xE5D0, 0xE5D0,
    0xE5F0, 0xE5F0, 0xE5F1, 0xEDF0, 0xDD4D, 0xD4EC, 0xDD4D, 0xDD2C, 0xDD2C, 0xDD0C, 0xD4AB, 0xD4AB, 0xD4AB, 0xDCEC, 0xDD0C, 0xD4CB,
    0xDD0C, 0xDD2C, 0xDD6D, 0xE5AF, 0xE5AF, 0xE5AF, 0xE5AF, 0xE5AF, 0xE5AF, 0xDD6E, 0xE5AF, 0xE5AF, 0xDD6D, 0xDD6D, 0xDD6D, 0xDD6D,
    0xDD6D, 0xE5D0, 0xE613, 0xE612, 0xE5D1, 0xE5D1, 0xE5D1, 0xE5D0, 0xEE32, 0x9328, 0x8286, 0xCD50, 0xC4EF, 0xC4EF, 0xC50F, 0xC4EF,
    0xFF37, 0xFF57, 0xFF57, 0xFF58, 0xFF58, 0xFF38, 0xFF38, 0xFF38, 0xFF37, 0xFF37, 0xFF37, 0xFF37, 0xFF37, 0xFF37, 0xFF37, 0xFF37,
    0xFF37, 0xFF37, 0xFF37, 0xFF37, 0xFF37, 0xFF37, 0xF737, 0xFF79, 0xFF9A, 0xFF9A, 0xFF9A, 0xFF9A, 0xFF99, 0xFF99, 0xFF99, 0xFF9A,
    0xFF9A, 0xFF9A, 0xFF9A, 0xFF9A, 0xFF9A, 0xFF9A, 0xFF9A, 0xFF9A, 0xFF9A, 0xFF9A, 0xFF9A, 0xFF9A, 0xFF9A, 0xFF9A, 0xFF9A, 0xFF9A,
    0xFF9A, 0xFF9A, 0xFF9A, 0xFF9A, 0xFF9A, 0xFF9A, 0xFF9A, 0xFF9A, 0xFF9A, 0xFF9A, 0xFF9A, 0xFF9A, 0xFF9A, 0xFF9A, 0xFFBA, 0xFFBA,
    0xFFBA, 0xFFBA, 0xFFBA, 0xFFBA, 0xFFBA, 0xFFBA, 0xFFBA, 0xFFBA, 0xFFBA, 0xFFBA, 0xFFBA, 0xFF99, 0xFF57, 0xFF57, 0xFF57, 0xFF57,
    0xFF37, 0xFFB9, 0xC52F, 0x8AE6, 0xBCCD, 0xE6F6, 0xFFFB, 0xFFD9, 0xFF97, 0xFF35, 0xFEF2, 0xF62F, 0xF672, 0xFF98, 0xFFBA, 0xFFFC,
    0xFFFC, 0xFFFC, 0xF77A, 0xF718, 0xFF38, 0xF6F6, 0xDDB0, 0xDDD1, 0xDDD0, 0xDDB0, 0xBCAC, 0x92C5, 0xC4EE, 0xFF78, 0xEE95, 0xF6D6,
    0xF6F7, 0xEEB6, 0xEE96, 0xEEB6, 0xEEB6, 0xEEB6, 0xEEB6, 0xEE96, 0xEE95, 0xEE95, 0xEE95, 0xEE96, 0xEE96, 0xEE95, 0xEE95, 0xEE95,
    0xEE95, 0xEE75, 0xEE95, 0xEE75, 0xEE95, 0xEE95, 0xEE95, 0xEE95, 0xEE75, 0xE633, 0xE633, 0xE633, 0xE633, 0xE633, 0xE5F1, 0xE612,
    0xE612, 0xE612, 0xE612, 0xE612, 0xE612, 0xE612, 0xE611, 0xDDD0, 0xDDAF, 0xE5F0, 0xE5AF, 0xDD8E, 0xE58E, 0xE58E, 0xE58E, 0xE58E,
    0xDD4D, 0xD50C, 0xD4EC, 0xD50C, 0xD4EB, 0xCC8A, 0xCCAB, 0xCCAB, 0xCCAB, 0xC44A, 0xBC09, 0xBC09, 0xBC09, 0xCC6A, 0xCC8A, 0xCC6A,
    0xCC6A, 0xCC8A, 0xAB67, 0xAB87, 0xD4AB, 0xD4AA, 0xD4AA, 0xDD4D, 0xDD2D, 0xDD6E, 0xE5AF, 0xE5D0, 0xE5F0, 0xE5F0, 0xE5F0, 0xE5F0,
    0xE5F0, 0xE5F0, 0xE5F1, 0xE5F0, 0xDD2D, 0xD4EB, 0xD4EC, 0xD4EB, 0xD4EC, 0xDD0C, 0xDCEC, 0xD4CB, 0xD4AB, 0xD4CB, 0xDD4D, 0xDD2C,
    0xDD0C, 0xDD0C, 0xDD4D, 0xE5AF, 0xE5AF, 0xE5AF, 0xE5AF, 0xE5AF, 0xE5AF, 0xDD4D, 0xE56E, 0xE5AF, 0xDD6E, 0xDD6D, 0xDD6D, 0xDD6D,
    0xE58E, 0xE5F1, 0xE612, 0xE612, 0xEE12, 0xE5F1, 0xE5D0, 0xDDB0, 0xEE32, 0x9348, 0x8265, 0xCD2F, 0xC4EF, 0xC4EF, 0xC50F, 0xC50F,
    0xFF37, 0xFF37, 0xFF57, 0xFF58, 0xFF37, 0xFF38, 0xFF38, 0xFF38, 0xFF38, 0xFF37, 0xFF37, 0xFF37, 0xFF37, 0xFF37, 0xFF38, 0xFF37,
    0xFF37, 0xFF37, 0xFF37, 0xFF37, 0xFF37, 0xFF37, 0xF737, 0xFF99, 0xFFBA, 0xFF99, 0xFF99, 0xFF99, 0xFF9A, 0xFF9A, 0xFF9A, 0xFFBA,
    0xFFBA, 0xFF9A, 0xFFBA, 0xFFBA, 0xFFBA, 0xFF9A, 0xFF9A, 0xFF9A, 0xFF9A, 0xFF9A, 0xFF9A, 0xFF9A, 0xFF9A, 0xFF9A, 0xFF9A, 0xFF9A,
    0xFF9A, 0xFF9A, 0xFF9A, 0xFF9A, 0xFF9A, 0xFFBA, 0xFFBA, 0xFF9A, 0xFFBA, 0xFFBA, 0xFFBA, 0xFFBA, 0xFFBA, 0xFFBA, 0xFFBA, 0xFFBA,
    0xFFBA, 0xFFBA, 0xFFBA, 0xFFBB, 0xFFBA, 0xFFBA, 0xFFBA, 0xFFBA, 0xFFBA, 0xFFBA, 0xFFBA, 0xFF99, 0xFF37, 0xFF37, 0xFF57, 0xFF57,
    0xFF57, 0xFF57, 0xFF78, 0xE6B5, 0x6160, 0xDE33, 0xFFFD, 0xFF99, 0xFF57, 0xF6D5, 0xF651, 0xEE10, 0xEDF0, 0xF716, 0xFF99, 0xFF79,
    0xF738, 0xF759, 0xF718, 0xEED6, 0xE612, 0xDE12, 0xDDB0, 0xDDB0, 0xDDD1, 0xE5F1, 0xDD90, 0xBC6B, 0x8AE6, 0xB48C, 0xEE93, 0xBCAD,
    0x9348, 0xE654, 0xFF17, 0xEEB6, 0xEEB6, 0xEEB6, 0xEE96, 0xEE95, 0xEE95, 0xEE95, 0xEE95, 0xEE96, 0xEE96, 0xEE95, 0xEE95, 0xEE95,
    0xEE96, 0xEE95, 0xEE75, 0xEE75, 0xEE95, 0xEE95, 0xEE95, 0xEE95, 0xEE75, 0xEE74, 0xE654, 0xE633, 0xE634, 0xE633, 0xE612, 0xE632,
    0xE632, 0xE611, 0xE611, 0xE613, 0xE612, 0xE612, 0xE612, 0xE612, 0xE611, 0xE5D0, 0xE5D0, 0xE5CF, 0xE58E, 0xE58E, 0xE58E, 0xDD6D,
    0xE58E, 0xD50C, 0xCC8A, 0xCCCB, 0xCCCB, 0xC449, 0xC429, 0xC449, 0xC44A, 0xBC09, 0xBC09, 0xC429, 0xCCAB, 0xCC8B, 0xCC8B, 0xCC8B,
    0xCC8B, 0xCC8A, 0xAB67, 0xAB87, 0xD4AB, 0xD4AB, 0xD4CB, 0xDD4E, 0xDD8E, 0xDD6E, 0xE5AF, 0xEDF0, 0xE5F0, 0xE5F0, 0xE5F0, 0xE5F0,
    0xE5F0, 0xE5F0, 0xE5AF, 0xE5D0, 0xDD4E, 0xD4EB, 0xD4CB, 0xD4CB, 0xD4AB, 0xD50C, 0xDD2C, 0xD4CB, 0xD4AB, 0xD4AB, 0xDD2C, 0xE54D,
    0xDD2D, 0xDD2C, 0xDD4D, 0xE5AF, 0xE5AF, 0xE5AF, 0xE5AF, 0xE5AF, 0xE5AE, 0xDD4D, 0xDD4D, 0xDD6E, 0xE5AF, 0xDD6D, 0xDD6E, 0xDD6E,
    0xE5AF, 0xE612, 0xE612, 0xE612, 0xE633, 0xE5F2, 0xEE31, 0xD56F, 0x69E3, 0x7A65, 0xABAA, 0xC4EF, 0xC4EF, 0xC4EF, 0xC50F, 0xBD0F,
    0xFF37, 0xFF37, 0xFF37, 0xFF57, 0xFF38, 0xFF38, 0xFF38, 0xFF38, 0xFF38, 0xFF38, 0xFF38, 0xFF37, 0xFF37, 0xFF37, 0xFF38, 0xFF37,
    0xFF37, 0xFF37, 0xFF37, 0xFF37, 0xFF37, 0xF737, 0xF737, 0xFF58, 0xFF99, 0xFFBA, 0xFF9A, 0xFFBA, 0xFFBA, 0xFFBA, 0xFFBA, 0xFFBA,
    0xFFBA, 0xFFBA, 0xFFBB, 0xFFBA, 0xFFBA, 0xFFBA, 0xFFBA, 0xFFBA, 0xFF9A, 0xFF9A, 0xFF9A, 0xFF9A, 0xFF9A, 0xFF9A, 0xFF9A, 0xFF9A,
    0xFF9A, 0xFF9A, 0xFF9A, 0xFF9A, 0xFF9A, 0xFFBA, 0xFF9A, 0xFF9A, 0xFFBA, 0xFFBA, 0xFFBA, 0xFFBA, 0xFF9A, 0xFFBA, 0xFFBA, 0xFF9A,
    0xFFBA, 0xFFBA, 0xFFBA, 0xFFBA, 0xFFBA, 0xFFBA, 0xFFBA, 0xFFBA, 0xFFBA, 0xFFBA, 0xFFBA, 0xFFBA, 0xFF78, 0xFF37, 0xFF57, 0xFF37,
    0xFF57, 0xFF37, 0xFF78, 0xEEF6, 0xAC2B, 0x8B08, 0xC530, 0xFFF9, 0xFF36, 0xFEF5, 0xDDB0, 0xBC6B, 0xCCEC, 0xF6B5, 0xFF78, 0xF717,
    0xEED6, 0xF6F7, 0xEEB6, 0xEE74, 0xDDB0, 0xDDB0, 0xDDB0, 0xDDD0, 0xDDD1, 0xDDD0, 0xDD90, 0xDD6F, 0xD52D, 0xA3A9, 0x9348, 0x7A24,
    0x5920, 0xC50F, 0xAC0C, 0x8B28, 0xF6F7, 0xF6D6, 0xEE53, 0xEE54, 0xE654, 0xEE74, 0xEE75, 0xEE96, 0xEE96, 0xEE96, 0xEE95, 0xEE95,
    0xEE95, 0xEE95, 0xEE95, 0xEE95, 0xEE75, 0xEE95, 0xEE95, 0xEE75, 0xEE75, 0xEE75, 0xE654, 0xE633, 0xE633, 0xE634, 0xE633, 0xE632,
    0xE632, 0xE612, 0xE611, 0xE612, 0xE612, 0xE612, 0xE612, 0xE612, 0xEE13, 0xE612, 0xE5F0, 0xE5CF, 0xE5CF, 0xDD6D, 0xDD4D, 0xDD4D,
    0xDD4D, 0xD4CB, 0xCC8A, 0xCC8A, 0xCC6A, 0xC449, 0xBC09, 0xC409, 0xBC09, 0xC429, 0xC429, 0xC44A, 0xD4AB, 0xD4AB, 0xD4AB, 0xD4AB,
    0xCCAB, 0x92C5, 0xA326, 0xCC8B, 0xD4AB, 0xD4AB, 0xD4CB, 0xDD8E, 0xDD8F, 0xDD6E, 0xE5D0, 0xEE11, 0xE5F0, 0xE5F0, 0xE5F0, 0xE5F0,
    0xEDF1, 0xEE11, 0xDD6E, 0xDD2D, 0xDD6E, 0xDD0C, 0xD4CB, 0xD4CB, 0xD4AB, 0xD4CB, 0xDCEC, 0xDCEC, 0xD4CB, 0xD4AB, 0xD4CB, 0xDD4D,
    0xDD4D, 0xDD4D, 0xDD4D, 0xDD6E, 0xE5AF, 0xE5AF, 0xDD8E, 0xE5AF, 0xE5AF, 0xDD6D, 0xDD4D, 0xDD6D, 0xE5AE, 0xDD6E, 0xE5D0, 0xE5F1,
    0xE5F2, 0xE612, 0xE612, 0xE613, 0xE612, 0xE612, 0xABEA, 0x9348, 0x8265, 0x9B48, 0xBC4C, 0xB42B, 0xB44C, 0xB44C, 0xBCAE, 0xC530,
    0xFF37, 0xFF37, 0xFF37, 0xFF37, 0xFF38, 0xFF38, 0xFF38, 0xFF38, 0xFF38, 0xFF38, 0xFF38, 0xFF38, 0xFF38, 0xFF38, 0xFF38, 0xFF37,
    0xFF37, 0xFF37, 0xFF37, 0xFF37, 0xFF37, 0xF717, 0xF737, 0xF737, 0xFF79, 0xFFBA, 0xFFBA, 0xFFBA, 0xFFBA, 0xFFBA, 0xFFBA, 0xFFBA,
    0xFFBA, 0xFFBA, 0xFFBB, 0xFFBA, 0xFFBA, 0xFFBA, 0xFFBA, 0xFF9A, 0xFF9A, 0xFF9A, 0xFF9A, 0xFF9A, 0xFF9A, 0xFF9A, 0xFF9A, 0xFF9A,
    0xFF9A, 0xFF9A, 0xFF9A, 0xFF9A, 0xFF9A, 0xFFBA, 0xFF9A, 0xFFBA, 0xFFBA, 0xFFBA, 0xFFBA, 0xFFBA, 0xFF9A, 0xFFBA, 0xFFBA, 0xFFBA,
    0xFFBA, 0xFFBA, 0xFFBA, 0xFFBA, 0xFFBA, 0xFFBA, 0xFFBA, 0xFFBA, 0xFFBA, 0xFFBA, 0xFFBA, 0xFFBA, 0xFFB9, 0xFF37, 0xFF37, 0xFF37,
    0xFF37, 0xFF57, 0xFF37, 0xFF57, 0xFFB9, 0xA3AA, 0x9B89, 0xD5F2, 0xF736, 0xFF36, 0xDDB0, 0xBC6B, 0xCCCD, 0xE632, 0xEED5, 0xEEB5,
    0xEE95, 0xEEB5, 0xE612, 0xDDB0, 0xDDD1, 0xDDB0, 0xDDB0, 0xDDB0, 0xDDB0, 0xDDB0, 0xD56F, 0xC4CD, 0xCD0E, 0x8AE7, 0x48C0, 0x8AA6,
    0x9B68, 0x69E2, 0x6182, 0x6A24, 0xCD50, 0xC50F, 0x9368, 0x9307, 0xCD2F, 0xF6D6, 0xEEB5, 0xEE75, 0xE655, 0xEE95, 0xEE95, 0xEE95,
    0xEE95, 0xEE95, 0xEE95, 0xEE95, 0xEE95, 0xEE95, 0xEE95, 0xEE95, 0xEE75, 0xEE75, 0xEE75, 0xE654, 0xE633, 0xE654, 0xE633, 0xE632,
    0xE632, 0xE632, 0xE611, 0xE5D0, 0xE5F1, 0xE612, 0xE612, 0xE611, 0xE611, 0xE612, 0xE5F0, 0xE5CF, 0xE5CF, 0xDD6D, 0xDD2C, 0xD4CB,
    0xD50C, 0xCCCB, 0xCCAB, 0xCCAA, 0xBC09, 0xC409, 0xC409, 0xC409, 0xBC09, 0xC44A, 0xCCAB, 0xCCAB, 0xCCAA, 0xD4AB, 0xD4AB, 0xD4AB,
    0xD4EB, 0x9284, 0xA326, 0xD4EB, 0xCCAB, 0xD4CB, 0xD4CB, 0xDD8F, 0xE5D0, 0xDD8F, 0xE5D0, 0xE5F0, 0xE5F0, 0xE5F0, 0xE5F0, 0xE611,
    0xE5F0, 0xE5F0, 0xDD8E, 0xD4EC, 0xD50C, 0xDCEC, 0xD4CC, 0xD4CB, 0xD4AB, 0xD4AB, 0xD4CB, 0xDD2C, 0xDD0C, 0xD4CB, 0xD4CB, 0xDD4D,
    0xDD4D, 0xDD4D, 0xDD4D, 0xDD6D, 0xE5AF, 0xE5CF, 0xDD4D, 0xDD8E, 0xE5CF, 0xE58E, 0xDD6E, 0xDD4D, 0xDD6E, 0xE5D1, 0xE5F2, 0xE612,
    0xE5F2, 0xE612, 0xE612, 0xE633, 0xDDD1, 0xDDB0, 0x7224, 0x6982, 0xBC6C, 0xB42B, 0xB40B, 0xB40A, 0xB40B, 0xB3EA, 0xBC4C, 0xBC8D,
    0xFF37, 0xFF37, 0xFF37, 0xFF37, 0xFF38, 0xFF38, 0xFF38, 0xFF38, 0xFF38, 0xFF38, 0xFF38, 0xFF38, 0xFF38, 0xFF38, 0xFF38, 0xFF38,
    0xFF37, 0xF737, 0xF737, 0xFF37, 0xFF37, 0xF737, 0xF737, 0xF737, 0xFF79, 0xFFBA, 0xFFBA, 0xFFBA, 0xFFBA, 0xFFBA, 0xFFBA, 0xFFBA,
    0xFFBA, 0xFFBA, 0xFFBB, 0xFFBB, 0xFFBA, 0xFFBB, 0xFF9A, 0xFFBA, 0xFF99, 0xFF99, 0xFF9A, 0xFF9A, 0xFF9A, 0xFF9A, 0xFF9A, 0xFF9A,
    0xFF9A, 0xFF9A, 0xFF9A, 0xFF9A, 0xFF9A, 0xFF9A, 0xFF9A, 0xFF9A, 0xFFBA, 0xFF9A, 0xFFBA, 0xFFBA, 0xFFBA, 0xFFBA, 0xFFBA, 0xFFBA,
    0xFFBA, 0xFFBA, 0xFFBA, 0xFFBA, 0xFFBA, 0xFFBA, 0xFFBA, 0xFFBA, 0xFFBA, 0xFFBA, 0xFFBA, 0xFFBA, 0xFF99, 0xFF37, 0xFF37, 0xFF37,
    0xFF37, 0xFF37, 0xFF57, 0xFF57, 0xFF37, 0xFFF9, 0xAC4C, 0x71C3, 0xD5B1, 0xEE73, 0xDDB0, 0xBC6B, 0xCCED, 0xCD0E, 0xDDB0, 0xE5F2,
    0xDDF2, 0xDDF1, 0xDDD1, 0xDDD1, 0xDDB0, 0xDDB0, 0xDD90, 0xD58F, 0xCD2E, 0xC4ED, 0xD54F, 0x9348, 0x5120, 0x69C3, 0x9B48, 0xA3A9,
    0xA3A9, 0x9307, 0x9B89, 0x9328, 0x6A03, 0x7204, 0x7203, 0x69A1, 0xA3C9, 0xCD30, 0xB48D, 0xD5B1, 0xEE54, 0xEE75, 0xEE96, 0xEE95,
    0xEE95, 0xEE95, 0xEE95, 0xEE95, 0xEE95, 0xEE95, 0xEE95, 0xEE95, 0xEE75, 0xEE75, 0xEE75, 0xEE54, 0xE654, 0xE654, 0xE653, 0xE633,
    0xE632, 0xE632, 0xE612, 0xE5D0, 0xE5D0, 0xE611, 0xE612, 0xE5F0, 0xE5CF, 0xE5F0, 0xE5F1, 0xE5AF, 0xDD4D, 0xDD4D, 0xDD4D, 0xC449,
    0xC46A, 0xCCAB, 0xCCAB, 0xCCAA, 0xC429, 0xC429, 0xBC09, 0xBC09, 0xBC09, 0xC429, 0xCC6A, 0xD4AB, 0xCCAA, 0xD4AB, 0xD4AB, 0xD4AB,
    0xC429, 0x8A84, 0xA367, 0xD4EC, 0xCCAB, 0xD4CC, 0xD4CC, 0xD50D, 0xE5B0, 0xE5D0, 0xE5D0, 0xE5D0, 0xE5F0, 0xE5F0, 0xE5F0, 0xEE11,
    0xDD8F, 0xD52D, 0xDD6E, 0xD4EC, 0xD4EC, 0xD4CC, 0xD4CC, 0xD4CC, 0xD4CB, 0xD4AB, 0xD4AB, 0xDD0C, 0xDD2D, 0xDD0C, 0xD4EC, 0xDD4D,
    0xDD4D, 0xDD4D, 0xDD4D, 0xDD6D, 0xE5AF, 0xE5CF, 0xDD6D, 0xDD4D, 0xDD8F, 0xE5AF, 0xDD8F, 0xDD4D, 0xE58E, 0xE5F1, 0xE5F2, 0xE5F1,
    0xE5F2, 0xE612, 0xE612, 0xEE74, 0xBCAD, 0x7203, 0x8AE7, 0x9B28, 0xB40B, 0xB40B, 0xB40B, 0xB40B, 0xB40B, 0xB40B, 0xB40B, 0xABEB,
    0xFF37, 0xFF37, 0xFF37, 0xFF37, 0xFF58, 0xFF58, 0xFF38, 0xFF38, 0xFF38, 0xFF38, 0xFF38, 0xFF38, 0xFF38, 0xFF38, 0xFF38, 0xFF38,
    0xFF37, 0xFF37, 0xFF37, 0xF737, 0xF737, 0xF737, 0xFF37, 0xF737, 0xFF9A, 0xFFBA, 0xFFBA, 0xFFBA, 0xFFBA, 0xFFBA, 0xFFBA, 0xFFBA,
    0xFFBA, 0xFFBA, 0xFFBA, 0xFFBB, 0xFFBB, 0xFFBB, 0xFF9A, 0xFF9A, 0xFF9A, 0xFF9A, 0xFF9A, 0xFF9A, 0xFF9A, 0xFF9A, 0xFF9A, 0xFF9A,
    0xFF9A, 0xFF9A, 0xFF9A, 0xFF9A, 0xFF9A, 0xFF9A, 0xFF9A, 0xFF9A, 0xFFBA, 0xFFBA, 0xFFBA, 0xFFBA, 0xFFBA, 0xFFBA, 0xFFBA, 0xFFBA,
    0xFFBA, 0xFF9A, 0xFFBA, 0xFFBA, 0xFFBA, 0xFFBA, 0xFFBA, 0xFFBA, 0xFFBA, 0xFFBA, 0xFFBA, 0xFFBA, 0xFF9A, 0xFF58, 0xFF37, 0xFF37,
    0xFF37, 0xFF37, 0xFF37, 0xFF37, 0xFF37, 0xFF57, 0xF6D5, 0xE653, 0x69C2, 0x9306, 0xEE32, 0xC4CC, 0xD52E, 0xBC8C, 0xDDD1, 0xF6B4,
    0xEE73, 0xEE53, 0xEE53, 0xE633, 0xE632, 0xE612, 0xD56F, 0xD54E, 0xD54E, 0xBCAC, 0x69E3, 0x5941, 0x8285, 0xA389, 0xA3A9, 0xA3A9,
    0xA3A9, 0xABCA, 0xABEA, 0xAC0B, 0xABEA, 0xABEA, 0xB42B, 0x9327, 0x7224, 0x7A44, 0x7203, 0x8AE7, 0x9389, 0xEE34, 0xE5D2, 0xE633,
    0xEE96, 0xEE96, 0xEE96, 0xEE95, 0xEE95, 0xEE96, 0xEED7, 0xEEB6, 0xEE75, 0xEE95, 0xEE75, 0xEE74, 0xE654, 0xE654, 0xE654, 0xE654,
    0xE611, 0xE612, 0xE612, 0xE5D0, 0xE5CF, 0xDD4E, 0xE5D0, 0xE5D0, 0xDD2D, 0xDD0D, 0xDD2E, 0xDDAF, 0xDD4D, 0xCC8A, 0xCC6A, 0xC429,
    0xC3E8, 0xBC09, 0xC429, 0xC429, 0xBC09, 0xBC09, 0xC429, 0xCC6A, 0xC46A, 0xBC29, 0xC449, 0xD4AA, 0xCCAA, 0xD4AB, 0xD4AB, 0xD4EB,
    0x8AC5, 0x7A03, 0xC46B, 0xD4CC, 0xCCCB, 0xCCCC, 0xD4EC, 0xD4ED, 0xD54E, 0xE5D0, 0xE5D0, 0xE5D0, 0xE5F0, 0xE5F0, 0xE5F1, 0xEE11,
    0xDD6F, 0xD4EC, 0xD4EC, 0xD4EC, 0xD4EC, 0xD4CC, 0xD4CC, 0xD4CC, 0xD4CB, 0xD4EC, 0xD4EC, 0xD4EB, 0xDD2C, 0xDD4D, 0xDD4D, 0xDD4D,
    0xDD6D, 0xDD4D, 0xDD4D, 0xDD6E, 0xE5CF, 0xE5D0, 0xDD6E, 0xDD4D, 0xDD6E, 0xE5D0, 0xE5D0, 0xDD6E, 0xDD8F, 0xE5F1, 0xE5F2, 0xE5F2,
    0xE5F2, 0xE612, 0xE5F2, 0xEE53, 0xBCAD, 0x5920, 0xABCA, 0xBC4C, 0xB40B, 0xB40B, 0xB40B, 0xB40B, 0xB40B, 0xB40B, 0xB40B, 0xB40B,
    0xFF58, 0xFF37, 0xFF38, 0xFF37, 0xFF58, 0xFF58, 0xFF38, 0xFF58, 0xFF58, 0xFF58, 0xFF58, 0xFF38, 0xFF58, 0xFF58, 0xFF38, 0xFF38,
    0xFF38, 0xFF38, 0xFF38, 0xFF38, 0xFF38, 0xF738, 0xFF38, 0xFF38, 0xFF79, 0xFFBA, 0xFFBA, 0xFFBA, 0xFFBA, 0xFFBA, 0xFFBA, 0xFFBA,
    0xFFBA, 0xFFBA, 0xFFBA, 0xFFBA, 0xFFBA, 0xFF9A, 0xFFBA, 0xFF9A, 0xFF9A, 0xFF99, 0xFF9A, 0xFF9A, 0xFF9A, 0xFF9A, 0xFF9A, 0xFF9A,
    0xFF9A, 0xFF9A, 0xFF9A, 0xFF9A, 0xFFBA, 0xFF9A, 0xFF9A, 0xFF9A, 0xFFBA, 0xFF9A, 0xFFBA, 0xFFBA, 0xFF9A, 0xFF9A, 0xFFBA, 0xFF9A,
    0xFF9A, 0xFFBA, 0xFFBA, 0xFFBA, 0xFFBA, 0xFFBA, 0xFFBA, 0xFFBA, 0xFFBA, 0xFFBA, 0xFFBA, 0xFFBA, 0xFFBA, 0xFF99, 0xFF37, 0xFF37,
    0xFF37, 0xFF37, 0xFF37, 0xFF37, 0xFF37, 0xFF37, 0xFF78, 0xFF57, 0xC50F, 0xBCEE, 0x9B48, 0x8AE6, 0x8AE7, 0x8AE6, 0x9BA9, 0xA3EB,
    0xA3EB, 0xA3EB, 0xA3EB, 0xA3EB, 0xA3EB, 0xA3EA, 0xA3A9, 0x8AE6, 0x8AE6, 0x8285, 0x7A44, 0x8AC6, 0x9B68, 0xABCA, 0xA3A9, 0xA3CA,
    0xABEB, 0xABEA, 0xABEA, 0xAC0A, 0xAC0B, 0xAC0B, 0xAC0B, 0xAC0B, 0xB40B, 0xB42B, 0xABEA, 0x7A24, 0x7A24, 0x9B89, 0x7A44, 0xC4EF,
    0xF6B5, 0xE634, 0xEE95, 0xEE96, 0xEEB6, 0xEEB6, 0xEED7, 0xEE96, 0xEE75, 0xEE95, 0xEE75, 0xEE75, 0xEE74, 0xEE54, 0xE654, 0xEE54,
    0xE611, 0xE5D0, 0xE5D0, 0xE5D0, 0xE5CF, 0xDD0C, 0xDD2D, 0xDDAF, 0xDD0C, 0xD4CB, 0xD4AA, 0xD4EC, 0xE58E, 0xCCAB, 0xBBC8, 0xC409,
    0xC409, 0xC409, 0xBC09, 0xBC09, 0xC409, 0xBC09, 0xCC6A, 0xD4CB, 0xCCAA, 0xCC8A, 0xCC8A, 0xD4AB, 0xD4AA, 0xD4AB, 0xD4AB, 0xA346,
    0x92C5, 0xB3E9, 0xCCAC, 0xCCCC, 0xCCCC, 0xDD4E, 0xD52E, 0xCCED, 0xD54E, 0xE5D0, 0xE5D0, 0xE5F1, 0xE5F1, 0xE5F1, 0xDD6E, 0xE5AF,
    0xDD6E, 0xD4EC, 0xD4EC, 0xD4EC, 0xD4EC, 0xD4EC, 0xD4CC, 0xD4CC, 0xD4CC, 0xD50C, 0xDD4D, 0xD4EC, 0xDD0C, 0xDD4D, 0xDD4D, 0xDD6D,
    0xE5AE, 0xDD6D, 0xDD4D, 0xDD6E, 0xE5CF, 0xE5F0, 0xE5D0, 0xDD6E, 0xDD6E, 0xE5D0, 0xE5F1, 0xE5D1, 0xDDB0, 0xE5F2, 0xE5F2, 0xE5F2,
    0xE5F2, 0xE5F2, 0xEE33, 0x9348, 0x8285, 0xA3AA, 0xABEB, 0xB40B, 0xB40B, 0xB40B, 0xB40B, 0xB40B, 0xB40B, 0xB40B, 0xB40B, 0xB40B,
    0xFF38, 0xFF38, 0xFF58, 0xFF58, 0xFF58, 0xFF58, 0xFF58, 0xFF58, 0xFF58, 0xFF58, 0xFF58, 0xFF58, 0xFF58, 0xFF58, 0xFF38, 0xFF38,
    0xFF37, 0xFF37, 0xFF37, 0xFF38, 0xFF38, 0xFF38, 0xFF38, 0xFF38, 0xFF37, 0xFF99, 0xFFBA, 0xFFBA, 0xFFBA, 0xFFBB, 0xFFBA, 0xFFBA,
    0xFFBA, 0xFFBA, 0xFFBA, 0xFFBA, 0xFFBA, 0xFF9A, 0xFFBA, 0xFFBA, 0xFF9A, 0xFF9A, 0xFF9A, 0xFF9A, 0xFF9A, 0xFF9A, 0xFF9A, 0xFF9A,
    0xFF9A, 0xFF9A, 0xFF9A, 0xFF9A, 0xFF9A, 0xFF9A, 0xFF9A, 0xFF9A, 0xFF9A, 0xFF9A, 0xFFBA, 0xFFBA, 0xFF9A, 0xFF9A, 0xFFBA, 0xFF9A,
    0xFFBA, 0xFFBA, 0xFFBA, 0xFFBA, 0xFFBA, 0xFFBA, 0xFFBA, 0xFFBA, 0xFFBA, 0xFF9A, 0xFFBA, 0xFFB9, 0xFFBA, 0xFF99, 0xFF37, 0xFF37,
    0xFF37, 0xFF37, 0xFF37, 0xFF37, 0xFF37, 0xFF37, 0xFF37, 0xFF37, 0xFFB9, 0xEEF5, 0x7224, 0x71E3, 0x69A2, 0x61A2, 0x5982, 0x5962,
    0x6161, 0x5961, 0x5961, 0x5962, 0x5962, 0x5962, 0x5962, 0x6162, 0x6162, 0x5941, 0x9328, 0xB44B, 0xABEA, 0xABEA, 0xABCA, 0xABEA,
    0xAC0B, 0xAC0B, 0xAC0B, 0xAC0B, 0xAC0B, 0xAC0B, 0xAC0B, 0xAC0B, 0xAC0B, 0xAC2B, 0xAC2B, 0xB42B, 0xB42B, 0x7A65, 0x7A65, 0x9B88,
    0x8264, 0xB46C, 0xFF17, 0xEE96, 0xEE75, 0xEE96, 0xEEB6, 0xEE95, 0xEE95, 0xEE95, 0xEE75, 0xEE75, 0xEE75, 0xE654, 0xE653, 0xEE54,
    0xE611, 0xE5B0, 0xE5D0, 0xE5CF, 0xDD6E, 0xDD2C, 0xD4EC, 0xDD0C, 0xD4EC, 0xD4CB, 0xD4AB, 0xCC6A, 0xD4AB, 0xD4CB, 0xC409, 0xC409,
    0xC408, 0xC409, 0xC409, 0xC409, 0xC409, 0xC449, 0xCC8A, 0xCCAA, 0xD4CB, 0xD4CB, 0xD4CB, 0xD4CB, 0xD4CB, 0xCCAA, 0xDD0C, 0x8264,
    0x8AA5, 0xDD2D, 0xCCAC, 0xCCAC, 0xCCCC, 0xDD6F, 0xD54E, 0xCCED, 0xDD4E, 0xE5D0, 0xE5D0, 0xDD8F, 0xE5D0, 0xE611, 0xDD4D, 0xD4EC,
    0xD50D, 0xD4EC, 0xD4EC, 0xD4EC, 0xD4EC, 0xD4EC, 0xD4CC, 0xD4CC, 0xD4CC, 0xD50C, 0xDD4D, 0xDD4D, 0xDD2D, 0xDD4D, 0xDD4D, 0xDD4E,
    0xE5CF, 0xE5AF, 0xE58E, 0xE5AF, 0xE5D0, 0xE5D0, 0xE5F1, 0xE5AF, 0xDD6E, 0xE5D1, 0xE5F1, 0xE5F1, 0xE5F2, 0xE5F2, 0xE5D2, 0xE5F2,
    0xE5F2, 0xCD2F, 0xB42B, 0x8AA6, 0x92E7, 0xBC4C, 0xB40B, 0xB40B, 0xB40B, 0xB40B, 0xB40B, 0xB40B, 0xB40B, 0xB40B, 0xB40B, 0xB40B,
    0xFF38, 0xFF38, 0xFF58, 0xFF58, 0xFF58, 0xFF58, 0xFF58, 0xFF58, 0xFF58, 0xFF58, 0xFF58, 0xFF58, 0xFF58, 0xFF58, 0xFF38, 0xFF37,
    0xFF38, 0xFF38, 0xFF38, 0xFF38, 0xFF38, 0xFF37, 0xFF37, 0xFF37, 0xFF37, 0xFF99, 0xFFBA, 0xFFBA, 0xFFBA, 0xFFBB, 0xFFBA, 0xFFBA,
    0xFFBA, 0xFF9A, 0xFF9A, 0xFFBA, 0xFFBA, 0xFFBA, 0xFF9A, 0xFFBA, 0xFF9A, 0xFF9A, 0xFF9A, 0xFF9A, 0xFF9A, 0xFF9A, 0xFF9A, 0xFF9A,
    0xFFBA, 0xFFBA, 0xFF9A, 0xFF9A, 0xFF9A, 0xFF9A, 0xFF9A, 0xFF9A, 0xFF9A, 0xFF9A, 0xFF9A, 0xFF9A, 0xFFBA, 0xFFBA, 0xFF9A, 0xFFBA,
    0xFFBA, 0xFFBA, 0xFFBA, 0xFFBA, 0xFFBA, 0xFFBA, 0xFF9A, 0xFF9A, 0xFF9A, 0xFF9A, 0xFFBA, 0xFFBA, 0xFFBA, 0xFF99, 0xFF57, 0xFF37,
    0xFF37, 0xFF37, 0xFF37, 0xFF37, 0xFF37, 0xFF37, 0xFF37, 0xFF37, 0xFF17, 0xF716, 0xF6F6, 0xEE94, 0xC4CD, 0xC4CD, 0xC4CD, 0xC4AD,
    0xC4AD, 0xC4AC, 0xBC8C, 0xBC6C, 0xBC6C, 0xBC6C, 0xB44C, 0xB44C, 0xB42C, 0xB42B, 0xB42B, 0xB42B, 0xB42B, 0xB42B, 0xB42B, 0xAC2B,
    0xAC0B, 0xAC0B, 0xAC0B, 0xAC0B, 0xAC0B, 0xAC0B, 0xAC0B, 0xAC0B, 0xAC0B, 0xAC0B, 0xAC2B, 0xB42B, 0xB44C, 0xB46C, 0xC4CE, 0x9B89,
    0x5920, 0xA3CA, 0xD592, 0xDDF3, 0xE654, 0xEE75, 0xEE95, 0xEE95, 0xEE95, 0xEE95, 0xEE95, 0xEE75, 0xEE75, 0xEE53, 0xEE53, 0xEE53,
    0xE5F1, 0xE5AF, 0xE5D0, 0xE5AF, 0xDD0D, 0xDD0C, 0xD4EC, 0xD4CB, 0xD4CB, 0xD4CB, 0xD4AB, 0xCC8A, 0xCC6A, 0xCC8A, 0xC449, 0xC409,
    0xC409, 0xC429, 0xC449, 0xC449, 0xC429, 0xC429, 0xC429, 0xCC6A, 0xCC8A, 0xD4CB, 0xD4CB, 0xD4EB, 0xD4EB, 0xCCCB, 0xC44A, 0x8AA5,
    0x9306, 0xD4ED, 0xCCAC, 0xCCAC, 0xCCCC, 0xDD4F, 0xDD4F, 0xD4ED, 0xDD4F, 0xE5D0, 0xE5D0, 0xD52E, 0xD54E, 0xDDB0, 0xDD2E, 0xD4EC,
    0xD4EC, 0xD4EC, 0xD4EC, 0xD4EC, 0xD4EC, 0xD4EC, 0xD4EC, 0xD4EC, 0xD4CC, 0xD50C, 0xDD2D, 0xDD6E, 0xDD6E, 0xDD6E, 0xDD4D, 0xDD4D,
    0xE5AF, 0xE5CF, 0xE5CF, 0xE5CF, 0xE5D0, 0xE5F0, 0xE5F2, 0xE5F2, 0xE5B0, 0xDDD0, 0xE5F2, 0xE5F2, 0xE5F2, 0xE5F2, 0xE5D2, 0xDDD1,
    0xE612, 0xBCAD, 0x50E0, 0x8AA6, 0xBC6C, 0xABEA, 0xB40B, 0xB40B, 0xB40B, 0xB40B, 0xB40B, 0xB40B, 0xB40B, 0xB40B, 0xB40B, 0xB40B,
    0xFF58, 0xFF58, 0xFF58, 0xFF58, 0xFF58, 0xFF58, 0xFF38, 0xFF38, 0xFF58, 0xFF58, 0xFF58, 0xFF58, 0xFF58, 0xFF58, 0xFF58, 0xFF38,
    0xFF58, 0xFF58, 0xFF38, 0xFF38, 0xFF38, 0xFF37, 0xFF37, 0xFF37, 0xFF37, 0xFF9A, 0xFFBB, 0xFFBA, 0xFFBA, 0xFFBA, 0xFFBA, 0xFFBA,
    0xFFBA, 0xFF9A, 0xFF9A, 0xFFBA, 0xFFBA, 0xFF9A, 0xFF9A, 0xFF9A, 0xFFBA, 0xFFBA, 0xFFBA, 0xFFBA, 0xFFBA, 0xFFBA, 0xFF9A, 0xFF9A,
    0xFFBA, 0xFFBA, 0xFFBA, 0xFF9A, 0xFF9A, 0xFF9A, 0xFF9A, 0xFF9A, 0xFFBA, 0xFFBA, 0xFF9A, 0xFFBA, 0xFF9A, 0xFFBA, 0xFFBA, 0xFF9A,
    0xFFBA, 0xFFBA, 0xFFBA, 0xFF9A, 0xFF9A, 0xFF9A, 0xFF9A, 0xFF9A, 0xFFBA, 0xFFBA, 0xFFBA, 0xFFBA, 0xFFBA, 0xFFBA, 0xFF99, 0xFF37,
    0xFF37, 0xFF37, 0xFF37, 0xFF37, 0xFF37, 0xFF37, 0xFF37, 0xFF37, 0xFF37, 0xFF37, 0xFF57, 0xF6F6, 0xD5B1, 0xD5B1, 0xD5B1, 0xD591,
    0xD590, 0xD590, 0xD590, 0xC50E, 0xC4AC, 0xBCAD, 0xBC8C, 0xBC6C, 0xBC6C, 0xBC6C, 0xB44C, 0xB44C, 0xB44B, 0xB42B, 0xB42B, 0xAC2B,
    0xB42B, 0xB42B, 0xAC0B, 0xAC0B, 0xAC0B, 0xAC0B, 0xAC2B, 0xAC2B, 0xB42B, 0xAC0B, 0xB46C, 0xBCCE, 0xBCCE, 0xBCCE, 0xBCCE, 0xBCAD,
    0xB46D, 0x9369, 0x5941, 0xBCAE, 0xEE95, 0xE655, 0xEE76, 0xEE95, 0xEE95, 0xEE95, 0xEE95, 0xEE95, 0xEE74, 0xEE32, 0xEE32, 0xEE52,
    0xE5F1, 0xE5CF, 0xE5CF, 0xE5AF, 0xE56E, 0xDD2D, 0xD4EC, 0xD4EB, 0xD4CB, 0xD4CB, 0xD4AB, 0xCC8A, 0xCC8A, 0xCC8A, 0xCC6A, 0xC429,
    0xC429, 0xCC49, 0xD4AA, 0xD4AA, 0xCCAA, 0xCC6A, 0xC429, 0xC429, 0xC429, 0xCC6A, 0xD4EC, 0xD4EC, 0xD4EC, 0xCCCB, 0x7202, 0xABC9,
    0xCCCD, 0xCCAC, 0xCCAC, 0xCCAC, 0xCCCD, 0xD52E, 0xDD4F, 0xD52E, 0xD4ED, 0xD52E, 0xE5D0, 0xD52E, 0xCCCC, 0xD4ED, 0xD4ED, 0xD4EC,
    0xD4EC, 0xD4EC, 0xD4EC, 0xD4EC, 0xD4EC, 0xD4EC, 0xD4EC, 0xD50D, 0xD50D, 0xD50D, 0xD52D, 0xDD6E, 0xDD6E, 0xDD6E, 0xDD4E, 0xDD4E,
    0xE5AF, 0xE5CF, 0xE5CF, 0xE5D0, 0xE5F1, 0xE5F1, 0xE5F1, 0xE5F2, 0xE5F1, 0xE5D1, 0xE5F2, 0xE5F2, 0xE5F2, 0xDDB1, 0xDDB1, 0xE612,
    0xA3CA, 0x8285, 0x9B48, 0xABCA, 0xB40B, 0xB40B, 0xB40B, 0xB40B, 0xB40B, 0xB40B, 0xB40B, 0xB40B, 0xB40B, 0xB40B, 0xB40B, 0xB40B,
    0xFF58, 0xFF58, 0xFF58, 0xFF58, 0xFF58, 0xFF58, 0xFF58, 0xFF58, 0xFF58, 0xFF58, 0xFF58, 0xFF58, 0xFF58, 0xFF58, 0xFF58, 0xFF58,
    0xFF58, 0xFF58, 0xFF58, 0xFF58, 0xFF38, 0xFF58, 0xFF38, 0xFF38, 0xFF38, 0xFF9A, 0xFFBB, 0xFFBA, 0xFFBA, 0xFF9A, 0xFFBA, 0xFF9A,
    0xFF9A, 0xFF9A, 0xFF9A, 0xFFBA, 0xFFBA, 0xFFBA, 0xFFBA, 0xFFBA, 0xFFBA, 0xFFBA, 0xFFBA, 0xFF9A, 0xFF9A, 0xFF9A, 0xFF9A, 0xFFBA,
    0xFFBA, 0xFFBA, 0xFFBA, 0xFF9A, 0xFF9A, 0xFF9A, 0xFF9A, 0xFF9A, 0xFF9A, 0xFF9A, 0xFFBA, 0xFFBA, 0xFFBA, 0xFFBA, 0xFFBA, 0xFFBA,
    0xFFBA, 0xFFBA, 0xFFBA, 0xFF9A, 0xFF9A, 0xFFBA, 0xFFBA, 0xFFBA, 0xFFBA, 0xFFBA, 0xFFBA, 0xFFBA, 0xFFBA, 0xFFBA, 0xFF99, 0xFF37,
    0xFF37, 0xFF37, 0xFF37, 0xFF37, 0xFF37, 0xFF37, 0xFF37, 0xFF37, 0xFF37, 0xFF37, 0xFF37, 0xFF37, 0xFF37, 0xFF57, 0xFF37, 0xFF57,
    0xFF57, 0xFF57, 0xFF78, 0xCD70, 0xBC6C, 0xBC8C, 0xBC6C, 0xBC8C, 0xBC6C, 0xBC6C, 0xB44C, 0xB44C, 0xB44B, 0xB42B, 0xAC0B, 0xAC0B,
    0xAC0B, 0xAC0B, 0xAC0B, 0xAC0B, 0xABEA, 0xB46C, 0xC4EE, 0xBCCE, 0xBCEE, 0xBCEE, 0xBCEE, 0xC50F, 0xC50F, 0xC50F, 0xC50F, 0xC50F,
    0xCD70, 0xA3CA, 0x50E0, 0xBC8E, 0xF6D6, 0xE654, 0xEE75, 0xEE75, 0xEE95, 0xEE54, 0xEE74, 0xEE95, 0xEE74, 0xEE32, 0xEE32, 0xEE32,
    0xEE11, 0xE5CF, 0xE5AF, 0xE5CF, 0xE5CF, 0xE5AF, 0xDD8E, 0xD4EC, 0xD4EB, 0xD4EB, 0xD4CB, 0xCC8A, 0xCC8A, 0xCC8A, 0xD48A, 0xCC8A,
    0xC449, 0xCC49, 0xD48A, 0xD4AB, 0xD4CB, 0xCCAA, 0xCC8A, 0xCC8A, 0xCC8A, 0xD4AB, 0xD4CB, 0xD4CB, 0xDD0C, 0xDD2D, 0x71E2, 0xAB89,
    0xD4ED, 0xCCAC, 0xCCAD, 0xCCAD, 0xCCAD, 0xCCCD, 0xD52E, 0xD52E, 0xD4ED, 0xD4EE, 0xDD6F, 0xD50E, 0xD4ED, 0xD4ED, 0xD4ED, 0xD4ED,
    0xD4EC, 0xD4EC, 0xD4EC, 0xD4EC, 0xD50C, 0xD50C, 0xD50C, 0xDD2D, 0xDD4E, 0xDD4E, 0xDD4E, 0xDD6E, 0xDD8E, 0xE5AF, 0xE5D0, 0xE5AF,
    0xE5AF, 0xE5CF, 0xE5CF, 0xE5D0, 0xE5F2, 0xE5F2, 0xE612, 0xE612, 0xE612, 0xE5F2, 0xE5F2, 0xE5F2, 0xE5F2, 0xDDB1, 0xCD2F, 0xE5D1,
    0x8B07, 0x5941, 0xABEA, 0xBC2B, 0xB40B, 0xB40B, 0xB40B, 0xB40B, 0xB40B, 0xB40B, 0xB40B, 0xB40B, 0xB40B, 0xB40B, 0xB40B, 0xB40B,
    0xFF58, 0xFF58, 0xFF58, 0xFF58, 0xFF58, 0xFF58, 0xFF58, 0xFF58, 0xFF58, 0xFF58, 0xFF58, 0xFF59, 0xFF58, 0xFF58, 0xFF58, 0xFF58,
    0xFF58, 0xFF58, 0xFF58, 0xFF58, 0xFF58, 0xFF58, 0xFF38, 0xFF58, 0xFF58, 0xFF59, 0xFF9A, 0xFFBA, 0xFFBA, 0xFF9A, 0xFF9A, 0xFF9A,
    0xFF9A, 0xFF9A, 0xFF9A, 0xFFBA, 0xFF9A, 0xFFBA, 0xFFBA, 0xFFBA, 0xFFBA, 0xFFBA, 0xFFBA, 0xFF9A, 0xFF9A, 0xFF9A, 0xFF9A, 0xFFBA,
    0xFFBA, 0xFFBA, 0xFFBA, 0xFF9A, 0xFFBA, 0xFF9A, 0xFF9A, 0xFF9A, 0xFF9A, 0xFFBA, 0xFFBA, 0xFFBA, 0xFFBA, 0xFFBA, 0xFFBA, 0xFFBA,
    0xFFBA, 0xFF9A, 0xFF9A, 0xFF9A, 0xFF9A, 0xFFBA, 0xFFBA, 0xFFBA, 0xFFBA, 0xFFBA, 0xFFBA, 0xFFBA, 0xFFBA, 0xFFBA, 0xFF99, 0xFF37,
    0xFF37, 0xFF37, 0xFF37, 0xFF37, 0xFF37, 0xFF37, 0xFF37, 0xFF37, 0xFF37, 0xFF37, 0xFF37, 0xFF37, 0xFF37, 0xFF37, 0xFF37, 0xFF37,
    0xFF37, 0xFF37, 0xFF57, 0xEEB4, 0xE633, 0xE694, 0xCD90, 0xB42B, 0xB46C, 0xBC6C, 0xBC6C, 0xB44C, 0xB44C, 0xB46C, 0xBCCD, 0xBCCD,
    0xBCAD, 0xBCAD, 0xBCAD, 0xBCAD, 0xBC8D, 0xBCCE, 0xC50F, 0xC50F, 0xC50F, 0xC50F, 0xC50F, 0xC50E, 0xC50F, 0xC50E, 0xC50E, 0xC4EE,
    0xC52F, 0xAC0B, 0x82E7, 0x9349, 0xA3CA, 0xE633, 0xEE95, 0xEE75, 0xEE75, 0xEE53, 0xEE53, 0xEE53, 0xEE33, 0xE632, 0xEE32, 0xEE32,
    0xEE11, 0xE5F0, 0xE5CF, 0xE5CF, 0xE5AF, 0xE5CF, 0xE5AF, 0xD4EC, 0xD4EB, 0xD4EB, 0xD4CB, 0xCC6A, 0xCC4A, 0xCC6A, 0xCC8A, 0xD4CB,
    0xD4AB, 0xD4AA, 0xCC69, 0xD4AB, 0xD4CB, 0xD4CB, 0xD4CB, 0xD4CB, 0xD4CB, 0xD4EB, 0xD4CB, 0xD4EC, 0xCCAB, 0xA367, 0x8AA5, 0xB3E9,
    0xCCCD, 0xCCAC, 0xCCAC, 0xCCAC, 0xCCAC, 0xCCAC, 0xCCCD, 0xD50E, 0xD4EE, 0xD4EE, 0xD4ED, 0xCCED, 0xCCED, 0xD4ED, 0xD4ED, 0xD4ED,
    0xD4ED, 0xD4EC, 0xD4EC, 0xD4EC, 0xD50C, 0xD50C, 0xD50C, 0xD52D, 0xDD4E, 0xDD4E, 0xDD4E, 0xDD6E, 0xDD8F, 0xE5B0, 0xE5F1, 0xE5F1,
    0xE5F1, 0xE5F1, 0xE5F1, 0xE5F1, 0xE5F2, 0xE5F2, 0xE5F2, 0xE5F2, 0xE5F2, 0xE612, 0xE5F2, 0xE5F2, 0xE5F2, 0xE632, 0xCD0E, 0x7A24,
    0x7A45, 0xA3AA, 0xABEA, 0xB40B, 0xB40B, 0xB40B, 0xB40B, 0xB40B, 0xB40B, 0xB40B, 0xB40B, 0xB40B, 0xB40B, 0xB40B, 0xB40B, 0xB40B,
    0xFF58, 0xFF58, 0xFF58, 0xFF58, 0xFF58, 0xFF58, 0xFF58, 0xFF58, 0xFF58, 0xFF58, 0xFF58, 0xFF58, 0xFF58, 0xFF58, 0xFF58, 0xFF58,
    0xFF58, 0xFF58, 0xFF58, 0xFF58, 0xFF58, 0xFF58, 0xFF58, 0xFF58, 0xFF58, 0xFF58, 0xFF9A, 0xFFBA, 0xFFBA, 0xFFBA, 0xFF9A, 0xFF9A,
    0xFF9A, 0xFF9A, 0xFFBA, 0xFFBA, 0xFF9A, 0xFFBA, 0xFFBA, 0xFFBA, 0xFF9A, 0xFFBA, 0xFFBA, 0xFF9A, 0xFF9A, 0xFF9A, 0xFF9A, 0xFFBA,
    0xFFBA, 0xFFBA, 0xFF9A, 0xFF9A, 0xFF9A, 0xFF9A, 0xFF9A, 0xFFBA, 0xFF9A, 0xFFBA, 0xFFBA, 0xFFBA, 0xFFBA, 0xFFBA, 0xFFBA, 0xFFBA,
    0xFFBA, 0xFF9A, 0xFF9A, 0xFF9A, 0xFF9A, 0xFFBA, 0xFFBA, 0xFFBA, 0xFFBA, 0xFFBA, 0xFFBA, 0xFFBA, 0xFFBA, 0xFFBA, 0xFFBA, 0xFF78,
    0xFF37, 0xFF37, 0xFF37, 0xFF37, 0xFF37, 0xFF37, 0xFF37, 0xFF37, 0xFF37, 0xFF37, 0xFF37, 0xFF37, 0xFF37, 0xFF37, 0xFF37, 0xFF37,
    0xFF57, 0xFF57, 0xFF57, 0xFF78, 0xFF78, 0xFF98, 0xEE94, 0xD590, 0xC50E, 0xB44B, 0xB44C, 0xB44C, 0xB44C, 0xB46C, 0xC52F, 0xC52F,
    0xC52F, 0xC52F, 0xC52F, 0xC52F, 0xC52F, 0xC50F, 0xC50F, 0xC50F, 0xC50F, 0xC50E, 0xC50F, 0xC50F, 0xC50F, 0xC50F, 0xC50F, 0xC50E,
    0xC50E, 0xC50F, 0xD5B0, 0x9348, 0x7A24, 0xE633, 0xEE75, 0xEE75, 0xEE74, 0xEE32, 0xEE32, 0xEE32, 0xEE32, 0xE632, 0xEE32, 0xEE32,
    0xEE31, 0xEE10, 0xE5CF, 0xE5AF, 0xE5AF, 0xE5CF, 0xE5AE, 0xD50C, 0xD4EB, 0xD4EB, 0xD4CB, 0xCC49, 0xCC49, 0xCC49, 0xCC6A, 0xD4CB,
    0xD4CB, 0xD4AA, 0xCC6A, 0xD48A, 0xD4CB, 0xD4CB, 0xD4CB, 0xD4CB, 0xD4EC, 0xDD0C, 0xD50C, 0xE56D, 0xCC8B, 0x6140, 0xB40A, 0xD4ED,
    0xC48C, 0xC48C, 0xCCAC, 0xCCAC, 0xCCAC, 0xCCAC, 0xCCAC, 0xD4ED, 0xD4EE, 0xD4ED, 0xD4ED, 0xD4ED, 0xCCED, 0xCCED, 0xD4ED, 0xD4EC,
    0xD4ED, 0xD4ED, 0xD4EC, 0xD50C, 0xD50C, 0xD50D, 0xD50C, 0xD52D, 0xDD4E, 0xDD4E, 0xDD4E, 0xDD6E, 0xE58F, 0xE5B0, 0xE5F1, 0xE5F2,
    0xE5F2, 0xE5F2, 0xE5F2, 0xE612, 0xE5F2, 0xE5F2, 0xE612, 0xE612, 0xE5F2, 0xE5F2, 0xE5F2, 0xE5F2, 0xDD91, 0xB46D, 0xA3EB, 0x7A44,
    0x8AC6, 0xB44B, 0xB40B, 0xB40B, 0xB40B, 0xB40B, 0xB40B, 0xB40B, 0xB42B, 0xB40B, 0xB40B, 0xB40B, 0xB40B, 0xB40B, 0xB40B, 0xB40B,
    0xFF58, 0xFF58, 0xFF58, 0xFF58, 0xFF58, 0xFF58, 0xFF58, 0xFF58, 0xFF58, 0xFF58, 0xFF58, 0xFF58, 0xFF58, 0xFF58, 0xFF58, 0xFF58,
    0xFF58, 0xFF58, 0xFF58, 0xFF58, 0xFF58, 0xFF58, 0xFF58, 0xFF58, 0xFF37, 0xFF58, 0xFF9A, 0xFF9A, 0xFFBA, 0xFFBA, 0xFFBA, 0xFFBA,
    0xFF9A, 0xFF9A, 0xFFBA, 0xFFBA, 0xFFBA, 0xFFBA, 0xFFBA, 0xFFBA, 0xFFBA, 0xFFBA, 0xFF9A, 0xFF9A, 0xFF9A, 0xFF9A, 0xFF9A, 0xFF9A,
    0xFF9A, 0xFF9A, 0xFF9A, 0xFF9A, 0xFF9A, 0xFF9A, 0xFFBA, 0xFFBA, 0xFF9A, 0xFFBA, 0xFFBA, 0xFFBA, 0xFFBA, 0xFFBA, 0xFF9A, 0xFF9A,
    0xFF9A, 0xFF9A, 0xFF9A, 0xFF9A, 0xFFBA, 0xFFBA, 0xFFBA, 0xFFBA, 0xFFBA, 0xFFBA, 0xFFBA, 0xFFBA, 0xFFBA, 0xFFBA, 0xFFBA, 0xFF99,
    0xFF37, 0xFF37, 0xFF37, 0xFF37, 0xFF37, 0xFF37, 0xFF37, 0xFF37, 0xFF37, 0xFF37, 0xFF37, 0xFF37, 0xFF37, 0xFF37, 0xFF37, 0xFF37,
    0xFF57, 0xFF37, 0xFF57, 0xFF37, 0xFF37, 0xFF37, 0xFF57, 0xFF97, 0xEEB4, 0xD5B1, 0xC52E, 0xC4CD, 0xC4CE, 0xC4EE, 0xC52F, 0xC52F,
    0xC50F, 0xC50F, 0xC50F, 0xC50F, 0xC50F, 0xC50F, 0xC50F, 0xC50F, 0xC50F, 0xC50F, 0xC50F, 0xC50F, 0xC50F, 0xC50F, 0xC50F, 0xC50F,
    0xC50F, 0xC4EE, 0xC54F, 0x9348, 0x8285, 0xE654, 0xEE75, 0xEE75, 0xEE74, 0xEE32, 0xEE32, 0xEE52, 0xEE52, 0xEE32, 0xEE32, 0xEE32,
    0xEE31, 0xEE10, 0xE5F0, 0xE5AF, 0xE5AF, 0xE5CF, 0xE5AF, 0xD4CB, 0xCC8A, 0xCC8A, 0xD4EB, 0xCC8A, 0xCC6A, 0xCC69, 0xD4AA, 0xD4CB,
    0xD4CB, 0xD4CB, 0xD4CB, 0xD4CB, 0xD4AA, 0xD4AB, 0xD4CB, 0xD4CB, 0xDD2C, 0xDD4D, 0xE56E, 0xDD6E, 0xABA8, 0x71C2, 0xABC9, 0xCCCD,
    0xC48C, 0xC46B, 0xC48C, 0xCCAC, 0xCCAC, 0xC4AC, 0xC4AC, 0xCCAC, 0xD4ED, 0xD4EE, 0xD4ED, 0xD4ED, 0xD4ED, 0xD4ED, 0xD4ED, 0xD4ED,
    0xD50D, 0xD50D, 0xD50D, 0xD50D, 0xD50D, 0xD50D, 0xD50D, 0xD52D, 0xDD6E, 0xDD8F, 0xDD8F, 0xDD8F, 0xE5AF, 0xE5B0, 0xE5F2, 0xE5F2,
    0xE5F2, 0xE5F2, 0xE5F2, 0xE612, 0xE612, 0xE612, 0xE612, 0xE612, 0xE5F2, 0xE5F2, 0xDDB1, 0xDDB1, 0xD591, 0x5941, 0x5100, 0xB46D,
    0xC4EE, 0xB40B, 0xABEA, 0xB40B, 0xB40B, 0xB40B, 0xB40B, 0xB42B, 0xB42B, 0xB42B, 0xB40B, 0xB40B, 0xB40B, 0xB40B, 0xB40B, 0xB40B,
    0xFF58, 0xFF58, 0xFF58, 0xFF58, 0xFF58, 0xFF58, 0xFF58, 0xFF58, 0xFF58, 0xFF58, 0xFF58, 0xFF58, 0xFF58, 0xFF58, 0xFF58, 0xFF58,
    0xFF58, 0xFF58, 0xFF58, 0xFF58, 0xFF58, 0xFF58, 0xFF58, 0xFF58, 0xFF38, 0xFF58, 0xFF99, 0xFF9A, 0xFFBA, 0xFFBA, 0xFFBA, 0xFFBA,
    0xFFBA, 0xFF9A, 0xFFBA, 0xFFBA, 0xFF9A, 0xFFBA, 0xFF9A, 0xFF9A, 0xFF9A, 0xFF9A, 0xFF9A, 0xFF9A, 0xFF9A, 0xFF9A, 0xFF9A, 0xFF9A,
    0xFF9A, 0xFF9A, 0xFF9A, 0xFF9A, 0xFFBA, 0xFFBA, 0xFFBA, 0xFFBA, 0xFF9A, 0xFFBA, 0xFFBA, 0xFF9A, 0xFF9A, 0xFFBA, 0xFF9A, 0xFF9A,
    0xFF9A, 0xFF9A, 0xFF9A, 0xFFBA, 0xFF9A, 0xFF9A, 0xFF9A, 0xFF9A, 0xFFBA, 0xFFBA, 0xFFBA, 0xFFBA, 0xFFBA, 0xFFBA, 0xFFBA, 0xFF99,
    0xFF37, 0xFF37, 0xFF37, 0xFF37, 0xFF37, 0xFF37, 0xFF37, 0xFF37, 0xFF37, 0xFF37, 0xFF37, 0xFF37, 0xFF37, 0xFF37, 0xFF37, 0xFF37,
    0xFF37, 0xFF37, 0xFF37, 0xFF57, 0xFF58, 0xFF57, 0xFF58, 0xFF79, 0xFF99, 0xFFDA, 0xE695, 0xD591, 0xCD70, 0xCD50, 0xCD2F, 0xC52F,
    0xC52F, 0xC50F, 0xC50F, 0xC50F, 0xC50F, 0xC50F, 0xC50F, 0xC50F, 0xC50F, 0xC50F, 0xC50F, 0xC50F, 0xC50F, 0xC50F, 0xC50F, 0xC50F,
    0xC50F, 0xC50E, 0xCD4F, 0x9348, 0x7A65, 0xE633, 0xEE75, 0xEE75, 0xEE74, 0xEE32, 0xEE32, 0xEE52, 0xEE32, 0xEE52, 0xEE32, 0xEE32,
    0xEE11, 0xE5F0, 0xE5CF, 0xE5CF, 0xE5AF, 0xE5AE, 0xE5AE, 0xD4CB, 0xCC6A, 0xCC8A, 0xD4AB, 0xD4CB, 0xD4EB, 0xD4CB, 0xD4CB, 0xD4CB,
    0xD4CB, 0xD4CB, 0xD4CB, 0xD4CB, 0xD4AA, 0xCC8A, 0xCCAA, 0xCCAA, 0xD4EB, 0xDD2C, 0xEDAE, 0xC4AB, 0x5961, 0xABA9, 0xCC8C, 0xCC8C,
    0xC46B, 0xBC2A, 0xC46B, 0xCCAC, 0xC48C, 0xC48C, 0xC48C, 0xC48C, 0xCCED, 0xD4ED, 0xD4ED, 0xCCED, 0xCCED, 0xCCED, 0xD50E, 0xD50E,
    0xD50D, 0xD50D, 0xD50D, 0xD50D, 0xD52E, 0xDD4E, 0xDD4E, 0xD54E, 0xDD6F, 0xE5B0, 0xE5B0, 0xE5B0, 0xE5B0, 0xE5D0, 0xE5F2, 0xE5F2,
    0xE5F2, 0xE5F2, 0xE612, 0xE612, 0xE612, 0xE612, 0xE612, 0xE5F2, 0xE612, 0xEE33, 0xEE53, 0xBCAD, 0x82A6, 0x9328, 0x9328, 0xB4AD,
    0xC50F, 0xB44C, 0xB42B, 0xB42B, 0xB42B, 0xB44C, 0xB40B, 0xB42B, 0xB42B, 0xB40B, 0xB42B, 0xB40B, 0xB40B, 0xB40B, 0xB40B, 0xB40B,
    0xFF58, 0xFF58, 0xFF58, 0xFF58, 0xFF58, 0xFF58, 0xFF58, 0xFF58, 0xFF58, 0xFF58, 0xFF58, 0xFF58, 0xFF58, 0xFF58, 0xFF58, 0xFF58,
    0xFF58, 0xFF58, 0xFF58, 0xFF58, 0xFF58, 0xFF58, 0xFF58, 0xFF58, 0xFF38, 0xFF37, 0xF758, 0xFF9A, 0xFFBA, 0xFFBA, 0xFFBA, 0xFFBA,
    0xFFBA, 0xFF9A, 0xFF9A, 0xFF9A, 0xFF9A, 0xFF9A, 0xFF9A, 0xFF9A, 0xFF9A, 0xFF9A, 0xFFBA, 0xFF9A, 0xFF9A, 0xFF9A, 0xFF9A, 0xFFBA,
    0xFFBA, 0xFF9A, 0xFF9A, 0xFFBA, 0xFFBA, 0xFFBA, 0xFFBA, 0xFFBA, 0xFF9A, 0xFF9A, 0xFFBA, 0xFFBA, 0xFFBA, 0xFF9A, 0xFF9A, 0xFF9A,
    0xFF9A, 0xFF99, 0xFF9A, 0xFF99, 0xFF99, 0xFF99, 0xFF99, 0xFF9A, 0xFFBA, 0xFFBA, 0xFFBA, 0xFFBA, 0xFFBA, 0xFFBA, 0xFFBA, 0xFF99,
    0xFF58, 0xFF37, 0xFF37, 0xFF37, 0xFF37, 0xFF37, 0xFF37, 0xFF37, 0xFF37, 0xFF37, 0xFF37, 0xFF37, 0xFF36, 0xFF37, 0xFF37, 0xFF57,
    0xFF78, 0xFF78, 0xFF78, 0xFF99, 0xFF99, 0xFF99, 0xFF99, 0xFF99, 0xFF99, 0xFF79, 0xFF99, 0xFF78, 0xD5D2, 0xC50E, 0xCD50, 0xC52F,
    0xC52F, 0xC52F, 0xC52F, 0xC52F, 0xC52F, 0xC52F, 0xC52F, 0xC50F, 0xC50F, 0xC50F, 0xC50F, 0xC50F, 0xC50F, 0xC50F, 0xC50F, 0xC50F,
    0xC50F, 0xC50E, 0xCD4F, 0x9348, 0x7A65, 0xE633, 0xEE75, 0xEE75, 0xEE74, 0xEE32, 0xEE32, 0xEE52, 0xEE52, 0xEE53, 0xE611, 0xEE32,
    0xEE11, 0xE5EF, 0xE5CF, 0xE5CF, 0xE5CF, 0xD50C, 0xDD0C, 0xD4EB, 0xCC69, 0xCC6A, 0xCC8A, 0xCC8A, 0xD4CB, 0xD4EB, 0xD4CB, 0xD4CB,
    0xD4CB, 0xD4CB, 0xD4CB, 0xD4CB, 0xD4CB, 0xD4CB, 0xD4CB, 0xCC8A, 0xD4CB, 0xDD4D, 0xE56E, 0xBC6B, 0x6181, 0xABC9, 0xC46B, 0xBC2A,
    0xBC2B, 0xBC0A, 0xBC4B, 0xC48C, 0xC48C, 0xC48C, 0xC48C, 0xC48C, 0xCCAC, 0xD4ED, 0xCCCD, 0xCCCD, 0xD4ED, 0xD50E, 0xD50E, 0xD50E,
    0xD50D, 0xD50D, 0xD50D, 0xD50D, 0xD54E, 0xD54E, 0xD54E, 0xDD8F, 0xDD90, 0xDDB0, 0xDDB0, 0xDDB0, 0xE5D0, 0xE5D1, 0xE5F2, 0xE5F2,
    0xE612, 0xE612, 0xE612, 0xE612, 0xE612, 0xE612, 0xE612, 0xE633, 0xC4EE, 0x9327, 0xABCA, 0x9307, 0x5962, 0xB48E, 0xCD50, 0xBCEF,
    0xBCEF, 0xC4EF, 0xC4EF, 0xC50F, 0xC50F, 0xC4EE, 0xB44C, 0xB44C, 0xB44C, 0xB44C, 0xB42B, 0xB40B, 0xB40B, 0xB40B, 0xB40B, 0xB40B,
    0xFF58, 0xFF58, 0xFF58, 0xFF58, 0xFF58, 0xFF58, 0xFF58, 0xFF58, 0xFF59, 0xFF59, 0xFF59, 0xFF59, 0xFF58, 0xFF58, 0xFF58, 0xFF58,
    0xFF58, 0xFF58, 0xFF58, 0xFF58, 0xFF58, 0xFF58, 0xFF58, 0xFF38, 0xFF38, 0xFF38, 0xFF38, 0xFF9A, 0xFFBA, 0xFF9A, 0xFFBA, 0xFFBA,
    0xFFBA, 0xFF9A, 0xFF9A, 0xFF9A, 0xFF9A, 0xFF9A, 0xFF9A, 0xFF9A, 0xFF9A, 0xFF9A, 0xFF9A, 0xFF9A, 0xFF9A, 0xFF9A, 0xFF9A, 0xFFBA,
    0xFFBA, 0xFFBA, 0xFFBA, 0xFFBA, 0xFFBA, 0xFFBA, 0xFF9A, 0xFF9A, 0xFF9A, 0xFF9A, 0xFFBA, 0xFF9A, 0xFF9A, 0xFF9A, 0xFF9A, 0xFFBA,
    0xFF9A, 0xFF99, 0xFF99, 0xFF99, 0xFF9A, 0xFF99, 0xFF99, 0xFF9A, 0xFF9A, 0xFFBA, 0xFFBA, 0xFFBA, 0xFFBA, 0xFFBA, 0xFFBA, 0xFFBA,
    0xFFBA, 0xFF58, 0xFF37, 0xFF37, 0xFF37, 0xFF37, 0xFF37, 0xFF37, 0xFF37, 0xFF37, 0xFF37, 0xFF37, 0xFF57, 0xFF57, 0xFF57, 0xFF99,
    0xFFBA, 0xFFBA, 0xFFBA, 0xFF9A, 0xFF99, 0xFF9A, 0xFF9A, 0xFF9A, 0xFF99, 0xFF99, 0xFF99, 0xFFB9, 0xE695, 0xDE12, 0xCD50, 0xC54F,
    0xC52F, 0xC52F, 0xC52F, 0xC52F, 0xC52F, 0xC52F, 0xC52F, 0xC52F, 0xC52F, 0xC50F, 0xC50F, 0xC50F, 0xC50F, 0xC50F, 0xC50F, 0xC50F,
    0xC50F, 0xC4EE, 0xCD50, 0x9348, 0x7A44, 0xDE12, 0xEE74, 0xEE75, 0xEE74, 0xF694, 0xF6D5, 0xEE73, 0xEE52, 0xEE32, 0xEE11, 0xEE31,
    0xEE31, 0xE5F0, 0xE5CF, 0xE5CF, 0xE5CF, 0xDD2C, 0xDD0B, 0xD4EB, 0xD4CB, 0xD4AA, 0xCC8A, 0xCC8A, 0xD4AA, 0xD4AB, 0xD4CB, 0xD4CB,
    0xD4CB, 0xD4CB, 0xD4CB, 0xD4CB, 0xD4CB, 0xD4CB, 0xD4CB, 0xD4AB, 0xD4EC, 0xE58E, 0x9B47, 0x71E3, 0xA368, 0xABC9, 0xABA9, 0xA368,
    0xBC0A, 0xB3EA, 0xBC4B, 0xC48C, 0xC48C, 0xC46C, 0xC48C, 0xC48C, 0xC48C, 0xCCCD, 0xCCAD, 0xCCAD, 0xCCED, 0xD52E, 0xD52E, 0xD50E,
    0xD50D, 0xD50D, 0xD50D, 0xD52D, 0xD50D, 0xDD4E, 0xDDB0, 0xDDB0, 0xDDB0, 0xDDB0, 0xDDB0, 0xE5B0, 0xDDD0, 0xDDD1, 0xE5F1, 0xE5F2,
    0xE612, 0xE612, 0xDDF2, 0xE612, 0xE612, 0xE5F2, 0xDDB1, 0xDDB1, 0xC4AD, 0x6140, 0x5900, 0x69C3, 0xBCAE, 0xBCCF, 0xBCEF, 0xC4EF,
    0xC4EF, 0xC50F, 0xC50F, 0xC50F, 0xC50F, 0xC50F, 0xC50F, 0xC50F, 0xC50F, 0xC4EF, 0xB42B, 0xB40B, 0xB40B, 0xB40B, 0xB40B, 0xB40B,
    0xFF58, 0xFF58, 0xFF58, 0xFF58, 0xFF58, 0xFF58, 0xFF58, 0xFF58, 0xFF58, 0xFF59, 0xFF59, 0xFF59, 0xFF58, 0xFF58, 0xFF58, 0xFF38,
    0xFF58, 0xFF58, 0xFF58, 0xFF58, 0xFF58, 0xFF58, 0xFF58, 0xFF38, 0xFF38, 0xFF38, 0xFF58, 0xFFBA, 0xFFBA, 0xFF9A, 0xFFBA, 0xFFBA,
    0xFF9A, 0xFF9A, 0xFF9A, 0xFF9A, 0xFF9A, 0xFF9A, 0xFF9A, 0xFF9A, 0xFF9A, 0xFF9A, 0xFF9A, 0xFF9A, 0xFF9A, 0xFF9A, 0xFF9A, 0xFFBA,
    0xFFBA, 0xFF9A, 0xFF9A, 0xFFBA, 0xFFBA, 0xFF9A, 0xFF9A, 0xFF9A, 0xFF9A, 0xFF9A, 0xFF99, 0xFF99, 0xFF9A, 0xFF99, 0xFF99, 0xFF99,
    0xFF99, 0xFF99, 0xFF99, 0xFF9A, 0xFF99, 0xFF99, 0xFF99, 0xFF9A, 0xFF9A, 0xFFBA, 0xFFBA, 0xFFBA, 0xFFBA, 0xFFBA, 0xFFBA, 0xFFBA,
    0xFFBA, 0xFF78, 0xFF37, 0xFF37, 0xFF37, 0xFF37, 0xFF37, 0xFF37, 0xFF37, 0xFF37, 0xFF37, 0xFF79, 0xFFBA, 0xFF99, 0xFFBA, 0xFFBA,
    0xFF9A, 0xFF99, 0xFF99, 0xFF99, 0xFF99, 0xFF99, 0xFF9A, 0xFF9A, 0xFF9A, 0xFF9A, 0xFF9A, 0xFF99, 0xFFDA, 0xF778, 0xC52F, 0xC50E,
    0xC52F, 0xC52F, 0xC52F, 0xC52F, 0xC52F, 0xC52F, 0xC52F, 0xC52F, 0xC52F, 0xC50F, 0xC50F, 0xC50F, 0xC50F, 0xC50F, 0xC50F, 0xC50F,
    0xC50F, 0xC50E, 0xCD4F, 0x9348, 0x7A65, 0xEED6, 0xF6F6, 0xEE75, 0xEE95, 0xF6B5, 0xF6D5, 0xEE93, 0xEE52, 0xEE31, 0xEE10, 0xEE31,
    0xE631, 0xE5F0, 0xE5CF, 0xE5CF, 0xE5AF, 0xE5AE, 0xDD2C, 0xDCEB, 0xDD0C, 0xD4CB, 0xCC8A, 0xD4AA, 0xCC8A, 0xCC8A, 0xD4AA, 0xD4AB,
    0xD4CB, 0xD4CB, 0xD4CB, 0xD4CB, 0xD4CB, 0xD4CB, 0xDCEC, 0xDD2C, 0xDD2D, 0xEDCF, 0x9327, 0x6982, 0xABC9, 0xABA9, 0xA388, 0xA368,
    0xBC0A, 0xB3E9, 0xBC4B, 0xC48C, 0xC46C, 0xC48C, 0xC48C, 0xC46C, 0xC48C, 0xCCAC, 0xCCAD, 0xCCAC, 0xCCCD, 0xD54E, 0xD52E, 0xD50E,
    0xD50E, 0xD50E, 0xD50E, 0xD50E, 0xD50E, 0xD52E, 0xDD8F, 0xDDB0, 0xDD90, 0xDDB0, 0xE5B0, 0xE5B0, 0xDDD0, 0xDDD1, 0xE612, 0xE612,
    0xE612, 0xDDF1, 0xC4ED, 0xE612, 0xE612, 0xD56F, 0xE5D1, 0x8AE6, 0x71E2, 0x6181, 0xA3AA, 0xB44C, 0xC4EF, 0xC4EF, 0xBCEF, 0xC4EF,
    0xC50F, 0xC50F, 0xC50F, 0xC50F, 0xC510, 0xC510, 0xC510, 0xC510, 0xC510, 0xC50F, 0xBCCF, 0xBCCE, 0xC4EF, 0xBCAE, 0xB3EB, 0xB3EA,
    0xFF58, 0xFF58, 0xFF58, 0xFF58, 0xFF58, 0xFF58, 0xFF58, 0xFF58, 0xFF58, 0xFF59, 0xFF58, 0xFF58, 0xFF58, 0xFF58, 0xFF58, 0xFF58,
    0xFF58, 0xFF58, 0xFF58, 0xFF38, 0xFF38, 0xFF38, 0xFF38, 0xFF38, 0xFF38, 0xFF38, 0xFF37, 0xFF79, 0xFFBA, 0xFFBA, 0xFF9A, 0xFF9A,
    0xFF9A, 0xFF9A, 0xFF9A, 0xFF9A, 0xFF9A, 0xFF9A, 0xFF9A, 0xFF9A, 0xFF9A, 0xFF9A, 0xFF9A, 0xFF9A, 0xFF9A, 0xFF9A, 0xFF9A, 0xFF9A,
    0xFF9A, 0xFF9A, 0xFF9A, 0xFF9A, 0xFFBA, 0xFF9A, 0xFF99, 0xFF9A, 0xFF9A, 0xFF99, 0xFF99, 0xFF99, 0xFF99, 0xFF99, 0xFF99, 0xFF99,
    0xFF9A, 0xFF99, 0xFF9A, 0xFF99, 0xFF99, 0xFF99, 0xFF99, 0xFF9A, 0xFFBA, 0xFFBA, 0xFFBA, 0xFFBA, 0xFFBA, 0xFFBA, 0xFFBA, 0xFFBA,
    0xFFBA, 0xFF78, 0xFF37, 0xFF37, 0xFF37, 0xFF37, 0xFF78, 0xFF79, 0xFF79, 0xFF79, 0xFF99, 0xFF9A, 0xFFBA, 0xFFBA, 0xFFBA, 0xFFBA,
    0xFF9A, 0xFF99, 0xFF99, 0xFF9A, 0xFF9A, 0xFF9A, 0xFF9A, 0xFF9A, 0xFF9A, 0xFF9A, 0xFF9A, 0xFF9A, 0xFF9A, 0xFF79, 0xE6B6, 0xE6B6,
    0xCD91, 0xC4EE, 0xC50F, 0xC52F, 0xC52F, 0xC52F, 0xC52F, 0xC52F, 0xC52F, 0xC52F, 0xC50F, 0xC50F, 0xC50F, 0xC50F, 0xC50F, 0xC50F,
    0xC50F, 0xC50F, 0xCD50, 0x9348, 0x8286, 0xFF58, 0xFF37, 0xF695, 0xF6B5, 0xF6D5, 0xF6D5, 0xEE73, 0xEE52, 0xEE31, 0xEE10, 0xEE11,
    0xEE31, 0xE5F0, 0xE5AF, 0xE5CF, 0xE5AF, 0xE5CF, 0xDD2C, 0xD4EB, 0xDCEB, 0xD4EB, 0xCCAA, 0xCC8A, 0xCC8A, 0xCC8A, 0xCC8A, 0xCC8A,
    0xD4CB, 0xD4CB, 0xD4CB, 0xD4EB, 0xD4CB, 0xD4CB, 0xD50C, 0xE56E, 0xE5AF, 0xABE9, 0x71E3, 0x8285, 0xA389, 0x9307, 0x92E6, 0xA388,
    0x9B27, 0xA388, 0xC46C, 0xC48C, 0xB3EA, 0xBC0A, 0xC46C, 0xC46C, 0xC46B, 0xC46B, 0xC48C, 0xCCAC, 0xCCCD, 0xCD0E, 0xD52E, 0xD50E,
    0xD52E, 0xD52E, 0xD50E, 0xD50E, 0xD52E, 0xD50E, 0xDD90, 0xDD90, 0xDD6F, 0xDD6F, 0xDD90, 0xE5B0, 0xDDD0, 0xDDB0, 0xD56F, 0xDD90,
    0xE612, 0xE5F1, 0xC4CC, 0xD590, 0xE5F1, 0xB44C, 0x9B48, 0x7A44, 0x82A6, 0x8AE7, 0xB48D, 0xBCEF, 0xBCEF, 0xBCEF, 0xBCEF, 0xC4EF,
    0xC50F, 0xC50F, 0xC510, 0xC510, 0xC510, 0xC510, 0xC510, 0xC510, 0xC510, 0xC510, 0xC530, 0xC530, 0xC530, 0xC50F, 0xBCCE, 0xBCCE,
    0xFF58, 0xFF58, 0xFF58, 0xFF58, 0xFF58, 0xFF58, 0xFF58, 0xFF58, 0xFF58, 0xFF58, 0xFF58, 0xFF58, 0xFF58, 0xFF58, 0xFF58, 0xFF58,
    0xFF58, 0xFF58, 0xFF38, 0xFF38, 0xFF38, 0xFF38, 0xFF37, 0xFF37, 0xFF38, 0xFF38, 0xFF37, 0xFF58, 0xFFBA, 0xFF9A, 0xFF9A, 0xFF9A,
    0xFF9A, 0xFF9A, 0xFF9A, 0xFF9A, 0xFF9A, 0xFF9A, 0xFF9A, 0xFF9A, 0xFF9A, 0xFF9A, 0xFF9A, 0xFF9A, 0xFF9A, 0xFF9A, 0xFF99, 0xFF9A,
    0xFF9A, 0xFF9A, 0xFF9A, 0xFF9A, 0xFF9A, 0xFF9A, 0xFF99, 0xFF99, 0xFF99, 0xFF99, 0xFF99, 0xFF99, 0xFF99, 0xFF99, 0xFF9A, 0xFF99,
    0xFF99, 0xFF9A, 0xFF9A, 0xFF99, 0xFF99, 0xFF99, 0xFF99, 0xFF9A, 0xFFBA, 0xFFBA, 0xFFBA, 0xFF99, 0xFF99, 0xFF99, 0xFF99, 0xFF99,
    0xFF99, 0xFF58, 0xFF57, 0xFF57, 0xFF57, 0xFF58, 0xFF99, 0xFFBA, 0xFFBA, 0xFFBA, 0xFFBA, 0xFF9A, 0xFFBA, 0xFF9A, 0xFF9A, 0xFF9A,
    0xFFBA, 0xFF9A, 0xFF9A, 0xFF9A, 0xFF9A, 0xFF9A, 0xFF9A, 0xFF9A, 0xFF9A, 0xFF9A, 0xFF9A, 0xFF9A, 0xFF9A, 0xFF9A, 0xFFBA, 0xFFFB,
    0xDE74, 0xCD91, 0xCDB1, 0xC54F, 0xC52F, 0xC52F, 0xC52F, 0xC52F, 0xC52F, 0xC52F, 0xC52F, 0xC52F, 0xC52F, 0xC50F, 0xC50F, 0xC50F,
    0xC50F, 0xC50F, 0xCD70, 0x9328, 0x7A65, 0xFF58, 0xFF38, 0xF6D5, 0xF6D5, 0xF6D5, 0xF6D5, 0xEE73, 0xEE52, 0xEE11, 0xEE10, 0xEE31,
    0xEE11, 0xEE10, 0xE5CF, 0xE5AF, 0xE5CF, 0xDD8E, 0xDD2C, 0xDCEB, 0xDCEB, 0xDCEB, 0xD4CB, 0xD4CB, 0xD4CB, 0xD4CB, 0xCC8A, 0xCC8A,
    0xD4CB, 0xD4CB, 0xD4CB, 0xD4CB, 0xDD2C, 0xDD4D, 0xDD4D, 0xDD6E, 0xEDF0, 0x9B47, 0x69A2, 0xA368, 0x92E6, 0x7A44, 0x8265, 0xA388,
    0x8284, 0xA368, 0xBC2B, 0xB40A, 0xB3C9, 0xB3C9, 0xBC4B, 0xC46C, 0xC46C, 0xC46B, 0xBC4B, 0xC48C, 0xCCCD, 0xC46C, 0xD50E, 0xD52E,
    0xCCAC, 0xCCCD, 0xD52E, 0xD52E, 0xD52E, 0xD52E, 0xDD6F, 0xDDB0, 0xD54E, 0xC46B, 0xCD0E, 0xE5D1, 0xDDD1, 0xDD90, 0xBC6B, 0xC48C,
    0xDDB0, 0xDDB0, 0xC4AC, 0xC4AC, 0xC4EE, 0x9327, 0x69A2, 0x82C6, 0xC4CE, 0xC4CE, 0xBCAE, 0xBCCE, 0xBCEF, 0xBCEF, 0xBCEF, 0xC4EF,
    0xBD0F, 0xBD0F, 0xC510, 0xC510, 0xC510, 0xC510, 0xC510, 0xC510, 0xC510, 0xC510, 0xC510, 0xC510, 0xC510, 0xC530, 0xC530, 0xC530,
    0xFF58, 0xFF58, 0xFF58, 0xFF58, 0xFF58, 0xFF58, 0xFF58, 0xFF58, 0xFF58, 0xFF58, 0xFF58, 0xFF58, 0xFF58, 0xFF58, 0xFF38, 0xFF38,
    0xFF37, 0xFF37, 0xFF37, 0xFF38, 0xFF38, 0xFF37, 0xFF37, 0xFF37, 0xFF38, 0xFF38, 0xFF37, 0xFF58, 0xFFBA, 0xFFBA, 0xFFBA, 0xFFBA,
    0xFFBA, 0xFFBA, 0xFFBA, 0xFF9A, 0xFF9A, 0xFF9A, 0xFF9A, 0xFF9A, 0xFF9A, 0xFF9A, 0xFF9A, 0xFF9A, 0xFF9A, 0xFF9A, 0xFF99, 0xFF9A,
    0xFF9A, 0xFF9A, 0xFF9A, 0xFF9A, 0xFF9A, 0xFF9A, 0xFF99, 0xFF99, 0xFF99, 0xFF99, 0xFF99, 0xFF99, 0xFF99, 0xFF99, 0xFF99, 0xFF99,
    0xFF99, 0xFF99, 0xFF9A, 0xFF99, 0xFF9A, 0xFF99, 0xFF9A, 0xFF99, 0xFF9A, 0xFF9A, 0xFF99, 0xFF37, 0xFF17, 0xFF37, 0xFF37, 0xFF37,
    0xFF37, 0xFF78, 0xFFBA, 0xFFBA, 0xFFBA, 0xFFBA, 0xFF9A, 0xFF9A, 0xFF99, 0xFF9A, 0xFF9A, 0xFF9A, 0xFFBA, 0xFF9A, 0xFF9A, 0xFFBA,
    0xFF9A, 0xFF9A, 0xFF9A, 0xFF9A, 0xFF9A, 0xFF9A, 0xFF99, 0xFF99, 0xFF9A, 0xFF9A, 0xFF9A, 0xFF9A, 0xFF9A, 0xFF99, 0xFF99, 0xFF99,
    0xFFBA, 0xFFDA, 0xFF99, 0xCD70, 0xC50F, 0xC52F, 0xC52F, 0xC52F, 0xC52F, 0xC52F, 0xC52F, 0xC52F, 0xC52F, 0xC52F, 0xC52F, 0xC52F,
    0xC52F, 0xC52F, 0xC52F, 0xBCAD, 0xABEB, 0x8B07, 0xDE96, 0xFFB9, 0xF6D5, 0xF6D5, 0xF6D5, 0xF6B4, 0xF693, 0xEE11, 0xEE10, 0xF651,
    0xEE11, 0xEE11, 0xE5F0, 0xE58E, 0xE5AE, 0xDD6D, 0xDD2C, 0xD4CB, 0xD4CB, 0xD4EB, 0xD4EB, 0xD4EB, 0xD4EB, 0xD4EB, 0xD4CB, 0xCC8A,
    0xCC8A, 0xD4CB, 0xD4CB, 0xD4AB, 0xD50C, 0xDD8E, 0xE5CF, 0xCD0D, 0x7A44, 0x71E3, 0x71E3, 0x8AC6, 0x7A23, 0x7A44, 0x8265, 0x8AA5,
    0x8264, 0xA368, 0xABA9, 0x9B27, 0xA368, 0xABA8, 0xC46B, 0xBC4B, 0xC46C, 0xBC4B, 0xABCA, 0xBC4B, 0xD4EE, 0xBC4B, 0xCCCD, 0xD52E,
    0xBC2A, 0xBC2A, 0xD52E, 0xD50E, 0xCCED, 0xCCED, 0xD50E, 0xDDB0, 0xD54E, 0xBC4B, 0xC48B, 0xCCCD, 0xDDB0, 0xD56F, 0xC48C, 0xC48C,
    0xC48C, 0xBC6C, 0xC4AD, 0x9B48, 0x6161, 0x7A44, 0xB44C, 0xBCAE, 0xB48D, 0xB48D, 0xBCAE, 0xC4EF, 0xBCEF, 0xC4EF, 0xBCEF, 0xC4EF,
    0xBD0F, 0xC510, 0xC510, 0xC510, 0xC510, 0xC530, 0xC510, 0xC530, 0xC530, 0xC510, 0xC510, 0xC530, 0xC530, 0xC530, 0xC530, 0xC530,
    0xFF58, 0xFF58, 0xFF58, 0xFF58, 0xFF58, 0xFF58, 0xFF58, 0xFF58, 0xFF58, 0xFF58, 0xFF58, 0xFF58, 0xFF58, 0xFF58, 0xFF58, 0xFF38,
    0xFF37, 0xFF38, 0xFF38, 0xFF38, 0xFF38, 0xFF37, 0xF737, 0xFF37, 0xFF37, 0xFF37, 0xFF37, 0xFF58, 0xFFBA, 0xFF9A, 0xFFBA, 0xFFBA,
    0xFFBA, 0xFFBA, 0xFF9A, 0xFFBA, 0xFF9A, 0xFF9A, 0xFF9A, 0xFF9A, 0xFF9A, 0xFF9A, 0xFF9A, 0xFF99, 0xFF9A, 0xFF9A, 0xFF99, 0xFF9A,
    0xFF9A, 0xFFBA, 0xFF9A, 0xFF9A, 0xFF9A, 0xFF9A, 0xFF9A, 0xFF99, 0xFF99, 0xFF99, 0xFF9A, 0xFF9A, 0xFF9A, 0xFF9A, 0xFF9A, 0xFF9A,
    0xFFBA, 0xFF9A, 0xFFBA, 0xFFBA, 0xFFBA, 0xFFBA, 0xFF59, 0xFF37, 0xFF38, 0xFF38, 0xFF38, 0xFF37, 0xFF37, 0xFF37, 0xFF37, 0xFF37,
    0xFF37, 0xFF58, 0xFFBA, 0xFFBA, 0xFFBA, 0xFFBA, 0xFFBA, 0xFF9A, 0xFF9A, 0xFF9A, 0xFF9A, 0xFF9A, 0xFF9A, 0xFF9A, 0xFF9A, 0xFF9A,
    0xFF9A, 0xFF9A, 0xFF9A, 0xFF99, 0xFF99, 0xFF9A, 0xFF9A, 0xFF99, 0xFF9A, 0xFF9A, 0xFF99, 0xFF99, 0xFF99, 0xFF99, 0xFF99, 0xFF9A,
    0xFF99, 0xFFB9, 0xFF99, 0xEEF7, 0xDDF3, 0xC50F, 0xC50F, 0xCD30, 0xC52F, 0xC52F, 0xC52F, 0xC52F, 0xC52F, 0xC52F, 0xC52F, 0xC52F,
    0xC52F, 0xC52F, 0xC52F, 0xCD70, 0xC4EE, 0x79E3, 0xDE55, 0xFFFC, 0xFF99, 0xF6F5, 0xF6D5, 0xFEF5, 0xF693, 0xEDF1, 0xF651, 0xF672,
    0xEE11, 0xEE11, 0xE5F0, 0xDD8E, 0xDD8E, 0xDD6D, 0xDD4C, 0xD4CB, 0xD4AA, 0xD4CB, 0xD4CB, 0xD4CB, 0xD4EB, 0xD4EB, 0xDD0C, 0xD4CB,
    0xD4AA, 0xDD0B, 0xDD2C, 0xDD2C, 0xDD4D, 0xDD8E, 0xDD8D, 0xBC6B, 0x69C2, 0x8AA6, 0x92E6, 0x9306, 0x92E6, 0x8285, 0x7A64, 0x8265,
    0x8264, 0xA368, 0xA389, 0x7203, 0x7203, 0xA3A9, 0xC48C, 0x9307, 0x9B68, 0xB40A, 0x69C2, 0xABA9, 0xDD4F, 0xB3EA, 0xB3E9, 0xD54E,
    0xBC4B, 0xBC4B, 0xD54F, 0xCCAD, 0xBC0A, 0xBC2A, 0xBC4B, 0xCCED, 0xD50D, 0xC46B, 0xBC2A, 0xBC4A, 0xC46B, 0xC4AC, 0xC48C, 0xBC29,
    0xC46B, 0xA388, 0x8285, 0x7224, 0x69A2, 0xAC0B, 0xB4AD, 0xB48D, 0xB4AE, 0xB4AE, 0xBCCE, 0xC4EF, 0xC4EF, 0xBD0F, 0xBD0F, 0xBD0F,
    0xC510, 0xC510, 0xC510, 0xC510, 0xC510, 0xC510, 0xC510, 0xC530, 0xC510, 0xC510, 0xC510, 0xC510, 0xC510, 0xC510, 0xBD10, 0xC530,
    0xFF58, 0xFF58, 0xFF38, 0xFF38, 0xFF38, 0xFF38, 0xFF58, 0xFF58, 0xFF58, 0xFF58, 0xFF58, 0xFF58, 0xFF58, 0xFF58, 0xFF38, 0xFF37,
    0xFF38, 0xFF37, 0xF717, 0xF717, 0xFF37, 0xFF37, 0xFF37, 0xFF37, 0xFF37, 0xFF37, 0xFF37, 0xFF37, 0xFF59, 0xFFBA, 0xFFBA, 0xFFBA,
    0xFF9A, 0xFF9A, 0xFFBA, 0xFFBA, 0xFF9A, 0xFF9A, 0xFF9A, 0xFF9A, 0xFF9A, 0xFF9A, 0xFF9A, 0xFF9A, 0xFF9A, 0xFF99, 0xFF9A, 0xFF9A,
    0xFF9A, 0xFF9A, 0xFF9A, 0xFF9A, 0xFF9A, 0xFF9A, 0xFF9A, 0xFF99, 0xFF99, 0xFF99, 0xFF9A, 0xFF9A, 0xFF9A, 0xFFBA, 0xFFBA, 0xFFBA,
    0xFF99, 0xF758, 0xFF58, 0xFF58, 0xFF58, 0xFF58, 0xF737, 0xFF17, 0xFF17, 0xFF37, 0xFF37, 0xFF37, 0xFF37, 0xFF37, 0xFF37, 0xFF37,
    0xFF37, 0xFF58, 0xFFBA, 0xFFBA, 0xFFBA, 0xFFBA, 0xFFBA, 0xFF9A, 0xFF9A, 0xFF9A, 0xFF9A, 0xFF9A, 0xFF9A, 0xFF9A, 0xFF9A, 0xFF9A,
    0xFF9A, 0xFF9A, 0xFF9A, 0xFF99, 0xFF99, 0xFF9A, 0xFF9A, 0xFF9A, 0xFF9A, 0xFF9A, 0xFF99, 0xFF99, 0xFF99, 0xFF99, 0xFF99, 0xFF99,
    0xFF99, 0xFF99, 0xFF99, 0xFFDA, 0xF738, 0xE6B5, 0xDE33, 0xC50F, 0xC50F, 0xC52F, 0xC52F, 0xC52F, 0xC52F, 0xC52F, 0xC52F, 0xC52F,
    0xC52F, 0xC52F, 0xC52F, 0xC54F, 0xBCCE, 0x7A24, 0xDE75, 0xFFFC, 0xFFBA, 0xFEF5, 0xFEF4, 0xFEF5, 0xF6B3, 0xEE31, 0xF672, 0xF672,
    0xEE11, 0xEE11, 0xE5F0, 0xE58E, 0xE58E, 0xDD4D, 0xDD4D, 0xD4EB, 0xD4AA, 0xD4CB, 0xD4CB, 0xCCAA, 0xD4CB, 0xDCEB, 0xDCEB, 0xDCEB,
    0xD4EB, 0xD50B, 0xDD2C, 0xDD6D, 0xDD8E, 0xE5CF, 0xD52D, 0x69A2, 0x61A2, 0x9327, 0x9B48, 0x9B27, 0x9B27, 0x9307, 0x9307, 0x92E6,
    0x8AA6, 0x9307, 0x8285, 0x7224, 0x7204, 0x8AE6, 0xB40B, 0x7224, 0x9B48, 0xB40A, 0x69C2, 0x8AE6, 0xBC2B, 0xAB89, 0xB3E9, 0xC48C,
    0xBC2B, 0xBC4B, 0xCD0E, 0xBC6B, 0xBC0A, 0xBC0A, 0xBC0A, 0xBC2A, 0xC46B, 0xC46B, 0xBC2A, 0xBC2A, 0xBC2A, 0xC46B, 0xC48B, 0xBC29,
    0xC44A, 0xC46B, 0xC46B, 0xB40A, 0x6161, 0xA3CA, 0xBCCE, 0xB48D, 0xB4AE, 0xBCCE, 0xC4EF, 0xC50F, 0xC50F, 0xC50F, 0xC50F, 0xC510,
    0xC510, 0xC510, 0xC510, 0xC510, 0xC510, 0xC510, 0xC510, 0xC530, 0xC510, 0xC510, 0xC530, 0xC530, 0xC510, 0xC530, 0xCDB1, 0xCD91,
    0xFF38, 0xFF38, 0xFF38, 0xFF38, 0xFF38, 0xFF38, 0xFF58, 0xFF58, 0xFF58, 0xFF58, 0xFF58, 0xFF58, 0xFF58, 0xFF38, 0xFF38, 0xFF37,
    0xFF37, 0xFF37, 0xF737, 0xF717, 0xF717, 0xF737, 0xF737, 0xFF37, 0xFF37, 0xFF37, 0xFF37, 0xFF37, 0xFF58, 0xFF9A, 0xFF9A, 0xFF9A,
    0xFF9A, 0xFF9A, 0xFFBA, 0xFFBA, 0xFF9A, 0xFF9A, 0xFF9A, 0xFF9A, 0xFF9A, 0xFF9A, 0xFF9A, 0xFF9A, 0xFF9A, 0xFF9A, 0xFF9A, 0xFF9A,
    0xFF9A, 0xFF9A, 0xFF9A, 0xFF9A, 0xFF9A, 0xFF99, 0xFFBA, 0xFF9A, 0xFF9A, 0xFF9A, 0xFFBA, 0xFF79, 0xF758, 0xFF58, 0xFF58, 0xFF58,
    0xFF57, 0xF717, 0xFF17, 0xFF17, 0xFF17, 0xF717, 0xFF17, 0xFF17, 0xFF17, 0xFF37, 0xFF37, 0xFF37, 0xFF37, 0xFF37, 0xFF37, 0xFF37,
    0xFF37, 0xFF58, 0xFF99, 0xFFBA, 0xFF9A, 0xFFBA, 0xFFBA, 0xFF9A, 0xFF9A, 0xFF9A, 0xFF9A, 0xFF9A, 0xFF9A, 0xFF9A, 0xFF9A, 0xFF9A,
    0xFF9A, 0xFF9A, 0xFF9A, 0xFF99, 0xFF99, 0xFF9A, 0xFF9A, 0xFF9A, 0xFF9A, 0xFF9A, 0xFF9A, 0xFF9A, 0xFF9A, 0xFF9A, 0xFF9A, 0xFF9A,
    0xFF99, 0xFF99, 0xFF99, 0xFF99, 0xFF99, 0xFFDA, 0xF737, 0xD5B2, 0xD5B1, 0xC52F, 0xC52F, 0xC52F, 0xC52F, 0xC52F, 0xC52F, 0xC52F,
    0xC52F, 0xC52F, 0xC52F, 0xCD50, 0xBCCD, 0x8224, 0xE696, 0xFFFC, 0xFF9A, 0xFEF5, 0xFEF4, 0xFEF5, 0xFEF4, 0xF693, 0xF672, 0xF672,
    0xEE10, 0xEE11, 0xEDF0, 0xE5AF, 0xE5AF, 0xDD4D, 0xDD4C, 0xDD2C, 0xDCEB, 0xD4CB, 0xD4CB, 0xD4AA, 0xD4CB, 0xD4EB, 0xDCEB, 0xD4EB,
    0xDCEB, 0xDCEB, 0xDCEC, 0xDD4D, 0xE5AF, 0xC4AB, 0x8AC6, 0x8285, 0x82A5, 0x9327, 0x9B27, 0x9327, 0x9327, 0x9B27, 0x9B48, 0x9B27,
    0x9B27, 0x9307, 0x8AA5, 0x8AC6, 0x8AA6, 0x8AC6, 0x8AC6, 0x69E3, 0x9307, 0xA369, 0x69E3, 0x69C2, 0xA368, 0xB3A9, 0xB40A, 0xB40A,
    0xBC0A, 0xBC0A, 0xBC2A, 0xBC0A, 0xBC0A, 0xBC0A, 0xBC0A, 0xBC09, 0xBC09, 0xBC09, 0xBC09, 0xBC09, 0xBC29, 0xBC2A, 0xC429, 0xC429,
    0xBC29, 0xC48B, 0xD50D, 0xC48B, 0x6161, 0x9BAA, 0xBCEE, 0xBCAE, 0xBCCE, 0xBCEF, 0xC50F, 0xC50F, 0xC50F, 0xC50F, 0xC510, 0xC510,
    0xC510, 0xC510, 0xC510, 0xC510, 0xC530, 0xC510, 0xC510, 0xC510, 0xC510, 0xC510, 0xC530, 0xC530, 0xC551, 0xCD92, 0xD5F3, 0xD5D3,
    0xFF38, 0xFF38, 0xFF37, 0xFF37, 0xFF38, 0xFF38, 0xFF38, 0xFF38, 0xFF38, 0xFF58, 0xFF38, 0xFF38, 0xFF38, 0xFF38, 0xFF37, 0xFF37,
    0xFF37, 0xFF37, 0xFF37, 0xF717, 0xF717, 0xF717, 0xF737, 0xF737, 0xFF37, 0xFF37, 0xFF37, 0xFF37, 0xFF58, 0xFF9A, 0xFF9A, 0xFF9A,
    0xFF9A, 0xFFBA, 0xFFBA, 0xFF9A, 0xFF9A, 0xFF9A, 0xFF9A, 0xFF99, 0xFF99, 0xFF99, 0xFF99, 0xFF9A, 0xFF99, 0xFF9A, 0xFF9A, 0xFF9A,
    0xFF9A, 0xFF9A, 0xFF9A, 0xFF9A, 0xFF9A, 0xFF9A, 0xFFBA, 0xFF79, 0xFF79, 0xFF79, 0xFF79, 0xFF58, 0xF717, 0xFF17, 0xFF17, 0xFF17,
    0xFF17, 0xFF37, 0xFF37, 0xFF17, 0xFF17, 0xF717, 0xF737, 0xF737, 0xF717, 0xF737, 0xFF37, 0xFF37, 0xFF37, 0xFF37, 0xFF37, 0xFF37,
    0xFF37, 0xFF37, 0xFF58, 0xFFBA, 0xFF9A, 0xFF9A, 0xFF99, 0xFF9A, 0xFF9A, 0xFF9A, 0xFF9A, 0xFF9A, 0xFF9A, 0xFF9A, 0xFF9A, 0xFFBA,
    0xFFBA, 0xFF9A, 0xFF9A, 0xFF9A, 0xFF99, 0xFF9A, 0xFF9A, 0xFF9A, 0xFF99, 0xFF9A, 0xFF9A, 0xFF9A, 0xFF9A, 0xFF9A, 0xFF9A, 0xFF9A,
    0xFF9A, 0xFF99, 0xFF99, 0xFF99, 0xFF99, 0xFF79, 0xFF79, 0xFFDA, 0xEEF6, 0xC50F, 0xC52F, 0xC52F, 0xC52F, 0xC52F, 0xC52F, 0xC52F,
    0xC52F, 0xC52F, 0xC52F, 0xCD50, 0xBCCD, 0x8244, 0xE696, 0xFFFD, 0xFFBA, 0xFEF5, 0xFEF4, 0xFEF5, 0xFEF5, 0xFED4, 0xF672, 0xF672,
    0xEE10, 0xEDF1, 0xEDF0, 0xE5AE, 0xE5AF, 0xE58D, 0xDD4C, 0xDD6C, 0xDD2C, 0xD4CB, 0xD4EB, 0xD4EB, 0xD4EB, 0xD4EB, 0xD4EB, 0xD4EB,
    0xD4EB, 0xDD4D, 0xDD4D, 0xDD6D, 0xEE10, 0xBC6A, 0x6161, 0x9B48, 0x9B68, 0x9B27, 0x9B27, 0x9327, 0x9327, 0x9B27, 0x9B27, 0x9B27,
    0x9B47, 0x9B48, 0x9B48, 0x9B47, 0x9B47, 0x9B48, 0x8285, 0x8285, 0x7A65, 0x69E3, 0x69E3, 0x69A2, 0xB3C9, 0xBC2A, 0xBC0A, 0xBC0A,
    0xB40A, 0xBC0A, 0xBC0A, 0xBC0A, 0xBC0A, 0xBC0A, 0xBC09, 0xBC09, 0xBC29, 0xBC29, 0xBC09, 0xBC09, 0xBC29, 0xC429, 0xC429, 0xC429,
    0xBC29, 0xC46B, 0xD4EC, 0xBC6B, 0x5961, 0xA3AA, 0xC50F, 0xBCEE, 0xC52F, 0xC50F, 0xC50F, 0xC510, 0xC510, 0xC510, 0xC510, 0xC510,
    0xC530, 0xC530, 0xC530, 0xC530, 0xC530, 0xC530, 0xC510, 0xC530, 0xC530, 0xC530, 0xC530, 0xC530, 0xCDB2, 0xDDF3, 0xD5D3, 0xD5D3,
    0xFF38, 0xFF38, 0xFF38, 0xFF37, 0xFF38, 0xFF38, 0xFF38, 0xFF38, 0xFF38, 0xFF38, 0xFF38, 0xFF38, 0xFF38, 0xFF37, 0xFF37, 0xFF37,
    0xFF37, 0xFF37, 0xFF37, 0xFF37, 0xF717, 0xF737, 0xFF37, 0xF737, 0xFF37, 0xFF37, 0xFF37, 0xFF17, 0xFF58, 0xFFBA, 0xFF9A, 0xFF9A,
    0xFF9A, 0xFF9A, 0xFF9A, 0xFF9A, 0xFF9A, 0xFF99, 0xFF99, 0xFF9A, 0xFF99, 0xFF99, 0xFF99, 0xFF99, 0xFF99, 0xFF99, 0xFF9A, 0xFF99,
    0xFF99, 0xFF99, 0xFF99, 0xFF9A, 0xFF9A, 0xFF9A, 0xFFBA, 0xF737, 0xFF17, 0xFF37, 0xFF37, 0xFF17, 0xFF37, 0xFF17, 0xFF37, 0xFF37,
    0xFF17, 0xFF37, 0xFF17, 0xFF17, 0xFF17, 0xFF37, 0xF717, 0xF717, 0xF717, 0xF737, 0xFF37, 0xFF37, 0xFF37, 0xFF37, 0xFF37, 0xFF37,
    0xFF37, 0xFF37, 0xFF58, 0xFFBA, 0xFF9A, 0xFF9A, 0xFF99, 0xFF9A, 0xFF9A, 0xFF9A, 0xFF9A, 0xFF9A, 0xFFBA, 0xFF9A, 0xFF9A, 0xFFBA,
    0xFF9A, 0xFF9A, 0xFF9A, 0xFF99, 0xFF99, 0xFF9A, 0xFF9A, 0xFF9A, 0xFF99, 0xFF9A, 0xFF9A, 0xFF9A, 0xFF9A, 0xFF9A, 0xFF9A, 0xFF9A,
    0xFF9A, 0xFF99, 0xFF99, 0xFF99, 0xFF99, 0xFF99, 0xFF99, 0xFFBA, 0xEED6, 0xC4EE, 0xC52F, 0xC52F, 0xC52F, 0xC52F, 0xC52F, 0xC52F,
    0xC52F, 0xC52F, 0xC52F, 0xCD50, 0xBCCD, 0x8244, 0xE696, 0xFFFD, 0xFFBA, 0xF6F5, 0xFEF4, 0xFEF5, 0xFEF5, 0xFED4, 0xF672, 0xF672,
    0xEE10, 0xEDF0, 0xEDEF, 0xE5AE, 0xE5AF, 0xE58E, 0xDD4C, 0xDD4C, 0xDD0C, 0xD4CB, 0xD4EB, 0xD4EB, 0xD4EB, 0xDCEB, 0xD4EB, 0xD4CB,
    0xDD4D, 0xDDAE, 0xDD8F, 0xDD8F, 0xD54E, 0xA3A9, 0x69C2, 0x9B27, 0x9B48, 0x9B47, 0x9B27, 0x9B27, 0x9B47, 0x9B27, 0x9B47, 0x9B47,
    0x9B47, 0x9B48, 0x9B47, 0x9B47, 0x9B47, 0x9B47, 0x9B47, 0x9B48, 0x8AE6, 0x69C3, 0x69C3, 0x61A2, 0xABA9, 0xBC0A, 0xB40A, 0xBC0A,
    0xBC0A, 0xBC0A, 0xBC09, 0xBC09, 0xBC09, 0xBC09, 0xBC09, 0xBC09, 0xBC09, 0xBC29, 0xBC29, 0xBC29, 0xC429, 0xC429, 0xC429, 0xC429,
    0xBC09, 0xC46A, 0xD4ED, 0xC46B, 0x6161, 0x9B68, 0xBCAD, 0xBCEE, 0xC50F, 0xC50F, 0xC510, 0xC510, 0xC510, 0xC530, 0xC530, 0xC530,
    0xC530, 0xC530, 0xC530, 0xC530, 0xC530, 0xC530, 0xC530, 0xC530, 0xC530, 0xC530, 0xC530, 0xD5B2, 0xD5D3, 0xD5F3, 0xD5F3, 0xD5F3,
    0xFF38, 0xFF38, 0xFF38, 0xFF38, 0xFF37, 0xFF38, 0xFF38, 0xF737, 0xFF38, 0xFF38, 0xFF37, 0xFF37, 0xFF37, 0xFF37, 0xFF37, 0xFF37,
    0xFF37, 0xFF37, 0xFF37, 0xFF37, 0xFF37, 0xFF37, 0xF737, 0xF737, 0xF737, 0xF737, 0xFF37, 0xFF37, 0xFF38, 0xFF59, 0xFF9A, 0xFF9A,
    0xFF9A, 0xFF9A, 0xFF9A, 0xFF99, 0xFF99, 0xFF9A, 0xFF9A, 0xFF9A, 0xFF9A, 0xFF9A, 0xFF9A, 0xFF9A, 0xFF9A, 0xFF9A, 0xFF9A, 0xFF9A,
    0xFF9A, 0xFF9A, 0xFFBA, 0xFF58, 0xFF37, 0xF737, 0xFF38, 0xFF37, 0xFF37, 0xFF37, 0xFF17, 0xFF17, 0xFF17, 0xF716, 0xF737, 0xF717,
    0xF717, 0xF717, 0xFF37, 0xFF37, 0xFF37, 0xF737, 0xF737, 0xF717, 0xF737, 0xF737, 0xFF37, 0xFF37, 0xFF37, 0xFF37, 0xFF37, 0xFF37,
    0xFF37, 0xFF38, 0xFF38, 0xFF79, 0xFF9A, 0xFF9A, 0xFF99, 0xFF9A, 0xFF9A, 0xFF9A, 0xFF9A, 0xFFBA, 0xFFBA, 0xFFBA, 0xFFBA, 0xFF9A,
    0xFFBA, 0xFF9A, 0xFF9A, 0xFF9A, 0xFF9A, 0xFF99, 0xFF99, 0xFF99, 0xFF99, 0xFF9A, 0xFF9A, 0xFF9A, 0xFF9A, 0xFF9A, 0xFF9A, 0xFF9A,
    0xFF99, 0xFF99, 0xFF99, 0xFF99, 0xFF99, 0xFF99, 0xFF99, 0xFF9A, 0xF758, 0xE695, 0xCD90, 0xC52F, 0xC54F, 0xC52F, 0xC52F, 0xC52F,
    0xC52F, 0xC52F, 0xC52F, 0xCD50, 0xBCCE, 0x8244, 0xE696, 0xFFFD, 0xFFBA, 0xF6F4, 0xFEF4, 0xFEF5, 0xFEF5, 0xFEF5, 0xFED4, 0xF672,
    0xEE10, 0xEDF0, 0xEDF0, 0xE5AE, 0xE5AE, 0xE5AE, 0xDD4D, 0xDD4C, 0xE54D, 0xDD0C, 0xD4CB, 0xD4CB, 0xD4EB, 0xD4EB, 0xD4EB, 0xD50C,
    0xDD8E, 0xDD8E, 0xDDAF, 0xEE11, 0x82A5, 0x7203, 0x9B48, 0x9B47, 0x9B48, 0x9B47, 0x9B47, 0x9B47, 0x9B47, 0x9B47, 0x9B47, 0x9B47,
    0x9B48, 0x9B48, 0x9B48, 0x9B48, 0x9B47, 0x9B47, 0x9B27, 0x9B27, 0x9307, 0x8AC6, 0x9307, 0x69E3, 0x69C3, 0xBC6C, 0xC48C, 0xC4CD,
    0xBC2A, 0xB3A8, 0xBC09, 0xBC09, 0xBC09, 0xBC09, 0xBC09, 0xBC09, 0xC429, 0xC409, 0xC409, 0xC409, 0xC409, 0xC429, 0xC429, 0xC44A,
    0xC449, 0xCC8B, 0xD50C, 0xC48B, 0x6161, 0xA368, 0xC48C, 0xBC6C, 0xBCAD, 0xC50F, 0xC52F, 0xC530, 0xC510, 0xC530, 0xC530, 0xC530,
    0xC530, 0xC530, 0xC530, 0xC530, 0xC530, 0xC530, 0xC530, 0xC530, 0xC530, 0xC550, 0xCD92, 0xD5D2, 0xD5F3, 0xD5D3, 0xD5F3, 0xD5D3,
    0xFF38, 0xFF38, 0xFF38, 0xFF38, 0xFF38, 0xFF38, 0xFF38, 0xFF38, 0xF738, 0xFF38, 0xFF37, 0xFF37, 0xFF37, 0xFF37, 0xFF37, 0xFF37,
    0xFF37, 0xFF37, 0xFF37, 0xFF37, 0xFF37, 0xFF37, 0xF717, 0xF737, 0xF737, 0xF737, 0xFF37, 0xF737, 0xFF17, 0xF737, 0xFF9A, 0xFF9A,
    0xFF99, 0xFF99, 0xFF99, 0xFF99, 0xFF99, 0xFF9A, 0xFF9A, 0xFF9A, 0xFF9A, 0xFF9A, 0xFF9A, 0xFF9A, 0xFF9A, 0xFF9A, 0xFFBA, 0xFF79,
    0xFF58, 0xFF58, 0xFF58, 0xFF17, 0xFF17, 0xFF17, 0xFF17, 0xFF17, 0xFF17, 0xFF17, 0xFF37, 0xFF37, 0xFF17, 0xF717, 0xF737, 0xF737,
    0xF717, 0xF717, 0xF737, 0xF717, 0xF717, 0xF737, 0xF737, 0xF737, 0xF737, 0xF737, 0xF737, 0xF737, 0xFF37, 0xFF37, 0xFF37, 0xFF37,
    0xFF38, 0xFF38, 0xFF37, 0xFF38, 0xFF9A, 0xFF9A, 0xFF9A, 0xFF9A, 0xFF9A, 0xFF9A, 0xFF9A, 0xFFBA, 0xFFBA, 0xFFBA, 0xFFBA, 0xFF9A,
    0xFFBA, 0xFF9A, 0xFF9A, 0xFF9A, 0xFF99, 0xFF9A, 0xFF9A, 0xFF99, 0xFF99, 0xFF99, 0xFF9A, 0xFF9A, 0xFF9A, 0xFF9A, 0xFF9A, 0xFF9A,
    0xFF99, 0xFF99, 0xFF99, 0xFF99, 0xFF99, 0xFF99, 0xFF99, 0xFF99, 0xFF99, 0xFF99, 0xDE54, 0xCD90, 0xC52F, 0xC52F, 0xC52F, 0xC52F,
    0xC52F, 0xC52F, 0xC52F, 0xCD70, 0xBCEE, 0x8244, 0xE696, 0xFFFD, 0xFFBA, 0xF6D4, 0xFEF4, 0xFEF5, 0xFEF5, 0xFEF5, 0xFEF4, 0xF672,
    0xEE10, 0xEDF0, 0xEDF0, 0xE5AF, 0xE5AF, 0xE5AF, 0xE58E, 0xDD4C, 0xE56D, 0xDD4C, 0xDCEB, 0xD4EB, 0xD4EB, 0xD4CB, 0xD4EB, 0xDD4D,
    0xDD6E, 0xE5AF, 0xD52E, 0xBC6B, 0x7A24, 0x7A44, 0xA389, 0x9B48, 0x9B48, 0x9B48, 0x9B48, 0x9B68, 0x9B68, 0x9B68, 0x9B68, 0x9B68,
    0x9B68, 0xA368, 0x9B48, 0x9B48, 0x9B48, 0x9B47, 0x9B27, 0x9327, 0x9B27, 0x9B47, 0x9B68, 0x7203, 0x6162, 0xC4CD, 0xC4CD, 0xCD0E,
    0xBC2A, 0xAB46, 0xBC09, 0xBBE9, 0xBBE9, 0xBBE9, 0xBC09, 0xD4AB, 0xCC8A, 0xBC09, 0xBC09, 0xC429, 0xC429, 0xC429, 0xCC6A, 0xD4CB,
    0xD4EB, 0xD4CB, 0xD50C, 0xC48B, 0x6181, 0x9B68, 0xC48C, 0xBC4B, 0xBC6C, 0xBC8D, 0xBC8D, 0xC50F, 0xC530, 0xC550, 0xC530, 0xC530,
    0xC530, 0xC530, 0xC530, 0xC530, 0xC530, 0xC530, 0xC530, 0xC530, 0xC530, 0xCD91, 0xD5F3, 0xD5D3, 0xD5D3, 0xD5D3, 0xD5F3, 0xD5F3,
    0xFF38, 0xFF38, 0xFF38, 0xFF38, 0xFF38, 0xFF38, 0xFF38, 0xFF37, 0xF738, 0xFF38, 0xFF37, 0xFF37, 0xFF37, 0xFF37, 0xFF37, 0xFF37,
    0xFF37, 0xFF37, 0xFF37, 0xFF37, 0xFF37, 0xFF37, 0xF737, 0xF737, 0xF737, 0xF737, 0xFF37, 0xF737, 0xF737, 0xF738, 0xFF9A, 0xFF9A,
    0xFF9A, 0xFF9A, 0xFF9A, 0xFF9A, 0xFF99, 0xFF9A, 0xFF9A, 0xFF9A, 0xFFBA, 0xFFBA, 0xFF9A, 0xFF79, 0xFF58, 0xFF58, 0xFF58, 0xFF37,
    0xF717, 0xFF17, 0xF717, 0xFF17, 0xFF17, 0xFF17, 0xFF37, 0xFF37, 0xFF17, 0xFF17, 0xFF17, 0xFF17, 0xFF17, 0xF717, 0xF717, 0xF717,
    0xF717, 0xF717, 0xF737, 0xF737, 0xF737, 0xFF37, 0xF737, 0xF737, 0xF737, 0xF737, 0xF737, 0xFF37, 0xFF37, 0xFF37, 0xFF37, 0xFF37,
    0xFF37, 0xFF38, 0xFF37, 0xFF58, 0xFF9A, 0xFF9A, 0xFF9A, 0xFF9A, 0xFF9A, 0xFFBA, 0xFFBA, 0xFF9A, 0xFF9A, 0xFF9A, 0xFF9A, 0xFF9A,
    0xFF9A, 0xFF9A, 0xFF9A, 0xFFB9, 0xFF99, 0xFF9A, 0xFF99, 0xFF99, 0xFF99, 0xFF99, 0xFF9A, 0xFF9A, 0xFF9A, 0xFF9A, 0xFF9A, 0xFF9A,
    0xFF99, 0xFF99, 0xFF99, 0xFF99, 0xFF99, 0xFF99, 0xFF99, 0xFF99, 0xFF99, 0xFF99, 0xFFDA, 0xE675, 0xCD4F, 0xCD50, 0xC52F, 0xC52F,
    0xC52F, 0xC52F, 0xC52F, 0xCD50, 0xC4EE, 0x7A03, 0xDE75, 0xFFFD, 0xFFBB, 0xFFBA, 0xFF36, 0xFED5, 0xFEF5, 0xFEF5, 0xF6F4, 0xF672,
    0xEE10, 0xEDF0, 0xEDF0, 0xE5CF, 0xE5AF, 0xE5AF, 0xE5AE, 0xDD6D, 0xDD4C, 0xDD4D, 0xE56D, 0xDD2C, 0xD4EB, 0xDD0C, 0xDD2C, 0xDD4D,
    0xDD6E, 0xEE31, 0xBC6C, 0x5100, 0x9327, 0x9B68, 0x9B48, 0x9B48, 0x9B48, 0x9B48, 0x9B68, 0xA389, 0xA389, 0xA389, 0xA3A9, 0xA3A9,
    0xA3A9, 0xA3A9, 0xA3A9, 0xA389, 0xA389, 0xA389, 0x9B47, 0x9327, 0x9327, 0x9327, 0x9B68, 0x7203, 0x6182, 0xC4CE, 0xCD2F, 0xD570,
    0xC48C, 0xBBE8, 0xC44A, 0xC429, 0xC429, 0xBC09, 0xBC09, 0xD4CB, 0xD4CB, 0xC449, 0xCC6A, 0xD4AA, 0xD4AA, 0xCC6A, 0xCCAA, 0xD4CB,
    0xD4CB, 0xD4CB, 0xD4EC, 0xC48B, 0x6181, 0x9B68, 0xC48C, 0xBC6C, 0xBC6C, 0xBC6C, 0xBC6C, 0xBCAD, 0xC4CE, 0xC4CE, 0xC50F, 0xC530,
    0xC530, 0xC530, 0xC530, 0xC530, 0xC530, 0xC530, 0xC530, 0xC530, 0xD592, 0xD5D3, 0xD5D3, 0xD5D3, 0xD5D3, 0xD5F3, 0xD5F3, 0xD5F3,
    0xFF38, 0xFF38, 0xFF38, 0xFF38, 0xFF38, 0xFF38, 0xFF38, 0xFF38, 0xFF38, 0xFF38, 0xFF38, 0xFF38, 0xFF38, 0xFF37, 0xFF37, 0xFF37,
    0xFF37, 0xFF37, 0xFF37, 0xFF37, 0xFF37, 0xF737, 0xF737, 0xF737, 0xFF37, 0xF737, 0xF737, 0xF737, 0xF737, 0xF737, 0xFF9A, 0xFF9A,
    0xFF99, 0xFF99, 0xFF99, 0xFFBA, 0xFFBA, 0xFFBA, 0xFFBA, 0xFF79, 0xFF58, 0xFF58, 0xFF59, 0xF758, 0xF717, 0xF717, 0xF717, 0xFF17,
    0xFF17, 0xFF17, 0xFF17, 0xFF37, 0xFF37, 0xFF17, 0xFF37, 0xFF17, 0xFF17, 0xFF17, 0xFF17, 0xF717, 0xF717, 0xF737, 0xF737, 0xF717,
    0xF737, 0xF717, 0xF717, 0xF737, 0xF717, 0xF737, 0xFF37, 0xF737, 0xF737, 0xFF37, 0xFF37, 0xFF37, 0xFF37, 0xFF37, 0xFF37, 0xFF37,
    0xF737, 0xF737, 0xF737, 0xFF38, 0xFF79, 0xFF9A, 0xFFBA, 0xFFBA, 0xFFBA, 0xFFBA, 0xFFBA, 0xFF9A, 0xFF9A, 0xFF9A, 0xFF9A, 0xFF9A,
    0xFF9A, 0xFF9A, 0xFF99, 0xFFB9, 0xFFB9, 0xFF99, 0xFF9A, 0xFF99, 0xFF99, 0xFF99, 0xFF9A, 0xFF9A, 0xFF9A, 0xFF9A, 0xFF9A, 0xFF9A,
    0xFF9A, 0xFF99, 0xFF99, 0xFF99, 0xFF99, 0xFF99, 0xFF99, 0xFF99, 0xFF99, 0xFF99, 0xFF99, 0xFF9A, 0xEF17, 0xC50F, 0xC52F, 0xCD50,
    0xCD4F, 0xC52F, 0xCD70, 0xBCCE, 0x8AA6, 0xB44D, 0xEF59, 0xFFFC, 0xFFDB, 0xFFFC, 0xFF57, 0xFEF5, 0xFEF5, 0xFF15, 0xFED5, 0xF652,
    0xEE51, 0xEE51, 0xEDF0, 0xE5F0, 0xE5AF, 0xE5AF, 0xE5AF, 0xE5AF, 0xE56D, 0xDD4D, 0xDD4C, 0xDD2C, 0xDD2B, 0xDD4C, 0xDD4C, 0xDD4C,
    0xDD6E, 0xEE32, 0xB42B, 0x6140, 0xA389, 0xA3A9, 0xA388, 0xA388, 0xA368, 0xA389, 0xA389, 0xA389, 0xA389, 0xA388, 0xA3A8, 0xA3A9,
    0xA3A9, 0xA3A9, 0xA3A9, 0xA3A9, 0xA3A9, 0xA3A9, 0xA388, 0xA388, 0xA388, 0x9B48, 0x9B68, 0x69E3, 0x6182, 0xD54F, 0xD550, 0xD570,
    0xC4CC, 0xBC09, 0xC44A, 0xC44A, 0xC44A, 0xCC6A, 0xCCAB, 0xD4CB, 0xD4CB, 0xC46A, 0xC44A, 0xCCAA, 0xCCAB, 0xD4AB, 0xD4AB, 0xD4AB,
    0xD4CB, 0xD4EB, 0xDD4D, 0xC48B, 0x6182, 0x9B48, 0xC48C, 0xBC6C, 0xBC6C, 0xBC6C, 0xBC6C, 0xBC6C, 0xBC6C, 0xBC6C, 0xC4CD, 0xC4CE,
    0xC4EF, 0xC530, 0xC530, 0xC530, 0xC530, 0xC530, 0xC550, 0xD592, 0xD5D2, 0xDDD3, 0xD5D3, 0xDDF3, 0xDDF3, 0xDDF3, 0xD5F3, 0xD5F3,
    0xFF58, 0xFF58, 0xFF38, 0xFF38, 0xFF38, 0xFF38, 0xFF38, 0xFF38, 0xFF38, 0xFF38, 0xFF38, 0xFF38, 0xFF38, 0xFF37, 0xFF37, 0xFF37,
    0xFF37, 0xFF38, 0xFF37, 0xFF37, 0xFF37, 0xF737, 0xF737, 0xF737, 0xF737, 0xF737, 0xF737, 0xF737, 0xF737, 0xF737, 0xFF99, 0xFF9A,
    0xFFBA, 0xFFBA, 0xFFBA, 0xFF79, 0xFF79, 0xFF79, 0xFF79, 0xF717, 0xF6F7, 0xFEF7, 0xF717, 0xF717, 0xF717, 0xF717, 0xF717, 0xFF17,
    0xFF17, 0xFF17, 0xFF17, 0xFF17, 0xFF17, 0xFF17, 0xFF17, 0xFF17, 0xFF17, 0xFF37, 0xFF37, 0xF717, 0xF737, 0xF717, 0xF717, 0xF717,
    0xF737, 0xF717, 0xF737, 0xFF37, 0xF737, 0xF737, 0xF737, 0xF737, 0xF737, 0xF737, 0xF737, 0xFF37, 0xFF37, 0xFF37, 0xFF37, 0xFF37,
    0xF737, 0xF737, 0xF737, 0xF738, 0xFF37, 0xFF99, 0xFFBA, 0xFFBA, 0xFFBA, 0xFFBA, 0xFFBA, 0xFF9A, 0xFF9A, 0xFF9A, 0xFF9A, 0xFF9A,
    0xFF9A, 0xFF99, 0xFF99, 0xFF99, 0xFF99, 0xFF9A, 0xFF9A, 0xFF99, 0xFF99, 0xFF9A, 0xFF99, 0xFF9A, 0xFF9A, 0xFF9A, 0xFF9A, 0xFF9A,
    0xFF9A, 0xFF99, 0xFF99, 0xFF99, 0xFF99, 0xFF99, 0xFF99, 0xFF99, 0xFF99, 0xFF99, 0xFF99, 0xFFBA, 0xF779, 0xE654, 0xD590, 0xC52F,
    0xCD50, 0xCD4F, 0xCD70, 0xC4CE, 0x7A23, 0xE6B7, 0xFFFD, 0xFFDB, 0xFFDB, 0xFFFB, 0xFF57, 0xFEF5, 0xFEF5, 0xFEF6, 0xFED5, 0xF651,
    0xF652, 0xEE52, 0xE5F0, 0xE5D0, 0xE5F0, 0xE5CF, 0xE5AF, 0xE5AF, 0xE5AF, 0xE56E, 0xDD2C, 0xDD4C, 0xDD2C, 0xDD2C, 0xDD2C, 0xDD4D,
    0xE631, 0x9348, 0x7A24, 0x9B68, 0xA389, 0xA3A9, 0xA389, 0xA3A9, 0xA389, 0xA389, 0xA389, 0xA389, 0xA389, 0xA389, 0xA3A9, 0xA3A9,
    0xA3A9, 0xA3A9, 0xA3A9, 0xA3A9, 0xA3A9, 0xA3A9, 0xA3A9, 0xA3A9, 0xA3A9, 0xA388, 0x9B68, 0x7A44, 0x61A2, 0xA3AA, 0xCD2F, 0xD591,
    0xC4CC, 0xC42A, 0xCCCC, 0xCCCB, 0xCCAB, 0xCCCB, 0xD50C, 0xD4EC, 0xD4EC, 0xC48B, 0xBC29, 0xDD6D, 0xE58E, 0xE58E, 0xD50C, 0xD4CB,
    0xCCAA, 0xD52D, 0xF672, 0xCD2E, 0x5941, 0x9B48, 0xC48D, 0xBC6C, 0xBC6C, 0xBC6C, 0xBC6C, 0xBC6C, 0xBC6C, 0xBC8C, 0xBC6C, 0xBC6C,
    0xBC8C, 0xC50F, 0xC50F, 0xC50F, 0xC550, 0xCD71, 0xD592, 0xDDF3, 0xDDD3, 0xDDD3, 0xDDF3, 0xDDF3, 0xDDF3, 0xDDF3, 0xD5F3, 0xD5F3,
    0xFF38, 0xFF38, 0xFF38, 0xFF38, 0xFF38, 0xFF38, 0xFF37, 0xFF37, 0xFF38, 0xFF38, 0xFF38, 0xFF38, 0xFF37, 0xFF37, 0xFF37, 0xFF37,
    0xFF37, 0xFF37, 0xFF37, 0xFF37, 0xF737, 0xF737, 0xF737, 0xF737, 0xF737, 0xFF37, 0xFF37, 0xFF37, 0xFF17, 0xFF37, 0xFFBA, 0xFF9A,
    0xFF99, 0xFF79, 0xFF79, 0xF717, 0xF6F7, 0xF717, 0xF6F7, 0xF717, 0xF717, 0xF717, 0xF717, 0xF717, 0xF717, 0xF717, 0xF717, 0xFF17,
    0xFF17, 0xFF37, 0xFF37, 0xFF17, 0xFF37, 0xFF37, 0xFF37, 0xFF37, 0xF737, 0xF717, 0xF737, 0xF737, 0xF737, 0xF717, 0xF717, 0xF717,
    0xF717, 0xF737, 0xF737, 0xF737, 0xF737, 0xF737, 0xFF37, 0xFF37, 0xF717, 0xF737, 0xFF37, 0xFF37, 0xFF37, 0xFF37, 0xFF37, 0xFF37,
    0xF737, 0xF737, 0xFF38, 0xFF38, 0xF737, 0xFF99, 0xFFBA, 0xFFBA, 0xFFBA, 0xFFBA, 0xFFBA, 0xFF9A, 0xFF9A, 0xFF9A, 0xFF9A, 0xFF9A,
    0xFF9A, 0xFF99, 0xFF99, 0xFF9A, 0xFF99, 0xFF9A, 0xFF9A, 0xFF99, 0xFF9A, 0xFF9A, 0xFF9A, 0xFF9A, 0xFF9A, 0xFF9A, 0xFF9A, 0xFF9A,
    0xFF99, 0xFF99, 0xFF99, 0xFF99, 0xFF99, 0xFF99, 0xFF99, 0xFF99, 0xFF99, 0xFF9A, 0xFF9A, 0xFF99, 0xFFBA, 0xFFDB, 0xD612, 0xCD2F,
    0xCD50, 0xCD50, 0xCD70, 0xC4EE, 0x7A44, 0xDE76, 0xFFFC, 0xFFDB, 0xFFDB, 0xFFFB, 0xFF57, 0xFEF5, 0xFEF6, 0xFEF6, 0xF6F5, 0xF694,
    0xEE52, 0xEE52, 0xEDF1, 0xE5F0, 0xE5F1, 0xE5F0, 0xE5CF, 0xE5AF, 0xE5D0, 0xE58E, 0xDD2C, 0xDD4C, 0xDD2C, 0xDD4C, 0xDD8E, 0xDDB0,
    0xE612, 0x8AC6, 0x69E3, 0xABEA, 0xA3A9, 0xA3A9, 0xA389, 0xA389, 0xA389, 0xA389, 0xA389, 0xA389, 0xA389, 0xA389, 0xA3A9, 0xA3A9,
    0xA3A9, 0xA3A9, 0xA3A9, 0xA3A9, 0xA3A9, 0xA3A9, 0xA3A9, 0xA3A9, 0xA389, 0xA3A9, 0x9B68, 0xABCA, 0x8286, 0x5941, 0xCD2F, 0xD5B1,
    0xC4AD, 0xC46B, 0xDD2E, 0xD52D, 0xDD4E, 0xD54E, 0xDD8F, 0xE611, 0xE612, 0xDD8F, 0xBC29, 0xEDF0, 0xEE10, 0xEE10, 0xEE10, 0xDD4D,
    0xD50C, 0xE58F, 0xE611, 0x9328, 0x69C3, 0xA3A9, 0xC48D, 0xBC6C, 0xBC8C, 0xBC6C, 0xBC6C, 0xBC6C, 0xBC6C, 0xBC6C, 0xBC8C, 0xBC8C,
    0xBC8C, 0xBC8D, 0xBC8D, 0xC4AD, 0xCD4F, 0xDE13, 0xDDF3, 0xDDF3, 0xDDF3, 0xDDD3, 0xDDF3, 0xDDF3, 0xDDF3, 0xDDF3, 0xDDF3, 0xDDF3,
    0xFF38, 0xFF38, 0xFF38, 0xFF38, 0xFF38, 0xFF38, 0xFF37, 0xFF37, 0xFF37, 0xFF37, 0xFF37, 0xFF37, 0xFF37, 0xFF37, 0xFF37, 0xFF37,
    0xF737, 0xF737, 0xFF37, 0xF737, 0xF737, 0xF737, 0xF737, 0xFF37, 0xF737, 0xFF17, 0xFF17, 0xFF17, 0xFF58, 0xFF58, 0xFF58, 0xFF38,
    0xF717, 0xF717, 0xF717, 0xF717, 0xF717, 0xF6F7, 0xF717, 0xF717, 0xF717, 0xF717, 0xF717, 0xF717, 0xF717, 0xF717, 0xF717, 0xF737,
    0xF737, 0xF737, 0xFF37, 0xF737, 0xF737, 0xF737, 0xF737, 0xF737, 0xFF37, 0xFF17, 0xF717, 0xFF37, 0xFF37, 0xFF37, 0xF737, 0xF717,
    0xF717, 0xF737, 0xF737, 0xF717, 0xF737, 0xF717, 0xFF37, 0xFF37, 0xFF37, 0xFF37, 0xFF37, 0xF717, 0xFF37, 0xFF37, 0xFF37, 0xFF37,
    0xFF37, 0xFF38, 0xFF38, 0xFF38, 0xFF37, 0xFF99, 0xFFBA, 0xFFBA, 0xFFBA, 0xFFBA, 0xFFBA, 0xFF9A, 0xFF9A, 0xFF9A, 0xFF9A, 0xFF9A,
    0xFF99, 0xFF9A, 0xFF9A, 0xFF9A, 0xFF9A, 0xFF9A, 0xFF99, 0xFF99, 0xFF9A, 0xFF9A, 0xFF9A, 0xFF99, 0xFF99, 0xFF9A, 0xFF9A, 0xFF9A,
    0xFF9A, 0xFF9A, 0xFF9A, 0xFF99, 0xFF99, 0xFF99, 0xFF99, 0xFF99, 0xFF9A, 0xFF9A, 0xFF99, 0xFF99, 0xFF99, 0xFF9A, 0xFF78, 0xEF16,
    0xCD50, 0xCD50, 0xD591, 0xC4EF, 0x7A24, 0xDE76, 0xFFFD, 0xFFDB, 0xFFFB, 0xFFDB, 0xFF98, 0xFF16, 0xFEF6, 0xFEF6, 0xFEF6, 0xFEF6,
    0xEE52, 0xEE52, 0xEE52, 0xE611, 0xE5F1, 0xE5F1, 0xE5F1, 0xE5AF, 0xE5AF, 0xE58E, 0xDD2D, 0xDD2D, 0xDD2C, 0xDD4D, 0xE5D0, 0xDDB0,
    0x7A44, 0x9307, 0xA389, 0xA3A9, 0xA3A9, 0xA3A9, 0xA3A9, 0xA389, 0xA3A9, 0xA3A9, 0xA389, 0xA3A9, 0xA3A9, 0xA3A9, 0xA3A9, 0xA3A9,
    0xA3A9, 0xA3A9, 0xA3A9, 0xA3A9, 0xA3A9, 0xA3A9, 0xA3A9, 0xA3A9, 0xA3A9, 0xA3A9, 0xA3A9, 0xABCA, 0x8286, 0x61A2, 0xC50F, 0xD591,
    0xC4CD, 0xC46B, 0xD52E, 0xD52E, 0xE5D1, 0xEE53, 0xEE33, 0xEE53, 0xEE74, 0xDDD1, 0xC48C, 0xEE32, 0xEE32, 0xEE32, 0xEE53, 0xE5F1,
    0xD54E, 0xEE11, 0xE612, 0x6162, 0x9B89, 0xC4CD, 0xBC6C, 0xBC8C, 0xBC8C, 0xBC8C, 0xBC6C, 0xBC6C, 0xBC6C, 0xBC8C, 0xBC8C, 0xBC8C,
    0xBC8C, 0xBC8C, 0xBC8C, 0xCCEE, 0xCD4F, 0xD570, 0xD570, 0xD570, 0xDDD2, 0xDDF3, 0xDDF3, 0xDDF3, 0xDDF3, 0xDDF3, 0xDDF3, 0xDDF3,
    0xFF38, 0xFF38, 0xFF38, 0xFF38, 0xFF38, 0xFF38, 0xFF38, 0xFF38, 0xFF37, 0xFF37, 0xFF37, 0xFF37, 0xF717, 0xFF37, 0xFF37, 0xF737,
    0xF737, 0xF737, 0xF737, 0xF737, 0xF737, 0xF717, 0xF717, 0xF717, 0xFF38, 0xFF79, 0xFF78, 0xFF78, 0xFF99, 0xFF9A, 0xF717, 0xFF17,
    0xFF17, 0xF717, 0xF717, 0xF717, 0xF6F7, 0xF6F7, 0xF717, 0xF717, 0xF717, 0xF717, 0xF717, 0xF717, 0xF717, 0xF717, 0xF717, 0xF717,
    0xFF37, 0xF737, 0xFF37, 0xFF37, 0xFF37, 0xFF37, 0xF737, 0xF717, 0xF717, 0xFF37, 0xF737, 0xF737, 0xF737, 0xFF37, 0xFF37, 0xFF37,
    0xF737, 0xFF37, 0xF737, 0xF737, 0xF737, 0xF737, 0xF717, 0xF717, 0xFF37, 0xF717, 0xFF37, 0xFF37, 0xFF37, 0xFF37, 0xFF37, 0xFF38,
    0xFF38, 0xFF38, 0xFF37, 0xFF38, 0xFF37, 0xFF9A, 0xFFBA, 0xFFBA, 0xFFBA, 0xFFBA, 0xFFBA, 0xFF9A, 0xFF9A, 0xFF9A, 0xFF9A, 0xFF9A,
    0xFF9A, 0xFF99, 0xFF99, 0xFF9A, 0xFF99, 0xFF99, 0xFF99, 0xFF99, 0xFF99, 0xFF99, 0xFF9A, 0xFF9A, 0xFF9A, 0xFF9A, 0xFF9A, 0xFF9A,
    0xFF9A, 0xFF9A, 0xFF99, 0xFF99, 0xFF99, 0xFF99, 0xFF99, 0xFF99, 0xFF9A, 0xFF9A, 0xFF99, 0xFF99, 0xFF99, 0xFF99, 0xFFBA, 0xF758,
    0xCD70, 0xCD50, 0xD591, 0xC50F, 0x7A24, 0xDE76, 0xFFFD, 0xFFDB, 0xFFFC, 0xFFDA, 0xFFB9, 0xFF36, 0xFEF6, 0xFEF6, 0xFF16, 0xF6F6,
    0xEE53, 0xEE52, 0xEE53, 0xE612, 0xE5F1, 0xE5F1, 0xE5F1, 0xE58E, 0xDD6D, 0xDD4D, 0xDD4D, 0xDD2C, 0xDD6E, 0xE5B0, 0xE5F1, 0xDDD1,
    0x6962, 0x8AC6, 0xABEA, 0xA389, 0xA3A9, 0xA3A9, 0xA3A9, 0xA3A9, 0xA3A9, 0xA3A9, 0xA3A9, 0xA3A9, 0xA3A9, 0xA3A9, 0xA3A9, 0xA3A9,
    0xA3A9, 0xA3A9, 0xA3A9, 0xA3A9, 0xA3A9, 0xA3A9, 0xA3A9, 0xA3A9, 0xA389, 0xA3A9, 0xA3A9, 0xA3A9, 0xABA9, 0x8AC7, 0x61C3, 0xC530,
    0xCD0E, 0xC48C, 0xDDD1, 0xE612, 0xE633, 0xE633, 0xE633, 0xE633, 0xEE54, 0xE612, 0xD570, 0xEE74, 0xEE75, 0xEE75, 0xEE75, 0xEE54,
    0xDD8F, 0xE611, 0xE653, 0x69A4, 0xA368, 0xC4CD, 0xBC8C, 0xBC8C, 0xBC8C, 0xBC8C, 0xBC6C, 0xBC8C, 0xBC8C, 0xBC8C, 0xBC8C, 0xBC8C,
    0xBC8C, 0xC4AD, 0xC4AD, 0xCD0E, 0xD54F, 0xCD2E, 0xCD4F, 0xCD4F, 0xD590, 0xD591, 0xD591, 0xDDF3, 0xDDF3, 0xD5D3, 0xD5D3, 0xDDF3,
    0xFF37, 0xFF38, 0xFF38, 0xFF38, 0xFF38, 0xFF38, 0xFF38, 0xFF38, 0xFF37, 0xFF37, 0xFF37, 0xFF37, 0xFF38, 0xFF37, 0xFF17, 0xF717,
    0xF737, 0xF717, 0xF717, 0xF717, 0xF737, 0xFF58, 0xFF59, 0xFF59, 0xFF79, 0xFF9A, 0xFF9A, 0xFFBA, 0xFF9A, 0xFF9A, 0xFF58, 0xF717,
    0xF717, 0xF717, 0xF717, 0xF717, 0xF717, 0xF717, 0xF717, 0xF717, 0xF717, 0xF717, 0xF717, 0xF717, 0xF717, 0xF717, 0xF717, 0xFF37,
    0xFF37, 0xFF37, 0xFF37, 0xF717, 0xF717, 0xFF37, 0xF717, 0xFF37, 0xF717, 0xFF17, 0xFF37, 0xFF37, 0xFF37, 0xFF37, 0xFF37, 0xF737,
    0xF737, 0xFF37, 0xFF37, 0xFF37, 0xF737, 0xF737, 0xFF17, 0xFF37, 0xFF37, 0xFF37, 0xFF37, 0xFF37, 0xFF37, 0xFF37, 0xFF37, 0xFF37,
    0xFF37, 0xFF37, 0xFF37, 0xFF37, 0xFF38, 0xFF38, 0xFF78, 0xFFBA, 0xFF9A, 0xFF9A, 0xFF9A, 0xFFBA, 0xFF9A, 0xFF9A, 0xFF9A, 0xFF9A,
    0xFF9A, 0xFF9A, 0xFF9A, 0xFF9A, 0xFF9A, 0xFF99, 0xFF99, 0xFF99, 0xFF9A, 0xFF9A, 0xFF9A, 0xFF99, 0xFF9A, 0xFF9A, 0xFF9A, 0xFF9A,
    0xFF9A, 0xFF9A, 0xFF9A, 0xFF99, 0xFF9A, 0xFF9A, 0xFF9A, 0xFF9A, 0xFF99, 0xFF99, 0xFF99, 0xFF9A, 0xFF9A, 0xFF99, 0xFFBA, 0xF738,
    0xCD71, 0xCD70, 0xD5B1, 0xC50F, 0x7A24, 0xDE76, 0xFFFD, 0xFFDB, 0xFFFC, 0xFFDA, 0xFFB8, 0xFF57, 0xFF16, 0xFF16, 0xF6F6, 0xF6F6,
    0xEE53, 0xEE52, 0xEE53, 0xE612, 0xE5F1, 0xE5D0, 0xE5CF, 0xE58E, 0xDD4D, 0xDD4D, 0xDD4D, 0xDD2C, 0xDD6E, 0xE612, 0xC50E, 0x7A45,
    0x8AA6, 0x9B48, 0xA3A9, 0xA3A9, 0xA3A9, 0xA3A9, 0xA3A9, 0xA3A9, 0xA3A9, 0xA3A9, 0xA3A9, 0xA3A9, 0xA3A9, 0xA3A9, 0xA3A9, 0xA3A9,
    0xA3A9, 0xA3A9, 0xABC9, 0xABEA, 0xABEA, 0xABEA, 0xABEA, 0xABEA, 0xABEA, 0xABEA, 0xABCA, 0xABA9, 0xABEA, 0x9307, 0x5121, 0xB48E,
    0xC4CE, 0xBC6B, 0xE612, 0xEE53, 0xE653, 0xE633, 0xE653, 0xEE53, 0xEE54, 0xE633, 0xD591, 0xEE75, 0xEE75, 0xEE75, 0xEE75, 0xEE74,
    0xE5D0, 0xEE73, 0xEEB5, 0x5962, 0x9B28, 0xC4CD, 0xBC8C, 0xBC8C, 0xBC8C, 0xBC8C, 0xBC8C, 0xBC8C, 0xBC8C, 0xBC8C, 0xBC8C, 0xC4AD,
    0xC4CD, 0xD52F, 0xCD2F, 0xCD4F, 0xCD4F, 0xCD4F, 0xCD4F, 0xD54F, 0xD54F, 0xD54F, 0xCD4F, 0xD590, 0xD5B1, 0xDDF3, 0xDDF3, 0xDDF3,
    0xFF37, 0xFF37, 0xFF38, 0xFF37, 0xFF38, 0xFF38, 0xFF38, 0xFF38, 0xFF37, 0xFF37, 0xFF37, 0xFF37, 0xFF38, 0xFF17, 0xFF17, 0xFF17,
    0xF717, 0xF738, 0xFF59, 0xFF58, 0xFF79, 0xFF9A, 0xFF9A, 0xFF9A, 0xFF9A, 0xFF9A, 0xFF9A, 0xFF9A, 0xFF9A, 0xFF9A, 0xFF58, 0xF717,
    0xF717, 0xF717, 0xF717, 0xF6F7, 0xF717, 0xF6F7, 0xF6F7, 0xF717, 0xF717, 0xF717, 0xF717, 0xFF17, 0xF717, 0xF717, 0xF717, 0xF717,
    0xFF37, 0xFF37, 0xF717, 0xF717, 0xF717, 0xF717, 0xF717, 0xF717, 0xFF17, 0xFF17, 0xFF17, 0xFF37, 0xFF37, 0xFF37, 0xF737, 0xF737,
    0xFF37, 0xF737, 0xFF37, 0xFF17, 0xFF37, 0xF737, 0xFF37, 0xFF37, 0xFF37, 0xFF37, 0xFF37, 0xFF37, 0xFF37, 0xFF37, 0xFF37, 0xFF37,
    0xFF37, 0xFF37, 0xFF37, 0xF737, 0xFF37, 0xF717, 0xFF58, 0xFFBA, 0xFF9A, 0xFF9A, 0xFF9A, 0xFFBA, 0xFF9A, 0xFF9A, 0xFF9A, 0xFF9A,
    0xFF9A, 0xFF9A, 0xFF9A, 0xFF9A, 0xFF9A, 0xFF99, 0xFF99, 0xFF99, 0xFF99, 0xFF99, 0xFF99, 0xFF9A, 0xFF9A, 0xFF9A, 0xFF9A, 0xFF9A,
    0xFF9A, 0xFF9A, 0xFF9A, 0xFF9A, 0xFF9A, 0xFF9A, 0xFF9A, 0xFF9A, 0xFF99, 0xFF99, 0xFF99, 0xFF9A, 0xFF9A, 0xFF99, 0xFF99, 0xFF99,
    0xF758, 0xF758, 0xDE13, 0xC50F, 0x7A24, 0xDE76, 0xFFFD, 0xFFDB, 0xFFFC, 0xFFBA, 0xFF98, 0xFFB8, 0xFF37, 0xFF16, 0xF6F6, 0xF6F6,
    0xEE94, 0xEE53, 0xEE53, 0xE612, 0xE5F1, 0xDDD0, 0xDD8F, 0xDD8E, 0xDD4D, 0xDD4D, 0xDD4D, 0xDD6E, 0xDDAF, 0xEE52, 0xC4CE, 0x5941,
    0xABA9, 0xABC9, 0xA3A9, 0xA3A9, 0xA3A9, 0xA3A9, 0xA3A9, 0xA3A9, 0xA3A9, 0xA3A9, 0xA3A9, 0xA3A9, 0xA3A9, 0xA3A9, 0xABA9, 0xABA9,
    0xABC9, 0xABC9, 0xABEA, 0xB42B, 0xB42B, 0xB42B, 0xB42B, 0xB42B, 0xB42B, 0xB42B, 0xB42B, 0xABCA, 0xABEA, 0x9B48, 0x7A65, 0x61A2,
    0x8AE7, 0xCCCE, 0xDDF2, 0xE633, 0xE633, 0xE633, 0xEE54, 0xEE54, 0xE653, 0xE653, 0xD591, 0xEE75, 0xEE75, 0xEE75, 0xEE75, 0xEE75,
    0xF6B6, 0xC50F, 0x8B28, 0x9B49, 0xB40B, 0xC4AD, 0xBC8C, 0xBC8C, 0xBC8C, 0xBC8C, 0xBC8C, 0xBC8C, 0xBC8C, 0xBC8C, 0xBC8C, 0xC4EE,
    0xD54F, 0xCD2F, 0xCD2F, 0xCD4F, 0xCD4F, 0xCD4F, 0xCD4F, 0xCD4F, 0xCD4F, 0xD54F, 0xD54F, 0xCD4F, 0xCD6F, 0xD591, 0xD5B1, 0xD5B1,
    0xFF37, 0xFF38, 0xFF38, 0xFF38, 0xFF37, 0xFF37, 0xFF37, 0xFF38, 0xFF37, 0xFF37, 0xFF37, 0xFF38, 0xFF37, 0xFF58, 0xFF59, 0xFF58,
    0xFF58, 0xFF79, 0xFF9A, 0xFF9A, 0xFF9A, 0xFF7A, 0xFF9A, 0xFF9A, 0xFF9A, 0xFF9A, 0xFF9A, 0xFF9A, 0xFF9A, 0xFF9A, 0xFF58, 0xF717,
    0xF717, 0xF717, 0xF717, 0xF717, 0xF6F7, 0xF717, 0xF717, 0xF717, 0xF717, 0xF717, 0xF717, 0xFF17, 0xF717, 0xF717, 0xFF37, 0xF717,
    0xF718, 0xFF38, 0xF717, 0xF717, 0xF717, 0xF717, 0xF717, 0xF717, 0xFF17, 0xFF17, 0xFF17, 0xFF17, 0xFF17, 0xFF37, 0xF737, 0xF717,
    0xFF37, 0xFF37, 0xFF37, 0xFF38, 0xFF38, 0xFF37, 0xFF37, 0xFF38, 0xFF37, 0xF717, 0xFF37, 0xF737, 0xFF37, 0xFF37, 0xFF37, 0xFF37,
    0xFF37, 0xFF37, 0xF737, 0xF737, 0xF737, 0xF737, 0xFF58, 0xFFBA, 0xFF9A, 0xFF9A, 0xFF9A, 0xFFBA, 0xFF9A, 0xFF9A, 0xFF9A, 0xFF9A,
    0xFF9A, 0xFF9A, 0xFF9A, 0xFF9A, 0xFF9A, 0xFF99, 0xFF99, 0xFF99, 0xFF99, 0xFF99, 0xFF9A, 0xFF9A, 0xFF9A, 0xFF9A, 0xFF9A, 0xFF9A,
    0xFF9A, 0xFF9A, 0xFF9A, 0xFF9A, 0xFF9A, 0xFF9A, 0xFF9A, 0xFF9A, 0xFF99, 0xFF9A, 0xFF9A, 0xFF99, 0xFF9A, 0xFF99, 0xFF99, 0xFF9A,
    0xFFBA, 0xFFBA, 0xE654, 0xC530, 0x7A24, 0xDE76, 0xFFFD, 0xFFDB, 0xFFFB, 0xFFDC, 0xFFDC, 0xFFDA, 0xFF37, 0xFF37, 0xF6F6, 0xF6F7,
    0xF6F6, 0xEE73, 0xEE53, 0xE612, 0xE611, 0xDDD0, 0xDD6F, 0xDD8E, 0xDD6E, 0xDD6E, 0xDD6F, 0xDDD1, 0xEE53, 0xC4EE, 0x82A6, 0x92E7,
    0xA3A9, 0xA3A9, 0xA3A9, 0xA3A9, 0xA3A9, 0xA3A9, 0xA3A9, 0xA3A9, 0xA3A9, 0xA3A9, 0xA3A9, 0xA3A9, 0xA3A9, 0xA3A9, 0xABA9, 0xABA9,
    0xB40A, 0xB42B, 0xB42B, 0xB42B, 0xB42B, 0xB42B, 0xB42B, 0xB42B, 0xB42B, 0xB42B, 0xB40B, 0xABCA, 0xABCA, 0xABEA, 0xB40A, 0x69C3,
    0x5120, 0xBC8D, 0xEE54, 0xE613, 0xE633, 0xE633, 0xEE53, 0xEE54, 0xE674, 0xE674, 0xCD71, 0xE675, 0xEE75, 0xEE75, 0xEE75, 0xEE55,
    0xF6D6, 0xAC4C, 0x5961, 0xCCCD, 0xCCAD, 0xBC8C, 0xBC8D, 0xBC8D, 0xBC8C, 0xBC8C, 0xBC8C, 0xBC8C, 0xBC8C, 0xBC8C, 0xC4EE, 0xCD2E,
    0xCD4F, 0xCD2F, 0xCD2F, 0xCD4F, 0xCD4F, 0xCD4F, 0xCD4F, 0xCD4F, 0xCD4F, 0xCD4F, 0xCD4F, 0xCD4F, 0xCD4F, 0xCD4F, 0xCD4F, 0xCD70,
    0xFF37, 0xFF38, 0xFF37, 0xFF37, 0xFF17, 0xFF17, 0xFF37, 0xFF37, 0xFF37, 0xFF78, 0xFF79, 0xFF59, 0xFF59, 0xFF9A, 0xFF9A, 0xFF9A,
    0xFF9A, 0xFF7A, 0xFF7A, 0xFF7A, 0xFF7A, 0xFF7A, 0xFF9A, 0xFF9A, 0xFF7A, 0xFF7A, 0xFF9A, 0xFF9A, 0xFF9A, 0xFF9A, 0xFF59, 0xF717,
    0xF717, 0xF717, 0xF6F7, 0xF717, 0xF6F7, 0xF6F7, 0xF717, 0xF717, 0xF717, 0xF717, 0xF717, 0xF717, 0xF717, 0xF717, 0xF717, 0xF718,
    0xFF37, 0xF717, 0xF717, 0xF737, 0xF717, 0xF717, 0xF717, 0xF737, 0xF717, 0xF717, 0xF717, 0xF717, 0xF737, 0xF737, 0xF737, 0xFF37,
    0xFF37, 0xFF37, 0xFF37, 0xFF38, 0xF737, 0xFF37, 0xFF37, 0xFF37, 0xFF37, 0xFF37, 0xFF37, 0xF737, 0xFF37, 0xFF37, 0xFF37, 0xFF37,
    0xFF37, 0xFF38, 0xFF37, 0xFF37, 0xFF37, 0xF717, 0xF738, 0xFF99, 0xFF9A, 0xFF9A, 0xFFBA, 0xFF9A, 0xFF9A, 0xFF9A, 0xFF9A, 0xFF9A,
    0xFF99, 0xFF99, 0xFF99, 0xFF9A, 0xFF9A, 0xFF9A, 0xFF9A, 0xFF9A, 0xFF7A, 0xFF7A, 0xFF7A, 0xFF7A, 0xFF7A, 0xFF9A, 0xFF9A, 0xFF9A,
    0xFF9A, 0xFF9A, 0xFF9A, 0xFF9A, 0xFF9A, 0xFF9A, 0xFF9A, 0xFF9A, 0xFF9A, 0xFF9A, 0xFF99, 0xFF99, 0xFF9A, 0xFF99, 0xFF9A, 0xFF9A,
    0xFF9A, 0xFF99, 0xDE33, 0xCD30, 0x7A24, 0xDE76, 0xFFFD, 0xFFDB, 0xFFFC, 0xFFFC, 0xFFFD, 0xFFDB, 0xFF57, 0xFF37, 0xF6F6, 0xF6F7,
    0xF6F7, 0xEE54, 0xEE53, 0xE612, 0xE5F1, 0xE5D1, 0xDD8F, 0xDD6E, 0xDD8E, 0xDDF1, 0xE632, 0xDE13, 0xEE94, 0xAC0B, 0x5942, 0xABEA,
    0xABC9, 0xABA9, 0xABA9, 0xA3A9, 0xA3A9, 0xA3A9, 0xA3A9, 0xA3A9, 0xA3A9, 0xA3A9, 0xA3A9, 0xA3A9, 0xABEA, 0xABEA, 0xAC0A, 0xB40A,
    0xB40B, 0xB40B, 0xB40B, 0xB42B, 0xB42B, 0xB42B, 0xB42B, 0xB42B, 0xB42B, 0xB42B, 0xB42B, 0xB40B, 0xB40B, 0xABEA, 0xABEA, 0x9328,
    0x7A24, 0x8AE7, 0xD5B2, 0xEE54, 0xE633, 0xE633, 0xE653, 0xE654, 0xE654, 0xDE13, 0xC530, 0xEE75, 0xE675, 0xE675, 0xE675, 0xE655,
    0xF6D7, 0xAC4C, 0x6161, 0xBC8C, 0xC4AC, 0xC48D, 0xBC8D, 0xBC8D, 0xBC8C, 0xBC8C, 0xBC8C, 0xBC8C, 0xBC8C, 0xC4EE, 0xCD2F, 0xCD4F,
    0xCD2F, 0xCD2F, 0xCD4F, 0xCD4F, 0xCD4F, 0xD54F, 0xD54F, 0xD54F, 0xCD4F, 0xCD4F, 0xCD4F, 0xD54F, 0xCD4F, 0xD54F, 0xCD4F, 0xD54F,
    0xFF37, 0xFF37, 0xFF37, 0xFF37, 0xFF37, 0xF758, 0xFF38, 0xFF58, 0xFF58, 0xFF9A, 0xFF9A, 0xFF9A, 0xFF9A, 0xFF9A, 0xFF7A, 0xFF7A,
    0xFF7A, 0xFF7A, 0xFF7A, 0xFF7A, 0xFF7A, 0xFF7A, 0xFF7A, 0xFF9A, 0xFF7A, 0xFF7A, 0xFF9A, 0xFF9A, 0xFF9A, 0xFF9A, 0xFF9A, 0xFF38,
    0xF717, 0xF717, 0xF717, 0xF717, 0xF717, 0xF6F7, 0xF6F7, 0xF717, 0xF717, 0xF717, 0xF717, 0xF717, 0xF717, 0xF717, 0xF717, 0xF718,
    0xFF37, 0xFF37, 0xF717, 0xF717, 0xF717, 0xF717, 0xF717, 0xF717, 0xF717, 0xF717, 0xF717, 0xF717, 0xF717, 0xF737, 0xF737, 0xFF37,
    0xF737, 0xF737, 0xF737, 0xFF38, 0xF737, 0xFF38, 0xFF37, 0xFF37, 0xFF17, 0xFF37, 0xFF38, 0xF737, 0xFF37, 0xFF37, 0xFF37, 0xFF37,
    0xFF38, 0xFF37, 0xFF37, 0xFF37, 0xF737, 0xFF37, 0xFF37, 0xF737, 0xFF9A, 0xFFBA, 0xFF9A, 0xFF9A, 0xFF9A, 0xFF9A, 0xFF9A, 0xFF9A,
    0xFF99, 0xFF99, 0xFF9A, 0xFF9A, 0xFF9A, 0xFF9A, 0xFF9A, 0xFF9A, 0xFF9A, 0xFF9A, 0xFF7A, 0xFF7A, 0xFF7A, 0xFF9A, 0xFF9A, 0xFF9A,
    0xFF7A, 0xFF7A, 0xFF9A, 0xFF9A, 0xFF9A, 0xFF9A, 0xFF9A, 0xFF9A, 0xFF9A, 0xFF9A, 0xFF99, 0xFF9A, 0xFF9A, 0xFF99, 0xFF9A, 0xFF9A,
    0xFF9A, 0xFF7A, 0xDE34, 0xCD50, 0x7A24, 0xDE76, 0xFFFD, 0xFFDB, 0xFFFC, 0xFFDC, 0xFFDC, 0xFFDB, 0xFF99, 0xF737, 0xF6F6, 0xF6F7,
    0xF6D6, 0xEE74, 0xEE54, 0xEE53, 0xDDF1, 0xDDF1, 0xDDD0, 0xDD6E, 0xDD8E, 0xE5F2, 0xE613, 0xDE13, 0xEE74, 0xB44C, 0x61A2, 0xABCA,
    0xABC9, 0xABC9, 0xABC9, 0xA3A9, 0xABA9, 0xA3A9, 0xA3A9, 0xABA9, 0xABA9, 0xABA9, 0xA3A9, 0xA3A9, 0xB40B, 0xB42B, 0xB40B, 0xB42B,
    0xB40B, 0xB40B, 0xB42B, 0xB42B, 0xB42B, 0xB42B, 0xB42B, 0xB42B, 0xB42B, 0xB42B, 0xB42B, 0xB42B, 0xB42B, 0xB42B, 0xB40B, 0xC48C,
    0xA389, 0x5100, 0xA3EB, 0xDDF2, 0xDE13, 0xE654, 0xE654, 0xEE54, 0xE654, 0x7AC6, 0x938A, 0xEEB6, 0xE675, 0xE675, 0xE675, 0xE655,
    0x82E7, 0x7A85, 0x9B68, 0xC48C, 0xC4AC, 0xC48D, 0xBC8D, 0xBC8D, 0xBC8D, 0xBC8D, 0xBC8C, 0xBC8D, 0xC4EE, 0xCD2F, 0xCD4F, 0xCD4F,
    0xCD4F, 0xCD4F, 0xCD4F, 0xD54F, 0xCD4F, 0xD54F, 0xD54F, 0xD54F, 0xD54F, 0xCD4F, 0xCD4F, 0xD54F, 0xCD4F, 0xCD4F, 0xCD4F, 0xCD4F,
    0xFF38, 0xFF38, 0xFF58, 0xFF38, 0xFF58, 0xFF9A, 0xFF9A, 0xFF9A, 0xFF9A, 0xFF9A, 0xFF9A, 0xFF9A, 0xFF9A, 0xFF9A, 0xFF9A, 0xFF7A,
    0xFF7A, 0xFF7A, 0xFF7A, 0xFF7A, 0xFF7A, 0xFF7A, 0xFF7A, 0xFF7A, 0xFF9A, 0xFF9A, 0xFF9A, 0xFF9A, 0xFF7A, 0xFF9A, 0xFF9A, 0xFF58,
    0xFF17, 0xF717, 0xF717, 0xF717, 0xF717, 0xF717, 0xF717, 0xF717, 0xF717, 0xF717, 0xF717, 0xF717, 0xF717, 0xF717, 0xF718, 0xFF38,
    0xFF37, 0xF717, 0xF717, 0xF717, 0xF717, 0xF737, 0xF717, 0xF717, 0xF717, 0xF717, 0xF717, 0xF717, 0xF717, 0xF737, 0xF737, 0xFF37,
    0xF737, 0xF737, 0xF737, 0xF738, 0xF738, 0xF738, 0xF738, 0xF718, 0xF737, 0xFF38, 0xFF38, 0xF737, 0xFF38, 0xFF37, 0xFF37, 0xFF37,
    0xFF38, 0xFF38, 0xFF37, 0xFF37, 0xF737, 0xFF37, 0xF737, 0xF737, 0xFF9A, 0xFFBA, 0xFFBA, 0xFF9A, 0xFF9A, 0xFF9A, 0xFF9A, 0xFF9A,
    0xFF99, 0xFF99, 0xFF9A, 0xFF9A, 0xFF9A, 0xFF9A, 0xFF9A, 0xFF9A, 0xFF9A, 0xFF9A, 0xFF7A, 0xFF7A, 0xFF7A, 0xFF9A, 0xFF9A, 0xFF9A,
    0xFF7A, 0xFF7A, 0xFF9A, 0xFF9A, 0xFF9A, 0xFF9A, 0xFF9A, 0xFF9A, 0xFF9A, 0xFF9A, 0xFF9A, 0xFF9A, 0xFF9A, 0xFF9A, 0xFF9A, 0xFF9A,
    0xFF9A, 0xFF9A, 0xFFBA, 0xDE75, 0x7A24, 0xDE96, 0xFFFD, 0xFFDB, 0xFFFC, 0xFFDC, 0xFFFC, 0xFFDB, 0xFF99, 0xF717, 0xF6D6, 0xF6F7,
    0xEE95, 0xEE54, 0xEE54, 0xEE54, 0xDDF1, 0xDDF1, 0xDDD0, 0xDDD0, 0xDDD0, 0xE612, 0xE613, 0xE613, 0xEE95, 0xB44D, 0x6182, 0xABCA,
    0xABC9, 0xABC9, 0xABC9, 0xABA9, 0xABA9, 0xABA9, 0xA3A9, 0xABA9, 0xA3A9, 0xABC9, 0xB40A, 0xB40A, 0xB40B, 0xB42B, 0xB40B, 0xB40B,
    0xB40B, 0xB42B, 0xB42B, 0xB42B, 0xB42B, 0xB42B, 0xB42B, 0xB42B, 0xB42B, 0xB42B, 0xB42B, 0xB42B, 0xB42B, 0xB42B, 0xB42B, 0xB42B,
    0xB40B, 0xABCA, 0x71E3, 0x7224, 0xDDF3, 0xE654, 0xE633, 0xE634, 0xE654, 0x7A45, 0x9B69, 0xF6F6, 0xEE95, 0xEE95, 0xEEB6, 0xE654,
    0x61C2, 0x8AC5, 0xD52E, 0xC48C, 0xC4AC, 0xC48D, 0xC48D, 0xC48D, 0xBC8D, 0xBC8C, 0xC4AD, 0xC4EE, 0xCD2F, 0xCD2F, 0xCD4F, 0xCD4F,
    0xCD4F, 0xD54F, 0xCD4F, 0xD54F, 0xD54F, 0xD54F, 0xD54F, 0xD54F, 0xCD4F, 0xCD4F, 0xCD4F, 0xCD4F, 0xCD4F, 0xCD50, 0xCD6F, 0xCD4F,
    0xFFBA, 0xFFBA, 0xFF9A, 0xFF9A, 0xFF9A, 0xFF9A, 0xFF9A, 0xFF9A, 0xFF9A, 0xFF9A, 0xFF9A, 0xFF9A, 0xFF7A, 0xFF9A, 0xFF9A, 0xFF9A,
    0xFF9A, 0xFF99, 0xFF79, 0xFF79, 0xFF9A, 0xFF7A, 0xFF7A, 0xFF7A, 0xFF9A, 0xFF9A, 0xFF9A, 0xFF9A, 0xFF9A, 0xFF9A, 0xFF9A, 0xFF58,
    0xF717, 0xF717, 0xF717, 0xF717, 0xF717, 0xF717, 0xF717, 0xF717, 0xF717, 0xF717, 0xF717, 0xF717, 0xF717, 0xFF37, 0xFF37, 0xFF37,
    0xFF37, 0xF717, 0xF717, 0xF717, 0xF717, 0xF717, 0xF717, 0xF717, 0xF717, 0xF717, 0xF737, 0xF737, 0xF717, 0xFF37, 0xFF17, 0xFF37,
    0xF737, 0xF737, 0xFF38, 0xF738, 0xF738, 0xF738, 0xF738, 0xF738, 0xF738, 0xF738, 0xF738, 0xFF38, 0xF737, 0xFF37, 0xFF37, 0xFF38,
    0xFF37, 0xFF37, 0xFF37, 0xFF37, 0xFF37, 0xFF37, 0xFF37, 0xF737, 0xFF9A, 0xFFBA, 0xFFBA, 0xFF9A, 0xFF9A, 0xFF9A, 0xFF9A, 0xFF9A,
    0xFF9A, 0xFF9A, 0xFF9A, 0xFF9A, 0xFF9A, 0xFF9A, 0xFF9A, 0xFF9A, 0xFF9A, 0xFF7A, 0xFF7A, 0xFF9A, 0xFF9A, 0xFF9A, 0xFF9A, 0xFF9A,
    0xFF9A, 0xFF9A, 0xFF9A, 0xFF9A, 0xFF9A, 0xFF9A, 0xFF9A, 0xFF9A, 0xFF9A, 0xFF9A, 0xFF9A, 0xFF99, 0xFF9A, 0xFF99, 0xFF99, 0xFF99,
    0xFF99, 0xFF9A, 0xFFDB, 0xE695, 0x7A44, 0xDE97, 0xFFFD, 0xFFDB, 0xFFDC, 0xFFDB, 0xFFDC, 0xFFDB, 0xFF9A, 0xF758, 0xF6F7, 0xF6D7,
    0xEE95, 0xEE54, 0xEE74, 0xE653, 0xDDF1, 0xDDF1, 0xDDF1, 0xDDF1, 0xDDF1, 0xE613, 0xDE13, 0xE613, 0xEE75, 0xB44D, 0x6182, 0xABCA,
    0xABC9, 0xABC9, 0xABC9, 0xABC9, 0xABC9, 0xABC9, 0xABA9, 0xABC9, 0xABEA, 0xAC0A, 0xB40B, 0xB40B, 0xB40B, 0xB40B, 0xB42B, 0xB40B,
    0xB40B, 0xB40B, 0xB42B, 0xB42B, 0xB42B, 0xB42B, 0xB42B, 0xB42B, 0xB42B, 0xB42B, 0xB42B, 0xB42B, 0xB42B, 0xB42B, 0xB42B, 0xB42B,
    0xBC4B, 0xBC4C, 0x9B28, 0x8285, 0x69E4, 0x69E4, 0x69E3, 0x69E3, 0x69E3, 0x5961, 0x6182, 0x7225, 0x6A25, 0x7225, 0x6A24, 0x6A04,
    0xABEA, 0xC48C, 0xC4AC, 0xC4AC, 0xC4AD, 0xC4AD, 0xC48D, 0xBC8D, 0xC48D, 0xC4AD, 0xCD0E, 0xCD4F, 0xCD2F, 0xCD4F, 0xCD4F, 0xCD4F,
    0xD54F, 0xD54F, 0xD54F, 0xCD4F, 0xCD4F, 0xCD4F, 0xCD4F, 0xD54F, 0xCD4F, 0xCD6F, 0xCD6F, 0xCD4F, 0xCD4F, 0xCD50, 0xCD50, 0xCD50,
    0xFFBA, 0xFF9A, 0xFF9A, 0xFF9A, 0xFF9A, 0xFF9A, 0xFF9A, 0xFF9A, 0xFF7A, 0xFF7A, 0xFF7A, 0xFF9A, 0xFF7A, 0xFF9A, 0xFF9A, 0xFF9A,
    0xFF79, 0xFF79, 0xFF79, 0xFF79, 0xFF9A, 0xFF7A, 0xFF7A, 0xFF7A, 0xFF7A, 0xFF7A, 0xFF7A, 0xFF9A, 0xFF9A, 0xFF9A, 0xFF9A, 0xFF58,
    0xF717, 0xFF17, 0xF717, 0xF717, 0xF717, 0xF717, 0xF717, 0xF717, 0xF717, 0xF717, 0xF717, 0xF718, 0xF718, 0xFF38, 0xFF37, 0xFF37,
    0xFF37, 0xF717, 0xF717, 0xF717, 0xF717, 0xF717, 0xF717, 0xF717, 0xF717, 0xF717, 0xF717, 0xF737, 0xF737, 0xF737, 0xFF37, 0xFF37,
    0xFF38, 0xFF37, 0xF738, 0xF738, 0xF738, 0xF738, 0xF738, 0xF738, 0xF738, 0xF738, 0xF738, 0xFF37, 0xF737, 0xFF38, 0xFF38, 0xFF37,
    0xFF37, 0xFF37, 0xF737, 0xF737, 0xFF37, 0xFF37, 0xFF37, 0xFF37, 0xFF58, 0xFF99, 0xFFBA, 0xFF9A, 0xFF9A, 0xFF9A, 0xFF9A, 0xFF9A,
    0xFF9A, 0xFF9A, 0xFF9A, 0xFF9A, 0xFF9A, 0xFF9A, 0xFF9A, 0xFF9A, 0xFF9A, 0xFF7A, 0xFF9A, 0xFF9A, 0xFF9A, 0xFF9A, 0xFF9A, 0xFF9A,
    0xFF7A, 0xFF7A, 0xFF7A, 0xFF9A, 0xFF7A, 0xFF9A, 0xFF9A, 0xFF9A, 0xFF9A, 0xFF9A, 0xFF9A, 0xFF9A, 0xFF9A, 0xFF99, 0xFF99, 0xFF99,
    0xFF99, 0xFF99, 0xFFDB, 0xE675, 0x7A44, 0xDE97, 0xFFFD, 0xFFDB, 0xFFDB, 0xFFDB, 0xFFDC, 0xFFDB, 0xFF9A, 0xFFBA, 0xF717, 0xEED6,
    0xEEB6, 0xE654, 0xE654, 0xE613, 0xDDF1, 0xDDF1, 0xDDF1, 0xDDF1, 0xDDF1, 0xE613, 0xE613, 0xE613, 0xEE75, 0xB44D, 0x6182, 0xABC9,
    0xABC9, 0xABC9, 0xABC9, 0xABC9, 0xABC9, 0xABC9, 0xABA9, 0xABCA, 0xB42B, 0xB42B, 0xB40B, 0xB40B, 0xB40B, 0xB40B, 0xB40B, 0xB40B,
    0xB42B, 0xB42B, 0xB42B, 0xB42B, 0xB42B, 0xB42B, 0xB42B, 0xB42B, 0xB42B, 0xB42B, 0xB42B, 0xB42B, 0xB42B, 0xB42B, 0xB42B, 0xB42B,
    0xB42B, 0xB42B, 0xD550, 0xC50F, 0x9349, 0x9369, 0x9369, 0x9369, 0x9369, 0x9B89, 0x9B68, 0x9348, 0x9368, 0x9B68, 0x9B48, 0x9B68,
    0xC4AC, 0xCCCD, 0xC4AD, 0xC4AC, 0xC4AD, 0xC4AD, 0xC4AD, 0xC4AD, 0xCCEE, 0xD52F, 0xCD2F, 0xCD2F, 0xCD2F, 0xCD4F, 0xCD4F, 0xCD4F,
    0xD54F, 0xD54F, 0xD54F, 0xD54F, 0xD54F, 0xCD4F, 0xCD4F, 0xCD4F, 0xCD4F, 0xCD6F, 0xCD6F, 0xCD6F, 0xCD6F, 0xCD50, 0xCD70, 0xCD50,
    0xFF9A, 0xFF9A, 0xFF9A, 0xFF9A, 0xFF9A, 0xFF9A, 0xFF9A, 0xFF9A, 0xFF7A, 0xFF7A, 0xFF7A, 0xFF7A, 0xFF7A, 0xFF7A, 0xFF7A, 0xFF7A,
    0xFF9A, 0xFF79, 0xFF79, 0xFF79, 0xFF79, 0xFF7A, 0xFF7A, 0xFF7A, 0xFF7A, 0xFF7A, 0xFF7A, 0xFF9A, 0xFF9A, 0xFF9A, 0xFF9A, 0xFF59,
    0xF717, 0xFF17, 0xF717, 0xF717, 0xF717, 0xF717, 0xF717, 0xF717, 0xF717, 0xF717, 0xF718, 0xF718, 0xFF38, 0xF718, 0xFF38, 0xFF38,
    0xFF37, 0xFF37, 0xF737, 0xF717, 0xFF37, 0xFF37, 0xF737, 0xF737, 0xF737, 0xF737, 0xF717, 0xF737, 0xF717, 0xF717, 0xFF37, 0xFF38,
    0xFF37, 0xFF37, 0xF737, 0xFF38, 0xF738, 0xFF38, 0xFF38, 0xFF38, 0xFF38, 0xFF38, 0xFF38, 0xFF38, 0xFF38, 0xFF37, 0xFF37, 0xFF37,
    0xFF37, 0xFF37, 0xF737, 0xF737, 0xFF37, 0xFF37, 0xF737, 0xFF37, 0xF717, 0xFF58, 0xFFBA, 0xFF9A, 0xFF9A, 0xFF9A, 0xFF9A, 0xFFBA,
    0xFF9A, 0xFF9A, 0xFF9A, 0xFF9A, 0xFF9A, 0xFF9A, 0xFF9A, 0xFF9A, 0xFF9A, 0xFF7A, 0xFF9A, 0xFF9A, 0xFF9A, 0xFF9A, 0xFF9A, 0xFF9A,
    0xFF7A, 0xFF9A, 0xFF9A, 0xFF9A, 0xFF9A, 0xFF9A, 0xFF9A, 0xFF9A, 0xFF9A, 0xFF9A, 0xFF9A, 0xFF9A, 0xFF9A, 0xFF9A, 0xFF9A, 0xFF9A,
    0xFF99, 0xFF99, 0xFFDA, 0xE675, 0x8244, 0xE697, 0xFFFD, 0xFFDB, 0xFFDB, 0xFFDB, 0xFFDC, 0xFFDB, 0xFF9A, 0xFF9A, 0xF717, 0xF6D6,
    0xEEB6, 0xE654, 0xE654, 0xE633, 0xDDF1, 0xDDF1, 0xDDF1, 0xDDF1, 0xE5F2, 0xDE13, 0xE613, 0xE613, 0xEE75, 0xB44D, 0x6182, 0xABC9,
    0xABA9, 0xABA9, 0xABA9, 0xABA9, 0xABC9, 0xABA9, 0xABC9, 0xB42B, 0xB40B, 0xB40B, 0xB40B, 0xB40B, 0xB40B, 0xB42B, 0xB42B, 0xB42B,
    0xB42B, 0xB42B, 0xB42B, 0xB42B, 0xB42B, 0xB42B, 0xB42B, 0xB42B, 0xB42B, 0xB44B, 0xB42B, 0xB44B, 0xB44B, 0xBC4C, 0xC4AD, 0xC4AD,
    0xBCAD, 0xBCAD, 0xD571, 0xD5D2, 0xDDF2, 0xDDF2, 0xDDF2, 0xDDF2, 0xDDF2, 0xDDB1, 0xDDAF, 0xE5CF, 0xE5CF, 0xDDCE, 0xDDAE, 0xDDAE,
    0xCCCD, 0xC48C, 0xC4AD, 0xC4AD, 0xC4AD, 0xC4CD, 0xC4CD, 0xCD0E, 0xCD2F, 0xCD2F, 0xCD2F, 0xCD2F, 0xCD4F, 0xCD2F, 0xCD4F, 0xCD4F,
    0xD54F, 0xD54F, 0xD54F, 0xCD4F, 0xD54F, 0xCD4F, 0xCD4F, 0xCD4F, 0xCD6F, 0xCD6F, 0xCD6F, 0xCD6F, 0xCD6F, 0xCD50, 0xCD70, 0xCD50,
    0xFF9A, 0xFF9A, 0xFF9A, 0xFF9A, 0xFF9A, 0xFF9A, 0xFF7A, 0xFF7A, 0xFF7A, 0xFF7A, 0xFF7A, 0xFF7A, 0xFF7A, 0xFF7A, 0xFF7A, 0xFF7A,
    0xFF9A, 0xFF79, 0xFF79, 0xFF79, 0xFF79, 0xFF7A, 0xFF7A, 0xFF7A, 0xFF7A, 0xFF7A, 0xFF7A, 0xFF99, 0xFF99, 0xFF9A, 0xFF9A, 0xFF9A,
    0xFF58, 0xFF17, 0xF717, 0xF717, 0xF717, 0xF717, 0xF717, 0xF717, 0xF717, 0xF717, 0xF717, 0xF718, 0xF718, 0xF718, 0xFF37, 0xFF38,
    0xFF37, 0xFF37, 0xFF37, 0xF717, 0xF717, 0xF737, 0xF737, 0xFF37, 0xF737, 0xF737, 0xF717, 0xF717, 0xF717, 0xF737, 0xFF37, 0xFF37,
    0xFF37, 0xFF38, 0xFF38, 0xFF38, 0xFF38, 0xFF38, 0xFF38, 0xFF38, 0xFF37, 0xFF37, 0xFF37, 0xFF37, 0xFF37, 0xFF37, 0xFF37, 0xFF37,
    0xF737, 0xF737, 0xF737, 0xFF37, 0xFF37, 0xFF37, 0xF717, 0xF717, 0xF717, 0xFF58, 0xFFBA, 0xFF9A, 0xFF9A, 0xFF9A, 0xFF9A, 0xFF9A,
    0xFF9A, 0xFF9A, 0xFF9A, 0xFF9A, 0xFF9A, 0xFF9A, 0xFF9A, 0xFF9A, 0xFF9A, 0xFF9A, 0xFF9A, 0xFF9A, 0xFF9A, 0xFF9A, 0xFF9A, 0xFF9A,
    0xFF9A, 0xFF9A, 0xFF9A, 0xFF9A, 0xFF9A, 0xFF9A, 0xFF9A, 0xFF9A, 0xFF9A, 0xFF9A, 0xFF9A, 0xFF9A, 0xFF9A, 0xFF9A, 0xFF9A, 0xFF9A,
    0xFF99, 0xFF99, 0xFFDA, 0xE695, 0x8244, 0xE6B7, 0xFFFD, 0xFFDB, 0xFFDB, 0xFFDB, 0xFFDB, 0xFFBA, 0xFF79, 0xFF9A, 0xF717, 0xF6D6,
    0xF6B6, 0xE654, 0xE654, 0xE633, 0xDDF1, 0xE5F1, 0xDDF1, 0xE5F1, 0xE612, 0xDE13, 0xE613, 0xDE13, 0xEE74, 0xB44D, 0x6182, 0xABC9,
    0xABA9, 0xABA9, 0xABA9, 0xABC9, 0xABA9, 0xABCA, 0xB40A, 0xB40B, 0xB40B, 0xB40B, 0xB40B, 0xB42B, 0xB40B, 0xB42B, 0xB42B, 0xB42B,
    0xB42B, 0xB42B, 0xB42B, 0xB42B, 0xB44B, 0xB44B, 0xB44B, 0xBC4B, 0xB44B, 0xB42B, 0xB42B, 0xB44B, 0xB42B, 0xBC8C, 0xDDB1, 0xD5B2,
    0xD5B2, 0xD5B2, 0xD5B2, 0xD5B1, 0xD5B1, 0xD5B1, 0xD5B1, 0xD5B1, 0xD5B1, 0xD591, 0xD56E, 0xD56D, 0xD56D, 0xD56D, 0xD56D, 0xD56D,
    0xCD0D, 0xCD0E, 0xC4CD, 0xC48C, 0xC4AC, 0xCD0E, 0xD52F, 0xCD2F, 0xCD0F, 0xCD2F, 0xCD2F, 0xCD4F, 0xCD4F, 0xCD2F, 0xCD4F, 0xCD4F,
    0xD54F, 0xD54F, 0xD54F, 0xCD4F, 0xD54F, 0xCD4F, 0xD54F, 0xCD4F, 0xCD6F, 0xCD70, 0xCD70, 0xCD70, 0xCD6F, 0xCD50, 0xCD50, 0xCD50,
    0xFF9A, 0xFF9A, 0xFF9A, 0xFF9A, 0xFF9A, 0xFF9A, 0xFF7A, 0xFF7A, 0xFF7A, 0xFF7A, 0xFF7A, 0xFF7A, 0xFF7A, 0xFF7A, 0xFF7A, 0xFF7A,
    0xFF9A, 0xFF79, 0xFF79, 0xFF79, 0xFF79, 0xFF79, 0xFF79, 0xFF7A, 0xFF7A, 0xFF7A, 0xFF7A, 0xFF9A, 0xFF9A, 0xFF9A, 0xFF9A, 0xFF99,
    0xFF58, 0xF6F7, 0xF717, 0xF717, 0xF717, 0xF717, 0xF717, 0xF717, 0xF717, 0xF717, 0xF717, 0xF717, 0xF717, 0xFF37, 0xFF37, 0xFF37,
    0xF737, 0xFF37, 0xFF37, 0xFF37, 0xF717, 0xF737, 0xFF37, 0xFF37, 0xF717, 0xF717, 0xF717, 0xF737, 0xF737, 0xF737, 0xF737, 0xFF37,
    0xFF37, 0xFF37, 0xFF38, 0xFF38, 0xFF38, 0xFF37, 0xFF37, 0xFF37, 0xFF37, 0xFF37, 0xFF37, 0xFF37, 0xFF37, 0xFF37, 0xFF37, 0xF737,
    0xF737, 0xF737, 0xF737, 0xF737, 0xF737, 0xF737, 0xF717, 0xFF37, 0xF717, 0xFF58, 0xFFBA, 0xFF9A, 0xFF9A, 0xFF9A, 0xFF9A, 0xFF9A,
    0xFF9A, 0xFF9A, 0xFF9A, 0xFF9A, 0xFF9A, 0xFF9A, 0xFF9A, 0xFF9A, 0xFF9A, 0xFF9A, 0xFF9A, 0xFF9A, 0xFF9A, 0xFF9A, 0xFF9A, 0xFF9A,
    0xFF9A, 0xFF9A, 0xFF9A, 0xFF9A, 0xFF9A, 0xFF9A, 0xFF9A, 0xFF9A, 0xFF9A, 0xFF9A, 0xFF9A, 0xFF9A, 0xFF99, 0xFF9A, 0xFF9A, 0xFF9A,
    0xFF99, 0xFF99, 0xFFDA, 0xE675, 0x8244, 0xE6B7, 0xFFFD, 0xFFBB, 0xFFDB, 0xFFDB, 0xFFDC, 0xFF9A, 0xFF79, 0xFFBA, 0xF717, 0xEE74,
    0xE654, 0xE654, 0xE654, 0xE633, 0xE612, 0xE611, 0xE5F1, 0xE5F1, 0xE612, 0xE613, 0xE613, 0xDE13, 0xEE75, 0xB44D, 0x6182, 0xABC9,
    0xABC9, 0xABC9, 0xABC9, 0xABA9, 0xABCA, 0xB40A, 0xB40A, 0xB40A, 0xB40B, 0xB40B, 0xB40B, 0xB42B, 0xB42B, 0xB42B, 0xB42B, 0xB42B,
    0xB42B, 0xB42B, 0xB42B, 0xB42B, 0xB42B, 0xB42B, 0xB42B, 0xB42B, 0xB42A, 0xBC6C, 0xCD50, 0xCD50, 0xCD50, 0xCD50, 0xD5B2, 0xD5B1,
    0xD5B1, 0xD5B2, 0xD5D2, 0xD5B2, 0xD5B2, 0xD5B2, 0xD5B2, 0xD5B2, 0xD5B2, 0xD5B1, 0xD58E, 0xDD8D, 0xD58D, 0xD56D, 0xD56D, 0xD58D,
    0xDDD1, 0xDDF3, 0xD591, 0xCD2F, 0xCD2F, 0xCD2E, 0xCD2E, 0xCD2F, 0xCD2F, 0xCD2F, 0xCD2F, 0xCD4F, 0xCD4F, 0xD52F, 0xD54F, 0xD54F,
    0xD54F, 0xD54F, 0xD54F, 0xCD4F, 0xD54F, 0xCD4F, 0xD54F, 0xCD4F, 0xCD6F, 0xCD70, 0xCD70, 0xCD70, 0xCD70, 0xD570, 0xD550, 0xCD50,
    0xFF9A, 0xFF9A, 0xFF9A, 0xFF9A, 0xFF9A, 0xFF9A, 0xFF9A, 0xFF9A, 0xFF7A, 0xFF7A, 0xFF7A, 0xFF7A, 0xFF7A, 0xFF7A, 0xFF7A, 0xFF7A,
    0xFF9A, 0xFF79, 0xFF79, 0xFF79, 0xFF79, 0xFF79, 0xFF7A, 0xFF7A, 0xFF7A, 0xFF7A, 0xFF7A, 0xFF79, 0xFF9A, 0xFF79, 0xFF79, 0xFF9A,
    0xFF58, 0xF717, 0xF717, 0xF717, 0xF717, 0xF717, 0xF717, 0xF717, 0xF717, 0xF717, 0xF717, 0xF717, 0xF717, 0xF737, 0xF717, 0xF717,
    0xF737, 0xFF37, 0xF717, 0xF717, 0xF717, 0xF717, 0xF737, 0xF717, 0xF717, 0xF717, 0xF717, 0xF717, 0xF717, 0xF717, 0xFF37, 0xFF37,
    0xFF37, 0xFF37, 0xFF37, 0xFF38, 0xFF38, 0xFF37, 0xFF37, 0xFF37, 0xFF37, 0xFF37, 0xFF37, 0xFF37, 0xFF37, 0xF737, 0xFF37, 0xF717,
    0xF717, 0xF717, 0xF717, 0xF737, 0xF717, 0xF717, 0xF717, 0xF717, 0xF737, 0xF737, 0xF737, 0xFF78, 0xFFBA, 0xFF9A, 0xFF9A, 0xFF9A,
    0xFF9A, 0xFF9A, 0xFF9A, 0xFF9A, 0xFF9A, 0xFF9A, 0xFF9A, 0xFF9A, 0xFF9A, 0xFF7A, 0xFF7A, 0xFF7A, 0xFF7A, 0xFF7A, 0xFF9A, 0xFF7A,
    0xFF9A, 0xFF9A, 0xFF9A, 0xFF9A, 0xFF9A, 0xFF9A, 0xFF9A, 0xFF9A, 0xFF9A, 0xFF9A, 0xFF9A, 0xFF9A, 0xFF9A, 0xFF9A, 0xFF9A, 0xFF9A,
    0xFF99, 0xFF79, 0xFFFC, 0xEED7, 0x71A2, 0xDE55, 0xFFFC, 0xFFBB, 0xFFDB, 0xFFDB, 0xFFDC, 0xFFBA, 0xFF78, 0xF758, 0xFF17, 0xEE74,
    0xE634, 0xE654, 0xE654, 0xE653, 0xE612, 0xE612, 0xE611, 0xE5F1, 0xE5F1, 0xDE12, 0xE613, 0xDE13, 0xE674, 0xAC2C, 0x6182, 0xABC9,
    0xABC9, 0xABC9, 0xABC9, 0xABE9, 0xB40A, 0xB40B, 0xB40A, 0xB40A, 0xB42B, 0xB42B, 0xB42B, 0xB42B, 0xB42B, 0xB42B, 0xB42B, 0xB42B,
    0xB40A, 0xB40A, 0xB40B, 0xB40A, 0xB40A, 0xC4EE, 0xCD2F, 0xCD2F, 0xCD0F, 0xCD50, 0xD5D2, 0xD5B2, 0xD5B2, 0xD5B2, 0xD5B2, 0xD5B1,
    0xD5B1, 0xD5D2, 0xD5D2, 0xD5D2, 0xD5D2, 0xD5D2, 0xD5D2, 0xD5D2, 0xD5D2, 0xD5B1, 0xD58E, 0xD58D, 0xD58E, 0xD58D, 0xD58D, 0xDD8E,
    0xDDD1, 0xDDD2, 0xDDD2, 0xDDF3, 0xD591, 0xCD2E, 0xCD4F, 0xCD2F, 0xCD4F, 0xD52F, 0xD52F, 0xD54F, 0xD54F, 0xCD4F, 0xCD4F, 0xD54F,
    0xD54F, 0xD54F, 0xD54F, 0xD54F, 0xD54F, 0xCD4F, 0xCD4F, 0xCD6F, 0xD54F, 0xD54F, 0xD570, 0xD570, 0xD570, 0xD54F, 0xD54F, 0xD54F,
    0xFF9A, 0xFF9A, 0xFF9A, 0xFF9A, 0xFF9A, 0xFF9A, 0xFF9A, 0xFF9A, 0xFF7A, 0xFF7A, 0xFF7A, 0xFF7A, 0xFF7A, 0xFF7A, 0xFF7A, 0xFF7A,
    0xFF79, 0xFF79, 0xFF79, 0xFF79, 0xFF79, 0xFF79, 0xFF79, 0xFF79, 0xFF7A, 0xFF7A, 0xFF7A, 0xFF79, 0xFF79, 0xFF79, 0xFF79, 0xFF79,
    0xFF58, 0xF6F6, 0xF717, 0xF717, 0xF717, 0xF717, 0xF717, 0xF717, 0xF717, 0xF717, 0xF717, 0xF717, 0xF717, 0xF737, 0xF717, 0xF717,
    0xFF37, 0xF717, 0xF718, 0xF718, 0xF737, 0xF737, 0xF717, 0xF717, 0xF717, 0xF717, 0xF717, 0xF717, 0xF737, 0xF717, 0xFF37, 0xFF37,
    0xFF37, 0xFF37, 0xFF37, 0xFF37, 0xFF38, 0xFF37, 0xFF37, 0xFF37, 0xFF37, 0xFF37, 0xFF37, 0xFF37, 0xFF37, 0xFF37, 0xFF37, 0xFF37,
    0xFF37, 0xF717, 0xF717, 0xF737, 0xF737, 0xF717, 0xF717, 0xF717, 0xF717, 0xF717, 0xF717, 0xFF58, 0xFF9A, 0xFF9A, 0xFF9A, 0xFF9A,
    0xFF9A, 0xFF9A, 0xFF9A, 0xFF9A, 0xFF9A, 0xFF9A, 0xFF9A, 0xFF9A, 0xFF7A, 0xFF7A, 0xFF7A, 0xFF9A, 0xFF7A, 0xFF9A, 0xFF9A, 0xFF7A,
    0xFF9A, 0xFF9A, 0xFF9A, 0xFF9A, 0xFF9A, 0xFF9A, 0xFF9A, 0xFF9A, 0xFF9A, 0xFF9A, 0xFF9A, 0xFF9A, 0xFF9A, 0xFF9A, 0xFF99, 0xFF9A,
    0xFF99, 0xFFBA, 0xE696, 0xB4CE, 0x9328, 0xCD90, 0xFF98, 0xFFDB, 0xFFDB, 0xFFDB, 0xFFDB, 0xFF79, 0xFF78, 0xF717, 0xFF17, 0xEE74,
    0xE634, 0xE654, 0xE634, 0xE633, 0xE612, 0xE611, 0xE5F1, 0xDDD0, 0xDDD0, 0xDDD1, 0xE613, 0xE654, 0xD591, 0x69E3, 0x7224, 0xB3EA,
    0xABC9, 0xABC9, 0xABC9, 0xB3EA, 0xB40A, 0xB40A, 0xB40A, 0xB40A, 0xB40A, 0xB40A, 0xB40A, 0xB42B, 0xB40B, 0xB40B, 0xB42B, 0xB42B,
    0xBC8C, 0xBCAD, 0xBCAD, 0xBCAD, 0xBCAD, 0xD591, 0xDDD2, 0xD5B2, 0xD5D2, 0xD5B2, 0xD5B1, 0xD5B1, 0xD5B1, 0xD5B1, 0xD5B2, 0xD5B2,
    0xD5B2, 0xD5B2, 0xD5D2, 0xD5D2, 0xD5D2, 0xD5D2, 0xD5D2, 0xD5D2, 0xD5D2, 0xD5B1, 0xD58E, 0xD58D, 0xD58E, 0xD58D, 0xDD8D, 0xDD8E,
    0xDDD2, 0xDDD2, 0xD5F3, 0xDDF3, 0xDDD2, 0xDDD2, 0xDDD2, 0xCD4F, 0xCD2F, 0xD52F, 0xD54F, 0xD54F, 0xD54F, 0xD54F, 0xCD4F, 0xD54F,
    0xD54F, 0xD54F, 0xCD4F, 0xD54F, 0xD54F, 0xCD4F, 0xCD4F, 0xCD6F, 0xD570, 0xD570, 0xD570, 0xD570, 0xD570, 0xD54F, 0xD54F, 0xD54F,
    0xFF9A, 0xFF9A, 0xFF9A, 0xFF9A, 0xFF9A, 0xFF9A, 0xFF9A, 0xFF9A, 0xFF7A, 0xFF7A, 0xFF7A, 0xFF7A, 0xFF7A, 0xFF7A, 0xFF7A, 0xFF7A,
    0xFF79, 0xFF79, 0xFF79, 0xFF79, 0xFF79, 0xFF79, 0xFF79, 0xFF79, 0xFF7A, 0xFF7A, 0xFF7A, 0xFF7A, 0xFF79, 0xFF79, 0xFF79, 0xFF79,
    0xFF59, 0xF717, 0xF717, 0xF717, 0xF717, 0xF717, 0xF6F7, 0xF6F7, 0xF717, 0xF717, 0xF717, 0xF717, 0xF717, 0xF717, 0xF717, 0xF717,
    0xF717, 0xF717, 0xF718, 0xF717, 0xF717, 0xFF37, 0xF737, 0xF717, 0xF717, 0xF717, 0xF717, 0xF717, 0xF737, 0xF737, 0xF737, 0xFF37,
    0xFF37, 0xFF37, 0xFF37, 0xFF37, 0xFF37, 0xFF37, 0xFF37, 0xFF37, 0xFF37, 0xFF37, 0xFF38, 0xFF38, 0xFF37, 0xFF37, 0xFF37, 0xFF37,
    0xFF37, 0xFF37, 0xF717, 0xF737, 0xFF37, 0xF717, 0xF717, 0xF717, 0xF717, 0xF717, 0xF717, 0xFF58, 0xFF9A, 0xFF9A, 0xFF9A, 0xFF9A,
    0xFF9A, 0xFF9A, 0xFF9A, 0xFF9A, 0xFF9A, 0xFF9A, 0xFF9A, 0xFF9A, 0xFF9A, 0xFF9A, 0xFF9A, 0xFF9A, 0xFF9A, 0xFF9A, 0xFF9A, 0xFF7A,
    0xFF9A, 0xFF9A, 0xFF9A, 0xFF9A, 0xFF9A, 0xFF9A, 0xFF9A, 0xFF9A, 0xFF9A, 0xFF9A, 0xFF9A, 0xFF9A, 0xFF9A, 0xFF9A, 0xFF9A, 0xFF9A,
    0xFF7A, 0xFFFC, 0xB48E, 0x7A23, 0xF798, 0xFF76, 0xFF55, 0xFF78, 0xFFDB, 0xFFDC, 0xFFBB, 0xFF78, 0xFF78, 0xFF17, 0xFF17, 0xEE75,
    0xE654, 0xE654, 0xE654, 0xE633, 0xE612, 0xE611, 0xE5F1, 0xE5D0, 0xDDD0, 0xDDD0, 0xDDF2, 0xE613, 0xD5B1, 0x6182, 0x82A6, 0xBC4B,
    0xABC9, 0xABC9, 0xABC9, 0xB40A, 0xB40A, 0xB40A, 0xB40A, 0xB40A, 0xB40A, 0xB40A, 0xB40A, 0xB40A, 0xB42B, 0xB42B, 0xB42B, 0xB42B,
    0xD570, 0xD5B1, 0xD5B1, 0xD5B1, 0xD5B2, 0xD5B1, 0xD5B1, 0xD5B1, 0xD5B1, 0xD5B1, 0xD5B1, 0xD5B1, 0xD5B2, 0xD5B2, 0xD5B2, 0xD5B2,
    0xD5D2, 0xD5D2, 0xD5D2, 0xD5D2, 0xD5D2, 0xD5D2, 0xD5D2, 0xD5D2, 0xD5D2, 0xD5D1, 0xD58E, 0xD58D, 0xD58E, 0xD58D, 0xDD8D, 0xDD8E,
    0xDDD2, 0xDDD2, 0xDDF3, 0xD5F3, 0xDDF2, 0xDDF3, 0xDDF3, 0xD591, 0xD590, 0xD570, 0xD52F, 0xD54F, 0xD52F, 0xD54F, 0xCD4F, 0xD54F,
    0xD54F, 0xD54F, 0xD54F, 0xD54F, 0xD54F, 0xCD4F, 0xCD4F, 0xCD6F, 0xD56F, 0xD570, 0xD570, 0xD570, 0xD570, 0xD54F, 0xD550, 0xD54F,
    0xFF9A, 0xFF9A, 0xFF9A, 0xFF9A, 0xFF9A, 0xFF9A, 0xFF9A, 0xFF9A, 0xFF7A, 0xFF7A, 0xFF7A, 0xFF7A, 0xFF7A, 0xFF7A, 0xFF7A, 0xFF7A,
    0xFF79, 0xFF79, 0xFF79, 0xFF79, 0xFF79, 0xFF79, 0xFF7A, 0xFF7A, 0xFF7A, 0xFF7A, 0xFF7A, 0xFF7A, 0xFF79, 0xFF79, 0xFF79, 0xFF79,
    0xFF99, 0xFF59, 0xF717, 0xF717, 0xF717, 0xF717, 0xF717, 0xF717, 0xFF17, 0xFF17, 0xF717, 0xF717, 0xF717, 0xF717, 0xF717, 0xF717,
    0xF717, 0xF717, 0xF717, 0xF717, 0xF717, 0xF737, 0xF737, 0xF737, 0xF737, 0xF717, 0xF717, 0xF717, 0xF717, 0xF717, 0xF737, 0xFF37,
    0xF737, 0xF737, 0xFF37, 0xFF38, 0xFF37, 0xFF37, 0xFF38, 0xFF37, 0xFF37, 0xFF38, 0xFF38, 0xFF38, 0xFF37, 0xFF38, 0xFF38, 0xFF37,
    0xFF38, 0xFF38, 0xFF37, 0xFF37, 0xFF37, 0xF717, 0xF717, 0xF717, 0xF717, 0xF717, 0xF717, 0xFF37, 0xF758, 0xFF79, 0xFF9A, 0xFF9A,
    0xFF9A, 0xFF9A, 0xFF9A, 0xFF9A, 0xFF7A, 0xFF9A, 0xFF9A, 0xFF9A, 0xFF9A, 0xFF9A, 0xFF9A, 0xFF9A, 0xFF9A, 0xFF9A, 0xFF9A, 0xFF7A,
    0xFF7A, 0xFF7A, 0xFF7A, 0xFF7A, 0xFF7A, 0xFF7A, 0xFF7A, 0xFF7A, 0xFF9A, 0xFF9A, 0xFF9A, 0xFF9A, 0xFF9A, 0xFF9A, 0xFF9A, 0xFF9A,
    0xFF9A, 0xFFDB, 0xB4AD, 0x7A43, 0xF736, 0xFF34, 0xFEF2, 0xF6F4, 0xF758, 0xF799, 0xFFBA, 0xFF99, 0xFF78, 0xF717, 0xF717, 0xEE95,
    0xE654, 0xEE74, 0xE633, 0xE612, 0xE611, 0xE611, 0xE5F1, 0xE5B0, 0xDDD0, 0xE5F1, 0xD54E, 0xD54E, 0xD52F, 0x5962, 0x82A6, 0xBC4B,
    0xABC9, 0xABC9, 0xABC9, 0xB40A, 0xB40A, 0xB40A, 0xB40A, 0xB3EA, 0xB3EA, 0xB3EA, 0xB3EA, 0xB40A, 0xC4EE, 0xCD70, 0xCD70, 0xCD70,
    0xD591, 0xD591, 0xD591, 0xD5B1, 0xD5B1, 0xD5B1, 0xD5B1, 0xD5B1, 0xD5B1, 0xD5B1, 0xD5B1, 0xD5B1, 0xD5B2, 0xD5B2, 0xD5B2, 0xD5B2,
    0xD5B2, 0xD5D2, 0xD5D2, 0xD5D2, 0xD5D2, 0xD5D2, 0xD5D2, 0xD5D2, 0xD5D2, 0xD5B1, 0xD58E, 0xD58E, 0xD58E, 0xD58D, 0xD58E, 0xDDD0,
    0xDDD2, 0xDDF2, 0xDDF2, 0xDDF2, 0xDDF3, 0xDDF3, 0xDDF3, 0xDDF3, 0xDE13, 0xDDD2, 0xD54F, 0xD54F, 0xD54F, 0xD54F, 0xD54F, 0xD54F,
    0xD54F, 0xD54F, 0xCD4F, 0xD54F, 0xD54F, 0xD570, 0xD570, 0xD570, 0xD54F, 0xD570, 0xD570, 0xD570, 0xD54F, 0xD550, 0xD550, 0xD550,
    0xFF9A, 0xFF9A, 0xFF9A, 0xFF9A, 0xFF9A, 0xFF9A, 0xFF9A, 0xFF9A, 0xFF7A, 0xFF7A, 0xFF7A, 0xFF7A, 0xFF7A, 0xFF7A, 0xFF7A, 0xFF7A,
    0xFF79, 0xFF79, 0xFF79, 0xFF7A, 0xFF7A, 0xFF7A, 0xFF7A, 0xFF7A, 0xFF7A, 0xFF9A, 0xFF7A, 0xFF7A, 0xFF79, 0xFF79, 0xFF79, 0xFF79,
    0xFF79, 0xFF59, 0xF717, 0xF717, 0xF717, 0xF717, 0xF717, 0xF717, 0xFF17, 0xFF17, 0xF717, 0xF717, 0xF717, 0xF717, 0xF717, 0xF717,
    0xF717, 0xF717, 0xF717, 0xF717, 0xF717, 0xF717, 0xF717, 0xF717, 0xF737, 0xF717, 0xF717, 0xF717, 0xF717, 0xF717, 0xF737, 0xFF37,
    0xF737, 0xF737, 0xFF37, 0xFF37, 0xFF37, 0xFF37, 0xFF38, 0xFF37, 0xFF38, 0xF738, 0xF737, 0xFF37, 0xFF38, 0xFF38, 0xFF38, 0xFF37,
    0xFF37, 0xFF37, 0xFF37, 0xFF37, 0xFF37, 0xFF37, 0xF717, 0xF717, 0xF717, 0xF717, 0xF737, 0xFF17, 0xFF17, 0xFF79, 0xFF9A, 0xFF9A,
    0xFF9A, 0xFF9A, 0xFF9A, 0xFF9A, 0xFF9A, 0xFF9A, 0xFF9A, 0xFF9A, 0xFF9A, 0xFF9A, 0xFF9A, 0xFF9A, 0xFF9A, 0xFF9A, 0xFF9A, 0xFF7A,
    0xFF7A, 0xFF7A, 0xFF7A, 0xFF7A, 0xFF7A, 0xFF7A, 0xFF9A, 0xFF9A, 0xFF9A, 0xFF9A, 0xFF9A, 0xFF9A, 0xFF9A, 0xFF9A, 0xFF9A, 0xFF9A,
    0xFFDA, 0x9BAA, 0xA40B, 0xDE75, 0xF797, 0xFED2, 0xFED1, 0xEE0E, 0xED8D, 0xF693, 0xF758, 0xF737, 0xFF58, 0xFF57, 0xFF57, 0xEEB5,
    0xEE74, 0xEE74, 0xE633, 0xE5F1, 0xE5F1, 0xE5F1, 0xE5F1, 0xE5D0, 0xDDAF, 0xDD6F, 0xD52E, 0xD52D, 0xD54F, 0xAC0B, 0x7204, 0x9327,
    0xB40A, 0xABC9, 0xABC9, 0xB3EA, 0xB3EA, 0xABEA, 0xABEA, 0xB46C, 0xC4CE, 0xC4CE, 0xC4CE, 0xC4CE, 0xC50F, 0xD591, 0xD591, 0xD591,
    0xD5B1, 0xD5B1, 0xD5B1, 0xD5B1, 0xD5B1, 0xD5B1, 0xD5B1, 0xD5B1, 0xD5B1, 0xD5B2, 0xD5B1, 0xD5B1, 0xD5B2, 0xD5B2, 0xD5B2, 0xD5B2,
    0xD5D2, 0xD5D2, 0xD5D2, 0xD5D2, 0xD5D2, 0xD5D2, 0xD5D2, 0xD5D2, 0xD5B1, 0xD58F, 0xDD8E, 0xD58E, 0xD58E, 0xD58D, 0xD58E, 0xDDD2,
    0xDDF2, 0xDDF3, 0xDDF3, 0xDDF2, 0xDDF3, 0xDDF3, 0xDDF3, 0xDDF3, 0xDDF3, 0xDDF3, 0xDDF3, 0xDE13, 0xDDD2, 0xD54F, 0xD54F, 0xD54F,
    0xD54F, 0xD54F, 0xD56F, 0xD56F, 0xD54F, 0xD570, 0xD570, 0xD570, 0xD570, 0xD570, 0xD570, 0xD570, 0xD570, 0xD550, 0xD550, 0xD570,
    0xFF9A, 0xFF9A, 0xFF9A, 0xFF9A, 0xFF9A, 0xFF9A, 0xFF9A, 0xFF9A, 0xFF9A, 0xFF9A, 0xFF9A, 0xFF7A, 0xFF7A, 0xFF7A, 0xFF7A, 0xFF7A,
    0xFF79, 0xFF79, 0xFF7A, 0xFF7A, 0xFF7A, 0xFF7A, 0xFF7A, 0xFF7A, 0xFF7A, 0xFF7A, 0xFF7A, 0xFF7A, 0xFF7A, 0xFF7A, 0xFF7A, 0xFF79,
    0xFF7A, 0xFF59, 0xF717, 0xF717, 0xF717, 0xF717, 0xF717, 0xF717, 0xF717, 0xF717, 0xF717, 0xF717, 0xF717, 0xF717, 0xF717, 0xF717,
    0xF717, 0xF717, 0xF717, 0xF717, 0xF717, 0xF717, 0xF717, 0xF717, 0xFF37, 0xF717, 0xF717, 0xF717, 0xF717, 0xF717, 0xF737, 0xFF37,
    0xFF37, 0xFF37, 0xFF37, 0xF737, 0xFF38, 0xFF37, 0xFF37, 0xFF38, 0xFF38, 0xFF38, 0xFF38, 0xFF37, 0xFF37, 0xFF38, 0xFF37, 0xFF38,
    0xFF37, 0xFF38, 0xFF37, 0xFF37, 0xFF37, 0xF737, 0xFF37, 0xFF37, 0xF737, 0xFF37, 0xF737, 0xF737, 0xFF37, 0xFF79, 0xFF9A, 0xFF9A,
    0xFF9A, 0xFF9A, 0xFF9A, 0xFF9A, 0xFF9A, 0xFF9A, 0xFF9A, 0xFF9A, 0xFF9A, 0xFF9A, 0xFF9A, 0xFF9A, 0xFF9A, 0xFF9A, 0xFF9A, 0xFF9A,
    0xFF7A, 0xFF7A, 0xFF7A, 0xFF7A, 0xFF7A, 0xFF9A, 0xFF9A, 0xFF9A, 0xFF9A, 0xFF9A, 0xFF9A, 0xFF9A, 0xFF9A, 0xFF9A, 0xFF9A, 0xFF9A,
    0xFFFB, 0x8AE7, 0xAC4C, 0xFFFD, 0xFFB8, 0xFED1, 0xFED1, 0xF62F, 0xE56C, 0xE58D, 0xD50C, 0xCCCB, 0xDDAF, 0xEE73, 0xEE53, 0xE612,
    0xE612, 0xEE95, 0xEE53, 0xE611, 0xEE32, 0xD54E, 0xD50D, 0xD52D, 0xD50C, 0xCCAB, 0xCCCC, 0xCD0D, 0xDD8F, 0xD56F, 0x69A2, 0x8AA6,
    0xBC2A, 0xB3EA, 0xB3EA, 0xB44B, 0xB44C, 0xB44C, 0xB44C, 0xC4CE, 0xC52F, 0xC52F, 0xC52F, 0xC530, 0xCD50, 0xD591, 0xD591, 0xD591,
    0xD5B1, 0xD5B1, 0xD5B1, 0xD5B1, 0xD5B1, 0xD5B1, 0xD5B2, 0xD5B2, 0xD5B2, 0xD5B1, 0xD5B2, 0xD5B2, 0xD5B2, 0xD5B2, 0xD5B2, 0xD5D2,
    0xD5D2, 0xD5B2, 0xD5B2, 0xD5D2, 0xD5B2, 0xD5B2, 0xD5D2, 0xD5D2, 0xD5B0, 0xD58D, 0xDD8E, 0xDD8E, 0xD58E, 0xD58E, 0xD58E, 0xD5D1,
    0xDDD2, 0xDDF3, 0xDDF3, 0xDDF3, 0xDDF3, 0xDDF3, 0xDDF3, 0xDDF3, 0xDDF3, 0xDDF3, 0xDDF3, 0xDDF3, 0xDDF3, 0xDDF2, 0xDDF2, 0xD591,
    0xCD4F, 0xD54F, 0xD550, 0xD570, 0xD570, 0xD570, 0xD570, 0xD570, 0xD570, 0xD570, 0xD570, 0xD570, 0xD570, 0xD570, 0xD570, 0xD570,
    0xFF9A, 0xFF9A, 0xFF9A, 0xFF9A, 0xFF9A, 0xFF9A, 0xFF9A, 0xFF9A, 0xFF9A, 0xFF9A, 0xFF9A, 0xFF7A, 0xFF7A, 0xFF7A, 0xFF7A, 0xFF7A,
    0xFF7A, 0xFF7A, 0xFF7A, 0xFF7A, 0xFF7A, 0xFF7A, 0xFF7A, 0xFF7A, 0xFF7A, 0xFF7A, 0xFF7A, 0xFF7A, 0xFF7A, 0xFF7A, 0xFF7A, 0xFF7A,
    0xFF7A, 0xFF59, 0xF717, 0xF717, 0xF717, 0xF717, 0xFF17, 0xF717, 0xF717, 0xF717, 0xF717, 0xF717, 0xF717, 0xF717, 0xF717, 0xF717,
    0xF717, 0xF717, 0xF717, 0xF717, 0xF717, 0xF717, 0xF717, 0xF717, 0xF717, 0xF717, 0xF717, 0xF717, 0xF717, 0xF737, 0xF737, 0xF737,
    0xFF37, 0xFF37, 0xFF37, 0xF737, 0xF738, 0xFF37, 0xFF37, 0xFF38, 0xFF38, 0xFF38, 0xFF38, 0xFF37, 0xFF37, 0xFF38, 0xFF38, 0xFF38,
    0xFF38, 0xFF38, 0xFF37, 0xFF38, 0xFF37, 0xF717, 0xFF37, 0xFF37, 0xF737, 0xF737, 0xF737, 0xFF37, 0xF737, 0xFF99, 0xFF9A, 0xFF9A,
    0xFF9A, 0xFF9A, 0xFF9A, 0xFF9A, 0xFF9A, 0xFF9A, 0xFF9A, 0xFF9A, 0xFF9A, 0xFF9A, 0xFF9A, 0xFF9A, 0xFF9A, 0xFF9A, 0xFF9A, 0xFF9A,
    0xFF7A, 0xFF9A, 0xFF7A, 0xFF9A, 0xFF7A, 0xFF9A, 0xFF9A, 0xFF9A, 0xFF9A, 0xFF9A, 0xFF9A, 0xFF9A, 0xFF9A, 0xFF9A, 0xFF9A, 0xFF9A,
    0xFFFB, 0x9328, 0xAC4C, 0xFFFC, 0xFF98, 0xFED1, 0xFED1, 0xFEB1, 0xF64F, 0xE56C, 0xDCEB, 0xD4CB, 0xD4CA, 0xCC69, 0xCC49, 0xCC69,
    0xCC8A, 0xDD6F, 0xD54F, 0xD52E, 0xD54E, 0xCCAB, 0xC46A, 0xC48A, 0xCC8A, 0xCCAB, 0xCCAB, 0xD50D, 0xD58F, 0xD52E, 0x69C3, 0x8AE7,
    0xB42B, 0xABEA, 0xB42B, 0xC4EE, 0xC50F, 0xC50F, 0xC50F, 0xC50F, 0xC50F, 0xC50F, 0xC50F, 0xCD50, 0xD5B1, 0xD591, 0xD591, 0xD5B1,
    0xD5B1, 0xD5B1, 0xD5B1, 0xD5B1, 0xD5B1, 0xD5B1, 0xD5B1, 0xD5B2, 0xD5B2, 0xD5B1, 0xD5B2, 0xD5B2, 0xD5B2, 0xD5D2, 0xD5D2, 0xD5D2,
    0xD5B2, 0xD5B2, 0xD5B2, 0xD5B2, 0xD5B2, 0xD5D2, 0xD5D2, 0xD5D3, 0xD5B0, 0xD58E, 0xDD8E, 0xD58E, 0xD58E, 0xD58E, 0xD58E, 0xDDD2,
    0xD5D3, 0xDDF2, 0xDDF3, 0xDDF3, 0xDDF3, 0xDDF3, 0xDDF3, 0xDDF3, 0xDDF3, 0xDDF3, 0xDDF3, 0xDDF3, 0xDDF3, 0xDE13, 0xDE13, 0xDDF3,
    0xDDD2, 0xDDF2, 0xDDF2, 0xD570, 0xD56F, 0xD56F, 0xD56F, 0xD570, 0xD570, 0xD570, 0xD570, 0xD570, 0xD570, 0xD570, 0xD570, 0xD570,
    0xFF9A, 0xFF9A, 0xFF9A, 0xFF9A, 0xFF9A, 0xFF9A, 0xFF9A, 0xFF9A, 0xFF9A, 0xFF9A, 0xFF9A, 0xFF7A, 0xFF7A, 0xFF7A, 0xFF7A, 0xFF7A,
    0xFF7A, 0xFF7A, 0xFF7A, 0xFF7A, 0xFF7A, 0xFF79, 0xFF79, 0xFF79, 0xFF7A, 0xFF7A, 0xFF7A, 0xFF7A, 0xFF7A, 0xFF7A, 0xFF7A, 0xFF7A,
    0xFF7A, 0xFF59, 0xF717, 0xF717, 0xF717, 0xF717, 0xFF17, 0xF717, 0xF717, 0xF717, 0xF717, 0xF717, 0xF717, 0xF717, 0xF717, 0xF717,
    0xF717, 0xF717, 0xF717, 0xF717, 0xF717, 0xF717, 0xF717, 0xF717, 0xF717, 0xF717, 0xF717, 0xF717, 0xF737, 0xF717, 0xF737, 0xF737,
    0xF717, 0xFF37, 0xF737, 0xF737, 0xF738, 0xFF37, 0xF737, 0xF738, 0xFF37, 0xFF37, 0xFF38, 0xFF37, 0xFF38, 0xFF38, 0xFF38, 0xFF38,
    0xFF38, 0xFF38, 0xFF37, 0xFF38, 0xFF37, 0xFF37, 0xFF37, 0xFF37, 0xF737, 0xFF37, 0xF737, 0xF737, 0xF737, 0xFF59, 0xFF9A, 0xFF9A,
    0xFF9A, 0xFF9A, 0xFF9A, 0xFF9A, 0xFF9A, 0xFF9A, 0xFF9A, 0xFF9A, 0xFF9A, 0xFF9A, 0xFF9A, 0xFF9A, 0xFF9A, 0xFF9A, 0xFF9A, 0xFF9A,
    0xFF9A, 0xFF9A, 0xFF7A, 0xFF9A, 0xFF7A, 0xFF9A, 0xFF9A, 0xFF9A, 0xFF9A, 0xFF9A, 0xFF9A, 0xFF9A, 0xFF9A, 0xFF9A, 0xFF9A, 0xFF9A,
    0xFFFB, 0x9328, 0xAC4C, 0xFFFD, 0xFF98, 0xFEF2, 0xFF12, 0xFF33, 0xF670, 0xE54B, 0xE54C, 0xE54C, 0xE54C, 0xCC8A, 0xCC8A, 0xCC8A,
    0xCC8A, 0xBBC7, 0xB387, 0xBBC7, 0xBBE7, 0xC429, 0xCC6A, 0xCC8A, 0xCC8A, 0xCCAB, 0xCCAB, 0xCD0D, 0xD58F, 0xD54F, 0x69A3, 0x9328,
    0xC4CE, 0xBC8D, 0xBCAE, 0xC4EE, 0xC4EF, 0xC4EF, 0xC4EF, 0xC50F, 0xBD0F, 0xC52F, 0xCD71, 0xCD91, 0xD591, 0xD591, 0xD5B1, 0xD5B1,
    0xD5B1, 0xD5B1, 0xD5B1, 0xD5B1, 0xD5B1, 0xD5B1, 0xD5B1, 0xD5B1, 0xD5B2, 0xD5B2, 0xD5B2, 0xD5B2, 0xD5B2, 0xD5D2, 0xD5D2, 0xD5D2,
    0xD5B2, 0xD5B2, 0xD5B2, 0xD5B2, 0xD5B2, 0xD5D2, 0xD5D2, 0xD5B0, 0xD5AF, 0xDD8E, 0xDD8E, 0xD58E, 0xD58E, 0xD58E, 0xD58E, 0xDDD2,
    0xDDF3, 0xDDF3, 0xDDF3, 0xDDF3, 0xDDF3, 0xDDF3, 0xDDF3, 0xDDF3, 0xDDF3, 0xDDF3, 0xDDF3, 0xDDF3, 0xDDF3, 0xDDF3, 0xDE13, 0xDE14,
    0xDE34, 0xDE34, 0xE634, 0xDDD2, 0xD5B1, 0xD5B1, 0xD5B1, 0xD570, 0xD570, 0xD570, 0xD570, 0xD570, 0xD570, 0xD570, 0xD570, 0xD54F,
    0xFF9A, 0xFF9A, 0xFF9A, 0xFF9A, 0xFF9A, 0xFF7A, 0xFF7A, 0xFF7A, 0xFF7A, 0xFF7A, 0xFF7A, 0xFF7A, 0xFF7A, 0xFF7A, 0xFF7A, 0xFF7A,
    0xFF7A, 0xFF7A, 0xFF79, 0xFF79, 0xFF79, 0xFF79, 0xFF79, 0xFF79, 0xFF9A, 0xFF9A, 0xFF7A, 0xFF7A, 0xFF7A, 0xFF7A, 0xFF79, 0xFF79,
    0xFF79, 0xFF79, 0xFF59, 0xF717, 0xF717, 0xF717, 0xF717, 0xF717, 0xF717, 0xF717, 0xF717, 0xF717, 0xF717, 0xF717, 0xF717, 0xF717,
    0xF717, 0xF717, 0xF717, 0xF717, 0xF717, 0xF717, 0xF717, 0xF717, 0xF717, 0xF717, 0xF717, 0xF717, 0xFF37, 0xFF17, 0xF717, 0xFF37,
    0xF737, 0xF737, 0xF737, 0xF737, 0xF737, 0xF737, 0xF737, 0xF738, 0xF718, 0xF717, 0xFF37, 0xFF17, 0xFF38, 0xFF38, 0xFF37, 0xFF37,
    0xFF37, 0xFF38, 0xFF37, 0xFF37, 0xFF38, 0xFF38, 0xFF37, 0xFF37, 0xF717, 0xFF17, 0xFF37, 0xF717, 0xF717, 0xF717, 0xFF59, 0xFFBA,
    0xFF9A, 0xFF9A, 0xFF9A, 0xFF9A, 0xFF9A, 0xFF9A, 0xFF9A, 0xFF9A, 0xFF9A, 0xFF9A, 0xFF9A, 0xFF9A, 0xFF9A, 0xFF9A, 0xFF9A, 0xFF7A,
    0xFF7A, 0xFF7A, 0xFF9A, 0xFF9A, 0xFF9A, 0xFF9A, 0xFF9A, 0xFF9A, 0xFF9A, 0xFF9A, 0xFF9A, 0xFF9A, 0xFF9A, 0xFF9A, 0xFFBA, 0xFF9A,
    0xFFFC, 0x9349, 0xAC4C, 0xFFFD, 0xFF98, 0xFF33, 0xFF33, 0xFF53, 0xEE2E, 0xE52B, 0xE54C, 0xE54B, 0xE54C, 0xE52B, 0xE54B, 0xD4AA,
    0xCC8A, 0xCC49, 0xC448, 0xC408, 0xBBE8, 0xC428, 0xCC8A, 0xCC8A, 0xCC8A, 0xD4CB, 0xD4CB, 0xCCEB, 0xDD8F, 0xD54F, 0x61A3, 0x9349,
    0xCD30, 0xBCCF, 0xC4EF, 0xBCEF, 0xBCEF, 0xC4EF, 0xC50F, 0xBCEF, 0xC530, 0xCD71, 0xD5B2, 0xD5B2, 0xD5B1, 0xD5B1, 0xD5B1, 0xD5B1,
    0xD5B1, 0xD5B1, 0xD5B1, 0xD5B1, 0xD5B1, 0xD5B1, 0xD5B2, 0xD5B2, 0xD5B2, 0xD5B2, 0xD5B2, 0xD5D2, 0xD5D2, 0xD5D2, 0xD5D2, 0xD5D2,
    0xD5D2, 0xD5B2, 0xD5B2, 0xD5D2, 0xD5B2, 0xD5B2, 0xD5D3, 0xD58F, 0xD58E, 0xD58E, 0xD58E, 0xDD8E, 0xD58E, 0xDD8F, 0xD5B0, 0xDDD2,
    0xDDF3, 0xDDF3, 0xDDF3, 0xDDF3, 0xDDF3, 0xDDF3, 0xDDF3, 0xDDF3, 0xDDF3, 0xDDF3, 0xDDF3, 0xDDF3, 0xDDF3, 0xDE13, 0xDE13, 0xDE14,
    0xDE34, 0xDE34, 0xDE34, 0xE634, 0xE634, 0xE634, 0xDE13, 0xD570, 0xD570, 0xD56F, 0xD570, 0xD570, 0xD570, 0xD570, 0xD570, 0xD590,
    0xFF9A, 0xFF9A, 0xFF9A, 0xFF9A, 0xFF7A, 0xFF7A, 0xFF7A, 0xFF7A, 0xFF7A, 0xFF7A, 0xFF7A, 0xFF7A, 0xFF7A, 0xFF7A, 0xFF7A, 0xFF7A,
    0xFF79, 0xFF7A, 0xFF79, 0xFF79, 0xFF79, 0xFF79, 0xFF79, 0xFF79, 0xFF9A, 0xFF9A, 0xFF7A, 0xFF7A, 0xFF7A, 0xFF79, 0xFF79, 0xFF79,
    0xFF79, 0xFF79, 0xFF59, 0xF717, 0xF717, 0xF717, 0xF717, 0xF717, 0xF717, 0xF717, 0xF717, 0xF717, 0xF717, 0xF717, 0xF717, 0xF717,
    0xF717, 0xF717, 0xF717, 0xF717, 0xF717, 0xF717, 0xF717, 0xF717, 0xF717, 0xF717, 0xF717, 0xFF17, 0xF737, 0xFF17, 0xFF17, 0xF737,
    0xF737, 0xF737, 0xF737, 0xF737, 0xF737, 0xF737, 0xF737, 0xF738, 0xF718, 0xF717, 0xF737, 0xFF37, 0xFF37, 0xFF38, 0xFF38, 0xFF37,
    0xFF38, 0xFF38, 0xFF37, 0xFF37, 0xFF38, 0xFF38, 0xFF37, 0xFF37, 0xFF38, 0xFF17, 0xFF37, 0xF717, 0xF717, 0xF717, 0xFF59, 0xFFBA,
    0xFF9A, 0xFF9A, 0xFF9A, 0xFF9A, 0xFF9A, 0xFF9A, 0xFF9A, 0xFF9A, 0xFF9A, 0xFF9A, 0xFF9A, 0xFF9A, 0xFF9A, 0xFF7A, 0xFF7A, 0xFF7A,
    0xFF7A, 0xFF7A, 0xFF9A, 0xFF9A, 0xFF9A, 0xFF9A, 0xFF9A, 0xFF9A, 0xFF9A, 0xFF9A, 0xFF9A, 0xFF9A, 0xFF9A, 0xFF9A, 0xFF9A, 0xFF9A,
    0xFFFC, 0x9328, 0xAC4C, 0xFFFC, 0xFFB9, 0xFF54, 0xFF54, 0xF6F2, 0xE58C, 0xE52B, 0xE52B, 0xE52B, 0xE52B, 0xE52B, 0xE54C, 0xD4AA,
    0xCC69, 0xD489, 0xD4AA, 0xC428, 0xC3E8, 0xC408, 0xCC89, 0xD4CA, 0xD4AA, 0xD4CB, 0xD4CB, 0xCCCB, 0xDD8F, 0xD54F, 0x61A3, 0x9348,
    0xC50F, 0xBCCE, 0xBCEE, 0xBCEF, 0xBCEF, 0xC4EF, 0xC4EF, 0xC50F, 0xD591, 0xD5D2, 0xD5B1, 0xD5B1, 0xD5B1, 0xD5B1, 0xD5B1, 0xD5B1,
    0xD5B1, 0xD5B1, 0xD5B1, 0xD5B1, 0xD5B1, 0xD5B1, 0xD5B1, 0xD5B2, 0xD5B2, 0xD5B2, 0xD5D2, 0xD5D2, 0xD5D2, 0xD5D2, 0xD5D2, 0xD5D2,
    0xD5D2, 0xD5D2, 0xD5B2, 0xD5D2, 0xD5B2, 0xD5B2, 0xD5D1, 0xD5AF, 0xD58E, 0xD58E, 0xD58E, 0xD58E, 0xD58D, 0xDDB0, 0xDDF3, 0xDDF2,
    0xDDF3, 0xDDF3, 0xDDF3, 0xDDF3, 0xDDF3, 0xDDF3, 0xDDF3, 0xDDF3, 0xDDF3, 0xDDF3, 0xDDF3, 0xDDF3, 0xDDF3, 0xDE13, 0xDE14, 0xDE14,
    0xDE34, 0xDE34, 0xDE34, 0xDE34, 0xDE34, 0xDE34, 0xDE34, 0xDE13, 0xDE13, 0xDE13, 0xD570, 0xD54F, 0xD54F, 0xD570, 0xD54F, 0xBCCD,
    0xFF9A, 0xFF9A, 0xFF9A, 0xFF9A, 0xFF7A, 0xFF7A, 0xFF7A, 0xFF7A, 0xFF7A, 0xFF7A, 0xFF7A, 0xFF7A, 0xFF7A, 0xFF7A, 0xFF7A, 0xFF7A,
    0xFF79, 0xFF79, 0xFF79, 0xFF79, 0xFF79, 0xFF79, 0xFF9A, 0xFF79, 0xFF9A, 0xFF9A, 0xFF9A, 0xFF7A, 0xFF7A, 0xFF79, 0xFF79, 0xFF79,
    0xFF79, 0xFF79, 0xFF59, 0xF717, 0xF717, 0xF717, 0xF717, 0xF717, 0xF717, 0xF717, 0xF717, 0xF717, 0xF717, 0xF717, 0xF717, 0xF717,
    0xF717, 0xF717, 0xF717, 0xF717, 0xF717, 0xF717, 0xF717, 0xF717, 0xF717, 0xF717, 0xF717, 0xF737, 0xF737, 0xFF17, 0xFF17, 0xF737,
    0xF737, 0xF737, 0xF737, 0xF737, 0xF737, 0xF737, 0xF737, 0xF717, 0xF717, 0xF717, 0xF737, 0xFF38, 0xFF37, 0xFF37, 0xFF38, 0xFF38,
    0xFF38, 0xFF37, 0xFF37, 0xFF37, 0xFF38, 0xFF37, 0xFF37, 0xFF37, 0xFF38, 0xFF38, 0xFF37, 0xFF37, 0xFF17, 0xF717, 0xFF58, 0xFFBB,
    0xFF9A, 0xFF9A, 0xFF9A, 0xFF9A, 0xFF9A, 0xFF9A, 0xFF9A, 0xFF9A, 0xFF9A, 0xFF9A, 0xFF9A, 0xFF9A, 0xFF9A, 0xFF7A, 0xFF9A, 0xFF9A,
    0xFF9A, 0xFF9A, 0xFF9A, 0xFF9A, 0xFF9A, 0xFF9A, 0xFF9A, 0xFF9A, 0xFF9A, 0xFF9A, 0xFF9A, 0xFF9A, 0xFF9A, 0xFF9A, 0xFF9A, 0xFF9A,
    0xFFFC, 0x9328, 0xAC2C, 0xFFFC, 0xFFDA, 0xFFB8, 0xFF95, 0xF6B1, 0xE50B, 0xE54C, 0xE52B, 0xE52B, 0xE52B, 0xE50B, 0xE50B, 0xD489,
    0xCC49, 0xCC69, 0xCC69, 0xCC49, 0xCC28, 0xC3E7, 0xC408, 0xD4AA, 0xD4AA, 0xD4CB, 0xD4CB, 0xD4CB, 0xDD8F, 0xD56F, 0x61A2, 0x9328,
    0xC50F, 0xBCCE, 0xBCEE, 0xBCEF, 0xC4EF, 0xBCEF, 0xC50F, 0xD5B1, 0xD5D2, 0xD5B2, 0xD5B2, 0xD5B1, 0xD5B1, 0xD5B2, 0xD5B2, 0xD5B1,
    0xD5B1, 0xD5B1, 0xD5B1, 0xD5B1, 0xD5B1, 0xD5B1, 0xD5B1, 0xD5B2, 0xD5B2, 0xD5B2, 0xD5D2, 0xD5D2, 0xD5D2, 0xD5D2, 0xD5D2, 0xD5D2,
    0xD5D2, 0xD5D2, 0xD5D2, 0xD5D2, 0xD5B2, 0xD5D2, 0xD58F, 0xD58E, 0xD58E, 0xD58E, 0xD58E, 0xD58E, 0xD58D, 0xDDB0, 0xDDF2, 0xDDF2,
    0xDDF3, 0xDDF3, 0xDDF3, 0xDDF3, 0xDDF3, 0xDDF3, 0xDDF3, 0xDDF3, 0xDDF3, 0xDDF3, 0xDDF3, 0xDDF3, 0xDDF3, 0xDE13, 0xDE13, 0xDE34,
    0xDE34, 0xDE34, 0xDE34, 0xDE34, 0xDE34, 0xDE34, 0xDE34, 0xDE34, 0xDE34, 0xDE34, 0xDDD1, 0xDDB1, 0xD5B1, 0xDDB1, 0xCD50, 0x8B28,
    0xFF9A, 0xFF9A, 0xFF9A, 0xFF9A, 0xFF7A, 0xFF7A, 0xFF7A, 0xFF7A, 0xFF7A, 0xFF7A, 0xFF7A, 0xFF7A, 0xFF7A, 0xFF7A, 0xFF7A, 0xFF7A,
    0xFF79, 0xFF79, 0xFF79, 0xFF79, 0xFF99, 0xFF79, 0xFF79, 0xFF79, 0xFF99, 0xFF99, 0xFF99, 0xFF79, 0xFF79, 0xFF79, 0xFF79, 0xFF79,
    0xFF79, 0xFF79, 0xFF79, 0xF717, 0xF717, 0xF717, 0xF717, 0xF717, 0xF717, 0xF717, 0xF717, 0xF717, 0xF717, 0xF717, 0xF717, 0xF717,
    0xF717, 0xF717, 0xF717, 0xF717, 0xF717, 0xF717, 0xF717, 0xF717, 0xF717, 0xF737, 0xF737, 0xF737, 0xF717, 0xF737, 0xF737, 0xF737,
    0xF737, 0xF737, 0xF737, 0xF737, 0xF737, 0xFF37, 0xFF37, 0xF718, 0xF718, 0xFF38, 0xF718, 0xFF38, 0xFF37, 0xFF37, 0xFF37, 0xFF38,
    0xFF37, 0xFF37, 0xFF37, 0xFF37, 0xFF37, 0xFF37, 0xFF37, 0xFF37, 0xFF38, 0xFF38, 0xFF37, 0xFF37, 0xF717, 0xFF17, 0xF738, 0xFF59,
    0xFF9A, 0xFF9A, 0xFF9A, 0xFF9A, 0xFF9A, 0xFF9A, 0xFF9A, 0xFF9A, 0xFF9A, 0xFF9A, 0xFF9A, 0xFF9A, 0xFF9A, 0xFF9A, 0xFF9A, 0xFF9A,
    0xFF9A, 0xFF9A, 0xFF9A, 0xFF9A, 0xFF9A, 0xFF9A, 0xFF9A, 0xFF9A, 0xFF9A, 0xFF9A, 0xFF9A, 0xFF9A, 0xFF9A, 0xFFBA, 0xFFBA, 0xFFBA,
    0xFFFC, 0x8AA7, 0xAC2C, 0xFFFD, 0xFFDA, 0xFFFA, 0xF735, 0xEDEF, 0xDD2B, 0xDD0B, 0xE52B, 0xDD0B, 0xE52B, 0xDCEA, 0xCC69, 0xCC69,
    0xCC69, 0xCC49, 0xCC48, 0xCC48, 0xCC49, 0xC408, 0xC3E8, 0xDD2B, 0xDD4C, 0xD4AA, 0xD4AA, 0xD4CB, 0xDDB0, 0xD56F, 0x61A2, 0x9328,
    0xC52F, 0xBCCE, 0xC4EF, 0xC4EF, 0xC4EF, 0xC530, 0xD5B1, 0xD5B2, 0xD5D2, 0xD5D2, 0xD5B2, 0xD5B2, 0xD5B2, 0xD5B2, 0xD5B2, 0xD5B2,
    0xD5B2, 0xD5B1, 0xD5B1, 0xD5B1, 0xD5B2, 0xD5B2, 0xD5B2, 0xD5B2, 0xD5D2, 0xD5D2, 0xD5D2, 0xD5D2, 0xD5D2, 0xD5D2, 0xD5D2, 0xD5D2,
    0xD5D2, 0xD5B2, 0xD5B2, 0xD5D2, 0xD5B2, 0xD5B2, 0xD58F, 0xD58E, 0xD58E, 0xD58E, 0xD58E, 0xD58E, 0xD58E, 0xDDB0, 0xDDF3, 0xDDF2,
    0xDDF3, 0xDDF3, 0xDDF3, 0xDDF3, 0xDE13, 0xDDF3, 0xDDF3, 0xDDF3, 0xDDF3, 0xDDF3, 0xDDF3, 0xDDF3, 0xDDF3, 0xDE13, 0xDE14, 0xDE34,
    0xDE34, 0xDE34, 0xDE34, 0xDE34, 0xDE34, 0xDE14, 0xDE14, 0xDE14, 0xDE14, 0xDE34, 0xE634, 0xE634, 0xDE34, 0xE634, 0xD5B1, 0x9369,
    0xFF9A, 0xFF9A, 0xFF9A, 0xFF9A, 0xFF7A, 0xFF7A, 0xFF7A, 0xFF7A, 0xFF7A, 0xFF7A, 0xFF7A, 0xFF7A, 0xFF7A, 0xFF7A, 0xFF7A, 0xFF7A,
    0xFF79, 0xFF79, 0xFF79, 0xFF79, 0xFF79, 0xFF79, 0xFF7A, 0xFF9A, 0xFF99, 0xFF99, 0xFF99, 0xFF79, 0xFF79, 0xFF79, 0xFF79, 0xFF79,
    0xFF79, 0xFF79, 0xFF59, 0xF717, 0xF717, 0xF717, 0xF717, 0xF717, 0xF717, 0xF717, 0xF717, 0xF717, 0xF717, 0xF717, 0xF717, 0xF717,
    0xF717, 0xF717, 0xF717, 0xF717, 0xF717, 0xF717, 0xF717, 0xF717, 0xF717, 0xF737, 0xF737, 0xF737, 0xF737, 0xF737, 0xF737, 0xF737,
    0xF737, 0xF737, 0xF737, 0xFF37, 0xFF37, 0xF737, 0xF717, 0xF718, 0xF718, 0xF718, 0xF718, 0xF718, 0xFF37, 0xFF37, 0xFF37, 0xFF37,
    0xF717, 0xF717, 0xFF37, 0xF737, 0xF717, 0xFF37, 0xFF37, 0xFF37, 0xF717, 0xFF37, 0xFF37, 0xFF37, 0xF717, 0xFF17, 0xF717, 0xF737,
    0xFF9A, 0xFF9A, 0xFF9A, 0xFF9A, 0xFF9A, 0xFF9A, 0xFF9A, 0xFF9A, 0xFF9A, 0xFF9A, 0xFF9A, 0xFF9A, 0xFF9A, 0xFF9A, 0xFF9A, 0xFF9A,
    0xFF9A, 0xFF9A, 0xFF9A, 0xFF9A, 0xFF9A, 0xFF9A, 0xFF9A, 0xFF9A, 0xFFBA, 0xFFBA, 0xFFBA, 0xFFBA, 0xFF9A, 0xFF99, 0xFF99, 0xFF99,
    0xFFBA, 0xCD71, 0xA42C, 0xB4CF, 0xFFDA, 0xFFFC, 0xEEB5, 0xE56C, 0xE5CE, 0xF6D3, 0xEE50, 0xEDCE, 0xEDCE, 0xDD0A, 0xCC48, 0xCC69,
    0xCC48, 0xCC69, 0xD4AA, 0xD489, 0xCC69, 0xCC69, 0xC3E8, 0xE58D, 0xE5EF, 0xDD4E, 0xD52D, 0xD50C, 0xE5F1, 0xDDD1, 0x6162, 0x8B08,
    0xCD2F, 0xBCCE, 0xC4EF, 0xC4EF, 0xC4EE, 0xCD30, 0xDDD2, 0xD5D2, 0xD5D2, 0xD5B2, 0xD5B2, 0xD5B2, 0xD5B2, 0xD5B2, 0xD5B2, 0xD5B2,
    0xD5B2, 0xD5B2, 0xD5B2, 0xD5D2, 0xD5B2, 0xD5B2, 0xD5B2, 0xD5B2, 0xD5D2, 0xD5D2, 0xD5D2, 0xD5D2, 0xD5D2, 0xD5D2, 0xD5D2, 0xD5D2,
    0xD5D2, 0xD5B2, 0xD5B2, 0xD5D2, 0xD5B2, 0xD5D2, 0xD58F, 0xD58E, 0xD58E, 0xD58E, 0xD58E, 0xD58E, 0xD58D, 0xDDB0, 0xDDF3, 0xDDF2,
    0xDDF3, 0xDDF3, 0xDDF3, 0xDE13, 0xDE13, 0xDDF3, 0xDDF3, 0xDDF3, 0xDDF3, 0xDDF3, 0xDDF3, 0xDDF3, 0xDDF3, 0xDE13, 0xDE14, 0xDE34,
    0xDE34, 0xDE34, 0xDE34, 0xDE34, 0xDE34, 0xDE34, 0xDE14, 0xDE34, 0xDE34, 0xDE34, 0xDE34, 0xDE34, 0xDE34, 0xE634, 0xD5B2, 0x9368,
    0xFF9A, 0xFF9A, 0xFF9A, 0xFF9A, 0xFF7A, 0xFF7A, 0xFF79, 0xFF79, 0xFF7A, 0xFF7A, 0xFF7A, 0xFF7A, 0xFF7A, 0xFF7A, 0xFF79, 0xFF79,
    0xFF79, 0xFF79, 0xFF79, 0xFF99, 0xFF99, 0xFF99, 0xFF99, 0xFF99, 0xFF99, 0xFF99, 0xFF99, 0xFF99, 0xFF99, 0xFF79, 0xFF79, 0xFF79,
    0xFF79, 0xFF79, 0xFF79, 0xF737, 0xFF17, 0xF717, 0xF717, 0xF717, 0xF717, 0xF717, 0xF717, 0xF717, 0xF717, 0xF717, 0xF717, 0xF717,
    0xF717, 0xF717, 0xF717, 0xF717, 0xF717, 0xF717, 0xF717, 0xF717, 0xF737, 0xF737, 0xF737, 0xF737, 0xF737, 0xF737, 0xF737, 0xF737,
    0xF737, 0xF737, 0xF737, 0xFF37, 0xFF37, 0xF737, 0xF718, 0xF717, 0xFF37, 0xFF37, 0xFF37, 0xFF37, 0xFF37, 0xFF37, 0xFF37, 0xF717,
    0xFF37, 0xF717, 0xF737, 0xFF37, 0xF717, 0xF717, 0xF717, 0xF717, 0xF718, 0xF717, 0xF718, 0xF717, 0xF737, 0xF737, 0xF717, 0xFF38,
    0xFF9A, 0xFF9A, 0xFF9A, 0xFF9A, 0xFF9A, 0xFF9A, 0xFF9A, 0xFF9A, 0xFF9A, 0xFF9A, 0xFF9A, 0xFF9A, 0xFF9A, 0xFF9A, 0xFF9A, 0xFF9A,
    0xFF9A, 0xFF9A, 0xFF9A, 0xFF9A, 0xFF9A, 0xFF9A, 0xFF9A, 0xFFBA, 0xFFBA, 0xFFBA, 0xFFBA, 0xFFBA, 0xFF58, 0xFF37, 0xFF37, 0xFF37,
    0xF737, 0xFFFA, 0xB48D, 0x8285, 0xFFDA, 0xFFFC, 0xF6D5, 0xE56D, 0xE610, 0xFF97, 0xFF56, 0xFF55, 0xFED2, 0xD4EB, 0xCC48, 0xCC69,
    0xD50B, 0xDD4C, 0xE5AE, 0xE58D, 0xD4EB, 0xCC6A, 0xC3E8, 0xDD4D, 0xE632, 0xEE33, 0xE632, 0xE5F1, 0xD54F, 0xA3CA, 0x5982, 0x9328,
    0xCD0F, 0xC4CE, 0xC4EF, 0xC4EE, 0xCD30, 0xD5B1, 0xD5D2, 0xD5D2, 0xD5D2, 0xD5D2, 0xD5D2, 0xD5D2, 0xD5B2, 0xD5B2, 0xD5D2, 0xD5D2,
    0xD5B1, 0xD5B1, 0xD5B1, 0xD5B2, 0xD5B2, 0xD5B2, 0xD5B2, 0xD5D2, 0xD5D2, 0xD5D2, 0xD5D2, 0xD5D2, 0xD5D2, 0xD5D2, 0xD5D2, 0xDDD2,
    0xD5D2, 0xD5D2, 0xD5D2, 0xD5D2, 0xD5B2, 0xD5D2, 0xD5AF, 0xD58E, 0xD58E, 0xD58E, 0xD58E, 0xD58E, 0xD58F, 0xDDD1, 0xDDF3, 0xDDF2,
    0xDDF3, 0xDDF3, 0xDDF3, 0xDDF3, 0xDDF3, 0xDDF3, 0xDDF3, 0xDDF3, 0xDDF3, 0xDE13, 0xDE13, 0xDE13, 0xDE13, 0xDE13, 0xDE14, 0xDE34,
    0xDE34, 0xDE34, 0xDE34, 0xDE34, 0xDE34, 0xDE34, 0xDE34, 0xDE34, 0xE634, 0xE634, 0xDE34, 0xDE34, 0xDE34, 0xE634, 0xD5B2, 0x9389,
    0xFF9A, 0xFF9A, 0xFF9A, 0xFF9A, 0xFF7A, 0xFF79, 0xFF79, 0xFF79, 0xFF79, 0xFF99, 0xFF79, 0xFF79, 0xFF79, 0xFF79, 0xFF79, 0xFF79,
    0xFF79, 0xFF79, 0xFF79, 0xFF99, 0xFF99, 0xFF99, 0xFF99, 0xFF99, 0xFF99, 0xFF99, 0xFF99, 0xFF99, 0xFF99, 0xFF79, 0xFF79, 0xFF79,
    0xFF79, 0xFF79, 0xFF9A, 0xFF58, 0xFF17, 0xF717, 0xF717, 0xF717, 0xF717, 0xF717, 0xF717, 0xF717, 0xF717, 0xF717, 0xF717, 0xF717,
    0xF717, 0xF717, 0xF717, 0xF717, 0xF717, 0xF717, 0xF717, 0xF717, 0xF737, 0xF737, 0xF737, 0xF737, 0xF737, 0xF737, 0xF737, 0xF737,
    0xF737, 0xF737, 0xF737, 0xFF37, 0xF737, 0xF717, 0xF717, 0xF717, 0xFF37, 0xFF37, 0xFF37, 0xFF37, 0xFF37, 0xFF37, 0xFF37, 0xF717,
    0xF717, 0xF717, 0xF717, 0xFF37, 0xFF37, 0xF717, 0xF717, 0xF718, 0xF718, 0xF718, 0xF718, 0xF717, 0xFF37, 0xFF37, 0xF717, 0xFF58,
    0xFFBA, 0xFF9A, 0xFF9A, 0xFF9A, 0xFF9A, 0xFF9A, 0xFF9A, 0xFF9A, 0xFF9A, 0xFF9A, 0xFF9A, 0xFF9A, 0xFF9A, 0xFF9A, 0xFF9A, 0xFF9A,
    0xFF9A, 0xFF9A, 0xFF9A, 0xFF9A, 0xFF9A, 0xFF9B, 0xFFBB, 0xFF99, 0xFF58, 0xFF58, 0xFF58, 0xFF58, 0xFF58, 0xFF58, 0xFF37, 0xFF37,
    0xFF37, 0xFFB9, 0xAC2C, 0x7A45, 0xFFFC, 0xFFFC, 0xEEB5, 0xE610, 0xFF35, 0xFF56, 0xFF36, 0xFF56, 0xFEF4, 0xFEB2, 0xDD6D, 0xC449,
    0xEE10, 0xEDCF, 0xE5AE, 0xE5CF, 0xE58E, 0xCC8A, 0xC429, 0xDD0D, 0xE633, 0xE633, 0xE633, 0xF6B5, 0xB44D, 0x5120, 0xB46D, 0xC4CE,
    0xC4CE, 0xC4CE, 0xC4EF, 0xBCEE, 0xD591, 0xDDF2, 0xD5D2, 0xD5D2, 0xD5D2, 0xD5D2, 0xD5D2, 0xD5D2, 0xD5D2, 0xD5D2, 0xD5D2, 0xD5D2,
    0xD5B1, 0xD5B1, 0xD5B1, 0xD5D2, 0xD5D2, 0xD5D2, 0xD5D2, 0xD5D2, 0xD5D2, 0xD5D2, 0xD5D2, 0xD5D2, 0xD5D2, 0xDDD2, 0xDDD2, 0xDDD2,
    0xD5D2, 0xD5D2, 0xD5D2, 0xD5D2, 0xD5B2, 0xD5D2, 0xD5AF, 0xD58E, 0xD58E, 0xD58E, 0xD58E, 0xD5AF, 0xDDD2, 0xDDF2, 0xDDF3, 0xDDF3,
    0xDDF3, 0xDDF3, 0xDDF3, 0xDDF3, 0xDDF3, 0xDDF3, 0xDDF3, 0xDDF3, 0xDDF3, 0xDDF3, 0xDE13, 0xDE13, 0xDE13, 0xDE14, 0xDE14, 0xDE34,
    0xDE34, 0xDE34, 0xDE34, 0xDE34, 0xDE34, 0xDE34, 0xDE34, 0xDE34, 0xDE34, 0xDE34, 0xE634, 0xDE34, 0xE634, 0xDE13, 0x93CA, 0x8B27,
    0xFF9A, 0xFF9A, 0xFF9A, 0xFF9A, 0xFF7A, 0xFF7A, 0xFF9A, 0xFF79, 0xFF79, 0xFF79, 0xFF79, 0xFF79, 0xFF79, 0xFF79, 0xFF79, 0xFF79,
    0xFF79, 0xFF79, 0xFF79, 0xFF99, 0xFF99, 0xFF99, 0xFF99, 0xFF99, 0xFF99, 0xFF99, 0xFF99, 0xFF99, 0xFF99, 0xFF79, 0xFF79, 0xFF79,
    0xFF79, 0xFF79, 0xFF9A, 0xFF58, 0xFF17, 0xF717, 0xF717, 0xF717, 0xF717, 0xF717, 0xF717, 0xF717, 0xF717, 0xF717, 0xF717, 0xF717,
    0xF717, 0xF717, 0xFF37, 0xF717, 0xF717, 0xF717, 0xF717, 0xF717, 0xF737, 0xF737, 0xF737, 0xF737, 0xF737, 0xF737, 0xF737, 0xF737,
    0xFF38, 0xF737, 0xF737, 0xFF37, 0xFF37, 0xF737, 0xF737, 0xF737, 0xF717, 0xFF37, 0xFF37, 0xFF38, 0xFF37, 0xFF37, 0xFF37, 0xFF37,
    0xF717, 0xFF37, 0xFF37, 0xF717, 0xF717, 0xF717, 0xF718, 0xF718, 0xF718, 0xF718, 0xF718, 0xF718, 0xFF37, 0xFF37, 0xFF37, 0xFF38,
    0xFF59, 0xFF9A, 0xFF9A, 0xFF9A, 0xFF9A, 0xFF9A, 0xFF9A, 0xFF9A, 0xFF9A, 0xFF9A, 0xFF9A, 0xFF9A, 0xFF9A, 0xFF9A, 0xFF9A, 0xFF9A,
    0xFFBA, 0xFFBA, 0xFFBA, 0xFFBB, 0xFF9A, 0xFF58, 0xFF78, 0xFF58, 0xFF38, 0xFF38, 0xFF38, 0xFF38, 0xFF37, 0xFF37, 0xFF37, 0xFF37,
    0xFF37, 0xFF78, 0xE674, 0xBCCF, 0x9349, 0xDE75, 0xFF57, 0xEE73, 0xFFDA, 0xFFB9, 0xFFB9, 0xFFB9, 0xFFB9, 0xFF77, 0xDD6E, 0xC449,
    0xFF15, 0xF6D4, 0xE5CF, 0xE5AF, 0xE5AF, 0xE58E, 0xD4EC, 0xD52E, 0xE633, 0xE634, 0xE613, 0xEE95, 0xB48D, 0x6181, 0xC4AD, 0xC4EE,
    0xC4CE, 0xC4CE, 0xC4EE, 0xD591, 0xD5D2, 0xD5D2, 0xD5D2, 0xD5D2, 0xD5D2, 0xD5D2, 0xD5D2, 0xD5D2, 0xD5D2, 0xD5D2, 0xD5D2, 0xD5D2,
    0xD5D2, 0xD5B1, 0xD5B2, 0xD5D2, 0xD5B2, 0xD5D2, 0xD5D2, 0xD5D2, 0xD5D2, 0xD5D2, 0xD5D2, 0xD5D2, 0xD5D2, 0xDDD2, 0xDDD2, 0xDDD2,
    0xD5D2, 0xD5D2, 0xD5D2, 0xD5D2, 0xD5B2, 0xD5D2, 0xD5AF, 0xDD8E, 0xDD8E, 0xDD8E, 0xDD8E, 0xDDAF, 0xDDF2, 0xDDF3, 0xDDF3, 0xDDF3,
    0xDDF3, 0xDDF3, 0xDDF3, 0xDDF3, 0xDDF3, 0xDE13, 0xDE13, 0xDE13, 0xDDF3, 0xDDF3, 0xDE13, 0xDE13, 0xDE13, 0xDE14, 0xDE14, 0xDE34,
    0xDE34, 0xDE34, 0xDE34, 0xDE34, 0xDE34, 0xDE34, 0xDE34, 0xDE34, 0xE634, 0xDE34, 0xDE34, 0xDE34, 0xE634, 0xDE13, 0x8B28, 0x82E7,
    0xFF98, 0xFF98, 0xFF78, 0xFF9A, 0xFF9A, 0xFF7A, 0xFF7A, 0xFF79, 0xFF79, 0xFF79, 0xFF79, 0xFF79, 0xFF79, 0xFF79, 0xFF9A, 0xFF79,
    0xFF79, 0xFF79, 0xFF99, 0xFF99, 0xFF99, 0xFF99, 0xFF99, 0xFF99, 0xFF99, 0xFF99, 0xFF99, 0xFF99, 0xFF99, 0xFF99, 0xFF79, 0xFF99,
    0xFF79, 0xFF79, 0xFF9A, 0xFF58, 0xFF17, 0xF737, 0xF737, 0xF717, 0xF717, 0xF717, 0xF717, 0xF717, 0xF717, 0xF717, 0xF717, 0xF717,
    0xF717, 0xF717, 0xF717, 0xF717, 0xFF17, 0xF717, 0xF717, 0xFF37, 0xFF37, 0xFF37, 0xF737, 0xF737, 0xF738, 0xFF37, 0xFF37, 0xFF37,
    0xFF38, 0xF737, 0xF737, 0xFF37, 0xFF37, 0xF737, 0xF717, 0xF737, 0xF717, 0xF717, 0xFF38, 0xFF38, 0xFF38, 0xFF37, 0xFF38, 0xFF37,
    0xF737, 0xFF37, 0xF717, 0xF717, 0xF717, 0xF717, 0xF717, 0xF717, 0xF718, 0xF718, 0xF718, 0xF717, 0xFF37, 0xF717, 0xFF37, 0xFF37,
    0xFF38, 0xFF9A, 0xFF9A, 0xFF9A, 0xFF9A, 0xFF9A, 0xFF9A, 0xFF9A, 0xFF9A, 0xFF9A, 0xFF9A, 0xFF9A, 0xFF9A, 0xFF9A, 0xFF9A, 0xFF9A,
    0xFF79, 0xFF79, 0xFF79, 0xFF79, 0xFF59, 0xFF38, 0xFF38, 0xFF38, 0xFF58, 0xFF58, 0xFF38, 0xFF38, 0xFF37, 0xFF37, 0xFF37, 0xFF37,
    0xFF37, 0xF737, 0xFFB9, 0xEED6, 0x8245, 0xB4AE, 0xCDB0, 0xE653, 0xFFFB, 0xFFBA, 0xFFBA, 0xFFBA, 0xFFBA, 0xFFB9, 0xE653, 0xD54E,
    0xFF57, 0xFF37, 0xF6B4, 0xEE11, 0xE5AF, 0xE5CF, 0xD4ED, 0xDD6F, 0xE633, 0xE613, 0xF6B5, 0xABEB, 0x6182, 0x61A2, 0xBC8D, 0xC4EE,
    0xC4CE, 0xC50F, 0xCD50, 0xD5D2, 0xDDD2, 0xD5D2, 0xD5D2, 0xD5D2, 0xD5D2, 0xD5D2, 0xD5D2, 0xD5D2, 0xD5D2, 0xD5D2, 0xD5D2, 0xD5D2,
    0xD5D2, 0xD5D2, 0xD5D2, 0xD5B2, 0xD5D2, 0xD5D2, 0xD5D2, 0xD5D2, 0xD5D2, 0xD5D2, 0xD5D2, 0xD5D2, 0xD5D2, 0xD5D2, 0xD5D2, 0xD5D2,
    0xD5D2, 0xD5D2, 0xD5D2, 0xD5D2, 0xD5D2, 0xDDD1, 0xD5AF, 0xDD8E, 0xDD8E, 0xDD8E, 0xDD8E, 0xDDAF, 0xDDF2, 0xDDF3, 0xDDF3, 0xDDF3,
    0xDDF3, 0xDDF3, 0xDDF3, 0xDDF3, 0xDDF3, 0xDDF3, 0xDDF3, 0xDDF3, 0xDDF3, 0xDDF3, 0xDE13, 0xDE13, 0xDE14, 0xDE34, 0xDE34, 0xDE34,
    0xDE34, 0xDE34, 0xDE34, 0xDE34, 0xDE34, 0xDE34, 0xE634, 0xE634, 0xDE34, 0xDE34, 0xDE34, 0xDE34, 0xDE34, 0xDE13, 0x8B49, 0x8307,
    0xFF77, 0xFF77, 0xFF78, 0xFF79, 0xFF79, 0xFF79, 0xFF79, 0xFF9A, 0xFF79, 0xFF79, 0xFF7A, 0xFF9A, 0xFF79, 0xFF79, 0xFF79, 0xFF79,
    0xFF79, 0xFF79, 0xFF79, 0xFF79, 0xFF99, 0xFF99, 0xFF99, 0xFF99, 0xFF99, 0xFF99, 0xFF99, 0xFF99, 0xFF99, 0xFF79, 0xFF99, 0xFF99,
    0xFF99, 0xFF79, 0xFF9A, 0xFF58, 0xFF17, 0xF737, 0xF737, 0xF717, 0xF717, 0xF717, 0xF717, 0xF717, 0xF717, 0xF717, 0xF717, 0xF717,
    0xF717, 0xF737, 0xF737, 0xF737, 0xF717, 0xF717, 0xF717, 0xF717, 0xF717, 0xFF37, 0xF717, 0xF737, 0xFF37, 0xFF37, 0xFF37, 0xFF37,
    0xFF37, 0xF737, 0xFF37, 0xFF37, 0xFF37, 0xF737, 0xF737, 0xFF37, 0xFF37, 0xFF37, 0xFF38, 0xFF38, 0xFF38, 0xFF37, 0xFF38, 0xFF37,
    0xF737, 0xFF37, 0xF717, 0xF717, 0xF717, 0xF717, 0xF717, 0xF718, 0xF718, 0xF718, 0xF718, 0xF717, 0xF717, 0xF717, 0xFF37, 0xFF37,
    0xFF38, 0xFF9A, 0xFF9A, 0xFF9A, 0xFF9A, 0xFF9A, 0xFF9A, 0xFF9A, 0xFF9A, 0xFF9A, 0xFF9A, 0xFF9A, 0xFF9A, 0xFF9A, 0xFF9A, 0xFF7A,
    0xFF37, 0xFF17, 0xFF17, 0xFF37, 0xFF37, 0xFF37, 0xFF37, 0xFF37, 0xFF37, 0xFF57, 0xFF38, 0xFF38, 0xFF37, 0xFF37, 0xFF37, 0xFF37,
    0xFF37, 0xFF37, 0xFF37, 0xF737, 0xFFB9, 0x8B69, 0x48C0, 0xC530, 0xFFFC, 0xFF9A, 0xFFBA, 0xFFBA, 0xFFBA, 0xFFDB, 0xF758, 0xEE74,
    0xFF37, 0xFF37, 0xFF58, 0xEEB4, 0xE5F0, 0xE5F0, 0xD54F, 0xDDB1, 0xE654, 0xDDF3, 0xC4EE, 0x7A65, 0x71E3, 0x9348, 0xBCAD, 0xC4CE,
    0xC4EE, 0xCD50, 0xDDD2, 0xD5B2, 0xD5D2, 0xD5D2, 0xD5D2, 0xD5D2, 0xD5D2, 0xD5D2, 0xD5D2, 0xD5D2, 0xD5D2, 0xD5D2, 0xD5D2, 0xD5D2,
    0xD5D2, 0xD5D2, 0xD5D2, 0xD5D2, 0xD5D2, 0xD5D2, 0xD5D2, 0xD5D2, 0xD5D2, 0xD5D2, 0xD5D2, 0xD5D2, 0xD5D2, 0xD5D2, 0xD5D2, 0xD5D2,
    0xD5D3, 0xD5D2, 0xD5D2, 0xD5D2, 0xD5AF, 0xD5AE, 0xDDAE, 0xDDAE, 0xDD8E, 0xDD8E, 0xDD8E, 0xD5AF, 0xDDF3, 0xDDF3, 0xDDF3, 0xDDF3,
    0xDDF3, 0xDDF3, 0xDDF3, 0xDDF3, 0xDDF3, 0xDDF3, 0xDDF3, 0xDDF3, 0xDDF3, 0xDDF3, 0xDE13, 0xDE13, 0xDE14, 0xDE34, 0xDE34, 0xDE34,
    0xDE34, 0xDE34, 0xDE34, 0xDE34, 0xDE34, 0xDE34, 0xE634, 0xE634, 0xE634, 0xE634, 0xDE34, 0xDE34, 0xE634, 0xE634, 0x8B49, 0x8307,
    0xFF77, 0xFF77, 0xFF77, 0xFF77, 0xFF77, 0xFF76, 0xFF78, 0xFF7A, 0xFF79, 0xFF9A, 0xFF79, 0xFF79, 0xFF9A, 0xFF79, 0xFF9A, 0xFF79,
    0xFF79, 0xFF79, 0xFF79, 0xFF79, 0xFF79, 0xFF99, 0xFF79, 0xFF79, 0xFF79, 0xFF79, 0xFF99, 0xFF79, 0xFF99, 0xFF99, 0xFF99, 0xFF99,
    0xFF79, 0xFF79, 0xFF9A, 0xFF59, 0xFF37, 0xF717, 0xF717, 0xF717, 0xF717, 0xF717, 0xF717, 0xF717, 0xF717, 0xFF38, 0xFF37, 0xF717,
    0xF737, 0xF737, 0xF737, 0xF737, 0xF737, 0xF737, 0xF717, 0xF717, 0xFF37, 0xFF37, 0xFF37, 0xF737, 0xFF37, 0xFF38, 0xFF37, 0xFF37,
    0xFF38, 0xFF37, 0xFF37, 0xFF37, 0xFF37, 0xFF37, 0xFF37, 0xFF38, 0xFF38, 0xFF37, 0xFF38, 0xFF38, 0xFF38, 0xFF37, 0xFF37, 0xFF37,
    0xF737, 0xF717, 0xF717, 0xFF37, 0xF717, 0xF717, 0xF718, 0xF718, 0xF717, 0xF718, 0xF718, 0xF717, 0xFF37, 0xF737, 0xF737, 0xFF37,
    0xFF38, 0xFF9A, 0xFF9A, 0xFF9A, 0xFF9A, 0xFF9A, 0xFF9A, 0xFFBA, 0xFFBB, 0xFFBA, 0xFFBB, 0xFF79, 0xFF37, 0xFF37, 0xFF37, 0xFF37,
    0xFF37, 0xFF37, 0xFF37, 0xFF37, 0xFF37, 0xFF37, 0xFF37, 0xFF37, 0xFF37, 0xFF37, 0xFF37, 0xFF38, 0xFF37, 0xFF37, 0xFF37, 0xFF37,
    0xFF37, 0xFF37, 0xFF37, 0xFF37, 0xFF99, 0xAC2C, 0x69E3, 0xC530, 0xFFDB, 0xFF99, 0xFFBA, 0xFFBA, 0xFFBA, 0xFFDB, 0xF737, 0xEE73,
    0xFF37, 0xFF38, 0xF6D6, 0xF6B5, 0xF694, 0xE633, 0xE5F1, 0xD5B1, 0xDE34, 0xCD90, 0x61A1, 0x5941, 0xA3C9, 0xCD0E, 0xC4AD, 0xC4AD,
    0xCD4F, 0xD5B1, 0xD5B2, 0xD5D2, 0xD5D2, 0xD5D2, 0xD5D2, 0xD5D2, 0xD5D2, 0xD5D2, 0xD5D2, 0xD5D2, 0xD5D2, 0xD5D2, 0xD5D2, 0xD5D2,
    0xD5D2, 0xD5D2, 0xD5D2, 0xD5D2, 0xD5D2, 0xD5D2, 0xD5D2, 0xD5D2, 0xD5D2, 0xD5D2, 0xD5D2, 0xD5D2, 0xD5D2, 0xD5D2, 0xD5D2, 0xD5D2,
    0xD5D2, 0xD5D2, 0xD5D3, 0xD5D2, 0xD5AF, 0xDDAE, 0xDDAE, 0xDDAE, 0xDDAE, 0xDDAE, 0xDDAE, 0xDDF1, 0xDDF3, 0xDE13, 0xDDF3, 0xDDF3,
    0xDDF3, 0xDDF3, 0xDE13, 0xDDF3, 0xDDF3, 0xDE13, 0xDDF3, 0xDDF3, 0xDDF3, 0xDDF3, 0xDE13, 0xDE13, 0xDE14, 0xDE14, 0xDE34, 0xDE34,
    0xDE34, 0xDE34, 0xDE34, 0xDE34, 0xE634, 0xE634, 0xE634, 0xE634, 0xE634, 0xDE34, 0xE634, 0xDE34, 0xDE13, 0xCD92, 0x8B28, 0x82E7,
    0xFF77, 0xFF77, 0xFF77, 0xFF77, 0xFF77, 0xFF57, 0xFF77, 0xFF78, 0xFF79, 0xFF7A, 0xFF79, 0xFF79, 0xFF7A, 0xFF9A, 0xFF9A, 0xFF79,
    0xFF79, 0xFF79, 0xFF79, 0xFF99, 0xFF99, 0xFF99, 0xFF99, 0xFF79, 0xFF79, 0xFF79, 0xFF79, 0xFF79, 0xFF79, 0xFF79, 0xFF99, 0xFF99,
    0xFF79, 0xFF9A, 0xFF9A, 0xFF9A, 0xFF79, 0xFF17, 0xF717, 0xFF37, 0xF717, 0xF717, 0xF717, 0xF737, 0xF737, 0xFF37, 0xF717, 0xF717,
    0xF737, 0xF737, 0xFF37, 0xFF38, 0xFF37, 0xF738, 0xF738, 0xF738, 0xFF37, 0xFF37, 0xFF37, 0xF737, 0xF737, 0xFF38, 0xFF38, 0xFF38,
    0xFF38, 0xFF37, 0xFF37, 0xFF37, 0xFF37, 0xFF37, 0xFF37, 0xFF37, 0xFF38, 0xFF38, 0xFF38, 0xFF38, 0xFF38, 0xFF38, 0xFF37, 0xFF37,
    0xF717, 0xF717, 0xF717, 0xF717, 0xF717, 0xF717, 0xF718, 0xF717, 0xF717, 0xF717, 0xF717, 0xF717, 0xFF37, 0xFF37, 0xFF17, 0xFF37,
    0xFF37, 0xFF58, 0xFF9A, 0xFF9A, 0xFF9A, 0xFFBA, 0xFFBA, 0xFF79, 0xFF59, 0xFF59, 0xFF59, 0xFF58, 0xFF37, 0xFF37, 0xFF37, 0xFF37,
    0xFF37, 0xFF37, 0xFF37, 0xFF37, 0xFF37, 0xFF37, 0xFF37, 0xFF37, 0xFF37, 0xFF37, 0xFF37, 0xFF38, 0xFF38, 0xFF58, 0xFF58, 0xFF37,
    0xFF37, 0xFF37, 0xFF37, 0xFF37, 0xFF37, 0xFF99, 0xCD70, 0x71C3, 0xAC6D, 0xFFFC, 0xFF99, 0xFF9A, 0xFF9A, 0xFFDA, 0xEF17, 0xDE12,
    0xFF17, 0xFEF7, 0xEE95, 0xEE74, 0xEE74, 0xEE53, 0xEE93, 0x9308, 0x71C3, 0x71E3, 0x8AC6, 0xBC8C, 0xBC6C, 0xC4AD, 0xC4CD, 0xC4AD,
    0xD550, 0xD5D1, 0xD5B2, 0xD5D2, 0xD5D2, 0xD5D2, 0xD5D2, 0xD5D2, 0xD5D2, 0xD5D2, 0xD5D2, 0xD5D2, 0xD5D2, 0xD5D2, 0xD5D2, 0xD5D2,
    0xD5D2, 0xD5D2, 0xD5D2, 0xD5D2, 0xD5D2, 0xD5D2, 0xD5D2, 0xD5D2, 0xD5D2, 0xD5D2, 0xD5D2, 0xD5D2, 0xD5D2, 0xD5D2, 0xD5D2, 0xD5D2,
    0xD5D2, 0xD5D2, 0xD5D3, 0xDDD2, 0xDDAF, 0xDDAE, 0xDDAE, 0xDDAE, 0xDD8E, 0xDDAE, 0xDDAF, 0xD590, 0xD591, 0xD590, 0xDDF2, 0xDE13,
    0xDE13, 0xDE13, 0xDE13, 0xDE13, 0xDE13, 0xDE13, 0xDE13, 0xDE13, 0xDE13, 0xDE13, 0xDE13, 0xDE13, 0xDE13, 0xDE34, 0xDE34, 0xDE34,
    0xDE34, 0xDE34, 0xDE34, 0xE634, 0xDE34, 0xE634, 0xE634, 0xE634, 0xE634, 0xE634, 0xE634, 0xE675, 0xC50F, 0x7AA6, 0x9369, 0x9389,
    0xFF77, 0xFF77, 0xFF77, 0xFF77, 0xFF77, 0xFF77, 0xFF57, 0xFF77, 0xFF79, 0xFF79, 0xFF79, 0xFF79, 0xFF99, 0xFF79, 0xFF79, 0xFF79,
    0xFF79, 0xFF79, 0xFF79, 0xFF99, 0xFF99, 0xFF99, 0xFF99, 0xFF99, 0xFF79, 0xFF79, 0xFF9A, 0xFF79, 0xFF79, 0xFF99, 0xFF99, 0xFF99,
    0xFF9A, 0xFF9A, 0xFF9A, 0xFF9A, 0xFF79, 0xFF17, 0xF717, 0xFF37, 0xF737, 0xF737, 0xF717, 0xF717, 0xF717, 0xF737, 0xF737, 0xFF37,
    0xF737, 0xFF37, 0xFF37, 0xFF38, 0xFF37, 0xFF37, 0xFF37, 0xFF37, 0xFF37, 0xFF37, 0xFF37, 0xF737, 0xF737, 0xFF38, 0xFF38, 0xFF38,
    0xFF37, 0xFF37, 0xFF37, 0xFF37, 0xFF38, 0xFF37, 0xFF37, 0xFF37, 0xFF38, 0xFF38, 0xFF38, 0xFF38, 0xFF38, 0xFF38, 0xFF37, 0xFF37,
    0xFF37, 0xFF37, 0xF717, 0xF717, 0xF717, 0xF717, 0xF718, 0xF717, 0xF717, 0xF718, 0xF717, 0xF717, 0xFF37, 0xFF37, 0xFF37, 0xFF37,
    0xFF17, 0xFF17, 0xFF9A, 0xFFBB, 0xFF9A, 0xFF79, 0xFF79, 0xFF37, 0xFF17, 0xFF37, 0xFF17, 0xFF37, 0xFF37, 0xFF37, 0xFF37, 0xFF37,
    0xFF37, 0xFF37, 0xFF37, 0xFF37, 0xFF37, 0xFF37, 0xFF37, 0xFF37, 0xFF37, 0xFF37, 0xFF37, 0xFF38, 0xFF38, 0xFF58, 0xFF58, 0xFF58,
    0xFF37, 0xFF37, 0xFF37, 0xFF37, 0xFF37, 0xFF58, 0xF6F6, 0xC4EE, 0x8264, 0xAC4C, 0xFFDA, 0xFFFC, 0xFFDA, 0xFFFB, 0xD5D3, 0x9308,
    0xFF58, 0xFF38, 0xFF17, 0xF6D6, 0xFF17, 0xC4CE, 0x8AE7, 0x7203, 0x9307, 0x9B28, 0xAC0B, 0xCCED, 0xC4AD, 0xC4AD, 0xC4AD, 0xC4AD,
    0xCCEE, 0xCD70, 0xD5D2, 0xD5D2, 0xD5D2, 0xD5D2, 0xD5D2, 0xDDD2, 0xDDD2, 0xDDD2, 0xDDD2, 0xD5D2, 0xD5D2, 0xD5D2, 0xD5D2, 0xD5D2,
    0xD5D2, 0xD5D2, 0xD5D2, 0xD5D2, 0xD5D2, 0xD5D2, 0xD5D2, 0xD5D2, 0xD5D2, 0xD5D2, 0xD5D2, 0xD5D2, 0xD5D2, 0xD5D2, 0xD5D2, 0xD5D2,
    0xD5D3, 0xD5D3, 0xD5D3, 0xDDD1, 0xDDAF, 0xDDAE, 0xDDAE, 0xDDAE, 0xDDAE, 0xDD8E, 0xD56F, 0xD54F, 0xD54F, 0xD54F, 0xD590, 0xD591,
    0xD591, 0xDE13, 0xDE14, 0xDE14, 0xDE13, 0xDE13, 0xDE13, 0xDE13, 0xDE13, 0xDE13, 0xDE13, 0xDE14, 0xDE14, 0xDE34, 0xE634, 0xDE34,
    0xE634, 0xE634, 0xE634, 0xE634, 0xE634, 0xE634, 0xE634, 0xE634, 0xE634, 0xE634, 0xE634, 0xE655, 0xC50F, 0x7AA6, 0x9BAA, 0xA3AA,
    0xFF77, 0xFF77, 0xFF77, 0xFF77, 0xFF77, 0xFF77, 0xFF77, 0xFF77, 0xFF77, 0xFF77, 0xFF78, 0xFF7A, 0xFF7A, 0xFF7A, 0xFF7A, 0xFF7A,
    0xFF7A, 0xFF79, 0xFF99, 0xFF79, 0xFF79, 0xFF79, 0xFF99, 0xFF99, 0xFF79, 0xFF7A, 0xFF9A, 0xFF99, 0xFF99, 0xFF99, 0xFF99, 0xFF99,
    0xFF9A, 0xFF9A, 0xFF99, 0xFF9A, 0xFF79, 0xF717, 0xFF17, 0xFF17, 0xFF37, 0xF717, 0xF717, 0xF737, 0xF737, 0xFF37, 0xF737, 0xF737,
    0xF737, 0xFF37, 0xFF37, 0xFF38, 0xFF37, 0xFF37, 0xFF37, 0xFF37, 0xFF38, 0xFF37, 0xFF38, 0xFF37, 0xFF37, 0xFF37, 0xFF38, 0xFF38,
    0xFF38, 0xFF38, 0xFF37, 0xFF37, 0xFF37, 0xFF37, 0xF737, 0xFF37, 0xFF37, 0xFF38, 0xFF37, 0xFF37, 0xFF37, 0xFF37, 0xFF37, 0xFF37,
    0xFF37, 0xFF37, 0xF717, 0xF717, 0xF717, 0xF717, 0xF717, 0xF717, 0xF718, 0xF718, 0xF717, 0xFF17, 0xFF18, 0xFF17, 0xFF37, 0xFF37,
    0xFF38, 0xF738, 0xFF78, 0xFF79, 0xFF79, 0xFF37, 0xFF37, 0xFF37, 0xFF37, 0xFF37, 0xFF37, 0xFF37, 0xFF37, 0xFF37, 0xFF37, 0xFF37,
    0xFF37, 0xFF37, 0xFF37, 0xFF37, 0xFF37, 0xFF37, 0xFF37, 0xFF37, 0xFF37, 0xFF37, 0xFF37, 0xFF37, 0xFF37, 0xFF38, 0xFF58, 0xFF37,
    0xFF37, 0xFF37, 0xFF37, 0xFF37, 0xFF57, 0xFF37, 0xFF78, 0xFF38, 0xCD30, 0x8AC5, 0xB4CE, 0xC551, 0xC551, 0xCD91, 0xA40C, 0x7A45,
    0xC50F, 0xC4EF, 0xBCCF, 0xBCCE, 0xC50F, 0x8AE7, 0x69C2, 0x8AE6, 0xC4AD, 0xCCEE, 0xC4CD, 0xC4AD, 0xC4AD, 0xC4AD, 0xC4AD, 0xC4AD,
    0xC4AD, 0xCD50, 0xD5D2, 0xD5D2, 0xD5D2, 0xD5D2, 0xD5D2, 0xDDD2, 0xD5D2, 0xDDD2, 0xD5D2, 0xD5D2, 0xD5D2, 0xD5D2, 0xD5D2, 0xD5D2,
    0xD5D2, 0xD5D2, 0xD5D2, 0xD5D2, 0xD5D2, 0xD5D2, 0xD5D2, 0xD5D2, 0xD5D2, 0xD5D2, 0xD5D2, 0xD5D2, 0xD5D2, 0xD5D2, 0xD5D2, 0xD5D2,
    0xD5D3, 0xD5D2, 0xDDD1, 0xDDD0, 0xDDAE, 0xDDAE, 0xDDAE, 0xDDAE, 0xDDAE, 0xDDAE, 0xD54F, 0xD56F, 0xD56F, 0xD550, 0xD54F, 0xD54F,
    0xCD50, 0xD5B1, 0xDDB2, 0xD5B1, 0xDDF3, 0xDE13, 0xDE13, 0xDE13, 0xDE13, 0xDE13, 0xDE33, 0xDE14, 0xE634, 0xDE34, 0xDE34, 0xE634,
    0xE634, 0xE634, 0xE634, 0xE634, 0xE634, 0xE634, 0xE634, 0xE634, 0xE634, 0xE634, 0xE634, 0xE675, 0xC510, 0x82C6, 0x9BA9, 0xA3CA,
    0xFF77, 0xFF77, 0xFF77, 0xFF77, 0xFF77, 0xFF77, 0xFF77, 0xFF77, 0xFF77, 0xFF77, 0xFF78, 0xFF99, 0xFF79, 0xFF99, 0xFF7A, 0xFF7A,
    0xFF7A, 0xFF79, 0xFF99, 0xFF79, 0xFF7A, 0xFF99, 0xFF99, 0xFF99, 0xFF79, 0xFF9A, 0xFF99, 0xFF99, 0xFF99, 0xFF99, 0xFF7A, 0xFF9A,
    0xFF9A, 0xFF9A, 0xFF9A, 0xFF9A, 0xFF79, 0xF717, 0xFF17, 0xFF17, 0xFF37, 0xF717, 0xF717, 0xFF37, 0xF737, 0xF737, 0xF737, 0xF717,
    0xF717, 0xF717, 0xFF37, 0xFF38, 0xFF37, 0xFF38, 0xFF38, 0xFF38, 0xFF38, 0xFF37, 0xFF37, 0xFF37, 0xFF37, 0xFF37, 0xFF38, 0xFF38,
    0xFF38, 0xFF38, 0xFF37, 0xFF37, 0xFF37, 0xF737, 0xFF37, 0xFF37, 0xFF37, 0xFF37, 0xFF37, 0xFF37, 0xFF37, 0xFF37, 0xFF37, 0xFF37,
    0xFF37, 0xFF37, 0xFF37, 0xFF37, 0xF717, 0xF717, 0xF717, 0xF717, 0xF717, 0xF717, 0xF737, 0xFF17, 0xFF37, 0xFF59, 0xFF79, 0xFF79,
    0xFF9A, 0xFF79, 0xFF37, 0xFF37, 0xFF37, 0xFF37, 0xFF37, 0xFF37, 0xFF37, 0xFF37, 0xFF37, 0xFF37, 0xFF37, 0xFF37, 0xFF37, 0xFF37,
    0xFF37, 0xFF37, 0xFF37, 0xFF37, 0xFF37, 0xFF37, 0xFF37, 0xFF37, 0xFF37, 0xFF37, 0xFF37, 0xFF37, 0xFF38, 0xFF38, 0xFF38, 0xFF37,
    0xFF37, 0xFF37, 0xFF58, 0xFF58, 0xFF37, 0xFF37, 0xFF37, 0xFF58, 0xFF58, 0xA3CA, 0x8286, 0x69C3, 0x69C2, 0x69A2, 0x69C3, 0x69E3,
    0x6162, 0x5962, 0x5962, 0x5962, 0x5962, 0x6162, 0xABC9, 0xCD0E, 0xC4AD, 0xC4AD, 0xC4AD, 0xC4AD, 0xC4AD, 0xC4AD, 0xC4AD, 0xC4CD,
    0xC4CD, 0xC4CD, 0xCD4F, 0xDDD2, 0xD5D2, 0xD5D2, 0xDDD2, 0xDDD2, 0xDDD2, 0xDDD2, 0xD5D2, 0xD5D2, 0xD5D2, 0xD5D2, 0xD5D2, 0xD5D2,
    0xD5D2, 0xD5D2, 0xD5D2, 0xD5D2, 0xD5D2, 0xD5D2, 0xD5D2, 0xD5D2, 0xD5D2, 0xD5D2, 0xD5D2, 0xD5D2, 0xD5D2, 0xD5D2, 0xD5D2, 0xD5D2,
    0xD5D3, 0xD5D1, 0xDDAE, 0xDDAF, 0xDDAE, 0xDDAE, 0xDDAE, 0xDDAF, 0xDDAE, 0xDDAE, 0xD56F, 0xD570, 0xD56F, 0xD570, 0xD570, 0xD550,
    0xD550, 0xCD4F, 0xCD4F, 0xCD4F, 0xDDD2, 0xDE13, 0xDDF3, 0xDE13, 0xDE13, 0xDE14, 0xDE34, 0xDE34, 0xDE34, 0xDE34, 0xE634, 0xE634,
    0xE634, 0xE634, 0xE634, 0xE634, 0xE634, 0xE634, 0xE634, 0xE634, 0xE634, 0xE634, 0xE634, 0xEE75, 0xC530, 0x7AC7, 0x9BAA, 0xA3CA,
    0xFF77, 0xFF77, 0xFF77, 0xFF77, 0xFF77, 0xFF77, 0xFF77, 0xFF77, 0xFF57, 0xFF77, 0xFF77, 0xFF77, 0xFF77, 0xFF78, 0xFF7A, 0xFF7A,
    0xFF7A, 0xFF79, 0xFF99, 0xFF79, 0xFF79, 0xFF99, 0xFF99, 0xFF99, 0xFF9A, 0xFF9A, 0xFF9A, 0xFF99, 0xFF99, 0xFF99, 0xFF7A, 0xFF9A,
    0xFF79, 0xFF9A, 0xFF9A, 0xFF9A, 0xFF79, 0xF717, 0xFF17, 0xFF17, 0xF717, 0xFF17, 0xFF17, 0xF737, 0xF717, 0xF737, 0xFF37, 0xF737,
    0xF717, 0xF717, 0xF717, 0xF717, 0xFF37, 0xFF37, 0xFF37, 0xFF37, 0xFF37, 0xFF38, 0xFF37, 0xFF37, 0xFF38, 0xFF38, 0xFF37, 0xFF37,
    0xFF37, 0xFF38, 0xFF37, 0xFF37, 0xFF37, 0xFF37, 0xFF37, 0xFF37, 0xFF37, 0xFF37, 0xFF37, 0xFF37, 0xFF37, 0xFF37, 0xFF37, 0xFF37,
    0xFF38, 0xFF37, 0xF717, 0xFF37, 0xF717, 0xFF17, 0xFF37, 0xFF37, 0xFF37, 0xFF37, 0xFF38, 0xFF37, 0xF758, 0xFF99, 0xFF9A, 0xFF9A,
    0xFF9A, 0xFF9A, 0xFF58, 0xFF17, 0xFF37, 0xFF37, 0xFF37, 0xFF37, 0xFF37, 0xFF37, 0xFF37, 0xFF37, 0xFF37, 0xFF37, 0xFF37, 0xFF37,
    0xFF37, 0xFF37, 0xFF37, 0xF737, 0xFF37, 0xFF37, 0xFF37, 0xFF37, 0xFF37, 0xFF37, 0xFF37, 0xFF38, 0xFF38, 0xFF38, 0xFF38, 0xFF38,
    0xFF37, 0xFF38, 0xFF37, 0xFF58, 0xFF58, 0xFF37, 0xFF58, 0xFF38, 0xF737, 0xFF78, 0xF737, 0xBCAE, 0xBCAE, 0xC4CE, 0xC4CE, 0xC4CE,
    0xC4CE, 0xBCAD, 0xC4AE, 0xC4AD, 0xC4AE, 0xC4AD, 0xC4AD, 0xC4CD, 0xC4AD, 0xC4CD, 0xC4AD, 0xC4AD, 0xC4CD, 0xC4CD, 0xC4CD, 0xC4CD,
    0xC4CD, 0xC4CD, 0xCD2F, 0xDDF2, 0xDDD2, 0xDDD2, 0xDDD2, 0xD5D2, 0xDDD2, 0xDDD2, 0xDDD2, 0xDDF2, 0xD5D2, 0xD5D2, 0xD5D2, 0xD5D2,
    0xD5D2, 0xD5D2, 0xD5D2, 0xD5D2, 0xD5D2, 0xD5D2, 0xD5D2, 0xD5D2, 0xD5D2, 0xD5D2, 0xD5D2, 0xD5D2, 0xD5D2, 0xD5D2, 0xD5D2, 0xD5D2,
    0xD5D2, 0xDDD1, 0xDDAE, 0xDDAF, 0xDDAE, 0xDDAE, 0xDDAE, 0xDDAE, 0xDDAF, 0xDDAF, 0xD56F, 0xD570, 0xD570, 0xD570, 0xD570, 0xD550,
    0xD54F, 0xD54F, 0xCD4F, 0xCD4F, 0xD570, 0xD570, 0xD570, 0xD570, 0xDDD2, 0xE634, 0xDE34, 0xE634, 0xE634, 0xE634, 0xE634, 0xE634,
    0xE634, 0xE634, 0xE634, 0xE634, 0xE634, 0xE634, 0xE634, 0xE634, 0xE634, 0xE654, 0xDE34, 0xAC4C, 0x9369, 0x82E7, 0x9BAA, 0xA3CA,
    0xFF98, 0xFF78, 0xFF77, 0xFF76, 0xFF77, 0xFF77, 0xFF77, 0xFF77, 0xFF77, 0xFF77, 0xFF57, 0xFF77, 0xFF77, 0xFF77, 0xFF78, 0xFF78,
    0xFF78, 0xFF79, 0xFF7A, 0xFF7A, 0xFF99, 0xFF9A, 0xFF9A, 0xFF9A, 0xFF9A, 0xFF9A, 0xFF9A, 0xFF9A, 0xFF9A, 0xFF9A, 0xFF9A, 0xFF9A,
    0xFF79, 0xFF9A, 0xFF9A, 0xFF9A, 0xFF79, 0xFF58, 0xFF17, 0xFF17, 0xFF17, 0xFF17, 0xFF17, 0xF717, 0xFF37, 0xF717, 0xF717, 0xF717,
    0xF717, 0xF717, 0xF717, 0xF717, 0xF737, 0xF737, 0xF737, 0xF737, 0xFF37, 0xFF37, 0xFF37, 0xFF37, 0xFF38, 0xFF37, 0xFF38, 0xF737,
    0xFF37, 0xFF37, 0xFF38, 0xFF38, 0xFF37, 0xFF37, 0xFF37, 0xFF37, 0xFF37, 0xFF37, 0xFF37, 0xFF37, 0xFF37, 0xFF37, 0xFF37, 0xFF37,
    0xF737, 0xF737, 0xF717, 0xF717, 0xF717, 0xF717, 0xF717, 0xFF58, 0xFF9A, 0xFF9A, 0xFF9A, 0xFF9A, 0xFF9A, 0xFF9A, 0xFF7A, 0xFF9A,
    0xFF9A, 0xFF9A, 0xFF58, 0xFF17, 0xFF37, 0xFF37, 0xFF37, 0xFF37, 0xFF37, 0xFF37, 0xFF37, 0xFF37, 0xFF37, 0xFF37, 0xFF37, 0xFF37,
    0xFF37, 0xFF37, 0xFF37, 0xFF37, 0xFF37, 0xFF37, 0xFF37, 0xFF37, 0xFF37, 0xFF37, 0xFF37, 0xFF37, 0xFF37, 0xFF37, 0xFF38, 0xFF38,
    0xFF38, 0xFF38, 0xFF38, 0xFF37, 0xFF38, 0xFF37, 0xFF37, 0xFF37, 0xFF58, 0xFF58, 0xFF37, 0xEED5, 0xEED6, 0xF6D6, 0xF6F6, 0xF6F6,
    0xD5B0, 0xCD2F, 0xD54F, 0xD52F, 0xD54F, 0xCCEE, 0xC4AC, 0xC48C, 0xC48C, 0xC48C, 0xBC8C, 0xBC6C, 0xBC8C, 0xBC8C, 0xBC8C, 0xC48C,
    0xC48C, 0xBC8C, 0xC4ED, 0xCD50, 0xD5D2, 0xDDD2, 0xD5D2, 0xD5D2, 0xDDD2, 0xDDD2, 0xDDD2, 0xDDD2, 0xD5D2, 0xD5D2, 0xD5D2, 0xD5D2,
    0xD5D2, 0xD5D2, 0xD5D2, 0xD5D2, 0xD5D2, 0xD5D2, 0xD5D2, 0xD5D2, 0xD5D2, 0xD5D2, 0xD5D2, 0xD5D2, 0xD5D2, 0xD5D2, 0xD5D2, 0xDDD2,
    0xD5D3, 0xDDD1, 0xDDAF, 0xDDAE, 0xDDAF, 0xDDAE, 0xDDAE, 0xDDAE, 0xDDAF, 0xD58F, 0xD570, 0xD570, 0xD570, 0xD570, 0xD570, 0xCD4F,
    0xD54F, 0xD54F, 0xCD4F, 0xCD4F, 0xD54F, 0xCD4F, 0xCD4F, 0xCD4F, 0xD591, 0xDDB1, 0xD5B1, 0xD5B2, 0xE634, 0xE634, 0xE634, 0xE634,
    0xE634, 0xE634, 0xE654, 0xE654, 0xE634, 0xE654, 0xE654, 0xE654, 0xE654, 0xE654, 0xDE33, 0x9369, 0x82E7, 0x8B08, 0x9BAA, 0xA3CA,
    0xFF9A, 0xFF79, 0xFF79, 0xFF77, 0xFF77, 0xFF77, 0xFF77, 0xFF77, 0xFF77, 0xFF77, 0xFF77, 0xFF77, 0xFF77, 0xFF77, 0xFF77, 0xFF77,
    0xFF77, 0xFF79, 0xFF7A, 0xFF79, 0xFF7A, 0xFF9A, 0xFF9A, 0xFF9A, 0xFF9A, 0xFF9A, 0xFF9A, 0xFF9A, 0xFF9A, 0xFF9A, 0xFF9A, 0xFF79,
    0xFF9A, 0xFF9A, 0xFF79, 0xFF79, 0xFF9A, 0xFF79, 0xFF17, 0xFF17, 0xFF17, 0xFF17, 0xF717, 0xF717, 0xFF17, 0xF717, 0xF717, 0xF717,
    0xF717, 0xF717, 0xF717, 0xFF37, 0xF737, 0xF737, 0xF737, 0xF737, 0xF717, 0xFF37, 0xFF37, 0xFF37, 0xFF37, 0xFF38, 0xFF38, 0xFF37,
    0xFF38, 0xFF38, 0xFF38, 0xFF37, 0xFF37, 0xFF37, 0xFF37, 0xFF37, 0xFF37, 0xFF37, 0xFF37, 0xFF37, 0xFF37, 0xFF37, 0xFF37, 0xFF37,
    0xF717, 0xFF17, 0xFF38, 0xFF78, 0xFF78, 0xFF59, 0xFF58, 0xFF79, 0xFF9A, 0xFF9A, 0xFF9A, 0xFF9A, 0xFF9A, 0xFF9A, 0xFF7A, 0xFF9A,
    0xFF9A, 0xFF9A, 0xFF79, 0xFF37, 0xFF37, 0xFF17, 0xFF37, 0xFF37, 0xFF37, 0xFF37, 0xFF37, 0xFF37, 0xFF37, 0xFF37, 0xFF37, 0xFF37,
    0xFF37, 0xFF37, 0xFF37, 0xFF37, 0xFF37, 0xFF37, 0xFF37, 0xFF37, 0xFF37, 0xFF58, 0xFF37, 0xFF37, 0xFF57, 0xFF37, 0xFF37, 0xFF37,
    0xFF37, 0xFF37, 0xFF37, 0xFF38, 0xFF37, 0xFF38, 0xFF38, 0xFF37, 0xFF58, 0xFF58, 0xFF58, 0xFF78, 0xFF78, 0xFF78, 0xFF78, 0xFF78,
    0xEEB5, 0xE674, 0xEE74, 0xEE74, 0xEE94, 0xDE12, 0xD5B1, 0xDDD1, 0xD5D1, 0xDDD1, 0xDDD1, 0xD5D1, 0xD5D1, 0xD5D1, 0xD5D1, 0xD5B1,
    0xD5B2, 0xDDD2, 0xD570, 0xCD0E, 0xD5B1, 0xDDD2, 0xD5D2, 0xDDD2, 0xD5D2, 0xD5D2, 0xDDD2, 0xDDD2, 0xD5D2, 0xD5D2, 0xD5D2, 0xD5D2,
    0xD5D2, 0xD5D2, 0xD5D2, 0xD5D2, 0xD5D2, 0xD5D2, 0xD5D2, 0xD5D2, 0xD5D2, 0xD5D2, 0xD5D2, 0xD5D2, 0xD5D2, 0xD5D2, 0xDDD2, 0xDDD2,
    0xDDD0, 0xDDCF, 0xDDAE, 0xDDAE, 0xDDAE, 0xDDAE, 0xDDAE, 0xDDAE, 0xDD8F, 0xD56F, 0xD570, 0xD570, 0xD570, 0xD570, 0xD570, 0xD570,
    0xD570, 0xD570, 0xD570, 0xD54F, 0xCD4F, 0xD54F, 0xD54F, 0xD570, 0xD54F, 0xD54F, 0xD54F, 0xD570, 0xDDF2, 0xDE13, 0xDDF3, 0xDE13,
    0xE633, 0xE654, 0xE654, 0xE654, 0xE654, 0xE654, 0xE654, 0xE654, 0xE634, 0xE654, 0xE634, 0x9369, 0x9348, 0x9BA9, 0x9BCA, 0xA3CA,
    0xFF9A, 0xFF99, 0xFF79, 0xFF78, 0xFF77, 0xFF77, 0xFF77, 0xFF77, 0xFF77, 0xFF77, 0xFF77, 0xFF77, 0xFF77, 0xFF77, 0xFF77, 0xFF77,
    0xFF77, 0xFF77, 0xFF77, 0xFF78, 0xFF7A, 0xFF7A, 0xFF7A, 0xFF99, 0xFF99, 0xFF9A, 0xFF9A, 0xFF9A, 0xFF9A, 0xFF9A, 0xFF9A, 0xFF79,
    0xFF9A, 0xFF9A, 0xFF79, 0xFF99, 0xFF9A, 0xFF79, 0xFF17, 0xFF17, 0xFF17, 0xFF17, 0xF717, 0xFF17, 0xF717, 0xF717, 0xF717, 0xF717,
    0xF717, 0xF717, 0xF717, 0xF717, 0xF737, 0xF737, 0xF717, 0xF737, 0xF717, 0xFF37, 0xF717, 0xFF37, 0xFF37, 0xFF38, 0xFF37, 0xFF37,
    0xFF37, 0xFF38, 0xFF37, 0xFF37, 0xFF37, 0xFF37, 0xFF37, 0xFF37, 0xFF37, 0xFF37, 0xFF37, 0xFF37, 0xFF37, 0xF737, 0xFF38, 0xFF38,
    0xFF38, 0xF738, 0xFF79, 0xFFBA, 0xFF9A, 0xFF9A, 0xFF9A, 0xFF9A, 0xFF9A, 0xFF9A, 0xFF9A, 0xFF9A, 0xFF9A, 0xFF9A, 0xFF9A, 0xFF9A,
    0xFF9A, 0xFF9A, 0xFF9A, 0xFF58, 0xF736, 0xFF37, 0xFF37, 0xFF37, 0xFF37, 0xFF37, 0xFF37, 0xFF37, 0xFF37, 0xFF37, 0xFF37, 0xFF37,
    0xFF37, 0xFF37, 0xFF37, 0xFF37, 0xFF37, 0xFF37, 0xFF37, 0xFF37, 0xFF37, 0xFF37, 0xFF37, 0xFF37, 0xFF58, 0xFF37, 0xFF37, 0xFF37,
    0xFF37, 0xFF37, 0xFF37, 0xFF37, 0xFF38, 0xFF58, 0xFF58, 0xFF38, 0xFF58, 0xFF58, 0xFF58, 0xFF37, 0xFF37, 0xFF37, 0xFF37, 0xFF57,
    0xFF58, 0xFF58, 0xFF78, 0xFF78, 0xFF78, 0xFF78, 0xFF79, 0xFF99, 0xFF99, 0xFF99, 0xFF99, 0xFF99, 0xFF99, 0xFF99, 0xFF99, 0xFF99,
    0xFF99, 0xFFDA, 0xE674, 0xCCEE, 0xDDF2, 0xE634, 0xDE13, 0xDDF2, 0xDDF2, 0xDDF2, 0xDDF2, 0xDDD2, 0xD5D2, 0xD5D2, 0xD5D2, 0xD5D2,
    0xD5D2, 0xD5D2, 0xD5D2, 0xD5D2, 0xD5D2, 0xD5D2, 0xD5D2, 0xD5D2, 0xD5D2, 0xD5D2, 0xD5D2, 0xD5D2, 0xD5D2, 0xD5D2, 0xDDD2, 0xDDD1,
    0xDDAF, 0xDDAE, 0xDDAE, 0xDDAE, 0xDDAE, 0xDDAF, 0xD58E, 0xD58E, 0xD56F, 0xCD4F, 0xCD4F, 0xCD4F, 0xD550, 0xD54F, 0xCD4F, 0xCD2F,
    0xCD2F, 0xCD2F, 0xCD2F, 0xD54F, 0xD54F, 0xD54F, 0xCD4F, 0xCD2F, 0xCD4F, 0xD570, 0xD570, 0xD54F, 0xCD4F, 0xD570, 0xD570, 0xCD50,
    0xDDB2, 0xDE34, 0xE654, 0xE655, 0xE654, 0xE654, 0xE654, 0xE654, 0xE634, 0xDE34, 0xDE13, 0x9369, 0x9348, 0xA3EA, 0x9BCA, 0xA3CA,
    0xFF9A, 0xFF7A, 0xFF99, 0xFF99, 0xFF79, 0xFF78, 0xFF78, 0xFF77, 0xFF77, 0xFF77, 0xFF77, 0xFF77, 0xFF77, 0xFF77, 0xFF77, 0xFF77,
    0xFF77, 0xFF77, 0xFF77, 0xFF77, 0xFF78, 0xFF79, 0xFF79, 0xFF7A, 0xFF99, 0xFF9A, 0xFF7A, 0xFF9A, 0xFF9A, 0xFF9A, 0xFF9A, 0xFF99,
    0xFF79, 0xFF79, 0xFF9A, 0xFF79, 0xFF9A, 0xFF79, 0xFF17, 0xFF17, 0xFF17, 0xFF17, 0xFF17, 0xFF17, 0xF717, 0xF717, 0xF717, 0xFF17,
    0xF717, 0xF717, 0xF717, 0xF717, 0xF717, 0xF717, 0xF717, 0xF717, 0xF717, 0xF737, 0xF737, 0xFF37, 0xFF38, 0xFF38, 0xF717, 0xFF37,
    0xFF38, 0xFF38, 0xFF37, 0xFF37, 0xFF37, 0xF737, 0xF717, 0xF737, 0xFF37, 0xFF37, 0xFF37, 0xFF37, 0xFF37, 0xFF38, 0xFF99, 0xFF9A,
    0xFF9A, 0xFF9A, 0xFF9A, 0xFF9A, 0xFF9A, 0xFF9A, 0xFF9A, 0xFF9A, 0xFF9A, 0xFF9A, 0xFF9A, 0xFF9A, 0xFF9A, 0xFF9A, 0xFF9A, 0xFF9A,
    0xFF7A, 0xFF7A, 0xFF9A, 0xFF79, 0xFF58, 0xF737, 0xFF37, 0xFF37, 0xFF37, 0xFF37, 0xFF37, 0xFF37, 0xFF37, 0xFF37, 0xFF37, 0xFF37,
    0xFF37, 0xFF37, 0xFF37, 0xFF37, 0xFF37, 0xFF37, 0xFF37, 0xFF37, 0xFF37, 0xFF37, 0xFF37, 0xFF37, 0xFF58, 0xFF58, 0xFF58, 0xFF58,
    0xFF58, 0xFF58, 0xFF57, 0xFF37, 0xFF38, 0xFF58, 0xFF58, 0xFF58, 0xFF58, 0xFF58, 0xFF58, 0xFF58, 0xFF58, 0xFF37, 0xFF37, 0xFF37,
    0xFF37, 0xFF38, 0xFF38, 0xFF58, 0xFF58, 0xFF58, 0xFF38, 0xFF37, 0xFF58, 0xFF58, 0xFF58, 0xFF58, 0xFF58, 0xFF58, 0xFF58, 0xFF58,
    0xFF58, 0xFF57, 0xF716, 0xEED5, 0xFF58, 0xFFB9, 0xF717, 0xDDF2, 0xDDF2, 0xDE13, 0xDDF3, 0xDDD2, 0xDDD2, 0xDDD2, 0xD5D2, 0xD5D2,
    0xD5D2, 0xD5D2, 0xD5D2, 0xD5D2, 0xD5D2, 0xDDD2, 0xD5D2, 0xD5D2, 0xDDD2, 0xDDD2, 0xDDD2, 0xDDD2, 0xDDD2, 0xD5D2, 0xD5D2, 0xDDD1,
    0xDDAF, 0xDDAE, 0xDDAE, 0xDDAE, 0xDDAF, 0xDD8E, 0xDE33, 0xEED8, 0xE6B7, 0xE6B7, 0xE6B7, 0xEEB8, 0xDDF3, 0xCD70, 0xEEB8, 0xDE56,
    0xD5F3, 0xD5F3, 0xD5D3, 0xCD70, 0xD570, 0xCD4F, 0xD5B2, 0xE677, 0xD5B1, 0xCD4F, 0xCD4F, 0xD5F4, 0xDE35, 0xCD2F, 0xD5D2, 0xDE14,
    0xCD91, 0xE6B8, 0xCD71, 0xD5B1, 0xE654, 0xE654, 0xDE34, 0xDE13, 0xDE15, 0xE6B8, 0xDE76, 0xACAF, 0x8B28, 0xA3EA, 0x9BCA, 0xA3CA,
    0xFF9A, 0xFF9A, 0xFF9A, 0xFF99, 0xFF79, 0xFF99, 0xFF99, 0xFF78, 0xFF78, 0xFF77, 0xFF77, 0xFF77, 0xFF77, 0xFF77, 0xFF77, 0xFF77,
    0xFF77, 0xFF77, 0xFF77, 0xFF77, 0xFF57, 0xFF57, 0xFF78, 0xFF7A, 0xFF99, 0xFF99, 0xFF9A, 0xFF99, 0xFF99, 0xFF99, 0xFF99, 0xFF99,
    0xFF79, 0xFF79, 0xFF9A, 0xFF7A, 0xFF79, 0xFF79, 0xFF37, 0xFF17, 0xFF17, 0xFF17, 0xFF17, 0xFF17, 0xF717, 0xF717, 0xF717, 0xF717,
    0xF717, 0xF717, 0xF717, 0xF717, 0xF717, 0xF717, 0xF717, 0xF717, 0xF737, 0xF717, 0xF717, 0xF717, 0xF737, 0xFF37, 0xFF38, 0xFF38,
    0xFF37, 0xF717, 0xFF37, 0xF737, 0xF737, 0xF737, 0xF717, 0xF717, 0xF717, 0xF737, 0xFF79, 0xFF79, 0xFF79, 0xFF79, 0xFF9A, 0xFF9A,
    0xFF9A, 0xFF9A, 0xFF9A, 0xFF9A, 0xFF9A, 0xFF9A, 0xFF9A, 0xFF9A, 0xFF9A, 0xFF9A, 0xFF9A, 0xFF9A, 0xFF9A, 0xFF9A, 0xFF9A, 0xFF9A,
    0xFF9A, 0xFF9A, 0xFF9A, 0xFF9A, 0xFF79, 0xF737, 0xFF37, 0xFF37, 0xFF37, 0xFF37, 0xFF37, 0xFF37, 0xFF37, 0xFF37, 0xFF37, 0xFF37,
    0xFF37, 0xFF37, 0xFF37, 0xFF37, 0xFF37, 0xFF37, 0xFF37, 0xFF37, 0xFF37, 0xFF37, 0xFF37, 0xFF58, 0xFF58, 0xFF58, 0xFF58, 0xFF58,
    0xFF58, 0xFF58, 0xFF57, 0xFF37, 0xFF58, 0xFF58, 0xFF58, 0xFF58, 0xFF58, 0xFF58, 0xFF58, 0xFF58, 0xFF58, 0xFF58, 0xFF37, 0xFF37,
    0xFF37, 0xFF37, 0xFF37, 0xFF37, 0xFF58, 0xFF58, 0xFF58, 0xFF58, 0xFF58, 0xFF58, 0xFF58, 0xFF58, 0xFF58, 0xFF58, 0xFF58, 0xFF58,
    0xFF58, 0xFF57, 0xFF58, 0xFF58, 0xFF58, 0xFF99, 0xF779, 0xEEF6, 0xEEF7, 0xE654, 0xDE13, 0xE613, 0xDDF3, 0xDDF2, 0xDDF2, 0xDDF2,
    0xDDD2, 0xDDD2, 0xD5D2, 0xDDD2, 0xDDD2, 0xDDD2, 0xDDD2, 0xD5D2, 0xDDD2, 0xDDD2, 0xD5D2, 0xDDD2, 0xDDD2, 0xDDD2, 0xDDD2, 0xDDD1,
    0xDDAF, 0xDDAE, 0xDDAE, 0xDDAE, 0xDDAE, 0xDDAE, 0xD5B1, 0xDDF4, 0xD5F4, 0xD5F4, 0xD5F4, 0xD614, 0xD591, 0xCD91, 0xE677, 0xE677,
    0xE677, 0xE697, 0xEF1A, 0xD5F3, 0xCD4F, 0xCD4F, 0xE676, 0xF75B, 0xDE35, 0xCD4F, 0xCD2F, 0xDE76, 0xEED8, 0xC50E, 0xDE34, 0xEEF9,
    0xE676, 0xEEF9, 0xDE35, 0xDE56, 0xDE14, 0xDDF3, 0xEEF9, 0xEF3A, 0xF73A, 0xF75B, 0xF77B, 0xCDD5, 0x8B48, 0xA3EA, 0xA3CA, 0xA3CA,
    0xFF9A, 0xFF9A, 0xFF9A, 0xFF9A, 0xFF79, 0xFF99, 0xFF99, 0xFF99, 0xFF99, 0xFF78, 0xFF77, 0xFF77, 0xFF77, 0xFF77, 0xFF77, 0xFF77,
    0xFF77, 0xFF77, 0xFF77, 0xFF57, 0xFF57, 0xFF57, 0xFF78, 0xFF78, 0xFF79, 0xFF7A, 0xFF9A, 0xFF9A, 0xFF99, 0xFF99, 0xFF99, 0xFF99,
    0xFF99, 0xFF99, 0xFF79, 0xFF99, 0xFF99, 0xFF79, 0xFF17, 0xFF17, 0xFF17, 0xFF17, 0xFF17, 0xFF17, 0xF717, 0xFF17, 0xFF17, 0xF717,
    0xF717, 0xF717, 0xF717, 0xF717, 0xF717, 0xF717, 0xF717, 0xF717, 0xF717, 0xFF17, 0xF717, 0xF717, 0xFF37, 0xFF37, 0xFF38, 0xFF37,
    0xFF37, 0xFF17, 0xFF37, 0xF717, 0xF717, 0xF737, 0xFF38, 0xFF58, 0xF737, 0xFF58, 0xFF9A, 0xFF7A, 0xFF7A, 0xFF7A, 0xFF9A, 0xFF9A,
    0xFF9A, 0xFF9A, 0xFF9A, 0xFF9A, 0xFF9A, 0xFF9A, 0xFF9A, 0xFF9A, 0xFF9A, 0xFF9A, 0xFF9A, 0xFF9A, 0xFF9A, 0xFF9A, 0xFF9A, 0xFF9A,
    0xFF9A, 0xFF9A, 0xFF9A, 0xFF9A, 0xFF79, 0xFF37, 0xFF37, 0xFF37, 0xFF37, 0xFF37, 0xFF37, 0xFF37, 0xFF37, 0xFF37, 0xFF37, 0xFF37,
    0xFF37, 0xFF37, 0xFF37, 0xFF37, 0xFF37, 0xFF37, 0xFF37, 0xFF37, 0xFF37, 0xFF37, 0xFF37, 0xFF58, 0xFF38, 0xFF58, 0xFF58, 0xFF58,
    0xFF58, 0xFF58, 0xFF38, 0xFF37, 0xFF37, 0xFF57, 0xFF58, 0xFF58, 0xFF58, 0xFF58, 0xFF58, 0xFF58, 0xFF58, 0xFF58, 0xFF58, 0xFF37,
    0xFF37, 0xFF37, 0xFF58, 0xFF37, 0xFF58, 0xFF58, 0xFF58, 0xFF58, 0xFF37, 0xFF58, 0xFF58, 0xFF57, 0xFF57, 0xFF37, 0xFF37, 0xFF57,
    0xFF37, 0xFF37, 0xFF37, 0xFF37, 0xFF57, 0xFF99, 0xFFBA, 0xFFDA, 0xFFFB, 0xEEB5, 0xDE13, 0xE613, 0xE613, 0xDE13, 0xDE13, 0xDDF3,
    0xDDF2, 0xDDD2, 0xD5D2, 0xD5D2, 0xD5D2, 0xD5D2, 0xD5D2, 0xD5D2, 0xDDD2, 0xDDD2, 0xD5D2, 0xDDD2, 0xDDD2, 0xDDD2, 0xDDD0, 0xDDAF,
    0xDDAF, 0xDDAF, 0xDDAE, 0xDDAE, 0xDDAE, 0xDDAE, 0xD56F, 0xE677, 0xE6B8, 0xE697, 0xEE98, 0xE697, 0xCD50, 0xCD50, 0xD5D3, 0xD5F4,
    0xD5D3, 0xC530, 0xE6B8, 0xDE14, 0xCD2E, 0xCD70, 0xEED8, 0xE698, 0xE6B8, 0xCD50, 0xCD2F, 0xDE56, 0xE6B8, 0xCD0F, 0xD5D3, 0xE676,
    0xE697, 0xEEF9, 0xE697, 0xE697, 0xD591, 0xD571, 0xEEF9, 0xDE35, 0xDE35, 0xEEF9, 0xDE98, 0xA44E, 0x9369, 0xA3EA, 0xA3CA, 0xA3CA,
    0xFF9A, 0xFF9A, 0xFF9A, 0xFF9A, 0xFF9A, 0xFF99, 0xFF99, 0xFF79, 0xFF79, 0xFF79, 0xFF78, 0xFF78, 0xFF77, 0xFF77, 0xFF77, 0xFF77,
    0xFF77, 0xFF77, 0xFF77, 0xFF57, 0xFF77, 0xFF57, 0xFF77, 0xFF77, 0xFF78, 0xFF79, 0xFF79, 0xFF99, 0xFF99, 0xFF9A, 0xFF99, 0xFF99,
    0xFF99, 0xFF99, 0xFF99, 0xFF99, 0xFF99, 0xFF79, 0xFF58, 0xFF37, 0xFF17, 0xFF17, 0xFF17, 0xFF17, 0xF717, 0xFF17, 0xFF17, 0xF717,
    0xF717, 0xF717, 0xF717, 0xFF17, 0xF717, 0xFF17, 0xFF17, 0xFF17, 0xF717, 0xFF17, 0xFF17, 0xFF37, 0xFF37, 0xFF38, 0xFF37, 0xFF37,
    0xFF37, 0xFF37, 0xF738, 0xF738, 0xF738, 0xF738, 0xFF9A, 0xFF9A, 0xFF99, 0xFF9A, 0xFF9A, 0xFF7A, 0xFF7A, 0xFF7A, 0xFF7A, 0xFF9A,
    0xFF7A, 0xFF7A, 0xFF7A, 0xFF9A, 0xFF9A, 0xFF9A, 0xFF9A, 0xFF9A, 0xFF9A, 0xFF9A, 0xFF9A, 0xFF9A, 0xFF9A, 0xFF9A, 0xFF9A, 0xFF9A,
    0xFF9A, 0xFF9A, 0xFF9A, 0xFF9A, 0xFF79, 0xFF37, 0xFF37, 0xFF37, 0xFF37, 0xFF37, 0xFF37, 0xFF37, 0xFF37, 0xFF37, 0xFF37, 0xFF37,
    0xFF37, 0xFF37, 0xFF37, 0xFF37, 0xFF37, 0xFF37, 0xFF37, 0xFF37, 0xFF37, 0xFF37, 0xFF37, 0xFF37, 0xFF57, 0xFF57, 0xFF58, 0xFF58,
    0xFF38, 0xFF58, 0xFF38, 0xFF57, 0xFF37, 0xFF57, 0xFF58, 0xFF58, 0xFF58, 0xFF58, 0xFF58, 0xFF58, 0xFF58, 0xFF58, 0xFF58, 0xFF37,
    0xFF37, 0xFF37, 0xFF58, 0xFF58, 0xFF37, 0xFF37, 0xFF58, 0xFF58, 0xFF58, 0xFF58, 0xFF57, 0xFF37, 0xFF37, 0xFF37, 0xFF37, 0xFF37,
    0xFF37, 0xFF37, 0xFF37, 0xFF37, 0xFF37, 0xFF58, 0xFFBA, 0xFFBA, 0xFFBA, 0xFF79, 0xF759, 0xFF59, 0xF717, 0xE613, 0xE613, 0xDE13,
    0xDE13, 0xDDF2, 0xDDF2, 0xDDF2, 0xDDF2, 0xD5D2, 0xD5D2, 0xDDD2, 0xDDD2, 0xDDD2, 0xDDD2, 0xDDD2, 0xDDD2, 0xDDD2, 0xDDCF, 0xDDAF,
    0xDDAE, 0xDDAE, 0xDDAE, 0xDDAE, 0xDDAE, 0xDD8E, 0xD5B1, 0xF71A, 0xD5F3, 0xCD71, 0xD5D3, 0xEF1A, 0xCD71, 0xD591, 0xEF19, 0xE676,
    0xEF19, 0xCDD3, 0xE6B7, 0xDE14, 0xCD0E, 0xD5D3, 0xEED8, 0xC551, 0xEEF8, 0xD5B2, 0xCD2E, 0xDE56, 0xE6B7, 0xCD4F, 0xCD50, 0xC4EF,
    0xCD92, 0xE6D8, 0xC52F, 0xCD2F, 0xD54F, 0xD5B2, 0xEED8, 0xDE14, 0xCDB2, 0xD614, 0xB4F1, 0x7AA6, 0x9BA9, 0xA3CA, 0x9BCA, 0x9BCA,
    0xFF9A, 0xFF9A, 0xFF9A, 0xFF9A, 0xFF9A, 0xFF7A, 0xFF7A, 0xFF7A, 0xFF79, 0xFF7A, 0xFF7A, 0xFF79, 0xFF78, 0xFF77, 0xFF77, 0xFF77,
    0xFF77, 0xFF77, 0xFF77, 0xFF77, 0xFF77, 0xFF77, 0xFF77, 0xFF77, 0xFF77, 0xFF77, 0xFF78, 0xFF77, 0xFF78, 0xFF9A, 0xFF99, 0xFF99,
    0xFF99, 0xFF99, 0xFF9A, 0xFF99, 0xFF99, 0xFF99, 0xFF9A, 0xFF38, 0xFF37, 0xFF17, 0xFF17, 0xFF17, 0xFF17, 0xFF17, 0xFF17, 0xF717,
    0xF717, 0xF717, 0xF717, 0xF717, 0xF717, 0xF717, 0xF717, 0xF717, 0xF717, 0xFF17, 0xFF17, 0xFF37, 0xFF37, 0xFF37, 0xFF37, 0xFF37,
    0xFF37, 0xFF58, 0xFF99, 0xFF9A, 0xFF79, 0xFF79, 0xFF7A, 0xFF9A, 0xFF9A, 0xFF9A, 0xFF7A, 0xFF7A, 0xFF7A, 0xFF7A, 0xFF7A, 0xFF7A,
    0xFF7A, 0xFF7A, 0xFF7A, 0xFF7A, 0xFF9A, 0xFF7A, 0xFF9A, 0xFF9A, 0xFF9A, 0xFF9A, 0xFF9A, 0xFF9A, 0xFF9A, 0xFF9A, 0xFF9A, 0xFF9A,
    0xFF9A, 0xFF9A, 0xFF9A, 0xFF9A, 0xFF9A, 0xFF79, 0xFF57, 0xFF37, 0xFF37, 0xFF37, 0xFF37, 0xFF37, 0xFF37, 0xFF37, 0xFF37, 0xFF37,
    0xFF37, 0xFF37, 0xFF37, 0xFF37, 0xFF37, 0xFF37, 0xFF37, 0xFF37, 0xFF37, 0xFF37, 0xFF37, 0xFF37, 0xFF37, 0xFF58, 0xFF58, 0xFF58,
    0xFF38, 0xFF38, 0xFF58, 0xFF58, 0xFF58, 0xFF58, 0xFF58, 0xFF58, 0xFF58, 0xFF58, 0xFF58, 0xFF58, 0xFF58, 0xFF58, 0xFF58, 0xFF37,
    0xFF37, 0xFF37, 0xFF37, 0xFF37, 0xFF37, 0xFF58, 0xFF58, 0xFF58, 0xFF38, 0xFF58, 0xFF57, 0xFF37, 0xFF37, 0xFF37, 0xFF37, 0xFF37,
    0xFF37, 0xFF57, 0xFF37, 0xFF37, 0xFF37, 0xFF58, 0xFF9A, 0xFFBA, 0xFFBA, 0xFFBA, 0xFFBA, 0xFFDB, 0xF779, 0xDE13, 0xDE13, 0xDE13,
    0xDE13, 0xDE12, 0xDE13, 0xDE13, 0xDE12, 0xDDF2, 0xDDF2, 0xDDF2, 0xDDF2, 0xDDD2, 0xDDD2, 0xD5D2, 0xDDD2, 0xDDD2, 0xDDCF, 0xDDAE,
    0xDDAE, 0xDDAE, 0xDDAE, 0xDDAE, 0xDDAE, 0xDD8E, 0xD591, 0xEED9, 0xE697, 0xE697, 0xE697, 0xEEF9, 0xCD70, 0xD591, 0xEED8, 0xC530,
    0xE6B7, 0xD5D3, 0xE6B8, 0xDE15, 0xC50E, 0xDE35, 0xE6D8, 0xCD91, 0xEEF9, 0xDE14, 0xC50E, 0xDE76, 0xE6B8, 0xCD4F, 0xD591, 0xEEB8,
    0xEEF9, 0xEEF9, 0xEEF9, 0xE676, 0xCD4F, 0xD5B2, 0xEEF9, 0xE6B8, 0xEED8, 0xCDB3, 0xC594, 0xA44D, 0xA3EB, 0x9BCA, 0xA3CA, 0x9BCA,
    0xFF9A, 0xFF9A, 0xFF9A, 0xFF9A, 0xFF9A, 0xFF9A, 0xFF7A, 0xFF99, 0xFF79, 0xFF79, 0xFF79, 0xFF79, 0xFF79, 0xFF79, 0xFF78, 0xFF77,
    0xFF77, 0xFF77, 0xFF57, 0xFF77, 0xFF77, 0xFF77, 0xFF77, 0xFF77, 0xFF77, 0xFF77, 0xFF77, 0xFF77, 0xFF78, 0xFF79, 0xFF7A, 0xFF7A,
    0xFF99, 0xFF99, 0xFF99, 0xFF99, 0xFF99, 0xFF99, 0xFF79, 0xFF37, 0xFF17, 0xFF37, 0xFF17, 0xFF17, 0xFF17, 0xFF17, 0xFF17, 0xFF17,
    0xFF17, 0xF717, 0xF717, 0xF717, 0xF717, 0xF717, 0xF717, 0xF717, 0xF717, 0xFF17, 0xF717, 0xF717, 0xF737, 0xF737, 0xFF79, 0xFF79,
    0xFF79, 0xFF99, 0xFF99, 0xFF9A, 0xFF9A, 0xFF9A, 0xFF79, 0xFF79, 0xFF79, 0xFF79, 0xFF7A, 0xFF7A, 0xFF7A, 0xFF7A, 0xFF7A, 0xFF7A,
    0xFF9A, 0xFF7A, 0xFF7A, 0xFF7A, 0xFF7A, 0xFF7A, 0xFF7A, 0xFF7A, 0xFF9A, 0xFF9A, 0xFF9A, 0xFF9A, 0xFF9A, 0xFF9A, 0xFF9A, 0xFF9A,
    0xFF9A, 0xFF9A, 0xFF9A, 0xFF9A, 0xFF9A, 0xFF9A, 0xFF37, 0xFF37, 0xFF37, 0xFF37, 0xFF37, 0xFF37, 0xFF37, 0xFF57, 0xFF37, 0xFF37,
    0xFF58, 0xFF58, 0xFF37, 0xFF37, 0xFF37, 0xFF37, 0xFF37, 0xFF37, 0xFF37, 0xFF37, 0xFF37, 0xFF37, 0xFF37, 0xFF38, 0xFF58, 0xFF38,
    0xFF38, 0xFF58, 0xFF58, 0xFF58, 0xFF58, 0xFF58, 0xFF38, 0xFF58, 0xFF38, 0xFF58, 0xFF58, 0xFF38, 0xFF38, 0xFF58, 0xFF58, 0xFF37,
    0xFF57, 0xFF37, 0xFF37, 0xFF58, 0xFF58, 0xFF37, 0xFF58, 0xFF58, 0xFF38, 0xFF38, 0xFF38, 0xFF57, 0xFF37, 0xFF37, 0xFF37, 0xFF37,
    0xFF37, 0xFF37, 0xFF37, 0xFF37, 0xFF37, 0xFF38, 0xFF38, 0xFF79, 0xFFBA, 0xFF9A, 0xFF9A, 0xFFBA, 0xFF99, 0xF737, 0xF718, 0xEEF6,
    0xE633, 0xE633, 0xE633, 0xE633, 0xDE13, 0xDE13, 0xDE13, 0xDE13, 0xDE13, 0xDDF2, 0xDDF2, 0xDDD2, 0xDDD2, 0xDDB0, 0xDDAF, 0xDDAE,
    0xDDAE, 0xDDAE, 0xDDAE, 0xDDAE, 0xDDAE, 0xDD8F, 0xD54F, 0xD5B2, 0xD5D3, 0xCD91, 0xD5D4, 0xCDB2, 0xCD2F, 0xD591, 0xEEF9, 0xEEB7,
    0xEED8, 0xCD92, 0xE697, 0xD5F3, 0xC50F, 0xE698, 0xEF1A, 0xF719, 0xF73A, 0xE677, 0xC50E, 0xDE76, 0xE6B8, 0xCD4F, 0xD570, 0xD5B2,
    0xDE35, 0xEED8, 0xD5D3, 0xD5B2, 0xCD2F, 0xD5F3, 0xE697, 0xC52F, 0xEE97, 0xC571, 0xD616, 0xCDF5, 0xA3EB, 0x9BCA, 0x9BCA, 0x9BCA,
    0xFF9A, 0xFF9A, 0xFF9A, 0xFF9A, 0xFF9A, 0xFF9A, 0xFF99, 0xFF9A, 0xFF79, 0xFF99, 0xFF9A, 0xFF79, 0xFF79, 0xFF79, 0xFF79, 0xFF79,
    0xFF78, 0xFF77, 0xFF77, 0xFF77, 0xFF77, 0xFF77, 0xFF77, 0xFF77, 0xFF77, 0xFF77, 0xFF77, 0xFF77, 0xFF77, 0xFF77, 0xFF79, 0xFF79,
    0xFF99, 0xFF99, 0xFF99, 0xFF99, 0xFF99, 0xFF9A, 0xFF7A, 0xFF38, 0xFF17, 0xFF17, 0xFF17, 0xFF17, 0xFF17, 0xFF17, 0xFF17, 0xFF17,
    0xFF17, 0xFF17, 0xFF17, 0xF717, 0xF717, 0xF717, 0xF717, 0xF717, 0xF717, 0xF717, 0xFF59, 0xFF79, 0xFF79, 0xFF79, 0xFF7A, 0xFF9A,
    0xFF9A, 0xFF9A, 0xFF9A, 0xFF9A, 0xFF9A, 0xFF9A, 0xFF99, 0xFF9A, 0xFF9A, 0xFF9A, 0xFF7A, 0xFF7A, 0xFF7A, 0xFF7A, 0xFF7A, 0xFF9A,
    0xFF7A, 0xFF7A, 0xFF7A, 0xFF7A, 0xFF7A, 0xFF9A, 0xFF9A, 0xFF7A, 0xFF9A, 0xFF9A, 0xFF9A, 0xFF9A, 0xFF9A, 0xFF9A, 0xFF9A, 0xFF9A,
    0xFF9A, 0xFF9A, 0xFF9A, 0xFF9A, 0xFF9A, 0xFF9A, 0xFF37, 0xFF37, 0xFF37, 0xFF37, 0xFF37, 0xFF37, 0xFF37, 0xFF37, 0xFF58, 0xFF37,
    0xFF37, 0xFF58, 0xFF37, 0xFF37, 0xFF37, 0xFF37, 0xFF37, 0xFF37, 0xFF37, 0xFF37, 0xFF37, 0xFF37, 0xFF37, 0xFF37, 0xFF37, 0xFF37,
    0xFF38, 0xFF58, 0xFF58, 0xFF58, 0xFF58, 0xFF58, 0xFF38, 0xFF38, 0xFF38, 0xFF38, 0xFF58, 0xFF58, 0xFF38, 0xFF38, 0xFF38, 0xFF37,
    0xFF37, 0xFF37, 0xFF37, 0xFF58, 0xFF58, 0xFF58, 0xFF58, 0xFF58, 0xFF58, 0xFF58, 0xFF58, 0xFF58, 0xFF57, 0xFF57, 0xFF37, 0xFF37,
    0xFF37, 0xFF37, 0xFF37, 0xFF37, 0xFF37, 0xFF37, 0xFF37, 0xFF58, 0xFFBA, 0xFF9A, 0xFF9A, 0xFF99, 0xFF9A, 0xFFBA, 0xFFBA, 0xFF79,
    0xE633, 0xE613, 0xE613, 0xE613, 0xE613, 0xE633, 0xE633, 0xE613, 0xE613, 0xDE13, 0xDE13, 0xDE12, 0xDDF0, 0xDDCF, 0xDDCE, 0xDDAE,
    0xDDAE, 0xDDAE, 0xDDAE, 0xDDAE, 0xDDAF, 0xD590, 0xCD4F, 0xDE35, 0xE697, 0xC50F, 0xE697, 0xDE35, 0xCD2F, 0xD5B2, 0xEEF8, 0xCDB2,
    0xCD71, 0xCD50, 0xCD71, 0xC54F, 0xCD70, 0xEEF9, 0xD5F3, 0xCD71, 0xD614, 0xEEF9, 0xC530, 0xDE56, 0xE6B8, 0xCD4F, 0xD570, 0xCD50,
    0xD5D3, 0xEED9, 0xCD50, 0xD571, 0xCD4F, 0xD614, 0xE676, 0xCD71, 0xE698, 0xD5D4, 0xD657, 0xB4F0, 0x9BA9, 0xA3CA, 0x9BCA, 0x9BCA,
    0xFF9A, 0xFF9A, 0xFF9A, 0xFF9A, 0xFF9A, 0xFF9A, 0xFF7A, 0xFF9A, 0xFF9A, 0xFF9A, 0xFF9A, 0xFF7A, 0xFF99, 0xFF79, 0xFF79, 0xFF79,
    0xFF79, 0xFF77, 0xFF77, 0xFF77, 0xFF77, 0xFF77, 0xFF77, 0xFF77, 0xFF77, 0xFF77, 0xFF77, 0xFF77, 0xFF77, 0xFF77, 0xFF77, 0xFF77,
    0xFF99, 0xFF99, 0xFF9A, 0xFF9A, 0xFF99, 0xFF9A, 0xFF7A, 0xFF59, 0xFF37, 0xFF37, 0xFF17, 0xFF17, 0xFF17, 0xFF17, 0xFF17, 0xFF17,
    0xFF17, 0xFF17, 0xFF17, 0xFF17, 0xFF37, 0xFF37, 0xFF37, 0xFF37, 0xF718, 0xFF58, 0xFF9A, 0xFF9A, 0xFF9A, 0xFF9A, 0xFF9A, 0xFF9A,
    0xFF9A, 0xFF9A, 0xFF9A, 0xFF9A, 0xFF7A, 0xFF7A, 0xFF7A, 0xFF9A, 0xFF9A, 0xFF9A, 0xFF7A, 0xFF7A, 0xFF7A, 0xFF7A, 0xFF7A, 0xFF7A,
    0xFF7A, 0xFF7A, 0xFF7A, 0xFF9A, 0xFF9A, 0xFF9A, 0xFF9A, 0xFF9A, 0xFF9A, 0xFF9A, 0xFFBA, 0xFF9A, 0xFF9A, 0xFF9A, 0xFF9A, 0xFF9A,
    0xFF9A, 0xFF9A, 0xFF9A, 0xFF9A, 0xFF9A, 0xFF9A, 0xFF37, 0xFF37, 0xFF37, 0xFF37, 0xFF37, 0xFF37, 0xFF37, 0xFF37, 0xFF57, 0xFF37,
    0xFF37, 0xFF37, 0xFF37, 0xFF37, 0xFF37, 0xFF37, 0xFF37, 0xFF37, 0xFF37, 0xFF37, 0xFF37, 0xFF37, 0xFF37, 0xFF37, 0xFF37, 0xFF37,
    0xFF38, 0xFF38, 0xFF58, 0xFF58, 0xFF58, 0xFF58, 0xFF58, 0xFF58, 0xFF38, 0xFF38, 0xFF38, 0xFF58, 0xFF38, 0xFF38, 0xFF38, 0xFF37,
    0xFF58, 0xFF37, 0xFF58, 0xFF58, 0xFF58, 0xFF58, 0xFF58, 0xFF58, 0xFF58, 0xFF58, 0xFF58, 0xFF58, 0xFF57, 0xFF57, 0xFF37, 0xFF37,
    0xFF37, 0xFF37, 0xFF37, 0xFF37, 0xFF37, 0xFF37, 0xFF37, 0xFF58, 0xFF9A, 0xFF9A, 0xFF9A, 0xFF9A, 0xFF99, 0xFF99, 0xFF99, 0xFF79,
    0xF738, 0xF738, 0xF738, 0xF758, 0xF717, 0xE654, 0xE633, 0xE633, 0xE633, 0xE633, 0xE633, 0xE612, 0xDDF0, 0xDDCF, 0xDDCF, 0xDDCF,
    0xDDAE, 0xDDAE, 0xDDAE, 0xDDAF, 0xDDAF, 0xD56F, 0xDE35, 0xEF19, 0xEEF9, 0xEEF9, 0xEEF9, 0xEF19, 0xDE55, 0xCD50, 0xEED8, 0xEED9,
    0xEED8, 0xE6D8, 0xEED9, 0xCD91, 0xD5D2, 0xE6B8, 0xC54F, 0xCD4F, 0xCD50, 0xE6D8, 0xCD92, 0xDE35, 0xE6B7, 0xC52F, 0xE656, 0xEF1A,
    0xEEF9, 0xEEF9, 0xEEF9, 0xEF1A, 0xD5B2, 0xDE14, 0xDE35, 0xDE35, 0xF719, 0xBD10, 0xAC8F, 0xCDB4, 0x9BAA, 0x9BCA, 0x9BCA, 0x9BAA,
    0xFF9A, 0xFF9A, 0xFF9A, 0xFF9A, 0xFF9A, 0xFF7A, 0xFF7A, 0xFF7A, 0xFF7A, 0xFF7A, 0xFF7A, 0xFF9A, 0xFF99, 0xFF99, 0xFF79, 0xFF79,
    0xFF79, 0xFF79, 0xFF78, 0xFF77, 0xFF77, 0xFF77, 0xFF77, 0xFF77, 0xFF77, 0xFF77, 0xFF77, 0xFF77, 0xFF77, 0xFF77, 0xFF77, 0xFF77,
    0xFF78, 0xFF99, 0xFF99, 0xFF9A, 0xFF9A, 0xFF7A, 0xFF7A, 0xFF7A, 0xFF37, 0xFF37, 0xFF17, 0xFF17, 0xFF17, 0xFF17, 0xFF17, 0xFF17,
    0xFF17, 0xFF17, 0xFF17, 0xFF17, 0xFF37, 0xFF9A, 0xFF9A, 0xFF9A, 0xFF9A, 0xFF9A, 0xFF7A, 0xFF7A, 0xFF7A, 0xFF7A, 0xFF9A, 0xFF9A,
    0xFF9A, 0xFF9A, 0xFF9A, 0xFF9A, 0xFF7A, 0xFF7A, 0xFF7A, 0xFF9A, 0xFF7A, 0xFF7A, 0xFF7A, 0xFF7A, 0xFF7A, 0xFF7A, 0xFF7A, 0xFF7A,
    0xFF7A, 0xFF7A, 0xFF9A, 0xFF9A, 0xFF9A, 0xFF9A, 0xFF9A, 0xFF9A, 0xFF9A, 0xFF9A, 0xFF9A, 0xFF9A, 0xFF9A, 0xFF9A, 0xFF9A, 0xFF9A,
    0xFF9A, 0xFF9A, 0xFF9A, 0xFF9A, 0xFF9A, 0xFF9A, 0xFF9A, 0xFF79, 0xFF37, 0xFF37, 0xFF37, 0xFF37, 0xFF37, 0xFF37, 0xFF37, 0xFF37,
    0xFF37, 0xFF37, 0xFF37, 0xFF37, 0xFF37, 0xFF37, 0xFF37, 0xFF37, 0xFF37, 0xFF37, 0xFF37, 0xFF37, 0xFF37, 0xFF37, 0xFF37, 0xFF37,
    0xFF57, 0xFF57, 0xFF58, 0xFF58, 0xFF58, 0xFF58, 0xFF58, 0xFF58, 0xFF58, 0xFF38, 0xFF38, 0xFF38, 0xFF58, 0xFF58, 0xFF58, 0xFF58,
    0xFF58, 0xFF58, 0xFF58, 0xFF58, 0xFF58, 0xFF58, 0xFF58, 0xFF58, 0xFF58, 0xFF58, 0xFF58, 0xFF57, 0xFF57, 0xFF57, 0xFF37, 0xFF37,
    0xFF37, 0xFF37, 0xFF37, 0xFF58, 0xFF58, 0xFF58, 0xFF37, 0xFF58, 0xFFBA, 0xFF9A, 0xFF99, 0xFF99, 0xFF99, 0xFF99, 0xFF99, 0xFF9A,
    0xFFBA, 0xFFBA, 0xFFBA, 0xFFDB, 0xFF79, 0xE654, 0xE654, 0xE654, 0xE634, 0xE633, 0xE633, 0xE611, 0xE5F0, 0xDDAF, 0xDDCF, 0xDDAE,
    0xDDAE, 0xDDAE, 0xDDAE, 0xDDAF, 0xDD8F, 0xD56F, 0xD591, 0xD5B2, 0xD5B1, 0xD5B2, 0xD591, 0xD5B2, 0xCD91, 0xD54F, 0xCD71, 0xD5B1,
    0xD5B1, 0xD591, 0xD591, 0xCD4F, 0xCD70, 0xCD71, 0xD550, 0xD570, 0xCD70, 0xCD71, 0xD570, 0xCD70, 0xD570, 0xD54F, 0xCD91, 0xD5B2,
    0xD5B1, 0xD5B1, 0xD5B1, 0xD5B2, 0xD570, 0xD591, 0xD570, 0xD591, 0xC530, 0xA3EA, 0x8B48, 0xA42C, 0xA3CA, 0x9BCA, 0x9BCA, 0x8B48,
    0xFF9A, 0xFF9A, 0xFF9A, 0xFF9A, 0xFF9A, 0xFF7A, 0xFF7A, 0xFF7A, 0xFF7A, 0xFF7A, 0xFF7A, 0xFF9A, 0xFF99, 0xFF99, 0xFF99, 0xFF79,
    0xFF79, 0xFF79, 0xFF79, 0xFF78, 0xFF77, 0xFF77, 0xFF77, 0xFF77, 0xFF77, 0xFF77, 0xFF77, 0xFF77, 0xFF77, 0xFF77, 0xFF77, 0xFF77,
    0xFF77, 0xFF78, 0xFF78, 0xFF99, 0xFF9A, 0xFF79, 0xFF99, 0xFF99, 0xFF37, 0xFF37, 0xFF17, 0xFF17, 0xFF17, 0xFF17, 0xFF37, 0xFF38,
    0xFF79, 0xFF79, 0xFF79, 0xFF58, 0xFF78, 0xFF9A, 0xFF9A, 0xFF9A, 0xFF7A, 0xFF7A, 0xFF7A, 0xFF7A, 0xFF7A, 0xFF9A, 0xFF9A, 0xFF9A,
    0xFF9A, 0xFF9A, 0xFF9A, 0xFF9A, 0xFF9A, 0xFF9A, 0xFF9A, 0xFF9A, 0xFF7A, 0xFF9A, 0xFF9A, 0xFF7A, 0xFF7A, 0xFF9A, 0xFF7A, 0xFF9A,
    0xFF9A, 0xFF9A, 0xFF9A, 0xFF9A, 0xFF9A, 0xFF9A, 0xFF9A, 0xFF9A, 0xFF9A, 0xFF9A, 0xFF9A, 0xFFBA, 0xFF9A, 0xFF9A, 0xFF9A, 0xFF9A,
    0xFF9A, 0xFF9A, 0xFF9A, 0xFF9A, 0xFF9A, 0xFF9A, 0xFFBB, 0xFF79, 0xFF37, 0xFF37, 0xFF37, 0xFF37, 0xFF37, 0xFF37, 0xFF37, 0xFF37,
    0xFF58, 0xFF58, 0xFF57, 0xFF37, 0xFF37, 0xFF37, 0xFF37, 0xFF37, 0xFF37, 0xFF37, 0xFF37, 0xFF37, 0xFF37, 0xFF37, 0xFF37, 0xFF57,
    0xFF57, 0xFF57, 0xFF58, 0xFF58, 0xFF58, 0xFF58, 0xFF58, 0xFF58, 0xFF58, 0xFF58, 0xFF58, 0xFF58, 0xFF58, 0xFF58, 0xFF58, 0xFF58,
    0xFF58, 0xFF58, 0xFF58, 0xFF58, 0xFF58, 0xFF58, 0xFF58, 0xFF58, 0xFF58, 0xFF58, 0xFF58, 0xFF57, 0xFF57, 0xFF57, 0xFF57, 0xFF37,
    0xFF37, 0xFF37, 0xFF37, 0xFF58, 0xFF58, 0xFF58, 0xFF37, 0xFF58, 0xFF79, 0xFF99, 0xFF9A, 0xFF9A, 0xFF99, 0xFF99, 0xFF99, 0xFF99,
    0xFF99, 0xFF99, 0xFF99, 0xFF9A, 0xFF99, 0xFF58, 0xFF58, 0xF758, 0xF738, 0xFF38, 0xF716, 0xEE92, 0xEE71, 0xEE50, 0xE630, 0xE60F,
    0xE5EF, 0xE5EF, 0xE5EF, 0xDDCF, 0xDDB0, 0xDDB0, 0xDD90, 0xD570, 0xD570, 0xD56F, 0xD56F, 0xD56F, 0xD570, 0xD570, 0xD56F, 0xD54F,
    0xCD4F, 0xCD4F, 0xD54F, 0xD570, 0xCD50, 0xD570, 0xD570, 0xD570, 0xD570, 0xD570, 0xD570, 0xD570, 0xD570, 0xD570, 0xD570, 0xD56F,
    0xD570, 0xD570, 0xD570, 0xD56F, 0xD590, 0xD570, 0xD570, 0xDDB1, 0xAC0B, 0x82E7, 0x9BCA, 0x9BAA, 0xA3CA, 0x9BCA, 0x8B69, 0x8307,
    0xFF9A, 0xFF9A, 0xFF9A, 0xFF9A, 0xFF9A, 0xFF9A, 0xFF9A, 0xFF9A, 0xFF9A, 0xFF9A, 0xFF9A, 0xFF9A, 0xFF99, 0xFF99, 0xFF99, 0xFF79,
    0xFF79, 0xFF79, 0xFF79, 0xFF79, 0xFF78, 0xFF77, 0xFF77, 0xFF77, 0xFF77, 0xFF77, 0xFF77, 0xFF77, 0xFF77, 0xFF77, 0xFF77, 0xFF77,
    0xFF77, 0xFF77, 0xFF77, 0xFF78, 0xFF7A, 0xFF99, 0xFF99, 0xFF99, 0xFF37, 0xFF17, 0xFF37, 0xFF37, 0xFF37, 0xFF37, 0xFF37, 0xFF38,
    0xFF99, 0xFFBA, 0xFF9A, 0xFF9A, 0xFF9A, 0xFF9A, 0xFF9A, 0xFF9A, 0xFF7A, 0xFF7A, 0xFF7A, 0xFF7A, 0xFF7A, 0xFF9A, 0xFF9A, 0xFF9A,
    0xFF9A, 0xFF9A, 0xFF9A, 0xFF9A, 0xFF9A, 0xFF9A, 0xFF9A, 0xFF9A, 0xFF9A, 0xFF9A, 0xFF9A, 0xFF9A, 0xFF9A, 0xFF9A, 0xFF9A, 0xFF9A,
    0xFFBA, 0xFF9A, 0xFF9A, 0xFF9A, 0xFF9A, 0xFF9A, 0xFF9A, 0xFF9A, 0xFF9A, 0xFF9A, 0xFF9A, 0xFF9A, 0xFF9A, 0xFF9A, 0xFF9A, 0xFF9A,
    0xFF9A, 0xFF9A, 0xFF9A, 0xFF9A, 0xFF9A, 0xFFBA, 0xFFBA, 0xFF79, 0xFF58, 0xFF57, 0xFF57, 0xFF57, 0xFF57, 0xFF37, 0xFF37, 0xFF37,
    0xFF58, 0xFF58, 0xFF58, 0xFF58, 0xFF57, 0xFF37, 0xFF37, 0xFF37, 0xFF37, 0xFF37, 0xFF37, 0xFF37, 0xFF37, 0xFF37, 0xFF37, 0xFF57,
    0xFF57, 0xFF57, 0xFF57, 0xFF58, 0xFF58, 0xFF58, 0xFF58, 0xFF58, 0xFF58, 0xFF58, 0xFF58, 0xFF58, 0xFF58, 0xFF58, 0xFF58, 0xFF58,
    0xFF57, 0xFF57, 0xFF57, 0xFF58, 0xFF58, 0xFF58, 0xFF58, 0xFF58, 0xFF58, 0xFF58, 0xFF58, 0xFF58, 0xFF57, 0xFF57, 0xFF57, 0xFF57,
    0xFF58, 0xFF57, 0xFF58, 0xFF58, 0xFF58, 0xFF58, 0xFF57, 0xFF58, 0xFF37, 0xFF78, 0xFF99, 0xFF99, 0xFF99, 0xFF99, 0xFF99, 0xFF99,
    0xFF99, 0xFF99, 0xFF99, 0xFF99, 0xFF9A, 0xFFBA, 0xFF9A, 0xFFBA, 0xFF99, 0xFF99, 0xFF77, 0xFEF3, 0xFEF2, 0xFEF2, 0xEE50, 0xEE30,
    0xEE30, 0xEE30, 0xEE30, 0xE5F0, 0xDDB1, 0xDDB0, 0xDDB0, 0xDDB1, 0xDD90, 0xD590, 0xD590, 0xD590, 0xD570, 0xD570, 0xD570, 0xD570,
    0xD570, 0xD570, 0xD570, 0xD56F, 0xD570, 0xCD70, 0xCD70, 0xCD70, 0xD570, 0xD570, 0xD570, 0xD570, 0xD570, 0xD570, 0xD570, 0xD570,
    0xD570, 0xD570, 0xD570, 0xD570, 0xD590, 0xD590, 0xD590, 0xDDB1, 0xAC4B, 0x8307, 0x9BCA, 0xA3CA, 0x9BCA, 0x9BCA, 0x8B28, 0x7AE7,
    0xFF9A, 0xFF9A, 0xFF9A, 0xFF9A, 0xFF9A, 0xFF9A, 0xFF9A, 0xFF9A, 0xFF9A, 0xFF9A, 0xFF99, 0xFF99, 0xFF99, 0xFF99, 0xFF99, 0xFF79,
    0xFF79, 0xFF79, 0xFF78, 0xFF78, 0xFF78, 0xFF78, 0xFF78, 0xFF77, 0xFF77, 0xFF77, 0xFF77, 0xFF77, 0xFF77, 0xFF77, 0xFF77, 0xFF77,
    0xFF77, 0xFF77, 0xFF77, 0xFF77, 0xFF77, 0xFF77, 0xFF77, 0xFF57, 0xFF37, 0xFF37, 0xFF37, 0xF737, 0xFF79, 0xFF99, 0xFF99, 0xFF99,
    0xFF99, 0xFF9A, 0xFF9A, 0xFF9A, 0xFF9A, 0xFF9A, 0xFF9A, 0xFF9A, 0xFF9A, 0xFF9A, 0xFF9A, 0xFF9A, 0xFF9A, 0xFF9A, 0xFF9A, 0xFF9A,
    0xFF9A, 0xFF9A, 0xFF9A, 0xFF9A, 0xFF9A, 0xFF9A, 0xFF9A, 0xFF9A, 0xFF9A, 0xFF9A, 0xFF9A, 0xFF9A, 0xFF9A, 0xFF9A, 0xFF9A, 0xFF9A,
    0xFF9A, 0xFF9A, 0xFF9A, 0xFF9A, 0xFF9A, 0xFF9A, 0xFF9A, 0xFF9A, 0xFF9A, 0xFF9A, 0xFF9A, 0xFF9A, 0xFF9A, 0xFF9A, 0xFF9A, 0xFF9A,
    0xFF9A, 0xFF9A, 0xFF9A, 0xFF9A, 0xFF9A, 0xFFBA, 0xFFBA, 0xFFBA, 0xFF99, 0xFF37, 0xFF57, 0xFF58, 0xFF58, 0xFF37, 0xFF37, 0xFF57,
    0xFF58, 0xFF58, 0xFF58, 0xFF58, 0xFF58, 0xFF37, 0xFF37, 0xFF37, 0xFF37, 0xFF37, 0xFF37, 0xFF37, 0xFF37, 0xFF37, 0xFF37, 0xFF57,
    0xFF57, 0xFF57, 0xFF57, 0xFF58, 0xFF58, 0xFF58, 0xFF58, 0xFF57, 0xFF58, 0xFF58, 0xFF58, 0xFF58, 0xFF58, 0xFF58, 0xFF58, 0xFF58,
    0xFF57, 0xFF57, 0xFF57, 0xFF58, 0xFF58, 0xFF58, 0xFF58, 0xFF58, 0xFF58, 0xFF58, 0xFF58, 0xFF58, 0xFF57, 0xFF57, 0xFF57, 0xFF57,
    0xFF57, 0xFF57, 0xFF58, 0xFF58, 0xFF58, 0xFF58, 0xFF58, 0xFF58, 0xFF58, 0xFF78, 0xFF99, 0xFF99, 0xFF99, 0xFF99, 0xFF99, 0xFF99,
    0xFF99, 0xFF99, 0xFF99, 0xFF9A, 0xFF9A, 0xFF99, 0xFF99, 0xFF9A, 0xFF99, 0xFF76, 0xFF75, 0xFF34, 0xFF33, 0xFF13, 0xF671, 0xEE51,
    0xEE50, 0xEE30, 0xEE30, 0xE611, 0xE5F1, 0xE5F1, 0xE5F1, 0xE5D1, 0xDDB1, 0xDDB0, 0xD590, 0xD590, 0xD570, 0xD570, 0xD570, 0xD570,
    0xD570, 0xD570, 0xD570, 0xD570, 0xD570, 0xD570, 0xD56F, 0xD570, 0xD570, 0xD570, 0xD570, 0xD570, 0xD570, 0xD570, 0xD570, 0xD570,
    0xD590, 0xD590, 0xD590, 0xD570, 0xD590, 0xD590, 0xD590, 0xDDD1, 0xAC2B, 0x82E7, 0x9BAA, 0x9BCA, 0x9BCA, 0x9BCA, 0x8B28, 0x7AE7,
    0xFF9A, 0xFF9A, 0xFF9A, 0xFF9A, 0xFF9A, 0xFF9A, 0xFF9A, 0xFF9A, 0xFF9A, 0xFF9A, 0xFF9A, 0xFF99, 0xFF99, 0xFF99, 0xFF99, 0xFF79,
    0xFF79, 0xFF79, 0xFF98, 0xFF78, 0xFF78, 0xFF98, 0xFF98, 0xFF77, 0xFF77, 0xFF97, 0xFF77, 0xFF77, 0xFF77, 0xFF77, 0xFF77, 0xFF77,
    0xFF77, 0xFF97, 0xFF77, 0xFF77, 0xFF77, 0xFF77, 0xFF77, 0xFF57, 0xFF57, 0xFF79, 0xFF79, 0xFF79, 0xFF99, 0xFF9A, 0xFF9A, 0xFF9A,
    0xFF9A, 0xFF9A, 0xFF9A, 0xFF9A, 0xFF9A, 0xFF9A, 0xFF9A, 0xFF9A, 0xFF9A, 0xFF9A, 0xFF99, 0xFF9A, 0xFF9A, 0xFF9A, 0xFF9A, 0xFF9A,
    0xFFBA, 0xFFBA, 0xFFBA, 0xFF9A, 0xFFBA, 0xFF9A, 0xFF9A, 0xFF9A, 0xFF9A, 0xFF9A, 0xFF9A, 0xFF9A, 0xFF9A, 0xFFBA, 0xFFBA, 0xFFBA,
    0xFF9A, 0xFF9A, 0xFFBA, 0xFFBA, 0xFFBA, 0xFFBA, 0xFFBA, 0xFF9A, 0xFFBA, 0xFF9A, 0xFF9A, 0xFFBA, 0xFFBA, 0xFFBA, 0xFFBA, 0xFFBA,
    0xFFBA, 0xFF9A, 0xFFBA, 0xFFBA, 0xFFBA, 0xFFBA, 0xFF9A, 0xFFBA, 0xFF9A, 0xFF58, 0xFF57, 0xFF58, 0xFF58, 0xFF57, 0xFF57, 0xFF57,
    0xFF58, 0xFF58, 0xFF58, 0xFF58, 0xFF58, 0xFF57, 0xFF57, 0xFF57, 0xFF37, 0xFF37, 0xFF37, 0xFF37, 0xFF57, 0xFF57, 0xFF57, 0xFF57,
    0xFF57, 0xFF57, 0xFF58, 0xFF58, 0xFF58, 0xFF57, 0xFF57, 0xFF57, 0xFF58, 0xFF58, 0xFF58, 0xFF57, 0xFF58, 0xFF58, 0xFF58, 0xFF58,
    0xFF57, 0xFF57, 0xFF58, 0xFF58, 0xFF58, 0xFF58, 0xFF58, 0xFF58, 0xFF58, 0xFF58, 0xFF58, 0xFF58, 0xFF57, 0xFF57, 0xFF57, 0xFF57,
    0xFF57, 0xFF57, 0xFF57, 0xFF58, 0xFF58, 0xFF58, 0xFF58, 0xFF58, 0xFF58, 0xFF58, 0xFF79, 0xFFBA, 0xFFBA, 0xFFBA, 0xFFBA, 0xFF99,
    0xFF99, 0xFFBA, 0xFF9A, 0xFF9A, 0xFF9A, 0xFF9A, 0xFF99, 0xFF9A, 0xFF99, 0xFF76, 0xFF75, 0xFF75, 0xFF75, 0xFF75, 0xFF54, 0xFF34,
    0xFF33, 0xF6B2, 0xEE31, 0xEE31, 0xE631, 0xE631, 0xE611, 0xE611, 0xDDD1, 0xDDB0, 0xDD90, 0xD590, 0xD590, 0xD570, 0xD570, 0xD570,
    0xD570, 0xD570, 0xD570, 0xD570, 0xD570, 0xD570, 0xD570, 0xD570, 0xD570, 0xD570, 0xD570, 0xD590, 0xD570, 0xD570, 0xD590, 0xD590,
    0xD590, 0xD590, 0xD590, 0xD590, 0xD590, 0xD590, 0xD590, 0xDDD1, 0xAC2B, 0x82E7, 0x9BAA, 0x9BCA, 0x9BAA, 0x9BCA, 0x8B28, 0x7AE7,
};

#endif // PET_IDLE_H
